Igehely	Szósorszám	Strong-szám	Angol szó
Exo.1.1	1	H8034	Now these are the names
Exo.1.1	2	H1121	of the sons
Exo.1.1	3	H3478	of Israel,
Exo.1.1	4	H935	who came
Exo.1.1	5	H4714	into Egypt
Exo.1.1	6	H376	(every man
Exo.1.1	7	H1004	and his household
Exo.1.1	8	H935	came
Exo.1.1	9	H3290	with Jacob):
Exo.1.2	1	H7205	Reuben,
Exo.1.2	2	H8095	Simeon,
Exo.1.2	3	H3878	Levi,
Exo.1.2	4	H3063	and Judah,
Exo.1.3	1	H3485	Issachar,
Exo.1.3	2	H2074	Zebulun,
Exo.1.3	3	H1144	and Benjamin,
Exo.1.4	1	H1835	Dan
Exo.1.4	2	H5321	and Naphtali,
Exo.1.4	3	H1410	Gad
Exo.1.4	4	H836	and Asher.
Exo.1.5	1	H5315	And all the souls
Exo.1.5	2	H3318	that came out
Exo.1.5	3	H3409	of the loins
Exo.1.5	4	H3290	of Jacob
Exo.1.5	5	H7657	were seventy
Exo.1.5	6	H5315	souls:
Exo.1.5	7	H3130	and Joseph
Exo.1.5	8	H4714	was in Egypt already.
Exo.1.6	1	H3130	And Joseph
Exo.1.6	2	H4191	died,
Exo.1.6	3	H251	and all his brethren,
Exo.1.6	4	H1755	and all that generation.
Exo.1.7	1	H1121	And the children
Exo.1.7	2	H3478	of Israel
Exo.1.7	3	H6509	were fruitful,
Exo.1.7	4	H8317	and increased abundantly,
Exo.1.7	5	H7235	and multiplied,
Exo.1.7	6	H3966	and waxed exceeding
Exo.1.7	7	H6105	mighty;
Exo.1.7	8	H776	and the land
Exo.1.7	9	H4390	was filled with them.
Exo.1.8	1	H6965	Now there arose
Exo.1.8	2	H2319	a new
Exo.1.8	3	H4428	king
Exo.1.8	4	H4714	over Egypt,
Exo.1.8	5	H3045	who knew
Exo.1.8	6	H3130	not Joseph.
Exo.1.9	1	H559	And he said
Exo.1.9	2	H5971	unto his people,
Exo.1.9	3	H5971	Behold, the people
Exo.1.9	4	H1121	of the children
Exo.1.9	5	H3478	of Israel
Exo.1.9	6	H7227	are more
Exo.1.9	7	H6099	and mightier than we:
Exo.1.10	1	H3051	come,
Exo.1.10	2	H2449	let us deal wisely
Exo.1.10	3	H7235	with them, lest they multiply,
Exo.1.10	4	H7122	and it come to pass, that, when there falleth out
Exo.1.10	5	H4421	any war,
Exo.1.10	6	H1931	they
Exo.1.10	7	H3254	also join
Exo.1.10	8	H8130	themselves unto our enemies,
Exo.1.10	9	H3898	and fight
Exo.1.10	10	H5927	against us, and get them up
Exo.1.10	11	H776	out of the land.
Exo.1.11	1	H7760	Therefore they did set
Exo.1.11	2	H4522	over them taskmasters
Exo.1.11	3	H6031	to afflict
Exo.1.11	4	H5450	them with their burdens.
Exo.1.11	5	H1129	And they built
Exo.1.11	6	H6547	for Pharaoh
Exo.1.11	7	H4543	store-cities,
Exo.1.11	8	H6619	Pithom
Exo.1.11	9	H7486	and Raamses.
Exo.1.12	1	H6031	But the more they afflicted
Exo.1.12	2	H3651	them, the more
Exo.1.12	3	H7235	they multiplied
Exo.1.12	4	H6555	and the more they spread abroad.
Exo.1.12	5	H6973	And they were grieved
Exo.1.12	6	H6440	because
Exo.1.12	7	H1121	of the children
Exo.1.12	8	H3478	of Israel.
Exo.1.13	1	H4714	And the Egyptians
Exo.1.13	2	H5647	made
Exo.1.13	3	H1121	the children
Exo.1.13	4	H3478	of Israel
Exo.1.13	5	H5647	to serve
Exo.1.13	6	H6531	with rigor:
Exo.1.14	1	H4843	and they made
Exo.1.14	2	H2416	their lives
Exo.1.14	3	H4843	bitter
Exo.1.14	4	H7186	with hard
Exo.1.14	5	H5656	service,
Exo.1.14	6	H2563	in mortar
Exo.1.14	7	H3843	and in brick,
Exo.1.14	8	H5656	and in all manner of service
Exo.1.14	9	H7704	in the field,
Exo.1.14	10	H5656	all their service,
Exo.1.14	11	H5647	wherein they made them serve
Exo.1.14	12	H6531	with rigor.
Exo.1.15	1	H4428	And the king
Exo.1.15	2	H4714	of Egypt
Exo.1.15	3	H559	spake
Exo.1.15	4	H5680	to the Hebrew
Exo.1.15	5	H3205	midwives,
Exo.1.15	6	H8034	of whom the name
Exo.1.15	7	H259	of the one
Exo.1.15	8	H8236	was Shiphrah,
Exo.1.15	9	H8034	and the name
Exo.1.15	10	H8145	of the other
Exo.1.15	11	H6326	Puah:
Exo.1.16	1	H559	and he said,
Exo.1.16	2	H3205	When ye do the office of a midwife
Exo.1.16	3	H5680	to the Hebrew women,
Exo.1.16	4	H7200	and see
Exo.1.16	5	H70	them upon the birth-stool;
Exo.1.16	6	H1121	if it be a son,
Exo.1.16	7	H4191	then ye shall kill
Exo.1.16	8	H1323	him; but if it be a daughter,
Exo.1.16	9	H2425	then she shall live.
Exo.1.17	1	H3205	But the midwives
Exo.1.17	2	H3372	feared
Exo.1.17	3	H430	God,
Exo.1.17	4	H6213	and did
Exo.1.17	5	H4428	not as the king
Exo.1.17	6	H4714	of Egypt
Exo.1.17	7	H1696	commanded
Exo.1.17	8	H2421	them, but saved
Exo.1.17	9	H3206	the men-children
Exo.1.17	10	H2421	alive.
Exo.1.18	1	H4428	And the king
Exo.1.18	2	H4714	of Egypt
Exo.1.18	3	H7121	called
Exo.1.18	4	H3205	for the midwives,
Exo.1.18	5	H559	and said
Exo.1.18	6	H4069	unto them, Why
Exo.1.18	7	H6213	have ye done
Exo.1.18	8	H1697	this thing,
Exo.1.18	9	H2421	and have saved
Exo.1.18	10	H3206	the men-children
Exo.1.18	11	H2421	alive?
Exo.1.19	1	H3205	And the midwives
Exo.1.19	2	H559	said
Exo.1.19	3	H6547	unto Pharaoh,
Exo.1.19	4	H5680	Because the Hebrew
Exo.1.19	5	H802	women
Exo.1.19	6	H4713	are not as the Egyptian women;
Exo.1.19	7	H2422	for they are lively,
Exo.1.19	8	H3205	and are delivered
Exo.1.19	9	H2962	ere
Exo.1.19	10	H3205	the midwife
Exo.1.19	11	H935	come unto them.
Exo.1.20	1	H430	And God
Exo.1.20	2	H3190	dealt well
Exo.1.20	3	H3205	with the midwives:
Exo.1.20	4	H5971	and the people
Exo.1.20	5	H7235	multiplied,
Exo.1.20	6	H3966	and waxed very
Exo.1.20	7	H6105	mighty.
Exo.1.21	1	H3205	And it came to pass, because the midwives
Exo.1.21	2	H3372	feared
Exo.1.21	3	H430	God,
Exo.1.21	4	H6213	that he made
Exo.1.21	5	H1004	them households.
Exo.1.22	1	H6547	And Pharaoh
Exo.1.22	2	H6680	charged
Exo.1.22	3	H5971	all his people,
Exo.1.22	4	H559	saying,
Exo.1.22	5	H1121	Every son
Exo.1.22	6	H3209	that is born
Exo.1.22	7	H7993	ye shall cast
Exo.1.22	8	H2975	into the river,
Exo.1.22	9	H1323	and every daughter
Exo.1.22	10	H2421	ye shall save alive.
Exo.2.1	1	H3212	And there went
Exo.2.1	2	H376	a man
Exo.2.1	3	H1004	of the house
Exo.2.1	4	H3878	of Levi,
Exo.2.1	5	H3947	and took
Exo.2.1	6	H1323	to wife a daughter
Exo.2.1	7	H3878	of Levi.
Exo.2.2	1	H802	And the woman
Exo.2.2	2	H2029	conceived,
Exo.2.2	3	H3205	and bare
Exo.2.2	4	H1121	a son:
Exo.2.2	5	H7200	and when she saw
Exo.2.2	6	H2896	him that he was a goodly
Exo.2.2	7	H6845	child, she hid
Exo.2.2	8	H7969	him three
Exo.2.2	9	H3391	months.
Exo.2.3	1	H3201	And when she could
Exo.2.3	2	H5750	not longer
Exo.2.3	3	H6845	hide
Exo.2.3	4	H3947	him, she took
Exo.2.3	5	H8392	for him an ark
Exo.2.3	6	H1573	of bulrushes,
Exo.2.3	7	H2560	and daubed
Exo.2.3	8	H2564	it with slime
Exo.2.3	9	H2203	and with pitch;
Exo.2.3	10	H7760	and she put
Exo.2.3	11	H3206	the child
Exo.2.3	12	H7760	therein, and laid
Exo.2.3	13	H5488	it in the flags
Exo.2.3	14	H2975	by the river's
Exo.2.3	15	H8193	brink.
Exo.2.4	1	H269	And his sister
Exo.2.4	2	H3320	stood
Exo.2.4	3	H7350	afar off,
Exo.2.4	4	H3045	to know
Exo.2.4	5	H6213	what would be done to him.
Exo.2.5	1	H1323	And the daughter
Exo.2.5	2	H6547	of Pharaoh
Exo.2.5	3	H3381	came down
Exo.2.5	4	H7364	to bathe
Exo.2.5	5	H2975	at the river;
Exo.2.5	6	H5291	and her maidens
Exo.2.5	7	H1980	walked
Exo.2.5	8	H2975	along by the
Exo.2.5	9	H3027	river-side;
Exo.2.5	10	H7200	and she saw
Exo.2.5	11	H8392	the ark
Exo.2.5	12	H8432	among
Exo.2.5	13	H5488	the flags,
Exo.2.5	14	H7971	and sent
Exo.2.5	15	H519	her handmaid
Exo.2.5	16	H3947	to fetch it.
Exo.2.6	1	H6605	And she opened
Exo.2.6	2	H7200	it, and saw
Exo.2.6	3	H3206	the child:
Exo.2.6	4	H5288	and, behold, the babe
Exo.2.6	5	H1058	wept.
Exo.2.6	6	H2550	And she had compassion
Exo.2.6	7	H559	on him, and said,
Exo.2.6	8	H5680	This is one of the Hebrews'
Exo.2.6	9	H3206	children.
Exo.2.7	1	H559	Then said
Exo.2.7	2	H269	his sister
Exo.2.7	3	H6547	to Pharaoh's
Exo.2.7	4	H1323	daughter,
Exo.2.7	5	H3212	Shall I go
Exo.2.7	6	H7121	and call
Exo.2.7	7	H3243	thee a nurse
Exo.2.7	8	H5680	of the Hebrew
Exo.2.7	9	H802	women,
Exo.2.7	10	H3243	that she may nurse
Exo.2.7	11	H3206	the child for thee?
Exo.2.8	1	H6547	And Pharaoh's
Exo.2.8	2	H1323	daughter
Exo.2.8	3	H559	said
Exo.2.8	4	H3212	to her, Go.
Exo.2.8	5	H5959	And the maiden
Exo.2.8	6	H3212	went
Exo.2.8	7	H7121	and called
Exo.2.8	8	H3206	the child's
Exo.2.8	9	H517	mother.
Exo.2.9	1	H6547	And Pharaoh's
Exo.2.9	2	H1323	daughter
Exo.2.9	3	H559	said
Exo.2.9	4	H3212	unto her, Take
Exo.2.9	5	H3206	this child
Exo.2.9	6	H3212	away,
Exo.2.9	7	H3243	and nurse
Exo.2.9	8	H5414	it for me, and I will give
Exo.2.9	9	H7939	thee thy wages.
Exo.2.9	10	H802	And the woman
Exo.2.9	11	H3947	took
Exo.2.9	12	H3206	the child,
Exo.2.9	13	H5134	and nursed it.
Exo.2.10	1	H3206	And the child
Exo.2.10	2	H1431	grew,
Exo.2.10	3	H935	and she brought
Exo.2.10	4	H6547	him unto Pharaoh's
Exo.2.10	5	H1323	daughter,
Exo.2.10	6	H1121	and he became her son.
Exo.2.10	7	H7121	And she called
Exo.2.10	8	H8034	his name
Exo.2.10	9	H4872	Moses,
Exo.2.10	10	H559	and said,
Exo.2.10	11	H4871	Because I drew
Exo.2.10	12	H4325	him out of the water. <i></i>
Exo.2.11	1	H3117	And it came to pass in those days,
Exo.2.11	2	H4872	when Moses
Exo.2.11	3	H1431	was grown
Exo.2.11	4	H3318	up, that he went out
Exo.2.11	5	H251	unto his brethren,
Exo.2.11	6	H7200	and looked
Exo.2.11	7	H5450	on their burdens:
Exo.2.11	8	H7200	and he saw
Exo.2.11	9	H4713	an Egyptian
Exo.2.11	10	H5221	smiting
Exo.2.11	11	H5680	a Hebrew,
Exo.2.11	12	H251	one of his brethren.
Exo.2.12	1	H6437	And he looked
Exo.2.12	2	H3541	this way
Exo.2.12	3	H3541	and that way,
Exo.2.12	4	H7200	and when he saw
Exo.2.12	5	H376	that there was no man,
Exo.2.12	6	H5221	he smote
Exo.2.12	7	H4713	the Egyptian,
Exo.2.12	8	H2934	and hid
Exo.2.12	9	H2344	him in the sand.
Exo.2.13	1	H3318	And he went out
Exo.2.13	2	H8145	the second
Exo.2.13	3	H3117	day,
Exo.2.13	4	H8147	and, behold, two
Exo.2.13	5	H582	men
Exo.2.13	6	H5680	of the Hebrews
Exo.2.13	7	H5327	were striving
Exo.2.13	8	H559	together: and he said
Exo.2.13	9	H7563	to him that did the wrong,
Exo.2.13	10	H5221	Wherefore smitest
Exo.2.13	11	H7453	thou thy fellow?
Exo.2.14	1	H559	And he said,
Exo.2.14	2	H7760	Who made
Exo.2.14	3	H376	thee
Exo.2.14	4	H8269	a prince
Exo.2.14	5	H8199	and a judge
Exo.2.14	6	H559	over us? Thinkest
Exo.2.14	7	H2026	thou to kill
Exo.2.14	8	H2026	me, as thou killedst
Exo.2.14	9	H4713	the Egyptian?
Exo.2.14	10	H4872	And Moses
Exo.2.14	11	H3372	feared,
Exo.2.14	12	H559	and said,
Exo.2.14	13	H403	Surely
Exo.2.14	14	H1697	the thing
Exo.2.14	15	H3045	is known.
Exo.2.15	1	H6547	Now when Pharaoh
Exo.2.15	2	H8085	heard
Exo.2.15	3	H1697	this thing,
Exo.2.15	4	H1245	he sought
Exo.2.15	5	H2026	to slay
Exo.2.15	6	H4872	Moses.
Exo.2.15	7	H4872	But Moses
Exo.2.15	8	H1272	fled
Exo.2.15	9	H6440	from the face
Exo.2.15	10	H6547	of Pharaoh,
Exo.2.15	11	H3427	and dwelt
Exo.2.15	12	H776	in the land
Exo.2.15	13	H4080	of Midian:
Exo.2.15	14	H3427	and he sat down
Exo.2.15	15	H875	by a well.
Exo.2.16	1	H3548	Now the priest
Exo.2.16	2	H4080	of Midian
Exo.2.16	3	H7651	had seven
Exo.2.16	4	H1323	daughters:
Exo.2.16	5	H935	and they came
Exo.2.16	6	H1802	and drew
Exo.2.16	7	H4390	water, and filled
Exo.2.16	8	H7298	the troughs
Exo.2.16	9	H8248	to water
Exo.2.16	10	H1	their father's
Exo.2.16	11	H6629	flock.
Exo.2.17	1	H7462	And the shepherds
Exo.2.17	2	H935	came
Exo.2.17	3	H1644	and drove them away;
Exo.2.17	4	H4872	but Moses
Exo.2.17	5	H6965	stood up
Exo.2.17	6	H3467	and helped
Exo.2.17	7	H8248	them, and watered
Exo.2.17	8	H6629	their flock.
Exo.2.18	1	H935	And when they came
Exo.2.18	2	H7467	to Reuel
Exo.2.18	3	H1	their father,
Exo.2.18	4	H559	he said,
Exo.2.18	5	H4069	How
Exo.2.18	6	H935	is it that ye are come
Exo.2.18	7	H4116	so soon
Exo.2.18	8	H3117	to-day?
Exo.2.19	1	H559	And they said,
Exo.2.19	2	H4713	An Egyptian
Exo.2.19	3	H5337	delivered
Exo.2.19	4	H3027	us out of the hand
Exo.2.19	5	H7462	of the shepherds,
Exo.2.19	6	H1802	and moreover he drew
Exo.2.19	7	H1802	water
Exo.2.19	8	H8248	for us, and watered
Exo.2.19	9	H6629	the flock.
Exo.2.20	1	H559	And he said
Exo.2.20	2	H1323	unto his daughters,
Exo.2.20	3	H5800	And where is he? Why is it that ye have left
Exo.2.20	4	H376	the man?
Exo.2.20	5	H7121	Call
Exo.2.20	6	H398	him, that he may eat
Exo.2.20	7	H3899	bread.
Exo.2.21	1	H4872	And Moses
Exo.2.21	2	H2974	was content
Exo.2.21	3	H3427	to dwell
Exo.2.21	4	H376	with the man:
Exo.2.21	5	H5414	and he gave
Exo.2.21	6	H4872	Moses
Exo.2.21	7	H6855	Zipporah
Exo.2.21	8	H1323	his daughter.
Exo.2.22	1	H3205	And she bare
Exo.2.22	2	H1121	a son,
Exo.2.22	3	H7121	and he called
Exo.2.22	4	H8034	his name
Exo.2.22	5	H1647	Gershom;
Exo.2.22	6	H559	for he said,
Exo.2.22	7	H1616	I have been a sojourner
Exo.2.22	8	H5237	in a foreign
Exo.2.22	9	H776	land.
Exo.2.23	1	H1992	And it came to pass in the course
Exo.2.23	2	H3117	of those many days,
Exo.2.23	3	H4428	that the king
Exo.2.23	4	H4714	of Egypt
Exo.2.23	5	H4191	died:
Exo.2.23	6	H1121	and the children
Exo.2.23	7	H3478	of Israel
Exo.2.23	8	H584	sighed
Exo.2.23	9	H4480	by reason of
Exo.2.23	10	H5656	the bondage,
Exo.2.23	11	H2199	and they cried,
Exo.2.23	12	H7775	and their cry
Exo.2.23	13	H5927	came up
Exo.2.23	14	H430	unto God
Exo.2.23	15	H5656	by reason of the bondage.
Exo.2.24	1	H430	And God
Exo.2.24	2	H8085	heard
Exo.2.24	3	H5009	their groaning,
Exo.2.24	4	H430	and God
Exo.2.24	5	H2142	remembered
Exo.2.24	6	H1285	his covenant
Exo.2.24	7	H85	with Abraham,
Exo.2.24	8	H3327	with Isaac,
Exo.2.24	9	H3290	and with Jacob.
Exo.2.25	1	H430	And God
Exo.2.25	2	H7200	saw
Exo.2.25	3	H1121	the children
Exo.2.25	4	H3478	of Israel,
Exo.2.25	5	H430	and God
Exo.2.25	6	H3045	took knowledge of them.
Exo.3.1	1	H4872	Now Moses
Exo.3.1	2	H1961	was keeping
Exo.3.1	3	H6629	the flock
Exo.3.1	4	H3503	of Jethro
Exo.3.1	5	H2859	his father-in-law,
Exo.3.1	6	H3548	the priest
Exo.3.1	7	H4080	of Midian:
Exo.3.1	8	H5090	and he led
Exo.3.1	9	H6629	the flock
Exo.3.1	10	H310	to the back
Exo.3.1	11	H4057	of the wilderness,
Exo.3.1	12	H935	and came
Exo.3.1	13	H2022	to the mountain
Exo.3.1	14	H430	of God,
Exo.3.1	15	H2722	unto Horeb.
Exo.3.2	1	H4397	And the angel
Exo.3.2	2	H3068	of Jehovah
Exo.3.2	3	H7200	appeared
Exo.3.2	4	H3827	unto him in a flame
Exo.3.2	5	H784	of fire
Exo.3.2	6	H8432	out of the midst
Exo.3.2	7	H5572	of a bush:
Exo.3.2	8	H7200	and he looked,
Exo.3.2	9	H5572	and, behold, the bush
Exo.3.2	10	H1197	burned
Exo.3.2	11	H784	with fire,
Exo.3.2	12	H5572	and the bush
Exo.3.2	13	H398	was not consumed.
Exo.3.3	1	H4872	And Moses
Exo.3.3	2	H559	said,
Exo.3.3	3	H5493	I will turn aside
Exo.3.3	4	H7200	now, and see
Exo.3.3	5	H1419	this great
Exo.3.3	6	H4758	sight,
Exo.3.3	7	H4069	why
Exo.3.3	8	H5572	the bush
Exo.3.3	9	H1197	is not burnt.
Exo.3.4	1	H3068	And when Jehovah
Exo.3.4	2	H7200	saw
Exo.3.4	3	H5493	that he turned aside
Exo.3.4	4	H7200	to see,
Exo.3.4	5	H430	God
Exo.3.4	6	H7121	called
Exo.3.4	7	H8432	unto him out of the midst
Exo.3.4	8	H5572	of the bush,
Exo.3.4	9	H559	and said,
Exo.3.4	10	H4872	Moses,
Exo.3.4	11	H4872	Moses.
Exo.3.4	12	H559	And he said, Here am I.
Exo.3.5	1	H559	And he said,
Exo.3.5	2	H7126	Draw not nigh
Exo.3.5	3	H1988	hither:
Exo.3.5	4	H5394	put off
Exo.3.5	5	H5275	thy shoes
Exo.3.5	6	H7272	from off thy feet,
Exo.3.5	7	H4725	for the place
Exo.3.5	8	H834	whereon
Exo.3.5	9	H5975	thou standest
Exo.3.5	10	H6944	is holy
Exo.3.5	11	H127	ground.
Exo.3.6	1	H559	Moreover he said,
Exo.3.6	2	H430	I am the God
Exo.3.6	3	H1	of thy father,
Exo.3.6	4	H430	the God
Exo.3.6	5	H85	of Abraham,
Exo.3.6	6	H430	the God
Exo.3.6	7	H3327	of Isaac,
Exo.3.6	8	H430	and the God
Exo.3.6	9	H3290	of Jacob.
Exo.3.6	10	H4872	And Moses
Exo.3.6	11	H5641	hid
Exo.3.6	12	H6440	his face;
Exo.3.6	13	H3372	for he was afraid
Exo.3.6	14	H5027	to look
Exo.3.6	15	H430	upon God.
Exo.3.7	1	H3068	And Jehovah
Exo.3.7	2	H559	said,
Exo.3.7	3	H7200	I have surely
Exo.3.7	4	H7200	seen
Exo.3.7	5	H6040	the affliction
Exo.3.7	6	H5971	of my people
Exo.3.7	7	H4714	that are in Egypt,
Exo.3.7	8	H8085	and have heard
Exo.3.7	9	H6818	their cry
Exo.3.7	10	H6440	by reason
Exo.3.7	11	H5065	of their taskmasters;
Exo.3.7	12	H3045	for I know
Exo.3.7	13	H4341	their sorrows;
Exo.3.8	1	H3381	and I am come down
Exo.3.8	2	H5337	to deliver
Exo.3.8	3	H3027	them out of the hand
Exo.3.8	4	H4714	of the Egyptians,
Exo.3.8	5	H5927	and to bring
Exo.3.8	6	H776	them up out of that land
Exo.3.8	7	H2896	unto a good
Exo.3.8	8	H776	land
Exo.3.8	9	H7342	and a large,
Exo.3.8	10	H776	unto a land
Exo.3.8	11	H2100	flowing
Exo.3.8	12	H2461	with milk
Exo.3.8	13	H1706	and honey;
Exo.3.8	14	H4725	unto the place
Exo.3.8	15	H3669	of the Canaanite,
Exo.3.8	16	H2850	and the Hittite,
Exo.3.8	17	H567	and the Amorite,
Exo.3.8	18	H6522	and the Perizzite,
Exo.3.8	19	H2340	and the Hivite,
Exo.3.8	20	H2983	and the Jebusite.
Exo.3.9	1	H6818	And now, behold, the cry
Exo.3.9	2	H1121	of the children
Exo.3.9	3	H3478	of Israel
Exo.3.9	4	H935	is come
Exo.3.9	5	H7200	unto me: moreover I have seen
Exo.3.9	6	H3906	the oppression
Exo.3.9	7	H4714	wherewith the Egyptians
Exo.3.9	8	H3905	oppress them.
Exo.3.10	1	H3212	Come
Exo.3.10	2	H7971	now therefore, and I will send
Exo.3.10	3	H6547	thee unto Pharaoh,
Exo.3.10	4	H3318	that thou mayest bring forth
Exo.3.10	5	H5971	my people
Exo.3.10	6	H1121	the children
Exo.3.10	7	H3478	of Israel
Exo.3.10	8	H4714	out of Egypt.
Exo.3.11	1	H4872	And Moses
Exo.3.11	2	H559	said
Exo.3.11	3	H430	unto God,
Exo.3.11	4	H3212	Who am I, that I should go
Exo.3.11	5	H6547	unto Pharaoh,
Exo.3.11	6	H3318	and that I should bring forth
Exo.3.11	7	H1121	the children
Exo.3.11	8	H3478	of Israel
Exo.3.11	9	H4714	out of Egypt?
Exo.3.12	1	H559	And he said,
Exo.3.12	2	H226	Certainly I will be with thee; and this shall be the token
Exo.3.12	3	H3588	unto thee, that
Exo.3.12	4	H7971	I have sent
Exo.3.12	5	H3318	thee: when thou hast brought forth
Exo.3.12	6	H5971	the people
Exo.3.12	7	H4714	out of Egypt,
Exo.3.12	8	H5647	ye shall serve
Exo.3.12	9	H430	God
Exo.3.12	10	H2022	upon this mountain.
Exo.3.13	1	H4872	And Moses
Exo.3.13	2	H559	said
Exo.3.13	3	H430	unto God,
Exo.3.13	4	H935	Behold, when I come
Exo.3.13	5	H1121	unto the children
Exo.3.13	6	H3478	of Israel,
Exo.3.13	7	H559	and shall say
Exo.3.13	8	H430	unto them, The God
Exo.3.13	9	H1	of your fathers
Exo.3.13	10	H7971	hath sent
Exo.3.13	11	H559	me unto you; and they shall say
Exo.3.13	12	H8034	to me, What is his name?
Exo.3.13	13	H559	What shall I say unto them?
Exo.3.14	1	H430	And God
Exo.3.14	2	H559	said
Exo.3.14	3	H4872	unto Moses,
Exo.3.14	4	H1961	I AM
Exo.3.14	5	H1961	THAT I AM:
Exo.3.14	6	H559	and he said,
Exo.3.14	7	H559	Thus shalt thou say
Exo.3.14	8	H1121	unto the children
Exo.3.14	9	H3478	of Israel,
Exo.3.14	10	H7971	I AM hath sent me unto you.
Exo.3.15	1	H430	And God
Exo.3.15	2	H559	said
Exo.3.15	3	H5750	moreover
Exo.3.15	4	H4872	unto Moses,
Exo.3.15	5	H559	Thus shalt thou say
Exo.3.15	6	H1121	unto the children
Exo.3.15	7	H3478	of Israel,
Exo.3.15	8	H3068	Jehovah,
Exo.3.15	9	H430	the God
Exo.3.15	10	H1	of your fathers,
Exo.3.15	11	H430	the God
Exo.3.15	12	H85	of Abraham,
Exo.3.15	13	H430	the God
Exo.3.15	14	H3327	of Isaac,
Exo.3.15	15	H430	and the God
Exo.3.15	16	H3290	of Jacob,
Exo.3.15	17	H7971	hath sent
Exo.3.15	18	H8034	me unto you: this is my name
Exo.3.15	19	H5769	for ever,
Exo.3.15	20	H2143	and this is my memorial
Exo.3.15	21	H1755	unto all
Exo.3.15	22	H1755	generations.
Exo.3.16	1	H3212	Go,
Exo.3.16	2	H622	and gather
Exo.3.16	3	H2205	the elders
Exo.3.16	4	H3478	of Israel
Exo.3.16	5	H622	together,
Exo.3.16	6	H559	and say
Exo.3.16	7	H3068	unto them, Jehovah,
Exo.3.16	8	H430	the God
Exo.3.16	9	H1	of your fathers,
Exo.3.16	10	H430	the God
Exo.3.16	11	H85	of Abraham,
Exo.3.16	12	H3327	of Isaac,
Exo.3.16	13	H3290	and of Jacob,
Exo.3.16	14	H7200	hath appeared
Exo.3.16	15	H559	unto me, saying,
Exo.3.16	16	H6485	I have surely
Exo.3.16	17	H6485	visited
Exo.3.16	18	H6213	you, and <i>seen</i> that which is done
Exo.3.16	19	H4714	to you in Egypt:
Exo.3.17	1	H559	and I have said,
Exo.3.17	2	H5927	I will bring
Exo.3.17	3	H6040	you up out of the affliction
Exo.3.17	4	H4714	of Egypt
Exo.3.17	5	H776	unto the land
Exo.3.17	6	H3669	of the Canaanite,
Exo.3.17	7	H2850	and the Hittite,
Exo.3.17	8	H567	and the Amorite,
Exo.3.17	9	H6522	and the Perizzite,
Exo.3.17	10	H2340	and the Hivite,
Exo.3.17	11	H2983	and the Jebusite,
Exo.3.17	12	H776	unto a land
Exo.3.17	13	H2100	flowing
Exo.3.17	14	H2461	with milk
Exo.3.17	15	H1706	and honey.
Exo.3.18	1	H8085	And they shall hearken
Exo.3.18	2	H6963	to thy voice:
Exo.3.18	3	H935	and thou shalt come,
Exo.3.18	4	H2205	thou and the elders
Exo.3.18	5	H3478	of Israel,
Exo.3.18	6	H4428	unto the king
Exo.3.18	7	H4714	of Egypt,
Exo.3.18	8	H559	and ye shall say
Exo.3.18	9	H3068	unto him, Jehovah,
Exo.3.18	10	H430	the God
Exo.3.18	11	H5680	of the Hebrews,
Exo.3.18	12	H7136	hath met
Exo.3.18	13	H3212	with us: and now let us go,
Exo.3.18	14	H7969	we pray thee, three
Exo.3.18	15	H3117	days'
Exo.3.18	16	H1870	journey
Exo.3.18	17	H4057	into the wilderness,
Exo.3.18	18	H2076	that we may sacrifice
Exo.3.18	19	H3068	to Jehovah
Exo.3.18	20	H430	our God.
Exo.3.19	1	H3045	And I know
Exo.3.19	2	H4428	that the king
Exo.3.19	3	H4714	of Egypt
Exo.3.19	4	H5414	will not give you leave
Exo.3.19	5	H1980	to go,
Exo.3.19	6	H2389	no, not by a mighty
Exo.3.19	7	H3027	hand.
Exo.3.20	1	H7971	And I will put forth
Exo.3.20	2	H3027	my hand,
Exo.3.20	3	H5221	and smite
Exo.3.20	4	H4714	Egypt
Exo.3.20	5	H6381	with all my wonders
Exo.3.20	6	H6213	which I will do
Exo.3.20	7	H7130	in the midst
Exo.3.20	8	H310	thereof: and after
Exo.3.20	9	H7971	that he will let you go.
Exo.3.21	1	H5414	And I will give
Exo.3.21	2	H5971	this people
Exo.3.21	3	H2580	favor
Exo.3.21	4	H5869	in the sight
Exo.3.21	5	H4714	of the Egyptians:
Exo.3.21	6	H3212	and it shall come to pass, that, when ye go,
Exo.3.21	7	H3212	ye shall not go
Exo.3.21	8	H7387	empty:
Exo.3.22	1	H802	but every woman
Exo.3.22	2	H7592	shall ask
Exo.3.22	3	H7934	of her neighbor,
Exo.3.22	4	H1481	and of her that sojourneth
Exo.3.22	5	H1004	in her house,
Exo.3.22	6	H3627	jewels
Exo.3.22	7	H3701	of silver,
Exo.3.22	8	H3627	and jewels
Exo.3.22	9	H2091	of gold,
Exo.3.22	10	H8071	and raiment:
Exo.3.22	11	H7760	and ye shall put
Exo.3.22	12	H1121	them upon your sons,
Exo.3.22	13	H1323	and upon your daughters;
Exo.3.22	14	H5337	and ye shall despoil
Exo.3.22	15	H4714	the Egyptians.
Exo.4.1	1	H4872	And Moses
Exo.4.1	2	H6030	answered
Exo.4.1	3	H559	and said,
Exo.4.1	4	H539	But, behold, they will not believe
Exo.4.1	5	H8085	me, nor hearken
Exo.4.1	6	H6963	unto my voice;
Exo.4.1	7	H559	for they will say,
Exo.4.1	8	H3068	Jehovah
Exo.4.1	9	H7200	hath not appeared unto thee.
Exo.4.2	1	H3068	And Jehovah
Exo.4.2	2	H559	said
Exo.4.2	3	H3027	unto him, What is that in thy hand?
Exo.4.2	4	H559	And he said,
Exo.4.2	5	H4294	A rod.
Exo.4.3	1	H559	And he said,
Exo.4.3	2	H7993	Cast
Exo.4.3	3	H776	it on the ground.
Exo.4.3	4	H7993	And he cast
Exo.4.3	5	H776	it on the ground,
Exo.4.3	6	H5175	and it became a serpent;
Exo.4.3	7	H4872	and Moses
Exo.4.3	8	H5127	fled
Exo.4.3	9	H6440	from before it.
Exo.4.4	1	H3068	And Jehovah
Exo.4.4	2	H559	said
Exo.4.4	3	H4872	unto Moses,
Exo.4.4	4	H7971	Put forth
Exo.4.4	5	H3027	thy hand,
Exo.4.4	6	H270	and take
Exo.4.4	7	H2180	it by the tail
Exo.4.4	8	H7971	(and he put forth
Exo.4.4	9	H3027	his hand,
Exo.4.4	10	H2388	and laid hold
Exo.4.4	11	H4294	of it, and it became a rod
Exo.4.4	12	H3709	in his hand);
Exo.4.5	1	H539	that they may believe
Exo.4.5	2	H3068	that Jehovah,
Exo.4.5	3	H430	the God
Exo.4.5	4	H1	of their fathers,
Exo.4.5	5	H430	the God
Exo.4.5	6	H85	of Abraham,
Exo.4.5	7	H430	the God
Exo.4.5	8	H3327	of Isaac,
Exo.4.5	9	H430	and the God
Exo.4.5	10	H3290	of Jacob,
Exo.4.5	11	H7200	hath appeared unto thee.
Exo.4.6	1	H3068	And Jehovah
Exo.4.6	2	H559	said
Exo.4.6	3	H5750	furthermore
Exo.4.6	4	H935	unto him, Put
Exo.4.6	5	H3027	now thy hand
Exo.4.6	6	H2436	into thy bosom.
Exo.4.6	7	H935	And he put
Exo.4.6	8	H3027	his hand
Exo.4.6	9	H2436	into his bosom:
Exo.4.6	10	H3318	and when he took
Exo.4.6	11	H3027	it out, behold, his hand
Exo.4.6	12	H6879	was leprous,
Exo.4.6	13	H7950	as <i>white</i> <i>as</i> snow.
Exo.4.7	1	H559	And he said,
Exo.4.7	2	H7725	Put
Exo.4.7	3	H3027	thy hand
Exo.4.7	4	H2436	into thy bosom
Exo.4.7	5	H7725	again.
Exo.4.7	6	H7725	(And he put
Exo.4.7	7	H3027	his hand
Exo.4.7	8	H2436	into his bosom
Exo.4.7	9	H7725	again;
Exo.4.7	10	H3318	and when he took
Exo.4.7	11	H2436	it out of his bosom,
Exo.4.7	12	H7725	behold, it was turned again
Exo.4.7	13	H1320	as his <i>other</i> flesh.)
Exo.4.8	1	H539	And it shall come to pass, if they will not believe
Exo.4.8	2	H8085	thee, neither hearken
Exo.4.8	3	H6963	to the voice
Exo.4.8	4	H7223	of the first
Exo.4.8	5	H226	sign,
Exo.4.8	6	H539	that they will believe
Exo.4.8	7	H6963	the voice
Exo.4.8	8	H314	of the latter
Exo.4.8	9	H226	sign.
Exo.4.9	1	H539	And it shall come to pass, if they will not believe
Exo.4.9	2	H8147	even these two
Exo.4.9	3	H226	signs,
Exo.4.9	4	H8085	neither hearken
Exo.4.9	5	H6963	unto thy voice,
Exo.4.9	6	H3947	that thou shalt take
Exo.4.9	7	H4325	of the water
Exo.4.9	8	H2975	of the river,
Exo.4.9	9	H8210	and pour
Exo.4.9	10	H3004	it upon the dry
Exo.4.9	11	H4325	land: and the water
Exo.4.9	12	H3947	which thou takest
Exo.4.9	13	H2975	out of the river
Exo.4.9	14	H1818	shall become blood
Exo.4.9	15	H3006	upon the dry land.
Exo.4.10	1	H4872	And Moses
Exo.4.10	2	H559	said
Exo.4.10	3	H136	unto Jehovah,
Exo.4.10	4	H994	Oh,
Exo.4.10	5	H136	Lord,
Exo.4.10	6	H376	I
Exo.4.10	7	H1697	am not eloquent,
Exo.4.10	8	H8032	neither heretofore,
Exo.4.10	9	H227	nor since
Exo.4.10	10	H1696	thou hast spoken
Exo.4.10	11	H5650	unto thy servant;
Exo.4.10	12	H3515	for I am slow
Exo.4.10	13	H6310	of speech,
Exo.4.10	14	H3515	and of a slow
Exo.4.10	15	H3956	tongue.
Exo.4.11	1	H3068	And Jehovah
Exo.4.11	2	H559	said
Exo.4.11	3	H7760	unto him, Who hath made
Exo.4.11	4	H120	man's
Exo.4.11	5	H6310	mouth?
Exo.4.11	6	H7760	Or who maketh
Exo.4.11	7	H483	<i>a</i> <i>man</i> dumb,
Exo.4.11	8	H2795	or deaf,
Exo.4.11	9	H6493	or seeing,
Exo.4.11	10	H5787	or blind?
Exo.4.11	11	H3068	is it not I, Jehovah?
Exo.4.12	1	H3212	Now therefore go,
Exo.4.12	2	H6310	and I will be with thy mouth,
Exo.4.12	3	H3384	and teach
Exo.4.12	4	H1696	thee what thou shalt speak.
Exo.4.13	1	H559	And he said,
Exo.4.13	2	H994	Oh,
Exo.4.13	3	H136	Lord,
Exo.4.13	4	H7971	send,
Exo.4.13	5	H3027	I pray thee, by the hand
Exo.4.13	6	H7971	of him whom thou wilt send.
Exo.4.14	1	H639	And the anger
Exo.4.14	2	H3068	of Jehovah
Exo.4.14	3	H2734	was kindled
Exo.4.14	4	H4872	against Moses,
Exo.4.14	5	H559	and he said,
Exo.4.14	6	H175	Is there not Aaron
Exo.4.14	7	H251	thy brother
Exo.4.14	8	H3881	the Levite?
Exo.4.14	9	H3045	I know
Exo.4.14	10	H1696	that he can speak
Exo.4.14	11	H1696	well.
Exo.4.14	12	H3318	And also, behold, he cometh forth
Exo.4.14	13	H7125	to meet
Exo.4.14	14	H7200	thee: and when he seeth
Exo.4.14	15	H8055	thee, he will be glad
Exo.4.14	16	H3820	in his heart.
Exo.4.15	1	H1696	And thou shalt speak
Exo.4.15	2	H7760	unto him, and put
Exo.4.15	3	H1697	the words
Exo.4.15	4	H6310	in his mouth:
Exo.4.15	5	H6310	and I will be with thy mouth,
Exo.4.15	6	H6310	and with his mouth,
Exo.4.15	7	H3384	and will teach
Exo.4.15	8	H6213	you what ye shall do.
Exo.4.16	1	H1696	And he shall be thy spokesman
Exo.4.16	2	H5971	unto the people;
Exo.4.16	3	H6310	and it shall come to pass, that he shall be to thee a mouth,
Exo.4.16	4	H430	and thou shalt be to him as God.
Exo.4.17	1	H3947	And thou shalt take
Exo.4.17	2	H3027	in thy hand
Exo.4.17	3	H4294	this rod,
Exo.4.17	4	H6213	wherewith thou shalt do
Exo.4.17	5	H226	the signs.
Exo.4.18	1	H4872	And Moses
Exo.4.18	2	H3212	went
Exo.4.18	3	H7725	and returned
Exo.4.18	4	H3500	to Jethro
Exo.4.18	5	H2859	his father-in-law,
Exo.4.18	6	H559	and said
Exo.4.18	7	H3212	unto him, Let me go,
Exo.4.18	8	H7725	I pray thee, and return
Exo.4.18	9	H251	unto my brethren
Exo.4.18	10	H4714	that are in Egypt,
Exo.4.18	11	H7200	and see
Exo.4.18	12	H5750	whether they be yet
Exo.4.18	13	H2416	alive.
Exo.4.18	14	H3503	And Jethro
Exo.4.18	15	H559	said
Exo.4.18	16	H4872	to Moses,
Exo.4.18	17	H3212	Go
Exo.4.18	18	H7965	in peace.
Exo.4.19	1	H3068	And Jehovah
Exo.4.19	2	H559	said
Exo.4.19	3	H4872	unto Moses
Exo.4.19	4	H4080	in Midian,
Exo.4.19	5	H3212	Go,
Exo.4.19	6	H7725	return
Exo.4.19	7	H4714	into Egypt;
Exo.4.19	8	H582	for all the men
Exo.4.19	9	H4191	are dead
Exo.4.19	10	H1245	that sought
Exo.4.19	11	H5315	thy life.
Exo.4.20	1	H4872	And Moses
Exo.4.20	2	H3947	took
Exo.4.20	3	H802	his wife
Exo.4.20	4	H1121	and his sons,
Exo.4.20	5	H7392	and set
Exo.4.20	6	H2543	them upon an ass,
Exo.4.20	7	H7725	and he returned
Exo.4.20	8	H776	to the land
Exo.4.20	9	H4714	of Egypt:
Exo.4.20	10	H4872	and Moses
Exo.4.20	11	H3947	took
Exo.4.20	12	H4294	the rod
Exo.4.20	13	H430	of God
Exo.4.20	14	H3027	in his hand.
Exo.4.21	1	H3068	And Jehovah
Exo.4.21	2	H559	said
Exo.4.21	3	H4872	unto Moses,
Exo.4.21	4	H3212	When thou goest
Exo.4.21	5	H7725	back
Exo.4.21	6	H4714	into Egypt,
Exo.4.21	7	H7200	see
Exo.4.21	8	H6213	that thou do
Exo.4.21	9	H6440	before
Exo.4.21	10	H6547	Pharaoh
Exo.4.21	11	H4159	all the wonders
Exo.4.21	12	H7760	which I have put
Exo.4.21	13	H3027	in thy hand:
Exo.4.21	14	H2388	but I will harden
Exo.4.21	15	H3820	his heart,
Exo.4.21	16	H5971	and he will not let the people
Exo.4.21	17	H7971	go.
Exo.4.22	1	H559	And thou shalt say
Exo.4.22	2	H6547	unto Pharaoh,
Exo.4.22	3	H559	Thus saith
Exo.4.22	4	H3068	Jehovah,
Exo.4.22	5	H3478	Israel
Exo.4.22	6	H1121	is my son,
Exo.4.22	7	H1060	my first-born:
Exo.4.23	1	H1121	and I have said unto thee, Let my son
Exo.4.23	2	H7971	go,
Exo.4.23	3	H5647	that he may serve
Exo.4.23	4	H3985	me; and thou hast refused
Exo.4.23	5	H7971	to let him go:
Exo.4.23	6	H2026	behold, I will slay
Exo.4.23	7	H1121	thy son,
Exo.4.23	8	H1060	thy first-born.
Exo.4.24	1	H1870	And it came to pass on the way
Exo.4.24	2	H4411	at the lodging-place,
Exo.4.24	3	H3068	that Jehovah
Exo.4.24	4	H6298	met
Exo.4.24	5	H1245	him, and sought
Exo.4.24	6	H4191	to kill him.
Exo.4.25	1	H6855	Then Zipporah
Exo.4.25	2	H3947	took
Exo.4.25	3	H6864	a flint,
Exo.4.25	4	H3772	and cut off
Exo.4.25	5	H6190	the foreskin
Exo.4.25	6	H1121	of her son,
Exo.4.25	7	H5060	and cast
Exo.4.25	8	H7272	it at his feet;
Exo.4.25	9	H559	and she said,
Exo.4.25	10	H2860	Surely a bridegroom
Exo.4.25	11	H1818	of blood art thou to me.
Exo.4.26	1	H7503	So he let him alone.
Exo.4.26	2	H559	Then she said,
Exo.4.26	3	H2860	A bridegroom
Exo.4.26	4	H1818	of blood
Exo.4.26	5	H4139	<i>art</i> <i>thou</i>, because of the circumcision.
Exo.4.27	1	H3068	And Jehovah
Exo.4.27	2	H559	said
Exo.4.27	3	H175	to Aaron,
Exo.4.27	4	H3212	Go
Exo.4.27	5	H4057	into the wilderness
Exo.4.27	6	H7125	to meet
Exo.4.27	7	H4872	Moses.
Exo.4.27	8	H3212	And he went,
Exo.4.27	9	H6298	and met
Exo.4.27	10	H2022	him in the mountain
Exo.4.27	11	H430	of God,
Exo.4.27	12	H5401	and kissed him.
Exo.4.28	1	H4872	And Moses
Exo.4.28	2	H5046	told
Exo.4.28	3	H175	Aaron
Exo.4.28	4	H1697	all the words
Exo.4.28	5	H3068	of Jehovah
Exo.4.28	6	H7971	wherewith he had sent
Exo.4.28	7	H226	him, and all the signs
Exo.4.28	8	H6680	wherewith he had charged him.
Exo.4.29	1	H4872	And Moses
Exo.4.29	2	H175	and Aaron
Exo.4.29	3	H3212	went
Exo.4.29	4	H622	and gathered together
Exo.4.29	5	H2205	all the elders
Exo.4.29	6	H1121	of the children
Exo.4.29	7	H3478	of Israel:
Exo.4.30	1	H175	and Aaron
Exo.4.30	2	H1696	spake
Exo.4.30	3	H1697	all the words
Exo.4.30	4	H3068	which Jehovah
Exo.4.30	5	H1696	had spoken
Exo.4.30	6	H4872	unto Moses,
Exo.4.30	7	H6213	and did
Exo.4.30	8	H226	the signs
Exo.4.30	9	H5869	in the sight
Exo.4.30	10	H5971	of the people.
Exo.4.31	1	H5971	And the people
Exo.4.31	2	H539	believed:
Exo.4.31	3	H8085	and when they heard
Exo.4.31	4	H3068	that Jehovah
Exo.4.31	5	H6485	had visited
Exo.4.31	6	H1121	the children
Exo.4.31	7	H3478	of Israel,
Exo.4.31	8	H7200	and that he had seen
Exo.4.31	9	H6040	their affliction,
Exo.4.31	10	H6915	then they bowed their heads
Exo.4.31	11	H7812	and worshipped.
Exo.5.1	1	H310	And afterward
Exo.5.1	2	H4971	Moses
Exo.5.1	3	H175	and Aaron
Exo.5.1	4	H3843	came,
Exo.5.1	5	H559	and said
Exo.5.1	6	H6213	unto Pharaoh,
Exo.5.1	7	H559	Thus saith
Exo.5.1	8	H3068	Jehovah,
Exo.5.1	9	H430	the God
Exo.5.1	10	H3478	of Israel,
Exo.5.1	11	H5971	Let my people
Exo.5.1	12	H7971	go,
Exo.5.1	13	H2287	that they may hold a feast
Exo.5.1	14	H4057	unto me in the wilderness.
Exo.5.2	1	H6547	And Pharaoh
Exo.5.2	2	H559	said,
Exo.5.2	3	H3068	Who is Jehovah,
Exo.5.2	4	H8085	that I should hearken
Exo.5.2	5	H6963	unto his voice
Exo.5.2	6	H3478	to let Israel
Exo.5.2	7	H7971	go?
Exo.5.2	8	H3045	I know
Exo.5.2	9	H3068	not Jehovah,
Exo.5.2	10	H3478	and moreover I will not let Israel
Exo.5.2	11	H7971	go.
Exo.5.3	1	H559	And they said,
Exo.5.3	2	H430	The God
Exo.5.3	3	H5680	of the Hebrews
Exo.5.3	4	H7122	hath met
Exo.5.3	5	H3212	with us: let us go,
Exo.5.3	6	H7969	we pray thee, three
Exo.5.3	7	H3117	days'
Exo.5.3	8	H1870	journey
Exo.5.3	9	H4057	into the wilderness,
Exo.5.3	10	H2076	and sacrifice
Exo.5.3	11	H3068	unto Jehovah
Exo.5.3	12	H430	our God,
Exo.5.3	13	H6293	lest he fall
Exo.5.3	14	H1698	upon us with pestilence,
Exo.5.3	15	H2719	or with the sword.
Exo.5.4	1	H4428	And the king
Exo.5.4	2	H4714	of Egypt
Exo.5.4	3	H559	said
Exo.5.4	4	H4872	unto them, Wherefore do ye, Moses
Exo.5.4	5	H175	and Aaron,
Exo.5.4	6	H6544	loose
Exo.5.4	7	H5971	the people
Exo.5.4	8	H4639	from their works?
Exo.5.4	9	H3212	get
Exo.5.4	10	H5450	you unto your burdens.
Exo.5.5	1	H6547	And Pharaoh
Exo.5.5	2	H559	said,
Exo.5.5	3	H5971	Behold, the people
Exo.5.5	4	H776	of the land
Exo.5.5	5	H7227	are now many,
Exo.5.5	6	H7673	and ye make them rest
Exo.5.5	7	H5450	from their burdens.
Exo.5.6	1	H3117	And the same day
Exo.5.6	2	H6547	Pharaoh
Exo.5.6	3	H6680	commanded
Exo.5.6	4	H5065	the taskmasters
Exo.5.6	5	H5971	of the people,
Exo.5.6	6	H7860	and their officers,
Exo.5.6	7	H559	saying,
Exo.5.7	1	H3254	Ye shall no more
Exo.5.7	2	H5414	give
Exo.5.7	3	H5971	the people
Exo.5.7	4	H8401	straw
Exo.5.7	5	H3835	to make
Exo.5.7	6	H3843	brick,
Exo.5.7	7	H8032	as heretofore:
Exo.5.7	8	H3212	let them go
Exo.5.7	9	H7197	and gather
Exo.5.7	10	H8401	straw for themselves.
Exo.5.8	1	H4971	And the number
Exo.5.8	2	H3843	of the bricks,
Exo.5.8	3	H6213	which they did make
Exo.5.8	4	H8032	heretofore,
Exo.5.8	5	H7760	ye shall lay
Exo.5.8	6	H1639	upon them; ye shall not diminish
Exo.5.8	7	H7503	aught thereof: for they are idle;
Exo.5.8	8	H6817	therefore they cry,
Exo.5.8	9	H559	saying,
Exo.5.8	10	H3212	Let us go
Exo.5.8	11	H2076	and sacrifice
Exo.5.8	12	H430	to our God.
Exo.5.9	1	H5656	Let heavier work
Exo.5.9	2	H3513	be laid
Exo.5.9	3	H582	upon the men,
Exo.5.9	4	H6213	that they may labor
Exo.5.9	5	H8159	therein; and let them not regard
Exo.5.9	6	H8267	lying
Exo.5.9	7	H1697	words.
Exo.5.10	1	H5065	And the taskmasters
Exo.5.10	2	H5971	of the people
Exo.5.10	3	H3318	went out,
Exo.5.10	4	H7860	and their officers,
Exo.5.10	5	H559	and they spake
Exo.5.10	6	H5971	to the people,
Exo.5.10	7	H559	saying,
Exo.5.10	8	H559	Thus saith
Exo.5.10	9	H6547	Pharaoh,
Exo.5.10	10	H5414	I will not give
Exo.5.10	11	H8401	you straw.
Exo.5.11	1	H3212	Go
Exo.5.11	2	H3947	yourselves, get
Exo.5.11	3	H8401	you straw
Exo.5.11	4	H834	where
Exo.5.11	5	H4672	ye can find
Exo.5.11	6	H3588	it; for
Exo.5.11	7	H1697	nought
Exo.5.11	8	H5656	of your work
Exo.5.11	9	H1639	shall be diminished.
Exo.5.12	1	H5971	So the people
Exo.5.12	2	H6327	were scattered abroad
Exo.5.12	3	H776	throughout all the land
Exo.5.12	4	H4714	of Egypt
Exo.5.12	5	H7197	to gather
Exo.5.12	6	H7179	stubble
Exo.5.12	7	H8401	for straw.
Exo.5.13	1	H5065	And the taskmasters
Exo.5.13	2	H213	were urgent,
Exo.5.13	3	H559	saying,
Exo.5.13	4	H3615	Fulfil
Exo.5.13	5	H4639	your works,
Exo.5.13	6	H3117	<i>your</i> daily
Exo.5.13	7	H1697	tasks,
Exo.5.13	8	H1961	as when there was
Exo.5.13	9	H8401	straw.
Exo.5.14	1	H7860	And the officers
Exo.5.14	2	H1121	of the children
Exo.5.14	3	H3478	of Israel,
Exo.5.14	4	H6547	whom Pharaoh's
Exo.5.14	5	H5065	taskmasters
Exo.5.14	6	H7760	had set
Exo.5.14	7	H5221	over them, were beaten,
Exo.5.14	8	H559	and demanded,
Exo.5.14	9	H3615	Wherefore have ye not fulfilled
Exo.5.14	10	H2706	your task
Exo.5.14	11	H8543	both yesterday
Exo.5.14	12	H3117	and to-day,
Exo.5.14	13	H3835	in making brick
Exo.5.14	14	H8032	as heretofore?
Exo.5.15	1	H7860	Then the officers
Exo.5.15	2	H1121	of the children
Exo.5.15	3	H3478	of Israel
Exo.5.15	4	H935	came
Exo.5.15	5	H6817	and cried
Exo.5.15	6	H6547	unto Pharaoh,
Exo.5.15	7	H559	saying,
Exo.5.15	8	H6213	Wherefore dealest
Exo.5.15	9	H5650	thou thus with thy servants?
Exo.5.16	1	H8401	There is no straw
Exo.5.16	2	H5414	given
Exo.5.16	3	H5650	unto thy servants,
Exo.5.16	4	H559	and they say
Exo.5.16	5	H6213	to us, Make
Exo.5.16	6	H3843	brick:
Exo.5.16	7	H5650	and, behold, thy servants
Exo.5.16	8	H5221	are beaten;
Exo.5.16	9	H2398	but the fault
Exo.5.16	10	H5971	is in thine own people.
Exo.5.17	1	H559	But he said,
Exo.5.17	2	H7503	Ye are idle,
Exo.5.17	3	H7503	ye are idle:
Exo.5.17	4	H559	therefore ye say,
Exo.5.17	5	H3212	Let us go
Exo.5.17	6	H2076	and sacrifice
Exo.5.17	7	H3068	to Jehovah.
Exo.5.18	1	H3212	Go
Exo.5.18	2	H5647	therefore now, and work;
Exo.5.18	3	H8401	for there shall no straw
Exo.5.18	4	H5414	be given
Exo.5.18	5	H5414	you, yet shall ye deliver
Exo.5.18	6	H8506	the number
Exo.5.18	7	H3843	of bricks.
Exo.5.19	1	H7860	And the officers
Exo.5.19	2	H1121	of the children
Exo.5.19	3	H3478	of Israel
Exo.5.19	4	H7200	did see
Exo.5.19	5	H7451	that they were in evil
Exo.5.19	6	H559	case, when it was said,
Exo.5.19	7	H1639	Ye shall not diminish
Exo.5.19	8	H3843	aught from your bricks,
Exo.5.19	9	H3117	<i>your</i> daily
Exo.5.19	10	H1697	tasks.
Exo.5.20	1	H6293	And they met
Exo.5.20	2	H4872	Moses
Exo.5.20	3	H175	and Aaron,
Exo.5.20	4	H5324	who stood
Exo.5.20	5	H7125	in the way,
Exo.5.20	6	H3318	as they came forth
Exo.5.20	7	H6547	from Pharaoh:
Exo.5.21	1	H559	and they said
Exo.5.21	2	H3068	unto them, Jehovah
Exo.5.21	3	H7200	look
Exo.5.21	4	H8199	upon you, and judge;
Exo.5.21	5	H7381	because ye have made our savor
Exo.5.21	6	H887	to be abhorred
Exo.5.21	7	H5869	in the eyes
Exo.5.21	8	H6547	of Pharaoh,
Exo.5.21	9	H5869	and in the eyes
Exo.5.21	10	H5650	of his servants,
Exo.5.21	11	H5414	to put
Exo.5.21	12	H2719	a sword
Exo.5.21	13	H3027	in their hand
Exo.5.21	14	H2026	to slay us.
Exo.5.22	1	H4872	And Moses
Exo.5.22	2	H7725	returned
Exo.5.22	3	H136	unto Jehovah,
Exo.5.22	4	H559	and said,
Exo.5.22	5	H136	Lord,
Exo.5.22	6	H7489	wherefore hast thou dealt ill
Exo.5.22	7	H5971	with this people?
Exo.5.22	8	H7971	why is it that thou hast sent me?
Exo.5.23	1	H935	For since I came
Exo.5.23	2	H6547	to Pharaoh
Exo.5.23	3	H1696	to speak
Exo.5.23	4	H8034	in thy name,
Exo.5.23	5	H7489	he hath dealt ill
Exo.5.23	6	H5971	with this people;
Exo.5.23	7	H5337	neither hast thou delivered
Exo.5.23	8	H5971	thy people
Exo.5.23	9	H5337	at all.
Exo.6.1	1	H3068	And Jehovah
Exo.6.1	2	H559	said
Exo.6.1	3	H4872	unto Moses,
Exo.6.1	4	H7200	Now shalt thou see
Exo.6.1	5	H6213	what I will do
Exo.6.1	6	H6547	to Pharaoh:
Exo.6.1	7	H2389	for by a strong
Exo.6.1	8	H3027	hand
Exo.6.1	9	H7971	shall he let them go,
Exo.6.1	10	H2389	and by a strong
Exo.6.1	11	H3027	hand
Exo.6.1	12	H1644	shall he drive them out
Exo.6.1	13	H776	of his land.
Exo.6.2	1	H430	And God
Exo.6.2	2	H1696	spake
Exo.6.2	3	H4872	unto Moses,
Exo.6.2	4	H559	and said
Exo.6.2	5	H3068	unto him, I am Jehovah:
Exo.6.3	1	H7200	and I appeared
Exo.6.3	2	H85	unto Abraham,
Exo.6.3	3	H3327	unto Isaac,
Exo.6.3	4	H3290	and unto Jacob,
Exo.6.3	5	H410	as God
Exo.6.3	6	H7706	Almighty;
Exo.6.3	7	H8034	but by my name
Exo.6.3	8	H3068	Jehovah
Exo.6.3	9	H3045	I was not known to them.
Exo.6.4	1	H6965	And I have also established
Exo.6.4	2	H1285	my covenant
Exo.6.4	3	H5414	with them, to give
Exo.6.4	4	H776	them the land
Exo.6.4	5	H3667	of Canaan,
Exo.6.4	6	H776	the land
Exo.6.4	7	H4033	of their sojournings,
Exo.6.4	8	H1481	wherein they sojourned.
Exo.6.5	1	H8085	And moreover I have heard
Exo.6.5	2	H5009	the groaning
Exo.6.5	3	H1121	of the children
Exo.6.5	4	H3478	of Israel,
Exo.6.5	5	H834	whom
Exo.6.5	6	H4714	the Egyptians
Exo.6.5	7	H5647	keep in bondage;
Exo.6.5	8	H2142	and I have remembered
Exo.6.5	9	H1285	my covenant.
Exo.6.6	1	H3651	Wherefore
Exo.6.6	2	H559	say
Exo.6.6	3	H1121	unto the children
Exo.6.6	4	H3478	of Israel,
Exo.6.6	5	H3068	I am Jehovah,
Exo.6.6	6	H3318	and I will bring
Exo.6.6	7	H5450	you out from under the burdens
Exo.6.6	8	H4714	of the Egyptians,
Exo.6.6	9	H5337	and I will rid
Exo.6.6	10	H5656	you out of their bondage,
Exo.6.6	11	H1350	and I will redeem
Exo.6.6	12	H5186	you with an outstretched
Exo.6.6	13	H2220	arm,
Exo.6.6	14	H1419	and with great
Exo.6.6	15	H8201	judgments:
Exo.6.7	1	H3947	and I will take
Exo.6.7	2	H5971	you to me for a people,
Exo.6.7	3	H430	and I will be to you a God;
Exo.6.7	4	H3045	and ye shall know
Exo.6.7	5	H3068	that I am Jehovah
Exo.6.7	6	H430	your God,
Exo.6.7	7	H3318	who bringeth
Exo.6.7	8	H5450	you out from under the burdens
Exo.6.7	9	H4714	of the Egyptians.
Exo.6.8	1	H935	And I will bring
Exo.6.8	2	H776	you in unto the land
Exo.6.8	3	H5375	which I sware
Exo.6.8	4	H5414	to give
Exo.6.8	5	H85	to Abraham,
Exo.6.8	6	H3327	to Isaac,
Exo.6.8	7	H3290	and to Jacob;
Exo.6.8	8	H5414	and I will give
Exo.6.8	9	H4181	it you for a heritage:
Exo.6.8	10	H3068	I am Jehovah.
Exo.6.9	1	H4872	And Moses
Exo.6.9	2	H1696	spake
Exo.6.9	3	H1121	so unto the children
Exo.6.9	4	H3478	of Israel:
Exo.6.9	5	H8085	but they hearkened
Exo.6.9	6	H4872	not unto Moses
Exo.6.9	7	H7115	for anguish
Exo.6.9	8	H7307	of spirit,
Exo.6.9	9	H7186	and for cruel
Exo.6.9	10	H5656	bondage.
Exo.6.10	1	H3068	And Jehovah
Exo.6.10	2	H1696	spake
Exo.6.10	3	H4872	unto Moses,
Exo.6.10	4	H559	saying,
Exo.6.11	1	H935	Go
Exo.6.11	2	H1696	in, speak
Exo.6.11	3	H6547	unto Pharaoh
Exo.6.11	4	H4428	king
Exo.6.11	5	H4714	of Egypt,
Exo.6.11	6	H1121	that he let the children
Exo.6.11	7	H3478	of Israel
Exo.6.11	8	H7971	go out
Exo.6.11	9	H776	of his land.
Exo.6.12	1	H4872	And Moses
Exo.6.12	2	H1696	spake
Exo.6.12	3	H6440	before
Exo.6.12	4	H3068	Jehovah,
Exo.6.12	5	H559	saying,
Exo.6.12	6	H1121	Behold, the children
Exo.6.12	7	H3478	of Israel
Exo.6.12	8	H8085	have not hearkened
Exo.6.12	9	H6547	unto me; how then shall Pharaoh
Exo.6.12	10	H8085	hear
Exo.6.12	11	H589	me,
Exo.6.12	12	H6189	who am of uncircumcised
Exo.6.12	13	H8193	lips?
Exo.6.13	1	H3068	And Jehovah
Exo.6.13	2	H1696	spake
Exo.6.13	3	H4872	unto Moses
Exo.6.13	4	H175	and unto Aaron,
Exo.6.13	5	H6680	and gave them a charge
Exo.6.13	6	H1121	unto the children
Exo.6.13	7	H3478	of Israel,
Exo.6.13	8	H6547	and unto Pharaoh
Exo.6.13	9	H4428	king
Exo.6.13	10	H4714	of Egypt,
Exo.6.13	11	H3318	to bring
Exo.6.13	12	H1121	the children
Exo.6.13	13	H3478	of Israel
Exo.6.13	14	H776	out of the land
Exo.6.13	15	H4714	of Egypt.
Exo.6.14	1	H7218	These are the heads
Exo.6.14	2	H1	of their fathers'
Exo.6.14	3	H1004	houses.
Exo.6.14	4	H1121	The sons
Exo.6.14	5	H7205	of Reuben
Exo.6.14	6	H1060	the first-born
Exo.6.14	7	H3478	of Israel:
Exo.6.14	8	H2585	Hanoch,
Exo.6.14	9	H6396	and Pallu,
Exo.6.14	10	H2696	Hezron,
Exo.6.14	11	H3756	and Carmi;
Exo.6.14	12	H4940	these are the families
Exo.6.14	13	H7205	of Reuben.
Exo.6.15	1	H1121	And the sons
Exo.6.15	2	H8095	of Simeon:
Exo.6.15	3	H3223	Jemuel,
Exo.6.15	4	H3226	and Jamin,
Exo.6.15	5	H161	and Ohad,
Exo.6.15	6	H3199	and Jachin,
Exo.6.15	7	H6714	and Zohar,
Exo.6.15	8	H7586	and Shaul
Exo.6.15	9	H1121	the son
Exo.6.15	10	H3669	of a Canaanitish woman;
Exo.6.15	11	H4940	these are the families
Exo.6.15	12	H8095	of Simeon.
Exo.6.16	1	H8034	And these are the names
Exo.6.16	2	H1121	of the sons
Exo.6.16	3	H3878	of Levi
Exo.6.16	4	H8435	according to their generations:
Exo.6.16	5	H1648	Gershon,
Exo.6.16	6	H6955	and Kohath,
Exo.6.16	7	H4847	and Merari;
Exo.6.16	8	H8141	and the years
Exo.6.16	9	H2416	of the life
Exo.6.16	10	H3878	of Levi
Exo.6.16	11	H3967	were a hundred
Exo.6.16	12	H7970	thirty
Exo.6.16	13	H7651	and seven
Exo.6.16	14	H8141	years.
Exo.6.17	1	H1121	The sons
Exo.6.17	2	H1648	of Gershon:
Exo.6.17	3	H3845	Libni
Exo.6.17	4	H8096	and Shimei,
Exo.6.17	5	H4940	according to their families.
Exo.6.18	1	H1121	And the sons
Exo.6.18	2	H6955	of Kohath:
Exo.6.18	3	H6019	Amram,
Exo.6.18	4	H3324	and Izhar,
Exo.6.18	5	H2275	and Hebron,
Exo.6.18	6	H5816	and Uzziel;
Exo.6.18	7	H8141	and the years
Exo.6.18	8	H2416	of the life
Exo.6.18	9	H6955	of Kohath
Exo.6.18	10	H3967	were a hundred
Exo.6.18	11	H7970	thirty
Exo.6.18	12	H7969	and three
Exo.6.18	13	H8141	years.
Exo.6.19	1	H1121	And the sons
Exo.6.19	2	H4847	of Merari:
Exo.6.19	3	H4249	Mahli
Exo.6.19	4	H4187	and Mushi.
Exo.6.19	5	H4940	These are the families
Exo.6.19	6	H3878	of the Levites
Exo.6.19	7	H8435	according to their generations.
Exo.6.20	1	H6019	And Amram
Exo.6.20	2	H3947	took
Exo.6.20	3	H3115	him Jochebed
Exo.6.20	4	H1733	his father's sister
Exo.6.20	5	H802	to wife;
Exo.6.20	6	H3205	and she bare
Exo.6.20	7	H175	him Aaron
Exo.6.20	8	H4872	and Moses:
Exo.6.20	9	H8141	and the years
Exo.6.20	10	H2416	of the life
Exo.6.20	11	H6019	of Amram
Exo.6.20	12	H3967	were a hundred
Exo.6.20	13	H7970	and thirty
Exo.6.20	14	H7651	and seven
Exo.6.20	15	H8141	years.
Exo.6.21	1	H1121	And the sons
Exo.6.21	2	H3324	of Izhar:
Exo.6.21	3	H7141	Korah,
Exo.6.21	4	H5298	and Nepheg,
Exo.6.21	5	H2147	and Zichri.
Exo.6.22	1	H1121	And the sons
Exo.6.22	2	H5816	of Uzziel:
Exo.6.22	3	H4332	Mishael,
Exo.6.22	4	H469	and Elzaphan,
Exo.6.22	5	H5644	and Sithri.
Exo.6.23	1	H175	And Aaron
Exo.6.23	2	H3947	took
Exo.6.23	3	H472	him Elisheba,
Exo.6.23	4	H1323	the daughter
Exo.6.23	5	H5992	of Amminadab,
Exo.6.23	6	H269	the sister
Exo.6.23	7	H5177	of Nahshon,
Exo.6.23	8	H802	to wife;
Exo.6.23	9	H3205	and she bare
Exo.6.23	10	H5070	him Nadab
Exo.6.23	11	H30	and Abihu,
Exo.6.23	12	H499	Eleazar
Exo.6.23	13	H385	and Ithamar.
Exo.6.24	1	H1121	And the sons
Exo.6.24	2	H7141	of Korah:
Exo.6.24	3	H617	Assir,
Exo.6.24	4	H511	and Elkanah,
Exo.6.24	5	H23	and Abiasaph;
Exo.6.24	6	H4940	these are the families
Exo.6.24	7	H7145	of the Korahites.
Exo.6.25	1	H499	And Eleazar
Exo.6.25	2	H175	Aaron's
Exo.6.25	3	H1121	son
Exo.6.25	4	H3947	took
Exo.6.25	5	H1323	him one of the daughters
Exo.6.25	6	H6317	of Putiel
Exo.6.25	7	H802	to wife;
Exo.6.25	8	H3205	and she bare
Exo.6.25	9	H6372	him Phinehas.
Exo.6.25	10	H7218	These are the heads
Exo.6.25	11	H1	of the fathers'
Exo.6.25	12	H3881	<i>houses</i> of the Levites
Exo.6.25	13	H4940	according to their families.
Exo.6.26	1	H1931	These
Exo.6.26	2	H175	are that Aaron
Exo.6.26	3	H4872	and Moses,
Exo.6.26	4	H834	to whom
Exo.6.26	5	H3068	Jehovah
Exo.6.26	6	H559	said,
Exo.6.26	7	H3318	Bring out
Exo.6.26	8	H1121	the children
Exo.6.26	9	H3478	of Israel
Exo.6.26	10	H776	from the land
Exo.6.26	11	H4714	of Egypt
Exo.6.26	12	H6635	according to their hosts.
Exo.6.27	1	H1992	These
Exo.6.27	2	H1696	are they that spake
Exo.6.27	3	H6547	to Pharaoh
Exo.6.27	4	H4428	king
Exo.6.27	5	H4714	of Egypt,
Exo.6.27	6	H3318	to bring out
Exo.6.27	7	H1121	the children
Exo.6.27	8	H3478	of Israel
Exo.6.27	9	H4714	from Egypt:
Exo.6.27	10	H4872	these are that Moses
Exo.6.27	11	H175	and Aaron.
Exo.6.28	1	H3117	And it came to pass on the day
Exo.6.28	2	H3068	when Jehovah
Exo.6.28	3	H1696	spake
Exo.6.28	4	H4872	unto Moses
Exo.6.28	5	H776	in the land
Exo.6.28	6	H4714	of Egypt,
Exo.6.29	1	H3068	that Jehovah
Exo.6.29	2	H1696	spake
Exo.6.29	3	H4872	unto Moses,
Exo.6.29	4	H559	saying,
Exo.6.29	5	H3068	I am Jehovah:
Exo.6.29	6	H1696	speak
Exo.6.29	7	H6547	thou unto Pharaoh
Exo.6.29	8	H4428	king
Exo.6.29	9	H4714	of Egypt
Exo.6.29	10	H1696	all that I speak unto thee.
Exo.6.30	1	H4872	And Moses
Exo.6.30	2	H559	said
Exo.6.30	3	H6440	before
Exo.6.30	4	H3068	Jehovah,
Exo.6.30	5	H6189	Behold, I am of uncircumcised
Exo.6.30	6	H8193	lips,
Exo.6.30	7	H6547	and how shall Pharaoh
Exo.6.30	8	H8085	hearken unto me?
Exo.7.1	1	H3068	And Jehovah
Exo.7.1	2	H559	said
Exo.7.1	3	H4872	unto Moses,
Exo.7.1	4	H7200	See,
Exo.7.1	5	H5414	I have made
Exo.7.1	6	H430	thee as God
Exo.7.1	7	H6547	to Pharaoh;
Exo.7.1	8	H175	and Aaron
Exo.7.1	9	H251	thy brother
Exo.7.1	10	H5030	shall be thy prophet.
Exo.7.2	1	H1696	Thou shalt speak
Exo.7.2	2	H6680	all that I command
Exo.7.2	3	H175	thee; and Aaron
Exo.7.2	4	H251	thy brother
Exo.7.2	5	H1696	shall speak
Exo.7.2	6	H6547	unto Pharaoh,
Exo.7.2	7	H7971	that he let
Exo.7.2	8	H1121	the children
Exo.7.2	9	H3478	of Israel
Exo.7.2	10	H776	go out of his land.
Exo.7.3	1	H7185	And I will harden
Exo.7.3	2	H6547	Pharaoh's
Exo.7.3	3	H3820	heart,
Exo.7.3	4	H7235	and multiply
Exo.7.3	5	H226	my signs
Exo.7.3	6	H4159	and my wonders
Exo.7.3	7	H776	in the land
Exo.7.3	8	H4714	of Egypt.
Exo.7.4	1	H6547	But Pharaoh
Exo.7.4	2	H8085	will not hearken
Exo.7.4	3	H5414	unto you, and I will lay
Exo.7.4	4	H3027	my hand
Exo.7.4	5	H4714	upon Egypt,
Exo.7.4	6	H3318	and bring forth
Exo.7.4	7	H6635	my hosts,
Exo.7.4	8	H5971	my people
Exo.7.4	9	H1121	the children
Exo.7.4	10	H3478	of Israel,
Exo.7.4	11	H776	out of the land
Exo.7.4	12	H4714	of Egypt
Exo.7.4	13	H1419	by great
Exo.7.4	14	H8201	judgments.
Exo.7.5	1	H4714	And the Egyptians
Exo.7.5	2	H3045	shall know
Exo.7.5	3	H3068	that I am Jehovah,
Exo.7.5	4	H5186	when I stretch forth
Exo.7.5	5	H3027	my hand
Exo.7.5	6	H4714	upon Egypt,
Exo.7.5	7	H3318	and bring out
Exo.7.5	8	H1121	the children
Exo.7.5	9	H3478	of Israel
Exo.7.5	10	H8432	from among them.
Exo.7.6	1	H4872	And Moses
Exo.7.6	2	H175	and Aaron
Exo.7.6	3	H6213	did
Exo.7.6	4	H3068	so; as Jehovah
Exo.7.6	5	H6680	commanded
Exo.7.6	6	H6213	them, so did they.
Exo.7.7	1	H4872	And Moses
Exo.7.7	2	H8084	was fourscore
Exo.7.7	3	H8141	years
Exo.7.7	4	H1121	old,
Exo.7.7	5	H175	and Aaron
Exo.7.7	6	H8084	fourscore
Exo.7.7	7	H7969	and three
Exo.7.7	8	H8141	years
Exo.7.7	9	H1121	old,
Exo.7.7	10	H1696	when they spake
Exo.7.7	11	H6547	unto Pharaoh.
Exo.7.8	1	H3068	And Jehovah
Exo.7.8	2	H559	spake
Exo.7.8	3	H4872	unto Moses
Exo.7.8	4	H175	and unto Aaron,
Exo.7.8	5	H559	saying,
Exo.7.9	1	H6547	When Pharaoh
Exo.7.9	2	H1696	shall speak
Exo.7.9	3	H559	unto you, saying,
Exo.7.9	4	H5414	Show
Exo.7.9	5	H4159	a wonder
Exo.7.9	6	H559	for you; then thou shalt say
Exo.7.9	7	H175	unto Aaron,
Exo.7.9	8	H3947	Take
Exo.7.9	9	H4294	thy rod,
Exo.7.9	10	H7993	and cast
Exo.7.9	11	H6440	it down before
Exo.7.9	12	H6547	Pharaoh,
Exo.7.9	13	H8577	that it become a serpent.
Exo.7.10	1	H4872	And Moses
Exo.7.10	2	H175	and Aaron
Exo.7.10	3	H935	went in
Exo.7.10	4	H6547	unto Pharaoh,
Exo.7.10	5	H6213	and they did
Exo.7.10	6	H3068	so, as Jehovah
Exo.7.10	7	H6680	had commanded:
Exo.7.10	8	H175	and Aaron
Exo.7.10	9	H7993	cast down
Exo.7.10	10	H4294	his rod
Exo.7.10	11	H6440	before
Exo.7.10	12	H6547	Pharaoh
Exo.7.10	13	H6440	and before
Exo.7.10	14	H5650	his servants,
Exo.7.10	15	H8577	and it became a serpent.
Exo.7.11	1	H6547	Then Pharaoh
Exo.7.11	2	H7121	also called
Exo.7.11	3	H2450	for the wise men
Exo.7.11	4	H3784	and the sorcerers:
Exo.7.11	5	H2748	and they also, the magicians
Exo.7.11	6	H4714	of Egypt,
Exo.7.11	7	H6213	did
Exo.7.11	8	H3651	in like manner
Exo.7.11	9	H3858	with their enchantments.
Exo.7.12	1	H7993	For they cast down
Exo.7.12	2	H376	every man
Exo.7.12	3	H4294	his rod,
Exo.7.12	4	H8577	and they became serpents:
Exo.7.12	5	H175	but Aaron's
Exo.7.12	6	H4294	rod
Exo.7.12	7	H1104	swallowed up
Exo.7.12	8	H4294	their rods.
Exo.7.13	1	H6547	And Pharaoh's
Exo.7.13	2	H3820	heart
Exo.7.13	3	H2388	was hardened,
Exo.7.13	4	H8085	and he hearkened
Exo.7.13	5	H3068	not unto them; as Jehovah
Exo.7.13	6	H1696	had spoken.
Exo.7.14	1	H3068	And Jehovah
Exo.7.14	2	H559	said
Exo.7.14	3	H4872	unto Moses,
Exo.7.14	4	H6547	Pharaoh's
Exo.7.14	5	H3820	heart
Exo.7.14	6	H3515	is stubborn,
Exo.7.14	7	H3985	he refuseth
Exo.7.14	8	H5971	to let the people
Exo.7.14	9	H7971	go.
Exo.7.15	1	H3212	Get
Exo.7.15	2	H6547	thee unto Pharaoh
Exo.7.15	3	H1242	in the morning;
Exo.7.15	4	H3318	lo, he goeth out
Exo.7.15	5	H4325	unto the water;
Exo.7.15	6	H5324	and thou shalt stand
Exo.7.15	7	H2975	by the river's
Exo.7.15	8	H8193	brink
Exo.7.15	9	H7125	to meet
Exo.7.15	10	H4294	him; and the rod
Exo.7.15	11	H2015	which was turned
Exo.7.15	12	H5175	to a serpent
Exo.7.15	13	H3947	shalt thou take
Exo.7.15	14	H3027	in thy hand.
Exo.7.16	1	H559	And thou shalt say
Exo.7.16	2	H3068	unto him, Jehovah,
Exo.7.16	3	H430	the God
Exo.7.16	4	H5680	of the Hebrews,
Exo.7.16	5	H7971	hath sent
Exo.7.16	6	H559	me unto thee, saying,
Exo.7.16	7	H5971	Let my people
Exo.7.16	8	H7971	go,
Exo.7.16	9	H5647	that they may serve
Exo.7.16	10	H4057	me in the wilderness:
Exo.7.16	11	H3541	and, behold, hitherto
Exo.7.16	12	H8085	thou hast not hearkened.
Exo.7.17	1	H559	Thus saith
Exo.7.17	2	H3068	Jehovah,
Exo.7.17	3	H3045	In this thou shalt know
Exo.7.17	4	H3068	that I am Jehovah:
Exo.7.17	5	H5221	behold, I will smite
Exo.7.17	6	H4294	with the rod
Exo.7.17	7	H3027	that is in my hand
Exo.7.17	8	H4325	upon the waters
Exo.7.17	9	H2975	which are in the river,
Exo.7.17	10	H2015	and they shall be turned
Exo.7.17	11	H1818	to blood.
Exo.7.18	1	H1710	And the fish
Exo.7.18	2	H2975	that are in the river
Exo.7.18	3	H4191	shall die,
Exo.7.18	4	H2975	and the river
Exo.7.18	5	H887	shall become foul;
Exo.7.18	6	H4714	and the Egyptians
Exo.7.18	7	H3811	shall loathe
Exo.7.18	8	H8354	to drink
Exo.7.18	9	H4325	water
Exo.7.18	10	H2975	from the river.
Exo.7.19	1	H3068	And Jehovah
Exo.7.19	2	H559	said
Exo.7.19	3	H4872	unto Moses,
Exo.7.19	4	H175	Say unto Aaron,
Exo.7.19	5	H3947	Take
Exo.7.19	6	H4294	thy rod,
Exo.7.19	7	H5186	and stretch out
Exo.7.19	8	H3027	thy hand
Exo.7.19	9	H4325	over the waters
Exo.7.19	10	H4714	of Egypt,
Exo.7.19	11	H2975	over their rivers,
Exo.7.19	12	H5104	over their streams,
Exo.7.19	13	H4723	and over their pools,
Exo.7.19	14	H98	and over all their ponds
Exo.7.19	15	H4325	of water,
Exo.7.19	16	H1818	that they may become blood;
Exo.7.19	17	H1818	and there shall be blood
Exo.7.19	18	H776	throughout all the land
Exo.7.19	19	H4714	of Egypt,
Exo.7.19	20	H6086	both in vessels of wood
Exo.7.19	21	H68	and in vessels of stone.
Exo.7.20	1	H4872	And Moses
Exo.7.20	2	H175	and Aaron
Exo.7.20	3	H6213	did
Exo.7.20	4	H3068	so, as Jehovah
Exo.7.20	5	H6680	commanded;
Exo.7.20	6	H7311	and he lifted up
Exo.7.20	7	H4294	the rod,
Exo.7.20	8	H5221	and smote
Exo.7.20	9	H4325	the waters
Exo.7.20	10	H2975	that were in the river,
Exo.7.20	11	H5869	in the sight
Exo.7.20	12	H6547	of Pharaoh,
Exo.7.20	13	H5869	and in the sight
Exo.7.20	14	H5650	of his servants;
Exo.7.20	15	H4325	and all the waters
Exo.7.20	16	H2975	that were in the river
Exo.7.20	17	H2015	were turned
Exo.7.20	18	H1818	to blood.
Exo.7.21	1	H1710	And the fish
Exo.7.21	2	H2975	that were in the river
Exo.7.21	3	H4191	died;
Exo.7.21	4	H2975	and the river
Exo.7.21	5	H887	became foul,
Exo.7.21	6	H4714	and the Egyptians
Exo.7.21	7	H3201	could
Exo.7.21	8	H8354	not drink
Exo.7.21	9	H4325	water
Exo.7.21	10	H2975	from the river;
Exo.7.21	11	H1818	and the blood
Exo.7.21	12	H776	was throughout all the land
Exo.7.21	13	H4714	of Egypt.
Exo.7.22	1	H2748	And the magicians
Exo.7.22	2	H4714	of Egypt
Exo.7.22	3	H6213	did
Exo.7.22	4	H3909	in like manner with their enchantments:
Exo.7.22	5	H6547	and Pharaoh's
Exo.7.22	6	H3820	heart
Exo.7.22	7	H2388	was hardened,
Exo.7.22	8	H8085	and he hearkened
Exo.7.22	9	H3068	not unto them; as Jehovah
Exo.7.22	10	H1696	had spoken.
Exo.7.23	1	H6547	And Pharaoh
Exo.7.23	2	H6437	turned
Exo.7.23	3	H935	and went
Exo.7.23	4	H1004	into his house,
Exo.7.23	5	H7896	neither did he lay
Exo.7.23	6	H2063	even this
Exo.7.23	7	H3820	to heart.
Exo.7.24	1	H4714	And all the Egyptians
Exo.7.24	2	H2658	digged
Exo.7.24	3	H5439	round about
Exo.7.24	4	H2975	the river
Exo.7.24	5	H4325	for water
Exo.7.24	6	H8354	to drink;
Exo.7.24	7	H3201	for they could
Exo.7.24	8	H8354	not drink
Exo.7.24	9	H4325	of the water
Exo.7.24	10	H2975	of the river.
Exo.7.25	1	H7651	And seven
Exo.7.25	2	H3117	days
Exo.7.25	3	H4390	were fulfilled,
Exo.7.25	4	H310	after
Exo.7.25	5	H3068	that Jehovah
Exo.7.25	6	H5221	had smitten
Exo.7.25	7	H2975	the river.
Exo.8.1	1	H3068	And Jehovah
Exo.8.1	2	H559	spake
Exo.8.1	3	H4872	unto Moses,
Exo.8.1	4	H935	Go
Exo.8.1	5	H6547	in unto Pharaoh,
Exo.8.1	6	H559	and say
Exo.8.1	7	H559	unto him, Thus saith
Exo.8.1	8	H3068	Jehovah,
Exo.8.1	9	H5971	Let my people
Exo.8.1	10	H7971	go,
Exo.8.1	11	H5647	that they may serve me.
Exo.8.2	1	H3986	And if thou refuse
Exo.8.2	2	H7971	to let them go,
Exo.8.2	3	H5062	behold, I will smite
Exo.8.2	4	H1366	all thy borders
Exo.8.2	5	H6854	with frogs:
Exo.8.3	1	H2975	and the river
Exo.8.3	2	H8317	shall swarm
Exo.8.3	3	H8317	with
Exo.8.3	4	H6854	frogs,
Exo.8.3	5	H5927	which shall go up
Exo.8.3	6	H935	and come
Exo.8.3	7	H1004	into thy house,
Exo.8.3	8	H2315	and into thy bedchamber,
Exo.8.3	9	H4296	and upon thy bed,
Exo.8.3	10	H1004	and into the house
Exo.8.3	11	H5650	of thy servants,
Exo.8.3	12	H5971	and upon thy people,
Exo.8.3	13	H8574	and into thine ovens,
Exo.8.3	14	H4863	and into thy kneading-troughs:
Exo.8.4	1	H6854	and the frogs
Exo.8.4	2	H5927	shall come up
Exo.8.4	3	H5971	both upon thee, and upon thy people,
Exo.8.4	4	H5650	and upon all thy servants.
Exo.8.5	1	H3068	And Jehovah
Exo.8.5	2	H559	said
Exo.8.5	3	H4872	unto Moses,
Exo.8.5	4	H559	Say
Exo.8.5	5	H175	unto Aaron,
Exo.8.5	6	H5186	Stretch forth
Exo.8.5	7	H3027	thy hand
Exo.8.5	8	H4294	with thy rod
Exo.8.5	9	H2975	over the rivers,
Exo.8.5	10	H5104	over the streams,
Exo.8.5	11	H98	and over the pools,
Exo.8.5	12	H6854	and cause frogs
Exo.8.5	13	H5927	to come up
Exo.8.5	14	H776	upon the land
Exo.8.5	15	H4714	of Egypt.
Exo.8.6	1	H175	And Aaron
Exo.8.6	2	H5186	stretched out
Exo.8.6	3	H3027	his hand
Exo.8.6	4	H4325	over the waters
Exo.8.6	5	H4714	of Egypt;
Exo.8.6	6	H6854	and the frogs
Exo.8.6	7	H5927	came up,
Exo.8.6	8	H3680	and covered
Exo.8.6	9	H776	the land
Exo.8.6	10	H4714	of Egypt.
Exo.8.7	1	H2748	And the magicians
Exo.8.7	2	H6213	did
Exo.8.7	3	H3909	in like manner with their enchantments,
Exo.8.7	4	H5927	and brought up
Exo.8.7	5	H6854	frogs
Exo.8.7	6	H776	upon the land
Exo.8.7	7	H4714	of Egypt.
Exo.8.8	1	H6547	Then Pharaoh
Exo.8.8	2	H7121	called
Exo.8.8	3	H4872	for Moses
Exo.8.8	4	H175	and Aaron,
Exo.8.8	5	H559	and said,
Exo.8.8	6	H6279	Entreat
Exo.8.8	7	H3068	Jehovah,
Exo.8.8	8	H5493	that he take away
Exo.8.8	9	H6854	the frogs
Exo.8.8	10	H5971	from me, and from my people;
Exo.8.8	11	H5971	and I will let the people
Exo.8.8	12	H7971	go,
Exo.8.8	13	H2076	that they may sacrifice
Exo.8.8	14	H3068	unto Jehovah.
Exo.8.9	1	H4872	And Moses
Exo.8.9	2	H559	said
Exo.8.9	3	H6547	unto Pharaoh,
Exo.8.9	4	H6286	Have thou this glory
Exo.8.9	5	H4970	over me: against what time
Exo.8.9	6	H6279	shall I entreat
Exo.8.9	7	H5650	for thee, and for thy servants,
Exo.8.9	8	H5971	and for thy people,
Exo.8.9	9	H6854	that the frogs
Exo.8.9	10	H3772	be destroyed
Exo.8.9	11	H1004	from thee and thy houses,
Exo.8.9	12	H7604	and remain
Exo.8.9	13	H2975	in the river only?
Exo.8.10	1	H559	And he said,
Exo.8.10	2	H4279	Against to-morrow.
Exo.8.10	3	H559	And he said,
Exo.8.10	4	H1697	Be it according to thy word;
Exo.8.10	5	H3045	that thou mayest know
Exo.8.10	6	H3068	that there is none like unto Jehovah
Exo.8.10	7	H430	our God.
Exo.8.11	1	H6854	And the frogs
Exo.8.11	2	H5493	shall depart
Exo.8.11	3	H1004	from thee, and from thy houses,
Exo.8.11	4	H5650	and from thy servants,
Exo.8.11	5	H5971	and from thy people;
Exo.8.11	6	H7604	they shall remain
Exo.8.11	7	H2975	in the river only.
Exo.8.12	1	H4872	And Moses
Exo.8.12	2	H175	and Aaron
Exo.8.12	3	H3318	went out
Exo.8.12	4	H6547	from Pharaoh:
Exo.8.12	5	H4872	and Moses
Exo.8.12	6	H6817	cried
Exo.8.12	7	H3068	unto Jehovah
Exo.8.12	8	H1697	concerning the
Exo.8.12	9	H6854	frogs
Exo.8.12	10	H7760	which he had brought
Exo.8.12	11	H6547	upon Pharaoh.
Exo.8.13	1	H3068	And Jehovah
Exo.8.13	2	H6213	did
Exo.8.13	3	H1697	according to the word
Exo.8.13	4	H4872	of Moses;
Exo.8.13	5	H6854	and the frogs
Exo.8.13	6	H4191	died
Exo.8.13	7	H1004	out of the houses,
Exo.8.13	8	H7704	out of the courts, and out of the fields.
Exo.8.14	1	H6651	And they gathered them together
Exo.8.14	2	H2563	in heaps;
Exo.8.14	3	H776	and the land
Exo.8.14	4	H887	stank.
Exo.8.15	1	H6547	But when Pharaoh
Exo.8.15	2	H7200	saw
Exo.8.15	3	H7309	that there was respite,
Exo.8.15	4	H3513	he hardened
Exo.8.15	5	H3820	his heart,
Exo.8.15	6	H8085	and hearkened
Exo.8.15	7	H3068	not unto them; as Jehovah
Exo.8.15	8	H1696	had spoken.
Exo.8.16	1	H3068	And Jehovah
Exo.8.16	2	H559	said
Exo.8.16	3	H4872	unto Moses,
Exo.8.16	4	H559	Say
Exo.8.16	5	H175	unto Aaron,
Exo.8.16	6	H5186	Stretch out
Exo.8.16	7	H4294	thy rod,
Exo.8.16	8	H5221	and smite
Exo.8.16	9	H6083	the dust
Exo.8.16	10	H776	of the earth,
Exo.8.16	11	H3654	that it may become lice
Exo.8.16	12	H776	throughout all the land
Exo.8.16	13	H4714	of Egypt.
Exo.8.17	1	H6213	And they did
Exo.8.17	2	H175	so; and Aaron
Exo.8.17	3	H5186	stretched out
Exo.8.17	4	H3027	his hand
Exo.8.17	5	H4294	with his rod,
Exo.8.17	6	H5221	and smote
Exo.8.17	7	H6083	the dust
Exo.8.17	8	H776	of the earth,
Exo.8.17	9	H3654	and there were lice
Exo.8.17	10	H120	upon man,
Exo.8.17	11	H929	and upon beast;
Exo.8.17	12	H6083	all the dust
Exo.8.17	13	H776	of the earth
Exo.8.17	14	H3654	became lice
Exo.8.17	15	H776	throughout all the land
Exo.8.17	16	H4714	of Egypt.
Exo.8.18	1	H2748	And the magicians
Exo.8.18	2	H6213	did
Exo.8.18	3	H3909	so with their enchantments
Exo.8.18	4	H3318	to bring forth
Exo.8.18	5	H3654	lice,
Exo.8.18	6	H3201	but they could
Exo.8.18	7	H3654	not: and there were lice
Exo.8.18	8	H120	upon man,
Exo.8.18	9	H929	and upon beast.
Exo.8.19	1	H2748	Then the magicians
Exo.8.19	2	H559	said
Exo.8.19	3	H6547	unto Pharaoh,
Exo.8.19	4	H676	This is the finger
Exo.8.19	5	H430	of God:
Exo.8.19	6	H6547	and Pharaoh's
Exo.8.19	7	H3820	heart
Exo.8.19	8	H2388	was hardened,
Exo.8.19	9	H8085	and he hearkened
Exo.8.19	10	H3068	not unto them; as Jehovah
Exo.8.19	11	H1696	had spoken.
Exo.8.20	1	H3068	And Jehovah
Exo.8.20	2	H559	said
Exo.8.20	3	H4872	unto Moses,
Exo.8.20	4	H7925	Rise up early
Exo.8.20	5	H1242	in the morning,
Exo.8.20	6	H3320	and stand
Exo.8.20	7	H6440	before
Exo.8.20	8	H6547	Pharaoh;
Exo.8.20	9	H3318	lo, he cometh forth
Exo.8.20	10	H4325	to the water;
Exo.8.20	11	H559	and say
Exo.8.20	12	H559	unto him, Thus saith
Exo.8.20	13	H3068	Jehovah,
Exo.8.20	14	H5971	Let my people
Exo.8.20	15	H7971	go,
Exo.8.20	16	H5647	that they may serve me.
Exo.8.21	1	H5971	Else, if thou wilt not let my people
Exo.8.21	2	H7971	go,
Exo.8.21	3	H7971	behold, I will send
Exo.8.21	4	H6157	swarms
Exo.8.21	5	H5650	of flies upon thee, and upon they servants,
Exo.8.21	6	H5971	and upon thy people,
Exo.8.21	7	H1004	and into thy houses:
Exo.8.21	8	H1004	and the houses
Exo.8.21	9	H4714	of the Egyptians
Exo.8.21	10	H4390	shall be full
Exo.8.21	11	H6157	of swarms
Exo.8.21	12	H127	of flies, and also the ground whereon they are.
Exo.8.22	1	H6395	And I will set apart
Exo.8.22	2	H3117	in that day
Exo.8.22	3	H776	the land
Exo.8.22	4	H1657	of Goshen,
Exo.8.22	5	H5971	in which my people
Exo.8.22	6	H5975	dwell,
Exo.8.22	7	H1115	that no
Exo.8.22	8	H6157	swarms
Exo.8.22	9	H1961	of flies shall be
Exo.8.22	10	H4616	there; to the end
Exo.8.22	11	H3045	thou mayest know
Exo.8.22	12	H3068	that I am Jehovah
Exo.8.22	13	H7130	in the midst
Exo.8.22	14	H776	of the earth.
Exo.8.23	1	H7760	And I will put
Exo.8.23	2	H6304	a division
Exo.8.23	3	H5971	between my people
Exo.8.23	4	H5971	and thy people:
Exo.8.23	5	H4279	by to-morrow
Exo.8.23	6	H226	shall this sign be.
Exo.8.24	1	H3068	And Jehovah
Exo.8.24	2	H6213	did
Exo.8.24	3	H935	so; and there came
Exo.8.24	4	H3515	grievous
Exo.8.24	5	H6157	swarms
Exo.8.24	6	H1004	of flies into the house
Exo.8.24	7	H6547	of Pharaoh,
Exo.8.24	8	H5650	and into his servants'
Exo.8.24	9	H1004	houses:
Exo.8.24	10	H776	and in all the land
Exo.8.24	11	H4714	of Egypt
Exo.8.24	12	H776	the land
Exo.8.24	13	H7843	was corrupted
Exo.8.24	14	H6440	by reason
Exo.8.24	15	H6157	of the swarms of flies.
Exo.8.25	1	H6547	And Pharaoh
Exo.8.25	2	H7121	called
Exo.8.25	3	H413	for
Exo.8.25	4	H4872	Moses
Exo.8.25	5	H175	and for Aaron,
Exo.8.25	6	H559	and said,
Exo.8.25	7	H3212	Go
Exo.8.25	8	H2076	ye, sacrifice
Exo.8.25	9	H430	to your God
Exo.8.25	10	H776	in the land.
Exo.8.26	1	H4872	And Moses
Exo.8.26	2	H559	said,
Exo.8.26	3	H3559	It is not meet
Exo.8.26	4	H6213	so to do;
Exo.8.26	5	H2005	for
Exo.8.26	6	H2076	we shall sacrifice
Exo.8.26	7	H8441	the abomination
Exo.8.26	8	H4714	of the Egyptians
Exo.8.26	9	H3068	to Jehovah
Exo.8.26	10	H430	our God:
Exo.8.26	11	H2076	lo, shall we sacrifice
Exo.8.26	12	H8441	the abomination
Exo.8.26	13	H4714	of the Egyptians
Exo.8.26	14	H5869	before their eyes,
Exo.8.26	15	H5619	and will they not stone us?
Exo.8.27	1	H3212	We will go
Exo.8.27	2	H7969	three
Exo.8.27	3	H3117	days'
Exo.8.27	4	H1870	journey
Exo.8.27	5	H4057	into the wilderness,
Exo.8.27	6	H2076	and sacrifice
Exo.8.27	7	H3068	to Jehovah
Exo.8.27	8	H430	our God,
Exo.8.27	9	H559	as he shall command us.
Exo.8.28	1	H6547	And Pharaoh
Exo.8.28	2	H559	said,
Exo.8.28	3	H7971	I will let you go,
Exo.8.28	4	H2076	that ye may sacrifice
Exo.8.28	5	H3068	to Jehovah
Exo.8.28	6	H430	your God
Exo.8.28	7	H4057	in the wilderness;
Exo.8.28	8	H3212	only ye shall not go
Exo.8.28	9	H7368	very
Exo.8.28	10	H7368	far away:
Exo.8.28	11	H6279	entreat
Exo.8.28	12	H1157	for me.
Exo.8.29	1	H4872	And Moses
Exo.8.29	2	H559	said,
Exo.8.29	3	H3318	Behold, I go out
Exo.8.29	4	H6279	from thee, and I will entreat
Exo.8.29	5	H3068	Jehovah
Exo.8.29	6	H6157	that the swarms
Exo.8.29	7	H5493	of flies may depart
Exo.8.29	8	H6547	from Pharaoh,
Exo.8.29	9	H5650	from his servants,
Exo.8.29	10	H5971	and from his people,
Exo.8.29	11	H4279	to-morrow:
Exo.8.29	12	H7535	only
Exo.8.29	13	H6547	let not Pharaoh
Exo.8.29	14	H2048	deal deceitfully
Exo.8.29	15	H3254	any more
Exo.8.29	16	H1115	in not
Exo.8.29	17	H5971	letting the people
Exo.8.29	18	H7971	go
Exo.8.29	19	H2076	to sacrifice
Exo.8.29	20	H3068	to Jehovah.
Exo.8.30	1	H4872	And Moses
Exo.8.30	2	H3318	went out
Exo.8.30	3	H6547	from Pharaoh,
Exo.8.30	4	H6279	and entreated
Exo.8.30	5	H3068	Jehovah.
Exo.8.31	1	H3068	And Jehovah
Exo.8.31	2	H6213	did
Exo.8.31	3	H1697	according to the word
Exo.8.31	4	H4872	of Moses;
Exo.8.31	5	H5493	and he removed
Exo.8.31	6	H6157	the swarms
Exo.8.31	7	H6547	of flies from Pharaoh,
Exo.8.31	8	H5650	from his servants,
Exo.8.31	9	H5971	and from his people;
Exo.8.31	10	H7604	there remained
Exo.8.31	11	H259	not one.
Exo.8.32	1	H6547	And Pharaoh
Exo.8.32	2	H3513	hardened
Exo.8.32	3	H3820	his heart
Exo.8.32	4	H6471	this time
Exo.8.32	5	H5971	also, and he did not let the people
Exo.8.32	6	H7971	go.
Exo.9.1	1	H3068	Then Jehovah
Exo.9.1	2	H559	said
Exo.9.1	3	H4872	unto Moses,
Exo.9.1	4	H935	Go
Exo.9.1	5	H6547	in unto Pharaoh,
Exo.9.1	6	H1696	and tell
Exo.9.1	7	H559	him, Thus saith
Exo.9.1	8	H3068	Jehovah,
Exo.9.1	9	H430	the God
Exo.9.1	10	H5680	of the Hebrews,
Exo.9.1	11	H5971	Let my people
Exo.9.1	12	H7971	go,
Exo.9.1	13	H5647	that they may serve me.
Exo.9.2	1	H3986	For if thou refuse
Exo.9.2	2	H7971	to let them go,
Exo.9.2	3	H2388	and wilt hold them still,
Exo.9.3	1	H3027	behold, the hand
Exo.9.3	2	H3068	of Jehovah
Exo.9.3	3	H1961	is
Exo.9.3	4	H4735	upon thy cattle
Exo.9.3	5	H7704	which are in the field,
Exo.9.3	6	H5483	upon the horses,
Exo.9.3	7	H2543	upon the asses,
Exo.9.3	8	H1581	upon the camels,
Exo.9.3	9	H1241	upon the herds,
Exo.9.3	10	H6629	and upon the flocks:
Exo.9.3	11	H3966	<i>there</i> <i>shall</i> <i>be</i> a very
Exo.9.3	12	H3515	grievous
Exo.9.3	13	H1698	murrain.
Exo.9.4	1	H3068	And Jehovah
Exo.9.4	2	H6395	shall make a distinction
Exo.9.4	3	H4735	between the cattle
Exo.9.4	4	H3478	of Israel
Exo.9.4	5	H4735	and the cattle
Exo.9.4	6	H4714	of Egypt;
Exo.9.4	7	H1697	and there shall nothing
Exo.9.4	8	H4191	die
Exo.9.4	9	H1121	of all that belongeth to the children
Exo.9.4	10	H3478	of Israel.
Exo.9.5	1	H3068	And Jehovah
Exo.9.5	2	H7760	appointed
Exo.9.5	3	H4150	a set time,
Exo.9.5	4	H559	saying,
Exo.9.5	5	H4279	To-morrow
Exo.9.5	6	H3068	Jehovah
Exo.9.5	7	H6213	shall do
Exo.9.5	8	H1697	this thing
Exo.9.5	9	H776	in the land.
Exo.9.6	1	H3068	And Jehovah
Exo.9.6	2	H6213	did
Exo.9.6	3	H1697	that thing
Exo.9.6	4	H4283	on the morrow;
Exo.9.6	5	H4735	and all the cattle
Exo.9.6	6	H4714	of Egypt
Exo.9.6	7	H4191	died;
Exo.9.6	8	H4735	but of the cattle
Exo.9.6	9	H1121	of the children
Exo.9.6	10	H3478	of Israel
Exo.9.6	11	H4191	died
Exo.9.6	12	H259	not one.
Exo.9.7	1	H6547	And Pharaoh
Exo.9.7	2	H7971	sent,
Exo.9.7	3	H259	and, behold, there was not so much as one
Exo.9.7	4	H4735	of the cattle
Exo.9.7	5	H3478	of the Israelites
Exo.9.7	6	H4191	dead.
Exo.9.7	7	H3820	But the heart
Exo.9.7	8	H6547	of Pharaoh
Exo.9.7	9	H3513	was stubborn,
Exo.9.7	10	H5971	and he did not let the people
Exo.9.7	11	H7971	go.
Exo.9.8	1	H3068	And Jehovah
Exo.9.8	2	H559	said
Exo.9.8	3	H4872	unto Moses
Exo.9.8	4	H175	and unto Aaron,
Exo.9.8	5	H3947	Take
Exo.9.8	6	H2651	to you handfuls
Exo.9.8	7	H6368	of ashes
Exo.9.8	8	H3536	of the furnace,
Exo.9.8	9	H4872	and let Moses
Exo.9.8	10	H2236	sprinkle
Exo.9.8	11	H8064	it toward heaven
Exo.9.8	12	H5869	in the sight
Exo.9.8	13	H6547	of Pharaoh.
Exo.9.9	1	H80	And it shall become small dust
Exo.9.9	2	H776	over all the land
Exo.9.9	3	H4714	of Egypt,
Exo.9.9	4	H7822	and shall be a boil
Exo.9.9	5	H6524	breaking forth
Exo.9.9	6	H76	with blains
Exo.9.9	7	H120	upon man
Exo.9.9	8	H929	and upon beast,
Exo.9.9	9	H776	throughout all the land
Exo.9.9	10	H4714	of Egypt.
Exo.9.10	1	H3947	And they took
Exo.9.10	2	H6368	ashes
Exo.9.10	3	H3536	of the furnace,
Exo.9.10	4	H5975	and stood
Exo.9.10	5	H6440	before
Exo.9.10	6	H6547	Pharaoh;
Exo.9.10	7	H4872	and Moses
Exo.9.10	8	H2236	sprinkled
Exo.9.10	9	H8064	it up toward heaven;
Exo.9.10	10	H7822	and it became a boil
Exo.9.10	11	H6524	breaking forth
Exo.9.10	12	H76	with blains
Exo.9.10	13	H120	upon man
Exo.9.10	14	H929	and upon beast.
Exo.9.11	1	H2748	And the magicians
Exo.9.11	2	H3201	could
Exo.9.11	3	H5975	not stand
Exo.9.11	4	H6440	before
Exo.9.11	5	H4872	Moses
Exo.9.11	6	H6440	because
Exo.9.11	7	H7822	of the boils;
Exo.9.11	8	H7822	for the boils
Exo.9.11	9	H2748	were upon the magicians,
Exo.9.11	10	H4714	and upon all the Egyptians.
Exo.9.12	1	H3068	And Jehovah
Exo.9.12	2	H2388	hardened
Exo.9.12	3	H3820	the heart
Exo.9.12	4	H6547	of Pharaoh,
Exo.9.12	5	H8085	and he hearkened
Exo.9.12	6	H3068	not unto them; as Jehovah
Exo.9.12	7	H1696	had spoken
Exo.9.12	8	H4872	unto Moses.
Exo.9.13	1	H3068	And Jehovah
Exo.9.13	2	H559	said
Exo.9.13	3	H4872	unto Moses,
Exo.9.13	4	H7925	Rise up early
Exo.9.13	5	H1242	in the morning,
Exo.9.13	6	H3320	and stand
Exo.9.13	7	H6440	before
Exo.9.13	8	H6547	Pharaoh,
Exo.9.13	9	H559	and say
Exo.9.13	10	H559	unto him, Thus saith
Exo.9.13	11	H3068	Jehovah,
Exo.9.13	12	H430	the God
Exo.9.13	13	H5680	of the Hebrews,
Exo.9.13	14	H5971	Let my people
Exo.9.13	15	H7971	go,
Exo.9.13	16	H5647	that they may serve me.
Exo.9.14	1	H6471	For I will this time
Exo.9.14	2	H7971	send
Exo.9.14	3	H4046	all my plagues
Exo.9.14	4	H3820	upon thy heart,
Exo.9.14	5	H5650	and upon thy servants,
Exo.9.14	6	H5971	and upon thy people;
Exo.9.14	7	H3045	that thou mayest know
Exo.9.14	8	H776	that there is none like me in all the earth.
Exo.9.15	1	H7971	For now I had put forth
Exo.9.15	2	H3027	my hand,
Exo.9.15	3	H5221	and smitten
Exo.9.15	4	H5971	thee and thy people
Exo.9.15	5	H1698	with pestilence,
Exo.9.15	6	H3582	and thou hadst been cut off
Exo.9.15	7	H776	from the earth:
Exo.9.16	1	H199	but in very
Exo.9.16	2	H5668	deed
Exo.9.16	3	H5975	for this cause have I made thee to stand,
Exo.9.16	4	H7200	to show
Exo.9.16	5	H3581	thee my power,
Exo.9.16	6	H8034	and that my name
Exo.9.16	7	H5608	may be declared
Exo.9.16	8	H776	throughout all the earth.
Exo.9.17	1	H5549	As yet exaltest
Exo.9.17	2	H5971	thou thyself against my people,
Exo.9.17	3	H7971	that thou wilt not let them go?
Exo.9.18	1	H4279	Behold, to-morrow
Exo.9.18	2	H6256	about this time
Exo.9.18	3	H4305	I will cause it to rain
Exo.9.18	4	H3966	a very
Exo.9.18	5	H3515	grievous
Exo.9.18	6	H1259	hail,
Exo.9.18	7	H3644	such as hath not been
Exo.9.18	8	H4714	in Egypt
Exo.9.18	9	H4480	since
Exo.9.18	10	H3117	the day it was founded even until now.
Exo.9.19	1	H7971	Now therefore send,
Exo.9.19	2	H5756	hasten
Exo.9.19	3	H4735	in thy cattle
Exo.9.19	4	H7704	and all that thou hast in the field;
Exo.9.19	5	H120	<i>for</i> every man
Exo.9.19	6	H929	and beast
Exo.9.19	7	H4672	that shall be found
Exo.9.19	8	H7704	in the field,
Exo.9.19	9	H622	and shall not be brought
Exo.9.19	10	H1004	home,
Exo.9.19	11	H1259	the hail
Exo.9.19	12	H3381	shall come down
Exo.9.19	13	H4191	upon them, and they shall die.
Exo.9.20	1	H3373	He that feared
Exo.9.20	2	H1697	the word
Exo.9.20	3	H3068	of Jehovah
Exo.9.20	4	H5650	among the servants
Exo.9.20	5	H6547	of Pharaoh
Exo.9.20	6	H5650	made his servants
Exo.9.20	7	H4735	and his cattle
Exo.9.20	8	H5127	flee
Exo.9.20	9	H1004	into the houses:
Exo.9.21	1	H7760	and he that regarded
Exo.9.21	2	H1697	not the word
Exo.9.21	3	H3068	of Jehovah
Exo.9.21	4	H5800	left
Exo.9.21	5	H5650	his servants
Exo.9.21	6	H4735	and his cattle
Exo.9.21	7	H7704	in the field.
Exo.9.22	1	H3068	And Jehovah
Exo.9.22	2	H559	said
Exo.9.22	3	H4872	unto Moses,
Exo.9.22	4	H5186	Stretch forth
Exo.9.22	5	H3027	thy hand
Exo.9.22	6	H8064	toward heaven,
Exo.9.22	7	H1259	that there may be hail
Exo.9.22	8	H776	in all the land
Exo.9.22	9	H4714	of Egypt,
Exo.9.22	10	H120	upon man,
Exo.9.22	11	H929	and upon beast,
Exo.9.22	12	H6212	and upon every herb
Exo.9.22	13	H7704	of the field,
Exo.9.22	14	H776	throughout the land
Exo.9.22	15	H4714	of Egypt.
Exo.9.23	1	H4872	And Moses
Exo.9.23	2	H5186	stretched forth
Exo.9.23	3	H4294	his rod
Exo.9.23	4	H8064	toward heaven:
Exo.9.23	5	H3068	and Jehovah
Exo.9.23	6	H5414	sent
Exo.9.23	7	H6963	thunder
Exo.9.23	8	H1259	and hail,
Exo.9.23	9	H784	and fire
Exo.9.23	10	H1980	ran down
Exo.9.23	11	H776	unto the earth;
Exo.9.23	12	H3068	and Jehovah
Exo.9.23	13	H4305	rained
Exo.9.23	14	H1259	hail
Exo.9.23	15	H776	upon the land
Exo.9.23	16	H4714	of Egypt.
Exo.9.24	1	H1259	So there was hail,
Exo.9.24	2	H784	and fire
Exo.9.24	3	H8432	mingled
Exo.9.24	4	H1259	with the hail,
Exo.9.24	5	H3966	very
Exo.9.24	6	H3515	grievous,
Exo.9.24	7	H3808	such as had not been
Exo.9.24	8	H776	in all the land
Exo.9.24	9	H4714	of Egypt
Exo.9.24	10	H1471	since it became a nation.
Exo.9.25	1	H1259	And the hail
Exo.9.25	2	H5221	smote
Exo.9.25	3	H776	throughout all the land
Exo.9.25	4	H4714	of Egypt
Exo.9.25	5	H7704	all that was in the field,
Exo.9.25	6	H120	both man
Exo.9.25	7	H929	and beast;
Exo.9.25	8	H1259	and the hail
Exo.9.25	9	H5221	smote
Exo.9.25	10	H6212	every herb
Exo.9.25	11	H7704	of the field,
Exo.9.25	12	H7665	and brake
Exo.9.25	13	H6086	every tree
Exo.9.25	14	H7704	of the field.
Exo.9.26	1	H776	Only in the land
Exo.9.26	2	H1657	of Goshen,
Exo.9.26	3	H1121	where the children
Exo.9.26	4	H3478	of Israel
Exo.9.26	5	H1259	were, was there no hail.
Exo.9.27	1	H6547	And Pharaoh
Exo.9.27	2	H7971	sent,
Exo.9.27	3	H7121	and called
Exo.9.27	4	H4872	for Moses
Exo.9.27	5	H175	and Aaron,
Exo.9.27	6	H559	and said
Exo.9.27	7	H2398	unto them, I have sinned
Exo.9.27	8	H6471	this time:
Exo.9.27	9	H3068	Jehovah
Exo.9.27	10	H6662	is righteous,
Exo.9.27	11	H5971	and I and my people
Exo.9.27	12	H7563	are wicked.
Exo.9.28	1	H6279	Entreat
Exo.9.28	2	H3068	Jehovah;
Exo.9.28	3	H7227	for there hath been enough
Exo.9.28	4	H430	of <i>these</i> mighty
Exo.9.28	5	H6963	thunderings
Exo.9.28	6	H1259	and hail;
Exo.9.28	7	H7971	and I will let you go,
Exo.9.28	8	H5975	and ye shall stay
Exo.9.28	9	H3254	no longer.
Exo.9.29	1	H4872	And Moses
Exo.9.29	2	H559	said
Exo.9.29	3	H3318	unto him, As soon as I am gone out
Exo.9.29	4	H5892	of the city,
Exo.9.29	5	H6566	I will spread abroad
Exo.9.29	6	H3709	my hands
Exo.9.29	7	H3068	unto Jehovah;
Exo.9.29	8	H6963	the thunders
Exo.9.29	9	H2308	shall cease,
Exo.9.29	10	H1259	neither shall there be any more hail;
Exo.9.29	11	H3045	that thou mayest know
Exo.9.29	12	H776	that the earth
Exo.9.29	13	H3068	is Jehovah's.
Exo.9.30	1	H5650	But as for thee and thy servants,
Exo.9.30	2	H3045	I know
Exo.9.30	3	H3372	that ye will not yet fear
Exo.9.30	4	H3068	Jehovah
Exo.9.30	5	H430	God.
Exo.9.31	1	H6594	And the flax
Exo.9.31	2	H8184	and the barley
Exo.9.31	3	H5221	were smitten:
Exo.9.31	4	H8184	for the barley
Exo.9.31	5	H24	was in the ear,
Exo.9.31	6	H6594	and the flax
Exo.9.31	7	H1392	was in bloom.
Exo.9.32	1	H2406	But the wheat
Exo.9.32	2	H3698	and the spelt
Exo.9.32	3	H5221	were not smitten:
Exo.9.32	4	H2007	for they
Exo.9.32	5	H648	were not grown up.
Exo.9.33	1	H4872	And Moses
Exo.9.33	2	H3318	went out
Exo.9.33	3	H5892	of the city
Exo.9.33	4	H6547	from Pharaoh,
Exo.9.33	5	H6566	and spread abroad
Exo.9.33	6	H3709	his hands
Exo.9.33	7	H3068	unto Jehovah:
Exo.9.33	8	H6963	and the thunders
Exo.9.33	9	H1259	and hail
Exo.9.33	10	H2308	ceased,
Exo.9.33	11	H4306	and the rain
Exo.9.33	12	H5413	was not poured
Exo.9.33	13	H776	upon the earth.
Exo.9.34	1	H6547	And when Pharaoh
Exo.9.34	2	H7200	saw
Exo.9.34	3	H4306	that the rain
Exo.9.34	4	H1259	and the hail
Exo.9.34	5	H6963	and the thunders
Exo.9.34	6	H2308	were ceased,
Exo.9.34	7	H2398	he sinned
Exo.9.34	8	H3254	yet more,
Exo.9.34	9	H3513	and hardened
Exo.9.34	10	H3820	his heart,
Exo.9.34	11	H5650	he and his servants.
Exo.9.35	1	H3820	And the heart
Exo.9.35	2	H6547	of Pharaoh
Exo.9.35	3	H2388	was hardened,
Exo.9.35	4	H1121	and he did not let the children
Exo.9.35	5	H3478	of Israel
Exo.9.35	6	H7971	go;
Exo.9.35	7	H3068	as Jehovah
Exo.9.35	8	H1696	had spoken
Exo.9.35	9	H3027	by
Exo.9.35	10	H4872	Moses.
Exo.10.1	1	H3068	And Jehovah
Exo.10.1	2	H559	said
Exo.10.1	3	H4872	unto Moses,
Exo.10.1	4	H935	Go
Exo.10.1	5	H6547	in unto Pharaoh:
Exo.10.1	6	H3513	for I have hardened
Exo.10.1	7	H3820	his heart,
Exo.10.1	8	H3820	and the heart
Exo.10.1	9	H5650	of his servants,
Exo.10.1	10	H7896	that I may show
Exo.10.1	11	H226	these my signs
Exo.10.1	12	H7130	in the midst of them,
Exo.10.2	1	H5608	and that thou mayest tell
Exo.10.2	2	H241	in the ears
Exo.10.2	3	H1121	of thy son,
Exo.10.2	4	H1121	and of thy son's
Exo.10.2	5	H1121	son,
Exo.10.2	6	H5953	what things I have wrought
Exo.10.2	7	H4714	upon Egypt,
Exo.10.2	8	H226	and my signs
Exo.10.2	9	H7760	which I have done
Exo.10.2	10	H3045	among them; that ye may know
Exo.10.2	11	H3068	that I am Jehovah.
Exo.10.3	1	H4872	And Moses
Exo.10.3	2	H175	and Aaron
Exo.10.3	3	H935	went in
Exo.10.3	4	H6547	unto Pharaoh,
Exo.10.3	5	H559	and said
Exo.10.3	6	H559	unto him, Thus saith
Exo.10.3	7	H3068	Jehovah,
Exo.10.3	8	H430	the God
Exo.10.3	9	H5680	of the Hebrews,
Exo.10.3	10	H4970	How long
Exo.10.3	11	H3985	wilt thou refuse
Exo.10.3	12	H6031	to humble
Exo.10.3	13	H6440	thyself before
Exo.10.3	14	H5971	me? let my people
Exo.10.3	15	H7971	go,
Exo.10.3	16	H5647	that they may serve me.
Exo.10.4	1	H3588	Else,
Exo.10.4	2	H3986	if thou refuse
Exo.10.4	3	H5971	to let my people
Exo.10.4	4	H7971	go,
Exo.10.4	5	H4279	behold, to-morrow
Exo.10.4	6	H935	will I bring
Exo.10.4	7	H697	locusts
Exo.10.4	8	H1366	into thy border:
Exo.10.5	1	H3680	and they shall cover
Exo.10.5	2	H5869	the face
Exo.10.5	3	H776	of the earth,
Exo.10.5	4	H3201	so that one shall not be able
Exo.10.5	5	H7200	to see
Exo.10.5	6	H776	the earth:
Exo.10.5	7	H398	and they shall eat
Exo.10.5	8	H3499	the residue
Exo.10.5	9	H6413	of that which is escaped,
Exo.10.5	10	H7604	which remaineth
Exo.10.5	11	H1259	unto you from the hail,
Exo.10.5	12	H398	and shall eat
Exo.10.5	13	H6086	every tree
Exo.10.5	14	H6779	which groweth
Exo.10.5	15	H7704	for you out of the field:
Exo.10.6	1	H1004	and thy houses
Exo.10.6	2	H1004	shall be filled, and the houses
Exo.10.6	3	H5650	of all thy servants,
Exo.10.6	4	H1004	and the houses
Exo.10.6	5	H4714	of all the Egyptians;
Exo.10.6	6	H1	as neither thy fathers
Exo.10.6	7	H1	nor thy fathers'
Exo.10.6	8	H1	fathers
Exo.10.6	9	H7200	have seen,
Exo.10.6	10	H3117	since the day
Exo.10.6	11	H127	that they were upon the earth
Exo.10.6	12	H3117	unto this day.
Exo.10.6	13	H6437	And he turned,
Exo.10.6	14	H3318	and went out
Exo.10.6	15	H6547	from Pharaoh.
Exo.10.7	1	H6547	And Pharaoh's
Exo.10.7	2	H5650	servants
Exo.10.7	3	H559	said
Exo.10.7	4	H4170	unto him, How long shall this man be a snare
Exo.10.7	5	H582	unto us? let the men
Exo.10.7	6	H7971	go,
Exo.10.7	7	H5647	that they may serve
Exo.10.7	8	H3068	Jehovah
Exo.10.7	9	H430	their God:
Exo.10.7	10	H3045	knowest
Exo.10.7	11	H2962	thou not yet
Exo.10.7	12	H4714	that Egypt
Exo.10.7	13	H6	is destroyed?
Exo.10.8	1	H4872	And Moses
Exo.10.8	2	H175	and Aaron
Exo.10.8	3	H7725	were brought again
Exo.10.8	4	H6547	unto Pharaoh:
Exo.10.8	5	H559	and he said
Exo.10.8	6	H3212	unto them, Go,
Exo.10.8	7	H5647	serve
Exo.10.8	8	H3068	Jehovah
Exo.10.8	9	H430	your God;
Exo.10.8	10	H1980	but who are they that shall go?
Exo.10.9	1	H4872	And Moses
Exo.10.9	2	H559	said,
Exo.10.9	3	H3212	We will go
Exo.10.9	4	H5288	with our young
Exo.10.9	5	H2205	and with our old;
Exo.10.9	6	H1121	with our sons
Exo.10.9	7	H1323	and with our daughters,
Exo.10.9	8	H6629	with our flocks
Exo.10.9	9	H1241	and with our herds
Exo.10.9	10	H3212	will we go;
Exo.10.9	11	H2282	for we must hold a feast
Exo.10.9	12	H3068	unto Jehovah.
Exo.10.10	1	H559	And he said
Exo.10.10	2	H3068	unto them, So be Jehovah
Exo.10.10	3	H7971	with you, as I will let you go,
Exo.10.10	4	H2945	and your little ones:
Exo.10.10	5	H7200	look
Exo.10.10	6	H7451	to it; for evil
Exo.10.10	7	H6440	is before you.
Exo.10.11	1	H3212	Not so: go
Exo.10.11	2	H1397	now ye that are men,
Exo.10.11	3	H5647	and serve
Exo.10.11	4	H3068	Jehovah;
Exo.10.11	5	H1245	for that is what ye desire.
Exo.10.11	6	H1644	And they were driven out
Exo.10.11	7	H6547	from Pharaoh's
Exo.10.11	8	H6440	presence.
Exo.10.12	1	H3068	And Jehovah
Exo.10.12	2	H559	said
Exo.10.12	3	H4872	unto Moses,
Exo.10.12	4	H5186	Stretch out
Exo.10.12	5	H3027	thy hand
Exo.10.12	6	H776	over the land
Exo.10.12	7	H4714	of Egypt
Exo.10.12	8	H697	for the locusts,
Exo.10.12	9	H5927	that they may come up
Exo.10.12	10	H776	upon the land
Exo.10.12	11	H4714	of Egypt,
Exo.10.12	12	H398	and eat
Exo.10.12	13	H6212	every herb
Exo.10.12	14	H776	of the land,
Exo.10.12	15	H1259	even all that the hail
Exo.10.12	16	H7604	hath left.
Exo.10.13	1	H4872	And Moses
Exo.10.13	2	H5186	stretched forth
Exo.10.13	3	H4294	his rod
Exo.10.13	4	H776	over the land
Exo.10.13	5	H4714	of Egypt,
Exo.10.13	6	H3068	and Jehovah
Exo.10.13	7	H5090	brought
Exo.10.13	8	H6921	an east
Exo.10.13	9	H7307	wind
Exo.10.13	10	H776	upon the land
Exo.10.13	11	H3117	all that day,
Exo.10.13	12	H3915	and all the night;
Exo.10.13	13	H1242	and when it was morning,
Exo.10.13	14	H6921	the east
Exo.10.13	15	H7307	wind
Exo.10.13	16	H5375	brought
Exo.10.13	17	H697	the locusts.
Exo.10.14	1	H697	And the locusts
Exo.10.14	2	H5927	went up
Exo.10.14	3	H776	over all the land
Exo.10.14	4	H4714	of Egypt,
Exo.10.14	5	H5117	and rested
Exo.10.14	6	H1366	in all the borders
Exo.10.14	7	H4714	of Egypt;
Exo.10.14	8	H3966	very
Exo.10.14	9	H3515	grievous
Exo.10.14	10	H6440	were they; before
Exo.10.14	11	H3651	them there were no such
Exo.10.14	12	H697	locusts
Exo.10.14	13	H310	as they, neither after them shall be such.
Exo.10.15	1	H3680	For they covered
Exo.10.15	2	H5869	the face
Exo.10.15	3	H776	of the whole earth,
Exo.10.15	4	H776	so that the land
Exo.10.15	5	H2821	was darkened;
Exo.10.15	6	H398	and they did eat
Exo.10.15	7	H6212	every herb
Exo.10.15	8	H776	of the land,
Exo.10.15	9	H6529	and all the fruit
Exo.10.15	10	H6086	of the trees
Exo.10.15	11	H1259	which the hail
Exo.10.15	12	H3498	had left:
Exo.10.15	13	H3498	and there remained
Exo.10.15	14	H3418	not any green thing,
Exo.10.15	15	H6086	either tree
Exo.10.15	16	H6212	or herb
Exo.10.15	17	H7704	of the field,
Exo.10.15	18	H776	through all the land
Exo.10.15	19	H4714	of Egypt.
Exo.10.16	1	H6547	Then Pharaoh
Exo.10.16	2	H7121	called
Exo.10.16	3	H4872	for Moses
Exo.10.16	4	H175	and Aaron
Exo.10.16	5	H4116	in haste;
Exo.10.16	6	H559	and he said,
Exo.10.16	7	H2398	I have sinned
Exo.10.16	8	H3068	against Jehovah
Exo.10.16	9	H430	your God, and against you.
Exo.10.17	1	H5375	Now therefore forgive,
Exo.10.17	2	H2403	I pray thee, my sin
Exo.10.17	3	H6471	only this once,
Exo.10.17	4	H6279	and entreat
Exo.10.17	5	H3068	Jehovah
Exo.10.17	6	H430	your God,
Exo.10.17	7	H5493	that he may take away
Exo.10.17	8	H4194	from me this death only.
Exo.10.18	1	H3318	And he went out
Exo.10.18	2	H6547	from Pharaoh,
Exo.10.18	3	H6279	and entreated
Exo.10.18	4	H3068	Jehovah.
Exo.10.19	1	H3068	And Jehovah
Exo.10.19	2	H2015	turned
Exo.10.19	3	H3966	an exceeding
Exo.10.19	4	H2389	strong
Exo.10.19	5	H3220	west
Exo.10.19	6	H7307	wind,
Exo.10.19	7	H5375	which took up
Exo.10.19	8	H697	the locusts,
Exo.10.19	9	H8628	and drove
Exo.10.19	10	H5488	them into the Red
Exo.10.19	11	H3220	Sea;
Exo.10.19	12	H7604	there remained
Exo.10.19	13	H259	not one
Exo.10.19	14	H697	locust
Exo.10.19	15	H1366	in all the border
Exo.10.19	16	H4714	of Egypt.
Exo.10.20	1	H3068	But Jehovah
Exo.10.20	2	H2388	hardened
Exo.10.20	3	H6547	Pharaoh's
Exo.10.20	4	H3820	heart,
Exo.10.20	5	H1121	and he did not let the children
Exo.10.20	6	H3478	of Israel
Exo.10.20	7	H7971	go.
Exo.10.21	1	H3068	And Jehovah
Exo.10.21	2	H559	said
Exo.10.21	3	H4872	unto Moses,
Exo.10.21	4	H5186	Stretch out
Exo.10.21	5	H3027	thy hand
Exo.10.21	6	H8064	toward heaven,
Exo.10.21	7	H2822	that there may be darkness
Exo.10.21	8	H776	over the land
Exo.10.21	9	H4714	of Egypt,
Exo.10.21	10	H2822	even darkness
Exo.10.21	11	H4959	which may be felt.
Exo.10.22	1	H4872	And Moses
Exo.10.22	2	H5186	stretched forth
Exo.10.22	3	H3027	his hand
Exo.10.22	4	H8064	toward heaven;
Exo.10.22	5	H653	and there was a thick
Exo.10.22	6	H2822	darkness
Exo.10.22	7	H776	in all the land
Exo.10.22	8	H4714	of Egypt
Exo.10.22	9	H7969	three
Exo.10.22	10	H3117	days;
Exo.10.23	1	H7200	they saw
Exo.10.23	2	H376	not one
Exo.10.23	3	H251	another,
Exo.10.23	4	H6965	neither rose
Exo.10.23	5	H376	any
Exo.10.23	6	H7969	one from his place for three
Exo.10.23	7	H3117	days:
Exo.10.23	8	H1121	but all the children
Exo.10.23	9	H3478	of Israel
Exo.10.23	10	H216	had light
Exo.10.23	11	H4186	in their dwellings.
Exo.10.24	1	H6547	And Pharaoh
Exo.10.24	2	H7121	called
Exo.10.24	3	H4872	unto Moses,
Exo.10.24	4	H559	and said,
Exo.10.24	5	H3212	Go
Exo.10.24	6	H5647	ye, serve
Exo.10.24	7	H3068	Jehovah;
Exo.10.24	8	H6629	only let your flocks
Exo.10.24	9	H1241	and your herds
Exo.10.24	10	H3322	be stayed:
Exo.10.24	11	H2945	let your little ones
Exo.10.24	12	H3212	also go with you.
Exo.10.25	1	H4872	And Moses
Exo.10.25	2	H559	said,
Exo.10.25	3	H5414	Thou must also give
Exo.10.25	4	H3027	into our hand
Exo.10.25	5	H6213	sacrifices
Exo.10.25	6	H5930	and burnt-offerings,
Exo.10.25	7	H6213	that we may sacrifice
Exo.10.25	8	H3068	unto Jehovah
Exo.10.25	9	H430	our God.
Exo.10.26	1	H4735	Our cattle
Exo.10.26	2	H3212	also shall go
Exo.10.26	3	H6541	with us; there shall not a hoof
Exo.10.26	4	H7604	be left behind;
Exo.10.26	5	H3947	for thereof must we take
Exo.10.26	6	H5647	to serve
Exo.10.26	7	H3068	Jehovah
Exo.10.26	8	H430	our God;
Exo.10.26	9	H3045	and we know
Exo.10.26	10	H5647	not with what we must serve
Exo.10.26	11	H3068	Jehovah,
Exo.10.26	12	H935	until we come thither.
Exo.10.27	1	H3068	But Jehovah
Exo.10.27	2	H2388	hardened
Exo.10.27	3	H6547	Pharaoh's
Exo.10.27	4	H3820	heart,
Exo.10.27	5	H14	and he would
Exo.10.27	6	H7971	not let them go.
Exo.10.28	1	H6547	And Pharaoh
Exo.10.28	2	H559	said
Exo.10.28	3	H3212	unto him, Get
Exo.10.28	4	H8104	thee from me, take heed
Exo.10.28	5	H7200	to thyself, see
Exo.10.28	6	H6440	my face
Exo.10.28	7	H3254	no more;
Exo.10.28	8	H3117	for in the day
Exo.10.28	9	H7200	thou seest
Exo.10.28	10	H6440	my face
Exo.10.28	11	H4191	thou shalt die.
Exo.10.29	1	H4872	And Moses
Exo.10.29	2	H559	said,
Exo.10.29	3	H1696	Thou hast spoken
Exo.10.29	4	H3651	well;
Exo.10.29	5	H7200	I will see
Exo.10.29	6	H6440	thy face
Exo.10.29	7	H3254	again no more.
Exo.11.1	1	H3068	And Jehovah
Exo.11.1	2	H559	said
Exo.11.1	3	H4872	unto Moses,
Exo.11.1	4	H259	Yet one
Exo.11.1	5	H5061	plague
Exo.11.1	6	H935	more will I bring
Exo.11.1	7	H6547	upon Pharaoh,
Exo.11.1	8	H4714	and upon Egypt;
Exo.11.1	9	H310	afterwards
Exo.11.1	10	H7971	he will let you go
Exo.11.1	11	H7971	hence: when he shall let you go,
Exo.11.1	12	H1644	he shall surely
Exo.11.1	13	H1644	thrust you out
Exo.11.1	14	H3617	hence altogether.
Exo.11.2	1	H1696	Speak
Exo.11.2	2	H241	now in the ears
Exo.11.2	3	H5971	of the people,
Exo.11.2	4	H7592	and let them ask
Exo.11.2	5	H376	every man
Exo.11.2	6	H7453	of his neighbor,
Exo.11.2	7	H802	and every woman
Exo.11.2	8	H7468	of her neighbor,
Exo.11.2	9	H3627	jewels
Exo.11.2	10	H3701	of silver,
Exo.11.2	11	H3627	and jewels
Exo.11.2	12	H2091	of gold.
Exo.11.3	1	H3068	And Jehovah
Exo.11.3	2	H5414	gave
Exo.11.3	3	H5971	the people
Exo.11.3	4	H2580	favor
Exo.11.3	5	H5869	in the sight
Exo.11.3	6	H4714	of the Egyptians.
Exo.11.3	7	H376	Moreover the man
Exo.11.3	8	H4872	Moses
Exo.11.3	9	H3966	was very
Exo.11.3	10	H1419	great
Exo.11.3	11	H776	in the land
Exo.11.3	12	H4714	of Egypt,
Exo.11.3	13	H5869	in the sight
Exo.11.3	14	H6547	of Pharaoh's
Exo.11.3	15	H5650	servants,
Exo.11.3	16	H5869	and in the sight
Exo.11.3	17	H5971	of the people.
Exo.11.4	1	H4872	And Moses
Exo.11.4	2	H559	said,
Exo.11.4	3	H559	Thus saith
Exo.11.4	4	H3068	Jehovah,
Exo.11.4	5	H3915	About midnight
Exo.11.4	6	H3318	will I go out
Exo.11.4	7	H8432	into the midst
Exo.11.4	8	H4714	of Egypt:
Exo.11.5	1	H1060	and all the first-born
Exo.11.5	2	H776	in the land
Exo.11.5	3	H4714	of Egypt
Exo.11.5	4	H4191	shall die,
Exo.11.5	5	H1060	from the first-born
Exo.11.5	6	H6547	of Pharaoh
Exo.11.5	7	H3678	that sitteth upon his throne,
Exo.11.5	8	H1060	even unto the first-born
Exo.11.5	9	H8198	of the maid-servant
Exo.11.5	10	H310	that is behind
Exo.11.5	11	H7347	the mill;
Exo.11.5	12	H1060	and all the first-born of cattle.
Exo.11.6	1	H1961	And there shall be
Exo.11.6	2	H1419	a great
Exo.11.6	3	H6818	cry
Exo.11.6	4	H776	throughout all the land
Exo.11.6	5	H4714	of Egypt,
Exo.11.6	6	H3808	such as there hath not been,
Exo.11.6	7	H3808	nor
Exo.11.6	8	H3254	shall be any more.
Exo.11.7	1	H1121	But against any of the children
Exo.11.7	2	H3478	of Israel
Exo.11.7	3	H3611	shall not a dog
Exo.11.7	4	H2782	move
Exo.11.7	5	H3956	his tongue,
Exo.11.7	6	H376	against man
Exo.11.7	7	H929	or beast:
Exo.11.7	8	H3045	that ye may know
Exo.11.7	9	H3068	how that Jehovah
Exo.11.7	10	H6395	doth make a distinction
Exo.11.7	11	H4714	between the Egyptians
Exo.11.7	12	H3478	and Israel.
Exo.11.8	1	H5650	And all these thy servants
Exo.11.8	2	H3381	shall come down
Exo.11.8	3	H7812	unto me, and bow down
Exo.11.8	4	H559	themselves unto me, saying,
Exo.11.8	5	H3318	Get thee out,
Exo.11.8	6	H5971	and all the people
Exo.11.8	7	H7272	that follow
Exo.11.8	8	H310	thee: and after
Exo.11.8	9	H3318	that I will go out.
Exo.11.8	10	H3318	And he went out
Exo.11.8	11	H6547	from Pharaoh
Exo.11.8	12	H2750	in hot
Exo.11.8	13	H639	anger.
Exo.11.9	1	H3068	And Jehovah
Exo.11.9	2	H559	said
Exo.11.9	3	H4872	unto Moses,
Exo.11.9	4	H6547	Pharaoh
Exo.11.9	5	H8085	will not hearken
Exo.11.9	6	H4159	unto you; that my wonders
Exo.11.9	7	H7235	may be multiplied
Exo.11.9	8	H776	in the land
Exo.11.9	9	H4714	of Egypt.
Exo.11.10	1	H4872	And Moses
Exo.11.10	2	H175	and Aaron
Exo.11.10	3	H6213	did
Exo.11.10	4	H4159	all these wonders
Exo.11.10	5	H6440	before
Exo.11.10	6	H6547	Pharaoh:
Exo.11.10	7	H3068	and Jehovah
Exo.11.10	8	H2388	hardened
Exo.11.10	9	H6547	Pharaoh's
Exo.11.10	10	H3820	heart,
Exo.11.10	11	H1121	and he did not let the children
Exo.11.10	12	H3478	of Israel
Exo.11.10	13	H7971	go out
Exo.11.10	14	H776	of his land.
Exo.12.1	1	H3068	And Jehovah
Exo.12.1	2	H559	spake
Exo.12.1	3	H4872	unto Moses
Exo.12.1	4	H175	and Aaron
Exo.12.1	5	H776	in the land
Exo.12.1	6	H4714	of Egypt,
Exo.12.1	7	H559	saying,
Exo.12.2	1	H2320	This month
Exo.12.2	2	H7218	shall be unto you the beginning
Exo.12.2	3	H2320	of months:
Exo.12.2	4	H7223	it shall be the first
Exo.12.2	5	H2320	month
Exo.12.2	6	H8141	of the year to you.
Exo.12.3	1	H1696	Speak
Exo.12.3	2	H5712	ye unto all the congregation
Exo.12.3	3	H3478	of Israel,
Exo.12.3	4	H559	saying,
Exo.12.3	5	H6218	In the tenth
Exo.12.3	6	H2320	<i>day</i> of this month
Exo.12.3	7	H3947	they shall take
Exo.12.3	8	H376	to them every man
Exo.12.3	9	H7716	a lamb,
Exo.12.3	10	H1	according to their fathers'
Exo.12.3	11	H1004	houses,
Exo.12.3	12	H7716	a lamb
Exo.12.3	13	H1004	for a household: <i></i>
Exo.12.4	1	H1004	and if the household
Exo.12.4	2	H1961	be
Exo.12.4	3	H4591	too little
Exo.12.4	4	H7716	for a lamb,
Exo.12.4	5	H7934	then shall he and his neighbor
Exo.12.4	6	H7138	next
Exo.12.4	7	H1004	unto his house
Exo.12.4	8	H3947	take
Exo.12.4	9	H4373	one according to the number
Exo.12.4	10	H5315	of the souls;
Exo.12.4	11	H6310	according
Exo.12.4	12	H376	to every man's
Exo.12.4	13	H400	eating
Exo.12.4	14	H3699	ye shall make your count
Exo.12.4	15	H7716	for the lamb.
Exo.12.5	1	H7716	Your lamb
Exo.12.5	2	H8549	shall be without blemish,
Exo.12.5	3	H2145	a male
Exo.12.5	4	H1121	a
Exo.12.5	5	H8141	year
Exo.12.5	6	H3947	old: ye shall take
Exo.12.5	7	H3532	it from the sheep,
Exo.12.5	8	H5795	or from the goats:
Exo.12.6	1	H4931	and ye shall keep
Exo.12.6	2	H702	it until the fourteenth
Exo.12.6	3	H3117	day
Exo.12.6	4	H2320	of the same month;
Exo.12.6	5	H3605	and the whole
Exo.12.6	6	H6951	assembly
Exo.12.6	7	H5712	of the congregation
Exo.12.6	8	H3478	of Israel
Exo.12.6	9	H7819	shall kill
Exo.12.6	10	H996	it at
Exo.12.6	11	H6153	even.
Exo.12.7	1	H3947	And they shall take
Exo.12.7	2	H1818	of the blood,
Exo.12.7	3	H5414	and put
Exo.12.7	4	H8147	it on the two
Exo.12.7	5	H4201	side-posts
Exo.12.7	6	H4947	and on the lintel,
Exo.12.7	7	H1004	upon the houses
Exo.12.7	8	H398	wherein they shall eat it.
Exo.12.8	1	H398	And they shall eat
Exo.12.8	2	H1320	the flesh
Exo.12.8	3	H3915	in that night,
Exo.12.8	4	H6748	roast
Exo.12.8	5	H784	with fire,
Exo.12.8	6	H4682	and unleavened bread;
Exo.12.8	7	H4844	with bitter
Exo.12.8	8	H398	herbs they shall eat it.
Exo.12.9	1	H398	Eat
Exo.12.9	2	H4995	not of it raw,
Exo.12.9	3	H1310	nor boiled
Exo.12.9	4	H4325	at all with water,
Exo.12.9	5	H6748	but roast
Exo.12.9	6	H784	with fire;
Exo.12.9	7	H7218	its head
Exo.12.9	8	H3767	with its legs
Exo.12.9	9	H7130	and with the inwards thereof.
Exo.12.10	1	H3498	And ye shall let nothing of it remain
Exo.12.10	2	H1242	until the morning;
Exo.12.10	3	H3498	but that which remaineth
Exo.12.10	4	H1242	of it until the morning
Exo.12.10	5	H8313	ye shall burn
Exo.12.10	6	H784	with fire.
Exo.12.11	1	H3602	And thus
Exo.12.11	2	H398	shall ye eat
Exo.12.11	3	H4975	it: with your loins
Exo.12.11	4	H2296	girded,
Exo.12.11	5	H5275	your shoes
Exo.12.11	6	H7272	on your feet,
Exo.12.11	7	H4731	and your staff
Exo.12.11	8	H3027	in your hand;
Exo.12.11	9	H398	and ye shall eat
Exo.12.11	10	H2649	it in haste:
Exo.12.11	11	H3068	it is Jehovah's
Exo.12.11	12	H6453	passover.
Exo.12.12	1	H5674	For I will go
Exo.12.12	2	H776	through the land
Exo.12.12	3	H4714	of Egypt
Exo.12.12	4	H3915	in that night,
Exo.12.12	5	H5221	and will smite
Exo.12.12	6	H1060	all the first-born
Exo.12.12	7	H776	in the land
Exo.12.12	8	H4714	of Egypt,
Exo.12.12	9	H120	both man
Exo.12.12	10	H929	and beast;
Exo.12.12	11	H430	and against all the gods
Exo.12.12	12	H4714	of Egypt
Exo.12.12	13	H6213	I will execute
Exo.12.12	14	H8201	judgments:
Exo.12.12	15	H3068	I am Jehovah.
Exo.12.13	1	H1818	And the blood
Exo.12.13	2	H226	shall be to you for a token
Exo.12.13	3	H1004	upon the houses
Exo.12.13	4	H7200	where ye are: and when I see
Exo.12.13	5	H1818	the blood,
Exo.12.13	6	H6452	I will pass
Exo.12.13	7	H5063	over you, and there shall no plague
Exo.12.13	8	H4889	be upon you to destroy
Exo.12.13	9	H5221	you, when I smite
Exo.12.13	10	H776	the land
Exo.12.13	11	H4714	of Egypt.
Exo.12.14	1	H3117	And this day
Exo.12.14	2	H2146	shall be unto you for a memorial,
Exo.12.14	3	H2287	and ye shall keep
Exo.12.14	4	H2282	it a feast
Exo.12.14	5	H3068	to Jehovah:
Exo.12.14	6	H1755	throughout your generations
Exo.12.14	7	H2287	ye shall keep it a feast
Exo.12.14	8	H2708	by an ordinance
Exo.12.14	9	H5769	for ever.
Exo.12.15	1	H7651	Seven
Exo.12.15	2	H3117	days
Exo.12.15	3	H398	shall ye eat
Exo.12.15	4	H4682	unleavened bread;
Exo.12.15	5	H389	even
Exo.12.15	6	H7223	the first
Exo.12.15	7	H3117	day
Exo.12.15	8	H7673	ye shall put away
Exo.12.15	9	H7603	leaven
Exo.12.15	10	H1004	out of your houses:
Exo.12.15	11	H398	for whosoever eateth
Exo.12.15	12	H2557	leavened bread
Exo.12.15	13	H7223	from the first
Exo.12.15	14	H3117	day
Exo.12.15	15	H7637	until the seventh
Exo.12.15	16	H3117	day,
Exo.12.15	17	H5315	that soul
Exo.12.15	18	H3772	shall be cut
Exo.12.15	19	H3478	off from Israel.
Exo.12.16	1	H7223	And in the first
Exo.12.16	2	H3117	day
Exo.12.16	3	H6944	there shall be to you a holy
Exo.12.16	4	H4744	convocation,
Exo.12.16	5	H7637	and in the seventh
Exo.12.16	6	H3117	day
Exo.12.16	7	H6944	a holy
Exo.12.16	8	H4744	convocation;
Exo.12.16	9	H4399	no manner of work
Exo.12.16	10	H6213	shall be done
Exo.12.16	11	H389	in them, save
Exo.12.16	12	H5315	that which every man
Exo.12.16	13	H398	must eat,
Exo.12.16	14	H6213	that only may be done by you.
Exo.12.17	1	H8104	And ye shall observe
Exo.12.17	2	H4682	the feast of unleavened bread;
Exo.12.17	3	H6106	for in this selfsame
Exo.12.17	4	H3117	day
Exo.12.17	5	H3318	have I brought
Exo.12.17	6	H6635	your hosts
Exo.12.17	7	H776	out of the land
Exo.12.17	8	H4714	of Egypt:
Exo.12.17	9	H8104	therefore shall ye observe
Exo.12.17	10	H3117	this day
Exo.12.17	11	H1755	throughout your generations
Exo.12.17	12	H2708	by an ordinance
Exo.12.17	13	H5769	for ever.
Exo.12.18	1	H7223	In the first
Exo.12.18	2	H6240	<i>month</i>, on the fourteenth
Exo.12.18	3	H3117	day
Exo.12.18	4	H2320	of the month
Exo.12.18	5	H6153	at even,
Exo.12.18	6	H398	ye shall eat
Exo.12.18	7	H4682	unleavened bread,
Exo.12.18	8	H259	until the one
Exo.12.18	9	H6242	and twentieth
Exo.12.18	10	H3117	day
Exo.12.18	11	H2320	of the month
Exo.12.18	12	H6153	at even.
Exo.12.19	1	H7651	Seven
Exo.12.19	2	H3117	days
Exo.12.19	3	H7603	shall there be no leaven
Exo.12.19	4	H4672	found
Exo.12.19	5	H1004	in your houses:
Exo.12.19	6	H398	for whosoever eateth
Exo.12.19	7	H2556	that which is leavened,
Exo.12.19	8	H5315	that soul
Exo.12.19	9	H3772	shall be cut off
Exo.12.19	10	H5712	from the congregation
Exo.12.19	11	H3478	of Israel,
Exo.12.19	12	H1616	whether he be a sojourner,
Exo.12.19	13	H249	or one that is born
Exo.12.19	14	H776	in the land.
Exo.12.20	1	H398	Ye shall eat
Exo.12.20	2	H2556	nothing leavened;
Exo.12.20	3	H4186	in all your habitations
Exo.12.20	4	H398	shall ye eat
Exo.12.20	5	H4682	unleavened bread.
Exo.12.21	1	H4872	Then Moses
Exo.12.21	2	H7121	called
Exo.12.21	3	H2205	for all the elders
Exo.12.21	4	H3478	of Israel,
Exo.12.21	5	H559	and said
Exo.12.21	6	H4900	unto them, Draw out,
Exo.12.21	7	H3947	and take
Exo.12.21	8	H6629	you lambs
Exo.12.21	9	H4940	according to your families,
Exo.12.21	10	H7819	and kill
Exo.12.21	11	H6453	the passover.
Exo.12.22	1	H3947	And ye shall take
Exo.12.22	2	H92	a bunch
Exo.12.22	3	H231	of hyssop,
Exo.12.22	4	H2881	and dip
Exo.12.22	5	H1818	it in the blood
Exo.12.22	6	H5592	that is in the basin,
Exo.12.22	7	H5060	and strike
Exo.12.22	8	H4947	the lintel
Exo.12.22	9	H8147	and the two
Exo.12.22	10	H4201	side-posts
Exo.12.22	11	H1818	with the blood
Exo.12.22	12	H5592	that is in the basin;
Exo.12.22	13	H376	and none
Exo.12.22	14	H3318	of you shall go out
Exo.12.22	15	H6607	of the door
Exo.12.22	16	H1004	of his house
Exo.12.22	17	H1242	until the morning.
Exo.12.23	1	H3068	For Jehovah
Exo.12.23	2	H5674	will pass through
Exo.12.23	3	H5062	to smite
Exo.12.23	4	H4714	the Egyptians;
Exo.12.23	5	H7200	and when he seeth
Exo.12.23	6	H1818	the blood
Exo.12.23	7	H4947	upon the lintel,
Exo.12.23	8	H8147	and on the two
Exo.12.23	9	H4201	side-posts,
Exo.12.23	10	H3068	Jehovah
Exo.12.23	11	H6452	will pass over
Exo.12.23	12	H6607	the door,
Exo.12.23	13	H5414	and will not suffer
Exo.12.23	14	H7843	the destroyer
Exo.12.23	15	H935	to come
Exo.12.23	16	H1004	in unto your houses
Exo.12.23	17	H5062	to smite you.
Exo.12.24	1	H8104	And ye shall observe
Exo.12.24	2	H1697	this thing
Exo.12.24	3	H2706	for an ordinance
Exo.12.24	4	H1121	to thee and to thy sons
Exo.12.24	5	H5704	for
Exo.12.24	6	H5769	ever.
Exo.12.25	1	H935	And it shall come to pass, when ye are come
Exo.12.25	2	H776	to the land
Exo.12.25	3	H3068	which Jehovah
Exo.12.25	4	H5414	will give
Exo.12.25	5	H1696	you, according as he hath promised,
Exo.12.25	6	H8104	that ye shall keep
Exo.12.25	7	H5656	this service.
Exo.12.26	1	H1121	And it shall come to pass, when your children
Exo.12.26	2	H559	shall say
Exo.12.26	3	H5656	unto you, What mean ye by this service?
Exo.12.27	1	H559	that ye shall say,
Exo.12.27	2	H2077	It is the sacrifice
Exo.12.27	3	H3068	of Jehovah's
Exo.12.27	4	H6453	passover,
Exo.12.27	5	H6452	who passed
Exo.12.27	6	H1004	over the houses
Exo.12.27	7	H1121	of the children
Exo.12.27	8	H3478	of Israel
Exo.12.27	9	H4714	in Egypt,
Exo.12.27	10	H5062	when he smote
Exo.12.27	11	H4714	the Egyptians,
Exo.12.27	12	H5337	and delivered
Exo.12.27	13	H1004	our houses.
Exo.12.27	14	H5971	And the people
Exo.12.27	15	H6915	bowed the head
Exo.12.27	16	H7812	and worshipped.
Exo.12.28	1	H1121	And the children
Exo.12.28	2	H3478	of Israel
Exo.12.28	3	H3212	went
Exo.12.28	4	H6213	and did
Exo.12.28	5	H3068	so; as Jehovah
Exo.12.28	6	H6680	had commanded
Exo.12.28	7	H4872	Moses
Exo.12.28	8	H175	and Aaron,
Exo.12.28	9	H6213	so did they.
Exo.12.29	1	H2677	And it came to pass at midnight,
Exo.12.29	2	H3068	that Jehovah
Exo.12.29	3	H5221	smote
Exo.12.29	4	H1060	all the first-born
Exo.12.29	5	H776	in the land
Exo.12.29	6	H4714	of Egypt,
Exo.12.29	7	H1060	from the first-born
Exo.12.29	8	H6547	of Pharaoh
Exo.12.29	9	H3427	that sat
Exo.12.29	10	H3678	on his throne
Exo.12.29	11	H1060	unto the first-born
Exo.12.29	12	H7628	of the captive
Exo.12.29	13	H1004	that was in the dungeon;
Exo.12.29	14	H1060	and all the first-born
Exo.12.29	15	H929	of cattle.
Exo.12.30	1	H6547	And Pharaoh
Exo.12.30	2	H6965	rose up
Exo.12.30	3	H3915	in the night,
Exo.12.30	4	H5650	he, and all his servants,
Exo.12.30	5	H4714	and all the Egyptians;
Exo.12.30	6	H1419	and there was a great
Exo.12.30	7	H6818	cry
Exo.12.30	8	H4714	in Egypt;
Exo.12.30	9	H1004	for there was not a house
Exo.12.30	10	H4191	where there was not one dead.
Exo.12.31	1	H7121	And he called
Exo.12.31	2	H4872	for Moses
Exo.12.31	3	H175	and Aaron
Exo.12.31	4	H3915	by night,
Exo.12.31	5	H559	and said,
Exo.12.31	6	H6965	Rise up,
Exo.12.31	7	H3318	get you forth
Exo.12.31	8	H8432	from among
Exo.12.31	9	H5971	my people,
Exo.12.31	10	H1121	both ye and the children
Exo.12.31	11	H3478	of Israel;
Exo.12.31	12	H3212	and go,
Exo.12.31	13	H5647	serve
Exo.12.31	14	H3068	Jehovah,
Exo.12.31	15	H1696	as ye have said.
Exo.12.32	1	H3947	Take
Exo.12.32	2	H6629	both your flocks
Exo.12.32	3	H1241	and your herds,
Exo.12.32	4	H1696	as ye have said,
Exo.12.32	5	H3212	and be gone;
Exo.12.32	6	H1288	and bless me also.
Exo.12.33	1	H4714	And the Egyptians
Exo.12.33	2	H2388	were urgent
Exo.12.33	3	H5971	upon the people,
Exo.12.33	4	H7971	to send
Exo.12.33	5	H776	them out of the land
Exo.12.33	6	H4116	in haste;
Exo.12.33	7	H559	for they said,
Exo.12.33	8	H4191	We are all dead men.
Exo.12.34	1	H5971	And the people
Exo.12.34	2	H5375	took
Exo.12.34	3	H1217	their dough
Exo.12.34	4	H2556	before it was leavened,
Exo.12.34	5	H4863	their kneading-troughs
Exo.12.34	6	H6887	being bound up
Exo.12.34	7	H8071	in their clothes
Exo.12.34	8	H7926	upon their shoulders.
Exo.12.35	1	H1121	And the children
Exo.12.35	2	H3478	of Israel
Exo.12.35	3	H6213	did
Exo.12.35	4	H1697	according to the word
Exo.12.35	5	H4872	of Moses;
Exo.12.35	6	H7592	and they asked
Exo.12.35	7	H4714	of the Egyptians
Exo.12.35	8	H3627	jewels
Exo.12.35	9	H3701	of silver,
Exo.12.35	10	H3627	and jewels
Exo.12.35	11	H2091	of gold,
Exo.12.35	12	H8071	and raiment:
Exo.12.36	1	H3068	and Jehovah
Exo.12.36	2	H5414	gave
Exo.12.36	3	H5971	the people
Exo.12.36	4	H2580	favor
Exo.12.36	5	H5869	in the sight
Exo.12.36	6	H4714	of the Egyptians,
Exo.12.36	7	H7592	so that they let them have
Exo.12.36	8	H5337	what they asked. And they despoiled
Exo.12.36	9	H4714	the Egyptians.
Exo.12.37	1	H1121	And the children
Exo.12.37	2	H3478	of Israel
Exo.12.37	3	H5265	journeyed
Exo.12.37	4	H7486	from Rameses
Exo.12.37	5	H5523	to Succoth,
Exo.12.37	6	H8337	about six
Exo.12.37	7	H3967	hundred
Exo.12.37	8	H505	thousand
Exo.12.37	9	H7273	on foot
Exo.12.37	10	H1397	that were men,
Exo.12.37	11	H905	besides
Exo.12.37	12	H2945	children.
Exo.12.38	1	H6154	And a mixed
Exo.12.38	2	H7227	multitude
Exo.12.38	3	H5927	went up
Exo.12.38	4	H6629	also with them; and flocks,
Exo.12.38	5	H1241	and herds,
Exo.12.38	6	H3966	even very
Exo.12.38	7	H3515	much
Exo.12.38	8	H4735	cattle.
Exo.12.39	1	H644	And they baked
Exo.12.39	2	H4682	unleavened
Exo.12.39	3	H5692	cakes
Exo.12.39	4	H1217	of the dough
Exo.12.39	5	H3318	which they brought forth
Exo.12.39	6	H4714	out of Egypt;
Exo.12.39	7	H2556	for it was not leavened,
Exo.12.39	8	H1644	because they were thrust out
Exo.12.39	9	H4714	of Egypt,
Exo.12.39	10	H3201	and could
Exo.12.39	11	H4102	not tarry,
Exo.12.39	12	H6213	neither had they prepared
Exo.12.39	13	H6720	for themselves any victuals.
Exo.12.40	1	H4186	Now the time
Exo.12.40	2	H1121	that the children
Exo.12.40	3	H3478	of Israel
Exo.12.40	4	H3427	dwelt
Exo.12.40	5	H4714	in Egypt
Exo.12.40	6	H702	was four
Exo.12.40	7	H3967	hundred
Exo.12.40	8	H7970	and thirty
Exo.12.40	9	H8141	years.
Exo.12.41	1	H7093	And it came to pass at the end
Exo.12.41	2	H702	of four
Exo.12.41	3	H3967	hundred
Exo.12.41	4	H7970	and thirty
Exo.12.41	5	H8141	years,
Exo.12.41	6	H6106	even the selfsame
Exo.12.41	7	H3117	day
Exo.12.41	8	H6635	it came to pass, that all the hosts
Exo.12.41	9	H3068	of Jehovah
Exo.12.41	10	H3318	went out
Exo.12.41	11	H776	from the land
Exo.12.41	12	H4714	of Egypt.
Exo.12.42	1	H3915	It is a night
Exo.12.42	2	H8107	to be much observed
Exo.12.42	3	H3068	unto Jehovah
Exo.12.42	4	H3318	for bringing
Exo.12.42	5	H776	them out from the land
Exo.12.42	6	H4714	of Egypt:
Exo.12.42	7	H3915	this is that night
Exo.12.42	8	H3068	of Jehovah,
Exo.12.42	9	H8107	to be much observed
Exo.12.42	10	H1121	of all the children
Exo.12.42	11	H3478	of Israel
Exo.12.42	12	H1755	throughout their generations.
Exo.12.43	1	H3068	And Jehovah
Exo.12.43	2	H559	said
Exo.12.43	3	H4872	unto Moses
Exo.12.43	4	H175	and Aaron,
Exo.12.43	5	H2708	This is the ordinance
Exo.12.43	6	H6453	of the passover:
Exo.12.43	7	H1121	there shall no foreigner
Exo.12.43	8	H398	eat thereof;
Exo.12.44	1	H376	but every man's
Exo.12.44	2	H5650	servant
Exo.12.44	3	H4736	that is bought
Exo.12.44	4	H3701	for money,
Exo.12.44	5	H4135	when thou hast circumcised
Exo.12.44	6	H398	him, then shall he eat thereof.
Exo.12.45	1	H8453	A sojourner
Exo.12.45	2	H7916	and a hired servant
Exo.12.45	3	H398	shall not eat thereof.
Exo.12.46	1	H259	In one
Exo.12.46	2	H1004	house
Exo.12.46	3	H398	shall it be eaten;
Exo.12.46	4	H3318	thou shalt not carry forth
Exo.12.46	5	H1320	aught of the flesh
Exo.12.46	6	H2351	abroad
Exo.12.46	7	H1004	out of the house;
Exo.12.46	8	H7665	neither shall ye break
Exo.12.46	9	H6106	a bone thereof.
Exo.12.47	1	H5712	All the congregation
Exo.12.47	2	H3478	of Israel
Exo.12.47	3	H6213	shall keep it.
Exo.12.48	1	H1616	And when a stranger
Exo.12.48	2	H1481	shall sojourn
Exo.12.48	3	H6213	with thee, and will keep
Exo.12.48	4	H6453	the passover
Exo.12.48	5	H3068	to Jehovah,
Exo.12.48	6	H2145	let all his males
Exo.12.48	7	H4135	be circumcised,
Exo.12.48	8	H7126	and then let him come near
Exo.12.48	9	H6213	and keep
Exo.12.48	10	H249	it; and he shall be as one that is born
Exo.12.48	11	H776	in the land:
Exo.12.48	12	H6189	but no uncircumcised person
Exo.12.48	13	H398	shall eat thereof.
Exo.12.49	1	H259	One
Exo.12.49	2	H8451	law
Exo.12.49	3	H249	shall be to him that is home-born,
Exo.12.49	4	H1616	and unto the stranger
Exo.12.49	5	H1481	that sojourneth
Exo.12.49	6	H8432	among you.
Exo.12.50	1	H6213	Thus did
Exo.12.50	2	H1121	all the children
Exo.12.50	3	H3478	of Israel;
Exo.12.50	4	H3068	as Jehovah
Exo.12.50	5	H6680	commanded
Exo.12.50	6	H4872	Moses
Exo.12.50	7	H175	and Aaron,
Exo.12.50	8	H6213	so did they.
Exo.12.51	1	H6106	And it came to pass the selfsame
Exo.12.51	2	H3117	day,
Exo.12.51	3	H3068	that Jehovah
Exo.12.51	4	H3318	did bring
Exo.12.51	5	H1121	the children
Exo.12.51	6	H3478	of Israel
Exo.12.51	7	H776	out of the land
Exo.12.51	8	H4714	of Egypt
Exo.12.51	9	H6635	by their hosts.
Exo.13.1	1	H3068	And Jehovah
Exo.13.1	2	H1696	spake
Exo.13.1	3	H4872	unto Moses,
Exo.13.1	4	H559	saying,
Exo.13.2	1	H6942	Sanctify
Exo.13.2	2	H1060	unto me all the first-born,
Exo.13.2	3	H6363	whatsoever openeth
Exo.13.2	4	H7358	the womb
Exo.13.2	5	H1121	among the children
Exo.13.2	6	H3478	of Israel,
Exo.13.2	7	H120	both of man
Exo.13.2	8	H929	and of beast: it is mine.
Exo.13.3	1	H4872	And Moses
Exo.13.3	2	H559	said
Exo.13.3	3	H5971	unto the people,
Exo.13.3	4	H2142	Remember
Exo.13.3	5	H2088	this
Exo.13.3	6	H3117	day,
Exo.13.3	7	H3318	in which ye came out
Exo.13.3	8	H4714	from Egypt,
Exo.13.3	9	H1004	out of the house
Exo.13.3	10	H5650	of bondage;
Exo.13.3	11	H2392	for by strength
Exo.13.3	12	H3027	of hand
Exo.13.3	13	H3068	Jehovah
Exo.13.3	14	H3318	brought you out
Exo.13.3	15	H2557	from this place: there shall no leavened bread
Exo.13.3	16	H398	be eaten.
Exo.13.4	1	H3117	This day
Exo.13.4	2	H3318	ye go forth
Exo.13.4	3	H2320	in the month
Exo.13.4	4	H24	Abib.
Exo.13.5	1	H3068	And it shall be, when Jehovah
Exo.13.5	2	H935	shall bring
Exo.13.5	3	H776	thee into the land
Exo.13.5	4	H3669	of the Canaanite,
Exo.13.5	5	H2850	and the Hittite,
Exo.13.5	6	H567	and the Amorite,
Exo.13.5	7	H2340	and the Hivite,
Exo.13.5	8	H2983	and the Jebusite,
Exo.13.5	9	H7650	which he sware
Exo.13.5	10	H1	unto thy fathers
Exo.13.5	11	H5414	to give
Exo.13.5	12	H776	thee, a land
Exo.13.5	13	H2100	flowing
Exo.13.5	14	H2461	with milk
Exo.13.5	15	H1706	and honey,
Exo.13.5	16	H5647	that thou shalt keep
Exo.13.5	17	H5656	this service
Exo.13.5	18	H2320	in this month.
Exo.13.6	1	H7651	Seven
Exo.13.6	2	H3117	days
Exo.13.6	3	H398	thou shalt eat
Exo.13.6	4	H4682	unleavened bread,
Exo.13.6	5	H7637	and in the seventh
Exo.13.6	6	H3117	day
Exo.13.6	7	H2282	shall be a feast
Exo.13.6	8	H3068	to Jehovah.
Exo.13.7	1	H4682	Unleavened bread
Exo.13.7	2	H398	shall be eaten
Exo.13.7	3	H7651	throughout the seven
Exo.13.7	4	H3117	days;
Exo.13.7	5	H2557	and there shall no leavened bread
Exo.13.7	6	H7200	be seen
Exo.13.7	7	H7603	with thee, neither shall there be leaven
Exo.13.7	8	H7200	seen
Exo.13.7	9	H1366	with thee, in all thy borders.
Exo.13.8	1	H5046	And thou shalt tell
Exo.13.8	2	H1121	thy son
Exo.13.8	3	H3117	in that day,
Exo.13.8	4	H559	saying,
Exo.13.8	5	H5668	It is because of
Exo.13.8	6	H2088	that
Exo.13.8	7	H3068	which Jehovah
Exo.13.8	8	H6213	did
Exo.13.8	9	H3318	for me when I came forth
Exo.13.8	10	H4714	out of Egypt.
Exo.13.9	1	H226	And it shall be for a sign
Exo.13.9	2	H3027	unto thee upon thy hand,
Exo.13.9	3	H2146	and for a memorial
Exo.13.9	4	H5869	between thine eyes,
Exo.13.9	5	H8451	that the law
Exo.13.9	6	H3068	of Jehovah
Exo.13.9	7	H6310	may be in thy mouth:
Exo.13.9	8	H2389	for with a strong
Exo.13.9	9	H3027	hand
Exo.13.9	10	H3068	hath Jehovah
Exo.13.9	11	H3318	brought thee out
Exo.13.9	12	H4714	of Egypt.
Exo.13.10	1	H8104	Thou shalt therefore keep
Exo.13.10	2	H2708	this ordinance
Exo.13.10	3	H4150	in its season
Exo.13.10	4	H3117	from year
Exo.13.10	5	H3117	to year.
Exo.13.11	1	H3068	And it shall be, when Jehovah
Exo.13.11	2	H935	shall bring
Exo.13.11	3	H776	thee into the land
Exo.13.11	4	H3669	of the Canaanite,
Exo.13.11	5	H7650	as he sware
Exo.13.11	6	H1	unto thee and to thy fathers,
Exo.13.11	7	H5414	and shall give it thee,
Exo.13.12	1	H5674	that thou shalt set apart
Exo.13.12	2	H3068	unto Jehovah
Exo.13.12	3	H6363	all that openeth
Exo.13.12	4	H7358	the womb,
Exo.13.12	5	H6363	and every firstling
Exo.13.12	6	H7698	which thou hast that cometh
Exo.13.12	7	H929	of a beast;
Exo.13.12	8	H2145	the males
Exo.13.12	9	H3068	shall be Jehovah's.
Exo.13.13	1	H6363	And every firstling
Exo.13.13	2	H2543	of an ass
Exo.13.13	3	H6299	thou shalt redeem
Exo.13.13	4	H7716	with a lamb;
Exo.13.13	5	H6299	and if thou wilt not redeem
Exo.13.13	6	H6202	it, then thou shalt break its neck:
Exo.13.13	7	H1060	and all the first-born
Exo.13.13	8	H120	of man
Exo.13.13	9	H1121	among thy sons
Exo.13.13	10	H6299	shalt thou redeem.
Exo.13.14	1	H1121	And it shall be, when thy son
Exo.13.14	2	H7592	asketh
Exo.13.14	3	H4279	thee in time to come,
Exo.13.14	4	H559	saying,
Exo.13.14	5	H559	What is this? that thou shalt say
Exo.13.14	6	H2392	unto him, By strength
Exo.13.14	7	H3027	of hand
Exo.13.14	8	H3068	Jehovah
Exo.13.14	9	H3318	brought us out
Exo.13.14	10	H4714	from Egypt,
Exo.13.14	11	H1004	from the house
Exo.13.14	12	H5650	of bondage: <i></i>
Exo.13.15	1	H6547	and it came to pass, when Pharaoh
Exo.13.15	2	H7185	would hardly
Exo.13.15	3	H7971	let us go,
Exo.13.15	4	H3068	that Jehovah
Exo.13.15	5	H2026	slew
Exo.13.15	6	H1060	all the first-born
Exo.13.15	7	H776	in the land
Exo.13.15	8	H4714	of Egypt,
Exo.13.15	9	H1060	both the first-born
Exo.13.15	10	H120	of man,
Exo.13.15	11	H1060	and the first-born
Exo.13.15	12	H929	of beast:
Exo.13.15	13	H2076	therefore I sacrifice
Exo.13.15	14	H3068	to Jehovah
Exo.13.15	15	H6363	all that openeth
Exo.13.15	16	H7358	the womb,
Exo.13.15	17	H2145	being males;
Exo.13.15	18	H1060	but all the first-born
Exo.13.15	19	H1121	of my sons
Exo.13.15	20	H6299	I redeem.
Exo.13.16	1	H226	And it shall be for a sign
Exo.13.16	2	H3027	upon thy hand,
Exo.13.16	3	H2903	and for frontlets
Exo.13.16	4	H5869	between thine eyes:
Exo.13.16	5	H2392	for by strength
Exo.13.16	6	H3027	of hand
Exo.13.16	7	H3068	Jehovah
Exo.13.16	8	H3318	brought us forth
Exo.13.16	9	H4714	out of Egypt.
Exo.13.17	1	H6547	And it came to pass, when Pharaoh
Exo.13.17	2	H5971	had let the people
Exo.13.17	3	H7971	go,
Exo.13.17	4	H430	that God
Exo.13.17	5	H5148	led
Exo.13.17	6	H1870	them not by the way
Exo.13.17	7	H776	of the land
Exo.13.17	8	H6430	of the Philistines,
Exo.13.17	9	H3588	although
Exo.13.17	10	H7138	that was near;
Exo.13.17	11	H430	for God
Exo.13.17	12	H559	said,
Exo.13.17	13	H5971	Lest peradventure the people
Exo.13.17	14	H5162	repent
Exo.13.17	15	H7200	when they see
Exo.13.17	16	H4421	war,
Exo.13.17	17	H7725	and they return
Exo.13.17	18	H4714	to Egypt:
Exo.13.18	1	H430	but God
Exo.13.18	2	H5437	led
Exo.13.18	3	H5971	the people
Exo.13.18	4	H5437	about,
Exo.13.18	5	H1870	by the way
Exo.13.18	6	H4057	of the wilderness
Exo.13.18	7	H5488	by the Red
Exo.13.18	8	H3220	Sea:
Exo.13.18	9	H1121	and the children
Exo.13.18	10	H3478	of Israel
Exo.13.18	11	H5927	went up
Exo.13.18	12	H2571	armed
Exo.13.18	13	H776	out of the land
Exo.13.18	14	H4714	of Egypt.
Exo.13.19	1	H4872	And Moses
Exo.13.19	2	H3947	took
Exo.13.19	3	H6106	the bones
Exo.13.19	4	H3130	of Joseph
Exo.13.19	5	H7650	with him: for he had straitly
Exo.13.19	6	H7650	sworn
Exo.13.19	7	H1121	the children
Exo.13.19	8	H3478	of Israel,
Exo.13.19	9	H559	saying,
Exo.13.19	10	H430	God
Exo.13.19	11	H6485	will surely
Exo.13.19	12	H6485	visit
Exo.13.19	13	H5927	you; and ye shall carry up
Exo.13.19	14	H6106	my bones
Exo.13.19	15	H5927	away hence with you.
Exo.13.20	1	H5265	And they took their journey
Exo.13.20	2	H5523	from Succoth,
Exo.13.20	3	H2583	and encamped
Exo.13.20	4	H864	in Etham,
Exo.13.20	5	H7097	in the edge
Exo.13.20	6	H4057	of the wilderness.
Exo.13.21	1	H3068	And Jehovah
Exo.13.21	2	H1980	went
Exo.13.21	3	H6440	before
Exo.13.21	4	H3119	them by day
Exo.13.21	5	H5982	in a pillar
Exo.13.21	6	H6051	of cloud,
Exo.13.21	7	H5148	to lead
Exo.13.21	8	H1870	them the way,
Exo.13.21	9	H3915	and by night
Exo.13.21	10	H5982	in a pillar
Exo.13.21	11	H784	of fire,
Exo.13.21	12	H215	to give them light;
Exo.13.21	13	H3212	that they might go
Exo.13.21	14	H3119	by day
Exo.13.21	15	H3915	and by night:
Exo.13.22	1	H5982	the pillar
Exo.13.22	2	H6051	of cloud
Exo.13.22	3	H3119	by day,
Exo.13.22	4	H5982	and the pillar
Exo.13.22	5	H784	of fire
Exo.13.22	6	H3915	by night,
Exo.13.22	7	H4185	departed
Exo.13.22	8	H6440	not from before
Exo.13.22	9	H5971	the people.
Exo.14.1	1	H3068	And Jehovah
Exo.14.1	2	H1696	spake
Exo.14.1	3	H4872	unto Moses,
Exo.14.1	4	H559	saying,
Exo.14.2	1	H1696	Speak
Exo.14.2	2	H1121	unto the children
Exo.14.2	3	H3478	of Israel,
Exo.14.2	4	H7725	that they turn
Exo.14.2	5	H2583	back and encamp
Exo.14.2	6	H6440	before
Exo.14.2	7	H6367	Pi-hahiroth,
Exo.14.2	8	H4024	between Migdol
Exo.14.2	9	H3220	and the sea,
Exo.14.2	10	H5226	before
Exo.14.2	11	H1189	Baal-zephon:
Exo.14.2	12	H6440	over against
Exo.14.2	13	H2583	it shall ye encamp
Exo.14.2	14	H3220	by the sea.
Exo.14.3	1	H6547	And Pharaoh
Exo.14.3	2	H559	will say
Exo.14.3	3	H1121	of the children
Exo.14.3	4	H3478	of Israel,
Exo.14.3	5	H943	They are entangled
Exo.14.3	6	H776	in the land,
Exo.14.3	7	H4057	the wilderness
Exo.14.3	8	H5462	hath shut them in.
Exo.14.4	1	H2388	And I will harden
Exo.14.4	2	H6547	Pharaoh's
Exo.14.4	3	H3820	heart,
Exo.14.4	4	H7291	and he shall follow
Exo.14.4	5	H310	after
Exo.14.4	6	H3513	them; and I will get me honor
Exo.14.4	7	H6547	upon Pharaoh,
Exo.14.4	8	H2428	and upon all his host;
Exo.14.4	9	H4714	and the Egyptians
Exo.14.4	10	H3045	shall know
Exo.14.4	11	H3068	that I am Jehovah.
Exo.14.4	12	H6213	And they did so. <i></i>
Exo.14.5	1	H5046	And it was told
Exo.14.5	2	H4428	the king
Exo.14.5	3	H4714	of Egypt
Exo.14.5	4	H5971	that the people
Exo.14.5	5	H1272	were fled:
Exo.14.5	6	H3824	and the heart
Exo.14.5	7	H6547	of Pharaoh
Exo.14.5	8	H5650	and of his servants
Exo.14.5	9	H2015	was changed
Exo.14.5	10	H5971	towards the people,
Exo.14.5	11	H559	and they said,
Exo.14.5	12	H6213	What is this we have done,
Exo.14.5	13	H3478	that we have let Israel
Exo.14.5	14	H7971	go
Exo.14.5	15	H5647	from serving us?
Exo.14.6	1	H631	And he made ready
Exo.14.6	2	H7393	his chariot,
Exo.14.6	3	H3947	and took
Exo.14.6	4	H5971	his people with him:
Exo.14.7	1	H3947	and he took
Exo.14.7	2	H8337	six
Exo.14.7	3	H3967	hundred
Exo.14.7	4	H977	chosen
Exo.14.7	5	H7393	chariots,
Exo.14.7	6	H7393	and all the chariots
Exo.14.7	7	H4714	of Egypt,
Exo.14.7	8	H7991	and captains over all of them.
Exo.14.8	1	H3068	And Jehovah
Exo.14.8	2	H2388	hardened
Exo.14.8	3	H3820	the heart
Exo.14.8	4	H6547	of Pharaoh
Exo.14.8	5	H4428	king
Exo.14.8	6	H4714	of Egypt,
Exo.14.8	7	H7291	and he pursued
Exo.14.8	8	H310	after
Exo.14.8	9	H1121	the children
Exo.14.8	10	H3478	of Israel:
Exo.14.8	11	H1121	for the children
Exo.14.8	12	H3478	of Israel
Exo.14.8	13	H3318	went out
Exo.14.8	14	H7311	with a high
Exo.14.8	15	H3027	hand.
Exo.14.9	1	H4714	And the Egyptians
Exo.14.9	2	H7291	pursued
Exo.14.9	3	H310	after
Exo.14.9	4	H5483	them, all the horses
Exo.14.9	5	H7393	and chariots
Exo.14.9	6	H6547	of Pharaoh,
Exo.14.9	7	H6571	and his horsemen,
Exo.14.9	8	H2428	and his army,
Exo.14.9	9	H5381	and overtook
Exo.14.9	10	H2583	them encamping
Exo.14.9	11	H3220	by the sea,
Exo.14.9	12	H6367	beside Pi-hahiroth,
Exo.14.9	13	H6440	before
Exo.14.9	14	H1189	Baal-zephon.
Exo.14.10	1	H6547	And when Pharaoh
Exo.14.10	2	H7126	drew nigh,
Exo.14.10	3	H1121	the children
Exo.14.10	4	H3478	of Israel
Exo.14.10	5	H5375	lifted up
Exo.14.10	6	H5869	their eyes,
Exo.14.10	7	H4714	and, behold, the Egyptians
Exo.14.10	8	H5265	were marching
Exo.14.10	9	H310	after
Exo.14.10	10	H3966	them; and they were sore
Exo.14.10	11	H3372	afraid:
Exo.14.10	12	H1121	and the children
Exo.14.10	13	H3478	of Israel
Exo.14.10	14	H6817	cried out
Exo.14.10	15	H3068	unto Jehovah.
Exo.14.11	1	H559	And they said
Exo.14.11	2	H4872	unto Moses,
Exo.14.11	3	H6913	Because there were no graves
Exo.14.11	4	H4714	in Egypt,
Exo.14.11	5	H3947	hast thou taken us away
Exo.14.11	6	H4191	to die
Exo.14.11	7	H4057	in the wilderness?
Exo.14.11	8	H2063	wherefore
Exo.14.11	9	H6213	hast thou dealt
Exo.14.11	10	H3318	thus with us, to bring us forth
Exo.14.11	11	H4714	out of Egypt?
Exo.14.12	1	H1697	Is not this the word
Exo.14.12	2	H1696	that we spake
Exo.14.12	3	H4714	unto thee in Egypt,
Exo.14.12	4	H559	saying,
Exo.14.12	5	H2308	Let us alone,
Exo.14.12	6	H5647	that we may serve
Exo.14.12	7	H4714	the Egyptians?
Exo.14.12	8	H2896	For it were better
Exo.14.12	9	H5647	for us to serve
Exo.14.12	10	H4714	the Egyptians,
Exo.14.12	11	H4191	than that we should die
Exo.14.12	12	H4057	in the wilderness.
Exo.14.13	1	H4872	And Moses
Exo.14.13	2	H559	said
Exo.14.13	3	H5971	unto the people,
Exo.14.13	4	H3372	Fear
Exo.14.13	5	H3320	ye not, stand still,
Exo.14.13	6	H7200	and see
Exo.14.13	7	H3444	the salvation
Exo.14.13	8	H3068	of Jehovah,
Exo.14.13	9	H6213	which he will work
Exo.14.13	10	H3117	for you to-day:
Exo.14.13	11	H4714	for the Egyptians
Exo.14.13	12	H7200	whom ye have seen
Exo.14.13	13	H3117	to-day,
Exo.14.13	14	H7200	ye shall see
Exo.14.13	15	H3254	them again
Exo.14.13	16	H5704	no more for
Exo.14.13	17	H5769	ever.
Exo.14.14	1	H3068	Jehovah
Exo.14.14	2	H3898	will fight
Exo.14.14	3	H2790	for you, and ye shall hold your peace.
Exo.14.15	1	H3068	And Jehovah
Exo.14.15	2	H559	said
Exo.14.15	3	H4872	unto Moses,
Exo.14.15	4	H6817	Wherefore criest
Exo.14.15	5	H1696	thou unto me? speak
Exo.14.15	6	H1121	unto the children
Exo.14.15	7	H3478	of Israel,
Exo.14.15	8	H5265	that they go forward.
Exo.14.16	1	H7311	And lift thou up
Exo.14.16	2	H4294	thy rod,
Exo.14.16	3	H5186	and stretch out
Exo.14.16	4	H3027	thy hand
Exo.14.16	5	H3220	over the sea,
Exo.14.16	6	H1234	and divide
Exo.14.16	7	H1121	it: and the children
Exo.14.16	8	H3478	of Israel
Exo.14.16	9	H935	shall go
Exo.14.16	10	H8432	into the midst
Exo.14.16	11	H3220	of the sea
Exo.14.16	12	H3004	on dry ground.
Exo.14.17	1	H2388	And I, behold, I will harden
Exo.14.17	2	H3820	the hearts
Exo.14.17	3	H4714	of the Egyptians,
Exo.14.17	4	H935	and they shall go in after
Exo.14.17	5	H310	them:
Exo.14.17	6	H3513	and I will get me honor
Exo.14.17	7	H6547	upon Pharaoh,
Exo.14.17	8	H2428	and upon all his host,
Exo.14.17	9	H7393	upon his chariots,
Exo.14.17	10	H6571	and upon his horsemen. <i></i>
Exo.14.18	1	H4714	And the Egyptians
Exo.14.18	2	H3045	shall know
Exo.14.18	3	H3068	that I am Jehovah,
Exo.14.18	4	H3513	when I have gotten me honor
Exo.14.18	5	H6547	upon Pharaoh,
Exo.14.18	6	H7393	upon his chariots,
Exo.14.18	7	H6571	and upon his horsemen.
Exo.14.19	1	H4397	And the angel
Exo.14.19	2	H430	of God,
Exo.14.19	3	H1980	who went
Exo.14.19	4	H6440	before
Exo.14.19	5	H4264	the camp
Exo.14.19	6	H3478	of Israel,
Exo.14.19	7	H5265	removed
Exo.14.19	8	H3212	and went
Exo.14.19	9	H310	behind
Exo.14.19	10	H5982	them; and the pillar
Exo.14.19	11	H6051	of cloud
Exo.14.19	12	H5265	removed
Exo.14.19	13	H6440	from before them,
Exo.14.19	14	H5975	and stood
Exo.14.19	15	H310	behind them:
Exo.14.20	1	H935	and it came
Exo.14.20	2	H4264	between the camp
Exo.14.20	3	H4714	of Egypt
Exo.14.20	4	H4264	and the camp
Exo.14.20	5	H3478	of Israel;
Exo.14.20	6	H6051	and there was the cloud
Exo.14.20	7	H2822	and the darkness,
Exo.14.20	8	H215	yet gave it light
Exo.14.20	9	H3915	by night:
Exo.14.20	10	H7126	and the one came not near
Exo.14.20	11	H2088	the other
Exo.14.20	12	H3915	all the night.
Exo.14.21	1	H4872	And Moses
Exo.14.21	2	H5186	stretched out
Exo.14.21	3	H3027	his hand
Exo.14.21	4	H3220	over the sea;
Exo.14.21	5	H3068	and Jehovah
Exo.14.21	6	H3220	caused the sea
Exo.14.21	7	H3212	to go
Exo.14.21	8	H5794	back by a strong
Exo.14.21	9	H6921	east
Exo.14.21	10	H7307	wind
Exo.14.21	11	H3915	all the night,
Exo.14.21	12	H7760	and made
Exo.14.21	13	H3220	the sea
Exo.14.21	14	H2724	dry
Exo.14.21	15	H4325	land, and the waters
Exo.14.21	16	H1234	were divided.
Exo.14.22	1	H1121	And the children
Exo.14.22	2	H3478	of Israel
Exo.14.22	3	H935	went
Exo.14.22	4	H8432	into the midst
Exo.14.22	5	H3220	of the sea
Exo.14.22	6	H3004	upon the dry
Exo.14.22	7	H4325	ground: and the waters
Exo.14.22	8	H2346	were a wall
Exo.14.22	9	H3225	unto them on their right hand,
Exo.14.22	10	H8040	and on their left.
Exo.14.23	1	H4714	And the Egyptians
Exo.14.23	2	H7291	pursued,
Exo.14.23	3	H935	and went in
Exo.14.23	4	H310	after
Exo.14.23	5	H8432	them into the midst
Exo.14.23	6	H3220	of the sea,
Exo.14.23	7	H6547	all Pharaoh's
Exo.14.23	8	H5483	horses,
Exo.14.23	9	H7393	his chariots,
Exo.14.23	10	H6571	and his horsemen.
Exo.14.24	1	H1242	And it came to pass in the morning
Exo.14.24	2	H821	watch,
Exo.14.24	3	H3068	that Jehovah
Exo.14.24	4	H8259	looked
Exo.14.24	5	H4264	forth upon the host
Exo.14.24	6	H4714	of the Egyptians
Exo.14.24	7	H5982	through the pillar
Exo.14.24	8	H784	of fire
Exo.14.24	9	H6051	and of cloud,
Exo.14.24	10	H2000	and discomfited
Exo.14.24	11	H4264	the host
Exo.14.24	12	H4714	of the Egyptians.
Exo.14.25	1	H5493	And he took off
Exo.14.25	2	H4818	their chariot
Exo.14.25	3	H212	wheels,
Exo.14.25	4	H5090	and they drove
Exo.14.25	5	H3517	them heavily;
Exo.14.25	6	H4714	so that the Egyptians
Exo.14.25	7	H559	said,
Exo.14.25	8	H5127	Let us flee
Exo.14.25	9	H6440	from the face
Exo.14.25	10	H3478	of Israel;
Exo.14.25	11	H3068	for Jehovah
Exo.14.25	12	H3898	fighteth
Exo.14.25	13	H4714	for them against the Egyptians.
Exo.14.26	1	H3068	And Jehovah
Exo.14.26	2	H559	said
Exo.14.26	3	H4872	unto Moses,
Exo.14.26	4	H5186	Stretch out
Exo.14.26	5	H3027	thy hand
Exo.14.26	6	H3220	over the sea,
Exo.14.26	7	H4325	that the waters
Exo.14.26	8	H7725	may come again
Exo.14.26	9	H4714	upon the Egyptians,
Exo.14.26	10	H7393	upon their chariots,
Exo.14.26	11	H6571	and upon their horsemen.
Exo.14.27	1	H4872	And Moses
Exo.14.27	2	H5186	stretched forth
Exo.14.27	3	H3027	his hand
Exo.14.27	4	H3220	over the sea,
Exo.14.27	5	H3220	and the sea
Exo.14.27	6	H7725	returned
Exo.14.27	7	H386	to its strength
Exo.14.27	8	H1242	when the morning
Exo.14.27	9	H6437	appeared;
Exo.14.27	10	H4714	and the Egyptians
Exo.14.27	11	H5127	fled
Exo.14.27	12	H7125	against
Exo.14.27	13	H3068	it; and Jehovah
Exo.14.27	14	H5287	overthrew
Exo.14.27	15	H4714	the Egyptians
Exo.14.27	16	H8432	in the midst
Exo.14.27	17	H3220	of the sea.
Exo.14.28	1	H4325	And the waters
Exo.14.28	2	H7725	returned,
Exo.14.28	3	H3680	and covered
Exo.14.28	4	H7393	the chariots,
Exo.14.28	5	H6571	and the horsemen,
Exo.14.28	6	H2428	even all the host
Exo.14.28	7	H6547	of Pharaoh
Exo.14.28	8	H935	that went
Exo.14.28	9	H310	in after
Exo.14.28	10	H3220	them into the sea;
Exo.14.28	11	H7604	there remained
Exo.14.28	12	H5704	not so much as
Exo.14.28	13	H259	one of them.
Exo.14.29	1	H1121	But the children
Exo.14.29	2	H3478	of Israel
Exo.14.29	3	H1980	walked
Exo.14.29	4	H3004	upon dry
Exo.14.29	5	H8432	land in the midst
Exo.14.29	6	H3220	of the sea;
Exo.14.29	7	H4325	and the waters
Exo.14.29	8	H2346	were a wall
Exo.14.29	9	H3225	unto them on their right hand,
Exo.14.29	10	H8040	and on their left.
Exo.14.30	1	H3068	Thus Jehovah
Exo.14.30	2	H3467	saved
Exo.14.30	3	H3478	Israel
Exo.14.30	4	H3117	that day
Exo.14.30	5	H3027	out of the hand
Exo.14.30	6	H4714	of the Egyptians;
Exo.14.30	7	H3478	and Israel
Exo.14.30	8	H7200	saw
Exo.14.30	9	H4714	the Egyptians
Exo.14.30	10	H4191	dead
Exo.14.30	11	H3220	upon the
Exo.14.30	12	H8193	sea-shore.
Exo.14.31	1	H3478	And Israel
Exo.14.31	2	H7200	saw
Exo.14.31	3	H1419	the great
Exo.14.31	4	H3027	work
Exo.14.31	5	H3068	which Jehovah
Exo.14.31	6	H6213	did
Exo.14.31	7	H4714	upon the Egyptians,
Exo.14.31	8	H5971	and the people
Exo.14.31	9	H3372	feared
Exo.14.31	10	H3068	Jehovah:
Exo.14.31	11	H539	and they believed
Exo.14.31	12	H3068	in Jehovah,
Exo.14.31	13	H5650	and in his servant
Exo.14.31	14	H4872	Moses.
Exo.15.1	1	H7891	Then sang
Exo.15.1	2	H4872	Moses
Exo.15.1	3	H1121	and the children
Exo.15.1	4	H3478	of Israel
Exo.15.1	5	H7892	this song
Exo.15.1	6	H3068	unto Jehovah,
Exo.15.1	7	H559	and spake,
Exo.15.1	8	H559	saying,
Exo.15.1	9	H7891	I will sing
Exo.15.1	10	H3068	unto Jehovah,
Exo.15.1	11	H1342	for he hath triumphed
Exo.15.1	12	H1342	gloriously:
Exo.15.1	13	H5483	The horse
Exo.15.1	14	H7392	and his rider
Exo.15.1	15	H7411	hath he thrown
Exo.15.1	16	H3220	into the sea.
Exo.15.2	1	H3050	Jehovah
Exo.15.2	2	H5797	is my strength
Exo.15.2	3	H2176	and song,
Exo.15.2	4	H2088	And he
Exo.15.2	5	H3444	is become my salvation:
Exo.15.2	6	H2088	This
Exo.15.2	7	H410	is my God,
Exo.15.2	8	H1	and I will praise him; My father's
Exo.15.2	9	H430	God,
Exo.15.2	10	H7311	and I will exalt him.
Exo.15.3	1	H3068	Jehovah
Exo.15.3	2	H376	is a man
Exo.15.3	3	H4421	of war:
Exo.15.3	4	H3068	Jehovah
Exo.15.3	5	H8034	is his name.
Exo.15.4	1	H6547	Pharaoh's
Exo.15.4	2	H4818	chariots
Exo.15.4	3	H2428	and his host
Exo.15.4	4	H3384	hath he cast
Exo.15.4	5	H3220	into the sea;
Exo.15.4	6	H4005	And his chosen
Exo.15.4	7	H7991	captains
Exo.15.4	8	H2883	are sunk
Exo.15.4	9	H5488	in the Red
Exo.15.4	10	H3220	Sea.
Exo.15.5	1	H8415	The deeps
Exo.15.5	2	H3680	cover
Exo.15.5	3	H3381	them: They went
Exo.15.5	4	H4688	down into the depths
Exo.15.5	5	H3644	like
Exo.15.5	6	H68	a stone.
Exo.15.6	1	H3225	Thy right hand,
Exo.15.6	2	H3068	O Jehovah,
Exo.15.6	3	H142	is glorious
Exo.15.6	4	H3581	in power,
Exo.15.6	5	H3225	Thy right hand,
Exo.15.6	6	H3068	O Jehovah,
Exo.15.6	7	H7492	dasheth in pieces
Exo.15.6	8	H341	the enemy.
Exo.15.7	1	H7230	And in the greatness
Exo.15.7	2	H1347	of thine excellency
Exo.15.7	3	H2040	thou overthrowest
Exo.15.7	4	H6965	them that rise up against
Exo.15.7	5	H7971	thee: Thou sendest forth
Exo.15.7	6	H2740	thy wrath,
Exo.15.7	7	H398	it consumeth
Exo.15.7	8	H7179	them as stubble.
Exo.15.8	1	H7307	And with the blast
Exo.15.8	2	H639	of thy nostrils
Exo.15.8	3	H4325	the waters
Exo.15.8	4	H6192	were piled
Exo.15.8	5	H5140	up, The floods
Exo.15.8	6	H5324	stood upright
Exo.15.8	7	H5067	as a heap;
Exo.15.8	8	H8415	The deeps
Exo.15.8	9	H7087	were congealed
Exo.15.8	10	H3820	in the heart
Exo.15.8	11	H3220	of the sea.
Exo.15.9	1	H341	The enemy
Exo.15.9	2	H559	said,
Exo.15.9	3	H7291	I will pursue,
Exo.15.9	4	H5381	I will overtake,
Exo.15.9	5	H2505	I will divide
Exo.15.9	6	H7998	the spoil;
Exo.15.9	7	H5315	My desire
Exo.15.9	8	H4390	shall be satisfied
Exo.15.9	9	H7324	upon them; I will draw
Exo.15.9	10	H2719	my sword,
Exo.15.9	11	H3027	my hand
Exo.15.9	12	H3423	shall destroy them.
Exo.15.10	1	H5398	Thou didst blow
Exo.15.10	2	H7307	with thy wind,
Exo.15.10	3	H3220	the sea
Exo.15.10	4	H3680	covered
Exo.15.10	5	H6749	them: They sank
Exo.15.10	6	H5777	as lead
Exo.15.10	7	H117	in the mighty
Exo.15.10	8	H4325	waters.
Exo.15.11	1	H3068	Who is like unto thee, O Jehovah,
Exo.15.11	2	H410	among the gods?
Exo.15.11	3	H142	Who is like thee, glorious
Exo.15.11	4	H6944	in holiness,
Exo.15.11	5	H3372	Fearful
Exo.15.11	6	H8416	in praises,
Exo.15.11	7	H6213	doing
Exo.15.11	8	H6382	wonders?
Exo.15.12	1	H5186	Thou stretchedst out
Exo.15.12	2	H3225	thy right hand,
Exo.15.12	3	H776	The earth
Exo.15.12	4	H1104	swallowed them.
Exo.15.13	1	H2617	Thou in thy lovingkindness
Exo.15.13	2	H5148	hast led
Exo.15.13	3	H5971	the people
Exo.15.13	4	H2098	that
Exo.15.13	5	H1350	thou hast redeemed:
Exo.15.13	6	H5095	Thou hast guided
Exo.15.13	7	H5797	them in thy strength
Exo.15.13	8	H6944	to thy holy
Exo.15.13	9	H5116	habitation.
Exo.15.14	1	H5971	The peoples
Exo.15.14	2	H8085	have heard,
Exo.15.14	3	H7264	they tremble:
Exo.15.14	4	H2427	Pangs
Exo.15.14	5	H270	have taken hold
Exo.15.14	6	H3427	on the inhabitants
Exo.15.14	7	H6429	of Philistia.
Exo.15.15	1	H227	Then
Exo.15.15	2	H441	were the chiefs
Exo.15.15	3	H123	of Edom
Exo.15.15	4	H926	dismayed;
Exo.15.15	5	H352	The mighty men
Exo.15.15	6	H4124	of Moab,
Exo.15.15	7	H7461	trembling
Exo.15.15	8	H270	taketh hold
Exo.15.15	9	H3427	upon them: All the inhabitants
Exo.15.15	10	H3667	of Canaan
Exo.15.15	11	H4127	are melted away.
Exo.15.16	1	H367	Terror
Exo.15.16	2	H6343	and dread
Exo.15.16	3	H5307	falleth
Exo.15.16	4	H1419	upon them; By the greatness
Exo.15.16	5	H2220	of thine arm
Exo.15.16	6	H1826	they are as still
Exo.15.16	7	H68	as a stone;
Exo.15.16	8	H5971	Till thy people
Exo.15.16	9	H5674	pass over,
Exo.15.16	10	H3068	O Jehovah,
Exo.15.16	11	H5971	Till the people
Exo.15.16	12	H5674	pass over
Exo.15.16	13	H2098	that
Exo.15.16	14	H7069	thou hast purchased.
Exo.15.17	1	H935	Thou wilt bring
Exo.15.17	2	H5193	them in, and plant
Exo.15.17	3	H2022	them in the mountain
Exo.15.17	4	H5159	of thine inheritance,
Exo.15.17	5	H4349	The place,
Exo.15.17	6	H3068	O Jehovah,
Exo.15.17	7	H6466	which thou hast made
Exo.15.17	8	H3427	for thee to dwell in,
Exo.15.17	9	H4720	The sanctuary,
Exo.15.17	10	H136	O Lord,
Exo.15.17	11	H3027	which thy hands
Exo.15.17	12	H3559	have established.
Exo.15.18	1	H3068	Jehovah
Exo.15.18	2	H4427	shall reign
Exo.15.18	3	H5769	for ever
Exo.15.18	4	H5769	and ever.
Exo.15.19	1	H5483	For the horses
Exo.15.19	2	H6547	of Pharaoh
Exo.15.19	3	H935	went in
Exo.15.19	4	H7393	with his chariots
Exo.15.19	5	H6571	and with his horsemen
Exo.15.19	6	H3220	into the sea,
Exo.15.19	7	H3068	and Jehovah
Exo.15.19	8	H7725	brought back
Exo.15.19	9	H4325	the waters
Exo.15.19	10	H3220	of the sea
Exo.15.19	11	H1121	upon them; but the children
Exo.15.19	12	H3478	of Israel
Exo.15.19	13	H1980	walked
Exo.15.19	14	H3004	on dry
Exo.15.19	15	H8432	land in the midst
Exo.15.19	16	H3220	of the sea.
Exo.15.20	1	H4813	And Miriam
Exo.15.20	2	H5031	the prophetess,
Exo.15.20	3	H269	the sister
Exo.15.20	4	H175	of Aaron,
Exo.15.20	5	H3947	took
Exo.15.20	6	H8596	a timbrel
Exo.15.20	7	H3027	in her hand;
Exo.15.20	8	H802	and all the women
Exo.15.20	9	H3318	went out
Exo.15.20	10	H310	after
Exo.15.20	11	H8596	her with timbrels
Exo.15.20	12	H4246	and with dances.
Exo.15.21	1	H4813	And Miriam
Exo.15.21	2	H6030	answered
Exo.15.21	3	H7891	them, Sing
Exo.15.21	4	H3068	ye to Jehovah,
Exo.15.21	5	H1342	for he hath triumphed
Exo.15.21	6	H1342	gloriously;
Exo.15.21	7	H5483	The horse
Exo.15.21	8	H7392	and his rider
Exo.15.21	9	H7411	hath he thrown
Exo.15.21	10	H3220	into the sea.
Exo.15.22	1	H4872	And Moses
Exo.15.22	2	H3478	led Israel
Exo.15.22	3	H5265	onward
Exo.15.22	4	H5488	from the Red
Exo.15.22	5	H3220	Sea,
Exo.15.22	6	H3318	and they went out
Exo.15.22	7	H4057	into the wilderness
Exo.15.22	8	H7793	of Shur;
Exo.15.22	9	H3212	and they went
Exo.15.22	10	H7969	three
Exo.15.22	11	H3117	days
Exo.15.22	12	H4057	in the wilderness,
Exo.15.22	13	H4672	and found
Exo.15.22	14	H4325	no water.
Exo.15.23	1	H935	And when they came
Exo.15.23	2	H4785	to Marah,
Exo.15.23	3	H3201	they could
Exo.15.23	4	H8354	not drink
Exo.15.23	5	H4325	of the waters
Exo.15.23	6	H4785	of Marah,
Exo.15.23	7	H4751	for they were bitter:
Exo.15.23	8	H8034	therefore the name
Exo.15.23	9	H7121	of it was called
Exo.15.23	10	H4785	Marah.
Exo.15.24	1	H5971	And the people
Exo.15.24	2	H3885	murmured
Exo.15.24	3	H4872	against Moses,
Exo.15.24	4	H559	saying,
Exo.15.24	5	H8354	What shall we drink?
Exo.15.25	1	H6817	An he cried
Exo.15.25	2	H3068	unto Jehovah;
Exo.15.25	3	H3068	And Jehovah
Exo.15.25	4	H3384	showed
Exo.15.25	5	H6086	him a tree,
Exo.15.25	6	H7993	and he cast
Exo.15.25	7	H4325	it into the waters,
Exo.15.25	8	H4325	and the waters
Exo.15.25	9	H4985	were made sweet.
Exo.15.25	10	H7760	There he made
Exo.15.25	11	H2706	for them a statute
Exo.15.25	12	H4941	and an ordinance,
Exo.15.25	13	H5254	and there he proved them;
Exo.15.26	1	H559	and he said,
Exo.15.26	2	H8085	If thou wilt diligently
Exo.15.26	3	H8085	hearken
Exo.15.26	4	H6963	to the voice
Exo.15.26	5	H3068	of Jehovah
Exo.15.26	6	H430	thy God,
Exo.15.26	7	H6213	and wilt do
Exo.15.26	8	H3477	that which is right
Exo.15.26	9	H238	in his eyes, and wilt give ear
Exo.15.26	10	H4687	to his commandments,
Exo.15.26	11	H8104	and keep
Exo.15.26	12	H2706	all his statutes,
Exo.15.26	13	H7760	I will put
Exo.15.26	14	H4245	none of the diseases
Exo.15.26	15	H7760	upon thee, which I have put
Exo.15.26	16	H4714	upon the Egyptians:
Exo.15.26	17	H3068	for I am Jehovah
Exo.15.26	18	H7495	that healeth thee.
Exo.15.27	1	H935	And they came
Exo.15.27	2	H362	to Elim,
Exo.15.27	3	H8147	where were twelve
Exo.15.27	4	H5869	springs
Exo.15.27	5	H4325	of water,
Exo.15.27	6	H7657	and threescore and ten
Exo.15.27	7	H8558	palm-trees:
Exo.15.27	8	H2583	and they encamped
Exo.15.27	9	H4325	there by the waters.
Exo.16.1	1	H5265	And they took their journey
Exo.16.1	2	H362	from Elim,
Exo.16.1	3	H5712	and all the congregation
Exo.16.1	4	H1121	of the children
Exo.16.1	5	H3478	of Israel
Exo.16.1	6	H935	came
Exo.16.1	7	H4057	unto the wilderness
Exo.16.1	8	H5512	of Sin,
Exo.16.1	9	H362	which is between Elim
Exo.16.1	10	H5514	and Sinai,
Exo.16.1	11	H2568	on the fifteenth
Exo.16.1	12	H3117	day
Exo.16.1	13	H8145	of the second
Exo.16.1	14	H2320	month
Exo.16.1	15	H3318	after their departing out
Exo.16.1	16	H776	of the land
Exo.16.1	17	H4714	of Egypt.
Exo.16.2	1	H5712	And the whole congregation
Exo.16.2	2	H1121	of the children
Exo.16.2	3	H3478	of Israel
Exo.16.2	4	H3885	murmured
Exo.16.2	5	H4872	against Moses
Exo.16.2	6	H175	and against Aaron
Exo.16.2	7	H4057	in the wilderness:
Exo.16.3	1	H1121	and the children
Exo.16.3	2	H3478	of Israel
Exo.16.3	3	H559	said
Exo.16.3	4	H4310	unto them, Would
Exo.16.3	5	H4191	that we had died
Exo.16.3	6	H3027	by the hand
Exo.16.3	7	H3068	of Jehovah
Exo.16.3	8	H776	in the land
Exo.16.3	9	H4714	of Egypt,
Exo.16.3	10	H3427	when we sat
Exo.16.3	11	H1320	by the
Exo.16.3	12	H5518	flesh-pots,
Exo.16.3	13	H398	when we did eat
Exo.16.3	14	H3899	bread
Exo.16.3	15	H7648	to the full;
Exo.16.3	16	H3318	for ye have brought us forth
Exo.16.3	17	H4057	into this wilderness,
Exo.16.3	18	H4191	to kill
Exo.16.3	19	H6951	this whole assembly
Exo.16.3	20	H7458	with hunger.
Exo.16.4	1	H559	Then said
Exo.16.4	2	H3068	Jehovah
Exo.16.4	3	H4872	unto Moses,
Exo.16.4	4	H4305	Behold, I will rain
Exo.16.4	5	H3899	bread
Exo.16.4	6	H8064	from heaven
Exo.16.4	7	H5971	for you; and the people
Exo.16.4	8	H3318	shall go out
Exo.16.4	9	H3950	and gather
Exo.16.4	10	H1697	a day's portion
Exo.16.4	11	H3117	every day,
Exo.16.4	12	H5254	that I may prove
Exo.16.4	13	H3212	them, whether they will walk
Exo.16.4	14	H8451	in my law, or not.
Exo.16.5	1	H8345	And it shall come to pass on the sixth
Exo.16.5	2	H3117	day,
Exo.16.5	3	H3559	that they shall prepare
Exo.16.5	4	H834	that which
Exo.16.5	5	H935	they bring in,
Exo.16.5	6	H4932	and it shall be twice
Exo.16.5	7	H3950	as much as they gather
Exo.16.5	8	H3117	daily.
Exo.16.6	1	H4872	And Moses
Exo.16.6	2	H175	and Aaron
Exo.16.6	3	H559	said
Exo.16.6	4	H1121	unto all the children
Exo.16.6	5	H3478	of Israel,
Exo.16.6	6	H6153	At even,
Exo.16.6	7	H3045	then ye shall know
Exo.16.6	8	H3068	that Jehovah
Exo.16.6	9	H3318	hath brought you out
Exo.16.6	10	H776	from the land
Exo.16.6	11	H4714	of Egypt;
Exo.16.7	1	H1242	and in the morning,
Exo.16.7	2	H7200	then ye shall see
Exo.16.7	3	H3519	the glory
Exo.16.7	4	H3068	of Jehovah;
Exo.16.7	5	H8085	for that he heareth
Exo.16.7	6	H8519	your murmurings
Exo.16.7	7	H3068	against Jehovah:
Exo.16.7	8	H5168	and what are we,
Exo.16.7	9	H3885	that ye murmur against us?
Exo.16.8	1	H4872	And Moses
Exo.16.8	2	H559	said,
Exo.16.8	3	H3068	<i>This</i> <i>shall</i> <i>be</i>, when Jehovah
Exo.16.8	4	H5414	shall give
Exo.16.8	5	H6153	you in the evening
Exo.16.8	6	H1320	flesh
Exo.16.8	7	H398	to eat,
Exo.16.8	8	H1242	and in the morning
Exo.16.8	9	H3899	bread
Exo.16.8	10	H7646	to the full;
Exo.16.8	11	H3068	for that Jehovah
Exo.16.8	12	H8085	heareth
Exo.16.8	13	H8519	your murmurings
Exo.16.8	14	H3885	which ye murmur
Exo.16.8	15	H5168	against him: and what are we?
Exo.16.8	16	H8519	your murmurings
Exo.16.8	17	H3068	are not against us, but against Jehovah.
Exo.16.9	1	H4872	And Moses
Exo.16.9	2	H559	said
Exo.16.9	3	H175	unto Aaron,
Exo.16.9	4	H559	Say
Exo.16.9	5	H5712	unto all the congregation
Exo.16.9	6	H1121	of the children
Exo.16.9	7	H3478	of Israel,
Exo.16.9	8	H7126	Come near
Exo.16.9	9	H6440	before
Exo.16.9	10	H3068	Jehovah;
Exo.16.9	11	H8085	for he hath heard
Exo.16.9	12	H8519	your murmurings.
Exo.16.10	1	H175	And it came to pass, as Aaron
Exo.16.10	2	H1696	spake
Exo.16.10	3	H5712	unto the whole congregation
Exo.16.10	4	H1121	of the children
Exo.16.10	5	H3478	of Israel,
Exo.16.10	6	H6437	that they looked
Exo.16.10	7	H4057	toward the wilderness,
Exo.16.10	8	H3519	and, behold, the glory
Exo.16.10	9	H3068	of Jehovah
Exo.16.10	10	H7200	appeared
Exo.16.10	11	H6051	in the cloud.
Exo.16.11	1	H3068	And Jehovah
Exo.16.11	2	H1696	spake
Exo.16.11	3	H4872	unto Moses,
Exo.16.11	4	H559	saying,
Exo.16.12	1	H8085	I have heard
Exo.16.12	2	H8519	the murmurings
Exo.16.12	3	H1121	of the children
Exo.16.12	4	H3478	of Israel:
Exo.16.12	5	H1696	speak
Exo.16.12	6	H559	unto them, saying,
Exo.16.12	7	H996	At even
Exo.16.12	8	H398	ye shall eat
Exo.16.12	9	H1320	flesh,
Exo.16.12	10	H1242	and in the morning
Exo.16.12	11	H7646	ye shall be filled
Exo.16.12	12	H3899	with bread;
Exo.16.12	13	H3045	and ye shall know
Exo.16.12	14	H3068	that I am Jehovah
Exo.16.12	15	H430	your God.
Exo.16.13	1	H6153	And it came to pass at even,
Exo.16.13	2	H7958	that the quails
Exo.16.13	3	H5927	came up,
Exo.16.13	4	H3680	and covered
Exo.16.13	5	H4264	the camp:
Exo.16.13	6	H1242	and in the morning
Exo.16.13	7	H2919	the dew
Exo.16.13	8	H7902	lay
Exo.16.13	9	H5439	round about
Exo.16.13	10	H4264	the camp.
Exo.16.14	1	H2919	And when the dew
Exo.16.14	2	H7902	that lay
Exo.16.14	3	H5927	was gone up,
Exo.16.14	4	H6440	behold, upon the face
Exo.16.14	5	H4057	of the wilderness
Exo.16.14	6	H1851	a small
Exo.16.14	7	H2636	round thing,
Exo.16.14	8	H1851	small
Exo.16.14	9	H3713	as the hoar-frost
Exo.16.14	10	H776	on the ground.
Exo.16.15	1	H1121	And when the children
Exo.16.15	2	H3478	of Israel
Exo.16.15	3	H7200	saw
Exo.16.15	4	H559	it, they said
Exo.16.15	5	H376	one
Exo.16.15	6	H251	to another,
Exo.16.15	7	H4478	What is it?
Exo.16.15	8	H3045	for they knew
Exo.16.15	9	H4872	not what it was. And Moses
Exo.16.15	10	H559	said
Exo.16.15	11	H3899	unto them, It is the bread
Exo.16.15	12	H3068	which Jehovah
Exo.16.15	13	H5414	hath given
Exo.16.15	14	H402	you to eat.
Exo.16.16	1	H1697	This is the thing
Exo.16.16	2	H834	which
Exo.16.16	3	H3068	Jehovah
Exo.16.16	4	H6680	hath commanded.
Exo.16.16	5	H3950	Gather
Exo.16.16	6	H376	ye of it every man
Exo.16.16	7	H6310	according
Exo.16.16	8	H400	to his eating;
Exo.16.16	9	H6016	an omer
Exo.16.16	10	H1538	a head,
Exo.16.16	11	H4557	according to the number
Exo.16.16	12	H5315	of your persons,
Exo.16.16	13	H3947	shall ye take
Exo.16.16	14	H376	it, every man
Exo.16.16	15	H168	for them that are in his tent.
Exo.16.17	1	H1121	And the children
Exo.16.17	2	H3478	of Israel
Exo.16.17	3	H6213	did
Exo.16.17	4	H3950	so, and gathered
Exo.16.17	5	H7235	some more,
Exo.16.17	6	H4591	some less.
Exo.16.18	1	H4058	And when they measured
Exo.16.18	2	H6016	it with an omer,
Exo.16.18	3	H7235	he that gathered much
Exo.16.18	4	H5736	had nothing over,
Exo.16.18	5	H4591	and he that gathered little
Exo.16.18	6	H2637	had no lack;
Exo.16.18	7	H3950	they gathered
Exo.16.18	8	H376	every man
Exo.16.18	9	H6310	according
Exo.16.18	10	H400	to his eating.
Exo.16.19	1	H4872	And Moses
Exo.16.19	2	H559	said
Exo.16.19	3	H376	unto them, Let no man
Exo.16.19	4	H3498	leave
Exo.16.19	5	H1242	of it till the morning.
Exo.16.20	1	H8085	Notwithstanding they hearkened
Exo.16.20	2	H4872	not unto Moses;
Exo.16.20	3	H582	but some
Exo.16.20	4	H3498	of them left
Exo.16.20	5	H1242	of it until the morning,
Exo.16.20	6	H7311	and it bred
Exo.16.20	7	H8438	worms,
Exo.16.20	8	H887	and became foul:
Exo.16.20	9	H4872	and Moses
Exo.16.20	10	H7107	was wroth with them.
Exo.16.21	1	H3950	And they gathered
Exo.16.21	2	H1242	it morning by morning,
Exo.16.21	3	H376	every man
Exo.16.21	4	H6310	according
Exo.16.21	5	H400	to his eating:
Exo.16.21	6	H8121	and when the sun
Exo.16.21	7	H2552	waxed hot,
Exo.16.21	8	H4549	it melted.
Exo.16.22	1	H8345	And it came to pass, that on the sixth
Exo.16.22	2	H3117	day
Exo.16.22	3	H3950	they gathered
Exo.16.22	4	H4932	twice
Exo.16.22	5	H3899	as much bread,
Exo.16.22	6	H8147	two
Exo.16.22	7	H6016	omers
Exo.16.22	8	H259	for each one:
Exo.16.22	9	H5387	and all the rulers
Exo.16.22	10	H5712	of the congregation
Exo.16.22	11	H935	came
Exo.16.22	12	H5046	and told
Exo.16.22	13	H4872	Moses.
Exo.16.23	1	H559	And he said
Exo.16.23	2	H3068	unto them, This is that which Jehovah
Exo.16.23	3	H1696	hath spoken,
Exo.16.23	4	H4279	To-morrow
Exo.16.23	5	H7677	is a solemn rest,
Exo.16.23	6	H6944	a holy
Exo.16.23	7	H7676	sabbath
Exo.16.23	8	H3068	unto Jehovah:
Exo.16.23	9	H644	bake
Exo.16.23	10	H644	that which ye will bake,
Exo.16.23	11	H1310	and boil
Exo.16.23	12	H1310	that which ye will boil;
Exo.16.23	13	H3605	and all that
Exo.16.23	14	H5736	remaineth over
Exo.16.23	15	H3240	lay up
Exo.16.23	16	H4931	for you to be kept
Exo.16.23	17	H1242	until the morning.
Exo.16.24	1	H3240	And they laid it up
Exo.16.24	2	H1242	till the morning,
Exo.16.24	3	H4872	as Moses
Exo.16.24	4	H6680	bade:
Exo.16.24	5	H887	and it did not become foul,
Exo.16.24	6	H7415	neither was there any worm therein.
Exo.16.25	1	H4872	And Moses
Exo.16.25	2	H559	said,
Exo.16.25	3	H398	Eat
Exo.16.25	4	H3117	that to-day;
Exo.16.25	5	H3117	for to-day
Exo.16.25	6	H7676	is a sabbath
Exo.16.25	7	H3068	unto Jehovah:
Exo.16.25	8	H3117	to-day
Exo.16.25	9	H4672	ye shall not find
Exo.16.25	10	H7704	it in the field.
Exo.16.26	1	H8337	Six
Exo.16.26	2	H3117	days
Exo.16.26	3	H3950	ye shall gather
Exo.16.26	4	H7637	it; but on the seventh
Exo.16.26	5	H3117	day
Exo.16.26	6	H7676	is the sabbath, in it there shall be none.
Exo.16.27	1	H7637	And it came to pass on the seventh
Exo.16.27	2	H3117	day,
Exo.16.27	3	H3318	that there went out
Exo.16.27	4	H5971	some of the people
Exo.16.27	5	H3950	to gather,
Exo.16.27	6	H4672	and they found none.
Exo.16.28	1	H3068	And Jehovah
Exo.16.28	2	H559	said
Exo.16.28	3	H4872	unto Moses,
Exo.16.28	4	H3985	How long refuse
Exo.16.28	5	H8104	ye to keep
Exo.16.28	6	H4687	my commandments
Exo.16.28	7	H8451	and my laws?
Exo.16.29	1	H7200	See,
Exo.16.29	2	H3068	for that Jehovah
Exo.16.29	3	H5414	hath given
Exo.16.29	4	H7676	you the sabbath,
Exo.16.29	5	H5414	therefore he giveth
Exo.16.29	6	H8345	you on the sixth
Exo.16.29	7	H3117	day
Exo.16.29	8	H3899	the bread
Exo.16.29	9	H3117	of two days;
Exo.16.29	10	H3427	abide
Exo.16.29	11	H376	ye every man
Exo.16.29	12	H376	in his place, let no man
Exo.16.29	13	H3318	go out
Exo.16.29	14	H4725	of his place
Exo.16.29	15	H7637	on the seventh
Exo.16.29	16	H3117	day.
Exo.16.30	1	H5971	So the people
Exo.16.30	2	H7673	rested
Exo.16.30	3	H7637	on the seventh
Exo.16.30	4	H3117	day.
Exo.16.31	1	H1004	And the house
Exo.16.31	2	H3478	of Israel
Exo.16.31	3	H7121	called
Exo.16.31	4	H8034	the name
Exo.16.31	5	H4478	thereof Manna:
Exo.16.31	6	H1407	and it was like coriander
Exo.16.31	7	H2233	seed,
Exo.16.31	8	H3836	white;
Exo.16.31	9	H2940	and the taste
Exo.16.31	10	H6838	of it was like wafers
Exo.16.31	11	H1706	<i>made</i> with honey.
Exo.16.32	1	H4872	And Moses
Exo.16.32	2	H559	said,
Exo.16.32	3	H1697	This is the thing
Exo.16.32	4	H3068	which Jehovah
Exo.16.32	5	H6680	hath commanded,
Exo.16.32	6	H4393	Let
Exo.16.32	7	H6016	an omerful
Exo.16.32	8	H4931	of it be kept
Exo.16.32	9	H1755	throughout your generations,
Exo.16.32	10	H7200	that they may see
Exo.16.32	11	H3899	the bread
Exo.16.32	12	H398	wherewith I fed
Exo.16.32	13	H4057	you in the wilderness,
Exo.16.32	14	H3318	when I brought you forth
Exo.16.32	15	H776	from the land
Exo.16.32	16	H4714	of Egypt.
Exo.16.33	1	H4872	And Moses
Exo.16.33	2	H559	said
Exo.16.33	3	H175	unto Aaron,
Exo.16.33	4	H3947	Take
Exo.16.33	5	H259	a
Exo.16.33	6	H6803	pot,
Exo.16.33	7	H5414	and put
Exo.16.33	8	H6016	an omerful
Exo.16.33	9	H4393	of
Exo.16.33	10	H4478	manna
Exo.16.33	11	H3240	therein, and lay it up
Exo.16.33	12	H6440	before
Exo.16.33	13	H3068	Jehovah,
Exo.16.33	14	H4931	to be kept
Exo.16.33	15	H1755	throughout your generations.
Exo.16.34	1	H3068	As Jehovah
Exo.16.34	2	H6680	commanded
Exo.16.34	3	H4872	Moses,
Exo.16.34	4	H175	so Aaron
Exo.16.34	5	H3240	laid it up
Exo.16.34	6	H6440	before
Exo.16.34	7	H5715	the Testimony,
Exo.16.34	8	H4931	to be kept.
Exo.16.35	1	H1121	And the children
Exo.16.35	2	H3478	of Israel
Exo.16.35	3	H398	did eat
Exo.16.35	4	H4478	the manna
Exo.16.35	5	H705	forty
Exo.16.35	6	H8141	years,
Exo.16.35	7	H935	until they came
Exo.16.35	8	H776	to a land
Exo.16.35	9	H3427	inhabited;
Exo.16.35	10	H398	they did eat
Exo.16.35	11	H4478	the manna,
Exo.16.35	12	H935	until they came
Exo.16.35	13	H7097	unto the borders
Exo.16.35	14	H776	of the land
Exo.16.35	15	H3667	of Canaan.
Exo.16.36	1	H6016	Now an omer
Exo.16.36	2	H6224	is the tenth
Exo.16.36	3	H374	part of an ephah.
Exo.17.1	1	H5712	And all the congregation
Exo.17.1	2	H1121	of the children
Exo.17.1	3	H3478	of Israel
Exo.17.1	4	H5265	journeyed
Exo.17.1	5	H4057	from the wilderness
Exo.17.1	6	H5512	of Sin,
Exo.17.1	7	H4550	by their journeys,
Exo.17.1	8	H6310	according to the commandment
Exo.17.1	9	H3068	of Jehovah,
Exo.17.1	10	H2583	and encamped
Exo.17.1	11	H7508	in Rephidim:
Exo.17.1	12	H4325	and there was no water
Exo.17.1	13	H5971	for the people
Exo.17.1	14	H8354	to drink.
Exo.17.2	1	H5971	Wherefore the people
Exo.17.2	2	H7378	strove
Exo.17.2	3	H4872	with Moses,
Exo.17.2	4	H559	and said,
Exo.17.2	5	H5414	Give
Exo.17.2	6	H4325	us water
Exo.17.2	7	H8354	that we may drink.
Exo.17.2	8	H4872	And Moses
Exo.17.2	9	H559	said
Exo.17.2	10	H7378	unto them, Why strive
Exo.17.2	11	H5254	ye with me? Wherefore do ye tempt
Exo.17.2	12	H3068	Jehovah?
Exo.17.3	1	H5971	And the people
Exo.17.3	2	H6770	thirsted
Exo.17.3	3	H4325	there for water;
Exo.17.3	4	H5971	and the people
Exo.17.3	5	H3885	murmured
Exo.17.3	6	H4872	against Moses,
Exo.17.3	7	H559	and said,
Exo.17.3	8	H5927	Wherefore hast thou brought
Exo.17.3	9	H4714	us up out of Egypt,
Exo.17.3	10	H4191	to kill
Exo.17.3	11	H1121	us and our children
Exo.17.3	12	H4735	and our cattle
Exo.17.3	13	H6772	with thirst?
Exo.17.4	1	H4872	And Moses
Exo.17.4	2	H6817	cried
Exo.17.4	3	H3068	unto Jehovah,
Exo.17.4	4	H559	saying,
Exo.17.4	5	H6213	What shall I do
Exo.17.4	6	H5971	unto this people?
Exo.17.4	7	H4592	They are almost
Exo.17.4	8	H5619	ready to stone me.
Exo.17.5	1	H3068	And Jehovah
Exo.17.5	2	H559	said
Exo.17.5	3	H4872	unto Moses,
Exo.17.5	4	H5674	Pass on
Exo.17.5	5	H6440	before
Exo.17.5	6	H5971	the people,
Exo.17.5	7	H3947	and take
Exo.17.5	8	H2205	with thee of the elders
Exo.17.5	9	H3478	of Israel;
Exo.17.5	10	H4294	and thy rod,
Exo.17.5	11	H5221	wherewith thou smotest
Exo.17.5	12	H2975	the river,
Exo.17.5	13	H3947	take
Exo.17.5	14	H3027	in thy hand,
Exo.17.5	15	H1980	and go.
Exo.17.6	1	H5975	Behold, I will stand
Exo.17.6	2	H6440	before
Exo.17.6	3	H6697	thee there upon the rock
Exo.17.6	4	H2722	in Horeb;
Exo.17.6	5	H5221	and thou shalt smite
Exo.17.6	6	H6697	the rock,
Exo.17.6	7	H3318	and there shall come
Exo.17.6	8	H4325	water
Exo.17.6	9	H5971	out of it, that the people
Exo.17.6	10	H8354	may drink.
Exo.17.6	11	H4872	And Moses
Exo.17.6	12	H6213	did
Exo.17.6	13	H5869	so in the sight
Exo.17.6	14	H2205	of the elders
Exo.17.6	15	H3478	of Israel.
Exo.17.7	1	H7121	And he called
Exo.17.7	2	H8034	the name
Exo.17.7	3	H4725	of the place
Exo.17.7	4	H4532	Massah,
Exo.17.7	5	H4809	and Meribah,
Exo.17.7	6	H7379	because of the striving
Exo.17.7	7	H1121	of the children
Exo.17.7	8	H3478	of Israel,
Exo.17.7	9	H5254	and because they tempted
Exo.17.7	10	H3068	Jehovah,
Exo.17.7	11	H559	saying,
Exo.17.7	12	H3426	Is
Exo.17.7	13	H3068	Jehovah
Exo.17.7	14	H7130	among us, or not?
Exo.17.8	1	H935	Then came
Exo.17.8	2	H6002	Amalek,
Exo.17.8	3	H3898	and fought
Exo.17.8	4	H3478	with Israel
Exo.17.8	5	H7508	in Rephidim.
Exo.17.9	1	H4872	And Moses
Exo.17.9	2	H559	said
Exo.17.9	3	H3091	unto Joshua,
Exo.17.9	4	H977	Choose us out
Exo.17.9	5	H582	men,
Exo.17.9	6	H3318	and go out,
Exo.17.9	7	H3898	fight
Exo.17.9	8	H6002	with Amalek:
Exo.17.9	9	H4279	to-morrow
Exo.17.9	10	H5324	I will stand
Exo.17.9	11	H7218	on the top
Exo.17.9	12	H1389	of the hill
Exo.17.9	13	H4294	with the rod
Exo.17.9	14	H430	of God
Exo.17.9	15	H3027	in my hand.
Exo.17.10	1	H3091	So Joshua
Exo.17.10	2	H6213	did
Exo.17.10	3	H4872	as Moses
Exo.17.10	4	H559	had said
Exo.17.10	5	H3898	to him, and fought
Exo.17.10	6	H6002	with Amalek:
Exo.17.10	7	H4872	and Moses,
Exo.17.10	8	H175	Aaron,
Exo.17.10	9	H2354	and Hur
Exo.17.10	10	H5927	went up
Exo.17.10	11	H7218	to the top
Exo.17.10	12	H1389	of the hill.
Exo.17.11	1	H4872	And it came to pass, when Moses
Exo.17.11	2	H7311	held up
Exo.17.11	3	H3027	his hand,
Exo.17.11	4	H3478	that Israel
Exo.17.11	5	H1396	prevailed;
Exo.17.11	6	H5117	and when he let down
Exo.17.11	7	H3027	his hand,
Exo.17.11	8	H6002	Amalek
Exo.17.11	9	H1396	prevailed.
Exo.17.12	1	H4872	But Moses'
Exo.17.12	2	H3027	hands
Exo.17.12	3	H3515	were heavy;
Exo.17.12	4	H3947	and they took
Exo.17.12	5	H68	a stone,
Exo.17.12	6	H7760	and put
Exo.17.12	7	H3427	it under him, and he sat
Exo.17.12	8	H175	thereon; and Aaron
Exo.17.12	9	H2354	and Hur
Exo.17.12	10	H8551	stayed up
Exo.17.12	11	H3027	his hands,
Exo.17.12	12	H259	the one on the one side,
Exo.17.12	13	H259	and the other on the other side;
Exo.17.12	14	H3027	And his hands
Exo.17.12	15	H530	were steady
Exo.17.12	16	H935	until the going down
Exo.17.12	17	H8121	of the sun.
Exo.17.13	1	H3091	And Joshua
Exo.17.13	2	H2522	discomfited
Exo.17.13	3	H6002	Amalek
Exo.17.13	4	H5971	and his people
Exo.17.13	5	H6310	with the edge
Exo.17.13	6	H2719	of the sword.
Exo.17.14	1	H3068	And Jehovah
Exo.17.14	2	H559	said
Exo.17.14	3	H4872	unto Moses,
Exo.17.14	4	H3789	Write
Exo.17.14	5	H2146	this for a memorial
Exo.17.14	6	H5612	in a book,
Exo.17.14	7	H7760	and rehearse
Exo.17.14	8	H241	it in the ears
Exo.17.14	9	H3091	of Joshua:
Exo.17.14	10	H4229	that I will utterly
Exo.17.14	11	H4229	blot out
Exo.17.14	12	H2143	the remembrance
Exo.17.14	13	H6002	of Amalek
Exo.17.14	14	H8064	from under heaven.
Exo.17.15	1	H4872	And Moses
Exo.17.15	2	H1129	built
Exo.17.15	3	H4196	an altar,
Exo.17.15	4	H7121	and called
Exo.17.15	5	H8034	the name
Exo.17.15	6	H3071	of it Jehovah-nissi;
Exo.17.16	1	H559	and he said,
Exo.17.16	2	H3050	Jehovah
Exo.17.16	3	H3027	hath sworn:
Exo.17.16	4	H3050	Jehovah
Exo.17.16	5	H4421	will have war
Exo.17.16	6	H6002	with Amalek
Exo.17.16	7	H1755	from generation
Exo.17.16	8	H1755	to generation.
Exo.18.1	1	H3503	Now Jethro,
Exo.18.1	2	H3548	the priest
Exo.18.1	3	H4080	of Midian,
Exo.18.1	4	H4872	Moses'
Exo.18.1	5	H2859	father-in-law,
Exo.18.1	6	H8085	heard
Exo.18.1	7	H430	of all that God
Exo.18.1	8	H6213	had done
Exo.18.1	9	H4872	for Moses,
Exo.18.1	10	H3478	and for Israel
Exo.18.1	11	H5971	his people,
Exo.18.1	12	H3068	how that Jehovah
Exo.18.1	13	H3318	had brought
Exo.18.1	14	H3478	Israel
Exo.18.1	15	H4714	out of Egypt.
Exo.18.2	1	H3503	And Jethro,
Exo.18.2	2	H4872	Moses'
Exo.18.2	3	H2859	father-in-law,
Exo.18.2	4	H3947	took
Exo.18.2	5	H6855	Zipporah,
Exo.18.2	6	H4872	Moses'
Exo.18.2	7	H802	wife,
Exo.18.2	8	H310	after
Exo.18.2	9	H7964	he had sent her away,
Exo.18.3	1	H8147	and her two
Exo.18.3	2	H1121	sons;
Exo.18.3	3	H8034	of whom the name
Exo.18.3	4	H259	of the one
Exo.18.3	5	H1647	was Gershom;
Exo.18.3	6	H559	for he said,
Exo.18.3	7	H1616	I have been a sojourner
Exo.18.3	8	H5237	in a foreign
Exo.18.3	9	H776	land:
Exo.18.4	1	H8034	and the name
Exo.18.4	2	H259	of the other
Exo.18.4	3	H461	was Eliezer;
Exo.18.4	4	H430	for <i>he</i> <i>said</i>, The God
Exo.18.4	5	H1	of my father
Exo.18.4	6	H5828	was my help,
Exo.18.4	7	H5337	and delivered
Exo.18.4	8	H2719	me from the sword
Exo.18.4	9	H6547	of Pharaoh.
Exo.18.5	1	H3503	And Jethro,
Exo.18.5	2	H4872	Moses'
Exo.18.5	3	H2859	father-in-law,
Exo.18.5	4	H935	came
Exo.18.5	5	H1121	with his sons
Exo.18.5	6	H802	and his wife
Exo.18.5	7	H4872	unto Moses
Exo.18.5	8	H4057	into the wilderness
Exo.18.5	9	H2583	where he was encamped,
Exo.18.5	10	H2022	at the mount
Exo.18.5	11	H430	of God:
Exo.18.6	1	H559	and he said
Exo.18.6	2	H4872	unto Moses,
Exo.18.6	3	H2859	I, thy father-in-law
Exo.18.6	4	H3503	Jethro,
Exo.18.6	5	H935	am come
Exo.18.6	6	H802	unto thee, and thy wife,
Exo.18.6	7	H8147	and her two
Exo.18.6	8	H1121	sons with her.
Exo.18.7	1	H4872	And Moses
Exo.18.7	2	H3318	went out
Exo.18.7	3	H7125	to meet
Exo.18.7	4	H2859	his father-in-law,
Exo.18.7	5	H7812	and did obeisance,
Exo.18.7	6	H5401	and kissed
Exo.18.7	7	H7592	him; and they asked
Exo.18.7	8	H376	each
Exo.18.7	9	H7453	other
Exo.18.7	10	H7965	of their welfare;
Exo.18.7	11	H935	and they came
Exo.18.7	12	H168	into the tent.
Exo.18.8	1	H4872	And Moses
Exo.18.8	2	H5608	told
Exo.18.8	3	H2859	his father-in-law
Exo.18.8	4	H3068	all that Jehovah
Exo.18.8	5	H6213	had done
Exo.18.8	6	H6547	unto Pharaoh
Exo.18.8	7	H4714	and to the Egyptians
Exo.18.8	8	H3478	for Israel's
Exo.18.8	9	H182	sake,
Exo.18.8	10	H8513	all the travail
Exo.18.8	11	H4672	that had come
Exo.18.8	12	H1870	upon them by the way,
Exo.18.8	13	H3068	and how Jehovah
Exo.18.8	14	H5337	delivered them.
Exo.18.9	1	H3503	And Jethro
Exo.18.9	2	H2302	rejoiced
Exo.18.9	3	H2896	for all the goodness
Exo.18.9	4	H3068	which Jehovah
Exo.18.9	5	H6213	had done
Exo.18.9	6	H3478	to Israel,
Exo.18.9	7	H5337	in that he had delivered
Exo.18.9	8	H3027	them out of the hand
Exo.18.9	9	H4714	of the Egyptians.
Exo.18.10	1	H3503	And Jethro
Exo.18.10	2	H559	said,
Exo.18.10	3	H1288	Blessed
Exo.18.10	4	H3068	be Jehovah,
Exo.18.10	5	H5337	who hath delivered
Exo.18.10	6	H3027	you out of the hand
Exo.18.10	7	H4714	of the Egyptians,
Exo.18.10	8	H3027	and out of the hand
Exo.18.10	9	H6547	of Pharaoh;
Exo.18.10	10	H5337	who hath delivered
Exo.18.10	11	H5971	the people
Exo.18.10	12	H3027	from under the hand
Exo.18.10	13	H4714	of the Egyptians.
Exo.18.11	1	H3045	Now I know
Exo.18.11	2	H3068	that Jehovah
Exo.18.11	3	H1419	is greater
Exo.18.11	4	H430	than all gods;
Exo.18.11	5	H1697	yea, in the thing
Exo.18.11	6	H2102	wherein they dealt proudly against them.
Exo.18.12	1	H3503	And Jethro,
Exo.18.12	2	H4872	Moses'
Exo.18.12	3	H2859	father-in-law,
Exo.18.12	4	H3947	took
Exo.18.12	5	H5930	a burnt-offering
Exo.18.12	6	H2077	and sacrifices
Exo.18.12	7	H430	for God:
Exo.18.12	8	H175	and Aaron
Exo.18.12	9	H935	came,
Exo.18.12	10	H2205	and all the elders
Exo.18.12	11	H3478	of Israel,
Exo.18.12	12	H398	to eat
Exo.18.12	13	H3899	bread
Exo.18.12	14	H4872	with Moses'
Exo.18.12	15	H2859	father-in-law
Exo.18.12	16	H6440	before
Exo.18.12	17	H430	God.
Exo.18.13	1	H4283	And it came to pass on the morrow,
Exo.18.13	2	H4872	that Moses
Exo.18.13	3	H3427	sat
Exo.18.13	4	H8199	to judge
Exo.18.13	5	H5971	the people:
Exo.18.13	6	H5971	and the people
Exo.18.13	7	H5975	stood
Exo.18.13	8	H4872	about Moses
Exo.18.13	9	H1242	from the morning
Exo.18.13	10	H6153	unto the evening.
Exo.18.14	1	H4872	And when Moses'
Exo.18.14	2	H2859	father-in-law
Exo.18.14	3	H7200	saw
Exo.18.14	4	H6213	all that he did
Exo.18.14	5	H5971	to the people,
Exo.18.14	6	H559	he said,
Exo.18.14	7	H1697	What is this thing
Exo.18.14	8	H6213	that thou doest
Exo.18.14	9	H5971	to the people?
Exo.18.14	10	H3427	why sittest
Exo.18.14	11	H5971	thou thyself alone, and all the people
Exo.18.14	12	H5324	stand
Exo.18.14	13	H1242	about thee from morning
Exo.18.14	14	H6153	unto even?
Exo.18.15	1	H4872	And Moses
Exo.18.15	2	H559	said
Exo.18.15	3	H2859	unto his father-in-law,
Exo.18.15	4	H5971	Because the people
Exo.18.15	5	H935	come
Exo.18.15	6	H1875	unto me to inquire
Exo.18.15	7	H430	of God:
Exo.18.16	1	H1697	when they have a matter,
Exo.18.16	2	H935	they come
Exo.18.16	3	H8199	unto me; and I judge
Exo.18.16	4	H376	between a man
Exo.18.16	5	H7453	and his neighbor,
Exo.18.16	6	H3045	and I make them know
Exo.18.16	7	H2706	the statutes
Exo.18.16	8	H430	of God,
Exo.18.16	9	H8451	and his laws.
Exo.18.17	1	H4872	And Moses'
Exo.18.17	2	H2859	father-in-law
Exo.18.17	3	H559	said
Exo.18.17	4	H1697	unto him, The thing
Exo.18.17	5	H6213	that thou doest
Exo.18.17	6	H2896	is not good.
Exo.18.18	1	H5034	Thou wilt surely
Exo.18.18	2	H5034	wear away,
Exo.18.18	3	H5971	both thou, and this people
Exo.18.18	4	H1697	that is with thee: for the thing
Exo.18.18	5	H3515	is too heavy
Exo.18.18	6	H3201	for thee; thou art not able
Exo.18.18	7	H6213	to perform it thyself alone.
Exo.18.19	1	H8085	Hearken
Exo.18.19	2	H6963	now unto my voice,
Exo.18.19	3	H3289	I will give thee counsel,
Exo.18.19	4	H430	and God
Exo.18.19	5	H1961	be
Exo.18.19	6	H5971	with thee: be thou for the people
Exo.18.19	7	H4136	to Godward,
Exo.18.19	8	H935	and bring
Exo.18.19	9	H1697	thou the causes
Exo.18.19	10	H430	unto God:
Exo.18.20	1	H2094	and thou shalt teach
Exo.18.20	2	H2706	them the statutes
Exo.18.20	3	H8451	and the laws,
Exo.18.20	4	H3045	and shalt show
Exo.18.20	5	H1870	them the way
Exo.18.20	6	H3212	wherein they must walk,
Exo.18.20	7	H4639	and the work
Exo.18.20	8	H6213	that they must do.
Exo.18.21	1	H2372	Moreover thou shalt provide
Exo.18.21	2	H5971	out of all the people
Exo.18.21	3	H2428	able
Exo.18.21	4	H582	men,
Exo.18.21	5	H3373	such as fear
Exo.18.21	6	H430	God,
Exo.18.21	7	H582	men
Exo.18.21	8	H571	of truth,
Exo.18.21	9	H8130	hating
Exo.18.21	10	H1215	unjust gain;
Exo.18.21	11	H7760	and place
Exo.18.21	12	H8269	such over them, to be rulers
Exo.18.21	13	H505	of thousands,
Exo.18.21	14	H8269	rulers
Exo.18.21	15	H3967	of hundreds,
Exo.18.21	16	H8269	rulers
Exo.18.21	17	H2572	of fifties,
Exo.18.21	18	H8269	and rulers
Exo.18.21	19	H6235	of tens:
Exo.18.22	1	H8199	and let them judge
Exo.18.22	2	H5971	the people
Exo.18.22	3	H6256	at all seasons:
Exo.18.22	4	H1419	and it shall be, that every great
Exo.18.22	5	H1697	matter
Exo.18.22	6	H935	they shall bring
Exo.18.22	7	H6996	unto thee, but every small
Exo.18.22	8	H1697	matter
Exo.18.22	9	H8199	they shall judge
Exo.18.22	10	H7043	themselves: so shall it be easier
Exo.18.22	11	H5375	for thyself, and they shall bear <i>the</i> <i>burden</i> with thee.
Exo.18.23	1	H6213	If thou shalt do
Exo.18.23	2	H1697	this thing,
Exo.18.23	3	H430	and God
Exo.18.23	4	H6680	command
Exo.18.23	5	H3201	thee so, then thou shalt be able
Exo.18.23	6	H5975	to endure,
Exo.18.23	7	H5971	and all this people
Exo.18.23	8	H935	also shall go
Exo.18.23	9	H4725	to their place
Exo.18.23	10	H7965	in peace.
Exo.18.24	1	H4872	So Moses
Exo.18.24	2	H8085	hearkened
Exo.18.24	3	H6963	to the voice
Exo.18.24	4	H2859	of his father-in-law,
Exo.18.24	5	H6213	and did
Exo.18.24	6	H559	all that he had said.
Exo.18.25	1	H4872	And Moses
Exo.18.25	2	H977	chose
Exo.18.25	3	H2428	able
Exo.18.25	4	H582	men
Exo.18.25	5	H3478	out of all Israel,
Exo.18.25	6	H5414	and made
Exo.18.25	7	H7218	them heads
Exo.18.25	8	H5971	over the people,
Exo.18.25	9	H8269	rulers
Exo.18.25	10	H505	of thousands,
Exo.18.25	11	H8269	rulers
Exo.18.25	12	H3967	of hundreds,
Exo.18.25	13	H8269	rulers
Exo.18.25	14	H2572	of fifties,
Exo.18.25	15	H8269	and rulers
Exo.18.25	16	H6235	of tens.
Exo.18.26	1	H8199	And they judged
Exo.18.26	2	H5971	the people
Exo.18.26	3	H6256	at all seasons:
Exo.18.26	4	H7186	the hard
Exo.18.26	5	H1697	causes
Exo.18.26	6	H935	they brought
Exo.18.26	7	H4872	unto Moses,
Exo.18.26	8	H6996	but every small
Exo.18.26	9	H1697	matter
Exo.18.26	10	H8199	they judged themselves.
Exo.18.27	1	H4872	And Moses
Exo.18.27	2	H2859	let his father-in-law
Exo.18.27	3	H7971	depart;
Exo.18.27	4	H3212	and he went
Exo.18.27	5	H776	his way into his own land.
Exo.19.1	1	H7992	In the third
Exo.19.1	2	H2320	month
Exo.19.1	3	H1121	after the children
Exo.19.1	4	H3478	of Israel
Exo.19.1	5	H3318	were gone forth
Exo.19.1	6	H776	out of the land
Exo.19.1	7	H4714	of Egypt,
Exo.19.1	8	H3117	the same day
Exo.19.1	9	H935	came
Exo.19.1	10	H4057	they into the wilderness
Exo.19.1	11	H5514	of Sinai.
Exo.19.2	1	H5265	And when they were departed
Exo.19.2	2	H7508	from Rephidim,
Exo.19.2	3	H935	and were come
Exo.19.2	4	H4057	to the wilderness
Exo.19.2	5	H5514	of Sinai,
Exo.19.2	6	H2583	they encamped
Exo.19.2	7	H4057	in the wilderness;
Exo.19.2	8	H3478	and there Israel
Exo.19.2	9	H2583	encamped
Exo.19.2	10	H2022	before the mount.
Exo.19.3	1	H4872	And Moses
Exo.19.3	2	H5927	went up
Exo.19.3	3	H430	unto God,
Exo.19.3	4	H3068	and Jehovah
Exo.19.3	5	H7121	called
Exo.19.3	6	H2022	unto him out of the mountain,
Exo.19.3	7	H559	saying,
Exo.19.3	8	H559	Thus shalt thou say
Exo.19.3	9	H1004	to the house
Exo.19.3	10	H3290	of Jacob,
Exo.19.3	11	H559	and tell
Exo.19.3	12	H1121	the children
Exo.19.3	13	H3478	of Israel:
Exo.19.4	1	H7200	Ye have seen
Exo.19.4	2	H6213	what I did
Exo.19.4	3	H4714	unto the Egyptians,
Exo.19.4	4	H5375	and how I bare
Exo.19.4	5	H5404	you on eagles'
Exo.19.4	6	H3671	wings,
Exo.19.4	7	H935	and brought you unto myself.
Exo.19.5	1	H8085	Now therefore, if ye will obey
Exo.19.5	2	H6963	my voice
Exo.19.5	3	H8085	indeed,
Exo.19.5	4	H8104	and keep
Exo.19.5	5	H1285	my covenant,
Exo.19.5	6	H5459	then ye shall be mine own possession
Exo.19.5	7	H5971	from among all peoples:
Exo.19.5	8	H776	for all the earth is mine:
Exo.19.6	1	H4467	and ye shall be unto me a kingdom
Exo.19.6	2	H3548	of priests,
Exo.19.6	3	H6918	and a holy
Exo.19.6	4	H1471	nation.
Exo.19.6	5	H1697	These are the words
Exo.19.6	6	H1696	which thou shalt speak
Exo.19.6	7	H1121	unto the children
Exo.19.6	8	H3478	of Israel.
Exo.19.7	1	H4872	And Moses
Exo.19.7	2	H935	came
Exo.19.7	3	H7121	and called
Exo.19.7	4	H2205	for the elders
Exo.19.7	5	H5971	of the people,
Exo.19.7	6	H1697	and set before them all these words
Exo.19.7	7	H3068	which Jehovah
Exo.19.7	8	H6680	commanded him.
Exo.19.8	1	H5971	And all the people
Exo.19.8	2	H6030	answered
Exo.19.8	3	H3162	together,
Exo.19.8	4	H559	and said,
Exo.19.8	5	H3068	All that Jehovah
Exo.19.8	6	H1696	hath spoken
Exo.19.8	7	H6213	we will do.
Exo.19.8	8	H4872	And Moses
Exo.19.8	9	H7725	reported
Exo.19.8	10	H1697	the words
Exo.19.8	11	H5971	of the people
Exo.19.8	12	H3068	unto Jehovah.
Exo.19.9	1	H3068	And Jehovah
Exo.19.9	2	H559	said
Exo.19.9	3	H4872	unto Moses,
Exo.19.9	4	H935	Lo, I come
Exo.19.9	5	H5645	unto thee in a thick
Exo.19.9	6	H6051	cloud,
Exo.19.9	7	H5971	that the people
Exo.19.9	8	H8085	may hear
Exo.19.9	9	H1696	when I speak
Exo.19.9	10	H539	with thee, and may also believe
Exo.19.9	11	H5769	thee for ever.
Exo.19.9	12	H4872	And Moses
Exo.19.9	13	H5046	told
Exo.19.9	14	H1697	the words
Exo.19.9	15	H5971	of the people
Exo.19.9	16	H3068	unto Jehovah.
Exo.19.10	1	H3068	And Jehovah
Exo.19.10	2	H559	said
Exo.19.10	3	H4872	unto Moses,
Exo.19.10	4	H3212	Go
Exo.19.10	5	H5971	unto the people,
Exo.19.10	6	H6942	and sanctify
Exo.19.10	7	H3117	them to-day
Exo.19.10	8	H4279	and to-morrow,
Exo.19.10	9	H3526	and let them wash
Exo.19.10	10	H8071	their garments,
Exo.19.11	1	H3559	and be ready
Exo.19.11	2	H7992	against the third
Exo.19.11	3	H3117	day;
Exo.19.11	4	H7992	for the third
Exo.19.11	5	H3117	day
Exo.19.11	6	H3068	Jehovah
Exo.19.11	7	H3381	will come down
Exo.19.11	8	H5869	in the sight
Exo.19.11	9	H5971	of all the people
Exo.19.11	10	H2022	upon mount
Exo.19.11	11	H5514	Sinai.
Exo.19.12	1	H1379	And thou shalt set bounds
Exo.19.12	2	H5971	unto the people
Exo.19.12	3	H5439	round about,
Exo.19.12	4	H559	saying,
Exo.19.12	5	H8104	Take heed
Exo.19.12	6	H5927	to yourselves, that ye go not up
Exo.19.12	7	H2022	into the mount,
Exo.19.12	8	H5060	or touch
Exo.19.12	9	H7097	the border
Exo.19.12	10	H5060	of it: whosoever toucheth
Exo.19.12	11	H2022	the mount
Exo.19.12	12	H4191	shall be surely
Exo.19.12	13	H4191	put to death:
Exo.19.13	1	H3027	no hand
Exo.19.13	2	H5060	shall touch
Exo.19.13	3	H5619	him, but he shall surely
Exo.19.13	4	H5619	be stoned,
Exo.19.13	5	H176	or
Exo.19.13	6	H3384	shot
Exo.19.13	7	H3384	through;
Exo.19.13	8	H929	whether it be beast
Exo.19.13	9	H176	or
Exo.19.13	10	H376	man,
Exo.19.13	11	H2421	he shall not live:
Exo.19.13	12	H3104	when the trumpet
Exo.19.13	13	H4900	soundeth long,
Exo.19.13	14	H5927	they shall come up
Exo.19.13	15	H2022	to the mount.
Exo.19.14	1	H4872	And Moses
Exo.19.14	2	H3381	went down
Exo.19.14	3	H2022	from the mount
Exo.19.14	4	H5971	unto the people,
Exo.19.14	5	H6942	and sanctified
Exo.19.14	6	H5971	the people;
Exo.19.14	7	H3526	and they washed
Exo.19.14	8	H8071	their garments.
Exo.19.15	1	H559	And he said
Exo.19.15	2	H5971	unto the people,
Exo.19.15	3	H1961	Be
Exo.19.15	4	H3559	ready
Exo.19.15	5	H7969	against the third
Exo.19.15	6	H3117	day:
Exo.19.15	7	H5066	come
Exo.19.15	8	H802	not near a woman.
Exo.19.16	1	H7992	And it came to pass on the third
Exo.19.16	2	H3117	day,
Exo.19.16	3	H1242	when it was morning,
Exo.19.16	4	H6963	that there were thunders
Exo.19.16	5	H1300	and lightnings,
Exo.19.16	6	H3515	and a thick
Exo.19.16	7	H6051	cloud
Exo.19.16	8	H2022	upon the mount,
Exo.19.16	9	H6963	and the voice
Exo.19.16	10	H7782	of a trumpet
Exo.19.16	11	H3966	exceeding
Exo.19.16	12	H2389	loud;
Exo.19.16	13	H5971	and all the people
Exo.19.16	14	H4264	that were in the camp
Exo.19.16	15	H2729	trembled.
Exo.19.17	1	H4872	And Moses
Exo.19.17	2	H3318	brought forth
Exo.19.17	3	H5971	the people
Exo.19.17	4	H4264	out of the camp
Exo.19.17	5	H7125	to meet
Exo.19.17	6	H430	God;
Exo.19.17	7	H3320	and they stood
Exo.19.17	8	H8482	at the nether
Exo.19.17	9	H2022	part of the mount.
Exo.19.18	1	H2022	And mount
Exo.19.18	2	H5514	Sinai,
Exo.19.18	3	H6225	the whole of it, smoked,
Exo.19.18	4	H6440	because
Exo.19.18	5	H3068	Jehovah
Exo.19.18	6	H3381	descended
Exo.19.18	7	H784	upon it in fire;
Exo.19.18	8	H6227	and the smoke
Exo.19.18	9	H5927	thereof ascended
Exo.19.18	10	H6227	as the smoke
Exo.19.18	11	H3536	of a furnace,
Exo.19.18	12	H2022	and the whole mount
Exo.19.18	13	H2729	quaked
Exo.19.18	14	H3966	greatly.
Exo.19.19	1	H6963	And when the voice
Exo.19.19	2	H7782	of the trumpet
Exo.19.19	3	H6963	waxed
Exo.19.19	4	H1980	louder
Exo.19.19	5	H2390	and
Exo.19.19	6	H2390	louder,
Exo.19.19	7	H4872	Moses
Exo.19.19	8	H1696	spake,
Exo.19.19	9	H430	and God
Exo.19.19	10	H6030	answered
Exo.19.19	11	H6963	him by a voice.
Exo.19.20	1	H3068	And Jehovah
Exo.19.20	2	H3381	came down
Exo.19.20	3	H2022	upon mount
Exo.19.20	4	H5514	Sinai,
Exo.19.20	5	H7218	to the top
Exo.19.20	6	H2022	of the mount:
Exo.19.20	7	H3068	and Jehovah
Exo.19.20	8	H7121	called
Exo.19.20	9	H4872	Moses
Exo.19.20	10	H413	to
Exo.19.20	11	H413	the top
Exo.19.20	12	H2022	of the mount;
Exo.19.20	13	H4872	and Moses
Exo.19.20	14	H5927	went up.
Exo.19.21	1	H3068	And Jehovah
Exo.19.21	2	H559	said
Exo.19.21	3	H4872	unto Moses,
Exo.19.21	4	H3381	Go down,
Exo.19.21	5	H5749	charge
Exo.19.21	6	H5971	the people,
Exo.19.21	7	H2040	lest they break through
Exo.19.21	8	H3068	unto Jehovah
Exo.19.21	9	H7200	to gaze,
Exo.19.21	10	H7227	and many
Exo.19.21	11	H5307	of them perish.
Exo.19.22	1	H3548	And let the priests
Exo.19.22	2	H5066	also, that come near
Exo.19.22	3	H3068	to Jehovah,
Exo.19.22	4	H6942	sanctify
Exo.19.22	5	H3068	themselves, lest Jehovah
Exo.19.22	6	H6555	break forth upon them.
Exo.19.23	1	H4872	And Moses
Exo.19.23	2	H559	said
Exo.19.23	3	H3068	unto Jehovah,
Exo.19.23	4	H5971	The people
Exo.19.23	5	H3201	cannot
Exo.19.23	6	H5927	come up
Exo.19.23	7	H2022	to mount
Exo.19.23	8	H5514	Sinai:
Exo.19.23	9	H5749	for thou didst charge
Exo.19.23	10	H559	us, saying,
Exo.19.23	11	H1379	Set bounds
Exo.19.23	12	H2022	about the mount,
Exo.19.23	13	H6942	and sanctify it.
Exo.19.24	1	H3068	And Jehovah
Exo.19.24	2	H559	said
Exo.19.24	3	H3212	unto him, Go,
Exo.19.24	4	H3381	get thee down;
Exo.19.24	5	H5927	and thou shalt come up,
Exo.19.24	6	H175	thou, and Aaron
Exo.19.24	7	H3548	with thee: but let not the priests
Exo.19.24	8	H5971	and the people
Exo.19.24	9	H2040	break through
Exo.19.24	10	H5927	to come up
Exo.19.24	11	H3068	unto Jehovah,
Exo.19.24	12	H6555	lest he break forth upon them.
Exo.19.25	1	H4872	So Moses
Exo.19.25	2	H3381	went down
Exo.19.25	3	H5971	unto the people,
Exo.19.25	4	H559	and told them.
Exo.20.1	1	H430	And God
Exo.20.1	2	H1696	spake
Exo.20.1	3	H1697	all these words,
Exo.20.1	4	H559	saying,
Exo.20.2	1	H3068	I am Jehovah
Exo.20.2	2	H430	thy God,
Exo.20.2	3	H3318	who brought
Exo.20.2	4	H776	thee out of the land
Exo.20.2	5	H4714	of Egypt,
Exo.20.2	6	H1004	out of the house
Exo.20.2	7	H5650	of bondage.
Exo.20.3	1	H312	Thou shalt have no other
Exo.20.3	2	H430	gods
Exo.20.3	3	H6440	before me.
Exo.20.4	1	H6213	Thou shalt not make
Exo.20.4	2	H6459	unto thee a graven image,
Exo.20.4	3	H8544	nor any likeness
Exo.20.4	4	H834	<i>of</i> <i>any</i> <i>thing</i> that
Exo.20.4	5	H8064	is in heaven
Exo.20.4	6	H4605	above,
Exo.20.4	7	H776	or that is in the earth
Exo.20.4	8	H4325	beneath, or that is in the water
Exo.20.4	9	H776	under the earth:
Exo.20.5	1	H7812	thou shalt not bow down
Exo.20.5	2	H5647	thyself unto them, nor serve
Exo.20.5	3	H3068	them; for I Jehovah
Exo.20.5	4	H430	thy God
Exo.20.5	5	H7067	am a jealous
Exo.20.5	6	H430	God,
Exo.20.5	7	H6485	visiting
Exo.20.5	8	H5771	the iniquity
Exo.20.5	9	H1	of the fathers
Exo.20.5	10	H1121	upon the children,
Exo.20.5	11	H8029	upon the third
Exo.20.5	12	H7256	and upon the fourth
Exo.20.5	13	H8130	generation of them that hate me,
Exo.20.6	1	H6213	and showing
Exo.20.6	2	H2617	lovingkindness
Exo.20.6	3	H505	unto thousands
Exo.20.6	4	H157	of them that love
Exo.20.6	5	H8104	me and keep
Exo.20.6	6	H4687	my commandments.
Exo.20.7	1	H5375	Thou shalt not take
Exo.20.7	2	H8034	the name
Exo.20.7	3	H3068	of Jehovah
Exo.20.7	4	H430	thy God
Exo.20.7	5	H7723	in vain;
Exo.20.7	6	H3068	for Jehovah
Exo.20.7	7	H5352	will not hold him guiltless
Exo.20.7	8	H5375	that taketh
Exo.20.7	9	H8034	his name
Exo.20.7	10	H7723	in vain.
Exo.20.8	1	H2142	Remember
Exo.20.8	2	H7676	the sabbath
Exo.20.8	3	H3117	day,
Exo.20.8	4	H6942	to keep it holy.
Exo.20.9	1	H8337	Six
Exo.20.9	2	H3117	days
Exo.20.9	3	H5647	shalt thou labor,
Exo.20.9	4	H6213	and do
Exo.20.9	5	H4399	all thy work;
Exo.20.10	1	H7637	but the seventh
Exo.20.10	2	H3117	day
Exo.20.10	3	H7676	is a sabbath
Exo.20.10	4	H3068	unto Jehovah
Exo.20.10	5	H430	thy God:
Exo.20.10	6	H6213	<i>in</i> <i>it</i> thou shalt not do
Exo.20.10	7	H4399	any work,
Exo.20.10	8	H1121	thou, nor thy son,
Exo.20.10	9	H1323	nor thy daughter,
Exo.20.10	10	H5650	thy man-servant,
Exo.20.10	11	H519	nor thy maid-servant,
Exo.20.10	12	H929	nor thy cattle,
Exo.20.10	13	H1616	nor thy stranger
Exo.20.10	14	H8179	that is within thy gates:
Exo.20.11	1	H8337	for in six
Exo.20.11	2	H3117	days
Exo.20.11	3	H3068	Jehovah
Exo.20.11	4	H6213	made
Exo.20.11	5	H8064	heaven
Exo.20.11	6	H776	and earth,
Exo.20.11	7	H3220	the sea,
Exo.20.11	8	H5117	and all that in them is, and rested
Exo.20.11	9	H7637	the seventh
Exo.20.11	10	H3117	day:
Exo.20.11	11	H3068	wherefore Jehovah
Exo.20.11	12	H1288	blessed
Exo.20.11	13	H7676	the sabbath
Exo.20.11	14	H3117	day,
Exo.20.11	15	H6942	and hallowed it.
Exo.20.12	1	H3513	Honor
Exo.20.12	2	H1	thy father
Exo.20.12	3	H517	and thy mother,
Exo.20.12	4	H3117	that thy days
Exo.20.12	5	H748	may be long
Exo.20.12	6	H127	in the land
Exo.20.12	7	H3068	which Jehovah
Exo.20.12	8	H430	thy God
Exo.20.12	9	H5414	giveth thee.
Exo.20.13	1	H7523	Thou shalt not kill.
Exo.20.14	1	H5003	Thou shalt not commit adultery.
Exo.20.15	1	H1589	Thou shalt not steal.
Exo.20.16	1	H6030	Thou shalt not bear
Exo.20.16	2	H8267	false
Exo.20.16	3	H5707	witness
Exo.20.16	4	H7453	against thy neighbor.
Exo.20.17	1	H2530	Thou shalt not covet
Exo.20.17	2	H7453	thy neighbor's
Exo.20.17	3	H1004	house,
Exo.20.17	4	H2530	thou shalt not covet
Exo.20.17	5	H7453	thy neighbor's
Exo.20.17	6	H802	wife,
Exo.20.17	7	H5650	nor his man-servant,
Exo.20.17	8	H519	nor his maid-servant,
Exo.20.17	9	H7794	nor his ox,
Exo.20.17	10	H2543	nor his ass,
Exo.20.17	11	H7453	nor anything that is thy neighbor's.
Exo.20.18	1	H5971	And all the people
Exo.20.18	2	H7200	perceived
Exo.20.18	3	H6963	the thunderings,
Exo.20.18	4	H3940	and the lightnings,
Exo.20.18	5	H6963	and the voice
Exo.20.18	6	H7782	of the trumpet,
Exo.20.18	7	H2022	and the mountain
Exo.20.18	8	H6226	smoking:
Exo.20.18	9	H5971	and when the people
Exo.20.18	10	H7200	saw
Exo.20.18	11	H5128	it, they trembled,
Exo.20.18	12	H5975	and stood
Exo.20.18	13	H7350	afar off.
Exo.20.19	1	H559	And they said
Exo.20.19	2	H4872	unto Moses,
Exo.20.19	3	H1696	Speak
Exo.20.19	4	H8085	thou with us, and we will hear;
Exo.20.19	5	H430	but let not God
Exo.20.19	6	H1696	speak
Exo.20.19	7	H4191	with us, lest we die.
Exo.20.20	1	H4872	And Moses
Exo.20.20	2	H559	said
Exo.20.20	3	H5971	unto the people,
Exo.20.20	4	H3372	Fear
Exo.20.20	5	H430	not: for God
Exo.20.20	6	H935	is come
Exo.20.20	7	H5668	to
Exo.20.20	8	H5254	prove
Exo.20.20	9	H3374	you, and that his fear
Exo.20.20	10	H6440	may be before you,
Exo.20.20	11	H2398	that ye sin not.
Exo.20.21	1	H5971	And the people
Exo.20.21	2	H5975	stood
Exo.20.21	3	H7350	afar off,
Exo.20.21	4	H4872	and Moses
Exo.20.21	5	H5066	drew near
Exo.20.21	6	H6205	unto the thick darkness
Exo.20.21	7	H430	where God was.
Exo.20.22	1	H3068	And Jehovah
Exo.20.22	2	H559	said
Exo.20.22	3	H4872	unto Moses,
Exo.20.22	4	H559	Thus thou shalt say
Exo.20.22	5	H1121	unto the children
Exo.20.22	6	H3478	of Israel,
Exo.20.22	7	H7200	Ye yourselves have seen
Exo.20.22	8	H1696	that I have talked
Exo.20.22	9	H8064	with you from heaven.
Exo.20.23	1	H6213	Ye shall not make
Exo.20.23	2	H430	<i>other</i> <i>gods</i>
Exo.20.23	3	H3701	with me; gods of silver,
Exo.20.23	4	H430	or gods
Exo.20.23	5	H2091	of gold,
Exo.20.23	6	H6213	ye shall not make unto you.
Exo.20.24	1	H4196	An altar
Exo.20.24	2	H127	of earth
Exo.20.24	3	H6213	thou shalt make
Exo.20.24	4	H2076	unto me, and shalt sacrifice
Exo.20.24	5	H5930	thereon thy burnt-offerings,
Exo.20.24	6	H8002	and thy peace-offerings,
Exo.20.24	7	H6629	thy sheep,
Exo.20.24	8	H1241	and thine oxen:
Exo.20.24	9	H4725	in every place
Exo.20.24	10	H2142	where I record
Exo.20.24	11	H8034	my name
Exo.20.24	12	H935	I will come
Exo.20.24	13	H1288	unto thee and I will bless thee.
Exo.20.25	1	H6213	And if thou make
Exo.20.25	2	H4196	me an altar
Exo.20.25	3	H68	of stone,
Exo.20.25	4	H1129	thou shalt not build
Exo.20.25	5	H1496	it of hewn stones;
Exo.20.25	6	H5130	for if thou lift up
Exo.20.25	7	H2719	thy tool
Exo.20.25	8	H2490	upon it, thou hast polluted it.
Exo.20.26	1	H5927	Neither shalt thou go up
Exo.20.26	2	H4609	by steps
Exo.20.26	3	H4196	unto mine altar,
Exo.20.26	4	H6172	that thy nakedness
Exo.20.26	5	H1540	be not uncovered thereon.
Exo.21.1	1	H4941	Now these are the ordinances
Exo.21.1	2	H7760	which thou shalt set
Exo.21.1	3	H6440	before them.
Exo.21.2	1	H7069	If thou buy
Exo.21.2	2	H5680	a Hebrew
Exo.21.2	3	H5650	servant,
Exo.21.2	4	H8337	six
Exo.21.2	5	H8141	years
Exo.21.2	6	H5647	he shall serve:
Exo.21.2	7	H7637	and in the seventh
Exo.21.2	8	H3318	he shall go out
Exo.21.2	9	H2670	free
Exo.21.2	10	H2600	for nothing.
Exo.21.3	1	H935	If he come in
Exo.21.3	2	H1610	by himself,
Exo.21.3	3	H3318	he shall go out
Exo.21.3	4	H1610	by himself:
Exo.21.3	5	H1167	if he be married,
Exo.21.3	6	H802	then his wife
Exo.21.3	7	H3318	shall go out with him.
Exo.21.4	1	H113	If his master
Exo.21.4	2	H5414	give
Exo.21.4	3	H802	him a wife,
Exo.21.4	4	H3205	and she bear
Exo.21.4	5	H1121	him sons
Exo.21.4	6	H1323	or daughters;
Exo.21.4	7	H802	the wife
Exo.21.4	8	H1121	and her children
Exo.21.4	9	H113	shall be her master's,
Exo.21.4	10	H3318	and he shall go out
Exo.21.4	11	H1610	by himself.
Exo.21.5	1	H5650	But if the servant
Exo.21.5	2	H559	shall plainly
Exo.21.5	3	H559	say,
Exo.21.5	4	H157	I love
Exo.21.5	5	H113	my master,
Exo.21.5	6	H802	my wife,
Exo.21.5	7	H1121	and my children;
Exo.21.5	8	H3318	I will not go out
Exo.21.5	9	H2670	free:
Exo.21.6	1	H113	then his master
Exo.21.6	2	H5066	shall bring
Exo.21.6	3	H430	him unto God,
Exo.21.6	4	H5066	and shall bring
Exo.21.6	5	H1817	him to the door,
Exo.21.6	6	H4201	or unto the door-post;
Exo.21.6	7	H113	and his master
Exo.21.6	8	H7527	shall bore
Exo.21.6	9	H241	his ear
Exo.21.6	10	H4836	through with an awl;
Exo.21.6	11	H5647	and he shall serve
Exo.21.6	12	H5769	him for ever.
Exo.21.7	1	H376	And if a man
Exo.21.7	2	H4376	sell
Exo.21.7	3	H1323	his daughter
Exo.21.7	4	H519	to be a maid-servant,
Exo.21.7	5	H3318	she shall not go out
Exo.21.7	6	H5650	as the men-servants
Exo.21.7	7	H3318	do.
Exo.21.8	1	H7451	If she please
Exo.21.8	2	H113	not her master,
Exo.21.8	3	H3259	who hath espoused
Exo.21.8	4	H6299	her to himself, then shall he let her be redeemed:
Exo.21.8	5	H4376	to sell
Exo.21.8	6	H5237	her unto a foreign
Exo.21.8	7	H5971	people
Exo.21.8	8	H4910	he shall have no power,
Exo.21.8	9	H898	seeing he hath dealt deceitfully with her.
Exo.21.9	1	H3259	And if he espouse
Exo.21.9	2	H1121	her unto his son,
Exo.21.9	3	H6213	he shall deal
Exo.21.9	4	H4941	with her after the manner
Exo.21.9	5	H1323	of daughters.
Exo.21.10	1	H3947	If he take
Exo.21.10	2	H312	him another
Exo.21.10	3	H7607	<i>wife</i>; her food,
Exo.21.10	4	H3682	her raiment,
Exo.21.10	5	H5772	and her duty of marriage,
Exo.21.10	6	H1639	shall he not diminish.
Exo.21.11	1	H6213	And if he do
Exo.21.11	2	H7969	not these three
Exo.21.11	3	H3318	things unto her, then shall she go out
Exo.21.11	4	H2600	for nothing,
Exo.21.11	5	H3701	without money.
Exo.21.12	1	H5221	He that smiteth
Exo.21.12	2	H376	a man,
Exo.21.12	3	H4191	so that he dieth,
Exo.21.12	4	H4191	shall surely
Exo.21.12	5	H4191	be put to death.
Exo.21.13	1	H6658	And if a man lie not in wait,
Exo.21.13	2	H430	but God
Exo.21.13	3	H579	deliver
Exo.21.13	4	H3027	<i>him</i> into his hand;
Exo.21.13	5	H7760	then I will appoint
Exo.21.13	6	H4725	thee a place
Exo.21.13	7	H5127	whither he shall flee.
Exo.21.14	1	H376	And if a man
Exo.21.14	2	H2102	come presumptuously
Exo.21.14	3	H7453	upon his neighbor,
Exo.21.14	4	H2026	to slay
Exo.21.14	5	H6195	him with guile;
Exo.21.14	6	H3947	thou shalt take
Exo.21.14	7	H4196	him from mine altar,
Exo.21.14	8	H4191	that he may die.
Exo.21.15	1	H5221	And he that smiteth
Exo.21.15	2	H1	his father,
Exo.21.15	3	H517	or his mother,
Exo.21.15	4	H4191	shall be surely
Exo.21.15	5	H4191	put to death.
Exo.21.16	1	H1589	And he that stealeth
Exo.21.16	2	H376	a man,
Exo.21.16	3	H4376	and selleth
Exo.21.16	4	H4672	him, or if he be found
Exo.21.16	5	H3027	in his hand,
Exo.21.16	6	H4191	he shall surely
Exo.21.16	7	H4191	be put to death.
Exo.21.17	1	H7043	And he that curseth
Exo.21.17	2	H1	his father
Exo.21.17	3	H517	or his mother,
Exo.21.17	4	H4191	shall surely
Exo.21.17	5	H4191	be put to death.
Exo.21.18	1	H582	And if men
Exo.21.18	2	H7378	contend,
Exo.21.18	3	H376	and one
Exo.21.18	4	H5221	smite
Exo.21.18	5	H7453	the other
Exo.21.18	6	H68	with a stone,
Exo.21.18	7	H176	or
Exo.21.18	8	H106	with his fist,
Exo.21.18	9	H4191	and he die
Exo.21.18	10	H5307	not, but keep
Exo.21.18	11	H4904	his bed;
Exo.21.19	1	H6965	if he rise again,
Exo.21.19	2	H1980	and walk
Exo.21.19	3	H2351	abroad
Exo.21.19	4	H4938	upon his staff,
Exo.21.19	5	H5221	then shall he that smote
Exo.21.19	6	H5352	him be quit:
Exo.21.19	7	H5414	only he shall pay
Exo.21.19	8	H7674	for the loss of his time,
Exo.21.19	9	H7495	and shall cause him to be thoroughly
Exo.21.19	10	H7495	healed.
Exo.21.20	1	H376	And if a man
Exo.21.20	2	H5221	smite
Exo.21.20	3	H5650	his servant,
Exo.21.20	4	H519	or his maid,
Exo.21.20	5	H7626	with a rod,
Exo.21.20	6	H4191	and he die
Exo.21.20	7	H3027	under his hand;
Exo.21.20	8	H5358	he shall surely
Exo.21.20	9	H5358	be punished.
Exo.21.21	1	H389	Notwithstanding,
Exo.21.21	2	H5975	if he continue
Exo.21.21	3	H3117	a day
Exo.21.21	4	H8147	or two,
Exo.21.21	5	H5358	he shall not be punished:
Exo.21.21	6	H3701	for he is his money.
Exo.21.22	1	H582	And if men
Exo.21.22	2	H5327	strive
Exo.21.22	3	H5062	together, and hurt
Exo.21.22	4	H802	a woman
Exo.21.22	5	H2030	with child,
Exo.21.22	6	H3206	so that her fruit
Exo.21.22	7	H3318	depart,
Exo.21.22	8	H611	and yet no harm follow;
Exo.21.22	9	H6064	he shall be surely
Exo.21.22	10	H6064	fined,
Exo.21.22	11	H802	according as the woman's
Exo.21.22	12	H1167	husband
Exo.21.22	13	H7896	shall lay
Exo.21.22	14	H5414	upon him; and he shall pay
Exo.21.22	15	H6414	as the judges determine.
Exo.21.23	1	H611	But if any harm follow,
Exo.21.23	2	H5414	then thou shalt give
Exo.21.23	3	H5315	life
Exo.21.23	4	H5315	for life,
Exo.21.24	1	H5869	eye
Exo.21.24	2	H5869	for eye,
Exo.21.24	3	H8127	tooth
Exo.21.24	4	H8127	for tooth,
Exo.21.24	5	H3027	hand
Exo.21.24	6	H3027	for hand,
Exo.21.24	7	H7272	foot
Exo.21.24	8	H7272	for foot,
Exo.21.25	1	H3555	burning
Exo.21.25	2	H3555	for burning,
Exo.21.25	3	H6482	wound
Exo.21.25	4	H6482	for wound,
Exo.21.25	5	H2250	stripe
Exo.21.25	6	H2250	for stripe.
Exo.21.26	1	H376	And if a man
Exo.21.26	2	H5221	smite
Exo.21.26	3	H5869	the eye
Exo.21.26	4	H5650	of his servant,
Exo.21.26	5	H5869	or the eye
Exo.21.26	6	H519	of his maid,
Exo.21.26	7	H7843	and destroy
Exo.21.26	8	H7971	it; he shall let him go
Exo.21.26	9	H2670	free
Exo.21.26	10	H8478	for
Exo.21.26	11	H5869	his eye's sake.
Exo.21.27	1	H5307	And if he smite
Exo.21.27	2	H5650	out his man-servant's
Exo.21.27	3	H8127	tooth,
Exo.21.27	4	H519	or his maid-servant's
Exo.21.27	5	H8127	tooth;
Exo.21.27	6	H7971	he shall let him go
Exo.21.27	7	H2670	free
Exo.21.27	8	H8127	for his tooth's sake.
Exo.21.28	1	H7794	And if an ox
Exo.21.28	2	H5055	gore
Exo.21.28	3	H376	a man
Exo.21.28	4	H802	or a woman
Exo.21.28	5	H7794	to death, the ox
Exo.21.28	6	H5619	shall be surely
Exo.21.28	7	H5619	stoned,
Exo.21.28	8	H1320	and its flesh
Exo.21.28	9	H398	shall not be eaten;
Exo.21.28	10	H1167	but the owner
Exo.21.28	11	H7794	of the ox
Exo.21.28	12	H5355	shall be quit.
Exo.21.29	1	H7794	But if the ox
Exo.21.29	2	H5056	was wont to gore
Exo.21.29	3	H8543	in time past,
Exo.21.29	4	H5749	and it hath been testified
Exo.21.29	5	H1167	to its owner,
Exo.21.29	6	H8104	and he hath not kept
Exo.21.29	7	H4191	it in, but it hath killed
Exo.21.29	8	H376	a man
Exo.21.29	9	H802	or a woman;
Exo.21.29	10	H7794	the ox
Exo.21.29	11	H5619	shall be stoned,
Exo.21.29	12	H1167	and its owner
Exo.21.29	13	H4191	also shall be put to death.
Exo.21.30	1	H7896	If there be laid
Exo.21.30	2	H3724	on him a ransom,
Exo.21.30	3	H5414	then he shall give
Exo.21.30	4	H6306	for the redemption
Exo.21.30	5	H5315	of his life
Exo.21.30	6	H7896	whatsoever is laid upon him.
Exo.21.31	1	H5055	Whether it have gored
Exo.21.31	2	H1121	a son,
Exo.21.31	3	H176	or
Exo.21.31	4	H5055	have gored
Exo.21.31	5	H1323	a daughter,
Exo.21.31	6	H4941	according to this judgment
Exo.21.31	7	H6213	shall it be done unto him.
Exo.21.32	1	H7794	If the ox
Exo.21.32	2	H5055	gore
Exo.21.32	3	H5650	a man-servant
Exo.21.32	4	H519	or a maid-servant,
Exo.21.32	5	H5414	there shall be given
Exo.21.32	6	H113	unto their master
Exo.21.32	7	H7970	thirty
Exo.21.32	8	H8255	shekels
Exo.21.32	9	H3701	of silver,
Exo.21.32	10	H7794	and the ox
Exo.21.32	11	H5619	shall be stoned.
Exo.21.33	1	H376	And if a man
Exo.21.33	2	H6605	shall open
Exo.21.33	3	H953	a pit,
Exo.21.33	4	H376	or if a man
Exo.21.33	5	H3738	shall dig
Exo.21.33	6	H953	a pit
Exo.21.33	7	H3680	and not cover
Exo.21.33	8	H7794	it, and an ox
Exo.21.33	9	H2543	or an ass
Exo.21.33	10	H5307	fall therein,
Exo.21.34	1	H1167	the owner
Exo.21.34	2	H953	of the pit
Exo.21.34	3	H7999	shall make it good;
Exo.21.34	4	H7725	he shall give
Exo.21.34	5	H3701	money
Exo.21.34	6	H1167	unto the owner
Exo.21.34	7	H4191	thereof, and the dead <i>beast</i> shall be his.
Exo.21.35	1	H376	And if one man's
Exo.21.35	2	H7794	ox
Exo.21.35	3	H5062	hurt
Exo.21.35	4	H7453	another's,
Exo.21.35	5	H4191	so that it dieth,
Exo.21.35	6	H4376	then they shall sell
Exo.21.35	7	H2416	the live
Exo.21.35	8	H7794	ox,
Exo.21.35	9	H2673	and divide
Exo.21.35	10	H3701	the price
Exo.21.35	11	H4191	of it; and the dead
Exo.21.35	12	H2673	also they shall divide.
Exo.21.36	1	H3045	Or if it be known
Exo.21.36	2	H7794	that the ox
Exo.21.36	3	H5056	was wont to gore
Exo.21.36	4	H8543	in time past,
Exo.21.36	5	H1167	and its owner
Exo.21.36	6	H8104	hath not kept
Exo.21.36	7	H7999	it in; he shall surely
Exo.21.36	8	H7999	pay
Exo.21.36	9	H7794	ox
Exo.21.36	10	H7794	for ox,
Exo.21.36	11	H4191	and the dead <i>beast</i> shall be his own.
Exo.22.1	1	H376	If a man
Exo.22.1	2	H1589	shall steal
Exo.22.1	3	H7794	an ox,
Exo.22.1	4	H7716	or a sheep,
Exo.22.1	5	H2873	and kill
Exo.22.1	6	H4376	it, or sell
Exo.22.1	7	H7999	it; he shall pay
Exo.22.1	8	H2568	five
Exo.22.1	9	H1241	oxen
Exo.22.1	10	H7794	for an ox,
Exo.22.1	11	H702	and four
Exo.22.1	12	H6629	sheep
Exo.22.1	13	H7716	for a sheep.
Exo.22.2	1	H1590	If the thief
Exo.22.2	2	H4672	be found
Exo.22.2	3	H4290	breaking in,
Exo.22.2	4	H5221	and be smitten
Exo.22.2	5	H4191	so that he dieth,
Exo.22.2	6	H1818	there shall be no bloodguiltiness for him.
Exo.22.3	1	H8121	If the sun
Exo.22.3	2	H2224	be risen
Exo.22.3	3	H1818	upon him, there shall be bloodguiltiness
Exo.22.3	4	H7999	for him; he shall make
Exo.22.3	5	H7999	restitution:
Exo.22.3	6	H4376	if he have nothing, then he shall be sold
Exo.22.3	7	H1591	for his theft.
Exo.22.4	1	H1591	If the theft
Exo.22.4	2	H4672	be
Exo.22.4	3	H4672	found
Exo.22.4	4	H3027	in his hand
Exo.22.4	5	H2416	alive,
Exo.22.4	6	H7794	whether it be ox,
Exo.22.4	7	H2543	or ass,
Exo.22.4	8	H7716	or sheep;
Exo.22.4	9	H7999	he shall pay
Exo.22.4	10	H8147	double.
Exo.22.5	1	H376	If a man
Exo.22.5	2	H7704	shall cause a field
Exo.22.5	3	H3754	or vineyard
Exo.22.5	4	H1197	to be eaten,
Exo.22.5	5	H7971	and shall let
Exo.22.5	6	H1165	his beast
Exo.22.5	7	H1197	loose, and it feed
Exo.22.5	8	H312	in another man's
Exo.22.5	9	H7704	field;
Exo.22.5	10	H4315	of the best
Exo.22.5	11	H7704	of his own field,
Exo.22.5	12	H4315	and of the best
Exo.22.5	13	H3754	of his own vineyard,
Exo.22.5	14	H7999	shall he make restitution.
Exo.22.6	1	H784	If fire
Exo.22.6	2	H3318	break out,
Exo.22.6	3	H4672	and catch
Exo.22.6	4	H6975	in thorns,
Exo.22.6	5	H1430	so that the shocks of grain,
Exo.22.6	6	H1430	or the standing grain,
Exo.22.6	7	H7704	or the field
Exo.22.6	8	H398	are consumed;
Exo.22.6	9	H1197	he that kindled
Exo.22.6	10	H1200	the fire
Exo.22.6	11	H7999	shall surely
Exo.22.6	12	H7999	make restitution.
Exo.22.7	1	H376	If a man
Exo.22.7	2	H5414	shall deliver
Exo.22.7	3	H7453	unto his neighbor
Exo.22.7	4	H3701	money
Exo.22.7	5	H3627	or stuff
Exo.22.7	6	H8104	to keep,
Exo.22.7	7	H1589	and it be stolen
Exo.22.7	8	H376	out of the man's
Exo.22.7	9	H1004	house;
Exo.22.7	10	H1590	if the thief
Exo.22.7	11	H4672	be found,
Exo.22.7	12	H7999	he shall pay
Exo.22.7	13	H8147	double.
Exo.22.8	1	H1590	If the thief
Exo.22.8	2	H3808	be not
Exo.22.8	3	H4672	found,
Exo.22.8	4	H1167	then the master
Exo.22.8	5	H1004	of the house
Exo.22.8	6	H7126	shall come near
Exo.22.8	7	H430	unto God,
Exo.22.8	8	H7971	<i>to</i> <i>see</i> whether he have not put
Exo.22.8	9	H3027	his hand
Exo.22.8	10	H7453	unto his neighbor's
Exo.22.8	11	H4399	goods.
Exo.22.9	1	H1697	For every matter
Exo.22.9	2	H6588	of trespass,
Exo.22.9	3	H7794	whether it be for ox,
Exo.22.9	4	H2543	for ass,
Exo.22.9	5	H7716	for sheep,
Exo.22.9	6	H8008	for raiment,
Exo.22.9	7	H9	<i>or</i> for any manner of lost thing,
Exo.22.9	8	H559	whereof one saith,
Exo.22.9	9	H1697	This is it, the cause
Exo.22.9	10	H8147	of both parties
Exo.22.9	11	H935	shall come
Exo.22.9	12	H430	before God;
Exo.22.9	13	H430	he whom God
Exo.22.9	14	H7561	shall condemn
Exo.22.9	15	H7999	shall pay
Exo.22.9	16	H8147	double
Exo.22.9	17	H7453	unto his neighbor.
Exo.22.10	1	H376	If a man
Exo.22.10	2	H5414	deliver
Exo.22.10	3	H7453	unto his neighbor
Exo.22.10	4	H2543	an ass,
Exo.22.10	5	H7794	or an ox,
Exo.22.10	6	H7716	or a sheep,
Exo.22.10	7	H929	or any beast,
Exo.22.10	8	H8104	to keep;
Exo.22.10	9	H4191	and it die,
Exo.22.10	10	H7665	or be hurt,
Exo.22.10	11	H7617	or driven away,
Exo.22.10	12	H7200	no man seeing it:
Exo.22.11	1	H7621	the oath
Exo.22.11	2	H3068	of Jehovah
Exo.22.11	3	H8147	shall be between them both,
Exo.22.11	4	H7971	whether he hath not put
Exo.22.11	5	H3027	his hand
Exo.22.11	6	H7453	unto his neighbor's
Exo.22.11	7	H4399	goods;
Exo.22.11	8	H1167	and the owner
Exo.22.11	9	H3947	thereof shall accept
Exo.22.11	10	H7999	it, and he shall not make restitution.
Exo.22.12	1	H1589	But if it be stolen
Exo.22.12	2	H7999	from him, he shall make restitution
Exo.22.12	3	H1167	unto the owner thereof.
Exo.22.13	1	H2963	If it be torn in pieces,
Exo.22.13	2	H935	let him bring
Exo.22.13	3	H5707	it for witness;
Exo.22.13	4	H7999	he shall not make good
Exo.22.13	5	H2966	that which was torn.
Exo.22.14	1	H376	And if a man
Exo.22.14	2	H7592	borrow
Exo.22.14	3	H7453	aught of his neighbor,
Exo.22.14	4	H7665	and it be hurt,
Exo.22.14	5	H4191	or die,
Exo.22.14	6	H1167	the owner
Exo.22.14	7	H5973	thereof not being with it,
Exo.22.14	8	H7999	he shall surely
Exo.22.14	9	H7999	make restitution.
Exo.22.15	1	H1167	If the owner
Exo.22.15	2	H7999	thereof be with it, he shall not make it good:
Exo.22.15	3	H7916	if it be a hired
Exo.22.15	4	H935	thing, it came
Exo.22.15	5	H7939	for its hire.
Exo.22.16	1	H376	And if a man
Exo.22.16	2	H6601	entice
Exo.22.16	3	H1330	a virgin
Exo.22.16	4	H781	that is not betrothed,
Exo.22.16	5	H7901	and lie
Exo.22.16	6	H4117	with her, he shall surely
Exo.22.16	7	H4117	pay
Exo.22.16	8	H802	a dowry for her to be his wife.
Exo.22.17	1	H1	If her father
Exo.22.17	2	H3985	utterly
Exo.22.17	3	H3985	refuse
Exo.22.17	4	H5414	to give
Exo.22.17	5	H8254	her unto him, he shall pay
Exo.22.17	6	H3701	money
Exo.22.17	7	H4119	according to the dowry
Exo.22.17	8	H1330	of virgins.
Exo.22.18	1	H3784	Thou shalt not suffer a sorceress
Exo.22.18	2	H2421	to live.
Exo.22.19	1	H7901	Whosoever lieth
Exo.22.19	2	H929	with a beast
Exo.22.19	3	H4191	shall surely
Exo.22.19	4	H4191	be put to death.
Exo.22.20	1	H2076	He that sacrificeth
Exo.22.20	2	H430	unto any god,
Exo.22.20	3	H1115	save
Exo.22.20	4	H3068	unto Jehovah
Exo.22.20	5	H2763	only, shall be utterly destroyed.
Exo.22.21	1	H1616	And a sojourner
Exo.22.21	2	H3238	shalt thou not wrong,
Exo.22.21	3	H3905	neither shalt thou oppress
Exo.22.21	4	H1616	him: for ye were sojourners
Exo.22.21	5	H776	in the land
Exo.22.21	6	H4714	of Egypt.
Exo.22.22	1	H6031	Ye shall not afflict
Exo.22.22	2	H490	any widow,
Exo.22.22	3	H3490	or fatherless child.
Exo.22.23	1	H518	If
Exo.22.23	2	H6031	thou afflict
Exo.22.23	3	H6817	them at all,
Exo.22.23	4	H6817	and they cry
Exo.22.23	5	H6817	at all
Exo.22.23	6	H8085	unto me, I will surely
Exo.22.23	7	H8085	hear
Exo.22.23	8	H6818	their cry;
Exo.22.24	1	H639	and my wrath
Exo.22.24	2	H2734	shall wax hot,
Exo.22.24	3	H2026	and I will kill
Exo.22.24	4	H2719	you with the sword;
Exo.22.24	5	H802	and your wives
Exo.22.24	6	H490	shall be widows,
Exo.22.24	7	H1121	and your children
Exo.22.24	8	H3490	fatherless.
Exo.22.25	1	H3867	If thou lend
Exo.22.25	2	H3701	money
Exo.22.25	3	H5971	to any of my people
Exo.22.25	4	H6041	with thee that is poor,
Exo.22.25	5	H5383	thou shalt not be to him as a creditor;
Exo.22.25	6	H7760	neither shall ye lay
Exo.22.25	7	H5392	upon him interest.
Exo.22.26	1	H2254	If thou at all
Exo.22.26	2	H2254	take
Exo.22.26	3	H7453	thy neighbor's
Exo.22.26	4	H8008	garment
Exo.22.26	5	H2254	to pledge,
Exo.22.26	6	H7725	thou shalt restore
Exo.22.26	7	H5704	it unto him before
Exo.22.26	8	H8121	the sun
Exo.22.26	9	H935	goeth down:
Exo.22.27	1	H3682	for that is his only covering,
Exo.22.27	2	H8071	it is his garment
Exo.22.27	3	H5785	for his skin:
Exo.22.27	4	H7901	wherein shall he sleep?
Exo.22.27	5	H6817	and it shall come to pass, when he crieth
Exo.22.27	6	H8085	unto me, that I will hear;
Exo.22.27	7	H2587	for I am gracious.
Exo.22.28	1	H7043	Thou shalt not revile
Exo.22.28	2	H430	God,
Exo.22.28	3	H779	nor curse
Exo.22.28	4	H5387	a ruler
Exo.22.28	5	H5971	of thy people.
Exo.22.29	1	H309	Thou shalt not delay
Exo.22.29	2	H4395	to offer of thy harvest,
Exo.22.29	3	H1831	and of the outflow
Exo.22.29	4	H1060	of thy presses. The first-born
Exo.22.29	5	H1121	of thy sons
Exo.22.29	6	H5414	shalt thou give unto me.
Exo.22.30	1	H3651	Likewise
Exo.22.30	2	H6213	shalt thou do
Exo.22.30	3	H7794	with thine oxen,
Exo.22.30	4	H6629	<i>and</i> with thy sheep:
Exo.22.30	5	H7651	seven
Exo.22.30	6	H3117	days
Exo.22.30	7	H517	it shall be with its dam;
Exo.22.30	8	H8066	on the eighth
Exo.22.30	9	H3117	day
Exo.22.30	10	H5414	thou shalt give it me.
Exo.22.31	1	H6944	And ye shall be holy
Exo.22.31	2	H582	men
Exo.22.31	3	H398	unto me: therefore ye shall not eat
Exo.22.31	4	H1320	any flesh
Exo.22.31	5	H2966	that is torn of beasts
Exo.22.31	6	H7704	in the field;
Exo.22.31	7	H7993	ye shall cast
Exo.22.31	8	H3611	it to the dogs.
Exo.23.1	1	H5375	Thou shalt not take up
Exo.23.1	2	H7723	a false
Exo.23.1	3	H8088	report:
Exo.23.1	4	H7896	put
Exo.23.1	5	H3027	not thy hand
Exo.23.1	6	H7563	with the wicked
Exo.23.1	7	H2555	to be an unrighteous
Exo.23.1	8	H5707	witness.
Exo.23.2	1	H310	Thou shalt not follow
Exo.23.2	2	H7227	a multitude
Exo.23.2	3	H7451	to do evil;
Exo.23.2	4	H6030	neither shalt thou speak
Exo.23.2	5	H7379	in a cause
Exo.23.2	6	H5186	to turn aside
Exo.23.2	7	H310	after
Exo.23.2	8	H7227	a multitude
Exo.23.2	9	H5186	to wrest <i>justice</i>:
Exo.23.3	1	H1921	neither shalt thou favor
Exo.23.3	2	H1800	a poor
Exo.23.3	3	H7379	man in his cause.
Exo.23.4	1	H6293	If thou meet
Exo.23.4	2	H341	thine enemy's
Exo.23.4	3	H7794	ox
Exo.23.4	4	H2543	or his ass
Exo.23.4	5	H8582	going astray,
Exo.23.4	6	H7725	thou shalt surely
Exo.23.4	7	H7725	bring it back
Exo.23.4	8	H7725	to him again.
Exo.23.5	1	H7200	If thou see
Exo.23.5	2	H2543	the ass
Exo.23.5	3	H8130	of him that hateth
Exo.23.5	4	H7257	thee lying
Exo.23.5	5	H4853	under his burden,
Exo.23.5	6	H2308	thou shalt forbear
Exo.23.5	7	H5800	to leave
Exo.23.5	8	H5800	him, thou shalt surely
Exo.23.5	9	H5800	release <i>it</i> with him.
Exo.23.6	1	H5186	Thou shalt not wrest
Exo.23.6	2	H4941	the justice
Exo.23.6	3	H34	<i>due</i> to thy poor
Exo.23.6	4	H7379	in his cause.
Exo.23.7	1	H7368	Keep thee far
Exo.23.7	2	H8267	from a false
Exo.23.7	3	H1697	matter;
Exo.23.7	4	H5355	and the innocent
Exo.23.7	5	H6662	and righteous
Exo.23.7	6	H2026	slay
Exo.23.7	7	H6663	thou not: for I will not justify
Exo.23.7	8	H7563	the wicked.
Exo.23.8	1	H3947	And thou shalt take
Exo.23.8	2	H7810	no bribe:
Exo.23.8	3	H7810	for a bribe
Exo.23.8	4	H5786	blindeth
Exo.23.8	5	H6493	them that have sight,
Exo.23.8	6	H5557	and perverteth
Exo.23.8	7	H1697	the words
Exo.23.8	8	H6662	of the righteous.
Exo.23.9	1	H1616	And a sojourner
Exo.23.9	2	H3905	shalt thou not oppress:
Exo.23.9	3	H3045	for ye know
Exo.23.9	4	H5315	the heart
Exo.23.9	5	H1616	of a sojourner,
Exo.23.9	6	H3588	seeing
Exo.23.9	7	H1616	ye were sojourners
Exo.23.9	8	H776	in the land
Exo.23.9	9	H4714	of Egypt.
Exo.23.10	1	H8337	And six
Exo.23.10	2	H8141	years
Exo.23.10	3	H2232	thou shalt sow
Exo.23.10	4	H776	thy land,
Exo.23.10	5	H622	and shalt gather
Exo.23.10	6	H8393	in the increase thereof:
Exo.23.11	1	H7637	but the seventh
Exo.23.11	2	H8058	year thou shalt let it rest
Exo.23.11	3	H5203	and lie
Exo.23.11	4	H34	fallow, that the poor
Exo.23.11	5	H5971	of thy people
Exo.23.11	6	H398	may eat:
Exo.23.11	7	H3499	and what they leave
Exo.23.11	8	H2416	the beast
Exo.23.11	9	H7704	of the field
Exo.23.11	10	H398	shall eat.
Exo.23.11	11	H6213	In like manner thou shalt deal
Exo.23.11	12	H3754	with thy vineyard,
Exo.23.11	13	H2132	<i>and</i> with thy oliveyard.
Exo.23.12	1	H8337	Six
Exo.23.12	2	H3117	days
Exo.23.12	3	H6213	thou shalt do
Exo.23.12	4	H4639	thy work,
Exo.23.12	5	H7637	and on the seventh
Exo.23.12	6	H3117	day
Exo.23.12	7	H7673	thou shalt rest;
Exo.23.12	8	H7794	that thine ox
Exo.23.12	9	H2543	and thine ass
Exo.23.12	10	H5117	may have rest,
Exo.23.12	11	H1121	and the son
Exo.23.12	12	H519	of thy handmaid,
Exo.23.12	13	H1616	and the sojourner,
Exo.23.12	14	H5314	may be refreshed.
Exo.23.13	1	H559	And in all things that I have said
Exo.23.13	2	H8104	unto you take ye heed:
Exo.23.13	3	H2142	and make no mention
Exo.23.13	4	H8034	of the name
Exo.23.13	5	H312	of other
Exo.23.13	6	H430	gods,
Exo.23.13	7	H8085	neither let it be heard
Exo.23.13	8	H5921	out
Exo.23.13	9	H6310	of thy mouth.
Exo.23.14	1	H7969	Three
Exo.23.14	2	H7272	times
Exo.23.14	3	H2287	thou shalt keep a feast
Exo.23.14	4	H8141	unto me in the year.
Exo.23.15	1	H2282	The feast
Exo.23.15	2	H4682	of unleavened bread
Exo.23.15	3	H8104	shalt thou keep:
Exo.23.15	4	H7651	seven
Exo.23.15	5	H3117	days
Exo.23.15	6	H398	thou shalt eat
Exo.23.15	7	H4682	unleavened bread,
Exo.23.15	8	H6680	as I commanded
Exo.23.15	9	H4150	thee, at the time appointed
Exo.23.15	10	H2320	in the month
Exo.23.15	11	H24	Abib
Exo.23.15	12	H3318	(for in it thou camest out
Exo.23.15	13	H4714	from Egypt);
Exo.23.15	14	H7200	and none shall appear
Exo.23.15	15	H6440	before
Exo.23.15	16	H7387	me empty:
Exo.23.16	1	H2282	and the feast
Exo.23.16	2	H7105	of harvest,
Exo.23.16	3	H1061	the first-fruits
Exo.23.16	4	H4639	of thy labors,
Exo.23.16	5	H2232	which thou sowest
Exo.23.16	6	H7704	in the field:
Exo.23.16	7	H2282	and the feast
Exo.23.16	8	H614	of ingathering,
Exo.23.16	9	H3318	at the end
Exo.23.16	10	H8141	of the year,
Exo.23.16	11	H622	when thou gatherest
Exo.23.16	12	H4639	in thy labors
Exo.23.16	13	H7704	out of the field.
Exo.23.17	1	H7969	Three
Exo.23.17	2	H6471	times
Exo.23.17	3	H8141	in the year
Exo.23.17	4	H2138	all thy males
Exo.23.17	5	H7200	shall appear
Exo.23.17	6	H6440	before
Exo.23.17	7	H113	the Lord
Exo.23.17	8	H3068	Jehovah.
Exo.23.18	1	H2076	Thou shalt not offer
Exo.23.18	2	H1818	the blood
Exo.23.18	3	H2077	of my sacrifice
Exo.23.18	4	H2557	with leavened bread;
Exo.23.18	5	H2459	neither shall the fat
Exo.23.18	6	H2282	of my feast
Exo.23.18	7	H3885	remain
Exo.23.18	8	H1242	all night until the morning.
Exo.23.19	1	H7225	The first
Exo.23.19	2	H1061	of the first-fruits
Exo.23.19	3	H127	of thy ground
Exo.23.19	4	H935	thou shalt bring
Exo.23.19	5	H1004	into the house
Exo.23.19	6	H3068	of Jehovah
Exo.23.19	7	H430	thy God.
Exo.23.19	8	H1310	Thou shalt not boil
Exo.23.19	9	H1423	a kid
Exo.23.19	10	H517	in it mother's
Exo.23.19	11	H2461	milk.
Exo.23.20	1	H7971	Behold, I send
Exo.23.20	2	H4397	an angel
Exo.23.20	3	H6440	before
Exo.23.20	4	H8104	thee, to keep
Exo.23.20	5	H1870	thee by the way,
Exo.23.20	6	H935	and to bring
Exo.23.20	7	H4725	thee into the place
Exo.23.20	8	H3559	which I have prepared.
Exo.23.21	1	H8104	Take ye heed
Exo.23.21	2	H6440	before
Exo.23.21	3	H8085	him, and hearken
Exo.23.21	4	H6963	unto his voice;
Exo.23.21	5	H4843	provoke
Exo.23.21	6	H5375	him not; for he will not pardon
Exo.23.21	7	H6588	your transgression:
Exo.23.21	8	H8034	for my name
Exo.23.21	9	H7130	is in him.
Exo.23.22	1	H8085	But if thou shalt indeed
Exo.23.22	2	H8085	hearken
Exo.23.22	3	H6963	unto his voice,
Exo.23.22	4	H6213	and do
Exo.23.22	5	H1696	all that I speak;
Exo.23.22	6	H340	then I will be an enemy
Exo.23.22	7	H341	unto thine enemies,
Exo.23.22	8	H6887	and an adversary
Exo.23.22	9	H6696	unto thine adversaries.
Exo.23.23	1	H4397	For mine angel
Exo.23.23	2	H3212	shall go
Exo.23.23	3	H6440	before
Exo.23.23	4	H935	thee, and bring
Exo.23.23	5	H567	thee in unto the Amorite,
Exo.23.23	6	H2850	and the Hittite,
Exo.23.23	7	H6522	and the Perizzite,
Exo.23.23	8	H3669	and the Canaanite,
Exo.23.23	9	H2340	the Hivite,
Exo.23.23	10	H2983	and the Jebusite:
Exo.23.23	11	H3582	and I will cut them off.
Exo.23.24	1	H7812	Thou shalt not bow down
Exo.23.24	2	H430	to their gods,
Exo.23.24	3	H5647	nor serve
Exo.23.24	4	H6213	them, nor do
Exo.23.24	5	H4639	after their works;
Exo.23.24	6	H2040	but thou shalt utterly
Exo.23.24	7	H2040	overthrow
Exo.23.24	8	H7665	them, and
Exo.23.24	9	H7665	break in pieces
Exo.23.24	10	H4676	their pillars.
Exo.23.25	1	H5647	And ye shall serve
Exo.23.25	2	H3068	Jehovah
Exo.23.25	3	H430	your God,
Exo.23.25	4	H1288	and he will bless
Exo.23.25	5	H3899	thy bread,
Exo.23.25	6	H4325	and thy water;
Exo.23.25	7	H5493	and I will take
Exo.23.25	8	H4245	sickness
Exo.23.25	9	H5493	away
Exo.23.25	10	H7130	from the midst of thee.
Exo.23.26	1	H7921	There shall none cast her young,
Exo.23.26	2	H6135	nor be barren,
Exo.23.26	3	H776	in thy land:
Exo.23.26	4	H4557	the number
Exo.23.26	5	H3117	of thy days
Exo.23.26	6	H4390	I will fulfil.
Exo.23.27	1	H7971	I will send
Exo.23.27	2	H367	my terror
Exo.23.27	3	H6440	before
Exo.23.27	4	H2000	thee, and will discomfit
Exo.23.27	5	H5971	all the people
Exo.23.27	6	H935	to whom thou shalt come,
Exo.23.27	7	H5414	and I will make
Exo.23.27	8	H341	all thine enemies
Exo.23.27	9	H6203	turn their backs unto thee.
Exo.23.28	1	H7971	And I will send
Exo.23.28	2	H6880	the hornet
Exo.23.28	3	H6440	before
Exo.23.28	4	H1644	thee, which shall drive out
Exo.23.28	5	H2340	the Hivite,
Exo.23.28	6	H3669	the Canaanite,
Exo.23.28	7	H2850	and the Hittite,
Exo.23.28	8	H6440	from before thee.
Exo.23.29	1	H1644	I will not drive them out
Exo.23.29	2	H6440	from before
Exo.23.29	3	H259	thee in one
Exo.23.29	4	H8141	year,
Exo.23.29	5	H776	lest the land
Exo.23.29	6	H8077	become desolate,
Exo.23.29	7	H2416	and the beasts
Exo.23.29	8	H7704	of the field
Exo.23.29	9	H7227	multiply against thee.
Exo.23.30	1	H4592	By little
Exo.23.30	2	H4592	and little
Exo.23.30	3	H1644	I will drive them out
Exo.23.30	4	H6440	from before
Exo.23.30	5	H6509	thee, until thou be increased,
Exo.23.30	6	H5157	and inherit
Exo.23.30	7	H776	the land.
Exo.23.31	1	H7896	And I will set
Exo.23.31	2	H1366	thy border
Exo.23.31	3	H5488	from the Red
Exo.23.31	4	H3220	Sea
Exo.23.31	5	H3220	even unto the sea
Exo.23.31	6	H6430	of the Philistines,
Exo.23.31	7	H4057	and from the wilderness
Exo.23.31	8	H5104	unto the River:
Exo.23.31	9	H5414	for I will deliver
Exo.23.31	10	H3427	the inhabitants
Exo.23.31	11	H776	of the land
Exo.23.31	12	H3027	into your hand;
Exo.23.31	13	H1644	and thou shalt drive them out
Exo.23.31	14	H6440	before thee.
Exo.23.32	1	H3772	Thou shalt make
Exo.23.32	2	H1285	no covenant
Exo.23.32	3	H430	with them, nor with their gods.
Exo.23.33	1	H3427	They shall not dwell
Exo.23.33	2	H776	in thy land,
Exo.23.33	3	H2398	lest they make thee sin
Exo.23.33	4	H5647	against me; for if thou serve
Exo.23.33	5	H430	their gods,
Exo.23.33	6	H4170	it will surely be a snare unto thee.
Exo.24.1	1	H559	And he said
Exo.24.1	2	H4872	unto Moses,
Exo.24.1	3	H5927	Come up
Exo.24.1	4	H3068	unto Jehovah,
Exo.24.1	5	H175	thou, and Aaron,
Exo.24.1	6	H5070	Nadab,
Exo.24.1	7	H30	and Abihu,
Exo.24.1	8	H7657	and seventy
Exo.24.1	9	H2205	of the elders
Exo.24.1	10	H3478	of Israel;
Exo.24.1	11	H7812	and worship
Exo.24.1	12	H7350	ye afar off:
Exo.24.2	1	H4872	and Moses
Exo.24.2	2	H5066	alone shall come near
Exo.24.2	3	H3068	unto Jehovah;
Exo.24.2	4	H5066	but they shall not come near;
Exo.24.2	5	H5971	neither shall the people
Exo.24.2	6	H5927	go up with him.
Exo.24.3	1	H4872	And Moses
Exo.24.3	2	H935	came
Exo.24.3	3	H5608	and told
Exo.24.3	4	H5971	the people
Exo.24.3	5	H1697	all the words
Exo.24.3	6	H3068	of Jehovah,
Exo.24.3	7	H4941	and all the ordinances:
Exo.24.3	8	H5971	and all the people
Exo.24.3	9	H6030	answered
Exo.24.3	10	H259	with one
Exo.24.3	11	H6963	voice,
Exo.24.3	12	H559	and said,
Exo.24.3	13	H1697	All the words
Exo.24.3	14	H3068	which Jehovah
Exo.24.3	15	H559	hath spoken
Exo.24.3	16	H6213	will we do.
Exo.24.4	1	H4872	And Moses
Exo.24.4	2	H3789	wrote
Exo.24.4	3	H1697	all the words
Exo.24.4	4	H3068	of Jehovah,
Exo.24.4	5	H7925	and rose up early
Exo.24.4	6	H1242	in the morning,
Exo.24.4	7	H1129	and builded
Exo.24.4	8	H4196	an altar
Exo.24.4	9	H2022	under the mount,
Exo.24.4	10	H4676	and twelve pillars,
Exo.24.4	11	H8147	according to the twelve
Exo.24.4	12	H7626	tribes
Exo.24.4	13	H3478	of Israel.
Exo.24.5	1	H7971	And he sent
Exo.24.5	2	H5288	young men
Exo.24.5	3	H1121	of the children
Exo.24.5	4	H3478	of Israel,
Exo.24.5	5	H5927	who offered
Exo.24.5	6	H5930	burnt-offerings,
Exo.24.5	7	H2076	and sacrificed
Exo.24.5	8	H8002	peace-offerings
Exo.24.5	9	H2077	of
Exo.24.5	10	H6499	oxen
Exo.24.5	11	H3068	unto Jehovah.
Exo.24.6	1	H4872	And Moses
Exo.24.6	2	H3947	took
Exo.24.6	3	H2677	half
Exo.24.6	4	H1818	of the blood,
Exo.24.6	5	H7760	and put
Exo.24.6	6	H101	it in basins;
Exo.24.6	7	H2677	and half
Exo.24.6	8	H1818	of the blood
Exo.24.6	9	H2236	he sprinkled
Exo.24.6	10	H4196	on the altar.
Exo.24.7	1	H3947	And he took
Exo.24.7	2	H5612	the book
Exo.24.7	3	H1285	of the covenant,
Exo.24.7	4	H7121	and read
Exo.24.7	5	H241	in the audience
Exo.24.7	6	H5971	of the people:
Exo.24.7	7	H559	and they said,
Exo.24.7	8	H3068	All that Jehovah
Exo.24.7	9	H1696	hath spoken
Exo.24.7	10	H6213	will we do,
Exo.24.7	11	H8085	and be obedient.
Exo.24.8	1	H4872	And Moses
Exo.24.8	2	H3947	took
Exo.24.8	3	H1818	the blood,
Exo.24.8	4	H2236	and sprinkled
Exo.24.8	5	H5971	it on the people,
Exo.24.8	6	H559	and said,
Exo.24.8	7	H1818	Behold the blood
Exo.24.8	8	H1285	of the covenant,
Exo.24.8	9	H3068	which Jehovah
Exo.24.8	10	H3772	hath made
Exo.24.8	11	H1697	with you concerning all these words.
Exo.24.9	1	H5927	Then went up
Exo.24.9	2	H4872	Moses,
Exo.24.9	3	H175	and Aaron,
Exo.24.9	4	H5070	Nadab,
Exo.24.9	5	H30	and Abihu,
Exo.24.9	6	H7657	and seventy
Exo.24.9	7	H2205	of the elders
Exo.24.9	8	H3478	of Israel:
Exo.24.10	1	H7200	and they saw
Exo.24.10	2	H430	the God
Exo.24.10	3	H3478	of Israel;
Exo.24.10	4	H7272	and there was under his feet
Exo.24.10	5	H3840	as it were a paved
Exo.24.10	6	H4639	work
Exo.24.10	7	H5601	of sapphire stone,
Exo.24.10	8	H6106	and as it were the very
Exo.24.10	9	H8064	heaven
Exo.24.10	10	H2892	for clearness.
Exo.24.11	1	H678	And upon the nobles
Exo.24.11	2	H1121	of the children
Exo.24.11	3	H3478	of Israel
Exo.24.11	4	H7971	he laid
Exo.24.11	5	H3027	not his hand:
Exo.24.11	6	H2372	and they beheld
Exo.24.11	7	H430	God,
Exo.24.11	8	H398	and did eat
Exo.24.11	9	H8354	and drink.
Exo.24.12	1	H3068	And Jehovah
Exo.24.12	2	H559	said
Exo.24.12	3	H4872	unto Moses,
Exo.24.12	4	H5927	Come up
Exo.24.12	5	H2022	to me into the mount,
Exo.24.12	6	H5414	and be there: and I will give
Exo.24.12	7	H3871	thee the tables
Exo.24.12	8	H68	of stone,
Exo.24.12	9	H8451	and the law
Exo.24.12	10	H4687	and the commandment,
Exo.24.12	11	H3789	which I have written,
Exo.24.12	12	H3384	that thou mayest teach them.
Exo.24.13	1	H4872	And Moses
Exo.24.13	2	H6965	rose up,
Exo.24.13	3	H3091	and Joshua
Exo.24.13	4	H8334	his minister:
Exo.24.13	5	H4872	and Moses
Exo.24.13	6	H5927	went up
Exo.24.13	7	H2022	into the mount
Exo.24.13	8	H430	of God.
Exo.24.14	1	H559	And he said
Exo.24.14	2	H2205	unto the elders,
Exo.24.14	3	H3427	Tarry
Exo.24.14	4	H2088	ye here
Exo.24.14	5	H7725	for us, until we come again
Exo.24.14	6	H175	unto you: and, behold, Aaron
Exo.24.14	7	H2354	and Hur
Exo.24.14	8	H4310	are with you; whosoever
Exo.24.14	9	H1167	hath
Exo.24.14	10	H1697	a cause,
Exo.24.14	11	H1167	let
Exo.24.14	12	H5066	him come near unto them.
Exo.24.15	1	H4872	And Moses
Exo.24.15	2	H5927	went up
Exo.24.15	3	H2022	into the mount,
Exo.24.15	4	H6051	and the cloud
Exo.24.15	5	H3680	covered
Exo.24.15	6	H2022	the mount.
Exo.24.16	1	H3519	And the glory
Exo.24.16	2	H3068	of Jehovah
Exo.24.16	3	H7931	abode
Exo.24.16	4	H2022	upon mount
Exo.24.16	5	H5514	Sinai,
Exo.24.16	6	H6051	and the cloud
Exo.24.16	7	H3680	covered
Exo.24.16	8	H8337	it six
Exo.24.16	9	H3117	days:
Exo.24.16	10	H7637	and the seventh
Exo.24.16	11	H3117	day
Exo.24.16	12	H7121	he called
Exo.24.16	13	H4872	unto Moses
Exo.24.16	14	H8432	out of the midst
Exo.24.16	15	H6051	of the cloud.
Exo.24.17	1	H4758	And the appearance
Exo.24.17	2	H3519	of the glory
Exo.24.17	3	H3068	of Jehovah
Exo.24.17	4	H398	was like devouring
Exo.24.17	5	H784	fire
Exo.24.17	6	H7218	on the top
Exo.24.17	7	H2022	of the mount
Exo.24.17	8	H5869	in the eyes
Exo.24.17	9	H1121	of the children
Exo.24.17	10	H3478	of Israel.
Exo.24.18	1	H4872	And Moses
Exo.24.18	2	H935	entered
Exo.24.18	3	H8432	into the midst
Exo.24.18	4	H6051	of the cloud,
Exo.24.18	5	H5927	and went up
Exo.24.18	6	H2022	into the mount:
Exo.24.18	7	H4872	and Moses
Exo.24.18	8	H2022	was in the mount
Exo.24.18	9	H705	forty
Exo.24.18	10	H3117	days
Exo.24.18	11	H705	and forty
Exo.24.18	12	H3915	nights.
Exo.25.1	1	H3068	And Jehovah
Exo.25.1	2	H1696	spake
Exo.25.1	3	H4872	unto Moses,
Exo.25.1	4	H559	saying,
Exo.25.2	1	H1696	Speak
Exo.25.2	2	H1121	unto the children
Exo.25.2	3	H3478	of Israel,
Exo.25.2	4	H3947	that they take
Exo.25.2	5	H8641	for me an offering:
Exo.25.2	6	H376	of every man
Exo.25.2	7	H3820	whose heart
Exo.25.2	8	H5068	maketh him willing
Exo.25.2	9	H3947	ye shall take
Exo.25.2	10	H8641	my offering.
Exo.25.3	1	H8641	And this is the offering
Exo.25.3	2	H3947	which ye shall take
Exo.25.3	3	H2091	of them: gold,
Exo.25.3	4	H3701	and silver,
Exo.25.3	5	H5178	and brass,
Exo.25.4	1	H8504	and blue,
Exo.25.4	2	H713	and purple,
Exo.25.4	3	H8438	and scarlet,
Exo.25.4	4	H8336	and fine linen,
Exo.25.4	5	H5795	and goats' <i>hair</i>,
Exo.25.5	1	H352	and rams'
Exo.25.5	2	H5785	skins
Exo.25.5	3	H119	dyed red,
Exo.25.5	4	H8476	and
Exo.25.5	5	H5785	sealskins,
Exo.25.5	6	H7848	and acacia
Exo.25.5	7	H6086	wood,
Exo.25.6	1	H8081	oil
Exo.25.6	2	H3974	for the light,
Exo.25.6	3	H1314	spices
Exo.25.6	4	H4888	for the anointing
Exo.25.6	5	H8081	oil,
Exo.25.6	6	H5561	and for the sweet
Exo.25.6	7	H7004	incense,
Exo.25.7	1	H7718	onyx
Exo.25.7	2	H68	stones,
Exo.25.7	3	H68	and stones
Exo.25.7	4	H4394	to be set,
Exo.25.7	5	H646	for the ephod,
Exo.25.7	6	H2833	and for the breastplate.
Exo.25.8	1	H6213	And let them make
Exo.25.8	2	H4720	me a sanctuary,
Exo.25.8	3	H7931	that I may dwell
Exo.25.8	4	H8432	among them.
Exo.25.9	1	H7200	According to all that I show
Exo.25.9	2	H8403	thee, the pattern
Exo.25.9	3	H4908	of the tabernacle,
Exo.25.9	4	H8403	and the pattern
Exo.25.9	5	H3627	of all the furniture
Exo.25.9	6	H6213	thereof, even so shall ye make it.
Exo.25.10	1	H6213	And they shall make
Exo.25.10	2	H727	an ark
Exo.25.10	3	H7848	of acacia
Exo.25.10	4	H6086	wood:
Exo.25.10	5	H520	two cubits
Exo.25.10	6	H2677	and a half
Exo.25.10	7	H753	shall be the length
Exo.25.10	8	H520	thereof, and a cubit
Exo.25.10	9	H2677	and a half
Exo.25.10	10	H7341	the breadth
Exo.25.10	11	H520	thereof, and a cubit
Exo.25.10	12	H2677	and a half
Exo.25.10	13	H6967	the height thereof.
Exo.25.11	1	H6823	And thou shalt overlay
Exo.25.11	2	H2889	it with pure
Exo.25.11	3	H2091	gold,
Exo.25.11	4	H1004	within
Exo.25.11	5	H2351	and without
Exo.25.11	6	H6823	shalt thou overlay
Exo.25.11	7	H6213	it, and shalt make
Exo.25.11	8	H2213	upon it a crown
Exo.25.11	9	H2091	of gold
Exo.25.11	10	H5439	round about.
Exo.25.12	1	H3332	And thou shalt cast
Exo.25.12	2	H702	four
Exo.25.12	3	H2885	rings
Exo.25.12	4	H2091	of gold
Exo.25.12	5	H5414	for it, and put
Exo.25.12	6	H702	them in the four
Exo.25.12	7	H6471	feet
Exo.25.12	8	H8147	thereof; and two
Exo.25.12	9	H2885	rings
Exo.25.12	10	H259	shall be on the one
Exo.25.12	11	H6763	side
Exo.25.12	12	H8147	of it, and two
Exo.25.12	13	H2885	rings
Exo.25.12	14	H8145	on the other side of it.
Exo.25.13	1	H6213	And thou shalt make
Exo.25.13	2	H905	staves
Exo.25.13	3	H7848	of acacia
Exo.25.13	4	H6086	wood,
Exo.25.13	5	H6823	and overlay
Exo.25.13	6	H2091	them with gold.
Exo.25.14	1	H935	And thou shalt put
Exo.25.14	2	H905	the staves
Exo.25.14	3	H2885	into the rings
Exo.25.14	4	H6763	on the sides
Exo.25.14	5	H727	of the ark,
Exo.25.14	6	H5375	wherewith to bear
Exo.25.14	7	H727	the ark.
Exo.25.15	1	H905	The staves
Exo.25.15	2	H1961	shall be
Exo.25.15	3	H2885	in the rings
Exo.25.15	4	H727	of the ark:
Exo.25.15	5	H5493	they shall not be taken from it.
Exo.25.16	1	H5414	And thou shalt put
Exo.25.16	2	H727	into the ark
Exo.25.16	3	H5715	the testimony
Exo.25.16	4	H5414	which I shall give thee.
Exo.25.17	1	H6213	And thou shalt make
Exo.25.17	2	H3727	a mercy-seat
Exo.25.17	3	H2889	of pure
Exo.25.17	4	H2091	gold:
Exo.25.17	5	H520	two cubits
Exo.25.17	6	H2677	and a half
Exo.25.17	7	H753	<i>shall</i> <i>be</i> the length
Exo.25.17	8	H520	thereof, and a cubit
Exo.25.17	9	H2677	and a half
Exo.25.17	10	H7341	the breadth thereof.
Exo.25.18	1	H6213	And thou shalt make
Exo.25.18	2	H8147	two
Exo.25.18	3	H3742	cherubim
Exo.25.18	4	H2091	of gold;
Exo.25.18	5	H4749	of beaten work
Exo.25.18	6	H6213	shalt thou make
Exo.25.18	7	H8147	them, at the two
Exo.25.18	8	H7098	ends
Exo.25.18	9	H3727	of the mercy-seat.
Exo.25.19	1	H6213	And make
Exo.25.19	2	H259	one
Exo.25.19	3	H3742	cherub
Exo.25.19	4	H7098	at the one end,
Exo.25.19	5	H259	and one
Exo.25.19	6	H3742	cherub
Exo.25.19	7	H259	at the other
Exo.25.19	8	H7098	end:
Exo.25.19	9	H3727	of one piece with the mercy-seat
Exo.25.19	10	H6213	shall ye make
Exo.25.19	11	H3742	the cherubim
Exo.25.19	12	H8147	on the two
Exo.25.19	13	H7098	ends thereof.
Exo.25.20	1	H3742	And the cherubim
Exo.25.20	2	H6566	shall spread
Exo.25.20	3	H3671	out their wings
Exo.25.20	4	H4605	on high,
Exo.25.20	5	H5526	covering
Exo.25.20	6	H3727	the mercy-seat
Exo.25.20	7	H3671	with their wings,
Exo.25.20	8	H6440	with their faces
Exo.25.20	9	H376	one
Exo.25.20	10	H251	to another;
Exo.25.20	11	H3727	toward the mercy-seat
Exo.25.20	12	H6440	shall the faces
Exo.25.20	13	H3742	of the cherubim be.
Exo.25.21	1	H5414	And thou shalt put
Exo.25.21	2	H3727	the mercy-seat
Exo.25.21	3	H4605	above
Exo.25.21	4	H727	upon the ark;
Exo.25.21	5	H727	and in the ark
Exo.25.21	6	H5414	thou shalt put
Exo.25.21	7	H5715	the testimony
Exo.25.21	8	H5414	that I shall give thee.
Exo.25.22	1	H3259	And there I will meet
Exo.25.22	2	H1696	with thee, and I will commune
Exo.25.22	3	H3727	with thee from above the mercy-seat,
Exo.25.22	4	H996	from between
Exo.25.22	5	H8147	the two
Exo.25.22	6	H3742	cherubim
Exo.25.22	7	H5921	which are upon
Exo.25.22	8	H727	the ark
Exo.25.22	9	H5715	of the testimony,
Exo.25.22	10	H6680	of all things which I will give thee in commandment
Exo.25.22	11	H1121	unto the children
Exo.25.22	12	H3478	of Israel.
Exo.25.23	1	H6213	And thou shalt make
Exo.25.23	2	H7979	a table
Exo.25.23	3	H7848	of acacia
Exo.25.23	4	H6086	wood:
Exo.25.23	5	H520	two cubits
Exo.25.23	6	H753	<i>shall</i> <i>be</i> the length
Exo.25.23	7	H520	thereof, and a cubit
Exo.25.23	8	H7341	the breadth
Exo.25.23	9	H520	thereof, and a cubit
Exo.25.23	10	H2677	and a half
Exo.25.23	11	H6967	the height thereof.
Exo.25.24	1	H6823	And thou shalt overlay
Exo.25.24	2	H2889	it with pure
Exo.25.24	3	H2091	gold,
Exo.25.24	4	H6213	and make
Exo.25.24	5	H2213	thereto a crown
Exo.25.24	6	H2091	of gold
Exo.25.24	7	H5439	round about.
Exo.25.25	1	H6213	And thou shalt make
Exo.25.25	2	H4526	unto it a border
Exo.25.25	3	H2948	of a handbreadth
Exo.25.25	4	H5439	round about;
Exo.25.25	5	H6213	and thou shalt make
Exo.25.25	6	H2091	a golden
Exo.25.25	7	H2213	crown
Exo.25.25	8	H4526	to the border
Exo.25.25	9	H5439	thereof round about.
Exo.25.26	1	H6213	And thou shalt make
Exo.25.26	2	H702	for it four
Exo.25.26	3	H2885	rings
Exo.25.26	4	H2091	of gold,
Exo.25.26	5	H5414	and put
Exo.25.26	6	H2885	the rings
Exo.25.26	7	H702	in the four
Exo.25.26	8	H6285	corners
Exo.25.26	9	H702	that are on the four
Exo.25.26	10	H7272	feet thereof.
Exo.25.27	1	H5980	Close
Exo.25.27	2	H4526	by the border
Exo.25.27	3	H2885	shall the rings
Exo.25.27	4	H1004	be, for places
Exo.25.27	5	H905	for the staves
Exo.25.27	6	H5375	to bear
Exo.25.27	7	H7979	the table.
Exo.25.28	1	H6213	And thou shalt make
Exo.25.28	2	H905	the staves
Exo.25.28	3	H7848	of acacia
Exo.25.28	4	H6086	wood,
Exo.25.28	5	H6823	and overlay
Exo.25.28	6	H2091	them with gold,
Exo.25.28	7	H7979	that the table
Exo.25.28	8	H5375	may be borne with them.
Exo.25.29	1	H6213	And thou shalt make
Exo.25.29	2	H7086	the dishes
Exo.25.29	3	H3709	thereof, and the spoons
Exo.25.29	4	H7184	thereof, and the flagons
Exo.25.29	5	H4518	thereof, and the bowls
Exo.25.29	6	H2004	thereof, wherewith
Exo.25.29	7	H5258	to pour
Exo.25.29	8	H2889	out: of pure
Exo.25.29	9	H2091	gold
Exo.25.29	10	H6213	shalt thou make them.
Exo.25.30	1	H5414	And thou shalt set
Exo.25.30	2	H7979	upon the table
Exo.25.30	3	H3899	showbread
Exo.25.30	4	H6440	before
Exo.25.30	5	H8548	me alway.
Exo.25.31	1	H6213	And thou shalt make
Exo.25.31	2	H4501	a candlestick
Exo.25.31	3	H2889	of pure
Exo.25.31	4	H2091	gold:
Exo.25.31	5	H4749	of beaten work
Exo.25.31	6	H4501	shall the candlestick
Exo.25.31	7	H6213	be made,
Exo.25.31	8	H7070	even its base,
Exo.25.31	9	H3409	and its shaft;
Exo.25.31	10	H1375	its cups,
Exo.25.31	11	H3730	its knops,
Exo.25.31	12	H6525	and its flowers, shall be of one piece with it:
Exo.25.32	1	H8337	and there shall be six
Exo.25.32	2	H7070	branches
Exo.25.32	3	H3318	going
Exo.25.32	4	H6654	out of the sides
Exo.25.32	5	H7969	thereof; three
Exo.25.32	6	H7070	branches
Exo.25.32	7	H4501	of the candlestick
Exo.25.32	8	H259	out of the one
Exo.25.32	9	H6654	side
Exo.25.32	10	H7969	thereof, and three
Exo.25.32	11	H7070	branches
Exo.25.32	12	H4501	of the candlestick
Exo.25.32	13	H8145	out of the other
Exo.25.32	14	H6654	side thereof:
Exo.25.33	1	H7969	three
Exo.25.33	2	H1375	cups
Exo.25.33	3	H8246	made like almond-blossoms
Exo.25.33	4	H259	in one
Exo.25.33	5	H7070	branch,
Exo.25.33	6	H3730	a knop
Exo.25.33	7	H6525	and a flower;
Exo.25.33	8	H7969	and three
Exo.25.33	9	H1375	cups
Exo.25.33	10	H8246	made like almond-blossoms
Exo.25.33	11	H259	in the other
Exo.25.33	12	H7070	branch,
Exo.25.33	13	H3730	a knop
Exo.25.33	14	H6525	and a flower:
Exo.25.33	15	H8337	so for the six
Exo.25.33	16	H7070	branches
Exo.25.33	17	H3318	going
Exo.25.33	18	H4501	out of the candlestick:
Exo.25.34	1	H4501	and in the candlestick
Exo.25.34	2	H702	four
Exo.25.34	3	H1375	cups
Exo.25.34	4	H8246	made like almond-blossoms,
Exo.25.34	5	H3730	the knops
Exo.25.34	6	H6525	thereof, and the flowers thereof;
Exo.25.35	1	H3730	and a knop
Exo.25.35	2	H8147	under two
Exo.25.35	3	H7070	branches
Exo.25.35	4	H3730	of one piece with it, and a knop
Exo.25.35	5	H8147	under two
Exo.25.35	6	H7070	branches
Exo.25.35	7	H3730	of one piece with it, and a knop
Exo.25.35	8	H8147	under two
Exo.25.35	9	H7070	branches
Exo.25.35	10	H8337	of one piece with it, for the six
Exo.25.35	11	H7070	branches
Exo.25.35	12	H3318	going
Exo.25.35	13	H4501	out of the candlestick.
Exo.25.36	1	H3730	Their knops
Exo.25.36	2	H7070	and their branches
Exo.25.36	3	H259	shall be of one piece with it; the whole of it one
Exo.25.36	4	H4749	beaten work
Exo.25.36	5	H2889	of pure
Exo.25.36	6	H2091	gold.
Exo.25.37	1	H6213	And thou shalt make
Exo.25.37	2	H5216	the lamps
Exo.25.37	3	H7651	thereof, seven:
Exo.25.37	4	H5927	and they shall light
Exo.25.37	5	H5216	the lamps
Exo.25.37	6	H215	thereof, to give light
Exo.25.37	7	H5676	over against
Exo.25.37	8	H6440	it.
Exo.25.38	1	H4457	And the snuffers
Exo.25.38	2	H4289	thereof, and the snuffdishes
Exo.25.38	3	H2889	thereof, shall be of pure
Exo.25.38	4	H2091	gold.
Exo.25.39	1	H3603	Of a talent
Exo.25.39	2	H2889	of pure
Exo.25.39	3	H2091	gold
Exo.25.39	4	H6213	shall it be made,
Exo.25.39	5	H3627	with all these vessels.
Exo.25.40	1	H7200	And see
Exo.25.40	2	H6213	that thou make
Exo.25.40	3	H8403	them after their pattern,
Exo.25.40	4	H7200	which hath been showed
Exo.25.40	5	H2022	thee in the mount.
Exo.26.1	1	H6213	Moreover thou shalt make
Exo.26.1	2	H4908	the tabernacle
Exo.26.1	3	H6235	with ten
Exo.26.1	4	H3407	curtains;
Exo.26.1	5	H7806	of fine twined
Exo.26.1	6	H8336	linen,
Exo.26.1	7	H8504	and blue,
Exo.26.1	8	H713	and purple,
Exo.26.1	9	H8144	and scarlet,
Exo.26.1	10	H4639	with cherubim the work
Exo.26.1	11	H2803	of the skilful
Exo.26.1	12	H4639	workman
Exo.26.1	13	H6213	shalt thou make them.
Exo.26.2	1	H753	The length
Exo.26.2	2	H259	of each
Exo.26.2	3	H3407	curtain
Exo.26.2	4	H8083	shall be eight
Exo.26.2	5	H6242	and twenty
Exo.26.2	6	H520	cubits,
Exo.26.2	7	H7341	and the breadth
Exo.26.2	8	H259	of each
Exo.26.2	9	H3407	curtain
Exo.26.2	10	H702	four
Exo.26.2	11	H520	cubits:
Exo.26.2	12	H3407	all the curtains
Exo.26.2	13	H259	shall have one
Exo.26.2	14	H4060	measure.
Exo.26.3	1	H2568	Five
Exo.26.3	2	H3407	curtains
Exo.26.3	3	H2266	shall be coupled together
Exo.26.3	4	H802	one
Exo.26.3	5	H269	to another;
Exo.26.3	6	H2568	and <i>the</i> <i>other</i> five
Exo.26.3	7	H3407	curtains
Exo.26.3	8	H2266	shall be coupled
Exo.26.3	9	H802	one
Exo.26.3	10	H269	to another.
Exo.26.4	1	H6213	And thou shalt make
Exo.26.4	2	H3924	loops
Exo.26.4	3	H8504	of blue
Exo.26.4	4	H8193	upon the edge
Exo.26.4	5	H259	of the one
Exo.26.4	6	H3407	curtain
Exo.26.4	7	H7098	from the selvedge
Exo.26.4	8	H2279	in the coupling;
Exo.26.4	9	H6213	and likewise shalt thou make
Exo.26.4	10	H8193	in the edge
Exo.26.4	11	H3407	of the curtain
Exo.26.4	12	H7020	that is outmost
Exo.26.4	13	H8145	in the second
Exo.26.4	14	H4225	coupling.
Exo.26.5	1	H2572	Fifty
Exo.26.5	2	H3924	loops
Exo.26.5	3	H6213	shalt thou make
Exo.26.5	4	H259	in the one
Exo.26.5	5	H3407	curtain,
Exo.26.5	6	H2572	and fifty
Exo.26.5	7	H3924	loops
Exo.26.5	8	H6213	shalt thou make
Exo.26.5	9	H7097	in the edge
Exo.26.5	10	H3407	of the curtain
Exo.26.5	11	H8145	that is in the second
Exo.26.5	12	H4225	coupling;
Exo.26.5	13	H3924	the loops
Exo.26.5	14	H6901	shall be opposite
Exo.26.5	15	H802	one
Exo.26.5	16	H269	to another.
Exo.26.6	1	H6213	And thou shalt make
Exo.26.6	2	H2572	fifty
Exo.26.6	3	H7165	clasps
Exo.26.6	4	H2091	of gold,
Exo.26.6	5	H2266	and couple
Exo.26.6	6	H3407	the curtains
Exo.26.6	7	H802	one to another with
Exo.26.6	8	H7165	the clasps:
Exo.26.6	9	H4908	and the tabernacle
Exo.26.6	10	H259	shall be one <i>whole</i>.
Exo.26.7	1	H6213	And thou shalt make
Exo.26.7	2	H3407	curtains
Exo.26.7	3	H5795	of goats'
Exo.26.7	4	H168	<i>hair</i> for a tent
Exo.26.7	5	H4908	over the tabernacle:
Exo.26.7	6	H6249	eleven
Exo.26.7	7	H3407	curtains
Exo.26.7	8	H6213	shalt thou make them.
Exo.26.8	1	H753	The length
Exo.26.8	2	H259	of each
Exo.26.8	3	H3407	curtain
Exo.26.8	4	H7970	shall be thirty
Exo.26.8	5	H520	cubits,
Exo.26.8	6	H7341	and the breadth
Exo.26.8	7	H259	of each
Exo.26.8	8	H3407	curtain
Exo.26.8	9	H702	four
Exo.26.8	10	H520	cubits:
Exo.26.8	11	H6249	the eleven
Exo.26.8	12	H3407	curtains
Exo.26.8	13	H259	shall have one
Exo.26.8	14	H4060	measure.
Exo.26.9	1	H2266	And thou shalt couple
Exo.26.9	2	H2568	five
Exo.26.9	3	H3407	curtains
Exo.26.9	4	H8337	by themselves, and six
Exo.26.9	5	H3407	curtains
Exo.26.9	6	H3717	by themselves, and shalt double
Exo.26.9	7	H8345	over the sixth
Exo.26.9	8	H3407	curtain
Exo.26.9	9	H4136	in the forefront
Exo.26.9	10	H168	of the tent.
Exo.26.10	1	H6213	And thou shalt make
Exo.26.10	2	H2572	fifty
Exo.26.10	3	H3924	loops
Exo.26.10	4	H8193	on the edge
Exo.26.10	5	H259	of the one
Exo.26.10	6	H3407	curtain
Exo.26.10	7	H7020	that is outmost
Exo.26.10	8	H2279	in the coupling,
Exo.26.10	9	H2572	and fifty
Exo.26.10	10	H3924	loops
Exo.26.10	11	H8193	upon the edge
Exo.26.10	12	H3407	of the curtain
Exo.26.10	13	H8145	which is <i>outmost</i> <i>in</i> the second
Exo.26.10	14	H2279	coupling.
Exo.26.11	1	H6213	And thou shalt make
Exo.26.11	2	H2572	fifty
Exo.26.11	3	H7165	clasps
Exo.26.11	4	H5178	of brass,
Exo.26.11	5	H935	and put
Exo.26.11	6	H7165	the clasps
Exo.26.11	7	H3924	into the loops,
Exo.26.11	8	H2266	and couple
Exo.26.11	9	H168	the tent
Exo.26.11	10	H259	together, that it may be one.
Exo.26.12	1	H5629	And the overhanging
Exo.26.12	2	H5736	part that remaineth
Exo.26.12	3	H3407	of the curtains
Exo.26.12	4	H168	of the tent,
Exo.26.12	5	H2677	the half
Exo.26.12	6	H3407	curtain
Exo.26.12	7	H5736	that remaineth,
Exo.26.12	8	H5628	shall hang
Exo.26.12	9	H268	over the back
Exo.26.12	10	H4908	of the tabernacle.
Exo.26.13	1	H520	And the cubit
Exo.26.13	2	H2088	on the one side,
Exo.26.13	3	H520	and the cubit
Exo.26.13	4	H5736	on the other side, of that which remaineth
Exo.26.13	5	H753	in the length
Exo.26.13	6	H3407	of the curtains
Exo.26.13	7	H168	of the tent,
Exo.26.13	8	H5628	shall hang
Exo.26.13	9	H6654	over the sides
Exo.26.13	10	H4908	of the tabernacle
Exo.26.13	11	H3680	on this side and on that side, to cover it.
Exo.26.14	1	H6213	And thou shalt make
Exo.26.14	2	H4372	a covering
Exo.26.14	3	H168	for the tent
Exo.26.14	4	H352	of rams'
Exo.26.14	5	H5785	skins
Exo.26.14	6	H119	dyed red,
Exo.26.14	7	H4372	and a covering
Exo.26.14	8	H4605	of
Exo.26.14	9	H5785	sealskins
Exo.26.14	10	H4605	above.
Exo.26.15	1	H6213	And thou shalt make
Exo.26.15	2	H7175	the boards
Exo.26.15	3	H4908	for the tabernacle
Exo.26.15	4	H7848	of acacia
Exo.26.15	5	H6086	wood,
Exo.26.15	6	H5975	standing up.
Exo.26.16	1	H6235	Ten
Exo.26.16	2	H520	cubits
Exo.26.16	3	H753	shall be the length
Exo.26.16	4	H7175	of a board,
Exo.26.16	5	H520	and a cubit
Exo.26.16	6	H2677	and a half
Exo.26.16	7	H7341	the breadth
Exo.26.16	8	H259	of each
Exo.26.16	9	H7175	board.
Exo.26.17	1	H8147	Two
Exo.26.17	2	H3027	tenons
Exo.26.17	3	H259	shall there be in each
Exo.26.17	4	H7175	board,
Exo.26.17	5	H259	joined one
Exo.26.17	6	H7947	to
Exo.26.17	7	H269	another:
Exo.26.17	8	H6213	thus shalt thou make
Exo.26.17	9	H7175	for all the boards
Exo.26.17	10	H4908	of the tabernacle.
Exo.26.18	1	H6213	And thou shalt make
Exo.26.18	2	H7175	the boards
Exo.26.18	3	H4908	for the tabernacle,
Exo.26.18	4	H6242	twenty
Exo.26.18	5	H7175	boards
Exo.26.18	6	H5045	for the south
Exo.26.18	7	H6285	side
Exo.26.18	8	H8486	southward.
Exo.26.19	1	H6213	And thou shalt make
Exo.26.19	2	H705	forty
Exo.26.19	3	H134	sockets
Exo.26.19	4	H3701	of silver
Exo.26.19	5	H6242	under the twenty
Exo.26.19	6	H7175	boards;
Exo.26.19	7	H8147	two
Exo.26.19	8	H134	sockets
Exo.26.19	9	H259	under one
Exo.26.19	10	H7175	board
Exo.26.19	11	H8147	for its two
Exo.26.19	12	H3027	tenons,
Exo.26.19	13	H8147	and two
Exo.26.19	14	H134	sockets
Exo.26.19	15	H259	under another
Exo.26.19	16	H7175	board
Exo.26.19	17	H8147	for its two
Exo.26.19	18	H3027	tenons:
Exo.26.20	1	H8145	and for the second
Exo.26.20	2	H6763	side
Exo.26.20	3	H4908	of the tabernacle,
Exo.26.20	4	H6828	on the north
Exo.26.20	5	H6285	side,
Exo.26.20	6	H6242	twenty
Exo.26.20	7	H7175	boards,
Exo.26.21	1	H705	and their forty
Exo.26.21	2	H134	sockets
Exo.26.21	3	H3701	of silver;
Exo.26.21	4	H8147	two
Exo.26.21	5	H134	sockets
Exo.26.21	6	H259	under one
Exo.26.21	7	H7175	board,
Exo.26.21	8	H8147	and two
Exo.26.21	9	H134	sockets
Exo.26.21	10	H259	under another
Exo.26.21	11	H7175	board.
Exo.26.22	1	H3411	And for the hinder
Exo.26.22	2	H4908	part of the tabernacle
Exo.26.22	3	H3220	westward
Exo.26.22	4	H6213	thou shalt make
Exo.26.22	5	H8337	six
Exo.26.22	6	H7175	boards.
Exo.26.23	1	H8147	And two
Exo.26.23	2	H7175	boards
Exo.26.23	3	H6213	shalt thou make
Exo.26.23	4	H4742	for the corners
Exo.26.23	5	H4908	of the tabernacle
Exo.26.23	6	H3411	in the hinder part.
Exo.26.24	1	H8382	And they shall be double
Exo.26.24	2	H4295	beneath,
Exo.26.24	3	H8382	and in like manner
Exo.26.24	4	H3162	they
Exo.26.24	5	H7218	shall be entire unto the top
Exo.26.24	6	H259	thereof unto one
Exo.26.24	7	H2885	ring:
Exo.26.24	8	H8147	thus shall it be for them both;
Exo.26.24	9	H8147	they shall be for the two
Exo.26.24	10	H4740	corners.
Exo.26.25	1	H8083	And there shall be eight
Exo.26.25	2	H7175	boards,
Exo.26.25	3	H134	and their sockets
Exo.26.25	4	H3701	of silver,
Exo.26.25	5	H8337	sixteen
Exo.26.25	6	H134	sockets;
Exo.26.25	7	H8147	two
Exo.26.25	8	H134	sockets
Exo.26.25	9	H259	under one
Exo.26.25	10	H7175	board,
Exo.26.25	11	H8147	and two
Exo.26.25	12	H134	sockets
Exo.26.25	13	H259	under another
Exo.26.25	14	H7175	board.
Exo.26.26	1	H6213	And thou shalt make
Exo.26.26	2	H1280	bars
Exo.26.26	3	H7848	of acacia
Exo.26.26	4	H6086	wood;
Exo.26.26	5	H2568	five
Exo.26.26	6	H7175	for the boards
Exo.26.26	7	H259	of the one
Exo.26.26	8	H6763	side
Exo.26.26	9	H4908	of the tabernacle,
Exo.26.27	1	H2568	and five
Exo.26.27	2	H1280	bars
Exo.26.27	3	H7175	for the boards
Exo.26.27	4	H8145	of the other
Exo.26.27	5	H6763	side
Exo.26.27	6	H4908	of the tabernacle,
Exo.26.27	7	H2568	and five
Exo.26.27	8	H1280	bars
Exo.26.27	9	H7175	for the boards
Exo.26.27	10	H6763	of the side
Exo.26.27	11	H4908	of the tabernacle,
Exo.26.27	12	H3411	for the hinder part
Exo.26.27	13	H3220	westward.
Exo.26.28	1	H8484	And the middle
Exo.26.28	2	H1280	bar
Exo.26.28	3	H8432	in the midst
Exo.26.28	4	H7175	of the boards
Exo.26.28	5	H1272	shall pass
Exo.26.28	6	H7097	through from end
Exo.26.28	7	H7097	to end.
Exo.26.29	1	H6823	And thou shalt overlay
Exo.26.29	2	H7175	the boards
Exo.26.29	3	H2091	with gold,
Exo.26.29	4	H6213	and make
Exo.26.29	5	H2885	their rings
Exo.26.29	6	H2091	of gold
Exo.26.29	7	H1004	for places
Exo.26.29	8	H1280	for the bars:
Exo.26.29	9	H6823	and thou shalt overlay
Exo.26.29	10	H1280	the bars
Exo.26.29	11	H2091	with gold.
Exo.26.30	1	H6965	And thou shalt rear up
Exo.26.30	2	H4908	the tabernacle
Exo.26.30	3	H4941	according to the fashion
Exo.26.30	4	H7200	thereof which hath been showed
Exo.26.30	5	H2022	thee in the mount.
Exo.26.31	1	H6213	And thou shalt make
Exo.26.31	2	H6532	a veil
Exo.26.31	3	H8504	of blue,
Exo.26.31	4	H713	and purple,
Exo.26.31	5	H8144	and scarlet,
Exo.26.31	6	H7806	and fine twined
Exo.26.31	7	H8336	linen:
Exo.26.31	8	H3742	with cherubim
Exo.26.31	9	H4639	the work
Exo.26.31	10	H2803	of the skilful
Exo.26.31	11	H6213	workman shall it be made:
Exo.26.32	1	H5414	and thou shalt hang
Exo.26.32	2	H702	it upon four
Exo.26.32	3	H5982	pillars
Exo.26.32	4	H7848	of acacia
Exo.26.32	5	H6823	overlaid
Exo.26.32	6	H2091	with gold;
Exo.26.32	7	H2053	their hooks
Exo.26.32	8	H2091	<i>shall</i> <i>be</i> of gold,
Exo.26.32	9	H702	upon four
Exo.26.32	10	H134	sockets
Exo.26.32	11	H3701	of silver.
Exo.26.33	1	H5414	And thou shalt hang up
Exo.26.33	2	H6532	the veil
Exo.26.33	3	H7165	under the clasps,
Exo.26.33	4	H935	and shalt bring
Exo.26.33	5	H1004	in thither within
Exo.26.33	6	H6532	the veil
Exo.26.33	7	H727	the ark
Exo.26.33	8	H5715	of the testimony:
Exo.26.33	9	H6532	and the veil
Exo.26.33	10	H914	shall separate
Exo.26.33	11	H6944	unto you between the holy
Exo.26.33	12	H6944	place and the most
Exo.26.33	13	H6944	holy.
Exo.26.34	1	H5414	And thou shalt put
Exo.26.34	2	H3727	the mercy-seat
Exo.26.34	3	H727	upon the ark
Exo.26.34	4	H5715	of the testimony
Exo.26.34	5	H6944	in the most
Exo.26.34	6	H6944	holy place.
Exo.26.35	1	H7760	And thou shalt set
Exo.26.35	2	H7979	the table
Exo.26.35	3	H2351	without
Exo.26.35	4	H6532	the veil,
Exo.26.35	5	H4501	and the candlestick
Exo.26.35	6	H5227	over against
Exo.26.35	7	H7979	the table
Exo.26.35	8	H6763	on the side
Exo.26.35	9	H4908	of the tabernacle
Exo.26.35	10	H8486	toward the south:
Exo.26.35	11	H5414	and thou shalt put
Exo.26.35	12	H7979	the table
Exo.26.35	13	H6828	on the north
Exo.26.35	14	H6763	side.
Exo.26.36	1	H6213	And thou shalt make
Exo.26.36	2	H4539	a screen
Exo.26.36	3	H6607	for the door
Exo.26.36	4	H168	of the Tent,
Exo.26.36	5	H8504	of blue,
Exo.26.36	6	H713	and purple,
Exo.26.36	7	H8438	and scarlet,
Exo.26.36	8	H7806	and fine twined
Exo.26.36	9	H8336	linen,
Exo.26.36	10	H4639	the work
Exo.26.36	11	H7551	of the embroiderer.
Exo.26.37	1	H6213	And thou shalt make
Exo.26.37	2	H4539	for the screen
Exo.26.37	3	H2568	five
Exo.26.37	4	H5982	pillars
Exo.26.37	5	H7848	of acacia,
Exo.26.37	6	H6823	and overlay
Exo.26.37	7	H2091	them with gold;
Exo.26.37	8	H2053	their hooks
Exo.26.37	9	H2091	shall be of gold:
Exo.26.37	10	H3332	and thou shalt cast
Exo.26.37	11	H2568	five
Exo.26.37	12	H134	sockets
Exo.26.37	13	H5178	of brass for them.
Exo.27.1	1	H6213	And thou shalt make
Exo.27.1	2	H4196	the altar
Exo.27.1	3	H7848	of acacia
Exo.27.1	4	H6086	wood,
Exo.27.1	5	H2568	five
Exo.27.1	6	H520	cubits
Exo.27.1	7	H753	long,
Exo.27.1	8	H2568	and five
Exo.27.1	9	H520	cubits
Exo.27.1	10	H7341	broad;
Exo.27.1	11	H4196	the altar
Exo.27.1	12	H7251	shall be foursquare:
Exo.27.1	13	H6967	and the height
Exo.27.1	14	H7969	thereof shall be three
Exo.27.1	15	H520	cubits.
Exo.27.2	1	H6213	And thou shalt make
Exo.27.2	2	H7161	the horns
Exo.27.2	3	H702	of it upon the four
Exo.27.2	4	H6438	corners
Exo.27.2	5	H7161	thereof; the horns
Exo.27.2	6	H6823	thereof shall be of one piece with it: and thou shalt overlay
Exo.27.2	7	H5178	it with brass.
Exo.27.3	1	H6213	And thou shalt make
Exo.27.3	2	H5518	its pots
Exo.27.3	3	H1878	to take away its ashes,
Exo.27.3	4	H3257	and its shovels,
Exo.27.3	5	H4219	and its basins,
Exo.27.3	6	H4207	and its flesh-hooks,
Exo.27.3	7	H4289	and its firepans:
Exo.27.3	8	H3627	all the vessels
Exo.27.3	9	H6213	thereof thou shalt make
Exo.27.3	10	H5178	of brass.
Exo.27.4	1	H6213	And thou shalt make
Exo.27.4	2	H4345	for it a grating
Exo.27.4	3	H4639	of network
Exo.27.4	4	H5178	of brass;
Exo.27.4	5	H7568	and upon the net
Exo.27.4	6	H6213	shalt thou make
Exo.27.4	7	H702	four
Exo.27.4	8	H5178	brazen
Exo.27.4	9	H2885	rings
Exo.27.4	10	H702	in the four
Exo.27.4	11	H7098	corners thereof.
Exo.27.5	1	H5414	And thou shalt put
Exo.27.5	2	H3749	it under the ledge
Exo.27.5	3	H4196	round the altar
Exo.27.5	4	H4295	beneath,
Exo.27.5	5	H7568	that the net
Exo.27.5	6	H5704	may reach
Exo.27.5	7	H2677	halfway
Exo.27.5	8	H4196	up the altar.
Exo.27.6	1	H6213	And thou shalt make
Exo.27.6	2	H905	staves
Exo.27.6	3	H4196	for the altar,
Exo.27.6	4	H905	staves
Exo.27.6	5	H7848	of acacia
Exo.27.6	6	H6086	wood,
Exo.27.6	7	H6823	and overlay
Exo.27.6	8	H5178	them with brass.
Exo.27.7	1	H905	And the staves
Exo.27.7	2	H935	thereof shall be put
Exo.27.7	3	H2885	into the rings,
Exo.27.7	4	H905	and the staves
Exo.27.7	5	H8147	shall be upon the two
Exo.27.7	6	H6763	sides
Exo.27.7	7	H4196	of the altar,
Exo.27.7	8	H5375	in bearing it.
Exo.27.8	1	H5014	Hollow
Exo.27.8	2	H3871	with planks
Exo.27.8	3	H6213	shalt thou make
Exo.27.8	4	H7200	it: as it hath been showed
Exo.27.8	5	H2022	thee in the mount,
Exo.27.8	6	H6213	so shall they make it.
Exo.27.9	1	H6213	And thou shalt make
Exo.27.9	2	H2691	the court
Exo.27.9	3	H4908	of the tabernacle:
Exo.27.9	4	H5045	for the south
Exo.27.9	5	H6285	side
Exo.27.9	6	H8486	southward
Exo.27.9	7	H7050	there shall be hangings
Exo.27.9	8	H2691	for the court
Exo.27.9	9	H7806	of fine twined
Exo.27.9	10	H8336	linen
Exo.27.9	11	H3967	a hundred
Exo.27.9	12	H520	cubits
Exo.27.9	13	H753	long
Exo.27.9	14	H259	for one
Exo.27.9	15	H6285	side:
Exo.27.10	1	H5982	and the pillars
Exo.27.10	2	H6242	thereof shall be twenty,
Exo.27.10	3	H134	and their sockets
Exo.27.10	4	H6242	twenty,
Exo.27.10	5	H5178	of brass;
Exo.27.10	6	H2053	the hooks
Exo.27.10	7	H5982	of the pillars
Exo.27.10	8	H2838	and their fillets
Exo.27.10	9	H3701	<i>shall</i> <i>be</i> of silver.
Exo.27.11	1	H6828	And likewise for the north
Exo.27.11	2	H6285	side
Exo.27.11	3	H753	in length
Exo.27.11	4	H7050	there shall be hangings
Exo.27.11	5	H3967	a hundred
Exo.27.11	6	H753	cubits long,
Exo.27.11	7	H5982	and the pillars
Exo.27.11	8	H6242	thereof twenty,
Exo.27.11	9	H134	and their sockets
Exo.27.11	10	H6242	twenty,
Exo.27.11	11	H5178	of brass;
Exo.27.11	12	H2053	the hooks
Exo.27.11	13	H5982	of the pillars,
Exo.27.11	14	H2838	and their fillets,
Exo.27.11	15	H3701	of silver.
Exo.27.12	1	H7341	And for the breadth
Exo.27.12	2	H2691	of the court
Exo.27.12	3	H3220	on the west
Exo.27.12	4	H6285	side
Exo.27.12	5	H7050	shall be hangings
Exo.27.12	6	H2572	of fifty
Exo.27.12	7	H520	cubits;
Exo.27.12	8	H5982	their pillars
Exo.27.12	9	H6235	ten,
Exo.27.12	10	H134	and their sockets
Exo.27.12	11	H6235	ten.
Exo.27.13	1	H7341	And the breadth
Exo.27.13	2	H2691	of the court
Exo.27.13	3	H6924	on the east
Exo.27.13	4	H6285	side
Exo.27.13	5	H4217	eastward
Exo.27.13	6	H2572	shall be fifty
Exo.27.13	7	H520	cubits.
Exo.27.14	1	H7050	The hangings
Exo.27.14	2	H3802	for the one side
Exo.27.14	3	H2568	<i>of</i> <i>the</i> <i>gate</i> shall be fifteen
Exo.27.14	4	H520	cubits;
Exo.27.14	5	H5982	their pillars
Exo.27.14	6	H7969	three,
Exo.27.14	7	H134	and their sockets
Exo.27.14	8	H7969	three.
Exo.27.15	1	H8145	And for the other
Exo.27.15	2	H3802	side
Exo.27.15	3	H7050	shall be hangings
Exo.27.15	4	H2568	of fifteen
Exo.27.15	5	H5982	cubits; their pillars
Exo.27.15	6	H7969	three,
Exo.27.15	7	H134	and their sockets
Exo.27.15	8	H7969	three.
Exo.27.16	1	H8179	And for the gate
Exo.27.16	2	H2691	of the court
Exo.27.16	3	H4539	shall be a screen
Exo.27.16	4	H6242	of twenty
Exo.27.16	5	H520	cubits,
Exo.27.16	6	H8504	of blue,
Exo.27.16	7	H713	and purple,
Exo.27.16	8	H8144	and scarlet,
Exo.27.16	9	H7806	and fine twined
Exo.27.16	10	H8336	linen,
Exo.27.16	11	H7551	the work of the embroiderer;
Exo.27.16	12	H5982	their pillars
Exo.27.16	13	H702	four,
Exo.27.16	14	H134	and their sockets
Exo.27.16	15	H702	four.
Exo.27.17	1	H5982	All the pillars
Exo.27.17	2	H2691	of the court
Exo.27.17	3	H5439	round about
Exo.27.17	4	H2836	shall be filleted
Exo.27.17	5	H3701	with silver;
Exo.27.17	6	H2053	their hooks
Exo.27.17	7	H3701	of silver,
Exo.27.17	8	H134	and their sockets
Exo.27.17	9	H5178	of brass.
Exo.27.18	1	H753	The length
Exo.27.18	2	H2691	of the court
Exo.27.18	3	H3967	shall be a hundred
Exo.27.18	4	H520	cubits,
Exo.27.18	5	H7341	and the breadth
Exo.27.18	6	H2572	fifty
Exo.27.18	7	H2572	every where,
Exo.27.18	8	H6967	and the height
Exo.27.18	9	H2568	five
Exo.27.18	10	H520	cubits,
Exo.27.18	11	H7806	of fine twined
Exo.27.18	12	H8336	linen,
Exo.27.18	13	H134	and their sockets
Exo.27.18	14	H5178	of brass.
Exo.27.19	1	H3627	All the instruments
Exo.27.19	2	H4908	of the tabernacle
Exo.27.19	3	H5656	in all the service
Exo.27.19	4	H3489	thereof, and all the pins
Exo.27.19	5	H3489	thereof, and all the pins
Exo.27.19	6	H2691	of the court,
Exo.27.19	7	H5178	shall be of brass.
Exo.27.20	1	H6680	And thou shalt command
Exo.27.20	2	H1121	the children
Exo.27.20	3	H3478	of Israel,
Exo.27.20	4	H3947	that they bring
Exo.27.20	5	H2134	unto thee pure
Exo.27.20	6	H2132	olive
Exo.27.20	7	H8081	oil
Exo.27.20	8	H3795	beaten
Exo.27.20	9	H3974	for the light,
Exo.27.20	10	H5216	to cause a lamp
Exo.27.20	11	H5927	to burn
Exo.27.20	12	H8548	continually.
Exo.27.21	1	H168	In the tent
Exo.27.21	2	H4150	of meeting,
Exo.27.21	3	H2351	without
Exo.27.21	4	H6532	the veil
Exo.27.21	5	H5715	which is before the testimony,
Exo.27.21	6	H175	Aaron
Exo.27.21	7	H1121	and his sons
Exo.27.21	8	H6186	shall keep it in order
Exo.27.21	9	H6153	from evening
Exo.27.21	10	H1242	to morning
Exo.27.21	11	H6440	before
Exo.27.21	12	H3068	Jehovah:
Exo.27.21	13	H2708	it shall be a statute
Exo.27.21	14	H5769	for ever
Exo.27.21	15	H1755	throughout their generations
Exo.27.21	16	H1121	on the behalf of the children
Exo.27.21	17	H3478	of Israel.
Exo.28.1	1	H7126	And bring
Exo.28.1	2	H175	thou near unto thee Aaron
Exo.28.1	3	H251	thy brother,
Exo.28.1	4	H1121	and his sons
Exo.28.1	5	H8432	with him, from among
Exo.28.1	6	H1121	the children
Exo.28.1	7	H3478	of Israel,
Exo.28.1	8	H3547	that he may minister unto me in the priest's office,
Exo.28.1	9	H175	even Aaron,
Exo.28.1	10	H5070	Nadab
Exo.28.1	11	H30	and Abihu,
Exo.28.1	12	H499	Eleazar
Exo.28.1	13	H385	and Ithamar,
Exo.28.1	14	H175	Aaron's
Exo.28.1	15	H1121	sons.
Exo.28.2	1	H6213	And thou shalt make
Exo.28.2	2	H6944	holy
Exo.28.2	3	H899	garments
Exo.28.2	4	H175	for Aaron
Exo.28.2	5	H251	thy brother,
Exo.28.2	6	H3519	for glory
Exo.28.2	7	H8597	and for beauty.
Exo.28.3	1	H1696	And thou shalt speak
Exo.28.3	2	H2450	unto all that are wise
Exo.28.3	3	H3820	hearted,
Exo.28.3	4	H4390	whom I have filled
Exo.28.3	5	H7307	with the spirit
Exo.28.3	6	H2451	of wisdom,
Exo.28.3	7	H6213	that they make
Exo.28.3	8	H175	Aaron's
Exo.28.3	9	H899	garments
Exo.28.3	10	H6942	to sanctify
Exo.28.3	11	H3547	him, that he may minister unto me in the priest's office.
Exo.28.4	1	H899	And these are the garments
Exo.28.4	2	H6213	which they shall make:
Exo.28.4	3	H2833	a breastplate,
Exo.28.4	4	H646	and an ephod,
Exo.28.4	5	H4598	and a robe,
Exo.28.4	6	H3801	and a coat
Exo.28.4	7	H8665	of checker work,
Exo.28.4	8	H4701	a mitre,
Exo.28.4	9	H73	and a girdle:
Exo.28.4	10	H6213	and they shall make
Exo.28.4	11	H6944	holy
Exo.28.4	12	H899	garments
Exo.28.4	13	H175	for Aaron
Exo.28.4	14	H251	thy brother,
Exo.28.4	15	H1121	and his sons,
Exo.28.4	16	H3547	that he may minister unto me in the priest's office.
Exo.28.5	1	H3947	And they shall take
Exo.28.5	2	H2091	the gold,
Exo.28.5	3	H8504	and the blue,
Exo.28.5	4	H713	and the purple,
Exo.28.5	5	H8144	and the scarlet,
Exo.28.5	6	H8336	and the fine linen.
Exo.28.6	1	H6213	And they shall make
Exo.28.6	2	H646	the ephod
Exo.28.6	3	H2091	of gold,
Exo.28.6	4	H8504	of blue,
Exo.28.6	5	H713	and purple,
Exo.28.6	6	H8144	scarlet,
Exo.28.6	7	H7806	and fine twined
Exo.28.6	8	H8336	linen,
Exo.28.6	9	H4639	the work
Exo.28.6	10	H2803	of the skilful workman.
Exo.28.7	1	H8147	It shall have two
Exo.28.7	2	H3802	shoulder-pieces
Exo.28.7	3	H2266	joined
Exo.28.7	4	H8147	to the two
Exo.28.7	5	H7098	ends
Exo.28.7	6	H2266	thereof, that it may be joined together.
Exo.28.8	1	H2805	And the skilfully woven band,
Exo.28.8	2	H642	which is upon it,
Exo.28.8	3	H4639	wherewith to gird it on, shall be like the work
Exo.28.8	4	H2091	thereof <i>and</i> of the same piece; of gold,
Exo.28.8	5	H8504	of blue,
Exo.28.8	6	H713	and purple,
Exo.28.8	7	H8144	and scarlet,
Exo.28.8	8	H7806	and fine twined
Exo.28.8	9	H8336	linen.
Exo.28.9	1	H3947	And thou shalt take
Exo.28.9	2	H8147	two
Exo.28.9	3	H7718	onyx
Exo.28.9	4	H68	stones,
Exo.28.9	5	H6605	and grave
Exo.28.9	6	H8034	on them the names
Exo.28.9	7	H1121	of the children
Exo.28.9	8	H3478	of Israel:
Exo.28.10	1	H8337	six
Exo.28.10	2	H8034	of their names
Exo.28.10	3	H259	on the one
Exo.28.10	4	H68	stone,
Exo.28.10	5	H8034	and the names
Exo.28.10	6	H8337	of the six
Exo.28.10	7	H3498	that remain
Exo.28.10	8	H8145	on the other
Exo.28.10	9	H68	stone,
Exo.28.10	10	H8435	according to their birth.
Exo.28.11	1	H4639	With the work
Exo.28.11	2	H2796	of an engraver
Exo.28.11	3	H68	in stone,
Exo.28.11	4	H6603	like the engravings
Exo.28.11	5	H2368	of a signet,
Exo.28.11	6	H6605	shalt thou engrave
Exo.28.11	7	H8147	the two
Exo.28.11	8	H68	stones,
Exo.28.11	9	H8034	according to the names
Exo.28.11	10	H1121	of the children
Exo.28.11	11	H3478	of Israel:
Exo.28.11	12	H6213	thou shalt make
Exo.28.11	13	H4142	them to be inclosed
Exo.28.11	14	H4865	in settings
Exo.28.11	15	H2091	of gold.
Exo.28.12	1	H7760	And thou shalt put
Exo.28.12	2	H8147	the two
Exo.28.12	3	H68	stones
Exo.28.12	4	H3802	upon the shoulder-pieces
Exo.28.12	5	H646	of the ephod,
Exo.28.12	6	H68	to be stones
Exo.28.12	7	H2146	of memorial
Exo.28.12	8	H1121	for the children
Exo.28.12	9	H3478	of Israel:
Exo.28.12	10	H175	and Aaron
Exo.28.12	11	H5375	shall bear
Exo.28.12	12	H8034	their names
Exo.28.12	13	H6440	before
Exo.28.12	14	H3068	Jehovah
Exo.28.12	15	H8147	upon his two
Exo.28.12	16	H3802	shoulders
Exo.28.12	17	H2146	for a memorial.
Exo.28.13	1	H6213	And thou shalt make
Exo.28.13	2	H4865	settings
Exo.28.13	3	H2091	of gold,
Exo.28.14	1	H8147	and two
Exo.28.14	2	H8333	chains
Exo.28.14	3	H2889	of pure
Exo.28.14	4	H2091	gold;
Exo.28.14	5	H4020	like cords
Exo.28.14	6	H6213	shalt thou make
Exo.28.14	7	H5688	them, of wreathen
Exo.28.14	8	H4639	work:
Exo.28.14	9	H5414	and thou shalt put
Exo.28.14	10	H5688	the wreathen
Exo.28.14	11	H8333	chains
Exo.28.14	12	H4865	on the settings.
Exo.28.15	1	H6213	And thou shalt make
Exo.28.15	2	H2833	a breastplate
Exo.28.15	3	H4941	of judgment,
Exo.28.15	4	H4639	the work
Exo.28.15	5	H2803	of the skilful
Exo.28.15	6	H4639	workman; like the work
Exo.28.15	7	H646	of the ephod
Exo.28.15	8	H6213	thou shalt make
Exo.28.15	9	H2091	it; of gold,
Exo.28.15	10	H8504	of blue,
Exo.28.15	11	H713	and purple,
Exo.28.15	12	H8144	and scarlet,
Exo.28.15	13	H7806	and fine twined
Exo.28.15	14	H8336	linen,
Exo.28.15	15	H6213	shalt thou make it.
Exo.28.16	1	H7251	Foursquare
Exo.28.16	2	H3717	it shall be <i>and</i> double;
Exo.28.16	3	H2239	a span
Exo.28.16	4	H753	shall be the length
Exo.28.16	5	H2239	thereof, and a span
Exo.28.16	6	H7341	the breadth thereof.
Exo.28.17	1	H4390	And thou shalt set
Exo.28.17	2	H4396	in it settings
Exo.28.17	3	H68	of stones,
Exo.28.17	4	H702	four
Exo.28.17	5	H2905	rows
Exo.28.17	6	H68	of stones:
Exo.28.17	7	H2905	a row
Exo.28.17	8	H124	of sardius,
Exo.28.17	9	H6357	topaz,
Exo.28.17	10	H1304	and carbuncle
Exo.28.17	11	H259	shall be the first
Exo.28.17	12	H2905	row;
Exo.28.18	1	H8145	and the second
Exo.28.18	2	H2905	row
Exo.28.18	3	H5306	an emerald,
Exo.28.18	4	H5601	a sapphire,
Exo.28.18	5	H3095	and a diamond;
Exo.28.19	1	H7992	and the third
Exo.28.19	2	H2905	row
Exo.28.19	3	H3958	a jacinth,
Exo.28.19	4	H7618	an agate,
Exo.28.19	5	H306	and an amethyst;
Exo.28.20	1	H7243	and the fourth
Exo.28.20	2	H2905	row
Exo.28.20	3	H8658	a beryl,
Exo.28.20	4	H7718	and an onyx,
Exo.28.20	5	H3471	and a jasper:
Exo.28.20	6	H7660	they shall be inclosed
Exo.28.20	7	H2091	in gold
Exo.28.20	8	H4396	in their settings.
Exo.28.21	1	H68	And the stones
Exo.28.21	2	H8034	shall be according to the names
Exo.28.21	3	H1121	of the children
Exo.28.21	4	H3478	of Israel,
Exo.28.21	5	H8147	twelve,
Exo.28.21	6	H8034	according to their names;
Exo.28.21	7	H6603	like the engravings
Exo.28.21	8	H2368	of a signet,
Exo.28.21	9	H376	every one
Exo.28.21	10	H8034	according to his name,
Exo.28.21	11	H8147	they shall be for the twelve
Exo.28.21	12	H7626	tribes.
Exo.28.22	1	H6213	And thou shalt make
Exo.28.22	2	H2833	upon the breastplate
Exo.28.22	3	H8331	chains
Exo.28.22	4	H5688	like cords,
Exo.28.22	5	H5688	of wreathen
Exo.28.22	6	H4639	work
Exo.28.22	7	H2889	of pure
Exo.28.22	8	H2091	gold.
Exo.28.23	1	H6213	And thou shalt make
Exo.28.23	2	H2833	upon the breastplate
Exo.28.23	3	H8147	two
Exo.28.23	4	H2885	rings
Exo.28.23	5	H2091	of gold,
Exo.28.23	6	H5414	and shalt put
Exo.28.23	7	H8147	the two
Exo.28.23	8	H2885	rings
Exo.28.23	9	H8147	on the two
Exo.28.23	10	H7098	ends
Exo.28.23	11	H2833	of the breastplate.
Exo.28.24	1	H5414	And thou shalt put
Exo.28.24	2	H8147	the two
Exo.28.24	3	H5688	wreathen
Exo.28.24	4	H2091	chains of gold
Exo.28.24	5	H8147	in the two
Exo.28.24	6	H2885	rings
Exo.28.24	7	H7098	at the ends
Exo.28.24	8	H2833	of the breastplate.
Exo.28.25	1	H8147	And the <i>other</i> two
Exo.28.25	2	H7098	ends
Exo.28.25	3	H8147	of the two
Exo.28.25	4	H5688	wreathen
Exo.28.25	5	H5414	chains thou shalt put
Exo.28.25	6	H8147	on the two
Exo.28.25	7	H4865	settings,
Exo.28.25	8	H5414	and put
Exo.28.25	9	H3802	them on the shoulder-pieces
Exo.28.25	10	H646	of the ephod
Exo.28.25	11	H6440	in the forepart
Exo.28.25	12	H4136	thereof.
Exo.28.26	1	H6213	And thou shalt make
Exo.28.26	2	H8147	two
Exo.28.26	3	H2885	rings
Exo.28.26	4	H2091	of gold,
Exo.28.26	5	H7760	and thou shalt put
Exo.28.26	6	H8147	them upon the two
Exo.28.26	7	H7098	ends
Exo.28.26	8	H2833	of the breastplate,
Exo.28.26	9	H8193	upon the edge
Exo.28.26	10	H5676	thereof, which is toward the side
Exo.28.26	11	H646	of the ephod
Exo.28.26	12	H1004	inward.
Exo.28.27	1	H6213	And thou shalt make
Exo.28.27	2	H8147	two
Exo.28.27	3	H2885	rings
Exo.28.27	4	H2091	of gold,
Exo.28.27	5	H5414	and shalt put
Exo.28.27	6	H8147	them on the two
Exo.28.27	7	H3802	shoulder-pieces
Exo.28.27	8	H646	of the ephod
Exo.28.27	9	H4295	underneath,
Exo.28.27	10	H4136	in
Exo.28.27	11	H6440	the forepart
Exo.28.27	12	H5980	thereof, close by
Exo.28.27	13	H4225	the coupling
Exo.28.27	14	H4605	thereof, above
Exo.28.27	15	H2805	the skilfully woven band
Exo.28.27	16	H646	of the ephod.
Exo.28.28	1	H7405	And they shall bind
Exo.28.28	2	H2833	the breastplate
Exo.28.28	3	H2885	by the rings
Exo.28.28	4	H2885	thereof unto the rings
Exo.28.28	5	H646	of the ephod
Exo.28.28	6	H6616	with a lace
Exo.28.28	7	H8504	of blue,
Exo.28.28	8	H2805	that it may be upon the skilfully woven band
Exo.28.28	9	H646	of the ephod,
Exo.28.28	10	H2833	and that the breastplate
Exo.28.28	11	H2118	be not loosed
Exo.28.28	12	H646	from the ephod.
Exo.28.29	1	H175	And Aaron
Exo.28.29	2	H5375	shall bear
Exo.28.29	3	H8034	the names
Exo.28.29	4	H1121	of the children
Exo.28.29	5	H3478	of Israel
Exo.28.29	6	H2833	in the breastplate
Exo.28.29	7	H4941	of judgment
Exo.28.29	8	H3820	upon his heart,
Exo.28.29	9	H935	when he goeth
Exo.28.29	10	H6944	in unto the holy
Exo.28.29	11	H2146	place, for a memorial
Exo.28.29	12	H6440	before
Exo.28.29	13	H3068	Jehovah
Exo.28.29	14	H8548	continually.
Exo.28.30	1	H5414	And thou shalt put
Exo.28.30	2	H2833	in the breastplate
Exo.28.30	3	H4941	of judgment
Exo.28.30	4	H224	the Urim
Exo.28.30	5	H8550	and the Thummim;
Exo.28.30	6	H175	and they shall be upon Aaron's
Exo.28.30	7	H3820	heart,
Exo.28.30	8	H935	when he goeth
Exo.28.30	9	H6440	in before
Exo.28.30	10	H3068	Jehovah:
Exo.28.30	11	H175	and Aaron
Exo.28.30	12	H5375	shall bear
Exo.28.30	13	H4941	the judgment
Exo.28.30	14	H1121	of the children
Exo.28.30	15	H3478	of Israel
Exo.28.30	16	H3820	upon his heart
Exo.28.30	17	H6440	before
Exo.28.30	18	H3068	Jehovah
Exo.28.30	19	H8548	continually.
Exo.28.31	1	H6213	And thou shalt make
Exo.28.31	2	H4598	the robe
Exo.28.31	3	H646	of the ephod
Exo.28.31	4	H3632	all
Exo.28.31	5	H8504	of blue.
Exo.28.32	1	H6310	And it shall have a hole
Exo.28.32	2	H7218	for the head
Exo.28.32	3	H8432	in the midst
Exo.28.32	4	H8193	thereof: it shall have a binding
Exo.28.32	5	H707	of woven
Exo.28.32	6	H4639	work
Exo.28.32	7	H5439	round about
Exo.28.32	8	H6310	the hole
Exo.28.32	9	H6310	of it, as it were the hole
Exo.28.32	10	H8473	of a coat of mail,
Exo.28.32	11	H7167	that it be not rent.
Exo.28.33	1	H7757	And upon the skirts
Exo.28.33	2	H6213	of it thou shalt make
Exo.28.33	3	H7416	pomegranates
Exo.28.33	4	H8504	of blue,
Exo.28.33	5	H713	and of purple,
Exo.28.33	6	H8144	and of scarlet,
Exo.28.33	7	H5439	round about
Exo.28.33	8	H7757	the skirts
Exo.28.33	9	H6472	thereof; and bells
Exo.28.33	10	H2091	of gold
Exo.28.33	11	H8432	between
Exo.28.33	12	H5439	them round about:
Exo.28.34	1	H2091	a golden
Exo.28.34	2	H6472	bell
Exo.28.34	3	H7416	and a pomegranate,
Exo.28.34	4	H2091	a golden
Exo.28.34	5	H6472	bell
Exo.28.34	6	H7416	and a pomegranate,
Exo.28.34	7	H7757	upon the skirts
Exo.28.34	8	H4598	of the robe
Exo.28.34	9	H5439	round about.
Exo.28.35	1	H175	And it shall be upon Aaron
Exo.28.35	2	H8334	to minister:
Exo.28.35	3	H6963	and the sound
Exo.28.35	4	H8085	thereof shall be heard
Exo.28.35	5	H935	when he goeth
Exo.28.35	6	H6944	in unto the holy
Exo.28.35	7	H6440	place before
Exo.28.35	8	H3068	Jehovah,
Exo.28.35	9	H3318	and when he cometh
Exo.28.35	10	H4191	out, that he die not.
Exo.28.36	1	H6213	And thou shalt make
Exo.28.36	2	H6731	a plate
Exo.28.36	3	H2889	of pure
Exo.28.36	4	H2091	gold,
Exo.28.36	5	H6605	and grave
Exo.28.36	6	H6603	upon it, like the engravings
Exo.28.36	7	H2368	of a signet,
Exo.28.36	8	H6944	HOLY
Exo.28.36	9	H3068	TO JEHOVAH.
Exo.28.37	1	H7760	And thou shalt put
Exo.28.37	2	H6616	it on a lace
Exo.28.37	3	H8504	of blue,
Exo.28.37	4	H4701	and it shall be upon the mitre;
Exo.28.37	5	H6440	upon the forefront
Exo.28.37	6	H4701	of the mitre it shall be.
Exo.28.38	1	H175	And it shall be upon Aaron's
Exo.28.38	2	H4696	forehead,
Exo.28.38	3	H175	and Aaron
Exo.28.38	4	H5375	shall bear
Exo.28.38	5	H5771	the iniquity
Exo.28.38	6	H6944	of the holy things,
Exo.28.38	7	H1121	which the children
Exo.28.38	8	H3478	of Israel
Exo.28.38	9	H6942	shall hallow
Exo.28.38	10	H6944	in all their holy
Exo.28.38	11	H4979	gifts;
Exo.28.38	12	H8548	and it shall be always
Exo.28.38	13	H4696	upon his forehead,
Exo.28.38	14	H7522	that they may be accepted
Exo.28.38	15	H6440	before
Exo.28.38	16	H3068	Jehovah.
Exo.28.39	1	H7660	And thou shalt weave
Exo.28.39	2	H3801	the coat
Exo.28.39	3	H8336	in checker work of fine linen,
Exo.28.39	4	H6213	and thou shalt make
Exo.28.39	5	H4701	a mitre
Exo.28.39	6	H8336	of fine linen,
Exo.28.39	7	H6213	and thou shalt make
Exo.28.39	8	H73	a girdle,
Exo.28.39	9	H7551	the work of the embroiderer.
Exo.28.40	1	H175	And for Aaron's
Exo.28.40	2	H1121	sons
Exo.28.40	3	H6213	thou shalt make
Exo.28.40	4	H3801	coats,
Exo.28.40	5	H6213	and thou shalt make
Exo.28.40	6	H73	for them girdles,
Exo.28.40	7	H4021	and head-tires
Exo.28.40	8	H6213	shalt thou make
Exo.28.40	9	H3519	for them, for glory
Exo.28.40	10	H8597	and for beauty.
Exo.28.41	1	H3847	And thou shalt put
Exo.28.41	2	H175	them upon Aaron
Exo.28.41	3	H251	thy brother,
Exo.28.41	4	H1121	and upon his sons
Exo.28.41	5	H4886	with him, and shalt anoint
Exo.28.41	6	H4390	them, and consecrate
Exo.28.41	7	H6942	them, and sanctify
Exo.28.41	8	H3547	them, that they may minister unto me in the priest's office. <i></i>
Exo.28.42	1	H6213	And thou shalt make
Exo.28.42	2	H906	them linen
Exo.28.42	3	H4370	breeches
Exo.28.42	4	H3680	to cover
Exo.28.42	5	H1320	the flesh of their nakedness;
Exo.28.42	6	H4975	from the loins
Exo.28.42	7	H3409	even unto the thighs they shall reach:
Exo.28.43	1	H175	and they shall be upon Aaron,
Exo.28.43	2	H1121	and upon his sons,
Exo.28.43	3	H935	when they go
Exo.28.43	4	H168	in unto the tent
Exo.28.43	5	H4150	of meeting,
Exo.28.43	6	H5066	or when they come near
Exo.28.43	7	H4196	unto the altar
Exo.28.43	8	H8334	to minister
Exo.28.43	9	H6944	in the holy
Exo.28.43	10	H5375	place; that they bear
Exo.28.43	11	H5771	not iniquity,
Exo.28.43	12	H4191	and die:
Exo.28.43	13	H2708	it shall be a statute
Exo.28.43	14	H5769	for ever
Exo.28.43	15	H2233	unto him and unto his seed
Exo.28.43	16	H310	after him.
Exo.29.1	1	H1697	And this is the thing
Exo.29.1	2	H6213	that thou shalt do
Exo.29.1	3	H6942	unto them to hallow
Exo.29.1	4	H3547	them, to minister unto me in the priest's office:
Exo.29.1	5	H3947	take
Exo.29.1	6	H259	one
Exo.29.1	7	H1121	young
Exo.29.1	8	H6499	bullock
Exo.29.1	9	H8147	and two
Exo.29.1	10	H352	rams
Exo.29.1	11	H8549	without blemish,
Exo.29.2	1	H4682	and unleavened
Exo.29.2	2	H3899	bread,
Exo.29.2	3	H2471	and cakes
Exo.29.2	4	H4682	unleavened
Exo.29.2	5	H1101	mingled
Exo.29.2	6	H8081	with oil,
Exo.29.2	7	H7550	and wafers
Exo.29.2	8	H4682	unleavened
Exo.29.2	9	H4886	anointed
Exo.29.2	10	H8081	with oil:
Exo.29.2	11	H2406	of fine wheaten
Exo.29.2	12	H5560	flour
Exo.29.2	13	H6213	shalt thou make them.
Exo.29.3	1	H5414	And thou shalt put
Exo.29.3	2	H259	them into one
Exo.29.3	3	H5536	basket,
Exo.29.3	4	H7126	and bring
Exo.29.3	5	H5536	them in the basket,
Exo.29.3	6	H6499	with the bullock
Exo.29.3	7	H8147	and the two
Exo.29.3	8	H352	rams.
Exo.29.4	1	H175	And Aaron
Exo.29.4	2	H1121	and his sons
Exo.29.4	3	H7126	thou shalt bring
Exo.29.4	4	H6607	unto the door
Exo.29.4	5	H168	of the tent
Exo.29.4	6	H4150	of meeting,
Exo.29.4	7	H7364	and shalt wash
Exo.29.4	8	H4325	them with water.
Exo.29.5	1	H3947	And thou shalt take
Exo.29.5	2	H899	the garments,
Exo.29.5	3	H3847	and put
Exo.29.5	4	H175	upon Aaron
Exo.29.5	5	H3801	the coat,
Exo.29.5	6	H4598	and the robe
Exo.29.5	7	H646	of the ephod,
Exo.29.5	8	H646	and the ephod,
Exo.29.5	9	H2833	and the breastplate,
Exo.29.5	10	H640	and gird
Exo.29.5	11	H2805	him with the skilfully woven band
Exo.29.5	12	H646	of the ephod;
Exo.29.6	1	H7760	and thou shalt set
Exo.29.6	2	H4701	the mitre
Exo.29.6	3	H7218	upon his head,
Exo.29.6	4	H5414	and put
Exo.29.6	5	H6944	the holy
Exo.29.6	6	H5145	crown
Exo.29.6	7	H4701	upon the mitre.
Exo.29.7	1	H3947	Then shalt thou take
Exo.29.7	2	H4888	the anointing
Exo.29.7	3	H8081	oil,
Exo.29.7	4	H3332	and pour
Exo.29.7	5	H7218	it upon his head,
Exo.29.7	6	H4886	and anoint him.
Exo.29.8	1	H7126	And thou shalt bring
Exo.29.8	2	H1121	his sons,
Exo.29.8	3	H3847	and put
Exo.29.8	4	H3801	coats upon them.
Exo.29.9	1	H2296	And thou shalt gird
Exo.29.9	2	H73	them with girdles,
Exo.29.9	3	H175	Aaron
Exo.29.9	4	H1121	and his sons,
Exo.29.9	5	H2280	and bind
Exo.29.9	6	H4021	head-tires
Exo.29.9	7	H3550	on them: and they shall have the priesthood
Exo.29.9	8	H5769	by a perpetual
Exo.29.9	9	H2708	statute:
Exo.29.9	10	H4390	and thou shalt consecrate
Exo.29.9	11	H175	Aaron
Exo.29.9	12	H1121	and his sons.
Exo.29.10	1	H7126	And thou shalt bring
Exo.29.10	2	H6499	the bullock
Exo.29.10	3	H6440	before
Exo.29.10	4	H168	the tent
Exo.29.10	5	H4150	of meeting:
Exo.29.10	6	H175	and Aaron
Exo.29.10	7	H1121	and his sons
Exo.29.10	8	H5564	shall lay
Exo.29.10	9	H3027	their hands
Exo.29.10	10	H7218	upon the head
Exo.29.10	11	H6499	of the bullock.
Exo.29.11	1	H7819	And thou shalt kill
Exo.29.11	2	H6499	the bullock
Exo.29.11	3	H6440	before
Exo.29.11	4	H3068	Jehovah,
Exo.29.11	5	H6607	at the door
Exo.29.11	6	H168	of the tent
Exo.29.11	7	H4150	of meeting.
Exo.29.12	1	H3947	And thou shalt take
Exo.29.12	2	H1818	of the blood
Exo.29.12	3	H6499	of the bullock,
Exo.29.12	4	H5414	and put
Exo.29.12	5	H7161	it upon the horns
Exo.29.12	6	H4196	of the altar
Exo.29.12	7	H676	with thy finger;
Exo.29.12	8	H8210	and thou shalt pour
Exo.29.12	9	H1818	out all the blood
Exo.29.12	10	H413	at
Exo.29.12	11	H3247	the base
Exo.29.12	12	H4196	of the altar.
Exo.29.13	1	H3947	And thou shalt take
Exo.29.13	2	H2459	all the fat
Exo.29.13	3	H3680	that covereth
Exo.29.13	4	H7130	the inwards,
Exo.29.13	5	H3508	and the caul
Exo.29.13	6	H3516	upon the liver,
Exo.29.13	7	H8147	and the two
Exo.29.13	8	H3629	kidneys,
Exo.29.13	9	H2459	and the fat
Exo.29.13	10	H6999	that is upon them, and burn
Exo.29.13	11	H4196	them upon the altar.
Exo.29.14	1	H1320	But the flesh
Exo.29.14	2	H6499	of the bullock,
Exo.29.14	3	H5785	and its skin,
Exo.29.14	4	H6569	and its dung,
Exo.29.14	5	H8313	shalt thou burn
Exo.29.14	6	H784	with fire
Exo.29.14	7	H2351	without
Exo.29.14	8	H4264	the camp:
Exo.29.14	9	H2403	it is a sin-offering.
Exo.29.15	1	H3947	Thou shalt also take
Exo.29.15	2	H259	the one
Exo.29.15	3	H352	ram;
Exo.29.15	4	H175	and Aaron
Exo.29.15	5	H1121	and his sons
Exo.29.15	6	H5564	shall lay
Exo.29.15	7	H3027	their hands
Exo.29.15	8	H7218	upon the head
Exo.29.15	9	H352	of the ram.
Exo.29.16	1	H7819	And thou shalt slay
Exo.29.16	2	H352	the ram,
Exo.29.16	3	H3947	and thou shalt take
Exo.29.16	4	H1818	its blood,
Exo.29.16	5	H2236	and sprinkle
Exo.29.16	6	H5439	it round about
Exo.29.16	7	H4196	upon the altar.
Exo.29.17	1	H5408	And thou shalt cut
Exo.29.17	2	H352	the ram
Exo.29.17	3	H5409	into its pieces,
Exo.29.17	4	H7364	and wash
Exo.29.17	5	H7130	its inwards,
Exo.29.17	6	H3767	and its legs,
Exo.29.17	7	H5414	and put
Exo.29.17	8	H5409	them with its pieces,
Exo.29.17	9	H7218	and with its head.
Exo.29.18	1	H6999	And thou shalt burn
Exo.29.18	2	H352	the whole ram
Exo.29.18	3	H4196	upon the altar:
Exo.29.18	4	H5930	it is a burnt-offering
Exo.29.18	5	H3068	unto Jehovah;
Exo.29.18	6	H5207	it is a sweet
Exo.29.18	7	H7381	savor,
Exo.29.18	8	H801	an offering made by fire
Exo.29.18	9	H3068	unto Jehovah.
Exo.29.19	1	H3947	And thou shalt take
Exo.29.19	2	H8145	the other
Exo.29.19	3	H352	ram;
Exo.29.19	4	H175	and Aaron
Exo.29.19	5	H1121	and his sons
Exo.29.19	6	H5564	shall lay
Exo.29.19	7	H3027	their hands
Exo.29.19	8	H7218	upon the head
Exo.29.19	9	H352	of the ram.
Exo.29.20	1	H7819	Then shalt thou kill
Exo.29.20	2	H352	the ram,
Exo.29.20	3	H3947	and take
Exo.29.20	4	H1818	of its blood,
Exo.29.20	5	H5414	and put
Exo.29.20	6	H8571	it upon the tip
Exo.29.20	7	H241	of the right ear
Exo.29.20	8	H175	of Aaron,
Exo.29.20	9	H8571	and upon the tip
Exo.29.20	10	H3233	of the right
Exo.29.20	11	H241	ear
Exo.29.20	12	H1121	of his sons,
Exo.29.20	13	H931	and upon the thumb
Exo.29.20	14	H3233	of their right
Exo.29.20	15	H3027	hand,
Exo.29.20	16	H931	and upon the great toe
Exo.29.20	17	H3233	of their right
Exo.29.20	18	H7272	foot,
Exo.29.20	19	H2236	and sprinkle
Exo.29.20	20	H1818	the blood
Exo.29.20	21	H4196	upon the altar
Exo.29.20	22	H5439	round about.
Exo.29.21	1	H3947	And thou shalt take
Exo.29.21	2	H1818	of the blood
Exo.29.21	3	H4196	that is upon the altar,
Exo.29.21	4	H4888	and of the anointing
Exo.29.21	5	H8081	oil,
Exo.29.21	6	H5137	and sprinkle
Exo.29.21	7	H175	it upon Aaron,
Exo.29.21	8	H899	and upon his garments,
Exo.29.21	9	H1121	and upon his sons,
Exo.29.21	10	H899	and upon the garments
Exo.29.21	11	H1121	of his sons
Exo.29.21	12	H6942	with him: and he shall be hallowed,
Exo.29.21	13	H899	and his garments,
Exo.29.21	14	H1121	and his sons,
Exo.29.21	15	H1121	and his sons'
Exo.29.21	16	H899	garments with him.
Exo.29.22	1	H3947	Also thou shalt take
Exo.29.22	2	H352	of the ram
Exo.29.22	3	H2459	the fat,
Exo.29.22	4	H451	and the fat tail,
Exo.29.22	5	H2459	and the fat
Exo.29.22	6	H3680	that covereth
Exo.29.22	7	H7130	the inwards,
Exo.29.22	8	H3508	and the caul
Exo.29.22	9	H3516	of the liver,
Exo.29.22	10	H8147	and the two
Exo.29.22	11	H3629	kidneys,
Exo.29.22	12	H2459	and the fat
Exo.29.22	13	H3225	that is upon them, and the right
Exo.29.22	14	H7785	thigh
Exo.29.22	15	H352	(for it is a ram
Exo.29.22	16	H4394	of consecration),
Exo.29.23	1	H259	and one
Exo.29.23	2	H3603	loaf
Exo.29.23	3	H3899	of bread,
Exo.29.23	4	H259	and one
Exo.29.23	5	H2471	cake
Exo.29.23	6	H8081	of oiled
Exo.29.23	7	H259	bread, and one
Exo.29.23	8	H7550	wafer,
Exo.29.23	9	H5536	out of the basket
Exo.29.23	10	H4682	of unleavened bread
Exo.29.23	11	H6440	that is before
Exo.29.23	12	H3068	Jehovah:
Exo.29.24	1	H7760	and thou shalt put
Exo.29.24	2	H3709	the whole upon the hands
Exo.29.24	3	H175	of Aaron,
Exo.29.24	4	H3709	and upon the hands
Exo.29.24	5	H1121	of his sons,
Exo.29.24	6	H5130	and shalt wave
Exo.29.24	7	H8573	them for a wave-offering
Exo.29.24	8	H6440	before
Exo.29.24	9	H3068	Jehovah.
Exo.29.25	1	H3947	And thou shalt take
Exo.29.25	2	H3027	them from their hands,
Exo.29.25	3	H6999	and burn
Exo.29.25	4	H4196	them on the altar
Exo.29.25	5	H5930	upon the burnt-offering,
Exo.29.25	6	H5207	for a sweet
Exo.29.25	7	H7381	savor
Exo.29.25	8	H6440	before
Exo.29.25	9	H3068	Jehovah:
Exo.29.25	10	H801	it is an offering made by fire
Exo.29.25	11	H3068	unto Jehovah.
Exo.29.26	1	H3947	And thou shalt take
Exo.29.26	2	H2373	the breast
Exo.29.26	3	H175	of Aaron's
Exo.29.26	4	H352	ram
Exo.29.26	5	H4394	of consecration,
Exo.29.26	6	H5130	and wave
Exo.29.26	7	H8573	it for a wave-offering
Exo.29.26	8	H6440	before
Exo.29.26	9	H3068	Jehovah:
Exo.29.26	10	H4490	and it shall be thy portion.
Exo.29.27	1	H6942	And thou shalt sanctify
Exo.29.27	2	H2373	the breast
Exo.29.27	3	H8573	of the wave-offering,
Exo.29.27	4	H7785	and the thigh
Exo.29.27	5	H8641	of the heave-offering,
Exo.29.27	6	H5130	which is waved,
Exo.29.27	7	H7311	and which is heaved up,
Exo.29.27	8	H352	of the ram
Exo.29.27	9	H4394	of consecration,
Exo.29.27	10	H834	even of that which
Exo.29.27	11	H175	is for Aaron,
Exo.29.27	12	H1121	and of that which is for his sons:
Exo.29.28	1	H175	and it shall be for Aaron
Exo.29.28	2	H1121	and his sons
Exo.29.28	3	H2706	as <i>their</i> portion
Exo.29.28	4	H5769	for ever
Exo.29.28	5	H1121	from the children
Exo.29.28	6	H3478	of Israel;
Exo.29.28	7	H8641	for it is a heave-offering:
Exo.29.28	8	H8641	and it shall be a heave-offering
Exo.29.28	9	H1121	from the children
Exo.29.28	10	H3478	of Israel
Exo.29.28	11	H2077	of the sacrifices
Exo.29.28	12	H8002	of their peace-offerings,
Exo.29.28	13	H8641	even their heave-offering
Exo.29.28	14	H3068	unto Jehovah.
Exo.29.29	1	H6944	And the holy
Exo.29.29	2	H899	garments
Exo.29.29	3	H175	of Aaron
Exo.29.29	4	H1121	shall be for his sons
Exo.29.29	5	H310	after
Exo.29.29	6	H4888	him, to be anointed
Exo.29.29	7	H4390	in them, and to be consecrated in them.
Exo.29.30	1	H7651	Seven
Exo.29.30	2	H3117	days
Exo.29.30	3	H1121	shall the son
Exo.29.30	4	H3548	that is priest
Exo.29.30	5	H3847	in his stead put
Exo.29.30	6	H935	them on, when he cometh
Exo.29.30	7	H168	into the tent
Exo.29.30	8	H4150	of meeting
Exo.29.30	9	H8334	to minister
Exo.29.30	10	H6944	in the holy place.
Exo.29.31	1	H3947	And thou shalt take
Exo.29.31	2	H352	the ram
Exo.29.31	3	H4394	of consecration,
Exo.29.31	4	H1310	and boil
Exo.29.31	5	H1320	its flesh
Exo.29.31	6	H6918	in a holy
Exo.29.31	7	H4725	place.
Exo.29.32	1	H175	And Aaron
Exo.29.32	2	H1121	and his sons
Exo.29.32	3	H398	shall eat
Exo.29.32	4	H1320	the flesh
Exo.29.32	5	H352	of the ram,
Exo.29.32	6	H3899	and the bread
Exo.29.32	7	H5536	that is in the basket,
Exo.29.32	8	H6607	at the door
Exo.29.32	9	H168	of the tent
Exo.29.32	10	H4150	of meeting.
Exo.29.33	1	H398	And they shall eat
Exo.29.33	2	H3722	those things wherewith atonement was made,
Exo.29.33	3	H4390	to consecrate
Exo.29.33	4	H6942	<i>and</i> to sanctify
Exo.29.33	5	H2114	them: but a stranger
Exo.29.33	6	H398	shall not eat
Exo.29.33	7	H6944	thereof, because they are holy.
Exo.29.34	1	H1320	And if aught of the flesh
Exo.29.34	2	H4394	of the consecration,
Exo.29.34	3	H3899	or of the bread,
Exo.29.34	4	H3498	remain
Exo.29.34	5	H1242	unto the morning,
Exo.29.34	6	H8313	then thou shalt burn
Exo.29.34	7	H3498	the remainder
Exo.29.34	8	H784	with fire:
Exo.29.34	9	H398	it shall not be eaten,
Exo.29.34	10	H6944	because it is holy.
Exo.29.35	1	H6213	And thus shalt thou do
Exo.29.35	2	H175	unto Aaron,
Exo.29.35	3	H1121	and to his sons,
Exo.29.35	4	H6680	according to all that I have commanded
Exo.29.35	5	H7651	thee: seven
Exo.29.35	6	H3117	days
Exo.29.35	7	H4390	shalt thou consecrate them.
Exo.29.36	1	H3117	And every day
Exo.29.36	2	H6213	shalt thou offer
Exo.29.36	3	H6499	the bullock
Exo.29.36	4	H2403	of sin-offering
Exo.29.36	5	H3725	for atonement:
Exo.29.36	6	H2398	and thou shalt cleanse
Exo.29.36	7	H4196	the altar,
Exo.29.36	8	H3722	when thou makest atonement
Exo.29.36	9	H4886	for it; and thou shalt anoint
Exo.29.36	10	H6942	it, to sanctify it.
Exo.29.37	1	H7651	Seven
Exo.29.37	2	H3117	days
Exo.29.37	3	H3722	thou shalt make atonement
Exo.29.37	4	H4196	for the altar,
Exo.29.37	5	H6942	and sanctify
Exo.29.37	6	H4196	it: and the altar
Exo.29.37	7	H6944	shall be most holy;
Exo.29.37	8	H5060	whatsoever toucheth
Exo.29.37	9	H4196	the altar
Exo.29.37	10	H6944	shall be holy.
Exo.29.38	1	H6213	Now this is that which thou shalt offer
Exo.29.38	2	H4196	upon the altar:
Exo.29.38	3	H8147	two
Exo.29.38	4	H3532	lambs
Exo.29.38	5	H1121	a
Exo.29.38	6	H8141	year
Exo.29.38	7	H3117	old day
Exo.29.38	8	H3117	by day
Exo.29.38	9	H8548	continually.
Exo.29.39	1	H259	The one
Exo.29.39	2	H3532	lamb
Exo.29.39	3	H6213	thou shalt offer
Exo.29.39	4	H1242	in the morning;
Exo.29.39	5	H8145	and the other
Exo.29.39	6	H3532	lamb
Exo.29.39	7	H6213	thou shalt offer
Exo.29.39	8	H6153	at even:
Exo.29.40	1	H259	and with the one
Exo.29.40	2	H3532	lamb
Exo.29.40	3	H6241	a tenth
Exo.29.40	4	H5560	part <i>of</i> <i>an</i> <i>ephah</i> of fine flour
Exo.29.40	5	H1101	mingled
Exo.29.40	6	H7253	with the fourth part
Exo.29.40	7	H1969	of a hin
Exo.29.40	8	H3795	of beaten
Exo.29.40	9	H8081	oil;
Exo.29.40	10	H7243	and the fourth part
Exo.29.40	11	H1969	of a hin
Exo.29.40	12	H3196	of wine
Exo.29.40	13	H5262	for a drink-offering.
Exo.29.41	1	H8145	And the other
Exo.29.41	2	H3532	lamb
Exo.29.41	3	H6213	thou shalt offer
Exo.29.41	4	H6153	at even,
Exo.29.41	5	H6213	and shalt do
Exo.29.41	6	H4503	thereto according to the meal-offering
Exo.29.41	7	H1242	of the morning,
Exo.29.41	8	H5262	and according to the drink-offering
Exo.29.41	9	H5207	thereof, for a sweet
Exo.29.41	10	H7381	savor,
Exo.29.41	11	H801	an offering made by fire
Exo.29.41	12	H3068	unto Jehovah.
Exo.29.42	1	H8548	It shall be a continual
Exo.29.42	2	H5930	burnt-offering
Exo.29.42	3	H1755	throughout your generations
Exo.29.42	4	H6607	at the door
Exo.29.42	5	H168	of the tent
Exo.29.42	6	H4150	of meeting
Exo.29.42	7	H6440	before
Exo.29.42	8	H3068	Jehovah,
Exo.29.42	9	H3259	where I will meet
Exo.29.42	10	H1696	with you, to speak there unto thee.
Exo.29.43	1	H3259	And there I will meet
Exo.29.43	2	H1121	with the children
Exo.29.43	3	H3478	of Israel;
Exo.29.43	4	H6942	and <i>the</i> <i>Tent</i> shall be sanctified
Exo.29.43	5	H3519	by my glory.
Exo.29.44	1	H6942	And I will sanctify
Exo.29.44	2	H168	the tent
Exo.29.44	3	H4150	of meeting,
Exo.29.44	4	H4196	and the altar:
Exo.29.44	5	H175	Aaron
Exo.29.44	6	H1121	also and his sons
Exo.29.44	7	H6942	will I sanctify,
Exo.29.44	8	H3547	to minister to me in the priest's office.
Exo.29.45	1	H7931	And I will dwell
Exo.29.45	2	H8432	among
Exo.29.45	3	H1121	the children
Exo.29.45	4	H3478	of Israel,
Exo.29.45	5	H430	and will be their God.
Exo.29.46	1	H3045	And they shall know
Exo.29.46	2	H3068	that I am Jehovah
Exo.29.46	3	H430	their God,
Exo.29.46	4	H3318	that brought them forth
Exo.29.46	5	H776	out of the land
Exo.29.46	6	H4714	of Egypt,
Exo.29.46	7	H7931	that I might dwell
Exo.29.46	8	H8432	among
Exo.29.46	9	H3068	them: I am Jehovah
Exo.29.46	10	H430	their God.
Exo.30.1	1	H6213	And thou shalt make
Exo.30.1	2	H4196	an altar
Exo.30.1	3	H4729	to burn
Exo.30.1	4	H7004	incense
Exo.30.1	5	H7848	upon: of acacia
Exo.30.1	6	H6086	wood
Exo.30.1	7	H6213	shalt thou make it.
Exo.30.2	1	H520	A cubit
Exo.30.2	2	H753	shall be the length
Exo.30.2	3	H520	thereof, and a cubit
Exo.30.2	4	H7341	the breadth
Exo.30.2	5	H7251	thereof; foursquare
Exo.30.2	6	H520	shall it be; and two cubits
Exo.30.2	7	H6967	shall be the height
Exo.30.2	8	H7161	thereof: the horns thereof shall be of one piece with it.
Exo.30.3	1	H6823	And thou shalt overlay
Exo.30.3	2	H2889	it with pure
Exo.30.3	3	H2091	gold,
Exo.30.3	4	H1406	the top
Exo.30.3	5	H7023	thereof, and the sides
Exo.30.3	6	H5439	thereof round about,
Exo.30.3	7	H7161	and the horns
Exo.30.3	8	H6213	thereof; and thou shalt make
Exo.30.3	9	H2213	unto it a crown
Exo.30.3	10	H2091	of gold
Exo.30.3	11	H5439	round about.
Exo.30.4	1	H8147	And two
Exo.30.4	2	H2091	golden
Exo.30.4	3	H2885	rings
Exo.30.4	4	H6213	shalt thou make
Exo.30.4	5	H2213	for it under the crown
Exo.30.4	6	H8147	thereof; upon the two
Exo.30.4	7	H6763	ribs
Exo.30.4	8	H8147	thereof, upon the two
Exo.30.4	9	H6654	sides
Exo.30.4	10	H6213	of it shalt thou make
Exo.30.4	11	H1004	them; and they shall be for places
Exo.30.4	12	H905	for staves
Exo.30.4	13	H1992	wherewith
Exo.30.4	14	H5375	to bear it.
Exo.30.5	1	H6213	And thou shalt make
Exo.30.5	2	H905	the staves
Exo.30.5	3	H7848	of acacia
Exo.30.5	4	H6086	wood,
Exo.30.5	5	H6823	and overlay
Exo.30.5	6	H2091	them with gold.
Exo.30.6	1	H5414	And thou shalt put
Exo.30.6	2	H6440	it before
Exo.30.6	3	H6532	the veil
Exo.30.6	4	H727	that is by the ark
Exo.30.6	5	H5715	of the testimony,
Exo.30.6	6	H6440	before
Exo.30.6	7	H3727	the mercy-seat
Exo.30.6	8	H5715	that is over the testimony,
Exo.30.6	9	H3259	where I will meet with thee.
Exo.30.7	1	H175	And Aaron
Exo.30.7	2	H6999	shall burn
Exo.30.7	3	H7004	thereon incense
Exo.30.7	4	H5561	of sweet
Exo.30.7	5	H1242	spices: every morning,
Exo.30.7	6	H3190	when he dresseth
Exo.30.7	7	H5216	the lamps,
Exo.30.7	8	H6999	he shall burn it.
Exo.30.8	1	H175	And when Aaron
Exo.30.8	2	H5927	lighteth
Exo.30.8	3	H5216	the lamps
Exo.30.8	4	H6153	at even,
Exo.30.8	5	H6999	he shall burn
Exo.30.8	6	H8548	it, a perpetual
Exo.30.8	7	H6999	incense
Exo.30.8	8	H6440	before
Exo.30.8	9	H3068	Jehovah
Exo.30.8	10	H1755	throughout your generations.
Exo.30.9	1	H5927	Ye shall offer
Exo.30.9	2	H2114	no strange
Exo.30.9	3	H7004	incense
Exo.30.9	4	H4503	thereon, nor burnt-offering,
Exo.30.9	5	H4503	nor meal-offering;
Exo.30.9	6	H5258	and ye shall pour
Exo.30.9	7	H5262	no drink-offering thereon.
Exo.30.10	1	H175	And Aaron
Exo.30.10	2	H3722	shall make atonement
Exo.30.10	3	H7161	upon the horns
Exo.30.10	4	H259	of it once
Exo.30.10	5	H8141	in the year;
Exo.30.10	6	H1818	with the blood
Exo.30.10	7	H2403	of the sin-offering
Exo.30.10	8	H3725	of atonement
Exo.30.10	9	H259	once
Exo.30.10	10	H8141	in the year
Exo.30.10	11	H3722	shall he make atonement
Exo.30.10	12	H1755	for it throughout your generations:
Exo.30.10	13	H6944	it is most
Exo.30.10	14	H6944	holy
Exo.30.10	15	H3068	unto Jehovah.
Exo.30.11	1	H3068	And Jehovah
Exo.30.11	2	H1696	spake
Exo.30.11	3	H4872	unto Moses,
Exo.30.11	4	H559	saying,
Exo.30.12	1	H5375	When thou takest
Exo.30.12	2	H7218	the sum
Exo.30.12	3	H1121	of the children
Exo.30.12	4	H3478	of Israel,
Exo.30.12	5	H6485	according to those that are numbered
Exo.30.12	6	H5414	of them, then shall they give
Exo.30.12	7	H376	every man
Exo.30.12	8	H3724	a ransom
Exo.30.12	9	H5315	for his soul
Exo.30.12	10	H3068	unto Jehovah,
Exo.30.12	11	H6485	when thou numberest
Exo.30.12	12	H5063	them; that there be no plague
Exo.30.12	13	H6485	among them, when thou numberest them.
Exo.30.13	1	H5414	This they shall give,
Exo.30.13	2	H5674	every one that passeth
Exo.30.13	3	H5921	over
Exo.30.13	4	H6485	unto them that are numbered:
Exo.30.13	5	H4276	half
Exo.30.13	6	H8255	a shekel
Exo.30.13	7	H8255	after the shekel
Exo.30.13	8	H6944	of the sanctuary
Exo.30.13	9	H8255	(the shekel
Exo.30.13	10	H6242	is twenty
Exo.30.13	11	H1626	gerahs),
Exo.30.13	12	H4276	half
Exo.30.13	13	H8255	a shekel
Exo.30.13	14	H8641	for an offering
Exo.30.13	15	H3068	to Jehovah.
Exo.30.14	1	H5674	Every one that passeth
Exo.30.14	2	H6485	over unto them that are numbered,
Exo.30.14	3	H6242	from twenty
Exo.30.14	4	H8141	years
Exo.30.14	5	H1121	old
Exo.30.14	6	H5414	and upward, shall give
Exo.30.14	7	H8641	the offering
Exo.30.14	8	H3068	of Jehovah.
Exo.30.15	1	H6223	The rich
Exo.30.15	2	H7235	shall not give more,
Exo.30.15	3	H1800	and the poor
Exo.30.15	4	H4591	shall not give less,
Exo.30.15	5	H4276	than the half
Exo.30.15	6	H8255	shekel,
Exo.30.15	7	H5414	when they give
Exo.30.15	8	H8641	the offering
Exo.30.15	9	H3068	of Jehovah,
Exo.30.15	10	H3722	to make atonement
Exo.30.15	11	H5315	for your souls.
Exo.30.16	1	H3947	And thou shalt take
Exo.30.16	2	H3725	the atonement
Exo.30.16	3	H3701	money
Exo.30.16	4	H1121	from the children
Exo.30.16	5	H3478	of Israel,
Exo.30.16	6	H5414	and shalt appoint
Exo.30.16	7	H5656	it for the service
Exo.30.16	8	H168	of the tent
Exo.30.16	9	H4150	of meeting;
Exo.30.16	10	H2146	that it may be a memorial
Exo.30.16	11	H1121	for the children
Exo.30.16	12	H3478	of Israel
Exo.30.16	13	H6440	before
Exo.30.16	14	H3068	Jehovah,
Exo.30.16	15	H3722	to make atonement
Exo.30.16	16	H5315	for your souls.
Exo.30.17	1	H3068	And Jehovah
Exo.30.17	2	H1696	spake
Exo.30.17	3	H4872	unto Moses,
Exo.30.17	4	H559	saying,
Exo.30.18	1	H6213	Thou shalt also make
Exo.30.18	2	H3595	a laver
Exo.30.18	3	H5178	of brass,
Exo.30.18	4	H3653	and the base
Exo.30.18	5	H5178	thereof of brass,
Exo.30.18	6	H7364	whereat to wash.
Exo.30.18	7	H5414	And thou shalt put
Exo.30.18	8	H168	it between the tent
Exo.30.18	9	H4150	of meeting
Exo.30.18	10	H4196	and the altar,
Exo.30.18	11	H5414	and thou shalt put
Exo.30.18	12	H4325	water therein.
Exo.30.19	1	H175	And Aaron
Exo.30.19	2	H1121	and his sons
Exo.30.19	3	H7364	shall wash
Exo.30.19	4	H3027	their hands
Exo.30.19	5	H7272	and their feet thereat:
Exo.30.20	1	H935	when they go
Exo.30.20	2	H168	into the tent
Exo.30.20	3	H4150	of meeting,
Exo.30.20	4	H7364	they shall wash
Exo.30.20	5	H4325	with water,
Exo.30.20	6	H4191	that they die
Exo.30.20	7	H5066	not; or when they come near
Exo.30.20	8	H4196	to the altar
Exo.30.20	9	H8334	to minister,
Exo.30.20	10	H6999	to burn an offering
Exo.30.20	11	H801	made by fire
Exo.30.20	12	H3068	unto Jehovah.
Exo.30.21	1	H7364	So they shall wash
Exo.30.21	2	H3027	their hands
Exo.30.21	3	H7272	and their feet,
Exo.30.21	4	H4191	that they die
Exo.30.21	5	H2706	not: and it shall be a statute
Exo.30.21	6	H5769	for ever
Exo.30.21	7	H2233	to them, even to him and to his seed
Exo.30.21	8	H1755	throughout their generations.
Exo.30.22	1	H3068	Moreover Jehovah
Exo.30.22	2	H1696	spake
Exo.30.22	3	H4872	unto Moses,
Exo.30.22	4	H559	saying,
Exo.30.23	1	H3947	Take
Exo.30.23	2	H7218	thou also unto thee the chief
Exo.30.23	3	H1314	spices:
Exo.30.23	4	H1865	of flowing
Exo.30.23	5	H4753	myrrh
Exo.30.23	6	H2568	five
Exo.30.23	7	H3967	hundred
Exo.30.23	8	H1314	<i>shekels</i>, and of sweet
Exo.30.23	9	H7076	cinnamon
Exo.30.23	10	H4276	half
Exo.30.23	11	H4276	so much,
Exo.30.23	12	H3967	even two hundred
Exo.30.23	13	H2572	and fifty,
Exo.30.23	14	H1314	and of sweet
Exo.30.23	15	H7070	calamus
Exo.30.23	16	H3967	two hundred
Exo.30.23	17	H2572	and fifty,
Exo.30.24	1	H6916	and of cassia
Exo.30.24	2	H2568	five
Exo.30.24	3	H3967	hundred,
Exo.30.24	4	H8255	after the shekel
Exo.30.24	5	H6944	of the sanctuary,
Exo.30.24	6	H2132	and of olive
Exo.30.24	7	H8081	oil
Exo.30.24	8	H1969	a hin;
Exo.30.25	1	H6213	and thou shalt make
Exo.30.25	2	H6944	it a holy
Exo.30.25	3	H4888	anointing
Exo.30.25	4	H8081	oil,
Exo.30.25	5	H7545	a perfume
Exo.30.25	6	H4842	compounded
Exo.30.25	7	H4639	after the art
Exo.30.25	8	H7543	of the perfumer:
Exo.30.25	9	H6944	it shall be a holy
Exo.30.25	10	H4888	anointing
Exo.30.25	11	H8081	oil.
Exo.30.26	1	H4886	And thou shalt anoint
Exo.30.26	2	H168	therewith the tent
Exo.30.26	3	H4150	of meeting,
Exo.30.26	4	H727	and the ark
Exo.30.26	5	H5715	of the testimony,
Exo.30.27	1	H7979	and the table
Exo.30.27	2	H3627	and all the vessels
Exo.30.27	3	H4501	thereof, and the candlestick
Exo.30.27	4	H3627	and the vessels
Exo.30.27	5	H4196	thereof, and the altar
Exo.30.27	6	H7004	of incense,
Exo.30.28	1	H4196	and the altar
Exo.30.28	2	H5930	of burnt-offering
Exo.30.28	3	H3627	with all the vessels
Exo.30.28	4	H3595	thereof, and the laver
Exo.30.28	5	H3653	and the base thereof.
Exo.30.29	1	H6942	And thou shalt sanctify
Exo.30.29	2	H6944	them, that they may be most
Exo.30.29	3	H6944	holy:
Exo.30.29	4	H5060	whatsoever toucheth
Exo.30.29	5	H6942	them shall be holy.
Exo.30.30	1	H4886	And thou shalt anoint
Exo.30.30	2	H175	Aaron
Exo.30.30	3	H1121	and his sons,
Exo.30.30	4	H6942	and sanctify
Exo.30.30	5	H3547	them, that they may minister unto me in the priest's office.
Exo.30.31	1	H1696	And thou shalt speak
Exo.30.31	2	H1121	unto the children
Exo.30.31	3	H3478	of Israel,
Exo.30.31	4	H559	saying,
Exo.30.31	5	H6944	This shall be a holy
Exo.30.31	6	H4888	anointing
Exo.30.31	7	H8081	oil
Exo.30.31	8	H1755	unto me throughout your generations.
Exo.30.32	1	H1320	Upon the flesh
Exo.30.32	2	H120	of man
Exo.30.32	3	H3251	shall it not be poured,
Exo.30.32	4	H6213	neither shall ye make
Exo.30.32	5	H4971	any like it, according to the composition
Exo.30.32	6	H6944	thereof: it is holy,
Exo.30.32	7	H6944	<i>and</i> it shall be holy unto you.
Exo.30.33	1	H834	Whosoever
Exo.30.33	2	H7543	compoundeth
Exo.30.33	3	H5414	any like it, or whosoever putteth
Exo.30.33	4	H2114	any of it upon a stranger,
Exo.30.33	5	H3772	he shall be cut
Exo.30.33	6	H5971	off from his people.
Exo.30.34	1	H3068	And Jehovah
Exo.30.34	2	H559	said
Exo.30.34	3	H4872	unto Moses,
Exo.30.34	4	H3947	Take
Exo.30.34	5	H5561	unto thee sweet spices,
Exo.30.34	6	H5198	stacte,
Exo.30.34	7	H7827	and onycha,
Exo.30.34	8	H2464	and galbanum;
Exo.30.34	9	H5561	sweet
Exo.30.34	10	H5561	spices
Exo.30.34	11	H2134	with pure
Exo.30.34	12	H3828	frankincense:
Exo.30.34	13	H905	of each
Exo.30.34	14	H905	shall there be a like weight;
Exo.30.35	1	H6213	and thou shalt make
Exo.30.35	2	H7004	of it incense,
Exo.30.35	3	H7004	a perfume
Exo.30.35	4	H4639	after the art
Exo.30.35	5	H7543	of the perfumer,
Exo.30.35	6	H4414	seasoned
Exo.30.35	7	H2889	with salt, pure
Exo.30.35	8	H6944	<i>and</i> holy:
Exo.30.36	1	H7833	and thou shalt beat
Exo.30.36	2	H1854	some of it very small,
Exo.30.36	3	H5414	and put
Exo.30.36	4	H6440	of it before
Exo.30.36	5	H5715	the testimony
Exo.30.36	6	H168	in the tent
Exo.30.36	7	H4150	of meeting,
Exo.30.36	8	H3259	where I will meet
Exo.30.36	9	H6944	with thee: it shall be unto you most
Exo.30.36	10	H6944	holy.
Exo.30.37	1	H7004	And the incense
Exo.30.37	2	H6213	which thou shalt make,
Exo.30.37	3	H4971	according to the composition
Exo.30.37	4	H6213	thereof ye shall not make
Exo.30.37	5	H6944	for yourselves: it shall be unto thee holy
Exo.30.37	6	H3068	for Jehovah.
Exo.30.38	1	H834	Whosoever
Exo.30.38	2	H6213	shall make
Exo.30.38	3	H7306	like unto that, to smell
Exo.30.38	4	H3772	thereof, he shall be cut off
Exo.30.38	5	H5971	from his people.
Exo.31.1	1	H3068	And Jehovah
Exo.31.1	2	H1696	spake
Exo.31.1	3	H4872	unto Moses,
Exo.31.1	4	H559	saying,
Exo.31.2	1	H7200	See,
Exo.31.2	2	H7121	I have called
Exo.31.2	3	H8034	by name
Exo.31.2	4	H1212	Bezalel
Exo.31.2	5	H1121	the son
Exo.31.2	6	H221	of Uri,
Exo.31.2	7	H1121	the son
Exo.31.2	8	H2354	of Hur,
Exo.31.2	9	H4294	of the tribe
Exo.31.2	10	H3063	of Judah:
Exo.31.3	1	H4390	and I have filled
Exo.31.3	2	H7307	him with the Spirit
Exo.31.3	3	H430	of God,
Exo.31.3	4	H2451	in wisdom,
Exo.31.3	5	H8394	and in understanding,
Exo.31.3	6	H1847	and in knowledge,
Exo.31.3	7	H4399	and in all manner of workmanship,
Exo.31.4	1	H2803	to devise
Exo.31.4	2	H4284	skilful works,
Exo.31.4	3	H6213	to work
Exo.31.4	4	H2091	in gold,
Exo.31.4	5	H3701	and in silver,
Exo.31.4	6	H5178	and in brass,
Exo.31.5	1	H2799	and in cutting
Exo.31.5	2	H68	of stones
Exo.31.5	3	H4390	for setting,
Exo.31.5	4	H2799	and in carving
Exo.31.5	5	H6086	of wood,
Exo.31.5	6	H6213	to work
Exo.31.5	7	H4399	in all manner of workmanship.
Exo.31.6	1	H5414	And I, behold, I have appointed
Exo.31.6	2	H171	with him Oholiab,
Exo.31.6	3	H1121	the son
Exo.31.6	4	H294	of Ahisamach,
Exo.31.6	5	H4294	of the tribe
Exo.31.6	6	H1835	of Dan;
Exo.31.6	7	H3820	and in the heart
Exo.31.6	8	H2450	of all that are
Exo.31.6	9	H3820	wise-hearted
Exo.31.6	10	H5414	I have put
Exo.31.6	11	H2451	wisdom,
Exo.31.6	12	H6213	that they may make
Exo.31.6	13	H6680	all that I have commanded thee:
Exo.31.7	1	H168	the tent
Exo.31.7	2	H4150	of meeting,
Exo.31.7	3	H727	and the ark
Exo.31.7	4	H5715	of the testimony,
Exo.31.7	5	H3727	and the mercy-seat
Exo.31.7	6	H3627	that is thereupon, and all the furniture
Exo.31.7	7	H168	of the Tent,
Exo.31.8	1	H7979	and the table
Exo.31.8	2	H3627	and its vessels,
Exo.31.8	3	H2889	and the pure
Exo.31.8	4	H4501	candlestick
Exo.31.8	5	H3627	with all its vessels,
Exo.31.8	6	H4196	and the altar
Exo.31.8	7	H7004	of incense,
Exo.31.9	1	H4196	and the altar
Exo.31.9	2	H5930	of burnt-offering
Exo.31.9	3	H3627	with all its vessels,
Exo.31.9	4	H3595	and the laver
Exo.31.9	5	H3653	and its base,
Exo.31.10	1	H8278	and the finely wrought
Exo.31.10	2	H899	garments,
Exo.31.10	3	H6944	and the holy
Exo.31.10	4	H899	garments
Exo.31.10	5	H175	for Aaron
Exo.31.10	6	H3548	the priest,
Exo.31.10	7	H899	and the garments
Exo.31.10	8	H1121	of his sons,
Exo.31.10	9	H3547	to minister in the priest's office,
Exo.31.11	1	H4888	and the anointing
Exo.31.11	2	H8081	oil,
Exo.31.11	3	H7004	and the incense
Exo.31.11	4	H5561	of sweet
Exo.31.11	5	H6944	spices for the holy
Exo.31.11	6	H6680	place: according to all that I have commanded
Exo.31.11	7	H6213	thee shall they do.
Exo.31.12	1	H3068	And Jehovah
Exo.31.12	2	H559	spake
Exo.31.12	3	H4872	unto Moses,
Exo.31.12	4	H559	saying,
Exo.31.13	1	H1696	Speak
Exo.31.13	2	H1121	thou also unto the children
Exo.31.13	3	H3478	of Israel,
Exo.31.13	4	H559	saying,
Exo.31.13	5	H389	Verily
Exo.31.13	6	H8104	ye shall keep
Exo.31.13	7	H7676	my sabbaths:
Exo.31.13	8	H226	for it is a sign
Exo.31.13	9	H1755	between me and you throughout your generations;
Exo.31.13	10	H3045	that ye may know
Exo.31.13	11	H3068	that I am Jehovah
Exo.31.13	12	H6942	who sanctifieth you.
Exo.31.14	1	H8104	Ye shall keep
Exo.31.14	2	H7676	the sabbath
Exo.31.14	3	H6944	therefore; for it is holy
Exo.31.14	4	H2490	unto you: every one that profaneth
Exo.31.14	5	H4191	it shall surely
Exo.31.14	6	H4191	be put to death;
Exo.31.14	7	H6213	for whosoever doeth
Exo.31.14	8	H4399	any work
Exo.31.14	9	H5315	therein, that soul
Exo.31.14	10	H3772	shall be cut off
Exo.31.14	11	H7130	from among
Exo.31.14	12	H5971	his people.
Exo.31.15	1	H8337	Six
Exo.31.15	2	H3117	days
Exo.31.15	3	H4399	shall work
Exo.31.15	4	H6213	be done;
Exo.31.15	5	H7637	but on the seventh
Exo.31.15	6	H7676	day is a sabbath
Exo.31.15	7	H7677	of solemn rest,
Exo.31.15	8	H6944	holy
Exo.31.15	9	H3068	to Jehovah;
Exo.31.15	10	H6213	whosoever doeth
Exo.31.15	11	H4399	any work
Exo.31.15	12	H7676	on the sabbath
Exo.31.15	13	H3117	day,
Exo.31.15	14	H4191	he shall surely
Exo.31.15	15	H4191	be put to death.
Exo.31.16	1	H1121	Wherefore the children
Exo.31.16	2	H3478	of Israel
Exo.31.16	3	H8104	shall keep
Exo.31.16	4	H7676	the sabbath,
Exo.31.16	5	H6213	to observe
Exo.31.16	6	H7676	the sabbath
Exo.31.16	7	H1755	throughout their generations,
Exo.31.16	8	H5769	for a perpetual
Exo.31.16	9	H1285	covenant.
Exo.31.17	1	H226	It is a sign
Exo.31.17	2	H1121	between me and the children
Exo.31.17	3	H3478	of Israel
Exo.31.17	4	H5769	for ever:
Exo.31.17	5	H8337	for in six
Exo.31.17	6	H3117	days
Exo.31.17	7	H3068	Jehovah
Exo.31.17	8	H6213	made
Exo.31.17	9	H8064	heaven
Exo.31.17	10	H776	and earth,
Exo.31.17	11	H7637	and on the seventh
Exo.31.17	12	H3117	day
Exo.31.17	13	H7673	he rested,
Exo.31.17	14	H5314	and was refreshed.
Exo.31.18	1	H5414	And he gave
Exo.31.18	2	H4872	unto Moses,
Exo.31.18	3	H3615	when he had made an end
Exo.31.18	4	H1696	of communing
Exo.31.18	5	H2022	with him upon mount
Exo.31.18	6	H5514	Sinai,
Exo.31.18	7	H8147	the two
Exo.31.18	8	H3871	tables
Exo.31.18	9	H5715	of the testimony,
Exo.31.18	10	H3871	tables
Exo.31.18	11	H68	of stone,
Exo.31.18	12	H3789	written
Exo.31.18	13	H676	with the finger
Exo.31.18	14	H430	of God.
Exo.32.1	1	H5971	And when the people
Exo.32.1	2	H7200	saw
Exo.32.1	3	H4872	that Moses
Exo.32.1	4	H954	delayed
Exo.32.1	5	H3381	to come down
Exo.32.1	6	H2022	from the mount,
Exo.32.1	7	H5971	the people
Exo.32.1	8	H6950	gathered themselves together
Exo.32.1	9	H175	unto Aaron,
Exo.32.1	10	H559	and said
Exo.32.1	11	H6965	unto him, Up,
Exo.32.1	12	H6213	make
Exo.32.1	13	H430	us gods,
Exo.32.1	14	H3212	which shall go
Exo.32.1	15	H6440	before
Exo.32.1	16	H4872	us; for as for this Moses,
Exo.32.1	17	H376	the man
Exo.32.1	18	H5927	that brought
Exo.32.1	19	H776	us up out of the land
Exo.32.1	20	H4714	of Egypt,
Exo.32.1	21	H3045	we know not what is become of him.
Exo.32.2	1	H175	And Aaron
Exo.32.2	2	H559	said
Exo.32.2	3	H6561	unto them, Break off
Exo.32.2	4	H2091	the golden
Exo.32.2	5	H5141	rings,
Exo.32.2	6	H241	which are in the ears
Exo.32.2	7	H802	of your wives,
Exo.32.2	8	H1121	of your sons,
Exo.32.2	9	H1323	and of your daughters,
Exo.32.2	10	H935	and bring them unto me.
Exo.32.3	1	H5971	And all the people
Exo.32.3	2	H6561	brake off
Exo.32.3	3	H2091	the golden
Exo.32.3	4	H5141	rings
Exo.32.3	5	H241	which were in their ears,
Exo.32.3	6	H935	and brought
Exo.32.3	7	H175	them unto Aaron.
Exo.32.4	1	H3947	And he received
Exo.32.4	2	H3027	it at their hand,
Exo.32.4	3	H6696	and fashioned
Exo.32.4	4	H2747	it with a graving tool,
Exo.32.4	5	H6213	and made
Exo.32.4	6	H4541	it a molten
Exo.32.4	7	H5695	calf:
Exo.32.4	8	H559	and they said,
Exo.32.4	9	H430	These are thy gods,
Exo.32.4	10	H3478	O Israel,
Exo.32.4	11	H5927	which brought
Exo.32.4	12	H776	thee up out of the land
Exo.32.4	13	H4714	of Egypt. <i></i>
Exo.32.5	1	H175	<i>And</i> <i>when</i> <i>Aaron</i>
Exo.32.5	2	H7200	<i>saw</i>
Exo.32.5	3	H1129	<i>this</i>, he built
Exo.32.5	4	H4196	an altar
Exo.32.5	5	H6440	before
Exo.32.5	6	H175	it; and Aaron
Exo.32.5	7	H7121	made proclamation,
Exo.32.5	8	H559	and said,
Exo.32.5	9	H4279	To-morrow
Exo.32.5	10	H2282	shall be a feast
Exo.32.5	11	H3068	to Jehovah.
Exo.32.6	1	H7925	And they rose up early
Exo.32.6	2	H4283	on the morrow,
Exo.32.6	3	H5927	and offered
Exo.32.6	4	H5930	burnt-offerings,
Exo.32.6	5	H5066	and brought
Exo.32.6	6	H8002	peace-offerings;
Exo.32.6	7	H5971	and the people
Exo.32.6	8	H3427	sat
Exo.32.6	9	H398	down to eat
Exo.32.6	10	H8354	and to drink,
Exo.32.6	11	H6965	and rose up
Exo.32.6	12	H6711	to play.
Exo.32.7	1	H3068	And Jehovah
Exo.32.7	2	H1696	spake
Exo.32.7	3	H4872	unto Moses,
Exo.32.7	4	H3212	Go,
Exo.32.7	5	H3381	get thee down;
Exo.32.7	6	H5971	for thy people,
Exo.32.7	7	H5927	that thou broughtest
Exo.32.7	8	H776	up out of the land
Exo.32.7	9	H4714	of Egypt,
Exo.32.7	10	H7843	have corrupted themselves:
Exo.32.8	1	H5493	they have turned
Exo.32.8	2	H4118	aside quickly
Exo.32.8	3	H1870	out of the way
Exo.32.8	4	H6680	which I commanded
Exo.32.8	5	H6213	them: they have made
Exo.32.8	6	H4541	them a molten
Exo.32.8	7	H5695	calf,
Exo.32.8	8	H7812	and have worshipped
Exo.32.8	9	H2076	it, and have sacrificed
Exo.32.8	10	H559	unto it, and said,
Exo.32.8	11	H430	These are thy gods,
Exo.32.8	12	H3478	O Israel,
Exo.32.8	13	H5927	which brought thee up
Exo.32.8	14	H776	out of the land
Exo.32.8	15	H4714	of Egypt.
Exo.32.9	1	H3068	And Jehovah
Exo.32.9	2	H559	said
Exo.32.9	3	H4872	unto Moses,
Exo.32.9	4	H7200	I have seen
Exo.32.9	5	H5971	this people,
Exo.32.9	6	H7186	and, behold, it is a stiffnecked
Exo.32.9	7	H5971	people:
Exo.32.10	1	H3240	now therefore let me alone,
Exo.32.10	2	H639	that my wrath
Exo.32.10	3	H2734	may wax hot
Exo.32.10	4	H3615	against them, and that I may consume
Exo.32.10	5	H6213	them: and I will make
Exo.32.10	6	H1419	of thee a great
Exo.32.10	7	H1471	nation.
Exo.32.11	1	H4872	And Moses
Exo.32.11	2	H2470	besought
Exo.32.11	3	H3068	Jehovah
Exo.32.11	4	H430	his God,
Exo.32.11	5	H559	and said,
Exo.32.11	6	H3068	Jehovah,
Exo.32.11	7	H639	why doth thy wrath
Exo.32.11	8	H2734	wax hot
Exo.32.11	9	H5971	against thy people,
Exo.32.11	10	H3318	that thou hast brought forth
Exo.32.11	11	H776	out of the land
Exo.32.11	12	H4714	of Egypt
Exo.32.11	13	H1419	with great
Exo.32.11	14	H3581	power
Exo.32.11	15	H2389	and with a mighty
Exo.32.11	16	H3027	hand?
Exo.32.12	1	H4714	Wherefore should the Egyptians
Exo.32.12	2	H559	speak,
Exo.32.12	3	H559	saying,
Exo.32.12	4	H7451	For evil
Exo.32.12	5	H3318	did he bring
Exo.32.12	6	H2026	them forth, to slay
Exo.32.12	7	H2022	them in the mountains,
Exo.32.12	8	H3615	and to consume
Exo.32.12	9	H6440	them from the face
Exo.32.12	10	H127	of the earth?
Exo.32.12	11	H7725	Turn
Exo.32.12	12	H2740	from thy fierce
Exo.32.12	13	H639	wrath,
Exo.32.12	14	H5162	and repent
Exo.32.12	15	H7451	of this evil
Exo.32.12	16	H5971	against thy people.
Exo.32.13	1	H2142	Remember
Exo.32.13	2	H85	Abraham,
Exo.32.13	3	H3327	Isaac,
Exo.32.13	4	H3478	and Israel,
Exo.32.13	5	H5650	thy servants,
Exo.32.13	6	H7650	to whom thou swarest
Exo.32.13	7	H1696	by thine own self, and saidst
Exo.32.13	8	H7235	unto them, I will multiply
Exo.32.13	9	H2233	your seed
Exo.32.13	10	H3556	as the stars
Exo.32.13	11	H8064	of heaven,
Exo.32.13	12	H776	and all this land
Exo.32.13	13	H559	that I have spoken
Exo.32.13	14	H5414	of will I give
Exo.32.13	15	H2233	unto your seed,
Exo.32.13	16	H5157	and they shall inherit
Exo.32.13	17	H5769	it for ever.
Exo.32.14	1	H3068	And Jehovah
Exo.32.14	2	H5162	repented
Exo.32.14	3	H7451	of the evil
Exo.32.14	4	H1696	which he said
Exo.32.14	5	H6213	he would do
Exo.32.14	6	H5971	unto his people.
Exo.32.15	1	H4872	And Moses
Exo.32.15	2	H6437	turned,
Exo.32.15	3	H3381	and went down
Exo.32.15	4	H2022	from the mount,
Exo.32.15	5	H8147	with the two
Exo.32.15	6	H3871	tables
Exo.32.15	7	H5715	of the testimony
Exo.32.15	8	H3027	in his hand;
Exo.32.15	9	H3871	tables
Exo.32.15	10	H3789	that were written
Exo.32.15	11	H8147	on both
Exo.32.15	12	H5676	their sides;
Exo.32.15	13	H3789	on the one side and on the other were they written.
Exo.32.16	1	H3871	And the tables
Exo.32.16	2	H4639	were the work
Exo.32.16	3	H430	of God,
Exo.32.16	4	H4385	and the writing
Exo.32.16	5	H4385	was the writing
Exo.32.16	6	H430	of God,
Exo.32.16	7	H2801	graven
Exo.32.16	8	H3871	upon the tables.
Exo.32.17	1	H3091	And when Joshua
Exo.32.17	2	H8085	heard
Exo.32.17	3	H6963	the noise
Exo.32.17	4	H5971	of the people
Exo.32.17	5	H7452	as they shouted,
Exo.32.17	6	H559	he said
Exo.32.17	7	H4872	unto Moses,
Exo.32.17	8	H6963	There is a noise
Exo.32.17	9	H4421	of war
Exo.32.17	10	H4264	in the camp.
Exo.32.18	1	H559	And he said,
Exo.32.18	2	H6963	It is not the voice
Exo.32.18	3	H6030	of them that shout
Exo.32.18	4	H1369	for mastery,
Exo.32.18	5	H6963	neither is it the voice
Exo.32.18	6	H6030	of them that cry
Exo.32.18	7	H2476	for being overcome;
Exo.32.18	8	H6963	but the noise
Exo.32.18	9	H6031	of them that sing
Exo.32.18	10	H8085	do I hear.
Exo.32.19	1	H7126	And it came to pass, as soon as he came nigh
Exo.32.19	2	H4264	unto the camp,
Exo.32.19	3	H7200	that he saw
Exo.32.19	4	H5695	the calf
Exo.32.19	5	H4246	and the dancing:
Exo.32.19	6	H4872	and Moses'
Exo.32.19	7	H639	anger
Exo.32.19	8	H2734	waxed hot,
Exo.32.19	9	H7993	and he cast
Exo.32.19	10	H3871	the tables
Exo.32.19	11	H3027	out of his hands,
Exo.32.19	12	H7665	and brake
Exo.32.19	13	H8478	them beneath
Exo.32.19	14	H2022	the mount.
Exo.32.20	1	H3947	And he took
Exo.32.20	2	H5695	the calf
Exo.32.20	3	H6213	which they had made,
Exo.32.20	4	H8313	and burnt
Exo.32.20	5	H784	it with fire,
Exo.32.20	6	H2912	and ground
Exo.32.20	7	H1854	it to powder,
Exo.32.20	8	H2219	and strewed
Exo.32.20	9	H6440	it upon
Exo.32.20	10	H4325	the water,
Exo.32.20	11	H1121	and made the children
Exo.32.20	12	H3478	of Israel
Exo.32.20	13	H8248	drink of it.
Exo.32.21	1	H4872	And Moses
Exo.32.21	2	H559	said
Exo.32.21	3	H175	unto Aaron,
Exo.32.21	4	H6213	What did
Exo.32.21	5	H5971	this people
Exo.32.21	6	H935	unto thee, that thou hast brought
Exo.32.21	7	H1419	a great
Exo.32.21	8	H2401	sin upon them?
Exo.32.22	1	H175	And Aaron
Exo.32.22	2	H559	said,
Exo.32.22	3	H639	Let not the anger
Exo.32.22	4	H113	of my lord
Exo.32.22	5	H2734	wax hot:
Exo.32.22	6	H3045	thou knowest
Exo.32.22	7	H5971	the people,
Exo.32.22	8	H7451	that they are <i>set</i> on evil.
Exo.32.23	1	H559	For they said
Exo.32.23	2	H6213	unto me, Make
Exo.32.23	3	H430	us gods,
Exo.32.23	4	H3212	which shall go
Exo.32.23	5	H6440	before
Exo.32.23	6	H4872	us; for as for this Moses,
Exo.32.23	7	H376	the man
Exo.32.23	8	H5927	that brought us up
Exo.32.23	9	H776	out of the land
Exo.32.23	10	H4714	of Egypt,
Exo.32.23	11	H3045	we know not what is become of him.
Exo.32.24	1	H559	And I said
Exo.32.24	2	H2091	unto them, Whosoever hath any gold,
Exo.32.24	3	H6561	let them break
Exo.32.24	4	H5414	it off: so they gave
Exo.32.24	5	H7993	it me; and I cast
Exo.32.24	6	H784	it into the fire,
Exo.32.24	7	H3318	and there came out
Exo.32.24	8	H5695	this calf.
Exo.32.25	1	H4872	And when Moses
Exo.32.25	2	H7200	saw
Exo.32.25	3	H5971	that the people
Exo.32.25	4	H6544	were broken loose
Exo.32.25	5	H175	(for Aaron
Exo.32.25	6	H6544	had let them loose
Exo.32.25	7	H8103	for a derision
Exo.32.25	8	H6965	among their enemies),
Exo.32.26	1	H4872	then Moses
Exo.32.26	2	H5975	stood
Exo.32.26	3	H8179	in the gate
Exo.32.26	4	H4264	of the camp,
Exo.32.26	5	H559	and said,
Exo.32.26	6	H3068	Whoso is on Jehovah's
Exo.32.26	7	H1121	side, <i>let</i> <i>him</i> <i>come</i> unto me. And all the sons
Exo.32.26	8	H3878	of Levi
Exo.32.26	9	H622	gathered themselves together unto him.
Exo.32.27	1	H559	And he said
Exo.32.27	2	H559	unto them, Thus saith
Exo.32.27	3	H3068	Jehovah,
Exo.32.27	4	H430	the God
Exo.32.27	5	H3478	of Israel,
Exo.32.27	6	H7760	Put
Exo.32.27	7	H376	ye every man
Exo.32.27	8	H2719	his sword
Exo.32.27	9	H3409	upon his thigh,
Exo.32.27	10	H5674	and go
Exo.32.27	11	H7725	to
Exo.32.27	12	H8179	and fro from gate
Exo.32.27	13	H8179	to gate
Exo.32.27	14	H4264	throughout the camp,
Exo.32.27	15	H2026	and slay
Exo.32.27	16	H376	every man
Exo.32.27	17	H251	his brother,
Exo.32.27	18	H376	and every man
Exo.32.27	19	H7453	his companion,
Exo.32.27	20	H376	and every man
Exo.32.27	21	H7138	his neighbor.
Exo.32.28	1	H1121	And the sons
Exo.32.28	2	H3878	of Levi
Exo.32.28	3	H6213	did
Exo.32.28	4	H1697	according to the word
Exo.32.28	5	H4872	of Moses:
Exo.32.28	6	H5307	and there fell
Exo.32.28	7	H5971	of the people
Exo.32.28	8	H3117	that day
Exo.32.28	9	H7969	about three
Exo.32.28	10	H505	thousand
Exo.32.28	11	H376	men.
Exo.32.29	1	H4872	And Moses
Exo.32.29	2	H559	said,
Exo.32.29	3	H4390	Consecrate yourselves
Exo.32.29	4	H3117	to-day
Exo.32.29	5	H3068	to Jehovah,
Exo.32.29	6	H3588	yea,
Exo.32.29	7	H376	every man
Exo.32.29	8	H1121	against his son,
Exo.32.29	9	H251	and against his brother;
Exo.32.29	10	H5414	that he may bestow
Exo.32.29	11	H1293	upon you a blessing
Exo.32.29	12	H3117	this day.
Exo.32.30	1	H4283	And it came to pass on the morrow,
Exo.32.30	2	H4872	that Moses
Exo.32.30	3	H559	said
Exo.32.30	4	H5971	unto the people,
Exo.32.30	5	H2398	Ye have sinned
Exo.32.30	6	H1419	a great
Exo.32.30	7	H2401	sin:
Exo.32.30	8	H5927	and now I will go up
Exo.32.30	9	H3068	unto Jehovah;
Exo.32.30	10	H194	peradventure
Exo.32.30	11	H3722	I shall make atonement
Exo.32.30	12	H1157	for
Exo.32.30	13	H2403	your sin.
Exo.32.31	1	H4872	And Moses
Exo.32.31	2	H7725	returned
Exo.32.31	3	H3068	unto Jehovah,
Exo.32.31	4	H559	and said,
Exo.32.31	5	H577	Oh,
Exo.32.31	6	H5971	this people
Exo.32.31	7	H2398	have sinned
Exo.32.31	8	H1419	a great
Exo.32.31	9	H2401	sin,
Exo.32.31	10	H6213	and have made
Exo.32.31	11	H430	them gods
Exo.32.31	12	H2091	of gold.
Exo.32.32	1	H5375	Yet now, if thou wilt forgive
Exo.32.32	2	H2403	their sin—;
Exo.32.32	3	H4229	and if not, blot
Exo.32.32	4	H5612	me, I pray thee, out of thy book
Exo.32.32	5	H3789	which thou hast written.
Exo.32.33	1	H3068	And Jehovah
Exo.32.33	2	H559	said
Exo.32.33	3	H4872	unto Moses,
Exo.32.33	4	H834	Whosoever
Exo.32.33	5	H2398	hath sinned
Exo.32.33	6	H4229	against me, him will I blot out
Exo.32.33	7	H5612	of my book.
Exo.32.34	1	H3212	And now go,
Exo.32.34	2	H5148	lead
Exo.32.34	3	H5971	the people
Exo.32.34	4	H1696	unto <i>the</i> <i>place</i> of which I have spoken
Exo.32.34	5	H4397	unto thee: behold, mine angel
Exo.32.34	6	H3212	shall go
Exo.32.34	7	H6440	before
Exo.32.34	8	H3117	thee; nevertheless in the day
Exo.32.34	9	H6485	when I visit,
Exo.32.34	10	H6485	I will visit
Exo.32.34	11	H2403	their sin upon them.
Exo.32.35	1	H3068	And Jehovah
Exo.32.35	2	H5062	smote
Exo.32.35	3	H5971	the people,
Exo.32.35	4	H834	because
Exo.32.35	5	H6213	they made
Exo.32.35	6	H5695	the calf,
Exo.32.35	7	H834	which
Exo.32.35	8	H175	Aaron
Exo.32.35	9	H6213	made.
Exo.33.1	1	H3068	And Jehovah
Exo.33.1	2	H1696	spake
Exo.33.1	3	H4872	unto Moses,
Exo.33.1	4	H3212	Depart,
Exo.33.1	5	H5927	go up
Exo.33.1	6	H5971	hence, thou and the people
Exo.33.1	7	H5927	that thou hast brought up
Exo.33.1	8	H776	out of the land
Exo.33.1	9	H4714	of Egypt,
Exo.33.1	10	H776	unto the land
Exo.33.1	11	H7650	of which I sware
Exo.33.1	12	H85	unto Abraham,
Exo.33.1	13	H3327	to Isaac,
Exo.33.1	14	H3290	and to Jacob,
Exo.33.1	15	H559	saying,
Exo.33.1	16	H2233	Unto thy seed
Exo.33.1	17	H5414	will I give it:
Exo.33.2	1	H7971	and I will send
Exo.33.2	2	H4397	an angel
Exo.33.2	3	H6440	before
Exo.33.2	4	H1644	thee; and I will drive out
Exo.33.2	5	H3669	the Canaanite,
Exo.33.2	6	H567	the Amorite,
Exo.33.2	7	H2850	and the Hittite,
Exo.33.2	8	H6522	and the Perizzite,
Exo.33.2	9	H2340	the Hivite,
Exo.33.2	10	H2983	and the Jebusite:
Exo.33.3	1	H776	unto a land
Exo.33.3	2	H2100	flowing
Exo.33.3	3	H2461	with milk
Exo.33.3	4	H1706	and honey:
Exo.33.3	5	H5927	for I will not go up
Exo.33.3	6	H7130	in the midst
Exo.33.3	7	H7186	of thee; for thou art a stiffnecked
Exo.33.3	8	H5971	people;
Exo.33.3	9	H3615	lest I consume
Exo.33.3	10	H1870	thee in the way.
Exo.33.4	1	H5971	And when the people
Exo.33.4	2	H8085	heard
Exo.33.4	3	H7451	these evil
Exo.33.4	4	H1697	tidings,
Exo.33.4	5	H56	they mourned:
Exo.33.4	6	H376	and no man
Exo.33.4	7	H7896	did put
Exo.33.4	8	H5716	on him his ornaments.
Exo.33.5	1	H3068	And Jehovah
Exo.33.5	2	H559	said
Exo.33.5	3	H4872	unto Moses,
Exo.33.5	4	H559	Say
Exo.33.5	5	H1121	unto the children
Exo.33.5	6	H3478	of Israel,
Exo.33.5	7	H7186	Ye are a stiffnecked
Exo.33.5	8	H5971	people;
Exo.33.5	9	H5927	if I go up
Exo.33.5	10	H7130	into the midst
Exo.33.5	11	H259	of thee for one
Exo.33.5	12	H7281	moment,
Exo.33.5	13	H3615	I shall consume
Exo.33.5	14	H3381	thee: therefore now put off
Exo.33.5	15	H5716	thy ornaments
Exo.33.5	16	H3045	from thee, that I may know
Exo.33.5	17	H6213	what to do unto thee.
Exo.33.6	1	H1121	And the children
Exo.33.6	2	H3478	of Israel
Exo.33.6	3	H5337	stripped
Exo.33.6	4	H5716	themselves of their ornaments
Exo.33.6	5	H2022	from mount
Exo.33.6	6	H2722	Horeb onward.
Exo.33.7	1	H4872	Now Moses
Exo.33.7	2	H3947	used to take
Exo.33.7	3	H168	the tent
Exo.33.7	4	H5186	and to pitch
Exo.33.7	5	H2351	it without
Exo.33.7	6	H4264	the camp,
Exo.33.7	7	H7368	afar off
Exo.33.7	8	H4264	from the camp;
Exo.33.7	9	H7121	and he called
Exo.33.7	10	H168	it, The tent
Exo.33.7	11	H4150	of meeting.
Exo.33.7	12	H1245	And it came to pass, that every one that sought
Exo.33.7	13	H3068	Jehovah
Exo.33.7	14	H3318	went out
Exo.33.7	15	H168	unto the tent
Exo.33.7	16	H4150	of meeting,
Exo.33.7	17	H2351	which was without
Exo.33.7	18	H4264	the camp.
Exo.33.8	1	H4872	And it came to pass, when Moses
Exo.33.8	2	H3318	went out
Exo.33.8	3	H168	unto the Tent,
Exo.33.8	4	H5971	that all the people
Exo.33.8	5	H6965	rose up,
Exo.33.8	6	H5324	and stood,
Exo.33.8	7	H376	every man
Exo.33.8	8	H168	at his tent
Exo.33.8	9	H6607	door,
Exo.33.8	10	H5027	and looked
Exo.33.8	11	H310	after
Exo.33.8	12	H4872	Moses,
Exo.33.8	13	H935	until he was gone
Exo.33.8	14	H168	into the Tent.
Exo.33.9	1	H4872	And it came to pass, when Moses
Exo.33.9	2	H935	entered
Exo.33.9	3	H168	into the Tent,
Exo.33.9	4	H5982	the pillar
Exo.33.9	5	H6051	of cloud
Exo.33.9	6	H3381	descended,
Exo.33.9	7	H5975	and stood
Exo.33.9	8	H6607	at the door
Exo.33.9	9	H168	of the Tent:
Exo.33.9	10	H1696	and <i>Jehovah</i> spake
Exo.33.9	11	H4872	with Moses.
Exo.33.10	1	H5971	And all the people
Exo.33.10	2	H7200	saw
Exo.33.10	3	H5982	the pillar
Exo.33.10	4	H6051	of cloud
Exo.33.10	5	H5975	stand
Exo.33.10	6	H6607	at the door
Exo.33.10	7	H168	of the Tent:
Exo.33.10	8	H5971	and all the people
Exo.33.10	9	H6965	rose up
Exo.33.10	10	H7812	and worshipped,
Exo.33.10	11	H376	every man
Exo.33.10	12	H168	at his tent
Exo.33.10	13	H6607	door.
Exo.33.11	1	H3068	And Jehovah
Exo.33.11	2	H1696	spake
Exo.33.11	3	H4872	unto Moses
Exo.33.11	4	H6440	face
Exo.33.11	5	H6440	to face,
Exo.33.11	6	H376	as a man
Exo.33.11	7	H1696	speaketh
Exo.33.11	8	H7453	unto his friend.
Exo.33.11	9	H7725	And he turned again
Exo.33.11	10	H4264	into the camp:
Exo.33.11	11	H8334	but his minister
Exo.33.11	12	H3091	Joshua,
Exo.33.11	13	H1121	the son
Exo.33.11	14	H5126	of Nun,
Exo.33.11	15	H5288	a young man,
Exo.33.11	16	H4185	departed
Exo.33.11	17	H4185	not out
Exo.33.11	18	H168	of the Tent.
Exo.33.12	1	H4872	And Moses
Exo.33.12	2	H559	said
Exo.33.12	3	H3068	unto Jehovah,
Exo.33.12	4	H7200	See,
Exo.33.12	5	H559	thou sayest
Exo.33.12	6	H5927	unto me, Bring up
Exo.33.12	7	H5971	this people:
Exo.33.12	8	H3045	and thou hast not let me know
Exo.33.12	9	H7971	whom thou wilt send
Exo.33.12	10	H559	with me. Yet thou hast said,
Exo.33.12	11	H3045	I know
Exo.33.12	12	H8034	thee by name,
Exo.33.12	13	H4672	and thou hast also found
Exo.33.12	14	H2580	favor
Exo.33.12	15	H5869	in my sight.
Exo.33.13	1	H4672	Now therefore, I pray thee, if I have found
Exo.33.13	2	H2580	favor
Exo.33.13	3	H5869	in thy sight,
Exo.33.13	4	H3045	show
Exo.33.13	5	H1870	me now thy ways,
Exo.33.13	6	H3045	that I may know
Exo.33.13	7	H4672	thee, to the end that I may find
Exo.33.13	8	H2580	favor
Exo.33.13	9	H5869	in thy sight:
Exo.33.13	10	H7200	and consider
Exo.33.13	11	H1471	that this nation
Exo.33.13	12	H5971	is thy people.
Exo.33.14	1	H559	And he said,
Exo.33.14	2	H6440	My presence
Exo.33.14	3	H3212	shall go
Exo.33.14	4	H5117	<i>with</i> <i>thee</i>, and I will give thee rest.
Exo.33.15	1	H559	And he said
Exo.33.15	2	H6440	unto him, If thy presence
Exo.33.15	3	H1980	go
Exo.33.15	4	H5927	not <i>with</i> <i>me</i>, carry us not up hence.
Exo.33.16	1	H3045	For wherein now shall it be known
Exo.33.16	2	H645	that
Exo.33.16	3	H4672	I have found
Exo.33.16	4	H2580	favor
Exo.33.16	5	H5869	in thy sight,
Exo.33.16	6	H5971	I and thy people?
Exo.33.16	7	H3212	is it not in that thou goest
Exo.33.16	8	H6395	with us, so that we are separated,
Exo.33.16	9	H5971	I and thy people,
Exo.33.16	10	H5971	from all the people
Exo.33.16	11	H6440	that are upon the face
Exo.33.16	12	H127	of the earth?
Exo.33.17	1	H3068	And Jehovah
Exo.33.17	2	H559	said
Exo.33.17	3	H4872	unto Moses,
Exo.33.17	4	H6213	I will do
Exo.33.17	5	H1697	this thing
Exo.33.17	6	H1696	also that thou hast spoken;
Exo.33.17	7	H4672	for thou hast found
Exo.33.17	8	H2580	favor
Exo.33.17	9	H5869	in my sight,
Exo.33.17	10	H3045	and I know
Exo.33.17	11	H8034	thee by name.
Exo.33.18	1	H559	And he said,
Exo.33.18	2	H7200	Show
Exo.33.18	3	H4994	me, I pray thee,
Exo.33.18	4	H3519	thy glory.
Exo.33.19	1	H559	And he said,
Exo.33.19	2	H2898	I will make all my goodness
Exo.33.19	3	H5674	pass
Exo.33.19	4	H7121	before thee, and will proclaim
Exo.33.19	5	H8034	the name
Exo.33.19	6	H3068	of Jehovah
Exo.33.19	7	H6440	before
Exo.33.19	8	H2603	thee; and I will be gracious
Exo.33.19	9	H2603	to whom I will be gracious,
Exo.33.19	10	H7355	and will show mercy
Exo.33.19	11	H7355	on whom I will show mercy.
Exo.33.20	1	H559	And he said,
Exo.33.20	2	H3201	Thou canst
Exo.33.20	3	H7200	not see
Exo.33.20	4	H6440	my face;
Exo.33.20	5	H120	for man
Exo.33.20	6	H7200	shall not see
Exo.33.20	7	H2425	me and live.
Exo.33.21	1	H3068	And Jehovah
Exo.33.21	2	H559	said,
Exo.33.21	3	H4725	Behold, there is a place
Exo.33.21	4	H5324	by me, and thou shalt stand
Exo.33.21	5	H6697	upon the rock:
Exo.33.22	1	H3519	and it shall come to pass, while my glory
Exo.33.22	2	H5674	passeth by,
Exo.33.22	3	H7760	that I will put
Exo.33.22	4	H5366	thee in a cleft
Exo.33.22	5	H6697	of the rock,
Exo.33.22	6	H5526	and will cover
Exo.33.22	7	H3709	thee with my hand
Exo.33.22	8	H5704	until
Exo.33.22	9	H5674	I have passed by:
Exo.33.23	1	H5493	and I will take
Exo.33.23	2	H3709	away my hand,
Exo.33.23	3	H7200	and thou shalt see
Exo.33.23	4	H268	my back;
Exo.33.23	5	H6440	but my face
Exo.33.23	6	H7200	shall not be seen.
Exo.34.1	1	H3068	And Jehovah
Exo.34.1	2	H559	said
Exo.34.1	3	H4872	unto Moses,
Exo.34.1	4	H6458	Hew
Exo.34.1	5	H8147	thee two
Exo.34.1	6	H3871	tables
Exo.34.1	7	H68	of stone
Exo.34.1	8	H7223	like unto the first:
Exo.34.1	9	H3789	and I will write
Exo.34.1	10	H3871	upon the tables
Exo.34.1	11	H1697	the words
Exo.34.1	12	H7223	that were on the first
Exo.34.1	13	H3871	tables,
Exo.34.1	14	H7665	which thou brakest.
Exo.34.2	1	H3559	And be ready
Exo.34.2	2	H1242	by the morning,
Exo.34.2	3	H5927	and come up
Exo.34.2	4	H1242	in the morning
Exo.34.2	5	H2022	unto mount
Exo.34.2	6	H5514	Sinai,
Exo.34.2	7	H5324	and present
Exo.34.2	8	H7218	thyself there to me on the top
Exo.34.2	9	H2022	of the mount.
Exo.34.3	1	H376	And no man
Exo.34.3	2	H5927	shall come up
Exo.34.3	3	H408	with thee; neither
Exo.34.3	4	H376	let any man
Exo.34.3	5	H7200	be seen
Exo.34.3	6	H2022	throughout all the mount;
Exo.34.3	7	H6629	neither let the flocks
Exo.34.3	8	H1241	nor herds
Exo.34.3	9	H7462	feed
Exo.34.3	10	H4136	before
Exo.34.3	11	H2022	that mount.
Exo.34.4	1	H6458	And he hewed
Exo.34.4	2	H8147	two
Exo.34.4	3	H3871	tables
Exo.34.4	4	H68	of stone
Exo.34.4	5	H7223	like unto the first;
Exo.34.4	6	H4872	and Moses
Exo.34.4	7	H7925	rose up early
Exo.34.4	8	H1242	in the morning,
Exo.34.4	9	H5927	and went up
Exo.34.4	10	H2022	unto mount
Exo.34.4	11	H5514	Sinai,
Exo.34.4	12	H3068	as Jehovah
Exo.34.4	13	H6680	had commanded
Exo.34.4	14	H3947	him, and took
Exo.34.4	15	H3027	in his hand
Exo.34.4	16	H8147	two
Exo.34.4	17	H3871	tables
Exo.34.4	18	H68	of stone.
Exo.34.5	1	H3068	And Jehovah
Exo.34.5	2	H3381	descended
Exo.34.5	3	H6051	in the cloud,
Exo.34.5	4	H3320	and stood
Exo.34.5	5	H7121	with him there, and proclaimed
Exo.34.5	6	H8034	the name
Exo.34.5	7	H3068	of Jehovah.
Exo.34.6	1	H3068	And Jehovah
Exo.34.6	2	H5674	passed by
Exo.34.6	3	H6440	before him,
Exo.34.6	4	H7121	and proclaimed,
Exo.34.6	5	H3068	Jehovah,
Exo.34.6	6	H3068	Jehovah,
Exo.34.6	7	H410	a God
Exo.34.6	8	H7349	merciful
Exo.34.6	9	H2587	and gracious,
Exo.34.6	10	H750	slow to anger,
Exo.34.6	11	H7227	and abundant
Exo.34.6	12	H2617	in lovingkindness
Exo.34.6	13	H571	and truth;
Exo.34.7	1	H5341	keeping
Exo.34.7	2	H2617	lovingkindness
Exo.34.7	3	H505	for thousands,
Exo.34.7	4	H5375	forgiving
Exo.34.7	5	H5771	iniquity
Exo.34.7	6	H6588	and transgression
Exo.34.7	7	H2403	and sin;
Exo.34.7	8	H5352	and that will by no means
Exo.34.7	9	H5352	clear
Exo.34.7	10	H6485	<i>the</i> <i>guilty</i>, visiting
Exo.34.7	11	H5771	the iniquity
Exo.34.7	12	H1	of the fathers
Exo.34.7	13	H1121	upon the children,
Exo.34.7	14	H1121	and upon the children's
Exo.34.7	15	H8029	children, upon the third
Exo.34.7	16	H7256	and upon the fourth generation.
Exo.34.8	1	H4872	And Moses
Exo.34.8	2	H4116	made haste,
Exo.34.8	3	H6915	and bowed his head
Exo.34.8	4	H776	toward the earth,
Exo.34.8	5	H7812	and worshipped.
Exo.34.9	1	H559	And he said,
Exo.34.9	2	H4672	If now I have found
Exo.34.9	3	H2580	favor
Exo.34.9	4	H5869	in thy sight,
Exo.34.9	5	H136	O Lord,
Exo.34.9	6	H136	let the Lord,
Exo.34.9	7	H3212	I pray thee, go
Exo.34.9	8	H7130	in the midst
Exo.34.9	9	H7186	of us; for it is a stiffnecked
Exo.34.9	10	H5971	people;
Exo.34.9	11	H5545	and pardon
Exo.34.9	12	H5771	our iniquity
Exo.34.9	13	H2403	and our sin,
Exo.34.9	14	H5157	and take us for thine inheritance.
Exo.34.10	1	H559	And he said,
Exo.34.10	2	H3772	Behold, I make
Exo.34.10	3	H1285	a covenant:
Exo.34.10	4	H5971	before all thy people
Exo.34.10	5	H6213	I will do
Exo.34.10	6	H6381	marvels,
Exo.34.10	7	H1254	such as have not been wrought
Exo.34.10	8	H776	in all the earth,
Exo.34.10	9	H1471	nor in any nation;
Exo.34.10	10	H5971	and all the people
Exo.34.10	11	H7130	among
Exo.34.10	12	H7200	which thou art shall see
Exo.34.10	13	H4639	the work
Exo.34.10	14	H3068	of Jehovah;
Exo.34.10	15	H3372	for it is a terrible thing
Exo.34.10	16	H6213	that I do with thee.
Exo.34.11	1	H8104	Observe
Exo.34.11	2	H6680	thou that which I command
Exo.34.11	3	H3117	thee this day:
Exo.34.11	4	H1644	behold, I drive out
Exo.34.11	5	H6440	before
Exo.34.11	6	H567	thee the Amorite,
Exo.34.11	7	H3669	and the Canaanite,
Exo.34.11	8	H2850	and the Hittite,
Exo.34.11	9	H6522	and the Perizzite,
Exo.34.11	10	H2340	and the Hivite,
Exo.34.11	11	H2983	and the Jebusite.
Exo.34.12	1	H8104	Take heed
Exo.34.12	2	H3772	to thyself, lest thou make
Exo.34.12	3	H1285	a covenant
Exo.34.12	4	H3427	with the inhabitants
Exo.34.12	5	H776	of the land
Exo.34.12	6	H935	whither thou goest,
Exo.34.12	7	H4170	lest it be for a snare
Exo.34.12	8	H7130	in the midst of thee:
Exo.34.13	1	H7665	but ye shall break
Exo.34.13	2	H4196	down their altars,
Exo.34.13	3	H7665	and dash
Exo.34.13	4	H4676	in pieces their pillars,
Exo.34.13	5	H3772	and ye shall cut down
Exo.34.13	6	H842	their Asherim
Exo.34.14	1	H7812	(for thou shalt worship
Exo.34.14	2	H312	no other
Exo.34.14	3	H410	god:
Exo.34.14	4	H3068	for Jehovah,
Exo.34.14	5	H8034	whose name
Exo.34.14	6	H7067	is Jealous,
Exo.34.14	7	H7067	is a jealous
Exo.34.14	8	H410	God);
Exo.34.15	1	H3772	lest thou make
Exo.34.15	2	H1285	a covenant
Exo.34.15	3	H3427	with the inhabitants
Exo.34.15	4	H776	of the land,
Exo.34.15	5	H2181	and they play the harlot
Exo.34.15	6	H310	after
Exo.34.15	7	H430	their gods,
Exo.34.15	8	H2076	and sacrifice
Exo.34.15	9	H430	unto their gods,
Exo.34.15	10	H7121	and one call
Exo.34.15	11	H398	thee and thou eat
Exo.34.15	12	H2077	of his sacrifice;
Exo.34.16	1	H3947	and thou take
Exo.34.16	2	H1323	of their daughters
Exo.34.16	3	H1121	unto thy sons,
Exo.34.16	4	H1323	and their daughters
Exo.34.16	5	H2181	play the harlot
Exo.34.16	6	H310	after
Exo.34.16	7	H430	their gods,
Exo.34.16	8	H2181	and make
Exo.34.16	9	H1121	thy sons
Exo.34.16	10	H2181	play the harlot
Exo.34.16	11	H310	after
Exo.34.16	12	H430	their gods.
Exo.34.17	1	H6213	Thou shalt make
Exo.34.17	2	H4541	thee no molten
Exo.34.17	3	H430	gods.
Exo.34.18	1	H2282	The feast
Exo.34.18	2	H4682	of unleavened bread
Exo.34.18	3	H8104	shalt thou keep.
Exo.34.18	4	H7651	Seven
Exo.34.18	5	H3117	days
Exo.34.18	6	H398	thou shalt eat
Exo.34.18	7	H4682	unleavened bread,
Exo.34.18	8	H6680	as I commanded
Exo.34.18	9	H4150	thee, at the time
Exo.34.18	10	H2320	appointed in the month
Exo.34.18	11	H24	Abib;
Exo.34.18	12	H2320	for in the month
Exo.34.18	13	H24	Abib
Exo.34.18	14	H3318	thou camest out
Exo.34.18	15	H4714	from Egypt.
Exo.34.19	1	H6363	All that openeth
Exo.34.19	2	H7358	the womb
Exo.34.19	3	H4735	is mine; and all thy cattle
Exo.34.19	4	H2142	that is male,
Exo.34.19	5	H6363	the firstlings
Exo.34.19	6	H7794	of cow
Exo.34.19	7	H7716	and sheep.
Exo.34.20	1	H6363	And the firstling
Exo.34.20	2	H2543	of an ass
Exo.34.20	3	H6299	thou shalt redeem
Exo.34.20	4	H7716	with a lamb:
Exo.34.20	5	H6299	and if thou wilt not redeem
Exo.34.20	6	H6202	it, then thou shalt break its neck.
Exo.34.20	7	H1060	All the first-born
Exo.34.20	8	H1121	of thy sons
Exo.34.20	9	H6299	thou shalt redeem.
Exo.34.20	10	H7200	And none shall appear
Exo.34.20	11	H6440	before
Exo.34.20	12	H7387	me empty.
Exo.34.21	1	H8337	Six
Exo.34.21	2	H3117	days
Exo.34.21	3	H5647	thou shalt work,
Exo.34.21	4	H7637	but on the seventh
Exo.34.21	5	H3117	day
Exo.34.21	6	H7673	thou shalt rest:
Exo.34.21	7	H2758	in plowing time
Exo.34.21	8	H7105	and in harvest
Exo.34.21	9	H7673	thou shalt rest.
Exo.34.22	1	H6213	And thou shalt observe
Exo.34.22	2	H2282	the feast
Exo.34.22	3	H7620	of weeks,
Exo.34.22	4	H1061	<i>even</i> of the first-fruits
Exo.34.22	5	H2406	of wheat
Exo.34.22	6	H7105	harvest,
Exo.34.22	7	H2282	and the feast
Exo.34.22	8	H614	of ingathering
Exo.34.22	9	H8141	at the year's
Exo.34.22	10	H8622	end.
Exo.34.23	1	H6471	Three
Exo.34.23	2	H8141	times in the year
Exo.34.23	3	H2138	shall all thy males
Exo.34.23	4	H7200	appear
Exo.34.23	5	H6440	before
Exo.34.23	6	H113	the Lord
Exo.34.23	7	H3068	Jehovah,
Exo.34.23	8	H430	the God
Exo.34.23	9	H3478	of Israel.
Exo.34.24	1	H3423	For I will cast out
Exo.34.24	2	H1471	nations
Exo.34.24	3	H6440	before
Exo.34.24	4	H7337	thee, and enlarge
Exo.34.24	5	H1366	thy borders:
Exo.34.24	6	H376	neither shall any man
Exo.34.24	7	H2530	desire
Exo.34.24	8	H776	thy land,
Exo.34.24	9	H5927	when thou goest up
Exo.34.24	10	H7200	to appear
Exo.34.24	11	H6440	before
Exo.34.24	12	H3068	Jehovah
Exo.34.24	13	H430	thy God
Exo.34.24	14	H6471	three
Exo.34.24	15	H8141	times in the year.
Exo.34.25	1	H7819	Thou shalt not offer
Exo.34.25	2	H1818	the blood
Exo.34.25	3	H2077	of my sacrifice
Exo.34.25	4	H2557	with leavened
Exo.34.25	5	H2077	bread; neither shall the sacrifice
Exo.34.25	6	H2282	of the feast
Exo.34.25	7	H6453	of the passover
Exo.34.25	8	H3885	be left
Exo.34.25	9	H1242	unto the morning.
Exo.34.26	1	H7225	The first
Exo.34.26	2	H1061	of the first-fruits
Exo.34.26	3	H127	of thy ground
Exo.34.26	4	H935	thou shalt bring
Exo.34.26	5	H1004	unto the house
Exo.34.26	6	H3068	of Jehovah
Exo.34.26	7	H430	thy God.
Exo.34.26	8	H1310	Thou shalt not boil
Exo.34.26	9	H1423	a kid
Exo.34.26	10	H517	in its mother's
Exo.34.26	11	H2461	milk.
Exo.34.27	1	H3068	And Jehovah
Exo.34.27	2	H559	said
Exo.34.27	3	H4872	unto Moses,
Exo.34.27	4	H3789	Write
Exo.34.27	5	H1697	thou these words:
Exo.34.27	6	H6310	for after the tenor
Exo.34.27	7	H1697	of these words
Exo.34.27	8	H3772	I have made
Exo.34.27	9	H1285	a covenant
Exo.34.27	10	H3478	with thee and with Israel.
Exo.34.28	1	H3068	And he was there with Jehovah
Exo.34.28	2	H705	forty
Exo.34.28	3	H3117	days
Exo.34.28	4	H705	and forty
Exo.34.28	5	H3915	nights;
Exo.34.28	6	H398	he did neither eat
Exo.34.28	7	H3899	bread,
Exo.34.28	8	H8354	nor drink
Exo.34.28	9	H4325	water.
Exo.34.28	10	H3789	And he wrote
Exo.34.28	11	H3871	upon the tables
Exo.34.28	12	H1697	the words
Exo.34.28	13	H1285	of the covenant,
Exo.34.28	14	H6235	the ten
Exo.34.28	15	H1697	commandments.
Exo.34.29	1	H4872	And it came to pass, when Moses
Exo.34.29	2	H3381	came down
Exo.34.29	3	H2022	from mount
Exo.34.29	4	H5514	Sinai
Exo.34.29	5	H8147	with the two
Exo.34.29	6	H3871	tables
Exo.34.29	7	H5715	of the testimony
Exo.34.29	8	H4872	in Moses'
Exo.34.29	9	H3027	hand,
Exo.34.29	10	H3381	when he came down
Exo.34.29	11	H2022	from the mount,
Exo.34.29	12	H4872	that Moses
Exo.34.29	13	H3045	knew
Exo.34.29	14	H5785	not that the skin
Exo.34.29	15	H6440	of his face
Exo.34.29	16	H7160	shone
Exo.34.29	17	H1696	by reason of his speaking with him.
Exo.34.30	1	H175	And when Aaron
Exo.34.30	2	H1121	and all the children
Exo.34.30	3	H3478	of Israel
Exo.34.30	4	H7200	saw
Exo.34.30	5	H4872	Moses,
Exo.34.30	6	H5785	behold, the skin
Exo.34.30	7	H6440	of his face
Exo.34.30	8	H7160	shone;
Exo.34.30	9	H3372	and they were afraid
Exo.34.30	10	H5066	to come nigh him.
Exo.34.31	1	H4872	And Moses
Exo.34.31	2	H7121	called
Exo.34.31	3	H175	unto them; and Aaron
Exo.34.31	4	H5387	and all the rulers
Exo.34.31	5	H5712	of the congregation
Exo.34.31	6	H7725	returned
Exo.34.31	7	H4872	unto him: and Moses
Exo.34.31	8	H1696	spake to them.
Exo.34.32	1	H310	And afterward
Exo.34.32	2	H1121	all the children
Exo.34.32	3	H3478	of Israel
Exo.34.32	4	H5066	came nigh:
Exo.34.32	5	H6680	and he gave them in commandment
Exo.34.32	6	H3068	all that Jehovah
Exo.34.32	7	H1696	had spoken
Exo.34.32	8	H2022	with him in mount
Exo.34.32	9	H5514	Sinai.
Exo.34.33	1	H4872	And when Moses
Exo.34.33	2	H3615	had done
Exo.34.33	3	H1696	speaking
Exo.34.33	4	H5414	with them, he put
Exo.34.33	5	H4533	a veil
Exo.34.33	6	H6440	on his face.
Exo.34.34	1	H4872	But when Moses
Exo.34.34	2	H935	went in
Exo.34.34	3	H6440	before
Exo.34.34	4	H3068	Jehovah
Exo.34.34	5	H1696	to speak
Exo.34.34	6	H5493	with him, he took
Exo.34.34	7	H4533	the veil
Exo.34.34	8	H5493	off,
Exo.34.34	9	H3318	until he came out;
Exo.34.34	10	H3318	and he came out,
Exo.34.34	11	H1696	and spake
Exo.34.34	12	H1121	unto the children
Exo.34.34	13	H3478	of Israel
Exo.34.34	14	H6680	that which he was commanded.
Exo.34.35	1	H1121	And the children
Exo.34.35	2	H3478	of Israel
Exo.34.35	3	H7200	saw
Exo.34.35	4	H6440	the face
Exo.34.35	5	H4872	of Moses,
Exo.34.35	6	H5785	that the skin
Exo.34.35	7	H4872	of Moses'
Exo.34.35	8	H6440	face
Exo.34.35	9	H7160	shone;
Exo.34.35	10	H4872	and Moses
Exo.34.35	11	H7725	put
Exo.34.35	12	H4533	the veil
Exo.34.35	13	H6440	upon his face
Exo.34.35	14	H7725	again,
Exo.34.35	15	H935	until he went
Exo.34.35	16	H1696	in to speak with him.
Exo.35.1	1	H4872	And Moses
Exo.35.1	2	H6950	assembled
Exo.35.1	3	H5712	all the congregation
Exo.35.1	4	H1121	of the children
Exo.35.1	5	H3478	of Israel,
Exo.35.1	6	H6950	and
Exo.35.1	7	H559	said
Exo.35.1	8	H1697	unto them, These are the words
Exo.35.1	9	H3068	which Jehovah
Exo.35.1	10	H6680	hath commanded,
Exo.35.1	11	H6213	that ye should do them.
Exo.35.2	1	H8337	Six
Exo.35.2	2	H3117	days
Exo.35.2	3	H4399	shall work
Exo.35.2	4	H6213	be done;
Exo.35.2	5	H7637	but on the seventh
Exo.35.2	6	H3117	day
Exo.35.2	7	H6944	there shall be to you a holy day,
Exo.35.2	8	H7676	a sabbath
Exo.35.2	9	H7677	of solemn rest
Exo.35.2	10	H3068	to Jehovah:
Exo.35.2	11	H6213	whosoever doeth
Exo.35.2	12	H4399	any work
Exo.35.2	13	H4191	therein shall be put to death.
Exo.35.3	1	H1197	Ye shall kindle
Exo.35.3	2	H784	no fire
Exo.35.3	3	H4186	throughout your habitations
Exo.35.3	4	H7676	upon the sabbath
Exo.35.3	5	H3117	day.
Exo.35.4	1	H4872	And Moses
Exo.35.4	2	H559	spake
Exo.35.4	3	H5712	unto all the congregation
Exo.35.4	4	H1121	of the children
Exo.35.4	5	H3478	of Israel,
Exo.35.4	6	H559	saying,
Exo.35.4	7	H1697	This is the thing
Exo.35.4	8	H3068	which Jehovah
Exo.35.4	9	H6680	commanded,
Exo.35.4	10	H559	saying,
Exo.35.5	1	H3947	Take
Exo.35.5	2	H8641	ye from among you an offering
Exo.35.5	3	H3068	unto Jehovah;
Exo.35.5	4	H3605	whosoever
Exo.35.5	5	H5081	is of a willing
Exo.35.5	6	H3820	heart,
Exo.35.5	7	H935	let him bring
Exo.35.5	8	H3068	it, Jehovah's
Exo.35.5	9	H8641	offering:
Exo.35.5	10	H2091	gold,
Exo.35.5	11	H3701	and silver,
Exo.35.5	12	H5178	and brass,
Exo.35.6	1	H8504	and blue,
Exo.35.6	2	H713	and purple,
Exo.35.6	3	H8144	and scarlet,
Exo.35.6	4	H8336	and fine linen,
Exo.35.6	5	H5795	and goats' <i>hair</i>,
Exo.35.7	1	H352	and rams'
Exo.35.7	2	H5785	skins
Exo.35.7	3	H119	dyed red,
Exo.35.7	4	H5785	and
Exo.35.7	5	H8476	sealskins,
Exo.35.7	6	H7848	and acacia
Exo.35.7	7	H6086	wood,
Exo.35.8	1	H8081	and oil
Exo.35.8	2	H3974	for the light,
Exo.35.8	3	H1314	and spices
Exo.35.8	4	H4888	for the anointing
Exo.35.8	5	H8081	oil,
Exo.35.8	6	H5561	and for the sweet
Exo.35.8	7	H7004	incense,
Exo.35.9	1	H7718	and onyx
Exo.35.9	2	H68	stones,
Exo.35.9	3	H68	and stones
Exo.35.9	4	H4394	to be set,
Exo.35.9	5	H646	for the ephod,
Exo.35.9	6	H2833	and for the breastplate.
Exo.35.10	1	H3820	And let every
Exo.35.10	2	H2450	wise-hearted
Exo.35.10	3	H935	man among you come,
Exo.35.10	4	H6213	and make
Exo.35.10	5	H3068	all that Jehovah
Exo.35.10	6	H6680	hath commanded:
Exo.35.11	1	H4908	the tabernacle,
Exo.35.11	2	H168	its tent,
Exo.35.11	3	H4372	and its covering,
Exo.35.11	4	H7165	its clasps,
Exo.35.11	5	H7175	and its boards,
Exo.35.11	6	H1280	its bars,
Exo.35.11	7	H5982	its pillars,
Exo.35.11	8	H134	and its sockets;
Exo.35.12	1	H727	the ark,
Exo.35.12	2	H905	and the staves
Exo.35.12	3	H3727	thereof, the mercy-seat,
Exo.35.12	4	H6532	and the veil
Exo.35.12	5	H4539	of the screen;
Exo.35.13	1	H7979	the table,
Exo.35.13	2	H905	and its staves,
Exo.35.13	3	H3627	and all its vessels,
Exo.35.13	4	H6440	and the showbread;
Exo.35.14	1	H4501	the candlestick
Exo.35.14	2	H3974	also for the light,
Exo.35.14	3	H3627	and its vessels,
Exo.35.14	4	H5216	and its lamps,
Exo.35.14	5	H8081	and the oil
Exo.35.14	6	H3974	for the light;
Exo.35.15	1	H4196	and the altar
Exo.35.15	2	H7004	of incense,
Exo.35.15	3	H905	and its staves,
Exo.35.15	4	H4888	and the anointing
Exo.35.15	5	H8081	oil,
Exo.35.15	6	H5561	and the sweet
Exo.35.15	7	H7004	incense,
Exo.35.15	8	H4539	and the screen
Exo.35.15	9	H6607	for the door, at the door
Exo.35.15	10	H4908	of the tabernacle;
Exo.35.16	1	H4196	the altar
Exo.35.16	2	H5930	of burnt-offering,
Exo.35.16	3	H4345	with its grating
Exo.35.16	4	H5178	of brass,
Exo.35.16	5	H905	it staves,
Exo.35.16	6	H3627	and all its vessels,
Exo.35.16	7	H3595	the laver
Exo.35.16	8	H3653	and its base;
Exo.35.17	1	H7050	the hangings
Exo.35.17	2	H2691	of the court,
Exo.35.17	3	H5982	the pillars
Exo.35.17	4	H134	thereof, and their sockets,
Exo.35.17	5	H4539	and the screen
Exo.35.17	6	H8179	for the gate
Exo.35.17	7	H2691	of the court;
Exo.35.18	1	H3489	the pins
Exo.35.18	2	H4908	of the tabernacle,
Exo.35.18	3	H3489	and the pins
Exo.35.18	4	H2691	of the court,
Exo.35.18	5	H4340	and their cords;
Exo.35.19	1	H899	the finely wrought garments,
Exo.35.19	2	H8278	for ministering
Exo.35.19	3	H6944	in the holy
Exo.35.19	4	H6944	place, the holy
Exo.35.19	5	H899	garments
Exo.35.19	6	H175	for Aaron
Exo.35.19	7	H3548	the priest,
Exo.35.19	8	H899	and the garments
Exo.35.19	9	H1121	of his sons,
Exo.35.19	10	H3547	to minister in the priest's office.
Exo.35.20	1	H5712	And all the congregation
Exo.35.20	2	H1121	of the children
Exo.35.20	3	H3478	of Israel
Exo.35.20	4	H3318	departed
Exo.35.20	5	H6440	from the presence
Exo.35.20	6	H4872	of Moses.
Exo.35.21	1	H935	And they came,
Exo.35.21	2	H376	every one
Exo.35.21	3	H834	whose
Exo.35.21	4	H3820	heart
Exo.35.21	5	H5375	stirred him up,
Exo.35.21	6	H7307	and every one whom his spirit
Exo.35.21	7	H5068	made willing,
Exo.35.21	8	H935	<i>and</i> brought
Exo.35.21	9	H3068	Jehovah's
Exo.35.21	10	H8641	offering,
Exo.35.21	11	H4399	for the work
Exo.35.21	12	H168	of the tent
Exo.35.21	13	H4150	of meeting,
Exo.35.21	14	H5656	and for all the service
Exo.35.21	15	H6944	thereof, and for the holy
Exo.35.21	16	H899	garments.
Exo.35.22	1	H935	And they came,
Exo.35.22	2	H5921	both
Exo.35.22	3	H582	men
Exo.35.22	4	H802	and women,
Exo.35.22	5	H3605	as many as
Exo.35.22	6	H5081	were
Exo.35.22	7	H3820	willing-hearted,
Exo.35.22	8	H935	<i>and</i> brought
Exo.35.22	9	H2397	brooches,
Exo.35.22	10	H5141	and ear-rings,
Exo.35.22	11	H2885	and signet-rings,
Exo.35.22	12	H3558	and armlets,
Exo.35.22	13	H3627	all jewels
Exo.35.22	14	H2091	of gold;
Exo.35.22	15	H376	even every man
Exo.35.22	16	H5130	that offered
Exo.35.22	17	H8573	an offering
Exo.35.22	18	H2091	of gold
Exo.35.22	19	H3068	unto Jehovah.
Exo.35.23	1	H376	And every man,
Exo.35.23	2	H4672	with whom was found
Exo.35.23	3	H8504	blue,
Exo.35.23	4	H713	and purple,
Exo.35.23	5	H8144	and scarlet,
Exo.35.23	6	H8336	and fine linen,
Exo.35.23	7	H5795	and goats'
Exo.35.23	8	H352	<i>hair</i>, and rams'
Exo.35.23	9	H5785	skins
Exo.35.23	10	H119	dyed red,
Exo.35.23	11	H5785	and
Exo.35.23	12	H8476	sealskins,
Exo.35.23	13	H935	brought them.
Exo.35.24	1	H7311	Every one that did offer
Exo.35.24	2	H8641	an offering
Exo.35.24	3	H3701	of silver
Exo.35.24	4	H5178	and brass
Exo.35.24	5	H935	brought
Exo.35.24	6	H3068	Jehovah's
Exo.35.24	7	H8641	offering;
Exo.35.24	8	H4672	and every man, with whom was found
Exo.35.24	9	H7848	acacia
Exo.35.24	10	H6086	wood
Exo.35.24	11	H4399	for any work
Exo.35.24	12	H5656	of the service,
Exo.35.24	13	H935	brought it.
Exo.35.25	1	H802	And all the women
Exo.35.25	2	H2450	that were
Exo.35.25	3	H3820	wise-hearted
Exo.35.25	4	H2901	did spin
Exo.35.25	5	H3027	with their hands,
Exo.35.25	6	H935	and brought
Exo.35.25	7	H4299	that which they had spun,
Exo.35.25	8	H8504	the blue,
Exo.35.25	9	H713	and the purple,
Exo.35.25	10	H8144	the scarlet,
Exo.35.25	11	H8336	and the fine linen.
Exo.35.26	1	H802	And all the women
Exo.35.26	2	H3820	whose heart
Exo.35.26	3	H5375	stirred
Exo.35.26	4	H2451	them up in wisdom
Exo.35.26	5	H2901	spun
Exo.35.26	6	H5795	the goats' <i>hair</i>.
Exo.35.27	1	H5387	And the rulers
Exo.35.27	2	H935	brought
Exo.35.27	3	H7718	the onyx
Exo.35.27	4	H68	stones,
Exo.35.27	5	H68	and the stones
Exo.35.27	6	H4394	to be set,
Exo.35.27	7	H646	for the ephod,
Exo.35.27	8	H2833	and for the breastplate;
Exo.35.28	1	H1314	and the spice,
Exo.35.28	2	H8081	and the oil;
Exo.35.28	3	H3974	for the light,
Exo.35.28	4	H4888	and for the anointing
Exo.35.28	5	H8081	oil,
Exo.35.28	6	H5561	and for the sweet
Exo.35.28	7	H7004	incense.
Exo.35.29	1	H1121	The children
Exo.35.29	2	H3478	of Israel
Exo.35.29	3	H935	brought
Exo.35.29	4	H5071	a freewill-offering
Exo.35.29	5	H3068	unto Jehovah;
Exo.35.29	6	H376	every man
Exo.35.29	7	H802	and woman,
Exo.35.29	8	H834	whose
Exo.35.29	9	H3820	heart
Exo.35.29	10	H5068	made them willing
Exo.35.29	11	H935	to bring
Exo.35.29	12	H4399	for all the work,
Exo.35.29	13	H3068	which Jehovah
Exo.35.29	14	H6680	had commanded
Exo.35.29	15	H6213	to be made
Exo.35.29	16	H3027	by
Exo.35.29	17	H4872	Moses.
Exo.35.30	1	H4872	And Moses
Exo.35.30	2	H559	said
Exo.35.30	3	H1121	unto the children
Exo.35.30	4	H3478	of Israel,
Exo.35.30	5	H7200	See,
Exo.35.30	6	H3068	Jehovah
Exo.35.30	7	H7121	hath called
Exo.35.30	8	H8034	by name
Exo.35.30	9	H1212	Bezalel
Exo.35.30	10	H1121	the son
Exo.35.30	11	H221	of Uri,
Exo.35.30	12	H1121	the son
Exo.35.30	13	H2354	of Hur,
Exo.35.30	14	H4294	of the tribe
Exo.35.30	15	H3063	of Judah;
Exo.35.31	1	H4390	and he hath filled
Exo.35.31	2	H7307	him with the Spirit
Exo.35.31	3	H430	of God,
Exo.35.31	4	H2451	in wisdom,
Exo.35.31	5	H8394	in understanding,
Exo.35.31	6	H1847	and in knowledge,
Exo.35.31	7	H4399	and in all manner of workmanship;
Exo.35.32	1	H2803	and to devise
Exo.35.32	2	H4284	skilful works,
Exo.35.32	3	H6213	to work
Exo.35.32	4	H2091	in gold,
Exo.35.32	5	H3701	and in silver,
Exo.35.32	6	H5178	and in brass,
Exo.35.33	1	H2799	and in cutting
Exo.35.33	2	H68	of stones
Exo.35.33	3	H4390	for setting,
Exo.35.33	4	H2799	and in carving
Exo.35.33	5	H6086	of wood,
Exo.35.33	6	H6213	to work
Exo.35.33	7	H4284	in all manner of skilful
Exo.35.33	8	H4399	workmanship.
Exo.35.34	1	H5414	And he hath put
Exo.35.34	2	H3820	in his heart
Exo.35.34	3	H3384	that he may teach,
Exo.35.34	4	H171	both he, and Oholiab,
Exo.35.34	5	H1121	the son
Exo.35.34	6	H294	of Ahisamach,
Exo.35.34	7	H4294	of the tribe
Exo.35.34	8	H1835	of Dan.
Exo.35.35	1	H4390	Them hath he filled
Exo.35.35	2	H2451	with wisdom
Exo.35.35	3	H3820	of heart,
Exo.35.35	4	H6213	to work
Exo.35.35	5	H4399	all manner of workmanship,
Exo.35.35	6	H2796	of the engraver,
Exo.35.35	7	H2803	and of the skilful workman,
Exo.35.35	8	H7551	and of the embroiderer,
Exo.35.35	9	H8504	in blue,
Exo.35.35	10	H713	and in purple,
Exo.35.35	11	H8144	in scarlet,
Exo.35.35	12	H8336	and in fine linen,
Exo.35.35	13	H707	and of the weaver,
Exo.35.35	14	H6213	even of them that do
Exo.35.35	15	H3605	any
Exo.35.35	16	H4399	workmanship,
Exo.35.35	17	H2803	and of those that devise
Exo.35.35	18	H4284	skilful works.
Exo.36.1	1	H1212	And Bezalel
Exo.36.1	2	H171	and Oholiab
Exo.36.1	3	H6213	shall work,
Exo.36.1	4	H2450	and every
Exo.36.1	5	H3820	wise-hearted
Exo.36.1	6	H376	man,
Exo.36.1	7	H1992	in whom
Exo.36.1	8	H3068	Jehovah
Exo.36.1	9	H5414	hath put
Exo.36.1	10	H2451	wisdom
Exo.36.1	11	H8394	and understanding
Exo.36.1	12	H3045	to know
Exo.36.1	13	H6213	how to work
Exo.36.1	14	H4399	all the work
Exo.36.1	15	H5656	for the service
Exo.36.1	16	H6944	of the sanctuary,
Exo.36.1	17	H3068	according to all that Jehovah
Exo.36.1	18	H6680	hath commanded.
Exo.36.2	1	H4872	And Moses
Exo.36.2	2	H7121	called
Exo.36.2	3	H1212	Bezalel
Exo.36.2	4	H171	and Oholiab,
Exo.36.2	5	H2450	and every
Exo.36.2	6	H3820	wise-hearted
Exo.36.2	7	H376	man,
Exo.36.2	8	H3820	in whose heart
Exo.36.2	9	H3068	Jehovah
Exo.36.2	10	H5414	had put
Exo.36.2	11	H2451	wisdom,
Exo.36.2	12	H3820	even every one whose heart
Exo.36.2	13	H5375	stirred him up
Exo.36.2	14	H7126	to come
Exo.36.2	15	H4399	unto the work
Exo.36.2	16	H6213	to do it:
Exo.36.3	1	H3947	and they received
Exo.36.3	2	H6440	of
Exo.36.3	3	H4872	Moses
Exo.36.3	4	H8641	all the offering
Exo.36.3	5	H1121	which the children
Exo.36.3	6	H3478	of Israel
Exo.36.3	7	H935	had brought
Exo.36.3	8	H4399	for the work
Exo.36.3	9	H5656	of the service
Exo.36.3	10	H6944	of the sanctuary,
Exo.36.3	11	H6213	wherewith to make
Exo.36.3	12	H935	it. And they brought
Exo.36.3	13	H5071	yet unto him freewill-offerings
Exo.36.3	14	H1242	every morning.
Exo.36.4	1	H2450	And all the wise men,
Exo.36.4	2	H6213	that wrought
Exo.36.4	3	H4399	all the work
Exo.36.4	4	H6944	of the sanctuary,
Exo.36.4	5	H935	came
Exo.36.4	6	H376	every man
Exo.36.4	7	H4399	from his work
Exo.36.4	8	H6213	which they wrought;
Exo.36.5	1	H559	and they spake
Exo.36.5	2	H4872	unto Moses,
Exo.36.5	3	H559	saying,
Exo.36.5	4	H5971	The people
Exo.36.5	5	H935	bring
Exo.36.5	6	H7235	much more
Exo.36.5	7	H1767	than enough
Exo.36.5	8	H5656	for the service
Exo.36.5	9	H4399	of the work
Exo.36.5	10	H3068	which Jehovah
Exo.36.5	11	H6680	commanded
Exo.36.5	12	H6213	to make.
Exo.36.6	1	H4872	And Moses
Exo.36.6	2	H6680	gave commandment,
Exo.36.6	3	H6963	and they caused it to be proclaimed
Exo.36.6	4	H4264	throughout the camp,
Exo.36.6	5	H559	saying,
Exo.36.6	6	H376	Let neither man
Exo.36.6	7	H802	nor woman
Exo.36.6	8	H6213	make
Exo.36.6	9	H4399	any more work
Exo.36.6	10	H8641	for the offering
Exo.36.6	11	H6944	of the sanctuary.
Exo.36.6	12	H5971	So the people
Exo.36.6	13	H3607	were restrained
Exo.36.6	14	H935	from bringing.
Exo.36.7	1	H4399	For the stuff
Exo.36.7	2	H1767	they had was sufficient
Exo.36.7	3	H4399	for all the work
Exo.36.7	4	H6213	to make
Exo.36.7	5	H3498	it, and too much.
Exo.36.8	1	H2450	And all the wise-hearted
Exo.36.8	2	H3820	men
Exo.36.8	3	H6213	among them that wrought
Exo.36.8	4	H4399	the work
Exo.36.8	5	H6213	made
Exo.36.8	6	H4908	the tabernacle
Exo.36.8	7	H6235	with ten
Exo.36.8	8	H3407	curtains;
Exo.36.8	9	H7806	of fine twined
Exo.36.8	10	H8336	linen,
Exo.36.8	11	H8504	and blue,
Exo.36.8	12	H713	and purple,
Exo.36.8	13	H8144	and scarlet,
Exo.36.8	14	H3742	with cherubim,
Exo.36.8	15	H4639	the work
Exo.36.8	16	H2803	of the skilful
Exo.36.8	17	H6213	workman, <i>Bezalel</i> made them.
Exo.36.9	1	H753	The length
Exo.36.9	2	H259	of each
Exo.36.9	3	H3407	curtain
Exo.36.9	4	H8083	was eight
Exo.36.9	5	H6242	and twenty
Exo.36.9	6	H520	cubits,
Exo.36.9	7	H7341	and the breadth
Exo.36.9	8	H259	of each
Exo.36.9	9	H3407	curtain
Exo.36.9	10	H702	four
Exo.36.9	11	H520	cubits:
Exo.36.9	12	H3407	all the curtains
Exo.36.9	13	H259	had one
Exo.36.9	14	H4060	measure.
Exo.36.10	1	H2266	And he coupled
Exo.36.10	2	H2568	five
Exo.36.10	3	H3407	curtains
Exo.36.10	4	H259	one
Exo.36.10	5	H259	to another:
Exo.36.10	6	H2568	and <i>the</i> <i>other</i> five
Exo.36.10	7	H3407	curtains
Exo.36.10	8	H2266	he coupled
Exo.36.10	9	H259	one
Exo.36.10	10	H259	to another.
Exo.36.11	1	H6213	And he made
Exo.36.11	2	H3924	loops
Exo.36.11	3	H8504	of blue
Exo.36.11	4	H8193	upon the edge
Exo.36.11	5	H259	of the one
Exo.36.11	6	H3407	curtain
Exo.36.11	7	H7098	from the selvedge
Exo.36.11	8	H4225	in the coupling:
Exo.36.11	9	H6213	likewise he made
Exo.36.11	10	H8193	in the edge
Exo.36.11	11	H3407	of the curtain
Exo.36.11	12	H7020	that was outmost
Exo.36.11	13	H8145	in the second
Exo.36.11	14	H4225	coupling.
Exo.36.12	1	H2572	Fifty
Exo.36.12	2	H3924	loops
Exo.36.12	3	H6213	made
Exo.36.12	4	H259	he in the one
Exo.36.12	5	H3407	curtain,
Exo.36.12	6	H2572	and fifty
Exo.36.12	7	H3924	loops
Exo.36.12	8	H6213	made
Exo.36.12	9	H7097	he in the edge
Exo.36.12	10	H3407	of the curtain
Exo.36.12	11	H8145	that was in the second
Exo.36.12	12	H4225	coupling:
Exo.36.12	13	H3924	the loops
Exo.36.12	14	H6901	were opposite
Exo.36.12	15	H259	one
Exo.36.12	16	H259	to another.
Exo.36.13	1	H6213	And he made
Exo.36.13	2	H2572	fifty
Exo.36.13	3	H7165	clasps
Exo.36.13	4	H2091	of gold,
Exo.36.13	5	H2266	and coupled
Exo.36.13	6	H3407	the curtains
Exo.36.13	7	H259	one
Exo.36.13	8	H259	to another
Exo.36.13	9	H7165	with the clasps:
Exo.36.13	10	H4908	so the tabernacle
Exo.36.13	11	H259	was one.
Exo.36.14	1	H6213	And he made
Exo.36.14	2	H3407	curtains
Exo.36.14	3	H5795	of goats'
Exo.36.14	4	H168	<i>hair</i> for a tent
Exo.36.14	5	H4908	over the tabernacle:
Exo.36.14	6	H6249	eleven
Exo.36.14	7	H3407	curtains
Exo.36.14	8	H6213	he made them.
Exo.36.15	1	H753	The length
Exo.36.15	2	H259	of each
Exo.36.15	3	H3407	curtain
Exo.36.15	4	H7970	was thirty
Exo.36.15	5	H520	cubits,
Exo.36.15	6	H702	and four
Exo.36.15	7	H520	cubits
Exo.36.15	8	H7341	the breadth
Exo.36.15	9	H259	of each
Exo.36.15	10	H3407	curtain:
Exo.36.15	11	H6249	the eleven
Exo.36.15	12	H3407	curtains
Exo.36.15	13	H259	had one
Exo.36.15	14	H4060	measure.
Exo.36.16	1	H2266	And he coupled
Exo.36.16	2	H2568	five
Exo.36.16	3	H3407	curtains
Exo.36.16	4	H8337	by themselves, and six
Exo.36.16	5	H3407	curtains by themselves.
Exo.36.17	1	H6213	And he made
Exo.36.17	2	H2572	fifty
Exo.36.17	3	H3924	loops
Exo.36.17	4	H8193	on the edge
Exo.36.17	5	H3407	of the curtain
Exo.36.17	6	H7020	that was outmost
Exo.36.17	7	H4225	in the coupling,
Exo.36.17	8	H2572	and fifty
Exo.36.17	9	H3924	loops
Exo.36.17	10	H6213	made
Exo.36.17	11	H8193	he upon the edge
Exo.36.17	12	H3407	of the curtain
Exo.36.17	13	H8145	which was <i>outmost</i> <i>in</i> the second
Exo.36.17	14	H2279	coupling.
Exo.36.18	1	H6213	And he made
Exo.36.18	2	H2572	fifty
Exo.36.18	3	H7165	clasps
Exo.36.18	4	H5178	of brass
Exo.36.18	5	H2266	to couple
Exo.36.18	6	H168	the tent
Exo.36.18	7	H2266	together,
Exo.36.18	8	H259	that it might be one.
Exo.36.19	1	H6213	And he made
Exo.36.19	2	H4372	a covering
Exo.36.19	3	H168	for the tent
Exo.36.19	4	H352	of rams'
Exo.36.19	5	H5785	skins
Exo.36.19	6	H119	dyed red,
Exo.36.19	7	H4372	and a covering
Exo.36.19	8	H8476	of
Exo.36.19	9	H5785	sealskins
Exo.36.19	10	H4605	above.
Exo.36.20	1	H6213	And he made
Exo.36.20	2	H7175	the boards
Exo.36.20	3	H4908	for the tabernacle,
Exo.36.20	4	H7848	of acacia
Exo.36.20	5	H6086	wood,
Exo.36.20	6	H5975	standing up.
Exo.36.21	1	H6235	Ten
Exo.36.21	2	H520	cubits
Exo.36.21	3	H753	was the length
Exo.36.21	4	H7175	of a board,
Exo.36.21	5	H520	and a cubit
Exo.36.21	6	H2677	and a half
Exo.36.21	7	H7341	the breadth
Exo.36.21	8	H259	of each
Exo.36.21	9	H7175	board.
Exo.36.22	1	H259	Each
Exo.36.22	2	H7175	board
Exo.36.22	3	H8147	had two
Exo.36.22	4	H3027	tenons,
Exo.36.22	5	H7947	joined
Exo.36.22	6	H259	one
Exo.36.22	7	H413	to
Exo.36.22	8	H259	another:
Exo.36.22	9	H6213	thus did he make
Exo.36.22	10	H7175	for all the boards
Exo.36.22	11	H4908	of the tabernacle.
Exo.36.23	1	H6213	And he made
Exo.36.23	2	H7175	the boards
Exo.36.23	3	H4908	for the tabernacle:
Exo.36.23	4	H6242	twenty
Exo.36.23	5	H7175	boards
Exo.36.23	6	H5045	for the south
Exo.36.23	7	H6285	side
Exo.36.23	8	H8486	southward;
Exo.36.24	1	H6213	and he made
Exo.36.24	2	H705	forty
Exo.36.24	3	H134	sockets
Exo.36.24	4	H3701	of silver
Exo.36.24	5	H6242	under the twenty
Exo.36.24	6	H7175	boards;
Exo.36.24	7	H8147	two
Exo.36.24	8	H134	sockets
Exo.36.24	9	H259	under one
Exo.36.24	10	H7175	board
Exo.36.24	11	H8147	for its two
Exo.36.24	12	H3027	tenons,
Exo.36.24	13	H8147	and two
Exo.36.24	14	H134	sockets
Exo.36.24	15	H259	under another
Exo.36.24	16	H7175	board
Exo.36.24	17	H8147	for its two
Exo.36.24	18	H3027	tenons.
Exo.36.25	1	H8145	And for the second
Exo.36.25	2	H6763	side
Exo.36.25	3	H4908	of the tabernacle,
Exo.36.25	4	H6828	on the north
Exo.36.25	5	H6285	side,
Exo.36.25	6	H6213	he made
Exo.36.25	7	H6242	twenty
Exo.36.25	8	H7175	boards,
Exo.36.26	1	H705	and their forty
Exo.36.26	2	H134	sockets
Exo.36.26	3	H3701	of silver;
Exo.36.26	4	H8147	two
Exo.36.26	5	H134	sockets
Exo.36.26	6	H259	under one
Exo.36.26	7	H7175	board,
Exo.36.26	8	H8147	and two
Exo.36.26	9	H134	sockets
Exo.36.26	10	H259	under another
Exo.36.26	11	H7175	board.
Exo.36.27	1	H3411	And for the hinder
Exo.36.27	2	H4908	part of the tabernacle
Exo.36.27	3	H3220	westward
Exo.36.27	4	H6213	he made
Exo.36.27	5	H8337	six
Exo.36.27	6	H7175	boards.
Exo.36.28	1	H8147	And two
Exo.36.28	2	H7175	boards
Exo.36.28	3	H6213	made
Exo.36.28	4	H4742	he for the corners
Exo.36.28	5	H4908	of the tabernacle
Exo.36.28	6	H3411	in the hinder part.
Exo.36.29	1	H8382	And they were double
Exo.36.29	2	H4295	beneath;
Exo.36.29	3	H8382	and in like
Exo.36.29	4	H3162	manner
Exo.36.29	5	H7218	they were entire unto the top
Exo.36.29	6	H259	thereof unto one
Exo.36.29	7	H2885	ring:
Exo.36.29	8	H6213	thus he did
Exo.36.29	9	H8147	to both
Exo.36.29	10	H8147	of them in the two
Exo.36.29	11	H4740	corners.
Exo.36.30	1	H8083	And there were eight
Exo.36.30	2	H7175	boards,
Exo.36.30	3	H134	and their sockets
Exo.36.30	4	H3701	of silver,
Exo.36.30	5	H8337	sixteen
Exo.36.30	6	H134	sockets;
Exo.36.30	7	H259	under every
Exo.36.30	8	H7175	board
Exo.36.30	9	H8147	two
Exo.36.30	10	H134	sockets.
Exo.36.31	1	H6213	And he made
Exo.36.31	2	H1280	bars
Exo.36.31	3	H7848	of acacia
Exo.36.31	4	H6086	wood;
Exo.36.31	5	H2568	five
Exo.36.31	6	H7175	for the boards
Exo.36.31	7	H259	of the one
Exo.36.31	8	H6763	side
Exo.36.31	9	H4908	of the tabernacle,
Exo.36.32	1	H2568	and five
Exo.36.32	2	H1280	bars
Exo.36.32	3	H7175	for the boards
Exo.36.32	4	H8145	of the other
Exo.36.32	5	H6763	side
Exo.36.32	6	H4908	of the tabernacle,
Exo.36.32	7	H2568	and five
Exo.36.32	8	H1280	bars
Exo.36.32	9	H7175	for the boards
Exo.36.32	10	H4908	of the tabernacle
Exo.36.32	11	H3411	for the hinder part
Exo.36.32	12	H3220	westward.
Exo.36.33	1	H6213	And he made
Exo.36.33	2	H8484	the middle
Exo.36.33	3	H1280	bar
Exo.36.33	4	H1272	to pass
Exo.36.33	5	H8432	through
Exo.36.33	6	H7175	in the midst of the boards
Exo.36.33	7	H7097	from the one end
Exo.36.33	8	H7097	to the other.
Exo.36.34	1	H6823	And he overlaid
Exo.36.34	2	H7175	the boards
Exo.36.34	3	H2091	with gold,
Exo.36.34	4	H6213	and made
Exo.36.34	5	H2885	their rings
Exo.36.34	6	H2091	of gold
Exo.36.34	7	H1004	for places
Exo.36.34	8	H1280	for the bars,
Exo.36.34	9	H6823	and overlaid
Exo.36.34	10	H1280	the bars
Exo.36.34	11	H2091	with gold.
Exo.36.35	1	H6213	And he made
Exo.36.35	2	H6532	the veil
Exo.36.35	3	H8504	of blue,
Exo.36.35	4	H713	and purple,
Exo.36.35	5	H8144	and scarlet,
Exo.36.35	6	H7806	and fine twined
Exo.36.35	7	H8336	linen:
Exo.36.35	8	H3742	with cherubim,
Exo.36.35	9	H4639	the work
Exo.36.35	10	H2803	of the skilful
Exo.36.35	11	H6213	workman, made he it.
Exo.36.36	1	H6213	And he made
Exo.36.36	2	H702	thereunto four
Exo.36.36	3	H5982	pillars
Exo.36.36	4	H7848	of acacia,
Exo.36.36	5	H6823	and overlaid
Exo.36.36	6	H2091	them with gold:
Exo.36.36	7	H2053	their hooks
Exo.36.36	8	H2091	were of gold:
Exo.36.36	9	H3332	and he cast
Exo.36.36	10	H702	for them four
Exo.36.36	11	H134	sockets
Exo.36.36	12	H3701	of silver.
Exo.36.37	1	H6213	And he made
Exo.36.37	2	H4539	a screen
Exo.36.37	3	H6607	for the door
Exo.36.37	4	H168	of the Tent,
Exo.36.37	5	H8504	of blue,
Exo.36.37	6	H713	and purple,
Exo.36.37	7	H8144	and scarlet,
Exo.36.37	8	H7806	and fine twined
Exo.36.37	9	H8336	linen,
Exo.36.37	10	H7551	the work of the embroiderer;
Exo.36.38	1	H2568	and the five
Exo.36.38	2	H5982	pillars
Exo.36.38	3	H2053	of it with their hooks:
Exo.36.38	4	H6823	and he overlaid
Exo.36.38	5	H7218	their capitals
Exo.36.38	6	H2838	and their fillets
Exo.36.38	7	H2091	with gold;
Exo.36.38	8	H2568	and their five
Exo.36.38	9	H134	sockets
Exo.36.38	10	H5178	were of brass.
Exo.37.1	1	H1212	And Bezalel
Exo.37.1	2	H6213	made
Exo.37.1	3	H727	the ark
Exo.37.1	4	H7848	of acacia
Exo.37.1	5	H6086	wood:
Exo.37.1	6	H520	two cubits
Exo.37.1	7	H2677	and a half
Exo.37.1	8	H753	was the length
Exo.37.1	9	H520	of it, and a cubit
Exo.37.1	10	H2677	and a half
Exo.37.1	11	H7341	the breadth
Exo.37.1	12	H520	of it, and a cubit
Exo.37.1	13	H2677	and a half
Exo.37.1	14	H6967	the height of it.
Exo.37.2	1	H6823	And he overlaid
Exo.37.2	2	H2889	it with pure
Exo.37.2	3	H2091	gold
Exo.37.2	4	H1004	within
Exo.37.2	5	H2351	and without,
Exo.37.2	6	H6213	and made
Exo.37.2	7	H2213	a crown
Exo.37.2	8	H2091	of gold
Exo.37.2	9	H5439	to it round about.
Exo.37.3	1	H3332	And he cast
Exo.37.3	2	H702	for it four
Exo.37.3	3	H2885	rings
Exo.37.3	4	H2091	of gold,
Exo.37.3	5	H702	in the four
Exo.37.3	6	H6471	feet
Exo.37.3	7	H8147	thereof; even two
Exo.37.3	8	H2885	rings
Exo.37.3	9	H259	on the one
Exo.37.3	10	H6763	side
Exo.37.3	11	H8147	of it, and two
Exo.37.3	12	H2885	rings
Exo.37.3	13	H8145	on the other
Exo.37.3	14	H6763	side of it.
Exo.37.4	1	H6213	And he made
Exo.37.4	2	H905	staves
Exo.37.4	3	H7848	of acacia
Exo.37.4	4	H6086	wood,
Exo.37.4	5	H6823	and overlaid
Exo.37.4	6	H2091	them with gold.
Exo.37.5	1	H935	And he put
Exo.37.5	2	H905	the staves
Exo.37.5	3	H2885	into the rings
Exo.37.5	4	H6763	on the sides
Exo.37.5	5	H727	of the ark,
Exo.37.5	6	H5375	to bear
Exo.37.5	7	H727	the ark.
Exo.37.6	1	H6213	And he made
Exo.37.6	2	H3727	a mercy-seat
Exo.37.6	3	H2889	of pure
Exo.37.6	4	H2091	gold:
Exo.37.6	5	H520	two cubits
Exo.37.6	6	H2677	and a half
Exo.37.6	7	H753	<i>was</i> the length
Exo.37.6	8	H520	thereof, and a cubit
Exo.37.6	9	H2677	and a half
Exo.37.6	10	H7341	the breadth thereof.
Exo.37.7	1	H6213	And he made
Exo.37.7	2	H8147	two
Exo.37.7	3	H3742	cherubim
Exo.37.7	4	H2091	of gold;
Exo.37.7	5	H4749	of beaten work
Exo.37.7	6	H6213	made
Exo.37.7	7	H8147	he them, at the two
Exo.37.7	8	H7098	ends
Exo.37.7	9	H3727	of the mercy-seat;
Exo.37.8	1	H259	one
Exo.37.8	2	H3742	cherub
Exo.37.8	3	H7098	at the one end,
Exo.37.8	4	H259	and one
Exo.37.8	5	H3742	cherub
Exo.37.8	6	H7098	at the other end:
Exo.37.8	7	H3727	of one piece with the mercy-seat
Exo.37.8	8	H6213	made
Exo.37.8	9	H3742	he the cherubim
Exo.37.8	10	H8147	at the two
Exo.37.8	11	H7098	ends thereof.
Exo.37.9	1	H3742	And the cherubim
Exo.37.9	2	H6566	spread out
Exo.37.9	3	H3671	their wings
Exo.37.9	4	H4605	on high,
Exo.37.9	5	H5526	covering
Exo.37.9	6	H3727	the mercy-seat
Exo.37.9	7	H3671	with their wings,
Exo.37.9	8	H6440	with their faces
Exo.37.9	9	H376	one
Exo.37.9	10	H251	to another;
Exo.37.9	11	H3727	toward the mercy-seat
Exo.37.9	12	H6440	were the faces
Exo.37.9	13	H3742	of the cherubim.
Exo.37.10	1	H6213	And he made
Exo.37.10	2	H7979	the table
Exo.37.10	3	H7848	of acacia
Exo.37.10	4	H6086	wood:
Exo.37.10	5	H520	two cubits
Exo.37.10	6	H753	<i>was</i> the length
Exo.37.10	7	H520	thereof, and a cubit
Exo.37.10	8	H7341	the breadth
Exo.37.10	9	H520	thereof, and a cubit
Exo.37.10	10	H2677	and a half
Exo.37.10	11	H6967	the height thereof.
Exo.37.11	1	H6823	And he overlaid
Exo.37.11	2	H2889	it with pure
Exo.37.11	3	H2091	gold,
Exo.37.11	4	H6213	and made
Exo.37.11	5	H2213	thereto a crown
Exo.37.11	6	H2091	of gold
Exo.37.11	7	H5439	round about.
Exo.37.12	1	H6213	And he made
Exo.37.12	2	H4526	unto it a border
Exo.37.12	3	H2948	of a handbreadth
Exo.37.12	4	H5439	round about,
Exo.37.12	5	H6213	and made
Exo.37.12	6	H2091	a golden
Exo.37.12	7	H2213	crown
Exo.37.12	8	H4526	to the border
Exo.37.12	9	H5439	thereof round about.
Exo.37.13	1	H3332	And he cast
Exo.37.13	2	H702	for it four
Exo.37.13	3	H2885	rings
Exo.37.13	4	H2091	of gold,
Exo.37.13	5	H5414	and put
Exo.37.13	6	H2885	the rings
Exo.37.13	7	H702	in the four
Exo.37.13	8	H6285	corners
Exo.37.13	9	H702	that were on the four
Exo.37.13	10	H7272	feet thereof.
Exo.37.14	1	H5980	Close by
Exo.37.14	2	H4526	the border
Exo.37.14	3	H2885	were the rings,
Exo.37.14	4	H1004	the places
Exo.37.14	5	H905	for the staves
Exo.37.14	6	H5375	to bear
Exo.37.14	7	H7979	the table.
Exo.37.15	1	H6213	And he made
Exo.37.15	2	H905	the staves
Exo.37.15	3	H7848	of acacia
Exo.37.15	4	H6086	wood,
Exo.37.15	5	H6823	and overlaid
Exo.37.15	6	H2091	them with gold,
Exo.37.15	7	H5375	to bear
Exo.37.15	8	H7979	the table.
Exo.37.16	1	H6213	And he made
Exo.37.16	2	H3627	the vessels
Exo.37.16	3	H7979	which were upon the table,
Exo.37.16	4	H7086	the dishes
Exo.37.16	5	H3709	thereof, and the spoons
Exo.37.16	6	H4518	thereof, and the bowls
Exo.37.16	7	H7184	thereof, and the flagons
Exo.37.16	8	H2004	thereof, wherewith
Exo.37.16	9	H5258	to pour
Exo.37.16	10	H2889	out, of pure
Exo.37.16	11	H2091	gold.
Exo.37.17	1	H6213	And he made
Exo.37.17	2	H4501	the candlestick
Exo.37.17	3	H2889	of pure
Exo.37.17	4	H2091	gold:
Exo.37.17	5	H4749	of beaten work
Exo.37.17	6	H6213	made
Exo.37.17	7	H4501	he the candlestick,
Exo.37.17	8	H3409	even its base,
Exo.37.17	9	H7070	and its shaft;
Exo.37.17	10	H1375	its cups,
Exo.37.17	11	H3730	it knops,
Exo.37.17	12	H6525	and its flowers, were of one piece with it.
Exo.37.18	1	H8337	And there were six
Exo.37.18	2	H7070	branches
Exo.37.18	3	H3318	going out
Exo.37.18	4	H6654	of the sides
Exo.37.18	5	H7969	thereof; three
Exo.37.18	6	H7070	branches
Exo.37.18	7	H4501	of the candlestick
Exo.37.18	8	H259	out of the one
Exo.37.18	9	H6654	side
Exo.37.18	10	H7969	thereof, and three
Exo.37.18	11	H7070	branches
Exo.37.18	12	H4501	of the candlestick
Exo.37.18	13	H8145	out of the other
Exo.37.18	14	H6654	side thereof:
Exo.37.19	1	H7969	three
Exo.37.19	2	H1375	cups
Exo.37.19	3	H8246	made like almond-blossoms
Exo.37.19	4	H259	in one
Exo.37.19	5	H7070	branch,
Exo.37.19	6	H3730	a knop
Exo.37.19	7	H6525	and a flower,
Exo.37.19	8	H7969	and three
Exo.37.19	9	H1375	cups
Exo.37.19	10	H8246	made like almond-blossoms
Exo.37.19	11	H259	in the other
Exo.37.19	12	H7070	branch,
Exo.37.19	13	H3730	a knop
Exo.37.19	14	H6525	and a flower:
Exo.37.19	15	H8337	so for the six
Exo.37.19	16	H7070	branches
Exo.37.19	17	H3318	going out
Exo.37.19	18	H4501	of the candlestick.
Exo.37.20	1	H4501	And in the candlestick
Exo.37.20	2	H702	were four
Exo.37.20	3	H1375	cups
Exo.37.20	4	H8246	made like almond-blossoms,
Exo.37.20	5	H3730	the knops
Exo.37.20	6	H6525	thereof, and the flowers thereof;
Exo.37.21	1	H3730	and a knop
Exo.37.21	2	H8147	under two
Exo.37.21	3	H7070	branches
Exo.37.21	4	H3730	of one piece with it, and a knop
Exo.37.21	5	H8147	under two
Exo.37.21	6	H7070	branches
Exo.37.21	7	H3730	of one piece with it, and a knop
Exo.37.21	8	H8147	under two
Exo.37.21	9	H7070	branches
Exo.37.21	10	H8337	of one piece with it, for the six
Exo.37.21	11	H7070	branches
Exo.37.21	12	H3318	going out of it.
Exo.37.22	1	H3730	Their knops
Exo.37.22	2	H7070	and their branches
Exo.37.22	3	H259	were of one piece with it: the whole of it was one
Exo.37.22	4	H4749	beaten work
Exo.37.22	5	H2889	of pure
Exo.37.22	6	H2091	gold.
Exo.37.23	1	H6213	And he made
Exo.37.23	2	H5216	the lamps
Exo.37.23	3	H7651	thereof, seven,
Exo.37.23	4	H4457	and the snuffers
Exo.37.23	5	H4289	thereof, and the snuffdishes
Exo.37.23	6	H2889	thereof, of pure
Exo.37.23	7	H2091	gold.
Exo.37.24	1	H3603	Of a talent
Exo.37.24	2	H2889	of pure
Exo.37.24	3	H2091	gold
Exo.37.24	4	H6213	made
Exo.37.24	5	H3627	he it, and all the vessels thereof.
Exo.37.25	1	H6213	And he made
Exo.37.25	2	H4196	the altar
Exo.37.25	3	H7004	of incense
Exo.37.25	4	H7848	of acacia
Exo.37.25	5	H6086	wood:
Exo.37.25	6	H520	a cubit
Exo.37.25	7	H753	was the length
Exo.37.25	8	H520	thereof, and a cubit
Exo.37.25	9	H7341	the breadth
Exo.37.25	10	H7251	thereof, foursquare;
Exo.37.25	11	H520	and two cubits
Exo.37.25	12	H6967	was the height
Exo.37.25	13	H7161	thereof; the horns thereof were of one piece with it.
Exo.37.26	1	H6823	And he overlaid
Exo.37.26	2	H2889	it with pure
Exo.37.26	3	H2091	gold,
Exo.37.26	4	H1406	the top
Exo.37.26	5	H7023	thereof, and the sides
Exo.37.26	6	H5439	thereof round about,
Exo.37.26	7	H7161	and the horns
Exo.37.26	8	H6213	of it: and he made
Exo.37.26	9	H2213	unto it a crown
Exo.37.26	10	H2091	of gold
Exo.37.26	11	H5439	round about.
Exo.37.27	1	H6213	And he made
Exo.37.27	2	H8147	for it two
Exo.37.27	3	H2091	golden
Exo.37.27	4	H2885	rings
Exo.37.27	5	H2213	under the crown
Exo.37.27	6	H8147	thereof, upon the two
Exo.37.27	7	H6763	ribs
Exo.37.27	8	H8147	thereof, upon the two
Exo.37.27	9	H6654	sides
Exo.37.27	10	H1004	of it, for places
Exo.37.27	11	H905	for staves
Exo.37.27	12	H5375	wherewith to bear it.
Exo.37.28	1	H6213	And he made
Exo.37.28	2	H905	the staves
Exo.37.28	3	H7848	of acacia
Exo.37.28	4	H6086	wood,
Exo.37.28	5	H6823	and overlaid
Exo.37.28	6	H2091	them with gold.
Exo.37.29	1	H6213	And he made
Exo.37.29	2	H6944	the holy
Exo.37.29	3	H4888	anointing
Exo.37.29	4	H8081	oil,
Exo.37.29	5	H2889	and the pure
Exo.37.29	6	H7004	incense
Exo.37.29	7	H5561	of sweet spices,
Exo.37.29	8	H4639	after the art
Exo.37.29	9	H7543	of the perfumer.
Exo.38.1	1	H6213	And he made
Exo.38.1	2	H4196	the altar
Exo.38.1	3	H5930	of burnt-offering
Exo.38.1	4	H7848	of acacia
Exo.38.1	5	H6086	wood:
Exo.38.1	6	H2568	five
Exo.38.1	7	H520	cubits
Exo.38.1	8	H753	was the length
Exo.38.1	9	H2568	thereof, and five
Exo.38.1	10	H520	cubits
Exo.38.1	11	H7341	the breadth
Exo.38.1	12	H7251	thereof, foursquare;
Exo.38.1	13	H7969	and three
Exo.38.1	14	H520	cubits
Exo.38.1	15	H6967	the height thereof.
Exo.38.2	1	H6213	And he made
Exo.38.2	2	H7161	the horns
Exo.38.2	3	H702	thereof upon the four
Exo.38.2	4	H6438	corners
Exo.38.2	5	H7161	of it; the horns
Exo.38.2	6	H6823	thereof were of one piece with it: and he overlaid
Exo.38.2	7	H5178	it with brass.
Exo.38.3	1	H6213	And he made
Exo.38.3	2	H3627	all the vessels
Exo.38.3	3	H4196	of the altar,
Exo.38.3	4	H5518	the pots,
Exo.38.3	5	H3257	and the shovels,
Exo.38.3	6	H4219	and the basins,
Exo.38.3	7	H4207	the flesh-hooks,
Exo.38.3	8	H4289	and the firepans:
Exo.38.3	9	H3627	all the vessels
Exo.38.3	10	H6213	thereof made
Exo.38.3	11	H5178	he of brass.
Exo.38.4	1	H6213	And he made
Exo.38.4	2	H4196	for the altar
Exo.38.4	3	H4345	a grating
Exo.38.4	4	H7568	of network
Exo.38.4	5	H5178	of brass,
Exo.38.4	6	H3749	under the ledge round
Exo.38.4	7	H4295	it beneath,
Exo.38.4	8	H2677	reaching halfway up.
Exo.38.5	1	H3332	And he cast
Exo.38.5	2	H702	four
Exo.38.5	3	H2885	rings
Exo.38.5	4	H702	for the four
Exo.38.5	5	H7099	ends
Exo.38.5	6	H4345	of the grating
Exo.38.5	7	H5178	of brass,
Exo.38.5	8	H1004	to be places
Exo.38.5	9	H905	for the staves.
Exo.38.6	1	H6213	And he made
Exo.38.6	2	H905	the staves
Exo.38.6	3	H7848	of acacia
Exo.38.6	4	H6086	wood,
Exo.38.6	5	H6823	and overlaid
Exo.38.6	6	H5178	them with brass.
Exo.38.7	1	H935	And he put
Exo.38.7	2	H905	the staves
Exo.38.7	3	H2885	into the rings
Exo.38.7	4	H6763	on the sides
Exo.38.7	5	H4196	of the altar,
Exo.38.7	6	H5375	wherewith to bear
Exo.38.7	7	H6213	it; he made
Exo.38.7	8	H5014	it hollow
Exo.38.7	9	H3871	with planks.
Exo.38.8	1	H6213	And he made
Exo.38.8	2	H3595	the laver
Exo.38.8	3	H5178	of brass,
Exo.38.8	4	H3653	and the base
Exo.38.8	5	H5178	thereof of brass,
Exo.38.8	6	H4759	of the mirrors
Exo.38.8	7	H6633	of the ministering
Exo.38.8	8	H6633	women that ministered
Exo.38.8	9	H6607	at the door
Exo.38.8	10	H168	of the tent
Exo.38.8	11	H4150	of meeting.
Exo.38.9	1	H6213	And he made
Exo.38.9	2	H2691	the court:
Exo.38.9	3	H5045	for the south
Exo.38.9	4	H6285	side
Exo.38.9	5	H8486	southward
Exo.38.9	6	H7050	the hangings
Exo.38.9	7	H2691	of the court
Exo.38.9	8	H7806	were of fine twined
Exo.38.9	9	H8336	linen,
Exo.38.9	10	H3967	a hundred
Exo.38.9	11	H520	cubits;
Exo.38.10	1	H5982	their pillars
Exo.38.10	2	H6242	were twenty,
Exo.38.10	3	H134	and their sockets
Exo.38.10	4	H6242	twenty,
Exo.38.10	5	H5178	of brass;
Exo.38.10	6	H2053	the hooks
Exo.38.10	7	H5982	of the pillars
Exo.38.10	8	H2838	and their fillets
Exo.38.10	9	H3701	were of silver.
Exo.38.11	1	H6828	And for the north
Exo.38.11	2	H6285	side
Exo.38.11	3	H3967	a hundred
Exo.38.11	4	H520	cubits,
Exo.38.11	5	H5982	their pillars
Exo.38.11	6	H6242	twenty,
Exo.38.11	7	H134	and their sockets
Exo.38.11	8	H6242	twenty,
Exo.38.11	9	H5178	of brass;
Exo.38.11	10	H2053	the hooks
Exo.38.11	11	H5982	of the pillars,
Exo.38.11	12	H2838	and their fillets,
Exo.38.11	13	H3701	of silver.
Exo.38.12	1	H3220	And for the west
Exo.38.12	2	H6285	side
Exo.38.12	3	H7050	were hangings
Exo.38.12	4	H2572	of fifty
Exo.38.12	5	H520	cubits,
Exo.38.12	6	H5982	their pillars
Exo.38.12	7	H6235	ten,
Exo.38.12	8	H134	and their sockets
Exo.38.12	9	H6235	ten;
Exo.38.12	10	H2053	the hooks
Exo.38.12	11	H5982	of the pillars,
Exo.38.12	12	H2838	and their fillets,
Exo.38.12	13	H3701	of silver.
Exo.38.13	1	H6924	And for the east
Exo.38.13	2	H6285	side
Exo.38.13	3	H4217	eastward
Exo.38.13	4	H2572	fifty
Exo.38.13	5	H520	cubits.
Exo.38.14	1	H7050	The hangings
Exo.38.14	2	H3802	for the one side
Exo.38.14	3	H2568	<i>of</i> <i>the</i> <i>gate</i> were fifteen
Exo.38.14	4	H520	cubits;
Exo.38.14	5	H5982	their pillars
Exo.38.14	6	H7969	three,
Exo.38.14	7	H134	and their sockets
Exo.38.14	8	H7969	three;
Exo.38.15	1	H8145	and so for the other
Exo.38.15	2	H3802	side:
Exo.38.15	3	H8179	on this hand and that hand by the gate
Exo.38.15	4	H2691	of the court
Exo.38.15	5	H7050	were hangings
Exo.38.15	6	H2568	of fifteen
Exo.38.15	7	H520	cubits;
Exo.38.15	8	H5982	their pillars
Exo.38.15	9	H7969	three,
Exo.38.15	10	H134	and their sockets
Exo.38.15	11	H7969	three.
Exo.38.16	1	H7050	All the hangings
Exo.38.16	2	H2691	of the court
Exo.38.16	3	H5439	round about
Exo.38.16	4	H7806	were of fine twined
Exo.38.16	5	H8336	linen.
Exo.38.17	1	H134	And the sockets
Exo.38.17	2	H5982	for the pillars
Exo.38.17	3	H5178	were of brass;
Exo.38.17	4	H2053	the hooks
Exo.38.17	5	H5982	of the pillars,
Exo.38.17	6	H2838	and their fillets,
Exo.38.17	7	H3701	of silver;
Exo.38.17	8	H6826	and the overlaying
Exo.38.17	9	H7218	of their capitals,
Exo.38.17	10	H3701	of silver;
Exo.38.17	11	H5982	and all the pillars
Exo.38.17	12	H2691	of the court
Exo.38.17	13	H2836	were filleted
Exo.38.17	14	H3701	with silver.
Exo.38.18	1	H4539	And the screen
Exo.38.18	2	H8179	for the gate
Exo.38.18	3	H2691	of the court
Exo.38.18	4	H7551	was the work of the embroiderer,
Exo.38.18	5	H8504	of blue,
Exo.38.18	6	H713	and purple,
Exo.38.18	7	H8144	and scarlet,
Exo.38.18	8	H7806	and fine twined
Exo.38.18	9	H8336	linen:
Exo.38.18	10	H6242	and twenty
Exo.38.18	11	H520	cubits
Exo.38.18	12	H753	was the length,
Exo.38.18	13	H6967	and the height
Exo.38.18	14	H7341	in the breadth
Exo.38.18	15	H2568	was five
Exo.38.18	16	H520	cubits,
Exo.38.18	17	H5980	answerable
Exo.38.18	18	H7050	to the hangings
Exo.38.18	19	H2691	of the court.
Exo.38.19	1	H5982	And their pillars
Exo.38.19	2	H702	were four,
Exo.38.19	3	H134	and their sockets
Exo.38.19	4	H702	four,
Exo.38.19	5	H5178	of brass;
Exo.38.19	6	H2053	their hooks
Exo.38.19	7	H3701	of silver,
Exo.38.19	8	H6826	and the overlaying
Exo.38.19	9	H7218	of their capitals,
Exo.38.19	10	H2838	and their fillets,
Exo.38.19	11	H3701	of silver.
Exo.38.20	1	H3489	And all the pins
Exo.38.20	2	H4908	of the tabernacle,
Exo.38.20	3	H2691	and of the court
Exo.38.20	4	H5439	round about,
Exo.38.20	5	H5178	were of brass.
Exo.38.21	1	H428	This
Exo.38.21	2	H6485	is the sum
Exo.38.21	3	H4908	of <i>the</i> <i>things</i> <i>for</i> the tabernacle,
Exo.38.21	4	H4908	even the tabernacle
Exo.38.21	5	H5715	of the testimony,
Exo.38.21	6	H6485	as they were counted,
Exo.38.21	7	H6310	according to the commandment
Exo.38.21	8	H4872	of Moses,
Exo.38.21	9	H5656	for the service
Exo.38.21	10	H3881	of the Levites,
Exo.38.21	11	H3027	by the hand
Exo.38.21	12	H385	of Ithamar,
Exo.38.21	13	H1121	the son
Exo.38.21	14	H175	of Aaron
Exo.38.21	15	H3548	the priest.
Exo.38.22	1	H1212	And Bezalel
Exo.38.22	2	H1121	the son
Exo.38.22	3	H221	of Uri,
Exo.38.22	4	H1121	the son
Exo.38.22	5	H2354	of Hur,
Exo.38.22	6	H4294	of the tribe
Exo.38.22	7	H3063	of Judah,
Exo.38.22	8	H6213	made
Exo.38.22	9	H3068	all that Jehovah
Exo.38.22	10	H6680	commanded
Exo.38.22	11	H4872	Moses.
Exo.38.23	1	H171	And with him was Oholiab,
Exo.38.23	2	H1121	the son
Exo.38.23	3	H294	of Ahisamach,
Exo.38.23	4	H4294	of the tribe
Exo.38.23	5	H1835	of Dan,
Exo.38.23	6	H2796	an engraver,
Exo.38.23	7	H2803	and a skilful workman,
Exo.38.23	8	H7551	and an embroiderer
Exo.38.23	9	H8504	in blue,
Exo.38.23	10	H713	and in purple,
Exo.38.23	11	H8144	and in scarlet,
Exo.38.23	12	H8336	and in fine linen.
Exo.38.24	1	H2091	All the gold
Exo.38.24	2	H6213	that was used
Exo.38.24	3	H4399	for the work
Exo.38.24	4	H4399	in all the work
Exo.38.24	5	H6944	of the sanctuary,
Exo.38.24	6	H2091	even the gold
Exo.38.24	7	H8573	of the offering,
Exo.38.24	8	H6242	was twenty
Exo.38.24	9	H8672	and nine
Exo.38.24	10	H3603	talents,
Exo.38.24	11	H7651	and seven
Exo.38.24	12	H3967	hundred
Exo.38.24	13	H7970	and thirty
Exo.38.24	14	H8255	shekels,
Exo.38.24	15	H8255	after the shekel
Exo.38.24	16	H6944	of the sanctuary.
Exo.38.25	1	H3701	And the silver
Exo.38.25	2	H6485	of them that were numbered
Exo.38.25	3	H5712	of the congregation
Exo.38.25	4	H3967	was a hundred
Exo.38.25	5	H3603	talents,
Exo.38.25	6	H505	and a thousand
Exo.38.25	7	H7651	seven
Exo.38.25	8	H3967	hundred
Exo.38.25	9	H7657	and threescore and fifteen
Exo.38.25	10	H8255	shekels,
Exo.38.25	11	H8255	after the shekel
Exo.38.25	12	H6944	of the sanctuary:
Exo.38.26	1	H1235	a beka
Exo.38.26	2	H1538	a head,
Exo.38.26	3	H4276	<i>that</i> <i>is</i>, half
Exo.38.26	4	H8255	a shekel,
Exo.38.26	5	H8255	after the shekel
Exo.38.26	6	H6944	of the sanctuary,
Exo.38.26	7	H5674	for every one that passed
Exo.38.26	8	H6485	over to them that were numbered,
Exo.38.26	9	H6242	from twenty
Exo.38.26	10	H8141	years
Exo.38.26	11	H1121	old
Exo.38.26	12	H4605	and upward,
Exo.38.26	13	H8337	for six
Exo.38.26	14	H3967	hundred
Exo.38.26	15	H505	thousand
Exo.38.26	16	H7969	and three
Exo.38.26	17	H505	thousand
Exo.38.26	18	H2568	and five
Exo.38.26	19	H3967	hundred
Exo.38.26	20	H2572	and fifty men.
Exo.38.27	1	H3967	And the hundred
Exo.38.27	2	H3603	talents
Exo.38.27	3	H3701	of silver
Exo.38.27	4	H3332	were for casting
Exo.38.27	5	H134	the sockets
Exo.38.27	6	H6944	of the sanctuary,
Exo.38.27	7	H134	and the sockets
Exo.38.27	8	H6532	of the veil;
Exo.38.27	9	H3967	a hundred
Exo.38.27	10	H134	sockets
Exo.38.27	11	H3967	for the hundred
Exo.38.27	12	H3603	talents,
Exo.38.27	13	H3603	a talent
Exo.38.27	14	H134	for a socket.
Exo.38.28	1	H505	And of the thousand
Exo.38.28	2	H7651	seven
Exo.38.28	3	H3967	hundred
Exo.38.28	4	H7657	seventy
Exo.38.28	5	H2568	and five
Exo.38.28	6	H6213	<i>shekels</i> he made
Exo.38.28	7	H2053	hooks
Exo.38.28	8	H5982	for the pillars,
Exo.38.28	9	H6823	and overlaid
Exo.38.28	10	H7218	their capitals,
Exo.38.28	11	H2836	and made fillets for them.
Exo.38.29	1	H5178	And the brass
Exo.38.29	2	H8573	of the offering
Exo.38.29	3	H7657	was seventy
Exo.38.29	4	H3603	talents,
Exo.38.29	5	H505	and two thousand
Exo.38.29	6	H702	and four
Exo.38.29	7	H3967	hundred
Exo.38.29	8	H8255	shekels.
Exo.38.30	1	H6213	And therewith he made
Exo.38.30	2	H134	the sockets
Exo.38.30	3	H6607	to the door
Exo.38.30	4	H168	of the tent
Exo.38.30	5	H4150	of meeting,
Exo.38.30	6	H5178	and the brazen
Exo.38.30	7	H4196	altar,
Exo.38.30	8	H5178	and the brazen
Exo.38.30	9	H4345	grating
Exo.38.30	10	H3627	for it, and all the vessels
Exo.38.30	11	H4196	of the altar,
Exo.38.31	1	H134	and the sockets
Exo.38.31	2	H2691	of the court
Exo.38.31	3	H5439	round about,
Exo.38.31	4	H134	and the sockets
Exo.38.31	5	H8179	of the gate
Exo.38.31	6	H2691	of the court,
Exo.38.31	7	H3489	and all the pins
Exo.38.31	8	H4908	of the tabernacle,
Exo.38.31	9	H3489	and all the pins
Exo.38.31	10	H2691	of the court
Exo.38.31	11	H5439	round about.
Exo.39.1	1	H8504	And of the blue,
Exo.39.1	2	H713	and purple,
Exo.39.1	3	H8144	and scarlet,
Exo.39.1	4	H6213	they made
Exo.39.1	5	H8278	finely wrought
Exo.39.1	6	H899	garments,
Exo.39.1	7	H8334	for ministering
Exo.39.1	8	H6944	in the holy
Exo.39.1	9	H6213	place, and made
Exo.39.1	10	H6944	the holy
Exo.39.1	11	H899	garments
Exo.39.1	12	H175	for Aaron;
Exo.39.1	13	H3068	as Jehovah
Exo.39.1	14	H6680	commanded
Exo.39.1	15	H4872	Moses.
Exo.39.2	1	H6213	And he made
Exo.39.2	2	H646	the ephod
Exo.39.2	3	H2091	of gold,
Exo.39.2	4	H8504	blue,
Exo.39.2	5	H713	and purple,
Exo.39.2	6	H8438	and scarlet,
Exo.39.2	7	H7806	and fine twined
Exo.39.2	8	H8336	linen.
Exo.39.3	1	H7554	And they did beat
Exo.39.3	2	H2091	the gold
Exo.39.3	3	H854	into
Exo.39.3	4	H6341	thin plates,
Exo.39.3	5	H7112	and cut
Exo.39.3	6	H6616	it into wires,
Exo.39.3	7	H6213	to work
Exo.39.3	8	H8504	it in the blue,
Exo.39.3	9	H713	and in the purple,
Exo.39.3	10	H8144	and in the scarlet,
Exo.39.3	11	H8336	and in the fine linen,
Exo.39.3	12	H4639	the work
Exo.39.3	13	H2803	of the skilful workman.
Exo.39.4	1	H6213	They made
Exo.39.4	2	H3802	shoulder-pieces
Exo.39.4	3	H2266	for it, joined together;
Exo.39.4	4	H8147	at the two
Exo.39.4	5	H7098	ends
Exo.39.4	6	H2266	was it joined together.
Exo.39.5	1	H2805	And the skilfully woven band,
Exo.39.5	2	H642	that was upon it,
Exo.39.5	3	H4639	wherewith to gird it on, was of the same piece <i>and</i> like the work
Exo.39.5	4	H2091	thereof; of gold,
Exo.39.5	5	H8504	of blue,
Exo.39.5	6	H713	and purple,
Exo.39.5	7	H8144	and scarlet,
Exo.39.5	8	H7806	and fine twined
Exo.39.5	9	H8336	linen;
Exo.39.5	10	H3068	as Jehovah
Exo.39.5	11	H6680	commanded
Exo.39.5	12	H4872	Moses.
Exo.39.6	1	H6213	And they wrought
Exo.39.6	2	H7718	the onyx
Exo.39.6	3	H68	stones,
Exo.39.6	4	H4142	inclosed
Exo.39.6	5	H4865	in settings
Exo.39.6	6	H2091	of gold,
Exo.39.6	7	H6605	graven
Exo.39.6	8	H6605	with the engravings
Exo.39.6	9	H2368	of a signet,
Exo.39.6	10	H8034	according to the names
Exo.39.6	11	H1121	of the children
Exo.39.6	12	H3478	of Israel.
Exo.39.7	1	H7760	And he put
Exo.39.7	2	H3802	them on the shoulder-pieces
Exo.39.7	3	H646	of the ephod,
Exo.39.7	4	H68	to be stones
Exo.39.7	5	H2146	of memorial
Exo.39.7	6	H1121	for the children
Exo.39.7	7	H3478	of Israel;
Exo.39.7	8	H3068	as Jehovah
Exo.39.7	9	H6680	commanded
Exo.39.7	10	H4872	Moses.
Exo.39.8	1	H6213	And he made
Exo.39.8	2	H2833	the breastplate,
Exo.39.8	3	H4639	the work
Exo.39.8	4	H2803	of the skilful
Exo.39.8	5	H4639	workman, like the work
Exo.39.8	6	H646	of the ephod;
Exo.39.8	7	H2091	of gold,
Exo.39.8	8	H8504	of blue,
Exo.39.8	9	H713	and purple,
Exo.39.8	10	H8144	and scarlet,
Exo.39.8	11	H7806	and fine twined
Exo.39.8	12	H8336	linen.
Exo.39.9	1	H7251	It was foursquare;
Exo.39.9	2	H6213	they made
Exo.39.9	3	H2833	the breastplate
Exo.39.9	4	H3717	double:
Exo.39.9	5	H2239	a span
Exo.39.9	6	H753	was the length
Exo.39.9	7	H2239	thereof, and a span
Exo.39.9	8	H7341	the breadth
Exo.39.9	9	H3717	thereof, being double.
Exo.39.10	1	H4390	And they set
Exo.39.10	2	H702	in it four
Exo.39.10	3	H2905	rows
Exo.39.10	4	H68	of stones.
Exo.39.10	5	H2905	A row
Exo.39.10	6	H124	of sardius,
Exo.39.10	7	H6357	topaz,
Exo.39.10	8	H1304	and carbuncle
Exo.39.10	9	H259	was the first
Exo.39.10	10	H2905	row;
Exo.39.11	1	H8145	and the second
Exo.39.11	2	H2905	row,
Exo.39.11	3	H5306	an emerald,
Exo.39.11	4	H5601	a sapphire,
Exo.39.11	5	H3095	and a diamond;
Exo.39.12	1	H7992	and the third
Exo.39.12	2	H2905	row,
Exo.39.12	3	H3958	a jacinth,
Exo.39.12	4	H7618	an agate,
Exo.39.12	5	H306	and an amethyst;
Exo.39.13	1	H7243	and the fourth
Exo.39.13	2	H2905	row,
Exo.39.13	3	H8658	a beryl,
Exo.39.13	4	H7718	an onyx,
Exo.39.13	5	H3471	and a jaspar:
Exo.39.13	6	H4142	they were inclosed
Exo.39.13	7	H4396	in inclosings
Exo.39.13	8	H2091	of gold
Exo.39.13	9	H4865	in their settings.
Exo.39.14	1	H68	And the stones
Exo.39.14	2	H8034	were according to the names
Exo.39.14	3	H1121	of the children
Exo.39.14	4	H3478	of Israel,
Exo.39.14	5	H8147	twelve,
Exo.39.14	6	H8034	according to their names;
Exo.39.14	7	H6603	like the engravings
Exo.39.14	8	H2368	of a signet,
Exo.39.14	9	H376	every one
Exo.39.14	10	H8034	according to his name,
Exo.39.14	11	H8147	for the twelve
Exo.39.14	12	H7626	tribes.
Exo.39.15	1	H6213	And they made
Exo.39.15	2	H2833	upon the breastplate
Exo.39.15	3	H8333	chains
Exo.39.15	4	H1383	like cords,
Exo.39.15	5	H5688	of wreathen
Exo.39.15	6	H4639	work
Exo.39.15	7	H2889	of pure
Exo.39.15	8	H2091	gold.
Exo.39.16	1	H6213	And they made
Exo.39.16	2	H8147	two
Exo.39.16	3	H4865	settings
Exo.39.16	4	H2091	of gold,
Exo.39.16	5	H8147	and two
Exo.39.16	6	H2091	gold
Exo.39.16	7	H2885	rings,
Exo.39.16	8	H5414	and put
Exo.39.16	9	H8147	the two
Exo.39.16	10	H2885	rings
Exo.39.16	11	H8147	on the two
Exo.39.16	12	H7098	ends
Exo.39.16	13	H2833	of the breastplate.
Exo.39.17	1	H5414	And they put
Exo.39.17	2	H8147	the two
Exo.39.17	3	H5688	wreathen chains
Exo.39.17	4	H2091	of gold
Exo.39.17	5	H8147	in the two
Exo.39.17	6	H2885	rings
Exo.39.17	7	H7098	at the ends
Exo.39.17	8	H2833	of the breastplate.
Exo.39.18	1	H8147	And the <i>other</i> two
Exo.39.18	2	H7098	ends
Exo.39.18	3	H8147	of the two
Exo.39.18	4	H5688	wreathen
Exo.39.18	5	H5688	chains
Exo.39.18	6	H5414	they put
Exo.39.18	7	H8147	on the two
Exo.39.18	8	H4865	settings,
Exo.39.18	9	H5414	and put
Exo.39.18	10	H3802	them on the shoulder-pieces
Exo.39.18	11	H646	of the ephod,
Exo.39.18	12	H4136	in the
Exo.39.18	13	H6440	forepart thereof.
Exo.39.19	1	H6213	And they made
Exo.39.19	2	H8147	two
Exo.39.19	3	H2885	rings
Exo.39.19	4	H2091	of gold,
Exo.39.19	5	H7760	and put
Exo.39.19	6	H8147	them upon the two
Exo.39.19	7	H7098	ends
Exo.39.19	8	H2833	of the breastplate,
Exo.39.19	9	H8193	upon the edge
Exo.39.19	10	H5676	thereof, which was toward the side
Exo.39.19	11	H646	of the ephod
Exo.39.19	12	H1004	inward.
Exo.39.20	1	H6213	And they made
Exo.39.20	2	H8147	two
Exo.39.20	3	H2885	rings
Exo.39.20	4	H2091	of gold,
Exo.39.20	5	H5414	and put
Exo.39.20	6	H8147	them on the two
Exo.39.20	7	H3802	shoulder-pieces
Exo.39.20	8	H646	of the ephod
Exo.39.20	9	H4295	underneath,
Exo.39.20	10	H4136	in
Exo.39.20	11	H6440	the forepart
Exo.39.20	12	H5980	thereof, close
Exo.39.20	13	H4225	by the coupling
Exo.39.20	14	H4605	thereof, above
Exo.39.20	15	H2805	the skilfully woven band
Exo.39.20	16	H646	of the ephod.
Exo.39.21	1	H7405	And they did bind
Exo.39.21	2	H2833	the breastplate
Exo.39.21	3	H2885	by the rings
Exo.39.21	4	H2885	thereof unto the rings
Exo.39.21	5	H646	of the ephod
Exo.39.21	6	H6616	with a lace
Exo.39.21	7	H8504	of blue,
Exo.39.21	8	H2805	that it might be upon the skilfully woven band
Exo.39.21	9	H646	of the ephod,
Exo.39.21	10	H2833	and that the breastplate
Exo.39.21	11	H2118	might not be loosed
Exo.39.21	12	H646	from the ephod;
Exo.39.21	13	H3068	as Jehovah
Exo.39.21	14	H6680	commanded
Exo.39.21	15	H4872	Moses.
Exo.39.22	1	H6213	And he made
Exo.39.22	2	H4598	the robe
Exo.39.22	3	H646	of the ephod
Exo.39.22	4	H707	of woven
Exo.39.22	5	H4639	work,
Exo.39.22	6	H3632	all
Exo.39.22	7	H8504	of blue;
Exo.39.23	1	H6310	and the hole
Exo.39.23	2	H4598	of the robe
Exo.39.23	3	H8432	in the midst
Exo.39.23	4	H6310	thereof, as the hole
Exo.39.23	5	H8473	of a coat
Exo.39.23	6	H8193	of mail, with a binding
Exo.39.23	7	H5439	round about
Exo.39.23	8	H6310	the hole
Exo.39.23	9	H7167	of it, that it should not be rent.
Exo.39.24	1	H6213	And they made
Exo.39.24	2	H7757	upon the skirts
Exo.39.24	3	H4598	of the robe
Exo.39.24	4	H7416	pomegranates
Exo.39.24	5	H8504	of blue,
Exo.39.24	6	H713	and purple,
Exo.39.24	7	H8144	and scarlet,
Exo.39.24	8	H7806	<i>and</i> twined <i>linen</i>.
Exo.39.25	1	H6213	And they made
Exo.39.25	2	H6472	bells
Exo.39.25	3	H2889	of pure
Exo.39.25	4	H2091	gold,
Exo.39.25	5	H5414	and put
Exo.39.25	6	H6472	the bells
Exo.39.25	7	H8432	between
Exo.39.25	8	H7416	the pomegranates
Exo.39.25	9	H7757	upon the skirts
Exo.39.25	10	H4598	of the robe
Exo.39.25	11	H5439	round about,
Exo.39.25	12	H8432	between
Exo.39.25	13	H7416	the pomegranates;
Exo.39.26	1	H6472	a bell
Exo.39.26	2	H7416	and a pomegranate,
Exo.39.26	3	H6472	a bell
Exo.39.26	4	H7416	and a pomegranate,
Exo.39.26	5	H7757	upon the skirts
Exo.39.26	6	H4598	of the robe
Exo.39.26	7	H5439	round about,
Exo.39.26	8	H8334	to minister
Exo.39.26	9	H3068	in; as Jehovah
Exo.39.26	10	H6680	commanded
Exo.39.26	11	H4872	Moses.
Exo.39.27	1	H6213	And they made
Exo.39.27	2	H3801	the coats
Exo.39.27	3	H8336	of fine linen
Exo.39.27	4	H707	of woven
Exo.39.27	5	H4639	work
Exo.39.27	6	H175	for Aaron,
Exo.39.27	7	H1121	and for his sons,
Exo.39.28	1	H4701	and the mitre
Exo.39.28	2	H8336	of fine linen,
Exo.39.28	3	H6287	and the goodly
Exo.39.28	4	H4021	head-tires
Exo.39.28	5	H8336	of fine linen,
Exo.39.28	6	H8336	and the linen
Exo.39.28	7	H4370	breeches
Exo.39.28	8	H7806	of fine twined
Exo.39.28	9	H8336	linen,
Exo.39.29	1	H73	and the girdle
Exo.39.29	2	H7806	of fine twined
Exo.39.29	3	H8336	linen,
Exo.39.29	4	H8504	and blue,
Exo.39.29	5	H713	and purple,
Exo.39.29	6	H8144	and scarlet,
Exo.39.29	7	H7551	the work of the embroiderer;
Exo.39.29	8	H3068	as Jehovah
Exo.39.29	9	H6680	commanded
Exo.39.29	10	H4872	Moses.
Exo.39.30	1	H6213	And they made
Exo.39.30	2	H6731	the plate
Exo.39.30	3	H6944	of the holy
Exo.39.30	4	H5145	crown
Exo.39.30	5	H2889	of pure
Exo.39.30	6	H2091	gold,
Exo.39.30	7	H3789	and wrote
Exo.39.30	8	H4385	upon it a writing,
Exo.39.30	9	H6603	like the engravings
Exo.39.30	10	H2368	of a signet,
Exo.39.30	11	H6944	HOLY
Exo.39.30	12	H3068	TO JEHOVAH.
Exo.39.31	1	H5414	And they tied
Exo.39.31	2	H6616	unto it a lace
Exo.39.31	3	H8504	of blue,
Exo.39.31	4	H5414	to fasten
Exo.39.31	5	H4701	it upon the mitre
Exo.39.31	6	H4605	above;
Exo.39.31	7	H3068	as Jehovah
Exo.39.31	8	H6680	commanded
Exo.39.31	9	H4872	Moses.
Exo.39.32	1	H3615	Thus was finished
Exo.39.32	2	H5656	all the work
Exo.39.32	3	H4908	of the tabernacle
Exo.39.32	4	H4908	of the tent
Exo.39.32	5	H4150	of meeting:
Exo.39.32	6	H1121	and the children
Exo.39.32	7	H3478	of Israel
Exo.39.32	8	H6213	did
Exo.39.32	9	H3068	according to all that Jehovah
Exo.39.32	10	H6680	commanded
Exo.39.32	11	H4872	Moses;
Exo.39.32	12	H6213	so did they.
Exo.39.33	1	H935	And they brought
Exo.39.33	2	H4908	the tabernacle
Exo.39.33	3	H4872	unto Moses,
Exo.39.33	4	H168	the Tent,
Exo.39.33	5	H3627	and all its furniture,
Exo.39.33	6	H7165	its clasps,
Exo.39.33	7	H7175	its boards,
Exo.39.33	8	H1280	it bars,
Exo.39.33	9	H5982	and its pillars,
Exo.39.33	10	H134	and it sockets;
Exo.39.34	1	H4372	and the covering
Exo.39.34	2	H352	of rams'
Exo.39.34	3	H5785	skins
Exo.39.34	4	H119	dyed red,
Exo.39.34	5	H4372	and the covering
Exo.39.34	6	H8476	of
Exo.39.34	7	H5785	sealskins,
Exo.39.34	8	H6532	and the veil
Exo.39.34	9	H4539	of the screen;
Exo.39.35	1	H727	the ark
Exo.39.35	2	H5715	of the testimony,
Exo.39.35	3	H905	and the staves
Exo.39.35	4	H3727	thereof, and the mercy-seat;
Exo.39.36	1	H7979	the table,
Exo.39.36	2	H3627	all the vessels
Exo.39.36	3	H6440	thereof, and the showbread;
Exo.39.37	1	H2889	the pure
Exo.39.37	2	H4501	candlestick,
Exo.39.37	3	H5216	the lamps
Exo.39.37	4	H5216	thereof, even the lamps
Exo.39.37	5	H4634	to be set in order,
Exo.39.37	6	H3627	and all the vessels
Exo.39.37	7	H8081	thereof, and the oil
Exo.39.37	8	H3974	for the light;
Exo.39.38	1	H2091	and the golden
Exo.39.38	2	H4196	altar,
Exo.39.38	3	H4888	and the anointing
Exo.39.38	4	H8081	oil,
Exo.39.38	5	H5561	and the sweet
Exo.39.38	6	H7004	incense,
Exo.39.38	7	H4539	and the screen
Exo.39.38	8	H6607	for the door
Exo.39.38	9	H168	of the Tent;
Exo.39.39	1	H5178	the brazen
Exo.39.39	2	H4196	altar,
Exo.39.39	3	H4345	and its grating
Exo.39.39	4	H5178	of brass,
Exo.39.39	5	H905	its staves,
Exo.39.39	6	H3627	and all its vessels,
Exo.39.39	7	H3595	the laver
Exo.39.39	8	H3653	and its base;
Exo.39.40	1	H7050	the hangings
Exo.39.40	2	H2691	of the court,
Exo.39.40	3	H5982	its pillars,
Exo.39.40	4	H134	and its sockets,
Exo.39.40	5	H4539	and the screen
Exo.39.40	6	H8179	for the gate
Exo.39.40	7	H2691	of the court,
Exo.39.40	8	H4340	the cords
Exo.39.40	9	H3489	thereof, and the pins
Exo.39.40	10	H3627	thereof, and all the instruments
Exo.39.40	11	H5656	of the service
Exo.39.40	12	H4908	of the tabernacle,
Exo.39.40	13	H168	for the tent
Exo.39.40	14	H4150	of meeting;
Exo.39.41	1	H8278	the finely wrought
Exo.39.41	2	H899	garments
Exo.39.41	3	H8334	for ministering
Exo.39.41	4	H6944	in the holy
Exo.39.41	5	H6944	place, and the holy
Exo.39.41	6	H899	garments
Exo.39.41	7	H175	for Aaron
Exo.39.41	8	H3548	the priest,
Exo.39.41	9	H899	and the garments
Exo.39.41	10	H1121	of his sons,
Exo.39.41	11	H3547	to minister in the priest's office.
Exo.39.42	1	H3068	According to all that Jehovah
Exo.39.42	2	H6680	commanded
Exo.39.42	3	H4872	Moses,
Exo.39.42	4	H1121	so the children
Exo.39.42	5	H3478	of Israel
Exo.39.42	6	H6213	did
Exo.39.42	7	H5656	all the work.
Exo.39.43	1	H4872	And Moses
Exo.39.43	2	H7200	saw
Exo.39.43	3	H3651	all
Exo.39.43	4	H4399	the work,
Exo.39.43	5	H6213	and, behold, they had done
Exo.39.43	6	H3068	it; as Jehovah
Exo.39.43	7	H6680	had commanded,
Exo.39.43	8	H6213	even so had they done
Exo.39.43	9	H4872	it: and Moses
Exo.39.43	10	H1288	blessed them.
Exo.40.1	1	H3068	And Jehovah
Exo.40.1	2	H1696	spake
Exo.40.1	3	H4872	unto Moses,
Exo.40.1	4	H559	saying,
Exo.40.2	1	H7223	On the first
Exo.40.2	2	H3117	day
Exo.40.2	3	H259	of the first
Exo.40.2	4	H2320	month
Exo.40.2	5	H6965	shalt thou rear up
Exo.40.2	6	H4908	the tabernacle
Exo.40.2	7	H168	of the tent
Exo.40.2	8	H4150	of meeting.
Exo.40.3	1	H7760	And thou shalt put
Exo.40.3	2	H8033	therein
Exo.40.3	3	H727	the ark
Exo.40.3	4	H5715	of the testimony,
Exo.40.3	5	H5526	and thou shalt screen
Exo.40.3	6	H727	the ark
Exo.40.3	7	H6532	with the veil.
Exo.40.4	1	H935	And thou shalt bring
Exo.40.4	2	H7979	in the table,
Exo.40.4	3	H6186	and set in order
Exo.40.4	4	H6187	the things that are upon it;
Exo.40.4	5	H935	and thou shalt bring
Exo.40.4	6	H4501	in the candlestick,
Exo.40.4	7	H5927	and light
Exo.40.4	8	H5216	the lamps thereof.
Exo.40.5	1	H5414	And thou shalt set
Exo.40.5	2	H2091	the golden
Exo.40.5	3	H4196	altar
Exo.40.5	4	H7004	for incense
Exo.40.5	5	H6440	before
Exo.40.5	6	H727	the ark
Exo.40.5	7	H5715	of the testimony,
Exo.40.5	8	H7760	and put
Exo.40.5	9	H4539	the screen
Exo.40.5	10	H6607	of the door
Exo.40.5	11	H4908	to the tabernacle.
Exo.40.6	1	H5414	And thou shalt set
Exo.40.6	2	H4196	the altar
Exo.40.6	3	H5930	of burnt-offering
Exo.40.6	4	H6440	before
Exo.40.6	5	H6607	the door
Exo.40.6	6	H4908	of the tabernacle
Exo.40.6	7	H4908	of the tent
Exo.40.6	8	H4150	of meeting.
Exo.40.7	1	H5414	And thou shalt set
Exo.40.7	2	H3595	the laver
Exo.40.7	3	H168	between the tent
Exo.40.7	4	H4150	of meeting
Exo.40.7	5	H4196	and the altar,
Exo.40.7	6	H5414	and shalt put
Exo.40.7	7	H4325	water therein.
Exo.40.8	1	H7760	And thou shalt set up
Exo.40.8	2	H2691	the court
Exo.40.8	3	H5439	round about,
Exo.40.8	4	H5414	and hang up
Exo.40.8	5	H4539	the screen
Exo.40.8	6	H8179	of the gate
Exo.40.8	7	H2691	of the court.
Exo.40.9	1	H3947	And thou shalt take
Exo.40.9	2	H4888	the anointing
Exo.40.9	3	H8081	oil,
Exo.40.9	4	H4886	and anoint
Exo.40.9	5	H4908	the tabernacle,
Exo.40.9	6	H6942	and all that is therein, and shalt hallow
Exo.40.9	7	H3627	it, and all the furniture
Exo.40.9	8	H6944	thereof: and it shall be holy.
Exo.40.10	1	H4886	And thou shalt anoint
Exo.40.10	2	H4196	the altar
Exo.40.10	3	H5930	of burnt-offering,
Exo.40.10	4	H3627	and all its vessels,
Exo.40.10	5	H6942	and sanctify
Exo.40.10	6	H4196	the altar:
Exo.40.10	7	H4196	and the altar
Exo.40.10	8	H6944	shall be most
Exo.40.10	9	H6944	holy.
Exo.40.11	1	H4886	And thou shalt anoint
Exo.40.11	2	H3595	the laver
Exo.40.11	3	H3653	and its base,
Exo.40.11	4	H6942	and sanctify it.
Exo.40.12	1	H7126	And thou shalt bring
Exo.40.12	2	H175	Aaron
Exo.40.12	3	H1121	and his sons
Exo.40.12	4	H6607	unto the door
Exo.40.12	5	H168	of the tent
Exo.40.12	6	H4150	of meeting,
Exo.40.12	7	H7364	and shalt wash
Exo.40.12	8	H4325	them with water.
Exo.40.13	1	H3847	And thou shalt put
Exo.40.13	2	H175	upon Aaron
Exo.40.13	3	H6944	the holy
Exo.40.13	4	H899	garments;
Exo.40.13	5	H4886	and thou shalt anoint
Exo.40.13	6	H6942	him, and sanctify
Exo.40.13	7	H3547	him, that he may minister unto me in the priest's office.
Exo.40.14	1	H7126	And thou shalt bring
Exo.40.14	2	H1121	his sons,
Exo.40.14	3	H3847	and put
Exo.40.14	4	H3801	coats upon them;
Exo.40.15	1	H4886	and thou shalt anoint
Exo.40.15	2	H4886	them, as thou didst anoint
Exo.40.15	3	H1	their father,
Exo.40.15	4	H3547	that they may minister unto me in the priest's office:
Exo.40.15	5	H4888	and their anointing
Exo.40.15	6	H5769	shall be to them for an everlasting
Exo.40.15	7	H3550	priesthood
Exo.40.15	8	H1755	throughout their generations.
Exo.40.16	1	H6213	Thus did
Exo.40.16	2	H4872	Moses:
Exo.40.16	3	H3068	according to all that Jehovah
Exo.40.16	4	H6680	commanded
Exo.40.16	5	H6213	him, so did he.
Exo.40.17	1	H7223	And it came to pass in the first
Exo.40.17	2	H2320	month
Exo.40.17	3	H8145	in the second
Exo.40.17	4	H8141	year,
Exo.40.17	5	H259	on the first
Exo.40.17	6	H2320	day of the month,
Exo.40.17	7	H4908	that the tabernacle
Exo.40.17	8	H6965	was reared up.
Exo.40.18	1	H4872	And Moses
Exo.40.18	2	H6965	reared up
Exo.40.18	3	H4908	the tabernacle,
Exo.40.18	4	H5414	and laid
Exo.40.18	5	H134	its sockets,
Exo.40.18	6	H7760	and set up
Exo.40.18	7	H7175	the boards
Exo.40.18	8	H5414	thereof, and put
Exo.40.18	9	H1280	in the bars
Exo.40.18	10	H6965	thereof, and reared up
Exo.40.18	11	H5982	its pillars.
Exo.40.19	1	H168	And he spread the tent
Exo.40.19	2	H6566	over
Exo.40.19	3	H4908	the tabernacle,
Exo.40.19	4	H7760	and put
Exo.40.19	5	H168	the covering
Exo.40.19	6	H4908	of the tent
Exo.40.19	7	H4605	above
Exo.40.19	8	H3068	upon it; as Jehovah
Exo.40.19	9	H6680	commanded
Exo.40.19	10	H4872	Moses.
Exo.40.20	1	H3947	And he took
Exo.40.20	2	H5414	and put
Exo.40.20	3	H5715	the testimony
Exo.40.20	4	H727	into the ark,
Exo.40.20	5	H7760	and set
Exo.40.20	6	H905	the staves
Exo.40.20	7	H727	on the ark,
Exo.40.20	8	H5414	and put
Exo.40.20	9	H3727	the mercy-seat
Exo.40.20	10	H4605	above
Exo.40.20	11	H727	upon the ark:
Exo.40.21	1	H935	and he brought
Exo.40.21	2	H727	the ark
Exo.40.21	3	H4908	into the tabernacle,
Exo.40.21	4	H7760	and set up
Exo.40.21	5	H6532	the veil
Exo.40.21	6	H4539	of the screen,
Exo.40.21	7	H5526	and screened
Exo.40.21	8	H727	the ark
Exo.40.21	9	H5715	of the testimony;
Exo.40.21	10	H3068	as Jehovah
Exo.40.21	11	H6680	commanded
Exo.40.21	12	H4872	Moses.
Exo.40.22	1	H5414	And he put
Exo.40.22	2	H7979	the table
Exo.40.22	3	H168	in the tent
Exo.40.22	4	H4150	of meeting,
Exo.40.22	5	H3409	upon the side
Exo.40.22	6	H4908	of the tabernacle
Exo.40.22	7	H6828	northward,
Exo.40.22	8	H2351	without
Exo.40.22	9	H6532	the veil.
Exo.40.23	1	H6187	And he set
Exo.40.23	2	H3899	the bread
Exo.40.23	3	H6186	in order
Exo.40.23	4	H6440	upon it before
Exo.40.23	5	H3068	Jehovah;
Exo.40.23	6	H3068	as Jehovah
Exo.40.23	7	H6680	commanded
Exo.40.23	8	H4872	Moses.
Exo.40.24	1	H7760	And he put
Exo.40.24	2	H4501	the candlestick
Exo.40.24	3	H168	in the tent
Exo.40.24	4	H4150	of meeting,
Exo.40.24	5	H5227	over against
Exo.40.24	6	H7979	the table,
Exo.40.24	7	H3409	on the side
Exo.40.24	8	H4908	of the tabernacle
Exo.40.24	9	H5045	southward.
Exo.40.25	1	H5927	And he lighted
Exo.40.25	2	H5216	the lamps
Exo.40.25	3	H6440	before
Exo.40.25	4	H3068	Jehovah;
Exo.40.25	5	H3068	as Jehovah
Exo.40.25	6	H6680	commanded
Exo.40.25	7	H4872	Moses.
Exo.40.26	1	H7760	And he put
Exo.40.26	2	H2091	the golden
Exo.40.26	3	H4196	altar
Exo.40.26	4	H168	in the tent
Exo.40.26	5	H4150	of meeting
Exo.40.26	6	H6440	before
Exo.40.26	7	H6532	the veil:
Exo.40.27	1	H6999	and he burnt
Exo.40.27	2	H7004	thereon incense
Exo.40.27	3	H5561	of sweet
Exo.40.27	4	H3068	spices; as Jehovah
Exo.40.27	5	H6680	commanded
Exo.40.27	6	H4872	Moses.
Exo.40.28	1	H7760	And he put
Exo.40.28	2	H4539	the screen
Exo.40.28	3	H6607	of the door
Exo.40.28	4	H4908	to the tabernacle.
Exo.40.29	1	H7760	And he set
Exo.40.29	2	H4196	the altar
Exo.40.29	3	H5930	of burnt-offering
Exo.40.29	4	H6607	at the door
Exo.40.29	5	H4908	of the tabernacle
Exo.40.29	6	H4908	of the tent
Exo.40.29	7	H4150	of meeting,
Exo.40.29	8	H5927	and offered
Exo.40.29	9	H5930	upon it the burnt-offering
Exo.40.29	10	H4503	and the meal-offering;
Exo.40.29	11	H3068	as Jehovah
Exo.40.29	12	H6680	commanded
Exo.40.29	13	H4872	Moses.
Exo.40.30	1	H7760	And he set
Exo.40.30	2	H3595	the laver
Exo.40.30	3	H168	between the tent
Exo.40.30	4	H4150	of meeting
Exo.40.30	5	H4196	and the altar,
Exo.40.30	6	H5414	and put
Exo.40.30	7	H4325	water
Exo.40.30	8	H7364	therein, wherewith to wash.
Exo.40.31	1	H4872	And Moses
Exo.40.31	2	H175	and Aaron
Exo.40.31	3	H1121	and his sons
Exo.40.31	4	H7364	washed
Exo.40.31	5	H3027	their hands
Exo.40.31	6	H7272	and their feet thereat;
Exo.40.32	1	H935	when they went
Exo.40.32	2	H168	into the tent
Exo.40.32	3	H4150	of meeting,
Exo.40.32	4	H7126	and when they came near
Exo.40.32	5	H4196	unto the altar,
Exo.40.32	6	H7364	they washed;
Exo.40.32	7	H3068	as Jehovah
Exo.40.32	8	H6680	commanded
Exo.40.32	9	H4872	Moses.
Exo.40.33	1	H6965	And he reared up
Exo.40.33	2	H2691	the court
Exo.40.33	3	H5439	round about
Exo.40.33	4	H4908	the tabernacle
Exo.40.33	5	H4196	and the altar,
Exo.40.33	6	H5414	and set up
Exo.40.33	7	H4539	the screen
Exo.40.33	8	H8179	of the gate
Exo.40.33	9	H2691	of the court.
Exo.40.33	10	H4872	So Moses
Exo.40.33	11	H3615	finished
Exo.40.33	12	H4399	the work.
Exo.40.34	1	H6051	Then the cloud
Exo.40.34	2	H3680	covered
Exo.40.34	3	H168	the tent
Exo.40.34	4	H4150	of meeting,
Exo.40.34	5	H3519	and the glory
Exo.40.34	6	H3068	of Jehovah
Exo.40.34	7	H4390	filled
Exo.40.34	8	H4908	the tabernacle.
Exo.40.35	1	H4872	And Moses
Exo.40.35	2	H3201	was not able
Exo.40.35	3	H935	to enter
Exo.40.35	4	H168	into the tent
Exo.40.35	5	H4150	of meeting,
Exo.40.35	6	H6051	because the cloud
Exo.40.35	7	H7931	abode
Exo.40.35	8	H3519	thereon, and the glory
Exo.40.35	9	H3068	of Jehovah
Exo.40.35	10	H4390	filled
Exo.40.35	11	H4908	the tabernacle.
Exo.40.36	1	H6051	And when the cloud
Exo.40.36	2	H5927	was taken up
Exo.40.36	3	H5921	from
Exo.40.36	4	H4908	over the tabernacle,
Exo.40.36	5	H1121	the children
Exo.40.36	6	H3478	of Israel
Exo.40.36	7	H5265	went onward,
Exo.40.36	8	H4550	throughout all their journeys:
Exo.40.37	1	H6051	but if the cloud
Exo.40.37	2	H5927	was not taken up,
Exo.40.37	3	H5265	then they journeyed
Exo.40.37	4	H3117	not till the day
Exo.40.37	5	H5927	that it was taken up.
Exo.40.38	1	H6051	For the cloud
Exo.40.38	2	H3068	of Jehovah
Exo.40.38	3	H4908	was upon the tabernacle
Exo.40.38	4	H3119	by day,
Exo.40.38	5	H784	and there was fire
Exo.40.38	6	H3915	therein by night,
Exo.40.38	7	H5869	in the sight
Exo.40.38	8	H1004	of all the house
Exo.40.38	9	H3478	of Israel,
Exo.40.38	10	H4550	throughout all their journeys.
