Igehely	Szósorszám	Strong-szám	Angol szó
Gen.1.1	1	H7225	In the beginning
Gen.1.1	2	H430	God
Gen.1.1	3	H1254	created
Gen.1.1	4	H8064	the heavens
Gen.1.1	5	H853	and
Gen.1.1	6	H776	the earth.
Gen.1.2	1	H776	And the earth
Gen.1.2	2	H1961	was
Gen.1.2	3	H8414	waste
Gen.1.2	4	H922	and void;
Gen.1.2	5	H2822	and darkness
Gen.1.2	6	H6440	was upon the face
Gen.1.2	7	H8415	of the deep:
Gen.1.2	8	H7307	and the Spirit
Gen.1.2	9	H430	of God
Gen.1.2	10	H7363	moved
Gen.1.2	11	H5921	upon
Gen.1.2	12	H6440	the face
Gen.1.2	13	H4325	of the waters.
Gen.1.3	1	H430	And God
Gen.1.3	2	H559	said,
Gen.1.3	3	H1961	Let there be
Gen.1.3	4	H216	light:
Gen.1.3	5	H216	and there was light.
Gen.1.4	1	H430	And God
Gen.1.4	2	H7200	saw
Gen.1.4	3	H216	the light,
Gen.1.4	4	H3588	that
Gen.1.4	5	H2896	it was good:
Gen.1.4	6	H430	and God
Gen.1.4	7	H914	divided
Gen.1.4	8	H216	the light
Gen.1.4	9	H996	from
Gen.1.4	10	H2822	the darkness.
Gen.1.5	1	H430	And God
Gen.1.5	2	H7121	called
Gen.1.5	3	H216	the light
Gen.1.5	4	H3117	Day,
Gen.1.5	5	H2822	and the darkness
Gen.1.5	6	H7121	he called
Gen.1.5	7	H3915	Night.
Gen.1.5	8	H6153	And there was evening
Gen.1.5	9	H1242	and there was morning,
Gen.1.5	10	H259	one
Gen.1.5	11	H3117	day.
Gen.1.6	1	H430	And God
Gen.1.6	2	H559	said,
Gen.1.6	3	H7549	Let there be a firmament
Gen.1.6	4	H8432	in the midst
Gen.1.6	5	H4325	of the waters,
Gen.1.6	6	H914	and let it divide
Gen.1.6	7	H4325	the waters
Gen.1.6	8	H4325	from the waters.
Gen.1.7	1	H430	And God
Gen.1.7	2	H6213	made
Gen.1.7	3	H7549	the firmament,
Gen.1.7	4	H914	and divided
Gen.1.7	5	H4325	the waters
Gen.1.7	6	H834	which
Gen.1.7	7	H8478	were under
Gen.1.7	8	H7549	the firmament
Gen.1.7	9	H4325	from the waters
Gen.1.7	10	H834	which
Gen.1.7	11	H5921	were above
Gen.1.7	12	H7549	the firmament:
Gen.1.7	13	H3651	and it was so.
Gen.1.8	1	H430	And God
Gen.1.8	2	H7121	called
Gen.1.8	3	H7549	the firmament
Gen.1.8	4	H8064	Heaven.
Gen.1.8	5	H6153	And there was evening
Gen.1.8	6	H1242	and there was morning,
Gen.1.8	7	H8145	a second
Gen.1.8	8	H3117	day.
Gen.1.9	1	H430	And God
Gen.1.9	2	H559	said,
Gen.1.9	3	H4325	Let the waters
Gen.1.9	4	H8064	under the heavens
Gen.1.9	5	H6960	be gathered together
Gen.1.9	6	H413	unto
Gen.1.9	7	H259	one
Gen.1.9	8	H4725	place,
Gen.1.9	9	H3004	and let the dry
Gen.1.9	10	H7200	land appear: and it was so.
Gen.1.10	1	H430	And God
Gen.1.10	2	H7121	called
Gen.1.10	3	H3004	the dry
Gen.1.10	4	H776	land Earth;
Gen.1.10	5	H4723	and the gathering together
Gen.1.10	6	H4325	of the waters
Gen.1.10	7	H7121	called
Gen.1.10	8	H3220	he Seas:
Gen.1.10	9	H430	and God
Gen.1.10	10	H7200	saw
Gen.1.10	11	H2896	that it was good.
Gen.1.11	1	H430	And God
Gen.1.11	2	H559	said,
Gen.1.11	3	H776	Let the earth
Gen.1.11	4	H1876	put forth
Gen.1.11	5	H1877	grass,
Gen.1.11	6	H6212	herbs
Gen.1.11	7	H2232	yielding
Gen.1.11	8	H2233	seed,
Gen.1.11	9	H6086	and fruit-trees
Gen.1.11	10	H6213	bearing
Gen.1.11	11	H6529	fruit
Gen.1.11	12	H4327	after their kind,
Gen.1.11	13	H834	wherein
Gen.1.11	14	H2233	is the seed
Gen.1.11	15	H776	thereof, upon the earth: and it was so.
Gen.1.12	1	H776	And the earth
Gen.1.12	2	H3318	brought forth
Gen.1.12	3	H1877	grass,
Gen.1.12	4	H6212	herbs
Gen.1.12	5	H2232	yielding
Gen.1.12	6	H2233	seed
Gen.1.12	7	H4327	after their kind,
Gen.1.12	8	H6086	and trees
Gen.1.12	9	H6213	bearing
Gen.1.12	10	H6529	fruit,
Gen.1.12	11	H2233	wherein is the seed
Gen.1.12	12	H4327	thereof, after their kind:
Gen.1.12	13	H430	and God
Gen.1.12	14	H7200	saw
Gen.1.12	15	H2896	that it was good.
Gen.1.13	1	H6153	And there was evening
Gen.1.13	2	H1242	and there was morning,
Gen.1.13	3	H7992	a third
Gen.1.13	4	H3117	day.
Gen.1.14	1	H430	And God
Gen.1.14	2	H559	said,
Gen.1.14	3	H3974	Let there be lights
Gen.1.14	4	H7549	in the firmament
Gen.1.14	5	H8064	of heaven
Gen.1.14	6	H914	to divide
Gen.1.14	7	H3117	the day
Gen.1.14	8	H3915	from the night;
Gen.1.14	9	H226	and let them be for signs,
Gen.1.14	10	H4150	and for seasons,
Gen.1.14	11	H3117	and for days
Gen.1.14	12	H8141	and years:
Gen.1.15	1	H3974	and let them be for lights
Gen.1.15	2	H7549	in the firmament
Gen.1.15	3	H8064	of heaven
Gen.1.15	4	H215	to give light
Gen.1.15	5	H776	upon the earth: and it was so.
Gen.1.16	1	H430	And God
Gen.1.16	2	H6213	made
Gen.1.16	3	H8147	the two
Gen.1.16	4	H1419	great
Gen.1.16	5	H3974	lights;
Gen.1.16	6	H1419	the greater
Gen.1.16	7	H3974	light
Gen.1.16	8	H4475	to rule
Gen.1.16	9	H3117	the day,
Gen.1.16	10	H6996	and the lesser
Gen.1.16	11	H3974	light
Gen.1.16	12	H4475	to rule
Gen.1.16	13	H3915	the night:
Gen.1.16	14	H3556	he made the stars also.
Gen.1.17	1	H430	And God
Gen.1.17	2	H5414	set
Gen.1.17	3	H8064	them in the firmament of heaven
Gen.1.17	4	H215	to give light
Gen.1.17	5	H776	upon the earth,
Gen.1.18	1	H4910	and to rule
Gen.1.18	2	H3117	over the day
Gen.1.18	3	H3915	and over the night,
Gen.1.18	4	H914	and to divide
Gen.1.18	5	H216	the light
Gen.1.18	6	H2822	from the darkness:
Gen.1.18	7	H430	and God
Gen.1.18	8	H7200	saw
Gen.1.18	9	H2896	that it was good.
Gen.1.19	1	H6153	And there was evening
Gen.1.19	2	H1242	and there was morning,
Gen.1.19	3	H7243	a fourth
Gen.1.19	4	H3117	day.
Gen.1.20	1	H430	And God
Gen.1.20	2	H559	said,
Gen.1.20	3	H4325	Let the waters
Gen.1.20	4	H8317	swarm
Gen.1.20	5	H8317	with swarms
Gen.1.20	6	H2416	of living
Gen.1.20	7	H5315	creatures,
Gen.1.20	8	H5775	and let birds
Gen.1.20	9	H5774	fly
Gen.1.20	10	H5921	above
Gen.1.20	11	H776	the earth
Gen.1.20	12	H6440	in the open
Gen.1.20	13	H7549	firmament
Gen.1.20	14	H8064	of heaven.
Gen.1.21	1	H430	And God
Gen.1.21	2	H1254	created
Gen.1.21	3	H1419	the great
Gen.1.21	4	H8577	sea-monsters,
Gen.1.21	5	H2416	and every living
Gen.1.21	6	H5315	creature
Gen.1.21	7	H7430	that moveth,
Gen.1.21	8	H4325	wherewith the waters
Gen.1.21	9	H8317	swarmed,
Gen.1.21	10	H4327	after their kind,
Gen.1.21	11	H3671	and every winged
Gen.1.21	12	H5775	bird
Gen.1.21	13	H4327	after its kind:
Gen.1.21	14	H430	and God
Gen.1.21	15	H7200	saw
Gen.1.21	16	H2896	that it was good.
Gen.1.22	1	H430	And God
Gen.1.22	2	H1288	blessed
Gen.1.22	3	H559	them, saying,
Gen.1.22	4	H6509	Be fruitful,
Gen.1.22	5	H7235	and multiply,
Gen.1.22	6	H4390	and fill
Gen.1.22	7	H4325	the waters
Gen.1.22	8	H3220	in the seas,
Gen.1.22	9	H5775	and let birds
Gen.1.22	10	H7235	multiply
Gen.1.22	11	H776	on the earth.
Gen.1.23	1	H6153	And there was evening
Gen.1.23	2	H1242	and there was morning,
Gen.1.23	3	H2549	a fifth
Gen.1.23	4	H3117	day.
Gen.1.24	1	H430	And God
Gen.1.24	2	H559	said,
Gen.1.24	3	H776	Let the earth
Gen.1.24	4	H3318	bring forth
Gen.1.24	5	H2416	living
Gen.1.24	6	H5315	creatures
Gen.1.24	7	H4327	after their kind,
Gen.1.24	8	H929	cattle,
Gen.1.24	9	H7431	and creeping things,
Gen.1.24	10	H776	and beasts of the earth
Gen.1.24	11	H4327	after their kind: and it was so.
Gen.1.25	1	H430	And God
Gen.1.25	2	H6213	made
Gen.1.25	3	H2416	the beasts
Gen.1.25	4	H776	of the earth
Gen.1.25	5	H4327	after their kind,
Gen.1.25	6	H929	and the cattle
Gen.1.25	7	H4327	after their kind,
Gen.1.25	8	H7431	and everything that creepeth
Gen.1.25	9	H127	upon the ground
Gen.1.25	10	H4327	after its kind:
Gen.1.25	11	H430	and God
Gen.1.25	12	H7200	saw
Gen.1.25	13	H2896	that it was good.
Gen.1.26	1	H430	And God
Gen.1.26	2	H559	said,
Gen.1.26	3	H6213	Let us make
Gen.1.26	4	H120	man
Gen.1.26	5	H6754	in our image,
Gen.1.26	6	H1823	after our likeness:
Gen.1.26	7	H7287	and let them have dominion
Gen.1.26	8	H1710	over the fish
Gen.1.26	9	H3220	of the sea,
Gen.1.26	10	H5775	and over the birds
Gen.1.26	11	H8064	of the heavens,
Gen.1.26	12	H929	and over the cattle,
Gen.1.26	13	H776	and over all the earth,
Gen.1.26	14	H7431	and over every creeping thing
Gen.1.26	15	H7430	that creepeth
Gen.1.26	16	H776	upon the earth.
Gen.1.27	1	H430	And God
Gen.1.27	2	H1254	created
Gen.1.27	3	H120	man
Gen.1.27	4	H6754	in his own image,
Gen.1.27	5	H6754	in the image
Gen.1.27	6	H430	of God
Gen.1.27	7	H1254	created
Gen.1.27	8	H2145	he him; male
Gen.1.27	9	H5347	and female
Gen.1.27	10	H1254	created he them.
Gen.1.28	1	H430	And God
Gen.1.28	2	H1288	blessed
Gen.1.28	3	H430	them: and God
Gen.1.28	4	H559	said
Gen.1.28	5	H6509	unto them, Be fruitful,
Gen.1.28	6	H7235	and multiply,
Gen.1.28	7	H4390	and replenish
Gen.1.28	8	H776	the earth,
Gen.1.28	9	H3533	and subdue it;
Gen.1.28	10	H7287	and have dominion
Gen.1.28	11	H1710	over the fish
Gen.1.28	12	H3220	of the sea,
Gen.1.28	13	H5775	and over the birds
Gen.1.28	14	H8064	of the heavens,
Gen.1.28	15	H2416	and over every living thing
Gen.1.28	16	H7430	that moveth
Gen.1.28	17	H776	upon the earth.
Gen.1.29	1	H430	And God
Gen.1.29	2	H559	said,
Gen.1.29	3	H2009	Behold,
Gen.1.29	4	H5414	I have given
Gen.1.29	5	H6212	you every herb
Gen.1.29	6	H2232	yielding
Gen.1.29	7	H2233	seed,
Gen.1.29	8	H6440	which is upon the face
Gen.1.29	9	H776	of all the earth,
Gen.1.29	10	H6086	and every tree,
Gen.1.29	11	H6529	in which is the fruit
Gen.1.29	12	H6086	of a tree
Gen.1.29	13	H2232	yielding
Gen.1.29	14	H2233	seed;
Gen.1.29	15	H1961	to you it shall be
Gen.1.29	16	H402	for food:
Gen.1.30	1	H2416	and to every beast
Gen.1.30	2	H776	of the earth,
Gen.1.30	3	H5775	and to every bird
Gen.1.30	4	H8064	of the heavens,
Gen.1.30	5	H7430	and to everything that creepeth
Gen.1.30	6	H776	upon the earth,
Gen.1.30	7	H2416	wherein there is life,
Gen.1.30	8	H3418	I have given every green
Gen.1.30	9	H6212	herb
Gen.1.30	10	H402	for food: and it was so.
Gen.1.31	1	H430	And God
Gen.1.31	2	H7200	saw
Gen.1.31	3	H834	everything that
Gen.1.31	4	H6213	he had made,
Gen.1.31	5	H3966	and, behold, it was very
Gen.1.31	6	H2896	good.
Gen.1.31	7	H6153	And there was evening
Gen.1.31	8	H1242	and there was morning,
Gen.1.31	9	H8345	the sixth
Gen.1.31	10	H3117	day.
Gen.2.1	1	H8064	And the heavens
Gen.2.1	2	H776	and the earth
Gen.2.1	3	H3615	were finished,
Gen.2.1	4	H6635	and all the host of them.
Gen.2.2	1	H7637	And on the seventh
Gen.2.2	2	H3117	day
Gen.2.2	3	H430	God
Gen.2.2	4	H3615	finished
Gen.2.2	5	H4399	his work
Gen.2.2	6	H6213	which he had made;
Gen.2.2	7	H7673	and he rested
Gen.2.2	8	H7637	on the seventh
Gen.2.2	9	H3117	day
Gen.2.2	10	H4399	from all his work
Gen.2.2	11	H6213	which he had made.
Gen.2.3	1	H430	And God
Gen.2.3	2	H1288	blessed
Gen.2.3	3	H7637	the seventh
Gen.2.3	4	H3117	day,
Gen.2.3	5	H6942	and hallowed
Gen.2.3	6	H3588	it; because
Gen.2.3	7	H7673	that in it he rested
Gen.2.3	8	H4399	from all his work
Gen.2.3	9	H430	which God
Gen.2.3	10	H1254	had created
Gen.2.3	11	H6213	and made.
Gen.2.4	1	H428	These
Gen.2.4	2	H8435	are the generations
Gen.2.4	3	H8064	of the heavens
Gen.2.4	4	H776	and of the earth
Gen.2.4	5	H1254	when they were created,
Gen.2.4	6	H3117	in the day
Gen.2.4	7	H3068	that Jehovah
Gen.2.4	8	H430	God
Gen.2.4	9	H6213	made
Gen.2.4	10	H776	earth
Gen.2.4	11	H8064	and heaven.
Gen.2.5	1	H7880	And no plant
Gen.2.5	2	H7704	of the field
Gen.2.5	3	H2962	was yet
Gen.2.5	4	H776	in the earth,
Gen.2.5	5	H6212	and no herb
Gen.2.5	6	H7704	of the field
Gen.2.5	7	H2962	had yet
Gen.2.5	8	H6779	sprung up;
Gen.2.5	9	H3588	for
Gen.2.5	10	H3068	Jehovah
Gen.2.5	11	H430	God
Gen.2.5	12	H3808	had not
Gen.2.5	13	H4305	caused it to rain
Gen.2.5	14	H776	upon the earth:
Gen.2.5	15	H369	and there was not
Gen.2.5	16	H120	a man
Gen.2.5	17	H5647	to till
Gen.2.5	18	H127	the ground;
Gen.2.6	1	H5927	but there went up
Gen.2.6	2	H108	a mist
Gen.2.6	3	H4480	from
Gen.2.6	4	H776	the earth,
Gen.2.6	5	H8248	and watered
Gen.2.6	6	H6440	the whole face
Gen.2.6	7	H127	of the ground.
Gen.2.7	1	H3068	And Jehovah
Gen.2.7	2	H430	God
Gen.2.7	3	H3335	formed
Gen.2.7	4	H120	man
Gen.2.7	5	H6083	of the dust
Gen.2.7	6	H4480	of
Gen.2.7	7	H127	the ground,
Gen.2.7	8	H5301	and breathed
Gen.2.7	9	H639	into his nostrils
Gen.2.7	10	H5397	the breath
Gen.2.7	11	H2416	of life;
Gen.2.7	12	H120	and man
Gen.2.7	13	H2416	became a living
Gen.2.7	14	H5315	soul.
Gen.2.8	1	H3068	And Jehovah
Gen.2.8	2	H430	God
Gen.2.8	3	H5193	planted
Gen.2.8	4	H1588	a garden
Gen.2.8	5	H6924	eastward,
Gen.2.8	6	H5731	in Eden;
Gen.2.8	7	H8033	and there
Gen.2.8	8	H7760	he put
Gen.2.8	9	H120	the man
Gen.2.8	10	H834	whom
Gen.2.8	11	H3335	he had formed.
Gen.2.9	1	H4480	And out
Gen.2.9	2	H127	of the ground
Gen.2.9	3	H6779	made
Gen.2.9	4	H3068	Jehovah
Gen.2.9	5	H430	God
Gen.2.9	6	H6779	to grow
Gen.2.9	7	H6086	every tree
Gen.2.9	8	H2530	that is pleasant
Gen.2.9	9	H4758	to the sight,
Gen.2.9	10	H2896	and good
Gen.2.9	11	H3978	for food;
Gen.2.9	12	H6086	the tree
Gen.2.9	13	H2416	of life
Gen.2.9	14	H8432	also in the midst
Gen.2.9	15	H1588	of the garden,
Gen.2.9	16	H6086	and the tree
Gen.2.9	17	H1847	of the
Gen.2.9	18	H2896	knowledge of good
Gen.2.9	19	H7451	and evil.
Gen.2.10	1	H5104	And a river
Gen.2.10	2	H3318	went out
Gen.2.10	3	H5731	of Eden
Gen.2.10	4	H8248	to water
Gen.2.10	5	H1588	the garden;
Gen.2.10	6	H6504	and from thence it was parted,
Gen.2.10	7	H702	and became four
Gen.2.10	8	H7218	heads.
Gen.2.11	1	H8034	The name
Gen.2.11	2	H259	of the first
Gen.2.11	3	H6376	is Pishon:
Gen.2.11	4	H1931	that
Gen.2.11	5	H5437	is it which compasseth
Gen.2.11	6	H776	the whole land
Gen.2.11	7	H2341	of Havilah,
Gen.2.11	8	H834	where
Gen.2.11	9	H2091	there is gold;
Gen.2.12	1	H2091	and the gold
Gen.2.12	2	H1931	of that
Gen.2.12	3	H776	land
Gen.2.12	4	H2896	is good:
Gen.2.12	5	H916	there is bdellium
Gen.2.12	6	H7718	and the onyx
Gen.2.12	7	H68	stone.
Gen.2.13	1	H8034	And the name
Gen.2.13	2	H8145	of the second
Gen.2.13	3	H5104	river
Gen.2.13	4	H1521	is Gihon:
Gen.2.13	5	H5437	the same is it that compasseth
Gen.2.13	6	H776	the whole land
Gen.2.13	7	H3568	of Cush.
Gen.2.14	1	H8034	And the name
Gen.2.14	2	H7992	of the third
Gen.2.14	3	H5104	river
Gen.2.14	4	H2313	is Hiddekel:
Gen.2.14	5	H1980	that is it which goeth in front
Gen.2.14	6	H6926	of
Gen.2.14	7	H804	Assyria.
Gen.2.14	8	H7243	And the fourth
Gen.2.14	9	H5104	river
Gen.2.14	10	H6578	is the Euphrates.
Gen.2.15	1	H3068	And Jehovah
Gen.2.15	2	H430	God
Gen.2.15	3	H3947	took
Gen.2.15	4	H120	the man,
Gen.2.15	5	H3240	and put him
Gen.2.15	6	H1588	into the garden
Gen.2.15	7	H5731	of Eden
Gen.2.15	8	H5647	to dress
Gen.2.15	9	H8104	it and to keep it.
Gen.2.16	1	H3068	And Jehovah
Gen.2.16	2	H430	God
Gen.2.16	3	H6680	commanded
Gen.2.16	4	H120	the man,
Gen.2.16	5	H559	saying,
Gen.2.16	6	H6086	Of every tree
Gen.2.16	7	H1588	of the garden
Gen.2.16	8	H398	thou mayest freely
Gen.2.16	9	H398	eat:
Gen.2.17	1	H6086	but of the tree
Gen.2.17	2	H1847	of the knowledge
Gen.2.17	3	H2896	of good
Gen.2.17	4	H7451	and evil,
Gen.2.17	5	H398	thou shalt not eat
Gen.2.17	6	H3117	of it: for in the day
Gen.2.17	7	H398	that thou eatest
Gen.2.17	8	H4191	thereof thou shalt surely
Gen.2.17	9	H4191	die.
Gen.2.18	1	H3068	And Jehovah
Gen.2.18	2	H430	God
Gen.2.18	3	H559	said,
Gen.2.18	4	H2896	It is not good
Gen.2.18	5	H120	that the man
Gen.2.18	6	H1961	should be
Gen.2.18	7	H6213	alone; I will make
Gen.2.18	8	H5828	him a help meet for him.
Gen.2.19	1	H127	And out of the ground
Gen.2.19	2	H3068	Jehovah
Gen.2.19	3	H430	God
Gen.2.19	4	H3335	formed
Gen.2.19	5	H2416	every beast
Gen.2.19	6	H7704	of the field,
Gen.2.19	7	H5775	and every bird
Gen.2.19	8	H8064	of the heavens;
Gen.2.19	9	H935	and brought
Gen.2.19	10	H7200	them unto the man to see
Gen.2.19	11	H7121	what he would call
Gen.2.19	12	H120	them: and whatsoever the man
Gen.2.19	13	H7121	called
Gen.2.19	14	H2416	every living
Gen.2.19	15	H5315	creature,
Gen.2.19	16	H1931	that
Gen.2.19	17	H8034	was the name thereof.
Gen.2.20	1	H120	And the man
Gen.2.20	2	H7121	gave
Gen.2.20	3	H8034	names
Gen.2.20	4	H929	to all cattle,
Gen.2.20	5	H5775	and to the birds
Gen.2.20	6	H8064	of the heavens,
Gen.2.20	7	H2416	and to every beast
Gen.2.20	8	H7704	of the field;
Gen.2.20	9	H120	but for man
Gen.2.20	10	H4672	there was not found
Gen.2.20	11	H5828	a help meet for him.
Gen.2.21	1	H3068	And Jehovah
Gen.2.21	2	H430	God
Gen.2.21	3	H5307	caused
Gen.2.21	4	H8639	a deep sleep
Gen.2.21	5	H5307	to fall
Gen.2.21	6	H121	upon the man,
Gen.2.21	7	H3462	and he slept;
Gen.2.21	8	H3947	and he took
Gen.2.21	9	H259	one
Gen.2.21	10	H6763	of his ribs,
Gen.2.21	11	H5462	and closed up
Gen.2.21	12	H1320	the flesh instead thereof:
Gen.2.22	1	H6763	and the rib,
Gen.2.22	2	H3068	which Jehovah
Gen.2.22	3	H430	God
Gen.2.22	4	H3947	had taken
Gen.2.22	5	H120	from the man,
Gen.2.22	6	H1129	made
Gen.2.22	7	H802	he a woman,
Gen.2.22	8	H935	and brought
Gen.2.22	9	H120	her unto the man.
Gen.2.23	1	H120	And the man
Gen.2.23	2	H559	said,
Gen.2.23	3	H2063	This
Gen.2.23	4	H6471	is now
Gen.2.23	5	H6106	bone
Gen.2.23	6	H6106	of my bones,
Gen.2.23	7	H1320	and flesh
Gen.2.23	8	H1320	of my flesh:
Gen.2.23	9	H2063	she
Gen.2.23	10	H7121	shall be called
Gen.2.23	11	H802	Woman,
Gen.2.23	12	H2063	because she
Gen.2.23	13	H3947	was taken
Gen.2.23	14	H376	out of Man.
Gen.2.24	1	H3651	Therefore
Gen.2.24	2	H376	shall a man
Gen.2.24	3	H5800	leave
Gen.2.24	4	H1	his father
Gen.2.24	5	H517	and his mother,
Gen.2.24	6	H1692	and shall cleave
Gen.2.24	7	H802	unto his wife:
Gen.2.24	8	H259	and they shall be one
Gen.2.24	9	H1320	flesh.
Gen.2.25	1	H8147	And they were both
Gen.2.25	2	H6174	naked,
Gen.2.25	3	H120	the man
Gen.2.25	4	H802	and his wife,
Gen.2.25	5	H954	and were not ashamed.
Gen.3.1	1	H5175	Now the serpent
Gen.3.1	2	H1961	was
Gen.3.1	3	H6175	more subtle
Gen.3.1	4	H2416	than any beast
Gen.3.1	5	H7704	of the field
Gen.3.1	6	H3068	which Jehovah
Gen.3.1	7	H430	God
Gen.3.1	8	H6213	had made.
Gen.3.1	9	H559	And he said
Gen.3.1	10	H802	unto the woman,
Gen.3.1	11	H637	Yea,
Gen.3.1	12	H430	hath God
Gen.3.1	13	H559	said,
Gen.3.1	14	H398	Ye shall not eat
Gen.3.1	15	H6086	of any tree
Gen.3.1	16	H1588	of the garden?
Gen.3.2	1	H802	And the woman
Gen.3.2	2	H559	said
Gen.3.2	3	H5175	unto the serpent,
Gen.3.2	4	H6529	Of the fruit
Gen.3.2	5	H6086	of the trees
Gen.3.2	6	H1588	of the garden
Gen.3.2	7	H398	we may eat:
Gen.3.3	1	H6529	but of the fruit
Gen.3.3	2	H6086	of the tree
Gen.3.3	3	H8432	which is in the midst
Gen.3.3	4	H1588	of the garden,
Gen.3.3	5	H430	God
Gen.3.3	6	H559	hath said,
Gen.3.3	7	H398	Ye shall not eat
Gen.3.3	8	H5060	of it, neither shall ye touch
Gen.3.3	9	H6435	it, lest
Gen.3.3	10	H4191	ye die.
Gen.3.4	1	H5175	And the serpent
Gen.3.4	2	H559	said
Gen.3.4	3	H802	unto the woman,
Gen.3.4	4	H4191	Ye shall not surely
Gen.3.4	5	H4191	die:
Gen.3.5	1	H430	for God
Gen.3.5	2	H3045	doth know
Gen.3.5	3	H3117	that in the day
Gen.3.5	4	H398	ye eat
Gen.3.5	5	H5869	thereof, then your eyes
Gen.3.5	6	H6491	shall be opened,
Gen.3.5	7	H430	and ye shall be as God,
Gen.3.5	8	H3045	knowing
Gen.3.5	9	H2896	good
Gen.3.5	10	H7451	and evil.
Gen.3.6	1	H802	And when the woman
Gen.3.6	2	H7200	saw
Gen.3.6	3	H6086	that the tree
Gen.3.6	4	H2896	was good
Gen.3.6	5	H3978	for food,
Gen.3.6	6	H1931	and that it
Gen.3.6	7	H8378	was a delight
Gen.3.6	8	H5869	to the eyes,
Gen.3.6	9	H6086	and that the tree
Gen.3.6	10	H2530	was to be desired
Gen.3.6	11	H7919	to make one wise,
Gen.3.6	12	H3947	she took
Gen.3.6	13	H6529	of the fruit thereof,
Gen.3.6	14	H398	and did eat;
Gen.3.6	15	H5414	and she gave
Gen.3.6	16	H1571	also
Gen.3.6	17	H376	unto her husband
Gen.3.6	18	H398	with her, and he did eat.
Gen.3.7	1	H5869	And the eyes
Gen.3.7	2	H8147	of them both
Gen.3.7	3	H6491	were opened,
Gen.3.7	4	H1992	and they
Gen.3.7	5	H3045	knew
Gen.3.7	6	H5903	that they were naked;
Gen.3.7	7	H8609	and they sewed
Gen.3.7	8	H8384	fig
Gen.3.7	9	H5929	-leaves
Gen.3.7	10	H8609	together,
Gen.3.7	11	H6213	and made themselves
Gen.3.7	12	H2290	aprons.
Gen.3.8	1	H8085	And they heard
Gen.3.8	2	H6963	the voice
Gen.3.8	3	H3068	of Jehovah
Gen.3.8	4	H430	God
Gen.3.8	5	H1980	walking
Gen.3.8	6	H1588	in the garden
Gen.3.8	7	H7307	in the cool
Gen.3.8	8	H3117	of the day:
Gen.3.8	9	H120	and the man
Gen.3.8	10	H802	and his wife
Gen.3.8	11	H2244	hid themselves
Gen.3.8	12	H6440	from the presence
Gen.3.8	13	H3068	of Jehovah
Gen.3.8	14	H430	God
Gen.3.8	15	H8432	amongst
Gen.3.8	16	H6086	the trees
Gen.3.8	17	H1588	of the garden.
Gen.3.9	1	H3068	And Jehovah
Gen.3.9	2	H430	God
Gen.3.9	3	H7121	called
Gen.3.9	4	H120	unto the man,
Gen.3.9	5	H559	and said
Gen.3.9	6	H335	unto him, Where art thou?
Gen.3.10	1	H559	And he said,
Gen.3.10	2	H8085	I heard
Gen.3.10	3	H6963	thy voice
Gen.3.10	4	H1588	in the garden,
Gen.3.10	5	H3372	and I was afraid,
Gen.3.10	6	H595	because I
Gen.3.10	7	H5903	was naked;
Gen.3.10	8	H2244	and I hid myself.
Gen.3.11	1	H559	And he said,
Gen.3.11	2	H4310	Who
Gen.3.11	3	H5046	told
Gen.3.11	4	H5903	thee that thou wast naked?
Gen.3.11	5	H398	Hast thou eaten
Gen.3.11	6	H6086	of the tree,
Gen.3.11	7	H6680	whereof I commanded thee
Gen.3.11	8	H1115	that thou shouldest not
Gen.3.11	9	H398	eat?
Gen.3.12	1	H120	And the man
Gen.3.12	2	H559	said,
Gen.3.12	3	H802	The woman
Gen.3.12	4	H5414	whom thou gavest
Gen.3.12	5	H5978	to be with me,
Gen.3.12	6	H1931	she
Gen.3.12	7	H5414	gave
Gen.3.12	8	H6086	me of the tree,
Gen.3.12	9	H398	and I did eat.
Gen.3.13	1	H3068	And Jehovah
Gen.3.13	2	H430	God
Gen.3.13	3	H559	said
Gen.3.13	4	H802	unto the woman,
Gen.3.13	5	H6213	What is this thou hast done?
Gen.3.13	6	H802	And the woman
Gen.3.13	7	H559	said,
Gen.3.13	8	H5175	The serpent
Gen.3.13	9	H5377	beguiled me,
Gen.3.13	10	H398	and I did eat.
Gen.3.14	1	H3068	And Jehovah
Gen.3.14	2	H430	God
Gen.3.14	3	H559	said
Gen.3.14	4	H5175	unto the serpent,
Gen.3.14	5	H859	Because thou
Gen.3.14	6	H6213	hast done
Gen.3.14	7	H779	this, cursed
Gen.3.14	8	H929	art thou above all cattle,
Gen.3.14	9	H2416	and above every beast
Gen.3.14	10	H7704	of the field;
Gen.3.14	11	H1512	upon thy belly
Gen.3.14	12	H3212	shalt thou go,
Gen.3.14	13	H6083	and dust
Gen.3.14	14	H398	shalt thou eat
Gen.3.14	15	H3117	all the days
Gen.3.14	16	H2416	of thy life:
Gen.3.15	1	H7896	and I will put
Gen.3.15	2	H342	enmity
Gen.3.15	3	H802	between thee and the woman,
Gen.3.15	4	H2233	and between thy seed
Gen.3.15	5	H2233	and her seed:
Gen.3.15	6	H7779	he shall bruise
Gen.3.15	7	H7218	thy head,
Gen.3.15	8	H7779	and thou shalt bruise
Gen.3.15	9	H6119	his heel.
Gen.3.16	1	H802	Unto the woman
Gen.3.16	2	H559	he said,
Gen.3.16	3	H7235	I will greatly
Gen.3.16	4	H7235	multiply
Gen.3.16	5	H6093	thy pain
Gen.3.16	6	H2032	and thy conception;
Gen.3.16	7	H6089	in pain
Gen.3.16	8	H3205	thou shalt bring forth
Gen.3.16	9	H1121	children;
Gen.3.16	10	H8669	and thy desire
Gen.3.16	11	H376	shall be to thy husband,
Gen.3.16	12	H4910	and he shall rule over thee.
Gen.3.17	1	H121	And unto Adam
Gen.3.17	2	H559	he said,
Gen.3.17	3	H8085	Because thou hast hearkened
Gen.3.17	4	H6963	unto the voice
Gen.3.17	5	H802	of thy wife,
Gen.3.17	6	H398	and hast eaten
Gen.3.17	7	H6086	of the tree,
Gen.3.17	8	H834	of which
Gen.3.17	9	H6680	I commanded thee,
Gen.3.17	10	H559	saying,
Gen.3.17	11	H398	Thou shalt not eat
Gen.3.17	12	H779	of it: cursed
Gen.3.17	13	H127	is the ground
Gen.3.17	14	H6093	for thy sake; in toil
Gen.3.17	15	H398	shalt thou eat
Gen.3.17	16	H3605	of it all
Gen.3.17	17	H3117	the days
Gen.3.17	18	H2416	of thy life;
Gen.3.18	1	H6975	thorns also
Gen.3.18	2	H1863	and thistles
Gen.3.18	3	H6779	shall it bring forth
Gen.3.18	4	H398	to thee; and thou shalt eat
Gen.3.18	5	H6212	the herb
Gen.3.18	6	H7704	of the field;
Gen.3.19	1	H2188	in the sweat
Gen.3.19	2	H639	of thy face
Gen.3.19	3	H398	shalt thou eat
Gen.3.19	4	H3899	bread,
Gen.3.19	5	H5704	till
Gen.3.19	6	H7725	thou return
Gen.3.19	7	H127	unto the ground;
Gen.3.19	8	H3947	for out of it wast thou taken:
Gen.3.19	9	H6083	for dust
Gen.3.19	10	H859	thou
Gen.3.19	11	H6083	art, and unto dust
Gen.3.19	12	H7725	shalt thou return.
Gen.3.20	1	H120	And the man
Gen.3.20	2	H7121	called
Gen.3.20	3	H802	his wife's
Gen.3.20	4	H8034	name
Gen.3.20	5	H2332	Eve;
Gen.3.20	6	H517	because she was the mother
Gen.3.20	7	H2416	of all living.
Gen.3.21	1	H3068	And Jehovah
Gen.3.21	2	H430	God
Gen.3.21	3	H6213	made
Gen.3.21	4	H120	for Adam
Gen.3.21	5	H802	and for his wife
Gen.3.21	6	H3801	coats
Gen.3.21	7	H5785	of skins,
Gen.3.21	8	H3847	and clothed them.
Gen.3.22	1	H3068	And Jehovah
Gen.3.22	2	H430	God
Gen.3.22	3	H559	said,
Gen.3.22	4	H2005	Behold,
Gen.3.22	5	H120	the man
Gen.3.22	6	H259	is become as one
Gen.3.22	7	H3045	of us, to know
Gen.3.22	8	H2896	good
Gen.3.22	9	H7451	and evil;
Gen.3.22	10	H7971	and now, lest he put forth
Gen.3.22	11	H3027	his hand,
Gen.3.22	12	H3947	and take
Gen.3.22	13	H6086	also of the tree
Gen.3.22	14	H2416	of life,
Gen.3.22	15	H398	and eat,
Gen.3.22	16	H2425	and live
Gen.3.22	17	H5769	for ever—
Gen.3.23	1	H3068	therefore Jehovah
Gen.3.23	2	H430	God
Gen.3.23	3	H7971	sent him forth
Gen.3.23	4	H1588	from the garden
Gen.3.23	5	H5731	of Eden,
Gen.3.23	6	H5647	to till
Gen.3.23	7	H127	the ground
Gen.3.23	8	H3947	from whence he was taken.
Gen.3.24	1	H1644	So he drove out
Gen.3.24	2	H120	the man;
Gen.3.24	3	H7931	and he placed
Gen.3.24	4	H6924	at the east
Gen.3.24	5	H1588	of the garden
Gen.3.24	6	H5731	of Eden
Gen.3.24	7	H3742	the Cherubim,
Gen.3.24	8	H3858	and the flame
Gen.3.24	9	H2719	of a sword
Gen.3.24	10	H1870	which turned every way,
Gen.3.24	11	H8104	to keep
Gen.3.24	12	H1870	the way
Gen.3.24	13	H6086	of the tree
Gen.3.24	14	H2416	of life.
Gen.4.1	1	H120	And the man
Gen.4.1	2	H3045	knew
Gen.4.1	3	H2332	Eve
Gen.4.1	4	H802	his wife;
Gen.4.1	5	H2029	and she conceived,
Gen.4.1	6	H3205	and bare
Gen.4.1	7	H7014	Cain,
Gen.4.1	8	H559	and said,
Gen.4.1	9	H7069	I have gotten
Gen.4.1	10	H376	a man
Gen.4.1	11	H854	with the help
Gen.4.1	12	H3068	of Jehovah.
Gen.4.2	1	H3254	And again
Gen.4.2	2	H3205	she bare
Gen.4.2	3	H251	his brother
Gen.4.2	4	H1893	Abel.
Gen.4.2	5	H1893	And Abel
Gen.4.2	6	H7462	was a keeper
Gen.4.2	7	H6629	of sheep,
Gen.4.2	8	H7014	but Cain
Gen.4.2	9	H5647	was a tiller
Gen.4.2	10	H127	of the ground.
Gen.4.3	1	H7093	And in process
Gen.4.3	2	H3117	of time
Gen.4.3	3	H7014	it came to pass, that Cain
Gen.4.3	4	H935	brought
Gen.4.3	5	H6529	of the fruit
Gen.4.3	6	H127	of the ground
Gen.4.3	7	H4503	an offering
Gen.4.3	8	H3068	unto Jehovah.
Gen.4.4	1	H1893	And Abel,
Gen.4.4	2	H1931	he
Gen.4.4	3	H935	also brought
Gen.4.4	4	H1062	of the firstlings
Gen.4.4	5	H6629	of his flock
Gen.4.4	6	H2459	and of the fat
Gen.4.4	7	H3068	thereof. And Jehovah
Gen.4.4	8	H8159	had respect
Gen.4.4	9	H1893	unto Abel
Gen.4.4	10	H4503	and to his offering:
Gen.4.5	1	H7014	but unto Cain
Gen.4.5	2	H4503	and to his offering
Gen.4.5	3	H8159	he had not respect.
Gen.4.5	4	H7014	And Cain
Gen.4.5	5	H3966	was very
Gen.4.5	6	H2734	wroth,
Gen.4.5	7	H6440	and his countenance
Gen.4.5	8	H5307	fell.
Gen.4.6	1	H3068	And Jehovah
Gen.4.6	2	H559	said
Gen.4.6	3	H7014	unto Cain,
Gen.4.6	4	H2734	Why art thou wroth?
Gen.4.6	5	H6440	and why is thy countenance
Gen.4.6	6	H5307	fallen?
Gen.4.7	1	H518	If
Gen.4.7	2	H3190	thou doest well,
Gen.4.7	3	H7613	shall it not be lifted
Gen.4.7	4	H3190	up? and if thou doest not well,
Gen.4.7	5	H2403	sin
Gen.4.7	6	H7257	coucheth
Gen.4.7	7	H6607	at the door;
Gen.4.7	8	H8669	and unto thee shall be its desire;
Gen.4.7	9	H4910	but do thou rule over it.
Gen.4.8	1	H7014	And Cain
Gen.4.8	2	H559	told
Gen.4.8	3	H1893	Abel
Gen.4.8	4	H413	his
Gen.4.8	5	H251	brother.
Gen.4.8	6	H7704	And it came to pass, when they were in the field,
Gen.4.8	7	H7014	that Cain
Gen.4.8	8	H6965	rose up
Gen.4.8	9	H413	against
Gen.4.8	10	H1893	Abel
Gen.4.8	11	H251	his brother,
Gen.4.8	12	H2026	and slew him.
Gen.4.9	1	H3068	And Jehovah
Gen.4.9	2	H559	said
Gen.4.9	3	H7014	unto Cain,
Gen.4.9	4	H335	Where
Gen.4.9	5	H1893	is Abel
Gen.4.9	6	H251	thy brother?
Gen.4.9	7	H559	And he said,
Gen.4.9	8	H3045	I know
Gen.4.9	9	H251	not: am I my brother's
Gen.4.9	10	H8104	keeper?
Gen.4.10	1	H559	And he said,
Gen.4.10	2	H4100	What
Gen.4.10	3	H6213	hast thou done?
Gen.4.10	4	H6963	the voice
Gen.4.10	5	H251	of thy brother's
Gen.4.10	6	H1818	blood
Gen.4.10	7	H6817	crieth
Gen.4.10	8	H127	unto me from the ground.
Gen.4.11	1	H779	And now cursed
Gen.4.11	2	H127	art thou from the ground,
Gen.4.11	3	H6475	which hath opened
Gen.4.11	4	H6310	its mouth
Gen.4.11	5	H3947	to receive
Gen.4.11	6	H251	thy brother's
Gen.4.11	7	H1818	blood
Gen.4.11	8	H3027	from thy hand;
Gen.4.12	1	H3588	when
Gen.4.12	2	H5647	thou tillest
Gen.4.12	3	H127	the ground,
Gen.4.12	4	H3254	it shall not henceforth
Gen.4.12	5	H5414	yield
Gen.4.12	6	H3581	unto thee its strength;
Gen.4.12	7	H5128	a fugitive
Gen.4.12	8	H5110	and a wanderer
Gen.4.12	9	H776	shalt thou be in the earth.
Gen.4.13	1	H7014	And Cain
Gen.4.13	2	H559	said
Gen.4.13	3	H3068	unto Jehovah,
Gen.4.13	4	H5771	My punishment
Gen.4.13	5	H1419	is greater
Gen.4.13	6	H5375	than I can bear.
Gen.4.14	1	H1644	Behold, thou hast driven me out
Gen.4.14	2	H3117	this day
Gen.4.14	3	H6440	from the face
Gen.4.14	4	H127	of the ground;
Gen.4.14	5	H5921	and from
Gen.4.14	6	H6440	thy face
Gen.4.14	7	H5641	shall I be hid;
Gen.4.14	8	H5128	and I shall be a fugitive
Gen.4.14	9	H5110	and a wanderer
Gen.4.14	10	H776	in the earth;
Gen.4.14	11	H1961	and it will come to pass,
Gen.4.14	12	H2026	that whosoever findeth me
Gen.4.14	13	H2026	will slay me.
Gen.4.15	1	H3068	And Jehovah
Gen.4.15	2	H559	said
Gen.4.15	3	H3651	unto him, Therefore
Gen.4.15	4	H2026	whosoever slayeth
Gen.4.15	5	H7014	Cain,
Gen.4.15	6	H5358	vengeance shall be taken
Gen.4.15	7	H7659	on him sevenfold.
Gen.4.15	8	H3068	And Jehovah
Gen.4.15	9	H7760	appointed
Gen.4.15	10	H226	a sign
Gen.4.15	11	H7014	for Cain,
Gen.4.15	12	H1115	lest
Gen.4.15	13	H4672	any finding
Gen.4.15	14	H5221	him should smite him.
Gen.4.16	1	H7014	And Cain
Gen.4.16	2	H3318	went out
Gen.4.16	3	H6440	from the presence
Gen.4.16	4	H3068	of Jehovah,
Gen.4.16	5	H3427	and dwelt
Gen.4.16	6	H776	in the land
Gen.4.16	7	H5113	of Nod,
Gen.4.16	8	H6926	on the east
Gen.4.16	9	H5731	of Eden.
Gen.4.17	1	H7014	And Cain
Gen.4.17	2	H3045	knew
Gen.4.17	3	H802	his wife;
Gen.4.17	4	H2029	and she conceived,
Gen.4.17	5	H3205	and bare
Gen.4.17	6	H2585	Enoch:
Gen.4.17	7	H1129	and he builded
Gen.4.17	8	H5892	a city,
Gen.4.17	9	H7121	and called
Gen.4.17	10	H8034	the name
Gen.4.17	11	H5892	of the city,
Gen.4.17	12	H8034	after the name
Gen.4.17	13	H1121	of his son,
Gen.4.17	14	H2585	Enoch.
Gen.4.18	1	H2585	And unto Enoch
Gen.4.18	2	H3205	was born
Gen.4.18	3	H5897	Irad:
Gen.4.18	4	H5897	and Irad
Gen.4.18	5	H3205	begat
Gen.4.18	6	H4232	Mehujael;
Gen.4.18	7	H4232	and Mehujael
Gen.4.18	8	H3205	begat
Gen.4.18	9	H4967	Methushael;
Gen.4.18	10	H4967	and Methushael
Gen.4.18	11	H3205	begat
Gen.4.18	12	H3929	Lamech.
Gen.4.19	1	H3929	And Lamech
Gen.4.19	2	H3947	took
Gen.4.19	3	H8147	unto him two
Gen.4.19	4	H802	wives:
Gen.4.19	5	H8034	the name
Gen.4.19	6	H259	of the one
Gen.4.19	7	H5711	was Adah,
Gen.4.19	8	H8034	and the name
Gen.4.19	9	H8145	of the other
Gen.4.19	10	H6741	Zillah.
Gen.4.20	1	H5711	And Adah
Gen.4.20	2	H3205	bare
Gen.4.20	3	H2989	Jabal:
Gen.4.20	4	H1	he was the father
Gen.4.20	5	H3427	of such as dwell
Gen.4.20	6	H168	in tents
Gen.4.20	7	H4735	and have cattle.
Gen.4.21	1	H251	And his brother's
Gen.4.21	2	H8034	name
Gen.4.21	3	H3106	was Jubal:
Gen.4.21	4	H1	he was the father
Gen.4.21	5	H8610	of all such as handle
Gen.4.21	6	H3658	the harp
Gen.4.21	7	H5748	and pipe.
Gen.4.22	1	H6741	And Zillah,
Gen.4.22	2	H3205	she also bare
Gen.4.22	3	H8423	Tubal-cain,
Gen.4.22	4	H3913	the forger
Gen.4.22	5	H2794	of every cutting instrument
Gen.4.22	6	H5178	of brass
Gen.4.22	7	H1270	and iron:
Gen.4.22	8	H269	and the sister
Gen.4.22	9	H8423	of Tubal-cain
Gen.4.22	10	H5279	was Naamah.
Gen.4.23	1	H3929	And Lamech
Gen.4.23	2	H559	said
Gen.4.23	3	H802	unto his wives:
Gen.4.23	4	H5711	Adah
Gen.4.23	5	H6741	and Zillah,
Gen.4.23	6	H8085	hear
Gen.4.23	7	H6963	my voice;
Gen.4.23	8	H802	Ye wives
Gen.4.23	9	H3929	of Lamech,
Gen.4.23	10	H238	hearken
Gen.4.23	11	H565	unto my speech:
Gen.4.23	12	H2026	For I have slain
Gen.4.23	13	H376	a man
Gen.4.23	14	H6482	for wounding
Gen.4.23	15	H3206	me, And a young man
Gen.4.23	16	H2250	for bruising me:
Gen.4.24	1	H3588	If
Gen.4.24	2	H7014	Cain
Gen.4.24	3	H5358	shall be avenged
Gen.4.24	4	H7659	sevenfold,
Gen.4.24	5	H3929	Truly Lamech
Gen.4.24	6	H7657	seventy
Gen.4.24	7	H7651	and sevenfold.
Gen.4.25	1	H120	And Adam
Gen.4.25	2	H3045	knew
Gen.4.25	3	H802	his wife
Gen.4.25	4	H5750	again;
Gen.4.25	5	H3205	and she bare
Gen.4.25	6	H1121	a son,
Gen.4.25	7	H7121	and called
Gen.4.25	8	H8034	his name
Gen.4.25	9	H8352	Seth:
Gen.4.25	10	H430	For, said she, God
Gen.4.25	11	H7896	hath appointed
Gen.4.25	12	H312	me another
Gen.4.25	13	H2233	seed
Gen.4.25	14	H8478	instead
Gen.4.25	15	H1893	of Abel;
Gen.4.25	16	H7014	for Cain
Gen.4.25	17	H2026	slew
Gen.4.25	18	H3588	him.
Gen.4.26	1	H8352	And to Seth,
Gen.4.26	2	H1931	to him
Gen.4.26	3	H3205	also there was born
Gen.4.26	4	H1121	a son;
Gen.4.26	5	H7121	and he called
Gen.4.26	6	H8034	his name
Gen.4.26	7	H583	Enosh.
Gen.4.26	8	H2490	Then began men
Gen.4.26	9	H7121	to call
Gen.4.26	10	H8034	upon the name
Gen.4.26	11	H3068	of Jehovah.
Gen.5.1	1	H2088	This
Gen.5.1	2	H5612	is the book
Gen.5.1	3	H8435	of the generations
Gen.5.1	4	H121	of Adam.
Gen.5.1	5	H3117	In the day
Gen.5.1	6	H430	that God
Gen.5.1	7	H1254	created
Gen.5.1	8	H120	man,
Gen.5.1	9	H1823	in the likeness
Gen.5.1	10	H430	of God
Gen.5.1	11	H6213	made he him;
Gen.5.2	1	H2145	male
Gen.5.2	2	H5347	and female
Gen.5.2	3	H1254	created
Gen.5.2	4	H1288	he them, and blessed
Gen.5.2	5	H7121	them, and called
Gen.5.2	6	H8034	their name
Gen.5.2	7	H120	Adam,
Gen.5.2	8	H3117	in the day
Gen.5.2	9	H1254	when they were created.
Gen.5.3	1	H121	And Adam
Gen.5.3	2	H2421	lived
Gen.5.3	3	H3967	a hundred
Gen.5.3	4	H7970	and thirty
Gen.5.3	5	H8141	years,
Gen.5.3	6	H3205	and begat
Gen.5.3	7	H1823	a son in his own likeness,
Gen.5.3	8	H6754	after his image;
Gen.5.3	9	H7121	and called
Gen.5.3	10	H8034	his name
Gen.5.3	11	H8352	Seth:
Gen.5.4	1	H3117	and the days
Gen.5.4	2	H121	of Adam
Gen.5.4	3	H310	after
Gen.5.4	4	H3205	he begat
Gen.5.4	5	H8352	Seth
Gen.5.4	6	H8083	were eight
Gen.5.4	7	H3967	hundred
Gen.5.4	8	H8141	years:
Gen.5.4	9	H3205	and he begat
Gen.5.4	10	H1121	sons
Gen.5.4	11	H1323	and daughters.
Gen.5.5	1	H3117	And all the days
Gen.5.5	2	H121	that Adam
Gen.5.5	3	H2425	lived
Gen.5.5	4	H8672	were nine
Gen.5.5	5	H3967	hundred
Gen.5.5	6	H7970	and thirty
Gen.5.5	7	H8141	years:
Gen.5.5	8	H4191	and he died.
Gen.5.6	1	H8352	And Seth
Gen.5.6	2	H2421	lived
Gen.5.6	3	H3967	a hundred
Gen.5.6	4	H2568	and five
Gen.5.6	5	H8141	years,
Gen.5.6	6	H3205	and begat
Gen.5.6	7	H583	Enosh:
Gen.5.7	1	H8352	and Seth
Gen.5.7	2	H2421	lived
Gen.5.7	3	H310	after
Gen.5.7	4	H3205	he begat
Gen.5.7	5	H583	Enosh
Gen.5.7	6	H8083	eight
Gen.5.7	7	H3967	hundred
Gen.5.7	8	H7651	and seven
Gen.5.7	9	H8141	years,
Gen.5.7	10	H3205	and begat
Gen.5.7	11	H1121	sons
Gen.5.7	12	H1323	and daughters:
Gen.5.8	1	H3117	and all the days
Gen.5.8	2	H8352	of Seth
Gen.5.8	3	H8672	were nine
Gen.5.8	4	H3967	hundred
Gen.5.8	5	H6240	and twelve
Gen.5.8	6	H8141	years:
Gen.5.8	7	H4191	and he died.
Gen.5.9	1	H583	And Enosh
Gen.5.9	2	H2421	lived
Gen.5.9	3	H8673	ninety
Gen.5.9	4	H8141	years,
Gen.5.9	5	H3205	and begat
Gen.5.9	6	H7018	Kenan:
Gen.5.10	1	H583	and Enosh
Gen.5.10	2	H2421	lived
Gen.5.10	3	H310	after
Gen.5.10	4	H3205	he begat
Gen.5.10	5	H7018	Kenan
Gen.5.10	6	H8083	eight
Gen.5.10	7	H3967	hundred
Gen.5.10	8	H6240	and fifteen
Gen.5.10	9	H8141	years,
Gen.5.10	10	H3205	and begat
Gen.5.10	11	H1121	sons
Gen.5.10	12	H1323	and daughters:
Gen.5.11	1	H3117	and all the days
Gen.5.11	2	H583	of Enosh
Gen.5.11	3	H8672	were nine
Gen.5.11	4	H3967	hundred
Gen.5.11	5	H2568	and five
Gen.5.11	6	H8141	years:
Gen.5.11	7	H4191	and he died.
Gen.5.12	1	H7018	And Kenan
Gen.5.12	2	H2421	lived
Gen.5.12	3	H7657	seventy
Gen.5.12	4	H8141	years,
Gen.5.12	5	H3205	and begat
Gen.5.12	6	H4111	Mahalalel:
Gen.5.13	1	H7018	and Kenan
Gen.5.13	2	H2421	lived
Gen.5.13	3	H310	after
Gen.5.13	4	H3205	he begat
Gen.5.13	5	H4111	Mahalalel
Gen.5.13	6	H8083	eight
Gen.5.13	7	H3967	hundred
Gen.5.13	8	H705	and forty
Gen.5.13	9	H8141	years,
Gen.5.13	10	H3205	and begat
Gen.5.13	11	H1121	sons
Gen.5.13	12	H1323	and daughters:
Gen.5.14	1	H3117	and all the days
Gen.5.14	2	H7018	of Kenan
Gen.5.14	3	H8672	were nine
Gen.5.14	4	H3967	hundred
Gen.5.14	5	H6235	and ten
Gen.5.14	6	H8141	years:
Gen.5.14	7	H4191	and he died.
Gen.5.15	1	H4111	And Mahalalel
Gen.5.15	2	H2421	lived
Gen.5.15	3	H8346	sixty
Gen.5.15	4	H2568	and five
Gen.5.15	5	H8141	years,
Gen.5.15	6	H3205	and begat
Gen.5.15	7	H3382	Jared:
Gen.5.16	1	H4111	And Mahalalel
Gen.5.16	2	H2421	lived
Gen.5.16	3	H310	after
Gen.5.16	4	H3205	he begat
Gen.5.16	5	H3382	Jared
Gen.5.16	6	H8083	eight
Gen.5.16	7	H3967	hundred
Gen.5.16	8	H7970	and thirty
Gen.5.16	9	H8141	years,
Gen.5.16	10	H3205	and begat
Gen.5.16	11	H1121	sons
Gen.5.16	12	H1323	and daughters:
Gen.5.17	1	H3117	and all the days
Gen.5.17	2	H4111	of Mahalalel
Gen.5.17	3	H8083	were eight
Gen.5.17	4	H3967	hundred
Gen.5.17	5	H8673	ninety
Gen.5.17	6	H2568	and five
Gen.5.17	7	H8141	years:
Gen.5.17	8	H4191	and he died.
Gen.5.18	1	H3382	And Jared
Gen.5.18	2	H2421	lived
Gen.5.18	3	H3967	a hundred
Gen.5.18	4	H8346	sixty
Gen.5.18	5	H8147	and two
Gen.5.18	6	H8141	years,
Gen.5.18	7	H3205	and begat
Gen.5.18	8	H2585	Enoch:
Gen.5.19	1	H3382	and Jared
Gen.5.19	2	H2421	lived
Gen.5.19	3	H310	after
Gen.5.19	4	H3205	he begat
Gen.5.19	5	H2585	Enoch
Gen.5.19	6	H8083	eight
Gen.5.19	7	H3967	hundred
Gen.5.19	8	H8141	years,
Gen.5.19	9	H3205	and begat
Gen.5.19	10	H1121	sons
Gen.5.19	11	H1323	and daughters:
Gen.5.20	1	H3117	And all the days
Gen.5.20	2	H3382	of Jared
Gen.5.20	3	H8672	were nine
Gen.5.20	4	H3967	hundred
Gen.5.20	5	H8346	sixty
Gen.5.20	6	H8147	and two
Gen.5.20	7	H8141	years:
Gen.5.20	8	H4191	and he died.
Gen.5.21	1	H2585	And Enoch
Gen.5.21	2	H2421	lived
Gen.5.21	3	H8346	sixty
Gen.5.21	4	H2568	and five
Gen.5.21	5	H8141	years,
Gen.5.21	6	H3205	and begat
Gen.5.21	7	H4968	Methuselah:
Gen.5.22	1	H2585	and Enoch
Gen.5.22	2	H1980	walked
Gen.5.22	3	H854	with
Gen.5.22	4	H430	God
Gen.5.22	5	H310	after
Gen.5.22	6	H3205	he begat
Gen.5.22	7	H4968	Methuselah
Gen.5.22	8	H7969	three
Gen.5.22	9	H3967	hundred
Gen.5.22	10	H8141	years,
Gen.5.22	11	H3205	and begat
Gen.5.22	12	H1121	sons
Gen.5.22	13	H1323	and daughters:
Gen.5.23	1	H3117	and all the days
Gen.5.23	2	H2585	of Enoch
Gen.5.23	3	H7969	were three
Gen.5.23	4	H3967	hundred
Gen.5.23	5	H8346	sixty
Gen.5.23	6	H2568	and five
Gen.5.23	7	H8141	years:
Gen.5.24	1	H2585	and Enoch
Gen.5.24	2	H1980	walked
Gen.5.24	3	H430	with God:
Gen.5.24	4	H430	and he was not; for God
Gen.5.24	5	H3947	took him.
Gen.5.25	1	H4968	And Methuselah
Gen.5.25	2	H2421	lived
Gen.5.25	3	H3967	a hundred
Gen.5.25	4	H8084	eighty
Gen.5.25	5	H7651	and seven
Gen.5.25	6	H8141	years,
Gen.5.25	7	H3205	and begat
Gen.5.25	8	H3929	Lamech:
Gen.5.26	1	H4968	and Methuselah
Gen.5.26	2	H2421	lived
Gen.5.26	3	H310	after
Gen.5.26	4	H3205	he begat
Gen.5.26	5	H3929	Lamech
Gen.5.26	6	H7651	seven
Gen.5.26	7	H3967	hundred
Gen.5.26	8	H8084	eighty
Gen.5.26	9	H8147	and two
Gen.5.26	10	H8141	years,
Gen.5.26	11	H3205	and begat
Gen.5.26	12	H1121	sons
Gen.5.26	13	H1323	and daughters:
Gen.5.27	1	H3117	And all the days
Gen.5.27	2	H4968	of Methuselah
Gen.5.27	3	H8672	were nine
Gen.5.27	4	H3967	hundred
Gen.5.27	5	H8346	sixty
Gen.5.27	6	H8672	and nine
Gen.5.27	7	H8141	years:
Gen.5.27	8	H4191	and he died.
Gen.5.28	1	H3929	And Lamech
Gen.5.28	2	H2421	lived
Gen.5.28	3	H3967	a hundred
Gen.5.28	4	H8084	eighty
Gen.5.28	5	H8147	and two
Gen.5.28	6	H8141	years,
Gen.5.28	7	H3205	and begat
Gen.5.28	8	H1121	a son:
Gen.5.29	1	H7121	and he called
Gen.5.29	2	H8034	his name
Gen.5.29	3	H5146	Noah,
Gen.5.29	4	H559	saying,
Gen.5.29	5	H5162	This same shall comfort
Gen.5.29	6	H4639	us in our work
Gen.5.29	7	H6093	and in the toil
Gen.5.29	8	H3027	of our hands,
Gen.5.29	9	H4480	which cometh because
Gen.5.29	10	H127	of the ground
Gen.5.29	11	H3068	which Jehovah
Gen.5.29	12	H779	hath cursed.
Gen.5.30	1	H3929	And Lamech
Gen.5.30	2	H2421	lived
Gen.5.30	3	H310	after
Gen.5.30	4	H3205	he begat
Gen.5.30	5	H5146	Noah
Gen.5.30	6	H2568	five
Gen.5.30	7	H3967	hundred
Gen.5.30	8	H8673	ninety
Gen.5.30	9	H2568	and five
Gen.5.30	10	H8141	years,
Gen.5.30	11	H3205	and begat
Gen.5.30	12	H1121	sons
Gen.5.30	13	H1323	and daughters:
Gen.5.31	1	H3117	And all the days
Gen.5.31	2	H3929	of Lamech
Gen.5.31	3	H7651	were seven
Gen.5.31	4	H3967	hundred
Gen.5.31	5	H7657	seventy
Gen.5.31	6	H7651	and seven
Gen.5.31	7	H8141	years:
Gen.5.31	8	H4191	and he died.
Gen.5.32	1	H5146	And Noah
Gen.5.32	2	H2568	was five
Gen.5.32	3	H3967	hundred
Gen.5.32	4	H8141	years
Gen.5.32	5	H1121	old:
Gen.5.32	6	H5146	and Noah
Gen.5.32	7	H3205	begat
Gen.5.32	8	H8035	Shem,
Gen.5.32	9	H2526	Ham,
Gen.5.32	10	H3315	and Japheth.
Gen.6.1	1	H120	And it came to pass, when men
Gen.6.1	2	H2490	began
Gen.6.1	3	H7231	to multiply
Gen.6.1	4	H5921	on
Gen.6.1	5	H6440	the face
Gen.6.1	6	H127	of the ground,
Gen.6.1	7	H1323	and daughters
Gen.6.1	8	H3205	were born unto them,
Gen.6.2	1	H1121	that the sons
Gen.6.2	2	H430	of God
Gen.6.2	3	H7200	saw
Gen.6.2	4	H1323	the daughters
Gen.6.2	5	H120	of men
Gen.6.2	6	H2007	that they
Gen.6.2	7	H2896	were fair;
Gen.6.2	8	H3947	and they took
Gen.6.2	9	H802	them wives
Gen.6.2	10	H977	of all that they chose.
Gen.6.3	1	H3068	And Jehovah
Gen.6.3	2	H559	said,
Gen.6.3	3	H7307	My Spirit
Gen.6.3	4	H1777	shall not strive
Gen.6.3	5	H120	with man
Gen.6.3	6	H5769	for ever,
Gen.6.3	7	H1571	for that he also
Gen.6.3	8	H1320	is flesh:
Gen.6.3	9	H3117	yet shall his days
Gen.6.3	10	H3967	be a hundred
Gen.6.3	11	H6242	and twenty
Gen.6.3	12	H8141	years.
Gen.6.4	1	H5303	The Nephilim
Gen.6.4	2	H776	were in the earth
Gen.6.4	3	H3117	in those days,
Gen.6.4	4	H310	and also after
Gen.6.4	5	H3651	that,
Gen.6.4	6	H834	when
Gen.6.4	7	H1121	the sons
Gen.6.4	8	H430	of God
Gen.6.4	9	H935	came in
Gen.6.4	10	H1323	unto the daughters
Gen.6.4	11	H120	of men,
Gen.6.4	12	H3205	and they bare
Gen.6.4	13	H1992	children to them: the same
Gen.6.4	14	H582	were the mighty men
Gen.6.4	15	H5769	that were of old,
Gen.6.4	16	H582	the men
Gen.6.4	17	H8034	of renown.
Gen.6.5	1	H3068	And Jehovah
Gen.6.5	2	H7200	saw
Gen.6.5	3	H7451	that the wickedness
Gen.6.5	4	H120	of man
Gen.6.5	5	H7227	was great
Gen.6.5	6	H776	in the earth,
Gen.6.5	7	H3336	and that every imagination
Gen.6.5	8	H4284	of the thoughts
Gen.6.5	9	H3820	of his heart
Gen.6.5	10	H7535	was only
Gen.6.5	11	H7451	evil
Gen.6.5	12	H3117	continually.
Gen.6.6	1	H5162	And it repented
Gen.6.6	2	H3068	Jehovah
Gen.6.6	3	H6213	that he had made
Gen.6.6	4	H120	man
Gen.6.6	5	H776	on the earth,
Gen.6.6	6	H6087	and it grieved
Gen.6.6	7	H413	him at
Gen.6.6	8	H3820	his heart.
Gen.6.7	1	H3068	And Jehovah
Gen.6.7	2	H559	said,
Gen.6.7	3	H4229	I will destroy
Gen.6.7	4	H120	man
Gen.6.7	5	H1254	whom I have created
Gen.6.7	6	H6440	from the face
Gen.6.7	7	H127	of the ground;
Gen.6.7	8	H120	both man,
Gen.6.7	9	H5704	and
Gen.6.7	10	H929	beast,
Gen.6.7	11	H7431	and creeping things,
Gen.6.7	12	H5775	and birds
Gen.6.7	13	H8064	of the heavens;
Gen.6.7	14	H5162	for it repenteth
Gen.6.7	15	H6213	me that I have made them.
Gen.6.8	1	H5146	But Noah
Gen.6.8	2	H4672	found
Gen.6.8	3	H2580	favor
Gen.6.8	4	H5869	in the eyes
Gen.6.8	5	H3068	of Jehovah.
Gen.6.9	1	H8435	These are the generations
Gen.6.9	2	H5146	of Noah.
Gen.6.9	3	H5146	Noah
Gen.6.9	4	H6662	was a righteous
Gen.6.9	5	H376	man,
Gen.6.9	6	H8549	and perfect
Gen.6.9	7	H1755	in his generations:
Gen.6.9	8	H5146	Noah
Gen.6.9	9	H1980	walked
Gen.6.9	10	H430	with God.
Gen.6.10	1	H5146	And Noah
Gen.6.10	2	H3205	begat
Gen.6.10	3	H7969	three
Gen.6.10	4	H1121	sons,
Gen.6.10	5	H8035	Shem,
Gen.6.10	6	H2526	Ham,
Gen.6.10	7	H3315	and Japheth.
Gen.6.11	1	H776	And the earth
Gen.6.11	2	H7843	was corrupt
Gen.6.11	3	H6440	before
Gen.6.11	4	H430	God,
Gen.6.11	5	H776	and the earth
Gen.6.11	6	H4390	was filled
Gen.6.11	7	H2555	with violence.
Gen.6.12	1	H430	And God
Gen.6.12	2	H7200	saw
Gen.6.12	3	H776	the earth,
Gen.6.12	4	H7843	and, behold, it was corrupt;
Gen.6.12	5	H1320	for all flesh
Gen.6.12	6	H7843	had corrupted
Gen.6.12	7	H1870	their way
Gen.6.12	8	H776	upon the earth.
Gen.6.13	1	H430	And God
Gen.6.13	2	H559	said
Gen.6.13	3	H5146	unto Noah,
Gen.6.13	4	H7093	The end
Gen.6.13	5	H1320	of all flesh
Gen.6.13	6	H935	is come
Gen.6.13	7	H6440	before me;
Gen.6.13	8	H776	for the earth
Gen.6.13	9	H4390	is filled with
Gen.6.13	10	H2555	violence
Gen.6.13	11	H6440	through them;
Gen.6.13	12	H7843	and, behold, I will destroy
Gen.6.13	13	H854	them with
Gen.6.13	14	H776	the earth.
Gen.6.14	1	H6213	Make
Gen.6.14	2	H8392	thee an ark
Gen.6.14	3	H1613	of gopher
Gen.6.14	4	H6086	wood;
Gen.6.14	5	H7064	rooms
Gen.6.14	6	H6213	shalt thou make
Gen.6.14	7	H854	in
Gen.6.14	8	H8392	the ark,
Gen.6.14	9	H3722	and shalt pitch
Gen.6.14	10	H1004	it within
Gen.6.14	11	H2351	and without
Gen.6.14	12	H3724	with pitch.
Gen.6.15	1	H6213	And this is how thou shalt make
Gen.6.15	2	H753	it: the length
Gen.6.15	3	H8392	of the ark
Gen.6.15	4	H7969	three
Gen.6.15	5	H3967	hundred
Gen.6.15	6	H520	cubits,
Gen.6.15	7	H7341	the breadth
Gen.6.15	8	H2572	of it fifty
Gen.6.15	9	H520	cubits,
Gen.6.15	10	H6967	and the height
Gen.6.15	11	H7970	of it thirty
Gen.6.15	12	H520	cubits.
Gen.6.16	1	H6213	A light shalt thou make
Gen.6.16	2	H8392	to the ark,
Gen.6.16	3	H520	and to a cubit
Gen.6.16	4	H3615	shalt thou finish
Gen.6.16	5	H4605	it upward;
Gen.6.16	6	H6607	and the door
Gen.6.16	7	H8392	of the ark
Gen.6.16	8	H7760	shalt thou set
Gen.6.16	9	H6654	in the side thereof;
Gen.6.16	10	H8482	with lower,
Gen.6.16	11	H8145	second,
Gen.6.16	12	H7992	and third
Gen.6.16	13	H6213	stories shalt thou make it.
Gen.6.17	1	H589	And I,
Gen.6.17	2	H2009	behold,
Gen.6.17	3	H589	I
Gen.6.17	4	H935	do bring
Gen.6.17	5	H3999	the flood
Gen.6.17	6	H4325	of waters
Gen.6.17	7	H776	upon the earth,
Gen.6.17	8	H7843	to destroy
Gen.6.17	9	H1320	all flesh,
Gen.6.17	10	H7307	wherein is the breath
Gen.6.17	11	H2416	of life,
Gen.6.17	12	H8478	from under
Gen.6.17	13	H8064	heaven;
Gen.6.17	14	H3605	everything
Gen.6.17	15	H776	that is in the earth
Gen.6.17	16	H1478	shall die.
Gen.6.18	1	H6965	But I will establish
Gen.6.18	2	H1285	my covenant
Gen.6.18	3	H935	with thee; and thou shalt come
Gen.6.18	4	H413	into
Gen.6.18	5	H8392	the ark,
Gen.6.18	6	H859	thou,
Gen.6.18	7	H1121	and thy sons,
Gen.6.18	8	H802	and thy wife,
Gen.6.18	9	H1121	and thy sons'
Gen.6.18	10	H802	wives with thee.
Gen.6.19	1	H2416	And of every living thing
Gen.6.19	2	H1320	of all flesh,
Gen.6.19	3	H8147	two
Gen.6.19	4	H935	of every sort shalt thou bring
Gen.6.19	5	H8392	into the ark,
Gen.6.19	6	H2421	to keep them alive
Gen.6.19	7	H2145	with thee; they shall be male
Gen.6.19	8	H5347	and female.
Gen.6.20	1	H5775	Of the birds
Gen.6.20	2	H4327	after their kind,
Gen.6.20	3	H929	and of the cattle
Gen.6.20	4	H4327	after their kind,
Gen.6.20	5	H7431	of every creeping thing
Gen.6.20	6	H4327	of the ground after its kind,
Gen.6.20	7	H8147	two
Gen.6.20	8	H935	of every sort shall come
Gen.6.20	9	H2421	unto thee, to keep them alive.
Gen.6.21	1	H3947	And take
Gen.6.21	2	H3978	thou unto thee of all food
Gen.6.21	3	H398	that is eaten,
Gen.6.21	4	H622	and gather
Gen.6.21	5	H402	it to thee; and it shall be for food for thee, and for them.
Gen.6.22	1	H6213	Thus did
Gen.6.22	2	H5146	Noah;
Gen.6.22	3	H430	according to all that God
Gen.6.22	4	H6680	commanded
Gen.6.22	5	H6213	him, so did he.
Gen.7.1	1	H3068	And Jehovah
Gen.7.1	2	H559	said
Gen.7.1	3	H5146	unto Noah,
Gen.7.1	4	H935	Come
Gen.7.1	5	H1004	thou and all thy house
Gen.7.1	6	H8392	into the ark;
Gen.7.1	7	H7200	for thee have I seen
Gen.7.1	8	H6662	righteous
Gen.7.1	9	H6440	before me
Gen.7.1	10	H2088	in this
Gen.7.1	11	H1755	generation.
Gen.7.2	1	H2889	Of every clean
Gen.7.2	2	H929	beast
Gen.7.2	3	H3947	thou shalt take
Gen.7.2	4	H7651	to thee seven
Gen.7.2	5	H7651	and seven,
Gen.7.2	6	H376	the male
Gen.7.2	7	H802	and his female;
Gen.7.2	8	H929	and of the beasts
Gen.7.2	9	H2889	that are not clean
Gen.7.2	10	H8147	two,
Gen.7.2	11	H376	the male
Gen.7.2	12	H802	and his female:
Gen.7.3	1	H5775	of the birds
Gen.7.3	2	H8064	also of the heavens,
Gen.7.3	3	H7651	seven
Gen.7.3	4	H7651	and seven,
Gen.7.3	5	H2145	male
Gen.7.3	6	H5347	and female,
Gen.7.3	7	H2421	to keep
Gen.7.3	8	H2233	seed
Gen.7.3	9	H2421	alive
Gen.7.3	10	H6440	upon the face
Gen.7.3	11	H776	of all the earth.
Gen.7.4	1	H5750	For yet
Gen.7.4	2	H7651	seven
Gen.7.4	3	H3117	days,
Gen.7.4	4	H4305	and I will cause it to rain
Gen.7.4	5	H776	upon the earth
Gen.7.4	6	H705	forty
Gen.7.4	7	H3117	days
Gen.7.4	8	H705	and forty
Gen.7.4	9	H3915	nights;
Gen.7.4	10	H3605	and every
Gen.7.4	11	H3351	living thing
Gen.7.4	12	H6213	that I have made
Gen.7.4	13	H4229	will I destroy
Gen.7.4	14	H5921	from off
Gen.7.4	15	H6440	the face
Gen.7.4	16	H127	of the ground.
Gen.7.5	1	H5146	And Noah
Gen.7.5	2	H6213	did
Gen.7.5	3	H3068	according unto all that Jehovah
Gen.7.5	4	H6680	commanded him.
Gen.7.6	1	H5146	And Noah
Gen.7.6	2	H8337	was six
Gen.7.6	3	H3967	hundred
Gen.7.6	4	H8141	years
Gen.7.6	5	H1121	old
Gen.7.6	6	H3999	when the flood
Gen.7.6	7	H4325	of waters
Gen.7.6	8	H776	was upon the earth.
Gen.7.7	1	H5146	And Noah
Gen.7.7	2	H935	went in,
Gen.7.7	3	H1121	and his sons,
Gen.7.7	4	H802	and his wife,
Gen.7.7	5	H1121	and his sons'
Gen.7.7	6	H802	wives
Gen.7.7	7	H8392	with him, into the ark,
Gen.7.7	8	H6440	because of
Gen.7.7	9	H4325	the waters
Gen.7.7	10	H3999	of the flood.
Gen.7.8	1	H2889	Of clean
Gen.7.8	2	H929	beasts,
Gen.7.8	3	H929	and of beasts
Gen.7.8	4	H2889	that are not clean,
Gen.7.8	5	H5775	and of birds,
Gen.7.8	6	H7430	and of everything that creepeth
Gen.7.8	7	H127	upon the ground,
Gen.7.9	1	H935	there went in
Gen.7.9	2	H8147	two
Gen.7.9	3	H8147	and two
Gen.7.9	4	H5146	unto Noah
Gen.7.9	5	H8392	into the ark,
Gen.7.9	6	H2145	male
Gen.7.9	7	H5347	and female,
Gen.7.9	8	H834	as
Gen.7.9	9	H430	God
Gen.7.9	10	H6680	commanded
Gen.7.9	11	H5146	Noah.
Gen.7.10	1	H7651	And it came to pass after the seven
Gen.7.10	2	H3117	days,
Gen.7.10	3	H4325	that the waters
Gen.7.10	4	H3999	of the flood
Gen.7.10	5	H776	were upon the earth.
Gen.7.11	1	H8141	In
Gen.7.11	2	H8337	the six
Gen.7.11	3	H3967	hundredth
Gen.7.11	4	H8141	year
Gen.7.11	5	H5146	of Noah's
Gen.7.11	6	H2416	life,
Gen.7.11	7	H8145	in the second
Gen.7.11	8	H2320	month,
Gen.7.11	9	H7651	on the seventeenth
Gen.7.11	10	H3117	day
Gen.7.11	11	H2320	of the month,
Gen.7.11	12	H2088	on the same
Gen.7.11	13	H3117	day
Gen.7.11	14	H4599	were all the fountains
Gen.7.11	15	H7227	of the great
Gen.7.11	16	H8415	deep
Gen.7.11	17	H1234	broken up,
Gen.7.11	18	H699	and the windows
Gen.7.11	19	H8064	of heaven
Gen.7.11	20	H6605	were opened.
Gen.7.12	1	H1653	And the rain
Gen.7.12	2	H776	was upon the earth
Gen.7.12	3	H705	forty
Gen.7.12	4	H3117	days
Gen.7.12	5	H705	and forty
Gen.7.12	6	H3915	nights.
Gen.7.13	1	H6106	In the selfsame
Gen.7.13	2	H3117	day
Gen.7.13	3	H935	entered
Gen.7.13	4	H5146	Noah,
Gen.7.13	5	H8035	and Shem,
Gen.7.13	6	H2526	and Ham,
Gen.7.13	7	H3315	and Japheth,
Gen.7.13	8	H1121	the sons
Gen.7.13	9	H5146	of Noah,
Gen.7.13	10	H5146	and Noah's
Gen.7.13	11	H802	wife,
Gen.7.13	12	H7969	and the three
Gen.7.13	13	H802	wives
Gen.7.13	14	H1121	of his sons
Gen.7.13	15	H8392	with them, into the ark;
Gen.7.14	1	H1992	they,
Gen.7.14	2	H2416	and every beast
Gen.7.14	3	H4327	after its kind,
Gen.7.14	4	H929	and all the cattle
Gen.7.14	5	H4327	after their kind,
Gen.7.14	6	H7431	and every creeping thing
Gen.7.14	7	H7430	that creepeth
Gen.7.14	8	H776	upon the earth
Gen.7.14	9	H4327	after its kind,
Gen.7.14	10	H4327	and every bird after its kind,
Gen.7.14	11	H6833	every bird
Gen.7.14	12	H3671	of every sort.
Gen.7.15	1	H935	And they went in
Gen.7.15	2	H5146	unto Noah
Gen.7.15	3	H8392	into the ark,
Gen.7.15	4	H8147	two
Gen.7.15	5	H8147	and two
Gen.7.15	6	H1320	of all flesh
Gen.7.15	7	H834	wherein
Gen.7.15	8	H7307	is the breath
Gen.7.15	9	H2416	of life.
Gen.7.16	1	H935	And they that went in,
Gen.7.16	2	H935	went in
Gen.7.16	3	H2145	male
Gen.7.16	4	H5347	and female
Gen.7.16	5	H1320	of all flesh,
Gen.7.16	6	H430	as God
Gen.7.16	7	H6680	commanded
Gen.7.16	8	H3068	him: and Jehovah
Gen.7.16	9	H5462	shut him in.
Gen.7.17	1	H3999	And the flood
Gen.7.17	2	H705	was forty
Gen.7.17	3	H3117	days
Gen.7.17	4	H776	upon the earth;
Gen.7.17	5	H4325	and the waters
Gen.7.17	6	H7235	increased,
Gen.7.17	7	H5375	and bare up
Gen.7.17	8	H8392	the ark,
Gen.7.17	9	H7311	and it was lifted up
Gen.7.17	10	H776	above the earth.
Gen.7.18	1	H4325	And the waters
Gen.7.18	2	H1396	prevailed,
Gen.7.18	3	H7235	and increased
Gen.7.18	4	H3966	greatly
Gen.7.18	5	H776	upon the earth;
Gen.7.18	6	H8392	and the ark
Gen.7.18	7	H3212	went
Gen.7.18	8	H6440	upon the face
Gen.7.18	9	H4325	of the waters.
Gen.7.19	1	H4325	And the waters
Gen.7.19	2	H1396	prevailed
Gen.7.19	3	H3966	exceedingly
Gen.7.19	4	H776	upon the earth;
Gen.7.19	5	H1364	and all the high
Gen.7.19	6	H8478	mountains that were under
Gen.7.19	7	H8064	the whole heaven
Gen.7.19	8	H3680	were covered.
Gen.7.20	1	H6240	Fifteen
Gen.7.20	2	H520	cubits
Gen.7.20	3	H4605	upward
Gen.7.20	4	H4325	did the waters
Gen.7.20	5	H1396	prevail;
Gen.7.20	6	H2022	and the mountains
Gen.7.20	7	H3680	were covered.
Gen.7.21	1	H1320	And all flesh
Gen.7.21	2	H1478	died
Gen.7.21	3	H7430	that moved
Gen.7.21	4	H776	upon the earth,
Gen.7.21	5	H5775	both birds,
Gen.7.21	6	H929	and cattle,
Gen.7.21	7	H2416	and beasts,
Gen.7.21	8	H8318	and every creeping thing
Gen.7.21	9	H8317	that creepeth
Gen.7.21	10	H776	upon the earth,
Gen.7.21	11	H120	and every man:
Gen.7.22	1	H639	all in whose nostrils
Gen.7.22	2	H5397	was the breath
Gen.7.22	3	H2416	of the spirit of life,
Gen.7.22	4	H2724	of all that was on the dry
Gen.7.22	5	H4191	land, died.
Gen.7.23	1	H3351	And every living thing
Gen.7.23	2	H4229	was destroyed
Gen.7.23	3	H6440	that was upon the face
Gen.7.23	4	H127	of the ground,
Gen.7.23	5	H120	both man,
Gen.7.23	6	H929	and cattle,
Gen.7.23	7	H7431	and creeping things,
Gen.7.23	8	H5775	and birds
Gen.7.23	9	H8064	of the heavens;
Gen.7.23	10	H4229	and they were destroyed
Gen.7.23	11	H776	from the earth:
Gen.7.23	12	H5146	and Noah
Gen.7.23	13	H389	only
Gen.7.23	14	H7604	was left,
Gen.7.23	15	H834	and they that
Gen.7.23	16	H8392	were with him in the ark.
Gen.7.24	1	H4325	And the waters
Gen.7.24	2	H1396	prevailed
Gen.7.24	3	H776	upon the earth
Gen.7.24	4	H3967	a hundred
Gen.7.24	5	H2572	and fifty
Gen.7.24	6	H3117	days.
Gen.8.1	1	H430	And God
Gen.8.1	2	H2142	remembered
Gen.8.1	3	H5146	Noah,
Gen.8.1	4	H2416	and all the beasts,
Gen.8.1	5	H929	and all the cattle
Gen.8.1	6	H8392	that were with him in the ark:
Gen.8.1	7	H430	and God
Gen.8.1	8	H5674	made
Gen.8.1	9	H7307	a wind
Gen.8.1	10	H5674	to pass
Gen.8.1	11	H5921	over
Gen.8.1	12	H776	the earth,
Gen.8.1	13	H4325	and the waters
Gen.8.1	14	H7918	assuaged;
Gen.8.2	1	H4599	the fountains
Gen.8.2	2	H8415	also of the deep
Gen.8.2	3	H699	and the windows
Gen.8.2	4	H8064	of heaven
Gen.8.2	5	H5534	were stopped,
Gen.8.2	6	H1653	and the rain
Gen.8.2	7	H8064	from heaven
Gen.8.2	8	H3607	was restrained;
Gen.8.3	1	H4325	and the waters
Gen.8.3	2	H7725	returned
Gen.8.3	3	H776	from off the earth
Gen.8.3	4	H1980	continually:
Gen.8.3	5	H7097	and after the end
Gen.8.3	6	H3967	of a hundred
Gen.8.3	7	H2572	and fifty
Gen.8.3	8	H3117	days
Gen.8.3	9	H4325	the waters
Gen.8.3	10	H2637	decreased.
Gen.8.4	1	H8392	And the ark
Gen.8.4	2	H5117	rested
Gen.8.4	3	H7637	in the seventh
Gen.8.4	4	H2320	month,
Gen.8.4	5	H6240	on the seventeenth
Gen.8.4	6	H3117	day
Gen.8.4	7	H2320	of the month,
Gen.8.4	8	H2022	upon the mountains
Gen.8.4	9	H780	of Ararat.
Gen.8.5	1	H4325	And the waters
Gen.8.5	2	H2637	decreased
Gen.8.5	3	H1980	continually
Gen.8.5	4	H5704	until
Gen.8.5	5	H6224	the tenth
Gen.8.5	6	H2320	month:
Gen.8.5	7	H6224	in the tenth
Gen.8.5	8	H259	month, on the first
Gen.8.5	9	H2320	day of the month,
Gen.8.5	10	H7218	were the tops
Gen.8.5	11	H2022	of the mountains
Gen.8.5	12	H7200	seen.
Gen.8.6	1	H7093	And it came to pass at the end
Gen.8.6	2	H705	of forty
Gen.8.6	3	H3117	days,
Gen.8.6	4	H5146	that Noah
Gen.8.6	5	H6605	opened
Gen.8.6	6	H2474	the window
Gen.8.6	7	H8392	of the ark
Gen.8.6	8	H6213	which he had made:
Gen.8.7	1	H7971	and he sent forth
Gen.8.7	2	H6158	a raven,
Gen.8.7	3	H3318	and it went forth
Gen.8.7	4	H3318	to
Gen.8.7	5	H7725	and fro,
Gen.8.7	6	H4325	until the waters
Gen.8.7	7	H3001	were dried up
Gen.8.7	8	H776	from off the earth.
Gen.8.8	1	H7971	And he sent forth
Gen.8.8	2	H3123	a dove
Gen.8.8	3	H7200	from him, to see
Gen.8.8	4	H4325	if the waters
Gen.8.8	5	H7043	were abated
Gen.8.8	6	H6440	from off the face
Gen.8.8	7	H127	of the ground;
Gen.8.9	1	H3123	but the dove
Gen.8.9	2	H4672	found
Gen.8.9	3	H4494	no rest
Gen.8.9	4	H3709	for the sole
Gen.8.9	5	H7272	of her foot,
Gen.8.9	6	H7725	and she returned
Gen.8.9	7	H8392	unto him to the ark;
Gen.8.9	8	H4325	for the waters
Gen.8.9	9	H6440	were on the face
Gen.8.9	10	H776	of the whole earth:
Gen.8.9	11	H7971	and he put forth
Gen.8.9	12	H3027	his hand,
Gen.8.9	13	H3947	and took her,
Gen.8.9	14	H935	and brought her in
Gen.8.9	15	H8392	unto him into the ark.
Gen.8.10	1	H2342	And he stayed
Gen.8.10	2	H312	yet other
Gen.8.10	3	H7651	seven
Gen.8.10	4	H3117	days;
Gen.8.10	5	H3254	and again
Gen.8.10	6	H7971	he sent forth
Gen.8.10	7	H3123	the dove
Gen.8.10	8	H8392	out of the ark;
Gen.8.11	1	H3123	and the dove
Gen.8.11	2	H935	came in
Gen.8.11	3	H6256	to him at eventide;
Gen.8.11	4	H6310	and, lo, in her mouth
Gen.8.11	5	H2132	an
Gen.8.11	6	H5929	olive-leaf
Gen.8.11	7	H2965	plucked off:
Gen.8.11	8	H5146	so Noah
Gen.8.11	9	H3045	knew
Gen.8.11	10	H4325	that the waters
Gen.8.11	11	H776	were abated from off the earth.
Gen.8.12	1	H3176	And he stayed
Gen.8.12	2	H312	yet other
Gen.8.12	3	H7651	seven
Gen.8.12	4	H3117	days,
Gen.8.12	5	H7971	and sent forth
Gen.8.12	6	H3123	the dove;
Gen.8.12	7	H7725	and she returned
Gen.8.12	8	H3254	not again
Gen.8.12	9	H5750	unto him any more.
Gen.8.13	1	H8337	And it came to pass in the six
Gen.8.13	2	H3967	hundred
Gen.8.13	3	H8141	and first year,
Gen.8.13	4	H7223	in the first
Gen.8.13	5	H259	month, the first
Gen.8.13	6	H2320	day of the month,
Gen.8.13	7	H4325	the waters
Gen.8.13	8	H2717	were dried up
Gen.8.13	9	H776	from off the earth:
Gen.8.13	10	H5146	and Noah
Gen.8.13	11	H5493	removed
Gen.8.13	12	H4372	the covering
Gen.8.13	13	H8392	of the ark,
Gen.8.13	14	H7200	and looked,
Gen.8.13	15	H6440	and, behold, the face
Gen.8.13	16	H127	of the ground
Gen.8.13	17	H2717	was dried.
Gen.8.14	1	H8145	And in the second
Gen.8.14	2	H2320	month,
Gen.8.14	3	H7651	on the seven
Gen.8.14	4	H6242	and twentieth
Gen.8.14	5	H3117	day
Gen.8.14	6	H2320	of the month,
Gen.8.14	7	H776	was the earth
Gen.8.14	8	H3001	dry.
Gen.8.15	1	H430	And God
Gen.8.15	2	H1696	spake
Gen.8.15	3	H5146	unto Noah,
Gen.8.15	4	H559	saying,
Gen.8.16	1	H3318	Go forth
Gen.8.16	2	H8392	from the ark,
Gen.8.16	3	H802	thou, and thy wife,
Gen.8.16	4	H1121	and thy sons,
Gen.8.16	5	H1121	and thy sons'
Gen.8.16	6	H802	wives with thee.
Gen.8.17	1	H3318	Bring forth
Gen.8.17	2	H2416	with thee every living thing
Gen.8.17	3	H1320	that is with thee of all flesh,
Gen.8.17	4	H5775	both birds,
Gen.8.17	5	H929	and cattle,
Gen.8.17	6	H7431	and every creeping thing
Gen.8.17	7	H7430	that creepeth
Gen.8.17	8	H776	upon the earth;
Gen.8.17	9	H8317	that they may breed abundantly
Gen.8.17	10	H776	in the earth,
Gen.8.17	11	H6509	and be fruitful,
Gen.8.17	12	H7235	and multiply
Gen.8.17	13	H776	upon the earth.
Gen.8.18	1	H5146	And Noah
Gen.8.18	2	H3318	went forth,
Gen.8.18	3	H1121	and his sons,
Gen.8.18	4	H802	and his wife,
Gen.8.18	5	H1121	and his sons'
Gen.8.18	6	H802	wives with him:
Gen.8.19	1	H2416	every beast,
Gen.8.19	2	H7431	every creeping thing,
Gen.8.19	3	H5775	and every bird,
Gen.8.19	4	H3605	whatsoever
Gen.8.19	5	H7430	moveth
Gen.8.19	6	H776	upon the earth,
Gen.8.19	7	H4940	after their families,
Gen.8.19	8	H3318	went forth
Gen.8.19	9	H8392	out of the ark.
Gen.8.20	1	H5146	And Noah
Gen.8.20	2	H1129	builded
Gen.8.20	3	H4196	an altar
Gen.8.20	4	H3068	unto Jehovah,
Gen.8.20	5	H3947	and took
Gen.8.20	6	H2889	of every clean
Gen.8.20	7	H929	beast,
Gen.8.20	8	H2889	and of every clean
Gen.8.20	9	H5775	bird,
Gen.8.20	10	H5927	and offered
Gen.8.20	11	H5930	burnt-offerings
Gen.8.20	12	H4196	on the altar.
Gen.8.21	1	H3068	And Jehovah
Gen.8.21	2	H7306	smelled
Gen.8.21	3	H5207	the sweet
Gen.8.21	4	H7381	savor;
Gen.8.21	5	H3068	and Jehovah
Gen.8.21	6	H559	said
Gen.8.21	7	H413	in
Gen.8.21	8	H3820	his heart,
Gen.8.21	9	H3254	I will not again
Gen.8.21	10	H7043	curse
Gen.8.21	11	H127	the ground
Gen.8.21	12	H120	any more for man's
Gen.8.21	13	H5668	sake,
Gen.8.21	14	H3336	for that the imagination
Gen.8.21	15	H120	of man's
Gen.8.21	16	H3820	heart
Gen.8.21	17	H7451	is evil
Gen.8.21	18	H5271	from his youth;
Gen.8.21	19	H3254	neither will I again
Gen.8.21	20	H5221	smite
Gen.8.21	21	H2416	any more everything living,
Gen.8.21	22	H6213	as I have done.
Gen.8.22	1	H776	While the earth
Gen.8.22	2	H3117	remaineth,
Gen.8.22	3	H2233	seedtime
Gen.8.22	4	H7105	and harvest,
Gen.8.22	5	H7120	and cold
Gen.8.22	6	H2527	and heat,
Gen.8.22	7	H7019	and summer
Gen.8.22	8	H2779	and winter,
Gen.8.22	9	H3117	and day
Gen.8.22	10	H3915	and night
Gen.8.22	11	H7673	shall not cease.
Gen.9.1	1	H430	And God
Gen.9.1	2	H1288	blessed
Gen.9.1	3	H5146	Noah
Gen.9.1	4	H1121	and his sons,
Gen.9.1	5	H559	and said
Gen.9.1	6	H6509	unto them, Be fruitful,
Gen.9.1	7	H7235	and multiply,
Gen.9.1	8	H4390	and replenish
Gen.9.1	9	H776	the earth.
Gen.9.2	1	H4172	And the fear of you
Gen.9.2	2	H2844	and the dread of you
Gen.9.2	3	H2416	shall be upon every beast
Gen.9.2	4	H776	of the earth,
Gen.9.2	5	H5775	and upon every bird
Gen.9.2	6	H8064	of the heavens;
Gen.9.2	7	H127	with all wherewith the ground
Gen.9.2	8	H7430	teemeth,
Gen.9.2	9	H1709	and all the fishes
Gen.9.2	10	H3220	of the sea,
Gen.9.2	11	H3027	into your hand
Gen.9.2	12	H5414	are they delivered.
Gen.9.3	1	H7431	Every moving thing
Gen.9.3	2	H2416	that liveth
Gen.9.3	3	H402	shall be food
Gen.9.3	4	H3418	for you; as the green
Gen.9.3	5	H6212	herb
Gen.9.3	6	H5414	have I given you all.
Gen.9.4	1	H389	But
Gen.9.4	2	H1320	flesh
Gen.9.4	3	H5315	with the life
Gen.9.4	4	H1818	thereof, which is the blood
Gen.9.4	5	H398	thereof, shall ye not eat.
Gen.9.5	1	H389	And surely
Gen.9.5	2	H1818	your blood,
Gen.9.5	3	H5315	the blood of your lives,
Gen.9.5	4	H1875	will I require;
Gen.9.5	5	H3027	at the hand
Gen.9.5	6	H2416	of every beast
Gen.9.5	7	H1875	will I require it:
Gen.9.5	8	H3027	and at the hand
Gen.9.5	9	H120	of man,
Gen.9.5	10	H3027	even at the hand
Gen.9.5	11	H120	of every man's
Gen.9.5	12	H251	brother,
Gen.9.5	13	H1875	will I require
Gen.9.5	14	H5315	the life
Gen.9.5	15	H120	of man.
Gen.9.6	1	H8210	Whoso sheddeth
Gen.9.6	2	H120	man's
Gen.9.6	3	H1818	blood,
Gen.9.6	4	H120	by man
Gen.9.6	5	H1818	shall his blood
Gen.9.6	6	H8210	be shed:
Gen.9.6	7	H6754	For in the image
Gen.9.6	8	H430	of God
Gen.9.6	9	H6213	made
Gen.9.6	10	H120	he man.
Gen.9.7	1	H6509	And you, be ye fruitful,
Gen.9.7	2	H7235	and multiply;
Gen.9.7	3	H8317	bring forth abundantly
Gen.9.7	4	H776	in the earth,
Gen.9.7	5	H7235	and multiply therein.
Gen.9.8	1	H430	And God
Gen.9.8	2	H559	spake
Gen.9.8	3	H5146	unto Noah,
Gen.9.8	4	H1121	and to his sons
Gen.9.8	5	H559	with him, saying,
Gen.9.9	1	H6965	And I, behold, I establish
Gen.9.9	2	H1285	my covenant
Gen.9.9	3	H2233	with you, and with your seed
Gen.9.9	4	H310	after you;
Gen.9.10	1	H2416	and with every living
Gen.9.10	2	H5315	creature
Gen.9.10	3	H5775	that is with you, the birds,
Gen.9.10	4	H929	the cattle,
Gen.9.10	5	H2416	and every beast
Gen.9.10	6	H776	of the earth
Gen.9.10	7	H3318	with you; of all that go out
Gen.9.10	8	H8392	of the ark,
Gen.9.10	9	H2416	even every beast
Gen.9.10	10	H776	of the earth.
Gen.9.11	1	H6965	And I will establish
Gen.9.11	2	H1285	my covenant
Gen.9.11	3	H1320	with you; neither shall all flesh
Gen.9.11	4	H3772	be cut off
Gen.9.11	5	H4325	any more by the waters
Gen.9.11	6	H3999	of the flood;
Gen.9.11	7	H3999	neither shall there any more be a flood
Gen.9.11	8	H7843	to destroy
Gen.9.11	9	H776	the earth.
Gen.9.12	1	H430	And God
Gen.9.12	2	H559	said,
Gen.9.12	3	H226	This is the token
Gen.9.12	4	H1285	of the covenant
Gen.9.12	5	H589	which I
Gen.9.12	6	H5414	make
Gen.9.12	7	H2416	between me and you and every living
Gen.9.12	8	H5315	creature
Gen.9.12	9	H5769	that is with you, for perpetual
Gen.9.12	10	H1755	generations:
Gen.9.13	1	H5414	I do set
Gen.9.13	2	H7198	my bow
Gen.9.13	3	H6051	in the cloud,
Gen.9.13	4	H226	and it shall be for a token
Gen.9.13	5	H1285	of a covenant
Gen.9.13	6	H776	between me and the earth.
Gen.9.14	1	H6049	And it shall come to pass, when I bring
Gen.9.14	2	H6051	a cloud
Gen.9.14	3	H776	over the earth,
Gen.9.14	4	H7198	that the bow
Gen.9.14	5	H7200	shall be seen
Gen.9.14	6	H6051	in the cloud,
Gen.9.15	1	H2142	and I will remember
Gen.9.15	2	H1285	my covenant,
Gen.9.15	3	H2416	which is between me and you and every living
Gen.9.15	4	H5315	creature
Gen.9.15	5	H1320	of all flesh;
Gen.9.15	6	H4325	and the waters
Gen.9.15	7	H5750	shall no more
Gen.9.15	8	H3999	become a flood
Gen.9.15	9	H7843	to destroy
Gen.9.15	10	H1320	all flesh.
Gen.9.16	1	H7198	And the bow
Gen.9.16	2	H6051	shall be in the cloud;
Gen.9.16	3	H7200	and I will look upon it,
Gen.9.16	4	H2142	that I may remember
Gen.9.16	5	H5769	the everlasting
Gen.9.16	6	H1285	covenant
Gen.9.16	7	H996	between
Gen.9.16	8	H430	God
Gen.9.16	9	H996	and
Gen.9.16	10	H2416	every living
Gen.9.16	11	H5315	creature
Gen.9.16	12	H1320	of all flesh
Gen.9.16	13	H776	that is upon the earth.
Gen.9.17	1	H430	And God
Gen.9.17	2	H559	said
Gen.9.17	3	H5146	unto Noah,
Gen.9.17	4	H226	This is the token
Gen.9.17	5	H1285	of the covenant
Gen.9.17	6	H6965	which I have established
Gen.9.17	7	H1320	between me and all flesh
Gen.9.17	8	H776	that is upon the earth.
Gen.9.18	1	H1121	And the sons
Gen.9.18	2	H5146	of Noah,
Gen.9.18	3	H3318	that went forth
Gen.9.18	4	H8392	from the ark,
Gen.9.18	5	H8035	were Shem,
Gen.9.18	6	H2526	and Ham,
Gen.9.18	7	H3315	and Japheth:
Gen.9.18	8	H2526	and Ham
Gen.9.18	9	H1	is the father
Gen.9.18	10	H3667	of Canaan.
Gen.9.19	1	H7969	These three
Gen.9.19	2	H1121	were the sons
Gen.9.19	3	H5146	of Noah:
Gen.9.19	4	H776	and of these was the whole earth
Gen.9.19	5	H5310	overspread.
Gen.9.20	1	H5146	And Noah
Gen.9.20	2	H2490	began
Gen.9.20	3	H376	to be a husbandman,
Gen.9.20	4	H5193	and planted
Gen.9.20	5	H3754	a vineyard:
Gen.9.21	1	H8354	and he drank
Gen.9.21	2	H3196	of the wine,
Gen.9.21	3	H7937	and was drunken;
Gen.9.21	4	H1540	and he was uncovered
Gen.9.21	5	H8432	within
Gen.9.21	6	H168	his tent.
Gen.9.22	1	H2526	And Ham,
Gen.9.22	2	H1	the father
Gen.9.22	3	H3667	of Canaan,
Gen.9.22	4	H7200	saw
Gen.9.22	5	H6172	the nakedness
Gen.9.22	6	H1	of his father,
Gen.9.22	7	H5046	and told
Gen.9.22	8	H8147	his two
Gen.9.22	9	H251	brethren
Gen.9.22	10	H2351	without.
Gen.9.23	1	H8035	And Shem
Gen.9.23	2	H3315	and Japheth
Gen.9.23	3	H3947	took
Gen.9.23	4	H8071	a garment,
Gen.9.23	5	H7760	and laid
Gen.9.23	6	H8147	it upon both
Gen.9.23	7	H7926	their shoulders,
Gen.9.23	8	H3212	and went
Gen.9.23	9	H322	backward,
Gen.9.23	10	H3680	and covered
Gen.9.23	11	H6172	the nakedness
Gen.9.23	12	H1	of their father;
Gen.9.23	13	H6440	and their faces
Gen.9.23	14	H322	were backward,
Gen.9.23	15	H7200	and they saw
Gen.9.23	16	H1	not their father's
Gen.9.23	17	H6172	nakedness.
Gen.9.24	1	H5146	And Noah
Gen.9.24	2	H3364	awoke
Gen.9.24	3	H3196	from his wine,
Gen.9.24	4	H3045	and knew
Gen.9.24	5	H6996	what his youngest
Gen.9.24	6	H1121	son
Gen.9.24	7	H6213	had done unto him.
Gen.9.25	1	H559	And he said,
Gen.9.25	2	H779	Cursed
Gen.9.25	3	H3667	be Canaan;
Gen.9.25	4	H5650	A servant
Gen.9.25	5	H5650	of servants
Gen.9.25	6	H251	shall he be unto his brethren.
Gen.9.26	1	H559	And he said,
Gen.9.26	2	H1288	Blessed
Gen.9.26	3	H3068	be Jehovah,
Gen.9.26	4	H430	the God
Gen.9.26	5	H8035	of Shem;
Gen.9.26	6	H3667	And let Canaan
Gen.9.26	7	H1961	be
Gen.9.26	8	H5650	his servant.
Gen.9.27	1	H430	God
Gen.9.27	2	H6601	enlarge
Gen.9.27	3	H3315	Japheth,
Gen.9.27	4	H7931	And let him dwell
Gen.9.27	5	H168	in the tents
Gen.9.27	6	H8035	of Shem;
Gen.9.27	7	H3667	And let Canaan
Gen.9.27	8	H5650	be his servant.
Gen.9.28	1	H5146	And Noah
Gen.9.28	2	H2421	lived
Gen.9.28	3	H310	after
Gen.9.28	4	H3999	the flood
Gen.9.28	5	H7969	three
Gen.9.28	6	H3967	hundred
Gen.9.28	7	H2572	and fifty
Gen.9.28	8	H8141	years.
Gen.9.29	1	H3117	And all the days
Gen.9.29	2	H5146	of Noah
Gen.9.29	3	H8672	were nine
Gen.9.29	4	H3967	hundred
Gen.9.29	5	H2572	and fifty
Gen.9.29	6	H8141	years:
Gen.9.29	7	H4191	And he died.
Gen.10.1	1	H8435	Now these are the generations
Gen.10.1	2	H1121	of the sons
Gen.10.1	3	H5146	of Noah,
Gen.10.1	4	H8035	namely, of Shem,
Gen.10.1	5	H2526	Ham,
Gen.10.1	6	H3315	and Japheth:
Gen.10.1	7	H1121	and unto them were sons
Gen.10.1	8	H3205	born
Gen.10.1	9	H310	after
Gen.10.1	10	H3999	the flood.
Gen.10.2	1	H1121	The sons
Gen.10.2	2	H3315	of Japheth:
Gen.10.2	3	H1586	Gomer,
Gen.10.2	4	H4031	and Magog,
Gen.10.2	5	H4074	and Madai,
Gen.10.2	6	H3120	and Javan,
Gen.10.2	7	H8422	and Tubal,
Gen.10.2	8	H4902	and Meshech,
Gen.10.2	9	H8494	and Tiras.
Gen.10.3	1	H1121	And the sons
Gen.10.3	2	H1586	of Gomer:
Gen.10.3	3	H813	Ashkenaz,
Gen.10.3	4	H7384	and Riphath,
Gen.10.3	5	H8425	and Togarmah.
Gen.10.4	1	H1121	And the sons
Gen.10.4	2	H3120	of Javan:
Gen.10.4	3	H473	Elishah,
Gen.10.4	4	H8659	and Tarshish,
Gen.10.4	5	H3794	Kittim,
Gen.10.4	6	H1721	and Dodanim.
Gen.10.5	1	H339	Of these were the isles
Gen.10.5	2	H1471	of the nations
Gen.10.5	3	H6504	divided in
Gen.10.5	4	H776	their lands,
Gen.10.5	5	H376	every one
Gen.10.5	6	H3956	after his tongue,
Gen.10.5	7	H4940	after their families,
Gen.10.5	8	H1471	in their nations.
Gen.10.6	1	H1121	And the sons
Gen.10.6	2	H2526	of Ham:
Gen.10.6	3	H3568	Cush,
Gen.10.6	4	H4714	and Mizraim,
Gen.10.6	5	H6316	and Put,
Gen.10.6	6	H3667	and Canaan.
Gen.10.7	1	H1121	And the sons
Gen.10.7	2	H3568	of Cush:
Gen.10.7	3	H5434	Seba,
Gen.10.7	4	H2341	and Havilah,
Gen.10.7	5	H5454	and Sabtah,
Gen.10.7	6	H7484	and Raamah,
Gen.10.7	7	H5455	and Sabteca;
Gen.10.7	8	H1121	and the sons
Gen.10.7	9	H7484	of Raamah:
Gen.10.7	10	H7614	Sheba,
Gen.10.7	11	H1719	and Dedan.
Gen.10.8	1	H3568	And Cush
Gen.10.8	2	H3205	begat
Gen.10.8	3	H5248	Nimrod:
Gen.10.8	4	H2490	he began
Gen.10.8	5	H1961	to be
Gen.10.8	6	H1368	a mighty one
Gen.10.8	7	H776	in the earth.
Gen.10.9	1	H1368	He was a mighty
Gen.10.9	2	H6718	hunter
Gen.10.9	3	H6440	before
Gen.10.9	4	H3068	Jehovah:
Gen.10.9	5	H3651	wherefore
Gen.10.9	6	H559	it is said,
Gen.10.9	7	H5248	Like Nimrod
Gen.10.9	8	H1368	a mighty
Gen.10.9	9	H6718	hunter
Gen.10.9	10	H6440	before
Gen.10.9	11	H3068	Jehovah.
Gen.10.10	1	H7225	And the beginning
Gen.10.10	2	H4467	of his kingdom
Gen.10.10	3	H894	was Babel,
Gen.10.10	4	H751	and Erech,
Gen.10.10	5	H390	and Accad,
Gen.10.10	6	H3641	and Calneh,
Gen.10.10	7	H776	in the land
Gen.10.10	8	H8152	of Shinar.
Gen.10.11	1	H776	Out of that land
Gen.10.11	2	H3318	he went forth
Gen.10.11	3	H804	into Assyria,
Gen.10.11	4	H1129	and builded
Gen.10.11	5	H5210	Nineveh,
Gen.10.11	6	H5892	and
Gen.10.11	7	H7344	Rehoboth-Ir,
Gen.10.11	8	H3625	and Calah,
Gen.10.12	1	H7449	and Resen
Gen.10.12	2	H5210	between Nineveh
Gen.10.12	3	H3625	and Calah
Gen.10.12	4	H1419	(the same is the great
Gen.10.12	5	H5892	city).
Gen.10.13	1	H4714	And Mizraim
Gen.10.13	2	H3205	begat
Gen.10.13	3	H3866	Ludim,
Gen.10.13	4	H6047	and Anamim,
Gen.10.13	5	H3853	and Lehabim,
Gen.10.13	6	H5320	and Naphtuhim,
Gen.10.14	1	H6625	and Pathrusim,
Gen.10.14	2	H3695	and Casluhim
Gen.10.14	3	H3318	(whence went forth
Gen.10.14	4	H6430	the Philistines),
Gen.10.14	5	H3732	and Caphtorim.
Gen.10.15	1	H3667	And Canaan
Gen.10.15	2	H3205	begat
Gen.10.15	3	H6721	Sidon
Gen.10.15	4	H1060	his first-born,
Gen.10.15	5	H2845	and Heth,
Gen.10.16	1	H2983	and the Jebusite,
Gen.10.16	2	H567	and the Amorite,
Gen.10.16	3	H1622	and the Girgashite,
Gen.10.17	1	H2340	and the Hivite,
Gen.10.17	2	H6208	and the Arkite,
Gen.10.17	3	H5513	and the Sinite,
Gen.10.18	1	H721	and the Arvadite,
Gen.10.18	2	H6786	and the Zemarite,
Gen.10.18	3	H2577	and the Hamathite:
Gen.10.18	4	H310	and afterward
Gen.10.18	5	H4940	were the families
Gen.10.18	6	H3669	of the Canaanite
Gen.10.18	7	H6327	spread abroad.
Gen.10.19	1	H1366	And the border
Gen.10.19	2	H3669	of the Canaanite
Gen.10.19	3	H6721	was from Sidon,
Gen.10.19	4	H935	as thou goest
Gen.10.19	5	H1642	toward Gerar,
Gen.10.19	6	H5804	unto Gaza;
Gen.10.19	7	H935	as thou goest
Gen.10.19	8	H5467	toward Sodom
Gen.10.19	9	H6017	and Gomorrah
Gen.10.19	10	H126	and Admah
Gen.10.19	11	H6636	and Zeboiim,
Gen.10.19	12	H3962	unto Lasha.
Gen.10.20	1	H1121	These are the sons
Gen.10.20	2	H2526	of Ham,
Gen.10.20	3	H4940	after their families,
Gen.10.20	4	H3956	after their tongues,
Gen.10.20	5	H776	in their lands,
Gen.10.20	6	H1471	in their nations.
Gen.10.21	1	H8035	And unto Shem,
Gen.10.21	2	H1	the father
Gen.10.21	3	H1121	of all the children
Gen.10.21	4	H5677	of Eber,
Gen.10.21	5	H1419	the elder
Gen.10.21	6	H251	brother
Gen.10.21	7	H1419	of
Gen.10.21	8	H3315	Japheth,
Gen.10.21	9	H3205	to him also were children born.
Gen.10.22	1	H1121	The sons
Gen.10.22	2	H8035	of Shem:
Gen.10.22	3	H5867	Elam,
Gen.10.22	4	H804	and Asshur,
Gen.10.22	5	H775	and Arpachshad,
Gen.10.22	6	H3865	and Lud,
Gen.10.22	7	H758	and Aram.
Gen.10.23	1	H1121	And the sons
Gen.10.23	2	H758	of Aram:
Gen.10.23	3	H5780	Uz,
Gen.10.23	4	H2343	and Hul,
Gen.10.23	5	H1666	and Gether,
Gen.10.23	6	H4851	and Mash.
Gen.10.24	1	H775	And Arpachshad
Gen.10.24	2	H3205	begat
Gen.10.24	3	H7974	Shelah;
Gen.10.24	4	H7974	and Shelah
Gen.10.24	5	H3205	begat
Gen.10.24	6	H5677	Eber.
Gen.10.25	1	H5677	And unto Eber
Gen.10.25	2	H3205	were born
Gen.10.25	3	H8147	two
Gen.10.25	4	H1121	sons:
Gen.10.25	5	H8034	the name
Gen.10.25	6	H259	of the one
Gen.10.25	7	H6389	was Peleg;
Gen.10.25	8	H3117	for in his days
Gen.10.25	9	H776	was the earth
Gen.10.25	10	H6385	divided;
Gen.10.25	11	H251	and his brother's
Gen.10.25	12	H8034	name
Gen.10.25	13	H3355	was Joktan.
Gen.10.26	1	H3355	And Joktan
Gen.10.26	2	H3205	begat
Gen.10.26	3	H486	Almodad,
Gen.10.26	4	H8026	and Sheleph,
Gen.10.26	5	H2700	and Hazarmaveth,
Gen.10.26	6	H3392	and Jerah,
Gen.10.27	1	H1913	and Hadoram,
Gen.10.27	2	H187	and Uzal,
Gen.10.27	3	H1853	and Diklah,
Gen.10.28	1	H5745	and Obal,
Gen.10.28	2	H39	and Abimael,
Gen.10.28	3	H7614	and Sheba,
Gen.10.29	1	H211	and Ophir,
Gen.10.29	2	H2341	and Havilah,
Gen.10.29	3	H3103	and Jobab:
Gen.10.29	4	H1121	all these were the sons
Gen.10.29	5	H3355	of Joktan.
Gen.10.30	1	H4186	And their dwelling
Gen.10.30	2	H4852	was from Mesha,
Gen.10.30	3	H935	as thou goest
Gen.10.30	4	H5611	toward Sephar,
Gen.10.30	5	H2022	the mountain
Gen.10.30	6	H6924	of the east.
Gen.10.31	1	H1121	These are the sons
Gen.10.31	2	H8035	of Shem,
Gen.10.31	3	H4940	after their families,
Gen.10.31	4	H3956	after their tongues,
Gen.10.31	5	H776	in their lands,
Gen.10.31	6	H1471	after their nations.
Gen.10.32	1	H4940	These are the families
Gen.10.32	2	H1121	of the sons
Gen.10.32	3	H5146	of Noah,
Gen.10.32	4	H8435	after their generations,
Gen.10.32	5	H1471	in their nations:
Gen.10.32	6	H1471	and of these were the nations
Gen.10.32	7	H6504	divided
Gen.10.32	8	H776	in the earth
Gen.10.32	9	H310	after
Gen.10.32	10	H3999	the flood.
Gen.11.1	1	H776	And the whole earth
Gen.11.1	2	H259	was of one
Gen.11.1	3	H8193	language
Gen.11.1	4	H259	and of one
Gen.11.1	5	H1697	speech.
Gen.11.2	1	H5265	And it came to pass, as they journeyed
Gen.11.2	2	H6924	east,
Gen.11.2	3	H4672	that they found
Gen.11.2	4	H1237	a plain
Gen.11.2	5	H776	in the land
Gen.11.2	6	H8152	of Shinar;
Gen.11.2	7	H3427	and they dwelt there.
Gen.11.3	1	H559	And they said
Gen.11.3	2	H376	one
Gen.11.3	3	H3051	to
Gen.11.3	4	H7453	another,
Gen.11.3	5	H3051	Come,
Gen.11.3	6	H3835	let us make
Gen.11.3	7	H3843	brick,
Gen.11.3	8	H8313	and burn
Gen.11.3	9	H8316	them thoroughly.
Gen.11.3	10	H3843	And they had brick
Gen.11.3	11	H68	for stone,
Gen.11.3	12	H2564	and slime
Gen.11.3	13	H1961	had they for mortar.
Gen.11.4	1	H559	And they said,
Gen.11.4	2	H3051	Come,
Gen.11.4	3	H1129	let us build
Gen.11.4	4	H5892	us a city,
Gen.11.4	5	H4026	and a tower,
Gen.11.4	6	H7218	whose top
Gen.11.4	7	H8064	may reach unto heaven,
Gen.11.4	8	H6213	and let us make
Gen.11.4	9	H8034	us a name;
Gen.11.4	10	H6327	lest we be scattered abroad
Gen.11.4	11	H6440	upon the face
Gen.11.4	12	H776	of the whole earth.
Gen.11.5	1	H3068	And Jehovah
Gen.11.5	2	H3381	came down
Gen.11.5	3	H7200	to see
Gen.11.5	4	H5892	the city
Gen.11.5	5	H4026	and the tower,
Gen.11.5	6	H1121	which the children
Gen.11.5	7	H120	of men
Gen.11.5	8	H1129	builded.
Gen.11.6	1	H3068	And Jehovah
Gen.11.6	2	H559	said,
Gen.11.6	3	H259	Behold, they are one
Gen.11.6	4	H5971	people,
Gen.11.6	5	H259	and they have all one
Gen.11.6	6	H8193	language;
Gen.11.6	7	H2490	and this is what they begin
Gen.11.6	8	H6213	to do:
Gen.11.6	9	H3808	and now nothing
Gen.11.6	10	H1219	will be withholden
Gen.11.6	11	H2161	from them, which they purpose
Gen.11.6	12	H6213	to do.
Gen.11.7	1	H3051	Come,
Gen.11.7	2	H3381	let us go down,
Gen.11.7	3	H1101	and there confound
Gen.11.7	4	H8193	their language,
Gen.11.7	5	H834	that
Gen.11.7	6	H8085	they may not understand
Gen.11.7	7	H376	one
Gen.11.7	8	H7453	another's
Gen.11.7	9	H8193	speech.
Gen.11.8	1	H3068	So Jehovah
Gen.11.8	2	H6327	scattered them abroad
Gen.11.8	3	H8033	from thence
Gen.11.8	4	H6440	upon the face
Gen.11.8	5	H776	of all the earth:
Gen.11.8	6	H2308	and they left off
Gen.11.8	7	H1129	building
Gen.11.8	8	H5892	the city.
Gen.11.9	1	H8034	Therefore was the name of it
Gen.11.9	2	H7121	called
Gen.11.9	3	H894	Babel;
Gen.11.9	4	H3068	because Jehovah
Gen.11.9	5	H1101	did there confound
Gen.11.9	6	H8193	the language
Gen.11.9	7	H776	of all the earth:
Gen.11.9	8	H6327	and from thence did
Gen.11.9	9	H3068	Jehovah
Gen.11.9	10	H6327	scatter them abroad
Gen.11.9	11	H6440	upon the face
Gen.11.9	12	H776	of all the earth.
Gen.11.10	1	H8435	These are the generations
Gen.11.10	2	H8035	of Shem.
Gen.11.10	3	H8035	Shem
Gen.11.10	4	H3967	was a hundred
Gen.11.10	5	H8141	years
Gen.11.10	6	H1121	old,
Gen.11.10	7	H3205	and begat
Gen.11.10	8	H775	Arpachshad
Gen.11.10	9	H8141	two years
Gen.11.10	10	H310	after
Gen.11.10	11	H3999	the flood:
Gen.11.11	1	H8035	and Shem
Gen.11.11	2	H2421	lived
Gen.11.11	3	H310	after
Gen.11.11	4	H3205	he begat
Gen.11.11	5	H775	Arpachshad
Gen.11.11	6	H2568	five
Gen.11.11	7	H3967	hundred
Gen.11.11	8	H8141	years,
Gen.11.11	9	H3205	and begat
Gen.11.11	10	H1121	sons
Gen.11.11	11	H1323	and daughters.
Gen.11.12	1	H775	And Arpachshad
Gen.11.12	2	H2425	lived
Gen.11.12	3	H2568	five
Gen.11.12	4	H7970	and thirty
Gen.11.12	5	H8141	years,
Gen.11.12	6	H3205	and begat
Gen.11.12	7	H7974	Shelah:
Gen.11.13	1	H775	and Arpachshad
Gen.11.13	2	H2421	lived
Gen.11.13	3	H310	after
Gen.11.13	4	H3205	he begat
Gen.11.13	5	H7974	Shelah
Gen.11.13	6	H702	four
Gen.11.13	7	H3967	hundred
Gen.11.13	8	H7969	and three
Gen.11.13	9	H8141	years,
Gen.11.13	10	H3205	and begat
Gen.11.13	11	H1121	sons
Gen.11.13	12	H1323	and daughters.
Gen.11.14	1	H7974	And Shelah
Gen.11.14	2	H2425	lived
Gen.11.14	3	H7970	thirty
Gen.11.14	4	H8141	years,
Gen.11.14	5	H3205	and begat
Gen.11.14	6	H5677	Eber:
Gen.11.15	1	H7974	and Shelah
Gen.11.15	2	H2421	lived
Gen.11.15	3	H310	after
Gen.11.15	4	H3205	he begat
Gen.11.15	5	H5677	Eber
Gen.11.15	6	H702	four
Gen.11.15	7	H3967	hundred
Gen.11.15	8	H7969	and three
Gen.11.15	9	H8141	years,
Gen.11.15	10	H3205	and begat
Gen.11.15	11	H1121	sons
Gen.11.15	12	H1323	and daughters.
Gen.11.16	1	H5677	And Eber
Gen.11.16	2	H2421	lived
Gen.11.16	3	H702	four
Gen.11.16	4	H7970	and thirty
Gen.11.16	5	H8141	years,
Gen.11.16	6	H3205	and begat
Gen.11.16	7	H6389	Peleg:
Gen.11.17	1	H5677	and Eber
Gen.11.17	2	H2421	lived
Gen.11.17	3	H310	after
Gen.11.17	4	H3205	he begat
Gen.11.17	5	H6389	Peleg
Gen.11.17	6	H702	four
Gen.11.17	7	H3967	hundred
Gen.11.17	8	H7970	and thirty
Gen.11.17	9	H8141	years,
Gen.11.17	10	H3205	and begat
Gen.11.17	11	H1121	sons
Gen.11.17	12	H1323	and daughters.
Gen.11.18	1	H6389	And Peleg
Gen.11.18	2	H2421	lived
Gen.11.18	3	H7970	thirty
Gen.11.18	4	H8141	years,
Gen.11.18	5	H3205	and begat
Gen.11.18	6	H7466	Reu:
Gen.11.19	1	H6389	and Peleg
Gen.11.19	2	H2421	lived
Gen.11.19	3	H310	after
Gen.11.19	4	H3205	he begat
Gen.11.19	5	H7466	Reu
Gen.11.19	6	H3967	two hundred
Gen.11.19	7	H8672	and nine
Gen.11.19	8	H8141	years,
Gen.11.19	9	H3205	and begat
Gen.11.19	10	H1121	sons
Gen.11.19	11	H1323	and daughters.
Gen.11.20	1	H7466	And Reu
Gen.11.20	2	H2421	lived
Gen.11.20	3	H8147	two
Gen.11.20	4	H7970	and thirty
Gen.11.20	5	H8141	years,
Gen.11.20	6	H3205	and begat
Gen.11.20	7	H8286	Serug:
Gen.11.21	1	H7466	and Reu
Gen.11.21	2	H2421	lived
Gen.11.21	3	H310	after
Gen.11.21	4	H3205	he begat
Gen.11.21	5	H8286	Serug
Gen.11.21	6	H3967	two hundred
Gen.11.21	7	H7651	and seven
Gen.11.21	8	H8141	years,
Gen.11.21	9	H3205	and begat
Gen.11.21	10	H1121	sons
Gen.11.21	11	H1323	and daughters.
Gen.11.22	1	H8286	And Serug
Gen.11.22	2	H2421	lived
Gen.11.22	3	H7970	thirty
Gen.11.22	4	H8141	years,
Gen.11.22	5	H3205	and begat
Gen.11.22	6	H5152	Nahor:
Gen.11.23	1	H8286	and Serug
Gen.11.23	2	H2421	lived
Gen.11.23	3	H310	after
Gen.11.23	4	H3205	he begat
Gen.11.23	5	H5152	Nahor
Gen.11.23	6	H3967	two hundred
Gen.11.23	7	H8141	years,
Gen.11.23	8	H3205	and begat
Gen.11.23	9	H1121	sons
Gen.11.23	10	H1323	and daughters.
Gen.11.24	1	H5152	And Nahor
Gen.11.24	2	H2421	lived
Gen.11.24	3	H8672	nine
Gen.11.24	4	H6242	and twenty
Gen.11.24	5	H8141	years,
Gen.11.24	6	H3205	and begat
Gen.11.24	7	H8646	Terah:
Gen.11.25	1	H5152	and Nahor
Gen.11.25	2	H2421	lived
Gen.11.25	3	H310	after
Gen.11.25	4	H3205	he begat
Gen.11.25	5	H8646	Terah
Gen.11.25	6	H3967	a hundred
Gen.11.25	7	H6240	and nineteen
Gen.11.25	8	H8141	years,
Gen.11.25	9	H3205	and begat
Gen.11.25	10	H1121	sons
Gen.11.25	11	H1323	and daughters.
Gen.11.26	1	H8646	And Terah
Gen.11.26	2	H2421	lived
Gen.11.26	3	H7657	seventy
Gen.11.26	4	H8141	years,
Gen.11.26	5	H3205	and begat
Gen.11.26	6	H87	Abram,
Gen.11.26	7	H5152	Nahor,
Gen.11.26	8	H2039	and Haran.
Gen.11.27	1	H8435	Now these are the generations
Gen.11.27	2	H8646	of Terah.
Gen.11.27	3	H8646	Terah
Gen.11.27	4	H3205	begat
Gen.11.27	5	H87	Abram,
Gen.11.27	6	H5152	Nahor,
Gen.11.27	7	H2039	and Haran;
Gen.11.27	8	H2039	and Haran
Gen.11.27	9	H3205	begat
Gen.11.27	10	H3876	Lot.
Gen.11.28	1	H2039	And Haran
Gen.11.28	2	H4191	died
Gen.11.28	3	H6440	before
Gen.11.28	4	H1	his father
Gen.11.28	5	H8646	Terah
Gen.11.28	6	H776	in the land
Gen.11.28	7	H4138	of his nativity,
Gen.11.28	8	H218	in Ur
Gen.11.28	9	H3778	of the Chaldees.
Gen.11.29	1	H87	And Abram
Gen.11.29	2	H5152	and Nahor
Gen.11.29	3	H3947	took
Gen.11.29	4	H802	them wives:
Gen.11.29	5	H8034	the name
Gen.11.29	6	H87	of Abram's
Gen.11.29	7	H802	wife
Gen.11.29	8	H8297	was Sarai;
Gen.11.29	9	H8034	and the name
Gen.11.29	10	H5152	of Nahor's
Gen.11.29	11	H802	wife,
Gen.11.29	12	H4435	Milcah,
Gen.11.29	13	H1323	the daughter
Gen.11.29	14	H2039	of Haran,
Gen.11.29	15	H1	the father
Gen.11.29	16	H4435	of Milcah,
Gen.11.29	17	H1	and the father
Gen.11.29	18	H3252	of Iscah.
Gen.11.30	1	H8297	And Sarai
Gen.11.30	2	H6135	was barren;
Gen.11.30	3	H2056	she had no child.
Gen.11.31	1	H8646	And Terah
Gen.11.31	2	H3947	took
Gen.11.31	3	H87	Abram
Gen.11.31	4	H1121	his son,
Gen.11.31	5	H3876	and Lot
Gen.11.31	6	H1121	the son
Gen.11.31	7	H2039	of Haran,
Gen.11.31	8	H1121	his son's
Gen.11.31	9	H1121	son,
Gen.11.31	10	H8297	and Sarai
Gen.11.31	11	H3618	his daughter-in-law,
Gen.11.31	12	H1121	his son
Gen.11.31	13	H87	Abram's
Gen.11.31	14	H802	wife;
Gen.11.31	15	H3318	and they went forth
Gen.11.31	16	H218	with them from Ur
Gen.11.31	17	H3778	of the Chaldees,
Gen.11.31	18	H3212	to go
Gen.11.31	19	H776	into the land
Gen.11.31	20	H3667	of Canaan;
Gen.11.31	21	H935	and they came
Gen.11.31	22	H2771	unto Haran,
Gen.11.31	23	H3427	and dwelt there.
Gen.11.32	1	H3117	And the days
Gen.11.32	2	H8646	of Terah
Gen.11.32	3	H3967	were two hundred
Gen.11.32	4	H2568	and five
Gen.11.32	5	H8141	years:
Gen.11.32	6	H8646	and Terah
Gen.11.32	7	H4191	died
Gen.11.32	8	H2771	in Haran.
Gen.12.1	1	H3068	Now Jehovah
Gen.12.1	2	H559	said
Gen.12.1	3	H87	unto Abram,
Gen.12.1	4	H3212	Get thee out
Gen.12.1	5	H776	of thy country,
Gen.12.1	6	H4138	and from thy kindred,
Gen.12.1	7	H1	and from thy father's
Gen.12.1	8	H1004	house,
Gen.12.1	9	H776	unto the land
Gen.12.1	10	H7200	that I will show thee:
Gen.12.2	1	H6213	and I will make of thee
Gen.12.2	2	H1419	a great
Gen.12.2	3	H1471	nation,
Gen.12.2	4	H1288	and I will bless
Gen.12.2	5	H1431	thee, and make
Gen.12.2	6	H8034	they name
Gen.12.2	7	H1431	great;
Gen.12.2	8	H1293	and be thou a blessing:
Gen.12.3	1	H1288	and I will bless
Gen.12.3	2	H1288	them that bless
Gen.12.3	3	H7043	thee, and him that curseth
Gen.12.3	4	H779	thee will I curse:
Gen.12.3	5	H4940	and in thee shall all the families
Gen.12.3	6	H127	of the earth
Gen.12.3	7	H1288	be blessed.
Gen.12.4	1	H87	So Abram
Gen.12.4	2	H3212	went,
Gen.12.4	3	H3068	as Jehovah
Gen.12.4	4	H1696	had spoken
Gen.12.4	5	H3876	unto him; and Lot
Gen.12.4	6	H3212	went
Gen.12.4	7	H87	with him: and Abram
Gen.12.4	8	H7657	was seventy
Gen.12.4	9	H2568	and five
Gen.12.4	10	H8141	years
Gen.12.4	11	H1121	old
Gen.12.4	12	H3318	when he departed
Gen.12.4	13	H2771	out of Haran.
Gen.12.5	1	H87	And Abram
Gen.12.5	2	H3947	took
Gen.12.5	3	H8297	Sarai
Gen.12.5	4	H802	his wife,
Gen.12.5	5	H3876	and Lot
Gen.12.5	6	H251	his brother's
Gen.12.5	7	H1121	son,
Gen.12.5	8	H7399	and all their substance
Gen.12.5	9	H7408	that they had gathered,
Gen.12.5	10	H5315	and the souls
Gen.12.5	11	H6213	that they had gotten
Gen.12.5	12	H2771	in Haran;
Gen.12.5	13	H3318	and they went forth
Gen.12.5	14	H3212	to go
Gen.12.5	15	H776	into the land
Gen.12.5	16	H3667	of Canaan;
Gen.12.5	17	H776	and into the land
Gen.12.5	18	H3667	of Canaan
Gen.12.5	19	H935	they came.
Gen.12.6	1	H87	And Abram
Gen.12.6	2	H5674	passed through
Gen.12.6	3	H776	the land
Gen.12.6	4	H4725	unto the place
Gen.12.6	5	H7927	of Shechem,
Gen.12.6	6	H436	unto the oak
Gen.12.6	7	H4176	of Moreh.
Gen.12.6	8	H3669	And the Canaanite
Gen.12.6	9	H227	was then
Gen.12.6	10	H776	in the land.
Gen.12.7	1	H3068	And Jehovah
Gen.12.7	2	H7200	appeared
Gen.12.7	3	H87	unto Abram,
Gen.12.7	4	H559	and said,
Gen.12.7	5	H2233	Unto thy seed
Gen.12.7	6	H5414	will I give
Gen.12.7	7	H2063	this
Gen.12.7	8	H776	land:
Gen.12.7	9	H1129	and there builded
Gen.12.7	10	H4196	he an altar
Gen.12.7	11	H3068	unto Jehovah,
Gen.12.7	12	H7200	who appeared unto him.
Gen.12.8	1	H6275	And he removed
Gen.12.8	2	H2022	from thence unto the mountain
Gen.12.8	3	H6924	on the east
Gen.12.8	4	H1008	of Beth-el,
Gen.12.8	5	H5186	and pitched
Gen.12.8	6	H168	his tent,
Gen.12.8	7	H1008	having Beth-el
Gen.12.8	8	H3220	on the west,
Gen.12.8	9	H5857	and Ai
Gen.12.8	10	H6924	on the east:
Gen.12.8	11	H1129	and there he builded
Gen.12.8	12	H4196	an altar
Gen.12.8	13	H3068	unto Jehovah,
Gen.12.8	14	H7121	and called
Gen.12.8	15	H8034	upon the name
Gen.12.8	16	H3068	of Jehovah.
Gen.12.9	1	H87	And Abram
Gen.12.9	2	H5265	journeyed,
Gen.12.9	3	H1980	going on
Gen.12.9	4	H5265	still
Gen.12.9	5	H5045	toward the South.
Gen.12.10	1	H7458	And there was a famine
Gen.12.10	2	H776	in the land:
Gen.12.10	3	H87	and Abram
Gen.12.10	4	H3381	went down
Gen.12.10	5	H4714	into Egypt
Gen.12.10	6	H1481	to sojourn
Gen.12.10	7	H7458	there; for the famine
Gen.12.10	8	H3515	was sore
Gen.12.10	9	H776	in the land.
Gen.12.11	1	H834	And it came to pass, when
Gen.12.11	2	H7126	he was come near
Gen.12.11	3	H935	to enter
Gen.12.11	4	H4714	into Egypt,
Gen.12.11	5	H559	that he said
Gen.12.11	6	H8297	unto Sarai
Gen.12.11	7	H802	his wife,
Gen.12.11	8	H2009	Behold
Gen.12.11	9	H4994	now,
Gen.12.11	10	H3045	I know
Gen.12.11	11	H3303	that thou art a fair
Gen.12.11	12	H802	woman
Gen.12.11	13	H4758	to look upon:
Gen.12.12	1	H4713	and it will come to pass, when the Egyptians
Gen.12.12	2	H7200	shall see
Gen.12.12	3	H559	thee, that they will say,
Gen.12.12	4	H802	This is his wife:
Gen.12.12	5	H2026	and they will kill
Gen.12.12	6	H2421	me, but they will save thee alive.
Gen.12.13	1	H559	Say,
Gen.12.13	2	H4994	I pray thee,
Gen.12.13	3	H269	thou art my sister;
Gen.12.13	4	H4616	that
Gen.12.13	5	H3190	it may be well
Gen.12.13	6	H5315	with me for thy sake, and that my soul
Gen.12.13	7	H2421	may live
Gen.12.13	8	H1558	because of thee.
Gen.12.14	1	H87	And it came to pass, that, when Abram
Gen.12.14	2	H935	was come
Gen.12.14	3	H4714	into Egypt,
Gen.12.14	4	H4713	the Egyptians
Gen.12.14	5	H7200	beheld
Gen.12.14	6	H802	the woman
Gen.12.14	7	H3966	that she was very
Gen.12.14	8	H3303	fair.
Gen.12.15	1	H8269	And the princes
Gen.12.15	2	H6547	of Pharaoh
Gen.12.15	3	H7200	saw
Gen.12.15	4	H1984	her, and praised
Gen.12.15	5	H413	her to
Gen.12.15	6	H6547	Pharaoh:
Gen.12.15	7	H802	and the woman
Gen.12.15	8	H3947	was taken
Gen.12.15	9	H6547	into Pharaoh's
Gen.12.15	10	H1004	house.
Gen.12.16	1	H3190	And he dealt
Gen.12.16	2	H3190	well
Gen.12.16	3	H87	with Abram
Gen.12.16	4	H6629	for her sake: and he had sheep,
Gen.12.16	5	H1241	and oxen,
Gen.12.16	6	H2543	and he-asses,
Gen.12.16	7	H5650	and men-servants,
Gen.12.16	8	H8198	and maid-servants,
Gen.12.16	9	H860	and she-asses,
Gen.12.16	10	H1581	and camels.
Gen.12.17	1	H3068	And Jehovah
Gen.12.17	2	H5060	plagued
Gen.12.17	3	H6547	Pharaoh
Gen.12.17	4	H1004	and his house
Gen.12.17	5	H1419	with great
Gen.12.17	6	H5061	plagues
Gen.12.17	7	H1697	because of
Gen.12.17	8	H8297	Sarai,
Gen.12.17	9	H87	Abram's
Gen.12.17	10	H802	wife.
Gen.12.18	1	H6547	And Pharaoh
Gen.12.18	2	H7121	called
Gen.12.18	3	H87	Abram,
Gen.12.18	4	H559	and said,
Gen.12.18	5	H6213	What is this that thou hast done
Gen.12.18	6	H5046	unto me? why didst thou not tell
Gen.12.18	7	H802	me that she was thy wife?
Gen.12.19	1	H559	why saidst thou,
Gen.12.19	2	H269	She is my sister,
Gen.12.19	3	H3947	so that I took
Gen.12.19	4	H802	her to be my wife?
Gen.12.19	5	H802	now therefore behold thy wife,
Gen.12.19	6	H3947	take
Gen.12.19	7	H3212	her, and go thy way.
Gen.12.20	1	H6547	And Pharaoh
Gen.12.20	2	H582	gave men
Gen.12.20	3	H6680	charge
Gen.12.20	4	H7971	concerning him: and they brought him on the way,
Gen.12.20	5	H802	and his wife, and all that he had.
Gen.13.1	1	H87	And Abram
Gen.13.1	2	H5927	went up
Gen.13.1	3	H4714	out of Egypt,
Gen.13.1	4	H802	he, and his wife,
Gen.13.1	5	H3876	and all that he had, and Lot
Gen.13.1	6	H5045	with him, into the South.
Gen.13.2	1	H87	And Abram
Gen.13.2	2	H3966	was very
Gen.13.2	3	H3513	rich
Gen.13.2	4	H4735	in cattle,
Gen.13.2	5	H3701	in silver,
Gen.13.2	6	H2091	and in gold.
Gen.13.3	1	H3212	And he went
Gen.13.3	2	H4550	on his journeys
Gen.13.3	3	H5045	from the South
Gen.13.3	4	H1008	even to Beth-el,
Gen.13.3	5	H4725	unto the place
Gen.13.3	6	H168	where his tent
Gen.13.3	7	H1961	had been
Gen.13.3	8	H8462	at the beginning,
Gen.13.3	9	H1008	between Beth-el
Gen.13.3	10	H5857	and Ai,
Gen.13.4	1	H4725	unto the place
Gen.13.4	2	H4196	of the altar,
Gen.13.4	3	H6213	which he had made
Gen.13.4	4	H7223	there at the first:
Gen.13.4	5	H87	and there Abram
Gen.13.4	6	H7121	called
Gen.13.4	7	H8034	on the name
Gen.13.4	8	H3068	of Jehovah.
Gen.13.5	1	H3876	And Lot
Gen.13.5	2	H1980	also, who went
Gen.13.5	3	H854	with
Gen.13.5	4	H87	Abram,
Gen.13.5	5	H6629	had flocks,
Gen.13.5	6	H1241	and herds,
Gen.13.5	7	H168	and tents.
Gen.13.6	1	H776	And the land
Gen.13.6	2	H5375	was not able to bear
Gen.13.6	3	H3427	them, that they might dwell
Gen.13.6	4	H3162	together:
Gen.13.6	5	H7399	for their substance
Gen.13.6	6	H7227	was great,
Gen.13.6	7	H3201	so that they could
Gen.13.6	8	H3427	not dwell
Gen.13.6	9	H3162	together.
Gen.13.7	1	H7379	And there was a strife
Gen.13.7	2	H7462	between the herdsmen
Gen.13.7	3	H87	of Abram's
Gen.13.7	4	H4735	cattle
Gen.13.7	5	H7462	and the herdsmen
Gen.13.7	6	H3876	of Lot's
Gen.13.7	7	H4735	cattle:
Gen.13.7	8	H3669	and the Canaanite
Gen.13.7	9	H6522	and the Perizzite
Gen.13.7	10	H3427	dwelt
Gen.13.7	11	H776	then in the land.
Gen.13.8	1	H87	And Abram
Gen.13.8	2	H559	said
Gen.13.8	3	H3876	unto Lot,
Gen.13.8	4	H1961	Let there be
Gen.13.8	5	H408	no
Gen.13.8	6	H4808	strife,
Gen.13.8	7	H7462	I pray thee, between me and thee, and between my herdsmen
Gen.13.8	8	H7462	and thy herdsmen;
Gen.13.8	9	H582	for we
Gen.13.8	10	H251	are brethren.
Gen.13.9	1	H776	Is not the whole land
Gen.13.9	2	H6440	before thee?
Gen.13.9	3	H6504	separate thyself,
Gen.13.9	4	H8040	I pray thee, from me: if thou wilt take the left hand,
Gen.13.9	5	H3231	then I will go to the right;
Gen.13.9	6	H3225	or if thou take the right hand,
Gen.13.9	7	H8041	then I will go to the left.
Gen.13.10	1	H3876	And Lot
Gen.13.10	2	H5375	lifted up
Gen.13.10	3	H5869	his eyes,
Gen.13.10	4	H7200	and beheld
Gen.13.10	5	H3603	all the Plain
Gen.13.10	6	H3383	of the Jordan,
Gen.13.10	7	H4945	that it was well watered
Gen.13.10	8	H6440	every where, before
Gen.13.10	9	H3068	Jehovah
Gen.13.10	10	H7843	destroyed
Gen.13.10	11	H5467	Sodom
Gen.13.10	12	H6017	and Gomorrah,
Gen.13.10	13	H1588	like the garden
Gen.13.10	14	H3068	of Jehovah,
Gen.13.10	15	H776	like the land
Gen.13.10	16	H4714	of Egypt,
Gen.13.10	17	H935	as thou goest
Gen.13.10	18	H6820	unto Zoar.
Gen.13.11	1	H3876	So Lot
Gen.13.11	2	H977	chose
Gen.13.11	3	H3603	him all the Plain
Gen.13.11	4	H3383	of the Jordan;
Gen.13.11	5	H3876	and Lot
Gen.13.11	6	H5265	journeyed
Gen.13.11	7	H6924	east:
Gen.13.11	8	H6504	and they separated themselves
Gen.13.11	9	H376	the one
Gen.13.11	10	H251	from the other.
Gen.13.12	1	H87	Abram
Gen.13.12	2	H3427	dwelt
Gen.13.12	3	H776	in the land
Gen.13.12	4	H3667	of Canaan,
Gen.13.12	5	H3876	and Lot
Gen.13.12	6	H3427	dwelt
Gen.13.12	7	H5892	in the cities
Gen.13.12	8	H3603	of the Plain,
Gen.13.12	9	H167	and moved his tent
Gen.13.12	10	H5704	as far
Gen.13.12	11	H5467	as Sodom.
Gen.13.13	1	H582	Now the men
Gen.13.13	2	H5467	of Sodom
Gen.13.13	3	H7451	were wicked
Gen.13.13	4	H2400	and sinners
Gen.13.13	5	H3068	against Jehovah
Gen.13.13	6	H3966	exceedingly.
Gen.13.14	1	H3068	And Jehovah
Gen.13.14	2	H559	said
Gen.13.14	3	H87	unto Abram,
Gen.13.14	4	H310	after
Gen.13.14	5	H3876	that Lot
Gen.13.14	6	H6504	was separated
Gen.13.14	7	H5375	from him, Lift up
Gen.13.14	8	H5869	now thine eyes,
Gen.13.14	9	H7200	and look
Gen.13.14	10	H4725	from the place
Gen.13.14	11	H6828	where thou art, northward
Gen.13.14	12	H5045	and southward
Gen.13.14	13	H6924	and eastward
Gen.13.14	14	H3220	and westward:
Gen.13.15	1	H776	for all the land
Gen.13.15	2	H7200	which thou seest,
Gen.13.15	3	H5414	to thee will I give it,
Gen.13.15	4	H2233	and to thy seed
Gen.13.15	5	H5704	for
Gen.13.15	6	H5769	ever.
Gen.13.16	1	H7760	And I will make
Gen.13.16	2	H2233	thy seed
Gen.13.16	3	H6083	as the dust
Gen.13.16	4	H776	of the earth:
Gen.13.16	5	H834	so that
Gen.13.16	6	H376	if a man
Gen.13.16	7	H3201	can
Gen.13.16	8	H4487	number
Gen.13.16	9	H6083	the dust
Gen.13.16	10	H776	of the earth,
Gen.13.16	11	H2233	then may thy seed
Gen.13.16	12	H4487	also be numbered.
Gen.13.17	1	H6965	Arise,
Gen.13.17	2	H1980	walk
Gen.13.17	3	H776	through the land
Gen.13.17	4	H753	in the length
Gen.13.17	5	H7341	of it and in the breadth
Gen.13.17	6	H5414	of it; for unto thee will I give it.
Gen.13.18	1	H87	And Abram
Gen.13.18	2	H167	moved his tent,
Gen.13.18	3	H935	and came
Gen.13.18	4	H3427	and dwelt
Gen.13.18	5	H436	by the oaks
Gen.13.18	6	H4471	of Mamre,
Gen.13.18	7	H2275	which are in Hebron,
Gen.13.18	8	H1129	and built
Gen.13.18	9	H4196	there an altar
Gen.13.18	10	H3068	unto Jehovah.
Gen.14.1	1	H3117	And it came to pass in the days
Gen.14.1	2	H569	of Amraphel
Gen.14.1	3	H4428	king
Gen.14.1	4	H8152	of Shinar,
Gen.14.1	5	H746	Arioch
Gen.14.1	6	H4428	king
Gen.14.1	7	H495	of Ellasar,
Gen.14.1	8	H3540	Chedorlaomer
Gen.14.1	9	H4428	king
Gen.14.1	10	H5867	of Elam,
Gen.14.1	11	H8413	and Tidal
Gen.14.1	12	H4428	king
Gen.14.1	13	H1471	of Goiim,
Gen.14.2	1	H6213	that they made
Gen.14.2	2	H4421	war
Gen.14.2	3	H854	with
Gen.14.2	4	H1298	Bera
Gen.14.2	5	H4428	king
Gen.14.2	6	H5467	of Sodom,
Gen.14.2	7	H1306	and with Birsha
Gen.14.2	8	H4428	king
Gen.14.2	9	H6017	of Gomorrah,
Gen.14.2	10	H8134	Shinab
Gen.14.2	11	H4428	king
Gen.14.2	12	H126	of Admah,
Gen.14.2	13	H8038	and Shemeber
Gen.14.2	14	H4428	king
Gen.14.2	15	H6636	of Zeboiim,
Gen.14.2	16	H4428	and the king
Gen.14.2	17	H1106	of Bela
Gen.14.2	18	H1931	(the same is
Gen.14.2	19	H6820	Zoar).
Gen.14.3	1	H2266	All these joined together
Gen.14.3	2	H6010	in the vale
Gen.14.3	3	H7708	of Siddim
Gen.14.3	4	H1931	(the same
Gen.14.3	5	H4417	is the Salt
Gen.14.3	6	H3220	Sea).
Gen.14.4	1	H6240	Twelve
Gen.14.4	2	H8141	years
Gen.14.4	3	H5647	they served
Gen.14.4	4	H3540	Chedorlaomer,
Gen.14.4	5	H7969	and in the thirteenth
Gen.14.4	6	H8141	year
Gen.14.4	7	H4775	they rebelled.
Gen.14.5	1	H6240	And in the fourteenth
Gen.14.5	2	H8141	year
Gen.14.5	3	H935	came
Gen.14.5	4	H3540	Chedorlaomer,
Gen.14.5	5	H4428	and the kings
Gen.14.5	6	H5221	that were with him, and smote
Gen.14.5	7	H7497	the Rephaim
Gen.14.5	8	H6255	in Ashteroth-karnaim,
Gen.14.5	9	H2104	and the Zuzim
Gen.14.5	10	H1990	in Ham,
Gen.14.5	11	H368	and the Emim
Gen.14.5	12	H7741	in Shaveh-kiriathaim,
Gen.14.6	1	H2752	and the Horites
Gen.14.6	2	H2042	in their mount
Gen.14.6	3	H8165	Seir,
Gen.14.6	4	H364	unto Elparan,
Gen.14.6	5	H5921	which is by
Gen.14.6	6	H4057	the wilderness.
Gen.14.7	1	H7725	And they returned,
Gen.14.7	2	H935	and came
Gen.14.7	3	H413	to
Gen.14.7	4	H5880	En-mishpat
Gen.14.7	5	H6946	(the same is Kadesh),
Gen.14.7	6	H5221	and smote
Gen.14.7	7	H7704	all the country
Gen.14.7	8	H6003	of the Amalekites,
Gen.14.7	9	H567	and also the Amorites,
Gen.14.7	10	H3427	that dwelt
Gen.14.7	11	H2688	in Hazazon-tamar.
Gen.14.8	1	H3318	And there went out
Gen.14.8	2	H4428	the king
Gen.14.8	3	H5467	of Sodom,
Gen.14.8	4	H4428	and the king
Gen.14.8	5	H6017	of Gomorrah,
Gen.14.8	6	H4428	and the king
Gen.14.8	7	H126	of Admah,
Gen.14.8	8	H4428	and the king
Gen.14.8	9	H6636	of Zeboiim,
Gen.14.8	10	H4428	and the king
Gen.14.8	11	H1106	of Bela
Gen.14.8	12	H1931	(the same
Gen.14.8	13	H6820	is Zoar);
Gen.14.8	14	H6186	and they set
Gen.14.8	15	H4421	the battle
Gen.14.8	16	H6010	in array against them in the vale
Gen.14.8	17	H7708	of Siddim;
Gen.14.9	1	H3540	against Chedorlaomer
Gen.14.9	2	H4428	king
Gen.14.9	3	H5867	of Elam,
Gen.14.9	4	H8413	and Tidal
Gen.14.9	5	H4428	king
Gen.14.9	6	H1471	of Goiim,
Gen.14.9	7	H569	and Amraphel
Gen.14.9	8	H4428	king
Gen.14.9	9	H8152	of Shinar,
Gen.14.9	10	H746	and Arioch
Gen.14.9	11	H4428	king
Gen.14.9	12	H495	of Ellasar;
Gen.14.9	13	H702	four
Gen.14.9	14	H4428	kings
Gen.14.9	15	H2568	against the five.
Gen.14.10	1	H6010	Now the vale
Gen.14.10	2	H7708	of Siddim
Gen.14.10	3	H875	was full of
Gen.14.10	4	H875	slime pits;
Gen.14.10	5	H4428	and the kings
Gen.14.10	6	H5467	of Sodom
Gen.14.10	7	H6017	and Gomorrah
Gen.14.10	8	H5127	fled,
Gen.14.10	9	H5307	and they fell
Gen.14.10	10	H7604	there, and they that remained
Gen.14.10	11	H5127	fled
Gen.14.10	12	H2022	to the mountain.
Gen.14.11	1	H3947	And they took
Gen.14.11	2	H7399	all the goods
Gen.14.11	3	H5467	of Sodom
Gen.14.11	4	H6017	and Gomorrah,
Gen.14.11	5	H400	and all their victuals,
Gen.14.11	6	H3212	and went their way.
Gen.14.12	1	H3947	And they took
Gen.14.12	2	H3876	Lot,
Gen.14.12	3	H87	Abram's
Gen.14.12	4	H251	brother's
Gen.14.12	5	H1121	son,
Gen.14.12	6	H3427	who dwelt
Gen.14.12	7	H5467	in Sodom,
Gen.14.12	8	H7399	and his goods,
Gen.14.12	9	H3212	and departed.
Gen.14.13	1	H935	And there came
Gen.14.13	2	H6412	one that had escaped,
Gen.14.13	3	H5046	and told
Gen.14.13	4	H87	Abram
Gen.14.13	5	H5680	the Hebrew:
Gen.14.13	6	H7931	now he dwelt
Gen.14.13	7	H436	by the oaks
Gen.14.13	8	H4471	of Mamre,
Gen.14.13	9	H567	the Amorite,
Gen.14.13	10	H251	brother
Gen.14.13	11	H812	of Eshcol,
Gen.14.13	12	H251	and brother
Gen.14.13	13	H6063	of Aner;
Gen.14.13	14	H1167	and these were confederate
Gen.14.13	15	H87	with Abram.
Gen.14.14	1	H87	And when Abram
Gen.14.14	2	H8085	heard
Gen.14.14	3	H251	that his brother
Gen.14.14	4	H7617	was taken captive,
Gen.14.14	5	H7324	he led forth
Gen.14.14	6	H2593	his trained
Gen.14.14	7	H3211	men, born
Gen.14.14	8	H1004	in his house,
Gen.14.14	9	H7969	three
Gen.14.14	10	H3967	hundred
Gen.14.14	11	H6240	and eighteen,
Gen.14.14	12	H7291	and pursued
Gen.14.14	13	H1835	as far as Dan.
Gen.14.15	1	H2505	And he divided
Gen.14.15	2	H3915	himself against them by night,
Gen.14.15	3	H5650	he and his servants,
Gen.14.15	4	H5221	and smote
Gen.14.15	5	H7291	them, and pursued
Gen.14.15	6	H2327	them unto Hobah,
Gen.14.15	7	H8040	which is on the left hand
Gen.14.15	8	H1834	of Damascus.
Gen.14.16	1	H7725	And he brought back
Gen.14.16	2	H7399	all the goods,
Gen.14.16	3	H7725	and also brought back
Gen.14.16	4	H251	his brother
Gen.14.16	5	H3876	Lot,
Gen.14.16	6	H7399	and his goods,
Gen.14.16	7	H802	and the women
Gen.14.16	8	H5971	also, and the people.
Gen.14.17	1	H4428	And the king
Gen.14.17	2	H5467	of Sodom
Gen.14.17	3	H3318	went out
Gen.14.17	4	H7125	to meet
Gen.14.17	5	H310	him, after
Gen.14.17	6	H7725	his return
Gen.14.17	7	H5221	from the slaughter
Gen.14.17	8	H3540	of Chedorlaomer
Gen.14.17	9	H4428	and the kings
Gen.14.17	10	H6010	that were with him, at the vale
Gen.14.17	11	H7740	of Shaveh
Gen.14.17	12	H1931	(the same
Gen.14.17	13	H4428	is the King's
Gen.14.17	14	H6010	Vale).
Gen.14.18	1	H4442	And Melchizedek
Gen.14.18	2	H4428	king
Gen.14.18	3	H8004	of Salem
Gen.14.18	4	H3318	brought forth
Gen.14.18	5	H3899	bread
Gen.14.18	6	H3196	and wine:
Gen.14.18	7	H3548	and he was priest
Gen.14.18	8	H410	of God
Gen.14.18	9	H5945	Most High.
Gen.14.19	1	H1288	And he blessed
Gen.14.19	2	H559	him, and said,
Gen.14.19	3	H1288	Blessed
Gen.14.19	4	H87	be Abram
Gen.14.19	5	H410	of God
Gen.14.19	6	H5945	Most High,
Gen.14.19	7	H7069	possessor
Gen.14.19	8	H8064	of heaven
Gen.14.19	9	H776	and earth:
Gen.14.20	1	H1288	and blessed
Gen.14.20	2	H410	be God
Gen.14.20	3	H5945	Most High,
Gen.14.20	4	H4042	who hath delivered
Gen.14.20	5	H6862	thine enemies
Gen.14.20	6	H3027	into thy hand.
Gen.14.20	7	H5414	And he gave
Gen.14.20	8	H4643	him a tenth of all.
Gen.14.21	1	H4428	And the king
Gen.14.21	2	H5467	of Sodom
Gen.14.21	3	H559	said
Gen.14.21	4	H87	unto Abram,
Gen.14.21	5	H5414	Give
Gen.14.21	6	H5315	me the persons,
Gen.14.21	7	H3947	and take
Gen.14.21	8	H7399	the goods to thyself.
Gen.14.22	1	H87	And Abram
Gen.14.22	2	H559	said
Gen.14.22	3	H4428	to the king
Gen.14.22	4	H5467	of Sodom,
Gen.14.22	5	H7311	I have lifted up
Gen.14.22	6	H3027	my hand
Gen.14.22	7	H3068	unto Jehovah,
Gen.14.22	8	H410	God
Gen.14.22	9	H5945	Most High,
Gen.14.22	10	H7069	possessor
Gen.14.22	11	H8064	of heaven
Gen.14.22	12	H776	and earth,
Gen.14.23	1	H518	that I will not
Gen.14.23	2	H2339	take a thread
Gen.14.23	3	H5275	nor a shoe-latchet
Gen.14.23	4	H518	nor aught
Gen.14.23	5	H3947	that
Gen.14.23	6	H559	is thine, lest thou shouldest say,
Gen.14.23	7	H6238	I have made
Gen.14.23	8	H87	Abram
Gen.14.23	9	H6238	rich:
Gen.14.24	1	H1107	save
Gen.14.24	2	H834	only that which
Gen.14.24	3	H5288	the young men
Gen.14.24	4	H398	have eaten,
Gen.14.24	5	H2506	and the portion
Gen.14.24	6	H582	of the men
Gen.14.24	7	H1980	that went
Gen.14.24	8	H854	with
Gen.14.24	9	H6063	me, Aner,
Gen.14.24	10	H812	Eshcol,
Gen.14.24	11	H4471	and Mamre;
Gen.14.24	12	H1992	let them
Gen.14.24	13	H3947	take
Gen.14.24	14	H2506	their portion.
Gen.15.1	1	H310	After
Gen.15.1	2	H1697	these things
Gen.15.1	3	H1697	the word
Gen.15.1	4	H3068	of Jehovah
Gen.15.1	5	H1961	came
Gen.15.1	6	H87	unto Abram
Gen.15.1	7	H4236	in a vision,
Gen.15.1	8	H559	saying,
Gen.15.1	9	H3372	Fear
Gen.15.1	10	H87	not, Abram:
Gen.15.1	11	H4043	I am thy shield,
Gen.15.1	12	H3966	and thy exceeding
Gen.15.1	13	H7235	great
Gen.15.1	14	H7939	reward.
Gen.15.2	1	H87	And Abram
Gen.15.2	2	H559	said,
Gen.15.2	3	H136	O Lord
Gen.15.2	4	H3069	Jehovah,
Gen.15.2	5	H5414	what wilt thou give
Gen.15.2	6	H1980	me, seeing I go
Gen.15.2	7	H6185	childless,
Gen.15.2	8	H1931	and he
Gen.15.2	9	H1121	that shall be possessor
Gen.15.2	10	H1004	of my house
Gen.15.2	11	H461	is Eliezer
Gen.15.2	12	H1834	of Damascus?
Gen.15.3	1	H87	And Abram
Gen.15.3	2	H559	said,
Gen.15.3	3	H5414	Behold, to me thou hast given
Gen.15.3	4	H3808	no
Gen.15.3	5	H2233	seed:
Gen.15.3	6	H1121	and, lo, one born
Gen.15.3	7	H1004	in my house
Gen.15.3	8	H3423	is mine heir.
Gen.15.4	1	H1697	And, behold, the word
Gen.15.4	2	H3068	of Jehovah
Gen.15.4	3	H559	came unto him, saying,
Gen.15.4	4	H3423	This man shall not be thine heir;
Gen.15.4	5	H3318	but he that shall come forth
Gen.15.4	6	H4578	out of thine own bowels
Gen.15.4	7	H3423	shall be thine heir.
Gen.15.5	1	H3318	And he brought him forth
Gen.15.5	2	H2351	abroad,
Gen.15.5	3	H559	and said,
Gen.15.5	4	H5027	Look
Gen.15.5	5	H8064	now toward heaven,
Gen.15.5	6	H5608	and number
Gen.15.5	7	H3556	the stars,
Gen.15.5	8	H3201	if thou be able
Gen.15.5	9	H5608	to number
Gen.15.5	10	H559	them: and he said
Gen.15.5	11	H3541	unto him, So
Gen.15.5	12	H2233	shall thy seed be.
Gen.15.6	1	H539	And he believed
Gen.15.6	2	H3068	in Jehovah;
Gen.15.6	3	H2803	and he reckoned
Gen.15.6	4	H6666	it to him for righteousness.
Gen.15.7	1	H559	And he said
Gen.15.7	2	H3068	unto him, I am Jehovah
Gen.15.7	3	H3318	that brought thee out
Gen.15.7	4	H218	of Ur
Gen.15.7	5	H3778	of the Chaldees,
Gen.15.7	6	H5414	to give
Gen.15.7	7	H776	thee this land
Gen.15.7	8	H3423	to inherit it.
Gen.15.8	1	H559	And he said,
Gen.15.8	2	H136	O Lord
Gen.15.8	3	H136	Jehovah,
Gen.15.8	4	H4100	whereby
Gen.15.8	5	H3045	shall I know
Gen.15.8	6	H3423	that I shall inherit it?
Gen.15.9	1	H559	And he said
Gen.15.9	2	H3947	unto him, Take
Gen.15.9	3	H5697	me a heifer
Gen.15.9	4	H8027	three years old,
Gen.15.9	5	H5795	and a she-goat
Gen.15.9	6	H8027	three years old,
Gen.15.9	7	H352	and a ram
Gen.15.9	8	H8027	three years old,
Gen.15.9	9	H8449	and a turtle-dove,
Gen.15.9	10	H1469	and a young pigeon.
Gen.15.10	1	H3947	And he took
Gen.15.10	2	H1334	him all these, and divided
Gen.15.10	3	H8432	them in the midst,
Gen.15.10	4	H5414	and laid
Gen.15.10	5	H376	each
Gen.15.10	6	H1335	half
Gen.15.10	7	H7125	over against
Gen.15.10	8	H7453	the other:
Gen.15.10	9	H6833	but the birds
Gen.15.10	10	H1334	divided he not.
Gen.15.11	1	H5861	And the birds
Gen.15.11	2	H3381	of prey came down
Gen.15.11	3	H6297	upon the carcasses,
Gen.15.11	4	H87	and Abram
Gen.15.11	5	H5380	drove them away.
Gen.15.12	1	H8121	And when the sun
Gen.15.12	2	H935	was going down,
Gen.15.12	3	H8639	a deep sleep
Gen.15.12	4	H5307	fell
Gen.15.12	5	H87	upon Abram;
Gen.15.12	6	H367	and, lo, a horror
Gen.15.12	7	H1419	of great
Gen.15.12	8	H2825	darkness
Gen.15.12	9	H5307	fell upon him.
Gen.15.13	1	H559	And he said
Gen.15.13	2	H87	unto Abram,
Gen.15.13	3	H3045	Know
Gen.15.13	4	H3045	of a surety
Gen.15.13	5	H2233	that thy seed
Gen.15.13	6	H1616	shall be sojourners
Gen.15.13	7	H776	in a land
Gen.15.13	8	H5647	that is not theirs, and shall serve
Gen.15.13	9	H6031	them; and they shall afflict
Gen.15.13	10	H702	them four
Gen.15.13	11	H3967	hundred
Gen.15.13	12	H8141	years;
Gen.15.14	1	H1471	and also that nation,
Gen.15.14	2	H5647	whom they shall serve,
Gen.15.14	3	H1777	will I judge:
Gen.15.14	4	H310	and afterward
Gen.15.14	5	H3318	shall they come out
Gen.15.14	6	H1419	with great
Gen.15.14	7	H7399	substance.
Gen.15.15	1	H935	But thou shalt go
Gen.15.15	2	H1	to thy fathers
Gen.15.15	3	H7965	in peace;
Gen.15.15	4	H6912	thou shalt be buried
Gen.15.15	5	H2896	in a good
Gen.15.15	6	H7872	old age.
Gen.15.16	1	H7243	And in the fourth
Gen.15.16	2	H1755	generation
Gen.15.16	3	H2008	they shall come hither
Gen.15.16	4	H7725	again:
Gen.15.16	5	H5771	for the iniquity
Gen.15.16	6	H567	of the Amorite
Gen.15.16	7	H2008	is not yet
Gen.15.16	8	H8003	full.
Gen.15.17	1	H8121	And it came to pass, that, when the sun
Gen.15.17	2	H935	went down,
Gen.15.17	3	H5939	and it was dark,
Gen.15.17	4	H6227	behold, a smoking
Gen.15.17	5	H8574	furnace,
Gen.15.17	6	H784	and a flaming
Gen.15.17	7	H3940	torch
Gen.15.17	8	H5674	that passed
Gen.15.17	9	H996	between
Gen.15.17	10	H1506	these pieces.
Gen.15.18	1	H1931	In that
Gen.15.18	2	H3117	day
Gen.15.18	3	H3068	Jehovah
Gen.15.18	4	H3772	made
Gen.15.18	5	H1285	a covenant
Gen.15.18	6	H87	with Abram,
Gen.15.18	7	H559	saying,
Gen.15.18	8	H2233	Unto thy seed
Gen.15.18	9	H5414	have I given
Gen.15.18	10	H776	this land,
Gen.15.18	11	H5104	from the river
Gen.15.18	12	H4714	of Egypt
Gen.15.18	13	H1419	unto the great
Gen.15.18	14	H5104	river,
Gen.15.18	15	H5104	the river
Gen.15.18	16	H6578	Euphrates:
Gen.15.19	1	H7017	the Kenite,
Gen.15.19	2	H7074	and the Kenizzite,
Gen.15.19	3	H6935	and the Kadmonite,
Gen.15.20	1	H2850	and the Hittite,
Gen.15.20	2	H6522	and the Perizzite,
Gen.15.20	3	H7497	and the Rephaim,
Gen.15.21	1	H567	and the Amorite,
Gen.15.21	2	H3669	and the Canaanite,
Gen.15.21	3	H1622	and the Girgashite,
Gen.15.21	4	H2983	and the Jebusite.
Gen.16.1	1	H8297	Now Sarai,
Gen.16.1	2	H87	Abram's
Gen.16.1	3	H802	wife,
Gen.16.1	4	H3205	bare
Gen.16.1	5	H3808	him no
Gen.16.1	6	H3205	children:
Gen.16.1	7	H8198	and she had a handmaid,
Gen.16.1	8	H4713	an Egyptian,
Gen.16.1	9	H8034	whose name
Gen.16.1	10	H1904	was Hagar.
Gen.16.2	1	H8297	And Sarai
Gen.16.2	2	H559	said
Gen.16.2	3	H87	unto Abram,
Gen.16.2	4	H3068	Behold now, Jehovah
Gen.16.2	5	H6113	hath restrained me
Gen.16.2	6	H3205	from bearing;
Gen.16.2	7	H935	go in,
Gen.16.2	8	H8198	I pray thee, unto my handmaid;
Gen.16.2	9	H194	it may
Gen.16.2	10	H1129	be that I shall obtain children
Gen.16.2	11	H87	by her. And Abram
Gen.16.2	12	H8085	hearkened
Gen.16.2	13	H6963	to the voice
Gen.16.2	14	H8297	of Sarai.
Gen.16.3	1	H8297	And Sarai,
Gen.16.3	2	H87	Abram's
Gen.16.3	3	H802	wife,
Gen.16.3	4	H3947	took
Gen.16.3	5	H1904	Hagar
Gen.16.3	6	H4713	the Egyptian,
Gen.16.3	7	H8198	her handmaid,
Gen.16.3	8	H7093	after
Gen.16.3	9	H87	Abram
Gen.16.3	10	H3427	had dwelt
Gen.16.3	11	H6235	ten
Gen.16.3	12	H8141	years
Gen.16.3	13	H776	in the land
Gen.16.3	14	H3667	of Canaan,
Gen.16.3	15	H5414	and gave
Gen.16.3	16	H87	her to Abram
Gen.16.3	17	H376	her husband
Gen.16.3	18	H802	to be his wife.
Gen.16.4	1	H935	And he went in
Gen.16.4	2	H1904	unto Hagar,
Gen.16.4	3	H2029	and she conceived:
Gen.16.4	4	H7200	and when she saw
Gen.16.4	5	H2029	that she had conceived,
Gen.16.4	6	H1404	her mistress
Gen.16.4	7	H7043	was despised
Gen.16.4	8	H5869	in her eyes.
Gen.16.5	1	H8297	And Sarai
Gen.16.5	2	H559	said
Gen.16.5	3	H87	unto Abram,
Gen.16.5	4	H2555	My wrong
Gen.16.5	5	H5414	be upon thee: I gave
Gen.16.5	6	H8198	my handmaid
Gen.16.5	7	H2436	into thy bosom;
Gen.16.5	8	H7200	and when she saw
Gen.16.5	9	H2029	that she had conceived,
Gen.16.5	10	H7043	I was despised
Gen.16.5	11	H5869	in her eyes:
Gen.16.5	12	H3068	Jehovah
Gen.16.5	13	H8199	judge between me and thee.
Gen.16.6	1	H87	But Abram
Gen.16.6	2	H559	said
Gen.16.6	3	H8297	unto Sarai,
Gen.16.6	4	H8198	Behold, thy maid
Gen.16.6	5	H3027	is in thy hand;
Gen.16.6	6	H6213	do
Gen.16.6	7	H2896	to her that which is good in thine
Gen.16.6	8	H8297	eyes. And Sarai
Gen.16.6	9	H6031	dealt hardly with
Gen.16.6	10	H1272	her, and she fled
Gen.16.6	11	H6440	from her face.
Gen.16.7	1	H4397	And the angel
Gen.16.7	2	H3068	of Jehovah
Gen.16.7	3	H4672	found her
Gen.16.7	4	H5869	by a fountain
Gen.16.7	5	H4325	of water
Gen.16.7	6	H4057	in the wilderness,
Gen.16.7	7	H5869	by the fountain
Gen.16.7	8	H1870	in the way
Gen.16.7	9	H7793	to Shur.
Gen.16.8	1	H559	And he said,
Gen.16.8	2	H1904	Hagar,
Gen.16.8	3	H8297	Sarai's
Gen.16.8	4	H8198	handmaid,
Gen.16.8	5	H335	whence
Gen.16.8	6	H935	camest thou?
Gen.16.8	7	H3212	and whither goest
Gen.16.8	8	H559	thou? And she said,
Gen.16.8	9	H1272	I am fleeing
Gen.16.8	10	H6440	from the face
Gen.16.8	11	H1404	of my mistress
Gen.16.8	12	H8297	Sarai.
Gen.16.9	1	H4397	And the angel
Gen.16.9	2	H3068	of Jehovah
Gen.16.9	3	H559	said
Gen.16.9	4	H7725	unto her, Return
Gen.16.9	5	H1404	to thy mistress,
Gen.16.9	6	H6031	and submit
Gen.16.9	7	H3027	thyself under her hands.
Gen.16.10	1	H4397	And the angel
Gen.16.10	2	H3068	of Jehovah
Gen.16.10	3	H559	said
Gen.16.10	4	H7235	unto her, I will greatly
Gen.16.10	5	H7235	multiply
Gen.16.10	6	H2233	thy seed,
Gen.16.10	7	H5608	that it shall not be numbered
Gen.16.10	8	H7230	for multitude.
Gen.16.11	1	H4397	And the angel
Gen.16.11	2	H3068	of Jehovah
Gen.16.11	3	H559	said
Gen.16.11	4	H2009	unto her, Behold,
Gen.16.11	5	H2030	thou art with child,
Gen.16.11	6	H3205	and shalt bear
Gen.16.11	7	H1121	a son;
Gen.16.11	8	H7121	and thou shalt call
Gen.16.11	9	H8034	his name
Gen.16.11	10	H3458	Ishmael,
Gen.16.11	11	H3068	because Jehovah
Gen.16.11	12	H8085	hath heard
Gen.16.11	13	H6040	thy affliction.
Gen.16.12	1	H6501	And he shall be as a wild
Gen.16.12	2	H120	ass
Gen.16.12	3	H3027	among men; his hand
Gen.16.12	4	H3027	shall be against every man, and every man's hand
Gen.16.12	5	H7931	against him; and he shall dwell
Gen.16.12	6	H6440	over against
Gen.16.12	7	H251	all his brethren.
Gen.16.13	1	H7121	And she called
Gen.16.13	2	H8034	the name
Gen.16.13	3	H3068	of Jehovah
Gen.16.13	4	H1696	that spake
Gen.16.13	5	H410	unto her, Thou art a God
Gen.16.13	6	H7210	that seeth:
Gen.16.13	7	H559	for she said,
Gen.16.13	8	H1988	Have I even here
Gen.16.13	9	H7200	looked
Gen.16.13	10	H310	after him
Gen.16.13	11	H7210	that seeth me?
Gen.16.14	1	H875	Wherefore the well
Gen.16.14	2	H7121	was called
Gen.16.14	3	H883	Beer-lahai-roi;
Gen.16.14	4	H6946	behold, it is between Kadesh
Gen.16.14	5	H1260	and Bered.
Gen.16.15	1	H1904	And Hagar
Gen.16.15	2	H3205	bare
Gen.16.15	3	H87	Abram
Gen.16.15	4	H1121	a son:
Gen.16.15	5	H87	and Abram
Gen.16.15	6	H7121	called
Gen.16.15	7	H8034	the name
Gen.16.15	8	H1121	of his son,
Gen.16.15	9	H1904	whom Hagar
Gen.16.15	10	H3205	bare,
Gen.16.15	11	H3458	Ishmael.
Gen.16.16	1	H87	And Abram
Gen.16.16	2	H8084	was fourscore
Gen.16.16	3	H8337	and six
Gen.16.16	4	H8141	years
Gen.16.16	5	H1121	old,
Gen.16.16	6	H1904	when Hagar
Gen.16.16	7	H3205	bare
Gen.16.16	8	H3458	Ishmael
Gen.16.16	9	H87	to Abram.
Gen.17.1	1	H87	And when Abram
Gen.17.1	2	H8673	was ninety
Gen.17.1	3	H8141	years
Gen.17.1	4	H1121	old
Gen.17.1	5	H8672	and nine,
Gen.17.1	6	H3068	Jehovah
Gen.17.1	7	H7200	appeared
Gen.17.1	8	H87	to Abram,
Gen.17.1	9	H559	and said
Gen.17.1	10	H410	unto him, I am God
Gen.17.1	11	H7706	Almighty;
Gen.17.1	12	H1980	walk
Gen.17.1	13	H6440	before me,
Gen.17.1	14	H8549	and be thou perfect.
Gen.17.2	1	H5414	And I will make
Gen.17.2	2	H1285	my covenant
Gen.17.2	3	H7235	between me and thee, and will multiply
Gen.17.2	4	H3966	thee exceedingly.
Gen.17.3	1	H87	And Abram
Gen.17.3	2	H5307	fell
Gen.17.3	3	H6440	on his face:
Gen.17.3	4	H430	and God
Gen.17.3	5	H1696	talked
Gen.17.3	6	H559	with him, saying,
Gen.17.4	1	H589	As for me,
Gen.17.4	2	H1285	behold, my covenant
Gen.17.4	3	H1	is with thee, and thou shalt be the father
Gen.17.4	4	H1995	of a multitude
Gen.17.4	5	H1471	of nations.
Gen.17.5	1	H8034	Neither shall thy name
Gen.17.5	2	H7121	any more be called
Gen.17.5	3	H87	Abram,
Gen.17.5	4	H8034	but thy name
Gen.17.5	5	H85	shall be Abraham;
Gen.17.5	6	H1	for the father
Gen.17.5	7	H1995	of a multitude
Gen.17.5	8	H1471	of nations
Gen.17.5	9	H5414	have I made thee.
Gen.17.6	1	H6509	And I will make
Gen.17.6	2	H3966	thee exceeding
Gen.17.6	3	H6509	fruitful,
Gen.17.6	4	H5414	and I will make
Gen.17.6	5	H1471	nations
Gen.17.6	6	H4428	of thee, and kings
Gen.17.6	7	H3318	shall come out of thee.
Gen.17.7	1	H6965	And I will establish
Gen.17.7	2	H1285	my covenant
Gen.17.7	3	H2233	between me and thee and thy seed
Gen.17.7	4	H310	after thee
Gen.17.7	5	H1755	throughout their generations
Gen.17.7	6	H5769	for an everlasting
Gen.17.7	7	H1285	covenant,
Gen.17.7	8	H430	to be a God
Gen.17.7	9	H2233	unto thee and to thy seed
Gen.17.7	10	H310	after thee.
Gen.17.8	1	H5414	And I will give
Gen.17.8	2	H2233	unto thee, and to thy seed
Gen.17.8	3	H310	after thee,
Gen.17.8	4	H776	the land
Gen.17.8	5	H4033	of thy sojournings,
Gen.17.8	6	H776	all the land
Gen.17.8	7	H3667	of Canaan,
Gen.17.8	8	H5769	for an everlasting
Gen.17.8	9	H272	possession;
Gen.17.8	10	H430	and I will be their God.
Gen.17.9	1	H430	And God
Gen.17.9	2	H559	said
Gen.17.9	3	H85	unto Abraham,
Gen.17.9	4	H8104	And as for thee, thou shalt keep
Gen.17.9	5	H1285	my covenant,
Gen.17.9	6	H2233	thou, and thy seed
Gen.17.9	7	H310	after thee
Gen.17.9	8	H1755	throughout their generations.
Gen.17.10	1	H1285	This is my covenant,
Gen.17.10	2	H8104	which ye shall keep,
Gen.17.10	3	H2233	between me and you and thy seed
Gen.17.10	4	H310	after thee:
Gen.17.10	5	H2145	every male
Gen.17.10	6	H4135	among you shall be circumcised.
Gen.17.11	1	H5243	And ye shall be circumcised
Gen.17.11	2	H1320	in the flesh
Gen.17.11	3	H6190	of your foreskin;
Gen.17.11	4	H226	and it shall be a token
Gen.17.11	5	H1285	of a covenant betwixt me and you.
Gen.17.12	1	H8083	And he that is eight
Gen.17.12	2	H3117	days
Gen.17.12	3	H1121	old
Gen.17.12	4	H4135	shall be circumcised
Gen.17.12	5	H2145	among you, every male
Gen.17.12	6	H1755	throughout your generations,
Gen.17.12	7	H3211	he that is born
Gen.17.12	8	H1004	in the house,
Gen.17.12	9	H4736	or bought
Gen.17.12	10	H3701	with money
Gen.17.12	11	H1121	of any foreigner
Gen.17.12	12	H2233	that is not of thy seed.
Gen.17.13	1	H3211	He that is born
Gen.17.13	2	H1004	in thy house,
Gen.17.13	3	H4736	and he that is bought
Gen.17.13	4	H3701	with thy money,
Gen.17.13	5	H4135	must needs
Gen.17.13	6	H4135	be circumcised:
Gen.17.13	7	H1285	and my covenant
Gen.17.13	8	H1320	shall be in your flesh
Gen.17.13	9	H5769	for an everlasting
Gen.17.13	10	H1285	covenant.
Gen.17.14	1	H6189	And the uncircumcised
Gen.17.14	2	H2145	male
Gen.17.14	3	H834	who
Gen.17.14	4	H4135	is not circumcised
Gen.17.14	5	H1320	in the flesh
Gen.17.14	6	H6190	of his foreskin,
Gen.17.14	7	H5315	that soul
Gen.17.14	8	H3772	shall be cut off
Gen.17.14	9	H5971	from his people;
Gen.17.14	10	H6565	he hath broken
Gen.17.14	11	H1285	my covenant.
Gen.17.15	1	H430	And God
Gen.17.15	2	H559	said
Gen.17.15	3	H85	unto Abraham,
Gen.17.15	4	H8297	As for Sarai
Gen.17.15	5	H802	thy wife,
Gen.17.15	6	H7121	thou shalt not call
Gen.17.15	7	H8034	her name
Gen.17.15	8	H8297	Sarai,
Gen.17.15	9	H3588	but
Gen.17.15	10	H8283	Sarah
Gen.17.15	11	H8034	shall her name be.
Gen.17.16	1	H1288	And I will bless
Gen.17.16	2	H5414	her, and moreover I will give
Gen.17.16	3	H1121	thee a son
Gen.17.16	4	H1288	of her: yea, I will bless
Gen.17.16	5	H1471	her, and she shall be a mother of nations;
Gen.17.16	6	H4428	kings
Gen.17.16	7	H5971	of peoples shall be of her.
Gen.17.17	1	H85	Then Abraham
Gen.17.17	2	H5307	fell
Gen.17.17	3	H6440	upon his face,
Gen.17.17	4	H6711	and laughed,
Gen.17.17	5	H559	and said
Gen.17.17	6	H3820	in his heart,
Gen.17.17	7	H3205	Shall a child be born
Gen.17.17	8	H3967	unto him that is a hundred
Gen.17.17	9	H8141	years
Gen.17.17	10	H1121	old?
Gen.17.17	11	H8283	and shall Sarah,
Gen.17.17	12	H8673	that is ninety
Gen.17.17	13	H8141	years
Gen.17.17	14	H1323	old,
Gen.17.17	15	H3205	bear?
Gen.17.18	1	H85	And Abraham
Gen.17.18	2	H559	said
Gen.17.18	3	H430	unto God,
Gen.17.18	4	H3863	Oh that
Gen.17.18	5	H3458	Ishmael
Gen.17.18	6	H2421	might live
Gen.17.18	7	H6440	before thee!
Gen.17.19	1	H430	And God
Gen.17.19	2	H559	said,
Gen.17.19	3	H8283	Nay, but Sarah
Gen.17.19	4	H802	thy wife
Gen.17.19	5	H61	shall
Gen.17.19	6	H3205	bear
Gen.17.19	7	H1121	thee a son;
Gen.17.19	8	H7121	and thou shalt call
Gen.17.19	9	H8034	his name
Gen.17.19	10	H3327	Isaac:
Gen.17.19	11	H6965	and I will establish
Gen.17.19	12	H1285	my covenant
Gen.17.19	13	H5769	with him for an everlasting
Gen.17.19	14	H1285	covenant
Gen.17.19	15	H2233	for his seed
Gen.17.19	16	H310	after him.
Gen.17.20	1	H3458	And as for Ishmael,
Gen.17.20	2	H8085	I have heard thee:
Gen.17.20	3	H1288	behold, I have blessed
Gen.17.20	4	H6509	him, and will make him fruitful,
Gen.17.20	5	H7235	and will multiply
Gen.17.20	6	H3966	him exceedingly;
Gen.17.20	7	H6240	twelve
Gen.17.20	8	H5387	princes
Gen.17.20	9	H3205	shall he beget,
Gen.17.20	10	H5414	and I will make him
Gen.17.20	11	H1419	a great
Gen.17.20	12	H1471	nation.
Gen.17.21	1	H1285	But my covenant
Gen.17.21	2	H6965	will I establish
Gen.17.21	3	H3327	with Isaac,
Gen.17.21	4	H8283	whom Sarah
Gen.17.21	5	H3205	shall bear
Gen.17.21	6	H4150	unto thee at this set time
Gen.17.21	7	H312	in the next
Gen.17.21	8	H8141	year.
Gen.17.22	1	H3615	And he left off
Gen.17.22	2	H1696	talking
Gen.17.22	3	H430	with him, and God
Gen.17.22	4	H5927	went up
Gen.17.22	5	H85	from Abraham.
Gen.17.23	1	H85	And Abraham
Gen.17.23	2	H3947	took
Gen.17.23	3	H3458	Ishmael
Gen.17.23	4	H1121	his son,
Gen.17.23	5	H3211	and all that were born
Gen.17.23	6	H1004	in his house,
Gen.17.23	7	H4736	and all that were bought
Gen.17.23	8	H3701	with his money,
Gen.17.23	9	H2145	every male
Gen.17.23	10	H582	among the men
Gen.17.23	11	H85	of Abraham's
Gen.17.23	12	H1004	house,
Gen.17.23	13	H4135	and circumcised
Gen.17.23	14	H1320	the flesh
Gen.17.23	15	H6190	of their foreskin
Gen.17.23	16	H6106	in the selfsame
Gen.17.23	17	H3117	day,
Gen.17.23	18	H430	as God
Gen.17.23	19	H1696	had said unto him.
Gen.17.24	1	H85	And Abraham
Gen.17.24	2	H8673	was ninety
Gen.17.24	3	H8141	years
Gen.17.24	4	H1121	old
Gen.17.24	5	H8672	and nine,
Gen.17.24	6	H4135	when he was circumcised
Gen.17.24	7	H1320	in the flesh
Gen.17.24	8	H6190	of his foreskin.
Gen.17.25	1	H3458	And Ishmael
Gen.17.25	2	H1121	his son
Gen.17.25	3	H6240	was thirteen
Gen.17.25	4	H8141	years
Gen.17.25	5	H1121	old,
Gen.17.25	6	H4135	when he was circumcised
Gen.17.25	7	H1320	in the flesh
Gen.17.25	8	H6190	of his foreskin.
Gen.17.26	1	H6106	In the selfsame
Gen.17.26	2	H3117	day
Gen.17.26	3	H85	was Abraham
Gen.17.26	4	H4135	circumcised,
Gen.17.26	5	H3458	and Ishmael
Gen.17.26	6	H1121	his son.
Gen.17.27	1	H582	And all the men
Gen.17.27	2	H1004	of his house,
Gen.17.27	3	H3211	those born
Gen.17.27	4	H1004	in the house,
Gen.17.27	5	H4736	and those bought
Gen.17.27	6	H3701	with money
Gen.17.27	7	H1121	of a foreigner,
Gen.17.27	8	H4135	were circumcised with him.
Gen.18.1	1	H3068	And Jehovah
Gen.18.1	2	H7200	appeared
Gen.18.1	3	H436	unto him by the oaks
Gen.18.1	4	H4471	of Mamre,
Gen.18.1	5	H3427	as he sat
Gen.18.1	6	H168	in the tent
Gen.18.1	7	H6607	door
Gen.18.1	8	H2527	in the heat
Gen.18.1	9	H3117	of the day;
Gen.18.2	1	H5375	and he lifted up
Gen.18.2	2	H5869	his eyes
Gen.18.2	3	H7200	and looked,
Gen.18.2	4	H7969	and, lo, three
Gen.18.2	5	H582	men
Gen.18.2	6	H5324	stood
Gen.18.2	7	H7200	over against him: and when he saw
Gen.18.2	8	H7323	them, he ran
Gen.18.2	9	H7125	to meet
Gen.18.2	10	H168	them from the tent
Gen.18.2	11	H6607	door,
Gen.18.2	12	H7812	and bowed
Gen.18.2	13	H776	himself to the earth,
Gen.18.3	1	H559	and said,
Gen.18.3	2	H136	My lord,
Gen.18.3	3	H4672	if now I have found
Gen.18.3	4	H2580	favor
Gen.18.3	5	H5869	in thy sight,
Gen.18.3	6	H5674	pass not away,
Gen.18.3	7	H5650	I pray thee, from thy servant:
Gen.18.4	1	H4592	let now a little
Gen.18.4	2	H4325	water
Gen.18.4	3	H3947	be fetched,
Gen.18.4	4	H7364	and wash
Gen.18.4	5	H4994	your
Gen.18.4	6	H7272	feet,
Gen.18.4	7	H8172	and rest yourselves
Gen.18.4	8	H6086	under the tree:
Gen.18.5	1	H3947	and I will fetch
Gen.18.5	2	H6595	a morsel
Gen.18.5	3	H3899	of bread,
Gen.18.5	4	H5582	and strengthen ye your
Gen.18.5	5	H3820	heart;
Gen.18.5	6	H310	after that
Gen.18.5	7	H5674	ye shall pass on:
Gen.18.5	8	H5674	forasmuch as ye are come
Gen.18.5	9	H5921	to
Gen.18.5	10	H5650	your servant.
Gen.18.5	11	H1696	And they said,
Gen.18.5	12	H6213	So do,
Gen.18.5	13	H559	as thou hast said.
Gen.18.6	1	H85	And Abraham
Gen.18.6	2	H4116	hastened
Gen.18.6	3	H168	into the tent
Gen.18.6	4	H8283	unto Sarah,
Gen.18.6	5	H559	and said,
Gen.18.6	6	H4116	Make ready quickly
Gen.18.6	7	H7969	three
Gen.18.6	8	H5429	measures
Gen.18.6	9	H5560	of fine
Gen.18.6	10	H7058	meal,
Gen.18.6	11	H3888	knead
Gen.18.6	12	H6213	it, and
Gen.18.6	13	H6213	make
Gen.18.6	14	H5692	cakes.
Gen.18.7	1	H85	And Abraham
Gen.18.7	2	H7323	ran
Gen.18.7	3	H1241	unto the herd,
Gen.18.7	4	H3947	and fetched
Gen.18.7	5	H1121	a calf
Gen.18.7	6	H7390	tender
Gen.18.7	7	H2896	and good,
Gen.18.7	8	H5414	and gave
Gen.18.7	9	H5288	it unto the servant;
Gen.18.7	10	H4116	and he hasted
Gen.18.7	11	H6213	to dress it.
Gen.18.8	1	H3947	And he took
Gen.18.8	2	H2529	butter,
Gen.18.8	3	H2461	and milk,
Gen.18.8	4	H1121	and the calf
Gen.18.8	5	H6213	which he had dressed,
Gen.18.8	6	H5414	and set
Gen.18.8	7	H6440	it before them;
Gen.18.8	8	H5975	and he stood
Gen.18.8	9	H6086	by them under the tree,
Gen.18.8	10	H398	and they did eat.
Gen.18.9	1	H559	And they said
Gen.18.9	2	H346	unto him, Where
Gen.18.9	3	H8283	is Sarah
Gen.18.9	4	H802	thy wife?
Gen.18.9	5	H559	And he said,
Gen.18.9	6	H168	Behold, in the tent.
Gen.18.10	1	H559	And he said,
Gen.18.10	2	H7725	I will certainly
Gen.18.10	3	H7725	return
Gen.18.10	4	H6256	unto thee when the season
Gen.18.10	5	H2416	cometh round;
Gen.18.10	6	H8283	and, lo, Sarah
Gen.18.10	7	H802	thy wife
Gen.18.10	8	H1121	shall have a son.
Gen.18.10	9	H8283	And Sarah
Gen.18.10	10	H8085	heard
Gen.18.10	11	H168	in the tent
Gen.18.10	12	H6607	door,
Gen.18.10	13	H310	which was behind him.
Gen.18.11	1	H85	Now Abraham
Gen.18.11	2	H8283	and Sarah
Gen.18.11	3	H2205	were old,
Gen.18.11	4	H935	and well stricken
Gen.18.11	5	H3117	in age;
Gen.18.11	6	H2308	it had ceased
Gen.18.11	7	H8283	to be with Sarah
Gen.18.11	8	H734	after the manner
Gen.18.11	9	H802	of women.
Gen.18.12	1	H8283	And Sarah
Gen.18.12	2	H6711	laughed
Gen.18.12	3	H7130	within herself,
Gen.18.12	4	H559	saying,
Gen.18.12	5	H310	After
Gen.18.12	6	H1086	I am waxed old
Gen.18.12	7	H5730	shall I have pleasure,
Gen.18.12	8	H113	my lord
Gen.18.12	9	H2204	being old also?
Gen.18.13	1	H3068	And Jehovah
Gen.18.13	2	H559	said
Gen.18.13	3	H85	unto Abraham,
Gen.18.13	4	H4100	Wherefore
Gen.18.13	5	H8283	did Sarah
Gen.18.13	6	H6711	laugh,
Gen.18.13	7	H559	saying,
Gen.18.13	8	H552	Shall I of a surety
Gen.18.13	9	H3205	bear
Gen.18.13	10	H589	a child, who
Gen.18.13	11	H2204	am old?
Gen.18.14	1	H6381	Is
Gen.18.14	2	H1697	anything
Gen.18.14	3	H6381	too hard
Gen.18.14	4	H3068	for Jehovah?
Gen.18.14	5	H4150	At the set
Gen.18.14	6	H7725	time I will return
Gen.18.14	7	H6256	unto thee, when the season
Gen.18.14	8	H2416	cometh round,
Gen.18.14	9	H8283	and Sarah
Gen.18.14	10	H1121	shall have a son.
Gen.18.15	1	H8283	Then Sarah
Gen.18.15	2	H3584	denied,
Gen.18.15	3	H559	saying,
Gen.18.15	4	H6711	I laughed
Gen.18.15	5	H3372	not; for she was afraid.
Gen.18.15	6	H559	And he said,
Gen.18.15	7	H3808	Nay;
Gen.18.15	8	H6711	but thou didst laugh.
Gen.18.16	1	H582	And the men
Gen.18.16	2	H6965	rose up
Gen.18.16	3	H8259	from thence, and looked
Gen.18.16	4	H6440	toward
Gen.18.16	5	H5467	Sodom:
Gen.18.16	6	H85	and Abraham
Gen.18.16	7	H1980	went
Gen.18.16	8	H7971	with them to bring them on the way.
Gen.18.17	1	H3068	And Jehovah
Gen.18.17	2	H559	said,
Gen.18.17	3	H3680	Shall I hide
Gen.18.17	4	H85	from Abraham
Gen.18.17	5	H834	that which
Gen.18.17	6	H6213	I do;
Gen.18.18	1	H85	seeing that Abraham
Gen.18.18	2	H1419	shall surely become a great
Gen.18.18	3	H6099	and mighty
Gen.18.18	4	H1471	nation,
Gen.18.18	5	H1471	and all the nations
Gen.18.18	6	H776	of the earth
Gen.18.18	7	H1288	shall be blessed in him?
Gen.18.19	1	H3045	For I have known
Gen.18.19	2	H834	him, to the end that
Gen.18.19	3	H6680	he may command
Gen.18.19	4	H1121	his children
Gen.18.19	5	H1004	and his household
Gen.18.19	6	H310	after him,
Gen.18.19	7	H8104	that they may keep
Gen.18.19	8	H1870	the way
Gen.18.19	9	H3068	of Jehovah,
Gen.18.19	10	H6213	to do
Gen.18.19	11	H6666	righteousness
Gen.18.19	12	H6666	and justice;
Gen.18.19	13	H3068	to the end that Jehovah
Gen.18.19	14	H935	may bring
Gen.18.19	15	H85	upon Abraham
Gen.18.19	16	H1696	that which he hath spoken of him.
Gen.18.20	1	H3068	And Jehovah
Gen.18.20	2	H559	said,
Gen.18.20	3	H2201	Because the cry
Gen.18.20	4	H5467	of Sodom
Gen.18.20	5	H6017	and Gomorrah
Gen.18.20	6	H7227	is great,
Gen.18.20	7	H2403	and because their sin
Gen.18.20	8	H3966	is very
Gen.18.20	9	H3513	grievous;
Gen.18.21	1	H3381	I will go down
Gen.18.21	2	H7200	now, and see
Gen.18.21	3	H6213	whether they have done
Gen.18.21	4	H3617	altogether
Gen.18.21	5	H6818	according to the cry
Gen.18.21	6	H935	of it, which is come
Gen.18.21	7	H3045	unto me; and if not, I will know.
Gen.18.22	1	H582	And the men
Gen.18.22	2	H6437	turned
Gen.18.22	3	H3212	from thence, and went
Gen.18.22	4	H5467	toward Sodom:
Gen.18.22	5	H85	but Abraham
Gen.18.22	6	H5975	stood
Gen.18.22	7	H5750	yet
Gen.18.22	8	H6440	before
Gen.18.22	9	H3068	Jehovah.
Gen.18.23	1	H85	And Abraham
Gen.18.23	2	H5066	drew near,
Gen.18.23	3	H559	and said,
Gen.18.23	4	H5595	Wilt thou consume
Gen.18.23	5	H6662	the righteous
Gen.18.23	6	H5973	with
Gen.18.23	7	H7563	the wicked?
Gen.18.24	1	H3426	Peradventure there are
Gen.18.24	2	H2572	fifty
Gen.18.24	3	H6662	righteous
Gen.18.24	4	H8432	within
Gen.18.24	5	H5892	the city:
Gen.18.24	6	H5595	wilt thou consume
Gen.18.24	7	H5375	and not spare
Gen.18.24	8	H4725	the place
Gen.18.24	9	H4616	for
Gen.18.24	10	H2572	the fifty
Gen.18.24	11	H6662	righteous
Gen.18.24	12	H7130	that are therein?
Gen.18.25	1	H2486	That be far
Gen.18.25	2	H6213	from thee to do
Gen.18.25	3	H1697	after this manner,
Gen.18.25	4	H4191	to slay
Gen.18.25	5	H6662	the righteous
Gen.18.25	6	H7563	with the wicked,
Gen.18.25	7	H6662	that so the righteous
Gen.18.25	8	H7563	should be as the wicked;
Gen.18.25	9	H2486	that be far
Gen.18.25	10	H8199	from thee: shall not the Judge
Gen.18.25	11	H776	of all the earth
Gen.18.25	12	H6213	do
Gen.18.25	13	H4941	right?
Gen.18.26	1	H3068	And Jehovah
Gen.18.26	2	H559	said,
Gen.18.26	3	H4672	If I find
Gen.18.26	4	H5467	in Sodom
Gen.18.26	5	H2572	fifty
Gen.18.26	6	H6662	righteous
Gen.18.26	7	H8432	within
Gen.18.26	8	H5892	the city,
Gen.18.26	9	H5375	then I will spare
Gen.18.26	10	H4725	all the place for their sake.
Gen.18.27	1	H85	And Abraham
Gen.18.27	2	H6030	answered
Gen.18.27	3	H559	and said,
Gen.18.27	4	H2974	Behold now, I have taken upon me
Gen.18.27	5	H1696	to speak
Gen.18.27	6	H136	unto the Lord,
Gen.18.27	7	H595	who
Gen.18.27	8	H6083	am but dust
Gen.18.27	9	H665	and ashes:
Gen.18.28	1	H2637	peradventure there shall lack
Gen.18.28	2	H2568	five
Gen.18.28	3	H2572	of the fifty
Gen.18.28	4	H6662	righteous:
Gen.18.28	5	H7843	wilt thou destroy
Gen.18.28	6	H5892	all the city
Gen.18.28	7	H2568	for lack of five?
Gen.18.28	8	H559	And he said,
Gen.18.28	9	H7843	I will not destroy
Gen.18.28	10	H4672	it, if I find
Gen.18.28	11	H705	there forty
Gen.18.28	12	H2568	and five.
Gen.18.29	1	H1696	And he spake
Gen.18.29	2	H3254	unto him yet again,
Gen.18.29	3	H559	and said,
Gen.18.29	4	H705	Peradventure there shall be forty
Gen.18.29	5	H4672	found
Gen.18.29	6	H559	there. And he said,
Gen.18.29	7	H6213	I will not do
Gen.18.29	8	H705	it for the forty's sake.
Gen.18.30	1	H559	And he said,
Gen.18.30	2	H4994	Oh
Gen.18.30	3	H136	let not the Lord
Gen.18.30	4	H2734	be angry,
Gen.18.30	5	H1696	and I will speak:
Gen.18.30	6	H7970	peradventure there shall thirty
Gen.18.30	7	H4672	be found
Gen.18.30	8	H559	there. And he said,
Gen.18.30	9	H6213	I will not do
Gen.18.30	10	H4672	it, if I find
Gen.18.30	11	H7970	thirty there.
Gen.18.31	1	H559	And he said,
Gen.18.31	2	H2974	Behold now, I have taken upon me
Gen.18.31	3	H1696	to speak
Gen.18.31	4	H136	unto the Lord:
Gen.18.31	5	H6242	peradventure there shall be twenty
Gen.18.31	6	H4672	found
Gen.18.31	7	H559	there. And he said,
Gen.18.31	8	H7843	I will not destroy
Gen.18.31	9	H6242	it for the twenty's sake.
Gen.18.32	1	H559	And he said,
Gen.18.32	2	H136	Oh let not the Lord
Gen.18.32	3	H2734	be angry,
Gen.18.32	4	H1696	and I will speak
Gen.18.32	5	H389	yet
Gen.18.32	6	H6471	but this once:
Gen.18.32	7	H6235	peradventure ten
Gen.18.32	8	H4672	shall be found
Gen.18.32	9	H559	there. And he said,
Gen.18.32	10	H7843	I will not destroy
Gen.18.32	11	H6235	it for the ten's sake.
Gen.18.33	1	H3068	And Jehovah
Gen.18.33	2	H3212	went his way,
Gen.18.33	3	H834	as soon as
Gen.18.33	4	H3615	he had left
Gen.18.33	5	H1696	off communing
Gen.18.33	6	H85	with Abraham:
Gen.18.33	7	H85	and Abraham
Gen.18.33	8	H7725	returned
Gen.18.33	9	H4725	unto his place.
Gen.19.1	1	H8147	And the two
Gen.19.1	2	H4397	angels
Gen.19.1	3	H935	came
Gen.19.1	4	H5467	to Sodom
Gen.19.1	5	H6153	at even;
Gen.19.1	6	H3876	and Lot
Gen.19.1	7	H3427	sat
Gen.19.1	8	H8179	in the gate
Gen.19.1	9	H5467	of Sodom:
Gen.19.1	10	H3876	and Lot
Gen.19.1	11	H7200	saw
Gen.19.1	12	H6965	them, and rose up
Gen.19.1	13	H7125	to meet
Gen.19.1	14	H7812	them; and he bowed
Gen.19.1	15	H639	himself with his face
Gen.19.1	16	H776	to the earth;
Gen.19.2	1	H559	and he said,
Gen.19.2	2	H113	Behold now, my lords,
Gen.19.2	3	H5493	turn aside,
Gen.19.2	4	H5650	I pray you, into your servant's
Gen.19.2	5	H1004	house,
Gen.19.2	6	H3885	and tarry all night,
Gen.19.2	7	H7364	and wash
Gen.19.2	8	H7272	your feet,
Gen.19.2	9	H7925	and ye shall rise up early,
Gen.19.2	10	H1980	and go
Gen.19.2	11	H1870	on your way.
Gen.19.2	12	H559	And they said,
Gen.19.2	13	H3885	Nay; but we will abide
Gen.19.2	14	H7339	in the street
Gen.19.2	15	H3885	all night.
Gen.19.3	1	H6484	And he urged
Gen.19.3	2	H3966	them greatly;
Gen.19.3	3	H5493	and they turned in
Gen.19.3	4	H935	unto him, and entered
Gen.19.3	5	H1004	into his house;
Gen.19.3	6	H6213	and he made
Gen.19.3	7	H4960	them a feast,
Gen.19.3	8	H644	and did bake
Gen.19.3	9	H4682	unleavened bread,
Gen.19.3	10	H398	and they did eat.
Gen.19.4	1	H7901	But before they lay down,
Gen.19.4	2	H582	the men
Gen.19.4	3	H5892	of the city,
Gen.19.4	4	H582	even the men
Gen.19.4	5	H5467	of Sodom,
Gen.19.4	6	H5437	compassed
Gen.19.4	7	H1004	the house
Gen.19.4	8	H5437	round,
Gen.19.4	9	H5288	both young
Gen.19.4	10	H2205	and old,
Gen.19.4	11	H5971	all the people
Gen.19.4	12	H7097	from every quarter;
Gen.19.5	1	H7121	and they called
Gen.19.5	2	H3876	unto Lot,
Gen.19.5	3	H559	and said
Gen.19.5	4	H582	unto him, Where are the men
Gen.19.5	5	H935	that came in
Gen.19.5	6	H3915	to thee this night?
Gen.19.5	7	H3318	bring them out
Gen.19.5	8	H3045	unto us, that we may know them.
Gen.19.6	1	H3876	And Lot
Gen.19.6	2	H3318	went out
Gen.19.6	3	H1817	unto them to the door,
Gen.19.6	4	H5462	and shut
Gen.19.6	5	H1817	the door
Gen.19.6	6	H310	after him.
Gen.19.7	1	H559	And he said,
Gen.19.7	2	H251	I pray you, my brethren,
Gen.19.7	3	H7489	do not so wickedly.
Gen.19.8	1	H8147	Behold now, I have two
Gen.19.8	2	H1323	daughters
Gen.19.8	3	H3045	that have not known
Gen.19.8	4	H376	man;
Gen.19.8	5	H3318	let me, I pray you, bring them out
Gen.19.8	6	H6213	unto you, and do
Gen.19.8	7	H2896	ye to them as is good
Gen.19.8	8	H5869	in your eyes:
Gen.19.8	9	H411	only unto these
Gen.19.8	10	H582	men
Gen.19.8	11	H6213	do
Gen.19.8	12	H408	nothing,
Gen.19.8	13	H935	forasmuch as they are come
Gen.19.8	14	H6738	under the shadow
Gen.19.8	15	H6982	of my roof.
Gen.19.9	1	H559	And they said,
Gen.19.9	2	H5066	Stand
Gen.19.9	3	H1973	back.
Gen.19.9	4	H559	And they said,
Gen.19.9	5	H259	This one
Gen.19.9	6	H935	fellow came in
Gen.19.9	7	H1481	to sojourn,
Gen.19.9	8	H8199	and he will needs
Gen.19.9	9	H8199	be a judge:
Gen.19.9	10	H7489	now will we deal worse
Gen.19.9	11	H6484	with thee, than with them. And they pressed
Gen.19.9	12	H3966	sore
Gen.19.9	13	H376	upon the man,
Gen.19.9	14	H3876	even Lot,
Gen.19.9	15	H5066	and drew near
Gen.19.9	16	H7665	to break
Gen.19.9	17	H1817	the door.
Gen.19.10	1	H582	But the men
Gen.19.10	2	H7971	put forth
Gen.19.10	3	H3027	their hand,
Gen.19.10	4	H935	and brought
Gen.19.10	5	H3876	Lot
Gen.19.10	6	H1004	into the house
Gen.19.10	7	H5462	to them, and shut
Gen.19.10	8	H1817	to the door.
Gen.19.11	1	H5221	And they smote
Gen.19.11	2	H582	the men
Gen.19.11	3	H6607	that were at the door
Gen.19.11	4	H1004	of the house
Gen.19.11	5	H5575	with blindness,
Gen.19.11	6	H6996	both small
Gen.19.11	7	H1419	and great,
Gen.19.11	8	H3811	so that they wearied
Gen.19.11	9	H4672	themselves to find
Gen.19.11	10	H6607	the door.
Gen.19.12	1	H582	And the men
Gen.19.12	2	H559	said
Gen.19.12	3	H3876	unto Lot,
Gen.19.12	4	H6311	Hast thou here
Gen.19.12	5	H4310	any
Gen.19.12	6	H2860	besides? son-in-law,
Gen.19.12	7	H1121	and thy sons,
Gen.19.12	8	H1323	and thy daughters,
Gen.19.12	9	H834	and whomsoever
Gen.19.12	10	H5892	thou hast in the city,
Gen.19.12	11	H3318	bring them out
Gen.19.12	12	H4725	of the place:
Gen.19.13	1	H587	for we
Gen.19.13	2	H7843	will destroy
Gen.19.13	3	H4725	this place,
Gen.19.13	4	H6818	because the cry of them
Gen.19.13	5	H1431	is waxed
Gen.19.13	6	H854	great
Gen.19.13	7	H6440	before
Gen.19.13	8	H3068	Jehovah;
Gen.19.13	9	H3068	and Jehovah
Gen.19.13	10	H7971	hath sent
Gen.19.13	11	H7843	us to destroy it.
Gen.19.14	1	H3876	And Lot
Gen.19.14	2	H3318	went out,
Gen.19.14	3	H1696	and spake
Gen.19.14	4	H2860	unto his sons-in-law,
Gen.19.14	5	H3947	who married
Gen.19.14	6	H1323	his daughters,
Gen.19.14	7	H559	and said,
Gen.19.14	8	H6965	Up,
Gen.19.14	9	H3318	get you out
Gen.19.14	10	H4725	of this place;
Gen.19.14	11	H3068	for Jehovah
Gen.19.14	12	H7843	will destroy
Gen.19.14	13	H5892	the city.
Gen.19.14	14	H5869	But he seemed unto
Gen.19.14	15	H2860	his sons-in-law
Gen.19.14	16	H6711	as one that mocked.
Gen.19.15	1	H3644	And when
Gen.19.15	2	H7837	the morning
Gen.19.15	3	H5927	arose,
Gen.19.15	4	H4397	then the angels
Gen.19.15	5	H213	hastened
Gen.19.15	6	H3876	Lot,
Gen.19.15	7	H559	saying,
Gen.19.15	8	H6965	Arise,
Gen.19.15	9	H3947	take
Gen.19.15	10	H802	thy wife,
Gen.19.15	11	H8147	and thy two
Gen.19.15	12	H1323	daughters
Gen.19.15	13	H4672	that are here,
Gen.19.15	14	H5595	lest thou be consumed
Gen.19.15	15	H5771	in the iniquity
Gen.19.15	16	H5892	of the city.
Gen.19.16	1	H4102	But he lingered;
Gen.19.16	2	H582	and the men
Gen.19.16	3	H2388	laid hold
Gen.19.16	4	H3027	upon his hand,
Gen.19.16	5	H3027	and upon the hand
Gen.19.16	6	H802	of his wife,
Gen.19.16	7	H3027	and upon the hand
Gen.19.16	8	H8147	of his two
Gen.19.16	9	H1323	daughters,
Gen.19.16	10	H3068	Jehovah
Gen.19.16	11	H2551	being merciful
Gen.19.16	12	H3240	unto him: and they brought him
Gen.19.16	13	H3318	forth,
Gen.19.16	14	H3240	and set him
Gen.19.16	15	H5892	without the city.
Gen.19.17	1	H3318	And it came to pass, when they had brought them forth
Gen.19.17	2	H2351	abroad,
Gen.19.17	3	H559	that he said,
Gen.19.17	4	H4422	Escape
Gen.19.17	5	H5921	for
Gen.19.17	6	H5315	thy life;
Gen.19.17	7	H5027	look
Gen.19.17	8	H310	not behind thee,
Gen.19.17	9	H5975	neither stay
Gen.19.17	10	H3603	thou in all the Plain;
Gen.19.17	11	H4422	escape
Gen.19.17	12	H2022	to the mountain,
Gen.19.17	13	H5595	lest thou be consumed.
Gen.19.18	1	H3876	And Lot
Gen.19.18	2	H559	said
Gen.19.18	3	H113	unto them, Oh, not so, my lord:
Gen.19.19	1	H5650	behold now, thy servant
Gen.19.19	2	H4672	hath found
Gen.19.19	3	H2580	favor
Gen.19.19	4	H5869	in thy sight,
Gen.19.19	5	H1431	and thou hast magnified
Gen.19.19	6	H2617	thy lovingkindness,
Gen.19.19	7	H6213	which thou hast showed
Gen.19.19	8	H5978	unto me
Gen.19.19	9	H2421	in saving
Gen.19.19	10	H5315	my life;
Gen.19.19	11	H3201	and I cannot
Gen.19.19	12	H4422	escape
Gen.19.19	13	H2022	to the mountain,
Gen.19.19	14	H7451	lest evil
Gen.19.19	15	H1692	overtake
Gen.19.19	16	H4191	me, and I die:
Gen.19.20	1	H5892	behold now, this city
Gen.19.20	2	H7138	is near
Gen.19.20	3	H5127	to flee
Gen.19.20	4	H1931	unto, and it
Gen.19.20	5	H4705	is a little one.
Gen.19.20	6	H4422	Oh let me escape
Gen.19.20	7	H4705	thither (is it not a little one?),
Gen.19.20	8	H5315	and my soul
Gen.19.20	9	H2421	shall live.
Gen.19.21	1	H559	And he said
Gen.19.21	2	H2009	unto him, See,
Gen.19.21	3	H5375	I have accepted
Gen.19.21	4	H6440	thee
Gen.19.21	5	H1697	concerning this thing
Gen.19.21	6	H2015	also, that I will not overthrow
Gen.19.21	7	H5892	the city
Gen.19.21	8	H834	of which
Gen.19.21	9	H1696	thou hast spoken.
Gen.19.22	1	H4116	Haste
Gen.19.22	2	H4422	thee, escape
Gen.19.22	3	H3201	thither; for I cannot
Gen.19.22	4	H6213	do
Gen.19.22	5	H1697	anything
Gen.19.22	6	H935	till thou be come
Gen.19.22	7	H8034	thither. Therefore the name
Gen.19.22	8	H5892	of the city
Gen.19.22	9	H7121	was called
Gen.19.22	10	H6820	Zoar.
Gen.19.23	1	H8121	The sun
Gen.19.23	2	H3318	was risen
Gen.19.23	3	H776	upon the earth
Gen.19.23	4	H3876	when Lot
Gen.19.23	5	H935	came
Gen.19.23	6	H6820	unto Zoar.
Gen.19.24	1	H3068	Then Jehovah
Gen.19.24	2	H4305	rained
Gen.19.24	3	H5467	upon Sodom
Gen.19.24	4	H6017	and upon Gomorrah
Gen.19.24	5	H1614	brimstone
Gen.19.24	6	H784	and fire
Gen.19.24	7	H3068	from Jehovah
Gen.19.24	8	H8064	out of heaven;
Gen.19.25	1	H2015	and he overthrew
Gen.19.25	2	H411	those
Gen.19.25	3	H5892	cities,
Gen.19.25	4	H3603	and all the Plain,
Gen.19.25	5	H3427	and all the inhabitants
Gen.19.25	6	H5892	of the cities,
Gen.19.25	7	H6780	and that which grew
Gen.19.25	8	H127	upon the ground.
Gen.19.26	1	H802	But his wife
Gen.19.26	2	H5027	looked back
Gen.19.26	3	H310	from behind him,
Gen.19.26	4	H5333	and she became a pillar
Gen.19.26	5	H4417	of salt.
Gen.19.27	1	H85	And Abraham
Gen.19.27	2	H7925	gat up early
Gen.19.27	3	H1242	in the morning
Gen.19.27	4	H4725	to the place
Gen.19.27	5	H5975	where he had stood
Gen.19.27	6	H6440	before
Gen.19.27	7	H3068	Jehovah:
Gen.19.28	1	H8259	and he looked
Gen.19.28	2	H6440	toward
Gen.19.28	3	H5467	Sodom
Gen.19.28	4	H6017	and Gomorrah,
Gen.19.28	5	H6440	and toward
Gen.19.28	6	H776	all the land
Gen.19.28	7	H3603	of the Plain,
Gen.19.28	8	H7200	and beheld,
Gen.19.28	9	H7008	and, lo, the smoke
Gen.19.28	10	H776	of the land
Gen.19.28	11	H5927	went up
Gen.19.28	12	H7008	as the smoke
Gen.19.28	13	H3536	of a furnace.
Gen.19.29	1	H430	And it came to pass, when God
Gen.19.29	2	H7843	destroyed
Gen.19.29	3	H5892	the cities
Gen.19.29	4	H3603	of the Plain,
Gen.19.29	5	H430	that God
Gen.19.29	6	H2142	remembered
Gen.19.29	7	H85	Abraham,
Gen.19.29	8	H7971	and sent
Gen.19.29	9	H3876	Lot
Gen.19.29	10	H8432	out of the midst
Gen.19.29	11	H2018	of the overthrow,
Gen.19.29	12	H2015	when he overthrew
Gen.19.29	13	H5892	the cities
Gen.19.29	14	H2004	in which
Gen.19.29	15	H3876	Lot
Gen.19.29	16	H3427	dwelt.
Gen.19.30	1	H3876	And Lot
Gen.19.30	2	H5927	went up
Gen.19.30	3	H6820	out of Zoar,
Gen.19.30	4	H3427	and dwelt
Gen.19.30	5	H2022	in the mountain,
Gen.19.30	6	H8147	and his two
Gen.19.30	7	H1323	daughters
Gen.19.30	8	H3372	with him; for he feared
Gen.19.30	9	H3427	to dwell
Gen.19.30	10	H6820	in Zoar:
Gen.19.30	11	H3427	and he dwelt
Gen.19.30	12	H4631	in a cave,
Gen.19.30	13	H8147	he and his two
Gen.19.30	14	H1323	daughters.
Gen.19.31	1	H1067	And the first-born
Gen.19.31	2	H559	said
Gen.19.31	3	H6810	unto the younger,
Gen.19.31	4	H1	Our father
Gen.19.31	5	H2204	is old,
Gen.19.31	6	H376	and there is not a man
Gen.19.31	7	H776	in the earth
Gen.19.31	8	H935	to come in
Gen.19.31	9	H1870	unto us after the manner
Gen.19.31	10	H776	of all the earth:
Gen.19.32	1	H3212	come,
Gen.19.32	2	H8248	let us make
Gen.19.32	3	H1	our father
Gen.19.32	4	H8248	drink
Gen.19.32	5	H3196	wine,
Gen.19.32	6	H7901	and we will lie
Gen.19.32	7	H2421	with him, that we may preserve
Gen.19.32	8	H2233	seed
Gen.19.32	9	H1	of our father.
Gen.19.33	1	H8248	And they made
Gen.19.33	2	H1	their father
Gen.19.33	3	H8248	drink
Gen.19.33	4	H3196	wine
Gen.19.33	5	H3915	that night:
Gen.19.33	6	H1067	and the first-born
Gen.19.33	7	H935	went in,
Gen.19.33	8	H7901	and lay
Gen.19.33	9	H1	with her father;
Gen.19.33	10	H3045	and he knew
Gen.19.33	11	H7901	not when she lay down,
Gen.19.33	12	H6965	nor when she arose.
Gen.19.34	1	H4283	And it came to pass on the morrow,
Gen.19.34	2	H1067	that the first-born
Gen.19.34	3	H559	said
Gen.19.34	4	H6810	unto the younger,
Gen.19.34	5	H7901	Behold, I lay
Gen.19.34	6	H570	yesternight
Gen.19.34	7	H1	with my father:
Gen.19.34	8	H8248	let us make him drink
Gen.19.34	9	H3196	wine
Gen.19.34	10	H3915	this night
Gen.19.34	11	H935	also; and go thou in,
Gen.19.34	12	H7901	and lie
Gen.19.34	13	H2421	with him, that we may preserve
Gen.19.34	14	H2233	seed
Gen.19.34	15	H1	of our father.
Gen.19.35	1	H8248	And they made
Gen.19.35	2	H1	their father
Gen.19.35	3	H8248	drink
Gen.19.35	4	H3196	wine
Gen.19.35	5	H1931	that
Gen.19.35	6	H3915	night
Gen.19.35	7	H6810	also: and the younger
Gen.19.35	8	H6965	arose,
Gen.19.35	9	H7901	and lay
Gen.19.35	10	H3045	with him; and he knew
Gen.19.35	11	H7901	not when she lay down,
Gen.19.35	12	H6965	nor when she arose.
Gen.19.36	1	H8147	Thus were both
Gen.19.36	2	H1323	the daughters
Gen.19.36	3	H3876	of Lot
Gen.19.36	4	H2029	with child
Gen.19.36	5	H1	by their father.
Gen.19.37	1	H1067	And the first-born
Gen.19.37	2	H3205	bare
Gen.19.37	3	H1121	a son,
Gen.19.37	4	H7121	and called
Gen.19.37	5	H8034	his name
Gen.19.37	6	H4124	Moab:
Gen.19.37	7	H1931	the same
Gen.19.37	8	H1	is the father
Gen.19.37	9	H4124	of the Moabites
Gen.19.37	10	H3117	unto this day.
Gen.19.38	1	H6810	And the younger,
Gen.19.38	2	H3205	she also bare
Gen.19.38	3	H1121	a son,
Gen.19.38	4	H7121	and called
Gen.19.38	5	H8034	his name
Gen.19.38	6	H1151	Ben-ammi:
Gen.19.38	7	H1	the same is the father
Gen.19.38	8	H1121	of the children
Gen.19.38	9	H5983	of Ammon
Gen.19.38	10	H3117	unto this day.
Gen.20.1	1	H85	And Abraham
Gen.20.1	2	H5265	journeyed
Gen.20.1	3	H776	from thence toward the land
Gen.20.1	4	H5045	of the South,
Gen.20.1	5	H3427	and dwelt
Gen.20.1	6	H6946	between Kadesh
Gen.20.1	7	H7793	and Shur;
Gen.20.1	8	H1481	and he sojourned
Gen.20.1	9	H1642	in Gerar.
Gen.20.2	1	H85	And Abraham
Gen.20.2	2	H559	said
Gen.20.2	3	H413	of
Gen.20.2	4	H8283	Sarah
Gen.20.2	5	H802	his wife,
Gen.20.2	6	H269	She is my sister:
Gen.20.2	7	H40	and Abimelech
Gen.20.2	8	H4428	king
Gen.20.2	9	H1642	of Gerar
Gen.20.2	10	H7971	sent,
Gen.20.2	11	H3947	and took
Gen.20.2	12	H8283	Sarah.
Gen.20.3	1	H430	But God
Gen.20.3	2	H935	came
Gen.20.3	3	H40	to Abimelech
Gen.20.3	4	H2472	in a dream
Gen.20.3	5	H3915	of the night,
Gen.20.3	6	H559	and said
Gen.20.3	7	H4191	to him, Behold, thou art but a dead man,
Gen.20.3	8	H802	because of the woman
Gen.20.3	9	H3947	whom thou hast taken;
Gen.20.3	10	H1167	for she is a man's
Gen.20.3	11	H1166	wife.
Gen.20.4	1	H40	Now Abimelech
Gen.20.4	2	H7126	had not come near
Gen.20.4	3	H559	her: and he said,
Gen.20.4	4	H136	Lord,
Gen.20.4	5	H2026	wilt thou slay
Gen.20.4	6	H6662	even a righteous
Gen.20.4	7	H1471	nation?
Gen.20.5	1	H559	Said
Gen.20.5	2	H1931	he not himself unto me, She
Gen.20.5	3	H269	is my sister?
Gen.20.5	4	H1931	and she,
Gen.20.5	5	H1571	even
Gen.20.5	6	H1931	she
Gen.20.5	7	H559	herself said,
Gen.20.5	8	H251	He is my brother:
Gen.20.5	9	H8537	in the integrity
Gen.20.5	10	H3824	of my heart
Gen.20.5	11	H5356	and the innocency
Gen.20.5	12	H3709	of my hands
Gen.20.5	13	H6213	have I done this.
Gen.20.6	1	H430	And God
Gen.20.6	2	H559	said
Gen.20.6	3	H2472	unto him in the dream,
Gen.20.6	4	H1571	Yea,
Gen.20.6	5	H3045	I know
Gen.20.6	6	H8537	that in the integrity
Gen.20.6	7	H3824	of thy heart
Gen.20.6	8	H6213	thou has done
Gen.20.6	9	H2820	this, and I also withheld
Gen.20.6	10	H2398	thee from sinning
Gen.20.6	11	H5414	against me: therefore suffered
Gen.20.6	12	H5060	I thee not to touch her.
Gen.20.7	1	H7725	Now therefore restore
Gen.20.7	2	H376	the man's
Gen.20.7	3	H802	wife;
Gen.20.7	4	H5030	for he is a prophet,
Gen.20.7	5	H6419	and he shall pray
Gen.20.7	6	H1157	for thee,
Gen.20.7	7	H2421	and thou shalt live:
Gen.20.7	8	H7725	and if thou restore
Gen.20.7	9	H3045	her not, know
Gen.20.7	10	H4191	thou that thou shalt surely
Gen.20.7	11	H4191	die, thou, and all that are thine.
Gen.20.8	1	H40	And Abimelech
Gen.20.8	2	H7925	rose early
Gen.20.8	3	H1242	in the morning,
Gen.20.8	4	H7121	and called
Gen.20.8	5	H5650	all his servants,
Gen.20.8	6	H1696	and told
Gen.20.8	7	H1697	all these things
Gen.20.8	8	H241	in their ears:
Gen.20.8	9	H582	and the men
Gen.20.8	10	H3966	were sore
Gen.20.8	11	H3372	afraid.
Gen.20.9	1	H40	Then Abimelech
Gen.20.9	2	H7121	called
Gen.20.9	3	H85	Abraham,
Gen.20.9	4	H559	and said
Gen.20.9	5	H6213	unto him, What hast thou done
Gen.20.9	6	H2398	unto us? and wherein have I sinned
Gen.20.9	7	H935	against thee, that thou hast brought
Gen.20.9	8	H4467	on me and on my kingdom
Gen.20.9	9	H1419	a great
Gen.20.9	10	H2401	sin?
Gen.20.9	11	H6213	thou hast done
Gen.20.9	12	H4639	deeds
Gen.20.9	13	H6213	unto me that ought not to be done.
Gen.20.10	1	H40	And Abimelech
Gen.20.10	2	H559	said
Gen.20.10	3	H85	unto Abraham,
Gen.20.10	4	H4100	What
Gen.20.10	5	H7200	sawest thou,
Gen.20.10	6	H6213	that thou hast done
Gen.20.10	7	H1697	this thing?
Gen.20.11	1	H85	And Abraham
Gen.20.11	2	H559	said,
Gen.20.11	3	H559	Because I thought,
Gen.20.11	4	H7535	Surely
Gen.20.11	5	H3374	the fear
Gen.20.11	6	H430	of God
Gen.20.11	7	H4725	is not in this place;
Gen.20.11	8	H2026	and they will slay me
Gen.20.11	9	H802	for my wife's
Gen.20.11	10	H1697	sake.
Gen.20.12	1	H546	And moreover she is indeed
Gen.20.12	2	H269	my sister,
Gen.20.12	3	H1323	the daughter
Gen.20.12	4	H1	of my father,
Gen.20.12	5	H1323	but not the daughter
Gen.20.12	6	H517	of my mother;
Gen.20.12	7	H802	and she became my wife:
Gen.20.13	1	H430	and it came to pass, when God
Gen.20.13	2	H8582	caused me to wander
Gen.20.13	3	H1	from my father's
Gen.20.13	4	H1004	house,
Gen.20.13	5	H559	that I said
Gen.20.13	6	H2617	unto her, This is thy kindness
Gen.20.13	7	H6213	which thou shalt show
Gen.20.13	8	H4725	unto me: at every place
Gen.20.13	9	H935	whither we shall come,
Gen.20.13	10	H559	say
Gen.20.13	11	H251	of me, He is my brother.
Gen.20.14	1	H40	And Abimelech
Gen.20.14	2	H3947	took
Gen.20.14	3	H6629	sheep
Gen.20.14	4	H1241	and oxen,
Gen.20.14	5	H5650	and men-servants
Gen.20.14	6	H8198	and women-servants,
Gen.20.14	7	H5414	and gave
Gen.20.14	8	H85	them unto Abraham,
Gen.20.14	9	H7725	and restored
Gen.20.14	10	H8283	him Sarah
Gen.20.14	11	H802	his wife.
Gen.20.15	1	H40	And Abimelech
Gen.20.15	2	H559	said,
Gen.20.15	3	H776	Behold, my land
Gen.20.15	4	H3427	is before thee: dwell
Gen.20.15	5	H2896	where it pleaseth thee.
Gen.20.16	1	H8283	And unto Sarah
Gen.20.16	2	H559	he said,
Gen.20.16	3	H5414	Behold, I have given
Gen.20.16	4	H251	thy brother
Gen.20.16	5	H505	a thousand
Gen.20.16	6	H3701	pieces of silver:
Gen.20.16	7	H3682	behold, it is for thee a covering
Gen.20.16	8	H5869	of the eyes
Gen.20.16	9	H3198	to all that are with thee; and in respect of all thou art righted.
Gen.20.17	1	H85	And Abraham
Gen.20.17	2	H6419	prayed
Gen.20.17	3	H430	unto God:
Gen.20.17	4	H430	and God
Gen.20.17	5	H7495	healed
Gen.20.17	6	H40	Abimelech,
Gen.20.17	7	H802	and his wife,
Gen.20.17	8	H519	and his maid-servants;
Gen.20.17	9	H3205	and they bare children.
Gen.20.18	1	H3068	For Jehovah
Gen.20.18	2	H6113	had fast
Gen.20.18	3	H6113	closed up
Gen.20.18	4	H7358	all the wombs
Gen.20.18	5	H1004	of the house
Gen.20.18	6	H40	of Abimelech,
Gen.20.18	7	H1697	because
Gen.20.18	8	H8283	of Sarah,
Gen.20.18	9	H85	Abraham's
Gen.20.18	10	H802	wife.
Gen.21.1	1	H3068	And Jehovah
Gen.21.1	2	H6485	visited
Gen.21.1	3	H8283	Sarah
Gen.21.1	4	H559	as he had said,
Gen.21.1	5	H3068	and Jehovah
Gen.21.1	6	H6213	did
Gen.21.1	7	H8283	unto Sarah
Gen.21.1	8	H1696	as he had spoken.
Gen.21.2	1	H8283	And Sarah
Gen.21.2	2	H2029	conceived,
Gen.21.2	3	H3205	and bare
Gen.21.2	4	H85	Abraham
Gen.21.2	5	H1121	a son
Gen.21.2	6	H2208	in his old age,
Gen.21.2	7	H4150	at the set time
Gen.21.2	8	H430	of which God
Gen.21.2	9	H1696	had spoken to him.
Gen.21.3	1	H85	And Abraham
Gen.21.3	2	H7121	called
Gen.21.3	3	H8034	the name
Gen.21.3	4	H1121	of his son
Gen.21.3	5	H3205	that was born
Gen.21.3	6	H8283	unto him, whom Sarah
Gen.21.3	7	H3205	bare
Gen.21.3	8	H3327	to him, Isaac.
Gen.21.4	1	H85	And Abraham
Gen.21.4	2	H4135	circumcised
Gen.21.4	3	H1121	his son
Gen.21.4	4	H3327	Isaac
Gen.21.4	5	H8083	when he was eight
Gen.21.4	6	H3117	days
Gen.21.4	7	H1121	old,
Gen.21.4	8	H430	as God
Gen.21.4	9	H6680	had commanded him.
Gen.21.5	1	H85	And Abraham
Gen.21.5	2	H3967	was a hundred
Gen.21.5	3	H8141	years
Gen.21.5	4	H1121	old,
Gen.21.5	5	H1121	when his son
Gen.21.5	6	H3327	Isaac
Gen.21.5	7	H3205	was born unto him.
Gen.21.6	1	H8283	And Sarah
Gen.21.6	2	H559	said,
Gen.21.6	3	H430	God
Gen.21.6	4	H6213	hath made
Gen.21.6	5	H6712	me to laugh;
Gen.21.6	6	H8085	every one that heareth
Gen.21.6	7	H6711	will laugh with me.
Gen.21.7	1	H559	And she said,
Gen.21.7	2	H4448	Who would have said
Gen.21.7	3	H85	unto Abraham,
Gen.21.7	4	H8283	that Sarah
Gen.21.7	5	H1121	should give children
Gen.21.7	6	H3243	suck?
Gen.21.7	7	H3205	for I have borne
Gen.21.7	8	H1121	him a son
Gen.21.7	9	H2208	in his old age.
Gen.21.8	1	H3206	And the child
Gen.21.8	2	H1431	grew,
Gen.21.8	3	H1580	and was weaned:
Gen.21.8	4	H85	and Abraham
Gen.21.8	5	H6213	made
Gen.21.8	6	H1419	a great
Gen.21.8	7	H4960	feast
Gen.21.8	8	H3117	on the day
Gen.21.8	9	H3327	that Isaac
Gen.21.8	10	H1580	was weaned.
Gen.21.9	1	H8283	And Sarah
Gen.21.9	2	H7200	saw
Gen.21.9	3	H1121	the son
Gen.21.9	4	H1904	of Hagar
Gen.21.9	5	H4713	the Egyptian,
Gen.21.9	6	H3205	whom she had borne
Gen.21.9	7	H85	unto Abraham,
Gen.21.9	8	H6711	mocking.
Gen.21.10	1	H559	Wherefore she said
Gen.21.10	2	H85	unto Abraham,
Gen.21.10	3	H1644	Cast out
Gen.21.10	4	H519	this handmaid
Gen.21.10	5	H1121	and her son:
Gen.21.10	6	H1121	for the son
Gen.21.10	7	H519	of this handmaid
Gen.21.10	8	H3423	shall not be heir
Gen.21.10	9	H1121	with my son,
Gen.21.10	10	H3327	even with Isaac.
Gen.21.11	1	H1697	And the thing
Gen.21.11	2	H3966	was very
Gen.21.11	3	H3415	grievous
Gen.21.11	4	H85	in Abraham's
Gen.21.11	5	H5869	sight
Gen.21.11	6	H182	on account
Gen.21.11	7	H1121	of his son.
Gen.21.12	1	H430	And God
Gen.21.12	2	H559	said
Gen.21.12	3	H85	unto Abraham,
Gen.21.12	4	H3415	Let it not be grievous
Gen.21.12	5	H5869	in thy sight
Gen.21.12	6	H5288	because of the lad,
Gen.21.12	7	H519	and because of thy handmaid;
Gen.21.12	8	H8283	in all that Sarah
Gen.21.12	9	H559	saith
Gen.21.12	10	H8085	unto thee, hearken
Gen.21.12	11	H6963	unto her voice;
Gen.21.12	12	H3327	for in Isaac
Gen.21.12	13	H2233	shall thy seed
Gen.21.12	14	H7121	be called.
Gen.21.13	1	H1121	And also of the son
Gen.21.13	2	H519	of the handmaid
Gen.21.13	3	H7760	will I make
Gen.21.13	4	H1471	a nation,
Gen.21.13	5	H2233	because he is thy seed.
Gen.21.14	1	H85	And Abraham
Gen.21.14	2	H7925	rose up early
Gen.21.14	3	H1242	in the morning,
Gen.21.14	4	H3947	and took
Gen.21.14	5	H3899	bread
Gen.21.14	6	H2573	and a bottle
Gen.21.14	7	H4325	of water,
Gen.21.14	8	H5414	and gave
Gen.21.14	9	H1904	it unto Hagar,
Gen.21.14	10	H7760	putting
Gen.21.14	11	H7926	it on her shoulder,
Gen.21.14	12	H3206	and gave her the child,
Gen.21.14	13	H7971	and sent her away:
Gen.21.14	14	H3212	and she departed,
Gen.21.14	15	H8582	and wandered
Gen.21.14	16	H4057	in the wilderness
Gen.21.14	17	H884	of Beer-sheba.
Gen.21.15	1	H4325	And the water
Gen.21.15	2	H4480	in
Gen.21.15	3	H2573	the bottle
Gen.21.15	4	H3615	was spent,
Gen.21.15	5	H7993	and she cast
Gen.21.15	6	H3206	the child
Gen.21.15	7	H259	under one
Gen.21.15	8	H7880	of the shrubs.
Gen.21.16	1	H3212	And she went,
Gen.21.16	2	H3427	and sat her down
Gen.21.16	3	H5048	over against
Gen.21.16	4	H7368	him a good way off,
Gen.21.16	5	H2909	as it were a bowshot:
Gen.21.16	6	H559	for she said,
Gen.21.16	7	H7200	Let me not look
Gen.21.16	8	H4194	upon the death
Gen.21.16	9	H3206	of the child.
Gen.21.16	10	H3427	And she sat
Gen.21.16	11	H5375	over against him, and lifted up
Gen.21.16	12	H6963	her voice,
Gen.21.16	13	H1058	and wept.
Gen.21.17	1	H430	And God
Gen.21.17	2	H8085	heard
Gen.21.17	3	H6963	the voice
Gen.21.17	4	H5288	of the lad;
Gen.21.17	5	H4397	and the angel
Gen.21.17	6	H430	of God
Gen.21.17	7	H7121	called
Gen.21.17	8	H1904	to Hagar
Gen.21.17	9	H8064	out of heaven,
Gen.21.17	10	H559	and said
Gen.21.17	11	H1904	unto her, What aileth thee, Hagar?
Gen.21.17	12	H3372	fear
Gen.21.17	13	H430	not; for God
Gen.21.17	14	H8085	hath heard
Gen.21.17	15	H6963	the voice
Gen.21.17	16	H5288	of the lad where he is.
Gen.21.18	1	H6965	Arise,
Gen.21.18	2	H5375	lift up
Gen.21.18	3	H5288	the lad,
Gen.21.18	4	H2388	and hold
Gen.21.18	5	H3027	him in thy hand;
Gen.21.18	6	H7760	for I will make
Gen.21.18	7	H1419	him a great
Gen.21.18	8	H1471	nation.
Gen.21.19	1	H430	And God
Gen.21.19	2	H6491	opened
Gen.21.19	3	H5869	her eyes,
Gen.21.19	4	H7200	and she saw
Gen.21.19	5	H875	a well
Gen.21.19	6	H4325	of water;
Gen.21.19	7	H3212	and she went,
Gen.21.19	8	H4390	and filled
Gen.21.19	9	H2573	the bottle
Gen.21.19	10	H4325	with water,
Gen.21.19	11	H8248	and gave
Gen.21.19	12	H5288	the lad
Gen.21.19	13	H8248	drink.
Gen.21.20	1	H430	And God
Gen.21.20	2	H5288	was with the lad,
Gen.21.20	3	H1431	and he grew;
Gen.21.20	4	H3427	and he dwelt
Gen.21.20	5	H4057	in the wilderness,
Gen.21.20	6	H7235	and became, as he grew up, an archer.
Gen.21.21	1	H3427	And he dwelt
Gen.21.21	2	H4057	in the wilderness
Gen.21.21	3	H6290	of Paran:
Gen.21.21	4	H517	and his mother
Gen.21.21	5	H3947	took
Gen.21.21	6	H802	him a wife
Gen.21.21	7	H776	out of the land
Gen.21.21	8	H4714	of Egypt.
Gen.21.22	1	H6256	And it came to pass at that time,
Gen.21.22	2	H40	that Abimelech
Gen.21.22	3	H6369	and Phicol
Gen.21.22	4	H8269	the captain
Gen.21.22	5	H6635	of his host
Gen.21.22	6	H559	spake
Gen.21.22	7	H85	unto Abraham,
Gen.21.22	8	H559	saying,
Gen.21.22	9	H430	God
Gen.21.22	10	H6213	is with thee in all that thou doest:
Gen.21.23	1	H7650	now therefore swear
Gen.21.23	2	H2008	unto me here
Gen.21.23	3	H430	by God
Gen.21.23	4	H8266	that thou wilt not deal falsely
Gen.21.23	5	H5209	with me, nor with my son,
Gen.21.23	6	H5220	nor with my son's son:
Gen.21.23	7	H2617	but according to the kindness
Gen.21.23	8	H6213	that I have done
Gen.21.23	9	H6213	unto thee, thou shalt do
Gen.21.23	10	H776	unto me, and to the land
Gen.21.23	11	H1481	wherein thou hast sojourned.
Gen.21.24	1	H85	And Abraham
Gen.21.24	2	H559	said,
Gen.21.24	3	H7650	I will swear.
Gen.21.25	1	H85	And Abraham
Gen.21.25	2	H3198	reproved
Gen.21.25	3	H40	Abimelech
Gen.21.25	4	H182	because
Gen.21.25	5	H875	of the well
Gen.21.25	6	H4325	of water,
Gen.21.25	7	H40	which Abimelech's
Gen.21.25	8	H5650	servants
Gen.21.25	9	H1497	had violently taken away.
Gen.21.26	1	H40	And Abimelech
Gen.21.26	2	H559	said,
Gen.21.26	3	H3045	I know
Gen.21.26	4	H6213	not who hath done
Gen.21.26	5	H1697	this thing:
Gen.21.26	6	H3808	neither
Gen.21.26	7	H5046	didst thou tell
Gen.21.26	8	H3808	me, neither
Gen.21.26	9	H8085	yet heard
Gen.21.26	10	H1115	I of it, but
Gen.21.26	11	H3117	to-day.
Gen.21.27	1	H85	And Abraham
Gen.21.27	2	H3947	took
Gen.21.27	3	H6629	sheep
Gen.21.27	4	H1241	and oxen,
Gen.21.27	5	H5414	and gave
Gen.21.27	6	H8147	them
Gen.21.27	7	H40	unto Abimelech;
Gen.21.27	8	H3772	and they two made
Gen.21.27	9	H1285	a covenant.
Gen.21.28	1	H85	And Abraham
Gen.21.28	2	H5324	set
Gen.21.28	3	H7651	seven
Gen.21.28	4	H3535	ewe lambs
Gen.21.28	5	H6629	of the flock by themselves.
Gen.21.29	1	H40	And Abimelech
Gen.21.29	2	H559	said
Gen.21.29	3	H85	unto Abraham,
Gen.21.29	4	H2008	What
Gen.21.29	5	H7651	mean these seven
Gen.21.29	6	H3535	ewe lambs
Gen.21.29	7	H5324	which thou hast set by themselves?
Gen.21.30	1	H559	And he said,
Gen.21.30	2	H7651	These seven
Gen.21.30	3	H3535	ewe lambs
Gen.21.30	4	H3947	shalt thou take
Gen.21.30	5	H3027	of my hand,
Gen.21.30	6	H5668	that
Gen.21.30	7	H5713	it may be a witness
Gen.21.30	8	H2658	unto me, that I have digged
Gen.21.30	9	H875	this well.
Gen.21.31	1	H7121	Wherefore he called
Gen.21.31	2	H4725	that place
Gen.21.31	3	H884	Beer-sheba;
Gen.21.31	4	H7650	because there they sware
Gen.21.31	5	H8147	both of them.
Gen.21.32	1	H3772	So they made
Gen.21.32	2	H1285	a covenant
Gen.21.32	3	H884	at Beer-sheba:
Gen.21.32	4	H40	and Abimelech
Gen.21.32	5	H6965	rose up,
Gen.21.32	6	H6369	and Phicol
Gen.21.32	7	H8269	the captain
Gen.21.32	8	H6635	of his host,
Gen.21.32	9	H7725	and they returned
Gen.21.32	10	H776	into the land
Gen.21.32	11	H6430	of the Philistines.
Gen.21.33	1	H5193	And Abraham planted
Gen.21.33	2	H815	a tamarisk
Gen.21.33	3	H884	tree in Beer-sheba,
Gen.21.33	4	H7121	and called
Gen.21.33	5	H8034	there on the name
Gen.21.33	6	H3068	of Jehovah,
Gen.21.33	7	H5769	the Everlasting
Gen.21.33	8	H410	God.
Gen.21.34	1	H85	And Abraham
Gen.21.34	2	H1481	sojourned
Gen.21.34	3	H776	in the land
Gen.21.34	4	H6430	of the Philistines
Gen.21.34	5	H7227	many
Gen.21.34	6	H3117	days.
Gen.22.1	1	H310	And it came to pass after
Gen.22.1	2	H1697	these things,
Gen.22.1	3	H430	that God
Gen.22.1	4	H5254	did prove
Gen.22.1	5	H85	Abraham,
Gen.22.1	6	H559	and said
Gen.22.1	7	H85	unto him, Abraham;
Gen.22.1	8	H559	and he said, Here am I.
Gen.22.2	1	H559	And he said,
Gen.22.2	2	H3947	Take now
Gen.22.2	3	H1121	thy son,
Gen.22.2	4	H3173	thine only
Gen.22.2	5	H157	son, whom thou lovest,
Gen.22.2	6	H3327	even Isaac,
Gen.22.2	7	H3212	and get thee
Gen.22.2	8	H776	into the land
Gen.22.2	9	H4179	of Moriah;
Gen.22.2	10	H5927	and offer him
Gen.22.2	11	H5930	there for a burnt-offering
Gen.22.2	12	H259	upon one
Gen.22.2	13	H2022	of the mountains
Gen.22.2	14	H559	which I will tell thee of.
Gen.22.3	1	H85	And Abraham
Gen.22.3	2	H7925	rose early
Gen.22.3	3	H1242	in the morning,
Gen.22.3	4	H2280	and saddled
Gen.22.3	5	H2543	his ass,
Gen.22.3	6	H3947	and took
Gen.22.3	7	H8147	two
Gen.22.3	8	H5288	of his young men
Gen.22.3	9	H3327	with him, and Isaac
Gen.22.3	10	H1121	his son;
Gen.22.3	11	H1234	and he clave
Gen.22.3	12	H6086	the wood
Gen.22.3	13	H5930	for the burnt-offering,
Gen.22.3	14	H6965	and rose up,
Gen.22.3	15	H3212	and went
Gen.22.3	16	H4725	unto the place
Gen.22.3	17	H430	of which God
Gen.22.3	18	H559	had told him.
Gen.22.4	1	H7992	On the third
Gen.22.4	2	H3117	day
Gen.22.4	3	H85	Abraham
Gen.22.4	4	H5375	lifted up
Gen.22.4	5	H5869	his eyes,
Gen.22.4	6	H7200	and saw
Gen.22.4	7	H4725	the place
Gen.22.4	8	H7350	afar off.
Gen.22.5	1	H85	And Abraham
Gen.22.5	2	H559	said
Gen.22.5	3	H5288	unto his young men,
Gen.22.5	4	H3427	Abide
Gen.22.5	5	H2543	ye here with the ass,
Gen.22.5	6	H5288	and I and the lad
Gen.22.5	7	H3212	will go
Gen.22.5	8	H3541	yonder;
Gen.22.5	9	H7812	and we will worship,
Gen.22.5	10	H7725	and come again to you.
Gen.22.6	1	H85	And Abraham
Gen.22.6	2	H3947	took
Gen.22.6	3	H6086	the wood
Gen.22.6	4	H5930	of the burnt-offering,
Gen.22.6	5	H7760	and laid
Gen.22.6	6	H3327	it upon Isaac
Gen.22.6	7	H1121	his son;
Gen.22.6	8	H3947	and he took
Gen.22.6	9	H3027	in his hand
Gen.22.6	10	H784	the fire
Gen.22.6	11	H3979	and the knife;
Gen.22.6	12	H3212	and they went
Gen.22.6	13	H8147	both
Gen.22.6	14	H3162	of them together.
Gen.22.7	1	H3327	And Isaac
Gen.22.7	2	H559	spake
Gen.22.7	3	H85	unto Abraham
Gen.22.7	4	H1	his father,
Gen.22.7	5	H559	and said,
Gen.22.7	6	H1	My father:
Gen.22.7	7	H559	and he said,
Gen.22.7	8	H1121	Here am I, my son.
Gen.22.7	9	H559	And he said,
Gen.22.7	10	H784	Behold, the fire
Gen.22.7	11	H6086	and the wood:
Gen.22.7	12	H7716	but where is the lamb
Gen.22.7	13	H5930	for a burnt-offering?
Gen.22.8	1	H85	And Abraham
Gen.22.8	2	H559	said,
Gen.22.8	3	H430	God
Gen.22.8	4	H1121	will
Gen.22.8	5	H7200	provide
Gen.22.8	6	H7716	himself the lamb
Gen.22.8	7	H5930	for a burnt-offering,
Gen.22.8	8	H3212	my son: so they went
Gen.22.8	9	H8147	both of them
Gen.22.8	10	H3162	together.
Gen.22.9	1	H935	And they came
Gen.22.9	2	H4725	to the place
Gen.22.9	3	H430	which God
Gen.22.9	4	H559	had told
Gen.22.9	5	H85	him of; and Abraham
Gen.22.9	6	H1129	built
Gen.22.9	7	H4196	the altar
Gen.22.9	8	H6186	there, and laid
Gen.22.9	9	H6086	the wood
Gen.22.9	10	H6186	in order,
Gen.22.9	11	H6123	and bound
Gen.22.9	12	H3327	Isaac
Gen.22.9	13	H1121	his son,
Gen.22.9	14	H7760	and laid
Gen.22.9	15	H4196	him on the altar,
Gen.22.9	16	H4605	upon
Gen.22.9	17	H6086	the wood.
Gen.22.10	1	H85	And Abraham
Gen.22.10	2	H7971	stretched forth
Gen.22.10	3	H3027	his hand,
Gen.22.10	4	H3947	and took
Gen.22.10	5	H3979	the knife
Gen.22.10	6	H7819	to slay
Gen.22.10	7	H1121	his son.
Gen.22.11	1	H4397	And the angel
Gen.22.11	2	H3068	of Jehovah
Gen.22.11	3	H7121	called
Gen.22.11	4	H8064	unto him out of heaven,
Gen.22.11	5	H559	and said,
Gen.22.11	6	H85	Abraham,
Gen.22.11	7	H85	Abraham:
Gen.22.11	8	H559	and he said, Here I am.
Gen.22.12	1	H559	And he said,
Gen.22.12	2	H7971	Lay
Gen.22.12	3	H3027	not thy hand
Gen.22.12	4	H413	upon
Gen.22.12	5	H5288	the lad,
Gen.22.12	6	H6213	neither do thou
Gen.22.12	7	H3972	anything
Gen.22.12	8	H6258	unto him; for now
Gen.22.12	9	H3045	I know
Gen.22.12	10	H430	that thou fearest God,
Gen.22.12	11	H3808	seeing thou hast not
Gen.22.12	12	H2820	withheld
Gen.22.12	13	H1121	thy son,
Gen.22.12	14	H3173	thine only
Gen.22.12	15	H1121	son, from me.
Gen.22.13	1	H85	And Abraham
Gen.22.13	2	H5375	lifted up
Gen.22.13	3	H5869	his eyes,
Gen.22.13	4	H7200	and looked,
Gen.22.13	5	H310	and, behold, behind
Gen.22.13	6	H352	him a ram
Gen.22.13	7	H270	caught
Gen.22.13	8	H5442	in the thicket
Gen.22.13	9	H7161	by his horns:
Gen.22.13	10	H85	and Abraham
Gen.22.13	11	H3212	went
Gen.22.13	12	H3947	and took
Gen.22.13	13	H352	the ram,
Gen.22.13	14	H5927	and offered him up
Gen.22.13	15	H5930	for a burnt-offering
Gen.22.13	16	H8478	in the stead
Gen.22.13	17	H1121	of his son.
Gen.22.14	1	H85	And Abraham
Gen.22.14	2	H7121	called
Gen.22.14	3	H8034	the name
Gen.22.14	4	H4725	of that place
Gen.22.14	5	H3070	Jehovah-jireh:
Gen.22.14	6	H834	as
Gen.22.14	7	H559	it is said
Gen.22.14	8	H3117	to this day,
Gen.22.14	9	H2022	In the mount
Gen.22.14	10	H3068	of Jehovah
Gen.22.14	11	H7200	it shall be provided.
Gen.22.15	1	H4397	And the angel
Gen.22.15	2	H3068	of Jehovah
Gen.22.15	3	H7121	called
Gen.22.15	4	H85	unto Abraham
Gen.22.15	5	H8145	a second time
Gen.22.15	6	H8064	out of heaven,
Gen.22.16	1	H559	and said,
Gen.22.16	2	H7650	By myself have I sworn,
Gen.22.16	3	H5002	saith
Gen.22.16	4	H3068	Jehovah,
Gen.22.16	5	H3282	because
Gen.22.16	6	H6213	thou hast done
Gen.22.16	7	H1697	this thing,
Gen.22.16	8	H3808	and hast not
Gen.22.16	9	H2820	withheld
Gen.22.16	10	H1121	thy son,
Gen.22.16	11	H3173	thine only son,
Gen.22.17	1	H1288	that in blessing
Gen.22.17	2	H1288	I will bless
Gen.22.17	3	H7235	thee, and in multiplying
Gen.22.17	4	H7235	I will multiply
Gen.22.17	5	H2233	thy seed
Gen.22.17	6	H3556	as the stars
Gen.22.17	7	H8064	of the heavens,
Gen.22.17	8	H2344	and as the sand
Gen.22.17	9	H3220	which is upon the
Gen.22.17	10	H8193	seashore;
Gen.22.17	11	H2233	and thy seed
Gen.22.17	12	H3423	shall possess
Gen.22.17	13	H8179	the gate
Gen.22.17	14	H341	of his enemies;
Gen.22.18	1	H2233	and in thy seed
Gen.22.18	2	H1471	shall all the nations
Gen.22.18	3	H776	of the earth
Gen.22.18	4	H1288	be blessed;
Gen.22.18	5	H834	because
Gen.22.18	6	H8085	thou hast obeyed
Gen.22.18	7	H6963	my voice.
Gen.22.19	1	H85	So Abraham
Gen.22.19	2	H7725	returned
Gen.22.19	3	H5288	unto his young men,
Gen.22.19	4	H6965	and they rose up
Gen.22.19	5	H3212	and went
Gen.22.19	6	H3162	together
Gen.22.19	7	H884	to Beer-sheba;
Gen.22.19	8	H85	and Abraham
Gen.22.19	9	H3427	dwelt
Gen.22.19	10	H884	at Beer-sheba.
Gen.22.20	1	H310	And it came to pass after
Gen.22.20	2	H1697	these things,
Gen.22.20	3	H5046	that it was told
Gen.22.20	4	H85	Abraham,
Gen.22.20	5	H559	saying,
Gen.22.20	6	H4435	Behold, Milcah,
Gen.22.20	7	H3205	she also hath borne
Gen.22.20	8	H1121	children
Gen.22.20	9	H251	unto thy brother
Gen.22.20	10	H5152	Nahor:
Gen.22.21	1	H5780	Uz
Gen.22.21	2	H1060	his first-born,
Gen.22.21	3	H938	and Buz
Gen.22.21	4	H251	his brother,
Gen.22.21	5	H7055	and Kemuel
Gen.22.21	6	H1	the father
Gen.22.21	7	H758	of Aram,
Gen.22.22	1	H3777	and Chesed,
Gen.22.22	2	H2375	and Hazo,
Gen.22.22	3	H6394	and Pildash,
Gen.22.22	4	H3044	and Jidlaph,
Gen.22.22	5	H1328	and Bethuel.
Gen.22.23	1	H1328	And Bethuel
Gen.22.23	2	H3205	begat
Gen.22.23	3	H7259	Rebekah:
Gen.22.23	4	H8083	these eight
Gen.22.23	5	H4435	did Milcah
Gen.22.23	6	H3205	bear
Gen.22.23	7	H5152	to Nahor,
Gen.22.23	8	H85	Abraham's
Gen.22.23	9	H251	brother.
Gen.22.24	1	H6370	And his concubine,
Gen.22.24	2	H8034	whose name
Gen.22.24	3	H7208	was Reumah,
Gen.22.24	4	H3205	she also bare
Gen.22.24	5	H2875	Tebah,
Gen.22.24	6	H1514	and Gaham,
Gen.22.24	7	H8477	and Tahash,
Gen.22.24	8	H4601	and Maacah.
Gen.23.1	1	H8283	And the life of Sarah
Gen.23.1	2	H2416	was
Gen.23.1	3	H3967	a hundred
Gen.23.1	4	H7651	and seven
Gen.23.1	5	H6242	and twenty
Gen.23.1	6	H8141	years:
Gen.23.1	7	H8141	these were the years
Gen.23.1	8	H2416	of the life
Gen.23.1	9	H8283	of Sarah.
Gen.23.2	1	H8283	And Sarah
Gen.23.2	2	H4191	died
Gen.23.2	3	H7153	in Kiriath-arba
Gen.23.2	4	H2275	(the same is Hebron),
Gen.23.2	5	H776	in the land
Gen.23.2	6	H3667	of Canaan:
Gen.23.2	7	H85	and Abraham
Gen.23.2	8	H935	came
Gen.23.2	9	H5594	to mourn
Gen.23.2	10	H8283	for Sarah,
Gen.23.2	11	H1058	and to weep for her.
Gen.23.3	1	H85	And Abraham
Gen.23.3	2	H6965	rose up
Gen.23.3	3	H6440	from before
Gen.23.3	4	H4191	his dead,
Gen.23.3	5	H1696	and spake
Gen.23.3	6	H1121	unto the children
Gen.23.3	7	H2845	of Heth,
Gen.23.3	8	H559	saying,
Gen.23.4	1	H1616	I am a stranger
Gen.23.4	2	H8453	and a sojourner
Gen.23.4	3	H5414	with you: give
Gen.23.4	4	H272	me a possession
Gen.23.4	5	H6913	of a burying-place
Gen.23.4	6	H6912	with you, that I may bury
Gen.23.4	7	H4191	my dead
Gen.23.4	8	H6440	out of my sight.
Gen.23.5	1	H1121	And the children
Gen.23.5	2	H2845	of Heth
Gen.23.5	3	H6030	answered
Gen.23.5	4	H85	Abraham,
Gen.23.5	5	H559	saying unto him,
Gen.23.6	1	H8085	Hear us,
Gen.23.6	2	H113	my lord;
Gen.23.6	3	H5387	thou art a prince
Gen.23.6	4	H430	of God
Gen.23.6	5	H8432	among us:
Gen.23.6	6	H4005	in the choice
Gen.23.6	7	H6913	of our sepulchres
Gen.23.6	8	H6912	bury
Gen.23.6	9	H4191	thy dead;
Gen.23.6	10	H3808	none
Gen.23.6	11	H3607	of us shall withhold
Gen.23.6	12	H6913	from thee his sepulchre,
Gen.23.6	13	H6912	but that thou mayest bury
Gen.23.6	14	H4191	thy dead.
Gen.23.7	1	H85	And Abraham
Gen.23.7	2	H6965	rose up,
Gen.23.7	3	H7812	and bowed
Gen.23.7	4	H5971	himself to the people
Gen.23.7	5	H776	of the land,
Gen.23.7	6	H1121	even to the children
Gen.23.7	7	H2845	of Heth.
Gen.23.8	1	H1696	And he communed
Gen.23.8	2	H559	with them, saying,
Gen.23.8	3	H3426	If it be
Gen.23.8	4	H5315	your mind
Gen.23.8	5	H6912	that I should bury
Gen.23.8	6	H4191	my dead
Gen.23.8	7	H6440	out of my sight,
Gen.23.8	8	H8085	hear
Gen.23.8	9	H6293	me, and entreat
Gen.23.8	10	H6085	for me to Ephron
Gen.23.8	11	H1121	the son
Gen.23.8	12	H6714	of Zohar,
Gen.23.9	1	H5414	that he may give
Gen.23.9	2	H4631	me the cave
Gen.23.9	3	H4375	of Machpelah,
Gen.23.9	4	H7097	which he hath, which is in the end
Gen.23.9	5	H7704	of his field;
Gen.23.9	6	H4392	for the
Gen.23.9	7	H4392	full
Gen.23.9	8	H3701	price
Gen.23.9	9	H5414	let him give it
Gen.23.9	10	H8432	to me in the midst of you
Gen.23.9	11	H272	for a possession
Gen.23.9	12	H6913	of a burying-place.
Gen.23.10	1	H6085	Now Ephron
Gen.23.10	2	H3427	was sitting
Gen.23.10	3	H8432	in the midst
Gen.23.10	4	H1121	of the children
Gen.23.10	5	H2845	of Heth:
Gen.23.10	6	H6085	and Ephron
Gen.23.10	7	H2850	the Hittite
Gen.23.10	8	H6030	answered
Gen.23.10	9	H85	Abraham
Gen.23.10	10	H241	in the audience
Gen.23.10	11	H1121	of the children
Gen.23.10	12	H2845	of Heth,
Gen.23.10	13	H935	even of all that went in
Gen.23.10	14	H8179	at the gate
Gen.23.10	15	H5892	of his city,
Gen.23.10	16	H559	saying,
Gen.23.11	1	H3808	Nay,
Gen.23.11	2	H113	my lord,
Gen.23.11	3	H8085	hear me:
Gen.23.11	4	H7704	the field
Gen.23.11	5	H5414	give I
Gen.23.11	6	H4631	thee, and the cave
Gen.23.11	7	H5414	that is therein, I give it
Gen.23.11	8	H5869	thee; in the presence
Gen.23.11	9	H1121	of the children
Gen.23.11	10	H5971	of my people
Gen.23.11	11	H5414	give
Gen.23.11	12	H6912	I it thee: bury
Gen.23.11	13	H4191	thy dead.
Gen.23.12	1	H85	And Abraham
Gen.23.12	2	H7812	bowed himself down
Gen.23.12	3	H6440	before
Gen.23.12	4	H5971	the people
Gen.23.12	5	H776	of the land.
Gen.23.13	1	H1696	And he spake
Gen.23.13	2	H6085	unto Ephron
Gen.23.13	3	H241	in the audience
Gen.23.13	4	H5971	of the people
Gen.23.13	5	H776	of the land,
Gen.23.13	6	H559	saying,
Gen.23.13	7	H8085	But if thou wilt, I pray thee, hear
Gen.23.13	8	H5414	me: I will give
Gen.23.13	9	H3701	the price
Gen.23.13	10	H7704	of the field;
Gen.23.13	11	H3947	take
Gen.23.13	12	H6912	it of me, and I will bury
Gen.23.13	13	H4191	my dead there.
Gen.23.14	1	H6085	And Ephron
Gen.23.14	2	H6030	answered
Gen.23.14	3	H85	Abraham,
Gen.23.14	4	H559	saying unto him,
Gen.23.15	1	H113	My lord,
Gen.23.15	2	H8085	hearken
Gen.23.15	3	H776	unto me: a piece of land
Gen.23.15	4	H702	worth four
Gen.23.15	5	H3967	hundred
Gen.23.15	6	H8255	shekels
Gen.23.15	7	H3701	of silver,
Gen.23.15	8	H996	what is that betwixt
Gen.23.15	9	H6912	me and thee? bury
Gen.23.15	10	H4191	therefore thy dead.
Gen.23.16	1	H85	And Abraham
Gen.23.16	2	H8085	hearkened
Gen.23.16	3	H6085	unto Ephron;
Gen.23.16	4	H85	and Abraham
Gen.23.16	5	H8254	weighed
Gen.23.16	6	H6085	to Ephron
Gen.23.16	7	H3701	the silver
Gen.23.16	8	H1696	which he had named
Gen.23.16	9	H241	in the audience
Gen.23.16	10	H1121	of the children
Gen.23.16	11	H2845	of Heth,
Gen.23.16	12	H702	four
Gen.23.16	13	H3967	hundred
Gen.23.16	14	H8255	shekels
Gen.23.16	15	H3701	of silver,
Gen.23.16	16	H5674	current
Gen.23.16	17	H5503	money with the merchant.
Gen.23.17	1	H7704	So the field
Gen.23.17	2	H6085	of Ephron,
Gen.23.17	3	H4375	which was in Machpelah,
Gen.23.17	4	H6440	which was before
Gen.23.17	5	H4471	Mamre,
Gen.23.17	6	H7704	the field,
Gen.23.17	7	H4631	and the cave
Gen.23.17	8	H6086	which was therein, and all the trees
Gen.23.17	9	H7704	that were in the field,
Gen.23.17	10	H1366	that were in all the border
Gen.23.17	11	H5439	thereof round about,
Gen.23.17	12	H6965	were made sure
Gen.23.18	1	H85	unto Abraham
Gen.23.18	2	H4736	for a possession
Gen.23.18	3	H5869	in the presence
Gen.23.18	4	H1121	of the children
Gen.23.18	5	H2845	of Heth,
Gen.23.18	6	H935	before all that went in
Gen.23.18	7	H8179	at the gate
Gen.23.18	8	H5892	of his city.
Gen.23.19	1	H310	And after
Gen.23.19	2	H3651	this,
Gen.23.19	3	H85	Abraham
Gen.23.19	4	H6912	buried
Gen.23.19	5	H8283	Sarah
Gen.23.19	6	H802	his wife
Gen.23.19	7	H4631	in the cave
Gen.23.19	8	H7704	of the field
Gen.23.19	9	H4375	of Machpelah
Gen.23.19	10	H6440	before
Gen.23.19	11	H4471	Mamre
Gen.23.19	12	H2275	(the same is Hebron),
Gen.23.19	13	H776	in the land
Gen.23.19	14	H3667	of Canaan.
Gen.23.20	1	H7704	And the field,
Gen.23.20	2	H4631	and the cave
Gen.23.20	3	H6965	that is therein, were made sure
Gen.23.20	4	H85	unto Abraham
Gen.23.20	5	H272	for a possession
Gen.23.20	6	H6913	of a burying-place
Gen.23.20	7	H1121	by the children
Gen.23.20	8	H2845	of Heth.
Gen.24.1	1	H85	And Abraham
Gen.24.1	2	H2204	was old,
Gen.24.1	3	H935	and well stricken
Gen.24.1	4	H3117	in age:
Gen.24.1	5	H3068	and Jehovah
Gen.24.1	6	H1288	had blessed
Gen.24.1	7	H85	Abraham in all things.
Gen.24.2	1	H85	And Abraham
Gen.24.2	2	H559	said
Gen.24.2	3	H5650	unto his servant,
Gen.24.2	4	H2205	the elder
Gen.24.2	5	H1004	of his house,
Gen.24.2	6	H4910	that ruled over
Gen.24.2	7	H7760	all that he had, Put,
Gen.24.2	8	H3027	I pray thee, thy hand
Gen.24.2	9	H3409	under my thigh:
Gen.24.3	1	H7650	and I will make thee swear
Gen.24.3	2	H3068	by Jehovah,
Gen.24.3	3	H430	the God
Gen.24.3	4	H8064	of heaven
Gen.24.3	5	H430	and the God
Gen.24.3	6	H776	of the earth,
Gen.24.3	7	H3947	that thou wilt not take
Gen.24.3	8	H802	a wife
Gen.24.3	9	H1121	for my son
Gen.24.3	10	H1323	of the daughters
Gen.24.3	11	H3669	of the Canaanites,
Gen.24.3	12	H7130	among
Gen.24.3	13	H3427	whom I dwell:
Gen.24.4	1	H3212	but thou shalt go
Gen.24.4	2	H776	unto my country,
Gen.24.4	3	H4138	and to my kindred,
Gen.24.4	4	H3947	and take
Gen.24.4	5	H802	a wife
Gen.24.4	6	H1121	for my son
Gen.24.4	7	H3327	Isaac.
Gen.24.5	1	H5650	And the servant
Gen.24.5	2	H559	said
Gen.24.5	3	H802	unto him, Peradventure the woman
Gen.24.5	4	H14	will not be willing
Gen.24.5	5	H3212	to follow
Gen.24.5	6	H310	me
Gen.24.5	7	H776	unto this land:
Gen.24.5	8	H7725	must I needs bring
Gen.24.5	9	H1121	thy son
Gen.24.5	10	H7725	again
Gen.24.5	11	H776	unto the land
Gen.24.5	12	H3318	from whence thou camest?
Gen.24.6	1	H85	And Abraham
Gen.24.6	2	H559	said
Gen.24.6	3	H8104	unto him, Beware
Gen.24.6	4	H7725	thou that thou bring
Gen.24.6	5	H6435	not
Gen.24.6	6	H1121	my son
Gen.24.6	7	H7725	thither again.
Gen.24.7	1	H3068	Jehovah,
Gen.24.7	2	H430	the God
Gen.24.7	3	H8064	of heaven,
Gen.24.7	4	H3947	who took me
Gen.24.7	5	H1	from my father's
Gen.24.7	6	H1004	house,
Gen.24.7	7	H776	and from the land
Gen.24.7	8	H4138	of my nativity,
Gen.24.7	9	H1696	and who spake
Gen.24.7	10	H7650	unto me, and who sware
Gen.24.7	11	H559	unto me, saying,
Gen.24.7	12	H2233	Unto thy seed
Gen.24.7	13	H5414	will I give
Gen.24.7	14	H776	this land;
Gen.24.7	15	H7971	he will send
Gen.24.7	16	H4397	his angel
Gen.24.7	17	H6440	before thee,
Gen.24.7	18	H3947	and thou shalt take
Gen.24.7	19	H802	a wife
Gen.24.7	20	H1121	for my son from thence.
Gen.24.8	1	H802	And if the woman
Gen.24.8	2	H14	be not willing
Gen.24.8	3	H3212	to follow
Gen.24.8	4	H310	thee,
Gen.24.8	5	H5352	then thou shalt be clear
Gen.24.8	6	H7621	from this my oath;
Gen.24.8	7	H7725	only thou shalt not bring
Gen.24.8	8	H1121	my son
Gen.24.8	9	H7725	thither again.
Gen.24.9	1	H5650	And the servant
Gen.24.9	2	H7760	put
Gen.24.9	3	H3027	his hand
Gen.24.9	4	H3409	under the thigh
Gen.24.9	5	H85	of Abraham
Gen.24.9	6	H113	his master,
Gen.24.9	7	H7650	and sware
Gen.24.9	8	H5921	to him concerning
Gen.24.9	9	H2088	this
Gen.24.9	10	H1697	matter.
Gen.24.10	1	H5650	And the servant
Gen.24.10	2	H3947	took
Gen.24.10	3	H6235	ten
Gen.24.10	4	H1581	camels,
Gen.24.10	5	H1581	of the camels
Gen.24.10	6	H113	of his master,
Gen.24.10	7	H3212	and departed,
Gen.24.10	8	H2898	having all goodly things
Gen.24.10	9	H113	of his master's
Gen.24.10	10	H3027	in his hand:
Gen.24.10	11	H6965	and he arose,
Gen.24.10	12	H3212	and went
Gen.24.10	13	H763	to Mesopotamia,
Gen.24.10	14	H5892	unto the city
Gen.24.10	15	H5152	of Nahor.
Gen.24.11	1	H1288	And he made
Gen.24.11	2	H1581	the camels
Gen.24.11	3	H1288	to kneel down
Gen.24.11	4	H2351	without
Gen.24.11	5	H5892	the city
Gen.24.11	6	H413	by
Gen.24.11	7	H875	the well
Gen.24.11	8	H4325	of water
Gen.24.11	9	H6256	at the time
Gen.24.11	10	H6153	of evening,
Gen.24.11	11	H6256	the time
Gen.24.11	12	H3318	that women go out
Gen.24.11	13	H7579	to draw water.
Gen.24.12	1	H559	And he said,
Gen.24.12	2	H3068	O Jehovah,
Gen.24.12	3	H430	the God
Gen.24.12	4	H113	of my master
Gen.24.12	5	H85	Abraham,
Gen.24.12	6	H6440	send me,
Gen.24.12	7	H7136	I pray thee, good speed
Gen.24.12	8	H3117	this day,
Gen.24.12	9	H6213	and show
Gen.24.12	10	H2617	kindness
Gen.24.12	11	H5973	unto
Gen.24.12	12	H113	my master
Gen.24.12	13	H85	Abraham.
Gen.24.13	1	H5324	Behold, I am standing
Gen.24.13	2	H5869	by the fountain
Gen.24.13	3	H4325	of water;
Gen.24.13	4	H1323	and the daughters
Gen.24.13	5	H582	of the men
Gen.24.13	6	H5892	of the city
Gen.24.13	7	H3318	are coming out
Gen.24.13	8	H7579	to draw
Gen.24.13	9	H4325	water:
Gen.24.14	1	H5291	and let it come to pass, that the damsel
Gen.24.14	2	H559	to whom I shall say,
Gen.24.14	3	H5186	Let down
Gen.24.14	4	H3537	thy pitcher,
Gen.24.14	5	H8354	I pray thee, that I may drink;
Gen.24.14	6	H559	and she shall say,
Gen.24.14	7	H8354	Drink,
Gen.24.14	8	H8248	and I will give
Gen.24.14	9	H1581	thy camels
Gen.24.14	10	H8248	drink
Gen.24.14	11	H3198	also: let the same be she that thou hast appointed
Gen.24.14	12	H5650	for thy servant
Gen.24.14	13	H3327	Isaac;
Gen.24.14	14	H3045	and thereby shall I know
Gen.24.14	15	H6213	that thou hast showed
Gen.24.14	16	H2617	kindness
Gen.24.14	17	H113	unto my master.
Gen.24.15	1	H3615	And it came to pass, before he had done
Gen.24.15	2	H1696	speaking,
Gen.24.15	3	H7259	that, behold, Rebekah
Gen.24.15	4	H3318	came out,
Gen.24.15	5	H834	who
Gen.24.15	6	H3205	was born
Gen.24.15	7	H1328	to Bethuel
Gen.24.15	8	H1121	the son
Gen.24.15	9	H4435	of Milcah,
Gen.24.15	10	H802	the wife
Gen.24.15	11	H5152	of Nahor,
Gen.24.15	12	H85	Abraham's
Gen.24.15	13	H251	brother,
Gen.24.15	14	H3537	with her pitcher
Gen.24.15	15	H7926	upon her shoulder.
Gen.24.16	1	H5291	And the damsel
Gen.24.16	2	H3966	was very
Gen.24.16	3	H2896	fair
Gen.24.16	4	H4758	to look upon,
Gen.24.16	5	H1330	a virgin,
Gen.24.16	6	H376	neither had any man
Gen.24.16	7	H3045	known
Gen.24.16	8	H3381	her: and she went down
Gen.24.16	9	H5869	to the fountain,
Gen.24.16	10	H4390	and filled
Gen.24.16	11	H3537	her pitcher,
Gen.24.16	12	H5927	and came up.
Gen.24.17	1	H5650	And the servant
Gen.24.17	2	H7323	ran
Gen.24.17	3	H7125	to meet her,
Gen.24.17	4	H559	and said,
Gen.24.17	5	H1572	Give me to drink,
Gen.24.17	6	H4592	I pray thee, a little
Gen.24.17	7	H4325	water
Gen.24.17	8	H3537	from thy pitcher.
Gen.24.18	1	H559	And she said,
Gen.24.18	2	H8354	Drink,
Gen.24.18	3	H113	my lord:
Gen.24.18	4	H4116	and she hasted,
Gen.24.18	5	H3381	and let down
Gen.24.18	6	H3537	her pitcher
Gen.24.18	7	H3027	upon her hand,
Gen.24.18	8	H8248	and gave him drink.
Gen.24.19	1	H3615	And when she had done
Gen.24.19	2	H8248	giving him drink,
Gen.24.19	3	H559	she said,
Gen.24.19	4	H7579	I will draw
Gen.24.19	5	H1581	for thy camels
Gen.24.19	6	H3615	also, until they have done
Gen.24.19	7	H8354	drinking.
Gen.24.20	1	H4116	And she hasted,
Gen.24.20	2	H6168	and emptied
Gen.24.20	3	H3537	her pitcher
Gen.24.20	4	H8268	into the trough,
Gen.24.20	5	H7323	and ran
Gen.24.20	6	H875	again unto the well
Gen.24.20	7	H7579	to draw,
Gen.24.20	8	H7579	and drew
Gen.24.20	9	H1581	for all his camels.
Gen.24.21	1	H376	And the man
Gen.24.21	2	H7583	looked stedfastly
Gen.24.21	3	H2790	on her, holding his peace,
Gen.24.21	4	H3045	to know
Gen.24.21	5	H3068	whether Jehovah
Gen.24.21	6	H6743	had made
Gen.24.21	7	H1870	his journey
Gen.24.21	8	H6743	prosperous
Gen.24.21	9	H518	or not.
Gen.24.22	1	H1581	And it came to pass, as the camels
Gen.24.22	2	H3615	had done
Gen.24.22	3	H8354	drinking,
Gen.24.22	4	H376	that the man
Gen.24.22	5	H3947	took
Gen.24.22	6	H2091	a golden
Gen.24.22	7	H5141	ring
Gen.24.22	8	H1235	of half a shekel
Gen.24.22	9	H4948	weight,
Gen.24.22	10	H8147	and two
Gen.24.22	11	H6781	bracelets
Gen.24.22	12	H3027	for her hands
Gen.24.22	13	H6235	of ten
Gen.24.22	14	H4948	shekels weight
Gen.24.22	15	H2091	of gold,
Gen.24.23	1	H559	and said,
Gen.24.23	2	H4310	Whose
Gen.24.23	3	H1323	daughter
Gen.24.23	4	H859	art thou?
Gen.24.23	5	H5046	tell
Gen.24.23	6	H3426	me, I pray thee. Is there
Gen.24.23	7	H4725	room
Gen.24.23	8	H1	in thy father's
Gen.24.23	9	H1004	house
Gen.24.23	10	H3885	for us to lodge in?
Gen.24.24	1	H559	And she said
Gen.24.24	2	H1323	unto him, I am the daughter
Gen.24.24	3	H1328	of Bethuel
Gen.24.24	4	H1121	the son
Gen.24.24	5	H4435	of Milcah,
Gen.24.24	6	H3205	whom she bare
Gen.24.24	7	H5152	unto Nahor.
Gen.24.25	1	H559	She said
Gen.24.25	2	H1571	moreover unto him, We have both
Gen.24.25	3	H8401	straw
Gen.24.25	4	H4554	and provender
Gen.24.25	5	H7227	enough,
Gen.24.25	6	H1571	and
Gen.24.25	7	H4725	room
Gen.24.25	8	H3885	to lodge in.
Gen.24.26	1	H376	And the man
Gen.24.26	2	H6915	bowed his head,
Gen.24.26	3	H7812	and worshipped
Gen.24.26	4	H3068	Jehovah.
Gen.24.27	1	H559	And he said,
Gen.24.27	2	H1288	Blessed
Gen.24.27	3	H3068	be Jehovah,
Gen.24.27	4	H430	the God
Gen.24.27	5	H113	of my master
Gen.24.27	6	H85	Abraham,
Gen.24.27	7	H5800	who hath not forsaken
Gen.24.27	8	H2617	his lovingkindness
Gen.24.27	9	H571	and his truth
Gen.24.27	10	H113	toward my master:
Gen.24.27	11	H3068	as for me, Jehovah
Gen.24.27	12	H5148	hath led me
Gen.24.27	13	H1870	in the way
Gen.24.27	14	H1004	to the house
Gen.24.27	15	H113	of my master's
Gen.24.27	16	H251	brethren.
Gen.24.28	1	H5291	And the damsel
Gen.24.28	2	H7323	ran,
Gen.24.28	3	H5046	and told
Gen.24.28	4	H517	her mother's
Gen.24.28	5	H1004	house
Gen.24.28	6	H1697	according to these words.
Gen.24.29	1	H7259	And Rebekah
Gen.24.29	2	H251	had a brother,
Gen.24.29	3	H8034	and his name
Gen.24.29	4	H3837	was Laban:
Gen.24.29	5	H3837	and Laban
Gen.24.29	6	H7323	ran
Gen.24.29	7	H2351	out
Gen.24.29	8	H376	unto the man,
Gen.24.29	9	H5869	unto the fountain.
Gen.24.30	1	H7200	And it came to pass, when he saw
Gen.24.30	2	H5141	the ring,
Gen.24.30	3	H6781	and the bracelets
Gen.24.30	4	H269	upon his sister's
Gen.24.30	5	H3027	hands,
Gen.24.30	6	H8085	and when he heard
Gen.24.30	7	H1697	the words
Gen.24.30	8	H7259	of Rebekah
Gen.24.30	9	H269	his sister,
Gen.24.30	10	H559	saying,
Gen.24.30	11	H3541	Thus
Gen.24.30	12	H1696	spake
Gen.24.30	13	H376	the man
Gen.24.30	14	H935	unto me; that he came
Gen.24.30	15	H376	unto the man;
Gen.24.30	16	H5975	and, behold, he was standing
Gen.24.30	17	H5921	by
Gen.24.30	18	H1581	the camels
Gen.24.30	19	H5869	at the fountain.
Gen.24.31	1	H559	And he said,
Gen.24.31	2	H935	Come in,
Gen.24.31	3	H1288	thou blessed
Gen.24.31	4	H3068	of Jehovah;
Gen.24.31	5	H5975	wherefore standest
Gen.24.31	6	H2351	thou without?
Gen.24.31	7	H6437	for I have prepared
Gen.24.31	8	H1004	the house,
Gen.24.31	9	H4725	and room
Gen.24.31	10	H1581	for the camels.
Gen.24.32	1	H376	And the man
Gen.24.32	2	H935	came
Gen.24.32	3	H1004	into the house,
Gen.24.32	4	H6605	and he ungirded
Gen.24.32	5	H1581	the camels;
Gen.24.32	6	H5414	and he gave
Gen.24.32	7	H8401	straw
Gen.24.32	8	H4554	and provender
Gen.24.32	9	H1581	for the camels,
Gen.24.32	10	H4325	and water
Gen.24.32	11	H7364	to wash
Gen.24.32	12	H7272	his feet
Gen.24.32	13	H7272	and the feet
Gen.24.32	14	H582	of the men that were with him.
Gen.24.33	1	H7760	And there was set
Gen.24.33	2	H6440	food before him
Gen.24.33	3	H398	to eat:
Gen.24.33	4	H559	but he said,
Gen.24.33	5	H398	I will not eat,
Gen.24.33	6	H1696	until I have told
Gen.24.33	7	H1697	mine errand.
Gen.24.33	8	H559	And he said,
Gen.24.33	9	H1696	Speak on.
Gen.24.34	1	H559	And he said,
Gen.24.34	2	H85	I am Abraham's
Gen.24.34	3	H5650	servant.
Gen.24.35	1	H3068	And Jehovah
Gen.24.35	2	H1288	hath blessed
Gen.24.35	3	H113	my master
Gen.24.35	4	H3966	greatly;
Gen.24.35	5	H1431	and he is become great:
Gen.24.35	6	H5414	and he hath given
Gen.24.35	7	H6629	him flocks
Gen.24.35	8	H1241	and herds,
Gen.24.35	9	H3701	and silver
Gen.24.35	10	H2091	and gold,
Gen.24.35	11	H5650	and men-servants
Gen.24.35	12	H8198	and maid-servants,
Gen.24.35	13	H1581	and camels
Gen.24.35	14	H2543	and asses.
Gen.24.36	1	H8283	And Sarah
Gen.24.36	2	H113	my master's
Gen.24.36	3	H802	wife
Gen.24.36	4	H3205	bare
Gen.24.36	5	H1121	a son
Gen.24.36	6	H113	to my master
Gen.24.36	7	H310	when
Gen.24.36	8	H2209	she was old:
Gen.24.36	9	H5414	and unto him hath he given all that he hath.
Gen.24.37	1	H113	And my master
Gen.24.37	2	H7650	made me swear,
Gen.24.37	3	H559	saying,
Gen.24.37	4	H3947	Thou shalt not take
Gen.24.37	5	H802	a wife
Gen.24.37	6	H1121	for my son
Gen.24.37	7	H1323	of the daughters
Gen.24.37	8	H3669	of the Canaanites,
Gen.24.37	9	H776	in whose land
Gen.24.37	10	H3427	I dwell:
Gen.24.38	1	H518	but
Gen.24.38	2	H3212	thou shalt go
Gen.24.38	3	H1	unto my father's
Gen.24.38	4	H1004	house,
Gen.24.38	5	H4940	and to my kindred,
Gen.24.38	6	H3947	and take
Gen.24.38	7	H802	a wife
Gen.24.38	8	H1121	for my son.
Gen.24.39	1	H559	And I said
Gen.24.39	2	H113	unto my master,
Gen.24.39	3	H802	Peradventure the woman
Gen.24.39	4	H3212	will not follow me.
Gen.24.40	1	H559	And he said
Gen.24.40	2	H3068	unto me, Jehovah,
Gen.24.40	3	H6440	before
Gen.24.40	4	H1980	whom I walk,
Gen.24.40	5	H7971	will send
Gen.24.40	6	H4397	his angel
Gen.24.40	7	H6743	with thee, and prosper
Gen.24.40	8	H1870	thy way;
Gen.24.40	9	H3947	and thou shalt take
Gen.24.40	10	H802	a wife
Gen.24.40	11	H1121	for my son
Gen.24.40	12	H4940	of my kindred,
Gen.24.40	13	H1	and of my father's
Gen.24.40	14	H1004	house:
Gen.24.41	1	H5352	then shalt thou be clear
Gen.24.41	2	H423	from my oath,
Gen.24.41	3	H935	when thou comest
Gen.24.41	4	H4940	to my kindred;
Gen.24.41	5	H5414	and if they give
Gen.24.41	6	H5355	her not to thee, thou shalt be clear
Gen.24.41	7	H423	from my oath.
Gen.24.42	1	H935	And I came
Gen.24.42	2	H3117	this day
Gen.24.42	3	H5869	unto the fountain,
Gen.24.42	4	H559	and said,
Gen.24.42	5	H3068	O Jehovah,
Gen.24.42	6	H430	the God
Gen.24.42	7	H113	of my master
Gen.24.42	8	H85	Abraham,
Gen.24.42	9	H3426	if now thou do
Gen.24.42	10	H6743	prosper
Gen.24.42	11	H1870	my way
Gen.24.42	12	H1980	which I go:
Gen.24.43	1	H5324	behold, I am standing
Gen.24.43	2	H5869	by the fountain
Gen.24.43	3	H4325	of water;
Gen.24.43	4	H5959	and let it come to pass, that the maiden
Gen.24.43	5	H3318	that cometh forth
Gen.24.43	6	H7579	to draw,
Gen.24.43	7	H559	to whom I shall say,
Gen.24.43	8	H8248	Give me,
Gen.24.43	9	H4592	I pray thee, a little
Gen.24.43	10	H4325	water
Gen.24.43	11	H3537	from thy pitcher
Gen.24.43	12	H8248	to drink;
Gen.24.44	1	H559	and she shall say
Gen.24.44	2	H8354	to me, Both drink
Gen.24.44	3	H7579	thou, and I will also draw
Gen.24.44	4	H1581	for thy camels:
Gen.24.44	5	H802	let the same be the woman
Gen.24.44	6	H3068	whom Jehovah
Gen.24.44	7	H3198	hath appointed
Gen.24.44	8	H113	for my master's
Gen.24.44	9	H1121	son.
Gen.24.45	1	H3615	And before I had done
Gen.24.45	2	H1696	speaking
Gen.24.45	3	H3820	in my heart,
Gen.24.45	4	H7259	behold, Rebekah
Gen.24.45	5	H3318	came forth
Gen.24.45	6	H3537	with her pitcher
Gen.24.45	7	H7926	on her shoulder;
Gen.24.45	8	H3381	and she went down
Gen.24.45	9	H5869	unto the fountain,
Gen.24.45	10	H7579	and drew:
Gen.24.45	11	H559	and I said
Gen.24.45	12	H8248	unto her, Let me drink, I pray thee.
Gen.24.46	1	H4116	And she made haste,
Gen.24.46	2	H3381	and let down
Gen.24.46	3	H3537	her pitcher
Gen.24.46	4	H559	from her shoulder, and said,
Gen.24.46	5	H8354	Drink,
Gen.24.46	6	H8248	and I will give
Gen.24.46	7	H1581	thy camels
Gen.24.46	8	H8248	drink
Gen.24.46	9	H8354	also: so I drank,
Gen.24.46	10	H8248	and she made
Gen.24.46	11	H1581	the camels
Gen.24.46	12	H8248	drink also.
Gen.24.47	1	H7592	And I asked
Gen.24.47	2	H559	her, and said,
Gen.24.47	3	H1323	Whose daughter
Gen.24.47	4	H559	art thou? And she said,
Gen.24.47	5	H1323	The daughter
Gen.24.47	6	H1328	of Bethuel,
Gen.24.47	7	H5152	Nahor's
Gen.24.47	8	H1121	son,
Gen.24.47	9	H4435	whom Milcah
Gen.24.47	10	H3205	bare
Gen.24.47	11	H7760	unto him: and I put
Gen.24.47	12	H5141	the ring
Gen.24.47	13	H639	upon her nose,
Gen.24.47	14	H6781	and the bracelets
Gen.24.47	15	H3027	upon her hands.
Gen.24.48	1	H6915	And I bowed my head,
Gen.24.48	2	H7812	and worshipped
Gen.24.48	3	H3068	Jehovah,
Gen.24.48	4	H1288	and blessed
Gen.24.48	5	H3068	Jehovah,
Gen.24.48	6	H430	the God
Gen.24.48	7	H113	of my master
Gen.24.48	8	H85	Abraham,
Gen.24.48	9	H5148	who had led me
Gen.24.48	10	H571	in the right
Gen.24.48	11	H1870	way
Gen.24.48	12	H3947	to take
Gen.24.48	13	H113	my master's
Gen.24.48	14	H251	brother's
Gen.24.48	15	H1323	daughter
Gen.24.48	16	H1121	for his son.
Gen.24.49	1	H3426	And now if ye will
Gen.24.49	2	H6213	deal
Gen.24.49	3	H2617	kindly
Gen.24.49	4	H571	and truly
Gen.24.49	5	H113	with my master,
Gen.24.49	6	H5046	tell
Gen.24.49	7	H5046	me: and if not, tell
Gen.24.49	8	H6437	me; that I may turn
Gen.24.49	9	H3225	to the right hand,
Gen.24.49	10	H176	or
Gen.24.49	11	H8040	to the left.
Gen.24.50	1	H3837	Then Laban
Gen.24.50	2	H1328	and Bethuel
Gen.24.50	3	H6030	answered
Gen.24.50	4	H559	and said,
Gen.24.50	5	H1697	The thing
Gen.24.50	6	H3318	proceedeth
Gen.24.50	7	H3068	from Jehovah:
Gen.24.50	8	H3201	we cannot
Gen.24.50	9	H1696	speak
Gen.24.50	10	H7451	unto thee bad
Gen.24.50	11	H176	or
Gen.24.50	12	H2896	good.
Gen.24.51	1	H7259	Behold, Rebekah
Gen.24.51	2	H6440	is before thee,
Gen.24.51	3	H3947	take
Gen.24.51	4	H3212	her, and go,
Gen.24.51	5	H113	and let her be thy master's
Gen.24.51	6	H1121	son's
Gen.24.51	7	H802	wife,
Gen.24.51	8	H3068	as Jehovah
Gen.24.51	9	H1696	hath spoken.
Gen.24.52	1	H85	And it came to pass, that, when Abraham's
Gen.24.52	2	H5650	servant
Gen.24.52	3	H8085	heard
Gen.24.52	4	H1697	their words,
Gen.24.52	5	H7812	he bowed himself down
Gen.24.52	6	H776	to the earth
Gen.24.52	7	H3068	unto Jehovah.
Gen.24.53	1	H5650	And the servant
Gen.24.53	2	H3318	brought forth
Gen.24.53	3	H3627	jewels
Gen.24.53	4	H3701	of silver,
Gen.24.53	5	H3627	and jewels
Gen.24.53	6	H2091	of gold,
Gen.24.53	7	H899	and raiment,
Gen.24.53	8	H5414	and gave
Gen.24.53	9	H7259	them to Rebekah:
Gen.24.53	10	H5414	he gave
Gen.24.53	11	H251	also to her brother
Gen.24.53	12	H517	and to her mother
Gen.24.53	13	H4030	precious things.
Gen.24.54	1	H398	And they did eat
Gen.24.54	2	H8354	and drink,
Gen.24.54	3	H582	he and the men
Gen.24.54	4	H3885	that were with him, and tarried all night;
Gen.24.54	5	H6965	and they rose up
Gen.24.54	6	H1242	in the morning,
Gen.24.54	7	H559	and he said,
Gen.24.54	8	H7971	Send me away
Gen.24.54	9	H113	unto my master.
Gen.24.55	1	H251	And her brother
Gen.24.55	2	H517	and her mother
Gen.24.55	3	H559	said,
Gen.24.55	4	H5291	Let the damsel
Gen.24.55	5	H3427	abide
Gen.24.55	6	H3117	with us a few days,
Gen.24.55	7	H176	at the least
Gen.24.55	8	H6218	ten;
Gen.24.55	9	H310	after
Gen.24.55	10	H3212	that she shall go.
Gen.24.56	1	H559	And he said
Gen.24.56	2	H309	unto them, Hinder me
Gen.24.56	3	H3068	not, seeing Jehovah
Gen.24.56	4	H6743	hath prospered
Gen.24.56	5	H1870	my way;
Gen.24.56	6	H7971	send me away
Gen.24.56	7	H3212	that I may go
Gen.24.56	8	H113	to my master.
Gen.24.57	1	H559	And they said,
Gen.24.57	2	H7121	We will call
Gen.24.57	3	H5291	the damsel,
Gen.24.57	4	H7592	and inquire
Gen.24.57	5	H6310	at her mouth.
Gen.24.58	1	H7121	And they called
Gen.24.58	2	H7259	Rebekah,
Gen.24.58	3	H559	and said
Gen.24.58	4	H3212	unto her, Wilt thou go
Gen.24.58	5	H376	with this man?
Gen.24.58	6	H559	And she said,
Gen.24.58	7	H3212	I will go.
Gen.24.59	1	H7971	And they sent away
Gen.24.59	2	H7259	Rebekah
Gen.24.59	3	H269	their sister,
Gen.24.59	4	H3243	and her nurse,
Gen.24.59	5	H85	and Abraham's
Gen.24.59	6	H5650	servant,
Gen.24.59	7	H582	and his men.
Gen.24.60	1	H1288	And they blessed
Gen.24.60	2	H7259	Rebekah,
Gen.24.60	3	H559	and said
Gen.24.60	4	H859	unto her, Our
Gen.24.60	5	H269	sister,
Gen.24.60	6	H1961	be thou
Gen.24.60	7	H505	the mother of thousands
Gen.24.60	8	H7233	of ten thousands,
Gen.24.60	9	H2233	and let thy seed
Gen.24.60	10	H3423	possess
Gen.24.60	11	H8179	the gate
Gen.24.60	12	H8130	of those that hate them.
Gen.24.61	1	H7259	And Rebekah
Gen.24.61	2	H6965	arose,
Gen.24.61	3	H5291	and her damsels,
Gen.24.61	4	H7392	and they rode
Gen.24.61	5	H1581	upon the camels,
Gen.24.61	6	H3212	and followed
Gen.24.61	7	H376	the man:
Gen.24.61	8	H5650	and the servant
Gen.24.61	9	H3947	took
Gen.24.61	10	H7259	Rebekah,
Gen.24.61	11	H3212	and went his way.
Gen.24.62	1	H3327	And Isaac
Gen.24.62	2	H935	came
Gen.24.62	3	H935	from the way
Gen.24.62	4	H883	of Beer-lahai-roi;
Gen.24.62	5	H3427	for he dwelt
Gen.24.62	6	H776	in the land
Gen.24.62	7	H5045	of the South.
Gen.24.63	1	H3327	And Isaac
Gen.24.63	2	H3318	went out
Gen.24.63	3	H7742	to meditate
Gen.24.63	4	H6437	in
Gen.24.63	5	H7704	the field
Gen.24.63	6	H6153	at the eventide:
Gen.24.63	7	H5375	and he lifted up
Gen.24.63	8	H5869	his eyes,
Gen.24.63	9	H7200	and saw,
Gen.24.63	10	H1581	and, behold, there were camels
Gen.24.63	11	H935	coming.
Gen.24.64	1	H7259	And Rebekah
Gen.24.64	2	H5375	lifted up
Gen.24.64	3	H5869	her eyes,
Gen.24.64	4	H7200	and when she saw
Gen.24.64	5	H3327	Isaac,
Gen.24.64	6	H5307	she alighted
Gen.24.64	7	H5921	from
Gen.24.64	8	H1581	the camel.
Gen.24.65	1	H559	And she said
Gen.24.65	2	H5650	unto the servant,
Gen.24.65	3	H4310	What
Gen.24.65	4	H376	man
Gen.24.65	5	H1976	is this
Gen.24.65	6	H1980	that walketh
Gen.24.65	7	H7704	in the field
Gen.24.65	8	H7125	to meet us?
Gen.24.65	9	H5650	And the servant
Gen.24.65	10	H559	said,
Gen.24.65	11	H113	It is my master:
Gen.24.65	12	H3947	and she took
Gen.24.65	13	H6809	her veil,
Gen.24.65	14	H3680	and covered herself.
Gen.24.66	1	H5650	And the servant
Gen.24.66	2	H5608	told
Gen.24.66	3	H3327	Isaac
Gen.24.66	4	H1697	all the things
Gen.24.66	5	H6213	that he had done.
Gen.24.67	1	H3327	And Isaac
Gen.24.67	2	H935	brought her
Gen.24.67	3	H517	into his mother
Gen.24.67	4	H8283	Sarah's
Gen.24.67	5	H168	tent,
Gen.24.67	6	H3947	and took
Gen.24.67	7	H7259	Rebekah,
Gen.24.67	8	H802	and she became his wife;
Gen.24.67	9	H157	and he loved
Gen.24.67	10	H3327	her: and Isaac
Gen.24.67	11	H5162	was comforted
Gen.24.67	12	H310	after
Gen.24.67	13	H517	his mother's death.
Gen.25.1	1	H85	And Abraham
Gen.25.1	2	H3947	took
Gen.25.1	3	H3254	another
Gen.25.1	4	H802	wife,
Gen.25.1	5	H8034	and her name
Gen.25.1	6	H6989	was Keturah.
Gen.25.2	1	H3205	And she bare
Gen.25.2	2	H2175	him Zimran,
Gen.25.2	3	H3370	and Jokshan,
Gen.25.2	4	H4091	and Medan,
Gen.25.2	5	H4080	and Midian,
Gen.25.2	6	H3435	and Ishbak,
Gen.25.2	7	H7744	and Shuah.
Gen.25.3	1	H3370	And Jokshan
Gen.25.3	2	H3205	begat
Gen.25.3	3	H7614	Sheba,
Gen.25.3	4	H1719	and Dedan.
Gen.25.3	5	H1121	And the sons
Gen.25.3	6	H1719	of Dedan
Gen.25.3	7	H805	were Asshurim,
Gen.25.3	8	H3912	and Letushim,
Gen.25.3	9	H3817	and Leummim.
Gen.25.4	1	H1121	And the sons
Gen.25.4	2	H4080	of Midian:
Gen.25.4	3	H5891	Ephah,
Gen.25.4	4	H6081	and Epher,
Gen.25.4	5	H2585	and Hanoch,
Gen.25.4	6	H28	and Abida,
Gen.25.4	7	H420	and Eldaah.
Gen.25.4	8	H1121	All these were the children
Gen.25.4	9	H6989	of Keturah.
Gen.25.5	1	H85	And Abraham
Gen.25.5	2	H5414	gave
Gen.25.5	3	H3327	all that he had unto Isaac.
Gen.25.6	1	H1121	But unto the sons
Gen.25.6	2	H6370	of the concubines,
Gen.25.6	3	H85	that Abraham
Gen.25.6	4	H85	had, Abraham
Gen.25.6	5	H5414	gave
Gen.25.6	6	H4979	gifts;
Gen.25.6	7	H7971	and he sent them away
Gen.25.6	8	H3327	from Isaac
Gen.25.6	9	H1121	his son,
Gen.25.6	10	H2416	while he yet lived,
Gen.25.6	11	H6924	eastward,
Gen.25.6	12	H6924	unto the east
Gen.25.6	13	H776	country.
Gen.25.7	1	H3117	And these are the days
Gen.25.7	2	H8141	of the years
Gen.25.7	3	H85	of Abraham's
Gen.25.7	4	H2416	life
Gen.25.7	5	H2425	which he lived,
Gen.25.7	6	H3967	a hundred
Gen.25.7	7	H7657	threescore and fifteen
Gen.25.7	8	H8141	years.
Gen.25.8	1	H85	And Abraham
Gen.25.8	2	H1478	gave up the ghost,
Gen.25.8	3	H4191	and died
Gen.25.8	4	H2896	in a good
Gen.25.8	5	H7872	old age,
Gen.25.8	6	H2205	an old man,
Gen.25.8	7	H7649	and full
Gen.25.8	8	H622	of years, and was gathered
Gen.25.8	9	H5971	to his people.
Gen.25.9	1	H3327	And Isaac
Gen.25.9	2	H3458	and Ishmael
Gen.25.9	3	H1121	his sons
Gen.25.9	4	H6912	buried
Gen.25.9	5	H4631	him in the cave
Gen.25.9	6	H4375	of Machpelah,
Gen.25.9	7	H7704	in the field
Gen.25.9	8	H6085	of Ephron
Gen.25.9	9	H1121	the son
Gen.25.9	10	H6714	of Zohar
Gen.25.9	11	H2850	the Hittite,
Gen.25.9	12	H6440	which is before
Gen.25.9	13	H4471	Mamre;
Gen.25.10	1	H7704	the field
Gen.25.10	2	H85	which Abraham
Gen.25.10	3	H7069	purchased
Gen.25.10	4	H1121	of the children
Gen.25.10	5	H2845	of Heth:
Gen.25.10	6	H85	there was Abraham
Gen.25.10	7	H6912	buried,
Gen.25.10	8	H8283	and Sarah
Gen.25.10	9	H802	his wife.
Gen.25.11	1	H310	And it came to pass after
Gen.25.11	2	H4194	the death
Gen.25.11	3	H85	of Abraham,
Gen.25.11	4	H430	that God
Gen.25.11	5	H1288	blessed
Gen.25.11	6	H3327	Isaac
Gen.25.11	7	H1121	his son:
Gen.25.11	8	H3327	and Isaac
Gen.25.11	9	H3427	dwelt
Gen.25.11	10	H5973	by
Gen.25.11	11	H883	Beer-lahai-roi.
Gen.25.12	1	H8435	Now these are the generations
Gen.25.12	2	H3458	of Ishmael,
Gen.25.12	3	H85	Abraham's
Gen.25.12	4	H1121	son,
Gen.25.12	5	H1904	whom Hagar
Gen.25.12	6	H4713	the Egyptian,
Gen.25.12	7	H8283	Sarah's
Gen.25.12	8	H8198	handmaid,
Gen.25.12	9	H3205	bare
Gen.25.12	10	H85	unto Abraham:
Gen.25.13	1	H8034	and these are the names
Gen.25.13	2	H1121	of the sons
Gen.25.13	3	H3458	of Ishmael,
Gen.25.13	4	H8034	by their names,
Gen.25.13	5	H8435	according to their generations:
Gen.25.13	6	H1060	the first-born
Gen.25.13	7	H3458	of Ishmael,
Gen.25.13	8	H5032	Nebaioth;
Gen.25.13	9	H6938	and Kedar,
Gen.25.13	10	H110	and Adbeel,
Gen.25.13	11	H4017	and Mibsam,
Gen.25.14	1	H4927	and Mishma,
Gen.25.14	2	H1746	and Dumah,
Gen.25.14	3	H4854	and Massa,
Gen.25.15	1	H2316	Hadad,
Gen.25.15	2	H8485	and Tema,
Gen.25.15	3	H3195	Jetur,
Gen.25.15	4	H5305	Naphish,
Gen.25.15	5	H6929	and Kedemah:
Gen.25.16	1	H1121	these are the sons
Gen.25.16	2	H3458	of Ishmael,
Gen.25.16	3	H8034	and these are their names,
Gen.25.16	4	H2691	by their villages,
Gen.25.16	5	H2918	and by their encampments;
Gen.25.16	6	H8147	twelve
Gen.25.16	7	H5387	princes
Gen.25.16	8	H523	according to their nations.
Gen.25.17	1	H8141	And these are the years
Gen.25.17	2	H2416	of the life
Gen.25.17	3	H3458	of Ishmael,
Gen.25.17	4	H3967	a hundred
Gen.25.17	5	H7970	and thirty
Gen.25.17	6	H7651	and seven
Gen.25.17	7	H8141	years:
Gen.25.17	8	H1478	and he gave up the ghost
Gen.25.17	9	H4191	and died,
Gen.25.17	10	H622	and was gathered
Gen.25.17	11	H5971	unto his people.
Gen.25.18	1	H7931	And they dwelt
Gen.25.18	2	H2341	from Havilah
Gen.25.18	3	H7793	unto Shur
Gen.25.18	4	H6440	that is before
Gen.25.18	5	H4714	Egypt,
Gen.25.18	6	H935	as thou goest
Gen.25.18	7	H804	toward Assyria:
Gen.25.18	8	H5307	he abode
Gen.25.18	9	H6440	over against
Gen.25.18	10	H251	all his brethren.
Gen.25.19	1	H8435	And these are the generations
Gen.25.19	2	H3327	of Isaac,
Gen.25.19	3	H85	Abraham's
Gen.25.19	4	H1121	son:
Gen.25.19	5	H85	Abraham
Gen.25.19	6	H3205	begat
Gen.25.19	7	H3327	Isaac:
Gen.25.20	1	H3327	and Isaac
Gen.25.20	2	H705	was forty
Gen.25.20	3	H8141	years
Gen.25.20	4	H1121	old
Gen.25.20	5	H3947	when he took
Gen.25.20	6	H7259	Rebekah,
Gen.25.20	7	H1323	the daughter
Gen.25.20	8	H1328	of Bethuel
Gen.25.20	9	H761	the Syrian
Gen.25.20	10	H6307	of Paddan-aram,
Gen.25.20	11	H269	the sister
Gen.25.20	12	H3837	of Laban
Gen.25.20	13	H761	the Syrian,
Gen.25.20	14	H802	to be his wife.
Gen.25.21	1	H3327	And Isaac
Gen.25.21	2	H6279	entreated
Gen.25.21	3	H3068	Jehovah
Gen.25.21	4	H5227	for
Gen.25.21	5	H802	his wife,
Gen.25.21	6	H6135	because she was barren:
Gen.25.21	7	H3068	and Jehovah
Gen.25.21	8	H6279	was entreated
Gen.25.21	9	H7259	of him, and Rebekah
Gen.25.21	10	H802	his wife
Gen.25.21	11	H2029	conceived.
Gen.25.22	1	H1121	And the children
Gen.25.22	2	H7533	struggled together
Gen.25.22	3	H7130	within her;
Gen.25.22	4	H559	and she said,
Gen.25.22	5	H2088	If it be so, wherefore do I live?
Gen.25.22	6	H3212	And she went
Gen.25.22	7	H1875	to inquire
Gen.25.22	8	H3068	of Jehovah.
Gen.25.23	1	H3068	And Jehovah
Gen.25.23	2	H559	said
Gen.25.23	3	H8147	unto her, Two
Gen.25.23	4	H1471	nations
Gen.25.23	5	H990	are in thy womb,
Gen.25.23	6	H8147	And two
Gen.25.23	7	H3816	peoples
Gen.25.23	8	H6504	shall be separated
Gen.25.23	9	H4578	from thy bowels:
Gen.25.23	10	H3816	And the one people
Gen.25.23	11	H553	shall be stronger
Gen.25.23	12	H3816	than the other people;
Gen.25.23	13	H7227	And the elder
Gen.25.23	14	H5647	shall serve
Gen.25.23	15	H6810	the younger.
Gen.25.24	1	H3117	And when her days
Gen.25.24	2	H3205	to be delivered
Gen.25.24	3	H4390	were fulfilled,
Gen.25.24	4	H8380	behold, there were twins
Gen.25.24	5	H990	in her womb.
Gen.25.25	1	H7223	And the first
Gen.25.25	2	H3318	came forth
Gen.25.25	3	H132	red,
Gen.25.25	4	H8181	all over like a hairy
Gen.25.25	5	H155	garment;
Gen.25.25	6	H7121	and they called
Gen.25.25	7	H8034	his name
Gen.25.25	8	H6215	Esau.
Gen.25.26	1	H310	And after
Gen.25.26	2	H3318	that came
Gen.25.26	3	H3318	forth
Gen.25.26	4	H251	his brother,
Gen.25.26	5	H3027	and his hand
Gen.25.26	6	H270	had hold
Gen.25.26	7	H6215	on Esau's
Gen.25.26	8	H6119	heel;
Gen.25.26	9	H8034	and his name
Gen.25.26	10	H7121	was called
Gen.25.26	11	H3290	Jacob:
Gen.25.26	12	H3327	and Isaac
Gen.25.26	13	H8346	was threescore
Gen.25.26	14	H8141	years
Gen.25.26	15	H1121	old
Gen.25.26	16	H3205	when she bare them.
Gen.25.27	1	H5288	And the boys
Gen.25.27	2	H1431	grew:
Gen.25.27	3	H6215	and Esau
Gen.25.27	4	H3045	was a skilful
Gen.25.27	5	H6718	hunter,
Gen.25.27	6	H376	a man
Gen.25.27	7	H7704	of the field;
Gen.25.27	8	H3290	and Jacob
Gen.25.27	9	H8535	was a quiet
Gen.25.27	10	H376	man,
Gen.25.27	11	H3427	dwelling
Gen.25.27	12	H168	in tents.
Gen.25.28	1	H3327	Now Isaac
Gen.25.28	2	H157	loved
Gen.25.28	3	H6215	Esau,
Gen.25.28	4	H6310	because he did eat
Gen.25.28	5	H6718	of his venison:
Gen.25.28	6	H7259	and Rebekah
Gen.25.28	7	H157	loved
Gen.25.28	8	H3290	Jacob.
Gen.25.29	1	H3290	And Jacob
Gen.25.29	2	H2102	boiled
Gen.25.29	3	H5138	pottage:
Gen.25.29	4	H6215	and Esau
Gen.25.29	5	H935	came
Gen.25.29	6	H7704	in from the field,
Gen.25.29	7	H5889	and he was faint:
Gen.25.30	1	H6215	and Esau
Gen.25.30	2	H559	said
Gen.25.30	3	H3290	to Jacob,
Gen.25.30	4	H3938	Feed
Gen.25.30	5	H4480	me, I pray thee, with
Gen.25.30	6	H122	that same
Gen.25.30	7	H122	red
Gen.25.30	8	H5889	pottage; for I am faint:
Gen.25.30	9	H8034	therefore was his name
Gen.25.30	10	H7121	called
Gen.25.30	11	H123	Edom.
Gen.25.31	1	H3290	And Jacob
Gen.25.31	2	H559	said,
Gen.25.31	3	H4376	Sell
Gen.25.31	4	H3117	me first
Gen.25.31	5	H1062	thy birthright.
Gen.25.32	1	H6215	And Esau
Gen.25.32	2	H559	said,
Gen.25.32	3	H1980	Behold, I am about
Gen.25.32	4	H4191	to die:
Gen.25.32	5	H1062	and what profit shall the birthright do to me?
Gen.25.33	1	H3290	And Jacob
Gen.25.33	2	H559	said,
Gen.25.33	3	H7650	Swear
Gen.25.33	4	H3117	to me first;
Gen.25.33	5	H7650	and he sware
Gen.25.33	6	H4376	unto him: and he sold
Gen.25.33	7	H1062	his birthright
Gen.25.33	8	H3290	unto Jacob.
Gen.25.34	1	H3290	And Jacob
Gen.25.34	2	H5414	gave
Gen.25.34	3	H6215	Esau
Gen.25.34	4	H3899	bread
Gen.25.34	5	H5138	and pottage
Gen.25.34	6	H5742	of lentils;
Gen.25.34	7	H398	and he did eat
Gen.25.34	8	H8354	and drink,
Gen.25.34	9	H6965	and rose up,
Gen.25.34	10	H3212	and went his way:
Gen.25.34	11	H6215	so Esau
Gen.25.34	12	H959	despised
Gen.25.34	13	H1062	his birthright.
Gen.26.1	1	H7458	And there was a famine
Gen.26.1	2	H776	in the land,
Gen.26.1	3	H905	besides
Gen.26.1	4	H7223	the first
Gen.26.1	5	H7458	famine
Gen.26.1	6	H3117	that was in the days
Gen.26.1	7	H85	of Abraham.
Gen.26.1	8	H3327	And Isaac
Gen.26.1	9	H3212	went
Gen.26.1	10	H40	unto Abimelech
Gen.26.1	11	H4428	king
Gen.26.1	12	H6430	of the Philistines,
Gen.26.1	13	H1642	unto Gerar.
Gen.26.2	1	H3068	And Jehovah
Gen.26.2	2	H7200	appeared
Gen.26.2	3	H559	unto him, and said,
Gen.26.2	4	H3381	Go not down
Gen.26.2	5	H4714	into Egypt;
Gen.26.2	6	H7931	dwell
Gen.26.2	7	H776	in the land
Gen.26.2	8	H559	which I shall tell thee of:
Gen.26.3	1	H1481	sojourn
Gen.26.3	2	H776	in this land,
Gen.26.3	3	H1288	and I will be with thee, and will bless
Gen.26.3	4	H2233	thee; for unto thee, and unto thy seed,
Gen.26.3	5	H5414	I will give
Gen.26.3	6	H411	all these
Gen.26.3	7	H776	lands,
Gen.26.3	8	H6965	and I will establish
Gen.26.3	9	H7621	the oath
Gen.26.3	10	H7650	which I sware
Gen.26.3	11	H85	unto Abraham
Gen.26.3	12	H1	thy father;
Gen.26.4	1	H7235	and I will multiply
Gen.26.4	2	H2233	thy seed
Gen.26.4	3	H3556	as the stars
Gen.26.4	4	H8064	of heaven,
Gen.26.4	5	H5414	and will give
Gen.26.4	6	H2233	unto thy seed
Gen.26.4	7	H411	all these
Gen.26.4	8	H2233	lands; and in thy seed
Gen.26.4	9	H1471	shall all the nations
Gen.26.4	10	H776	of the earth
Gen.26.4	11	H1288	be blessed;
Gen.26.5	1	H6118	because
Gen.26.5	2	H85	that Abraham
Gen.26.5	3	H8085	obeyed
Gen.26.5	4	H6963	my voice,
Gen.26.5	5	H8104	and kept
Gen.26.5	6	H4931	my charge,
Gen.26.5	7	H4687	my commandments,
Gen.26.5	8	H2708	my statutes,
Gen.26.5	9	H8451	and my laws.
Gen.26.6	1	H3327	And Isaac
Gen.26.6	2	H3427	dwelt
Gen.26.6	3	H1642	in Gerar:
Gen.26.7	1	H582	and the men
Gen.26.7	2	H4725	of the place
Gen.26.7	3	H7592	asked
Gen.26.7	4	H802	him of his wife;
Gen.26.7	5	H559	and he said,
Gen.26.7	6	H269	She is my sister:
Gen.26.7	7	H3372	for he feared
Gen.26.7	8	H559	to say,
Gen.26.7	9	H802	My wife;
Gen.26.7	10	H582	lest, said he, the men
Gen.26.7	11	H4725	of the place
Gen.26.7	12	H2026	should kill
Gen.26.7	13	H7259	me for Rebekah;
Gen.26.7	14	H2896	because she was fair
Gen.26.7	15	H4758	to look upon.
Gen.26.8	1	H748	And it came to pass, when he had been there a long
Gen.26.8	2	H3117	time,
Gen.26.8	3	H40	that Abimelech
Gen.26.8	4	H4428	king
Gen.26.8	5	H6430	of the Philistines
Gen.26.8	6	H8259	looked out
Gen.26.8	7	H1157	at
Gen.26.8	8	H2474	a window,
Gen.26.8	9	H7200	and saw,
Gen.26.8	10	H3327	and, behold, Isaac
Gen.26.8	11	H6711	was sporting
Gen.26.8	12	H7259	with Rebekah
Gen.26.8	13	H802	his wife.
Gen.26.9	1	H40	And Abimelech
Gen.26.9	2	H7121	called
Gen.26.9	3	H3327	Isaac,
Gen.26.9	4	H559	and said,
Gen.26.9	5	H389	Behold, of a surety
Gen.26.9	6	H802	she is thy wife:
Gen.26.9	7	H559	and how saidst
Gen.26.9	8	H269	thou, She is my sister?
Gen.26.9	9	H3327	And Isaac
Gen.26.9	10	H559	said
Gen.26.9	11	H559	unto him, Because I said,
Gen.26.9	12	H4191	Lest I die because of her.
Gen.26.10	1	H40	And Abimelech
Gen.26.10	2	H559	said,
Gen.26.10	3	H6213	What is this thou hast done
Gen.26.10	4	H259	unto us? One
Gen.26.10	5	H5971	of the people
Gen.26.10	6	H4592	might easily
Gen.26.10	7	H7901	have lain
Gen.26.10	8	H802	with thy wife,
Gen.26.10	9	H935	and thou wouldest have brought
Gen.26.10	10	H817	guiltiness upon us.
Gen.26.11	1	H40	And Abimelech
Gen.26.11	2	H6680	charged
Gen.26.11	3	H5971	all the people,
Gen.26.11	4	H559	saying,
Gen.26.11	5	H5060	He that toucheth
Gen.26.11	6	H376	this man
Gen.26.11	7	H802	or his wife
Gen.26.11	8	H4191	shall surely
Gen.26.11	9	H4191	be put to death.
Gen.26.12	1	H3327	And Isaac
Gen.26.12	2	H2232	sowed
Gen.26.12	3	H776	in that land,
Gen.26.12	4	H4672	and found
Gen.26.12	5	H8141	in the same year
Gen.26.12	6	H3967	a hundredfold:
Gen.26.12	7	H3068	and Jehovah
Gen.26.12	8	H1288	blessed him.
Gen.26.13	1	H376	And the man
Gen.26.13	2	H1431	waxed great,
Gen.26.13	3	H1432	and grew
Gen.26.13	4	H3212	more
Gen.26.13	5	H1980	and more
Gen.26.13	6	H1431	until he became
Gen.26.13	7	H3966	very
Gen.26.13	8	H1431	great:
Gen.26.14	1	H4735	and he had possessions
Gen.26.14	2	H6629	of flocks,
Gen.26.14	3	H4735	and possessions
Gen.26.14	4	H1241	of herds,
Gen.26.14	5	H7227	and a great
Gen.26.14	6	H5657	household:
Gen.26.14	7	H6430	and the Philistines
Gen.26.14	8	H7065	envied him.
Gen.26.15	1	H875	Now all the wells
Gen.26.15	2	H1	which his father's
Gen.26.15	3	H5650	servants
Gen.26.15	4	H2658	had digged
Gen.26.15	5	H3117	in the days
Gen.26.15	6	H85	of Abraham
Gen.26.15	7	H1	his father,
Gen.26.15	8	H6430	the Philistines
Gen.26.15	9	H5640	had stopped,
Gen.26.15	10	H4390	and filled
Gen.26.15	11	H6083	with earth.
Gen.26.16	1	H40	And Abimelech
Gen.26.16	2	H559	said
Gen.26.16	3	H3327	unto Isaac,
Gen.26.16	4	H3212	Go
Gen.26.16	5	H3966	from us; for thou art much
Gen.26.16	6	H6105	mightier than we.
Gen.26.17	1	H3327	And Isaac
Gen.26.17	2	H3212	departed
Gen.26.17	3	H2583	thence, and encamped
Gen.26.17	4	H5158	in the valley
Gen.26.17	5	H1642	of Gerar,
Gen.26.17	6	H3427	and dwelt
Gen.26.17	7	H8033	there.
Gen.26.18	1	H3327	And Isaac
Gen.26.18	2	H2658	digged
Gen.26.18	3	H7725	again
Gen.26.18	4	H875	the wells
Gen.26.18	5	H4325	of water,
Gen.26.18	6	H2658	which they had digged
Gen.26.18	7	H3117	in the days
Gen.26.18	8	H85	of Abraham
Gen.26.18	9	H1	his father;
Gen.26.18	10	H6430	for the Philistines
Gen.26.18	11	H5640	had stopped
Gen.26.18	12	H310	them after
Gen.26.18	13	H4194	the death
Gen.26.18	14	H85	of Abraham;
Gen.26.18	15	H7121	and he called
Gen.26.18	16	H8034	their names
Gen.26.18	17	H8034	after the names
Gen.26.18	18	H834	by which
Gen.26.18	19	H1	his father
Gen.26.18	20	H7121	had called them.
Gen.26.19	1	H3327	And Isaac's
Gen.26.19	2	H5650	servants
Gen.26.19	3	H2658	digged
Gen.26.19	4	H5158	in the valley,
Gen.26.19	5	H4672	and found
Gen.26.19	6	H875	there a well
Gen.26.19	7	H2416	of springing
Gen.26.19	8	H4325	water.
Gen.26.20	1	H7462	And the herdsmen
Gen.26.20	2	H1642	of Gerar
Gen.26.20	3	H7378	strove
Gen.26.20	4	H3327	with Isaac's
Gen.26.20	5	H7462	herdsmen,
Gen.26.20	6	H559	saying,
Gen.26.20	7	H4325	The water
Gen.26.20	8	H7121	is ours: and he called
Gen.26.20	9	H8034	the name
Gen.26.20	10	H875	of the well
Gen.26.20	11	H6230	Esek,
Gen.26.20	12	H6229	because they contended with him.
Gen.26.21	1	H2658	And they digged
Gen.26.21	2	H312	another
Gen.26.21	3	H875	well,
Gen.26.21	4	H7378	and they strove
Gen.26.21	5	H7121	for that also: and he called
Gen.26.21	6	H8034	the name of it
Gen.26.21	7	H7856	Sitnah.
Gen.26.22	1	H6275	And he removed
Gen.26.22	2	H2658	from thence, and digged
Gen.26.22	3	H312	another
Gen.26.22	4	H875	well;
Gen.26.22	5	H7378	and for that they strove
Gen.26.22	6	H7121	not: and he called
Gen.26.22	7	H8034	the name of it
Gen.26.22	8	H7344	Rehoboth;
Gen.26.22	9	H559	and he said,
Gen.26.22	10	H6258	For now
Gen.26.22	11	H3068	Jehovah
Gen.26.22	12	H7337	hath made room
Gen.26.22	13	H6509	for us, and we shall be fruitful
Gen.26.22	14	H776	in the land.
Gen.26.23	1	H5927	And he went up
Gen.26.23	2	H884	from thence to Beer-sheba.
Gen.26.24	1	H3068	And Jehovah
Gen.26.24	2	H7200	appeared
Gen.26.24	3	H3915	unto him the same night,
Gen.26.24	4	H559	and said,
Gen.26.24	5	H430	I am the God
Gen.26.24	6	H85	of Abraham
Gen.26.24	7	H1	thy father:
Gen.26.24	8	H3372	fear
Gen.26.24	9	H854	not, for I am with
Gen.26.24	10	H1288	thee, and will bless
Gen.26.24	11	H7235	thee, and multiply
Gen.26.24	12	H2233	thy seed
Gen.26.24	13	H5650	for my servant
Gen.26.24	14	H85	Abraham's sake.
Gen.26.25	1	H1129	And he builded
Gen.26.25	2	H4196	an altar
Gen.26.25	3	H7121	there, and called
Gen.26.25	4	H8034	upon the name
Gen.26.25	5	H3068	of Jehovah,
Gen.26.25	6	H5186	and pitched
Gen.26.25	7	H168	his tent
Gen.26.25	8	H3327	there: and there Isaac's
Gen.26.25	9	H5650	servants
Gen.26.25	10	H3738	digged
Gen.26.25	11	H875	a well.
Gen.26.26	1	H40	Then Abimelech
Gen.26.26	2	H1980	went
Gen.26.26	3	H1642	to him from Gerar,
Gen.26.26	4	H276	and Ahuzzath
Gen.26.26	5	H4828	his friend,
Gen.26.26	6	H6369	and Phicol
Gen.26.26	7	H8269	the captain
Gen.26.26	8	H6635	of his host.
Gen.26.27	1	H3327	And Isaac
Gen.26.27	2	H559	said
Gen.26.27	3	H4069	unto them, Wherefore
Gen.26.27	4	H935	are ye come
Gen.26.27	5	H8130	unto me, seeing ye hate
Gen.26.27	6	H7971	me, and have sent me away from you?
Gen.26.28	1	H559	And they said,
Gen.26.28	2	H7200	We saw
Gen.26.28	3	H7200	plainly
Gen.26.28	4	H3068	that Jehovah
Gen.26.28	5	H559	was with thee: and we said,
Gen.26.28	6	H423	Let there now be an oath
Gen.26.28	7	H996	betwixt
Gen.26.28	8	H996	us, even betwixt
Gen.26.28	9	H3772	us and thee, and let us make
Gen.26.28	10	H1285	a covenant with thee,
Gen.26.29	1	H6213	that thou wilt do
Gen.26.29	2	H7451	us no hurt,
Gen.26.29	3	H5060	as we have not touched
Gen.26.29	4	H6213	thee, and as we have done
Gen.26.29	5	H7535	unto thee nothing but
Gen.26.29	6	H2896	good,
Gen.26.29	7	H7971	and have sent thee away
Gen.26.29	8	H7965	in peace:
Gen.26.29	9	H6258	thou art now
Gen.26.29	10	H1288	the blessed
Gen.26.29	11	H3068	of Jehovah.
Gen.26.30	1	H6213	And he made
Gen.26.30	2	H4960	them a feast,
Gen.26.30	3	H398	and they did eat
Gen.26.30	4	H8354	and drink.
Gen.26.31	1	H7925	And they rose up betimes
Gen.26.31	2	H1242	in the morning,
Gen.26.31	3	H7650	and sware
Gen.26.31	4	H376	one
Gen.26.31	5	H251	to another:
Gen.26.31	6	H3327	and Isaac
Gen.26.31	7	H7971	sent them away,
Gen.26.31	8	H3212	and they departed
Gen.26.31	9	H7965	from him in peace.
Gen.26.32	1	H3117	And it came to pass the same day,
Gen.26.32	2	H3327	that Isaac's
Gen.26.32	3	H5650	servants
Gen.26.32	4	H935	came,
Gen.26.32	5	H5046	and told
Gen.26.32	6	H182	him concerning
Gen.26.32	7	H875	the well
Gen.26.32	8	H2658	which they had digged,
Gen.26.32	9	H559	and said
Gen.26.32	10	H4672	unto him, We have found
Gen.26.32	11	H4325	water.
Gen.26.33	1	H7121	And he called
Gen.26.33	2	H7656	it Shibah:
Gen.26.33	3	H8034	therefore the name
Gen.26.33	4	H5892	of the city
Gen.26.33	5	H884	is Beer-sheba
Gen.26.33	6	H3117	unto this day.
Gen.26.34	1	H6215	And when Esau
Gen.26.34	2	H705	was forty
Gen.26.34	3	H8141	years
Gen.26.34	4	H1121	old
Gen.26.34	5	H3947	he took
Gen.26.34	6	H802	to wife
Gen.26.34	7	H3067	Judith
Gen.26.34	8	H1323	the daughter
Gen.26.34	9	H882	of Beeri
Gen.26.34	10	H2850	the Hittite,
Gen.26.34	11	H1315	and Basemath
Gen.26.34	12	H1323	the daughter
Gen.26.34	13	H356	of Elon
Gen.26.34	14	H2850	the Hittite:
Gen.26.35	1	H4786	and they were a grief
Gen.26.35	2	H7307	of mind
Gen.26.35	3	H3327	unto Isaac
Gen.26.35	4	H7259	and to Rebekah.
Gen.27.1	1	H1961	And it came to pass,
Gen.27.1	2	H3327	that when Isaac
Gen.27.1	3	H2204	was old,
Gen.27.1	4	H5869	and his eyes
Gen.27.1	5	H3543	were dim,
Gen.27.1	6	H7200	so that he could not see,
Gen.27.1	7	H7121	he called
Gen.27.1	8	H6215	Esau
Gen.27.1	9	H1419	his elder
Gen.27.1	10	H1121	son,
Gen.27.1	11	H559	and said
Gen.27.1	12	H1121	unto him, My son:
Gen.27.1	13	H559	and he said unto him, Here am I.
Gen.27.2	1	H559	And he said,
Gen.27.2	2	H2204	Behold now, I am old,
Gen.27.2	3	H3045	I know
Gen.27.2	4	H3117	not the day
Gen.27.2	5	H4194	of my death.
Gen.27.3	1	H5375	Now therefore take,
Gen.27.3	2	H3627	I pray thee, thy weapons,
Gen.27.3	3	H8522	thy quiver
Gen.27.3	4	H7198	and thy bow,
Gen.27.3	5	H3318	and go out
Gen.27.3	6	H7704	to the field,
Gen.27.3	7	H6679	and take
Gen.27.3	8	H6718	me venison;
Gen.27.4	1	H6213	and make
Gen.27.4	2	H4303	me savory food,
Gen.27.4	3	H834	such as
Gen.27.4	4	H157	I love,
Gen.27.4	5	H935	and bring
Gen.27.4	6	H398	it to me, that I may eat;
Gen.27.4	7	H5315	that my soul
Gen.27.4	8	H1288	may bless
Gen.27.4	9	H2962	thee before
Gen.27.4	10	H4191	I die.
Gen.27.5	1	H7259	And Rebekah
Gen.27.5	2	H8085	heard
Gen.27.5	3	H3327	when Isaac
Gen.27.5	4	H1696	spake
Gen.27.5	5	H6215	to Esau
Gen.27.5	6	H1121	his son.
Gen.27.5	7	H6215	And Esau
Gen.27.5	8	H3212	went
Gen.27.5	9	H7704	to the field
Gen.27.5	10	H6679	to hunt
Gen.27.5	11	H6718	for venison,
Gen.27.5	12	H935	and to bring it.
Gen.27.6	1	H7259	And Rebekah
Gen.27.6	2	H559	spake
Gen.27.6	3	H3290	unto Jacob
Gen.27.6	4	H1121	her son,
Gen.27.6	5	H559	saying,
Gen.27.6	6	H8085	Behold, I heard
Gen.27.6	7	H1	thy father
Gen.27.6	8	H1696	speak
Gen.27.6	9	H6215	unto Esau
Gen.27.6	10	H251	thy brother,
Gen.27.6	11	H559	saying,
Gen.27.7	1	H935	Bring
Gen.27.7	2	H6718	me venison,
Gen.27.7	3	H6213	and make
Gen.27.7	4	H4303	me savory food,
Gen.27.7	5	H398	that I may eat,
Gen.27.7	6	H1288	and bless
Gen.27.7	7	H6440	thee before
Gen.27.7	8	H3068	Jehovah
Gen.27.7	9	H6440	before
Gen.27.7	10	H4194	my death.
Gen.27.8	1	H1121	Now therefore, my son,
Gen.27.8	2	H8085	obey
Gen.27.8	3	H6963	my voice
Gen.27.8	4	H834	according to that which
Gen.27.8	5	H6680	I command thee.
Gen.27.9	1	H3212	Go
Gen.27.9	2	H6629	now to the flock,
Gen.27.9	3	H3947	and fetch
Gen.27.9	4	H8147	me from thence two
Gen.27.9	5	H2896	good
Gen.27.9	6	H1423	kids
Gen.27.9	7	H5795	of the goats;
Gen.27.9	8	H6213	and I will make
Gen.27.9	9	H4303	them savory food
Gen.27.9	10	H1	for thy father,
Gen.27.9	11	H157	such as he loveth:
Gen.27.10	1	H935	and thou shalt bring
Gen.27.10	2	H1	it to thy father,
Gen.27.10	3	H398	that he may eat,
Gen.27.10	4	H834	so that
Gen.27.10	5	H1288	he may bless
Gen.27.10	6	H6440	thee before
Gen.27.10	7	H4194	his death.
Gen.27.11	1	H3290	And Jacob
Gen.27.11	2	H559	said
Gen.27.11	3	H7259	to Rebekah
Gen.27.11	4	H517	his mother,
Gen.27.11	5	H6215	Behold, Esau
Gen.27.11	6	H251	my brother
Gen.27.11	7	H8163	is a hairy
Gen.27.11	8	H376	man,
Gen.27.11	9	H2509	and I am a smooth
Gen.27.11	10	H376	man.
Gen.27.12	1	H1	My father
Gen.27.12	2	H4959	peradventure will feel
Gen.27.12	3	H5869	me, and I shall seem
Gen.27.12	4	H8591	to him as a deceiver;
Gen.27.12	5	H935	and I shall bring
Gen.27.12	6	H7045	a curse
Gen.27.12	7	H1293	upon me, and not a blessing.
Gen.27.13	1	H517	And his mother
Gen.27.13	2	H559	said
Gen.27.13	3	H7045	unto him, Upon me be thy curse,
Gen.27.13	4	H1121	my son;
Gen.27.13	5	H8085	only obey
Gen.27.13	6	H6963	my voice,
Gen.27.13	7	H3212	and go
Gen.27.13	8	H3947	fetch me them.
Gen.27.14	1	H3212	And he went,
Gen.27.14	2	H3947	and fetched,
Gen.27.14	3	H935	and brought
Gen.27.14	4	H517	them to his mother:
Gen.27.14	5	H517	and his mother
Gen.27.14	6	H6213	made
Gen.27.14	7	H4303	savory food,
Gen.27.14	8	H1	such as his father
Gen.27.14	9	H157	loved.
Gen.27.15	1	H7259	And Rebekah
Gen.27.15	2	H3947	took
Gen.27.15	3	H2532	the goodly
Gen.27.15	4	H899	garments
Gen.27.15	5	H6215	of Esau
Gen.27.15	6	H1419	her elder
Gen.27.15	7	H1121	son,
Gen.27.15	8	H1004	which were with her in the house,
Gen.27.15	9	H3847	and put them upon
Gen.27.15	10	H3290	Jacob
Gen.27.15	11	H6996	her younger
Gen.27.15	12	H1121	son;
Gen.27.16	1	H3847	and she put
Gen.27.16	2	H5785	the skins
Gen.27.16	3	H1423	of the kids
Gen.27.16	4	H5795	of the goats
Gen.27.16	5	H3027	upon his hands,
Gen.27.16	6	H2513	and upon the smooth
Gen.27.16	7	H6677	of his neck:
Gen.27.17	1	H5414	and she gave
Gen.27.17	2	H4303	the savory food
Gen.27.17	3	H3899	and the bread,
Gen.27.17	4	H6213	which she had prepared,
Gen.27.17	5	H3027	into the hand
Gen.27.17	6	H1121	of her son
Gen.27.17	7	H3290	Jacob.
Gen.27.18	1	H935	And he came
Gen.27.18	2	H1	unto his father,
Gen.27.18	3	H559	and said,
Gen.27.18	4	H1	My father:
Gen.27.18	5	H559	and he said,
Gen.27.18	6	H1121	Here am I; who art thou, my son?
Gen.27.19	1	H3290	And Jacob
Gen.27.19	2	H559	said
Gen.27.19	3	H1	unto his father,
Gen.27.19	4	H6215	I am Esau
Gen.27.19	5	H1060	thy first-born;
Gen.27.19	6	H6213	I have done
Gen.27.19	7	H1696	according as thou badest
Gen.27.19	8	H6965	me: arise,
Gen.27.19	9	H3427	I pray thee, sit
Gen.27.19	10	H398	and eat
Gen.27.19	11	H6718	of my venison,
Gen.27.19	12	H5315	that thy soul
Gen.27.19	13	H1288	may bless me.
Gen.27.20	1	H3327	And Isaac
Gen.27.20	2	H559	said
Gen.27.20	3	H1121	unto his son,
Gen.27.20	4	H4672	How is it that thou hast found
Gen.27.20	5	H4116	it so quickly,
Gen.27.20	6	H1121	my son?
Gen.27.20	7	H559	And he said,
Gen.27.20	8	H3068	Because Jehovah
Gen.27.20	9	H430	thy God
Gen.27.20	10	H7136	sent
Gen.27.20	11	H6440	me good speed.
Gen.27.21	1	H3327	And Isaac
Gen.27.21	2	H559	said
Gen.27.21	3	H3290	unto Jacob,
Gen.27.21	4	H5066	Come near,
Gen.27.21	5	H4184	I pray thee, that I may feel
Gen.27.21	6	H1121	thee, my son,
Gen.27.21	7	H2088	whether thou be my very
Gen.27.21	8	H1121	son
Gen.27.21	9	H6215	Esau or not.
Gen.27.22	1	H3290	And Jacob
Gen.27.22	2	H5066	went near
Gen.27.22	3	H3327	unto Isaac
Gen.27.22	4	H1	his father;
Gen.27.22	5	H4959	and he felt
Gen.27.22	6	H559	him, and said,
Gen.27.22	7	H6963	The voice
Gen.27.22	8	H3290	is Jacob's
Gen.27.22	9	H6963	voice,
Gen.27.22	10	H3027	but the hands
Gen.27.22	11	H3027	are the hands
Gen.27.22	12	H6215	of Esau.
Gen.27.23	1	H5234	And he discerned
Gen.27.23	2	H3027	him not, because his hands
Gen.27.23	3	H8163	were hairy,
Gen.27.23	4	H251	as his brother
Gen.27.23	5	H6215	Esau's
Gen.27.23	6	H3027	hands:
Gen.27.23	7	H1288	so he blessed him.
Gen.27.24	1	H559	And he said,
Gen.27.24	2	H1121	Art thou my very son
Gen.27.24	3	H6215	Esau?
Gen.27.24	4	H559	And he said, I am.
Gen.27.25	1	H559	And he said,
Gen.27.25	2	H5066	Bring it near
Gen.27.25	3	H398	to me, and I will eat
Gen.27.25	4	H1121	of my son's
Gen.27.25	5	H6718	venison,
Gen.27.25	6	H5315	that my soul
Gen.27.25	7	H1288	may bless
Gen.27.25	8	H5066	thee. And he brought it near
Gen.27.25	9	H398	to him, and he did eat:
Gen.27.25	10	H935	and he brought
Gen.27.25	11	H3196	him wine,
Gen.27.25	12	H8354	and he drank.
Gen.27.26	1	H1	And his father
Gen.27.26	2	H3327	Isaac
Gen.27.26	3	H559	said
Gen.27.26	4	H5066	unto him, Come near
Gen.27.26	5	H5401	now, and kiss
Gen.27.26	6	H1121	me, my son.
Gen.27.27	1	H5066	And he came near,
Gen.27.27	2	H5401	and kissed
Gen.27.27	3	H7306	him: and he smelled
Gen.27.27	4	H7381	the smell
Gen.27.27	5	H899	of his raiment,
Gen.27.27	6	H1288	and blessed
Gen.27.27	7	H559	him, and said,
Gen.27.27	8	H7200	See,
Gen.27.27	9	H7381	the smell
Gen.27.27	10	H1121	of my son
Gen.27.27	11	H7381	Is as the smell
Gen.27.27	12	H7704	of a field
Gen.27.27	13	H3068	which Jehovah
Gen.27.27	14	H1288	hath blessed:
Gen.27.28	1	H430	And God
Gen.27.28	2	H5414	give
Gen.27.28	3	H2919	thee of the dew
Gen.27.28	4	H8064	of heaven,
Gen.27.28	5	H4924	And of the fatness
Gen.27.28	6	H776	of the earth,
Gen.27.28	7	H7230	And plenty
Gen.27.28	8	H1715	of grain
Gen.27.28	9	H8492	and new wine:
Gen.27.29	1	H5971	Let peoples
Gen.27.29	2	H5647	serve
Gen.27.29	3	H3816	thee, And nations
Gen.27.29	4	H7812	bow down
Gen.27.29	5	H1933	to thee: Be
Gen.27.29	6	H1376	lord
Gen.27.29	7	H251	over thy brethren,
Gen.27.29	8	H517	And let thy mother's
Gen.27.29	9	H1121	sons
Gen.27.29	10	H7812	bow down
Gen.27.29	11	H779	to thee: Cursed
Gen.27.29	12	H779	be every one that curseth
Gen.27.29	13	H1288	thee, And blessed
Gen.27.29	14	H1288	be every one that blesseth thee.
Gen.27.30	1	H3327	And it came to pass, as soon as Isaac
Gen.27.30	2	H3615	had made an end
Gen.27.30	3	H1288	of blessing
Gen.27.30	4	H3290	Jacob,
Gen.27.30	5	H3290	and Jacob
Gen.27.30	6	H389	was yet
Gen.27.30	7	H3318	scarce
Gen.27.30	8	H3318	gone out
Gen.27.30	9	H6440	from the presence
Gen.27.30	10	H3327	of Isaac
Gen.27.30	11	H1	his father,
Gen.27.30	12	H6215	that Esau
Gen.27.30	13	H251	his brother
Gen.27.30	14	H935	came in
Gen.27.30	15	H6718	from his hunting.
Gen.27.31	1	H6213	And he also made
Gen.27.31	2	H4303	savory food,
Gen.27.31	3	H935	and brought it
Gen.27.31	4	H1	unto his father;
Gen.27.31	5	H559	and he said
Gen.27.31	6	H1	unto his father,
Gen.27.31	7	H1	Let my father
Gen.27.31	8	H6965	arise,
Gen.27.31	9	H398	and eat
Gen.27.31	10	H1121	of his son's
Gen.27.31	11	H6718	venison,
Gen.27.31	12	H5315	that thy soul
Gen.27.31	13	H1288	may bless me.
Gen.27.32	1	H3327	And Isaac
Gen.27.32	2	H1	his father
Gen.27.32	3	H559	said
Gen.27.32	4	H559	unto him, Who art thou? And he said,
Gen.27.32	5	H1121	I am thy son,
Gen.27.32	6	H1060	thy first-born,
Gen.27.32	7	H6215	Esau.
Gen.27.33	1	H3327	And Isaac
Gen.27.33	2	H2729	trembled
Gen.27.33	3	H1419	very
Gen.27.33	4	H3966	exceedingly,
Gen.27.33	5	H559	and said,
Gen.27.33	6	H645	Who then
Gen.27.33	7	H6679	is he that hath taken
Gen.27.33	8	H6718	venison,
Gen.27.33	9	H935	and brought
Gen.27.33	10	H398	it me, and I have eaten
Gen.27.33	11	H935	of all before thou camest,
Gen.27.33	12	H1288	and have blessed
Gen.27.33	13	H1288	him? yea, and he shall be blessed.
Gen.27.34	1	H6215	When Esau
Gen.27.34	2	H8085	heard
Gen.27.34	3	H1697	the words
Gen.27.34	4	H1	of his father,
Gen.27.34	5	H6817	he cried
Gen.27.34	6	H3966	with an exceeding
Gen.27.34	7	H1419	great
Gen.27.34	8	H4751	and bitter
Gen.27.34	9	H6818	cry,
Gen.27.34	10	H559	and said
Gen.27.34	11	H1	unto his father,
Gen.27.34	12	H1288	Bless
Gen.27.34	13	H1	me, even me also, O my father.
Gen.27.35	1	H559	And he said,
Gen.27.35	2	H251	Thy brother
Gen.27.35	3	H935	came
Gen.27.35	4	H4820	with guile,
Gen.27.35	5	H3947	and hath taken away
Gen.27.35	6	H1293	thy blessing.
Gen.27.36	1	H559	And he said,
Gen.27.36	2	H3588	Is not he rightly
Gen.27.36	3	H7121	named
Gen.27.36	4	H3290	Jacob?
Gen.27.36	5	H6117	for he hath supplanted me
Gen.27.36	6	H2088	these
Gen.27.36	7	H6471	two times:
Gen.27.36	8	H3947	he took away
Gen.27.36	9	H1062	my birthright;
Gen.27.36	10	H3947	and, behold, now he hath taken away
Gen.27.36	11	H1293	my blessing.
Gen.27.36	12	H559	And he said,
Gen.27.36	13	H680	Hast thou not reserved
Gen.27.36	14	H1293	a blessing for me?
Gen.27.37	1	H3327	And Isaac
Gen.27.37	2	H6030	answered
Gen.27.37	3	H559	and said
Gen.27.37	4	H6215	unto Esau,
Gen.27.37	5	H7760	Behold, I have made
Gen.27.37	6	H1376	him thy lord,
Gen.27.37	7	H251	and all his brethren
Gen.27.37	8	H5414	have I given
Gen.27.37	9	H5650	to him for servants;
Gen.27.37	10	H1715	and with grain
Gen.27.37	11	H8492	and new wine
Gen.27.37	12	H5564	have I sustained
Gen.27.37	13	H6213	him: and what then shall I do
Gen.27.37	14	H645	for
Gen.27.37	15	H1121	thee, my son?
Gen.27.38	1	H6215	And Esau
Gen.27.38	2	H559	said
Gen.27.38	3	H1	unto his father,
Gen.27.38	4	H259	Hast thou but one
Gen.27.38	5	H1293	blessing,
Gen.27.38	6	H1	my father?
Gen.27.38	7	H1288	Bless
Gen.27.38	8	H1	me, even me also, O my father.
Gen.27.38	9	H6215	And Esau
Gen.27.38	10	H5375	lifted up
Gen.27.38	11	H6963	his voice,
Gen.27.38	12	H1058	and wept.
Gen.27.39	1	H3327	And Isaac
Gen.27.39	2	H1	his father
Gen.27.39	3	H6030	answered
Gen.27.39	4	H559	and said
Gen.27.39	5	H4924	unto him, Behold, of the fatness
Gen.27.39	6	H776	of the earth
Gen.27.39	7	H4186	shall be thy dwelling,
Gen.27.39	8	H2919	And of the dew
Gen.27.39	9	H8064	of heaven
Gen.27.39	10	H5920	from above;
Gen.27.40	1	H2719	And by thy sword
Gen.27.40	2	H2421	shalt thou live,
Gen.27.40	3	H5647	and thou shalt serve
Gen.27.40	4	H251	thy brother;
Gen.27.40	5	H6561	And it shall come to pass, when thou shalt break
Gen.27.40	6	H6561	loose, That thou shalt shake
Gen.27.40	7	H5923	his yoke
Gen.27.40	8	H6677	from off thy neck.
Gen.27.41	1	H6215	And Esau
Gen.27.41	2	H7852	hated
Gen.27.41	3	H3290	Jacob
Gen.27.41	4	H5921	because
Gen.27.41	5	H1293	of the blessing
Gen.27.41	6	H834	wherewith
Gen.27.41	7	H1	his father
Gen.27.41	8	H1288	blessed him:
Gen.27.41	9	H6215	and Esau
Gen.27.41	10	H559	said
Gen.27.41	11	H3820	in his heart,
Gen.27.41	12	H3117	The days
Gen.27.41	13	H60	of mourning
Gen.27.41	14	H1	for my father
Gen.27.41	15	H7126	are at hand;
Gen.27.41	16	H2026	then will I slay
Gen.27.41	17	H251	my brother
Gen.27.41	18	H3290	Jacob.
Gen.27.42	1	H1697	And the words
Gen.27.42	2	H6215	of Esau
Gen.27.42	3	H1419	her elder
Gen.27.42	4	H1121	son
Gen.27.42	5	H5046	were told
Gen.27.42	6	H7259	to Rebekah;
Gen.27.42	7	H7971	and she sent
Gen.27.42	8	H7121	and called
Gen.27.42	9	H3290	Jacob
Gen.27.42	10	H6996	her younger
Gen.27.42	11	H1121	son,
Gen.27.42	12	H559	and said
Gen.27.42	13	H251	unto him, Behold, thy brother
Gen.27.42	14	H6215	Esau,
Gen.27.42	15	H5162	as touching thee, doth comfort
Gen.27.42	16	H2026	himself, purposing to kill thee.
Gen.27.43	1	H1121	Now therefore, my son,
Gen.27.43	2	H8085	obey
Gen.27.43	3	H6963	my voice;
Gen.27.43	4	H6965	and arise,
Gen.27.43	5	H1272	flee
Gen.27.43	6	H3837	thou to Laban
Gen.27.43	7	H251	my brother
Gen.27.43	8	H2771	to Haran;
Gen.27.44	1	H3427	and tarry
Gen.27.44	2	H259	with him a few
Gen.27.44	3	H3117	days,
Gen.27.44	4	H834	until
Gen.27.44	5	H251	thy brother's
Gen.27.44	6	H2534	fury
Gen.27.44	7	H7725	turn away;
Gen.27.45	1	H251	until thy brother's
Gen.27.45	2	H639	anger
Gen.27.45	3	H7725	turn away
Gen.27.45	4	H7911	from thee, and he forget
Gen.27.45	5	H6213	that which thou hast done
Gen.27.45	6	H7971	to him: then I will send,
Gen.27.45	7	H3947	and fetch
Gen.27.45	8	H4100	thee from thence: why
Gen.27.45	9	H7921	should I be bereaved
Gen.27.45	10	H8147	of you both
Gen.27.45	11	H259	in one
Gen.27.45	12	H3117	day?
Gen.27.46	1	H7259	And Rebekah
Gen.27.46	2	H559	said
Gen.27.46	3	H3327	to Isaac,
Gen.27.46	4	H6973	I am weary
Gen.27.46	5	H2416	of my life
Gen.27.46	6	H6440	because
Gen.27.46	7	H1323	of the daughters
Gen.27.46	8	H2845	of Heth:
Gen.27.46	9	H3290	if Jacob
Gen.27.46	10	H3947	take
Gen.27.46	11	H802	a wife
Gen.27.46	12	H1323	of the daughters
Gen.27.46	13	H2845	of Heth,
Gen.27.46	14	H1323	such as these, of the daughters
Gen.27.46	15	H776	of the land,
Gen.27.46	16	H4100	what good
Gen.27.46	17	H2416	shall my life do me?
Gen.28.1	1	H3327	And Isaac
Gen.28.1	2	H7121	called
Gen.28.1	3	H3290	Jacob,
Gen.28.1	4	H1288	and blessed
Gen.28.1	5	H6680	him, and charged
Gen.28.1	6	H559	him, and said
Gen.28.1	7	H3947	unto him, Thou shalt not take
Gen.28.1	8	H802	a wife
Gen.28.1	9	H1323	of the daughters
Gen.28.1	10	H3667	of Canaan.
Gen.28.2	1	H6965	Arise,
Gen.28.2	2	H3212	go
Gen.28.2	3	H6307	to Paddan-aram,
Gen.28.2	4	H1004	to the house
Gen.28.2	5	H1328	of Bethuel
Gen.28.2	6	H517	thy mother's
Gen.28.2	7	H1	father;
Gen.28.2	8	H3947	and take
Gen.28.2	9	H802	thee a wife
Gen.28.2	10	H1323	from thence of the daughters
Gen.28.2	11	H3837	of Laban
Gen.28.2	12	H517	thy mother's
Gen.28.2	13	H251	brother.
Gen.28.3	1	H410	And God
Gen.28.3	2	H7706	Almighty
Gen.28.3	3	H1288	bless
Gen.28.3	4	H6509	thee, and make thee fruitful,
Gen.28.3	5	H7235	and multiply
Gen.28.3	6	H6951	thee, that thou mayest be a company
Gen.28.3	7	H5971	of peoples;
Gen.28.4	1	H5414	and give
Gen.28.4	2	H1293	thee the blessing
Gen.28.4	3	H85	of Abraham,
Gen.28.4	4	H2233	to thee, and to thy seed
Gen.28.4	5	H3423	with thee; that thou mayest inherit
Gen.28.4	6	H776	the land
Gen.28.4	7	H4033	of thy sojournings,
Gen.28.4	8	H430	which God
Gen.28.4	9	H5414	gave
Gen.28.4	10	H85	unto Abraham.
Gen.28.5	1	H3327	And Isaac
Gen.28.5	2	H7971	sent away
Gen.28.5	3	H3290	Jacob:
Gen.28.5	4	H3212	and he went
Gen.28.5	5	H6307	to Paddan-aram
Gen.28.5	6	H3837	unto Laban,
Gen.28.5	7	H1121	son
Gen.28.5	8	H1328	of Bethuel
Gen.28.5	9	H761	the Syrian,
Gen.28.5	10	H251	the brother
Gen.28.5	11	H7259	of Rebekah,
Gen.28.5	12	H3290	Jacob's
Gen.28.5	13	H6215	and Esau's
Gen.28.5	14	H517	mother.
Gen.28.6	1	H6215	Now Esau
Gen.28.6	2	H7200	saw
Gen.28.6	3	H3327	that Isaac
Gen.28.6	4	H1288	had blessed
Gen.28.6	5	H3290	Jacob
Gen.28.6	6	H7971	and sent him away
Gen.28.6	7	H6307	to Paddan-aram,
Gen.28.6	8	H3947	to take
Gen.28.6	9	H802	him a wife
Gen.28.6	10	H1288	from thence; and that as he blessed
Gen.28.6	11	H6680	him he gave him a charge,
Gen.28.6	12	H559	saying,
Gen.28.6	13	H3947	Thou shalt not take
Gen.28.6	14	H802	a wife
Gen.28.6	15	H1323	of the daughters
Gen.28.6	16	H3667	of Canaan;
Gen.28.7	1	H3290	and that Jacob
Gen.28.7	2	H8085	obeyed
Gen.28.7	3	H1	his father
Gen.28.7	4	H517	and his mother,
Gen.28.7	5	H3212	and was gone
Gen.28.7	6	H6307	to Paddan-aram:
Gen.28.8	1	H6215	and Esau
Gen.28.8	2	H7200	saw
Gen.28.8	3	H1323	that the daughters
Gen.28.8	4	H3667	of Canaan
Gen.28.8	5	H5869	pleased
Gen.28.8	6	H7451	not
Gen.28.8	7	H3327	Isaac
Gen.28.8	8	H1	his father;
Gen.28.9	1	H6215	and Esau
Gen.28.9	2	H3212	went
Gen.28.9	3	H3458	unto Ishmael,
Gen.28.9	4	H3947	and took,
Gen.28.9	5	H802	besides the wives
Gen.28.9	6	H4258	that he had, Mahalath
Gen.28.9	7	H1323	the daughter
Gen.28.9	8	H3458	of Ishmael
Gen.28.9	9	H85	Abraham's
Gen.28.9	10	H1121	son,
Gen.28.9	11	H269	the sister
Gen.28.9	12	H5032	of Nebaioth,
Gen.28.9	13	H802	to be his wife.
Gen.28.10	1	H3290	And Jacob
Gen.28.10	2	H3318	went out
Gen.28.10	3	H884	from Beer-sheba,
Gen.28.10	4	H3212	and went
Gen.28.10	5	H2771	toward Haran.
Gen.28.11	1	H6293	And he lighted
Gen.28.11	2	H4725	upon a certain place,
Gen.28.11	3	H3885	and tarried there all night,
Gen.28.11	4	H8121	because the sun
Gen.28.11	5	H935	was set;
Gen.28.11	6	H3947	and he took
Gen.28.11	7	H68	one of the stones
Gen.28.11	8	H4725	of the place,
Gen.28.11	9	H7760	and put
Gen.28.11	10	H4763	it under his head,
Gen.28.11	11	H7901	and lay down
Gen.28.11	12	H4725	in that place
Gen.28.11	13	H7901	to sleep.
Gen.28.12	1	H2492	And he dreamed;
Gen.28.12	2	H5551	and behold, a ladder
Gen.28.12	3	H5324	set up
Gen.28.12	4	H776	on the earth,
Gen.28.12	5	H7218	and the top of it
Gen.28.12	6	H5060	reached
Gen.28.12	7	H8064	to heaven;
Gen.28.12	8	H4397	and, behold, the angels
Gen.28.12	9	H430	of God
Gen.28.12	10	H5927	ascending
Gen.28.12	11	H3381	and descending on it.
Gen.28.13	1	H3068	And, behold, Jehovah
Gen.28.13	2	H5324	stood
Gen.28.13	3	H559	above it, and said,
Gen.28.13	4	H3068	I am Jehovah,
Gen.28.13	5	H430	the God
Gen.28.13	6	H85	of Abraham
Gen.28.13	7	H1	thy father,
Gen.28.13	8	H430	and the God
Gen.28.13	9	H3327	of Isaac:
Gen.28.13	10	H776	the land
Gen.28.13	11	H7901	whereon thou liest,
Gen.28.13	12	H5414	to thee will I give it,
Gen.28.13	13	H2233	and to thy seed;
Gen.28.14	1	H2233	and thy seed
Gen.28.14	2	H6083	shall be as the dust
Gen.28.14	3	H776	of the earth,
Gen.28.14	4	H6555	and thou shalt spread abroad
Gen.28.14	5	H3220	to the west,
Gen.28.14	6	H6924	and to the east,
Gen.28.14	7	H6828	and to the north,
Gen.28.14	8	H5045	and to the south:
Gen.28.14	9	H2233	and in thee and in thy seed
Gen.28.14	10	H4940	shall all the families
Gen.28.14	11	H127	of the earth
Gen.28.14	12	H1288	be blessed.
Gen.28.15	1	H8104	And, behold, I am with thee, and will keep
Gen.28.15	2	H834	thee whithersoever
Gen.28.15	3	H3212	thou goest,
Gen.28.15	4	H7725	and will bring thee again
Gen.28.15	5	H127	into this land;
Gen.28.15	6	H5800	for I will not leave
Gen.28.15	7	H834	thee, until
Gen.28.15	8	H6213	I have done
Gen.28.15	9	H1696	that which I have spoken to thee of.
Gen.28.16	1	H3290	And Jacob
Gen.28.16	2	H3364	awaked
Gen.28.16	3	H8142	out of his sleep,
Gen.28.16	4	H559	and he said,
Gen.28.16	5	H403	Surely
Gen.28.16	6	H3068	Jehovah
Gen.28.16	7	H3426	is
Gen.28.16	8	H4725	in this place;
Gen.28.16	9	H3045	and I knew it not.
Gen.28.17	1	H3372	And he was afraid,
Gen.28.17	2	H559	and said,
Gen.28.17	3	H3372	How dreadful
Gen.28.17	4	H4725	is this place!
Gen.28.17	5	H1004	this is none other than the house
Gen.28.17	6	H430	of God,
Gen.28.17	7	H8179	and this is the gate
Gen.28.17	8	H8064	of heaven.
Gen.28.18	1	H3290	And Jacob
Gen.28.18	2	H7925	rose up early
Gen.28.18	3	H1242	in the morning,
Gen.28.18	4	H3947	and took
Gen.28.18	5	H68	the stone
Gen.28.18	6	H7760	that he had put
Gen.28.18	7	H4763	under his head,
Gen.28.18	8	H7760	and set it up
Gen.28.18	9	H4676	for a pillar,
Gen.28.18	10	H3332	and poured
Gen.28.18	11	H8081	oil
Gen.28.18	12	H7218	upon the top of it.
Gen.28.19	1	H7121	And he called
Gen.28.19	2	H8034	the name
Gen.28.19	3	H4725	of that place
Gen.28.19	4	H1008	Beth-el:
Gen.28.19	5	H199	but
Gen.28.19	6	H8034	the name
Gen.28.19	7	H5892	of the city
Gen.28.19	8	H3870	was Luz
Gen.28.19	9	H7223	at the first.
Gen.28.20	1	H3290	And Jacob
Gen.28.20	2	H5087	vowed
Gen.28.20	3	H5088	a vow,
Gen.28.20	4	H559	saying,
Gen.28.20	5	H430	If God
Gen.28.20	6	H8104	will be with me, and will keep me
Gen.28.20	7	H1870	in this way
Gen.28.20	8	H1980	that I go,
Gen.28.20	9	H5414	and will give
Gen.28.20	10	H3899	me bread
Gen.28.20	11	H398	to eat,
Gen.28.20	12	H899	and raiment
Gen.28.20	13	H3847	to put on,
Gen.28.21	1	H7725	so that I come again
Gen.28.21	2	H1	to my father's
Gen.28.21	3	H1004	house
Gen.28.21	4	H7965	in peace,
Gen.28.21	5	H3068	and Jehovah
Gen.28.21	6	H430	will be my God,
Gen.28.22	1	H68	then this stone,
Gen.28.22	2	H7760	which I have set
Gen.28.22	3	H4676	up for a pillar,
Gen.28.22	4	H430	shall be God's
Gen.28.22	5	H1004	house:
Gen.28.22	6	H5414	and of all that thou shalt give
Gen.28.22	7	H6237	me I will surely
Gen.28.22	8	H6237	give the tenth unto thee.
Gen.29.1	1	H3290	Then Jacob
Gen.29.1	2	H5375	went on
Gen.29.1	3	H7272	his journey,
Gen.29.1	4	H3212	and came
Gen.29.1	5	H776	to the land
Gen.29.1	6	H1121	of the children
Gen.29.1	7	H6924	of the east.
Gen.29.2	1	H7200	And he looked,
Gen.29.2	2	H875	and, behold, a well
Gen.29.2	3	H7704	in the field,
Gen.29.2	4	H7969	and, lo, three
Gen.29.2	5	H5739	flocks
Gen.29.2	6	H6629	of sheep
Gen.29.2	7	H7257	lying
Gen.29.2	8	H875	there by it; for out of that well
Gen.29.2	9	H8248	they watered
Gen.29.2	10	H5739	the flocks:
Gen.29.2	11	H68	and the stone
Gen.29.2	12	H875	upon the well's
Gen.29.2	13	H6310	mouth
Gen.29.2	14	H1419	was great.
Gen.29.3	1	H5739	And thither were all the flocks
Gen.29.3	2	H622	gathered:
Gen.29.3	3	H1556	and they rolled
Gen.29.3	4	H68	the stone
Gen.29.3	5	H875	from the well's
Gen.29.3	6	H6310	mouth,
Gen.29.3	7	H8248	and watered
Gen.29.3	8	H6629	the sheep,
Gen.29.3	9	H7725	and put
Gen.29.3	10	H68	the stone
Gen.29.3	11	H7725	again
Gen.29.3	12	H875	upon the well's
Gen.29.3	13	H6310	mouth
Gen.29.3	14	H4725	in its place.
Gen.29.4	1	H3290	And Jacob
Gen.29.4	2	H559	said
Gen.29.4	3	H251	unto them, My brethren,
Gen.29.4	4	H370	whence
Gen.29.4	5	H559	are ye? And they said,
Gen.29.4	6	H2771	Of Haran are we.
Gen.29.5	1	H559	And he said
Gen.29.5	2	H3045	unto them, Know
Gen.29.5	3	H3837	ye Laban
Gen.29.5	4	H1121	the son
Gen.29.5	5	H5152	of Nahor?
Gen.29.5	6	H559	And they said,
Gen.29.5	7	H3045	We know him.
Gen.29.6	1	H559	And he said
Gen.29.6	2	H7965	unto them, Is it well
Gen.29.6	3	H559	with him? And they said,
Gen.29.6	4	H7965	It is well:
Gen.29.6	5	H7354	and, behold, Rachel
Gen.29.6	6	H1323	his daughter
Gen.29.6	7	H935	cometh
Gen.29.6	8	H6629	with the sheep.
Gen.29.7	1	H559	And he said,
Gen.29.7	2	H2005	Lo,
Gen.29.7	3	H1419	it is yet high
Gen.29.7	4	H3117	day,
Gen.29.7	5	H6256	neither is it time
Gen.29.7	6	H4735	that the cattle
Gen.29.7	7	H622	should be gathered together:
Gen.29.7	8	H8248	water
Gen.29.7	9	H6629	ye the sheep,
Gen.29.7	10	H3212	and go
Gen.29.7	11	H7462	and feed them.
Gen.29.8	1	H559	And they said,
Gen.29.8	2	H3201	We cannot,
Gen.29.8	3	H5739	until all the flocks
Gen.29.8	4	H622	be gathered together,
Gen.29.8	5	H1556	and they roll
Gen.29.8	6	H68	the stone
Gen.29.8	7	H875	from the well's
Gen.29.8	8	H6310	mouth;
Gen.29.8	9	H8248	then we water
Gen.29.8	10	H6629	the sheep.
Gen.29.9	1	H5750	While he was yet
Gen.29.9	2	H1696	speaking
Gen.29.9	3	H7354	with them, Rachel
Gen.29.9	4	H935	came
Gen.29.9	5	H1	with her father's
Gen.29.9	6	H6629	sheep;
Gen.29.9	7	H7462	for she kept them.
Gen.29.10	1	H3290	And it came to pass, when Jacob
Gen.29.10	2	H7200	saw
Gen.29.10	3	H7354	Rachel
Gen.29.10	4	H1323	the daughter
Gen.29.10	5	H3837	of Laban
Gen.29.10	6	H517	his mother's
Gen.29.10	7	H251	brother,
Gen.29.10	8	H6629	and the sheep
Gen.29.10	9	H3837	of Laban
Gen.29.10	10	H517	his mother's
Gen.29.10	11	H251	brother,
Gen.29.10	12	H3290	that Jacob
Gen.29.10	13	H5066	went near,
Gen.29.10	14	H1556	and rolled
Gen.29.10	15	H68	the stone
Gen.29.10	16	H875	from the well's
Gen.29.10	17	H6310	mouth,
Gen.29.10	18	H8248	and watered
Gen.29.10	19	H6629	the flock
Gen.29.10	20	H3837	of Laban
Gen.29.10	21	H517	his mother's
Gen.29.10	22	H251	brother.
Gen.29.11	1	H3290	And Jacob
Gen.29.11	2	H5401	kissed
Gen.29.11	3	H7354	Rachel,
Gen.29.11	4	H5375	and lifted up
Gen.29.11	5	H6963	his voice,
Gen.29.11	6	H1058	and wept.
Gen.29.12	1	H3290	And Jacob
Gen.29.12	2	H5046	told
Gen.29.12	3	H7354	Rachel
Gen.29.12	4	H1	that he was her father's
Gen.29.12	5	H251	brother,
Gen.29.12	6	H7259	and that he was Rebekah's
Gen.29.12	7	H1121	son:
Gen.29.12	8	H7323	and she ran
Gen.29.12	9	H5046	and told
Gen.29.12	10	H1	her father.
Gen.29.13	1	H3837	And it came to pass, when Laban
Gen.29.13	2	H8085	heard
Gen.29.13	3	H8088	the tidings
Gen.29.13	4	H3290	of Jacob
Gen.29.13	5	H269	his sister's
Gen.29.13	6	H1121	son,
Gen.29.13	7	H7323	that he ran
Gen.29.13	8	H7125	to meet
Gen.29.13	9	H2263	him, and embraced
Gen.29.13	10	H5401	him, and kissed
Gen.29.13	11	H935	him, and brought
Gen.29.13	12	H1004	him to his house.
Gen.29.13	13	H5608	And he told
Gen.29.13	14	H3837	Laban
Gen.29.13	15	H1697	all these things.
Gen.29.14	1	H3837	And Laban
Gen.29.14	2	H559	said
Gen.29.14	3	H389	to him, Surely
Gen.29.14	4	H6106	thou art my bone
Gen.29.14	5	H1320	and my flesh.
Gen.29.14	6	H3427	And he abode
Gen.29.14	7	H3117	with him the space
Gen.29.14	8	H2320	of a month.
Gen.29.15	1	H3837	And Laban
Gen.29.15	2	H559	said
Gen.29.15	3	H3290	unto Jacob,
Gen.29.15	4	H251	Because thou art my brother,
Gen.29.15	5	H5647	shouldest thou therefore serve
Gen.29.15	6	H2600	me for nought?
Gen.29.15	7	H5046	tell
Gen.29.15	8	H4909	me, what shall thy wages be?
Gen.29.16	1	H3837	And Laban
Gen.29.16	2	H8147	had two
Gen.29.16	3	H1323	daughters:
Gen.29.16	4	H8034	the name
Gen.29.16	5	H1419	of the elder
Gen.29.16	6	H3812	was Leah,
Gen.29.16	7	H8034	and the name
Gen.29.16	8	H6996	of the younger
Gen.29.16	9	H7354	was Rachel.
Gen.29.17	1	H3812	And Leah's
Gen.29.17	2	H5869	eyes
Gen.29.17	3	H7390	were tender;
Gen.29.17	4	H7354	but Rachel
Gen.29.17	5	H3303	was beautiful
Gen.29.17	6	H3303	and
Gen.29.17	7	H4758	well-favored.
Gen.29.18	1	H3290	And Jacob
Gen.29.18	2	H157	loved
Gen.29.18	3	H7354	Rachel;
Gen.29.18	4	H559	and he said,
Gen.29.18	5	H5647	I will serve
Gen.29.18	6	H7651	thee seven
Gen.29.18	7	H8141	years
Gen.29.18	8	H7354	for Rachel
Gen.29.18	9	H6996	thy younger
Gen.29.18	10	H1323	daughter.
Gen.29.19	1	H3837	And Laban
Gen.29.19	2	H559	said,
Gen.29.19	3	H2896	It is better
Gen.29.19	4	H5414	that I give
Gen.29.19	5	H5414	her to thee, than that I should give
Gen.29.19	6	H312	her to another
Gen.29.19	7	H376	man:
Gen.29.19	8	H3427	abide with me.
Gen.29.20	1	H3290	And Jacob
Gen.29.20	2	H5647	served
Gen.29.20	3	H7651	seven
Gen.29.20	4	H8141	years
Gen.29.20	5	H7354	for Rachel;
Gen.29.20	6	H5869	and they seemed
Gen.29.20	7	H259	unto him but a few
Gen.29.20	8	H3117	days,
Gen.29.20	9	H160	for the love he had to her.
Gen.29.21	1	H3290	And Jacob
Gen.29.21	2	H559	said
Gen.29.21	3	H3837	unto Laban,
Gen.29.21	4	H3051	Give
Gen.29.21	5	H802	me my wife,
Gen.29.21	6	H3117	for my days
Gen.29.21	7	H4390	are fulfilled,
Gen.29.21	8	H935	that I may go in unto her.
Gen.29.22	1	H3837	And Laban
Gen.29.22	2	H622	gathered together
Gen.29.22	3	H582	all the men
Gen.29.22	4	H4725	of the place,
Gen.29.22	5	H6213	and made
Gen.29.22	6	H4960	a feast.
Gen.29.23	1	H6153	And it came to pass in the evening,
Gen.29.23	2	H3947	that he took
Gen.29.23	3	H3812	Leah
Gen.29.23	4	H1323	his daughter,
Gen.29.23	5	H935	and brought
Gen.29.23	6	H935	her to him; and he went in unto her.
Gen.29.24	1	H3837	And Laban
Gen.29.24	2	H5414	gave
Gen.29.24	3	H2153	Zilpah
Gen.29.24	4	H8198	his handmaid
Gen.29.24	5	H1323	unto his daughter
Gen.29.24	6	H3812	Leah
Gen.29.24	7	H8198	for a handmaid.
Gen.29.25	1	H1242	And it came to pass in the morning
Gen.29.25	2	H3812	that, behold, it was Leah:
Gen.29.25	3	H559	and he said
Gen.29.25	4	H3837	to Laban,
Gen.29.25	5	H6213	What is this thou hast done
Gen.29.25	6	H5647	unto me? did not I serve
Gen.29.25	7	H7354	with thee for Rachel?
Gen.29.25	8	H7411	wherefore then hast thou beguiled me?
Gen.29.26	1	H3837	And Laban
Gen.29.26	2	H559	said,
Gen.29.26	3	H6213	It is not so done
Gen.29.26	4	H4725	in our place,
Gen.29.26	5	H5414	to give
Gen.29.26	6	H6810	the younger
Gen.29.26	7	H6440	before
Gen.29.26	8	H1067	the first-born.
Gen.29.27	1	H4390	Fulfil
Gen.29.27	2	H7620	the week
Gen.29.27	3	H2063	of this one,
Gen.29.27	4	H5414	and we will give
Gen.29.27	5	H5656	thee the other also for the service
Gen.29.27	6	H5647	which thou shalt serve
Gen.29.27	7	H7651	with me yet seven
Gen.29.27	8	H312	other
Gen.29.27	9	H8141	years.
Gen.29.28	1	H3290	And Jacob
Gen.29.28	2	H6213	did
Gen.29.28	3	H4390	so, and fulfilled
Gen.29.28	4	H7620	her week:
Gen.29.28	5	H5414	and he gave
Gen.29.28	6	H7354	him Rachel
Gen.29.28	7	H1323	his daughter
Gen.29.28	8	H802	to wife.
Gen.29.29	1	H3837	And Laban
Gen.29.29	2	H5414	gave
Gen.29.29	3	H7354	to Rachel
Gen.29.29	4	H1323	his daughter
Gen.29.29	5	H1090	Bilhah
Gen.29.29	6	H8198	his handmaid
Gen.29.29	7	H8198	to be her handmaid.
Gen.29.30	1	H935	And he went in
Gen.29.30	2	H7354	also unto Rachel,
Gen.29.30	3	H157	and he loved
Gen.29.30	4	H7354	also Rachel
Gen.29.30	5	H3812	more than Leah,
Gen.29.30	6	H5647	and served
Gen.29.30	7	H7651	with him yet seven
Gen.29.30	8	H312	other
Gen.29.30	9	H8141	years.
Gen.29.31	1	H3068	And Jehovah
Gen.29.31	2	H7200	saw
Gen.29.31	3	H3812	that Leah
Gen.29.31	4	H8130	was hated,
Gen.29.31	5	H6605	and he opened
Gen.29.31	6	H7358	her womb:
Gen.29.31	7	H7354	but Rachel
Gen.29.31	8	H6135	was barren.
Gen.29.32	1	H3812	And Leah
Gen.29.32	2	H2029	conceived,
Gen.29.32	3	H3205	and bare
Gen.29.32	4	H1121	a son,
Gen.29.32	5	H7121	and she called
Gen.29.32	6	H8034	his name
Gen.29.32	7	H7205	Reuben:
Gen.29.32	8	H3588	for
Gen.29.32	9	H559	she said,
Gen.29.32	10	H3588	Because
Gen.29.32	11	H3068	Jehovah
Gen.29.32	12	H7200	hath looked
Gen.29.32	13	H6040	upon my affliction;
Gen.29.32	14	H3588	for now
Gen.29.32	15	H376	my husband
Gen.29.32	16	H157	will love me.
Gen.29.33	1	H2029	And she conceived
Gen.29.33	2	H3205	again, and bare
Gen.29.33	3	H1121	a son:
Gen.29.33	4	H559	and said,
Gen.29.33	5	H3068	Because Jehovah
Gen.29.33	6	H8085	hath heard
Gen.29.33	7	H8130	that I am hated,
Gen.29.33	8	H5414	he hath therefore given
Gen.29.33	9	H7121	me this son also: and she called
Gen.29.33	10	H8034	his name
Gen.29.33	11	H8095	Simeon.
Gen.29.34	1	H2029	And she conceived again,
Gen.29.34	2	H3205	and bare
Gen.29.34	3	H1121	a son;
Gen.29.34	4	H559	and said,
Gen.29.34	5	H6471	Now this time
Gen.29.34	6	H376	will my husband
Gen.29.34	7	H3867	be joined
Gen.29.34	8	H3205	unto me, because I have borne
Gen.29.34	9	H7969	him three
Gen.29.34	10	H1121	sons:
Gen.29.34	11	H8034	therefore was his name
Gen.29.34	12	H7121	called
Gen.29.34	13	H3878	Levi.
Gen.29.35	1	H2029	And she conceived
Gen.29.35	2	H3205	again, and bare
Gen.29.35	3	H1121	a son:
Gen.29.35	4	H559	and she said,
Gen.29.35	5	H6471	This
Gen.29.35	6	H3034	time will I praise
Gen.29.35	7	H3068	Jehovah:
Gen.29.35	8	H7121	therefore she called
Gen.29.35	9	H8034	his name
Gen.29.35	10	H3063	Judah;
Gen.29.35	11	H5975	and she left
Gen.29.35	12	H3205	off bearing.
Gen.30.1	1	H7354	And when Rachel
Gen.30.1	2	H7200	saw
Gen.30.1	3	H3205	that she bare
Gen.30.1	4	H3290	Jacob
Gen.30.1	5	H7354	no children, Rachel
Gen.30.1	6	H7065	envied
Gen.30.1	7	H269	her sister;
Gen.30.1	8	H559	and she said
Gen.30.1	9	H3290	unto Jacob,
Gen.30.1	10	H3051	Give
Gen.30.1	11	H1121	me children,
Gen.30.1	12	H369	or else
Gen.30.1	13	H4191	I die.
Gen.30.2	1	H3290	And Jacob's
Gen.30.2	2	H639	anger
Gen.30.2	3	H2734	was kindled
Gen.30.2	4	H7354	against Rachel:
Gen.30.2	5	H559	and he said,
Gen.30.2	6	H430	Am I in God's
Gen.30.2	7	H4513	stead, who hath withheld
Gen.30.2	8	H6529	from thee the fruit
Gen.30.2	9	H990	of the womb?
Gen.30.3	1	H559	And she said,
Gen.30.3	2	H519	Behold, my maid
Gen.30.3	3	H1090	Bilhah,
Gen.30.3	4	H935	go in
Gen.30.3	5	H3205	unto her; that she may bear
Gen.30.3	6	H1290	upon my knees,
Gen.30.3	7	H1129	and I also may obtain children by her.
Gen.30.4	1	H5414	And she gave
Gen.30.4	2	H1090	him Bilhah
Gen.30.4	3	H8198	her handmaid
Gen.30.4	4	H802	to wife:
Gen.30.4	5	H3290	and Jacob
Gen.30.4	6	H935	went in unto her.
Gen.30.5	1	H1090	And Bilhah
Gen.30.5	2	H2029	conceived,
Gen.30.5	3	H3205	and bare
Gen.30.5	4	H3290	Jacob
Gen.30.5	5	H1121	a son.
Gen.30.6	1	H7354	And Rachel
Gen.30.6	2	H559	said,
Gen.30.6	3	H430	God
Gen.30.6	4	H1777	hath judged
Gen.30.6	5	H8085	me, and hath also heard
Gen.30.6	6	H6963	my voice,
Gen.30.6	7	H5414	and hath given
Gen.30.6	8	H1121	me a son:
Gen.30.6	9	H7121	therefore called
Gen.30.6	10	H8034	she his name
Gen.30.6	11	H1835	Dan.
Gen.30.7	1	H1090	And Bilhah
Gen.30.7	2	H7354	Rachel's
Gen.30.7	3	H8198	handmaid
Gen.30.7	4	H2029	conceived
Gen.30.7	5	H3205	again, and bare
Gen.30.7	6	H3290	Jacob
Gen.30.7	7	H8145	a second
Gen.30.7	8	H1121	son.
Gen.30.8	1	H7354	And Rachel
Gen.30.8	2	H559	said,
Gen.30.8	3	H430	With mighty
Gen.30.8	4	H5319	wrestlings
Gen.30.8	5	H6617	have I wrestled
Gen.30.8	6	H269	with my sister,
Gen.30.8	7	H3201	and have prevailed:
Gen.30.8	8	H7121	and she called
Gen.30.8	9	H8034	his name
Gen.30.8	10	H5321	Naphtali.
Gen.30.9	1	H3812	When Leah
Gen.30.9	2	H7200	saw
Gen.30.9	3	H5975	that she had left
Gen.30.9	4	H3205	off bearing,
Gen.30.9	5	H3947	she took
Gen.30.9	6	H2153	Zilpah
Gen.30.9	7	H8198	her handmaid,
Gen.30.9	8	H5414	and gave
Gen.30.9	9	H3290	her to Jacob
Gen.30.9	10	H802	to wife.
Gen.30.10	1	H2153	And Zilpah
Gen.30.10	2	H3812	Leah's
Gen.30.10	3	H8198	handmaid
Gen.30.10	4	H3205	bare
Gen.30.10	5	H3290	Jacob
Gen.30.10	6	H1121	a son.
Gen.30.11	1	H3812	And Leah
Gen.30.11	2	H559	said,
Gen.30.11	3	H1409	Fortunate!
Gen.30.11	4	H935	and
Gen.30.11	5	H7121	she called
Gen.30.11	6	H8034	his name
Gen.30.11	7	H1410	Gad.
Gen.30.12	1	H2153	And Zilpah
Gen.30.12	2	H3812	Leah's
Gen.30.12	3	H8198	handmaid
Gen.30.12	4	H3205	bare
Gen.30.12	5	H3290	Jacob
Gen.30.12	6	H8145	a second
Gen.30.12	7	H1121	son.
Gen.30.13	1	H3812	And Leah
Gen.30.13	2	H559	said,
Gen.30.13	3	H837	Happy am I!
Gen.30.13	4	H1323	for the daughters
Gen.30.13	5	H833	will call me happy:
Gen.30.13	6	H7121	and she called
Gen.30.13	7	H8034	his name
Gen.30.13	8	H836	Asher.
Gen.30.14	1	H7205	And Reuben
Gen.30.14	2	H3212	went in
Gen.30.14	3	H3117	the days
Gen.30.14	4	H2406	of wheat
Gen.30.14	5	H7105	harvest,
Gen.30.14	6	H4672	and found
Gen.30.14	7	H1736	mandrakes
Gen.30.14	8	H7704	in the field,
Gen.30.14	9	H935	and brought
Gen.30.14	10	H517	them unto his mother
Gen.30.14	11	H3812	Leah.
Gen.30.14	12	H7354	Then Rachel
Gen.30.14	13	H559	said
Gen.30.14	14	H3812	to Leah,
Gen.30.14	15	H5414	Give me,
Gen.30.14	16	H1121	I pray thee, of thy son's
Gen.30.14	17	H1736	mandrakes.
Gen.30.15	1	H559	And she said
Gen.30.15	2	H4592	unto her, Is it a small matter
Gen.30.15	3	H3947	that thou hast taken
Gen.30.15	4	H3947	away
Gen.30.15	5	H376	my husband?
Gen.30.15	6	H3947	and wouldest thou take away
Gen.30.15	7	H1121	my son's
Gen.30.15	8	H1736	mandrakes
Gen.30.15	9	H7354	also? And Rachel
Gen.30.15	10	H559	said,
Gen.30.15	11	H7901	Therefore he shall lie
Gen.30.15	12	H8478	with thee to-night for
Gen.30.15	13	H1121	thy son's
Gen.30.15	14	H1736	mandrakes.
Gen.30.16	1	H3290	And Jacob
Gen.30.16	2	H935	came
Gen.30.16	3	H7704	from the field
Gen.30.16	4	H6153	in the evening,
Gen.30.16	5	H3812	and Leah
Gen.30.16	6	H3318	went out
Gen.30.16	7	H7125	to meet
Gen.30.16	8	H559	him, and said,
Gen.30.16	9	H935	Thou must come in
Gen.30.16	10	H7936	unto me; for I have surely
Gen.30.16	11	H7936	hired
Gen.30.16	12	H1121	thee with my son's
Gen.30.16	13	H1736	mandrakes.
Gen.30.16	14	H7901	And he lay
Gen.30.16	15	H3915	with her that night.
Gen.30.17	1	H430	And God
Gen.30.17	2	H8085	hearkened
Gen.30.17	3	H3812	unto Leah,
Gen.30.17	4	H2029	and she conceived,
Gen.30.17	5	H3205	and bare
Gen.30.17	6	H3290	Jacob
Gen.30.17	7	H2549	a fifth
Gen.30.17	8	H1121	son.
Gen.30.18	1	H3812	And Leah
Gen.30.18	2	H559	said,
Gen.30.18	3	H430	God
Gen.30.18	4	H5414	hath given
Gen.30.18	5	H7939	me my hire,
Gen.30.18	6	H834	because
Gen.30.18	7	H5414	I gave
Gen.30.18	8	H8198	my handmaid
Gen.30.18	9	H376	to my husband:
Gen.30.18	10	H7121	and she called
Gen.30.18	11	H8034	his name
Gen.30.18	12	H3485	Issachar.
Gen.30.19	1	H3812	And Leah
Gen.30.19	2	H2029	conceived
Gen.30.19	3	H3205	again, and bare
Gen.30.19	4	H8345	a sixth
Gen.30.19	5	H1121	son
Gen.30.19	6	H3290	to Jacob.
Gen.30.20	1	H3812	And Leah
Gen.30.20	2	H559	said,
Gen.30.20	3	H430	God
Gen.30.20	4	H2064	hath endowed
Gen.30.20	5	H2896	me with a good
Gen.30.20	6	H2065	dowry;
Gen.30.20	7	H6471	now
Gen.30.20	8	H376	will my husband
Gen.30.20	9	H2082	dwell
Gen.30.20	10	H3205	with me, because I have borne
Gen.30.20	11	H8337	him six
Gen.30.20	12	H1121	sons:
Gen.30.20	13	H7121	and she called
Gen.30.20	14	H8034	his name
Gen.30.20	15	H2074	Zebulun.
Gen.30.21	1	H310	And afterwards
Gen.30.21	2	H3205	she bare
Gen.30.21	3	H1323	a daughter,
Gen.30.21	4	H7121	and called
Gen.30.21	5	H8034	her name
Gen.30.21	6	H1783	Dinah.
Gen.30.22	1	H430	And God
Gen.30.22	2	H2142	remembered
Gen.30.22	3	H7354	Rachel,
Gen.30.22	4	H430	and God
Gen.30.22	5	H8085	hearkened
Gen.30.22	6	H6605	to her, and opened
Gen.30.22	7	H7358	her womb.
Gen.30.23	1	H2029	And she conceived,
Gen.30.23	2	H3205	and bare
Gen.30.23	3	H1121	a son:
Gen.30.23	4	H559	and said,
Gen.30.23	5	H430	God
Gen.30.23	6	H622	hath taken away
Gen.30.23	7	H2781	my reproach:
Gen.30.24	1	H7121	and she called
Gen.30.24	2	H8034	his name
Gen.30.24	3	H3130	Joseph,
Gen.30.24	4	H559	saying,
Gen.30.24	5	H3068	Jehovah
Gen.30.24	6	H3254	add
Gen.30.24	7	H312	to me another
Gen.30.24	8	H1121	son.
Gen.30.25	1	H7354	And it came to pass, when Rachel
Gen.30.25	2	H3205	had borne
Gen.30.25	3	H3130	Joseph,
Gen.30.25	4	H3290	that Jacob
Gen.30.25	5	H559	said
Gen.30.25	6	H3837	unto Laban,
Gen.30.25	7	H7971	Send me away,
Gen.30.25	8	H3212	that I may go
Gen.30.25	9	H4725	unto mine own place,
Gen.30.25	10	H776	and to my country.
Gen.30.26	1	H5414	Give
Gen.30.26	2	H802	me my wives
Gen.30.26	3	H3206	and my children
Gen.30.26	4	H2004	for
Gen.30.26	5	H5647	whom I have served
Gen.30.26	6	H3212	thee, and let me go:
Gen.30.26	7	H3045	for thou knowest
Gen.30.26	8	H5656	my service
Gen.30.26	9	H5647	wherewith I have served thee.
Gen.30.27	1	H3837	And Laban
Gen.30.27	2	H559	said
Gen.30.27	3	H4672	unto him, If now I have found
Gen.30.27	4	H2580	favor
Gen.30.27	5	H5869	in thine eyes,
Gen.30.27	6	H5172	tarry: for I have divined
Gen.30.27	7	H3068	that Jehovah
Gen.30.27	8	H1288	hath blessed
Gen.30.27	9	H1558	me for thy sake.
Gen.30.28	1	H559	And he said,
Gen.30.28	2	H5344	Appoint
Gen.30.28	3	H7939	me thy wages,
Gen.30.28	4	H5414	and I will give it.
Gen.30.29	1	H559	And he said
Gen.30.29	2	H3045	unto him, Thou knowest
Gen.30.29	3	H834	how
Gen.30.29	4	H5647	I have served
Gen.30.29	5	H834	thee, and how
Gen.30.29	6	H4735	thy cattle have fared with me.
Gen.30.30	1	H4592	For it was little
Gen.30.30	2	H6440	which thou hadst before I
Gen.30.30	3	H6555	came, and it hath increased
Gen.30.30	4	H7230	unto a multitude;
Gen.30.30	5	H3068	and Jehovah
Gen.30.30	6	H1288	hath blessed
Gen.30.30	7	H7272	thee whithersoever I turned:
Gen.30.30	8	H4970	and now when
Gen.30.30	9	H6213	shall I provide
Gen.30.30	10	H1004	for mine own house also?
Gen.30.31	1	H559	And he said,
Gen.30.31	2	H5414	What shall I give thee?
Gen.30.31	3	H3290	And Jacob
Gen.30.31	4	H559	said,
Gen.30.31	5	H5414	Thou shalt not give
Gen.30.31	6	H3972	me aught:
Gen.30.31	7	H6213	if thou wilt do
Gen.30.31	8	H1697	this thing
Gen.30.31	9	H7725	for me, I will again
Gen.30.31	10	H7462	feed
Gen.30.31	11	H6629	thy flock
Gen.30.31	12	H8104	and keep it.
Gen.30.32	1	H5674	I will pass
Gen.30.32	2	H6629	through all thy flock
Gen.30.32	3	H3117	to-day,
Gen.30.32	4	H5493	removing
Gen.30.32	5	H5348	from thence every speckled
Gen.30.32	6	H2921	and spotted
Gen.30.32	7	H7716	one,
Gen.30.32	8	H2345	and every black
Gen.30.32	9	H7716	one
Gen.30.32	10	H3775	among the sheep,
Gen.30.32	11	H2921	and the spotted
Gen.30.32	12	H5348	and speckled
Gen.30.32	13	H5795	among the goats:
Gen.30.32	14	H7939	and of such shall be my hire.
Gen.30.33	1	H6666	So shall my righteousness
Gen.30.33	2	H6030	answer
Gen.30.33	3	H3117	for me hereafter,
Gen.30.33	4	H4279	when
Gen.30.33	5	H935	thou shalt come
Gen.30.33	6	H7939	concerning my hire
Gen.30.33	7	H6440	that is before thee:
Gen.30.33	8	H3605	every one
Gen.30.33	9	H5348	that is not speckled
Gen.30.33	10	H2921	and spotted
Gen.30.33	11	H5795	among the goats,
Gen.30.33	12	H2345	and black
Gen.30.33	13	H3775	among the sheep,
Gen.30.33	14	H1589	that, if found with me, shall be counted stolen.
Gen.30.34	1	H3837	And Laban
Gen.30.34	2	H559	said,
Gen.30.34	3	H3863	Behold, I would it might be
Gen.30.34	4	H1697	according to thy word.
Gen.30.35	1	H5493	And he removed
Gen.30.35	2	H3117	that day
Gen.30.35	3	H8495	the he-goats
Gen.30.35	4	H6124	that were ringstreaked
Gen.30.35	5	H2921	and spotted,
Gen.30.35	6	H5795	and all the she-goats
Gen.30.35	7	H5348	that were speckled
Gen.30.35	8	H2921	and spotted,
Gen.30.35	9	H3836	every one that had white
Gen.30.35	10	H2345	in it, and all the black
Gen.30.35	11	H3775	ones among the sheep,
Gen.30.35	12	H5414	and gave
Gen.30.35	13	H3027	them into the hand
Gen.30.35	14	H1121	of his sons;
Gen.30.36	1	H7760	and he set
Gen.30.36	2	H7969	three
Gen.30.36	3	H3117	days'
Gen.30.36	4	H1870	journey
Gen.30.36	5	H3290	betwixt himself and Jacob:
Gen.30.36	6	H3290	and Jacob
Gen.30.36	7	H7462	fed
Gen.30.36	8	H3498	the rest
Gen.30.36	9	H3837	of Laban's
Gen.30.36	10	H6629	flocks.
Gen.30.37	1	H3290	And Jacob
Gen.30.37	2	H3947	took
Gen.30.37	3	H4731	him rods
Gen.30.37	4	H3892	of fresh
Gen.30.37	5	H3839	poplar,
Gen.30.37	6	H3869	and of the almond
Gen.30.37	7	H6196	and of the plane-tree;
Gen.30.37	8	H6478	and peeled
Gen.30.37	9	H3836	white
Gen.30.37	10	H6479	streaks
Gen.30.37	11	H3836	in them, and made the white
Gen.30.37	12	H4286	appear
Gen.30.37	13	H4731	which was in the rods.
Gen.30.38	1	H3322	And he set
Gen.30.38	2	H4731	the rods
Gen.30.38	3	H6478	which he had peeled
Gen.30.38	4	H5227	over
Gen.30.38	5	H6629	against the flocks
Gen.30.38	6	H7298	in the gutters
Gen.30.38	7	H4325	in the watering-troughs
Gen.30.38	8	H8268	where
Gen.30.38	9	H6629	the flocks
Gen.30.38	10	H935	came
Gen.30.38	11	H8354	to drink;
Gen.30.38	12	H3179	and they conceived
Gen.30.38	13	H935	when they came
Gen.30.38	14	H8354	to drink.
Gen.30.39	1	H6629	And the flocks
Gen.30.39	2	H3179	conceived
Gen.30.39	3	H4731	before the rods,
Gen.30.39	4	H6629	and the flocks
Gen.30.39	5	H3205	brought forth
Gen.30.39	6	H6124	ringstreaked,
Gen.30.39	7	H5348	speckled,
Gen.30.39	8	H2921	and spotted.
Gen.30.40	1	H3290	And Jacob
Gen.30.40	2	H6504	separated
Gen.30.40	3	H3775	the lambs,
Gen.30.40	4	H5414	and set
Gen.30.40	5	H6440	the faces
Gen.30.40	6	H6629	of the flocks
Gen.30.40	7	H413	toward
Gen.30.40	8	H6124	the ringstreaked
Gen.30.40	9	H2345	and all the black
Gen.30.40	10	H6629	in the flock
Gen.30.40	11	H3837	of Laban:
Gen.30.40	12	H7896	and he put
Gen.30.40	13	H5739	his own droves
Gen.30.40	14	H7896	apart, and put
Gen.30.40	15	H3837	them not unto Laban's
Gen.30.40	16	H6629	flock.
Gen.30.41	1	H7194	And it came to pass, whensoever the stronger
Gen.30.41	2	H6629	of the flock
Gen.30.41	3	H3179	did conceive,
Gen.30.41	4	H3290	that Jacob
Gen.30.41	5	H7760	laid
Gen.30.41	6	H4731	the rods
Gen.30.41	7	H5869	before the eyes
Gen.30.41	8	H6629	of the flock
Gen.30.41	9	H7298	in the gutters,
Gen.30.41	10	H3179	that they might conceive
Gen.30.41	11	H4731	among the rods;
Gen.30.42	1	H6629	but when the flock
Gen.30.42	2	H5848	were feeble,
Gen.30.42	3	H7760	he put them not in:
Gen.30.42	4	H5848	so the feebler
Gen.30.42	5	H3837	were Laban's,
Gen.30.42	6	H7194	and the stronger
Gen.30.42	7	H3290	Jacob's.
Gen.30.43	1	H376	And the man
Gen.30.43	2	H6555	increased
Gen.30.43	3	H3966	exceedingly,
Gen.30.43	4	H7227	and had large
Gen.30.43	5	H6629	flocks,
Gen.30.43	6	H8198	and maid-servants
Gen.30.43	7	H5650	and men-servants,
Gen.30.43	8	H1581	and camels
Gen.30.43	9	H2543	and asses.
Gen.31.1	1	H8085	And he heard
Gen.31.1	2	H1697	the words
Gen.31.1	3	H3837	of Laban's
Gen.31.1	4	H1121	sons,
Gen.31.1	5	H559	saying,
Gen.31.1	6	H3290	Jacob
Gen.31.1	7	H3947	hath taken away
Gen.31.1	8	H1	all that was our father's;
Gen.31.1	9	H1	and of that which was our father's
Gen.31.1	10	H6213	hath he gotten
Gen.31.1	11	H3519	all this glory.
Gen.31.2	1	H3290	And Jacob
Gen.31.2	2	H7200	beheld
Gen.31.2	3	H6440	the countenance
Gen.31.2	4	H3837	of Laban,
Gen.31.2	5	H8543	and, behold, it was not toward him as
Gen.31.2	6	H8032	beforetime.
Gen.31.3	1	H3068	And Jehovah
Gen.31.3	2	H559	said
Gen.31.3	3	H3290	unto Jacob,
Gen.31.3	4	H7725	Return
Gen.31.3	5	H776	unto the land
Gen.31.3	6	H1	of thy fathers,
Gen.31.3	7	H4138	and to thy kindred; and I will be with thee.
Gen.31.4	1	H3290	And Jacob
Gen.31.4	2	H7971	sent
Gen.31.4	3	H7121	and called
Gen.31.4	4	H7354	Rachel
Gen.31.4	5	H3812	and Leah
Gen.31.4	6	H7704	to the field
Gen.31.4	7	H6629	unto his flock,
Gen.31.5	1	H559	and said
Gen.31.5	2	H7200	unto them, I see
Gen.31.5	3	H1	your father's
Gen.31.5	4	H6440	countenance,
Gen.31.5	5	H8543	that it is not toward me as
Gen.31.5	6	H8032	beforetime;
Gen.31.5	7	H430	but the God
Gen.31.5	8	H1	of my father
Gen.31.5	9	H1961	hath been with me.
Gen.31.6	1	H859	And ye
Gen.31.6	2	H3045	know
Gen.31.6	3	H3581	that with all my power
Gen.31.6	4	H5647	I have served
Gen.31.6	5	H1	your father.
Gen.31.7	1	H1	And your father
Gen.31.7	2	H2048	hath deceived
Gen.31.7	3	H2498	me, and changed
Gen.31.7	4	H4909	my wages
Gen.31.7	5	H6235	ten
Gen.31.7	6	H4489	times;
Gen.31.7	7	H430	but God
Gen.31.7	8	H5414	suffered him
Gen.31.7	9	H7489	not to hurt
Gen.31.7	10	H5978	me.
Gen.31.8	1	H559	If he said
Gen.31.8	2	H5348	thus, The speckled
Gen.31.8	3	H7939	shall be thy wages;
Gen.31.8	4	H6629	then all the flock
Gen.31.8	5	H3205	bare
Gen.31.8	6	H5348	speckled:
Gen.31.8	7	H559	and if he said
Gen.31.8	8	H6124	thus, The ringstreaked
Gen.31.8	9	H7939	shall be thy wages;
Gen.31.8	10	H3205	then bare
Gen.31.8	11	H6629	all the flock
Gen.31.8	12	H6124	ringstreaked.
Gen.31.9	1	H430	Thus God
Gen.31.9	2	H5337	hath taken away
Gen.31.9	3	H4735	the cattle
Gen.31.9	4	H1	of your father,
Gen.31.9	5	H5414	and given them to me.
Gen.31.10	1	H6256	And it came to pass at the time
Gen.31.10	2	H6629	that the flock
Gen.31.10	3	H3179	conceive,
Gen.31.10	4	H5375	that I lifted up
Gen.31.10	5	H5869	mine eyes,
Gen.31.10	6	H7200	and saw
Gen.31.10	7	H2472	in a dream,
Gen.31.10	8	H6260	and, behold, the he-goats
Gen.31.10	9	H5927	which leaped
Gen.31.10	10	H6629	upon the flock
Gen.31.10	11	H6124	were ringstreaked,
Gen.31.10	12	H5348	speckled,
Gen.31.10	13	H1261	and grizzled.
Gen.31.11	1	H4397	And the angel
Gen.31.11	2	H430	of God
Gen.31.11	3	H559	said
Gen.31.11	4	H2472	unto me in the dream,
Gen.31.11	5	H3290	Jacob:
Gen.31.11	6	H559	and I said, Here am I.
Gen.31.12	1	H559	And he said,
Gen.31.12	2	H5375	Lift up
Gen.31.12	3	H5869	now thine eyes,
Gen.31.12	4	H7200	and see:
Gen.31.12	5	H6260	all the he-goats
Gen.31.12	6	H5927	which leap
Gen.31.12	7	H6629	upon the flock
Gen.31.12	8	H6124	are ringstreaked,
Gen.31.12	9	H5348	speckled,
Gen.31.12	10	H1261	and grizzled:
Gen.31.12	11	H7200	for I have seen
Gen.31.12	12	H3837	all that Laban
Gen.31.12	13	H6213	doeth unto thee.
Gen.31.13	1	H410	I am the God
Gen.31.13	2	H1008	of Beth-el,
Gen.31.13	3	H4886	where thou anointedst
Gen.31.13	4	H4676	a pillar,
Gen.31.13	5	H5087	where thou vowedst
Gen.31.13	6	H5088	a vow
Gen.31.13	7	H6965	unto me: now arise,
Gen.31.13	8	H3318	get thee out
Gen.31.13	9	H776	from this land,
Gen.31.13	10	H7725	and return
Gen.31.13	11	H776	unto the land
Gen.31.13	12	H4138	of thy nativity.
Gen.31.14	1	H7354	And Rachel
Gen.31.14	2	H3812	and Leah
Gen.31.14	3	H6030	answered
Gen.31.14	4	H559	and said
Gen.31.14	5	H2506	unto him, Is there yet any portion
Gen.31.14	6	H5159	or inheritance
Gen.31.14	7	H1	for us in our father's
Gen.31.14	8	H1004	house?
Gen.31.15	1	H2803	Are we not accounted
Gen.31.15	2	H5237	by him as foreigners?
Gen.31.15	3	H4376	for he hath sold
Gen.31.15	4	H398	us, and hath also quite
Gen.31.15	5	H398	devoured
Gen.31.15	6	H3701	our money.
Gen.31.16	1	H6239	For all the riches
Gen.31.16	2	H430	which God
Gen.31.16	3	H5337	hath taken
Gen.31.16	4	H1	away from our father,
Gen.31.16	5	H1121	that is ours and our children's:
Gen.31.16	6	H430	now then, whatsoever God
Gen.31.16	7	H559	hath said
Gen.31.16	8	H6213	unto thee, do.
Gen.31.17	1	H3290	Then Jacob
Gen.31.17	2	H6965	rose up,
Gen.31.17	3	H5375	and set
Gen.31.17	4	H1121	his sons
Gen.31.17	5	H802	and his wives
Gen.31.17	6	H1581	upon the camels;
Gen.31.18	1	H5090	and he carried away
Gen.31.18	2	H4735	all his cattle,
Gen.31.18	3	H7399	and all his substance
Gen.31.18	4	H7408	which he had gathered,
Gen.31.18	5	H4735	the cattle
Gen.31.18	6	H7075	of his getting,
Gen.31.18	7	H7408	which he had gathered
Gen.31.18	8	H6307	in Paddan-aram,
Gen.31.18	9	H935	to go
Gen.31.18	10	H3327	to Isaac
Gen.31.18	11	H1	his father
Gen.31.18	12	H776	unto the land
Gen.31.18	13	H3667	of Canaan.
Gen.31.19	1	H3837	Now Laban
Gen.31.19	2	H1980	was gone
Gen.31.19	3	H1494	to shear
Gen.31.19	4	H6629	his sheep:
Gen.31.19	5	H7354	and Rachel
Gen.31.19	6	H1589	stole
Gen.31.19	7	H8655	the teraphim
Gen.31.19	8	H1	that were her father's.
Gen.31.20	1	H3290	And Jacob
Gen.31.20	2	H1589	stole away
Gen.31.20	3	H3820	unawares
Gen.31.20	4	H3837	to Laban
Gen.31.20	5	H761	the Syrian,
Gen.31.20	6	H5921	in that
Gen.31.20	7	H5046	he told
Gen.31.20	8	H1097	him not
Gen.31.20	9	H1272	that he fled.
Gen.31.21	1	H1272	So he fled
Gen.31.21	2	H6965	with all that he had; and he rose up,
Gen.31.21	3	H5674	and passed over
Gen.31.21	4	H5104	the River,
Gen.31.21	5	H7760	and set
Gen.31.21	6	H6440	his face
Gen.31.21	7	H2022	toward the mountain
Gen.31.21	8	H1568	of Gilead.
Gen.31.22	1	H5046	And it was told
Gen.31.22	2	H3837	Laban
Gen.31.22	3	H7992	on the third
Gen.31.22	4	H3117	day
Gen.31.22	5	H3290	that Jacob
Gen.31.22	6	H1272	was fled.
Gen.31.23	1	H3947	And he took
Gen.31.23	2	H251	his brethren
Gen.31.23	3	H7291	with him, and pursued
Gen.31.23	4	H310	after him
Gen.31.23	5	H7651	seven
Gen.31.23	6	H3117	days'
Gen.31.23	7	H1870	journey;
Gen.31.23	8	H1692	and he overtook
Gen.31.23	9	H2022	him in the mountain
Gen.31.23	10	H1568	of Gilead.
Gen.31.24	1	H430	And God
Gen.31.24	2	H935	came
Gen.31.24	3	H3837	to Laban
Gen.31.24	4	H761	the Syrian
Gen.31.24	5	H2472	in a dream
Gen.31.24	6	H3915	of the night,
Gen.31.24	7	H559	and said
Gen.31.24	8	H8104	unto him, Take heed
Gen.31.24	9	H1696	to thyself that thou speak
Gen.31.24	10	H5973	not to
Gen.31.24	11	H3290	Jacob
Gen.31.24	12	H2896	either good
Gen.31.24	13	H5704	or
Gen.31.24	14	H7451	bad.
Gen.31.25	1	H3837	And Laban
Gen.31.25	2	H5381	came
Gen.31.25	3	H3290	up with Jacob.
Gen.31.25	4	H3290	Now Jacob
Gen.31.25	5	H8628	had pitched
Gen.31.25	6	H168	his tent
Gen.31.25	7	H2022	in the mountain:
Gen.31.25	8	H3837	and Laban
Gen.31.25	9	H251	with his brethren
Gen.31.25	10	H8628	encamped
Gen.31.25	11	H2022	in the mountain
Gen.31.25	12	H1568	of Gilead.
Gen.31.26	1	H3837	And Laban
Gen.31.26	2	H559	said
Gen.31.26	3	H3290	to Jacob,
Gen.31.26	4	H6213	What hast thou done,
Gen.31.26	5	H1589	that thou hast stolen away
Gen.31.26	6	H3824	unawares
Gen.31.26	7	H5090	to me, and carried away
Gen.31.26	8	H1323	my daughters
Gen.31.26	9	H7617	as captives
Gen.31.26	10	H2719	of the sword?
Gen.31.27	1	H1272	Wherefore didst thou flee
Gen.31.27	2	H2244	secretly,
Gen.31.27	3	H1589	and steal away
Gen.31.27	4	H5046	from me, and didst not tell
Gen.31.27	5	H7971	me, that I might have sent thee away
Gen.31.27	6	H8057	with mirth
Gen.31.27	7	H7892	and with songs,
Gen.31.27	8	H8596	with tabret
Gen.31.27	9	H3658	and with harp;
Gen.31.28	1	H5203	and didst not suffer
Gen.31.28	2	H5401	me to kiss
Gen.31.28	3	H1121	my sons
Gen.31.28	4	H1323	and my daughters?
Gen.31.28	5	H6213	now hast thou done
Gen.31.28	6	H5528	foolishly.
Gen.31.29	1	H3426	It is
Gen.31.29	2	H410	in the power
Gen.31.29	3	H3027	of my hand
Gen.31.29	4	H6213	to do
Gen.31.29	5	H7451	you hurt:
Gen.31.29	6	H430	but the God
Gen.31.29	7	H1	of your father
Gen.31.29	8	H559	spake
Gen.31.29	9	H570	unto me yesternight,
Gen.31.29	10	H559	saying,
Gen.31.29	11	H8104	Take heed
Gen.31.29	12	H1696	to thyself that thou speak not
Gen.31.29	13	H3290	to Jacob
Gen.31.29	14	H2896	either good
Gen.31.29	15	H7451	or bad.
Gen.31.30	1	H1980	And now, though thou wouldest needs
Gen.31.30	2	H1980	be gone,
Gen.31.30	3	H3700	because thou sore
Gen.31.30	4	H3700	longedst
Gen.31.30	5	H1	after thy father's
Gen.31.30	6	H1004	house,
Gen.31.30	7	H1589	yet wherefore hast thou stolen
Gen.31.30	8	H430	my gods?
Gen.31.31	1	H3290	And Jacob
Gen.31.31	2	H6030	answered
Gen.31.31	3	H559	and said
Gen.31.31	4	H3837	to Laban,
Gen.31.31	5	H3372	Because I was afraid:
Gen.31.31	6	H559	for I said,
Gen.31.31	7	H6435	Lest
Gen.31.31	8	H1323	thou shouldest take thy daughters
Gen.31.31	9	H1497	from me by force.
Gen.31.32	1	H834	With whomsoever
Gen.31.32	2	H4672	thou findest
Gen.31.32	3	H430	thy gods,
Gen.31.32	4	H2421	he shall not live:
Gen.31.32	5	H5048	before
Gen.31.32	6	H251	our brethren
Gen.31.32	7	H5234	discern
Gen.31.32	8	H3947	thou what is thine with me, and take
Gen.31.32	9	H3290	it to thee. For Jacob
Gen.31.32	10	H3045	knew
Gen.31.32	11	H7354	not that Rachel
Gen.31.32	12	H1589	had stolen them.
Gen.31.33	1	H3837	And Laban
Gen.31.33	2	H935	went
Gen.31.33	3	H3290	into Jacob's
Gen.31.33	4	H168	tent,
Gen.31.33	5	H3812	and into Leah's
Gen.31.33	6	H168	tent,
Gen.31.33	7	H168	and into the tent
Gen.31.33	8	H8147	of the two
Gen.31.33	9	H519	maid-servants;
Gen.31.33	10	H4672	but he found
Gen.31.33	11	H3318	them not. And he went out
Gen.31.33	12	H3812	of Leah's
Gen.31.33	13	H168	tent,
Gen.31.33	14	H935	and entered
Gen.31.33	15	H7354	into Rachel's
Gen.31.33	16	H168	tent.
Gen.31.34	1	H7354	Now Rachel
Gen.31.34	2	H3947	had taken
Gen.31.34	3	H8655	the teraphim,
Gen.31.34	4	H7760	and put
Gen.31.34	5	H1581	them in the camel's
Gen.31.34	6	H3733	saddle,
Gen.31.34	7	H3427	and sat
Gen.31.34	8	H3837	upon them. And Laban
Gen.31.34	9	H4959	felt
Gen.31.34	10	H168	about all the tent,
Gen.31.34	11	H4672	but found them not.
Gen.31.35	1	H559	And she said
Gen.31.35	2	H1	to her father,
Gen.31.35	3	H113	Let not my lord
Gen.31.35	4	H2734	be angry
Gen.31.35	5	H3201	that I cannot
Gen.31.35	6	H6965	rise up
Gen.31.35	7	H6440	before thee;
Gen.31.35	8	H1870	for the manner
Gen.31.35	9	H802	of women
Gen.31.35	10	H2664	is upon me. And he searched,
Gen.31.35	11	H4672	but found
Gen.31.35	12	H8655	not the teraphim.
Gen.31.36	1	H3290	And Jacob
Gen.31.36	2	H2734	was wroth,
Gen.31.36	3	H7378	and chode
Gen.31.36	4	H3837	with Laban:
Gen.31.36	5	H3290	and Jacob
Gen.31.36	6	H6030	answered
Gen.31.36	7	H559	and said
Gen.31.36	8	H3837	to Laban,
Gen.31.36	9	H6588	What is my trespass?
Gen.31.36	10	H2403	what is my sin,
Gen.31.36	11	H1814	that thou hast hotly pursued
Gen.31.36	12	H310	after me?
Gen.31.37	1	H3588	Whereas
Gen.31.37	2	H4959	thou hast felt
Gen.31.37	3	H3627	about all my stuff,
Gen.31.37	4	H4672	what hast thou found
Gen.31.37	5	H1004	of all thy household
Gen.31.37	6	H3627	stuff?
Gen.31.37	7	H7760	Set
Gen.31.37	8	H3541	it here
Gen.31.37	9	H251	before my brethren
Gen.31.37	10	H251	and thy brethren,
Gen.31.37	11	H3198	that they may judge
Gen.31.37	12	H996	betwixt
Gen.31.37	13	H8147	us two.
Gen.31.38	1	H6242	These twenty
Gen.31.38	2	H8141	years
Gen.31.38	3	H7353	have I been with thee; thy ewes
Gen.31.38	4	H5795	and thy she-goats
Gen.31.38	5	H7921	have not cast their young,
Gen.31.38	6	H352	and the rams
Gen.31.38	7	H6629	of thy flocks
Gen.31.38	8	H398	have I not eaten.
Gen.31.39	1	H2966	That which was torn
Gen.31.39	2	H935	of beasts I brought
Gen.31.39	3	H2398	not unto thee; I bare the loss
Gen.31.39	4	H3027	of it; of my hand
Gen.31.39	5	H1245	didst thou require
Gen.31.39	6	H1589	it, whether stolen
Gen.31.39	7	H3117	by day
Gen.31.39	8	H1589	or stolen
Gen.31.39	9	H3915	by night.
Gen.31.40	1	H3117	Thus I was; in the day
Gen.31.40	2	H2721	the drought
Gen.31.40	3	H398	consumed
Gen.31.40	4	H7140	me, and the frost
Gen.31.40	5	H3915	by night;
Gen.31.40	6	H8142	and my sleep
Gen.31.40	7	H5074	fled
Gen.31.40	8	H5869	from mine eyes.
Gen.31.41	1	H6242	These twenty
Gen.31.41	2	H8141	years
Gen.31.41	3	H1004	have I been in thy house;
Gen.31.41	4	H5647	I served thee
Gen.31.41	5	H702	fourteen
Gen.31.41	6	H8141	years
Gen.31.41	7	H8147	for thy two
Gen.31.41	8	H1323	daughters,
Gen.31.41	9	H8337	and six
Gen.31.41	10	H8141	years
Gen.31.41	11	H6629	for thy flock:
Gen.31.41	12	H2498	and thou hast changed
Gen.31.41	13	H4909	my wages
Gen.31.41	14	H6235	ten
Gen.31.41	15	H4489	times.
Gen.31.42	1	H3884	Except
Gen.31.42	2	H430	the God
Gen.31.42	3	H1	of my father,
Gen.31.42	4	H430	the God
Gen.31.42	5	H85	of Abraham,
Gen.31.42	6	H6343	and the Fear
Gen.31.42	7	H3327	of Isaac,
Gen.31.42	8	H7971	had been with me, surely now hadst thou sent me away
Gen.31.42	9	H7387	empty.
Gen.31.42	10	H430	God
Gen.31.42	11	H7200	hath seen
Gen.31.42	12	H6040	mine affliction
Gen.31.42	13	H3018	and the labor
Gen.31.42	14	H3709	of my hands,
Gen.31.42	15	H3198	and rebuked
Gen.31.42	16	H570	thee yesternight.
Gen.31.43	1	H3837	And Laban
Gen.31.43	2	H6030	answered
Gen.31.43	3	H559	and said
Gen.31.43	4	H3290	unto Jacob,
Gen.31.43	5	H1323	The daughters
Gen.31.43	6	H1323	are my daughters,
Gen.31.43	7	H1121	and the children
Gen.31.43	8	H1121	are my children,
Gen.31.43	9	H6629	and the flocks
Gen.31.43	10	H6629	are my flocks,
Gen.31.43	11	H7200	and all that thou seest
Gen.31.43	12	H6213	is mine: and what can I do
Gen.31.43	13	H3117	this day
Gen.31.43	14	H1323	unto these my daughters,
Gen.31.43	15	H176	or
Gen.31.43	16	H1121	unto their children
Gen.31.43	17	H3205	whom they have borne?
Gen.31.44	1	H3212	And now come,
Gen.31.44	2	H3772	let us make
Gen.31.44	3	H1285	a covenant,
Gen.31.44	4	H5707	I and thou; and let it be for a witness between me and thee.
Gen.31.45	1	H3290	And Jacob
Gen.31.45	2	H3947	took
Gen.31.45	3	H68	a stone,
Gen.31.45	4	H7311	and set it up
Gen.31.45	5	H4676	for a pillar.
Gen.31.46	1	H3290	And Jacob
Gen.31.46	2	H559	said
Gen.31.46	3	H251	unto his brethren,
Gen.31.46	4	H3950	Gather
Gen.31.46	5	H68	stones;
Gen.31.46	6	H3947	and they took
Gen.31.46	7	H68	stones,
Gen.31.46	8	H6213	and made
Gen.31.46	9	H1530	a heap:
Gen.31.46	10	H398	and they did eat
Gen.31.46	11	H1530	there by the heap.
Gen.31.47	1	H3837	And Laban
Gen.31.47	2	H7121	called
Gen.31.47	3	H3026	it Jegar-saha-dutha:
Gen.31.47	4	H3290	but Jacob
Gen.31.47	5	H7121	called
Gen.31.47	6	H1567	it Galeed.
Gen.31.48	1	H3837	And Laban
Gen.31.48	2	H559	said,
Gen.31.48	3	H1530	This heap
Gen.31.48	4	H5707	is witness
Gen.31.48	5	H3117	between me and thee this day.
Gen.31.48	6	H8034	Therefore was the name
Gen.31.48	7	H7121	of it called
Gen.31.48	8	H1567	Galeed:
Gen.31.49	1	H4709	and Mizpah,
Gen.31.49	2	H834	for
Gen.31.49	3	H559	he said,
Gen.31.49	4	H3068	Jehovah
Gen.31.49	5	H6822	watch
Gen.31.49	6	H5641	between me and thee, when we are absent
Gen.31.49	7	H376	one
Gen.31.49	8	H7453	from another.
Gen.31.50	1	H6031	If thou shalt afflict
Gen.31.50	2	H1323	my daughters,
Gen.31.50	3	H3947	and if thou shalt take
Gen.31.50	4	H802	wives
Gen.31.50	5	H5921	besides
Gen.31.50	6	H1323	my daughters,
Gen.31.50	7	H376	no man
Gen.31.50	8	H7200	is with us; see,
Gen.31.50	9	H430	God
Gen.31.50	10	H5707	is witness betwixt me and thee.
Gen.31.51	1	H3837	And Laban
Gen.31.51	2	H559	said
Gen.31.51	3	H3290	to Jacob,
Gen.31.51	4	H1530	Behold this heap,
Gen.31.51	5	H4676	and behold the pillar,
Gen.31.51	6	H3384	which I have set betwixt me and thee.
Gen.31.52	1	H1530	This heap
Gen.31.52	2	H5707	be witness,
Gen.31.52	3	H4676	and the pillar
Gen.31.52	4	H5713	be witness,
Gen.31.52	5	H5674	that I will not pass over
Gen.31.52	6	H1530	this heap
Gen.31.52	7	H5674	to thee, and that thou shalt not pass over
Gen.31.52	8	H1530	this heap
Gen.31.52	9	H4676	and this pillar
Gen.31.52	10	H7451	unto me, for harm.
Gen.31.53	1	H430	The God
Gen.31.53	2	H85	of Abraham,
Gen.31.53	3	H430	and the God
Gen.31.53	4	H5152	of Nahor,
Gen.31.53	5	H430	the God
Gen.31.53	6	H1	of their father,
Gen.31.53	7	H8199	judge
Gen.31.53	8	H3290	betwixt us. And Jacob
Gen.31.53	9	H7650	sware
Gen.31.53	10	H6343	by the Fear
Gen.31.53	11	H1	of his father
Gen.31.53	12	H3327	Isaac.
Gen.31.54	1	H3290	And Jacob
Gen.31.54	2	H2076	offered
Gen.31.54	3	H2077	a sacrifice
Gen.31.54	4	H2022	in the mountain,
Gen.31.54	5	H7121	and called
Gen.31.54	6	H251	his brethren
Gen.31.54	7	H398	to eat
Gen.31.54	8	H3899	bread:
Gen.31.54	9	H398	and they did eat
Gen.31.54	10	H3899	bread,
Gen.31.54	11	H3885	and tarried all night
Gen.31.54	12	H2022	in the mountain.
Gen.31.55	1	H7925	And early
Gen.31.55	2	H1242	in the morning
Gen.31.55	3	H3837	Laban
Gen.31.55	4	H7925	rose up,
Gen.31.55	5	H5401	and kissed
Gen.31.55	6	H1121	his sons
Gen.31.55	7	H1323	and his daughters,
Gen.31.55	8	H1288	and blessed
Gen.31.55	9	H3837	them: and Laban
Gen.31.55	10	H3212	departed,
Gen.31.55	11	H7725	and returned
Gen.31.55	12	H4725	unto his place.
Gen.32.1	1	H3290	And Jacob
Gen.32.1	2	H1980	went
Gen.32.1	3	H1870	on his way,
Gen.32.1	4	H4397	and the angels
Gen.32.1	5	H430	of God
Gen.32.1	6	H6293	met him.
Gen.32.2	1	H3290	And Jacob
Gen.32.2	2	H559	said
Gen.32.2	3	H7200	when he saw them,
Gen.32.2	4	H430	This is God's
Gen.32.2	5	H4264	host:
Gen.32.2	6	H7121	and he called
Gen.32.2	7	H8034	the name
Gen.32.2	8	H4725	of that place
Gen.32.2	9	H4266	Mahanaim.
Gen.32.3	1	H3290	And Jacob
Gen.32.3	2	H7971	sent
Gen.32.3	3	H4397	messengers
Gen.32.3	4	H6440	before him
Gen.32.3	5	H6215	to Esau
Gen.32.3	6	H251	his brother
Gen.32.3	7	H776	unto the land
Gen.32.3	8	H8165	of Seir,
Gen.32.3	9	H7704	the field
Gen.32.3	10	H123	of Edom.
Gen.32.4	1	H6680	And he commanded
Gen.32.4	2	H559	them, saying,
Gen.32.4	3	H559	Thus shall ye say
Gen.32.4	4	H113	unto my lord
Gen.32.4	5	H6215	Esau:
Gen.32.4	6	H559	Thus saith
Gen.32.4	7	H5650	thy servant
Gen.32.4	8	H3290	Jacob,
Gen.32.4	9	H1481	I have sojourned
Gen.32.4	10	H3837	with Laban,
Gen.32.4	11	H309	and stayed until now:
Gen.32.5	1	H7794	and I have oxen,
Gen.32.5	2	H2543	and asses,
Gen.32.5	3	H6629	and flocks,
Gen.32.5	4	H5650	and men-servants,
Gen.32.5	5	H8198	and maid-servants:
Gen.32.5	6	H7971	and I have sent
Gen.32.5	7	H5046	to tell
Gen.32.5	8	H113	my lord,
Gen.32.5	9	H4672	that I may find
Gen.32.5	10	H2580	favor
Gen.32.5	11	H5869	in thy sight.
Gen.32.6	1	H4397	And the messengers
Gen.32.6	2	H7725	returned
Gen.32.6	3	H3290	to Jacob,
Gen.32.6	4	H559	saying,
Gen.32.6	5	H935	We came
Gen.32.6	6	H251	to thy brother
Gen.32.6	7	H6215	Esau,
Gen.32.6	8	H1980	and moreover he cometh
Gen.32.6	9	H7125	to meet thee,
Gen.32.6	10	H3967	and four hundred
Gen.32.6	11	H376	men with him.
Gen.32.7	1	H3290	Then Jacob
Gen.32.7	2	H3966	was greatly
Gen.32.7	3	H3372	afraid
Gen.32.7	4	H3334	and was distressed:
Gen.32.7	5	H2673	and he divided
Gen.32.7	6	H5971	the people
Gen.32.7	7	H6629	that were with him, and the flocks,
Gen.32.7	8	H1241	and the herds,
Gen.32.7	9	H1581	and the camels,
Gen.32.7	10	H8147	into two
Gen.32.7	11	H4264	companies;
Gen.32.8	1	H559	and he said,
Gen.32.8	2	H6215	If Esau
Gen.32.8	3	H935	come
Gen.32.8	4	H259	to the one
Gen.32.8	5	H4264	company,
Gen.32.8	6	H5221	and smite it,
Gen.32.8	7	H4264	then the company
Gen.32.8	8	H7604	which is left
Gen.32.8	9	H6413	shall escape.
Gen.32.9	1	H3290	And Jacob
Gen.32.9	2	H559	said,
Gen.32.9	3	H430	O God
Gen.32.9	4	H1	of my father
Gen.32.9	5	H85	Abraham,
Gen.32.9	6	H430	and God
Gen.32.9	7	H1	of my father
Gen.32.9	8	H3327	Isaac,
Gen.32.9	9	H3068	O Jehovah,
Gen.32.9	10	H559	who saidst
Gen.32.9	11	H7725	unto me, Return
Gen.32.9	12	H776	unto thy country,
Gen.32.9	13	H4138	and to thy kindred,
Gen.32.9	14	H3190	and I will do thee good:
Gen.32.10	1	H6994	I am not worthy of the least
Gen.32.10	2	H2617	of all the lovingkindnesses,
Gen.32.10	3	H571	and of all the truth,
Gen.32.10	4	H6213	which thou hast showed
Gen.32.10	5	H5650	unto thy servant;
Gen.32.10	6	H4731	for with my staff
Gen.32.10	7	H5674	I passed over
Gen.32.10	8	H3383	this Jordan;
Gen.32.10	9	H8147	and now I am become two
Gen.32.10	10	H4264	companies.
Gen.32.11	1	H5337	Deliver me,
Gen.32.11	2	H3027	I pray thee, from the hand
Gen.32.11	3	H251	of my brother,
Gen.32.11	4	H3027	from the hand
Gen.32.11	5	H6215	of Esau:
Gen.32.11	6	H3373	for I fear
Gen.32.11	7	H935	him, lest he come
Gen.32.11	8	H5221	and smite me,
Gen.32.11	9	H517	the mother
Gen.32.11	10	H5921	with
Gen.32.11	11	H1121	the children.
Gen.32.12	1	H559	And thou saidst,
Gen.32.12	2	H3190	I will surely
Gen.32.12	3	H3190	do thee good,
Gen.32.12	4	H7760	and make
Gen.32.12	5	H2233	thy seed
Gen.32.12	6	H2344	as the sand
Gen.32.12	7	H3220	of the sea,
Gen.32.12	8	H5608	which cannot be numbered
Gen.32.12	9	H7230	for multitude.
Gen.32.13	1	H3885	And he lodged
Gen.32.13	2	H3915	there that night,
Gen.32.13	3	H3947	and took
Gen.32.13	4	H935	of that which he had
Gen.32.13	5	H3027	with him
Gen.32.13	6	H4503	a present
Gen.32.13	7	H6215	for Esau
Gen.32.13	8	H251	his brother:
Gen.32.14	1	H3967	two hundred
Gen.32.14	2	H5795	she-goats
Gen.32.14	3	H6242	and twenty
Gen.32.14	4	H8495	he-goats,
Gen.32.14	5	H3967	two hundred
Gen.32.14	6	H7353	ewes
Gen.32.14	7	H6242	and twenty
Gen.32.14	8	H352	rams,
Gen.32.15	1	H7970	thirty
Gen.32.15	2	H3243	milch
Gen.32.15	3	H1581	camels
Gen.32.15	4	H1121	and their colts,
Gen.32.15	5	H705	forty
Gen.32.15	6	H6510	cows
Gen.32.15	7	H6235	and ten
Gen.32.15	8	H6499	bulls,
Gen.32.15	9	H6242	twenty
Gen.32.15	10	H860	she-asses
Gen.32.15	11	H6235	and ten
Gen.32.15	12	H5895	foals.
Gen.32.16	1	H5414	And he delivered
Gen.32.16	2	H3027	them into the hand
Gen.32.16	3	H5650	of his servants,
Gen.32.16	4	H5739	every drove
Gen.32.16	5	H559	by itself, and said
Gen.32.16	6	H5650	unto his servants,
Gen.32.16	7	H5674	Pass over
Gen.32.16	8	H6440	before me,
Gen.32.16	9	H7760	and put
Gen.32.16	10	H7305	a space
Gen.32.16	11	H996	betwixt
Gen.32.16	12	H5739	drove
Gen.32.16	13	H996	and
Gen.32.16	14	H5739	drove.
Gen.32.17	1	H6680	And he commanded
Gen.32.17	2	H7223	the foremost,
Gen.32.17	3	H559	saying,
Gen.32.17	4	H6215	When Esau
Gen.32.17	5	H251	my brother
Gen.32.17	6	H6298	meeteth thee,
Gen.32.17	7	H7592	and asketh thee,
Gen.32.17	8	H559	saying,
Gen.32.17	9	H3212	Whose art thou? and whither goest
Gen.32.17	10	H6440	thou? and whose are these before thee?
Gen.32.18	1	H559	then thou shalt say,
Gen.32.18	2	H5650	They are thy servant
Gen.32.18	3	H3290	Jacob's;
Gen.32.18	4	H4503	it is a present
Gen.32.18	5	H7971	sent
Gen.32.18	6	H113	unto my lord
Gen.32.18	7	H6215	Esau:
Gen.32.18	8	H310	and, behold, he also is behind us.
Gen.32.19	1	H6680	And he
Gen.32.19	2	H1571	commanded also
Gen.32.19	3	H8145	the second,
Gen.32.19	4	H7992	and the third,
Gen.32.19	5	H1980	and all that followed
Gen.32.19	6	H5739	the droves,
Gen.32.19	7	H559	saying,
Gen.32.19	8	H1697	On this manner
Gen.32.19	9	H1696	shall ye speak
Gen.32.19	10	H6215	unto Esau,
Gen.32.19	11	H4672	when ye find him;
Gen.32.20	1	H559	and ye
Gen.32.20	2	H1571	shall say, Moreover,
Gen.32.20	3	H5650	behold, thy servant
Gen.32.20	4	H3290	Jacob
Gen.32.20	5	H310	is behind us.
Gen.32.20	6	H559	For he said,
Gen.32.20	7	H3722	I will appease
Gen.32.20	8	H6440	him
Gen.32.20	9	H4503	with the present
Gen.32.20	10	H1980	that goeth
Gen.32.20	11	H6440	before me,
Gen.32.20	12	H310	and afterward
Gen.32.20	13	H7200	I will see
Gen.32.20	14	H6440	his face;
Gen.32.20	15	H5375	peradventure he will accept
Gen.32.20	16	H6440	me.
Gen.32.21	1	H5674	So
Gen.32.21	2	H4503	the present
Gen.32.21	3	H5674	passed over
Gen.32.21	4	H6440	before him:
Gen.32.21	5	H3885	and he himself lodged
Gen.32.21	6	H3915	that night
Gen.32.21	7	H4264	in the company.
Gen.32.22	1	H6965	And he rose up
Gen.32.22	2	H3915	that night,
Gen.32.22	3	H3947	and took
Gen.32.22	4	H8147	his two
Gen.32.22	5	H802	wives,
Gen.32.22	6	H8147	and his two
Gen.32.22	7	H8198	handmaids,
Gen.32.22	8	H6240	and his eleven
Gen.32.22	9	H3206	children,
Gen.32.22	10	H5674	and passed over
Gen.32.22	11	H4569	the ford
Gen.32.22	12	H2999	of the Jabbok.
Gen.32.23	1	H3947	And he took them,
Gen.32.23	2	H5674	and sent them over
Gen.32.23	3	H5158	the stream,
Gen.32.23	4	H5674	and sent over that which he had.
Gen.32.24	1	H3290	And Jacob
Gen.32.24	2	H3498	was left
Gen.32.24	3	H79	alone; and there wrestled
Gen.32.24	4	H376	a man
Gen.32.24	5	H5927	with him until the breaking
Gen.32.24	6	H7837	of the day.
Gen.32.25	1	H7200	And when he saw
Gen.32.25	2	H3201	that he prevailed
Gen.32.25	3	H5060	not against him, he touched
Gen.32.25	4	H3409	the hollow of his thigh;
Gen.32.25	5	H3709	and the hollow
Gen.32.25	6	H3290	of Jacob's
Gen.32.25	7	H3409	thigh
Gen.32.25	8	H3363	was strained,
Gen.32.25	9	H79	as he wrestled with him.
Gen.32.26	1	H559	And he said,
Gen.32.26	2	H7971	Let me go,
Gen.32.26	3	H7837	for the day
Gen.32.26	4	H5927	breaketh.
Gen.32.26	5	H559	And he said,
Gen.32.26	6	H7971	I will not let thee go,
Gen.32.26	7	H518	except
Gen.32.26	8	H1288	thou bless me.
Gen.32.27	1	H559	And he said
Gen.32.27	2	H8034	unto him, What is thy name?
Gen.32.27	3	H559	And he said,
Gen.32.27	4	H3290	Jacob.
Gen.32.28	1	H559	And he said,
Gen.32.28	2	H8034	Thy name
Gen.32.28	3	H559	shall be called
Gen.32.28	4	H3290	no more Jacob,
Gen.32.28	5	H3478	but Israel:
Gen.32.28	6	H8280	for thou hast striven
Gen.32.28	7	H430	with God
Gen.32.28	8	H582	and with men,
Gen.32.28	9	H3201	and hast prevailed.
Gen.32.29	1	H3290	And Jacob
Gen.32.29	2	H7592	asked
Gen.32.29	3	H559	him, and said,
Gen.32.29	4	H5046	Tell
Gen.32.29	5	H8034	me, I pray thee, thy name.
Gen.32.29	6	H559	And he said,
Gen.32.29	7	H2088	Wherefore is it
Gen.32.29	8	H7592	that thou dost ask
Gen.32.29	9	H8034	after my name?
Gen.32.29	10	H1288	And he blessed him there.
Gen.32.30	1	H3290	And Jacob
Gen.32.30	2	H7121	called
Gen.32.30	3	H8034	the name
Gen.32.30	4	H4725	of the place
Gen.32.30	5	H6439	Peniel:
Gen.32.30	6	H7200	for, said he, I have seen
Gen.32.30	7	H430	God
Gen.32.30	8	H6440	face
Gen.32.30	9	H6440	to face,
Gen.32.30	10	H5315	and my life
Gen.32.30	11	H5337	is preserved.
Gen.32.31	1	H8121	And the sun
Gen.32.31	2	H2224	rose
Gen.32.31	3	H5674	upon him as he passed over
Gen.32.31	4	H6439	Penuel,
Gen.32.31	5	H6760	and he limped
Gen.32.31	6	H3409	upon his thigh.
Gen.32.32	1	H1121	Therefore the children
Gen.32.32	2	H3478	of Israel
Gen.32.32	3	H398	eat
Gen.32.32	4	H1517	not the sinew
Gen.32.32	5	H5384	of the hip
Gen.32.32	6	H3709	which is upon the hollow
Gen.32.32	7	H3409	of the thigh,
Gen.32.32	8	H3117	unto this day:
Gen.32.32	9	H5060	because he touched
Gen.32.32	10	H3709	the hollow
Gen.32.32	11	H3290	of Jacob's
Gen.32.32	12	H3409	thigh
Gen.32.32	13	H1517	in the sinew
Gen.32.32	14	H5384	of the hip.
Gen.33.1	1	H3290	And Jacob
Gen.33.1	2	H5375	lifted up
Gen.33.1	3	H5869	his eyes,
Gen.33.1	4	H7200	and looked,
Gen.33.1	5	H6215	and, behold, Esau
Gen.33.1	6	H935	was coming,
Gen.33.1	7	H702	and with him four
Gen.33.1	8	H3967	hundred
Gen.33.1	9	H376	men.
Gen.33.1	10	H2673	And he divided
Gen.33.1	11	H3206	the children
Gen.33.1	12	H3812	unto Leah,
Gen.33.1	13	H7354	and unto Rachel,
Gen.33.1	14	H8147	and unto the two
Gen.33.1	15	H8198	handmaids.
Gen.33.2	1	H7760	And he put
Gen.33.2	2	H8198	the handmaids
Gen.33.2	3	H3206	and their children
Gen.33.2	4	H7223	foremost,
Gen.33.2	5	H3812	and Leah
Gen.33.2	6	H3206	and her children
Gen.33.2	7	H314	after,
Gen.33.2	8	H7354	and Rachel
Gen.33.2	9	H3130	and Joseph
Gen.33.2	10	H314	hindermost.
Gen.33.3	1	H5674	And he himself passed over
Gen.33.3	2	H6440	before them,
Gen.33.3	3	H7812	and bowed himself
Gen.33.3	4	H776	to the ground
Gen.33.3	5	H7651	seven
Gen.33.3	6	H6471	times,
Gen.33.3	7	H5066	until he came near
Gen.33.3	8	H251	to his brother.
Gen.33.4	1	H6215	And Esau
Gen.33.4	2	H7323	ran
Gen.33.4	3	H7125	to meet him,
Gen.33.4	4	H2263	and embraced
Gen.33.4	5	H5307	him, and fell
Gen.33.4	6	H6677	on his neck,
Gen.33.4	7	H5401	and kissed him:
Gen.33.4	8	H1058	and they wept.
Gen.33.5	1	H5375	And he lifted up
Gen.33.5	2	H5869	his eyes,
Gen.33.5	3	H7200	and saw
Gen.33.5	4	H802	the women
Gen.33.5	5	H3206	and the children;
Gen.33.5	6	H559	and said,
Gen.33.5	7	H428	Who are these
Gen.33.5	8	H559	with thee? And he said,
Gen.33.5	9	H3206	The children
Gen.33.5	10	H430	whom God
Gen.33.5	11	H2603	hath graciously given
Gen.33.5	12	H5650	thy servant.
Gen.33.6	1	H8198	Then the handmaids
Gen.33.6	2	H5066	came near,
Gen.33.6	3	H3206	they and their children,
Gen.33.6	4	H7812	and they bowed themselves.
Gen.33.7	1	H3812	And Leah
Gen.33.7	2	H3206	also and her children
Gen.33.7	3	H5066	came near,
Gen.33.7	4	H7812	and bowed themselves:
Gen.33.7	5	H310	and after
Gen.33.7	6	H5066	came
Gen.33.7	7	H3130	Joseph
Gen.33.7	8	H5066	near
Gen.33.7	9	H7354	and Rachel,
Gen.33.7	10	H7812	and they bowed themselves.
Gen.33.8	1	H559	And he said,
Gen.33.8	2	H4264	What meanest thou by all this company
Gen.33.8	3	H6298	which I met?
Gen.33.8	4	H559	And he said,
Gen.33.8	5	H4672	To find
Gen.33.8	6	H2580	favor
Gen.33.8	7	H5869	in the sight
Gen.33.8	8	H113	of my lord.
Gen.33.9	1	H6215	And Esau
Gen.33.9	2	H559	said,
Gen.33.9	3	H3426	I have
Gen.33.9	4	H7227	enough,
Gen.33.9	5	H251	my brother; let that which thou hast be thine.
Gen.33.10	1	H3290	And Jacob
Gen.33.10	2	H559	said,
Gen.33.10	3	H4672	Nay, I pray thee, if now I have found
Gen.33.10	4	H2580	favor
Gen.33.10	5	H5869	in thy sight,
Gen.33.10	6	H3947	then receive
Gen.33.10	7	H4503	my present
Gen.33.10	8	H3027	at my hand;
Gen.33.10	9	H7200	forasmuch as I have seen
Gen.33.10	10	H6440	thy face,
Gen.33.10	11	H6440	as one seeth the face
Gen.33.10	12	H430	of God,
Gen.33.10	13	H7521	and thou wast pleased with me.
Gen.33.11	1	H3947	Take,
Gen.33.11	2	H1293	I pray thee, my gift
Gen.33.11	3	H935	that is brought
Gen.33.11	4	H430	to thee; because God
Gen.33.11	5	H2603	hath dealt graciously with me,
Gen.33.11	6	H3605	and because
Gen.33.11	7	H3426	I have
Gen.33.11	8	H3605	enough.
Gen.33.11	9	H6484	And he urged
Gen.33.11	10	H3947	him, and he took it.
Gen.33.12	1	H559	And he said,
Gen.33.12	2	H5265	Let us take our journey,
Gen.33.12	3	H3212	and let us go,
Gen.33.12	4	H3212	and I will go before thee.
Gen.33.13	1	H559	And he said
Gen.33.13	2	H113	unto him, My lord
Gen.33.13	3	H3045	knoweth
Gen.33.13	4	H3206	that the children
Gen.33.13	5	H7390	are tender,
Gen.33.13	6	H6629	and that the flocks
Gen.33.13	7	H1241	and herds
Gen.33.13	8	H5763	with me have their young:
Gen.33.13	9	H1849	and if they overdrive
Gen.33.13	10	H259	them one
Gen.33.13	11	H3117	day,
Gen.33.13	12	H6629	all the flocks
Gen.33.13	13	H4191	will die.
Gen.33.14	1	H113	Let my lord,
Gen.33.14	2	H5674	I pray thee, pass over
Gen.33.14	3	H6440	before
Gen.33.14	4	H5650	his servant:
Gen.33.14	5	H5095	and I will lead on
Gen.33.14	6	H328	gently,
Gen.33.14	7	H7272	according to the pace
Gen.33.14	8	H4399	of the cattle
Gen.33.14	9	H6440	that are before me
Gen.33.14	10	H7272	and according to the pace
Gen.33.14	11	H3206	of the children,
Gen.33.14	12	H935	until I come
Gen.33.14	13	H113	unto my lord
Gen.33.14	14	H8165	unto Seir.
Gen.33.15	1	H6215	And Esau
Gen.33.15	2	H559	said,
Gen.33.15	3	H3322	Let me now leave
Gen.33.15	4	H5971	with thee some of the folk
Gen.33.15	5	H559	that are with me. And he said,
Gen.33.15	6	H4100	What
Gen.33.15	7	H4672	needeth it? let me find
Gen.33.15	8	H2580	favor
Gen.33.15	9	H5869	in the sight
Gen.33.15	10	H113	of my lord.
Gen.33.16	1	H6215	So Esau
Gen.33.16	2	H7725	returned
Gen.33.16	3	H3117	that day
Gen.33.16	4	H1870	on his way
Gen.33.16	5	H8165	unto Seir.
Gen.33.17	1	H3290	And Jacob
Gen.33.17	2	H5265	journeyed
Gen.33.17	3	H5523	to Succoth,
Gen.33.17	4	H1129	and built
Gen.33.17	5	H1004	him a house,
Gen.33.17	6	H6213	and made
Gen.33.17	7	H5521	booths
Gen.33.17	8	H4735	for his cattle:
Gen.33.17	9	H8034	therefore the name
Gen.33.17	10	H4725	of the place
Gen.33.17	11	H7121	is called
Gen.33.17	12	H5523	Succoth.
Gen.33.18	1	H3290	And Jacob
Gen.33.18	2	H935	came
Gen.33.18	3	H8004	in peace
Gen.33.18	4	H5892	to the city
Gen.33.18	5	H7927	of Shechem,
Gen.33.18	6	H776	which is in the land
Gen.33.18	7	H3667	of Canaan,
Gen.33.18	8	H935	when he came
Gen.33.18	9	H6307	from Paddan-aram;
Gen.33.18	10	H2583	and encamped
Gen.33.18	11	H6440	before
Gen.33.18	12	H5892	the city.
Gen.33.19	1	H7069	And he bought
Gen.33.19	2	H2513	the parcel
Gen.33.19	3	H7704	of ground,
Gen.33.19	4	H5186	where he had spread
Gen.33.19	5	H168	his tent,
Gen.33.19	6	H3027	at the hand
Gen.33.19	7	H1121	of the children
Gen.33.19	8	H2544	of Hamor,
Gen.33.19	9	H7927	Shechem's
Gen.33.19	10	H1	father,
Gen.33.19	11	H3967	for a hundred
Gen.33.19	12	H7192	pieces of money.
Gen.33.20	1	H5324	And he erected
Gen.33.20	2	H4196	there an altar,
Gen.33.20	3	H7121	and called it
Gen.33.20	4	H415	El-Elohe-Israel.
Gen.34.1	1	H1783	And Dinah
Gen.34.1	2	H1323	the daughter
Gen.34.1	3	H3812	of Leah,
Gen.34.1	4	H3205	whom she bare
Gen.34.1	5	H3290	unto Jacob,
Gen.34.1	6	H3318	went out
Gen.34.1	7	H7200	to see
Gen.34.1	8	H1323	the daughters
Gen.34.1	9	H776	of the land.
Gen.34.2	1	H7927	And Shechem
Gen.34.2	2	H1121	the son
Gen.34.2	3	H2544	of Hamor
Gen.34.2	4	H2340	the Hivite,
Gen.34.2	5	H5387	the prince
Gen.34.2	6	H776	of the land,
Gen.34.2	7	H7200	saw
Gen.34.2	8	H3947	her; and he took
Gen.34.2	9	H7901	her, and lay
Gen.34.2	10	H6031	with her, and humbled her.
Gen.34.3	1	H5315	And his soul
Gen.34.3	2	H1692	clave
Gen.34.3	3	H1783	unto Dinah
Gen.34.3	4	H1323	the daughter
Gen.34.3	5	H3290	of Jacob,
Gen.34.3	6	H157	and he loved
Gen.34.3	7	H5291	the damsel,
Gen.34.3	8	H1696	and spake
Gen.34.3	9	H3820	kindly
Gen.34.3	10	H5291	unto the damsel.
Gen.34.4	1	H7927	And Shechem
Gen.34.4	2	H559	spake
Gen.34.4	3	H1	unto his father
Gen.34.4	4	H2544	Hamor,
Gen.34.4	5	H559	saying,
Gen.34.4	6	H3947	Get
Gen.34.4	7	H3207	me this damsel
Gen.34.4	8	H802	to wife.
Gen.34.5	1	H3290	Now Jacob
Gen.34.5	2	H8085	heard
Gen.34.5	3	H2930	that he had defiled
Gen.34.5	4	H1783	Dinah
Gen.34.5	5	H1323	his daughter;
Gen.34.5	6	H1121	and his sons
Gen.34.5	7	H4735	were with his cattle
Gen.34.5	8	H7704	in the field:
Gen.34.5	9	H3290	and Jacob
Gen.34.5	10	H2790	held his peace
Gen.34.5	11	H935	until they came.
Gen.34.6	1	H2544	And Hamor
Gen.34.6	2	H1	the father
Gen.34.6	3	H7927	of Shechem
Gen.34.6	4	H3318	went out
Gen.34.6	5	H3290	unto Jacob
Gen.34.6	6	H1696	to commune
Gen.34.6	7	H854	with him.
Gen.34.7	1	H1121	And the sons
Gen.34.7	2	H3290	of Jacob
Gen.34.7	3	H935	came
Gen.34.7	4	H7704	in from the field
Gen.34.7	5	H8085	when they heard
Gen.34.7	6	H582	it: and the men
Gen.34.7	7	H6087	were grieved,
Gen.34.7	8	H3966	and they were very
Gen.34.7	9	H2734	wroth,
Gen.34.7	10	H6213	because he had wrought
Gen.34.7	11	H5039	folly
Gen.34.7	12	H3478	in Israel
Gen.34.7	13	H7901	in lying
Gen.34.7	14	H3290	with Jacob's
Gen.34.7	15	H1323	daughter;
Gen.34.7	16	H6213	which thing ought not to be done.
Gen.34.8	1	H2544	And Hamor
Gen.34.8	2	H1696	communed
Gen.34.8	3	H559	with them, saying,
Gen.34.8	4	H5315	The soul
Gen.34.8	5	H1121	of my son
Gen.34.8	6	H7927	Shechem
Gen.34.8	7	H2836	longeth
Gen.34.8	8	H1323	for your daughter:
Gen.34.8	9	H5414	I pray you, give
Gen.34.8	10	H802	her unto him to wife.
Gen.34.9	1	H2859	And make ye marriages
Gen.34.9	2	H5414	with us; give
Gen.34.9	3	H1323	your daughters
Gen.34.9	4	H3947	unto us, and take
Gen.34.9	5	H1323	our daughters unto you.
Gen.34.10	1	H3427	And ye shall dwell
Gen.34.10	2	H776	with us: and the land
Gen.34.10	3	H1961	shall be
Gen.34.10	4	H6440	before you;
Gen.34.10	5	H3427	dwell
Gen.34.10	6	H5503	and trade
Gen.34.10	7	H270	ye therein, and get you possessions therein.
Gen.34.11	1	H7927	And Shechem
Gen.34.11	2	H559	said
Gen.34.11	3	H1	unto her father
Gen.34.11	4	H251	and unto her brethren,
Gen.34.11	5	H4672	Let me find
Gen.34.11	6	H2580	favor
Gen.34.11	7	H5869	in your eyes,
Gen.34.11	8	H559	and what ye shall say
Gen.34.11	9	H5414	unto me I will give.
Gen.34.12	1	H7235	Ask
Gen.34.12	2	H3966	me never so much
Gen.34.12	3	H4119	dowry
Gen.34.12	4	H4976	and gift,
Gen.34.12	5	H5414	and I will give
Gen.34.12	6	H559	according as ye shall say
Gen.34.12	7	H5414	unto me: but give
Gen.34.12	8	H5291	me the damsel
Gen.34.12	9	H802	to wife.
Gen.34.13	1	H1121	And the sons
Gen.34.13	2	H3290	of Jacob
Gen.34.13	3	H6030	answered
Gen.34.13	4	H7927	Shechem
Gen.34.13	5	H2544	and Hamor
Gen.34.13	6	H1	his father
Gen.34.13	7	H4820	with guile,
Gen.34.13	8	H1696	and spake,
Gen.34.13	9	H2930	because he had defiled
Gen.34.13	10	H1783	Dinah
Gen.34.13	11	H269	their sister,
Gen.34.14	1	H559	and said
Gen.34.14	2	H3808	unto them, We cannot
Gen.34.14	3	H6213	do
Gen.34.14	4	H1697	this thing,
Gen.34.14	5	H5414	to give
Gen.34.14	6	H269	our sister
Gen.34.14	7	H376	to one
Gen.34.14	8	H6190	that is uncircumcised;
Gen.34.14	9	H2781	for that were a reproach unto us.
Gen.34.15	1	H2063	Only on this
Gen.34.15	2	H225	condition will we consent
Gen.34.15	3	H2145	unto you: if ye will be as we are, that every male
Gen.34.15	4	H4135	of you be circumcised;
Gen.34.16	1	H5414	then will we give
Gen.34.16	2	H1323	our daughters
Gen.34.16	3	H3947	unto you, and we will take
Gen.34.16	4	H1323	your daughters
Gen.34.16	5	H3427	to us, and we will dwell
Gen.34.16	6	H259	with you, and we will become one
Gen.34.16	7	H5971	people.
Gen.34.17	1	H8085	But if ye will not hearken
Gen.34.17	2	H4135	unto us, to be circumcised;
Gen.34.17	3	H3947	then will we take
Gen.34.17	4	H1323	our daughter,
Gen.34.17	5	H1980	and we will be gone.
Gen.34.18	1	H1697	And their words
Gen.34.18	2	H3190	pleased
Gen.34.18	3	H2544	Hamor,
Gen.34.18	4	H7927	and Shechem
Gen.34.18	5	H2544	Hamor's
Gen.34.18	6	H1121	son.
Gen.34.19	1	H5288	And the young man
Gen.34.19	2	H309	deferred
Gen.34.19	3	H6213	not to do
Gen.34.19	4	H1697	the thing,
Gen.34.19	5	H2654	because he had delight
Gen.34.19	6	H3290	in Jacob's
Gen.34.19	7	H1323	daughter:
Gen.34.19	8	H3513	and he was honored
Gen.34.19	9	H1004	above all the house
Gen.34.19	10	H1	of his father.
Gen.34.20	1	H2544	And Hamor
Gen.34.20	2	H7927	and Shechem
Gen.34.20	3	H1121	his son
Gen.34.20	4	H935	came
Gen.34.20	5	H8179	unto the gate
Gen.34.20	6	H5892	of their city,
Gen.34.20	7	H1696	and communed
Gen.34.20	8	H582	with the men
Gen.34.20	9	H5892	of their city,
Gen.34.20	10	H559	saying,
Gen.34.21	1	H582	These men
Gen.34.21	2	H8003	are peaceable
Gen.34.21	3	H854	with
Gen.34.21	4	H3427	us; therefore let them dwell
Gen.34.21	5	H776	in the land,
Gen.34.21	6	H5503	and trade
Gen.34.21	7	H776	therein; for, behold, the land
Gen.34.21	8	H7342	is large
Gen.34.21	9	H3027	enough
Gen.34.21	10	H6440	for them;
Gen.34.21	11	H3947	let us take
Gen.34.21	12	H1323	their daughters
Gen.34.21	13	H802	to us for wives,
Gen.34.21	14	H5414	and let us give
Gen.34.21	15	H1323	them our daughters.
Gen.34.22	1	H2063	Only on this condition
Gen.34.22	2	H582	will the men
Gen.34.22	3	H225	consent
Gen.34.22	4	H3427	unto us to dwell
Gen.34.22	5	H259	with us, to become one
Gen.34.22	6	H5971	people,
Gen.34.22	7	H2145	if every male
Gen.34.22	8	H4135	among us be circumcised,
Gen.34.22	9	H4135	as they are circumcised.
Gen.34.23	1	H4735	Shall not their cattle
Gen.34.23	2	H7075	and their substance
Gen.34.23	3	H929	and all their beasts
Gen.34.23	4	H225	be ours? only let us consent
Gen.34.23	5	H3427	unto them, and they will dwell with us.
Gen.34.24	1	H2544	And unto Hamor
Gen.34.24	2	H7927	and unto Shechem
Gen.34.24	3	H1121	his son
Gen.34.24	4	H8085	hearkened
Gen.34.24	5	H3318	all that went out
Gen.34.24	6	H8179	of the gate
Gen.34.24	7	H5892	of his city;
Gen.34.24	8	H2145	and every male
Gen.34.24	9	H4135	was circumcised,
Gen.34.24	10	H3318	all that went out
Gen.34.24	11	H8179	of the gate
Gen.34.24	12	H5892	of his city.
Gen.34.25	1	H7992	And it came to pass on the third
Gen.34.25	2	H3117	day,
Gen.34.25	3	H3510	when they were sore,
Gen.34.25	4	H8147	that two
Gen.34.25	5	H1121	of the sons
Gen.34.25	6	H3290	of Jacob,
Gen.34.25	7	H8095	Simeon
Gen.34.25	8	H3878	and Levi,
Gen.34.25	9	H1783	Dinah's
Gen.34.25	10	H251	brethren,
Gen.34.25	11	H3947	took
Gen.34.25	12	H376	each man
Gen.34.25	13	H2719	his sword,
Gen.34.25	14	H935	and came
Gen.34.25	15	H5892	upon the city
Gen.34.25	16	H983	unawares,
Gen.34.25	17	H2026	and slew
Gen.34.25	18	H2145	all the males.
Gen.34.26	1	H2026	And they slew
Gen.34.26	2	H2544	Hamor
Gen.34.26	3	H7927	and Shechem
Gen.34.26	4	H1121	his son
Gen.34.26	5	H6310	with the edge
Gen.34.26	6	H2719	of the sword,
Gen.34.26	7	H3947	and took
Gen.34.26	8	H1783	Dinah
Gen.34.26	9	H3318	out
Gen.34.26	10	H7927	of Shechem's
Gen.34.26	11	H1004	house,
Gen.34.26	12	H3318	and went forth.
Gen.34.27	1	H1121	The sons
Gen.34.27	2	H3290	of Jacob
Gen.34.27	3	H935	came
Gen.34.27	4	H2491	upon the slain,
Gen.34.27	5	H962	and plundered
Gen.34.27	6	H5892	the city,
Gen.34.27	7	H2930	because they had defiled
Gen.34.27	8	H269	their sister.
Gen.34.28	1	H3947	They took
Gen.34.28	2	H6629	their flocks
Gen.34.28	3	H1241	and their herds
Gen.34.28	4	H2543	and their asses,
Gen.34.28	5	H5892	and that which was in the city,
Gen.34.28	6	H7704	and that which was in the field;
Gen.34.29	1	H2428	and all their wealth,
Gen.34.29	2	H2945	and all their little ones
Gen.34.29	3	H802	and their wives,
Gen.34.29	4	H7617	took they captive
Gen.34.29	5	H962	and made a prey,
Gen.34.29	6	H1004	even all that was in the house.
Gen.34.30	1	H3290	And Jacob
Gen.34.30	2	H559	said
Gen.34.30	3	H8095	to Simeon
Gen.34.30	4	H3878	and Levi,
Gen.34.30	5	H5916	Ye have troubled
Gen.34.30	6	H3427	me, to make me odious to the inhabitants
Gen.34.30	7	H776	of the land,
Gen.34.30	8	H3669	among the Canaanites
Gen.34.30	9	H6522	and the Perizzites:
Gen.34.30	10	H4962	and, I being few
Gen.34.30	11	H4557	in number,
Gen.34.30	12	H622	they will gather themselves together
Gen.34.30	13	H5221	against me
Gen.34.30	14	H5221	and smite me;
Gen.34.30	15	H8045	and I shall be destroyed,
Gen.34.30	16	H1004	I and my house.
Gen.34.31	1	H559	And they said,
Gen.34.31	2	H6213	Should he deal
Gen.34.31	3	H269	with our sister
Gen.34.31	4	H2181	as with a harlot?
Gen.35.1	1	H430	And God
Gen.35.1	2	H559	said
Gen.35.1	3	H3290	unto Jacob,
Gen.35.1	4	H6965	Arise,
Gen.35.1	5	H5927	go up
Gen.35.1	6	H1008	to Beth-el,
Gen.35.1	7	H3427	and dwell
Gen.35.1	8	H6213	there: and make
Gen.35.1	9	H4196	there an altar
Gen.35.1	10	H410	unto God,
Gen.35.1	11	H7200	who appeared
Gen.35.1	12	H1272	unto thee when thou fleddest
Gen.35.1	13	H6440	from the face
Gen.35.1	14	H6215	of Esau
Gen.35.1	15	H251	thy brother.
Gen.35.2	1	H3290	Then Jacob
Gen.35.2	2	H559	said
Gen.35.2	3	H1004	unto his household,
Gen.35.2	4	H5493	and to all that were with him, Put away
Gen.35.2	5	H5236	the foreign
Gen.35.2	6	H430	gods
Gen.35.2	7	H8432	that are among you,
Gen.35.2	8	H2891	and purify
Gen.35.2	9	H2498	yourselves, and change
Gen.35.2	10	H8071	your garments:
Gen.35.3	1	H6965	and let us arise,
Gen.35.3	2	H5927	and go up
Gen.35.3	3	H1008	to Beth-el;
Gen.35.3	4	H6213	and I will make
Gen.35.3	5	H4196	there an altar
Gen.35.3	6	H410	unto God,
Gen.35.3	7	H6030	who answered
Gen.35.3	8	H3117	me in the day
Gen.35.3	9	H6869	of my distress,
Gen.35.3	10	H1870	and was with me in the way
Gen.35.3	11	H1980	which I went.
Gen.35.4	1	H5414	And they gave
Gen.35.4	2	H3290	unto Jacob
Gen.35.4	3	H5236	all the foreign
Gen.35.4	4	H430	gods
Gen.35.4	5	H3027	which were in their hand,
Gen.35.4	6	H5141	and the rings
Gen.35.4	7	H241	which were in their ears;
Gen.35.4	8	H3290	and Jacob
Gen.35.4	9	H2934	hid
Gen.35.4	10	H424	them under the oak
Gen.35.4	11	H7927	which was by Shechem.
Gen.35.5	1	H5265	And they journeyed:
Gen.35.5	2	H2847	and a terror
Gen.35.5	3	H430	of God
Gen.35.5	4	H5892	was upon the cities
Gen.35.5	5	H5439	that were round about
Gen.35.5	6	H7291	them, and they did not pursue
Gen.35.5	7	H310	after
Gen.35.5	8	H1121	the sons
Gen.35.5	9	H3290	of Jacob.
Gen.35.6	1	H3290	So Jacob
Gen.35.6	2	H935	came
Gen.35.6	3	H3870	to Luz,
Gen.35.6	4	H776	which is in the land
Gen.35.6	5	H3667	of Canaan
Gen.35.6	6	H1008	(the same is Beth-el),
Gen.35.6	7	H5971	he and all the people that were with him.
Gen.35.7	1	H1129	And he built
Gen.35.7	2	H4196	there an altar,
Gen.35.7	3	H7121	and called
Gen.35.7	4	H4725	the place
Gen.35.7	5	H416	El-beth-el;
Gen.35.7	6	H430	because there God
Gen.35.7	7	H1540	was revealed
Gen.35.7	8	H1272	unto him, when he fled
Gen.35.7	9	H6440	from the face
Gen.35.7	10	H251	of his brother.
Gen.35.8	1	H1683	And Deborah
Gen.35.8	2	H7259	Rebekah's
Gen.35.8	3	H3243	nurse
Gen.35.8	4	H4191	died,
Gen.35.8	5	H6912	and she was buried
Gen.35.8	6	H1008	below Beth-el
Gen.35.8	7	H437	under the oak:
Gen.35.8	8	H8034	and the name
Gen.35.8	9	H7121	of it was called
Gen.35.8	10	H439	Allon-bacuth.
Gen.35.9	1	H430	And God
Gen.35.9	2	H7200	appeared
Gen.35.9	3	H3290	unto Jacob
Gen.35.9	4	H935	again, when he came
Gen.35.9	5	H6307	from Paddan-aram,
Gen.35.9	6	H1288	and blessed him.
Gen.35.10	1	H430	And God
Gen.35.10	2	H559	said
Gen.35.10	3	H8034	unto him, Thy name
Gen.35.10	4	H3290	is Jacob:
Gen.35.10	5	H8034	thy name
Gen.35.10	6	H7121	shall not be called
Gen.35.10	7	H3290	any more Jacob,
Gen.35.10	8	H3478	but Israel
Gen.35.10	9	H8034	shall be thy name:
Gen.35.10	10	H7121	and he called
Gen.35.10	11	H8034	his name
Gen.35.10	12	H3478	Israel.
Gen.35.11	1	H430	And God
Gen.35.11	2	H559	said
Gen.35.11	3	H410	unto him, I am God
Gen.35.11	4	H7706	Almighty:
Gen.35.11	5	H6509	be fruitful
Gen.35.11	6	H7235	and multiply;
Gen.35.11	7	H1471	a nation
Gen.35.11	8	H6951	and a company
Gen.35.11	9	H1471	of nations
Gen.35.11	10	H4428	shall be of thee, and kings
Gen.35.11	11	H3318	shall come
Gen.35.11	12	H2504	out of thy loins;
Gen.35.12	1	H776	and the land
Gen.35.12	2	H5414	which I gave
Gen.35.12	3	H85	unto Abraham
Gen.35.12	4	H3327	and Isaac,
Gen.35.12	5	H5414	to thee I will give it,
Gen.35.12	6	H2233	and to thy seed
Gen.35.12	7	H310	after thee
Gen.35.12	8	H5414	will I give
Gen.35.12	9	H776	the land.
Gen.35.13	1	H430	And God
Gen.35.13	2	H5927	went up
Gen.35.13	3	H4725	from him in the place
Gen.35.13	4	H1696	where he spake with him.
Gen.35.14	1	H3290	And Jacob
Gen.35.14	2	H5324	set up
Gen.35.14	3	H4676	a pillar
Gen.35.14	4	H4725	in the place
Gen.35.14	5	H1696	where he spake
Gen.35.14	6	H4678	with him, a pillar
Gen.35.14	7	H68	of stone:
Gen.35.14	8	H5258	and he poured
Gen.35.14	9	H5262	out a drink-offering
Gen.35.14	10	H3332	thereon, and poured
Gen.35.14	11	H8081	oil thereon.
Gen.35.15	1	H3290	And Jacob
Gen.35.15	2	H7121	called
Gen.35.15	3	H8034	the name
Gen.35.15	4	H4725	of the place
Gen.35.15	5	H430	where God
Gen.35.15	6	H1696	spake
Gen.35.15	7	H1008	with him, Beth-el.
Gen.35.16	1	H5265	And they journeyed
Gen.35.16	2	H1008	from Beth-el;
Gen.35.16	3	H5750	and there was still
Gen.35.16	4	H3530	some
Gen.35.16	5	H776	distance
Gen.35.16	6	H935	to come
Gen.35.16	7	H672	to Ephrath:
Gen.35.16	8	H7354	and Rachel
Gen.35.16	9	H3205	travailed,
Gen.35.16	10	H7185	and she had hard
Gen.35.16	11	H3205	labor.
Gen.35.17	1	H7185	And it came to pass, when she was in hard
Gen.35.17	2	H3205	labor,
Gen.35.17	3	H3205	that the midwife
Gen.35.17	4	H559	said
Gen.35.17	5	H3372	unto her, Fear
Gen.35.17	6	H1121	not; for now thou shalt have another son.
Gen.35.18	1	H5315	And it came to pass, as her soul
Gen.35.18	2	H3318	was departing
Gen.35.18	3	H4191	(for she died),
Gen.35.18	4	H7121	that she called
Gen.35.18	5	H8034	his name
Gen.35.18	6	H1126	Ben-oni:
Gen.35.18	7	H1	but his father
Gen.35.18	8	H7121	called
Gen.35.18	9	H1144	him Benjamin.
Gen.35.19	1	H7354	And Rachel
Gen.35.19	2	H4191	died,
Gen.35.19	3	H6912	and was buried
Gen.35.19	4	H1870	in the way
Gen.35.19	5	H672	to Ephrath
Gen.35.19	6	H1035	(the same is Beth-lehem).
Gen.35.20	1	H3290	And Jacob
Gen.35.20	2	H5324	set
Gen.35.20	3	H4678	up a pillar
Gen.35.20	4	H6900	upon her grave:
Gen.35.20	5	H4678	the same is the Pillar
Gen.35.20	6	H7354	of Rachel's
Gen.35.20	7	H6900	grave
Gen.35.20	8	H3117	unto this day.
Gen.35.21	1	H3478	And Israel
Gen.35.21	2	H5265	journeyed,
Gen.35.21	3	H5186	and spread
Gen.35.21	4	H168	his tent
Gen.35.21	5	H1973	beyond
Gen.35.21	6	H4026	the tower
Gen.35.21	7	H4029	of Eder.
Gen.35.22	1	H3478	And it came to pass, while Israel
Gen.35.22	2	H7931	dwelt
Gen.35.22	3	H776	in that land,
Gen.35.22	4	H7205	that Reuben
Gen.35.22	5	H3212	went
Gen.35.22	6	H7901	and lay
Gen.35.22	7	H1090	with Bilhah
Gen.35.22	8	H1	his father's
Gen.35.22	9	H6370	concubine:
Gen.35.22	10	H3478	and Israel
Gen.35.22	11	H8085	heard
Gen.35.22	12	H1121	of it. Now the sons
Gen.35.22	13	H3290	of Jacob
Gen.35.22	14	H8147	were twelve:
Gen.35.23	1	H1121	the sons
Gen.35.23	2	H3812	of Leah:
Gen.35.23	3	H7205	Reuben,
Gen.35.23	4	H3290	Jacob's
Gen.35.23	5	H1060	first-born,
Gen.35.23	6	H8095	and Simeon,
Gen.35.23	7	H3878	and Levi,
Gen.35.23	8	H3063	and Judah,
Gen.35.23	9	H3485	and Issachar,
Gen.35.23	10	H2074	and Zebulun;
Gen.35.24	1	H1121	the sons
Gen.35.24	2	H7354	of Rachel:
Gen.35.24	3	H3130	Joseph
Gen.35.24	4	H1144	and Benjamin;
Gen.35.25	1	H1121	and the sons
Gen.35.25	2	H1090	of Bilhah,
Gen.35.25	3	H7354	Rachel's
Gen.35.25	4	H8198	handmaid:
Gen.35.25	5	H1835	Dan
Gen.35.25	6	H5321	and Naphtali;
Gen.35.26	1	H1121	and the sons
Gen.35.26	2	H2153	of Zilpah,
Gen.35.26	3	H3812	Leah's
Gen.35.26	4	H8198	handmaid:
Gen.35.26	5	H1410	Gad
Gen.35.26	6	H836	and Asher:
Gen.35.26	7	H1121	these are the sons
Gen.35.26	8	H3290	of Jacob,
Gen.35.26	9	H3205	that were born
Gen.35.26	10	H6307	to him in Paddan-aram.
Gen.35.27	1	H3290	And Jacob
Gen.35.27	2	H935	came
Gen.35.27	3	H3327	unto Isaac
Gen.35.27	4	H1	his father
Gen.35.27	5	H4471	to Mamre,
Gen.35.27	6	H7153	to Kiriath-arba
Gen.35.27	7	H2275	(the same is Hebron),
Gen.35.27	8	H85	where Abraham
Gen.35.27	9	H3327	and Isaac
Gen.35.27	10	H1481	sojourned.
Gen.35.28	1	H3117	And the days
Gen.35.28	2	H3327	of Isaac
Gen.35.28	3	H3967	were a hundred
Gen.35.28	4	H8084	and fourscore
Gen.35.28	5	H8141	years.
Gen.35.29	1	H3327	And Isaac
Gen.35.29	2	H1478	gave up the ghost,
Gen.35.29	3	H4191	and died,
Gen.35.29	4	H622	and was gathered
Gen.35.29	5	H5971	unto his people,
Gen.35.29	6	H2205	old
Gen.35.29	7	H7649	and full
Gen.35.29	8	H3117	of days:
Gen.35.29	9	H6215	and Esau
Gen.35.29	10	H3290	and Jacob
Gen.35.29	11	H1121	his sons
Gen.35.29	12	H6912	buried him.
Gen.36.1	1	H8435	Now these are the generations
Gen.36.1	2	H6215	of Esau
Gen.36.1	3	H123	(the same is Edom).
Gen.36.2	1	H6215	Esau
Gen.36.2	2	H3947	took
Gen.36.2	3	H802	his wives
Gen.36.2	4	H1323	of the daughters
Gen.36.2	5	H3667	of Canaan:
Gen.36.2	6	H5711	Adah
Gen.36.2	7	H1323	the daughter
Gen.36.2	8	H356	of Elon
Gen.36.2	9	H2850	the Hittite,
Gen.36.2	10	H173	and Oholibamah
Gen.36.2	11	H1323	the daughter
Gen.36.2	12	H6034	of Anah,
Gen.36.2	13	H1323	the daughter
Gen.36.2	14	H6649	of Zibeon
Gen.36.2	15	H2340	the Hivite,
Gen.36.3	1	H1315	and Basemath
Gen.36.3	2	H3458	Ishmael's
Gen.36.3	3	H1323	daughter,
Gen.36.3	4	H269	sister
Gen.36.3	5	H5032	of Nebaioth.
Gen.36.4	1	H5711	And Adah
Gen.36.4	2	H3205	bare
Gen.36.4	3	H6215	to Esau
Gen.36.4	4	H464	Eliphaz;
Gen.36.4	5	H1315	and Basemath
Gen.36.4	6	H3205	bare
Gen.36.4	7	H7467	Reuel;
Gen.36.5	1	H173	and Oholibamah
Gen.36.5	2	H3205	bare
Gen.36.5	3	H3274	Jeush,
Gen.36.5	4	H3281	and Jalam,
Gen.36.5	5	H7141	and Korah:
Gen.36.5	6	H1121	these are the sons
Gen.36.5	7	H6215	of Esau,
Gen.36.5	8	H3205	that were born
Gen.36.5	9	H776	unto him in the land
Gen.36.5	10	H3667	of Canaan.
Gen.36.6	1	H6215	And Esau
Gen.36.6	2	H3947	took
Gen.36.6	3	H802	his wives,
Gen.36.6	4	H1121	and his sons,
Gen.36.6	5	H1323	and his daughters,
Gen.36.6	6	H5315	and all the souls
Gen.36.6	7	H1004	of his house,
Gen.36.6	8	H4735	and his cattle,
Gen.36.6	9	H929	and all his beasts,
Gen.36.6	10	H7075	and all his possessions,
Gen.36.6	11	H7408	which he had gathered
Gen.36.6	12	H776	in the land
Gen.36.6	13	H3667	of Canaan;
Gen.36.6	14	H3212	and went
Gen.36.6	15	H776	into a land
Gen.36.6	16	H6440	away
Gen.36.6	17	H251	from his brother
Gen.36.6	18	H3290	Jacob.
Gen.36.7	1	H7399	For their substance
Gen.36.7	2	H7227	was too
Gen.36.7	3	H3427	great for them to dwell
Gen.36.7	4	H3162	together;
Gen.36.7	5	H776	and the land
Gen.36.7	6	H4033	of their sojournings
Gen.36.7	7	H3201	could
Gen.36.7	8	H5375	not bear
Gen.36.7	9	H6440	them because
Gen.36.7	10	H4735	of their cattle.
Gen.36.8	1	H6215	And Esau
Gen.36.8	2	H3427	dwelt
Gen.36.8	3	H2022	in mount
Gen.36.8	4	H8165	Seir:
Gen.36.8	5	H6215	Esau
Gen.36.8	6	H123	is Edom.
Gen.36.9	1	H8435	And these are the generations
Gen.36.9	2	H6215	of Esau
Gen.36.9	3	H1	the father
Gen.36.9	4	H123	of the Edomites
Gen.36.9	5	H2022	in mount
Gen.36.9	6	H8165	Seir:
Gen.36.10	1	H8034	these are the names
Gen.36.10	2	H6215	of Esau's
Gen.36.10	3	H1121	sons:
Gen.36.10	4	H464	Eliphaz
Gen.36.10	5	H1121	the son
Gen.36.10	6	H5711	of Adah
Gen.36.10	7	H802	the wife
Gen.36.10	8	H6215	of Esau,
Gen.36.10	9	H7467	Reuel
Gen.36.10	10	H1121	the son
Gen.36.10	11	H1315	of Basemath
Gen.36.10	12	H802	the wife
Gen.36.10	13	H6215	of Esau.
Gen.36.11	1	H1121	And the sons
Gen.36.11	2	H464	of Eliphaz
Gen.36.11	3	H8487	were Teman,
Gen.36.11	4	H201	Omar,
Gen.36.11	5	H6825	Zepho,
Gen.36.11	6	H1609	and Gatam,
Gen.36.11	7	H7073	and Kenaz.
Gen.36.12	1	H8555	And Timna
Gen.36.12	2	H6370	was concubine
Gen.36.12	3	H464	to Eliphaz
Gen.36.12	4	H6215	Esau's
Gen.36.12	5	H1121	son;
Gen.36.12	6	H3205	and she bare
Gen.36.12	7	H464	to Eliphaz
Gen.36.12	8	H6002	Amalek:
Gen.36.12	9	H1121	these are the sons
Gen.36.12	10	H5711	of Adah,
Gen.36.12	11	H6215	Esau's
Gen.36.12	12	H802	wife.
Gen.36.13	1	H1121	And these are the sons
Gen.36.13	2	H7467	of Reuel:
Gen.36.13	3	H5184	Nahath,
Gen.36.13	4	H2226	and Zerah,
Gen.36.13	5	H8048	Shammah,
Gen.36.13	6	H4199	and Mizzah:
Gen.36.13	7	H1121	these were the sons
Gen.36.13	8	H1315	of Basemath,
Gen.36.13	9	H6215	Esau's
Gen.36.13	10	H802	wife.
Gen.36.14	1	H1121	And these were the sons
Gen.36.14	2	H173	of Oholibamah
Gen.36.14	3	H1323	the daughter
Gen.36.14	4	H6034	of Anah,
Gen.36.14	5	H1323	the daughter
Gen.36.14	6	H6649	of Zibeon,
Gen.36.14	7	H6215	Esau's
Gen.36.14	8	H802	wife:
Gen.36.14	9	H3205	and she bare
Gen.36.14	10	H6215	to Esau
Gen.36.14	11	H3274	Jeush,
Gen.36.14	12	H3281	and Jalam,
Gen.36.14	13	H7141	and Korah.
Gen.36.15	1	H441	These are the chiefs
Gen.36.15	2	H1121	of the sons
Gen.36.15	3	H6215	of Esau:
Gen.36.15	4	H1121	the sons
Gen.36.15	5	H464	of Eliphaz
Gen.36.15	6	H1060	the first-born
Gen.36.15	7	H6215	of Esau:
Gen.36.15	8	H441	chief
Gen.36.15	9	H8487	Teman,
Gen.36.15	10	H441	chief
Gen.36.15	11	H201	Omar,
Gen.36.15	12	H441	chief
Gen.36.15	13	H6825	Zepho,
Gen.36.15	14	H441	chief
Gen.36.15	15	H7073	Kenaz,
Gen.36.16	1	H441	chief
Gen.36.16	2	H7141	Korah,
Gen.36.16	3	H441	chief
Gen.36.16	4	H1609	Gatam,
Gen.36.16	5	H441	chief
Gen.36.16	6	H6002	Amalek:
Gen.36.16	7	H441	these are the chiefs
Gen.36.16	8	H464	that came of Eliphaz
Gen.36.16	9	H776	in the land
Gen.36.16	10	H123	of Edom;
Gen.36.16	11	H1121	these are the sons
Gen.36.16	12	H5711	of Adah.
Gen.36.17	1	H1121	And these are the sons
Gen.36.17	2	H7467	of Reuel,
Gen.36.17	3	H6215	Esau's
Gen.36.17	4	H1121	son:
Gen.36.17	5	H441	chief
Gen.36.17	6	H5184	Nahath,
Gen.36.17	7	H441	chief
Gen.36.17	8	H2226	Zerah,
Gen.36.17	9	H441	chief
Gen.36.17	10	H8048	Shammah,
Gen.36.17	11	H441	chief
Gen.36.17	12	H4199	Mizzah:
Gen.36.17	13	H441	these are the chiefs
Gen.36.17	14	H7467	that came of Reuel
Gen.36.17	15	H776	in the land
Gen.36.17	16	H123	of Edom;
Gen.36.17	17	H1121	these are the sons
Gen.36.17	18	H1315	of Basemath,
Gen.36.17	19	H6215	Esau's
Gen.36.17	20	H802	wife.
Gen.36.18	1	H1121	And these are the sons
Gen.36.18	2	H173	of Oholibamah,
Gen.36.18	3	H6215	Esau's
Gen.36.18	4	H802	wife:
Gen.36.18	5	H441	chief
Gen.36.18	6	H3266	Jeush,
Gen.36.18	7	H441	chief
Gen.36.18	8	H3281	Jalam,
Gen.36.18	9	H441	chief
Gen.36.18	10	H7141	Korah:
Gen.36.18	11	H441	these are the chiefs
Gen.36.18	12	H173	that came of Oholibamah
Gen.36.18	13	H1323	the daughter
Gen.36.18	14	H6034	of Anah,
Gen.36.18	15	H6215	Esau's
Gen.36.18	16	H802	wife.
Gen.36.19	1	H1121	These are the sons
Gen.36.19	2	H6215	of Esau,
Gen.36.19	3	H441	and these are their chiefs:
Gen.36.19	4	H123	the same is Edom.
Gen.36.20	1	H1121	These are the sons
Gen.36.20	2	H8165	of Seir
Gen.36.20	3	H2752	the Horite,
Gen.36.20	4	H3427	the inhabitants
Gen.36.20	5	H776	of the land:
Gen.36.20	6	H3877	Lotan
Gen.36.20	7	H7732	and Shobal
Gen.36.20	8	H6649	and Zibeon
Gen.36.20	9	H6034	and Anah,
Gen.36.21	1	H1787	and Dishon
Gen.36.21	2	H687	and Ezer
Gen.36.21	3	H1789	and Dishan:
Gen.36.21	4	H441	these are the chiefs
Gen.36.21	5	H2752	that came of the Horites,
Gen.36.21	6	H1121	the children
Gen.36.21	7	H8165	of Seir
Gen.36.21	8	H776	in the land
Gen.36.21	9	H123	of Edom.
Gen.36.22	1	H1121	And the children
Gen.36.22	2	H3877	of Lotan
Gen.36.22	3	H2753	were Hori
Gen.36.22	4	H1967	and Heman;
Gen.36.22	5	H3877	and Lotan's
Gen.36.22	6	H269	sister
Gen.36.22	7	H8555	was Timna.
Gen.36.23	1	H1121	And these are the children
Gen.36.23	2	H7732	of Shobal:
Gen.36.23	3	H5935	Alvan
Gen.36.23	4	H4506	and Manahath
Gen.36.23	5	H5858	and Ebal,
Gen.36.23	6	H8195	Shepho
Gen.36.23	7	H208	and Onam.
Gen.36.24	1	H1121	And these are the children
Gen.36.24	2	H6649	of Zibeon:
Gen.36.24	3	H345	Aiah
Gen.36.24	4	H6034	and Anah;
Gen.36.24	5	H6034	this is Anah
Gen.36.24	6	H4672	who found
Gen.36.24	7	H3222	the hot springs
Gen.36.24	8	H4057	in the wilderness,
Gen.36.24	9	H7462	as he fed
Gen.36.24	10	H2543	the asses
Gen.36.24	11	H6649	of Zibeon
Gen.36.24	12	H1	his father.
Gen.36.25	1	H1121	And these are the children
Gen.36.25	2	H6034	of Anah:
Gen.36.25	3	H1787	Dishon
Gen.36.25	4	H173	and Oholibamah
Gen.36.25	5	H1323	the daughter
Gen.36.25	6	H6034	of Anah.
Gen.36.26	1	H1121	And these are the children
Gen.36.26	2	H1787	of Dishon:
Gen.36.26	3	H2533	Hemdan
Gen.36.26	4	H790	and Eshban
Gen.36.26	5	H3506	and Ithran
Gen.36.26	6	H3763	and Cheran.
Gen.36.27	1	H1121	These are the children
Gen.36.27	2	H687	of Ezer:
Gen.36.27	3	H1092	Bilhan
Gen.36.27	4	H2190	and Zaavan
Gen.36.27	5	H6130	and Akan.
Gen.36.28	1	H1121	These are the children
Gen.36.28	2	H1789	of Dishan:
Gen.36.28	3	H5780	Uz
Gen.36.28	4	H765	and Aran.
Gen.36.29	1	H441	These are the chiefs
Gen.36.29	2	H2752	that came of the Horites:
Gen.36.29	3	H441	chief
Gen.36.29	4	H3877	Lotan,
Gen.36.29	5	H441	chief
Gen.36.29	6	H7732	Shobal,
Gen.36.29	7	H441	chief
Gen.36.29	8	H6649	Zibeon,
Gen.36.29	9	H441	chief
Gen.36.29	10	H6034	Anah,
Gen.36.30	1	H441	chief
Gen.36.30	2	H1787	Dishon,
Gen.36.30	3	H441	chief
Gen.36.30	4	H687	Ezer,
Gen.36.30	5	H441	chief
Gen.36.30	6	H1789	Dishan:
Gen.36.30	7	H441	these are the chiefs
Gen.36.30	8	H2753	that came of the Horites,
Gen.36.30	9	H441	according to their chiefs
Gen.36.30	10	H776	in the land
Gen.36.30	11	H8165	of Seir.
Gen.36.31	1	H4428	And these are the kings
Gen.36.31	2	H4427	that reigned
Gen.36.31	3	H776	in the land
Gen.36.31	4	H123	of Edom,
Gen.36.31	5	H6440	before
Gen.36.31	6	H4427	there reigned
Gen.36.31	7	H4428	any king
Gen.36.31	8	H1121	over the children
Gen.36.31	9	H3478	of Israel.
Gen.36.32	1	H1106	And Bela
Gen.36.32	2	H1121	the son
Gen.36.32	3	H1160	of Beor
Gen.36.32	4	H4427	reigned
Gen.36.32	5	H123	in Edom;
Gen.36.32	6	H8034	and the name
Gen.36.32	7	H5892	of his city
Gen.36.32	8	H1838	was Dinhabah.
Gen.36.33	1	H1106	And Bela
Gen.36.33	2	H4191	died,
Gen.36.33	3	H3103	and Jobab
Gen.36.33	4	H1121	the son
Gen.36.33	5	H2226	of Zerah
Gen.36.33	6	H1224	of Bozrah
Gen.36.33	7	H4427	reigned in his stead.
Gen.36.34	1	H3103	And Jobab
Gen.36.34	2	H4191	died,
Gen.36.34	3	H2367	and Husham
Gen.36.34	4	H776	of the land
Gen.36.34	5	H8489	of the Temanites
Gen.36.34	6	H4427	reigned in his stead.
Gen.36.35	1	H2367	And Husham
Gen.36.35	2	H4191	died,
Gen.36.35	3	H1908	and Hadad
Gen.36.35	4	H1121	the son
Gen.36.35	5	H911	of Bedad,
Gen.36.35	6	H5221	who smote
Gen.36.35	7	H4080	Midian
Gen.36.35	8	H7704	in the field
Gen.36.35	9	H4124	of Moab,
Gen.36.35	10	H4427	reigned
Gen.36.35	11	H8034	in his stead: and the name
Gen.36.35	12	H5892	of his city
Gen.36.35	13	H5762	was Avith.
Gen.36.36	1	H1908	And Hadad
Gen.36.36	2	H4191	died,
Gen.36.36	3	H8072	and Samlah
Gen.36.36	4	H4957	of Masrekah
Gen.36.36	5	H4427	reigned in his stead.
Gen.36.37	1	H8072	And Samlah
Gen.36.37	2	H4191	died,
Gen.36.37	3	H7586	and Shaul
Gen.36.37	4	H7344	of Rehoboth
Gen.36.37	5	H5104	by the River
Gen.36.37	6	H4427	reigned in his stead.
Gen.36.38	1	H7586	And Shaul
Gen.36.38	2	H4191	died,
Gen.36.38	3	H1177	and Baal-hanan
Gen.36.38	4	H1121	the son
Gen.36.38	5	H5907	of Achbor
Gen.36.38	6	H4427	reigned in his stead.
Gen.36.39	1	H1177	And Baal-hanan
Gen.36.39	2	H1121	the son
Gen.36.39	3	H5907	of Achbor
Gen.36.39	4	H4191	died,
Gen.36.39	5	H1924	and Hadar
Gen.36.39	6	H4427	reigned
Gen.36.39	7	H8034	in his stead: and the name
Gen.36.39	8	H5892	of his city
Gen.36.39	9	H6464	was Pau;
Gen.36.39	10	H802	and his wife's
Gen.36.39	11	H8034	name
Gen.36.39	12	H4105	was Mehetabel,
Gen.36.39	13	H1323	the daughter
Gen.36.39	14	H4308	of Matred,
Gen.36.39	15	H1323	the daughter
Gen.36.39	16	H4314	of Me-zahab.
Gen.36.40	1	H8034	And these are the names
Gen.36.40	2	H441	of the chiefs
Gen.36.40	3	H6215	that came of Esau,
Gen.36.40	4	H4940	according to their families,
Gen.36.40	5	H4725	after their places,
Gen.36.40	6	H8034	by their names:
Gen.36.40	7	H441	chief
Gen.36.40	8	H8555	Timna,
Gen.36.40	9	H441	chief
Gen.36.40	10	H5933	Alvah,
Gen.36.40	11	H441	chief
Gen.36.40	12	H3509	Jetheth,
Gen.36.41	1	H441	chief
Gen.36.41	2	H173	Oholibamah,
Gen.36.41	3	H441	chief
Gen.36.41	4	H425	Elah,
Gen.36.41	5	H441	chief
Gen.36.41	6	H6373	Pinon,
Gen.36.42	1	H441	chief
Gen.36.42	2	H7073	Kenaz,
Gen.36.42	3	H441	chief
Gen.36.42	4	H8487	Teman,
Gen.36.42	5	H441	chief
Gen.36.42	6	H4014	Mibzar,
Gen.36.43	1	H441	chief
Gen.36.43	2	H4025	Magdiel,
Gen.36.43	3	H441	chief
Gen.36.43	4	H5902	Iram:
Gen.36.43	5	H441	these are the chiefs
Gen.36.43	6	H123	of Edom,
Gen.36.43	7	H4186	according to their habitations
Gen.36.43	8	H776	in the land
Gen.36.43	9	H272	of their possession.
Gen.36.43	10	H6215	This is Esau,
Gen.36.43	11	H1	the father
Gen.36.43	12	H123	of the Edomites.
Gen.37.1	1	H3290	And Jacob
Gen.37.1	2	H3427	dwelt
Gen.37.1	3	H776	in the land
Gen.37.1	4	H1	of his father's
Gen.37.1	5	H4033	sojournings,
Gen.37.1	6	H776	in the land
Gen.37.1	7	H3667	of Canaan.
Gen.37.2	1	H8435	These are the generations
Gen.37.2	2	H3290	of Jacob.
Gen.37.2	3	H3130	Joseph,
Gen.37.2	4	H6240	being seventeen
Gen.37.2	5	H8141	years
Gen.37.2	6	H1121	old,
Gen.37.2	7	H7462	was feeding
Gen.37.2	8	H6629	the flock
Gen.37.2	9	H251	with his brethren;
Gen.37.2	10	H5288	and he was a lad
Gen.37.2	11	H1121	with the sons
Gen.37.2	12	H1090	of Bilhah,
Gen.37.2	13	H1121	and with the sons
Gen.37.2	14	H2153	of Zilpah,
Gen.37.2	15	H1	his father's
Gen.37.2	16	H802	wives:
Gen.37.2	17	H3130	and Joseph
Gen.37.2	18	H935	brought
Gen.37.2	19	H7451	the evil
Gen.37.2	20	H1681	report
Gen.37.2	21	H1	of them unto their father.
Gen.37.3	1	H3478	Now Israel
Gen.37.3	2	H157	loved
Gen.37.3	3	H3130	Joseph
Gen.37.3	4	H1121	more than all his children,
Gen.37.3	5	H1121	because he was the son
Gen.37.3	6	H2208	of his old age:
Gen.37.3	7	H6213	and he made
Gen.37.3	8	H3801	him a coat
Gen.37.3	9	H6446	of many colors.
Gen.37.4	1	H251	And his brethren
Gen.37.4	2	H7200	saw
Gen.37.4	3	H1	that their father
Gen.37.4	4	H157	loved
Gen.37.4	5	H251	him more than all his brethren;
Gen.37.4	6	H8130	and they hated
Gen.37.4	7	H3201	him, and could
Gen.37.4	8	H1696	not speak
Gen.37.4	9	H7965	peaceably unto him.
Gen.37.5	1	H3130	And Joseph
Gen.37.5	2	H2492	dreamed
Gen.37.5	3	H2472	a dream,
Gen.37.5	4	H5046	and he told
Gen.37.5	5	H251	it to his brethren:
Gen.37.5	6	H8130	and they hated
Gen.37.5	7	H3254	him yet the more.
Gen.37.6	1	H559	And he said
Gen.37.6	2	H8085	unto them, Hear,
Gen.37.6	3	H2472	I pray you, this dream
Gen.37.6	4	H2492	which I have dreamed:
Gen.37.7	1	H481	for, behold, we were binding
Gen.37.7	2	H485	sheaves
Gen.37.7	3	H7704	in the field,
Gen.37.7	4	H485	and, lo, my sheaf
Gen.37.7	5	H6965	arose,
Gen.37.7	6	H5324	and also stood upright;
Gen.37.7	7	H485	and, behold, your sheaves
Gen.37.7	8	H5437	came round about,
Gen.37.7	9	H7812	and made obeisance
Gen.37.7	10	H485	to my sheaf.
Gen.37.8	1	H251	And his brethren
Gen.37.8	2	H559	said
Gen.37.8	3	H4427	to him, Shalt thou indeed
Gen.37.8	4	H4427	reign
Gen.37.8	5	H4910	over us? or shalt thou indeed
Gen.37.8	6	H4910	have dominion
Gen.37.8	7	H8130	over us? And they hated
Gen.37.8	8	H3254	him yet the more
Gen.37.8	9	H2472	for his dreams,
Gen.37.8	10	H1697	and for his words.
Gen.37.9	1	H2492	And he dreamed
Gen.37.9	2	H312	yet another
Gen.37.9	3	H2472	dream,
Gen.37.9	4	H5608	and told
Gen.37.9	5	H251	it to his brethren,
Gen.37.9	6	H559	and said,
Gen.37.9	7	H2492	Behold, I have dreamed
Gen.37.9	8	H2472	yet a dream:
Gen.37.9	9	H8121	and, behold, the sun
Gen.37.9	10	H3394	and the moon
Gen.37.9	11	H6240	and eleven
Gen.37.9	12	H3556	stars
Gen.37.9	13	H7812	made obeisance to me.
Gen.37.10	1	H5608	And he told
Gen.37.10	2	H1	it to his father,
Gen.37.10	3	H251	and to his brethren;
Gen.37.10	4	H1	and his father
Gen.37.10	5	H1605	rebuked
Gen.37.10	6	H559	him, and said
Gen.37.10	7	H2472	unto him, What is this dream
Gen.37.10	8	H2492	that thou hast dreamed?
Gen.37.10	9	H517	Shall I and thy mother
Gen.37.10	10	H251	and thy brethren
Gen.37.10	11	H935	indeed
Gen.37.10	12	H935	come
Gen.37.10	13	H7812	to bow down
Gen.37.10	14	H776	ourselves to thee to the earth?
Gen.37.11	1	H251	And his brethren
Gen.37.11	2	H7065	envied
Gen.37.11	3	H1	him; but his father
Gen.37.11	4	H8104	kept
Gen.37.11	5	H1697	the saying in mind.
Gen.37.12	1	H251	And his brethren
Gen.37.12	2	H3212	went
Gen.37.12	3	H7462	to feed
Gen.37.12	4	H1	their father's
Gen.37.12	5	H6629	flock
Gen.37.12	6	H7927	in Shechem.
Gen.37.13	1	H3478	And Israel
Gen.37.13	2	H559	said
Gen.37.13	3	H3130	unto Joseph,
Gen.37.13	4	H251	Are not thy brethren
Gen.37.13	5	H7462	feeding
Gen.37.13	6	H7927	the flock in Shechem?
Gen.37.13	7	H3212	come,
Gen.37.13	8	H7971	and I will send thee
Gen.37.13	9	H559	unto them. And he said to him, Here am I.
Gen.37.14	1	H559	And he said
Gen.37.14	2	H3212	to him, Go
Gen.37.14	3	H7200	now, see
Gen.37.14	4	H7965	whether it is well
Gen.37.14	5	H251	with thy brethren,
Gen.37.14	6	H7965	and well
Gen.37.14	7	H6629	with the flock;
Gen.37.14	8	H7725	and bring
Gen.37.14	9	H1697	me word
Gen.37.14	10	H7725	again.
Gen.37.14	11	H7971	So he sent
Gen.37.14	12	H6010	him out of the vale
Gen.37.14	13	H2275	of Hebron,
Gen.37.14	14	H935	and he came
Gen.37.14	15	H7927	to Shechem.
Gen.37.15	1	H376	And a certain man
Gen.37.15	2	H4672	found him,
Gen.37.15	3	H8582	and, behold, he was wandering
Gen.37.15	4	H7704	in the field:
Gen.37.15	5	H376	and the man
Gen.37.15	6	H7592	asked him,
Gen.37.15	7	H559	saying,
Gen.37.15	8	H1245	What seekest thou?
Gen.37.16	1	H559	And he said,
Gen.37.16	2	H1245	I am seeking
Gen.37.16	3	H251	my brethren:
Gen.37.16	4	H5046	tell
Gen.37.16	5	H375	me, I pray thee, where
Gen.37.16	6	H7462	they are feeding the flock.
Gen.37.17	1	H376	And the man
Gen.37.17	2	H559	said,
Gen.37.17	3	H5265	They are departed
Gen.37.17	4	H2088	hence;
Gen.37.17	5	H8085	for I heard
Gen.37.17	6	H559	them say,
Gen.37.17	7	H3212	Let us go
Gen.37.17	8	H1886	to Dothan.
Gen.37.17	9	H3130	And Joseph
Gen.37.17	10	H3212	went
Gen.37.17	11	H310	after
Gen.37.17	12	H251	his brethren,
Gen.37.17	13	H4672	and found
Gen.37.17	14	H1886	them in Dothan.
Gen.37.18	1	H7200	And they saw
Gen.37.18	2	H7350	him afar off,
Gen.37.18	3	H7126	and before he came near
Gen.37.18	4	H5230	unto them, they conspired
Gen.37.18	5	H4191	against him to slay him.
Gen.37.19	1	H559	And they said
Gen.37.19	2	H376	one
Gen.37.19	3	H251	to another,
Gen.37.19	4	H1976	Behold, this
Gen.37.19	5	H1167	dreamer
Gen.37.19	6	H935	cometh.
Gen.37.20	1	H3212	Come
Gen.37.20	2	H2026	now therefore, and let us slay
Gen.37.20	3	H7993	him, and cast
Gen.37.20	4	H259	him into one
Gen.37.20	5	H953	of the pits,
Gen.37.20	6	H559	and we will say,
Gen.37.20	7	H7451	An evil
Gen.37.20	8	H2416	beast
Gen.37.20	9	H398	hath devoured
Gen.37.20	10	H7200	him: and we shall see
Gen.37.20	11	H2472	what will become of his dreams.
Gen.37.21	1	H7205	And Reuben
Gen.37.21	2	H8085	heard
Gen.37.21	3	H5337	it, and delivered
Gen.37.21	4	H3027	him out of their hand,
Gen.37.21	5	H559	and said,
Gen.37.21	6	H5221	Let us not take his life.
Gen.37.22	1	H7205	And Reuben
Gen.37.22	2	H559	said
Gen.37.22	3	H8210	unto them, Shed
Gen.37.22	4	H1818	no blood;
Gen.37.22	5	H7993	cast
Gen.37.22	6	H953	him into this pit
Gen.37.22	7	H4057	that is in the wilderness,
Gen.37.22	8	H7971	but lay
Gen.37.22	9	H3027	no hand
Gen.37.22	10	H5337	upon him: that he might deliver
Gen.37.22	11	H3027	him out of their hand,
Gen.37.22	12	H7725	to restore
Gen.37.22	13	H1	him to his father.
Gen.37.23	1	H3130	And it came to pass, when Joseph
Gen.37.23	2	H935	was come
Gen.37.23	3	H251	unto his brethren,
Gen.37.23	4	H3130	that they stripped Joseph
Gen.37.23	5	H854	of
Gen.37.23	6	H3801	his coat,
Gen.37.23	7	H3801	the coat
Gen.37.23	8	H854	of
Gen.37.23	9	H6446	many colors that was on him;
Gen.37.24	1	H3947	and they took
Gen.37.24	2	H7993	him, and cast
Gen.37.24	3	H953	him into the pit:
Gen.37.24	4	H953	and the pit
Gen.37.24	5	H7386	was empty,
Gen.37.24	6	H4325	there was no water in it.
Gen.37.25	1	H3427	And they sat down
Gen.37.25	2	H398	to eat
Gen.37.25	3	H3899	bread:
Gen.37.25	4	H5375	and they lifted up
Gen.37.25	5	H5869	their eyes
Gen.37.25	6	H7200	and looked,
Gen.37.25	7	H736	and, behold, a caravan
Gen.37.25	8	H3459	of Ishmaelites
Gen.37.25	9	H935	was coming
Gen.37.25	10	H1568	from Gilead,
Gen.37.25	11	H1581	with their camels
Gen.37.25	12	H5375	bearing
Gen.37.25	13	H5219	spicery
Gen.37.25	14	H6875	and balm
Gen.37.25	15	H3910	and myrrh,
Gen.37.25	16	H1980	going
Gen.37.25	17	H3381	to carry it down
Gen.37.25	18	H4714	to Egypt.
Gen.37.26	1	H3063	And Judah
Gen.37.26	2	H559	said
Gen.37.26	3	H251	unto his brethren,
Gen.37.26	4	H1215	What profit
Gen.37.26	5	H2026	is it if we slay
Gen.37.26	6	H251	our brother
Gen.37.26	7	H3680	and conceal
Gen.37.26	8	H1818	his blood?
Gen.37.27	1	H3212	Come,
Gen.37.27	2	H4376	and let us sell
Gen.37.27	3	H3459	him to the Ishmaelites,
Gen.37.27	4	H3027	and let not our hand
Gen.37.27	5	H251	be upon him; for he is our brother,
Gen.37.27	6	H1320	our flesh.
Gen.37.27	7	H251	And his brethren
Gen.37.27	8	H8085	hearkened unto him.
Gen.37.28	1	H5674	And there passed
Gen.37.28	2	H4084	by Midianites,
Gen.37.28	3	H582	merchantmen;
Gen.37.28	4	H4900	and they drew
Gen.37.28	5	H5927	and lifted up
Gen.37.28	6	H3130	Joseph
Gen.37.28	7	H953	out of the pit,
Gen.37.28	8	H4376	and sold
Gen.37.28	9	H3130	Joseph
Gen.37.28	10	H3459	to the Ishmaelites
Gen.37.28	11	H6242	for twenty
Gen.37.28	12	H3701	pieces of silver.
Gen.37.28	13	H935	And they brought
Gen.37.28	14	H3130	Joseph
Gen.37.28	15	H4714	into Egypt.
Gen.37.29	1	H7205	And Reuben
Gen.37.29	2	H7725	returned
Gen.37.29	3	H953	unto the pit;
Gen.37.29	4	H3130	and, behold, Joseph
Gen.37.29	5	H953	was not in the pit;
Gen.37.29	6	H7167	and he rent
Gen.37.29	7	H899	his clothes.
Gen.37.30	1	H7725	And he returned
Gen.37.30	2	H251	unto his brethren,
Gen.37.30	3	H559	and said,
Gen.37.30	4	H3206	The child
Gen.37.30	5	H575	is not; and I, whither
Gen.37.30	6	H935	shall I go?
Gen.37.31	1	H3947	And they took
Gen.37.31	2	H3130	Joseph's
Gen.37.31	3	H3801	coat,
Gen.37.31	4	H7819	and killed
Gen.37.31	5	H8163	a
Gen.37.31	6	H5795	he-goat,
Gen.37.31	7	H2881	and dipped
Gen.37.31	8	H3801	the coat
Gen.37.31	9	H1818	in the blood;
Gen.37.32	1	H7971	and they sent
Gen.37.32	2	H3801	the coat
Gen.37.32	3	H6446	of many colors,
Gen.37.32	4	H935	and they brought
Gen.37.32	5	H1	it to their father,
Gen.37.32	6	H559	and said,
Gen.37.32	7	H4672	This have we found:
Gen.37.32	8	H5234	know
Gen.37.32	9	H1121	now whether it is thy son's
Gen.37.32	10	H3801	coat or not.
Gen.37.33	1	H5234	And he knew it,
Gen.37.33	2	H559	and said,
Gen.37.33	3	H1121	It is my son's
Gen.37.33	4	H3801	coat;
Gen.37.33	5	H7451	an evil
Gen.37.33	6	H2416	beast
Gen.37.33	7	H398	hath devoured
Gen.37.33	8	H3130	him; Joseph
Gen.37.33	9	H2963	is without doubt
Gen.37.33	10	H2963	torn in pieces.
Gen.37.34	1	H3290	And Jacob
Gen.37.34	2	H7167	rent
Gen.37.34	3	H8071	his garments,
Gen.37.34	4	H7760	and put
Gen.37.34	5	H8242	sackcloth
Gen.37.34	6	H4975	upon his loins,
Gen.37.34	7	H56	and mourned
Gen.37.34	8	H1121	for his son
Gen.37.34	9	H7227	many
Gen.37.34	10	H3117	days.
Gen.37.35	1	H1121	And all his sons
Gen.37.35	2	H1323	and all his daughters
Gen.37.35	3	H6965	rose up
Gen.37.35	4	H5162	to comfort
Gen.37.35	5	H3985	him; but he refused
Gen.37.35	6	H5162	to be comforted;
Gen.37.35	7	H559	and he said,
Gen.37.35	8	H3381	For I will go down
Gen.37.35	9	H7585	to Sheol
Gen.37.35	10	H1121	to my son
Gen.37.35	11	H57	mourning.
Gen.37.35	12	H1	And his father
Gen.37.35	13	H1058	wept for him.
Gen.37.36	1	H4092	And the Midianites
Gen.37.36	2	H4376	sold
Gen.37.36	3	H4714	him into Egypt
Gen.37.36	4	H6318	unto Potiphar,
Gen.37.36	5	H5631	an officer
Gen.37.36	6	H6547	of Pharaoh's,
Gen.37.36	7	H8269	the captain
Gen.37.36	8	H2876	of the guard.
Gen.38.1	1	H6256	And it came to pass at that time,
Gen.38.1	2	H3063	that Judah
Gen.38.1	3	H3381	went down
Gen.38.1	4	H251	from his brethren,
Gen.38.1	5	H5186	and turned
Gen.38.1	6	H376	in to a certain
Gen.38.1	7	H5726	Adullamite,
Gen.38.1	8	H8034	whose name
Gen.38.1	9	H2437	was Hirah.
Gen.38.2	1	H3063	And Judah
Gen.38.2	2	H7200	saw
Gen.38.2	3	H1323	there a daughter
Gen.38.2	4	H376	of a certain
Gen.38.2	5	H3669	Canaanite
Gen.38.2	6	H8034	whose name
Gen.38.2	7	H7770	was Shua;
Gen.38.2	8	H3947	and he took her,
Gen.38.2	9	H935	and went in unto her.
Gen.38.3	1	H2029	And she conceived,
Gen.38.3	2	H3205	and bare
Gen.38.3	3	H1121	a son;
Gen.38.3	4	H7121	and he called
Gen.38.3	5	H8034	his name
Gen.38.3	6	H6147	Er.
Gen.38.4	1	H2029	And she conceived
Gen.38.4	2	H3205	again, and bare
Gen.38.4	3	H1121	a son;
Gen.38.4	4	H7121	and she called
Gen.38.4	5	H8034	his name
Gen.38.4	6	H209	Onan.
Gen.38.5	1	H3254	And she yet
Gen.38.5	2	H3205	again bare
Gen.38.5	3	H1121	a son,
Gen.38.5	4	H7121	and called
Gen.38.5	5	H8034	his name
Gen.38.5	6	H7956	Shelah:
Gen.38.5	7	H3580	and he was at Chezib,
Gen.38.5	8	H3205	when she bare him.
Gen.38.6	1	H3063	And Judah
Gen.38.6	2	H3947	took
Gen.38.6	3	H802	a wife
Gen.38.6	4	H6147	for Er
Gen.38.6	5	H1060	his first-born,
Gen.38.6	6	H8034	and her name
Gen.38.6	7	H8559	was Tamar.
Gen.38.7	1	H6147	And Er,
Gen.38.7	2	H3063	Judah's
Gen.38.7	3	H1060	first-born,
Gen.38.7	4	H7451	was wicked
Gen.38.7	5	H5869	in the sight
Gen.38.7	6	H3068	of Jehovah;
Gen.38.7	7	H3068	and Jehovah
Gen.38.7	8	H4191	slew him.
Gen.38.8	1	H3063	And Judah
Gen.38.8	2	H559	said
Gen.38.8	3	H209	unto Onan,
Gen.38.8	4	H935	Go in
Gen.38.8	5	H251	unto thy brother's
Gen.38.8	6	H802	wife,
Gen.38.8	7	H251	and perform the duty of a husband's brother
Gen.38.8	8	H6965	unto her, and raise up
Gen.38.8	9	H2233	seed
Gen.38.8	10	H251	to thy brother.
Gen.38.9	1	H209	And Onan
Gen.38.9	2	H3045	knew
Gen.38.9	3	H2233	that the seed
Gen.38.9	4	H518	would not be his; and it came to pass, when
Gen.38.9	5	H935	he went in
Gen.38.9	6	H251	unto his brother's
Gen.38.9	7	H802	wife,
Gen.38.9	8	H7843	that he spilled
Gen.38.9	9	H776	it on the ground,
Gen.38.9	10	H1115	lest
Gen.38.9	11	H5414	he should give
Gen.38.9	12	H2233	seed
Gen.38.9	13	H251	to his brother.
Gen.38.10	1	H834	And the thing which
Gen.38.10	2	H6213	he did
Gen.38.10	3	H3415	was evil
Gen.38.10	4	H3068	in the sight of Jehovah:
Gen.38.10	5	H4191	and he slew him also.
Gen.38.11	1	H559	Then said
Gen.38.11	2	H3063	Judah
Gen.38.11	3	H8559	to Tamar
Gen.38.11	4	H3618	his daughter-in-law,
Gen.38.11	5	H3427	Remain
Gen.38.11	6	H490	a widow
Gen.38.11	7	H1	in thy father's
Gen.38.11	8	H1004	house,
Gen.38.11	9	H7956	till Shelah
Gen.38.11	10	H1121	my son
Gen.38.11	11	H1431	be grown
Gen.38.11	12	H559	up; for he said,
Gen.38.11	13	H4191	Lest he also die,
Gen.38.11	14	H251	like his brethren.
Gen.38.11	15	H8559	And Tamar
Gen.38.11	16	H3212	went
Gen.38.11	17	H3427	and dwelt
Gen.38.11	18	H1	in her father's
Gen.38.11	19	H1004	house.
Gen.38.12	1	H7235	And in process
Gen.38.12	2	H3117	of time
Gen.38.12	3	H7770	Shua's
Gen.38.12	4	H1323	daughter,
Gen.38.12	5	H802	the wife
Gen.38.12	6	H3063	of Judah,
Gen.38.12	7	H4191	died;
Gen.38.12	8	H3063	and Judah
Gen.38.12	9	H5162	was comforted,
Gen.38.12	10	H5927	and went up
Gen.38.12	11	H1494	unto his sheep-shearers
Gen.38.12	12	H8553	to Timnah,
Gen.38.12	13	H7453	he and his friend
Gen.38.12	14	H2437	Hirah
Gen.38.12	15	H5726	the Adullamite.
Gen.38.13	1	H5046	And it was told
Gen.38.13	2	H8559	Tamar,
Gen.38.13	3	H559	saying,
Gen.38.13	4	H2524	Behold, thy father-in-law
Gen.38.13	5	H5927	goeth up
Gen.38.13	6	H8553	to Timnah
Gen.38.13	7	H1494	to shear
Gen.38.13	8	H6629	his sheep.
Gen.38.14	1	H5493	And she put
Gen.38.14	2	H5493	off
Gen.38.14	3	H899	from her the garments
Gen.38.14	4	H491	of her widowhood,
Gen.38.14	5	H3680	and covered herself
Gen.38.14	6	H6809	with her veil,
Gen.38.14	7	H5968	and wrapped herself,
Gen.38.14	8	H3427	and sat in
Gen.38.14	9	H5869	the gate
Gen.38.14	10	H6607	of Enaim,
Gen.38.14	11	H1870	which is by the way
Gen.38.14	12	H8553	to Timnah;
Gen.38.14	13	H7200	for she saw
Gen.38.14	14	H7956	that Shelah
Gen.38.14	15	H1431	was grown
Gen.38.14	16	H5414	up, and she was not given
Gen.38.14	17	H802	unto him to wife.
Gen.38.15	1	H3063	When Judah
Gen.38.15	2	H7200	saw her,
Gen.38.15	3	H2803	he thought
Gen.38.15	4	H2181	her to be a harlot;
Gen.38.15	5	H3680	for she had covered
Gen.38.15	6	H6440	her face.
Gen.38.16	1	H5186	And he turned
Gen.38.16	2	H1870	unto her by the way,
Gen.38.16	3	H559	and said,
Gen.38.16	4	H3051	Come,
Gen.38.16	5	H935	I pray thee, let me come in
Gen.38.16	6	H3045	unto thee: for he knew
Gen.38.16	7	H3618	not that she was his daughter-in-law.
Gen.38.16	8	H559	And she said,
Gen.38.16	9	H5414	What wilt thou give
Gen.38.16	10	H935	me, that thou mayest come in unto me?
Gen.38.17	1	H559	And he said,
Gen.38.17	2	H7971	I will send
Gen.38.17	3	H5795	thee a kid
Gen.38.17	4	H6629	of the goats from the flock.
Gen.38.17	5	H559	And she said,
Gen.38.17	6	H5414	Wilt thou give
Gen.38.17	7	H6162	me a pledge,
Gen.38.17	8	H7971	till thou send it?
Gen.38.18	1	H559	And he said,
Gen.38.18	2	H834	What
Gen.38.18	3	H6162	pledge
Gen.38.18	4	H5414	shall I give
Gen.38.18	5	H559	thee? And she said,
Gen.38.18	6	H2368	Thy signet
Gen.38.18	7	H6616	and thy cord,
Gen.38.18	8	H4294	and thy staff
Gen.38.18	9	H3027	that is in thy hand.
Gen.38.18	10	H5414	And he gave
Gen.38.18	11	H935	them to her, and came in
Gen.38.18	12	H2029	unto her, and she conceived by him.
Gen.38.19	1	H6965	And she arose,
Gen.38.19	2	H3212	and went away,
Gen.38.19	3	H5493	and put off
Gen.38.19	4	H6809	her veil
Gen.38.19	5	H3847	from her, and put on
Gen.38.19	6	H899	the garments
Gen.38.19	7	H491	of her widowhood.
Gen.38.20	1	H3063	And Judah
Gen.38.20	2	H7971	sent
Gen.38.20	3	H1423	the kid
Gen.38.20	4	H3027	of the goats by the hand
Gen.38.20	5	H7453	of his friend
Gen.38.20	6	H5726	the Adullamite,
Gen.38.20	7	H3947	to receive
Gen.38.20	8	H6162	the pledge
Gen.38.20	9	H802	from the woman's
Gen.38.20	10	H3027	hand:
Gen.38.20	11	H4672	but he found her not.
Gen.38.21	1	H7592	Then he asked
Gen.38.21	2	H582	the men
Gen.38.21	3	H4725	of her place,
Gen.38.21	4	H559	saying,
Gen.38.21	5	H6948	Where is the prostitute,
Gen.38.21	6	H5869	that was at
Gen.38.21	7	H1870	Enaim by the wayside?
Gen.38.21	8	H559	And they said,
Gen.38.21	9	H6948	There hath been no prostitute
Gen.38.21	10	H2088	here.
Gen.38.22	1	H7725	And he returned
Gen.38.22	2	H3063	to Judah,
Gen.38.22	3	H559	and said,
Gen.38.22	4	H3808	I have not
Gen.38.22	5	H4672	found
Gen.38.22	6	H582	her; and also the men
Gen.38.22	7	H4725	of the place
Gen.38.22	8	H559	said,
Gen.38.22	9	H6948	There hath been no prostitute here.
Gen.38.23	1	H3063	And Judah
Gen.38.23	2	H559	said,
Gen.38.23	3	H3947	Let her take
Gen.38.23	4	H937	it to her, lest we be put to shame:
Gen.38.23	5	H7971	behold, I sent
Gen.38.23	6	H1423	this kid,
Gen.38.23	7	H4672	and thou hast not found her.
Gen.38.24	1	H7969	And it came to pass about three
Gen.38.24	2	H2320	months
Gen.38.24	3	H5046	after, that it was told
Gen.38.24	4	H3063	Judah,
Gen.38.24	5	H559	saying,
Gen.38.24	6	H8559	Tamar
Gen.38.24	7	H3618	thy daughter-in-law
Gen.38.24	8	H2181	hath played the harlot;
Gen.38.24	9	H2030	and moreover, behold, she is with child
Gen.38.24	10	H2183	by whoredom.
Gen.38.24	11	H3063	And Judah
Gen.38.24	12	H559	said,
Gen.38.24	13	H3318	Bring her forth,
Gen.38.24	14	H8313	and let her be burnt.
Gen.38.25	1	H3318	When she was brought forth,
Gen.38.25	2	H7971	she sent
Gen.38.25	3	H2524	to her father-in-law,
Gen.38.25	4	H559	saying,
Gen.38.25	5	H376	By the man,
Gen.38.25	6	H2030	whose these are, am I with child:
Gen.38.25	7	H559	and she said,
Gen.38.25	8	H5234	Discern,
Gen.38.25	9	H2858	I pray thee, whose are these, the signet,
Gen.38.25	10	H6616	and the cords,
Gen.38.25	11	H4294	and the staff.
Gen.38.26	1	H3063	And Judah
Gen.38.26	2	H5234	acknowledged
Gen.38.26	3	H559	them, and said,
Gen.38.26	4	H6663	She is more righteous
Gen.38.26	5	H5414	than I, forasmuch as I gave
Gen.38.26	6	H7956	her not to Shelah
Gen.38.26	7	H1121	my son.
Gen.38.26	8	H3045	And he knew her
Gen.38.26	9	H3254	again no more.
Gen.38.27	1	H6256	And it came to pass in the time
Gen.38.27	2	H3205	of her travail,
Gen.38.27	3	H8380	that, behold, twins
Gen.38.27	4	H990	were in her womb.
Gen.38.28	1	H3205	And it came to pass, when she travailed,
Gen.38.28	2	H5414	that one put out
Gen.38.28	3	H3027	a hand:
Gen.38.28	4	H3205	and the midwife
Gen.38.28	5	H3947	took
Gen.38.28	6	H7194	and bound
Gen.38.28	7	H3027	upon his hand
Gen.38.28	8	H8144	a scarlet thread,
Gen.38.28	9	H559	saying,
Gen.38.28	10	H3318	This came out
Gen.38.28	11	H7223	first.
Gen.38.29	1	H7725	And it came to pass, as he drew back
Gen.38.29	2	H3027	his hand,
Gen.38.29	3	H251	that, behold, his brother
Gen.38.29	4	H3318	came out:
Gen.38.29	5	H559	and she said,
Gen.38.29	6	H6555	Wherefore hast thou made
Gen.38.29	7	H6556	a breach
Gen.38.29	8	H8034	for thyself? therefore his name
Gen.38.29	9	H7121	was called
Gen.38.29	10	H6557	Perez.
Gen.38.30	1	H310	And afterward
Gen.38.30	2	H3318	came out
Gen.38.30	3	H251	his brother,
Gen.38.30	4	H8144	that had the scarlet thread
Gen.38.30	5	H3027	upon his hand:
Gen.38.30	6	H8034	and his name
Gen.38.30	7	H7121	was called
Gen.38.30	8	H2226	Zerah.
Gen.39.1	1	H3130	And Joseph
Gen.39.1	2	H3381	was brought down
Gen.39.1	3	H4714	to Egypt;
Gen.39.1	4	H6318	and Potiphar,
Gen.39.1	5	H5631	an officer
Gen.39.1	6	H6547	of Pharaoh's,
Gen.39.1	7	H8269	the captain
Gen.39.1	8	H2876	of the guard,
Gen.39.1	9	H376	an Egyptian,
Gen.39.1	10	H7069	bought
Gen.39.1	11	H3027	him of the hand
Gen.39.1	12	H3459	of the Ishmaelites,
Gen.39.1	13	H3381	that had brought him down thither.
Gen.39.2	1	H3068	And Jehovah
Gen.39.2	2	H3130	was with Joseph,
Gen.39.2	3	H6743	and he was a prosperous
Gen.39.2	4	H376	man;
Gen.39.2	5	H1004	and he was in the house
Gen.39.2	6	H113	of his master
Gen.39.2	7	H4713	the Egyptian.
Gen.39.3	1	H113	And his master
Gen.39.3	2	H7200	saw
Gen.39.3	3	H3068	that Jehovah
Gen.39.3	4	H3068	was with him, and that Jehovah
Gen.39.3	5	H6213	made all that he did
Gen.39.3	6	H6743	to prosper
Gen.39.3	7	H3027	in his hand.
Gen.39.4	1	H3130	And Joseph
Gen.39.4	2	H4672	found
Gen.39.4	3	H2580	favor
Gen.39.4	4	H5869	in his sight,
Gen.39.4	5	H8334	and he ministered
Gen.39.4	6	H6485	unto him: and he made him overseer
Gen.39.4	7	H1004	over his house,
Gen.39.4	8	H3426	and all that he had
Gen.39.4	9	H5414	he put
Gen.39.4	10	H3027	into his hand.
Gen.39.5	1	H227	And it came to pass from the time
Gen.39.5	2	H6485	that he made him overseer
Gen.39.5	3	H1004	in his house,
Gen.39.5	4	H3426	and over all that he had,
Gen.39.5	5	H3068	that Jehovah
Gen.39.5	6	H1288	blessed
Gen.39.5	7	H4713	the Egyptian's
Gen.39.5	8	H1004	house
Gen.39.5	9	H3130	for Joseph's
Gen.39.5	10	H1558	sake;
Gen.39.5	11	H1293	and the blessing
Gen.39.5	12	H3068	of Jehovah
Gen.39.5	13	H3426	was upon all that he had,
Gen.39.5	14	H1004	in the house
Gen.39.5	15	H7704	and in the field.
Gen.39.6	1	H5800	And he left
Gen.39.6	2	H3130	all that he had in Joseph's
Gen.39.6	3	H3027	hand;
Gen.39.6	4	H3045	and he knew
Gen.39.6	5	H3972	not aught
Gen.39.6	6	H518	that was with him, save
Gen.39.6	7	H3899	the bread
Gen.39.6	8	H398	which he did eat.
Gen.39.6	9	H3130	And Joseph
Gen.39.6	10	H8389	was comely,
Gen.39.6	11	H3303	and
Gen.39.6	12	H4758	well-favored.
Gen.39.7	1	H310	And it came to pass after
Gen.39.7	2	H1697	these things,
Gen.39.7	3	H113	that his master's
Gen.39.7	4	H802	wife
Gen.39.7	5	H5375	cast
Gen.39.7	6	H5869	her eyes
Gen.39.7	7	H3130	upon Joseph;
Gen.39.7	8	H559	and she said,
Gen.39.7	9	H7901	Lie with me.
Gen.39.8	1	H3985	But he refused,
Gen.39.8	2	H559	and said
Gen.39.8	3	H113	unto his master's
Gen.39.8	4	H802	wife,
Gen.39.8	5	H113	Behold, my master
Gen.39.8	6	H3045	knoweth
Gen.39.8	7	H1004	not what is with me in the house,
Gen.39.8	8	H5414	and he hath put
Gen.39.8	9	H3426	all that he hath
Gen.39.8	10	H3027	into my hand:
Gen.39.9	1	H1419	he is not greater
Gen.39.9	2	H1004	in this house
Gen.39.9	3	H3808	than I; neither
Gen.39.9	4	H2820	hath he kept back
Gen.39.9	5	H3972	anything
Gen.39.9	6	H834	from me but thee, because
Gen.39.9	7	H859	thou
Gen.39.9	8	H802	art his wife:
Gen.39.9	9	H6213	how then can I do
Gen.39.9	10	H1419	this great
Gen.39.9	11	H7451	wickedness,
Gen.39.9	12	H2398	and sin
Gen.39.9	13	H430	against God?
Gen.39.10	1	H1696	And it came to pass, as she spake
Gen.39.10	2	H3130	to Joseph
Gen.39.10	3	H3117	day
Gen.39.10	4	H3117	by day,
Gen.39.10	5	H8085	that he hearkened
Gen.39.10	6	H7901	not unto her, to lie
Gen.39.10	7	H681	by her, or to be with her.
Gen.39.11	1	H3117	And it came to pass about this time,
Gen.39.11	2	H935	that he went
Gen.39.11	3	H1004	into the house
Gen.39.11	4	H6213	to do
Gen.39.11	5	H4399	his work;
Gen.39.11	6	H376	and there was none of the men
Gen.39.11	7	H1004	of the house there within.
Gen.39.12	1	H8610	And she caught
Gen.39.12	2	H899	him by his garment,
Gen.39.12	3	H559	saying,
Gen.39.12	4	H7901	Lie
Gen.39.12	5	H5800	with me: and he left
Gen.39.12	6	H899	his garment
Gen.39.12	7	H3027	in her hand,
Gen.39.12	8	H5127	and fled,
Gen.39.12	9	H3318	and got
Gen.39.12	10	H2351	him out.
Gen.39.13	1	H7200	And it came to pass, when she saw
Gen.39.13	2	H5800	that he had left
Gen.39.13	3	H899	his garment
Gen.39.13	4	H3027	in her hand,
Gen.39.13	5	H5127	and was fled
Gen.39.13	6	H2351	forth,
Gen.39.14	1	H7121	that she called
Gen.39.14	2	H582	unto the men
Gen.39.14	3	H1004	of her house,
Gen.39.14	4	H559	and spake
Gen.39.14	5	H559	unto them, saying,
Gen.39.14	6	H7200	See,
Gen.39.14	7	H935	he hath brought in
Gen.39.14	8	H376	a Hebrew
Gen.39.14	9	H6711	unto us to mock
Gen.39.14	10	H935	us: he came in
Gen.39.14	11	H7901	unto me to lie
Gen.39.14	12	H7121	with me, and I cried
Gen.39.14	13	H1419	with a loud
Gen.39.14	14	H6963	voice:
Gen.39.15	1	H8085	and it came to pass, when he heard
Gen.39.15	2	H7311	that I lifted up
Gen.39.15	3	H6963	my voice
Gen.39.15	4	H7121	and cried,
Gen.39.15	5	H5800	that he left
Gen.39.15	6	H899	his garment
Gen.39.15	7	H681	by me,
Gen.39.15	8	H5127	and fled,
Gen.39.15	9	H3318	and got him
Gen.39.15	10	H2351	out.
Gen.39.16	1	H3240	And she laid up
Gen.39.16	2	H899	his garment
Gen.39.16	3	H681	by her,
Gen.39.16	4	H113	until his master
Gen.39.16	5	H935	came
Gen.39.16	6	H1004	home.
Gen.39.17	1	H1696	And she spake
Gen.39.17	2	H1697	unto him according to these words,
Gen.39.17	3	H559	saying,
Gen.39.17	4	H5680	The Hebrew
Gen.39.17	5	H5650	servant,
Gen.39.17	6	H935	whom thou hast brought
Gen.39.17	7	H935	unto us, came in
Gen.39.17	8	H6711	unto me to mock me:
Gen.39.18	1	H7311	and it came to pass, as I lifted up
Gen.39.18	2	H6963	my voice
Gen.39.18	3	H7121	and cried,
Gen.39.18	4	H5800	that he left
Gen.39.18	5	H899	his garment
Gen.39.18	6	H681	by me,
Gen.39.18	7	H5127	and fled
Gen.39.18	8	H2351	out.
Gen.39.19	1	H113	And it came to pass, when his master
Gen.39.19	2	H8085	heard
Gen.39.19	3	H1697	the words
Gen.39.19	4	H802	of his wife,
Gen.39.19	5	H1696	which she spake
Gen.39.19	6	H559	unto him, saying,
Gen.39.19	7	H1697	After this manner
Gen.39.19	8	H6213	did
Gen.39.19	9	H5650	thy servant
Gen.39.19	10	H639	to me; that his wrath
Gen.39.19	11	H2734	was kindled.
Gen.39.20	1	H3130	And Joseph's
Gen.39.20	2	H113	master
Gen.39.20	3	H3947	took
Gen.39.20	4	H5414	him, and put him
Gen.39.20	5	H1004	into the prison,
Gen.39.20	6	H4725	the place
Gen.39.20	7	H4428	where the king's
Gen.39.20	8	H615	prisoners
Gen.39.20	9	H631	were bound:
Gen.39.20	10	H1004	and he was there in the prison.
Gen.39.21	1	H3068	But Jehovah
Gen.39.21	2	H3130	was with Joseph,
Gen.39.21	3	H5186	and showed
Gen.39.21	4	H2617	kindness
Gen.39.21	5	H5414	unto him, and gave
Gen.39.21	6	H2580	him favor
Gen.39.21	7	H5869	in the sight
Gen.39.21	8	H8269	of the keeper
Gen.39.21	9	H1004	of the prison.
Gen.39.22	1	H8269	And the keeper
Gen.39.22	2	H1004	of the prison
Gen.39.22	3	H5414	committed
Gen.39.22	4	H3130	to Joseph's
Gen.39.22	5	H3027	hand
Gen.39.22	6	H615	all the prisoners
Gen.39.22	7	H1004	that were in the prison;
Gen.39.22	8	H6213	and whatsoever they did
Gen.39.22	9	H6213	there, he was the doer of it.
Gen.39.23	1	H8269	The keeper
Gen.39.23	2	H1004	of the prison
Gen.39.23	3	H7200	looked
Gen.39.23	4	H3972	not to anything
Gen.39.23	5	H3027	that was under his hand,
Gen.39.23	6	H3068	because Jehovah
Gen.39.23	7	H6213	was with him; and that which he did,
Gen.39.23	8	H3068	Jehovah
Gen.39.23	9	H6743	made it to prosper.
Gen.40.1	1	H310	And it came to pass after
Gen.40.1	2	H1697	these things,
Gen.40.1	3	H8248	that the butler
Gen.40.1	4	H4428	of the king
Gen.40.1	5	H4714	of Egypt
Gen.40.1	6	H644	and his baker
Gen.40.1	7	H2398	offended
Gen.40.1	8	H113	their lord
Gen.40.1	9	H4428	the king
Gen.40.1	10	H4714	of Egypt.
Gen.40.2	1	H6547	And Pharaoh
Gen.40.2	2	H7107	was wroth
Gen.40.2	3	H5921	against
Gen.40.2	4	H8147	his two
Gen.40.2	5	H5631	officers,
Gen.40.2	6	H8269	against the chief
Gen.40.2	7	H8248	of the butlers,
Gen.40.2	8	H8269	and against the chief
Gen.40.2	9	H644	of the bakers.
Gen.40.3	1	H5414	And he put
Gen.40.3	2	H4929	them in ward
Gen.40.3	3	H1004	in the house
Gen.40.3	4	H8269	of the captain
Gen.40.3	5	H2876	of the guard,
Gen.40.3	6	H1004	into the prison,
Gen.40.3	7	H4725	the place
Gen.40.3	8	H3130	where Joseph
Gen.40.3	9	H631	was bound.
Gen.40.4	1	H8269	And the captain
Gen.40.4	2	H2876	of the guard
Gen.40.4	3	H6485	charged
Gen.40.4	4	H3130	Joseph
Gen.40.4	5	H8334	with them, and he ministered
Gen.40.4	6	H3117	unto them: and they continued a season
Gen.40.4	7	H4929	in ward.
Gen.40.5	1	H2492	And they dreamed
Gen.40.5	2	H2472	a dream
Gen.40.5	3	H8147	both of them,
Gen.40.5	4	H376	each man
Gen.40.5	5	H2472	his dream,
Gen.40.5	6	H259	in one
Gen.40.5	7	H3915	night,
Gen.40.5	8	H376	each man
Gen.40.5	9	H6623	according to the interpretation
Gen.40.5	10	H2472	of his dream,
Gen.40.5	11	H8248	the butler
Gen.40.5	12	H644	and the baker
Gen.40.5	13	H4428	of the king
Gen.40.5	14	H4714	of Egypt,
Gen.40.5	15	H631	who were bound
Gen.40.5	16	H1004	in the prison.
Gen.40.6	1	H3130	And Joseph
Gen.40.6	2	H935	came in
Gen.40.6	3	H1242	unto them in the morning,
Gen.40.6	4	H7200	and saw
Gen.40.6	5	H2196	them, and, behold, they were sad.
Gen.40.7	1	H7592	And he asked
Gen.40.7	2	H6547	Pharaoh's
Gen.40.7	3	H5631	officers
Gen.40.7	4	H4929	that were with him in ward
Gen.40.7	5	H113	in his master's
Gen.40.7	6	H1004	house,
Gen.40.7	7	H559	saying,
Gen.40.7	8	H6440	Wherefore look
Gen.40.7	9	H7451	ye so sad
Gen.40.7	10	H3117	to-day?
Gen.40.8	1	H559	And they said
Gen.40.8	2	H2492	unto him, We have dreamed
Gen.40.8	3	H2472	a dream,
Gen.40.8	4	H6622	and there is none that can interpret
Gen.40.8	5	H3130	it. And Joseph
Gen.40.8	6	H559	said
Gen.40.8	7	H6623	unto them, Do not interpretations
Gen.40.8	8	H430	belong to God?
Gen.40.8	9	H5608	tell it me, I pray you.
Gen.40.9	1	H8269	And the chief
Gen.40.9	2	H8248	butler
Gen.40.9	3	H5608	told
Gen.40.9	4	H2472	his dream
Gen.40.9	5	H3130	to Joseph,
Gen.40.9	6	H559	and said
Gen.40.9	7	H2472	to him, In my dream,
Gen.40.9	8	H1612	behold, a vine
Gen.40.9	9	H6440	was before me;
Gen.40.10	1	H1612	and in the vine
Gen.40.10	2	H7969	were three
Gen.40.10	3	H8299	branches:
Gen.40.10	4	H6524	and it was as though it budded,
Gen.40.10	5	H5322	and its blossoms
Gen.40.10	6	H5927	shot forth;
Gen.40.10	7	H811	and the clusters
Gen.40.10	8	H1310	thereof brought forth ripe
Gen.40.10	9	H6025	grapes:
Gen.40.11	1	H6547	and Pharaoh's
Gen.40.11	2	H3563	cup
Gen.40.11	3	H3027	was in my hand;
Gen.40.11	4	H3947	and I took
Gen.40.11	5	H6025	the grapes,
Gen.40.11	6	H7818	and pressed
Gen.40.11	7	H6547	them into Pharaoh's
Gen.40.11	8	H3563	cup,
Gen.40.11	9	H5414	and I gave
Gen.40.11	10	H3563	the cup
Gen.40.11	11	H6547	into Pharaoh's
Gen.40.11	12	H3709	hand.
Gen.40.12	1	H3130	And Joseph
Gen.40.12	2	H559	said
Gen.40.12	3	H6623	unto him, This is the interpretation
Gen.40.12	4	H7969	of it: the three
Gen.40.12	5	H8299	branches
Gen.40.12	6	H7969	are three
Gen.40.12	7	H3117	days;
Gen.40.13	1	H5750	within yet
Gen.40.13	2	H7969	three
Gen.40.13	3	H3117	days
Gen.40.13	4	H6547	shall Pharaoh
Gen.40.13	5	H5375	lift up
Gen.40.13	6	H7218	thy head,
Gen.40.13	7	H7725	and restore
Gen.40.13	8	H3653	thee unto thine office:
Gen.40.13	9	H5414	and thou shalt give
Gen.40.13	10	H6547	Pharaoh's
Gen.40.13	11	H3563	cup
Gen.40.13	12	H3027	into his hand,
Gen.40.13	13	H7223	after the former
Gen.40.13	14	H4941	manner
Gen.40.13	15	H8248	when thou wast his butler.
Gen.40.14	1	H3190	But have me in thy remembrance when it shall be well
Gen.40.14	2	H6213	with thee, and show
Gen.40.14	3	H2617	kindness,
Gen.40.14	4	H2142	I pray thee, unto me, and make mention
Gen.40.14	5	H3318	of me
Gen.40.14	6	H6547	unto Pharaoh,
Gen.40.14	7	H3318	and bring me
Gen.40.14	8	H1004	out of this house:
Gen.40.15	1	H1589	for indeed I was stolen away
Gen.40.15	2	H776	out of the land
Gen.40.15	3	H5680	of the Hebrews:
Gen.40.15	4	H6213	and here also have I done
Gen.40.15	5	H3972	nothing
Gen.40.15	6	H7760	that they should put
Gen.40.15	7	H953	me into the dungeon.
Gen.40.16	1	H8269	When the chief
Gen.40.16	2	H644	baker
Gen.40.16	3	H7200	saw
Gen.40.16	4	H6622	that the interpretation
Gen.40.16	5	H2896	was good,
Gen.40.16	6	H559	he said
Gen.40.16	7	H3130	unto Joseph,
Gen.40.16	8	H637	I also
Gen.40.16	9	H2472	was in my dream,
Gen.40.16	10	H7969	and, behold, three
Gen.40.16	11	H5536	baskets
Gen.40.16	12	H2751	of white
Gen.40.16	13	H7218	bread were on my head:
Gen.40.17	1	H5945	and in the uppermost
Gen.40.17	2	H5536	basket
Gen.40.17	3	H3978	there was of all manner
Gen.40.17	4	H4639	of baked
Gen.40.17	5	H6547	food for Pharaoh;
Gen.40.17	6	H5775	and the birds
Gen.40.17	7	H398	did eat
Gen.40.17	8	H5536	them out of the basket
Gen.40.17	9	H5921	upon
Gen.40.17	10	H7218	my head.
Gen.40.18	1	H3130	And Joseph
Gen.40.18	2	H6030	answered
Gen.40.18	3	H559	and said,
Gen.40.18	4	H6623	This is the interpretation
Gen.40.18	5	H7969	thereof: the three
Gen.40.18	6	H5536	baskets
Gen.40.18	7	H7969	are three
Gen.40.18	8	H3117	days;
Gen.40.19	1	H7969	within yet three
Gen.40.19	2	H3117	days
Gen.40.19	3	H6547	shall Pharaoh
Gen.40.19	4	H5375	lift up
Gen.40.19	5	H7218	thy head
Gen.40.19	6	H8518	from off thee, and shall hang
Gen.40.19	7	H6086	thee on a tree;
Gen.40.19	8	H5775	and the birds
Gen.40.19	9	H398	shall eat
Gen.40.19	10	H1320	thy flesh from off thee.
Gen.40.20	1	H7992	And it came to pass the third
Gen.40.20	2	H3117	day,
Gen.40.20	3	H6547	which was Pharaoh's
Gen.40.20	4	H3117	birthday,
Gen.40.20	5	H6213	that he made
Gen.40.20	6	H4960	a feast
Gen.40.20	7	H5650	unto all his servants:
Gen.40.20	8	H5375	and he lifted up
Gen.40.20	9	H7218	the head
Gen.40.20	10	H8269	of the chief
Gen.40.20	11	H8248	butler
Gen.40.20	12	H8269	and the head of the chief
Gen.40.20	13	H644	baker
Gen.40.20	14	H8432	among
Gen.40.20	15	H5650	his servants.
Gen.40.21	1	H7725	And he restored
Gen.40.21	2	H8269	the chief
Gen.40.21	3	H8248	butler
Gen.40.21	4	H4945	unto his butlership
Gen.40.21	5	H7725	again;
Gen.40.21	6	H5414	and he gave
Gen.40.21	7	H3563	the cup
Gen.40.21	8	H6547	into Pharaoh's
Gen.40.21	9	H3709	hand:
Gen.40.22	1	H8518	but he hanged
Gen.40.22	2	H8269	the chief
Gen.40.22	3	H644	baker:
Gen.40.22	4	H3130	as Joseph
Gen.40.22	5	H6622	had interpreted to them.
Gen.40.23	1	H8269	Yet did not the chief
Gen.40.23	2	H8248	butler
Gen.40.23	3	H2142	remember
Gen.40.23	4	H3130	Joseph,
Gen.40.23	5	H7911	but forgat him.
Gen.41.1	1	H7093	And it came to pass at the end
Gen.41.1	2	H3117	of two full
Gen.41.1	3	H8141	years,
Gen.41.1	4	H6547	that Pharaoh
Gen.41.1	5	H2492	dreamed:
Gen.41.1	6	H5975	and, behold, he stood
Gen.41.1	7	H2975	by the river.
Gen.41.2	1	H5927	And, behold, there came up
Gen.41.2	2	H2975	out of the river
Gen.41.2	3	H7651	seven
Gen.41.2	4	H6510	kine,
Gen.41.2	5	H4758	well-favored
Gen.41.2	6	H3303	and
Gen.41.2	7	H1277	fat-fleshed;
Gen.41.2	8	H7462	and they fed
Gen.41.2	9	H260	in the reed-grass.
Gen.41.3	1	H7651	And, behold, seven
Gen.41.3	2	H312	other
Gen.41.3	3	H6510	kine
Gen.41.3	4	H5927	came up
Gen.41.3	5	H310	after them
Gen.41.3	6	H2975	out of the river,
Gen.41.3	7	H7451	ill-favored
Gen.41.3	8	H4758	and
Gen.41.3	9	H1851	lean-fleshed,
Gen.41.3	10	H5975	and stood
Gen.41.3	11	H681	by
Gen.41.3	12	H6510	the other kine
Gen.41.3	13	H8193	upon the brink
Gen.41.3	14	H2975	of the river.
Gen.41.4	1	H7451	And the ill-favored
Gen.41.4	2	H4758	and
Gen.41.4	3	H1851	lean-fleshed
Gen.41.4	4	H6510	kine
Gen.41.4	5	H398	did eat up
Gen.41.4	6	H7651	the seven
Gen.41.4	7	H3303	well-favored
Gen.41.4	8	H4758	and
Gen.41.4	9	H1277	fat
Gen.41.4	10	H6510	kine.
Gen.41.4	11	H6547	So Pharaoh
Gen.41.4	12	H3364	awoke.
Gen.41.5	1	H3462	And he slept
Gen.41.5	2	H2492	and dreamed
Gen.41.5	3	H8145	a second time:
Gen.41.5	4	H7651	and, behold, seven
Gen.41.5	5	H7641	ears of grain
Gen.41.5	6	H5927	came up
Gen.41.5	7	H259	upon one
Gen.41.5	8	H7070	stalk,
Gen.41.5	9	H1277	rank
Gen.41.5	10	H2896	and good.
Gen.41.6	1	H7651	And, behold, seven
Gen.41.6	2	H7641	ears,
Gen.41.6	3	H1851	thin
Gen.41.6	4	H7710	and blasted
Gen.41.6	5	H6921	with the east wind,
Gen.41.6	6	H6779	sprung up
Gen.41.6	7	H310	after them.
Gen.41.7	1	H1851	And the thin
Gen.41.7	2	H7641	ears
Gen.41.7	3	H1104	swallowed
Gen.41.7	4	H7651	up the seven
Gen.41.7	5	H1277	rank
Gen.41.7	6	H4392	and full
Gen.41.7	7	H7641	ears.
Gen.41.7	8	H6547	And Pharaoh
Gen.41.7	9	H3364	awoke,
Gen.41.7	10	H2472	and, behold, it was a dream.
Gen.41.8	1	H1242	And it came to pass in the morning
Gen.41.8	2	H7307	that his spirit
Gen.41.8	3	H6470	was troubled;
Gen.41.8	4	H7971	and he sent
Gen.41.8	5	H7121	and called
Gen.41.8	6	H2748	for all the magicians
Gen.41.8	7	H4714	of Egypt,
Gen.41.8	8	H2450	and all the wise men
Gen.41.8	9	H6547	thereof: and Pharaoh
Gen.41.8	10	H5608	told
Gen.41.8	11	H2472	them his dream;
Gen.41.8	12	H6622	but there was none that could interpret
Gen.41.8	13	H6547	them unto Pharaoh.
Gen.41.9	1	H1696	Then spake
Gen.41.9	2	H8269	the chief
Gen.41.9	3	H8248	butler
Gen.41.9	4	H6547	unto Pharaoh,
Gen.41.9	5	H559	saying,
Gen.41.9	6	H2142	I do remember
Gen.41.9	7	H2399	my faults
Gen.41.9	8	H3117	this day:
Gen.41.10	1	H6547	Pharaoh
Gen.41.10	2	H7107	was wroth
Gen.41.10	3	H5650	with his servants,
Gen.41.10	4	H5414	and put
Gen.41.10	5	H4929	me in ward
Gen.41.10	6	H1004	in the house
Gen.41.10	7	H8269	of the captain
Gen.41.10	8	H2876	of the guard,
Gen.41.10	9	H8269	me and the chief
Gen.41.10	10	H644	baker:
Gen.41.11	1	H2492	and we dreamed
Gen.41.11	2	H2472	a dream
Gen.41.11	3	H259	in one
Gen.41.11	4	H3915	night,
Gen.41.11	5	H2492	I and he; we dreamed
Gen.41.11	6	H376	each man
Gen.41.11	7	H6623	according to the interpretation
Gen.41.11	8	H2472	of his dream.
Gen.41.12	1	H5288	And there was with us there a young man,
Gen.41.12	2	H5680	a Hebrew,
Gen.41.12	3	H5650	servant
Gen.41.12	4	H8269	to the captain
Gen.41.12	5	H2876	of the guard;
Gen.41.12	6	H5608	and we told
Gen.41.12	7	H6622	him, and he interpreted
Gen.41.12	8	H2472	to us our dreams;
Gen.41.12	9	H376	to each man
Gen.41.12	10	H2472	according to his dream
Gen.41.12	11	H6622	he did interpret.
Gen.41.13	1	H6622	And it came to pass, as he interpreted
Gen.41.13	2	H7725	to us, so it was; me he restored
Gen.41.13	3	H3653	unto mine office,
Gen.41.13	4	H8518	and him he hanged.
Gen.41.14	1	H6547	Then Pharaoh
Gen.41.14	2	H7971	sent
Gen.41.14	3	H7121	and called
Gen.41.14	4	H3130	Joseph,
Gen.41.14	5	H7323	and they brought him hastily
Gen.41.14	6	H953	out of the dungeon:
Gen.41.14	7	H1548	and he shaved
Gen.41.14	8	H2498	himself, and changed
Gen.41.14	9	H8071	his raiment,
Gen.41.14	10	H935	and came in
Gen.41.14	11	H6547	unto Pharaoh.
Gen.41.15	1	H6547	And Pharaoh
Gen.41.15	2	H559	said
Gen.41.15	3	H3130	unto Joseph,
Gen.41.15	4	H2492	I have dreamed
Gen.41.15	5	H2472	a dream,
Gen.41.15	6	H6622	and there is none that can interpret
Gen.41.15	7	H8085	it: and I have heard
Gen.41.15	8	H559	say
Gen.41.15	9	H8085	of thee, that when thou hearest
Gen.41.15	10	H2472	a dream
Gen.41.15	11	H6622	thou canst interpret it.
Gen.41.16	1	H3130	And Joseph
Gen.41.16	2	H6030	answered
Gen.41.16	3	H6547	Pharaoh,
Gen.41.16	4	H559	saying,
Gen.41.16	5	H1107	It is not in me:
Gen.41.16	6	H430	God
Gen.41.16	7	H6030	will give
Gen.41.16	8	H6547	Pharaoh
Gen.41.16	9	H6030	an answer
Gen.41.16	10	H7965	of peace.
Gen.41.17	1	H6547	And Pharaoh
Gen.41.17	2	H1696	spake
Gen.41.17	3	H3130	unto Joseph,
Gen.41.17	4	H2472	In my dream,
Gen.41.17	5	H5975	behold, I stood
Gen.41.17	6	H8193	upon the brink
Gen.41.17	7	H2975	of the river:
Gen.41.18	1	H5927	and, behold, there came up
Gen.41.18	2	H2975	out of the river
Gen.41.18	3	H7651	seven
Gen.41.18	4	H6510	kine,
Gen.41.18	5	H1277	fat-fleshed
Gen.41.18	6	H3303	and
Gen.41.18	7	H8389	well-favored:
Gen.41.18	8	H7462	and they fed
Gen.41.18	9	H260	in the reed-grass:
Gen.41.19	1	H7651	and, behold, seven
Gen.41.19	2	H312	other
Gen.41.19	3	H6510	kine
Gen.41.19	4	H5927	came up
Gen.41.19	5	H310	after them,
Gen.41.19	6	H1803	poor
Gen.41.19	7	H3966	and very
Gen.41.19	8	H7451	ill-favored
Gen.41.19	9	H8389	and
Gen.41.19	10	H7534	lean-fleshed,
Gen.41.19	11	H2007	such
Gen.41.19	12	H3808	as I never
Gen.41.19	13	H7200	saw
Gen.41.19	14	H776	in all the land
Gen.41.19	15	H4714	of Egypt
Gen.41.19	16	H7455	for badness:
Gen.41.20	1	H7534	and the lean
Gen.41.20	2	H7451	and ill-favored
Gen.41.20	3	H6510	kine
Gen.41.20	4	H398	did eat up
Gen.41.20	5	H7223	the first
Gen.41.20	6	H7651	seven
Gen.41.20	7	H1277	fat
Gen.41.20	8	H6510	kine:
Gen.41.21	1	H935	and when they had eaten them up,
Gen.41.21	2	H3045	it could not be known
Gen.41.21	3	H935	that they had eaten them;
Gen.41.21	4	H4758	but they were still
Gen.41.21	5	H7451	ill-favored,
Gen.41.21	6	H8462	as at the beginning.
Gen.41.21	7	H3364	So I awoke.
Gen.41.22	1	H7200	And I saw
Gen.41.22	2	H2472	in my dream,
Gen.41.22	3	H7651	and, behold, seven
Gen.41.22	4	H7641	ears
Gen.41.22	5	H5927	came up
Gen.41.22	6	H259	upon one
Gen.41.22	7	H7070	stalk,
Gen.41.22	8	H4392	full
Gen.41.22	9	H2896	and good:
Gen.41.23	1	H7651	and, behold, seven
Gen.41.23	2	H7641	ears,
Gen.41.23	3	H6798	withered,
Gen.41.23	4	H1851	thin,
Gen.41.23	5	H7710	and blasted
Gen.41.23	6	H6921	with the east wind,
Gen.41.23	7	H6779	sprung up
Gen.41.23	8	H310	after them:
Gen.41.24	1	H1851	and the thin
Gen.41.24	2	H7641	ears
Gen.41.24	3	H1104	swallowed
Gen.41.24	4	H7651	up the seven
Gen.41.24	5	H2896	good
Gen.41.24	6	H7641	ears:
Gen.41.24	7	H559	and I told
Gen.41.24	8	H2748	it unto the magicians;
Gen.41.24	9	H5046	but there was none that could declare it to me.
Gen.41.25	1	H3130	And Joseph
Gen.41.25	2	H559	said
Gen.41.25	3	H6547	unto Pharaoh,
Gen.41.25	4	H2472	The dream
Gen.41.25	5	H6547	of Pharaoh
Gen.41.25	6	H259	is one:
Gen.41.25	7	H430	what God
Gen.41.25	8	H6213	is about to do
Gen.41.25	9	H5046	he hath declared
Gen.41.25	10	H6547	unto Pharaoh.
Gen.41.26	1	H7651	The seven
Gen.41.26	2	H2896	good
Gen.41.26	3	H6510	kine
Gen.41.26	4	H7651	are seven
Gen.41.26	5	H8141	years;
Gen.41.26	6	H7651	and the seven
Gen.41.26	7	H2896	good
Gen.41.26	8	H7641	ears
Gen.41.26	9	H7651	are seven
Gen.41.26	10	H8141	years:
Gen.41.26	11	H2472	the dream
Gen.41.26	12	H259	is one.
Gen.41.27	1	H7651	And the seven
Gen.41.27	2	H7534	lean
Gen.41.27	3	H7451	and ill-favored
Gen.41.27	4	H6510	kine
Gen.41.27	5	H5927	that came up
Gen.41.27	6	H310	after them
Gen.41.27	7	H7651	are seven
Gen.41.27	8	H8141	years,
Gen.41.27	9	H7651	and also the seven
Gen.41.27	10	H7386	empty
Gen.41.27	11	H7641	ears
Gen.41.27	12	H7710	blasted
Gen.41.27	13	H6921	with the east wind;
Gen.41.27	14	H7651	they shall be seven
Gen.41.27	15	H8141	years
Gen.41.27	16	H7458	of famine.
Gen.41.28	1	H1697	That is the thing
Gen.41.28	2	H1696	which I spake
Gen.41.28	3	H6547	unto Pharaoh:
Gen.41.28	4	H430	what God
Gen.41.28	5	H6213	is about to do
Gen.41.28	6	H7200	he hath showed
Gen.41.28	7	H6547	unto Pharaoh.
Gen.41.29	1	H935	Behold, there come
Gen.41.29	2	H7651	seven
Gen.41.29	3	H8141	years
Gen.41.29	4	H1419	of great
Gen.41.29	5	H7647	plenty
Gen.41.29	6	H776	throughout all the land
Gen.41.29	7	H4714	of Egypt:
Gen.41.30	1	H6965	and there shall arise
Gen.41.30	2	H310	after them
Gen.41.30	3	H7651	seven
Gen.41.30	4	H8141	years
Gen.41.30	5	H7458	of famine;
Gen.41.30	6	H7647	and all the plenty
Gen.41.30	7	H7911	shall be forgotten
Gen.41.30	8	H776	in the land
Gen.41.30	9	H4714	of Egypt;
Gen.41.30	10	H7458	and the famine
Gen.41.30	11	H3615	shall consume
Gen.41.30	12	H776	the land;
Gen.41.31	1	H7647	and the plenty
Gen.41.31	2	H3045	shall not be known
Gen.41.31	3	H776	in the land
Gen.41.31	4	H6440	by reason
Gen.41.31	5	H7458	of that famine
Gen.41.31	6	H310	which followeth;
Gen.41.31	7	H3966	for it shall be very
Gen.41.31	8	H3515	grievous.
Gen.41.32	1	H2472	And for that the dream
Gen.41.32	2	H8138	was doubled
Gen.41.32	3	H6471	unto
Gen.41.32	4	H6547	Pharaoh,
Gen.41.32	5	H1697	it is because the thing
Gen.41.32	6	H3559	is established
Gen.41.32	7	H5973	by
Gen.41.32	8	H430	God,
Gen.41.32	9	H430	and God
Gen.41.32	10	H4116	will shortly
Gen.41.32	11	H6213	bring it to pass.
Gen.41.33	1	H6547	Now therefore let Pharaoh
Gen.41.33	2	H7200	look out
Gen.41.33	3	H376	a man
Gen.41.33	4	H995	discreet
Gen.41.33	5	H2450	and wise,
Gen.41.33	6	H7896	and set
Gen.41.33	7	H776	him over the land
Gen.41.33	8	H4714	of Egypt.
Gen.41.34	1	H6547	Let Pharaoh
Gen.41.34	2	H6213	do
Gen.41.34	3	H6485	this, and let him appoint
Gen.41.34	4	H6496	overseers
Gen.41.34	5	H776	over the land,
Gen.41.34	6	H2567	and take up the fifth part
Gen.41.34	7	H776	of the land
Gen.41.34	8	H4714	of Egypt
Gen.41.34	9	H7651	in the seven
Gen.41.34	10	H7647	plenteous
Gen.41.34	11	H8141	years.
Gen.41.35	1	H6908	And let them gather
Gen.41.35	2	H400	all the food
Gen.41.35	3	H2896	of these good
Gen.41.35	4	H8141	years
Gen.41.35	5	H935	that come,
Gen.41.35	6	H6651	and lay up
Gen.41.35	7	H1250	grain
Gen.41.35	8	H3027	under the hand
Gen.41.35	9	H6547	of Pharaoh
Gen.41.35	10	H400	for food
Gen.41.35	11	H5892	in the cities,
Gen.41.35	12	H8104	and let them keep it.
Gen.41.36	1	H400	And the food
Gen.41.36	2	H6487	shall be for a store
Gen.41.36	3	H776	to the land
Gen.41.36	4	H7651	against the seven
Gen.41.36	5	H8141	years
Gen.41.36	6	H7458	of famine,
Gen.41.36	7	H776	which shall be in the land
Gen.41.36	8	H4714	of Egypt;
Gen.41.36	9	H776	that the land
Gen.41.36	10	H3772	perish
Gen.41.36	11	H7458	not through the famine.
Gen.41.37	1	H1697	And the thing
Gen.41.37	2	H3190	was good
Gen.41.37	3	H5869	in the eyes
Gen.41.37	4	H6547	of Pharaoh,
Gen.41.37	5	H5869	and in the eyes
Gen.41.37	6	H5650	of all his servants.
Gen.41.38	1	H6547	And Pharaoh
Gen.41.38	2	H559	said
Gen.41.38	3	H5650	unto his servants,
Gen.41.38	4	H4672	Can we find
Gen.41.38	5	H2088	such a one as this,
Gen.41.38	6	H376	a man
Gen.41.38	7	H834	in whom
Gen.41.38	8	H7307	the spirit
Gen.41.38	9	H430	of God is?
Gen.41.39	1	H6547	And Pharaoh
Gen.41.39	2	H559	said
Gen.41.39	3	H3130	unto Joseph,
Gen.41.39	4	H310	Forasmuch
Gen.41.39	5	H430	as God
Gen.41.39	6	H3045	hath showed
Gen.41.39	7	H995	thee all of this, there is none so discreet
Gen.41.39	8	H2450	and wise as thou:
Gen.41.40	1	H1961	thou shalt be
Gen.41.40	2	H1004	over my house,
Gen.41.40	3	H6310	and according unto thy word
Gen.41.40	4	H5971	shall all my people
Gen.41.40	5	H5401	be ruled:
Gen.41.40	6	H3678	only in the throne
Gen.41.40	7	H1431	will I be greater than thou.
Gen.41.41	1	H6547	And Pharaoh
Gen.41.41	2	H559	said
Gen.41.41	3	H3130	unto Joseph,
Gen.41.41	4	H7200	See,
Gen.41.41	5	H5414	I have set
Gen.41.41	6	H776	thee over all the land
Gen.41.41	7	H4714	of Egypt.
Gen.41.42	1	H6547	And Pharaoh
Gen.41.42	2	H5493	took off
Gen.41.42	3	H2885	his signet ring
Gen.41.42	4	H3027	from his hand,
Gen.41.42	5	H5414	and put
Gen.41.42	6	H3130	it upon Joseph's
Gen.41.42	7	H3027	hand,
Gen.41.42	8	H3847	and arrayed
Gen.41.42	9	H899	him in vestures
Gen.41.42	10	H8336	of fine linen,
Gen.41.42	11	H7760	and put
Gen.41.42	12	H2091	a gold
Gen.41.42	13	H7242	chain
Gen.41.42	14	H6677	about his neck;
Gen.41.43	1	H7392	and he made him to ride
Gen.41.43	2	H4932	in the second
Gen.41.43	3	H4818	chariot
Gen.41.43	4	H7121	which he had: and they cried
Gen.41.43	5	H6440	before him,
Gen.41.43	6	H86	Bow the knee:
Gen.41.43	7	H5414	and he set
Gen.41.43	8	H776	him over all the land
Gen.41.43	9	H4714	of Egypt.
Gen.41.44	1	H6547	And Pharaoh
Gen.41.44	2	H559	said
Gen.41.44	3	H3130	unto Joseph,
Gen.41.44	4	H6547	I am Pharaoh,
Gen.41.44	5	H1107	and without
Gen.41.44	6	H376	thee shall no man
Gen.41.44	7	H7311	lift up
Gen.41.44	8	H3027	his hand
Gen.41.44	9	H7272	or his foot
Gen.41.44	10	H776	in all the land
Gen.41.44	11	H4714	of Egypt.
Gen.41.45	1	H6547	And Pharaoh
Gen.41.45	2	H7121	called
Gen.41.45	3	H3130	Joseph's
Gen.41.45	4	H8034	name
Gen.41.45	5	H6847	Zaphenath-paneah;
Gen.41.45	6	H5414	and he gave
Gen.41.45	7	H802	him to wife
Gen.41.45	8	H621	Asenath,
Gen.41.45	9	H1323	the daughter
Gen.41.45	10	H6319	of Poti-phera
Gen.41.45	11	H3548	priest
Gen.41.45	12	H204	of On.
Gen.41.45	13	H3130	And Joseph
Gen.41.45	14	H3318	went out
Gen.41.45	15	H776	over the land
Gen.41.45	16	H4714	of Egypt.
Gen.41.46	1	H3130	And Joseph
Gen.41.46	2	H7970	was thirty
Gen.41.46	3	H8141	years
Gen.41.46	4	H1121	old
Gen.41.46	5	H5975	when he stood
Gen.41.46	6	H6440	before
Gen.41.46	7	H6547	Pharaoh
Gen.41.46	8	H4428	king
Gen.41.46	9	H4714	of Egypt.
Gen.41.46	10	H3130	And Joseph
Gen.41.46	11	H3318	went out
Gen.41.46	12	H6440	from the presence
Gen.41.46	13	H6547	of Pharaoh,
Gen.41.46	14	H5674	and went throughout
Gen.41.46	15	H776	all the land
Gen.41.46	16	H4714	of Egypt.
Gen.41.47	1	H7651	And in the seven
Gen.41.47	2	H7647	plenteous
Gen.41.47	3	H8141	years
Gen.41.47	4	H776	the earth
Gen.41.47	5	H6213	brought forth
Gen.41.47	6	H7062	by handfuls.
Gen.41.48	1	H6908	And he gathered up
Gen.41.48	2	H400	all the food
Gen.41.48	3	H7651	of the seven
Gen.41.48	4	H8141	years
Gen.41.48	5	H776	which were in the land
Gen.41.48	6	H4714	of Egypt,
Gen.41.48	7	H5414	and laid up
Gen.41.48	8	H400	the food
Gen.41.48	9	H5892	in the cities:
Gen.41.48	10	H400	the food
Gen.41.48	11	H7704	of the field,
Gen.41.48	12	H5439	which was round about
Gen.41.48	13	H5892	every city,
Gen.41.48	14	H5414	laid he up
Gen.41.48	15	H8432	in the same.
Gen.41.49	1	H3130	And Joseph
Gen.41.49	2	H6651	laid
Gen.41.49	3	H1250	up grain
Gen.41.49	4	H2344	as the sand
Gen.41.49	5	H3220	of the sea,
Gen.41.49	6	H3966	very
Gen.41.49	7	H7235	much,
Gen.41.49	8	H2308	until he left
Gen.41.49	9	H5608	off numbering;
Gen.41.49	10	H369	for it was without
Gen.41.49	11	H4557	number.
Gen.41.50	1	H3130	And unto Joseph
Gen.41.50	2	H3205	were born
Gen.41.50	3	H8147	two
Gen.41.50	4	H1121	sons
Gen.41.50	5	H8141	before the year
Gen.41.50	6	H7458	of famine
Gen.41.50	7	H935	came,
Gen.41.50	8	H621	whom Asenath,
Gen.41.50	9	H1323	the daughter
Gen.41.50	10	H6319	of Poti-phera
Gen.41.50	11	H3548	priest
Gen.41.50	12	H204	of On,
Gen.41.50	13	H3205	bare unto him.
Gen.41.51	1	H3130	And Joseph
Gen.41.51	2	H7121	called
Gen.41.51	3	H8034	the name
Gen.41.51	4	H1060	of the first-born
Gen.41.51	5	H4519	Manasseh:
Gen.41.51	6	H430	For, said he, God
Gen.41.51	7	H5382	hath made me forget
Gen.41.51	8	H5999	all my toil,
Gen.41.51	9	H1	and all my father's
Gen.41.51	10	H1004	house.
Gen.41.52	1	H8034	And the name
Gen.41.52	2	H8145	of the second
Gen.41.52	3	H7121	called
Gen.41.52	4	H669	he Ephraim:
Gen.41.52	5	H430	For God
Gen.41.52	6	H6509	hath made me fruitful
Gen.41.52	7	H776	in the land
Gen.41.52	8	H6040	of my affliction.
Gen.41.53	1	H7651	And the seven
Gen.41.53	2	H8141	years
Gen.41.53	3	H7647	of plenty,
Gen.41.53	4	H776	that was in the land
Gen.41.53	5	H4714	of Egypt,
Gen.41.53	6	H3615	came to an end.
Gen.41.54	1	H7651	And the seven
Gen.41.54	2	H8141	years
Gen.41.54	3	H7458	of famine
Gen.41.54	4	H2490	began
Gen.41.54	5	H935	to come,
Gen.41.54	6	H3130	according as Joseph
Gen.41.54	7	H559	had said:
Gen.41.54	8	H7458	and there was famine
Gen.41.54	9	H776	in all lands;
Gen.41.54	10	H776	but in all the land
Gen.41.54	11	H4714	of Egypt
Gen.41.54	12	H3899	there was bread.
Gen.41.55	1	H776	And when all the land
Gen.41.55	2	H4714	of Egypt
Gen.41.55	3	H7456	was famished,
Gen.41.55	4	H5971	the people
Gen.41.55	5	H6817	cried
Gen.41.55	6	H6547	to Pharaoh
Gen.41.55	7	H3899	for bread:
Gen.41.55	8	H6547	and Pharaoh
Gen.41.55	9	H559	said
Gen.41.55	10	H4714	unto all the Egyptians,
Gen.41.55	11	H3212	Go
Gen.41.55	12	H3130	unto Joseph;
Gen.41.55	13	H559	what he saith
Gen.41.55	14	H6213	to you, do.
Gen.41.56	1	H7458	And the famine
Gen.41.56	2	H6440	was over all the face
Gen.41.56	3	H776	of the earth:
Gen.41.56	4	H3130	and Joseph
Gen.41.56	5	H6605	opened
Gen.41.56	6	H7666	all the store-houses, and sold
Gen.41.56	7	H4714	unto the Egyptians;
Gen.41.56	8	H7458	and the famine
Gen.41.56	9	H2388	was sore
Gen.41.56	10	H776	in the land
Gen.41.56	11	H4714	of Egypt.
Gen.41.57	1	H776	And all countries
Gen.41.57	2	H935	came
Gen.41.57	3	H4714	into Egypt
Gen.41.57	4	H3130	to Joseph
Gen.41.57	5	H7666	to buy
Gen.41.57	6	H7458	grain, because the famine
Gen.41.57	7	H2388	was sore
Gen.41.57	8	H776	in all the earth.
Gen.42.1	1	H3290	Now Jacob
Gen.42.1	2	H7200	saw
Gen.42.1	3	H3426	that there was
Gen.42.1	4	H7668	grain
Gen.42.1	5	H4714	in Egypt,
Gen.42.1	6	H3290	and Jacob
Gen.42.1	7	H559	said
Gen.42.1	8	H1121	unto his sons,
Gen.42.1	9	H7200	Why do ye look one upon another?
Gen.42.2	1	H559	And he said,
Gen.42.2	2	H8085	Behold, I have heard
Gen.42.2	3	H3426	that there is
Gen.42.2	4	H7668	grain
Gen.42.2	5	H4714	in Egypt:
Gen.42.2	6	H3381	get you down
Gen.42.2	7	H7666	thither, and buy
Gen.42.2	8	H2421	for us from thence; that we may live,
Gen.42.2	9	H4191	and not die.
Gen.42.3	1	H3130	And Joseph's
Gen.42.3	2	H6235	ten
Gen.42.3	3	H251	brethren
Gen.42.3	4	H3381	went down
Gen.42.3	5	H7666	to buy
Gen.42.3	6	H1250	grain
Gen.42.3	7	H4714	from Egypt.
Gen.42.4	1	H1144	But Benjamin,
Gen.42.4	2	H3130	Joseph's
Gen.42.4	3	H251	brother,
Gen.42.4	4	H3290	Jacob
Gen.42.4	5	H7971	sent
Gen.42.4	6	H251	not with his brethren;
Gen.42.4	7	H559	for he said,
Gen.42.4	8	H6435	Lest peradventure
Gen.42.4	9	H611	harm
Gen.42.4	10	H7122	befall him.
Gen.42.5	1	H1121	And the sons
Gen.42.5	2	H3478	of Israel
Gen.42.5	3	H935	came
Gen.42.5	4	H7666	to buy
Gen.42.5	5	H8432	among
Gen.42.5	6	H935	those that came:
Gen.42.5	7	H7458	for the famine
Gen.42.5	8	H776	was in the land
Gen.42.5	9	H3667	of Canaan.
Gen.42.6	1	H3130	And Joseph
Gen.42.6	2	H7989	was the governor
Gen.42.6	3	H776	over the land;
Gen.42.6	4	H7666	he it was that sold
Gen.42.6	5	H5971	to all the people
Gen.42.6	6	H776	of the land.
Gen.42.6	7	H3130	And Joseph's
Gen.42.6	8	H251	brethren
Gen.42.6	9	H935	came,
Gen.42.6	10	H7812	and bowed down
Gen.42.6	11	H639	themselves to him with their faces
Gen.42.6	12	H776	to the earth.
Gen.42.7	1	H3130	And Joseph
Gen.42.7	2	H7200	saw
Gen.42.7	3	H251	his brethren,
Gen.42.7	4	H5234	and he knew
Gen.42.7	5	H5234	them, but made himself strange
Gen.42.7	6	H1696	unto them, and spake
Gen.42.7	7	H7186	roughly
Gen.42.7	8	H559	with them; and he said
Gen.42.7	9	H370	unto them, Whence
Gen.42.7	10	H935	come
Gen.42.7	11	H559	ye? And they said,
Gen.42.7	12	H776	From the land
Gen.42.7	13	H3667	of Canaan
Gen.42.7	14	H7666	to buy
Gen.42.7	15	H400	food.
Gen.42.8	1	H3130	And Joseph
Gen.42.8	2	H5234	knew
Gen.42.8	3	H251	his brethren,
Gen.42.8	4	H5234	but they knew not him.
Gen.42.9	1	H3130	And Joseph
Gen.42.9	2	H2142	remembered
Gen.42.9	3	H2472	the dreams
Gen.42.9	4	H2492	which he dreamed
Gen.42.9	5	H559	of them, and said
Gen.42.9	6	H7270	unto them, Ye are spies;
Gen.42.9	7	H7200	to see
Gen.42.9	8	H6172	the nakedness
Gen.42.9	9	H776	of the land
Gen.42.9	10	H935	ye are come.
Gen.42.10	1	H559	And they said
Gen.42.10	2	H113	unto him, Nay, my lord,
Gen.42.10	3	H7666	but to buy
Gen.42.10	4	H400	food
Gen.42.10	5	H5650	are thy servants
Gen.42.10	6	H935	come.
Gen.42.11	1	H5168	We
Gen.42.11	2	H259	are all one
Gen.42.11	3	H376	man's
Gen.42.11	4	H1121	sons;
Gen.42.11	5	H3651	we are true
Gen.42.11	6	H5650	men, thy servants
Gen.42.11	7	H7270	are no spies.
Gen.42.12	1	H559	And he said
Gen.42.12	2	H7200	unto them, Nay, but to see
Gen.42.12	3	H6172	the nakedness
Gen.42.12	4	H776	of the land
Gen.42.12	5	H935	ye are come.
Gen.42.13	1	H559	And they said,
Gen.42.13	2	H5650	We thy servants
Gen.42.13	3	H8147	are twelve
Gen.42.13	4	H251	brethren,
Gen.42.13	5	H1121	the sons
Gen.42.13	6	H259	of one
Gen.42.13	7	H376	man
Gen.42.13	8	H776	in the land
Gen.42.13	9	H3667	of Canaan;
Gen.42.13	10	H6996	and, behold, the youngest
Gen.42.13	11	H3117	is this day
Gen.42.13	12	H1	with our father,
Gen.42.13	13	H259	and one is not.
Gen.42.14	1	H3130	And Joseph
Gen.42.14	2	H559	said
Gen.42.14	3	H1696	unto them, That is it that I spake
Gen.42.14	4	H559	unto you, saying,
Gen.42.14	5	H7270	Ye are spies:
Gen.42.15	1	H2063	hereby
Gen.42.15	2	H974	ye shall be proved:
Gen.42.15	3	H2416	by the life
Gen.42.15	4	H6547	of Pharaoh
Gen.42.15	5	H3318	ye shall not go forth
Gen.42.15	6	H6996	hence, except your youngest
Gen.42.15	7	H251	brother
Gen.42.15	8	H935	come hither.
Gen.42.16	1	H7971	Send
Gen.42.16	2	H259	one
Gen.42.16	3	H3947	of you, and let him fetch
Gen.42.16	4	H251	your brother,
Gen.42.16	5	H631	and ye shall be bound,
Gen.42.16	6	H1697	that your words
Gen.42.16	7	H974	may be proved,
Gen.42.16	8	H571	whether there be truth
Gen.42.16	9	H854	in
Gen.42.16	10	H3808	you: or else
Gen.42.16	11	H2416	by the life
Gen.42.16	12	H6547	of Pharaoh
Gen.42.16	13	H7270	surely ye are spies.
Gen.42.17	1	H622	And he put them all together
Gen.42.17	2	H4929	into ward
Gen.42.17	3	H7969	three
Gen.42.17	4	H3117	days.
Gen.42.18	1	H3130	And Joseph
Gen.42.18	2	H559	said
Gen.42.18	3	H7992	unto them the third
Gen.42.18	4	H3117	day,
Gen.42.18	5	H6213	This do,
Gen.42.18	6	H2421	and live;
Gen.42.18	7	H3373	for I fear
Gen.42.18	8	H430	God:
Gen.42.19	1	H3651	if ye be true
Gen.42.19	2	H259	men, let one
Gen.42.19	3	H251	of your brethren
Gen.42.19	4	H631	be bound
Gen.42.19	5	H1004	in your
Gen.42.19	6	H4929	prison-house;
Gen.42.19	7	H3212	but go
Gen.42.19	8	H935	ye, carry
Gen.42.19	9	H7668	grain
Gen.42.19	10	H7459	for the famine
Gen.42.19	11	H1004	of your houses:
Gen.42.20	1	H935	and bring
Gen.42.20	2	H6996	your youngest
Gen.42.20	3	H251	brother
Gen.42.20	4	H1697	unto me; so shall your words
Gen.42.20	5	H539	be verified,
Gen.42.20	6	H4191	and ye shall not die.
Gen.42.20	7	H6213	And they did so.
Gen.42.21	1	H559	And they said
Gen.42.21	2	H376	one
Gen.42.21	3	H251	to another,
Gen.42.21	4	H61	We are verily
Gen.42.21	5	H818	guilty
Gen.42.21	6	H251	concerning our brother,
Gen.42.21	7	H834	in that
Gen.42.21	8	H7200	we saw
Gen.42.21	9	H6869	the distress
Gen.42.21	10	H5315	of his soul,
Gen.42.21	11	H2603	when he besought
Gen.42.21	12	H8085	us, and we would not hear;
Gen.42.21	13	H6869	therefore is this distress
Gen.42.21	14	H935	come upon us.
Gen.42.22	1	H7205	And Reuben
Gen.42.22	2	H6030	answered
Gen.42.22	3	H559	them, saying,
Gen.42.22	4	H559	Spake I
Gen.42.22	5	H559	not unto you, saying,
Gen.42.22	6	H2398	Do not sin
Gen.42.22	7	H3206	against the child;
Gen.42.22	8	H8085	and ye would not hear?
Gen.42.22	9	H1818	therefore also, behold, his blood
Gen.42.22	10	H1875	is required.
Gen.42.23	1	H3045	And they knew
Gen.42.23	2	H3130	not that Joseph
Gen.42.23	3	H8085	understood
Gen.42.23	4	H3887	them; for there was an interpreter between them.
Gen.42.24	1	H5437	And he turned himself about
Gen.42.24	2	H1058	from them, and wept;
Gen.42.24	3	H7725	and he returned
Gen.42.24	4	H1696	to them, and spake
Gen.42.24	5	H3947	to them, and took
Gen.42.24	6	H8095	Simeon
Gen.42.24	7	H631	from among them, and bound
Gen.42.24	8	H5869	him before their eyes.
Gen.42.25	1	H3130	Then Joseph
Gen.42.25	2	H6680	commanded
Gen.42.25	3	H4390	to fill
Gen.42.25	4	H3627	their vessels
Gen.42.25	5	H1250	with grain,
Gen.42.25	6	H7725	and to restore
Gen.42.25	7	H376	every man's
Gen.42.25	8	H3701	money
Gen.42.25	9	H8242	into his sack,
Gen.42.25	10	H5414	and to give
Gen.42.25	11	H6720	them provisions
Gen.42.25	12	H1870	for the way:
Gen.42.25	13	H3651	and thus
Gen.42.25	14	H6213	was it done unto them.
Gen.42.26	1	H5375	And they laded
Gen.42.26	2	H2543	their asses
Gen.42.26	3	H7668	with their grain,
Gen.42.26	4	H3212	and departed thence.
Gen.42.27	1	H259	And as one
Gen.42.27	2	H6605	of them opened
Gen.42.27	3	H8242	his sack
Gen.42.27	4	H5414	to give
Gen.42.27	5	H2543	his ass
Gen.42.27	6	H4554	provender
Gen.42.27	7	H4411	in the lodging-place,
Gen.42.27	8	H7200	he espied
Gen.42.27	9	H3701	his money;
Gen.42.27	10	H6310	and, behold, it was in the mouth
Gen.42.27	11	H572	of his sack.
Gen.42.28	1	H559	And he said
Gen.42.28	2	H251	unto his brethren,
Gen.42.28	3	H3701	My money
Gen.42.28	4	H7725	is restored;
Gen.42.28	5	H2009	and, lo,
Gen.42.28	6	H572	it is even in my sack:
Gen.42.28	7	H3820	and their heart
Gen.42.28	8	H3318	failed
Gen.42.28	9	H2729	them, and they turned trembling
Gen.42.28	10	H376	one
Gen.42.28	11	H251	to another,
Gen.42.28	12	H559	saying,
Gen.42.28	13	H430	What is this that God
Gen.42.28	14	H6213	hath done unto us?
Gen.42.29	1	H935	And they came
Gen.42.29	2	H3290	unto Jacob
Gen.42.29	3	H1	their father
Gen.42.29	4	H776	unto the land
Gen.42.29	5	H3667	of Canaan,
Gen.42.29	6	H5046	and told
Gen.42.29	7	H7136	him all that had befallen
Gen.42.29	8	H559	them, saying,
Gen.42.30	1	H376	The man,
Gen.42.30	2	H113	the lord
Gen.42.30	3	H776	of the land,
Gen.42.30	4	H1696	spake
Gen.42.30	5	H7186	roughly
Gen.42.30	6	H5414	with us, and took
Gen.42.30	7	H7270	us for spies
Gen.42.30	8	H776	of the country.
Gen.42.31	1	H559	And we said
Gen.42.31	2	H3651	unto him, We are true
Gen.42.31	3	H7270	men; we are no spies:
Gen.42.32	1	H6240	we are twelve
Gen.42.32	2	H251	brethren,
Gen.42.32	3	H1121	sons
Gen.42.32	4	H1	of our father;
Gen.42.32	5	H259	one
Gen.42.32	6	H6996	is not, and the youngest
Gen.42.32	7	H3117	is this day
Gen.42.32	8	H1	with our father
Gen.42.32	9	H776	in the land
Gen.42.32	10	H3667	of Canaan.
Gen.42.33	1	H376	And the man,
Gen.42.33	2	H113	the lord
Gen.42.33	3	H776	of the land,
Gen.42.33	4	H559	said
Gen.42.33	5	H3045	unto us, Hereby shall I know
Gen.42.33	6	H3651	that ye are true
Gen.42.33	7	H3240	men: leave
Gen.42.33	8	H259	one
Gen.42.33	9	H251	of your brethren
Gen.42.33	10	H3947	with me, and take
Gen.42.33	11	H7459	grain for the famine
Gen.42.33	12	H1004	of your houses,
Gen.42.33	13	H3212	and go your way;
Gen.42.34	1	H935	and bring
Gen.42.34	2	H6996	your youngest
Gen.42.34	3	H251	brother
Gen.42.34	4	H3045	unto me: then shall I know
Gen.42.34	5	H7270	that ye are no spies,
Gen.42.34	6	H3651	but that ye are true
Gen.42.34	7	H5414	men: so will I deliver
Gen.42.34	8	H251	you your brother,
Gen.42.34	9	H5503	and ye shall traffic
Gen.42.34	10	H776	in the land.
Gen.42.35	1	H7324	And it came to pass as they emptied
Gen.42.35	2	H8242	their sacks,
Gen.42.35	3	H376	that, behold, every man's
Gen.42.35	4	H6872	bundle
Gen.42.35	5	H3701	of money
Gen.42.35	6	H8242	was in his sack:
Gen.42.35	7	H1	and when they and their father
Gen.42.35	8	H7200	saw
Gen.42.35	9	H6872	their bundles
Gen.42.35	10	H3701	of money,
Gen.42.35	11	H3372	they were afraid.
Gen.42.36	1	H3290	And Jacob
Gen.42.36	2	H1	their father
Gen.42.36	3	H559	said
Gen.42.36	4	H7921	unto them, Me have ye bereaved
Gen.42.36	5	H3130	of my children: Joseph
Gen.42.36	6	H8095	is not, and Simeon
Gen.42.36	7	H3947	is not, and ye will take
Gen.42.36	8	H1144	Benjamin away: all these things are against me.
Gen.42.37	1	H7205	And Reuben
Gen.42.37	2	H559	spake
Gen.42.37	3	H1	unto his father,
Gen.42.37	4	H559	saying,
Gen.42.37	5	H4191	Slay
Gen.42.37	6	H8147	my two
Gen.42.37	7	H1121	sons,
Gen.42.37	8	H935	if I bring
Gen.42.37	9	H5414	him not to thee: deliver
Gen.42.37	10	H3027	him into my hand,
Gen.42.37	11	H7725	and I will bring him to thee again.
Gen.42.38	1	H559	And he said,
Gen.42.38	2	H1121	My son
Gen.42.38	3	H3381	shall not go down
Gen.42.38	4	H251	with you; for his brother
Gen.42.38	5	H4191	is dead,
Gen.42.38	6	H7604	and he only is left:
Gen.42.38	7	H611	if harm
Gen.42.38	8	H7122	befall
Gen.42.38	9	H1870	him by the way
Gen.42.38	10	H3212	in which ye go,
Gen.42.38	11	H3381	then will ye bring down
Gen.42.38	12	H7872	my gray hairs
Gen.42.38	13	H3015	with sorrow
Gen.42.38	14	H7585	to Sheol.
Gen.43.1	1	H7458	And the famine
Gen.43.1	2	H3515	was sore
Gen.43.1	3	H776	in the land.
Gen.43.2	1	H3615	And it came to pass, when they had eaten up
Gen.43.2	2	H7668	the grain
Gen.43.2	3	H935	which they had brought out
Gen.43.2	4	H4714	of Egypt,
Gen.43.2	5	H1	their father
Gen.43.2	6	H559	said
Gen.43.2	7	H7725	unto them, Go again,
Gen.43.2	8	H7666	buy
Gen.43.2	9	H4592	us a little
Gen.43.2	10	H400	food.
Gen.43.3	1	H3063	And Judah
Gen.43.3	2	H559	spake
Gen.43.3	3	H559	unto him, saying,
Gen.43.3	4	H376	The man
Gen.43.3	5	H5749	did solemnly
Gen.43.3	6	H5749	protest
Gen.43.3	7	H559	unto us, saying,
Gen.43.3	8	H7200	Ye shall not see
Gen.43.3	9	H6440	my face,
Gen.43.3	10	H1115	except
Gen.43.3	11	H251	your brother be with you.
Gen.43.4	1	H3426	If thou wilt
Gen.43.4	2	H7971	send
Gen.43.4	3	H251	our brother
Gen.43.4	4	H3381	with us, we will go down
Gen.43.4	5	H7666	and buy
Gen.43.4	6	H400	thee food:
Gen.43.5	1	H7971	but if thou wilt not send
Gen.43.5	2	H3381	him, we will not go down;
Gen.43.5	3	H376	for the man
Gen.43.5	4	H559	said
Gen.43.5	5	H7200	unto us, Ye shall not see
Gen.43.5	6	H6440	my face,
Gen.43.5	7	H251	except your brother be with you.
Gen.43.6	1	H3478	And Israel
Gen.43.6	2	H559	said,
Gen.43.6	3	H7489	Wherefore dealt ye so ill
Gen.43.6	4	H5046	with me, as to tell
Gen.43.6	5	H376	the man
Gen.43.6	6	H251	whether ye had yet a brother?
Gen.43.7	1	H559	And they said,
Gen.43.7	2	H376	The man
Gen.43.7	3	H7592	asked
Gen.43.7	4	H7592	straitly
Gen.43.7	5	H4138	concerning ourselves, and concerning our kindred,
Gen.43.7	6	H559	saying,
Gen.43.7	7	H1	Is your father
Gen.43.7	8	H3426	yet
Gen.43.7	9	H2416	alive?
Gen.43.7	10	H3426	have ye
Gen.43.7	11	H251	another brother?
Gen.43.7	12	H5046	and we told
Gen.43.7	13	H5921	him according
Gen.43.7	14	H6310	to the tenor
Gen.43.7	15	H1697	of these words:
Gen.43.7	16	H3045	could we in any wise know
Gen.43.7	17	H559	that he would say,
Gen.43.7	18	H3381	Bring
Gen.43.7	19	H251	your brother
Gen.43.7	20	H3381	down?
Gen.43.8	1	H3063	And Judah
Gen.43.8	2	H559	said
Gen.43.8	3	H3478	unto Israel
Gen.43.8	4	H1	his father,
Gen.43.8	5	H7971	Send
Gen.43.8	6	H5288	the lad
Gen.43.8	7	H6965	with me, and we will arise
Gen.43.8	8	H3212	and go;
Gen.43.8	9	H2421	that we may live,
Gen.43.8	10	H4191	and not die,
Gen.43.8	11	H2945	both we, and thou, and also our little ones.
Gen.43.9	1	H6148	I will be surety
Gen.43.9	2	H3027	for him; of my hand
Gen.43.9	3	H1245	shalt thou require
Gen.43.9	4	H518	him: if
Gen.43.9	5	H935	I bring
Gen.43.9	6	H518	him not
Gen.43.9	7	H3322	unto thee, and set
Gen.43.9	8	H6440	him before thee,
Gen.43.9	9	H2398	then let me bear the blame
Gen.43.9	10	H3117	for ever:
Gen.43.10	1	H3884	for except
Gen.43.10	2	H4102	we had lingered,
Gen.43.10	3	H7725	surely we had now returned
Gen.43.10	4	H6471	a second time.
Gen.43.11	1	H1	And their father
Gen.43.11	2	H3478	Israel
Gen.43.11	3	H559	said
Gen.43.11	4	H645	unto them, If it be so now,
Gen.43.11	5	H6213	do
Gen.43.11	6	H3947	this: take
Gen.43.11	7	H2173	of the choice fruits
Gen.43.11	8	H776	of the land
Gen.43.11	9	H3627	in your vessels,
Gen.43.11	10	H3381	and carry down
Gen.43.11	11	H376	the man
Gen.43.11	12	H4503	a present,
Gen.43.11	13	H4592	a little
Gen.43.11	14	H6875	balm,
Gen.43.11	15	H4592	and a little
Gen.43.11	16	H1706	honey,
Gen.43.11	17	H5219	spicery
Gen.43.11	18	H3910	and myrrh,
Gen.43.11	19	H992	nuts,
Gen.43.11	20	H8247	and almonds;
Gen.43.12	1	H3947	and take
Gen.43.12	2	H4932	double
Gen.43.12	3	H3701	money
Gen.43.12	4	H3027	in your hand;
Gen.43.12	5	H3701	and the money
Gen.43.12	6	H7725	that was returned
Gen.43.12	7	H6310	in the mouth
Gen.43.12	8	H572	of your sacks
Gen.43.12	9	H7725	carry again
Gen.43.12	10	H3027	in your hand;
Gen.43.12	11	H4870	peradventure it was an oversight:
Gen.43.13	1	H3947	take
Gen.43.13	2	H251	also your brother,
Gen.43.13	3	H6965	and arise,
Gen.43.13	4	H7725	go again
Gen.43.13	5	H376	unto the man:
Gen.43.14	1	H410	and God
Gen.43.14	2	H7706	Almighty
Gen.43.14	3	H5414	give
Gen.43.14	4	H7356	you mercy
Gen.43.14	5	H6440	before
Gen.43.14	6	H376	the man,
Gen.43.14	7	H7971	that he may release
Gen.43.14	8	H312	unto you your other
Gen.43.14	9	H251	brother
Gen.43.14	10	H1144	and Benjamin.
Gen.43.14	11	H834	And if
Gen.43.14	12	H7921	I be bereaved
Gen.43.14	13	H7921	of my children, I am bereaved.
Gen.43.15	1	H582	And the men
Gen.43.15	2	H3947	took
Gen.43.15	3	H2063	that
Gen.43.15	4	H4503	present,
Gen.43.15	5	H3947	and they took
Gen.43.15	6	H4932	double
Gen.43.15	7	H3701	money
Gen.43.15	8	H3027	in their hand,
Gen.43.15	9	H1144	and Benjamin;
Gen.43.15	10	H6965	and rose up,
Gen.43.15	11	H3381	and went down
Gen.43.15	12	H4714	to Egypt,
Gen.43.15	13	H5975	and stood
Gen.43.15	14	H6440	before
Gen.43.15	15	H3130	Joseph.
Gen.43.16	1	H3130	And when Joseph
Gen.43.16	2	H7200	saw
Gen.43.16	3	H1144	Benjamin
Gen.43.16	4	H854	with
Gen.43.16	5	H559	them, he said
Gen.43.16	6	H1004	to the steward of his house,
Gen.43.16	7	H935	Bring
Gen.43.16	8	H582	the men
Gen.43.16	9	H1004	into the house,
Gen.43.16	10	H2873	and slay,
Gen.43.16	11	H3559	and make ready;
Gen.43.16	12	H582	for the men
Gen.43.16	13	H398	shall dine
Gen.43.16	14	H6672	with me at noon.
Gen.43.17	1	H376	And the man
Gen.43.17	2	H6213	did
Gen.43.17	3	H3130	as Joseph
Gen.43.17	4	H559	bade;
Gen.43.17	5	H376	and the man
Gen.43.17	6	H935	brought
Gen.43.17	7	H582	the men
Gen.43.17	8	H3130	to Joseph's
Gen.43.17	9	H1004	house.
Gen.43.18	1	H582	And the men
Gen.43.18	2	H3372	were afraid,
Gen.43.18	3	H935	because they were brought
Gen.43.18	4	H3130	to Joseph's
Gen.43.18	5	H1004	house;
Gen.43.18	6	H559	and they said,
Gen.43.18	7	H1697	Because
Gen.43.18	8	H3701	of the money
Gen.43.18	9	H7725	that was returned
Gen.43.18	10	H572	in our sacks
Gen.43.18	11	H8462	at the first time
Gen.43.18	12	H935	are we brought in;
Gen.43.18	13	H1556	that he may seek occasion
Gen.43.18	14	H5307	against us, and fall
Gen.43.18	15	H3947	upon us, and take
Gen.43.18	16	H5650	us for bondmen,
Gen.43.18	17	H2543	and our asses.
Gen.43.19	1	H5066	And they came near
Gen.43.19	2	H376	to the steward
Gen.43.19	3	H3130	of Joseph's
Gen.43.19	4	H1004	house,
Gen.43.19	5	H1696	and they spake
Gen.43.19	6	H6607	unto him at the door
Gen.43.19	7	H1004	of the house,
Gen.43.20	1	H559	and said,
Gen.43.20	2	H994	Oh,
Gen.43.20	3	H113	my lord,
Gen.43.20	4	H3381	we came indeed
Gen.43.20	5	H3381	down
Gen.43.20	6	H8462	at the first time
Gen.43.20	7	H7666	to buy
Gen.43.20	8	H400	food:
Gen.43.21	1	H935	and it came to pass, when we came
Gen.43.21	2	H4411	to the lodging-place,
Gen.43.21	3	H6605	that we opened
Gen.43.21	4	H572	our sacks,
Gen.43.21	5	H376	and, behold, every man's
Gen.43.21	6	H3701	money
Gen.43.21	7	H6310	was in the mouth
Gen.43.21	8	H572	of his sack,
Gen.43.21	9	H3701	our money
Gen.43.21	10	H4948	in full weight:
Gen.43.21	11	H7725	and we have brought it again
Gen.43.21	12	H3027	in our hand.
Gen.43.22	1	H312	And other
Gen.43.22	2	H3701	money
Gen.43.22	3	H3381	have we brought down
Gen.43.22	4	H3027	in our hand
Gen.43.22	5	H7666	to buy
Gen.43.22	6	H400	food:
Gen.43.22	7	H3045	we know not who
Gen.43.22	8	H7760	put
Gen.43.22	9	H3701	our money
Gen.43.22	10	H572	in our sacks.
Gen.43.23	1	H559	And he said,
Gen.43.23	2	H7965	Peace
Gen.43.23	3	H3372	be to you, fear
Gen.43.23	4	H430	not: your God,
Gen.43.23	5	H430	and the God
Gen.43.23	6	H1	of your father,
Gen.43.23	7	H5414	hath given
Gen.43.23	8	H4301	you treasure
Gen.43.23	9	H572	in your sacks:
Gen.43.23	10	H935	I had
Gen.43.23	11	H3701	your money.
Gen.43.23	12	H3318	And he brought
Gen.43.23	13	H8095	Simeon out unto them.
Gen.43.24	1	H376	And the man
Gen.43.24	2	H935	brought
Gen.43.24	3	H582	the men
Gen.43.24	4	H3130	into Joseph's
Gen.43.24	5	H1004	house,
Gen.43.24	6	H5414	and gave
Gen.43.24	7	H4325	them water,
Gen.43.24	8	H7364	and they washed
Gen.43.24	9	H7272	their feet;
Gen.43.24	10	H5414	and he gave
Gen.43.24	11	H2543	their asses
Gen.43.24	12	H4554	provender.
Gen.43.25	1	H3559	And they made ready
Gen.43.25	2	H4503	the present
Gen.43.25	3	H5704	against
Gen.43.25	4	H3130	Joseph's
Gen.43.25	5	H935	coming
Gen.43.25	6	H6672	at noon:
Gen.43.25	7	H8085	for they heard
Gen.43.25	8	H398	that they should eat
Gen.43.25	9	H3899	bread there.
Gen.43.26	1	H3130	And when Joseph
Gen.43.26	2	H935	came
Gen.43.26	3	H1004	home,
Gen.43.26	4	H935	they brought
Gen.43.26	5	H4503	him the present
Gen.43.26	6	H3027	which was in their hand
Gen.43.26	7	H1004	into the house,
Gen.43.26	8	H7812	and bowed
Gen.43.26	9	H776	down themselves to him to the earth.
Gen.43.27	1	H7592	And he asked
Gen.43.27	2	H7965	them of their welfare,
Gen.43.27	3	H559	and said,
Gen.43.27	4	H1	Is your father
Gen.43.27	5	H7965	well,
Gen.43.27	6	H2205	the old man
Gen.43.27	7	H559	of whom ye spake?
Gen.43.27	8	H2416	Is he yet alive?
Gen.43.28	1	H559	And they said,
Gen.43.28	2	H5650	Thy servant
Gen.43.28	3	H1	our father
Gen.43.28	4	H7965	is well,
Gen.43.28	5	H2416	he is yet alive.
Gen.43.28	6	H6915	And they bowed the head,
Gen.43.28	7	H7812	and made obeisance.
Gen.43.29	1	H5375	And he lifted up
Gen.43.29	2	H5869	his eyes,
Gen.43.29	3	H7200	and saw
Gen.43.29	4	H1144	Benjamin
Gen.43.29	5	H251	his brother,
Gen.43.29	6	H517	his mother's
Gen.43.29	7	H1121	son,
Gen.43.29	8	H559	and said,
Gen.43.29	9	H6996	Is this your youngest
Gen.43.29	10	H251	brother,
Gen.43.29	11	H559	of whom ye spake
Gen.43.29	12	H559	unto me? And he said,
Gen.43.29	13	H430	God
Gen.43.29	14	H2603	be gracious
Gen.43.29	15	H1121	unto thee, my son.
Gen.43.30	1	H3130	And Joseph
Gen.43.30	2	H4116	made haste;
Gen.43.30	3	H7356	for his heart
Gen.43.30	4	H3648	yearned
Gen.43.30	5	H251	over his brother:
Gen.43.30	6	H1245	and he sought
Gen.43.30	7	H1058	where to weep;
Gen.43.30	8	H935	and he entered
Gen.43.30	9	H2315	into his chamber,
Gen.43.30	10	H1058	and wept there.
Gen.43.31	1	H7364	And he washed
Gen.43.31	2	H6440	his face,
Gen.43.31	3	H3318	and came out;
Gen.43.31	4	H662	and he refrained
Gen.43.31	5	H559	himself, and said,
Gen.43.31	6	H7760	Set on
Gen.43.31	7	H3899	bread.
Gen.43.32	1	H7760	And they set on
Gen.43.32	2	H4713	for him by himself, and for them by themselves, and for the Egyptians,
Gen.43.32	3	H398	that did eat
Gen.43.32	4	H4713	with him, by themselves: because the Egyptians
Gen.43.32	5	H3201	might
Gen.43.32	6	H398	not eat
Gen.43.32	7	H3899	bread
Gen.43.32	8	H5680	with the Hebrews;
Gen.43.32	9	H8441	for that is an abomination
Gen.43.32	10	H4714	unto the Egyptians.
Gen.43.33	1	H3427	And they sat
Gen.43.33	2	H6440	before him,
Gen.43.33	3	H1060	the first-born
Gen.43.33	4	H1062	according to his birthright,
Gen.43.33	5	H6810	and the youngest
Gen.43.33	6	H6812	according to his youth:
Gen.43.33	7	H582	and the men
Gen.43.33	8	H8539	marvelled
Gen.43.33	9	H376	one
Gen.43.33	10	H7453	with another.
Gen.43.34	1	H5375	And he took
Gen.43.34	2	H4864	and sent messes
Gen.43.34	3	H6440	unto them from before him:
Gen.43.34	4	H1144	but Benjamin's
Gen.43.34	5	H4864	mess
Gen.43.34	6	H2568	was five
Gen.43.34	7	H3027	times
Gen.43.34	8	H7235	so much as
Gen.43.34	9	H8354	any of theirs. And they drank,
Gen.43.34	10	H7937	and were merry with him.
Gen.44.1	1	H6680	And he commanded
Gen.44.1	2	H1004	the steward of his house,
Gen.44.1	3	H559	saying,
Gen.44.1	4	H4390	Fill
Gen.44.1	5	H582	the men's
Gen.44.1	6	H572	sacks
Gen.44.1	7	H400	with food,
Gen.44.1	8	H834	as much as
Gen.44.1	9	H3201	they can
Gen.44.1	10	H5375	carry,
Gen.44.1	11	H7760	and put
Gen.44.1	12	H376	every man's
Gen.44.1	13	H3701	money
Gen.44.1	14	H572	in his sack's
Gen.44.1	15	H6310	mouth.
Gen.44.2	1	H7760	And put
Gen.44.2	2	H1375	my cup,
Gen.44.2	3	H3701	the silver
Gen.44.2	4	H1375	cup,
Gen.44.2	5	H572	in the sack's
Gen.44.2	6	H6310	mouth
Gen.44.2	7	H6996	of the youngest,
Gen.44.2	8	H7668	and his grain
Gen.44.2	9	H3701	money.
Gen.44.2	10	H6213	And he did
Gen.44.2	11	H1697	according to the word
Gen.44.2	12	H3130	that Joseph
Gen.44.2	13	H1696	had spoken.
Gen.44.3	1	H1242	As soon as the morning
Gen.44.3	2	H215	was light,
Gen.44.3	3	H582	the men
Gen.44.3	4	H7971	were sent away,
Gen.44.3	5	H2543	they and their asses.
Gen.44.4	1	H3318	And when they were gone out
Gen.44.4	2	H5892	of the city,
Gen.44.4	3	H7368	and were not yet far off,
Gen.44.4	4	H3130	Joseph
Gen.44.4	5	H559	said
Gen.44.4	6	H1004	unto his steward,
Gen.44.4	7	H6965	Up,
Gen.44.4	8	H7291	follow
Gen.44.4	9	H310	after
Gen.44.4	10	H582	the men;
Gen.44.4	11	H5381	and when thou dost overtake
Gen.44.4	12	H559	them, say
Gen.44.4	13	H7999	unto them, Wherefore have ye rewarded
Gen.44.4	14	H7451	evil
Gen.44.4	15	H2896	for good?
Gen.44.5	1	H113	Is not this that in which my lord
Gen.44.5	2	H8354	drinketh,
Gen.44.5	3	H5172	and whereby he indeed
Gen.44.5	4	H5172	divineth?
Gen.44.5	5	H7489	ye have done evil
Gen.44.5	6	H6213	in so doing.
Gen.44.6	1	H5381	And he overtook
Gen.44.6	2	H1696	them, and he spake
Gen.44.6	3	H428	unto them these
Gen.44.6	4	H1697	words.
Gen.44.7	1	H559	And they said
Gen.44.7	2	H1696	unto him, Wherefore speaketh
Gen.44.7	3	H113	my lord
Gen.44.7	4	H1697	such words
Gen.44.7	5	H2486	as these? Far be it
Gen.44.7	6	H5650	from thy servants
Gen.44.7	7	H6213	that they should do
Gen.44.7	8	H1697	such a thing.
Gen.44.8	1	H3701	Behold, the money,
Gen.44.8	2	H4672	which we found
Gen.44.8	3	H572	in our sacks'
Gen.44.8	4	H6310	mouths,
Gen.44.8	5	H7725	we brought again
Gen.44.8	6	H776	unto thee out of the land
Gen.44.8	7	H3667	of Canaan:
Gen.44.8	8	H1589	how then should we steal
Gen.44.8	9	H113	out of thy lord's
Gen.44.8	10	H1004	house
Gen.44.8	11	H3701	silver
Gen.44.8	12	H2091	or gold?
Gen.44.9	1	H5650	With whomsoever of thy servants
Gen.44.9	2	H4672	it be found,
Gen.44.9	3	H4191	let him die,
Gen.44.9	4	H113	and we also will be my lord's
Gen.44.9	5	H5650	bondmen.
Gen.44.10	1	H559	And he said,
Gen.44.10	2	H3651	Now also let it be according unto your words:
Gen.44.10	3	H4672	he with whom it is found
Gen.44.10	4	H5650	shall be my bondman;
Gen.44.10	5	H5355	and ye shall be blameless.
Gen.44.11	1	H4116	Then they hasted,
Gen.44.11	2	H3381	and took down
Gen.44.11	3	H376	every man
Gen.44.11	4	H572	his sack
Gen.44.11	5	H776	to the ground,
Gen.44.11	6	H6605	and opened
Gen.44.11	7	H376	every man
Gen.44.11	8	H572	his sack.
Gen.44.12	1	H2664	And he searched,
Gen.44.12	2	H2490	and began
Gen.44.12	3	H1419	at the eldest,
Gen.44.12	4	H3615	and left
Gen.44.12	5	H6996	off at the youngest:
Gen.44.12	6	H1375	and the cup
Gen.44.12	7	H4672	was found
Gen.44.12	8	H1144	in Benjamin's
Gen.44.12	9	H572	sack.
Gen.44.13	1	H7167	Then they rent
Gen.44.13	2	H8071	their clothes,
Gen.44.13	3	H6006	and laded
Gen.44.13	4	H376	every man
Gen.44.13	5	H2543	his ass,
Gen.44.13	6	H7725	and returned
Gen.44.13	7	H5892	to the city.
Gen.44.14	1	H3063	And Judah
Gen.44.14	2	H251	and his brethren
Gen.44.14	3	H935	came
Gen.44.14	4	H3130	to Joseph's
Gen.44.14	5	H1004	house;
Gen.44.14	6	H5307	and he was yet there: and they fell
Gen.44.14	7	H6440	before him
Gen.44.14	8	H776	on the ground.
Gen.44.15	1	H3130	And Joseph
Gen.44.15	2	H559	said
Gen.44.15	3	H4639	unto them, What deed
Gen.44.15	4	H6213	is this that ye have done?
Gen.44.15	5	H3045	know ye
Gen.44.15	6	H376	not that such a man
Gen.44.15	7	H5172	as I can indeed
Gen.44.15	8	H5172	divine?
Gen.44.16	1	H3063	And Judah
Gen.44.16	2	H559	said,
Gen.44.16	3	H559	What shall we say
Gen.44.16	4	H113	unto my lord?
Gen.44.16	5	H1696	what shall we speak?
Gen.44.16	6	H6663	or how shall we clear ourselves?
Gen.44.16	7	H430	God
Gen.44.16	8	H4672	hath found out
Gen.44.16	9	H5771	the iniquity
Gen.44.16	10	H5650	of thy servants:
Gen.44.16	11	H113	behold, we are my lord's
Gen.44.16	12	H5650	bondmen,
Gen.44.16	13	H1571	both we, and he also
Gen.44.16	14	H834	in whose
Gen.44.16	15	H1375	hand the cup
Gen.44.16	16	H4672	is found.
Gen.44.17	1	H559	And he said,
Gen.44.17	2	H2486	Far be it
Gen.44.17	3	H6213	from me that I should do
Gen.44.17	4	H2063	so:
Gen.44.17	5	H376	the man
Gen.44.17	6	H3027	in whose hand
Gen.44.17	7	H1375	the cup
Gen.44.17	8	H4672	is found,
Gen.44.17	9	H5650	he shall be my bondman;
Gen.44.17	10	H5927	but as for you, get you up
Gen.44.17	11	H7965	in peace
Gen.44.17	12	H1	unto your father.
Gen.44.18	1	H3063	Then Judah
Gen.44.18	2	H5066	came near
Gen.44.18	3	H559	unto him, and said,
Gen.44.18	4	H994	Oh,
Gen.44.18	5	H113	my lord,
Gen.44.18	6	H5650	let thy servant,
Gen.44.18	7	H1696	I pray thee, speak
Gen.44.18	8	H1697	a word
Gen.44.18	9	H113	in my lord's
Gen.44.18	10	H241	ears,
Gen.44.18	11	H639	and let not thine anger
Gen.44.18	12	H2734	burn
Gen.44.18	13	H5650	against thy servant;
Gen.44.18	14	H6547	for thou art even as Pharaoh.
Gen.44.19	1	H113	My lord
Gen.44.19	2	H7592	asked
Gen.44.19	3	H5650	his servants,
Gen.44.19	4	H559	saying,
Gen.44.19	5	H3426	Have
Gen.44.19	6	H1	ye a father,
Gen.44.19	7	H251	or a brother?
Gen.44.20	1	H559	And we said
Gen.44.20	2	H113	unto my lord,
Gen.44.20	3	H3426	We have
Gen.44.20	4	H1	a father,
Gen.44.20	5	H2205	an old man,
Gen.44.20	6	H3206	and a child
Gen.44.20	7	H2208	of his old age,
Gen.44.20	8	H6996	a little one;
Gen.44.20	9	H251	and his brother
Gen.44.20	10	H4191	is dead,
Gen.44.20	11	H3498	and he alone is left
Gen.44.20	12	H517	of his mother;
Gen.44.20	13	H1	and his father
Gen.44.20	14	H157	loveth him.
Gen.44.21	1	H559	And thou saidst
Gen.44.21	2	H5650	unto thy servants,
Gen.44.21	3	H3381	Bring him down
Gen.44.21	4	H7760	unto me, that I may set
Gen.44.21	5	H5869	mine eyes upon him.
Gen.44.22	1	H559	And we said
Gen.44.22	2	H113	unto my lord,
Gen.44.22	3	H5288	The lad
Gen.44.22	4	H3201	cannot
Gen.44.22	5	H5800	leave
Gen.44.22	6	H1	his father:
Gen.44.22	7	H5800	for if he should leave
Gen.44.22	8	H1	his father,
Gen.44.22	9	H4191	his father would die.
Gen.44.23	1	H559	And thou saidst
Gen.44.23	2	H5650	unto thy servants,
Gen.44.23	3	H3808	Except
Gen.44.23	4	H6996	your youngest
Gen.44.23	5	H251	brother
Gen.44.23	6	H3381	come down
Gen.44.23	7	H3254	with you, ye shall see
Gen.44.23	8	H6440	my face
Gen.44.23	9	H7200	no more.
Gen.44.24	1	H5927	And it came to pass when we came up
Gen.44.24	2	H5650	unto thy servant
Gen.44.24	3	H1	my father,
Gen.44.24	4	H5046	we told
Gen.44.24	5	H1697	him the words
Gen.44.24	6	H113	of my lord.
Gen.44.25	1	H1	And our father
Gen.44.25	2	H559	said,
Gen.44.25	3	H7725	Go again,
Gen.44.25	4	H7666	buy
Gen.44.25	5	H4592	us a little
Gen.44.25	6	H400	food.
Gen.44.26	1	H559	And we said,
Gen.44.26	2	H3201	We cannot
Gen.44.26	3	H3381	go down:
Gen.44.26	4	H6996	if our youngest
Gen.44.26	5	H251	brother
Gen.44.26	6	H3426	be
Gen.44.26	7	H3381	with us, then will we go down;
Gen.44.26	8	H3201	for we may
Gen.44.26	9	H7200	not see
Gen.44.26	10	H376	the man's
Gen.44.26	11	H6440	face,
Gen.44.26	12	H369	except
Gen.44.26	13	H6996	our youngest
Gen.44.26	14	H251	brother be with us.
Gen.44.27	1	H5650	And thy servant
Gen.44.27	2	H1	my father
Gen.44.27	3	H559	said
Gen.44.27	4	H3045	unto us, Ye know
Gen.44.27	5	H802	that my wife
Gen.44.27	6	H3205	bare
Gen.44.27	7	H8147	me two sons:
Gen.44.28	1	H259	and the one
Gen.44.28	2	H3318	went out
Gen.44.28	3	H559	from me, and I said,
Gen.44.28	4	H2963	Surely
Gen.44.28	5	H2963	he is torn in pieces;
Gen.44.28	6	H7200	and I have not seen him
Gen.44.28	7	H2008	since:
Gen.44.29	1	H3947	and if ye take
Gen.44.29	2	H5973	this one also from
Gen.44.29	3	H6440	me,
Gen.44.29	4	H611	and harm
Gen.44.29	5	H7136	befall him,
Gen.44.29	6	H3381	ye will bring down
Gen.44.29	7	H7872	my gray hairs
Gen.44.29	8	H7451	with sorrow
Gen.44.29	9	H7585	to Sheol.
Gen.44.30	1	H935	Now therefore when I come
Gen.44.30	2	H5650	to thy servant
Gen.44.30	3	H1	my father,
Gen.44.30	4	H5288	and the lad
Gen.44.30	5	H5315	is not with us; seeing that his life
Gen.44.30	6	H7194	is bound up
Gen.44.30	7	H5315	in the lad's life;
Gen.44.31	1	H7200	it will come to pass, when he seeth
Gen.44.31	2	H5288	that the lad
Gen.44.31	3	H4191	is not with us, that he will die:
Gen.44.31	4	H5650	and thy servants
Gen.44.31	5	H3381	will bring down
Gen.44.31	6	H7872	the gray hairs
Gen.44.31	7	H5650	of thy servant
Gen.44.31	8	H1	our father
Gen.44.31	9	H3015	with sorrow
Gen.44.31	10	H7585	to Sheol.
Gen.44.32	1	H5650	For thy servant
Gen.44.32	2	H6148	became surety
Gen.44.32	3	H5288	for the lad
Gen.44.32	4	H5973	unto
Gen.44.32	5	H1	my father,
Gen.44.32	6	H559	saying,
Gen.44.32	7	H935	If I bring
Gen.44.32	8	H2398	him not unto thee, then shall I bear the blame
Gen.44.32	9	H1	to my father
Gen.44.32	10	H3117	for ever.
Gen.44.33	1	H5650	Now therefore, let thy servant,
Gen.44.33	2	H3427	I pray thee, abide
Gen.44.33	3	H5288	instead of the lad
Gen.44.33	4	H5650	a bondman
Gen.44.33	5	H113	to my lord;
Gen.44.33	6	H5288	and let the lad
Gen.44.33	7	H5927	go up
Gen.44.33	8	H251	with his brethren.
Gen.44.34	1	H349	For how
Gen.44.34	2	H5927	shall I go up
Gen.44.34	3	H1	to my father,
Gen.44.34	4	H5288	if the lad
Gen.44.34	5	H7200	be not with me? lest I see
Gen.44.34	6	H7451	the evil
Gen.44.34	7	H4672	that shall come on
Gen.44.34	8	H1	my father.
Gen.45.1	1	H3130	Then Joseph
Gen.45.1	2	H3201	could
Gen.45.1	3	H662	not refrain
Gen.45.1	4	H5324	himself before all them that stood
Gen.45.1	5	H7121	by him; and he cried,
Gen.45.1	6	H3318	Cause
Gen.45.1	7	H376	every man
Gen.45.1	8	H3318	to go out
Gen.45.1	9	H5975	from me. And there stood
Gen.45.1	10	H376	no man
Gen.45.1	11	H3130	with him, while Joseph
Gen.45.1	12	H3045	made himself known
Gen.45.1	13	H251	unto his brethren.
Gen.45.2	1	H6963	And he wept
Gen.45.2	2	H5414	aloud:
Gen.45.2	3	H4714	and the Egyptians
Gen.45.2	4	H1004	heard, and the house
Gen.45.2	5	H6547	of Pharaoh
Gen.45.2	6	H8085	heard.
Gen.45.3	1	H3130	And Joseph
Gen.45.3	2	H559	said
Gen.45.3	3	H251	unto his brethren,
Gen.45.3	4	H3130	I am Joseph;
Gen.45.3	5	H1	doth my father
Gen.45.3	6	H2416	yet live?
Gen.45.3	7	H251	And his brethren
Gen.45.3	8	H3201	could
Gen.45.3	9	H6030	not answer
Gen.45.3	10	H926	him; for they were troubled
Gen.45.3	11	H6440	at his presence.
Gen.45.4	1	H3130	And Joseph
Gen.45.4	2	H559	said
Gen.45.4	3	H251	unto his brethren,
Gen.45.4	4	H5066	Come near
Gen.45.4	5	H5066	to me, I pray you. And they came near.
Gen.45.4	6	H559	And he said,
Gen.45.4	7	H3130	I am Joseph
Gen.45.4	8	H251	your brother,
Gen.45.4	9	H4376	whom ye sold
Gen.45.4	10	H4714	into Egypt.
Gen.45.5	1	H6087	And now be not grieved,
Gen.45.5	2	H2734	nor angry
Gen.45.5	3	H5869	with yourselves,
Gen.45.5	4	H4376	that ye sold
Gen.45.5	5	H430	me hither: for God
Gen.45.5	6	H7971	did send
Gen.45.5	7	H6440	me before you
Gen.45.5	8	H4241	to preserve life.
Gen.45.6	1	H8141	For these two years
Gen.45.6	2	H7458	hath the famine
Gen.45.6	3	H7130	been in
Gen.45.6	4	H776	the land:
Gen.45.6	5	H2568	and there are yet five
Gen.45.6	6	H8141	years,
Gen.45.6	7	H369	in which there shall be neither
Gen.45.6	8	H2758	plowing
Gen.45.6	9	H7105	nor harvest.
Gen.45.7	1	H430	And God
Gen.45.7	2	H7971	sent
Gen.45.7	3	H6440	me before you
Gen.45.7	4	H7760	to preserve
Gen.45.7	5	H7611	you a remnant
Gen.45.7	6	H776	in the earth,
Gen.45.7	7	H2421	and to save you alive
Gen.45.7	8	H1419	by a great
Gen.45.7	9	H6413	deliverance.
Gen.45.8	1	H7971	So now it was not you that sent
Gen.45.8	2	H430	me hither, but God:
Gen.45.8	3	H7760	and he hath made
Gen.45.8	4	H1	me a father
Gen.45.8	5	H6547	to Pharaoh,
Gen.45.8	6	H113	and lord
Gen.45.8	7	H1004	of all his house,
Gen.45.8	8	H4910	and ruler
Gen.45.8	9	H776	over all the land
Gen.45.8	10	H4714	of Egypt.
Gen.45.9	1	H4116	Haste
Gen.45.9	2	H5927	ye, and go up
Gen.45.9	3	H1	to my father,
Gen.45.9	4	H559	and say
Gen.45.9	5	H559	unto him, Thus saith
Gen.45.9	6	H1121	thy son
Gen.45.9	7	H3130	Joseph,
Gen.45.9	8	H430	God
Gen.45.9	9	H7760	hath made
Gen.45.9	10	H113	me lord
Gen.45.9	11	H4714	of all Egypt:
Gen.45.9	12	H3381	come down
Gen.45.9	13	H5975	unto me, tarry not;
Gen.45.10	1	H3427	and thou shalt dwell
Gen.45.10	2	H776	in the land
Gen.45.10	3	H1657	of Goshen,
Gen.45.10	4	H7138	and thou shalt be near
Gen.45.10	5	H1121	unto me, thou, and thy children,
Gen.45.10	6	H1121	and thy children's
Gen.45.10	7	H1121	children,
Gen.45.10	8	H6629	and thy flocks,
Gen.45.10	9	H1241	and thy herds, and all that thou hast:
Gen.45.11	1	H3557	and there will I nourish
Gen.45.11	2	H2568	thee; for there are yet five
Gen.45.11	3	H8141	years
Gen.45.11	4	H7458	of famine;
Gen.45.11	5	H3423	lest thou come to poverty,
Gen.45.11	6	H1004	thou, and thy household, and all that thou hast.
Gen.45.12	1	H5869	And, behold, your eyes
Gen.45.12	2	H7200	see,
Gen.45.12	3	H5869	and the eyes
Gen.45.12	4	H251	of my brother
Gen.45.12	5	H1144	Benjamin,
Gen.45.12	6	H6310	that it is my mouth
Gen.45.12	7	H1696	that speaketh unto you.
Gen.45.13	1	H5046	And ye shall tell
Gen.45.13	2	H1	my father
Gen.45.13	3	H3519	of all my glory
Gen.45.13	4	H4714	in Egypt,
Gen.45.13	5	H7200	and of all that ye have seen:
Gen.45.13	6	H4116	and ye shall haste
Gen.45.13	7	H3381	and bring down
Gen.45.13	8	H1	my father hither.
Gen.45.14	1	H5307	And he fell
Gen.45.14	2	H251	upon his brother
Gen.45.14	3	H1144	Benjamin's
Gen.45.14	4	H6677	neck,
Gen.45.14	5	H1058	and wept;
Gen.45.14	6	H1144	and Benjamin
Gen.45.14	7	H1058	wept
Gen.45.14	8	H6677	upon his neck.
Gen.45.15	1	H5401	And he kissed
Gen.45.15	2	H251	all his brethren,
Gen.45.15	3	H1058	and wept
Gen.45.15	4	H310	upon them: and after
Gen.45.15	5	H251	that his brethren
Gen.45.15	6	H1696	talked with him.
Gen.45.16	1	H6963	And the report
Gen.45.16	2	H8085	thereof was heard
Gen.45.16	3	H6547	in Pharaoh's
Gen.45.16	4	H1004	house,
Gen.45.16	5	H559	saying,
Gen.45.16	6	H3130	Joseph's
Gen.45.16	7	H251	brethren
Gen.45.16	8	H935	are come:
Gen.45.16	9	H5869	and it pleased
Gen.45.16	10	H6547	Pharaoh
Gen.45.16	11	H3190	well,
Gen.45.16	12	H5869	and
Gen.45.16	13	H5650	his servants.
Gen.45.17	1	H6547	And Pharaoh
Gen.45.17	2	H559	said
Gen.45.17	3	H3130	unto Joseph,
Gen.45.17	4	H559	Say
Gen.45.17	5	H251	unto thy brethren,
Gen.45.17	6	H6213	This do
Gen.45.17	7	H2943	ye: lade
Gen.45.17	8	H1165	your beasts,
Gen.45.17	9	H3212	and go,
Gen.45.17	10	H935	get
Gen.45.17	11	H776	you unto the land
Gen.45.17	12	H3667	of Canaan;
Gen.45.18	1	H3947	and take
Gen.45.18	2	H1	your father
Gen.45.18	3	H1004	and your households,
Gen.45.18	4	H935	and come
Gen.45.18	5	H5414	unto me: and I will give
Gen.45.18	6	H2898	you the good
Gen.45.18	7	H776	of the land
Gen.45.18	8	H4714	of Egypt,
Gen.45.18	9	H398	and ye shall eat
Gen.45.18	10	H2459	the fat
Gen.45.18	11	H776	of the land.
Gen.45.19	1	H6680	Now thou art commanded,
Gen.45.19	2	H6213	this do
Gen.45.19	3	H3947	ye: take
Gen.45.19	4	H5699	you wagons
Gen.45.19	5	H776	out of the land
Gen.45.19	6	H4714	of Egypt
Gen.45.19	7	H2945	for your little ones,
Gen.45.19	8	H802	and for your wives,
Gen.45.19	9	H5375	and bring
Gen.45.19	10	H1	your father,
Gen.45.19	11	H935	and come.
Gen.45.20	1	H5869	Also
Gen.45.20	2	H2347	regard
Gen.45.20	3	H3627	not your stuff;
Gen.45.20	4	H2898	for the good
Gen.45.20	5	H776	of all the land
Gen.45.20	6	H4714	of Egypt is yours.
Gen.45.21	1	H1121	And the sons
Gen.45.21	2	H3478	of Israel
Gen.45.21	3	H6213	did
Gen.45.21	4	H3130	so: and Joseph
Gen.45.21	5	H5414	gave
Gen.45.21	6	H5699	them wagons,
Gen.45.21	7	H6310	according to the commandment
Gen.45.21	8	H6547	of Pharaoh,
Gen.45.21	9	H5414	and gave
Gen.45.21	10	H6720	them provision
Gen.45.21	11	H1870	for the way.
Gen.45.22	1	H5414	To all of them he gave
Gen.45.22	2	H376	each man
Gen.45.22	3	H2487	changes
Gen.45.22	4	H8071	of raiment;
Gen.45.22	5	H1144	but to Benjamin
Gen.45.22	6	H5414	he gave
Gen.45.22	7	H7969	three
Gen.45.22	8	H3967	hundred
Gen.45.22	9	H3701	pieces of silver,
Gen.45.22	10	H2568	and five
Gen.45.22	11	H2487	changes
Gen.45.22	12	H8071	of raiment.
Gen.45.23	1	H1	And to his father
Gen.45.23	2	H7971	he sent
Gen.45.23	3	H2063	after this
Gen.45.23	4	H6235	manner: ten
Gen.45.23	5	H860	asses
Gen.45.23	6	H5375	laden
Gen.45.23	7	H2898	with the good things
Gen.45.23	8	H4714	of Egypt,
Gen.45.23	9	H6235	and ten
Gen.45.23	10	H2543	she-asses
Gen.45.23	11	H5375	laden
Gen.45.23	12	H1250	with grain
Gen.45.23	13	H3899	and bread
Gen.45.23	14	H4202	and provision
Gen.45.23	15	H1	for his father
Gen.45.23	16	H1870	by the way.
Gen.45.24	1	H7971	So he sent
Gen.45.24	2	H251	his brethren
Gen.45.24	3	H7971	away,
Gen.45.24	4	H3212	and they departed:
Gen.45.24	5	H559	and he said
Gen.45.24	6	H7264	unto them, See that ye fall not out
Gen.45.24	7	H1870	by the way.
Gen.45.25	1	H5927	And they went up
Gen.45.25	2	H4714	out of Egypt,
Gen.45.25	3	H935	and came
Gen.45.25	4	H776	into the land
Gen.45.25	5	H3667	of Canaan
Gen.45.25	6	H3290	unto Jacob
Gen.45.25	7	H1	their father.
Gen.45.26	1	H5046	And they told
Gen.45.26	2	H559	him, saying,
Gen.45.26	3	H3130	Joseph
Gen.45.26	4	H2416	is yet alive,
Gen.45.26	5	H4910	and he is ruler
Gen.45.26	6	H776	over all the land
Gen.45.26	7	H4714	of Egypt.
Gen.45.26	8	H3820	And his heart
Gen.45.26	9	H6313	fainted,
Gen.45.26	10	H539	for he believed them not.
Gen.45.27	1	H1696	And they told
Gen.45.27	2	H1697	him all the words
Gen.45.27	3	H3130	of Joseph,
Gen.45.27	4	H1696	which he had said
Gen.45.27	5	H7200	unto them: and when he saw
Gen.45.27	6	H5699	the wagons
Gen.45.27	7	H3130	which Joseph
Gen.45.27	8	H7971	had sent
Gen.45.27	9	H5375	to carry
Gen.45.27	10	H7307	him, the spirit
Gen.45.27	11	H3290	of Jacob
Gen.45.27	12	H1	their father
Gen.45.27	13	H2421	revived:
Gen.45.28	1	H3478	and Israel
Gen.45.28	2	H559	said,
Gen.45.28	3	H7227	It is enough;
Gen.45.28	4	H3130	Joseph
Gen.45.28	5	H1121	my son
Gen.45.28	6	H2416	is yet alive:
Gen.45.28	7	H3212	I will go
Gen.45.28	8	H7200	and see him
Gen.45.28	9	H4191	before I die.
Gen.46.1	1	H3478	And Israel
Gen.46.1	2	H5265	took his journey
Gen.46.1	3	H935	with all that he had, and came
Gen.46.1	4	H884	to Beer-sheba,
Gen.46.1	5	H2076	and offered
Gen.46.1	6	H2077	sacrifices
Gen.46.1	7	H430	unto the God
Gen.46.1	8	H1	of his father
Gen.46.1	9	H3327	Isaac.
Gen.46.2	1	H430	And God
Gen.46.2	2	H559	spake
Gen.46.2	3	H3478	unto Israel
Gen.46.2	4	H4759	in the visions
Gen.46.2	5	H3915	of the night,
Gen.46.2	6	H559	and said,
Gen.46.2	7	H3290	Jacob,
Gen.46.2	8	H3290	Jacob.
Gen.46.2	9	H559	And he said, Here am I.
Gen.46.3	1	H559	And he said,
Gen.46.3	2	H410	I am God,
Gen.46.3	3	H430	the God
Gen.46.3	4	H1	of thy father:
Gen.46.3	5	H3372	fear
Gen.46.3	6	H3381	not to go down
Gen.46.3	7	H4714	into Egypt;
Gen.46.3	8	H7760	for I will there make
Gen.46.3	9	H1419	of thee a great
Gen.46.3	10	H1471	nation:
Gen.46.4	1	H3381	I will go down
Gen.46.4	2	H4714	with thee into Egypt;
Gen.46.4	3	H5927	and I will also surely
Gen.46.4	4	H5927	bring thee up
Gen.46.4	5	H3130	again: and Joseph
Gen.46.4	6	H7896	shall put
Gen.46.4	7	H3027	his hand
Gen.46.4	8	H5869	upon thine eyes.
Gen.46.5	1	H3290	And Jacob
Gen.46.5	2	H6965	rose up
Gen.46.5	3	H884	from Beer-sheba:
Gen.46.5	4	H1121	and the sons
Gen.46.5	5	H3478	of Israel
Gen.46.5	6	H5375	carried
Gen.46.5	7	H3290	Jacob
Gen.46.5	8	H1	their father,
Gen.46.5	9	H2945	and their little ones,
Gen.46.5	10	H802	and their wives,
Gen.46.5	11	H5699	in the wagons
Gen.46.5	12	H6547	which Pharaoh
Gen.46.5	13	H7971	had sent
Gen.46.5	14	H5375	to carry him.
Gen.46.6	1	H3947	And they took
Gen.46.6	2	H4735	their cattle,
Gen.46.6	3	H7399	and their goods,
Gen.46.6	4	H7408	which they had gotten
Gen.46.6	5	H776	in the land
Gen.46.6	6	H3667	of Canaan,
Gen.46.6	7	H935	and came
Gen.46.6	8	H4714	into Egypt,
Gen.46.6	9	H3290	Jacob,
Gen.46.6	10	H2233	and all his seed with him:
Gen.46.7	1	H1121	his sons,
Gen.46.7	2	H1121	and his sons'
Gen.46.7	3	H1121	sons
Gen.46.7	4	H1323	with him, his daughters,
Gen.46.7	5	H1121	and his sons'
Gen.46.7	6	H1323	daughters,
Gen.46.7	7	H2233	and all his seed
Gen.46.7	8	H935	brought he
Gen.46.7	9	H4714	with him into Egypt.
Gen.46.8	1	H8034	And these are the names
Gen.46.8	2	H1121	of the children
Gen.46.8	3	H3478	of Israel,
Gen.46.8	4	H935	who came
Gen.46.8	5	H4714	into Egypt,
Gen.46.8	6	H3290	Jacob
Gen.46.8	7	H1121	and his sons:
Gen.46.8	8	H7205	Reuben,
Gen.46.8	9	H3290	Jacob's
Gen.46.8	10	H1060	first-born.
Gen.46.9	1	H1121	And the sons
Gen.46.9	2	H7205	of Reuben:
Gen.46.9	3	H2585	Hanoch,
Gen.46.9	4	H6396	and Pallu,
Gen.46.9	5	H2696	and Hezron,
Gen.46.9	6	H3756	and Carmi.
Gen.46.10	1	H1121	And the sons
Gen.46.10	2	H8095	of Simeon:
Gen.46.10	3	H3223	Jemuel,
Gen.46.10	4	H3226	and Jamin,
Gen.46.10	5	H161	and Ohad,
Gen.46.10	6	H3199	and Jachin,
Gen.46.10	7	H6714	and Zohar,
Gen.46.10	8	H7586	and Shaul
Gen.46.10	9	H1121	the son
Gen.46.10	10	H3669	of a Canaanitish woman.
Gen.46.11	1	H1121	And the sons
Gen.46.11	2	H3878	of Levi:
Gen.46.11	3	H1648	Gershon,
Gen.46.11	4	H6955	Kohath,
Gen.46.11	5	H4847	and Merari.
Gen.46.12	1	H1121	And the sons
Gen.46.12	2	H3063	of Judah:
Gen.46.12	3	H6147	Er,
Gen.46.12	4	H209	and Onan,
Gen.46.12	5	H7956	and Shelah,
Gen.46.12	6	H6557	and Perez,
Gen.46.12	7	H2226	and Zerah;
Gen.46.12	8	H6147	but Er
Gen.46.12	9	H209	and Onan
Gen.46.12	10	H4191	died
Gen.46.12	11	H776	in the land
Gen.46.12	12	H3667	of Canaan.
Gen.46.12	13	H1121	And the sons
Gen.46.12	14	H6557	of Perez
Gen.46.12	15	H2696	were Hezron
Gen.46.12	16	H2538	and Hamul.
Gen.46.13	1	H1121	And the sons
Gen.46.13	2	H3485	of Issachar:
Gen.46.13	3	H8439	Tola,
Gen.46.13	4	H6312	and Puvah,
Gen.46.13	5	H3102	and Iob,
Gen.46.13	6	H8110	and Shimron.
Gen.46.14	1	H1121	And the sons
Gen.46.14	2	H2074	of Zebulun:
Gen.46.14	3	H5624	Sered,
Gen.46.14	4	H356	and Elon,
Gen.46.14	5	H3177	and Jahleel.
Gen.46.15	1	H1121	These are the sons
Gen.46.15	2	H3812	of Leah,
Gen.46.15	3	H3205	whom she bare
Gen.46.15	4	H3290	unto Jacob
Gen.46.15	5	H6307	in Paddan-aram,
Gen.46.15	6	H1323	with his daughter
Gen.46.15	7	H1783	Dinah:
Gen.46.15	8	H5315	all the souls
Gen.46.15	9	H1121	of his sons
Gen.46.15	10	H1323	and his daughters
Gen.46.15	11	H7970	were thirty
Gen.46.15	12	H7969	and three.
Gen.46.16	1	H1121	And the sons
Gen.46.16	2	H1410	of Gad:
Gen.46.16	3	H6837	Ziphion,
Gen.46.16	4	H2291	and Haggi,
Gen.46.16	5	H7764	Shuni,
Gen.46.16	6	H675	and Ezbon,
Gen.46.16	7	H6179	Eri,
Gen.46.16	8	H722	and Arodi,
Gen.46.16	9	H692	and Areli.
Gen.46.17	1	H1121	And the sons
Gen.46.17	2	H836	of Asher:
Gen.46.17	3	H3232	Imnah,
Gen.46.17	4	H3438	and Ishvah,
Gen.46.17	5	H3440	and Ishvi,
Gen.46.17	6	H1283	and Beriah,
Gen.46.17	7	H8294	and Serah
Gen.46.17	8	H269	their sister;
Gen.46.17	9	H1121	and the sons
Gen.46.17	10	H1283	of Beriah:
Gen.46.17	11	H2268	Heber,
Gen.46.17	12	H4439	and Malchiel.
Gen.46.18	1	H1121	These are the sons
Gen.46.18	2	H2153	of Zilpah,
Gen.46.18	3	H3837	whom Laban
Gen.46.18	4	H5414	gave
Gen.46.18	5	H3812	to Leah
Gen.46.18	6	H1323	his daughter;
Gen.46.18	7	H3205	and these she bare
Gen.46.18	8	H3290	unto Jacob,
Gen.46.18	9	H6240	even sixteen
Gen.46.18	10	H5315	souls.
Gen.46.19	1	H1121	The sons
Gen.46.19	2	H7354	of Rachel
Gen.46.19	3	H3290	Jacob's
Gen.46.19	4	H802	wife:
Gen.46.19	5	H3130	Joseph
Gen.46.19	6	H1144	and Benjamin.
Gen.46.20	1	H3130	And unto Joseph
Gen.46.20	2	H776	in the land
Gen.46.20	3	H4714	of Egypt
Gen.46.20	4	H3205	were born
Gen.46.20	5	H4519	Manasseh
Gen.46.20	6	H669	and Ephraim,
Gen.46.20	7	H621	whom Asenath,
Gen.46.20	8	H1323	the daughter
Gen.46.20	9	H6319	of Poti-phera
Gen.46.20	10	H3548	priest
Gen.46.20	11	H204	of On,
Gen.46.20	12	H3205	bare unto him.
Gen.46.21	1	H1121	And the sons
Gen.46.21	2	H1144	of Benjamin:
Gen.46.21	3	H1106	Bela,
Gen.46.21	4	H1071	and Becher,
Gen.46.21	5	H788	and Ashbel,
Gen.46.21	6	H1617	Gera,
Gen.46.21	7	H5283	and Naaman,
Gen.46.21	8	H278	Ehi,
Gen.46.21	9	H7220	and Rosh,
Gen.46.21	10	H4649	Muppim,
Gen.46.21	11	H2650	and Huppim,
Gen.46.21	12	H714	and Ard.
Gen.46.22	1	H1121	These are the sons
Gen.46.22	2	H7354	of Rachel,
Gen.46.22	3	H3205	who were born
Gen.46.22	4	H3290	to Jacob:
Gen.46.22	5	H5315	all the souls
Gen.46.22	6	H702	were fourteen.
Gen.46.23	1	H1121	And the sons
Gen.46.23	2	H1835	of Dan:
Gen.46.23	3	H2366	Hushim.
Gen.46.24	1	H1121	And the sons
Gen.46.24	2	H5321	of Naphtali:
Gen.46.24	3	H3183	Jahzeel,
Gen.46.24	4	H1476	and Guni,
Gen.46.24	5	H3337	and Jezer,
Gen.46.24	6	H8006	and Shillem.
Gen.46.25	1	H1121	These are the sons
Gen.46.25	2	H1090	of Bilhah,
Gen.46.25	3	H3837	whom Laban
Gen.46.25	4	H5414	gave
Gen.46.25	5	H7354	unto Rachel
Gen.46.25	6	H1323	his daughter,
Gen.46.25	7	H3205	and these she bare
Gen.46.25	8	H3290	unto Jacob:
Gen.46.25	9	H5315	all the souls
Gen.46.25	10	H7651	were seven.
Gen.46.26	1	H5315	All the souls
Gen.46.26	2	H935	that came
Gen.46.26	3	H3290	with Jacob
Gen.46.26	4	H4714	into Egypt,
Gen.46.26	5	H3318	that came out
Gen.46.26	6	H3409	of his loins,
Gen.46.26	7	H3290	besides Jacob's
Gen.46.26	8	H1121	sons'
Gen.46.26	9	H802	wives,
Gen.46.26	10	H5315	all the souls
Gen.46.26	11	H8346	were threescore
Gen.46.26	12	H8337	and six;
Gen.46.27	1	H1121	and the sons
Gen.46.27	2	H3130	of Joseph,
Gen.46.27	3	H3205	who were born
Gen.46.27	4	H4714	to him in Egypt,
Gen.46.27	5	H8147	were two
Gen.46.27	6	H5315	souls:
Gen.46.27	7	H5315	all the souls
Gen.46.27	8	H1004	of the house
Gen.46.27	9	H3290	of Jacob,
Gen.46.27	10	H935	that came
Gen.46.27	11	H4714	into Egypt,
Gen.46.27	12	H7657	were threescore and ten.
Gen.46.28	1	H7971	And he sent
Gen.46.28	2	H3063	Judah
Gen.46.28	3	H6440	before him
Gen.46.28	4	H3130	unto Joseph,
Gen.46.28	5	H3384	to show
Gen.46.28	6	H6440	the way
Gen.46.28	7	H1657	before him unto Goshen;
Gen.46.28	8	H935	and they came
Gen.46.28	9	H776	into the land
Gen.46.28	10	H1657	of Goshen.
Gen.46.29	1	H3130	And Joseph
Gen.46.29	2	H631	made ready
Gen.46.29	3	H4818	his chariot,
Gen.46.29	4	H5927	and went up
Gen.46.29	5	H7125	to meet
Gen.46.29	6	H3478	Israel
Gen.46.29	7	H1	his father,
Gen.46.29	8	H1657	to Goshen;
Gen.46.29	9	H7200	and he presented
Gen.46.29	10	H5307	himself unto him, and fell
Gen.46.29	11	H6677	on his neck,
Gen.46.29	12	H1058	and wept
Gen.46.29	13	H6677	on his neck
Gen.46.29	14	H5750	a good while.
Gen.46.30	1	H3478	And Israel
Gen.46.30	2	H559	said
Gen.46.30	3	H3130	unto Joseph,
Gen.46.30	4	H6471	Now
Gen.46.30	5	H4191	let me die,
Gen.46.30	6	H310	since
Gen.46.30	7	H7200	I have seen
Gen.46.30	8	H6440	thy face,
Gen.46.30	9	H5750	that thou art yet
Gen.46.30	10	H2416	alive.
Gen.46.31	1	H3130	And Joseph
Gen.46.31	2	H559	said
Gen.46.31	3	H251	unto his brethren,
Gen.46.31	4	H1	and unto his father's
Gen.46.31	5	H1004	house,
Gen.46.31	6	H5927	I will go up,
Gen.46.31	7	H5046	and tell
Gen.46.31	8	H6547	Pharaoh,
Gen.46.31	9	H559	and will say
Gen.46.31	10	H251	unto him, My brethren,
Gen.46.31	11	H1	and my father's
Gen.46.31	12	H1004	house,
Gen.46.31	13	H776	who were in the land
Gen.46.31	14	H3667	of Canaan,
Gen.46.31	15	H935	are come unto me;
Gen.46.32	1	H582	and the men
Gen.46.32	2	H7462	are shepherds,
Gen.46.32	3	H4735	for they have been keepers of cattle;
Gen.46.32	4	H935	and they have brought
Gen.46.32	5	H6629	their flocks,
Gen.46.32	6	H1241	and their herds, and all that they have.
Gen.46.33	1	H6547	And it shall come to pass, when Pharaoh
Gen.46.33	2	H7121	shall call
Gen.46.33	3	H559	you, and shall say,
Gen.46.33	4	H4639	What is your occupation?
Gen.46.34	1	H559	that ye shall say,
Gen.46.34	2	H5650	Thy servants
Gen.46.34	3	H582	have been keepers
Gen.46.34	4	H4735	of cattle
Gen.46.34	5	H5271	from our youth
Gen.46.34	6	H1	even until now, both we, and our fathers:
Gen.46.34	7	H3427	that ye may dwell
Gen.46.34	8	H776	in the land
Gen.46.34	9	H1657	of Goshen;
Gen.46.34	10	H7462	for every shepherd
Gen.46.34	11	H8441	is an abomination
Gen.46.34	12	H4714	unto the Egyptians.
Gen.47.1	1	H3130	Then Joseph
Gen.47.1	2	H935	went
Gen.47.1	3	H5046	in and told
Gen.47.1	4	H6547	Pharaoh,
Gen.47.1	5	H559	and said,
Gen.47.1	6	H1	My father
Gen.47.1	7	H251	and my brethren,
Gen.47.1	8	H6629	and their flocks,
Gen.47.1	9	H1241	and their herds,
Gen.47.1	10	H935	and all that they have, are come out
Gen.47.1	11	H776	of the land
Gen.47.1	12	H3667	of Canaan;
Gen.47.1	13	H776	and, behold, they are in the land
Gen.47.1	14	H1657	of Goshen.
Gen.47.2	1	H7097	And from
Gen.47.2	2	H251	among his brethren
Gen.47.2	3	H3947	he took
Gen.47.2	4	H2568	five
Gen.47.2	5	H582	men,
Gen.47.2	6	H3322	and presented
Gen.47.2	7	H6440	them unto
Gen.47.2	8	H6547	Pharaoh.
Gen.47.3	1	H6547	And Pharaoh
Gen.47.3	2	H559	said
Gen.47.3	3	H251	unto his brethren,
Gen.47.3	4	H4639	What is your occupation?
Gen.47.3	5	H559	And they said
Gen.47.3	6	H6547	unto Pharaoh,
Gen.47.3	7	H5650	Thy servants
Gen.47.3	8	H7462	are shepherds,
Gen.47.3	9	H1	both we, and our fathers.
Gen.47.4	1	H559	And they said
Gen.47.4	2	H6547	unto Pharaoh,
Gen.47.4	3	H1481	To sojourn
Gen.47.4	4	H776	in the land
Gen.47.4	5	H935	are we come;
Gen.47.4	6	H4829	for there is no pasture
Gen.47.4	7	H5650	for thy servants'
Gen.47.4	8	H6629	flocks;
Gen.47.4	9	H7458	for the famine
Gen.47.4	10	H3515	is sore
Gen.47.4	11	H776	in the land
Gen.47.4	12	H3667	of Canaan:
Gen.47.4	13	H5650	now therefore, we pray thee, let thy servants
Gen.47.4	14	H3427	dwell
Gen.47.4	15	H776	in the land
Gen.47.4	16	H1657	of Goshen.
Gen.47.5	1	H6547	And Pharaoh
Gen.47.5	2	H559	spake
Gen.47.5	3	H3130	unto Joseph,
Gen.47.5	4	H559	saying,
Gen.47.5	5	H1	Thy father
Gen.47.5	6	H251	and thy brethren
Gen.47.5	7	H935	are come unto thee:
Gen.47.6	1	H776	the land
Gen.47.6	2	H4714	of Egypt
Gen.47.6	3	H6440	is before thee;
Gen.47.6	4	H4315	in the best
Gen.47.6	5	H776	of the land
Gen.47.6	6	H3427	make
Gen.47.6	7	H1	thy father
Gen.47.6	8	H251	and thy brethren
Gen.47.6	9	H3427	to dwell;
Gen.47.6	10	H776	in the land
Gen.47.6	11	H1657	of Goshen
Gen.47.6	12	H3427	let them dwell:
Gen.47.6	13	H3045	and if thou knowest
Gen.47.6	14	H2428	any able
Gen.47.6	15	H582	men
Gen.47.6	16	H7760	among them, then make them
Gen.47.6	17	H8269	rulers
Gen.47.6	18	H4735	over my cattle.
Gen.47.7	1	H3130	And Joseph
Gen.47.7	2	H935	brought in
Gen.47.7	3	H3290	Jacob
Gen.47.7	4	H1	his father,
Gen.47.7	5	H5975	and set him
Gen.47.7	6	H6440	before
Gen.47.7	7	H6547	Pharaoh:
Gen.47.7	8	H3290	and Jacob
Gen.47.7	9	H1288	blessed
Gen.47.7	10	H6547	Pharaoh.
Gen.47.8	1	H6547	And Pharaoh
Gen.47.8	2	H559	said
Gen.47.8	3	H3290	unto Jacob,
Gen.47.8	4	H4100	How
Gen.47.8	5	H3117	many are the days of the years of thy life?
Gen.47.9	1	H3290	And Jacob
Gen.47.9	2	H559	said
Gen.47.9	3	H6547	unto Pharaoh,
Gen.47.9	4	H3117	The days
Gen.47.9	5	H8141	of the years
Gen.47.9	6	H4033	of my pilgrimage
Gen.47.9	7	H3967	are a hundred
Gen.47.9	8	H7970	and thirty
Gen.47.9	9	H8141	years:
Gen.47.9	10	H4592	few
Gen.47.9	11	H7451	and evil
Gen.47.9	12	H3117	have been the days
Gen.47.9	13	H8141	of the years
Gen.47.9	14	H2416	of my life,
Gen.47.9	15	H5381	and they have not attained
Gen.47.9	16	H3117	unto the days
Gen.47.9	17	H8141	of the years
Gen.47.9	18	H2416	of the life
Gen.47.9	19	H1	of my fathers
Gen.47.9	20	H3117	in the days
Gen.47.9	21	H4033	of their pilgrimage.
Gen.47.10	1	H3290	And Jacob
Gen.47.10	2	H1288	blessed
Gen.47.10	3	H6547	Pharaoh,
Gen.47.10	4	H3318	and went out
Gen.47.10	5	H6440	from the presence
Gen.47.10	6	H6547	of Pharaoh.
Gen.47.11	1	H3130	And Joseph
Gen.47.11	2	H3427	placed
Gen.47.11	3	H1	his father
Gen.47.11	4	H251	and his brethren,
Gen.47.11	5	H5414	and gave
Gen.47.11	6	H272	them a possession
Gen.47.11	7	H776	in the land
Gen.47.11	8	H4714	of Egypt,
Gen.47.11	9	H4315	in the best
Gen.47.11	10	H776	of the land,
Gen.47.11	11	H776	in the land
Gen.47.11	12	H7486	of Rameses,
Gen.47.11	13	H6547	as Pharaoh
Gen.47.11	14	H6680	had commanded.
Gen.47.12	1	H3130	And Joseph
Gen.47.12	2	H3557	nourished
Gen.47.12	3	H1	his father,
Gen.47.12	4	H251	and his brethren,
Gen.47.12	5	H1	and all his father's
Gen.47.12	6	H1004	household,
Gen.47.12	7	H3899	with bread,
Gen.47.12	8	H6310	according
Gen.47.12	9	H2945	to their families.
Gen.47.13	1	H3899	And there was no bread
Gen.47.13	2	H776	in all the land;
Gen.47.13	3	H7458	for the famine
Gen.47.13	4	H3966	was very
Gen.47.13	5	H3515	sore,
Gen.47.13	6	H776	so that the land
Gen.47.13	7	H4714	of Egypt
Gen.47.13	8	H776	and the land
Gen.47.13	9	H3667	of Canaan
Gen.47.13	10	H3856	fainted
Gen.47.13	11	H6440	by reason
Gen.47.13	12	H7458	of the famine.
Gen.47.14	1	H3130	And Joseph
Gen.47.14	2	H3950	gathered up
Gen.47.14	3	H3701	all the money
Gen.47.14	4	H4672	that was found
Gen.47.14	5	H776	in the land
Gen.47.14	6	H4714	of Egypt,
Gen.47.14	7	H776	and in the land
Gen.47.14	8	H3667	of Canaan,
Gen.47.14	9	H7668	for the grain
Gen.47.14	10	H7666	which they bought:
Gen.47.14	11	H3130	and Joseph
Gen.47.14	12	H935	brought
Gen.47.14	13	H3701	the money
Gen.47.14	14	H6547	into Pharaoh's
Gen.47.14	15	H1004	house.
Gen.47.15	1	H3701	And when the money
Gen.47.15	2	H8552	was all spent
Gen.47.15	3	H776	in the land
Gen.47.15	4	H4714	of Egypt,
Gen.47.15	5	H776	and in the land
Gen.47.15	6	H3667	of Canaan,
Gen.47.15	7	H4714	all the Egyptians
Gen.47.15	8	H935	came
Gen.47.15	9	H3130	unto Joseph,
Gen.47.15	10	H559	and said,
Gen.47.15	11	H3051	Give
Gen.47.15	12	H3899	us bread:
Gen.47.15	13	H4191	for why should we die
Gen.47.15	14	H3701	in thy presence? for our money
Gen.47.15	15	H656	faileth.
Gen.47.16	1	H3130	And Joseph
Gen.47.16	2	H559	said,
Gen.47.16	3	H3051	Give
Gen.47.16	4	H4735	your cattle;
Gen.47.16	5	H5414	and I will give
Gen.47.16	6	H4735	you for your cattle,
Gen.47.16	7	H3701	if money
Gen.47.16	8	H656	fail.
Gen.47.17	1	H935	And they brought
Gen.47.17	2	H4735	their cattle
Gen.47.17	3	H3130	unto Joseph;
Gen.47.17	4	H3130	and Joseph
Gen.47.17	5	H5414	gave
Gen.47.17	6	H3899	them bread
Gen.47.17	7	H5483	in exchange for the horses,
Gen.47.17	8	H6629	and for the flocks,
Gen.47.17	9	H4735	and for the
Gen.47.17	10	H1241	herds,
Gen.47.17	11	H2543	and for the asses:
Gen.47.17	12	H5095	and he fed
Gen.47.17	13	H3899	them with bread
Gen.47.17	14	H4735	in exchange for all their cattle
Gen.47.17	15	H8141	for that year.
Gen.47.18	1	H8141	And when that year
Gen.47.18	2	H8552	was ended,
Gen.47.18	3	H935	they came
Gen.47.18	4	H8145	unto him the second
Gen.47.18	5	H8141	year,
Gen.47.18	6	H559	and said
Gen.47.18	7	H3582	unto him, We will not hide
Gen.47.18	8	H113	from my lord,
Gen.47.18	9	H3701	how that our money
Gen.47.18	10	H8552	is all spent;
Gen.47.18	11	H4735	and the herds
Gen.47.18	12	H929	of cattle
Gen.47.18	13	H413	are my
Gen.47.18	14	H113	lord's;
Gen.47.18	15	H7604	there is nought left
Gen.47.18	16	H6440	in the sight
Gen.47.18	17	H113	of my lord,
Gen.47.18	18	H1472	but our bodies,
Gen.47.18	19	H127	and our lands:
Gen.47.19	1	H4191	wherefore should we die
Gen.47.19	2	H5869	before thine eyes,
Gen.47.19	3	H127	both we and our land?
Gen.47.19	4	H7069	buy
Gen.47.19	5	H127	us and our land
Gen.47.19	6	H3899	for bread,
Gen.47.19	7	H127	and we and our land
Gen.47.19	8	H5650	will be servants
Gen.47.19	9	H6547	unto Pharaoh:
Gen.47.19	10	H5414	and give
Gen.47.19	11	H2233	us seed,
Gen.47.19	12	H2421	that we may live,
Gen.47.19	13	H4191	and not die,
Gen.47.19	14	H127	and that the land
Gen.47.19	15	H3456	be not desolate.
Gen.47.20	1	H3130	So Joseph
Gen.47.20	2	H7069	bought
Gen.47.20	3	H127	all the land
Gen.47.20	4	H4714	of Egypt
Gen.47.20	5	H6547	for Pharaoh;
Gen.47.20	6	H4714	for the Egyptians
Gen.47.20	7	H4376	sold
Gen.47.20	8	H376	every man
Gen.47.20	9	H7704	his field,
Gen.47.20	10	H7458	because the famine
Gen.47.20	11	H2388	was sore
Gen.47.20	12	H776	upon them: and the land
Gen.47.20	13	H6547	became Pharaoh's.
Gen.47.21	1	H5971	And as for the people,
Gen.47.21	2	H5674	he removed
Gen.47.21	3	H5892	them to the cities
Gen.47.21	4	H7097	from one end
Gen.47.21	5	H1366	of the border
Gen.47.21	6	H4714	of Egypt
Gen.47.21	7	H7097	even to the other end thereof.
Gen.47.22	1	H127	Only the land
Gen.47.22	2	H3548	of the priests
Gen.47.22	3	H7069	bought he
Gen.47.22	4	H3548	not: for the priests
Gen.47.22	5	H2706	had a portion
Gen.47.22	6	H6547	from Pharaoh,
Gen.47.22	7	H398	and did eat
Gen.47.22	8	H2706	their portion
Gen.47.22	9	H6547	which Pharaoh
Gen.47.22	10	H5414	gave
Gen.47.22	11	H4376	them; wherefore they sold
Gen.47.22	12	H127	not their land.
Gen.47.23	1	H3130	Then Joseph
Gen.47.23	2	H559	said
Gen.47.23	3	H5971	unto the people,
Gen.47.23	4	H7069	Behold, I have bought
Gen.47.23	5	H3117	you this day
Gen.47.23	6	H127	and your land
Gen.47.23	7	H6547	for Pharaoh:
Gen.47.23	8	H1887	lo,
Gen.47.23	9	H2233	here is seed
Gen.47.23	10	H2232	for you, and ye shall sow
Gen.47.23	11	H127	the land.
Gen.47.24	1	H8393	And it shall come to pass at the ingatherings,
Gen.47.24	2	H5414	that ye shall give
Gen.47.24	3	H2549	a fifth
Gen.47.24	4	H6547	unto Pharaoh,
Gen.47.24	5	H702	and four
Gen.47.24	6	H3027	parts
Gen.47.24	7	H2233	shall be your own, for seed
Gen.47.24	8	H7704	of the field,
Gen.47.24	9	H400	and for your food,
Gen.47.24	10	H1004	and for them of your households,
Gen.47.24	11	H398	and for food
Gen.47.24	12	H2945	for your little ones.
Gen.47.25	1	H559	And they said,
Gen.47.25	2	H2421	Thou hast saved our lives:
Gen.47.25	3	H4672	let us find
Gen.47.25	4	H2580	favor
Gen.47.25	5	H5869	in the sight
Gen.47.25	6	H113	of my lord,
Gen.47.25	7	H6547	and we will be Pharaoh's
Gen.47.25	8	H5650	servants.
Gen.47.26	1	H3130	And Joseph
Gen.47.26	2	H7760	made
Gen.47.26	3	H2706	it a statute
Gen.47.26	4	H127	concerning the land
Gen.47.26	5	H4714	of Egypt
Gen.47.26	6	H3117	unto this day,
Gen.47.26	7	H6547	that Pharaoh
Gen.47.26	8	H2569	should have the fifth;
Gen.47.26	9	H127	only the land
Gen.47.26	10	H3548	of the priests
Gen.47.26	11	H7535	alone became not
Gen.47.26	12	H6547	Pharaoh's.
Gen.47.27	1	H3478	And Israel
Gen.47.27	2	H3427	dwelt
Gen.47.27	3	H776	in the land
Gen.47.27	4	H4714	of Egypt,
Gen.47.27	5	H776	in the land
Gen.47.27	6	H1657	of Goshen;
Gen.47.27	7	H270	and they gat them possessions
Gen.47.27	8	H6509	therein, and were fruitful,
Gen.47.27	9	H7235	and multiplied
Gen.47.27	10	H3966	exceedingly.
Gen.47.28	1	H3290	And Jacob
Gen.47.28	2	H2421	lived
Gen.47.28	3	H776	in the land
Gen.47.28	4	H4714	of Egypt
Gen.47.28	5	H6240	seventeen
Gen.47.28	6	H8141	years:
Gen.47.28	7	H3290	so the days of Jacob,
Gen.47.28	8	H8141	the years
Gen.47.28	9	H3967	of his life, were a hundred
Gen.47.28	10	H705	forty
Gen.47.28	11	H7651	and seven
Gen.47.28	12	H8141	years.
Gen.47.29	1	H3117	And the time
Gen.47.29	2	H7126	drew near
Gen.47.29	3	H3478	that Israel
Gen.47.29	4	H4191	must die:
Gen.47.29	5	H7121	and he called
Gen.47.29	6	H1121	his son
Gen.47.29	7	H3130	Joseph,
Gen.47.29	8	H559	and said
Gen.47.29	9	H4672	unto him, If now I have found
Gen.47.29	10	H2580	favor
Gen.47.29	11	H5869	in thy sight,
Gen.47.29	12	H7760	put,
Gen.47.29	13	H3027	I pray thee, thy hand
Gen.47.29	14	H3409	under my thigh,
Gen.47.29	15	H6213	and deal
Gen.47.29	16	H2617	kindly
Gen.47.29	17	H571	and truly
Gen.47.29	18	H6912	with me: bury
Gen.47.29	19	H4714	me not, I pray thee, in Egypt;
Gen.47.30	1	H7901	but when I sleep
Gen.47.30	2	H1	with my fathers,
Gen.47.30	3	H5375	thou shalt carry
Gen.47.30	4	H4714	me out of Egypt,
Gen.47.30	5	H6912	and bury
Gen.47.30	6	H6900	me in their burying-place.
Gen.47.30	7	H559	And he said,
Gen.47.30	8	H6213	I will do
Gen.47.30	9	H1697	as thou hast said.
Gen.47.31	1	H559	And he said,
Gen.47.31	2	H7650	Swear
Gen.47.31	3	H7650	unto me: and he sware
Gen.47.31	4	H3478	unto him. And Israel
Gen.47.31	5	H7812	bowed
Gen.47.31	6	H4296	himself upon the bed's
Gen.47.31	7	H7218	head.
Gen.48.1	1	H310	And it came to pass after
Gen.48.1	2	H1697	these things,
Gen.48.1	3	H559	that one said
Gen.48.1	4	H3130	to Joseph,
Gen.48.1	5	H1	Behold, thy father
Gen.48.1	6	H2470	is sick:
Gen.48.1	7	H3947	and he took
Gen.48.1	8	H8147	with him his two
Gen.48.1	9	H1121	sons,
Gen.48.1	10	H4519	Manasseh
Gen.48.1	11	H669	and Ephraim.
Gen.48.2	1	H5046	And one told
Gen.48.2	2	H3290	Jacob,
Gen.48.2	3	H559	and said,
Gen.48.2	4	H1121	Behold, thy son
Gen.48.2	5	H3130	Joseph
Gen.48.2	6	H935	cometh
Gen.48.2	7	H3478	unto thee: and Israel
Gen.48.2	8	H2388	strengthened
Gen.48.2	9	H3427	himself, and sat
Gen.48.2	10	H4296	upon the bed.
Gen.48.3	1	H3290	And Jacob
Gen.48.3	2	H559	said
Gen.48.3	3	H3130	unto Joseph,
Gen.48.3	4	H410	God
Gen.48.3	5	H7706	Almighty
Gen.48.3	6	H7200	appeared
Gen.48.3	7	H3870	unto me at Luz
Gen.48.3	8	H776	in the land
Gen.48.3	9	H3667	of Canaan,
Gen.48.3	10	H1288	and blessed me,
Gen.48.4	1	H559	and said
Gen.48.4	2	H6509	unto me, Behold, I will make thee fruitful,
Gen.48.4	3	H7235	and multiply
Gen.48.4	4	H5414	thee, and I will make
Gen.48.4	5	H6951	of thee a company
Gen.48.4	6	H5971	of peoples,
Gen.48.4	7	H5414	and will give
Gen.48.4	8	H776	this land
Gen.48.4	9	H2233	to thy seed
Gen.48.4	10	H310	after thee
Gen.48.4	11	H5769	for an everlasting
Gen.48.4	12	H272	possession.
Gen.48.5	1	H8147	And now thy two
Gen.48.5	2	H1121	sons,
Gen.48.5	3	H3205	who were born
Gen.48.5	4	H776	unto thee in the land
Gen.48.5	5	H4714	of Egypt
Gen.48.5	6	H5704	before
Gen.48.5	7	H935	I came
Gen.48.5	8	H4714	unto thee into Egypt,
Gen.48.5	9	H669	are mine; Ephraim
Gen.48.5	10	H4519	and Manasseh,
Gen.48.5	11	H7205	even as Reuben
Gen.48.5	12	H8095	and Simeon, shall be mine.
Gen.48.6	1	H4138	And thy issue,
Gen.48.6	2	H3205	that thou begettest
Gen.48.6	3	H310	after
Gen.48.6	4	H7121	them, shall be thine; they shall be called
Gen.48.6	5	H5921	after
Gen.48.6	6	H8034	the name
Gen.48.6	7	H251	of their brethren
Gen.48.6	8	H5159	in their inheritance.
Gen.48.7	1	H935	And as for me, when I came
Gen.48.7	2	H6307	from Paddan,
Gen.48.7	3	H7354	Rachel
Gen.48.7	4	H4191	died
Gen.48.7	5	H776	by me in the land
Gen.48.7	6	H3667	of Canaan
Gen.48.7	7	H1870	in the way,
Gen.48.7	8	H5750	when
Gen.48.7	9	H3530	there was still some
Gen.48.7	10	H776	distance
Gen.48.7	11	H935	to come
Gen.48.7	12	H672	unto Ephrath:
Gen.48.7	13	H6912	and I buried her
Gen.48.7	14	H1870	there in the way
Gen.48.7	15	H672	to Ephrath
Gen.48.7	16	H1035	(the same is Beth-lehem).
Gen.48.8	1	H3478	And Israel
Gen.48.8	2	H7200	beheld
Gen.48.8	3	H3130	Joseph's
Gen.48.8	4	H1121	sons,
Gen.48.8	5	H559	and said, Who are these?
Gen.48.9	1	H3130	And Joseph
Gen.48.9	2	H559	said
Gen.48.9	3	H1	unto his father,
Gen.48.9	4	H1121	They are my sons,
Gen.48.9	5	H430	whom God
Gen.48.9	6	H5414	hath given
Gen.48.9	7	H559	me here. And he said,
Gen.48.9	8	H3947	Bring them,
Gen.48.9	9	H1288	I pray thee, unto me, and I will bless them.
Gen.48.10	1	H5869	Now the eyes
Gen.48.10	2	H3478	of Israel
Gen.48.10	3	H3513	were dim
Gen.48.10	4	H2207	for age,
Gen.48.10	5	H3201	so that he could
Gen.48.10	6	H7200	not see.
Gen.48.10	7	H5066	And he brought them near
Gen.48.10	8	H5401	unto him; and he kissed
Gen.48.10	9	H2263	them, and embraced them.
Gen.48.11	1	H3478	And Israel
Gen.48.11	2	H559	said
Gen.48.11	3	H3130	unto Joseph,
Gen.48.11	4	H6419	I had not thought
Gen.48.11	5	H7200	to see
Gen.48.11	6	H6440	thy face:
Gen.48.11	7	H430	and, lo, God
Gen.48.11	8	H7200	hath let me see
Gen.48.11	9	H2233	thy seed also.
Gen.48.12	1	H3130	And Joseph
Gen.48.12	2	H3318	brought them out
Gen.48.12	3	H5973	from between
Gen.48.12	4	H1290	his knees;
Gen.48.12	5	H7812	and he bowed
Gen.48.12	6	H639	himself with his face
Gen.48.12	7	H776	to the earth.
Gen.48.13	1	H3130	And Joseph
Gen.48.13	2	H3947	took
Gen.48.13	3	H8147	them both,
Gen.48.13	4	H669	Ephraim
Gen.48.13	5	H3225	in his right hand
Gen.48.13	6	H3478	toward Israel's
Gen.48.13	7	H8040	left hand,
Gen.48.13	8	H4519	and Manasseh
Gen.48.13	9	H8040	in his left hand
Gen.48.13	10	H3478	toward Israel's
Gen.48.13	11	H3225	right hand,
Gen.48.13	12	H5066	and brought them near unto him.
Gen.48.14	1	H3478	And Israel
Gen.48.14	2	H7971	stretched out
Gen.48.14	3	H3225	his right hand,
Gen.48.14	4	H7896	and laid
Gen.48.14	5	H669	it upon Ephraim's
Gen.48.14	6	H7218	head,
Gen.48.14	7	H6810	who was the younger,
Gen.48.14	8	H8040	and his left hand
Gen.48.14	9	H4519	upon Manasseh's
Gen.48.14	10	H7218	head,
Gen.48.14	11	H7919	guiding
Gen.48.14	12	H3027	his hands
Gen.48.14	13	H7919	wittingly;
Gen.48.14	14	H4519	for Manasseh
Gen.48.14	15	H1060	was the first-born.
Gen.48.15	1	H1288	And he blessed
Gen.48.15	2	H3130	Joseph,
Gen.48.15	3	H559	and said,
Gen.48.15	4	H430	The God
Gen.48.15	5	H6440	before
Gen.48.15	6	H1	whom my fathers
Gen.48.15	7	H85	Abraham
Gen.48.15	8	H3327	and Isaac
Gen.48.15	9	H1980	did walk,
Gen.48.15	10	H430	the God
Gen.48.15	11	H7462	who hath fed
Gen.48.15	12	H5750	me all my life long
Gen.48.15	13	H3117	unto this day,
Gen.48.16	1	H4397	the angel
Gen.48.16	2	H1350	who hath redeemed
Gen.48.16	3	H7451	me from all evil,
Gen.48.16	4	H1288	bless
Gen.48.16	5	H5288	the lads;
Gen.48.16	6	H8034	and let my name
Gen.48.16	7	H8034	be named
Gen.48.16	8	H8034	on them, and the name
Gen.48.16	9	H1	of my fathers
Gen.48.16	10	H85	Abraham
Gen.48.16	11	H3327	and Isaac;
Gen.48.16	12	H1711	and let them grow
Gen.48.16	13	H7230	into a multitude
Gen.48.16	14	H7130	in the midst
Gen.48.16	15	H776	of the earth.
Gen.48.17	1	H3130	And when Joseph
Gen.48.17	2	H7200	saw
Gen.48.17	3	H1	that his father
Gen.48.17	4	H7896	laid
Gen.48.17	5	H3225	his right
Gen.48.17	6	H3027	hand
Gen.48.17	7	H7218	upon the head
Gen.48.17	8	H669	of Ephraim,
Gen.48.17	9	H3415	it displeased
Gen.48.17	10	H8551	him: and he held up
Gen.48.17	11	H1	his father's
Gen.48.17	12	H3027	hand,
Gen.48.17	13	H5493	to remove
Gen.48.17	14	H669	it from Ephraim's
Gen.48.17	15	H7218	head
Gen.48.17	16	H4519	unto Manasseh's
Gen.48.17	17	H7218	head.
Gen.48.18	1	H3130	And Joseph
Gen.48.18	2	H559	said
Gen.48.18	3	H1	unto his father,
Gen.48.18	4	H1	Not so, my father;
Gen.48.18	5	H1060	for this is the first-born;
Gen.48.18	6	H7760	put
Gen.48.18	7	H3225	thy right hand
Gen.48.18	8	H7218	upon his head.
Gen.48.19	1	H1	And his father
Gen.48.19	2	H3985	refused,
Gen.48.19	3	H559	and said,
Gen.48.19	4	H3045	I know
Gen.48.19	5	H1121	it, my son,
Gen.48.19	6	H3045	I know
Gen.48.19	7	H5971	it; he also shall become a people,
Gen.48.19	8	H1431	and he also shall be great:
Gen.48.19	9	H199	howbeit
Gen.48.19	10	H6996	his younger
Gen.48.19	11	H251	brother
Gen.48.19	12	H1431	shall be greater
Gen.48.19	13	H2233	than he, and his seed
Gen.48.19	14	H4393	shall become a multitude
Gen.48.19	15	H1471	of nations.
Gen.48.20	1	H1288	And he blessed
Gen.48.20	2	H3117	them that day,
Gen.48.20	3	H559	saying,
Gen.48.20	4	H3478	In thee will Israel
Gen.48.20	5	H1288	bless,
Gen.48.20	6	H559	saying,
Gen.48.20	7	H430	God
Gen.48.20	8	H7760	make
Gen.48.20	9	H669	thee as Ephraim
Gen.48.20	10	H4519	and as Manasseh:
Gen.48.20	11	H7760	and he set
Gen.48.20	12	H669	Ephraim
Gen.48.20	13	H6440	before
Gen.48.20	14	H4519	Manasseh.
Gen.48.21	1	H3478	And Israel
Gen.48.21	2	H559	said
Gen.48.21	3	H3130	unto Joseph,
Gen.48.21	4	H4191	Behold, I die:
Gen.48.21	5	H430	but God
Gen.48.21	6	H7725	will be with you, and bring you again
Gen.48.21	7	H776	unto the land
Gen.48.21	8	H1	of your fathers.
Gen.48.22	1	H5414	Moreover I have given
Gen.48.22	2	H259	to thee one
Gen.48.22	3	H7926	portion
Gen.48.22	4	H251	above thy brethren,
Gen.48.22	5	H3947	which I took
Gen.48.22	6	H3027	out of the hand
Gen.48.22	7	H567	of the Amorite
Gen.48.22	8	H2719	with my sword
Gen.48.22	9	H7198	and with my bow.
Gen.49.1	1	H3290	And Jacob
Gen.49.1	2	H7121	called
Gen.49.1	3	H1121	unto his sons,
Gen.49.1	4	H559	and said:
Gen.49.1	5	H622	Gather yourselves together,
Gen.49.1	6	H5046	that I may tell
Gen.49.1	7	H7122	you that which shall befall
Gen.49.1	8	H319	you in the latter
Gen.49.1	9	H3117	days.
Gen.49.2	1	H6908	Assemble yourselves,
Gen.49.2	2	H8085	and hear,
Gen.49.2	3	H1121	ye sons
Gen.49.2	4	H3290	of Jacob;
Gen.49.2	5	H8085	And hearken
Gen.49.2	6	H3478	unto Israel
Gen.49.2	7	H1	your father.
Gen.49.3	1	H7205	Reuben,
Gen.49.3	2	H1060	thou art my first-born,
Gen.49.3	3	H3581	my might,
Gen.49.3	4	H7225	and the beginning
Gen.49.3	5	H202	of my strength;
Gen.49.3	6	H3499	The pre-eminence
Gen.49.3	7	H7613	of dignity,
Gen.49.3	8	H3499	and the pre-eminence
Gen.49.3	9	H5794	of power.
Gen.49.4	1	H6349	Boiling
Gen.49.4	2	H4325	over as water,
Gen.49.4	3	H3498	thou shalt not have the pre-eminence;
Gen.49.4	4	H5927	Because thou wentest up
Gen.49.4	5	H1	to thy father's
Gen.49.4	6	H4904	bed;
Gen.49.4	7	H2490	Then defiledst thou
Gen.49.4	8	H5927	it: he went up
Gen.49.4	9	H3326	to my couch.
Gen.49.5	1	H8095	Simeon
Gen.49.5	2	H3878	and Levi
Gen.49.5	3	H251	are brethren;
Gen.49.5	4	H3627	Weapons
Gen.49.5	5	H2555	of violence
Gen.49.5	6	H4380	are their swords.
Gen.49.6	1	H5315	O my soul,
Gen.49.6	2	H935	come
Gen.49.6	3	H5475	not thou into their council;
Gen.49.6	4	H6951	Unto their assembly,
Gen.49.6	5	H3519	my glory,
Gen.49.6	6	H3161	be not thou united;
Gen.49.6	7	H639	For in their anger
Gen.49.6	8	H2026	they slew
Gen.49.6	9	H376	a man,
Gen.49.6	10	H7522	And in their self-will
Gen.49.6	11	H6131	they hocked
Gen.49.6	12	H7794	an ox.
Gen.49.7	1	H779	Cursed
Gen.49.7	2	H639	be their anger,
Gen.49.7	3	H5794	for it was fierce;
Gen.49.7	4	H5678	And their wrath,
Gen.49.7	5	H7185	for it was cruel:
Gen.49.7	6	H2505	I will divide
Gen.49.7	7	H3290	them in Jacob,
Gen.49.7	8	H6327	And scatter
Gen.49.7	9	H3478	them in Israel.
Gen.49.8	1	H3063	Judah,
Gen.49.8	2	H251	thee shall thy brethren
Gen.49.8	3	H3034	praise:
Gen.49.8	4	H3027	Thy hand
Gen.49.8	5	H6203	shall be on the neck
Gen.49.8	6	H341	of thine enemies;
Gen.49.8	7	H1	Thy father's
Gen.49.8	8	H1121	sons
Gen.49.8	9	H7812	shall bow down before thee.
Gen.49.9	1	H3063	Judah
Gen.49.9	2	H738	is a lion's
Gen.49.9	3	H1482	whelp;
Gen.49.9	4	H2964	From the prey,
Gen.49.9	5	H1121	my son,
Gen.49.9	6	H5927	thou art gone up:
Gen.49.9	7	H3766	He stooped down,
Gen.49.9	8	H7257	he couched
Gen.49.9	9	H3833	as a lion,
Gen.49.9	10	H3833	And as a lioness;
Gen.49.9	11	H6965	who shall rouse him up?
Gen.49.10	1	H7626	The sceptre
Gen.49.10	2	H5493	shall not depart
Gen.49.10	3	H3063	from Judah,
Gen.49.10	4	H2710	Nor the ruler's
Gen.49.10	5	H7272	staff from between his feet,
Gen.49.10	6	H3588	Until
Gen.49.10	7	H7886	Shiloh
Gen.49.10	8	H935	come;
Gen.49.10	9	H3349	And unto him shall the obedience
Gen.49.10	10	H5971	of the peoples be.
Gen.49.11	1	H631	Binding
Gen.49.11	2	H5895	his foal
Gen.49.11	3	H1612	unto the vine,
Gen.49.11	4	H860	And his ass's
Gen.49.11	5	H1121	colt
Gen.49.11	6	H8321	unto the choice vine;
Gen.49.11	7	H3526	He hath washed
Gen.49.11	8	H3830	his garments
Gen.49.11	9	H3196	in wine,
Gen.49.11	10	H5497	And his vesture
Gen.49.11	11	H1818	in the blood
Gen.49.11	12	H6025	of grapes:
Gen.49.12	1	H5869	His eyes
Gen.49.12	2	H2447	shall be red
Gen.49.12	3	H3196	with wine,
Gen.49.12	4	H8127	And his teeth
Gen.49.12	5	H3836	white
Gen.49.12	6	H2461	with milk.
Gen.49.13	1	H2074	Zebulun
Gen.49.13	2	H7931	shall dwell
Gen.49.13	3	H2348	at the haven
Gen.49.13	4	H3220	of the sea;
Gen.49.13	5	H2348	And he shall be for a haven
Gen.49.13	6	H591	of ships;
Gen.49.13	7	H3411	And his border
Gen.49.13	8	H6721	shall be upon Sidon.
Gen.49.14	1	H3485	Issachar
Gen.49.14	2	H1634	is a strong
Gen.49.14	3	H2543	ass,
Gen.49.14	4	H7257	Couching down
Gen.49.14	5	H4942	between the sheepfolds:
Gen.49.15	1	H7200	And he saw
Gen.49.15	2	H4496	a resting-place
Gen.49.15	3	H2896	that it was good,
Gen.49.15	4	H776	And the land
Gen.49.15	5	H5276	that it was pleasant;
Gen.49.15	6	H5186	And he bowed
Gen.49.15	7	H7926	his shoulder
Gen.49.15	8	H5445	to bear,
Gen.49.15	9	H5647	And became a servant
Gen.49.15	10	H4522	under taskwork.
Gen.49.16	1	H1835	Dan
Gen.49.16	2	H1777	shall judge
Gen.49.16	3	H5971	his people,
Gen.49.16	4	H259	As one
Gen.49.16	5	H7626	of the tribes
Gen.49.16	6	H3478	of Israel.
Gen.49.17	1	H1835	Dan
Gen.49.17	2	H5175	shall be a serpent
Gen.49.17	3	H1870	in the way,
Gen.49.17	4	H8207	An adder
Gen.49.17	5	H734	in the path,
Gen.49.17	6	H5391	That biteth
Gen.49.17	7	H5483	the horse's
Gen.49.17	8	H6119	heels,
Gen.49.17	9	H7392	So that his rider
Gen.49.17	10	H5307	falleth
Gen.49.17	11	H268	backward.
Gen.49.18	1	H6960	I have waited for
Gen.49.18	2	H3444	thy salvation,
Gen.49.18	3	H3068	O Jehovah.
Gen.49.19	1	H1410	Gad,
Gen.49.19	2	H1416	a troop
Gen.49.19	3	H1464	shall press
Gen.49.19	4	H1464	upon him; But he shall press
Gen.49.19	5	H6119	upon their heel.
Gen.49.20	1	H836	Out of Asher
Gen.49.20	2	H3899	his bread
Gen.49.20	3	H8082	shall be fat,
Gen.49.20	4	H5414	And he shall yield
Gen.49.20	5	H4428	royal
Gen.49.20	6	H4574	dainties.
Gen.49.21	1	H5321	Naphtali
Gen.49.21	2	H355	is a hind
Gen.49.21	3	H7971	let loose:
Gen.49.21	4	H5414	He giveth
Gen.49.21	5	H8233	goodly
Gen.49.21	6	H561	words.
Gen.49.22	1	H3130	Joseph
Gen.49.22	2	H6509	is a fruitful
Gen.49.22	3	H1121	bough,
Gen.49.22	4	H6509	A fruitful
Gen.49.22	5	H1121	bough
Gen.49.22	6	H5869	by a fountain;
Gen.49.22	7	H1323	His branches
Gen.49.22	8	H6805	run
Gen.49.22	9	H7791	over the wall.
Gen.49.23	1	H1167	The archers
Gen.49.23	2	H4843	have sorely grieved him,
Gen.49.23	3	H7232	And shot
Gen.49.23	4	H7852	at him, and persecuted him:
Gen.49.24	1	H7198	But his bow
Gen.49.24	2	H3427	abode
Gen.49.24	3	H386	in strength,
Gen.49.24	4	H2220	And the arms
Gen.49.24	5	H3027	of his hands
Gen.49.24	6	H6339	were made strong,
Gen.49.24	7	H3027	By the hands
Gen.49.24	8	H46	of the Mighty
Gen.49.24	9	H3290	One of Jacob
Gen.49.24	10	H7462	(From thence is the shepherd,
Gen.49.24	11	H68	the stone
Gen.49.24	12	H3478	of Israel),
Gen.49.25	1	H410	Even by the God
Gen.49.25	2	H1	of thy father,
Gen.49.25	3	H5826	who shall help
Gen.49.25	4	H854	thee, And by
Gen.49.25	5	H7706	the Almighty,
Gen.49.25	6	H1288	who shall bless
Gen.49.25	7	H1293	thee, With blessings
Gen.49.25	8	H8064	of heaven
Gen.49.25	9	H5920	above,
Gen.49.25	10	H1293	Blessings
Gen.49.25	11	H8415	of the deep
Gen.49.25	12	H7257	that coucheth
Gen.49.25	13	H1293	beneath, Blessings
Gen.49.25	14	H7699	of the breasts,
Gen.49.25	15	H7356	and of the womb.
Gen.49.26	1	H1293	The blessings
Gen.49.26	2	H1	of thy father
Gen.49.26	3	H1396	Have prevailed
Gen.49.26	4	H1293	above the blessings
Gen.49.26	5	H2029	of my progenitors
Gen.49.26	6	H8379	Unto the utmost bound
Gen.49.26	7	H5769	of the everlasting
Gen.49.26	8	H1389	hills:
Gen.49.26	9	H7218	They shall be on the head
Gen.49.26	10	H3130	of Joseph,
Gen.49.26	11	H6936	And on the crown of the head
Gen.49.26	12	H5139	of him that was separate
Gen.49.26	13	H251	from his brethren.
Gen.49.27	1	H1144	Benjamin
Gen.49.27	2	H2061	is a wolf
Gen.49.27	3	H2963	that raveneth:
Gen.49.27	4	H1242	In the morning
Gen.49.27	5	H398	he shall devour
Gen.49.27	6	H5706	the prey,
Gen.49.27	7	H6153	And at even
Gen.49.27	8	H2505	he shall divide
Gen.49.27	9	H7998	the spoil.
Gen.49.28	1	H6240	All these are the twelve
Gen.49.28	2	H7626	tribes
Gen.49.28	3	H3478	of Israel:
Gen.49.28	4	H1	and this is it that their father
Gen.49.28	5	H1696	spake
Gen.49.28	6	H1288	unto them and blessed
Gen.49.28	7	H834	them; every
Gen.49.28	8	H376	one
Gen.49.28	9	H1293	according to his blessing
Gen.49.28	10	H1288	he blessed them.
Gen.49.29	1	H6680	And he charged
Gen.49.29	2	H559	them, and said
Gen.49.29	3	H622	unto them, I am to be gathered
Gen.49.29	4	H5971	unto my people:
Gen.49.29	5	H6912	bury
Gen.49.29	6	H1	me with my fathers
Gen.49.29	7	H4631	in the cave
Gen.49.29	8	H7704	that is in the field
Gen.49.29	9	H6085	of Ephron
Gen.49.29	10	H2850	the Hittite,
Gen.49.30	1	H4631	in the cave
Gen.49.30	2	H7704	that is in the field
Gen.49.30	3	H4375	of Machpelah,
Gen.49.30	4	H6440	which is before
Gen.49.30	5	H4471	Mamre,
Gen.49.30	6	H776	in the land
Gen.49.30	7	H3667	of Canaan,
Gen.49.30	8	H85	which Abraham
Gen.49.30	9	H7069	bought
Gen.49.30	10	H7704	with the field
Gen.49.30	11	H6085	from Ephron
Gen.49.30	12	H2850	the Hittite
Gen.49.30	13	H272	for a possession
Gen.49.30	14	H6913	of a burying-place.
Gen.49.31	1	H6912	There they buried
Gen.49.31	2	H85	Abraham
Gen.49.31	3	H8283	and Sarah
Gen.49.31	4	H802	his wife;
Gen.49.31	5	H6912	there they buried
Gen.49.31	6	H3327	Isaac
Gen.49.31	7	H7259	and Rebekah
Gen.49.31	8	H802	his wife;
Gen.49.31	9	H6912	and there I buried
Gen.49.31	10	H3812	Leah—
Gen.49.32	1	H7704	the field
Gen.49.32	2	H4631	and the cave
Gen.49.32	3	H4735	that is therein, which was purchased
Gen.49.32	4	H1121	from the children
Gen.49.32	5	H2845	of Heth.
Gen.49.33	1	H3290	And when Jacob
Gen.49.33	2	H3615	made an end
Gen.49.33	3	H6680	of charging
Gen.49.33	4	H1121	his sons,
Gen.49.33	5	H622	he gathered up
Gen.49.33	6	H7272	his feet
Gen.49.33	7	H4296	into the bed,
Gen.49.33	8	H1478	and yielded up the ghost,
Gen.49.33	9	H622	and was gathered
Gen.49.33	10	H5971	unto his people.
Gen.50.1	1	H3130	And Joseph
Gen.50.1	2	H5307	fell
Gen.50.1	3	H1	upon his father's
Gen.50.1	4	H6440	face,
Gen.50.1	5	H1058	and wept
Gen.50.1	6	H5401	upon him, and kissed him.
Gen.50.2	1	H3130	And Joseph
Gen.50.2	2	H6680	commanded
Gen.50.2	3	H5650	his servants
Gen.50.2	4	H7495	the physicians
Gen.50.2	5	H2590	to embalm
Gen.50.2	6	H1	his father:
Gen.50.2	7	H7495	and the physicians
Gen.50.2	8	H2590	embalmed
Gen.50.2	9	H3478	Israel.
Gen.50.3	1	H705	And forty
Gen.50.3	2	H3117	days
Gen.50.3	3	H4390	were fulfilled
Gen.50.3	4	H4390	for him; for so are fulfilled
Gen.50.3	5	H3117	the days
Gen.50.3	6	H2590	of embalming:
Gen.50.3	7	H4714	and the Egyptians
Gen.50.3	8	H1058	wept
Gen.50.3	9	H7657	for him three-score and ten
Gen.50.3	10	H3117	days.
Gen.50.4	1	H3117	And when the days
Gen.50.4	2	H1068	of weeping
Gen.50.4	3	H5674	for him were past,
Gen.50.4	4	H3130	Joseph
Gen.50.4	5	H1696	spake
Gen.50.4	6	H1004	unto the house
Gen.50.4	7	H6547	of Pharaoh,
Gen.50.4	8	H559	saying,
Gen.50.4	9	H4672	If now I have found
Gen.50.4	10	H2580	favor
Gen.50.4	11	H5869	in your eyes,
Gen.50.4	12	H1696	speak,
Gen.50.4	13	H241	I pray you, in the ears
Gen.50.4	14	H6547	of Pharaoh,
Gen.50.4	15	H559	saying,
Gen.50.5	1	H1	My father
Gen.50.5	2	H7650	made me swear,
Gen.50.5	3	H559	saying,
Gen.50.5	4	H2009	Lo,
Gen.50.5	5	H4191	I die:
Gen.50.5	6	H6913	in my grave
Gen.50.5	7	H3738	which I have digged
Gen.50.5	8	H776	for me in the land
Gen.50.5	9	H3667	of Canaan,
Gen.50.5	10	H6912	there shalt thou bury me.
Gen.50.5	11	H5927	Now therefore let me go up,
Gen.50.5	12	H6912	I pray thee, and bury
Gen.50.5	13	H1	my father,
Gen.50.5	14	H7725	and I will come again.
Gen.50.6	1	H6547	And Pharaoh
Gen.50.6	2	H559	said,
Gen.50.6	3	H5927	Go up,
Gen.50.6	4	H6912	and bury
Gen.50.6	5	H1	thy father,
Gen.50.6	6	H7650	according as he made thee swear.
Gen.50.7	1	H3130	And Joseph
Gen.50.7	2	H5927	went up
Gen.50.7	3	H6912	to bury
Gen.50.7	4	H1	his father;
Gen.50.7	5	H5927	and with him went up
Gen.50.7	6	H5650	all the servants
Gen.50.7	7	H6547	of Pharaoh,
Gen.50.7	8	H2205	the elders
Gen.50.7	9	H1004	of his house,
Gen.50.7	10	H2205	and all the elders
Gen.50.7	11	H776	of the land
Gen.50.7	12	H4714	of Egypt,
Gen.50.8	1	H1004	and all the house
Gen.50.8	2	H3130	of Joseph,
Gen.50.8	3	H251	and his brethren,
Gen.50.8	4	H1	and his father's
Gen.50.8	5	H1004	house:
Gen.50.8	6	H2945	only their little ones,
Gen.50.8	7	H6629	and their flocks,
Gen.50.8	8	H1241	and their herds,
Gen.50.8	9	H5800	they left
Gen.50.8	10	H776	in the land
Gen.50.8	11	H1657	of Goshen.
Gen.50.9	1	H5927	And there went up
Gen.50.9	2	H7393	with him both chariots
Gen.50.9	3	H6571	and horsemen:
Gen.50.9	4	H3966	and it was a very
Gen.50.9	5	H3515	great
Gen.50.9	6	H4264	company.
Gen.50.10	1	H935	And they came
Gen.50.10	2	H1637	to the threshing-floor
Gen.50.10	3	H329	of Atad,
Gen.50.10	4	H5676	which is beyond
Gen.50.10	5	H3383	the Jordan,
Gen.50.10	6	H5594	and there they lamented
Gen.50.10	7	H3966	with a very
Gen.50.10	8	H1419	great
Gen.50.10	9	H3515	and sore
Gen.50.10	10	H4553	lamentation:
Gen.50.10	11	H6213	and he made
Gen.50.10	12	H60	a mourning
Gen.50.10	13	H1	for his father
Gen.50.10	14	H7651	seven
Gen.50.10	15	H3117	days.
Gen.50.11	1	H3427	And when the inhabitants
Gen.50.11	2	H776	of the land,
Gen.50.11	3	H3669	the Canaanites,
Gen.50.11	4	H7200	saw
Gen.50.11	5	H60	the mourning
Gen.50.11	6	H1637	in the floor
Gen.50.11	7	H329	of Atad,
Gen.50.11	8	H559	they said,
Gen.50.11	9	H3515	This is a grievous
Gen.50.11	10	H60	mourning
Gen.50.11	11	H4714	to the Egyptians:
Gen.50.11	12	H8034	wherefore the name of it
Gen.50.11	13	H7121	was called
Gen.50.11	14	H67	Abel-mizraim,
Gen.50.11	15	H5676	which is beyond
Gen.50.11	16	H3383	the Jordan.
Gen.50.12	1	H1121	And his sons
Gen.50.12	2	H6213	did
Gen.50.12	3	H6680	unto him according as he commanded them:
Gen.50.13	1	H1121	for his sons
Gen.50.13	2	H5375	carried
Gen.50.13	3	H776	him into the land
Gen.50.13	4	H3667	of Canaan,
Gen.50.13	5	H6912	and buried
Gen.50.13	6	H4631	him in the cave
Gen.50.13	7	H7704	of the field
Gen.50.13	8	H4375	of Machpelah,
Gen.50.13	9	H85	which Abraham
Gen.50.13	10	H7069	bought
Gen.50.13	11	H7704	with the field,
Gen.50.13	12	H272	for a possession
Gen.50.13	13	H6913	of a burying-place,
Gen.50.13	14	H6085	of Ephron
Gen.50.13	15	H2850	the Hittite,
Gen.50.13	16	H6440	before
Gen.50.13	17	H4471	Mamre.
Gen.50.14	1	H3130	And Joseph
Gen.50.14	2	H7725	returned
Gen.50.14	3	H4714	into Egypt,
Gen.50.14	4	H251	he, and his brethren,
Gen.50.14	5	H5927	and all that went up
Gen.50.14	6	H6912	with him to bury
Gen.50.14	7	H1	his father,
Gen.50.14	8	H310	after
Gen.50.14	9	H6912	he had buried
Gen.50.14	10	H1	his father.
Gen.50.15	1	H3130	And when Joseph's
Gen.50.15	2	H251	brethren
Gen.50.15	3	H7200	saw
Gen.50.15	4	H1	that their father
Gen.50.15	5	H4191	was dead,
Gen.50.15	6	H559	they said,
Gen.50.15	7	H3863	It may be
Gen.50.15	8	H3130	that Joseph
Gen.50.15	9	H7852	will hate us,
Gen.50.15	10	H7725	and will fully
Gen.50.15	11	H7725	requite
Gen.50.15	12	H7451	us all the evil
Gen.50.15	13	H1580	which we did unto him.
Gen.50.16	1	H6680	And they sent a message
Gen.50.16	2	H3130	unto Joseph,
Gen.50.16	3	H559	saying,
Gen.50.16	4	H1	Thy father
Gen.50.16	5	H6680	did command
Gen.50.16	6	H6440	before
Gen.50.16	7	H4194	he died,
Gen.50.16	8	H559	saying,
Gen.50.17	1	H559	So shall ye say
Gen.50.17	2	H3130	unto Joseph,
Gen.50.17	3	H5375	Forgive,
Gen.50.17	4	H577	I pray thee
Gen.50.17	5	H6588	now, the transgression
Gen.50.17	6	H251	of thy brethren,
Gen.50.17	7	H2403	and their sin,
Gen.50.17	8	H1580	for that they did
Gen.50.17	9	H7451	unto thee evil.
Gen.50.17	10	H5375	And now, we pray thee, forgive
Gen.50.17	11	H6588	the transgression
Gen.50.17	12	H5650	of the servants
Gen.50.17	13	H430	of the God
Gen.50.17	14	H1	of thy father.
Gen.50.17	15	H3130	And Joseph
Gen.50.17	16	H1058	wept
Gen.50.17	17	H1696	when they spake unto him.
Gen.50.18	1	H251	And his brethren
Gen.50.18	2	H3212	also went
Gen.50.18	3	H5307	and fell down
Gen.50.18	4	H6440	before his face;
Gen.50.18	5	H559	and they said,
Gen.50.18	6	H5650	Behold, we are thy servants.
Gen.50.19	1	H3130	And Joseph
Gen.50.19	2	H559	said
Gen.50.19	3	H3372	unto them, Fear
Gen.50.19	4	H430	not: for am I in the place of God?
Gen.50.20	1	H2803	And as for you, ye meant
Gen.50.20	2	H7451	evil
Gen.50.20	3	H430	against me; but God
Gen.50.20	4	H2803	meant it
Gen.50.20	5	H2896	for good,
Gen.50.20	6	H4616	to
Gen.50.20	7	H6213	bring to pass,
Gen.50.20	8	H3117	as it is this day,
Gen.50.20	9	H2421	to save
Gen.50.20	10	H7227	much
Gen.50.20	11	H5971	people
Gen.50.20	12	H2421	alive.
Gen.50.21	1	H3372	Now therefore fear
Gen.50.21	2	H3557	ye not: I will nourish
Gen.50.21	3	H2945	you, and your little ones.
Gen.50.21	4	H5162	And he comforted
Gen.50.21	5	H1696	them, and spake
Gen.50.21	6	H3820	kindly unto them.
Gen.50.22	1	H3130	And Joseph
Gen.50.22	2	H3427	dwelt
Gen.50.22	3	H4714	in Egypt,
Gen.50.22	4	H1	he, and his father's
Gen.50.22	5	H1004	house:
Gen.50.22	6	H3130	and Joseph
Gen.50.22	7	H2421	lived
Gen.50.22	8	H3967	a hundred
Gen.50.22	9	H6235	and ten
Gen.50.22	10	H8141	years.
Gen.50.23	1	H3130	And Joseph
Gen.50.23	2	H7200	saw
Gen.50.23	3	H669	Ephraim's
Gen.50.23	4	H1121	children
Gen.50.23	5	H8029	of the third
Gen.50.23	6	H1121	generation: the children
Gen.50.23	7	H4353	also of Machir
Gen.50.23	8	H1121	the son
Gen.50.23	9	H4519	of Manasseh
Gen.50.23	10	H3205	were born upon
Gen.50.23	11	H3130	Joseph's
Gen.50.23	12	H1290	knees.
Gen.50.24	1	H3130	And Joseph
Gen.50.24	2	H559	said
Gen.50.24	3	H251	unto his brethren,
Gen.50.24	4	H4191	I die;
Gen.50.24	5	H430	but God
Gen.50.24	6	H6485	will surely
Gen.50.24	7	H6485	visit
Gen.50.24	8	H5927	you, and bring you up out
Gen.50.24	9	H776	of this land
Gen.50.24	10	H776	unto the land
Gen.50.24	11	H7650	which he sware
Gen.50.24	12	H85	to Abraham,
Gen.50.24	13	H3327	to Isaac,
Gen.50.24	14	H3290	and to Jacob.
Gen.50.25	1	H3130	And Joseph
Gen.50.25	2	H7650	took an oath
Gen.50.25	3	H1121	of the children
Gen.50.25	4	H3478	of Israel,
Gen.50.25	5	H559	saying,
Gen.50.25	6	H430	God
Gen.50.25	7	H6485	will surely
Gen.50.25	8	H6485	visit
Gen.50.25	9	H5927	you, and ye shall carry up
Gen.50.25	10	H6106	my bones
Gen.50.25	11	H2088	from hence.
Gen.50.26	1	H3130	So Joseph
Gen.50.26	2	H4191	died,
Gen.50.26	3	H3967	being a hundred
Gen.50.26	4	H6235	and ten
Gen.50.26	5	H8141	years
Gen.50.26	6	H1121	old:
Gen.50.26	7	H2590	and they embalmed
Gen.50.26	8	H3455	him, and he was put
Gen.50.26	9	H727	in a coffin
Gen.50.26	10	H4714	in Egypt.
