masodlagos_strong	tabla_strong	bdb_id	cimszo	cimszo_a_sorban	proveniencia
H0004	H0003	BDB9264		nem	scope=konkordancia/lexikonok_nyers/BDB.lexicon + konkordancia/BDB_teljes_unabridged.tsv | forras=eszkozok/bdb_strong_potlas.py --alias (masodlagos H-cimke) | ts=2026-10-05
H0007	H0006	BDB9265	אֲבַד	igen	scope=konkordancia/lexikonok_nyers/BDB.lexicon + konkordancia/BDB_teljes_unabridged.tsv | forras=eszkozok/bdb_strong_potlas.py --alias (masodlagos H-cimke) | ts=2026-10-05
H0013	H0012	BDB10	אַבְדָ֑ן	igen	scope=konkordancia/lexikonok_nyers/BDB.lexicon + konkordancia/BDB_teljes_unabridged.tsv | forras=eszkozok/bdb_strong_potlas.py --alias (masodlagos H-cimke) | ts=2026-10-05
H0021	H0029	BDB24	אֲבִיָּ֫הוּ	igen	scope=konkordancia/lexikonok_nyers/BDB.lexicon + konkordancia/BDB_teljes_unabridged.tsv | forras=eszkozok/bdb_strong_potlas.py --alias (masodlagos H-cimke) | ts=2026-10-05
H0038	H0029	BDB24	אֲבִיָּ֫הוּ	igen	scope=konkordancia/lexikonok_nyers/BDB.lexicon + konkordancia/BDB_teljes_unabridged.tsv | forras=eszkozok/bdb_strong_potlas.py --alias (masodlagos H-cimke) | ts=2026-10-05
H0043	H0023	BDB20	אֲבִיאָסָף	igen	scope=konkordancia/lexikonok_nyers/BDB.lexicon + konkordancia/BDB_teljes_unabridged.tsv | forras=eszkozok/bdb_strong_potlas.py --alias (masodlagos H-cimke) | ts=2026-10-05
H0059	H0058,H0062	BDB54	אָבֵל	igen	scope=konkordancia/lexikonok_nyers/BDB.lexicon + konkordancia/BDB_teljes_unabridged.tsv | forras=eszkozok/bdb_strong_potlas.py --alias (masodlagos H-cimke) | ts=2026-10-05
H0063	H0058,H0062	BDB54	אָבֵל	igen	scope=konkordancia/lexikonok_nyers/BDB.lexicon + konkordancia/BDB_teljes_unabridged.tsv | forras=eszkozok/bdb_strong_potlas.py --alias (masodlagos H-cimke) | ts=2026-10-05
H0064	H0058,H0062	BDB54	אָבֵל	igen	scope=konkordancia/lexikonok_nyers/BDB.lexicon + konkordancia/BDB_teljes_unabridged.tsv | forras=eszkozok/bdb_strong_potlas.py --alias (masodlagos H-cimke) | ts=2026-10-05
H0065	H0058,H0062	BDB54	אָבֵל	igen	scope=konkordancia/lexikonok_nyers/BDB.lexicon + konkordancia/BDB_teljes_unabridged.tsv | forras=eszkozok/bdb_strong_potlas.py --alias (masodlagos H-cimke) | ts=2026-10-05
H0066	H0058,H0062	BDB54	אָבֵל	igen	scope=konkordancia/lexikonok_nyers/BDB.lexicon + konkordancia/BDB_teljes_unabridged.tsv | forras=eszkozok/bdb_strong_potlas.py --alias (masodlagos H-cimke) | ts=2026-10-05
H0067	H0058,H0062	BDB54	אָבֵל	igen	scope=konkordancia/lexikonok_nyers/BDB.lexicon + konkordancia/BDB_teljes_unabridged.tsv | forras=eszkozok/bdb_strong_potlas.py --alias (masodlagos H-cimke) | ts=2026-10-05
H0069	H0068	BDB9268	אֶ֫בֶן	igen	scope=konkordancia/lexikonok_nyers/BDB.lexicon + konkordancia/BDB_teljes_unabridged.tsv | forras=eszkozok/bdb_strong_potlas.py --alias (masodlagos H-cimke) | ts=2026-10-05
H0072	H0068	BDB58	אֶ֫בֶן	igen	scope=konkordancia/lexikonok_nyers/BDB.lexicon + konkordancia/BDB_teljes_unabridged.tsv | forras=eszkozok/bdb_strong_potlas.py --alias (masodlagos H-cimke) | ts=2026-10-05
H0085	H0087	BDB38	אַבְרָם	igen	scope=konkordancia/lexikonok_nyers/BDB.lexicon + konkordancia/BDB_teljes_unabridged.tsv | forras=eszkozok/bdb_strong_potlas.py --alias (masodlagos H-cimke) | ts=2026-10-05
H0121	H0120	BDB108	אָדָם	igen	scope=konkordancia/lexikonok_nyers/BDB.lexicon + konkordancia/BDB_teljes_unabridged.tsv | forras=eszkozok/bdb_strong_potlas.py --alias (masodlagos H-cimke) | ts=2026-10-05
H0128	H0127	BDB109	אֲדָמָה	igen	scope=konkordancia/lexikonok_nyers/BDB.lexicon + konkordancia/BDB_teljes_unabridged.tsv | forras=eszkozok/bdb_strong_potlas.py --alias (masodlagos H-cimke) | ts=2026-10-05
H0136	H0113	BDB125	אָדוֺן	igen	scope=konkordancia/lexikonok_nyers/BDB.lexicon + konkordancia/BDB_teljes_unabridged.tsv | forras=eszkozok/bdb_strong_potlas.py --alias (masodlagos H-cimke) | ts=2026-10-05
H0144	H0143	BDB9271	אֲדָר	igen	scope=konkordancia/lexikonok_nyers/BDB.lexicon + konkordancia/BDB_teljes_unabridged.tsv | forras=eszkozok/bdb_strong_potlas.py --alias (masodlagos H-cimke) | ts=2026-10-05
H0169	H0168	BDB154	אֹ֫הֶל	igen	scope=konkordancia/lexikonok_nyers/BDB.lexicon + konkordancia/BDB_teljes_unabridged.tsv | forras=eszkozok/bdb_strong_potlas.py --alias (masodlagos H-cimke) | ts=2026-10-05
H0206	H0205,H0204	BDB223	אָ֫וֶן	igen	scope=konkordancia/lexikonok_nyers/BDB.lexicon + konkordancia/BDB_teljes_unabridged.tsv | forras=eszkozok/bdb_strong_potlas.py --alias (masodlagos H-cimke) | ts=2026-10-05
H0236	H0235	BDB9281	אֲזַל	igen	scope=konkordancia/lexikonok_nyers/BDB.lexicon + konkordancia/BDB_teljes_unabridged.tsv | forras=eszkozok/bdb_strong_potlas.py --alias (masodlagos H-cimke) | ts=2026-10-05
H0277	H0281	BDB290	אֲחִיָּ֫הוּ	igen	scope=konkordancia/lexikonok_nyers/BDB.lexicon + konkordancia/BDB_teljes_unabridged.tsv | forras=eszkozok/bdb_strong_potlas.py --alias (masodlagos H-cimke) | ts=2026-10-05
H0341	H0340	BDB375	אָיַב	igen	scope=konkordancia/lexikonok_nyers/BDB.lexicon + konkordancia/BDB_teljes_unabridged.tsv | forras=eszkozok/bdb_strong_potlas.py --alias (masodlagos H-cimke) | ts=2026-10-05
H0365	H0355	BDB216	אַיָּלָה	igen	scope=konkordancia/lexikonok_nyers/BDB.lexicon + konkordancia/BDB_teljes_unabridged.tsv | forras=eszkozok/bdb_strong_potlas.py --alias (masodlagos H-cimke) | ts=2026-10-05
H0372	H0044	BDB35	אֲבִיעֶ֫זֶר	igen	scope=konkordancia/lexikonok_nyers/BDB.lexicon + konkordancia/BDB_teljes_unabridged.tsv | forras=eszkozok/bdb_strong_potlas.py --alias (masodlagos H-cimke) | ts=2026-10-05
H0373	H0033	BDB36	אֲבִי הָעֶזְרִי	nem	scope=konkordancia/lexikonok_nyers/BDB.lexicon + konkordancia/BDB_teljes_unabridged.tsv | forras=eszkozok/bdb_strong_potlas.py --alias (masodlagos H-cimke) | ts=2026-10-05
H0388	H0386	BDB3847	אֵיתָן	igen	scope=konkordancia/lexikonok_nyers/BDB.lexicon + konkordancia/BDB_teljes_unabridged.tsv | forras=eszkozok/bdb_strong_potlas.py --alias (masodlagos H-cimke) | ts=2026-10-05
H0399	H0398	BDB9297	אֲכַל	igen	scope=konkordancia/lexikonok_nyers/BDB.lexicon + konkordancia/BDB_teljes_unabridged.tsv | forras=eszkozok/bdb_strong_potlas.py --alias (masodlagos H-cimke) | ts=2026-10-05
H0449	H0419	BDB431	אֶלְדָּד	igen	scope=konkordancia/lexikonok_nyers/BDB.lexicon + konkordancia/BDB_teljes_unabridged.tsv | forras=eszkozok/bdb_strong_potlas.py --alias (masodlagos H-cimke) | ts=2026-10-05
H0462	H0454	BDB422	אֶלְיוֺעֵינַי	igen	scope=konkordancia/lexikonok_nyers/BDB.lexicon + konkordancia/BDB_teljes_unabridged.tsv | forras=eszkozok/bdb_strong_potlas.py --alias (masodlagos H-cimke) | ts=2026-10-05
H0506	H0505	BDB9305	אֲלַ֑ף	igen	scope=konkordancia/lexikonok_nyers/BDB.lexicon + konkordancia/BDB_teljes_unabridged.tsv | forras=eszkozok/bdb_strong_potlas.py --alias (masodlagos H-cimke) | ts=2026-10-05
H0521	H0520	BDB9306	אַמָּה	igen	scope=konkordancia/lexikonok_nyers/BDB.lexicon + konkordancia/BDB_teljes_unabridged.tsv | forras=eszkozok/bdb_strong_potlas.py --alias (masodlagos H-cimke) | ts=2026-10-05
H0524	H0523	BDB9307	אֻמָּה	igen	scope=konkordancia/lexikonok_nyers/BDB.lexicon + konkordancia/BDB_teljes_unabridged.tsv | forras=eszkozok/bdb_strong_potlas.py --alias (masodlagos H-cimke) | ts=2026-10-05
H0527	H0525	BDB540	אָמוֺן	igen	scope=konkordancia/lexikonok_nyers/BDB.lexicon + konkordancia/BDB_teljes_unabridged.tsv | forras=eszkozok/bdb_strong_potlas.py --alias (masodlagos H-cimke) | ts=2026-10-05
H0532	H0526	BDB515	אָמִי	igen	scope=konkordancia/lexikonok_nyers/BDB.lexicon + konkordancia/BDB_teljes_unabridged.tsv | forras=eszkozok/bdb_strong_potlas.py --alias (masodlagos H-cimke) | ts=2026-10-05
H0540	H0539	BDB9308	אֲמַן	igen	scope=konkordancia/lexikonok_nyers/BDB.lexicon + konkordancia/BDB_teljes_unabridged.tsv | forras=eszkozok/bdb_strong_potlas.py --alias (masodlagos H-cimke) | ts=2026-10-05
H0547	H0539	BDB527	אָמַן	igen	scope=konkordancia/lexikonok_nyers/BDB.lexicon + konkordancia/BDB_teljes_unabridged.tsv | forras=eszkozok/bdb_strong_potlas.py --alias (masodlagos H-cimke) | ts=2026-10-05
H0624	H0622	BDB627	אָסַף	igen	scope=konkordancia/lexikonok_nyers/BDB.lexicon + konkordancia/BDB_teljes_unabridged.tsv | forras=eszkozok/bdb_strong_potlas.py --alias (masodlagos H-cimke) | ts=2026-10-05
H0638	H0637	BDB9331	אַף	igen	scope=konkordancia/lexikonok_nyers/BDB.lexicon + konkordancia/BDB_teljes_unabridged.tsv | forras=eszkozok/bdb_strong_potlas.py --alias (masodlagos H-cimke) | ts=2026-10-05
H0706	H0702	BDB7718	אַרְבַּע	igen	scope=konkordancia/lexikonok_nyers/BDB.lexicon + konkordancia/BDB_teljes_unabridged.tsv | forras=eszkozok/bdb_strong_potlas.py --alias (masodlagos H-cimke) | ts=2026-10-05
H0711	H0710,H0713	BDB9336	אַרְגְּוָן	igen	scope=konkordancia/lexikonok_nyers/BDB.lexicon + konkordancia/BDB_teljes_unabridged.tsv | forras=eszkozok/bdb_strong_potlas.py --alias (masodlagos H-cimke) | ts=2026-10-05
H0723	H0220	BDB733	אֻרְיָה	igen	scope=konkordancia/lexikonok_nyers/BDB.lexicon + konkordancia/BDB_teljes_unabridged.tsv | forras=eszkozok/bdb_strong_potlas.py --alias (masodlagos H-cimke) | ts=2026-10-05
H0726	H0130	BDB118	אֲדֹמִי	igen	scope=konkordancia/lexikonok_nyers/BDB.lexicon + konkordancia/BDB_teljes_unabridged.tsv | forras=eszkozok/bdb_strong_potlas.py --alias (masodlagos H-cimke) | ts=2026-10-05
H0740	H0739,H0741	BDB736	אֲרִיאֵל	igen	scope=konkordancia/lexikonok_nyers/BDB.lexicon + konkordancia/BDB_teljes_unabridged.tsv | forras=eszkozok/bdb_strong_potlas.py --alias (masodlagos H-cimke) | ts=2026-10-05
H0760	H0758	BDB762	אֲרָם	igen	scope=konkordancia/lexikonok_nyers/BDB.lexicon + konkordancia/BDB_teljes_unabridged.tsv | forras=eszkozok/bdb_strong_potlas.py --alias (masodlagos H-cimke) | ts=2026-10-05
H0763	H0758	BDB762	אֲרָם	igen	scope=konkordancia/lexikonok_nyers/BDB.lexicon + konkordancia/BDB_teljes_unabridged.tsv | forras=eszkozok/bdb_strong_potlas.py --alias (masodlagos H-cimke) | ts=2026-10-05
H0778	H0772	BDB9349	אֲרַק	igen	scope=konkordancia/lexikonok_nyers/BDB.lexicon + konkordancia/BDB_teljes_unabridged.tsv | forras=eszkozok/bdb_strong_potlas.py --alias (masodlagos H-cimke) | ts=2026-10-05
H0792	H0378	BDB390	אִישׁבּֿ֫שֶׁת	igen	scope=konkordancia/lexikonok_nyers/BDB.lexicon + konkordancia/BDB_teljes_unabridged.tsv | forras=eszkozok/bdb_strong_potlas.py --alias (masodlagos H-cimke) | ts=2026-10-05
H0798	H6449	BDB6692	פִּסְגָּה	nem	scope=konkordancia/lexikonok_nyers/BDB.lexicon + konkordancia/BDB_teljes_unabridged.tsv | forras=eszkozok/bdb_strong_potlas.py --alias (masodlagos H-cimke) | ts=2026-10-05
H0799	H0784	BDB793	אֵשׁ	igen	scope=konkordancia/lexikonok_nyers/BDB.lexicon + konkordancia/BDB_teljes_unabridged.tsv | forras=eszkozok/bdb_strong_potlas.py --alias (masodlagos H-cimke) | ts=2026-10-05
H0808	H0809	BDB848	אֲשִׁישָׁה	igen	scope=konkordancia/lexikonok_nyers/BDB.lexicon + konkordancia/BDB_teljes_unabridged.tsv | forras=eszkozok/bdb_strong_potlas.py --alias (masodlagos H-cimke) | ts=2026-10-05
H0868	H0866	BDB9203	אֶתְנָה	igen	scope=konkordancia/lexikonok_nyers/BDB.lexicon + konkordancia/BDB_teljes_unabridged.tsv | forras=eszkozok/bdb_strong_potlas.py --alias (masodlagos H-cimke) | ts=2026-10-05
H0869	H0866	BDB9203	אֶתְנָה	igen	scope=konkordancia/lexikonok_nyers/BDB.lexicon + konkordancia/BDB_teljes_unabridged.tsv | forras=eszkozok/bdb_strong_potlas.py --alias (masodlagos H-cimke) | ts=2026-10-05
H0876	H0875	BDB875	בְּאֵר	igen	scope=konkordancia/lexikonok_nyers/BDB.lexicon + konkordancia/BDB_teljes_unabridged.tsv | forras=eszkozok/bdb_strong_potlas.py --alias (masodlagos H-cimke) | ts=2026-10-05
H0879	H0875	BDB875	בְּאֵר	igen	scope=konkordancia/lexikonok_nyers/BDB.lexicon + konkordancia/BDB_teljes_unabridged.tsv | forras=eszkozok/bdb_strong_potlas.py --alias (masodlagos H-cimke) | ts=2026-10-05
H0887	H0888,H7489	BDB9359	בְּאֵשׁ	igen	scope=konkordancia/lexikonok_nyers/BDB.lexicon + konkordancia/BDB_teljes_unabridged.tsv | forras=eszkozok/bdb_strong_potlas.py --alias (masodlagos H-cimke) | ts=2026-10-05
H0895	H0894	BDB9361	בָּבֶל	igen	scope=konkordancia/lexikonok_nyers/BDB.lexicon + konkordancia/BDB_teljes_unabridged.tsv | forras=eszkozok/bdb_strong_potlas.py --alias (masodlagos H-cimke) | ts=2026-10-05
H0951	H0941	BDB1292	בּוֺקֵר	igen	scope=konkordancia/lexikonok_nyers/BDB.lexicon + konkordancia/BDB_teljes_unabridged.tsv | forras=eszkozok/bdb_strong_potlas.py --alias (masodlagos H-cimke) | ts=2026-10-05
H0989	H0988	BDB9368	בְּטֵל	igen	scope=konkordancia/lexikonok_nyers/BDB.lexicon + konkordancia/BDB_teljes_unabridged.tsv | forras=eszkozok/bdb_strong_potlas.py --alias (masodlagos H-cimke) | ts=2026-10-05
H0997	H0996	BDB9369	בֵּין	igen	scope=konkordancia/lexikonok_nyers/BDB.lexicon + konkordancia/BDB_teljes_unabridged.tsv | forras=eszkozok/bdb_strong_potlas.py --alias (masodlagos H-cimke) | ts=2026-10-05
H0999	H0998	BDB9370	בִּינָה	igen	scope=konkordancia/lexikonok_nyers/BDB.lexicon + konkordancia/BDB_teljes_unabridged.tsv | forras=eszkozok/bdb_strong_potlas.py --alias (masodlagos H-cimke) | ts=2026-10-05
H1005	H1004	BDB9372	בַּ֫יִת	igen	scope=konkordancia/lexikonok_nyers/BDB.lexicon + konkordancia/BDB_teljes_unabridged.tsv | forras=eszkozok/bdb_strong_potlas.py --alias (masodlagos H-cimke) | ts=2026-10-05
H1028	H1027	BDB1061	בֵּית הָרָם	igen	scope=konkordancia/lexikonok_nyers/BDB.lexicon + konkordancia/BDB_teljes_unabridged.tsv | forras=eszkozok/bdb_strong_potlas.py --alias (masodlagos H-cimke) | ts=2026-10-05
H1037	H4407	BDB4654	מִלּוֺא	igen	scope=konkordancia/lexikonok_nyers/BDB.lexicon + konkordancia/BDB_teljes_unabridged.tsv | forras=eszkozok/bdb_strong_potlas.py --alias (masodlagos H-cimke) | ts=2026-10-05
H1056	H1057	BDB1096	בָּכָא	igen	scope=konkordancia/lexikonok_nyers/BDB.lexicon + konkordancia/BDB_teljes_unabridged.tsv | forras=eszkozok/bdb_strong_potlas.py --alias (masodlagos H-cimke) | ts=2026-10-05
H1070	H1072	BDB1109	בִּכְרָה	igen	scope=konkordancia/lexikonok_nyers/BDB.lexicon + konkordancia/BDB_teljes_unabridged.tsv | forras=eszkozok/bdb_strong_potlas.py --alias (masodlagos H-cimke) | ts=2026-10-05
H1073	H1063	BDB1113	בִּכּוּרָה	igen	scope=konkordancia/lexikonok_nyers/BDB.lexicon + konkordancia/BDB_teljes_unabridged.tsv | forras=eszkozok/bdb_strong_potlas.py --alias (masodlagos H-cimke) | ts=2026-10-05
H1117	H1120	BDB1158	בָּמוֺת	igen	scope=konkordancia/lexikonok_nyers/BDB.lexicon + konkordancia/BDB_teljes_unabridged.tsv | forras=eszkozok/bdb_strong_potlas.py --alias (masodlagos H-cimke) | ts=2026-10-05
H1123	H1247,H1121,H1248	BDB9386	בַּר	igen	scope=konkordancia/lexikonok_nyers/BDB.lexicon + konkordancia/BDB_teljes_unabridged.tsv | forras=eszkozok/bdb_strong_potlas.py --alias (masodlagos H-cimke) | ts=2026-10-05
H1143	H0996	BDB1037	בַּ֫יִן	igen	scope=konkordancia/lexikonok_nyers/BDB.lexicon + konkordancia/BDB_teljes_unabridged.tsv | forras=eszkozok/bdb_strong_potlas.py --alias (masodlagos H-cimke) | ts=2026-10-05
H1154	H1155	BDB1204	בֹּ֫סֶר	igen	scope=konkordancia/lexikonok_nyers/BDB.lexicon + konkordancia/BDB_teljes_unabridged.tsv | forras=eszkozok/bdb_strong_potlas.py --alias (masodlagos H-cimke) | ts=2026-10-05
H1164	H5856	BDB5866	עִי	igen	scope=konkordancia/lexikonok_nyers/BDB.lexicon + konkordancia/BDB_teljes_unabridged.tsv | forras=eszkozok/bdb_strong_potlas.py --alias (masodlagos H-cimke) | ts=2026-10-05
H1170	H1167,H1168	BDB1212	בַּעַל	igen	scope=konkordancia/lexikonok_nyers/BDB.lexicon + konkordancia/BDB_teljes_unabridged.tsv | forras=eszkozok/bdb_strong_potlas.py --alias (masodlagos H-cimke) | ts=2026-10-05
H1176	H1167,H1168	BDB1212	בַּעַל	igen	scope=konkordancia/lexikonok_nyers/BDB.lexicon + konkordancia/BDB_teljes_unabridged.tsv | forras=eszkozok/bdb_strong_potlas.py --alias (masodlagos H-cimke) | ts=2026-10-05
H1180	H1167,H1168	BDB1212	בַּעַל	igen	scope=konkordancia/lexikonok_nyers/BDB.lexicon + konkordancia/BDB_teljes_unabridged.tsv | forras=eszkozok/bdb_strong_potlas.py --alias (masodlagos H-cimke) | ts=2026-10-05
H1181	H1167,H1168	BDB1212	בַּעַל	igen	scope=konkordancia/lexikonok_nyers/BDB.lexicon + konkordancia/BDB_teljes_unabridged.tsv | forras=eszkozok/bdb_strong_potlas.py --alias (masodlagos H-cimke) | ts=2026-10-05
H1184	H1173	BDB1226	בַּעֲלָה	igen	scope=konkordancia/lexikonok_nyers/BDB.lexicon + konkordancia/BDB_teljes_unabridged.tsv | forras=eszkozok/bdb_strong_potlas.py --alias (masodlagos H-cimke) | ts=2026-10-05
H1194	H1010	BDB1052	בֵּית בַּ֫עַל מְעוֺן	nem	scope=konkordancia/lexikonok_nyers/BDB.lexicon + konkordancia/BDB_teljes_unabridged.tsv | forras=eszkozok/bdb_strong_potlas.py --alias (masodlagos H-cimke) | ts=2026-10-05
H1208	H1210	BDB1274	בָּצִיר	igen	scope=konkordancia/lexikonok_nyers/BDB.lexicon + konkordancia/BDB_teljes_unabridged.tsv | forras=eszkozok/bdb_strong_potlas.py --alias (masodlagos H-cimke) | ts=2026-10-05
H1222	H1220	BDB1267	בֶּ֫צֶר	igen	scope=konkordancia/lexikonok_nyers/BDB.lexicon + konkordancia/BDB_teljes_unabridged.tsv | forras=eszkozok/bdb_strong_potlas.py --alias (masodlagos H-cimke) | ts=2026-10-05
H1273	H0978	BDB1014	בַּחֲרוּמִי	igen	scope=konkordancia/lexikonok_nyers/BDB.lexicon + konkordancia/BDB_teljes_unabridged.tsv | forras=eszkozok/bdb_strong_potlas.py --alias (masodlagos H-cimke) | ts=2026-10-05
H1286	H0410,H0416,H0415	BDB428	אֵל	igen	scope=konkordancia/lexikonok_nyers/BDB.lexicon + konkordancia/BDB_teljes_unabridged.tsv | forras=eszkozok/bdb_strong_potlas.py --alias (masodlagos H-cimke) | ts=2026-10-05
H1289	H1288	BDB9387	בְּרַךְ	igen	scope=konkordancia/lexikonok_nyers/BDB.lexicon + konkordancia/BDB_teljes_unabridged.tsv | forras=eszkozok/bdb_strong_potlas.py --alias (masodlagos H-cimke) | ts=2026-10-05
H1329	H1328	BDB1382	בְּתוּאֵל	igen	scope=konkordancia/lexikonok_nyers/BDB.lexicon + konkordancia/BDB_teljes_unabridged.tsv | forras=eszkozok/bdb_strong_potlas.py --alias (masodlagos H-cimke) | ts=2026-10-05
H1336	H1335	BDB1388	בֶּ֫תֶר	igen	scope=konkordancia/lexikonok_nyers/BDB.lexicon + konkordancia/BDB_teljes_unabridged.tsv | forras=eszkozok/bdb_strong_potlas.py --alias (masodlagos H-cimke) | ts=2026-10-05
H1362	H1364	BDB1427	גָּבֹהַּ	igen	scope=konkordancia/lexikonok_nyers/BDB.lexicon + konkordancia/BDB_teljes_unabridged.tsv | forras=eszkozok/bdb_strong_potlas.py --alias (masodlagos H-cimke) | ts=2026-10-05
H1400	H1399	BDB9400	גְּבַר	igen	scope=konkordancia/lexikonok_nyers/BDB.lexicon + konkordancia/BDB_teljes_unabridged.tsv | forras=eszkozok/bdb_strong_potlas.py --alias (masodlagos H-cimke) | ts=2026-10-05
H1418	H1417	BDB1477	גְּדוּד	igen	scope=konkordancia/lexikonok_nyers/BDB.lexicon + konkordancia/BDB_teljes_unabridged.tsv | forras=eszkozok/bdb_strong_potlas.py --alias (masodlagos H-cimke) | ts=2026-10-05
H1447	H1444	BDB1520	גָּדֵר	igen	scope=konkordancia/lexikonok_nyers/BDB.lexicon + konkordancia/BDB_teljes_unabridged.tsv | forras=eszkozok/bdb_strong_potlas.py --alias (masodlagos H-cimke) | ts=2026-10-05
H1467	H1344	BDB9396	גֵּוָה	igen	scope=konkordancia/lexikonok_nyers/BDB.lexicon + konkordancia/BDB_teljes_unabridged.tsv | forras=eszkozok/bdb_strong_potlas.py --alias (masodlagos H-cimke) | ts=2026-10-05
H1499	H1498	BDB1589	גָּזֵל	igen	scope=konkordancia/lexikonok_nyers/BDB.lexicon + konkordancia/BDB_teljes_unabridged.tsv | forras=eszkozok/bdb_strong_potlas.py --alias (masodlagos H-cimke) | ts=2026-10-05
H1531	H1543	BDB1651	גֻּלָּה	igen	scope=konkordancia/lexikonok_nyers/BDB.lexicon + konkordancia/BDB_teljes_unabridged.tsv | forras=eszkozok/bdb_strong_potlas.py --alias (masodlagos H-cimke) | ts=2026-10-05
H1594	H1593	BDB1704	גַּנָּה	igen	scope=konkordancia/lexikonok_nyers/BDB.lexicon + konkordancia/BDB_teljes_unabridged.tsv | forras=eszkozok/bdb_strong_potlas.py --alias (masodlagos H-cimke) | ts=2026-10-05
H1596	H1595	BDB9418	גְּנַז	igen	scope=konkordancia/lexikonok_nyers/BDB.lexicon + konkordancia/BDB_teljes_unabridged.tsv | forras=eszkozok/bdb_strong_potlas.py --alias (masodlagos H-cimke) | ts=2026-10-05
H1635	H1634	BDB9420	גְּרַם	igen	scope=konkordancia/lexikonok_nyers/BDB.lexicon + konkordancia/BDB_teljes_unabridged.tsv | forras=eszkozok/bdb_strong_potlas.py --alias (masodlagos H-cimke) | ts=2026-10-05
H1655	H1653	BDB9421	גְּשֵׁם	igen	scope=konkordancia/lexikonok_nyers/BDB.lexicon + konkordancia/BDB_teljes_unabridged.tsv | forras=eszkozok/bdb_strong_potlas.py --alias (masodlagos H-cimke) | ts=2026-10-05
H1678	H1677	BDB9423	דֹּב	igen	scope=konkordancia/lexikonok_nyers/BDB.lexicon + konkordancia/BDB_teljes_unabridged.tsv | forras=eszkozok/bdb_strong_potlas.py --alias (masodlagos H-cimke) | ts=2026-10-05
H1693	H1692	BDB9427	דְּבֵק	igen	scope=konkordancia/lexikonok_nyers/BDB.lexicon + konkordancia/BDB_teljes_unabridged.tsv | forras=eszkozok/bdb_strong_potlas.py --alias (masodlagos H-cimke) | ts=2026-10-05
H1701	H1700	BDB9428	דִּבְרָה	igen	scope=konkordancia/lexikonok_nyers/BDB.lexicon + konkordancia/BDB_teljes_unabridged.tsv | forras=eszkozok/bdb_strong_potlas.py --alias (masodlagos H-cimke) | ts=2026-10-05
H1708	H1707	BDB1833	דַּבֶּ֫שֶׁת	igen	scope=konkordancia/lexikonok_nyers/BDB.lexicon + konkordancia/BDB_teljes_unabridged.tsv | forras=eszkozok/bdb_strong_potlas.py --alias (masodlagos H-cimke) | ts=2026-10-05
H1753	H1752	BDB9431	דּוּר	igen	scope=konkordancia/lexikonok_nyers/BDB.lexicon + konkordancia/BDB_teljes_unabridged.tsv | forras=eszkozok/bdb_strong_potlas.py --alias (masodlagos H-cimke) | ts=2026-10-05
H1778	H1777	BDB9441	דִּין	igen	scope=konkordancia/lexikonok_nyers/BDB.lexicon + konkordancia/BDB_teljes_unabridged.tsv | forras=eszkozok/bdb_strong_potlas.py --alias (masodlagos H-cimke) | ts=2026-10-05
H1815	H1814	BDB9452	דְּלַק	igen	scope=konkordancia/lexikonok_nyers/BDB.lexicon + konkordancia/BDB_teljes_unabridged.tsv | forras=eszkozok/bdb_strong_potlas.py --alias (masodlagos H-cimke) | ts=2026-10-05
H1821	H1819	BDB9453	דְּמָה	igen	scope=konkordancia/lexikonok_nyers/BDB.lexicon + konkordancia/BDB_teljes_unabridged.tsv | forras=eszkozok/bdb_strong_potlas.py --alias (masodlagos H-cimke) | ts=2026-10-05
H1855	H1751,H1854	BDB9455	דְּקַק	igen	scope=konkordancia/lexikonok_nyers/BDB.lexicon + konkordancia/BDB_teljes_unabridged.tsv | forras=eszkozok/bdb_strong_potlas.py --alias (masodlagos H-cimke) | ts=2026-10-05
H1859	H1755	BDB9432	דָּר	igen	scope=konkordancia/lexikonok_nyers/BDB.lexicon + konkordancia/BDB_teljes_unabridged.tsv | forras=eszkozok/bdb_strong_potlas.py --alias (masodlagos H-cimke) | ts=2026-10-05
H1868	H1867	BDB9456	דָּֽרְיָ֫וֶשׁ	igen	scope=konkordancia/lexikonok_nyers/BDB.lexicon + konkordancia/BDB_teljes_unabridged.tsv | forras=eszkozok/bdb_strong_potlas.py --alias (masodlagos H-cimke) | ts=2026-10-05
H1922	H1921	BDB9468	הֲדַר	igen	scope=konkordancia/lexikonok_nyers/BDB.lexicon + konkordancia/BDB_teljes_unabridged.tsv | forras=eszkozok/bdb_strong_potlas.py --alias (masodlagos H-cimke) | ts=2026-10-05
H1939	H1938	BDB2095	הוֺדַוְיָה	igen	scope=konkordancia/lexikonok_nyers/BDB.lexicon + konkordancia/BDB_teljes_unabridged.tsv | forras=eszkozok/bdb_strong_potlas.py --alias (masodlagos H-cimke) | ts=2026-10-05
H1941	H1940	BDB2093	הוֺדִיָּה	igen	scope=konkordancia/lexikonok_nyers/BDB.lexicon + konkordancia/BDB_teljes_unabridged.tsv | forras=eszkozok/bdb_strong_potlas.py --alias (masodlagos H-cimke) | ts=2026-10-05
H1981	H1946	BDB9473	הֲלַךְ	igen	scope=konkordancia/lexikonok_nyers/BDB.lexicon + konkordancia/BDB_teljes_unabridged.tsv | forras=eszkozok/bdb_strong_potlas.py --alias (masodlagos H-cimke) | ts=2026-10-05
H1996	H1463	BDB1541	גּוֺג	igen	scope=konkordancia/lexikonok_nyers/BDB.lexicon + konkordancia/BDB_teljes_unabridged.tsv | forras=eszkozok/bdb_strong_potlas.py --alias (masodlagos H-cimke) | ts=2026-10-05
H2006	H2005,H0518	BDB2204	הֵן	igen	scope=konkordancia/lexikonok_nyers/BDB.lexicon + konkordancia/BDB_teljes_unabridged.tsv | forras=eszkozok/bdb_strong_potlas.py --alias (masodlagos H-cimke) | ts=2026-10-05
H2017	H2016	BDB2212	הֶ֫פֶךְ	igen	scope=konkordancia/lexikonok_nyers/BDB.lexicon + konkordancia/BDB_teljes_unabridged.tsv | forras=eszkozok/bdb_strong_potlas.py --alias (masodlagos H-cimke) | ts=2026-10-05
H2042	H2022	BDB2240	הַר	igen	scope=konkordancia/lexikonok_nyers/BDB.lexicon + konkordancia/BDB_teljes_unabridged.tsv | forras=eszkozok/bdb_strong_potlas.py --alias (masodlagos H-cimke) | ts=2026-10-05
H2088	H6258,H2009,H5704,H3588	BDB6199	עַתָּ֫ה	igen	scope=konkordancia/lexikonok_nyers/BDB.lexicon + konkordancia/BDB_teljes_unabridged.tsv | forras=eszkozok/bdb_strong_potlas.py --alias (masodlagos H-cimke) | ts=2026-10-05
H2089	H7716	BDB8172	שֶׂה	igen	scope=konkordancia/lexikonok_nyers/BDB.lexicon + konkordancia/BDB_teljes_unabridged.tsv | forras=eszkozok/bdb_strong_potlas.py --alias (masodlagos H-cimke) | ts=2026-10-05
H2110	H2109	BDB9484	זוּן	igen	scope=konkordancia/lexikonok_nyers/BDB.lexicon + konkordancia/BDB_teljes_unabridged.tsv | forras=eszkozok/bdb_strong_potlas.py --alias (masodlagos H-cimke) | ts=2026-10-05
H2112	H2111	BDB9486	זוּע	igen	scope=konkordancia/lexikonok_nyers/BDB.lexicon + konkordancia/BDB_teljes_unabridged.tsv | forras=eszkozok/bdb_strong_potlas.py --alias (masodlagos H-cimke) | ts=2026-10-05
H2116	H2115	BDB2329	זוּר	igen	scope=konkordancia/lexikonok_nyers/BDB.lexicon + konkordancia/BDB_teljes_unabridged.tsv | forras=eszkozok/bdb_strong_potlas.py --alias (masodlagos H-cimke) | ts=2026-10-05
H2170	H2167	BDB9492	זְמָר	igen	scope=konkordancia/lexikonok_nyers/BDB.lexicon + konkordancia/BDB_teljes_unabridged.tsv | forras=eszkozok/bdb_strong_potlas.py --alias (masodlagos H-cimke) | ts=2026-10-05
H2176	H2172	BDB2388	זִמְרָה	igen	scope=konkordancia/lexikonok_nyers/BDB.lexicon + konkordancia/BDB_teljes_unabridged.tsv | forras=eszkozok/bdb_strong_potlas.py --alias (masodlagos H-cimke) | ts=2026-10-05
H2178	H2177	BDB9494	זַן	igen	scope=konkordancia/lexikonok_nyers/BDB.lexicon + konkordancia/BDB_teljes_unabridged.tsv | forras=eszkozok/bdb_strong_potlas.py --alias (masodlagos H-cimke) | ts=2026-10-05
H2189	H2113	BDB2323	זְוָעָה	igen	scope=konkordancia/lexikonok_nyers/BDB.lexicon + konkordancia/BDB_teljes_unabridged.tsv | forras=eszkozok/bdb_strong_potlas.py --alias (masodlagos H-cimke) | ts=2026-10-05
H2200	H2199	BDB9495	זְעִ֑ק	igen	scope=konkordancia/lexikonok_nyers/BDB.lexicon + konkordancia/BDB_teljes_unabridged.tsv | forras=eszkozok/bdb_strong_potlas.py --alias (masodlagos H-cimke) | ts=2026-10-05
H2211	H2210	BDB9498	זְקַף	igen	scope=konkordancia/lexikonok_nyers/BDB.lexicon + konkordancia/BDB_teljes_unabridged.tsv | forras=eszkozok/bdb_strong_potlas.py --alias (masodlagos H-cimke) | ts=2026-10-05
H2217	H2216	BDB9499	זְרֻבָּבֶ֫ל	igen	scope=konkordancia/lexikonok_nyers/BDB.lexicon + konkordancia/BDB_teljes_unabridged.tsv | forras=eszkozok/bdb_strong_potlas.py --alias (masodlagos H-cimke) | ts=2026-10-05
H2234	H2232,H2233	BDB9500	זְרַע	igen	scope=konkordancia/lexikonok_nyers/BDB.lexicon + konkordancia/BDB_teljes_unabridged.tsv | forras=eszkozok/bdb_strong_potlas.py --alias (masodlagos H-cimke) | ts=2026-10-05
H2269	H2266	BDB9504	חֲבַר	igen	scope=konkordancia/lexikonok_nyers/BDB.lexicon + konkordancia/BDB_teljes_unabridged.tsv | forras=eszkozok/bdb_strong_potlas.py --alias (masodlagos H-cimke) | ts=2026-10-05
H2298	H1768,H1836	BDB9603	<big>כ</big>	igen	scope=konkordancia/lexikonok_nyers/BDB.lexicon + konkordancia/BDB_teljes_unabridged.tsv | forras=eszkozok/bdb_strong_potlas.py --alias (masodlagos H-cimke) | ts=2026-10-05
H2305	H2304	BDB9507	חֶדְוָה	igen	scope=konkordancia/lexikonok_nyers/BDB.lexicon + konkordancia/BDB_teljes_unabridged.tsv | forras=eszkozok/bdb_strong_potlas.py --alias (masodlagos H-cimke) | ts=2026-10-05
H2316	H2315	BDB2575	חֶ֫דֶר	igen	scope=konkordancia/lexikonok_nyers/BDB.lexicon + konkordancia/BDB_teljes_unabridged.tsv | forras=eszkozok/bdb_strong_potlas.py --alias (masodlagos H-cimke) | ts=2026-10-05
H2323	H2319	BDB9509	חֲדַ֑ת	igen	scope=konkordancia/lexikonok_nyers/BDB.lexicon + konkordancia/BDB_teljes_unabridged.tsv | forras=eszkozok/bdb_strong_potlas.py --alias (masodlagos H-cimke) | ts=2026-10-05
H2334	H2333	BDB2596	חַוָּה	igen	scope=konkordancia/lexikonok_nyers/BDB.lexicon + konkordancia/BDB_teljes_unabridged.tsv | forras=eszkozok/bdb_strong_potlas.py --alias (masodlagos H-cimke) | ts=2026-10-05
H2337	H2336	BDB2603	חוֺחַ	igen	scope=konkordancia/lexikonok_nyers/BDB.lexicon + konkordancia/BDB_teljes_unabridged.tsv | forras=eszkozok/bdb_strong_potlas.py --alias (masodlagos H-cimke) | ts=2026-10-05
H2358	H2357	BDB9515	חִוָּר	igen	scope=konkordancia/lexikonok_nyers/BDB.lexicon + konkordancia/BDB_teljes_unabridged.tsv | forras=eszkozok/bdb_strong_potlas.py --alias (masodlagos H-cimke) | ts=2026-10-05
H2361	H2438	BDB307	חִירָם	igen	scope=konkordancia/lexikonok_nyers/BDB.lexicon + konkordancia/BDB_teljes_unabridged.tsv | forras=eszkozok/bdb_strong_potlas.py --alias (masodlagos H-cimke) | ts=2026-10-05
H2408	H2399	BDB9519	חֲטָי	igen	scope=konkordancia/lexikonok_nyers/BDB.lexicon + konkordancia/BDB_teljes_unabridged.tsv | forras=eszkozok/bdb_strong_potlas.py --alias (masodlagos H-cimke) | ts=2026-10-05
H2409	H2403	BDB9520	חַטָּיָא	igen	scope=konkordancia/lexikonok_nyers/BDB.lexicon + konkordancia/BDB_teljes_unabridged.tsv | forras=eszkozok/bdb_strong_potlas.py --alias (masodlagos H-cimke) | ts=2026-10-05
H2417	H2416	BDB9522	חַי	igen	scope=konkordancia/lexikonok_nyers/BDB.lexicon + konkordancia/BDB_teljes_unabridged.tsv | forras=eszkozok/bdb_strong_potlas.py --alias (masodlagos H-cimke) | ts=2026-10-05
H2425	H2421	BDB2715	חָיָה	igen	scope=konkordancia/lexikonok_nyers/BDB.lexicon + konkordancia/BDB_teljes_unabridged.tsv | forras=eszkozok/bdb_strong_potlas.py --alias (masodlagos H-cimke) | ts=2026-10-05
H2429	H2428	BDB9524	חַ֫יִל	igen	scope=konkordancia/lexikonok_nyers/BDB.lexicon + konkordancia/BDB_teljes_unabridged.tsv | forras=eszkozok/bdb_strong_potlas.py --alias (masodlagos H-cimke) | ts=2026-10-05
H2439	H2363	BDB2650	חוּשׁ	igen	scope=konkordancia/lexikonok_nyers/BDB.lexicon + konkordancia/BDB_teljes_unabridged.tsv | forras=eszkozok/bdb_strong_potlas.py --alias (masodlagos H-cimke) | ts=2026-10-05
H2454	H2451	BDB2736	חָכְמה	igen	scope=konkordancia/lexikonok_nyers/BDB.lexicon + konkordancia/BDB_teljes_unabridged.tsv | forras=eszkozok/bdb_strong_potlas.py --alias (masodlagos H-cimke) | ts=2026-10-05
H2499	H2498	BDB9528	חֲלַף	igen	scope=konkordancia/lexikonok_nyers/BDB.lexicon + konkordancia/BDB_teljes_unabridged.tsv | forras=eszkozok/bdb_strong_potlas.py --alias (masodlagos H-cimke) | ts=2026-10-05
H2510	H2509	BDB2823	חָלָק	igen	scope=konkordancia/lexikonok_nyers/BDB.lexicon + konkordancia/BDB_teljes_unabridged.tsv | forras=eszkozok/bdb_strong_potlas.py --alias (masodlagos H-cimke) | ts=2026-10-05
H2511	H2509	BDB2823	חָלָק	igen	scope=konkordancia/lexikonok_nyers/BDB.lexicon + konkordancia/BDB_teljes_unabridged.tsv | forras=eszkozok/bdb_strong_potlas.py --alias (masodlagos H-cimke) | ts=2026-10-05
H2562	H2561	BDB9531	חֲמַר	igen	scope=konkordancia/lexikonok_nyers/BDB.lexicon + konkordancia/BDB_teljes_unabridged.tsv | forras=eszkozok/bdb_strong_potlas.py --alias (masodlagos H-cimke) | ts=2026-10-05
H2579	H2574,H2578	BDB2911	חֲמָת	igen	scope=konkordancia/lexikonok_nyers/BDB.lexicon + konkordancia/BDB_teljes_unabridged.tsv | forras=eszkozok/bdb_strong_potlas.py --alias (masodlagos H-cimke) | ts=2026-10-05
H2589	H2603	BDB2937	חָנַן	igen	scope=konkordancia/lexikonok_nyers/BDB.lexicon + konkordancia/BDB_teljes_unabridged.tsv | forras=eszkozok/bdb_strong_potlas.py --alias (masodlagos H-cimke) | ts=2026-10-05
H2604	H2603	BDB9534	חֲנַן	igen	scope=konkordancia/lexikonok_nyers/BDB.lexicon + konkordancia/BDB_teljes_unabridged.tsv | forras=eszkozok/bdb_strong_potlas.py --alias (masodlagos H-cimke) | ts=2026-10-05
H2618	H1136	BDB1172	בֶּןחֶֿ֫סֶד	igen	scope=konkordancia/lexikonok_nyers/BDB.lexicon + konkordancia/BDB_teljes_unabridged.tsv | forras=eszkozok/bdb_strong_potlas.py --alias (masodlagos H-cimke) | ts=2026-10-05
H2699	H2691	BDB3047	חָצֵר	igen	scope=konkordancia/lexikonok_nyers/BDB.lexicon + konkordancia/BDB_teljes_unabridged.tsv | forras=eszkozok/bdb_strong_potlas.py --alias (masodlagos H-cimke) | ts=2026-10-05
H2702	H2701	BDB3052	חֲצַר סוּסָה	nem	scope=konkordancia/lexikonok_nyers/BDB.lexicon + konkordancia/BDB_teljes_unabridged.tsv | forras=eszkozok/bdb_strong_potlas.py --alias (masodlagos H-cimke) | ts=2026-10-05
H2711	H2706	BDB3072	חֹק	igen	scope=konkordancia/lexikonok_nyers/BDB.lexicon + konkordancia/BDB_teljes_unabridged.tsv | forras=eszkozok/bdb_strong_potlas.py --alias (masodlagos H-cimke) | ts=2026-10-05
H2718	H2717	BDB9541	חֲרַב	igen	scope=konkordancia/lexikonok_nyers/BDB.lexicon + konkordancia/BDB_teljes_unabridged.tsv | forras=eszkozok/bdb_strong_potlas.py --alias (masodlagos H-cimke) | ts=2026-10-05
H2749	H2748	BDB9542	חַרְטֹם	igen	scope=konkordancia/lexikonok_nyers/BDB.lexicon + konkordancia/BDB_teljes_unabridged.tsv | forras=eszkozok/bdb_strong_potlas.py --alias (masodlagos H-cimke) | ts=2026-10-05
H2753	H2752	BDB3121	חֹרִי	igen	scope=konkordancia/lexikonok_nyers/BDB.lexicon + konkordancia/BDB_teljes_unabridged.tsv | forras=eszkozok/bdb_strong_potlas.py --alias (masodlagos H-cimke) | ts=2026-10-05
H2755	H2716,H3123	BDB3081	חֶרֶא	igen	scope=konkordancia/lexikonok_nyers/BDB.lexicon + konkordancia/BDB_teljes_unabridged.tsv | forras=eszkozok/bdb_strong_potlas.py --alias (masodlagos H-cimke) | ts=2026-10-05
H2769	H2768	BDB3132	חֶרְמוֺן	igen	scope=konkordancia/lexikonok_nyers/BDB.lexicon + konkordancia/BDB_teljes_unabridged.tsv | forras=eszkozok/bdb_strong_potlas.py --alias (masodlagos H-cimke) | ts=2026-10-05
H2783	H2761,H2504	BDB9543	חֲרַךְ	igen	scope=konkordancia/lexikonok_nyers/BDB.lexicon + konkordancia/BDB_teljes_unabridged.tsv | forras=eszkozok/bdb_strong_potlas.py --alias (masodlagos H-cimke) | ts=2026-10-05
H2794	H2790	BDB3181	חָרַשׁ	igen	scope=konkordancia/lexikonok_nyers/BDB.lexicon + konkordancia/BDB_teljes_unabridged.tsv | forras=eszkozok/bdb_strong_potlas.py --alias (masodlagos H-cimke) | ts=2026-10-05
H2798	H2796,H1516	BDB3182	חָרָשׁ	igen	scope=konkordancia/lexikonok_nyers/BDB.lexicon + konkordancia/BDB_teljes_unabridged.tsv | forras=eszkozok/bdb_strong_potlas.py --alias (masodlagos H-cimke) | ts=2026-10-05
H2804	H2803	BDB9545	חֲשַׁב	igen	scope=konkordancia/lexikonok_nyers/BDB.lexicon + konkordancia/BDB_teljes_unabridged.tsv | forras=eszkozok/bdb_strong_potlas.py --alias (masodlagos H-cimke) | ts=2026-10-05
H2824	H2825	BDB3221	חֲשֵׁכָה	igen	scope=konkordancia/lexikonok_nyers/BDB.lexicon + konkordancia/BDB_teljes_unabridged.tsv | forras=eszkozok/bdb_strong_potlas.py --alias (masodlagos H-cimke) | ts=2026-10-05
H2857	H2856	BDB9552	חֲתַם	igen	scope=konkordancia/lexikonok_nyers/BDB.lexicon + konkordancia/BDB_teljes_unabridged.tsv | forras=eszkozok/bdb_strong_potlas.py --alias (masodlagos H-cimke) | ts=2026-10-05
H2877	H2876	BDB9555	טַבָּח	igen	scope=konkordancia/lexikonok_nyers/BDB.lexicon + konkordancia/BDB_teljes_unabridged.tsv | forras=eszkozok/bdb_strong_potlas.py --alias (masodlagos H-cimke) | ts=2026-10-05
H2890	H2889	BDB3303	טָהוֺר	igen	scope=konkordancia/lexikonok_nyers/BDB.lexicon + konkordancia/BDB_teljes_unabridged.tsv | forras=eszkozok/bdb_strong_potlas.py --alias (masodlagos H-cimke) | ts=2026-10-05
H2920	H2919	BDB9559	טַל	igen	scope=konkordancia/lexikonok_nyers/BDB.lexicon + konkordancia/BDB_teljes_unabridged.tsv | forras=eszkozok/bdb_strong_potlas.py --alias (masodlagos H-cimke) | ts=2026-10-05
H2924	H2922,H2923	BDB3339	טָלֶה	igen	scope=konkordancia/lexikonok_nyers/BDB.lexicon + konkordancia/BDB_teljes_unabridged.tsv | forras=eszkozok/bdb_strong_potlas.py --alias (masodlagos H-cimke) | ts=2026-10-05
H2941	H2942,H2940	BDB9562	טְעֵם	igen	scope=konkordancia/lexikonok_nyers/BDB.lexicon + konkordancia/BDB_teljes_unabridged.tsv | forras=eszkozok/bdb_strong_potlas.py --alias (masodlagos H-cimke) | ts=2026-10-05
H2957	H2956	BDB9564	טְרַד	igen	scope=konkordancia/lexikonok_nyers/BDB.lexicon + konkordancia/BDB_teljes_unabridged.tsv | forras=eszkozok/bdb_strong_potlas.py --alias (masodlagos H-cimke) | ts=2026-10-05
H2962	H2958	BDB3379	טֶ֫רֶם	igen	scope=konkordancia/lexikonok_nyers/BDB.lexicon + konkordancia/BDB_teljes_unabridged.tsv | forras=eszkozok/bdb_strong_potlas.py --alias (masodlagos H-cimke) | ts=2026-10-05
H3028	H3027	BDB9569	יַד	igen	scope=konkordancia/lexikonok_nyers/BDB.lexicon + konkordancia/BDB_teljes_unabridged.tsv | forras=eszkozok/bdb_strong_potlas.py --alias (masodlagos H-cimke) | ts=2026-10-05
H3046	H3045	BDB9571	יְדַע	igen	scope=konkordancia/lexikonok_nyers/BDB.lexicon + konkordancia/BDB_teljes_unabridged.tsv | forras=eszkozok/bdb_strong_potlas.py --alias (masodlagos H-cimke) | ts=2026-10-05
H3052	H3051	BDB9573	יְהַב	igen	scope=konkordancia/lexikonok_nyers/BDB.lexicon + konkordancia/BDB_teljes_unabridged.tsv | forras=eszkozok/bdb_strong_potlas.py --alias (masodlagos H-cimke) | ts=2026-10-05
H3057	H3064	BDB3478	יְהוּדִּי	igen	scope=konkordancia/lexikonok_nyers/BDB.lexicon + konkordancia/BDB_teljes_unabridged.tsv | forras=eszkozok/bdb_strong_potlas.py --alias (masodlagos H-cimke) | ts=2026-10-05
H3069	H3068,H1961,H0430,H0589,H2022,H6635	BDB2100	יהוה	igen	scope=konkordancia/lexikonok_nyers/BDB.lexicon + konkordancia/BDB_teljes_unabridged.tsv | forras=eszkozok/bdb_strong_potlas.py --alias (masodlagos H-cimke) | ts=2026-10-05
H3070	H7200,H7203	BDB7656	רָאָה	igen	scope=konkordancia/lexikonok_nyers/BDB.lexicon + konkordancia/BDB_teljes_unabridged.tsv | forras=eszkozok/bdb_strong_potlas.py --alias (masodlagos H-cimke) | ts=2026-10-05
H3071	H5251	BDB5242	נֵס	igen	scope=konkordancia/lexikonok_nyers/BDB.lexicon + konkordancia/BDB_teljes_unabridged.tsv | forras=eszkozok/bdb_strong_potlas.py --alias (masodlagos H-cimke) | ts=2026-10-05
H3072	H6664	BDB6941	צֶ֫דֶק	igen	scope=konkordancia/lexikonok_nyers/BDB.lexicon + konkordancia/BDB_teljes_unabridged.tsv | forras=eszkozok/bdb_strong_potlas.py --alias (masodlagos H-cimke) | ts=2026-10-05
H3073	H7965	BDB8734	שָׁלוֺם	igen	scope=konkordancia/lexikonok_nyers/BDB.lexicon + konkordancia/BDB_teljes_unabridged.tsv | forras=eszkozok/bdb_strong_potlas.py --alias (masodlagos H-cimke) | ts=2026-10-05
H3074	H8033	BDB8775	שָׁם	igen	scope=konkordancia/lexikonok_nyers/BDB.lexicon + konkordancia/BDB_teljes_unabridged.tsv | forras=eszkozok/bdb_strong_potlas.py --alias (masodlagos H-cimke) | ts=2026-10-05
H3090	H3089	BDB2119	יְהוֺשֶׁ֫בַע	igen	scope=konkordancia/lexikonok_nyers/BDB.lexicon + konkordancia/BDB_teljes_unabridged.tsv | forras=eszkozok/bdb_strong_potlas.py --alias (masodlagos H-cimke) | ts=2026-10-05
H3099	H3059	BDB2103	יְהוֺאָחָז	igen	scope=konkordancia/lexikonok_nyers/BDB.lexicon + konkordancia/BDB_teljes_unabridged.tsv | forras=eszkozok/bdb_strong_potlas.py --alias (masodlagos H-cimke) | ts=2026-10-05
H3101	H3060	BDB2104	יְהוֺאָשׁ	igen	scope=konkordancia/lexikonok_nyers/BDB.lexicon + konkordancia/BDB_teljes_unabridged.tsv | forras=eszkozok/bdb_strong_potlas.py --alias (masodlagos H-cimke) | ts=2026-10-05
H3107	H3075	BDB2105	יְהוֺזָבָד	igen	scope=konkordancia/lexikonok_nyers/BDB.lexicon + konkordancia/BDB_teljes_unabridged.tsv | forras=eszkozok/bdb_strong_potlas.py --alias (masodlagos H-cimke) | ts=2026-10-05
H3110	H3076	BDB2106	יְהוֺחָנָן	igen	scope=konkordancia/lexikonok_nyers/BDB.lexicon + konkordancia/BDB_teljes_unabridged.tsv | forras=eszkozok/bdb_strong_potlas.py --alias (masodlagos H-cimke) | ts=2026-10-05
H3111	H3077	BDB2107	יְהוֺיָדָע	igen	scope=konkordancia/lexikonok_nyers/BDB.lexicon + konkordancia/BDB_teljes_unabridged.tsv | forras=eszkozok/bdb_strong_potlas.py --alias (masodlagos H-cimke) | ts=2026-10-05
H3112	H3078,H3204	BDB2108	יְהוֺיָכִין	igen	scope=konkordancia/lexikonok_nyers/BDB.lexicon + konkordancia/BDB_teljes_unabridged.tsv | forras=eszkozok/bdb_strong_potlas.py --alias (masodlagos H-cimke) | ts=2026-10-05
H3113	H3079	BDB2109	יְהוֺיָקִים	igen	scope=konkordancia/lexikonok_nyers/BDB.lexicon + konkordancia/BDB_teljes_unabridged.tsv | forras=eszkozok/bdb_strong_potlas.py --alias (masodlagos H-cimke) | ts=2026-10-05
H3114	H3080	BDB2110	יְהוֺיָרִיב	igen	scope=konkordancia/lexikonok_nyers/BDB.lexicon + konkordancia/BDB_teljes_unabridged.tsv | forras=eszkozok/bdb_strong_potlas.py --alias (masodlagos H-cimke) | ts=2026-10-05
H3122	H3082	BDB2112	יְהוֺנָדָב	igen	scope=konkordancia/lexikonok_nyers/BDB.lexicon + konkordancia/BDB_teljes_unabridged.tsv | forras=eszkozok/bdb_strong_potlas.py --alias (masodlagos H-cimke) | ts=2026-10-05
H3129	H3083	BDB2113	יְהוֺנָתָן	igen	scope=konkordancia/lexikonok_nyers/BDB.lexicon + konkordancia/BDB_teljes_unabridged.tsv | forras=eszkozok/bdb_strong_potlas.py --alias (masodlagos H-cimke) | ts=2026-10-05
H3130	H3084	BDB3600	יוֺסֵף	igen	scope=konkordancia/lexikonok_nyers/BDB.lexicon + konkordancia/BDB_teljes_unabridged.tsv | forras=eszkozok/bdb_strong_potlas.py --alias (masodlagos H-cimke) | ts=2026-10-05
H3137	H3079	BDB2109	יְהוֺיָקִים	igen	scope=konkordancia/lexikonok_nyers/BDB.lexicon + konkordancia/BDB_teljes_unabridged.tsv | forras=eszkozok/bdb_strong_potlas.py --alias (masodlagos H-cimke) | ts=2026-10-05
H3141	H3088	BDB2118	יְהוֺרָם	igen	scope=konkordancia/lexikonok_nyers/BDB.lexicon + konkordancia/BDB_teljes_unabridged.tsv | forras=eszkozok/bdb_strong_potlas.py --alias (masodlagos H-cimke) | ts=2026-10-05
H3146	H3092	BDB2122	יְהוֺשָׁפָט	igen	scope=konkordancia/lexikonok_nyers/BDB.lexicon + konkordancia/BDB_teljes_unabridged.tsv | forras=eszkozok/bdb_strong_potlas.py --alias (masodlagos H-cimke) | ts=2026-10-05
H3159	H3158	BDB2469	יִזְרְעֵאלִי	igen	scope=konkordancia/lexikonok_nyers/BDB.lexicon + konkordancia/BDB_teljes_unabridged.tsv | forras=eszkozok/bdb_strong_potlas.py --alias (masodlagos H-cimke) | ts=2026-10-05
H3185	H3183	BDB3034	יַחְצְאֵל	igen	scope=konkordancia/lexikonok_nyers/BDB.lexicon + konkordancia/BDB_teljes_unabridged.tsv | forras=eszkozok/bdb_strong_potlas.py --alias (masodlagos H-cimke) | ts=2026-10-05
H3186	H0310	BDB3524	(ו)ייחר	igen	scope=konkordancia/lexikonok_nyers/BDB.lexicon + konkordancia/BDB_teljes_unabridged.tsv | forras=eszkozok/bdb_strong_potlas.py --alias (masodlagos H-cimke) | ts=2026-10-05
H3197	H3027	BDB3535	יך	igen	scope=konkordancia/lexikonok_nyers/BDB.lexicon + konkordancia/BDB_teljes_unabridged.tsv | forras=eszkozok/bdb_strong_potlas.py --alias (masodlagos H-cimke) | ts=2026-10-05
H3212	H1980	BDB2162	הָלַךְ	igen	scope=konkordancia/lexikonok_nyers/BDB.lexicon + konkordancia/BDB_teljes_unabridged.tsv | forras=eszkozok/bdb_strong_potlas.py --alias (masodlagos H-cimke) | ts=2026-10-05
H3221	H3220	BDB9582	יַם	igen	scope=konkordancia/lexikonok_nyers/BDB.lexicon + konkordancia/BDB_teljes_unabridged.tsv | forras=eszkozok/bdb_strong_potlas.py --alias (masodlagos H-cimke) | ts=2026-10-05
H3231	H0541	BDB3573	יָמַן	igen	scope=konkordancia/lexikonok_nyers/BDB.lexicon + konkordancia/BDB_teljes_unabridged.tsv | forras=eszkozok/bdb_strong_potlas.py --alias (masodlagos H-cimke) | ts=2026-10-05
H3240	H5117,H5118	BDB5049	נוּחַ	igen	scope=konkordancia/lexikonok_nyers/BDB.lexicon + konkordancia/BDB_teljes_unabridged.tsv | forras=eszkozok/bdb_strong_potlas.py --alias (masodlagos H-cimke) | ts=2026-10-05
H3249	H5493,H5637,H8269	BDB5544	סוּר	igen	scope=konkordancia/lexikonok_nyers/BDB.lexicon + konkordancia/BDB_teljes_unabridged.tsv | forras=eszkozok/bdb_strong_potlas.py --alias (masodlagos H-cimke) | ts=2026-10-05
H3255	H3254	BDB9583	יְסַף	igen	scope=konkordancia/lexikonok_nyers/BDB.lexicon + konkordancia/BDB_teljes_unabridged.tsv | forras=eszkozok/bdb_strong_potlas.py --alias (masodlagos H-cimke) | ts=2026-10-05
H3273	H3262	BDB3615	יְעוּאֵל	igen	scope=konkordancia/lexikonok_nyers/BDB.lexicon + konkordancia/BDB_teljes_unabridged.tsv | forras=eszkozok/bdb_strong_potlas.py --alias (masodlagos H-cimke) | ts=2026-10-05
H3274	H3266	BDB5930	יְעוּשׁ	igen	scope=konkordancia/lexikonok_nyers/BDB.lexicon + konkordancia/BDB_teljes_unabridged.tsv | forras=eszkozok/bdb_strong_potlas.py --alias (masodlagos H-cimke) | ts=2026-10-05
H3292	H6130,H0885,H1142	BDB6328	עֲקָן	igen	scope=konkordancia/lexikonok_nyers/BDB.lexicon + konkordancia/BDB_teljes_unabridged.tsv | forras=eszkozok/bdb_strong_potlas.py --alias (masodlagos H-cimke) | ts=2026-10-05
H3340	H3339	BDB3678	יִצְרִי	igen	scope=konkordancia/lexikonok_nyers/BDB.lexicon + konkordancia/BDB_teljes_unabridged.tsv | forras=eszkozok/bdb_strong_potlas.py --alias (masodlagos H-cimke) | ts=2026-10-05
H3345	H3344	BDB9589	יְקַד	igen	scope=konkordancia/lexikonok_nyers/BDB.lexicon + konkordancia/BDB_teljes_unabridged.tsv | forras=eszkozok/bdb_strong_potlas.py --alias (masodlagos H-cimke) | ts=2026-10-05
H3347	H4169	BDB3686	מוֺקְדָה	igen	scope=konkordancia/lexikonok_nyers/BDB.lexicon + konkordancia/BDB_teljes_unabridged.tsv | forras=eszkozok/bdb_strong_potlas.py --alias (masodlagos H-cimke) | ts=2026-10-05
H3367	H3366	BDB9591	יְקָר	igen	scope=konkordancia/lexikonok_nyers/BDB.lexicon + konkordancia/BDB_teljes_unabridged.tsv | forras=eszkozok/bdb_strong_potlas.py --alias (masodlagos H-cimke) | ts=2026-10-05
H3393	H3391	BDB9594	יְרַךְ	igen	scope=konkordancia/lexikonok_nyers/BDB.lexicon + konkordancia/BDB_teljes_unabridged.tsv | forras=eszkozok/bdb_strong_potlas.py --alias (masodlagos H-cimke) | ts=2026-10-05
H3443	H3442	BDB9597	יֵשׁוּעַ	igen	scope=konkordancia/lexikonok_nyers/BDB.lexicon + konkordancia/BDB_teljes_unabridged.tsv | forras=eszkozok/bdb_strong_potlas.py --alias (masodlagos H-cimke) | ts=2026-10-05
H3479	H3478	BDB9596	יִשְׂרָאֵל	igen	scope=konkordancia/lexikonok_nyers/BDB.lexicon + konkordancia/BDB_teljes_unabridged.tsv | forras=eszkozok/bdb_strong_potlas.py --alias (masodlagos H-cimke) | ts=2026-10-05
H3482	H3481	BDB8318	יִשְׂרְאֵלִי	igen	scope=konkordancia/lexikonok_nyers/BDB.lexicon + konkordancia/BDB_teljes_unabridged.tsv | forras=eszkozok/bdb_strong_potlas.py --alias (masodlagos H-cimke) | ts=2026-10-05
H3487	H0853	BDB9600	יָת	igen	scope=konkordancia/lexikonok_nyers/BDB.lexicon + konkordancia/BDB_teljes_unabridged.tsv | forras=eszkozok/bdb_strong_potlas.py --alias (masodlagos H-cimke) | ts=2026-10-05
H3542	H3541	BDB9605	כָּה	igen	scope=konkordancia/lexikonok_nyers/BDB.lexicon + konkordancia/BDB_teljes_unabridged.tsv | forras=eszkozok/bdb_strong_potlas.py --alias (masodlagos H-cimke) | ts=2026-10-05
H3549	H3548	BDB9607	כָּהֵן	igen	scope=konkordancia/lexikonok_nyers/BDB.lexicon + konkordancia/BDB_teljes_unabridged.tsv | forras=eszkozok/bdb_strong_potlas.py --alias (masodlagos H-cimke) | ts=2026-10-05
H3567	H3566	BDB9610	כּ֫וֺרֶשׁ	igen	scope=konkordancia/lexikonok_nyers/BDB.lexicon + konkordancia/BDB_teljes_unabridged.tsv | forras=eszkozok/bdb_strong_potlas.py --alias (masodlagos H-cimke) | ts=2026-10-05
H3571	H3569	BDB3970	כּוּשִׁי	igen	scope=konkordancia/lexikonok_nyers/BDB.lexicon + konkordancia/BDB_teljes_unabridged.tsv | forras=eszkozok/bdb_strong_potlas.py --alias (masodlagos H-cimke) | ts=2026-10-05
H3606	H3605,H6903	BDB9612	כֹּל	igen	scope=konkordancia/lexikonok_nyers/BDB.lexicon + konkordancia/BDB_teljes_unabridged.tsv | forras=eszkozok/bdb_strong_potlas.py --alias (masodlagos H-cimke) | ts=2026-10-05
H3613	H0672	BDB688	אֶפְרָ֫תָה	igen	scope=konkordancia/lexikonok_nyers/BDB.lexicon + konkordancia/BDB_teljes_unabridged.tsv | forras=eszkozok/bdb_strong_potlas.py --alias (masodlagos H-cimke) | ts=2026-10-05
H3635	H3634	BDB9611	כְּלַל	igen	scope=konkordancia/lexikonok_nyers/BDB.lexicon + konkordancia/BDB_teljes_unabridged.tsv | forras=eszkozok/bdb_strong_potlas.py --alias (masodlagos H-cimke) | ts=2026-10-05
H3652	H3651	BDB9613	כֵּן	igen	scope=konkordancia/lexikonok_nyers/BDB.lexicon + konkordancia/BDB_teljes_unabridged.tsv | forras=eszkozok/bdb_strong_potlas.py --alias (masodlagos H-cimke) | ts=2026-10-05
H3659	H3078,H3204	BDB2108	יְהוֺיָכִין	igen	scope=konkordancia/lexikonok_nyers/BDB.lexicon + konkordancia/BDB_teljes_unabridged.tsv | forras=eszkozok/bdb_strong_potlas.py --alias (masodlagos H-cimke) | ts=2026-10-05
H3661	H3657	BDB4088	כַּנָּה	igen	scope=konkordancia/lexikonok_nyers/BDB.lexicon + konkordancia/BDB_teljes_unabridged.tsv | forras=eszkozok/bdb_strong_potlas.py --alias (masodlagos H-cimke) | ts=2026-10-05
H3696	H3694,H8396	BDB4126	כְּסֻלּוֺת	igen	scope=konkordancia/lexikonok_nyers/BDB.lexicon + konkordancia/BDB_teljes_unabridged.tsv | forras=eszkozok/bdb_strong_potlas.py --alias (masodlagos H-cimke) | ts=2026-10-05
H3726	H3723	BDB4164	כָּפָר	igen	scope=konkordancia/lexikonok_nyers/BDB.lexicon + konkordancia/BDB_teljes_unabridged.tsv | forras=eszkozok/bdb_strong_potlas.py --alias (masodlagos H-cimke) | ts=2026-10-05
H3743	H3742	BDB4186	כְּרוּב	igen	scope=konkordancia/lexikonok_nyers/BDB.lexicon + konkordancia/BDB_teljes_unabridged.tsv | forras=eszkozok/bdb_strong_potlas.py --alias (masodlagos H-cimke) | ts=2026-10-05
H3762	H3761	BDB4202	כַּרְמְלִי	igen	scope=konkordancia/lexikonok_nyers/BDB.lexicon + konkordancia/BDB_teljes_unabridged.tsv | forras=eszkozok/bdb_strong_potlas.py --alias (masodlagos H-cimke) | ts=2026-10-05
H3769	H3603	BDB9625	כרר	igen	scope=konkordancia/lexikonok_nyers/BDB.lexicon + konkordancia/BDB_teljes_unabridged.tsv | forras=eszkozok/bdb_strong_potlas.py --alias (masodlagos H-cimke) | ts=2026-10-05
H3773	H3772	BDB4216	כָּרַת	igen	scope=konkordancia/lexikonok_nyers/BDB.lexicon + konkordancia/BDB_teljes_unabridged.tsv | forras=eszkozok/bdb_strong_potlas.py --alias (masodlagos H-cimke) | ts=2026-10-05
H3790	H3789	BDB9628	כְּתַב	igen	scope=konkordancia/lexikonok_nyers/BDB.lexicon + konkordancia/BDB_teljes_unabridged.tsv | forras=eszkozok/bdb_strong_potlas.py --alias (masodlagos H-cimke) | ts=2026-10-05
H3797	H3796	BDB9630	כְּתַל	igen	scope=konkordancia/lexikonok_nyers/BDB.lexicon + konkordancia/BDB_teljes_unabridged.tsv | forras=eszkozok/bdb_strong_potlas.py --alias (masodlagos H-cimke) | ts=2026-10-05
H3821	H3820	BDB9636	לֵב	igen	scope=konkordancia/lexikonok_nyers/BDB.lexicon + konkordancia/BDB_teljes_unabridged.tsv | forras=eszkozok/bdb_strong_potlas.py --alias (masodlagos H-cimke) | ts=2026-10-05
H3825	H3824	BDB9635	לְבַב	igen	scope=konkordancia/lexikonok_nyers/BDB.lexicon + konkordancia/BDB_teljes_unabridged.tsv | forras=eszkozok/bdb_strong_potlas.py --alias (masodlagos H-cimke) | ts=2026-10-05
H3827	H3852	BDB4330	לֶהָבָה	igen	scope=konkordancia/lexikonok_nyers/BDB.lexicon + konkordancia/BDB_teljes_unabridged.tsv | forras=eszkozok/bdb_strong_potlas.py --alias (masodlagos H-cimke) | ts=2026-10-05
H3831	H3830	BDB9638	לְְבוּשׁ	igen	scope=konkordancia/lexikonok_nyers/BDB.lexicon + konkordancia/BDB_teljes_unabridged.tsv | forras=eszkozok/bdb_strong_potlas.py --alias (masodlagos H-cimke) | ts=2026-10-05
H3840	H3843	BDB4317	לְבֵנָה	igen	scope=konkordancia/lexikonok_nyers/BDB.lexicon + konkordancia/BDB_teljes_unabridged.tsv | forras=eszkozok/bdb_strong_potlas.py --alias (masodlagos H-cimke) | ts=2026-10-05
H3848	H3847	BDB9637	לְבֵשׁ	igen	scope=konkordancia/lexikonok_nyers/BDB.lexicon + konkordancia/BDB_teljes_unabridged.tsv | forras=eszkozok/bdb_strong_potlas.py --alias (masodlagos H-cimke) | ts=2026-10-05
H3861	H1992,H2004,H3860	BDB2188	הֵ֫מָּה	igen	scope=konkordancia/lexikonok_nyers/BDB.lexicon + konkordancia/BDB_teljes_unabridged.tsv | forras=eszkozok/bdb_strong_potlas.py --alias (masodlagos H-cimke) | ts=2026-10-05
H3866	H3865	BDB4349	לוּד	igen	scope=konkordancia/lexikonok_nyers/BDB.lexicon + konkordancia/BDB_teljes_unabridged.tsv | forras=eszkozok/bdb_strong_potlas.py --alias (masodlagos H-cimke) | ts=2026-10-05
H3879	H3878	BDB9641	לֵוָי	igen	scope=konkordancia/lexikonok_nyers/BDB.lexicon + konkordancia/BDB_teljes_unabridged.tsv | forras=eszkozok/bdb_strong_potlas.py --alias (masodlagos H-cimke) | ts=2026-10-05
H3909	H3814,H3858	BDB4365	לָּט	igen	scope=konkordancia/lexikonok_nyers/BDB.lexicon + konkordancia/BDB_teljes_unabridged.tsv | forras=eszkozok/bdb_strong_potlas.py --alias (masodlagos H-cimke) | ts=2026-10-05
H3916	H3915	BDB9645	לֵילָא	igen	scope=konkordancia/lexikonok_nyers/BDB.lexicon + konkordancia/BDB_teljes_unabridged.tsv | forras=eszkozok/bdb_strong_potlas.py --alias (masodlagos H-cimke) | ts=2026-10-05
H3961	H3956	BDB9646	לִשָּׁן	igen	scope=konkordancia/lexikonok_nyers/BDB.lexicon + konkordancia/BDB_teljes_unabridged.tsv | forras=eszkozok/bdb_strong_potlas.py --alias (masodlagos H-cimke) | ts=2026-10-05
H3969	H3967	BDB9647	<big>מ</big>	igen	scope=konkordancia/lexikonok_nyers/BDB.lexicon + konkordancia/BDB_teljes_unabridged.tsv | forras=eszkozok/bdb_strong_potlas.py --alias (masodlagos H-cimke) | ts=2026-10-05
H3997	H3996	BDB948	מָבוֺא	igen	scope=konkordancia/lexikonok_nyers/BDB.lexicon + konkordancia/BDB_teljes_unabridged.tsv | forras=eszkozok/bdb_strong_potlas.py --alias (masodlagos H-cimke) | ts=2026-10-05
H4036	H4032	BDB1575	מָגוֺר	igen	scope=konkordancia/lexikonok_nyers/BDB.lexicon + konkordancia/BDB_teljes_unabridged.tsv | forras=eszkozok/bdb_strong_potlas.py --alias (masodlagos H-cimke) | ts=2026-10-05
H4040	H4039	BDB9416	מְגִלָּה	igen	scope=konkordancia/lexikonok_nyers/BDB.lexicon + konkordancia/BDB_teljes_unabridged.tsv | forras=eszkozok/bdb_strong_potlas.py --alias (masodlagos H-cimke) | ts=2026-10-05
H4059	H4058,H4128	BDB4510	מָדַד	igen	scope=konkordancia/lexikonok_nyers/BDB.lexicon + konkordancia/BDB_teljes_unabridged.tsv | forras=eszkozok/bdb_strong_potlas.py --alias (masodlagos H-cimke) | ts=2026-10-05
H4078	H1767,H4100	BDB4521	מַדַּי	igen	scope=konkordancia/lexikonok_nyers/BDB.lexicon + konkordancia/BDB_teljes_unabridged.tsv | forras=eszkozok/bdb_strong_potlas.py --alias (masodlagos H-cimke) | ts=2026-10-05
H4079	H4066,H4067,H4060	BDB1922	מָדוֺן	igen	scope=konkordancia/lexikonok_nyers/BDB.lexicon + konkordancia/BDB_teljes_unabridged.tsv | forras=eszkozok/bdb_strong_potlas.py --alias (masodlagos H-cimke) | ts=2026-10-05
H4090	H4066,H4067,H4060	BDB1922	מָדוֺן	igen	scope=konkordancia/lexikonok_nyers/BDB.lexicon + konkordancia/BDB_teljes_unabridged.tsv | forras=eszkozok/bdb_strong_potlas.py --alias (masodlagos H-cimke) | ts=2026-10-05
H4092	H4084	BDB1926	מִדְיָנִי	igen	scope=konkordancia/lexikonok_nyers/BDB.lexicon + konkordancia/BDB_teljes_unabridged.tsv | forras=eszkozok/bdb_strong_potlas.py --alias (masodlagos H-cimke) | ts=2026-10-05
H4101	H3964,H4100	BDB9652	מָה	igen	scope=konkordancia/lexikonok_nyers/BDB.lexicon + konkordancia/BDB_teljes_unabridged.tsv | forras=eszkozok/bdb_strong_potlas.py --alias (masodlagos H-cimke) | ts=2026-10-05
H4109	H4108	BDB2166	מַהֲלָךְ	igen	scope=konkordancia/lexikonok_nyers/BDB.lexicon + konkordancia/BDB_teljes_unabridged.tsv | forras=eszkozok/bdb_strong_potlas.py --alias (masodlagos H-cimke) | ts=2026-10-05
H4146	H4144	BDB3595	מוֺסָד	igen	scope=konkordancia/lexikonok_nyers/BDB.lexicon + konkordancia/BDB_teljes_unabridged.tsv | forras=eszkozok/bdb_strong_potlas.py --alias (masodlagos H-cimke) | ts=2026-10-05
H4153	H4573	BDB4749	ַמעַדְיָה	igen	scope=konkordancia/lexikonok_nyers/BDB.lexicon + konkordancia/BDB_teljes_unabridged.tsv | forras=eszkozok/bdb_strong_potlas.py --alias (masodlagos H-cimke) | ts=2026-10-05
H4154	H4571	BDB4747	מָעַד	igen	scope=konkordancia/lexikonok_nyers/BDB.lexicon + konkordancia/BDB_teljes_unabridged.tsv | forras=eszkozok/bdb_strong_potlas.py --alias (masodlagos H-cimke) | ts=2026-10-05
H4176	H4175	BDB3725	מוֺרֶה	igen	scope=konkordancia/lexikonok_nyers/BDB.lexicon + konkordancia/BDB_teljes_unabridged.tsv | forras=eszkozok/bdb_strong_potlas.py --alias (masodlagos H-cimke) | ts=2026-10-05
H4178	H4803	BDB4813	מָרַט	igen	scope=konkordancia/lexikonok_nyers/BDB.lexicon + konkordancia/BDB_teljes_unabridged.tsv | forras=eszkozok/bdb_strong_potlas.py --alias (masodlagos H-cimke) | ts=2026-10-05
H4193	H4191	BDB9653	מוֺת	igen	scope=konkordancia/lexikonok_nyers/BDB.lexicon + konkordancia/BDB_teljes_unabridged.tsv | forras=eszkozok/bdb_strong_potlas.py --alias (masodlagos H-cimke) | ts=2026-10-05
H4215	H2219	BDB2446	זָרָה	igen	scope=konkordancia/lexikonok_nyers/BDB.lexicon + konkordancia/BDB_teljes_unabridged.tsv | forras=eszkozok/bdb_strong_potlas.py --alias (masodlagos H-cimke) | ts=2026-10-05
H4282	H4281	BDB3185	מַחֲרֵשָׁה	igen	scope=konkordancia/lexikonok_nyers/BDB.lexicon + konkordancia/BDB_teljes_unabridged.tsv | forras=eszkozok/bdb_strong_potlas.py --alias (masodlagos H-cimke) | ts=2026-10-05
H4319	H4321	BDB4618	מִיכָֽיְהוּ	igen	scope=konkordancia/lexikonok_nyers/BDB.lexicon + konkordancia/BDB_teljes_unabridged.tsv | forras=eszkozok/bdb_strong_potlas.py --alias (masodlagos H-cimke) | ts=2026-10-05
H4328	H4145	BDB3594	מוּסָדָה	igen	scope=konkordancia/lexikonok_nyers/BDB.lexicon + konkordancia/BDB_teljes_unabridged.tsv | forras=eszkozok/bdb_strong_potlas.py --alias (masodlagos H-cimke) | ts=2026-10-05
H4333	H4332	BDB9656	מִישָׁאֵל	igen	scope=konkordancia/lexikonok_nyers/BDB.lexicon + konkordancia/BDB_teljes_unabridged.tsv | forras=eszkozok/bdb_strong_potlas.py --alias (masodlagos H-cimke) | ts=2026-10-05
H4336	H4335	BDB9657	מֵישַׁךְ	igen	scope=konkordancia/lexikonok_nyers/BDB.lexicon + konkordancia/BDB_teljes_unabridged.tsv | forras=eszkozok/bdb_strong_potlas.py --alias (masodlagos H-cimke) | ts=2026-10-05
H4342	H3527	BDB3899	כָּבַר	igen	scope=konkordancia/lexikonok_nyers/BDB.lexicon + konkordancia/BDB_teljes_unabridged.tsv | forras=eszkozok/bdb_strong_potlas.py --alias (masodlagos H-cimke) | ts=2026-10-05
H4389	H4388	BDB4259	מַכְתֵּשׁ	igen	scope=konkordancia/lexikonok_nyers/BDB.lexicon + konkordancia/BDB_teljes_unabridged.tsv | forras=eszkozok/bdb_strong_potlas.py --alias (masodlagos H-cimke) | ts=2026-10-05
H4391	H4390	BDB9658	מְלָא	igen	scope=konkordancia/lexikonok_nyers/BDB.lexicon + konkordancia/BDB_teljes_unabridged.tsv | forras=eszkozok/bdb_strong_potlas.py --alias (masodlagos H-cimke) | ts=2026-10-05
H4415	H1965,H1964	BDB9472	הֵיכַל	igen	scope=konkordancia/lexikonok_nyers/BDB.lexicon + konkordancia/BDB_teljes_unabridged.tsv | forras=eszkozok/bdb_strong_potlas.py --alias (masodlagos H-cimke) | ts=2026-10-05
H4430	H4429	BDB9662	מֶ֫לֶךְ	igen	scope=konkordancia/lexikonok_nyers/BDB.lexicon + konkordancia/BDB_teljes_unabridged.tsv | forras=eszkozok/bdb_strong_potlas.py --alias (masodlagos H-cimke) | ts=2026-10-05
H4444	H4428,H7769	BDB4686	מַלְכִישׁוּעַ	igen	scope=konkordancia/lexikonok_nyers/BDB.lexicon + konkordancia/BDB_teljes_unabridged.tsv | forras=eszkozok/bdb_strong_potlas.py --alias (masodlagos H-cimke) | ts=2026-10-05
H4504	H4503	BDB9675	מִנְחָה	igen	scope=konkordancia/lexikonok_nyers/BDB.lexicon + konkordancia/BDB_teljes_unabridged.tsv | forras=eszkozok/bdb_strong_potlas.py --alias (masodlagos H-cimke) | ts=2026-10-05
H4509	H4326	BDB4627	מִיָּמִן	igen	scope=konkordancia/lexikonok_nyers/BDB.lexicon + konkordancia/BDB_teljes_unabridged.tsv | forras=eszkozok/bdb_strong_potlas.py --alias (masodlagos H-cimke) | ts=2026-10-05
H4559	H4558	BDB5701	מִסְפָּר	nem	scope=konkordancia/lexikonok_nyers/BDB.lexicon + konkordancia/BDB_teljes_unabridged.tsv | forras=eszkozok/bdb_strong_potlas.py --alias (masodlagos H-cimke) | ts=2026-10-05
H4593	H4803	BDB4813	מָרַט	igen	scope=konkordancia/lexikonok_nyers/BDB.lexicon + konkordancia/BDB_teljes_unabridged.tsv | forras=eszkozok/bdb_strong_potlas.py --alias (masodlagos H-cimke) | ts=2026-10-05
H4610	H4608,H0131,H1032,H1483,H2776,H3872,H6731	BDB6079	מַעֲלֶה	igen	scope=konkordancia/lexikonok_nyers/BDB.lexicon + konkordancia/BDB_teljes_unabridged.tsv | forras=eszkozok/bdb_strong_potlas.py --alias (masodlagos H-cimke) | ts=2026-10-05
H4629	H4628	BDB6365	מַעֲרָב	igen	scope=konkordancia/lexikonok_nyers/BDB.lexicon + konkordancia/BDB_teljes_unabridged.tsv | forras=eszkozok/bdb_strong_potlas.py --alias (masodlagos H-cimke) | ts=2026-10-05
H4632	H4631	BDB6415	מְעָרָה	igen	scope=konkordancia/lexikonok_nyers/BDB.lexicon + konkordancia/BDB_teljes_unabridged.tsv | forras=eszkozok/bdb_strong_potlas.py --alias (masodlagos H-cimke) | ts=2026-10-05
H4663	H4662	BDB6741	מִפְקָד	igen	scope=konkordancia/lexikonok_nyers/BDB.lexicon + konkordancia/BDB_teljes_unabridged.tsv | forras=eszkozok/bdb_strong_potlas.py --alias (masodlagos H-cimke) | ts=2026-10-05
H4678	H4676,H5324	BDB5324	מַצֵּבָה	igen	scope=konkordancia/lexikonok_nyers/BDB.lexicon + konkordancia/BDB_teljes_unabridged.tsv | forras=eszkozok/bdb_strong_potlas.py --alias (masodlagos H-cimke) | ts=2026-10-05
H4704	H6810	BDB7166	צָעִיר	igen	scope=konkordancia/lexikonok_nyers/BDB.lexicon + konkordancia/BDB_teljes_unabridged.tsv | forras=eszkozok/bdb_strong_potlas.py --alias (masodlagos H-cimke) | ts=2026-10-05
H4798	H4797	BDB7839	מַרְזֵחַ	igen	scope=konkordancia/lexikonok_nyers/BDB.lexicon + konkordancia/BDB_teljes_unabridged.tsv | forras=eszkozok/bdb_strong_potlas.py --alias (masodlagos H-cimke) | ts=2026-10-05
H4804	H4803	BDB9680	מְרַט	igen	scope=konkordancia/lexikonok_nyers/BDB.lexicon + konkordancia/BDB_teljes_unabridged.tsv | forras=eszkozok/bdb_strong_potlas.py --alias (masodlagos H-cimke) | ts=2026-10-05
H4827	H7489	BDB8035	רָעַע	igen	scope=konkordancia/lexikonok_nyers/BDB.lexicon + konkordancia/BDB_teljes_unabridged.tsv | forras=eszkozok/bdb_strong_potlas.py --alias (masodlagos H-cimke) | ts=2026-10-05
H4873	H4872	BDB9681	מֹשֶׁה	igen	scope=konkordancia/lexikonok_nyers/BDB.lexicon + konkordancia/BDB_teljes_unabridged.tsv | forras=eszkozok/bdb_strong_potlas.py --alias (masodlagos H-cimke) | ts=2026-10-05
H4887	H4886	BDB9682	מְשַׁח	igen	scope=konkordancia/lexikonok_nyers/BDB.lexicon + konkordancia/BDB_teljes_unabridged.tsv | forras=eszkozok/bdb_strong_potlas.py --alias (masodlagos H-cimke) | ts=2026-10-05
H4921	H4919	BDB8748	מְשִׁלֵּמוֺת	igen	scope=konkordancia/lexikonok_nyers/BDB.lexicon + konkordancia/BDB_teljes_unabridged.tsv | forras=eszkozok/bdb_strong_potlas.py --alias (masodlagos H-cimke) | ts=2026-10-05
H4930	H4548	BDB5640	מַסְמֵר	igen	scope=konkordancia/lexikonok_nyers/BDB.lexicon + konkordancia/BDB_teljes_unabridged.tsv | forras=eszkozok/bdb_strong_potlas.py --alias (masodlagos H-cimke) | ts=2026-10-05
H4961	H4960	BDB9991	מִשְׁתֵּי	igen	scope=konkordancia/lexikonok_nyers/BDB.lexicon + konkordancia/BDB_teljes_unabridged.tsv | forras=eszkozok/bdb_strong_potlas.py --alias (masodlagos H-cimke) | ts=2026-10-05
H4965	H0522	BDB521	אַמָּה	igen	scope=konkordancia/lexikonok_nyers/BDB.lexicon + konkordancia/BDB_teljes_unabridged.tsv | forras=eszkozok/bdb_strong_potlas.py --alias (masodlagos H-cimke) | ts=2026-10-05
H4973	H4459	BDB9181	מְתַלְּיוֺת	igen	scope=konkordancia/lexikonok_nyers/BDB.lexicon + konkordancia/BDB_teljes_unabridged.tsv | forras=eszkozok/bdb_strong_potlas.py --alias (masodlagos H-cimke) | ts=2026-10-05
H4988	H4985	BDB4901	מָתֹק	igen	scope=konkordancia/lexikonok_nyers/BDB.lexicon + konkordancia/BDB_teljes_unabridged.tsv | forras=eszkozok/bdb_strong_potlas.py --alias (masodlagos H-cimke) | ts=2026-10-05
H5013	H5012	BDB9683	<big>נ</big>	igen	scope=konkordancia/lexikonok_nyers/BDB.lexicon + konkordancia/BDB_teljes_unabridged.tsv | forras=eszkozok/bdb_strong_potlas.py --alias (masodlagos H-cimke) | ts=2026-10-05
H5020	H5019	BDB9686	נְבוּכַדְנֶצַּר	igen	scope=konkordancia/lexikonok_nyers/BDB.lexicon + konkordancia/BDB_teljes_unabridged.tsv | forras=eszkozok/bdb_strong_potlas.py --alias (masodlagos H-cimke) | ts=2026-10-05
H5103	H5102	BDB9696	נְהַר	igen	scope=konkordancia/lexikonok_nyers/BDB.lexicon + konkordancia/BDB_teljes_unabridged.tsv | forras=eszkozok/bdb_strong_potlas.py --alias (masodlagos H-cimke) | ts=2026-10-05
H5111	H5075,H5110	BDB9699	נוּד	igen	scope=konkordancia/lexikonok_nyers/BDB.lexicon + konkordancia/BDB_teljes_unabridged.tsv | forras=eszkozok/bdb_strong_potlas.py --alias (masodlagos H-cimke) | ts=2026-10-05
H5182	H5181	BDB9704	נְחֵת	igen	scope=konkordancia/lexikonok_nyers/BDB.lexicon + konkordancia/BDB_teljes_unabridged.tsv | forras=eszkozok/bdb_strong_potlas.py --alias (masodlagos H-cimke) | ts=2026-10-05
H5191	H5190	BDB9705	נְטַל	igen	scope=konkordancia/lexikonok_nyers/BDB.lexicon + konkordancia/BDB_teljes_unabridged.tsv | forras=eszkozok/bdb_strong_potlas.py --alias (masodlagos H-cimke) | ts=2026-10-05
H5227	H5226	BDB5199	נֹ֫כַח	igen	scope=konkordancia/lexikonok_nyers/BDB.lexicon + konkordancia/BDB_teljes_unabridged.tsv | forras=eszkozok/bdb_strong_potlas.py --alias (masodlagos H-cimke) | ts=2026-10-05
H5229	H5228	BDB5200	נָכֹחַ	igen	scope=konkordancia/lexikonok_nyers/BDB.lexicon + konkordancia/BDB_teljes_unabridged.tsv | forras=eszkozok/bdb_strong_potlas.py --alias (masodlagos H-cimke) | ts=2026-10-05
H5256	H5255	BDB9710	נְסַח	igen	scope=konkordancia/lexikonok_nyers/BDB.lexicon + konkordancia/BDB_teljes_unabridged.tsv | forras=eszkozok/bdb_strong_potlas.py --alias (masodlagos H-cimke) | ts=2026-10-05
H5260	H5258	BDB9711	נְסַךְ	igen	scope=konkordancia/lexikonok_nyers/BDB.lexicon + konkordancia/BDB_teljes_unabridged.tsv | forras=eszkozok/bdb_strong_potlas.py --alias (masodlagos H-cimke) | ts=2026-10-05
H5267	H5559	BDB9737	סְלֵק	igen	scope=konkordancia/lexikonok_nyers/BDB.lexicon + konkordancia/BDB_teljes_unabridged.tsv | forras=eszkozok/bdb_strong_potlas.py --alias (masodlagos H-cimke) | ts=2026-10-05
H5297	H4644	BDB4773	מֹף	igen	scope=konkordancia/lexikonok_nyers/BDB.lexicon + konkordancia/BDB_teljes_unabridged.tsv | forras=eszkozok/bdb_strong_potlas.py --alias (masodlagos H-cimke) | ts=2026-10-05
H5304	H5300	BDB5295	נפיסים	igen	scope=konkordancia/lexikonok_nyers/BDB.lexicon + konkordancia/BDB_teljes_unabridged.tsv | forras=eszkozok/bdb_strong_potlas.py --alias (masodlagos H-cimke) | ts=2026-10-05
H5308	H5307	BDB9713	נְפַל	igen	scope=konkordancia/lexikonok_nyers/BDB.lexicon + konkordancia/BDB_teljes_unabridged.tsv | forras=eszkozok/bdb_strong_potlas.py --alias (masodlagos H-cimke) | ts=2026-10-05
H5326	H5324	BDB9716	נִצְבָּה	igen	scope=konkordancia/lexikonok_nyers/BDB.lexicon + konkordancia/BDB_teljes_unabridged.tsv | forras=eszkozok/bdb_strong_potlas.py --alias (masodlagos H-cimke) | ts=2026-10-05
H5330	H5329	BDB9717	נְצַח	igen	scope=konkordancia/lexikonok_nyers/BDB.lexicon + konkordancia/BDB_teljes_unabridged.tsv | forras=eszkozok/bdb_strong_potlas.py --alias (masodlagos H-cimke) | ts=2026-10-05
H5338	H5337	BDB9718	נְצַל	igen	scope=konkordancia/lexikonok_nyers/BDB.lexicon + konkordancia/BDB_teljes_unabridged.tsv | forras=eszkozok/bdb_strong_potlas.py --alias (masodlagos H-cimke) | ts=2026-10-05
H5368	H5367	BDB9720	נְקַשׁ	igen	scope=konkordancia/lexikonok_nyers/BDB.lexicon + konkordancia/BDB_teljes_unabridged.tsv | forras=eszkozok/bdb_strong_potlas.py --alias (masodlagos H-cimke) | ts=2026-10-05
H5372	H7279	BDB7754	רָגַן	igen	scope=konkordancia/lexikonok_nyers/BDB.lexicon + konkordancia/BDB_teljes_unabridged.tsv | forras=eszkozok/bdb_strong_potlas.py --alias (masodlagos H-cimke) | ts=2026-10-05
H5376	H5375	BDB9721	נְשָׂא	igen	scope=konkordancia/lexikonok_nyers/BDB.lexicon + konkordancia/BDB_teljes_unabridged.tsv | forras=eszkozok/bdb_strong_potlas.py --alias (masodlagos H-cimke) | ts=2026-10-05
H5383	H5378	BDB5401	נָשָׁא	igen	scope=konkordancia/lexikonok_nyers/BDB.lexicon + konkordancia/BDB_teljes_unabridged.tsv | forras=eszkozok/bdb_strong_potlas.py --alias (masodlagos H-cimke) | ts=2026-10-05
H5396	H5395,H5397	BDB9722	נִשְׁמָה	igen	scope=konkordancia/lexikonok_nyers/BDB.lexicon + konkordancia/BDB_teljes_unabridged.tsv | forras=eszkozok/bdb_strong_potlas.py --alias (masodlagos H-cimke) | ts=2026-10-05
H5415	H5414	BDB9726	נְתַן	igen	scope=konkordancia/lexikonok_nyers/BDB.lexicon + konkordancia/BDB_teljes_unabridged.tsv | forras=eszkozok/bdb_strong_potlas.py --alias (masodlagos H-cimke) | ts=2026-10-05
H5463	H5462	BDB9733	סְגַר	igen	scope=konkordancia/lexikonok_nyers/BDB.lexicon + konkordancia/BDB_teljes_unabridged.tsv | forras=eszkozok/bdb_strong_potlas.py --alias (masodlagos H-cimke) | ts=2026-10-05
H5472	H5253	BDB5515	סוּג	igen	scope=konkordancia/lexikonok_nyers/BDB.lexicon + konkordancia/BDB_teljes_unabridged.tsv | forras=eszkozok/bdb_strong_potlas.py --alias (masodlagos H-cimke) | ts=2026-10-05
H5494	H5493,H5637,H8269	BDB5544	סוּר	igen	scope=konkordancia/lexikonok_nyers/BDB.lexicon + konkordancia/BDB_teljes_unabridged.tsv | forras=eszkozok/bdb_strong_potlas.py --alias (masodlagos H-cimke) | ts=2026-10-05
H5505	H5504	BDB5556	סַ֫חַר	igen	scope=konkordancia/lexikonok_nyers/BDB.lexicon + konkordancia/BDB_teljes_unabridged.tsv | forras=eszkozok/bdb_strong_potlas.py --alias (masodlagos H-cimke) | ts=2026-10-05
H5574	H5570	BDB5645	סְנוּאָה	igen	scope=konkordancia/lexikonok_nyers/BDB.lexicon + konkordancia/BDB_teljes_unabridged.tsv | forras=eszkozok/bdb_strong_potlas.py --alias (masodlagos H-cimke) | ts=2026-10-05
H5598	H5593	BDB5690	סַף	igen	scope=konkordancia/lexikonok_nyers/BDB.lexicon + konkordancia/BDB_teljes_unabridged.tsv | forras=eszkozok/bdb_strong_potlas.py --alias (masodlagos H-cimke) | ts=2026-10-05
H5626	H0953	BDB886	בּוֺר הַסִּרָה	nem	scope=konkordancia/lexikonok_nyers/BDB.lexicon + konkordancia/BDB_teljes_unabridged.tsv | forras=eszkozok/bdb_strong_potlas.py --alias (masodlagos H-cimke) | ts=2026-10-05
H5635	H8313	BDB8331	שָׂרַף	igen	scope=konkordancia/lexikonok_nyers/BDB.lexicon + konkordancia/BDB_teljes_unabridged.tsv | forras=eszkozok/bdb_strong_potlas.py --alias (masodlagos H-cimke) | ts=2026-10-05
H5673	H5656	BDB9748	עֲבִידָה	igen	scope=konkordancia/lexikonok_nyers/BDB.lexicon + konkordancia/BDB_teljes_unabridged.tsv | forras=eszkozok/bdb_strong_potlas.py --alias (masodlagos H-cimke) | ts=2026-10-05
H5722	H5719	BDB5828	עָדִין	igen	scope=konkordancia/lexikonok_nyers/BDB.lexicon + konkordancia/BDB_teljes_unabridged.tsv | forras=eszkozok/bdb_strong_potlas.py --alias (masodlagos H-cimke) | ts=2026-10-05
H5735	H6177	BDB6420	עֲרֹעֵר	igen	scope=konkordancia/lexikonok_nyers/BDB.lexicon + konkordancia/BDB_teljes_unabridged.tsv | forras=eszkozok/bdb_strong_potlas.py --alias (masodlagos H-cimke) | ts=2026-10-05
H5745	H5658	BDB5760	עוֺבָל	igen	scope=konkordancia/lexikonok_nyers/BDB.lexicon + konkordancia/BDB_teljes_unabridged.tsv | forras=eszkozok/bdb_strong_potlas.py --alias (masodlagos H-cimke) | ts=2026-10-05
H5751	H5750	BDB9754	עוֺד	igen	scope=konkordancia/lexikonok_nyers/BDB.lexicon + konkordancia/BDB_teljes_unabridged.tsv | forras=eszkozok/bdb_strong_potlas.py --alias (masodlagos H-cimke) | ts=2026-10-05
H5758	H5753,H5771	BDB9755	עֲוָיָה	igen	scope=konkordancia/lexikonok_nyers/BDB.lexicon + konkordancia/BDB_teljes_unabridged.tsv | forras=eszkozok/bdb_strong_potlas.py --alias (masodlagos H-cimke) | ts=2026-10-05
H5761	H5757	BDB5872	עַוִּי	igen	scope=konkordancia/lexikonok_nyers/BDB.lexicon + konkordancia/BDB_teljes_unabridged.tsv | forras=eszkozok/bdb_strong_potlas.py --alias (masodlagos H-cimke) | ts=2026-10-05
H5776	H5774	BDB9756	עוֺף	igen	scope=konkordancia/lexikonok_nyers/BDB.lexicon + konkordancia/BDB_teljes_unabridged.tsv | forras=eszkozok/bdb_strong_potlas.py --alias (masodlagos H-cimke) | ts=2026-10-05
H5831	H5830	BDB9759	עֶזְרָא	igen	scope=konkordancia/lexikonok_nyers/BDB.lexicon + konkordancia/BDB_teljes_unabridged.tsv | forras=eszkozok/bdb_strong_potlas.py --alias (masodlagos H-cimke) | ts=2026-10-05
H5839	H5838	BDB9760	עֲזַרְיָה	igen	scope=konkordancia/lexikonok_nyers/BDB.lexicon + konkordancia/BDB_teljes_unabridged.tsv | forras=eszkozok/bdb_strong_potlas.py --alias (masodlagos H-cimke) | ts=2026-10-05
H5843	H2942	BDB9586	עֵטָא	igen	scope=konkordancia/lexikonok_nyers/BDB.lexicon + konkordancia/BDB_teljes_unabridged.tsv | forras=eszkozok/bdb_strong_potlas.py --alias (masodlagos H-cimke) | ts=2026-10-05
H5853	H5852,H5854	BDB5999	עֲטָרוֺת	igen	scope=konkordancia/lexikonok_nyers/BDB.lexicon + konkordancia/BDB_teljes_unabridged.tsv | forras=eszkozok/bdb_strong_potlas.py --alias (masodlagos H-cimke) | ts=2026-10-05
H5855	H5852,H5854	BDB5999	עֲטָרוֺת	igen	scope=konkordancia/lexikonok_nyers/BDB.lexicon + konkordancia/BDB_teljes_unabridged.tsv | forras=eszkozok/bdb_strong_potlas.py --alias (masodlagos H-cimke) | ts=2026-10-05
H5865	H5769	BDB6119	עוֺלָם	igen	scope=konkordancia/lexikonok_nyers/BDB.lexicon + konkordancia/BDB_teljes_unabridged.tsv | forras=eszkozok/bdb_strong_potlas.py --alias (masodlagos H-cimke) | ts=2026-10-05
H5870	H5869	BDB9761	עַ֫יִן	igen	scope=konkordancia/lexikonok_nyers/BDB.lexicon + konkordancia/BDB_teljes_unabridged.tsv | forras=eszkozok/bdb_strong_potlas.py --alias (masodlagos H-cimke) | ts=2026-10-05
H5875	H5869,H5871,H5878,H8179	BDB6016	עַ֫יִן	igen	scope=konkordancia/lexikonok_nyers/BDB.lexicon + konkordancia/BDB_teljes_unabridged.tsv | forras=eszkozok/bdb_strong_potlas.py --alias (masodlagos H-cimke) | ts=2026-10-05
H5881	H2704,H2703	BDB6030	עֵינָן	igen	scope=konkordancia/lexikonok_nyers/BDB.lexicon + konkordancia/BDB_teljes_unabridged.tsv | forras=eszkozok/bdb_strong_potlas.py --alias (masodlagos H-cimke) | ts=2026-10-05
H5883	H5869,H5871,H5878,H8179	BDB6016	עַ֫יִן	igen	scope=konkordancia/lexikonok_nyers/BDB.lexicon + konkordancia/BDB_teljes_unabridged.tsv | forras=eszkozok/bdb_strong_potlas.py --alias (masodlagos H-cimke) | ts=2026-10-05
H5886	H5869,H5871,H5878,H8179	BDB6016	עַ֫יִן	igen	scope=konkordancia/lexikonok_nyers/BDB.lexicon + konkordancia/BDB_teljes_unabridged.tsv | forras=eszkozok/bdb_strong_potlas.py --alias (masodlagos H-cimke) | ts=2026-10-05
H5888	H5774	BDB6033	עִיף	igen	scope=konkordancia/lexikonok_nyers/BDB.lexicon + konkordancia/BDB_teljes_unabridged.tsv | forras=eszkozok/bdb_strong_potlas.py --alias (masodlagos H-cimke) | ts=2026-10-05
H5899	H3405	BDB6039	עִיר הַתְּמָרִים	nem	scope=konkordancia/lexikonok_nyers/BDB.lexicon + konkordancia/BDB_teljes_unabridged.tsv | forras=eszkozok/bdb_strong_potlas.py --alias (masodlagos H-cimke) | ts=2026-10-05
H5917	H5912	BDB6054	עָכָן	igen	scope=konkordancia/lexikonok_nyers/BDB.lexicon + konkordancia/BDB_teljes_unabridged.tsv | forras=eszkozok/bdb_strong_potlas.py --alias (masodlagos H-cimke) | ts=2026-10-05
H5921	H3588,H3651	BDB3996	כִּי עַל כֵּן	igen	scope=konkordancia/lexikonok_nyers/BDB.lexicon + konkordancia/BDB_teljes_unabridged.tsv | forras=eszkozok/bdb_strong_potlas.py --alias (masodlagos H-cimke) | ts=2026-10-05
H5932	H5766	BDB6086	עַלְוָה	igen	scope=konkordancia/lexikonok_nyers/BDB.lexicon + konkordancia/BDB_teljes_unabridged.tsv | forras=eszkozok/bdb_strong_potlas.py --alias (masodlagos H-cimke) | ts=2026-10-05
H5946	H5945	BDB9766	עֶלְיוֺן	igen	scope=konkordancia/lexikonok_nyers/BDB.lexicon + konkordancia/BDB_teljes_unabridged.tsv | forras=eszkozok/bdb_strong_potlas.py --alias (masodlagos H-cimke) | ts=2026-10-05
H5961	H4192	BDB6111	עֲלָמוֺת	igen	scope=konkordancia/lexikonok_nyers/BDB.lexicon + konkordancia/BDB_teljes_unabridged.tsv | forras=eszkozok/bdb_strong_potlas.py --alias (masodlagos H-cimke) | ts=2026-10-05
H5972	H5971	BDB9776	עַם	igen	scope=konkordancia/lexikonok_nyers/BDB.lexicon + konkordancia/BDB_teljes_unabridged.tsv | forras=eszkozok/bdb_strong_potlas.py --alias (masodlagos H-cimke) | ts=2026-10-05
H5974	H5973	BDB9777	עִם	igen	scope=konkordancia/lexikonok_nyers/BDB.lexicon + konkordancia/BDB_teljes_unabridged.tsv | forras=eszkozok/bdb_strong_potlas.py --alias (masodlagos H-cimke) | ts=2026-10-05
H5976	H4571	BDB4747	מָעַד	igen	scope=konkordancia/lexikonok_nyers/BDB.lexicon + konkordancia/BDB_teljes_unabridged.tsv | forras=eszkozok/bdb_strong_potlas.py --alias (masodlagos H-cimke) | ts=2026-10-05
H5978	H5973	BDB6145	עִם	igen	scope=konkordancia/lexikonok_nyers/BDB.lexicon + konkordancia/BDB_teljes_unabridged.tsv | forras=eszkozok/bdb_strong_potlas.py --alias (masodlagos H-cimke) | ts=2026-10-05
H5985	H5984	BDB6151	עַמּוֺנִי	igen	scope=konkordancia/lexikonok_nyers/BDB.lexicon + konkordancia/BDB_teljes_unabridged.tsv | forras=eszkozok/bdb_strong_potlas.py --alias (masodlagos H-cimke) | ts=2026-10-05
H5993	H5971	BDB6144	עַם	igen	scope=konkordancia/lexikonok_nyers/BDB.lexicon + konkordancia/BDB_teljes_unabridged.tsv | forras=eszkozok/bdb_strong_potlas.py --alias (masodlagos H-cimke) | ts=2026-10-05
H6032	H6030	BDB9780	עֲנָה	igen	scope=konkordancia/lexikonok_nyers/BDB.lexicon + konkordancia/BDB_teljes_unabridged.tsv | forras=eszkozok/bdb_strong_potlas.py --alias (masodlagos H-cimke) | ts=2026-10-05
H6038	H6037	BDB6211	עֲנָוָה	igen	scope=konkordancia/lexikonok_nyers/BDB.lexicon + konkordancia/BDB_teljes_unabridged.tsv | forras=eszkozok/bdb_strong_potlas.py --alias (masodlagos H-cimke) | ts=2026-10-05
H6046	H5873	BDB6019	עֵין גַּנִּים	nem	scope=konkordancia/lexikonok_nyers/BDB.lexicon + konkordancia/BDB_teljes_unabridged.tsv | forras=eszkozok/bdb_strong_potlas.py --alias (masodlagos H-cimke) | ts=2026-10-05
H6062	H6061	BDB6237	עֲנָק	igen	scope=konkordancia/lexikonok_nyers/BDB.lexicon + konkordancia/BDB_teljes_unabridged.tsv | forras=eszkozok/bdb_strong_potlas.py --alias (masodlagos H-cimke) | ts=2026-10-05
H6077	H6076	BDB6252	עֹ֫פֶל	igen	scope=konkordancia/lexikonok_nyers/BDB.lexicon + konkordancia/BDB_teljes_unabridged.tsv | forras=eszkozok/bdb_strong_potlas.py --alias (masodlagos H-cimke) | ts=2026-10-05
H6159	H6158	BDB6367	עֹרֵב	igen	scope=konkordancia/lexikonok_nyers/BDB.lexicon + konkordancia/BDB_teljes_unabridged.tsv | forras=eszkozok/bdb_strong_potlas.py --alias (masodlagos H-cimke) | ts=2026-10-05
H6164	H1026	BDB1082	בֵּית הָֽעֲרָבָה	igen	scope=konkordancia/lexikonok_nyers/BDB.lexicon + konkordancia/BDB_teljes_unabridged.tsv | forras=eszkozok/bdb_strong_potlas.py --alias (masodlagos H-cimke) | ts=2026-10-05
H6173	H6168	BDB9797	עַרְוָה	igen	scope=konkordancia/lexikonok_nyers/BDB.lexicon + konkordancia/BDB_teljes_unabridged.tsv | forras=eszkozok/bdb_strong_potlas.py --alias (masodlagos H-cimke) | ts=2026-10-05
H6255	H6252	BDB6477	עַשְׁתָּרוֺת	igen	scope=konkordancia/lexikonok_nyers/BDB.lexicon + konkordancia/BDB_teljes_unabridged.tsv | forras=eszkozok/bdb_strong_potlas.py --alias (masodlagos H-cimke) | ts=2026-10-05
H6263	H6257,H6264	BDB9804	עֲתִיד	igen	scope=konkordancia/lexikonok_nyers/BDB.lexicon + konkordancia/BDB_teljes_unabridged.tsv | forras=eszkozok/bdb_strong_potlas.py --alias (masodlagos H-cimke) | ts=2026-10-05
H6268	H6267,H6275	BDB9805	עַתִּיק	igen	scope=konkordancia/lexikonok_nyers/BDB.lexicon + konkordancia/BDB_teljes_unabridged.tsv | forras=eszkozok/bdb_strong_potlas.py --alias (masodlagos H-cimke) | ts=2026-10-05
H6358	H6362	BDB6595	פָּטַר	igen	scope=konkordancia/lexikonok_nyers/BDB.lexicon + konkordancia/BDB_teljes_unabridged.tsv | forras=eszkozok/bdb_strong_potlas.py --alias (masodlagos H-cimke) | ts=2026-10-05
H6359	H6362	BDB6595	פָּטַר	igen	scope=konkordancia/lexikonok_nyers/BDB.lexicon + konkordancia/BDB_teljes_unabridged.tsv | forras=eszkozok/bdb_strong_potlas.py --alias (masodlagos H-cimke) | ts=2026-10-05
H6366	H6310	BDB6536	פֶּה	igen	scope=konkordancia/lexikonok_nyers/BDB.lexicon + konkordancia/BDB_teljes_unabridged.tsv | forras=eszkozok/bdb_strong_potlas.py --alias (masodlagos H-cimke) | ts=2026-10-05
H6374	H6310	BDB6536	פֶּה	igen	scope=konkordancia/lexikonok_nyers/BDB.lexicon + konkordancia/BDB_teljes_unabridged.tsv | forras=eszkozok/bdb_strong_potlas.py --alias (masodlagos H-cimke) | ts=2026-10-05
H6386	H6385	BDB9809	פְּלַג	igen	scope=konkordancia/lexikonok_nyers/BDB.lexicon + konkordancia/BDB_teljes_unabridged.tsv | forras=eszkozok/bdb_strong_potlas.py --alias (masodlagos H-cimke) | ts=2026-10-05
H6407	H1046	BDB1083	בֵּית פָּ֑לֶט	nem	scope=konkordancia/lexikonok_nyers/BDB.lexicon + konkordancia/BDB_teljes_unabridged.tsv | forras=eszkozok/bdb_strong_potlas.py --alias (masodlagos H-cimke) | ts=2026-10-05
H6422	H6423	BDB6634	פְּלֹנִי	nem	scope=konkordancia/lexikonok_nyers/BDB.lexicon + konkordancia/BDB_teljes_unabridged.tsv | forras=eszkozok/bdb_strong_potlas.py --alias (masodlagos H-cimke) | ts=2026-10-05
H6433	H6310	BDB9814	פֻּם	nem	scope=konkordancia/lexikonok_nyers/BDB.lexicon + konkordancia/BDB_teljes_unabridged.tsv | forras=eszkozok/bdb_strong_potlas.py --alias (masodlagos H-cimke) | ts=2026-10-05
H6438	H6434	BDB6687	פִּנָּה	nem	scope=konkordancia/lexikonok_nyers/BDB.lexicon + konkordancia/BDB_teljes_unabridged.tsv | forras=eszkozok/bdb_strong_potlas.py --alias (masodlagos H-cimke) | ts=2026-10-05
H6450	H0658	BDB675	אֶ֫פֶס דַּמִּים	igen	scope=konkordancia/lexikonok_nyers/BDB.lexicon + konkordancia/BDB_teljes_unabridged.tsv | forras=eszkozok/bdb_strong_potlas.py --alias (masodlagos H-cimke) | ts=2026-10-05
H6512	H2661	BDB3017	חֲפַרְפָּרָה	nem	scope=konkordancia/lexikonok_nyers/BDB.lexicon + konkordancia/BDB_teljes_unabridged.tsv | forras=eszkozok/bdb_strong_potlas.py --alias (masodlagos H-cimke) | ts=2026-10-05
H6546	H6545	BDB6800	פֶּ֫רַע	igen	scope=konkordancia/lexikonok_nyers/BDB.lexicon + konkordancia/BDB_teljes_unabridged.tsv | forras=eszkozok/bdb_strong_potlas.py --alias (masodlagos H-cimke) | ts=2026-10-05
H6559	H6556	BDB6807	פֶּ֫רֶץ	igen	scope=konkordancia/lexikonok_nyers/BDB.lexicon + konkordancia/BDB_teljes_unabridged.tsv | forras=eszkozok/bdb_strong_potlas.py --alias (masodlagos H-cimke) | ts=2026-10-05
H6560	H6557	BDB6808	פֶ֫רֶץ	igen	scope=konkordancia/lexikonok_nyers/BDB.lexicon + konkordancia/BDB_teljes_unabridged.tsv | forras=eszkozok/bdb_strong_potlas.py --alias (masodlagos H-cimke) | ts=2026-10-05
H6565	H6331	BDB6817	פָּרַר	igen	scope=konkordancia/lexikonok_nyers/BDB.lexicon + konkordancia/BDB_teljes_unabridged.tsv | forras=eszkozok/bdb_strong_potlas.py --alias (masodlagos H-cimke) | ts=2026-10-05
H6568	H6567	BDB9824	פְּרַשׁ	igen	scope=konkordancia/lexikonok_nyers/BDB.lexicon + konkordancia/BDB_teljes_unabridged.tsv | forras=eszkozok/bdb_strong_potlas.py --alias (masodlagos H-cimke) | ts=2026-10-05
H6606	H6605	BDB9829	פְּתַח	igen	scope=konkordancia/lexikonok_nyers/BDB.lexicon + konkordancia/BDB_teljes_unabridged.tsv | forras=eszkozok/bdb_strong_potlas.py --alias (masodlagos H-cimke) | ts=2026-10-05
H6702	H3341	BDB7025	צוּת	igen	scope=konkordancia/lexikonok_nyers/BDB.lexicon + konkordancia/BDB_teljes_unabridged.tsv | forras=eszkozok/bdb_strong_potlas.py --alias (masodlagos H-cimke) | ts=2026-10-05
H6737	H6735,H6736	BDB7058	צִיר	igen	scope=konkordancia/lexikonok_nyers/BDB.lexicon + konkordancia/BDB_teljes_unabridged.tsv | forras=eszkozok/bdb_strong_potlas.py --alias (masodlagos H-cimke) | ts=2026-10-05
H6744	H6743	BDB9842	צְלַח	igen	scope=konkordancia/lexikonok_nyers/BDB.lexicon + konkordancia/BDB_teljes_unabridged.tsv | forras=eszkozok/bdb_strong_potlas.py --alias (masodlagos H-cimke) | ts=2026-10-05
H6752	H6738	BDB7079	צֵל	igen	scope=konkordancia/lexikonok_nyers/BDB.lexicon + konkordancia/BDB_teljes_unabridged.tsv | forras=eszkozok/bdb_strong_potlas.py --alias (masodlagos H-cimke) | ts=2026-10-05
H6755	H6754	BDB9843	צְלֵם	igen	scope=konkordancia/lexikonok_nyers/BDB.lexicon + konkordancia/BDB_teljes_unabridged.tsv | forras=eszkozok/bdb_strong_potlas.py --alias (masodlagos H-cimke) | ts=2026-10-05
H6799	H6630	BDB6902	צַאֲנָן	igen	scope=konkordancia/lexikonok_nyers/BDB.lexicon + konkordancia/BDB_teljes_unabridged.tsv | forras=eszkozok/bdb_strong_potlas.py --alias (masodlagos H-cimke) | ts=2026-10-05
H6820	H1106	BDB1151	בֶּ֫לַע	igen	scope=konkordancia/lexikonok_nyers/BDB.lexicon + konkordancia/BDB_teljes_unabridged.tsv | forras=eszkozok/bdb_strong_potlas.py --alias (masodlagos H-cimke) | ts=2026-10-05
H6827	H6837,H1189	BDB7178	צִפְיוֺן	igen	scope=konkordancia/lexikonok_nyers/BDB.lexicon + konkordancia/BDB_teljes_unabridged.tsv | forras=eszkozok/bdb_strong_potlas.py --alias (masodlagos H-cimke) | ts=2026-10-05
H6839	H6822	BDB7174	צָפָה	igen	scope=konkordancia/lexikonok_nyers/BDB.lexicon + konkordancia/BDB_teljes_unabridged.tsv | forras=eszkozok/bdb_strong_potlas.py --alias (masodlagos H-cimke) | ts=2026-10-05
H6853	H6833	BDB9844	צִפַּר	igen	scope=konkordancia/lexikonok_nyers/BDB.lexicon + konkordancia/BDB_teljes_unabridged.tsv | forras=eszkozok/bdb_strong_potlas.py --alias (masodlagos H-cimke) | ts=2026-10-05
H6897	H6896	BDB7281	קֵבָה	igen	scope=konkordancia/lexikonok_nyers/BDB.lexicon + konkordancia/BDB_teljes_unabridged.tsv | forras=eszkozok/bdb_strong_potlas.py --alias (masodlagos H-cimke) | ts=2026-10-05
H6902	H6901	BDB9848	קַבֵּל	igen	scope=konkordancia/lexikonok_nyers/BDB.lexicon + konkordancia/BDB_teljes_unabridged.tsv | forras=eszkozok/bdb_strong_potlas.py --alias (masodlagos H-cimke) | ts=2026-10-05
H6905	H6904	BDB7283	קְבֹל	igen	scope=konkordancia/lexikonok_nyers/BDB.lexicon + konkordancia/BDB_teljes_unabridged.tsv | forras=eszkozok/bdb_strong_potlas.py --alias (masodlagos H-cimke) | ts=2026-10-05
H6909	H3343	BDB7289	קַבְצְאֵל	igen	scope=konkordancia/lexikonok_nyers/BDB.lexicon + konkordancia/BDB_teljes_unabridged.tsv | forras=eszkozok/bdb_strong_potlas.py --alias (masodlagos H-cimke) | ts=2026-10-05
H6928	H6927	BDB9850	קַדְמָה	igen	scope=konkordancia/lexikonok_nyers/BDB.lexicon + konkordancia/BDB_teljes_unabridged.tsv | forras=eszkozok/bdb_strong_potlas.py --alias (masodlagos H-cimke) | ts=2026-10-05
H6944	H6946,H5880,H8483	BDB7327	קָדֵשׁ	igen	scope=konkordancia/lexikonok_nyers/BDB.lexicon + konkordancia/BDB_teljes_unabridged.tsv | forras=eszkozok/bdb_strong_potlas.py --alias (masodlagos H-cimke) | ts=2026-10-05
H6947	H5880	BDB6023	עֵין מִשְׁפָּטּ	nem	scope=konkordancia/lexikonok_nyers/BDB.lexicon + konkordancia/BDB_teljes_unabridged.tsv | forras=eszkozok/bdb_strong_potlas.py --alias (masodlagos H-cimke) | ts=2026-10-05
H6948	H6945	BDB7325	קָדֵּשׁ	igen	scope=konkordancia/lexikonok_nyers/BDB.lexicon + konkordancia/BDB_teljes_unabridged.tsv | forras=eszkozok/bdb_strong_potlas.py --alias (masodlagos H-cimke) | ts=2026-10-05
H6961	H6957	BDB7346	קַו	igen	scope=konkordancia/lexikonok_nyers/BDB.lexicon + konkordancia/BDB_teljes_unabridged.tsv | forras=eszkozok/bdb_strong_potlas.py --alias (masodlagos H-cimke) | ts=2026-10-05
H6966	H6965	BDB9856	קוּם	igen	scope=konkordancia/lexikonok_nyers/BDB.lexicon + konkordancia/BDB_teljes_unabridged.tsv | forras=eszkozok/bdb_strong_potlas.py --alias (masodlagos H-cimke) | ts=2026-10-05
H6978	H6979,H6957	BDB7348	קַוְקָו	igen	scope=konkordancia/lexikonok_nyers/BDB.lexicon + konkordancia/BDB_teljes_unabridged.tsv | forras=eszkozok/bdb_strong_potlas.py --alias (masodlagos H-cimke) | ts=2026-10-05
H6987	H6986	BDB7393	קֶ֫טֶב	igen	scope=konkordancia/lexikonok_nyers/BDB.lexicon + konkordancia/BDB_teljes_unabridged.tsv | forras=eszkozok/bdb_strong_potlas.py --alias (masodlagos H-cimke) | ts=2026-10-05
H6990	H5354,H6962,H6985	BDB7356	קוּט	igen	scope=konkordancia/lexikonok_nyers/BDB.lexicon + konkordancia/BDB_teljes_unabridged.tsv | forras=eszkozok/bdb_strong_potlas.py --alias (masodlagos H-cimke) | ts=2026-10-05
H6992	H6991	BDB9859	קְטַל	igen	scope=konkordancia/lexikonok_nyers/BDB.lexicon + konkordancia/BDB_teljes_unabridged.tsv | forras=eszkozok/bdb_strong_potlas.py --alias (masodlagos H-cimke) | ts=2026-10-05
H7006	H6958	BDB7419	קָיָה	igen	scope=konkordancia/lexikonok_nyers/BDB.lexicon + konkordancia/BDB_teljes_unabridged.tsv | forras=eszkozok/bdb_strong_potlas.py --alias (masodlagos H-cimke) | ts=2026-10-05
H7019	H6972	BDB7431	קַ֫יִץ	igen	scope=konkordancia/lexikonok_nyers/BDB.lexicon + konkordancia/BDB_teljes_unabridged.tsv | forras=eszkozok/bdb_strong_potlas.py --alias (masodlagos H-cimke) | ts=2026-10-05
H7029	H6984	BDB7390	קוּשָׁיָ֫הוּ	igen	scope=konkordancia/lexikonok_nyers/BDB.lexicon + konkordancia/BDB_teljes_unabridged.tsv | forras=eszkozok/bdb_strong_potlas.py --alias (masodlagos H-cimke) | ts=2026-10-05
H7041	H7042	BDB7447	קְלִיטָא	igen	scope=konkordancia/lexikonok_nyers/BDB.lexicon + konkordancia/BDB_teljes_unabridged.tsv | forras=eszkozok/bdb_strong_potlas.py --alias (masodlagos H-cimke) | ts=2026-10-05
H7063	H7057	BDB7474	קִמּוֺשׂ	igen	scope=konkordancia/lexikonok_nyers/BDB.lexicon + konkordancia/BDB_teljes_unabridged.tsv | forras=eszkozok/bdb_strong_potlas.py --alias (masodlagos H-cimke) | ts=2026-10-05
H7118	H7117	BDB9866	קְצָת	igen	scope=konkordancia/lexikonok_nyers/BDB.lexicon + konkordancia/BDB_teljes_unabridged.tsv | forras=eszkozok/bdb_strong_potlas.py --alias (masodlagos H-cimke) | ts=2026-10-05
H7125	H7122	BDB7557	קְרַאת	igen	scope=konkordancia/lexikonok_nyers/BDB.lexicon + konkordancia/BDB_teljes_unabridged.tsv | forras=eszkozok/bdb_strong_potlas.py --alias (masodlagos H-cimke) | ts=2026-10-05
H7127	H7126	BDB9870	קְרֵב	igen	scope=konkordancia/lexikonok_nyers/BDB.lexicon + konkordancia/BDB_teljes_unabridged.tsv | forras=eszkozok/bdb_strong_potlas.py --alias (masodlagos H-cimke) | ts=2026-10-05
H7162	H7161	BDB9873	קֶ֫רֶן	igen	scope=konkordancia/lexikonok_nyers/BDB.lexicon + konkordancia/BDB_teljes_unabridged.tsv | forras=eszkozok/bdb_strong_potlas.py --alias (masodlagos H-cimke) | ts=2026-10-05
H7178	H7156	BDB7577	קִרְיָתַ֫יִם	igen	scope=konkordancia/lexikonok_nyers/BDB.lexicon + konkordancia/BDB_teljes_unabridged.tsv | forras=eszkozok/bdb_strong_potlas.py --alias (masodlagos H-cimke) | ts=2026-10-05
H7201	H1676	BDB7655	<big>ר</big>	igen	scope=konkordancia/lexikonok_nyers/BDB.lexicon + konkordancia/BDB_teljes_unabridged.tsv | forras=eszkozok/bdb_strong_potlas.py --alias (masodlagos H-cimke) | ts=2026-10-05
H7207	H7200,H7203	BDB7656	רָאָה	igen	scope=konkordancia/lexikonok_nyers/BDB.lexicon + konkordancia/BDB_teljes_unabridged.tsv | forras=eszkozok/bdb_strong_potlas.py --alias (masodlagos H-cimke) | ts=2026-10-05
H7226	H7218,H4763,H7219,H7220	BDB7678	רֹאשׁ	igen	scope=konkordancia/lexikonok_nyers/BDB.lexicon + konkordancia/BDB_teljes_unabridged.tsv | forras=eszkozok/bdb_strong_potlas.py --alias (masodlagos H-cimke) | ts=2026-10-05
H7252	H7250	BDB7726	רָבַע	igen	scope=konkordancia/lexikonok_nyers/BDB.lexicon + konkordancia/BDB_teljes_unabridged.tsv | forras=eszkozok/bdb_strong_potlas.py --alias (masodlagos H-cimke) | ts=2026-10-05
H7260	H7229	BDB9880	רַב	igen	scope=konkordancia/lexikonok_nyers/BDB.lexicon + konkordancia/BDB_teljes_unabridged.tsv | forras=eszkozok/bdb_strong_potlas.py --alias (masodlagos H-cimke) | ts=2026-10-05
H7262	H7227,H7248,H7249,H8248	BDB7692	רַב	igen	scope=konkordancia/lexikonok_nyers/BDB.lexicon + konkordancia/BDB_teljes_unabridged.tsv | forras=eszkozok/bdb_strong_potlas.py --alias (masodlagos H-cimke) | ts=2026-10-05
H7265	H7264	BDB9888	רְגַז	igen	scope=konkordancia/lexikonok_nyers/BDB.lexicon + konkordancia/BDB_teljes_unabridged.tsv | forras=eszkozok/bdb_strong_potlas.py --alias (masodlagos H-cimke) | ts=2026-10-05
H7294	H7293	BDB7780	רַ֫הַב	igen	scope=konkordancia/lexikonok_nyers/BDB.lexicon + konkordancia/BDB_teljes_unabridged.tsv | forras=eszkozok/bdb_strong_potlas.py --alias (masodlagos H-cimke) | ts=2026-10-05
H7313	H7311	BDB9895	רוּם	igen	scope=konkordancia/lexikonok_nyers/BDB.lexicon + konkordancia/BDB_teljes_unabridged.tsv | forras=eszkozok/bdb_strong_potlas.py --alias (masodlagos H-cimke) | ts=2026-10-05
H7358	H7356	BDB7862	רֶ֫חֶם	igen	scope=konkordancia/lexikonok_nyers/BDB.lexicon + konkordancia/BDB_teljes_unabridged.tsv | forras=eszkozok/bdb_strong_potlas.py --alias (masodlagos H-cimke) | ts=2026-10-05
H7361	H7356	BDB7862	רֶ֫חֶם	igen	scope=konkordancia/lexikonok_nyers/BDB.lexicon + konkordancia/BDB_teljes_unabridged.tsv | forras=eszkozok/bdb_strong_potlas.py --alias (masodlagos H-cimke) | ts=2026-10-05
H7412	H7411	BDB9903	רְמָא	igen	scope=konkordancia/lexikonok_nyers/BDB.lexicon + konkordancia/BDB_teljes_unabridged.tsv | forras=eszkozok/bdb_strong_potlas.py --alias (masodlagos H-cimke) | ts=2026-10-05
H7421	H0761	BDB763	אֲרַמִּי	igen	scope=konkordancia/lexikonok_nyers/BDB.lexicon + konkordancia/BDB_teljes_unabridged.tsv | forras=eszkozok/bdb_strong_potlas.py --alias (masodlagos H-cimke) | ts=2026-10-05
H7427	H7319	BDB7817	רוֺמֵמוּת	igen	scope=konkordancia/lexikonok_nyers/BDB.lexicon + konkordancia/BDB_teljes_unabridged.tsv | forras=eszkozok/bdb_strong_potlas.py --alias (masodlagos H-cimke) | ts=2026-10-05
H7432	H7216,H1568,H7414,H7418,H3406	BDB7813	רָ(א)מוֺת	igen	scope=konkordancia/lexikonok_nyers/BDB.lexicon + konkordancia/BDB_teljes_unabridged.tsv | forras=eszkozok/bdb_strong_potlas.py --alias (masodlagos H-cimke) | ts=2026-10-05
H7433	H7216,H1568,H7414,H7418,H3406	BDB7813	רָ(א)מוֺת	igen	scope=konkordancia/lexikonok_nyers/BDB.lexicon + konkordancia/BDB_teljes_unabridged.tsv | forras=eszkozok/bdb_strong_potlas.py --alias (masodlagos H-cimke) | ts=2026-10-05
H7434	H4708	BDB7181	מִצְפֶּה	nem	scope=konkordancia/lexikonok_nyers/BDB.lexicon + konkordancia/BDB_teljes_unabridged.tsv | forras=eszkozok/bdb_strong_potlas.py --alias (masodlagos H-cimke) | ts=2026-10-05
H7436	H6689	BDB6995	צוּפִי	igen	scope=konkordancia/lexikonok_nyers/BDB.lexicon + konkordancia/BDB_teljes_unabridged.tsv | forras=eszkozok/bdb_strong_potlas.py --alias (masodlagos H-cimke) | ts=2026-10-05
H7437	H7418	BDB7812	רָ(א)מַת	igen	scope=konkordancia/lexikonok_nyers/BDB.lexicon + konkordancia/BDB_teljes_unabridged.tsv | forras=eszkozok/bdb_strong_potlas.py --alias (masodlagos H-cimke) | ts=2026-10-05
H7444	H7442,H7323	BDB7973	רָנַן	igen	scope=konkordancia/lexikonok_nyers/BDB.lexicon + konkordancia/BDB_teljes_unabridged.tsv | forras=eszkozok/bdb_strong_potlas.py --alias (masodlagos H-cimke) | ts=2026-10-05
H7465	H7489,H7462	BDB8036	רָעַע	igen	scope=konkordancia/lexikonok_nyers/BDB.lexicon + konkordancia/BDB_teljes_unabridged.tsv | forras=eszkozok/bdb_strong_potlas.py --alias (masodlagos H-cimke) | ts=2026-10-05
H7485	H7480	BDB8020	רְעֵלָיָה	igen	scope=konkordancia/lexikonok_nyers/BDB.lexicon + konkordancia/BDB_teljes_unabridged.tsv | forras=eszkozok/bdb_strong_potlas.py --alias (masodlagos H-cimke) | ts=2026-10-05
H7512	H7511	BDB9909	רְפַס	igen	scope=konkordancia/lexikonok_nyers/BDB.lexicon + konkordancia/BDB_teljes_unabridged.tsv | forras=eszkozok/bdb_strong_potlas.py --alias (masodlagos H-cimke) | ts=2026-10-05
H7515	H7511	BDB8064	רָפַס	igen	scope=konkordancia/lexikonok_nyers/BDB.lexicon + konkordancia/BDB_teljes_unabridged.tsv | forras=eszkozok/bdb_strong_potlas.py --alias (masodlagos H-cimke) | ts=2026-10-05
H7529	H7531	BDB8087	רִצְפָּה	igen	scope=konkordancia/lexikonok_nyers/BDB.lexicon + konkordancia/BDB_teljes_unabridged.tsv | forras=eszkozok/bdb_strong_potlas.py --alias (masodlagos H-cimke) | ts=2026-10-05
H7535	H7534	BDB8113	רַק	igen	scope=konkordancia/lexikonok_nyers/BDB.lexicon + konkordancia/BDB_teljes_unabridged.tsv | forras=eszkozok/bdb_strong_potlas.py --alias (masodlagos H-cimke) | ts=2026-10-05
H7560	H7559	BDB9910	רְשַׁם	igen	scope=konkordancia/lexikonok_nyers/BDB.lexicon + konkordancia/BDB_teljes_unabridged.tsv | forras=eszkozok/bdb_strong_potlas.py --alias (masodlagos H-cimke) | ts=2026-10-05
H7572	H7569	BDB8141	רַתּוֺק	igen	scope=konkordancia/lexikonok_nyers/BDB.lexicon + konkordancia/BDB_teljes_unabridged.tsv | forras=eszkozok/bdb_strong_potlas.py --alias (masodlagos H-cimke) | ts=2026-10-05
H7593	H7592	BDB9922	<big>שׁ</big>	igen	scope=konkordancia/lexikonok_nyers/BDB.lexicon + konkordancia/BDB_teljes_unabridged.tsv | forras=eszkozok/bdb_strong_potlas.py --alias (masodlagos H-cimke) | ts=2026-10-05
H7598	H7597	BDB8374	שְׁאַלְתִּיאֵל	igen	scope=konkordancia/lexikonok_nyers/BDB.lexicon + konkordancia/BDB_teljes_unabridged.tsv | forras=eszkozok/bdb_strong_potlas.py --alias (masodlagos H-cimke) | ts=2026-10-05
H7606	H7605	BDB9924	שְׁאָר	igen	scope=konkordancia/lexikonok_nyers/BDB.lexicon + konkordancia/BDB_teljes_unabridged.tsv | forras=eszkozok/bdb_strong_potlas.py --alias (masodlagos H-cimke) | ts=2026-10-05
H7608	H7607	BDB8386	שְׁאֵר	igen	scope=konkordancia/lexikonok_nyers/BDB.lexicon + konkordancia/BDB_teljes_unabridged.tsv | forras=eszkozok/bdb_strong_potlas.py --alias (masodlagos H-cimke) | ts=2026-10-05
H7654	H7653	BDB8154	שָׂבְעָה	igen	scope=konkordancia/lexikonok_nyers/BDB.lexicon + konkordancia/BDB_teljes_unabridged.tsv | forras=eszkozok/bdb_strong_potlas.py --alias (masodlagos H-cimke) | ts=2026-10-05
H7658	H7651	BDB8428	שִׁבְעָ֫נָה	igen	scope=konkordancia/lexikonok_nyers/BDB.lexicon + konkordancia/BDB_teljes_unabridged.tsv | forras=eszkozok/bdb_strong_potlas.py --alias (masodlagos H-cimke) | ts=2026-10-05
H7671	H7667	BDB8443	שֶׁ֫בֶר	igen	scope=konkordancia/lexikonok_nyers/BDB.lexicon + konkordancia/BDB_teljes_unabridged.tsv | forras=eszkozok/bdb_strong_potlas.py --alias (masodlagos H-cimke) | ts=2026-10-05
H7695	H7694	BDB9932	שֵׁגָל	igen	scope=konkordancia/lexikonok_nyers/BDB.lexicon + konkordancia/BDB_teljes_unabridged.tsv | forras=eszkozok/bdb_strong_potlas.py --alias (masodlagos H-cimke) | ts=2026-10-05
H7715	H7714	BDB9935	שַׁדְרַךְ	igen	scope=konkordancia/lexikonok_nyers/BDB.lexicon + konkordancia/BDB_teljes_unabridged.tsv | forras=eszkozok/bdb_strong_potlas.py --alias (masodlagos H-cimke) | ts=2026-10-05
H7734	H5253	BDB5515	סוּג	igen	scope=konkordancia/lexikonok_nyers/BDB.lexicon + konkordancia/BDB_teljes_unabridged.tsv | forras=eszkozok/bdb_strong_potlas.py --alias (masodlagos H-cimke) | ts=2026-10-05
H7735	H5473	BDB5517	סוּג	igen	scope=konkordancia/lexikonok_nyers/BDB.lexicon + konkordancia/BDB_teljes_unabridged.tsv | forras=eszkozok/bdb_strong_potlas.py --alias (masodlagos H-cimke) | ts=2026-10-05
H7738	H8663	BDB8501	תְּשֻׁאָה	igen	scope=konkordancia/lexikonok_nyers/BDB.lexicon + konkordancia/BDB_teljes_unabridged.tsv | forras=eszkozok/bdb_strong_potlas.py --alias (masodlagos H-cimke) | ts=2026-10-05
H7765	H7764	BDB8547	שׁוּנִי	igen	scope=konkordancia/lexikonok_nyers/BDB.lexicon + konkordancia/BDB_teljes_unabridged.tsv | forras=eszkozok/bdb_strong_potlas.py --alias (masodlagos H-cimke) | ts=2026-10-05
H7773	H7769	BDB8551	שׁוּעַ	igen	scope=konkordancia/lexikonok_nyers/BDB.lexicon + konkordancia/BDB_teljes_unabridged.tsv | forras=eszkozok/bdb_strong_potlas.py --alias (masodlagos H-cimke) | ts=2026-10-05
H7780	H7731	BDB8516	שׁוֺבַךְ	igen	scope=konkordancia/lexikonok_nyers/BDB.lexicon + konkordancia/BDB_teljes_unabridged.tsv | forras=eszkozok/bdb_strong_potlas.py --alias (masodlagos H-cimke) | ts=2026-10-05
H7792	H7791	BDB9943	שׁוּר	igen	scope=konkordancia/lexikonok_nyers/BDB.lexicon + konkordancia/BDB_teljes_unabridged.tsv | forras=eszkozok/bdb_strong_potlas.py --alias (masodlagos H-cimke) | ts=2026-10-05
H7820	H7819	BDB8587	שָׁחַט	igen	scope=konkordancia/lexikonok_nyers/BDB.lexicon + konkordancia/BDB_teljes_unabridged.tsv | forras=eszkozok/bdb_strong_potlas.py --alias (masodlagos H-cimke) | ts=2026-10-05
H7873	H5509	BDB5516	סִיג	igen	scope=konkordancia/lexikonok_nyers/BDB.lexicon + konkordancia/BDB_teljes_unabridged.tsv | forras=eszkozok/bdb_strong_potlas.py --alias (masodlagos H-cimke) | ts=2026-10-05
H7917	H7916	BDB8248	שָׂכִיר	igen	scope=konkordancia/lexikonok_nyers/BDB.lexicon + konkordancia/BDB_teljes_unabridged.tsv | forras=eszkozok/bdb_strong_potlas.py --alias (masodlagos H-cimke) | ts=2026-10-05
H7929	H7926,H7927	BDB8670	שְׁכֶם	igen	scope=konkordancia/lexikonok_nyers/BDB.lexicon + konkordancia/BDB_teljes_unabridged.tsv | forras=eszkozok/bdb_strong_potlas.py --alias (masodlagos H-cimke) | ts=2026-10-05
H7932	H4908,H7931	BDB9951	שְׁכֵן	igen	scope=konkordancia/lexikonok_nyers/BDB.lexicon + konkordancia/BDB_teljes_unabridged.tsv | forras=eszkozok/bdb_strong_potlas.py --alias (masodlagos H-cimke) | ts=2026-10-05
H7953	H7951,H7952	BDB8695	שָׁלָה	igen	scope=konkordancia/lexikonok_nyers/BDB.lexicon + konkordancia/BDB_teljes_unabridged.tsv | forras=eszkozok/bdb_strong_potlas.py --alias (masodlagos H-cimke) | ts=2026-10-05
H7960	H7955,H7596	BDB9955	שָׁלוּ	igen	scope=konkordancia/lexikonok_nyers/BDB.lexicon + konkordancia/BDB_teljes_unabridged.tsv | forras=eszkozok/bdb_strong_potlas.py --alias (masodlagos H-cimke) | ts=2026-10-05
H7968	H7967	BDB8746	שַׁלּוּן	igen	scope=konkordancia/lexikonok_nyers/BDB.lexicon + konkordancia/BDB_teljes_unabridged.tsv | forras=eszkozok/bdb_strong_potlas.py --alias (masodlagos H-cimke) | ts=2026-10-05
H7972	H7971	BDB9957	שְׁלַח	igen	scope=konkordancia/lexikonok_nyers/BDB.lexicon + konkordancia/BDB_teljes_unabridged.tsv | forras=eszkozok/bdb_strong_potlas.py --alias (masodlagos H-cimke) | ts=2026-10-05
H7981	H7980	BDB9958	שְׁלֵט	igen	scope=konkordancia/lexikonok_nyers/BDB.lexicon + konkordancia/BDB_teljes_unabridged.tsv | forras=eszkozok/bdb_strong_potlas.py --alias (masodlagos H-cimke) | ts=2026-10-05
H7986	H7989	BDB8721	שַׁלִּיט	igen	scope=konkordancia/lexikonok_nyers/BDB.lexicon + konkordancia/BDB_teljes_unabridged.tsv | forras=eszkozok/bdb_strong_potlas.py --alias (masodlagos H-cimke) | ts=2026-10-05
H8000	H7999	BDB9961	שְׁלֵם	igen	scope=konkordancia/lexikonok_nyers/BDB.lexicon + konkordancia/BDB_teljes_unabridged.tsv | forras=eszkozok/bdb_strong_potlas.py --alias (masodlagos H-cimke) | ts=2026-10-05
H8007	H8012	BDB8251	שַׂלְמוֺן	igen	scope=konkordancia/lexikonok_nyers/BDB.lexicon + konkordancia/BDB_teljes_unabridged.tsv | forras=eszkozok/bdb_strong_potlas.py --alias (masodlagos H-cimke) | ts=2026-10-05
H8009	H8012	BDB8251	שַׂלְמוֺן	igen	scope=konkordancia/lexikonok_nyers/BDB.lexicon + konkordancia/BDB_teljes_unabridged.tsv | forras=eszkozok/bdb_strong_potlas.py --alias (masodlagos H-cimke) | ts=2026-10-05
H8023	H8024,H7888	BDB8701	שֵׁלָנִי	igen	scope=konkordancia/lexikonok_nyers/BDB.lexicon + konkordancia/BDB_teljes_unabridged.tsv | forras=eszkozok/bdb_strong_potlas.py --alias (masodlagos H-cimke) | ts=2026-10-05
H8036	H8034	BDB9963	שֻׁם	igen	scope=konkordancia/lexikonok_nyers/BDB.lexicon + konkordancia/BDB_teljes_unabridged.tsv | forras=eszkozok/bdb_strong_potlas.py --alias (masodlagos H-cimke) | ts=2026-10-05
H8065	H8064	BDB9965	שְׁמַ֫יִן	igen	scope=konkordancia/lexikonok_nyers/BDB.lexicon + konkordancia/BDB_teljes_unabridged.tsv | forras=eszkozok/bdb_strong_potlas.py --alias (masodlagos H-cimke) | ts=2026-10-05
H8067	H8066	BDB8817	שְׁמִינִי	igen	scope=konkordancia/lexikonok_nyers/BDB.lexicon + konkordancia/BDB_teljes_unabridged.tsv | forras=eszkozok/bdb_strong_potlas.py --alias (masodlagos H-cimke) | ts=2026-10-05
H8073	H8014	BDB8252	שַׂלְמַי	igen	scope=konkordancia/lexikonok_nyers/BDB.lexicon + konkordancia/BDB_teljes_unabridged.tsv | forras=eszkozok/bdb_strong_potlas.py --alias (masodlagos H-cimke) | ts=2026-10-05
H8086	H8085	BDB9967	שְׁמַע	igen	scope=konkordancia/lexikonok_nyers/BDB.lexicon + konkordancia/BDB_teljes_unabridged.tsv | forras=eszkozok/bdb_strong_potlas.py --alias (masodlagos H-cimke) | ts=2026-10-05
H8093	H8048,H8092,H8096,H8054,H8049	BDB8802	שַׁמָּה	igen	scope=konkordancia/lexikonok_nyers/BDB.lexicon + konkordancia/BDB_teljes_unabridged.tsv | forras=eszkozok/bdb_strong_potlas.py --alias (masodlagos H-cimke) | ts=2026-10-05
H8112	H8110	BDB8860	שִׁמְרוֺן	igen	scope=konkordancia/lexikonok_nyers/BDB.lexicon + konkordancia/BDB_teljes_unabridged.tsv | forras=eszkozok/bdb_strong_potlas.py --alias (masodlagos H-cimke) | ts=2026-10-05
H8115	H8111	BDB9968	שָֽׁמְרָ֑יִן	igen	scope=konkordancia/lexikonok_nyers/BDB.lexicon + konkordancia/BDB_teljes_unabridged.tsv | forras=eszkozok/bdb_strong_potlas.py --alias (masodlagos H-cimke) | ts=2026-10-05
H8133	H8138,H8132	BDB8881	שָׁנָה	igen	scope=konkordancia/lexikonok_nyers/BDB.lexicon + konkordancia/BDB_teljes_unabridged.tsv | forras=eszkozok/bdb_strong_potlas.py --alias (masodlagos H-cimke) | ts=2026-10-05
H8153	H3462	BDB3798	יָשֵׁן	igen	scope=konkordancia/lexikonok_nyers/BDB.lexicon + konkordancia/BDB_teljes_unabridged.tsv | forras=eszkozok/bdb_strong_potlas.py --alias (masodlagos H-cimke) | ts=2026-10-05
H8157	H8156	BDB8901	שֶׁ֫סַע	igen	scope=konkordancia/lexikonok_nyers/BDB.lexicon + konkordancia/BDB_teljes_unabridged.tsv | forras=eszkozok/bdb_strong_potlas.py --alias (masodlagos H-cimke) | ts=2026-10-05
H8183	H5591	BDB8292	שְׂעָרָה	igen	scope=konkordancia/lexikonok_nyers/BDB.lexicon + konkordancia/BDB_teljes_unabridged.tsv | forras=eszkozok/bdb_strong_potlas.py --alias (masodlagos H-cimke) | ts=2026-10-05
H8200	H8199	BDB9978	שְׁפַט	igen	scope=konkordancia/lexikonok_nyers/BDB.lexicon + konkordancia/BDB_teljes_unabridged.tsv | forras=eszkozok/bdb_strong_potlas.py --alias (masodlagos H-cimke) | ts=2026-10-05
H8214	H8213	BDB9979	שְׁפֵל	igen	scope=konkordancia/lexikonok_nyers/BDB.lexicon + konkordancia/BDB_teljes_unabridged.tsv | forras=eszkozok/bdb_strong_potlas.py --alias (masodlagos H-cimke) | ts=2026-10-05
H8226	H5603	BDB5683	סָפַן	igen	scope=konkordancia/lexikonok_nyers/BDB.lexicon + konkordancia/BDB_teljes_unabridged.tsv | forras=eszkozok/bdb_strong_potlas.py --alias (masodlagos H-cimke) | ts=2026-10-05
H8241	H7858	BDB8626	שֶׁ֫טֶף	igen	scope=konkordancia/lexikonok_nyers/BDB.lexicon + konkordancia/BDB_teljes_unabridged.tsv | forras=eszkozok/bdb_strong_potlas.py --alias (masodlagos H-cimke) | ts=2026-10-05
H8284	H7791	BDB8569	שׁוּר	igen	scope=konkordancia/lexikonok_nyers/BDB.lexicon + konkordancia/BDB_teljes_unabridged.tsv | forras=eszkozok/bdb_strong_potlas.py --alias (masodlagos H-cimke) | ts=2026-10-05
H8293	H8281	BDB9033	שָׁרָה	igen	scope=konkordancia/lexikonok_nyers/BDB.lexicon + konkordancia/BDB_teljes_unabridged.tsv | forras=eszkozok/bdb_strong_potlas.py --alias (masodlagos H-cimke) | ts=2026-10-05
H8309	H7709	BDB8482	שְׁדֵמָה	igen	scope=konkordancia/lexikonok_nyers/BDB.lexicon + konkordancia/BDB_teljes_unabridged.tsv | forras=eszkozok/bdb_strong_potlas.py --alias (masodlagos H-cimke) | ts=2026-10-05
H8323	H7787,H4883,H5493	BDB8190	שׂוּר	igen	scope=konkordancia/lexikonok_nyers/BDB.lexicon + konkordancia/BDB_teljes_unabridged.tsv | forras=eszkozok/bdb_strong_potlas.py --alias (masodlagos H-cimke) | ts=2026-10-05
H8326	H8270	BDB9050	שֹׁר	igen	scope=konkordancia/lexikonok_nyers/BDB.lexicon + konkordancia/BDB_teljes_unabridged.tsv | forras=eszkozok/bdb_strong_potlas.py --alias (masodlagos H-cimke) | ts=2026-10-05
H8330	H8328	BDB9987	שֹׁ֫רֶשׁ	igen	scope=konkordancia/lexikonok_nyers/BDB.lexicon + konkordancia/BDB_teljes_unabridged.tsv | forras=eszkozok/bdb_strong_potlas.py --alias (masodlagos H-cimke) | ts=2026-10-05
H8338	H8341	BDB8491	שִׁשָּׁה	igen	scope=konkordancia/lexikonok_nyers/BDB.lexicon + konkordancia/BDB_teljes_unabridged.tsv | forras=eszkozok/bdb_strong_potlas.py --alias (masodlagos H-cimke) | ts=2026-10-05
H8340	H8339	BDB9064	שִׁשֵּׁא	igen	scope=konkordancia/lexikonok_nyers/BDB.lexicon + konkordancia/BDB_teljes_unabridged.tsv | forras=eszkozok/bdb_strong_potlas.py --alias (masodlagos H-cimke) | ts=2026-10-05
H8390	H8475	BDB3145	תַּחֲרֵעַ	igen	scope=konkordancia/lexikonok_nyers/BDB.lexicon + konkordancia/BDB_teljes_unabridged.tsv | forras=eszkozok/bdb_strong_potlas.py --alias (masodlagos H-cimke) | ts=2026-10-05
H8406	H7665	BDB9994	<big>ת</big>	igen	scope=konkordancia/lexikonok_nyers/BDB.lexicon + konkordancia/BDB_teljes_unabridged.tsv | forras=eszkozok/bdb_strong_potlas.py --alias (masodlagos H-cimke) | ts=2026-10-05
H8421	H7725	BDB9995	תּוּב	igen	scope=konkordancia/lexikonok_nyers/BDB.lexicon + konkordancia/BDB_teljes_unabridged.tsv | forras=eszkozok/bdb_strong_potlas.py --alias (masodlagos H-cimke) | ts=2026-10-05
H8445	H8618	BDB7352	תִּקְוָה	igen	scope=konkordancia/lexikonok_nyers/BDB.lexicon + konkordancia/BDB_teljes_unabridged.tsv | forras=eszkozok/bdb_strong_potlas.py --alias (masodlagos H-cimke) | ts=2026-10-05
H8448	H8389,H8447	BDB9099	תֹּ֫אַר	igen	scope=konkordancia/lexikonok_nyers/BDB.lexicon + konkordancia/BDB_teljes_unabridged.tsv | forras=eszkozok/bdb_strong_potlas.py --alias (masodlagos H-cimke) | ts=2026-10-05
H8450	H7794	BDB9997	תּוֺר	igen	scope=konkordancia/lexikonok_nyers/BDB.lexicon + konkordancia/BDB_teljes_unabridged.tsv | forras=eszkozok/bdb_strong_potlas.py --alias (masodlagos H-cimke) | ts=2026-10-05
H8452	H8451	BDB3726	תּוֺרָה	igen	scope=konkordancia/lexikonok_nyers/BDB.lexicon + konkordancia/BDB_teljes_unabridged.tsv | forras=eszkozok/bdb_strong_potlas.py --alias (masodlagos H-cimke) | ts=2026-10-05
H8459	H8430	BDB9123	תּוֺחַ	igen	scope=konkordancia/lexikonok_nyers/BDB.lexicon + konkordancia/BDB_teljes_unabridged.tsv | forras=eszkozok/bdb_strong_potlas.py --alias (masodlagos H-cimke) | ts=2026-10-05
H8474	H2734	BDB3107	חָרָה	igen	scope=konkordancia/lexikonok_nyers/BDB.lexicon + konkordancia/BDB_teljes_unabridged.tsv | forras=eszkozok/bdb_strong_potlas.py --alias (masodlagos H-cimke) | ts=2026-10-05
H8479	H8460,H8478	BDB9998	תְּחוֺת	igen	scope=konkordancia/lexikonok_nyers/BDB.lexicon + konkordancia/BDB_teljes_unabridged.tsv | forras=eszkozok/bdb_strong_potlas.py --alias (masodlagos H-cimke) | ts=2026-10-05
H8499	H8498,H4349	BDB3954	תְּכוּנָה	igen	scope=konkordancia/lexikonok_nyers/BDB.lexicon + konkordancia/BDB_teljes_unabridged.tsv | forras=eszkozok/bdb_strong_potlas.py --alias (masodlagos H-cimke) | ts=2026-10-05
H8501	H8496	BDB9151	תֹּךְ	igen	scope=konkordancia/lexikonok_nyers/BDB.lexicon + konkordancia/BDB_teljes_unabridged.tsv | forras=eszkozok/bdb_strong_potlas.py --alias (masodlagos H-cimke) | ts=2026-10-05
H8517	H7950	BDB9999	תְּלַג	igen	scope=konkordancia/lexikonok_nyers/BDB.lexicon + konkordancia/BDB_teljes_unabridged.tsv | forras=eszkozok/bdb_strong_potlas.py --alias (masodlagos H-cimke) | ts=2026-10-05
H8543	H0865,H8032,H8008	BDB9188	תְּמוֺל	igen	scope=konkordancia/lexikonok_nyers/BDB.lexicon + konkordancia/BDB_teljes_unabridged.tsv | forras=eszkozok/bdb_strong_potlas.py --alias (masodlagos H-cimke) | ts=2026-10-05
H8550	H8537,H0224,H8549	BDB9190	תֹּם	igen	scope=konkordancia/lexikonok_nyers/BDB.lexicon + konkordancia/BDB_teljes_unabridged.tsv | forras=eszkozok/bdb_strong_potlas.py --alias (masodlagos H-cimke) | ts=2026-10-05
H8625	H4484,H4487,H6537	BDB9673	מְנֵא	igen	scope=konkordancia/lexikonok_nyers/BDB.lexicon + konkordancia/BDB_teljes_unabridged.tsv | forras=eszkozok/bdb_strong_potlas.py --alias (masodlagos H-cimke) | ts=2026-10-05
H8627	H8626	BDB10014	תְּקַן	igen	scope=konkordancia/lexikonok_nyers/BDB.lexicon + konkordancia/BDB_teljes_unabridged.tsv | forras=eszkozok/bdb_strong_potlas.py --alias (masodlagos H-cimke) | ts=2026-10-05
H8631	H8630	BDB10015	תְּקֵף	igen	scope=konkordancia/lexikonok_nyers/BDB.lexicon + konkordancia/BDB_teljes_unabridged.tsv | forras=eszkozok/bdb_strong_potlas.py --alias (masodlagos H-cimke) | ts=2026-10-05
H8637	H7270	BDB7744	רָגַל	igen	scope=konkordancia/lexikonok_nyers/BDB.lexicon + konkordancia/BDB_teljes_unabridged.tsv | forras=eszkozok/bdb_strong_potlas.py --alias (masodlagos H-cimke) | ts=2026-10-05
H8651	H8179	BDB10020	תְּרַע	igen	scope=konkordancia/lexikonok_nyers/BDB.lexicon + konkordancia/BDB_teljes_unabridged.tsv | forras=eszkozok/bdb_strong_potlas.py --alias (masodlagos H-cimke) | ts=2026-10-05
