masodlagos_strong	bdb_id	nyelv	cimszo	testver_strong	indok_kod	indok	proveniencia
H0004	BDB9264	aram		H0003	nem_ebbol_a_szocikkbol	a testvér-sor nem ebből a BDB-szócikkből származik (a testvér H-kulcsa: BDB3)	scope=konkordancia/lexikonok_nyers/BDB.lexicon + konkordancia/BDB_teljes_unabridged.tsv | forras=eszkozok/bdb_strong_potlas.py --alias (masodlagos H-cimke; feltetel: bdb_id-egyezes + a szocikk latin betui >= 0,9 aranyban a testversor elejen, egy megfelelo testver; DT-F57f/g/h) | ts=2026-10-05
H0007	BDB9265	aram	אֲבַד	H0006	nem_ebbol_a_szocikkbol	a testvér-sor nem ebből a BDB-szócikkből származik (a testvér H-kulcsa: BDB6)	scope=konkordancia/lexikonok_nyers/BDB.lexicon + konkordancia/BDB_teljes_unabridged.tsv | forras=eszkozok/bdb_strong_potlas.py --alias (masodlagos H-cimke; feltetel: bdb_id-egyezes + a szocikk latin betui >= 0,9 aranyban a testversor elejen, egy megfelelo testver; DT-F57f/g/h) | ts=2026-10-05
H0069	BDB9268	aram	אֶ֫בֶן	H0068	nem_ebbol_a_szocikkbol	a testvér-sor nem ebből a BDB-szócikkből származik (a testvér H-kulcsa: BDB58)	scope=konkordancia/lexikonok_nyers/BDB.lexicon + konkordancia/BDB_teljes_unabridged.tsv | forras=eszkozok/bdb_strong_potlas.py --alias (masodlagos H-cimke; feltetel: bdb_id-egyezes + a szocikk latin betui >= 0,9 aranyban a testversor elejen, egy megfelelo testver; DT-F57f/g/h) | ts=2026-10-05
H0144	BDB9271	aram	אֲדָר	H0143	nem_ebbol_a_szocikkbol	a testvér-sor nem ebből a BDB-szócikkből származik (a testvér H-kulcsa: BDB140)	scope=konkordancia/lexikonok_nyers/BDB.lexicon + konkordancia/BDB_teljes_unabridged.tsv | forras=eszkozok/bdb_strong_potlas.py --alias (masodlagos H-cimke; feltetel: bdb_id-egyezes + a szocikk latin betui >= 0,9 aranyban a testversor elejen, egy megfelelo testver; DT-F57f/g/h) | ts=2026-10-05
H0236	BDB9281	aram	אֲזַל	H0235	nem_ebbol_a_szocikkbol	a testvér-sor nem ebből a BDB-szócikkből származik (a testvér H-kulcsa: BDB259)	scope=konkordancia/lexikonok_nyers/BDB.lexicon + konkordancia/BDB_teljes_unabridged.tsv | forras=eszkozok/bdb_strong_potlas.py --alias (masodlagos H-cimke; feltetel: bdb_id-egyezes + a szocikk latin betui >= 0,9 aranyban a testversor elejen, egy megfelelo testver; DT-F57f/g/h) | ts=2026-10-05
H0399	BDB9297	aram	אֲכַל	H0398	nem_ebbol_a_szocikkbol	a testvér-sor nem ebből a BDB-szócikkből származik (a testvér H-kulcsa: BDB398)	scope=konkordancia/lexikonok_nyers/BDB.lexicon + konkordancia/BDB_teljes_unabridged.tsv | forras=eszkozok/bdb_strong_potlas.py --alias (masodlagos H-cimke; feltetel: bdb_id-egyezes + a szocikk latin betui >= 0,9 aranyban a testversor elejen, egy megfelelo testver; DT-F57f/g/h) | ts=2026-10-05
H0462	BDB422	heber	אֶלְיוֺעֵינַי	H0454	nem_ebbol_a_szocikkbol	a testvér-sor nem ebből a BDB-szócikkből származik (a testvér H-kulcsa: BDB421)	scope=konkordancia/lexikonok_nyers/BDB.lexicon + konkordancia/BDB_teljes_unabridged.tsv | forras=eszkozok/bdb_strong_potlas.py --alias (masodlagos H-cimke; feltetel: bdb_id-egyezes + a szocikk latin betui >= 0,9 aranyban a testversor elejen, egy megfelelo testver; DT-F57f/g/h) | ts=2026-10-05
H0506	BDB9305	aram	אֲלַ֑ף	H0505	nem_ebbol_a_szocikkbol	a testvér-sor nem ebből a BDB-szócikkből származik (a testvér H-kulcsa: BDB504)	scope=konkordancia/lexikonok_nyers/BDB.lexicon + konkordancia/BDB_teljes_unabridged.tsv | forras=eszkozok/bdb_strong_potlas.py --alias (masodlagos H-cimke; feltetel: bdb_id-egyezes + a szocikk latin betui >= 0,9 aranyban a testversor elejen, egy megfelelo testver; DT-F57f/g/h) | ts=2026-10-05
H0521	BDB9306	aram	אַמָּה	H0520	nem_ebbol_a_szocikkbol	a testvér-sor nem ebből a BDB-szócikkből származik (a testvér H-kulcsa: BDB522)	scope=konkordancia/lexikonok_nyers/BDB.lexicon + konkordancia/BDB_teljes_unabridged.tsv | forras=eszkozok/bdb_strong_potlas.py --alias (masodlagos H-cimke; feltetel: bdb_id-egyezes + a szocikk latin betui >= 0,9 aranyban a testversor elejen, egy megfelelo testver; DT-F57f/g/h) | ts=2026-10-05
H0524	BDB9307	aram	אֻמָּה	H0523	nem_ebbol_a_szocikkbol	a testvér-sor nem ebből a BDB-szócikkből származik (a testvér H-kulcsa: BDB525)	scope=konkordancia/lexikonok_nyers/BDB.lexicon + konkordancia/BDB_teljes_unabridged.tsv | forras=eszkozok/bdb_strong_potlas.py --alias (masodlagos H-cimke; feltetel: bdb_id-egyezes + a szocikk latin betui >= 0,9 aranyban a testversor elejen, egy megfelelo testver; DT-F57f/g/h) | ts=2026-10-05
H0540	BDB9308	aram	אֲמַן	H0539	nem_ebbol_a_szocikkbol	a testvér-sor nem ebből a BDB-szócikkből származik (a testvér H-kulcsa: BDB527)	scope=konkordancia/lexikonok_nyers/BDB.lexicon + konkordancia/BDB_teljes_unabridged.tsv | forras=eszkozok/bdb_strong_potlas.py --alias (masodlagos H-cimke; feltetel: bdb_id-egyezes + a szocikk latin betui >= 0,9 aranyban a testversor elejen, egy megfelelo testver; DT-F57f/g/h) | ts=2026-10-05
H0638	BDB9331	aram	אַף	H0637	nem_ebbol_a_szocikkbol	a testvér-sor nem ebből a BDB-szócikkből származik (a testvér H-kulcsa: BDB649)	scope=konkordancia/lexikonok_nyers/BDB.lexicon + konkordancia/BDB_teljes_unabridged.tsv | forras=eszkozok/bdb_strong_potlas.py --alias (masodlagos H-cimke; feltetel: bdb_id-egyezes + a szocikk latin betui >= 0,9 aranyban a testversor elejen, egy megfelelo testver; DT-F57f/g/h) | ts=2026-10-05
H0706	BDB7718	heber	אַרְבַּע	H0702	kuszob_alatt	küszöb alatt (0.832 < 0.9), a testvérsor ugyanazzal a címszóval kezdődik; jelöltként marad; későbbi feladat beemelheti	scope=konkordancia/lexikonok_nyers/BDB.lexicon + konkordancia/BDB_teljes_unabridged.tsv | forras=eszkozok/bdb_strong_potlas.py --alias (masodlagos H-cimke; feltetel: bdb_id-egyezes + a szocikk latin betui >= 0,9 aranyban a testversor elejen, egy megfelelo testver; DT-F57f/g/h) | ts=2026-10-05
H0711	BDB9336	aram	אַרְגְּוָן	H0710,H0713	nem_ebbol_a_szocikkbol	a testvér-sor nem ebből a BDB-szócikkből származik (a testvér H-kulcsa: BDB720,BDB721)	scope=konkordancia/lexikonok_nyers/BDB.lexicon + konkordancia/BDB_teljes_unabridged.tsv | forras=eszkozok/bdb_strong_potlas.py --alias (masodlagos H-cimke; feltetel: bdb_id-egyezes + a szocikk latin betui >= 0,9 aranyban a testversor elejen, egy megfelelo testver; DT-F57f/g/h) | ts=2026-10-05
H0778	BDB9349	aram	אֲרַק	H0772	nem_ebbol_a_szocikkbol	a testvér-sor nem ebből a BDB-szócikkből származik (a testvér H-kulcsa: BDB9347)	scope=konkordancia/lexikonok_nyers/BDB.lexicon + konkordancia/BDB_teljes_unabridged.tsv | forras=eszkozok/bdb_strong_potlas.py --alias (masodlagos H-cimke; feltetel: bdb_id-egyezes + a szocikk latin betui >= 0,9 aranyban a testversor elejen, egy megfelelo testver; DT-F57f/g/h) | ts=2026-10-05
H0895	BDB9361	aram	בָּבֶל	H0894	nem_ebbol_a_szocikkbol	a testvér-sor nem ebből a BDB-szócikkből származik (a testvér H-kulcsa: BDB899)	scope=konkordancia/lexikonok_nyers/BDB.lexicon + konkordancia/BDB_teljes_unabridged.tsv | forras=eszkozok/bdb_strong_potlas.py --alias (masodlagos H-cimke; feltetel: bdb_id-egyezes + a szocikk latin betui >= 0,9 aranyban a testversor elejen, egy megfelelo testver; DT-F57f/g/h) | ts=2026-10-05
H0951	BDB1292	heber	בּוֺקֵר	H0941	nem_ebbol_a_szocikkbol	a testvér-sor nem ebből a BDB-szócikkből származik (a testvér H-kulcsa: BDB956)	scope=konkordancia/lexikonok_nyers/BDB.lexicon + konkordancia/BDB_teljes_unabridged.tsv | forras=eszkozok/bdb_strong_potlas.py --alias (masodlagos H-cimke; feltetel: bdb_id-egyezes + a szocikk latin betui >= 0,9 aranyban a testversor elejen, egy megfelelo testver; DT-F57f/g/h) | ts=2026-10-05
H0989	BDB9368	aram	בְּטֵל	H0988	nem_ebbol_a_szocikkbol	a testvér-sor nem ebből a BDB-szócikkből származik (a testvér H-kulcsa: BDB1026)	scope=konkordancia/lexikonok_nyers/BDB.lexicon + konkordancia/BDB_teljes_unabridged.tsv | forras=eszkozok/bdb_strong_potlas.py --alias (masodlagos H-cimke; feltetel: bdb_id-egyezes + a szocikk latin betui >= 0,9 aranyban a testversor elejen, egy megfelelo testver; DT-F57f/g/h) | ts=2026-10-05
H0997	BDB9369	aram	בֵּין	H0996	nem_ebbol_a_szocikkbol	a testvér-sor nem ebből a BDB-szócikkből származik (a testvér H-kulcsa: BDB1037)	scope=konkordancia/lexikonok_nyers/BDB.lexicon + konkordancia/BDB_teljes_unabridged.tsv | forras=eszkozok/bdb_strong_potlas.py --alias (masodlagos H-cimke; feltetel: bdb_id-egyezes + a szocikk latin betui >= 0,9 aranyban a testversor elejen, egy megfelelo testver; DT-F57f/g/h) | ts=2026-10-05
H0999	BDB9370	aram	בִּינָה	H0998	nem_ebbol_a_szocikkbol	a testvér-sor nem ebből a BDB-szócikkből származik (a testvér H-kulcsa: BDB1039)	scope=konkordancia/lexikonok_nyers/BDB.lexicon + konkordancia/BDB_teljes_unabridged.tsv | forras=eszkozok/bdb_strong_potlas.py --alias (masodlagos H-cimke; feltetel: bdb_id-egyezes + a szocikk latin betui >= 0,9 aranyban a testversor elejen, egy megfelelo testver; DT-F57f/g/h) | ts=2026-10-05
H1005	BDB9372	aram	בַּ֫יִת	H1004	nem_ebbol_a_szocikkbol	a testvér-sor nem ebből a BDB-szócikkből származik (a testvér H-kulcsa: BDB1045)	scope=konkordancia/lexikonok_nyers/BDB.lexicon + konkordancia/BDB_teljes_unabridged.tsv | forras=eszkozok/bdb_strong_potlas.py --alias (masodlagos H-cimke; feltetel: bdb_id-egyezes + a szocikk latin betui >= 0,9 aranyban a testversor elejen, egy megfelelo testver; DT-F57f/g/h) | ts=2026-10-05
H1286	BDB428	heber	אֵל	H0416,H0415	a_testversor_mas_szocikk	a testvérsor más szócikk (a bdb_id egyezik, de a szócikk szövege nem a testvérsor elején áll, és a testvérsor nem ugyanazzal a címszóval kezdődik; elejegyezés 0.006, a feltétel: >= 0.9)	scope=konkordancia/lexikonok_nyers/BDB.lexicon + konkordancia/BDB_teljes_unabridged.tsv | forras=eszkozok/bdb_strong_potlas.py --alias (masodlagos H-cimke; feltetel: bdb_id-egyezes + a szocikk latin betui >= 0,9 aranyban a testversor elejen, egy megfelelo testver; DT-F57f/g/h) | ts=2026-10-05
H1289	BDB9387	aram	בְּרַךְ	H1288	nem_ebbol_a_szocikkbol	a testvér-sor nem ebből a BDB-szócikkből származik (a testvér H-kulcsa: BDB1330)	scope=konkordancia/lexikonok_nyers/BDB.lexicon + konkordancia/BDB_teljes_unabridged.tsv | forras=eszkozok/bdb_strong_potlas.py --alias (masodlagos H-cimke; feltetel: bdb_id-egyezes + a szocikk latin betui >= 0,9 aranyban a testversor elejen, egy megfelelo testver; DT-F57f/g/h) | ts=2026-10-05
H1329	BDB1382	heber	בְּתוּאֵל	H1328	nem_ebbol_a_szocikkbol	a testvér-sor nem ebből a BDB-szócikkből származik (a testvér H-kulcsa: BDB1381)	scope=konkordancia/lexikonok_nyers/BDB.lexicon + konkordancia/BDB_teljes_unabridged.tsv | forras=eszkozok/bdb_strong_potlas.py --alias (masodlagos H-cimke; feltetel: bdb_id-egyezes + a szocikk latin betui >= 0,9 aranyban a testversor elejen, egy megfelelo testver; DT-F57f/g/h) | ts=2026-10-05
H1400	BDB9400	aram	גְּבַר	H1399	nem_ebbol_a_szocikkbol	a testvér-sor nem ebből a BDB-szócikkből származik (a testvér H-kulcsa: BDB1462)	scope=konkordancia/lexikonok_nyers/BDB.lexicon + konkordancia/BDB_teljes_unabridged.tsv | forras=eszkozok/bdb_strong_potlas.py --alias (masodlagos H-cimke; feltetel: bdb_id-egyezes + a szocikk latin betui >= 0,9 aranyban a testversor elejen, egy megfelelo testver; DT-F57f/g/h) | ts=2026-10-05
H1467	BDB9396	aram	גֵּוָה	H1344	nem_ebbol_a_szocikkbol	a testvér-sor nem ebből a BDB-szócikkből származik (a testvér H-kulcsa: BDB1398)	scope=konkordancia/lexikonok_nyers/BDB.lexicon + konkordancia/BDB_teljes_unabridged.tsv | forras=eszkozok/bdb_strong_potlas.py --alias (masodlagos H-cimke; feltetel: bdb_id-egyezes + a szocikk latin betui >= 0,9 aranyban a testversor elejen, egy megfelelo testver; DT-F57f/g/h) | ts=2026-10-05
H1596	BDB9418	aram	גְּנַז	H1595	nem_ebbol_a_szocikkbol	a testvér-sor nem ebből a BDB-szócikkből származik (a testvér H-kulcsa: BDB1700)	scope=konkordancia/lexikonok_nyers/BDB.lexicon + konkordancia/BDB_teljes_unabridged.tsv | forras=eszkozok/bdb_strong_potlas.py --alias (masodlagos H-cimke; feltetel: bdb_id-egyezes + a szocikk latin betui >= 0,9 aranyban a testversor elejen, egy megfelelo testver; DT-F57f/g/h) | ts=2026-10-05
H1635	BDB9420	aram	גְּרַם	H1634	nem_ebbol_a_szocikkbol	a testvér-sor nem ebből a BDB-szócikkből származik (a testvér H-kulcsa: BDB1747)	scope=konkordancia/lexikonok_nyers/BDB.lexicon + konkordancia/BDB_teljes_unabridged.tsv | forras=eszkozok/bdb_strong_potlas.py --alias (masodlagos H-cimke; feltetel: bdb_id-egyezes + a szocikk latin betui >= 0,9 aranyban a testversor elejen, egy megfelelo testver; DT-F57f/g/h) | ts=2026-10-05
H1655	BDB9421	aram	גְּשֵׁם	H1653	nem_ebbol_a_szocikkbol	a testvér-sor nem ebből a BDB-szócikkből származik (a testvér H-kulcsa: BDB1776)	scope=konkordancia/lexikonok_nyers/BDB.lexicon + konkordancia/BDB_teljes_unabridged.tsv | forras=eszkozok/bdb_strong_potlas.py --alias (masodlagos H-cimke; feltetel: bdb_id-egyezes + a szocikk latin betui >= 0,9 aranyban a testversor elejen, egy megfelelo testver; DT-F57f/g/h) | ts=2026-10-05
H1678	BDB9423	aram	דֹּב	H1677	nem_ebbol_a_szocikkbol	a testvér-sor nem ebből a BDB-szócikkből származik (a testvér H-kulcsa: BDB1804)	scope=konkordancia/lexikonok_nyers/BDB.lexicon + konkordancia/BDB_teljes_unabridged.tsv | forras=eszkozok/bdb_strong_potlas.py --alias (masodlagos H-cimke; feltetel: bdb_id-egyezes + a szocikk latin betui >= 0,9 aranyban a testversor elejen, egy megfelelo testver; DT-F57f/g/h) | ts=2026-10-05
H1693	BDB9427	aram	דְּבֵק	H1692	nem_ebbol_a_szocikkbol	a testvér-sor nem ebből a BDB-szócikkből származik (a testvér H-kulcsa: BDB1812)	scope=konkordancia/lexikonok_nyers/BDB.lexicon + konkordancia/BDB_teljes_unabridged.tsv | forras=eszkozok/bdb_strong_potlas.py --alias (masodlagos H-cimke; feltetel: bdb_id-egyezes + a szocikk latin betui >= 0,9 aranyban a testversor elejen, egy megfelelo testver; DT-F57f/g/h) | ts=2026-10-05
H1701	BDB9428	aram	דִּבְרָה	H1700	nem_ebbol_a_szocikkbol	a testvér-sor nem ebből a BDB-szócikkből származik (a testvér H-kulcsa: BDB1820)	scope=konkordancia/lexikonok_nyers/BDB.lexicon + konkordancia/BDB_teljes_unabridged.tsv | forras=eszkozok/bdb_strong_potlas.py --alias (masodlagos H-cimke; feltetel: bdb_id-egyezes + a szocikk latin betui >= 0,9 aranyban a testversor elejen, egy megfelelo testver; DT-F57f/g/h) | ts=2026-10-05
H1753	BDB9431	aram	דּוּר	H1752	nem_ebbol_a_szocikkbol	a testvér-sor nem ebből a BDB-szócikkből származik (a testvér H-kulcsa: BDB1890)	scope=konkordancia/lexikonok_nyers/BDB.lexicon + konkordancia/BDB_teljes_unabridged.tsv | forras=eszkozok/bdb_strong_potlas.py --alias (masodlagos H-cimke; feltetel: bdb_id-egyezes + a szocikk latin betui >= 0,9 aranyban a testversor elejen, egy megfelelo testver; DT-F57f/g/h) | ts=2026-10-05
H1778	BDB9441	aram	דִּין	H1777	nem_ebbol_a_szocikkbol	a testvér-sor nem ebből a BDB-szócikkből származik (a testvér H-kulcsa: BDB1885)	scope=konkordancia/lexikonok_nyers/BDB.lexicon + konkordancia/BDB_teljes_unabridged.tsv | forras=eszkozok/bdb_strong_potlas.py --alias (masodlagos H-cimke; feltetel: bdb_id-egyezes + a szocikk latin betui >= 0,9 aranyban a testversor elejen, egy megfelelo testver; DT-F57f/g/h) | ts=2026-10-05
H1815	BDB9452	aram	דְּלַק	H1814	nem_ebbol_a_szocikkbol	a testvér-sor nem ebből a BDB-szócikkből származik (a testvér H-kulcsa: BDB1958)	scope=konkordancia/lexikonok_nyers/BDB.lexicon + konkordancia/BDB_teljes_unabridged.tsv | forras=eszkozok/bdb_strong_potlas.py --alias (masodlagos H-cimke; feltetel: bdb_id-egyezes + a szocikk latin betui >= 0,9 aranyban a testversor elejen, egy megfelelo testver; DT-F57f/g/h) | ts=2026-10-05
H1821	BDB9453	aram	דְּמָה	H1819	nem_ebbol_a_szocikkbol	a testvér-sor nem ebből a BDB-szócikkből származik (a testvér H-kulcsa: BDB1961)	scope=konkordancia/lexikonok_nyers/BDB.lexicon + konkordancia/BDB_teljes_unabridged.tsv | forras=eszkozok/bdb_strong_potlas.py --alias (masodlagos H-cimke; feltetel: bdb_id-egyezes + a szocikk latin betui >= 0,9 aranyban a testversor elejen, egy megfelelo testver; DT-F57f/g/h) | ts=2026-10-05
H1859	BDB9432	aram	דָּר	H1755	nem_ebbol_a_szocikkbol	a testvér-sor nem ebből a BDB-szócikkből származik (a testvér H-kulcsa: BDB1892)	scope=konkordancia/lexikonok_nyers/BDB.lexicon + konkordancia/BDB_teljes_unabridged.tsv | forras=eszkozok/bdb_strong_potlas.py --alias (masodlagos H-cimke; feltetel: bdb_id-egyezes + a szocikk latin betui >= 0,9 aranyban a testversor elejen, egy megfelelo testver; DT-F57f/g/h) | ts=2026-10-05
H1868	BDB9456	aram	דָּֽרְיָ֫וֶשׁ	H1867	nem_ebbol_a_szocikkbol	a testvér-sor nem ebből a BDB-szócikkből származik (a testvér H-kulcsa: BDB2007)	scope=konkordancia/lexikonok_nyers/BDB.lexicon + konkordancia/BDB_teljes_unabridged.tsv | forras=eszkozok/bdb_strong_potlas.py --alias (masodlagos H-cimke; feltetel: bdb_id-egyezes + a szocikk latin betui >= 0,9 aranyban a testversor elejen, egy megfelelo testver; DT-F57f/g/h) | ts=2026-10-05
H1922	BDB9468	aram	הֲדַר	H1921	nem_ebbol_a_szocikkbol	a testvér-sor nem ebből a BDB-szócikkből származik (a testvér H-kulcsa: BDB2077)	scope=konkordancia/lexikonok_nyers/BDB.lexicon + konkordancia/BDB_teljes_unabridged.tsv | forras=eszkozok/bdb_strong_potlas.py --alias (masodlagos H-cimke; feltetel: bdb_id-egyezes + a szocikk latin betui >= 0,9 aranyban a testversor elejen, egy megfelelo testver; DT-F57f/g/h) | ts=2026-10-05
H1939	BDB2095	heber	הוֺדַוְיָה	H1938	nem_ebbol_a_szocikkbol	a testvér-sor nem ebből a BDB-szócikkből származik (a testvér H-kulcsa: BDB2092)	scope=konkordancia/lexikonok_nyers/BDB.lexicon + konkordancia/BDB_teljes_unabridged.tsv | forras=eszkozok/bdb_strong_potlas.py --alias (masodlagos H-cimke; feltetel: bdb_id-egyezes + a szocikk latin betui >= 0,9 aranyban a testversor elejen, egy megfelelo testver; DT-F57f/g/h) | ts=2026-10-05
H2042	BDB2240	heber	הַר	H2022	nem_ebbol_a_szocikkbol	a testvér-sor nem ebből a BDB-szócikkből származik (a testvér H-kulcsa: BDB2100)	scope=konkordancia/lexikonok_nyers/BDB.lexicon + konkordancia/BDB_teljes_unabridged.tsv | forras=eszkozok/bdb_strong_potlas.py --alias (masodlagos H-cimke; feltetel: bdb_id-egyezes + a szocikk latin betui >= 0,9 aranyban a testversor elejen, egy megfelelo testver; DT-F57f/g/h) | ts=2026-10-05
H2088	BDB6199	heber	עַתָּ֫ה	H6258	kifejezes_tarscimke	a BDB6199 fejlécében [H6258 H2088 H2009 H5704 H3588] a „zeh” egy attá-kifejezés miatt kapott társcímkét; a saját szócikke máshol van, ezért valódi téves alias volna (a BDB6199 az עַתָּה szócikke); elejegyezés 0.991	scope=konkordancia/lexikonok_nyers/BDB.lexicon + konkordancia/BDB_teljes_unabridged.tsv | forras=eszkozok/bdb_strong_potlas.py --alias (masodlagos H-cimke; feltetel: bdb_id-egyezes + a szocikk latin betui >= 0,9 aranyban a testversor elejen, egy megfelelo testver; DT-F57f/g/h) | ts=2026-10-05
H2110	BDB9484	aram	זוּן	H2109	nem_ebbol_a_szocikkbol	a testvér-sor nem ebből a BDB-szócikkből származik (a testvér H-kulcsa: BDB2320)	scope=konkordancia/lexikonok_nyers/BDB.lexicon + konkordancia/BDB_teljes_unabridged.tsv | forras=eszkozok/bdb_strong_potlas.py --alias (masodlagos H-cimke; feltetel: bdb_id-egyezes + a szocikk latin betui >= 0,9 aranyban a testversor elejen, egy megfelelo testver; DT-F57f/g/h) | ts=2026-10-05
H2112	BDB9486	aram	זוּע	H2111	nem_ebbol_a_szocikkbol	a testvér-sor nem ebből a BDB-szócikkből származik (a testvér H-kulcsa: BDB2322)	scope=konkordancia/lexikonok_nyers/BDB.lexicon + konkordancia/BDB_teljes_unabridged.tsv | forras=eszkozok/bdb_strong_potlas.py --alias (masodlagos H-cimke; feltetel: bdb_id-egyezes + a szocikk latin betui >= 0,9 aranyban a testversor elejen, egy megfelelo testver; DT-F57f/g/h) | ts=2026-10-05
H2170	BDB9492	aram	זְמָר	H2167	nem_ebbol_a_szocikkbol	a testvér-sor nem ebből a BDB-szócikkből származik (a testvér H-kulcsa: BDB2387)	scope=konkordancia/lexikonok_nyers/BDB.lexicon + konkordancia/BDB_teljes_unabridged.tsv | forras=eszkozok/bdb_strong_potlas.py --alias (masodlagos H-cimke; feltetel: bdb_id-egyezes + a szocikk latin betui >= 0,9 aranyban a testversor elejen, egy megfelelo testver; DT-F57f/g/h) | ts=2026-10-05
H2178	BDB9494	aram	זַן	H2177	nem_ebbol_a_szocikkbol	a testvér-sor nem ebből a BDB-szócikkből származik (a testvér H-kulcsa: BDB2403)	scope=konkordancia/lexikonok_nyers/BDB.lexicon + konkordancia/BDB_teljes_unabridged.tsv | forras=eszkozok/bdb_strong_potlas.py --alias (masodlagos H-cimke; feltetel: bdb_id-egyezes + a szocikk latin betui >= 0,9 aranyban a testversor elejen, egy megfelelo testver; DT-F57f/g/h) | ts=2026-10-05
H2200	BDB9495	aram	זְעִ֑ק	H2199	nem_ebbol_a_szocikkbol	a testvér-sor nem ebből a BDB-szócikkből származik (a testvér H-kulcsa: BDB2422)	scope=konkordancia/lexikonok_nyers/BDB.lexicon + konkordancia/BDB_teljes_unabridged.tsv | forras=eszkozok/bdb_strong_potlas.py --alias (masodlagos H-cimke; feltetel: bdb_id-egyezes + a szocikk latin betui >= 0,9 aranyban a testversor elejen, egy megfelelo testver; DT-F57f/g/h) | ts=2026-10-05
H2211	BDB9498	aram	זְקַף	H2210	nem_ebbol_a_szocikkbol	a testvér-sor nem ebből a BDB-szócikkből származik (a testvér H-kulcsa: BDB2438)	scope=konkordancia/lexikonok_nyers/BDB.lexicon + konkordancia/BDB_teljes_unabridged.tsv | forras=eszkozok/bdb_strong_potlas.py --alias (masodlagos H-cimke; feltetel: bdb_id-egyezes + a szocikk latin betui >= 0,9 aranyban a testversor elejen, egy megfelelo testver; DT-F57f/g/h) | ts=2026-10-05
H2217	BDB9499	aram	זְרֻבָּבֶ֫ל	H2216	nem_ebbol_a_szocikkbol	a testvér-sor nem ebből a BDB-szócikkből származik (a testvér H-kulcsa: BDB2444)	scope=konkordancia/lexikonok_nyers/BDB.lexicon + konkordancia/BDB_teljes_unabridged.tsv | forras=eszkozok/bdb_strong_potlas.py --alias (masodlagos H-cimke; feltetel: bdb_id-egyezes + a szocikk latin betui >= 0,9 aranyban a testversor elejen, egy megfelelo testver; DT-F57f/g/h) | ts=2026-10-05
H2234	BDB9500	aram	זְרַע	H2232,H2233	nem_ebbol_a_szocikkbol	a testvér-sor nem ebből a BDB-szócikkből származik (a testvér H-kulcsa: BDB2463,BDB2464)	scope=konkordancia/lexikonok_nyers/BDB.lexicon + konkordancia/BDB_teljes_unabridged.tsv | forras=eszkozok/bdb_strong_potlas.py --alias (masodlagos H-cimke; feltetel: bdb_id-egyezes + a szocikk latin betui >= 0,9 aranyban a testversor elejen, egy megfelelo testver; DT-F57f/g/h) | ts=2026-10-05
H2269	BDB9504	aram	חֲבַר	H2266	nem_ebbol_a_szocikkbol	a testvér-sor nem ebből a BDB-szócikkből származik (a testvér H-kulcsa: BDB2513)	scope=konkordancia/lexikonok_nyers/BDB.lexicon + konkordancia/BDB_teljes_unabridged.tsv | forras=eszkozok/bdb_strong_potlas.py --alias (masodlagos H-cimke; feltetel: bdb_id-egyezes + a szocikk latin betui >= 0,9 aranyban a testversor elejen, egy megfelelo testver; DT-F57f/g/h) | ts=2026-10-05
H2298	BDB9603	aram	<big>כ</big>	H1768,H1836	nem_ebbol_a_szocikkbol	a testvér-sor nem ebből a BDB-szócikkből származik (a testvér H-kulcsa: BDB9303,BDB9440)	scope=konkordancia/lexikonok_nyers/BDB.lexicon + konkordancia/BDB_teljes_unabridged.tsv | forras=eszkozok/bdb_strong_potlas.py --alias (masodlagos H-cimke; feltetel: bdb_id-egyezes + a szocikk latin betui >= 0,9 aranyban a testversor elejen, egy megfelelo testver; DT-F57f/g/h) | ts=2026-10-05
H2305	BDB9507	aram	חֶדְוָה	H2304	nem_ebbol_a_szocikkbol	a testvér-sor nem ebből a BDB-szócikkből származik (a testvér H-kulcsa: BDB2564)	scope=konkordancia/lexikonok_nyers/BDB.lexicon + konkordancia/BDB_teljes_unabridged.tsv | forras=eszkozok/bdb_strong_potlas.py --alias (masodlagos H-cimke; feltetel: bdb_id-egyezes + a szocikk latin betui >= 0,9 aranyban a testversor elejen, egy megfelelo testver; DT-F57f/g/h) | ts=2026-10-05
H2323	BDB9509	aram	חֲדַ֑ת	H2319	nem_ebbol_a_szocikkbol	a testvér-sor nem ebből a BDB-szócikkből származik (a testvér H-kulcsa: BDB2578)	scope=konkordancia/lexikonok_nyers/BDB.lexicon + konkordancia/BDB_teljes_unabridged.tsv | forras=eszkozok/bdb_strong_potlas.py --alias (masodlagos H-cimke; feltetel: bdb_id-egyezes + a szocikk latin betui >= 0,9 aranyban a testversor elejen, egy megfelelo testver; DT-F57f/g/h) | ts=2026-10-05
H2358	BDB9515	aram	חִוָּר	H2357	nem_ebbol_a_szocikkbol	a testvér-sor nem ebből a BDB-szócikkből származik (a testvér H-kulcsa: BDB2638)	scope=konkordancia/lexikonok_nyers/BDB.lexicon + konkordancia/BDB_teljes_unabridged.tsv | forras=eszkozok/bdb_strong_potlas.py --alias (masodlagos H-cimke; feltetel: bdb_id-egyezes + a szocikk latin betui >= 0,9 aranyban a testversor elejen, egy megfelelo testver; DT-F57f/g/h) | ts=2026-10-05
H2408	BDB9519	aram	חֲטָי	H2399	nem_ebbol_a_szocikkbol	a testvér-sor nem ebből a BDB-szócikkből származik (a testvér H-kulcsa: BDB2695)	scope=konkordancia/lexikonok_nyers/BDB.lexicon + konkordancia/BDB_teljes_unabridged.tsv | forras=eszkozok/bdb_strong_potlas.py --alias (masodlagos H-cimke; feltetel: bdb_id-egyezes + a szocikk latin betui >= 0,9 aranyban a testversor elejen, egy megfelelo testver; DT-F57f/g/h) | ts=2026-10-05
H2409	BDB9520	aram	חַטָּיָא	H2403	nem_ebbol_a_szocikkbol	a testvér-sor nem ebből a BDB-szócikkből származik (a testvér H-kulcsa: BDB2699)	scope=konkordancia/lexikonok_nyers/BDB.lexicon + konkordancia/BDB_teljes_unabridged.tsv | forras=eszkozok/bdb_strong_potlas.py --alias (masodlagos H-cimke; feltetel: bdb_id-egyezes + a szocikk latin betui >= 0,9 aranyban a testversor elejen, egy megfelelo testver; DT-F57f/g/h) | ts=2026-10-05
H2417	BDB9522	aram	חַי	H2416	nem_ebbol_a_szocikkbol	a testvér-sor nem ebből a BDB-szócikkből származik (a testvér H-kulcsa: BDB2716)	scope=konkordancia/lexikonok_nyers/BDB.lexicon + konkordancia/BDB_teljes_unabridged.tsv | forras=eszkozok/bdb_strong_potlas.py --alias (masodlagos H-cimke; feltetel: bdb_id-egyezes + a szocikk latin betui >= 0,9 aranyban a testversor elejen, egy megfelelo testver; DT-F57f/g/h) | ts=2026-10-05
H2425	BDB2715	heber	חָיָה	H2421	nem_ebbol_a_szocikkbol	a testvér-sor nem ebből a BDB-szócikkből származik (a testvér H-kulcsa: BDB2592)	scope=konkordancia/lexikonok_nyers/BDB.lexicon + konkordancia/BDB_teljes_unabridged.tsv | forras=eszkozok/bdb_strong_potlas.py --alias (masodlagos H-cimke; feltetel: bdb_id-egyezes + a szocikk latin betui >= 0,9 aranyban a testversor elejen, egy megfelelo testver; DT-F57f/g/h) | ts=2026-10-05
H2429	BDB9524	aram	חַ֫יִל	H2428	nem_ebbol_a_szocikkbol	a testvér-sor nem ebből a BDB-szócikkből származik (a testvér H-kulcsa: BDB2622)	scope=konkordancia/lexikonok_nyers/BDB.lexicon + konkordancia/BDB_teljes_unabridged.tsv | forras=eszkozok/bdb_strong_potlas.py --alias (masodlagos H-cimke; feltetel: bdb_id-egyezes + a szocikk latin betui >= 0,9 aranyban a testversor elejen, egy megfelelo testver; DT-F57f/g/h) | ts=2026-10-05
H2499	BDB9528	aram	חֲלַף	H2498	nem_ebbol_a_szocikkbol	a testvér-sor nem ebből a BDB-szócikkből származik (a testvér H-kulcsa: BDB2796)	scope=konkordancia/lexikonok_nyers/BDB.lexicon + konkordancia/BDB_teljes_unabridged.tsv | forras=eszkozok/bdb_strong_potlas.py --alias (masodlagos H-cimke; feltetel: bdb_id-egyezes + a szocikk latin betui >= 0,9 aranyban a testversor elejen, egy megfelelo testver; DT-F57f/g/h) | ts=2026-10-05
H2562	BDB9531	aram	חֲמַר	H2561	nem_ebbol_a_szocikkbol	a testvér-sor nem ebből a BDB-szócikkből származik (a testvér H-kulcsa: BDB2886)	scope=konkordancia/lexikonok_nyers/BDB.lexicon + konkordancia/BDB_teljes_unabridged.tsv | forras=eszkozok/bdb_strong_potlas.py --alias (masodlagos H-cimke; feltetel: bdb_id-egyezes + a szocikk latin betui >= 0,9 aranyban a testversor elejen, egy megfelelo testver; DT-F57f/g/h) | ts=2026-10-05
H2604	BDB9534	aram	חֲנַן	H2603	nem_ebbol_a_szocikkbol	a testvér-sor nem ebből a BDB-szócikkből származik (a testvér H-kulcsa: BDB2937)	scope=konkordancia/lexikonok_nyers/BDB.lexicon + konkordancia/BDB_teljes_unabridged.tsv | forras=eszkozok/bdb_strong_potlas.py --alias (masodlagos H-cimke; feltetel: bdb_id-egyezes + a szocikk latin betui >= 0,9 aranyban a testversor elejen, egy megfelelo testver; DT-F57f/g/h) | ts=2026-10-05
H2718	BDB9541	aram	חֲרַב	H2717	nem_ebbol_a_szocikkbol	a testvér-sor nem ebből a BDB-szócikkből származik (a testvér H-kulcsa: BDB3084)	scope=konkordancia/lexikonok_nyers/BDB.lexicon + konkordancia/BDB_teljes_unabridged.tsv | forras=eszkozok/bdb_strong_potlas.py --alias (masodlagos H-cimke; feltetel: bdb_id-egyezes + a szocikk latin betui >= 0,9 aranyban a testversor elejen, egy megfelelo testver; DT-F57f/g/h) | ts=2026-10-05
H2749	BDB9542	aram	חַרְטֹם	H2748	nem_ebbol_a_szocikkbol	a testvér-sor nem ebből a BDB-szócikkből származik (a testvér H-kulcsa: BDB3117)	scope=konkordancia/lexikonok_nyers/BDB.lexicon + konkordancia/BDB_teljes_unabridged.tsv | forras=eszkozok/bdb_strong_potlas.py --alias (masodlagos H-cimke; feltetel: bdb_id-egyezes + a szocikk latin betui >= 0,9 aranyban a testversor elejen, egy megfelelo testver; DT-F57f/g/h) | ts=2026-10-05
H2804	BDB9545	aram	חֲשַׁב	H2803	nem_ebbol_a_szocikkbol	a testvér-sor nem ebből a BDB-szócikkből származik (a testvér H-kulcsa: BDB3205)	scope=konkordancia/lexikonok_nyers/BDB.lexicon + konkordancia/BDB_teljes_unabridged.tsv | forras=eszkozok/bdb_strong_potlas.py --alias (masodlagos H-cimke; feltetel: bdb_id-egyezes + a szocikk latin betui >= 0,9 aranyban a testversor elejen, egy megfelelo testver; DT-F57f/g/h) | ts=2026-10-05
H2857	BDB9552	aram	חֲתַם	H2856	nem_ebbol_a_szocikkbol	a testvér-sor nem ebből a BDB-szócikkből származik (a testvér H-kulcsa: BDB3252)	scope=konkordancia/lexikonok_nyers/BDB.lexicon + konkordancia/BDB_teljes_unabridged.tsv | forras=eszkozok/bdb_strong_potlas.py --alias (masodlagos H-cimke; feltetel: bdb_id-egyezes + a szocikk latin betui >= 0,9 aranyban a testversor elejen, egy megfelelo testver; DT-F57f/g/h) | ts=2026-10-05
H2877	BDB9555	aram	טַבָּח	H2876	nem_ebbol_a_szocikkbol	a testvér-sor nem ebből a BDB-szócikkből származik (a testvér H-kulcsa: BDB3283)	scope=konkordancia/lexikonok_nyers/BDB.lexicon + konkordancia/BDB_teljes_unabridged.tsv | forras=eszkozok/bdb_strong_potlas.py --alias (masodlagos H-cimke; feltetel: bdb_id-egyezes + a szocikk latin betui >= 0,9 aranyban a testversor elejen, egy megfelelo testver; DT-F57f/g/h) | ts=2026-10-05
H2920	BDB9559	aram	טַל	H2919	nem_ebbol_a_szocikkbol	a testvér-sor nem ebből a BDB-szócikkből származik (a testvér H-kulcsa: BDB3341)	scope=konkordancia/lexikonok_nyers/BDB.lexicon + konkordancia/BDB_teljes_unabridged.tsv | forras=eszkozok/bdb_strong_potlas.py --alias (masodlagos H-cimke; feltetel: bdb_id-egyezes + a szocikk latin betui >= 0,9 aranyban a testversor elejen, egy megfelelo testver; DT-F57f/g/h) | ts=2026-10-05
H2957	BDB9564	aram	טְרַד	H2956	nem_ebbol_a_szocikkbol	a testvér-sor nem ebből a BDB-szócikkből származik (a testvér H-kulcsa: BDB3373)	scope=konkordancia/lexikonok_nyers/BDB.lexicon + konkordancia/BDB_teljes_unabridged.tsv | forras=eszkozok/bdb_strong_potlas.py --alias (masodlagos H-cimke; feltetel: bdb_id-egyezes + a szocikk latin betui >= 0,9 aranyban a testversor elejen, egy megfelelo testver; DT-F57f/g/h) | ts=2026-10-05
H3028	BDB9569	aram	יַד	H3027	nem_ebbol_a_szocikkbol	a testvér-sor nem ebből a BDB-szócikkből származik (a testvér H-kulcsa: BDB3437)	scope=konkordancia/lexikonok_nyers/BDB.lexicon + konkordancia/BDB_teljes_unabridged.tsv | forras=eszkozok/bdb_strong_potlas.py --alias (masodlagos H-cimke; feltetel: bdb_id-egyezes + a szocikk latin betui >= 0,9 aranyban a testversor elejen, egy megfelelo testver; DT-F57f/g/h) | ts=2026-10-05
H3046	BDB9571	aram	יְדַע	H3045	nem_ebbol_a_szocikkbol	a testvér-sor nem ebből a BDB-szócikkből származik (a testvér H-kulcsa: BDB3454)	scope=konkordancia/lexikonok_nyers/BDB.lexicon + konkordancia/BDB_teljes_unabridged.tsv | forras=eszkozok/bdb_strong_potlas.py --alias (masodlagos H-cimke; feltetel: bdb_id-egyezes + a szocikk latin betui >= 0,9 aranyban a testversor elejen, egy megfelelo testver; DT-F57f/g/h) | ts=2026-10-05
H3052	BDB9573	aram	יְהַב	H3051	nem_ebbol_a_szocikkbol	a testvér-sor nem ebből a BDB-szócikkből származik (a testvér H-kulcsa: BDB3469)	scope=konkordancia/lexikonok_nyers/BDB.lexicon + konkordancia/BDB_teljes_unabridged.tsv | forras=eszkozok/bdb_strong_potlas.py --alias (masodlagos H-cimke; feltetel: bdb_id-egyezes + a szocikk latin betui >= 0,9 aranyban a testversor elejen, egy megfelelo testver; DT-F57f/g/h) | ts=2026-10-05
H3072	BDB6941	heber	צֶ֫דֶק	H6664	nem_ebbol_a_szocikkbol	a testvér-sor nem ebből a BDB-szócikkből származik (a testvér H-kulcsa: BDB4684)	scope=konkordancia/lexikonok_nyers/BDB.lexicon + konkordancia/BDB_teljes_unabridged.tsv | forras=eszkozok/bdb_strong_potlas.py --alias (masodlagos H-cimke; feltetel: bdb_id-egyezes + a szocikk latin betui >= 0,9 aranyban a testversor elejen, egy megfelelo testver; DT-F57f/g/h) | ts=2026-10-05
H3186	BDB3524	heber	(ו)ייחר	H0310	nem_ebbol_a_szocikkbol	a testvér-sor nem ebből a BDB-szócikkből származik (a testvér H-kulcsa: BDB336)	scope=konkordancia/lexikonok_nyers/BDB.lexicon + konkordancia/BDB_teljes_unabridged.tsv | forras=eszkozok/bdb_strong_potlas.py --alias (masodlagos H-cimke; feltetel: bdb_id-egyezes + a szocikk latin betui >= 0,9 aranyban a testversor elejen, egy megfelelo testver; DT-F57f/g/h) | ts=2026-10-05
H3197	BDB3535	heber	יך	H3027	nem_ebbol_a_szocikkbol	a testvér-sor nem ebből a BDB-szócikkből származik (a testvér H-kulcsa: BDB3437)	scope=konkordancia/lexikonok_nyers/BDB.lexicon + konkordancia/BDB_teljes_unabridged.tsv | forras=eszkozok/bdb_strong_potlas.py --alias (masodlagos H-cimke; feltetel: bdb_id-egyezes + a szocikk latin betui >= 0,9 aranyban a testversor elejen, egy megfelelo testver; DT-F57f/g/h) | ts=2026-10-05
H3221	BDB9582	aram	יַם	H3220	nem_ebbol_a_szocikkbol	a testvér-sor nem ebből a BDB-szócikkből származik (a testvér H-kulcsa: BDB3567)	scope=konkordancia/lexikonok_nyers/BDB.lexicon + konkordancia/BDB_teljes_unabridged.tsv | forras=eszkozok/bdb_strong_potlas.py --alias (masodlagos H-cimke; feltetel: bdb_id-egyezes + a szocikk latin betui >= 0,9 aranyban a testversor elejen, egy megfelelo testver; DT-F57f/g/h) | ts=2026-10-05
H3231	BDB3573	heber	יָמַן	H0541	nem_ebbol_a_szocikkbol	a testvér-sor nem ebből a BDB-szócikkből származik (a testvér H-kulcsa: BDB548)	scope=konkordancia/lexikonok_nyers/BDB.lexicon + konkordancia/BDB_teljes_unabridged.tsv | forras=eszkozok/bdb_strong_potlas.py --alias (masodlagos H-cimke; feltetel: bdb_id-egyezes + a szocikk latin betui >= 0,9 aranyban a testversor elejen, egy megfelelo testver; DT-F57f/g/h) | ts=2026-10-05
H3255	BDB9583	aram	יְסַף	H3254	nem_ebbol_a_szocikkbol	a testvér-sor nem ebből a BDB-szócikkből származik (a testvér H-kulcsa: BDB3599)	scope=konkordancia/lexikonok_nyers/BDB.lexicon + konkordancia/BDB_teljes_unabridged.tsv | forras=eszkozok/bdb_strong_potlas.py --alias (masodlagos H-cimke; feltetel: bdb_id-egyezes + a szocikk latin betui >= 0,9 aranyban a testversor elejen, egy megfelelo testver; DT-F57f/g/h) | ts=2026-10-05
H3345	BDB9589	aram	יְקַד	H3344	nem_ebbol_a_szocikkbol	a testvér-sor nem ebből a BDB-szócikkből származik (a testvér H-kulcsa: BDB3683)	scope=konkordancia/lexikonok_nyers/BDB.lexicon + konkordancia/BDB_teljes_unabridged.tsv | forras=eszkozok/bdb_strong_potlas.py --alias (masodlagos H-cimke; feltetel: bdb_id-egyezes + a szocikk latin betui >= 0,9 aranyban a testversor elejen, egy megfelelo testver; DT-F57f/g/h) | ts=2026-10-05
H3367	BDB9591	aram	יְקָר	H3366	nem_ebbol_a_szocikkbol	a testvér-sor nem ebből a BDB-szócikkből származik (a testvér H-kulcsa: BDB3700)	scope=konkordancia/lexikonok_nyers/BDB.lexicon + konkordancia/BDB_teljes_unabridged.tsv | forras=eszkozok/bdb_strong_potlas.py --alias (masodlagos H-cimke; feltetel: bdb_id-egyezes + a szocikk latin betui >= 0,9 aranyban a testversor elejen, egy megfelelo testver; DT-F57f/g/h) | ts=2026-10-05
H3393	BDB9594	aram	יְרַךְ	H3391	nem_ebbol_a_szocikkbol	a testvér-sor nem ebből a BDB-szócikkből származik (a testvér H-kulcsa: BDB3735)	scope=konkordancia/lexikonok_nyers/BDB.lexicon + konkordancia/BDB_teljes_unabridged.tsv | forras=eszkozok/bdb_strong_potlas.py --alias (masodlagos H-cimke; feltetel: bdb_id-egyezes + a szocikk latin betui >= 0,9 aranyban a testversor elejen, egy megfelelo testver; DT-F57f/g/h) | ts=2026-10-05
H3443	BDB9597	aram	יֵשׁוּעַ	H3442	nem_ebbol_a_szocikkbol	a testvér-sor nem ebből a BDB-szócikkből származik (a testvér H-kulcsa: BDB2120)	scope=konkordancia/lexikonok_nyers/BDB.lexicon + konkordancia/BDB_teljes_unabridged.tsv | forras=eszkozok/bdb_strong_potlas.py --alias (masodlagos H-cimke; feltetel: bdb_id-egyezes + a szocikk latin betui >= 0,9 aranyban a testversor elejen, egy megfelelo testver; DT-F57f/g/h) | ts=2026-10-05
H3479	BDB9596	aram	יִשְׂרָאֵל	H3478	nem_ebbol_a_szocikkbol	a testvér-sor nem ebből a BDB-szócikkből származik (a testvér H-kulcsa: BDB3770)	scope=konkordancia/lexikonok_nyers/BDB.lexicon + konkordancia/BDB_teljes_unabridged.tsv | forras=eszkozok/bdb_strong_potlas.py --alias (masodlagos H-cimke; feltetel: bdb_id-egyezes + a szocikk latin betui >= 0,9 aranyban a testversor elejen, egy megfelelo testver; DT-F57f/g/h) | ts=2026-10-05
H3487	BDB9600	aram	יָת	H0853	nem_ebbol_a_szocikkbol	a testvér-sor nem ebből a BDB-szócikkből származik (a testvér H-kulcsa: BDB853)	scope=konkordancia/lexikonok_nyers/BDB.lexicon + konkordancia/BDB_teljes_unabridged.tsv | forras=eszkozok/bdb_strong_potlas.py --alias (masodlagos H-cimke; feltetel: bdb_id-egyezes + a szocikk latin betui >= 0,9 aranyban a testversor elejen, egy megfelelo testver; DT-F57f/g/h) | ts=2026-10-05
H3542	BDB9605	aram	כָּה	H3541	nem_ebbol_a_szocikkbol	a testvér-sor nem ebből a BDB-szócikkből származik (a testvér H-kulcsa: BDB3924)	scope=konkordancia/lexikonok_nyers/BDB.lexicon + konkordancia/BDB_teljes_unabridged.tsv | forras=eszkozok/bdb_strong_potlas.py --alias (masodlagos H-cimke; feltetel: bdb_id-egyezes + a szocikk latin betui >= 0,9 aranyban a testversor elejen, egy megfelelo testver; DT-F57f/g/h) | ts=2026-10-05
H3549	BDB9607	aram	כָּהֵן	H3548	nem_ebbol_a_szocikkbol	a testvér-sor nem ebből a BDB-szócikkből származik (a testvér H-kulcsa: BDB3931)	scope=konkordancia/lexikonok_nyers/BDB.lexicon + konkordancia/BDB_teljes_unabridged.tsv | forras=eszkozok/bdb_strong_potlas.py --alias (masodlagos H-cimke; feltetel: bdb_id-egyezes + a szocikk latin betui >= 0,9 aranyban a testversor elejen, egy megfelelo testver; DT-F57f/g/h) | ts=2026-10-05
H3567	BDB9610	aram	כּ֫וֺרֶשׁ	H3566	nem_ebbol_a_szocikkbol	a testvér-sor nem ebből a BDB-szócikkből származik (a testvér H-kulcsa: BDB3967)	scope=konkordancia/lexikonok_nyers/BDB.lexicon + konkordancia/BDB_teljes_unabridged.tsv | forras=eszkozok/bdb_strong_potlas.py --alias (masodlagos H-cimke; feltetel: bdb_id-egyezes + a szocikk latin betui >= 0,9 aranyban a testversor elejen, egy megfelelo testver; DT-F57f/g/h) | ts=2026-10-05
H3606	BDB9612	aram	כֹּל	H6903	a_testversor_mas_szocikk	a testvérsor más szócikk (a bdb_id egyezik, de a szócikk szövege nem a testvérsor elején áll, és a testvérsor nem ugyanazzal a címszóval kezdődik; elejegyezés 0.244, a feltétel: >= 0.9)	scope=konkordancia/lexikonok_nyers/BDB.lexicon + konkordancia/BDB_teljes_unabridged.tsv | forras=eszkozok/bdb_strong_potlas.py --alias (masodlagos H-cimke; feltetel: bdb_id-egyezes + a szocikk latin betui >= 0,9 aranyban a testversor elejen, egy megfelelo testver; DT-F57f/g/h) | ts=2026-10-05
H3635	BDB9611	aram	כְּלַל	H3634	nem_ebbol_a_szocikkbol	a testvér-sor nem ebből a BDB-szócikkből származik (a testvér H-kulcsa: BDB4036)	scope=konkordancia/lexikonok_nyers/BDB.lexicon + konkordancia/BDB_teljes_unabridged.tsv | forras=eszkozok/bdb_strong_potlas.py --alias (masodlagos H-cimke; feltetel: bdb_id-egyezes + a szocikk latin betui >= 0,9 aranyban a testversor elejen, egy megfelelo testver; DT-F57f/g/h) | ts=2026-10-05
H3652	BDB9613	aram	כֵּן	H3651	nem_ebbol_a_szocikkbol	a testvér-sor nem ebből a BDB-szócikkből származik (a testvér H-kulcsa: BDB3945)	scope=konkordancia/lexikonok_nyers/BDB.lexicon + konkordancia/BDB_teljes_unabridged.tsv | forras=eszkozok/bdb_strong_potlas.py --alias (masodlagos H-cimke; feltetel: bdb_id-egyezes + a szocikk latin betui >= 0,9 aranyban a testversor elejen, egy megfelelo testver; DT-F57f/g/h) | ts=2026-10-05
H3661	BDB4088	heber	כַּנָּה	H3657	nem_ebbol_a_szocikkbol	a testvér-sor nem ebből a BDB-szócikkből származik (a testvér H-kulcsa: BDB4079)	scope=konkordancia/lexikonok_nyers/BDB.lexicon + konkordancia/BDB_teljes_unabridged.tsv | forras=eszkozok/bdb_strong_potlas.py --alias (masodlagos H-cimke; feltetel: bdb_id-egyezes + a szocikk latin betui >= 0,9 aranyban a testversor elejen, egy megfelelo testver; DT-F57f/g/h) | ts=2026-10-05
H3769	BDB9625	aram	כרר	H3603	nem_ebbol_a_szocikkbol	a testvér-sor nem ebből a BDB-szócikkből származik (a testvér H-kulcsa: BDB4211)	scope=konkordancia/lexikonok_nyers/BDB.lexicon + konkordancia/BDB_teljes_unabridged.tsv | forras=eszkozok/bdb_strong_potlas.py --alias (masodlagos H-cimke; feltetel: bdb_id-egyezes + a szocikk latin betui >= 0,9 aranyban a testversor elejen, egy megfelelo testver; DT-F57f/g/h) | ts=2026-10-05
H3790	BDB9628	aram	כְּתַב	H3789	nem_ebbol_a_szocikkbol	a testvér-sor nem ebből a BDB-szócikkből származik (a testvér H-kulcsa: BDB4239)	scope=konkordancia/lexikonok_nyers/BDB.lexicon + konkordancia/BDB_teljes_unabridged.tsv | forras=eszkozok/bdb_strong_potlas.py --alias (masodlagos H-cimke; feltetel: bdb_id-egyezes + a szocikk latin betui >= 0,9 aranyban a testversor elejen, egy megfelelo testver; DT-F57f/g/h) | ts=2026-10-05
H3797	BDB9630	aram	כְּתַל	H3796	nem_ebbol_a_szocikkbol	a testvér-sor nem ebből a BDB-szócikkből származik (a testvér H-kulcsa: BDB4245)	scope=konkordancia/lexikonok_nyers/BDB.lexicon + konkordancia/BDB_teljes_unabridged.tsv | forras=eszkozok/bdb_strong_potlas.py --alias (masodlagos H-cimke; feltetel: bdb_id-egyezes + a szocikk latin betui >= 0,9 aranyban a testversor elejen, egy megfelelo testver; DT-F57f/g/h) | ts=2026-10-05
H3821	BDB9636	aram	לֵב	H3820	nem_ebbol_a_szocikkbol	a testvér-sor nem ebből a BDB-szócikkből származik (a testvér H-kulcsa: BDB4295)	scope=konkordancia/lexikonok_nyers/BDB.lexicon + konkordancia/BDB_teljes_unabridged.tsv | forras=eszkozok/bdb_strong_potlas.py --alias (masodlagos H-cimke; feltetel: bdb_id-egyezes + a szocikk latin betui >= 0,9 aranyban a testversor elejen, egy megfelelo testver; DT-F57f/g/h) | ts=2026-10-05
H3825	BDB9635	aram	לְבַב	H3824	nem_ebbol_a_szocikkbol	a testvér-sor nem ebből a BDB-szócikkből származik (a testvér H-kulcsa: BDB4294)	scope=konkordancia/lexikonok_nyers/BDB.lexicon + konkordancia/BDB_teljes_unabridged.tsv | forras=eszkozok/bdb_strong_potlas.py --alias (masodlagos H-cimke; feltetel: bdb_id-egyezes + a szocikk latin betui >= 0,9 aranyban a testversor elejen, egy megfelelo testver; DT-F57f/g/h) | ts=2026-10-05
H3831	BDB9638	aram	לְְבוּשׁ	H3830	nem_ebbol_a_szocikkbol	a testvér-sor nem ebből a BDB-szócikkből származik (a testvér H-kulcsa: BDB4322)	scope=konkordancia/lexikonok_nyers/BDB.lexicon + konkordancia/BDB_teljes_unabridged.tsv | forras=eszkozok/bdb_strong_potlas.py --alias (masodlagos H-cimke; feltetel: bdb_id-egyezes + a szocikk latin betui >= 0,9 aranyban a testversor elejen, egy megfelelo testver; DT-F57f/g/h) | ts=2026-10-05
H3848	BDB9637	aram	לְבֵשׁ	H3847	nem_ebbol_a_szocikkbol	a testvér-sor nem ebből a BDB-szócikkből származik (a testvér H-kulcsa: BDB4321)	scope=konkordancia/lexikonok_nyers/BDB.lexicon + konkordancia/BDB_teljes_unabridged.tsv | forras=eszkozok/bdb_strong_potlas.py --alias (masodlagos H-cimke; feltetel: bdb_id-egyezes + a szocikk latin betui >= 0,9 aranyban a testversor elejen, egy megfelelo testver; DT-F57f/g/h) | ts=2026-10-05
H3861	BDB2188	heber	הֵ֫מָּה	H2004,H3860	a_testversor_mas_szocikk	a testvérsor más szócikk (a bdb_id egyezik, de a szócikk szövege nem a testvérsor elején áll, és a testvérsor nem ugyanazzal a címszóval kezdődik; elejegyezés 0.067, a feltétel: >= 0.9)	scope=konkordancia/lexikonok_nyers/BDB.lexicon + konkordancia/BDB_teljes_unabridged.tsv | forras=eszkozok/bdb_strong_potlas.py --alias (masodlagos H-cimke; feltetel: bdb_id-egyezes + a szocikk latin betui >= 0,9 aranyban a testversor elejen, egy megfelelo testver; DT-F57f/g/h) | ts=2026-10-05
H3879	BDB9641	aram	לֵוָי	H3878	nem_ebbol_a_szocikkbol	a testvér-sor nem ebből a BDB-szócikkből származik (a testvér H-kulcsa: BDB4369)	scope=konkordancia/lexikonok_nyers/BDB.lexicon + konkordancia/BDB_teljes_unabridged.tsv | forras=eszkozok/bdb_strong_potlas.py --alias (masodlagos H-cimke; feltetel: bdb_id-egyezes + a szocikk latin betui >= 0,9 aranyban a testversor elejen, egy megfelelo testver; DT-F57f/g/h) | ts=2026-10-05
H3909	BDB4365	heber	לָּט	H3814,H3858	nem_ebbol_a_szocikkbol	a testvér-sor nem ebből a BDB-szócikkből származik (a testvér H-kulcsa: BDB4277,BDB4340)	scope=konkordancia/lexikonok_nyers/BDB.lexicon + konkordancia/BDB_teljes_unabridged.tsv | forras=eszkozok/bdb_strong_potlas.py --alias (masodlagos H-cimke; feltetel: bdb_id-egyezes + a szocikk latin betui >= 0,9 aranyban a testversor elejen, egy megfelelo testver; DT-F57f/g/h) | ts=2026-10-05
H3916	BDB9645	aram	לֵילָא	H3915	nem_ebbol_a_szocikkbol	a testvér-sor nem ebből a BDB-szócikkből származik (a testvér H-kulcsa: BDB4409)	scope=konkordancia/lexikonok_nyers/BDB.lexicon + konkordancia/BDB_teljes_unabridged.tsv | forras=eszkozok/bdb_strong_potlas.py --alias (masodlagos H-cimke; feltetel: bdb_id-egyezes + a szocikk latin betui >= 0,9 aranyban a testversor elejen, egy megfelelo testver; DT-F57f/g/h) | ts=2026-10-05
H3961	BDB9646	aram	לִשָּׁן	H3956	nem_ebbol_a_szocikkbol	a testvér-sor nem ebből a BDB-szócikkből származik (a testvér H-kulcsa: BDB4473)	scope=konkordancia/lexikonok_nyers/BDB.lexicon + konkordancia/BDB_teljes_unabridged.tsv | forras=eszkozok/bdb_strong_potlas.py --alias (masodlagos H-cimke; feltetel: bdb_id-egyezes + a szocikk latin betui >= 0,9 aranyban a testversor elejen, egy megfelelo testver; DT-F57f/g/h) | ts=2026-10-05
H3969	BDB9647	aram	<big>מ</big>	H3967	nem_ebbol_a_szocikkbol	a testvér-sor nem ebből a BDB-szócikkből származik (a testvér H-kulcsa: BDB4484)	scope=konkordancia/lexikonok_nyers/BDB.lexicon + konkordancia/BDB_teljes_unabridged.tsv | forras=eszkozok/bdb_strong_potlas.py --alias (masodlagos H-cimke; feltetel: bdb_id-egyezes + a szocikk latin betui >= 0,9 aranyban a testversor elejen, egy megfelelo testver; DT-F57f/g/h) | ts=2026-10-05
H4040	BDB9416	aram	מְגִלָּה	H4039	nem_ebbol_a_szocikkbol	a testvér-sor nem ebből a BDB-szócikkből származik (a testvér H-kulcsa: BDB1664)	scope=konkordancia/lexikonok_nyers/BDB.lexicon + konkordancia/BDB_teljes_unabridged.tsv | forras=eszkozok/bdb_strong_potlas.py --alias (masodlagos H-cimke; feltetel: bdb_id-egyezes + a szocikk latin betui >= 0,9 aranyban a testversor elejen, egy megfelelo testver; DT-F57f/g/h) | ts=2026-10-05
H4078	BDB4521	heber	מַדַּי	H4100	a_testversor_mas_szocikk	a testvérsor más szócikk (a bdb_id egyezik, de a szócikk szövege nem a testvérsor elején áll, és a testvérsor nem ugyanazzal a címszóval kezdődik; elejegyezés 0.164, a feltétel: >= 0.9)	scope=konkordancia/lexikonok_nyers/BDB.lexicon + konkordancia/BDB_teljes_unabridged.tsv | forras=eszkozok/bdb_strong_potlas.py --alias (masodlagos H-cimke; feltetel: bdb_id-egyezes + a szocikk latin betui >= 0,9 aranyban a testversor elejen, egy megfelelo testver; DT-F57f/g/h) | ts=2026-10-05
H4176	BDB3725	heber	מוֺרֶה	H4175	nem_ebbol_a_szocikkbol	a testvér-sor nem ebből a BDB-szócikkből származik (a testvér H-kulcsa: BDB3721)	scope=konkordancia/lexikonok_nyers/BDB.lexicon + konkordancia/BDB_teljes_unabridged.tsv | forras=eszkozok/bdb_strong_potlas.py --alias (masodlagos H-cimke; feltetel: bdb_id-egyezes + a szocikk latin betui >= 0,9 aranyban a testversor elejen, egy megfelelo testver; DT-F57f/g/h) | ts=2026-10-05
H4178	BDB4813	heber	מָרַט	H4803	nem_ebbol_a_szocikkbol	a testvér-sor nem ebből a BDB-szócikkből származik (a testvér H-kulcsa: BDB4759)	scope=konkordancia/lexikonok_nyers/BDB.lexicon + konkordancia/BDB_teljes_unabridged.tsv | forras=eszkozok/bdb_strong_potlas.py --alias (masodlagos H-cimke; feltetel: bdb_id-egyezes + a szocikk latin betui >= 0,9 aranyban a testversor elejen, egy megfelelo testver; DT-F57f/g/h) | ts=2026-10-05
H4193	BDB9653	aram	מוֺת	H4191	nem_ebbol_a_szocikkbol	a testvér-sor nem ebből a BDB-szócikkből származik (a testvér H-kulcsa: BDB4561)	scope=konkordancia/lexikonok_nyers/BDB.lexicon + konkordancia/BDB_teljes_unabridged.tsv | forras=eszkozok/bdb_strong_potlas.py --alias (masodlagos H-cimke; feltetel: bdb_id-egyezes + a szocikk latin betui >= 0,9 aranyban a testversor elejen, egy megfelelo testver; DT-F57f/g/h) | ts=2026-10-05
H4333	BDB9656	aram	מִישָׁאֵל	H4332	nem_ebbol_a_szocikkbol	a testvér-sor nem ebből a BDB-szócikkből származik (a testvér H-kulcsa: BDB4622)	scope=konkordancia/lexikonok_nyers/BDB.lexicon + konkordancia/BDB_teljes_unabridged.tsv | forras=eszkozok/bdb_strong_potlas.py --alias (masodlagos H-cimke; feltetel: bdb_id-egyezes + a szocikk latin betui >= 0,9 aranyban a testversor elejen, egy megfelelo testver; DT-F57f/g/h) | ts=2026-10-05
H4336	BDB9657	aram	מֵישַׁךְ	H4335	nem_ebbol_a_szocikkbol	a testvér-sor nem ebből a BDB-szócikkből származik (a testvér H-kulcsa: BDB4635)	scope=konkordancia/lexikonok_nyers/BDB.lexicon + konkordancia/BDB_teljes_unabridged.tsv | forras=eszkozok/bdb_strong_potlas.py --alias (masodlagos H-cimke; feltetel: bdb_id-egyezes + a szocikk latin betui >= 0,9 aranyban a testversor elejen, egy megfelelo testver; DT-F57f/g/h) | ts=2026-10-05
H4391	BDB9658	aram	מְלָא	H4390	nem_ebbol_a_szocikkbol	a testvér-sor nem ebből a BDB-szócikkből származik (a testvér H-kulcsa: BDB4648)	scope=konkordancia/lexikonok_nyers/BDB.lexicon + konkordancia/BDB_teljes_unabridged.tsv | forras=eszkozok/bdb_strong_potlas.py --alias (masodlagos H-cimke; feltetel: bdb_id-egyezes + a szocikk latin betui >= 0,9 aranyban a testversor elejen, egy megfelelo testver; DT-F57f/g/h) | ts=2026-10-05
H4430	BDB9662	aram	מֶ֫לֶךְ	H4429	nem_ebbol_a_szocikkbol	a testvér-sor nem ebből a BDB-szócikkből származik (a testvér H-kulcsa: BDB4669)	scope=konkordancia/lexikonok_nyers/BDB.lexicon + konkordancia/BDB_teljes_unabridged.tsv | forras=eszkozok/bdb_strong_potlas.py --alias (masodlagos H-cimke; feltetel: bdb_id-egyezes + a szocikk latin betui >= 0,9 aranyban a testversor elejen, egy megfelelo testver; DT-F57f/g/h) | ts=2026-10-05
H4444	BDB4686	heber	מַלְכִישׁוּעַ	H4428,H7769	nem_ebbol_a_szocikkbol	a testvér-sor nem ebből a BDB-szócikkből származik (a testvér H-kulcsa: BDB3811,BDB4669)	scope=konkordancia/lexikonok_nyers/BDB.lexicon + konkordancia/BDB_teljes_unabridged.tsv | forras=eszkozok/bdb_strong_potlas.py --alias (masodlagos H-cimke; feltetel: bdb_id-egyezes + a szocikk latin betui >= 0,9 aranyban a testversor elejen, egy megfelelo testver; DT-F57f/g/h) | ts=2026-10-05
H4504	BDB9675	aram	מִנְחָה	H4503	nem_ebbol_a_szocikkbol	a testvér-sor nem ebből a BDB-szócikkből származik (a testvér H-kulcsa: BDB4722)	scope=konkordancia/lexikonok_nyers/BDB.lexicon + konkordancia/BDB_teljes_unabridged.tsv | forras=eszkozok/bdb_strong_potlas.py --alias (masodlagos H-cimke; feltetel: bdb_id-egyezes + a szocikk latin betui >= 0,9 aranyban a testversor elejen, egy megfelelo testver; DT-F57f/g/h) | ts=2026-10-05
H4593	BDB4813	heber	מָרַט	H4803	nem_ebbol_a_szocikkbol	a testvér-sor nem ebből a BDB-szócikkből származik (a testvér H-kulcsa: BDB4759)	scope=konkordancia/lexikonok_nyers/BDB.lexicon + konkordancia/BDB_teljes_unabridged.tsv | forras=eszkozok/bdb_strong_potlas.py --alias (masodlagos H-cimke; feltetel: bdb_id-egyezes + a szocikk latin betui >= 0,9 aranyban a testversor elejen, egy megfelelo testver; DT-F57f/g/h) | ts=2026-10-05
H4804	BDB9680	aram	מְרַט	H4803	nem_ebbol_a_szocikkbol	a testvér-sor nem ebből a BDB-szócikkből származik (a testvér H-kulcsa: BDB4759)	scope=konkordancia/lexikonok_nyers/BDB.lexicon + konkordancia/BDB_teljes_unabridged.tsv | forras=eszkozok/bdb_strong_potlas.py --alias (masodlagos H-cimke; feltetel: bdb_id-egyezes + a szocikk latin betui >= 0,9 aranyban a testversor elejen, egy megfelelo testver; DT-F57f/g/h) | ts=2026-10-05
H4827	BDB8035	heber	רָעַע	H7489	nem_ebbol_a_szocikkbol	a testvér-sor nem ebből a BDB-szócikkből származik (a testvér H-kulcsa: BDB8000)	scope=konkordancia/lexikonok_nyers/BDB.lexicon + konkordancia/BDB_teljes_unabridged.tsv | forras=eszkozok/bdb_strong_potlas.py --alias (masodlagos H-cimke; feltetel: bdb_id-egyezes + a szocikk latin betui >= 0,9 aranyban a testversor elejen, egy megfelelo testver; DT-F57f/g/h) | ts=2026-10-05
H4873	BDB9681	aram	מֹשֶׁה	H4872	nem_ebbol_a_szocikkbol	a testvér-sor nem ebből a BDB-szócikkből származik (a testvér H-kulcsa: BDB4859)	scope=konkordancia/lexikonok_nyers/BDB.lexicon + konkordancia/BDB_teljes_unabridged.tsv | forras=eszkozok/bdb_strong_potlas.py --alias (masodlagos H-cimke; feltetel: bdb_id-egyezes + a szocikk latin betui >= 0,9 aranyban a testversor elejen, egy megfelelo testver; DT-F57f/g/h) | ts=2026-10-05
H4887	BDB9682	aram	מְשַׁח	H4886	nem_ebbol_a_szocikkbol	a testvér-sor nem ebből a BDB-szócikkből származik (a testvér H-kulcsa: BDB4861)	scope=konkordancia/lexikonok_nyers/BDB.lexicon + konkordancia/BDB_teljes_unabridged.tsv | forras=eszkozok/bdb_strong_potlas.py --alias (masodlagos H-cimke; feltetel: bdb_id-egyezes + a szocikk latin betui >= 0,9 aranyban a testversor elejen, egy megfelelo testver; DT-F57f/g/h) | ts=2026-10-05
H4961	BDB9991	aram	מִשְׁתֵּי	H4960	nem_ebbol_a_szocikkbol	a testvér-sor nem ebből a BDB-szócikkből származik (a testvér H-kulcsa: BDB9075)	scope=konkordancia/lexikonok_nyers/BDB.lexicon + konkordancia/BDB_teljes_unabridged.tsv | forras=eszkozok/bdb_strong_potlas.py --alias (masodlagos H-cimke; feltetel: bdb_id-egyezes + a szocikk latin betui >= 0,9 aranyban a testversor elejen, egy megfelelo testver; DT-F57f/g/h) | ts=2026-10-05
H5013	BDB9683	aram	<big>נ</big>	H5012	nem_ebbol_a_szocikkbol	a testvér-sor nem ebből a BDB-szócikkből származik (a testvér H-kulcsa: BDB4929)	scope=konkordancia/lexikonok_nyers/BDB.lexicon + konkordancia/BDB_teljes_unabridged.tsv | forras=eszkozok/bdb_strong_potlas.py --alias (masodlagos H-cimke; feltetel: bdb_id-egyezes + a szocikk latin betui >= 0,9 aranyban a testversor elejen, egy megfelelo testver; DT-F57f/g/h) | ts=2026-10-05
H5020	BDB9686	aram	נְבוּכַדְנֶצַּר	H5019	nem_ebbol_a_szocikkbol	a testvér-sor nem ebből a BDB-szócikkből származik (a testvér H-kulcsa: BDB4936)	scope=konkordancia/lexikonok_nyers/BDB.lexicon + konkordancia/BDB_teljes_unabridged.tsv | forras=eszkozok/bdb_strong_potlas.py --alias (masodlagos H-cimke; feltetel: bdb_id-egyezes + a szocikk latin betui >= 0,9 aranyban a testversor elejen, egy megfelelo testver; DT-F57f/g/h) | ts=2026-10-05
H5103	BDB9696	aram	נְהַר	H5102	nem_ebbol_a_szocikkbol	a testvér-sor nem ebből a BDB-szócikkből származik (a testvér H-kulcsa: BDB5023)	scope=konkordancia/lexikonok_nyers/BDB.lexicon + konkordancia/BDB_teljes_unabridged.tsv | forras=eszkozok/bdb_strong_potlas.py --alias (masodlagos H-cimke; feltetel: bdb_id-egyezes + a szocikk latin betui >= 0,9 aranyban a testversor elejen, egy megfelelo testver; DT-F57f/g/h) | ts=2026-10-05
H5111	BDB9699	aram	נוּד	H5075,H5110	nem_ebbol_a_szocikkbol	a testvér-sor nem ebből a BDB-szócikkből származik (a testvér H-kulcsa: BDB5035,BDB9694)	scope=konkordancia/lexikonok_nyers/BDB.lexicon + konkordancia/BDB_teljes_unabridged.tsv | forras=eszkozok/bdb_strong_potlas.py --alias (masodlagos H-cimke; feltetel: bdb_id-egyezes + a szocikk latin betui >= 0,9 aranyban a testversor elejen, egy megfelelo testver; DT-F57f/g/h) | ts=2026-10-05
H5182	BDB9704	aram	נְחֵת	H5181	nem_ebbol_a_szocikkbol	a testvér-sor nem ebből a BDB-szócikkből származik (a testvér H-kulcsa: BDB5149)	scope=konkordancia/lexikonok_nyers/BDB.lexicon + konkordancia/BDB_teljes_unabridged.tsv | forras=eszkozok/bdb_strong_potlas.py --alias (masodlagos H-cimke; feltetel: bdb_id-egyezes + a szocikk latin betui >= 0,9 aranyban a testversor elejen, egy megfelelo testver; DT-F57f/g/h) | ts=2026-10-05
H5191	BDB9705	aram	נְטַל	H5190	nem_ebbol_a_szocikkbol	a testvér-sor nem ebből a BDB-szócikkből származik (a testvér H-kulcsa: BDB5160)	scope=konkordancia/lexikonok_nyers/BDB.lexicon + konkordancia/BDB_teljes_unabridged.tsv | forras=eszkozok/bdb_strong_potlas.py --alias (masodlagos H-cimke; feltetel: bdb_id-egyezes + a szocikk latin betui >= 0,9 aranyban a testversor elejen, egy megfelelo testver; DT-F57f/g/h) | ts=2026-10-05
H5256	BDB9710	aram	נְסַח	H5255	nem_ebbol_a_szocikkbol	a testvér-sor nem ebből a BDB-szócikkből származik (a testvér H-kulcsa: BDB5230)	scope=konkordancia/lexikonok_nyers/BDB.lexicon + konkordancia/BDB_teljes_unabridged.tsv | forras=eszkozok/bdb_strong_potlas.py --alias (masodlagos H-cimke; feltetel: bdb_id-egyezes + a szocikk latin betui >= 0,9 aranyban a testversor elejen, egy megfelelo testver; DT-F57f/g/h) | ts=2026-10-05
H5260	BDB9711	aram	נְסַךְ	H5258	nem_ebbol_a_szocikkbol	a testvér-sor nem ebből a BDB-szócikkből származik (a testvér H-kulcsa: BDB5231)	scope=konkordancia/lexikonok_nyers/BDB.lexicon + konkordancia/BDB_teljes_unabridged.tsv | forras=eszkozok/bdb_strong_potlas.py --alias (masodlagos H-cimke; feltetel: bdb_id-egyezes + a szocikk latin betui >= 0,9 aranyban a testversor elejen, egy megfelelo testver; DT-F57f/g/h) | ts=2026-10-05
H5308	BDB9713	aram	נְפַל	H5307	nem_ebbol_a_szocikkbol	a testvér-sor nem ebből a BDB-szócikkből származik (a testvér H-kulcsa: BDB5297)	scope=konkordancia/lexikonok_nyers/BDB.lexicon + konkordancia/BDB_teljes_unabridged.tsv | forras=eszkozok/bdb_strong_potlas.py --alias (masodlagos H-cimke; feltetel: bdb_id-egyezes + a szocikk latin betui >= 0,9 aranyban a testversor elejen, egy megfelelo testver; DT-F57f/g/h) | ts=2026-10-05
H5326	BDB9716	aram	נִצְבָּה	H5324	nem_ebbol_a_szocikkbol	a testvér-sor nem ebből a BDB-szócikkből származik (a testvér H-kulcsa: BDB2218)	scope=konkordancia/lexikonok_nyers/BDB.lexicon + konkordancia/BDB_teljes_unabridged.tsv | forras=eszkozok/bdb_strong_potlas.py --alias (masodlagos H-cimke; feltetel: bdb_id-egyezes + a szocikk latin betui >= 0,9 aranyban a testversor elejen, egy megfelelo testver; DT-F57f/g/h) | ts=2026-10-05
H5330	BDB9717	aram	נְצַח	H5329	nem_ebbol_a_szocikkbol	a testvér-sor nem ebből a BDB-szócikkből származik (a testvér H-kulcsa: BDB5331)	scope=konkordancia/lexikonok_nyers/BDB.lexicon + konkordancia/BDB_teljes_unabridged.tsv | forras=eszkozok/bdb_strong_potlas.py --alias (masodlagos H-cimke; feltetel: bdb_id-egyezes + a szocikk latin betui >= 0,9 aranyban a testversor elejen, egy megfelelo testver; DT-F57f/g/h) | ts=2026-10-05
H5338	BDB9718	aram	נְצַל	H5337	nem_ebbol_a_szocikkbol	a testvér-sor nem ebből a BDB-szócikkből származik (a testvér H-kulcsa: BDB5336)	scope=konkordancia/lexikonok_nyers/BDB.lexicon + konkordancia/BDB_teljes_unabridged.tsv | forras=eszkozok/bdb_strong_potlas.py --alias (masodlagos H-cimke; feltetel: bdb_id-egyezes + a szocikk latin betui >= 0,9 aranyban a testversor elejen, egy megfelelo testver; DT-F57f/g/h) | ts=2026-10-05
H5368	BDB9720	aram	נְקַשׁ	H5367	nem_ebbol_a_szocikkbol	a testvér-sor nem ebből a BDB-szócikkből származik (a testvér H-kulcsa: BDB5381)	scope=konkordancia/lexikonok_nyers/BDB.lexicon + konkordancia/BDB_teljes_unabridged.tsv | forras=eszkozok/bdb_strong_potlas.py --alias (masodlagos H-cimke; feltetel: bdb_id-egyezes + a szocikk latin betui >= 0,9 aranyban a testversor elejen, egy megfelelo testver; DT-F57f/g/h) | ts=2026-10-05
H5396	BDB9722	aram	נִשְׁמָה	H5395,H5397	nem_ebbol_a_szocikkbol	a testvér-sor nem ebből a BDB-szócikkből származik (a testvér H-kulcsa: BDB5421,BDB5422)	scope=konkordancia/lexikonok_nyers/BDB.lexicon + konkordancia/BDB_teljes_unabridged.tsv | forras=eszkozok/bdb_strong_potlas.py --alias (masodlagos H-cimke; feltetel: bdb_id-egyezes + a szocikk latin betui >= 0,9 aranyban a testversor elejen, egy megfelelo testver; DT-F57f/g/h) | ts=2026-10-05
H5415	BDB9726	aram	נְתַן	H5414	nem_ebbol_a_szocikkbol	a testvér-sor nem ebből a BDB-szócikkből származik (a testvér H-kulcsa: BDB5441)	scope=konkordancia/lexikonok_nyers/BDB.lexicon + konkordancia/BDB_teljes_unabridged.tsv | forras=eszkozok/bdb_strong_potlas.py --alias (masodlagos H-cimke; feltetel: bdb_id-egyezes + a szocikk latin betui >= 0,9 aranyban a testversor elejen, egy megfelelo testver; DT-F57f/g/h) | ts=2026-10-05
H5463	BDB9733	aram	סְגַר	H5462	nem_ebbol_a_szocikkbol	a testvér-sor nem ebből a BDB-szócikkből származik (a testvér H-kulcsa: BDB5498)	scope=konkordancia/lexikonok_nyers/BDB.lexicon + konkordancia/BDB_teljes_unabridged.tsv | forras=eszkozok/bdb_strong_potlas.py --alias (masodlagos H-cimke; feltetel: bdb_id-egyezes + a szocikk latin betui >= 0,9 aranyban a testversor elejen, egy megfelelo testver; DT-F57f/g/h) | ts=2026-10-05
H5574	BDB5645	heber	סְנוּאָה	H5570	nem_ebbol_a_szocikkbol	a testvér-sor nem ebből a BDB-szócikkből származik (a testvér H-kulcsa: BDB5641)	scope=konkordancia/lexikonok_nyers/BDB.lexicon + konkordancia/BDB_teljes_unabridged.tsv | forras=eszkozok/bdb_strong_potlas.py --alias (masodlagos H-cimke; feltetel: bdb_id-egyezes + a szocikk latin betui >= 0,9 aranyban a testversor elejen, egy megfelelo testver; DT-F57f/g/h) | ts=2026-10-05
H5626	BDB886	heber	בּוֺר הַסִּרָה	H0953	nem_ebbol_a_szocikkbol	a testvér-sor nem ebből a BDB-szócikkből származik (a testvér H-kulcsa: BDB885)	scope=konkordancia/lexikonok_nyers/BDB.lexicon + konkordancia/BDB_teljes_unabridged.tsv | forras=eszkozok/bdb_strong_potlas.py --alias (masodlagos H-cimke; feltetel: bdb_id-egyezes + a szocikk latin betui >= 0,9 aranyban a testversor elejen, egy megfelelo testver; DT-F57f/g/h) | ts=2026-10-05
H5673	BDB9748	aram	עֲבִידָה	H5656	nem_ebbol_a_szocikkbol	a testvér-sor nem ebből a BDB-szócikkből származik (a testvér H-kulcsa: BDB5744)	scope=konkordancia/lexikonok_nyers/BDB.lexicon + konkordancia/BDB_teljes_unabridged.tsv | forras=eszkozok/bdb_strong_potlas.py --alias (masodlagos H-cimke; feltetel: bdb_id-egyezes + a szocikk latin betui >= 0,9 aranyban a testversor elejen, egy megfelelo testver; DT-F57f/g/h) | ts=2026-10-05
H5745	BDB5760	heber	עוֺבָל	H5658	nem_ebbol_a_szocikkbol	a testvér-sor nem ebből a BDB-szócikkből származik (a testvér H-kulcsa: BDB5746)	scope=konkordancia/lexikonok_nyers/BDB.lexicon + konkordancia/BDB_teljes_unabridged.tsv | forras=eszkozok/bdb_strong_potlas.py --alias (masodlagos H-cimke; feltetel: bdb_id-egyezes + a szocikk latin betui >= 0,9 aranyban a testversor elejen, egy megfelelo testver; DT-F57f/g/h) | ts=2026-10-05
H5751	BDB9754	aram	עוֺד	H5750	nem_ebbol_a_szocikkbol	a testvér-sor nem ebből a BDB-szócikkből származik (a testvér H-kulcsa: BDB5855)	scope=konkordancia/lexikonok_nyers/BDB.lexicon + konkordancia/BDB_teljes_unabridged.tsv | forras=eszkozok/bdb_strong_potlas.py --alias (masodlagos H-cimke; feltetel: bdb_id-egyezes + a szocikk latin betui >= 0,9 aranyban a testversor elejen, egy megfelelo testver; DT-F57f/g/h) | ts=2026-10-05
H5758	BDB9755	aram	עֲוָיָה	H5753,H5771	nem_ebbol_a_szocikkbol	a testvér-sor nem ebből a BDB-szócikkből származik (a testvér H-kulcsa: BDB5863,BDB5869)	scope=konkordancia/lexikonok_nyers/BDB.lexicon + konkordancia/BDB_teljes_unabridged.tsv | forras=eszkozok/bdb_strong_potlas.py --alias (masodlagos H-cimke; feltetel: bdb_id-egyezes + a szocikk latin betui >= 0,9 aranyban a testversor elejen, egy megfelelo testver; DT-F57f/g/h) | ts=2026-10-05
H5776	BDB9756	aram	עוֺף	H5774	nem_ebbol_a_szocikkbol	a testvér-sor nem ebből a BDB-szócikkből származik (a testvér H-kulcsa: BDB5894)	scope=konkordancia/lexikonok_nyers/BDB.lexicon + konkordancia/BDB_teljes_unabridged.tsv | forras=eszkozok/bdb_strong_potlas.py --alias (masodlagos H-cimke; feltetel: bdb_id-egyezes + a szocikk latin betui >= 0,9 aranyban a testversor elejen, egy megfelelo testver; DT-F57f/g/h) | ts=2026-10-05
H5831	BDB9759	aram	עֶזְרָא	H5830	nem_ebbol_a_szocikkbol	a testvér-sor nem ebből a BDB-szócikkből származik (a testvér H-kulcsa: BDB5972)	scope=konkordancia/lexikonok_nyers/BDB.lexicon + konkordancia/BDB_teljes_unabridged.tsv | forras=eszkozok/bdb_strong_potlas.py --alias (masodlagos H-cimke; feltetel: bdb_id-egyezes + a szocikk latin betui >= 0,9 aranyban a testversor elejen, egy megfelelo testver; DT-F57f/g/h) | ts=2026-10-05
H5839	BDB9760	aram	עֲזַרְיָה	H5838	nem_ebbol_a_szocikkbol	a testvér-sor nem ebből a BDB-szócikkből származik (a testvér H-kulcsa: BDB5978)	scope=konkordancia/lexikonok_nyers/BDB.lexicon + konkordancia/BDB_teljes_unabridged.tsv | forras=eszkozok/bdb_strong_potlas.py --alias (masodlagos H-cimke; feltetel: bdb_id-egyezes + a szocikk latin betui >= 0,9 aranyban a testversor elejen, egy megfelelo testver; DT-F57f/g/h) | ts=2026-10-05
H5843	BDB9586	aram	עֵטָא	H2942	nem_ebbol_a_szocikkbol	a testvér-sor nem ebből a BDB-szócikkből származik (a testvér H-kulcsa: BDB9562)	scope=konkordancia/lexikonok_nyers/BDB.lexicon + konkordancia/BDB_teljes_unabridged.tsv | forras=eszkozok/bdb_strong_potlas.py --alias (masodlagos H-cimke; feltetel: bdb_id-egyezes + a szocikk latin betui >= 0,9 aranyban a testversor elejen, egy megfelelo testver; DT-F57f/g/h) | ts=2026-10-05
H5870	BDB9761	aram	עַ֫יִן	H5869	nem_ebbol_a_szocikkbol	a testvér-sor nem ebből a BDB-szócikkből származik (a testvér H-kulcsa: BDB5892)	scope=konkordancia/lexikonok_nyers/BDB.lexicon + konkordancia/BDB_teljes_unabridged.tsv | forras=eszkozok/bdb_strong_potlas.py --alias (masodlagos H-cimke; feltetel: bdb_id-egyezes + a szocikk latin betui >= 0,9 aranyban a testversor elejen, egy megfelelo testver; DT-F57f/g/h) | ts=2026-10-05
H5875	BDB6016	heber	עַ֫יִן	H5871,H8179	a_testversor_mas_szocikk	a testvérsor más szócikk (a bdb_id egyezik, de a szócikk szövege nem a testvérsor elején áll, és a testvérsor nem ugyanazzal a címszóval kezdődik; elejegyezés 0.327, a feltétel: >= 0.9)	scope=konkordancia/lexikonok_nyers/BDB.lexicon + konkordancia/BDB_teljes_unabridged.tsv | forras=eszkozok/bdb_strong_potlas.py --alias (masodlagos H-cimke; feltetel: bdb_id-egyezes + a szocikk latin betui >= 0,9 aranyban a testversor elejen, egy megfelelo testver; DT-F57f/g/h) | ts=2026-10-05
H5881	BDB6030	heber	עֵינָן	H2704,H2703	nem_ebbol_a_szocikkbol	a testvér-sor nem ebből a BDB-szócikkből származik (a testvér H-kulcsa: BDB3053)	scope=konkordancia/lexikonok_nyers/BDB.lexicon + konkordancia/BDB_teljes_unabridged.tsv | forras=eszkozok/bdb_strong_potlas.py --alias (masodlagos H-cimke; feltetel: bdb_id-egyezes + a szocikk latin betui >= 0,9 aranyban a testversor elejen, egy megfelelo testver; DT-F57f/g/h) | ts=2026-10-05
H5883	BDB6016	heber	עַ֫יִן	H5871,H8179	a_testversor_mas_szocikk	a testvérsor más szócikk (a bdb_id egyezik, de a szócikk szövege nem a testvérsor elején áll, és a testvérsor nem ugyanazzal a címszóval kezdődik; elejegyezés 0.327, a feltétel: >= 0.9)	scope=konkordancia/lexikonok_nyers/BDB.lexicon + konkordancia/BDB_teljes_unabridged.tsv | forras=eszkozok/bdb_strong_potlas.py --alias (masodlagos H-cimke; feltetel: bdb_id-egyezes + a szocikk latin betui >= 0,9 aranyban a testversor elejen, egy megfelelo testver; DT-F57f/g/h) | ts=2026-10-05
H5886	BDB6016	heber	עַ֫יִן	H5871,H8179	a_testversor_mas_szocikk	a testvérsor más szócikk (a bdb_id egyezik, de a szócikk szövege nem a testvérsor elején áll, és a testvérsor nem ugyanazzal a címszóval kezdődik; elejegyezés 0.327, a feltétel: >= 0.9)	scope=konkordancia/lexikonok_nyers/BDB.lexicon + konkordancia/BDB_teljes_unabridged.tsv | forras=eszkozok/bdb_strong_potlas.py --alias (masodlagos H-cimke; feltetel: bdb_id-egyezes + a szocikk latin betui >= 0,9 aranyban a testversor elejen, egy megfelelo testver; DT-F57f/g/h) | ts=2026-10-05
H5888	BDB6033	heber	עִיף	H5774	nem_ebbol_a_szocikkbol	a testvér-sor nem ebből a BDB-szócikkből származik (a testvér H-kulcsa: BDB5894)	scope=konkordancia/lexikonok_nyers/BDB.lexicon + konkordancia/BDB_teljes_unabridged.tsv | forras=eszkozok/bdb_strong_potlas.py --alias (masodlagos H-cimke; feltetel: bdb_id-egyezes + a szocikk latin betui >= 0,9 aranyban a testversor elejen, egy megfelelo testver; DT-F57f/g/h) | ts=2026-10-05
H5899	BDB6039	heber	עִיר הַתְּמָרִים	H3405	nem_ebbol_a_szocikkbol	a testvér-sor nem ebből a BDB-szócikkből származik (a testvér H-kulcsa: BDB3740)	scope=konkordancia/lexikonok_nyers/BDB.lexicon + konkordancia/BDB_teljes_unabridged.tsv | forras=eszkozok/bdb_strong_potlas.py --alias (masodlagos H-cimke; feltetel: bdb_id-egyezes + a szocikk latin betui >= 0,9 aranyban a testversor elejen, egy megfelelo testver; DT-F57f/g/h) | ts=2026-10-05
H5921	BDB3996	heber	כִּי עַל כֵּן	H3588,H3651	nem_ebbol_a_szocikkbol	a testvér-sor nem ebből a BDB-szócikkből származik (a testvér H-kulcsa: BDB3937,BDB3945)	scope=konkordancia/lexikonok_nyers/BDB.lexicon + konkordancia/BDB_teljes_unabridged.tsv | forras=eszkozok/bdb_strong_potlas.py --alias (masodlagos H-cimke; feltetel: bdb_id-egyezes + a szocikk latin betui >= 0,9 aranyban a testversor elejen, egy megfelelo testver; DT-F57f/g/h) | ts=2026-10-05
H5932	BDB6086	heber	עַלְוָה	H5766	nem_ebbol_a_szocikkbol	a testvér-sor nem ebből a BDB-szócikkből származik (a testvér H-kulcsa: BDB5882)	scope=konkordancia/lexikonok_nyers/BDB.lexicon + konkordancia/BDB_teljes_unabridged.tsv | forras=eszkozok/bdb_strong_potlas.py --alias (masodlagos H-cimke; feltetel: bdb_id-egyezes + a szocikk latin betui >= 0,9 aranyban a testversor elejen, egy megfelelo testver; DT-F57f/g/h) | ts=2026-10-05
H5946	BDB9766	aram	עֶלְיוֺן	H5945	nem_ebbol_a_szocikkbol	a testvér-sor nem ebből a BDB-szócikkből származik (a testvér H-kulcsa: BDB6076)	scope=konkordancia/lexikonok_nyers/BDB.lexicon + konkordancia/BDB_teljes_unabridged.tsv | forras=eszkozok/bdb_strong_potlas.py --alias (masodlagos H-cimke; feltetel: bdb_id-egyezes + a szocikk latin betui >= 0,9 aranyban a testversor elejen, egy megfelelo testver; DT-F57f/g/h) | ts=2026-10-05
H5961	BDB6111	heber	עֲלָמוֺת	H4192	nem_ebbol_a_szocikkbol	a testvér-sor nem ebből a BDB-szócikkből származik (a testvér H-kulcsa: BDB4320)	scope=konkordancia/lexikonok_nyers/BDB.lexicon + konkordancia/BDB_teljes_unabridged.tsv | forras=eszkozok/bdb_strong_potlas.py --alias (masodlagos H-cimke; feltetel: bdb_id-egyezes + a szocikk latin betui >= 0,9 aranyban a testversor elejen, egy megfelelo testver; DT-F57f/g/h) | ts=2026-10-05
H5972	BDB9776	aram	עַם	H5971	nem_ebbol_a_szocikkbol	a testvér-sor nem ebből a BDB-szócikkből származik (a testvér H-kulcsa: BDB6144)	scope=konkordancia/lexikonok_nyers/BDB.lexicon + konkordancia/BDB_teljes_unabridged.tsv | forras=eszkozok/bdb_strong_potlas.py --alias (masodlagos H-cimke; feltetel: bdb_id-egyezes + a szocikk latin betui >= 0,9 aranyban a testversor elejen, egy megfelelo testver; DT-F57f/g/h) | ts=2026-10-05
H5974	BDB9777	aram	עִם	H5973	nem_ebbol_a_szocikkbol	a testvér-sor nem ebből a BDB-szócikkből származik (a testvér H-kulcsa: BDB6145)	scope=konkordancia/lexikonok_nyers/BDB.lexicon + konkordancia/BDB_teljes_unabridged.tsv | forras=eszkozok/bdb_strong_potlas.py --alias (masodlagos H-cimke; feltetel: bdb_id-egyezes + a szocikk latin betui >= 0,9 aranyban a testversor elejen, egy megfelelo testver; DT-F57f/g/h) | ts=2026-10-05
H6032	BDB9780	aram	עֲנָה	H6030	nem_ebbol_a_szocikkbol	a testvér-sor nem ebből a BDB-szócikkből származik (a testvér H-kulcsa: BDB5887)	scope=konkordancia/lexikonok_nyers/BDB.lexicon + konkordancia/BDB_teljes_unabridged.tsv | forras=eszkozok/bdb_strong_potlas.py --alias (masodlagos H-cimke; feltetel: bdb_id-egyezes + a szocikk latin betui >= 0,9 aranyban a testversor elejen, egy megfelelo testver; DT-F57f/g/h) | ts=2026-10-05
H6173	BDB9797	aram	עַרְוָה	H6168	nem_ebbol_a_szocikkbol	a testvér-sor nem ebből a BDB-szócikkből származik (a testvér H-kulcsa: BDB6373)	scope=konkordancia/lexikonok_nyers/BDB.lexicon + konkordancia/BDB_teljes_unabridged.tsv | forras=eszkozok/bdb_strong_potlas.py --alias (masodlagos H-cimke; feltetel: bdb_id-egyezes + a szocikk latin betui >= 0,9 aranyban a testversor elejen, egy megfelelo testver; DT-F57f/g/h) | ts=2026-10-05
H6263	BDB9804	aram	עֲתִיד	H6257,H6264	nem_ebbol_a_szocikkbol	a testvér-sor nem ebből a BDB-szócikkből származik (a testvér H-kulcsa: BDB6479,BDB6480)	scope=konkordancia/lexikonok_nyers/BDB.lexicon + konkordancia/BDB_teljes_unabridged.tsv | forras=eszkozok/bdb_strong_potlas.py --alias (masodlagos H-cimke; feltetel: bdb_id-egyezes + a szocikk latin betui >= 0,9 aranyban a testversor elejen, egy megfelelo testver; DT-F57f/g/h) | ts=2026-10-05
H6268	BDB9805	aram	עַתִּיק	H6267,H6275	nem_ebbol_a_szocikkbol	a testvér-sor nem ebből a BDB-szócikkből származik (a testvér H-kulcsa: BDB6489,BDB6493)	scope=konkordancia/lexikonok_nyers/BDB.lexicon + konkordancia/BDB_teljes_unabridged.tsv | forras=eszkozok/bdb_strong_potlas.py --alias (masodlagos H-cimke; feltetel: bdb_id-egyezes + a szocikk latin betui >= 0,9 aranyban a testversor elejen, egy megfelelo testver; DT-F57f/g/h) | ts=2026-10-05
H6386	BDB9809	aram	פְּלַג	H6385	nem_ebbol_a_szocikkbol	a testvér-sor nem ebből a BDB-szócikkből származik (a testvér H-kulcsa: BDB6624)	scope=konkordancia/lexikonok_nyers/BDB.lexicon + konkordancia/BDB_teljes_unabridged.tsv | forras=eszkozok/bdb_strong_potlas.py --alias (masodlagos H-cimke; feltetel: bdb_id-egyezes + a szocikk latin betui >= 0,9 aranyban a testversor elejen, egy megfelelo testver; DT-F57f/g/h) | ts=2026-10-05
H6433	BDB9814	aram	פֻּם	H6310	nem_ebbol_a_szocikkbol	a testvér-sor nem ebből a BDB-szócikkből származik (a testvér H-kulcsa: BDB6536)	scope=konkordancia/lexikonok_nyers/BDB.lexicon + konkordancia/BDB_teljes_unabridged.tsv | forras=eszkozok/bdb_strong_potlas.py --alias (masodlagos H-cimke; feltetel: bdb_id-egyezes + a szocikk latin betui >= 0,9 aranyban a testversor elejen, egy megfelelo testver; DT-F57f/g/h) | ts=2026-10-05
H6546	BDB6800	heber	פֶּ֫רַע	H6545	nem_ebbol_a_szocikkbol	a testvér-sor nem ebből a BDB-szócikkből származik (a testvér H-kulcsa: BDB6795)	scope=konkordancia/lexikonok_nyers/BDB.lexicon + konkordancia/BDB_teljes_unabridged.tsv | forras=eszkozok/bdb_strong_potlas.py --alias (masodlagos H-cimke; feltetel: bdb_id-egyezes + a szocikk latin betui >= 0,9 aranyban a testversor elejen, egy megfelelo testver; DT-F57f/g/h) | ts=2026-10-05
H6568	BDB9824	aram	פְּרַשׁ	H6567	nem_ebbol_a_szocikkbol	a testvér-sor nem ebből a BDB-szócikkből származik (a testvér H-kulcsa: BDB6826)	scope=konkordancia/lexikonok_nyers/BDB.lexicon + konkordancia/BDB_teljes_unabridged.tsv | forras=eszkozok/bdb_strong_potlas.py --alias (masodlagos H-cimke; feltetel: bdb_id-egyezes + a szocikk latin betui >= 0,9 aranyban a testversor elejen, egy megfelelo testver; DT-F57f/g/h) | ts=2026-10-05
H6606	BDB9829	aram	פְּתַח	H6605	nem_ebbol_a_szocikkbol	a testvér-sor nem ebből a BDB-szócikkből származik (a testvér H-kulcsa: BDB6865)	scope=konkordancia/lexikonok_nyers/BDB.lexicon + konkordancia/BDB_teljes_unabridged.tsv | forras=eszkozok/bdb_strong_potlas.py --alias (masodlagos H-cimke; feltetel: bdb_id-egyezes + a szocikk latin betui >= 0,9 aranyban a testversor elejen, egy megfelelo testver; DT-F57f/g/h) | ts=2026-10-05
H6702	BDB7025	heber	צוּת	H3341	nem_ebbol_a_szocikkbol	a testvér-sor nem ebből a BDB-szócikkből származik (a testvér H-kulcsa: BDB3680)	scope=konkordancia/lexikonok_nyers/BDB.lexicon + konkordancia/BDB_teljes_unabridged.tsv | forras=eszkozok/bdb_strong_potlas.py --alias (masodlagos H-cimke; feltetel: bdb_id-egyezes + a szocikk latin betui >= 0,9 aranyban a testversor elejen, egy megfelelo testver; DT-F57f/g/h) | ts=2026-10-05
H6737	BDB7058	heber	צִיר	H6735	kuszob_alatt	küszöb alatt (0.858 < 0.9), a testvérsor ugyanazzal a címszóval kezdődik; jelöltként marad; későbbi feladat beemelheti	scope=konkordancia/lexikonok_nyers/BDB.lexicon + konkordancia/BDB_teljes_unabridged.tsv | forras=eszkozok/bdb_strong_potlas.py --alias (masodlagos H-cimke; feltetel: bdb_id-egyezes + a szocikk latin betui >= 0,9 aranyban a testversor elejen, egy megfelelo testver; DT-F57f/g/h) | ts=2026-10-05
H6744	BDB9842	aram	צְלַח	H6743	nem_ebbol_a_szocikkbol	a testvér-sor nem ebből a BDB-szócikkből származik (a testvér H-kulcsa: BDB7064)	scope=konkordancia/lexikonok_nyers/BDB.lexicon + konkordancia/BDB_teljes_unabridged.tsv | forras=eszkozok/bdb_strong_potlas.py --alias (masodlagos H-cimke; feltetel: bdb_id-egyezes + a szocikk latin betui >= 0,9 aranyban a testversor elejen, egy megfelelo testver; DT-F57f/g/h) | ts=2026-10-05
H6755	BDB9843	aram	צְלֵם	H6754	nem_ebbol_a_szocikkbol	a testvér-sor nem ebből a BDB-szócikkből származik (a testvér H-kulcsa: BDB7088)	scope=konkordancia/lexikonok_nyers/BDB.lexicon + konkordancia/BDB_teljes_unabridged.tsv | forras=eszkozok/bdb_strong_potlas.py --alias (masodlagos H-cimke; feltetel: bdb_id-egyezes + a szocikk latin betui >= 0,9 aranyban a testversor elejen, egy megfelelo testver; DT-F57f/g/h) | ts=2026-10-05
H6820	BDB1151	heber	בֶּ֫לַע	H1106	nem_ebbol_a_szocikkbol	a testvér-sor nem ebből a BDB-szócikkből származik (a testvér H-kulcsa: BDB1149)	scope=konkordancia/lexikonok_nyers/BDB.lexicon + konkordancia/BDB_teljes_unabridged.tsv | forras=eszkozok/bdb_strong_potlas.py --alias (masodlagos H-cimke; feltetel: bdb_id-egyezes + a szocikk latin betui >= 0,9 aranyban a testversor elejen, egy megfelelo testver; DT-F57f/g/h) | ts=2026-10-05
H6853	BDB9844	aram	צִפַּר	H6833	nem_ebbol_a_szocikkbol	a testvér-sor nem ebből a BDB-szócikkből származik (a testvér H-kulcsa: BDB7211)	scope=konkordancia/lexikonok_nyers/BDB.lexicon + konkordancia/BDB_teljes_unabridged.tsv | forras=eszkozok/bdb_strong_potlas.py --alias (masodlagos H-cimke; feltetel: bdb_id-egyezes + a szocikk latin betui >= 0,9 aranyban a testversor elejen, egy megfelelo testver; DT-F57f/g/h) | ts=2026-10-05
H6902	BDB9848	aram	קַבֵּל	H6901	nem_ebbol_a_szocikkbol	a testvér-sor nem ebből a BDB-szócikkből származik (a testvér H-kulcsa: BDB7282)	scope=konkordancia/lexikonok_nyers/BDB.lexicon + konkordancia/BDB_teljes_unabridged.tsv | forras=eszkozok/bdb_strong_potlas.py --alias (masodlagos H-cimke; feltetel: bdb_id-egyezes + a szocikk latin betui >= 0,9 aranyban a testversor elejen, egy megfelelo testver; DT-F57f/g/h) | ts=2026-10-05
H6928	BDB9850	aram	קַדְמָה	H6927	nem_ebbol_a_szocikkbol	a testvér-sor nem ebből a BDB-szócikkből származik (a testvér H-kulcsa: BDB7306)	scope=konkordancia/lexikonok_nyers/BDB.lexicon + konkordancia/BDB_teljes_unabridged.tsv | forras=eszkozok/bdb_strong_potlas.py --alias (masodlagos H-cimke; feltetel: bdb_id-egyezes + a szocikk latin betui >= 0,9 aranyban a testversor elejen, egy megfelelo testver; DT-F57f/g/h) | ts=2026-10-05
H6944	BDB7327	heber	קָדֵשׁ	H6946,H5880,H8483	nem_ebbol_a_szocikkbol	a testvér-sor nem ebből a BDB-szócikkből származik (a testvér H-kulcsa: BDB2582,BDB6023,BDB7322)	scope=konkordancia/lexikonok_nyers/BDB.lexicon + konkordancia/BDB_teljes_unabridged.tsv | forras=eszkozok/bdb_strong_potlas.py --alias (masodlagos H-cimke; feltetel: bdb_id-egyezes + a szocikk latin betui >= 0,9 aranyban a testversor elejen, egy megfelelo testver; DT-F57f/g/h) | ts=2026-10-05
H6961	BDB7346	heber	קַו	H6957	nem_ebbol_a_szocikkbol	a testvér-sor nem ebből a BDB-szócikkből származik (a testvér H-kulcsa: BDB7341)	scope=konkordancia/lexikonok_nyers/BDB.lexicon + konkordancia/BDB_teljes_unabridged.tsv | forras=eszkozok/bdb_strong_potlas.py --alias (masodlagos H-cimke; feltetel: bdb_id-egyezes + a szocikk latin betui >= 0,9 aranyban a testversor elejen, egy megfelelo testver; DT-F57f/g/h) | ts=2026-10-05
H6966	BDB9856	aram	קוּם	H6965	nem_ebbol_a_szocikkbol	a testvér-sor nem ebből a BDB-szócikkből származik (a testvér H-kulcsa: BDB4297)	scope=konkordancia/lexikonok_nyers/BDB.lexicon + konkordancia/BDB_teljes_unabridged.tsv | forras=eszkozok/bdb_strong_potlas.py --alias (masodlagos H-cimke; feltetel: bdb_id-egyezes + a szocikk latin betui >= 0,9 aranyban a testversor elejen, egy megfelelo testver; DT-F57f/g/h) | ts=2026-10-05
H6992	BDB9859	aram	קְטַל	H6991	nem_ebbol_a_szocikkbol	a testvér-sor nem ebből a BDB-szócikkből származik (a testvér H-kulcsa: BDB7394)	scope=konkordancia/lexikonok_nyers/BDB.lexicon + konkordancia/BDB_teljes_unabridged.tsv | forras=eszkozok/bdb_strong_potlas.py --alias (masodlagos H-cimke; feltetel: bdb_id-egyezes + a szocikk latin betui >= 0,9 aranyban a testversor elejen, egy megfelelo testver; DT-F57f/g/h) | ts=2026-10-05
H7006	BDB7419	heber	קָיָה	H6958	nem_ebbol_a_szocikkbol	a testvér-sor nem ebből a BDB-szócikkből származik (a testvér H-kulcsa: BDB7416)	scope=konkordancia/lexikonok_nyers/BDB.lexicon + konkordancia/BDB_teljes_unabridged.tsv | forras=eszkozok/bdb_strong_potlas.py --alias (masodlagos H-cimke; feltetel: bdb_id-egyezes + a szocikk latin betui >= 0,9 aranyban a testversor elejen, egy megfelelo testver; DT-F57f/g/h) | ts=2026-10-05
H7118	BDB9866	aram	קְצָת	H7117	nem_ebbol_a_szocikkbol	a testvér-sor nem ebből a BDB-szócikkből származik (a testvér H-kulcsa: BDB7523)	scope=konkordancia/lexikonok_nyers/BDB.lexicon + konkordancia/BDB_teljes_unabridged.tsv | forras=eszkozok/bdb_strong_potlas.py --alias (masodlagos H-cimke; feltetel: bdb_id-egyezes + a szocikk latin betui >= 0,9 aranyban a testversor elejen, egy megfelelo testver; DT-F57f/g/h) | ts=2026-10-05
H7125	BDB7557	heber	קְרַאת	H7122	nem_ebbol_a_szocikkbol	a testvér-sor nem ebből a BDB-szócikkből származik (a testvér H-kulcsa: BDB7556)	scope=konkordancia/lexikonok_nyers/BDB.lexicon + konkordancia/BDB_teljes_unabridged.tsv | forras=eszkozok/bdb_strong_potlas.py --alias (masodlagos H-cimke; feltetel: bdb_id-egyezes + a szocikk latin betui >= 0,9 aranyban a testversor elejen, egy megfelelo testver; DT-F57f/g/h) | ts=2026-10-05
H7127	BDB9870	aram	קְרֵב	H7126	nem_ebbol_a_szocikkbol	a testvér-sor nem ebből a BDB-szócikkből származik (a testvér H-kulcsa: BDB7558)	scope=konkordancia/lexikonok_nyers/BDB.lexicon + konkordancia/BDB_teljes_unabridged.tsv | forras=eszkozok/bdb_strong_potlas.py --alias (masodlagos H-cimke; feltetel: bdb_id-egyezes + a szocikk latin betui >= 0,9 aranyban a testversor elejen, egy megfelelo testver; DT-F57f/g/h) | ts=2026-10-05
H7162	BDB9873	aram	קֶ֫רֶן	H7161	nem_ebbol_a_szocikkbol	a testvér-sor nem ebből a BDB-szócikkből származik (a testvér H-kulcsa: BDB7597)	scope=konkordancia/lexikonok_nyers/BDB.lexicon + konkordancia/BDB_teljes_unabridged.tsv | forras=eszkozok/bdb_strong_potlas.py --alias (masodlagos H-cimke; feltetel: bdb_id-egyezes + a szocikk latin betui >= 0,9 aranyban a testversor elejen, egy megfelelo testver; DT-F57f/g/h) | ts=2026-10-05
H7201	BDB7655	heber	<big>ר</big>	H1676	nem_ebbol_a_szocikkbol	a testvér-sor nem ebből a BDB-szócikkből származik (a testvér H-kulcsa: BDB1798)	scope=konkordancia/lexikonok_nyers/BDB.lexicon + konkordancia/BDB_teljes_unabridged.tsv | forras=eszkozok/bdb_strong_potlas.py --alias (masodlagos H-cimke; feltetel: bdb_id-egyezes + a szocikk latin betui >= 0,9 aranyban a testversor elejen, egy megfelelo testver; DT-F57f/g/h) | ts=2026-10-05
H7262	BDB7692	heber	רַב	H7249,H8248	a_testversor_mas_szocikk	a testvérsor más szócikk (a bdb_id egyezik, de a szócikk szövege nem a testvérsor elején áll, és a testvérsor nem ugyanazzal a címszóval kezdődik; elejegyezés 0.164, a feltétel: >= 0.9)	scope=konkordancia/lexikonok_nyers/BDB.lexicon + konkordancia/BDB_teljes_unabridged.tsv | forras=eszkozok/bdb_strong_potlas.py --alias (masodlagos H-cimke; feltetel: bdb_id-egyezes + a szocikk latin betui >= 0,9 aranyban a testversor elejen, egy megfelelo testver; DT-F57f/g/h) | ts=2026-10-05
H7265	BDB9888	aram	רְגַז	H7264	nem_ebbol_a_szocikkbol	a testvér-sor nem ebből a BDB-szócikkből származik (a testvér H-kulcsa: BDB7738)	scope=konkordancia/lexikonok_nyers/BDB.lexicon + konkordancia/BDB_teljes_unabridged.tsv | forras=eszkozok/bdb_strong_potlas.py --alias (masodlagos H-cimke; feltetel: bdb_id-egyezes + a szocikk latin betui >= 0,9 aranyban a testversor elejen, egy megfelelo testver; DT-F57f/g/h) | ts=2026-10-05
H7313	BDB9895	aram	רוּם	H7311	nem_ebbol_a_szocikkbol	a testvér-sor nem ebből a BDB-szócikkből származik (a testvér H-kulcsa: BDB4685)	scope=konkordancia/lexikonok_nyers/BDB.lexicon + konkordancia/BDB_teljes_unabridged.tsv | forras=eszkozok/bdb_strong_potlas.py --alias (masodlagos H-cimke; feltetel: bdb_id-egyezes + a szocikk latin betui >= 0,9 aranyban a testversor elejen, egy megfelelo testver; DT-F57f/g/h) | ts=2026-10-05
H7412	BDB9903	aram	רְמָא	H7411	nem_ebbol_a_szocikkbol	a testvér-sor nem ebből a BDB-szócikkből származik (a testvér H-kulcsa: BDB7943)	scope=konkordancia/lexikonok_nyers/BDB.lexicon + konkordancia/BDB_teljes_unabridged.tsv | forras=eszkozok/bdb_strong_potlas.py --alias (masodlagos H-cimke; feltetel: bdb_id-egyezes + a szocikk latin betui >= 0,9 aranyban a testversor elejen, egy megfelelo testver; DT-F57f/g/h) | ts=2026-10-05
H7427	BDB7817	heber	רוֺמֵמוּת	H7319	nem_ebbol_a_szocikkbol	a testvér-sor nem ebből a BDB-szócikkből származik (a testvér H-kulcsa: BDB7803)	scope=konkordancia/lexikonok_nyers/BDB.lexicon + konkordancia/BDB_teljes_unabridged.tsv | forras=eszkozok/bdb_strong_potlas.py --alias (masodlagos H-cimke; feltetel: bdb_id-egyezes + a szocikk latin betui >= 0,9 aranyban a testversor elejen, egy megfelelo testver; DT-F57f/g/h) | ts=2026-10-05
H7432	BDB7813	heber	רָ(א)מוֺת	H7216,H1568,H7414,H7418,H3406	nem_ebbol_a_szocikkbol	a testvér-sor nem ebből a BDB-szócikkből származik (a testvér H-kulcsa: BDB1670,BDB3746,BDB7673,BDB7810,BDB7812)	scope=konkordancia/lexikonok_nyers/BDB.lexicon + konkordancia/BDB_teljes_unabridged.tsv | forras=eszkozok/bdb_strong_potlas.py --alias (masodlagos H-cimke; feltetel: bdb_id-egyezes + a szocikk latin betui >= 0,9 aranyban a testversor elejen, egy megfelelo testver; DT-F57f/g/h) | ts=2026-10-05
H7433	BDB7813	heber	רָ(א)מוֺת	H7216,H1568,H7414,H7418,H3406	nem_ebbol_a_szocikkbol	a testvér-sor nem ebből a BDB-szócikkből származik (a testvér H-kulcsa: BDB1670,BDB3746,BDB7673,BDB7810,BDB7812)	scope=konkordancia/lexikonok_nyers/BDB.lexicon + konkordancia/BDB_teljes_unabridged.tsv | forras=eszkozok/bdb_strong_potlas.py --alias (masodlagos H-cimke; feltetel: bdb_id-egyezes + a szocikk latin betui >= 0,9 aranyban a testversor elejen, egy megfelelo testver; DT-F57f/g/h) | ts=2026-10-05
H7436	BDB6995	heber	צוּפִי	H6689	nem_ebbol_a_szocikkbol	a testvér-sor nem ebből a BDB-szócikkből származik (a testvér H-kulcsa: BDB6994)	scope=konkordancia/lexikonok_nyers/BDB.lexicon + konkordancia/BDB_teljes_unabridged.tsv | forras=eszkozok/bdb_strong_potlas.py --alias (masodlagos H-cimke; feltetel: bdb_id-egyezes + a szocikk latin betui >= 0,9 aranyban a testversor elejen, egy megfelelo testver; DT-F57f/g/h) | ts=2026-10-05
H7444	BDB7973	heber	רָנַן	H7442,H7323	nem_ebbol_a_szocikkbol	a testvér-sor nem ebből a BDB-szócikkből származik (a testvér H-kulcsa: BDB7822)	scope=konkordancia/lexikonok_nyers/BDB.lexicon + konkordancia/BDB_teljes_unabridged.tsv | forras=eszkozok/bdb_strong_potlas.py --alias (masodlagos H-cimke; feltetel: bdb_id-egyezes + a szocikk latin betui >= 0,9 aranyban a testversor elejen, egy megfelelo testver; DT-F57f/g/h) | ts=2026-10-05
H7465	BDB8036	heber	רָעַע	H7489,H7462	nem_ebbol_a_szocikkbol	a testvér-sor nem ebből a BDB-szócikkből származik (a testvér H-kulcsa: BDB7994,BDB8000)	scope=konkordancia/lexikonok_nyers/BDB.lexicon + konkordancia/BDB_teljes_unabridged.tsv | forras=eszkozok/bdb_strong_potlas.py --alias (masodlagos H-cimke; feltetel: bdb_id-egyezes + a szocikk latin betui >= 0,9 aranyban a testversor elejen, egy megfelelo testver; DT-F57f/g/h) | ts=2026-10-05
H7512	BDB9909	aram	רְפַס	H7511	nem_ebbol_a_szocikkbol	a testvér-sor nem ebből a BDB-szócikkből származik (a testvér H-kulcsa: BDB8064)	scope=konkordancia/lexikonok_nyers/BDB.lexicon + konkordancia/BDB_teljes_unabridged.tsv | forras=eszkozok/bdb_strong_potlas.py --alias (masodlagos H-cimke; feltetel: bdb_id-egyezes + a szocikk latin betui >= 0,9 aranyban a testversor elejen, egy megfelelo testver; DT-F57f/g/h) | ts=2026-10-05
H7529	BDB8087	heber	רִצְפָּה	H7531	nem_ebbol_a_szocikkbol	a testvér-sor nem ebből a BDB-szócikkből származik (a testvér H-kulcsa: BDB8084)	scope=konkordancia/lexikonok_nyers/BDB.lexicon + konkordancia/BDB_teljes_unabridged.tsv | forras=eszkozok/bdb_strong_potlas.py --alias (masodlagos H-cimke; feltetel: bdb_id-egyezes + a szocikk latin betui >= 0,9 aranyban a testversor elejen, egy megfelelo testver; DT-F57f/g/h) | ts=2026-10-05
H7560	BDB9910	aram	רְשַׁם	H7559	nem_ebbol_a_szocikkbol	a testvér-sor nem ebből a BDB-szócikkből származik (a testvér H-kulcsa: BDB8122)	scope=konkordancia/lexikonok_nyers/BDB.lexicon + konkordancia/BDB_teljes_unabridged.tsv | forras=eszkozok/bdb_strong_potlas.py --alias (masodlagos H-cimke; feltetel: bdb_id-egyezes + a szocikk latin betui >= 0,9 aranyban a testversor elejen, egy megfelelo testver; DT-F57f/g/h) | ts=2026-10-05
H7593	BDB9922	aram	<big>שׁ</big>	H7592	nem_ebbol_a_szocikkbol	a testvér-sor nem ebből a BDB-szócikkből származik (a testvér H-kulcsa: BDB8367)	scope=konkordancia/lexikonok_nyers/BDB.lexicon + konkordancia/BDB_teljes_unabridged.tsv | forras=eszkozok/bdb_strong_potlas.py --alias (masodlagos H-cimke; feltetel: bdb_id-egyezes + a szocikk latin betui >= 0,9 aranyban a testversor elejen, egy megfelelo testver; DT-F57f/g/h) | ts=2026-10-05
H7606	BDB9924	aram	שְׁאָר	H7605	nem_ebbol_a_szocikkbol	a testvér-sor nem ebből a BDB-szócikkből származik (a testvér H-kulcsa: BDB8381)	scope=konkordancia/lexikonok_nyers/BDB.lexicon + konkordancia/BDB_teljes_unabridged.tsv | forras=eszkozok/bdb_strong_potlas.py --alias (masodlagos H-cimke; feltetel: bdb_id-egyezes + a szocikk latin betui >= 0,9 aranyban a testversor elejen, egy megfelelo testver; DT-F57f/g/h) | ts=2026-10-05
H7658	BDB8428	heber	שִׁבְעָ֫נָה	H7651	nem_ebbol_a_szocikkbol	a testvér-sor nem ebből a BDB-szócikkből származik (a testvér H-kulcsa: BDB8424)	scope=konkordancia/lexikonok_nyers/BDB.lexicon + konkordancia/BDB_teljes_unabridged.tsv | forras=eszkozok/bdb_strong_potlas.py --alias (masodlagos H-cimke; feltetel: bdb_id-egyezes + a szocikk latin betui >= 0,9 aranyban a testversor elejen, egy megfelelo testver; DT-F57f/g/h) | ts=2026-10-05
H7695	BDB9932	aram	שֵׁגָל	H7694	nem_ebbol_a_szocikkbol	a testvér-sor nem ebből a BDB-szócikkből származik (a testvér H-kulcsa: BDB8467)	scope=konkordancia/lexikonok_nyers/BDB.lexicon + konkordancia/BDB_teljes_unabridged.tsv | forras=eszkozok/bdb_strong_potlas.py --alias (masodlagos H-cimke; feltetel: bdb_id-egyezes + a szocikk latin betui >= 0,9 aranyban a testversor elejen, egy megfelelo testver; DT-F57f/g/h) | ts=2026-10-05
H7715	BDB9935	aram	שַׁדְרַךְ	H7714	nem_ebbol_a_szocikkbol	a testvér-sor nem ebből a BDB-szócikkből származik (a testvér H-kulcsa: BDB8486)	scope=konkordancia/lexikonok_nyers/BDB.lexicon + konkordancia/BDB_teljes_unabridged.tsv | forras=eszkozok/bdb_strong_potlas.py --alias (masodlagos H-cimke; feltetel: bdb_id-egyezes + a szocikk latin betui >= 0,9 aranyban a testversor elejen, egy megfelelo testver; DT-F57f/g/h) | ts=2026-10-05
H7773	BDB8551	heber	שׁוּעַ	H7769	nem_ebbol_a_szocikkbol	a testvér-sor nem ebből a BDB-szócikkből származik (a testvér H-kulcsa: BDB3811)	scope=konkordancia/lexikonok_nyers/BDB.lexicon + konkordancia/BDB_teljes_unabridged.tsv | forras=eszkozok/bdb_strong_potlas.py --alias (masodlagos H-cimke; feltetel: bdb_id-egyezes + a szocikk latin betui >= 0,9 aranyban a testversor elejen, egy megfelelo testver; DT-F57f/g/h) | ts=2026-10-05
H7792	BDB9943	aram	שׁוּר	H7791	nem_ebbol_a_szocikkbol	a testvér-sor nem ebből a BDB-szócikkből származik (a testvér H-kulcsa: BDB8569)	scope=konkordancia/lexikonok_nyers/BDB.lexicon + konkordancia/BDB_teljes_unabridged.tsv | forras=eszkozok/bdb_strong_potlas.py --alias (masodlagos H-cimke; feltetel: bdb_id-egyezes + a szocikk latin betui >= 0,9 aranyban a testversor elejen, egy megfelelo testver; DT-F57f/g/h) | ts=2026-10-05
H7932	BDB9951	aram	שְׁכֵן	H4908,H7931	nem_ebbol_a_szocikkbol	a testvér-sor nem ebből a BDB-szócikkből származik (a testvér H-kulcsa: BDB8675,BDB8678)	scope=konkordancia/lexikonok_nyers/BDB.lexicon + konkordancia/BDB_teljes_unabridged.tsv | forras=eszkozok/bdb_strong_potlas.py --alias (masodlagos H-cimke; feltetel: bdb_id-egyezes + a szocikk latin betui >= 0,9 aranyban a testversor elejen, egy megfelelo testver; DT-F57f/g/h) | ts=2026-10-05
H7968	BDB8746	heber	שַׁלּוּן	H7967	nem_ebbol_a_szocikkbol	a testvér-sor nem ebből a BDB-szócikkből származik (a testvér H-kulcsa: BDB8745)	scope=konkordancia/lexikonok_nyers/BDB.lexicon + konkordancia/BDB_teljes_unabridged.tsv | forras=eszkozok/bdb_strong_potlas.py --alias (masodlagos H-cimke; feltetel: bdb_id-egyezes + a szocikk latin betui >= 0,9 aranyban a testversor elejen, egy megfelelo testver; DT-F57f/g/h) | ts=2026-10-05
H7972	BDB9957	aram	שְׁלַח	H7971	nem_ebbol_a_szocikkbol	a testvér-sor nem ebből a BDB-szócikkből származik (a testvér H-kulcsa: BDB8706)	scope=konkordancia/lexikonok_nyers/BDB.lexicon + konkordancia/BDB_teljes_unabridged.tsv | forras=eszkozok/bdb_strong_potlas.py --alias (masodlagos H-cimke; feltetel: bdb_id-egyezes + a szocikk latin betui >= 0,9 aranyban a testversor elejen, egy megfelelo testver; DT-F57f/g/h) | ts=2026-10-05
H7981	BDB9958	aram	שְׁלֵט	H7980	nem_ebbol_a_szocikkbol	a testvér-sor nem ebből a BDB-szócikkből származik (a testvér H-kulcsa: BDB8720)	scope=konkordancia/lexikonok_nyers/BDB.lexicon + konkordancia/BDB_teljes_unabridged.tsv | forras=eszkozok/bdb_strong_potlas.py --alias (masodlagos H-cimke; feltetel: bdb_id-egyezes + a szocikk latin betui >= 0,9 aranyban a testversor elejen, egy megfelelo testver; DT-F57f/g/h) | ts=2026-10-05
H8000	BDB9961	aram	שְׁלֵם	H7999	nem_ebbol_a_szocikkbol	a testvér-sor nem ebből a BDB-szócikkből származik (a testvér H-kulcsa: BDB8733)	scope=konkordancia/lexikonok_nyers/BDB.lexicon + konkordancia/BDB_teljes_unabridged.tsv | forras=eszkozok/bdb_strong_potlas.py --alias (masodlagos H-cimke; feltetel: bdb_id-egyezes + a szocikk latin betui >= 0,9 aranyban a testversor elejen, egy megfelelo testver; DT-F57f/g/h) | ts=2026-10-05
H8036	BDB9963	aram	שֻׁם	H8034	nem_ebbol_a_szocikkbol	a testvér-sor nem ebből a BDB-szócikkből származik (a testvér H-kulcsa: BDB8776)	scope=konkordancia/lexikonok_nyers/BDB.lexicon + konkordancia/BDB_teljes_unabridged.tsv | forras=eszkozok/bdb_strong_potlas.py --alias (masodlagos H-cimke; feltetel: bdb_id-egyezes + a szocikk latin betui >= 0,9 aranyban a testversor elejen, egy megfelelo testver; DT-F57f/g/h) | ts=2026-10-05
H8065	BDB9965	aram	שְׁמַ֫יִן	H8064	nem_ebbol_a_szocikkbol	a testvér-sor nem ebből a BDB-szócikkből származik (a testvér H-kulcsa: BDB8792)	scope=konkordancia/lexikonok_nyers/BDB.lexicon + konkordancia/BDB_teljes_unabridged.tsv | forras=eszkozok/bdb_strong_potlas.py --alias (masodlagos H-cimke; feltetel: bdb_id-egyezes + a szocikk latin betui >= 0,9 aranyban a testversor elejen, egy megfelelo testver; DT-F57f/g/h) | ts=2026-10-05
H8086	BDB9967	aram	שְׁמַע	H8085	nem_ebbol_a_szocikkbol	a testvér-sor nem ebből a BDB-szócikkből származik (a testvér H-kulcsa: BDB8819)	scope=konkordancia/lexikonok_nyers/BDB.lexicon + konkordancia/BDB_teljes_unabridged.tsv | forras=eszkozok/bdb_strong_potlas.py --alias (masodlagos H-cimke; feltetel: bdb_id-egyezes + a szocikk latin betui >= 0,9 aranyban a testversor elejen, egy megfelelo testver; DT-F57f/g/h) | ts=2026-10-05
H8093	BDB8802	heber	שַׁמָּה	H8092,H8096,H8054	a_testversor_mas_szocikk	a testvérsor más szócikk (a bdb_id egyezik, de a szócikk szövege nem a testvérsor elején áll, és a testvérsor nem ugyanazzal a címszóval kezdődik; elejegyezés 0.520, a feltétel: >= 0.9)	scope=konkordancia/lexikonok_nyers/BDB.lexicon + konkordancia/BDB_teljes_unabridged.tsv | forras=eszkozok/bdb_strong_potlas.py --alias (masodlagos H-cimke; feltetel: bdb_id-egyezes + a szocikk latin betui >= 0,9 aranyban a testversor elejen, egy megfelelo testver; DT-F57f/g/h) | ts=2026-10-05
H8112	BDB8860	heber	שִׁמְרוֺן	H8110	kuszob_alatt	küszöb alatt (0.873 < 0.9), a testvérsor ugyanazzal a címszóval kezdődik; jelöltként marad; későbbi feladat beemelheti	scope=konkordancia/lexikonok_nyers/BDB.lexicon + konkordancia/BDB_teljes_unabridged.tsv | forras=eszkozok/bdb_strong_potlas.py --alias (masodlagos H-cimke; feltetel: bdb_id-egyezes + a szocikk latin betui >= 0,9 aranyban a testversor elejen, egy megfelelo testver; DT-F57f/g/h) | ts=2026-10-05
H8115	BDB9968	aram	שָֽׁמְרָ֑יִן	H8111	nem_ebbol_a_szocikkbol	a testvér-sor nem ebből a BDB-szócikkből származik (a testvér H-kulcsa: BDB8858)	scope=konkordancia/lexikonok_nyers/BDB.lexicon + konkordancia/BDB_teljes_unabridged.tsv | forras=eszkozok/bdb_strong_potlas.py --alias (masodlagos H-cimke; feltetel: bdb_id-egyezes + a szocikk latin betui >= 0,9 aranyban a testversor elejen, egy megfelelo testver; DT-F57f/g/h) | ts=2026-10-05
H8157	BDB8901	heber	שֶׁ֫סַע	H8156	nem_ebbol_a_szocikkbol	a testvér-sor nem ebből a BDB-szócikkből származik (a testvér H-kulcsa: BDB8900)	scope=konkordancia/lexikonok_nyers/BDB.lexicon + konkordancia/BDB_teljes_unabridged.tsv | forras=eszkozok/bdb_strong_potlas.py --alias (masodlagos H-cimke; feltetel: bdb_id-egyezes + a szocikk latin betui >= 0,9 aranyban a testversor elejen, egy megfelelo testver; DT-F57f/g/h) | ts=2026-10-05
H8183	BDB8292	heber	שְׂעָרָה	H5591	nem_ebbol_a_szocikkbol	a testvér-sor nem ebből a BDB-szócikkből származik (a testvér H-kulcsa: BDB5664)	scope=konkordancia/lexikonok_nyers/BDB.lexicon + konkordancia/BDB_teljes_unabridged.tsv | forras=eszkozok/bdb_strong_potlas.py --alias (masodlagos H-cimke; feltetel: bdb_id-egyezes + a szocikk latin betui >= 0,9 aranyban a testversor elejen, egy megfelelo testver; DT-F57f/g/h) | ts=2026-10-05
H8200	BDB9978	aram	שְׁפַט	H8199	nem_ebbol_a_szocikkbol	a testvér-sor nem ebből a BDB-szócikkből származik (a testvér H-kulcsa: BDB8955)	scope=konkordancia/lexikonok_nyers/BDB.lexicon + konkordancia/BDB_teljes_unabridged.tsv | forras=eszkozok/bdb_strong_potlas.py --alias (masodlagos H-cimke; feltetel: bdb_id-egyezes + a szocikk latin betui >= 0,9 aranyban a testversor elejen, egy megfelelo testver; DT-F57f/g/h) | ts=2026-10-05
H8214	BDB9979	aram	שְׁפֵל	H8213	nem_ebbol_a_szocikkbol	a testvér-sor nem ebből a BDB-szócikkből származik (a testvér H-kulcsa: BDB8965)	scope=konkordancia/lexikonok_nyers/BDB.lexicon + konkordancia/BDB_teljes_unabridged.tsv | forras=eszkozok/bdb_strong_potlas.py --alias (masodlagos H-cimke; feltetel: bdb_id-egyezes + a szocikk latin betui >= 0,9 aranyban a testversor elejen, egy megfelelo testver; DT-F57f/g/h) | ts=2026-10-05
H8323	BDB8190	heber	שׂוּר	H7787,H4883,H5493	nem_ebbol_a_szocikkbol	a testvér-sor nem ebből a BDB-szócikkből származik (a testvér H-kulcsa: BDB5400,BDB5544,BDB8185)	scope=konkordancia/lexikonok_nyers/BDB.lexicon + konkordancia/BDB_teljes_unabridged.tsv | forras=eszkozok/bdb_strong_potlas.py --alias (masodlagos H-cimke; feltetel: bdb_id-egyezes + a szocikk latin betui >= 0,9 aranyban a testversor elejen, egy megfelelo testver; DT-F57f/g/h) | ts=2026-10-05
H8330	BDB9987	aram	שֹׁ֫רֶשׁ	H8328	nem_ebbol_a_szocikkbol	a testvér-sor nem ebből a BDB-szócikkből származik (a testvér H-kulcsa: BDB9058)	scope=konkordancia/lexikonok_nyers/BDB.lexicon + konkordancia/BDB_teljes_unabridged.tsv | forras=eszkozok/bdb_strong_potlas.py --alias (masodlagos H-cimke; feltetel: bdb_id-egyezes + a szocikk latin betui >= 0,9 aranyban a testversor elejen, egy megfelelo testver; DT-F57f/g/h) | ts=2026-10-05
H8338	BDB8491	heber	שִׁשָּׁה	H8341	nem_ebbol_a_szocikkbol	a testvér-sor nem ebből a BDB-szócikkből származik (a testvér H-kulcsa: BDB8489)	scope=konkordancia/lexikonok_nyers/BDB.lexicon + konkordancia/BDB_teljes_unabridged.tsv | forras=eszkozok/bdb_strong_potlas.py --alias (masodlagos H-cimke; feltetel: bdb_id-egyezes + a szocikk latin betui >= 0,9 aranyban a testversor elejen, egy megfelelo testver; DT-F57f/g/h) | ts=2026-10-05
H8406	BDB9994	aram	<big>ת</big>	H7665	nem_ebbol_a_szocikkbol	a testvér-sor nem ebből a BDB-szócikkből származik (a testvér H-kulcsa: BDB8442)	scope=konkordancia/lexikonok_nyers/BDB.lexicon + konkordancia/BDB_teljes_unabridged.tsv | forras=eszkozok/bdb_strong_potlas.py --alias (masodlagos H-cimke; feltetel: bdb_id-egyezes + a szocikk latin betui >= 0,9 aranyban a testversor elejen, egy megfelelo testver; DT-F57f/g/h) | ts=2026-10-05
H8421	BDB9995	aram	תּוּב	H7725	nem_ebbol_a_szocikkbol	a testvér-sor nem ebből a BDB-szócikkből származik (a testvér H-kulcsa: BDB8502)	scope=konkordancia/lexikonok_nyers/BDB.lexicon + konkordancia/BDB_teljes_unabridged.tsv | forras=eszkozok/bdb_strong_potlas.py --alias (masodlagos H-cimke; feltetel: bdb_id-egyezes + a szocikk latin betui >= 0,9 aranyban a testversor elejen, egy megfelelo testver; DT-F57f/g/h) | ts=2026-10-05
H8450	BDB9997	aram	תּוֺר	H7794	nem_ebbol_a_szocikkbol	a testvér-sor nem ebből a BDB-szócikkből származik (a testvér H-kulcsa: BDB8568)	scope=konkordancia/lexikonok_nyers/BDB.lexicon + konkordancia/BDB_teljes_unabridged.tsv | forras=eszkozok/bdb_strong_potlas.py --alias (masodlagos H-cimke; feltetel: bdb_id-egyezes + a szocikk latin betui >= 0,9 aranyban a testversor elejen, egy megfelelo testver; DT-F57f/g/h) | ts=2026-10-05
H8517	BDB9999	aram	תְּלַג	H7950	nem_ebbol_a_szocikkbol	a testvér-sor nem ebből a BDB-szócikkből származik (a testvér H-kulcsa: BDB8693)	scope=konkordancia/lexikonok_nyers/BDB.lexicon + konkordancia/BDB_teljes_unabridged.tsv | forras=eszkozok/bdb_strong_potlas.py --alias (masodlagos H-cimke; feltetel: bdb_id-egyezes + a szocikk latin betui >= 0,9 aranyban a testversor elejen, egy megfelelo testver; DT-F57f/g/h) | ts=2026-10-05
H8627	BDB10014	aram	תְּקַן	H8626	nem_ebbol_a_szocikkbol	a testvér-sor nem ebből a BDB-szócikkből származik (a testvér H-kulcsa: BDB9237)	scope=konkordancia/lexikonok_nyers/BDB.lexicon + konkordancia/BDB_teljes_unabridged.tsv | forras=eszkozok/bdb_strong_potlas.py --alias (masodlagos H-cimke; feltetel: bdb_id-egyezes + a szocikk latin betui >= 0,9 aranyban a testversor elejen, egy megfelelo testver; DT-F57f/g/h) | ts=2026-10-05
H8631	BDB10015	aram	תְּקֵף	H8630	nem_ebbol_a_szocikkbol	a testvér-sor nem ebből a BDB-szócikkből származik (a testvér H-kulcsa: BDB9243)	scope=konkordancia/lexikonok_nyers/BDB.lexicon + konkordancia/BDB_teljes_unabridged.tsv | forras=eszkozok/bdb_strong_potlas.py --alias (masodlagos H-cimke; feltetel: bdb_id-egyezes + a szocikk latin betui >= 0,9 aranyban a testversor elejen, egy megfelelo testver; DT-F57f/g/h) | ts=2026-10-05
H8651	BDB10020	aram	תְּרַע	H8179	nem_ebbol_a_szocikkbol	a testvér-sor nem ebből a BDB-szócikkből származik (a testvér H-kulcsa: BDB6016)	scope=konkordancia/lexikonok_nyers/BDB.lexicon + konkordancia/BDB_teljes_unabridged.tsv | forras=eszkozok/bdb_strong_potlas.py --alias (masodlagos H-cimke; feltetel: bdb_id-egyezes + a szocikk latin betui >= 0,9 aranyban a testversor elejen, egy megfelelo testver; DT-F57f/g/h) | ts=2026-10-05
