Igehely	Szósorszám	Strong-szám	Angol szó	Morfológiai kód
Pro.1.1	1	H4912	The proverbs	
Pro.1.1	2	H8010	of Solomon	
Pro.1.1	3	H1121	the son	
Pro.1.1	4	H1732	of David	
Pro.1.1	5	H4428	, king	
Pro.1.1	6	H3478	of Israel;	
Pro.1.2	1	H3045	To know	[H8800]
Pro.1.2	2	H2451	wisdom	
Pro.1.2	3	H4148	and instruction	
Pro.1.2	4	H995	; to perceive	[H8687]
Pro.1.2	5	H561	the words	
Pro.1.2	6	H998	of understanding;	
Pro.1.3	1	H3947	To receive	[H8800]
Pro.1.3	2	H4148	the instruction	
Pro.1.3	3	H7919	of wisdom	[H8687]
Pro.1.3	4	H6664	, justice	
Pro.1.3	5	H4941	, and judgment	
Pro.1.3	6	H4339	, and equity;	
Pro.1.4	1	H5414	To give	[H8800]
Pro.1.4	2	H6195	subtilty	
Pro.1.4	3	H6612	to the simple	
Pro.1.4	4	H5288	, to the young man	
Pro.1.4	5	H1847	knowledge	
Pro.1.4	6	H4209	and discretion.	
Pro.1.5	1	H2450	A wise	
Pro.1.5	2	H8085	man will hear	[H8799]
Pro.1.5	3	H3254	, and will increase	[H8686]
Pro.1.5	4	H3948	learning	
Pro.1.5	5	H995	; and a man of understanding	[H8737]
Pro.1.5	6	H7069	shall attain	[H8799]
Pro.1.5	7	H8458	unto wise counsels:	
Pro.1.6	1	H995	To understand	[H8687]
Pro.1.6	2	H4912	a proverb	
Pro.1.6	3	H4426	, and the interpretation	
Pro.1.6	4	H1697	; the words	
Pro.1.6	5	H2450	of the wise	
Pro.1.6	6	H2420	, and their dark sayings.	
Pro.1.7	1	H3374	The fear	
Pro.1.7	2	H3068	of the LORD	
Pro.1.7	3	H7225	is the beginning	
Pro.1.7	4	H1847	of knowledge	
Pro.1.7	5	H191	: but fools	
Pro.1.7	6	H936	despise	[H8804]
Pro.1.7	7	H2451	wisdom	
Pro.1.7	8	H4148	and instruction.	
Pro.1.8	1	H1121	My son	
Pro.1.8	2	H8085	, hear	[H8798]
Pro.1.8	3	H4148	the instruction	
Pro.1.8	4	H1	of thy father	
Pro.1.8	5	H5203	, and forsake	[H8799]
Pro.1.8	6	H8451	not the law	
Pro.1.8	7	H517	of thy mother:	
Pro.1.9	1	H3880	For they shall be an ornament	
Pro.1.9	2	H2580	of grace	
Pro.1.9	3	H7218	unto thy head	
Pro.1.9	4	H6060	, and chains	
Pro.1.9	5	H1621	about thy neck.	
Pro.1.10	1	H1121	My son	
Pro.1.10	2	H2400	, if sinners	
Pro.1.10	3	H6601	entice	[H8762]
Pro.1.10	4	H14	thee, consent	[H8799]
Pro.1.11	1	H559	If they say	[H8799]
Pro.1.11	2	H3212	, Come	[H8798]
Pro.1.11	3	H693	with us, let us lay wait	[H8799]
Pro.1.11	4	H1818	for blood	
Pro.1.11	5	H6845	, let us lurk	[H8799]
Pro.1.11	6	H5355	privily for the innocent	
Pro.1.11	7	H2600	without cause:	
Pro.1.12	1	H1104	Let us swallow them up	[H8799]
Pro.1.12	2	H2416	alive	
Pro.1.12	3	H7585	as the grave	
Pro.1.12	4	H8549	; and whole	
Pro.1.12	5	H3381	, as those that go down	[H8802]
Pro.1.12	6	H953	into the pit:	
Pro.1.13	1	H4672	We shall find	[H8799]
Pro.1.13	2	H3368	all precious	
Pro.1.13	3	H1952	substance	
Pro.1.13	4	H4390	, we shall fill	[H8762]
Pro.1.13	5	H1004	our houses	
Pro.1.13	6	H7998	with spoil:	
Pro.1.14	1	H5307	Cast	[H8686]
Pro.1.14	2	H1486	in thy lot	
Pro.1.14	3	H8432	among	
Pro.1.14	4	H259	us; let us all have one	
Pro.1.14	5	H3599	purse:	
Pro.1.15	1	H1121	My son	
Pro.1.15	2	H3212	, walk	[H8799]
Pro.1.15	3	H1870	not thou in the way	
Pro.1.15	4	H4513	with them; refrain	[H8798]
Pro.1.15	5	H7272	thy foot	
Pro.1.15	6	H5410	from their path:	
Pro.1.16	1	H7272	For their feet	
Pro.1.16	2	H7323	run	[H8799]
Pro.1.16	3	H7451	to evil	
Pro.1.16	4	H4116	, and make haste	[H8762]
Pro.1.16	5	H8210	to shed	[H8800]
Pro.1.16	6	H1818	blood.	
Pro.1.17	1	H2600	Surely in vain	
Pro.1.17	2	H7568	the net	
Pro.1.17	3	H2219	is spread	[H8794]
Pro.1.17	4	H5869	in the sight	
Pro.1.17	5	H1167	of any bird	
Pro.1.17	6	H3671	.	
Pro.1.18	1	H693	And they lay wait	[H8799]
Pro.1.18	2	H1818	for their own blood	
Pro.1.18	3	H6845	; they lurk privily	[H8799]
Pro.1.18	4	H5315	for their own lives.	
Pro.1.19	1	H734	So are the ways	
Pro.1.19	2	H1214	of every one that is greedy	[H8802]
Pro.1.19	3	H1215	of gain	
Pro.1.19	4	H3947	; which taketh away	[H8799]
Pro.1.19	5	H5315	the life	
Pro.1.19	6	H1167	of the owners thereof.	
Pro.1.20	1	H2454	Wisdom	
Pro.1.20	2	H7442	crieth	[H8799]
Pro.1.20	3	H2351	without	
Pro.1.20	4	H5414	; she uttereth	[H8799]
Pro.1.20	5	H6963	her voice	
Pro.1.20	6	H7339	in the streets:	
Pro.1.21	1	H7121	She crieth	[H8799]
Pro.1.21	2	H7218	in the chief place	
Pro.1.21	3	H1993	of concourse	[H8802]
Pro.1.21	4	H6607	, in the openings	
Pro.1.21	5	H8179	of the gates	
Pro.1.21	6	H5892	: in the city	
Pro.1.21	7	H559	she uttereth	[H8799]
Pro.1.21	8	H561	her words, saying,	
Pro.1.22	1	H6612	How long, ye simple ones	
Pro.1.22	2	H157	, will ye love	[H8799]
Pro.1.22	3	H6612	simplicity	
Pro.1.22	4	H3887	? and the scorners	[H8801]
Pro.1.22	5	H2530	delight	[H8804]
Pro.1.22	6	H3944	in their scorning	
Pro.1.22	7	H3684	, and fools	
Pro.1.22	8	H8130	hate	[H8799]
Pro.1.22	9	H1847	knowledge?	
Pro.1.23	1	H7725	Turn	[H8799]
Pro.1.23	2	H8433	you at my reproof	
Pro.1.23	3	H5042	: behold, I will pour out	[H8686]
Pro.1.23	4	H7307	my spirit	
Pro.1.23	5	H3045	unto you, I will make known	[H8686]
Pro.1.23	6	H1697	my words unto you.	
Pro.1.24	1	H7121	Because I have called	[H8804]
Pro.1.24	2	H3985	, and ye refused	[H8762]
Pro.1.24	3	H5186	; I have stretched out	[H8804]
Pro.1.24	4	H3027	my hand	
Pro.1.24	5	H7181	, and no man regarded	[H8688]
Pro.1.25	1	H6544	But ye have set at nought	[H8799]
Pro.1.25	2	H6098	all my counsel	
Pro.1.25	3	H14	, and would	[H8804]
Pro.1.25	4	H8433	none of my reproof:	
Pro.1.26	1	H7832	I also will laugh	[H8799]
Pro.1.26	2	H343	at your calamity	
Pro.1.26	3	H3932	; I will mock	[H8799]
Pro.1.26	4	H6343	when your fear	
Pro.1.26	5	H935	cometh	[H8800]
Pro.1.27	1	H6343	When your fear	
Pro.1.27	2	H935	cometh	[H8800]
Pro.1.27	3	H7722	as desolation	[H8675]
Pro.1.27	4	H7584		
Pro.1.27	5	H343	, and your destruction	
Pro.1.27	6	H857	cometh	[H8799]
Pro.1.27	7	H5492	as a whirlwind	
Pro.1.27	8	H6869	; when distress	
Pro.1.27	9	H6695	and anguish	
Pro.1.27	10	H935	cometh	[H8800]
Pro.1.28	1	H7121	Then shall they call	[H8799]
Pro.1.28	2	H6030	upon me, but I will not answer	[H8799]
Pro.1.28	3	H7836	; they shall seek me early	[H8762]
Pro.1.28	4	H4672	, but they shall not find	[H8799]
Pro.1.29	1	H8130	For that they hated	[H8804]
Pro.1.29	2	H1847	knowledge	
Pro.1.29	3	H977	, and did not choose	[H8804]
Pro.1.29	4	H3374	the fear	
Pro.1.29	5	H3068	of the LORD:	
Pro.1.30	1	H14	They would	[H8804]
Pro.1.30	2	H6098	none of my counsel	
Pro.1.30	3	H5006	: they despised	[H8804]
Pro.1.30	4	H8433	all my reproof.	
Pro.1.31	1	H398	Therefore shall they eat	[H8799]
Pro.1.31	2	H6529	of the fruit	
Pro.1.31	3	H1870	of their own way	
Pro.1.31	4	H7646	, and be filled	[H8799]
Pro.1.31	5	H4156	with their own devices.	
Pro.1.32	1	H4878	For the turning away	
Pro.1.32	2	H6612	of the simple	
Pro.1.32	3	H2026	shall slay	[H8799]
Pro.1.32	4	H7962	them, and the prosperity	
Pro.1.32	5	H3684	of fools	
Pro.1.32	6	H6	shall destroy	[H8762]
Pro.1.33	1	H8085	But whoso hearkeneth	[H8802]
Pro.1.33	2	H7931	unto me shall dwell	[H8799]
Pro.1.33	3	H983	safely	
Pro.1.33	4	H7599	, and shall be quiet	[H8768]
Pro.1.33	5	H6343	from fear	
Pro.1.33	6	H7451	of evil.	
Pro.2.1	1	H1121	My son	
Pro.2.1	2	H3947	, if thou wilt receive	[H8799]
Pro.2.1	3	H561	my words	
Pro.2.1	4	H6845	, and hide	[H8799]
Pro.2.1	5	H4687	my commandments with thee;	
Pro.2.2	1	H7181	So that thou incline	[H8687]
Pro.2.2	2	H241	thine ear	
Pro.2.2	3	H2451	unto wisdom	
Pro.2.2	4	H5186	, and apply	[H8686]
Pro.2.2	5	H3820	thine heart	
Pro.2.2	6	H8394	to understanding;	
Pro.2.3	1	H7121	Yea, if thou criest	[H8799]
Pro.2.3	2	H998	after knowledge	
Pro.2.3	3	H5414	, and liftest up	[H8799]
Pro.2.3	4	H6963	thy voice	
Pro.2.3	5	H8394	for understanding;	
Pro.2.4	1	H1245	If thou seekest	[H8762]
Pro.2.4	2	H3701	her as silver	
Pro.2.4	3	H2664	, and searchest	[H8799]
Pro.2.4	4	H4301	for her as for hid treasures;	
Pro.2.5	1	H995	Then shalt thou understand	[H8799]
Pro.2.5	2	H3374	the fear	
Pro.2.5	3	H3068	of the LORD	
Pro.2.5	4	H4672	, and find	[H8799]
Pro.2.5	5	H1847	the knowledge	
Pro.2.5	6	H430	of God.	
Pro.2.6	1	H3068	For the LORD	
Pro.2.6	2	H5414	giveth	[H8799]
Pro.2.6	3	H2451	wisdom	
Pro.2.6	4	H6310	: out of his mouth	
Pro.2.6	5	H1847	cometh knowledge	
Pro.2.6	6	H8394	and understanding.	
Pro.2.7	1	H6845	He layeth up	[H8799] [H8675]
Pro.2.7	2	H6845		[H8804]
Pro.2.7	3	H8454	sound wisdom	
Pro.2.7	4	H3477	for the righteous	
Pro.2.7	5	H4043	: he is a buckler	
Pro.2.7	6	H1980	to them that walk	[H8802]
Pro.2.7	7	H8537	uprightly.	
Pro.2.8	1	H5341	He keepeth	[H8800]
Pro.2.8	2	H734	the paths	
Pro.2.8	3	H4941	of judgment	
Pro.2.8	4	H8104	, and preserveth	[H8799]
Pro.2.8	5	H1870	the way	
Pro.2.8	6	H2623	of his saints.	
Pro.2.9	1	H995	Then shalt thou understand	[H8799]
Pro.2.9	2	H6664	righteousness	
Pro.2.9	3	H4941	, and judgment	
Pro.2.9	4	H4339	, and equity	
Pro.2.9	5	H2896	; yea, every good	
Pro.2.9	6	H4570	path.	
Pro.2.10	1	H2451	When wisdom	
Pro.2.10	2	H935	entereth	[H8799]
Pro.2.10	3	H3820	into thine heart	
Pro.2.10	4	H1847	, and knowledge	
Pro.2.10	5	H5276	is pleasant	[H8799]
Pro.2.10	6	H5315	unto thy soul;	
Pro.2.11	1	H4209	Discretion	
Pro.2.11	2	H8104	shall preserve	[H8799]
Pro.2.11	3	H8394	thee, understanding	
Pro.2.11	4	H5341	shall keep	[H8799]
Pro.2.12	1	H5337	To deliver	[H8687]
Pro.2.12	2	H1870	thee from the way	
Pro.2.12	3	H7451	of the evil	
Pro.2.12	4	H376	man, from the man	
Pro.2.12	5	H1696	that speaketh	[H8764]
Pro.2.12	6	H8419	froward things;	
Pro.2.13	1	H5800	Who leave	[H8802]
Pro.2.13	2	H734	the paths	
Pro.2.13	3	H3476	of uprightness	
Pro.2.13	4	H3212	, to walk	[H8800]
Pro.2.13	5	H1870	in the ways	
Pro.2.13	6	H2822	of darkness;	
Pro.2.14	1	H8056	Who rejoice	
Pro.2.14	2	H6213	to do	[H8800]
Pro.2.14	3	H7451	evil	
Pro.2.14	4	H1523	, and delight	[H8799]
Pro.2.14	5	H8419	in the frowardness	
Pro.2.14	6	H7451	of the wicked;	
Pro.2.15	1	H734	Whose ways	
Pro.2.15	2	H6141	are crooked	
Pro.2.15	3	H3868	, and they froward	[H8737]
Pro.2.15	4	H4570	in their paths:	
Pro.2.16	1	H5337	To deliver	[H8687]
Pro.2.16	2	H2114	thee from the strange	[H8801]
Pro.2.16	3	H802	woman	
Pro.2.16	4	H5237	, even from the stranger	
Pro.2.16	5	H2505	which flattereth	[H8689]
Pro.2.16	6	H561	with her words;	
Pro.2.17	1	H5800	Which forsaketh	[H8802]
Pro.2.17	2	H441	the guide	
Pro.2.17	3	H5271	of her youth	
Pro.2.17	4	H7911	, and forgetteth	[H8804]
Pro.2.17	5	H1285	the covenant	
Pro.2.17	6	H430	of her God.	
Pro.2.18	1	H1004	For her house	
Pro.2.18	2	H7743	inclineth	[H8804]
Pro.2.18	3	H4194	unto death	
Pro.2.18	4	H4570	, and her paths	
Pro.2.18	5	H7496	unto the dead.	
Pro.2.19	1	H935	None that go	[H8802]
Pro.2.19	2	H7725	unto her return again	[H8799]
Pro.2.19	3	H5381	, neither take they hold	[H8686]
Pro.2.19	4	H734	of the paths	
Pro.2.19	5	H2416	of life.	
Pro.2.20	1	H3212	That thou mayest walk	[H8799]
Pro.2.20	2	H1870	in the way	
Pro.2.20	3	H2896	of good	
Pro.2.20	4	H8104	men, and keep	[H8799]
Pro.2.20	5	H734	the paths	
Pro.2.20	6	H6662	of the righteous.	
Pro.2.21	1	H3477	For the upright	
Pro.2.21	2	H7931	shall dwell	[H8799]
Pro.2.21	3	H776	in the land	
Pro.2.21	4	H8549	, and the perfect	
Pro.2.21	5	H3498	shall remain	[H8735]
Pro.2.22	1	H7563	But the wicked	
Pro.2.22	2	H3772	shall be cut off	[H8735]
Pro.2.22	3	H776	from the earth	
Pro.2.22	4	H898	, and the transgressors	[H8802]
Pro.2.22	5	H5255	shall be rooted out	[H8799]
Pro.3.1	1	H1121	My son	
Pro.3.1	2	H7911	, forget	[H8799]
Pro.3.1	3	H8451	not my law	
Pro.3.1	4	H3820	; but let thine heart	
Pro.3.1	5	H5341	keep	[H8799]
Pro.3.1	6	H4687	my commandments:	
Pro.3.2	1	H753	For length	
Pro.3.2	2	H3117	of days	
Pro.3.2	3	H8141	, and long	
Pro.3.2	4	H2416	life	
Pro.3.2	5	H7965	, and peace	
Pro.3.2	6	H3254	, shall they add	[H8686]
Pro.3.3	1	H2617	Let not mercy	
Pro.3.3	2	H571	and truth	
Pro.3.3	3	H5800	forsake	[H8799]
Pro.3.3	4	H7194	thee: bind	[H8798]
Pro.3.3	5	H1621	them about thy neck	
Pro.3.3	6	H3789	; write	[H8798]
Pro.3.3	7	H3871	them upon the table	
Pro.3.3	8	H3820	of thine heart:	
Pro.3.4	1	H4672	So shalt thou find	[H8798]
Pro.3.4	2	H2580	favour	
Pro.3.4	3	H2896	and good	
Pro.3.4	4	H7922	understanding	
Pro.3.4	5	H5869	in the sight	
Pro.3.4	6	H430	of God	
Pro.3.4	7	H120	and man.	
Pro.3.5	1	H982	Trust	[H8798]
Pro.3.5	2	H3068	in the LORD	
Pro.3.5	3	H3820	with all thine heart	
Pro.3.5	4	H8172	; and lean	[H8735]
Pro.3.5	5	H998	not unto thine own understanding.	
Pro.3.6	1	H1870	In all thy ways	
Pro.3.6	2	H3045	acknowledge	[H8798]
Pro.3.6	3	H3474	him, and he shall direct	[H8762]
Pro.3.6	4	H734	thy paths.	
Pro.3.7	1	H2450	Be not wise	
Pro.3.7	2	H5869	in thine own eyes	
Pro.3.7	3	H3372	: fear	[H8798]
Pro.3.7	4	H3068	the LORD	
Pro.3.7	5	H5493	, and depart	[H8798]
Pro.3.7	6	H7451	from evil.	
Pro.3.8	1	H7500	It shall be health	
Pro.3.8	2	H8270	to thy navel	
Pro.3.8	3	H8250	, and marrow	
Pro.3.8	4	H6106	to thy bones.	
Pro.3.9	1	H3513	Honour	[H8761]
Pro.3.9	2	H3068	the LORD	
Pro.3.9	3	H1952	with thy substance	
Pro.3.9	4	H7225	, and with the firstfruits	
Pro.3.9	5	H8393	of all thine increase:	
Pro.3.10	1	H618	So shall thy barns	
Pro.3.10	2	H4390	be filled	[H8735]
Pro.3.10	3	H7647	with plenty	
Pro.3.10	4	H3342	, and thy presses	
Pro.3.10	5	H6555	shall burst out	[H8799]
Pro.3.10	6	H8492	with new wine.	
Pro.3.11	1	H1121	My son	
Pro.3.11	2	H3988	, despise	[H8799]
Pro.3.11	3	H4148	not the chastening	
Pro.3.11	4	H3068	of the LORD	
Pro.3.11	5	H6973	; neither be weary	[H8799]
Pro.3.11	6	H8433	of his correction:	
Pro.3.12	1	H3068	For whom the LORD	
Pro.3.12	2	H157	loveth	[H8799]
Pro.3.12	3	H3198	he correcteth	[H8686]
Pro.3.12	4	H1	; even as a father	
Pro.3.12	5	H1121	the son	
Pro.3.12	6	H7521	in whom he delighteth	[H8799]
Pro.3.13	1	H835	Happy	
Pro.3.13	2	H120	is the man	
Pro.3.13	3	H4672	that findeth	[H8804]
Pro.3.13	4	H2451	wisdom	
Pro.3.13	5	H120	, and the man	
Pro.3.13	6	H6329	that getteth	[H8686]
Pro.3.13	7	H8394	understanding.	
Pro.3.14	1	H5504	For the merchandise	
Pro.3.14	2	H2896	of it is better	
Pro.3.14	3	H5505	than the merchandise	
Pro.3.14	4	H3701	of silver	
Pro.3.14	5	H8393	, and the gain	
Pro.3.14	6	H2742	thereof than fine gold.	
Pro.3.15	1	H3368	She is more precious	
Pro.3.15	2	H6443	than rubies	
Pro.3.15	3	H2656	: and all the things thou canst desire	
Pro.3.15	4	H7737	are not to be compared	[H8799]
Pro.3.16	1	H753	Length	
Pro.3.16	2	H3117	of days	
Pro.3.16	3	H3225	is in her right hand	
Pro.3.16	4	H8040	; and in her left hand	
Pro.3.16	5	H6239	riches	
Pro.3.16	6	H3519	and honour.	
Pro.3.17	1	H1870	Her ways	
Pro.3.17	2	H1870	are ways	
Pro.3.17	3	H5278	of pleasantness	
Pro.3.17	4	H5410	, and all her paths	
Pro.3.17	5	H7965	are peace.	
Pro.3.18	1	H6086	She is a tree	
Pro.3.18	2	H2416	of life	
Pro.3.18	3	H2388	to them that lay hold	[H8688]
Pro.3.18	4	H833	upon her: and happy	[H8794]
Pro.3.18	5	H8551	is every one that retaineth	[H8802]
Pro.3.19	1	H3068	The LORD	
Pro.3.19	2	H2451	by wisdom	
Pro.3.19	3	H3245	hath founded	[H8804]
Pro.3.19	4	H776	the earth	
Pro.3.19	5	H8394	; by understanding	
Pro.3.19	6	H3559	hath he established	[H8790]
Pro.3.19	7	H8064	the heavens.	
Pro.3.20	1	H1847	By his knowledge	
Pro.3.20	2	H8415	the depths	
Pro.3.20	3	H1234	are broken up	[H8738]
Pro.3.20	4	H7834	, and the clouds	
Pro.3.20	5	H7491	drop down	[H8799]
Pro.3.20	6	H2919	the dew.	
Pro.3.21	1	H1121	My son	
Pro.3.21	2	H3868	, let not them depart	[H8799]
Pro.3.21	3	H5869	from thine eyes	
Pro.3.21	4	H5341	: keep	[H8798]
Pro.3.21	5	H8454	sound wisdom	
Pro.3.21	6	H4209	and discretion:	
Pro.3.22	1	H2416	So shall they be life	
Pro.3.22	2	H5315	unto thy soul	
Pro.3.22	3	H2580	, and grace	
Pro.3.22	4	H1621	to thy neck.	
Pro.3.23	1	H3212	Then shalt thou walk	[H8799]
Pro.3.23	2	H1870	in thy way	
Pro.3.23	3	H983	safely	
Pro.3.23	4	H7272	, and thy foot	
Pro.3.23	5	H5062	shall not stumble	[H8799]
Pro.3.24	1	H7901	When thou liest down	[H8799]
Pro.3.24	2	H6342	, thou shalt not be afraid	[H8799]
Pro.3.24	3	H7901	: yea, thou shalt lie down	[H8804]
Pro.3.24	4	H8142	, and thy sleep	
Pro.3.24	5	H6149	shall be sweet	[H8804]
Pro.3.25	1	H3372	Be not afraid	[H8799]
Pro.3.25	2	H6597	of sudden	
Pro.3.25	3	H6343	fear	
Pro.3.25	4	H7722	, neither of the desolation	
Pro.3.25	5	H7563	of the wicked	
Pro.3.25	6	H935	, when it cometh	[H8799]
Pro.3.26	1	H3068	For the LORD	
Pro.3.26	2	H3689	shall be thy confidence	
Pro.3.26	3	H8104	, and shall keep	[H8804]
Pro.3.26	4	H7272	thy foot	
Pro.3.26	5	H3921	from being taken.	
Pro.3.27	1	H4513	Withhold	[H8799]
Pro.3.27	2	H2896	not good	
Pro.3.27	3	H1167	from them to whom it is due	
Pro.3.27	4	H410	, when it is in the power	
Pro.3.27	5	H3027	of thine hand	
Pro.3.27	6	H6213	to do	[H8800]
Pro.3.28	1	H559	Say	[H8799]
Pro.3.28	2	H7453	not unto thy neighbour	
Pro.3.28	3	H3212	, Go	[H8798]
Pro.3.28	4	H7725	, and come again	[H8798]
Pro.3.28	5	H4279	, and to morrow	
Pro.3.28	6	H5414	I will give	[H8799]
Pro.3.28	7	H3426	; when thou hast it by thee.	
Pro.3.29	1	H2790	Devise	[H8799]
Pro.3.29	2	H7451	not evil	
Pro.3.29	3	H7453	against thy neighbour	
Pro.3.29	4	H3427	, seeing he dwelleth	[H8802]
Pro.3.29	5	H983	securely by thee.	
Pro.3.30	1	H7378	Strive	[H8799]
Pro.3.30	2	H120	not with a man	
Pro.3.30	3	H2600	without cause	
Pro.3.30	4	H1580	, if he have done	[H8804]
Pro.3.30	5	H7451	thee no harm.	
Pro.3.31	1	H7065	Envy	[H8762]
Pro.3.31	2	H376	thou not the oppressor	
Pro.3.31	3	H2555		
Pro.3.31	4	H977	, and choose	[H8799]
Pro.3.31	5	H1870	none of his ways.	
Pro.3.32	1	H3868	For the froward	[H8737]
Pro.3.32	2	H8441	is abomination	
Pro.3.32	3	H3068	to the LORD	
Pro.3.32	4	H5475	: but his secret	
Pro.3.32	5	H3477	is with the righteous.	
Pro.3.33	1	H3994	The curse	
Pro.3.33	2	H3068	of the LORD	
Pro.3.33	3	H1004	is in the house	
Pro.3.33	4	H7563	of the wicked	
Pro.3.33	5	H1288	: but he blesseth	[H8762]
Pro.3.33	6	H5116	the habitation	
Pro.3.33	7	H6662	of the just.	
Pro.3.34	1	H3887	Surely he scorneth	[H8686]
Pro.3.34	2	H3887	the scorners	[H8801]
Pro.3.34	3	H5414	: but he giveth	[H8799]
Pro.3.34	4	H2580	grace	
Pro.3.34	5	H6035	unto the lowly	[H8675]
Pro.3.34	6	H6041	.	
Pro.3.35	1	H2450	The wise	
Pro.3.35	2	H5157	shall inherit	[H8799]
Pro.3.35	3	H3519	glory	
Pro.3.35	4	H7036	: but shame	
Pro.3.35	5	H7311	shall be the promotion	[H8688]
Pro.3.35	6	H3684	of fools.	
Pro.4.1	1	H8085	Hear	[H8798]
Pro.4.1	2	H1121	, ye children	
Pro.4.1	3	H4148	, the instruction	
Pro.4.1	4	H1	of a father	
Pro.4.1	5	H7181	, and attend	[H8685]
Pro.4.1	6	H3045	to know	[H8800]
Pro.4.1	7	H998	understanding.	
Pro.4.2	1	H5414	For I give	[H8804]
Pro.4.2	2	H2896	you good	
Pro.4.2	3	H3948	doctrine	
Pro.4.2	4	H5800	, forsake	[H8799]
Pro.4.2	5	H8451	ye not my law.	
Pro.4.3	1	H1	For I was my father's	
Pro.4.3	2	H1121	son	
Pro.4.3	3	H7390	, tender	
Pro.4.3	4	H3173	and only	
Pro.4.3	5	H6440	beloved in the sight	
Pro.4.3	6	H517	of my mother.	
Pro.4.4	1	H3384	He taught	[H8686]
Pro.4.4	2	H559	me also, and said	[H8799]
Pro.4.4	3	H3820	unto me, Let thine heart	
Pro.4.4	4	H8551	retain	[H8799]
Pro.4.4	5	H1697	my words	
Pro.4.4	6	H8104	: keep	[H8798]
Pro.4.4	7	H4687	my commandments	
Pro.4.4	8	H2421	, and live	[H8798]
Pro.4.5	1	H7069	Get	[H8798]
Pro.4.5	2	H2451	wisdom	
Pro.4.5	3	H7069	, get	[H8798]
Pro.4.5	4	H998	understanding	
Pro.4.5	5	H7911	: forget	[H8799]
Pro.4.5	6	H5186	it not; neither decline	[H8799]
Pro.4.5	7	H561	from the words	
Pro.4.5	8	H6310	of my mouth.	
Pro.4.6	1	H5800	Forsake	[H8799]
Pro.4.6	2	H8104	her not, and she shall preserve	[H8799]
Pro.4.6	3	H157	thee: love	[H8798]
Pro.4.6	4	H5341	her, and she shall keep	[H8799]
Pro.4.7	1	H2451	Wisdom	
Pro.4.7	2	H7225	is the principal thing	
Pro.4.7	3	H7069	; therefore get	[H8798]
Pro.4.7	4	H2451	wisdom	
Pro.4.7	5	H7075	: and with all thy getting	
Pro.4.7	6	H998	get understanding.	
Pro.4.8	1	H5549	Exalt	[H8769]
Pro.4.8	2	H7311	her, and she shall promote	[H8787]
Pro.4.8	3	H3513	thee: she shall bring thee to honour	[H8762]
Pro.4.8	4	H2263	, when thou dost embrace	[H8762]
Pro.4.9	1	H5414	She shall give	[H8799]
Pro.4.9	2	H7218	to thine head	
Pro.4.9	3	H3880	an ornament	
Pro.4.9	4	H2580	of grace	
Pro.4.9	5	H5850	: a crown	
Pro.4.9	6	H8597	of glory	
Pro.4.9	7	H4042	shall she deliver	[H8762]
Pro.4.10	1	H8085	Hear	[H8798]
Pro.4.10	2	H1121	, O my son	
Pro.4.10	3	H3947	, and receive	[H8798]
Pro.4.10	4	H561	my sayings	
Pro.4.10	5	H8141	; and the years	
Pro.4.10	6	H2416	of thy life	
Pro.4.10	7	H7235	shall be many	[H8799]
Pro.4.11	1	H3384	I have taught	[H8689]
Pro.4.11	2	H1870	thee in the way	
Pro.4.11	3	H2451	of wisdom	
Pro.4.11	4	H1869	; I have led	[H8689]
Pro.4.11	5	H3476	thee in right	
Pro.4.11	6	H4570	paths.	
Pro.4.12	1	H3212	When thou goest	[H8800]
Pro.4.12	2	H6806	, thy steps	
Pro.4.12	3	H3334	shall not be straitened	[H8799]
Pro.4.12	4	H7323	; and when thou runnest	[H8799]
Pro.4.12	5	H3782	, thou shalt not stumble	[H8735]
Pro.4.13	1	H2388	Take fast hold	[H8685]
Pro.4.13	2	H4148	of instruction	
Pro.4.13	3	H7503	; let her not go	[H8686]
Pro.4.13	4	H5341	: keep	[H8798]
Pro.4.13	5	H2416	her; for she is thy life.	
Pro.4.14	1	H935	Enter	[H8799]
Pro.4.14	2	H734	not into the path	
Pro.4.14	3	H7563	of the wicked	
Pro.4.14	4	H833	, and go	[H8762]
Pro.4.14	5	H1870	not in the way	
Pro.4.14	6	H7451	of evil men .	
Pro.4.15	1	H6544	Avoid	[H8798]
Pro.4.15	2	H5674	it, pass	[H8799]
Pro.4.15	3	H7847	not by it, turn	[H8798]
Pro.4.15	4	H5674	from it, and pass away	[H8798]
Pro.4.16	1	H3462	For they sleep	[H8799]
Pro.4.16	2	H7489	not, except they have done mischief	[H8686]
Pro.4.16	3	H8142	; and their sleep	
Pro.4.16	4	H1497	is taken away	[H8738]
Pro.4.16	5	H3782	, unless they cause some to fall	[H8686] [H8675]
Pro.4.16	6	H3782		[H8799]
Pro.4.17	1	H3898	For they eat	[H8804]
Pro.4.17	2	H3899	the bread	
Pro.4.17	3	H7562	of wickedness	
Pro.4.17	4	H8354	, and drink	[H8799]
Pro.4.17	5	H3196	the wine	
Pro.4.17	6	H2555	of violence.	
Pro.4.18	1	H734	But the path	
Pro.4.18	2	H6662	of the just	
Pro.4.18	3	H5051	is as the shining	
Pro.4.18	4	H216	light	
Pro.4.18	5	H215	, that shineth	[H8804]
Pro.4.18	6	H1980	more	[H8802]
Pro.4.18	7	H3559	and more unto the perfect	[H8737]
Pro.4.18	8	H3117	day.	
Pro.4.19	1	H1870	The way	
Pro.4.19	2	H7563	of the wicked	
Pro.4.19	3	H653	is as darkness	
Pro.4.19	4	H3045	: they know	[H8804]
Pro.4.19	5	H3782	not at what they stumble	[H8735]
Pro.4.20	1	H1121	My son	
Pro.4.20	2	H7181	, attend	[H8685]
Pro.4.20	3	H1697	to my words	
Pro.4.20	4	H5186	; incline	[H8685]
Pro.4.20	5	H241	thine ear	
Pro.4.20	6	H561	unto my sayings.	
Pro.4.21	1	H3868	Let them not depart	[H8686]
Pro.4.21	2	H5869	from thine eyes	
Pro.4.21	3	H8104	; keep	[H8798]
Pro.4.21	4	H8432	them in the midst	
Pro.4.21	5	H3824	of thine heart.	
Pro.4.22	1	H2416	For they are life	
Pro.4.22	2	H4672	unto those that find	[H8802]
Pro.4.22	3	H4832	them, and health	
Pro.4.22	4	H1320	to all their flesh.	
Pro.4.23	1	H5341	Keep	[H8798]
Pro.4.23	2	H3820	thy heart	
Pro.4.23	3	H4929	with all diligence	
Pro.4.23	4	H8444	; for out of it are the issues	
Pro.4.23	5	H2416	of life.	
Pro.4.24	1	H5493	Put away	[H8685]
Pro.4.24	2	H6143	from thee a froward	
Pro.4.24	3	H6310	mouth	
Pro.4.24	4	H3891	, and perverse	
Pro.4.24	5	H8193	lips	
Pro.4.24	6	H7368	put far	[H8685]
Pro.4.25	1	H5869	Let thine eyes	
Pro.4.25	2	H5027	look	[H8686]
Pro.4.25	3	H5227	right on	
Pro.4.25	4	H6079	, and let thine eyelids	
Pro.4.25	5	H3474	look straight	[H8686]
Pro.4.26	1	H6424	Ponder	[H8761]
Pro.4.26	2	H4570	the path	
Pro.4.26	3	H7272	of thy feet	
Pro.4.26	4	H1870	, and let all thy ways	
Pro.4.26	5	H3559	be established	[H8735]
Pro.4.27	1	H5186	Turn	[H8799]
Pro.4.27	2	H3225	not to the right hand	
Pro.4.27	3	H8040	nor to the left	
Pro.4.27	4	H5493	: remove	[H8685]
Pro.4.27	5	H7272	thy foot	
Pro.4.27	6	H7451	from evil.	
Pro.5.1	1	H1121	My son	
Pro.5.1	2	H7181	, attend	[H8685]
Pro.5.1	3	H2451	unto my wisdom	
Pro.5.1	4	H5186	, and bow	[H8685]
Pro.5.1	5	H241	thine ear	
Pro.5.1	6	H8394	to my understanding:	
Pro.5.2	1	H8104	That thou mayest regard	[H8800]
Pro.5.2	2	H4209	discretion	
Pro.5.2	3	H8193	, and that thy lips	
Pro.5.2	4	H5341	may keep	[H8799]
Pro.5.2	5	H1847	knowledge.	
Pro.5.3	1	H8193	For the lips	
Pro.5.3	2	H2114	of a strange woman	[H8801]
Pro.5.3	3	H5197	drop	[H8799]
Pro.5.3	4	H5317	as an honeycomb	
Pro.5.3	5	H2441	, and her mouth	
Pro.5.3	6	H2509	is smoother	
Pro.5.3	7	H8081	than oil:	
Pro.5.4	1	H319	But her end	
Pro.5.4	2	H4751	is bitter	
Pro.5.4	3	H3939	as wormwood	
Pro.5.4	4	H2299	, sharp	
Pro.5.4	5	H6310	as a twoedged	
Pro.5.4	6	H2719	sword.	
Pro.5.5	1	H7272	Her feet	
Pro.5.5	2	H3381	go down	[H8802]
Pro.5.5	3	H4194	to death	
Pro.5.5	4	H6806	; her steps	
Pro.5.5	5	H8551	take hold	[H8799]
Pro.5.5	6	H7585	on hell.	
Pro.5.6	1	H6424	Lest thou shouldest ponder	[H8762]
Pro.5.6	2	H734	the path	
Pro.5.6	3	H2416	of life	
Pro.5.6	4	H4570	, her ways	
Pro.5.6	5	H5128	are moveable	[H8804]
Pro.5.6	6	H3045	, that thou canst not know	[H8799]
Pro.5.7	1	H8085	Hear	[H8798]
Pro.5.7	2	H1121	me now therefore, O ye children	
Pro.5.7	3	H5493	, and depart	[H8799]
Pro.5.7	4	H561	not from the words	
Pro.5.7	5	H6310	of my mouth.	
Pro.5.8	1	H7368	Remove	
Pro.5.8	2	H1870	thy way	
Pro.5.8	3	H7368	far	[H8685]
Pro.5.8	4	H7126	from her, and come not nigh	[H8799]
Pro.5.8	5	H6607	the door	
Pro.5.8	6	H1004	of her house:	
Pro.5.9	1	H5414	Lest thou give	[H8799]
Pro.5.9	2	H1935	thine honour	
Pro.5.9	3	H312	unto others	
Pro.5.9	4	H8141	, and thy years	
Pro.5.9	5	H394	unto the cruel:	
Pro.5.10	1	H2114	Lest strangers	[H8801]
Pro.5.10	2	H7646	be filled	[H8799]
Pro.5.10	3	H3581	with thy wealth	
Pro.5.10	4	H6089	; and thy labours	
Pro.5.10	5	H1004	be in the house	
Pro.5.10	6	H5237	of a stranger;	
Pro.5.11	1	H5098	And thou mourn	[H8804]
Pro.5.11	2	H319	at the last	
Pro.5.11	3	H1320	, when thy flesh	
Pro.5.11	4	H7607	and thy body	
Pro.5.11	5	H3615	are consumed	[H8800]
Pro.5.12	1	H559	And say	[H8804]
Pro.5.12	2	H8130	, How have I hated	[H8804]
Pro.5.12	3	H4148	instruction	
Pro.5.12	4	H3820	, and my heart	
Pro.5.12	5	H5006	despised	[H8804]
Pro.5.12	6	H8433	reproof;	
Pro.5.13	1	H8085	And have not obeyed	[H8804]
Pro.5.13	2	H6963	the voice	
Pro.5.13	3	H3384	of my teachers	[H8688]
Pro.5.13	4	H5186	, nor inclined	[H8689]
Pro.5.13	5	H241	mine ear	
Pro.5.13	6	H3925	to them that instructed	[H8764]
Pro.5.14	1	H4592	I was almost	
Pro.5.14	2	H7451	in all evil	
Pro.5.14	3	H8432	in the midst	
Pro.5.14	4	H6951	of the congregation	
Pro.5.14	5	H5712	and assembly.	
Pro.5.15	1	H8354	Drink	[H8798]
Pro.5.15	2	H4325	waters	
Pro.5.15	3	H953	out of thine own cistern	
Pro.5.15	4	H5140	, and running waters	[H8802]
Pro.5.15	5	H8432	out of	
Pro.5.15	6	H875	thine own well.	
Pro.5.16	1	H4599	Let thy fountains	
Pro.5.16	2	H6327	be dispersed	[H8799]
Pro.5.16	3	H2351	abroad	
Pro.5.16	4	H6388	, and rivers	
Pro.5.16	5	H4325	of waters	
Pro.5.16	6	H7339	in the streets.	
Pro.5.17	1	H2114	Let them be only thine own, and not strangers	[H8801]
Pro.5.18	1	H4726	Let thy fountain	
Pro.5.18	2	H1288	be blessed	[H8803]
Pro.5.18	3	H8055	: and rejoice	[H8798]
Pro.5.18	4	H802	with the wife	
Pro.5.18	5	H5271	of thy youth.	
Pro.5.19	1	H158	Let her be as the loving	
Pro.5.19	2	H365	hind	
Pro.5.19	3	H2580	and pleasant	
Pro.5.19	4	H3280	roe	
Pro.5.19	5	H1717	; let her breasts	
Pro.5.19	6	H7301	satisfy	[H8762]
Pro.5.19	7	H6256	thee at all times	
Pro.5.19	8	H7686	; and be thou ravished	[H8799]
Pro.5.19	9	H8548	always	
Pro.5.19	10	H160	with her love.	
Pro.5.20	1	H1121	And why wilt thou, my son	
Pro.5.20	2	H7686	, be ravished	[H8799]
Pro.5.20	3	H2114	with a strange woman	[H8801]
Pro.5.20	4	H2263	, and embrace	[H8762]
Pro.5.20	5	H2436	the bosom	
Pro.5.20	6	H5237	of a stranger?	
Pro.5.21	1	H1870	For the ways	
Pro.5.21	2	H376	of man	
Pro.5.21	3	H5227	are before	
Pro.5.21	4	H5869	the eyes	
Pro.5.21	5	H3068	of the LORD	
Pro.5.21	6	H6424	, and he pondereth	[H8764]
Pro.5.21	7	H4570	all his goings.	
Pro.5.22	1	H5771	His own iniquities	
Pro.5.22	2	H3920	shall take	[H8799]
Pro.5.22	3	H7563	the wicked	
Pro.5.22	4	H8551	himself, and he shall be holden	[H8735]
Pro.5.22	5	H2256	with the cords	
Pro.5.22	6	H2403	of his sins.	
Pro.5.23	1	H4191	He shall die	[H8799]
Pro.5.23	2	H4148	without instruction	
Pro.5.23	3	H7230	; and in the greatness	
Pro.5.23	4	H200	of his folly	
Pro.5.23	5	H7686	he shall go astray	[H8799]
Pro.6.1	1	H1121	My son	
Pro.6.1	2	H6148	, if thou be surety	[H8804]
Pro.6.1	3	H7453	for thy friend	
Pro.6.1	4	H8628	, if thou hast stricken	[H8804]
Pro.6.1	5	H3709	thy hand	
Pro.6.1	6	H2114	with a stranger	[H8801]
Pro.6.2	1	H3369	Thou art snared	[H8738]
Pro.6.2	2	H561	with the words	
Pro.6.2	3	H6310	of thy mouth	
Pro.6.2	4	H3920	, thou art taken	[H8738]
Pro.6.2	5	H561	with the words	
Pro.6.2	6	H6310	of thy mouth.	
Pro.6.3	1	H6213	Do	[H8798]
Pro.6.3	2	H645	this now	
Pro.6.3	3	H1121	, my son	
Pro.6.3	4	H5337	, and deliver	[H8734]
Pro.6.3	5	H935	thyself, when thou art come	[H8804]
Pro.6.3	6	H3709	into the hand	
Pro.6.3	7	H7453	of thy friend	
Pro.6.3	8	H3212	; go	[H8798]
Pro.6.3	9	H7511	, humble	[H8690]
Pro.6.3	10	H7292	thyself, and make sure	[H8798]
Pro.6.3	11	H7453	thy friend.	
Pro.6.4	1	H5414	Give	[H8799]
Pro.6.4	2	H8142	not sleep	
Pro.6.4	3	H5869	to thine eyes	
Pro.6.4	4	H8572	, nor slumber	
Pro.6.4	5	H6079	to thine eyelids.	
Pro.6.5	1	H5337	Deliver	[H8734]
Pro.6.5	2	H6643	thyself as a roe	
Pro.6.5	3	H3027	from the hand	
Pro.6.5	4	H6833	of the hunter, and as a bird	
Pro.6.5	5	H3027	from the hand	
Pro.6.5	6	H3353	of the fowler.	
Pro.6.6	1	H3212	Go	[H8798]
Pro.6.6	2	H5244	to the ant	
Pro.6.6	3	H6102	, thou sluggard	
Pro.6.6	4	H7200	; consider	[H8798]
Pro.6.6	5	H1870	her ways	
Pro.6.6	6	H2449	, and be wise	[H8798]
Pro.6.7	1	H7101	Which having no guide	
Pro.6.7	2	H7860	, overseer	[H8802]
Pro.6.7	3	H4910	, or ruler	[H8802]
Pro.6.8	1	H3559	Provideth	[H8686]
Pro.6.8	2	H3899	her meat	
Pro.6.8	3	H7019	in the summer	
Pro.6.8	4	H103	, and gathereth	[H8804]
Pro.6.8	5	H3978	her food	
Pro.6.8	6	H7105	in the harvest.	
Pro.6.9	1	H7901	How long wilt thou sleep	[H8799]
Pro.6.9	2	H6102	, O sluggard	
Pro.6.9	3	H6965	? when wilt thou arise	[H8799]
Pro.6.9	4	H8142	out of thy sleep?	
Pro.6.10	1	H4592	Yet a little	
Pro.6.10	2	H8142	sleep	
Pro.6.10	3	H4592	, a little	
Pro.6.10	4	H8572	slumber	
Pro.6.10	5	H4592	, a little	
Pro.6.10	6	H2264	folding	
Pro.6.10	7	H3027	of the hands	
Pro.6.10	8	H7901	to sleep	[H8800]
Pro.6.11	1	H7389	So shall thy poverty	
Pro.6.11	2	H935	come	[H8804]
Pro.6.11	3	H1980	as one that travelleth	[H8764]
Pro.6.11	4	H4270	, and thy want	
Pro.6.11	5	H4043	as an armed	
Pro.6.11	6	H376	man.	
Pro.6.12	1	H1100	A naughty	
Pro.6.12	2	H120	person	
Pro.6.12	3	H205	, a wicked	
Pro.6.12	4	H376	man	
Pro.6.12	5	H1980	, walketh	[H8802]
Pro.6.12	6	H6143	with a froward	
Pro.6.12	7	H6310	mouth.	
Pro.6.13	1	H7169	He winketh	[H8802]
Pro.6.13	2	H5869	with his eyes	
Pro.6.13	3	H4448	, he speaketh	[H8802]
Pro.6.13	4	H7272	with his feet	
Pro.6.13	5	H3384	, he teacheth	[H8688]
Pro.6.13	6	H676	with his fingers;	
Pro.6.14	1	H8419	Frowardness	
Pro.6.14	2	H3820	is in his heart	
Pro.6.14	3	H2790	, he deviseth	[H8802]
Pro.6.14	4	H7451	mischief	
Pro.6.14	5	H6256	continually	
Pro.6.14	6	H7971	; he soweth	[H8762]
Pro.6.14	7	H4066	discord	[H8675]
Pro.6.14	8	H4090	.	
Pro.6.15	1	H343	Therefore shall his calamity	
Pro.6.15	2	H935	come	[H8799]
Pro.6.15	3	H6597	suddenly	
Pro.6.15	4	H6621	; suddenly	
Pro.6.15	5	H7665	shall he be broken	[H8735]
Pro.6.15	6	H4832	without remedy.	
Pro.6.16	1	H8337	These six	
Pro.6.16	2	H3068	things doth the LORD	
Pro.6.16	3	H8130	hate	[H8804]
Pro.6.16	4	H7651	: yea, seven	
Pro.6.16	5	H8441	are an abomination	
Pro.6.16	6	H5315	unto him:	
Pro.6.17	1	H7311	A proud	[H8802]
Pro.6.17	2	H5869	look	
Pro.6.17	3	H8267	, a lying	
Pro.6.17	4	H3956	tongue	
Pro.6.17	5	H3027	, and hands	
Pro.6.17	6	H8210	that shed	[H8802]
Pro.6.17	7	H5355	innocent	
Pro.6.17	8	H1818	blood,	
Pro.6.18	1	H3820	An heart	
Pro.6.18	2	H2790	that deviseth	[H8802]
Pro.6.18	3	H205	wicked	
Pro.6.18	4	H4284	imaginations	
Pro.6.18	5	H7272	, feet	
Pro.6.18	6	H4116	that be swift	[H8764]
Pro.6.18	7	H7323	in running	[H8800]
Pro.6.18	8	H7451	to mischief,	
Pro.6.19	1	H8267	A false	
Pro.6.19	2	H5707	witness	
Pro.6.19	3	H6315	that speaketh	[H8686]
Pro.6.19	4	H3577	lies	
Pro.6.19	5	H7971	, and he that soweth	[H8764]
Pro.6.19	6	H4090	discord	
Pro.6.19	7	H251	among brethren.	
Pro.6.20	1	H1121	My son	
Pro.6.20	2	H5341	, keep	[H8798]
Pro.6.20	3	H1	thy father's	
Pro.6.20	4	H4687	commandment	
Pro.6.20	5	H5203	, and forsake	[H8799]
Pro.6.20	6	H8451	not the law	
Pro.6.20	7	H517	of thy mother:	
Pro.6.21	1	H7194	Bind	[H8798]
Pro.6.21	2	H8548	them continually	
Pro.6.21	3	H3820	upon thine heart	
Pro.6.21	4	H6029	, and tie	[H8798]
Pro.6.21	5	H1621	them about thy neck.	
Pro.6.22	1	H1980	When thou goest	[H8692]
Pro.6.22	2	H5148	, it shall lead	[H8686]
Pro.6.22	3	H7901	thee; when thou sleepest	[H8800]
Pro.6.22	4	H8104	, it shall keep	[H8799]
Pro.6.22	5	H6974	thee; and when thou awakest	[H8689]
Pro.6.22	6	H7878	, it shall talk	[H8799]
Pro.6.23	1	H4687	For the commandment	
Pro.6.23	2	H5216	is a lamp	
Pro.6.23	3	H8451	; and the law	
Pro.6.23	4	H216	is light	
Pro.6.23	5	H8433	; and reproofs	
Pro.6.23	6	H4148	of instruction	
Pro.6.23	7	H1870	are the way	
Pro.6.23	8	H2416	of life:	
Pro.6.24	1	H8104	To keep	[H8800]
Pro.6.24	2	H7451	thee from the evil	
Pro.6.24	3	H802	woman	
Pro.6.24	4	H2513	, from the flattery	
Pro.6.24	5	H3956	of the tongue	
Pro.6.24	6	H5237	of a strange woman.	
Pro.6.25	1	H2530	Lust	[H8799]
Pro.6.25	2	H3308	not after her beauty	
Pro.6.25	3	H3824	in thine heart	
Pro.6.25	4	H3947	; neither let her take	[H8799]
Pro.6.25	5	H6079	thee with her eyelids.	
Pro.6.26	1	H1157	For by means of	
Pro.6.26	2	H2181	a whorish	[H8802]
Pro.6.26	3	H802	woman	
Pro.6.26	4	H3603	a man is brought to a piece	
Pro.6.26	5	H3899	of bread	
Pro.6.26	6	H802	: and the adulteress	
Pro.6.26	7	H376		
Pro.6.26	8	H6679	will hunt	[H8799]
Pro.6.26	9	H3368	for the precious	
Pro.6.26	10	H5315	life.	
Pro.6.27	1	H376	Can a man	
Pro.6.27	2	H2846	take	[H8799]
Pro.6.27	3	H784	fire	
Pro.6.27	4	H2436	in his bosom	
Pro.6.27	5	H899	, and his clothes	
Pro.6.27	6	H8313	not be burned	[H8735]
Pro.6.28	1	H376	Can one	
Pro.6.28	2	H1980	go	[H8762]
Pro.6.28	3	H1513	upon hot coals	
Pro.6.28	4	H7272	, and his feet	
Pro.6.28	5	H3554	not be burned	[H8735]
Pro.6.29	1	H935	So he that goeth in	[H8802]
Pro.6.29	2	H7453	to his neighbour's	
Pro.6.29	3	H802	wife	
Pro.6.29	4	H5060	; whosoever toucheth	[H8802]
Pro.6.29	5	H5352	her shall not be innocent	[H8735]
Pro.6.30	1	H936	Men do not despise	[H8799]
Pro.6.30	2	H1590	a thief	
Pro.6.30	3	H1589	, if he steal	[H8799]
Pro.6.30	4	H4390	to satisfy	[H8763]
Pro.6.30	5	H5315	his soul	
Pro.6.30	6	H7456	when he is hungry	[H8799]
Pro.6.31	1	H4672	But if he be found	[H8738]
Pro.6.31	2	H7999	, he shall restore	[H8762]
Pro.6.31	3	H7659	sevenfold	
Pro.6.31	4	H5414	; he shall give	[H8799]
Pro.6.31	5	H1952	all the substance	
Pro.6.31	6	H1004	of his house.	
Pro.6.32	1	H5003	But whoso committeth adultery	[H8802]
Pro.6.32	2	H802	with a woman	
Pro.6.32	3	H2638	lacketh	
Pro.6.32	4	H3820	understanding	
Pro.6.32	5	H6213	: he that doeth	[H8799]
Pro.6.32	6	H7843	it destroyeth	[H8688]
Pro.6.32	7	H5315	his own soul.	
Pro.6.33	1	H5061	A wound	
Pro.6.33	2	H7036	and dishonour	
Pro.6.33	3	H4672	shall he get	[H8799]
Pro.6.33	4	H2781	; and his reproach	
Pro.6.33	5	H4229	shall not be wiped away	[H8735]
Pro.6.34	1	H7068	For jealousy	
Pro.6.34	2	H2534	is the rage	
Pro.6.34	3	H1397	of a man	
Pro.6.34	4	H2550	: therefore he will not spare	[H8799]
Pro.6.34	5	H3117	in the day	
Pro.6.34	6	H5359	of vengeance.	
Pro.6.35	1	H5375	He will not regard	[H8799]
Pro.6.35	2	H6440		
Pro.6.35	3	H3724	any ransom	
Pro.6.35	4	H14	; neither will he rest content	[H8799]
Pro.6.35	5	H7235	, though thou givest many	[H8686]
Pro.6.35	6	H7810	gifts.	
Pro.7.1	1	H1121	My son	
Pro.7.1	2	H8104	, keep	[H8798]
Pro.7.1	3	H561	my words	
Pro.7.1	4	H6845	, and lay up	[H8799]
Pro.7.1	5	H4687	my commandments with thee.	
Pro.7.2	1	H8104	Keep	[H8798]
Pro.7.2	2	H4687	my commandments	
Pro.7.2	3	H2421	, and live	[H8798]
Pro.7.2	4	H8451	; and my law	
Pro.7.2	5	H380	as the apple	
Pro.7.2	6	H5869	of thine eye.	
Pro.7.3	1	H7194	Bind	[H8798]
Pro.7.3	2	H676	them upon thy fingers	
Pro.7.3	3	H3789	, write	[H8798]
Pro.7.3	4	H3871	them upon the table	
Pro.7.3	5	H3820	of thine heart.	
Pro.7.4	1	H559	Say	[H8798]
Pro.7.4	2	H2451	unto wisdom	
Pro.7.4	3	H269	, Thou art my sister	
Pro.7.4	4	H7121	; and call	[H8799]
Pro.7.4	5	H998	understanding	
Pro.7.4	6	H4129	thy kinswoman:	
Pro.7.5	1	H8104	That they may keep	[H8800]
Pro.7.5	2	H2114	thee from the strange	[H8801]
Pro.7.5	3	H802	woman	
Pro.7.5	4	H5237	, from the stranger	
Pro.7.5	5	H2505	which flattereth	[H8689]
Pro.7.5	6	H561	with her words.	
Pro.7.6	1	H2474	For at the window	
Pro.7.6	2	H1004	of my house	
Pro.7.6	3	H8259	I looked	[H8738]
Pro.7.6	4	H822	through my casement,	
Pro.7.7	1	H7200	And beheld	[H8799]
Pro.7.7	2	H6612	among the simple ones	
Pro.7.7	3	H995	, I discerned	[H8799]
Pro.7.7	4	H1121	among the youths	
Pro.7.7	5	H5288	, a young man	
Pro.7.7	6	H2638	void	
Pro.7.7	7	H3820	of understanding,	
Pro.7.8	1	H5674	Passing through	[H8802]
Pro.7.8	2	H7784	the street	
Pro.7.8	3	H681	near	
Pro.7.8	4	H6434	her corner	
Pro.7.8	5	H6805	; and he went	[H8799]
Pro.7.8	6	H1870	the way	
Pro.7.8	7	H1004	to her house,	
Pro.7.9	1	H5399	In the twilight	
Pro.7.9	2	H3117	, in the evening	
Pro.7.9	3	H6153		
Pro.7.9	4	H380	, in the black	
Pro.7.9	5	H653	and dark	
Pro.7.9	6	H3915	night:	
Pro.7.10	1	H7125	And, behold, there met	[H8800]
Pro.7.10	2	H802	him a woman	
Pro.7.10	3	H7897	with the attire	
Pro.7.10	4	H2181	of an harlot	[H8802]
Pro.7.10	5	H5341	, and subtil	[H8803]
Pro.7.10	6	H3820	of heart.	
Pro.7.11	1	H1993	(She is loud	[H8802]
Pro.7.11	2	H5637	and stubborn	[H8802]
Pro.7.11	3	H7272	; her feet	
Pro.7.11	4	H7931	abide	[H8799]
Pro.7.11	5	H1004	not in her house:	
Pro.7.12	1	H6471	Now	
Pro.7.12	2	H2351	is she without	
Pro.7.12	3	H6471	, now	
Pro.7.12	4	H7339	in the streets	
Pro.7.12	5	H693	, and lieth in wait	[H8799]
Pro.7.12	6	H681	at	
Pro.7.12	7	H6438	every corner.)	
Pro.7.13	1	H2388	So she caught	[H8689]
Pro.7.13	2	H5401	him, and kissed	[H8804]
Pro.7.13	3	H5810	him, and with an impudent	[H8689]
Pro.7.13	4	H6440	face	
Pro.7.13	5	H559	said	[H8799]
Pro.7.14	1	H8002	I have peace	
Pro.7.14	2	H2077	offerings	
Pro.7.14	3	H3117	with me; this day	
Pro.7.14	4	H7999	have I payed	[H8765]
Pro.7.14	5	H5088	my vows.	
Pro.7.15	1	H3318	Therefore came I forth	[H8804]
Pro.7.15	2	H7125	to meet	[H8800]
Pro.7.15	3	H7836	thee, diligently to seek	[H8763]
Pro.7.15	4	H6440	thy face	
Pro.7.15	5	H4672	, and I have found	[H8799]
Pro.7.16	1	H7234	I have decked	[H8804]
Pro.7.16	2	H6210	my bed	
Pro.7.16	3	H4765	with coverings	
Pro.7.16	4	H2405	of tapestry, with carved	
Pro.7.16	5	H330	works, with fine linen	
Pro.7.16	6	H4714	of Egypt.	
Pro.7.17	1	H5130	I have perfumed	[H8804]
Pro.7.17	2	H4904	my bed	
Pro.7.17	3	H4753	with myrrh	
Pro.7.17	4	H174	, aloes	
Pro.7.17	5	H7076	, and cinnamon.	
Pro.7.18	1	H3212	Come	[H8798]
Pro.7.18	2	H7301	, let us take our fill	[H8799]
Pro.7.18	3	H1730	of love	
Pro.7.18	4	H1242	until the morning	
Pro.7.18	5	H5965	: let us solace	[H8691]
Pro.7.18	6	H159	ourselves with loves.	
Pro.7.19	1	H376	For the goodman	
Pro.7.19	2	H1004	is not at home	
Pro.7.19	3	H1980	, he is gone	[H8804]
Pro.7.19	4	H7350	a long	
Pro.7.19	5	H1870	journey:	
Pro.7.20	1	H3947	He hath taken	[H8804]
Pro.7.20	2	H6872	a bag	
Pro.7.20	3	H3701	of money	
Pro.7.20	4	H3027	with him	
Pro.7.20	5	H935	, and will come	[H8799]
Pro.7.20	6	H1004	home	
Pro.7.20	7	H3117	at the day	
Pro.7.20	8	H3677	appointed.	
Pro.7.21	1	H7230	With her much	
Pro.7.21	2	H3948	fair speech	
Pro.7.21	3	H5186	she caused him to yield	[H8689]
Pro.7.21	4	H2506	, with the flattering	
Pro.7.21	5	H8193	of her lips	
Pro.7.21	6	H5080	she forced	[H8686]
Pro.7.22	1	H1980	He goeth	[H8802]
Pro.7.22	2	H310	after	
Pro.7.22	3	H6597	her straightway	
Pro.7.22	4	H7794	, as an ox	
Pro.7.22	5	H935	goeth	[H8799]
Pro.7.22	6	H2874	to the slaughter	
Pro.7.22	7	H191	, or as a fool	
Pro.7.22	8	H4148	to the correction	
Pro.7.22	9	H5914	of the stocks;	
Pro.7.23	1	H2671	Till a dart	
Pro.7.23	2	H6398	strike	[H8762]
Pro.7.23	3	H3516	through his liver	
Pro.7.23	4	H6833	; as a bird	
Pro.7.23	5	H4116	hasteth	[H8763]
Pro.7.23	6	H6341	to the snare	
Pro.7.23	7	H3045	, and knoweth	[H8804]
Pro.7.23	8	H5315	not that it is for his life.	
Pro.7.24	1	H8085	Hearken	[H8798]
Pro.7.24	2	H1121	unto me now therefore, O ye children	
Pro.7.24	3	H7181	, and attend	[H8685]
Pro.7.24	4	H561	to the words	
Pro.7.24	5	H6310	of my mouth.	
Pro.7.25	1	H3820	Let not thine heart	
Pro.7.25	2	H7847	decline	[H8799]
Pro.7.25	3	H1870	to her ways	
Pro.7.25	4	H8582	, go not astray	[H8799]
Pro.7.25	5	H5410	in her paths.	
Pro.7.26	1	H5307	For she hath cast down	[H8689]
Pro.7.26	2	H7227	many	
Pro.7.26	3	H2491	wounded	
Pro.7.26	4	H6099	: yea, many strong	
Pro.7.26	5	H2026	men have been slain	[H8803]
Pro.7.27	1	H1004	Her house	
Pro.7.27	2	H1870	is the way	
Pro.7.27	3	H7585	to hell	
Pro.7.27	4	H3381	, going down	[H8802]
Pro.7.27	5	H2315	to the chambers	
Pro.7.27	6	H4194	of death.	
Pro.8.1	1	H2451	Doth not wisdom	
Pro.8.1	2	H7121	cry	[H8799]
Pro.8.1	3	H8394	? and understanding	
Pro.8.1	4	H5414	put forth	[H8799]
Pro.8.1	5	H6963	her voice?	
Pro.8.2	1	H5324	She standeth	[H8738]
Pro.8.2	2	H7218	in the top	
Pro.8.2	3	H4791	of high places	
Pro.8.2	4	H1870	, by the way	
Pro.8.2	5	H1004	in the places	
Pro.8.2	6	H5410	of the paths.	
Pro.8.3	1	H7442	She crieth	[H8799]
Pro.8.3	2	H3027	at	
Pro.8.3	3	H8179	the gates	
Pro.8.3	4	H6310	, at the entry	
Pro.8.3	5	H7176	of the city	
Pro.8.3	6	H3996	, at the coming	
Pro.8.3	7	H6607	in at the doors.	
Pro.8.4	1	H376	Unto you, O men	
Pro.8.4	2	H7121	, I call	[H8799]
Pro.8.4	3	H6963	; and my voice	
Pro.8.4	4	H1121	is to the sons	
Pro.8.4	5	H120	of man.	
Pro.8.5	1	H6612	O ye simple	
Pro.8.5	2	H995	, understand	[H8685]
Pro.8.5	3	H6195	wisdom	
Pro.8.5	4	H3684	: and, ye fools	
Pro.8.5	5	H995	, be ye of an understanding	[H8685]
Pro.8.5	6	H3820	heart.	
Pro.8.6	1	H8085	Hear	[H8798]
Pro.8.6	2	H1696	; for I will speak	[H8762]
Pro.8.6	3	H5057	of excellent things	
Pro.8.6	4	H4669	; and the opening	
Pro.8.6	5	H8193	of my lips	
Pro.8.6	6	H4339	shall be right things.	
Pro.8.7	1	H2441	For my mouth	
Pro.8.7	2	H1897	shall speak	[H8799]
Pro.8.7	3	H571	truth	
Pro.8.7	4	H7562	; and wickedness	
Pro.8.7	5	H8441	is an abomination	
Pro.8.7	6	H8193	to my lips.	
Pro.8.8	1	H561	All the words	
Pro.8.8	2	H6310	of my mouth	
Pro.8.8	3	H6664	are in righteousness	
Pro.8.8	4	H6617	; there is nothing froward	[H8737]
Pro.8.8	5	H6141	or perverse in them.	
Pro.8.9	1	H5228	They are all plain	
Pro.8.9	2	H995	to him that understandeth	[H8688]
Pro.8.9	3	H3477	, and right	
Pro.8.9	4	H4672	to them that find	[H8802]
Pro.8.9	5	H1847	knowledge.	
Pro.8.10	1	H3947	Receive	[H8798]
Pro.8.10	2	H4148	my instruction	
Pro.8.10	3	H3701	, and not silver	
Pro.8.10	4	H1847	; and knowledge	
Pro.8.10	5	H977	rather than choice	[H8737]
Pro.8.10	6	H2742	gold.	
Pro.8.11	1	H2451	For wisdom	
Pro.8.11	2	H2896	is better	
Pro.8.11	3	H6443	than rubies	
Pro.8.11	4	H2656	; and all the things that may be desired	
Pro.8.11	5	H7737	are not to be compared	[H8799]
Pro.8.12	1	H2451	I wisdom	
Pro.8.12	2	H7931	dwell	[H8804]
Pro.8.12	3	H6195	with prudence	
Pro.8.12	4	H4672	, and find out	[H8799]
Pro.8.12	5	H1847	knowledge	
Pro.8.12	6	H4209	of witty inventions.	
Pro.8.13	1	H3374	The fear	
Pro.8.13	2	H3068	of the LORD	
Pro.8.13	3	H8130	is to hate	[H8800]
Pro.8.13	4	H7451	evil	
Pro.8.13	5	H1344	: pride	
Pro.8.13	6	H1347	, and arrogancy	
Pro.8.13	7	H7451	, and the evil	
Pro.8.13	8	H1870	way	
Pro.8.13	9	H8419	, and the froward	
Pro.8.13	10	H6310	mouth	
Pro.8.13	11	H8130	, do I hate	[H8804]
Pro.8.14	1	H6098	Counsel	
Pro.8.14	2	H8454	is mine, and sound wisdom	
Pro.8.14	3	H998	: I am understanding	
Pro.8.14	4	H1369	; I have strength.	
Pro.8.15	1	H4428	By me kings	
Pro.8.15	2	H4427	reign	[H8799]
Pro.8.15	3	H7336	, and princes	[H8802]
Pro.8.15	4	H2710	decree	[H8779]
Pro.8.15	5	H6664	justice.	
Pro.8.16	1	H8269	By me princes	
Pro.8.16	2	H8323	rule	[H8799]
Pro.8.16	3	H5081	, and nobles	
Pro.8.16	4	H8199	, even all the judges	[H8802]
Pro.8.16	5	H776	of the earth.	
Pro.8.17	1	H157	I love	[H8799]
Pro.8.17	2	H157	them that love	[H8802]
Pro.8.17	3	H7836	me; and those that seek me early	[H8764]
Pro.8.17	4	H4672	shall find	[H8799]
Pro.8.18	1	H6239	Riches	
Pro.8.18	2	H3519	and honour	
Pro.8.18	3	H6276	are with me; yea, durable	
Pro.8.18	4	H1952	riches	
Pro.8.18	5	H6666	and righteousness.	
Pro.8.19	1	H6529	My fruit	
Pro.8.19	2	H2896	is better	
Pro.8.19	3	H2742	than gold	
Pro.8.19	4	H6337	, yea, than fine gold	
Pro.8.19	5	H8393	; and my revenue	
Pro.8.19	6	H977	than choice	[H8737]
Pro.8.19	7	H3701	silver.	
Pro.8.20	1	H1980	I lead	[H8762]
Pro.8.20	2	H734	in the way	
Pro.8.20	3	H6666	of righteousness	
Pro.8.20	4	H8432	, in the midst	
Pro.8.20	5	H5410	of the paths	
Pro.8.20	6	H4941	of judgment:	
Pro.8.21	1	H157	That I may cause those that love	[H8802]
Pro.8.21	2	H5157	me to inherit	[H8687]
Pro.8.21	3	H3426	substance	
Pro.8.21	4	H4390	; and I will fill	[H8762]
Pro.8.21	5	H214	their treasures.	
Pro.8.22	1	H3068	The LORD	
Pro.8.22	2	H7069	possessed	[H8804]
Pro.8.22	3	H7225	me in the beginning	
Pro.8.22	4	H1870	of his way	
Pro.8.22	5	H6924	, before	
Pro.8.22	6	H4659	his works of old.	
Pro.8.23	1	H5258	I was set up	[H8738]
Pro.8.23	2	H5769	from everlasting	
Pro.8.23	3	H7218	, from the beginning	
Pro.8.23	4	H6924	, or ever	
Pro.8.23	5	H776	the earth was.	
Pro.8.24	1	H8415	When there were no depths	
Pro.8.24	2	H2342	, I was brought forth	[H8797]
Pro.8.24	3	H4599	; when there were no fountains	
Pro.8.24	4	H3513	abounding	[H8737]
Pro.8.24	5	H4325	with water.	
Pro.8.25	1	H2022	Before the mountains	
Pro.8.25	2	H2883	were settled	[H8717]
Pro.8.25	3	H6440	, before	
Pro.8.25	4	H1389	the hills	
Pro.8.25	5	H2342	was I brought forth	[H8797]
Pro.8.26	1	H6213	While as yet he had not made	[H8804]
Pro.8.26	2	H776	the earth	
Pro.8.26	3	H2351	, nor the fields	
Pro.8.26	4	H7218	, nor the highest part	
Pro.8.26	5	H6083	of the dust	
Pro.8.26	6	H8398	of the world.	
Pro.8.27	1	H3559	When he prepared	[H8687]
Pro.8.27	2	H8064	the heavens	
Pro.8.27	3	H2710	, I was there: when he set	[H8800]
Pro.8.27	4	H2329	a compass	
Pro.8.27	5	H6440	upon the face	
Pro.8.27	6	H8415	of the depth:	
Pro.8.28	1	H553	When he established	[H8763]
Pro.8.28	2	H7834	the clouds	
Pro.8.28	3	H4605	above	
Pro.8.28	4	H5810	: when he strengthened	[H8800]
Pro.8.28	5	H5869	the fountains	
Pro.8.28	6	H8415	of the deep:	
Pro.8.29	1	H7760	When he gave	[H8800]
Pro.8.29	2	H3220	to the sea	
Pro.8.29	3	H2706	his decree	
Pro.8.29	4	H4325	, that the waters	
Pro.8.29	5	H5674	should not pass	[H8799]
Pro.8.29	6	H6310	his commandment	
Pro.8.29	7	H2710	: when he appointed	[H8800]
Pro.8.29	8	H4144	the foundations	
Pro.8.29	9	H776	of the earth:	
Pro.8.30	1	H681	Then I was by him	
Pro.8.30	2	H525	, as one brought up	
Pro.8.30	3	H3117	with him : and I was daily	
Pro.8.30	4	H3117		
Pro.8.30	5	H8191	his delight	
Pro.8.30	6	H7832	, rejoicing	[H8764]
Pro.8.30	7	H6256	always	
Pro.8.30	8	H6440	before him;	
Pro.8.31	1	H7832	Rejoicing	[H8764]
Pro.8.31	2	H8398	in the habitable part	
Pro.8.31	3	H776	of his earth	
Pro.8.31	4	H8191	; and my delights	
Pro.8.31	5	H1121	were with the sons	
Pro.8.31	6	H120	of men.	
Pro.8.32	1	H8085	Now therefore hearken	[H8798]
Pro.8.32	2	H1121	unto me, O ye children	
Pro.8.32	3	H835	: for blessed	
Pro.8.32	4	H8104	are they that keep	[H8799]
Pro.8.32	5	H1870	my ways.	
Pro.8.33	1	H8085	Hear	[H8798]
Pro.8.33	2	H4148	instruction	
Pro.8.33	3	H2449	, and be wise	[H8798]
Pro.8.33	4	H6544	, and refuse	[H8799]
Pro.8.34	1	H835	Blessed	
Pro.8.34	2	H120	is the man	
Pro.8.34	3	H8085	that heareth	[H8802]
Pro.8.34	4	H8245	me, watching	[H8800]
Pro.8.34	5	H3117	daily	
Pro.8.34	6	H3117		
Pro.8.34	7	H1817	at my gates	
Pro.8.34	8	H8104	, waiting	[H8800]
Pro.8.34	9	H4201	at the posts	
Pro.8.34	10	H6607	of my doors.	
Pro.8.35	1	H4672	For whoso findeth	[H8802]
Pro.8.35	2	H4672	me findeth	[H8804] [H8675]
Pro.8.35	3	H4672		[H8802]
Pro.8.35	4	H2416	life	
Pro.8.35	5	H6329	, and shall obtain	[H8686]
Pro.8.35	6	H7522	favour	
Pro.8.35	7	H3068	of the LORD.	
Pro.8.36	1	H2398	But he that sinneth	[H8802]
Pro.8.36	2	H2554	against me wrongeth	[H8802]
Pro.8.36	3	H5315	his own soul	
Pro.8.36	4	H8130	: all they that hate	[H8764]
Pro.8.36	5	H157	me love	[H8804]
Pro.8.36	6	H4194	death.	
Pro.9.1	1	H2454	Wisdom	
Pro.9.1	2	H1129	hath builded	[H8804]
Pro.9.1	3	H1004	her house	
Pro.9.1	4	H2672	, she hath hewn out	[H8804]
Pro.9.1	5	H7651	her seven	
Pro.9.1	6	H5982	pillars:	
Pro.9.2	1	H2873	She hath killed	[H8804]
Pro.9.2	2	H2874	her beasts	
Pro.9.2	3	H4537	; she hath mingled	[H8804]
Pro.9.2	4	H3196	her wine	
Pro.9.2	5	H6186	; she hath also furnished	[H8804]
Pro.9.2	6	H7979	her table.	
Pro.9.3	1	H7971	She hath sent forth	[H8804]
Pro.9.3	2	H5291	her maidens	
Pro.9.3	3	H7121	: she crieth	[H8799]
Pro.9.3	4	H1610	upon	
Pro.9.3	5	H4791	the highest places	
Pro.9.3	6	H7176	of the city,	
Pro.9.4	1	H6612	Whoso is simple	
Pro.9.4	2	H5493	, let him turn in	[H8799]
Pro.9.4	3	H2638	hither: as for him that wanteth	
Pro.9.4	4	H3820	understanding	
Pro.9.4	5	H559	, she saith	[H8804]
Pro.9.5	1	H3212	Come	[H8798]
Pro.9.5	2	H3898	, eat	[H8798]
Pro.9.5	3	H3899	of my bread	
Pro.9.5	4	H8354	, and drink	[H8798]
Pro.9.5	5	H3196	of the wine	
Pro.9.5	6	H4537	which I have mingled	[H8804]
Pro.9.6	1	H5800	Forsake	[H8798]
Pro.9.6	2	H6612	the foolish	
Pro.9.6	3	H2421	, and live	[H8798]
Pro.9.6	4	H833	; and go	[H8798]
Pro.9.6	5	H1870	in the way	
Pro.9.6	6	H998	of understanding.	
Pro.9.7	1	H3256	He that reproveth	[H8802]
Pro.9.7	2	H3887	a scorner	[H8801]
Pro.9.7	3	H3947	getteth	[H8802]
Pro.9.7	4	H7036	to himself shame	
Pro.9.7	5	H3198	: and he that rebuketh	[H8688]
Pro.9.7	6	H7563	a wicked	
Pro.9.7	7	H3971	man getteth himself a blot.	
Pro.9.8	1	H3198	Reprove	[H8686]
Pro.9.8	2	H3887	not a scorner	[H8801]
Pro.9.8	3	H8130	, lest he hate	[H8799]
Pro.9.8	4	H3198	thee: rebuke	[H8685]
Pro.9.8	5	H2450	a wise man	
Pro.9.8	6	H157	, and he will love	[H8799]
Pro.9.9	1	H5414	Give	[H8798]
Pro.9.9	2	H2450	instruction to a wise	
Pro.9.9	3	H2449	man, and he will be yet wiser	[H8799]
Pro.9.9	4	H3045	: teach	[H8685]
Pro.9.9	5	H6662	a just	
Pro.9.9	6	H3254	man, and he will increase	[H8686]
Pro.9.9	7	H3948	in learning.	
Pro.9.10	1	H3374	The fear	
Pro.9.10	2	H3068	of the LORD	
Pro.9.10	3	H8462	is the beginning	
Pro.9.10	4	H2451	of wisdom	
Pro.9.10	5	H1847	: and the knowledge	
Pro.9.10	6	H6918	of the holy	
Pro.9.10	7	H998	is understanding.	
Pro.9.11	1	H3117	For by me thy days	
Pro.9.11	2	H7235	shall be multiplied	[H8799]
Pro.9.11	3	H8141	, and the years	
Pro.9.11	4	H2416	of thy life	
Pro.9.11	5	H3254	shall be increased	[H8686]
Pro.9.12	1	H2449	If thou be wise	[H8804]
Pro.9.12	2	H2449	, thou shalt be wise	[H8804]
Pro.9.12	3	H3887	for thyself: but if thou scornest	[H8804]
Pro.9.12	4	H5375	, thou alone shalt bear	[H8799]
Pro.9.13	1	H3687	A foolish	
Pro.9.13	2	H802	woman	
Pro.9.13	3	H1993	is clamorous	[H8802]
Pro.9.13	4	H6615	: she is simple	
Pro.9.13	5	H1077	, and	
Pro.9.13	6	H3045	knoweth	[H8804]
Pro.9.13	7	H4100	nothing.	
Pro.9.14	1	H3427	For she sitteth	[H8804]
Pro.9.14	2	H6607	at the door	
Pro.9.14	3	H1004	of her house	
Pro.9.14	4	H3678	, on a seat	
Pro.9.14	5	H4791	in the high places	
Pro.9.14	6	H7176	of the city,	
Pro.9.15	1	H7121	To call	[H8800]
Pro.9.15	2	H5674	passengers	[H8802]
Pro.9.15	3	H1870		
Pro.9.15	4	H3474	who go right	[H8764]
Pro.9.15	5	H734	on their ways:	
Pro.9.16	1	H6612	Whoso is simple	
Pro.9.16	2	H5493	, let him turn in	[H8799]
Pro.9.16	3	H2638	hither: and as for him that wanteth	
Pro.9.16	4	H3820	understanding	
Pro.9.16	5	H559	, she saith	[H8804]
Pro.9.17	1	H1589	Stolen	[H8803]
Pro.9.17	2	H4325	waters	
Pro.9.17	3	H4985	are sweet	[H8799]
Pro.9.17	4	H3899	, and bread	
Pro.9.17	5	H5643	eaten in secret	
Pro.9.17	6	H5276	is pleasant	[H8799]
Pro.9.18	1	H3045	But he knoweth	[H8804]
Pro.9.18	2	H7496	not that the dead	
Pro.9.18	3	H7121	are there; and that her guests	[H8803]
Pro.9.18	4	H6012	are in the depths	
Pro.9.18	5	H7585	of hell.	
Pro.10.1	1	H4912	The proverbs	
Pro.10.1	2	H8010	of Solomon	
Pro.10.1	3	H2450	. A wise	
Pro.10.1	4	H1121	son	
Pro.10.1	5	H8055	maketh a glad	[H8762]
Pro.10.1	6	H1	father	
Pro.10.1	7	H3684	: but a foolish	
Pro.10.1	8	H1121	son	
Pro.10.1	9	H8424	is the heaviness	
Pro.10.1	10	H517	of his mother.	
Pro.10.2	1	H214	Treasures	
Pro.10.2	2	H7562	of wickedness	
Pro.10.2	3	H3276	profit	[H8686]
Pro.10.2	4	H6666	nothing: but righteousness	
Pro.10.2	5	H5337	delivereth	[H8686]
Pro.10.2	6	H4194	from death.	
Pro.10.3	1	H3068	The LORD	
Pro.10.3	2	H7456	will not suffer	
Pro.10.3	3	H5315	the soul	
Pro.10.3	4	H6662	of the righteous	
Pro.10.3	5	H7456	to famish	[H8686]
Pro.10.3	6	H1920	: but he casteth away	[H8799]
Pro.10.3	7	H1942	the substance	
Pro.10.3	8	H7563	of the wicked.	
Pro.10.4	1	H7326	He becometh poor	[H8802]
Pro.10.4	2	H6213	that dealeth	[H8802]
Pro.10.4	3	H7423	with a slack	
Pro.10.4	4	H3709	hand	
Pro.10.4	5	H3027	: but the hand	
Pro.10.4	6	H2742	of the diligent	
Pro.10.4	7	H6238	maketh rich	[H8686]
Pro.10.5	1	H103	He that gathereth	[H8802]
Pro.10.5	2	H7019	in summer	
Pro.10.5	3	H7919	is a wise	[H8688]
Pro.10.5	4	H1121	son	
Pro.10.5	5	H7290	: but he that sleepeth	[H8737]
Pro.10.5	6	H7105	in harvest	
Pro.10.5	7	H1121	is a son	
Pro.10.5	8	H954	that causeth shame	[H8688]
Pro.10.6	1	H1293	Blessings	
Pro.10.6	2	H7218	are upon the head	
Pro.10.6	3	H6662	of the just	
Pro.10.6	4	H2555	: but violence	
Pro.10.6	5	H3680	covereth	[H8762]
Pro.10.6	6	H6310	the mouth	
Pro.10.6	7	H7563	of the wicked.	
Pro.10.7	1	H2143	The memory	
Pro.10.7	2	H6662	of the just	
Pro.10.7	3	H1293	is blessed	
Pro.10.7	4	H8034	: but the name	
Pro.10.7	5	H7563	of the wicked	
Pro.10.7	6	H7537	shall rot	[H8799]
Pro.10.8	1	H2450	The wise	
Pro.10.8	2	H3820	in heart	
Pro.10.8	3	H3947	will receive	[H8799]
Pro.10.8	4	H4687	commandments	
Pro.10.8	5	H8193	: but a prating	
Pro.10.8	6	H191	fool	
Pro.10.8	7	H3832	shall fall	[H8735]
Pro.10.9	1	H3212	He that walketh	[H8799]
Pro.10.9	2	H8537	uprightly	
Pro.10.9	3	H1980	walketh	[H8802]
Pro.10.9	4	H983	surely	
Pro.10.9	5	H6140	: but he that perverteth	[H8764]
Pro.10.9	6	H1870	his ways	
Pro.10.9	7	H3045	shall be known	[H8735]
Pro.10.10	1	H7169	He that winketh	[H8802]
Pro.10.10	2	H5869	with the eye	
Pro.10.10	3	H5414	causeth	[H8799]
Pro.10.10	4	H6094	sorrow	
Pro.10.10	5	H8193	: but a prating	
Pro.10.10	6	H191	fool	
Pro.10.10	7	H3832	shall fall	[H8735]
Pro.10.11	1	H6310	The mouth	
Pro.10.11	2	H6662	of a righteous	
Pro.10.11	3	H4726	man is a well	
Pro.10.11	4	H2416	of life	
Pro.10.11	5	H2555	: but violence	
Pro.10.11	6	H3680	covereth	[H8762]
Pro.10.11	7	H6310	the mouth	
Pro.10.11	8	H7563	of the wicked.	
Pro.10.12	1	H8135	Hatred	
Pro.10.12	2	H5782	stirreth up	[H8787]
Pro.10.12	3	H4090	strifes	
Pro.10.12	4	H160	: but love	
Pro.10.12	5	H3680	covereth	[H8762]
Pro.10.12	6	H6588	all sins.	
Pro.10.13	1	H8193	In the lips	
Pro.10.13	2	H995	of him that hath understanding	[H8737]
Pro.10.13	3	H2451	wisdom	
Pro.10.13	4	H4672	is found	[H8735]
Pro.10.13	5	H7626	: but a rod	
Pro.10.13	6	H1460	is for the back	
Pro.10.13	7	H2638	of him that is void	
Pro.10.13	8	H3820	of understanding.	
Pro.10.14	1	H2450	Wise	
Pro.10.14	2	H6845	men lay up	[H8799]
Pro.10.14	3	H1847	knowledge	
Pro.10.14	4	H6310	: but the mouth	
Pro.10.14	5	H191	of the foolish	
Pro.10.14	6	H7138	is near	
Pro.10.14	7	H4288	destruction.	
Pro.10.15	1	H6223	The rich man's	
Pro.10.15	2	H1952	wealth	
Pro.10.15	3	H5797	is his strong	
Pro.10.15	4	H7151	city	
Pro.10.15	5	H4288	: the destruction	
Pro.10.15	6	H1800	of the poor	
Pro.10.15	7	H7389	is their poverty.	
Pro.10.16	1	H6468	The labour	
Pro.10.16	2	H6662	of the righteous	
Pro.10.16	3	H2416	tendeth to life	
Pro.10.16	4	H8393	: the fruit	
Pro.10.16	5	H7563	of the wicked	
Pro.10.16	6	H2403	to sin.	
Pro.10.17	1	H734	He is in the way	
Pro.10.17	2	H2416	of life	
Pro.10.17	3	H8104	that keepeth	[H8802]
Pro.10.17	4	H4148	instruction	
Pro.10.17	5	H5800	: but he that refuseth	[H8802]
Pro.10.17	6	H8433	reproof	
Pro.10.17	7	H8582	erreth	[H8688]
Pro.10.18	1	H3680	He that hideth	[H8764]
Pro.10.18	2	H8135	hatred	
Pro.10.18	3	H8267	with lying	
Pro.10.18	4	H8193	lips	
Pro.10.18	5	H3318	, and he that uttereth	[H8688]
Pro.10.18	6	H1681	a slander	
Pro.10.18	7	H3684	, is a fool.	
Pro.10.19	1	H7230	In the multitude	
Pro.10.19	2	H1697	of words	
Pro.10.19	3	H2308	there wanteth	[H8799]
Pro.10.19	4	H6588	not sin	
Pro.10.19	5	H2820	: but he that refraineth	[H8802]
Pro.10.19	6	H8193	his lips	
Pro.10.19	7	H7919	is wise	[H8688]
Pro.10.20	1	H3956	The tongue	
Pro.10.20	2	H6662	of the just	
Pro.10.20	3	H977	is as choice	[H8737]
Pro.10.20	4	H3701	silver	
Pro.10.20	5	H3820	: the heart	
Pro.10.20	6	H7563	of the wicked	
Pro.10.20	7	H4592	is little worth.	
Pro.10.21	1	H8193	The lips	
Pro.10.21	2	H6662	of the righteous	
Pro.10.21	3	H7462	feed	[H8799]
Pro.10.21	4	H7227	many	
Pro.10.21	5	H191	: but fools	
Pro.10.21	6	H4191	die	[H8799]
Pro.10.21	7	H2638	for want	
Pro.10.21	8	H3820	of wisdom.	
Pro.10.22	1	H1293	The blessing	
Pro.10.22	2	H3068	of the LORD	
Pro.10.22	3	H6238	, it maketh rich	[H8686]
Pro.10.22	4	H3254	, and he addeth	[H8686]
Pro.10.22	5	H6089	no sorrow with it.	
Pro.10.23	1	H7814	It is as sport	
Pro.10.23	2	H3684	to a fool	
Pro.10.23	3	H6213	to do	[H8800]
Pro.10.23	4	H2154	mischief	
Pro.10.23	5	H376	: but a man	
Pro.10.23	6	H8394	of understanding	
Pro.10.23	7	H2451	hath wisdom.	
Pro.10.24	1	H4034	The fear	
Pro.10.24	2	H7563	of the wicked	
Pro.10.24	3	H935	, it shall come	[H8799]
Pro.10.24	4	H8378	upon him: but the desire	
Pro.10.24	5	H6662	of the righteous	
Pro.10.24	6	H5414	shall be granted	[H8799]
Pro.10.25	1	H5492	As the whirlwind	
Pro.10.25	2	H5674	passeth	[H8800]
Pro.10.25	3	H7563	, so is the wicked	
Pro.10.25	4	H6662	no more : but the righteous	
Pro.10.25	5	H5769	is an everlasting	
Pro.10.25	6	H3247	foundation.	
Pro.10.26	1	H2558	As vinegar	
Pro.10.26	2	H8127	to the teeth	
Pro.10.26	3	H6227	, and as smoke	
Pro.10.26	4	H5869	to the eyes	
Pro.10.26	5	H6102	, so is the sluggard	
Pro.10.26	6	H7971	to them that send	[H8802]
Pro.10.27	1	H3374	The fear	
Pro.10.27	2	H3068	of the LORD	
Pro.10.27	3	H3254	prolongeth	[H8686]
Pro.10.27	4	H3117	days	
Pro.10.27	5	H8141	: but the years	
Pro.10.27	6	H7563	of the wicked	
Pro.10.27	7	H7114	shall be shortened	[H8799]
Pro.10.28	1	H8431	The hope	
Pro.10.28	2	H6662	of the righteous	
Pro.10.28	3	H8057	shall be gladness	
Pro.10.28	4	H8615	: but the expectation	
Pro.10.28	5	H7563	of the wicked	
Pro.10.28	6	H6	shall perish	[H8799]
Pro.10.29	1	H1870	The way	
Pro.10.29	2	H3068	of the LORD	
Pro.10.29	3	H4581	is strength	
Pro.10.29	4	H8537	to the upright	
Pro.10.29	5	H4288	: but destruction	
Pro.10.29	6	H6466	shall be to the workers	[H8802]
Pro.10.29	7	H205	of iniquity.	
Pro.10.30	1	H6662	The righteous	
Pro.10.30	2	H5769	shall never	
Pro.10.30	3	H4131	be removed	[H8735]
Pro.10.30	4	H7563	: but the wicked	
Pro.10.30	5	H7931	shall not inhabit	[H8799]
Pro.10.30	6	H776	the earth.	
Pro.10.31	1	H6310	The mouth	
Pro.10.31	2	H6662	of the just	
Pro.10.31	3	H5107	bringeth forth	[H8799]
Pro.10.31	4	H2451	wisdom	
Pro.10.31	5	H8419	: but the froward	
Pro.10.31	6	H3956	tongue	
Pro.10.31	7	H3772	shall be cut out	[H8735]
Pro.10.32	1	H8193	The lips	
Pro.10.32	2	H6662	of the righteous	
Pro.10.32	3	H3045	know	[H8799]
Pro.10.32	4	H7522	what is acceptable	
Pro.10.32	5	H6310	: but the mouth	
Pro.10.32	6	H7563	of the wicked	
Pro.10.32	7	H8419	speaketh frowardness.	
Pro.11.1	1	H4820	A false	
Pro.11.1	2	H3976	balance	
Pro.11.1	3	H8441	is abomination	
Pro.11.1	4	H3068	to the LORD	
Pro.11.1	5	H8003	: but a just	
Pro.11.1	6	H68	weight	
Pro.11.1	7	H7522	is his delight.	
Pro.11.2	1	H2087	When pride	
Pro.11.2	2	H935	cometh	[H8804]
Pro.11.2	3	H935	, then cometh	[H8799]
Pro.11.2	4	H7036	shame	
Pro.11.2	5	H6800	: but with the lowly	[H8803]
Pro.11.2	6	H2451	is wisdom.	
Pro.11.3	1	H8538	The integrity	
Pro.11.3	2	H3477	of the upright	
Pro.11.3	3	H5148	shall guide	[H8686]
Pro.11.3	4	H5558	them: but the perverseness	
Pro.11.3	5	H898	of transgressors	[H8802]
Pro.11.3	6	H7703	shall destroy	[H8799] [H8675]
Pro.11.3	7	H7703		[H8804]
Pro.11.4	1	H1952	Riches	
Pro.11.4	2	H3276	profit	[H8686]
Pro.11.4	3	H3117	not in the day	
Pro.11.4	4	H5678	of wrath	
Pro.11.4	5	H6666	: but righteousness	
Pro.11.4	6	H5337	delivereth	[H8686]
Pro.11.4	7	H4194	from death.	
Pro.11.5	1	H6666	The righteousness	
Pro.11.5	2	H8549	of the perfect	
Pro.11.5	3	H3474	shall direct	[H8762]
Pro.11.5	4	H1870	his way	
Pro.11.5	5	H7563	: but the wicked	
Pro.11.5	6	H5307	shall fall	[H8799]
Pro.11.5	7	H7564	by his own wickedness.	
Pro.11.6	1	H6666	The righteousness	
Pro.11.6	2	H3477	of the upright	
Pro.11.6	3	H5337	shall deliver	[H8686]
Pro.11.6	4	H898	them: but transgressors	[H8802]
Pro.11.6	5	H3920	shall be taken	[H8735]
Pro.11.6	6	H1942	in their own naughtiness.	
Pro.11.7	1	H7563	When a wicked	
Pro.11.7	2	H120	man	
Pro.11.7	3	H4194	dieth	
Pro.11.7	4	H8615	, his expectation	
Pro.11.7	5	H6	shall perish	[H8799]
Pro.11.7	6	H8431	: and the hope	
Pro.11.7	7	H205	of unjust	
Pro.11.7	8	H6	men perisheth	[H8804]
Pro.11.8	1	H6662	The righteous	
Pro.11.8	2	H2502	is delivered out	[H8738]
Pro.11.8	3	H6869	of trouble	
Pro.11.8	4	H7563	, and the wicked	
Pro.11.8	5	H935	cometh	[H8799]
Pro.11.9	1	H2611	An hypocrite	
Pro.11.9	2	H6310	with his mouth	
Pro.11.9	3	H7843	destroyeth	[H8686]
Pro.11.9	4	H7453	his neighbour	
Pro.11.9	5	H1847	: but through knowledge	
Pro.11.9	6	H6662	shall the just	
Pro.11.9	7	H2502	be delivered	[H8735]
Pro.11.10	1	H2898	When it goeth well	
Pro.11.10	2	H6662	with the righteous	
Pro.11.10	3	H7151	, the city	
Pro.11.10	4	H5970	rejoiceth	[H8799]
Pro.11.10	5	H7563	: and when the wicked	
Pro.11.10	6	H6	perish	[H8800]
Pro.11.10	7	H7440	, there is shouting.	
Pro.11.11	1	H1293	By the blessing	
Pro.11.11	2	H3477	of the upright	
Pro.11.11	3	H7176	the city	
Pro.11.11	4	H7311	is exalted	[H8799]
Pro.11.11	5	H2040	: but it is overthrown	[H8735]
Pro.11.11	6	H6310	by the mouth	
Pro.11.11	7	H7563	of the wicked.	
Pro.11.12	1	H2638	He that is void	
Pro.11.12	2	H3820	of wisdom	
Pro.11.12	3	H936	despiseth	[H8802]
Pro.11.12	4	H7453	his neighbour	
Pro.11.12	5	H376	: but a man	
Pro.11.12	6	H8394	of understanding	
Pro.11.12	7	H2790	holdeth his peace	[H8686]
Pro.11.13	1	H1980	A talebearer	[H8802]
Pro.11.13	2	H7400		
Pro.11.13	3	H1540	revealeth	[H8764]
Pro.11.13	4	H5475	secrets	
Pro.11.13	5	H539	: but he that is of a faithful	[H8738]
Pro.11.13	6	H7307	spirit	
Pro.11.13	7	H3680	concealeth	[H8764]
Pro.11.13	8	H1697	the matter.	
Pro.11.14	1	H8458	Where no counsel	
Pro.11.14	2	H5971	is, the people	
Pro.11.14	3	H5307	fall	[H8799]
Pro.11.14	4	H7230	: but in the multitude	
Pro.11.14	5	H3289	of counsellors	[H8802]
Pro.11.14	6	H8668	there is safety.	
Pro.11.15	1	H6148	He that is surety	[H8804]
Pro.11.15	2	H2114	for a stranger	[H8801]
Pro.11.15	3	H7321	shall smart	[H8735]
Pro.11.15	4	H7451		
Pro.11.15	5	H8130	for it : and he that hateth	[H8802]
Pro.11.15	6	H8628	suretiship	[H8802]
Pro.11.15	7	H982	is sure	[H8802]
Pro.11.16	1	H2580	A gracious	
Pro.11.16	2	H802	woman	
Pro.11.16	3	H8551	retaineth	[H8799]
Pro.11.16	4	H3519	honour	
Pro.11.16	5	H6184	: and strong	
Pro.11.16	6	H8551	men retain	[H8799]
Pro.11.16	7	H6239	riches.	
Pro.11.17	1	H2617	The merciful	
Pro.11.17	2	H376	man	
Pro.11.17	3	H1580	doeth good	[H8802]
Pro.11.17	4	H5315	to his own soul	
Pro.11.17	5	H394	: but he that is cruel	
Pro.11.17	6	H5916	troubleth	[H8802]
Pro.11.17	7	H7607	his own flesh.	
Pro.11.18	1	H7563	The wicked	
Pro.11.18	2	H6213	worketh	[H8802]
Pro.11.18	3	H8267	a deceitful	
Pro.11.18	4	H6468	work	
Pro.11.18	5	H2232	: but to him that soweth	[H8802]
Pro.11.18	6	H6666	righteousness	
Pro.11.18	7	H571	shall be a sure	
Pro.11.18	8	H7938	reward.	
Pro.11.19	1	H6666	As righteousness	
Pro.11.19	2	H2416	tendeth to life	
Pro.11.19	3	H7291	: so he that pursueth	[H8764]
Pro.11.19	4	H7451	evil	
Pro.11.19	5	H4194	pursueth it to his own death.	
Pro.11.20	1	H6141	They that are of a froward	
Pro.11.20	2	H3820	heart	
Pro.11.20	3	H8441	are abomination	
Pro.11.20	4	H3068	to the LORD	
Pro.11.20	5	H8549	: but such as are upright	
Pro.11.20	6	H1870	in their way	
Pro.11.20	7	H7522	are his delight.	
Pro.11.21	1	H3027	Though hand	
Pro.11.21	2	H3027	join in hand	
Pro.11.21	3	H7451	, the wicked	
Pro.11.21	4	H5352	shall not be unpunished	[H8735]
Pro.11.21	5	H2233	: but the seed	
Pro.11.21	6	H6662	of the righteous	
Pro.11.21	7	H4422	shall be delivered	[H8738]
Pro.11.22	1	H5141	As a jewel	
Pro.11.22	2	H2091	of gold	
Pro.11.22	3	H2386	in a swine's	
Pro.11.22	4	H639	snout	
Pro.11.22	5	H3303	, so is a fair	
Pro.11.22	6	H802	woman	
Pro.11.22	7	H5493	which is without	[H8802]
Pro.11.22	8	H2940	discretion.	
Pro.11.23	1	H8378	The desire	
Pro.11.23	2	H6662	of the righteous	
Pro.11.23	3	H2896	is only good	
Pro.11.23	4	H8615	: but the expectation	
Pro.11.23	5	H7563	of the wicked	
Pro.11.23	6	H5678	is wrath.	
Pro.11.24	1	H3426	There is	
Pro.11.24	2	H6340	that scattereth	[H8764]
Pro.11.24	3	H3254	, and yet increaseth	[H8737]
Pro.11.24	4	H2820	; and there is that withholdeth	[H8802]
Pro.11.24	5	H3476	more than is meet	
Pro.11.24	6	H4270	, but it tendeth to poverty.	
Pro.11.25	1	H1293	The liberal	
Pro.11.25	2	H5315	soul	
Pro.11.25	3	H1878	shall be made fat	[H8792]
Pro.11.25	4	H7301	: and he that watereth	[H8688]
Pro.11.25	5	H3384	shall be watered	[H8686]
Pro.11.26	1	H4513	He that withholdeth	[H8802]
Pro.11.26	2	H1250	corn	
Pro.11.26	3	H3816	, the people	
Pro.11.26	4	H5344	shall curse	[H8799]
Pro.11.26	5	H1293	him: but blessing	
Pro.11.26	6	H7218	shall be upon the head	
Pro.11.26	7	H7666	of him that selleth	[H8688]
Pro.11.27	1	H7836	He that diligently seeketh	[H8802]
Pro.11.27	2	H2896	good	
Pro.11.27	3	H1245	procureth	[H8762]
Pro.11.27	4	H7522	favour	
Pro.11.27	5	H1875	: but he that seeketh	[H8802]
Pro.11.27	6	H7451	mischief	
Pro.11.27	7	H935	, it shall come	[H8799]
Pro.11.28	1	H982	He that trusteth	[H8802]
Pro.11.28	2	H6239	in his riches	
Pro.11.28	3	H5307	shall fall	[H8799]
Pro.11.28	4	H6662	: but the righteous	
Pro.11.28	5	H6524	shall flourish	[H8799]
Pro.11.28	6	H5929	as a branch.	
Pro.11.29	1	H5916	He that troubleth	[H8802]
Pro.11.29	2	H1004	his own house	
Pro.11.29	3	H5157	shall inherit	[H8799]
Pro.11.29	4	H7307	the wind	
Pro.11.29	5	H191	: and the fool	
Pro.11.29	6	H5650	shall be servant	
Pro.11.29	7	H2450	to the wise	
Pro.11.29	8	H3820	of heart.	
Pro.11.30	1	H6529	The fruit	
Pro.11.30	2	H6662	of the righteous	
Pro.11.30	3	H6086	is a tree	
Pro.11.30	4	H2416	of life	
Pro.11.30	5	H3947	; and he that winneth	[H8802]
Pro.11.30	6	H5315	souls	
Pro.11.30	7	H2450	is wise.	
Pro.11.31	1	H6662	Behold, the righteous	
Pro.11.31	2	H7999	shall be recompensed	[H8792]
Pro.11.31	3	H776	in the earth	
Pro.11.31	4	H7563	: much more the wicked	
Pro.11.31	5	H2398	and the sinner	[H8802]
Pro.12.1	1	H157	Whoso loveth	[H8802]
Pro.12.1	2	H4148	instruction	
Pro.12.1	3	H157	loveth	[H8802]
Pro.12.1	4	H1847	knowledge	
Pro.12.1	5	H8130	: but he that hateth	[H8802]
Pro.12.1	6	H8433	reproof	
Pro.12.1	7	H1198	is brutish.	
Pro.12.2	1	H2896	A good	
Pro.12.2	2	H6329	man obtaineth	[H8686]
Pro.12.2	3	H7522	favour	
Pro.12.2	4	H3068	of the LORD	
Pro.12.2	5	H376	: but a man	
Pro.12.2	6	H4209	of wicked devices	
Pro.12.2	7	H7561	will he condemn	[H8686]
Pro.12.3	1	H120	A man	
Pro.12.3	2	H3559	shall not be established	[H8735]
Pro.12.3	3	H7562	by wickedness	
Pro.12.3	4	H8328	: but the root	
Pro.12.3	5	H6662	of the righteous	
Pro.12.3	6	H4131	shall not be moved	[H8735]
Pro.12.4	1	H2428	A virtuous	
Pro.12.4	2	H802	woman	
Pro.12.4	3	H5850	is a crown	
Pro.12.4	4	H1167	to her husband	
Pro.12.4	5	H954	: but she that maketh ashamed	[H8688]
Pro.12.4	6	H7538	is as rottenness	
Pro.12.4	7	H6106	in his bones.	
Pro.12.5	1	H4284	The thoughts	
Pro.12.5	2	H6662	of the righteous	
Pro.12.5	3	H4941	are right	
Pro.12.5	4	H8458	: but the counsels	
Pro.12.5	5	H7563	of the wicked	
Pro.12.5	6	H4820	are deceit.	
Pro.12.6	1	H1697	The words	
Pro.12.6	2	H7563	of the wicked	
Pro.12.6	3	H693	are to lie in wait	[H8800]
Pro.12.6	4	H1818	for blood	
Pro.12.6	5	H6310	: but the mouth	
Pro.12.6	6	H3477	of the upright	
Pro.12.6	7	H5337	shall deliver	[H8686]
Pro.12.7	1	H7563	The wicked	
Pro.12.7	2	H2015	are overthrown	[H8800]
Pro.12.7	3	H1004	, and are not: but the house	
Pro.12.7	4	H6662	of the righteous	
Pro.12.7	5	H5975	shall stand	[H8799]
Pro.12.8	1	H376	A man	
Pro.12.8	2	H1984	shall be commended	[H8792]
Pro.12.8	3	H6310	according	
Pro.12.8	4	H7922	to his wisdom	
Pro.12.8	5	H5753	: but he that is of a perverse	[H8737]
Pro.12.8	6	H3820	heart	
Pro.12.8	7	H937	shall be despised.	
Pro.12.9	1	H7034	He that is despised	[H8737]
Pro.12.9	2	H5650	, and hath a servant	
Pro.12.9	3	H2896	, is better	
Pro.12.9	4	H3513	than he that honoureth	[H8693]
Pro.12.9	5	H2638	himself, and lacketh	
Pro.12.9	6	H3899	bread.	
Pro.12.10	1	H6662	A righteous	
Pro.12.10	2	H3045	man regardeth	[H8802]
Pro.12.10	3	H5315	the life	
Pro.12.10	4	H929	of his beast	
Pro.12.10	5	H7356	: but the tender mercies	
Pro.12.10	6	H7563	of the wicked	
Pro.12.10	7	H394	are cruel.	
Pro.12.11	1	H5647	He that tilleth	[H8802]
Pro.12.11	2	H127	his land	
Pro.12.11	3	H7646	shall be satisfied	[H8799]
Pro.12.11	4	H3899	with bread	
Pro.12.11	5	H7291	: but he that followeth	[H8764]
Pro.12.11	6	H7386	vain	
Pro.12.11	7	H2638	persons is void	
Pro.12.11	8	H3820	of understanding.	
Pro.12.12	1	H7563	The wicked	
Pro.12.12	2	H2530	desireth	[H8804]
Pro.12.12	3	H4685	the net	
Pro.12.12	4	H7451	of evil	
Pro.12.12	5	H8328	men : but the root	
Pro.12.12	6	H6662	of the righteous	
Pro.12.12	7	H5414	yieldeth	[H8799]
Pro.12.13	1	H7451	The wicked	
Pro.12.13	2	H4170	is snared	
Pro.12.13	3	H6588	by the transgression	
Pro.12.13	4	H8193	of his lips	
Pro.12.13	5	H6662	: but the just	
Pro.12.13	6	H3318	shall come out	[H8799]
Pro.12.13	7	H6869	of trouble.	
Pro.12.14	1	H376	A man	
Pro.12.14	2	H7646	shall be satisfied	[H8799]
Pro.12.14	3	H2896	with good	
Pro.12.14	4	H6529	by the fruit	
Pro.12.14	5	H6310	of his mouth	
Pro.12.14	6	H1576	: and the recompence	
Pro.12.14	7	H120	of a man's	
Pro.12.14	8	H3027	hands	
Pro.12.14	9	H7725	shall be rendered	[H8686] [H8675]
Pro.12.14	10	H7725		[H8799]
Pro.12.15	1	H1870	The way	
Pro.12.15	2	H191	of a fool	
Pro.12.15	3	H3477	is right	
Pro.12.15	4	H5869	in his own eyes	
Pro.12.15	5	H8085	: but he that hearkeneth	[H8802]
Pro.12.15	6	H6098	unto counsel	
Pro.12.15	7	H2450	is wise.	
Pro.12.16	1	H191	A fool's	
Pro.12.16	2	H3708	wrath	
Pro.12.16	3	H3117	is presently	
Pro.12.16	4	H3045	known	[H8735]
Pro.12.16	5	H6175	: but a prudent	
Pro.12.16	6	H3680	man covereth	[H8802]
Pro.12.16	7	H7036	shame.	
Pro.12.17	1	H6315	He that speaketh	[H8686]
Pro.12.17	2	H530	truth	
Pro.12.17	3	H5046	sheweth forth	[H8686]
Pro.12.17	4	H6664	righteousness	
Pro.12.17	5	H8267	: but a false	
Pro.12.17	6	H5707	witness	
Pro.12.17	7	H4820	deceit.	
Pro.12.18	1	H3426	There is	
Pro.12.18	2	H981	that speaketh	[H8802]
Pro.12.18	3	H4094	like the piercings	
Pro.12.18	4	H2719	of a sword	
Pro.12.18	5	H3956	: but the tongue	
Pro.12.18	6	H2450	of the wise	
Pro.12.18	7	H4832	is health.	
Pro.12.19	1	H8193	The lip	
Pro.12.19	2	H571	of truth	
Pro.12.19	3	H3559	shall be established	[H8735]
Pro.12.19	4	H5703	for ever	
Pro.12.19	5	H8267	: but a lying	
Pro.12.19	6	H3956	tongue	
Pro.12.19	7	H7280	is but for a moment	[H8686]
Pro.12.20	1	H4820	Deceit	
Pro.12.20	2	H3820	is in the heart	
Pro.12.20	3	H2790	of them that imagine	[H8802]
Pro.12.20	4	H7451	evil	
Pro.12.20	5	H3289	: but to the counsellors	[H8802]
Pro.12.20	6	H7965	of peace	
Pro.12.20	7	H8057	is joy.	
Pro.12.21	1	H205	There shall no evil	
Pro.12.21	2	H579	happen	[H8792]
Pro.12.21	3	H6662	to the just	
Pro.12.21	4	H7563	: but the wicked	
Pro.12.21	5	H4390	shall be filled	[H8804]
Pro.12.21	6	H7451	with mischief.	
Pro.12.22	1	H8267	Lying	
Pro.12.22	2	H8193	lips	
Pro.12.22	3	H8441	are abomination	
Pro.12.22	4	H3068	to the LORD	
Pro.12.22	5	H6213	: but they that deal	[H8802]
Pro.12.22	6	H530	truly	
Pro.12.22	7	H7522	are his delight.	
Pro.12.23	1	H6175	A prudent	
Pro.12.23	2	H120	man	
Pro.12.23	3	H3680	concealeth	[H8802]
Pro.12.23	4	H1847	knowledge	
Pro.12.23	5	H3820	: but the heart	
Pro.12.23	6	H3684	of fools	
Pro.12.23	7	H7121	proclaimeth	[H8799]
Pro.12.23	8	H200	foolishness.	
Pro.12.24	1	H3027	The hand	
Pro.12.24	2	H2742	of the diligent	
Pro.12.24	3	H4910	shall bear rule	[H8799]
Pro.12.24	4	H7423	: but the slothful	
Pro.12.24	5	H4522	shall be under tribute.	
Pro.12.25	1	H1674	Heaviness	
Pro.12.25	2	H3820	in the heart	
Pro.12.25	3	H376	of man	
Pro.12.25	4	H7812	maketh it stoop	[H8686]
Pro.12.25	5	H2896	: but a good	
Pro.12.25	6	H1697	word	
Pro.12.25	7	H8055	maketh it glad	[H8762]
Pro.12.26	1	H6662	The righteous	
Pro.12.26	2	H8446	is more excellent	[H8686]
Pro.12.26	3	H7453	than his neighbour	
Pro.12.26	4	H1870	: but the way	
Pro.12.26	5	H7563	of the wicked	
Pro.12.26	6	H8582	seduceth	[H8686]
Pro.12.27	1	H7423	The slothful	
Pro.12.27	2	H2760	man roasteth	[H8799]
Pro.12.27	3	H6718	not that which he took in hunting	
Pro.12.27	4	H1952	: but the substance	
Pro.12.27	5	H2742	of a diligent	
Pro.12.27	6	H120	man	
Pro.12.27	7	H3368	is precious.	
Pro.12.28	1	H734	In the way	
Pro.12.28	2	H6666	of righteousness	
Pro.12.28	3	H2416	is life	
Pro.12.28	4	H5410	; and in the pathway	
Pro.12.28	5	H1870		
Pro.12.28	6	H4194	thereof there is no death.	
Pro.13.1	1	H2450	A wise	
Pro.13.1	2	H1121	son	
Pro.13.1	3	H1	heareth his father's	
Pro.13.1	4	H4148	instruction	
Pro.13.1	5	H3887	: but a scorner	[H8801]
Pro.13.1	6	H8085	heareth	[H8804]
Pro.13.1	7	H1606	not rebuke.	
Pro.13.2	1	H376	A man	
Pro.13.2	2	H398	shall eat	[H8799]
Pro.13.2	3	H2896	good	
Pro.13.2	4	H6529	by the fruit	
Pro.13.2	5	H6310	of his mouth	
Pro.13.2	6	H5315	: but the soul	
Pro.13.2	7	H898	of the transgressors	[H8802]
Pro.13.2	8	H2555	shall eat violence.	
Pro.13.3	1	H5341	He that keepeth	[H8802]
Pro.13.3	2	H6310	his mouth	
Pro.13.3	3	H8104	keepeth	[H8802]
Pro.13.3	4	H5315	his life	
Pro.13.3	5	H6589	: but he that openeth wide	[H8802]
Pro.13.3	6	H8193	his lips	
Pro.13.3	7	H4288	shall have destruction.	
Pro.13.4	1	H5315	The soul	
Pro.13.4	2	H6102	of the sluggard	
Pro.13.4	3	H183	desireth	[H8693]
Pro.13.4	4	H5315	, and hath nothing: but the soul	
Pro.13.4	5	H2742	of the diligent	
Pro.13.4	6	H1878	shall be made fat	[H8792]
Pro.13.5	1	H6662	A righteous	
Pro.13.5	2	H8130	man hateth	[H8799]
Pro.13.5	3	H1697	lying	
Pro.13.5	4	H8267		
Pro.13.5	5	H7563	: but a wicked	
Pro.13.5	6	H887	man is loathsome	[H8686]
Pro.13.5	7	H2659	, and cometh to shame	[H8686]
Pro.13.6	1	H6666	Righteousness	
Pro.13.6	2	H5341	keepeth	[H8799]
Pro.13.6	3	H8537	him that is upright	
Pro.13.6	4	H1870	in the way	
Pro.13.6	5	H7564	: but wickedness	
Pro.13.6	6	H5557	overthroweth	[H8762]
Pro.13.6	7	H2403	the sinner.	
Pro.13.7	1	H3426	There is	
Pro.13.7	2	H6238	that maketh himself rich	[H8693]
Pro.13.7	3	H7326	, yet hath nothing: there is that maketh himself poor	[H8711]
Pro.13.7	4	H3605	, yet	
Pro.13.7	5	H7227	hath great	
Pro.13.7	6	H1952	riches.	
Pro.13.8	1	H3724	The ransom	
Pro.13.8	2	H376	of a man's	
Pro.13.8	3	H5315	life	
Pro.13.8	4	H6239	are his riches	
Pro.13.8	5	H7326	: but the poor	[H8802]
Pro.13.8	6	H8085	heareth	[H8804]
Pro.13.8	7	H1606	not rebuke.	
Pro.13.9	1	H216	The light	
Pro.13.9	2	H6662	of the righteous	
Pro.13.9	3	H8055	rejoiceth	[H8799]
Pro.13.9	4	H5216	: but the lamp	
Pro.13.9	5	H7563	of the wicked	
Pro.13.9	6	H1846	shall be put out	[H8799]
Pro.13.10	1	H2087	Only by pride	
Pro.13.10	2	H5414	cometh	[H8799]
Pro.13.10	3	H4683	contention	
Pro.13.10	4	H3289	: but with the well advised	[H8737]
Pro.13.10	5	H2451	is wisdom.	
Pro.13.11	1	H1952	Wealth	
Pro.13.11	2	H1892	gotten by vanity	
Pro.13.11	3	H4591	shall be diminished	[H8799]
Pro.13.11	4	H6908	: but he that gathereth	[H8802]
Pro.13.11	5	H3027	by labour	
Pro.13.11	6	H7235	shall increase	[H8686]
Pro.13.12	1	H8431	Hope	
Pro.13.12	2	H4900	deferred	[H8794]
Pro.13.12	3	H3820	maketh the heart	
Pro.13.12	4	H2470	sick	[H8688]
Pro.13.12	5	H8378	: but when the desire	
Pro.13.12	6	H935	cometh	[H8802]
Pro.13.12	7	H6086	, it is a tree	
Pro.13.12	8	H2416	of life.	
Pro.13.13	1	H936	Whoso despiseth	[H8802]
Pro.13.13	2	H1697	the word	
Pro.13.13	3	H2254	shall be destroyed	[H8735]
Pro.13.13	4	H3373	: but he that feareth	
Pro.13.13	5	H4687	the commandment	
Pro.13.13	6	H7999	shall be rewarded	[H8792]
Pro.13.14	1	H8451	The law	
Pro.13.14	2	H2450	of the wise	
Pro.13.14	3	H4726	is a fountain	
Pro.13.14	4	H2416	of life	
Pro.13.14	5	H5493	, to depart	[H8800]
Pro.13.14	6	H4170	from the snares	
Pro.13.14	7	H4194	of death.	
Pro.13.15	1	H2896	Good	
Pro.13.15	2	H7922	understanding	
Pro.13.15	3	H5414	giveth	[H8799]
Pro.13.15	4	H2580	favour	
Pro.13.15	5	H1870	: but the way	
Pro.13.15	6	H898	of transgressors	[H8802]
Pro.13.15	7	H386	is hard.	
Pro.13.16	1	H6175	Every prudent	
Pro.13.16	2	H6213	man dealeth	[H8799]
Pro.13.16	3	H1847	with knowledge	
Pro.13.16	4	H3684	: but a fool	
Pro.13.16	5	H6566	layeth open	[H8799]
Pro.13.16	6	H200	his folly.	
Pro.13.17	1	H7563	A wicked	
Pro.13.17	2	H4397	messenger	
Pro.13.17	3	H5307	falleth	[H8799]
Pro.13.17	4	H7451	into mischief	
Pro.13.17	5	H529	: but a faithful	
Pro.13.17	6	H6735	ambassador	
Pro.13.17	7	H4832	is health.	
Pro.13.18	1	H7389	Poverty	
Pro.13.18	2	H7036	and shame	
Pro.13.18	3	H6544	shall be to him that refuseth	[H8802]
Pro.13.18	4	H4148	instruction	
Pro.13.18	5	H8104	: but he that regardeth	[H8802]
Pro.13.18	6	H8433	reproof	
Pro.13.18	7	H3513	shall be honoured	[H8792]
Pro.13.19	1	H8378	The desire	
Pro.13.19	2	H1961	accomplished	[H8738]
Pro.13.19	3	H6149	is sweet	[H8799]
Pro.13.19	4	H5315	to the soul	
Pro.13.19	5	H8441	: but it is abomination	
Pro.13.19	6	H3684	to fools	
Pro.13.19	7	H5493	to depart	[H8800]
Pro.13.19	8	H7451	from evil.	
Pro.13.20	1	H1980	He that walketh	[H8802]
Pro.13.20	2	H2450	with wise	
Pro.13.20	3	H2449	men shall be wise	[H8799]
Pro.13.20	4	H7462	: but a companion	[H8802]
Pro.13.20	5	H3684	of fools	
Pro.13.20	6	H7321	shall be destroyed	[H8735]
Pro.13.21	1	H7451	Evil	
Pro.13.21	2	H7291	pursueth	[H8762]
Pro.13.21	3	H2400	sinners	
Pro.13.21	4	H6662	: but to the righteous	
Pro.13.21	5	H2896	good	
Pro.13.21	6	H7999	shall be repayed	[H8762]
Pro.13.22	1	H2896	A good	
Pro.13.22	2	H5157	man leaveth an inheritance	[H8686]
Pro.13.22	3	H1121	to his children's	
Pro.13.22	4	H1121	children	
Pro.13.22	5	H2428	: and the wealth	
Pro.13.22	6	H2398	of the sinner	[H8802]
Pro.13.22	7	H6845	is laid up	[H8803]
Pro.13.22	8	H6662	for the just.	
Pro.13.23	1	H7230	Much	
Pro.13.23	2	H400	food	
Pro.13.23	3	H5215	is in the tillage	
Pro.13.23	4	H7218	of the poor	[H8676]
Pro.13.23	5	H7326		[H8802]
Pro.13.23	6	H3426	: but there is	
Pro.13.23	7	H5595	that is destroyed	[H8737]
Pro.13.23	8	H3808	for want	
Pro.13.23	9	H4941	of judgment.	
Pro.13.24	1	H2820	He that spareth	[H8802]
Pro.13.24	2	H7626	his rod	
Pro.13.24	3	H8130	hateth	[H8802]
Pro.13.24	4	H1121	his son	
Pro.13.24	5	H157	: but he that loveth	[H8802]
Pro.13.24	6	H4148	him chasteneth	
Pro.13.24	7	H7836	him betimes	[H8765]
Pro.13.25	1	H6662	The righteous	
Pro.13.25	2	H398	eateth	[H8802]
Pro.13.25	3	H7648	to the satisfying	
Pro.13.25	4	H5315	of his soul	
Pro.13.25	5	H990	: but the belly	
Pro.13.25	6	H7563	of the wicked	
Pro.13.25	7	H2637	shall want	[H8799]
Pro.14.1	1	H2454	Every wise	
Pro.14.1	2	H802	woman	
Pro.14.1	3	H1129	buildeth	[H8804]
Pro.14.1	4	H1004	her house	
Pro.14.1	5	H200	: but the foolish	
Pro.14.1	6	H2040	plucketh it down	[H8799]
Pro.14.1	7	H3027	with her hands.	
Pro.14.2	1	H1980	He that walketh	[H8802]
Pro.14.2	2	H3476	in his uprightness	
Pro.14.2	3	H3373	feareth	
Pro.14.2	4	H3068	the LORD	
Pro.14.2	5	H3868	: but he that is perverse	[H8737]
Pro.14.2	6	H1870	in his ways	
Pro.14.2	7	H959	despiseth	[H8802]
Pro.14.3	1	H6310	In the mouth	
Pro.14.3	2	H191	of the foolish	
Pro.14.3	3	H2415	is a rod	
Pro.14.3	4	H1346	of pride	
Pro.14.3	5	H8193	: but the lips	
Pro.14.3	6	H2450	of the wise	
Pro.14.3	7	H8104	shall preserve	[H8799]
Pro.14.4	1	H504	Where no oxen	
Pro.14.4	2	H18	are, the crib	
Pro.14.4	3	H1249	is clean	
Pro.14.4	4	H7230	: but much	
Pro.14.4	5	H8393	increase	
Pro.14.4	6	H3581	is by the strength	
Pro.14.4	7	H7794	of the ox.	
Pro.14.5	1	H529	A faithful	
Pro.14.5	2	H5707	witness	
Pro.14.5	3	H3577	will not lie	
Pro.14.5	4	H8267	: but a false	
Pro.14.5	5	H5707	witness	
Pro.14.5	6	H6315	will utter	[H8686]
Pro.14.5	7	H3576	lies	[H8762]
Pro.14.6	1	H3887	A scorner	[H8801]
Pro.14.6	2	H1245	seeketh	[H8765]
Pro.14.6	3	H2451	wisdom	
Pro.14.6	4	H1847	, and findeth it not: but knowledge	
Pro.14.6	5	H7043	is easy	[H8738]
Pro.14.6	6	H995	unto him that understandeth	[H8737]
Pro.14.7	1	H3212	Go	[H8798]
Pro.14.7	2	H5048	from the presence	
Pro.14.7	3	H3684	of a foolish	
Pro.14.7	4	H376	man	
Pro.14.7	5	H3045	, when thou perceivest	[H8804]
Pro.14.7	6	H8193	not in him the lips	
Pro.14.7	7	H1847	of knowledge.	
Pro.14.8	1	H2451	The wisdom	
Pro.14.8	2	H6175	of the prudent	
Pro.14.8	3	H995	is to understand	[H8687]
Pro.14.8	4	H1870	his way	
Pro.14.8	5	H200	: but the folly	
Pro.14.8	6	H3684	of fools	
Pro.14.8	7	H4820	is deceit.	
Pro.14.9	1	H191	Fools	
Pro.14.9	2	H3887	make a mock	[H8686]
Pro.14.9	3	H817	at sin	
Pro.14.9	4	H3477	: but among the righteous	
Pro.14.9	5	H7522	there is favour.	
Pro.14.10	1	H3820	The heart	
Pro.14.10	2	H3045	knoweth	[H8802]
Pro.14.10	3	H5315	his own	
Pro.14.10	4	H4787	bitterness	
Pro.14.10	5	H2114	; and a stranger	[H8801]
Pro.14.10	6	H6148	doth not intermeddle	[H8691]
Pro.14.10	7	H8057	with his joy.	
Pro.14.11	1	H1004	The house	
Pro.14.11	2	H7563	of the wicked	
Pro.14.11	3	H8045	shall be overthrown	[H8735]
Pro.14.11	4	H168	: but the tabernacle	
Pro.14.11	5	H3477	of the upright	
Pro.14.11	6	H6524	shall flourish	[H8686]
Pro.14.12	1	H3426	There is	
Pro.14.12	2	H1870	a way	
Pro.14.12	3	H3477	which seemeth right	
Pro.14.12	4	H6440	unto	
Pro.14.12	5	H376	a man	
Pro.14.12	6	H319	, but the end	
Pro.14.12	7	H1870	thereof are the ways	
Pro.14.12	8	H4194	of death.	
Pro.14.13	1	H7814	Even in laughter	
Pro.14.13	2	H3820	the heart	
Pro.14.13	3	H3510	is sorrowful	[H8799]
Pro.14.13	4	H319	; and the end	
Pro.14.13	5	H8057	of that mirth	
Pro.14.13	6	H8424	is heaviness.	
Pro.14.14	1	H5472	The backslider	[H8803]
Pro.14.14	2	H3820	in heart	
Pro.14.14	3	H7646	shall be filled	[H8799]
Pro.14.14	4	H1870	with his own ways	
Pro.14.14	5	H2896	: and a good	
Pro.14.14	6	H376	man shall be satisfied from himself.	
Pro.14.15	1	H6612	The simple	
Pro.14.15	2	H539	believeth	[H8686]
Pro.14.15	3	H1697	every word	
Pro.14.15	4	H6175	: but the prudent	
Pro.14.15	5	H995	man looketh well	[H8799]
Pro.14.15	6	H838	to his going.	
Pro.14.16	1	H2450	A wise	
Pro.14.16	2	H3373	man feareth	
Pro.14.16	3	H5493	, and departeth	[H8802]
Pro.14.16	4	H7451	from evil	
Pro.14.16	5	H3684	: but the fool	
Pro.14.16	6	H5674	rageth	[H8693]
Pro.14.16	7	H982	, and is confident	[H8802]
Pro.14.17	1	H7116	He that is soon	
Pro.14.17	2	H639	angry	
Pro.14.17	3	H6213	dealeth	[H8799]
Pro.14.17	4	H200	foolishly	
Pro.14.17	5	H376	: and a man	
Pro.14.17	6	H4209	of wicked devices	
Pro.14.17	7	H8130	is hated	[H8735]
Pro.14.18	1	H6612	The simple	
Pro.14.18	2	H5157	inherit	[H8804]
Pro.14.18	3	H200	folly	
Pro.14.18	4	H6175	: but the prudent	
Pro.14.18	5	H3803	are crowned	[H8686]
Pro.14.18	6	H1847	with knowledge.	
Pro.14.19	1	H7451	The evil	
Pro.14.19	2	H7817	bow	[H8804]
Pro.14.19	3	H6440	before	
Pro.14.19	4	H2896	the good	
Pro.14.19	5	H7563	; and the wicked	
Pro.14.19	6	H8179	at the gates	
Pro.14.19	7	H6662	of the righteous.	
Pro.14.20	1	H7326	The poor	[H8802]
Pro.14.20	2	H8130	is hated	[H8735]
Pro.14.20	3	H7453	even of his own neighbour	
Pro.14.20	4	H6223	: but the rich	
Pro.14.20	5	H7227	hath many	
Pro.14.20	6	H157	friends	[H8802]
Pro.14.21	1	H936	He that despiseth	[H8802]
Pro.14.21	2	H7453	his neighbour	
Pro.14.21	3	H2398	sinneth	[H8802]
Pro.14.21	4	H2603	: but he that hath mercy	[H8781]
Pro.14.21	5	H6035	on the poor	[H8675]
Pro.14.21	6	H6041		
Pro.14.21	7	H835	, happy is he.	
Pro.14.22	1	H8582	Do they not err	[H8799]
Pro.14.22	2	H2790	that devise	[H8802]
Pro.14.22	3	H7451	evil	
Pro.14.22	4	H2617	? but mercy	
Pro.14.22	5	H571	and truth	
Pro.14.22	6	H2790	shall be to them that devise	[H8802]
Pro.14.22	7	H2896	good.	
Pro.14.23	1	H6089	In all labour	
Pro.14.23	2	H4195	there is profit	
Pro.14.23	3	H1697	: but the talk	
Pro.14.23	4	H8193	of the lips	
Pro.14.23	5	H4270	tendeth only to penury.	
Pro.14.24	1	H5850	The crown	
Pro.14.24	2	H2450	of the wise	
Pro.14.24	3	H6239	is their riches	
Pro.14.24	4	H200	: but the foolishness	
Pro.14.24	5	H3684	of fools	
Pro.14.24	6	H200	is folly.	
Pro.14.25	1	H571	A true	
Pro.14.25	2	H5707	witness	
Pro.14.25	3	H5337	delivereth	[H8688]
Pro.14.25	4	H5315	souls	
Pro.14.25	5	H4820	: but a deceitful	
Pro.14.25	6	H6315	witness speaketh	[H8686]
Pro.14.25	7	H3577	lies.	
Pro.14.26	1	H3374	In the fear	
Pro.14.26	2	H3068	of the LORD	
Pro.14.26	3	H5797	is strong	
Pro.14.26	4	H4009	confidence	
Pro.14.26	5	H1121	: and his children	
Pro.14.26	6	H4268	shall have a place of refuge.	
Pro.14.27	1	H3374	The fear	
Pro.14.27	2	H3068	of the LORD	
Pro.14.27	3	H4726	is a fountain	
Pro.14.27	4	H2416	of life	
Pro.14.27	5	H5493	, to depart	[H8800]
Pro.14.27	6	H4170	from the snares	
Pro.14.27	7	H4194	of death.	
Pro.14.28	1	H7230	In the multitude	
Pro.14.28	2	H5971	of people	
Pro.14.28	3	H4428	is the king's	
Pro.14.28	4	H1927	honour	
Pro.14.28	5	H657	: but in the want	
Pro.14.28	6	H3816	of people	
Pro.14.28	7	H4288	is the destruction	
Pro.14.28	8	H7333	of the prince.	
Pro.14.29	1	H750	He that is slow	
Pro.14.29	2	H639	to wrath	
Pro.14.29	3	H7227	is of great	
Pro.14.29	4	H8394	understanding	
Pro.14.29	5	H7116	: but he that is hasty	
Pro.14.29	6	H7307	of spirit	
Pro.14.29	7	H7311	exalteth	[H8688]
Pro.14.29	8	H200	folly.	
Pro.14.30	1	H4832	A sound	
Pro.14.30	2	H3820	heart	
Pro.14.30	3	H2416	is the life	
Pro.14.30	4	H1320	of the flesh	
Pro.14.30	5	H7068	: but envy	
Pro.14.30	6	H7538	the rottenness	
Pro.14.30	7	H6106	of the bones.	
Pro.14.31	1	H6231	He that oppresseth	[H8802]
Pro.14.31	2	H1800	the poor	
Pro.14.31	3	H2778	reproacheth	[H8765]
Pro.14.31	4	H6213	his Maker	[H8802]
Pro.14.31	5	H3513	: but he that honoureth	[H8764]
Pro.14.31	6	H2603	him hath mercy	[H8802]
Pro.14.31	7	H34	on the poor.	
Pro.14.32	1	H7563	The wicked	
Pro.14.32	2	H1760	is driven away	[H8735]
Pro.14.32	3	H7451	in his wickedness	
Pro.14.32	4	H6662	: but the righteous	
Pro.14.32	5	H2620	hath hope	[H8802]
Pro.14.32	6	H4194	in his death.	
Pro.14.33	1	H2451	Wisdom	
Pro.14.33	2	H5117	resteth	[H8799]
Pro.14.33	3	H3820	in the heart	
Pro.14.33	4	H995	of him that hath understanding	[H8737]
Pro.14.33	5	H7130	: but that which is in the midst	
Pro.14.33	6	H3684	of fools	
Pro.14.33	7	H3045	is made known	[H8735]
Pro.14.34	1	H6666	Righteousness	
Pro.14.34	2	H7311	exalteth	[H8787]
Pro.14.34	3	H1471	a nation	
Pro.14.34	4	H2403	: but sin	
Pro.14.34	5	H2617	is a reproach	
Pro.14.34	6	H3816	to any people.	
Pro.14.35	1	H4428	The king's	
Pro.14.35	2	H7522	favour	
Pro.14.35	3	H7919	is toward a wise	[H8688]
Pro.14.35	4	H5650	servant	
Pro.14.35	5	H5678	: but his wrath	
Pro.14.35	6	H954	is against him that causeth shame	[H8688]
Pro.15.1	1	H7390	A soft	
Pro.15.1	2	H4617	answer	
Pro.15.1	3	H7725	turneth	[H8686]
Pro.15.1	4	H2534	away wrath	
Pro.15.1	5	H6089	: but grievous	
Pro.15.1	6	H1697	words	
Pro.15.1	7	H5927	stir up	[H8686]
Pro.15.1	8	H639	anger.	
Pro.15.2	1	H3956	The tongue	
Pro.15.2	2	H2450	of the wise	
Pro.15.2	3	H1847	useth knowledge	
Pro.15.2	4	H3190	aright	[H8686]
Pro.15.2	5	H6310	: but the mouth	
Pro.15.2	6	H3684	of fools	
Pro.15.2	7	H5042	poureth out	[H8686]
Pro.15.2	8	H200	foolishness.	
Pro.15.3	1	H5869	The eyes	
Pro.15.3	2	H3068	of the LORD	
Pro.15.3	3	H4725	are in every place	
Pro.15.3	4	H6822	, beholding	[H8802]
Pro.15.3	5	H7451	the evil	
Pro.15.3	6	H2896	and the good.	
Pro.15.4	1	H4832	A wholesome	
Pro.15.4	2	H3956	tongue	
Pro.15.4	3	H6086	is a tree	
Pro.15.4	4	H2416	of life	
Pro.15.4	5	H5558	: but perverseness	
Pro.15.4	6	H7667	therein is a breach	
Pro.15.4	7	H7307	in the spirit.	
Pro.15.5	1	H191	A fool	
Pro.15.5	2	H5006	despiseth	[H8799]
Pro.15.5	3	H1	his father's	
Pro.15.5	4	H4148	instruction	
Pro.15.5	5	H8104	: but he that regardeth	[H8802]
Pro.15.5	6	H8433	reproof	
Pro.15.5	7	H6191	is prudent	[H8686]
Pro.15.6	1	H1004	In the house	
Pro.15.6	2	H6662	of the righteous	
Pro.15.6	3	H7227	is much	
Pro.15.6	4	H2633	treasure	
Pro.15.6	5	H8393	: but in the revenues	
Pro.15.6	6	H7563	of the wicked	
Pro.15.6	7	H5916	is trouble	[H8737]
Pro.15.7	1	H8193	The lips	
Pro.15.7	2	H2450	of the wise	
Pro.15.7	3	H2219	disperse	[H8762]
Pro.15.7	4	H1847	knowledge	
Pro.15.7	5	H3820	: but the heart	
Pro.15.7	6	H3684	of the foolish doeth not so.	
Pro.15.8	1	H2077	The sacrifice	
Pro.15.8	2	H7563	of the wicked	
Pro.15.8	3	H8441	is an abomination	
Pro.15.8	4	H3068	to the LORD	
Pro.15.8	5	H8605	: but the prayer	
Pro.15.8	6	H3477	of the upright	
Pro.15.8	7	H7522	is his delight.	
Pro.15.9	1	H1870	The way	
Pro.15.9	2	H7563	of the wicked	
Pro.15.9	3	H8441	is an abomination	
Pro.15.9	4	H3068	unto the LORD	
Pro.15.9	5	H157	: but he loveth	[H8799]
Pro.15.9	6	H7291	him that followeth	[H8764]
Pro.15.9	7	H6666	after righteousness.	
Pro.15.10	1	H4148	Correction	
Pro.15.10	2	H7451	is grievous	
Pro.15.10	3	H5800	unto him that forsaketh	[H8802]
Pro.15.10	4	H734	the way	
Pro.15.10	5	H8130	: and he that hateth	[H8802]
Pro.15.10	6	H8433	reproof	
Pro.15.10	7	H4191	shall die	[H8799]
Pro.15.11	1	H7585	Hell	
Pro.15.11	2	H11	and destruction	
Pro.15.11	3	H3068	are before the LORD	
Pro.15.11	4	H3826	: how much more then the hearts	
Pro.15.11	5	H1121	of the children	
Pro.15.11	6	H120	of men?	
Pro.15.12	1	H3887	A scorner	[H8801]
Pro.15.12	2	H157	loveth	[H8799]
Pro.15.12	3	H3198	not one that reproveth	[H8687]
Pro.15.12	4	H3212	him: neither will he go	[H8799]
Pro.15.12	5	H2450	unto the wise.	
Pro.15.13	1	H8056	A merry	
Pro.15.13	2	H3820	heart	
Pro.15.13	3	H3190	maketh a cheerful	[H8686]
Pro.15.13	4	H6440	countenance	
Pro.15.13	5	H6094	: but by sorrow	
Pro.15.13	6	H3820	of the heart	
Pro.15.13	7	H7307	the spirit	
Pro.15.13	8	H5218	is broken.	
Pro.15.14	1	H3820	The heart	
Pro.15.14	2	H995	of him that hath understanding	[H8737]
Pro.15.14	3	H1245	seeketh	[H8762]
Pro.15.14	4	H1847	knowledge	
Pro.15.14	5	H6310	: but the mouth	[H8675]
Pro.15.14	6	H6440		
Pro.15.14	7	H3684	of fools	
Pro.15.14	8	H7462	feedeth	[H8799]
Pro.15.14	9	H200	on foolishness.	
Pro.15.15	1	H3117	All the days	
Pro.15.15	2	H6041	of the afflicted	
Pro.15.15	3	H7451	are evil	
Pro.15.15	4	H2896	: but he that is of a merry	
Pro.15.15	5	H3820	heart	
Pro.15.15	6	H8548	hath a continual	
Pro.15.15	7	H4960	feast.	
Pro.15.16	1	H2896	Better	
Pro.15.16	2	H4592	is little	
Pro.15.16	3	H3374	with the fear	
Pro.15.16	4	H3068	of the LORD	
Pro.15.16	5	H7227	than great	
Pro.15.16	6	H214	treasure	
Pro.15.16	7	H4103	and trouble therewith.	
Pro.15.17	1	H2896	Better	
Pro.15.17	2	H737	is a dinner	
Pro.15.17	3	H3419	of herbs	
Pro.15.17	4	H160	where love	
Pro.15.17	5	H75	is, than a stalled	[H8803]
Pro.15.17	6	H7794	ox	
Pro.15.17	7	H8135	and hatred therewith.	
Pro.15.18	1	H2534	A wrathful	
Pro.15.18	2	H376	man	
Pro.15.18	3	H1624	stirreth up	[H8762]
Pro.15.18	4	H4066	strife	
Pro.15.18	5	H750	: but he that is slow	
Pro.15.18	6	H639	to anger	
Pro.15.18	7	H8252	appeaseth	[H8686]
Pro.15.18	8	H7379	strife.	
Pro.15.19	1	H1870	The way	
Pro.15.19	2	H6102	of the slothful	
Pro.15.19	3	H4881	man is as an hedge	
Pro.15.19	4	H2312	of thorns	
Pro.15.19	5	H734	: but the way	
Pro.15.19	6	H3477	of the righteous	
Pro.15.19	7	H5549	is made plain	[H8803]
Pro.15.20	1	H2450	A wise	
Pro.15.20	2	H1121	son	
Pro.15.20	3	H8055	maketh a glad	[H8762]
Pro.15.20	4	H1	father	
Pro.15.20	5	H3684	: but a foolish	
Pro.15.20	6	H120	man	
Pro.15.20	7	H959	despiseth	[H8802]
Pro.15.20	8	H517	his mother.	
Pro.15.21	1	H200	Folly	
Pro.15.21	2	H8057	is joy	
Pro.15.21	3	H2638	to him that is destitute	
Pro.15.21	4	H3820	of wisdom	
Pro.15.21	5	H376	: but a man	
Pro.15.21	6	H8394	of understanding	
Pro.15.21	7	H3212	walketh	[H8800]
Pro.15.21	8	H3474	uprightly	[H8762]
Pro.15.22	1	H5475	Without counsel	
Pro.15.22	2	H4284	purposes	
Pro.15.22	3	H6565	are disappointed	[H8687]
Pro.15.22	4	H7230	: but in the multitude	
Pro.15.22	5	H3289	of counsellors	[H8802]
Pro.15.22	6	H6965	they are established	[H8799]
Pro.15.23	1	H376	A man	
Pro.15.23	2	H8057	hath joy	
Pro.15.23	3	H4617	by the answer	
Pro.15.23	4	H6310	of his mouth	
Pro.15.23	5	H1697	: and a word	
Pro.15.23	6	H6256	spoken in due season	
Pro.15.23	7	H2896	, how good is it!	
Pro.15.24	1	H734	The way	
Pro.15.24	2	H2416	of life	
Pro.15.24	3	H4605	is above	
Pro.15.24	4	H7919	to the wise	[H8688]
Pro.15.24	5	H5493	, that he may depart	[H8800]
Pro.15.24	6	H7585	from hell	
Pro.15.24	7	H4295	beneath.	
Pro.15.25	1	H3068	The LORD	
Pro.15.25	2	H5255	will destroy	[H8799]
Pro.15.25	3	H1004	the house	
Pro.15.25	4	H1343	of the proud	
Pro.15.25	5	H5324	: but he will establish	[H8686]
Pro.15.25	6	H1366	the border	
Pro.15.25	7	H490	of the widow.	
Pro.15.26	1	H4284	The thoughts	
Pro.15.26	2	H7451	of the wicked	
Pro.15.26	3	H8441	are an abomination	
Pro.15.26	4	H3068	to the LORD	
Pro.15.26	5	H2889	: but the words of the pure	
Pro.15.26	6	H5278	are pleasant	
Pro.15.26	7	H561	words.	
Pro.15.27	1	H1214	He that is greedy	[H8802]
Pro.15.27	2	H1215	of gain	
Pro.15.27	3	H5916	troubleth	[H8802]
Pro.15.27	4	H1004	his own house	
Pro.15.27	5	H8130	; but he that hateth	[H8802]
Pro.15.27	6	H4979	gifts	
Pro.15.27	7	H2421	shall live	[H8799]
Pro.15.28	1	H3820	The heart	
Pro.15.28	2	H6662	of the righteous	
Pro.15.28	3	H1897	studieth	[H8799]
Pro.15.28	4	H6030	to answer	[H8800]
Pro.15.28	5	H6310	: but the mouth	
Pro.15.28	6	H7563	of the wicked	
Pro.15.28	7	H5042	poureth	[H8686]
Pro.15.28	8	H7451	out evil things.	
Pro.15.29	1	H3068	The LORD	
Pro.15.29	2	H7350	is far	
Pro.15.29	3	H7563	from the wicked	
Pro.15.29	4	H8085	: but he heareth	[H8799]
Pro.15.29	5	H8605	the prayer	
Pro.15.29	6	H6662	of the righteous.	
Pro.15.30	1	H3974	The light	
Pro.15.30	2	H5869	of the eyes	
Pro.15.30	3	H8055	rejoiceth	[H8762]
Pro.15.30	4	H3820	the heart	
Pro.15.30	5	H2896	: and a good	
Pro.15.30	6	H8052	report	
Pro.15.30	7	H1878	maketh	
Pro.15.30	8	H6106	the bones	
Pro.15.30	9	H1878	fat	[H8762]
Pro.15.31	1	H241	The ear	
Pro.15.31	2	H8085	that heareth	[H8802]
Pro.15.31	3	H8433	the reproof	
Pro.15.31	4	H2416	of life	
Pro.15.31	5	H3885	abideth	[H8799]
Pro.15.31	6	H7130	among	
Pro.15.31	7	H2450	the wise.	
Pro.15.32	1	H6544	He that refuseth	[H8802]
Pro.15.32	2	H4148	instruction	
Pro.15.32	3	H3988	despiseth	[H8802]
Pro.15.32	4	H5315	his own soul	
Pro.15.32	5	H8085	: but he that heareth	[H8802]
Pro.15.32	6	H8433	reproof	
Pro.15.32	7	H7069	getteth	[H8802]
Pro.15.32	8	H3820	understanding.	
Pro.15.33	1	H3374	The fear	
Pro.15.33	2	H3068	of the LORD	
Pro.15.33	3	H4148	is the instruction	
Pro.15.33	4	H2451	of wisdom	
Pro.15.33	5	H6440	; and before	
Pro.15.33	6	H3519	honour	
Pro.15.33	7	H6038	is humility.	
Pro.16.1	1	H4633	The preparations	
Pro.16.1	2	H3820	of the heart	
Pro.16.1	3	H120	in man	
Pro.16.1	4	H4617	, and the answer	
Pro.16.1	5	H3956	of the tongue	
Pro.16.1	6	H3068	, is from the LORD.	
Pro.16.2	1	H1870	All the ways	
Pro.16.2	2	H376	of a man	
Pro.16.2	3	H2134	are clean	
Pro.16.2	4	H5869	in his own eyes	
Pro.16.2	5	H3068	; but the LORD	
Pro.16.2	6	H8505	weigheth	[H8802]
Pro.16.2	7	H7307	the spirits.	
Pro.16.3	1	H1556	Commit	[H8798]
Pro.16.3	2	H4639	thy works	
Pro.16.3	3	H3068	unto the LORD	
Pro.16.3	4	H4284	, and thy thoughts	
Pro.16.3	5	H3559	shall be established	[H8735]
Pro.16.4	1	H3068	The LORD	
Pro.16.4	2	H6466	hath made	[H8804]
Pro.16.4	3	H4617	all things for himself	
Pro.16.4	4	H7563	: yea, even the wicked	
Pro.16.4	5	H3117	for the day	
Pro.16.4	6	H7451	of evil.	
Pro.16.5	1	H1362	Every one that is proud	
Pro.16.5	2	H3820	in heart	
Pro.16.5	3	H8441	is an abomination	
Pro.16.5	4	H3068	to the LORD	
Pro.16.5	5	H3027	: though hand	
Pro.16.5	6	H3027	join in hand	
Pro.16.5	7	H5352	, he shall not be unpunished	[H8735]
Pro.16.6	1	H2617	By mercy	
Pro.16.6	2	H571	and truth	
Pro.16.6	3	H5771	iniquity	
Pro.16.6	4	H3722	is purged	[H8792]
Pro.16.6	5	H3374	: and by the fear	
Pro.16.6	6	H3068	of the LORD	
Pro.16.6	7	H5493	men depart	[H8800]
Pro.16.6	8	H7451	from evil.	
Pro.16.7	1	H376	When a man's	
Pro.16.7	2	H1870	ways	
Pro.16.7	3	H7521	please	[H8800]
Pro.16.7	4	H3068	the LORD	
Pro.16.7	5	H341	, he maketh even his enemies	[H8802]
Pro.16.7	6	H7999	to be at peace	[H8686]
Pro.16.8	1	H2896	Better	
Pro.16.8	2	H4592	is a little	
Pro.16.8	3	H6666	with righteousness	
Pro.16.8	4	H7230	than great	
Pro.16.8	5	H8393	revenues	
Pro.16.8	6	H4941	without right.	
Pro.16.9	1	H120	A man's	
Pro.16.9	2	H3820	heart	
Pro.16.9	3	H2803	deviseth	[H8762]
Pro.16.9	4	H1870	his way	
Pro.16.9	5	H3068	: but the LORD	
Pro.16.9	6	H3559	directeth	[H8686]
Pro.16.9	7	H6806	his steps.	
Pro.16.10	1	H7081	A divine sentence	
Pro.16.10	2	H8193	is in the lips	
Pro.16.10	3	H4428	of the king	
Pro.16.10	4	H6310	: his mouth	
Pro.16.10	5	H4603	transgresseth	[H8799]
Pro.16.10	6	H4941	not in judgment.	
Pro.16.11	1	H4941	A just	
Pro.16.11	2	H6425	weight	
Pro.16.11	3	H3976	and balance	
Pro.16.11	4	H3068	are the LORD'S	
Pro.16.11	5	H68	: all the weights	
Pro.16.11	6	H3599	of the bag	
Pro.16.11	7	H4639	are his work.	
Pro.16.12	1	H8441	It is an abomination	
Pro.16.12	2	H4428	to kings	
Pro.16.12	3	H6213	to commit	[H8800]
Pro.16.12	4	H7562	wickedness	
Pro.16.12	5	H3678	: for the throne	
Pro.16.12	6	H3559	is established	[H8735]
Pro.16.12	7	H6666	by righteousness.	
Pro.16.13	1	H6664	Righteous	
Pro.16.13	2	H8193	lips	
Pro.16.13	3	H7522	are the delight	
Pro.16.13	4	H4428	of kings	
Pro.16.13	5	H157	; and they love	[H8799]
Pro.16.13	6	H1696	him that speaketh	[H8802]
Pro.16.13	7	H3477	right.	
Pro.16.14	1	H2534	The wrath	
Pro.16.14	2	H4428	of a king	
Pro.16.14	3	H4397	is as messengers	
Pro.16.14	4	H4194	of death	
Pro.16.14	5	H2450	: but a wise	
Pro.16.14	6	H376	man	
Pro.16.14	7	H3722	will pacify	[H8762]
Pro.16.15	1	H216	In the light	
Pro.16.15	2	H4428	of the king's	
Pro.16.15	3	H6440	countenance	
Pro.16.15	4	H2416	is life	
Pro.16.15	5	H7522	; and his favour	
Pro.16.15	6	H5645	is as a cloud	
Pro.16.15	7	H4456	of the latter rain.	
Pro.16.16	1	H2896	How much better	
Pro.16.16	2	H7069	is it to get	[H8800]
Pro.16.16	3	H2451	wisdom	
Pro.16.16	4	H2742	than gold	
Pro.16.16	5	H7069	! and to get	[H8800]
Pro.16.16	6	H998	understanding	
Pro.16.16	7	H977	rather to be chosen	[H8737]
Pro.16.16	8	H3701	than silver!	
Pro.16.17	1	H4546	The highway	
Pro.16.17	2	H3477	of the upright	
Pro.16.17	3	H5493	is to depart	[H8800]
Pro.16.17	4	H7451	from evil	
Pro.16.17	5	H5341	: he that keepeth	[H8802]
Pro.16.17	6	H1870	his way	
Pro.16.17	7	H8104	preserveth	[H8802]
Pro.16.17	8	H5315	his soul.	
Pro.16.18	1	H1347	Pride	
Pro.16.18	2	H6440	goeth before	
Pro.16.18	3	H7667	destruction	
Pro.16.18	4	H1363	, and an haughty	
Pro.16.18	5	H7307	spirit	
Pro.16.18	6	H6440	before	
Pro.16.18	7	H3783	a fall.	
Pro.16.19	1	H2896	Better	
Pro.16.19	2	H8217	it is to be of an humble	
Pro.16.19	3	H7307	spirit	
Pro.16.19	4	H6035	with the lowly	[H8675]
Pro.16.19	5	H6041		
Pro.16.19	6	H2505	, than to divide	[H8763]
Pro.16.19	7	H7998	the spoil	
Pro.16.19	8	H1343	with the proud.	
Pro.16.20	1	H1697	He that handleth a matter	
Pro.16.20	2	H7919	wisely	[H8688]
Pro.16.20	3	H4672	shall find	[H8799]
Pro.16.20	4	H2896	good	
Pro.16.20	5	H982	: and whoso trusteth	[H8802]
Pro.16.20	6	H3068	in the LORD	
Pro.16.20	7	H835	, happy is he.	
Pro.16.21	1	H2450	The wise	
Pro.16.21	2	H3820	in heart	
Pro.16.21	3	H7121	shall be called	[H8735]
Pro.16.21	4	H995	prudent	[H8737]
Pro.16.21	5	H4986	: and the sweetness	
Pro.16.21	6	H8193	of the lips	
Pro.16.21	7	H3254	increaseth	[H8686]
Pro.16.21	8	H3948	learning.	
Pro.16.22	1	H7922	Understanding	
Pro.16.22	2	H4726	is a wellspring	
Pro.16.22	3	H2416	of life	
Pro.16.22	4	H1167	unto him that hath	
Pro.16.22	5	H4148	it: but the instruction	
Pro.16.22	6	H191	of fools	
Pro.16.22	7	H200	is folly.	
Pro.16.23	1	H3820	The heart	
Pro.16.23	2	H2450	of the wise	
Pro.16.23	3	H7919	teacheth	[H8686]
Pro.16.23	4	H6310	his mouth	
Pro.16.23	5	H3254	, and addeth	[H8686]
Pro.16.23	6	H3948	learning	
Pro.16.23	7	H8193	to his lips.	
Pro.16.24	1	H5278	Pleasant	
Pro.16.24	2	H561	words	
Pro.16.24	3	H6688	are as an honeycomb	
Pro.16.24	4	H1706		
Pro.16.24	5	H4966	, sweet	
Pro.16.24	6	H5315	to the soul	
Pro.16.24	7	H4832	, and health	
Pro.16.24	8	H6106	to the bones.	
Pro.16.25	1	H3426	There is	
Pro.16.25	2	H1870	a way	
Pro.16.25	3	H3477	that seemeth right	
Pro.16.25	4	H6440	unto	
Pro.16.25	5	H376	a man	
Pro.16.25	6	H319	, but the end	
Pro.16.25	7	H1870	thereof are the ways	
Pro.16.25	8	H4194	of death.	
Pro.16.26	1	H5315	He	
Pro.16.26	2	H6001	that laboureth	
Pro.16.26	3	H5998	laboureth	[H8804]
Pro.16.26	4	H6310	for himself; for his mouth	
Pro.16.26	5	H404	craveth	[H8804]
Pro.16.27	1	H1100	An ungodly	
Pro.16.27	2	H376	man	
Pro.16.27	3	H3738	diggeth up	[H8802]
Pro.16.27	4	H7451	evil	
Pro.16.27	5	H8193	: and in his lips	
Pro.16.27	6	H6867	there is as a burning	
Pro.16.27	7	H784	fire.	
Pro.16.28	1	H8419	A froward	
Pro.16.28	2	H376	man	
Pro.16.28	3	H7971	soweth	[H8762]
Pro.16.28	4	H4066	strife	
Pro.16.28	5	H5372	: and a whisperer	
Pro.16.28	6	H6504	separateth	[H8688]
Pro.16.28	7	H441	chief friends.	
Pro.16.29	1	H2555	A violent	
Pro.16.29	2	H376	man	
Pro.16.29	3	H6601	enticeth	[H8762]
Pro.16.29	4	H7453	his neighbour	
Pro.16.29	5	H3212	, and leadeth	[H8689]
Pro.16.29	6	H1870	him into the way	
Pro.16.29	7	H2896	that is not good.	
Pro.16.30	1	H6095	He shutteth	[H8802]
Pro.16.30	2	H5869	his eyes	
Pro.16.30	3	H2803	to devise	[H8800]
Pro.16.30	4	H8419	froward things	
Pro.16.30	5	H7169	: moving	[H8802]
Pro.16.30	6	H8193	his lips	
Pro.16.30	7	H3615	he bringeth	
Pro.16.30	8	H7451	evil	
Pro.16.30	9	H3615	to pass	[H8765]
Pro.16.31	1	H7872	The hoary head	
Pro.16.31	2	H5850	is a crown	
Pro.16.31	3	H8597	of glory	
Pro.16.31	4	H4672	, if it be found	[H8735]
Pro.16.31	5	H1870	in the way	
Pro.16.31	6	H6666	of righteousness.	
Pro.16.32	1	H750	He that is slow	
Pro.16.32	2	H639	to anger	
Pro.16.32	3	H2896	is better	
Pro.16.32	4	H1368	than the mighty	
Pro.16.32	5	H4910	; and he that ruleth	[H8802]
Pro.16.32	6	H7307	his spirit	
Pro.16.32	7	H3920	than he that taketh	[H8802]
Pro.16.32	8	H5892	a city.	
Pro.16.33	1	H1486	The lot	
Pro.16.33	2	H2904	is cast	[H8714]
Pro.16.33	3	H2436	into the lap	
Pro.16.33	4	H4941	; but the whole disposing	
Pro.16.33	5	H3068	thereof is of the LORD.	
Pro.17.1	1	H2896	Better	
Pro.17.1	2	H2720	is a dry	
Pro.17.1	3	H6595	morsel	
Pro.17.1	4	H7962	, and quietness	
Pro.17.1	5	H1004	therewith, than an house	
Pro.17.1	6	H4392	full	
Pro.17.1	7	H2077	of sacrifices	
Pro.17.1	8	H7379	with strife.	
Pro.17.2	1	H7919	A wise	[H8688]
Pro.17.2	2	H5650	servant	
Pro.17.2	3	H4910	shall have rule	[H8799]
Pro.17.2	4	H1121	over a son	
Pro.17.2	5	H954	that causeth shame	[H8688]
Pro.17.2	6	H2505	, and shall have part	[H8799]
Pro.17.2	7	H5159	of the inheritance	
Pro.17.2	8	H8432	among	
Pro.17.2	9	H251	the brethren.	
Pro.17.3	1	H4715	The fining pot	
Pro.17.3	2	H3701	is for silver	
Pro.17.3	3	H3564	, and the furnace	
Pro.17.3	4	H2091	for gold	
Pro.17.3	5	H3068	: but the LORD	
Pro.17.3	6	H974	trieth	[H8802]
Pro.17.3	7	H3826	the hearts.	
Pro.17.4	1	H7489	A wicked doer	[H8688]
Pro.17.4	2	H7181	giveth heed	[H8688]
Pro.17.4	3	H205	to false	
Pro.17.4	4	H8193	lips	
Pro.17.4	5	H8267	; and a liar	
Pro.17.4	6	H238	giveth ear	[H8688]
Pro.17.4	7	H1942	to a naughty	
Pro.17.4	8	H3956	tongue.	
Pro.17.5	1	H3932	Whoso mocketh	[H8802]
Pro.17.5	2	H7326	the poor	[H8802]
Pro.17.5	3	H2778	reproacheth	[H8765]
Pro.17.5	4	H6213	his Maker	[H8802]
Pro.17.5	5	H8056	: and he that is glad	
Pro.17.5	6	H343	at calamities	
Pro.17.5	7	H5352	shall not be unpunished	[H8735]
Pro.17.6	1	H1121	Children's	
Pro.17.6	2	H1121	children	
Pro.17.6	3	H5850	are the crown	
Pro.17.6	4	H2205	of old men	
Pro.17.6	5	H8597	; and the glory	
Pro.17.6	6	H1121	of children	
Pro.17.6	7	H1	are their fathers.	
Pro.17.7	1	H3499	Excellent	
Pro.17.7	2	H8193	speech	
Pro.17.7	3	H5000	becometh	
Pro.17.7	4	H5036	not a fool	
Pro.17.7	5	H8267	: much less do lying	
Pro.17.7	6	H8193	lips	
Pro.17.7	7	H5081	a prince.	
Pro.17.8	1	H7810	A gift	
Pro.17.8	2	H2580	is as a precious	
Pro.17.8	3	H68	stone	
Pro.17.8	4	H5869	in the eyes	
Pro.17.8	5	H1167	of him that hath	
Pro.17.8	6	H6437	it: whithersoever it turneth	[H8799]
Pro.17.8	7	H7919	, it prospereth	[H8686]
Pro.17.9	1	H3680	He that covereth	[H8764]
Pro.17.9	2	H6588	a transgression	
Pro.17.9	3	H1245	seeketh	[H8764]
Pro.17.9	4	H160	love	
Pro.17.9	5	H8138	; but he that repeateth	[H8802]
Pro.17.9	6	H1697	a matter	
Pro.17.9	7	H6504	separateth	[H8688]
Pro.17.9	8	H441	very friends.	
Pro.17.10	1	H1606	A reproof	
Pro.17.10	2	H5181	entereth	[H8799]
Pro.17.10	3	H995	more into a wise man	[H8688]
Pro.17.10	4	H3967	than an hundred	
Pro.17.10	5	H5221	stripes	[H8687]
Pro.17.10	6	H3684	into a fool.	
Pro.17.11	1	H7451	An evil	
Pro.17.11	2	H1245	man seeketh	[H8762]
Pro.17.11	3	H4805	only rebellion	
Pro.17.11	4	H394	: therefore a cruel	
Pro.17.11	5	H4397	messenger	
Pro.17.11	6	H7971	shall be sent	[H8792]
Pro.17.12	1	H1677	Let a bear	
Pro.17.12	2	H7909	robbed	
Pro.17.12	3	H6298	of her whelps meet	[H8800]
Pro.17.12	4	H376	a man	
Pro.17.12	5	H408	, rather than	
Pro.17.12	6	H3684	a fool	
Pro.17.12	7	H200	in his folly.	
Pro.17.13	1	H7725	Whoso rewardeth	[H8688]
Pro.17.13	2	H7451	evil	
Pro.17.13	3	H2896	for good	
Pro.17.13	4	H7451	, evil	
Pro.17.13	5	H4185	shall not depart	[H8799] [H8675]
Pro.17.13	6	H4185		[H8686]
Pro.17.13	7	H1004	from his house.	
Pro.17.14	1	H7225	The beginning	
Pro.17.14	2	H4066	of strife	
Pro.17.14	3	H6362	is as when one letteth out	[H8802]
Pro.17.14	4	H4325	water	
Pro.17.14	5	H5203	: therefore leave off	[H8800]
Pro.17.14	6	H7379	contention	
Pro.17.14	7	H6440	, before	
Pro.17.14	8	H1566	it be meddled	[H8694]
Pro.17.15	1	H6663	He that justifieth	[H8688]
Pro.17.15	2	H7563	the wicked	
Pro.17.15	3	H7561	, and he that condemneth	[H8688]
Pro.17.15	4	H6662	the just	
Pro.17.15	5	H8147	, even they both	
Pro.17.15	6	H8441	are abomination	
Pro.17.15	7	H3068	to the LORD.	
Pro.17.16	1	H4242	Wherefore is there a price	
Pro.17.16	2	H3027	in the hand	
Pro.17.16	3	H3684	of a fool	
Pro.17.16	4	H7069	to get	[H8800]
Pro.17.16	5	H2451	wisdom	
Pro.17.16	6	H3820	, seeing he hath no heart to it ?	
Pro.17.17	1	H7453	A friend	
Pro.17.17	2	H157	loveth	[H8802]
Pro.17.17	3	H6256	at all times	
Pro.17.17	4	H251	, and a brother	
Pro.17.17	5	H3205	is born	[H8735]
Pro.17.17	6	H6869	for adversity.	
Pro.17.18	1	H120	A man	
Pro.17.18	2	H2638	void	
Pro.17.18	3	H3820	of understanding	
Pro.17.18	4	H8628	striketh	[H8802]
Pro.17.18	5	H3709	hands	
Pro.17.18	6	H6148	, and becometh	[H8802]
Pro.17.18	7	H6161	surety	
Pro.17.18	8	H6440	in the presence	
Pro.17.18	9	H7453	of his friend.	
Pro.17.19	1	H157	He loveth	[H8802]
Pro.17.19	2	H6588	transgression	
Pro.17.19	3	H157	that loveth	[H8802]
Pro.17.19	4	H4683	strife	
Pro.17.19	5	H1361	: and he that exalteth	[H8688]
Pro.17.19	6	H6607	his gate	
Pro.17.19	7	H1245	seeketh	[H8764]
Pro.17.19	8	H7667	destruction.	
Pro.17.20	1	H6141	He that hath a froward	
Pro.17.20	2	H3820	heart	
Pro.17.20	3	H4672	findeth	[H8799]
Pro.17.20	4	H2896	no good	
Pro.17.20	5	H2015	: and he that hath a perverse	[H8738]
Pro.17.20	6	H3956	tongue	
Pro.17.20	7	H5307	falleth	[H8799]
Pro.17.20	8	H7451	into mischief.	
Pro.17.21	1	H3205	He that begetteth	[H8802]
Pro.17.21	2	H3684	a fool	
Pro.17.21	3	H8424	doeth it to his sorrow	
Pro.17.21	4	H1	: and the father	
Pro.17.21	5	H5036	of a fool	
Pro.17.21	6	H8055	hath no joy	[H8799]
Pro.17.22	1	H8056	A merry	
Pro.17.22	2	H3820	heart	
Pro.17.22	3	H3190	doeth good	[H8686]
Pro.17.22	4	H1456	like a medicine	
Pro.17.22	5	H5218	: but a broken	
Pro.17.22	6	H7307	spirit	
Pro.17.22	7	H3001	drieth	[H8762]
Pro.17.22	8	H1634	the bones.	
Pro.17.23	1	H7563	A wicked	
Pro.17.23	2	H3947	man taketh	[H8799]
Pro.17.23	3	H7810	a gift	
Pro.17.23	4	H2436	out of the bosom	
Pro.17.23	5	H5186	to pervert	[H8687]
Pro.17.23	6	H734	the ways	
Pro.17.23	7	H4941	of judgment.	
Pro.17.24	1	H2451	Wisdom	
Pro.17.24	2	H6440	is before him that hath understanding	
Pro.17.24	3	H995		[H8688]
Pro.17.24	4	H5869	; but the eyes	
Pro.17.24	5	H3684	of a fool	
Pro.17.24	6	H7097	are in the ends	
Pro.17.24	7	H776	of the earth.	
Pro.17.25	1	H3684	A foolish	
Pro.17.25	2	H1121	son	
Pro.17.25	3	H3708	is a grief	
Pro.17.25	4	H1	to his father	
Pro.17.25	5	H4470	, and bitterness	
Pro.17.25	6	H3205	to her that bare	[H8802]
Pro.17.26	1	H6064	Also to punish	[H8800]
Pro.17.26	2	H6662	the just	
Pro.17.26	3	H2896	is not good	
Pro.17.26	4	H5221	, nor to strike	[H8687]
Pro.17.26	5	H5081	princes	
Pro.17.26	6	H3476	for equity.	
Pro.17.27	1	H3045	He that hath	[H8802]
Pro.17.27	2	H1847	knowledge	
Pro.17.27	3	H2820	spareth	[H8802]
Pro.17.27	4	H561	his words	
Pro.17.27	5	H376	: and a man	
Pro.17.27	6	H8394	of understanding	
Pro.17.27	7	H3368	is of an excellent	[H8675]
Pro.17.27	8	H7119		
Pro.17.27	9	H7307	spirit.	
Pro.17.28	1	H191	Even a fool	
Pro.17.28	2	H2790	, when he holdeth his peace	[H8688]
Pro.17.28	3	H2803	, is counted	[H8735]
Pro.17.28	4	H2450	wise	
Pro.17.28	5	H331	: and he that shutteth	[H8801]
Pro.17.28	6	H8193	his lips	
Pro.17.28	7	H995	is esteemed a man of understanding	[H8737]
Pro.18.1	1	H8378	Through desire	
Pro.18.1	2	H6504	a man, having separated	[H8737]
Pro.18.1	3	H1245	himself, seeketh	[H8762]
Pro.18.1	4	H1566	and intermeddleth	[H8691]
Pro.18.1	5	H8454	with all wisdom.	
Pro.18.2	1	H3684	A fool	
Pro.18.2	2	H2654	hath no delight	[H8799]
Pro.18.2	3	H8394	in understanding	
Pro.18.2	4	H3820	, but that his heart	
Pro.18.2	5	H1540	may discover	[H8692]
Pro.18.3	1	H7563	When the wicked	
Pro.18.3	2	H935	cometh	[H8800]
Pro.18.3	3	H935	, then cometh	[H8804]
Pro.18.3	4	H937	also contempt	
Pro.18.3	5	H7036	, and with ignominy	
Pro.18.3	6	H2781	reproach.	
Pro.18.4	1	H1697	The words	
Pro.18.4	2	H376	of a man's	
Pro.18.4	3	H6310	mouth	
Pro.18.4	4	H6013	are as deep	
Pro.18.4	5	H4325	waters	
Pro.18.4	6	H4726	, and the wellspring	
Pro.18.4	7	H2451	of wisdom	
Pro.18.4	8	H5042	as a flowing	[H8802]
Pro.18.4	9	H5158	brook.	
Pro.18.5	1	H2896	It is not good	
Pro.18.5	2	H5375	to accept	[H8800]
Pro.18.5	3	H6440	the person	
Pro.18.5	4	H7563	of the wicked	
Pro.18.5	5	H5186	, to overthrow	[H8687]
Pro.18.5	6	H6662	the righteous	
Pro.18.5	7	H4941	in judgment.	
Pro.18.6	1	H3684	A fool's	
Pro.18.6	2	H8193	lips	
Pro.18.6	3	H935	enter	[H8799]
Pro.18.6	4	H7379	into contention	
Pro.18.6	5	H6310	, and his mouth	
Pro.18.6	6	H7121	calleth	[H8799]
Pro.18.6	7	H4112	for strokes.	
Pro.18.7	1	H3684	A fool's	
Pro.18.7	2	H6310	mouth	
Pro.18.7	3	H4288	is his destruction	
Pro.18.7	4	H8193	, and his lips	
Pro.18.7	5	H4170	are the snare	
Pro.18.7	6	H5315	of his soul.	
Pro.18.8	1	H1697	The words	
Pro.18.8	2	H5372	of a talebearer	
Pro.18.8	3	H3859	are as wounds	[H8693]
Pro.18.8	4	H3381	, and they go down	[H8804]
Pro.18.8	5	H2315	into the innermost parts	
Pro.18.8	6	H990	of the belly.	
Pro.18.9	1	H7503	He also that is slothful	[H8693]
Pro.18.9	2	H4399	in his work	
Pro.18.9	3	H251	is brother	
Pro.18.9	4	H1167	to him that is a great	
Pro.18.9	5	H7843	waster	[H8688]
Pro.18.10	1	H8034	The name	
Pro.18.10	2	H3068	of the LORD	
Pro.18.10	3	H5797	is a strong	
Pro.18.10	4	H4026	tower	
Pro.18.10	5	H6662	: the righteous	
Pro.18.10	6	H7323	runneth	[H8799]
Pro.18.10	7	H7682	into it, and is safe	[H8738]
Pro.18.11	1	H6223	The rich man's	
Pro.18.11	2	H1952	wealth	
Pro.18.11	3	H5797	is his strong	
Pro.18.11	4	H7151	city	
Pro.18.11	5	H7682	, and as an high	[H8737]
Pro.18.11	6	H2346	wall	
Pro.18.11	7	H4906	in his own conceit.	
Pro.18.12	1	H6440	Before	
Pro.18.12	2	H7667	destruction	
Pro.18.12	3	H3820	the heart	
Pro.18.12	4	H376	of man	
Pro.18.12	5	H1361	is haughty	[H8799]
Pro.18.12	6	H6440	, and before	
Pro.18.12	7	H3519	honour	
Pro.18.12	8	H6038	is humility.	
Pro.18.13	1	H7725	He that answereth	[H8688]
Pro.18.13	2	H1697	a matter	
Pro.18.13	3	H8085	before he heareth	[H8799]
Pro.18.13	4	H200	it, it is folly	
Pro.18.13	5	H3639	and shame unto him.	
Pro.18.14	1	H7307	The spirit	
Pro.18.14	2	H376	of a man	
Pro.18.14	3	H3557	will sustain	[H8770]
Pro.18.14	4	H4245	his infirmity	
Pro.18.14	5	H5218	; but a wounded	
Pro.18.14	6	H7307	spirit	
Pro.18.14	7	H5375	who can bear	[H8799]
Pro.18.15	1	H3820	The heart	
Pro.18.15	2	H995	of the prudent	[H8737]
Pro.18.15	3	H7069	getteth	[H8799]
Pro.18.15	4	H1847	knowledge	
Pro.18.15	5	H241	; and the ear	
Pro.18.15	6	H2450	of the wise	
Pro.18.15	7	H1245	seeketh	[H8762]
Pro.18.15	8	H1847	knowledge.	
Pro.18.16	1	H120	A man's	
Pro.18.16	2	H4976	gift	
Pro.18.16	3	H7337	maketh room	[H8686]
Pro.18.16	4	H5148	for him, and bringeth	[H8686]
Pro.18.16	5	H6440	him before	
Pro.18.16	6	H1419	great men.	
Pro.18.17	1	H7223	He that is first	
Pro.18.17	2	H7379	in his own cause	
Pro.18.17	3	H6662	seemeth just	
Pro.18.17	4	H7453	; but his neighbour	
Pro.18.17	5	H935	cometh	[H8804] [H8675]
Pro.18.17	6	H935		[H8799]
Pro.18.17	7	H2713	and searcheth	[H8804]
Pro.18.18	1	H1486	The lot	
Pro.18.18	2	H4079	causeth contentions	
Pro.18.18	3	H7673	to cease	[H8686]
Pro.18.18	4	H6504	, and parteth	[H8686]
Pro.18.18	5	H6099	between the mighty.	
Pro.18.19	1	H251	A brother	
Pro.18.19	2	H6586	offended	[H8737]
Pro.18.19	3	H5797	is harder to be won than a strong	
Pro.18.19	4	H7151	city	
Pro.18.19	5	H4079	: and their contentions	[H8675]
Pro.18.19	6	H4066		
Pro.18.19	7	H1280	are like the bars	
Pro.18.19	8	H759	of a castle.	
Pro.18.20	1	H376	A man's	
Pro.18.20	2	H990	belly	
Pro.18.20	3	H7646	shall be satisfied	[H8799]
Pro.18.20	4	H6529	with the fruit	
Pro.18.20	5	H6310	of his mouth	
Pro.18.20	6	H8393	; and with the increase	
Pro.18.20	7	H8193	of his lips	
Pro.18.20	8	H7646	shall he be filled	[H8799]
Pro.18.21	1	H4194	Death	
Pro.18.21	2	H2416	and life	
Pro.18.21	3	H3027	are in the power	
Pro.18.21	4	H3956	of the tongue	
Pro.18.21	5	H157	: and they that love	[H8802]
Pro.18.21	6	H398	it shall eat	[H8799]
Pro.18.21	7	H6529	the fruit thereof.	
Pro.18.22	1	H4672	Whoso findeth	[H8804]
Pro.18.22	2	H802	a wife	
Pro.18.22	3	H4672	findeth	[H8804]
Pro.18.22	4	H2896	a good	
Pro.18.22	5	H6329	thing, and obtaineth	[H8686]
Pro.18.22	6	H7522	favour	
Pro.18.22	7	H3068	of the LORD.	
Pro.18.23	1	H7326	The poor	[H8802]
Pro.18.23	2	H1696	useth	[H8762]
Pro.18.23	3	H8469	intreaties	
Pro.18.23	4	H6223	; but the rich	
Pro.18.23	5	H6030	answereth	[H8799]
Pro.18.23	6	H5794	roughly.	
Pro.18.24	1	H376	A man	
Pro.18.24	2	H7453	that hath friends	
Pro.18.24	3	H7489	must shew himself friendly	[H8710]
Pro.18.24	4	H3426	: and there is	
Pro.18.24	5	H157	a friend	[H8802]
Pro.18.24	6	H1695	that sticketh closer	
Pro.18.24	7	H251	than a brother.	
Pro.19.1	1	H2896	Better	
Pro.19.1	2	H7326	is the poor	[H8802]
Pro.19.1	3	H1980	that walketh	[H8802]
Pro.19.1	4	H8537	in his integrity	
Pro.19.1	5	H6141	, than he that is perverse	
Pro.19.1	6	H8193	in his lips	
Pro.19.1	7	H3684	, and is a fool.	
Pro.19.2	1	H5315	Also, that the soul	
Pro.19.2	2	H1847	be without knowledge	
Pro.19.2	3	H2896	, it is not good	
Pro.19.2	4	H213	; and he that hasteth	[H8801]
Pro.19.2	5	H7272	with his feet	
Pro.19.2	6	H2398	sinneth	[H8802]
Pro.19.3	1	H200	The foolishness	
Pro.19.3	2	H120	of man	
Pro.19.3	3	H5557	perverteth	[H8762]
Pro.19.3	4	H1870	his way	
Pro.19.3	5	H3820	: and his heart	
Pro.19.3	6	H2196	fretteth	[H8799]
Pro.19.3	7	H3068	against the LORD.	
Pro.19.4	1	H1952	Wealth	
Pro.19.4	2	H3254	maketh	[H8686]
Pro.19.4	3	H7227	many	
Pro.19.4	4	H7453	friends	
Pro.19.4	5	H1800	; but the poor	
Pro.19.4	6	H6504	is separated	[H8735]
Pro.19.4	7	H7453	from his neighbour.	
Pro.19.5	1	H8267	A false	
Pro.19.5	2	H5707	witness	
Pro.19.5	3	H5352	shall not be unpunished	[H8735]
Pro.19.5	4	H6315	, and he that speaketh	[H8686]
Pro.19.5	5	H3577	lies	
Pro.19.5	6	H4422	shall not escape	[H8735]
Pro.19.6	1	H7227	Many	
Pro.19.6	2	H2470	will intreat	[H8762]
Pro.19.6	3	H6440	the favour	
Pro.19.6	4	H5081	of the prince	
Pro.19.6	5	H7453	: and every man is a friend	
Pro.19.6	6	H376	to him	
Pro.19.6	7	H4976	that giveth gifts.	
Pro.19.7	1	H251	All the brethren	
Pro.19.7	2	H7326	of the poor	[H8802]
Pro.19.7	3	H8130	do hate	[H8804]
Pro.19.7	4	H4828	him: how much more do his friends	
Pro.19.7	5	H7368	go far	[H8804]
Pro.19.7	6	H7291	from him? he pursueth	[H8764]
Pro.19.7	7	H561	them with words, yet they are wanting to him .	
Pro.19.8	1	H7069	He that getteth	[H8802]
Pro.19.8	2	H3820	wisdom	
Pro.19.8	3	H157	loveth	[H8802]
Pro.19.8	4	H5315	his own soul	
Pro.19.8	5	H8104	: he that keepeth	[H8802]
Pro.19.8	6	H8394	understanding	
Pro.19.8	7	H4672	shall find	[H8800]
Pro.19.8	8	H2896	good.	
Pro.19.9	1	H8267	A false	
Pro.19.9	2	H5707	witness	
Pro.19.9	3	H5352	shall not be unpunished	[H8735]
Pro.19.9	4	H6315	, and he that speaketh	[H8686]
Pro.19.9	5	H3577	lies	
Pro.19.9	6	H6	shall perish	[H8799]
Pro.19.10	1	H8588	Delight	
Pro.19.10	2	H5000	is not seemly	
Pro.19.10	3	H3684	for a fool	
Pro.19.10	4	H5650	; much less for a servant	
Pro.19.10	5	H4910	to have rule	[H8800]
Pro.19.10	6	H8269	over princes.	
Pro.19.11	1	H7922	The discretion	
Pro.19.11	2	H120	of a man	
Pro.19.11	3	H748	deferreth	[H8689]
Pro.19.11	4	H639	his anger	
Pro.19.11	5	H8597	; and it is his glory	
Pro.19.11	6	H5674	to pass over	[H8800]
Pro.19.11	7	H6588	a transgression.	
Pro.19.12	1	H4428	The king's	
Pro.19.12	2	H2197	wrath	
Pro.19.12	3	H5099	is as the roaring	
Pro.19.12	4	H3715	of a lion	
Pro.19.12	5	H7522	; but his favour	
Pro.19.12	6	H2919	is as dew	
Pro.19.12	7	H6212	upon the grass.	
Pro.19.13	1	H3684	A foolish	
Pro.19.13	2	H1121	son	
Pro.19.13	3	H1942	is the calamity	
Pro.19.13	4	H1	of his father	
Pro.19.13	5	H4079	: and the contentions	
Pro.19.13	6	H802	of a wife	
Pro.19.13	7	H2956	are a continual	[H8802]
Pro.19.13	8	H1812	dropping.	
Pro.19.14	1	H1004	House	
Pro.19.14	2	H1952	and riches	
Pro.19.14	3	H5159	are the inheritance	
Pro.19.14	4	H1	of fathers	
Pro.19.14	5	H7919	: and a prudent	[H8688]
Pro.19.14	6	H802	wife	
Pro.19.14	7	H3068	is from the LORD.	
Pro.19.15	1	H6103	Slothfulness	
Pro.19.15	2	H5307	casteth	[H8686]
Pro.19.15	3	H8639	into a deep sleep	
Pro.19.15	4	H7423	; and an idle	
Pro.19.15	5	H5315	soul	
Pro.19.15	6	H7456	shall suffer hunger	[H8799]
Pro.19.16	1	H8104	He that keepeth	[H8802]
Pro.19.16	2	H4687	the commandment	
Pro.19.16	3	H8104	keepeth	[H8802]
Pro.19.16	4	H5315	his own soul	
Pro.19.16	5	H959	; but he that despiseth	[H8802]
Pro.19.16	6	H1870	his ways	
Pro.19.16	7	H4191	shall die	[H8799]
Pro.19.17	1	H2603	He that hath pity	[H8802]
Pro.19.17	2	H1800	upon the poor	
Pro.19.17	3	H3867	lendeth	[H8688]
Pro.19.17	4	H3068	unto the LORD	
Pro.19.17	5	H1576	; and that which he hath given	
Pro.19.17	6	H7999	will he pay him again	[H8762]
Pro.19.18	1	H3256	Chasten	[H8761]
Pro.19.18	2	H1121	thy son	
Pro.19.18	3	H3426	while there is	
Pro.19.18	4	H8615	hope	
Pro.19.18	5	H5315	, and let not thy soul	
Pro.19.18	6	H5375	spare	[H8799]
Pro.19.18	7	H4191	for his crying	[H8687]
Pro.19.19	1	H1419	A man	
Pro.19.19	2	H1632	of great	
Pro.19.19	3	H2534	wrath	
Pro.19.19	4	H5375	shall suffer	[H8802]
Pro.19.19	5	H6066	punishment	
Pro.19.19	6	H5337	: for if thou deliver	[H8686]
Pro.19.19	7	H3254	him, yet thou must do it again	[H8686]
Pro.19.20	1	H8085	Hear	[H8798]
Pro.19.20	2	H6098	counsel	
Pro.19.20	3	H6901	, and receive	[H8761]
Pro.19.20	4	H4148	instruction	
Pro.19.20	5	H2449	, that thou mayest be wise	[H8799]
Pro.19.20	6	H319	in thy latter end.	
Pro.19.21	1	H7227	There are many	
Pro.19.21	2	H4284	devices	
Pro.19.21	3	H376	in a man's	
Pro.19.21	4	H3820	heart	
Pro.19.21	5	H6098	; nevertheless the counsel	
Pro.19.21	6	H3068	of the LORD	
Pro.19.21	7	H6965	, that shall stand	[H8799]
Pro.19.22	1	H8378	The desire	
Pro.19.22	2	H120	of a man	
Pro.19.22	3	H2617	is his kindness	
Pro.19.22	4	H7326	: and a poor man	[H8802]
Pro.19.22	5	H2896	is better	
Pro.19.22	6	H376	than	
Pro.19.22	7	H3577	a liar.	
Pro.19.23	1	H3374	The fear	
Pro.19.23	2	H3068	of the LORD	
Pro.19.23	3	H2416	tendeth to life	
Pro.19.23	4	H3885	: and he that hath it shall abide	[H8799]
Pro.19.23	5	H7649	satisfied	
Pro.19.23	6	H6485	; he shall not be visited	[H8735]
Pro.19.23	7	H7451	with evil.	
Pro.19.24	1	H6102	A slothful	
Pro.19.24	2	H2934	man hideth	[H8804]
Pro.19.24	3	H3027	his hand	
Pro.19.24	4	H6747	in his bosom	
Pro.19.24	5	H7725	, and will not so much as bring	
Pro.19.24	6	H6310	it to his mouth	
Pro.19.24	7	H7725	again	[H8686]
Pro.19.25	1	H5221	Smite	[H8686]
Pro.19.25	2	H3887	a scorner	[H8801]
Pro.19.25	3	H6612	, and the simple	
Pro.19.25	4	H6191	will beware	[H8686]
Pro.19.25	5	H3198	: and reprove	[H8689]
Pro.19.25	6	H995	one that hath understanding	[H8737]
Pro.19.25	7	H995	, and he will understand	[H8799]
Pro.19.25	8	H1847	knowledge.	
Pro.19.26	1	H7703	He that wasteth	[H8764]
Pro.19.26	2	H1	his father	
Pro.19.26	3	H1272	, and chaseth away	[H8686]
Pro.19.26	4	H517	his mother	
Pro.19.26	5	H1121	, is a son	
Pro.19.26	6	H954	that causeth shame	[H8688]
Pro.19.26	7	H2659	, and bringeth reproach	[H8688]
Pro.19.27	1	H2308	Cease	[H8798]
Pro.19.27	2	H1121	, my son	
Pro.19.27	3	H8085	, to hear	[H8800]
Pro.19.27	4	H4148	the instruction	
Pro.19.27	5	H7686	that causeth to err	[H8800]
Pro.19.27	6	H561	from the words	
Pro.19.27	7	H1847	of knowledge.	
Pro.19.28	1	H1100	An ungodly	
Pro.19.28	2	H5707	witness	
Pro.19.28	3	H3887	scorneth	[H8686]
Pro.19.28	4	H4941	judgment	
Pro.19.28	5	H6310	: and the mouth	
Pro.19.28	6	H7563	of the wicked	
Pro.19.28	7	H1104	devoureth	[H8762]
Pro.19.28	8	H205	iniquity.	
Pro.19.29	1	H8201	Judgments	
Pro.19.29	2	H3559	are prepared	[H8738]
Pro.19.29	3	H3887	for scorners	[H8801]
Pro.19.29	4	H4112	, and stripes	
Pro.19.29	5	H1460	for the back	
Pro.19.29	6	H3684	of fools.	
Pro.20.1	1	H3196	Wine	
Pro.20.1	2	H3887	is a mocker	[H8801]
Pro.20.1	3	H7941	, strong drink	
Pro.20.1	4	H1993	is raging	[H8802]
Pro.20.1	5	H7686	: and whosoever is deceived	[H8802]
Pro.20.1	6	H2449	thereby is not wise	[H8799]
Pro.20.2	1	H367	The fear	
Pro.20.2	2	H4428	of a king	
Pro.20.2	3	H5099	is as the roaring	
Pro.20.2	4	H3715	of a lion	
Pro.20.2	5	H5674	: whoso provoketh him to anger	[H8693]
Pro.20.2	6	H2398	sinneth	[H8802]
Pro.20.2	7	H5315	against his own soul.	
Pro.20.3	1	H3519	It is an honour	
Pro.20.3	2	H376	for a man	
Pro.20.3	3	H7674	to cease	
Pro.20.3	4	H7379	from strife	
Pro.20.3	5	H191	: but every fool	
Pro.20.3	6	H1566	will be meddling	[H8691]
Pro.20.4	1	H6102	The sluggard	
Pro.20.4	2	H2790	will not plow	[H8799]
Pro.20.4	3	H2779	by reason of the cold	
Pro.20.4	4	H7592	; therefore shall he beg	[H8804] [H8675]
Pro.20.4	5	H7592		[H8799]
Pro.20.4	6	H7105	in harvest, and have nothing.	
Pro.20.5	1	H6098	Counsel	
Pro.20.5	2	H3820	in the heart	
Pro.20.5	3	H376	of man	
Pro.20.5	4	H6013	is like deep	
Pro.20.5	5	H4325	water	
Pro.20.5	6	H376	; but a man	
Pro.20.5	7	H8394	of understanding	
Pro.20.5	8	H1802	will draw it out	[H8799]
Pro.20.6	1	H7230	Most	
Pro.20.6	2	H120	men	
Pro.20.6	3	H7121	will proclaim	[H8799]
Pro.20.6	4	H376	every one	
Pro.20.6	5	H2617	his own goodness	
Pro.20.6	6	H529	: but a faithful	
Pro.20.6	7	H376	man	
Pro.20.6	8	H4672	who can find	[H8799]
Pro.20.7	1	H6662	The just	
Pro.20.7	2	H1980	man walketh	[H8693]
Pro.20.7	3	H8537	in his integrity	
Pro.20.7	4	H1121	: his children	
Pro.20.7	5	H835	are blessed	
Pro.20.7	6	H310	after him.	
Pro.20.8	1	H4428	A king	
Pro.20.8	2	H3427	that sitteth in	[H8802]
Pro.20.8	3	H3678	the throne	
Pro.20.8	4	H1779	of judgment	
Pro.20.8	5	H2219	scattereth away	[H8764]
Pro.20.8	6	H7451	all evil	
Pro.20.8	7	H5869	with his eyes.	
Pro.20.9	1	H559	Who can say	[H8799]
Pro.20.9	2	H3820	, I have made my heart	
Pro.20.9	3	H2135	clean	[H8765]
Pro.20.9	4	H2891	, I am pure	[H8804]
Pro.20.9	5	H2403	from my sin?	
Pro.20.10	1	H68	Divers weights	
Pro.20.10	2	H68		
Pro.20.10	3	H374	, and divers measures	
Pro.20.10	4	H374		
Pro.20.10	5	H8147	, both	
Pro.20.10	6	H1571	of them are alike	
Pro.20.10	7	H8441	abomination	
Pro.20.10	8	H3068	to the LORD.	
Pro.20.11	1	H5288	Even a child	
Pro.20.11	2	H5234	is known	[H8691]
Pro.20.11	3	H4611	by his doings	
Pro.20.11	4	H6467	, whether his work	
Pro.20.11	5	H2134	be pure	
Pro.20.11	6	H3477	, and whether it be right.	
Pro.20.12	1	H8085	The hearing	[H8802]
Pro.20.12	2	H241	ear	
Pro.20.12	3	H7200	, and the seeing	[H8802]
Pro.20.12	4	H5869	eye	
Pro.20.12	5	H3068	, the LORD	
Pro.20.12	6	H6213	hath made	[H8804]
Pro.20.12	7	H8147	even both of them.	
Pro.20.13	1	H157	Love	[H8799]
Pro.20.13	2	H8142	not sleep	
Pro.20.13	3	H3423	, lest thou come to poverty	[H8735]
Pro.20.13	4	H6491	; open	[H8798]
Pro.20.13	5	H5869	thine eyes	
Pro.20.13	6	H7646	, and thou shalt be satisfied	[H8798]
Pro.20.13	7	H3899	with bread.	
Pro.20.14	1	H7451	It is naught	
Pro.20.14	2	H7451	, it is naught	
Pro.20.14	3	H559	, saith	[H8799]
Pro.20.14	4	H7069	the buyer	[H8802]
Pro.20.14	5	H235	: but when he is gone	[H8801]
Pro.20.14	6	H1984	his way, then he boasteth	[H8691]
Pro.20.15	1	H3426	There is	
Pro.20.15	2	H2091	gold	
Pro.20.15	3	H7230	, and a multitude	
Pro.20.15	4	H6443	of rubies	
Pro.20.15	5	H8193	: but the lips	
Pro.20.15	6	H1847	of knowledge	
Pro.20.15	7	H3366	are a precious	
Pro.20.15	8	H3627	jewel.	
Pro.20.16	1	H3947	Take	[H8798]
Pro.20.16	2	H899	his garment	
Pro.20.16	3	H6148	that is surety	[H8804]
Pro.20.16	4	H2114	for a stranger	[H8801]
Pro.20.16	5	H2254	: and take a pledge	[H8798]
Pro.20.16	6	H5237	of him for a strange woman.	
Pro.20.17	1	H3899	Bread	
Pro.20.17	2	H8267	of deceit	
Pro.20.17	3	H6156	is sweet	
Pro.20.17	4	H376	to a man	
Pro.20.17	5	H310	; but afterwards	
Pro.20.17	6	H6310	his mouth	
Pro.20.17	7	H4390	shall be filled	[H8735]
Pro.20.17	8	H2687	with gravel.	
Pro.20.18	1	H4284	Every purpose	
Pro.20.18	2	H3559	is established	[H8735]
Pro.20.18	3	H6098	by counsel	
Pro.20.18	4	H8458	: and with good advice	
Pro.20.18	5	H6213	make	[H8798]
Pro.20.18	6	H4421	war.	
Pro.20.19	1	H1980	He that goeth about	[H8802]
Pro.20.19	2	H7400	as a talebearer	
Pro.20.19	3	H1540	revealeth	[H8802]
Pro.20.19	4	H5475	secrets	
Pro.20.19	5	H6148	: therefore meddle	[H8691]
Pro.20.19	6	H6601	not with him that flattereth	[H8802]
Pro.20.19	7	H8193	with his lips.	
Pro.20.20	1	H7043	Whoso curseth	[H8764]
Pro.20.20	2	H1	his father	
Pro.20.20	3	H517	or his mother	
Pro.20.20	4	H5216	, his lamp	
Pro.20.20	5	H1846	shall be put out	[H8799]
Pro.20.20	6	H380	in obscure	[H8676]
Pro.20.20	7	H380		
Pro.20.20	8	H2822	darkness.	
Pro.20.21	1	H5159	An inheritance	
Pro.20.21	2	H926	may be gotten hastily	[H8794] [H8675]
Pro.20.21	3	H973		[H8794]
Pro.20.21	4	H7223	at the beginning	
Pro.20.21	5	H319	; but the end	
Pro.20.21	6	H1288	thereof shall not be blessed	[H8792]
Pro.20.22	1	H559	Say	[H8799]
Pro.20.22	2	H7999	not thou, I will recompense	[H8762]
Pro.20.22	3	H7451	evil	
Pro.20.22	4	H6960	; but wait on	[H8761]
Pro.20.22	5	H3068	the LORD	
Pro.20.22	6	H3467	, and he shall save	[H8686]
Pro.20.23	1	H68	Divers weights	
Pro.20.23	2	H68		
Pro.20.23	3	H8441	are an abomination	
Pro.20.23	4	H3068	unto the LORD	
Pro.20.23	5	H4820	; and a false	
Pro.20.23	6	H3976	balance	
Pro.20.23	7	H2896	is not good.	
Pro.20.24	1	H1397	Man's	
Pro.20.24	2	H4703	goings	
Pro.20.24	3	H3068	are of the LORD	
Pro.20.24	4	H120	; how can a man	
Pro.20.24	5	H995	then understand	[H8799]
Pro.20.24	6	H1870	his own way?	
Pro.20.25	1	H4170	It is a snare	
Pro.20.25	2	H120	to the man	
Pro.20.25	3	H3216	who devoureth	[H8804]
Pro.20.25	4	H6944	that which is holy	
Pro.20.25	5	H310	, and after	
Pro.20.25	6	H5088	vows	
Pro.20.25	7	H1239	to make enquiry	[H8763]
Pro.20.26	1	H2450	A wise	
Pro.20.26	2	H4428	king	
Pro.20.26	3	H2219	scattereth	[H8764]
Pro.20.26	4	H7563	the wicked	
Pro.20.26	5	H7725	, and bringeth	[H8686]
Pro.20.26	6	H212	the wheel over them.	
Pro.20.27	1	H5397	The spirit	
Pro.20.27	2	H120	of man	
Pro.20.27	3	H5216	is the candle	
Pro.20.27	4	H3068	of the LORD	
Pro.20.27	5	H2664	, searching	[H8802]
Pro.20.27	6	H2315	all the inward parts	
Pro.20.27	7	H990	of the belly.	
Pro.20.28	1	H2617	Mercy	
Pro.20.28	2	H571	and truth	
Pro.20.28	3	H5341	preserve	[H8799]
Pro.20.28	4	H4428	the king	
Pro.20.28	5	H3678	: and his throne	
Pro.20.28	6	H5582	is upholden	[H8804]
Pro.20.28	7	H2617	by mercy.	
Pro.20.29	1	H8597	The glory	
Pro.20.29	2	H970	of young men	
Pro.20.29	3	H3581	is their strength	
Pro.20.29	4	H1926	: and the beauty	
Pro.20.29	5	H2205	of old men	
Pro.20.29	6	H7872	is the gray head.	
Pro.20.30	1	H2250	The blueness	
Pro.20.30	2	H6482	of a wound	
Pro.20.30	3	H8562	cleanseth	
Pro.20.30	4	H7451	away evil	
Pro.20.30	5	H4347	: so do stripes	
Pro.20.30	6	H2315	the inward parts	
Pro.20.30	7	H990	of the belly.	
Pro.21.1	1	H4428	The king's	
Pro.21.1	2	H3820	heart	
Pro.21.1	3	H3027	is in the hand	
Pro.21.1	4	H3068	of the LORD	
Pro.21.1	5	H6388	, as the rivers	
Pro.21.1	6	H4325	of water	
Pro.21.1	7	H5186	: he turneth	[H8686]
Pro.21.1	8	H2654	it whithersoever he will	[H8799]
Pro.21.2	1	H1870	Every way	
Pro.21.2	2	H376	of a man	
Pro.21.2	3	H3477	is right	
Pro.21.2	4	H5869	in his own eyes	
Pro.21.2	5	H3068	: but the LORD	
Pro.21.2	6	H8505	pondereth	[H8802]
Pro.21.2	7	H3826	the hearts.	
Pro.21.3	1	H6213	To do	[H8800]
Pro.21.3	2	H6666	justice	
Pro.21.3	3	H4941	and judgment	
Pro.21.3	4	H977	is more acceptable	[H8737]
Pro.21.3	5	H3068	to the LORD	
Pro.21.3	6	H2077	than sacrifice.	
Pro.21.4	1	H7312	An high	
Pro.21.4	2	H5869	look	
Pro.21.4	3	H7342	, and a proud	
Pro.21.4	4	H3820	heart	
Pro.21.4	5	H5215	, and the plowing	
Pro.21.4	6	H7563	of the wicked	
Pro.21.4	7	H2403	, is sin.	
Pro.21.5	1	H4284	The thoughts	
Pro.21.5	2	H2742	of the diligent	
Pro.21.5	3	H4195	tend only to plenteousness	
Pro.21.5	4	H213	; but of every one that is hasty	[H8801]
Pro.21.5	5	H4270	only to want.	
Pro.21.6	1	H6467	The getting	
Pro.21.6	2	H214	of treasures	
Pro.21.6	3	H8267	by a lying	
Pro.21.6	4	H3956	tongue	
Pro.21.6	5	H1892	is a vanity	
Pro.21.6	6	H5086	tossed to and fro of	[H8737]
Pro.21.6	7	H1245	them that seek	[H8764]
Pro.21.6	8	H4194	death.	
Pro.21.7	1	H7701	The robbery	
Pro.21.7	2	H7563	of the wicked	
Pro.21.7	3	H1641	shall destroy	[H8799]
Pro.21.7	4	H3985	them; because they refuse	[H8765]
Pro.21.7	5	H6213	to do	[H8800]
Pro.21.7	6	H4941	judgment.	
Pro.21.8	1	H1870	The way	
Pro.21.8	2	H376	of man	
Pro.21.8	3	H2019	is froward	
Pro.21.8	4	H2054	and strange	
Pro.21.8	5	H2134	: but as for the pure	
Pro.21.8	6	H6467	, his work	
Pro.21.8	7	H3477	is right.	
Pro.21.9	1	H2896	It is better	
Pro.21.9	2	H3427	to dwell	[H8800]
Pro.21.9	3	H6438	in a corner	
Pro.21.9	4	H1406	of the housetop	
Pro.21.9	5	H4079	, than with a brawling	[H8675]
Pro.21.9	6	H4066		
Pro.21.9	7	H802	woman	
Pro.21.9	8	H2267	in a wide	
Pro.21.9	9	H1004	house.	
Pro.21.10	1	H5315	The soul	
Pro.21.10	2	H7563	of the wicked	
Pro.21.10	3	H183	desireth	[H8765]
Pro.21.10	4	H7451	evil	
Pro.21.10	5	H7453	: his neighbour	
Pro.21.10	6	H2603	findeth no favour	[H8717]
Pro.21.10	7	H5869	in his eyes.	
Pro.21.11	1	H3887	When the scorner	[H8801]
Pro.21.11	2	H6064	is punished	[H8800]
Pro.21.11	3	H6612	, the simple	
Pro.21.11	4	H2449	is made wise	[H8799]
Pro.21.11	5	H2450	: and when the wise	
Pro.21.11	6	H7919	is instructed	[H8687]
Pro.21.11	7	H3947	, he receiveth	[H8799]
Pro.21.11	8	H1847	knowledge.	
Pro.21.12	1	H6662	The righteous	
Pro.21.12	2	H7919	man wisely considereth	[H8688]
Pro.21.12	3	H1004	the house	
Pro.21.12	4	H7563	of the wicked	
Pro.21.12	5	H5557	: but God overthroweth	[H8764]
Pro.21.12	6	H7563	the wicked	
Pro.21.12	7	H7451	for their wickedness.	
Pro.21.13	1	H331	Whoso stoppeth	[H8801]
Pro.21.13	2	H241	his ears	
Pro.21.13	3	H2201	at the cry	
Pro.21.13	4	H1800	of the poor	
Pro.21.13	5	H7121	, he also shall cry	[H8799]
Pro.21.13	6	H6030	himself, but shall not be heard	[H8735]
Pro.21.14	1	H4976	A gift	
Pro.21.14	2	H5643	in secret	
Pro.21.14	3	H3711	pacifieth	[H8799]
Pro.21.14	4	H639	anger	
Pro.21.14	5	H7810	: and a reward	
Pro.21.14	6	H2436	in the bosom	
Pro.21.14	7	H5794	strong	
Pro.21.14	8	H2534	wrath.	
Pro.21.15	1	H8057	It is joy	
Pro.21.15	2	H6662	to the just	
Pro.21.15	3	H6213	to do	[H8800]
Pro.21.15	4	H4941	judgment	
Pro.21.15	5	H4288	: but destruction	
Pro.21.15	6	H6466	shall be to the workers	[H8802]
Pro.21.15	7	H205	of iniquity.	
Pro.21.16	1	H120	The man	
Pro.21.16	2	H8582	that wandereth	[H8802]
Pro.21.16	3	H1870	out of the way	
Pro.21.16	4	H7919	of understanding	[H8687]
Pro.21.16	5	H5117	shall remain	[H8799]
Pro.21.16	6	H6951	in the congregation	
Pro.21.16	7	H7496	of the dead.	
Pro.21.17	1	H157	He that loveth	[H8802]
Pro.21.17	2	H8057	pleasure	
Pro.21.17	3	H4270	shall be a poor	
Pro.21.17	4	H376	man	
Pro.21.17	5	H157	: he that loveth	[H8802]
Pro.21.17	6	H3196	wine	
Pro.21.17	7	H8081	and oil	
Pro.21.17	8	H6238	shall not be rich	[H8686]
Pro.21.18	1	H7563	The wicked	
Pro.21.18	2	H3724	shall be a ransom	
Pro.21.18	3	H6662	for the righteous	
Pro.21.18	4	H898	, and the transgressor	[H8802]
Pro.21.18	5	H3477	for the upright.	
Pro.21.19	1	H2896	It is better	
Pro.21.19	2	H3427	to dwell	[H8800]
Pro.21.19	3	H776	in the wilderness	
Pro.21.19	4	H4057		
Pro.21.19	5	H4079	, than with a contentious	[H8675]
Pro.21.19	6	H4066		
Pro.21.19	7	H3708	and an angry	
Pro.21.19	8	H802	woman.	
Pro.21.20	1	H214	There is treasure	
Pro.21.20	2	H2530	to be desired	[H8737]
Pro.21.20	3	H8081	and oil	
Pro.21.20	4	H5116	in the dwelling	
Pro.21.20	5	H2450	of the wise	
Pro.21.20	6	H3684	; but a foolish	
Pro.21.20	7	H120	man	
Pro.21.20	8	H1104	spendeth it up	[H8762]
Pro.21.21	1	H7291	He that followeth	[H8802]
Pro.21.21	2	H6666	after righteousness	
Pro.21.21	3	H2617	and mercy	
Pro.21.21	4	H4672	findeth	[H8799]
Pro.21.21	5	H2416	life	
Pro.21.21	6	H6666	, righteousness	
Pro.21.21	7	H3519	, and honour.	
Pro.21.22	1	H2450	A wise	
Pro.21.22	2	H5927	man scaleth	[H8804]
Pro.21.22	3	H5892	the city	
Pro.21.22	4	H1368	of the mighty	
Pro.21.22	5	H3381	, and casteth down	[H8686]
Pro.21.22	6	H5797	the strength	
Pro.21.22	7	H4009	of the confidence thereof.	
Pro.21.23	1	H8104	Whoso keepeth	[H8802]
Pro.21.23	2	H6310	his mouth	
Pro.21.23	3	H3956	and his tongue	
Pro.21.23	4	H8104	keepeth	[H8802]
Pro.21.23	5	H5315	his soul	
Pro.21.23	6	H6869	from troubles.	
Pro.21.24	1	H2086	Proud	
Pro.21.24	2	H3093	and haughty	
Pro.21.24	3	H3887	scorner	[H8801]
Pro.21.24	4	H8034	is his name	
Pro.21.24	5	H6213	, who dealeth	[H8802]
Pro.21.24	6	H2087	in proud	
Pro.21.24	7	H5678	wrath.	
Pro.21.25	1	H8378	The desire	
Pro.21.25	2	H6102	of the slothful	
Pro.21.25	3	H4191	killeth	[H8686]
Pro.21.25	4	H3027	him; for his hands	
Pro.21.25	5	H3985	refuse	[H8765]
Pro.21.25	6	H6213	to labour	[H8800]
Pro.21.26	1	H183	He coveteth	[H8694]
Pro.21.26	2	H8378	greedily	
Pro.21.26	3	H3117	all the day	
Pro.21.26	4	H6662	long: but the righteous	
Pro.21.26	5	H5414	giveth	[H8799]
Pro.21.26	6	H2820	and spareth	[H8799]
Pro.21.27	1	H2077	The sacrifice	
Pro.21.27	2	H7563	of the wicked	
Pro.21.27	3	H8441	is abomination	
Pro.21.27	4	H935	: how much more, when he bringeth	[H8686]
Pro.21.27	5	H2154	it with a wicked mind?	
Pro.21.28	1	H3577	A false	
Pro.21.28	2	H5707	witness	
Pro.21.28	3	H6	shall perish	[H8799]
Pro.21.28	4	H376	: but the man	
Pro.21.28	5	H8085	that heareth	[H8802]
Pro.21.28	6	H1696	speaketh	[H8762]
Pro.21.28	7	H5331	constantly.	
Pro.21.29	1	H7563	A wicked	
Pro.21.29	2	H376	man	
Pro.21.29	3	H5810	hardeneth	[H8689]
Pro.21.29	4	H6440	his face	
Pro.21.29	5	H3477	: but as for the upright	
Pro.21.29	6	H995	, he directeth	[H8799] [H8675]
Pro.21.29	7	H3559		[H8686]
Pro.21.29	8	H1870	his way.	
Pro.21.30	1	H2451	There is no wisdom	
Pro.21.30	2	H8394	nor understanding	
Pro.21.30	3	H6098	nor counsel	
Pro.21.30	4	H3068	against the LORD.	
Pro.21.31	1	H5483	The horse	
Pro.21.31	2	H3559	is prepared	[H8716]
Pro.21.31	3	H3117	against the day	
Pro.21.31	4	H4421	of battle	
Pro.21.31	5	H8668	: but safety	
Pro.21.31	6	H3068	is of the LORD.	
Pro.22.1	1	H8034	A good name	
Pro.22.1	2	H977	is rather to be chosen	[H8737]
Pro.22.1	3	H7227	than great	
Pro.22.1	4	H6239	riches	
Pro.22.1	5	H2896	, and loving	
Pro.22.1	6	H2580	favour	
Pro.22.1	7	H3701	rather than silver	
Pro.22.1	8	H2091	and gold.	
Pro.22.2	1	H6223	The rich	
Pro.22.2	2	H7326	and poor	[H8802]
Pro.22.2	3	H6298	meet together	[H8738]
Pro.22.2	4	H3068	: the LORD	
Pro.22.2	5	H6213	is the maker	[H8802]
Pro.22.3	1	H6175	A prudent	
Pro.22.3	2	H7200	man foreseeth	[H8804]
Pro.22.3	3	H7451	the evil	
Pro.22.3	4	H5641	, and hideth	[H8738] [H8675]
Pro.22.3	5	H5641		[H8799]
Pro.22.3	6	H6612	himself: but the simple	
Pro.22.3	7	H5674	pass on	[H8804]
Pro.22.3	8	H6064	, and are punished	[H8738]
Pro.22.4	1	H6118	By	
Pro.22.4	2	H6038	humility	
Pro.22.4	3	H3374	and the fear	
Pro.22.4	4	H3068	of the LORD	
Pro.22.4	5	H6239	are riches	
Pro.22.4	6	H3519	, and honour	
Pro.22.4	7	H2416	, and life.	
Pro.22.5	1	H6791	Thorns	
Pro.22.5	2	H6341	and snares	
Pro.22.5	3	H1870	are in the way	
Pro.22.5	4	H6141	of the froward	
Pro.22.5	5	H8104	: he that doth keep	[H8802]
Pro.22.5	6	H5315	his soul	
Pro.22.5	7	H7368	shall be far	[H8799]
Pro.22.6	1	H2596	Train up	[H8798]
Pro.22.6	2	H5288	a child	
Pro.22.6	3	H1870	in the way	
Pro.22.6	4	H6310	he should go	
Pro.22.6	5	H2204	: and when he is old	[H8686]
Pro.22.6	6	H5493	, he will not depart	[H8799]
Pro.22.7	1	H6223	The rich	
Pro.22.7	2	H4910	ruleth	[H8799]
Pro.22.7	3	H7326	over the poor	[H8802]
Pro.22.7	4	H3867	, and the borrower	[H8801]
Pro.22.7	5	H5650	is servant	
Pro.22.7	6	H376	to the lender	
Pro.22.7	7	H3867		[H8688]
Pro.22.8	1	H2232	He that soweth	[H8802]
Pro.22.8	2	H5766	iniquity	
Pro.22.8	3	H7114	shall reap	[H8799]
Pro.22.8	4	H205	vanity	
Pro.22.8	5	H7626	: and the rod	
Pro.22.8	6	H5678	of his anger	
Pro.22.8	7	H3615	shall fail	[H8799]
Pro.22.9	1	H2896	He that hath a bountiful	
Pro.22.9	2	H5869	eye	
Pro.22.9	3	H1288	shall be blessed	[H8792]
Pro.22.9	4	H5414	; for he giveth	[H8804]
Pro.22.9	5	H3899	of his bread	
Pro.22.9	6	H1800	to the poor.	
Pro.22.10	1	H1644	Cast out	[H8763]
Pro.22.10	2	H3887	the scorner	[H8801]
Pro.22.10	3	H4066	, and contention	
Pro.22.10	4	H3318	shall go out	[H8799]
Pro.22.10	5	H1779	; yea, strife	
Pro.22.10	6	H7036	and reproach	
Pro.22.10	7	H7673	shall cease	[H8799]
Pro.22.11	1	H157	He that loveth	[H8802]
Pro.22.11	2	H2890	pureness	[H8675]
Pro.22.11	3	H2889		
Pro.22.11	4	H3820	of heart	
Pro.22.11	5	H2580	, for the grace	
Pro.22.11	6	H8193	of his lips	
Pro.22.11	7	H4428	the king	
Pro.22.11	8	H7453	shall be his friend.	
Pro.22.12	1	H5869	The eyes	
Pro.22.12	2	H3068	of the LORD	
Pro.22.12	3	H5341	preserve	[H8804]
Pro.22.12	4	H1847	knowledge	
Pro.22.12	5	H5557	, and he overthroweth	[H8762]
Pro.22.12	6	H1697	the words	
Pro.22.12	7	H898	of the transgressor	[H8802]
Pro.22.13	1	H6102	The slothful	
Pro.22.13	2	H559	man saith	[H8804]
Pro.22.13	3	H738	, There is a lion	
Pro.22.13	4	H2351	without	
Pro.22.13	5	H7523	, I shall be slain	[H8735]
Pro.22.13	6	H8432	in	
Pro.22.13	7	H7339	the streets.	
Pro.22.14	1	H6310	The mouth	
Pro.22.14	2	H2114	of strange women	[H8801]
Pro.22.14	3	H6013	is a deep	
Pro.22.14	4	H7745	pit	
Pro.22.14	5	H2194	: he that is abhorred	[H8803]
Pro.22.14	6	H3068	of the LORD	
Pro.22.14	7	H5307	shall fall	[H8799]
Pro.22.15	1	H200	Foolishness	
Pro.22.15	2	H7194	is bound	[H8803]
Pro.22.15	3	H3820	in the heart	
Pro.22.15	4	H5288	of a child	
Pro.22.15	5	H7626	; but the rod	
Pro.22.15	6	H4148	of correction	
Pro.22.15	7	H7368	shall drive it far	[H8686]
Pro.22.16	1	H6231	He that oppresseth	[H8802]
Pro.22.16	2	H1800	the poor	
Pro.22.16	3	H7235	to increase	[H8687]
Pro.22.16	4	H5414	his riches, and he that giveth	[H8802]
Pro.22.16	5	H6223	to the rich	
Pro.22.16	6	H4270	, shall surely come to want.	
Pro.22.17	1	H5186	Bow down	[H8685]
Pro.22.17	2	H241	thine ear	
Pro.22.17	3	H8085	, and hear	[H8798]
Pro.22.17	4	H1697	the words	
Pro.22.17	5	H2450	of the wise	
Pro.22.17	6	H7896	, and apply	[H8799]
Pro.22.17	7	H3820	thine heart	
Pro.22.17	8	H1847	unto my knowledge.	
Pro.22.18	1	H5273	For it is a pleasant thing	
Pro.22.18	2	H8104	if thou keep	[H8799]
Pro.22.18	3	H990	them within	
Pro.22.18	4	H3162	thee; they shall withal	
Pro.22.18	5	H3559	be fitted	[H8735]
Pro.22.18	6	H8193	in thy lips.	
Pro.22.19	1	H4009	That thy trust	
Pro.22.19	2	H3068	may be in the LORD	
Pro.22.19	3	H3045	, I have made known	[H8689]
Pro.22.19	4	H3117	to thee this day, even to thee.	
Pro.22.20	1	H3789	Have not I written	[H8804]
Pro.22.20	2	H8032	to thee	
Pro.22.20	3	H7991	excellent things	
Pro.22.20	4	H4156	in counsels	
Pro.22.20	5	H1847	and knowledge,	
Pro.22.21	1	H3045	That I might make thee know	[H8687]
Pro.22.21	2	H7189	the certainty	
Pro.22.21	3	H561	of the words	
Pro.22.21	4	H571	of truth	
Pro.22.21	5	H7725	; that thou mightest answer	[H8687]
Pro.22.21	6	H561	the words	
Pro.22.21	7	H571	of truth	
Pro.22.21	8	H7971	to them that send	[H8802]
Pro.22.22	1	H1497	Rob	[H8799]
Pro.22.22	2	H1800	not the poor	
Pro.22.22	3	H1800	, because he is poor	
Pro.22.22	4	H1792	: neither oppress	[H8762]
Pro.22.22	5	H6041	the afflicted	
Pro.22.22	6	H8179	in the gate:	
Pro.22.23	1	H3068	For the LORD	
Pro.22.23	2	H7378	will plead	[H8799]
Pro.22.23	3	H7379	their cause	
Pro.22.23	4	H6906	, and spoil	[H8804]
Pro.22.23	5	H5315	the soul	
Pro.22.23	6	H6906	of those that spoiled	[H8802]
Pro.22.24	1	H7462	Make no friendship	[H8691]
Pro.22.24	2	H639	with an angry	
Pro.22.24	3	H1167	man	
Pro.22.24	4	H2534	; and with a furious	
Pro.22.24	5	H376	man	
Pro.22.24	6	H935	thou shalt not go	[H8799]
Pro.22.25	1	H502	Lest thou learn	[H8799]
Pro.22.25	2	H734	his ways	
Pro.22.25	3	H3947	, and get	[H8804]
Pro.22.25	4	H4170	a snare	
Pro.22.25	5	H5315	to thy soul.	
Pro.22.26	1	H8628	Be not thou one of them that strike	[H8802]
Pro.22.26	2	H3709	hands	
Pro.22.26	3	H6148	, or of them that are sureties	[H8802]
Pro.22.26	4	H4859	for debts.	
Pro.22.27	1	H7999	If thou hast nothing to pay	[H8763]
Pro.22.27	2	H3947	, why should he take away	[H8799]
Pro.22.27	3	H4904	thy bed from under thee?	
Pro.22.28	1	H5253	Remove	[H8686]
Pro.22.28	2	H5769	not the ancient	
Pro.22.28	3	H1366	landmark	
Pro.22.28	4	H1	, which thy fathers	
Pro.22.28	5	H6213	have set	[H8804]
Pro.22.29	1	H2372	Seest	[H8804]
Pro.22.29	2	H376	thou a man	
Pro.22.29	3	H4106	diligent	
Pro.22.29	4	H4399	in his business	
Pro.22.29	5	H3320	? he shall stand	[H8691]
Pro.22.29	6	H6440	before	
Pro.22.29	7	H4428	kings	
Pro.22.29	8	H3320	; he shall not stand	[H8691]
Pro.22.29	9	H6440	before	
Pro.22.29	10	H2823	mean men .	
Pro.23.1	1	H3427	When thou sittest	[H8799]
Pro.23.1	2	H3898	to eat	[H8800]
Pro.23.1	3	H4910	with a ruler	[H8802]
Pro.23.1	4	H995	, consider	[H8799]
Pro.23.1	5	H995	diligently	[H8800]
Pro.23.1	6	H6440	what is before thee:	
Pro.23.2	1	H7760	And put	[H8804]
Pro.23.2	2	H7915	a knife	
Pro.23.2	3	H3930	to thy throat	
Pro.23.2	4	H1167	, if thou be a man given	
Pro.23.2	5	H5315	to appetite.	
Pro.23.3	1	H183	Be not desirous	[H8691]
Pro.23.3	2	H4303	of his dainties	
Pro.23.3	3	H3577	: for they are deceitful	
Pro.23.3	4	H3899	meat.	
Pro.23.4	1	H3021	Labour	[H8799]
Pro.23.4	2	H6238	not to be rich	[H8687]
Pro.23.4	3	H2308	: cease	[H8798]
Pro.23.4	4	H998	from thine own wisdom.	
Pro.23.5	1	H5774	Wilt thou set	[H8686] [H8675]
Pro.23.5	2	H5774		[H8799]
Pro.23.5	3	H5869	thine eyes	
Pro.23.5	4	H6213	upon that which is not? for riches certainly	[H8800]
Pro.23.5	5	H6213	make	[H8799]
Pro.23.5	6	H3671	themselves wings	
Pro.23.5	7	H5774	; they fly away	[H8799] [H8675]
Pro.23.5	8	H5774		[H8687]
Pro.23.5	9	H5404	as an eagle	
Pro.23.5	10	H8064	toward heaven.	
Pro.23.6	1	H3898	Eat	[H8799]
Pro.23.6	2	H3899	thou not the bread	
Pro.23.6	3	H7451	of him that hath an evil	
Pro.23.6	4	H5869	eye	
Pro.23.6	5	H183	, neither desire	[H8691]
Pro.23.6	6	H4303	thou his dainty meats:	
Pro.23.7	1	H8176	For as he thinketh	[H8804]
Pro.23.7	2	H5315	in his heart	
Pro.23.7	3	H398	, so is he: Eat	[H8798]
Pro.23.7	4	H8354	and drink	[H8798]
Pro.23.7	5	H559	, saith	[H8799]
Pro.23.7	6	H3820	he to thee; but his heart is not with thee.	
Pro.23.8	1	H6595	The morsel	
Pro.23.8	2	H398	which thou hast eaten	[H8804]
Pro.23.8	3	H6958	shalt thou vomit up	[H8686]
Pro.23.8	4	H7843	, and lose	[H8765]
Pro.23.8	5	H5273	thy sweet	
Pro.23.8	6	H1697	words.	
Pro.23.9	1	H1696	Speak	[H8762]
Pro.23.9	2	H241	not in the ears	
Pro.23.9	3	H3684	of a fool	
Pro.23.9	4	H936	: for he will despise	[H8799]
Pro.23.9	5	H7922	the wisdom	
Pro.23.9	6	H4405	of thy words.	
Pro.23.10	1	H5253	Remove	[H8686]
Pro.23.10	2	H5769	not the old	
Pro.23.10	3	H1366	landmark	
Pro.23.10	4	H935	; and enter	[H8799]
Pro.23.10	5	H7704	not into the fields	
Pro.23.10	6	H3490	of the fatherless:	
Pro.23.11	1	H1350	For their redeemer	[H8802]
Pro.23.11	2	H2389	is mighty	
Pro.23.11	3	H7378	; he shall plead	[H8799]
Pro.23.11	4	H7379	their cause with thee.	
Pro.23.12	1	H935	Apply	[H8685]
Pro.23.12	2	H3820	thine heart	
Pro.23.12	3	H4148	unto instruction	
Pro.23.12	4	H241	, and thine ears	
Pro.23.12	5	H561	to the words	
Pro.23.12	6	H1847	of knowledge.	
Pro.23.13	1	H4513	Withhold	[H8799]
Pro.23.13	2	H4148	not correction	
Pro.23.13	3	H5288	from the child	
Pro.23.13	4	H5221	: for if thou beatest	[H8686]
Pro.23.13	5	H7626	him with the rod	
Pro.23.13	6	H4191	, he shall not die	[H8799]
Pro.23.14	1	H5221	Thou shalt beat	[H8686]
Pro.23.14	2	H7626	him with the rod	
Pro.23.14	3	H5337	, and shalt deliver	[H8686]
Pro.23.14	4	H5315	his soul	
Pro.23.14	5	H7585	from hell.	
Pro.23.15	1	H1121	My son	
Pro.23.15	2	H3820	, if thine heart	
Pro.23.15	3	H2449	be wise	[H8804]
Pro.23.15	4	H3820	, my heart	
Pro.23.15	5	H8055	shall rejoice	[H8799]
Pro.23.15	6	H589	, even mine.	
Pro.23.16	1	H3629	Yea, my reins	
Pro.23.16	2	H5937	shall rejoice	[H8799]
Pro.23.16	3	H8193	, when thy lips	
Pro.23.16	4	H1696	speak	[H8763]
Pro.23.16	5	H4339	right things.	
Pro.23.17	1	H3820	Let not thine heart	
Pro.23.17	2	H7065	envy	[H8762]
Pro.23.17	3	H2400	sinners	
Pro.23.17	4	H3374	: but be thou in the fear	
Pro.23.17	5	H3068	of the LORD	
Pro.23.17	6	H3117	all the day long.	
Pro.23.18	1	H3426	For surely there is	
Pro.23.18	2	H319	an end	
Pro.23.18	3	H8615	; and thine expectation	
Pro.23.18	4	H3772	shall not be cut off	[H8735]
Pro.23.19	1	H8085	Hear	[H8798]
Pro.23.19	2	H1121	thou, my son	
Pro.23.19	3	H2449	, and be wise	[H8798]
Pro.23.19	4	H833	, and guide	[H8761]
Pro.23.19	5	H3820	thine heart	
Pro.23.19	6	H1870	in the way.	
Pro.23.20	1	H3196	Be not among winebibbers	
Pro.23.20	2	H5433		[H8802]
Pro.23.20	3	H2151	; among riotous eaters	[H8802]
Pro.23.20	4	H1320	of flesh:	
Pro.23.21	1	H5433	For the drunkard	[H8802]
Pro.23.21	2	H2151	and the glutton	[H8802]
Pro.23.21	3	H3423	shall come to poverty	[H8735]
Pro.23.21	4	H5124	: and drowsiness	
Pro.23.21	5	H3847	shall clothe	[H8686]
Pro.23.21	6	H7168	a man with rags.	
Pro.23.22	1	H8085	Hearken	[H8798]
Pro.23.22	2	H1	unto thy father	
Pro.23.22	3	H3205	that begat	[H8804]
Pro.23.22	4	H936	thee, and despise	[H8799]
Pro.23.22	5	H517	not thy mother	
Pro.23.22	6	H2204	when she is old	[H8804]
Pro.23.23	1	H7069	Buy	[H8798]
Pro.23.23	2	H571	the truth	
Pro.23.23	3	H4376	, and sell	[H8799]
Pro.23.23	4	H2451	it not; also wisdom	
Pro.23.23	5	H4148	, and instruction	
Pro.23.23	6	H998	, and understanding.	
Pro.23.24	1	H1	The father	
Pro.23.24	2	H6662	of the righteous	
Pro.23.24	3	H1524	shall greatly	
Pro.23.24	4	H1523	rejoice	[H8799]
Pro.23.24	5	H3205	: and he that begetteth	[H8802]
Pro.23.24	6	H2450	a wise	
Pro.23.24	7	H8055	child shall have joy	[H8799]
Pro.23.25	1	H1	Thy father	
Pro.23.25	2	H517	and thy mother	
Pro.23.25	3	H8055	shall be glad	[H8799]
Pro.23.25	4	H3205	, and she that bare	[H8802]
Pro.23.25	5	H1523	thee shall rejoice	[H8799]
Pro.23.26	1	H1121	My son	
Pro.23.26	2	H5414	, give	[H8798]
Pro.23.26	3	H3820	me thine heart	
Pro.23.26	4	H5869	, and let thine eyes	
Pro.23.26	5	H7521	observe	[H8799]
Pro.23.26	6	H5341		[H8799]
Pro.23.26	7	H1870	my ways.	
Pro.23.27	1	H2181	For a whore	[H8802]
Pro.23.27	2	H6013	is a deep	
Pro.23.27	3	H7745	ditch	
Pro.23.27	4	H5237	; and a strange woman	
Pro.23.27	5	H6862	is a narrow	
Pro.23.27	6	H875	pit.	
Pro.23.28	1	H693	She also lieth in wait	[H8799]
Pro.23.28	2	H2863	as for a prey	
Pro.23.28	3	H3254	, and increaseth	[H8686]
Pro.23.28	4	H898	the transgressors	[H8802]
Pro.23.28	5	H120	among men.	
Pro.23.29	1	H188	Who hath woe	
Pro.23.29	2	H17	? who hath sorrow	
Pro.23.29	3	H4079	? who hath contentions	[H8675]
Pro.23.29	4	H4066		
Pro.23.29	5	H7879	? who hath babbling	
Pro.23.29	6	H6482	? who hath wounds	
Pro.23.29	7	H2600	without cause	
Pro.23.29	8	H2448	? who hath redness	
Pro.23.29	9	H5869	of eyes?	
Pro.23.30	1	H309	They that tarry long	[H8764]
Pro.23.30	2	H3196	at the wine	
Pro.23.30	3	H935	; they that go	[H8802]
Pro.23.30	4	H2713	to seek	[H8800]
Pro.23.30	5	H4469	mixed wine.	
Pro.23.31	1	H7200	Look	[H8799]
Pro.23.31	2	H3196	not thou upon the wine	
Pro.23.31	3	H119	when it is red	[H8691]
Pro.23.31	4	H5414	, when it giveth	[H8799]
Pro.23.31	5	H5869	his colour	
Pro.23.31	6	H3563	in the cup	[H8675]
Pro.23.31	7	H3599		
Pro.23.31	8	H1980	, when it moveth	[H8691]
Pro.23.31	9	H4339	itself aright.	
Pro.23.32	1	H319	At the last	
Pro.23.32	2	H5391	it biteth	[H8799]
Pro.23.32	3	H5175	like a serpent	
Pro.23.32	4	H6567	, and stingeth	[H8686]
Pro.23.32	5	H6848	like an adder.	
Pro.23.33	1	H5869	Thine eyes	
Pro.23.33	2	H7200	shall behold	[H8799]
Pro.23.33	3	H2114	strange women	[H8801]
Pro.23.33	4	H3820	, and thine heart	
Pro.23.33	5	H1696	shall utter	[H8762]
Pro.23.33	6	H8419	perverse things.	
Pro.23.34	1	H7901	Yea, thou shalt be as he that lieth down	[H8802]
Pro.23.34	2	H3820	in the midst	
Pro.23.34	3	H3220	of the sea	
Pro.23.34	4	H7901	, or as he that lieth	[H8802]
Pro.23.34	5	H7218	upon the top	
Pro.23.34	6	H2260	of a mast.	
Pro.23.35	1	H5221	They have stricken	[H8689]
Pro.23.35	2	H2470	me, shalt thou say, and I was not sick	[H8804]
Pro.23.35	3	H1986	; they have beaten	[H8804]
Pro.23.35	4	H3045	me, and I felt	[H8804]
Pro.23.35	5	H6974	it not: when shall I awake	[H8686]
Pro.23.35	6	H1245	? I will seek	[H8762]
Pro.23.35	7	H3254	it yet	[H8686]
Pro.24.1	1	H7065	Be not thou envious	[H8762]
Pro.24.1	2	H7451	against evil	
Pro.24.1	3	H582	men	
Pro.24.1	4	H183	, neither desire	[H8691]
Pro.24.2	1	H3820	For their heart	
Pro.24.2	2	H1897	studieth	[H8799]
Pro.24.2	3	H7701	destruction	
Pro.24.2	4	H8193	, and their lips	
Pro.24.2	5	H1696	talk	[H8762]
Pro.24.2	6	H5999	of mischief.	
Pro.24.3	1	H2451	Through wisdom	
Pro.24.3	2	H1004	is an house	
Pro.24.3	3	H1129	builded	[H8735]
Pro.24.3	4	H8394	; and by understanding	
Pro.24.3	5	H3559	it is established	[H8709]
Pro.24.4	1	H1847	And by knowledge	
Pro.24.4	2	H2315	shall the chambers	
Pro.24.4	3	H4390	be filled	[H8735]
Pro.24.4	4	H3368	with all precious	
Pro.24.4	5	H5273	and pleasant	
Pro.24.4	6	H1952	riches.	
Pro.24.5	1	H2450	A wise	
Pro.24.5	2	H1397	man	
Pro.24.5	3	H5797	is strong	
Pro.24.5	4	H376	; yea, a man	
Pro.24.5	5	H1847	of knowledge	
Pro.24.5	6	H553	increaseth	[H8764]
Pro.24.5	7	H3581	strength.	
Pro.24.6	1	H8458	For by wise counsel	
Pro.24.6	2	H6213	thou shalt make	[H8799]
Pro.24.6	3	H4421	thy war	
Pro.24.6	4	H7230	: and in multitude	
Pro.24.6	5	H3289	of counsellors	[H8802]
Pro.24.6	6	H8668	there is safety.	
Pro.24.7	1	H2454	Wisdom	
Pro.24.7	2	H7311	is too high	[H8802]
Pro.24.7	3	H191	for a fool	
Pro.24.7	4	H6605	: he openeth	[H8799]
Pro.24.7	5	H6310	not his mouth	
Pro.24.7	6	H8179	in the gate.	
Pro.24.8	1	H2803	He that deviseth	[H8764]
Pro.24.8	2	H7489	to do evil	[H8687]
Pro.24.8	3	H7121	shall be called	[H8799]
Pro.24.8	4	H4209	a mischievous	
Pro.24.8	5	H1167	person.	
Pro.24.9	1	H2154	The thought	
Pro.24.9	2	H200	of foolishness	
Pro.24.9	3	H2403	is sin	
Pro.24.9	4	H3887	: and the scorner	[H8801]
Pro.24.9	5	H8441	is an abomination	
Pro.24.9	6	H120	to men.	
Pro.24.10	1	H7503	If thou faint	[H8694]
Pro.24.10	2	H3117	in the day	
Pro.24.10	3	H6869	of adversity	
Pro.24.10	4	H3581	, thy strength	
Pro.24.10	5	H6862	is small.	
Pro.24.11	1	H2820	If thou forbear	[H8799]
Pro.24.11	2	H5337	to deliver	[H8685]
Pro.24.11	3	H3947	them that are drawn	[H8803]
Pro.24.11	4	H4194	unto death	
Pro.24.11	5	H4131	, and those that are ready	[H8801]
Pro.24.11	6	H2027	to be slain;	
Pro.24.12	1	H559	If thou sayest	[H8799]
Pro.24.12	2	H3045	, Behold, we knew	[H8804]
Pro.24.12	3	H8505	it not; doth not he that pondereth	[H8802]
Pro.24.12	4	H3826	the heart	
Pro.24.12	5	H995	consider	[H8799]
Pro.24.12	6	H5341	it ? and he that keepeth	[H8802]
Pro.24.12	7	H5315	thy soul	
Pro.24.12	8	H3045	, doth not he know	[H8799]
Pro.24.12	9	H7725	it ? and shall not he render	[H8689]
Pro.24.12	10	H120	to every man	
Pro.24.12	11	H6467	according to his works?	
Pro.24.13	1	H1121	My son	
Pro.24.13	2	H398	, eat	[H8798]
Pro.24.13	3	H1706	thou honey	
Pro.24.13	4	H2896	, because it is good	
Pro.24.13	5	H5317	; and the honeycomb	
Pro.24.13	6	H4966	, which is sweet	
Pro.24.13	7	H2441	to thy taste:	
Pro.24.14	1	H3045	So shall the knowledge	[H8798]
Pro.24.14	2	H2451	of wisdom	
Pro.24.14	3	H5315	be unto thy soul	
Pro.24.14	4	H4672	: when thou hast found	[H8804]
Pro.24.14	5	H3426	it, then there shall be	
Pro.24.14	6	H319	a reward	
Pro.24.14	7	H8615	, and thy expectation	
Pro.24.14	8	H3772	shall not be cut off	[H8735]
Pro.24.15	1	H693	Lay not wait	[H8799]
Pro.24.15	2	H7563	, O wicked	
Pro.24.15	3	H5116	man, against the dwelling	
Pro.24.15	4	H6662	of the righteous	
Pro.24.15	5	H7703	; spoil	[H8762]
Pro.24.15	6	H7258	not his resting place:	
Pro.24.16	1	H6662	For a just	
Pro.24.16	2	H5307	man falleth	[H8799]
Pro.24.16	3	H7651	seven times	
Pro.24.16	4	H6965	, and riseth up again	[H8804]
Pro.24.16	5	H7563	: but the wicked	
Pro.24.16	6	H3782	shall fall	[H8735]
Pro.24.16	7	H7451	into mischief.	
Pro.24.17	1	H8055	Rejoice	[H8799]
Pro.24.17	2	H341	not when thine enemy	[H8802]
Pro.24.17	3	H5307	falleth	[H8800]
Pro.24.17	4	H3820	, and let not thine heart	
Pro.24.17	5	H1523	be glad	[H8799]
Pro.24.17	6	H3782	when he stumbleth	[H8736]
Pro.24.18	1	H3068	Lest the LORD	
Pro.24.18	2	H7200	see	[H8799]
Pro.24.18	3	H7489	it, and it displease	[H8804]
Pro.24.18	4	H5869		
Pro.24.18	5	H7725	him, and he turn away	[H8689]
Pro.24.18	6	H639	his wrath from him.	
Pro.24.19	1	H2734	Fret	[H8691]
Pro.24.19	2	H7489	not thyself because of evil	[H8688]
Pro.24.19	3	H7065	men, neither be thou envious	[H8762]
Pro.24.19	4	H7563	at the wicked;	
Pro.24.20	1	H319	For there shall be no reward	
Pro.24.20	2	H7451	to the evil	
Pro.24.20	3	H5216	man; the candle	
Pro.24.20	4	H7563	of the wicked	
Pro.24.20	5	H1846	shall be put out	[H8799]
Pro.24.21	1	H1121	My son	
Pro.24.21	2	H3372	, fear	[H8798]
Pro.24.21	3	H3068	thou the LORD	
Pro.24.21	4	H4428	and the king	
Pro.24.21	5	H6148	: and meddle	[H8691]
Pro.24.21	6	H8138	not with them that are given to change	[H8802]
Pro.24.22	1	H343	For their calamity	
Pro.24.22	2	H6965	shall rise	[H8799]
Pro.24.22	3	H6597	suddenly	
Pro.24.22	4	H3045	; and who knoweth	[H8802]
Pro.24.22	5	H6365	the ruin	
Pro.24.22	6	H8147	of them both?	
Pro.24.23	1	H2450	These things also belong to the wise	
Pro.24.23	2	H2896	. It is not good	
Pro.24.23	3	H5234	to have respect	[H8687]
Pro.24.23	4	H6440	of persons	
Pro.24.23	5	H4941	in judgment.	
Pro.24.24	1	H559	He that saith	[H8802]
Pro.24.24	2	H7563	unto the wicked	
Pro.24.24	3	H6662	, Thou art righteous	
Pro.24.24	4	H5971	; him shall the people	
Pro.24.24	5	H5344	curse	[H8799]
Pro.24.24	6	H3816	, nations	
Pro.24.24	7	H2194	shall abhor	[H8799]
Pro.24.25	1	H3198	But to them that rebuke	[H8688]
Pro.24.25	2	H5276	him shall be delight	[H8799]
Pro.24.25	3	H2896	, and a good	
Pro.24.25	4	H1293	blessing	
Pro.24.25	5	H935	shall come	[H8799]
Pro.24.26	1	H5401	Every man shall kiss	[H8799]
Pro.24.26	2	H8193	his lips	
Pro.24.26	3	H7725	that giveth	[H8688]
Pro.24.26	4	H5228	a right	
Pro.24.26	5	H1697	answer.	
Pro.24.27	1	H3559	Prepare	[H8685]
Pro.24.27	2	H4399	thy work	
Pro.24.27	3	H2351	without	
Pro.24.27	4	H6257	, and make it fit	[H8761]
Pro.24.27	5	H7704	for thyself in the field	
Pro.24.27	6	H310	; and afterwards	
Pro.24.27	7	H1129	build	[H8804]
Pro.24.27	8	H1004	thine house.	
Pro.24.28	1	H5707	Be not a witness	
Pro.24.28	2	H7453	against thy neighbour	
Pro.24.28	3	H2600	without cause	
Pro.24.28	4	H6601	; and deceive	[H8765]
Pro.24.28	5	H8193	not with thy lips.	
Pro.24.29	1	H559	Say	[H8799]
Pro.24.29	2	H6213	not, I will do	[H8799]
Pro.24.29	3	H6213	so to him as he hath done	[H8804]
Pro.24.29	4	H7725	to me: I will render	[H8686]
Pro.24.29	5	H376	to the man	
Pro.24.29	6	H6467	according to his work.	
Pro.24.30	1	H5674	I went	[H8804]
Pro.24.30	2	H7704	by the field	
Pro.24.30	3	H376	of the slothful	
Pro.24.30	4	H6102		
Pro.24.30	5	H3754	, and by the vineyard	
Pro.24.30	6	H120	of the man	
Pro.24.30	7	H2638	void	
Pro.24.30	8	H3820	of understanding;	
Pro.24.31	1	H5927	And, lo, it was all grown over	[H8804]
Pro.24.31	2	H7063	with thorns	
Pro.24.31	3	H2738	, and nettles	
Pro.24.31	4	H3680	had covered	[H8795]
Pro.24.31	5	H6440	the face	
Pro.24.31	6	H68	thereof, and the stone	
Pro.24.31	7	H1444	wall	
Pro.24.31	8	H2040	thereof was broken down	[H8738]
Pro.24.32	1	H2372	Then I saw	[H8799]
Pro.24.32	2	H7896	, and considered it well	[H8799]
Pro.24.32	3	H3820		
Pro.24.32	4	H7200	: I looked	[H8804]
Pro.24.32	5	H3947	upon it, and received	[H8804]
Pro.24.32	6	H4148	instruction.	
Pro.24.33	1	H4592	Yet a little	
Pro.24.33	2	H8142	sleep	
Pro.24.33	3	H4592	, a little	
Pro.24.33	4	H8572	slumber	
Pro.24.33	5	H4592	, a little	
Pro.24.33	6	H2264	folding	
Pro.24.33	7	H3027	of the hands	
Pro.24.33	8	H7901	to sleep	[H8800]
Pro.24.34	1	H7389	So shall thy poverty	
Pro.24.34	2	H935	come	[H8804]
Pro.24.34	3	H1980	as one that travelleth	[H8693]
Pro.24.34	4	H4270	; and thy want	
Pro.24.34	5	H4043	as an armed	
Pro.24.34	6	H376	man.	
Pro.25.1	1	H4912	These are also proverbs	
Pro.25.1	2	H8010	of Solomon	
Pro.25.1	3	H582	, which the men	
Pro.25.1	4	H2396	of Hezekiah	
Pro.25.1	5	H4428	king	
Pro.25.1	6	H3063	of Judah	
Pro.25.1	7	H6275	copied out	[H8689]
Pro.25.2	1	H3519	It is the glory	
Pro.25.2	2	H430	of God	
Pro.25.2	3	H5641	to conceal	[H8687]
Pro.25.2	4	H1697	a thing	
Pro.25.2	5	H3519	: but the honour	
Pro.25.2	6	H4428	of kings	
Pro.25.2	7	H2713	is to search out	[H8800]
Pro.25.2	8	H1697	a matter.	
Pro.25.3	1	H8064	The heaven	
Pro.25.3	2	H7312	for height	
Pro.25.3	3	H776	, and the earth	
Pro.25.3	4	H6011	for depth	
Pro.25.3	5	H3820	, and the heart	
Pro.25.3	6	H4428	of kings	
Pro.25.3	7	H2714	is unsearchable.	
Pro.25.4	1	H1898	Take away	[H8800]
Pro.25.4	2	H5509	the dross	
Pro.25.4	3	H3701	from the silver	
Pro.25.4	4	H3318	, and there shall come forth	[H8799]
Pro.25.4	5	H3627	a vessel	
Pro.25.4	6	H6884	for the finer	[H8802]
Pro.25.5	1	H1898	Take away	[H8800]
Pro.25.5	2	H7563	the wicked	
Pro.25.5	3	H6440	from before	
Pro.25.5	4	H4428	the king	
Pro.25.5	5	H3678	, and his throne	
Pro.25.5	6	H3559	shall be established	[H8735]
Pro.25.5	7	H6664	in righteousness.	
Pro.25.6	1	H1921	Put not forth	[H8691]
Pro.25.6	2	H6440	thyself in the presence	
Pro.25.6	3	H4428	of the king	
Pro.25.6	4	H5975	, and stand	[H8799]
Pro.25.6	5	H4725	not in the place	
Pro.25.6	6	H1419	of great men :	
Pro.25.7	1	H2896	For better	
Pro.25.7	2	H559	it is that it be said	[H8800]
Pro.25.7	3	H5927	unto thee, Come up	[H8798]
Pro.25.7	4	H8213	hither; than that thou shouldest be put lower	[H8687]
Pro.25.7	5	H6440	in the presence	
Pro.25.7	6	H5081	of the prince	
Pro.25.7	7	H5869	whom thine eyes	
Pro.25.7	8	H7200	have seen	[H8804]
Pro.25.8	1	H3318	Go not forth	[H8799]
Pro.25.8	2	H4118	hastily	
Pro.25.8	3	H7378	to strive	[H8800]
Pro.25.8	4	H6213	, lest thou know not what to do	[H8799]
Pro.25.8	5	H319	in the end	
Pro.25.8	6	H7453	thereof, when thy neighbour	
Pro.25.8	7	H3637	hath put thee to shame	[H8687]
Pro.25.9	1	H7378	Debate	[H8798]
Pro.25.9	2	H7379	thy cause	
Pro.25.9	3	H7453	with thy neighbour	
Pro.25.9	4	H1540	himself; and discover	[H8762]
Pro.25.9	5	H5475	not a secret	
Pro.25.9	6	H312	to another:	
Pro.25.10	1	H8085	Lest he that heareth	[H8802]
Pro.25.10	2	H2616	it put thee to shame	[H8762]
Pro.25.10	3	H1681	, and thine infamy	
Pro.25.10	4	H7725	turn not away	[H8799]
Pro.25.11	1	H1697	A word	
Pro.25.11	2	H212	fitly	[H8675]
Pro.25.11	3	H655		
Pro.25.11	4	H1696	spoken	[H8803]
Pro.25.11	5	H8598	is like apples	
Pro.25.11	6	H2091	of gold	
Pro.25.11	7	H4906	in pictures	
Pro.25.11	8	H3701	of silver.	
Pro.25.12	1	H5141	As an earring	
Pro.25.12	2	H2091	of gold	
Pro.25.12	3	H2481	, and an ornament	
Pro.25.12	4	H3800	of fine gold	
Pro.25.12	5	H2450	, so is a wise	
Pro.25.12	6	H3198	reprover	[H8688]
Pro.25.12	7	H8085	upon an obedient	[H8802]
Pro.25.12	8	H241	ear.	
Pro.25.13	1	H6793	As the cold	
Pro.25.13	2	H7950	of snow	
Pro.25.13	3	H3117	in the time	
Pro.25.13	4	H7105	of harvest	
Pro.25.13	5	H539	, so is a faithful	[H8737]
Pro.25.13	6	H6735	messenger	
Pro.25.13	7	H7971	to them that send	[H8802]
Pro.25.13	8	H7725	him: for he refresheth	[H8686]
Pro.25.13	9	H5315	the soul	
Pro.25.13	10	H113	of his masters.	
Pro.25.14	1	H376	Whoso	
Pro.25.14	2	H1984	boasteth	[H8693]
Pro.25.14	3	H8267	himself of a false	
Pro.25.14	4	H4991	gift	
Pro.25.14	5	H5387	is like clouds	
Pro.25.14	6	H7307	and wind	
Pro.25.14	7	H1653	without rain.	
Pro.25.15	1	H753	By long	
Pro.25.15	2	H639	forbearing	
Pro.25.15	3	H7101	is a prince	
Pro.25.15	4	H6601	persuaded	[H8792]
Pro.25.15	5	H7390	, and a soft	
Pro.25.15	6	H3956	tongue	
Pro.25.15	7	H7665	breaketh	[H8799]
Pro.25.15	8	H1634	the bone.	
Pro.25.16	1	H4672	Hast thou found	[H8804]
Pro.25.16	2	H1706	honey	
Pro.25.16	3	H398	? eat	[H8798]
Pro.25.16	4	H1767	so much as is sufficient	
Pro.25.16	5	H7646	for thee, lest thou be filled	[H8799]
Pro.25.16	6	H6958	therewith, and vomit	[H8689]
Pro.25.17	1	H3365	Withdraw	[H8685]
Pro.25.17	2	H7272	thy foot	
Pro.25.17	3	H7453	from thy neighbour's	
Pro.25.17	4	H1004	house	
Pro.25.17	5	H7646	; lest he be weary	[H8799]
Pro.25.17	6	H8130	of thee, and so hate	[H8804]
Pro.25.18	1	H376	A man	
Pro.25.18	2	H6030	that beareth	[H8802]
Pro.25.18	3	H8267	false	
Pro.25.18	4	H5707	witness	
Pro.25.18	5	H7453	against his neighbour	
Pro.25.18	6	H4650	is a maul	
Pro.25.18	7	H2719	, and a sword	
Pro.25.18	8	H8150	, and a sharp	[H8802]
Pro.25.18	9	H2671	arrow.	
Pro.25.19	1	H4009	Confidence	
Pro.25.19	2	H898	in an unfaithful man	[H8802]
Pro.25.19	3	H3117	in time	
Pro.25.19	4	H6869	of trouble	
Pro.25.19	5	H7465	is like a broken	
Pro.25.19	6	H8127	tooth	
Pro.25.19	7	H7272	, and a foot	
Pro.25.19	8	H4154	out of joint.	
Pro.25.20	1	H5710	As he that taketh away	[H8688]
Pro.25.20	2	H899	a garment	
Pro.25.20	3	H7135	in cold	
Pro.25.20	4	H3117	weather	
Pro.25.20	5	H2558	, and as vinegar	
Pro.25.20	6	H5427	upon nitre	
Pro.25.20	7	H7891	, so is he that singeth	[H8802]
Pro.25.20	8	H7892	songs	
Pro.25.20	9	H7451	to an heavy	
Pro.25.20	10	H3820	heart.	
Pro.25.21	1	H8130	If thine enemy	[H8802]
Pro.25.21	2	H7457	be hungry	
Pro.25.21	3	H3899	, give him bread	
Pro.25.21	4	H398	to eat	[H8685]
Pro.25.21	5	H6771	; and if he be thirsty	
Pro.25.21	6	H4325	, give him water	
Pro.25.21	7	H8248	to drink	[H8685]
Pro.25.22	1	H2846	For thou shalt heap	[H8802]
Pro.25.22	2	H1513	coals of fire	
Pro.25.22	3	H7218	upon his head	
Pro.25.22	4	H3068	, and the LORD	
Pro.25.22	5	H7999	shall reward	[H8762]
Pro.25.23	1	H6828	The north	
Pro.25.23	2	H7307	wind	
Pro.25.23	3	H2342	driveth away	[H8787]
Pro.25.23	4	H1653	rain	
Pro.25.23	5	H2194	: so doth an angry	[H8737]
Pro.25.23	6	H6440	countenance	
Pro.25.23	7	H5643	a backbiting	
Pro.25.23	8	H3956	tongue.	
Pro.25.24	1	H2896	It is better	
Pro.25.24	2	H3427	to dwell	[H8800]
Pro.25.24	3	H6438	in the corner	
Pro.25.24	4	H1406	of the housetop	
Pro.25.24	5	H4079	, than with a brawling	[H8675]
Pro.25.24	6	H4066		
Pro.25.24	7	H802	woman	
Pro.25.24	8	H2267	and in a wide	
Pro.25.24	9	H1004	house.	
Pro.25.25	1	H7119	As cold	
Pro.25.25	2	H4325	waters	
Pro.25.25	3	H5889	to a thirsty	
Pro.25.25	4	H5315	soul	
Pro.25.25	5	H2896	, so is good	
Pro.25.25	6	H8052	news	
Pro.25.25	7	H4801	from a far	
Pro.25.25	8	H776	country.	
Pro.25.26	1	H6662	A righteous	
Pro.25.26	2	H4131	man falling down	[H8801]
Pro.25.26	3	H6440	before	
Pro.25.26	4	H7563	the wicked	
Pro.25.26	5	H7515	is as a troubled	[H8737]
Pro.25.26	6	H4599	fountain	
Pro.25.26	7	H7843	, and a corrupt	[H8716]
Pro.25.26	8	H4726	spring.	
Pro.25.27	1	H2896	It is not good	
Pro.25.27	2	H398	to eat	[H8800]
Pro.25.27	3	H7235	much	[H8687]
Pro.25.27	4	H1706	honey	
Pro.25.27	5	H2714	: so for men to search	
Pro.25.27	6	H3519	their own glory	
Pro.25.27	7	H3519	is not glory.	
Pro.25.28	1	H376	He	
Pro.25.28	2	H4623	that hath no rule	
Pro.25.28	3	H7307	over his own spirit	
Pro.25.28	4	H5892	is like a city	
Pro.25.28	5	H6555	that is broken down	[H8803]
Pro.25.28	6	H2346	, and without walls.	
Pro.26.1	1	H7950	As snow	
Pro.26.1	2	H7019	in summer	
Pro.26.1	3	H4306	, and as rain	
Pro.26.1	4	H7105	in harvest	
Pro.26.1	5	H3519	, so honour	
Pro.26.1	6	H5000	is not seemly	
Pro.26.1	7	H3684	for a fool.	
Pro.26.2	1	H6833	As the bird	
Pro.26.2	2	H5110	by wandering	[H8800]
Pro.26.2	3	H1866	, as the swallow	
Pro.26.2	4	H5774	by flying	[H8800]
Pro.26.2	5	H7045	, so the curse	
Pro.26.2	6	H2600	causeless	
Pro.26.2	7	H935	shall not come	[H8799]
Pro.26.3	1	H7752	A whip	
Pro.26.3	2	H5483	for the horse	
Pro.26.3	3	H4964	, a bridle	
Pro.26.3	4	H2543	for the ass	
Pro.26.3	5	H7626	, and a rod	
Pro.26.3	6	H3684	for the fool's	
Pro.26.3	7	H1460	back.	
Pro.26.4	1	H6030	Answer	[H8799]
Pro.26.4	2	H3684	not a fool	
Pro.26.4	3	H200	according to his folly	
Pro.26.4	4	H7737	, lest thou also be like	[H8799]
Pro.26.5	1	H6030	Answer	[H8798]
Pro.26.5	2	H3684	a fool	
Pro.26.5	3	H200	according to his folly	
Pro.26.5	4	H2450	, lest he be wise	
Pro.26.5	5	H5869	in his own conceit.	
Pro.26.6	1	H7971	He that sendeth	[H8802]
Pro.26.6	2	H1697	a message	
Pro.26.6	3	H3027	by the hand	
Pro.26.6	4	H3684	of a fool	
Pro.26.6	5	H7096	cutteth off	[H8764]
Pro.26.6	6	H7272	the feet	
Pro.26.6	7	H8354	, and drinketh	[H8802]
Pro.26.6	8	H2555	damage.	
Pro.26.7	1	H7785	The legs	
Pro.26.7	2	H6455	of the lame	
Pro.26.7	3	H1809	are not equal	[H8804]
Pro.26.7	4	H4912	: so is a parable	
Pro.26.7	5	H6310	in the mouth	
Pro.26.7	6	H3684	of fools.	
Pro.26.8	1	H6872	As he that bindeth	[H8675]
Pro.26.8	2	H6887		[H8800]
Pro.26.8	3	H68	a stone	
Pro.26.8	4	H4773	in a sling	
Pro.26.8	5	H5414	, so is he that giveth	[H8802]
Pro.26.8	6	H3519	honour	
Pro.26.8	7	H3684	to a fool.	
Pro.26.9	1	H2336	As a thorn	
Pro.26.9	2	H5927	goeth up	[H8804]
Pro.26.9	3	H3027	into the hand	
Pro.26.9	4	H7910	of a drunkard	
Pro.26.9	5	H4912	, so is a parable	
Pro.26.9	6	H6310	in the mouth	
Pro.26.9	7	H3684	of fools.	
Pro.26.10	1	H7227	The great	
Pro.26.10	2	H2342	God that formed	[H8789]
Pro.26.10	3	H7936	all things both rewardeth	[H8802]
Pro.26.10	4	H3684	the fool	
Pro.26.10	5	H7936	, and rewardeth	[H8802]
Pro.26.10	6	H5674	transgressors	[H8802]
Pro.26.11	1	H3611	As a dog	
Pro.26.11	2	H7725	returneth	[H8804]
Pro.26.11	3	H6892	to his vomit	
Pro.26.11	4	H3684	, so a fool	
Pro.26.11	5	H8138	returneth	[H8802]
Pro.26.11	6	H200	to his folly.	
Pro.26.12	1	H7200	Seest	[H8804]
Pro.26.12	2	H376	thou a man	
Pro.26.12	3	H2450	wise	
Pro.26.12	4	H5869	in his own conceit	
Pro.26.12	5	H8615	? there is more hope	
Pro.26.12	6	H3684	of a fool than of him.	
Pro.26.13	1	H6102	The slothful	
Pro.26.13	2	H559	man saith	[H8804]
Pro.26.13	3	H7826	, There is a lion	
Pro.26.13	4	H1870	in the way	
Pro.26.13	5	H738	; a lion	
Pro.26.13	6	H7339	is in the streets.	
Pro.26.14	1	H1817	As the door	
Pro.26.14	2	H5437	turneth	[H8735]
Pro.26.14	3	H6735	upon his hinges	
Pro.26.14	4	H6102	, so doth the slothful	
Pro.26.14	5	H4296	upon his bed.	
Pro.26.15	1	H6102	The slothful	
Pro.26.15	2	H2934	hideth	[H8804]
Pro.26.15	3	H3027	his hand	
Pro.26.15	4	H6747	in his bosom	
Pro.26.15	5	H3811	; it grieveth	[H8738]
Pro.26.15	6	H7725	him to bring it again	[H8687]
Pro.26.15	7	H6310	to his mouth.	
Pro.26.16	1	H6102	The sluggard	
Pro.26.16	2	H2450	is wiser	
Pro.26.16	3	H5869	in his own conceit	
Pro.26.16	4	H7651	than seven men	
Pro.26.16	5	H7725	that can render	[H8688]
Pro.26.16	6	H2940	a reason.	
Pro.26.17	1	H5674	He that passeth by	[H8802]
Pro.26.17	2	H5674	, and meddleth	[H8693]
Pro.26.17	3	H7379	with strife	
Pro.26.17	4	H2388	belonging not to him, is like one that taketh	[H8688]
Pro.26.17	5	H3611	a dog	
Pro.26.17	6	H241	by the ears.	
Pro.26.18	1	H3856	As a mad	[H8700]
Pro.26.18	2	H3384	man who casteth	[H8802]
Pro.26.18	3	H2131	firebrands	
Pro.26.18	4	H2671	, arrows	
Pro.26.18	5	H4194	, and death,	
Pro.26.19	1	H376	So is the man	
Pro.26.19	2	H7411	that deceiveth	[H8765]
Pro.26.19	3	H7453	his neighbour	
Pro.26.19	4	H559	, and saith	[H8804]
Pro.26.19	5	H7832	, Am not I in sport	[H8764]
Pro.26.20	1	H657	Where no	
Pro.26.20	2	H6086	wood	
Pro.26.20	3	H784	is, there the fire	
Pro.26.20	4	H3518	goeth out	[H8799]
Pro.26.20	5	H5372	: so where there is no talebearer	
Pro.26.20	6	H4066	, the strife	
Pro.26.20	7	H8367	ceaseth	[H8799]
Pro.26.21	1	H6352	As coals	
Pro.26.21	2	H1513	are to burning coals	
Pro.26.21	3	H6086	, and wood	
Pro.26.21	4	H784	to fire	
Pro.26.21	5	H4079	; so is a contentious	[H8675]
Pro.26.21	6	H4066		
Pro.26.21	7	H376	man	
Pro.26.21	8	H2787	to kindle	[H8771]
Pro.26.21	9	H7379	strife.	
Pro.26.22	1	H1697	The words	
Pro.26.22	2	H5372	of a talebearer	
Pro.26.22	3	H3859	are as wounds	[H8693]
Pro.26.22	4	H3381	, and they go down	[H8804]
Pro.26.22	5	H2315	into the innermost parts	
Pro.26.22	6	H990	of the belly.	
Pro.26.23	1	H1814	Burning	[H8801]
Pro.26.23	2	H8193	lips	
Pro.26.23	3	H7451	and a wicked	
Pro.26.23	4	H3820	heart	
Pro.26.23	5	H2789	are like a potsherd	
Pro.26.23	6	H6823	covered	[H8794]
Pro.26.23	7	H3701	with silver	
Pro.26.23	8	H5509	dross.	
Pro.26.24	1	H8130	He that hateth	[H8802]
Pro.26.24	2	H5234	dissembleth	[H8735]
Pro.26.24	3	H8193	with his lips	
Pro.26.24	4	H7896	, and layeth up	[H8799]
Pro.26.24	5	H4820	deceit	
Pro.26.24	6	H7130	within him;	
Pro.26.25	1	H6963	When he speaketh	
Pro.26.25	2	H2603	fair	[H8762]
Pro.26.25	3	H539	, believe	[H8686]
Pro.26.25	4	H7651	him not: for there are seven	
Pro.26.25	5	H8441	abominations	
Pro.26.25	6	H3820	in his heart.	
Pro.26.26	1	H8135	Whose hatred	
Pro.26.26	2	H3680	is covered	[H8691]
Pro.26.26	3	H4860	by deceit	
Pro.26.26	4	H7451	, his wickedness	
Pro.26.26	5	H1540	shall be shewed	[H8735]
Pro.26.26	6	H6951	before the whole congregation.	
Pro.26.27	1	H3738	Whoso diggeth	[H8802]
Pro.26.27	2	H7845	a pit	
Pro.26.27	3	H5307	shall fall	[H8799]
Pro.26.27	4	H1556	therein: and he that rolleth	[H8802]
Pro.26.27	5	H68	a stone	
Pro.26.27	6	H7725	, it will return	[H8799]
Pro.26.28	1	H8267	A lying	
Pro.26.28	2	H3956	tongue	
Pro.26.28	3	H8130	hateth	[H8799]
Pro.26.28	4	H1790	those that are afflicted	
Pro.26.28	5	H2509	by it; and a flattering	
Pro.26.28	6	H6310	mouth	
Pro.26.28	7	H6213	worketh	[H8799]
Pro.26.28	8	H4072	ruin.	
Pro.27.1	1	H1984	Boast	[H8691]
Pro.27.1	2	H4279	not thyself of to morrow	
Pro.27.1	3	H3045	; for thou knowest	[H8799]
Pro.27.1	4	H3117	not what a day	
Pro.27.1	5	H3205	may bring forth	[H8799]
Pro.27.2	1	H2114	Let another man	[H8801]
Pro.27.2	2	H1984	praise	[H8762]
Pro.27.2	3	H6310	thee, and not thine own mouth	
Pro.27.2	4	H5237	; a stranger	
Pro.27.2	5	H8193	, and not thine own lips.	
Pro.27.3	1	H68	A stone	
Pro.27.3	2	H3514	is heavy	
Pro.27.3	3	H2344	, and the sand	
Pro.27.3	4	H5192	weighty	
Pro.27.3	5	H191	; but a fool's	
Pro.27.3	6	H3708	wrath	
Pro.27.3	7	H3515	is heavier	
Pro.27.3	8	H8147	than them both.	
Pro.27.4	1	H2534	Wrath	
Pro.27.4	2	H395	is cruel	
Pro.27.4	3	H639	, and anger	
Pro.27.4	4	H7858	is outrageous	
Pro.27.4	5	H5975	; but who is able to stand	[H8799]
Pro.27.4	6	H6440	before	
Pro.27.4	7	H7068	envy?	
Pro.27.5	1	H1540	Open	[H8794]
Pro.27.5	2	H8433	rebuke	
Pro.27.5	3	H2896	is better	
Pro.27.5	4	H5641	than secret	[H8794]
Pro.27.5	5	H160	love.	
Pro.27.6	1	H539	Faithful	[H8737]
Pro.27.6	2	H6482	are the wounds	
Pro.27.6	3	H157	of a friend	[H8802]
Pro.27.6	4	H5390	; but the kisses	
Pro.27.6	5	H8130	of an enemy	[H8802]
Pro.27.6	6	H6280	are deceitful	[H8737]
Pro.27.7	1	H7649	The full	
Pro.27.7	2	H5315	soul	
Pro.27.7	3	H947	loatheth	[H8799]
Pro.27.7	4	H5317	an honeycomb	
Pro.27.7	5	H7457	; but to the hungry	
Pro.27.7	6	H5315	soul	
Pro.27.7	7	H4751	every bitter thing	
Pro.27.7	8	H4966	is sweet.	
Pro.27.8	1	H6833	As a bird	
Pro.27.8	2	H5074	that wandereth	[H8802]
Pro.27.8	3	H7064	from her nest	
Pro.27.8	4	H376	, so is a man	
Pro.27.8	5	H5074	that wandereth	[H8802]
Pro.27.8	6	H4725	from his place.	
Pro.27.9	1	H8081	Ointment	
Pro.27.9	2	H7004	and perfume	
Pro.27.9	3	H8055	rejoice	[H8762]
Pro.27.9	4	H3820	the heart	
Pro.27.9	5	H4986	: so doth the sweetness	
Pro.27.9	6	H7453	of a man's friend	
Pro.27.9	7	H5315	by hearty	
Pro.27.9	8	H6098	counsel.	
Pro.27.10	1	H7453	Thine own friend	
Pro.27.10	2	H1	, and thy father's	
Pro.27.10	3	H7453	friend	
Pro.27.10	4	H5800	, forsake	[H8799]
Pro.27.10	5	H935	not; neither go	[H8799]
Pro.27.10	6	H251	into thy brother's	
Pro.27.10	7	H1004	house	
Pro.27.10	8	H3117	in the day	
Pro.27.10	9	H343	of thy calamity	
Pro.27.10	10	H2896	: for better	
Pro.27.10	11	H7934	is a neighbour	
Pro.27.10	12	H7138	that is near	
Pro.27.10	13	H251	than a brother	
Pro.27.10	14	H7350	far off.	
Pro.27.11	1	H1121	My son	
Pro.27.11	2	H2449	, be wise	[H8798]
Pro.27.11	3	H3820	, and make my heart	
Pro.27.11	4	H8055	glad	[H8761]
Pro.27.11	5	H7725	, that I may answer	[H8686]
Pro.27.11	6	H1697		
Pro.27.11	7	H2778	him that reproacheth	[H8802]
Pro.27.12	1	H6175	A prudent	
Pro.27.12	2	H7200	man foreseeth	[H8804]
Pro.27.12	3	H7451	the evil	
Pro.27.12	4	H5641	, and hideth	[H8738]
Pro.27.12	5	H6612	himself; but the simple	
Pro.27.12	6	H5674	pass on	[H8804]
Pro.27.12	7	H6064	, and are punished	[H8738]
Pro.27.13	1	H3947	Take	[H8798]
Pro.27.13	2	H899	his garment	
Pro.27.13	3	H6148	that is surety	[H8804]
Pro.27.13	4	H2114	for a stranger	[H8801]
Pro.27.13	5	H2254	, and take a pledge	[H8798]
Pro.27.13	6	H5237	of him for a strange woman.	
Pro.27.14	1	H1288	He that blesseth	[H8764]
Pro.27.14	2	H7453	his friend	
Pro.27.14	3	H1419	with a loud	
Pro.27.14	4	H6963	voice	
Pro.27.14	5	H7925	, rising early	[H8687]
Pro.27.14	6	H1242	in the morning	
Pro.27.14	7	H2803	, it shall be counted	[H8735]
Pro.27.14	8	H7045	a curse to him.	
Pro.27.15	1	H2956	A continual	[H8802]
Pro.27.15	2	H1812	dropping	
Pro.27.15	3	H5464	in a very rainy	
Pro.27.15	4	H3117	day	
Pro.27.15	5	H4079	and a contentious	[H8675]
Pro.27.15	6	H4066		
Pro.27.15	7	H802	woman	
Pro.27.15	8	H7737	are alike	[H8739]
Pro.27.16	1	H6845	Whosoever hideth	[H8802]
Pro.27.16	2	H6845	her hideth	[H8804]
Pro.27.16	3	H7307	the wind	
Pro.27.16	4	H8081	, and the ointment	
Pro.27.16	5	H3225	of his right hand	
Pro.27.16	6	H7121	, which bewrayeth	[H8799]
Pro.27.17	1	H1270	Iron	
Pro.27.17	2	H2300	sharpeneth	[H8799]
Pro.27.17	3	H1270	iron	
Pro.27.17	4	H376	; so a man	
Pro.27.17	5	H2300	sharpeneth	[H8686]
Pro.27.17	6	H6440	the countenance	
Pro.27.17	7	H7453	of his friend.	
Pro.27.18	1	H5341	Whoso keepeth	[H8802]
Pro.27.18	2	H8384	the fig tree	
Pro.27.18	3	H398	shall eat	[H8799]
Pro.27.18	4	H6529	the fruit	
Pro.27.18	5	H8104	thereof: so he that waiteth	[H8802]
Pro.27.18	6	H113	on his master	
Pro.27.18	7	H3513	shall be honoured	[H8792]
Pro.27.19	1	H4325	As in water	
Pro.27.19	2	H6440	face	
Pro.27.19	3	H6440	answereth to face	
Pro.27.19	4	H3820	, so the heart	
Pro.27.19	5	H120	of man	
Pro.27.19	6	H120	to man.	
Pro.27.20	1	H7585	Hell	
Pro.27.20	2	H11	and destruction	[H8675]
Pro.27.20	3	H10		
Pro.27.20	4	H3808	are never	
Pro.27.20	5	H7646	full	[H8799]
Pro.27.20	6	H5869	; so the eyes	
Pro.27.20	7	H120	of man	
Pro.27.20	8	H7646	are never satisfied	[H8799]
Pro.27.21	1	H4715	As the fining pot	
Pro.27.21	2	H3701	for silver	
Pro.27.21	3	H3564	, and the furnace	
Pro.27.21	4	H2091	for gold	
Pro.27.21	5	H376	; so is a man	
Pro.27.21	6	H6310	to	
Pro.27.21	7	H4110	his praise.	
Pro.27.22	1	H3806	Though thou shouldest bray	[H8799]
Pro.27.22	2	H191	a fool	
Pro.27.22	3	H4388	in a mortar	
Pro.27.22	4	H8432	among	
Pro.27.22	5	H7383	wheat	
Pro.27.22	6	H5940	with a pestle	
Pro.27.22	7	H200	, yet will not his foolishness	
Pro.27.22	8	H5493	depart	[H8799]
Pro.27.23	1	H3045	Be thou diligent	[H8799]
Pro.27.23	2	H3045	to know	[H8800]
Pro.27.23	3	H6440	the state	
Pro.27.23	4	H6629	of thy flocks	
Pro.27.23	5	H7896	, and look	[H8798]
Pro.27.23	6	H3820	well	
Pro.27.23	7	H5739	to thy herds.	
Pro.27.24	1	H2633	For riches	
Pro.27.24	2	H5769	are not for ever	
Pro.27.24	3	H5145	: and doth the crown	
Pro.27.24	4	H1755	endure to every	
Pro.27.24	5	H1755	generation?	
Pro.27.25	1	H2682	The hay	
Pro.27.25	2	H1540	appeareth	[H8804]
Pro.27.25	3	H1877	, and the tender grass	
Pro.27.25	4	H7200	sheweth	[H8738]
Pro.27.25	5	H6212	itself, and herbs	
Pro.27.25	6	H2022	of the mountains	
Pro.27.25	7	H622	are gathered	[H8738]
Pro.27.26	1	H3532	The lambs	
Pro.27.26	2	H3830	are for thy clothing	
Pro.27.26	3	H6260	, and the goats	
Pro.27.26	4	H4242	are the price	
Pro.27.26	5	H7704	of the field.	
Pro.27.27	1	H5795	And thou shalt have goats	
Pro.27.27	2	H2461	' milk	
Pro.27.27	3	H1767	enough	
Pro.27.27	4	H3899	for thy food	
Pro.27.27	5	H3899	, for the food	
Pro.27.27	6	H1004	of thy household	
Pro.27.27	7	H2416	, and for the maintenance	
Pro.27.27	8	H5291	for thy maidens.	
Pro.28.1	1	H7563	The wicked	
Pro.28.1	2	H5127	flee	[H8804]
Pro.28.1	3	H7291	when no man pursueth	[H8802]
Pro.28.1	4	H6662	: but the righteous	
Pro.28.1	5	H982	are bold	[H8799]
Pro.28.1	6	H3715	as a lion.	
Pro.28.2	1	H6588	For the transgression	
Pro.28.2	2	H776	of a land	
Pro.28.2	3	H7227	many	
Pro.28.2	4	H8269	are the princes	
Pro.28.2	5	H120	thereof: but by a man	
Pro.28.2	6	H995	of understanding	[H8688]
Pro.28.2	7	H3045	and knowledge	[H8802]
Pro.28.2	8	H3651	the state	
Pro.28.2	9	H748	thereof shall be prolonged	[H8686]
Pro.28.3	1	H7326	A poor	[H8802]
Pro.28.3	2	H1397	man	
Pro.28.3	3	H6231	that oppresseth	[H8802]
Pro.28.3	4	H1800	the poor	
Pro.28.3	5	H5502	is like a sweeping	[H8802]
Pro.28.3	6	H4306	rain	
Pro.28.3	7	H3899	which leaveth no food.	
Pro.28.4	1	H5800	They that forsake	[H8802]
Pro.28.4	2	H8451	the law	
Pro.28.4	3	H1984	praise	[H8762]
Pro.28.4	4	H7563	the wicked	
Pro.28.4	5	H8104	: but such as keep	[H8802]
Pro.28.4	6	H8451	the law	
Pro.28.4	7	H1624	contend	[H8691]
Pro.28.5	1	H7451	Evil	
Pro.28.5	2	H582	men	
Pro.28.5	3	H995	understand	[H8799]
Pro.28.5	4	H4941	not judgment	
Pro.28.5	5	H1245	: but they that seek	[H8764]
Pro.28.5	6	H3068	the LORD	
Pro.28.5	7	H995	understand	[H8799]
Pro.28.6	1	H2896	Better	
Pro.28.6	2	H7326	is the poor	[H8802]
Pro.28.6	3	H1980	that walketh	[H8802]
Pro.28.6	4	H8537	in his uprightness	
Pro.28.6	5	H6141	, than he that is perverse	
Pro.28.6	6	H1870	in his ways	
Pro.28.6	7	H6223	, though he be rich.	
Pro.28.7	1	H5341	Whoso keepeth	[H8802]
Pro.28.7	2	H8451	the law	
Pro.28.7	3	H995	is a wise	[H8688]
Pro.28.7	4	H1121	son	
Pro.28.7	5	H7462	: but he that is a companion	[H8802]
Pro.28.7	6	H2151	of riotous	[H8802]
Pro.28.7	7	H3637	men shameth	[H8686]
Pro.28.7	8	H1	his father.	
Pro.28.8	1	H5392	He that by usury	
Pro.28.8	2	H8636	and unjust gain	
Pro.28.8	3	H7235	increaseth	[H8688]
Pro.28.8	4	H1952	his substance	
Pro.28.8	5	H6908	, he shall gather	[H8762]
Pro.28.8	6	H2603	it for him that will pity	[H8802]
Pro.28.8	7	H1800	the poor.	
Pro.28.9	1	H5493	He that turneth away	[H8688]
Pro.28.9	2	H241	his ear	
Pro.28.9	3	H8085	from hearing	[H8800]
Pro.28.9	4	H8451	the law	
Pro.28.9	5	H8605	, even his prayer	
Pro.28.9	6	H8441	shall be abomination.	
Pro.28.10	1	H3477	Whoso causeth the righteous	
Pro.28.10	2	H7686	to go astray	[H8688]
Pro.28.10	3	H7451	in an evil	
Pro.28.10	4	H1870	way	
Pro.28.10	5	H5307	, he shall fall	[H8799]
Pro.28.10	6	H7816	himself into his own pit	
Pro.28.10	7	H8549	: but the upright	
Pro.28.10	8	H2896	shall have good	
Pro.28.10	9	H5157	things in possession	[H8799]
Pro.28.11	1	H6223	The rich	
Pro.28.11	2	H376	man	
Pro.28.11	3	H2450	is wise	
Pro.28.11	4	H5869	in his own conceit	
Pro.28.11	5	H1800	; but the poor	
Pro.28.11	6	H995	that hath understanding	[H8688]
Pro.28.11	7	H2713	searcheth him out	[H8799]
Pro.28.12	1	H6662	When righteous	
Pro.28.12	2	H5970	men do rejoice	[H8800]
Pro.28.12	3	H7227	, there is great	
Pro.28.12	4	H8597	glory	
Pro.28.12	5	H7563	: but when the wicked	
Pro.28.12	6	H6965	rise	[H8800]
Pro.28.12	7	H120	, a man	
Pro.28.12	8	H2664	is hidden	[H8792]
Pro.28.13	1	H3680	He that covereth	[H8764]
Pro.28.13	2	H6588	his sins	
Pro.28.13	3	H6743	shall not prosper	[H8686]
Pro.28.13	4	H3034	: but whoso confesseth	[H8688]
Pro.28.13	5	H5800	and forsaketh	[H8802]
Pro.28.13	6	H7355	them shall have mercy	[H8792]
Pro.28.14	1	H835	Happy	
Pro.28.14	2	H120	is the man	
Pro.28.14	3	H6342	that feareth	[H8764]
Pro.28.14	4	H8548	alway	
Pro.28.14	5	H7185	: but he that hardeneth	[H8688]
Pro.28.14	6	H3820	his heart	
Pro.28.14	7	H5307	shall fall	[H8799]
Pro.28.14	8	H7451	into mischief.	
Pro.28.15	1	H5098	As a roaring	[H8802]
Pro.28.15	2	H738	lion	
Pro.28.15	3	H8264	, and a ranging	[H8802]
Pro.28.15	4	H1677	bear	
Pro.28.15	5	H7563	; so is a wicked	
Pro.28.15	6	H4910	ruler	[H8802]
Pro.28.15	7	H1800	over the poor	
Pro.28.15	8	H5971	people.	
Pro.28.16	1	H5057	The prince	
Pro.28.16	2	H2638	that wanteth	
Pro.28.16	3	H8394	understanding	
Pro.28.16	4	H7227	is also a great	
Pro.28.16	5	H4642	oppressor	
Pro.28.16	6	H8130	: but he that hateth	[H8802]
Pro.28.16	7	H1215	covetousness	
Pro.28.16	8	H748	shall prolong	[H8686]
Pro.28.16	9	H3117	his days.	
Pro.28.17	1	H120	A man	
Pro.28.17	2	H6231	that doeth violence	[H8803]
Pro.28.17	3	H1818	to the blood	
Pro.28.17	4	H5315	of any person	
Pro.28.17	5	H5127	shall flee	[H8799]
Pro.28.17	6	H953	to the pit	
Pro.28.17	7	H8551	; let no man stay	[H8799]
Pro.28.18	1	H1980	Whoso walketh	[H8802]
Pro.28.18	2	H8549	uprightly	
Pro.28.18	3	H3467	shall be saved	[H8735]
Pro.28.18	4	H6140	: but he that is perverse	[H8737]
Pro.28.18	5	H1870	in his ways	
Pro.28.18	6	H5307	shall fall	[H8799]
Pro.28.18	7	H259	at once.	
Pro.28.19	1	H5647	He that tilleth	[H8802]
Pro.28.19	2	H127	his land	
Pro.28.19	3	H7646	shall have plenty	[H8799]
Pro.28.19	4	H3899	of bread	
Pro.28.19	5	H7291	: but he that followeth	[H8764]
Pro.28.19	6	H7386	after vain	
Pro.28.19	7	H7389	persons shall have poverty enough.	
Pro.28.20	1	H530	A faithful	
Pro.28.20	2	H376	man	
Pro.28.20	3	H7227	shall abound	
Pro.28.20	4	H1293	with blessings	
Pro.28.20	5	H213	: but he that maketh haste	[H8801]
Pro.28.20	6	H6238	to be rich	[H8687]
Pro.28.20	7	H5352	shall not be innocent	[H8735]
Pro.28.21	1	H5234	To have respect	[H8687]
Pro.28.21	2	H6440	of persons	
Pro.28.21	3	H2896	is not good	
Pro.28.21	4	H6595	: for for a piece	
Pro.28.21	5	H3899	of bread	
Pro.28.21	6	H1397	that man	
Pro.28.21	7	H6586	will transgress	[H8799]
Pro.28.22	1	H376	He	
Pro.28.22	2	H926	that hasteth	[H8737]
Pro.28.22	3	H1952	to be rich	
Pro.28.22	4	H7451	hath an evil	
Pro.28.22	5	H5869	eye	
Pro.28.22	6	H3045	, and considereth	[H8799]
Pro.28.22	7	H2639	not that poverty	
Pro.28.22	8	H935	shall come	[H8799]
Pro.28.23	1	H3198	He that rebuketh	[H8688]
Pro.28.23	2	H120	a man	
Pro.28.23	3	H310	afterwards	
Pro.28.23	4	H4672	shall find	[H8799]
Pro.28.23	5	H2580	more favour	
Pro.28.23	6	H2505	than he that flattereth	[H8688]
Pro.28.23	7	H3956	with the tongue.	
Pro.28.24	1	H1497	Whoso robbeth	[H8802]
Pro.28.24	2	H1	his father	
Pro.28.24	3	H517	or his mother	
Pro.28.24	4	H559	, and saith	[H8802]
Pro.28.24	5	H6588	, It is no transgression	
Pro.28.24	6	H2270	; the same is the companion	
Pro.28.24	7	H376	of a destroyer	
Pro.28.24	8	H7843		[H8688]
Pro.28.25	1	H7342	He that is of a proud	
Pro.28.25	2	H5315	heart	
Pro.28.25	3	H1624	stirreth up	[H8762]
Pro.28.25	4	H4066	strife	
Pro.28.25	5	H982	: but he that putteth his trust	[H8802]
Pro.28.25	6	H3068	in the LORD	
Pro.28.25	7	H1878	shall be made fat	[H8792]
Pro.28.26	1	H982	He that trusteth	[H8802]
Pro.28.26	2	H3820	in his own heart	
Pro.28.26	3	H3684	is a fool	
Pro.28.26	4	H1980	: but whoso walketh	[H8802]
Pro.28.26	5	H2451	wisely	
Pro.28.26	6	H4422	, he shall be delivered	[H8735]
Pro.28.27	1	H5414	He that giveth	[H8802]
Pro.28.27	2	H7326	unto the poor	[H8802]
Pro.28.27	3	H4270	shall not lack	
Pro.28.27	4	H5956	: but he that hideth	[H8688]
Pro.28.27	5	H5869	his eyes	
Pro.28.27	6	H7227	shall have many	
Pro.28.27	7	H3994	a curse.	
Pro.28.28	1	H7563	When the wicked	
Pro.28.28	2	H6965	rise	[H8800]
Pro.28.28	3	H120	, men	
Pro.28.28	4	H5641	hide	[H8735]
Pro.28.28	5	H6	themselves: but when they perish	[H8800]
Pro.28.28	6	H6662	, the righteous	
Pro.28.28	7	H7235	increase	[H8799]
Pro.29.1	1	H376	He	
Pro.29.1	2	H8433	, that being often reproved	
Pro.29.1	3	H7185	hardeneth	[H8688]
Pro.29.1	4	H6203	his neck	
Pro.29.1	5	H6621	, shall suddenly	
Pro.29.1	6	H7665	be destroyed	[H8735]
Pro.29.1	7	H4832	, and that without remedy.	
Pro.29.2	1	H6662	When the righteous	
Pro.29.2	2	H7235	are in authority	[H8800]
Pro.29.2	3	H5971	, the people	
Pro.29.2	4	H8055	rejoice	[H8799]
Pro.29.2	5	H7563	: but when the wicked	
Pro.29.2	6	H4910	beareth rule	[H8800]
Pro.29.2	7	H5971	, the people	
Pro.29.2	8	H584	mourn	[H8735]
Pro.29.3	1	H376	Whoso	
Pro.29.3	2	H157	loveth	[H8802]
Pro.29.3	3	H2451	wisdom	
Pro.29.3	4	H8055	rejoiceth	[H8762]
Pro.29.3	5	H1	his father	
Pro.29.3	6	H7462	: but he that keepeth company	[H8802]
Pro.29.3	7	H2181	with harlots	[H8802]
Pro.29.3	8	H6	spendeth	[H8762]
Pro.29.3	9	H1952	his substance.	
Pro.29.4	1	H4428	The king	
Pro.29.4	2	H4941	by judgment	
Pro.29.4	3	H5975	establisheth	[H8686]
Pro.29.4	4	H776	the land	
Pro.29.4	5	H376	: but he	
Pro.29.4	6	H8641	that receiveth gifts	
Pro.29.4	7	H2040	overthroweth	[H8799]
Pro.29.5	1	H1397	A man	
Pro.29.5	2	H2505	that flattereth	[H8688]
Pro.29.5	3	H7453	his neighbour	
Pro.29.5	4	H6566	spreadeth	[H8802]
Pro.29.5	5	H7568	a net	
Pro.29.5	6	H6471	for his feet.	
Pro.29.6	1	H6588	In the transgression	
Pro.29.6	2	H7451	of an evil	
Pro.29.6	3	H376	man	
Pro.29.6	4	H4170	there is a snare	
Pro.29.6	5	H6662	: but the righteous	
Pro.29.6	6	H7442	doth sing	[H8799]
Pro.29.6	7	H8056	and rejoice.	
Pro.29.7	1	H6662	The righteous	
Pro.29.7	2	H3045	considereth	[H8802]
Pro.29.7	3	H1779	the cause	
Pro.29.7	4	H1800	of the poor	
Pro.29.7	5	H7563	: but the wicked	
Pro.29.7	6	H995	regardeth	[H8799]
Pro.29.7	7	H1847	not to know it .	
Pro.29.8	1	H3944	Scornful	
Pro.29.8	2	H582	men	
Pro.29.8	3	H6315	bring	
Pro.29.8	4	H7151	a city	
Pro.29.8	5	H6315	into a snare	[H8686]
Pro.29.8	6	H2450	: but wise	
Pro.29.8	7	H7725	men turn away	[H8686]
Pro.29.8	8	H639	wrath.	
Pro.29.9	1	H2450	If a wise	
Pro.29.9	2	H376	man	
Pro.29.9	3	H8199	contendeth	[H8737]
Pro.29.9	4	H191	with a foolish	
Pro.29.9	5	H376	man	
Pro.29.9	6	H7264	, whether he rage	[H8804]
Pro.29.9	7	H7832	or laugh	[H8804]
Pro.29.9	8	H5183	, there is no rest.	
Pro.29.10	1	H582	The bloodthirsty	
Pro.29.10	2	H1818		
Pro.29.10	3	H8130	hate	[H8799]
Pro.29.10	4	H8535	the upright	
Pro.29.10	5	H3477	: but the just	
Pro.29.10	6	H1245	seek	[H8762]
Pro.29.10	7	H5315	his soul.	
Pro.29.11	1	H3684	A fool	
Pro.29.11	2	H3318	uttereth	[H8686]
Pro.29.11	3	H7307	all his mind	
Pro.29.11	4	H2450	: but a wise	
Pro.29.11	5	H7623	man keepeth	[H8762]
Pro.29.11	6	H268	it in till afterwards.	
Pro.29.12	1	H4910	If a ruler	[H8802]
Pro.29.12	2	H7181	hearken	[H8688]
Pro.29.12	3	H1697	to lies	
Pro.29.12	4	H8267		
Pro.29.12	5	H8334	, all his servants	[H8764]
Pro.29.12	6	H7563	are wicked.	
Pro.29.13	1	H7326	The poor	[H8802]
Pro.29.13	2	H8501	and the deceitful	
Pro.29.13	3	H376	man	
Pro.29.13	4	H6298	meet together	[H8738]
Pro.29.13	5	H3068	: the LORD	
Pro.29.13	6	H215	lighteneth	[H8688]
Pro.29.13	7	H8147	both	
Pro.29.13	8	H5869	their eyes.	
Pro.29.14	1	H4428	The king	
Pro.29.14	2	H571	that faithfully	
Pro.29.14	3	H8199	judgeth	[H8802]
Pro.29.14	4	H1800	the poor	
Pro.29.14	5	H3678	, his throne	
Pro.29.14	6	H3559	shall be established	[H8735]
Pro.29.14	7	H5703	for ever.	
Pro.29.15	1	H7626	The rod	
Pro.29.15	2	H8433	and reproof	
Pro.29.15	3	H5414	give	[H8799]
Pro.29.15	4	H2451	wisdom	
Pro.29.15	5	H5288	: but a child	
Pro.29.15	6	H7971	left	[H8794]
Pro.29.15	7	H517	to himself bringeth his mother	
Pro.29.15	8	H954	to shame	[H8688]
Pro.29.16	1	H7563	When the wicked	
Pro.29.16	2	H7235	are multiplied	[H8800]
Pro.29.16	3	H6588	, transgression	
Pro.29.16	4	H7235	increaseth	[H8799]
Pro.29.16	5	H6662	: but the righteous	
Pro.29.16	6	H7200	shall see	[H8799]
Pro.29.16	7	H4658	their fall.	
Pro.29.17	1	H3256	Correct	[H8761]
Pro.29.17	2	H1121	thy son	
Pro.29.17	3	H5117	, and he shall give thee rest	[H8686]
Pro.29.17	4	H5414	; yea, he shall give	[H8799]
Pro.29.17	5	H4574	delight	
Pro.29.17	6	H5315	unto thy soul.	
Pro.29.18	1	H2377	Where there is no vision	
Pro.29.18	2	H5971	, the people	
Pro.29.18	3	H6544	perish	[H8735]
Pro.29.18	4	H8104	: but he that keepeth	[H8802]
Pro.29.18	5	H8451	the law	
Pro.29.18	6	H835	, happy is he.	
Pro.29.19	1	H5650	A servant	
Pro.29.19	2	H3256	will not be corrected	[H8735]
Pro.29.19	3	H1697	by words	
Pro.29.19	4	H995	: for though he understand	[H8799]
Pro.29.19	5	H4617	he will not answer.	
Pro.29.20	1	H2372	Seest	[H8804]
Pro.29.20	2	H376	thou a man	
Pro.29.20	3	H213	that is hasty	[H8801]
Pro.29.20	4	H1697	in his words	
Pro.29.20	5	H8615	? there is more hope	
Pro.29.20	6	H3684	of a fool than of him.	
Pro.29.21	1	H6445	He that delicately bringeth up	[H8764]
Pro.29.21	2	H5650	his servant	
Pro.29.21	3	H5290	from a child	
Pro.29.21	4	H4497	shall have him become his son	
Pro.29.21	5	H319	at the length.	
Pro.29.22	1	H639	An angry	
Pro.29.22	2	H376	man	
Pro.29.22	3	H1624	stirreth up	[H8762]
Pro.29.22	4	H4066	strife	
Pro.29.22	5	H2534	, and a furious	
Pro.29.22	6	H1167	man	
Pro.29.22	7	H7227	aboundeth in	
Pro.29.22	8	H6588	transgression.	
Pro.29.23	1	H120	A man's	
Pro.29.23	2	H1346	pride	
Pro.29.23	3	H8213	shall bring him low	[H8686]
Pro.29.23	4	H3519	: but honour	
Pro.29.23	5	H8551	shall uphold	[H8799]
Pro.29.23	6	H8217	the humble	
Pro.29.23	7	H7307	in spirit.	
Pro.29.24	1	H2505	Whoso is partner	[H8802]
Pro.29.24	2	H1590	with a thief	
Pro.29.24	3	H8130	hateth	[H8802]
Pro.29.24	4	H5315	his own soul	
Pro.29.24	5	H8085	: he heareth	[H8799]
Pro.29.24	6	H423	cursing	
Pro.29.24	7	H5046	, and bewrayeth	[H8686]
Pro.29.25	1	H2731	The fear	
Pro.29.25	2	H120	of man	
Pro.29.25	3	H5414	bringeth	[H8799]
Pro.29.25	4	H4170	a snare	
Pro.29.25	5	H982	: but whoso putteth his trust	[H8802]
Pro.29.25	6	H3068	in the LORD	
Pro.29.25	7	H7682	shall be safe	[H8792]
Pro.29.26	1	H7227	Many	
Pro.29.26	2	H1245	seek	[H8764]
Pro.29.26	3	H4910	the ruler's	[H8802]
Pro.29.26	4	H6440	favour	
Pro.29.26	5	H376	; but every man's	
Pro.29.26	6	H4941	judgment	
Pro.29.26	7	H3068	cometh from the LORD.	
Pro.29.27	1	H5766	An unjust	
Pro.29.27	2	H376	man	
Pro.29.27	3	H8441	is an abomination	
Pro.29.27	4	H6662	to the just	
Pro.29.27	5	H3477	: and he that is upright	
Pro.29.27	6	H1870	in the way	
Pro.29.27	7	H8441	is abomination	
Pro.29.27	8	H7563	to the wicked.	
Pro.30.1	1	H1697	The words	
Pro.30.1	2	H94	of Agur	
Pro.30.1	3	H1121	the son	
Pro.30.1	4	H3348	of Jakeh	
Pro.30.1	5	H4853	, even the prophecy	
Pro.30.1	6	H1397	: the man	
Pro.30.1	7	H5002	spake	[H8803]
Pro.30.1	8	H384	unto Ithiel	
Pro.30.1	9	H384	, even unto Ithiel	
Pro.30.1	10	H401	and Ucal,	
Pro.30.2	1	H1198	Surely I am more brutish	
Pro.30.2	2	H376	than any man	
Pro.30.2	3	H998	, and have not the understanding	
Pro.30.2	4	H120	of a man.	
Pro.30.3	1	H3925	I neither learned	[H8804]
Pro.30.3	2	H2451	wisdom	
Pro.30.3	3	H3045	, nor have	[H8799]
Pro.30.3	4	H1847	the knowledge	
Pro.30.3	5	H6918	of the holy.	
Pro.30.4	1	H5927	Who hath ascended up	[H8804]
Pro.30.4	2	H8064	into heaven	
Pro.30.4	3	H3381	, or descended	[H8799]
Pro.30.4	4	H622	? who hath gathered	[H8804]
Pro.30.4	5	H7307	the wind	
Pro.30.4	6	H2651	in his fists	
Pro.30.4	7	H6887	? who hath bound	[H8804]
Pro.30.4	8	H4325	the waters	
Pro.30.4	9	H8071	in a garment	
Pro.30.4	10	H6965	? who hath established	[H8689]
Pro.30.4	11	H657	all the ends	
Pro.30.4	12	H776	of the earth	
Pro.30.4	13	H8034	? what is his name	
Pro.30.4	14	H1121	, and what is his son's	
Pro.30.4	15	H8034	name	
Pro.30.4	16	H3045	, if thou canst tell	[H8799]
Pro.30.5	1	H565	Every word	
Pro.30.5	2	H433	of God	
Pro.30.5	3	H6884	is pure	[H8803]
Pro.30.5	4	H4043	: he is a shield	
Pro.30.5	5	H2620	unto them that put their trust	[H8802]
Pro.30.6	1	H3254	Add	[H8686]
Pro.30.6	2	H1697	thou not unto his words	
Pro.30.6	3	H3198	, lest he reprove	[H8686]
Pro.30.6	4	H3576	thee, and thou be found a liar	[H8738]
Pro.30.7	1	H8147	Two	
Pro.30.7	2	H7592	things have I required	[H8804]
Pro.30.7	3	H4513	of thee; deny	[H8799]
Pro.30.7	4	H4191	me them not before I die	[H8799]
Pro.30.8	1	H7368	Remove far	[H8685]
Pro.30.8	2	H7723	from me vanity	
Pro.30.8	3	H1697	and lies	
Pro.30.8	4	H3577		
Pro.30.8	5	H5414	: give	[H8799]
Pro.30.8	6	H7389	me neither poverty	
Pro.30.8	7	H6239	nor riches	
Pro.30.8	8	H2963	; feed	[H8685]
Pro.30.8	9	H3899	me with food	
Pro.30.8	10	H2706	convenient for me:	
Pro.30.9	1	H7646	Lest I be full	[H8799]
Pro.30.9	2	H3584	, and deny	[H8765]
Pro.30.9	3	H559	thee, and say	[H8804]
Pro.30.9	4	H3068	, Who is the LORD	
Pro.30.9	5	H3423	? or lest I be poor	[H8735]
Pro.30.9	6	H1589	, and steal	[H8804]
Pro.30.9	7	H8610	, and take	[H8804]
Pro.30.9	8	H8034	the name	
Pro.30.9	9	H430	of my God in vain .	
Pro.30.10	1	H3960	Accuse	[H8686]
Pro.30.10	2	H5650	not a servant	
Pro.30.10	3	H113	unto his master	
Pro.30.10	4	H7043	, lest he curse	[H8762]
Pro.30.10	5	H816	thee, and thou be found guilty	[H8804]
Pro.30.11	1	H1755	There is a generation	
Pro.30.11	2	H7043	that curseth	[H8762]
Pro.30.11	3	H1	their father	
Pro.30.11	4	H1288	, and doth not bless	[H8762]
Pro.30.11	5	H517	their mother.	
Pro.30.12	1	H1755	There is a generation	
Pro.30.12	2	H2889	that are pure	
Pro.30.12	3	H5869	in their own eyes	
Pro.30.12	4	H7364	, and yet is not washed	[H8795]
Pro.30.12	5	H6675	from their filthiness.	
Pro.30.13	1	H1755	There is a generation	
Pro.30.13	2	H7311	, O how lofty	[H8804]
Pro.30.13	3	H5869	are their eyes	
Pro.30.13	4	H6079	! and their eyelids	
Pro.30.13	5	H5375	are lifted up	[H8735]
Pro.30.14	1	H1755	There is a generation	
Pro.30.14	2	H8127	, whose teeth	
Pro.30.14	3	H2719	are as swords	
Pro.30.14	4	H4973	, and their jaw teeth	
Pro.30.14	5	H3979	as knives	
Pro.30.14	6	H398	, to devour	[H8800]
Pro.30.14	7	H6041	the poor	
Pro.30.14	8	H776	from off the earth	
Pro.30.14	9	H34	, and the needy	
Pro.30.14	10	H120	from among men.	
Pro.30.15	1	H5936	The horseleach	
Pro.30.15	2	H8147	hath two	
Pro.30.15	3	H1323	daughters	
Pro.30.15	4	H3051	, crying, Give	[H8798]
Pro.30.15	5	H3051	, give	[H8798]
Pro.30.15	6	H7969	. There are three	
Pro.30.15	7	H7646	things that are never satisfied	[H8799]
Pro.30.15	8	H702	, yea, four	
Pro.30.15	9	H559	things say	[H8804]
Pro.30.15	10	H1952	not, It is enough:	
Pro.30.16	1	H7585	The grave	
Pro.30.16	2	H6115	; and the barren	
Pro.30.16	3	H7356	womb	
Pro.30.16	4	H776	; the earth	
Pro.30.16	5	H7646	that is not filled	[H8804]
Pro.30.16	6	H4325	with water	
Pro.30.16	7	H784	; and the fire	
Pro.30.16	8	H559	that saith	[H8804]
Pro.30.16	9	H1952	not, It is enough.	
Pro.30.17	1	H5869	The eye	
Pro.30.17	2	H3932	that mocketh	[H8799]
Pro.30.17	3	H1	at his father	
Pro.30.17	4	H936	, and despiseth	[H8799]
Pro.30.17	5	H3349	to obey	
Pro.30.17	6	H517	his mother	
Pro.30.17	7	H6158	, the ravens	
Pro.30.17	8	H5158	of the valley	
Pro.30.17	9	H5365	shall pick it out	[H8799]
Pro.30.17	10	H1121	, and the young	
Pro.30.17	11	H5404	eagles	
Pro.30.17	12	H398	shall eat	[H8799]
Pro.30.18	1	H7969	There be three	
Pro.30.18	2	H6381	things which are too wonderful	[H8738]
Pro.30.18	3	H702	for me, yea, four	
Pro.30.18	4	H3045	which I know	[H8804]
Pro.30.19	1	H1870	The way	
Pro.30.19	2	H5404	of an eagle	
Pro.30.19	3	H8064	in the air	
Pro.30.19	4	H1870	; the way	
Pro.30.19	5	H5175	of a serpent	
Pro.30.19	6	H6697	upon a rock	
Pro.30.19	7	H1870	; the way	
Pro.30.19	8	H591	of a ship	
Pro.30.19	9	H3820	in the midst	
Pro.30.19	10	H3220	of the sea	
Pro.30.19	11	H1870	; and the way	
Pro.30.19	12	H1397	of a man	
Pro.30.19	13	H5959	with a maid.	
Pro.30.20	1	H1870	Such is the way	
Pro.30.20	2	H5003	of an adulterous	[H8764]
Pro.30.20	3	H802	woman	
Pro.30.20	4	H398	; she eateth	[H8804]
Pro.30.20	5	H4229	, and wipeth	[H8804]
Pro.30.20	6	H6310	her mouth	
Pro.30.20	7	H559	, and saith	[H8804]
Pro.30.20	8	H6466	, I have done	[H8804]
Pro.30.20	9	H205	no wickedness.	
Pro.30.21	1	H7969	For three	
Pro.30.21	2	H776	things the earth	
Pro.30.21	3	H7264	is disquieted	[H8804]
Pro.30.21	4	H702	, and for four	
Pro.30.21	5	H3201	which it cannot	[H8799]
Pro.30.21	6	H5375	bear	[H8800]
Pro.30.22	1	H5650	For a servant	
Pro.30.22	2	H4427	when he reigneth	[H8799]
Pro.30.22	3	H5036	; and a fool	
Pro.30.22	4	H7646	when he is filled	[H8799]
Pro.30.22	5	H3899	with meat;	
Pro.30.23	1	H8130	For an odious	[H8803]
Pro.30.23	2	H1166	woman when she is married	[H8735]
Pro.30.23	3	H8198	; and an handmaid	
Pro.30.23	4	H3423	that is heir	[H8799]
Pro.30.23	5	H1404	to her mistress.	
Pro.30.24	1	H702	There be four	
Pro.30.24	2	H6996	things which are little	
Pro.30.24	3	H776	upon the earth	
Pro.30.24	4	H2449	, but they are exceeding	[H8794]
Pro.30.24	5	H2450	wise:	
Pro.30.25	1	H5244	The ants	
Pro.30.25	2	H5971	are a people	
Pro.30.25	3	H5794	not strong	
Pro.30.25	4	H3559	, yet they prepare	[H8686]
Pro.30.25	5	H3899	their meat	
Pro.30.25	6	H7019	in the summer;	
Pro.30.26	1	H8227	The conies	
Pro.30.26	2	H6099	are but a feeble	
Pro.30.26	3	H5971	folk	
Pro.30.26	4	H7760	, yet make	[H8799]
Pro.30.26	5	H1004	they their houses	
Pro.30.26	6	H5553	in the rocks;	
Pro.30.27	1	H697	The locusts	
Pro.30.27	2	H4428	have no king	
Pro.30.27	3	H3318	, yet go they forth	[H8799]
Pro.30.27	4	H2686	all of them by bands	[H8802]
Pro.30.28	1	H8079	The spider	
Pro.30.28	2	H8610	taketh hold	[H8762]
Pro.30.28	3	H3027	with her hands	
Pro.30.28	4	H4428	, and is in kings	
Pro.30.28	5	H1964	' palaces.	
Pro.30.29	1	H7969	There be three	
Pro.30.29	2	H6806	things which go	
Pro.30.29	3	H3190	well	[H8688]
Pro.30.29	4	H702	, yea, four	
Pro.30.29	5	H2895	are comely	[H8688]
Pro.30.29	6	H3212	in going	[H8800]
Pro.30.30	1	H3918	A lion	
Pro.30.30	2	H1368	which is strongest	
Pro.30.30	3	H929	among beasts	
Pro.30.30	4	H7725	, and turneth not away	[H8799]
Pro.30.30	5	H6440	for any;	
Pro.30.31	1	H4975	A greyhound	
Pro.30.31	2	H2223		
Pro.30.31	3	H8495	; an he goat	
Pro.30.31	4	H176	also	
Pro.30.31	5	H4428	; and a king	
Pro.30.31	6	H510	, against whom there is no rising up.	
Pro.30.32	1	H5034	If thou hast done foolishly	[H8804]
Pro.30.32	2	H5375	in lifting up	[H8692]
Pro.30.32	3	H2161	thyself, or if thou hast thought evil	[H8804]
Pro.30.32	4	H3027	, lay thine hand	
Pro.30.32	5	H6310	upon thy mouth.	
Pro.30.33	1	H4330	Surely the churning	
Pro.30.33	2	H2461	of milk	
Pro.30.33	3	H3318	bringeth forth	[H8686]
Pro.30.33	4	H2529	butter	
Pro.30.33	5	H4330	, and the wringing	
Pro.30.33	6	H639	of the nose	
Pro.30.33	7	H3318	bringeth forth	[H8686]
Pro.30.33	8	H1818	blood	
Pro.30.33	9	H4330	: so the forcing	
Pro.30.33	10	H639	of wrath	
Pro.30.33	11	H3318	bringeth forth	[H8686]
Pro.30.33	12	H7379	strife.	
Pro.31.1	1	H1697	The words	
Pro.31.1	2	H4428	of king	
Pro.31.1	3	H3927	Lemuel	
Pro.31.1	4	H4853	, the prophecy	
Pro.31.1	5	H517	that his mother	
Pro.31.1	6	H3256	taught	[H8765]
Pro.31.2	1	H1248	What, my son	
Pro.31.2	2	H1248	? and what, the son	
Pro.31.2	3	H990	of my womb	
Pro.31.2	4	H1248	? and what, the son	
Pro.31.2	5	H5088	of my vows?	
Pro.31.3	1	H5414	Give	[H8799]
Pro.31.3	2	H2428	not thy strength	
Pro.31.3	3	H802	unto women	
Pro.31.3	4	H1870	, nor thy ways	
Pro.31.3	5	H4229	to that which destroyeth	[H8687]
Pro.31.3	6	H4428	kings.	
Pro.31.4	1	H4428	It is not for kings	
Pro.31.4	2	H3927	, O Lemuel	
Pro.31.4	3	H4428	, it is not for kings	
Pro.31.4	4	H8354	to drink	[H8800]
Pro.31.4	5	H3196	wine	
Pro.31.4	6	H335	; nor for	[H8675]
Pro.31.4	7	H176		
Pro.31.4	8	H7336	princes	[H8802]
Pro.31.4	9	H7941	strong drink:	
Pro.31.5	1	H8354	Lest they drink	[H8799]
Pro.31.5	2	H7911	, and forget	[H8799]
Pro.31.5	3	H2710	the law	[H8794]
Pro.31.5	4	H8138	, and pervert	[H8762]
Pro.31.5	5	H1779	the judgment	
Pro.31.5	6	H1121	of any of the afflicted	
Pro.31.5	7	H6040	.	
Pro.31.6	1	H5414	Give	[H8798]
Pro.31.6	2	H7941	strong drink	
Pro.31.6	3	H6	unto him that is ready to perish	[H8802]
Pro.31.6	4	H3196	, and wine	
Pro.31.6	5	H4751	unto those that be of heavy	
Pro.31.6	6	H5315	hearts.	
Pro.31.7	1	H8354	Let him drink	[H8799]
Pro.31.7	2	H7911	, and forget	[H8799]
Pro.31.7	3	H7389	his poverty	
Pro.31.7	4	H2142	, and remember	[H8799]
Pro.31.7	5	H5999	his misery no more.	
Pro.31.8	1	H6605	Open	[H8798]
Pro.31.8	2	H6310	thy mouth	
Pro.31.8	3	H483	for the dumb	
Pro.31.8	4	H1779	in the cause	
Pro.31.8	5	H1121	of all such as are appointed	
Pro.31.8	6	H2475	to destruction.	
Pro.31.9	1	H6605	Open	[H8798]
Pro.31.9	2	H6310	thy mouth	
Pro.31.9	3	H8199	, judge	[H8798]
Pro.31.9	4	H6664	righteously	
Pro.31.9	5	H1777	, and plead	[H8798]
Pro.31.9	6	H6041	the cause of the poor	
Pro.31.9	7	H34	and needy.	
Pro.31.10	1	H4672	Who can find	[H8799]
Pro.31.10	2	H2428	a virtuous	
Pro.31.10	3	H802	woman	
Pro.31.10	4	H4377	? for her price	
Pro.31.10	5	H7350	is far	
Pro.31.10	6	H6443	above rubies.	
Pro.31.11	1	H3820	The heart	
Pro.31.11	2	H1167	of her husband	
Pro.31.11	3	H982	doth safely trust	[H8804]
Pro.31.11	4	H2637	in her, so that he shall have no need	[H8799]
Pro.31.11	5	H7998	of spoil.	
Pro.31.12	1	H1580	She will do	[H8804]
Pro.31.12	2	H2896	him good	
Pro.31.12	3	H7451	and not evil	
Pro.31.12	4	H3117	all the days	
Pro.31.12	5	H2416	of her life.	
Pro.31.13	1	H1875	She seeketh	[H8804]
Pro.31.13	2	H6785	wool	
Pro.31.13	3	H6593	, and flax	
Pro.31.13	4	H6213	, and worketh	[H8799]
Pro.31.13	5	H2656	willingly	
Pro.31.13	6	H3709	with her hands.	
Pro.31.14	1	H5503	She is like the merchants	[H8802]
Pro.31.14	2	H591	' ships	
Pro.31.14	3	H935	; she bringeth	[H8686]
Pro.31.14	4	H3899	her food	
Pro.31.14	5	H4801	from afar.	
Pro.31.15	1	H6965	She riseth	[H8799]
Pro.31.15	2	H3915	also while it is yet night	
Pro.31.15	3	H5414	, and giveth	[H8799]
Pro.31.15	4	H2964	meat	
Pro.31.15	5	H1004	to her household	
Pro.31.15	6	H2706	, and a portion	
Pro.31.15	7	H5291	to her maidens.	
Pro.31.16	1	H2161	She considereth	[H8804]
Pro.31.16	2	H7704	a field	
Pro.31.16	3	H3947	, and buyeth	[H8799]
Pro.31.16	4	H6529	it: with the fruit	
Pro.31.16	5	H3709	of her hands	
Pro.31.16	6	H5193	she planteth	[H8804]
Pro.31.16	7	H3754	a vineyard.	
Pro.31.17	1	H2296	She girdeth	[H8804]
Pro.31.17	2	H4975	her loins	
Pro.31.17	3	H5797	with strength	
Pro.31.17	4	H553	, and strengtheneth	[H8762]
Pro.31.17	5	H2220	her arms.	
Pro.31.18	1	H2938	She perceiveth	[H8804]
Pro.31.18	2	H5504	that her merchandise	
Pro.31.18	3	H2896	is good	
Pro.31.18	4	H5216	: her candle	
Pro.31.18	5	H3518	goeth not out	[H8799]
Pro.31.18	6	H3915	by night.	
Pro.31.19	1	H7971	She layeth	[H8765]
Pro.31.19	2	H3027	her hands	
Pro.31.19	3	H3601	to the spindle	
Pro.31.19	4	H3709	, and her hands	
Pro.31.19	5	H8551	hold	[H8804]
Pro.31.19	6	H6418	the distaff.	
Pro.31.20	1	H6566	She stretcheth out	[H8804]
Pro.31.20	2	H3709	her hand	
Pro.31.20	3	H6041	to the poor	
Pro.31.20	4	H7971	; yea, she reacheth forth	[H8765]
Pro.31.20	5	H3027	her hands	
Pro.31.20	6	H34	to the needy.	
Pro.31.21	1	H3372	She is not afraid	[H8799]
Pro.31.21	2	H7950	of the snow	
Pro.31.21	3	H1004	for her household	
Pro.31.21	4	H1004	: for all her household	
Pro.31.21	5	H3847	are clothed	[H8803]
Pro.31.21	6	H8144	with scarlet.	
Pro.31.22	1	H6213	She maketh	[H8804]
Pro.31.22	2	H4765	herself coverings of tapestry	
Pro.31.22	3	H3830	; her clothing	
Pro.31.22	4	H8336	is silk	
Pro.31.22	5	H713	and purple.	
Pro.31.23	1	H1167	Her husband	
Pro.31.23	2	H3045	is known	[H8737]
Pro.31.23	3	H8179	in the gates	
Pro.31.23	4	H3427	, when he sitteth	[H8800]
Pro.31.23	5	H2205	among the elders	
Pro.31.23	6	H776	of the land.	
Pro.31.24	1	H6213	She maketh	[H8804]
Pro.31.24	2	H5466	fine linen	
Pro.31.24	3	H4376	, and selleth	[H8799]
Pro.31.24	4	H5414	it; and delivereth	[H8804]
Pro.31.24	5	H2289	girdles	
Pro.31.24	6	H3669	unto the merchant.	
Pro.31.25	1	H5797	Strength	
Pro.31.25	2	H1926	and honour	
Pro.31.25	3	H3830	are her clothing	
Pro.31.25	4	H7832	; and she shall rejoice	[H8799]
Pro.31.25	5	H3117	in time	
Pro.31.25	6	H314	to come.	
Pro.31.26	1	H6605	She openeth	[H8804]
Pro.31.26	2	H6310	her mouth	
Pro.31.26	3	H2451	with wisdom	
Pro.31.26	4	H3956	; and in her tongue	
Pro.31.26	5	H8451	is the law	
Pro.31.26	6	H2617	of kindness.	
Pro.31.27	1	H6822	She looketh well	[H8802]
Pro.31.27	2	H1979	to the ways	[H8675]
Pro.31.27	3	H1979		
Pro.31.27	4	H1004	of her household	
Pro.31.27	5	H398	, and eateth	[H8799]
Pro.31.27	6	H3899	not the bread	
Pro.31.27	7	H6104	of idleness.	
Pro.31.28	1	H1121	Her children	
Pro.31.28	2	H6965	arise up	[H8804]
Pro.31.28	3	H833	, and call her blessed	[H8762]
Pro.31.28	4	H1167	; her husband	
Pro.31.28	5	H1984	also, and he praiseth	[H8762]
Pro.31.29	1	H7227	Many	
Pro.31.29	2	H1323	daughters	
Pro.31.29	3	H6213	have done	[H8804]
Pro.31.29	4	H2428	virtuously	
Pro.31.29	5	H5927	, but thou excellest	[H8804]
Pro.31.30	1	H2580	Favour	
Pro.31.30	2	H8267	is deceitful	
Pro.31.30	3	H3308	, and beauty	
Pro.31.30	4	H1892	is vain	
Pro.31.30	5	H802	: but a woman	
Pro.31.30	6	H3373	that feareth	
Pro.31.30	7	H3068	the LORD	
Pro.31.30	8	H1984	, she shall be praised	[H8691]
Pro.31.31	1	H5414	Give	[H8798]
Pro.31.31	2	H6529	her of the fruit	
Pro.31.31	3	H3027	of her hands	
Pro.31.31	4	H4639	; and let her own works	
Pro.31.31	5	H1984	praise	[H8762]
Pro.31.31	6	H8179	her in the gates.	
