Igehely	Strong-szám	Görög szóalak	Morfológiai kód	Forrás
Dán 1:1	G1722	εν	PREP	LXX_WH
Dán 1:1	G2094	ετει	N-DSN	LXX_WH
Dán 1:1	G5154	τριτω	A-DSN	LXX_WH
Dán 1:1	G3588	της	T-GSF	LXX_WH
Dán 1:1	G0932	βασιλειας	N-GSF	LXX_WH
Dán 1:1		ιωακιμ	N-PRI	ELTERO_SZOVEGALAP
Dán 1:1	G0935	βασιλεως	N-GSM	LXX_WH
Dán 1:1	G2448	ιουδα	N-PRI	LXX_WH
Dán 1:1	G2064	ηλθεν	V-AAI-3S	LXX_WH
Dán 1:1	G3588	ναβουχοδονοσορ	N-PRI	ABP-potolt
Dán 1:1	G0935	βασιλευς	N-NSM	LXX_WH
Dán 1:1	G0897	βαβυλωνος	N-GSF	LXX_WH
Dán 1:1	G1519	εις	PREP	LXX_WH
Dán 1:1	G2419	ιερουσαλημ	N-PRI	LXX_WH
Dán 1:1	G2532	και	CONJ	LXX_WH
Dán 1:1		επολιορκει	V-IAI-3S	ELTERO_SZOVEGALAP
Dán 1:1	G0846	αυτην	D-ASF	LXX_WH
Dán 1:2	G2532	και	CONJ	LXX_WH
Dán 1:2	G1325	εδωκεν	V-AAI-3S	LXX_WH
Dán 1:2	G2962	κυριος	N-NSM	LXX_WH
Dán 1:2	G1722	εν	PREP	LXX_WH
Dán 1:2	G5495	χειρι	N-DSF	LXX_WH
Dán 1:2	G0846	αυτου	D-GSM	LXX_WH
Dán 1:2	G3588	τον	T-ASM	LXX_WH
Dán 1:2		ιωακιμ	N-PRI	ELTERO_SZOVEGALAP
Dán 1:2	G0935	βασιλεα	N-ASM	LXX_WH
Dán 1:2	G2448	ιουδα	N-PRI	LXX_WH
Dán 1:2	G2532	και	CONJ	LXX_WH
Dán 1:2	G0575	απο	PREP	LXX_WH
Dán 1:2	G3313	μερους	N-GSN	LXX_WH
Dán 1:2	G3588	των	T-GPN	LXX_WH
Dán 1:2	G4632	σκευων	N-GPN	LXX_WH
Dán 1:2	G3624	οικου	N-GSM	LXX_WH
Dán 1:2	G3588	του	T-GSM	LXX_WH
Dán 1:2	G2316	θεου	N-GSM	LXX_WH
Dán 1:2	G2532	και	CONJ	LXX_WH
Dán 1:2	G5342	ηνεγκεν	V-AAI-3S	LXX_WH
Dán 1:2	G0846	αυτα	D-APN	LXX_WH
Dán 1:2	G1519	εις	PREP	LXX_WH
Dán 1:2	G1065	γην	N-ASF	LXX_WH
Dán 1:2		σεννααρ	N-PRI	ELTERO_SZOVEGALAP
Dán 1:2	G3624	οικον	N-ASM	LXX_WH
Dán 1:2	G3588	του	T-GSM	LXX_WH
Dán 1:2	G2316	θεου	N-GSM	LXX_WH
Dán 1:2	G0846	αυτου	D-GSM	LXX_WH
Dán 1:2	G2532	και	CONJ	LXX_WH
Dán 1:2	G3588	τα	T-APN	LXX_WH
Dán 1:2	G4632	σκευη	N-APN	LXX_WH
Dán 1:2	G1533	εισηνεγκεν	V-AAI-3S	LXX_WH
Dán 1:2	G1519	εις	PREP	LXX_WH
Dán 1:2	G3588	τον	T-ASM	LXX_WH
Dán 1:2	G3624	οικον	N-ASM	LXX_WH
Dán 1:2	G2344	θησαυρου	N-GSM	LXX_WH
Dán 1:2	G3588	του	T-GSM	LXX_WH
Dán 1:2	G2316	θεου	N-GSM	LXX_WH
Dán 1:2	G0846	αυτου	D-GSM	LXX_WH
Dán 1:3	G2532	και	CONJ	LXX_WH
Dán 1:3		ειπεν	V-AAI-3S	
Dán 1:3	G3588	ο	T-NSM	LXX_WH
Dán 1:3	G0935	βασιλευς	N-NSM	LXX_WH
Dán 1:3	G3588	τω	T-DSM	LXX_WH
Dán 1:3		ασφανεζ	N-PRI	
Dán 1:3	G3588	τω	T-DSM	LXX_WH
Dán 1:3		αρχιευνουχω	N-DSM	ELTERO_SZOVEGALAP
Dán 1:3	G0846	αυτου	D-GSM	LXX_WH
Dán 1:3	G1521	εισαγαγειν	V-AAN	LXX_WH
Dán 1:3	G0575	απο	PREP	LXX_WH
Dán 1:3	G3588	των	T-GPM	LXX_WH
Dán 1:3	G5207	υιων	N-GPM	LXX_WH
Dán 1:3	G3588	της	T-GSF	LXX_WH
Dán 1:3	G0161	αιχμαλωσιας	N-GSF	LXX_WH
Dán 1:3	G2474	ισραηλ	N-PRI	LXX_WH
Dán 1:3	G2532	και	CONJ	LXX_WH
Dán 1:3	G0575	απο	PREP	LXX_WH
Dán 1:3	G3588	του	T-GSN	LXX_WH
Dán 1:3	G4690	σπερματος	N-GSN	LXX_WH
Dán 1:3	G3588	της	T-GSF	LXX_WH
Dán 1:3	G0932	βασιλειας	N-GSF	LXX_WH
Dán 1:3	G2532	και	CONJ	LXX_WH
Dán 1:3	G0575	απο	PREP	LXX_WH
Dán 1:3	G3588	των	T-GP	LXX_WH
Dán 1:3	G5409	φορθομμιν	N-PRI	ABP-potolt
Dán 1:4	G3495	νεανισκους	N-APM	LXX_WH
Dán 1:4	G3739	οις	R-DPM	LXX_WH
Dán 1:4	G3364	ουκ	ADV	LXX_WH
Dán 1:4	G1510	εστιν	V-PAI-3S	LXX_WH
Dán 1:4	G1722	εν	PREP	LXX_WH
Dán 1:4	G0846	αυτοις	D-DPM	LXX_WH
Dán 1:4	G3470	μωμος	N-NSM	LXX_WH
Dán 1:4	G2532	και	CONJ	LXX_WH
Dán 1:4	G2570	καλους	A-APM	LXX_WH
Dán 1:4	G3588	τη	T-DSF	LXX_WH
Dán 1:4	G3799	οψει	N-DSF	LXX_WH
Dán 1:4	G2532	και	CONJ	LXX_WH
Dán 1:4	G4920	συνιεντας	V-PAPAP	LXX_WH
Dán 1:4	G1722	εν	PREP	LXX_WH
Dán 1:4	G3956	παση	A-DSF	LXX_WH
Dán 1:4	G4678	σοφια	N-DSF	LXX_WH
Dán 1:4	G2532	και	CONJ	LXX_WH
Dán 1:4	G1097	γιγνωσκοντας	V-PAPAP	LXX_WH
Dán 1:4	G1108	γνωσιν	N-ASF	LXX_WH
Dán 1:4	G2532	και	CONJ	LXX_WH
Dán 1:4	G1269	διανοουμενους	V-PMPAP	ABP-potolt
Dán 1:4	G5428	φρονησιν	N-ASF	LXX_WH
Dán 1:4	G2532	και	CONJ	LXX_WH
Dán 1:4	G3739	οις	R-DPM	LXX_WH
Dán 1:4	G1510	εστιν	V-PAI-3S	LXX_WH
Dán 1:4	G2479	ισχυς	N-NSF	LXX_WH
Dán 1:4	G1722	εν	PREP	LXX_WH
Dán 1:4	G0846	αυτοις	D-DPM	LXX_WH
Dán 1:4	G2476	εσταναι	V-RAN	LXX_WH
Dán 1:4	G1722	εν	PREP	LXX_WH
Dán 1:4	G3588	τω	T-DSM	LXX_WH
Dán 1:4	G3624	οικω	N-DSM	LXX_WH
Dán 1:4	G3588	του	T-GSM	LXX_WH
Dán 1:4	G0935	βασιλεως	N-GSM	LXX_WH
Dán 1:4	G2532	και	CONJ	LXX_WH
Dán 1:4	G1321	διδαξαι	V-AAN	LXX_WH
Dán 1:4	G0846	αυτους	D-APM	LXX_WH
Dán 1:4	G1121	γραμματα	N-APN	LXX_WH
Dán 1:4	G2532	και	CONJ	LXX_WH
Dán 1:4	G1100	γλωσσαν	N-ASF	LXX_WH
Dán 1:4	G5466	χαλδαιων	N-GPM	LXX_WH
Dán 1:5	G2532	και	CONJ	LXX_WH
Dán 1:5	G1299	διεταξεν	V-AAI-3S	LXX_WH
Dán 1:5	G0846	αυτοις	D-DPM	LXX_WH
Dán 1:5	G3588	ο	T-NSM	LXX_WH
Dán 1:5	G0935	βασιλευς	N-NSM	LXX_WH
Dán 1:5	G3588	το	T-ASN	LXX_WH
Dán 1:5	G3588	της	T-GSF	LXX_WH
Dán 1:5	G2250	ημερας	N-GSF	LXX_WH
Dán 1:5	G2596	καθ	PREP	LXX_WH
Dán 1:5	G2250	ημεραν	N-ASF	LXX_WH
Dán 1:5	G0575	απο	PREP	LXX_WH
Dán 1:5	G3588	της	T-GSF	LXX_WH
Dán 1:5	G5132	τραπεζης	N-GSF	LXX_WH
Dán 1:5	G3588	του	T-GSM	LXX_WH
Dán 1:5	G0935	βασιλεως	N-GSM	LXX_WH
Dán 1:5	G2532	και	CONJ	LXX_WH
Dán 1:5	G0575	απο	PREP	LXX_WH
Dán 1:5	G3588	του	T-GSM	LXX_WH
Dán 1:5	G3631	οινου	N-GSM	LXX_WH
Dán 1:5	G3588	του	T-GSM	LXX_WH
Dán 1:5	G4224	ποτου	N-GSM	LXX_WH
Dán 1:5	G0846	αυτου	D-GSM	LXX_WH
Dán 1:5	G2532	και	CONJ	LXX_WH
Dán 1:5	G5142	θρεψαι	V-AAN	LXX_WH
Dán 1:5	G0846	αυτους	D-APM	LXX_WH
Dán 1:5	G2094	ετη	N-APN	LXX_WH
Dán 1:5	G5140	τρια	A-APN	LXX_WH
Dán 1:5	G2532	και	CONJ	LXX_WH
Dán 1:5	G3326	μετα	PREP	LXX_WH
Dán 1:5	G3778	ταυτα	D-APN	LXX_WH
Dán 1:5	G2476	στηναι	V-AAN	LXX_WH
Dán 1:5	G1799	ενωπιον	PREP	LXX_WH
Dán 1:5	G3588	του	T-GSM	LXX_WH
Dán 1:5	G0935	βασιλεως	N-GSM	LXX_WH
Dán 1:6	G2532	και	CONJ	LXX_WH
Dán 1:6	G1096	εγενετο	V-AMI-3S	LXX_WH
Dán 1:6	G1722	εν	PREP	LXX_WH
Dán 1:6	G0846	αυτοις	D-DPM	LXX_WH
Dán 1:6	G1537	εκ	PREP	LXX_WH
Dán 1:6	G3588	των	T-GPM	LXX_WH
Dán 1:6	G5207	υιων	N-GPM	LXX_WH
Dán 1:6	G2448	ιουδα	N-PRI	LXX_WH
Dán 1:6	G1158	δανιηλ	N-PRI	LXX_WH
Dán 1:6	G2532	και	CONJ	LXX_WH
Dán 1:6	G0367	ανανιας	N-PRI	LXX_WH
Dán 1:6	G2532	και	CONJ	LXX_WH
Dán 1:6	G2532	μισαηλ	N-PRI	ABP-potolt
Dán 1:6	G2532	και	CONJ	LXX_WH
Dán 1:6	G2532	αζαριας	N-PRI	ABP-potolt
Dán 1:7	G2532	και	CONJ	LXX_WH
Dán 1:7	G2007	επεθηκεν	V-AAI-3S	LXX_WH
Dán 1:7	G0846	αυτοις	D-DPM	LXX_WH
Dán 1:7	G3588	ο	T-NSM	LXX_WH
Dán 1:7	G0749	αρχιευνουχος	N-NSM	ABP-potolt
Dán 1:7	G3686	ονοματα	N-APN	LXX_WH
Dán 1:7	G3588	τω	T-DSM	LXX_WH
Dán 1:7	G1158	δανιηλ	N-PRI	LXX_WH
Dán 1:7		βαλτασαρ	N-PRI	ELTERO_SZOVEGALAP
Dán 1:7	G2532	και	CONJ	LXX_WH
Dán 1:7	G3588	τω	T-DSM	LXX_WH
Dán 1:7	G0367	ανανια	N-PRI	LXX_WH
Dán 1:7		σεδραχ	N-PRI	ELTERO_SZOVEGALAP
Dán 1:7	G2532	και	CONJ	LXX_WH
Dán 1:7	G3588	τω	T-DSM	LXX_WH
Dán 1:7		μισαηλ	N-PRI	ELTERO_SZOVEGALAP
Dán 1:7		μισαχ	N-PRI	ELTERO_SZOVEGALAP
Dán 1:7	G2532	και	CONJ	LXX_WH
Dán 1:7	G3588	τω	T-DSM	LXX_WH
Dán 1:7		αζαρια	N-PRI	ELTERO_SZOVEGALAP
Dán 1:7		αβδεναγω	N-PRI	ELTERO_SZOVEGALAP
Dán 1:8	G2532	και	CONJ	LXX_WH
Dán 1:8	G5087	εθετο	V-AMI-3S	LXX_WH
Dán 1:8	G1158	δανιηλ	N-PRI	LXX_WH
Dán 1:8	G1909	επι	PREP	LXX_WH
Dán 1:8	G3588	την	T-ASF	LXX_WH
Dán 1:8	G2588	καρδιαν	N-ASF	LXX_WH
Dán 1:8	G0846	αυτου	D-GSM	LXX_WH
Dán 1:8	G3739	ως	CONJ	LXX_WH
Dán 1:8	G3364	ου	ADV	LXX_WH
Dán 1:8	G3165	μη	ADV	LXX_WH
Dán 1:8		αλισγηθη	V-APS-3S	ELTERO_SZOVEGALAP
Dán 1:8	G1722	εν	PREP	LXX_WH
Dán 1:8	G3588	τη	T-DSF	LXX_WH
Dán 1:8	G5132	τραπεζη	N-DSF	LXX_WH
Dán 1:8	G3588	του	T-GSM	LXX_WH
Dán 1:8	G0935	βασιλεως	N-GSM	LXX_WH
Dán 1:8	G2532	και	CONJ	LXX_WH
Dán 1:8	G1722	εν	PREP	LXX_WH
Dán 1:8	G3588	τω	T-DSM	LXX_WH
Dán 1:8	G3631	οινω	N-DSM	LXX_WH
Dán 1:8	G3588	του	T-GSM	LXX_WH
Dán 1:8	G4224	ποτου	N-GSM	LXX_WH
Dán 1:8	G0846	αυτου	D-GSM	LXX_WH
Dán 1:8	G2532	και	CONJ	LXX_WH
Dán 1:8	G0515	ηξιωσε	V-AAI-3S	LXX_WH
Dán 1:8	G3588	τον	T-ASM	LXX_WH
Dán 1:8		αρχιευνουχον	N-ASM	ELTERO_SZOVEGALAP
Dán 1:8	G3739	ως	CONJ	LXX_WH
Dán 1:8	G3364	ου	ADV	LXX_WH
Dán 1:8	G3165	μη	ADV	LXX_WH
Dán 1:8		αλισγηθη	V-APS-3S	ELTERO_SZOVEGALAP
Dán 1:9	G2532	και	CONJ	LXX_WH
Dán 1:9	G1325	εδωκεν	V-AAI-3S	LXX_WH
Dán 1:9	G3588	ο	T-NSM	LXX_WH
Dán 1:9	G2316	θεος	N-NSM	LXX_WH
Dán 1:9	G3588	τον	T-ASM	LXX_WH
Dán 1:9	G1158	δανιηλ	N-PRI	LXX_WH
Dán 1:9	G1519	εις	PREP	LXX_WH
Dán 1:9	G1656	ελεον	N-ASM	LXX_WH
Dán 1:9	G2532	και	CONJ	LXX_WH
Dán 1:9	G1519	εις	PREP	LXX_WH
Dán 1:9	G3628	οικτιρμον	N-ASM	LXX_WH
Dán 1:9	G1799	ενωπιον	PREP	LXX_WH
Dán 1:9	G3588	του	T-GSM	LXX_WH
Dán 1:9	G0749	αρχιευνουχου	N-GSM	ABP-potolt
Dán 1:10	G2532	και	CONJ	LXX_WH
Dán 1:10		ειπεν	V-AAI-3S	
Dán 1:10	G3588	ο	T-NSM	LXX_WH
Dán 1:10		αρχιευνουχος	N-NSM	
Dán 1:10	G3588	τω	T-DSM	LXX_WH
Dán 1:10	G1158	δανιηλ	N-PRI	LXX_WH
Dán 1:10	G5399	φοβουμαι	V-PMI-1S	LXX_WH
Dán 1:10	G1473	εγω	P-NS	LXX_WH
Dán 1:10	G3588	τον	T-ASM	LXX_WH
Dán 1:10	G2962	κυριον	N-ASM	LXX_WH
Dán 1:10	G1473	μου	P-GS	LXX_WH
Dán 1:10	G3588	τον	T-ASM	LXX_WH
Dán 1:10	G0935	βασιλεα	N-ASM	LXX_WH
Dán 1:10	G3588	τον	T-ASM	LXX_WH
Dán 1:10		εκταξαντα	V-AAPAS	
Dán 1:10	G3588	την	T-ASF	LXX_WH
Dán 1:10	G1035	βρωσιν	N-ASF	LXX_WH
Dán 1:10	G4771	υμων	P-GP	LXX_WH
Dán 1:10	G2532	και	CONJ	LXX_WH
Dán 1:10	G3588	την	T-ASF	LXX_WH
Dán 1:10	G4213	ποσιν	N-ASF	LXX_WH
Dán 1:10	G4771	υμων	P-GP	LXX_WH
Dán 1:10	G3379	μηποτε	ADV	LXX_WH
Dán 1:10	G3708	ιδη	V-AAS-3S	LXX_WH
Dán 1:10	G3588	τα	T-APN	LXX_WH
Dán 1:10	G4383	προσωπα	N-APN	LXX_WH
Dán 1:10	G4771	υμων	P-GP	LXX_WH
Dán 1:10	G4659	σκυθρωπα	A-APN	LXX_WH
Dán 1:10	G3844	παρα	PREP	LXX_WH
Dán 1:10	G3588	τα	T-APN	LXX_WH
Dán 1:10	G3808	παιδαρια	N-APN	LXX_WH
Dán 1:10	G3588	τα	T-APN	LXX_WH
Dán 1:10		συνηλικα	A-APN	ELTERO_SZOVEGALAP
Dán 1:10	G4771	υμων	P-GP	LXX_WH
Dán 1:10	G2532	και	CONJ	LXX_WH
Dán 1:10	G2613	καταδικασητε	V-AAS-2P	LXX_WH
Dán 1:10	G3588	την	T-ASF	LXX_WH
Dán 1:10	G2776	κεφαλην	N-ASF	LXX_WH
Dán 1:10	G1473	μου	P-GS	LXX_WH
Dán 1:10	G3588	τω	T-DSM	LXX_WH
Dán 1:10	G0935	βασιλει	N-DSM	LXX_WH
Dán 1:11	G2532	και	CONJ	LXX_WH
Dán 1:11		ειπεν	V-AAI-3S	ELTERO_SZOVEGALAP
Dán 1:11	G1158	δανιηλ	N-PRI	LXX_WH
Dán 1:11	G4314	προς	PREP	LXX_WH
Dán 1:11		αμελσαδ	N-PRI	ELTERO_SZOVEGALAP
Dán 1:11	G3739	ον	R-ASM	LXX_WH
Dán 1:11	G2525	κατεστησεν	V-AAI-3S	LXX_WH
Dán 1:11	G3588	ο	T-NSM	LXX_WH
Dán 1:11	G0749	αρχιευνουχος	N-NSM	ABP-potolt
Dán 1:11	G1909	επι	PREP	LXX_WH
Dán 1:11	G1158	δανιηλ	N-PRI	LXX_WH
Dán 1:11	G0367	ανανιαν	N-PRI	LXX_WH
Dán 1:11		μισαηλ	N-PRI	ELTERO_SZOVEGALAP
Dán 1:11		αζαριαν	N-PRI	ELTERO_SZOVEGALAP
Dán 1:12	G3985	πειρασον	V-AAD-2S	LXX_WH
Dán 1:12	G1161	δη	PRT	LXX_WH
Dán 1:12	G3588	τους	T-APM	LXX_WH
Dán 1:12	G3816	παιδας	N-APM	LXX_WH
Dán 1:12	G4771	σου	P-GS	LXX_WH
Dán 1:12	G2250	ημερας	N-APF	LXX_WH
Dán 1:12	G1176	δεκα	N-NUI	LXX_WH
Dán 1:12	G2532	και	CONJ	LXX_WH
Dán 1:12	G1325	δοτωσαν	V-AAD-3P	LXX_WH
Dán 1:12	G1473	ημιν	P-DP	LXX_WH
Dán 1:12	G0575	απο	PREP	LXX_WH
Dán 1:12	G3588	των	T-GPN	LXX_WH
Dán 1:12	G4690	σπερματων	N-GPN	LXX_WH
Dán 1:12	G2532	και	CONJ	LXX_WH
Dán 1:12	G2068	φαγομεθα	V-FMI-1P	LXX_WH
Dán 1:12	G2532	και	CONJ	LXX_WH
Dán 1:12	G5204	υδωρ	N-ASN	LXX_WH
Dán 1:12	G4095	πιομεθα	V-FMI-1P	LXX_WH
Dán 1:13	G2532	και	CONJ	LXX_WH
Dán 1:13	G3708	οφθητωσαν	V-APD-3P	LXX_WH
Dán 1:13	G1799	ενωπιον	PREP	LXX_WH
Dán 1:13	G4771	σου	P-GS	LXX_WH
Dán 1:13	G3588	αι	T-NPF	LXX_WH
Dán 1:13	G2397	ιδεαι	N-NPF	LXX_WH
Dán 1:13	G1473	ημων	P-GP	LXX_WH
Dán 1:13	G2532	και	CONJ	LXX_WH
Dán 1:13	G3588	αι	T-NPF	LXX_WH
Dán 1:13	G2397	ιδεαι	N-NPF	LXX_WH
Dán 1:13	G3588	των	T-GPN	LXX_WH
Dán 1:13	G3808	παιδαριων	N-GPN	LXX_WH
Dán 1:13	G3588	των	T-GPN	LXX_WH
Dán 1:13	G2068	εσθιοντων	V-PAPGP	LXX_WH
Dán 1:13	G3588	την	T-ASF	LXX_WH
Dán 1:13	G5132	τραπεζαν	N-ASF	LXX_WH
Dán 1:13	G3588	του	T-GSM	LXX_WH
Dán 1:13	G0935	βασιλεως	N-GSM	LXX_WH
Dán 1:13	G2532	και	CONJ	LXX_WH
Dán 1:13	G2531	καθως	ADV	LXX_WH
Dán 1:13	G0302	αν	PRT	LXX_WH
Dán 1:13	G3708	ιδης	V-AAS-2S	LXX_WH
Dán 1:13	G4160	ποιησον	V-AAD-2S	LXX_WH
Dán 1:13	G3326	μετα	PREP	LXX_WH
Dán 1:13	G3588	των	T-GPM	LXX_WH
Dán 1:13	G3816	παιδων	N-GPM	LXX_WH
Dán 1:13	G4771	σου	P-GS	LXX_WH
Dán 1:14	G2532	και	CONJ	LXX_WH
Dán 1:14	G1522	εισηκουσεν	V-AAI-3S	LXX_WH
Dán 1:14	G0846	αυτων	D-GPM	LXX_WH
Dán 1:14	G2532	και	CONJ	LXX_WH
Dán 1:14	G3985	επειρασεν	V-AAI-3S	LXX_WH
Dán 1:14	G0846	αυτους	D-APM	LXX_WH
Dán 1:14	G2250	ημερας	N-APF	LXX_WH
Dán 1:14	G1176	δεκα	N-NUI	LXX_WH
Dán 1:15	G2532	και	CONJ	LXX_WH
Dán 1:15	G3326	μετα	PREP	LXX_WH
Dán 1:15	G3588	το	T-ASN	LXX_WH
Dán 1:15	G5056	τελος	N-ASN	LXX_WH
Dán 1:15	G3588	των	T-GPF	LXX_WH
Dán 1:15	G1176	δεκα	N-NUI	LXX_WH
Dán 1:15	G2250	ημερων	N-GPF	LXX_WH
Dán 1:15	G3708	ωραθησαν	V-API-3P	LXX_WH
Dán 1:15	G3588	αι	T-NPF	LXX_WH
Dán 1:15	G2397	ιδεαι	N-NPF	LXX_WH
Dán 1:15	G0846	αυτων	D-GPM	LXX_WH
Dán 1:15	G0018	αγαθαι	A-NPF	LXX_WH
Dán 1:15	G2532	και	CONJ	LXX_WH
Dán 1:15	G2478	ισχυραι	A-NPF	LXX_WH
Dán 1:15	G3588	ταις	T-DPF	LXX_WH
Dán 1:15	G4561	σαρξιν	N-DPF	LXX_WH
Dán 1:15	G5228	υπερ	PREP	LXX_WH
Dán 1:15	G3588	τα	T-APN	LXX_WH
Dán 1:15	G3808	παιδαρια	N-APN	LXX_WH
Dán 1:15	G3588	τα	T-APN	LXX_WH
Dán 1:15	G2068	εσθιοντα	V-PAPAS	LXX_WH
Dán 1:15	G3588	την	T-ASF	LXX_WH
Dán 1:15	G5132	τραπεζαν	N-ASF	LXX_WH
Dán 1:15	G3588	του	T-GSM	LXX_WH
Dán 1:15	G0935	βασιλεως	N-GSM	LXX_WH
Dán 1:16	G2532	και	CONJ	LXX_WH
Dán 1:16	G1096	εγενετο	V-AMI-3S	LXX_WH
Dán 1:16		αμελσαδ	N-PRI	ELTERO_SZOVEGALAP
Dán 1:16	G0337	αναιρουμενος	V-PMPNS	LXX_WH
Dán 1:16	G3588	το	T-ASN	LXX_WH
Dán 1:16	G1173	δειπνον	N-ASN	LXX_WH
Dán 1:16	G0846	αυτων	D-GPM	LXX_WH
Dán 1:16	G2532	και	CONJ	LXX_WH
Dán 1:16	G3588	τον	T-ASM	LXX_WH
Dán 1:16	G3631	οινον	N-ASM	LXX_WH
Dán 1:16	G3588	του	T-GSN	LXX_WH
Dán 1:16	G4188	ποματος	N-GSN	LXX_WH
Dán 1:16	G0846	αυτων	D-GPM	LXX_WH
Dán 1:16	G2532	και	CONJ	LXX_WH
Dán 1:16	G1325	εδιδου	V-IMI-3S	LXX_WH
Dán 1:16	G0846	αυτοις	D-DPM	LXX_WH
Dán 1:16	G4690	σπερματα	N-APN	LXX_WH
Dán 1:17	G2532	και	CONJ	LXX_WH
Dán 1:17	G3588	τα	T-NPN	LXX_WH
Dán 1:17	G3808	παιδαρια	N-NPN	LXX_WH
Dán 1:17	G3778	ταυτα	D-NPN	LXX_WH
Dán 1:17	G3588	οι	T-NPM	LXX_WH
Dán 1:17	G5064	τεσσαρες	A-NPM	LXX_WH
Dán 1:17	G0846	αυτοι	D-NPM	LXX_WH
Dán 1:17	G1325	εδωκεν	V-AAI-3S	LXX_WH
Dán 1:17	G0846	αυτοις	D-DPM	LXX_WH
Dán 1:17	G3588	ο	T-NSM	LXX_WH
Dán 1:17	G2316	θεος	N-NSM	LXX_WH
Dán 1:17	G4907	συνεσιν	N-ASF	LXX_WH
Dán 1:17	G2532	και	CONJ	LXX_WH
Dán 1:17	G5428	φρονησιν	N-ASF	LXX_WH
Dán 1:17	G1722	εν	PREP	LXX_WH
Dán 1:17	G3956	παση	A-DSF	LXX_WH
Dán 1:17		γραμματικη	A-DSF	
Dán 1:17	G2532	και	CONJ	LXX_WH
Dán 1:17	G4678	σοφια	N-DSF	LXX_WH
Dán 1:17	G2532	και	CONJ	LXX_WH
Dán 1:17	G1158	δανιηλ	N-PRI	LXX_WH
Dán 1:17	G4920	συνηκεν	V-AAI-3S	LXX_WH
Dán 1:17	G1722	εν	PREP	LXX_WH
Dán 1:17	G3956	παση	A-DSF	LXX_WH
Dán 1:17	G3706	ορασει	N-DSF	LXX_WH
Dán 1:17	G2532	και	CONJ	LXX_WH
Dán 1:17	G1798	ενυπνιοις	N-DPN	LXX_WH
Dán 1:18	G2532	και	CONJ	LXX_WH
Dán 1:18	G3326	μετα	PREP	LXX_WH
Dán 1:18	G3588	το	T-ASN	LXX_WH
Dán 1:18	G5056	τελος	N-ASN	LXX_WH
Dán 1:18	G3588	των	T-GPF	LXX_WH
Dán 1:18	G2250	ημερων	N-GPF	LXX_WH
Dán 1:18	G3739	ων	R-GPF	LXX_WH
Dán 1:18	G2036	ειπεν	V-AAI-3S	ABP-potolt
Dán 1:18	G3588	ο	T-NSM	LXX_WH
Dán 1:18	G0935	βασιλευς	N-NSM	LXX_WH
Dán 1:18	G1521	εισαγαγειν	V-AAN	LXX_WH
Dán 1:18	G0846	αυτους	D-APM	LXX_WH
Dán 1:18	G2532	και	CONJ	LXX_WH
Dán 1:18	G1521	εισηγαγεν	V-AAI-3S	LXX_WH
Dán 1:18	G0846	αυτους	D-APM	LXX_WH
Dán 1:18	G3588	ο	T-NSM	LXX_WH
Dán 1:18	G0749	αρχιευνουχος	N-NSM	ABP-potolt
Dán 1:18	G1726	εναντιον	PREP	LXX_WH
Dán 1:18		ναβουχοδονοσορ	N-PRI	ELTERO_SZOVEGALAP
Dán 1:19	G2532	και	CONJ	LXX_WH
Dán 1:19	G2980	ελαλησεν	V-AAI-3S	LXX_WH
Dán 1:19	G3326	μετ	PREP	LXX_WH
Dán 1:19	G0846	αυτων	D-GPM	LXX_WH
Dán 1:19	G3588	ο	T-NSM	LXX_WH
Dán 1:19	G0935	βασιλευς	N-NSM	LXX_WH
Dán 1:19	G2532	και	CONJ	LXX_WH
Dán 1:19	G3364	ουχ	ADV	LXX_WH
Dán 1:19	G2147	ευρεθησαν	V-API-3P	LXX_WH
Dán 1:19	G1537	εκ	PREP	LXX_WH
Dán 1:19	G3956	παντων	A-GPM	LXX_WH
Dán 1:19	G0846	αυτων	D-GPM	LXX_WH
Dán 1:19	G3664	ομοιοι	A-NPM	LXX_WH
Dán 1:19	G1158	δανιηλ	N-PRI	LXX_WH
Dán 1:19	G2532	και	CONJ	LXX_WH
Dán 1:19	G0367	ανανια	N-PRI	LXX_WH
Dán 1:19	G2532	και	CONJ	LXX_WH
Dán 1:19	G2532	μισαηλ	N-PRI	ABP-potolt
Dán 1:19	G2532	και	CONJ	LXX_WH
Dán 1:19	G2532	αζαρια	N-PRI	ABP-potolt
Dán 1:19	G2532	και	CONJ	LXX_WH
Dán 1:19	G2476	εστησαν	V-AAI-3P	LXX_WH
Dán 1:19	G1799	ενωπιον	PREP	LXX_WH
Dán 1:19	G3588	του	T-GSM	LXX_WH
Dán 1:19	G0935	βασιλεως	N-GSM	LXX_WH
Dán 1:20	G2532	και	CONJ	LXX_WH
Dán 1:20	G1722	εν	PREP	LXX_WH
Dán 1:20	G3956	παντι	A-DSN	LXX_WH
Dán 1:20	G4487	ρηματι	N-DSN	LXX_WH
Dán 1:20	G4678	σοφιας	N-GSF	LXX_WH
Dán 1:20	G2532	και	CONJ	LXX_WH
Dán 1:20		επιστημης	N-GSF	ELTERO_SZOVEGALAP
Dán 1:20	G3739	ων	R-GPN	LXX_WH
Dán 1:20	G2212	εζητησεν	V-AAI-3S	LXX_WH
Dán 1:20	G3844	παρ	PREP	LXX_WH
Dán 1:20	G0846	αυτων	D-GPM	LXX_WH
Dán 1:20	G3588	ο	T-NSM	LXX_WH
Dán 1:20	G0935	βασιλευς	N-NSM	LXX_WH
Dán 1:20	G2147	ευρεν	V-AAI-3S	LXX_WH
Dán 1:20	G0846	αυτους	D-APM	LXX_WH
Dán 1:20		δεκαπλασιονας	A-APM	ELTERO_SZOVEGALAP
Dán 1:20	G3844	παρα	PREP	LXX_WH
Dán 1:20	G3956	παντας	A-APM	LXX_WH
Dán 1:20	G3588	τους	T-APM	LXX_WH
Dán 1:20	G1883	επαοιδους	N-APM	ABP-potolt
Dán 1:20	G2532	και	CONJ	LXX_WH
Dán 1:20	G3588	τους	T-APM	LXX_WH
Dán 1:20	G3097	μαγους	N-APM	LXX_WH
Dán 1:20	G3588	τους	T-APM	LXX_WH
Dán 1:20	G1510	οντας	V-PAPAP	LXX_WH
Dán 1:20	G1722	εν	PREP	LXX_WH
Dán 1:20	G3956	παση	A-DSF	LXX_WH
Dán 1:20	G3588	τη	T-DSF	LXX_WH
Dán 1:20	G0932	βασιλεια	N-DSF	LXX_WH
Dán 1:20	G0846	αυτου	D-GSM	LXX_WH
Dán 1:21	G2532	και	CONJ	LXX_WH
Dán 1:21	G1096	εγενετο	V-AMI-3S	LXX_WH
Dán 1:21	G1158	δανιηλ	N-PRI	LXX_WH
Dán 1:21	G2193	εως	PREP	LXX_WH
Dán 1:21	G2094	ετους	N-GSN	LXX_WH
Dán 1:21	G1519	ενος	A-GSN	LXX_WH
Dán 1:21		κυρου	N-PRI	ELTERO_SZOVEGALAP
Dán 1:21	G3588	του	T-GSM	LXX_WH
Dán 1:21	G0935	βασιλεως	N-GSM	LXX_WH
Dán 2:1	G1722	εν	PREP	LXX_WH
Dán 2:1	G3588	τω	T-DSN	LXX_WH
Dán 2:1	G2094	ετει	N-DSN	LXX_WH
Dán 2:1	G3588	τω	T-DSN	LXX_WH
Dán 2:1	G1208	δευτερω	A-DSN	LXX_WH
Dán 2:1	G3588	της	T-GSF	LXX_WH
Dán 2:1	G0932	βασιλειας	N-GSF	LXX_WH
Dán 2:1		ναβουχοδονοσορ	N-PRI	ELTERO_SZOVEGALAP
Dán 2:1	G1797	ηνυπνιασθη	V-API-3S	LXX_WH
Dán 2:1		ναβουχοδονοσορ	N-PRI	ELTERO_SZOVEGALAP
Dán 2:1	G1798	ενυπνιον	N-ASN	LXX_WH
Dán 2:1	G2532	και	CONJ	LXX_WH
Dán 2:1	G1839	εξεστη	V-AAI-3S	LXX_WH
Dán 2:1	G3588	το	T-NSN	LXX_WH
Dán 2:1	G4151	πνευμα	N-NSN	LXX_WH
Dán 2:1	G0846	αυτου	D-GSM	LXX_WH
Dán 2:1	G2532	και	CONJ	LXX_WH
Dán 2:1	G3588	ο	T-NSM	LXX_WH
Dán 2:1	G5258	υπνος	N-NSM	LXX_WH
Dán 2:1	G0846	αυτου	D-GSM	LXX_WH
Dán 2:1	G1096	εγενετο	V-AMI-3S	LXX_WH
Dán 2:1	G0575	απ	PREP	LXX_WH
Dán 2:1	G0846	αυτου	D-GSM	LXX_WH
Dán 2:2	G2532	και	CONJ	LXX_WH
Dán 2:2		ειπεν	V-AAI-3S	
Dán 2:2	G3588	ο	T-NSM	LXX_WH
Dán 2:2	G0935	βασιλευς	N-NSM	LXX_WH
Dán 2:2	G2564	καλεσαι	V-AAN	LXX_WH
Dán 2:2	G3588	τους	T-APM	LXX_WH
Dán 2:2		επαοιδους	N-APM	
Dán 2:2	G2532	και	CONJ	LXX_WH
Dán 2:2	G3588	τους	T-APM	LXX_WH
Dán 2:2	G3097	μαγους	N-APM	LXX_WH
Dán 2:2	G2532	και	CONJ	LXX_WH
Dán 2:2	G3588	τους	T-APM	LXX_WH
Dán 2:2	G5333	φαρμακους	N-APM	LXX_WH
Dán 2:2	G2532	και	CONJ	LXX_WH
Dán 2:2	G3588	τους	T-APM	LXX_WH
Dán 2:2	G5466	χαλδαιους	N-APM	LXX_WH
Dán 2:2	G3588	του	T-GSN	LXX_WH
Dán 2:2	G0312	αναγγειλαι	V-AAN	LXX_WH
Dán 2:2	G3588	τω	T-DSM	LXX_WH
Dán 2:2	G0935	βασιλει	N-DSM	LXX_WH
Dán 2:2	G3588	τα	T-APN	LXX_WH
Dán 2:2	G1798	ενυπνια	N-APN	LXX_WH
Dán 2:2	G0846	αυτου	D-GSM	LXX_WH
Dán 2:2	G2532	και	CONJ	LXX_WH
Dán 2:2	G2064	ηλθαν	V-AAI-3P	LXX_WH
Dán 2:2	G2532	και	CONJ	LXX_WH
Dán 2:2	G2476	εστησαν	V-AAI-3P	LXX_WH
Dán 2:2	G1799	ενωπιον	PREP	LXX_WH
Dán 2:2	G3588	του	T-GSM	LXX_WH
Dán 2:2	G0935	βασιλεως	N-GSM	LXX_WH
Dán 2:3	G2532	και	CONJ	LXX_WH
Dán 2:3		ειπεν	V-AAI-3S	ELTERO_SZOVEGALAP
Dán 2:3	G0846	αυτοις	D-DPM	LXX_WH
Dán 2:3	G3588	ο	T-NSM	LXX_WH
Dán 2:3	G0935	βασιλευς	N-NSM	LXX_WH
Dán 2:3	G1797	ηνυπνιασθην	V-API-1S	LXX_WH
Dán 2:3	G2532	και	CONJ	LXX_WH
Dán 2:3	G1839	εξεστη	V-AAI-3S	LXX_WH
Dán 2:3	G3588	το	T-NSN	LXX_WH
Dán 2:3	G4151	πνευμα	N-NSN	LXX_WH
Dán 2:3	G1473	μου	P-GS	LXX_WH
Dán 2:3	G3588	του	T-GSN	LXX_WH
Dán 2:3	G1097	γνωναι	V-AAN	LXX_WH
Dán 2:3	G3588	το	T-ASN	LXX_WH
Dán 2:3	G1798	ενυπνιον	N-ASN	LXX_WH
Dán 2:4	G2532	και	CONJ	LXX_WH
Dán 2:4	G2980	ελαλησαν	V-AAI-3P	LXX_WH
Dán 2:4	G3588	οι	T-NPM	LXX_WH
Dán 2:4	G5466	χαλδαιοι	N-NPM	LXX_WH
Dán 2:4	G3588	τω	T-DSM	LXX_WH
Dán 2:4	G0935	βασιλει	N-DSM	LXX_WH
Dán 2:4		συριστι	ADV	ELTERO_SZOVEGALAP
Dán 2:4	G0935	βασιλευ	N-VSM	LXX_WH
Dán 2:4	G1519	εις	PREP	LXX_WH
Dán 2:4	G3588	τους	T-APM	LXX_WH
Dán 2:4	G0165	αιωνας	N-APM	LXX_WH
Dán 2:4	G2198	ζηθι	V-PAD-2S	LXX_WH
Dán 2:4	G4771	συ	P-NS	LXX_WH
Dán 2:4		ειπον	V-AAD-2S	ELTERO_SZOVEGALAP
Dán 2:4	G3588	το	T-ASN	LXX_WH
Dán 2:4	G1798	ενυπνιον	N-ASN	LXX_WH
Dán 2:4	G3588	τοις	T-DPM	LXX_WH
Dán 2:4	G3816	παισιν	N-DPM	LXX_WH
Dán 2:4	G4771	σου	P-GS	LXX_WH
Dán 2:4	G2532	και	CONJ	LXX_WH
Dán 2:4	G3588	την	T-ASF	LXX_WH
Dán 2:4		συγκρισιν	N-ASF	ELTERO_SZOVEGALAP
Dán 2:4	G0312	αναγγελουμεν	V-FAI-1P	LXX_WH
Dán 2:5	G0611	απεκριθη	V-API-3S	ABP-potolt
Dán 2:5	G3588	ο	T-NSM	LXX_WH
Dán 2:5	G0935	βασιλευς	N-NSM	LXX_WH
Dán 2:5	G2532	και	CONJ	LXX_WH
Dán 2:5	G2036	ειπεν	V-AAI-3S	ABP-potolt
Dán 2:5	G3588	τοις	T-DPM	LXX_WH
Dán 2:5	G5466	χαλδαιοις	N-DPM	LXX_WH
Dán 2:5	G3588	ο	T-NSM	LXX_WH
Dán 2:5	G3056	λογος	N-NSM	LXX_WH
Dán 2:5	G0575	απ	PREP	LXX_WH
Dán 2:5	G1473	εμου	P-GS	LXX_WH
Dán 2:5	G0868	απεστη	V-AAI-3S	ABP-potolt
Dán 2:5	G1437	εαν	CONJ	LXX_WH
Dán 2:5	G3165	μη	ADV	LXX_WH
Dán 2:5	G1107	γνωρισητε	V-AAS-2P	LXX_WH
Dán 2:5	G1473	μοι	P-DS	LXX_WH
Dán 2:5	G3588	το	T-ASN	LXX_WH
Dán 2:5	G1798	ενυπνιον	N-ASN	LXX_WH
Dán 2:5	G2532	και	CONJ	LXX_WH
Dán 2:5	G3588	την	T-ASF	LXX_WH
Dán 2:5		συγκρισιν	N-ASF	ELTERO_SZOVEGALAP
Dán 2:5	G0846	αυτου	D-GSN	LXX_WH
Dán 2:5	G1519	εις	PREP	LXX_WH
Dán 2:5	G0684	απωλειαν	N-ASF	LXX_WH
Dán 2:5	G1510	εσεσθε	V-FMI-2P	LXX_WH
Dán 2:5	G2532	και	CONJ	LXX_WH
Dán 2:5	G3588	οι	T-NPM	LXX_WH
Dán 2:5	G3624	οικοι	N-NPM	LXX_WH
Dán 2:5	G4771	υμων	P-GP	LXX_WH
Dán 2:5		διαρπαγησονται	V-FMI-3P	ELTERO_SZOVEGALAP
Dán 2:6	G1437	εαν	CONJ	LXX_WH
Dán 2:6	G1161	δε	PRT	LXX_WH
Dán 2:6	G3588	το	T-ASN	LXX_WH
Dán 2:6	G1798	ενυπνιον	N-ASN	LXX_WH
Dán 2:6	G2532	και	CONJ	LXX_WH
Dán 2:6	G3588	την	T-ASF	LXX_WH
Dán 2:6		συγκρισιν	N-ASF	ELTERO_SZOVEGALAP
Dán 2:6	G0846	αυτου	D-GSN	LXX_WH
Dán 2:6	G1107	γνωρισητε	V-AAS-2P	LXX_WH
Dán 2:6	G1473	μοι	P-DS	LXX_WH
Dán 2:6	G1390	δοματα	N-APN	LXX_WH
Dán 2:6	G2532	και	CONJ	LXX_WH
Dán 2:6	G1431	δωρεας	N-APF	LXX_WH
Dán 2:6	G2532	και	CONJ	LXX_WH
Dán 2:6	G5092	τιμην	N-ASF	LXX_WH
Dán 2:6	G4183	πολλην	A-ASF	LXX_WH
Dán 2:6	G2983	λημψεσθε	V-FMI-2P	LXX_WH
Dán 2:6	G3844	παρ	PREP	LXX_WH
Dán 2:6	G1473	εμου	P-GS	LXX_WH
Dán 2:6	G4133	πλην	ADV	LXX_WH
Dán 2:6	G3588	το	T-ASN	LXX_WH
Dán 2:6	G1798	ενυπνιον	N-ASN	LXX_WH
Dán 2:6	G2532	και	CONJ	LXX_WH
Dán 2:6	G3588	την	T-ASF	LXX_WH
Dán 2:6		συγκρισιν	N-ASF	ELTERO_SZOVEGALAP
Dán 2:6	G0846	αυτου	D-GSN	LXX_WH
Dán 2:6		απαγγειλατε	V-AAD-2P	ELTERO_SZOVEGALAP
Dán 2:6	G1473	μοι	P-DS	LXX_WH
Dán 2:7	G0611	απεκριθησαν	V-API-3P	ABP-potolt
Dán 2:7	G1208	δευτερον	A-ASM	LXX_WH
Dán 2:7	G2532	και	CONJ	LXX_WH
Dán 2:7	G2036	ειπαν	V-AAI-3P	ABP-potolt
Dán 2:7	G3588	ο	T-VSM	LXX_WH
Dán 2:7	G0935	βασιλευς	N-VSM	LXX_WH
Dán 2:7	G2036	ειπατω	V-AAD-3S	ABP-potolt
Dán 2:7	G3588	το	T-ASN	LXX_WH
Dán 2:7	G1798	ενυπνιον	N-ASN	LXX_WH
Dán 2:7	G3588	τοις	T-DPM	LXX_WH
Dán 2:7	G3816	παισιν	N-DPM	LXX_WH
Dán 2:7	G0846	αυτου	D-GSM	LXX_WH
Dán 2:7	G2532	και	CONJ	LXX_WH
Dán 2:7	G3588	την	T-ASF	LXX_WH
Dán 2:7		συγκρισιν	N-ASF	ELTERO_SZOVEGALAP
Dán 2:7	G0846	αυτου	D-GSN	LXX_WH
Dán 2:7	G0312	αναγγελουμεν	V-FAI-1P	LXX_WH
Dán 2:8		απεκριθη	V-API-3S	ELTERO_SZOVEGALAP
Dán 2:8	G3588	ο	T-NSM	LXX_WH
Dán 2:8	G0935	βασιλευς	N-NSM	LXX_WH
Dán 2:8	G2532	και	CONJ	LXX_WH
Dán 2:8	G2036	ειπεν	V-AAI-3S	ABP-potolt
Dán 2:8	G1909	επ	PREP	LXX_WH
Dán 2:8	G0225	αληθειας	N-GSF	LXX_WH
Dán 2:8		οιδα	V-RAI-1S	ELTERO_SZOVEGALAP
Dán 2:8	G1473	εγω	P-NS	LXX_WH
Dán 2:8	G3754	οτι	CONJ	LXX_WH
Dán 2:8	G2540	καιρον	N-ASM	LXX_WH
Dán 2:8	G4771	υμεις	P-NP	LXX_WH
Dán 2:8	G1805	εξαγοραζετε	V-PAI-2P	LXX_WH
Dán 2:8	G2530	καθοτι	ADV	LXX_WH
Dán 2:8	G3708	ειδετε	V-AAI-2P	LXX_WH
Dán 2:8	G3754	οτι	CONJ	LXX_WH
Dán 2:8	G0868	απεστη	V-AAI-3S	ABP-potolt
Dán 2:8	G0575	απ	PREP	LXX_WH
Dán 2:8	G1473	εμου	P-GS	LXX_WH
Dán 2:8	G3588	το	T-NSN	LXX_WH
Dán 2:8	G4487	ρημα	N-NSN	LXX_WH
Dán 2:9	G1437	εαν	CONJ	LXX_WH
Dán 2:9	G3767	ουν	PRT	LXX_WH
Dán 2:9	G3588	το	T-ASN	LXX_WH
Dán 2:9	G1798	ενυπνιον	N-ASN	LXX_WH
Dán 2:9	G3165	μη	ADV	LXX_WH
Dán 2:9	G0312	αναγγειλητε	V-AAS-2P	LXX_WH
Dán 2:9	G1473	μοι	P-DS	LXX_WH
Dán 2:9	G1492	οιδα	V-RAI-1S	ABP-potolt
Dán 2:9	G3754	οτι	CONJ	LXX_WH
Dán 2:9	G4487	ρημα	N-ASN	LXX_WH
Dán 2:9	G5571	ψευδες	A-ASN	LXX_WH
Dán 2:9	G2532	και	CONJ	LXX_WH
Dán 2:9	G1311	διεφθαρμενον	V-RMPAS	LXX_WH
Dán 2:9		συνεθεσθε	V-AMI-2P	ELTERO_SZOVEGALAP
Dán 2:9		ειπειν	V-AAN	ELTERO_SZOVEGALAP
Dán 2:9	G1799	ενωπιον	PREP	LXX_WH
Dán 2:9	G1473	μου	P-GS	LXX_WH
Dán 2:9	G2193	εως	PREP	LXX_WH
Dán 2:9	G3739	ου	R-GSM	LXX_WH
Dán 2:9	G3588	ο	T-NSM	LXX_WH
Dán 2:9	G2540	καιρος	N-NSM	LXX_WH
Dán 2:9	G3928	παρελθη	V-AAS-3S	LXX_WH
Dán 2:9	G3588	το	T-ASN	LXX_WH
Dán 2:9	G1798	ενυπνιον	N-ASN	LXX_WH
Dán 2:9	G1473	μου	P-GS	LXX_WH
Dán 2:9		ειπατε	V-AAD-2P	ELTERO_SZOVEGALAP
Dán 2:9	G1473	μοι	P-DS	LXX_WH
Dán 2:9	G2532	και	CONJ	LXX_WH
Dán 2:9	G1097	γνωσομαι	V-FMI-1S	LXX_WH
Dán 2:9	G3754	οτι	CONJ	LXX_WH
Dán 2:9	G3588	την	T-ASF	LXX_WH
Dán 2:9		συγκρισιν	N-ASF	ELTERO_SZOVEGALAP
Dán 2:9	G0846	αυτου	D-GSN	LXX_WH
Dán 2:9	G0312	αναγγελειτε	V-FAI-2P	LXX_WH
Dán 2:9	G1473	μοι	P-DS	LXX_WH
Dán 2:10		απεκριθησαν	V-API-3P	ELTERO_SZOVEGALAP
Dán 2:10	G3588	οι	T-NPM	LXX_WH
Dán 2:10	G5466	χαλδαιοι	N-NPM	LXX_WH
Dán 2:10	G1799	ενωπιον	PREP	LXX_WH
Dán 2:10	G3588	του	T-GSM	LXX_WH
Dán 2:10	G0935	βασιλεως	N-GSM	LXX_WH
Dán 2:10	G2532	και	CONJ	LXX_WH
Dán 2:10	G3004	λεγουσιν	V-PAI-3P	LXX_WH
Dán 2:10	G3364	ουκ	ADV	LXX_WH
Dán 2:10	G1510	εστιν	V-PAI-3S	LXX_WH
Dán 2:10	G0444	ανθρωπος	N-NSM	LXX_WH
Dán 2:10	G1909	επι	PREP	LXX_WH
Dán 2:10	G3588	της	T-GSF	LXX_WH
Dán 2:10	G3584	ξηρας	A-GSF	LXX_WH
Dán 2:10	G3748	οστις	RI-NSM	LXX_WH
Dán 2:10	G3588	το	T-ASN	LXX_WH
Dán 2:10	G4487	ρημα	N-ASN	LXX_WH
Dán 2:10	G3588	του	T-GSM	LXX_WH
Dán 2:10	G0935	βασιλεως	N-GSM	LXX_WH
Dán 2:10	G1410	δυνησεται	V-FMI-3S	LXX_WH
Dán 2:10	G1107	γνωρισαι	V-AAN	LXX_WH
Dán 2:10	G2530	καθοτι	ADV	LXX_WH
Dán 2:10	G3956	πας	A-NSM	LXX_WH
Dán 2:10	G0935	βασιλευς	N-NSM	LXX_WH
Dán 2:10	G3173	μεγας	A-NSM	LXX_WH
Dán 2:10	G2532	και	CONJ	LXX_WH
Dán 2:10	G0758	αρχων	N-NSM	LXX_WH
Dán 2:10	G4487	ρημα	N-ASN	LXX_WH
Dán 2:10	G5108	τοιουτο	D-ASN	LXX_WH
Dán 2:10	G3364	ουκ	ADV	LXX_WH
Dán 2:10		επερωτα	V-PAI-3S	ELTERO_SZOVEGALAP
Dán 2:10		επαοιδον	N-ASM	ELTERO_SZOVEGALAP
Dán 2:10	G3097	μαγον	N-ASM	LXX_WH
Dán 2:10	G2532	και	CONJ	LXX_WH
Dán 2:10	G5466	χαλδαιον	N-ASM	LXX_WH
Dán 2:11	G3754	οτι	CONJ	LXX_WH
Dán 2:11	G3588	ο	T-NSM	LXX_WH
Dán 2:11	G3056	λογος	N-NSM	LXX_WH
Dán 2:11	G3739	ον	R-ASM	LXX_WH
Dán 2:11	G3588	ο	T-NSM	LXX_WH
Dán 2:11	G0935	βασιλευς	N-NSM	LXX_WH
Dán 2:11	G1905	επερωτα	V-PAI-3S	ABP-potolt
Dán 2:11	G0926	βαρυς	A-NSM	LXX_WH
Dán 2:11	G2532	και	CONJ	LXX_WH
Dán 2:11	G2087	ετερος	A-NSM	LXX_WH
Dán 2:11	G3364	ουκ	ADV	LXX_WH
Dán 2:11	G1510	εστιν	V-PAI-3S	LXX_WH
Dán 2:11	G3739	ος	R-NSM	LXX_WH
Dán 2:11	G0312	αναγγελει	V-FAI-3S	LXX_WH
Dán 2:11	G0846	αυτον	D-ASM	LXX_WH
Dán 2:11	G1799	ενωπιον	PREP	LXX_WH
Dán 2:11	G3588	του	T-GSM	LXX_WH
Dán 2:11	G0935	βασιλεως	N-GSM	LXX_WH
Dán 2:11	G0235	αλλ	CONJ	LXX_WH
Dán 2:11	G2228	η	CONJ	LXX_WH
Dán 2:11	G2316	θεοι	N-NPM	LXX_WH
Dán 2:11	G3739	ων	R-GPM	LXX_WH
Dán 2:11	G3364	ουκ	ADV	LXX_WH
Dán 2:11	G1510	εστιν	V-PAI-3S	LXX_WH
Dán 2:11	G3588	η	T-NSF	LXX_WH
Dán 2:11	G2733	κατοικια	N-NSF	LXX_WH
Dán 2:11	G3326	μετα	PREP	LXX_WH
Dán 2:11	G3956	πασης	A-GSF	LXX_WH
Dán 2:11	G4561	σαρκος	N-GSF	LXX_WH
Dán 2:12	G5119	τοτε	ADV	LXX_WH
Dán 2:12	G3588	ο	T-NSM	LXX_WH
Dán 2:12	G0935	βασιλευς	N-NSM	LXX_WH
Dán 2:12	G1722	εν	PREP	LXX_WH
Dán 2:12	G2372	θυμω	N-DSM	LXX_WH
Dán 2:12	G2532	και	CONJ	LXX_WH
Dán 2:12	G3709	οργη	N-DSF	LXX_WH
Dán 2:12	G4183	πολλη	A-DSF	LXX_WH
Dán 2:12		ειπεν	V-AAI-3S	ELTERO_SZOVEGALAP
Dán 2:12		απολεσαι	V-AAN	ELTERO_SZOVEGALAP
Dán 2:12	G3956	παντας	A-APM	LXX_WH
Dán 2:12	G3588	τους	T-APM	LXX_WH
Dán 2:12	G4680	σοφους	A-APM	LXX_WH
Dán 2:12	G0897	βαβυλωνος	N-GSF	LXX_WH
Dán 2:13	G2532	και	CONJ	LXX_WH
Dán 2:13	G3588	το	T-NSN	LXX_WH
Dán 2:13	G1378	δογμα	N-NSN	LXX_WH
Dán 2:13	G1831	εξηλθεν	V-AAI-3S	LXX_WH
Dán 2:13	G2532	και	CONJ	LXX_WH
Dán 2:13	G3588	οι	T-NPM	LXX_WH
Dán 2:13	G4680	σοφοι	A-NPM	LXX_WH
Dán 2:13	G0615	απεκτεννοντο	V-IMI-3P	LXX_WH
Dán 2:13	G2532	και	CONJ	LXX_WH
Dán 2:13	G2212	εζητησαν	V-AAI-3P	LXX_WH
Dán 2:13	G1158	δανιηλ	N-PRI	LXX_WH
Dán 2:13	G2532	και	CONJ	LXX_WH
Dán 2:13	G3588	τους	T-APM	LXX_WH
Dán 2:13	G5384	φιλους	A-APM	LXX_WH
Dán 2:13	G0846	αυτου	D-GSM	LXX_WH
Dán 2:13	G0337	ανελειν	V-AAN	LXX_WH
Dán 2:14	G5119	τοτε	ADV	LXX_WH
Dán 2:14	G1158	δανιηλ	N-PRI	LXX_WH
Dán 2:14		απεκριθη	V-API-3S	ELTERO_SZOVEGALAP
Dán 2:14	G1012	βουλην	N-ASF	LXX_WH
Dán 2:14	G2532	και	CONJ	LXX_WH
Dán 2:14	G1106	γνωμην	N-ASF	LXX_WH
Dán 2:14	G3588	τω	T-DSM	LXX_WH
Dán 2:14	G0749	αριωχ	N-PRI	ABP-potolt
Dán 2:14	G3588	τω	T-DSM	LXX_WH
Dán 2:14	G0749	αρχιμαγειρω	N-DSM	ABP-potolt
Dán 2:14	G3588	του	T-GSM	LXX_WH
Dán 2:14	G0935	βασιλεως	N-GSM	LXX_WH
Dán 2:14	G3739	ος	R-NSM	LXX_WH
Dán 2:14	G1831	εξηλθεν	V-AAI-3S	LXX_WH
Dán 2:14	G0337	αναιρειν	V-PAN	LXX_WH
Dán 2:14	G3588	τους	T-APM	LXX_WH
Dán 2:14	G4680	σοφους	A-APM	LXX_WH
Dán 2:14	G0897	βαβυλωνος	N-GSF	LXX_WH
Dán 2:15	G0758	αρχων	N-VSM	LXX_WH
Dán 2:15	G3588	του	T-GSM	LXX_WH
Dán 2:15	G0935	βασιλεως	N-GSM	LXX_WH
Dán 2:15	G4012	περι	PREP	LXX_WH
Dán 2:15	G5100	τινος	I-GSN	LXX_WH
Dán 2:15	G1831	εξηλθεν	V-AAI-3S	LXX_WH
Dán 2:15	G3588	η	T-NSF	LXX_WH
Dán 2:15	G1106	γνωμη	N-NSF	LXX_WH
Dán 2:15	G3588	η	T-NSF	LXX_WH
Dán 2:15		αναιδης	A-NSM	ELTERO_SZOVEGALAP
Dán 2:15	G1537	εκ	PREP	LXX_WH
Dán 2:15	G4383	προσωπου	N-GSN	LXX_WH
Dán 2:15	G3588	του	T-GSM	LXX_WH
Dán 2:15	G0935	βασιλεως	N-GSM	LXX_WH
Dán 2:15	G1107	εγνωρισεν	V-AAI-3S	LXX_WH
Dán 2:15	G1161	δε	PRT	LXX_WH
Dán 2:15	G3588	το	T-ASN	LXX_WH
Dán 2:15	G4487	ρημα	N-ASN	LXX_WH
Dán 2:15		αριωχ	N-PRI	ELTERO_SZOVEGALAP
Dán 2:15	G3588	τω	T-DSM	LXX_WH
Dán 2:15	G1158	δανιηλ	N-PRI	LXX_WH
Dán 2:16	G2532	και	CONJ	LXX_WH
Dán 2:16	G1158	δανιηλ	N-PRI	LXX_WH
Dán 2:16	G1525	εισηλθεν	V-AAI-3S	LXX_WH
Dán 2:16	G2532	και	CONJ	LXX_WH
Dán 2:16	G0515	ηξιωσεν	V-AAI-3S	LXX_WH
Dán 2:16	G3588	τον	T-ASM	LXX_WH
Dán 2:16	G0935	βασιλεα	N-ASM	LXX_WH
Dán 2:16	G3704	οπως	CONJ	LXX_WH
Dán 2:16	G5550	χρονον	N-ASM	LXX_WH
Dán 2:16	G1325	δω	V-AAS-3S	LXX_WH
Dán 2:16	G0846	αυτω	D-DSM	LXX_WH
Dán 2:16	G2532	και	CONJ	LXX_WH
Dán 2:16	G3588	την	T-ASF	LXX_WH
Dán 2:16		συγκρισιν	N-ASF	ELTERO_SZOVEGALAP
Dán 2:16	G0846	αυτου	D-GSN	LXX_WH
Dán 2:16	G0312	αναγγειλη	V-AAS-3S	LXX_WH
Dán 2:16	G3588	τω	T-DSM	LXX_WH
Dán 2:16	G0935	βασιλει	N-DSM	LXX_WH
Dán 2:17	G2532	και	CONJ	LXX_WH
Dán 2:17	G1525	εισηλθεν	V-AAI-3S	LXX_WH
Dán 2:17	G1158	δανιηλ	N-PRI	LXX_WH
Dán 2:17	G1519	εις	PREP	LXX_WH
Dán 2:17	G3588	τον	T-ASM	LXX_WH
Dán 2:17	G3624	οικον	N-ASM	LXX_WH
Dán 2:17	G0846	αυτου	D-GSM	LXX_WH
Dán 2:17	G2532	και	CONJ	LXX_WH
Dán 2:17	G3588	τω	T-DSM	LXX_WH
Dán 2:17	G0367	ανανια	N-PRI	LXX_WH
Dán 2:17	G2532	και	CONJ	LXX_WH
Dán 2:17	G3588	τω	T-DSM	LXX_WH
Dán 2:17	G3624	μισαηλ	N-PRI	ABP-potolt
Dán 2:17	G2532	και	CONJ	LXX_WH
Dán 2:17	G3588	τω	T-DSM	LXX_WH
Dán 2:17		αζαρια	N-PRI	
Dán 2:17	G3588	τοις	T-DPM	LXX_WH
Dán 2:17	G5384	φιλοις	A-DPM	LXX_WH
Dán 2:17	G0846	αυτου	D-GSM	LXX_WH
Dán 2:17	G3588	το	T-ASN	LXX_WH
Dán 2:17	G4487	ρημα	N-ASN	LXX_WH
Dán 2:17	G1107	εγνωρισεν	V-AAI-3S	LXX_WH
Dán 2:18	G2532	και	CONJ	LXX_WH
Dán 2:18	G3628	οικτιρμους	N-APM	LXX_WH
Dán 2:18	G2212	εζητουν	V-IAI-3P	LXX_WH
Dán 2:18	G3844	παρα	PREP	LXX_WH
Dán 2:18	G3588	του	T-GSM	LXX_WH
Dán 2:18	G2316	θεου	N-GSM	LXX_WH
Dán 2:18	G3588	του	T-GSM	LXX_WH
Dán 2:18	G3772	ουρανου	N-GSM	LXX_WH
Dán 2:18	G5228	υπερ	PREP	LXX_WH
Dán 2:18	G3588	του	T-GSN	LXX_WH
Dán 2:18	G3466	μυστηριου	N-GSN	LXX_WH
Dán 2:18	G3778	τουτου	D-GSN	LXX_WH
Dán 2:18	G3704	οπως	CONJ	LXX_WH
Dán 2:18	G0302	αν	PRT	LXX_WH
Dán 2:18	G3165	μη	ADV	LXX_WH
Dán 2:18		απολωνται	V-AMS-3P	ELTERO_SZOVEGALAP
Dán 2:18	G1158	δανιηλ	N-PRI	LXX_WH
Dán 2:18	G2532	και	CONJ	LXX_WH
Dán 2:18	G3588	οι	T-NPM	LXX_WH
Dán 2:18	G5384	φιλοι	A-NPM	LXX_WH
Dán 2:18	G0846	αυτου	D-GSM	LXX_WH
Dán 2:18	G3326	μετα	PREP	LXX_WH
Dán 2:18	G3588	των	T-GPM	LXX_WH
Dán 2:18	G1954	επιλοιπων	A-GPM	LXX_WH
Dán 2:18	G4680	σοφων	A-GPM	LXX_WH
Dán 2:18	G0897	βαβυλωνος	N-GSF	LXX_WH
Dán 2:19	G5119	τοτε	ADV	LXX_WH
Dán 2:19	G3588	τω	T-DSM	LXX_WH
Dán 2:19	G1158	δανιηλ	N-PRI	LXX_WH
Dán 2:19	G1722	εν	PREP	LXX_WH
Dán 2:19	G3705	οραματι	N-DSN	LXX_WH
Dán 2:19	G3588	της	T-GSF	LXX_WH
Dán 2:19	G3571	νυκτος	N-GSF	LXX_WH
Dán 2:19	G3588	το	T-NSN	LXX_WH
Dán 2:19	G3466	μυστηριον	N-NSN	LXX_WH
Dán 2:19	G0601	απεκαλυφθη	V-API-3S	LXX_WH
Dán 2:19	G2532	και	CONJ	LXX_WH
Dán 2:19	G2127	ευλογησεν	V-AAI-3S	LXX_WH
Dán 2:19	G3588	τον	T-ASM	LXX_WH
Dán 2:19	G2316	θεον	N-ASM	LXX_WH
Dán 2:19	G3588	του	T-GSM	LXX_WH
Dán 2:19	G3772	ουρανου	N-GSM	LXX_WH
Dán 2:20	G1158	δανιηλ	N-PRI	LXX_WH
Dán 2:20	G2532	και	CONJ	LXX_WH
Dán 2:20	G2036	ειπεν	V-AAI-3S	ABP-potolt
Dán 2:20	G1510	ειη	V-PAO-3S	LXX_WH
Dán 2:20	G3588	το	T-NSN	LXX_WH
Dán 2:20	G3686	ονομα	N-NSN	LXX_WH
Dán 2:20	G3588	του	T-GSM	LXX_WH
Dán 2:20	G2316	θεου	N-GSM	LXX_WH
Dán 2:20	G2127	ευλογημενον	V-RPPNS	LXX_WH
Dán 2:20	G0575	απο	PREP	LXX_WH
Dán 2:20	G3588	του	T-GSM	LXX_WH
Dán 2:20	G0165	αιωνος	N-GSM	LXX_WH
Dán 2:20	G2532	και	CONJ	LXX_WH
Dán 2:20	G2193	εως	PREP	LXX_WH
Dán 2:20	G3588	του	T-GSM	LXX_WH
Dán 2:20	G0165	αιωνος	N-GSM	LXX_WH
Dán 2:20	G3754	οτι	CONJ	LXX_WH
Dán 2:20	G3588	η	T-NSF	LXX_WH
Dán 2:20	G4678	σοφια	N-NSF	LXX_WH
Dán 2:20	G2532	και	CONJ	LXX_WH
Dán 2:20	G3588	η	T-NSF	LXX_WH
Dán 2:20	G4907	συνεσις	N-NSF	LXX_WH
Dán 2:20	G0846	αυτου	D-GSM	LXX_WH
Dán 2:20	G1510	εστιν	V-PAI-3S	LXX_WH
Dán 2:21	G2532	και	CONJ	LXX_WH
Dán 2:21	G0846	αυτος	D-NSM	LXX_WH
Dán 2:21		αλλοιοι	V-PAI-3S	ELTERO_SZOVEGALAP
Dán 2:21	G2540	καιρους	N-APM	LXX_WH
Dán 2:21	G2532	και	CONJ	LXX_WH
Dán 2:21	G5550	χρονους	N-APM	LXX_WH
Dán 2:21	G2525	καθιστα	V-PAI-3S	LXX_WH
Dán 2:21	G0935	βασιλεις	N-NPM	LXX_WH
Dán 2:21	G2532	και	CONJ	LXX_WH
Dán 2:21	G3179	μεθιστα	V-PAI-3S	LXX_WH
Dán 2:21	G1325	διδους	V-PAPNS	LXX_WH
Dán 2:21	G4678	σοφιαν	N-ASF	LXX_WH
Dán 2:21	G3588	τοις	T-DPM	LXX_WH
Dán 2:21	G4680	σοφοις	A-DPM	LXX_WH
Dán 2:21	G2532	και	CONJ	LXX_WH
Dán 2:21	G5428	φρονησιν	N-ASF	LXX_WH
Dán 2:21	G3588	τοις	T-DPM	LXX_WH
Dán 2:21	G1492	ειδοσιν	V-RAPDP	ABP-potolt
Dán 2:21	G4907	συνεσιν	N-ASF	LXX_WH
Dán 2:22	G0846	αυτος	D-NSM	LXX_WH
Dán 2:22	G0601	αποκαλυπτει	V-PAI-3S	LXX_WH
Dán 2:22	G0901	βαθεα	A-APN	LXX_WH
Dán 2:22	G2532	και	CONJ	LXX_WH
Dán 2:22	G0614	αποκρυφα	A-APN	LXX_WH
Dán 2:22	G1097	γινωσκων	V-PAPNS	LXX_WH
Dán 2:22	G3588	τα	T-APN	LXX_WH
Dán 2:22	G1722	εν	PREP	LXX_WH
Dán 2:22	G3588	τω	T-DSN	LXX_WH
Dán 2:22	G4655	σκοτει	N-DSN	LXX_WH
Dán 2:22	G2532	και	CONJ	LXX_WH
Dán 2:22	G3588	το	T-NSN	LXX_WH
Dán 2:22	G5457	φως	N-NSN	LXX_WH
Dán 2:22	G3326	μετ	PREP	LXX_WH
Dán 2:22	G0846	αυτου	D-GSM	LXX_WH
Dán 2:22	G1510	εστιν	V-PAI-3S	LXX_WH
Dán 2:23	G4771	σοι	P-DS	LXX_WH
Dán 2:23	G3588	ο	T-VSM	LXX_WH
Dán 2:23	G2316	θεος	N-VSM	LXX_WH
Dán 2:23	G3588	των	T-GPM	LXX_WH
Dán 2:23	G3962	πατερων	N-GPM	LXX_WH
Dán 2:23	G1473	μου	P-GS	LXX_WH
Dán 2:23	G1843	εξομολογουμαι	V-PMI-1S	LXX_WH
Dán 2:23	G2532	και	CONJ	LXX_WH
Dán 2:23	G0134	αινω	V-PAI-1S	LXX_WH
Dán 2:23	G3754	οτι	CONJ	LXX_WH
Dán 2:23	G4678	σοφιαν	N-ASF	LXX_WH
Dán 2:23	G2532	και	CONJ	LXX_WH
Dán 2:23	G1411	δυναμιν	N-ASF	LXX_WH
Dán 2:23	G1325	εδωκας	V-AAI-2S	LXX_WH
Dán 2:23	G1473	μοι	P-DS	LXX_WH
Dán 2:23	G2532	και	CONJ	LXX_WH
Dán 2:23	G3568	νυν	ADV	LXX_WH
Dán 2:23	G1107	εγνωρισας	V-AAI-2S	LXX_WH
Dán 2:23	G1473	μοι	P-DS	LXX_WH
Dán 2:23	G3739	α	R-APN	LXX_WH
Dán 2:23	G0515	ηξιωσαμεν	V-AAI-1P	LXX_WH
Dán 2:23	G3844	παρα	PREP	LXX_WH
Dán 2:23	G4771	σου	P-GS	LXX_WH
Dán 2:23	G2532	και	CONJ	LXX_WH
Dán 2:23	G3588	το	T-ASN	LXX_WH
Dán 2:23	G3705	οραμα	N-ASN	LXX_WH
Dán 2:23	G3588	του	T-GSM	LXX_WH
Dán 2:23	G0935	βασιλεως	N-GSM	LXX_WH
Dán 2:23	G1107	εγνωρισας	V-AAI-2S	LXX_WH
Dán 2:23	G1473	μοι	P-DS	LXX_WH
Dán 2:24	G2532	και	CONJ	LXX_WH
Dán 2:24	G2064	ηλθεν	V-AAI-3S	LXX_WH
Dán 2:24	G1158	δανιηλ	N-PRI	LXX_WH
Dán 2:24	G4314	προς	PREP	LXX_WH
Dán 2:24		αριωχ	N-PRI	ELTERO_SZOVEGALAP
Dán 2:24	G3739	ον	R-ASM	LXX_WH
Dán 2:24	G2525	κατεστησεν	V-AAI-3S	LXX_WH
Dán 2:24	G3588	ο	T-NSM	LXX_WH
Dán 2:24	G0935	βασιλευς	N-NSM	LXX_WH
Dán 2:24		απολεσαι	V-AAN	
Dán 2:24	G3588	τους	T-APM	LXX_WH
Dán 2:24	G4680	σοφους	A-APM	LXX_WH
Dán 2:24	G0897	βαβυλωνος	N-GSF	LXX_WH
Dán 2:24	G2532	και	CONJ	LXX_WH
Dán 2:24		ειπεν	V-AAI-3S	ELTERO_SZOVEGALAP
Dán 2:24	G0846	αυτω	D-DSM	LXX_WH
Dán 2:24	G3588	τους	T-APM	LXX_WH
Dán 2:24	G4680	σοφους	A-APM	LXX_WH
Dán 2:24	G0897	βαβυλωνος	N-GSF	LXX_WH
Dán 2:24	G3165	μη	ADV	LXX_WH
Dán 2:24		απολεσης	V-AAS-2S	ELTERO_SZOVEGALAP
Dán 2:24	G1521	εισαγαγε	V-AAD-2S	LXX_WH
Dán 2:24	G1161	δε	PRT	LXX_WH
Dán 2:24	G1473	με	P-AS	LXX_WH
Dán 2:24	G1799	ενωπιον	PREP	LXX_WH
Dán 2:24	G3588	του	T-GSM	LXX_WH
Dán 2:24	G0935	βασιλεως	N-GSM	LXX_WH
Dán 2:24	G2532	και	CONJ	LXX_WH
Dán 2:24	G3588	την	T-ASF	LXX_WH
Dán 2:24	G4793	συγκρισιν	N-ASF	ABP-potolt
Dán 2:24	G3588	τω	T-DSM	LXX_WH
Dán 2:24	G0935	βασιλει	N-DSM	LXX_WH
Dán 2:24	G0312	αναγγελω	V-FAI-1S	LXX_WH
Dán 2:25	G5119	τοτε	ADV	LXX_WH
Dán 2:25		αριωχ	N-PRI	ELTERO_SZOVEGALAP
Dán 2:25	G1722	εν	PREP	LXX_WH
Dán 2:25	G4710	σπουδη	N-DSF	LXX_WH
Dán 2:25	G1521	εισηγαγεν	V-AAI-3S	LXX_WH
Dán 2:25	G3588	τον	T-ASM	LXX_WH
Dán 2:25	G1158	δανιηλ	N-PRI	LXX_WH
Dán 2:25	G1799	ενωπιον	PREP	LXX_WH
Dán 2:25	G3588	του	T-GSM	LXX_WH
Dán 2:25	G0935	βασιλεως	N-GSM	LXX_WH
Dán 2:25	G2532	και	CONJ	LXX_WH
Dán 2:25		ειπεν	V-AAI-3S	ELTERO_SZOVEGALAP
Dán 2:25	G0846	αυτω	D-DSM	LXX_WH
Dán 2:25	G2147	ευρηκα	V-RAI-1S	LXX_WH
Dán 2:25	G0435	ανδρα	N-ASM	LXX_WH
Dán 2:25	G1537	εκ	PREP	LXX_WH
Dán 2:25	G3588	των	T-GPM	LXX_WH
Dán 2:25	G5207	υιων	N-GPM	LXX_WH
Dán 2:25	G3588	της	T-GSF	LXX_WH
Dán 2:25	G0161	αιχμαλωσιας	N-GSF	LXX_WH
Dán 2:25	G3588	της	T-GSF	LXX_WH
Dán 2:25	G2449	ιουδαιας	N-GSF	LXX_WH
Dán 2:25	G3748	οστις	RI-NSM	LXX_WH
Dán 2:25	G3588	το	T-ASN	LXX_WH
Dán 2:25		συγκριμα	N-ASN	
Dán 2:25	G3588	τω	T-DSM	LXX_WH
Dán 2:25	G0935	βασιλει	N-DSM	LXX_WH
Dán 2:25	G0312	αναγγελει	V-FAI-3S	LXX_WH
Dán 2:26	G2532	και	CONJ	LXX_WH
Dán 2:26		απεκριθη	V-API-3S	
Dán 2:26	G3588	ο	T-NSM	LXX_WH
Dán 2:26	G0935	βασιλευς	N-NSM	LXX_WH
Dán 2:26	G2532	και	CONJ	LXX_WH
Dán 2:26		ειπεν	V-AAI-3S	
Dán 2:26	G3588	τω	T-DSM	LXX_WH
Dán 2:26	G1158	δανιηλ	N-PRI	LXX_WH
Dán 2:26	G3739	ου	R-GSM	LXX_WH
Dán 2:26	G3588	το	T-NSN	LXX_WH
Dán 2:26	G3686	ονομα	N-NSN	LXX_WH
Dán 2:26		βαλτασαρ	N-PRI	ELTERO_SZOVEGALAP
Dán 2:26	G1487	ει	CONJ	LXX_WH
Dán 2:26	G1410	δυνασαι	V-PMI-2S	LXX_WH
Dán 2:26	G1473	μοι	P-DS	LXX_WH
Dán 2:26	G0312	αναγγειλαι	V-AAN	LXX_WH
Dán 2:26	G3588	το	T-ASN	LXX_WH
Dán 2:26	G1798	ενυπνιον	N-ASN	LXX_WH
Dán 2:26	G3739	ο	R-ASN	LXX_WH
Dán 2:26	G3708	ειδον	V-AAI-3P	LXX_WH
Dán 2:26	G2532	και	CONJ	LXX_WH
Dán 2:26	G3588	την	T-ASF	LXX_WH
Dán 2:26		συγκρισιν	N-ASF	ELTERO_SZOVEGALAP
Dán 2:26	G0846	αυτου	D-GSN	LXX_WH
Dán 2:27	G2532	και	CONJ	LXX_WH
Dán 2:27		απεκριθη	V-API-3S	ELTERO_SZOVEGALAP
Dán 2:27	G1158	δανιηλ	N-PRI	LXX_WH
Dán 2:27	G1799	ενωπιον	PREP	LXX_WH
Dán 2:27	G3588	του	T-GSM	LXX_WH
Dán 2:27	G0935	βασιλεως	N-GSM	LXX_WH
Dán 2:27	G2532	και	CONJ	LXX_WH
Dán 2:27	G3004	λεγει	V-PAI-3S	LXX_WH
Dán 2:27	G3588	το	T-NSN	LXX_WH
Dán 2:27	G3466	μυστηριον	N-NSN	LXX_WH
Dán 2:27	G3739	ο	R-ASN	LXX_WH
Dán 2:27	G3588	ο	T-NSM	LXX_WH
Dán 2:27	G0935	βασιλευς	N-NSM	LXX_WH
Dán 2:27		επερωτα	V-PAI-3S	ELTERO_SZOVEGALAP
Dán 2:27	G3364	ουκ	ADV	LXX_WH
Dán 2:27	G1510	εστιν	V-PAI-3S	LXX_WH
Dán 2:27	G4680	σοφων	A-GPM	LXX_WH
Dán 2:27	G3097	μαγων	N-GPM	LXX_WH
Dán 2:27		επαοιδων	N-GPM	ELTERO_SZOVEGALAP
Dán 2:27		γαζαρηνων	N-GPM	ELTERO_SZOVEGALAP
Dán 2:27	G0312	αναγγειλαι	V-AAN	LXX_WH
Dán 2:27	G3588	τω	T-DSM	LXX_WH
Dán 2:27	G0935	βασιλει	N-DSM	LXX_WH
Dán 2:28	G0235	αλλ	CONJ	LXX_WH
Dán 2:28	G2228	η	CONJ	LXX_WH
Dán 2:28	G1510	εστιν	V-PAI-3S	LXX_WH
Dán 2:28	G2316	θεος	N-NSM	LXX_WH
Dán 2:28	G1722	εν	PREP	LXX_WH
Dán 2:28	G3772	ουρανω	N-DSM	LXX_WH
Dán 2:28	G0601	αποκαλυπτων	V-PAPNS	LXX_WH
Dán 2:28	G3466	μυστηρια	N-APN	LXX_WH
Dán 2:28	G2532	και	CONJ	LXX_WH
Dán 2:28	G1107	εγνωρισεν	V-AAI-3S	LXX_WH
Dán 2:28	G3588	τω	T-DSM	LXX_WH
Dán 2:28	G0935	βασιλει	N-DSM	LXX_WH
Dán 2:28		ναβουχοδονοσορ	N-PRI	ELTERO_SZOVEGALAP
Dán 2:28	G3739	α	R-NPN	LXX_WH
Dán 2:28	G1210	δει	V-PAI-3S	LXX_WH
Dán 2:28	G1096	γενεσθαι	V-AMN	LXX_WH
Dán 2:28	G1909	επ	PREP	LXX_WH
Dán 2:28	G2078	εσχατων	A-GPF	LXX_WH
Dán 2:28	G3588	των	T-GPF	LXX_WH
Dán 2:28	G2250	ημερων	N-GPF	LXX_WH
Dán 2:28	G3588	το	T-NSN	LXX_WH
Dán 2:28	G1798	ενυπνιον	N-NSN	LXX_WH
Dán 2:28	G4771	σου	P-GS	LXX_WH
Dán 2:28	G2532	και	CONJ	LXX_WH
Dán 2:28	G3588	αι	T-NPF	LXX_WH
Dán 2:28	G3706	ορασεις	N-NPF	LXX_WH
Dán 2:28	G3588	της	T-GSF	LXX_WH
Dán 2:28	G2776	κεφαλης	N-GSF	LXX_WH
Dán 2:28	G4771	σου	P-GS	LXX_WH
Dán 2:28	G1909	επι	PREP	LXX_WH
Dán 2:28	G3588	της	T-GSF	LXX_WH
Dán 2:28	G2845	κοιτης	N-GSF	LXX_WH
Dán 2:28	G4771	σου	P-GS	LXX_WH
Dán 2:28	G3778	τουτο	D-NSN	LXX_WH
Dán 2:28	G1510	εστιν	V-PAI-3S	LXX_WH
Dán 2:29	G4771	συ	P-VS	LXX_WH
Dán 2:29	G0935	βασιλευ	N-VSM	LXX_WH
Dán 2:29	G3588	οι	T-NPM	LXX_WH
Dán 2:29	G1261	διαλογισμοι	N-NPM	LXX_WH
Dán 2:29	G4771	σου	P-GS	LXX_WH
Dán 2:29	G1909	επι	PREP	LXX_WH
Dán 2:29	G3588	της	T-GSF	LXX_WH
Dán 2:29	G2845	κοιτης	N-GSF	LXX_WH
Dán 2:29	G4771	σου	P-GS	LXX_WH
Dán 2:29	G0305	ανεβησαν	V-AAI-3P	LXX_WH
Dán 2:29	G5100	τι	I-NSN	LXX_WH
Dán 2:29	G1210	δει	V-PAI-3S	LXX_WH
Dán 2:29	G1096	γενεσθαι	V-AMN	LXX_WH
Dán 2:29	G3326	μετα	PREP	LXX_WH
Dán 2:29	G3778	ταυτα	D-APN	LXX_WH
Dán 2:29	G2532	και	CONJ	LXX_WH
Dán 2:29	G3588	ο	T-NSM	LXX_WH
Dán 2:29	G0601	αποκαλυπτων	V-PAPNS	LXX_WH
Dán 2:29	G3466	μυστηρια	N-APN	LXX_WH
Dán 2:29	G1107	εγνωρισεν	V-AAI-3S	LXX_WH
Dán 2:29	G4771	σοι	P-DS	LXX_WH
Dán 2:29	G3739	α	R-NPN	LXX_WH
Dán 2:29	G1210	δει	V-PAI-3S	LXX_WH
Dán 2:29	G1096	γενεσθαι	V-AMN	LXX_WH
Dán 2:30	G2532	και	CONJ	LXX_WH
Dán 2:30	G1473	εμοι	P-DS	LXX_WH
Dán 2:30	G1161	δε	PRT	LXX_WH
Dán 2:30	G3364	ουκ	ADV	LXX_WH
Dán 2:30	G1722	εν	PREP	LXX_WH
Dán 2:30	G4678	σοφια	N-DSF	LXX_WH
Dán 2:30	G3588	τη	T-DSF	LXX_WH
Dán 2:30	G1510	ουση	V-PAPDS	LXX_WH
Dán 2:30	G1722	εν	PREP	LXX_WH
Dán 2:30	G1473	εμοι	P-DS	LXX_WH
Dán 2:30	G3844	παρα	PREP	LXX_WH
Dán 2:30	G3956	παντας	A-APM	LXX_WH
Dán 2:30	G3588	τους	T-APM	LXX_WH
Dán 2:30	G2198	ζωντας	V-PAPAP	LXX_WH
Dán 2:30	G3588	το	T-NSN	LXX_WH
Dán 2:30	G3466	μυστηριον	N-NSN	LXX_WH
Dán 2:30	G3778	τουτο	D-NSN	LXX_WH
Dán 2:30	G0601	απεκαλυφθη	V-API-3S	LXX_WH
Dán 2:30	G0235	αλλ	CONJ	LXX_WH
Dán 2:30	G1752	ενεκεν	PREP	ABP-potolt
Dán 2:30	G3588	του	T-GSN	LXX_WH
Dán 2:30	G3588	την	T-ASF	LXX_WH
Dán 2:30		συγκρισιν	N-ASF	
Dán 2:30	G3588	τω	T-DSM	LXX_WH
Dán 2:30	G0935	βασιλει	N-DSM	LXX_WH
Dán 2:30	G1107	γνωρισαι	V-AAN	LXX_WH
Dán 2:30	G2443	ινα	CONJ	LXX_WH
Dán 2:30	G3588	τους	T-APM	LXX_WH
Dán 2:30	G1261	διαλογισμους	N-APM	LXX_WH
Dán 2:30	G3588	της	T-GSF	LXX_WH
Dán 2:30	G2588	καρδιας	N-GSF	LXX_WH
Dán 2:30	G4771	σου	P-GS	LXX_WH
Dán 2:30	G1097	γνως	V-AAS-2S	LXX_WH
Dán 2:31	G4771	συ	P-NS	LXX_WH
Dán 2:31	G0935	βασιλευ	N-VSM	LXX_WH
Dán 2:31	G2334	εθεωρεις	V-IAI-2S	LXX_WH
Dán 2:31	G2532	και	CONJ	LXX_WH
Dán 2:31	G2400	ιδου	INJ	LXX_WH
Dán 2:31	G1504	εικων	N-NSF	LXX_WH
Dán 2:31	G1519	μια	A-NSF	LXX_WH
Dán 2:31	G3173	μεγαλη	A-NSF	LXX_WH
Dán 2:31	G3588	η	T-NSF	LXX_WH
Dán 2:31	G1504	εικων	N-NSF	LXX_WH
Dán 2:31	G1565	εκεινη	D-NSF	LXX_WH
Dán 2:31	G2532	και	CONJ	LXX_WH
Dán 2:31	G3588	η	T-NSF	LXX_WH
Dán 2:31		προσοψις	N-NSF	ELTERO_SZOVEGALAP
Dán 2:31	G0846	αυτης	D-GSF	LXX_WH
Dán 2:31		υπερφερης	A-NSF	ELTERO_SZOVEGALAP
Dán 2:31	G2476	εστωσα	V-RAPNS	LXX_WH
Dán 2:31	G4253	προ	PREP	LXX_WH
Dán 2:31	G4383	προσωπου	N-GSN	LXX_WH
Dán 2:31	G4771	σου	P-GS	LXX_WH
Dán 2:31	G2532	και	CONJ	LXX_WH
Dán 2:31	G3588	η	T-NSF	LXX_WH
Dán 2:31	G3706	ορασις	N-NSF	LXX_WH
Dán 2:31	G0846	αυτης	D-GSF	LXX_WH
Dán 2:31	G5398	φοβερα	A-NSF	LXX_WH
Dán 2:32	G3588	η	T-NSF	LXX_WH
Dán 2:32	G1504	εικων	N-NSF	LXX_WH
Dán 2:32	G3739	ης	R-GSF	LXX_WH
Dán 2:32	G3588	η	T-NSF	LXX_WH
Dán 2:32	G2776	κεφαλη	N-NSF	LXX_WH
Dán 2:32	G5553	χρυσιου	N-GSN	LXX_WH
Dán 2:32	G5543	χρηστου	A-GSN	LXX_WH
Dán 2:32	G3588	αι	T-NPF	LXX_WH
Dán 2:32	G5495	χειρες	N-NPF	LXX_WH
Dán 2:32	G2532	και	CONJ	LXX_WH
Dán 2:32	G3588	το	T-NSN	LXX_WH
Dán 2:32	G4738	στηθος	N-NSN	LXX_WH
Dán 2:32	G2532	και	CONJ	LXX_WH
Dán 2:32	G3588	οι	T-NPM	LXX_WH
Dán 2:32	G1023	βραχιονες	N-NPM	LXX_WH
Dán 2:32	G0846	αυτης	D-GSF	LXX_WH
Dán 2:32		αργυροι	A-NPM	ELTERO_SZOVEGALAP
Dán 2:32	G3588	η	T-NSF	LXX_WH
Dán 2:32	G2836	κοιλια	N-NSF	LXX_WH
Dán 2:32	G2532	και	CONJ	LXX_WH
Dán 2:32	G3588	οι	T-NPM	LXX_WH
Dán 2:32	G3313	μηροι	N-NPM	LXX_WH
Dán 2:32		χαλκοι	A-NPM	ELTERO_SZOVEGALAP
Dán 2:33	G3588	αι	T-NPF	LXX_WH
Dán 2:33		κνημαι	N-NPF	ELTERO_SZOVEGALAP
Dán 2:33		σιδηραι	A-NPF	ELTERO_SZOVEGALAP
Dán 2:33	G3588	οι	T-NPM	LXX_WH
Dán 2:33	G4228	ποδες	N-NPM	LXX_WH
Dán 2:33	G3313	μερος	N-NSN	LXX_WH
Dán 2:33	G5100	τι	I-NSN	LXX_WH
Dán 2:33		σιδηρουν	A-NSN	ELTERO_SZOVEGALAP
Dán 2:33	G2532	και	CONJ	LXX_WH
Dán 2:33	G3313	μερος	N-NSN	LXX_WH
Dán 2:33	G5100	τι	I-NSN	LXX_WH
Dán 2:33	G3749	οστρακινον	A-NSN	LXX_WH
Dán 2:34	G2334	εθεωρεις	V-IAI-2S	LXX_WH
Dán 2:34	G2193	εως	PREP	LXX_WH
Dán 2:34	G3739	ου	R-GSM	LXX_WH
Dán 2:34		ετμηθη	V-API-3S	ELTERO_SZOVEGALAP
Dán 2:34	G3037	λιθος	N-NSM	LXX_WH
Dán 2:34	G1537	εξ	PREP	LXX_WH
Dán 2:34	G3735	ορους	N-GSN	LXX_WH
Dán 2:34	G0427	ανευ	PREP	LXX_WH
Dán 2:34	G5495	χειρων	N-GPF	LXX_WH
Dán 2:34	G2532	και	CONJ	LXX_WH
Dán 2:34	G3960	επαταξεν	V-AAI-3S	LXX_WH
Dán 2:34	G3588	την	T-ASF	LXX_WH
Dán 2:34	G1504	εικονα	N-ASF	LXX_WH
Dán 2:34	G1909	επι	PREP	LXX_WH
Dán 2:34	G3588	τους	T-APM	LXX_WH
Dán 2:34	G4228	ποδας	N-APM	LXX_WH
Dán 2:34	G3588	τους	T-APM	LXX_WH
Dán 2:34	G4603	σιδηρους	A-APM	ABP-potolt
Dán 2:34	G2532	και	CONJ	LXX_WH
Dán 2:34	G3749	οστρακινους	A-APM	LXX_WH
Dán 2:34	G2532	και	CONJ	LXX_WH
Dán 2:34		ελεπτυνεν	V-AAI-3S	ELTERO_SZOVEGALAP
Dán 2:34	G0846	αυτους	D-APM	LXX_WH
Dán 2:34	G1519	εις	PREP	LXX_WH
Dán 2:34	G5056	τελος	N-ASN	LXX_WH
Dán 2:35	G5119	τοτε	ADV	LXX_WH
Dán 2:35		ελεπτυνθησαν	V-API-3P	ELTERO_SZOVEGALAP
Dán 2:35	G1519	εις	PREP	LXX_WH
Dán 2:35	G0530	απαξ	ADV	LXX_WH
Dán 2:35	G3588	το	T-NSN	LXX_WH
Dán 2:35		οστρακον	N-NSN	
Dán 2:35	G3588	ο	T-NSM	LXX_WH
Dán 2:35	G4604	σιδηρος	N-NSM	LXX_WH
Dán 2:35	G3588	ο	T-NSM	LXX_WH
Dán 2:35	G5475	χαλκος	N-NSM	LXX_WH
Dán 2:35	G3588	ο	T-NSM	LXX_WH
Dán 2:35	G0696	αργυρος	N-NSM	LXX_WH
Dán 2:35	G3588	ο	T-NSM	LXX_WH
Dán 2:35	G5557	χρυσος	A-NSM	LXX_WH
Dán 2:35	G2532	και	CONJ	LXX_WH
Dán 2:35	G1096	εγενοντο	V-AMI-3P	LXX_WH
Dán 2:35	G5616	ωσει	ADV	LXX_WH
Dán 2:35	G2868	κονιορτος	N-NSM	LXX_WH
Dán 2:35	G0575	απο	PREP	LXX_WH
Dán 2:35	G0257	αλωνος	N-GSF	LXX_WH
Dán 2:35	G2325	θερινης	A-GSF	ABP-potolt
Dán 2:35	G2532	και	CONJ	LXX_WH
Dán 2:35	G1808	εξηρεν	V-AAI-3S	LXX_WH
Dán 2:35	G0846	αυτα	D-APN	LXX_WH
Dán 2:35	G3588	το	T-NSN	LXX_WH
Dán 2:35	G4128	πληθος	N-NSN	LXX_WH
Dán 2:35	G3588	του	T-GSN	LXX_WH
Dán 2:35	G4151	πνευματος	N-GSN	LXX_WH
Dán 2:35	G2532	και	CONJ	LXX_WH
Dán 2:35	G5117	τοπος	N-NSM	LXX_WH
Dán 2:35	G3364	ουχ	ADV	LXX_WH
Dán 2:35	G2147	ευρεθη	V-API-3S	LXX_WH
Dán 2:35	G0846	αυτοις	D-DPN	LXX_WH
Dán 2:35	G2532	και	CONJ	LXX_WH
Dán 2:35	G3588	ο	T-NSM	LXX_WH
Dán 2:35	G3037	λιθος	N-NSM	LXX_WH
Dán 2:35	G3588	ο	T-NSM	LXX_WH
Dán 2:35	G3960	παταξας	V-AAPNS	LXX_WH
Dán 2:35	G3588	την	T-ASF	LXX_WH
Dán 2:35	G1504	εικονα	N-ASF	LXX_WH
Dán 2:35	G1096	εγενηθη	V-API-3S	LXX_WH
Dán 2:35	G3735	ορος	N-NSN	LXX_WH
Dán 2:35	G3173	μεγα	A-NSN	LXX_WH
Dán 2:35	G2532	και	CONJ	LXX_WH
Dán 2:35	G4137	επληρωσεν	V-AAI-3S	LXX_WH
Dán 2:35	G3956	πασαν	A-ASF	LXX_WH
Dán 2:35	G3588	την	T-ASF	LXX_WH
Dán 2:35	G1065	γην	N-ASF	LXX_WH
Dán 2:36	G3778	τουτο	D-NSN	LXX_WH
Dán 2:36	G1510	εστιν	V-PAI-3S	LXX_WH
Dán 2:36	G3588	το	T-NSN	LXX_WH
Dán 2:36	G1798	ενυπνιον	N-NSN	LXX_WH
Dán 2:36	G2532	και	CONJ	LXX_WH
Dán 2:36	G3588	την	T-ASF	LXX_WH
Dán 2:36		συγκρισιν	N-ASF	ELTERO_SZOVEGALAP
Dán 2:36	G0846	αυτου	D-GSN	LXX_WH
Dán 2:36		ερουμεν	V-FAI-1P	ELTERO_SZOVEGALAP
Dán 2:36	G1799	ενωπιον	PREP	LXX_WH
Dán 2:36	G3588	του	T-GSM	LXX_WH
Dán 2:36	G0935	βασιλεως	N-GSM	LXX_WH
Dán 2:37	G4771	συ	P-NS	LXX_WH
Dán 2:37	G0935	βασιλευ	N-VSM	LXX_WH
Dán 2:37	G0935	βασιλευς	N-NSM	LXX_WH
Dán 2:37	G0935	βασιλεων	N-GPM	LXX_WH
Dán 2:37	G3739	ω	R-DSM	LXX_WH
Dán 2:37	G3588	ο	T-NSM	LXX_WH
Dán 2:37	G2316	θεος	N-NSM	LXX_WH
Dán 2:37	G3588	του	T-GSM	LXX_WH
Dán 2:37	G3772	ουρανου	N-GSM	LXX_WH
Dán 2:37	G0932	βασιλειαν	N-ASF	LXX_WH
Dán 2:37	G2478	ισχυραν	A-ASF	LXX_WH
Dán 2:37	G2532	και	CONJ	LXX_WH
Dán 2:37	G2900	κραταιαν	A-ASF	LXX_WH
Dán 2:37	G2532	και	CONJ	LXX_WH
Dán 2:37	G1784	εντιμον	A-ASF	LXX_WH
Dán 2:37	G1325	εδωκεν	V-AAI-3S	LXX_WH
Dán 2:38	G1722	εν	PREP	LXX_WH
Dán 2:38	G3956	παντι	A-DSM	LXX_WH
Dán 2:38	G5117	τοπω	N-DSM	LXX_WH
Dán 2:38	G3699	οπου	PRT	LXX_WH
Dán 2:38	G2730	κατοικουσιν	V-PAI-3P	ABP-potolt
Dán 2:38	G3588	οι	T-NPM	LXX_WH
Dán 2:38	G5207	υιοι	N-NPM	LXX_WH
Dán 2:38	G3588	των	T-GPM	LXX_WH
Dán 2:38	G0444	ανθρωπων	N-GPM	LXX_WH
Dán 2:38	G2342	θηρια	N-APN	LXX_WH
Dán 2:38	G5037	τε	PRT	LXX_WH
Dán 2:38	G0068	αγρου	N-GSM	LXX_WH
Dán 2:38	G2532	και	CONJ	LXX_WH
Dán 2:38	G4071	πετεινα	N-APN	LXX_WH
Dán 2:38	G3772	ουρανου	N-GSM	LXX_WH
Dán 2:38	G1325	εδωκεν	V-AAI-3S	LXX_WH
Dán 2:38	G1722	εν	PREP	LXX_WH
Dán 2:38	G3588	τη	T-DSF	LXX_WH
Dán 2:38	G5495	χειρι	N-DSF	LXX_WH
Dán 2:38	G4771	σου	P-GS	LXX_WH
Dán 2:38	G2532	και	CONJ	LXX_WH
Dán 2:38	G2525	κατεστησεν	V-AAI-3S	LXX_WH
Dán 2:38	G4771	σε	P-AS	LXX_WH
Dán 2:38	G2962	κυριον	N-ASM	LXX_WH
Dán 2:38	G3956	παντων	A-GPN	LXX_WH
Dán 2:38	G4771	συ	P-NS	LXX_WH
Dán 2:38	G1510	ει	V-PAI-2S	LXX_WH
Dán 2:38	G3588	η	T-NSF	LXX_WH
Dán 2:38	G2776	κεφαλη	N-NSF	LXX_WH
Dán 2:38	G3588	η	T-NSF	LXX_WH
Dán 2:38	G5552	χρυση	A-NSF	ABP-potolt
Dán 2:39	G2532	και	CONJ	LXX_WH
Dán 2:39	G3694	οπισω	PREP	LXX_WH
Dán 2:39	G4771	σου	P-GS	LXX_WH
Dán 2:39	G0450	αναστησεται	V-FMI-3S	LXX_WH
Dán 2:39	G0932	βασιλεια	N-NSF	LXX_WH
Dán 2:39	G2087	ετερα	A-NSF	LXX_WH
Dán 2:39		ηττων	A-NSF	ELTERO_SZOVEGALAP
Dán 2:39	G4771	σου	P-GS	LXX_WH
Dán 2:39	G2532	και	CONJ	LXX_WH
Dán 2:39	G0932	βασιλεια	N-NSF	LXX_WH
Dán 2:39	G5154	τριτη	A-NSF	LXX_WH
Dán 2:39	G3748	ητις	RI-NSF	LXX_WH
Dán 2:39	G1510	εστιν	V-PAI-3S	LXX_WH
Dán 2:39	G3588	ο	T-NSM	LXX_WH
Dán 2:39	G5475	χαλκος	N-NSM	LXX_WH
Dán 2:39	G3739	η	R-NSF	LXX_WH
Dán 2:39	G2961	κυριευσει	V-FAI-3S	LXX_WH
Dán 2:39	G3956	πασης	A-GSF	LXX_WH
Dán 2:39	G3588	της	T-GSF	LXX_WH
Dán 2:39	G1065	γης	N-GSF	LXX_WH
Dán 2:40	G2532	και	CONJ	LXX_WH
Dán 2:40	G0932	βασιλεια	N-NSF	LXX_WH
Dán 2:40	G5067	τεταρτη	A-NSF	LXX_WH
Dán 2:40	G1510	εσται	V-FMI-3S	LXX_WH
Dán 2:40	G2478	ισχυρα	A-NSF	LXX_WH
Dán 2:40	G3739	ως	CONJ	LXX_WH
Dán 2:40	G3588	ο	T-NSM	LXX_WH
Dán 2:40	G4604	σιδηρος	N-NSM	LXX_WH
Dán 2:40	G3739	ον	R-ASM	LXX_WH
Dán 2:40	G5158	τροπον	N-ASM	LXX_WH
Dán 2:40	G3588	ο	T-NSM	LXX_WH
Dán 2:40	G4604	σιδηρος	N-NSM	LXX_WH
Dán 2:40	G3016	λεπτυνει	V-PAI-3S	ABP-potolt
Dán 2:40	G2532	και	CONJ	LXX_WH
Dán 2:40	G1150	δαμαζει	V-PAI-3S	LXX_WH
Dán 2:40	G3956	παντα	A-APN	LXX_WH
Dán 2:40	G3778	ουτως	ADV	LXX_WH
Dán 2:40	G3956	παντα	A-APN	LXX_WH
Dán 2:40		λεπτυνει	V-FAI-3S	ELTERO_SZOVEGALAP
Dán 2:40	G2532	και	CONJ	LXX_WH
Dán 2:40	G1150	δαμασει	V-FAI-3S	LXX_WH
Dán 2:41	G2532	και	CONJ	LXX_WH
Dán 2:41	G3754	οτι	CONJ	LXX_WH
Dán 2:41	G3708	ειδες	V-AAI-2S	LXX_WH
Dán 2:41	G3588	τους	T-APM	LXX_WH
Dán 2:41	G4228	ποδας	N-APM	LXX_WH
Dán 2:41	G2532	και	CONJ	LXX_WH
Dán 2:41	G3588	τους	T-APM	LXX_WH
Dán 2:41	G1147	δακτυλους	N-APM	LXX_WH
Dán 2:41	G3313	μερος	N-ASN	LXX_WH
Dán 2:41	G3303	μεν	PRT	LXX_WH
Dán 2:41	G5100	τι	I-ASN	LXX_WH
Dán 2:41	G3749	οστρακινον	A-ASN	LXX_WH
Dán 2:41	G3313	μερος	N-ASN	LXX_WH
Dán 2:41	G1161	δε	PRT	LXX_WH
Dán 2:41	G5100	τι	I-ASN	LXX_WH
Dán 2:41	G4603	σιδηρουν	A-ASN	ABP-potolt
Dán 2:41	G0932	βασιλεια	N-NSF	LXX_WH
Dán 2:41	G1244	διηρημενη	V-RMPNS	LXX_WH
Dán 2:41	G1510	εσται	V-FMI-3S	LXX_WH
Dán 2:41	G2532	και	CONJ	LXX_WH
Dán 2:41	G0575	απο	PREP	LXX_WH
Dán 2:41	G3588	της	T-GSF	LXX_WH
Dán 2:41	G4491	ριζης	N-GSF	ABP-potolt
Dán 2:41	G3588	της	T-GSF	LXX_WH
Dán 2:41	G4603	σιδηρας	A-GSF	ABP-potolt
Dán 2:41	G1510	εσται	V-FMI-3S	LXX_WH
Dán 2:41	G1722	εν	PREP	LXX_WH
Dán 2:41	G0846	αυτη	D-DSF	LXX_WH
Dán 2:41	G3739	ον	R-ASM	LXX_WH
Dán 2:41	G5158	τροπον	N-ASM	LXX_WH
Dán 2:41	G3708	ειδες	V-AAI-2S	LXX_WH
Dán 2:41	G3588	τον	T-ASM	LXX_WH
Dán 2:41	G4604	σιδηρον	N-ASM	LXX_WH
Dán 2:41	G0362	αναμεμειγμενον	V-RMPAS	ABP-potolt
Dán 2:41	G3588	τω	T-DSM	LXX_WH
Dán 2:41	G3749	οστρακω	N-DSN	ABP-potolt
Dán 2:42	G2532	και	CONJ	LXX_WH
Dán 2:42	G3588	οι	T-NPM	LXX_WH
Dán 2:42	G1147	δακτυλοι	N-NPM	LXX_WH
Dán 2:42	G3588	των	T-GPM	LXX_WH
Dán 2:42	G4228	ποδων	N-GPM	LXX_WH
Dán 2:42	G3313	μερος	N-NSN	LXX_WH
Dán 2:42	G3303	μεν	PRT	LXX_WH
Dán 2:42	G5100	τι	I-NSN	LXX_WH
Dán 2:42	G3749	σιδηρουν	A-NSN	ABP-potolt
Dán 2:42	G3313	μερος	N-NSN	LXX_WH
Dán 2:42	G1161	δε	PRT	LXX_WH
Dán 2:42	G5100	τι	I-NSN	LXX_WH
Dán 2:42	G3749	οστρακινον	A-NSN	LXX_WH
Dán 2:42	G3313	μερος	N-NSN	LXX_WH
Dán 2:42	G5100	τι	I-NSN	LXX_WH
Dán 2:42	G3588	της	T-GSF	LXX_WH
Dán 2:42	G0932	βασιλειας	N-GSF	LXX_WH
Dán 2:42	G1510	εσται	V-FMI-3S	LXX_WH
Dán 2:42	G2478	ισχυρον	A-NSN	LXX_WH
Dán 2:42	G2532	και	CONJ	LXX_WH
Dán 2:42	G0575	απ	PREP	LXX_WH
Dán 2:42	G0846	αυτης	D-GSF	LXX_WH
Dán 2:42	G1510	εσται	V-FMI-3S	LXX_WH
Dán 2:42	G4937	συντριβομενον	V-PMPNS	LXX_WH
Dán 2:43	G3754	οτι	CONJ	LXX_WH
Dán 2:43	G3708	ειδες	V-AAI-2S	LXX_WH
Dán 2:43	G3588	τον	T-ASM	LXX_WH
Dán 2:43	G4604	σιδηρον	N-ASM	LXX_WH
Dán 2:43	G0362	αναμεμειγμενον	V-RMPAS	ABP-potolt
Dán 2:43	G3588	τω	T-DSN	LXX_WH
Dán 2:43		οστρακω	N-DSN	ELTERO_SZOVEGALAP
Dán 2:43		συμμειγεις	A-NPN	ELTERO_SZOVEGALAP
Dán 2:43	G1510	εσονται	V-FMI-3P	LXX_WH
Dán 2:43	G1722	εν	PREP	LXX_WH
Dán 2:43	G4690	σπερματι	N-DSN	LXX_WH
Dán 2:43	G0444	ανθρωπων	N-GPM	LXX_WH
Dán 2:43	G2532	και	CONJ	LXX_WH
Dán 2:43	G3364	ουκ	ADV	LXX_WH
Dán 2:43	G1510	εσονται	V-FMI-3P	LXX_WH
Dán 2:43	G4347	προσκολλωμενοι	V-PMPNP	LXX_WH
Dán 2:43	G3778	ουτος	D-NSM	LXX_WH
Dán 2:43	G3326	μετα	PREP	LXX_WH
Dán 2:43	G3778	τουτου	D-GSM	LXX_WH
Dán 2:43	G2531	καθως	ADV	LXX_WH
Dán 2:43	G3588	ο	T-NSM	LXX_WH
Dán 2:43	G4604	σιδηρος	N-NSM	LXX_WH
Dán 2:43	G3364	ουκ	ADV	LXX_WH
Dán 2:43		αναμειγνυται	V-PMI-3S	ELTERO_SZOVEGALAP
Dán 2:43	G3326	μετα	PREP	LXX_WH
Dán 2:43	G3588	του	T-GSN	LXX_WH
Dán 2:43	G3749	οστρακου	N-GSN	ABP-potolt
Dán 2:44	G2532	και	CONJ	LXX_WH
Dán 2:44	G1722	εν	PREP	LXX_WH
Dán 2:44	G3588	ταις	T-DPF	LXX_WH
Dán 2:44	G2250	ημεραις	N-DPF	LXX_WH
Dán 2:44	G3588	των	T-GPM	LXX_WH
Dán 2:44	G0935	βασιλεων	N-GPM	LXX_WH
Dán 2:44	G1565	εκεινων	D-GPM	LXX_WH
Dán 2:44	G0450	αναστησει	V-FAI-3S	LXX_WH
Dán 2:44	G3588	ο	T-NSM	LXX_WH
Dán 2:44	G2316	θεος	N-NSM	LXX_WH
Dán 2:44	G3588	του	T-GSM	LXX_WH
Dán 2:44	G3772	ουρανου	N-GSM	LXX_WH
Dán 2:44	G0932	βασιλειαν	N-ASF	LXX_WH
Dán 2:44	G3748	ητις	RI-NSF	LXX_WH
Dán 2:44	G1519	εις	PREP	LXX_WH
Dán 2:44	G3588	τους	T-APM	LXX_WH
Dán 2:44	G0165	αιωνας	N-APM	LXX_WH
Dán 2:44	G3364	ου	ADV	LXX_WH
Dán 2:44	G1311	διαφθαρησεται	V-FPI-3S	LXX_WH
Dán 2:44	G2532	και	CONJ	LXX_WH
Dán 2:44	G3588	η	T-NSF	LXX_WH
Dán 2:44	G0932	βασιλεια	N-NSF	LXX_WH
Dán 2:44	G0846	αυτου	D-GSM	LXX_WH
Dán 2:44	G2992	λαω	N-DSM	LXX_WH
Dán 2:44	G2087	ετερω	A-DSM	LXX_WH
Dán 2:44	G3364	ουχ	ADV	LXX_WH
Dán 2:44	G5275	υπολειφθησεται	V-FPI-3S	LXX_WH
Dán 2:44	G3016	λεπτυνει	V-FAI-3S	ABP-potolt
Dán 2:44	G2532	και	CONJ	LXX_WH
Dán 2:44	G3039	λικμησει	V-FAI-3S	LXX_WH
Dán 2:44	G3956	πασας	A-APF	LXX_WH
Dán 2:44	G3588	τας	T-APF	LXX_WH
Dán 2:44	G0932	βασιλειας	N-APF	LXX_WH
Dán 2:44	G2532	και	CONJ	LXX_WH
Dán 2:44	G0846	αυτη	D-NSF	LXX_WH
Dán 2:44	G0450	αναστησεται	V-FMI-3S	LXX_WH
Dán 2:44	G1519	εις	PREP	LXX_WH
Dán 2:44	G3588	τους	T-APM	LXX_WH
Dán 2:44	G0165	αιωνας	N-APM	LXX_WH
Dán 2:45	G3739	ον	R-ASM	LXX_WH
Dán 2:45	G5158	τροπον	N-ASM	LXX_WH
Dán 2:45	G3708	ειδες	V-AAI-2S	LXX_WH
Dán 2:45	G3754	οτι	CONJ	LXX_WH
Dán 2:45	G0575	απο	PREP	LXX_WH
Dán 2:45	G3735	ορους	N-GSN	LXX_WH
Dán 2:45	G5058	ετμηθη	V-API-3S	ABP-potolt
Dán 2:45	G3037	λιθος	N-NSM	LXX_WH
Dán 2:45	G0427	ανευ	PREP	LXX_WH
Dán 2:45	G5495	χειρων	N-GPF	LXX_WH
Dán 2:45	G2532	και	CONJ	LXX_WH
Dán 2:45		ελεπτυνεν	V-AAI-3S	
Dán 2:45	G3588	το	T-ASN	LXX_WH
Dán 2:45		οστρακον	N-ASN	
Dán 2:45	G3588	τον	T-ASM	LXX_WH
Dán 2:45	G4604	σιδηρον	N-ASM	LXX_WH
Dán 2:45	G3588	τον	T-ASM	LXX_WH
Dán 2:45	G5475	χαλκον	N-ASM	LXX_WH
Dán 2:45	G3588	τον	T-ASM	LXX_WH
Dán 2:45	G0696	αργυρον	N-ASM	LXX_WH
Dán 2:45	G3588	τον	T-ASM	LXX_WH
Dán 2:45	G5557	χρυσον	N-ASM	LXX_WH
Dán 2:45	G3588	ο	T-NSM	LXX_WH
Dán 2:45	G2316	θεος	N-NSM	LXX_WH
Dán 2:45	G3588	ο	T-NSM	LXX_WH
Dán 2:45	G3173	μεγας	A-NSM	LXX_WH
Dán 2:45	G1107	εγνωρισεν	V-AAI-3S	LXX_WH
Dán 2:45	G3588	τω	T-DSM	LXX_WH
Dán 2:45	G0935	βασιλει	N-DSM	LXX_WH
Dán 2:45	G3739	α	R-NPN	LXX_WH
Dán 2:45	G1210	δει	V-PAI-3S	LXX_WH
Dán 2:45	G1096	γενεσθαι	V-AMN	LXX_WH
Dán 2:45	G3326	μετα	PREP	LXX_WH
Dán 2:45	G3778	ταυτα	D-APN	LXX_WH
Dán 2:45	G2532	και	CONJ	LXX_WH
Dán 2:45	G0228	αληθινον	A-NSN	LXX_WH
Dán 2:45	G3588	το	T-NSN	LXX_WH
Dán 2:45	G1798	ενυπνιον	N-NSN	LXX_WH
Dán 2:45	G2532	και	CONJ	LXX_WH
Dán 2:45	G4103	πιστη	A-NSF	LXX_WH
Dán 2:45	G3588	η	T-NSF	LXX_WH
Dán 2:45		συγκρισις	N-NSF	ELTERO_SZOVEGALAP
Dán 2:45	G0846	αυτου	D-GSN	LXX_WH
Dán 2:46	G5119	τοτε	ADV	LXX_WH
Dán 2:46	G3588	ο	T-NSM	LXX_WH
Dán 2:46	G0935	βασιλευς	N-NSM	LXX_WH
Dán 2:46		ναβουχοδονοσορ	N-PRI	ELTERO_SZOVEGALAP
Dán 2:46	G4098	επεσεν	V-AAI-3S	LXX_WH
Dán 2:46	G1909	επι	PREP	LXX_WH
Dán 2:46	G4383	προσωπον	N-ASN	LXX_WH
Dán 2:46	G2532	και	CONJ	LXX_WH
Dán 2:46	G3588	τω	T-DSM	LXX_WH
Dán 2:46	G1158	δανιηλ	N-PRI	LXX_WH
Dán 2:46	G4352	προσεκυνησεν	V-AAI-3S	LXX_WH
Dán 2:46	G2532	και	CONJ	LXX_WH
Dán 2:46	G3126	μαναα	N-PRI	ABP-potolt
Dán 2:46	G2532	και	CONJ	LXX_WH
Dán 2:46	G2136	ευωδιας	N-APF	LXX_WH
Dán 2:46		ειπεν	V-AAI-3S	ELTERO_SZOVEGALAP
Dán 2:46	G4689	σπεισαι	V-AAN	LXX_WH
Dán 2:46	G0846	αυτω	D-DSM	LXX_WH
Dán 2:47	G2532	και	CONJ	LXX_WH
Dán 2:47		αποκριθεις	V-APPNS	
Dán 2:47	G3588	ο	T-NSM	LXX_WH
Dán 2:47	G0935	βασιλευς	N-NSM	LXX_WH
Dán 2:47	G2036	ειπεν	V-AAI-3S	ABP-potolt
Dán 2:47	G3588	τω	T-DSM	LXX_WH
Dán 2:47	G1158	δανιηλ	N-PRI	LXX_WH
Dán 2:47	G1909	επ	PREP	LXX_WH
Dán 2:47	G0225	αληθειας	N-GSF	LXX_WH
Dán 2:47	G3588	ο	T-NSM	LXX_WH
Dán 2:47	G2316	θεος	N-NSM	LXX_WH
Dán 2:47	G4771	υμων	P-GP	LXX_WH
Dán 2:47	G0846	αυτος	D-NSM	LXX_WH
Dán 2:47	G1510	εστιν	V-PAI-3S	LXX_WH
Dán 2:47	G2316	θεος	N-NSM	LXX_WH
Dán 2:47	G2316	θεων	N-GPM	LXX_WH
Dán 2:47	G2532	και	CONJ	LXX_WH
Dán 2:47	G2962	κυριος	N-NSM	LXX_WH
Dán 2:47	G3588	των	T-GPM	LXX_WH
Dán 2:47	G0935	βασιλεων	N-GPM	LXX_WH
Dán 2:47	G2532	και	CONJ	LXX_WH
Dán 2:47	G0601	αποκαλυπτων	V-PAPNS	LXX_WH
Dán 2:47	G3466	μυστηρια	N-APN	LXX_WH
Dán 2:47	G3754	οτι	CONJ	LXX_WH
Dán 2:47	G1410	ηδυνηθης	V-API-2S	LXX_WH
Dán 2:47	G0601	αποκαλυψαι	V-AAN	LXX_WH
Dán 2:47	G3588	το	T-ASN	LXX_WH
Dán 2:47	G3466	μυστηριον	N-ASN	LXX_WH
Dán 2:47	G3778	τουτο	D-ASN	LXX_WH
Dán 2:48	G2532	και	CONJ	LXX_WH
Dán 2:48	G3170	εμεγαλυνεν	V-AAI-3S	LXX_WH
Dán 2:48	G3588	ο	T-NSM	LXX_WH
Dán 2:48	G0935	βασιλευς	N-NSM	LXX_WH
Dán 2:48	G3588	τον	T-ASM	LXX_WH
Dán 2:48	G1158	δανιηλ	N-PRI	LXX_WH
Dán 2:48	G2532	και	CONJ	LXX_WH
Dán 2:48	G1390	δοματα	N-APN	LXX_WH
Dán 2:48	G3173	μεγαλα	A-APN	LXX_WH
Dán 2:48	G2532	και	CONJ	LXX_WH
Dán 2:48	G4183	πολλα	A-APN	LXX_WH
Dán 2:48	G1325	εδωκεν	V-AAI-3S	LXX_WH
Dán 2:48	G0846	αυτω	D-DSM	LXX_WH
Dán 2:48	G2532	και	CONJ	LXX_WH
Dán 2:48	G2525	κατεστησεν	V-AAI-3S	LXX_WH
Dán 2:48	G0846	αυτον	D-ASM	LXX_WH
Dán 2:48	G1909	επι	PREP	LXX_WH
Dán 2:48	G3956	πασης	A-GSF	LXX_WH
Dán 2:48	G5561	χωρας	N-GSF	LXX_WH
Dán 2:48	G0897	βαβυλωνος	N-GSF	LXX_WH
Dán 2:48	G2532	και	CONJ	LXX_WH
Dán 2:48	G0758	αρχοντα	N-ASM	LXX_WH
Dán 2:48	G4568	σατραπων	N-GPM	ABP-potolt
Dán 2:48	G1909	επι	PREP	LXX_WH
Dán 2:48	G3956	παντας	A-APM	LXX_WH
Dán 2:48	G3588	τους	T-APM	LXX_WH
Dán 2:48	G4680	σοφους	A-APM	LXX_WH
Dán 2:48	G0897	βαβυλωνος	N-GSF	LXX_WH
Dán 2:49	G2532	και	CONJ	LXX_WH
Dán 2:49	G1158	δανιηλ	N-PRI	LXX_WH
Dán 2:49	G0154	ητησατο	V-AMI-3S	LXX_WH
Dán 2:49	G3844	παρα	PREP	LXX_WH
Dán 2:49	G3588	του	T-GSM	LXX_WH
Dán 2:49	G0935	βασιλεως	N-GSM	LXX_WH
Dán 2:49	G2532	και	CONJ	LXX_WH
Dán 2:49	G2525	κατεστησεν	V-AAI-3S	LXX_WH
Dán 2:49	G1909	επι	PREP	LXX_WH
Dán 2:49	G3588	τα	T-APN	LXX_WH
Dán 2:49	G2041	εργα	N-APN	LXX_WH
Dán 2:49	G3588	της	T-GSF	LXX_WH
Dán 2:49	G5561	χωρας	N-GSF	LXX_WH
Dán 2:49	G0897	βαβυλωνος	N-GSF	LXX_WH
Dán 2:49	G3588	τον	T-ASM	LXX_WH
Dán 2:49		σεδραχ	N-PRI	
Dán 2:49		μισαχ	N-PRI	
Dán 2:49		αβδεναγω	N-PRI	
Dán 2:49	G2532	και	CONJ	LXX_WH
Dán 2:49	G1158	δανιηλ	N-PRI	LXX_WH
Dán 2:49	G1510	ην	V-IAI-3S	LXX_WH
Dán 2:49	G1722	εν	PREP	LXX_WH
Dán 2:49	G3588	τη	T-DSF	LXX_WH
Dán 2:49	G0833	αυλη	N-DSF	LXX_WH
Dán 2:49	G3588	του	T-GSM	LXX_WH
Dán 2:49	G0935	βασιλεως	N-GSM	LXX_WH
Dán 3:1	G2094	ετους	N-GSN	LXX_WH
Dán 3:1		οκτωκαιδεκατου	A-GSN	ELTERO_SZOVEGALAP
Dán 3:1		ναβουχοδονοσορ	N-PRI	ELTERO_SZOVEGALAP
Dán 3:1	G3588	ο	T-NSM	LXX_WH
Dán 3:1	G0935	βασιλευς	N-NSM	LXX_WH
Dán 3:1	G4160	εποιησεν	V-AAI-3S	LXX_WH
Dán 3:1	G1504	εικονα	N-ASF	LXX_WH
Dán 3:1	G5552	χρυσην	A-ASF	ABP-potolt
Dán 3:1	G5311	υψος	N-NSN	LXX_WH
Dán 3:1	G0846	αυτης	D-GSF	LXX_WH
Dán 3:1	G4083	πηχεων	N-GPM	LXX_WH
Dán 3:1	G1835	εξηκοντα	N-NUI	LXX_WH
Dán 3:1		ευρος	N-NSN	ELTERO_SZOVEGALAP
Dán 3:1	G0846	αυτης	D-GSF	LXX_WH
Dán 3:1	G4083	πηχεων	N-GPM	LXX_WH
Dán 3:1	G1803	εξ	N-NUI	LXX_WH
Dán 3:1	G2532	και	CONJ	LXX_WH
Dán 3:1	G2476	εστησεν	V-AAI-3S	LXX_WH
Dán 3:1	G0846	αυτην	D-ASF	LXX_WH
Dán 3:1	G1722	εν	PREP	LXX_WH
Dán 3:1	G3977	πεδιω	N-DSN	ABP-potolt
Dán 3:1	G3977	δειρα	N-PRI	ABP-potolt
Dán 3:1	G1722	εν	PREP	LXX_WH
Dán 3:1	G5561	χωρα	N-DSF	LXX_WH
Dán 3:1	G0897	βαβυλωνος	N-GSF	LXX_WH
Dán 3:2	G2532	και	CONJ	LXX_WH
Dán 3:2	G0649	απεστειλεν	V-AAI-3S	LXX_WH
Dán 3:2	G4863	συναγαγειν	V-AAN	LXX_WH
Dán 3:2	G3588	τους	T-APM	LXX_WH
Dán 3:2		υπατους	N-APM	
Dán 3:2	G2532	και	CONJ	LXX_WH
Dán 3:2	G3588	τους	T-APM	LXX_WH
Dán 3:2	G4755	στρατηγους	N-APM	LXX_WH
Dán 3:2	G2532	και	CONJ	LXX_WH
Dán 3:2	G3588	τους	T-APM	LXX_WH
Dán 3:2	G5116	τοπαρχας	N-APM	ABP-potolt
Dán 3:2	G2233	ηγουμενους	V-PMPAP	LXX_WH
Dán 3:2	G2532	και	CONJ	LXX_WH
Dán 3:2	G5181	τυραννους	N-APM	LXX_WH
Dán 3:2	G2532	και	CONJ	LXX_WH
Dán 3:2	G3588	τους	T-APM	LXX_WH
Dán 3:2	G1909	επ	PREP	LXX_WH
Dán 3:2	G1849	εξουσιων	N-GPF	LXX_WH
Dán 3:2	G2532	και	CONJ	LXX_WH
Dán 3:2	G3956	παντας	A-APM	LXX_WH
Dán 3:2	G3588	τους	T-APM	LXX_WH
Dán 3:2	G0758	αρχοντας	N-APM	LXX_WH
Dán 3:2	G3588	των	T-GPF	LXX_WH
Dán 3:2	G5561	χωρων	N-GPF	LXX_WH
Dán 3:2	G2064	ελθειν	V-AAN	LXX_WH
Dán 3:2	G1519	εις	PREP	LXX_WH
Dán 3:2	G3588	τα	T-APN	LXX_WH
Dán 3:2	G1456	εγκαινια	N-APN	LXX_WH
Dán 3:2	G3588	της	T-GSF	LXX_WH
Dán 3:2	G1504	εικονος	N-GSF	LXX_WH
Dán 3:2	G3739	ης	R-GSF	LXX_WH
Dán 3:2	G2476	εστησεν	V-AAI-3S	LXX_WH
Dán 3:2		ναβουχοδονοσορ	N-PRI	
Dán 3:2	G3588	ο	T-NSM	LXX_WH
Dán 3:2	G0935	βασιλευς	N-NSM	LXX_WH
Dán 3:3	G2532	και	CONJ	LXX_WH
Dán 3:3	G4863	συνηχθησαν	V-API-3P	LXX_WH
Dán 3:3	G3588	οι	T-NPM	LXX_WH
Dán 3:3		τοπαρχαι	N-NPM	
Dán 3:3		υπατοι	N-NPM	
Dán 3:3	G4755	στρατηγοι	N-NPM	LXX_WH
Dán 3:3	G2233	ηγουμενοι	V-PMPNP	LXX_WH
Dán 3:3	G5181	τυραννοι	N-NPM	LXX_WH
Dán 3:3	G3173	μεγαλοι	A-NPM	LXX_WH
Dán 3:3	G3588	οι	T-NPM	LXX_WH
Dán 3:3	G1909	επ	PREP	LXX_WH
Dán 3:3	G1849	εξουσιων	N-GPF	LXX_WH
Dán 3:3	G2532	και	CONJ	LXX_WH
Dán 3:3	G3956	παντες	A-NPM	LXX_WH
Dán 3:3	G3588	οι	T-NPM	LXX_WH
Dán 3:3	G0758	αρχοντες	N-NPM	LXX_WH
Dán 3:3	G3588	των	T-GPF	LXX_WH
Dán 3:3	G5561	χωρων	N-GPF	LXX_WH
Dán 3:3	G1519	εις	PREP	LXX_WH
Dán 3:3	G3588	τον	T-ASM	LXX_WH
Dán 3:3		εγκαινισμον	N-ASM	
Dán 3:3	G3588	της	T-GSF	LXX_WH
Dán 3:3	G1504	εικονος	N-GSF	LXX_WH
Dán 3:3	G3739	ης	R-GSF	LXX_WH
Dán 3:3	G2476	εστησεν	V-AAI-3S	LXX_WH
Dán 3:3	G1799	ναβουχοδονοσορ	N-PRI	ABP-potolt
Dán 3:3	G3588	ο	T-NSM	LXX_WH
Dán 3:3	G0935	βασιλευς	N-NSM	LXX_WH
Dán 3:3	G2532	και	CONJ	LXX_WH
Dán 3:3	G2476	ειστηκεισαν	V-YAI-3P	LXX_WH
Dán 3:3	G1799	ενωπιον	PREP	LXX_WH
Dán 3:3	G3588	της	T-GSF	LXX_WH
Dán 3:3	G1504	εικονος	N-GSF	LXX_WH
Dán 3:3	G3739	ης	R-GSF	LXX_WH
Dán 3:3	G2476	εστησεν	V-AAI-3S	LXX_WH
Dán 3:3	G2476	ναβουχοδονοσορ	N-PRI	ABP-potolt
Dán 3:4	G2532	και	CONJ	LXX_WH
Dán 3:4	G3588	ο	T-NSM	LXX_WH
Dán 3:4	G2783	κηρυξ	N-NSM	LXX_WH
Dán 3:4	G0994	εβοα	V-IAI-3S	LXX_WH
Dán 3:4	G1722	εν	PREP	LXX_WH
Dán 3:4	G2479	ισχυι	N-DSF	LXX_WH
Dán 3:4	G4771	υμιν	P-DP	LXX_WH
Dán 3:4	G3004	λεγεται	V-PMI-3S	LXX_WH
Dán 3:4	G2992	λαοι	N-NPM	LXX_WH
Dán 3:4	G5443	φυλαι	N-NPF	LXX_WH
Dán 3:4	G1100	γλωσσαι	N-NPF	LXX_WH
Dán 3:5	G3739	η	R-DSF	LXX_WH
Dán 3:5	G0302	αν	PRT	LXX_WH
Dán 3:5	G5610	ωρα	N-DSF	LXX_WH
Dán 3:5	G0191	ακουσητε	V-AAS-2P	LXX_WH
Dán 3:5	G3588	της	T-GSF	LXX_WH
Dán 3:5	G5456	φωνης	N-GSF	LXX_WH
Dán 3:5	G3588	της	T-GSF	LXX_WH
Dán 3:5	G4536	σαλπιγγος	N-GSF	LXX_WH
Dán 3:5		συριγγος	N-GSF	ELTERO_SZOVEGALAP
Dán 3:5	G5037	τε	PRT	LXX_WH
Dán 3:5	G2532	και	CONJ	LXX_WH
Dán 3:5	G2788	κιθαρας	N-GSF	LXX_WH
Dán 3:5	G4542	σαμβυκης	N-GSF	ABP-potolt
Dán 3:5	G2532	και	CONJ	LXX_WH
Dán 3:5	G5568	ψαλτηριου	N-GSN	ABP-potolt
Dán 3:5	G2532	και	CONJ	LXX_WH
Dán 3:5	G4858	συμφωνιας	N-GSF	LXX_WH
Dán 3:5	G2532	και	CONJ	LXX_WH
Dán 3:5	G3956	παντος	A-GSN	LXX_WH
Dán 3:5	G1085	γενους	N-GSN	LXX_WH
Dán 3:5	G3451	μουσικων	A-GPM	LXX_WH
Dán 3:5	G4098	πιπτοντες	V-PAPNP	LXX_WH
Dán 3:5	G4352	προσκυνειτε	V-FAI-2P	LXX_WH
Dán 3:5	G3588	τη	T-DSF	LXX_WH
Dán 3:5	G1504	εικονι	N-DSF	LXX_WH
Dán 3:5	G3588	τη	T-DSF	LXX_WH
Dán 3:5	G5552	χρυση	A-DSF	ABP-potolt
Dán 3:5	G3739	η	R-DSF	LXX_WH
Dán 3:5	G2476	εστησεν	V-AAI-3S	LXX_WH
Dán 3:5		ναβουχοδονοσορ	N-PRI	ELTERO_SZOVEGALAP
Dán 3:5	G3588	ο	T-NSM	LXX_WH
Dán 3:5	G0935	βασιλευς	N-NSM	LXX_WH
Dán 3:6	G2532	και	CONJ	LXX_WH
Dán 3:6	G3739	ος	R-NSM	LXX_WH
Dán 3:6	G0302	αν	PRT	LXX_WH
Dán 3:6	G3165	μη	ADV	LXX_WH
Dán 3:6	G4098	πεσων	V-AAPNS	LXX_WH
Dán 3:6	G4352	προσκυνηση	V-AAS-3S	LXX_WH
Dán 3:6	G0846	αυτη	D-DSF	LXX_WH
Dán 3:6	G3588	τη	T-DSF	LXX_WH
Dán 3:6	G5610	ωρα	N-DSF	LXX_WH
Dán 3:6	G1685	εμβληθησεται	V-FPI-3S	LXX_WH
Dán 3:6	G1519	εις	PREP	LXX_WH
Dán 3:6	G3588	την	T-ASF	LXX_WH
Dán 3:6	G2575	καμινον	N-ASF	LXX_WH
Dán 3:6	G3588	του	T-GSN	LXX_WH
Dán 3:6	G4442	πυρος	N-GSN	LXX_WH
Dán 3:6	G3588	την	T-ASF	LXX_WH
Dán 3:6	G2545	καιομενην	V-PMPAS	LXX_WH
Dán 3:7	G2532	και	CONJ	LXX_WH
Dán 3:7	G1096	εγενετο	V-AMI-3S	LXX_WH
Dán 3:7	G3753	οτε	ADV	LXX_WH
Dán 3:7	G0191	ηκουσαν	V-AAI-3P	LXX_WH
Dán 3:7	G3588	οι	T-NPM	LXX_WH
Dán 3:7	G2992	λαοι	N-NPM	LXX_WH
Dán 3:7	G3588	της	T-GSF	LXX_WH
Dán 3:7	G5456	φωνης	N-GSF	LXX_WH
Dán 3:7	G3588	της	T-GSF	LXX_WH
Dán 3:7	G4536	σαλπιγγος	N-GSF	LXX_WH
Dán 3:7		συριγγος	N-GSF	ELTERO_SZOVEGALAP
Dán 3:7	G5037	τε	PRT	LXX_WH
Dán 3:7	G2532	και	CONJ	LXX_WH
Dán 3:7	G2788	κιθαρας	N-GSF	LXX_WH
Dán 3:7	G4542	σαμβυκης	N-GSF	ABP-potolt
Dán 3:7	G2532	και	CONJ	LXX_WH
Dán 3:7	G5568	ψαλτηριου	N-GSN	ABP-potolt
Dán 3:7	G2532	και	CONJ	LXX_WH
Dán 3:7	G4858	συμφωνιας	N-GSF	LXX_WH
Dán 3:7	G2532	και	CONJ	LXX_WH
Dán 3:7	G3956	παντος	A-GSN	LXX_WH
Dán 3:7	G1085	γενους	N-GSN	LXX_WH
Dán 3:7	G3451	μουσικων	A-GPM	LXX_WH
Dán 3:7	G4098	πιπτοντες	V-PAPNP	LXX_WH
Dán 3:7	G3956	παντες	A-NPM	LXX_WH
Dán 3:7	G3588	οι	T-NPM	LXX_WH
Dán 3:7	G2992	λαοι	N-NPM	LXX_WH
Dán 3:7	G5443	φυλαι	N-NPF	LXX_WH
Dán 3:7	G1100	γλωσσαι	N-NPF	LXX_WH
Dán 3:7	G4352	προσεκυνουν	V-IAI-3P	LXX_WH
Dán 3:7	G3588	τη	T-DSF	LXX_WH
Dán 3:7	G1504	εικονι	N-DSF	LXX_WH
Dán 3:7	G3588	τη	T-DSF	LXX_WH
Dán 3:7	G5552	χρυση	A-DSF	ABP-potolt
Dán 3:7	G3739	η	R-DSF	LXX_WH
Dán 3:7	G2476	εστησεν	V-AAI-3S	LXX_WH
Dán 3:7		ναβουχοδονοσορ	N-PRI	ELTERO_SZOVEGALAP
Dán 3:7	G3588	ο	T-NSM	LXX_WH
Dán 3:7	G0935	βασιλευς	N-NSM	LXX_WH
Dán 3:8	G5119	τοτε	ADV	LXX_WH
Dán 3:8	G4334	προσηλθοσαν	V-AAI-3P	LXX_WH
Dán 3:8	G0435	ανδρες	N-NPM	LXX_WH
Dán 3:8	G5466	χαλδαιοι	N-NPM	LXX_WH
Dán 3:8	G2532	και	CONJ	LXX_WH
Dán 3:8	G1225	διεβαλον	V-AAI-3P	LXX_WH
Dán 3:8	G3588	τους	T-APM	LXX_WH
Dán 3:8	G2453	ιουδαιους	N-APM	LXX_WH
Dán 3:9	G3588	τω	T-DSM	LXX_WH
Dán 3:9	G0935	βασιλει	N-DSM	LXX_WH
Dán 3:9		ναβουχοδονοσορ	N-PRI	ELTERO_SZOVEGALAP
Dán 3:9	G0935	βασιλευ	N-VSM	LXX_WH
Dán 3:9	G1519	εις	PREP	LXX_WH
Dán 3:9	G3588	τους	T-APM	LXX_WH
Dán 3:9	G0165	αιωνας	N-APM	LXX_WH
Dán 3:9	G2198	ζηθι	V-PAD-2S	LXX_WH
Dán 3:10	G4771	συ	P-NS	LXX_WH
Dán 3:10	G0935	βασιλευ	N-VSM	LXX_WH
Dán 3:10	G5087	εθηκας	V-AAI-2S	LXX_WH
Dán 3:10	G1378	δογμα	N-ASN	LXX_WH
Dán 3:10	G3956	παντα	A-ASM	LXX_WH
Dán 3:10	G0444	ανθρωπον	N-ASM	LXX_WH
Dán 3:10	G3739	ος	R-NSM	LXX_WH
Dán 3:10	G0302	αν	PRT	LXX_WH
Dán 3:10	G0191	ακουση	V-AAS-3S	LXX_WH
Dán 3:10	G3588	της	T-GSF	LXX_WH
Dán 3:10	G5456	φωνης	N-GSF	LXX_WH
Dán 3:10	G3588	της	T-GSF	LXX_WH
Dán 3:10	G4536	σαλπιγγος	N-GSF	LXX_WH
Dán 3:10		συριγγος	N-GSF	ELTERO_SZOVEGALAP
Dán 3:10	G5037	τε	PRT	LXX_WH
Dán 3:10	G2532	και	CONJ	LXX_WH
Dán 3:10	G2788	κιθαρας	N-GSF	LXX_WH
Dán 3:10	G4542	σαμβυκης	N-GSF	ABP-potolt
Dán 3:10	G2532	και	CONJ	LXX_WH
Dán 3:10		ψαλτηριου	N-GSN	
Dán 3:10	G2532	και	CONJ	LXX_WH
Dán 3:10	G4858	συμφωνιας	N-GSF	LXX_WH
Dán 3:10	G2532	και	CONJ	LXX_WH
Dán 3:10	G3956	παντος	A-GSN	LXX_WH
Dán 3:10	G1085	γενους	N-GSN	LXX_WH
Dán 3:10	G3451	μουσικων	A-GPM	LXX_WH
Dán 3:11	G2532	και	CONJ	LXX_WH
Dán 3:11	G3165	μη	ADV	LXX_WH
Dán 3:11	G4098	πεσων	V-AAPNS	LXX_WH
Dán 3:11	G4352	προσκυνηση	V-AAS-3S	LXX_WH
Dán 3:11	G3588	τη	T-DSF	LXX_WH
Dán 3:11	G1504	εικονι	N-DSF	LXX_WH
Dán 3:11	G3588	τη	T-DSF	LXX_WH
Dán 3:11	G5552	χρυση	A-DSF	ABP-potolt
Dán 3:11	G1685	εμβληθησεται	V-FPI-3S	LXX_WH
Dán 3:11	G1519	εις	PREP	LXX_WH
Dán 3:11	G3588	την	T-ASF	LXX_WH
Dán 3:11	G2575	καμινον	N-ASF	LXX_WH
Dán 3:11	G3588	του	T-GSN	LXX_WH
Dán 3:11	G4442	πυρος	N-GSN	LXX_WH
Dán 3:11	G3588	την	T-ASF	LXX_WH
Dán 3:11	G2545	καιομενην	V-PMPAS	LXX_WH
Dán 3:12	G1510	εισιν	V-PAI-3P	LXX_WH
Dán 3:12	G0435	ανδρες	N-NPM	LXX_WH
Dán 3:12	G2453	ιουδαιοι	N-NPM	LXX_WH
Dán 3:12	G3739	ους	R-APM	LXX_WH
Dán 3:12	G2525	κατεστησας	V-AAI-2S	LXX_WH
Dán 3:12	G1909	επι	PREP	LXX_WH
Dán 3:12	G3588	τα	T-APN	LXX_WH
Dán 3:12	G2041	εργα	N-APN	LXX_WH
Dán 3:12	G3588	της	T-GSF	LXX_WH
Dán 3:12	G5561	χωρας	N-GSF	LXX_WH
Dán 3:12	G0897	βαβυλωνος	N-GSF	LXX_WH
Dán 3:12		σεδραχ	N-PRI	ELTERO_SZOVEGALAP
Dán 3:12		μισαχ	N-PRI	ELTERO_SZOVEGALAP
Dán 3:12		αβδεναγω	N-PRI	ELTERO_SZOVEGALAP
Dán 3:12	G3588	οι	T-NPM	LXX_WH
Dán 3:12	G0435	ανδρες	N-NPM	LXX_WH
Dán 3:12	G1565	εκεινοι	D-NPM	LXX_WH
Dán 3:12	G3364	ουχ	ADV	LXX_WH
Dán 3:12	G5219	υπηκουσαν	V-AAI-3P	LXX_WH
Dán 3:12	G0935	βασιλευ	N-VSM	LXX_WH
Dán 3:12	G3588	τω	T-DSN	LXX_WH
Dán 3:12	G1378	δογματι	N-DSN	LXX_WH
Dán 3:12	G4771	σου	P-GS	LXX_WH
Dán 3:12	G3588	τοις	T-DPM	LXX_WH
Dán 3:12	G2316	θεοις	N-DPM	LXX_WH
Dán 3:12	G4771	σου	P-GS	LXX_WH
Dán 3:12	G3364	ου	ADV	LXX_WH
Dán 3:12	G3000	λατρευουσιν	V-PAI-3P	LXX_WH
Dán 3:12	G2532	και	CONJ	LXX_WH
Dán 3:12	G3588	τη	T-DSF	LXX_WH
Dán 3:12	G1504	εικονι	N-DSF	LXX_WH
Dán 3:12	G3588	τη	T-DSF	LXX_WH
Dán 3:12	G5552	χρυση	A-DSF	ABP-potolt
Dán 3:12	G3739	η	R-DSF	LXX_WH
Dán 3:12	G2476	εστησας	V-AAI-2S	LXX_WH
Dán 3:12	G3364	ου	ADV	LXX_WH
Dán 3:12	G4352	προσκυνουσιν	V-PAI-3P	LXX_WH
Dán 3:13	G5119	τοτε	ADV	LXX_WH
Dán 3:13		ναβουχοδονοσορ	N-PRI	
Dán 3:13	G1722	εν	PREP	LXX_WH
Dán 3:13	G2372	θυμω	N-DSM	LXX_WH
Dán 3:13	G2532	και	CONJ	LXX_WH
Dán 3:13	G3709	οργη	N-DSF	LXX_WH
Dán 3:13	G2036	ειπεν	V-AAI-3S	ABP-potolt
Dán 3:13	G0071	αγαγειν	V-AAN	LXX_WH
Dán 3:13	G3588	τον	T-ASM	LXX_WH
Dán 3:13	G2532	σεδραχ	N-PRI	ABP-potolt
Dán 3:13	G2532	μισαχ	N-PRI	ABP-potolt
Dán 3:13	G2532	και	CONJ	LXX_WH
Dán 3:13		αβδεναγω	N-PRI	
Dán 3:13	G2532	και	CONJ	LXX_WH
Dán 3:13	G0071	ηχθησαν	V-API-3P	LXX_WH
Dán 3:13	G1799	ενωπιον	PREP	LXX_WH
Dán 3:13	G3588	του	T-GSM	LXX_WH
Dán 3:13	G0935	βασιλεως	N-GSM	LXX_WH
Dán 3:14	G2532	και	CONJ	LXX_WH
Dán 3:14		απεκριθη	V-API-3S	ELTERO_SZOVEGALAP
Dán 3:14		ναβουχοδονοσορ	N-PRI	ELTERO_SZOVEGALAP
Dán 3:14	G2532	και	CONJ	LXX_WH
Dán 3:14		ειπεν	V-AAI-3S	ELTERO_SZOVEGALAP
Dán 3:14	G0846	αυτοις	D-DPM	LXX_WH
Dán 3:14	G1487	ει	CONJ	LXX_WH
Dán 3:14	G0230	αληθως	ADV	LXX_WH
Dán 3:14		σεδραχ	N-PRI	ELTERO_SZOVEGALAP
Dán 3:14		μισαχ	N-PRI	ELTERO_SZOVEGALAP
Dán 3:14		αβδεναγω	N-PRI	ELTERO_SZOVEGALAP
Dán 3:14	G3588	τοις	T-DPM	LXX_WH
Dán 3:14	G2316	θεοις	N-DPM	LXX_WH
Dán 3:14	G1473	μου	P-GS	LXX_WH
Dán 3:14	G3364	ου	ADV	LXX_WH
Dán 3:14	G3000	λατρευετε	V-PAI-2P	LXX_WH
Dán 3:14	G2532	και	CONJ	LXX_WH
Dán 3:14	G3588	τη	T-DSF	LXX_WH
Dán 3:14	G1504	εικονι	N-DSF	LXX_WH
Dán 3:14	G3588	τη	T-DSF	LXX_WH
Dán 3:14	G5552	χρυση	A-DSF	ABP-potolt
Dán 3:14	G3739	η	R-DSF	LXX_WH
Dán 3:14	G2476	εστησα	V-AAI-1S	LXX_WH
Dán 3:14	G3364	ου	ADV	LXX_WH
Dán 3:14	G4352	προσκυνειτε	V-PAI-2P	LXX_WH
Dán 3:15	G3568	νυν	ADV	LXX_WH
Dán 3:15	G3767	ουν	PRT	LXX_WH
Dán 3:15	G1487	ει	CONJ	LXX_WH
Dán 3:15	G2192	εχετε	V-PAI-2P	LXX_WH
Dán 3:15	G2092	ετοιμως	ADV	LXX_WH
Dán 3:15	G2443	ινα	CONJ	LXX_WH
Dán 3:15	G3739	ως	CONJ	LXX_WH
Dán 3:15	G0302	αν	PRT	LXX_WH
Dán 3:15	G0191	ακουσητε	V-AAS-2P	LXX_WH
Dán 3:15	G3588	της	T-GSF	LXX_WH
Dán 3:15	G5456	φωνης	N-GSF	LXX_WH
Dán 3:15	G3588	της	T-GSF	LXX_WH
Dán 3:15	G4536	σαλπιγγος	N-GSF	LXX_WH
Dán 3:15		συριγγος	N-GSF	ELTERO_SZOVEGALAP
Dán 3:15	G5037	τε	PRT	LXX_WH
Dán 3:15	G2532	και	CONJ	LXX_WH
Dán 3:15	G2788	κιθαρας	N-GSF	LXX_WH
Dán 3:15		σαμβυκης	N-GSF	ELTERO_SZOVEGALAP
Dán 3:15	G2532	και	CONJ	LXX_WH
Dán 3:15		ψαλτηριου	N-GSN	
Dán 3:15	G2532	και	CONJ	LXX_WH
Dán 3:15	G4858	συμφωνιας	N-GSF	LXX_WH
Dán 3:15	G2532	και	CONJ	LXX_WH
Dán 3:15	G3956	παντος	A-GSN	LXX_WH
Dán 3:15	G1085	γενους	N-GSN	LXX_WH
Dán 3:15	G3451	μουσικων	A-GPM	LXX_WH
Dán 3:15	G4098	πεσοντες	V-AAPNP	LXX_WH
Dán 3:15	G4352	προσκυνησητε	V-AAS-2P	LXX_WH
Dán 3:15	G3588	τη	T-DSF	LXX_WH
Dán 3:15	G1504	εικονι	N-DSF	LXX_WH
Dán 3:15	G3739	η	R-DSF	LXX_WH
Dán 3:15	G4160	εποιησα	V-AAI-1S	LXX_WH
Dán 3:15	G1437	εαν	CONJ	LXX_WH
Dán 3:15	G1161	δε	PRT	LXX_WH
Dán 3:15	G3165	μη	ADV	LXX_WH
Dán 3:15	G4352	προσκυνησητε	V-AAS-2P	LXX_WH
Dán 3:15	G0846	αυτη	D-DSF	LXX_WH
Dán 3:15	G3588	τη	T-DSF	LXX_WH
Dán 3:15	G5610	ωρα	N-DSF	LXX_WH
Dán 3:15	G1685	εμβληθησεσθε	V-FPI-2P	LXX_WH
Dán 3:15	G1519	εις	PREP	LXX_WH
Dán 3:15	G3588	την	T-ASF	LXX_WH
Dán 3:15	G2575	καμινον	N-ASF	LXX_WH
Dán 3:15	G3588	του	T-GSN	LXX_WH
Dán 3:15	G4442	πυρος	N-GSN	LXX_WH
Dán 3:15	G3588	την	T-ASF	LXX_WH
Dán 3:15	G2545	καιομενην	V-PMPAS	LXX_WH
Dán 3:15	G2532	και	CONJ	LXX_WH
Dán 3:15	G5100	τις	I-NSM	LXX_WH
Dán 3:15	G1510	εστιν	V-PAI-3S	LXX_WH
Dán 3:15	G2316	θεος	N-NSM	LXX_WH
Dán 3:15	G3739	ος	R-NSM	LXX_WH
Dán 3:15	G1807	εξελειται	V-FMI-3S	LXX_WH
Dán 3:15	G4771	υμας	P-AP	LXX_WH
Dán 3:15	G1537	εκ	PREP	LXX_WH
Dán 3:15	G3588	των	T-GPF	LXX_WH
Dán 3:15	G5495	χειρων	N-GPF	LXX_WH
Dán 3:15	G1473	μου	P-GS	LXX_WH
Dán 3:16	G2532	και	CONJ	LXX_WH
Dán 3:16		απεκριθησαν	V-API-3P	ELTERO_SZOVEGALAP
Dán 3:16		σεδραχ	N-PRI	ELTERO_SZOVEGALAP
Dán 3:16		μισαχ	N-PRI	ELTERO_SZOVEGALAP
Dán 3:16		αβδεναγω	N-PRI	ELTERO_SZOVEGALAP
Dán 3:16	G3004	λεγοντες	V-PAPNP	LXX_WH
Dán 3:16	G3588	τω	T-DSM	LXX_WH
Dán 3:16	G0935	βασιλει	N-DSM	LXX_WH
Dán 3:16		ναβουχοδονοσορ	N-PRI	ELTERO_SZOVEGALAP
Dán 3:16	G3364	ου	ADV	LXX_WH
Dán 3:16	G5532	χρειαν	N-ASF	LXX_WH
Dán 3:16	G2192	εχομεν	V-PAI-1P	LXX_WH
Dán 3:16	G1473	ημεις	P-NP	LXX_WH
Dán 3:16	G4012	περι	PREP	LXX_WH
Dán 3:16	G3588	του	T-GSN	LXX_WH
Dán 3:16	G4487	ρηματος	N-GSN	LXX_WH
Dán 3:16	G3778	τουτου	D-GSN	LXX_WH
Dán 3:16		αποκριθηναι	V-APN	ELTERO_SZOVEGALAP
Dán 3:16	G4771	σοι	P-DS	LXX_WH
Dán 3:17	G1510	εστιν	V-PAI-3S	LXX_WH
Dán 3:17	G1063	γαρ	PRT	LXX_WH
Dán 3:17	G2316	θεος	N-NSM	LXX_WH
Dán 3:17	G3739	ω	R-DSM	LXX_WH
Dán 3:17	G1473	ημεις	P-NP	LXX_WH
Dán 3:17	G3000	λατρευομεν	V-PAI-1P	LXX_WH
Dán 3:17	G1415	δυνατος	A-NSM	LXX_WH
Dán 3:17	G1807	εξελεσθαι	V-AMN	LXX_WH
Dán 3:17	G1473	ημας	P-AP	LXX_WH
Dán 3:17	G1537	εκ	PREP	LXX_WH
Dán 3:17	G3588	της	T-GSF	LXX_WH
Dán 3:17	G2575	καμινου	N-GSF	LXX_WH
Dán 3:17	G3588	του	T-GSN	LXX_WH
Dán 3:17	G4442	πυρος	N-GSN	LXX_WH
Dán 3:17	G3588	της	T-GSF	LXX_WH
Dán 3:17	G2545	καιομενης	V-PMPGS	LXX_WH
Dán 3:17	G2532	και	CONJ	LXX_WH
Dán 3:17	G1537	εκ	PREP	LXX_WH
Dán 3:17	G3588	των	T-GPF	LXX_WH
Dán 3:17	G5495	χειρων	N-GPF	LXX_WH
Dán 3:17	G4771	σου	P-GS	LXX_WH
Dán 3:17	G0935	βασιλευ	N-VSM	LXX_WH
Dán 3:17	G4506	ρυσεται	V-FMI-3S	ABP-potolt
Dán 3:17	G1473	ημας	P-AP	LXX_WH
Dán 3:18	G2532	και	CONJ	LXX_WH
Dán 3:18	G1437	εαν	CONJ	LXX_WH
Dán 3:18	G3165	μη	ADV	LXX_WH
Dán 3:18	G1110	γνωστον	A-NSN	LXX_WH
Dán 3:18	G1510	εστω	V-PAD-3S	LXX_WH
Dán 3:18	G4771	σοι	P-DS	LXX_WH
Dán 3:18	G0935	βασιλευ	N-VSM	LXX_WH
Dán 3:18	G3754	οτι	CONJ	LXX_WH
Dán 3:18	G3588	τοις	T-DPM	LXX_WH
Dán 3:18	G2316	θεοις	N-DPM	LXX_WH
Dán 3:18	G4771	σου	P-GS	LXX_WH
Dán 3:18	G3364	ου	ADV	LXX_WH
Dán 3:18	G3000	λατρευομεν	V-PAI-1P	LXX_WH
Dán 3:18	G2532	και	CONJ	LXX_WH
Dán 3:18	G3588	τη	T-DSF	LXX_WH
Dán 3:18	G1504	εικονι	N-DSF	LXX_WH
Dán 3:18	G3588	τη	T-DSF	LXX_WH
Dán 3:18	G5552	χρυση	A-DSF	ABP-potolt
Dán 3:18	G3739	η	R-DSF	LXX_WH
Dán 3:18	G2476	εστησας	V-AAI-2S	LXX_WH
Dán 3:18	G3364	ου	ADV	LXX_WH
Dán 3:18	G4352	προσκυνουμεν	V-PAI-1P	LXX_WH
Dán 3:19	G5119	τοτε	ADV	LXX_WH
Dán 3:19		ναβουχοδονοσορ	N-PRI	ELTERO_SZOVEGALAP
Dán 3:19		επλησθη	V-API-3S	ELTERO_SZOVEGALAP
Dán 3:19	G2372	θυμου	N-GSM	LXX_WH
Dán 3:19	G2532	και	CONJ	LXX_WH
Dán 3:19	G3588	η	T-NSF	LXX_WH
Dán 3:19	G3799	οψις	N-NSF	LXX_WH
Dán 3:19	G3588	του	T-GSN	LXX_WH
Dán 3:19	G4383	προσωπου	N-GSN	LXX_WH
Dán 3:19	G0846	αυτου	D-GSM	LXX_WH
Dán 3:19		ηλλοιωθη	V-API-3S	ELTERO_SZOVEGALAP
Dán 3:19	G1909	επι	PREP	LXX_WH
Dán 3:19	G2532	σεδραχ	N-PRI	ABP-potolt
Dán 3:19	G2532	μισαχ	N-PRI	ABP-potolt
Dán 3:19	G2532	και	CONJ	LXX_WH
Dán 3:19		αβδεναγω	N-PRI	ELTERO_SZOVEGALAP
Dán 3:19	G2532	και	CONJ	LXX_WH
Dán 3:19	G2036	ειπεν	V-AAI-3S	ABP-potolt
Dán 3:19	G1572	εκκαυσαι	V-AAN	LXX_WH
Dán 3:19	G3588	την	T-ASF	LXX_WH
Dán 3:19	G2575	καμινον	N-ASF	LXX_WH
Dán 3:19	G2035	επταπλασιως	ADV	ABP-potolt
Dán 3:19	G2193	εως	PREP	LXX_WH
Dán 3:19	G3739	ου	R-GSM	LXX_WH
Dán 3:19	G1519	εις	PREP	LXX_WH
Dán 3:19	G5056	τελος	N-ASN	LXX_WH
Dán 3:19	G1572	εκκαη	V-PAS-3S	LXX_WH
Dán 3:20	G2532	και	CONJ	LXX_WH
Dán 3:20	G0435	ανδρας	N-APM	LXX_WH
Dán 3:20	G2478	ισχυρους	A-APM	LXX_WH
Dán 3:20	G2479	ισχυι	N-DSF	LXX_WH
Dán 3:20		ειπεν	V-AAI-3S	
Dán 3:20		πεδησαντας	V-AAPAP	
Dán 3:20	G3588	τον	T-ASM	LXX_WH
Dán 3:20		σεδραχ	N-PRI	
Dán 3:20		μισαχ	N-PRI	
Dán 3:20	G2532	και	CONJ	LXX_WH
Dán 3:20		αβδεναγω	N-PRI	
Dán 3:20	G1685	εμβαλειν	V-AAN	LXX_WH
Dán 3:20	G1519	εις	PREP	LXX_WH
Dán 3:20	G3588	την	T-ASF	LXX_WH
Dán 3:20	G2575	καμινον	N-ASF	LXX_WH
Dán 3:20	G3588	του	T-GSN	LXX_WH
Dán 3:20	G4442	πυρος	N-GSN	LXX_WH
Dán 3:20	G3588	την	T-ASF	LXX_WH
Dán 3:20	G2545	καιομενην	V-PMPAS	LXX_WH
Dán 3:21	G5119	τοτε	ADV	LXX_WH
Dán 3:21	G3588	οι	T-NPM	LXX_WH
Dán 3:21	G0435	ανδρες	N-NPM	LXX_WH
Dán 3:21	G1565	εκεινοι	D-NPM	LXX_WH
Dán 3:21		επεδηθησαν	V-API-3P	ELTERO_SZOVEGALAP
Dán 3:21	G4862	συν	PREP	LXX_WH
Dán 3:21	G3588	τοις	T-DPN	LXX_WH
Dán 3:21		σαραβαροις	N-DPN	ELTERO_SZOVEGALAP
Dán 3:21	G0846	αυτων	D-GPM	LXX_WH
Dán 3:21	G2532	και	CONJ	LXX_WH
Dán 3:21		τιαραις	N-DPF	
Dán 3:21	G2532	και	CONJ	LXX_WH
Dán 3:21		περικνημισι	N-DPF	
Dán 3:21	G2532	και	CONJ	LXX_WH
Dán 3:21	G1742	ενδυμασιν	N-DPN	LXX_WH
Dán 3:21	G0846	αυτων	D-GPM	LXX_WH
Dán 3:21	G2532	και	CONJ	LXX_WH
Dán 3:21	G0906	εβληθησαν	V-API-3P	LXX_WH
Dán 3:21	G1519	εις	PREP	LXX_WH
Dán 3:21	G3319	μεσον	A-ASM	LXX_WH
Dán 3:21	G3588	της	T-GSF	LXX_WH
Dán 3:21	G2575	καμινου	N-GSF	LXX_WH
Dán 3:21	G3588	του	T-GSN	LXX_WH
Dán 3:21	G4442	πυρος	N-GSN	LXX_WH
Dán 3:21	G3588	της	T-GSF	LXX_WH
Dán 3:21	G2545	καιομενης	V-PMPGS	LXX_WH
Dán 3:22	G1893	επει	CONJ	LXX_WH
Dán 3:22	G3588	το	T-NSN	LXX_WH
Dán 3:22	G4487	ρημα	N-NSN	LXX_WH
Dán 3:22	G3588	του	T-GSM	LXX_WH
Dán 3:22	G0935	βασιλεως	N-GSM	LXX_WH
Dán 3:22	G5244	υπερισχυεν	V-IAI-3S	ABP-potolt
Dán 3:22	G2532	και	CONJ	LXX_WH
Dán 3:22	G3588	η	T-NSF	LXX_WH
Dán 3:22	G2575	καμινος	N-NSF	LXX_WH
Dán 3:22	G1572	εξεκαυθη	V-API-3S	LXX_WH
Dán 3:22	G1537	εκ	PREP	LXX_WH
Dán 3:22	G4053	περισσου	A-GSM	LXX_WH
Dán 3:23	G2532	και	CONJ	LXX_WH
Dán 3:23	G3588	οι	T-NPM	LXX_WH
Dán 3:23	G5140	τρεις	A-NPM	LXX_WH
Dán 3:23	G3778	ουτοι	D-NPM	LXX_WH
Dán 3:23		σεδραχ	N-PRI	ELTERO_SZOVEGALAP
Dán 3:23		μισαχ	N-PRI	ELTERO_SZOVEGALAP
Dán 3:23	G2532	και	CONJ	LXX_WH
Dán 3:23		αβδεναγω	N-PRI	ELTERO_SZOVEGALAP
Dán 3:23	G4098	επεσον	V-AAI-3P	LXX_WH
Dán 3:23	G1519	εις	PREP	LXX_WH
Dán 3:23	G3319	μεσον	A-ASM	LXX_WH
Dán 3:23	G3588	της	T-GSF	LXX_WH
Dán 3:23	G2575	καμινου	N-GSF	LXX_WH
Dán 3:23	G3588	του	T-GSN	LXX_WH
Dán 3:23	G4442	πυρος	N-GSN	LXX_WH
Dán 3:23	G3588	της	T-GSF	LXX_WH
Dán 3:23	G2545	καιομενης	V-PMPGS	LXX_WH
Dán 3:23		πεπεδημενοι	V-RMPNP	ELTERO_SZOVEGALAP
Dán 3:24	G2532	και	CONJ	LXX_WH
Dán 3:24		ναβουχοδονοσορ	N-PRI	ELTERO_SZOVEGALAP
Dán 3:24	G0191	ηκουσεν	V-AAI-3S	LXX_WH
Dán 3:24	G5214	υμνουντων	V-PAPGP	LXX_WH
Dán 3:24	G0846	αυτων	D-GPM	LXX_WH
Dán 3:24	G2532	και	CONJ	LXX_WH
Dán 3:24	G2296	εθαυμασεν	V-AAI-3S	LXX_WH
Dán 3:24	G2532	και	CONJ	LXX_WH
Dán 3:24	G1817	εξανεστη	V-AAI-3S	ABP-potolt
Dán 3:24	G1722	εν	PREP	LXX_WH
Dán 3:24	G4710	σπουδη	N-DSF	LXX_WH
Dán 3:24	G2532	και	CONJ	LXX_WH
Dán 3:24	G2036	ειπεν	V-AAI-3S	ABP-potolt
Dán 3:24	G3588	τοις	T-DPM	LXX_WH
Dán 3:24		μεγιστασιν	N-DPM	ELTERO_SZOVEGALAP
Dán 3:24	G0846	αυτου	D-GSM	LXX_WH
Dán 3:24	G3364	ουχι	ADV	LXX_WH
Dán 3:24	G0435	ανδρας	N-APM	LXX_WH
Dán 3:24	G5140	τρεις	A-APM	LXX_WH
Dán 3:24	G0906	εβαλομεν	V-AAI-1P	LXX_WH
Dán 3:24	G1519	εις	PREP	LXX_WH
Dán 3:24	G3319	μεσον	A-ASM	LXX_WH
Dán 3:24	G3588	του	T-GSN	LXX_WH
Dán 3:24	G4442	πυρος	N-GSN	LXX_WH
Dán 3:24	G3975	πεπεδημενους	V-RMPAP	ABP-potolt
Dán 3:24	G2532	και	CONJ	LXX_WH
Dán 3:24	G2036	ειπαν	V-AAI-3P	ABP-potolt
Dán 3:24	G3588	τω	T-DSM	LXX_WH
Dán 3:24	G0935	βασιλει	N-DSM	LXX_WH
Dán 3:24	G0230	αληθως	ADV	LXX_WH
Dán 3:24	G0935	βασιλευ	N-VSM	LXX_WH
Dán 3:25	G2532	και	CONJ	LXX_WH
Dán 3:25	G2036	ειπεν	V-AAI-3S	ABP-potolt
Dán 3:25	G3588	ο	T-NSM	LXX_WH
Dán 3:25	G0935	βασιλευς	N-NSM	LXX_WH
Dán 3:25	G2400	ιδου	INJ	LXX_WH
Dán 3:25	G1473	εγω	P-NS	LXX_WH
Dán 3:25	G3708	ορω	V-PAI-1S	LXX_WH
Dán 3:25	G0435	ανδρας	N-APM	LXX_WH
Dán 3:25	G5064	τεσσαρας	A-APM	LXX_WH
Dán 3:25	G3089	λελυμενους	V-RMPAP	LXX_WH
Dán 3:25	G2532	και	CONJ	LXX_WH
Dán 3:25	G4043	περιπατουντας	V-PAPAP	LXX_WH
Dán 3:25	G1722	εν	PREP	LXX_WH
Dán 3:25	G3319	μεσω	A-DSM	LXX_WH
Dán 3:25	G3588	του	T-GSN	LXX_WH
Dán 3:25	G4442	πυρος	N-GSN	LXX_WH
Dán 3:25	G2532	και	CONJ	LXX_WH
Dán 3:25	G1312	διαφθορα	N-NSF	LXX_WH
Dán 3:25	G3364	ουκ	ADV	LXX_WH
Dán 3:25	G1510	εστιν	V-PAI-3S	LXX_WH
Dán 3:25	G1722	εν	PREP	LXX_WH
Dán 3:25	G0846	αυτοις	D-DPM	LXX_WH
Dán 3:25	G2532	και	CONJ	LXX_WH
Dán 3:25	G3588	η	T-NSF	LXX_WH
Dán 3:25	G3706	ορασις	N-NSF	LXX_WH
Dán 3:25	G3588	του	T-GSM	LXX_WH
Dán 3:25	G5067	τεταρτου	A-GSM	LXX_WH
Dán 3:25	G3664	ομοια	A-NSF	LXX_WH
Dán 3:25	G5207	υιω	N-DSM	LXX_WH
Dán 3:25	G2316	θεου	N-GSM	LXX_WH
Dán 3:26	G5119	τοτε	ADV	LXX_WH
Dán 3:26	G4334	προσηλθεν	V-AAI-3S	LXX_WH
Dán 3:26	G4334	ναβουχοδονοσορ	N-PRI	ABP-potolt
Dán 3:26	G4314	προς	PREP	LXX_WH
Dán 3:26	G3588	την	T-ASF	LXX_WH
Dán 3:26	G2374	θυραν	N-ASF	LXX_WH
Dán 3:26	G3588	της	T-GSF	LXX_WH
Dán 3:26	G2575	καμινου	N-GSF	LXX_WH
Dán 3:26	G3588	του	T-GSN	LXX_WH
Dán 3:26	G4442	πυρος	N-GSN	LXX_WH
Dán 3:26	G3588	της	T-GSF	LXX_WH
Dán 3:26	G2545	καιομενης	V-PMPGS	LXX_WH
Dán 3:26	G2532	και	CONJ	LXX_WH
Dán 3:26		ειπεν	V-AAI-3S	
Dán 3:26		σεδραχ	N-PRI	
Dán 3:26		μισαχ	N-PRI	
Dán 3:26		αβδεναγω	N-PRI	
Dán 3:26	G3588	οι	T-VPM	LXX_WH
Dán 3:26	G1401	δουλοι	N-VPM	LXX_WH
Dán 3:26	G3588	του	T-GSM	LXX_WH
Dán 3:26	G2316	θεου	N-GSM	LXX_WH
Dán 3:26	G3588	του	T-GSM	LXX_WH
Dán 3:26	G5310	υψιστου	A-GSM	LXX_WH
Dán 3:26	G1831	εξελθετε	V-AAD-2P	LXX_WH
Dán 3:26	G2532	και	CONJ	LXX_WH
Dán 3:26	G1205	δευτε	ADV	LXX_WH
Dán 3:26	G2532	και	CONJ	LXX_WH
Dán 3:26	G1831	εξηλθον	V-AAI-3P	LXX_WH
Dán 3:26		σεδραχ	N-PRI	
Dán 3:26		μισαχ	N-PRI	
Dán 3:26		αβδεναγω	N-PRI	
Dán 3:26	G1537	εκ	PREP	LXX_WH
Dán 3:26	G3319	μεσου	A-GSM	LXX_WH
Dán 3:26	G3588	του	T-GSN	LXX_WH
Dán 3:26	G4442	πυρος	N-GSN	LXX_WH
Dán 3:27	G2532	και	CONJ	LXX_WH
Dán 3:27	G4863	συναγονται	V-PMI-3P	LXX_WH
Dán 3:27	G3588	οι	T-NPM	LXX_WH
Dán 3:27		σατραπαι	N-NPM	
Dán 3:27	G2532	και	CONJ	LXX_WH
Dán 3:27	G3588	οι	T-NPM	LXX_WH
Dán 3:27	G4755	στρατηγοι	N-NPM	LXX_WH
Dán 3:27	G2532	και	CONJ	LXX_WH
Dán 3:27	G3588	οι	T-NPM	LXX_WH
Dán 3:27		τοπαρχαι	N-NPM	
Dán 3:27	G2532	και	CONJ	LXX_WH
Dán 3:27	G3588	οι	T-NPM	LXX_WH
Dán 3:27	G1413	δυνασται	N-NPM	LXX_WH
Dán 3:27	G3588	του	T-GSM	LXX_WH
Dán 3:27	G0935	βασιλεως	N-GSM	LXX_WH
Dán 3:27	G2532	και	CONJ	LXX_WH
Dán 3:27	G2334	εθεωρουν	V-IAI-3P	LXX_WH
Dán 3:27	G3588	τους	T-APM	LXX_WH
Dán 3:27	G0435	ανδρας	N-APM	LXX_WH
Dán 3:27	G3754	οτι	CONJ	LXX_WH
Dán 3:27	G3364	ουκ	ADV	LXX_WH
Dán 3:27	G2961	εκυριευσεν	V-AAI-3S	LXX_WH
Dán 3:27	G3588	το	T-NSN	LXX_WH
Dán 3:27	G4442	πυρ	N-NSN	LXX_WH
Dán 3:27	G3588	του	T-GSN	LXX_WH
Dán 3:27	G4983	σωματος	N-GSN	LXX_WH
Dán 3:27	G0846	αυτων	D-GPM	LXX_WH
Dán 3:27	G2532	και	CONJ	LXX_WH
Dán 3:27	G3588	η	T-NSF	LXX_WH
Dán 3:27	G2359	θριξ	N-NSF	LXX_WH
Dán 3:27	G3588	της	T-GSF	LXX_WH
Dán 3:27	G2776	κεφαλης	N-GSF	LXX_WH
Dán 3:27	G0846	αυτων	D-GPM	LXX_WH
Dán 3:27	G3364	ουκ	ADV	LXX_WH
Dán 3:27	G5394	εφλογισθη	V-API-3S	LXX_WH
Dán 3:27	G2532	και	CONJ	LXX_WH
Dán 3:27	G3588	τα	T-NPN	LXX_WH
Dán 3:27		σαραβαρα	N-NPN	ELTERO_SZOVEGALAP
Dán 3:27	G0846	αυτων	D-GPM	LXX_WH
Dán 3:27	G3364	ουκ	ADV	LXX_WH
Dán 3:27		ηλλοιωθη	V-API-3S	ELTERO_SZOVEGALAP
Dán 3:27	G2532	και	CONJ	LXX_WH
Dán 3:27	G3744	οσμη	N-NSF	LXX_WH
Dán 3:27	G4442	πυρος	N-GSN	LXX_WH
Dán 3:27	G3364	ουκ	ADV	LXX_WH
Dán 3:27	G1510	ην	V-IAI-3S	LXX_WH
Dán 3:27	G1722	εν	PREP	LXX_WH
Dán 3:27	G0846	αυτοις	D-DPM	LXX_WH
Dán 3:28	G2532	και	CONJ	LXX_WH
Dán 3:28		απεκριθη	V-API-3S	ELTERO_SZOVEGALAP
Dán 3:28		ναβουχοδονοσορ	N-PRI	ELTERO_SZOVEGALAP
Dán 3:28	G2532	και	CONJ	LXX_WH
Dán 3:28	G2036	ειπεν	V-AAI-3S	ABP-potolt
Dán 3:28	G2128	ευλογητος	A-NSM	LXX_WH
Dán 3:28	G3588	ο	T-NSM	LXX_WH
Dán 3:28	G2316	θεος	N-NSM	LXX_WH
Dán 3:28	G3588	του	T-GSM	LXX_WH
Dán 3:28	G2532	σεδραχ	N-PRI	ABP-potolt
Dán 3:28	G2532	μισαχ	N-PRI	ABP-potolt
Dán 3:28	G2532	αβδεναγω	N-PRI	ABP-potolt
Dán 3:28	G3739	ος	R-NSM	LXX_WH
Dán 3:28	G0649	απεστειλεν	V-AAI-3S	LXX_WH
Dán 3:28	G3588	τον	T-ASM	LXX_WH
Dán 3:28	G0032	αγγελον	N-ASM	LXX_WH
Dán 3:28	G0846	αυτου	D-GSM	LXX_WH
Dán 3:28	G2532	και	CONJ	LXX_WH
Dán 3:28	G1807	εξειλατο	V-AMI-3S	LXX_WH
Dán 3:28	G3588	τους	T-APM	LXX_WH
Dán 3:28	G3816	παιδας	N-APM	LXX_WH
Dán 3:28	G0846	αυτου	D-GSM	LXX_WH
Dán 3:28	G3754	οτι	CONJ	LXX_WH
Dán 3:28	G3982	επεποιθεισαν	V-YAI-3P	LXX_WH
Dán 3:28	G1909	επ	PREP	LXX_WH
Dán 3:28	G0846	αυτω	D-DSM	LXX_WH
Dán 3:28	G2532	και	CONJ	LXX_WH
Dán 3:28	G3588	το	T-ASN	LXX_WH
Dán 3:28	G4487	ρημα	N-ASN	LXX_WH
Dán 3:28	G3588	του	T-GSM	LXX_WH
Dán 3:28	G0935	βασιλεως	N-GSM	LXX_WH
Dán 3:28	G0241	ηλλοιωσαν	V-AAI-3P	ABP-potolt
Dán 3:28	G2532	και	CONJ	LXX_WH
Dán 3:28	G3860	παρεδωκαν	V-AAI-3P	LXX_WH
Dán 3:28	G3588	τα	T-APN	LXX_WH
Dán 3:28	G4983	σωματα	N-APN	LXX_WH
Dán 3:28	G0846	αυτων	D-GPM	LXX_WH
Dán 3:28	G1519	εις	PREP	LXX_WH
Dán 3:28	G4442	πυρ	N-ASN	LXX_WH
Dán 3:28	G3704	οπως	CONJ	LXX_WH
Dán 3:28	G3165	μη	ADV	LXX_WH
Dán 3:28	G3000	λατρευσωσιν	V-AAS-3P	LXX_WH
Dán 3:28	G3366	μηδε	CONJ	LXX_WH
Dán 3:28	G4352	προσκυνησωσιν	V-AAS-3P	LXX_WH
Dán 3:28	G3956	παντι	A-DSM	LXX_WH
Dán 3:28	G2316	θεω	N-DSM	LXX_WH
Dán 3:28	G0235	αλλ	CONJ	LXX_WH
Dán 3:28	G2228	η	CONJ	LXX_WH
Dán 3:28	G3588	τω	T-DSM	LXX_WH
Dán 3:28	G2316	θεω	N-DSM	LXX_WH
Dán 3:28	G0846	αυτων	D-GPM	LXX_WH
Dán 3:29	G2532	και	CONJ	LXX_WH
Dán 3:29	G1473	εγω	P-NS	LXX_WH
Dán 3:29	G1620	εκτιθεμαι	V-PMI-1S	LXX_WH
Dán 3:29	G1378	δογμα	N-ASN	LXX_WH
Dán 3:29	G3956	πας	A-NSM	LXX_WH
Dán 3:29	G2992	λαος	N-NSM	LXX_WH
Dán 3:29	G5443	φυλη	N-NSF	LXX_WH
Dán 3:29	G1100	γλωσσα	N-NSF	LXX_WH
Dán 3:29	G3739	η	R-NSF	LXX_WH
Dán 3:29	G0302	αν	PRT	LXX_WH
Dán 3:29	G2036	ειπη	V-AAS-3S	ABP-potolt
Dán 3:29	G0988	βλασφημιαν	N-ASF	LXX_WH
Dán 3:29	G2596	κατα	PREP	LXX_WH
Dán 3:29	G3588	του	T-GSM	LXX_WH
Dán 3:29	G2316	θεου	N-GSM	LXX_WH
Dán 3:29		σεδραχ	N-PRI	ELTERO_SZOVEGALAP
Dán 3:29		μισαχ	N-PRI	ELTERO_SZOVEGALAP
Dán 3:29		αβδεναγω	N-PRI	ELTERO_SZOVEGALAP
Dán 3:29	G1519	εις	PREP	LXX_WH
Dán 3:29	G0684	απωλειαν	N-ASF	LXX_WH
Dán 3:29	G1510	εσονται	V-FMI-3P	LXX_WH
Dán 3:29	G2532	και	CONJ	LXX_WH
Dán 3:29	G3588	οι	T-NPM	LXX_WH
Dán 3:29	G3624	οικοι	N-NPM	LXX_WH
Dán 3:29	G0846	αυτων	D-GPM	LXX_WH
Dán 3:29	G1519	εις	PREP	LXX_WH
Dán 3:29	G1282	διαρπαγην	N-ASF	ABP-potolt
Dán 3:29	G2530	καθοτι	ADV	LXX_WH
Dán 3:29	G3364	ουκ	ADV	LXX_WH
Dán 3:29	G1510	εστιν	V-PAI-3S	LXX_WH
Dán 3:29	G2316	θεος	N-NSM	LXX_WH
Dán 3:29	G2087	ετερος	A-NSM	LXX_WH
Dán 3:29	G3748	οστις	RI-NSM	LXX_WH
Dán 3:29	G1410	δυνησεται	V-FMI-3S	LXX_WH
Dán 3:29		ρυσασθαι	V-AMN	ELTERO_SZOVEGALAP
Dán 3:29	G3778	ουτως	ADV	LXX_WH
Dán 3:30	G5119	τοτε	ADV	LXX_WH
Dán 3:30	G3588	ο	T-NSM	LXX_WH
Dán 3:30	G0935	βασιλευς	N-NSM	LXX_WH
Dán 3:30	G2720	κατευθυνεν	V-IAI-3S	LXX_WH
Dán 3:30	G3588	τον	T-ASM	LXX_WH
Dán 3:30		σεδραχ	N-PRI	ELTERO_SZOVEGALAP
Dán 3:30		μισαχ	N-PRI	ELTERO_SZOVEGALAP
Dán 3:30		αβδεναγω	N-PRI	ELTERO_SZOVEGALAP
Dán 3:30	G1722	εν	PREP	LXX_WH
Dán 3:30	G3588	τη	T-DSF	LXX_WH
Dán 3:30	G5561	χωρα	N-DSF	LXX_WH
Dán 3:30	G0897	βαβυλωνος	N-GSF	LXX_WH
Dán 3:30	G2532	και	CONJ	LXX_WH
Dán 3:30	G0515	ηξιωσεν	V-AAI-3S	LXX_WH
Dán 3:30	G0846	αυτους	D-APM	LXX_WH
Dán 3:30	G2233	ηγεισθαι	V-PMN	LXX_WH
Dán 3:30	G3956	παντων	A-GPM	LXX_WH
Dán 3:30	G3588	των	T-GPM	LXX_WH
Dán 3:30	G2453	ιουδαιων	N-GPM	LXX_WH
Dán 3:30	G3588	των	T-GPM	LXX_WH
Dán 3:30	G1510	οντων	V-PAPGP	LXX_WH
Dán 3:30	G1722	εν	PREP	LXX_WH
Dán 3:30	G3588	τη	T-DSF	LXX_WH
Dán 3:30	G0932	βασιλεια	N-DSF	LXX_WH
Dán 3:30	G0846	αυτου	D-GSM	LXX_WH
Dán 4:1		ναβουχοδονοσορ	N-PRI	ELTERO_SZOVEGALAP
Dán 4:1	G3588	ο	T-NSM	LXX_WH
Dán 4:1	G0935	βασιλευς	N-NSM	LXX_WH
Dán 4:1	G3956	πασι	A-DPM	LXX_WH
Dán 4:1	G3588	τοις	T-DPM	LXX_WH
Dán 4:1	G2992	λαοις	N-DPM	LXX_WH
Dán 4:1	G5443	φυλαις	N-DPF	LXX_WH
Dán 4:1	G2532	και	CONJ	LXX_WH
Dán 4:1	G1100	γλωσσαις	N-DPF	LXX_WH
Dán 4:1	G3588	τοις	T-DPM	LXX_WH
Dán 4:1	G3611	οικουσιν	V-PAPDP	LXX_WH
Dán 4:1	G1722	εν	PREP	LXX_WH
Dán 4:1	G3956	παση	A-DSF	LXX_WH
Dán 4:1	G3588	τη	T-DSF	LXX_WH
Dán 4:1	G1065	γη	N-DSF	LXX_WH
Dán 4:1	G1515	ειρηνη	N-NSF	LXX_WH
Dán 4:1	G4771	υμιν	P-DP	LXX_WH
Dán 4:1	G4129	πληθυνθειη	V-APO-3S	LXX_WH
Dán 4:2	G3588	τα	T-APN	LXX_WH
Dán 4:2	G4592	σημεια	N-APN	LXX_WH
Dán 4:2	G2532	και	CONJ	LXX_WH
Dán 4:2	G3588	τα	T-APN	LXX_WH
Dán 4:2	G5059	τερατα	N-APN	LXX_WH
Dán 4:2	G3739	α	R-APN	LXX_WH
Dán 4:2	G4160	εποιησεν	V-AAI-3S	LXX_WH
Dán 4:2	G3326	μετ	PREP	LXX_WH
Dán 4:2	G1473	εμου	P-GS	LXX_WH
Dán 4:2	G3588	ο	T-NSM	LXX_WH
Dán 4:2	G2316	θεος	N-NSM	LXX_WH
Dán 4:2	G3588	ο	T-NSM	LXX_WH
Dán 4:2	G5310	υψιστος	A-NSM	LXX_WH
Dán 4:2	G0700	ηρεσεν	V-AAI-3S	LXX_WH
Dán 4:2	G1726	εναντιον	PREP	LXX_WH
Dán 4:2	G1473	εμου	P-GS	LXX_WH
Dán 4:2	G0312	αναγγειλαι	V-AAN	LXX_WH
Dán 4:2	G4771	υμιν	P-DP	LXX_WH
Dán 4:3	G3739	ως	CONJ	LXX_WH
Dán 4:3	G3173	μεγαλα	A-APN	LXX_WH
Dán 4:3	G2532	και	CONJ	LXX_WH
Dán 4:3	G2478	ισχυρα	A-APN	LXX_WH
Dán 4:3	G3588	η	T-NSF	LXX_WH
Dán 4:3	G0932	βασιλεια	N-NSF	LXX_WH
Dán 4:3	G0846	αυτου	D-GSM	LXX_WH
Dán 4:3	G0932	βασιλεια	N-NSF	LXX_WH
Dán 4:3	G0166	αιωνιος	A-NSF	LXX_WH
Dán 4:3	G2532	και	CONJ	LXX_WH
Dán 4:3	G3588	η	T-NSF	LXX_WH
Dán 4:3	G1849	εξουσια	N-NSF	LXX_WH
Dán 4:3	G0846	αυτου	D-GSM	LXX_WH
Dán 4:3	G1519	εις	PREP	LXX_WH
Dán 4:3	G1074	γενεαν	N-ASF	LXX_WH
Dán 4:3	G2532	και	CONJ	LXX_WH
Dán 4:3	G1074	γενεαν	N-ASF	LXX_WH
Dán 4:4	G1473	εγω	P-NS	LXX_WH
Dán 4:4		ναβουχοδονοσορ	N-PRI	ELTERO_SZOVEGALAP
Dán 4:4		ευθηνων	V-PAPNS	ELTERO_SZOVEGALAP
Dán 4:4	G1510	ημην	V-IMI-1S	LXX_WH
Dán 4:4	G1722	εν	PREP	LXX_WH
Dán 4:4	G3588	τω	T-DSM	LXX_WH
Dán 4:4	G3624	οικω	N-DSM	LXX_WH
Dán 4:4	G1473	μου	P-GS	LXX_WH
Dán 4:4	G2532	και	CONJ	LXX_WH
Dán 4:4		ευθαλων	V-PAPNS	ELTERO_SZOVEGALAP
Dán 4:5	G1798	ενυπνιον	N-ASN	LXX_WH
Dán 4:5	G3708	ειδον	V-AAI-1S	LXX_WH
Dán 4:5	G2532	και	CONJ	LXX_WH
Dán 4:5		εφοβερισεν	V-AAI-3S	ELTERO_SZOVEGALAP
Dán 4:5	G1473	με	P-AS	LXX_WH
Dán 4:5	G2532	και	CONJ	LXX_WH
Dán 4:5	G5015	εταραχθην	V-API-1S	LXX_WH
Dán 4:5	G1909	επι	PREP	LXX_WH
Dán 4:5	G3588	της	T-GSF	LXX_WH
Dán 4:5	G2845	κοιτης	N-GSF	LXX_WH
Dán 4:5	G1473	μου	P-GS	LXX_WH
Dán 4:5	G2532	και	CONJ	LXX_WH
Dán 4:5	G3588	αι	T-NPF	LXX_WH
Dán 4:5	G3706	ορασεις	N-NPF	LXX_WH
Dán 4:5	G3588	της	T-GSF	LXX_WH
Dán 4:5	G2776	κεφαλης	N-GSF	LXX_WH
Dán 4:5	G1473	μου	P-GS	LXX_WH
Dán 4:5		συνεταραξαν	V-AAI-3P	ELTERO_SZOVEGALAP
Dán 4:5	G1473	με	P-AS	LXX_WH
Dán 4:6	G2532	και	CONJ	LXX_WH
Dán 4:6	G1223	δι	PREP	LXX_WH
Dán 4:6	G1473	εμου	P-GS	LXX_WH
Dán 4:6	G5087	ετεθη	V-API-3S	LXX_WH
Dán 4:6	G1378	δογμα	N-ASN	LXX_WH
Dán 4:6	G3588	του	T-GSN	LXX_WH
Dán 4:6	G1521	εισαγαγειν	V-AAN	LXX_WH
Dán 4:6	G1799	ενωπιον	PREP	LXX_WH
Dán 4:6	G1473	μου	P-GS	LXX_WH
Dán 4:6	G3956	παντας	A-APM	LXX_WH
Dán 4:6	G3588	τους	T-APM	LXX_WH
Dán 4:6	G4680	σοφους	A-APM	LXX_WH
Dán 4:6	G0897	βαβυλωνος	N-GSF	LXX_WH
Dán 4:6	G3704	οπως	CONJ	LXX_WH
Dán 4:6	G3588	την	T-ASF	LXX_WH
Dán 4:6	G4793	συγκρισιν	N-ASF	ABP-potolt
Dán 4:6	G3588	του	T-GSN	LXX_WH
Dán 4:6	G1798	ενυπνιου	N-GSN	LXX_WH
Dán 4:6	G1107	γνωρισωσιν	V-AAS-3P	LXX_WH
Dán 4:6	G1473	μοι	P-DS	LXX_WH
Dán 4:7	G2532	και	CONJ	LXX_WH
Dán 4:7	G1531	εισεπορευοντο	V-IMI-3P	LXX_WH
Dán 4:7	G3588	οι	T-NPM	LXX_WH
Dán 4:7	G1883	επαοιδοι	N-NPM	ABP-potolt
Dán 4:7	G3097	μαγοι	N-NPM	LXX_WH
Dán 4:7		γαζαρηνοι	N-NPM	ELTERO_SZOVEGALAP
Dán 4:7	G5466	χαλδαιοι	N-NPM	LXX_WH
Dán 4:7	G2532	και	CONJ	LXX_WH
Dán 4:7	G3588	το	T-ASN	LXX_WH
Dán 4:7	G1798	ενυπνιον	N-ASN	LXX_WH
Dán 4:7		ειπα	V-AAI-1S	ELTERO_SZOVEGALAP
Dán 4:7	G1473	εγω	P-NS	LXX_WH
Dán 4:7	G1799	ενωπιον	PREP	LXX_WH
Dán 4:7	G0846	αυτων	D-GPM	LXX_WH
Dán 4:7	G2532	και	CONJ	LXX_WH
Dán 4:7	G3588	την	T-ASF	LXX_WH
Dán 4:7		συγκρισιν	N-ASF	ELTERO_SZOVEGALAP
Dán 4:7	G0846	αυτου	D-GSM	LXX_WH
Dán 4:7	G3364	ουκ	ADV	LXX_WH
Dán 4:7	G1107	εγνωρισαν	V-AAI-3P	LXX_WH
Dán 4:7	G1473	μοι	P-DS	LXX_WH
Dán 4:8	G2193	εως	PREP	LXX_WH
Dán 4:8	G3739	ου	R-GSM	LXX_WH
Dán 4:8	G2064	ηλθεν	V-AAI-3S	LXX_WH
Dán 4:8	G1158	δανιηλ	N-PRI	LXX_WH
Dán 4:8	G3739	ου	R-GSM	LXX_WH
Dán 4:8	G3588	το	T-NSN	LXX_WH
Dán 4:8	G3686	ονομα	N-NSN	LXX_WH
Dán 4:8		βαλτασαρ	N-PRI	ELTERO_SZOVEGALAP
Dán 4:8	G2596	κατα	PREP	LXX_WH
Dán 4:8	G3588	το	T-ASN	LXX_WH
Dán 4:8	G3686	ονομα	N-ASN	LXX_WH
Dán 4:8	G3588	του	T-GSM	LXX_WH
Dán 4:8	G2316	θεου	N-GSM	LXX_WH
Dán 4:8	G1473	μου	P-GS	LXX_WH
Dán 4:8	G3739	ος	R-NSM	LXX_WH
Dán 4:8	G4151	πνευμα	N-ASN	LXX_WH
Dán 4:8	G2316	θεου	N-GSM	LXX_WH
Dán 4:8	G0040	αγιον	A-ASN	LXX_WH
Dán 4:8	G1722	εν	PREP	LXX_WH
Dán 4:8	G1438	εαυτω	D-DSM	LXX_WH
Dán 4:8	G2192	εχει	V-PAI-3S	LXX_WH
Dán 4:8	G2532	και	CONJ	LXX_WH
Dán 4:8	G3588	το	T-ASN	LXX_WH
Dán 4:8	G1798	ενυπνιον	N-ASN	LXX_WH
Dán 4:8	G1799	ενωπιον	PREP	LXX_WH
Dán 4:8	G0846	αυτου	D-GSM	LXX_WH
Dán 4:8		ειπα	V-AAI-1S	ELTERO_SZOVEGALAP
Dán 4:9		βαλτασαρ	N-PRI	ELTERO_SZOVEGALAP
Dán 4:9	G3588	ο	T-NSM	LXX_WH
Dán 4:9	G0758	αρχων	N-NSM	LXX_WH
Dán 4:9	G3588	των	T-GPM	LXX_WH
Dán 4:9		επαοιδων	N-GPM	
Dán 4:9	G3739	ον	R-ASM	LXX_WH
Dán 4:9	G1473	εγω	P-NS	LXX_WH
Dán 4:9	G1097	εγνων	V-AAI-1S	LXX_WH
Dán 4:9	G3754	οτι	CONJ	LXX_WH
Dán 4:9	G4151	πνευμα	N-NSN	LXX_WH
Dán 4:9	G2316	θεου	N-GSM	LXX_WH
Dán 4:9	G0040	αγιον	A-NSN	LXX_WH
Dán 4:9	G1722	εν	PREP	LXX_WH
Dán 4:9	G4771	σοι	P-DS	LXX_WH
Dán 4:9	G2532	και	CONJ	LXX_WH
Dán 4:9	G3956	παν	A-NSN	LXX_WH
Dán 4:9	G3466	μυστηριον	N-NSN	LXX_WH
Dán 4:9	G3364	ουκ	ADV	LXX_WH
Dán 4:9	G0101	αδυνατει	V-PAI-3S	LXX_WH
Dán 4:9	G4771	σε	P-AS	LXX_WH
Dán 4:9	G0191	ακουσον	V-AAD-2S	LXX_WH
Dán 4:9	G3588	την	T-ASF	LXX_WH
Dán 4:9	G3706	ορασιν	N-ASF	LXX_WH
Dán 4:9	G3588	του	T-GSN	LXX_WH
Dán 4:9	G1798	ενυπνιου	N-GSN	LXX_WH
Dán 4:9	G3739	ου	R-GSN	LXX_WH
Dán 4:9	G3708	ειδον	V-AAI-1S	LXX_WH
Dán 4:9	G2532	και	CONJ	LXX_WH
Dán 4:9	G3588	την	T-ASF	LXX_WH
Dán 4:9		συγκρισιν	N-ASF	ELTERO_SZOVEGALAP
Dán 4:9	G0846	αυτου	D-GSM	LXX_WH
Dán 4:9		ειπον	V-AAD-2S	ELTERO_SZOVEGALAP
Dán 4:9	G1473	μοι	P-DS	LXX_WH
Dán 4:10	G1909	επι	PREP	LXX_WH
Dán 4:10	G3588	της	T-GSF	LXX_WH
Dán 4:10	G2845	κοιτης	N-GSF	LXX_WH
Dán 4:10	G1473	μου	P-GS	LXX_WH
Dán 4:10	G2334	εθεωρουν	V-IAI-1S	LXX_WH
Dán 4:10	G2532	και	CONJ	LXX_WH
Dán 4:10	G2400	ιδου	INJ	LXX_WH
Dán 4:10	G1186	δενδρον	N-NSN	LXX_WH
Dán 4:10	G1722	εν	PREP	LXX_WH
Dán 4:10	G3319	μεσω	A-DSM	LXX_WH
Dán 4:10	G3588	της	T-GSF	LXX_WH
Dán 4:10	G1065	γης	N-GSF	LXX_WH
Dán 4:10	G2532	και	CONJ	LXX_WH
Dán 4:10	G3588	το	T-NSN	LXX_WH
Dán 4:10	G5311	υψος	N-NSN	LXX_WH
Dán 4:10	G0846	αυτου	D-GSN	LXX_WH
Dán 4:10	G4183	πολυ	A-NSN	LXX_WH
Dán 4:11	G3170	εμεγαλυνθη	V-API-3S	LXX_WH
Dán 4:11	G3588	το	T-NSN	LXX_WH
Dán 4:11	G1186	δενδρον	N-NSN	LXX_WH
Dán 4:11	G2532	και	CONJ	LXX_WH
Dán 4:11	G2480	ισχυσεν	V-AAI-3S	LXX_WH
Dán 4:11	G2532	και	CONJ	LXX_WH
Dán 4:11	G3588	το	T-NSN	LXX_WH
Dán 4:11	G5311	υψος	N-NSN	LXX_WH
Dán 4:11	G0846	αυτου	D-GSN	LXX_WH
Dán 4:11	G5348	εφθασεν	V-AAI-3S	LXX_WH
Dán 4:11	G2193	εως	PREP	LXX_WH
Dán 4:11	G3588	του	T-GSM	LXX_WH
Dán 4:11	G3772	ουρανου	N-GSM	LXX_WH
Dán 4:11	G2532	και	CONJ	LXX_WH
Dán 4:11	G3588	το	T-NSN	LXX_WH
Dán 4:11		κυτος	N-NSN	ELTERO_SZOVEGALAP
Dán 4:11	G0846	αυτου	D-GSN	LXX_WH
Dán 4:11	G1519	εις	PREP	LXX_WH
Dán 4:11	G3588	τα	T-APN	LXX_WH
Dán 4:11	G4009	περατα	N-APN	LXX_WH
Dán 4:11	G3956	πασης	A-GSF	LXX_WH
Dán 4:11	G3588	της	T-GSF	LXX_WH
Dán 4:11	G1065	γης	N-GSF	LXX_WH
Dán 4:12	G3588	τα	T-NPN	LXX_WH
Dán 4:12	G5444	φυλλα	N-NPN	LXX_WH
Dán 4:12	G0846	αυτου	D-GSN	LXX_WH
Dán 4:12	G5611	ωραια	A-NPN	LXX_WH
Dán 4:12	G2532	και	CONJ	LXX_WH
Dán 4:12	G3588	ο	T-NSM	LXX_WH
Dán 4:12	G2590	καρπος	N-NSM	LXX_WH
Dán 4:12	G0846	αυτου	D-GSN	LXX_WH
Dán 4:12	G4183	πολυς	A-NSM	LXX_WH
Dán 4:12	G2532	και	CONJ	LXX_WH
Dán 4:12	G5160	τροφη	N-NSF	LXX_WH
Dán 4:12	G3956	παντων	A-GPM	LXX_WH
Dán 4:12	G1722	εν	PREP	LXX_WH
Dán 4:12	G0846	αυτω	D-DSN	LXX_WH
Dán 4:12	G2532	και	CONJ	LXX_WH
Dán 4:12	G5270	υποκατω	PREP	LXX_WH
Dán 4:12	G0846	αυτου	D-GSN	LXX_WH
Dán 4:12	G2681	κατεσκηνουν	V-IAI-3P	LXX_WH
Dán 4:12	G3588	τα	T-NPN	LXX_WH
Dán 4:12	G2342	θηρια	N-NPN	LXX_WH
Dán 4:12	G3588	τα	T-NPN	LXX_WH
Dán 4:12	G0066	αγρια	A-NPN	LXX_WH
Dán 4:12	G2532	και	CONJ	LXX_WH
Dán 4:12	G1722	εν	PREP	LXX_WH
Dán 4:12	G3588	τοις	T-DPM	LXX_WH
Dán 4:12	G2798	κλαδοις	N-DPM	LXX_WH
Dán 4:12	G0846	αυτου	D-GSN	LXX_WH
Dán 4:12		κατωκουν	V-IAI-3P	ELTERO_SZOVEGALAP
Dán 4:12	G3588	τα	T-NPN	LXX_WH
Dán 4:12	G3732	ορνεα	N-NPN	LXX_WH
Dán 4:12	G3588	του	T-GSM	LXX_WH
Dán 4:12	G3772	ουρανου	N-GSM	LXX_WH
Dán 4:12	G2532	και	CONJ	LXX_WH
Dán 4:12	G1537	εξ	PREP	LXX_WH
Dán 4:12	G0846	αυτου	D-GSN	LXX_WH
Dán 4:12	G5142	ετρεφετο	V-IMI-3S	LXX_WH
Dán 4:12	G3956	πασα	A-NSF	LXX_WH
Dán 4:12	G4561	σαρξ	N-NSF	LXX_WH
Dán 4:13	G2334	εθεωρουν	V-IAI-1S	LXX_WH
Dán 4:13	G1722	εν	PREP	LXX_WH
Dán 4:13	G3705	οραματι	N-DSN	LXX_WH
Dán 4:13	G3588	της	T-GSF	LXX_WH
Dán 4:13	G3571	νυκτος	N-GSF	LXX_WH
Dán 4:13	G1909	επι	PREP	LXX_WH
Dán 4:13	G3588	της	T-GSF	LXX_WH
Dán 4:13	G2845	κοιτης	N-GSF	LXX_WH
Dán 4:13	G1473	μου	P-GS	LXX_WH
Dán 4:13	G2532	και	CONJ	LXX_WH
Dán 4:13	G2400	ιδου	INJ	LXX_WH
Dán 4:13	G1513	ιρ	N-PRI	ABP-potolt
Dán 4:13	G2532	και	CONJ	LXX_WH
Dán 4:13	G0040	αγιος	A-NSM	LXX_WH
Dán 4:13	G0575	απ	PREP	LXX_WH
Dán 4:13	G3772	ουρανου	N-GSM	LXX_WH
Dán 4:13	G2597	κατεβη	V-AAI-3S	LXX_WH
Dán 4:14	G2532	και	CONJ	LXX_WH
Dán 4:14	G5455	εφωνησεν	V-AAI-3S	LXX_WH
Dán 4:14	G1722	εν	PREP	LXX_WH
Dán 4:14	G2479	ισχυι	N-DSF	LXX_WH
Dán 4:14	G2532	και	CONJ	LXX_WH
Dán 4:14	G3778	ουτως	ADV	LXX_WH
Dán 4:14		ειπεν	V-AAI-3S	ELTERO_SZOVEGALAP
Dán 4:14	G1581	εκκοψατε	V-AAD-2P	LXX_WH
Dán 4:14	G3588	το	T-ASN	LXX_WH
Dán 4:14	G1186	δενδρον	N-ASN	LXX_WH
Dán 4:14	G2532	και	CONJ	LXX_WH
Dán 4:14		εκτιλατε	V-AAD-2P	
Dán 4:14	G3588	τους	T-APM	LXX_WH
Dán 4:14	G2798	κλαδους	N-APM	LXX_WH
Dán 4:14	G0846	αυτου	D-GSN	LXX_WH
Dán 4:14	G2532	και	CONJ	LXX_WH
Dán 4:14	G1621	εκτιναξατε	V-AAD-2P	LXX_WH
Dán 4:14	G3588	τα	T-APN	LXX_WH
Dán 4:14	G5444	φυλλα	N-APN	LXX_WH
Dán 4:14	G0846	αυτου	D-GSN	LXX_WH
Dán 4:14	G2532	και	CONJ	LXX_WH
Dán 4:14	G1287	διασκορπισατε	V-AAD-2P	LXX_WH
Dán 4:14	G3588	τον	T-ASM	LXX_WH
Dán 4:14	G2590	καρπον	N-ASM	LXX_WH
Dán 4:14	G0846	αυτου	D-GSN	LXX_WH
Dán 4:14	G4531	σαλευθητωσαν	V-APD-3P	LXX_WH
Dán 4:14	G3588	τα	T-NPN	LXX_WH
Dán 4:14	G2342	θηρια	N-NPN	LXX_WH
Dán 4:14		υποκατωθεν	PREP	ELTERO_SZOVEGALAP
Dán 4:14	G0846	αυτου	D-GSN	LXX_WH
Dán 4:14	G2532	και	CONJ	LXX_WH
Dán 4:14	G3588	τα	T-NPN	LXX_WH
Dán 4:14	G3732	ορνεα	N-NPN	LXX_WH
Dán 4:14	G0575	απο	PREP	LXX_WH
Dán 4:14	G3588	των	T-GPM	LXX_WH
Dán 4:14	G2798	κλαδων	N-GPM	LXX_WH
Dán 4:14	G0846	αυτου	D-GSN	LXX_WH
Dán 4:15	G4133	πλην	ADV	LXX_WH
Dán 4:15	G3588	την	T-ASF	LXX_WH
Dán 4:15		φυην	N-ASF	
Dán 4:15	G3588	των	T-GPF	LXX_WH
Dán 4:15		ριζων	N-GPF	ELTERO_SZOVEGALAP
Dán 4:15	G0846	αυτου	D-GSN	LXX_WH
Dán 4:15	G1722	εν	PREP	LXX_WH
Dán 4:15	G3588	τη	T-DSF	LXX_WH
Dán 4:15	G1065	γη	N-DSF	LXX_WH
Dán 4:15	G1439	εασατε	V-AAD-2P	LXX_WH
Dán 4:15	G2532	και	CONJ	LXX_WH
Dán 4:15	G1722	εν	PREP	LXX_WH
Dán 4:15		δεσμω	N-DSM	ELTERO_SZOVEGALAP
Dán 4:15		σιδηρω	A-DSM	ELTERO_SZOVEGALAP
Dán 4:15	G2532	και	CONJ	LXX_WH
Dán 4:15	G5470	χαλκω	A-DSM	ABP-potolt
Dán 4:15	G2532	και	CONJ	LXX_WH
Dán 4:15	G1722	εν	PREP	LXX_WH
Dán 4:15	G3588	τη	T-DSF	LXX_WH
Dán 4:15	G5514	χλοη	N-DSF	LXX_WH
Dán 4:15	G3588	τη	T-DSF	LXX_WH
Dán 4:15	G1854	εξω	ADV	LXX_WH
Dán 4:15	G2532	και	CONJ	LXX_WH
Dán 4:15	G1722	εν	PREP	LXX_WH
Dán 4:15	G3588	τη	T-DSF	LXX_WH
Dán 4:15		δροσω	N-DSF	
Dán 4:15	G3588	του	T-GSM	LXX_WH
Dán 4:15	G3772	ουρανου	N-GSM	LXX_WH
Dán 4:15	G0835	κοιτασθησεται	V-FPI-3S	ABP-potolt
Dán 4:15	G2532	και	CONJ	LXX_WH
Dán 4:15	G3326	μετα	PREP	LXX_WH
Dán 4:15	G3588	των	T-GPN	LXX_WH
Dán 4:15	G2342	θηριων	N-GPN	LXX_WH
Dán 4:15	G3588	η	T-NSF	LXX_WH
Dán 4:15	G3310	μερις	N-NSF	LXX_WH
Dán 4:15	G0846	αυτου	D-GSM	LXX_WH
Dán 4:15	G1722	εν	PREP	LXX_WH
Dán 4:15	G3588	τω	T-DSM	LXX_WH
Dán 4:15	G5528	χορτω	N-DSM	LXX_WH
Dán 4:15	G3588	της	T-GSF	LXX_WH
Dán 4:15	G1065	γης	N-GSF	LXX_WH
Dán 4:16	G3588	η	T-NSF	LXX_WH
Dán 4:16	G2588	καρδια	N-NSF	LXX_WH
Dán 4:16	G0846	αυτου	D-GSM	LXX_WH
Dán 4:16	G0575	απο	PREP	LXX_WH
Dán 4:16	G3588	των	T-GPM	LXX_WH
Dán 4:16	G0444	ανθρωπων	N-GPM	LXX_WH
Dán 4:16	G0241	αλλοιωθησεται	V-FPI-3S	ABP-potolt
Dán 4:16	G2532	και	CONJ	LXX_WH
Dán 4:16	G2588	καρδια	N-NSF	LXX_WH
Dán 4:16	G2342	θηριου	N-GSN	LXX_WH
Dán 4:16	G1325	δοθησεται	V-FPI-3S	LXX_WH
Dán 4:16	G0846	αυτω	D-DSM	LXX_WH
Dán 4:16	G2532	και	CONJ	LXX_WH
Dán 4:16	G2033	επτα	N-NUI	LXX_WH
Dán 4:16	G2540	καιροι	N-NPM	LXX_WH
Dán 4:16	G0236	αλλαγησονται	V-FPI-3P	LXX_WH
Dán 4:16	G1909	επ	PREP	LXX_WH
Dán 4:16	G0846	αυτον	D-ASM	LXX_WH
Dán 4:17	G1223	δια	PREP	LXX_WH
Dán 4:17		συγκριματος	N-GSN	ELTERO_SZOVEGALAP
Dán 4:17		ιρ	N-PRI	ELTERO_SZOVEGALAP
Dán 4:17	G3588	ο	T-NSM	LXX_WH
Dán 4:17	G3056	λογος	N-NSM	LXX_WH
Dán 4:17	G2532	και	CONJ	LXX_WH
Dán 4:17	G4487	ρημα	N-NSN	LXX_WH
Dán 4:17	G0040	αγιων	A-GPM	LXX_WH
Dán 4:17	G3588	το	T-NSN	LXX_WH
Dán 4:17	G1906	επερωτημα	N-NSN	LXX_WH
Dán 4:17	G2443	ινα	CONJ	LXX_WH
Dán 4:17	G1097	γνωσιν	V-AAS-3P	LXX_WH
Dán 4:17	G3588	οι	T-NPM	LXX_WH
Dán 4:17	G2198	ζωντες	V-PAPNP	LXX_WH
Dán 4:17	G3754	οτι	CONJ	LXX_WH
Dán 4:17	G2962	κυριος	N-NSM	LXX_WH
Dán 4:17	G1510	εστιν	V-PAI-3S	LXX_WH
Dán 4:17	G3588	ο	T-NSM	LXX_WH
Dán 4:17	G5310	υψιστος	A-NSM	LXX_WH
Dán 4:17	G3588	της	T-GSF	LXX_WH
Dán 4:17	G0932	βασιλειας	N-GSF	LXX_WH
Dán 4:17	G3588	των	T-GPM	LXX_WH
Dán 4:17	G0444	ανθρωπων	N-GPM	LXX_WH
Dán 4:17	G2532	και	CONJ	LXX_WH
Dán 4:17	G3739	ω	R-DSM	LXX_WH
Dán 4:17	G1437	εαν	CONJ	LXX_WH
Dán 4:17	G1380	δοξη	V-AAS-3S	LXX_WH
Dán 4:17	G1325	δωσει	V-FAI-3S	LXX_WH
Dán 4:17	G0846	αυτην	D-ASF	LXX_WH
Dán 4:17	G2532	και	CONJ	LXX_WH
Dán 4:17	G1847	εξουδενημα	N-ASN	ABP-potolt
Dán 4:17	G0444	ανθρωπων	N-GPM	LXX_WH
Dán 4:17	G0450	αναστησει	V-FAI-3S	LXX_WH
Dán 4:17	G1909	επ	PREP	LXX_WH
Dán 4:17	G0846	αυτην	D-ASF	LXX_WH
Dán 4:18	G3778	τουτο	D-NSN	LXX_WH
Dán 4:18	G3588	το	T-NSN	LXX_WH
Dán 4:18	G1798	ενυπνιον	N-NSN	LXX_WH
Dán 4:18	G3739	ο	R-ASN	LXX_WH
Dán 4:18	G3708	ειδον	V-AAI-1S	LXX_WH
Dán 4:18	G1473	εγω	P-NS	LXX_WH
Dán 4:18		ναβουχοδονοσορ	N-PRI	ELTERO_SZOVEGALAP
Dán 4:18	G3588	ο	T-NSM	LXX_WH
Dán 4:18	G0935	βασιλευς	N-NSM	LXX_WH
Dán 4:18	G2532	και	CONJ	LXX_WH
Dán 4:18	G4771	συ	P-NS	LXX_WH
Dán 4:18		βαλτασαρ	N-PRI	ELTERO_SZOVEGALAP
Dán 4:18	G3588	το	T-ASN	LXX_WH
Dán 4:18		συγκριμα	N-ASN	ELTERO_SZOVEGALAP
Dán 4:18		ειπον	V-AAD-2S	ELTERO_SZOVEGALAP
Dán 4:18	G3754	οτι	CONJ	LXX_WH
Dán 4:18	G3956	παντες	A-NPM	LXX_WH
Dán 4:18	G3588	οι	T-NPM	LXX_WH
Dán 4:18	G4680	σοφοι	A-NPM	LXX_WH
Dán 4:18	G3588	της	T-GSF	LXX_WH
Dán 4:18	G0932	βασιλειας	N-GSF	LXX_WH
Dán 4:18	G1473	μου	P-GS	LXX_WH
Dán 4:18	G3364	ου	ADV	LXX_WH
Dán 4:18	G1410	δυνανται	V-PMI-3P	LXX_WH
Dán 4:18	G3588	το	T-ASN	LXX_WH
Dán 4:18		συγκριμα	N-ASN	ELTERO_SZOVEGALAP
Dán 4:18	G0846	αυτου	D-GSN	LXX_WH
Dán 4:18	G1213	δηλωσαι	V-AAN	LXX_WH
Dán 4:18	G1473	μοι	P-DS	LXX_WH
Dán 4:18	G4771	συ	P-NS	LXX_WH
Dán 4:18	G1161	δε	PRT	LXX_WH
Dán 4:18	G1158	δανιηλ	N-PRI	LXX_WH
Dán 4:18	G1410	δυνασαι	V-PMI-2S	LXX_WH
Dán 4:18	G3754	οτι	CONJ	LXX_WH
Dán 4:18	G4151	πνευμα	N-NSN	LXX_WH
Dán 4:18	G2316	θεου	N-GSM	LXX_WH
Dán 4:18	G0040	αγιον	A-NSN	LXX_WH
Dán 4:18	G1722	εν	PREP	LXX_WH
Dán 4:18	G4771	σοι	P-DS	LXX_WH
Dán 4:19	G5119	τοτε	ADV	LXX_WH
Dán 4:19	G1158	δανιηλ	N-PRI	LXX_WH
Dán 4:19	G3739	ου	R-GSM	LXX_WH
Dán 4:19	G3588	το	T-NSN	LXX_WH
Dán 4:19	G3686	ονομα	N-NSN	LXX_WH
Dán 4:19	G0561	βαλτασαρ	N-PRI	ABP-potolt
Dán 4:19	G0561	απηνεωθη	V-API-3S	ABP-potolt
Dán 4:19	G5616	ωσει	ADV	LXX_WH
Dán 4:19	G5610	ωραν	N-ASF	LXX_WH
Dán 4:19	G1519	μιαν	A-ASF	LXX_WH
Dán 4:19	G2532	και	CONJ	LXX_WH
Dán 4:19	G3588	οι	T-NPM	LXX_WH
Dán 4:19	G1261	διαλογισμοι	N-NPM	LXX_WH
Dán 4:19	G0846	αυτου	D-GSM	LXX_WH
Dán 4:19		συνεταρασσον	V-IAI-3P	ELTERO_SZOVEGALAP
Dán 4:19	G0846	αυτον	D-ASM	LXX_WH
Dán 4:19	G2532	και	CONJ	LXX_WH
Dán 4:19		απεκριθη	V-API-3S	
Dán 4:19	G3588	ο	T-NSM	LXX_WH
Dán 4:19	G0935	βασιλευς	N-NSM	LXX_WH
Dán 4:19	G2532	και	CONJ	LXX_WH
Dán 4:19		ειπεν	V-AAI-3S	
Dán 4:19		βαλτασαρ	N-PRI	
Dán 4:19	G3588	το	T-NSN	LXX_WH
Dán 4:19	G1798	ενυπνιον	N-NSN	LXX_WH
Dán 4:19	G2532	και	CONJ	LXX_WH
Dán 4:19	G3588	η	T-NSF	LXX_WH
Dán 4:19		συγκρισις	N-NSF	ELTERO_SZOVEGALAP
Dán 4:19	G3165	μη	ADV	LXX_WH
Dán 4:19		κατασπευσατω	V-AAD-3S	ELTERO_SZOVEGALAP
Dán 4:19	G4771	σε	P-AS	LXX_WH
Dán 4:19	G2532	και	CONJ	LXX_WH
Dán 4:19		απεκριθη	V-API-3S	ELTERO_SZOVEGALAP
Dán 4:19		βαλτασαρ	N-PRI	ELTERO_SZOVEGALAP
Dán 4:19	G2532	και	CONJ	LXX_WH
Dán 4:19		ειπεν	V-AAI-3S	ELTERO_SZOVEGALAP
Dán 4:19	G2962	κυριε	N-VSM	LXX_WH
Dán 4:19	G3588	το	T-NSN	LXX_WH
Dán 4:19	G1798	ενυπνιον	N-NSN	LXX_WH
Dán 4:19	G3588	τοις	T-DPM	LXX_WH
Dán 4:19	G3404	μισουσιν	V-PAPDP	LXX_WH
Dán 4:19	G4771	σε	P-AS	LXX_WH
Dán 4:19	G2532	και	CONJ	LXX_WH
Dán 4:19	G3588	η	T-NSF	LXX_WH
Dán 4:19		συγκρισις	N-NSF	ELTERO_SZOVEGALAP
Dán 4:19	G0846	αυτου	D-GSN	LXX_WH
Dán 4:19	G3588	τοις	T-DPM	LXX_WH
Dán 4:19	G2190	εχθροις	N-DPM	LXX_WH
Dán 4:19	G4771	σου	P-GS	LXX_WH
Dán 4:20	G3588	το	T-NSN	LXX_WH
Dán 4:20	G1186	δενδρον	N-NSN	LXX_WH
Dán 4:20	G3739	ο	R-ASN	LXX_WH
Dán 4:20	G3708	ειδες	V-AAI-2S	LXX_WH
Dán 4:20	G3588	το	T-NSN	LXX_WH
Dán 4:20	G3170	μεγαλυνθεν	V-APPNS	LXX_WH
Dán 4:20	G2532	και	CONJ	LXX_WH
Dán 4:20	G3588	το	T-NSN	LXX_WH
Dán 4:20	G2480	ισχυκος	V-RAPNS	LXX_WH
Dán 4:20	G3739	ου	R-GSN	LXX_WH
Dán 4:20	G3588	το	T-NSN	LXX_WH
Dán 4:20	G5311	υψος	N-NSN	LXX_WH
Dán 4:20	G5348	εφθασεν	V-AAI-3S	LXX_WH
Dán 4:20	G1519	εις	PREP	LXX_WH
Dán 4:20	G3588	τον	T-ASM	LXX_WH
Dán 4:20	G3772	ουρανον	N-ASM	LXX_WH
Dán 4:20	G2532	και	CONJ	LXX_WH
Dán 4:20	G3588	το	T-NSN	LXX_WH
Dán 4:20		κυτος	N-NSN	ELTERO_SZOVEGALAP
Dán 4:20	G0846	αυτου	D-GSN	LXX_WH
Dán 4:20	G1519	εις	PREP	LXX_WH
Dán 4:20	G3956	πασαν	A-ASF	LXX_WH
Dán 4:20	G3588	την	T-ASF	LXX_WH
Dán 4:20	G1065	γην	N-ASF	LXX_WH
Dán 4:21	G2532	και	CONJ	LXX_WH
Dán 4:21	G3588	τα	T-NPN	LXX_WH
Dán 4:21	G5444	φυλλα	N-NPN	LXX_WH
Dán 4:21	G0846	αυτου	D-GSN	LXX_WH
Dán 4:21		ευθαλη	A-NPN	ELTERO_SZOVEGALAP
Dán 4:21	G2532	και	CONJ	LXX_WH
Dán 4:21	G3588	ο	T-NSM	LXX_WH
Dán 4:21	G2590	καρπος	N-NSM	LXX_WH
Dán 4:21	G0846	αυτου	D-GSN	LXX_WH
Dán 4:21	G4183	πολυς	A-NSM	LXX_WH
Dán 4:21	G2532	και	CONJ	LXX_WH
Dán 4:21	G5160	τροφη	N-NSF	LXX_WH
Dán 4:21	G3956	πασιν	A-DPM	LXX_WH
Dán 4:21	G1722	εν	PREP	LXX_WH
Dán 4:21	G0846	αυτω	D-DSN	LXX_WH
Dán 4:21	G5270	υποκατω	PREP	LXX_WH
Dán 4:21	G0846	αυτου	D-GSN	LXX_WH
Dán 4:21		κατωκουν	V-IAI-3P	ELTERO_SZOVEGALAP
Dán 4:21	G3588	τα	T-NPN	LXX_WH
Dán 4:21	G2342	θηρια	N-NPN	LXX_WH
Dán 4:21	G3588	τα	T-NPN	LXX_WH
Dán 4:21	G0066	αγρια	A-NPN	LXX_WH
Dán 4:21	G2532	και	CONJ	LXX_WH
Dán 4:21	G1722	εν	PREP	LXX_WH
Dán 4:21	G3588	τοις	T-DPM	LXX_WH
Dán 4:21	G2798	κλαδοις	N-DPM	LXX_WH
Dán 4:21	G0846	αυτου	D-GSN	LXX_WH
Dán 4:21	G2681	κατεσκηνουν	V-IAI-3P	LXX_WH
Dán 4:21	G3588	τα	T-NPN	LXX_WH
Dán 4:21	G3732	ορνεα	N-NPN	LXX_WH
Dán 4:21	G3588	του	T-GSM	LXX_WH
Dán 4:21	G3772	ουρανου	N-GSM	LXX_WH
Dán 4:22	G4771	συ	P-NS	LXX_WH
Dán 4:22	G1510	ει	V-PAI-2S	LXX_WH
Dán 4:22	G0935	βασιλευ	N-VSM	LXX_WH
Dán 4:22	G3754	οτι	CONJ	LXX_WH
Dán 4:22	G3170	εμεγαλυνθης	V-API-2S	LXX_WH
Dán 4:22	G2532	και	CONJ	LXX_WH
Dán 4:22	G2480	ισχυσας	V-AAI-2S	LXX_WH
Dán 4:22	G2532	και	CONJ	LXX_WH
Dán 4:22	G3588	η	T-NSF	LXX_WH
Dán 4:22	G3172	μεγαλωσυνη	N-NSF	LXX_WH
Dán 4:22	G4771	σου	P-GS	LXX_WH
Dán 4:22	G3170	εμεγαλυνθη	V-API-3S	LXX_WH
Dán 4:22	G2532	και	CONJ	LXX_WH
Dán 4:22	G5348	εφθασεν	V-AAI-3S	LXX_WH
Dán 4:22	G1519	εις	PREP	LXX_WH
Dán 4:22	G3588	τον	T-ASM	LXX_WH
Dán 4:22	G3772	ουρανον	N-ASM	LXX_WH
Dán 4:22	G2532	και	CONJ	LXX_WH
Dán 4:22	G3588	η	T-NSF	LXX_WH
Dán 4:22		κυριεια	N-NSF	ELTERO_SZOVEGALAP
Dán 4:22	G4771	σου	P-GS	LXX_WH
Dán 4:22	G1519	εις	PREP	LXX_WH
Dán 4:22	G3588	τα	T-APN	LXX_WH
Dán 4:22	G4009	περατα	N-APN	LXX_WH
Dán 4:22	G3588	της	T-GSF	LXX_WH
Dán 4:22	G1065	γης	N-GSF	LXX_WH
Dán 4:23	G2532	και	CONJ	LXX_WH
Dán 4:23	G3754	οτι	CONJ	LXX_WH
Dán 4:23	G3708	ειδεν	V-AAI-3S	LXX_WH
Dán 4:23	G3588	ο	T-NSM	LXX_WH
Dán 4:23	G0935	βασιλευς	N-NSM	LXX_WH
Dán 4:23	G1513	ιρ	N-PRI	ABP-potolt
Dán 4:23	G2532	και	CONJ	LXX_WH
Dán 4:23	G0040	αγιον	A-ASM	LXX_WH
Dán 4:23	G2597	καταβαινοντα	V-PAPAS	LXX_WH
Dán 4:23	G0575	απο	PREP	LXX_WH
Dán 4:23	G3588	του	T-GSM	LXX_WH
Dán 4:23	G3772	ουρανου	N-GSM	LXX_WH
Dán 4:23	G2532	και	CONJ	LXX_WH
Dán 4:23	G1722	ειπεν	V-AAI-3S	ABP-potolt
Dán 4:23	G1722	εκτιλατε	V-AAD-2P	ABP-potolt
Dán 4:23	G3588	το	T-ASN	LXX_WH
Dán 4:23	G1186	δενδρον	N-ASN	LXX_WH
Dán 4:23	G2532	και	CONJ	LXX_WH
Dán 4:23	G1311	διαφθειρατε	V-AAD-2P	LXX_WH
Dán 4:23	G0846	αυτο	D-ASN	LXX_WH
Dán 4:23	G4133	πλην	ADV	LXX_WH
Dán 4:23	G3588	την	T-ASF	LXX_WH
Dán 4:23		φυην	N-ASF	
Dán 4:23	G3588	των	T-GPF	LXX_WH
Dán 4:23		ριζων	N-GPF	ELTERO_SZOVEGALAP
Dán 4:23	G0846	αυτου	D-GSN	LXX_WH
Dán 4:23	G1439	εασατε	V-AAD-2P	LXX_WH
Dán 4:23	G1722	εν	PREP	LXX_WH
Dán 4:23	G3588	τη	T-DSF	LXX_WH
Dán 4:23	G1065	γη	N-DSF	LXX_WH
Dán 4:23	G2532	και	CONJ	LXX_WH
Dán 4:23	G1722	εν	PREP	LXX_WH
Dán 4:23		δεσμω	N-DSM	ELTERO_SZOVEGALAP
Dán 4:23		σιδηρω	A-DSM	ELTERO_SZOVEGALAP
Dán 4:23	G2532	και	CONJ	LXX_WH
Dán 4:23	G5475	χαλκω	A-DSM	ABP-potolt
Dán 4:23	G2532	και	CONJ	LXX_WH
Dán 4:23	G1722	εν	PREP	LXX_WH
Dán 4:23	G3588	τη	T-DSF	LXX_WH
Dán 4:23	G5514	χλοη	N-DSF	LXX_WH
Dán 4:23	G3588	τη	T-DSF	LXX_WH
Dán 4:23	G1854	εξω	ADV	LXX_WH
Dán 4:23	G2532	και	CONJ	LXX_WH
Dán 4:23	G1722	εν	PREP	LXX_WH
Dán 4:23	G3588	τη	T-DSF	LXX_WH
Dán 4:23		δροσω	N-DSF	
Dán 4:23	G3588	του	T-GSM	LXX_WH
Dán 4:23	G3772	ουρανου	N-GSM	LXX_WH
Dán 4:23	G0835	αυλισθησεται	V-FPI-3S	ABP-potolt
Dán 4:23	G2532	και	CONJ	LXX_WH
Dán 4:23	G3326	μετα	PREP	LXX_WH
Dán 4:23	G2342	θηριων	N-GPN	LXX_WH
Dán 4:23	G0066	αγριων	A-GPM	LXX_WH
Dán 4:23	G3588	η	T-NSF	LXX_WH
Dán 4:23	G3310	μερις	N-NSF	LXX_WH
Dán 4:23	G0846	αυτου	D-GSM	LXX_WH
Dán 4:23	G2193	εως	PREP	LXX_WH
Dán 4:23	G3739	ου	R-GSM	LXX_WH
Dán 4:23	G2033	επτα	N-NUI	LXX_WH
Dán 4:23	G2540	καιροι	N-NPM	LXX_WH
Dán 4:23	G0241	αλλοιωθωσιν	V-APS-3P	ABP-potolt
Dán 4:23	G1909	επ	PREP	LXX_WH
Dán 4:23	G0846	αυτον	D-ASM	LXX_WH
Dán 4:24	G3778	τουτο	D-NSN	LXX_WH
Dán 4:24	G3588	η	T-NSF	LXX_WH
Dán 4:24		συγκρισις	N-NSF	ELTERO_SZOVEGALAP
Dán 4:24	G0846	αυτου	D-GSN	LXX_WH
Dán 4:24	G0935	βασιλευ	N-VSM	LXX_WH
Dán 4:24	G2532	και	CONJ	LXX_WH
Dán 4:24	G4792	συγκριμα	N-NSN	ABP-potolt
Dán 4:24	G5310	υψιστου	A-GSM	LXX_WH
Dán 4:24	G1510	εστιν	V-PAI-3S	LXX_WH
Dán 4:24	G3739	ο	R-ASN	LXX_WH
Dán 4:24	G5348	εφθασεν	V-AAI-3S	LXX_WH
Dán 4:24	G1909	επι	PREP	LXX_WH
Dán 4:24	G3588	τον	T-ASM	LXX_WH
Dán 4:24	G2962	κυριον	N-ASM	LXX_WH
Dán 4:24	G1473	μου	P-GS	LXX_WH
Dán 4:24	G3588	τον	T-ASM	LXX_WH
Dán 4:24	G0935	βασιλεα	N-ASM	LXX_WH
Dán 4:25	G2532	και	CONJ	LXX_WH
Dán 4:25	G4771	σε	P-AS	LXX_WH
Dán 4:25	G1559	εκδιωξουσιν	V-FAI-3P	LXX_WH
Dán 4:25	G0575	απο	PREP	LXX_WH
Dán 4:25	G3588	των	T-GPM	LXX_WH
Dán 4:25	G0444	ανθρωπων	N-GPM	LXX_WH
Dán 4:25	G2532	και	CONJ	LXX_WH
Dán 4:25	G3326	μετα	PREP	LXX_WH
Dán 4:25	G2342	θηριων	N-GPN	LXX_WH
Dán 4:25	G0066	αγριων	A-GPM	LXX_WH
Dán 4:25	G1510	εσται	V-FMI-3S	LXX_WH
Dán 4:25	G3588	η	T-NSF	LXX_WH
Dán 4:25	G2733	κατοικια	N-NSF	LXX_WH
Dán 4:25	G4771	σου	P-GS	LXX_WH
Dán 4:25	G2532	και	CONJ	LXX_WH
Dán 4:25	G5528	χορτον	N-ASM	LXX_WH
Dán 4:25	G3739	ως	CONJ	LXX_WH
Dán 4:25	G1016	βουν	N-ASM	LXX_WH
Dán 4:25	G5595	ψωμιουσιν	V-FAI-3P	LXX_WH
Dán 4:25	G4771	σε	P-AS	LXX_WH
Dán 4:25	G2532	και	CONJ	LXX_WH
Dán 4:25	G0575	απο	PREP	LXX_WH
Dán 4:25	G3588	της	T-GSF	LXX_WH
Dán 4:25		δροσου	N-GSF	
Dán 4:25	G3588	του	T-GSM	LXX_WH
Dán 4:25	G3772	ουρανου	N-GSM	LXX_WH
Dán 4:25	G0835	αυλισθηση	V-FPI-2S	ABP-potolt
Dán 4:25	G2532	και	CONJ	LXX_WH
Dán 4:25	G2033	επτα	N-NUI	LXX_WH
Dán 4:25	G2540	καιροι	N-NPM	LXX_WH
Dán 4:25	G0236	αλλαγησονται	V-FPI-3P	LXX_WH
Dán 4:25	G1909	επι	PREP	LXX_WH
Dán 4:25	G4771	σε	P-AS	LXX_WH
Dán 4:25	G2193	εως	PREP	LXX_WH
Dán 4:25	G3739	ου	R-GSM	LXX_WH
Dán 4:25	G1097	γνως	V-AAS-2S	LXX_WH
Dán 4:25	G3754	οτι	CONJ	LXX_WH
Dán 4:25	G2961	κυριευει	V-PAI-3S	LXX_WH
Dán 4:25	G3588	ο	T-NSM	LXX_WH
Dán 4:25	G5310	υψιστος	A-NSM	LXX_WH
Dán 4:25	G3588	της	T-GSF	LXX_WH
Dán 4:25	G0932	βασιλειας	N-GSF	LXX_WH
Dán 4:25	G3588	των	T-GPM	LXX_WH
Dán 4:25	G0444	ανθρωπων	N-GPM	LXX_WH
Dán 4:25	G2532	και	CONJ	LXX_WH
Dán 4:25	G3739	ω	R-DSM	LXX_WH
Dán 4:25	G0302	αν	PRT	LXX_WH
Dán 4:25	G1380	δοξη	V-AAS-3S	LXX_WH
Dán 4:25	G1325	δωσει	V-FAI-3S	LXX_WH
Dán 4:25	G0846	αυτην	D-ASF	LXX_WH
Dán 4:26	G2532	και	CONJ	LXX_WH
Dán 4:26	G3754	οτι	CONJ	LXX_WH
Dán 4:26	G2036	ειπαν	V-AAI-3P	ABP-potolt
Dán 4:26	G1439	εασατε	V-AAD-2P	LXX_WH
Dán 4:26	G3588	την	T-ASF	LXX_WH
Dán 4:26		φυην	N-ASF	
Dán 4:26	G3588	των	T-GPF	LXX_WH
Dán 4:26		ριζων	N-GPF	
Dán 4:26	G3588	του	T-GSN	LXX_WH
Dán 4:26	G1186	δενδρου	N-GSN	LXX_WH
Dán 4:26	G3588	η	T-NSF	LXX_WH
Dán 4:26	G0932	βασιλεια	N-NSF	LXX_WH
Dán 4:26	G4771	σου	P-GS	LXX_WH
Dán 4:26	G4771	σοι	P-DS	LXX_WH
Dán 4:26	G3306	μενει	V-FAI-3S	LXX_WH
Dán 4:26	G0575	αφ	PREP	LXX_WH
Dán 4:26	G3739	ης	R-GSF	LXX_WH
Dán 4:26	G0302	αν	PRT	LXX_WH
Dán 4:26	G1097	γνως	V-AAS-2S	LXX_WH
Dán 4:26	G3588	την	T-ASF	LXX_WH
Dán 4:26	G1849	εξουσιαν	N-ASF	LXX_WH
Dán 4:26	G3588	την	T-ASF	LXX_WH
Dán 4:26	G3770	ουρανιον	A-ASF	LXX_WH
Dán 4:27	G1223	δια	PREP	LXX_WH
Dán 4:27	G3778	τουτο	D-ASN	LXX_WH
Dán 4:27	G0935	βασιλευ	N-VSM	LXX_WH
Dán 4:27	G3588	η	T-NSF	LXX_WH
Dán 4:27	G1012	βουλη	N-NSF	LXX_WH
Dán 4:27	G1473	μου	P-GS	LXX_WH
Dán 4:27	G0700	αρεσατω	V-AAD-3S	LXX_WH
Dán 4:27	G4771	σοι	P-DS	LXX_WH
Dán 4:27	G2532	και	CONJ	LXX_WH
Dán 4:27	G3588	τας	T-APF	LXX_WH
Dán 4:27	G0266	αμαρτιας	N-APF	LXX_WH
Dán 4:27	G4771	σου	P-GS	LXX_WH
Dán 4:27	G1722	εν	PREP	LXX_WH
Dán 4:27	G1654	ελεημοσυναις	N-DPF	LXX_WH
Dán 4:27	G3084	λυτρωσαι	V-AAN	LXX_WH
Dán 4:27	G2532	και	CONJ	LXX_WH
Dán 4:27	G3588	τας	T-APF	LXX_WH
Dán 4:27	G0093	αδικιας	N-APF	LXX_WH
Dán 4:27	G4771	σου	P-GS	LXX_WH
Dán 4:27	G1722	εν	PREP	LXX_WH
Dán 4:27	G3628	οικτιρμοις	N-DPM	LXX_WH
Dán 4:27	G3993	πενητων	N-GPM	LXX_WH
Dán 4:27	G2470	ισως	ADV	LXX_WH
Dán 4:27	G1510	εσται	V-FMI-3S	LXX_WH
Dán 4:27	G3116	μακροθυμος	A-NSM	LXX_WH
Dán 4:27	G3588	τοις	T-DPN	LXX_WH
Dán 4:27	G3900	παραπτωμασιν	N-DPN	LXX_WH
Dán 4:27	G4771	σου	P-GS	LXX_WH
Dán 4:27	G3588	ο	T-NSM	LXX_WH
Dán 4:27	G2316	θεος	N-NSM	LXX_WH
Dán 4:28	G3778	ταυτα	D-NPN	LXX_WH
Dán 4:28	G3956	παντα	A-NPN	LXX_WH
Dán 4:28	G5348	εφθασεν	V-AAI-3S	LXX_WH
Dán 4:28	G1909	επι	PREP	LXX_WH
Dán 4:28		ναβουχοδονοσορ	N-PRI	ELTERO_SZOVEGALAP
Dán 4:28	G3588	τον	T-ASM	LXX_WH
Dán 4:28	G0935	βασιλεα	N-ASM	LXX_WH
Dán 4:29	G3326	μετα	PREP	LXX_WH
Dán 4:29	G1427	δωδεκαμηνον	N-ASN	ABP-potolt
Dán 4:29	G1909	επι	PREP	LXX_WH
Dán 4:29	G3588	τω	T-DSM	LXX_WH
Dán 4:29	G3485	ναω	N-DSM	LXX_WH
Dán 4:29	G3588	της	T-GSF	LXX_WH
Dán 4:29	G0932	βασιλειας	N-GSF	LXX_WH
Dán 4:29	G0846	αυτου	D-GSM	LXX_WH
Dán 4:29	G1722	εν	PREP	LXX_WH
Dán 4:29	G0897	βαβυλωνι	N-GSF	LXX_WH
Dán 4:29	G4043	περιπατων	V-PAPNS	LXX_WH
Dán 4:30	G0611	απεκριθη	V-API-3S	ABP-potolt
Dán 4:30	G3588	ο	T-NSM	LXX_WH
Dán 4:30	G0935	βασιλευς	N-NSM	LXX_WH
Dán 4:30	G2532	και	CONJ	LXX_WH
Dán 4:30		ειπεν	V-AAI-3S	ELTERO_SZOVEGALAP
Dán 4:30	G3364	ουχ	ADV	LXX_WH
Dán 4:30	G3778	αυτη	D-NSF	LXX_WH
Dán 4:30	G1510	εστιν	V-PAI-3S	LXX_WH
Dán 4:30	G0897	βαβυλων	N-NSF	LXX_WH
Dán 4:30	G3588	η	T-NSF	LXX_WH
Dán 4:30	G3173	μεγαλη	A-NSF	LXX_WH
Dán 4:30	G3739	ην	R-ASF	LXX_WH
Dán 4:30	G1473	εγω	P-NS	LXX_WH
Dán 4:30	G3618	ωκοδομησα	V-AAI-1S	LXX_WH
Dán 4:30	G1519	εις	PREP	LXX_WH
Dán 4:30	G3624	οικον	N-ASM	LXX_WH
Dán 4:30	G0932	βασιλειας	N-GSF	LXX_WH
Dán 4:30	G1722	εν	PREP	LXX_WH
Dán 4:30	G3588	τω	T-DSN	LXX_WH
Dán 4:30	G2904	κρατει	N-DSN	LXX_WH
Dán 4:30	G3588	της	T-GSF	LXX_WH
Dán 4:30	G2479	ισχυος	N-GSF	LXX_WH
Dán 4:30	G1473	μου	P-GS	LXX_WH
Dán 4:30	G1519	εις	PREP	LXX_WH
Dán 4:30	G5092	τιμην	N-ASF	LXX_WH
Dán 4:30	G3588	της	T-GSF	LXX_WH
Dán 4:30	G1391	δοξης	N-GSF	LXX_WH
Dán 4:30	G1473	μου	P-GS	LXX_WH
Dán 4:31	G2089	ετι	ADV	LXX_WH
Dán 4:31	G3588	του	T-GSM	LXX_WH
Dán 4:31	G3056	λογου	N-GSM	LXX_WH
Dán 4:31	G1722	εν	PREP	LXX_WH
Dán 4:31	G4750	στοματι	N-DSN	LXX_WH
Dán 4:31	G3588	του	T-GSM	LXX_WH
Dán 4:31	G0935	βασιλεως	N-GSM	LXX_WH
Dán 4:31	G1510	οντος	V-PAPGS	LXX_WH
Dán 4:31	G5456	φωνη	N-NSF	LXX_WH
Dán 4:31	G0575	απ	PREP	LXX_WH
Dán 4:31	G3772	ουρανου	N-GSM	LXX_WH
Dán 4:31	G1096	εγενετο	V-AMI-3S	LXX_WH
Dán 4:31	G4771	σοι	P-DS	LXX_WH
Dán 4:31	G3004	λεγουσιν	V-PAI-3P	LXX_WH
Dán 4:31	G0935	ναβουχοδονοσορ	N-PRI	ABP-potolt
Dán 4:31	G0935	βασιλευ	N-VSM	LXX_WH
Dán 4:31	G3588	η	T-NSF	LXX_WH
Dán 4:31	G0932	βασιλεια	N-NSF	LXX_WH
Dán 4:31	G3928	παρηλθεν	V-AAI-3S	LXX_WH
Dán 4:31	G0575	απο	PREP	LXX_WH
Dán 4:31	G4771	σου	P-GS	LXX_WH
Dán 4:32	G2532	και	CONJ	LXX_WH
Dán 4:32	G0575	απο	PREP	LXX_WH
Dán 4:32	G3588	των	T-GPM	LXX_WH
Dán 4:32	G0444	ανθρωπων	N-GPM	LXX_WH
Dán 4:32	G4771	σε	P-AS	LXX_WH
Dán 4:32	G1559	εκδιωξουσιν	V-FAI-3P	LXX_WH
Dán 4:32	G2532	και	CONJ	LXX_WH
Dán 4:32	G3326	μετα	PREP	LXX_WH
Dán 4:32	G2342	θηριων	N-GPN	LXX_WH
Dán 4:32	G0066	αγριων	A-GPM	LXX_WH
Dán 4:32	G3588	η	T-NSF	LXX_WH
Dán 4:32	G2733	κατοικια	N-NSF	LXX_WH
Dán 4:32	G4771	σου	P-GS	LXX_WH
Dán 4:32	G2532	και	CONJ	LXX_WH
Dán 4:32	G5528	χορτον	N-ASM	LXX_WH
Dán 4:32	G3739	ως	CONJ	LXX_WH
Dán 4:32	G1016	βουν	N-ASM	LXX_WH
Dán 4:32	G5595	ψωμιουσιν	V-FAI-3P	LXX_WH
Dán 4:32	G4771	σε	P-AS	LXX_WH
Dán 4:32	G2532	και	CONJ	LXX_WH
Dán 4:32	G2033	επτα	N-NUI	LXX_WH
Dán 4:32	G2540	καιροι	N-NPM	LXX_WH
Dán 4:32	G0236	αλλαγησονται	V-FPI-3P	LXX_WH
Dán 4:32	G1909	επι	PREP	LXX_WH
Dán 4:32	G4771	σε	P-AS	LXX_WH
Dán 4:32	G2193	εως	PREP	LXX_WH
Dán 4:32	G3739	ου	R-GSM	LXX_WH
Dán 4:32	G1097	γνως	V-AAS-2S	LXX_WH
Dán 4:32	G3754	οτι	CONJ	LXX_WH
Dán 4:32	G2961	κυριευει	V-PAI-3S	LXX_WH
Dán 4:32	G3588	ο	T-NSM	LXX_WH
Dán 4:32	G5310	υψιστος	A-NSM	LXX_WH
Dán 4:32	G3588	της	T-GSF	LXX_WH
Dán 4:32	G0932	βασιλειας	N-GSF	LXX_WH
Dán 4:32	G3588	των	T-GPM	LXX_WH
Dán 4:32	G0444	ανθρωπων	N-GPM	LXX_WH
Dán 4:32	G2532	και	CONJ	LXX_WH
Dán 4:32	G3739	ω	R-DSM	LXX_WH
Dán 4:32	G1437	εαν	CONJ	LXX_WH
Dán 4:32	G1380	δοξη	V-AAS-3S	LXX_WH
Dán 4:32	G1325	δωσει	V-FAI-3S	LXX_WH
Dán 4:32	G0846	αυτην	D-ASF	LXX_WH
Dán 4:33	G0846	αυτη	D-DSF	LXX_WH
Dán 4:33	G3588	τη	T-DSF	LXX_WH
Dán 4:33	G5610	ωρα	N-DSF	LXX_WH
Dán 4:33	G3588	ο	T-NSM	LXX_WH
Dán 4:33	G3056	λογος	N-NSM	LXX_WH
Dán 4:33	G4931	συνετελεσθη	V-API-3S	LXX_WH
Dán 4:33	G1909	επι	PREP	LXX_WH
Dán 4:33		ναβουχοδονοσορ	N-PRI	ELTERO_SZOVEGALAP
Dán 4:33	G2532	και	CONJ	LXX_WH
Dán 4:33	G0575	απο	PREP	LXX_WH
Dán 4:33	G3588	των	T-GPM	LXX_WH
Dán 4:33	G0444	ανθρωπων	N-GPM	LXX_WH
Dán 4:33	G1559	εξεδιωχθη	V-API-3S	LXX_WH
Dán 4:33	G2532	και	CONJ	LXX_WH
Dán 4:33	G5528	χορτον	N-ASM	LXX_WH
Dán 4:33	G3739	ως	CONJ	LXX_WH
Dán 4:33	G1016	βους	N-NSM	LXX_WH
Dán 4:33	G2068	ησθιεν	V-IAI-3S	LXX_WH
Dán 4:33	G2532	και	CONJ	LXX_WH
Dán 4:33	G0575	απο	PREP	LXX_WH
Dán 4:33	G3588	της	T-GSF	LXX_WH
Dán 4:33		δροσου	N-GSF	
Dán 4:33	G3588	του	T-GSM	LXX_WH
Dán 4:33	G3772	ουρανου	N-GSM	LXX_WH
Dán 4:33	G3588	το	T-NSN	LXX_WH
Dán 4:33	G4983	σωμα	N-NSN	LXX_WH
Dán 4:33	G0846	αυτου	D-GSM	LXX_WH
Dán 4:33	G0911	εβαφη	V-API-3S	LXX_WH
Dán 4:33	G2193	εως	PREP	LXX_WH
Dán 4:33	G3739	ου	R-GSM	LXX_WH
Dán 4:33	G3588	αι	T-NPF	LXX_WH
Dán 4:33	G2359	τριχες	N-NPF	LXX_WH
Dán 4:33	G0846	αυτου	D-GSM	LXX_WH
Dán 4:33	G3739	ως	CONJ	LXX_WH
Dán 4:33	G3023	λεοντων	N-GPM	LXX_WH
Dán 4:33	G3170	εμεγαλυνθησαν	V-API-3P	LXX_WH
Dán 4:33	G2532	και	CONJ	LXX_WH
Dán 4:33	G3588	οι	T-NPM	LXX_WH
Dán 4:33		ονυχες	N-NPM	ELTERO_SZOVEGALAP
Dán 4:33	G0846	αυτου	D-GSM	LXX_WH
Dán 4:33	G3739	ως	CONJ	LXX_WH
Dán 4:33	G3733	ορνεων	N-GPM	LXX_WH
Dán 4:34	G2532	και	CONJ	LXX_WH
Dán 4:34	G3326	μετα	PREP	LXX_WH
Dán 4:34	G3588	το	T-ASN	LXX_WH
Dán 4:34	G5056	τελος	N-ASN	LXX_WH
Dán 4:34	G3588	των	T-GPF	LXX_WH
Dán 4:34	G2250	ημερων	N-GPF	LXX_WH
Dán 4:34	G1473	εγω	P-NS	LXX_WH
Dán 4:34		ναβουχοδονοσορ	N-PRI	ELTERO_SZOVEGALAP
Dán 4:34	G3588	τους	T-APM	LXX_WH
Dán 4:34	G3788	οφθαλμους	N-APM	LXX_WH
Dán 4:34	G1473	μου	P-GS	LXX_WH
Dán 4:34	G1519	εις	PREP	LXX_WH
Dán 4:34	G3588	τον	T-ASM	LXX_WH
Dán 4:34	G3772	ουρανον	N-ASM	LXX_WH
Dán 4:34	G0353	ανελαβον	V-AAI-1S	LXX_WH
Dán 4:34	G2532	και	CONJ	LXX_WH
Dán 4:34	G3588	αι	T-NPF	LXX_WH
Dán 4:34	G5424	φρενες	N-NPF	LXX_WH
Dán 4:34	G1473	μου	P-GS	LXX_WH
Dán 4:34	G1909	επ	PREP	LXX_WH
Dán 4:34	G1473	εμε	P-AS	LXX_WH
Dán 4:34	G1994	επεστραφησαν	V-API-3P	LXX_WH
Dán 4:34	G2532	και	CONJ	LXX_WH
Dán 4:34	G3588	τω	T-DSM	LXX_WH
Dán 4:34	G5310	υψιστω	A-DSM	LXX_WH
Dán 4:34	G2127	ευλογησα	V-AAI-1S	LXX_WH
Dán 4:34	G2532	και	CONJ	LXX_WH
Dán 4:34	G3588	τω	T-DSM	LXX_WH
Dán 4:34	G2198	ζωντι	V-PAPDS	LXX_WH
Dán 4:34	G1519	εις	PREP	LXX_WH
Dán 4:34	G3588	τον	T-ASM	LXX_WH
Dán 4:34	G0165	αιωνα	N-ASM	LXX_WH
Dán 4:34	G0134	ηνεσα	V-AAI-1S	LXX_WH
Dán 4:34	G2532	και	CONJ	LXX_WH
Dán 4:34	G1392	εδοξασα	V-AAI-1S	LXX_WH
Dán 4:34	G3754	οτι	CONJ	LXX_WH
Dán 4:34	G3588	η	T-NSF	LXX_WH
Dán 4:34	G1849	εξουσια	N-NSF	LXX_WH
Dán 4:34	G0846	αυτου	D-GSM	LXX_WH
Dán 4:34	G1849	εξουσια	N-NSF	LXX_WH
Dán 4:34	G0166	αιωνιος	A-NSF	LXX_WH
Dán 4:34	G2532	και	CONJ	LXX_WH
Dán 4:34	G3588	η	T-NSF	LXX_WH
Dán 4:34	G0932	βασιλεια	N-NSF	LXX_WH
Dán 4:34	G0846	αυτου	D-GSM	LXX_WH
Dán 4:34	G1519	εις	PREP	LXX_WH
Dán 4:34	G1074	γενεαν	N-ASF	LXX_WH
Dán 4:34	G2532	και	CONJ	LXX_WH
Dán 4:34	G1074	γενεαν	N-ASF	LXX_WH
Dán 4:35	G2532	και	CONJ	LXX_WH
Dán 4:35	G3956	παντες	A-NPM	LXX_WH
Dán 4:35	G3588	οι	T-NPM	LXX_WH
Dán 4:35		κατοικουντες	V-PAPNP	
Dán 4:35	G3588	την	T-ASF	LXX_WH
Dán 4:35	G1065	γην	N-ASF	LXX_WH
Dán 4:35	G3739	ως	CONJ	LXX_WH
Dán 4:35	G3762	ουδεν	A-ASN	LXX_WH
Dán 4:35	G3049	ελογισθησαν	V-API-3P	LXX_WH
Dán 4:35	G2532	και	CONJ	LXX_WH
Dán 4:35	G2596	κατα	PREP	LXX_WH
Dán 4:35	G3588	το	T-ASN	LXX_WH
Dán 4:35	G2307	θελημα	N-ASN	LXX_WH
Dán 4:35	G0846	αυτου	D-GSM	LXX_WH
Dán 4:35	G4160	ποιει	V-PAI-3S	LXX_WH
Dán 4:35	G1722	εν	PREP	LXX_WH
Dán 4:35	G3588	τη	T-DSF	LXX_WH
Dán 4:35	G1411	δυναμει	N-DSF	LXX_WH
Dán 4:35	G3588	του	T-GSM	LXX_WH
Dán 4:35	G3772	ουρανου	N-GSM	LXX_WH
Dán 4:35	G2532	και	CONJ	LXX_WH
Dán 4:35	G1722	εν	PREP	LXX_WH
Dán 4:35	G3588	τη	T-DSF	LXX_WH
Dán 4:35	G2733	κατοικια	N-DSF	LXX_WH
Dán 4:35	G3588	της	T-GSF	LXX_WH
Dán 4:35	G1065	γης	N-GSF	LXX_WH
Dán 4:35	G2532	και	CONJ	LXX_WH
Dán 4:35	G3364	ουκ	ADV	LXX_WH
Dán 4:35	G1510	εστιν	V-PAI-3S	LXX_WH
Dán 4:35	G3739	ος	R-NSM	LXX_WH
Dán 4:35	G0496	αντιποιησεται	V-FMI-3S	ABP-potolt
Dán 4:35	G3588	τη	T-DSF	LXX_WH
Dán 4:35	G5495	χειρι	N-DSF	LXX_WH
Dán 4:35	G0846	αυτου	D-GSM	LXX_WH
Dán 4:35	G2532	και	CONJ	LXX_WH
Dán 4:35		ερει	V-FAI-3S	ELTERO_SZOVEGALAP
Dán 4:35	G0846	αυτω	D-DSM	LXX_WH
Dán 4:35	G5100	τι	I-ASN	LXX_WH
Dán 4:35	G4160	εποιησας	V-AAI-2S	LXX_WH
Dán 4:36	G0846	αυτω	D-DSM	LXX_WH
Dán 4:36	G3588	τω	T-DSM	LXX_WH
Dán 4:36	G2540	καιρω	N-DSM	LXX_WH
Dán 4:36	G3588	αι	T-NPF	LXX_WH
Dán 4:36	G5424	φρενες	N-NPF	LXX_WH
Dán 4:36	G1473	μου	P-GS	LXX_WH
Dán 4:36	G1994	επεστραφησαν	V-API-3P	LXX_WH
Dán 4:36	G1909	επ	PREP	LXX_WH
Dán 4:36	G1473	εμε	P-AS	LXX_WH
Dán 4:36	G2532	και	CONJ	LXX_WH
Dán 4:36	G1519	εις	PREP	LXX_WH
Dán 4:36	G3588	την	T-ASF	LXX_WH
Dán 4:36	G5092	τιμην	N-ASF	LXX_WH
Dán 4:36	G3588	της	T-GSF	LXX_WH
Dán 4:36	G0932	βασιλειας	N-GSF	LXX_WH
Dán 4:36	G1473	μου	P-GS	LXX_WH
Dán 4:36	G2064	ηλθον	V-AAI-1S	LXX_WH
Dán 4:36	G2532	και	CONJ	LXX_WH
Dán 4:36	G3588	η	T-NSF	LXX_WH
Dán 4:36	G3444	μορφη	N-NSF	LXX_WH
Dán 4:36	G1473	μου	P-GS	LXX_WH
Dán 4:36	G1994	επεστρεψεν	V-AAI-3S	LXX_WH
Dán 4:36	G1909	επ	PREP	LXX_WH
Dán 4:36	G1473	εμε	P-AS	LXX_WH
Dán 4:36	G2532	και	CONJ	LXX_WH
Dán 4:36	G3588	οι	T-NPM	LXX_WH
Dán 4:36	G5181	τυραννοι	N-NPM	LXX_WH
Dán 4:36	G1473	μου	P-GS	LXX_WH
Dán 4:36	G2532	και	CONJ	LXX_WH
Dán 4:36	G3588	οι	T-NPM	LXX_WH
Dán 4:36		μεγιστανες	N-NPM	ELTERO_SZOVEGALAP
Dán 4:36	G1473	μου	P-GS	LXX_WH
Dán 4:36	G2212	εζητουν	V-IAI-3P	LXX_WH
Dán 4:36	G1473	με	P-AS	LXX_WH
Dán 4:36	G2532	και	CONJ	LXX_WH
Dán 4:36	G1909	επι	PREP	LXX_WH
Dán 4:36	G3588	την	T-ASF	LXX_WH
Dán 4:36	G0932	βασιλειαν	N-ASF	LXX_WH
Dán 4:36	G1473	μου	P-GS	LXX_WH
Dán 4:36	G2901	εκραταιωθην	V-API-1S	LXX_WH
Dán 4:36	G2532	και	CONJ	LXX_WH
Dán 4:36	G3172	μεγαλωσυνη	N-NSF	LXX_WH
Dán 4:36	G4053	περισσοτερα	A-APN	LXX_WH
Dán 4:36	G4369	προσετεθη	V-API-3S	LXX_WH
Dán 4:36	G1473	μοι	P-DS	LXX_WH
Dán 4:37	G3568	νυν	ADV	LXX_WH
Dán 4:37	G3767	ουν	PRT	LXX_WH
Dán 4:37	G1473	εγω	P-NS	LXX_WH
Dán 4:37		ναβουχοδονοσορ	N-PRI	ELTERO_SZOVEGALAP
Dán 4:37	G0134	αινω	V-PAI-1S	LXX_WH
Dán 4:37	G2532	και	CONJ	LXX_WH
Dán 4:37	G5251	υπερυψω	V-PAI-1S	LXX_WH
Dán 4:37	G2532	και	CONJ	LXX_WH
Dán 4:37	G1392	δοξαζω	V-PAI-1S	LXX_WH
Dán 4:37	G3588	τον	T-ASM	LXX_WH
Dán 4:37	G0935	βασιλεα	N-ASM	LXX_WH
Dán 4:37	G3588	του	T-GSM	LXX_WH
Dán 4:37	G3772	ουρανου	N-GSM	LXX_WH
Dán 4:37	G3754	οτι	CONJ	LXX_WH
Dán 4:37	G3956	παντα	A-NPN	LXX_WH
Dán 4:37	G3588	τα	T-NPN	LXX_WH
Dán 4:37	G2041	εργα	N-NPN	LXX_WH
Dán 4:37	G0846	αυτου	D-GSM	LXX_WH
Dán 4:37	G0228	αληθινα	A-NPN	LXX_WH
Dán 4:37	G2532	και	CONJ	LXX_WH
Dán 4:37	G3588	αι	T-NPF	LXX_WH
Dán 4:37	G5147	τριβοι	N-NPF	LXX_WH
Dán 4:37	G0846	αυτου	D-GSM	LXX_WH
Dán 4:37	G2920	κρισις	N-NSF	LXX_WH
Dán 4:37	G2532	και	CONJ	LXX_WH
Dán 4:37	G3956	παντας	A-APM	LXX_WH
Dán 4:37	G3588	τους	T-APM	LXX_WH
Dán 4:37	G4198	πορευομενους	V-PMPAP	LXX_WH
Dán 4:37	G1722	εν	PREP	LXX_WH
Dán 4:37	G5243	υπερηφανια	N-DSF	LXX_WH
Dán 4:37	G1410	δυναται	V-PMI-3S	LXX_WH
Dán 4:37	G5013	ταπεινωσαι	V-AAN	LXX_WH
Dán 5:1		βαλτασαρ	N-PRI	ELTERO_SZOVEGALAP
Dán 5:1	G3588	ο	T-NSM	LXX_WH
Dán 5:1	G0935	βασιλευς	N-NSM	LXX_WH
Dán 5:1	G4160	εποιησεν	V-AAI-3S	LXX_WH
Dán 5:1	G1173	δειπνον	N-ASN	LXX_WH
Dán 5:1	G3173	μεγα	A-ASN	LXX_WH
Dán 5:1	G3588	τοις	T-DPM	LXX_WH
Dán 5:1		μεγιστασιν	N-DPM	ELTERO_SZOVEGALAP
Dán 5:1	G0846	αυτου	D-GSM	LXX_WH
Dán 5:1	G5507	χιλιοις	A-DPM	LXX_WH
Dán 5:1	G2532	και	CONJ	LXX_WH
Dán 5:1	G2713	κατεναντι	PREP	ABP-potolt
Dán 5:1	G3588	των	T-GPM	LXX_WH
Dán 5:1	G5507	χιλιων	A-GPM	LXX_WH
Dán 5:1	G3588	ο	T-NSM	LXX_WH
Dán 5:1	G3631	οινος	N-NSM	LXX_WH
Dán 5:1	G2532	και	CONJ	LXX_WH
Dán 5:1	G4095	πινων	V-PAPNS	LXX_WH
Dán 5:2		βαλτασαρ	N-PRI	ELTERO_SZOVEGALAP
Dán 5:2		ειπεν	V-AAI-3S	ELTERO_SZOVEGALAP
Dán 5:2	G1722	εν	PREP	LXX_WH
Dán 5:2	G3588	τη	T-DSF	LXX_WH
Dán 5:2		γευσει	N-DSF	
Dán 5:2	G3588	του	T-GSM	LXX_WH
Dán 5:2	G3631	οινου	N-GSM	LXX_WH
Dán 5:2	G3588	του	T-GSN	LXX_WH
Dán 5:2	G5342	ενεγκειν	V-AAN	LXX_WH
Dán 5:2	G3588	τα	T-APN	LXX_WH
Dán 5:2	G4632	σκευη	N-APN	LXX_WH
Dán 5:2	G3588	τα	T-APN	LXX_WH
Dán 5:2		χρυσα	A-APN	
Dán 5:2	G2532	και	CONJ	LXX_WH
Dán 5:2	G3588	τα	T-APN	LXX_WH
Dán 5:2	G0693	αργυρα	A-APN	ABP-potolt
Dán 5:2	G3739	α	R-APN	LXX_WH
Dán 5:2	G1627	εξηνεγκεν	V-AAI-3S	LXX_WH
Dán 5:2		ναβουχοδονοσορ	N-PRI	ELTERO_SZOVEGALAP
Dán 5:2	G3588	ο	T-NSM	LXX_WH
Dán 5:2	G3962	πατηρ	N-NSM	LXX_WH
Dán 5:2	G0846	αυτου	D-GSM	LXX_WH
Dán 5:2	G1537	εκ	PREP	LXX_WH
Dán 5:2	G3588	του	T-GSM	LXX_WH
Dán 5:2	G3485	ναου	N-GSM	LXX_WH
Dán 5:2	G3588	του	T-GSM	LXX_WH
Dán 5:2	G1722	εν	PREP	LXX_WH
Dán 5:2	G2419	ιερουσαλημ	N-PRI	LXX_WH
Dán 5:2	G2532	και	CONJ	LXX_WH
Dán 5:2	G4095	πιετωσαν	V-AAD-3P	LXX_WH
Dán 5:2	G1722	εν	PREP	LXX_WH
Dán 5:2	G0846	αυτοις	D-DPN	LXX_WH
Dán 5:2	G3588	ο	T-NSM	LXX_WH
Dán 5:2	G0935	βασιλευς	N-NSM	LXX_WH
Dán 5:2	G2532	και	CONJ	LXX_WH
Dán 5:2	G3588	οι	T-NPM	LXX_WH
Dán 5:2		μεγιστανες	N-NPM	ELTERO_SZOVEGALAP
Dán 5:2	G0846	αυτου	D-GSM	LXX_WH
Dán 5:2	G2532	και	CONJ	LXX_WH
Dán 5:2	G3588	αι	T-NPF	LXX_WH
Dán 5:2		παλλακαι	N-NPF	ELTERO_SZOVEGALAP
Dán 5:2	G0846	αυτου	D-GSM	LXX_WH
Dán 5:2	G2532	και	CONJ	LXX_WH
Dán 5:2	G3588	αι	T-NPF	LXX_WH
Dán 5:2		παρακοιτοι	N-NPF	ELTERO_SZOVEGALAP
Dán 5:2	G0846	αυτου	D-GSM	LXX_WH
Dán 5:3	G2532	και	CONJ	LXX_WH
Dán 5:3	G5342	ηνεχθησαν	V-API-3P	LXX_WH
Dán 5:3	G3588	τα	T-NPN	LXX_WH
Dán 5:3	G4632	σκευη	N-NPN	LXX_WH
Dán 5:3	G3588	τα	T-NPN	LXX_WH
Dán 5:3		χρυσα	A-NPN	
Dán 5:3	G2532	και	CONJ	LXX_WH
Dán 5:3	G3588	τα	T-NPN	LXX_WH
Dán 5:3	G0693	αργυρα	A-NPN	ABP-potolt
Dán 5:3	G3739	α	R-APN	LXX_WH
Dán 5:3	G1627	εξηνεγκεν	V-AAI-3S	LXX_WH
Dán 5:3	G1537	εκ	PREP	LXX_WH
Dán 5:3	G3588	του	T-GSM	LXX_WH
Dán 5:3	G3485	ναου	N-GSM	LXX_WH
Dán 5:3	G3588	του	T-GSM	LXX_WH
Dán 5:3	G2316	θεου	N-GSM	LXX_WH
Dán 5:3	G3588	του	T-GSM	LXX_WH
Dán 5:3	G1722	εν	PREP	LXX_WH
Dán 5:3	G2419	ιερουσαλημ	N-PRI	LXX_WH
Dán 5:3	G2532	και	CONJ	LXX_WH
Dán 5:3	G4095	επινον	V-IAI-3P	LXX_WH
Dán 5:3	G1722	εν	PREP	LXX_WH
Dán 5:3	G0846	αυτοις	D-DPN	LXX_WH
Dán 5:3	G3588	ο	T-NSM	LXX_WH
Dán 5:3	G0935	βασιλευς	N-NSM	LXX_WH
Dán 5:3	G2532	και	CONJ	LXX_WH
Dán 5:3	G3588	οι	T-NPM	LXX_WH
Dán 5:3		μεγιστανες	N-NPM	ELTERO_SZOVEGALAP
Dán 5:3	G0846	αυτου	D-GSM	LXX_WH
Dán 5:3	G2532	και	CONJ	LXX_WH
Dán 5:3	G3588	αι	T-NPF	LXX_WH
Dán 5:3		παλλακαι	N-NPF	ELTERO_SZOVEGALAP
Dán 5:3	G0846	αυτου	D-GSM	LXX_WH
Dán 5:3	G2532	και	CONJ	LXX_WH
Dán 5:3	G3588	αι	T-NPF	LXX_WH
Dán 5:3		παρακοιτοι	N-NPF	ELTERO_SZOVEGALAP
Dán 5:3	G0846	αυτου	D-GSM	LXX_WH
Dán 5:4	G4095	επινον	V-IAI-3P	LXX_WH
Dán 5:4	G3631	οινον	N-ASM	LXX_WH
Dán 5:4	G2532	και	CONJ	LXX_WH
Dán 5:4	G0134	ηνεσαν	V-AAI-3P	LXX_WH
Dán 5:4	G3588	τους	T-APM	LXX_WH
Dán 5:4	G2316	θεους	N-APM	LXX_WH
Dán 5:4	G3588	τους	T-APM	LXX_WH
Dán 5:4	G5552	χρυσους	A-APM	ABP-potolt
Dán 5:4	G2532	και	CONJ	LXX_WH
Dán 5:4		αργυρους	A-APM	
Dán 5:4	G2532	και	CONJ	LXX_WH
Dán 5:4		χαλκους	A-APM	
Dán 5:4	G2532	και	CONJ	LXX_WH
Dán 5:4		σιδηρους	A-APM	
Dán 5:4	G2532	και	CONJ	LXX_WH
Dán 5:4	G3585	ξυλινους	A-APM	LXX_WH
Dán 5:4	G2532	και	CONJ	LXX_WH
Dán 5:4	G3035	λιθινους	A-APM	LXX_WH
Dán 5:5	G1722	εν	PREP	LXX_WH
Dán 5:5	G0846	αυτη	D-DSF	LXX_WH
Dán 5:5	G3588	τη	T-DSF	LXX_WH
Dán 5:5	G5610	ωρα	N-DSF	LXX_WH
Dán 5:5	G1831	εξηλθον	V-AAI-3P	LXX_WH
Dán 5:5	G1147	δακτυλοι	N-NPM	LXX_WH
Dán 5:5	G5495	χειρος	N-GSF	LXX_WH
Dán 5:5	G0444	ανθρωπου	N-GSM	LXX_WH
Dán 5:5	G2532	και	CONJ	LXX_WH
Dán 5:5	G1125	εγραφον	V-IAI-3P	LXX_WH
Dán 5:5	G2713	κατεναντι	PREP	ABP-potolt
Dán 5:5	G3588	της	T-GSF	LXX_WH
Dán 5:5	G2985	λαμπαδος	N-GSF	LXX_WH
Dán 5:5	G1909	επι	PREP	LXX_WH
Dán 5:5	G3588	το	T-ASN	LXX_WH
Dán 5:5		κονιαμα	N-ASN	
Dán 5:5	G3588	του	T-GSM	LXX_WH
Dán 5:5	G5109	τοιχου	N-GSM	LXX_WH
Dán 5:5	G3588	του	T-GSM	LXX_WH
Dán 5:5	G3624	οικου	N-GSM	LXX_WH
Dán 5:5	G3588	του	T-GSM	LXX_WH
Dán 5:5	G0935	βασιλεως	N-GSM	LXX_WH
Dán 5:5	G2532	και	CONJ	LXX_WH
Dán 5:5	G3588	ο	T-NSM	LXX_WH
Dán 5:5	G0935	βασιλευς	N-NSM	LXX_WH
Dán 5:5	G2334	εθεωρει	V-IAI-3S	LXX_WH
Dán 5:5	G3588	τους	T-APM	LXX_WH
Dán 5:5		αστραγαλους	N-APM	
Dán 5:5	G3588	της	T-GSF	LXX_WH
Dán 5:5	G5495	χειρος	N-GSF	LXX_WH
Dán 5:5	G3588	της	T-GSF	LXX_WH
Dán 5:5	G1125	γραφουσης	V-PAPGS	LXX_WH
Dán 5:6	G5119	τοτε	ADV	LXX_WH
Dán 5:6	G3588	του	T-GSM	LXX_WH
Dán 5:6	G0935	βασιλεως	N-GSM	LXX_WH
Dán 5:6	G3588	η	T-NSF	LXX_WH
Dán 5:6	G3444	μορφη	N-NSF	LXX_WH
Dán 5:6	G0241	ηλλοιωθη	V-API-3S	ABP-potolt
Dán 5:6	G2532	και	CONJ	LXX_WH
Dán 5:6	G3588	οι	T-NPM	LXX_WH
Dán 5:6	G1261	διαλογισμοι	N-NPM	LXX_WH
Dán 5:6	G0846	αυτου	D-GSM	LXX_WH
Dán 5:6		συνεταρασσον	V-IAI-3P	ELTERO_SZOVEGALAP
Dán 5:6	G0846	αυτον	D-ASM	LXX_WH
Dán 5:6	G2532	και	CONJ	LXX_WH
Dán 5:6	G3588	οι	T-NPM	LXX_WH
Dán 5:6	G4886	συνδεσμοι	N-NPM	LXX_WH
Dán 5:6	G3588	της	T-GSF	LXX_WH
Dán 5:6	G3751	οσφυος	N-GSF	LXX_WH
Dán 5:6	G0846	αυτου	D-GSM	LXX_WH
Dán 5:6	G1262	διελυοντο	V-IMI-3P	LXX_WH
Dán 5:6	G2532	και	CONJ	LXX_WH
Dán 5:6	G3588	τα	T-NPN	LXX_WH
Dán 5:6	G1119	γονατα	N-NPN	LXX_WH
Dán 5:6	G0846	αυτου	D-GSM	LXX_WH
Dán 5:6		συνεκροτουντο	V-IMI-3P	ELTERO_SZOVEGALAP
Dán 5:7	G2532	και	CONJ	LXX_WH
Dán 5:7	G0994	εβοησεν	V-AAI-3S	LXX_WH
Dán 5:7	G3588	ο	T-NSM	LXX_WH
Dán 5:7	G0935	βασιλευς	N-NSM	LXX_WH
Dán 5:7	G1722	εν	PREP	LXX_WH
Dán 5:7	G2479	ισχυι	N-DSF	LXX_WH
Dán 5:7	G3588	του	T-GSN	LXX_WH
Dán 5:7	G1521	εισαγαγειν	V-AAN	LXX_WH
Dán 5:7	G3097	μαγους	N-APM	LXX_WH
Dán 5:7	G5466	χαλδαιους	N-APM	LXX_WH
Dán 5:7		γαζαρηνους	N-APM	ELTERO_SZOVEGALAP
Dán 5:7	G2532	και	CONJ	LXX_WH
Dán 5:7		ειπεν	V-AAI-3S	
Dán 5:7	G3588	τοις	T-DPM	LXX_WH
Dán 5:7	G4680	σοφοις	A-DPM	LXX_WH
Dán 5:7	G0897	βαβυλωνος	N-GSF	LXX_WH
Dán 5:7	G3739	ος	R-NSM	LXX_WH
Dán 5:7	G0302	αν	PRT	LXX_WH
Dán 5:7	G0314	αναγνω	V-AAS-3S	LXX_WH
Dán 5:7	G3588	την	T-ASF	LXX_WH
Dán 5:7	G1124	γραφην	N-ASF	LXX_WH
Dán 5:7	G3778	ταυτην	D-ASF	LXX_WH
Dán 5:7	G2532	και	CONJ	LXX_WH
Dán 5:7	G3588	την	T-ASF	LXX_WH
Dán 5:7	G4793	συγκρισιν	N-ASF	ABP-potolt
Dán 5:7	G1107	γνωριση	V-AAS-3S	LXX_WH
Dán 5:7	G1473	μοι	P-DS	LXX_WH
Dán 5:7	G4209	πορφυραν	N-ASF	LXX_WH
Dán 5:7	G1746	ενδυσεται	V-FPI-3S	LXX_WH
Dán 5:7	G2532	και	CONJ	LXX_WH
Dán 5:7	G3588	ο	T-NSM	LXX_WH
Dán 5:7		μανιακης	N-NSM	
Dán 5:7	G3588	ο	T-NSM	LXX_WH
Dán 5:7	G5552	χρυσους	A-NSM	ABP-potolt
Dán 5:7	G1909	επι	PREP	LXX_WH
Dán 5:7	G3588	τον	T-ASM	LXX_WH
Dán 5:7	G5137	τραχηλον	N-ASM	LXX_WH
Dán 5:7	G0846	αυτου	D-GSM	LXX_WH
Dán 5:7	G2532	και	CONJ	LXX_WH
Dán 5:7	G5154	τριτος	A-NSM	LXX_WH
Dán 5:7	G1722	εν	PREP	LXX_WH
Dán 5:7	G3588	τη	T-DSF	LXX_WH
Dán 5:7	G0932	βασιλεια	N-DSF	LXX_WH
Dán 5:7	G1473	μου	P-GS	LXX_WH
Dán 5:7	G0757	αρξει	V-FAI-3S	LXX_WH
Dán 5:8	G2532	και	CONJ	LXX_WH
Dán 5:8	G1531	εισεπορευοντο	V-IMI-3P	LXX_WH
Dán 5:8	G3956	παντες	A-NPM	LXX_WH
Dán 5:8	G3588	οι	T-NPM	LXX_WH
Dán 5:8	G4680	σοφοι	A-NPM	LXX_WH
Dán 5:8	G3588	του	T-GSM	LXX_WH
Dán 5:8	G0935	βασιλεως	N-GSM	LXX_WH
Dán 5:8	G2532	και	CONJ	LXX_WH
Dán 5:8	G3364	ουκ	ADV	LXX_WH
Dán 5:8	G1410	ηδυναντο	V-IMI-3P	LXX_WH
Dán 5:8	G3588	την	T-ASF	LXX_WH
Dán 5:8	G1124	γραφην	N-ASF	LXX_WH
Dán 5:8	G0314	αναγνωναι	V-AAN	LXX_WH
Dán 5:8	G3761	ουδε	CONJ	LXX_WH
Dán 5:8	G3588	την	T-ASF	LXX_WH
Dán 5:8	G4793	συγκρισιν	N-ASF	ABP-potolt
Dán 5:8	G1107	γνωρισαι	V-AAN	LXX_WH
Dán 5:8	G3588	τω	T-DSM	LXX_WH
Dán 5:8	G0935	βασιλει	N-DSM	LXX_WH
Dán 5:9	G2532	και	CONJ	LXX_WH
Dán 5:9	G3588	ο	T-NSM	LXX_WH
Dán 5:9	G0935	βασιλευς	N-NSM	LXX_WH
Dán 5:9		βαλτασαρ	N-PRI	ELTERO_SZOVEGALAP
Dán 5:9	G4183	πολυ	ADV	LXX_WH
Dán 5:9	G5015	εταραχθη	V-API-3S	LXX_WH
Dán 5:9	G2532	και	CONJ	LXX_WH
Dán 5:9	G3588	η	T-NSF	LXX_WH
Dán 5:9	G3444	μορφη	N-NSF	LXX_WH
Dán 5:9	G0846	αυτου	D-GSM	LXX_WH
Dán 5:9		ηλλοιωθη	V-API-3S	ELTERO_SZOVEGALAP
Dán 5:9	G1909	επ	PREP	LXX_WH
Dán 5:9	G0846	αυτω	D-DSM	LXX_WH
Dán 5:9	G2532	και	CONJ	LXX_WH
Dán 5:9	G3588	οι	T-NPM	LXX_WH
Dán 5:9		μεγιστανες	N-NPM	ELTERO_SZOVEGALAP
Dán 5:9	G0846	αυτου	D-GSM	LXX_WH
Dán 5:9		συνεταρασσοντο	V-IMI-3P	ELTERO_SZOVEGALAP
Dán 5:10	G2532	και	CONJ	LXX_WH
Dán 5:10	G1525	εισηλθεν	V-AAI-3S	LXX_WH
Dán 5:10	G3588	η	T-NSF	LXX_WH
Dán 5:10	G0938	βασιλισσα	N-NSF	LXX_WH
Dán 5:10	G1519	εις	PREP	LXX_WH
Dán 5:10	G3588	τον	T-ASM	LXX_WH
Dán 5:10	G3624	οικον	N-ASM	LXX_WH
Dán 5:10	G3588	του	T-GSM	LXX_WH
Dán 5:10	G4224	ποτου	N-GSM	LXX_WH
Dán 5:10	G2532	και	CONJ	LXX_WH
Dán 5:10	G2036	ειπεν	V-AAI-3S	ABP-potolt
Dán 5:10	G0935	βασιλευ	N-VSM	LXX_WH
Dán 5:10	G1519	εις	PREP	LXX_WH
Dán 5:10	G3588	τους	T-APM	LXX_WH
Dán 5:10	G0165	αιωνας	N-APM	LXX_WH
Dán 5:10	G2198	ζηθι	V-PAD-2S	LXX_WH
Dán 5:10	G3165	μη	ADV	LXX_WH
Dán 5:10	G5015	ταρασσετωσαν	V-PAD-3P	LXX_WH
Dán 5:10	G4771	σε	P-AS	LXX_WH
Dán 5:10	G3588	οι	T-NPM	LXX_WH
Dán 5:10	G1261	διαλογισμοι	N-NPM	LXX_WH
Dán 5:10	G4771	σου	P-GS	LXX_WH
Dán 5:10	G2532	και	CONJ	LXX_WH
Dán 5:10	G3588	η	T-NSF	LXX_WH
Dán 5:10	G3444	μορφη	N-NSF	LXX_WH
Dán 5:10	G4771	σου	P-GS	LXX_WH
Dán 5:10	G3165	μη	ADV	LXX_WH
Dán 5:10		αλλοιουσθω	V-PMD-3S	ELTERO_SZOVEGALAP
Dán 5:11	G1510	εστιν	V-PAI-3S	LXX_WH
Dán 5:11	G0435	ανηρ	N-NSM	LXX_WH
Dán 5:11	G1722	εν	PREP	LXX_WH
Dán 5:11	G3588	τη	T-DSF	LXX_WH
Dán 5:11	G0932	βασιλεια	N-DSF	LXX_WH
Dán 5:11	G4771	σου	P-GS	LXX_WH
Dán 5:11	G1722	εν	PREP	LXX_WH
Dán 5:11	G3739	ω	R-DSM	LXX_WH
Dán 5:11	G4151	πνευμα	N-NSN	LXX_WH
Dán 5:11	G2316	θεου	N-GSM	LXX_WH
Dán 5:11	G2532	και	CONJ	LXX_WH
Dán 5:11	G1722	εν	PREP	LXX_WH
Dán 5:11	G3588	ταις	T-DPF	LXX_WH
Dán 5:11	G2250	ημεραις	N-DPF	LXX_WH
Dán 5:11	G3588	του	T-GSM	LXX_WH
Dán 5:11	G3962	πατρος	N-GSM	LXX_WH
Dán 5:11	G4771	σου	P-GS	LXX_WH
Dán 5:11		γρηγορησις	N-NSF	ELTERO_SZOVEGALAP
Dán 5:11	G2532	και	CONJ	LXX_WH
Dán 5:11	G4907	συνεσις	N-NSF	LXX_WH
Dán 5:11	G2147	ευρεθη	V-API-3S	LXX_WH
Dán 5:11	G1722	εν	PREP	LXX_WH
Dán 5:11	G0846	αυτω	D-DSM	LXX_WH
Dán 5:11	G2532	και	CONJ	LXX_WH
Dán 5:11	G3588	ο	T-NSM	LXX_WH
Dán 5:11	G0935	βασιλευς	N-NSM	LXX_WH
Dán 5:11		ναβουχοδονοσορ	N-PRI	ELTERO_SZOVEGALAP
Dán 5:11	G3588	ο	T-NSM	LXX_WH
Dán 5:11	G3962	πατηρ	N-NSM	LXX_WH
Dán 5:11	G4771	σου	P-GS	LXX_WH
Dán 5:11	G0758	αρχοντα	N-ASM	LXX_WH
Dán 5:11	G1883	επαοιδων	N-GPM	ABP-potolt
Dán 5:11	G3097	μαγων	N-GPM	LXX_WH
Dán 5:11	G5466	χαλδαιων	N-GPM	LXX_WH
Dán 5:11		γαζαρηνων	N-GPM	ELTERO_SZOVEGALAP
Dán 5:11	G2525	κατεστησεν	V-AAI-3S	LXX_WH
Dán 5:11	G0846	αυτον	D-ASM	LXX_WH
Dán 5:12	G3754	οτι	CONJ	LXX_WH
Dán 5:12	G4151	πνευμα	N-NSN	LXX_WH
Dán 5:12	G4053	περισσον	A-NSN	LXX_WH
Dán 5:12	G1722	εν	PREP	LXX_WH
Dán 5:12	G0846	αυτω	D-DSM	LXX_WH
Dán 5:12	G2532	και	CONJ	LXX_WH
Dán 5:12	G5428	φρονησις	N-NSF	LXX_WH
Dán 5:12	G2532	και	CONJ	LXX_WH
Dán 5:12	G4907	συνεσις	N-NSF	LXX_WH
Dán 5:12	G4793	συγκρινων	V-PAPNS	LXX_WH
Dán 5:12	G1798	ενυπνια	N-APN	LXX_WH
Dán 5:12	G2532	και	CONJ	LXX_WH
Dán 5:12	G0312	αναγγελλων	V-PAPNS	LXX_WH
Dán 5:12	G2902	κρατουμενα	V-PMPAP	LXX_WH
Dán 5:12	G2532	και	CONJ	LXX_WH
Dán 5:12	G3089	λυων	V-PAPNS	LXX_WH
Dán 5:12	G4886	συνδεσμους	N-APM	LXX_WH
Dán 5:12	G1158	δανιηλ	N-PRI	LXX_WH
Dán 5:12	G2532	και	CONJ	LXX_WH
Dán 5:12	G3588	ο	T-NSM	LXX_WH
Dán 5:12	G0935	βασιλευς	N-NSM	LXX_WH
Dán 5:12	G2007	επεθηκεν	V-AAI-3S	LXX_WH
Dán 5:12	G0846	αυτω	D-DSM	LXX_WH
Dán 5:12	G3686	ονομα	N-ASN	LXX_WH
Dán 5:12		βαλτασαρ	N-PRI	ELTERO_SZOVEGALAP
Dán 5:12	G3568	νυν	ADV	LXX_WH
Dán 5:12	G3767	ουν	PRT	LXX_WH
Dán 5:12	G2564	κληθητω	V-APD-3S	LXX_WH
Dán 5:12	G2532	και	CONJ	LXX_WH
Dán 5:12	G3588	την	T-ASF	LXX_WH
Dán 5:12		συγκρισιν	N-ASF	ELTERO_SZOVEGALAP
Dán 5:12	G0846	αυτου	D-GSN	LXX_WH
Dán 5:12	G0312	αναγγελει	V-FAI-3S	LXX_WH
Dán 5:12	G4771	σοι	P-DS	LXX_WH
Dán 5:13	G5119	τοτε	ADV	LXX_WH
Dán 5:13	G1158	δανιηλ	N-PRI	LXX_WH
Dán 5:13	G1521	εισηχθη	V-API-3S	LXX_WH
Dán 5:13	G1799	ενωπιον	PREP	LXX_WH
Dán 5:13	G3588	του	T-GSM	LXX_WH
Dán 5:13	G0935	βασιλεως	N-GSM	LXX_WH
Dán 5:13	G2532	και	CONJ	LXX_WH
Dán 5:13	G2036	ειπεν	V-AAI-3S	ABP-potolt
Dán 5:13	G3588	ο	T-NSM	LXX_WH
Dán 5:13	G0935	βασιλευς	N-NSM	LXX_WH
Dán 5:13	G3588	τω	T-DSM	LXX_WH
Dán 5:13	G1158	δανιηλ	N-PRI	LXX_WH
Dán 5:13	G4771	συ	P-NS	LXX_WH
Dán 5:13	G1510	ει	V-PAI-2S	LXX_WH
Dán 5:13	G1158	δανιηλ	N-PRI	LXX_WH
Dán 5:13	G3588	ο	T-NSM	LXX_WH
Dán 5:13	G0575	απο	PREP	LXX_WH
Dán 5:13	G3588	των	T-GPM	LXX_WH
Dán 5:13	G5207	υιων	N-GPM	LXX_WH
Dán 5:13	G3588	της	T-GSF	LXX_WH
Dán 5:13	G0161	αιχμαλωσιας	N-GSF	LXX_WH
Dán 5:13	G3588	της	T-GSF	LXX_WH
Dán 5:13	G2449	ιουδαιας	N-GSF	LXX_WH
Dán 5:13	G3739	ης	R-GSF	LXX_WH
Dán 5:13	G0071	ηγαγεν	V-AAI-3S	LXX_WH
Dán 5:13	G3588	ο	T-NSM	LXX_WH
Dán 5:13	G0935	βασιλευς	N-NSM	LXX_WH
Dán 5:13	G3588	ο	T-NSM	LXX_WH
Dán 5:13	G3962	πατηρ	N-NSM	LXX_WH
Dán 5:13	G1473	μου	P-GS	LXX_WH
Dán 5:14	G0191	ηκουσα	V-AAI-1S	LXX_WH
Dán 5:14	G4012	περι	PREP	LXX_WH
Dán 5:14	G4771	σου	P-GS	LXX_WH
Dán 5:14	G3754	οτι	CONJ	LXX_WH
Dán 5:14	G4151	πνευμα	N-NSN	LXX_WH
Dán 5:14	G2316	θεου	N-GSM	LXX_WH
Dán 5:14	G1722	εν	PREP	LXX_WH
Dán 5:14	G4771	σοι	P-DS	LXX_WH
Dán 5:14	G2532	και	CONJ	LXX_WH
Dán 5:14		γρηγορησις	N-NSF	
Dán 5:14	G2532	και	CONJ	LXX_WH
Dán 5:14	G4907	συνεσις	N-NSF	LXX_WH
Dán 5:14	G2532	και	CONJ	LXX_WH
Dán 5:14	G4678	σοφια	N-NSF	LXX_WH
Dán 5:14	G4053	περισση	A-NSF	LXX_WH
Dán 5:14	G2147	ευρεθη	V-API-3S	LXX_WH
Dán 5:14	G1722	εν	PREP	LXX_WH
Dán 5:14	G4771	σοι	P-DS	LXX_WH
Dán 5:15	G2532	και	CONJ	LXX_WH
Dán 5:15	G3568	νυν	ADV	LXX_WH
Dán 5:15	G1525	εισηλθον	V-AAI-3P	LXX_WH
Dán 5:15	G1799	ενωπιον	PREP	LXX_WH
Dán 5:15	G1473	μου	P-GS	LXX_WH
Dán 5:15	G3588	οι	T-NPM	LXX_WH
Dán 5:15	G4680	σοφοι	A-NPM	LXX_WH
Dán 5:15	G3097	μαγοι	N-NPM	LXX_WH
Dán 5:15	G1048	γαζαρηνοι	N-NPM	ABP-potolt
Dán 5:15	G2443	ινα	CONJ	LXX_WH
Dán 5:15	G3588	την	T-ASF	LXX_WH
Dán 5:15	G1124	γραφην	N-ASF	LXX_WH
Dán 5:15	G3778	ταυτην	D-ASF	LXX_WH
Dán 5:15	G0314	αναγνωσιν	V-AAS-3P	LXX_WH
Dán 5:15	G2532	και	CONJ	LXX_WH
Dán 5:15	G3588	την	T-ASF	LXX_WH
Dán 5:15		συγκρισιν	N-ASF	ELTERO_SZOVEGALAP
Dán 5:15	G0846	αυτης	D-GSF	LXX_WH
Dán 5:15	G1107	γνωρισωσιν	V-AAS-3P	LXX_WH
Dán 5:15	G1473	μοι	P-DS	LXX_WH
Dán 5:15	G2532	και	CONJ	LXX_WH
Dán 5:15	G3364	ουκ	ADV	LXX_WH
Dán 5:15	G1410	ηδυνηθησαν	V-API-3P	LXX_WH
Dán 5:15	G0312	αναγγειλαι	V-AAN	LXX_WH
Dán 5:15	G1473	μοι	P-DS	LXX_WH
Dán 5:16	G2532	και	CONJ	LXX_WH
Dán 5:16	G1473	εγω	P-NS	LXX_WH
Dán 5:16	G0191	ηκουσα	V-AAI-1S	LXX_WH
Dán 5:16	G4012	περι	PREP	LXX_WH
Dán 5:16	G4771	σου	P-GS	LXX_WH
Dán 5:16	G3754	οτι	CONJ	LXX_WH
Dán 5:16	G1410	δυνασαι	V-PMI-2S	LXX_WH
Dán 5:16	G2917	κριματα	N-APN	LXX_WH
Dán 5:16	G4793	συγκριναι	V-AAN	LXX_WH
Dán 5:16	G3568	νυν	ADV	LXX_WH
Dán 5:16	G3767	ουν	PRT	LXX_WH
Dán 5:16	G1437	εαν	CONJ	LXX_WH
Dán 5:16	G1410	δυνηθης	V-APS-2S	LXX_WH
Dán 5:16	G3588	την	T-ASF	LXX_WH
Dán 5:16	G1124	γραφην	N-ASF	LXX_WH
Dán 5:16	G0314	αναγνωναι	V-AAN	LXX_WH
Dán 5:16	G2532	και	CONJ	LXX_WH
Dán 5:16	G3588	την	T-ASF	LXX_WH
Dán 5:16		συγκρισιν	N-ASF	ELTERO_SZOVEGALAP
Dán 5:16	G0846	αυτης	D-GSF	LXX_WH
Dán 5:16	G1107	γνωρισαι	V-AAN	LXX_WH
Dán 5:16	G1473	μοι	P-DS	LXX_WH
Dán 5:16	G4209	πορφυραν	N-ASF	LXX_WH
Dán 5:16	G1746	ενδυση	V-FMI-2S	LXX_WH
Dán 5:16	G2532	και	CONJ	LXX_WH
Dán 5:16	G3588	ο	T-NSM	LXX_WH
Dán 5:16	G3130	μανιακης	N-NSM	ABP-potolt
Dán 5:16	G3588	ο	T-NSM	LXX_WH
Dán 5:16	G5552	χρυσους	A-NSM	ABP-potolt
Dán 5:16	G1510	εσται	V-FMI-3S	LXX_WH
Dán 5:16	G1909	επι	PREP	LXX_WH
Dán 5:16	G3588	τον	T-ASM	LXX_WH
Dán 5:16	G5137	τραχηλον	N-ASM	LXX_WH
Dán 5:16	G4771	σου	P-GS	LXX_WH
Dán 5:16	G2532	και	CONJ	LXX_WH
Dán 5:16	G5154	τριτος	A-NSM	LXX_WH
Dán 5:16	G1722	εν	PREP	LXX_WH
Dán 5:16	G3588	τη	T-DSF	LXX_WH
Dán 5:16	G0932	βασιλεια	N-DSF	LXX_WH
Dán 5:16	G1473	μου	P-GS	LXX_WH
Dán 5:16	G0757	αρξεις	V-FAI-2S	LXX_WH
Dán 5:17	G5119	τοτε	ADV	LXX_WH
Dán 5:17		απεκριθη	V-API-3S	ELTERO_SZOVEGALAP
Dán 5:17	G1158	δανιηλ	N-PRI	LXX_WH
Dán 5:17	G2532	και	CONJ	LXX_WH
Dán 5:17	G2036	ειπεν	V-AAI-3S	ABP-potolt
Dán 5:17	G1799	ενωπιον	PREP	LXX_WH
Dán 5:17	G3588	του	T-GSM	LXX_WH
Dán 5:17	G0935	βασιλεως	N-GSM	LXX_WH
Dán 5:17	G3588	τα	T-NPN	LXX_WH
Dán 5:17	G1390	δοματα	N-NPN	LXX_WH
Dán 5:17	G4771	σου	P-GS	LXX_WH
Dán 5:17	G4771	σοι	P-DS	LXX_WH
Dán 5:17	G1510	εστω	V-PAD-3S	LXX_WH
Dán 5:17	G2532	και	CONJ	LXX_WH
Dán 5:17	G3588	την	T-ASF	LXX_WH
Dán 5:17	G1431	δωρεαν	N-ASF	LXX_WH
Dán 5:17	G3588	της	T-GSF	LXX_WH
Dán 5:17	G3614	οικιας	N-GSF	LXX_WH
Dán 5:17	G4771	σου	P-GS	LXX_WH
Dán 5:17	G2087	ετερω	A-DSM	LXX_WH
Dán 5:17	G1325	δος	V-AAD-2S	LXX_WH
Dán 5:17	G1473	εγω	P-NS	LXX_WH
Dán 5:17	G1161	δε	PRT	LXX_WH
Dán 5:17	G3588	την	T-ASF	LXX_WH
Dán 5:17	G1124	γραφην	N-ASF	LXX_WH
Dán 5:17	G0314	αναγνωσομαι	V-FMI-1S	LXX_WH
Dán 5:17	G3588	τω	T-DSM	LXX_WH
Dán 5:17	G0935	βασιλει	N-DSM	LXX_WH
Dán 5:17	G2532	και	CONJ	LXX_WH
Dán 5:17	G3588	την	T-ASF	LXX_WH
Dán 5:17		συγκρισιν	N-ASF	ELTERO_SZOVEGALAP
Dán 5:17	G0846	αυτης	D-GSF	LXX_WH
Dán 5:17	G1107	γνωρισω	V-AAS-1S	LXX_WH
Dán 5:17	G4771	σοι	P-DS	LXX_WH
Dán 5:18	G0935	βασιλευ	N-VSM	LXX_WH
Dán 5:18	G3588	ο	T-NSM	LXX_WH
Dán 5:18	G2316	θεος	N-NSM	LXX_WH
Dán 5:18	G3588	ο	T-NSM	LXX_WH
Dán 5:18	G5310	υψιστος	A-NSM	LXX_WH
Dán 5:18	G3588	την	T-ASF	LXX_WH
Dán 5:18	G0932	βασιλειαν	N-ASF	LXX_WH
Dán 5:18	G2532	και	CONJ	LXX_WH
Dán 5:18	G3588	την	T-ASF	LXX_WH
Dán 5:18	G3172	μεγαλωσυνην	N-ASF	LXX_WH
Dán 5:18	G2532	και	CONJ	LXX_WH
Dán 5:18	G3588	την	T-ASF	LXX_WH
Dán 5:18	G5092	τιμην	N-ASF	LXX_WH
Dán 5:18	G2532	και	CONJ	LXX_WH
Dán 5:18	G3588	την	T-ASF	LXX_WH
Dán 5:18	G1391	δοξαν	N-ASF	LXX_WH
Dán 5:18	G1325	εδωκεν	V-AAI-3S	LXX_WH
Dán 5:18		ναβουχοδονοσορ	N-PRI	ELTERO_SZOVEGALAP
Dán 5:18	G3588	τω	T-DSM	LXX_WH
Dán 5:18	G3962	πατρι	N-DSM	LXX_WH
Dán 5:18	G4771	σου	P-GS	LXX_WH
Dán 5:19	G2532	και	CONJ	LXX_WH
Dán 5:19	G0575	απο	PREP	LXX_WH
Dán 5:19	G3588	της	T-GSF	LXX_WH
Dán 5:19	G3172	μεγαλωσυνης	N-GSF	LXX_WH
Dán 5:19	G3739	ης	R-GSF	LXX_WH
Dán 5:19	G1325	εδωκεν	V-AAI-3S	LXX_WH
Dán 5:19	G0846	αυτω	D-DSM	LXX_WH
Dán 5:19	G3956	παντες	A-NPM	LXX_WH
Dán 5:19	G3588	οι	T-NPM	LXX_WH
Dán 5:19	G2992	λαοι	N-NPM	LXX_WH
Dán 5:19	G5443	φυλαι	N-NPF	LXX_WH
Dán 5:19	G1100	γλωσσαι	N-NPF	LXX_WH
Dán 5:19	G1510	ησαν	V-IAI-3P	LXX_WH
Dán 5:19	G5141	τρεμοντες	V-PAPNP	LXX_WH
Dán 5:19	G2532	και	CONJ	LXX_WH
Dán 5:19	G5399	φοβουμενοι	V-PMPNP	LXX_WH
Dán 5:19	G0575	απο	PREP	LXX_WH
Dán 5:19	G4383	προσωπου	N-GSN	LXX_WH
Dán 5:19	G0846	αυτου	D-GSM	LXX_WH
Dán 5:19	G3739	ους	R-APM	LXX_WH
Dán 5:19	G1014	ηβουλετο	V-IMI-3S	LXX_WH
Dán 5:19	G0846	αυτος	D-NSM	LXX_WH
Dán 5:19	G0337	ανηρει	V-IAI-3S	LXX_WH
Dán 5:19	G2532	και	CONJ	LXX_WH
Dán 5:19	G3739	ους	R-APM	LXX_WH
Dán 5:19	G1014	ηβουλετο	V-IMI-3S	LXX_WH
Dán 5:19	G0846	αυτος	D-NSM	LXX_WH
Dán 5:19	G5180	ετυπτεν	V-IAI-3S	LXX_WH
Dán 5:19	G2532	και	CONJ	LXX_WH
Dán 5:19	G3739	ους	R-APM	LXX_WH
Dán 5:19	G1014	ηβουλετο	V-IMI-3S	LXX_WH
Dán 5:19	G0846	αυτος	D-NSM	LXX_WH
Dán 5:19	G5312	υψου	V-IAI-3S	LXX_WH
Dán 5:19	G2532	και	CONJ	LXX_WH
Dán 5:19	G3739	ους	R-APM	LXX_WH
Dán 5:19	G1014	ηβουλετο	V-IMI-3S	LXX_WH
Dán 5:19	G0846	αυτος	D-NSM	LXX_WH
Dán 5:19	G5013	εταπεινου	V-IAI-3S	LXX_WH
Dán 5:20	G2532	και	CONJ	LXX_WH
Dán 5:20	G3753	οτε	ADV	LXX_WH
Dán 5:20	G5312	υψωθη	V-API-3S	LXX_WH
Dán 5:20	G3588	η	T-NSF	LXX_WH
Dán 5:20	G2588	καρδια	N-NSF	LXX_WH
Dán 5:20	G0846	αυτου	D-GSM	LXX_WH
Dán 5:20	G2532	και	CONJ	LXX_WH
Dán 5:20	G3588	το	T-NSN	LXX_WH
Dán 5:20	G4151	πνευμα	N-NSN	LXX_WH
Dán 5:20	G0846	αυτου	D-GSM	LXX_WH
Dán 5:20	G2901	εκραταιωθη	V-API-3S	LXX_WH
Dán 5:20	G3588	του	T-GSN	LXX_WH
Dán 5:20	G5242	υπερηφανευσασθαι	V-AMN	ABP-potolt
Dán 5:20	G2702	κατηνεχθη	V-API-3S	LXX_WH
Dán 5:20	G0575	απο	PREP	LXX_WH
Dán 5:20	G3588	του	T-GSM	LXX_WH
Dán 5:20	G2362	θρονου	N-GSM	LXX_WH
Dán 5:20	G3588	της	T-GSF	LXX_WH
Dán 5:20	G0932	βασιλειας	N-GSF	LXX_WH
Dán 5:20	G0846	αυτου	D-GSM	LXX_WH
Dán 5:20	G2532	και	CONJ	LXX_WH
Dán 5:20	G3588	η	T-NSF	LXX_WH
Dán 5:20	G5092	τιμη	N-NSF	LXX_WH
Dán 5:20	G0851	αφηρεθη	V-API-3S	ABP-potolt
Dán 5:20	G0575	απ	PREP	LXX_WH
Dán 5:20	G0846	αυτου	D-GSM	LXX_WH
Dán 5:21	G2532	και	CONJ	LXX_WH
Dán 5:21	G0575	απο	PREP	LXX_WH
Dán 5:21	G3588	των	T-GPM	LXX_WH
Dán 5:21	G0444	ανθρωπων	N-GPM	LXX_WH
Dán 5:21	G1559	εξεδιωχθη	V-API-3S	LXX_WH
Dán 5:21	G2532	και	CONJ	LXX_WH
Dán 5:21	G3588	η	T-NSF	LXX_WH
Dán 5:21	G2588	καρδια	N-NSF	LXX_WH
Dán 5:21	G0846	αυτου	D-GSM	LXX_WH
Dán 5:21	G3326	μετα	PREP	LXX_WH
Dán 5:21	G3588	των	T-GPN	LXX_WH
Dán 5:21	G2342	θηριων	N-GPN	LXX_WH
Dán 5:21	G1325	εδοθη	V-API-3S	LXX_WH
Dán 5:21	G2532	και	CONJ	LXX_WH
Dán 5:21	G3326	μετα	PREP	LXX_WH
Dán 5:21		οναγρων	N-GPM	ELTERO_SZOVEGALAP
Dán 5:21	G3588	η	T-NSF	LXX_WH
Dán 5:21	G2733	κατοικια	N-NSF	LXX_WH
Dán 5:21	G0846	αυτου	D-GSM	LXX_WH
Dán 5:21	G2532	και	CONJ	LXX_WH
Dán 5:21	G5528	χορτον	N-ASM	LXX_WH
Dán 5:21	G3739	ως	CONJ	LXX_WH
Dán 5:21	G1016	βουν	N-ASM	LXX_WH
Dán 5:21	G5595	εψωμιζον	V-IAI-3S	LXX_WH
Dán 5:21	G0846	αυτον	D-ASM	LXX_WH
Dán 5:21	G2532	και	CONJ	LXX_WH
Dán 5:21	G0575	απο	PREP	LXX_WH
Dán 5:21	G3588	της	T-GSF	LXX_WH
Dán 5:21		δροσου	N-GSF	
Dán 5:21	G3588	του	T-GSM	LXX_WH
Dán 5:21	G3772	ουρανου	N-GSM	LXX_WH
Dán 5:21	G3588	το	T-NSN	LXX_WH
Dán 5:21	G4983	σωμα	N-NSN	LXX_WH
Dán 5:21	G0846	αυτου	D-GSM	LXX_WH
Dán 5:21	G0911	εβαφη	V-API-3S	LXX_WH
Dán 5:21	G2193	εως	PREP	LXX_WH
Dán 5:21	G3739	ου	R-GSM	LXX_WH
Dán 5:21	G1097	εγνω	V-AAI-3S	LXX_WH
Dán 5:21	G3754	οτι	CONJ	LXX_WH
Dán 5:21	G2961	κυριευει	V-PAI-3S	LXX_WH
Dán 5:21	G3588	ο	T-NSM	LXX_WH
Dán 5:21	G2316	θεος	N-NSM	LXX_WH
Dán 5:21	G3588	ο	T-NSM	LXX_WH
Dán 5:21	G5310	υψιστος	A-NSM	LXX_WH
Dán 5:21	G3588	της	T-GSF	LXX_WH
Dán 5:21	G0932	βασιλειας	N-GSF	LXX_WH
Dán 5:21	G3588	των	T-GPM	LXX_WH
Dán 5:21	G0444	ανθρωπων	N-GPM	LXX_WH
Dán 5:21	G2532	και	CONJ	LXX_WH
Dán 5:21	G3739	ω	R-DSM	LXX_WH
Dán 5:21	G0302	αν	PRT	LXX_WH
Dán 5:21	G1380	δοξη	V-AAS-3S	LXX_WH
Dán 5:21	G1325	δωσει	V-FAI-3S	LXX_WH
Dán 5:21	G0846	αυτην	D-ASF	LXX_WH
Dán 5:22	G2532	και	CONJ	LXX_WH
Dán 5:22	G4771	συ	P-NS	LXX_WH
Dán 5:22	G3588	ο	T-NSM	LXX_WH
Dán 5:22	G5207	υιος	N-NSM	LXX_WH
Dán 5:22	G0846	αυτου	D-GSM	LXX_WH
Dán 5:22		βαλτασαρ	N-PRI	ELTERO_SZOVEGALAP
Dán 5:22	G3364	ουκ	ADV	LXX_WH
Dán 5:22	G5013	εταπεινωσας	V-AAI-2S	LXX_WH
Dán 5:22	G3588	την	T-ASF	LXX_WH
Dán 5:22	G2588	καρδιαν	N-ASF	LXX_WH
Dán 5:22	G4771	σου	P-GS	LXX_WH
Dán 5:22		κατενωπιον	PREP	ELTERO_SZOVEGALAP
Dán 5:22	G3739	ου	R-GSM	LXX_WH
Dán 5:22	G3956	παντα	A-APN	LXX_WH
Dán 5:22	G3778	ταυτα	D-APN	LXX_WH
Dán 5:22	G1097	εγνως	V-AAI-2S	LXX_WH
Dán 5:23	G2532	και	CONJ	LXX_WH
Dán 5:23	G1909	επι	PREP	LXX_WH
Dán 5:23	G3588	τον	T-ASM	LXX_WH
Dán 5:23	G2962	κυριον	N-ASM	LXX_WH
Dán 5:23	G2316	θεον	N-ASM	LXX_WH
Dán 5:23	G3588	του	T-GSM	LXX_WH
Dán 5:23	G3772	ουρανου	N-GSM	LXX_WH
Dán 5:23	G5312	υψωθης	V-API-2S	LXX_WH
Dán 5:23	G2532	και	CONJ	LXX_WH
Dán 5:23	G3588	τα	T-APN	LXX_WH
Dán 5:23	G4632	σκευη	N-APN	LXX_WH
Dán 5:23	G3588	του	T-GSM	LXX_WH
Dán 5:23	G3624	οικου	N-GSM	LXX_WH
Dán 5:23	G0846	αυτου	D-GSM	LXX_WH
Dán 5:23	G5342	ηνεγκαν	V-AAI-3P	LXX_WH
Dán 5:23	G1799	ενωπιον	PREP	LXX_WH
Dán 5:23	G4771	σου	P-GS	LXX_WH
Dán 5:23	G2532	και	CONJ	LXX_WH
Dán 5:23	G4771	συ	P-NS	LXX_WH
Dán 5:23	G2532	και	CONJ	LXX_WH
Dán 5:23	G3588	οι	T-NPM	LXX_WH
Dán 5:23		μεγιστανες	N-NPM	ELTERO_SZOVEGALAP
Dán 5:23	G4771	σου	P-GS	LXX_WH
Dán 5:23	G2532	και	CONJ	LXX_WH
Dán 5:23	G3588	αι	T-NPF	LXX_WH
Dán 5:23		παλλακαι	N-NPF	ELTERO_SZOVEGALAP
Dán 5:23	G4771	σου	P-GS	LXX_WH
Dán 5:23	G2532	και	CONJ	LXX_WH
Dán 5:23	G3588	αι	T-NPF	LXX_WH
Dán 5:23		παρακοιτοι	N-NPF	ELTERO_SZOVEGALAP
Dán 5:23	G4771	σου	P-GS	LXX_WH
Dán 5:23	G3631	οινον	N-ASM	LXX_WH
Dán 5:23	G4095	επινετε	V-IAI-2P	LXX_WH
Dán 5:23	G1722	εν	PREP	LXX_WH
Dán 5:23	G0846	αυτοις	D-DPN	LXX_WH
Dán 5:23	G2532	και	CONJ	LXX_WH
Dán 5:23	G3588	τους	T-APM	LXX_WH
Dán 5:23	G2316	θεους	N-APM	LXX_WH
Dán 5:23	G3588	τους	T-APM	LXX_WH
Dán 5:23		χρυσους	A-APM	
Dán 5:23	G2532	και	CONJ	LXX_WH
Dán 5:23		αργυρους	A-APM	
Dán 5:23	G2532	και	CONJ	LXX_WH
Dán 5:23		χαλκους	A-APM	
Dán 5:23	G2532	και	CONJ	LXX_WH
Dán 5:23		σιδηρους	A-APM	
Dán 5:23	G2532	και	CONJ	LXX_WH
Dán 5:23	G3585	ξυλινους	A-APM	LXX_WH
Dán 5:23	G2532	και	CONJ	LXX_WH
Dán 5:23	G3035	λιθινους	A-APM	LXX_WH
Dán 5:23	G3739	οι	R-NPM	LXX_WH
Dán 5:23	G3364	ου	ADV	LXX_WH
Dán 5:23	G0991	βλεπουσιν	V-PAI-3P	LXX_WH
Dán 5:23	G2532	και	CONJ	LXX_WH
Dán 5:23	G3364	ουκ	ADV	LXX_WH
Dán 5:23	G0191	ακουουσιν	V-PAI-3P	LXX_WH
Dán 5:23	G2532	και	CONJ	LXX_WH
Dán 5:23	G3364	ου	ADV	LXX_WH
Dán 5:23	G1097	γινωσκουσιν	V-PAI-3P	LXX_WH
Dán 5:23	G0134	ηνεσας	V-AAI-2S	LXX_WH
Dán 5:23	G2532	και	CONJ	LXX_WH
Dán 5:23	G3588	τον	T-ASM	LXX_WH
Dán 5:23	G2316	θεον	N-ASM	LXX_WH
Dán 5:23	G3739	ου	R-GSM	LXX_WH
Dán 5:23	G3588	η	T-NSF	LXX_WH
Dán 5:23	G4157	πνοη	N-NSF	LXX_WH
Dán 5:23	G4771	σου	P-GS	LXX_WH
Dán 5:23	G1722	εν	PREP	LXX_WH
Dán 5:23	G5495	χειρι	N-DSF	LXX_WH
Dán 5:23	G0846	αυτου	D-GSM	LXX_WH
Dán 5:23	G2532	και	CONJ	LXX_WH
Dán 5:23	G3956	πασαι	A-NPF	LXX_WH
Dán 5:23	G3588	αι	T-NPF	LXX_WH
Dán 5:23	G3598	οδοι	N-NPF	LXX_WH
Dán 5:23	G4771	σου	P-GS	LXX_WH
Dán 5:23	G0846	αυτον	D-ASM	LXX_WH
Dán 5:23	G3364	ουκ	ADV	LXX_WH
Dán 5:23	G1392	εδοξασας	V-AAI-2S	LXX_WH
Dán 5:24	G1223	δια	PREP	LXX_WH
Dán 5:24	G3778	τουτο	D-ASN	LXX_WH
Dán 5:24	G1537	εκ	PREP	LXX_WH
Dán 5:24	G4383	προσωπου	N-GSN	LXX_WH
Dán 5:24	G0846	αυτου	D-GSM	LXX_WH
Dán 5:24	G0649	απεσταλη	V-API-3S	LXX_WH
Dán 5:24	G0795	αστραγαλος	N-NSM	ABP-potolt
Dán 5:24	G5495	χειρος	N-GSF	LXX_WH
Dán 5:24	G2532	και	CONJ	LXX_WH
Dán 5:24	G3588	την	T-ASF	LXX_WH
Dán 5:24	G1124	γραφην	N-ASF	LXX_WH
Dán 5:24	G3778	ταυτην	D-ASF	LXX_WH
Dán 5:24		ενεταξεν	V-AAI-3S	ELTERO_SZOVEGALAP
Dán 5:25	G2532	και	CONJ	LXX_WH
Dán 5:25	G3778	αυτη	D-NSF	LXX_WH
Dán 5:25	G3588	η	T-NSF	LXX_WH
Dán 5:25	G1124	γραφη	N-NSF	LXX_WH
Dán 5:25	G3588	η	T-NSF	LXX_WH
Dán 5:25		εντεταγμενη	V-RMPNS	ELTERO_SZOVEGALAP
Dán 5:25		μανη	N-PRI	ELTERO_SZOVEGALAP
Dán 5:25		θεκελ	N-PRI	ELTERO_SZOVEGALAP
Dán 5:25	G5329	φαρες	N-PRI	LXX_WH
Dán 5:26	G3778	τουτο	D-NSN	LXX_WH
Dán 5:26	G3588	το	T-NSN	LXX_WH
Dán 5:26	G4792	συγκριμα	N-NSN	ABP-potolt
Dán 5:26	G3588	του	T-GSN	LXX_WH
Dán 5:26	G4487	ρηματος	N-GSN	LXX_WH
Dán 5:26	G3128	μανη	N-PRI	ABP-potolt
Dán 5:26	G3354	εμετρησεν	V-AAI-3S	LXX_WH
Dán 5:26	G3588	ο	T-NSM	LXX_WH
Dán 5:26	G2316	θεος	N-NSM	LXX_WH
Dán 5:26	G3588	την	T-ASF	LXX_WH
Dán 5:26	G0932	βασιλειαν	N-ASF	LXX_WH
Dán 5:26	G4771	σου	P-GS	LXX_WH
Dán 5:26	G2532	και	CONJ	LXX_WH
Dán 5:26	G4137	επληρωσεν	V-AAI-3S	LXX_WH
Dán 5:26	G0846	αυτην	D-ASF	LXX_WH
Dán 5:27	G2306	θεκελ	N-PRI	ABP-potolt
Dán 5:27	G2476	εσταθη	V-API-3S	LXX_WH
Dán 5:27	G1722	εν	PREP	LXX_WH
Dán 5:27	G2218	ζυγω	N-DSM	LXX_WH
Dán 5:27	G2532	και	CONJ	LXX_WH
Dán 5:27	G2147	ευρεθη	V-API-3S	LXX_WH
Dán 5:27	G5302	υστερουσα	V-PAPNS	LXX_WH
Dán 5:28	G5329	φαρες	N-PRI	LXX_WH
Dán 5:28	G1244	διηρηται	V-RMI-3S	LXX_WH
Dán 5:28	G3588	η	T-NSF	LXX_WH
Dán 5:28	G0932	βασιλεια	N-NSF	LXX_WH
Dán 5:28	G4771	σου	P-GS	LXX_WH
Dán 5:28	G2532	και	CONJ	LXX_WH
Dán 5:28	G1325	εδοθη	V-API-3S	LXX_WH
Dán 5:28	G3370	μηδοις	N-DPM	LXX_WH
Dán 5:28	G2532	και	CONJ	LXX_WH
Dán 5:28		περσαις	N-DPM	ELTERO_SZOVEGALAP
Dán 5:29	G2532	και	CONJ	LXX_WH
Dán 5:29		ειπεν	V-AAI-3S	ELTERO_SZOVEGALAP
Dán 5:29		βαλτασαρ	N-PRI	ELTERO_SZOVEGALAP
Dán 5:29	G2532	και	CONJ	LXX_WH
Dán 5:29	G1746	ενεδυσαν	V-AAI-3P	LXX_WH
Dán 5:29	G3588	τον	T-ASM	LXX_WH
Dán 5:29	G1158	δανιηλ	N-PRI	LXX_WH
Dán 5:29	G4209	πορφυραν	N-ASF	LXX_WH
Dán 5:29	G2532	και	CONJ	LXX_WH
Dán 5:29	G3588	τον	T-ASM	LXX_WH
Dán 5:29	G3130	μανιακην	N-ASM	ABP-potolt
Dán 5:29	G3588	τον	T-ASM	LXX_WH
Dán 5:29	G5552	χρυσουν	A-ASM	ABP-potolt
Dán 5:29	G4060	περιεθηκαν	V-AAI-3P	LXX_WH
Dán 5:29	G4012	περι	PREP	LXX_WH
Dán 5:29	G3588	τον	T-ASM	LXX_WH
Dán 5:29	G5137	τραχηλον	N-ASM	LXX_WH
Dán 5:29	G0846	αυτου	D-GSM	LXX_WH
Dán 5:29	G2532	και	CONJ	LXX_WH
Dán 5:29	G2784	εκηρυξεν	V-AAI-3S	LXX_WH
Dán 5:29	G4012	περι	PREP	LXX_WH
Dán 5:29	G0846	αυτου	D-GSM	LXX_WH
Dán 5:29	G1510	ειναι	V-PAN	LXX_WH
Dán 5:29	G0846	αυτον	D-ASM	LXX_WH
Dán 5:29	G0758	αρχοντα	N-ASM	LXX_WH
Dán 5:29	G5154	τριτον	A-ASM	LXX_WH
Dán 5:29	G1722	εν	PREP	LXX_WH
Dán 5:29	G3588	τη	T-DSF	LXX_WH
Dán 5:29	G0932	βασιλεια	N-DSF	LXX_WH
Dán 5:30	G1722	εν	PREP	LXX_WH
Dán 5:30	G0846	αυτη	D-DSF	LXX_WH
Dán 5:30	G3588	τη	T-DSF	LXX_WH
Dán 5:30	G3571	νυκτι	N-DSF	LXX_WH
Dán 5:30	G0337	αναιρεθη	V-API-3S	LXX_WH
Dán 5:30		βαλτασαρ	N-PRI	ELTERO_SZOVEGALAP
Dán 5:30	G3588	ο	T-NSM	LXX_WH
Dán 5:30	G0935	βασιλευς	N-NSM	LXX_WH
Dán 5:30	G3588	ο	T-NSM	LXX_WH
Dán 5:30	G5466	χαλδαιων	N-GPM	LXX_WH
Dán 5:31	G2532	και	CONJ	LXX_WH
Dán 5:31		δαρειος	N-NSM	ELTERO_SZOVEGALAP
Dán 5:31	G3588	ο	T-NSM	LXX_WH
Dán 5:31	G3370	μηδος	N-NSM	LXX_WH
Dán 5:31	G3880	παρελαβεν	V-AAI-3S	LXX_WH
Dán 5:31	G3588	την	T-ASF	LXX_WH
Dán 5:31	G0932	βασιλειαν	N-ASF	LXX_WH
Dán 5:31	G1510	ων	V-PAPNS	LXX_WH
Dán 5:31	G2094	ετων	N-GPN	LXX_WH
Dán 5:31	G1835	εξηκοντα	N-NUI	LXX_WH
Dán 5:31	G1417	δυο	N-NUI	LXX_WH
Dán 6:1	G2532	και	CONJ	LXX_WH
Dán 6:1	G0700	ηρεσεν	V-AAI-3S	LXX_WH
Dán 6:1	G1799	ενωπιον	PREP	LXX_WH
Dán 6:1		δαρειου	N-GSM	ELTERO_SZOVEGALAP
Dán 6:1	G2532	και	CONJ	LXX_WH
Dán 6:1	G2525	κατεστησεν	V-AAI-3S	LXX_WH
Dán 6:1	G1909	επι	PREP	LXX_WH
Dán 6:1	G3588	της	T-GSF	LXX_WH
Dán 6:1	G0932	βασιλειας	N-GSF	LXX_WH
Dán 6:1	G4568	σατραπας	N-APM	ABP-potolt
Dán 6:1	G1540	εκατον	N-NUI	LXX_WH
Dán 6:1	G1501	εικοσι	N-NUI	LXX_WH
Dán 6:1	G3588	του	T-GSN	LXX_WH
Dán 6:1	G1510	ειναι	V-PAN	LXX_WH
Dán 6:1	G0846	αυτους	D-APM	LXX_WH
Dán 6:1	G1722	εν	PREP	LXX_WH
Dán 6:1	G3650	ολη	A-DSF	LXX_WH
Dán 6:1	G3588	τη	T-DSF	LXX_WH
Dán 6:1	G0932	βασιλεια	N-DSF	LXX_WH
Dán 6:1	G0846	αυτου	D-GSM	LXX_WH
Dán 6:2	G2532	και	CONJ	LXX_WH
Dán 6:2	G1883	επανω	PREP	LXX_WH
Dán 6:2	G0846	αυτων	D-GPM	LXX_WH
Dán 6:2		τακτικους	N-APM	ELTERO_SZOVEGALAP
Dán 6:2	G5140	τρεις	A-APM	LXX_WH
Dán 6:2	G3739	ων	R-GPM	LXX_WH
Dán 6:2	G1510	ην	V-IAI-3S	LXX_WH
Dán 6:2	G1158	δανιηλ	N-PRI	LXX_WH
Dán 6:2	G1519	εις	A-NSM	LXX_WH
Dán 6:2	G1537	εξ	PREP	LXX_WH
Dán 6:2	G0846	αυτων	D-GPM	LXX_WH
Dán 6:2	G3588	του	T-GSN	LXX_WH
Dán 6:2	G0591	αποδιδοναι	V-PAN	LXX_WH
Dán 6:2	G0846	αυτοις	D-DPM	LXX_WH
Dán 6:2	G3588	τους	T-APM	LXX_WH
Dán 6:2	G4568	σατραπας	N-APM	ABP-potolt
Dán 6:2	G3056	λογον	N-ASM	LXX_WH
Dán 6:2	G3704	οπως	CONJ	LXX_WH
Dán 6:2	G3588	ο	T-NSM	LXX_WH
Dán 6:2	G0935	βασιλευς	N-NSM	LXX_WH
Dán 6:2	G3165	μη	ADV	LXX_WH
Dán 6:2	G1776	ενοχληται	V-PMI-3S	LXX_WH
Dán 6:3	G2532	και	CONJ	LXX_WH
Dán 6:3	G1510	ην	V-IAI-3S	LXX_WH
Dán 6:3	G1158	δανιηλ	N-PRI	LXX_WH
Dán 6:3	G5228	υπερ	PREP	LXX_WH
Dán 6:3	G0846	αυτους	D-APM	LXX_WH
Dán 6:3	G3754	οτι	CONJ	LXX_WH
Dán 6:3	G4151	πνευμα	N-NSN	LXX_WH
Dán 6:3	G4053	περισσον	A-NSN	LXX_WH
Dán 6:3	G1722	εν	PREP	LXX_WH
Dán 6:3	G0846	αυτω	D-DSM	LXX_WH
Dán 6:3	G2532	και	CONJ	LXX_WH
Dán 6:3	G3588	ο	T-NSM	LXX_WH
Dán 6:3	G0935	βασιλευς	N-NSM	LXX_WH
Dán 6:3	G2525	κατεστησεν	V-AAI-3S	LXX_WH
Dán 6:3	G0846	αυτον	D-ASM	LXX_WH
Dán 6:3	G1909	εφ	PREP	LXX_WH
Dán 6:3	G3650	ολης	A-GSF	LXX_WH
Dán 6:3	G3588	της	T-GSF	LXX_WH
Dán 6:3	G0932	βασιλειας	N-GSF	LXX_WH
Dán 6:3	G0846	αυτου	D-GSM	LXX_WH
Dán 6:4	G2532	και	CONJ	LXX_WH
Dán 6:4	G3588	οι	T-NPM	LXX_WH
Dán 6:4	G5001	τακτικοι	N-NPM	ABP-potolt
Dán 6:4	G2532	και	CONJ	LXX_WH
Dán 6:4	G3588	οι	T-NPM	LXX_WH
Dán 6:4	G4568	σατραπαι	N-NPM	ABP-potolt
Dán 6:4	G2212	εζητουν	V-IAI-3P	LXX_WH
Dán 6:4	G4392	προφασιν	N-ASF	LXX_WH
Dán 6:4	G2147	ευρειν	V-AAN	LXX_WH
Dán 6:4	G2596	κατα	PREP	LXX_WH
Dán 6:4	G1158	δανιηλ	N-PRI	LXX_WH
Dán 6:4	G2532	και	CONJ	LXX_WH
Dán 6:4	G3956	πασαν	A-ASF	LXX_WH
Dán 6:4	G4392	προφασιν	N-ASF	LXX_WH
Dán 6:4	G2532	και	CONJ	LXX_WH
Dán 6:4	G3900	παραπτωμα	N-ASN	LXX_WH
Dán 6:4	G2532	και	CONJ	LXX_WH
Dán 6:4		αμβλακημα	N-ASN	ELTERO_SZOVEGALAP
Dán 6:4	G3364	ουχ	ADV	LXX_WH
Dán 6:4	G2147	ευρον	V-AAI-3P	LXX_WH
Dán 6:4	G2596	κατ	PREP	LXX_WH
Dán 6:4	G0846	αυτου	D-GSM	LXX_WH
Dán 6:4	G3754	οτι	CONJ	LXX_WH
Dán 6:4	G4103	πιστος	A-NSM	LXX_WH
Dán 6:4	G1510	ην	V-IAI-3S	LXX_WH
Dán 6:5	G2532	και	CONJ	LXX_WH
Dán 6:5	G2036	ειπον	V-AAI-3P	ABP-potolt
Dán 6:5	G3588	οι	T-NPM	LXX_WH
Dán 6:5		τακτικοι	N-NPM	ELTERO_SZOVEGALAP
Dán 6:5	G3364	ουχ	ADV	LXX_WH
Dán 6:5	G2147	ευρησομεν	V-FAI-1P	LXX_WH
Dán 6:5	G2596	κατα	PREP	LXX_WH
Dán 6:5	G1158	δανιηλ	N-PRI	LXX_WH
Dán 6:5	G4392	προφασιν	N-ASF	LXX_WH
Dán 6:5	G1487	ει	CONJ	LXX_WH
Dán 6:5	G3165	μη	ADV	LXX_WH
Dán 6:5	G1722	εν	PREP	LXX_WH
Dán 6:5	G3545	νομιμοις	A-DPM	LXX_WH
Dán 6:5	G2316	θεου	N-GSM	LXX_WH
Dán 6:5	G0846	αυτου	D-GSM	LXX_WH
Dán 6:6	G5119	τοτε	ADV	LXX_WH
Dán 6:6	G3588	οι	T-NPM	LXX_WH
Dán 6:6		τακτικοι	N-NPM	
Dán 6:6	G2532	και	CONJ	LXX_WH
Dán 6:6	G3588	οι	T-NPM	LXX_WH
Dán 6:6	G4568	σατραπαι	N-NPM	ABP-potolt
Dán 6:6	G3936	παρεστησαν	V-AAI-3P	LXX_WH
Dán 6:6	G3588	τω	T-DSM	LXX_WH
Dán 6:6	G0935	βασιλει	N-DSM	LXX_WH
Dán 6:6	G2532	και	CONJ	LXX_WH
Dán 6:6		ειπαν	V-AAI-3P	ELTERO_SZOVEGALAP
Dán 6:6	G0846	αυτω	D-DSM	LXX_WH
Dán 6:6		δαρειε	N-VSM	ELTERO_SZOVEGALAP
Dán 6:6	G0935	βασιλευ	N-VSM	LXX_WH
Dán 6:6	G1519	εις	PREP	LXX_WH
Dán 6:6	G3588	τους	T-APM	LXX_WH
Dán 6:6	G0165	αιωνας	N-APM	LXX_WH
Dán 6:6	G2198	ζηθι	V-PAD-2S	LXX_WH
Dán 6:7	G4823	συνεβουλευσαντο	V-AMI-3P	LXX_WH
Dán 6:7	G3956	παντες	A-NPM	LXX_WH
Dán 6:7	G3588	οι	T-NPM	LXX_WH
Dán 6:7	G1909	επι	PREP	LXX_WH
Dán 6:7	G3588	της	T-GSF	LXX_WH
Dán 6:7	G0932	βασιλειας	N-GSF	LXX_WH
Dán 6:7	G4771	σου	P-GS	LXX_WH
Dán 6:7	G4755	στρατηγοι	N-NPM	LXX_WH
Dán 6:7	G2532	και	CONJ	LXX_WH
Dán 6:7		σατραπαι	N-NPM	ELTERO_SZOVEGALAP
Dán 6:7		υπατοι	N-NPM	ELTERO_SZOVEGALAP
Dán 6:7	G2532	και	CONJ	LXX_WH
Dán 6:7	G5116	τοπαρχαι	N-NPM	ABP-potolt
Dán 6:7	G3588	του	T-GSN	LXX_WH
Dán 6:7	G2476	στησαι	V-AAN	LXX_WH
Dán 6:7	G4714	στασει	N-DSF	LXX_WH
Dán 6:7	G0937	βασιλικη	A-DSF	LXX_WH
Dán 6:7	G2532	και	CONJ	LXX_WH
Dán 6:7	G1765	ενισχυσαι	V-AAN	LXX_WH
Dán 6:7	G3725	ορισμον	N-ASM	ABP-potolt
Dán 6:7	G3704	οπως	CONJ	LXX_WH
Dán 6:7	G3739	ος	R-NSM	LXX_WH
Dán 6:7	G0302	αν	PRT	LXX_WH
Dán 6:7	G0154	αιτηση	V-AAS-3S	LXX_WH
Dán 6:7	G0155	αιτημα	N-ASN	LXX_WH
Dán 6:7	G3844	παρα	PREP	LXX_WH
Dán 6:7	G3956	παντος	A-GSM	LXX_WH
Dán 6:7	G2316	θεου	N-GSM	LXX_WH
Dán 6:7	G2532	και	CONJ	LXX_WH
Dán 6:7	G0444	ανθρωπου	N-GSM	LXX_WH
Dán 6:7	G2193	εως	PREP	LXX_WH
Dán 6:7	G2250	ημερων	N-GPF	LXX_WH
Dán 6:7	G5144	τριακοντα	N-NUI	LXX_WH
Dán 6:7	G0235	αλλ	CONJ	LXX_WH
Dán 6:7	G2228	η	CONJ	LXX_WH
Dán 6:7	G3844	παρα	PREP	LXX_WH
Dán 6:7	G4771	σου	P-GS	LXX_WH
Dán 6:7	G0935	βασιλευ	N-VSM	LXX_WH
Dán 6:7	G1685	εμβληθησεται	V-FPI-3S	LXX_WH
Dán 6:7	G1519	εις	PREP	LXX_WH
Dán 6:7	G3588	τον	T-ASM	LXX_WH
Dán 6:7		λακκον	N-ASM	
Dán 6:7	G3588	των	T-GPM	LXX_WH
Dán 6:7	G3023	λεοντων	N-GPM	LXX_WH
Dán 6:8	G3568	νυν	ADV	LXX_WH
Dán 6:8	G3767	ουν	PRT	LXX_WH
Dán 6:8	G0935	βασιλευ	N-VSM	LXX_WH
Dán 6:8	G2476	στησον	V-AAD-2S	LXX_WH
Dán 6:8	G3588	τον	T-ASM	LXX_WH
Dán 6:8		ορισμον	N-ASM	
Dán 6:8	G2532	και	CONJ	LXX_WH
Dán 6:8	G1620	εκθες	V-AAD-2S	LXX_WH
Dán 6:8	G1124	γραφην	N-ASF	LXX_WH
Dán 6:8	G3704	οπως	CONJ	LXX_WH
Dán 6:8	G3165	μη	ADV	LXX_WH
Dán 6:8		αλλοιωθη	V-APS-3S	ELTERO_SZOVEGALAP
Dán 6:8	G3588	το	T-NSN	LXX_WH
Dán 6:8	G1378	δογμα	N-NSN	LXX_WH
Dán 6:8	G3370	μηδων	N-GPM	LXX_WH
Dán 6:8	G2532	και	CONJ	LXX_WH
Dán 6:8		περσων	N-GPM	ELTERO_SZOVEGALAP
Dán 6:9	G5119	τοτε	ADV	LXX_WH
Dán 6:9	G3588	ο	T-NSM	LXX_WH
Dán 6:9	G0935	βασιλευς	N-NSM	LXX_WH
Dán 6:9		δαρειος	N-NSM	
Dán 6:9	G2004	επεταξεν	V-AAI-3S	LXX_WH
Dán 6:9	G1125	γραφηναι	V-APN	LXX_WH
Dán 6:9	G3588	το	T-ASN	LXX_WH
Dán 6:9	G1378	δογμα	N-ASN	LXX_WH
Dán 6:10	G2532	και	CONJ	LXX_WH
Dán 6:10	G1158	δανιηλ	N-PRI	LXX_WH
Dán 6:10	G2259	ηνικα	ADV	LXX_WH
Dán 6:10	G1097	εγνω	V-AAI-3S	LXX_WH
Dán 6:10	G3754	οτι	CONJ	LXX_WH
Dán 6:10	G1778	ενεταγη	V-API-3S	ABP-potolt
Dán 6:10	G3588	το	T-NSN	LXX_WH
Dán 6:10	G1378	δογμα	N-NSN	LXX_WH
Dán 6:10	G1525	εισηλθεν	V-AAI-3S	LXX_WH
Dán 6:10	G1519	εις	PREP	LXX_WH
Dán 6:10	G3588	τον	T-ASM	LXX_WH
Dán 6:10	G3624	οικον	N-ASM	LXX_WH
Dán 6:10	G0846	αυτου	D-GSM	LXX_WH
Dán 6:10	G2532	και	CONJ	LXX_WH
Dán 6:10	G3588	αι	T-NPF	LXX_WH
Dán 6:10	G2376	θυριδες	N-NPF	LXX_WH
Dán 6:10	G0455	ανεωγμεναι	V-RMPNP	LXX_WH
Dán 6:10	G0846	αυτω	D-DSM	LXX_WH
Dán 6:10	G1722	εν	PREP	LXX_WH
Dán 6:10	G3588	τοις	T-DPN	LXX_WH
Dán 6:10	G5253	υπερωοις	N-DPN	LXX_WH
Dán 6:10	G0846	αυτου	D-GSM	LXX_WH
Dán 6:10		κατεναντι	PREP	ELTERO_SZOVEGALAP
Dán 6:10	G2419	ιερουσαλημ	N-PRI	LXX_WH
Dán 6:10	G2532	και	CONJ	LXX_WH
Dán 6:10	G2540	καιρους	N-APM	LXX_WH
Dán 6:10	G5140	τρεις	A-APM	LXX_WH
Dán 6:10	G3588	της	T-GSF	LXX_WH
Dán 6:10	G2250	ημερας	N-GSF	LXX_WH
Dán 6:10	G1510	ην	V-IAI-3S	LXX_WH
Dán 6:10	G2578	καμπτων	V-PAPNS	LXX_WH
Dán 6:10	G1909	επι	PREP	LXX_WH
Dán 6:10	G3588	τα	T-APN	LXX_WH
Dán 6:10	G1119	γονατα	N-APN	LXX_WH
Dán 6:10	G0846	αυτου	D-GSM	LXX_WH
Dán 6:10	G2532	και	CONJ	LXX_WH
Dán 6:10	G4336	προσευχομενος	V-PMPNS	LXX_WH
Dán 6:10	G2532	και	CONJ	LXX_WH
Dán 6:10	G1843	εξομολογουμενος	V-PMPNS	LXX_WH
Dán 6:10	G1726	εναντιον	PREP	LXX_WH
Dán 6:10	G3588	του	T-GSM	LXX_WH
Dán 6:10	G2316	θεου	N-GSM	LXX_WH
Dán 6:10	G0846	αυτου	D-GSM	LXX_WH
Dán 6:10	G2531	καθως	ADV	LXX_WH
Dán 6:10	G1510	ην	V-IAI-3S	LXX_WH
Dán 6:10	G4169	ποιων	A-GPM	LXX_WH
Dán 6:10	G1715	εμπροσθεν	ADV	LXX_WH
Dán 6:11	G5119	τοτε	ADV	LXX_WH
Dán 6:11	G3588	οι	T-NPM	LXX_WH
Dán 6:11	G0435	ανδρες	N-NPM	LXX_WH
Dán 6:11	G1565	εκεινοι	D-NPM	LXX_WH
Dán 6:11	G3906	παρετηρησαν	V-AAI-3P	LXX_WH
Dán 6:11	G2532	και	CONJ	LXX_WH
Dán 6:11	G2147	ευρον	V-AAI-3P	LXX_WH
Dán 6:11	G3588	τον	T-ASM	LXX_WH
Dán 6:11	G1158	δανιηλ	N-PRI	LXX_WH
Dán 6:11	G0515	αξιουντα	V-PAPAS	LXX_WH
Dán 6:11	G2532	και	CONJ	LXX_WH
Dán 6:11	G1210	δεομενον	V-PMPAS	LXX_WH
Dán 6:11	G3588	του	T-GSM	LXX_WH
Dán 6:11	G2316	θεου	N-GSM	LXX_WH
Dán 6:11	G0846	αυτου	D-GSM	LXX_WH
Dán 6:12	G2532	και	CONJ	LXX_WH
Dán 6:12	G4334	προσελθοντες	V-AAPNP	LXX_WH
Dán 6:12	G3004	λεγουσιν	V-PAI-3P	LXX_WH
Dán 6:12	G3588	τω	T-DSM	LXX_WH
Dán 6:12	G0935	βασιλει	N-DSM	LXX_WH
Dán 6:12	G0935	βασιλευ	N-VSM	LXX_WH
Dán 6:12	G3364	ουχ	ADV	LXX_WH
Dán 6:12		ορισμον	N-ASM	ELTERO_SZOVEGALAP
Dán 6:12	G5021	εταξας	V-AAI-2S	LXX_WH
Dán 6:12	G3704	οπως	CONJ	LXX_WH
Dán 6:12	G3956	πας	A-NSM	LXX_WH
Dán 6:12	G0444	ανθρωπος	N-NSM	LXX_WH
Dán 6:12	G3739	ος	R-NSM	LXX_WH
Dán 6:12	G0302	αν	PRT	LXX_WH
Dán 6:12	G0154	αιτηση	V-AAS-3S	LXX_WH
Dán 6:12	G3844	παρα	PREP	LXX_WH
Dán 6:12	G3956	παντος	A-GSM	LXX_WH
Dán 6:12	G2316	θεου	N-GSM	LXX_WH
Dán 6:12	G2532	και	CONJ	LXX_WH
Dán 6:12	G0444	ανθρωπου	N-GSM	LXX_WH
Dán 6:12	G0155	αιτημα	N-ASN	LXX_WH
Dán 6:12	G2193	εως	PREP	LXX_WH
Dán 6:12	G2250	ημερων	N-GPF	LXX_WH
Dán 6:12	G5144	τριακοντα	N-NUI	LXX_WH
Dán 6:12	G0235	αλλ	CONJ	LXX_WH
Dán 6:12	G2228	η	CONJ	LXX_WH
Dán 6:12	G3844	παρα	PREP	LXX_WH
Dán 6:12	G4771	σου	P-GS	LXX_WH
Dán 6:12	G0935	βασιλευ	N-VSM	LXX_WH
Dán 6:12	G1685	εμβληθησεται	V-FPI-3S	LXX_WH
Dán 6:12	G1519	εις	PREP	LXX_WH
Dán 6:12	G3588	τον	T-ASM	LXX_WH
Dán 6:12	G2978	λακκον	N-ASM	ABP-potolt
Dán 6:12	G3588	των	T-GPM	LXX_WH
Dán 6:12	G3023	λεοντων	N-GPM	LXX_WH
Dán 6:12	G2532	και	CONJ	LXX_WH
Dán 6:12	G2036	ειπεν	V-AAI-3S	ABP-potolt
Dán 6:12	G3588	ο	T-NSM	LXX_WH
Dán 6:12	G0935	βασιλευς	N-NSM	LXX_WH
Dán 6:12	G0228	αληθινος	A-NSM	LXX_WH
Dán 6:12	G3588	ο	T-NSM	LXX_WH
Dán 6:12	G3056	λογος	N-NSM	LXX_WH
Dán 6:12	G2532	και	CONJ	LXX_WH
Dán 6:12	G3588	το	T-NSN	LXX_WH
Dán 6:12	G1378	δογμα	N-NSN	LXX_WH
Dán 6:12	G3370	μηδων	N-GPM	LXX_WH
Dán 6:12	G2532	και	CONJ	LXX_WH
Dán 6:12		περσων	N-GPM	ELTERO_SZOVEGALAP
Dán 6:12	G3364	ου	ADV	LXX_WH
Dán 6:12	G3928	παρελευσεται	V-FMI-3S	LXX_WH
Dán 6:13	G5119	τοτε	ADV	LXX_WH
Dán 6:13	G0611	απεκριθησαν	V-API-3P	ABP-potolt
Dán 6:13	G2532	και	CONJ	LXX_WH
Dán 6:13	G3004	λεγουσιν	V-PAI-3P	LXX_WH
Dán 6:13	G1799	ενωπιον	PREP	LXX_WH
Dán 6:13	G3588	του	T-GSM	LXX_WH
Dán 6:13	G0935	βασιλεως	N-GSM	LXX_WH
Dán 6:13	G1158	δανιηλ	N-PRI	LXX_WH
Dán 6:13	G3588	ο	T-NSM	LXX_WH
Dán 6:13	G0575	απο	PREP	LXX_WH
Dán 6:13	G3588	των	T-GPM	LXX_WH
Dán 6:13	G5207	υιων	N-GPM	LXX_WH
Dán 6:13	G3588	της	T-GSF	LXX_WH
Dán 6:13	G0161	αιχμαλωσιας	N-GSF	LXX_WH
Dán 6:13	G3588	της	T-GSF	LXX_WH
Dán 6:13	G2449	ιουδαιας	N-GSF	LXX_WH
Dán 6:13	G3364	ουχ	ADV	LXX_WH
Dán 6:13	G5293	υπεταγη	V-API-3S	LXX_WH
Dán 6:13	G3588	τω	T-DSN	LXX_WH
Dán 6:13	G1378	δογματι	N-DSN	LXX_WH
Dán 6:13	G4771	σου	P-GS	LXX_WH
Dán 6:13	G4012	περι	PREP	LXX_WH
Dán 6:13	G3588	του	T-GSM	LXX_WH
Dán 6:13	G0935	ορισμου	N-GSM	ABP-potolt
Dán 6:13	G3739	ου	R-GSM	LXX_WH
Dán 6:13	G5021	εταξας	V-AAI-2S	LXX_WH
Dán 6:13	G2532	και	CONJ	LXX_WH
Dán 6:13	G2540	καιρους	N-APM	LXX_WH
Dán 6:13	G5140	τρεις	A-APM	LXX_WH
Dán 6:13	G3588	της	T-GSF	LXX_WH
Dán 6:13	G2250	ημερας	N-GSF	LXX_WH
Dán 6:13	G0154	αιτει	V-PAI-3S	LXX_WH
Dán 6:13	G3844	παρα	PREP	LXX_WH
Dán 6:13	G3588	του	T-GSM	LXX_WH
Dán 6:13	G2316	θεου	N-GSM	LXX_WH
Dán 6:13	G0846	αυτου	D-GSM	LXX_WH
Dán 6:13	G3588	τα	T-APN	LXX_WH
Dán 6:13	G0155	αιτηματα	N-APN	LXX_WH
Dán 6:13	G0846	αυτου	D-GSM	LXX_WH
Dán 6:14	G5119	τοτε	ADV	LXX_WH
Dán 6:14	G3588	ο	T-NSM	LXX_WH
Dán 6:14	G0935	βασιλευς	N-NSM	LXX_WH
Dán 6:14	G3739	ως	CONJ	LXX_WH
Dán 6:14	G3588	το	T-ASN	LXX_WH
Dán 6:14	G4487	ρημα	N-ASN	LXX_WH
Dán 6:14	G0191	ηκουσεν	V-AAI-3S	LXX_WH
Dán 6:14	G4183	πολυ	ADV	LXX_WH
Dán 6:14	G3076	ελυπηθη	V-API-3S	LXX_WH
Dán 6:14	G1909	επ	PREP	LXX_WH
Dán 6:14	G0846	αυτω	D-DSM	LXX_WH
Dán 6:14	G2532	και	CONJ	LXX_WH
Dán 6:14	G4012	περι	PREP	LXX_WH
Dán 6:14	G3588	του	T-GSM	LXX_WH
Dán 6:14	G1158	δανιηλ	N-PRI	LXX_WH
Dán 6:14	G0075	ηγωνισατο	V-AMI-3S	LXX_WH
Dán 6:14	G3588	του	T-GSN	LXX_WH
Dán 6:14	G1807	εξελεσθαι	V-AMN	LXX_WH
Dán 6:14	G0846	αυτον	D-ASM	LXX_WH
Dán 6:14	G2532	και	CONJ	LXX_WH
Dán 6:14	G2193	εως	PREP	LXX_WH
Dán 6:14	G2073	εσπερας	N-GSF	LXX_WH
Dán 6:14	G1510	ην	V-IAI-3S	LXX_WH
Dán 6:14	G0075	αγωνιζομενος	V-PMPNS	LXX_WH
Dán 6:14	G3588	του	T-GSN	LXX_WH
Dán 6:14	G1807	εξελεσθαι	V-AMN	LXX_WH
Dán 6:14	G0846	αυτον	D-ASM	LXX_WH
Dán 6:15	G5119	τοτε	ADV	LXX_WH
Dán 6:15	G3588	οι	T-NPM	LXX_WH
Dán 6:15	G0435	ανδρες	N-NPM	LXX_WH
Dán 6:15	G1565	εκεινοι	D-NPM	LXX_WH
Dán 6:15	G3004	λεγουσιν	V-PAI-3P	LXX_WH
Dán 6:15	G3588	τω	T-DSM	LXX_WH
Dán 6:15	G0935	βασιλει	N-DSM	LXX_WH
Dán 6:15	G1097	γνωθι	V-AAD-2S	LXX_WH
Dán 6:15	G0935	βασιλευ	N-VSM	LXX_WH
Dán 6:15	G3754	οτι	CONJ	LXX_WH
Dán 6:15	G1378	δογμα	N-NSN	LXX_WH
Dán 6:15	G3370	μηδοις	N-DPM	LXX_WH
Dán 6:15	G2532	και	CONJ	LXX_WH
Dán 6:15		περσαις	N-DPM	ELTERO_SZOVEGALAP
Dán 6:15	G3588	του	T-GSM	LXX_WH
Dán 6:15	G3956	παν	A-ASM	LXX_WH
Dán 6:15	G3725	ορισμον	N-ASM	ABP-potolt
Dán 6:15	G2532	και	CONJ	LXX_WH
Dán 6:15	G4714	στασιν	N-ASF	LXX_WH
Dán 6:15	G3739	ην	R-ASF	LXX_WH
Dán 6:15	G0302	αν	PRT	LXX_WH
Dán 6:15	G3588	ο	T-NSM	LXX_WH
Dán 6:15	G0935	βασιλευς	N-NSM	LXX_WH
Dán 6:15	G2476	στηση	V-AAS-3S	LXX_WH
Dán 6:15	G3364	ου	ADV	LXX_WH
Dán 6:15	G1210	δει	V-PAI-3S	LXX_WH
Dán 6:15		παραλλαξαι	V-AAN	ELTERO_SZOVEGALAP
Dán 6:16	G5119	τοτε	ADV	LXX_WH
Dán 6:16	G3588	ο	T-NSM	LXX_WH
Dán 6:16	G0935	βασιλευς	N-NSM	LXX_WH
Dán 6:16	G2036	ειπεν	V-AAI-3S	ABP-potolt
Dán 6:16	G2532	και	CONJ	LXX_WH
Dán 6:16	G0071	ηγαγον	V-AAI-3P	LXX_WH
Dán 6:16	G3588	τον	T-ASM	LXX_WH
Dán 6:16	G1158	δανιηλ	N-PRI	LXX_WH
Dán 6:16	G2532	και	CONJ	LXX_WH
Dán 6:16	G1685	ενεβαλον	V-AAI-3P	LXX_WH
Dán 6:16	G0846	αυτον	D-ASM	LXX_WH
Dán 6:16	G1519	εις	PREP	LXX_WH
Dán 6:16	G3588	τον	T-ASM	LXX_WH
Dán 6:16		λακκον	N-ASM	
Dán 6:16	G3588	των	T-GPM	LXX_WH
Dán 6:16	G3023	λεοντων	N-GPM	LXX_WH
Dán 6:16	G2532	και	CONJ	LXX_WH
Dán 6:16		ειπεν	V-AAI-3S	
Dán 6:16	G3588	ο	T-NSM	LXX_WH
Dán 6:16	G0935	βασιλευς	N-NSM	LXX_WH
Dán 6:16	G3588	τω	T-DSM	LXX_WH
Dán 6:16	G1158	δανιηλ	N-PRI	LXX_WH
Dán 6:16	G3588	ο	T-NSM	LXX_WH
Dán 6:16	G2316	θεος	N-NSM	LXX_WH
Dán 6:16	G4771	σου	P-GS	LXX_WH
Dán 6:16	G3739	ω	R-DSM	LXX_WH
Dán 6:16	G4771	συ	P-NS	LXX_WH
Dán 6:16	G3000	λατρευεις	V-PAI-2S	LXX_WH
Dán 6:16		ενδελεχως	ADV	ELTERO_SZOVEGALAP
Dán 6:16	G0846	αυτος	D-NSM	LXX_WH
Dán 6:16	G1807	εξελειται	V-FMI-3S	LXX_WH
Dán 6:16	G4771	σε	P-AS	LXX_WH
Dán 6:17	G2532	και	CONJ	LXX_WH
Dán 6:17	G5342	ηνεγκαν	V-AAI-3P	LXX_WH
Dán 6:17	G3037	λιθον	N-ASM	LXX_WH
Dán 6:17	G2532	και	CONJ	LXX_WH
Dán 6:17	G2007	επεθηκαν	V-AAI-3P	LXX_WH
Dán 6:17	G1909	επι	PREP	LXX_WH
Dán 6:17	G3588	το	T-ASN	LXX_WH
Dán 6:17	G4750	στομα	N-ASN	LXX_WH
Dán 6:17	G3588	του	T-GSM	LXX_WH
Dán 6:17		λακκου	N-GSM	
Dán 6:17	G2532	και	CONJ	LXX_WH
Dán 6:17	G4972	εσφραγισατο	V-AMI-3S	LXX_WH
Dán 6:17	G3588	ο	T-NSM	LXX_WH
Dán 6:17	G0935	βασιλευς	N-NSM	LXX_WH
Dán 6:17	G1722	εν	PREP	LXX_WH
Dán 6:17	G3588	τω	T-DSM	LXX_WH
Dán 6:17	G1146	δακτυλιω	N-DSM	LXX_WH
Dán 6:17	G0846	αυτου	D-GSM	LXX_WH
Dán 6:17	G2532	και	CONJ	LXX_WH
Dán 6:17	G1722	εν	PREP	LXX_WH
Dán 6:17	G3588	τω	T-DSM	LXX_WH
Dán 6:17	G1146	δακτυλιω	N-DSM	LXX_WH
Dán 6:17	G3588	των	T-GPM	LXX_WH
Dán 6:17		μεγιστανων	N-GPM	ELTERO_SZOVEGALAP
Dán 6:17	G0846	αυτου	D-GSM	LXX_WH
Dán 6:17	G3704	οπως	CONJ	LXX_WH
Dán 6:17	G3165	μη	ADV	LXX_WH
Dán 6:17		αλλοιωθη	V-APS-3S	ELTERO_SZOVEGALAP
Dán 6:17	G4229	πραγμα	N-NSN	LXX_WH
Dán 6:17	G1722	εν	PREP	LXX_WH
Dán 6:17	G3588	τω	T-DSM	LXX_WH
Dán 6:17	G1158	δανιηλ	N-PRI	LXX_WH
Dán 6:18	G2532	και	CONJ	LXX_WH
Dán 6:18	G0565	απηλθεν	V-AAI-3S	LXX_WH
Dán 6:18	G3588	ο	T-NSM	LXX_WH
Dán 6:18	G0935	βασιλευς	N-NSM	LXX_WH
Dán 6:18	G1519	εις	PREP	LXX_WH
Dán 6:18	G3588	τον	T-ASM	LXX_WH
Dán 6:18	G3624	οικον	N-ASM	LXX_WH
Dán 6:18	G0846	αυτου	D-GSM	LXX_WH
Dán 6:18	G2532	και	CONJ	LXX_WH
Dán 6:18	G2837	εκοιμηθη	V-API-3S	LXX_WH
Dán 6:18	G0078	αδειπνος	A-NSM	ABP-potolt
Dán 6:18	G2532	και	CONJ	LXX_WH
Dán 6:18		εδεσματα	N-APN	ELTERO_SZOVEGALAP
Dán 6:18	G3364	ουκ	ADV	LXX_WH
Dán 6:18	G1533	εισηνεγκαν	V-AAI-3P	LXX_WH
Dán 6:18	G0846	αυτω	D-DSM	LXX_WH
Dán 6:18	G2532	και	CONJ	LXX_WH
Dán 6:18	G3588	ο	T-NSM	LXX_WH
Dán 6:18	G5258	υπνος	N-NSM	LXX_WH
Dán 6:18	G0868	απεστη	V-AAI-3S	ABP-potolt
Dán 6:18	G0575	απ	PREP	LXX_WH
Dán 6:18	G0846	αυτου	D-GSM	LXX_WH
Dán 6:18	G2532	και	CONJ	LXX_WH
Dán 6:18	G0608	απεκλεισεν	V-AAI-3S	LXX_WH
Dán 6:18	G3588	ο	T-NSM	LXX_WH
Dán 6:18	G2316	θεος	N-NSM	LXX_WH
Dán 6:18	G3588	τα	T-APN	LXX_WH
Dán 6:18	G4750	στοματα	N-APN	LXX_WH
Dán 6:18	G3588	των	T-GPM	LXX_WH
Dán 6:18	G3023	λεοντων	N-GPM	LXX_WH
Dán 6:18	G2532	και	CONJ	LXX_WH
Dán 6:18	G3364	ου	ADV	LXX_WH
Dán 6:18	G3926	παρηνωχλησαν	V-AAI-3P	LXX_WH
Dán 6:18	G3588	τω	T-DSM	LXX_WH
Dán 6:18	G1158	δανιηλ	N-PRI	LXX_WH
Dán 6:19	G5119	τοτε	ADV	LXX_WH
Dán 6:19	G3588	ο	T-NSM	LXX_WH
Dán 6:19	G0935	βασιλευς	N-NSM	LXX_WH
Dán 6:19	G0450	ανεστη	V-AAI-3S	LXX_WH
Dán 6:19	G3588	το	T-ASN	LXX_WH
Dán 6:19	G4404	πρωι	ADV	LXX_WH
Dán 6:19	G1722	εν	PREP	LXX_WH
Dán 6:19	G3588	τω	T-DSN	LXX_WH
Dán 6:19	G5457	φωτι	N-DSN	LXX_WH
Dán 6:19	G2532	και	CONJ	LXX_WH
Dán 6:19	G1722	εν	PREP	LXX_WH
Dán 6:19	G4710	σπουδη	N-DSF	LXX_WH
Dán 6:19	G2064	ηλθεν	V-AAI-3S	LXX_WH
Dán 6:19	G1909	επι	PREP	LXX_WH
Dán 6:19	G3588	τον	T-ASM	LXX_WH
Dán 6:19	G2978	λακκον	N-ASM	ABP-potolt
Dán 6:19	G3588	των	T-GPM	LXX_WH
Dán 6:19	G3023	λεοντων	N-GPM	LXX_WH
Dán 6:20	G2532	και	CONJ	LXX_WH
Dán 6:20	G1722	εν	PREP	LXX_WH
Dán 6:20	G3588	τω	T-DSN	LXX_WH
Dán 6:20	G1448	εγγιζειν	V-PAN	LXX_WH
Dán 6:20	G0846	αυτον	D-ASM	LXX_WH
Dán 6:20	G3588	τω	T-DSM	LXX_WH
Dán 6:20		λακκω	N-DSM	ELTERO_SZOVEGALAP
Dán 6:20	G0994	εβοησεν	V-AAI-3S	LXX_WH
Dán 6:20	G5456	φωνη	N-DSF	LXX_WH
Dán 6:20	G2478	ισχυρα	A-DSF	LXX_WH
Dán 6:20	G1158	δανιηλ	N-PRI	LXX_WH
Dán 6:20	G3588	ο	T-NSM	LXX_WH
Dán 6:20	G1401	δουλος	N-NSM	LXX_WH
Dán 6:20	G3588	του	T-GSM	LXX_WH
Dán 6:20	G2316	θεου	N-GSM	LXX_WH
Dán 6:20	G3588	του	T-GSM	LXX_WH
Dán 6:20	G2198	ζωντος	V-PAPGS	LXX_WH
Dán 6:20	G3588	ο	T-NSM	LXX_WH
Dán 6:20	G2316	θεος	N-NSM	LXX_WH
Dán 6:20	G4771	σου	P-GS	LXX_WH
Dán 6:20	G3739	ω	R-DSM	LXX_WH
Dán 6:20	G4771	συ	P-NS	LXX_WH
Dán 6:20	G3000	λατρευεις	V-PAI-2S	LXX_WH
Dán 6:20	G1734	ενδελεχως	ADV	ABP-potolt
Dán 6:20	G1487	ει	CONJ	LXX_WH
Dán 6:20	G1410	ηδυνηθη	V-API-3S	LXX_WH
Dán 6:20	G1807	εξελεσθαι	V-AMN	LXX_WH
Dán 6:20	G4771	σε	P-AS	LXX_WH
Dán 6:20	G1537	εκ	PREP	LXX_WH
Dán 6:20	G4750	στοματος	N-GSN	LXX_WH
Dán 6:20	G3588	των	T-GPM	LXX_WH
Dán 6:20	G3023	λεοντων	N-GPM	LXX_WH
Dán 6:21	G2532	και	CONJ	LXX_WH
Dán 6:21		ειπεν	V-AAI-3S	ELTERO_SZOVEGALAP
Dán 6:21	G1158	δανιηλ	N-PRI	LXX_WH
Dán 6:21	G3588	τω	T-DSM	LXX_WH
Dán 6:21	G0935	βασιλει	N-DSM	LXX_WH
Dán 6:21	G0935	βασιλευ	N-VSM	LXX_WH
Dán 6:21	G1519	εις	PREP	LXX_WH
Dán 6:21	G3588	τους	T-APM	LXX_WH
Dán 6:21	G0165	αιωνας	N-APM	LXX_WH
Dán 6:21	G2198	ζηθι	V-PAD-2S	LXX_WH
Dán 6:22	G3588	ο	T-NSM	LXX_WH
Dán 6:22	G2316	θεος	N-NSM	LXX_WH
Dán 6:22	G1473	μου	P-GS	LXX_WH
Dán 6:22	G0649	απεστειλεν	V-AAI-3S	LXX_WH
Dán 6:22	G3588	τον	T-ASM	LXX_WH
Dán 6:22	G0032	αγγελον	N-ASM	LXX_WH
Dán 6:22	G0846	αυτου	D-GSM	LXX_WH
Dán 6:22	G2532	και	CONJ	LXX_WH
Dán 6:22	G1719	ενεφραξεν	V-AAI-3S	ABP-potolt
Dán 6:22	G3588	τα	T-APN	LXX_WH
Dán 6:22	G4750	στοματα	N-APN	LXX_WH
Dán 6:22	G3588	των	T-GPM	LXX_WH
Dán 6:22	G3023	λεοντων	N-GPM	LXX_WH
Dán 6:22	G2532	και	CONJ	LXX_WH
Dán 6:22	G3364	ουκ	ADV	LXX_WH
Dán 6:22		ελυμηναντο	V-AMI-3P	ELTERO_SZOVEGALAP
Dán 6:22	G1473	με	P-AS	LXX_WH
Dán 6:22	G3754	οτι	CONJ	LXX_WH
Dán 6:22		κατεναντι	PREP	ELTERO_SZOVEGALAP
Dán 6:22	G0846	αυτου	D-GSM	LXX_WH
Dán 6:22	G2118	ευθυτης	N-NSF	LXX_WH
Dán 6:22	G2147	ηυρεθη	V-API-3S	LXX_WH
Dán 6:22	G1473	μοι	P-DS	LXX_WH
Dán 6:22	G2532	και	CONJ	LXX_WH
Dán 6:22	G1799	ενωπιον	PREP	LXX_WH
Dán 6:22	G1161	δε	PRT	LXX_WH
Dán 6:22	G4771	σου	P-GS	LXX_WH
Dán 6:22	G0935	βασιλευ	N-VSM	LXX_WH
Dán 6:22	G3900	παραπτωμα	N-ASN	LXX_WH
Dán 6:22	G3364	ουκ	ADV	LXX_WH
Dán 6:22	G4160	εποιησα	V-AAI-1S	LXX_WH
Dán 6:23	G5119	τοτε	ADV	LXX_WH
Dán 6:23	G3588	ο	T-NSM	LXX_WH
Dán 6:23	G0935	βασιλευς	N-NSM	LXX_WH
Dán 6:23	G4183	πολυ	ADV	LXX_WH
Dán 6:23	G0018	ηγαθυνθη	V-API-3S	ABP-potolt
Dán 6:23	G1909	επ	PREP	LXX_WH
Dán 6:23	G0846	αυτω	D-DSM	LXX_WH
Dán 6:23	G2532	και	CONJ	LXX_WH
Dán 6:23	G3588	τον	T-ASM	LXX_WH
Dán 6:23	G1158	δανιηλ	N-PRI	LXX_WH
Dán 6:23		ειπεν	V-AAI-3S	ELTERO_SZOVEGALAP
Dán 6:23	G0399	ανενεγκαι	V-AAN	LXX_WH
Dán 6:23	G1537	εκ	PREP	LXX_WH
Dán 6:23	G3588	του	T-GSM	LXX_WH
Dán 6:23	G2978	λακκου	N-GSM	ABP-potolt
Dán 6:23	G2532	και	CONJ	LXX_WH
Dán 6:23	G0399	ανηνεχθη	V-API-3S	LXX_WH
Dán 6:23	G1158	δανιηλ	N-PRI	LXX_WH
Dán 6:23	G1537	εκ	PREP	LXX_WH
Dán 6:23	G3588	του	T-GSM	LXX_WH
Dán 6:23	G2978	λακκου	N-GSM	ABP-potolt
Dán 6:23	G2532	και	CONJ	LXX_WH
Dán 6:23	G3956	πασα	A-NSF	LXX_WH
Dán 6:23	G1312	διαφθορα	N-NSF	LXX_WH
Dán 6:23	G3364	ουχ	ADV	LXX_WH
Dán 6:23	G2147	ευρεθη	V-API-3S	LXX_WH
Dán 6:23	G1722	εν	PREP	LXX_WH
Dán 6:23	G0846	αυτω	D-DSM	LXX_WH
Dán 6:23	G3754	οτι	CONJ	LXX_WH
Dán 6:23	G4100	επιστευσεν	V-AAI-3S	LXX_WH
Dán 6:23	G1722	εν	PREP	LXX_WH
Dán 6:23	G3588	τω	T-DSM	LXX_WH
Dán 6:23	G2316	θεω	N-DSM	LXX_WH
Dán 6:23	G0846	αυτου	D-GSM	LXX_WH
Dán 6:24	G2532	και	CONJ	LXX_WH
Dán 6:24		ειπεν	V-AAI-3S	
Dán 6:24	G3588	ο	T-NSM	LXX_WH
Dán 6:24	G0935	βασιλευς	N-NSM	LXX_WH
Dán 6:24	G2532	και	CONJ	LXX_WH
Dán 6:24	G0071	ηγαγοσαν	V-AAI-3P	LXX_WH
Dán 6:24	G3588	τους	T-APM	LXX_WH
Dán 6:24	G0435	ανδρας	N-APM	LXX_WH
Dán 6:24	G3588	τους	T-APM	LXX_WH
Dán 6:24	G1225	διαβαλοντας	V-AAPAP	LXX_WH
Dán 6:24	G3588	τον	T-ASM	LXX_WH
Dán 6:24	G1158	δανιηλ	N-PRI	LXX_WH
Dán 6:24	G2532	και	CONJ	LXX_WH
Dán 6:24	G1519	εις	PREP	LXX_WH
Dán 6:24	G3588	τον	T-ASM	LXX_WH
Dán 6:24		λακκον	N-ASM	
Dán 6:24	G3588	των	T-GPM	LXX_WH
Dán 6:24	G3023	λεοντων	N-GPM	LXX_WH
Dán 6:24	G1685	ενεβληθησαν	V-API-3P	LXX_WH
Dán 6:24	G0846	αυτοι	D-NPM	LXX_WH
Dán 6:24	G2532	και	CONJ	LXX_WH
Dán 6:24	G3588	οι	T-NPM	LXX_WH
Dán 6:24	G5207	υιοι	N-NPM	LXX_WH
Dán 6:24	G0846	αυτων	D-GPM	LXX_WH
Dán 6:24	G2532	και	CONJ	LXX_WH
Dán 6:24	G3588	αι	T-NPF	LXX_WH
Dán 6:24	G1135	γυναικες	N-NPF	LXX_WH
Dán 6:24	G0846	αυτων	D-GPM	LXX_WH
Dán 6:24	G2532	και	CONJ	LXX_WH
Dán 6:24	G3364	ουκ	ADV	LXX_WH
Dán 6:24	G5348	εφθασαν	V-AAI-3P	LXX_WH
Dán 6:24	G1519	εις	PREP	LXX_WH
Dán 6:24	G3588	το	T-ASN	LXX_WH
Dán 6:24	G1475	εδαφος	N-ASN	LXX_WH
Dán 6:24	G3588	του	T-GSM	LXX_WH
Dán 6:24	G2978	λακκου	N-GSM	ABP-potolt
Dán 6:24	G2193	εως	PREP	LXX_WH
Dán 6:24	G3739	ου	R-GSM	LXX_WH
Dán 6:24	G2961	εκυριευσαν	V-AAI-3P	LXX_WH
Dán 6:24	G0846	αυτων	D-GPM	LXX_WH
Dán 6:24	G3588	οι	T-NPM	LXX_WH
Dán 6:24	G3023	λεοντες	N-NPM	LXX_WH
Dán 6:24	G2532	και	CONJ	LXX_WH
Dán 6:24	G3956	παντα	A-APN	LXX_WH
Dán 6:24	G3588	τα	T-APN	LXX_WH
Dán 6:24	G3747	οστα	N-APN	LXX_WH
Dán 6:24	G0846	αυτων	D-GPM	LXX_WH
Dán 6:24		ελεπτυναν	V-AAI-3P	ELTERO_SZOVEGALAP
Dán 6:25	G5119	τοτε	ADV	LXX_WH
Dán 6:25		δαρειος	N-NSM	ELTERO_SZOVEGALAP
Dán 6:25	G3588	ο	T-NSM	LXX_WH
Dán 6:25	G0935	βασιλευς	N-NSM	LXX_WH
Dán 6:25	G1125	εγραψεν	V-AAI-3S	LXX_WH
Dán 6:25	G3956	πασι	A-DPM	LXX_WH
Dán 6:25	G3588	τοις	T-DPM	LXX_WH
Dán 6:25	G2992	λαοις	N-DPM	LXX_WH
Dán 6:25	G5443	φυλαις	N-DPF	LXX_WH
Dán 6:25	G1100	γλωσσαις	N-DPF	LXX_WH
Dán 6:25	G3588	τοις	T-DPM	LXX_WH
Dán 6:25	G3611	οικουσιν	V-PAPDP	LXX_WH
Dán 6:25	G1722	εν	PREP	LXX_WH
Dán 6:25	G3956	παση	A-DSF	LXX_WH
Dán 6:25	G3588	τη	T-DSF	LXX_WH
Dán 6:25	G1065	γη	N-DSF	LXX_WH
Dán 6:25	G1515	ειρηνη	N-NSF	LXX_WH
Dán 6:25	G4771	υμιν	P-DP	LXX_WH
Dán 6:25	G4129	πληθυνθειη	V-APO-3S	LXX_WH
Dán 6:26	G1537	εκ	PREP	LXX_WH
Dán 6:26	G4383	προσωπου	N-GSN	LXX_WH
Dán 6:26	G1473	μου	P-GS	LXX_WH
Dán 6:26	G5087	ετεθη	V-API-3S	LXX_WH
Dán 6:26	G1378	δογμα	N-NSN	LXX_WH
Dán 6:26	G3588	του	T-GSN	LXX_WH
Dán 6:26	G1722	εν	PREP	LXX_WH
Dán 6:26	G3956	παση	A-DSF	LXX_WH
Dán 6:26	G0746	αρχη	N-DSF	LXX_WH
Dán 6:26	G3588	της	T-GSF	LXX_WH
Dán 6:26	G0932	βασιλειας	N-GSF	LXX_WH
Dán 6:26	G1473	μου	P-GS	LXX_WH
Dán 6:26	G1510	ειναι	V-PAN	LXX_WH
Dán 6:26	G5141	τρεμοντας	V-PAPAP	LXX_WH
Dán 6:26	G2532	και	CONJ	LXX_WH
Dán 6:26	G5399	φοβουμενους	V-PMPAP	LXX_WH
Dán 6:26	G0575	απο	PREP	LXX_WH
Dán 6:26	G4383	προσωπου	N-GSN	LXX_WH
Dán 6:26	G3588	του	T-GSM	LXX_WH
Dán 6:26	G2316	θεου	N-GSM	LXX_WH
Dán 6:26	G1158	δανιηλ	N-PRI	LXX_WH
Dán 6:26	G3754	οτι	CONJ	LXX_WH
Dán 6:26	G0846	αυτος	D-NSM	LXX_WH
Dán 6:26	G1510	εστιν	V-PAI-3S	LXX_WH
Dán 6:26	G2316	θεος	N-NSM	LXX_WH
Dán 6:26	G2198	ζων	V-PAPNS	LXX_WH
Dán 6:26	G2532	και	CONJ	LXX_WH
Dán 6:26	G3306	μενων	V-PAPNS	LXX_WH
Dán 6:26	G1519	εις	PREP	LXX_WH
Dán 6:26	G3588	τους	T-APM	LXX_WH
Dán 6:26	G0165	αιωνας	N-APM	LXX_WH
Dán 6:26	G2532	και	CONJ	LXX_WH
Dán 6:26	G3588	η	T-NSF	LXX_WH
Dán 6:26	G0932	βασιλεια	N-NSF	LXX_WH
Dán 6:26	G0846	αυτου	D-GSM	LXX_WH
Dán 6:26	G3364	ου	ADV	LXX_WH
Dán 6:26	G1311	διαφθαρησεται	V-FPI-3S	LXX_WH
Dán 6:26	G2532	και	CONJ	LXX_WH
Dán 6:26	G3588	η	T-NSF	LXX_WH
Dán 6:26		κυριεια	N-NSF	ELTERO_SZOVEGALAP
Dán 6:26	G0846	αυτου	D-GSM	LXX_WH
Dán 6:26	G2193	εως	PREP	LXX_WH
Dán 6:26	G5056	τελους	N-GSN	LXX_WH
Dán 6:27	G0482	αντιλαμβανεται	V-PMI-3S	ABP-potolt
Dán 6:27	G2532	και	CONJ	LXX_WH
Dán 6:27	G4506	ρυεται	V-PMI-3S	ABP-potolt
Dán 6:27	G2532	και	CONJ	LXX_WH
Dán 6:27	G4160	ποιει	V-PAI-3S	LXX_WH
Dán 6:27	G4592	σημεια	N-APN	LXX_WH
Dán 6:27	G2532	και	CONJ	LXX_WH
Dán 6:27	G5059	τερατα	N-APN	LXX_WH
Dán 6:27	G1722	εν	PREP	LXX_WH
Dán 6:27	G3772	ουρανω	N-DSM	LXX_WH
Dán 6:27	G2532	και	CONJ	LXX_WH
Dán 6:27	G1909	επι	PREP	LXX_WH
Dán 6:27	G3588	της	T-GSF	LXX_WH
Dán 6:27	G1065	γης	N-GSF	LXX_WH
Dán 6:27	G3748	οστις	RI-NSM	LXX_WH
Dán 6:27	G1807	εξειλατο	V-AMI-3S	LXX_WH
Dán 6:27	G3588	τον	T-ASM	LXX_WH
Dán 6:27	G1158	δανιηλ	N-PRI	LXX_WH
Dán 6:27	G1537	εκ	PREP	LXX_WH
Dán 6:27	G5495	χειρος	N-GSF	LXX_WH
Dán 6:27	G3588	των	T-GPM	LXX_WH
Dán 6:27	G3023	λεοντων	N-GPM	LXX_WH
Dán 6:28	G2532	και	CONJ	LXX_WH
Dán 6:28	G1158	δανιηλ	N-PRI	LXX_WH
Dán 6:28	G2720	κατευθυνεν	V-IAI-3S	LXX_WH
Dán 6:28	G1722	εν	PREP	LXX_WH
Dán 6:28	G3588	τη	T-DSF	LXX_WH
Dán 6:28	G0932	βασιλεια	N-DSF	LXX_WH
Dán 6:28		δαρειου	N-GSM	ELTERO_SZOVEGALAP
Dán 6:28	G2532	και	CONJ	LXX_WH
Dán 6:28	G1722	εν	PREP	LXX_WH
Dán 6:28	G3588	τη	T-DSF	LXX_WH
Dán 6:28	G0932	βασιλεια	N-DSF	LXX_WH
Dán 6:28		κυρου	N-GSM	ELTERO_SZOVEGALAP
Dán 6:28	G3588	του	T-GSM	LXX_WH
Dán 6:28		περσου	N-GSM	ELTERO_SZOVEGALAP
Dán 7:1	G1722	εν	PREP	LXX_WH
Dán 7:1	G2094	ετει	N-DSN	LXX_WH
Dán 7:1	G4413	πρωτω	A-DSNS	LXX_WH
Dán 7:1	G2094	βαλτασαρ	N-PRI	ABP-potolt
Dán 7:1	G0935	βασιλεως	N-GSM	LXX_WH
Dán 7:1	G5466	χαλδαιων	N-GPM	LXX_WH
Dán 7:1	G1158	δανιηλ	N-PRI	LXX_WH
Dán 7:1	G1798	ενυπνιον	N-ASN	LXX_WH
Dán 7:1	G3708	ειδεν	V-AAI-3S	LXX_WH
Dán 7:1	G2532	και	CONJ	LXX_WH
Dán 7:1	G3588	αι	T-NPF	LXX_WH
Dán 7:1	G3706	ορασεις	N-NPF	LXX_WH
Dán 7:1	G3588	της	T-GSF	LXX_WH
Dán 7:1	G2776	κεφαλης	N-GSF	LXX_WH
Dán 7:1	G0846	αυτου	D-GSM	LXX_WH
Dán 7:1	G1909	επι	PREP	LXX_WH
Dán 7:1	G3588	της	T-GSF	LXX_WH
Dán 7:1	G2845	κοιτης	N-GSF	LXX_WH
Dán 7:1	G0846	αυτου	D-GSM	LXX_WH
Dán 7:1	G2532	και	CONJ	LXX_WH
Dán 7:1	G3588	το	T-ASN	LXX_WH
Dán 7:1	G1798	ενυπνιον	N-ASN	LXX_WH
Dán 7:1	G1125	εγραψεν	V-AAI-3S	LXX_WH
Dán 7:2	G1473	εγω	P-NS	LXX_WH
Dán 7:2	G1158	δανιηλ	N-PRI	LXX_WH
Dán 7:2	G2334	εθεωρουν	V-IAI-1S	LXX_WH
Dán 7:2	G1722	εν	PREP	LXX_WH
Dán 7:2	G3705	οραματι	N-DSN	LXX_WH
Dán 7:2	G1473	μου	P-GS	LXX_WH
Dán 7:2	G3588	της	T-GSF	LXX_WH
Dán 7:2	G3571	νυκτος	N-GSF	LXX_WH
Dán 7:2	G2532	και	CONJ	LXX_WH
Dán 7:2	G2400	ιδου	INJ	LXX_WH
Dán 7:2	G3588	οι	T-NPM	LXX_WH
Dán 7:2	G5064	τεσσαρες	A-NPM	LXX_WH
Dán 7:2	G0417	ανεμοι	N-NPM	LXX_WH
Dán 7:2	G3588	του	T-GSM	LXX_WH
Dán 7:2	G3772	ουρανου	N-GSM	LXX_WH
Dán 7:2	G4325	προσεβαλλον	V-IAI-3P	ABP-potolt
Dán 7:2	G1519	εις	PREP	LXX_WH
Dán 7:2	G3588	την	T-ASF	LXX_WH
Dán 7:2	G2281	θαλασσαν	N-ASF	LXX_WH
Dán 7:2	G3588	την	T-ASF	LXX_WH
Dán 7:2	G3173	μεγαλην	A-ASF	LXX_WH
Dán 7:3	G2532	και	CONJ	LXX_WH
Dán 7:3	G5064	τεσσαρα	A-NPN	LXX_WH
Dán 7:3	G2342	θηρια	N-NPN	LXX_WH
Dán 7:3	G3173	μεγαλα	A-NPN	LXX_WH
Dán 7:3	G0305	ανεβαινον	V-IAI-3P	LXX_WH
Dán 7:3	G1537	εκ	PREP	LXX_WH
Dán 7:3	G3588	της	T-GSF	LXX_WH
Dán 7:3	G2281	θαλασσης	N-GSF	LXX_WH
Dán 7:3	G1308	διαφεροντα	V-PAPNP	LXX_WH
Dán 7:3	G0240	αλληλων	D-GPN	ABP-potolt
Dán 7:4	G3588	το	T-NSN	LXX_WH
Dán 7:4	G4413	πρωτον	A-NSNS	LXX_WH
Dán 7:4	G5616	ωσει	ADV	LXX_WH
Dán 7:4	G3001	λεαινα	N-NSF	ABP-potolt
Dán 7:4	G2532	και	CONJ	LXX_WH
Dán 7:4		πτερα	N-NPN	ELTERO_SZOVEGALAP
Dán 7:4	G0846	αυτη	D-DSF	LXX_WH
Dán 7:4	G5616	ωσει	ADV	LXX_WH
Dán 7:4	G0105	αετου	N-GSM	LXX_WH
Dán 7:4	G2334	εθεωρουν	V-IAI-1S	LXX_WH
Dán 7:4	G2193	εως	PREP	LXX_WH
Dán 7:4	G3739	ου	R-GSM	LXX_WH
Dán 7:4	G1620	εξετιλη	V-API-3S	ABP-potolt
Dán 7:4	G3588	τα	T-NPN	LXX_WH
Dán 7:4		πτερα	N-NPN	ELTERO_SZOVEGALAP
Dán 7:4	G0846	αυτης	D-GSF	LXX_WH
Dán 7:4	G2532	και	CONJ	LXX_WH
Dán 7:4	G1808	εξηρθη	V-API-3S	LXX_WH
Dán 7:4	G0575	απο	PREP	LXX_WH
Dán 7:4	G3588	της	T-GSF	LXX_WH
Dán 7:4	G1065	γης	N-GSF	LXX_WH
Dán 7:4	G2532	και	CONJ	LXX_WH
Dán 7:4	G1909	επι	PREP	LXX_WH
Dán 7:4	G4228	ποδων	N-GPM	LXX_WH
Dán 7:4	G0444	ανθρωπου	N-GSM	LXX_WH
Dán 7:4	G2476	εσταθη	V-API-3S	LXX_WH
Dán 7:4	G2532	και	CONJ	LXX_WH
Dán 7:4	G2588	καρδια	N-NSF	LXX_WH
Dán 7:4	G0444	ανθρωπου	N-GSM	LXX_WH
Dán 7:4	G1325	εδοθη	V-API-3S	LXX_WH
Dán 7:4	G0846	αυτη	D-DSF	LXX_WH
Dán 7:5	G2532	και	CONJ	LXX_WH
Dán 7:5	G2400	ιδου	INJ	LXX_WH
Dán 7:5	G2342	θηριον	N-NSN	LXX_WH
Dán 7:5	G1208	δευτερον	A-NSN	LXX_WH
Dán 7:5	G3664	ομοιον	A-NSN	LXX_WH
Dán 7:5	G0715	αρκω	N-DSM	ABP-potolt
Dán 7:5	G2532	και	CONJ	LXX_WH
Dán 7:5	G1519	εις	PREP	LXX_WH
Dán 7:5	G3313	μερος	N-ASN	LXX_WH
Dán 7:5	G1519	εν	A-ASN	LXX_WH
Dán 7:5	G2476	εσταθη	V-API-3S	LXX_WH
Dán 7:5	G2532	και	CONJ	LXX_WH
Dán 7:5	G5140	τρια	A-NPN	LXX_WH
Dán 7:5	G4125	πλευρα	N-NPN	ABP-potolt
Dán 7:5	G1722	εν	PREP	LXX_WH
Dán 7:5	G3588	τω	T-DSN	LXX_WH
Dán 7:5	G4750	στοματι	N-DSN	LXX_WH
Dán 7:5	G0846	αυτης	D-GSF	LXX_WH
Dán 7:5	G0303	ανα	PREP	LXX_WH
Dán 7:5	G3319	μεσον	A-ASM	LXX_WH
Dán 7:5	G3588	των	T-GPM	LXX_WH
Dán 7:5	G3599	οδοντων	N-GPM	LXX_WH
Dán 7:5	G0846	αυτης	D-GSF	LXX_WH
Dán 7:5	G2532	και	CONJ	LXX_WH
Dán 7:5	G3778	ουτως	ADV	LXX_WH
Dán 7:5	G3004	ελεγον	V-IAI-3P	LXX_WH
Dán 7:5	G0846	αυτη	D-DSF	LXX_WH
Dán 7:5	G0450	αναστηθι	V-AAD-2S	LXX_WH
Dán 7:5	G2068	φαγε	V-AAD-2S	LXX_WH
Dán 7:5	G4561	σαρκας	N-APF	LXX_WH
Dán 7:5	G4183	πολλας	A-APF	LXX_WH
Dán 7:6	G3694	οπισω	PREP	LXX_WH
Dán 7:6	G3778	τουτου	D-GSN	LXX_WH
Dán 7:6	G2334	εθεωρουν	V-IAI-1S	LXX_WH
Dán 7:6	G2532	και	CONJ	LXX_WH
Dán 7:6	G2400	ιδου	INJ	LXX_WH
Dán 7:6	G2087	ετερον	A-NSN	LXX_WH
Dán 7:6	G2342	θηριον	N-NSN	LXX_WH
Dán 7:6	G5616	ωσει	ADV	LXX_WH
Dán 7:6	G3917	παρδαλις	N-NSF	LXX_WH
Dán 7:6	G2532	και	CONJ	LXX_WH
Dán 7:6	G0846	αυτη	D-DSF	LXX_WH
Dán 7:6		πτερα	N-NPN	ELTERO_SZOVEGALAP
Dán 7:6	G5064	τεσσαρα	A-NPN	LXX_WH
Dán 7:6	G4071	πετεινου	N-GSN	LXX_WH
Dán 7:6	G5231	υπερανω	PREP	LXX_WH
Dán 7:6	G0846	αυτης	D-GSF	LXX_WH
Dán 7:6	G2532	και	CONJ	LXX_WH
Dán 7:6	G5064	τεσσαρες	A-NPF	LXX_WH
Dán 7:6	G2776	κεφαλαι	N-NPF	LXX_WH
Dán 7:6	G3588	τω	T-DSN	LXX_WH
Dán 7:6	G2342	θηριω	N-DSN	LXX_WH
Dán 7:6	G2532	και	CONJ	LXX_WH
Dán 7:6	G1849	εξουσια	N-NSF	LXX_WH
Dán 7:6	G1325	εδοθη	V-API-3S	LXX_WH
Dán 7:6	G0846	αυτη	D-DSF	LXX_WH
Dán 7:7	G3694	οπισω	PREP	LXX_WH
Dán 7:7	G3778	τουτου	D-GSN	LXX_WH
Dán 7:7	G2334	εθεωρουν	V-IAI-1S	LXX_WH
Dán 7:7	G2532	και	CONJ	LXX_WH
Dán 7:7	G2400	ιδου	INJ	LXX_WH
Dán 7:7	G2342	θηριον	N-NSN	LXX_WH
Dán 7:7	G5067	τεταρτον	A-NSN	LXX_WH
Dán 7:7	G5398	φοβερον	A-NSN	LXX_WH
Dán 7:7	G2532	και	CONJ	LXX_WH
Dán 7:7	G1569	εκθαμβον	A-NSN	LXX_WH
Dán 7:7	G2532	και	CONJ	LXX_WH
Dán 7:7	G2478	ισχυρον	A-NSN	LXX_WH
Dán 7:7	G4053	περισσως	ADV	LXX_WH
Dán 7:7	G2532	και	CONJ	LXX_WH
Dán 7:7	G3588	οι	T-NPM	LXX_WH
Dán 7:7	G3599	οδοντες	N-NPM	LXX_WH
Dán 7:7	G0846	αυτου	D-GSM	LXX_WH
Dán 7:7		σιδηροι	A-NPM	ELTERO_SZOVEGALAP
Dán 7:7	G3173	μεγαλοι	A-NPM	LXX_WH
Dán 7:7	G2068	εσθιον	V-PAPAS	LXX_WH
Dán 7:7	G2532	και	CONJ	LXX_WH
Dán 7:7		λεπτυνον	V-PAPAS	
Dán 7:7	G2532	και	CONJ	LXX_WH
Dán 7:7	G3588	τα	T-APN	LXX_WH
Dán 7:7	G1954	επιλοιπα	A-APN	LXX_WH
Dán 7:7	G3588	τοις	T-DPM	LXX_WH
Dán 7:7	G4228	ποσιν	N-DPM	LXX_WH
Dán 7:7	G0846	αυτου	D-GSN	LXX_WH
Dán 7:7		συνεπατει	V-IAI-3S	ELTERO_SZOVEGALAP
Dán 7:7	G2532	και	CONJ	LXX_WH
Dán 7:7	G0846	αυτο	D-NSN	LXX_WH
Dán 7:7	G1313	διαφορον	A-NSN	LXX_WH
Dán 7:7	G4053	περισσως	ADV	LXX_WH
Dán 7:7	G3844	παρα	PREP	LXX_WH
Dán 7:7	G3956	παντα	A-APN	LXX_WH
Dán 7:7	G3588	τα	T-APN	LXX_WH
Dán 7:7	G2342	θηρια	N-APN	LXX_WH
Dán 7:7	G3588	τα	T-APN	LXX_WH
Dán 7:7	G1715	εμπροσθεν	PREP	LXX_WH
Dán 7:7	G0846	αυτου	D-GSN	LXX_WH
Dán 7:7	G2532	και	CONJ	LXX_WH
Dán 7:7	G2768	κερατα	N-NPN	LXX_WH
Dán 7:7	G1176	δεκα	N-NUI	LXX_WH
Dán 7:7	G0846	αυτω	D-DSN	LXX_WH
Dán 7:8	G4357	προσενοουν	V-IAI-1S	ABP-potolt
Dán 7:8	G3588	τοις	T-DPN	LXX_WH
Dán 7:8	G2768	κερασιν	N-DPN	LXX_WH
Dán 7:8	G0846	αυτου	D-GSM	LXX_WH
Dán 7:8	G2532	και	CONJ	LXX_WH
Dán 7:8	G2400	ιδου	INJ	LXX_WH
Dán 7:8	G2768	κερας	N-NSN	LXX_WH
Dán 7:8	G2087	ετερον	A-NSN	LXX_WH
Dán 7:8	G3398	μικρον	A-NSN	LXX_WH
Dán 7:8	G0305	ανεβη	V-AAI-3S	LXX_WH
Dán 7:8	G1722	εν	PREP	LXX_WH
Dán 7:8	G3319	μεσω	A-DSM	LXX_WH
Dán 7:8	G0846	αυτων	D-GPN	LXX_WH
Dán 7:8	G2532	και	CONJ	LXX_WH
Dán 7:8	G5140	τρια	A-NPN	LXX_WH
Dán 7:8	G2768	κερατα	N-NPN	LXX_WH
Dán 7:8	G3588	των	T-GPN	LXX_WH
Dán 7:8	G1715	εμπροσθεν	PREP	LXX_WH
Dán 7:8	G0846	αυτου	D-GSN	LXX_WH
Dán 7:8	G1610	εξερριζωθη	V-API-3S	LXX_WH
Dán 7:8	G0575	απο	PREP	LXX_WH
Dán 7:8	G4383	προσωπου	N-GSN	LXX_WH
Dán 7:8	G0846	αυτου	D-GSN	LXX_WH
Dán 7:8	G2532	και	CONJ	LXX_WH
Dán 7:8	G2400	ιδου	INJ	LXX_WH
Dán 7:8	G3788	οφθαλμοι	N-NPM	LXX_WH
Dán 7:8	G5616	ωσει	ADV	LXX_WH
Dán 7:8	G3788	οφθαλμοι	N-NPM	LXX_WH
Dán 7:8	G0444	ανθρωπου	N-GSM	LXX_WH
Dán 7:8	G1722	εν	PREP	LXX_WH
Dán 7:8	G3588	τω	T-DSN	LXX_WH
Dán 7:8	G2768	κερατι	N-DSN	LXX_WH
Dán 7:8	G3778	τουτω	D-DSN	LXX_WH
Dán 7:8	G2532	και	CONJ	LXX_WH
Dán 7:8	G4750	στομα	N-NSN	LXX_WH
Dán 7:8	G2980	λαλουν	V-PAPNS	LXX_WH
Dán 7:8	G3173	μεγαλα	A-APN	LXX_WH
Dán 7:9	G2334	εθεωρουν	V-IAI-1S	LXX_WH
Dán 7:9	G2193	εως	PREP	LXX_WH
Dán 7:9	G3748	οτου	RI-GSM	LXX_WH
Dán 7:9	G2362	θρονοι	N-NPM	LXX_WH
Dán 7:9	G5087	ετεθησαν	V-API-3P	LXX_WH
Dán 7:9	G2532	και	CONJ	LXX_WH
Dán 7:9	G3820	παλαιος	A-NSM	LXX_WH
Dán 7:9	G2250	ημερων	N-GPF	LXX_WH
Dán 7:9	G2521	εκαθητο	V-IMI-3S	LXX_WH
Dán 7:9	G2532	και	CONJ	LXX_WH
Dán 7:9	G3588	το	T-NSN	LXX_WH
Dán 7:9	G1742	ενδυμα	N-NSN	LXX_WH
Dán 7:9	G0846	αυτου	D-GSM	LXX_WH
Dán 7:9	G5616	ωσει	ADV	LXX_WH
Dán 7:9	G5510	χιων	N-NSF	LXX_WH
Dán 7:9	G3022	λευκον	A-NSN	LXX_WH
Dán 7:9	G2532	και	CONJ	LXX_WH
Dán 7:9	G3588	η	T-NSF	LXX_WH
Dán 7:9	G2359	θριξ	N-NSF	LXX_WH
Dán 7:9	G3588	της	T-GSF	LXX_WH
Dán 7:9	G2776	κεφαλης	N-GSF	LXX_WH
Dán 7:9	G0846	αυτου	D-GSM	LXX_WH
Dán 7:9	G5616	ωσει	ADV	LXX_WH
Dán 7:9	G2053	εριον	N-NSN	LXX_WH
Dán 7:9	G2513	καθαρον	A-NSN	LXX_WH
Dán 7:9	G3588	ο	T-NSM	LXX_WH
Dán 7:9	G2362	θρονος	N-NSM	LXX_WH
Dán 7:9	G0846	αυτου	D-GSM	LXX_WH
Dán 7:9	G5395	φλοξ	N-NSF	LXX_WH
Dán 7:9	G4442	πυρος	N-GSN	LXX_WH
Dán 7:9	G3588	οι	T-NPM	LXX_WH
Dán 7:9	G5164	τροχοι	N-NPM	LXX_WH
Dán 7:9	G0846	αυτου	D-GSM	LXX_WH
Dán 7:9	G4442	πυρ	N-NSN	LXX_WH
Dán 7:9	G5392	φλεγον	V-PAPNS	ABP-potolt
Dán 7:10	G4215	ποταμος	N-NSM	LXX_WH
Dán 7:10	G4442	πυρος	N-GSN	LXX_WH
Dán 7:10		ειλκεν	V-IAI-3S	ELTERO_SZOVEGALAP
Dán 7:10	G1715	εμπροσθεν	PREP	LXX_WH
Dán 7:10	G0846	αυτου	D-GSM	LXX_WH
Dán 7:10	G5507	χιλιαι	A-NPF	LXX_WH
Dán 7:10	G5505	χιλιαδες	N-NPF	LXX_WH
Dán 7:10	G3008	ελειτουργουν	V-IAI-3P	LXX_WH
Dán 7:10	G0846	αυτω	D-DSM	LXX_WH
Dán 7:10	G2532	και	CONJ	LXX_WH
Dán 7:10	G3463	μυριαι	A-NPF	LXX_WH
Dán 7:10	G3461	μυριαδες	N-NPF	LXX_WH
Dán 7:10	G3936	παρειστηκεισαν	V-YAI-3P	LXX_WH
Dán 7:10	G0846	αυτω	D-DSM	LXX_WH
Dán 7:10	G2922	κριτηριον	N-NSN	LXX_WH
Dán 7:10	G2523	εκαθισεν	V-AAI-3S	LXX_WH
Dán 7:10	G2532	και	CONJ	LXX_WH
Dán 7:10	G0976	βιβλοι	N-NPF	LXX_WH
Dán 7:10	G0455	ηνεωχθησαν	V-API-3P	LXX_WH
Dán 7:11	G2334	εθεωρουν	V-IAI-1S	LXX_WH
Dán 7:11	G5119	τοτε	ADV	LXX_WH
Dán 7:11	G0575	απο	PREP	LXX_WH
Dán 7:11	G5456	φωνης	N-GSF	LXX_WH
Dán 7:11	G3588	των	T-GPM	LXX_WH
Dán 7:11	G3056	λογων	N-GPM	LXX_WH
Dán 7:11	G3588	των	T-GPM	LXX_WH
Dán 7:11	G3173	μεγαλων	A-GPM	LXX_WH
Dán 7:11	G3739	ων	R-GPM	LXX_WH
Dán 7:11	G3588	το	T-NSN	LXX_WH
Dán 7:11	G2768	κερας	N-NSN	LXX_WH
Dán 7:11	G1565	εκεινο	D-NSN	LXX_WH
Dán 7:11	G2980	ελαλει	V-IAI-3S	LXX_WH
Dán 7:11	G2193	εως	CONJ	LXX_WH
Dán 7:11	G0337	ανηρεθη	V-API-3S	LXX_WH
Dán 7:11	G3588	το	T-NSN	LXX_WH
Dán 7:11	G2342	θηριον	N-NSN	LXX_WH
Dán 7:11	G2532	και	CONJ	LXX_WH
Dán 7:11	G0622	απωλετο	V-AMI-3S	ABP-potolt
Dán 7:11	G2532	και	CONJ	LXX_WH
Dán 7:11	G3588	το	T-NSN	LXX_WH
Dán 7:11	G4983	σωμα	N-NSN	LXX_WH
Dán 7:11	G0846	αυτου	D-GSN	LXX_WH
Dán 7:11	G1325	εδοθη	V-API-3S	LXX_WH
Dán 7:11	G1519	εις	PREP	LXX_WH
Dán 7:11	G2740	καυσιν	N-ASF	LXX_WH
Dán 7:11	G4442	πυρος	N-GSN	LXX_WH
Dán 7:12	G2532	και	CONJ	LXX_WH
Dán 7:12	G3588	των	T-GPN	LXX_WH
Dán 7:12	G3062	λοιπων	A-GPN	ABP-potolt
Dán 7:12	G2342	θηριων	N-GPN	LXX_WH
Dán 7:12	G3588	η	T-NSF	LXX_WH
Dán 7:12	G0746	αρχη	N-NSF	LXX_WH
Dán 7:12	G3179	μετεσταθη	V-API-3S	LXX_WH
Dán 7:12	G2532	και	CONJ	LXX_WH
Dán 7:12	G3117	μακροτης	N-NSF	ABP-potolt
Dán 7:12	G2222	ζωης	N-GSF	LXX_WH
Dán 7:12	G1325	εδοθη	V-API-3S	LXX_WH
Dán 7:12	G0846	αυτοις	D-DPN	LXX_WH
Dán 7:12	G2193	εως	PREP	LXX_WH
Dán 7:12	G2540	καιρου	N-GSM	LXX_WH
Dán 7:12	G2532	και	CONJ	LXX_WH
Dán 7:12	G2540	καιρου	N-GSM	LXX_WH
Dán 7:13	G2334	εθεωρουν	V-IAI-1S	LXX_WH
Dán 7:13	G1722	εν	PREP	LXX_WH
Dán 7:13	G3705	οραματι	N-DSN	LXX_WH
Dán 7:13	G3588	της	T-GSF	LXX_WH
Dán 7:13	G3571	νυκτος	N-GSF	LXX_WH
Dán 7:13	G2532	και	CONJ	LXX_WH
Dán 7:13	G2400	ιδου	INJ	LXX_WH
Dán 7:13	G3326	μετα	PREP	LXX_WH
Dán 7:13	G3588	των	T-GPF	LXX_WH
Dán 7:13	G3507	νεφελων	N-GPF	LXX_WH
Dán 7:13	G3588	του	T-GSM	LXX_WH
Dán 7:13	G3772	ουρανου	N-GSM	LXX_WH
Dán 7:13	G3739	ως	CONJ	LXX_WH
Dán 7:13	G5207	υιος	N-NSM	LXX_WH
Dán 7:13	G0444	ανθρωπου	N-GSM	LXX_WH
Dán 7:13	G2064	ερχομενος	V-PMPNS	LXX_WH
Dán 7:13	G1510	ην	V-IAI-3S	LXX_WH
Dán 7:13	G2532	και	CONJ	LXX_WH
Dán 7:13	G2193	εως	PREP	LXX_WH
Dán 7:13	G3588	του	T-GSM	LXX_WH
Dán 7:13	G3820	παλαιου	A-GSM	LXX_WH
Dán 7:13	G3588	των	T-GPF	LXX_WH
Dán 7:13	G2250	ημερων	N-GPF	LXX_WH
Dán 7:13	G5348	εφθασεν	V-AAI-3S	LXX_WH
Dán 7:13	G2532	και	CONJ	LXX_WH
Dán 7:13	G1799	ενωπιον	PREP	LXX_WH
Dán 7:13	G0846	αυτου	D-GSM	LXX_WH
Dán 7:13	G4374	προσηνεχθη	V-API-3S	LXX_WH
Dán 7:14	G2532	και	CONJ	LXX_WH
Dán 7:14	G0846	αυτω	D-DSM	LXX_WH
Dán 7:14	G1325	εδοθη	V-API-3S	LXX_WH
Dán 7:14	G3588	η	T-NSF	LXX_WH
Dán 7:14	G0746	αρχη	N-NSF	LXX_WH
Dán 7:14	G2532	και	CONJ	LXX_WH
Dán 7:14	G3588	η	T-NSF	LXX_WH
Dán 7:14	G5092	τιμη	N-NSF	LXX_WH
Dán 7:14	G2532	και	CONJ	LXX_WH
Dán 7:14	G3588	η	T-NSF	LXX_WH
Dán 7:14	G0932	βασιλεια	N-NSF	LXX_WH
Dán 7:14	G2532	και	CONJ	LXX_WH
Dán 7:14	G3956	παντες	A-NPM	LXX_WH
Dán 7:14	G3588	οι	T-NPM	LXX_WH
Dán 7:14	G2992	λαοι	N-NPM	LXX_WH
Dán 7:14	G5443	φυλαι	N-NPF	LXX_WH
Dán 7:14	G1100	γλωσσαι	N-NPF	LXX_WH
Dán 7:14	G0846	αυτω	D-DSM	LXX_WH
Dán 7:14	G1398	δουλευσουσιν	V-FAI-3P	LXX_WH
Dán 7:14	G3588	η	T-NSF	LXX_WH
Dán 7:14	G1849	εξουσια	N-NSF	LXX_WH
Dán 7:14	G0846	αυτου	D-GSM	LXX_WH
Dán 7:14	G1849	εξουσια	N-NSF	LXX_WH
Dán 7:14	G0166	αιωνιος	A-NSF	LXX_WH
Dán 7:14	G3748	ητις	RI-NSF	LXX_WH
Dán 7:14	G3364	ου	ADV	LXX_WH
Dán 7:14	G3928	παρελευσεται	V-FMI-3S	LXX_WH
Dán 7:14	G2532	και	CONJ	LXX_WH
Dán 7:14	G3588	η	T-NSF	LXX_WH
Dán 7:14	G0932	βασιλεια	N-NSF	LXX_WH
Dán 7:14	G0846	αυτου	D-GSM	LXX_WH
Dán 7:14	G3364	ου	ADV	LXX_WH
Dán 7:14	G1311	διαφθαρησεται	V-FPI-3S	LXX_WH
Dán 7:15	G5425	εφριξεν	V-AAI-3S	LXX_WH
Dán 7:15	G3588	το	T-NSN	LXX_WH
Dán 7:15	G4151	πνευμα	N-NSN	LXX_WH
Dán 7:15	G1473	μου	P-GS	LXX_WH
Dán 7:15	G1722	εν	PREP	LXX_WH
Dán 7:15	G3588	τη	T-DSF	LXX_WH
Dán 7:15	G1838	εξει	N-DSF	LXX_WH
Dán 7:15	G1473	μου	P-GS	LXX_WH
Dán 7:15	G1473	εγω	P-NS	LXX_WH
Dán 7:15	G1158	δανιηλ	N-PRI	LXX_WH
Dán 7:15	G2532	και	CONJ	LXX_WH
Dán 7:15	G3588	αι	T-NPF	LXX_WH
Dán 7:15	G3706	ορασεις	N-NPF	LXX_WH
Dán 7:15	G3588	της	T-GSF	LXX_WH
Dán 7:15	G2776	κεφαλης	N-GSF	LXX_WH
Dán 7:15	G1473	μου	P-GS	LXX_WH
Dán 7:15	G5015	εταρασσον	V-IAI-3P	LXX_WH
Dán 7:15	G1473	με	P-AS	LXX_WH
Dán 7:16	G2532	και	CONJ	LXX_WH
Dán 7:16	G4334	προσηλθον	V-AAI-1S	LXX_WH
Dán 7:16	G1519	ενι	A-DSM	LXX_WH
Dán 7:16	G3588	των	T-GPM	LXX_WH
Dán 7:16	G2476	εστηκοτων	V-RAPGP	LXX_WH
Dán 7:16	G2532	και	CONJ	LXX_WH
Dán 7:16	G3588	την	T-ASF	LXX_WH
Dán 7:16	G0195	ακριβειαν	N-ASF	LXX_WH
Dán 7:16	G2212	εζητουν	V-IAI-1S	LXX_WH
Dán 7:16	G3844	παρ	PREP	LXX_WH
Dán 7:16	G0846	αυτου	D-GSM	LXX_WH
Dán 7:16	G4012	περι	PREP	LXX_WH
Dán 7:16	G3956	παντων	A-GPN	LXX_WH
Dán 7:16	G3778	τουτων	D-GPN	LXX_WH
Dán 7:16	G2532	και	CONJ	LXX_WH
Dán 7:16	G2036	ειπεν	V-AAI-3S	ABP-potolt
Dán 7:16	G1473	μοι	P-DS	LXX_WH
Dán 7:16	G3588	την	T-ASF	LXX_WH
Dán 7:16	G0195	ακριβειαν	N-ASF	LXX_WH
Dán 7:16	G2532	και	CONJ	LXX_WH
Dán 7:16	G3588	την	T-ASF	LXX_WH
Dán 7:16	G4793	συγκρισιν	N-ASF	ABP-potolt
Dán 7:16	G3588	των	T-GPM	LXX_WH
Dán 7:16	G3056	λογων	N-GPM	LXX_WH
Dán 7:16	G1107	εγνωρισεν	V-AAI-3S	LXX_WH
Dán 7:16	G1473	μοι	P-DS	LXX_WH
Dán 7:17	G3778	ταυτα	D-NPN	LXX_WH
Dán 7:17	G3588	τα	T-NPN	LXX_WH
Dán 7:17	G2342	θηρια	N-NPN	LXX_WH
Dán 7:17	G3588	τα	T-NPN	LXX_WH
Dán 7:17	G3173	μεγαλα	A-NPN	LXX_WH
Dán 7:17	G3588	τα	T-NPN	LXX_WH
Dán 7:17	G5064	τεσσαρα	A-NPN	LXX_WH
Dán 7:17	G5064	τεσσαρες	A-NPF	LXX_WH
Dán 7:17	G0932	βασιλειαι	N-NPF	LXX_WH
Dán 7:17	G0450	αναστησονται	V-FMI-3P	LXX_WH
Dán 7:17	G1909	επι	PREP	LXX_WH
Dán 7:17	G3588	της	T-GSF	LXX_WH
Dán 7:17	G1065	γης	N-GSF	LXX_WH
Dán 7:17	G3739	αι	R-NPF	LXX_WH
Dán 7:17	G0142	αρθησονται	V-FPI-3P	LXX_WH
Dán 7:18	G2532	και	CONJ	LXX_WH
Dán 7:18	G3880	παραλημψονται	V-FMI-3P	LXX_WH
Dán 7:18	G3588	την	T-ASF	LXX_WH
Dán 7:18	G0932	βασιλειαν	N-ASF	LXX_WH
Dán 7:18	G0040	αγιοι	A-NPM	LXX_WH
Dán 7:18	G5310	υψιστου	A-GSM	LXX_WH
Dán 7:18	G2532	και	CONJ	LXX_WH
Dán 7:18	G2722	καθεξουσιν	V-FAI-3P	LXX_WH
Dán 7:18	G0846	αυτην	D-ASF	LXX_WH
Dán 7:18	G2193	εως	PREP	LXX_WH
Dán 7:18	G0165	αιωνος	N-GSM	LXX_WH
Dán 7:18	G3588	των	T-GPM	LXX_WH
Dán 7:18	G0165	αιωνων	N-GPM	LXX_WH
Dán 7:19	G2532	και	CONJ	LXX_WH
Dán 7:19	G2212	εζητουν	V-IAI-1S	LXX_WH
Dán 7:19	G0199	ακριβως	ADV	LXX_WH
Dán 7:19	G4012	περι	PREP	LXX_WH
Dán 7:19	G3588	του	T-GSN	LXX_WH
Dán 7:19	G2342	θηριου	N-GSN	LXX_WH
Dán 7:19	G3588	του	T-GSN	LXX_WH
Dán 7:19	G5067	τεταρτου	A-GSN	LXX_WH
Dán 7:19	G3754	οτι	CONJ	LXX_WH
Dán 7:19	G1510	ην	V-IAI-3S	LXX_WH
Dán 7:19	G1313	διαφορον	A-ASN	LXX_WH
Dán 7:19	G3844	παρα	PREP	LXX_WH
Dán 7:19	G3956	παν	A-ASN	LXX_WH
Dán 7:19	G2342	θηριον	N-ASN	LXX_WH
Dán 7:19	G5398	φοβερον	A-NSN	LXX_WH
Dán 7:19	G4053	περισσως	ADV	LXX_WH
Dán 7:19	G3588	οι	T-NPM	LXX_WH
Dán 7:19	G3599	οδοντες	N-NPM	LXX_WH
Dán 7:19	G0846	αυτου	D-GSN	LXX_WH
Dán 7:19		σιδηροι	A-NPM	ELTERO_SZOVEGALAP
Dán 7:19	G2532	και	CONJ	LXX_WH
Dán 7:19	G3588	οι	T-NPM	LXX_WH
Dán 7:19		ονυχες	N-NPM	ELTERO_SZOVEGALAP
Dán 7:19	G0846	αυτου	D-GSN	LXX_WH
Dán 7:19		χαλκοι	A-NPM	ELTERO_SZOVEGALAP
Dán 7:19	G2068	εσθιον	V-PAPAS	LXX_WH
Dán 7:19	G2532	και	CONJ	LXX_WH
Dán 7:19	G3016	λεπτυνον	V-PAPAS	ABP-potolt
Dán 7:19	G2532	και	CONJ	LXX_WH
Dán 7:19	G3588	τα	T-APN	LXX_WH
Dán 7:19	G1954	επιλοιπα	A-APN	LXX_WH
Dán 7:19	G3588	τοις	T-DPM	LXX_WH
Dán 7:19	G4228	ποσιν	N-DPM	LXX_WH
Dán 7:19	G0846	αυτου	D-GSN	LXX_WH
Dán 7:19		συνεπατει	V-IAI-3S	ELTERO_SZOVEGALAP
Dán 7:20	G2532	και	CONJ	LXX_WH
Dán 7:20	G4012	περι	PREP	LXX_WH
Dán 7:20	G3588	των	T-GPN	LXX_WH
Dán 7:20	G2768	κερατων	N-GPN	LXX_WH
Dán 7:20	G0846	αυτου	D-GSN	LXX_WH
Dán 7:20	G3588	των	T-GPN	LXX_WH
Dán 7:20	G1176	δεκα	N-NUI	LXX_WH
Dán 7:20	G3588	των	T-GPN	LXX_WH
Dán 7:20	G1722	εν	PREP	LXX_WH
Dán 7:20	G3588	τη	T-DSF	LXX_WH
Dán 7:20	G2776	κεφαλη	N-DSF	LXX_WH
Dán 7:20	G0846	αυτου	D-GSN	LXX_WH
Dán 7:20	G2532	και	CONJ	LXX_WH
Dán 7:20	G3588	του	T-GSN	LXX_WH
Dán 7:20	G2087	ετερου	A-GSN	LXX_WH
Dán 7:20	G3588	του	T-GSN	LXX_WH
Dán 7:20	G0305	αναβαντος	V-AAPGS	LXX_WH
Dán 7:20	G2532	και	CONJ	LXX_WH
Dán 7:20	G1621	εκτιναξαντος	V-AAPGS	LXX_WH
Dán 7:20	G3588	των	T-GPN	LXX_WH
Dán 7:20	G4387	προτερων	A-GPN	LXX_WH
Dán 7:20	G5140	τρια	A-APN	LXX_WH
Dán 7:20	G2768	κερας	N-NSN	LXX_WH
Dán 7:20	G1565	εκεινο	D-NSN	LXX_WH
Dán 7:20	G3739	ω	R-DSN	LXX_WH
Dán 7:20	G3588	οι	T-NPM	LXX_WH
Dán 7:20	G3788	οφθαλμοι	N-NPM	LXX_WH
Dán 7:20	G2532	και	CONJ	LXX_WH
Dán 7:20	G4750	στομα	N-NSN	LXX_WH
Dán 7:20	G2980	λαλουν	V-PAPNS	LXX_WH
Dán 7:20	G3173	μεγαλα	A-APN	LXX_WH
Dán 7:20	G2532	και	CONJ	LXX_WH
Dán 7:20	G3588	η	T-NSF	LXX_WH
Dán 7:20	G3706	ορασις	N-NSF	LXX_WH
Dán 7:20	G0846	αυτου	D-GSN	LXX_WH
Dán 7:20	G3173	μειζων	A-NSF	LXX_WH
Dán 7:20	G3588	των	T-GPM	LXX_WH
Dán 7:20	G3062	λοιπων	A-GPM	ABP-potolt
Dán 7:21	G2334	εθεωρουν	V-IAI-1S	LXX_WH
Dán 7:21	G2532	και	CONJ	LXX_WH
Dán 7:21	G3588	το	T-NSN	LXX_WH
Dán 7:21	G2768	κερας	N-NSN	LXX_WH
Dán 7:21	G1565	εκεινο	D-NSN	LXX_WH
Dán 7:21	G4160	εποιει	V-IAI-3S	LXX_WH
Dán 7:21	G4171	πολεμον	N-ASM	LXX_WH
Dán 7:21	G3326	μετα	PREP	LXX_WH
Dán 7:21	G3588	των	T-GPM	LXX_WH
Dán 7:21	G0040	αγιων	A-GPM	LXX_WH
Dán 7:21	G2532	και	CONJ	LXX_WH
Dán 7:21	G2480	ισχυσεν	V-AAI-3S	LXX_WH
Dán 7:21	G4314	προς	PREP	LXX_WH
Dán 7:21	G0846	αυτους	D-APM	LXX_WH
Dán 7:22	G2193	εως	PREP	LXX_WH
Dán 7:22	G3739	ου	R-GSM	LXX_WH
Dán 7:22	G2064	ηλθεν	V-AAI-3S	LXX_WH
Dán 7:22	G3588	ο	T-NSM	LXX_WH
Dán 7:22	G3820	παλαιος	A-NSM	LXX_WH
Dán 7:22	G3588	των	T-GPF	LXX_WH
Dán 7:22	G2250	ημερων	N-GPF	LXX_WH
Dán 7:22	G2532	και	CONJ	LXX_WH
Dán 7:22	G3588	το	T-ASN	LXX_WH
Dán 7:22	G2917	κριμα	N-ASN	LXX_WH
Dán 7:22	G1325	εδωκεν	V-AAI-3S	LXX_WH
Dán 7:22	G0040	αγιοις	A-DPM	LXX_WH
Dán 7:22	G5310	υψιστου	A-GSM	LXX_WH
Dán 7:22	G2532	και	CONJ	LXX_WH
Dán 7:22	G3588	ο	T-NSM	LXX_WH
Dán 7:22	G2540	καιρος	N-NSM	LXX_WH
Dán 7:22	G5348	εφθασεν	V-AAI-3S	LXX_WH
Dán 7:22	G2532	και	CONJ	LXX_WH
Dán 7:22	G3588	την	T-ASF	LXX_WH
Dán 7:22	G0932	βασιλειαν	N-ASF	LXX_WH
Dán 7:22	G2722	κατεσχον	V-AAI-3P	LXX_WH
Dán 7:22	G3588	οι	T-NPM	LXX_WH
Dán 7:22	G0040	αγιοι	A-NPM	LXX_WH
Dán 7:23	G2532	και	CONJ	LXX_WH
Dán 7:23	G2036	ειπεν	V-AAI-3S	ABP-potolt
Dán 7:23	G3588	το	T-NSN	LXX_WH
Dán 7:23	G2342	θηριον	N-NSN	LXX_WH
Dán 7:23	G3588	το	T-NSN	LXX_WH
Dán 7:23	G5067	τεταρτον	A-NSN	LXX_WH
Dán 7:23	G0932	βασιλεια	N-NSF	LXX_WH
Dán 7:23	G5067	τεταρτη	A-NSF	LXX_WH
Dán 7:23	G1510	εσται	V-FMI-3S	LXX_WH
Dán 7:23	G1722	εν	PREP	LXX_WH
Dán 7:23	G3588	τη	T-DSF	LXX_WH
Dán 7:23	G1065	γη	N-DSF	LXX_WH
Dán 7:23	G3748	ητις	RI-NSF	LXX_WH
Dán 7:23	G5242	υπερεξει	V-FAI-3S	LXX_WH
Dán 7:23	G3956	πασας	A-APF	LXX_WH
Dán 7:23	G3588	τας	T-APF	LXX_WH
Dán 7:23	G0932	βασιλειας	N-APF	LXX_WH
Dán 7:23	G2532	και	CONJ	LXX_WH
Dán 7:23	G2719	καταφαγεται	V-FMI-3S	LXX_WH
Dán 7:23	G3956	πασαν	A-ASF	LXX_WH
Dán 7:23	G3588	την	T-ASF	LXX_WH
Dán 7:23	G1065	γην	N-ASF	LXX_WH
Dán 7:23	G2532	και	CONJ	LXX_WH
Dán 7:23		συμπατησει	V-FAI-3S	ELTERO_SZOVEGALAP
Dán 7:23	G0846	αυτην	D-ASF	LXX_WH
Dán 7:23	G2532	και	CONJ	LXX_WH
Dán 7:23	G2629	κατακοψει	V-FAI-3S	LXX_WH
Dán 7:24	G2532	και	CONJ	LXX_WH
Dán 7:24	G3588	τα	T-NPN	LXX_WH
Dán 7:24	G1176	δεκα	N-NUI	LXX_WH
Dán 7:24	G2768	κερατα	N-NPN	LXX_WH
Dán 7:24	G0846	αυτου	D-GSN	LXX_WH
Dán 7:24	G1176	δεκα	N-NUI	LXX_WH
Dán 7:24	G0935	βασιλεις	N-NPM	LXX_WH
Dán 7:24	G0450	αναστησονται	V-FMI-3P	LXX_WH
Dán 7:24	G2532	και	CONJ	LXX_WH
Dán 7:24	G3694	οπισω	PREP	LXX_WH
Dán 7:24	G0846	αυτων	D-GPM	LXX_WH
Dán 7:24	G0450	αναστησεται	V-FMI-3S	LXX_WH
Dán 7:24	G2087	ετερος	A-NSM	LXX_WH
Dán 7:24	G3739	ος	R-NSM	LXX_WH
Dán 7:24		υπεροισει	V-FAI-3S	ELTERO_SZOVEGALAP
Dán 7:24	G2556	κακοις	A-DPM	LXX_WH
Dán 7:24	G3956	παντας	A-APM	LXX_WH
Dán 7:24	G3588	τους	T-APM	LXX_WH
Dán 7:24	G1715	εμπροσθεν	ADV	LXX_WH
Dán 7:24	G2532	και	CONJ	LXX_WH
Dán 7:24	G5140	τρεις	A-APM	LXX_WH
Dán 7:24	G0935	βασιλεις	N-APM	LXX_WH
Dán 7:24	G5013	ταπεινωσει	V-FAI-3S	LXX_WH
Dán 7:25	G2532	και	CONJ	LXX_WH
Dán 7:25	G3056	λογους	N-APM	LXX_WH
Dán 7:25	G4314	προς	PREP	LXX_WH
Dán 7:25	G3588	τον	T-ASM	LXX_WH
Dán 7:25	G5310	υψιστον	A-ASM	LXX_WH
Dán 7:25	G2980	λαλησει	V-FAI-3S	LXX_WH
Dán 7:25	G2532	και	CONJ	LXX_WH
Dán 7:25	G3588	τους	T-APM	LXX_WH
Dán 7:25	G0040	αγιους	A-APM	LXX_WH
Dán 7:25	G5310	υψιστου	A-GSM	LXX_WH
Dán 7:25	G3822	παλαιωσει	V-FAI-3S	LXX_WH
Dán 7:25	G2532	και	CONJ	LXX_WH
Dán 7:25	G5282	υπονοησει	V-FAI-3S	LXX_WH
Dán 7:25	G3588	του	T-GSN	LXX_WH
Dán 7:25	G0241	αλλοιωσαι	V-AAN	ABP-potolt
Dán 7:25	G2540	καιρους	N-APM	LXX_WH
Dán 7:25	G2532	και	CONJ	LXX_WH
Dán 7:25	G3551	νομον	N-ASM	LXX_WH
Dán 7:25	G2532	και	CONJ	LXX_WH
Dán 7:25	G1325	δοθησεται	V-FPI-3S	LXX_WH
Dán 7:25	G1722	εν	PREP	LXX_WH
Dán 7:25	G5495	χειρι	N-DSF	LXX_WH
Dán 7:25	G0846	αυτου	D-GSM	LXX_WH
Dán 7:25	G2193	εως	PREP	LXX_WH
Dán 7:25	G2540	καιρου	N-GSM	LXX_WH
Dán 7:25	G2532	και	CONJ	LXX_WH
Dán 7:25	G2540	καιρων	N-GPM	LXX_WH
Dán 7:25	G2532	και	CONJ	LXX_WH
Dán 7:25	G2255	ημισυ	A-ASN	ABP-potolt
Dán 7:25	G2540	καιρου	N-GSM	LXX_WH
Dán 7:26	G2532	και	CONJ	LXX_WH
Dán 7:26	G3588	το	T-NSN	LXX_WH
Dán 7:26	G2922	κριτηριον	N-NSN	LXX_WH
Dán 7:26	G2523	καθισει	V-FAI-3S	LXX_WH
Dán 7:26	G2532	και	CONJ	LXX_WH
Dán 7:26	G3588	την	T-ASF	LXX_WH
Dán 7:26	G0746	αρχην	N-ASF	LXX_WH
Dán 7:26	G3179	μεταστησουσιν	V-FAI-3P	LXX_WH
Dán 7:26	G3588	του	T-GSN	LXX_WH
Dán 7:26	G0853	αφανισαι	V-AAN	ABP-potolt
Dán 7:26	G2532	και	CONJ	LXX_WH
Dán 7:26	G3588	του	T-GSN	LXX_WH
Dán 7:26	G0622	απολεσαι	V-AAN	ABP-potolt
Dán 7:26	G2193	εως	PREP	LXX_WH
Dán 7:26	G5056	τελους	N-GSN	LXX_WH
Dán 7:27	G2532	και	CONJ	LXX_WH
Dán 7:27	G3588	η	T-NSF	LXX_WH
Dán 7:27	G0932	βασιλεια	N-NSF	LXX_WH
Dán 7:27	G2532	και	CONJ	LXX_WH
Dán 7:27	G3588	η	T-NSF	LXX_WH
Dán 7:27	G1849	εξουσια	N-NSF	LXX_WH
Dán 7:27	G2532	και	CONJ	LXX_WH
Dán 7:27	G3588	η	T-NSF	LXX_WH
Dán 7:27	G3172	μεγαλωσυνη	N-NSF	LXX_WH
Dán 7:27	G3588	των	T-GPM	LXX_WH
Dán 7:27	G0935	βασιλεων	N-GPM	LXX_WH
Dán 7:27	G3588	των	T-GPM	LXX_WH
Dán 7:27	G5270	υποκατω	PREP	LXX_WH
Dán 7:27	G3956	παντος	A-GSM	LXX_WH
Dán 7:27	G3588	του	T-GSM	LXX_WH
Dán 7:27	G3772	ουρανου	N-GSM	LXX_WH
Dán 7:27	G1325	εδοθη	V-API-3S	LXX_WH
Dán 7:27	G0040	αγιοις	A-DPM	LXX_WH
Dán 7:27	G5310	υψιστου	A-GSM	LXX_WH
Dán 7:27	G2532	και	CONJ	LXX_WH
Dán 7:27	G3588	η	T-NSF	LXX_WH
Dán 7:27	G0932	βασιλεια	N-NSF	LXX_WH
Dán 7:27	G0846	αυτου	D-GSM	LXX_WH
Dán 7:27	G0932	βασιλεια	N-NSF	LXX_WH
Dán 7:27	G0166	αιωνιος	A-NSF	LXX_WH
Dán 7:27	G2532	και	CONJ	LXX_WH
Dán 7:27	G3956	πασαι	A-NPF	LXX_WH
Dán 7:27	G3588	αι	T-NPF	LXX_WH
Dán 7:27	G0746	αρχαι	N-NPF	LXX_WH
Dán 7:27	G0846	αυτω	D-DSM	LXX_WH
Dán 7:27	G1398	δουλευσουσιν	V-FAI-3P	LXX_WH
Dán 7:27	G2532	και	CONJ	LXX_WH
Dán 7:27	G5219	υπακουσονται	V-FMI-3P	LXX_WH
Dán 7:28	G2193	εως	CONJ	LXX_WH
Dán 7:28	G3592	ωδε	ADV	LXX_WH
Dán 7:28	G3588	το	T-NSN	LXX_WH
Dán 7:28	G4009	περας	N-NSN	LXX_WH
Dán 7:28	G3588	του	T-GSM	LXX_WH
Dán 7:28	G3056	λογου	N-GSM	LXX_WH
Dán 7:28	G1473	εγω	P-NS	LXX_WH
Dán 7:28	G1158	δανιηλ	N-PRI	LXX_WH
Dán 7:28	G1909	επι	PREP	LXX_WH
Dán 7:28	G4183	πολυ	A-ASN	LXX_WH
Dán 7:28	G3588	οι	T-NPM	LXX_WH
Dán 7:28	G1261	διαλογισμοι	N-NPM	LXX_WH
Dán 7:28	G1473	μου	P-GS	LXX_WH
Dán 7:28		συνεταρασσον	V-IAI-3P	ELTERO_SZOVEGALAP
Dán 7:28	G1473	με	P-AS	LXX_WH
Dán 7:28	G2532	και	CONJ	LXX_WH
Dán 7:28	G3588	η	T-NSF	LXX_WH
Dán 7:28	G3444	μορφη	N-NSF	LXX_WH
Dán 7:28	G1473	μου	P-GS	LXX_WH
Dán 7:28		ηλλοιωθη	V-API-3S	ELTERO_SZOVEGALAP
Dán 7:28	G1909	επ	PREP	LXX_WH
Dán 7:28	G1473	εμοι	P-DS	LXX_WH
Dán 7:28	G2532	και	CONJ	LXX_WH
Dán 7:28	G3588	το	T-ASN	LXX_WH
Dán 7:28	G4487	ρημα	N-ASN	LXX_WH
Dán 7:28	G1722	εν	PREP	LXX_WH
Dán 7:28	G3588	τη	T-DSF	LXX_WH
Dán 7:28	G2588	καρδια	N-DSF	LXX_WH
Dán 7:28	G1473	μου	P-GS	LXX_WH
Dán 7:28	G4933	συνετηρησα	V-AAI-1S	LXX_WH
Dán 8:1	G1722	εν	PREP	LXX_WH
Dán 8:1	G2094	ετει	N-DSN	LXX_WH
Dán 8:1	G5154	τριτω	A-DSN	LXX_WH
Dán 8:1	G3588	της	T-GSF	LXX_WH
Dán 8:1	G0932	βασιλειας	N-GSF	LXX_WH
Dán 8:1		βαλτασαρ	N-PRI	ELTERO_SZOVEGALAP
Dán 8:1	G3588	του	T-GSM	LXX_WH
Dán 8:1	G0935	βασιλεως	N-GSM	LXX_WH
Dán 8:1	G3706	ορασις	N-NSF	LXX_WH
Dán 8:1	G3708	ωφθη	V-API-3S	LXX_WH
Dán 8:1	G4314	προς	PREP	LXX_WH
Dán 8:1	G1473	με	P-AS	LXX_WH
Dán 8:1	G1473	εγω	P-NS	LXX_WH
Dán 8:1	G1158	δανιηλ	N-PRI	LXX_WH
Dán 8:1	G3326	μετα	PREP	LXX_WH
Dán 8:1	G3588	την	T-ASF	LXX_WH
Dán 8:1	G3708	οφθεισαν	V-APPAS	LXX_WH
Dán 8:1	G1473	μοι	P-DS	LXX_WH
Dán 8:1	G3588	την	T-ASF	LXX_WH
Dán 8:1	G0746	αρχην	N-ASF	LXX_WH
Dán 8:2	G2532	και	CONJ	LXX_WH
Dán 8:2	G1510	ημην	V-IMI-1S	LXX_WH
Dán 8:2	G1722	εν	PREP	LXX_WH
Dán 8:2		σουσοις	N-PRI	ELTERO_SZOVEGALAP
Dán 8:2	G3588	τη	T-DSF	LXX_WH
Dán 8:2		βαρει	N-DSF	ELTERO_SZOVEGALAP
Dán 8:2	G3739	η	R-NSF	LXX_WH
Dán 8:2	G1510	εστιν	V-PAI-3S	LXX_WH
Dán 8:2	G1722	εν	PREP	LXX_WH
Dán 8:2	G5561	χωρα	N-DSF	LXX_WH
Dán 8:2		αιλαμ	N-PRI	ELTERO_SZOVEGALAP
Dán 8:2	G2532	και	CONJ	LXX_WH
Dán 8:2	G3708	ειδον	V-AAI-1S	LXX_WH
Dán 8:2	G1722	εν	PREP	LXX_WH
Dán 8:2	G3705	οραματι	N-DSN	LXX_WH
Dán 8:2	G2532	και	CONJ	LXX_WH
Dán 8:2	G1510	ημην	V-IMI-1S	LXX_WH
Dán 8:2	G1909	επι	PREP	LXX_WH
Dán 8:2	G3588	του	T-GS	LXX_WH
Dán 8:2		ουβαλ	N-PRI	ELTERO_SZOVEGALAP
Dán 8:3	G2532	και	CONJ	LXX_WH
Dán 8:3	G0142	ηρα	V-AAI-1S	LXX_WH
Dán 8:3	G3588	τους	T-APM	LXX_WH
Dán 8:3	G3788	οφθαλμους	N-APM	LXX_WH
Dán 8:3	G1473	μου	P-GS	LXX_WH
Dán 8:3	G2532	και	CONJ	LXX_WH
Dán 8:3	G3708	ειδον	V-AAI-1S	LXX_WH
Dán 8:3	G2532	και	CONJ	LXX_WH
Dán 8:3	G2400	ιδου	INJ	LXX_WH
Dán 8:3		κριος	N-NSM	ELTERO_SZOVEGALAP
Dán 8:3	G1519	εις	A-NSM	LXX_WH
Dán 8:3	G2476	εστηκως	V-RAPNS	LXX_WH
Dán 8:3	G4253	προ	PREP	LXX_WH
Dán 8:3	G3588	του	T-GS	LXX_WH
Dán 8:3		ουβαλ	N-PRI	
Dán 8:3	G2532	και	CONJ	LXX_WH
Dán 8:3	G0846	αυτω	D-DSM	LXX_WH
Dán 8:3	G2768	κερατα	N-NPN	LXX_WH
Dán 8:3	G2532	και	CONJ	LXX_WH
Dán 8:3	G3588	τα	T-NPN	LXX_WH
Dán 8:3	G2768	κερατα	N-NPN	LXX_WH
Dán 8:3	G5308	υψηλα	A-NPN	LXX_WH
Dán 8:3	G2532	και	CONJ	LXX_WH
Dán 8:3	G3588	το	T-NSN	LXX_WH
Dán 8:3	G1519	εν	A-NSN	LXX_WH
Dán 8:3	G5308	υψηλοτερον	A-NSNC	LXX_WH
Dán 8:3	G3588	του	T-GSN	LXX_WH
Dán 8:3	G2087	ετερου	A-GSN	LXX_WH
Dán 8:3	G2532	και	CONJ	LXX_WH
Dán 8:3	G3588	το	T-NSN	LXX_WH
Dán 8:3	G5308	υψηλον	A-NSN	LXX_WH
Dán 8:3	G0305	ανεβαινεν	V-IAI-3S	LXX_WH
Dán 8:3	G1909	επ	PREP	LXX_WH
Dán 8:3	G2078	εσχατων	A-GPN	LXX_WH
Dán 8:4	G3708	ειδον	V-AAI-1S	LXX_WH
Dán 8:4	G3588	τον	T-ASM	LXX_WH
Dán 8:4		κριον	N-ASM	ELTERO_SZOVEGALAP
Dán 8:4		κερατιζοντα	V-PAPAS	ELTERO_SZOVEGALAP
Dán 8:4	G2596	κατα	PREP	LXX_WH
Dán 8:4	G2281	θαλασσαν	N-ASF	LXX_WH
Dán 8:4	G2532	και	CONJ	LXX_WH
Dán 8:4		βορραν	N-ASM	
Dán 8:4	G2532	και	CONJ	LXX_WH
Dán 8:4	G3558	νοτον	N-ASM	LXX_WH
Dán 8:4	G2532	και	CONJ	LXX_WH
Dán 8:4	G3956	παντα	A-NPN	LXX_WH
Dán 8:4	G3588	τα	T-NPN	LXX_WH
Dán 8:4	G2342	θηρια	N-NPN	LXX_WH
Dán 8:4	G3364	ου	ADV	LXX_WH
Dán 8:4	G2476	στησονται	V-FMI-3P	LXX_WH
Dán 8:4	G1799	ενωπιον	PREP	LXX_WH
Dán 8:4	G0846	αυτου	D-GSM	LXX_WH
Dán 8:4	G2532	και	CONJ	LXX_WH
Dán 8:4	G3364	ουκ	ADV	LXX_WH
Dán 8:4	G1510	ην	V-IAI-3S	LXX_WH
Dán 8:4	G3588	ο	T-NSM	LXX_WH
Dán 8:4	G1807	εξαιρουμενος	V-PMPNS	LXX_WH
Dán 8:4	G1537	εκ	PREP	LXX_WH
Dán 8:4	G5495	χειρος	N-GSF	LXX_WH
Dán 8:4	G0846	αυτου	D-GSM	LXX_WH
Dán 8:4	G2532	και	CONJ	LXX_WH
Dán 8:4	G4160	εποιησεν	V-AAI-3S	LXX_WH
Dán 8:4	G2596	κατα	PREP	LXX_WH
Dán 8:4	G3588	το	T-ASN	LXX_WH
Dán 8:4	G2307	θελημα	N-ASN	LXX_WH
Dán 8:4	G0846	αυτου	D-GSM	LXX_WH
Dán 8:4	G2532	και	CONJ	LXX_WH
Dán 8:4	G3170	εμεγαλυνθη	V-API-3S	LXX_WH
Dán 8:5	G2532	και	CONJ	LXX_WH
Dán 8:5	G1473	εγω	P-NS	LXX_WH
Dán 8:5	G1510	ημην	V-IMI-1S	LXX_WH
Dán 8:5	G4920	συνιων	V-PAPNS	LXX_WH
Dán 8:5	G2532	και	CONJ	LXX_WH
Dán 8:5	G2400	ιδου	INJ	LXX_WH
Dán 8:5	G5131	τραγος	N-NSM	LXX_WH
Dán 8:5	G0137	αιγων	N-GPM	ABP-potolt
Dán 8:5	G2064	ηρχετο	V-IMI-3S	LXX_WH
Dán 8:5	G0575	απο	PREP	LXX_WH
Dán 8:5	G3047	λιβος	N-GSM	LXX_WH
Dán 8:5	G1909	επι	PREP	LXX_WH
Dán 8:5	G4383	προσωπον	N-ASN	LXX_WH
Dán 8:5	G3956	πασης	A-GSF	LXX_WH
Dán 8:5	G3588	της	T-GSF	LXX_WH
Dán 8:5	G1065	γης	N-GSF	LXX_WH
Dán 8:5	G2532	και	CONJ	LXX_WH
Dán 8:5	G3364	ουκ	ADV	LXX_WH
Dán 8:5	G1510	ην	V-IAI-3S	LXX_WH
Dán 8:5	G0680	απτομενος	V-PMPNS	LXX_WH
Dán 8:5	G3588	της	T-GSF	LXX_WH
Dán 8:5	G1065	γης	N-GSF	LXX_WH
Dán 8:5	G2532	και	CONJ	LXX_WH
Dán 8:5	G3588	τω	T-DSM	LXX_WH
Dán 8:5	G5131	τραγω	N-DSM	LXX_WH
Dán 8:5	G2768	κερας	N-NSN	LXX_WH
Dán 8:5	G2335	θεωρητον	A-NSN	ABP-potolt
Dán 8:5	G0303	ανα	PREP	LXX_WH
Dán 8:5	G3319	μεσον	A-ASM	LXX_WH
Dán 8:5	G3588	των	T-GPM	LXX_WH
Dán 8:5	G3788	οφθαλμων	N-GPM	LXX_WH
Dán 8:5	G0846	αυτου	D-GSM	LXX_WH
Dán 8:6	G2532	και	CONJ	LXX_WH
Dán 8:6	G2064	ηλθεν	V-AAI-3S	LXX_WH
Dán 8:6	G2193	εως	PREP	LXX_WH
Dán 8:6	G3588	του	T-GSM	LXX_WH
Dán 8:6	G2919	κριου	N-GSM	ABP-potolt
Dán 8:6	G3588	του	T-GSM	LXX_WH
Dán 8:6	G3588	τα	T-APN	LXX_WH
Dán 8:6	G2768	κερατα	N-APN	LXX_WH
Dán 8:6	G2192	εχοντος	V-PAPGS	LXX_WH
Dán 8:6	G3739	ου	R-GSM	LXX_WH
Dán 8:6	G3708	ειδον	V-AAI-1S	LXX_WH
Dán 8:6	G2476	εστωτος	V-RAPGS	LXX_WH
Dán 8:6	G1799	ενωπιον	PREP	LXX_WH
Dán 8:6	G3588	του	T-GS	LXX_WH
Dán 8:6		ουβαλ	N-PRI	ELTERO_SZOVEGALAP
Dán 8:6	G2532	και	CONJ	LXX_WH
Dán 8:6	G5143	εδραμεν	V-AAI-3S	LXX_WH
Dán 8:6	G4314	προς	PREP	LXX_WH
Dán 8:6	G0846	αυτον	D-ASM	LXX_WH
Dán 8:6	G1722	εν	PREP	LXX_WH
Dán 8:6	G3730	ορμη	N-DSF	LXX_WH
Dán 8:6	G3588	της	T-GSF	LXX_WH
Dán 8:6	G2479	ισχυος	N-GSF	LXX_WH
Dán 8:6	G0846	αυτου	D-GSM	LXX_WH
Dán 8:7	G2532	και	CONJ	LXX_WH
Dán 8:7	G3708	ειδον	V-AAI-1S	LXX_WH
Dán 8:7	G0846	αυτον	D-ASM	LXX_WH
Dán 8:7	G5348	φθανοντα	V-PAPAS	LXX_WH
Dán 8:7	G2193	εως	PREP	LXX_WH
Dán 8:7	G3588	του	T-GSM	LXX_WH
Dán 8:7		κριου	N-GSM	
Dán 8:7	G2532	και	CONJ	LXX_WH
Dán 8:7	G1805	εξηγριανθη	V-API-3S	ABP-potolt
Dán 8:7	G4314	προς	PREP	LXX_WH
Dán 8:7	G0846	αυτον	D-ASM	LXX_WH
Dán 8:7	G2532	και	CONJ	LXX_WH
Dán 8:7	G3815	επαισεν	V-AAI-3S	LXX_WH
Dán 8:7	G3588	τον	T-ASM	LXX_WH
Dán 8:7		κριον	N-ASM	
Dán 8:7	G2532	και	CONJ	LXX_WH
Dán 8:7	G4937	συνετριψεν	V-AAI-3S	LXX_WH
Dán 8:7	G0297	αμφοτερα	A-APN	ABP-potolt
Dán 8:7	G3588	τα	T-APN	LXX_WH
Dán 8:7	G2768	κερατα	N-APN	LXX_WH
Dán 8:7	G0846	αυτου	D-GSM	LXX_WH
Dán 8:7	G2532	και	CONJ	LXX_WH
Dán 8:7	G3364	ουκ	ADV	LXX_WH
Dán 8:7	G1510	ην	V-IAI-3S	LXX_WH
Dán 8:7	G2479	ισχυς	N-NSF	LXX_WH
Dán 8:7	G3588	τω	T-DSM	LXX_WH
Dán 8:7		κριω	N-DSM	
Dán 8:7	G3588	του	T-GSN	LXX_WH
Dán 8:7	G2476	στηναι	V-AAN	LXX_WH
Dán 8:7	G1799	ενωπιον	PREP	LXX_WH
Dán 8:7	G0846	αυτου	D-GSM	LXX_WH
Dán 8:7	G2532	και	CONJ	LXX_WH
Dán 8:7		ερριψεν	V-AAI-3S	ELTERO_SZOVEGALAP
Dán 8:7	G0846	αυτον	D-ASM	LXX_WH
Dán 8:7	G1909	επι	PREP	LXX_WH
Dán 8:7	G3588	την	T-ASF	LXX_WH
Dán 8:7	G1065	γην	N-ASF	LXX_WH
Dán 8:7	G2532	και	CONJ	LXX_WH
Dán 8:7		συνεπατησεν	V-AAI-3S	ELTERO_SZOVEGALAP
Dán 8:7	G0846	αυτον	D-ASM	LXX_WH
Dán 8:7	G2532	και	CONJ	LXX_WH
Dán 8:7	G3364	ουκ	ADV	LXX_WH
Dán 8:7	G1510	ην	V-IAI-3S	LXX_WH
Dán 8:7	G3588	ο	T-NSM	LXX_WH
Dán 8:7	G1807	εξαιρουμενος	V-PMPNS	LXX_WH
Dán 8:7	G3588	τον	T-ASM	LXX_WH
Dán 8:7	G2919	κριον	N-ASM	ABP-potolt
Dán 8:7	G1537	εκ	PREP	LXX_WH
Dán 8:7	G5495	χειρος	N-GSF	LXX_WH
Dán 8:7	G0846	αυτου	D-GSM	LXX_WH
Dán 8:8	G2532	και	CONJ	LXX_WH
Dán 8:8	G3588	ο	T-NSM	LXX_WH
Dán 8:8	G5131	τραγος	N-NSM	LXX_WH
Dán 8:8	G3588	των	T-GPM	LXX_WH
Dán 8:8	G0137	αιγων	N-GPM	ABP-potolt
Dán 8:8	G3170	εμεγαλυνθη	V-API-3S	LXX_WH
Dán 8:8	G2193	εως	PREP	LXX_WH
Dán 8:8	G4970	σφοδρα	ADV	LXX_WH
Dán 8:8	G2532	και	CONJ	LXX_WH
Dán 8:8	G1722	εν	PREP	LXX_WH
Dán 8:8	G3588	τω	T-DSN	LXX_WH
Dán 8:8	G2480	ισχυσαι	V-AAN	LXX_WH
Dán 8:8	G0846	αυτον	D-ASM	LXX_WH
Dán 8:8	G4937	συνετριβη	V-API-3S	LXX_WH
Dán 8:8	G3588	το	T-NSN	LXX_WH
Dán 8:8	G2768	κερας	N-NSN	LXX_WH
Dán 8:8	G0846	αυτου	D-GSM	LXX_WH
Dán 8:8	G3588	το	T-NSN	LXX_WH
Dán 8:8	G3173	μεγα	A-NSN	LXX_WH
Dán 8:8	G2532	και	CONJ	LXX_WH
Dán 8:8	G0305	ανεβη	V-AAI-3S	LXX_WH
Dán 8:8	G2768	κερατα	N-NPN	LXX_WH
Dán 8:8	G5064	τεσσαρα	A-NPN	LXX_WH
Dán 8:8	G5270	υποκατω	PREP	LXX_WH
Dán 8:8	G0846	αυτου	D-GSN	LXX_WH
Dán 8:8	G1519	εις	PREP	LXX_WH
Dán 8:8	G3588	τους	T-APM	LXX_WH
Dán 8:8	G5064	τεσσαρας	A-APM	LXX_WH
Dán 8:8	G0417	ανεμους	N-APM	LXX_WH
Dán 8:8	G3588	του	T-GSM	LXX_WH
Dán 8:8	G3772	ουρανου	N-GSM	LXX_WH
Dán 8:9	G2532	και	CONJ	LXX_WH
Dán 8:9	G1537	εκ	PREP	LXX_WH
Dán 8:9	G3588	του	T-GSN	LXX_WH
Dán 8:9	G1519	ενος	A-GSN	LXX_WH
Dán 8:9	G0846	αυτων	D-GPN	LXX_WH
Dán 8:9	G1831	εξηλθεν	V-AAI-3S	LXX_WH
Dán 8:9	G2768	κερας	N-NSN	LXX_WH
Dán 8:9	G1519	εν	A-NSN	LXX_WH
Dán 8:9	G2478	ισχυρον	A-NSN	LXX_WH
Dán 8:9	G2532	και	CONJ	LXX_WH
Dán 8:9	G3170	εμεγαλυνθη	V-API-3S	LXX_WH
Dán 8:9	G4053	περισσως	ADV	LXX_WH
Dán 8:9	G4314	προς	PREP	LXX_WH
Dán 8:9	G3588	τον	T-ASM	LXX_WH
Dán 8:9	G3558	νοτον	N-ASM	LXX_WH
Dán 8:9	G2532	και	CONJ	LXX_WH
Dán 8:9	G4314	προς	PREP	LXX_WH
Dán 8:9	G0395	ανατολην	N-ASF	LXX_WH
Dán 8:9	G2532	και	CONJ	LXX_WH
Dán 8:9	G4314	προς	PREP	LXX_WH
Dán 8:9	G3588	την	T-ASF	LXX_WH
Dán 8:9	G1411	δυναμιν	N-ASF	LXX_WH
Dán 8:10	G3170	εμεγαλυνθη	V-API-3S	LXX_WH
Dán 8:10	G2193	εως	PREP	LXX_WH
Dán 8:10	G3588	της	T-GSF	LXX_WH
Dán 8:10	G1411	δυναμεως	N-GSF	LXX_WH
Dán 8:10	G3588	του	T-GSM	LXX_WH
Dán 8:10	G3772	ουρανου	N-GSM	LXX_WH
Dán 8:10	G2532	και	CONJ	LXX_WH
Dán 8:10	G4098	επεσεν	V-AAI-3S	LXX_WH
Dán 8:10	G1909	επι	PREP	LXX_WH
Dán 8:10	G3588	την	T-ASF	LXX_WH
Dán 8:10	G1065	γην	N-ASF	LXX_WH
Dán 8:10	G0575	απο	PREP	LXX_WH
Dán 8:10	G3588	της	T-GSF	LXX_WH
Dán 8:10	G1411	δυναμεως	N-GSF	LXX_WH
Dán 8:10	G3588	του	T-GSM	LXX_WH
Dán 8:10	G3772	ουρανου	N-GSM	LXX_WH
Dán 8:10	G2532	και	CONJ	LXX_WH
Dán 8:10	G0575	απο	PREP	LXX_WH
Dán 8:10	G3588	των	T-GPN	LXX_WH
Dán 8:10	G0798	αστρων	N-GPN	LXX_WH
Dán 8:10	G2532	και	CONJ	LXX_WH
Dán 8:10		συνεπατησεν	V-AAI-3S	ELTERO_SZOVEGALAP
Dán 8:10	G0846	αυτα	D-APN	LXX_WH
Dán 8:11	G2532	και	CONJ	LXX_WH
Dán 8:11	G2193	εως	PREP	LXX_WH
Dán 8:11	G3739	ου	R-GSM	LXX_WH
Dán 8:11	G3588	ο	T-NSM	LXX_WH
Dán 8:11		αρχιστρατηγος	N-NSM	ELTERO_SZOVEGALAP
Dán 8:11		ρυσηται	V-AMS-3S	ELTERO_SZOVEGALAP
Dán 8:11	G3588	την	T-ASF	LXX_WH
Dán 8:11	G0161	αιχμαλωσιαν	N-ASF	LXX_WH
Dán 8:11	G2532	και	CONJ	LXX_WH
Dán 8:11	G1223	δι	PREP	LXX_WH
Dán 8:11	G0846	αυτον	D-ASM	LXX_WH
Dán 8:11	G2378	θυσια	N-NSF	LXX_WH
Dán 8:11	G5015	ερραχθη	V-API-3S	ABP-potolt
Dán 8:11	G2532	και	CONJ	LXX_WH
Dán 8:11	G1096	εγενηθη	V-API-3S	LXX_WH
Dán 8:11	G2532	και	CONJ	LXX_WH
Dán 8:11		κατευοδωθη	V-API-3S	ELTERO_SZOVEGALAP
Dán 8:11	G0846	αυτω	D-DSM	LXX_WH
Dán 8:11	G2532	και	CONJ	LXX_WH
Dán 8:11	G3588	το	T-NSN	LXX_WH
Dán 8:11	G0040	αγιον	A-NSN	LXX_WH
Dán 8:11	G2049	ερημωθησεται	V-FPI-3S	LXX_WH
Dán 8:12	G2532	και	CONJ	LXX_WH
Dán 8:12	G1325	εδοθη	V-API-3S	LXX_WH
Dán 8:12	G1909	επι	PREP	LXX_WH
Dán 8:12	G3588	την	T-ASF	LXX_WH
Dán 8:12	G2378	θυσιαν	N-ASF	LXX_WH
Dán 8:12	G0266	αμαρτια	N-NSF	LXX_WH
Dán 8:12	G2532	και	CONJ	LXX_WH
Dán 8:12	G4495	ερριφη	V-API-3S	ABP-potolt
Dán 8:12	G5476	χαμαι	ADV	LXX_WH
Dán 8:12	G3588	η	T-NSF	LXX_WH
Dán 8:12	G1343	δικαιοσυνη	N-NSF	LXX_WH
Dán 8:12	G2532	και	CONJ	LXX_WH
Dán 8:12	G4160	εποιησεν	V-AAI-3S	LXX_WH
Dán 8:12	G2532	και	CONJ	LXX_WH
Dán 8:12	G2137	ευοδωθη	V-API-3S	LXX_WH
Dán 8:13	G2532	και	CONJ	LXX_WH
Dán 8:13	G0191	ηκουσα	V-AAI-1S	LXX_WH
Dán 8:13	G1519	ενος	A-GSM	LXX_WH
Dán 8:13	G0040	αγιου	A-GSM	LXX_WH
Dán 8:13	G2980	λαλουντος	V-PAPGS	LXX_WH
Dán 8:13	G2532	και	CONJ	LXX_WH
Dán 8:13		ειπεν	V-AAI-3S	ELTERO_SZOVEGALAP
Dán 8:13	G1519	εις	A-NSM	LXX_WH
Dán 8:13	G0040	αγιος	A-NSM	LXX_WH
Dán 8:13	G3588	τω	T-DSM	LXX_WH
Dán 8:13	G2378	φελμουνι	N-PRI	ABP-potolt
Dán 8:13	G3588	τω	T-DSM	LXX_WH
Dán 8:13	G2980	λαλουντι	V-PAPDS	LXX_WH
Dán 8:13	G2193	εως	CONJ	LXX_WH
Dán 8:13	G4218	ποτε	PRT	LXX_WH
Dán 8:13	G3588	η	T-NSF	LXX_WH
Dán 8:13	G3706	ορασις	N-NSF	LXX_WH
Dán 8:13	G2476	στησεται	V-FMI-3S	LXX_WH
Dán 8:13	G3588	η	T-NSF	LXX_WH
Dán 8:13	G2378	θυσια	N-NSF	LXX_WH
Dán 8:13	G3588	η	T-NSF	LXX_WH
Dán 8:13	G0142	αρθεισα	V-APPNS	LXX_WH
Dán 8:13	G2532	και	CONJ	LXX_WH
Dán 8:13	G3588	η	T-NSF	LXX_WH
Dán 8:13	G0266	αμαρτια	N-NSF	LXX_WH
Dán 8:13	G2050	ερημωσεως	N-GSF	LXX_WH
Dán 8:13	G3588	η	T-NSF	LXX_WH
Dán 8:13	G1325	δοθεισα	V-APPNS	LXX_WH
Dán 8:13	G2532	και	CONJ	LXX_WH
Dán 8:13	G3588	το	T-NSN	LXX_WH
Dán 8:13	G0040	αγιον	A-NSN	LXX_WH
Dán 8:13	G2532	και	CONJ	LXX_WH
Dán 8:13	G3588	η	T-NSF	LXX_WH
Dán 8:13	G1411	δυναμις	N-NSF	LXX_WH
Dán 8:13	G4841	συμπατηθησεται	V-FPI-3S	ABP-potolt
Dán 8:14	G2532	και	CONJ	LXX_WH
Dán 8:14		ειπεν	V-AAI-3S	ELTERO_SZOVEGALAP
Dán 8:14	G0846	αυτω	D-DSM	LXX_WH
Dán 8:14	G2193	εως	PREP	LXX_WH
Dán 8:14	G2073	εσπερας	N-GSF	LXX_WH
Dán 8:14	G2532	και	CONJ	LXX_WH
Dán 8:14	G4404	πρωι	ADV	LXX_WH
Dán 8:14	G2250	ημεραι	N-NPF	LXX_WH
Dán 8:14	G1367	δισχιλιαι	A-NPF	LXX_WH
Dán 8:14	G2532	και	CONJ	LXX_WH
Dán 8:14	G5145	τριακοσιαι	A-NPF	LXX_WH
Dán 8:14	G2532	και	CONJ	LXX_WH
Dán 8:14	G2511	καθαρισθησεται	V-FPI-3S	LXX_WH
Dán 8:14	G3588	το	T-NSN	LXX_WH
Dán 8:14	G0040	αγιον	A-NSN	LXX_WH
Dán 8:15	G2532	και	CONJ	LXX_WH
Dán 8:15	G1096	εγενετο	V-AMI-3S	LXX_WH
Dán 8:15	G1722	εν	PREP	LXX_WH
Dán 8:15	G3588	τω	T-DSN	LXX_WH
Dán 8:15	G3708	ιδειν	V-AAN	LXX_WH
Dán 8:15	G1473	με	P-AS	LXX_WH
Dán 8:15	G1473	εγω	P-NS	LXX_WH
Dán 8:15	G1158	δανιηλ	N-PRI	LXX_WH
Dán 8:15	G3588	την	T-ASF	LXX_WH
Dán 8:15	G3706	ορασιν	N-ASF	LXX_WH
Dán 8:15	G2532	και	CONJ	LXX_WH
Dán 8:15	G2212	εζητουν	V-IAI-1S	LXX_WH
Dán 8:15	G4907	συνεσιν	N-ASF	LXX_WH
Dán 8:15	G2532	και	CONJ	LXX_WH
Dán 8:15	G2400	ιδου	INJ	LXX_WH
Dán 8:15	G2476	εστη	V-AAI-3S	LXX_WH
Dán 8:15	G1799	ενωπιον	PREP	LXX_WH
Dán 8:15	G1473	εμου	P-GS	LXX_WH
Dán 8:15	G3739	ως	CONJ	LXX_WH
Dán 8:15	G3706	ορασις	N-NSF	LXX_WH
Dán 8:15	G0435	ανδρος	N-GSM	LXX_WH
Dán 8:16	G2532	και	CONJ	LXX_WH
Dán 8:16	G0191	ηκουσα	V-AAI-1S	LXX_WH
Dán 8:16	G5456	φωνην	N-ASF	LXX_WH
Dán 8:16	G0435	ανδρος	N-GSM	LXX_WH
Dán 8:16	G0303	ανα	PREP	LXX_WH
Dán 8:16	G3319	μεσον	A-ASM	LXX_WH
Dán 8:16	G3588	του	T-GS	LXX_WH
Dán 8:16		ουβαλ	N-PRI	ELTERO_SZOVEGALAP
Dán 8:16	G2532	και	CONJ	LXX_WH
Dán 8:16	G2564	εκαλεσεν	V-AAI-3S	LXX_WH
Dán 8:16	G2532	και	CONJ	LXX_WH
Dán 8:16		ειπεν	V-AAI-3S	ELTERO_SZOVEGALAP
Dán 8:16	G1043	γαβριηλ	N-PRI	LXX_WH
Dán 8:16		συνετισον	V-AAD-2S	ELTERO_SZOVEGALAP
Dán 8:16	G1565	εκεινον	D-ASM	LXX_WH
Dán 8:16	G3588	την	T-ASF	LXX_WH
Dán 8:16	G3706	ορασιν	N-ASF	LXX_WH
Dán 8:17	G2532	και	CONJ	LXX_WH
Dán 8:17	G2064	ηλθεν	V-AAI-3S	LXX_WH
Dán 8:17	G2532	και	CONJ	LXX_WH
Dán 8:17	G2476	εστη	V-AAI-3S	LXX_WH
Dán 8:17	G2192	εχομενος	V-PMPNS	LXX_WH
Dán 8:17	G3588	της	T-GSF	LXX_WH
Dán 8:17	G4714	στασεως	N-GSF	LXX_WH
Dán 8:17	G1473	μου	P-GS	LXX_WH
Dán 8:17	G2532	και	CONJ	LXX_WH
Dán 8:17	G1722	εν	PREP	LXX_WH
Dán 8:17	G3588	τω	T-DSN	LXX_WH
Dán 8:17	G2064	ελθειν	V-AAN	LXX_WH
Dán 8:17	G0846	αυτον	D-ASM	LXX_WH
Dán 8:17	G2284	εθαμβηθην	V-API-1S	LXX_WH
Dán 8:17	G2532	και	CONJ	LXX_WH
Dán 8:17	G4098	πιπτω	V-PAI-1S	LXX_WH
Dán 8:17	G1909	επι	PREP	LXX_WH
Dán 8:17	G4383	προσωπον	N-ASN	LXX_WH
Dán 8:17	G1473	μου	P-GS	LXX_WH
Dán 8:17	G2532	και	CONJ	LXX_WH
Dán 8:17	G2036	ειπεν	V-AAI-3S	ABP-potolt
Dán 8:17	G4314	προς	PREP	LXX_WH
Dán 8:17	G1473	με	P-AS	LXX_WH
Dán 8:17	G4920	συνες	V-AAD-2S	LXX_WH
Dán 8:17	G5207	υιε	N-VSM	LXX_WH
Dán 8:17	G0444	ανθρωπου	N-GSM	LXX_WH
Dán 8:17	G2089	ετι	ADV	LXX_WH
Dán 8:17	G1063	γαρ	PRT	LXX_WH
Dán 8:17	G1519	εις	PREP	LXX_WH
Dán 8:17	G2540	καιρου	N-GSM	LXX_WH
Dán 8:17	G4009	περας	N-ASN	LXX_WH
Dán 8:17	G3588	η	T-NSF	LXX_WH
Dán 8:17	G3706	ορασις	N-NSF	LXX_WH
Dán 8:18	G2532	και	CONJ	LXX_WH
Dán 8:18	G1722	εν	PREP	LXX_WH
Dán 8:18	G3588	τω	T-DSN	LXX_WH
Dán 8:18	G2980	λαλειν	V-PAN	LXX_WH
Dán 8:18	G0846	αυτον	D-ASM	LXX_WH
Dán 8:18	G3326	μετ	PREP	LXX_WH
Dán 8:18	G1473	εμου	P-GS	LXX_WH
Dán 8:18	G4098	πιπτω	V-PAI-1S	LXX_WH
Dán 8:18	G1909	επι	PREP	LXX_WH
Dán 8:18	G4383	προσωπον	N-ASN	LXX_WH
Dán 8:18	G1473	μου	P-GS	LXX_WH
Dán 8:18	G1909	επι	PREP	LXX_WH
Dán 8:18	G3588	την	T-ASF	LXX_WH
Dán 8:18	G1065	γην	N-ASF	LXX_WH
Dán 8:18	G2532	και	CONJ	LXX_WH
Dán 8:18	G0680	ηψατο	V-AMI-3S	LXX_WH
Dán 8:18	G1473	μου	P-GS	LXX_WH
Dán 8:18	G2532	και	CONJ	LXX_WH
Dán 8:18	G2476	εστησεν	V-AAI-3S	LXX_WH
Dán 8:18	G1473	με	P-AS	LXX_WH
Dán 8:18	G1909	επι	PREP	LXX_WH
Dán 8:18	G4228	ποδας	N-APM	LXX_WH
Dán 8:19	G2532	και	CONJ	LXX_WH
Dán 8:19	G2036	ειπεν	V-AAI-3S	ABP-potolt
Dán 8:19	G2400	ιδου	INJ	LXX_WH
Dán 8:19	G1473	εγω	P-NS	LXX_WH
Dán 8:19	G1107	γνωριζω	V-PAI-1S	LXX_WH
Dán 8:19	G4771	σοι	P-DS	LXX_WH
Dán 8:19	G3588	τα	T-APN	LXX_WH
Dán 8:19	G1510	εσομενα	V-FMPAP	LXX_WH
Dán 8:19	G1909	επ	PREP	LXX_WH
Dán 8:19	G2078	εσχατων	A-GPN	LXX_WH
Dán 8:19	G3588	της	T-GSF	LXX_WH
Dán 8:19	G3709	οργης	N-GSF	LXX_WH
Dán 8:19	G2089	ετι	ADV	LXX_WH
Dán 8:19	G1063	γαρ	PRT	LXX_WH
Dán 8:19	G1519	εις	PREP	LXX_WH
Dán 8:19	G2540	καιρου	N-GSM	LXX_WH
Dán 8:19	G4009	περας	N-ASN	LXX_WH
Dán 8:19	G3588	η	T-NSF	LXX_WH
Dán 8:19	G3706	ορασις	N-NSF	LXX_WH
Dán 8:20	G3588	ο	T-NSM	LXX_WH
Dán 8:20	G2919	κριος	N-NSM	ABP-potolt
Dán 8:20	G3739	ον	R-ASM	LXX_WH
Dán 8:20	G3708	ειδες	V-AAI-2S	LXX_WH
Dán 8:20	G3588	ο	T-NSM	LXX_WH
Dán 8:20	G2192	εχων	V-PAPNS	LXX_WH
Dán 8:20	G3588	τα	T-APN	LXX_WH
Dán 8:20	G2768	κερατα	N-APN	LXX_WH
Dán 8:20	G0935	βασιλευς	N-NSM	LXX_WH
Dán 8:20	G3370	μηδων	N-GPM	LXX_WH
Dán 8:20	G2532	και	CONJ	LXX_WH
Dán 8:20		περσων	N-GPM	ELTERO_SZOVEGALAP
Dán 8:21	G2532	και	CONJ	LXX_WH
Dán 8:21	G3588	ο	T-NSM	LXX_WH
Dán 8:21	G5131	τραγος	N-NSM	LXX_WH
Dán 8:21	G3588	των	T-GPM	LXX_WH
Dán 8:21	G0137	αιγων	N-GPM	ABP-potolt
Dán 8:21	G0935	βασιλευς	N-NSM	LXX_WH
Dán 8:21	G1672	ελληνων	N-GPM	LXX_WH
Dán 8:21	G2532	και	CONJ	LXX_WH
Dán 8:21	G3588	το	T-NSN	LXX_WH
Dán 8:21	G2768	κερας	N-NSN	LXX_WH
Dán 8:21	G3588	το	T-NSN	LXX_WH
Dán 8:21	G3173	μεγα	A-NSN	LXX_WH
Dán 8:21	G3739	ο	R-NSN	LXX_WH
Dán 8:21	G1510	ην	V-IAI-3S	LXX_WH
Dán 8:21	G0303	ανα	PREP	LXX_WH
Dán 8:21	G3319	μεσον	A-ASM	LXX_WH
Dán 8:21	G3588	των	T-GPM	LXX_WH
Dán 8:21	G3788	οφθαλμων	N-GPM	LXX_WH
Dán 8:21	G0846	αυτου	D-GSM	LXX_WH
Dán 8:21	G0846	αυτος	D-NSM	LXX_WH
Dán 8:21	G1510	εστιν	V-PAI-3S	LXX_WH
Dán 8:21	G3588	ο	T-NSM	LXX_WH
Dán 8:21	G0935	βασιλευς	N-NSM	LXX_WH
Dán 8:21	G3588	ο	T-NSM	LXX_WH
Dán 8:21	G4413	πρωτος	A-NSMS	LXX_WH
Dán 8:22	G2532	και	CONJ	LXX_WH
Dán 8:22	G3588	του	T-GSN	LXX_WH
Dán 8:22	G4937	συντριβεντος	V-APPGS	LXX_WH
Dán 8:22	G3739	ου	R-GSN	LXX_WH
Dán 8:22	G2476	εστησαν	V-AAI-3P	LXX_WH
Dán 8:22	G5064	τεσσαρα	A-NPN	LXX_WH
Dán 8:22	G5270	υποκατω	PREP	LXX_WH
Dán 8:22	G2768	κερατα	N-APN	LXX_WH
Dán 8:22	G5064	τεσσαρες	A-NPM	LXX_WH
Dán 8:22	G0935	βασιλεις	N-NPM	LXX_WH
Dán 8:22	G1537	εκ	PREP	LXX_WH
Dán 8:22	G3588	του	T-GSN	LXX_WH
Dán 8:22	G1484	εθνους	N-GSN	LXX_WH
Dán 8:22	G0846	αυτου	D-GSM	LXX_WH
Dán 8:22	G0450	αναστησονται	V-FMI-3P	LXX_WH
Dán 8:22	G2532	και	CONJ	LXX_WH
Dán 8:22	G3364	ουκ	ADV	LXX_WH
Dán 8:22	G1722	εν	PREP	LXX_WH
Dán 8:22	G3588	τη	T-DSF	LXX_WH
Dán 8:22	G2479	ισχυι	N-DSF	LXX_WH
Dán 8:22	G0846	αυτου	D-GSM	LXX_WH
Dán 8:23	G2532	και	CONJ	LXX_WH
Dán 8:23	G1909	επ	PREP	LXX_WH
Dán 8:23	G2078	εσχατων	A-GPN	LXX_WH
Dán 8:23	G3588	της	T-GSF	LXX_WH
Dán 8:23	G0932	βασιλειας	N-GSF	LXX_WH
Dán 8:23	G0846	αυτων	D-GPM	LXX_WH
Dán 8:23	G4137	πληρουμενων	V-PMPGP	LXX_WH
Dán 8:23	G3588	των	T-GPF	LXX_WH
Dán 8:23	G0266	αμαρτιων	N-GPF	LXX_WH
Dán 8:23	G0846	αυτων	D-GPM	LXX_WH
Dán 8:23	G0450	αναστησεται	V-FMI-3S	LXX_WH
Dán 8:23	G0935	βασιλευς	N-NSM	LXX_WH
Dán 8:23	G0335	αναιδης	A-NSM	ABP-potolt
Dán 8:23	G4383	προσωπω	N-DSN	LXX_WH
Dán 8:23	G2532	και	CONJ	LXX_WH
Dán 8:23	G4920	συνιων	V-PAPNS	LXX_WH
Dán 8:23	G4265	προβληματα	N-APN	ABP-potolt
Dán 8:24	G2532	και	CONJ	LXX_WH
Dán 8:24	G2900	κραταια	A-NSF	LXX_WH
Dán 8:24	G3588	η	T-NSF	LXX_WH
Dán 8:24	G2479	ισχυς	N-NSF	LXX_WH
Dán 8:24	G0846	αυτου	D-GSM	LXX_WH
Dán 8:24	G2532	και	CONJ	LXX_WH
Dán 8:24	G3364	ουκ	ADV	LXX_WH
Dán 8:24	G1722	εν	PREP	LXX_WH
Dán 8:24	G3588	τη	T-DSF	LXX_WH
Dán 8:24	G2479	ισχυι	N-DSF	LXX_WH
Dán 8:24	G0846	αυτου	D-GSM	LXX_WH
Dán 8:24	G2532	και	CONJ	LXX_WH
Dán 8:24	G2298	θαυμαστα	A-APN	LXX_WH
Dán 8:24	G1311	διαφθερει	V-FAI-3S	LXX_WH
Dán 8:24	G2532	και	CONJ	LXX_WH
Dán 8:24	G2720	κατευθυνει	V-FAI-3S	LXX_WH
Dán 8:24	G2532	και	CONJ	LXX_WH
Dán 8:24	G4160	ποιησει	V-FAI-3S	LXX_WH
Dán 8:24	G2532	και	CONJ	LXX_WH
Dán 8:24	G1311	διαφθερει	V-FAI-3S	LXX_WH
Dán 8:24	G2478	ισχυρους	A-APM	LXX_WH
Dán 8:24	G2532	και	CONJ	LXX_WH
Dán 8:24	G2992	λαον	N-ASM	LXX_WH
Dán 8:24	G0040	αγιον	A-ASM	LXX_WH
Dán 8:25	G2532	και	CONJ	LXX_WH
Dán 8:25	G3588	ο	T-NSM	LXX_WH
Dán 8:25	G2218	ζυγος	N-NSM	LXX_WH
Dán 8:25	G3588	του	T-GSM	LXX_WH
Dán 8:25		κλοιου	N-GSM	ELTERO_SZOVEGALAP
Dán 8:25	G0846	αυτου	D-GSM	LXX_WH
Dán 8:25	G2720	κατευθυνει	V-FAI-3S	LXX_WH
Dán 8:25	G1388	δολος	N-NSM	LXX_WH
Dán 8:25	G1722	εν	PREP	LXX_WH
Dán 8:25	G3588	τη	T-DSF	LXX_WH
Dán 8:25	G5495	χειρι	N-DSF	LXX_WH
Dán 8:25	G0846	αυτου	D-GSM	LXX_WH
Dán 8:25	G2532	και	CONJ	LXX_WH
Dán 8:25	G1722	εν	PREP	LXX_WH
Dán 8:25	G2588	καρδια	N-DSF	LXX_WH
Dán 8:25	G0846	αυτου	D-GSM	LXX_WH
Dán 8:25	G3170	μεγαλυνθησεται	V-FPI-3S	LXX_WH
Dán 8:25	G2532	και	CONJ	LXX_WH
Dán 8:25	G1388	δολω	N-DSM	LXX_WH
Dán 8:25	G1311	διαφθερει	V-FAI-3S	LXX_WH
Dán 8:25	G4183	πολλους	A-APM	LXX_WH
Dán 8:25	G2532	και	CONJ	LXX_WH
Dán 8:25	G1909	επι	PREP	LXX_WH
Dán 8:25	G0684	απωλειας	N-GSF	LXX_WH
Dán 8:25	G4183	πολλων	A-GPM	LXX_WH
Dán 8:25	G2476	στησεται	V-FMI-3S	LXX_WH
Dán 8:25	G2532	και	CONJ	LXX_WH
Dán 8:25	G3739	ως	CONJ	LXX_WH
Dán 8:25	G5609	ωα	N-APN	LXX_WH
Dán 8:25	G5495	χειρι	N-DSF	LXX_WH
Dán 8:25	G4937	συντριψει	V-FAI-3S	LXX_WH
Dán 8:26	G2532	και	CONJ	LXX_WH
Dán 8:26	G3588	η	T-NSF	LXX_WH
Dán 8:26	G3706	ορασις	N-NSF	LXX_WH
Dán 8:26	G3588	της	T-GSF	LXX_WH
Dán 8:26	G2073	εσπερας	N-GSF	LXX_WH
Dán 8:26	G2532	και	CONJ	LXX_WH
Dán 8:26	G3588	της	T-GSF	LXX_WH
Dán 8:26		πρωιας	A-GSF	
Dán 8:26	G3588	της	T-GSF	LXX_WH
Dán 8:26	G2046	ρηθεισης	V-APPGS	ABP-potolt
Dán 8:26	G0227	αληθης	A-NSF	LXX_WH
Dán 8:26	G1510	εστιν	V-PAI-3S	LXX_WH
Dán 8:26	G2532	και	CONJ	LXX_WH
Dán 8:26	G4771	συ	P-NS	LXX_WH
Dán 8:26	G4972	σφραγισον	V-AAD-2S	LXX_WH
Dán 8:26	G3588	την	T-ASF	LXX_WH
Dán 8:26	G3706	ορασιν	N-ASF	LXX_WH
Dán 8:26	G3754	οτι	CONJ	LXX_WH
Dán 8:26	G1519	εις	PREP	LXX_WH
Dán 8:26	G2250	ημερας	N-APF	LXX_WH
Dán 8:26	G4183	πολλας	A-APF	LXX_WH
Dán 8:27	G2532	και	CONJ	LXX_WH
Dán 8:27	G1473	εγω	P-NS	LXX_WH
Dán 8:27	G1158	δανιηλ	N-PRI	LXX_WH
Dán 8:27	G2837	εκοιμηθην	V-API-1S	LXX_WH
Dán 8:27	G2532	και	CONJ	LXX_WH
Dán 8:27	G3119	εμαλακισθην	V-API-1S	ABP-potolt
Dán 8:27	G2250	ημερας	N-APF	LXX_WH
Dán 8:27	G2532	και	CONJ	LXX_WH
Dán 8:27	G0450	ανεστην	V-AAI-1S	LXX_WH
Dán 8:27	G2532	και	CONJ	LXX_WH
Dán 8:27	G4160	εποιουν	V-IAI-1S	LXX_WH
Dán 8:27	G3588	τα	T-APN	LXX_WH
Dán 8:27	G2041	εργα	N-APN	LXX_WH
Dán 8:27	G3588	του	T-GSM	LXX_WH
Dán 8:27	G0935	βασιλεως	N-GSM	LXX_WH
Dán 8:27	G2532	και	CONJ	LXX_WH
Dán 8:27	G2296	εθαυμαζον	V-IAI-1S	LXX_WH
Dán 8:27	G3588	την	T-ASF	LXX_WH
Dán 8:27	G3706	ορασιν	N-ASF	LXX_WH
Dán 8:27	G2532	και	CONJ	LXX_WH
Dán 8:27	G3364	ουκ	ADV	LXX_WH
Dán 8:27	G1510	ην	V-IAI-3S	LXX_WH
Dán 8:27	G3588	ο	T-NSM	LXX_WH
Dán 8:27	G4920	συνιων	V-PAPNS	LXX_WH
Dán 9:1	G1722	εν	PREP	LXX_WH
Dán 9:1	G3588	τω	T-DSN	LXX_WH
Dán 9:1	G4413	πρωτω	A-DSNS	LXX_WH
Dán 9:1	G2094	ετει	N-DSN	LXX_WH
Dán 9:1		δαρειου	N-GSM	ELTERO_SZOVEGALAP
Dán 9:1	G3588	του	T-GSM	LXX_WH
Dán 9:1	G5207	υιου	N-GSM	LXX_WH
Dán 9:1		ασουηρου	N-GSM	ELTERO_SZOVEGALAP
Dán 9:1	G0575	απο	PREP	LXX_WH
Dán 9:1	G3588	του	T-GSN	LXX_WH
Dán 9:1	G4690	σπερματος	N-GSN	LXX_WH
Dán 9:1	G3588	των	T-GPM	LXX_WH
Dán 9:1	G3370	μηδων	N-GPM	LXX_WH
Dán 9:1	G3739	ος	R-NSM	LXX_WH
Dán 9:1	G0936	εβασιλευσεν	V-AAI-3S	LXX_WH
Dán 9:1	G1909	επι	PREP	LXX_WH
Dán 9:1	G0932	βασιλειαν	N-ASF	LXX_WH
Dán 9:1	G5466	χαλδαιων	N-GPM	LXX_WH
Dán 9:2	G1722	εν	PREP	LXX_WH
Dán 9:2	G2094	ετει	N-DSN	LXX_WH
Dán 9:2	G1519	ενι	A-DSN	LXX_WH
Dán 9:2	G3588	της	T-GSF	LXX_WH
Dán 9:2	G0932	βασιλειας	N-GSF	LXX_WH
Dán 9:2	G0846	αυτου	D-GSM	LXX_WH
Dán 9:2	G1473	εγω	P-NS	LXX_WH
Dán 9:2	G1158	δανιηλ	N-PRI	LXX_WH
Dán 9:2	G4920	συνηκα	V-AAI-1S	LXX_WH
Dán 9:2	G1722	εν	PREP	LXX_WH
Dán 9:2	G3588	ταις	T-DPF	LXX_WH
Dán 9:2	G0976	βυβλοις	N-DPF	LXX_WH
Dán 9:2	G3588	τον	T-ASM	LXX_WH
Dán 9:2	G0706	αριθμον	N-ASM	LXX_WH
Dán 9:2	G3588	των	T-GPN	LXX_WH
Dán 9:2	G2094	ετων	N-GPN	LXX_WH
Dán 9:2	G3739	ος	R-NSM	LXX_WH
Dán 9:2	G1096	εγενηθη	V-API-3S	LXX_WH
Dán 9:2	G3056	λογος	N-NSM	LXX_WH
Dán 9:2	G2962	κυριου	N-GSM	LXX_WH
Dán 9:2	G4314	προς	PREP	LXX_WH
Dán 9:2	G2408	ιερεμιαν	N-ASM	LXX_WH
Dán 9:2	G3588	τον	T-ASM	LXX_WH
Dán 9:2	G4396	προφητην	N-ASM	LXX_WH
Dán 9:2	G1519	εις	PREP	LXX_WH
Dán 9:2		συμπληρωσιν	N-ASF	ELTERO_SZOVEGALAP
Dán 9:2	G2050	ερημωσεως	N-GSF	LXX_WH
Dán 9:2	G2419	ιερουσαλημ	N-PRI	LXX_WH
Dán 9:2	G1440	εβδομηκοντα	N-NUI	LXX_WH
Dán 9:2	G2094	ετη	N-APN	LXX_WH
Dán 9:3	G2532	και	CONJ	LXX_WH
Dán 9:3	G1325	εδωκα	V-AAI-1S	LXX_WH
Dán 9:3	G3588	το	T-ASN	LXX_WH
Dán 9:3	G4383	προσωπον	N-ASN	LXX_WH
Dán 9:3	G1473	μου	P-GS	LXX_WH
Dán 9:3	G4314	προς	PREP	LXX_WH
Dán 9:3	G2962	κυριον	N-ASM	LXX_WH
Dán 9:3	G3588	τον	T-ASM	LXX_WH
Dán 9:3	G2316	θεον	N-ASM	LXX_WH
Dán 9:3	G3588	του	T-GSN	LXX_WH
Dán 9:3	G1567	εκζητησαι	V-AAN	LXX_WH
Dán 9:3	G4335	προσευχην	N-ASF	LXX_WH
Dán 9:3	G2532	και	CONJ	LXX_WH
Dán 9:3	G1162	δεησεις	N-APF	LXX_WH
Dán 9:3	G1722	εν	PREP	LXX_WH
Dán 9:3	G3521	νηστειαις	N-DPF	LXX_WH
Dán 9:3	G2532	και	CONJ	LXX_WH
Dán 9:3	G4526	σακκω	N-DSM	LXX_WH
Dán 9:3	G2532	και	CONJ	LXX_WH
Dán 9:3	G4700	σποδω	N-DSF	LXX_WH
Dán 9:4	G2532	και	CONJ	LXX_WH
Dán 9:4	G4336	προσηυξαμην	V-AMI-1S	LXX_WH
Dán 9:4	G4314	προς	PREP	LXX_WH
Dán 9:4	G2962	κυριον	N-ASM	LXX_WH
Dán 9:4	G3588	τον	T-ASM	LXX_WH
Dán 9:4	G2316	θεον	N-ASM	LXX_WH
Dán 9:4	G1473	μου	P-GS	LXX_WH
Dán 9:4	G2532	και	CONJ	LXX_WH
Dán 9:4	G1843	εξωμολογησαμην	V-AMI-1S	LXX_WH
Dán 9:4	G2532	και	CONJ	LXX_WH
Dán 9:4	G2036	ειπα	V-AAI-1S	ABP-potolt
Dán 9:4	G2962	κυριε	N-VSM	LXX_WH
Dán 9:4	G3588	ο	T-NSM	LXX_WH
Dán 9:4	G2316	θεος	N-NSM	LXX_WH
Dán 9:4	G3588	ο	T-NSM	LXX_WH
Dán 9:4	G3173	μεγας	A-NSM	LXX_WH
Dán 9:4	G2532	και	CONJ	LXX_WH
Dán 9:4	G2298	θαυμαστος	A-NSM	LXX_WH
Dán 9:4	G3588	ο	T-NSM	LXX_WH
Dán 9:4	G5442	φυλασσων	V-PAPNS	LXX_WH
Dán 9:4	G3588	την	T-ASF	LXX_WH
Dán 9:4	G1242	διαθηκην	N-ASF	LXX_WH
Dán 9:4	G4771	σου	P-GS	LXX_WH
Dán 9:4	G2532	και	CONJ	LXX_WH
Dán 9:4	G3588	το	T-ASN	LXX_WH
Dán 9:4	G1656	ελεος	N-ASN	LXX_WH
Dán 9:4	G3588	τοις	T-DPM	LXX_WH
Dán 9:4	G0025	αγαπωσιν	V-PAPDP	LXX_WH
Dán 9:4	G4771	σε	P-AS	LXX_WH
Dán 9:4	G2532	και	CONJ	LXX_WH
Dán 9:4	G3588	τοις	T-DPM	LXX_WH
Dán 9:4	G5442	φυλασσουσιν	V-PAPDP	LXX_WH
Dán 9:4	G3588	τας	T-APF	LXX_WH
Dán 9:4	G1785	εντολας	N-APF	LXX_WH
Dán 9:4	G4771	σου	P-GS	LXX_WH
Dán 9:5	G0264	ημαρτομεν	V-AAI-1P	LXX_WH
Dán 9:5	G0091	ηδικησαμεν	V-AAI-1P	LXX_WH
Dán 9:5	G0764	ηνομησαμεν	V-AAI-1P	ABP-potolt
Dán 9:5	G2532	και	CONJ	LXX_WH
Dán 9:5	G0868	απεστημεν	V-AAI-1P	ABP-potolt
Dán 9:5	G2532	και	CONJ	LXX_WH
Dán 9:5	G1578	εξεκλιναμεν	V-AAI-1P	LXX_WH
Dán 9:5	G0575	απο	PREP	LXX_WH
Dán 9:5	G3588	των	T-GPF	LXX_WH
Dán 9:5	G1785	εντολων	N-GPF	LXX_WH
Dán 9:5	G4771	σου	P-GS	LXX_WH
Dán 9:5	G2532	και	CONJ	LXX_WH
Dán 9:5	G0575	απο	PREP	LXX_WH
Dán 9:5	G3588	των	T-GPN	LXX_WH
Dán 9:5	G2917	κριματων	N-GPN	LXX_WH
Dán 9:5	G4771	σου	P-GS	LXX_WH
Dán 9:6	G2532	και	CONJ	LXX_WH
Dán 9:6	G3364	ουκ	ADV	LXX_WH
Dán 9:6	G1522	εισηκουσαμεν	V-AAI-1P	LXX_WH
Dán 9:6	G3588	των	T-GPM	LXX_WH
Dán 9:6	G1401	δουλων	N-GPM	LXX_WH
Dán 9:6	G4771	σου	P-GS	LXX_WH
Dán 9:6	G3588	των	T-GPM	LXX_WH
Dán 9:6	G4396	προφητων	N-GPM	LXX_WH
Dán 9:6	G3739	οι	R-NPM	LXX_WH
Dán 9:6	G2980	ελαλουν	V-IAI-3P	LXX_WH
Dán 9:6	G1722	εν	PREP	LXX_WH
Dán 9:6	G3588	τω	T-DSN	LXX_WH
Dán 9:6	G3686	ονοματι	N-DSN	LXX_WH
Dán 9:6	G4771	σου	P-GS	LXX_WH
Dán 9:6	G4314	προς	PREP	LXX_WH
Dán 9:6	G3588	τους	T-APM	LXX_WH
Dán 9:6	G0935	βασιλεις	N-APM	LXX_WH
Dán 9:6	G1473	ημων	P-GP	LXX_WH
Dán 9:6	G2532	και	CONJ	LXX_WH
Dán 9:6	G0758	αρχοντας	N-APM	LXX_WH
Dán 9:6	G1473	ημων	P-GP	LXX_WH
Dán 9:6	G2532	και	CONJ	LXX_WH
Dán 9:6	G3962	πατερας	N-APM	LXX_WH
Dán 9:6	G1473	ημων	P-GP	LXX_WH
Dán 9:6	G2532	και	CONJ	LXX_WH
Dán 9:6	G4314	προς	PREP	LXX_WH
Dán 9:6	G3956	παντα	A-ASM	LXX_WH
Dán 9:6	G3588	τον	T-ASM	LXX_WH
Dán 9:6	G2992	λαον	N-ASM	LXX_WH
Dán 9:6	G3588	της	T-GSF	LXX_WH
Dán 9:6	G1065	γης	N-GSF	LXX_WH
Dán 9:7	G4771	σοι	P-DS	LXX_WH
Dán 9:7	G2962	κυριε	N-VSM	LXX_WH
Dán 9:7	G3588	η	T-NSF	LXX_WH
Dán 9:7	G1343	δικαιοσυνη	N-NSF	LXX_WH
Dán 9:7	G2532	και	CONJ	LXX_WH
Dán 9:7	G1473	ημιν	P-DP	LXX_WH
Dán 9:7	G3588	η	T-NSF	LXX_WH
Dán 9:7	G0152	αισχυνη	N-NSF	LXX_WH
Dán 9:7	G3588	του	T-GSN	LXX_WH
Dán 9:7	G4383	προσωπου	N-GSN	LXX_WH
Dán 9:7	G3739	ως	CONJ	LXX_WH
Dán 9:7	G3588	η	T-NSF	LXX_WH
Dán 9:7	G2250	ημερα	N-NSF	LXX_WH
Dán 9:7	G3778	αυτη	D-NSF	LXX_WH
Dán 9:7	G0435	ανδρι	N-DSM	LXX_WH
Dán 9:7	G2448	ιουδα	N-PRI	LXX_WH
Dán 9:7	G2532	και	CONJ	LXX_WH
Dán 9:7	G3588	τοις	T-DPM	LXX_WH
Dán 9:7	G1774	ενοικουσιν	V-PAPDP	LXX_WH
Dán 9:7	G1722	εν	PREP	LXX_WH
Dán 9:7	G2419	ιερουσαλημ	N-PRI	LXX_WH
Dán 9:7	G2532	και	CONJ	LXX_WH
Dán 9:7	G3956	παντι	A-DSM	LXX_WH
Dán 9:7	G2474	ισραηλ	N-PRI	LXX_WH
Dán 9:7	G3588	τοις	T-DPM	LXX_WH
Dán 9:7	G1451	εγγυς	ADV	LXX_WH
Dán 9:7	G2532	και	CONJ	LXX_WH
Dán 9:7	G3588	τοις	T-DPM	LXX_WH
Dán 9:7	G3112	μακραν	ADV	LXX_WH
Dán 9:7	G1722	εν	PREP	LXX_WH
Dán 9:7	G3956	παση	A-DSF	LXX_WH
Dán 9:7	G3588	τη	T-DSF	LXX_WH
Dán 9:7	G1065	γη	N-DSF	LXX_WH
Dán 9:7	G3739	ου	R-GSM	LXX_WH
Dán 9:7	G1289	διεσπειρας	V-AAI-2S	LXX_WH
Dán 9:7	G0846	αυτους	D-APM	LXX_WH
Dán 9:7	G1563	εκει	ADV	LXX_WH
Dán 9:7	G1722	εν	PREP	LXX_WH
Dán 9:7		αθεσια	N-DSF	ELTERO_SZOVEGALAP
Dán 9:7	G0846	αυτων	D-GPM	LXX_WH
Dán 9:7	G3739	η	R-DSF	LXX_WH
Dán 9:7	G0114	ηθετησαν	V-AAI-3P	LXX_WH
Dán 9:7	G1722	εν	PREP	LXX_WH
Dán 9:7	G4771	σοι	P-DS	LXX_WH
Dán 9:8	G2962	κυριε	N-VSM	LXX_WH
Dán 9:8	G1473	ημιν	P-DP	LXX_WH
Dán 9:8	G3588	η	T-NSF	LXX_WH
Dán 9:8	G0152	αισχυνη	N-NSF	LXX_WH
Dán 9:8	G3588	του	T-GSN	LXX_WH
Dán 9:8	G4383	προσωπου	N-GSN	LXX_WH
Dán 9:8	G2532	και	CONJ	LXX_WH
Dán 9:8	G3588	τοις	T-DPM	LXX_WH
Dán 9:8	G0935	βασιλευσιν	N-DPM	LXX_WH
Dán 9:8	G1473	ημων	P-GP	LXX_WH
Dán 9:8	G2532	και	CONJ	LXX_WH
Dán 9:8	G3588	τοις	T-DPM	LXX_WH
Dán 9:8	G0758	αρχουσιν	N-DPM	LXX_WH
Dán 9:8	G1473	ημων	P-GP	LXX_WH
Dán 9:8	G2532	και	CONJ	LXX_WH
Dán 9:8	G3588	τοις	T-DPM	LXX_WH
Dán 9:8	G3962	πατρασιν	N-DPM	LXX_WH
Dán 9:8	G1473	ημων	P-GP	LXX_WH
Dán 9:8	G3748	οιτινες	RI-NPM	LXX_WH
Dán 9:8	G0264	ημαρτομεν	V-AAI-1P	LXX_WH
Dán 9:8	G4771	σοι	P-DS	LXX_WH
Dán 9:9	G3588	τω	T-DSM	LXX_WH
Dán 9:9	G2962	κυριω	N-DSM	LXX_WH
Dán 9:9	G2316	θεω	N-DSM	LXX_WH
Dán 9:9	G1473	ημων	P-GP	LXX_WH
Dán 9:9	G3588	οι	T-NPM	LXX_WH
Dán 9:9	G3628	οικτιρμοι	N-NPM	LXX_WH
Dán 9:9	G2532	και	CONJ	LXX_WH
Dán 9:9	G3588	οι	T-NPM	LXX_WH
Dán 9:9	G2434	ιλασμοι	N-NPM	LXX_WH
Dán 9:9	G3754	οτι	CONJ	LXX_WH
Dán 9:9		απεστημεν	V-AAI-1P	ELTERO_SZOVEGALAP
Dán 9:10	G2532	και	CONJ	LXX_WH
Dán 9:10	G3364	ουκ	ADV	LXX_WH
Dán 9:10	G1522	εισηκουσαμεν	V-AAI-1P	LXX_WH
Dán 9:10	G3588	της	T-GSF	LXX_WH
Dán 9:10	G5456	φωνης	N-GSF	LXX_WH
Dán 9:10	G2962	κυριου	N-GSM	LXX_WH
Dán 9:10	G3588	του	T-GSM	LXX_WH
Dán 9:10	G2316	θεου	N-GSM	LXX_WH
Dán 9:10	G1473	ημων	P-GP	LXX_WH
Dán 9:10	G4198	πορευεσθαι	V-PMN	LXX_WH
Dán 9:10	G1722	εν	PREP	LXX_WH
Dán 9:10	G3588	τοις	T-DPM	LXX_WH
Dán 9:10	G3551	νομοις	N-DPM	LXX_WH
Dán 9:10	G0846	αυτου	D-GSM	LXX_WH
Dán 9:10	G3739	οις	R-DPM	LXX_WH
Dán 9:10	G1325	εδωκεν	V-AAI-3S	LXX_WH
Dán 9:10	G2596	κατα	PREP	LXX_WH
Dán 9:10	G4383	προσωπον	N-ASN	LXX_WH
Dán 9:10	G1473	ημων	P-GP	LXX_WH
Dán 9:10	G1722	εν	PREP	LXX_WH
Dán 9:10	G5495	χερσιν	N-DPF	LXX_WH
Dán 9:10	G3588	των	T-GPM	LXX_WH
Dán 9:10	G1401	δουλων	N-GPM	LXX_WH
Dán 9:10	G0846	αυτου	D-GSM	LXX_WH
Dán 9:10	G3588	των	T-GPM	LXX_WH
Dán 9:10	G4396	προφητων	N-GPM	LXX_WH
Dán 9:11	G2532	και	CONJ	LXX_WH
Dán 9:11	G3956	πας	A-NSM	LXX_WH
Dán 9:11	G2474	ισραηλ	N-PRI	LXX_WH
Dán 9:11	G3845	παρεβησαν	V-AAI-3P	LXX_WH
Dán 9:11	G3588	τον	T-ASM	LXX_WH
Dán 9:11	G3551	νομον	N-ASM	LXX_WH
Dán 9:11	G4771	σου	P-GS	LXX_WH
Dán 9:11	G2532	και	CONJ	LXX_WH
Dán 9:11	G1578	εξεκλιναν	V-AAI-3P	LXX_WH
Dán 9:11	G3588	του	T-GSN	LXX_WH
Dán 9:11	G3165	μη	ADV	LXX_WH
Dán 9:11	G0191	ακουσαι	V-AAN	LXX_WH
Dán 9:11	G3588	της	T-GSF	LXX_WH
Dán 9:11	G5456	φωνης	N-GSF	LXX_WH
Dán 9:11	G4771	σου	P-GS	LXX_WH
Dán 9:11	G2532	και	CONJ	LXX_WH
Dán 9:11	G1904	επηλθεν	V-AAI-3S	ABP-potolt
Dán 9:11	G1909	εφ	PREP	LXX_WH
Dán 9:11	G1473	ημας	P-AP	LXX_WH
Dán 9:11	G3588	η	T-NSF	LXX_WH
Dán 9:11	G2671	καταρα	N-NSF	LXX_WH
Dán 9:11	G2532	και	CONJ	LXX_WH
Dán 9:11	G3588	ο	T-NSM	LXX_WH
Dán 9:11	G3727	ορκος	N-NSM	LXX_WH
Dán 9:11	G3588	ο	T-NSM	LXX_WH
Dán 9:11	G1125	γεγραμμενος	V-RMPNS	LXX_WH
Dán 9:11	G1722	εν	PREP	LXX_WH
Dán 9:11	G3551	νομω	N-DSM	LXX_WH
Dán 9:11		μωυσεως	N-PRI	ELTERO_SZOVEGALAP
Dán 9:11	G1401	δουλου	N-GSM	LXX_WH
Dán 9:11	G3588	του	T-GSM	LXX_WH
Dán 9:11	G2316	θεου	N-GSM	LXX_WH
Dán 9:11	G3754	οτι	CONJ	LXX_WH
Dán 9:11	G0264	ημαρτομεν	V-AAI-1P	LXX_WH
Dán 9:11	G0846	αυτω	D-DSM	LXX_WH
Dán 9:12	G2532	και	CONJ	LXX_WH
Dán 9:12	G2476	εστησεν	V-AAI-3S	LXX_WH
Dán 9:12	G3588	τους	T-APM	LXX_WH
Dán 9:12	G3056	λογους	N-APM	LXX_WH
Dán 9:12	G0846	αυτου	D-GSM	LXX_WH
Dán 9:12	G3739	ους	R-APM	LXX_WH
Dán 9:12	G2980	ελαλησεν	V-AAI-3S	LXX_WH
Dán 9:12	G1909	εφ	PREP	LXX_WH
Dán 9:12	G1473	ημας	P-AP	LXX_WH
Dán 9:12	G2532	και	CONJ	LXX_WH
Dán 9:12	G1909	επι	PREP	LXX_WH
Dán 9:12	G3588	τους	T-APM	LXX_WH
Dán 9:12	G2923	κριτας	N-APM	LXX_WH
Dán 9:12	G1473	ημων	P-GP	LXX_WH
Dán 9:12	G3739	οι	R-NPM	LXX_WH
Dán 9:12	G2919	εκρινον	V-IAI-3P	LXX_WH
Dán 9:12	G1473	ημας	P-AP	LXX_WH
Dán 9:12		επαγαγειν	V-AAN	
Dán 9:12	G1909	εφ	PREP	LXX_WH
Dán 9:12	G1473	ημας	P-AP	LXX_WH
Dán 9:12	G2556	κακα	A-APN	LXX_WH
Dán 9:12	G3173	μεγαλα	A-APN	LXX_WH
Dán 9:12	G3634	οια	A-APN	LXX_WH
Dán 9:12	G3364	ου	ADV	LXX_WH
Dán 9:12	G1096	γεγονεν	V-RAI-3S	LXX_WH
Dán 9:12	G5270	υποκατω	PREP	LXX_WH
Dán 9:12	G3956	παντος	A-GSM	LXX_WH
Dán 9:12	G3588	του	T-GSM	LXX_WH
Dán 9:12	G3772	ουρανου	N-GSM	LXX_WH
Dán 9:12	G2596	κατα	PREP	LXX_WH
Dán 9:12	G3588	τα	T-APN	LXX_WH
Dán 9:12	G1096	γενομενα	V-AMPAP	LXX_WH
Dán 9:12	G1722	εν	PREP	LXX_WH
Dán 9:12	G2419	ιερουσαλημ	N-PRI	LXX_WH
Dán 9:13	G2531	καθως	ADV	LXX_WH
Dán 9:13	G1125	γεγραπται	V-RMI-3S	LXX_WH
Dán 9:13	G1722	εν	PREP	LXX_WH
Dán 9:13	G3588	τω	T-DSM	LXX_WH
Dán 9:13	G3551	νομω	N-DSM	LXX_WH
Dán 9:13		μωυση	N-GSM	ELTERO_SZOVEGALAP
Dán 9:13	G3956	παντα	A-NPN	LXX_WH
Dán 9:13	G3588	τα	T-NPN	LXX_WH
Dán 9:13	G2556	κακα	A-NPN	LXX_WH
Dán 9:13	G3778	ταυτα	D-NPN	LXX_WH
Dán 9:13	G2064	ηλθεν	V-AAI-3S	LXX_WH
Dán 9:13	G1909	εφ	PREP	LXX_WH
Dán 9:13	G1473	ημας	P-AP	LXX_WH
Dán 9:13	G2532	και	CONJ	LXX_WH
Dán 9:13	G3364	ουκ	ADV	LXX_WH
Dán 9:13	G1210	εδεηθημεν	V-API-1P	LXX_WH
Dán 9:13	G3588	του	T-GSN	LXX_WH
Dán 9:13	G4383	προσωπου	N-GSN	LXX_WH
Dán 9:13	G2962	κυριου	N-GSM	LXX_WH
Dán 9:13	G3588	του	T-GSM	LXX_WH
Dán 9:13	G2316	θεου	N-GSM	LXX_WH
Dán 9:13	G1473	ημων	P-GP	LXX_WH
Dán 9:13	G0654	αποστρεψαι	V-AAN	LXX_WH
Dán 9:13	G0575	απο	PREP	LXX_WH
Dán 9:13	G3588	των	T-GPF	LXX_WH
Dán 9:13	G0093	αδικιων	N-GPF	LXX_WH
Dán 9:13	G1473	ημων	P-GP	LXX_WH
Dán 9:13	G2532	και	CONJ	LXX_WH
Dán 9:13	G3588	του	T-GSN	LXX_WH
Dán 9:13	G4920	συνιεναι	V-PAN	LXX_WH
Dán 9:13	G1722	εν	PREP	LXX_WH
Dán 9:13	G3956	παση	A-DSF	LXX_WH
Dán 9:13	G0225	αληθεια	N-DSF	LXX_WH
Dán 9:13	G4771	σου	P-GS	LXX_WH
Dán 9:14	G2532	και	CONJ	LXX_WH
Dán 9:14	G1127	εγρηγορησεν	V-AAI-3S	ABP-potolt
Dán 9:14	G2962	κυριος	N-NSM	LXX_WH
Dán 9:14	G2532	και	CONJ	LXX_WH
Dán 9:14		επηγαγεν	V-AAI-3S	ELTERO_SZOVEGALAP
Dán 9:14	G0846	αυτα	D-APN	LXX_WH
Dán 9:14	G1909	εφ	PREP	LXX_WH
Dán 9:14	G1473	ημας	P-AP	LXX_WH
Dán 9:14	G3754	οτι	CONJ	LXX_WH
Dán 9:14	G1342	δικαιος	A-NSM	LXX_WH
Dán 9:14	G2962	κυριος	N-NSM	LXX_WH
Dán 9:14	G3588	ο	T-NSM	LXX_WH
Dán 9:14	G2316	θεος	N-NSM	LXX_WH
Dán 9:14	G1473	ημων	P-GP	LXX_WH
Dán 9:14	G1909	επι	PREP	LXX_WH
Dán 9:14	G3956	πασαν	A-ASF	LXX_WH
Dán 9:14	G3588	την	T-ASF	LXX_WH
Dán 9:14	G4162	ποιησιν	N-ASF	LXX_WH
Dán 9:14	G0846	αυτου	D-GSM	LXX_WH
Dán 9:14	G3739	ην	R-ASF	LXX_WH
Dán 9:14	G4160	εποιησεν	V-AAI-3S	LXX_WH
Dán 9:14	G2532	και	CONJ	LXX_WH
Dán 9:14	G3364	ουκ	ADV	LXX_WH
Dán 9:14	G1522	εισηκουσαμεν	V-AAI-1P	LXX_WH
Dán 9:14	G3588	της	T-GSF	LXX_WH
Dán 9:14	G5456	φωνης	N-GSF	LXX_WH
Dán 9:14	G0846	αυτου	D-GSM	LXX_WH
Dán 9:15	G2532	και	CONJ	LXX_WH
Dán 9:15	G3568	νυν	ADV	LXX_WH
Dán 9:15	G2962	κυριε	N-VSM	LXX_WH
Dán 9:15	G3588	ο	T-NSM	LXX_WH
Dán 9:15	G2316	θεος	N-NSM	LXX_WH
Dán 9:15	G1473	ημων	P-GP	LXX_WH
Dán 9:15	G3739	ος	R-NSM	LXX_WH
Dán 9:15	G1806	εξηγαγες	V-AAI-2S	LXX_WH
Dán 9:15	G3588	τον	T-ASM	LXX_WH
Dán 9:15	G2992	λαον	N-ASM	LXX_WH
Dán 9:15	G4771	σου	P-GS	LXX_WH
Dán 9:15	G1537	εκ	PREP	LXX_WH
Dán 9:15	G1065	γης	N-GSF	LXX_WH
Dán 9:15	G0125	αιγυπτου	N-GSF	LXX_WH
Dán 9:15	G1722	εν	PREP	LXX_WH
Dán 9:15	G5495	χειρι	N-DSF	LXX_WH
Dán 9:15	G2900	κραταια	A-DSF	LXX_WH
Dán 9:15	G2532	και	CONJ	LXX_WH
Dán 9:15	G4160	εποιησας	V-AAI-2S	LXX_WH
Dán 9:15	G4572	σεαυτω	D-DSM	LXX_WH
Dán 9:15	G3686	ονομα	N-ASN	LXX_WH
Dán 9:15	G3739	ως	CONJ	LXX_WH
Dán 9:15	G3588	η	T-NSF	LXX_WH
Dán 9:15	G2250	ημερα	N-NSF	LXX_WH
Dán 9:15	G3778	αυτη	D-NSF	LXX_WH
Dán 9:15	G0264	ημαρτομεν	V-AAI-1P	LXX_WH
Dán 9:15		ηνομησαμεν	V-AAI-1P	ELTERO_SZOVEGALAP
Dán 9:16	G2962	κυριε	N-VSM	LXX_WH
Dán 9:16	G1722	εν	PREP	LXX_WH
Dán 9:16	G3956	παση	A-DSF	LXX_WH
Dán 9:16	G1654	ελεημοσυνη	N-DSF	LXX_WH
Dán 9:16	G4771	σου	P-GS	LXX_WH
Dán 9:16	G0654	αποστραφητω	V-APD-3S	LXX_WH
Dán 9:16	G1161	δη	PRT	LXX_WH
Dán 9:16	G3588	ο	T-NSM	LXX_WH
Dán 9:16	G2372	θυμος	N-NSM	LXX_WH
Dán 9:16	G4771	σου	P-GS	LXX_WH
Dán 9:16	G2532	και	CONJ	LXX_WH
Dán 9:16	G3588	η	T-NSF	LXX_WH
Dán 9:16	G3709	οργη	N-NSF	LXX_WH
Dán 9:16	G4771	σου	P-GS	LXX_WH
Dán 9:16	G0575	απο	PREP	LXX_WH
Dán 9:16	G3588	της	T-GSF	LXX_WH
Dán 9:16	G4172	πολεως	N-GSF	LXX_WH
Dán 9:16	G4771	σου	P-GS	LXX_WH
Dán 9:16	G2419	ιερουσαλημ	N-PRI	LXX_WH
Dán 9:16	G3735	ορους	N-GSN	LXX_WH
Dán 9:16	G0040	αγιου	A-GSN	LXX_WH
Dán 9:16	G4771	σου	P-GS	LXX_WH
Dán 9:16	G3754	οτι	CONJ	LXX_WH
Dán 9:16	G0264	ημαρτομεν	V-AAI-1P	LXX_WH
Dán 9:16	G2532	και	CONJ	LXX_WH
Dán 9:16	G1722	εν	PREP	LXX_WH
Dán 9:16	G3588	ταις	T-DPF	LXX_WH
Dán 9:16	G0093	αδικιαις	N-DPF	LXX_WH
Dán 9:16	G1473	ημων	P-GP	LXX_WH
Dán 9:16	G2532	και	CONJ	LXX_WH
Dán 9:16	G3588	των	T-GPM	LXX_WH
Dán 9:16	G3962	πατερων	N-GPM	LXX_WH
Dán 9:16	G1473	ημων	P-GP	LXX_WH
Dán 9:16	G2419	ιερουσαλημ	N-PRI	LXX_WH
Dán 9:16	G2532	και	CONJ	LXX_WH
Dán 9:16	G3588	ο	T-NSM	LXX_WH
Dán 9:16	G2992	λαος	N-NSM	LXX_WH
Dán 9:16	G4771	σου	P-GS	LXX_WH
Dán 9:16	G1519	εις	PREP	LXX_WH
Dán 9:16	G3680	ονειδισμον	N-ASM	LXX_WH
Dán 9:16	G1096	εγενετο	V-AMI-3S	LXX_WH
Dán 9:16	G1722	εν	PREP	LXX_WH
Dán 9:16	G3956	πασιν	A-DPM	LXX_WH
Dán 9:16	G3588	τοις	T-DPM	LXX_WH
Dán 9:16	G4033	περικυκλω	ADV	ABP-potolt
Dán 9:16	G1473	ημων	P-GP	LXX_WH
Dán 9:17	G2532	και	CONJ	LXX_WH
Dán 9:17	G3568	νυν	ADV	LXX_WH
Dán 9:17	G1522	εισακουσον	V-AAD-2S	LXX_WH
Dán 9:17	G2962	κυριε	N-VSM	LXX_WH
Dán 9:17	G3588	ο	T-NSM	LXX_WH
Dán 9:17	G2316	θεος	N-NSM	LXX_WH
Dán 9:17	G1473	ημων	P-GP	LXX_WH
Dán 9:17	G3588	της	T-GSF	LXX_WH
Dán 9:17	G4335	προσευχης	N-GSF	LXX_WH
Dán 9:17	G3588	του	T-GSM	LXX_WH
Dán 9:17	G1401	δουλου	N-GSM	LXX_WH
Dán 9:17	G4771	σου	P-GS	LXX_WH
Dán 9:17	G2532	και	CONJ	LXX_WH
Dán 9:17	G3588	των	T-GPF	LXX_WH
Dán 9:17	G1162	δεησεων	N-GPF	LXX_WH
Dán 9:17	G0846	αυτου	D-GSM	LXX_WH
Dán 9:17	G2532	και	CONJ	LXX_WH
Dán 9:17	G2014	επιφανον	V-AAD-2S	LXX_WH
Dán 9:17	G3588	το	T-ASN	LXX_WH
Dán 9:17	G4383	προσωπον	N-ASN	LXX_WH
Dán 9:17	G4771	σου	P-GS	LXX_WH
Dán 9:17	G1909	επι	PREP	LXX_WH
Dán 9:17	G3588	το	T-ASN	LXX_WH
Dán 9:17		αγιασμα	N-ASN	ELTERO_SZOVEGALAP
Dán 9:17	G4771	σου	P-GS	LXX_WH
Dán 9:17	G3588	το	T-ASN	LXX_WH
Dán 9:17	G2048	ερημον	N-ASN	LXX_WH
Dán 9:17		ενεκεν	PREP	ELTERO_SZOVEGALAP
Dán 9:17	G4771	σου	P-GS	LXX_WH
Dán 9:17	G2962	κυριε	N-VSM	LXX_WH
Dán 9:18	G2827	κλινον	V-AAD-2S	LXX_WH
Dán 9:18	G3588	ο	T-NSM	LXX_WH
Dán 9:18	G2316	θεος	N-NSM	LXX_WH
Dán 9:18	G1473	μου	P-GS	LXX_WH
Dán 9:18	G3588	το	T-ASN	LXX_WH
Dán 9:18	G3775	ους	N-ASN	LXX_WH
Dán 9:18	G4771	σου	P-GS	LXX_WH
Dán 9:18	G2532	και	CONJ	LXX_WH
Dán 9:18	G0191	ακουσον	V-AAD-2S	LXX_WH
Dán 9:18	G0455	ανοιξον	V-AAD-2S	LXX_WH
Dán 9:18	G3588	τους	T-APM	LXX_WH
Dán 9:18	G3788	οφθαλμους	N-APM	LXX_WH
Dán 9:18	G4771	σου	P-GS	LXX_WH
Dán 9:18	G2532	και	CONJ	LXX_WH
Dán 9:18	G3708	ιδε	V-AAD-2S	LXX_WH
Dán 9:18	G3588	τον	T-ASM	LXX_WH
Dán 9:18	G0854	αφανισμον	N-ASM	LXX_WH
Dán 9:18	G1473	ημων	P-GP	LXX_WH
Dán 9:18	G2532	και	CONJ	LXX_WH
Dán 9:18	G3588	της	T-GSF	LXX_WH
Dán 9:18	G4172	πολεως	N-GSF	LXX_WH
Dán 9:18	G4771	σου	P-GS	LXX_WH
Dán 9:18	G1909	εφ	PREP	LXX_WH
Dán 9:18	G3739	ης	R-GSF	LXX_WH
Dán 9:18	G1941	επικεκληται	V-RMI-3S	ABP-potolt
Dán 9:18	G3588	το	T-NSN	LXX_WH
Dán 9:18	G3686	ονομα	N-NSN	LXX_WH
Dán 9:18	G4771	σου	P-GS	LXX_WH
Dán 9:18	G1909	επ	PREP	LXX_WH
Dán 9:18	G0846	αυτης	D-GSF	LXX_WH
Dán 9:18	G3754	οτι	CONJ	LXX_WH
Dán 9:18	G3364	ουκ	ADV	LXX_WH
Dán 9:18	G1909	επι	PREP	LXX_WH
Dán 9:18	G3588	ταις	T-DPF	LXX_WH
Dán 9:18	G1343	δικαιοσυναις	N-DPF	LXX_WH
Dán 9:18	G1473	ημων	P-GP	LXX_WH
Dán 9:18	G1473	ημεις	P-NP	LXX_WH
Dán 9:18	G4495	ριπτουμεν	V-PAI-1P	ABP-potolt
Dán 9:18	G3588	τον	T-ASM	LXX_WH
Dán 9:18	G3628	οικτιρμον	N-ASM	LXX_WH
Dán 9:18	G1473	ημων	P-GP	LXX_WH
Dán 9:18	G1799	ενωπιον	PREP	LXX_WH
Dán 9:18	G4771	σου	P-GS	LXX_WH
Dán 9:18	G0235	αλλ	CONJ	LXX_WH
Dán 9:18	G1909	επι	PREP	LXX_WH
Dán 9:18	G3588	τους	T-APM	LXX_WH
Dán 9:18	G3628	οικτιρμους	N-APM	LXX_WH
Dán 9:18	G4771	σου	P-GS	LXX_WH
Dán 9:18	G3588	τους	T-APM	LXX_WH
Dán 9:18	G4183	πολλους	A-APM	LXX_WH
Dán 9:19	G2962	κυριε	N-VSM	LXX_WH
Dán 9:19	G1522	εισακουσον	V-AAD-2S	LXX_WH
Dán 9:19	G2962	κυριε	N-VSM	LXX_WH
Dán 9:19	G2433	ιλασθητι	V-APD-2S	LXX_WH
Dán 9:19	G2962	κυριε	N-VSM	LXX_WH
Dán 9:19	G4337	προσχες	V-AAD-2S	LXX_WH
Dán 9:19	G2532	και	CONJ	LXX_WH
Dán 9:19	G4160	ποιησον	V-AAD-2S	LXX_WH
Dán 9:19	G3165	μη	ADV	LXX_WH
Dán 9:19	G5549	χρονισης	V-AAS-2S	LXX_WH
Dán 9:19		ενεκεν	PREP	ELTERO_SZOVEGALAP
Dán 9:19	G4771	σου	P-GS	LXX_WH
Dán 9:19	G3588	ο	T-NSM	LXX_WH
Dán 9:19	G2316	θεος	N-NSM	LXX_WH
Dán 9:19	G1473	μου	P-GS	LXX_WH
Dán 9:19	G3754	οτι	CONJ	LXX_WH
Dán 9:19	G3588	το	T-NSN	LXX_WH
Dán 9:19	G3686	ονομα	N-NSN	LXX_WH
Dán 9:19	G4771	σου	P-GS	LXX_WH
Dán 9:19		επικεκληται	V-RMI-3S	ELTERO_SZOVEGALAP
Dán 9:19	G1909	επι	PREP	LXX_WH
Dán 9:19	G3588	την	T-ASF	LXX_WH
Dán 9:19	G4172	πολιν	N-ASF	LXX_WH
Dán 9:19	G4771	σου	P-GS	LXX_WH
Dán 9:19	G2532	και	CONJ	LXX_WH
Dán 9:19	G1909	επι	PREP	LXX_WH
Dán 9:19	G3588	τον	T-ASM	LXX_WH
Dán 9:19	G2992	λαον	N-ASM	LXX_WH
Dán 9:19	G4771	σου	P-GS	LXX_WH
Dán 9:20	G2532	και	CONJ	LXX_WH
Dán 9:20	G2089	ετι	ADV	LXX_WH
Dán 9:20	G1473	εμου	P-GS	LXX_WH
Dán 9:20	G2980	λαλουντος	V-PAPGS	LXX_WH
Dán 9:20	G2532	και	CONJ	LXX_WH
Dán 9:20	G4336	προσευχομενου	V-PMPGS	LXX_WH
Dán 9:20	G2532	και	CONJ	LXX_WH
Dán 9:20		εξαγορευοντος	V-PAPGS	
Dán 9:20	G3588	τας	T-APF	LXX_WH
Dán 9:20	G0266	αμαρτιας	N-APF	LXX_WH
Dán 9:20	G1473	μου	P-GS	LXX_WH
Dán 9:20	G2532	και	CONJ	LXX_WH
Dán 9:20	G3588	τας	T-APF	LXX_WH
Dán 9:20	G0266	αμαρτιας	N-APF	LXX_WH
Dán 9:20	G3588	του	T-GSM	LXX_WH
Dán 9:20	G2992	λαου	N-GSM	LXX_WH
Dán 9:20	G1473	μου	P-GS	LXX_WH
Dán 9:20	G2474	ισραηλ	N-PRI	LXX_WH
Dán 9:20	G2532	και	CONJ	LXX_WH
Dán 9:20		ριπτουντος	V-PAPGS	
Dán 9:20	G3588	τον	T-ASM	LXX_WH
Dán 9:20	G1656	ελεον	N-ASM	LXX_WH
Dán 9:20	G1473	μου	P-GS	LXX_WH
Dán 9:20	G1726	εναντιον	PREP	LXX_WH
Dán 9:20	G2962	κυριου	N-GSM	LXX_WH
Dán 9:20	G3588	του	T-GSM	LXX_WH
Dán 9:20	G2316	θεου	N-GSM	LXX_WH
Dán 9:20	G1473	μου	P-GS	LXX_WH
Dán 9:20	G4012	περι	PREP	LXX_WH
Dán 9:20	G3588	του	T-GSN	LXX_WH
Dán 9:20	G3735	ορους	N-GSN	LXX_WH
Dán 9:20	G3588	του	T-GSN	LXX_WH
Dán 9:20	G0040	αγιου	A-GSN	LXX_WH
Dán 9:20	G3588	του	T-GSM	LXX_WH
Dán 9:20	G2316	θεου	N-GSM	LXX_WH
Dán 9:20	G1473	μου	P-GS	LXX_WH
Dán 9:21	G2532	και	CONJ	LXX_WH
Dán 9:21	G2089	ετι	ADV	LXX_WH
Dán 9:21	G1473	εμου	P-GS	LXX_WH
Dán 9:21	G2980	λαλουντος	V-PAPGS	LXX_WH
Dán 9:21	G1722	εν	PREP	LXX_WH
Dán 9:21	G3588	τη	T-DSF	LXX_WH
Dán 9:21	G4335	προσευχη	N-DSF	LXX_WH
Dán 9:21	G2532	και	CONJ	LXX_WH
Dán 9:21	G2400	ιδου	INJ	LXX_WH
Dán 9:21	G3588	ο	T-NSM	LXX_WH
Dán 9:21	G0435	ανηρ	N-NSM	LXX_WH
Dán 9:21	G1043	γαβριηλ	N-PRI	LXX_WH
Dán 9:21	G3739	ον	R-ASM	LXX_WH
Dán 9:21	G3708	ειδον	V-AAI-1S	LXX_WH
Dán 9:21	G1722	εν	PREP	LXX_WH
Dán 9:21	G3588	τη	T-DSF	LXX_WH
Dán 9:21	G3706	ορασει	N-DSF	LXX_WH
Dán 9:21	G1722	εν	PREP	LXX_WH
Dán 9:21	G3588	τη	T-DSF	LXX_WH
Dán 9:21	G0746	αρχη	N-DSF	LXX_WH
Dán 9:21	G4072	πετομενος	V-PMPNS	LXX_WH
Dán 9:21	G2532	και	CONJ	LXX_WH
Dán 9:21	G0680	ηψατο	V-AMI-3S	LXX_WH
Dán 9:21	G1473	μου	P-GS	LXX_WH
Dán 9:21	G5616	ωσει	ADV	LXX_WH
Dán 9:21	G5610	ωραν	N-ASF	LXX_WH
Dán 9:21	G2378	θυσιας	N-GSF	LXX_WH
Dán 9:21	G2073	εσπερινης	A-GSF	ABP-potolt
Dán 9:22	G2532	και	CONJ	LXX_WH
Dán 9:22	G4907	συνετισεν	V-AAI-3S	ABP-potolt
Dán 9:22	G1473	με	P-AS	LXX_WH
Dán 9:22	G2532	και	CONJ	LXX_WH
Dán 9:22	G2980	ελαλησεν	V-AAI-3S	LXX_WH
Dán 9:22	G3326	μετ	PREP	LXX_WH
Dán 9:22	G1473	εμου	P-GS	LXX_WH
Dán 9:22	G2532	και	CONJ	LXX_WH
Dán 9:22		ειπεν	V-AAI-3S	ELTERO_SZOVEGALAP
Dán 9:22	G1158	δανιηλ	N-PRI	LXX_WH
Dán 9:22	G3568	νυν	ADV	LXX_WH
Dán 9:22	G1831	εξηλθον	V-AAI-1S	LXX_WH
Dán 9:22	G4822	συμβιβασαι	V-AAN	LXX_WH
Dán 9:22	G4771	σε	P-AS	LXX_WH
Dán 9:22	G4907	συνεσιν	N-ASF	LXX_WH
Dán 9:23	G1722	εν	PREP	LXX_WH
Dán 9:23	G0746	αρχη	N-DSF	LXX_WH
Dán 9:23	G3588	της	T-GSF	LXX_WH
Dán 9:23	G1162	δεησεως	N-GSF	LXX_WH
Dán 9:23	G4771	σου	P-GS	LXX_WH
Dán 9:23	G1831	εξηλθεν	V-AAI-3S	LXX_WH
Dán 9:23	G3056	λογος	N-NSM	LXX_WH
Dán 9:23	G2532	και	CONJ	LXX_WH
Dán 9:23	G1473	εγω	P-NS	LXX_WH
Dán 9:23	G2064	ηλθον	V-AAI-1S	LXX_WH
Dán 9:23	G3588	του	T-GSN	LXX_WH
Dán 9:23	G0312	αναγγειλαι	V-AAN	LXX_WH
Dán 9:23	G4771	σοι	P-DS	LXX_WH
Dán 9:23	G3754	οτι	CONJ	LXX_WH
Dán 9:23	G0435	ανηρ	N-NSM	LXX_WH
Dán 9:23	G1939	επιθυμιων	N-GPF	LXX_WH
Dán 9:23	G4771	συ	P-NS	LXX_WH
Dán 9:23	G1510	ει	V-PAI-2S	LXX_WH
Dán 9:23	G2532	και	CONJ	LXX_WH
Dán 9:23		εννοηθητι	V-APD-2S	
Dán 9:23	G1722	εν	PREP	LXX_WH
Dán 9:23	G3588	τω	T-DSN	LXX_WH
Dán 9:23	G4487	ρηματι	N-DSN	LXX_WH
Dán 9:23	G2532	και	CONJ	LXX_WH
Dán 9:23	G4920	συνες	V-AAD-2S	LXX_WH
Dán 9:23	G1722	εν	PREP	LXX_WH
Dán 9:23	G3588	τη	T-DSF	LXX_WH
Dán 9:23	G3701	οπτασια	N-DSF	LXX_WH
Dán 9:24	G1440	εβδομηκοντα	N-NUI	LXX_WH
Dán 9:24	G1439	εβδομαδες	N-NPF	ABP-potolt
Dán 9:24	G4932	συνετμηθησαν	V-API-3P	LXX_WH
Dán 9:24	G1909	επι	PREP	LXX_WH
Dán 9:24	G3588	τον	T-ASM	LXX_WH
Dán 9:24	G2992	λαον	N-ASM	LXX_WH
Dán 9:24	G4771	σου	P-GS	LXX_WH
Dán 9:24	G2532	και	CONJ	LXX_WH
Dán 9:24	G1909	επι	PREP	LXX_WH
Dán 9:24	G3588	την	T-ASF	LXX_WH
Dán 9:24	G4172	πολιν	N-ASF	LXX_WH
Dán 9:24	G3588	την	T-ASF	LXX_WH
Dán 9:24	G0040	αγιαν	A-ASF	LXX_WH
Dán 9:24	G4771	σου	P-GS	LXX_WH
Dán 9:24	G3588	του	T-GSN	LXX_WH
Dán 9:24	G4931	συντελεσθηναι	V-APN	LXX_WH
Dán 9:24	G0266	αμαρτιαν	N-ASF	LXX_WH
Dán 9:24	G2532	και	CONJ	LXX_WH
Dán 9:24	G3588	του	T-GSN	LXX_WH
Dán 9:24	G4972	σφραγισαι	V-AAN	LXX_WH
Dán 9:24	G0266	αμαρτιας	N-GSF	LXX_WH
Dán 9:24	G2532	και	CONJ	LXX_WH
Dán 9:24		απαλειψαι	V-AAN	
Dán 9:24	G3588	τας	T-APF	LXX_WH
Dán 9:24	G0458	ανομιας	N-APF	LXX_WH
Dán 9:24	G2532	και	CONJ	LXX_WH
Dán 9:24	G3588	του	T-GSN	LXX_WH
Dán 9:24	G1837	εξιλασασθαι	V-AMN	ABP-potolt
Dán 9:24	G0093	αδικιας	N-APF	LXX_WH
Dán 9:24	G2532	και	CONJ	LXX_WH
Dán 9:24	G3588	του	T-GSN	LXX_WH
Dán 9:24	G0071	αγαγειν	V-AAN	LXX_WH
Dán 9:24	G1343	δικαιοσυνην	N-ASF	LXX_WH
Dán 9:24	G0166	αιωνιον	A-ASF	LXX_WH
Dán 9:24	G2532	και	CONJ	LXX_WH
Dán 9:24	G3588	του	T-GSN	LXX_WH
Dán 9:24	G4972	σφραγισαι	V-AAN	LXX_WH
Dán 9:24	G3706	ορασιν	N-ASF	LXX_WH
Dán 9:24	G2532	και	CONJ	LXX_WH
Dán 9:24	G4396	προφητην	N-ASM	LXX_WH
Dán 9:24	G2532	και	CONJ	LXX_WH
Dán 9:24	G3588	του	T-GSN	LXX_WH
Dán 9:24	G5548	χρισαι	V-AAN	LXX_WH
Dán 9:24	G0040	αγιον	A-ASM	LXX_WH
Dán 9:24	G0040	αγιων	A-GPM	LXX_WH
Dán 9:25	G2532	και	CONJ	LXX_WH
Dán 9:25	G1097	γνωση	V-FMI-2S	LXX_WH
Dán 9:25	G2532	και	CONJ	LXX_WH
Dán 9:25	G4920	συνησεις	V-FAI-2S	LXX_WH
Dán 9:25	G0575	απο	PREP	LXX_WH
Dán 9:25	G1841	εξοδου	N-GSF	LXX_WH
Dán 9:25	G3056	λογου	N-GSM	LXX_WH
Dán 9:25	G3588	του	T-GSN	LXX_WH
Dán 9:25	G0611	αποκριθηναι	V-APN	ABP-potolt
Dán 9:25	G2532	και	CONJ	LXX_WH
Dán 9:25	G3588	του	T-GSN	LXX_WH
Dán 9:25	G3618	οικοδομησαι	V-AAN	LXX_WH
Dán 9:25	G2419	ιερουσαλημ	N-PRI	LXX_WH
Dán 9:25	G2193	εως	PREP	LXX_WH
Dán 9:25	G5547	χριστου	A-GSM	LXX_WH
Dán 9:25	G2233	ηγουμενου	V-PMPGS	LXX_WH
Dán 9:25	G1439	εβδομαδες	N-NPF	ABP-potolt
Dán 9:25	G2033	επτα	N-NUI	LXX_WH
Dán 9:25	G2532	και	CONJ	LXX_WH
Dán 9:25	G1439	εβδομαδες	N-NPF	ABP-potolt
Dán 9:25	G1835	εξηκοντα	N-NUI	LXX_WH
Dán 9:25	G1417	δυο	N-NUI	LXX_WH
Dán 9:25	G2532	και	CONJ	LXX_WH
Dán 9:25	G1994	επιστρεψει	V-FAI-3S	LXX_WH
Dán 9:25	G2532	και	CONJ	LXX_WH
Dán 9:25	G3618	οικοδομηθησεται	V-FPI-3S	LXX_WH
Dán 9:25	G4113	πλατεια	N-APN	LXX_WH
Dán 9:25	G2532	και	CONJ	LXX_WH
Dán 9:25	G5038	τειχος	N-ASN	LXX_WH
Dán 9:25	G2532	και	CONJ	LXX_WH
Dán 9:25		εκκενωθησονται	V-FPI-3P	ELTERO_SZOVEGALAP
Dán 9:25	G3588	οι	T-NPM	LXX_WH
Dán 9:25	G2540	καιροι	N-NPM	LXX_WH
Dán 9:26	G2532	και	CONJ	LXX_WH
Dán 9:26	G3326	μετα	PREP	LXX_WH
Dán 9:26	G3588	τας	T-APF	LXX_WH
Dán 9:26		εβδομαδας	N-APF	
Dán 9:26	G3588	τας	T-APF	LXX_WH
Dán 9:26	G1835	εξηκοντα	N-NUI	LXX_WH
Dán 9:26	G1417	δυο	N-NUI	LXX_WH
Dán 9:26		εξολεθρευθησεται	V-FPI-3S	ELTERO_SZOVEGALAP
Dán 9:26	G5545	χρισμα	N-NSN	LXX_WH
Dán 9:26	G2532	και	CONJ	LXX_WH
Dán 9:26	G2917	κριμα	N-NSN	LXX_WH
Dán 9:26	G3364	ουκ	ADV	LXX_WH
Dán 9:26	G1510	εστιν	V-PAI-3S	LXX_WH
Dán 9:26	G1722	εν	PREP	LXX_WH
Dán 9:26	G0846	αυτω	D-DSN	LXX_WH
Dán 9:26	G2532	και	CONJ	LXX_WH
Dán 9:26	G3588	την	T-ASF	LXX_WH
Dán 9:26	G4172	πολιν	N-ASF	LXX_WH
Dán 9:26	G2532	και	CONJ	LXX_WH
Dán 9:26	G3588	το	T-ASN	LXX_WH
Dán 9:26	G0040	αγιον	A-ASN	LXX_WH
Dán 9:26	G1311	διαφθερει	V-FAI-3S	LXX_WH
Dán 9:26	G4862	συν	PREP	LXX_WH
Dán 9:26	G3588	τω	T-DSM	LXX_WH
Dán 9:26	G2233	ηγουμενω	V-PMPDS	LXX_WH
Dán 9:26	G3588	τω	T-DSM	LXX_WH
Dán 9:26	G2064	ερχομενω	V-PMPDS	LXX_WH
Dán 9:26	G2532	και	CONJ	LXX_WH
Dán 9:26		εκκοπησονται	V-FMI-3P	ELTERO_SZOVEGALAP
Dán 9:26	G1722	εν	PREP	LXX_WH
Dán 9:26	G2627	κατακλυσμω	N-DSM	LXX_WH
Dán 9:26	G2532	και	CONJ	LXX_WH
Dán 9:26	G2193	εως	PREP	LXX_WH
Dán 9:26	G5056	τελους	N-GSN	LXX_WH
Dán 9:26	G4171	πολεμου	N-GSM	LXX_WH
Dán 9:26	G4932	συντετμημενου	V-RMPGS	LXX_WH
Dán 9:26	G5010	ταξει	N-DSF	LXX_WH
Dán 9:26	G0854	αφανισμοις	N-DPM	LXX_WH
Dán 9:27	G2532	και	CONJ	LXX_WH
Dán 9:27	G1412	δυναμωσει	V-FAI-3S	LXX_WH
Dán 9:27	G1242	διαθηκην	N-ASF	LXX_WH
Dán 9:27	G4183	πολλοις	A-DPM	LXX_WH
Dán 9:27		εβδομας	N-NSF	ELTERO_SZOVEGALAP
Dán 9:27	G1519	μια	A-NSF	LXX_WH
Dán 9:27	G2532	και	CONJ	LXX_WH
Dán 9:27	G1722	εν	PREP	LXX_WH
Dán 9:27	G3588	τω	T-DSM	LXX_WH
Dán 9:27	G2255	ημισει	A-DSM	ABP-potolt
Dán 9:27	G3588	της	T-GSF	LXX_WH
Dán 9:27	G1439	εβδομαδος	N-GSF	ABP-potolt
Dán 9:27	G0142	αρθησεται	V-FPI-3S	LXX_WH
Dán 9:27	G1473	μου	P-GS	LXX_WH
Dán 9:27	G2378	θυσια	N-NSF	LXX_WH
Dán 9:27	G2532	και	CONJ	LXX_WH
Dán 9:27	G4700	σπονδη	N-NSF	ABP-potolt
Dán 9:27	G2532	και	CONJ	LXX_WH
Dán 9:27	G1909	επι	PREP	LXX_WH
Dán 9:27	G3588	το	T-ASN	LXX_WH
Dán 9:27	G2413	ιερον	A-ASN	LXX_WH
Dán 9:27	G0946	βδελυγμα	N-NSN	LXX_WH
Dán 9:27	G3588	των	T-GPF	LXX_WH
Dán 9:27	G2050	ερημωσεων	N-GPF	LXX_WH
Dán 9:27	G2532	και	CONJ	LXX_WH
Dán 9:27	G2193	εως	PREP	LXX_WH
Dán 9:27	G4930	συντελειας	N-GSF	LXX_WH
Dán 9:27	G2540	καιρου	N-GSM	LXX_WH
Dán 9:27	G4930	συντελεια	N-NSF	LXX_WH
Dán 9:27	G1325	δοθησεται	V-FPI-3S	LXX_WH
Dán 9:27	G1909	επι	PREP	LXX_WH
Dán 9:27	G3588	την	T-ASF	LXX_WH
Dán 9:27	G2050	ερημωσιν	N-ASF	LXX_WH
Dán 10:1	G1722	εν	PREP	LXX_WH
Dán 10:1	G2094	ετει	N-DSN	LXX_WH
Dán 10:1	G5154	τριτω	A-DSN	LXX_WH
Dán 10:1		κυρου	N-GSM	ELTERO_SZOVEGALAP
Dán 10:1	G0935	βασιλεως	N-GSM	LXX_WH
Dán 10:1		περσων	N-GPM	ELTERO_SZOVEGALAP
Dán 10:1	G3056	λογος	N-NSM	LXX_WH
Dán 10:1	G0601	απεκαλυφθη	V-API-3S	LXX_WH
Dán 10:1	G3588	τω	T-DSM	LXX_WH
Dán 10:1	G1158	δανιηλ	N-PRI	LXX_WH
Dán 10:1	G3739	ου	R-GSM	LXX_WH
Dán 10:1	G3588	το	T-NSN	LXX_WH
Dán 10:1	G3686	ονομα	N-NSN	LXX_WH
Dán 10:1	G1941	επεκληθη	V-API-3S	ABP-potolt
Dán 10:1	G1941	βαλτασαρ	N-PRI	ABP-potolt
Dán 10:1	G2532	και	CONJ	LXX_WH
Dán 10:1	G0228	αληθινος	A-NSM	LXX_WH
Dán 10:1	G3588	ο	T-NSM	LXX_WH
Dán 10:1	G3056	λογος	N-NSM	LXX_WH
Dán 10:1	G2532	και	CONJ	LXX_WH
Dán 10:1	G1411	δυναμις	N-NSF	LXX_WH
Dán 10:1	G3173	μεγαλη	A-NSF	LXX_WH
Dán 10:1	G2532	και	CONJ	LXX_WH
Dán 10:1	G4907	συνεσις	N-NSF	LXX_WH
Dán 10:1	G1325	εδοθη	V-API-3S	LXX_WH
Dán 10:1	G0846	αυτω	D-DSM	LXX_WH
Dán 10:1	G1722	εν	PREP	LXX_WH
Dán 10:1	G3588	τη	T-DSF	LXX_WH
Dán 10:1	G3701	οπτασια	N-DSF	LXX_WH
Dán 10:2	G1722	εν	PREP	LXX_WH
Dán 10:2	G3588	ταις	T-DPF	LXX_WH
Dán 10:2	G2250	ημεραις	N-DPF	LXX_WH
Dán 10:2	G1565	εκειναις	D-DPF	LXX_WH
Dán 10:2	G1473	εγω	P-NS	LXX_WH
Dán 10:2	G1158	δανιηλ	N-PRI	LXX_WH
Dán 10:2	G1510	ημην	V-IMI-1S	LXX_WH
Dán 10:2	G3996	πενθων	V-PAPNS	LXX_WH
Dán 10:2	G5140	τρεις	A-APF	LXX_WH
Dán 10:2	G1439	εβδομαδας	N-APF	ABP-potolt
Dán 10:2	G2250	ημερων	N-GPF	LXX_WH
Dán 10:3	G0740	αρτον	N-ASM	LXX_WH
Dán 10:3	G1939	επιθυμιων	N-GPF	LXX_WH
Dán 10:3	G3364	ουκ	ADV	LXX_WH
Dán 10:3	G2068	εφαγον	V-AAI-1S	LXX_WH
Dán 10:3	G2532	και	CONJ	LXX_WH
Dán 10:3	G2907	κρεας	N-NSN	LXX_WH
Dán 10:3	G2532	και	CONJ	LXX_WH
Dán 10:3	G3631	οινος	N-NSM	LXX_WH
Dán 10:3	G3364	ουκ	ADV	LXX_WH
Dán 10:3	G1525	εισηλθεν	V-AAI-3S	LXX_WH
Dán 10:3	G1519	εις	PREP	LXX_WH
Dán 10:3	G3588	το	T-ASN	LXX_WH
Dán 10:3	G4750	στομα	N-ASN	LXX_WH
Dán 10:3	G1473	μου	P-GS	LXX_WH
Dán 10:3	G2532	και	CONJ	LXX_WH
Dán 10:3		αλειμμα	N-ASN	ELTERO_SZOVEGALAP
Dán 10:3	G3364	ουκ	ADV	LXX_WH
Dán 10:3	G0218	ηλειψαμην	V-AMI-1S	LXX_WH
Dán 10:3	G2193	εως	PREP	LXX_WH
Dán 10:3	G4138	πληρωσεως	N-GSF	ABP-potolt
Dán 10:3	G5140	τριων	A-GPF	LXX_WH
Dán 10:3	G1439	εβδομαδων	N-GPF	ABP-potolt
Dán 10:3	G2250	ημερων	N-GPF	LXX_WH
Dán 10:4	G1722	εν	PREP	LXX_WH
Dán 10:4	G2250	ημερα	N-DSF	LXX_WH
Dán 10:4		εικοστη	A-DSF	ELTERO_SZOVEGALAP
Dán 10:4	G2532	και	CONJ	LXX_WH
Dán 10:4	G5067	τεταρτη	A-DSF	LXX_WH
Dán 10:4	G3588	του	T-GSM	LXX_WH
Dán 10:4	G3303	μηνος	N-GSM	LXX_WH
Dán 10:4	G3588	του	T-GSM	LXX_WH
Dán 10:4	G4413	πρωτου	A-GSMS	LXX_WH
Dán 10:4	G2532	και	CONJ	LXX_WH
Dán 10:4	G1473	εγω	P-NS	LXX_WH
Dán 10:4	G1510	ημην	V-IMI-1S	LXX_WH
Dán 10:4	G2192	εχομενα	V-PMPNP	LXX_WH
Dán 10:4	G3588	του	T-GSM	LXX_WH
Dán 10:4	G4215	ποταμου	N-GSM	LXX_WH
Dán 10:4	G3588	του	T-GSM	LXX_WH
Dán 10:4	G3173	μεγαλου	A-GSM	LXX_WH
Dán 10:4	G0846	αυτος	D-NSM	LXX_WH
Dán 10:4	G1510	εστιν	V-PAI-3S	LXX_WH
Dán 10:4		εδδεκελ	N-PRI	ELTERO_SZOVEGALAP
Dán 10:5	G2532	και	CONJ	LXX_WH
Dán 10:5	G0142	ηρα	V-AAI-1S	LXX_WH
Dán 10:5	G3588	τους	T-APM	LXX_WH
Dán 10:5	G3788	οφθαλμους	N-APM	LXX_WH
Dán 10:5	G1473	μου	P-GS	LXX_WH
Dán 10:5	G2532	και	CONJ	LXX_WH
Dán 10:5	G3708	ειδον	V-AAI-1S	LXX_WH
Dán 10:5	G2532	και	CONJ	LXX_WH
Dán 10:5	G2400	ιδου	INJ	LXX_WH
Dán 10:5	G0435	ανηρ	N-NSM	LXX_WH
Dán 10:5	G1519	εις	A-NSM	LXX_WH
Dán 10:5	G1746	ενδεδυμενος	V-RPPNS	LXX_WH
Dán 10:5	G0897	βαδδιν	N-PRI	ABP-potolt
Dán 10:5	G2532	και	CONJ	LXX_WH
Dán 10:5	G3588	η	T-NSF	LXX_WH
Dán 10:5	G3751	οσφυς	N-NSF	LXX_WH
Dán 10:5	G0846	αυτου	D-GSM	LXX_WH
Dán 10:5	G4024	περιεζωσμενη	V-RMPNS	LXX_WH
Dán 10:5	G1722	εν	PREP	LXX_WH
Dán 10:5	G5553	χρυσιω	N-DSN	LXX_WH
Dán 10:5		ωφαζ	N-PRI	ELTERO_SZOVEGALAP
Dán 10:6	G2532	και	CONJ	LXX_WH
Dán 10:6	G3588	το	T-NSN	LXX_WH
Dán 10:6	G4983	σωμα	N-NSN	LXX_WH
Dán 10:6	G0846	αυτου	D-GSM	LXX_WH
Dán 10:6	G5616	ωσει	ADV	LXX_WH
Dán 10:6		θαρσις	N-PRI	ELTERO_SZOVEGALAP
Dán 10:6	G2532	και	CONJ	LXX_WH
Dán 10:6	G3588	το	T-NSN	LXX_WH
Dán 10:6	G4383	προσωπον	N-NSN	LXX_WH
Dán 10:6	G0846	αυτου	D-GSM	LXX_WH
Dán 10:6	G5616	ωσει	ADV	LXX_WH
Dán 10:6	G3706	ορασις	N-NSF	LXX_WH
Dán 10:6	G0796	αστραπης	N-GSF	LXX_WH
Dán 10:6	G2532	και	CONJ	LXX_WH
Dán 10:6	G3588	οι	T-NPM	LXX_WH
Dán 10:6	G3788	οφθαλμοι	N-NPM	LXX_WH
Dán 10:6	G0846	αυτου	D-GSM	LXX_WH
Dán 10:6	G5616	ωσει	ADV	LXX_WH
Dán 10:6	G2985	λαμπαδες	N-NPF	LXX_WH
Dán 10:6	G4442	πυρος	N-GSN	LXX_WH
Dán 10:6	G2532	και	CONJ	LXX_WH
Dán 10:6	G3588	οι	T-NPM	LXX_WH
Dán 10:6	G1023	βραχιονες	N-NPM	LXX_WH
Dán 10:6	G0846	αυτου	D-GSM	LXX_WH
Dán 10:6	G2532	και	CONJ	LXX_WH
Dán 10:6	G3588	τα	T-NPN	LXX_WH
Dán 10:6	G4628	σκελη	N-NPN	LXX_WH
Dán 10:6	G3739	ως	CONJ	LXX_WH
Dán 10:6	G3706	ορασις	N-NSF	LXX_WH
Dán 10:6	G5475	χαλκου	A-GSM	ABP-potolt
Dán 10:6	G4744	στιλβοντος	V-PAPGS	LXX_WH
Dán 10:6	G2532	και	CONJ	LXX_WH
Dán 10:6	G3588	η	T-NSF	LXX_WH
Dán 10:6	G5456	φωνη	N-NSF	LXX_WH
Dán 10:6	G3588	των	T-GPM	LXX_WH
Dán 10:6	G3056	λογων	N-GPM	LXX_WH
Dán 10:6	G0846	αυτου	D-GSM	LXX_WH
Dán 10:6	G3739	ως	CONJ	LXX_WH
Dán 10:6	G5456	φωνη	N-NSF	LXX_WH
Dán 10:6	G3793	οχλου	N-GSM	LXX_WH
Dán 10:7	G2532	και	CONJ	LXX_WH
Dán 10:7	G3708	ειδον	V-AAI-1S	LXX_WH
Dán 10:7	G1473	εγω	P-NS	LXX_WH
Dán 10:7	G1158	δανιηλ	N-PRI	LXX_WH
Dán 10:7	G3441	μονος	A-NSM	LXX_WH
Dán 10:7	G3588	την	T-ASF	LXX_WH
Dán 10:7	G3701	οπτασιαν	N-ASF	LXX_WH
Dán 10:7	G2532	και	CONJ	LXX_WH
Dán 10:7	G3588	οι	T-NPM	LXX_WH
Dán 10:7	G0435	ανδρες	N-NPM	LXX_WH
Dán 10:7	G3588	οι	T-NPM	LXX_WH
Dán 10:7	G3326	μετ	PREP	LXX_WH
Dán 10:7	G1473	εμου	P-GS	LXX_WH
Dán 10:7	G3364	ουκ	ADV	LXX_WH
Dán 10:7	G3708	ειδον	V-AAI-3P	LXX_WH
Dán 10:7	G3588	την	T-ASF	LXX_WH
Dán 10:7	G3701	οπτασιαν	N-ASF	LXX_WH
Dán 10:7	G0235	αλλ	CONJ	LXX_WH
Dán 10:7	G2228	η	CONJ	LXX_WH
Dán 10:7	G1611	εκστασις	N-NSF	LXX_WH
Dán 10:7	G3173	μεγαλη	A-NSF	LXX_WH
Dán 10:7	G1968	επεπεσεν	V-AAI-3S	LXX_WH
Dán 10:7	G1909	επ	PREP	LXX_WH
Dán 10:7	G0846	αυτους	D-APM	LXX_WH
Dán 10:7	G2532	και	CONJ	LXX_WH
Dán 10:7	G5343	εφυγον	V-AAI-3P	LXX_WH
Dán 10:7	G1722	εν	PREP	LXX_WH
Dán 10:7	G5401	φοβω	N-DSM	LXX_WH
Dán 10:8	G2532	και	CONJ	LXX_WH
Dán 10:8	G1473	εγω	P-NS	LXX_WH
Dán 10:8	G5275	υπελειφθην	V-API-1S	LXX_WH
Dán 10:8	G3441	μονος	A-NSM	LXX_WH
Dán 10:8	G2532	και	CONJ	LXX_WH
Dán 10:8	G3708	ειδον	V-AAI-1S	LXX_WH
Dán 10:8	G3588	την	T-ASF	LXX_WH
Dán 10:8	G3701	οπτασιαν	N-ASF	LXX_WH
Dán 10:8	G3588	την	T-ASF	LXX_WH
Dán 10:8	G3173	μεγαλην	A-ASF	LXX_WH
Dán 10:8	G3778	ταυτην	D-ASF	LXX_WH
Dán 10:8	G2532	και	CONJ	LXX_WH
Dán 10:8	G3364	ουχ	ADV	LXX_WH
Dán 10:8	G5275	υπελειφθη	V-API-3S	LXX_WH
Dán 10:8	G1722	εν	PREP	LXX_WH
Dán 10:8	G1473	εμοι	P-DS	LXX_WH
Dán 10:8	G2479	ισχυς	N-NSF	LXX_WH
Dán 10:8	G2532	και	CONJ	LXX_WH
Dán 10:8	G3588	η	T-NSF	LXX_WH
Dán 10:8	G1391	δοξα	N-NSF	LXX_WH
Dán 10:8	G1473	μου	P-GS	LXX_WH
Dán 10:8	G3344	μετεστραφη	V-API-3S	LXX_WH
Dán 10:8	G1519	εις	PREP	LXX_WH
Dán 10:8	G1312	διαφθοραν	N-ASF	LXX_WH
Dán 10:8	G2532	και	CONJ	LXX_WH
Dán 10:8	G3364	ουκ	ADV	LXX_WH
Dán 10:8	G2902	εκρατησα	V-AAI-1S	LXX_WH
Dán 10:8	G2479	ισχυος	N-GSF	LXX_WH
Dán 10:9	G2532	και	CONJ	LXX_WH
Dán 10:9	G0191	ηκουσα	V-AAI-1S	LXX_WH
Dán 10:9	G3588	την	T-ASF	LXX_WH
Dán 10:9	G5456	φωνην	N-ASF	LXX_WH
Dán 10:9	G3588	των	T-GPM	LXX_WH
Dán 10:9	G3056	λογων	N-GPM	LXX_WH
Dán 10:9	G0846	αυτου	D-GSM	LXX_WH
Dán 10:9	G2532	και	CONJ	LXX_WH
Dán 10:9	G1722	εν	PREP	LXX_WH
Dán 10:9	G3588	τω	T-DSN	LXX_WH
Dán 10:9	G0191	ακουσαι	V-AAN	LXX_WH
Dán 10:9	G1473	με	P-AS	LXX_WH
Dán 10:9	G0846	αυτου	D-GSM	LXX_WH
Dán 10:9	G1510	ημην	V-IMI-1S	LXX_WH
Dán 10:9	G2660	κατανενυγμενος	V-RPPNS	LXX_WH
Dán 10:9	G2532	και	CONJ	LXX_WH
Dán 10:9	G3588	το	T-NSN	LXX_WH
Dán 10:9	G4383	προσωπον	N-NSN	LXX_WH
Dán 10:9	G1473	μου	P-GS	LXX_WH
Dán 10:9	G1909	επι	PREP	LXX_WH
Dán 10:9	G3588	την	T-ASF	LXX_WH
Dán 10:9	G1065	γην	N-ASF	LXX_WH
Dán 10:10	G2532	και	CONJ	LXX_WH
Dán 10:10	G2400	ιδου	INJ	LXX_WH
Dán 10:10	G5495	χειρ	N-NSF	LXX_WH
Dán 10:10	G0680	απτομενη	V-PMPNS	LXX_WH
Dán 10:10	G1473	μου	P-GS	LXX_WH
Dán 10:10	G2532	και	CONJ	LXX_WH
Dán 10:10	G1453	ηγειρεν	V-IAI-3S	ABP-potolt
Dán 10:10	G1473	με	P-AS	LXX_WH
Dán 10:10	G1909	επι	PREP	LXX_WH
Dán 10:10	G3588	τα	T-APN	LXX_WH
Dán 10:10	G1119	γονατα	N-APN	LXX_WH
Dán 10:10	G1473	μου	P-GS	LXX_WH
Dán 10:11	G2532	και	CONJ	LXX_WH
Dán 10:11	G2036	ειπεν	V-AAI-3S	ABP-potolt
Dán 10:11	G4314	προς	PREP	LXX_WH
Dán 10:11	G1473	με	P-AS	LXX_WH
Dán 10:11	G1158	δανιηλ	N-PRI	LXX_WH
Dán 10:11	G0435	ανηρ	N-NSM	LXX_WH
Dán 10:11	G1939	επιθυμιων	N-GPF	LXX_WH
Dán 10:11	G4920	συνες	V-AAD-2S	LXX_WH
Dán 10:11	G1722	εν	PREP	LXX_WH
Dán 10:11	G3588	τοις	T-DPM	LXX_WH
Dán 10:11	G3056	λογοις	N-DPM	LXX_WH
Dán 10:11	G3739	οις	R-DPM	LXX_WH
Dán 10:11	G1473	εγω	P-NS	LXX_WH
Dán 10:11	G2980	λαλω	V-PAI-1S	LXX_WH
Dán 10:11	G4314	προς	PREP	LXX_WH
Dán 10:11	G4771	σε	P-AS	LXX_WH
Dán 10:11	G2532	και	CONJ	LXX_WH
Dán 10:11	G2476	στηθι	V-AAD-2S	LXX_WH
Dán 10:11	G1909	επι	PREP	LXX_WH
Dán 10:11	G3588	τη	T-DSF	LXX_WH
Dán 10:11	G4714	στασει	N-DSF	LXX_WH
Dán 10:11	G4771	σου	P-GS	LXX_WH
Dán 10:11	G3754	οτι	CONJ	LXX_WH
Dán 10:11	G3568	νυν	ADV	LXX_WH
Dán 10:11	G0649	απεσταλην	V-API-1S	LXX_WH
Dán 10:11	G4314	προς	PREP	LXX_WH
Dán 10:11	G4771	σε	P-AS	LXX_WH
Dán 10:11	G2532	και	CONJ	LXX_WH
Dán 10:11	G1722	εν	PREP	LXX_WH
Dán 10:11	G3588	τω	T-DSN	LXX_WH
Dán 10:11	G2980	λαλησαι	V-AAN	LXX_WH
Dán 10:11	G0846	αυτον	D-ASM	LXX_WH
Dán 10:11	G4314	προς	PREP	LXX_WH
Dán 10:11	G1473	με	P-AS	LXX_WH
Dán 10:11	G3588	τον	T-ASM	LXX_WH
Dán 10:11	G3056	λογον	N-ASM	LXX_WH
Dán 10:11	G3778	τουτον	D-ASM	LXX_WH
Dán 10:11	G0450	ανεστην	V-AAI-1S	LXX_WH
Dán 10:11	G1790	εντρομος	A-NSM	LXX_WH
Dán 10:12	G2532	και	CONJ	LXX_WH
Dán 10:12	G2036	ειπεν	V-AAI-3S	ABP-potolt
Dán 10:12	G4314	προς	PREP	LXX_WH
Dán 10:12	G1473	με	P-AS	LXX_WH
Dán 10:12	G3165	μη	ADV	LXX_WH
Dán 10:12	G5399	φοβου	V-PMD-2S	LXX_WH
Dán 10:12	G1158	δανιηλ	N-PRI	LXX_WH
Dán 10:12	G3754	οτι	CONJ	LXX_WH
Dán 10:12	G0575	απο	PREP	LXX_WH
Dán 10:12	G3588	της	T-GSF	LXX_WH
Dán 10:12	G4413	πρωτης	A-GSFS	LXX_WH
Dán 10:12	G2250	ημερας	N-GSF	LXX_WH
Dán 10:12	G3739	ης	R-GSF	LXX_WH
Dán 10:12	G1325	εδωκας	V-AAI-2S	LXX_WH
Dán 10:12	G3588	την	T-ASF	LXX_WH
Dán 10:12	G2588	καρδιαν	N-ASF	LXX_WH
Dán 10:12	G4771	σου	P-GS	LXX_WH
Dán 10:12	G3588	του	T-GSN	LXX_WH
Dán 10:12	G4920	συνιεναι	V-PAN	LXX_WH
Dán 10:12	G2532	και	CONJ	LXX_WH
Dán 10:12	G2559	κακωθηναι	V-APN	LXX_WH
Dán 10:12	G1726	εναντιον	PREP	LXX_WH
Dán 10:12	G3588	του	T-GSM	LXX_WH
Dán 10:12	G2316	θεου	N-GSM	LXX_WH
Dán 10:12	G4771	σου	P-GS	LXX_WH
Dán 10:12	G0191	ηκουσθησαν	V-API-3P	LXX_WH
Dán 10:12	G3588	οι	T-NPM	LXX_WH
Dán 10:12	G3056	λογοι	N-NPM	LXX_WH
Dán 10:12	G4771	σου	P-GS	LXX_WH
Dán 10:12	G2532	και	CONJ	LXX_WH
Dán 10:12	G1473	εγω	P-NS	LXX_WH
Dán 10:12	G2064	ηλθον	V-AAI-1S	LXX_WH
Dán 10:12	G1722	εν	PREP	LXX_WH
Dán 10:12	G3588	τοις	T-DPM	LXX_WH
Dán 10:12	G3056	λογοις	N-DPM	LXX_WH
Dán 10:12	G4771	σου	P-GS	LXX_WH
Dán 10:13	G2532	και	CONJ	LXX_WH
Dán 10:13	G3588	ο	T-NSM	LXX_WH
Dán 10:13	G0758	αρχων	N-NSM	LXX_WH
Dán 10:13	G0932	βασιλειας	N-GSF	LXX_WH
Dán 10:13		περσων	N-GPM	ELTERO_SZOVEGALAP
Dán 10:13	G2476	ειστηκει	V-YAI-3S	LXX_WH
Dán 10:13	G1537	εξ	PREP	LXX_WH
Dán 10:13	G1727	εναντιας	A-GSF	LXX_WH
Dán 10:13	G1473	μου	P-GS	LXX_WH
Dán 10:13	G1501	εικοσι	N-NUI	LXX_WH
Dán 10:13	G2532	και	CONJ	LXX_WH
Dán 10:13	G1519	μιαν	A-ASF	LXX_WH
Dán 10:13	G2250	ημεραν	N-ASF	LXX_WH
Dán 10:13	G2532	και	CONJ	LXX_WH
Dán 10:13	G2400	ιδου	INJ	LXX_WH
Dán 10:13	G3413	μιχαηλ	N-PRI	LXX_WH
Dán 10:13	G1519	εις	A-NSM	LXX_WH
Dán 10:13	G3588	των	T-GPM	LXX_WH
Dán 10:13	G0758	αρχοντων	N-GPM	LXX_WH
Dán 10:13	G3588	των	T-GPM	LXX_WH
Dán 10:13	G4413	πρωτων	A-GPMS	LXX_WH
Dán 10:13	G2064	ηλθεν	V-AAI-3S	LXX_WH
Dán 10:13	G0997	βοηθησαι	V-AAN	LXX_WH
Dán 10:13	G1473	μοι	P-DS	LXX_WH
Dán 10:13	G2532	και	CONJ	LXX_WH
Dán 10:13	G0846	αυτον	D-ASM	LXX_WH
Dán 10:13	G2641	κατελιπον	V-AAI-1S	LXX_WH
Dán 10:13	G1563	εκει	ADV	LXX_WH
Dán 10:13	G3326	μετα	PREP	LXX_WH
Dán 10:13	G3588	του	T-GSM	LXX_WH
Dán 10:13	G0758	αρχοντος	N-GSM	LXX_WH
Dán 10:13	G0932	βασιλειας	N-GSF	LXX_WH
Dán 10:13		περσων	N-GPM	ELTERO_SZOVEGALAP
Dán 10:14	G2532	και	CONJ	LXX_WH
Dán 10:14	G2064	ηλθον	V-AAI-1S	LXX_WH
Dán 10:14		συνετισαι	V-AAN	ELTERO_SZOVEGALAP
Dán 10:14	G4771	σε	P-AS	LXX_WH
Dán 10:14	G3745	οσα	A-APN	LXX_WH
Dán 10:14	G0528	απαντησεται	V-FMI-3S	LXX_WH
Dán 10:14	G3588	τω	T-DSM	LXX_WH
Dán 10:14	G2992	λαω	N-DSM	LXX_WH
Dán 10:14	G4771	σου	P-GS	LXX_WH
Dán 10:14	G1909	επ	PREP	LXX_WH
Dán 10:14	G2078	εσχατων	A-GPF	LXX_WH
Dán 10:14	G3588	των	T-GPF	LXX_WH
Dán 10:14	G2250	ημερων	N-GPF	LXX_WH
Dán 10:14	G3754	οτι	CONJ	LXX_WH
Dán 10:14	G2089	ετι	ADV	LXX_WH
Dán 10:14	G3588	η	T-NSF	LXX_WH
Dán 10:14	G3706	ορασις	N-NSF	LXX_WH
Dán 10:14	G1519	εις	PREP	LXX_WH
Dán 10:14	G2250	ημερας	N-APF	LXX_WH
Dán 10:15	G2532	και	CONJ	LXX_WH
Dán 10:15	G1722	εν	PREP	LXX_WH
Dán 10:15	G3588	τω	T-DSN	LXX_WH
Dán 10:15	G2980	λαλησαι	V-AAN	LXX_WH
Dán 10:15	G0846	αυτον	D-ASM	LXX_WH
Dán 10:15	G3326	μετ	PREP	LXX_WH
Dán 10:15	G1473	εμου	P-GS	LXX_WH
Dán 10:15	G2596	κατα	PREP	LXX_WH
Dán 10:15	G3588	τους	T-APM	LXX_WH
Dán 10:15	G3056	λογους	N-APM	LXX_WH
Dán 10:15	G3778	τουτους	D-APM	LXX_WH
Dán 10:15	G1325	εδωκα	V-AAI-1S	LXX_WH
Dán 10:15	G3588	το	T-ASN	LXX_WH
Dán 10:15	G4383	προσωπον	N-ASN	LXX_WH
Dán 10:15	G1473	μου	P-GS	LXX_WH
Dán 10:15	G1909	επι	PREP	LXX_WH
Dán 10:15	G3588	την	T-ASF	LXX_WH
Dán 10:15	G1065	γην	N-ASF	LXX_WH
Dán 10:15	G2532	και	CONJ	LXX_WH
Dán 10:15	G2660	κατενυγην	V-API-1S	LXX_WH
Dán 10:16	G2532	και	CONJ	LXX_WH
Dán 10:16	G2400	ιδου	INJ	LXX_WH
Dán 10:16	G3739	ως	CONJ	LXX_WH
Dán 10:16	G3669	ομοιωσις	N-NSF	LXX_WH
Dán 10:16	G5207	υιου	N-GSM	LXX_WH
Dán 10:16	G0444	ανθρωπου	N-GSM	LXX_WH
Dán 10:16	G0680	ηψατο	V-AMI-3S	LXX_WH
Dán 10:16	G3588	των	T-GPN	LXX_WH
Dán 10:16	G5491	χειλεων	N-GPN	LXX_WH
Dán 10:16	G1473	μου	P-GS	LXX_WH
Dán 10:16	G2532	και	CONJ	LXX_WH
Dán 10:16	G0455	ηνοιξα	V-AAI-1S	LXX_WH
Dán 10:16	G3588	το	T-ASN	LXX_WH
Dán 10:16	G4750	στομα	N-ASN	LXX_WH
Dán 10:16	G1473	μου	P-GS	LXX_WH
Dán 10:16	G2532	και	CONJ	LXX_WH
Dán 10:16	G2980	ελαλησα	V-AAI-1S	LXX_WH
Dán 10:16	G2532	και	CONJ	LXX_WH
Dán 10:16	G2036	ειπα	V-AAI-1S	ABP-potolt
Dán 10:16	G4314	προς	PREP	LXX_WH
Dán 10:16	G3588	τον	T-ASM	LXX_WH
Dán 10:16	G2476	εστωτα	V-RAPAS	LXX_WH
Dán 10:16	G1726	εναντιον	PREP	LXX_WH
Dán 10:16	G1473	εμου	P-GS	LXX_WH
Dán 10:16	G2962	κυριε	N-VSM	LXX_WH
Dán 10:16	G1722	εν	PREP	LXX_WH
Dán 10:16	G3588	τη	T-DSF	LXX_WH
Dán 10:16	G3701	οπτασια	N-DSF	LXX_WH
Dán 10:16	G4771	σου	P-GS	LXX_WH
Dán 10:16	G4762	εστραφη	V-API-3S	LXX_WH
Dán 10:16	G3588	τα	T-NPN	LXX_WH
Dán 10:16	G1787	εντος	PREP	LXX_WH
Dán 10:16	G1473	μου	P-GS	LXX_WH
Dán 10:16	G1722	εν	PREP	LXX_WH
Dán 10:16	G1473	εμοι	P-DS	LXX_WH
Dán 10:16	G2532	και	CONJ	LXX_WH
Dán 10:16	G3364	ουκ	ADV	LXX_WH
Dán 10:16	G2192	εσχον	V-AAI-1S	LXX_WH
Dán 10:16	G2479	ισχυν	N-ASF	LXX_WH
Dán 10:17	G2532	και	CONJ	LXX_WH
Dán 10:17	G4459	πως	ADV	LXX_WH
Dán 10:17	G1410	δυνησεται	V-FMI-3S	LXX_WH
Dán 10:17	G3588	ο	T-NSM	LXX_WH
Dán 10:17	G3816	παις	N-NSM	LXX_WH
Dán 10:17	G4771	σου	P-GS	LXX_WH
Dán 10:17	G2962	κυριε	N-VSM	LXX_WH
Dán 10:17	G2980	λαλησαι	V-AAN	LXX_WH
Dán 10:17	G3326	μετα	PREP	LXX_WH
Dán 10:17	G3588	του	T-GSM	LXX_WH
Dán 10:17	G2962	κυριου	N-GSM	LXX_WH
Dán 10:17	G1473	μου	P-GS	LXX_WH
Dán 10:17	G3778	τουτου	D-GSM	LXX_WH
Dán 10:17	G2532	και	CONJ	LXX_WH
Dán 10:17	G1473	εγω	P-NS	LXX_WH
Dán 10:17	G0575	απο	PREP	LXX_WH
Dán 10:17	G3588	του	T-GSM	LXX_WH
Dán 10:17	G3568	νυν	ADV	LXX_WH
Dán 10:17	G3364	ου	ADV	LXX_WH
Dán 10:17	G2476	στησεται	V-FMI-3S	LXX_WH
Dán 10:17	G1722	εν	PREP	LXX_WH
Dán 10:17	G1473	εμοι	P-DS	LXX_WH
Dán 10:17	G2479	ισχυς	N-NSF	LXX_WH
Dán 10:17	G2532	και	CONJ	LXX_WH
Dán 10:17	G4157	πνοη	N-NSF	LXX_WH
Dán 10:17	G3364	ουχ	ADV	LXX_WH
Dán 10:17	G5275	υπελειφθη	V-API-3S	LXX_WH
Dán 10:17	G1722	εν	PREP	LXX_WH
Dán 10:17	G1473	εμοι	P-DS	LXX_WH
Dán 10:18	G2532	και	CONJ	LXX_WH
Dán 10:18	G4369	προσεθετο	V-AMI-3S	LXX_WH
Dán 10:18	G2532	και	CONJ	LXX_WH
Dán 10:18	G0680	ηψατο	V-AMI-3S	LXX_WH
Dán 10:18	G1473	μου	P-GS	LXX_WH
Dán 10:18	G3739	ως	CONJ	LXX_WH
Dán 10:18	G3706	ορασις	N-NSF	LXX_WH
Dán 10:18	G0444	ανθρωπου	N-GSM	LXX_WH
Dán 10:18	G2532	και	CONJ	LXX_WH
Dán 10:18	G1765	ενισχυσεν	V-AAI-3S	LXX_WH
Dán 10:18	G1473	με	P-AS	LXX_WH
Dán 10:19	G2532	και	CONJ	LXX_WH
Dán 10:19	G2036	ειπεν	V-AAI-3S	ABP-potolt
Dán 10:19	G1473	μοι	P-DS	LXX_WH
Dán 10:19	G3165	μη	ADV	LXX_WH
Dán 10:19	G5399	φοβου	V-PMD-2S	LXX_WH
Dán 10:19	G0435	ανηρ	N-NSM	LXX_WH
Dán 10:19	G1939	επιθυμιων	N-GPF	LXX_WH
Dán 10:19	G1515	ειρηνη	N-NSF	LXX_WH
Dán 10:19	G4771	σοι	P-DS	LXX_WH
Dán 10:19	G0407	ανδριζου	V-PMD-2S	LXX_WH
Dán 10:19	G2532	και	CONJ	LXX_WH
Dán 10:19	G2480	ισχυε	V-PAD-2S	LXX_WH
Dán 10:19	G2532	και	CONJ	LXX_WH
Dán 10:19	G1722	εν	PREP	LXX_WH
Dán 10:19	G3588	τω	T-DSN	LXX_WH
Dán 10:19	G2980	λαλησαι	V-AAN	LXX_WH
Dán 10:19	G0846	αυτον	D-ASM	LXX_WH
Dán 10:19	G3326	μετ	PREP	LXX_WH
Dán 10:19	G1473	εμου	P-GS	LXX_WH
Dán 10:19	G2480	ισχυσα	V-AAI-1S	LXX_WH
Dán 10:19	G2532	και	CONJ	LXX_WH
Dán 10:19	G2036	ειπα	V-AAI-1S	ABP-potolt
Dán 10:19	G2980	λαλειτω	V-PAD-3S	LXX_WH
Dán 10:19	G3588	ο	T-NSM	LXX_WH
Dán 10:19	G2962	κυριος	N-NSM	LXX_WH
Dán 10:19	G1473	μου	P-GS	LXX_WH
Dán 10:19	G3754	οτι	CONJ	LXX_WH
Dán 10:19	G1765	ενισχυσας	V-AAI-2S	LXX_WH
Dán 10:19	G1473	με	P-AS	LXX_WH
Dán 10:20	G2532	και	CONJ	LXX_WH
Dán 10:20	G2036	ειπεν	V-AAI-3S	ABP-potolt
Dán 10:20	G1487	ει	CONJ	LXX_WH
Dán 10:20		οιδας	V-RAI-2S	ELTERO_SZOVEGALAP
Dán 10:20	G2443	ινα	CONJ	LXX_WH
Dán 10:20	G5100	τι	I-ASN	LXX_WH
Dán 10:20	G2064	ηλθον	V-AAI-1S	LXX_WH
Dán 10:20	G4314	προς	PREP	LXX_WH
Dán 10:20	G4771	σε	P-AS	LXX_WH
Dán 10:20	G2532	και	CONJ	LXX_WH
Dán 10:20	G3568	νυν	ADV	LXX_WH
Dán 10:20	G1994	επιστρεψω	V-FAI-1S	LXX_WH
Dán 10:20	G3588	του	T-GSN	LXX_WH
Dán 10:20	G4170	πολεμησαι	V-AAN	LXX_WH
Dán 10:20	G3326	μετα	PREP	LXX_WH
Dán 10:20	G0758	αρχοντος	N-GSM	LXX_WH
Dán 10:20		περσων	N-GPM	ELTERO_SZOVEGALAP
Dán 10:20	G2532	και	CONJ	LXX_WH
Dán 10:20	G1473	εγω	P-NS	LXX_WH
Dán 10:20	G1607	εξεπορευομην	V-IMI-1S	LXX_WH
Dán 10:20	G2532	και	CONJ	LXX_WH
Dán 10:20	G3588	ο	T-NSM	LXX_WH
Dán 10:20	G0758	αρχων	N-NSM	LXX_WH
Dán 10:20	G3588	των	T-GPM	LXX_WH
Dán 10:20	G1672	ελληνων	N-GPM	LXX_WH
Dán 10:20	G2064	ηρχετο	V-IMI-3S	LXX_WH
Dán 10:21	G0235	αλλ	CONJ	LXX_WH
Dán 10:21	G2228	η	CONJ	LXX_WH
Dán 10:21	G0312	αναγγελω	V-FAI-1S	LXX_WH
Dán 10:21	G4771	σοι	P-DS	LXX_WH
Dán 10:21	G3588	το	T-ASN	LXX_WH
Dán 10:21	G1778	εντεταγμενον	V-RMPAS	ABP-potolt
Dán 10:21	G1722	εν	PREP	LXX_WH
Dán 10:21	G1124	γραφη	N-DSF	LXX_WH
Dán 10:21	G0225	αληθειας	N-GSF	LXX_WH
Dán 10:21	G2532	και	CONJ	LXX_WH
Dán 10:21	G3364	ουκ	ADV	LXX_WH
Dán 10:21	G1510	εστιν	V-PAI-3S	LXX_WH
Dán 10:21	G1519	εις	A-NSM	LXX_WH
Dán 10:21		αντεχομενος	V-PMPNS	ELTERO_SZOVEGALAP
Dán 10:21	G3326	μετ	PREP	LXX_WH
Dán 10:21	G1473	εμου	P-GS	LXX_WH
Dán 10:21	G4012	περι	PREP	LXX_WH
Dán 10:21	G3778	τουτων	D-GPM	LXX_WH
Dán 10:21	G0235	αλλ	CONJ	LXX_WH
Dán 10:21	G2228	η	CONJ	LXX_WH
Dán 10:21	G3413	μιχαηλ	N-PRI	LXX_WH
Dán 10:21	G3588	ο	T-NSM	LXX_WH
Dán 10:21	G0758	αρχων	N-NSM	LXX_WH
Dán 10:21	G4771	υμων	P-GP	LXX_WH
Dán 11:1	G2532	και	CONJ	LXX_WH
Dán 11:1	G1473	εγω	P-NS	LXX_WH
Dán 11:1	G1722	εν	PREP	LXX_WH
Dán 11:1	G2094	ετει	N-DSN	LXX_WH
Dán 11:1	G4413	πρωτω	A-DSNS	LXX_WH
Dán 11:1	G2962	κυρου	N-GSM	ABP-potolt
Dán 11:1	G2476	εστην	V-AAI-1S	LXX_WH
Dán 11:1	G1519	εις	PREP	LXX_WH
Dán 11:1	G2904	κρατος	N-ASN	LXX_WH
Dán 11:1	G2532	και	CONJ	LXX_WH
Dán 11:1	G2479	ισχυν	N-ASF	LXX_WH
Dán 11:2	G2532	και	CONJ	LXX_WH
Dán 11:2	G3568	νυν	ADV	LXX_WH
Dán 11:2	G0225	αληθειαν	N-ASF	LXX_WH
Dán 11:2	G0312	αναγγελω	V-FAI-1S	LXX_WH
Dán 11:2	G4771	σοι	P-DS	LXX_WH
Dán 11:2	G2400	ιδου	INJ	LXX_WH
Dán 11:2	G2089	ετι	ADV	LXX_WH
Dán 11:2	G5140	τρεις	A-NPM	LXX_WH
Dán 11:2	G0935	βασιλεις	N-NPM	LXX_WH
Dán 11:2	G0450	αναστησονται	V-FMI-3P	LXX_WH
Dán 11:2	G1722	εν	PREP	LXX_WH
Dán 11:2	G3588	τη	T-DSF	LXX_WH
Dán 11:2	G4069	περσιδι	N-DSF	LXX_WH
Dán 11:2	G2532	και	CONJ	LXX_WH
Dán 11:2	G3588	ο	T-NSM	LXX_WH
Dán 11:2	G5067	τεταρτος	A-NSM	LXX_WH
Dán 11:2	G4147	πλουτησει	V-FAI-3S	LXX_WH
Dán 11:2	G4149	πλουτον	N-ASM	LXX_WH
Dán 11:2	G3173	μεγαν	A-ASM	LXX_WH
Dán 11:2	G3844	παρα	PREP	LXX_WH
Dán 11:2	G3956	παντας	A-APM	LXX_WH
Dán 11:2	G2532	και	CONJ	LXX_WH
Dán 11:2	G3326	μετα	PREP	LXX_WH
Dán 11:2	G3588	το	T-ASN	LXX_WH
Dán 11:2	G2902	κρατησαι	V-AAN	LXX_WH
Dán 11:2	G0846	αυτον	D-ASM	LXX_WH
Dán 11:2	G3588	του	T-GSM	LXX_WH
Dán 11:2	G4149	πλουτου	N-GSM	LXX_WH
Dán 11:2	G0846	αυτου	D-GSM	LXX_WH
Dán 11:2		επαναστησεται	V-FMI-3S	ELTERO_SZOVEGALAP
Dán 11:2	G3956	πασαις	A-DPF	LXX_WH
Dán 11:2	G0932	βασιλειαις	N-DPF	LXX_WH
Dán 11:2	G1672	ελληνων	N-GPM	LXX_WH
Dán 11:3	G2532	και	CONJ	LXX_WH
Dán 11:3	G0450	αναστησεται	V-FMI-3S	LXX_WH
Dán 11:3	G0935	βασιλευς	N-NSM	LXX_WH
Dán 11:3	G1415	δυνατος	A-NSM	LXX_WH
Dán 11:3	G2532	και	CONJ	LXX_WH
Dán 11:3	G2961	κυριευσει	V-FAI-3S	LXX_WH
Dán 11:3	G2955	κυριειας	N-GSF	ABP-potolt
Dán 11:3	G4183	πολλης	A-GSF	LXX_WH
Dán 11:3	G2532	και	CONJ	LXX_WH
Dán 11:3	G4160	ποιησει	V-FAI-3S	LXX_WH
Dán 11:3	G2596	κατα	PREP	LXX_WH
Dán 11:3	G3588	το	T-ASN	LXX_WH
Dán 11:3	G2307	θελημα	N-ASN	LXX_WH
Dán 11:3	G0846	αυτου	D-GSM	LXX_WH
Dán 11:4	G2532	και	CONJ	LXX_WH
Dán 11:4	G3739	ως	CONJ	LXX_WH
Dán 11:4	G0302	αν	PRT	LXX_WH
Dán 11:4	G2476	στη	V-AAS-3S	LXX_WH
Dán 11:4	G3588	η	T-NSF	LXX_WH
Dán 11:4	G0932	βασιλεια	N-NSF	LXX_WH
Dán 11:4	G0846	αυτου	D-GSM	LXX_WH
Dán 11:4	G4937	συντριβησεται	V-FPI-3S	LXX_WH
Dán 11:4	G2532	και	CONJ	LXX_WH
Dán 11:4	G1244	διαιρεθησεται	V-FPI-3S	LXX_WH
Dán 11:4	G1519	εις	PREP	LXX_WH
Dán 11:4	G3588	τους	T-APM	LXX_WH
Dán 11:4	G5064	τεσσαρας	A-APM	LXX_WH
Dán 11:4	G0417	ανεμους	N-APM	LXX_WH
Dán 11:4	G3588	του	T-GSM	LXX_WH
Dán 11:4	G3772	ουρανου	N-GSM	LXX_WH
Dán 11:4	G2532	και	CONJ	LXX_WH
Dán 11:4	G3364	ουκ	ADV	LXX_WH
Dán 11:4	G1519	εις	PREP	LXX_WH
Dán 11:4	G3588	τα	T-APN	LXX_WH
Dán 11:4	G2078	εσχατα	A-APN	LXX_WH
Dán 11:4	G0846	αυτου	D-GSM	LXX_WH
Dán 11:4	G3761	ουδε	CONJ	LXX_WH
Dán 11:4	G2596	κατα	PREP	LXX_WH
Dán 11:4	G3588	την	T-ASF	LXX_WH
Dán 11:4		κυριειαν	N-ASF	ELTERO_SZOVEGALAP
Dán 11:4	G0846	αυτου	D-GSM	LXX_WH
Dán 11:4	G3739	ην	R-ASF	LXX_WH
Dán 11:4	G2961	εκυριευσεν	V-AAI-3S	LXX_WH
Dán 11:4	G3754	οτι	CONJ	LXX_WH
Dán 11:4	G1620	εκτιλησεται	V-FMI-3S	ABP-potolt
Dán 11:4	G3588	η	T-NSF	LXX_WH
Dán 11:4	G0932	βασιλεια	N-NSF	LXX_WH
Dán 11:4	G0846	αυτου	D-GSM	LXX_WH
Dán 11:4	G2532	και	CONJ	LXX_WH
Dán 11:4	G2087	ετεροις	A-DPM	LXX_WH
Dán 11:4	G1622	εκτος	PREP	LXX_WH
Dán 11:4	G3778	τουτων	D-GPM	LXX_WH
Dán 11:5	G2532	και	CONJ	LXX_WH
Dán 11:5	G1765	ενισχυσει	V-FAI-3S	LXX_WH
Dán 11:5	G3588	ο	T-NSM	LXX_WH
Dán 11:5	G0935	βασιλευς	N-NSM	LXX_WH
Dán 11:5	G3588	του	T-GSM	LXX_WH
Dán 11:5	G3558	νοτου	N-GSM	LXX_WH
Dán 11:5	G2532	και	CONJ	LXX_WH
Dán 11:5	G1519	εις	A-NSM	LXX_WH
Dán 11:5	G3588	των	T-GPM	LXX_WH
Dán 11:5	G0758	αρχοντων	N-GPM	LXX_WH
Dán 11:5	G0846	αυτου	D-GSM	LXX_WH
Dán 11:5	G1765	ενισχυσει	V-FAI-3S	LXX_WH
Dán 11:5	G1909	επ	PREP	LXX_WH
Dán 11:5	G0846	αυτον	D-ASM	LXX_WH
Dán 11:5	G2532	και	CONJ	LXX_WH
Dán 11:5	G2961	κυριευσει	V-FAI-3S	LXX_WH
Dán 11:5	G2955	κυριειαν	N-ASF	ABP-potolt
Dán 11:5	G4183	πολλην	A-ASF	LXX_WH
Dán 11:5	G1909	επ	PREP	LXX_WH
Dán 11:5	G1849	εξουσιας	N-GSF	LXX_WH
Dán 11:5	G0846	αυτου	D-GSM	LXX_WH
Dán 11:6	G2532	και	CONJ	LXX_WH
Dán 11:6	G3326	μετα	PREP	LXX_WH
Dán 11:6	G3588	τα	T-APN	LXX_WH
Dán 11:6	G2094	ετη	N-APN	LXX_WH
Dán 11:6	G0846	αυτου	D-GSM	LXX_WH
Dán 11:6		συμμειγησονται	V-FPI-3P	ELTERO_SZOVEGALAP
Dán 11:6	G2532	και	CONJ	LXX_WH
Dán 11:6	G2364	θυγατηρ	N-NSF	LXX_WH
Dán 11:6	G0935	βασιλεως	N-GSM	LXX_WH
Dán 11:6	G3588	του	T-GSM	LXX_WH
Dán 11:6	G3558	νοτου	N-GSM	LXX_WH
Dán 11:6	G1525	εισελευσεται	V-FMI-3S	LXX_WH
Dán 11:6	G4314	προς	PREP	LXX_WH
Dán 11:6	G0935	βασιλεα	N-ASM	LXX_WH
Dán 11:6	G3588	του	T-GSM	LXX_WH
Dán 11:6	G1005	βορρα	N-GSM	ABP-potolt
Dán 11:6	G3588	του	T-GSN	LXX_WH
Dán 11:6	G4160	ποιησαι	V-AAN	LXX_WH
Dán 11:6	G4916	συνθηκας	N-APF	ABP-potolt
Dán 11:6	G3326	μετ	PREP	LXX_WH
Dán 11:6	G0846	αυτου	D-GSM	LXX_WH
Dán 11:6	G2532	και	CONJ	LXX_WH
Dán 11:6	G3364	ου	ADV	LXX_WH
Dán 11:6	G2902	κρατησει	V-FAI-3S	LXX_WH
Dán 11:6	G2479	ισχυος	N-GSF	LXX_WH
Dán 11:6	G1023	βραχιονος	N-GSM	LXX_WH
Dán 11:6	G2532	και	CONJ	LXX_WH
Dán 11:6	G3364	ου	ADV	LXX_WH
Dán 11:6	G2476	στησεται	V-FMI-3S	LXX_WH
Dán 11:6	G3588	το	T-NSN	LXX_WH
Dán 11:6	G4690	σπερμα	N-NSN	LXX_WH
Dán 11:6	G0846	αυτου	D-GSM	LXX_WH
Dán 11:6	G2532	και	CONJ	LXX_WH
Dán 11:6	G3860	παραδοθησεται	V-FPI-3S	LXX_WH
Dán 11:6	G0846	αυτη	D-NSF	LXX_WH
Dán 11:6	G2532	και	CONJ	LXX_WH
Dán 11:6	G3588	οι	T-NPM	LXX_WH
Dán 11:6	G5342	φεροντες	V-PAPNP	LXX_WH
Dán 11:6	G0846	αυτην	D-ASF	LXX_WH
Dán 11:6	G2532	και	CONJ	LXX_WH
Dán 11:6	G3588	η	T-NSF	LXX_WH
Dán 11:6		νεανις	N-NSF	
Dán 11:6	G2532	και	CONJ	LXX_WH
Dán 11:6	G3588	ο	T-NSM	LXX_WH
Dán 11:6	G2729	κατισχυων	V-PAPNS	LXX_WH
Dán 11:6	G0846	αυτην	D-ASF	LXX_WH
Dán 11:6	G1722	εν	PREP	LXX_WH
Dán 11:6	G3588	τοις	T-DPM	LXX_WH
Dán 11:6	G2540	καιροις	N-DPM	LXX_WH
Dán 11:7	G2532	και	CONJ	LXX_WH
Dán 11:7	G2476	στησεται	V-FMI-3S	LXX_WH
Dán 11:7	G1537	εκ	PREP	LXX_WH
Dán 11:7	G3588	του	T-GSN	LXX_WH
Dán 11:7	G0438	ανθους	N-GSN	LXX_WH
Dán 11:7	G3588	της	T-GSF	LXX_WH
Dán 11:7		ριζης	N-GSF	ELTERO_SZOVEGALAP
Dán 11:7	G0846	αυτης	D-GSF	LXX_WH
Dán 11:7	G3588	της	T-GSF	LXX_WH
Dán 11:7	G2091	ετοιμασιας	N-GSF	LXX_WH
Dán 11:7	G0846	αυτου	D-GSM	LXX_WH
Dán 11:7	G2532	και	CONJ	LXX_WH
Dán 11:7	G1854	ηξει	V-FAI-3S	LXX_WH
Dán 11:7	G4314	προς	PREP	LXX_WH
Dán 11:7	G3588	την	T-ASF	LXX_WH
Dán 11:7	G1411	δυναμιν	N-ASF	LXX_WH
Dán 11:7	G2532	και	CONJ	LXX_WH
Dán 11:7	G1525	εισελευσεται	V-FMI-3S	LXX_WH
Dán 11:7	G1519	εις	PREP	LXX_WH
Dán 11:7	G3588	τα	T-APN	LXX_WH
Dán 11:7		υποστηριγματα	N-APN	
Dán 11:7	G3588	του	T-GSM	LXX_WH
Dán 11:7	G0935	βασιλεως	N-GSM	LXX_WH
Dán 11:7	G3588	του	T-GSM	LXX_WH
Dán 11:7		βορρα	N-GSM	
Dán 11:7	G2532	και	CONJ	LXX_WH
Dán 11:7	G4160	ποιησει	V-FAI-3S	LXX_WH
Dán 11:7	G1722	εν	PREP	LXX_WH
Dán 11:7	G0846	αυτοις	D-DPM	LXX_WH
Dán 11:7	G2532	και	CONJ	LXX_WH
Dán 11:7	G2729	κατισχυσει	V-FAI-3S	LXX_WH
Dán 11:8	G2532	και	CONJ	LXX_WH
Dán 11:8	G1065	γε	PRT	LXX_WH
Dán 11:8	G3588	τους	T-APM	LXX_WH
Dán 11:8	G2316	θεους	N-APM	LXX_WH
Dán 11:8	G0846	αυτων	D-GPM	LXX_WH
Dán 11:8	G3326	μετα	PREP	LXX_WH
Dán 11:8	G3588	των	T-GPM	LXX_WH
Dán 11:8		χωνευτων	A-GPM	ELTERO_SZOVEGALAP
Dán 11:8	G0846	αυτων	D-GPM	LXX_WH
Dán 11:8	G3956	παν	A-ASN	LXX_WH
Dán 11:8	G4632	σκευος	N-ASN	LXX_WH
Dán 11:8		επιθυμητον	A-ASN	ELTERO_SZOVEGALAP
Dán 11:8	G0846	αυτων	D-GPM	LXX_WH
Dán 11:8	G0694	αργυριου	N-GSN	LXX_WH
Dán 11:8	G2532	και	CONJ	LXX_WH
Dán 11:8	G5553	χρυσιου	N-GSN	LXX_WH
Dán 11:8	G3326	μετα	PREP	LXX_WH
Dán 11:8	G0161	αιχμαλωσιας	N-GSF	LXX_WH
Dán 11:8	G5342	οισει	V-FAI-3S	LXX_WH
Dán 11:8	G1519	εις	PREP	LXX_WH
Dán 11:8	G0125	αιγυπτον	N-ASF	LXX_WH
Dán 11:8	G2532	και	CONJ	LXX_WH
Dán 11:8	G0846	αυτος	D-NSM	LXX_WH
Dán 11:8	G2476	στησεται	V-FMI-3S	LXX_WH
Dán 11:8	G5228	υπερ	PREP	LXX_WH
Dán 11:8	G0935	βασιλεα	N-ASM	LXX_WH
Dán 11:8	G3588	του	T-GSM	LXX_WH
Dán 11:8		βορρα	N-GSM	ELTERO_SZOVEGALAP
Dán 11:9	G2532	και	CONJ	LXX_WH
Dán 11:9	G1525	εισελευσεται	V-FMI-3S	LXX_WH
Dán 11:9	G1519	εις	PREP	LXX_WH
Dán 11:9	G3588	την	T-ASF	LXX_WH
Dán 11:9	G0932	βασιλειαν	N-ASF	LXX_WH
Dán 11:9	G3588	του	T-GSM	LXX_WH
Dán 11:9	G0935	βασιλεως	N-GSM	LXX_WH
Dán 11:9	G3588	του	T-GSM	LXX_WH
Dán 11:9	G3558	νοτου	N-GSM	LXX_WH
Dán 11:9	G2532	και	CONJ	LXX_WH
Dán 11:9	G0390	αναστρεψει	V-FAI-3S	LXX_WH
Dán 11:9	G1519	εις	PREP	LXX_WH
Dán 11:9	G3588	την	T-ASF	LXX_WH
Dán 11:9	G1065	γην	N-ASF	LXX_WH
Dán 11:9	G0846	αυτου	D-GSM	LXX_WH
Dán 11:10	G2532	και	CONJ	LXX_WH
Dán 11:10	G3588	οι	T-NPM	LXX_WH
Dán 11:10	G5207	υιοι	N-NPM	LXX_WH
Dán 11:10	G0846	αυτου	D-GSM	LXX_WH
Dán 11:10	G4863	συναξουσιν	V-FAI-3P	LXX_WH
Dán 11:10	G3793	οχλον	N-ASM	LXX_WH
Dán 11:10	G1411	δυναμεων	N-GPF	LXX_WH
Dán 11:10	G4183	πολλων	A-GPF	LXX_WH
Dán 11:10	G2532	και	CONJ	LXX_WH
Dán 11:10	G2064	ελευσεται	V-FMI-3S	LXX_WH
Dán 11:10	G2064	ερχομενος	V-PMPNS	LXX_WH
Dán 11:10	G2532	και	CONJ	LXX_WH
Dán 11:10	G2626	κατακλυζων	V-PAPNS	LXX_WH
Dán 11:10	G2532	και	CONJ	LXX_WH
Dán 11:10	G3928	παρελευσεται	V-FMI-3S	LXX_WH
Dán 11:10	G2532	και	CONJ	LXX_WH
Dán 11:10	G2524	καθιεται	V-PMI-3S	LXX_WH
Dán 11:10	G2532	και	CONJ	LXX_WH
Dán 11:10	G4850	συμπροσπλακησεται	V-FMI-3S	ABP-potolt
Dán 11:10	G2193	εως	PREP	LXX_WH
Dán 11:10	G3588	της	T-GSF	LXX_WH
Dán 11:10	G2479	ισχυος	N-GSF	LXX_WH
Dán 11:10	G0846	αυτου	D-GSM	LXX_WH
Dán 11:11	G2532	και	CONJ	LXX_WH
Dán 11:11		αγριανθησεται	V-FPI-3S	ELTERO_SZOVEGALAP
Dán 11:11	G0935	βασιλευς	N-NSM	LXX_WH
Dán 11:11	G3588	του	T-GSM	LXX_WH
Dán 11:11	G3558	νοτου	N-GSM	LXX_WH
Dán 11:11	G2532	και	CONJ	LXX_WH
Dán 11:11	G1831	εξελευσεται	V-FMI-3S	LXX_WH
Dán 11:11	G2532	και	CONJ	LXX_WH
Dán 11:11	G4170	πολεμησει	V-FAI-3S	LXX_WH
Dán 11:11	G3326	μετα	PREP	LXX_WH
Dán 11:11	G0935	βασιλεως	N-GSM	LXX_WH
Dán 11:11	G3588	του	T-GSM	LXX_WH
Dán 11:11		βορρα	N-GSM	
Dán 11:11	G2532	και	CONJ	LXX_WH
Dán 11:11	G2476	στησει	V-FAI-3S	LXX_WH
Dán 11:11	G3793	οχλον	N-ASM	LXX_WH
Dán 11:11	G4183	πολυν	A-ASM	LXX_WH
Dán 11:11	G2532	και	CONJ	LXX_WH
Dán 11:11	G3860	παραδοθησεται	V-FPI-3S	LXX_WH
Dán 11:11	G3588	ο	T-NSM	LXX_WH
Dán 11:11	G3793	οχλος	N-NSM	LXX_WH
Dán 11:11	G1722	εν	PREP	LXX_WH
Dán 11:11	G5495	χειρι	N-DSF	LXX_WH
Dán 11:11	G0846	αυτου	D-GSM	LXX_WH
Dán 11:12	G2532	και	CONJ	LXX_WH
Dán 11:12	G2983	λημψεται	V-FMI-3S	LXX_WH
Dán 11:12	G3588	τον	T-ASM	LXX_WH
Dán 11:12	G3793	οχλον	N-ASM	LXX_WH
Dán 11:12	G2532	και	CONJ	LXX_WH
Dán 11:12	G5312	υψωθησεται	V-FPI-3S	LXX_WH
Dán 11:12	G3588	η	T-NSF	LXX_WH
Dán 11:12	G2588	καρδια	N-NSF	LXX_WH
Dán 11:12	G0846	αυτου	D-GSM	LXX_WH
Dán 11:12	G2532	και	CONJ	LXX_WH
Dán 11:12	G2598	καταβαλει	V-FAI-3S	LXX_WH
Dán 11:12	G3461	μυριαδας	N-APF	LXX_WH
Dán 11:12	G2532	και	CONJ	LXX_WH
Dán 11:12	G3364	ου	ADV	LXX_WH
Dán 11:12	G2729	κατισχυσει	V-FAI-3S	LXX_WH
Dán 11:13	G2532	και	CONJ	LXX_WH
Dán 11:13	G1994	επιστρεψει	V-FAI-3S	LXX_WH
Dán 11:13	G0935	βασιλευς	N-NSM	LXX_WH
Dán 11:13	G3588	του	T-GSM	LXX_WH
Dán 11:13		βορρα	N-GSM	
Dán 11:13	G2532	και	CONJ	LXX_WH
Dán 11:13	G0071	αξει	V-FAI-3S	LXX_WH
Dán 11:13	G3793	οχλον	N-ASM	LXX_WH
Dán 11:13	G4183	πολυν	A-ASM	LXX_WH
Dán 11:13	G5228	υπερ	PREP	LXX_WH
Dán 11:13	G3588	τον	T-ASM	LXX_WH
Dán 11:13	G4387	προτερον	A-ASM	LXX_WH
Dán 11:13	G2532	και	CONJ	LXX_WH
Dán 11:13	G1519	εις	PREP	LXX_WH
Dán 11:13	G3588	το	T-ASN	LXX_WH
Dán 11:13	G5056	τελος	N-ASN	LXX_WH
Dán 11:13	G3588	των	T-GPM	LXX_WH
Dán 11:13	G2540	καιρων	N-GPM	LXX_WH
Dán 11:13	G1763	ενιαυτων	N-GPM	LXX_WH
Dán 11:13		επελευσεται	V-FMI-3S	ELTERO_SZOVEGALAP
Dán 11:13		εισοδια	N-NPN	ELTERO_SZOVEGALAP
Dán 11:13	G1722	εν	PREP	LXX_WH
Dán 11:13	G1411	δυναμει	N-DSF	LXX_WH
Dán 11:13	G3173	μεγαλη	A-DSF	LXX_WH
Dán 11:13	G2532	και	CONJ	LXX_WH
Dán 11:13	G1722	εν	PREP	LXX_WH
Dán 11:13	G5223	υπαρξει	N-DSF	LXX_WH
Dán 11:13	G4183	πολλη	A-DSF	LXX_WH
Dán 11:14	G2532	και	CONJ	LXX_WH
Dán 11:14	G1722	εν	PREP	LXX_WH
Dán 11:14	G3588	τοις	T-DPM	LXX_WH
Dán 11:14	G2540	καιροις	N-DPM	LXX_WH
Dán 11:14	G1565	εκεινοις	D-DPM	LXX_WH
Dán 11:14	G4183	πολλοι	A-NPM	LXX_WH
Dán 11:14	G1881	επαναστησονται	V-FMI-3P	ABP-potolt
Dán 11:14	G1909	επι	PREP	LXX_WH
Dán 11:14	G0935	βασιλεα	N-ASM	LXX_WH
Dán 11:14	G3588	του	T-GSM	LXX_WH
Dán 11:14	G3558	νοτου	N-GSM	LXX_WH
Dán 11:14	G2532	και	CONJ	LXX_WH
Dán 11:14	G3588	οι	T-NPM	LXX_WH
Dán 11:14	G5207	υιοι	N-NPM	LXX_WH
Dán 11:14	G3588	των	T-GPM	LXX_WH
Dán 11:14	G3061	λοιμων	A-GPM	LXX_WH
Dán 11:14	G3588	του	T-GSM	LXX_WH
Dán 11:14	G2992	λαου	N-GSM	LXX_WH
Dán 11:14	G4771	σου	P-GS	LXX_WH
Dán 11:14		επαρθησονται	V-FPI-3P	ELTERO_SZOVEGALAP
Dán 11:14	G3588	του	T-GSN	LXX_WH
Dán 11:14	G2476	στησαι	V-AAN	LXX_WH
Dán 11:14	G3706	ορασιν	N-ASF	LXX_WH
Dán 11:14	G2532	και	CONJ	LXX_WH
Dán 11:14	G0770	ασθενησουσιν	V-FAI-3P	LXX_WH
Dán 11:15	G2532	και	CONJ	LXX_WH
Dán 11:15	G1525	εισελευσεται	V-FMI-3S	LXX_WH
Dán 11:15	G0935	βασιλευς	N-NSM	LXX_WH
Dán 11:15	G3588	του	T-GSM	LXX_WH
Dán 11:15		βορρα	N-GSM	
Dán 11:15	G2532	και	CONJ	LXX_WH
Dán 11:15	G1632	εκχεει	V-FAI-3S	LXX_WH
Dán 11:15	G4378	προσχωμα	N-ASN	ABP-potolt
Dán 11:15	G2532	και	CONJ	LXX_WH
Dán 11:15	G4815	συλλημψεται	V-FMI-3S	LXX_WH
Dán 11:15	G4172	πολεις	N-APF	LXX_WH
Dán 11:15	G3793	οχυρας	A-APF	ABP-potolt
Dán 11:15	G2532	και	CONJ	LXX_WH
Dán 11:15	G3588	οι	T-NPM	LXX_WH
Dán 11:15	G1023	βραχιονες	N-NPM	LXX_WH
Dán 11:15	G3588	του	T-GSM	LXX_WH
Dán 11:15	G0935	βασιλεως	N-GSM	LXX_WH
Dán 11:15	G3588	του	T-GSM	LXX_WH
Dán 11:15	G3558	νοτου	N-GSM	LXX_WH
Dán 11:15	G3364	ου	ADV	LXX_WH
Dán 11:15	G2476	στησονται	V-FMI-3P	LXX_WH
Dán 11:15	G2532	και	CONJ	LXX_WH
Dán 11:15	G0450	αναστησονται	V-FMI-3P	LXX_WH
Dán 11:15	G3588	οι	T-NPM	LXX_WH
Dán 11:15	G1588	εκλεκτοι	A-NPM	LXX_WH
Dán 11:15	G0846	αυτου	D-GSM	LXX_WH
Dán 11:15	G2532	και	CONJ	LXX_WH
Dán 11:15	G3364	ουκ	ADV	LXX_WH
Dán 11:15	G1510	εσται	V-FMI-3S	LXX_WH
Dán 11:15	G2479	ισχυς	N-NSF	LXX_WH
Dán 11:15	G3588	του	T-GSN	LXX_WH
Dán 11:15	G2476	στηναι	V-AAN	LXX_WH
Dán 11:16	G2532	και	CONJ	LXX_WH
Dán 11:16	G4160	ποιησει	V-FAI-3S	LXX_WH
Dán 11:16	G3588	ο	T-NSM	LXX_WH
Dán 11:16	G1531	εισπορευομενος	V-PMPNS	LXX_WH
Dán 11:16	G4314	προς	PREP	LXX_WH
Dán 11:16	G0846	αυτον	D-ASM	LXX_WH
Dán 11:16	G2596	κατα	PREP	LXX_WH
Dán 11:16	G3588	το	T-ASN	LXX_WH
Dán 11:16	G2307	θελημα	N-ASN	LXX_WH
Dán 11:16	G0846	αυτου	D-GSM	LXX_WH
Dán 11:16	G2532	και	CONJ	LXX_WH
Dán 11:16	G3364	ουκ	ADV	LXX_WH
Dán 11:16	G1510	εστιν	V-PAI-3S	LXX_WH
Dán 11:16	G2476	εστως	V-RAPNS	LXX_WH
Dán 11:16	G2596	κατα	PREP	LXX_WH
Dán 11:16	G4383	προσωπον	N-ASN	LXX_WH
Dán 11:16	G0846	αυτου	D-GSM	LXX_WH
Dán 11:16	G2532	και	CONJ	LXX_WH
Dán 11:16	G2476	στησεται	V-FMI-3S	LXX_WH
Dán 11:16	G1722	εν	PREP	LXX_WH
Dán 11:16	G1065	γη	N-DSF	LXX_WH
Dán 11:16	G3588	του	T-GS	LXX_WH
Dán 11:16		σαβι	N-PRI	
Dán 11:16	G2532	και	CONJ	LXX_WH
Dán 11:16	G4931	συντελεσθησεται	V-FPI-3S	LXX_WH
Dán 11:16	G1722	εν	PREP	LXX_WH
Dán 11:16	G3588	τη	T-DSF	LXX_WH
Dán 11:16	G5495	χειρι	N-DSF	LXX_WH
Dán 11:16	G0846	αυτου	D-GSM	LXX_WH
Dán 11:17	G2532	και	CONJ	LXX_WH
Dán 11:17	G5021	ταξει	V-FAI-3S	LXX_WH
Dán 11:17	G3588	το	T-ASN	LXX_WH
Dán 11:17	G4383	προσωπον	N-ASN	LXX_WH
Dán 11:17	G0846	αυτου	D-GSM	LXX_WH
Dán 11:17	G1525	εισελθειν	V-AAN	LXX_WH
Dán 11:17	G1722	εν	PREP	LXX_WH
Dán 11:17	G2479	ισχυι	N-DSF	LXX_WH
Dán 11:17	G3956	πασης	A-GSF	LXX_WH
Dán 11:17	G3588	της	T-GSF	LXX_WH
Dán 11:17	G0932	βασιλειας	N-GSF	LXX_WH
Dán 11:17	G0846	αυτου	D-GSM	LXX_WH
Dán 11:17	G2532	και	CONJ	LXX_WH
Dán 11:17	G2117	ευθεια	A-NSF	LXX_WH
Dán 11:17	G3956	παντα	A-NPN	LXX_WH
Dán 11:17	G3326	μετ	PREP	LXX_WH
Dán 11:17	G0846	αυτου	D-GSM	LXX_WH
Dán 11:17	G4160	ποιησει	V-FAI-3S	LXX_WH
Dán 11:17	G2532	και	CONJ	LXX_WH
Dán 11:17	G2364	θυγατερα	N-ASF	LXX_WH
Dán 11:17	G3588	των	T-GPF	LXX_WH
Dán 11:17	G1135	γυναικων	N-GPF	LXX_WH
Dán 11:17	G1325	δωσει	V-FAI-3S	LXX_WH
Dán 11:17	G0846	αυτω	D-DSM	LXX_WH
Dán 11:17	G3588	του	T-GSN	LXX_WH
Dán 11:17	G1311	διαφθειραι	V-AAN	LXX_WH
Dán 11:17	G0846	αυτην	D-ASF	LXX_WH
Dán 11:17	G2532	και	CONJ	LXX_WH
Dán 11:17	G3364	ου	ADV	LXX_WH
Dán 11:17	G3165	μη	ADV	LXX_WH
Dán 11:17	G3887	παραμεινη	V-AAS-3S	LXX_WH
Dán 11:17	G2532	και	CONJ	LXX_WH
Dán 11:17	G3364	ουκ	ADV	LXX_WH
Dán 11:17	G0846	αυτω	D-DSM	LXX_WH
Dán 11:17	G1510	εσται	V-FMI-3S	LXX_WH
Dán 11:18	G2532	και	CONJ	LXX_WH
Dán 11:18	G1994	επιστρεψει	V-FAI-3S	LXX_WH
Dán 11:18	G3588	το	T-ASN	LXX_WH
Dán 11:18	G4383	προσωπον	N-ASN	LXX_WH
Dán 11:18	G0846	αυτου	D-GSM	LXX_WH
Dán 11:18	G1519	εις	PREP	LXX_WH
Dán 11:18	G3588	τας	T-APF	LXX_WH
Dán 11:18	G3520	νησους	N-APF	LXX_WH
Dán 11:18	G2532	και	CONJ	LXX_WH
Dán 11:18	G4815	συλλημψεται	V-FMI-3S	LXX_WH
Dán 11:18	G4183	πολλας	A-APF	LXX_WH
Dán 11:18	G2532	και	CONJ	LXX_WH
Dán 11:18	G2664	καταπαυσει	V-FAI-3S	LXX_WH
Dán 11:18	G0758	αρχοντας	N-APM	LXX_WH
Dán 11:18	G3680	ονειδισμου	N-GSM	LXX_WH
Dán 11:18	G0846	αυτων	D-GPM	LXX_WH
Dán 11:18	G4133	πλην	ADV	LXX_WH
Dán 11:18	G3680	ονειδισμος	N-NSM	LXX_WH
Dán 11:18	G0846	αυτου	D-GSM	LXX_WH
Dán 11:18	G1994	επιστρεψει	V-FAI-3S	LXX_WH
Dán 11:18	G0846	αυτω	D-DSM	LXX_WH
Dán 11:19	G2532	και	CONJ	LXX_WH
Dán 11:19	G1994	επιστρεψει	V-FAI-3S	LXX_WH
Dán 11:19	G3588	το	T-ASN	LXX_WH
Dán 11:19	G4383	προσωπον	N-ASN	LXX_WH
Dán 11:19	G0846	αυτου	D-GSM	LXX_WH
Dán 11:19	G1519	εις	PREP	LXX_WH
Dán 11:19	G3588	την	T-ASF	LXX_WH
Dán 11:19	G2479	ισχυν	N-ASF	LXX_WH
Dán 11:19	G3588	της	T-GSF	LXX_WH
Dán 11:19	G1065	γης	N-GSF	LXX_WH
Dán 11:19	G0846	αυτου	D-GSM	LXX_WH
Dán 11:19	G2532	και	CONJ	LXX_WH
Dán 11:19	G0770	ασθενησει	V-FAI-3S	LXX_WH
Dán 11:19	G2532	και	CONJ	LXX_WH
Dán 11:19	G4098	πεσειται	V-FMI-3S	LXX_WH
Dán 11:19	G2532	και	CONJ	LXX_WH
Dán 11:19	G3364	ουχ	ADV	LXX_WH
Dán 11:19	G2147	ευρεθησεται	V-FPI-3S	LXX_WH
Dán 11:20	G2532	και	CONJ	LXX_WH
Dán 11:20	G0450	αναστησεται	V-FMI-3S	LXX_WH
Dán 11:20	G1537	εκ	PREP	LXX_WH
Dán 11:20	G3588	της	T-GSF	LXX_WH
Dán 11:20		ριζης	N-GSF	ELTERO_SZOVEGALAP
Dán 11:20	G0846	αυτου	D-GSM	LXX_WH
Dán 11:20		φυτον	N-NSN	ELTERO_SZOVEGALAP
Dán 11:20	G0932	βασιλειας	N-GSF	LXX_WH
Dán 11:20	G1909	επι	PREP	LXX_WH
Dán 11:20	G3588	την	T-ASF	LXX_WH
Dán 11:20	G2091	ετοιμασιαν	N-ASF	LXX_WH
Dán 11:20	G0846	αυτου	D-GSM	LXX_WH
Dán 11:20		παραβιβαζων	V-PAPNS	ELTERO_SZOVEGALAP
Dán 11:20	G4238	πρασσων	V-PAPNS	LXX_WH
Dán 11:20	G1391	δοξαν	N-ASF	LXX_WH
Dán 11:20	G0932	βασιλειας	N-GSF	LXX_WH
Dán 11:20	G2532	και	CONJ	LXX_WH
Dán 11:20	G1722	εν	PREP	LXX_WH
Dán 11:20	G3588	ταις	T-DPF	LXX_WH
Dán 11:20	G2250	ημεραις	N-DPF	LXX_WH
Dán 11:20	G1565	εκειναις	D-DPF	LXX_WH
Dán 11:20	G4937	συντριβησεται	V-FPI-3S	LXX_WH
Dán 11:20	G2532	και	CONJ	LXX_WH
Dán 11:20	G3364	ουκ	ADV	LXX_WH
Dán 11:20	G1722	εν	PREP	LXX_WH
Dán 11:20	G4383	προσωποις	N-DPN	LXX_WH
Dán 11:20	G3761	ουδε	CONJ	LXX_WH
Dán 11:20	G1722	εν	PREP	LXX_WH
Dán 11:20	G4171	πολεμω	N-DSM	LXX_WH
Dán 11:21	G2476	στησεται	V-FMI-3S	LXX_WH
Dán 11:21	G1909	επι	PREP	LXX_WH
Dán 11:21	G3588	την	T-ASF	LXX_WH
Dán 11:21	G2091	ετοιμασιαν	N-ASF	LXX_WH
Dán 11:21	G0846	αυτου	D-GSM	LXX_WH
Dán 11:21	G1847	εξουδενωθη	V-API-3S	LXX_WH
Dán 11:21	G2532	και	CONJ	LXX_WH
Dán 11:21	G3364	ουκ	ADV	LXX_WH
Dán 11:21	G1325	εδωκαν	V-AAI-3P	LXX_WH
Dán 11:21	G1909	επ	PREP	LXX_WH
Dán 11:21	G0846	αυτον	D-ASM	LXX_WH
Dán 11:21	G1391	δοξαν	N-ASF	LXX_WH
Dán 11:21	G0932	βασιλειας	N-GSF	LXX_WH
Dán 11:21	G2532	και	CONJ	LXX_WH
Dán 11:21	G1854	ηξει	V-FAI-3S	LXX_WH
Dán 11:21	G1722	εν	PREP	LXX_WH
Dán 11:21	G2112	ευθηνια	N-DSF	ABP-potolt
Dán 11:21	G2532	και	CONJ	LXX_WH
Dán 11:21	G2729	κατισχυσει	V-FAI-3S	LXX_WH
Dán 11:21	G0932	βασιλειας	N-GSF	LXX_WH
Dán 11:21	G1722	εν	PREP	LXX_WH
Dán 11:21	G3643	ολισθρημασιν	N-DPN	ABP-potolt
Dán 11:22	G2532	και	CONJ	LXX_WH
Dán 11:22	G1023	βραχιονες	N-NPM	LXX_WH
Dán 11:22	G3588	του	T-GSM	LXX_WH
Dán 11:22	G2626	κατακλυζοντος	V-PAPGS	LXX_WH
Dán 11:22	G2626	κατακλυσθησονται	V-FPI-3P	LXX_WH
Dán 11:22	G0575	απο	PREP	LXX_WH
Dán 11:22	G4383	προσωπου	N-GSN	LXX_WH
Dán 11:22	G0846	αυτου	D-GSM	LXX_WH
Dán 11:22	G2532	και	CONJ	LXX_WH
Dán 11:22	G4937	συντριβησονται	V-FPI-3P	LXX_WH
Dán 11:22	G2532	και	CONJ	LXX_WH
Dán 11:22	G2233	ηγουμενος	V-PMPNS	LXX_WH
Dán 11:22	G1242	διαθηκης	N-GSF	LXX_WH
Dán 11:23	G2532	και	CONJ	LXX_WH
Dán 11:23	G0575	απο	PREP	LXX_WH
Dán 11:23	G3588	των	T-GPF	LXX_WH
Dán 11:23	G4874	συναναμειξεων	N-GPF	ABP-potolt
Dán 11:23	G4314	προς	PREP	LXX_WH
Dán 11:23	G0846	αυτον	D-ASM	LXX_WH
Dán 11:23	G4160	ποιησει	V-FAI-3S	LXX_WH
Dán 11:23	G1388	δολον	N-ASM	LXX_WH
Dán 11:23	G2532	και	CONJ	LXX_WH
Dán 11:23	G0305	αναβησεται	V-FMI-3S	LXX_WH
Dán 11:23	G2532	και	CONJ	LXX_WH
Dán 11:23		υπερισχυσει	V-FAI-3S	ELTERO_SZOVEGALAP
Dán 11:23	G0846	αυτου	D-GSM	LXX_WH
Dán 11:23	G1722	εν	PREP	LXX_WH
Dán 11:23	G3641	ολιγω	A-DSN	LXX_WH
Dán 11:23	G1484	εθνει	N-DSN	LXX_WH
Dán 11:24	G2532	και	CONJ	LXX_WH
Dán 11:24	G1722	εν	PREP	LXX_WH
Dán 11:24	G2112	ευθηνια	N-DSF	ABP-potolt
Dán 11:24	G2532	και	CONJ	LXX_WH
Dán 11:24	G1722	εν	PREP	LXX_WH
Dán 11:24	G4104	πιοσιν	A-DPF	ABP-potolt
Dán 11:24	G5561	χωραις	N-DPF	LXX_WH
Dán 11:24	G1854	ηξει	V-FAI-3S	LXX_WH
Dán 11:24	G2532	και	CONJ	LXX_WH
Dán 11:24	G4160	ποιησει	V-FAI-3S	LXX_WH
Dán 11:24	G3739	α	R-APN	LXX_WH
Dán 11:24	G3364	ουκ	ADV	LXX_WH
Dán 11:24	G4160	εποιησαν	V-AAI-3P	LXX_WH
Dán 11:24	G3588	οι	T-NPM	LXX_WH
Dán 11:24	G3962	πατερες	N-NPM	LXX_WH
Dán 11:24	G0846	αυτου	D-GSM	LXX_WH
Dán 11:24	G2532	και	CONJ	LXX_WH
Dán 11:24	G3588	οι	T-NPM	LXX_WH
Dán 11:24	G3962	πατερες	N-NPM	LXX_WH
Dán 11:24	G3588	των	T-GPM	LXX_WH
Dán 11:24	G3962	πατερων	N-GPM	LXX_WH
Dán 11:24	G0846	αυτου	D-GSM	LXX_WH
Dán 11:24		προνομην	N-ASF	ELTERO_SZOVEGALAP
Dán 11:24	G2532	και	CONJ	LXX_WH
Dán 11:24	G4661	σκυλα	N-APN	LXX_WH
Dán 11:24	G2532	και	CONJ	LXX_WH
Dán 11:24	G5223	υπαρξιν	N-ASF	LXX_WH
Dán 11:24	G0846	αυτοις	D-DPM	LXX_WH
Dán 11:24	G1287	διασκορπιει	V-FAI-3S	LXX_WH
Dán 11:24	G2532	και	CONJ	LXX_WH
Dán 11:24	G1909	επ	PREP	LXX_WH
Dán 11:24	G0125	αιγυπτον	N-ASF	LXX_WH
Dán 11:24	G3049	λογιειται	V-FMI-3S	LXX_WH
Dán 11:24	G3053	λογισμους	N-APM	LXX_WH
Dán 11:24	G0846	αυτου	D-GSM	LXX_WH
Dán 11:24	G2532	και	CONJ	LXX_WH
Dán 11:24	G2193	εως	PREP	LXX_WH
Dán 11:24	G2540	καιρου	N-GSM	LXX_WH
Dán 11:25	G2532	και	CONJ	LXX_WH
Dán 11:25	G1825	εξεγερθησεται	V-FPI-3S	LXX_WH
Dán 11:25	G3588	η	T-NSF	LXX_WH
Dán 11:25	G2479	ισχυς	N-NSF	LXX_WH
Dán 11:25	G0846	αυτου	D-GSM	LXX_WH
Dán 11:25	G2532	και	CONJ	LXX_WH
Dán 11:25	G3588	η	T-NSF	LXX_WH
Dán 11:25	G2588	καρδια	N-NSF	LXX_WH
Dán 11:25	G0846	αυτου	D-GSM	LXX_WH
Dán 11:25	G1909	επι	PREP	LXX_WH
Dán 11:25	G0935	βασιλεα	N-ASM	LXX_WH
Dán 11:25	G3588	του	T-GSM	LXX_WH
Dán 11:25	G3558	νοτου	N-GSM	LXX_WH
Dán 11:25	G1722	εν	PREP	LXX_WH
Dán 11:25	G1411	δυναμει	N-DSF	LXX_WH
Dán 11:25	G3173	μεγαλη	A-DSF	LXX_WH
Dán 11:25	G2532	και	CONJ	LXX_WH
Dán 11:25	G3588	ο	T-NSM	LXX_WH
Dán 11:25	G0935	βασιλευς	N-NSM	LXX_WH
Dán 11:25	G3588	του	T-GSM	LXX_WH
Dán 11:25	G3558	νοτου	N-GSM	LXX_WH
Dán 11:25	G4882	συναψει	V-FAI-3S	ABP-potolt
Dán 11:25	G4171	πολεμον	N-ASM	LXX_WH
Dán 11:25	G1722	εν	PREP	LXX_WH
Dán 11:25	G1411	δυναμει	N-DSF	LXX_WH
Dán 11:25	G3173	μεγαλη	A-DSF	LXX_WH
Dán 11:25	G2532	και	CONJ	LXX_WH
Dán 11:25	G2478	ισχυρα	A-DSF	LXX_WH
Dán 11:25	G4970	σφοδρα	ADV	LXX_WH
Dán 11:25	G2532	και	CONJ	LXX_WH
Dán 11:25	G3364	ου	ADV	LXX_WH
Dán 11:25	G2476	στησεται	V-FMI-3S	LXX_WH
Dán 11:25	G3754	οτι	CONJ	LXX_WH
Dán 11:25	G3049	λογιουνται	V-FMI-3P	LXX_WH
Dán 11:25	G1909	επ	PREP	LXX_WH
Dán 11:25	G0846	αυτον	D-ASM	LXX_WH
Dán 11:25	G3053	λογισμους	N-APM	LXX_WH
Dán 11:26	G2532	και	CONJ	LXX_WH
Dán 11:26	G2068	φαγονται	V-FMI-3P	LXX_WH
Dán 11:26	G3588	τα	T-APN	LXX_WH
Dán 11:26	G1210	δεοντα	V-PAPAP	LXX_WH
Dán 11:26	G0846	αυτου	D-GSM	LXX_WH
Dán 11:26	G2532	και	CONJ	LXX_WH
Dán 11:26	G4937	συντριψουσιν	V-FAI-3P	LXX_WH
Dán 11:26	G0846	αυτον	D-ASM	LXX_WH
Dán 11:26	G2532	και	CONJ	LXX_WH
Dán 11:26	G1411	δυναμεις	N-APF	LXX_WH
Dán 11:26	G2626	κατακλυσει	V-FAI-3S	LXX_WH
Dán 11:26	G2532	και	CONJ	LXX_WH
Dán 11:26	G4098	πεσουνται	V-FMI-3P	LXX_WH
Dán 11:26	G5134	τραυματιαι	N-NPM	ABP-potolt
Dán 11:26	G4183	πολλοι	A-NPM	LXX_WH
Dán 11:27	G2532	και	CONJ	LXX_WH
Dán 11:27	G0297	αμφοτεροι	A-NPM	ABP-potolt
Dán 11:27	G3588	οι	T-NPM	LXX_WH
Dán 11:27	G0935	βασιλεις	N-NPM	LXX_WH
Dán 11:27	G3588	αι	T-NPF	LXX_WH
Dán 11:27	G2588	καρδιαι	N-NPF	LXX_WH
Dán 11:27	G0846	αυτων	D-GPM	LXX_WH
Dán 11:27	G1519	εις	PREP	LXX_WH
Dán 11:27	G4189	πονηριαν	N-ASF	LXX_WH
Dán 11:27	G2532	και	CONJ	LXX_WH
Dán 11:27	G1909	επι	PREP	LXX_WH
Dán 11:27	G5132	τραπεζη	N-DSF	LXX_WH
Dán 11:27	G1519	μια	A-DSF	LXX_WH
Dán 11:27	G5571	ψευδη	A-APN	LXX_WH
Dán 11:27	G2980	λαλησουσιν	V-FAI-3P	LXX_WH
Dán 11:27	G2532	και	CONJ	LXX_WH
Dán 11:27	G3364	ου	ADV	LXX_WH
Dán 11:27	G2720	κατευθυνει	V-FAI-3S	LXX_WH
Dán 11:27	G3754	οτι	CONJ	LXX_WH
Dán 11:27	G2089	ετι	ADV	LXX_WH
Dán 11:27	G4009	περας	N-NSN	LXX_WH
Dán 11:27	G1519	εις	PREP	LXX_WH
Dán 11:27	G2540	καιρον	N-ASM	LXX_WH
Dán 11:28	G2532	και	CONJ	LXX_WH
Dán 11:28	G1994	επιστρεψει	V-FAI-3S	LXX_WH
Dán 11:28	G1519	εις	PREP	LXX_WH
Dán 11:28	G3588	την	T-ASF	LXX_WH
Dán 11:28	G1065	γην	N-ASF	LXX_WH
Dán 11:28	G0846	αυτου	D-GSM	LXX_WH
Dán 11:28	G1722	εν	PREP	LXX_WH
Dán 11:28	G5223	υπαρξει	N-DSF	LXX_WH
Dán 11:28	G4183	πολλη	A-DSF	LXX_WH
Dán 11:28	G2532	και	CONJ	LXX_WH
Dán 11:28	G3588	η	T-NSF	LXX_WH
Dán 11:28	G2588	καρδια	N-NSF	LXX_WH
Dán 11:28	G0846	αυτου	D-GSM	LXX_WH
Dán 11:28	G1909	επι	PREP	LXX_WH
Dán 11:28	G1242	διαθηκην	N-ASF	LXX_WH
Dán 11:28	G0040	αγιαν	A-ASF	LXX_WH
Dán 11:28	G2532	και	CONJ	LXX_WH
Dán 11:28	G4160	ποιησει	V-FAI-3S	LXX_WH
Dán 11:28	G2532	και	CONJ	LXX_WH
Dán 11:28	G1994	επιστρεψει	V-FAI-3S	LXX_WH
Dán 11:28	G1519	εις	PREP	LXX_WH
Dán 11:28	G3588	την	T-ASF	LXX_WH
Dán 11:28	G1065	γην	N-ASF	LXX_WH
Dán 11:28	G0846	αυτου	D-GSM	LXX_WH
Dán 11:29	G1519	εις	PREP	LXX_WH
Dán 11:29	G3588	τον	T-ASM	LXX_WH
Dán 11:29	G2540	καιρον	N-ASM	LXX_WH
Dán 11:29	G1994	επιστρεψει	V-FAI-3S	LXX_WH
Dán 11:29	G2532	και	CONJ	LXX_WH
Dán 11:29	G1854	ηξει	V-FAI-3S	LXX_WH
Dán 11:29	G1722	εν	PREP	LXX_WH
Dán 11:29	G3588	τω	T-DSM	LXX_WH
Dán 11:29	G3558	νοτω	N-DSM	LXX_WH
Dán 11:29	G2532	και	CONJ	LXX_WH
Dán 11:29	G3364	ουκ	ADV	LXX_WH
Dán 11:29	G1510	εσται	V-FMI-3S	LXX_WH
Dán 11:29	G3739	ως	CONJ	LXX_WH
Dán 11:29	G3588	η	T-NSF	LXX_WH
Dán 11:29	G4413	πρωτη	A-NSFS	LXX_WH
Dán 11:29	G2532	και	CONJ	LXX_WH
Dán 11:29	G3739	ως	CONJ	LXX_WH
Dán 11:29	G3588	η	T-NSF	LXX_WH
Dán 11:29	G2078	εσχατη	A-NSF	LXX_WH
Dán 11:30	G2532	και	CONJ	LXX_WH
Dán 11:30	G1525	εισελευσονται	V-FMI-3P	LXX_WH
Dán 11:30	G1722	εν	PREP	LXX_WH
Dán 11:30	G0846	αυτω	D-DSM	LXX_WH
Dán 11:30	G3588	οι	T-NPM	LXX_WH
Dán 11:30	G1607	εκπορευομενοι	V-PMPNP	LXX_WH
Dán 11:30		κιτιοι	N-NPM	ELTERO_SZOVEGALAP
Dán 11:30	G2532	και	CONJ	LXX_WH
Dán 11:30	G5013	ταπεινωθησεται	V-FPI-3S	LXX_WH
Dán 11:30	G2532	και	CONJ	LXX_WH
Dán 11:30	G1994	επιστρεψει	V-FAI-3S	LXX_WH
Dán 11:30	G2532	και	CONJ	LXX_WH
Dán 11:30	G2373	θυμωθησεται	V-FPI-3S	LXX_WH
Dán 11:30	G1909	επι	PREP	LXX_WH
Dán 11:30	G1242	διαθηκην	N-ASF	LXX_WH
Dán 11:30	G0040	αγιαν	A-ASF	LXX_WH
Dán 11:30	G2532	και	CONJ	LXX_WH
Dán 11:30	G4160	ποιησει	V-FAI-3S	LXX_WH
Dán 11:30	G2532	και	CONJ	LXX_WH
Dán 11:30	G1994	επιστρεψει	V-FAI-3S	LXX_WH
Dán 11:30	G2532	και	CONJ	LXX_WH
Dán 11:30	G4920	συνησει	V-FAI-3S	LXX_WH
Dán 11:30	G1909	επι	PREP	LXX_WH
Dán 11:30	G3588	τους	T-APM	LXX_WH
Dán 11:30	G2641	καταλιποντας	V-AAPAP	LXX_WH
Dán 11:30	G1242	διαθηκην	N-ASF	LXX_WH
Dán 11:30	G0040	αγιαν	A-ASF	LXX_WH
Dán 11:31	G2532	και	CONJ	LXX_WH
Dán 11:31	G4690	σπερματα	N-NPN	LXX_WH
Dán 11:31	G1537	εξ	PREP	LXX_WH
Dán 11:31	G0846	αυτου	D-GSM	LXX_WH
Dán 11:31	G0450	αναστησονται	V-FMI-3P	LXX_WH
Dán 11:31	G2532	και	CONJ	LXX_WH
Dán 11:31	G0953	βεβηλωσουσιν	V-FAI-3P	LXX_WH
Dán 11:31	G3588	το	T-ASN	LXX_WH
Dán 11:31	G0037	αγιασμα	N-ASN	ABP-potolt
Dán 11:31	G3588	της	T-GSF	LXX_WH
Dán 11:31		δυναστειας	N-GSF	
Dán 11:31	G2532	και	CONJ	LXX_WH
Dán 11:31	G3179	μεταστησουσιν	V-FAI-3P	LXX_WH
Dán 11:31	G3588	τον	T-ASM	LXX_WH
Dán 11:31		ενδελεχισμον	N-ASM	
Dán 11:31	G2532	και	CONJ	LXX_WH
Dán 11:31	G1325	δωσουσιν	V-FAI-3P	LXX_WH
Dán 11:31	G0946	βδελυγμα	N-ASN	LXX_WH
Dán 11:31	G0853	ηφανισμενον	V-RMPAS	ABP-potolt
Dán 11:32	G2532	και	CONJ	LXX_WH
Dán 11:32	G3588	οι	T-NPM	LXX_WH
Dán 11:32	G0457	ανομουντες	V-PAPNP	ABP-potolt
Dán 11:32	G1242	διαθηκην	N-ASF	LXX_WH
Dán 11:32	G1863	επαξουσιν	V-FAI-3P	ABP-potolt
Dán 11:32	G1722	εν	PREP	LXX_WH
Dán 11:32	G3643	ολισθρημασιν	N-DPN	ABP-potolt
Dán 11:32	G2532	και	CONJ	LXX_WH
Dán 11:32	G2992	λαος	N-NSM	LXX_WH
Dán 11:32	G1097	γινωσκοντες	V-PAPNP	LXX_WH
Dán 11:32	G2316	θεον	N-ASM	LXX_WH
Dán 11:32	G0846	αυτου	D-GSM	LXX_WH
Dán 11:32	G2729	κατισχυσουσιν	V-FAI-3P	LXX_WH
Dán 11:32	G2532	και	CONJ	LXX_WH
Dán 11:32	G4160	ποιησουσιν	V-FAI-3P	LXX_WH
Dán 11:33	G2532	και	CONJ	LXX_WH
Dán 11:33	G3588	οι	T-NPM	LXX_WH
Dán 11:33	G4908	συνετοι	A-NPM	LXX_WH
Dán 11:33	G3588	του	T-GSM	LXX_WH
Dán 11:33	G2992	λαου	N-GSM	LXX_WH
Dán 11:33	G4920	συνησουσιν	V-FAI-3P	LXX_WH
Dán 11:33	G1519	εις	PREP	LXX_WH
Dán 11:33	G4183	πολλα	A-APN	LXX_WH
Dán 11:33	G2532	και	CONJ	LXX_WH
Dán 11:33	G0770	ασθενησουσιν	V-FAI-3P	LXX_WH
Dán 11:33	G1722	εν	PREP	LXX_WH
Dán 11:33		ρομφαια	N-DSF	
Dán 11:33	G2532	και	CONJ	LXX_WH
Dán 11:33	G1722	εν	PREP	LXX_WH
Dán 11:33	G5395	φλογι	N-DSF	LXX_WH
Dán 11:33	G2532	και	CONJ	LXX_WH
Dán 11:33	G1722	εν	PREP	LXX_WH
Dán 11:33	G0161	αιχμαλωσια	N-DSF	LXX_WH
Dán 11:33	G2532	και	CONJ	LXX_WH
Dán 11:33	G1722	εν	PREP	LXX_WH
Dán 11:33	G1282	διαρπαγη	N-DSF	ABP-potolt
Dán 11:33	G2250	ημερων	N-GPF	LXX_WH
Dán 11:34	G2532	και	CONJ	LXX_WH
Dán 11:34	G1722	εν	PREP	LXX_WH
Dán 11:34	G3588	τω	T-DSN	LXX_WH
Dán 11:34	G0770	ασθενησαι	V-AAN	LXX_WH
Dán 11:34	G0846	αυτους	D-APM	LXX_WH
Dán 11:34	G0997	βοηθηθησονται	V-FPI-3P	LXX_WH
Dán 11:34	G0996	βοηθειαν	N-ASF	LXX_WH
Dán 11:34	G3398	μικραν	A-ASF	LXX_WH
Dán 11:34	G2532	και	CONJ	LXX_WH
Dán 11:34	G4369	προστεθησονται	V-FPI-3P	LXX_WH
Dán 11:34	G1909	επ	PREP	LXX_WH
Dán 11:34	G0846	αυτους	D-APM	LXX_WH
Dán 11:34	G4183	πολλοι	A-NPM	LXX_WH
Dán 11:34	G1722	εν	PREP	LXX_WH
Dán 11:34	G3643	ολισθρημασιν	N-DPN	ABP-potolt
Dán 11:35	G2532	και	CONJ	LXX_WH
Dán 11:35	G0575	απο	PREP	LXX_WH
Dán 11:35	G3588	των	T-GPM	LXX_WH
Dán 11:35	G4920	συνιεντων	V-PAPGP	LXX_WH
Dán 11:35	G0770	ασθενησουσιν	V-FAI-3P	LXX_WH
Dán 11:35	G3588	του	T-GSN	LXX_WH
Dán 11:35	G4448	πυρωσαι	V-AAN	LXX_WH
Dán 11:35	G0846	αυτους	D-APM	LXX_WH
Dán 11:35	G2532	και	CONJ	LXX_WH
Dán 11:35	G3588	του	T-GSN	LXX_WH
Dán 11:35		εκλεξασθαι	V-AMN	
Dán 11:35	G2532	και	CONJ	LXX_WH
Dán 11:35	G3588	του	T-GSN	LXX_WH
Dán 11:35	G0601	αποκαλυφθηναι	V-APN	LXX_WH
Dán 11:35	G2193	εως	PREP	LXX_WH
Dán 11:35	G2540	καιρου	N-GSM	LXX_WH
Dán 11:35	G4009	περας	N-ASN	LXX_WH
Dán 11:35	G3754	οτι	CONJ	LXX_WH
Dán 11:35	G2089	ετι	ADV	LXX_WH
Dán 11:35	G1519	εις	PREP	LXX_WH
Dán 11:35	G2540	καιρον	N-ASM	LXX_WH
Dán 11:36	G2532	και	CONJ	LXX_WH
Dán 11:36	G4160	ποιησει	V-FAI-3S	LXX_WH
Dán 11:36	G2596	κατα	PREP	LXX_WH
Dán 11:36	G3588	το	T-ASN	LXX_WH
Dán 11:36	G2307	θελημα	N-ASN	LXX_WH
Dán 11:36	G0846	αυτου	D-GSM	LXX_WH
Dán 11:36	G2532	και	CONJ	LXX_WH
Dán 11:36	G5312	υψωθησεται	V-FPI-3S	LXX_WH
Dán 11:36	G3588	ο	T-NSM	LXX_WH
Dán 11:36	G0935	βασιλευς	N-NSM	LXX_WH
Dán 11:36	G2532	και	CONJ	LXX_WH
Dán 11:36	G3170	μεγαλυνθησεται	V-FPI-3S	LXX_WH
Dán 11:36	G1909	επι	PREP	LXX_WH
Dán 11:36	G3956	παντα	A-ASM	LXX_WH
Dán 11:36	G2316	θεον	N-ASM	LXX_WH
Dán 11:36	G2532	και	CONJ	LXX_WH
Dán 11:36	G2980	λαλησει	V-FAI-3S	LXX_WH
Dán 11:36	G5246	υπερογκα	A-APN	LXX_WH
Dán 11:36	G2532	και	CONJ	LXX_WH
Dán 11:36	G2720	κατευθυνει	V-FAI-3S	LXX_WH
Dán 11:36	G3360	μεχρις	PREP	ABP-potolt
Dán 11:36	G3739	ου	R-GSM	LXX_WH
Dán 11:36	G4931	συντελεσθη	V-APS-3S	LXX_WH
Dán 11:36	G3588	η	T-NSF	LXX_WH
Dán 11:36	G3709	οργη	N-NSF	LXX_WH
Dán 11:36	G1519	εις	PREP	LXX_WH
Dán 11:36	G1063	γαρ	PRT	LXX_WH
Dán 11:36	G4930	συντελειαν	N-ASF	LXX_WH
Dán 11:36	G1096	γινεται	V-PMI-3S	LXX_WH
Dán 11:37	G2532	και	CONJ	LXX_WH
Dán 11:37	G1909	επι	PREP	LXX_WH
Dán 11:37	G3956	παντας	A-APM	LXX_WH
Dán 11:37	G2316	θεους	N-APM	LXX_WH
Dán 11:37	G3588	των	T-GPM	LXX_WH
Dán 11:37	G3962	πατερων	N-GPM	LXX_WH
Dán 11:37	G0846	αυτου	D-GSM	LXX_WH
Dán 11:37	G3364	ου	ADV	LXX_WH
Dán 11:37	G4920	συνησει	V-FAI-3S	LXX_WH
Dán 11:37	G2532	και	CONJ	LXX_WH
Dán 11:37	G1909	επι	PREP	LXX_WH
Dán 11:37	G1939	επιθυμιαν	N-ASF	LXX_WH
Dán 11:37	G1135	γυναικων	N-GPF	LXX_WH
Dán 11:37	G2532	και	CONJ	LXX_WH
Dán 11:37	G1909	επι	PREP	LXX_WH
Dán 11:37	G3956	παν	A-ASN	LXX_WH
Dán 11:37	G2316	θεον	N-ASM	LXX_WH
Dán 11:37	G3364	ου	ADV	LXX_WH
Dán 11:37	G4920	συνησει	V-FAI-3S	LXX_WH
Dán 11:37	G3754	οτι	CONJ	LXX_WH
Dán 11:37	G1909	επι	PREP	LXX_WH
Dán 11:37	G3956	παντας	A-APM	LXX_WH
Dán 11:37	G3170	μεγαλυνθησεται	V-FPI-3S	LXX_WH
Dán 11:38	G2532	και	CONJ	LXX_WH
Dán 11:38	G2316	θεον	N-ASM	LXX_WH
Dán 11:38	G3164	μαωζιν	N-PRI	ABP-potolt
Dán 11:38	G1909	επι	PREP	LXX_WH
Dán 11:38	G5117	τοπου	N-GSM	LXX_WH
Dán 11:38	G0846	αυτου	D-GSM	LXX_WH
Dán 11:38	G1392	δοξασει	V-FAI-3S	LXX_WH
Dán 11:38	G2532	και	CONJ	LXX_WH
Dán 11:38	G2316	θεον	N-ASM	LXX_WH
Dán 11:38	G3739	ον	R-ASM	LXX_WH
Dán 11:38	G3364	ουκ	ADV	LXX_WH
Dán 11:38	G1097	εγνωσαν	V-AAI-3P	LXX_WH
Dán 11:38	G3588	οι	T-NPM	LXX_WH
Dán 11:38	G3962	πατερες	N-NPM	LXX_WH
Dán 11:38	G0846	αυτου	D-GSM	LXX_WH
Dán 11:38	G1392	δοξασει	V-FAI-3S	LXX_WH
Dán 11:38	G1722	εν	PREP	LXX_WH
Dán 11:38	G5553	χρυσω	A-DSM	ABP-potolt
Dán 11:38	G2532	και	CONJ	LXX_WH
Dán 11:38	G0696	αργυρω	N-DSM	LXX_WH
Dán 11:38	G2532	και	CONJ	LXX_WH
Dán 11:38	G3037	λιθω	N-DSM	LXX_WH
Dán 11:38	G5093	τιμιω	A-DSM	LXX_WH
Dán 11:38	G2532	και	CONJ	LXX_WH
Dán 11:38	G1722	εν	PREP	LXX_WH
Dán 11:38	G1937	επιθυμημασιν	N-DPN	ABP-potolt
Dán 11:39	G2532	και	CONJ	LXX_WH
Dán 11:39	G4160	ποιησει	V-FAI-3S	LXX_WH
Dán 11:39	G3588	τοις	T-DPN	LXX_WH
Dán 11:39	G3794	οχυρωμασιν	N-DPN	LXX_WH
Dán 11:39	G3588	των	T-GPF	LXX_WH
Dán 11:39	G2707	καταφυγων	N-GPF	ABP-potolt
Dán 11:39	G3326	μετα	PREP	LXX_WH
Dán 11:39	G2316	θεου	N-GSM	LXX_WH
Dán 11:39	G0245	αλλοτριου	A-GSM	LXX_WH
Dán 11:39	G2532	και	CONJ	LXX_WH
Dán 11:39	G4129	πληθυνει	V-FAI-3S	LXX_WH
Dán 11:39	G1391	δοξαν	N-ASF	LXX_WH
Dán 11:39	G2532	και	CONJ	LXX_WH
Dán 11:39	G5293	υποταξει	V-FAI-3S	LXX_WH
Dán 11:39	G0846	αυτοις	D-DPM	LXX_WH
Dán 11:39	G4183	πολλους	A-APM	LXX_WH
Dán 11:39	G2532	και	CONJ	LXX_WH
Dán 11:39	G1065	γην	N-ASF	LXX_WH
Dán 11:39	G1244	διελει	V-FAI-3S	LXX_WH
Dán 11:39	G1722	εν	PREP	LXX_WH
Dán 11:39	G1435	δωροις	N-DPN	LXX_WH
Dán 11:40	G2532	και	CONJ	LXX_WH
Dán 11:40	G1722	εν	PREP	LXX_WH
Dán 11:40	G2540	καιρου	N-GSM	LXX_WH
Dán 11:40	G4009	περατι	N-DSN	LXX_WH
Dán 11:40	G4786	συγκερατισθησεται	V-FPI-3S	ABP-potolt
Dán 11:40	G3326	μετα	PREP	LXX_WH
Dán 11:40	G3588	του	T-GSM	LXX_WH
Dán 11:40	G0935	βασιλεως	N-GSM	LXX_WH
Dán 11:40	G3588	του	T-GSM	LXX_WH
Dán 11:40	G3558	νοτου	N-GSM	LXX_WH
Dán 11:40	G2532	και	CONJ	LXX_WH
Dán 11:40	G4863	συναχθησεται	V-FPI-3S	LXX_WH
Dán 11:40	G1909	επ	PREP	LXX_WH
Dán 11:40	G0846	αυτον	D-ASM	LXX_WH
Dán 11:40	G0935	βασιλευς	N-NSM	LXX_WH
Dán 11:40	G3588	του	T-GSM	LXX_WH
Dán 11:40	G1005	βορρα	N-GSM	ABP-potolt
Dán 11:40	G1722	εν	PREP	LXX_WH
Dán 11:40	G0716	αρμασιν	N-DPN	LXX_WH
Dán 11:40	G2532	και	CONJ	LXX_WH
Dán 11:40	G1722	εν	PREP	LXX_WH
Dán 11:40	G2460	ιππευσιν	N-DPM	LXX_WH
Dán 11:40	G2532	και	CONJ	LXX_WH
Dán 11:40	G1722	εν	PREP	LXX_WH
Dán 11:40	G3491	ναυσιν	N-DPF	LXX_WH
Dán 11:40	G4183	πολλαις	A-DPF	LXX_WH
Dán 11:40	G2532	και	CONJ	LXX_WH
Dán 11:40	G1525	εισελευσεται	V-FMI-3S	LXX_WH
Dán 11:40	G1519	εις	PREP	LXX_WH
Dán 11:40	G3588	την	T-ASF	LXX_WH
Dán 11:40	G1065	γην	N-ASF	LXX_WH
Dán 11:40	G2532	και	CONJ	LXX_WH
Dán 11:40	G4937	συντριψει	V-FAI-3S	LXX_WH
Dán 11:40	G2532	και	CONJ	LXX_WH
Dán 11:40	G3928	παρελευσεται	V-FMI-3S	LXX_WH
Dán 11:41	G2532	και	CONJ	LXX_WH
Dán 11:41	G1525	εισελευσεται	V-FMI-3S	LXX_WH
Dán 11:41	G1519	εις	PREP	LXX_WH
Dán 11:41	G3588	την	T-ASF	LXX_WH
Dán 11:41	G1065	γην	N-ASF	LXX_WH
Dán 11:41	G3588	του	T-GS	LXX_WH
Dán 11:41	G4521	σαβι	N-PRI	ABP-potolt
Dán 11:41	G2532	και	CONJ	LXX_WH
Dán 11:41	G4183	πολλοι	A-NPM	LXX_WH
Dán 11:41	G0770	ασθενησουσιν	V-FAI-3P	LXX_WH
Dán 11:41	G2532	και	CONJ	LXX_WH
Dán 11:41	G3778	ουτοι	D-NPM	LXX_WH
Dán 11:41	G1295	διασωθησονται	V-FPI-3P	LXX_WH
Dán 11:41	G1537	εκ	PREP	LXX_WH
Dán 11:41	G5495	χειρος	N-GSF	LXX_WH
Dán 11:41	G0846	αυτου	D-GSM	LXX_WH
Dán 11:41		εδωμ	N-PRI	ELTERO_SZOVEGALAP
Dán 11:41	G2532	και	CONJ	LXX_WH
Dán 11:41		μωαβ	N-PRI	ELTERO_SZOVEGALAP
Dán 11:41	G2532	και	CONJ	LXX_WH
Dán 11:41	G0746	αρχη	N-NSF	LXX_WH
Dán 11:41	G5207	υιων	N-GPM	LXX_WH
Dán 11:41		αμμων	N-PRI	ELTERO_SZOVEGALAP
Dán 11:42	G2532	και	CONJ	LXX_WH
Dán 11:42	G1614	εκτενει	V-FAI-3S	LXX_WH
Dán 11:42	G3588	την	T-ASF	LXX_WH
Dán 11:42	G5495	χειρα	N-ASF	LXX_WH
Dán 11:42	G0846	αυτου	D-GSM	LXX_WH
Dán 11:42	G1909	επι	PREP	LXX_WH
Dán 11:42	G3588	την	T-ASF	LXX_WH
Dán 11:42	G1065	γην	N-ASF	LXX_WH
Dán 11:42	G2532	και	CONJ	LXX_WH
Dán 11:42	G1065	γη	N-NSF	LXX_WH
Dán 11:42	G0125	αιγυπτου	N-GSF	LXX_WH
Dán 11:42	G3364	ουκ	ADV	LXX_WH
Dán 11:42	G1510	εσται	V-FMI-3S	LXX_WH
Dán 11:42	G1519	εις	PREP	LXX_WH
Dán 11:42	G4991	σωτηριαν	N-ASF	LXX_WH
Dán 11:43	G2532	και	CONJ	LXX_WH
Dán 11:43	G2961	κυριευσει	V-FAI-3S	LXX_WH
Dán 11:43	G1722	εν	PREP	LXX_WH
Dán 11:43	G3588	τοις	T-DPN	LXX_WH
Dán 11:43	G0614	αποκρυφοις	A-DPN	LXX_WH
Dán 11:43	G3588	του	T-GSM	LXX_WH
Dán 11:43		χρυσου	A-GSM	
Dán 11:43	G2532	και	CONJ	LXX_WH
Dán 11:43	G3588	του	T-GSM	LXX_WH
Dán 11:43	G0696	αργυρου	N-GSM	LXX_WH
Dán 11:43	G2532	και	CONJ	LXX_WH
Dán 11:43	G1722	εν	PREP	LXX_WH
Dán 11:43	G3956	πασιν	A-DPM	LXX_WH
Dán 11:43		επιθυμητοις	A-DPM	ELTERO_SZOVEGALAP
Dán 11:43	G0125	αιγυπτου	N-GSF	LXX_WH
Dán 11:43	G2532	και	CONJ	LXX_WH
Dán 11:43		λιβυων	N-PRI	ELTERO_SZOVEGALAP
Dán 11:43	G2532	και	CONJ	LXX_WH
Dán 11:43	G0128	αιθιοπων	N-GPM	LXX_WH
Dán 11:43	G1722	εν	PREP	LXX_WH
Dán 11:43	G3588	τοις	T-DPN	LXX_WH
Dán 11:43	G3794	οχυρωμασιν	N-DPN	LXX_WH
Dán 11:43	G0846	αυτων	D-GPM	LXX_WH
Dán 11:44	G2532	και	CONJ	LXX_WH
Dán 11:44	G0189	ακοαι	N-NPF	LXX_WH
Dán 11:44	G2532	και	CONJ	LXX_WH
Dán 11:44	G4710	σπουδαι	N-NPF	LXX_WH
Dán 11:44	G5015	ταραξουσιν	V-FAI-3P	LXX_WH
Dán 11:44	G0846	αυτον	D-ASM	LXX_WH
Dán 11:44	G1537	εξ	PREP	LXX_WH
Dán 11:44	G0395	ανατολων	N-GPF	LXX_WH
Dán 11:44	G2532	και	CONJ	LXX_WH
Dán 11:44	G0575	απο	PREP	LXX_WH
Dán 11:44		βορρα	N-GSM	ELTERO_SZOVEGALAP
Dán 11:44	G2532	και	CONJ	LXX_WH
Dán 11:44	G1854	ηξει	V-FAI-3S	LXX_WH
Dán 11:44	G1722	εν	PREP	LXX_WH
Dán 11:44	G2372	θυμω	N-DSM	LXX_WH
Dán 11:44	G4183	πολλω	A-DSM	LXX_WH
Dán 11:44	G3588	του	T-GSN	LXX_WH
Dán 11:44	G0853	αφανισαι	V-AAN	ABP-potolt
Dán 11:44	G2532	και	CONJ	LXX_WH
Dán 11:44	G3588	του	T-GSN	LXX_WH
Dán 11:44	G0332	αναθεματισαι	V-AAN	LXX_WH
Dán 11:44	G4183	πολλους	A-APM	LXX_WH
Dán 11:45	G2532	και	CONJ	LXX_WH
Dán 11:45	G4078	πηξει	V-FAI-3S	LXX_WH
Dán 11:45	G3588	την	T-ASF	LXX_WH
Dán 11:45	G4633	σκηνην	N-ASF	LXX_WH
Dán 11:45	G0846	αυτου	D-GSM	LXX_WH
Dán 11:45		εφαδανω	N-PRI	ELTERO_SZOVEGALAP
Dán 11:45	G0303	ανα	PREP	LXX_WH
Dán 11:45	G3319	μεσον	A-ASM	LXX_WH
Dán 11:45	G3588	των	T-GPF	LXX_WH
Dán 11:45	G2281	θαλασσων	N-GPF	LXX_WH
Dán 11:45	G1519	εις	PREP	LXX_WH
Dán 11:45	G3735	ορος	N-ASN	LXX_WH
Dán 11:45		σαβι	N-PRI	ELTERO_SZOVEGALAP
Dán 11:45	G0040	αγιον	A-ASN	LXX_WH
Dán 11:45	G2532	και	CONJ	LXX_WH
Dán 11:45	G1854	ηξει	V-FAI-3S	LXX_WH
Dán 11:45	G2193	εως	PREP	LXX_WH
Dán 11:45	G3313	μερους	N-GSN	LXX_WH
Dán 11:45	G0846	αυτου	D-GSM	LXX_WH
Dán 11:45	G2532	και	CONJ	LXX_WH
Dán 11:45	G3364	ουκ	ADV	LXX_WH
Dán 11:45	G1510	εστιν	V-PAI-3S	LXX_WH
Dán 11:45	G3588	ο	T-NSM	LXX_WH
Dán 11:45		ρυομενος	V-PMPNS	ELTERO_SZOVEGALAP
Dán 11:45	G0846	αυτον	D-ASM	LXX_WH
Dán 12:1	G2532	και	CONJ	LXX_WH
Dán 12:1	G1722	εν	PREP	LXX_WH
Dán 12:1	G3588	τω	T-DSM	LXX_WH
Dán 12:1	G2540	καιρω	N-DSM	LXX_WH
Dán 12:1	G1565	εκεινω	D-DSM	LXX_WH
Dán 12:1	G0450	αναστησεται	V-FMI-3S	LXX_WH
Dán 12:1	G3413	μιχαηλ	N-PRI	LXX_WH
Dán 12:1	G3588	ο	T-NSM	LXX_WH
Dán 12:1	G0758	αρχων	N-NSM	LXX_WH
Dán 12:1	G3588	ο	T-NSM	LXX_WH
Dán 12:1	G3173	μεγας	A-NSM	LXX_WH
Dán 12:1	G3588	ο	T-NSM	LXX_WH
Dán 12:1	G2476	εστηκως	V-RAPNS	LXX_WH
Dán 12:1	G1909	επι	PREP	LXX_WH
Dán 12:1	G3588	τους	T-APM	LXX_WH
Dán 12:1	G5207	υιους	N-APM	LXX_WH
Dán 12:1	G3588	του	T-GSM	LXX_WH
Dán 12:1	G2992	λαου	N-GSM	LXX_WH
Dán 12:1	G4771	σου	P-GS	LXX_WH
Dán 12:1	G2532	και	CONJ	LXX_WH
Dán 12:1	G1510	εσται	V-FMI-3S	LXX_WH
Dán 12:1	G2540	καιρος	N-NSM	LXX_WH
Dán 12:1	G2347	θλιψεως	N-GSF	LXX_WH
Dán 12:1	G2347	θλιψις	N-NSF	LXX_WH
Dán 12:1	G3634	οια	A-NSF	LXX_WH
Dán 12:1	G3364	ου	ADV	LXX_WH
Dán 12:1	G1096	γεγονεν	V-RAI-3S	LXX_WH
Dán 12:1	G0575	αφ	PREP	LXX_WH
Dán 12:1	G3739	ου	R-GSM	LXX_WH
Dán 12:1	G1096	γεγενηται	V-RMI-3S	LXX_WH
Dán 12:1	G1484	εθνος	N-NSN	LXX_WH
Dán 12:1	G1909	επι	PREP	LXX_WH
Dán 12:1	G3588	της	T-GSF	LXX_WH
Dán 12:1	G1065	γης	N-GSF	LXX_WH
Dán 12:1	G2193	εως	PREP	LXX_WH
Dán 12:1	G3588	του	T-GSM	LXX_WH
Dán 12:1	G2540	καιρου	N-GSM	LXX_WH
Dán 12:1	G1565	εκεινου	D-GSM	LXX_WH
Dán 12:1	G2532	και	CONJ	LXX_WH
Dán 12:1	G1722	εν	PREP	LXX_WH
Dán 12:1	G3588	τω	T-DSM	LXX_WH
Dán 12:1	G2540	καιρω	N-DSM	LXX_WH
Dán 12:1	G1565	εκεινω	D-DSM	LXX_WH
Dán 12:1	G4982	σωθησεται	V-FPI-3S	LXX_WH
Dán 12:1	G3588	ο	T-NSM	LXX_WH
Dán 12:1	G2992	λαος	N-NSM	LXX_WH
Dán 12:1	G4771	σου	P-GS	LXX_WH
Dán 12:1	G3956	πας	A-NSM	LXX_WH
Dán 12:1	G3588	ο	T-NSM	LXX_WH
Dán 12:1	G2147	ευρεθεις	V-APPNS	LXX_WH
Dán 12:1	G1125	γεγραμμενος	V-RMPNS	LXX_WH
Dán 12:1	G1722	εν	PREP	LXX_WH
Dán 12:1	G3588	τη	T-DSF	LXX_WH
Dán 12:1	G0976	βιβλω	N-DSF	LXX_WH
Dán 12:2	G2532	και	CONJ	LXX_WH
Dán 12:2	G4183	πολλοι	A-NPM	LXX_WH
Dán 12:2	G3588	των	T-GPM	LXX_WH
Dán 12:2	G2518	καθευδοντων	V-PAPGP	LXX_WH
Dán 12:2	G1722	εν	PREP	LXX_WH
Dán 12:2	G1065	γης	N-GSF	LXX_WH
Dán 12:2		χωματι	N-DSN	ELTERO_SZOVEGALAP
Dán 12:2	G1825	εξεγερθησονται	V-FPI-3P	LXX_WH
Dán 12:2	G3778	ουτοι	D-NPM	LXX_WH
Dán 12:2	G1519	εις	PREP	LXX_WH
Dán 12:2	G2222	ζωην	N-ASF	LXX_WH
Dán 12:2	G0166	αιωνιον	A-ASF	LXX_WH
Dán 12:2	G2532	και	CONJ	LXX_WH
Dán 12:2	G3778	ουτοι	D-NPM	LXX_WH
Dán 12:2	G1519	εις	PREP	LXX_WH
Dán 12:2	G3680	ονειδισμον	N-ASM	LXX_WH
Dán 12:2	G2532	και	CONJ	LXX_WH
Dán 12:2	G1519	εις	PREP	LXX_WH
Dán 12:2	G0152	αισχυνην	N-ASF	LXX_WH
Dán 12:2	G0166	αιωνιον	A-ASF	LXX_WH
Dán 12:3	G2532	και	CONJ	LXX_WH
Dán 12:3	G3588	οι	T-NPM	LXX_WH
Dán 12:3	G4920	συνιεντες	V-PAPNP	LXX_WH
Dán 12:3	G1584	εκλαμψουσιν	V-FAI-3P	LXX_WH
Dán 12:3	G3739	ως	CONJ	LXX_WH
Dán 12:3	G3588	η	T-NSF	LXX_WH
Dán 12:3	G2987	λαμπροτης	N-NSF	LXX_WH
Dán 12:3	G3588	του	T-GSN	LXX_WH
Dán 12:3	G4733	στερεωματος	N-GSN	LXX_WH
Dán 12:3	G2532	και	CONJ	LXX_WH
Dán 12:3	G0575	απο	PREP	LXX_WH
Dán 12:3	G3588	των	T-GPM	LXX_WH
Dán 12:3	G1342	δικαιων	A-GPM	LXX_WH
Dán 12:3	G3588	των	T-GPM	LXX_WH
Dán 12:3	G4183	πολλων	A-GPM	LXX_WH
Dán 12:3	G3739	ως	CONJ	LXX_WH
Dán 12:3	G3588	οι	T-NPM	LXX_WH
Dán 12:3	G0792	αστερες	N-NPM	LXX_WH
Dán 12:3	G1519	εις	PREP	LXX_WH
Dán 12:3	G3588	τους	T-APM	LXX_WH
Dán 12:3	G0165	αιωνας	N-APM	LXX_WH
Dán 12:3	G2532	και	CONJ	LXX_WH
Dán 12:3	G2089	ετι	ADV	LXX_WH
Dán 12:4	G2532	και	CONJ	LXX_WH
Dán 12:4	G4771	συ	P-NS	LXX_WH
Dán 12:4	G1158	δανιηλ	N-PRI	LXX_WH
Dán 12:4		εμφραξον	V-AAD-2S	ELTERO_SZOVEGALAP
Dán 12:4	G3588	τους	T-APM	LXX_WH
Dán 12:4	G3056	λογους	N-APM	LXX_WH
Dán 12:4	G2532	και	CONJ	LXX_WH
Dán 12:4	G4972	σφραγισον	V-AAD-2S	LXX_WH
Dán 12:4	G3588	το	T-ASN	LXX_WH
Dán 12:4	G0975	βιβλιον	N-ASN	LXX_WH
Dán 12:4	G2193	εως	PREP	LXX_WH
Dán 12:4	G2540	καιρου	N-GSM	LXX_WH
Dán 12:4	G4930	συντελειας	N-GSF	LXX_WH
Dán 12:4	G2193	εως	PREP	LXX_WH
Dán 12:4	G1321	διδαχθωσιν	V-APS-3P	LXX_WH
Dán 12:4	G4183	πολλοι	A-NPM	LXX_WH
Dán 12:4	G2532	και	CONJ	LXX_WH
Dán 12:4	G4129	πληθυνθη	V-APS-3S	LXX_WH
Dán 12:4	G3588	η	T-NSF	LXX_WH
Dán 12:4	G1108	γνωσις	N-NSF	LXX_WH
Dán 12:5	G2532	και	CONJ	LXX_WH
Dán 12:5	G3708	ειδον	V-AAI-1S	LXX_WH
Dán 12:5	G1473	εγω	P-NS	LXX_WH
Dán 12:5	G1158	δανιηλ	N-PRI	LXX_WH
Dán 12:5	G2532	και	CONJ	LXX_WH
Dán 12:5	G2400	ιδου	INJ	LXX_WH
Dán 12:5	G1417	δυο	N-NUI	LXX_WH
Dán 12:5	G2087	ετεροι	A-NPM	LXX_WH
Dán 12:5	G2476	ειστηκεισαν	V-YAI-3P	LXX_WH
Dán 12:5	G1519	εις	A-NSM	LXX_WH
Dán 12:5	G1782	εντευθεν	ADV	LXX_WH
Dán 12:5	G3588	του	T-GSN	LXX_WH
Dán 12:5	G5491	χειλους	N-GSN	LXX_WH
Dán 12:5	G3588	του	T-GSM	LXX_WH
Dán 12:5	G4215	ποταμου	N-GSM	LXX_WH
Dán 12:5	G2532	και	CONJ	LXX_WH
Dán 12:5	G1519	εις	A-NSM	LXX_WH
Dán 12:5	G1782	εντευθεν	ADV	LXX_WH
Dán 12:5	G3588	του	T-GSN	LXX_WH
Dán 12:5	G5491	χειλους	N-GSN	LXX_WH
Dán 12:5	G3588	του	T-GSM	LXX_WH
Dán 12:5	G4215	ποταμου	N-GSM	LXX_WH
Dán 12:6	G2532	και	CONJ	LXX_WH
Dán 12:6	G2036	ειπεν	V-AAI-3S	ABP-potolt
Dán 12:6	G3588	τω	T-DSM	LXX_WH
Dán 12:6	G0435	ανδρι	N-DSM	LXX_WH
Dán 12:6	G3588	τω	T-DSM	LXX_WH
Dán 12:6	G1746	ενδεδυμενω	V-RMPDS	LXX_WH
Dán 12:6	G3588	τα	T-APN	LXX_WH
Dán 12:6		βαδδιν	N-PRI	
Dán 12:6	G3739	ος	R-NSM	LXX_WH
Dán 12:6	G1510	ην	V-IAI-3S	LXX_WH
Dán 12:6	G1883	επανω	PREP	LXX_WH
Dán 12:6	G3588	του	T-GSN	LXX_WH
Dán 12:6	G5204	υδατος	N-GSN	LXX_WH
Dán 12:6	G3588	του	T-GSM	LXX_WH
Dán 12:6	G4215	ποταμου	N-GSM	LXX_WH
Dán 12:6	G2193	εως	CONJ	LXX_WH
Dán 12:6	G4218	ποτε	PRT	LXX_WH
Dán 12:6	G3588	το	T-NSN	LXX_WH
Dán 12:6	G4009	περας	N-NSN	LXX_WH
Dán 12:6	G3739	ων	R-GPM	LXX_WH
Dán 12:6	G2046	ειρηκας	V-RAI-2S	ABP-potolt
Dán 12:6	G3588	των	T-GPM	LXX_WH
Dán 12:6	G2297	θαυμασιων	A-GPM	LXX_WH
Dán 12:7	G2532	και	CONJ	LXX_WH
Dán 12:7	G0191	ηκουσα	V-AAI-1S	LXX_WH
Dán 12:7	G3588	του	T-GSM	LXX_WH
Dán 12:7	G0435	ανδρος	N-GSM	LXX_WH
Dán 12:7	G3588	του	T-GSM	LXX_WH
Dán 12:7	G1746	ενδεδυμενου	V-RMPGS	LXX_WH
Dán 12:7	G3588	τα	T-APN	LXX_WH
Dán 12:7	G0897	βαδδιν	N-PRI	ABP-potolt
Dán 12:7	G3739	ος	R-NSM	LXX_WH
Dán 12:7	G1510	ην	V-IAI-3S	LXX_WH
Dán 12:7	G1883	επανω	PREP	LXX_WH
Dán 12:7	G3588	του	T-GSN	LXX_WH
Dán 12:7	G5204	υδατος	N-GSN	LXX_WH
Dán 12:7	G3588	του	T-GSM	LXX_WH
Dán 12:7	G4215	ποταμου	N-GSM	LXX_WH
Dán 12:7	G2532	και	CONJ	LXX_WH
Dán 12:7	G5312	υψωσεν	V-AAI-3S	LXX_WH
Dán 12:7	G3588	την	T-ASF	LXX_WH
Dán 12:7	G1188	δεξιαν	A-ASF	LXX_WH
Dán 12:7	G0846	αυτου	D-GSM	LXX_WH
Dán 12:7	G2532	και	CONJ	LXX_WH
Dán 12:7	G3588	την	T-ASF	LXX_WH
Dán 12:7	G0710	αριστεραν	A-ASF	LXX_WH
Dán 12:7	G0846	αυτου	D-GSM	LXX_WH
Dán 12:7	G1519	εις	PREP	LXX_WH
Dán 12:7	G3588	τον	T-ASM	LXX_WH
Dán 12:7	G3772	ουρανον	N-ASM	LXX_WH
Dán 12:7	G2532	και	CONJ	LXX_WH
Dán 12:7	G3660	ωμοσεν	V-AAI-3S	ABP-potolt
Dán 12:7	G1722	εν	PREP	LXX_WH
Dán 12:7	G3588	τω	T-DSM	LXX_WH
Dán 12:7	G2198	ζωντι	V-PAPDS	LXX_WH
Dán 12:7	G3588	τον	T-ASM	LXX_WH
Dán 12:7	G0165	αιωνα	N-ASM	LXX_WH
Dán 12:7	G3754	οτι	CONJ	LXX_WH
Dán 12:7	G1519	εις	PREP	LXX_WH
Dán 12:7	G2540	καιρον	N-ASM	LXX_WH
Dán 12:7	G2540	καιρων	N-GPM	LXX_WH
Dán 12:7	G2532	και	CONJ	LXX_WH
Dán 12:7	G2255	ημισυ	A-ASN	ABP-potolt
Dán 12:7	G2540	καιρου	N-GSM	LXX_WH
Dán 12:7	G1722	εν	PREP	LXX_WH
Dán 12:7	G3588	τω	T-DSN	LXX_WH
Dán 12:7	G4931	συντελεσθηναι	V-APN	LXX_WH
Dán 12:7	G1287	διασκορπισμον	N-ASM	ABP-potolt
Dán 12:7	G5495	χειρος	N-GSF	LXX_WH
Dán 12:7	G2992	λαου	N-GSM	LXX_WH
Dán 12:7	G0037	ηγιασμενου	V-RMPGS	LXX_WH
Dán 12:7	G1097	γνωσονται	V-FMI-3P	LXX_WH
Dán 12:7	G3956	παντα	A-APN	LXX_WH
Dán 12:7	G3778	ταυτα	D-APN	LXX_WH
Dán 12:8	G2532	και	CONJ	LXX_WH
Dán 12:8	G1473	εγω	P-NS	LXX_WH
Dán 12:8	G0191	ηκουσα	V-AAI-1S	LXX_WH
Dán 12:8	G2532	και	CONJ	LXX_WH
Dán 12:8	G3364	ου	ADV	LXX_WH
Dán 12:8	G4920	συνηκα	V-AAI-1S	LXX_WH
Dán 12:8	G2532	και	CONJ	LXX_WH
Dán 12:8	G2036	ειπα	V-AAI-1S	ABP-potolt
Dán 12:8	G2962	κυριε	N-VSM	LXX_WH
Dán 12:8	G5100	τι	I-NSN	LXX_WH
Dán 12:8	G3588	τα	T-NPN	LXX_WH
Dán 12:8	G2078	εσχατα	A-NPN	LXX_WH
Dán 12:8	G3778	τουτων	D-GPN	LXX_WH
Dán 12:9	G2532	και	CONJ	LXX_WH
Dán 12:9	G2036	ειπεν	V-AAI-3S	ABP-potolt
Dán 12:9	G1204	δευρο	ADV	LXX_WH
Dán 12:9	G1158	δανιηλ	N-PRI	LXX_WH
Dán 12:9	G3754	οτι	CONJ	LXX_WH
Dán 12:9	G1719	εμπεφραγμενοι	V-RMPNP	ABP-potolt
Dán 12:9	G2532	και	CONJ	LXX_WH
Dán 12:9	G4972	εσφραγισμενοι	V-RMPNP	LXX_WH
Dán 12:9	G3588	οι	T-NPM	LXX_WH
Dán 12:9	G3056	λογοι	N-NPM	LXX_WH
Dán 12:9	G2193	εως	PREP	LXX_WH
Dán 12:9	G2540	καιρου	N-GSM	LXX_WH
Dán 12:9	G4009	περας	N-ASN	LXX_WH
Dán 12:10	G1586	εκλεγωσιν	V-PAS-3P	ABP-potolt
Dán 12:10	G2532	και	CONJ	LXX_WH
Dán 12:10		εκλευκανθωσιν	V-APS-3P	
Dán 12:10	G2532	και	CONJ	LXX_WH
Dán 12:10	G4448	πυρωθωσιν	V-APS-3P	LXX_WH
Dán 12:10	G4183	πολλοι	A-NPM	LXX_WH
Dán 12:10	G2532	και	CONJ	LXX_WH
Dán 12:10	G0457	ανομησωσιν	V-AAS-3P	ABP-potolt
Dán 12:10	G0459	ανομοι	A-NPM	LXX_WH
Dán 12:10	G2532	και	CONJ	LXX_WH
Dán 12:10	G3364	ου	ADV	LXX_WH
Dán 12:10	G4920	συνησουσιν	V-FAI-3P	LXX_WH
Dán 12:10	G3956	παντες	A-NPM	LXX_WH
Dán 12:10	G0459	ανομοι	A-NPM	LXX_WH
Dán 12:10	G2532	και	CONJ	LXX_WH
Dán 12:10	G3588	οι	T-NPM	LXX_WH
Dán 12:10	G3540	νοημονες	N-NPM	ABP-potolt
Dán 12:10	G4920	συνησουσιν	V-FAI-3P	LXX_WH
Dán 12:11	G2532	και	CONJ	LXX_WH
Dán 12:11	G0575	απο	PREP	LXX_WH
Dán 12:11	G2540	καιρου	N-GSM	LXX_WH
Dán 12:11	G3883	παραλλαξεως	N-GSF	ABP-potolt
Dán 12:11	G3588	του	T-GSM	LXX_WH
Dán 12:11	G1734	ενδελεχισμου	N-GSM	ABP-potolt
Dán 12:11	G2532	και	CONJ	LXX_WH
Dán 12:11	G3588	του	T-GSN	LXX_WH
Dán 12:11	G1325	δοθηναι	V-APN	LXX_WH
Dán 12:11	G0946	βδελυγμα	N-ASN	LXX_WH
Dán 12:11	G2050	ερημωσεως	N-GSF	LXX_WH
Dán 12:11	G2250	ημεραι	N-NPF	LXX_WH
Dán 12:11	G5507	χιλιαι	A-NPF	LXX_WH
Dán 12:11	G1250	διακοσιαι	A-NPF	LXX_WH
Dán 12:11	G1767	ενενηκοντα	N-NUI	ABP-potolt
Dán 12:12	G3107	μακαριος	A-NSM	LXX_WH
Dán 12:12	G3588	ο	T-NSM	LXX_WH
Dán 12:12	G5278	υπομενων	V-PAPNS	LXX_WH
Dán 12:12	G2532	και	CONJ	LXX_WH
Dán 12:12	G5348	φθασας	V-AAPNS	LXX_WH
Dán 12:12	G1519	εις	PREP	LXX_WH
Dán 12:12	G2250	ημερας	N-APF	LXX_WH
Dán 12:12	G5507	χιλιας	A-APF	LXX_WH
Dán 12:12	G5145	τριακοσιας	A-APF	LXX_WH
Dán 12:12	G5144	τριακοντα	N-NUI	LXX_WH
Dán 12:12	G4002	πεντε	N-NUI	LXX_WH
Dán 12:13	G2532	και	CONJ	LXX_WH
Dán 12:13	G4771	συ	P-NS	LXX_WH
Dán 12:13	G1204	δευρο	ADV	LXX_WH
Dán 12:13	G2532	και	CONJ	LXX_WH
Dán 12:13	G0373	αναπαυου	V-PMD-2S	LXX_WH
Dán 12:13	G2089	ετι	ADV	LXX_WH
Dán 12:13	G1063	γαρ	PRT	LXX_WH
Dán 12:13	G2250	ημεραι	N-NPF	LXX_WH
Dán 12:13	G1519	εις	PREP	LXX_WH
Dán 12:13	G0378	αναπληρωσιν	N-ASF	ABP-potolt
Dán 12:13	G4930	συντελειας	N-GSF	LXX_WH
Dán 12:13	G2532	και	CONJ	LXX_WH
Dán 12:13	G0450	αναστηση	V-FMI-2S	LXX_WH
Dán 12:13	G1519	εις	PREP	LXX_WH
Dán 12:13	G3588	τον	T-ASM	LXX_WH
Dán 12:13	G2819	κληρον	N-ASM	LXX_WH
Dán 12:13	G4771	σου	P-GS	LXX_WH
Dán 12:13	G1519	εις	PREP	LXX_WH
Dán 12:13	G4930	συντελειαν	N-ASF	LXX_WH
Dán 12:13	G2250	ημερων	N-GPF	LXX_WH
