Igehely	Strong-szám	Görög szóalak	Morfológiai kód	Forrás
Jób 1:1	G0444	ανθρωπος	N-NSM	LXX_WH
Jób 1:1	G5100	τις	I-NSM	LXX_WH
Jób 1:1	G1510	ην	V-IAI-3S	LXX_WH
Jób 1:1	G1722	εν	PREP	LXX_WH
Jób 1:1	G5561	χωρα	N-DSF	LXX_WH
Jób 1:1	G3588	τη	T-DSF	LXX_WH
Jób 1:1		αυσιτιδι	N-DSF	ELTERO_SZOVEGALAP
Jób 1:1	G3739	ω	R-DSM	LXX_WH
Jób 1:1	G3686	ονομα	N-NSN	LXX_WH
Jób 1:1	G2492	ιωβ	N-PRI	LXX_WH
Jób 1:1	G2532	και	CONJ	LXX_WH
Jób 1:1	G1510	ην	V-IAI-3S	LXX_WH
Jób 1:1	G3588	ο	T-NSM	LXX_WH
Jób 1:1	G0444	ανθρωπος	N-NSM	LXX_WH
Jób 1:1	G1565	εκεινος	D-NSM	LXX_WH
Jób 1:1	G0228	αληθινος	A-NSM	LXX_WH
Jób 1:1	G0273	αμεμπτος	A-NSM	LXX_WH
Jób 1:1	G1342	δικαιος	A-NSM	LXX_WH
Jób 1:1	G2318	θεοσεβης	A-NSM	LXX_WH
Jób 1:1	G0568	απεχομενος	V-PMPNS	LXX_WH
Jób 1:1	G0575	απο	PREP	LXX_WH
Jób 1:1	G3956	παντος	A-GSN	LXX_WH
Jób 1:1	G4190	πονηρου	A-GSN	LXX_WH
Jób 1:1	G4229	πραγματος	N-GSN	LXX_WH
Jób 1:2	G1096	εγενοντο	V-AMI-3P	LXX_WH
Jób 1:2	G1161	δε	PRT	LXX_WH
Jób 1:2	G0846	αυτω	D-DSM	LXX_WH
Jób 1:2	G5207	υιοι	N-NPM	LXX_WH
Jób 1:2	G2033	επτα	N-NUI	LXX_WH
Jób 1:2	G2532	και	CONJ	LXX_WH
Jób 1:2	G2364	θυγατερες	N-NPF	LXX_WH
Jób 1:2	G5140	τρεις	A-NPF	LXX_WH
Jób 1:3	G2532	και	CONJ	LXX_WH
Jób 1:3	G1510	ην	V-IAI-3S	LXX_WH
Jób 1:3	G3588	τα	T-NPN	LXX_WH
Jób 1:3	G2934	κτηνη	N-NPN	LXX_WH
Jób 1:3	G0846	αυτου	D-GSM	LXX_WH
Jób 1:3	G4263	προβατα	N-NPN	LXX_WH
Jób 1:3	G2035	επτακισχιλια	A-NPN	LXX_WH
Jób 1:3	G2574	καμηλοι	N-NPF	LXX_WH
Jób 1:3	G5153	τρισχιλιαι	A-NPF	LXX_WH
Jób 1:3	G2201	ζευγη	N-NPN	LXX_WH
Jób 1:3	G1016	βοων	N-GPF	LXX_WH
Jób 1:3	G4001	πεντακοσια	A-APN	LXX_WH
Jób 1:3	G3688	ονοι	N-NPF	LXX_WH
Jób 1:3	G2338	θηλειαι	A-NPF	LXX_WH
Jób 1:3	G3541	νομαδες	N-NPF	ABP-potolt
Jób 1:3	G4001	πεντακοσιαι	A-NPF	LXX_WH
Jób 1:3	G2532	και	CONJ	LXX_WH
Jób 1:3	G5255	υπηρεσια	N-NSF	ABP-potolt
Jób 1:3	G4183	πολλη	A-NSF	LXX_WH
Jób 1:3	G4970	σφοδρα	ADV	LXX_WH
Jób 1:3	G2532	και	CONJ	LXX_WH
Jób 1:3	G2041	εργα	N-NPN	LXX_WH
Jób 1:3	G3173	μεγαλα	A-NPN	LXX_WH
Jób 1:3	G1510	ην	V-IAI-3S	LXX_WH
Jób 1:3	G0846	αυτω	D-DSM	LXX_WH
Jób 1:3	G1909	επι	PREP	LXX_WH
Jób 1:3	G3588	της	T-GSF	LXX_WH
Jób 1:3	G1065	γης	N-GSF	LXX_WH
Jób 1:3	G2532	και	CONJ	LXX_WH
Jób 1:3	G1510	ην	V-IAI-3S	LXX_WH
Jób 1:3	G3588	ο	T-NSM	LXX_WH
Jób 1:3	G0444	ανθρωπος	N-NSM	LXX_WH
Jób 1:3	G1565	εκεινος	D-NSM	LXX_WH
Jób 1:3	G2104	ευγενης	A-NSM	LXX_WH
Jób 1:3	G3588	των	T-GPM	LXX_WH
Jób 1:3	G0575	αφ	PREP	LXX_WH
Jób 1:3	G2246	ηλιου	N-GSM	LXX_WH
Jób 1:3	G0395	ανατολων	N-GPF	LXX_WH
Jób 1:4	G4848	συμπορευομενοι	V-PMPNP	LXX_WH
Jób 1:4	G1161	δε	PRT	LXX_WH
Jób 1:4	G3588	οι	T-NPM	LXX_WH
Jób 1:4	G5207	υιοι	N-NPM	LXX_WH
Jób 1:4	G0846	αυτου	D-GSM	LXX_WH
Jób 1:4	G4314	προς	PREP	LXX_WH
Jób 1:4	G0240	αλληλους	D-APM	ABP-potolt
Jób 1:4	G4160	εποιουσαν	V-AAI-3P	LXX_WH
Jób 1:4	G4224	ποτον	N-ASM	LXX_WH
Jób 1:4	G2596	καθ	PREP	LXX_WH
Jób 1:4	G1538	εκαστην	A-ASF	LXX_WH
Jób 1:4	G2250	ημεραν	N-ASF	LXX_WH
Jób 1:4	G4838	συμπαραλαμβανοντες	V-PAPNP	LXX_WH
Jób 1:4	G0260	αμα	ADV	LXX_WH
Jób 1:4	G2532	και	ADV	LXX_WH
Jób 1:4	G3588	τας	T-APF	LXX_WH
Jób 1:4	G5140	τρεις	A-APF	LXX_WH
Jób 1:4	G0079	αδελφας	N-APF	LXX_WH
Jób 1:4	G0846	αυτων	D-GPM	LXX_WH
Jób 1:4	G2068	εσθιειν	V-PAN	LXX_WH
Jób 1:4	G2532	και	CONJ	LXX_WH
Jób 1:4	G4095	πινειν	V-PAN	LXX_WH
Jób 1:4	G3326	μετ	PREP	LXX_WH
Jób 1:4	G0846	αυτων	D-GPM	LXX_WH
Jób 1:5	G2532	και	CONJ	LXX_WH
Jób 1:5	G3739	ως	CONJ	LXX_WH
Jób 1:5	G0302	αν	PRT	LXX_WH
Jób 1:5	G4931	συνετελεσθησαν	V-API-3P	LXX_WH
Jób 1:5	G3588	αι	T-NPF	LXX_WH
Jób 1:5	G2250	ημεραι	N-NPF	LXX_WH
Jób 1:5	G3588	του	T-GSM	LXX_WH
Jób 1:5	G4224	ποτου	N-GSM	LXX_WH
Jób 1:5	G0649	απεστελλεν	V-IAI-3S	LXX_WH
Jób 1:5	G2492	ιωβ	N-PRI	LXX_WH
Jób 1:5	G2532	και	CONJ	LXX_WH
Jób 1:5	G2511	εκαθαριζεν	V-IAI-3S	LXX_WH
Jób 1:5	G0846	αυτους	D-APM	LXX_WH
Jób 1:5	G0450	ανισταμενος	V-PMPNS	LXX_WH
Jób 1:5	G3588	το	T-ASN	LXX_WH
Jób 1:5	G4404	πρωι	ADV	LXX_WH
Jób 1:5	G2532	και	CONJ	LXX_WH
Jób 1:5	G4374	προσεφερεν	V-IAI-3S	LXX_WH
Jób 1:5	G4012	περι	PREP	LXX_WH
Jób 1:5	G0846	αυτων	D-GPM	LXX_WH
Jób 1:5	G2378	θυσιας	N-APF	LXX_WH
Jób 1:5	G2596	κατα	PREP	LXX_WH
Jób 1:5	G3588	τον	T-ASM	LXX_WH
Jób 1:5	G0706	αριθμον	N-ASM	LXX_WH
Jób 1:5	G0846	αυτων	D-GPM	LXX_WH
Jób 1:5	G2532	και	CONJ	LXX_WH
Jób 1:5	G3448	μοσχον	N-ASM	LXX_WH
Jób 1:5	G1519	ενα	A-ASM	LXX_WH
Jób 1:5	G4012	περι	PREP	LXX_WH
Jób 1:5	G0266	αμαρτιας	N-APF	LXX_WH
Jób 1:5	G4012	περι	PREP	LXX_WH
Jób 1:5	G3588	των	T-GPF	LXX_WH
Jób 1:5	G5590	ψυχων	N-GPF	LXX_WH
Jób 1:5	G0846	αυτων	D-GPM	LXX_WH
Jób 1:5	G3004	ελεγεν	V-IAI-3S	LXX_WH
Jób 1:5	G1063	γαρ	PRT	LXX_WH
Jób 1:5	G2492	ιωβ	N-PRI	LXX_WH
Jób 1:5	G3379	μηποτε	ADV	LXX_WH
Jób 1:5	G3588	οι	T-NPM	LXX_WH
Jób 1:5	G5207	υιοι	N-NPM	LXX_WH
Jób 1:5	G1473	μου	P-GS	LXX_WH
Jób 1:5	G1722	εν	PREP	LXX_WH
Jób 1:5	G3588	τη	T-DSF	LXX_WH
Jób 1:5	G1271	διανοια	N-DSF	LXX_WH
Jób 1:5	G0846	αυτων	D-GPM	LXX_WH
Jób 1:5	G2556	κακα	A-APN	LXX_WH
Jób 1:5		ενενοησαν	V-AAI-3P	ELTERO_SZOVEGALAP
Jób 1:5	G4314	προς	PREP	LXX_WH
Jób 1:5	G2316	θεον	N-ASM	LXX_WH
Jób 1:5	G3778	ουτως	ADV	LXX_WH
Jób 1:5	G3767	ουν	PRT	LXX_WH
Jób 1:5	G4160	εποιει	V-IAI-3S	LXX_WH
Jób 1:5	G2492	ιωβ	N-PRI	LXX_WH
Jób 1:5	G3956	πασας	A-APF	LXX_WH
Jób 1:5	G3588	τας	T-APF	LXX_WH
Jób 1:5	G2250	ημερας	N-APF	LXX_WH
Jób 1:6	G2532	και	CONJ	LXX_WH
Jób 1:6	G3739	ως	CONJ	LXX_WH
Jób 1:6	G1096	εγενετο	V-AMI-3S	LXX_WH
Jób 1:6	G3588	η	T-NSF	LXX_WH
Jób 1:6	G2250	ημερα	N-NSF	LXX_WH
Jób 1:6	G3778	αυτη	D-NSF	LXX_WH
Jób 1:6	G2532	και	CONJ	LXX_WH
Jób 1:6	G2400	ιδου	INJ	LXX_WH
Jób 1:6	G2064	ηλθον	V-AAI-3P	LXX_WH
Jób 1:6	G3588	οι	T-NPM	LXX_WH
Jób 1:6	G0032	αγγελοι	N-NPM	LXX_WH
Jób 1:6	G3588	του	T-GSM	LXX_WH
Jób 1:6	G2316	θεου	N-GSM	LXX_WH
Jób 1:6	G3936	παραστηναι	V-AAN	LXX_WH
Jób 1:6	G1799	ενωπιον	PREP	LXX_WH
Jób 1:6	G3588	του	T-GSM	LXX_WH
Jób 1:6	G2962	κυριου	N-GSM	LXX_WH
Jób 1:6	G2532	και	CONJ	LXX_WH
Jób 1:6	G3588	ο	T-NSM	LXX_WH
Jób 1:6	G1228	διαβολος	N-NSM	LXX_WH
Jób 1:6	G2064	ηλθεν	V-AAI-3S	LXX_WH
Jób 1:6	G3326	μετ	PREP	LXX_WH
Jób 1:6	G0846	αυτων	D-GPM	LXX_WH
Jób 1:7	G2532	και	CONJ	LXX_WH
Jób 1:7		ειπεν	V-AAI-3S	
Jób 1:7	G3588	ο	T-NSM	LXX_WH
Jób 1:7	G2962	κυριος	N-NSM	LXX_WH
Jób 1:7	G3588	τω	T-DSM	LXX_WH
Jób 1:7	G1228	διαβολω	N-DSM	LXX_WH
Jób 1:7	G4159	ποθεν	ADV	LXX_WH
Jób 1:7	G3854	παραγεγονας	V-RMI-2S	LXX_WH
Jób 1:7	G2532	και	CONJ	LXX_WH
Jób 1:7		αποκριθεις	V-APPNS	
Jób 1:7	G3588	ο	T-NSM	LXX_WH
Jób 1:7	G1228	διαβολος	N-NSM	LXX_WH
Jób 1:7	G3588	τω	T-DSM	LXX_WH
Jób 1:7	G2962	κυριω	N-DSM	LXX_WH
Jób 1:7	G2036	ειπεν	V-AAI-3S	ABP-potolt
Jób 1:7	G4022	περιελθων	V-AAPNS	LXX_WH
Jób 1:7	G3588	την	T-ASF	LXX_WH
Jób 1:7	G1065	γην	N-ASF	LXX_WH
Jób 1:7	G2532	και	CONJ	LXX_WH
Jób 1:7	G1704	εμπεριπατησας	V-AAPNS	LXX_WH
Jób 1:7	G3588	την	T-ASF	LXX_WH
Jób 1:7	G5259	υπ	PREP	LXX_WH
Jób 1:7	G3772	ουρανον	N-ASM	LXX_WH
Jób 1:7	G3918	παρειμι	V-PAI-1S	LXX_WH
Jób 1:8	G2532	και	CONJ	LXX_WH
Jób 1:8		ειπεν	V-AAI-3S	ELTERO_SZOVEGALAP
Jób 1:8	G0846	αυτω	D-DSM	LXX_WH
Jób 1:8	G3588	ο	T-NSM	LXX_WH
Jób 1:8	G2962	κυριος	N-NSM	LXX_WH
Jób 1:8	G4337	προσεσχες	V-AAI-2S	LXX_WH
Jób 1:8	G3588	τη	T-DSF	LXX_WH
Jób 1:8	G1271	διανοια	N-DSF	LXX_WH
Jób 1:8	G4771	σου	P-GS	LXX_WH
Jób 1:8	G2596	κατα	PREP	LXX_WH
Jób 1:8	G3588	του	T-GSM	LXX_WH
Jób 1:8	G3816	παιδος	N-GSM	LXX_WH
Jób 1:8	G1473	μου	P-GS	LXX_WH
Jób 1:8	G2492	ιωβ	N-PRI	LXX_WH
Jób 1:8	G3754	οτι	CONJ	LXX_WH
Jób 1:8	G3364	ουκ	ADV	LXX_WH
Jób 1:8	G1510	εστιν	V-PAI-3S	LXX_WH
Jób 1:8	G2596	κατ	PREP	LXX_WH
Jób 1:8	G0846	αυτον	D-ASM	LXX_WH
Jób 1:8	G3588	των	T-GPM	LXX_WH
Jób 1:8	G1909	επι	PREP	LXX_WH
Jób 1:8	G3588	της	T-GSF	LXX_WH
Jób 1:8	G1065	γης	N-GSF	LXX_WH
Jób 1:8	G0444	ανθρωπος	N-NSM	LXX_WH
Jób 1:8	G0273	αμεμπτος	A-NSM	LXX_WH
Jób 1:8	G0228	αληθινος	A-NSM	LXX_WH
Jób 1:8	G2318	θεοσεβης	A-NSM	LXX_WH
Jób 1:8	G0568	απεχομενος	V-PMPNS	LXX_WH
Jób 1:8	G0575	απο	PREP	LXX_WH
Jób 1:8	G3956	παντος	A-GSN	LXX_WH
Jób 1:8	G4190	πονηρου	A-GSN	LXX_WH
Jób 1:8	G4229	πραγματος	N-GSN	LXX_WH
Jób 1:9	G0611	απεκριθη	V-API-3S	ABP-potolt
Jób 1:9	G1161	δε	PRT	LXX_WH
Jób 1:9	G3588	ο	T-NSM	LXX_WH
Jób 1:9	G1228	διαβολος	N-NSM	LXX_WH
Jób 1:9	G2532	και	CONJ	LXX_WH
Jób 1:9		ειπεν	V-AAI-3S	ELTERO_SZOVEGALAP
Jób 1:9	G1726	εναντιον	PREP	LXX_WH
Jób 1:9	G3588	του	T-GSM	LXX_WH
Jób 1:9	G2962	κυριου	N-GSM	LXX_WH
Jób 1:9	G3165	μη	ADV	LXX_WH
Jób 1:9	G1431	δωρεαν	N-ASF	LXX_WH
Jób 1:9	G4576	σεβεται	V-PMI-3S	LXX_WH
Jób 1:9	G2492	ιωβ	N-PRI	LXX_WH
Jób 1:9	G3588	τον	T-ASM	LXX_WH
Jób 1:9	G2316	θεον	N-ASM	LXX_WH
Jób 1:10	G3364	ου	ADV	LXX_WH
Jób 1:10	G4771	συ	P-NS	LXX_WH
Jób 1:10		περιεφραξας	V-AAI-2S	ELTERO_SZOVEGALAP
Jób 1:10	G3588	τα	T-APN	LXX_WH
Jób 1:10	G1854	εξω	ADV	LXX_WH
Jób 1:10	G0846	αυτου	D-GSM	LXX_WH
Jób 1:10	G2532	και	CONJ	LXX_WH
Jób 1:10	G3588	τα	T-APN	LXX_WH
Jób 1:10	G2080	εσω	PREP	LXX_WH
Jób 1:10	G3588	της	T-GSF	LXX_WH
Jób 1:10	G3614	οικιας	N-GSF	LXX_WH
Jób 1:10	G0846	αυτου	D-GSM	LXX_WH
Jób 1:10	G2532	και	CONJ	LXX_WH
Jób 1:10	G3588	τα	T-APN	LXX_WH
Jób 1:10	G1854	εξω	PREP	LXX_WH
Jób 1:10	G3956	παντων	A-GPM	LXX_WH
Jób 1:10	G3588	των	T-GPM	LXX_WH
Jób 1:10	G1510	οντων	V-PAPGP	LXX_WH
Jób 1:10	G0846	αυτω	D-DSM	LXX_WH
Jób 1:10		κυκλω	N-DSM	ELTERO_SZOVEGALAP
Jób 1:10	G3588	τα	T-APN	LXX_WH
Jób 1:10	G2041	εργα	N-APN	LXX_WH
Jób 1:10	G3588	των	T-GPF	LXX_WH
Jób 1:10	G5495	χειρων	N-GPF	LXX_WH
Jób 1:10	G0846	αυτου	D-GSM	LXX_WH
Jób 1:10	G2127	ευλογησας	V-AAI-2S	LXX_WH
Jób 1:10	G2532	και	CONJ	LXX_WH
Jób 1:10	G3588	τα	T-APN	LXX_WH
Jób 1:10	G2934	κτηνη	N-APN	LXX_WH
Jób 1:10	G0846	αυτου	D-GSM	LXX_WH
Jób 1:10	G4183	πολλα	A-APN	LXX_WH
Jób 1:10	G4160	εποιησας	V-AAI-2S	LXX_WH
Jób 1:10	G1909	επι	PREP	LXX_WH
Jób 1:10	G3588	της	T-GSF	LXX_WH
Jób 1:10	G1065	γης	N-GSF	LXX_WH
Jób 1:11	G0235	αλλα	CONJ	LXX_WH
Jób 1:11	G0649	αποστειλον	V-AAD-2S	LXX_WH
Jób 1:11	G3588	την	T-ASF	LXX_WH
Jób 1:11	G5495	χειρα	N-ASF	LXX_WH
Jób 1:11	G4771	σου	P-GS	LXX_WH
Jób 1:11	G2532	και	CONJ	LXX_WH
Jób 1:11	G0680	αψαι	V-AMD-2S	LXX_WH
Jób 1:11	G3956	παντων	A-GPN	LXX_WH
Jób 1:11	G3739	ων	R-GPN	LXX_WH
Jób 1:11	G2192	εχει	V-PAI-3S	LXX_WH
Jób 1:11	G1487	ει	CONJ	LXX_WH
Jób 1:11	G3303	μην	PRT	LXX_WH
Jób 1:11	G1519	εις	PREP	LXX_WH
Jób 1:11	G4383	προσωπον	N-ASN	LXX_WH
Jób 1:11	G4771	σε	P-AS	LXX_WH
Jób 1:11	G2127	ευλογησει	V-FAI-3S	LXX_WH
Jób 1:12	G5119	τοτε	ADV	LXX_WH
Jób 1:12	G2036	ειπεν	V-AAI-3S	ABP-potolt
Jób 1:12	G3588	ο	T-NSM	LXX_WH
Jób 1:12	G2962	κυριος	N-NSM	LXX_WH
Jób 1:12	G3588	τω	T-DSM	LXX_WH
Jób 1:12	G1228	διαβολω	N-DSM	LXX_WH
Jób 1:12	G2400	ιδου	INJ	LXX_WH
Jób 1:12	G3956	παντα	A-ASN	LXX_WH
Jób 1:12	G3745	οσα	A-NPN	LXX_WH
Jób 1:12	G1510	εστιν	V-PAI-3S	LXX_WH
Jób 1:12	G0846	αυτω	D-DSM	LXX_WH
Jób 1:12	G1325	διδωμι	V-PAI-1S	LXX_WH
Jób 1:12	G1722	εν	PREP	LXX_WH
Jób 1:12	G3588	τη	T-DSF	LXX_WH
Jób 1:12	G5495	χειρι	N-DSF	LXX_WH
Jób 1:12	G4771	σου	P-GS	LXX_WH
Jób 1:12	G0235	αλλα	CONJ	LXX_WH
Jób 1:12	G0846	αυτου	D-GSM	LXX_WH
Jób 1:12	G3165	μη	ADV	LXX_WH
Jób 1:12	G0680	αψη	V-FMI-2S	LXX_WH
Jób 1:12	G2532	και	CONJ	LXX_WH
Jób 1:12	G1831	εξηλθεν	V-AAI-3S	LXX_WH
Jób 1:12	G3588	ο	T-NSM	LXX_WH
Jób 1:12	G1228	διαβολος	N-NSM	LXX_WH
Jób 1:12	G3844	παρα	PREP	LXX_WH
Jób 1:12	G3588	του	T-GSM	LXX_WH
Jób 1:12	G2962	κυριου	N-GSM	LXX_WH
Jób 1:13	G2532	και	CONJ	LXX_WH
Jób 1:13	G1510	ην	V-IAI-3S	LXX_WH
Jób 1:13	G3739	ως	CONJ	LXX_WH
Jób 1:13	G3588	η	T-NSF	LXX_WH
Jób 1:13	G2250	ημερα	N-NSF	LXX_WH
Jób 1:13	G3778	αυτη	D-NSF	LXX_WH
Jób 1:13	G3588	οι	T-NPM	LXX_WH
Jób 1:13	G5207	υιοι	N-NPM	LXX_WH
Jób 1:13	G2492	ιωβ	N-PRI	LXX_WH
Jób 1:13	G2532	και	CONJ	LXX_WH
Jób 1:13	G3588	αι	T-NPF	LXX_WH
Jób 1:13	G2364	θυγατερες	N-NPF	LXX_WH
Jób 1:13	G0846	αυτου	D-GSM	LXX_WH
Jób 1:13	G4095	επινον	V-IAI-3P	LXX_WH
Jób 1:13	G3631	οινον	N-ASM	LXX_WH
Jób 1:13	G1722	εν	PREP	LXX_WH
Jób 1:13	G3588	τη	T-DSF	LXX_WH
Jób 1:13	G3614	οικια	N-DSF	LXX_WH
Jób 1:13	G3588	του	T-GSM	LXX_WH
Jób 1:13	G0080	αδελφου	N-GSM	LXX_WH
Jób 1:13	G0846	αυτων	D-GPM	LXX_WH
Jób 1:13	G3588	του	T-GSM	LXX_WH
Jób 1:13	G4245	πρεσβυτερου	A-GSM	LXX_WH
Jób 1:14	G2532	και	CONJ	LXX_WH
Jób 1:14	G2400	ιδου	INJ	LXX_WH
Jób 1:14	G0032	αγγελος	N-NSM	LXX_WH
Jób 1:14	G2064	ηλθεν	V-AAI-3S	LXX_WH
Jób 1:14	G4314	προς	PREP	LXX_WH
Jób 1:14	G2492	ιωβ	N-PRI	LXX_WH
Jób 1:14	G2532	και	CONJ	LXX_WH
Jób 1:14		ειπεν	V-AAI-3S	ELTERO_SZOVEGALAP
Jób 1:14	G0846	αυτω	D-DSM	LXX_WH
Jób 1:14	G3588	τα	T-NPN	LXX_WH
Jób 1:14	G2201	ζευγη	N-NPN	LXX_WH
Jób 1:14	G3588	των	T-GPF	LXX_WH
Jób 1:14	G1016	βοων	N-GPF	LXX_WH
Jób 1:14	G0722	ηροτρια	V-IAI-3S	ABP-potolt
Jób 1:14	G2532	και	CONJ	LXX_WH
Jób 1:14	G3588	αι	T-NPF	LXX_WH
Jób 1:14	G2338	θηλειαι	A-NPF	LXX_WH
Jób 1:14	G3688	ονοι	N-NPF	LXX_WH
Jób 1:14	G1006	εβοσκοντο	V-IMI-3P	LXX_WH
Jób 1:14	G2192	εχομεναι	V-PMPNP	LXX_WH
Jób 1:14	G0846	αυτων	D-GPF	LXX_WH
Jób 1:15	G2532	και	CONJ	LXX_WH
Jób 1:15	G2064	ελθοντες	V-AAPNP	LXX_WH
Jób 1:15	G3588	οι	T-NPM	LXX_WH
Jób 1:15	G0162	αιχμαλωτευοντες	V-PAPNP	LXX_WH
Jób 1:15	G0162	ηχμαλωτευσαν	V-AAI-3P	LXX_WH
Jób 1:15	G0846	αυτας	D-APF	LXX_WH
Jób 1:15	G2532	και	CONJ	LXX_WH
Jób 1:15	G3588	τους	T-APM	LXX_WH
Jób 1:15	G3816	παιδας	N-APM	LXX_WH
Jób 1:15	G0615	απεκτειναν	V-AAI-3P	LXX_WH
Jób 1:15	G1722	εν	PREP	LXX_WH
Jób 1:15	G3162	μαχαιραις	N-DPF	LXX_WH
Jób 1:15	G4982	σωθεις	V-APPNS	LXX_WH
Jób 1:15	G1161	δε	PRT	LXX_WH
Jób 1:15	G1473	εγω	P-NS	LXX_WH
Jób 1:15	G3441	μονος	A-NSM	LXX_WH
Jób 1:15	G2064	ηλθον	V-AAI-1S	LXX_WH
Jób 1:15	G3588	του	T-GSN	LXX_WH
Jób 1:15		απαγγειλαι	V-AAN	ELTERO_SZOVEGALAP
Jób 1:15	G4771	σοι	P-DS	LXX_WH
Jób 1:16	G2089	ετι	ADV	LXX_WH
Jób 1:16	G3778	τουτου	D-GSM	LXX_WH
Jób 1:16	G2980	λαλουντος	V-PAPGS	LXX_WH
Jób 1:16	G2064	ηλθεν	V-AAI-3S	LXX_WH
Jób 1:16	G2087	ετερος	A-NSM	LXX_WH
Jób 1:16	G0032	αγγελος	N-NSM	LXX_WH
Jób 1:16	G2532	και	CONJ	LXX_WH
Jób 1:16	G2036	ειπεν	V-AAI-3S	ABP-potolt
Jób 1:16	G4314	προς	PREP	LXX_WH
Jób 1:16	G2492	ιωβ	N-PRI	LXX_WH
Jób 1:16	G4442	πυρ	N-NSN	LXX_WH
Jób 1:16	G4098	επεσεν	V-AAI-3S	LXX_WH
Jób 1:16	G1537	εκ	PREP	LXX_WH
Jób 1:16	G3588	του	T-GSM	LXX_WH
Jób 1:16	G3772	ουρανου	N-GSM	LXX_WH
Jób 1:16	G2532	και	CONJ	LXX_WH
Jób 1:16	G2618	κατεκαυσεν	V-AAI-3S	LXX_WH
Jób 1:16	G3588	τα	T-APN	LXX_WH
Jób 1:16	G4263	προβατα	N-APN	LXX_WH
Jób 1:16	G2532	και	CONJ	LXX_WH
Jób 1:16	G3588	τους	T-APM	LXX_WH
Jób 1:16	G4166	ποιμενας	N-APM	LXX_WH
Jób 1:16	G2719	κατεφαγεν	V-AAI-3S	LXX_WH
Jób 1:16	G3664	ομοιως	ADV	LXX_WH
Jób 1:16	G2532	και	CONJ	LXX_WH
Jób 1:16	G4982	σωθεις	V-APPNS	LXX_WH
Jób 1:16	G1473	εγω	P-NS	LXX_WH
Jób 1:16	G3441	μονος	A-NSM	LXX_WH
Jób 1:16	G2064	ηλθον	V-AAI-1S	LXX_WH
Jób 1:16	G3588	του	T-GSN	LXX_WH
Jób 1:16		απαγγειλαι	V-AAN	ELTERO_SZOVEGALAP
Jób 1:16	G4771	σοι	P-DS	LXX_WH
Jób 1:17	G2089	ετι	ADV	LXX_WH
Jób 1:17	G3778	τουτου	D-GSM	LXX_WH
Jób 1:17	G2980	λαλουντος	V-PAPGS	LXX_WH
Jób 1:17	G2064	ηλθεν	V-AAI-3S	LXX_WH
Jób 1:17	G2087	ετερος	A-NSM	LXX_WH
Jób 1:17	G0032	αγγελος	N-NSM	LXX_WH
Jób 1:17	G2532	και	CONJ	LXX_WH
Jób 1:17	G2036	ειπεν	V-AAI-3S	ABP-potolt
Jób 1:17	G4314	προς	PREP	LXX_WH
Jób 1:17	G2492	ιωβ	N-PRI	LXX_WH
Jób 1:17	G3588	οι	T-NPM	LXX_WH
Jób 1:17	G2460	ιππεις	N-NPM	LXX_WH
Jób 1:17	G4160	εποιησαν	V-AAI-3P	LXX_WH
Jób 1:17	G1473	ημιν	P-DP	LXX_WH
Jób 1:17	G2776	κεφαλας	N-APF	LXX_WH
Jób 1:17	G5140	τρεις	A-APF	LXX_WH
Jób 1:17	G2532	και	CONJ	LXX_WH
Jób 1:17	G2944	εκυκλωσαν	V-AAI-3P	LXX_WH
Jób 1:17	G3588	τας	T-APF	LXX_WH
Jób 1:17	G2574	καμηλους	N-APF	LXX_WH
Jób 1:17	G2532	και	CONJ	LXX_WH
Jób 1:17	G0162	ηχμαλωτευσαν	V-AAI-3P	LXX_WH
Jób 1:17	G0846	αυτας	D-APF	LXX_WH
Jób 1:17	G2532	και	CONJ	LXX_WH
Jób 1:17	G3588	τους	T-APM	LXX_WH
Jób 1:17	G3816	παιδας	N-APM	LXX_WH
Jób 1:17	G0615	απεκτειναν	V-AAI-3P	LXX_WH
Jób 1:17	G1722	εν	PREP	LXX_WH
Jób 1:17	G3162	μαχαιραις	N-DPF	LXX_WH
Jób 1:17	G4982	εσωθην	V-API-1S	LXX_WH
Jób 1:17	G1161	δε	PRT	LXX_WH
Jób 1:17	G1473	εγω	P-NS	LXX_WH
Jób 1:17	G3441	μονος	A-NSM	LXX_WH
Jób 1:17	G2532	και	CONJ	LXX_WH
Jób 1:17	G2064	ηλθον	V-AAI-1S	LXX_WH
Jób 1:17	G3588	του	T-GSN	LXX_WH
Jób 1:17		απαγγειλαι	V-AAN	ELTERO_SZOVEGALAP
Jób 1:17	G4771	σοι	P-DS	LXX_WH
Jób 1:18	G2089	ετι	ADV	LXX_WH
Jób 1:18	G3778	τουτου	D-GSM	LXX_WH
Jób 1:18	G2980	λαλουντος	V-PAPGS	LXX_WH
Jób 1:18	G0243	αλλος	D-NSM	LXX_WH
Jób 1:18	G0032	αγγελος	N-NSM	LXX_WH
Jób 1:18	G2064	ερχεται	V-PMI-3S	LXX_WH
Jób 1:18	G3004	λεγων	V-PAPNS	LXX_WH
Jób 1:18	G3588	τω	T-DSM	LXX_WH
Jób 1:18	G2492	ιωβ	N-PRI	LXX_WH
Jób 1:18	G3588	των	T-GPM	LXX_WH
Jób 1:18	G5207	υιων	N-GPM	LXX_WH
Jób 1:18	G4771	σου	P-GS	LXX_WH
Jób 1:18	G2532	και	CONJ	LXX_WH
Jób 1:18	G3588	των	T-GPF	LXX_WH
Jób 1:18	G2364	θυγατερων	N-GPF	LXX_WH
Jób 1:18	G4771	σου	P-GS	LXX_WH
Jób 1:18	G2068	εσθιοντων	V-PAPGP	LXX_WH
Jób 1:18	G2532	και	CONJ	LXX_WH
Jób 1:18	G4095	πινοντων	V-PAPGP	LXX_WH
Jób 1:18	G3844	παρα	PREP	LXX_WH
Jób 1:18	G3588	τω	T-DSM	LXX_WH
Jób 1:18	G0080	αδελφω	N-DSM	LXX_WH
Jób 1:18	G0846	αυτων	D-GPM	LXX_WH
Jób 1:18	G3588	τω	T-DSM	LXX_WH
Jób 1:18	G4245	πρεσβυτερω	A-DSM	LXX_WH
Jób 1:19	G1810	εξαιφνης	ADV	LXX_WH
Jób 1:19	G4151	πνευμα	N-NSN	LXX_WH
Jób 1:19	G3173	μεγα	A-NSN	LXX_WH
Jób 1:19	G1904	επηλθεν	V-AAI-3S	ABP-potolt
Jób 1:19	G1537	εκ	PREP	LXX_WH
Jób 1:19	G3588	της	T-GSF	LXX_WH
Jób 1:19	G2048	ερημου	N-GSF	LXX_WH
Jób 1:19	G2532	και	CONJ	LXX_WH
Jób 1:19	G0680	ηψατο	V-AMI-3S	LXX_WH
Jób 1:19	G3588	των	T-GPF	LXX_WH
Jób 1:19	G5064	τεσσαρων	A-GPF	LXX_WH
Jób 1:19	G1137	γωνιων	N-GPF	LXX_WH
Jób 1:19	G3588	της	T-GSF	LXX_WH
Jób 1:19	G3614	οικιας	N-GSF	LXX_WH
Jób 1:19	G2532	και	CONJ	LXX_WH
Jób 1:19	G4098	επεσεν	V-AAI-3S	LXX_WH
Jób 1:19	G3588	η	T-NSF	LXX_WH
Jób 1:19	G3614	οικια	N-NSF	LXX_WH
Jób 1:19	G1909	επι	PREP	LXX_WH
Jób 1:19	G3588	τα	T-APN	LXX_WH
Jób 1:19	G3813	παιδια	N-APN	LXX_WH
Jób 1:19	G4771	σου	P-GS	LXX_WH
Jób 1:19	G2532	και	CONJ	LXX_WH
Jób 1:19	G5053	ετελευτησαν	V-AAI-3P	LXX_WH
Jób 1:19	G4982	εσωθην	V-API-1S	LXX_WH
Jób 1:19	G1161	δε	PRT	LXX_WH
Jób 1:19	G1473	εγω	P-NS	LXX_WH
Jób 1:19	G3441	μονος	A-NSM	LXX_WH
Jób 1:19	G2532	και	CONJ	LXX_WH
Jób 1:19	G2064	ηλθον	V-AAI-1S	LXX_WH
Jób 1:19	G3588	του	T-GSN	LXX_WH
Jób 1:19		απαγγειλαι	V-AAN	ELTERO_SZOVEGALAP
Jób 1:19	G4771	σοι	P-DS	LXX_WH
Jób 1:20	G3778	ουτως	ADV	LXX_WH
Jób 1:20	G0450	αναστας	V-AAPNS	LXX_WH
Jób 1:20	G2492	ιωβ	N-PRI	LXX_WH
Jób 1:20		διερρηξεν	V-AAI-3S	ELTERO_SZOVEGALAP
Jób 1:20	G3588	τα	T-APN	LXX_WH
Jób 1:20	G2440	ιματια	N-APN	LXX_WH
Jób 1:20	G0846	αυτου	D-GSM	LXX_WH
Jób 1:20	G2532	και	CONJ	LXX_WH
Jób 1:20	G2751	εκειρατο	V-AMI-3S	LXX_WH
Jób 1:20	G3588	την	T-ASF	LXX_WH
Jób 1:20	G2864	κομην	N-ASF	LXX_WH
Jób 1:20	G3588	της	T-GSF	LXX_WH
Jób 1:20	G2776	κεφαλης	N-GSF	LXX_WH
Jób 1:20	G0846	αυτου	D-GSM	LXX_WH
Jób 1:20	G2532	και	CONJ	LXX_WH
Jób 1:20	G4098	πεσων	V-AAPNS	LXX_WH
Jób 1:20	G5476	χαμαι	ADV	LXX_WH
Jób 1:20	G4352	προσεκυνησεν	V-AAI-3S	LXX_WH
Jób 1:20	G2532	και	CONJ	LXX_WH
Jób 1:20		ειπεν	V-AAI-3S	ELTERO_SZOVEGALAP
Jób 1:21	G0846	αυτος	D-NSM	LXX_WH
Jób 1:21	G1131	γυμνος	A-NSM	LXX_WH
Jób 1:21	G1831	εξηλθον	V-AAI-1S	LXX_WH
Jób 1:21	G1537	εκ	PREP	LXX_WH
Jób 1:21	G2836	κοιλιας	N-GSF	LXX_WH
Jób 1:21	G3384	μητρος	N-GSF	LXX_WH
Jób 1:21	G1473	μου	P-GS	LXX_WH
Jób 1:21	G1131	γυμνος	A-NSM	LXX_WH
Jób 1:21	G2532	και	CONJ	LXX_WH
Jób 1:21	G0565	απελευσομαι	V-FMI-1S	LXX_WH
Jób 1:21	G1563	εκει	ADV	LXX_WH
Jób 1:21	G3588	ο	T-NSM	LXX_WH
Jób 1:21	G2962	κυριος	N-NSM	LXX_WH
Jób 1:21	G1325	εδωκεν	V-AAI-3S	LXX_WH
Jób 1:21	G3588	ο	T-NSM	LXX_WH
Jób 1:21	G2962	κυριος	N-NSM	LXX_WH
Jób 1:21		αφειλατο	V-AMI-3S	ELTERO_SZOVEGALAP
Jób 1:21	G3739	ως	CONJ	LXX_WH
Jób 1:21	G3588	τω	T-DSM	LXX_WH
Jób 1:21	G2962	κυριω	N-DSM	LXX_WH
Jób 1:21	G1380	εδοξεν	V-AAI-3S	LXX_WH
Jób 1:21	G3778	ουτως	ADV	LXX_WH
Jób 1:21	G2532	και	CONJ	LXX_WH
Jób 1:21	G1096	εγενετο	V-AMI-3S	LXX_WH
Jób 1:21	G1510	ειη	V-PAO-3S	LXX_WH
Jób 1:21	G3588	το	T-NSN	LXX_WH
Jób 1:21	G3686	ονομα	N-NSN	LXX_WH
Jób 1:21	G2962	κυριου	N-GSM	LXX_WH
Jób 1:21	G2127	ευλογημενον	V-RMPNS	LXX_WH
Jób 1:22	G1722	εν	PREP	LXX_WH
Jób 1:22	G3778	τουτοις	D-DPN	LXX_WH
Jób 1:22	G3956	πασιν	A-DPN	LXX_WH
Jób 1:22	G3588	τοις	T-DPN	LXX_WH
Jób 1:22	G4819	συμβεβηκοσιν	V-RAPDP	LXX_WH
Jób 1:22	G0846	αυτω	D-DSM	LXX_WH
Jób 1:22	G3762	ουδεν	A-ASN	LXX_WH
Jób 1:22	G0264	ημαρτεν	V-AAI-3S	LXX_WH
Jób 1:22	G2492	ιωβ	N-PRI	LXX_WH
Jób 1:22	G1726	εναντιον	PREP	LXX_WH
Jób 1:22	G3588	του	T-GSM	LXX_WH
Jób 1:22	G2962	κυριου	N-GSM	LXX_WH
Jób 1:22	G2532	και	CONJ	LXX_WH
Jób 1:22	G3364	ουκ	ADV	LXX_WH
Jób 1:22	G1325	εδωκεν	V-AAI-3S	LXX_WH
Jób 1:22	G0877	αφροσυνην	N-ASF	LXX_WH
Jób 1:22	G3588	τω	T-DSM	LXX_WH
Jób 1:22	G2316	θεω	N-DSM	LXX_WH
Jób 2:1	G1096	εγενετο	V-AMI-3S	LXX_WH
Jób 2:1	G1161	δε	PRT	LXX_WH
Jób 2:1	G3739	ως	CONJ	LXX_WH
Jób 2:1	G3588	η	T-NSF	LXX_WH
Jób 2:1	G2250	ημερα	N-NSF	LXX_WH
Jób 2:1	G3778	αυτη	D-NSF	LXX_WH
Jób 2:1	G2532	και	CONJ	LXX_WH
Jób 2:1	G2064	ηλθον	V-AAI-3P	LXX_WH
Jób 2:1	G3588	οι	T-NPM	LXX_WH
Jób 2:1	G0032	αγγελοι	N-NPM	LXX_WH
Jób 2:1	G3588	του	T-GSM	LXX_WH
Jób 2:1	G2316	θεου	N-GSM	LXX_WH
Jób 2:1	G3936	παραστηναι	V-AAN	LXX_WH
Jób 2:1	G1725	εναντι	PREP	LXX_WH
Jób 2:1	G2962	κυριου	N-GSM	LXX_WH
Jób 2:1	G2532	και	CONJ	LXX_WH
Jób 2:1	G3588	ο	T-NSM	LXX_WH
Jób 2:1	G1228	διαβολος	N-NSM	LXX_WH
Jób 2:1	G2064	ηλθεν	V-AAI-3S	LXX_WH
Jób 2:1	G1722	εν	PREP	LXX_WH
Jób 2:1	G3319	μεσω	A-DSN	LXX_WH
Jób 2:1	G0846	αυτων	D-GPM	LXX_WH
Jób 2:1	G3936	παραστηναι	V-AAN	LXX_WH
Jób 2:1	G1726	εναντιον	PREP	LXX_WH
Jób 2:1	G3588	του	T-GSM	LXX_WH
Jób 2:1	G2962	κυριου	N-GSM	LXX_WH
Jób 2:2	G2532	και	CONJ	LXX_WH
Jób 2:2		ειπεν	V-AAI-3S	
Jób 2:2	G3588	ο	T-NSM	LXX_WH
Jób 2:2	G2962	κυριος	N-NSM	LXX_WH
Jób 2:2	G3588	τω	T-DSM	LXX_WH
Jób 2:2	G1228	διαβολω	N-DSM	LXX_WH
Jób 2:2	G4159	ποθεν	ADV	LXX_WH
Jób 2:2	G4771	συ	P-NS	LXX_WH
Jób 2:2	G2064	ερχη	V-PMI-2S	LXX_WH
Jób 2:2	G5119	τοτε	ADV	LXX_WH
Jób 2:2	G2036	ειπεν	V-AAI-3S	ABP-potolt
Jób 2:2	G3588	ο	T-NSM	LXX_WH
Jób 2:2	G1228	διαβολος	N-NSM	LXX_WH
Jób 2:2	G1799	ενωπιον	PREP	LXX_WH
Jób 2:2	G3588	του	T-GSM	LXX_WH
Jób 2:2	G2962	κυριου	N-GSM	LXX_WH
Jób 2:2	G1279	διαπορευθεις	V-APPNS	LXX_WH
Jób 2:2	G3588	την	T-ASF	LXX_WH
Jób 2:2	G5259	υπ	PREP	LXX_WH
Jób 2:2	G3772	ουρανον	N-ASM	LXX_WH
Jób 2:2	G2532	και	CONJ	LXX_WH
Jób 2:2	G1704	εμπεριπατησας	V-AAPNS	LXX_WH
Jób 2:2	G3588	την	T-ASF	LXX_WH
Jób 2:2	G4840	συμπασαν	A-ASF	ABP-potolt
Jób 2:2	G3918	παρειμι	V-PAI-1S	LXX_WH
Jób 2:3	G2036	ειπεν	V-AAI-3S	ABP-potolt
Jób 2:3	G1161	δε	PRT	LXX_WH
Jób 2:3	G3588	ο	T-NSM	LXX_WH
Jób 2:3	G2962	κυριος	N-NSM	LXX_WH
Jób 2:3	G4314	προς	PREP	LXX_WH
Jób 2:3	G3588	τον	T-ASM	LXX_WH
Jób 2:3	G1228	διαβολον	N-ASM	LXX_WH
Jób 2:3	G4337	προσεσχες	V-AAI-2S	LXX_WH
Jób 2:3	G3767	ουν	PRT	LXX_WH
Jób 2:3	G3588	τω	T-DSM	LXX_WH
Jób 2:3	G2324	θεραποντι	N-DSM	LXX_WH
Jób 2:3	G1473	μου	P-GS	LXX_WH
Jób 2:3	G2492	ιωβ	N-PRI	LXX_WH
Jób 2:3	G3754	οτι	CONJ	LXX_WH
Jób 2:3	G3364	ουκ	ADV	LXX_WH
Jób 2:3	G1510	εστιν	V-PAI-3S	LXX_WH
Jób 2:3	G2596	κατ	PREP	LXX_WH
Jób 2:3	G0846	αυτον	D-ASM	LXX_WH
Jób 2:3	G3588	των	T-GPM	LXX_WH
Jób 2:3	G1909	επι	PREP	LXX_WH
Jób 2:3	G3588	της	T-GSF	LXX_WH
Jób 2:3	G1065	γης	N-GSF	LXX_WH
Jób 2:3	G0444	ανθρωπος	N-NSM	LXX_WH
Jób 2:3	G0172	ακακος	A-NSM	LXX_WH
Jób 2:3	G0228	αληθινος	A-NSM	LXX_WH
Jób 2:3	G0273	αμεμπτος	A-NSM	LXX_WH
Jób 2:3	G2318	θεοσεβης	A-NSM	LXX_WH
Jób 2:3	G0568	απεχομενος	V-PMPNS	LXX_WH
Jób 2:3	G0575	απο	PREP	LXX_WH
Jób 2:3	G3956	παντος	A-GSN	LXX_WH
Jób 2:3	G2556	κακου	A-GSN	LXX_WH
Jób 2:3	G2089	ετι	ADV	LXX_WH
Jób 2:3	G1161	δε	PRT	LXX_WH
Jób 2:3	G2192	εχεται	V-PMI-3S	LXX_WH
Jób 2:3		ακακιας	N-GSF	ELTERO_SZOVEGALAP
Jób 2:3	G4771	συ	P-NS	LXX_WH
Jób 2:3	G1161	δε	PRT	LXX_WH
Jób 2:3		ειπας	V-AAI-2S	ELTERO_SZOVEGALAP
Jób 2:3	G3588	τα	T-APN	LXX_WH
Jób 2:3	G5225	υπαρχοντα	V-PAPAP	LXX_WH
Jób 2:3	G0846	αυτου	D-GSM	LXX_WH
Jób 2:3	G1223	δια	PREP	LXX_WH
Jób 2:3	G2756	κενης	A-GSF	LXX_WH
Jób 2:3		απολεσαι	V-AAN	ELTERO_SZOVEGALAP
Jób 2:4	G5274	υπολαβων	V-AAPNS	LXX_WH
Jób 2:4	G1161	δε	PRT	LXX_WH
Jób 2:4	G3588	ο	T-NSM	LXX_WH
Jób 2:4	G1228	διαβολος	N-NSM	LXX_WH
Jób 2:4	G2036	ειπεν	V-AAI-3S	ABP-potolt
Jób 2:4	G3588	τω	T-DSM	LXX_WH
Jób 2:4	G2962	κυριω	N-DSM	LXX_WH
Jób 2:4	G1192	δερμα	N-NSN	LXX_WH
Jób 2:4	G5228	υπερ	PREP	LXX_WH
Jób 2:4	G1192	δερματος	N-GSN	LXX_WH
Jób 2:4	G3745	οσα	A-APN	LXX_WH
Jób 2:4	G5225	υπαρχει	V-PAI-3S	LXX_WH
Jób 2:4	G0444	ανθρωπω	N-DSM	LXX_WH
Jób 2:4	G5228	υπερ	PREP	LXX_WH
Jób 2:4	G3588	της	T-GSF	LXX_WH
Jób 2:4	G5590	ψυχης	N-GSF	LXX_WH
Jób 2:4	G0846	αυτου	D-GSM	LXX_WH
Jób 2:4		εκτεισει	V-FAI-3S	ELTERO_SZOVEGALAP
Jób 2:5	G3364	ου	ADV	LXX_WH
Jób 2:5	G3303	μην	PRT	LXX_WH
Jób 2:5	G1161	δε	PRT	LXX_WH
Jób 2:5	G0235	αλλα	CONJ	LXX_WH
Jób 2:5	G0649	αποστειλας	V-AAPNS	LXX_WH
Jób 2:5	G3588	την	T-ASF	LXX_WH
Jób 2:5	G5495	χειρα	N-ASF	LXX_WH
Jób 2:5	G4771	σου	P-GS	LXX_WH
Jób 2:5	G0680	αψαι	V-AMD-2S	LXX_WH
Jób 2:5	G3588	των	T-GPN	LXX_WH
Jób 2:5	G3747	οστων	N-GPN	LXX_WH
Jób 2:5	G0846	αυτου	D-GSM	LXX_WH
Jób 2:5	G2532	και	CONJ	LXX_WH
Jób 2:5	G3588	των	T-GPF	LXX_WH
Jób 2:5	G4561	σαρκων	N-GPF	LXX_WH
Jób 2:5	G0846	αυτου	D-GSM	LXX_WH
Jób 2:5	G1487	ει	CONJ	LXX_WH
Jób 2:5	G3303	μην	PRT	LXX_WH
Jób 2:5	G1519	εις	PREP	LXX_WH
Jób 2:5	G4383	προσωπον	N-ASN	LXX_WH
Jób 2:5	G4771	σε	P-AS	LXX_WH
Jób 2:5	G2127	ευλογησει	V-FAI-3S	LXX_WH
Jób 2:6	G2036	ειπεν	V-AAI-3S	ABP-potolt
Jób 2:6	G1161	δε	PRT	LXX_WH
Jób 2:6	G3588	ο	T-NSM	LXX_WH
Jób 2:6	G2962	κυριος	N-NSM	LXX_WH
Jób 2:6	G3588	τω	T-DSM	LXX_WH
Jób 2:6	G1228	διαβολω	N-DSM	LXX_WH
Jób 2:6	G2400	ιδου	INJ	LXX_WH
Jób 2:6	G3860	παραδιδωμι	V-PAI-1S	LXX_WH
Jób 2:6	G4771	σοι	P-DS	LXX_WH
Jób 2:6	G0846	αυτον	D-ASM	LXX_WH
Jób 2:6	G3440	μονον	ADV	LXX_WH
Jób 2:6	G3588	την	T-ASF	LXX_WH
Jób 2:6	G5590	ψυχην	N-ASF	LXX_WH
Jób 2:6	G0846	αυτου	D-GSM	LXX_WH
Jób 2:6	G1314	διαφυλαξον	V-AAD-2S	LXX_WH
Jób 2:7	G1831	εξηλθεν	V-AAI-3S	LXX_WH
Jób 2:7	G1161	δε	PRT	LXX_WH
Jób 2:7	G3588	ο	T-NSM	LXX_WH
Jób 2:7	G1228	διαβολος	N-NSM	LXX_WH
Jób 2:7	G0575	απο	PREP	LXX_WH
Jób 2:7	G3588	του	T-GSM	LXX_WH
Jób 2:7	G2962	κυριου	N-GSM	LXX_WH
Jób 2:7	G2532	και	CONJ	LXX_WH
Jób 2:7	G3817	επαισεν	V-AAI-3S	LXX_WH
Jób 2:7	G3588	τον	T-ASM	LXX_WH
Jób 2:7	G2492	ιωβ	N-PRI	LXX_WH
Jób 2:7	G1668	ελκει	N-DSN	LXX_WH
Jób 2:7	G4190	πονηρω	A-DSN	LXX_WH
Jób 2:7	G0575	απο	PREP	LXX_WH
Jób 2:7	G4228	ποδων	N-GPM	LXX_WH
Jób 2:7	G2193	εως	PREP	LXX_WH
Jób 2:7	G2776	κεφαλης	N-GSF	LXX_WH
Jób 2:8	G2532	και	CONJ	LXX_WH
Jób 2:8	G2983	ελαβεν	V-AAI-3S	LXX_WH
Jób 2:8		οστρακον	N-ASN	ELTERO_SZOVEGALAP
Jób 2:8	G2443	ινα	CONJ	LXX_WH
Jób 2:8	G3588	τον	T-ASM	LXX_WH
Jób 2:8		ιχωρα	N-ASM	ELTERO_SZOVEGALAP
Jób 2:8		ξυη	V-PAS-3S	ELTERO_SZOVEGALAP
Jób 2:8	G2532	και	CONJ	LXX_WH
Jób 2:8	G2521	εκαθητο	V-IMI-3S	LXX_WH
Jób 2:8	G1909	επι	PREP	LXX_WH
Jób 2:8	G3588	της	T-GSF	LXX_WH
Jób 2:8	G2874	κοπριας	N-GSF	LXX_WH
Jób 2:8	G1854	εξω	PREP	LXX_WH
Jób 2:8	G3588	της	T-GSF	LXX_WH
Jób 2:8	G4172	πολεως	N-GSF	LXX_WH
Jób 2:9	G5550	χρονου	N-GSM	LXX_WH
Jób 2:9	G1161	δε	PRT	LXX_WH
Jób 2:9	G4183	πολλου	A-GSM	LXX_WH
Jób 2:9	G4260	προβεβηκοτος	V-RAPGS	LXX_WH
Jób 2:9		ειπεν	V-AAI-3S	ELTERO_SZOVEGALAP
Jób 2:9	G0846	αυτω	D-DSM	LXX_WH
Jób 2:9	G3588	η	T-NSF	LXX_WH
Jób 2:9	G1135	γυνη	N-NSF	LXX_WH
Jób 2:9	G0846	αυτου	D-GSM	LXX_WH
Jób 2:9	G3360	μεχρι	PREP	LXX_WH
Jób 2:9	G5100	τινος	I-GSN	LXX_WH
Jób 2:9	G2594	καρτερησεις	V-FAI-2S	LXX_WH
Jób 2:9	G3004	λεγων	V-PAPNS	LXX_WH
Jób 2:10	G3588	ο	T-NSM	LXX_WH
Jób 2:10	G1161	δε	PRT	LXX_WH
Jób 2:10	G1689	εμβλεψας	V-AAPNS	LXX_WH
Jób 2:10		ειπεν	V-AAI-3S	ELTERO_SZOVEGALAP
Jób 2:10	G0846	αυτη	D-DSF	LXX_WH
Jób 2:10	G3746	ωσπερ	ADV	LXX_WH
Jób 2:10	G1519	μια	A-NSF	LXX_WH
Jób 2:10	G3588	των	T-GPF	LXX_WH
Jób 2:10	G0878	αφρονων	A-GPF	LXX_WH
Jób 2:10	G1135	γυναικων	N-GPF	LXX_WH
Jób 2:10	G2980	ελαλησας	V-AAI-2S	LXX_WH
Jób 2:10	G1487	ει	CONJ	LXX_WH
Jób 2:10	G3588	τα	T-APN	LXX_WH
Jób 2:10	G0018	αγαθα	A-APN	LXX_WH
Jób 2:10	G1209	εδεξαμεθα	V-AMI-1P	LXX_WH
Jób 2:10	G1537	εκ	PREP	LXX_WH
Jób 2:10	G5495	χειρος	N-GSF	LXX_WH
Jób 2:10	G2962	κυριου	N-GSM	LXX_WH
Jób 2:10	G3588	τα	T-APN	LXX_WH
Jób 2:10	G2556	κακα	A-APN	LXX_WH
Jób 2:10	G3364	ουχ	ADV	LXX_WH
Jób 2:10	G5297	υποισομεν	V-FAI-1P	LXX_WH
Jób 2:10	G1722	εν	PREP	LXX_WH
Jób 2:10	G3956	πασιν	A-DPN	LXX_WH
Jób 2:10	G3778	τουτοις	D-DPN	LXX_WH
Jób 2:10	G3588	τοις	T-DPN	LXX_WH
Jób 2:10	G4819	συμβεβηκοσιν	V-RAPDP	LXX_WH
Jób 2:10	G0846	αυτω	D-DSM	LXX_WH
Jób 2:10	G3762	ουδεν	A-ASN	LXX_WH
Jób 2:10	G0264	ημαρτεν	V-AAI-3S	LXX_WH
Jób 2:10	G2492	ιωβ	N-PRI	LXX_WH
Jób 2:10	G3588	τοις	T-DPN	LXX_WH
Jób 2:10	G5491	χειλεσιν	N-DPN	LXX_WH
Jób 2:10	G1726	εναντιον	PREP	LXX_WH
Jób 2:10	G3588	του	T-GSM	LXX_WH
Jób 2:10	G2316	θεου	N-GSM	LXX_WH
Jób 2:11	G0191	ακουσαντες	V-AAPNP	LXX_WH
Jób 2:11	G1161	δε	PRT	LXX_WH
Jób 2:11	G3588	οι	T-NPM	LXX_WH
Jób 2:11	G5140	τρεις	A-NPM	LXX_WH
Jób 2:11	G5384	φιλοι	A-NPM	LXX_WH
Jób 2:11	G0846	αυτου	D-GSM	LXX_WH
Jób 2:11	G3588	τα	T-APN	LXX_WH
Jób 2:11	G2556	κακα	A-APN	LXX_WH
Jób 2:11	G3956	παντα	A-APN	LXX_WH
Jób 2:11	G3588	τα	T-APN	LXX_WH
Jób 2:11		επελθοντα	V-AAPAP	ELTERO_SZOVEGALAP
Jób 2:11	G0846	αυτω	D-DSM	LXX_WH
Jób 2:11	G3854	παρεγενοντο	V-AMI-3P	LXX_WH
Jób 2:11	G1538	εκαστος	A-NSM	LXX_WH
Jób 2:11	G1537	εκ	PREP	LXX_WH
Jób 2:11	G3588	της	T-GSF	LXX_WH
Jób 2:11	G2398	ιδιας	A-GSF	LXX_WH
Jób 2:11	G5561	χωρας	N-GSF	LXX_WH
Jób 2:11	G4314	προς	PREP	LXX_WH
Jób 2:11	G0846	αυτον	D-ASM	LXX_WH
Jób 2:11		ελιφας	N-PRI	ELTERO_SZOVEGALAP
Jób 2:11	G3588	ο	T-NSM	LXX_WH
Jób 2:11		θαιμανων	N-PRI	ELTERO_SZOVEGALAP
Jób 2:11	G0935	βασιλευς	N-NSM	LXX_WH
Jób 2:11		βαλδαδ	N-PRI	ELTERO_SZOVEGALAP
Jób 2:11	G3588	ο	T-NSM	LXX_WH
Jób 2:11		σαυχαιων	N-GPM	ELTERO_SZOVEGALAP
Jób 2:11	G5181	τυραννος	N-NSM	LXX_WH
Jób 2:11		σωφαρ	N-PRI	ELTERO_SZOVEGALAP
Jób 2:11	G3588	ο	T-NSM	LXX_WH
Jób 2:11		μιναιων	N-GPM	ELTERO_SZOVEGALAP
Jób 2:11	G0935	βασιλευς	N-NSM	LXX_WH
Jób 2:11	G2532	και	CONJ	LXX_WH
Jób 2:11	G3854	παρεγενοντο	V-AMI-3P	LXX_WH
Jób 2:11	G4314	προς	PREP	LXX_WH
Jób 2:11	G0846	αυτον	D-ASM	LXX_WH
Jób 2:11	G3661	ομοθυμαδον	ADV	LXX_WH
Jób 2:11	G3588	του	T-GSN	LXX_WH
Jób 2:11	G3870	παρακαλεσαι	V-AAN	LXX_WH
Jób 2:11	G2532	και	CONJ	LXX_WH
Jób 2:11	G1980	επισκεψασθαι	V-AMN	LXX_WH
Jób 2:11	G0846	αυτον	D-ASM	LXX_WH
Jób 2:12	G3708	ιδοντες	V-AAPNP	LXX_WH
Jób 2:12	G1161	δε	PRT	LXX_WH
Jób 2:12	G0846	αυτον	D-ASM	LXX_WH
Jób 2:12		πορρωθεν	ADV	ELTERO_SZOVEGALAP
Jób 2:12	G3364	ουκ	ADV	LXX_WH
Jób 2:12	G1921	επεγνωσαν	V-AAI-3P	LXX_WH
Jób 2:12	G2532	και	CONJ	LXX_WH
Jób 2:12	G0994	βοησαντες	V-AAPNP	LXX_WH
Jób 2:12	G5456	φωνη	N-DSF	LXX_WH
Jób 2:12	G3173	μεγαλη	A-DSF	LXX_WH
Jób 2:12	G2799	εκλαυσαν	V-AAI-3P	LXX_WH
Jób 2:12	G4486	ρηξαντες	V-AAPNP	LXX_WH
Jób 2:12	G1538	εκαστος	A-NSM	LXX_WH
Jób 2:12	G3588	την	T-ASF	LXX_WH
Jób 2:12	G1438	εαυτου	D-GSM	LXX_WH
Jób 2:12	G4749	στολην	N-ASF	LXX_WH
Jób 2:12	G2532	και	CONJ	LXX_WH
Jób 2:12		καταπασαμενοι	V-AMPNP	ELTERO_SZOVEGALAP
Jób 2:12	G1065	γην	N-ASF	LXX_WH
Jób 2:13		παρεκαθισαν	V-AAI-3P	ELTERO_SZOVEGALAP
Jób 2:13	G0846	αυτω	D-DSM	LXX_WH
Jób 2:13	G2033	επτα	N-NUI	LXX_WH
Jób 2:13	G2250	ημερας	N-APF	LXX_WH
Jób 2:13	G2532	και	CONJ	LXX_WH
Jób 2:13	G2033	επτα	N-NUI	LXX_WH
Jób 2:13	G3571	νυκτας	N-APF	LXX_WH
Jób 2:13	G2532	και	CONJ	LXX_WH
Jób 2:13	G3762	ουδεις	A-NSM	LXX_WH
Jób 2:13	G0846	αυτων	D-GPM	LXX_WH
Jób 2:13	G2980	ελαλησεν	V-AAI-3S	LXX_WH
Jób 2:13	G3708	εωρων	V-IAI-3P	LXX_WH
Jób 2:13	G1063	γαρ	PRT	LXX_WH
Jób 2:13	G3588	την	T-ASF	LXX_WH
Jób 2:13	G4127	πληγην	N-ASF	LXX_WH
Jób 2:13	G1171	δεινην	A-ASF	LXX_WH
Jób 2:13	G1510	ουσαν	V-PAPAS	LXX_WH
Jób 2:13	G2532	και	CONJ	LXX_WH
Jób 2:13	G3173	μεγαλην	A-ASF	LXX_WH
Jób 2:13	G4970	σφοδρα	ADV	LXX_WH
Jób 3:1	G3326	μετα	PREP	LXX_WH
Jób 3:1	G3778	τουτο	D-ASN	LXX_WH
Jób 3:1	G0455	ηνοιξεν	V-AAI-3S	LXX_WH
Jób 3:1	G2492	ιωβ	N-PRI	LXX_WH
Jób 3:1	G3588	το	T-ASN	LXX_WH
Jób 3:1	G4750	στομα	N-ASN	LXX_WH
Jób 3:1	G0846	αυτου	D-GSM	LXX_WH
Jób 3:2	G2532	και	CONJ	LXX_WH
Jób 3:2		κατηρασατο	V-AMI-3S	ELTERO_SZOVEGALAP
Jób 3:2	G3588	την	T-ASF	LXX_WH
Jób 3:2	G2250	ημεραν	N-ASF	LXX_WH
Jób 3:2	G0846	αυτου	D-GSM	LXX_WH
Jób 3:2	G3004	λεγων	V-PAPNS	LXX_WH
Jób 3:3	G0622	απολοιτο	V-AMO-3S	ABP-potolt
Jób 3:3	G3588	η	T-NSF	LXX_WH
Jób 3:3	G2250	ημερα	N-NSF	LXX_WH
Jób 3:3	G1722	εν	PREP	LXX_WH
Jób 3:3	G3739	η	R-DSF	LXX_WH
Jób 3:3	G1080	εγεννηθην	V-API-1S	LXX_WH
Jób 3:3	G2532	και	CONJ	LXX_WH
Jób 3:3	G3588	η	T-NSF	LXX_WH
Jób 3:3	G3571	νυξ	N-NSF	LXX_WH
Jób 3:3	G1722	εν	PREP	LXX_WH
Jób 3:3	G3739	η	R-DSF	LXX_WH
Jób 3:3	G2036	ειπαν	V-AAI-3P	ABP-potolt
Jób 3:3	G2400	ιδου	INJ	LXX_WH
Jób 3:3	G0730	αρσεν	A-NSN	ABP-potolt
Jób 3:4	G3588	η	T-NSF	LXX_WH
Jób 3:4	G2250	ημερα	N-NSF	LXX_WH
Jób 3:4	G1565	εκεινη	D-NSF	LXX_WH
Jób 3:4	G1510	ειη	V-PAO-3S	LXX_WH
Jób 3:4	G4655	σκοτος	N-ASN	LXX_WH
Jób 3:4	G2532	και	CONJ	LXX_WH
Jób 3:4	G3165	μη	ADV	LXX_WH
Jób 3:4	G0327	αναζητησαι	V-AAO-3S	LXX_WH
Jób 3:4	G0846	αυτην	D-ASF	LXX_WH
Jób 3:4	G3588	ο	T-NSM	LXX_WH
Jób 3:4	G2962	κυριος	N-NSM	LXX_WH
Jób 3:4	G0509	ανωθεν	ADV	LXX_WH
Jób 3:4	G3366	μηδε	CONJ	LXX_WH
Jób 3:4	G2064	ελθοι	V-AAO-3S	LXX_WH
Jób 3:4	G1519	εις	PREP	LXX_WH
Jób 3:4	G0846	αυτην	D-ASF	LXX_WH
Jób 3:4	G5338	φεγγος	N-NSN	LXX_WH
Jób 3:5	G1583	εκλαβοι	V-AAO-3S	ABP-potolt
Jób 3:5	G1161	δε	PRT	LXX_WH
Jób 3:5	G0846	αυτην	D-ASF	LXX_WH
Jób 3:5	G4655	σκοτος	N-NSN	LXX_WH
Jób 3:5	G2532	και	CONJ	LXX_WH
Jób 3:5	G4639	σκια	N-NSF	LXX_WH
Jób 3:5	G2288	θανατου	N-GSM	LXX_WH
Jób 3:5	G1904	επελθοι	V-AAO-3S	ABP-potolt
Jób 3:5	G1909	επ	PREP	LXX_WH
Jób 3:5	G0846	αυτην	D-ASF	LXX_WH
Jób 3:5	G1105	γνοφος	N-NSM	LXX_WH
Jób 3:6	G2532	καταραθειη	V-APO-3S	ABP-potolt
Jób 3:6	G3588	η	T-NSF	LXX_WH
Jób 3:6	G2250	ημερα	N-NSF	LXX_WH
Jób 3:6	G2532	και	CONJ	LXX_WH
Jób 3:6	G3588	η	T-NSF	LXX_WH
Jób 3:6	G3571	νυξ	N-NSF	LXX_WH
Jób 3:6	G1565	εκεινη	D-NSF	LXX_WH
Jób 3:6	G0667	απενεγκαιτο	V-AMO-3S	LXX_WH
Jób 3:6	G0846	αυτην	D-ASF	LXX_WH
Jób 3:6	G4655	σκοτος	N-NSN	LXX_WH
Jób 3:6	G3165	μη	ADV	LXX_WH
Jób 3:6	G1510	ειη	V-PAO-3S	LXX_WH
Jób 3:6	G1519	εις	PREP	LXX_WH
Jób 3:6	G2250	ημερας	N-APF	LXX_WH
Jób 3:6	G1763	ενιαυτου	N-GSM	LXX_WH
Jób 3:6	G3366	μηδε	CONJ	LXX_WH
Jób 3:6	G0705	αριθμηθειη	V-APO-3S	LXX_WH
Jób 3:6	G1519	εις	PREP	LXX_WH
Jób 3:6	G2250	ημερας	N-APF	LXX_WH
Jób 3:6	G3303	μηνων	N-GPM	LXX_WH
Jób 3:7	G0235	αλλα	CONJ	LXX_WH
Jób 3:7	G3588	η	T-NSF	LXX_WH
Jób 3:7	G3571	νυξ	N-NSF	LXX_WH
Jób 3:7	G1565	εκεινη	D-NSF	LXX_WH
Jób 3:7	G1510	ειη	V-PAO-3S	LXX_WH
Jób 3:7	G3601	οδυνη	N-NSF	LXX_WH
Jób 3:7	G2532	και	CONJ	LXX_WH
Jób 3:7	G3165	μη	ADV	LXX_WH
Jób 3:7	G2064	ελθοι	V-AAO-3S	LXX_WH
Jób 3:7	G1909	επ	PREP	LXX_WH
Jób 3:7	G0846	αυτην	D-ASF	LXX_WH
Jób 3:7	G2167	ευφροσυνη	N-NSF	LXX_WH
Jób 3:7	G3366	μηδε	CONJ	LXX_WH
Jób 3:7	G5487	χαρμονη	N-NSF	ABP-potolt
Jób 3:8	G0235	αλλα	CONJ	LXX_WH
Jób 3:8		καταρασαιτο	V-AMO-3S	ELTERO_SZOVEGALAP
Jób 3:8	G0846	αυτην	D-ASF	LXX_WH
Jób 3:8	G3588	ο	T-NSM	LXX_WH
Jób 3:8	G2672	καταρωμενος	V-PMPNS	LXX_WH
Jób 3:8	G3588	την	T-ASF	LXX_WH
Jób 3:8	G2250	ημεραν	N-ASF	LXX_WH
Jób 3:8	G1565	εκεινην	D-ASF	LXX_WH
Jób 3:8	G3588	ο	T-NSM	LXX_WH
Jób 3:8	G3195	μελλων	V-PAPNS	LXX_WH
Jób 3:8	G3588	το	T-ASN	LXX_WH
Jób 3:8	G3173	μεγα	A-ASN	LXX_WH
Jób 3:8	G2785	κητος	N-ASN	LXX_WH
Jób 3:8		χειρωσασθαι	V-AMN	ELTERO_SZOVEGALAP
Jób 3:9	G4656	σκοτωθειη	V-APO-3S	LXX_WH
Jób 3:9	G3588	τα	T-NPN	LXX_WH
Jób 3:9	G0798	αστρα	N-NPN	LXX_WH
Jób 3:9	G3588	της	T-GSF	LXX_WH
Jób 3:9	G3571	νυκτος	N-GSF	LXX_WH
Jób 3:9	G1565	εκεινης	D-GSF	LXX_WH
Jób 3:9	G5278	υπομειναι	V-AAO-3S	LXX_WH
Jób 3:9	G2532	και	ADV	LXX_WH
Jób 3:9	G1519	εις	PREP	LXX_WH
Jób 3:9	G5462	φωτισμον	N-ASM	LXX_WH
Jób 3:9	G3165	μη	ADV	LXX_WH
Jób 3:9	G2064	ελθοι	V-AAO-3S	LXX_WH
Jób 3:9	G2532	και	CONJ	LXX_WH
Jób 3:9	G3165	μη	ADV	LXX_WH
Jób 3:9	G3708	ιδοι	V-AAO-3S	LXX_WH
Jób 3:9		εωσφορον	N-ASM	ELTERO_SZOVEGALAP
Jób 3:9	G0393	ανατελλοντα	V-PAPAS	LXX_WH
Jób 3:10	G3754	οτι	CONJ	LXX_WH
Jób 3:10	G3364	ου	ADV	LXX_WH
Jób 3:10	G4788	συνεκλεισεν	V-AAI-3S	LXX_WH
Jób 3:10	G4439	πυλας	N-APF	LXX_WH
Jób 3:10	G1064	γαστρος	N-GSF	LXX_WH
Jób 3:10	G3384	μητρος	N-GSF	LXX_WH
Jób 3:10	G1473	μου	P-GS	LXX_WH
Jób 3:10	G0525	απηλλαξεν	V-AAI-3S	LXX_WH
Jób 3:10	G1063	γαρ	PRT	LXX_WH
Jób 3:10	G0302	αν	PRT	LXX_WH
Jób 3:10	G4192	πονον	N-ASM	LXX_WH
Jób 3:10	G0575	απο	PREP	LXX_WH
Jób 3:10	G3788	οφθαλμων	N-GPM	LXX_WH
Jób 3:10	G1473	μου	P-GS	LXX_WH
Jób 3:11	G1223	δια	PREP	LXX_WH
Jób 3:11	G5100	τι	I-ASN	LXX_WH
Jób 3:11	G1063	γαρ	PRT	LXX_WH
Jób 3:11	G1722	εν	PREP	LXX_WH
Jób 3:11	G2836	κοιλια	N-DSF	LXX_WH
Jób 3:11	G3364	ουκ	ADV	LXX_WH
Jób 3:11	G5053	ετελευτησα	V-AAI-1S	LXX_WH
Jób 3:11	G1537	εκ	PREP	LXX_WH
Jób 3:11	G1064	γαστρος	N-GSF	LXX_WH
Jób 3:11	G1161	δε	PRT	LXX_WH
Jób 3:11	G1831	εξηλθον	V-AAI-1S	LXX_WH
Jób 3:11	G2532	και	ADV	LXX_WH
Jób 3:11	G3364	ουκ	ADV	LXX_WH
Jób 3:11	G2117	ευθυς	ADV	LXX_WH
Jób 3:11		απωλομην	V-AMI-1S	ELTERO_SZOVEGALAP
Jób 3:12	G2443	ινα	CONJ	LXX_WH
Jób 3:12	G5100	τι	I-ASN	LXX_WH
Jób 3:12	G1161	δε	PRT	LXX_WH
Jób 3:12	G4876	συνηντησαν	V-AAI-3P	LXX_WH
Jób 3:12	G1473	μοι	P-DS	LXX_WH
Jób 3:12	G1119	γονατα	N-NPN	LXX_WH
Jób 3:12	G2443	ινα	CONJ	LXX_WH
Jób 3:12	G5100	τι	I-ASN	LXX_WH
Jób 3:12	G1161	δε	PRT	LXX_WH
Jób 3:12	G3149	μαστους	N-APM	LXX_WH
Jób 3:12	G2337	εθηλασα	V-AAI-1S	LXX_WH
Jób 3:13	G3568	νυν	ADV	LXX_WH
Jób 3:13	G0302	αν	PRT	LXX_WH
Jób 3:13	G2837	κοιμηθεις	V-APPNS	LXX_WH
Jób 3:13	G2270	ησυχασα	V-AAI-1S	LXX_WH
Jób 3:13		υπνωσας	V-AAPNS	ELTERO_SZOVEGALAP
Jób 3:13	G1161	δε	PRT	LXX_WH
Jób 3:13	G0373	ανεπαυσαμην	V-AMI-1S	LXX_WH
Jób 3:14	G3326	μετα	PREP	LXX_WH
Jób 3:14	G0935	βασιλεων	N-GPM	LXX_WH
Jób 3:14	G1010	βουλευτων	N-GPM	LXX_WH
Jób 3:14	G1065	γης	N-GSF	LXX_WH
Jób 3:14	G3739	οι	R-NPM	LXX_WH
Jób 3:14	G1064	ηγαυριωντο	V-IMI-3P	ABP-potolt
Jób 3:14	G1909	επι	PREP	LXX_WH
Jób 3:14	G3584	ξιφεσιν	N-DPN	ABP-potolt
Jób 3:15	G2228	η	CONJ	LXX_WH
Jób 3:15	G3326	μετα	PREP	LXX_WH
Jób 3:15	G0758	αρχοντων	N-GPM	LXX_WH
Jób 3:15	G3739	ων	R-GPM	LXX_WH
Jób 3:15	G4183	πολυς	A-NSM	LXX_WH
Jób 3:15	G3588	ο	T-NSM	LXX_WH
Jób 3:15	G5557	χρυσος	N-NSM	LXX_WH
Jób 3:15	G3739	οι	R-NPM	LXX_WH
Jób 3:15		επλησαν	V-AAI-3P	
Jób 3:15	G3588	τους	T-APM	LXX_WH
Jób 3:15	G3624	οικους	N-APM	LXX_WH
Jób 3:15	G0846	αυτων	D-GPM	LXX_WH
Jób 3:15	G0694	αργυριου	N-GSN	LXX_WH
Jób 3:16	G2228	η	CONJ	LXX_WH
Jób 3:16	G3746	ωσπερ	ADV	LXX_WH
Jób 3:16	G1626	εκτρωμα	N-NSN	LXX_WH
Jób 3:16	G1607	εκπορευομενον	V-PMPNS	LXX_WH
Jób 3:16	G1537	εκ	PREP	LXX_WH
Jób 3:16	G3388	μητρας	N-GSF	LXX_WH
Jób 3:16	G3384	μητρος	N-GSF	LXX_WH
Jób 3:16	G2228	η	CONJ	LXX_WH
Jób 3:16	G3746	ωσπερ	ADV	LXX_WH
Jób 3:16	G3516	νηπιοι	A-NPM	LXX_WH
Jób 3:16	G3739	οι	R-NPM	LXX_WH
Jób 3:16	G3364	ουκ	ADV	LXX_WH
Jób 3:16	G3708	ειδον	V-AAI-3P	LXX_WH
Jób 3:16	G5457	φως	N-ASN	LXX_WH
Jób 3:17	G1563	εκει	ADV	LXX_WH
Jób 3:17	G0765	ασεβεις	A-NPM	LXX_WH
Jób 3:17	G1572	εξεκαυσαν	V-AAI-3P	LXX_WH
Jób 3:17	G2372	θυμον	N-ASM	LXX_WH
Jób 3:17	G3709	οργης	N-GSF	LXX_WH
Jób 3:17	G1563	εκει	ADV	LXX_WH
Jób 3:17	G0373	ανεπαυσαντο	V-AMI-3P	LXX_WH
Jób 3:17	G2628	κατακοποι	A-NPM	ABP-potolt
Jób 3:17	G3588	τω	T-DSN	LXX_WH
Jób 3:17	G4983	σωματι	N-DSN	LXX_WH
Jób 3:18	G3661	ομοθυμαδον	ADV	LXX_WH
Jób 3:18	G1161	δε	PRT	LXX_WH
Jób 3:18	G3588	οι	T-NPM	LXX_WH
Jób 3:18	G0166	αιωνιοι	A-NPM	LXX_WH
Jób 3:18	G3364	ουκ	ADV	LXX_WH
Jób 3:18	G0191	ηκουσαν	V-AAI-3P	LXX_WH
Jób 3:18	G5456	φωνην	N-ASF	LXX_WH
Jób 3:18	G5409	φορολογου	N-GSM	ABP-potolt
Jób 3:19	G3398	μικρος	A-NSM	LXX_WH
Jób 3:19	G2532	και	CONJ	LXX_WH
Jób 3:19	G3173	μεγας	A-NSM	LXX_WH
Jób 3:19	G1563	εκει	ADV	LXX_WH
Jób 3:19	G1510	εστιν	V-PAI-3S	LXX_WH
Jób 3:19	G2532	και	CONJ	LXX_WH
Jób 3:19	G2324	θεραπων	N-NSM	LXX_WH
Jób 3:19	G3364	ου	ADV	LXX_WH
Jób 3:19		δεδοικως	V-RAPNS	ELTERO_SZOVEGALAP
Jób 3:19	G3588	τον	T-ASM	LXX_WH
Jób 3:19	G2962	κυριον	N-ASM	LXX_WH
Jób 3:19	G0846	αυτου	D-GSM	LXX_WH
Jób 3:20	G2443	ινα	CONJ	LXX_WH
Jób 3:20	G5100	τι	I-ASN	LXX_WH
Jób 3:20	G1063	γαρ	PRT	LXX_WH
Jób 3:20	G1325	δεδοται	V-RMI-3S	LXX_WH
Jób 3:20	G3588	τοις	T-DPM	LXX_WH
Jób 3:20	G1722	εν	PREP	LXX_WH
Jób 3:20	G4088	πικρια	N-DSF	LXX_WH
Jób 3:20	G5457	φως	N-NSN	LXX_WH
Jób 3:20	G2222	ζωη	N-NSF	LXX_WH
Jób 3:20	G1161	δε	PRT	LXX_WH
Jób 3:20	G3588	ταις	T-DPF	LXX_WH
Jób 3:20	G1722	εν	PREP	LXX_WH
Jób 3:20	G3601	οδυναις	N-DPF	LXX_WH
Jób 3:20	G5590	ψυχαις	N-DPF	LXX_WH
Jób 3:21	G3739	οι	R-NPM	LXX_WH
Jób 3:21	G2442	ομειρονται	V-PMI-3P	ABP-potolt
Jób 3:21	G3588	του	T-GSM	LXX_WH
Jób 3:21	G2288	θανατου	N-GSM	LXX_WH
Jób 3:21	G2532	και	CONJ	LXX_WH
Jób 3:21	G3364	ου	ADV	LXX_WH
Jób 3:21	G5177	τυγχανουσιν	V-PAI-3P	LXX_WH
Jób 3:21		ανορυσσοντες	V-PAPNP	ELTERO_SZOVEGALAP
Jób 3:21	G3746	ωσπερ	ADV	LXX_WH
Jób 3:21	G2344	θησαυρους	N-APM	LXX_WH
Jób 3:22	G4065	περιχαρεις	A-NPM	ABP-potolt
Jób 3:22	G1161	δε	PRT	LXX_WH
Jób 3:22	G1096	εγενοντο	V-AMI-3P	LXX_WH
Jób 3:22	G1437	εαν	CONJ	LXX_WH
Jób 3:22		κατατυχωσιν	V-AAS-3P	
Jób 3:23	G2288	θανατος	N-NSM	LXX_WH
Jób 3:23	G0435	ανδρι	N-DSM	LXX_WH
Jób 3:23		αναπαυμα	N-NSN	ELTERO_SZOVEGALAP
Jób 3:23	G4788	συνεκλεισεν	V-AAI-3S	LXX_WH
Jób 3:23	G1063	γαρ	PRT	LXX_WH
Jób 3:23	G3588	ο	T-NSM	LXX_WH
Jób 3:23	G2316	θεος	N-NSM	LXX_WH
Jób 3:23	G2596	κατ	PREP	LXX_WH
Jób 3:23	G0846	αυτου	D-GSM	LXX_WH
Jób 3:24	G4253	προ	PREP	LXX_WH
Jób 3:24	G1063	γαρ	PRT	LXX_WH
Jób 3:24	G3588	των	T-GPM	LXX_WH
Jób 3:24	G4621	σιτων	N-GPM	LXX_WH
Jób 3:24	G1473	μου	P-GS	LXX_WH
Jób 3:24	G4726	στεναγμος	N-NSM	LXX_WH
Jób 3:24	G1473	μοι	P-DS	LXX_WH
Jób 3:24	G1854	ηκει	V-PAI-3S	LXX_WH
Jób 3:24	G1145	δακρυω	V-PAI-1S	LXX_WH
Jób 3:24	G1161	δε	PRT	LXX_WH
Jób 3:24	G1473	εγω	P-NS	LXX_WH
Jób 3:24	G4912	συνεχομενος	V-PMPNS	LXX_WH
Jób 3:24	G5401	φοβω	N-DSM	LXX_WH
Jób 3:25	G5401	φοβος	N-NSM	LXX_WH
Jób 3:25	G1063	γαρ	PRT	LXX_WH
Jób 3:25	G3739	ον	R-ASM	LXX_WH
Jób 3:25	G5431	εφροντισα	V-AAI-1S	LXX_WH
Jób 3:25	G2064	ηλθεν	V-AAI-3S	LXX_WH
Jób 3:25	G1473	μοι	P-DS	LXX_WH
Jób 3:25	G2532	και	CONJ	LXX_WH
Jób 3:25	G3739	ον	R-ASM	LXX_WH
Jób 3:25	G1165	εδεδοικειν	V-YAI-1S	ABP-potolt
Jób 3:25	G4876	συνηντησεν	V-AAI-3S	LXX_WH
Jób 3:25	G1473	μοι	P-DS	LXX_WH
Jób 3:26	G3777	ουτε	CONJ	LXX_WH
Jób 3:26	G1514	ειρηνευσα	V-AAI-1S	LXX_WH
Jób 3:26	G3777	ουτε	CONJ	LXX_WH
Jób 3:26	G2270	ησυχασα	V-AAI-1S	LXX_WH
Jób 3:26	G3777	ουτε	CONJ	LXX_WH
Jób 3:26	G0373	ανεπαυσαμην	V-AMI-1S	LXX_WH
Jób 3:26	G2064	ηλθεν	V-AAI-3S	LXX_WH
Jób 3:26	G1161	δε	PRT	LXX_WH
Jób 3:26	G1473	μοι	P-DS	LXX_WH
Jób 3:26	G3709	οργη	N-NSF	LXX_WH
Jób 4:1	G5274	υπολαβων	V-AAPNS	LXX_WH
Jób 4:1	G1161	δε	PRT	LXX_WH
Jób 4:1		ελιφας	N-PRI	ELTERO_SZOVEGALAP
Jób 4:1	G3588	ο	T-NSM	LXX_WH
Jób 4:1		θαιμανιτης	N-NSM	ELTERO_SZOVEGALAP
Jób 4:1	G3004	λεγει	V-PAI-3S	LXX_WH
Jób 4:2	G3165	μη	ADV	LXX_WH
Jób 4:2	G4178	πολλακις	ADV	LXX_WH
Jób 4:2	G4771	σοι	P-DS	LXX_WH
Jób 4:2	G2980	λελαληται	V-RMI-3S	LXX_WH
Jób 4:2	G1722	εν	PREP	LXX_WH
Jób 4:2	G2873	κοπω	N-DSM	LXX_WH
Jób 4:2	G2479	ισχυν	N-ASF	LXX_WH
Jób 4:2	G1161	δε	PRT	LXX_WH
Jób 4:2	G4487	ρηματων	N-GPN	LXX_WH
Jób 4:2	G4771	σου	P-GS	LXX_WH
Jób 4:2	G5100	τις	I-NSM	LXX_WH
Jób 4:2	G5297	υποισει	V-FAI-3S	LXX_WH
Jób 4:3	G1487	ει	CONJ	LXX_WH
Jób 4:3	G1063	γαρ	PRT	LXX_WH
Jób 4:3	G4771	συ	P-NS	LXX_WH
Jób 4:3	G3560	ενουθετησας	V-AAI-2S	LXX_WH
Jób 4:3	G4183	πολλους	A-APM	LXX_WH
Jób 4:3	G2532	και	CONJ	LXX_WH
Jób 4:3	G5495	χειρας	N-APF	LXX_WH
Jób 4:3	G0772	ασθενους	A-APF	LXX_WH
Jób 4:3	G3870	παρεκαλεσας	V-AAI-2S	LXX_WH
Jób 4:4	G0770	ασθενουντας	V-PAPAP	LXX_WH
Jób 4:4	G5037	τε	PRT	LXX_WH
Jób 4:4	G1817	εξανεστησας	V-AAI-2S	ABP-potolt
Jób 4:4	G4487	ρημασιν	N-DPN	LXX_WH
Jób 4:4	G1119	γονασιν	N-DPN	LXX_WH
Jób 4:4	G5037	τε	PRT	LXX_WH
Jób 4:4	G0101	αδυνατουσιν	V-PAPDP	LXX_WH
Jób 4:4	G2294	θαρσος	N-ASN	LXX_WH
Jób 4:4	G4060	περιεθηκας	V-AAI-2S	LXX_WH
Jób 4:5	G3568	νυν	ADV	LXX_WH
Jób 4:5	G1161	δε	PRT	LXX_WH
Jób 4:5	G1854	ηκει	V-PAI-3S	LXX_WH
Jób 4:5	G1909	επι	PREP	LXX_WH
Jób 4:5	G4771	σε	P-AS	LXX_WH
Jób 4:5	G4192	πονος	N-NSM	LXX_WH
Jób 4:5	G2532	και	CONJ	LXX_WH
Jób 4:5	G0680	ηψατο	V-AMI-3S	LXX_WH
Jób 4:5	G4771	σου	P-GS	LXX_WH
Jób 4:5	G4771	συ	P-NS	LXX_WH
Jób 4:5	G1161	δε	PRT	LXX_WH
Jób 4:5	G4704	εσπουδασας	V-AAI-2S	LXX_WH
Jób 4:6	G4220	ποτερον	ADV	LXX_WH
Jób 4:6	G3364	ουχ	ADV	LXX_WH
Jób 4:6	G3588	ο	T-NSM	LXX_WH
Jób 4:6	G5401	φοβος	N-NSM	LXX_WH
Jób 4:6	G4771	σου	P-GS	LXX_WH
Jób 4:6	G1510	εστιν	V-PAI-3S	LXX_WH
Jób 4:6	G1722	εν	PREP	LXX_WH
Jób 4:6	G0877	αφροσυνη	N-DSF	LXX_WH
Jób 4:6	G2532	και	CONJ	LXX_WH
Jób 4:6	G3588	η	T-NSF	LXX_WH
Jób 4:6	G1680	ελπις	N-NSF	LXX_WH
Jób 4:6	G4771	σου	P-GS	LXX_WH
Jób 4:6	G2532	και	CONJ	LXX_WH
Jób 4:6	G3588	η	T-NSF	LXX_WH
Jób 4:6	G2549	ακακια	N-NSF	ABP-potolt
Jób 4:6	G3588	της	T-GSF	LXX_WH
Jób 4:6	G3598	οδου	N-GSF	LXX_WH
Jób 4:6	G4771	σου	P-GS	LXX_WH
Jób 4:7	G3403	μνησθητι	V-APD-2S	LXX_WH
Jób 4:7	G3767	ουν	PRT	LXX_WH
Jób 4:7	G5100	τις	I-NSM	LXX_WH
Jób 4:7	G2513	καθαρος	A-NSM	LXX_WH
Jób 4:7	G1510	ων	V-PAPNS	LXX_WH
Jób 4:7		απωλετο	V-AMI-3S	ELTERO_SZOVEGALAP
Jób 4:7	G2228	η	CONJ	LXX_WH
Jób 4:7	G4218	ποτε	ADV	LXX_WH
Jób 4:7	G0228	αληθινοι	A-NPM	LXX_WH
Jób 4:7		ολορριζοι	A-NPM	ELTERO_SZOVEGALAP
Jób 4:7		απωλοντο	V-AMI-3P	ELTERO_SZOVEGALAP
Jób 4:8	G2596	καθ	PREP	LXX_WH
Jób 4:8	G3739	ον	R-ASM	LXX_WH
Jób 4:8	G5158	τροπον	N-ASM	LXX_WH
Jób 4:8	G3708	ειδον	V-AAI-1S	LXX_WH
Jób 4:8	G3588	τους	T-APM	LXX_WH
Jób 4:8		αροτριωντας	V-PAPAP	
Jób 4:8	G3588	τα	T-APN	LXX_WH
Jób 4:8	G0824	ατοπα	A-APN	LXX_WH
Jób 4:8	G3588	οι	T-NPM	LXX_WH
Jób 4:8	G1161	δε	PRT	LXX_WH
Jób 4:8	G4687	σπειροντες	V-PAPNP	LXX_WH
Jób 4:8	G0846	αυτα	D-APN	LXX_WH
Jób 4:8	G3601	οδυνας	N-APF	LXX_WH
Jób 4:8	G2325	θεριουσιν	V-FAI-3P	LXX_WH
Jób 4:8	G1438	εαυτοις	D-DPM	LXX_WH
Jób 4:9	G0575	απο	PREP	LXX_WH
Jób 4:9	G4366	προσταγματος	N-GSN	ABP-potolt
Jób 4:9	G2962	κυριου	N-GSM	LXX_WH
Jób 4:9	G0622	απολουνται	V-FMI-3P	ABP-potolt
Jób 4:9	G0575	απο	PREP	LXX_WH
Jób 4:9	G1161	δε	PRT	LXX_WH
Jób 4:9	G4151	πνευματος	N-GSN	LXX_WH
Jób 4:9	G3709	οργης	N-GSF	LXX_WH
Jób 4:9	G0846	αυτου	D-GSM	LXX_WH
Jób 4:9		αφανισθησονται	V-FPI-3P	ELTERO_SZOVEGALAP
Jób 4:10	G4598	σθενος	N-NSN	ABP-potolt
Jób 4:10	G3023	λεοντος	N-GSM	LXX_WH
Jób 4:10	G5456	φωνη	N-NSF	LXX_WH
Jób 4:10	G1161	δε	PRT	LXX_WH
Jób 4:10		λεαινης	N-GSF	ELTERO_SZOVEGALAP
Jób 4:10		γαυριαμα	N-NSN	ELTERO_SZOVEGALAP
Jób 4:10	G1161	δε	PRT	LXX_WH
Jób 4:10	G1404	δρακοντων	N-GPM	LXX_WH
Jób 4:10	G4570	εσβεσθη	V-API-3S	LXX_WH
Jób 4:11		μυρμηκολεων	N-NSM	ELTERO_SZOVEGALAP
Jób 4:11		ωλετο	V-AMI-3S	ELTERO_SZOVEGALAP
Jób 4:11	G3844	παρα	PREP	LXX_WH
Jób 4:11	G3588	το	T-ASN	LXX_WH
Jób 4:11	G3165	μη	ADV	LXX_WH
Jób 4:11	G2192	εχειν	V-PAN	LXX_WH
Jób 4:11		βοραν	N-ASF	ELTERO_SZOVEGALAP
Jób 4:11		σκυμνοι	N-NPM	ELTERO_SZOVEGALAP
Jób 4:11	G1161	δε	PRT	LXX_WH
Jób 4:11	G3023	λεοντων	N-GPM	LXX_WH
Jób 4:11	G3007	ελιπον	V-AAI-3P	LXX_WH
Jób 4:11	G0240	αλληλους	D-APM	ABP-potolt
Jób 4:12	G1487	ει	CONJ	LXX_WH
Jób 4:12	G1161	δε	PRT	LXX_WH
Jób 4:12	G5100	τι	I-NSN	LXX_WH
Jób 4:12	G4487	ρημα	N-NSN	LXX_WH
Jób 4:12	G0228	αληθινον	A-NSN	LXX_WH
Jób 4:12	G1096	εγεγονει	V-YAI-3S	LXX_WH
Jób 4:12	G1722	εν	PREP	LXX_WH
Jób 4:12	G3056	λογοις	N-DPM	LXX_WH
Jób 4:12	G4771	σου	P-GS	LXX_WH
Jób 4:12	G3762	ουθεν	A-NSN	LXX_WH
Jób 4:12	G0302	αν	PRT	LXX_WH
Jób 4:12	G4771	σοι	P-DS	LXX_WH
Jób 4:12	G3778	τουτων	D-GPN	LXX_WH
Jób 4:12	G2556	κακον	A-NSN	LXX_WH
Jób 4:12	G0528	απηντησεν	V-AAI-3S	LXX_WH
Jób 4:12	G4220	ποτερον	ADV	LXX_WH
Jób 4:12	G3364	ου	ADV	LXX_WH
Jób 4:12	G1209	δεξεται	V-FMI-3S	LXX_WH
Jób 4:12	G1473	μου	P-GS	LXX_WH
Jób 4:12	G3588	το	T-NSN	LXX_WH
Jób 4:12	G3775	ους	N-NSN	LXX_WH
Jób 4:12	G1808	εξαισια	A-APN	ABP-potolt
Jób 4:12	G3844	παρ	PREP	LXX_WH
Jób 4:12	G0846	αυτου	D-GSM	LXX_WH
Jób 4:13	G5401	φοβοι	N-NPM	LXX_WH
Jób 4:13	G1161	δε	PRT	LXX_WH
Jób 4:13	G2532	και	CONJ	LXX_WH
Jób 4:13	G2192	ηχω	N-NSF	LXX_WH
Jób 4:13		νυκτερινη	A-NSF	ELTERO_SZOVEGALAP
Jób 4:13	G1968	επιπιπτων	V-PAPNS	LXX_WH
Jób 4:13	G5401	φοβος	N-NSM	LXX_WH
Jób 4:13	G1909	επ	PREP	LXX_WH
Jób 4:13	G0444	ανθρωπους	N-APM	LXX_WH
Jób 4:14		φρικη	N-NSF	ELTERO_SZOVEGALAP
Jób 4:14	G1161	δε	PRT	LXX_WH
Jób 4:14	G1473	μοι	P-DS	LXX_WH
Jób 4:14	G4876	συνηντησεν	V-AAI-3S	LXX_WH
Jób 4:14	G2532	και	CONJ	LXX_WH
Jób 4:14	G5156	τρομος	N-NSM	LXX_WH
Jób 4:14	G2532	και	CONJ	LXX_WH
Jób 4:14	G3171	μεγαλως	ADV	LXX_WH
Jób 4:14	G1473	μου	P-GS	LXX_WH
Jób 4:14	G3588	τα	T-NPN	LXX_WH
Jób 4:14	G3747	οστα	N-NPN	LXX_WH
Jób 4:14	G4952	συνεσεισεν	V-AAI-3S	ABP-potolt
Jób 4:15	G2532	και	CONJ	LXX_WH
Jób 4:15	G4151	πνευμα	N-NSN	LXX_WH
Jób 4:15	G1909	επι	PREP	LXX_WH
Jób 4:15	G4383	προσωπον	N-ASN	LXX_WH
Jób 4:15	G1473	μου	P-GS	LXX_WH
Jób 4:15		επηλθεν	V-AAI-3S	ELTERO_SZOVEGALAP
Jób 4:15		εφριξαν	V-AAI-3P	ELTERO_SZOVEGALAP
Jób 4:15	G1161	δε	PRT	LXX_WH
Jób 4:15	G1473	μου	P-GS	LXX_WH
Jób 4:15	G2359	τριχες	N-NPF	LXX_WH
Jób 4:15	G2532	και	CONJ	LXX_WH
Jób 4:15	G4561	σαρκες	N-NPF	LXX_WH
Jób 4:16	G0450	ανεστην	V-AAI-1S	LXX_WH
Jób 4:16	G2532	και	CONJ	LXX_WH
Jób 4:16	G3364	ουκ	ADV	LXX_WH
Jób 4:16	G1921	επεγνων	V-AAI-1S	LXX_WH
Jób 4:16	G3708	ειδον	V-AAI-1S	LXX_WH
Jób 4:16	G2532	και	CONJ	LXX_WH
Jób 4:16	G3364	ουκ	ADV	LXX_WH
Jób 4:16	G1510	ην	V-IAI-3S	LXX_WH
Jób 4:16	G3444	μορφη	N-NSF	LXX_WH
Jób 4:16	G4253	προ	PREP	LXX_WH
Jób 4:16	G3788	οφθαλμων	N-GPM	LXX_WH
Jób 4:16	G1473	μου	P-GS	LXX_WH
Jób 4:16	G0235	αλλ	CONJ	LXX_WH
Jób 4:16	G2228	η	CONJ	LXX_WH
Jób 4:16		αυραν	N-ASF	ELTERO_SZOVEGALAP
Jób 4:16	G2532	και	CONJ	LXX_WH
Jób 4:16	G5456	φωνην	N-ASF	LXX_WH
Jób 4:16	G0191	ηκουον	V-IAI-1S	LXX_WH
Jób 4:17	G5100	τι	I-NSN	LXX_WH
Jób 4:17	G1063	γαρ	PRT	LXX_WH
Jób 4:17	G3165	μη	ADV	LXX_WH
Jób 4:17	G2513	καθαρος	A-NSM	LXX_WH
Jób 4:17	G1510	εσται	V-FMI-3S	LXX_WH
Jób 4:17	G1027	βροτος	N-NSM	ABP-potolt
Jób 4:17	G1726	εναντιον	PREP	LXX_WH
Jób 4:17	G2962	κυριου	N-GSM	LXX_WH
Jób 4:17	G2228	η	CONJ	LXX_WH
Jób 4:17	G0575	απο	PREP	LXX_WH
Jób 4:17	G3588	των	T-GPN	LXX_WH
Jób 4:17	G2041	εργων	N-GPN	LXX_WH
Jób 4:17	G0846	αυτου	D-GSM	LXX_WH
Jób 4:17	G0273	αμεμπτος	A-NSM	LXX_WH
Jób 4:17	G0435	ανηρ	N-NSM	LXX_WH
Jób 4:18	G1487	ει	CONJ	LXX_WH
Jób 4:18	G2596	κατα	PREP	LXX_WH
Jób 4:18	G3816	παιδων	N-GPM	LXX_WH
Jób 4:18	G0846	αυτου	D-GSM	LXX_WH
Jób 4:18	G3364	ου	ADV	LXX_WH
Jób 4:18	G4100	πιστευει	V-PAI-3S	LXX_WH
Jób 4:18	G2596	κατα	PREP	LXX_WH
Jób 4:18	G1161	δε	PRT	LXX_WH
Jób 4:18	G0032	αγγελων	N-GPM	LXX_WH
Jób 4:18	G0846	αυτου	D-GSM	LXX_WH
Jób 4:18	G4646	σκολιον	A-ASN	LXX_WH
Jób 4:18	G5100	τι	I-ASN	LXX_WH
Jób 4:18	G1962	επενοησεν	V-AAI-3S	ABP-potolt
Jób 4:19	G3588	τους	T-APM	LXX_WH
Jób 4:19	G1161	δε	PRT	LXX_WH
Jób 4:19		κατοικουντας	V-PAPAP	ELTERO_SZOVEGALAP
Jób 4:19	G3614	οικιας	N-APF	LXX_WH
Jób 4:19	G4080	πηλινας	A-APF	ABP-potolt
Jób 4:19	G1537	εξ	PREP	LXX_WH
Jób 4:19	G3739	ων	R-GPM	LXX_WH
Jób 4:19	G2532	και	CONJ	LXX_WH
Jób 4:19	G0846	αυτοι	D-NPM	LXX_WH
Jób 4:19	G1537	εκ	PREP	LXX_WH
Jób 4:19	G3588	του	T-GSM	LXX_WH
Jób 4:19	G0846	αυτου	D-GSM	LXX_WH
Jób 4:19	G4081	πηλου	N-GSM	LXX_WH
Jób 4:19	G1510	εσμεν	V-PAI-1P	LXX_WH
Jób 4:19	G3817	επαισεν	V-AAI-3S	LXX_WH
Jób 4:19	G0846	αυτους	D-APM	LXX_WH
Jób 4:19	G4597	σητος	N-GSM	LXX_WH
Jób 4:19	G5158	τροπον	N-ASM	LXX_WH
Jób 4:20	G2532	και	CONJ	LXX_WH
Jób 4:20	G0575	απο	PREP	LXX_WH
Jób 4:20	G4405	πρωιθεν	ADV	ABP-potolt
Jób 4:20	G2193	εως	PREP	LXX_WH
Jób 4:20	G2073	εσπερας	N-GSF	LXX_WH
Jób 4:20	G3765	ουκετι	ADV	LXX_WH
Jób 4:20	G1510	εισιν	V-PAI-3P	LXX_WH
Jób 4:20	G3844	παρα	PREP	LXX_WH
Jób 4:20	G3588	το	T-ASN	LXX_WH
Jób 4:20	G3165	μη	ADV	LXX_WH
Jób 4:20	G1410	δυνασθαι	V-PMN	LXX_WH
Jób 4:20	G0846	αυτους	D-APM	LXX_WH
Jób 4:20	G1438	εαυτοις	D-DPM	LXX_WH
Jób 4:20	G0997	βοηθησαι	V-AAN	LXX_WH
Jób 4:20		απωλοντο	V-AMI-3P	ELTERO_SZOVEGALAP
Jób 4:21	G1720	ενεφυσησεν	V-AAI-3S	LXX_WH
Jób 4:21	G1063	γαρ	PRT	LXX_WH
Jób 4:21	G0846	αυτοις	D-DPM	LXX_WH
Jób 4:21	G2532	και	CONJ	LXX_WH
Jób 4:21	G3583	εξηρανθησαν	V-API-3P	LXX_WH
Jób 4:21		απωλοντο	V-AMI-3P	ELTERO_SZOVEGALAP
Jób 4:21	G3844	παρα	PREP	LXX_WH
Jób 4:21	G3588	το	T-ASN	LXX_WH
Jób 4:21	G3165	μη	ADV	LXX_WH
Jób 4:21	G2192	εχειν	V-PAN	LXX_WH
Jób 4:21	G0846	αυτους	D-APM	LXX_WH
Jób 4:21	G4678	σοφιαν	N-ASF	LXX_WH
Jób 5:1		επικαλεσαι	V-AMD-2S	ELTERO_SZOVEGALAP
Jób 5:1	G1161	δε	PRT	LXX_WH
Jób 5:1	G1487	ει	CONJ	LXX_WH
Jób 5:1	G5100	τις	I-NSM	LXX_WH
Jób 5:1	G4771	σοι	P-DS	LXX_WH
Jób 5:1	G5219	υπακουσεται	V-FMI-3S	LXX_WH
Jób 5:1	G2228	η	CONJ	LXX_WH
Jób 5:1	G1487	ει	CONJ	LXX_WH
Jób 5:1	G5100	τινα	I-ASM	LXX_WH
Jób 5:1	G0032	αγγελων	N-GPM	LXX_WH
Jób 5:1	G0040	αγιων	A-GPM	LXX_WH
Jób 5:1	G3708	οψη	V-FMI-2S	LXX_WH
Jób 5:2	G2532	και	CONJ	LXX_WH
Jób 5:2	G1063	γαρ	PRT	LXX_WH
Jób 5:2	G0878	αφρονα	A-ASM	LXX_WH
Jób 5:2	G0337	αναιρει	V-PAI-3S	LXX_WH
Jób 5:2	G3709	οργη	N-NSF	LXX_WH
Jób 5:2	G4105	πεπλανημενον	V-RPPAS	LXX_WH
Jób 5:2	G1161	δε	PRT	LXX_WH
Jób 5:2	G2289	θανατοι	V-PAI-3S	LXX_WH
Jób 5:2	G2205	ζηλος	N-NSM	LXX_WH
Jób 5:3	G1473	εγω	P-NS	LXX_WH
Jób 5:3	G1161	δε	PRT	LXX_WH
Jób 5:3	G3708	εωρακα	V-RAI-1S	LXX_WH
Jób 5:3	G0878	αφρονας	A-APM	LXX_WH
Jób 5:3	G4491	ριζαν	N-ASF	ABP-potolt
Jób 5:3	G0906	βαλλοντας	V-PAPAP	LXX_WH
Jób 5:3	G0235	αλλ	CONJ	LXX_WH
Jób 5:3	G2112	ευθεως	ADV	LXX_WH
Jób 5:3	G0977	εβρωθη	V-API-3S	LXX_WH
Jób 5:3	G0846	αυτων	D-GPM	LXX_WH
Jób 5:3	G3588	η	T-NSF	LXX_WH
Jób 5:3		διαιτα	N-NSF	ELTERO_SZOVEGALAP
Jób 5:4	G4206	πορρω	ADV	ABP-potolt
Jób 5:4	G1096	γενοιντο	V-AMO-3P	LXX_WH
Jób 5:4	G3588	οι	T-NPM	LXX_WH
Jób 5:4	G5207	υιοι	N-NPM	LXX_WH
Jób 5:4	G0846	αυτων	D-GPM	LXX_WH
Jób 5:4	G0575	απο	PREP	LXX_WH
Jób 5:4	G4991	σωτηριας	N-GSF	LXX_WH
Jób 5:4		κολαβρισθειησαν	V-APO-3P	ELTERO_SZOVEGALAP
Jób 5:4	G1161	δε	PRT	LXX_WH
Jób 5:4	G1909	επι	PREP	LXX_WH
Jób 5:4	G2374	θυραις	N-DPF	LXX_WH
Jób 5:4	G2276	ησσονων	A-GPM	ABP-potolt
Jób 5:4	G2532	και	CONJ	LXX_WH
Jób 5:4	G3364	ουκ	ADV	LXX_WH
Jób 5:4	G1510	εσται	V-FMI-3S	LXX_WH
Jób 5:4	G3588	ο	T-NSM	LXX_WH
Jób 5:4	G1807	εξαιρουμενος	V-PMPNS	LXX_WH
Jób 5:5	G3739	α	R-APN	LXX_WH
Jób 5:5	G1063	γαρ	PRT	LXX_WH
Jób 5:5	G1565	εκεινοι	D-NPM	LXX_WH
Jób 5:5	G4863	συνηγαγον	V-AAI-3P	LXX_WH
Jób 5:5	G1342	δικαιοι	A-NPM	LXX_WH
Jób 5:5	G2068	εδονται	V-FMI-3P	LXX_WH
Jób 5:5	G0846	αυτοι	D-NPM	LXX_WH
Jób 5:5	G1161	δε	PRT	LXX_WH
Jób 5:5	G1537	εκ	PREP	LXX_WH
Jób 5:5	G2556	κακων	A-GPN	LXX_WH
Jób 5:5	G3364	ουκ	ADV	LXX_WH
Jób 5:5		εξαιρετοι	A-NPM	ELTERO_SZOVEGALAP
Jób 5:5	G1510	εσονται	V-FMI-3P	LXX_WH
Jób 5:5		εκσιφωνισθειη	V-APO-3S	ELTERO_SZOVEGALAP
Jób 5:5	G0846	αυτων	D-GPM	LXX_WH
Jób 5:5	G3588	η	T-NSF	LXX_WH
Jób 5:5	G2479	ισχυς	N-NSF	LXX_WH
Jób 5:6	G3364	ου	ADV	LXX_WH
Jób 5:6	G1063	γαρ	PRT	LXX_WH
Jób 5:6	G3165	μη	ADV	LXX_WH
Jób 5:6	G1831	εξελθη	V-AAS-3S	LXX_WH
Jób 5:6	G1537	εκ	PREP	LXX_WH
Jób 5:6	G3588	της	T-GSF	LXX_WH
Jób 5:6	G1065	γης	N-GSF	LXX_WH
Jób 5:6	G2873	κοπος	N-NSM	LXX_WH
Jób 5:6	G3761	ουδε	CONJ	LXX_WH
Jób 5:6	G1537	εξ	PREP	LXX_WH
Jób 5:6	G3735	ορεων	N-GPN	LXX_WH
Jób 5:6	G0307	αναβλαστησει	V-FAI-3S	ABP-potolt
Jób 5:6	G4192	πονος	N-NSM	LXX_WH
Jób 5:7	G0235	αλλα	CONJ	LXX_WH
Jób 5:7	G0444	ανθρωπος	N-NSM	LXX_WH
Jób 5:7	G1080	γενναται	V-PMI-3S	LXX_WH
Jób 5:7	G2873	κοπω	N-DSM	LXX_WH
Jób 5:7	G3502	νεοσσοι	N-NPM	LXX_WH
Jób 5:7	G1161	δε	PRT	LXX_WH
Jób 5:7		γυπος	N-GSM	ELTERO_SZOVEGALAP
Jób 5:7	G3588	τα	T-APN	LXX_WH
Jób 5:7	G5308	υψηλα	A-APN	LXX_WH
Jób 5:7	G4072	πετονται	V-PMI-3P	LXX_WH
Jób 5:8	G3364	ου	ADV	LXX_WH
Jób 5:8	G3303	μην	PRT	LXX_WH
Jób 5:8	G1161	δε	PRT	LXX_WH
Jób 5:8	G0235	αλλα	CONJ	LXX_WH
Jób 5:8	G1473	εγω	P-NS	LXX_WH
Jób 5:8	G1210	δεηθησομαι	V-FPI-1S	LXX_WH
Jób 5:8	G2962	κυριου	N-GSM	LXX_WH
Jób 5:8	G2962	κυριον	N-ASM	LXX_WH
Jób 5:8	G1161	δε	PRT	LXX_WH
Jób 5:8	G3588	τον	T-ASM	LXX_WH
Jób 5:8	G3956	παντων	A-GPM	LXX_WH
Jób 5:8	G1203	δεσποτην	N-ASM	LXX_WH
Jób 5:8		επικαλεσομαι	V-FMI-1S	ELTERO_SZOVEGALAP
Jób 5:9	G3588	τον	T-ASM	LXX_WH
Jób 5:9	G4160	ποιουντα	V-PAPAS	LXX_WH
Jób 5:9	G3173	μεγαλα	A-APN	LXX_WH
Jób 5:9	G2532	και	CONJ	LXX_WH
Jób 5:9	G0421	ανεξιχνιαστα	A-APN	LXX_WH
Jób 5:9	G1741	ενδοξα	A-APN	LXX_WH
Jób 5:9	G5037	τε	PRT	LXX_WH
Jób 5:9	G2532	και	CONJ	LXX_WH
Jób 5:9	G1808	εξαισια	A-APN	ABP-potolt
Jób 5:9	G3739	ων	R-GPN	LXX_WH
Jób 5:9	G3364	ουκ	ADV	LXX_WH
Jób 5:9	G1510	εστιν	V-PAI-3S	LXX_WH
Jób 5:9	G0706	αριθμος	N-NSM	LXX_WH
Jób 5:10	G3588	τον	T-ASM	LXX_WH
Jób 5:10	G1325	διδοντα	V-PAPAS	LXX_WH
Jób 5:10	G5205	υετον	N-ASM	LXX_WH
Jób 5:10	G1909	επι	PREP	LXX_WH
Jób 5:10	G3588	την	T-ASF	LXX_WH
Jób 5:10	G1065	γην	N-ASF	LXX_WH
Jób 5:10	G0649	αποστελλοντα	V-PAPAS	LXX_WH
Jób 5:10	G5204	υδωρ	N-ASN	LXX_WH
Jób 5:10	G1909	επι	PREP	LXX_WH
Jób 5:10	G3588	την	T-ASF	LXX_WH
Jób 5:10	G5259	υπ	PREP	LXX_WH
Jób 5:10	G3772	ουρανον	N-ASM	LXX_WH
Jób 5:11	G3588	τον	T-ASM	LXX_WH
Jób 5:11	G4160	ποιουντα	V-PAPAS	LXX_WH
Jób 5:11	G5011	ταπεινους	A-APM	LXX_WH
Jób 5:11	G1519	εις	PREP	LXX_WH
Jób 5:11	G5311	υψος	N-ASN	LXX_WH
Jób 5:11	G2532	και	CONJ	LXX_WH
Jób 5:11	G0622	απολωλοτας	V-RAPAP	ABP-potolt
Jób 5:11	G1825	εξεγειροντα	V-PAPAS	LXX_WH
Jób 5:12	G1286	διαλλασσοντα	V-PAPAS	ABP-potolt
Jób 5:12	G1012	βουλας	N-APF	LXX_WH
Jób 5:12	G3835	πανουργων	A-GPM	LXX_WH
Jób 5:12	G2532	και	CONJ	LXX_WH
Jób 5:12	G3364	ου	ADV	LXX_WH
Jób 5:12	G3165	μη	ADV	LXX_WH
Jób 5:12	G4160	ποιησουσιν	V-FAI-3P	LXX_WH
Jób 5:12	G3588	αι	T-NPF	LXX_WH
Jób 5:12	G5495	χειρες	N-NPF	LXX_WH
Jób 5:12	G0846	αυτων	D-GPM	LXX_WH
Jób 5:12	G0227	αληθες	A-ASN	LXX_WH
Jób 5:13	G3588	ο	T-NSM	LXX_WH
Jób 5:13	G2638	καταλαμβανων	V-PAPNS	LXX_WH
Jób 5:13	G4680	σοφους	A-APM	LXX_WH
Jób 5:13	G1722	εν	PREP	LXX_WH
Jób 5:13	G3588	τη	T-DSF	LXX_WH
Jób 5:13	G5428	φρονησει	N-DSF	LXX_WH
Jób 5:13	G1012	βουλην	N-ASF	LXX_WH
Jób 5:13	G1161	δε	PRT	LXX_WH
Jób 5:13		πολυπλοκων	A-GPM	ELTERO_SZOVEGALAP
Jób 5:13	G1839	εξεστησεν	V-AAI-3S	LXX_WH
Jób 5:14	G2250	ημερας	N-GSF	LXX_WH
Jób 5:14	G4876	συναντησεται	V-FMI-3S	LXX_WH
Jób 5:14	G0846	αυτοις	D-DPM	LXX_WH
Jób 5:14	G4655	σκοτος	N-NSN	LXX_WH
Jób 5:14	G3588	το	T-ASN	LXX_WH
Jób 5:14	G1161	δε	PRT	LXX_WH
Jób 5:14	G3314	μεσημβρινον	A-ASN	ABP-potolt
Jób 5:14	G5584	ψηλαφησαισαν	V-AAO-3P	LXX_WH
Jób 5:14	G2470	ισα	ADV	LXX_WH
Jób 5:14	G3571	νυκτι	N-DSF	LXX_WH
Jób 5:15		απολοιντο	V-AMO-3P	ELTERO_SZOVEGALAP
Jób 5:15	G1161	δε	PRT	LXX_WH
Jób 5:15	G1722	εν	PREP	LXX_WH
Jób 5:15	G4171	πολεμω	N-DSM	LXX_WH
Jób 5:15	G0102	αδυνατος	A-NSM	LXX_WH
Jób 5:15	G1161	δε	PRT	LXX_WH
Jób 5:15	G1831	εξελθοι	V-AAO-3S	LXX_WH
Jób 5:15	G1537	εκ	PREP	LXX_WH
Jób 5:15	G5495	χειρος	N-GSF	LXX_WH
Jób 5:15	G1413	δυναστου	N-GSM	LXX_WH
Jób 5:16	G1510	ειη	V-PAO-3S	LXX_WH
Jób 5:16	G1161	δε	PRT	LXX_WH
Jób 5:16	G0102	αδυνατω	A-DSM	LXX_WH
Jób 5:16	G1680	ελπις	N-NSF	LXX_WH
Jób 5:16	G0094	αδικου	A-GSM	LXX_WH
Jób 5:16	G1161	δε	PRT	LXX_WH
Jób 5:16	G4750	στομα	N-NSN	LXX_WH
Jób 5:16	G1719	εμφραχθειη	V-APO-3S	ABP-potolt
Jób 5:17	G3107	μακαριος	A-NSM	LXX_WH
Jób 5:17	G1161	δε	PRT	LXX_WH
Jób 5:17	G0444	ανθρωπος	N-NSM	LXX_WH
Jób 5:17	G3739	ον	R-ASM	LXX_WH
Jób 5:17	G1651	ηλεγξεν	V-AAI-3S	LXX_WH
Jób 5:17	G3588	ο	T-NSM	LXX_WH
Jób 5:17	G2962	κυριος	N-NSM	LXX_WH
Jób 5:17	G3560	νουθετημα	N-ASN	ABP-potolt
Jób 5:17	G1161	δε	PRT	LXX_WH
Jób 5:17	G3841	παντοκρατορος	N-GSM	LXX_WH
Jób 5:17	G3165	μη	ADV	LXX_WH
Jób 5:17		απαναινου	V-PMD-2S	ELTERO_SZOVEGALAP
Jób 5:18	G0846	αυτος	D-NSM	LXX_WH
Jób 5:18	G1063	γαρ	PRT	LXX_WH
Jób 5:18		αλγειν	V-PAN	ELTERO_SZOVEGALAP
Jób 5:18	G4160	ποιει	V-PAI-3S	LXX_WH
Jób 5:18	G2532	και	CONJ	LXX_WH
Jób 5:18	G3825	παλιν	ADV	LXX_WH
Jób 5:18	G0600	αποκαθιστησιν	V-PAI-3S	LXX_WH
Jób 5:18	G3817	επαισεν	V-AAI-3S	LXX_WH
Jób 5:18	G2532	και	CONJ	LXX_WH
Jób 5:18	G3588	αι	T-NPF	LXX_WH
Jób 5:18	G5495	χειρες	N-NPF	LXX_WH
Jób 5:18	G0846	αυτου	D-GSM	LXX_WH
Jób 5:18	G2390	ιασαντο	V-AMI-3P	LXX_WH
Jób 5:19	G1810	εξακις	ADV	ABP-potolt
Jób 5:19	G1537	εξ	PREP	LXX_WH
Jób 5:19		αναγκων	N-GPF	ELTERO_SZOVEGALAP
Jób 5:19	G4771	σε	P-AS	LXX_WH
Jób 5:19	G1807	εξελειται	V-FMI-3S	LXX_WH
Jób 5:19	G1722	εν	PREP	LXX_WH
Jób 5:19	G1161	δε	PRT	LXX_WH
Jób 5:19	G3588	τω	T-DSM	LXX_WH
Jób 5:19	G1442	εβδομω	A-DSM	LXX_WH
Jób 5:19	G3364	ου	ADV	LXX_WH
Jób 5:19	G3165	μη	ADV	LXX_WH
Jób 5:19	G0680	αψηται	V-AMS-3S	LXX_WH
Jób 5:19	G4771	σου	P-GS	LXX_WH
Jób 5:19	G2556	κακον	A-NSN	LXX_WH
Jób 5:20	G1722	εν	PREP	LXX_WH
Jób 5:20	G3042	λιμω	N-DSM	LXX_WH
Jób 5:20		ρυσεται	V-FMI-3S	ELTERO_SZOVEGALAP
Jób 5:20	G4771	σε	P-AS	LXX_WH
Jób 5:20	G1537	εκ	PREP	LXX_WH
Jób 5:20	G2288	θανατου	N-GSM	LXX_WH
Jób 5:20	G1722	εν	PREP	LXX_WH
Jób 5:20	G4171	πολεμω	N-DSM	LXX_WH
Jób 5:20	G1161	δε	PRT	LXX_WH
Jób 5:20	G1537	εκ	PREP	LXX_WH
Jób 5:20	G5495	χειρος	N-GSF	LXX_WH
Jób 5:20	G4604	σιδηρου	N-GSM	LXX_WH
Jób 5:20	G3089	λυσει	V-FAI-3S	LXX_WH
Jób 5:20	G4771	σε	P-AS	LXX_WH
Jób 5:21	G0575	απο	PREP	LXX_WH
Jób 5:21	G3148	μαστιγος	N-GSF	LXX_WH
Jób 5:21	G1100	γλωσσης	N-GSF	LXX_WH
Jób 5:21	G4771	σε	P-AS	LXX_WH
Jób 5:21	G2928	κρυψει	V-FAI-3S	LXX_WH
Jób 5:21	G2532	και	CONJ	LXX_WH
Jób 5:21	G3364	ου	ADV	LXX_WH
Jób 5:21	G3165	μη	ADV	LXX_WH
Jób 5:21	G5399	φοβηθης	V-APS-2S	LXX_WH
Jób 5:21	G0575	απο	PREP	LXX_WH
Jób 5:21	G2556	κακων	A-GPN	LXX_WH
Jób 5:21	G2064	ερχομενων	V-PMPGP	LXX_WH
Jób 5:22	G0094	αδικων	A-GPM	LXX_WH
Jób 5:22	G2532	και	CONJ	LXX_WH
Jób 5:22	G0459	ανομων	A-GPM	LXX_WH
Jób 5:22	G2606	καταγελαση	V-FMI-2S	LXX_WH
Jób 5:22	G0575	απο	PREP	LXX_WH
Jób 5:22	G1161	δε	PRT	LXX_WH
Jób 5:22	G2342	θηριων	N-GPN	LXX_WH
Jób 5:22	G0066	αγριων	A-GPN	LXX_WH
Jób 5:22	G3364	ου	ADV	LXX_WH
Jób 5:22	G3165	μη	ADV	LXX_WH
Jób 5:22	G5399	φοβηθης	V-APS-2S	LXX_WH
Jób 5:23		θηρες	N-NPM	ELTERO_SZOVEGALAP
Jób 5:23	G1063	γαρ	PRT	LXX_WH
Jób 5:23	G0066	αγριοι	A-NPM	LXX_WH
Jób 5:23	G1514	ειρηνευσουσιν	V-FAI-3P	LXX_WH
Jób 5:23	G4771	σοι	P-DS	LXX_WH
Jób 5:24	G1534	ειτα	ADV	LXX_WH
Jób 5:24	G1097	γνωση	V-FMI-2S	LXX_WH
Jób 5:24	G3754	οτι	CONJ	LXX_WH
Jób 5:24	G1514	ειρηνευσει	V-FAI-3S	LXX_WH
Jób 5:24	G4771	σου	P-GS	LXX_WH
Jób 5:24	G3588	ο	T-NSM	LXX_WH
Jób 5:24	G3624	οικος	N-NSM	LXX_WH
Jób 5:24	G3588	η	T-NSF	LXX_WH
Jób 5:24	G1161	δε	PRT	LXX_WH
Jób 5:24		διαιτα	N-NSF	ELTERO_SZOVEGALAP
Jób 5:24	G3588	της	T-GSF	LXX_WH
Jób 5:24	G4633	σκηνης	N-GSF	LXX_WH
Jób 5:24	G4771	σου	P-GS	LXX_WH
Jób 5:24	G3364	ου	ADV	LXX_WH
Jób 5:24	G3165	μη	ADV	LXX_WH
Jób 5:24	G0264	αμαρτη	V-AAS-3S	LXX_WH
Jób 5:25	G1097	γνωση	V-FMI-2S	LXX_WH
Jób 5:25	G1161	δε	PRT	LXX_WH
Jób 5:25	G3754	οτι	CONJ	LXX_WH
Jób 5:25	G4183	πολυ	A-NSN	LXX_WH
Jób 5:25	G3588	το	T-NSN	LXX_WH
Jób 5:25	G4690	σπερμα	N-NSN	LXX_WH
Jób 5:25	G4771	σου	P-GS	LXX_WH
Jób 5:25	G3588	τα	T-NPN	LXX_WH
Jób 5:25	G1161	δε	PRT	LXX_WH
Jób 5:25	G5043	τεκνα	N-NPN	LXX_WH
Jób 5:25	G4771	σου	P-GS	LXX_WH
Jób 5:25	G1510	εσται	V-FMI-3S	LXX_WH
Jób 5:25	G3746	ωσπερ	ADV	LXX_WH
Jób 5:25	G3588	το	T-NSN	LXX_WH
Jób 5:25		παμβοτανον	N-NSN	
Jób 5:25	G3588	του	T-GSM	LXX_WH
Jób 5:25	G0068	αγρου	N-GSM	LXX_WH
Jób 5:26	G2064	ελευση	V-FMI-2S	LXX_WH
Jób 5:26	G1161	δε	PRT	LXX_WH
Jób 5:26	G1722	εν	PREP	LXX_WH
Jób 5:26	G5028	ταφω	N-DSM	LXX_WH
Jób 5:26	G3746	ωσπερ	ADV	LXX_WH
Jób 5:26	G4621	σιτος	N-NSM	LXX_WH
Jób 5:26	G5611	ωριμος	A-NSN	ABP-potolt
Jób 5:26	G2596	κατα	PREP	LXX_WH
Jób 5:26	G2540	καιρον	N-ASM	LXX_WH
Jób 5:26	G2325	θεριζομενος	V-PPPNS	LXX_WH
Jób 5:26	G2228	η	CONJ	LXX_WH
Jób 5:26	G3746	ωσπερ	ADV	LXX_WH
Jób 5:26		θιμωνια	N-NSF	ELTERO_SZOVEGALAP
Jób 5:26	G0257	αλωνος	N-GSF	LXX_WH
Jób 5:26	G2596	καθ	PREP	LXX_WH
Jób 5:26	G5610	ωραν	N-ASF	LXX_WH
Jób 5:26	G4792	συγκομισθεισα	V-APPNS	LXX_WH
Jób 5:27	G2400	ιδου	INJ	LXX_WH
Jób 5:27	G3778	ταυτα	D-APN	LXX_WH
Jób 5:27	G3778	ουτως	ADV	LXX_WH
Jób 5:27		εξιχνιασαμεν	V-AAI-1P	ELTERO_SZOVEGALAP
Jób 5:27	G3778	ταυτα	D-APN	LXX_WH
Jób 5:27	G1510	εστιν	V-PAI-3S	LXX_WH
Jób 5:27	G3739	α	R-APN	LXX_WH
Jób 5:27	G0191	ακηκοαμεν	V-RAI-1P	LXX_WH
Jób 5:27	G4771	συ	P-NS	LXX_WH
Jób 5:27	G1161	δε	PRT	LXX_WH
Jób 5:27	G1097	γνωθι	V-AAD-2S	LXX_WH
Jób 5:27	G4572	σεαυτω	D-DSM	LXX_WH
Jób 5:27	G1487	ει	CONJ	LXX_WH
Jób 5:27	G5100	τι	I-ASN	LXX_WH
Jób 5:27	G4238	επραξας	V-AAI-2S	LXX_WH
Jób 6:1	G5274	υπολαβων	V-AAPNS	LXX_WH
Jób 6:1	G1161	δε	PRT	LXX_WH
Jób 6:1	G2492	ιωβ	N-PRI	LXX_WH
Jób 6:1	G3004	λεγει	V-PAI-3S	LXX_WH
Jób 6:2	G1487	ει	CONJ	LXX_WH
Jób 6:2	G1063	γαρ	PRT	LXX_WH
Jób 6:2	G5100	τις	I-NSM	LXX_WH
Jób 6:2	G2476	ιστων	V-PAPNS	LXX_WH
Jób 6:2	G2476	στησαι	V-AAO-3S	LXX_WH
Jób 6:2	G1473	μου	P-GS	LXX_WH
Jób 6:2	G3588	την	T-ASF	LXX_WH
Jób 6:2	G3709	οργην	N-ASF	LXX_WH
Jób 6:2	G3588	τας	T-APF	LXX_WH
Jób 6:2	G1161	δε	PRT	LXX_WH
Jób 6:2	G3601	οδυνας	N-APF	LXX_WH
Jób 6:2	G1473	μου	P-GS	LXX_WH
Jób 6:2	G0142	αραι	V-AAN	LXX_WH
Jób 6:2	G1722	εν	PREP	LXX_WH
Jób 6:2	G2218	ζυγω	N-DSM	LXX_WH
Jób 6:2	G3661	ομοθυμαδον	ADV	LXX_WH
Jób 6:3	G2532	και	CONJ	LXX_WH
Jób 6:3	G1161	δη	PRT	LXX_WH
Jób 6:3	G0285	αμμου	N-GSF	LXX_WH
Jób 6:3	G3882	παραλιας	A-GSF	LXX_WH
Jób 6:3	G0926	βαρυτερα	A-APNC	LXX_WH
Jób 6:3	G1510	εσται	V-FMI-3S	LXX_WH
Jób 6:3	G0235	αλλ	CONJ	LXX_WH
Jób 6:3	G3739	ως	CONJ	LXX_WH
Jób 6:3		εοικεν	V-RAI-3S	ELTERO_SZOVEGALAP
Jób 6:3	G3588	τα	T-NPN	LXX_WH
Jób 6:3	G4487	ρηματα	N-NPN	LXX_WH
Jób 6:3	G1473	μου	P-GS	LXX_WH
Jób 6:3	G1510	εστιν	V-PAI-3S	LXX_WH
Jób 6:3	G5337	φαυλα	A-NPN	LXX_WH
Jób 6:4	G0956	βελη	N-NPN	LXX_WH
Jób 6:4	G1063	γαρ	PRT	LXX_WH
Jób 6:4	G2962	κυριου	N-GSM	LXX_WH
Jób 6:4	G1722	εν	PREP	LXX_WH
Jób 6:4	G3588	τω	T-DSN	LXX_WH
Jób 6:4	G4983	σωματι	N-DSN	LXX_WH
Jób 6:4	G1473	μου	P-GS	LXX_WH
Jób 6:4	G1510	εστιν	V-PAI-3S	LXX_WH
Jób 6:4	G3739	ων	R-GPN	LXX_WH
Jób 6:4	G3588	ο	T-NSM	LXX_WH
Jób 6:4	G2372	θυμος	N-NSM	LXX_WH
Jób 6:4	G0846	αυτων	D-GPN	LXX_WH
Jób 6:4		εκπινει	V-PAI-3S	ELTERO_SZOVEGALAP
Jób 6:4	G1473	μου	P-GS	LXX_WH
Jób 6:4	G3588	το	T-ASN	LXX_WH
Jób 6:4	G0129	αιμα	N-ASN	LXX_WH
Jób 6:4	G3752	οταν	ADV	LXX_WH
Jób 6:4	G0757	αρξωμαι	V-AMS-1S	LXX_WH
Jób 6:4	G2980	λαλειν	V-PAN	LXX_WH
Jób 6:4	G2758	κεντουσι	V-PAI-3P	ABP-potolt
Jób 6:4	G1473	με	P-AS	LXX_WH
Jób 6:5	G5100	τι	I-NSN	LXX_WH
Jób 6:5	G1063	γαρ	PRT	LXX_WH
Jób 6:5	G3165	μη	ADV	LXX_WH
Jób 6:5	G1223	δια	PREP	LXX_WH
Jób 6:5	G2756	κενης	A-GSF	LXX_WH
Jób 6:5	G2896	κεκραξεται	V-FMI-3S	LXX_WH
Jób 6:5	G3688	ονος	N-NSM	LXX_WH
Jób 6:5	G0066	αγριος	A-NSM	LXX_WH
Jób 6:5	G0235	αλλ	CONJ	LXX_WH
Jób 6:5	G2228	η	CONJ	LXX_WH
Jób 6:5	G3588	τα	T-APN	LXX_WH
Jób 6:5	G4621	σιτα	N-APN	LXX_WH
Jób 6:5	G2212	ζητων	V-PAPNS	LXX_WH
Jób 6:5	G1487	ει	CONJ	LXX_WH
Jób 6:5	G1161	δε	PRT	LXX_WH
Jób 6:5	G2532	και	CONJ	LXX_WH
Jób 6:5	G4486	ρηξει	V-FAI-3S	LXX_WH
Jób 6:5	G5456	φωνην	N-ASF	LXX_WH
Jób 6:5	G1016	βους	N-NSF	LXX_WH
Jób 6:5	G1909	επι	PREP	LXX_WH
Jób 6:5	G5336	φατνης	N-GSF	LXX_WH
Jób 6:5	G2192	εχων	V-PAPNS	LXX_WH
Jób 6:5	G3588	τα	T-APN	LXX_WH
Jób 6:5	G1033	βρωματα	N-APN	LXX_WH
Jób 6:6	G1487	ει	CONJ	LXX_WH
Jób 6:6	G0977	βρωθησεται	V-FPI-3S	LXX_WH
Jób 6:6	G0740	αρτος	N-NSM	LXX_WH
Jób 6:6	G0427	ανευ	PREP	LXX_WH
Jób 6:6	G0251	αλος	N-GSM	LXX_WH
Jób 6:6	G1487	ει	CONJ	LXX_WH
Jób 6:6	G1161	δε	PRT	LXX_WH
Jób 6:6	G2532	και	CONJ	LXX_WH
Jób 6:6	G1510	εστιν	V-PAI-3S	LXX_WH
Jób 6:6	G1088	γευμα	N-NSN	ABP-potolt
Jób 6:6	G1722	εν	PREP	LXX_WH
Jób 6:6	G4487	ρημασιν	N-DPN	LXX_WH
Jób 6:6	G2756	κενοις	A-DPN	LXX_WH
Jób 6:7	G3364	ου	ADV	LXX_WH
Jób 6:7	G1410	δυναται	V-PMI-3S	LXX_WH
Jób 6:7	G1063	γαρ	PRT	LXX_WH
Jób 6:7	G3973	παυσασθαι	V-AMN	LXX_WH
Jób 6:7	G1473	μου	P-GS	LXX_WH
Jób 6:7	G3588	η	T-NSF	LXX_WH
Jób 6:7	G5590	ψυχη	N-NSF	LXX_WH
Jób 6:7		βρομον	N-ASM	ELTERO_SZOVEGALAP
Jób 6:7	G1063	γαρ	PRT	LXX_WH
Jób 6:7	G3708	ορω	V-PAI-1S	LXX_WH
Jób 6:7	G3588	τα	T-APN	LXX_WH
Jób 6:7	G4621	σιτα	N-APN	LXX_WH
Jób 6:7	G1473	μου	P-GS	LXX_WH
Jób 6:7	G3746	ωσπερ	ADV	LXX_WH
Jób 6:7	G3744	οσμην	N-ASF	LXX_WH
Jób 6:7	G3023	λεοντος	N-GSM	LXX_WH
Jób 6:8	G1487	ει	CONJ	LXX_WH
Jób 6:8	G1063	γαρ	PRT	LXX_WH
Jób 6:8	G1325	δωη	V-AAO-3S	LXX_WH
Jób 6:8	G2532	και	CONJ	LXX_WH
Jób 6:8	G2064	ελθοι	V-AAO-3S	LXX_WH
Jób 6:8	G1473	μου	P-GS	LXX_WH
Jób 6:8	G3588	η	T-NSF	LXX_WH
Jób 6:8	G0155	αιτησις	N-NSF	ABP-potolt
Jób 6:8	G2532	και	CONJ	LXX_WH
Jób 6:8	G3588	την	T-ASF	LXX_WH
Jób 6:8	G1680	ελπιδα	N-ASF	LXX_WH
Jób 6:8	G1473	μου	P-GS	LXX_WH
Jób 6:8	G1325	δωη	V-AAO-3S	LXX_WH
Jób 6:8	G3588	ο	T-NSM	LXX_WH
Jób 6:8	G2962	κυριος	N-NSM	LXX_WH
Jób 6:9	G0757	αρξαμενος	V-AMPNS	LXX_WH
Jób 6:9	G3588	ο	T-NSM	LXX_WH
Jób 6:9	G2962	κυριος	N-NSM	LXX_WH
Jób 6:9		τρωσατω	V-AAD-3S	ELTERO_SZOVEGALAP
Jób 6:9	G1473	με	P-AS	LXX_WH
Jób 6:9	G1519	εις	PREP	LXX_WH
Jób 6:9	G5056	τελος	N-ASN	LXX_WH
Jób 6:9	G1161	δε	PRT	LXX_WH
Jób 6:9	G3165	μη	ADV	LXX_WH
Jób 6:9	G1473	με	P-AS	LXX_WH
Jób 6:9	G0337	ανελετω	V-AAD-3S	LXX_WH
Jób 6:10	G1510	ειη	V-PAO-3S	LXX_WH
Jób 6:10	G1161	δε	PRT	LXX_WH
Jób 6:10	G1473	μου	P-GS	LXX_WH
Jób 6:10	G4172	πολις	N-NSF	LXX_WH
Jób 6:10	G5028	ταφος	N-NSM	LXX_WH
Jób 6:10	G1909	εφ	PREP	LXX_WH
Jób 6:10	G3739	ης	R-GSF	LXX_WH
Jób 6:10	G1909	επι	PREP	LXX_WH
Jób 6:10	G5038	τειχεων	N-GPN	LXX_WH
Jób 6:10	G0242	ηλλομην	V-IMI-1S	LXX_WH
Jób 6:10	G1909	επ	PREP	LXX_WH
Jób 6:10	G0846	αυτης	D-GSF	LXX_WH
Jób 6:10	G3364	ου	ADV	LXX_WH
Jób 6:10	G3165	μη	ADV	LXX_WH
Jób 6:10	G5339	φεισωμαι	V-AMS-1S	LXX_WH
Jób 6:10	G3364	ου	ADV	LXX_WH
Jób 6:10	G1063	γαρ	PRT	LXX_WH
Jób 6:10	G5574	εψευσαμην	V-AMI-1S	ABP-potolt
Jób 6:10	G4487	ρηματα	N-APN	LXX_WH
Jób 6:10	G0040	αγια	A-APN	LXX_WH
Jób 6:10	G2316	θεου	N-GSM	LXX_WH
Jób 6:10	G1473	μου	P-GS	LXX_WH
Jób 6:11	G5100	τις	I-NSM	LXX_WH
Jób 6:11	G1063	γαρ	PRT	LXX_WH
Jób 6:11	G1473	μου	P-GS	LXX_WH
Jób 6:11	G3588	η	T-NSF	LXX_WH
Jób 6:11	G2479	ισχυς	N-NSF	LXX_WH
Jób 6:11	G3754	οτι	CONJ	LXX_WH
Jób 6:11	G5278	υπομενω	V-PAI-1S	LXX_WH
Jób 6:11	G2228	η	CONJ	LXX_WH
Jób 6:11	G5100	τις	I-NSM	LXX_WH
Jób 6:11	G1473	μου	P-GS	LXX_WH
Jób 6:11	G3588	ο	T-NSM	LXX_WH
Jób 6:11	G5550	χρονος	N-NSM	LXX_WH
Jób 6:11	G3754	οτι	CONJ	LXX_WH
Jób 6:11	G0430	ανεχεται	V-PMI-3S	ABP-potolt
Jób 6:11	G1473	μου	P-GS	LXX_WH
Jób 6:11	G3588	η	T-NSF	LXX_WH
Jób 6:11	G5590	ψυχη	N-NSF	LXX_WH
Jób 6:12	G3165	μη	ADV	LXX_WH
Jób 6:12	G2479	ισχυς	N-NSF	LXX_WH
Jób 6:12	G3037	λιθων	N-GPM	LXX_WH
Jób 6:12	G3588	η	T-NSF	LXX_WH
Jób 6:12	G2479	ισχυς	N-NSF	LXX_WH
Jób 6:12	G1473	μου	P-GS	LXX_WH
Jób 6:12	G2228	η	CONJ	LXX_WH
Jób 6:12	G3588	αι	T-NPF	LXX_WH
Jób 6:12	G4561	σαρκες	N-NPF	LXX_WH
Jób 6:12	G1473	μου	P-GS	LXX_WH
Jób 6:12	G1510	εισιν	V-PAI-3P	LXX_WH
Jób 6:12	G5470	χαλκειαι	A-NPF	ABP-potolt
Jób 6:13	G2228	η	ADV	LXX_WH
Jób 6:13	G3364	ουκ	ADV	LXX_WH
Jób 6:13	G1909	επ	PREP	LXX_WH
Jób 6:13	G0846	αυτω	D-DSM	LXX_WH
Jób 6:13	G3982	επεποιθειν	V-YAI-1S	LXX_WH
Jób 6:13	G0996	βοηθεια	N-NSF	LXX_WH
Jób 6:13	G1161	δε	PRT	LXX_WH
Jób 6:13	G0575	απ	PREP	LXX_WH
Jób 6:13	G1473	εμου	P-GS	LXX_WH
Jób 6:13	G0548	απεστιν	V-PAI-3S	LXX_WH
Jób 6:14	G0550	απειπατο	V-AMI-3S	ABP-potolt
Jób 6:14	G1473	με	P-AS	LXX_WH
Jób 6:14	G1656	ελεος	N-ASN	LXX_WH
Jób 6:14	G1984	επισκοπη	N-NSF	LXX_WH
Jób 6:14	G1161	δε	PRT	LXX_WH
Jób 6:14	G2962	κυριου	N-GSM	LXX_WH
Jób 6:14	G5237	υπερειδεν	V-AAI-3S	ABP-potolt
Jób 6:14	G1473	με	P-AS	LXX_WH
Jób 6:15	G3364	ου	ADV	LXX_WH
Jób 6:15		προσειδον	V-AAI-3P	ELTERO_SZOVEGALAP
Jób 6:15	G1473	με	P-AS	LXX_WH
Jób 6:15	G3588	οι	T-NPM	LXX_WH
Jób 6:15	G1451	εγγυτατοι	A-NPMS	LXX_WH
Jób 6:15	G1473	μου	P-GS	LXX_WH
Jób 6:15	G3746	ωσπερ	ADV	LXX_WH
Jób 6:15		χειμαρρους	N-ASM	ELTERO_SZOVEGALAP
Jób 6:15	G1587	εκλειπων	V-PAPNS	LXX_WH
Jób 6:15	G2228	η	CONJ	LXX_WH
Jób 6:15	G3746	ωσπερ	ADV	LXX_WH
Jób 6:15	G2949	κυμα	N-NSN	LXX_WH
Jób 6:15	G3928	παρηλθον	V-AAI-3P	LXX_WH
Jób 6:15	G1473	με	P-AS	LXX_WH
Jób 6:16	G3748	οιτινες	RI-NPM	LXX_WH
Jób 6:16	G1473	με	P-AS	LXX_WH
Jób 6:16		διευλαβουντο	V-IMI-3P	ELTERO_SZOVEGALAP
Jób 6:16	G3568	νυν	ADV	LXX_WH
Jób 6:16	G1968	επιπεπτωκασιν	V-RAI-3P	LXX_WH
Jób 6:16	G1473	μοι	P-DS	LXX_WH
Jób 6:16	G3746	ωσπερ	ADV	LXX_WH
Jób 6:16	G5510	χιων	N-NSF	LXX_WH
Jób 6:16	G2228	η	CONJ	LXX_WH
Jób 6:16	G2930	κρυσταλλος	N-NSM	LXX_WH
Jób 6:16	G4078	πεπηγως	V-RAPNS	LXX_WH
Jób 6:17	G2531	καθως	ADV	LXX_WH
Jób 6:17	G5080	τακεισα	V-APPNS	LXX_WH
Jób 6:17	G2329	θερμης	A-GSF	ABP-potolt
Jób 6:17	G1096	γενομενης	V-AMPGS	LXX_WH
Jób 6:17	G3364	ουκ	ADV	LXX_WH
Jób 6:17	G1921	επεγνωσθη	V-API-3S	LXX_WH
Jób 6:17	G3746	οπερ	R-NSN	LXX_WH
Jób 6:17	G1510	ην	V-IAI-3S	LXX_WH
Jób 6:18	G3778	ουτως	ADV	LXX_WH
Jób 6:18		καγω	CONJ	ELTERO_SZOVEGALAP
Jób 6:18	G2641	κατελειφθην	V-API-1S	LXX_WH
Jób 6:18	G5259	υπο	PREP	LXX_WH
Jób 6:18	G3956	παντων	A-GPM	LXX_WH
Jób 6:18		απωλομην	V-AMI-1S	ELTERO_SZOVEGALAP
Jób 6:18	G1161	δε	PRT	LXX_WH
Jób 6:18	G2532	και	CONJ	LXX_WH
Jób 6:18	G1841	εξοικος	A-NSM	ABP-potolt
Jób 6:18	G1096	εγενομην	V-AMI-1S	LXX_WH
Jób 6:19	G3708	ιδετε	V-AAD-2P	LXX_WH
Jób 6:19	G3598	οδους	N-APF	LXX_WH
Jób 6:19	G0824	θαιμανων	N-PRI	ABP-potolt
Jób 6:19	G0824	ατραπους	N-APF	ABP-potolt
Jób 6:19	G0824	σαβων	N-PRI	ABP-potolt
Jób 6:19	G3588	οι	T-NPM	LXX_WH
Jób 6:19	G1356	διορωντες	V-PAPNP	ABP-potolt
Jób 6:20	G2532	και	CONJ	LXX_WH
Jób 6:20	G0152	αισχυνην	N-ASF	LXX_WH
Jób 6:20	G3784	οφειλησουσιν	V-FAI-3P	LXX_WH
Jób 6:20	G3588	οι	T-NPM	LXX_WH
Jób 6:20	G1909	επι	PREP	LXX_WH
Jób 6:20	G4172	πολεσιν	N-DPF	LXX_WH
Jób 6:20	G2532	και	CONJ	LXX_WH
Jób 6:20	G5536	χρημασιν	N-DPN	LXX_WH
Jób 6:20	G3982	πεποιθοτες	V-RAPNP	LXX_WH
Jób 6:21		αταρ	CONJ	ELTERO_SZOVEGALAP
Jób 6:21	G1161	δε	PRT	LXX_WH
Jób 6:21	G2532	και	CONJ	LXX_WH
Jób 6:21	G4771	υμεις	P-NP	LXX_WH
Jób 6:21	G1910	επεβητε	V-AAI-2P	LXX_WH
Jób 6:21	G1473	μοι	P-DS	LXX_WH
Jób 6:21	G0414	ανελεημονως	ADV	ABP-potolt
Jób 6:21	G5620	ωστε	CONJ	LXX_WH
Jób 6:21	G3708	ιδοντες	V-AAPNP	LXX_WH
Jób 6:21	G3588	το	T-ASN	LXX_WH
Jób 6:21	G1699	εμον	A-ASN	LXX_WH
Jób 6:21	G5134	τραυμα	N-ASN	LXX_WH
Jób 6:21	G5399	φοβηθητε	V-APS-2P	LXX_WH
Jób 6:22	G5100	τι	I-NSN	LXX_WH
Jób 6:22	G1063	γαρ	PRT	LXX_WH
Jób 6:22	G3165	μη	ADV	LXX_WH
Jób 6:22	G5100	τι	I-ASN	LXX_WH
Jób 6:22	G4771	υμας	P-AP	LXX_WH
Jób 6:22	G0154	ητησα	V-AAI-1S	LXX_WH
Jób 6:22	G2228	η	CONJ	LXX_WH
Jób 6:22	G3588	της	T-GSF	LXX_WH
Jób 6:22	G3844	παρ	PREP	LXX_WH
Jób 6:22	G4771	υμων	P-GP	LXX_WH
Jób 6:22	G2479	ισχυος	N-GSF	LXX_WH
Jób 6:22	G1926	επιδεομαι	V-PMI-1S	ABP-potolt
Jób 6:23	G5620	ωστε	CONJ	LXX_WH
Jób 6:23	G4982	σωσαι	V-AAN	LXX_WH
Jób 6:23	G1473	με	P-AS	LXX_WH
Jób 6:23	G1537	εξ	PREP	LXX_WH
Jób 6:23	G2190	εχθρων	N-GPM	LXX_WH
Jób 6:23	G2228	η	CONJ	LXX_WH
Jób 6:23	G1537	εκ	PREP	LXX_WH
Jób 6:23	G5495	χειρος	N-GSF	LXX_WH
Jób 6:23	G1413	δυναστων	N-GPM	LXX_WH
Jób 6:23	G4506	ρυσασθαι	V-AMN	ABP-potolt
Jób 6:23	G1473	με	P-AS	LXX_WH
Jób 6:24	G1321	διδαξατε	V-AAD-2P	LXX_WH
Jób 6:24	G1473	με	P-AS	LXX_WH
Jób 6:24	G1473	εγω	P-NS	LXX_WH
Jób 6:24	G1161	δε	PRT	LXX_WH
Jób 6:24		κωφευσω	V-FAI-1S	ELTERO_SZOVEGALAP
Jób 6:24	G1487	ει	CONJ	LXX_WH
Jób 6:24	G5100	τι	I-ASN	LXX_WH
Jób 6:24	G4105	πεπλανημαι	V-RPI-1S	LXX_WH
Jób 6:24	G5419	φρασατε	V-AAD-2P	LXX_WH
Jób 6:24	G1473	μοι	P-DS	LXX_WH
Jób 6:25	G0235	αλλ	CONJ	LXX_WH
Jób 6:25	G3739	ως	CONJ	LXX_WH
Jób 6:25		εοικεν	V-RAI-3S	ELTERO_SZOVEGALAP
Jób 6:25	G5337	φαυλα	A-NPN	LXX_WH
Jób 6:25	G0228	αληθινου	A-GSM	LXX_WH
Jób 6:25	G4487	ρηματα	N-NPN	LXX_WH
Jób 6:25	G3364	ου	ADV	LXX_WH
Jób 6:25	G1063	γαρ	PRT	LXX_WH
Jób 6:25	G3844	παρ	PREP	LXX_WH
Jób 6:25	G4771	υμων	P-GP	LXX_WH
Jób 6:25	G2479	ισχυν	N-ASF	LXX_WH
Jób 6:25	G0154	αιτουμαι	V-PMI-1S	LXX_WH
Jób 6:26	G3761	ουδε	CONJ	LXX_WH
Jób 6:26	G3588	ο	T-NSM	LXX_WH
Jób 6:26	G1650	ελεγχος	N-NSM	LXX_WH
Jób 6:26	G4771	υμων	P-GP	LXX_WH
Jób 6:26	G4487	ρημασιν	N-DPN	LXX_WH
Jób 6:26	G1473	με	P-AS	LXX_WH
Jób 6:26	G3973	παυσει	V-FAI-3S	LXX_WH
Jób 6:26	G3761	ουδε	CONJ	LXX_WH
Jób 6:26	G1063	γαρ	PRT	LXX_WH
Jób 6:26	G4771	υμων	P-GP	LXX_WH
Jób 6:26		φθεγμα	N-ASN	ELTERO_SZOVEGALAP
Jób 6:26	G4487	ρηματος	N-GSN	LXX_WH
Jób 6:26	G0430	ανεξομαι	V-FMI-1S	ABP-potolt
Jób 6:27	G4133	πλην	ADV	LXX_WH
Jób 6:27	G3754	οτι	CONJ	LXX_WH
Jób 6:27	G1909	επ	PREP	LXX_WH
Jób 6:27	G3737	ορφανω	A-DSM	LXX_WH
Jób 6:27	G1968	επιπιπτετε	V-PAI-2P	LXX_WH
Jób 6:27		εναλλεσθε	V-PMI-2P	ELTERO_SZOVEGALAP
Jób 6:27	G1161	δε	PRT	LXX_WH
Jób 6:27	G1909	επι	PREP	LXX_WH
Jób 6:27	G5384	φιλω	A-DSM	LXX_WH
Jób 6:27	G4771	υμων	P-GP	LXX_WH
Jób 6:28	G3570	νυνι	ADV	LXX_WH
Jób 6:28	G1161	δε	PRT	LXX_WH
Jób 6:28		εισβλεψας	V-AAPNS	ELTERO_SZOVEGALAP
Jób 6:28	G1519	εις	PREP	LXX_WH
Jób 6:28	G4383	προσωπα	N-APN	LXX_WH
Jób 6:28	G4771	υμων	P-GP	LXX_WH
Jób 6:28	G3364	ου	ADV	LXX_WH
Jób 6:28		ψευσομαι	V-FMI-1S	ELTERO_SZOVEGALAP
Jób 6:29	G2523	καθισατε	V-AAD-2P	LXX_WH
Jób 6:29	G1161	δη	PRT	LXX_WH
Jób 6:29	G2532	και	CONJ	LXX_WH
Jób 6:29	G3165	μη	ADV	LXX_WH
Jób 6:29	G1510	ειη	V-PAO-3S	LXX_WH
Jób 6:29	G0094	αδικον	A-NSN	LXX_WH
Jób 6:29	G2532	και	CONJ	LXX_WH
Jób 6:29	G3825	παλιν	ADV	LXX_WH
Jób 6:29	G3588	τω	T-DSM	LXX_WH
Jób 6:29	G1342	δικαιω	A-DSM	LXX_WH
Jób 6:29	G4905	συνερχεσθε	V-PMI-2P	LXX_WH
Jób 6:30	G3364	ου	ADV	LXX_WH
Jób 6:30	G1063	γαρ	PRT	LXX_WH
Jób 6:30	G1510	εστιν	V-PAI-3S	LXX_WH
Jób 6:30	G1722	εν	PREP	LXX_WH
Jób 6:30	G1100	γλωσση	N-DSF	LXX_WH
Jób 6:30	G1473	μου	P-GS	LXX_WH
Jób 6:30	G0094	αδικον	A-NSN	LXX_WH
Jób 6:30	G2228	η	CONJ	LXX_WH
Jób 6:30	G3588	ο	T-NSM	LXX_WH
Jób 6:30	G2995	λαρυγξ	N-NSM	LXX_WH
Jób 6:30	G1473	μου	P-GS	LXX_WH
Jób 6:30	G3364	ουχι	ADV	LXX_WH
Jób 6:30	G4907	συνεσιν	N-ASF	LXX_WH
Jób 6:30	G3191	μελετα	V-PAI-3S	LXX_WH
Jób 7:1	G4220	ποτερον	ADV	LXX_WH
Jób 7:1	G3364	ουχι	ADV	LXX_WH
Jób 7:1		πειρατηριον	N-NSN	ELTERO_SZOVEGALAP
Jób 7:1	G1510	εστιν	V-PAI-3S	LXX_WH
Jób 7:1	G3588	ο	T-NSM	LXX_WH
Jób 7:1	G0979	βιος	N-NSM	LXX_WH
Jób 7:1	G0444	ανθρωπου	N-GSM	LXX_WH
Jób 7:1	G1909	επι	PREP	LXX_WH
Jób 7:1	G3588	της	T-GSF	LXX_WH
Jób 7:1	G1065	γης	N-GSF	LXX_WH
Jób 7:1	G2532	και	CONJ	LXX_WH
Jób 7:1	G3746	ωσπερ	ADV	LXX_WH
Jób 7:1	G3407	μισθιου	A-GSM	LXX_WH
Jób 7:1	G0831	αυθημερινου	A-GSM	ABP-potolt
Jób 7:1	G3588	η	T-NSF	LXX_WH
Jób 7:1	G2222	ζωη	N-NSF	LXX_WH
Jób 7:1	G0846	αυτου	D-GSM	LXX_WH
Jób 7:2	G2228	η	CONJ	LXX_WH
Jób 7:2	G3746	ωσπερ	ADV	LXX_WH
Jób 7:2	G2324	θεραπων	N-NSM	LXX_WH
Jób 7:2	G1165	δεδοικως	V-RAPNS	ABP-potolt
Jób 7:2	G3588	τον	T-ASM	LXX_WH
Jób 7:2	G2962	κυριον	N-ASM	LXX_WH
Jób 7:2	G0846	αυτου	D-GSM	LXX_WH
Jób 7:2	G2532	και	CONJ	LXX_WH
Jób 7:2	G5177	τετευχως	V-RAPNS	LXX_WH
Jób 7:2	G4639	σκιας	N-GSF	LXX_WH
Jób 7:2	G2228	η	CONJ	LXX_WH
Jób 7:2	G3746	ωσπερ	ADV	LXX_WH
Jób 7:2	G3411	μισθωτος	A-NSM	LXX_WH
Jób 7:2	G0362	αναμενων	V-PAPNS	LXX_WH
Jób 7:2	G3588	τον	T-ASM	LXX_WH
Jób 7:2	G3408	μισθον	N-ASM	LXX_WH
Jób 7:2	G0846	αυτου	D-GSM	LXX_WH
Jób 7:3	G3778	ουτως	ADV	LXX_WH
Jób 7:3		καγω	CONJ	ELTERO_SZOVEGALAP
Jób 7:3	G5278	υπεμεινα	V-AAI-1S	LXX_WH
Jób 7:3	G3303	μηνας	N-APM	LXX_WH
Jób 7:3	G2756	κενους	A-APM	LXX_WH
Jób 7:3	G3571	νυκτες	N-NPF	LXX_WH
Jób 7:3	G1161	δε	PRT	LXX_WH
Jób 7:3	G3601	οδυνων	N-GPF	LXX_WH
Jób 7:3	G1325	δεδομεναι	V-RPPNP	LXX_WH
Jób 7:3	G1473	μοι	P-DS	LXX_WH
Jób 7:3	G1510	εισιν	V-PAI-3P	LXX_WH
Jób 7:4	G1437	εαν	CONJ	LXX_WH
Jób 7:4	G2837	κοιμηθω	V-APS-1S	LXX_WH
Jób 7:4	G3004	λεγω	V-PAI-1S	LXX_WH
Jób 7:4	G4218	ποτε	ADV	LXX_WH
Jób 7:4	G2250	ημερα	N-NSF	LXX_WH
Jób 7:4	G3739	ως	CONJ	LXX_WH
Jób 7:4	G1161	δ	PRT	LXX_WH
Jób 7:4	G0302	αν	PRT	LXX_WH
Jób 7:4	G0450	αναστω	V-AAS-1S	LXX_WH
Jób 7:4	G3825	παλιν	ADV	LXX_WH
Jób 7:4	G4218	ποτε	ADV	LXX_WH
Jób 7:4	G2073	εσπερα	N-NSF	LXX_WH
Jób 7:4	G4134	πληρης	A-NSM	LXX_WH
Jób 7:4	G1161	δε	PRT	LXX_WH
Jób 7:4	G1096	γινομαι	V-PMI-1S	LXX_WH
Jób 7:4	G3601	οδυνων	N-GPF	LXX_WH
Jób 7:4	G0575	απο	PREP	LXX_WH
Jób 7:4	G2073	εσπερας	N-GSF	LXX_WH
Jób 7:4	G2193	εως	PREP	LXX_WH
Jób 7:4	G4404	πρωι	ADV	LXX_WH
Jób 7:5	G5445	φυρεται	V-PPI-3S	ABP-potolt
Jób 7:5	G1161	δε	PRT	LXX_WH
Jób 7:5	G1473	μου	P-GS	LXX_WH
Jób 7:5	G3588	το	T-NSN	LXX_WH
Jób 7:5	G4983	σωμα	N-NSN	LXX_WH
Jób 7:5	G1722	εν	PREP	LXX_WH
Jób 7:5	G4549	σαπρια	N-DSF	ABP-potolt
Jób 7:5	G4663	σκωληκων	N-GPM	LXX_WH
Jób 7:5	G5080	τηκω	V-PAI-1S	LXX_WH
Jób 7:5	G1161	δε	PRT	LXX_WH
Jób 7:5		βωλακας	N-APF	ELTERO_SZOVEGALAP
Jób 7:5	G1065	γης	N-GSF	LXX_WH
Jób 7:5	G0575	απο	PREP	LXX_WH
Jób 7:5		ιχωρος	N-GSM	ELTERO_SZOVEGALAP
Jób 7:5		ξυων	V-PAPNS	ELTERO_SZOVEGALAP
Jób 7:6	G3588	ο	T-NSM	LXX_WH
Jób 7:6	G1161	δε	PRT	LXX_WH
Jób 7:6	G0979	βιος	N-NSM	LXX_WH
Jób 7:6	G1473	μου	P-GS	LXX_WH
Jób 7:6	G1510	εστιν	V-PAI-3S	LXX_WH
Jób 7:6	G1645	ελαφροτερος	A-NSMC	LXX_WH
Jób 7:6	G2981	λαλιας	N-GSF	LXX_WH
Jób 7:6		απολωλεν	V-RAI-3S	ELTERO_SZOVEGALAP
Jób 7:6	G1161	δε	PRT	LXX_WH
Jób 7:6	G1722	εν	PREP	LXX_WH
Jób 7:6	G2756	κενη	A-DSF	LXX_WH
Jób 7:6	G1680	ελπιδι	N-DSF	LXX_WH
Jób 7:7	G3403	μνησθητι	V-APD-2S	LXX_WH
Jób 7:7	G3767	ουν	PRT	LXX_WH
Jób 7:7	G3754	οτι	CONJ	LXX_WH
Jób 7:7	G4151	πνευμα	N-NSN	LXX_WH
Jób 7:7	G1473	μου	P-GS	LXX_WH
Jób 7:7	G3588	η	T-NSF	LXX_WH
Jób 7:7	G2222	ζωη	N-NSF	LXX_WH
Jób 7:7	G2532	και	CONJ	LXX_WH
Jób 7:7	G3765	ουκετι	ADV	LXX_WH
Jób 7:7		επανελευσεται	V-FMI-3S	ELTERO_SZOVEGALAP
Jób 7:7	G3588	ο	T-NSM	LXX_WH
Jób 7:7	G3788	οφθαλμος	N-NSM	LXX_WH
Jób 7:7	G1473	μου	P-GS	LXX_WH
Jób 7:7	G3708	ιδειν	V-AAN	LXX_WH
Jób 7:7	G0018	αγαθον	A-ASN	LXX_WH
Jób 7:8	G3364	ου	ADV	LXX_WH
Jób 7:8	G4017	περιβλεψεται	V-FMI-3S	LXX_WH
Jób 7:8	G1473	με	P-AS	LXX_WH
Jób 7:8	G3788	οφθαλμος	N-NSM	LXX_WH
Jób 7:8	G3708	ορωντος	V-PAPGS	LXX_WH
Jób 7:8	G1473	με	P-AS	LXX_WH
Jób 7:8	G3588	οι	T-NPM	LXX_WH
Jób 7:8	G3788	οφθαλμοι	N-NPM	LXX_WH
Jób 7:8	G4771	σου	P-GS	LXX_WH
Jób 7:8	G1722	εν	PREP	LXX_WH
Jób 7:8	G1473	εμοι	P-DS	LXX_WH
Jób 7:8	G2532	και	CONJ	LXX_WH
Jób 7:8	G3765	ουκετι	ADV	LXX_WH
Jób 7:8	G1510	ειμι	V-PAI-1S	LXX_WH
Jób 7:9	G3746	ωσπερ	ADV	LXX_WH
Jób 7:9	G3509	νεφος	N-NSN	LXX_WH
Jób 7:9	G0599	αποκαθαρθεν	V-APPNS	ABP-potolt
Jób 7:9	G0575	απ	PREP	LXX_WH
Jób 7:9	G3772	ουρανου	N-GSM	LXX_WH
Jób 7:9	G1437	εαν	CONJ	LXX_WH
Jób 7:9	G1063	γαρ	PRT	LXX_WH
Jób 7:9	G0444	ανθρωπος	N-NSM	LXX_WH
Jób 7:9	G2597	καταβη	V-AAS-3S	LXX_WH
Jób 7:9	G1519	εις	PREP	LXX_WH
Jób 7:9	G0086	αδην	N-ASM	LXX_WH
Jób 7:9	G3765	ουκετι	ADV	LXX_WH
Jób 7:9	G3165	μη	ADV	LXX_WH
Jób 7:9	G0305	αναβη	V-AAS-3S	LXX_WH
Jób 7:10	G3761	ουδ	CONJ	LXX_WH
Jób 7:10	G3364	ου	ADV	LXX_WH
Jób 7:10	G3165	μη	ADV	LXX_WH
Jób 7:10	G1994	επιστρεψη	V-AAS-3S	LXX_WH
Jób 7:10	G2089	ετι	ADV	LXX_WH
Jób 7:10	G1519	εις	PREP	LXX_WH
Jób 7:10	G3588	τον	T-ASM	LXX_WH
Jób 7:10	G2398	ιδιον	A-ASM	LXX_WH
Jób 7:10	G3624	οικον	N-ASM	LXX_WH
Jób 7:10	G3761	ουδε	CONJ	LXX_WH
Jób 7:10	G3165	μη	ADV	LXX_WH
Jób 7:10	G1921	επιγνω	V-AAS-3S	LXX_WH
Jób 7:10	G0846	αυτον	D-ASM	LXX_WH
Jób 7:10	G2089	ετι	ADV	LXX_WH
Jób 7:10	G3588	ο	T-NSM	LXX_WH
Jób 7:10	G5117	τοπος	N-NSM	LXX_WH
Jób 7:10	G0846	αυτου	D-GSM	LXX_WH
Jób 7:11	G0814	αταρ	CONJ	ABP-potolt
Jób 7:11	G3767	ουν	PRT	LXX_WH
Jób 7:11	G3761	ουδε	CONJ	LXX_WH
Jób 7:11	G1473	εγω	P-NS	LXX_WH
Jób 7:11	G5339	φεισομαι	V-FMI-1S	LXX_WH
Jób 7:11	G3588	τω	T-DSN	LXX_WH
Jób 7:11	G4750	στοματι	N-DSN	LXX_WH
Jób 7:11	G1473	μου	P-GS	LXX_WH
Jób 7:11	G2980	λαλησω	V-FAI-1S	LXX_WH
Jób 7:11	G1722	εν	PREP	LXX_WH
Jób 7:11	G0318	αναγκη	N-DSF	ABP-potolt
Jób 7:11	G1510	ων	V-PAPNS	LXX_WH
Jób 7:11	G0455	ανοιξω	V-FAI-1S	LXX_WH
Jób 7:11	G4088	πικριαν	N-ASF	LXX_WH
Jób 7:11	G5590	ψυχης	N-GSF	LXX_WH
Jób 7:11	G1473	μου	P-GS	LXX_WH
Jób 7:11	G4912	συνεχομενος	V-PMPNS	LXX_WH
Jób 7:12	G4220	ποτερον	ADV	LXX_WH
Jób 7:12	G2281	θαλασσα	N-NSF	LXX_WH
Jób 7:12	G1510	ειμι	V-PAI-1S	LXX_WH
Jób 7:12	G2228	η	CONJ	LXX_WH
Jób 7:12	G1404	δρακων	N-NSM	LXX_WH
Jób 7:12	G3754	οτι	CONJ	LXX_WH
Jób 7:12	G2697	κατεταξας	V-AAI-2S	ABP-potolt
Jób 7:12	G1909	επ	PREP	LXX_WH
Jób 7:12	G1473	εμε	P-AS	LXX_WH
Jób 7:12	G5438	φυλακην	N-ASF	LXX_WH
Jób 7:13	G2036	ειπα	V-AAI-1S	ABP-potolt
Jób 7:13	G3754	οτι	CONJ	LXX_WH
Jób 7:13	G3870	παρακαλεσει	V-FAI-3S	LXX_WH
Jób 7:13	G1473	με	P-AS	LXX_WH
Jób 7:13	G3588	η	T-NSF	LXX_WH
Jób 7:13	G2825	κλινη	N-NSF	LXX_WH
Jób 7:13	G1473	μου	P-GS	LXX_WH
Jób 7:13	G0399	ανοισω	V-FAI-1S	LXX_WH
Jób 7:13	G1161	δε	PRT	LXX_WH
Jób 7:13	G4314	προς	PREP	LXX_WH
Jób 7:13	G1683	εμαυτον	D-ASM	LXX_WH
Jób 7:13	G2398	ιδια	A-DSF	LXX_WH
Jób 7:13	G3056	λογον	N-ASM	LXX_WH
Jób 7:13	G3588	τη	T-DSF	LXX_WH
Jób 7:13	G2845	κοιτη	N-DSF	LXX_WH
Jób 7:13	G1473	μου	P-GS	LXX_WH
Jób 7:14	G1629	εκφοβεις	V-PAI-2S	LXX_WH
Jób 7:14	G1473	με	P-AS	LXX_WH
Jób 7:14	G1798	ενυπνιοις	N-DPN	LXX_WH
Jób 7:14	G2532	και	CONJ	LXX_WH
Jób 7:14	G1722	εν	PREP	LXX_WH
Jób 7:14	G3705	οραμασιν	N-DPN	LXX_WH
Jób 7:14	G1473	με	P-AS	LXX_WH
Jób 7:14		καταπλησσεις	V-PAI-2S	
Jób 7:15	G0525	απαλλαξεις	V-FAI-2S	LXX_WH
Jób 7:15	G0575	απο	PREP	LXX_WH
Jób 7:15	G4151	πνευματος	N-GSN	LXX_WH
Jób 7:15	G1473	μου	P-GS	LXX_WH
Jób 7:15	G3588	την	T-ASF	LXX_WH
Jób 7:15	G5590	ψυχην	N-ASF	LXX_WH
Jób 7:15	G1473	μου	P-GS	LXX_WH
Jób 7:15	G0575	απο	PREP	LXX_WH
Jób 7:15	G1161	δε	PRT	LXX_WH
Jób 7:15	G2288	θανατου	N-GSM	LXX_WH
Jób 7:15	G3588	τα	T-APN	LXX_WH
Jób 7:15	G3747	οστα	N-APN	LXX_WH
Jób 7:15	G1473	μου	P-GS	LXX_WH
Jób 7:16	G3364	ου	ADV	LXX_WH
Jób 7:16	G1063	γαρ	PRT	LXX_WH
Jób 7:16	G1519	εις	PREP	LXX_WH
Jób 7:16	G3588	τον	T-ASM	LXX_WH
Jób 7:16	G0165	αιωνα	N-ASM	LXX_WH
Jób 7:16	G2198	ζησομαι	V-FMI-1S	LXX_WH
Jób 7:16	G2443	ινα	CONJ	LXX_WH
Jób 7:16	G3114	μακροθυμησω	V-AAS-1S	LXX_WH
Jób 7:16	G0868	αποστα	V-AAD-2S	ABP-potolt
Jób 7:16	G0575	απ	PREP	LXX_WH
Jób 7:16	G1473	εμου	P-GS	LXX_WH
Jób 7:16	G2756	κενος	A-NSM	LXX_WH
Jób 7:16	G1063	γαρ	PRT	LXX_WH
Jób 7:16	G1473	μου	P-GS	LXX_WH
Jób 7:16	G3588	ο	T-NSM	LXX_WH
Jób 7:16	G0979	βιος	N-NSM	LXX_WH
Jób 7:17	G5100	τι	I-NSN	LXX_WH
Jób 7:17	G1063	γαρ	PRT	LXX_WH
Jób 7:17	G1510	εστιν	V-PAI-3S	LXX_WH
Jób 7:17	G0444	ανθρωπος	N-NSM	LXX_WH
Jób 7:17	G3754	οτι	CONJ	LXX_WH
Jób 7:17	G3170	εμεγαλυνας	V-AAI-2S	LXX_WH
Jób 7:17	G0846	αυτον	D-ASM	LXX_WH
Jób 7:17	G2228	η	CONJ	LXX_WH
Jób 7:17	G3754	οτι	CONJ	LXX_WH
Jób 7:17	G4337	προσεχεις	V-PAI-2S	LXX_WH
Jób 7:17	G3588	τον	T-ASM	LXX_WH
Jób 7:17	G3563	νουν	N-ASM	LXX_WH
Jób 7:17	G1519	εις	PREP	LXX_WH
Jób 7:17	G0846	αυτον	D-ASM	LXX_WH
Jób 7:18	G2228	η	CONJ	LXX_WH
Jób 7:18	G1984	επισκοπην	N-ASF	LXX_WH
Jób 7:18	G0846	αυτου	D-GSM	LXX_WH
Jób 7:18	G4160	ποιηση	V-FMI-2S	LXX_WH
Jób 7:18	G2193	εως	PREP	LXX_WH
Jób 7:18	G3588	το	T-ASN	LXX_WH
Jób 7:18	G4404	πρωι	ADV	LXX_WH
Jób 7:18	G2532	και	CONJ	LXX_WH
Jób 7:18	G1519	εις	PREP	LXX_WH
Jób 7:18	G0372	αναπαυσιν	N-ASF	LXX_WH
Jób 7:18	G0846	αυτον	D-ASM	LXX_WH
Jób 7:18	G2919	κρινεις	V-FAI-2S	LXX_WH
Jób 7:19	G2193	εως	PREP	LXX_WH
Jób 7:19	G5100	τινος	I-GSN	LXX_WH
Jób 7:19	G3364	ουκ	ADV	LXX_WH
Jób 7:19	G1439	εας	V-PAI-2S	LXX_WH
Jób 7:19	G1473	με	P-AS	LXX_WH
Jób 7:19	G3761	ουδε	CONJ	LXX_WH
Jób 7:19		προιη	V-PMI-2S	ELTERO_SZOVEGALAP
Jób 7:19	G1473	με	P-AS	LXX_WH
Jób 7:19	G2193	εως	CONJ	LXX_WH
Jób 7:19	G0302	αν	PRT	LXX_WH
Jób 7:19	G2666	καταπιω	V-AAS-1S	LXX_WH
Jób 7:19	G3588	τον	T-ASM	LXX_WH
Jób 7:19		πτυελον	N-ASM	ELTERO_SZOVEGALAP
Jób 7:19	G1473	μου	P-GS	LXX_WH
Jób 7:19	G1722	εν	PREP	LXX_WH
Jób 7:19	G3601	οδυνη	N-DSF	LXX_WH
Jób 7:20	G1487	ει	CONJ	LXX_WH
Jób 7:20	G1473	εγω	P-NS	LXX_WH
Jób 7:20	G0264	ημαρτον	V-AAI-1S	LXX_WH
Jób 7:20	G5100	τι	I-ASN	LXX_WH
Jób 7:20	G1410	δυναμαι	V-PMI-1S	LXX_WH
Jób 7:20	G4771	σοι	P-DS	LXX_WH
Jób 7:20	G4238	πραξαι	V-AAN	LXX_WH
Jób 7:20	G3588	ο	T-NSM	LXX_WH
Jób 7:20		επισταμενος	V-PMPNS	
Jób 7:20	G3588	τον	T-ASM	LXX_WH
Jób 7:20	G3563	νουν	N-ASM	LXX_WH
Jób 7:20	G3588	των	T-GPM	LXX_WH
Jób 7:20	G0444	ανθρωπων	N-GPM	LXX_WH
Jób 7:20	G1223	δια	PREP	LXX_WH
Jób 7:20	G5100	τι	I-ASN	LXX_WH
Jób 7:20	G5087	εθου	V-AMI-2S	LXX_WH
Jób 7:20	G1473	με	P-AS	LXX_WH
Jób 7:20		κατεντευκτην	N-ASM	ELTERO_SZOVEGALAP
Jób 7:20	G4771	σου	P-GS	LXX_WH
Jób 7:20	G1510	ειμι	V-PAI-1S	LXX_WH
Jób 7:20	G1161	δε	PRT	LXX_WH
Jób 7:20	G1909	επι	PREP	LXX_WH
Jób 7:20	G4771	σοι	P-DS	LXX_WH
Jób 7:20	G5413	φορτιον	N-ASN	LXX_WH
Jób 7:21	G2532	και	CONJ	LXX_WH
Jób 7:21	G1223	δια	PREP	LXX_WH
Jób 7:21	G5100	τι	I-ASN	LXX_WH
Jób 7:21	G3364	ουκ	ADV	LXX_WH
Jób 7:21	G4160	εποιησω	V-AMI-2S	LXX_WH
Jób 7:21	G3588	της	T-GSF	LXX_WH
Jób 7:21	G0458	ανομιας	N-GSF	LXX_WH
Jób 7:21	G1473	μου	P-GS	LXX_WH
Jób 7:21	G3024	ληθην	N-ASF	LXX_WH
Jób 7:21	G2532	και	CONJ	LXX_WH
Jób 7:21	G2512	καθαρισμον	N-ASM	LXX_WH
Jób 7:21	G3588	της	T-GSF	LXX_WH
Jób 7:21	G0266	αμαρτιας	N-GSF	LXX_WH
Jób 7:21	G1473	μου	P-GS	LXX_WH
Jób 7:21	G3570	νυνι	ADV	LXX_WH
Jób 7:21	G1161	δε	PRT	LXX_WH
Jób 7:21	G1519	εις	PREP	LXX_WH
Jób 7:21	G1065	γην	N-ASF	LXX_WH
Jób 7:21	G0565	απελευσομαι	V-FMI-1S	LXX_WH
Jób 7:21	G3719	ορθριζων	V-PAPNS	LXX_WH
Jób 7:21	G1161	δε	PRT	LXX_WH
Jób 7:21	G3765	ουκετι	ADV	LXX_WH
Jób 7:21	G1510	ειμι	V-PAI-1S	LXX_WH
Jób 8:1	G5274	υπολαβων	V-AAPNS	LXX_WH
Jób 8:1	G1161	δε	PRT	LXX_WH
Jób 8:1		βαλδαδ	N-PRI	ELTERO_SZOVEGALAP
Jób 8:1	G3588	ο	T-NSM	LXX_WH
Jób 8:1		σαυχιτης	N-NSM	ELTERO_SZOVEGALAP
Jób 8:1	G3004	λεγει	V-PAI-3S	LXX_WH
Jób 8:2	G3360	μεχρι	PREP	LXX_WH
Jób 8:2	G5100	τινος	I-GSN	LXX_WH
Jób 8:2	G2980	λαλησεις	V-FAI-2S	LXX_WH
Jób 8:2	G3778	ταυτα	D-APN	LXX_WH
Jób 8:2	G4151	πνευμα	N-NSN	LXX_WH
Jób 8:2	G4182	πολυρημον	A-NSN	ABP-potolt
Jób 8:2	G3588	του	T-GSN	LXX_WH
Jób 8:2	G4750	στοματος	N-GSN	LXX_WH
Jób 8:2	G4771	σου	P-GS	LXX_WH
Jób 8:3	G3165	μη	ADV	LXX_WH
Jób 8:3	G3588	ο	T-NSM	LXX_WH
Jób 8:3	G2962	κυριος	N-NSM	LXX_WH
Jób 8:3	G0091	αδικησει	V-FAI-3S	LXX_WH
Jób 8:3	G2919	κρινων	V-PAPNS	LXX_WH
Jób 8:3	G2228	η	CONJ	LXX_WH
Jób 8:3	G3588	ο	T-NSM	LXX_WH
Jób 8:3	G3588	τα	T-APN	LXX_WH
Jób 8:3	G3956	παντα	A-APN	LXX_WH
Jób 8:3	G4160	ποιησας	V-AAPNS	LXX_WH
Jób 8:3	G5015	ταραξει	V-FAI-3S	LXX_WH
Jób 8:3	G3588	το	T-ASN	LXX_WH
Jób 8:3	G1342	δικαιον	A-ASN	LXX_WH
Jób 8:4	G1487	ει	CONJ	LXX_WH
Jób 8:4	G3588	οι	T-NPM	LXX_WH
Jób 8:4	G5207	υιοι	N-NPM	LXX_WH
Jób 8:4	G4771	σου	P-GS	LXX_WH
Jób 8:4	G0264	ημαρτον	V-AAI-3P	LXX_WH
Jób 8:4	G1726	εναντιον	PREP	LXX_WH
Jób 8:4	G0846	αυτου	D-GSM	LXX_WH
Jób 8:4	G0649	απεστειλεν	V-AAI-3S	LXX_WH
Jób 8:4	G1722	εν	PREP	LXX_WH
Jób 8:4	G5495	χειρι	N-DSF	LXX_WH
Jób 8:4	G0458	ανομιας	N-GSF	LXX_WH
Jób 8:4	G0846	αυτων	D-GPM	LXX_WH
Jób 8:5	G4771	συ	P-NS	LXX_WH
Jób 8:5	G1161	δε	PRT	LXX_WH
Jób 8:5	G3719	ορθριζε	V-PAD-2S	LXX_WH
Jób 8:5	G4314	προς	PREP	LXX_WH
Jób 8:5	G2962	κυριον	N-ASM	LXX_WH
Jób 8:5	G3841	παντοκρατορα	N-ASM	LXX_WH
Jób 8:5	G1210	δεομενος	V-PMPNS	LXX_WH
Jób 8:6	G1487	ει	CONJ	LXX_WH
Jób 8:6	G2513	καθαρος	A-NSM	LXX_WH
Jób 8:6	G1510	ει	V-PAI-2S	LXX_WH
Jób 8:6	G2532	και	CONJ	LXX_WH
Jób 8:6	G0228	αληθινος	A-NSM	LXX_WH
Jób 8:6	G1162	δεησεως	N-GSF	LXX_WH
Jób 8:6		επακουσεται	V-FMI-3S	ELTERO_SZOVEGALAP
Jób 8:6	G4771	σου	P-GS	LXX_WH
Jób 8:6	G0600	αποκαταστησει	V-FAI-3S	LXX_WH
Jób 8:6	G1161	δε	PRT	LXX_WH
Jób 8:6	G4771	σοι	P-DS	LXX_WH
Jób 8:6		διαιταν	N-ASF	ELTERO_SZOVEGALAP
Jób 8:6	G1343	δικαιοσυνης	N-GSF	LXX_WH
Jób 8:7	G1510	εσται	V-FMI-3S	LXX_WH
Jób 8:7	G3767	ουν	PRT	LXX_WH
Jób 8:7	G3588	τα	T-NPN	LXX_WH
Jób 8:7	G3303	μεν	PRT	LXX_WH
Jób 8:7	G4413	πρωτα	A-NPNS	LXX_WH
Jób 8:7	G4771	σου	P-GS	LXX_WH
Jób 8:7	G3641	ολιγα	A-NPN	LXX_WH
Jób 8:7	G3588	τα	T-NPN	LXX_WH
Jób 8:7	G1161	δε	PRT	LXX_WH
Jób 8:7	G2078	εσχατα	A-NPN	LXX_WH
Jób 8:7	G4771	σου	P-GS	LXX_WH
Jób 8:7		αμυθητα	A-NPN	ELTERO_SZOVEGALAP
Jób 8:8		επερωτησον	V-AAD-2S	ELTERO_SZOVEGALAP
Jób 8:8	G1063	γαρ	PRT	LXX_WH
Jób 8:8	G1074	γενεαν	N-ASF	LXX_WH
Jób 8:8	G4413	πρωτην	A-ASFS	LXX_WH
Jób 8:8		εξιχνιασον	V-AAD-2S	ELTERO_SZOVEGALAP
Jób 8:8	G1161	δε	PRT	LXX_WH
Jób 8:8	G2596	κατα	PREP	LXX_WH
Jób 8:8	G1085	γενος	N-ASN	LXX_WH
Jób 8:8	G3962	πατερων	N-GPM	LXX_WH
Jób 8:9	G5504	χθιζοι	A-NPM	ABP-potolt
Jób 8:9	G1063	γαρ	PRT	LXX_WH
Jób 8:9	G1510	εσμεν	V-PAI-1P	LXX_WH
Jób 8:9	G2532	και	CONJ	LXX_WH
Jób 8:9	G3364	ουκ	ADV	LXX_WH
Jób 8:9		οιδαμεν	V-RAI-1P	ELTERO_SZOVEGALAP
Jób 8:9	G4639	σκια	N-NSF	LXX_WH
Jób 8:9	G1063	γαρ	PRT	LXX_WH
Jób 8:9	G1510	εστιν	V-PAI-3S	LXX_WH
Jób 8:9	G1473	ημων	P-GP	LXX_WH
Jób 8:9	G1909	επι	PREP	LXX_WH
Jób 8:9	G3588	της	T-GSF	LXX_WH
Jób 8:9	G1065	γης	N-GSF	LXX_WH
Jób 8:9	G3588	ο	T-NSM	LXX_WH
Jób 8:9	G0979	βιος	N-NSM	LXX_WH
Jób 8:10	G2228	η	ADV	LXX_WH
Jób 8:10	G3364	ουχ	ADV	LXX_WH
Jób 8:10	G3778	ουτοι	D-NPM	LXX_WH
Jób 8:10	G4771	σε	P-AS	LXX_WH
Jób 8:10	G1321	διδαξουσιν	V-FAI-3P	LXX_WH
Jób 8:10	G2532	και	CONJ	LXX_WH
Jób 8:10	G0312	αναγγελουσιν	V-FAI-3P	LXX_WH
Jób 8:10	G2532	και	CONJ	LXX_WH
Jób 8:10	G1537	εκ	PREP	LXX_WH
Jób 8:10	G2588	καρδιας	N-GSF	LXX_WH
Jób 8:10	G1806	εξαξουσιν	V-FAI-3P	LXX_WH
Jób 8:10	G4487	ρηματα	N-APN	LXX_WH
Jób 8:11	G3165	μη	ADV	LXX_WH
Jób 8:11		θαλλει	V-PAI-3S	ELTERO_SZOVEGALAP
Jób 8:11		παπυρος	N-NSM	ELTERO_SZOVEGALAP
Jób 8:11	G0427	ανευ	PREP	LXX_WH
Jób 8:11	G5204	υδατος	N-GSN	LXX_WH
Jób 8:11	G2228	η	CONJ	LXX_WH
Jób 8:11	G5312	υψωθησεται	V-FPI-3S	LXX_WH
Jób 8:11	G1016	βουτομον	N-NSN	ABP-potolt
Jób 8:11	G0427	ανευ	PREP	LXX_WH
Jób 8:11	G4224	ποτου	N-GSM	LXX_WH
Jób 8:12	G2089	ετι	ADV	LXX_WH
Jób 8:12	G1510	ον	V-PAPNS	LXX_WH
Jób 8:12	G1909	επι	PREP	LXX_WH
Jób 8:12	G4491	ριζης	N-GSF	ABP-potolt
Jób 8:12	G2532	και	CONJ	LXX_WH
Jób 8:12	G3364	ου	ADV	LXX_WH
Jób 8:12	G3165	μη	ADV	LXX_WH
Jób 8:12	G2325	θερισθη	V-APS-3S	LXX_WH
Jób 8:12	G4253	προ	PREP	LXX_WH
Jób 8:12	G3588	του	T-GSN	LXX_WH
Jób 8:12	G4095	πιειν	V-AAN	LXX_WH
Jób 8:12	G3956	πασα	A-NSF	LXX_WH
Jób 8:12	G1008	βοτανη	N-NSF	LXX_WH
Jób 8:12	G3364	ουχι	ADV	LXX_WH
Jób 8:12	G3583	ξηραινεται	V-PPI-3S	LXX_WH
Jób 8:13	G3778	ουτως	ADV	LXX_WH
Jób 8:13	G5106	τοινυν	PRT	LXX_WH
Jób 8:13	G1510	εσται	V-FMI-3S	LXX_WH
Jób 8:13	G3588	τα	T-NPN	LXX_WH
Jób 8:13	G2078	εσχατα	A-NPN	LXX_WH
Jób 8:13	G3956	παντων	A-GPM	LXX_WH
Jób 8:13	G3588	των	T-GPM	LXX_WH
Jób 8:13	G1950	επιλανθανομενων	V-PMPGP	ABP-potolt
Jób 8:13	G3588	του	T-GSM	LXX_WH
Jób 8:13	G2962	κυριου	N-GSM	LXX_WH
Jób 8:13	G1680	ελπις	N-NSF	LXX_WH
Jób 8:13	G1063	γαρ	PRT	LXX_WH
Jób 8:13	G0765	ασεβους	A-GSM	LXX_WH
Jób 8:13	G0622	απολειται	V-FMI-3S	ABP-potolt
Jób 8:14	G0516	αοικητος	A-NSM	ABP-potolt
Jób 8:14	G1063	γαρ	PRT	LXX_WH
Jób 8:14	G0846	αυτου	D-GSM	LXX_WH
Jób 8:14	G1510	εσται	V-FMI-3S	LXX_WH
Jób 8:14	G3588	ο	T-NSM	LXX_WH
Jób 8:14	G3624	οικος	N-NSM	LXX_WH
Jób 8:14		αραχνη	N-NSF	ELTERO_SZOVEGALAP
Jób 8:14	G1161	δε	PRT	LXX_WH
Jób 8:14	G0846	αυτου	D-GSM	LXX_WH
Jób 8:14	G0576	αποβησεται	V-FMI-3S	LXX_WH
Jób 8:14	G3588	η	T-NSF	LXX_WH
Jób 8:14	G4633	σκηνη	N-NSF	LXX_WH
Jób 8:15	G1437	εαν	CONJ	LXX_WH
Jób 8:15	G5237	υπερειση	V-AAS-3S	ABP-potolt
Jób 8:15	G3588	την	T-ASF	LXX_WH
Jób 8:15	G3614	οικιαν	N-ASF	LXX_WH
Jób 8:15	G0846	αυτου	D-GSM	LXX_WH
Jób 8:15	G3364	ου	ADV	LXX_WH
Jób 8:15	G3165	μη	ADV	LXX_WH
Jób 8:15	G2476	στη	V-AAS-3S	LXX_WH
Jób 8:15		επιλαβομενου	V-AMPGS	ELTERO_SZOVEGALAP
Jób 8:15	G1161	δε	PRT	LXX_WH
Jób 8:15	G0846	αυτου	D-GSM	LXX_WH
Jób 8:15	G3364	ου	ADV	LXX_WH
Jób 8:15	G3165	μη	ADV	LXX_WH
Jób 8:15	G5278	υπομεινη	V-AAS-3S	LXX_WH
Jób 8:16	G5200	υγρος	A-NSM	LXX_WH
Jób 8:16	G1063	γαρ	PRT	LXX_WH
Jób 8:16	G1510	εστιν	V-PAI-3S	LXX_WH
Jób 8:16	G5259	υπο	PREP	LXX_WH
Jób 8:16	G2246	ηλιου	N-GSM	LXX_WH
Jób 8:16	G2532	και	CONJ	LXX_WH
Jób 8:16	G1537	εκ	PREP	LXX_WH
Jób 8:16		σαπριας	N-GSF	ELTERO_SZOVEGALAP
Jób 8:16	G0846	αυτου	D-GSM	LXX_WH
Jób 8:16	G3588	ο	T-NSM	LXX_WH
Jób 8:16		ραδαμνος	N-NSM	ELTERO_SZOVEGALAP
Jób 8:16	G0846	αυτου	D-GSM	LXX_WH
Jób 8:16	G1831	εξελευσεται	V-FMI-3S	LXX_WH
Jób 8:17	G1909	επι	PREP	LXX_WH
Jób 8:17	G4864	συναγωγην	N-ASF	LXX_WH
Jób 8:17	G3037	λιθων	N-GPM	LXX_WH
Jób 8:17	G2837	κοιμαται	V-PMI-3S	LXX_WH
Jób 8:17	G1722	εν	PREP	LXX_WH
Jób 8:17	G1161	δε	PRT	LXX_WH
Jób 8:17	G3319	μεσω	A-DSN	LXX_WH
Jób 8:17	G5469	χαλικων	N-GPM	ABP-potolt
Jób 8:17	G2198	ζησεται	V-FMI-3S	LXX_WH
Jób 8:18	G1437	εαν	CONJ	LXX_WH
Jób 8:18	G2666	καταπιη	V-AAS-3S	LXX_WH
Jób 8:18	G3588	ο	T-NSM	LXX_WH
Jób 8:18	G5117	τοπος	N-NSM	LXX_WH
Jób 8:18		ψευσεται	V-FMI-3S	ELTERO_SZOVEGALAP
Jób 8:18	G0846	αυτον	D-ASM	LXX_WH
Jób 8:18	G3364	ουχ	ADV	LXX_WH
Jób 8:18	G3708	εορακας	V-RAI-2S	LXX_WH
Jób 8:18	G5108	τοιαυτα	A-APN	LXX_WH
Jób 8:19	G3754	οτι	CONJ	LXX_WH
Jób 8:19	G2692	καταστροφη	N-NSF	LXX_WH
Jób 8:19	G0765	ασεβους	A-GSM	LXX_WH
Jób 8:19	G5108	τοιαυτη	A-NSF	LXX_WH
Jób 8:19	G1537	εκ	PREP	LXX_WH
Jób 8:19	G1161	δε	PRT	LXX_WH
Jób 8:19	G1065	γης	N-GSF	LXX_WH
Jób 8:19	G0243	αλλον	D-ASM	LXX_WH
Jób 8:19	G0307	αναβλαστησει	V-FAI-3S	ABP-potolt
Jób 8:20	G3588	ο	T-NSM	LXX_WH
Jób 8:20	G1063	γαρ	PRT	LXX_WH
Jób 8:20	G2962	κυριος	N-NSM	LXX_WH
Jób 8:20	G3364	ου	ADV	LXX_WH
Jób 8:20	G3165	μη	ADV	LXX_WH
Jób 8:20		αποποιησηται	V-AMS-3S	ELTERO_SZOVEGALAP
Jób 8:20	G3588	τον	T-ASM	LXX_WH
Jób 8:20	G0172	ακακον	A-ASM	LXX_WH
Jób 8:20	G3956	παν	A-ASN	LXX_WH
Jób 8:20	G1161	δε	PRT	LXX_WH
Jób 8:20	G1435	δωρον	N-ASN	LXX_WH
Jób 8:20	G0765	ασεβους	A-GSM	LXX_WH
Jób 8:20	G3364	ου	ADV	LXX_WH
Jób 8:20	G1209	δεξεται	V-FMI-3S	LXX_WH
Jób 8:21	G0228	αληθινων	A-GPM	LXX_WH
Jób 8:21	G1161	δε	PRT	LXX_WH
Jób 8:21	G4750	στομα	N-ASN	LXX_WH
Jób 8:21	G1705	εμπλησει	V-FAI-3S	ABP-potolt
Jób 8:21	G1071	γελωτος	N-GSM	LXX_WH
Jób 8:21	G3588	τα	T-APN	LXX_WH
Jób 8:21	G1161	δε	PRT	LXX_WH
Jób 8:21	G5491	χειλη	N-APN	LXX_WH
Jób 8:21	G0846	αυτων	D-GPM	LXX_WH
Jób 8:21		εξομολογησεως	N-GSF	ELTERO_SZOVEGALAP
Jób 8:22	G3588	οι	T-NPM	LXX_WH
Jób 8:22	G1161	δε	PRT	LXX_WH
Jób 8:22	G2190	εχθροι	N-NPM	LXX_WH
Jób 8:22	G0846	αυτων	D-GPM	LXX_WH
Jób 8:22	G1746	ενδυσονται	V-FMI-3P	LXX_WH
Jób 8:22	G0152	αισχυνην	N-ASF	LXX_WH
Jób 8:22		διαιτα	N-NSF	ELTERO_SZOVEGALAP
Jób 8:22	G1161	δε	PRT	LXX_WH
Jób 8:22	G0765	ασεβους	A-GSM	LXX_WH
Jób 8:22	G3364	ουκ	ADV	LXX_WH
Jób 8:22	G1510	εσται	V-FMI-3S	LXX_WH
Jób 9:1	G5274	υπολαβων	V-AAPNS	LXX_WH
Jób 9:1	G1161	δε	PRT	LXX_WH
Jób 9:1	G2492	ιωβ	N-PRI	LXX_WH
Jób 9:1	G3004	λεγει	V-PAI-3S	LXX_WH
Jób 9:2	G1909	επ	PREP	LXX_WH
Jób 9:2	G0225	αληθειας	N-GSF	LXX_WH
Jób 9:2	G1492	οιδα	V-RAI-1S	ABP-potolt
Jób 9:2	G3754	οτι	CONJ	LXX_WH
Jób 9:2	G3778	ουτως	ADV	LXX_WH
Jób 9:2	G1510	εστιν	V-PAI-3S	LXX_WH
Jób 9:2	G4459	πως	ADV	LXX_WH
Jób 9:2	G1063	γαρ	PRT	LXX_WH
Jób 9:2	G1510	εσται	V-FMI-3S	LXX_WH
Jób 9:2	G1342	δικαιος	A-NSM	LXX_WH
Jób 9:2	G1027	βροτος	N-NSM	ABP-potolt
Jób 9:2	G3844	παρα	PREP	LXX_WH
Jób 9:2	G2962	κυριω	N-DSM	LXX_WH
Jób 9:3	G1437	εαν	CONJ	LXX_WH
Jób 9:3	G1063	γαρ	PRT	LXX_WH
Jób 9:3	G1014	βουληται	V-PMS-3S	LXX_WH
Jób 9:3	G2919	κριθηναι	V-APN	LXX_WH
Jób 9:3	G0846	αυτω	D-DSM	LXX_WH
Jób 9:3	G3364	ου	ADV	LXX_WH
Jób 9:3	G3165	μη	ADV	LXX_WH
Jób 9:3	G5219	υπακουση	V-AAS-3S	LXX_WH
Jób 9:3	G0846	αυτω	D-DSM	LXX_WH
Jób 9:3	G2443	ινα	CONJ	LXX_WH
Jób 9:3	G3165	μη	ADV	LXX_WH
Jób 9:3		αντειπη	V-AAS-3S	ELTERO_SZOVEGALAP
Jób 9:3	G4314	προς	PREP	LXX_WH
Jób 9:3	G1519	ενα	A-ASM	LXX_WH
Jób 9:3	G3056	λογον	N-ASM	LXX_WH
Jób 9:3	G0846	αυτου	D-GSM	LXX_WH
Jób 9:3	G1537	εκ	PREP	LXX_WH
Jób 9:3	G5507	χιλιων	A-GPM	LXX_WH
Jób 9:4	G4680	σοφος	A-NSM	LXX_WH
Jób 9:4	G1063	γαρ	PRT	LXX_WH
Jób 9:4	G1510	εστιν	V-PAI-3S	LXX_WH
Jób 9:4	G1271	διανοια	N-DSF	LXX_WH
Jób 9:4	G2900	κραταιος	A-NSM	LXX_WH
Jób 9:4	G5037	τε	PRT	LXX_WH
Jób 9:4	G2532	και	CONJ	LXX_WH
Jób 9:4	G3173	μεγας	A-NSM	LXX_WH
Jób 9:4	G5100	τις	I-NSM	LXX_WH
Jób 9:4	G4642	σκληρος	A-NSM	LXX_WH
Jób 9:4	G1096	γενομενος	V-AMPNS	LXX_WH
Jób 9:4	G1726	εναντιον	PREP	LXX_WH
Jób 9:4	G0846	αυτου	D-GSM	LXX_WH
Jób 9:4	G5278	υπεμεινεν	V-AAI-3S	LXX_WH
Jób 9:5	G3588	ο	T-NSM	LXX_WH
Jób 9:5	G3822	παλαιων	V-PAPGP	LXX_WH
Jób 9:5	G3735	ορη	N-APN	LXX_WH
Jób 9:5	G2532	και	CONJ	LXX_WH
Jób 9:5	G3364	ουκ	ADV	LXX_WH
Jób 9:5		οιδασιν	V-RAI-3P	ELTERO_SZOVEGALAP
Jób 9:5	G3588	ο	T-NSM	LXX_WH
Jób 9:5	G2690	καταστρεφων	V-PAPNS	LXX_WH
Jób 9:5	G0846	αυτα	D-APN	LXX_WH
Jób 9:5	G3709	οργη	N-DSF	LXX_WH
Jób 9:6	G3588	ο	T-NSM	LXX_WH
Jób 9:6	G4579	σειων	V-PAPNS	LXX_WH
Jób 9:6	G3588	την	T-ASF	LXX_WH
Jób 9:6	G5259	υπ	PREP	LXX_WH
Jób 9:6	G3772	ουρανον	N-ASM	LXX_WH
Jób 9:6	G1537	εκ	PREP	LXX_WH
Jób 9:6	G2310	θεμελιων	N-GPN	ABP-potolt
Jób 9:6	G3588	οι	T-NPM	LXX_WH
Jób 9:6	G1161	δε	PRT	LXX_WH
Jób 9:6	G4769	στυλοι	N-NPM	LXX_WH
Jób 9:6	G0846	αυτης	D-GSF	LXX_WH
Jób 9:6	G4531	σαλευονται	V-PAI-3P	LXX_WH
Jób 9:7	G3588	ο	T-NSM	LXX_WH
Jób 9:7	G3004	λεγων	V-PAPNS	LXX_WH
Jób 9:7	G3588	τω	T-DSM	LXX_WH
Jób 9:7	G2246	ηλιω	N-DSM	LXX_WH
Jób 9:7	G2532	και	CONJ	LXX_WH
Jób 9:7	G3364	ουκ	ADV	LXX_WH
Jób 9:7	G0393	ανατελλει	V-PAI-3S	LXX_WH
Jób 9:7	G2596	κατα	PREP	LXX_WH
Jób 9:7	G1161	δε	PRT	LXX_WH
Jób 9:7	G0798	αστρων	N-GPN	LXX_WH
Jób 9:7	G2696	κατασφραγιζει	V-PAI-3S	LXX_WH
Jób 9:8	G3588	ο	T-NSM	LXX_WH
Jób 9:8	G5009	τανυσας	V-AAPNS	ABP-potolt
Jób 9:8	G3588	τον	T-ASM	LXX_WH
Jób 9:8	G3772	ουρανον	N-ASM	LXX_WH
Jób 9:8	G3441	μονος	A-NSM	LXX_WH
Jób 9:8	G2532	και	CONJ	LXX_WH
Jób 9:8	G4043	περιπατων	V-PAPNS	LXX_WH
Jób 9:8	G3739	ως	CONJ	LXX_WH
Jób 9:8	G1909	επ	PREP	LXX_WH
Jób 9:8	G1475	εδαφους	N-GSN	LXX_WH
Jób 9:8	G1909	επι	PREP	LXX_WH
Jób 9:8	G2281	θαλασσης	N-GSF	LXX_WH
Jób 9:9	G3588	ο	T-NSM	LXX_WH
Jób 9:9	G4160	ποιων	V-PAPNS	LXX_WH
Jób 9:9	G2532	πλειαδα	N-APF	ABP-potolt
Jób 9:9	G2532	και	CONJ	LXX_WH
Jób 9:9	G2532	εσπερον	N-ASM	ABP-potolt
Jób 9:9	G2532	και	CONJ	LXX_WH
Jób 9:9	G2532	αρκτουρον	N-ASM	ABP-potolt
Jób 9:9	G2532	και	CONJ	LXX_WH
Jób 9:9	G5009	ταμιεια	N-APN	ABP-potolt
Jób 9:9	G3558	νοτου	N-GSM	LXX_WH
Jób 9:10	G3588	ο	T-NSM	LXX_WH
Jób 9:10	G4160	ποιων	V-PAPNS	LXX_WH
Jób 9:10	G3173	μεγαλα	A-APN	LXX_WH
Jób 9:10	G2532	και	CONJ	LXX_WH
Jób 9:10	G0421	ανεξιχνιαστα	A-APN	LXX_WH
Jób 9:10	G1741	ενδοξα	A-APN	LXX_WH
Jób 9:10	G5037	τε	PRT	LXX_WH
Jób 9:10	G2532	και	CONJ	LXX_WH
Jób 9:10	G1808	εξαισια	A-APN	ABP-potolt
Jób 9:10	G3739	ων	R-GPN	LXX_WH
Jób 9:10	G3364	ουκ	ADV	LXX_WH
Jób 9:10	G1510	εστιν	V-PAI-3S	LXX_WH
Jób 9:10	G0706	αριθμος	N-NSM	LXX_WH
Jób 9:11	G1437	εαν	CONJ	LXX_WH
Jób 9:11	G5233	υπερβη	V-AAS-3S	LXX_WH
Jób 9:11	G1473	με	P-AS	LXX_WH
Jób 9:11	G3364	ου	ADV	LXX_WH
Jób 9:11	G3165	μη	ADV	LXX_WH
Jób 9:11	G3708	ιδω	V-AAS-1S	LXX_WH
Jób 9:11	G2532	και	CONJ	LXX_WH
Jób 9:11	G1437	εαν	CONJ	LXX_WH
Jób 9:11	G3928	παρελθη	V-AAS-3S	LXX_WH
Jób 9:11	G1473	με	P-AS	LXX_WH
Jób 9:11	G3761	ουδ	CONJ	LXX_WH
Jób 9:11	G3739	ως	ADV	LXX_WH
Jób 9:11	G1097	εγνων	V-AAI-1S	LXX_WH
Jób 9:12	G1437	εαν	CONJ	LXX_WH
Jób 9:12	G0525	απαλλαξη	V-AAS-3S	LXX_WH
Jób 9:12	G5100	τις	I-NSM	LXX_WH
Jób 9:12	G0654	αποστρεψει	V-FAI-3S	LXX_WH
Jób 9:12	G2228	η	CONJ	LXX_WH
Jób 9:12	G5100	τις	I-NSM	LXX_WH
Jób 9:12		ερει	V-FAI-3S	ELTERO_SZOVEGALAP
Jób 9:12	G0846	αυτω	D-DSM	LXX_WH
Jób 9:12	G5100	τι	I-ASN	LXX_WH
Jób 9:12	G4160	εποιησας	V-AAI-2S	LXX_WH
Jób 9:13	G0846	αυτος	D-NSM	LXX_WH
Jób 9:13	G1063	γαρ	PRT	LXX_WH
Jób 9:13	G0654	απεστραπται	V-RMI-3S	LXX_WH
Jób 9:13	G3709	οργην	N-ASF	LXX_WH
Jób 9:13	G5259	υπ	PREP	LXX_WH
Jób 9:13	G0846	αυτου	D-GSM	LXX_WH
Jób 9:13	G2578	εκαμφθησαν	V-API-3P	LXX_WH
Jób 9:13	G2785	κητη	N-NPN	LXX_WH
Jób 9:13	G3588	τα	T-NPN	LXX_WH
Jób 9:13	G5259	υπ	PREP	LXX_WH
Jób 9:13	G3772	ουρανον	N-ASM	LXX_WH
Jób 9:14	G1437	εαν	CONJ	LXX_WH
Jób 9:14	G1161	δε	PRT	LXX_WH
Jób 9:14	G1473	μου	P-GS	LXX_WH
Jób 9:14	G5219	υπακουσηται	V-AMS-3S	LXX_WH
Jób 9:14	G2228	η	ADV	LXX_WH
Jób 9:14	G1252	διακρινει	V-FAI-3S	LXX_WH
Jób 9:14	G3588	τα	T-APN	LXX_WH
Jób 9:14	G4487	ρηματα	N-APN	LXX_WH
Jób 9:14	G1473	μου	P-GS	LXX_WH
Jób 9:15	G1437	εαν	CONJ	LXX_WH
Jób 9:15	G5037	τε	PRT	LXX_WH
Jób 9:15	G1063	γαρ	PRT	LXX_WH
Jób 9:15	G1510	ω	V-PAS-1S	LXX_WH
Jób 9:15	G1342	δικαιος	A-NSM	LXX_WH
Jób 9:15	G3364	ουκ	ADV	LXX_WH
Jób 9:15	G1522	εισακουσεται	V-FMI-3S	LXX_WH
Jób 9:15	G1473	μου	P-GS	LXX_WH
Jób 9:15	G3588	του	T-GSN	LXX_WH
Jób 9:15	G2917	κριματος	N-GSN	LXX_WH
Jób 9:15	G0846	αυτου	D-GSM	LXX_WH
Jób 9:15	G1210	δεηθησομαι	V-FPI-1S	LXX_WH
Jób 9:16	G1437	εαν	CONJ	LXX_WH
Jób 9:16	G5037	τε	PRT	LXX_WH
Jób 9:16	G2564	καλεσω	V-AAS-1S	LXX_WH
Jób 9:16	G2532	και	CONJ	LXX_WH
Jób 9:16	G5219	υπακουση	V-AAS-3S	LXX_WH
Jób 9:16	G3364	ου	ADV	LXX_WH
Jób 9:16	G4100	πιστευω	V-PAI-1S	LXX_WH
Jób 9:16	G3754	οτι	CONJ	LXX_WH
Jób 9:16	G1522	εισακηκοεν	V-RAI-3S	LXX_WH
Jób 9:16	G1473	μου	P-GS	LXX_WH
Jób 9:17	G3165	μη	ADV	LXX_WH
Jób 9:17	G1105	γνοφω	N-DSM	LXX_WH
Jób 9:17	G1473	με	P-AS	LXX_WH
Jób 9:17		εκτριψη	V-AAS-3S	ELTERO_SZOVEGALAP
Jób 9:17	G4183	πολλα	A-APN	LXX_WH
Jób 9:17	G1161	δε	PRT	LXX_WH
Jób 9:17	G1473	μου	P-GS	LXX_WH
Jób 9:17	G3588	τα	T-APN	LXX_WH
Jób 9:17	G4938	συντριμματα	N-APN	LXX_WH
Jób 9:17	G4160	πεποιηκεν	V-RAI-3S	LXX_WH
Jób 9:17	G1223	δια	PREP	LXX_WH
Jób 9:17	G2756	κενης	A-GSF	LXX_WH
Jób 9:18	G3364	ουκ	ADV	LXX_WH
Jób 9:18	G1439	εα	V-PAI-3S	LXX_WH
Jób 9:18	G1063	γαρ	PRT	LXX_WH
Jób 9:18	G1473	με	P-AS	LXX_WH
Jób 9:18		αναπνευσαι	V-AAN	ELTERO_SZOVEGALAP
Jób 9:18		ενεπλησεν	V-AAI-3S	ELTERO_SZOVEGALAP
Jób 9:18	G1161	δε	PRT	LXX_WH
Jób 9:18	G1473	με	P-AS	LXX_WH
Jób 9:18	G4088	πικριας	N-GSF	LXX_WH
Jób 9:19	G3754	οτι	CONJ	LXX_WH
Jób 9:19	G3303	μεν	PRT	LXX_WH
Jób 9:19	G1063	γαρ	PRT	LXX_WH
Jób 9:19	G2479	ισχυι	N-DSF	LXX_WH
Jób 9:19	G2902	κρατει	V-PAI-3S	LXX_WH
Jób 9:19	G5100	τις	I-NSM	LXX_WH
Jób 9:19	G3767	ουν	PRT	LXX_WH
Jób 9:19	G2917	κριματι	N-DSN	LXX_WH
Jób 9:19	G0846	αυτου	D-GSM	LXX_WH
Jób 9:19		αντιστησεται	V-FMI-3S	ELTERO_SZOVEGALAP
Jób 9:20	G1437	εαν	CONJ	LXX_WH
Jób 9:20	G1063	γαρ	PRT	LXX_WH
Jób 9:20	G1510	ω	V-PAS-1S	LXX_WH
Jób 9:20	G1342	δικαιος	A-NSM	LXX_WH
Jób 9:20	G3588	το	T-NSN	LXX_WH
Jób 9:20	G4750	στομα	N-NSN	LXX_WH
Jób 9:20	G1473	μου	P-GS	LXX_WH
Jób 9:20	G0764	ασεβησει	V-FAI-3S	LXX_WH
Jób 9:20	G1437	εαν	CONJ	LXX_WH
Jób 9:20	G5037	τε	PRT	LXX_WH
Jób 9:20	G1510	ω	V-PAS-1S	LXX_WH
Jób 9:20	G0273	αμεμπτος	A-NSM	LXX_WH
Jób 9:20	G4646	σκολιος	A-NSM	LXX_WH
Jób 9:20	G0576	αποβησομαι	V-FMI-1S	LXX_WH
Jób 9:21	G1535	ειτε	CONJ	LXX_WH
Jób 9:21	G1063	γαρ	PRT	LXX_WH
Jób 9:21	G0764	ησεβησα	V-AAI-1S	LXX_WH
Jób 9:21	G3364	ουκ	ADV	LXX_WH
Jób 9:21		οιδα	V-RAI-1S	ELTERO_SZOVEGALAP
Jób 9:21	G3588	τη	T-DSF	LXX_WH
Jób 9:21	G5590	ψυχη	N-DSF	LXX_WH
Jób 9:21	G4133	πλην	ADV	LXX_WH
Jób 9:21	G3754	οτι	CONJ	LXX_WH
Jób 9:21		αφαιρειται	V-PPI-3S	ELTERO_SZOVEGALAP
Jób 9:21	G1473	μου	P-GS	LXX_WH
Jób 9:21	G3588	η	T-NSF	LXX_WH
Jób 9:21	G2222	ζωη	N-NSF	LXX_WH
Jób 9:22		διο	CONJ	
Jób 9:22		ειπον	V-AAI-1S	
Jób 9:22	G3173	μεγαν	A-ASM	LXX_WH
Jób 9:22	G2532	και	CONJ	LXX_WH
Jób 9:22	G1413	δυναστην	N-ASM	LXX_WH
Jób 9:22		απολλυει	V-PAI-3S	
Jób 9:22	G3709	οργη	N-NSF	LXX_WH
Jób 9:23	G3754	οτι	CONJ	LXX_WH
Jób 9:23	G5337	φαυλοι	A-NPM	LXX_WH
Jób 9:23	G1722	εν	PREP	LXX_WH
Jób 9:23	G2288	θανατω	N-DSM	LXX_WH
Jób 9:23	G1808	εξαισιω	A-DSM	ABP-potolt
Jób 9:23	G0235	αλλα	CONJ	LXX_WH
Jób 9:23	G1342	δικαιοι	A-NPM	LXX_WH
Jób 9:23	G2606	καταγελωνται	V-PMI-3P	LXX_WH
Jób 9:24	G3860	παραδεδονται	V-RPI-3P	LXX_WH
Jób 9:24	G1063	γαρ	PRT	LXX_WH
Jób 9:24	G1519	εις	PREP	LXX_WH
Jób 9:24	G5495	χειρας	N-APF	LXX_WH
Jób 9:24	G0765	ασεβους	A-GSM	LXX_WH
Jób 9:24	G4383	προσωπα	N-APN	LXX_WH
Jób 9:24	G2923	κριτων	N-GPM	LXX_WH
Jób 9:24	G0846	αυτης	D-GSF	LXX_WH
Jób 9:24	G4780	συγκαλυπτει	V-PAI-3S	LXX_WH
Jób 9:24	G1487	ει	CONJ	LXX_WH
Jób 9:24	G1161	δε	PRT	LXX_WH
Jób 9:24	G3165	μη	ADV	LXX_WH
Jób 9:24	G0846	αυτος	D-NSM	LXX_WH
Jób 9:24	G5100	τις	I-NSM	LXX_WH
Jób 9:24	G1510	εστιν	V-PAI-3S	LXX_WH
Jób 9:25	G3588	ο	T-NSM	LXX_WH
Jób 9:25	G1161	δε	PRT	LXX_WH
Jób 9:25	G0979	βιος	N-NSM	LXX_WH
Jób 9:25	G1473	μου	P-GS	LXX_WH
Jób 9:25	G1510	εστιν	V-PAI-3S	LXX_WH
Jób 9:25	G1645	ελαφροτερος	A-NSMC	LXX_WH
Jób 9:25		δρομεως	N-GSM	ELTERO_SZOVEGALAP
Jób 9:25		απεδρασαν	V-AAI-3P	ELTERO_SZOVEGALAP
Jób 9:25	G2532	και	CONJ	LXX_WH
Jób 9:25	G3364	ουκ	ADV	LXX_WH
Jób 9:25	G3708	ειδοσαν	V-AAI-3P	LXX_WH
Jób 9:26	G2228	η	ADV	LXX_WH
Jób 9:26	G2532	και	CONJ	LXX_WH
Jób 9:26	G1510	εστιν	V-PAI-3S	LXX_WH
Jób 9:26	G3491	ναυσιν	N-DPF	LXX_WH
Jób 9:26	G2487	ιχνος	N-NSN	LXX_WH
Jób 9:26	G3598	οδου	N-GSF	LXX_WH
Jób 9:26	G2228	η	CONJ	LXX_WH
Jób 9:26	G0105	αετου	N-GSM	LXX_WH
Jób 9:26	G4072	πετομενου	V-PMPGS	LXX_WH
Jób 9:26	G2212	ζητουντος	V-PAPGS	LXX_WH
Jób 9:26	G1003	βοραν	N-ASF	ABP-potolt
Jób 9:27	G1437	εαν	CONJ	LXX_WH
Jób 9:27	G5037	τε	PRT	LXX_WH
Jób 9:27	G1063	γαρ	PRT	LXX_WH
Jób 9:27		ειπω	V-AAS-1S	ELTERO_SZOVEGALAP
Jób 9:27		επιλησομαι	V-FMI-1S	ELTERO_SZOVEGALAP
Jób 9:27	G2980	λαλων	V-PAPNS	LXX_WH
Jób 9:27	G4794	συγκυψας	V-AAPNS	LXX_WH
Jób 9:27	G3588	τω	T-DSN	LXX_WH
Jób 9:27	G4383	προσωπω	N-DSN	LXX_WH
Jób 9:27	G4727	στεναξω	V-FAI-1S	LXX_WH
Jób 9:28	G4579	σειομαι	V-PMI-1S	LXX_WH
Jób 9:28	G3956	πασιν	A-DPN	LXX_WH
Jób 9:28	G3588	τοις	T-DPN	LXX_WH
Jób 9:28	G3196	μελεσιν	N-DPN	LXX_WH
Jób 9:28		οιδα	V-RAI-1S	ELTERO_SZOVEGALAP
Jób 9:28	G1063	γαρ	PRT	LXX_WH
Jób 9:28	G3754	οτι	CONJ	LXX_WH
Jób 9:28	G3364	ουκ	ADV	LXX_WH
Jób 9:28	G0121	αθωον	A-ASM	LXX_WH
Jób 9:28	G1473	με	P-AS	LXX_WH
Jób 9:28	G1439	εασεις	V-FAI-2S	LXX_WH
Jób 9:29	G1894	επειδη	CONJ	LXX_WH
Jób 9:29	G1161	δε	PRT	LXX_WH
Jób 9:29	G1510	ειμι	V-PAI-1S	LXX_WH
Jób 9:29	G0765	ασεβης	A-NSM	LXX_WH
Jób 9:29	G1223	δια	PREP	LXX_WH
Jób 9:29	G5100	τι	I-ASN	LXX_WH
Jób 9:29	G3364	ουκ	ADV	LXX_WH
Jób 9:29	G0599	απεθανον	V-AAI-1S	LXX_WH
Jób 9:30	G1437	εαν	CONJ	LXX_WH
Jób 9:30	G1063	γαρ	PRT	LXX_WH
Jób 9:30	G0628	απολουσωμαι	V-AMS-1S	LXX_WH
Jób 9:30	G5510	χιονι	N-DSF	LXX_WH
Jób 9:30	G2532	και	CONJ	LXX_WH
Jób 9:30	G0599	αποκαθαρωμαι	V-AMS-1S	ABP-potolt
Jób 9:30	G5495	χερσιν	N-DPF	LXX_WH
Jób 9:30	G2513	καθαραις	A-DPF	LXX_WH
Jób 9:31	G2425	ικανως	ADV	LXX_WH
Jób 9:31	G1722	εν	PREP	LXX_WH
Jób 9:31		ρυπω	N-DSM	ELTERO_SZOVEGALAP
Jób 9:31	G1473	με	P-AS	LXX_WH
Jób 9:31	G0911	εβαψας	V-AAI-2S	LXX_WH
Jób 9:31	G0948	εβδελυξατο	V-AMI-3S	LXX_WH
Jób 9:31	G1161	δε	PRT	LXX_WH
Jób 9:31	G1473	με	P-AS	LXX_WH
Jób 9:31	G3588	η	T-NSF	LXX_WH
Jób 9:31	G4749	στολη	N-NSF	LXX_WH
Jób 9:32	G3364	ου	ADV	LXX_WH
Jób 9:32	G1063	γαρ	PRT	LXX_WH
Jób 9:32	G1510	ει	V-PAI-2S	LXX_WH
Jób 9:32	G0444	ανθρωπος	N-NSM	LXX_WH
Jób 9:32	G2596	κατ	PREP	LXX_WH
Jób 9:32	G1473	εμε	P-AS	LXX_WH
Jób 9:32	G3739	ω	R-DSM	LXX_WH
Jób 9:32	G0480	αντικρινουμαι	V-FMI-1S	ABP-potolt
Jób 9:32	G2443	ινα	CONJ	LXX_WH
Jób 9:32	G2064	ελθωμεν	V-AAS-1P	LXX_WH
Jób 9:32	G3661	ομοθυμαδον	ADV	LXX_WH
Jób 9:32	G1519	εις	PREP	LXX_WH
Jób 9:32	G2920	κρισιν	N-ASF	LXX_WH
Jób 9:33	G1489	ειθε	INJ	ABP-potolt
Jób 9:33	G1510	ην	V-IAI-3S	LXX_WH
Jób 9:33	G3588	ο	T-NSM	LXX_WH
Jób 9:33	G3316	μεσιτης	N-NSM	LXX_WH
Jób 9:33	G1473	ημων	P-GP	LXX_WH
Jób 9:33	G2532	και	CONJ	LXX_WH
Jób 9:33	G1651	ελεγχων	V-PAPNS	LXX_WH
Jób 9:33	G2532	και	CONJ	LXX_WH
Jób 9:33	G1251	διακουων	V-PAPNS	ABP-potolt
Jób 9:33	G0303	ανα	PREP	LXX_WH
Jób 9:33	G3319	μεσον	A-ASN	LXX_WH
Jób 9:33		αμφοτερων	A-GPM	ELTERO_SZOVEGALAP
Jób 9:34	G0525	απαλλαξατω	V-AAD-3S	LXX_WH
Jób 9:34	G0575	απ	PREP	LXX_WH
Jób 9:34	G1473	εμου	P-GS	LXX_WH
Jób 9:34	G3588	την	T-ASF	LXX_WH
Jób 9:34	G4464	ραβδον	N-ASF	ABP-potolt
Jób 9:34	G3588	ο	T-NSM	LXX_WH
Jób 9:34	G1161	δε	PRT	LXX_WH
Jób 9:34	G5401	φοβος	N-NSM	LXX_WH
Jób 9:34	G0846	αυτου	D-GSM	LXX_WH
Jób 9:34	G3165	μη	ADV	LXX_WH
Jób 9:34	G1473	με	P-AS	LXX_WH
Jób 9:34		στροβειτω	V-PAD-3S	ELTERO_SZOVEGALAP
Jób 9:35	G2532	και	CONJ	LXX_WH
Jób 9:35	G3364	ου	ADV	LXX_WH
Jób 9:35	G3165	μη	ADV	LXX_WH
Jób 9:35	G5399	φοβηθω	V-APS-1S	LXX_WH
Jób 9:35	G0235	αλλα	CONJ	LXX_WH
Jób 9:35	G2980	λαλησω	V-FAI-1S	LXX_WH
Jób 9:35	G3364	ου	ADV	LXX_WH
Jób 9:35	G1063	γαρ	PRT	LXX_WH
Jób 9:35	G3778	ουτω	ADV	LXX_WH
Jób 9:35		συνεπισταμαι	V-PMI-1S	ELTERO_SZOVEGALAP
Jób 10:1	G2577	καμνων	V-PAPNS	LXX_WH
Jób 10:1	G3588	τη	T-DSF	LXX_WH
Jób 10:1	G5590	ψυχη	N-DSF	LXX_WH
Jób 10:1	G1473	μου	P-GS	LXX_WH
Jób 10:1		στενων	V-PAPNS	ELTERO_SZOVEGALAP
Jób 10:1		επαφησω	V-FAI-1S	ELTERO_SZOVEGALAP
Jób 10:1	G1909	επ	PREP	LXX_WH
Jób 10:1	G0846	αυτον	D-ASM	LXX_WH
Jób 10:1	G3588	τα	T-APN	LXX_WH
Jób 10:1	G4487	ρηματα	N-APN	LXX_WH
Jób 10:1	G1473	μου	P-GS	LXX_WH
Jób 10:1	G2980	λαλησω	V-FAI-1S	LXX_WH
Jób 10:1	G4088	πικρια	N-DSF	LXX_WH
Jób 10:1	G5590	ψυχης	N-GSF	LXX_WH
Jób 10:1	G1473	μου	P-GS	LXX_WH
Jób 10:1	G4912	συνεχομενος	V-PMPNS	LXX_WH
Jób 10:2	G2532	και	CONJ	LXX_WH
Jób 10:2	G2046	ερω	V-FAI-1S	ABP-potolt
Jób 10:2	G4314	προς	PREP	LXX_WH
Jób 10:2	G2962	κυριον	N-ASM	LXX_WH
Jób 10:2	G3165	μη	ADV	LXX_WH
Jób 10:2	G1473	με	P-AS	LXX_WH
Jób 10:2	G0764	ασεβειν	V-PAN	LXX_WH
Jób 10:2	G1321	διδασκε	V-PAD-2S	LXX_WH
Jób 10:2	G2532	και	CONJ	LXX_WH
Jób 10:2	G1223	δια	PREP	LXX_WH
Jób 10:2	G5100	τι	I-ASN	LXX_WH
Jób 10:2	G1473	με	P-AS	LXX_WH
Jób 10:2	G3778	ουτως	ADV	LXX_WH
Jób 10:2	G2919	εκρινας	V-AAI-2S	LXX_WH
Jób 10:3	G2228	η	ADV	LXX_WH
Jób 10:3	G2570	καλον	A-NSN	LXX_WH
Jób 10:3	G4771	σοι	P-DS	LXX_WH
Jób 10:3	G1437	εαν	CONJ	LXX_WH
Jób 10:3	G0091	αδικησω	V-AAS-1S	LXX_WH
Jób 10:3	G3754	οτι	CONJ	LXX_WH
Jób 10:3	G0550	απειπω	V-AAS-1S	ABP-potolt
Jób 10:3	G2041	εργα	N-APN	LXX_WH
Jób 10:3	G5495	χειρων	N-GPF	LXX_WH
Jób 10:3	G4771	σου	P-GS	LXX_WH
Jób 10:3	G1012	βουλη	N-DSF	LXX_WH
Jób 10:3	G1161	δε	PRT	LXX_WH
Jób 10:3	G0765	ασεβων	A-GPM	LXX_WH
Jób 10:3	G4337	προσεσχες	V-AAI-2S	LXX_WH
Jób 10:4	G2228	η	ADV	LXX_WH
Jób 10:4	G3746	ωσπερ	ADV	LXX_WH
Jób 10:4		βροτος	N-NSM	ELTERO_SZOVEGALAP
Jób 10:4	G3708	ορα	V-PAI-3S	LXX_WH
Jób 10:4	G2529	καθορας	V-PAI-2S	LXX_WH
Jób 10:4	G2228	η	CONJ	LXX_WH
Jób 10:4	G2531	καθως	ADV	LXX_WH
Jób 10:4	G3708	ορα	V-PAI-3S	LXX_WH
Jób 10:4	G0444	ανθρωπος	N-NSM	LXX_WH
Jób 10:4	G0991	βλεψη	V-FMI-2S	LXX_WH
Jób 10:5	G2228	η	ADV	LXX_WH
Jób 10:5	G3588	ο	T-NSM	LXX_WH
Jób 10:5	G0979	βιος	N-NSM	LXX_WH
Jób 10:5	G4771	σου	P-GS	LXX_WH
Jób 10:5	G0442	ανθρωπινος	A-NSM	LXX_WH
Jób 10:5	G1510	εστιν	V-PAI-3S	LXX_WH
Jób 10:5	G2228	η	CONJ	LXX_WH
Jób 10:5	G3588	τα	T-NPN	LXX_WH
Jób 10:5	G2094	ετη	N-NPN	LXX_WH
Jób 10:5	G4771	σου	P-GS	LXX_WH
Jób 10:5	G0435	ανδρος	N-GSM	LXX_WH
Jób 10:6	G3754	οτι	CONJ	LXX_WH
Jób 10:6	G0327	ανεζητησας	V-AAI-2S	LXX_WH
Jób 10:6	G3588	την	T-ASF	LXX_WH
Jób 10:6	G0458	ανομιαν	N-ASF	LXX_WH
Jób 10:6	G1473	μου	P-GS	LXX_WH
Jób 10:6	G2532	και	CONJ	LXX_WH
Jób 10:6	G3588	τας	T-APF	LXX_WH
Jób 10:6	G0266	αμαρτιας	N-APF	LXX_WH
Jób 10:6	G1473	μου	P-GS	LXX_WH
Jób 10:6		εξιχνιασας	V-AAI-2S	ELTERO_SZOVEGALAP
Jób 10:7		οιδας	V-RAI-2S	ELTERO_SZOVEGALAP
Jób 10:7	G1063	γαρ	PRT	LXX_WH
Jób 10:7	G3754	οτι	CONJ	LXX_WH
Jób 10:7	G3364	ουκ	ADV	LXX_WH
Jób 10:7	G0764	ησεβησα	V-AAI-1S	LXX_WH
Jób 10:7	G0235	αλλα	CONJ	LXX_WH
Jób 10:7	G5100	τις	I-NSM	LXX_WH
Jób 10:7	G1510	εστιν	V-PAI-3S	LXX_WH
Jób 10:7	G3588	ο	T-NSM	LXX_WH
Jób 10:7	G1537	εκ	PREP	LXX_WH
Jób 10:7	G3588	των	T-GPF	LXX_WH
Jób 10:7	G5495	χειρων	N-GPF	LXX_WH
Jób 10:7	G4771	σου	P-GS	LXX_WH
Jób 10:7	G1807	εξαιρουμενος	V-PMPNS	LXX_WH
Jób 10:8	G3588	αι	T-NPF	LXX_WH
Jób 10:8	G5495	χειρες	N-NPF	LXX_WH
Jób 10:8	G4771	σου	P-GS	LXX_WH
Jób 10:8	G4111	επλασαν	V-AAI-3P	LXX_WH
Jób 10:8	G1473	με	P-AS	LXX_WH
Jób 10:8	G2532	και	CONJ	LXX_WH
Jób 10:8	G4160	εποιησαν	V-AAI-3P	LXX_WH
Jób 10:8	G1473	με	P-AS	LXX_WH
Jób 10:8	G3326	μετα	PREP	LXX_WH
Jób 10:8	G3778	ταυτα	D-APN	LXX_WH
Jób 10:8	G3328	μεταβαλων	V-AAPNS	LXX_WH
Jób 10:8	G1473	με	P-AS	LXX_WH
Jób 10:8	G3817	επαισας	V-AAI-2S	LXX_WH
Jób 10:9	G3403	μνησθητι	V-APD-2S	LXX_WH
Jób 10:9	G3754	οτι	CONJ	LXX_WH
Jób 10:9	G4081	πηλον	N-ASM	LXX_WH
Jób 10:9	G1473	με	P-AS	LXX_WH
Jób 10:9	G4111	επλασας	V-AAI-2S	LXX_WH
Jób 10:9	G1519	εις	PREP	LXX_WH
Jób 10:9	G1161	δε	PRT	LXX_WH
Jób 10:9	G1065	γην	N-ASF	LXX_WH
Jób 10:9	G1473	με	P-AS	LXX_WH
Jób 10:9	G3825	παλιν	ADV	LXX_WH
Jób 10:9	G0654	αποστρεφεις	V-PAI-2S	LXX_WH
Jób 10:10	G2228	η	ADV	LXX_WH
Jób 10:10	G3364	ουχ	ADV	LXX_WH
Jób 10:10	G3746	ωσπερ	ADV	LXX_WH
Jób 10:10	G1051	γαλα	N-ASN	LXX_WH
Jób 10:10	G1473	με	P-AS	LXX_WH
Jób 10:10		ημελξας	V-AAI-2S	ELTERO_SZOVEGALAP
Jób 10:10		ετυρωσας	V-AAI-2S	ELTERO_SZOVEGALAP
Jób 10:10	G1161	δε	PRT	LXX_WH
Jób 10:10	G1473	με	P-AS	LXX_WH
Jób 10:10	G2470	ισα	ADV	LXX_WH
Jób 10:10	G5184	τυρω	N-DSM	LXX_WH
Jób 10:11	G1192	δερμα	N-ASN	LXX_WH
Jób 10:11	G2532	και	CONJ	LXX_WH
Jób 10:11	G2907	κρεας	N-ASN	LXX_WH
Jób 10:11	G1473	με	P-AS	LXX_WH
Jób 10:11	G1746	ενεδυσας	V-AAI-2S	LXX_WH
Jób 10:11	G3747	οστεοις	N-DPN	LXX_WH
Jób 10:11	G1161	δε	PRT	LXX_WH
Jób 10:11	G2532	και	CONJ	LXX_WH
Jób 10:11		νευροις	N-DPN	
Jób 10:11	G1473	με	P-AS	LXX_WH
Jób 10:11	G1453	ενειρας	V-AAI-2S	LXX_WH
Jób 10:12	G2222	ζωην	N-ASF	LXX_WH
Jób 10:12	G1161	δε	PRT	LXX_WH
Jób 10:12	G2532	και	CONJ	LXX_WH
Jób 10:12	G1656	ελεος	N-ASN	LXX_WH
Jób 10:12	G5087	εθου	V-AMI-2S	LXX_WH
Jób 10:12	G3844	παρ	PREP	LXX_WH
Jób 10:12	G1473	εμοι	P-DS	LXX_WH
Jób 10:12	G3588	η	T-NSF	LXX_WH
Jób 10:12	G1161	δε	PRT	LXX_WH
Jób 10:12	G1984	επισκοπη	N-NSF	LXX_WH
Jób 10:12	G4771	σου	P-GS	LXX_WH
Jób 10:12	G5442	εφυλαξεν	V-AAI-3S	LXX_WH
Jób 10:12	G1473	μου	P-GS	LXX_WH
Jób 10:12	G3588	το	T-ASN	LXX_WH
Jób 10:12	G4151	πνευμα	N-ASN	LXX_WH
Jób 10:13	G3778	ταυτα	D-APN	LXX_WH
Jób 10:13	G2192	εχων	V-PAPNS	LXX_WH
Jób 10:13	G1722	εν	PREP	LXX_WH
Jób 10:13	G4572	σεαυτω	D-DSM	LXX_WH
Jób 10:13	G1492	οιδα	V-RAI-1S	ABP-potolt
Jób 10:13	G3754	οτι	CONJ	LXX_WH
Jób 10:13	G3956	παντα	A-APN	LXX_WH
Jób 10:13	G1410	δυνασαι	V-PMI-2S	LXX_WH
Jób 10:13	G0101	αδυνατει	V-PAI-3S	LXX_WH
Jób 10:13	G1161	δε	PRT	LXX_WH
Jób 10:13	G4771	σοι	P-DS	LXX_WH
Jób 10:13	G3762	ουθεν	A-NSN	LXX_WH
Jób 10:14	G1437	εαν	CONJ	LXX_WH
Jób 10:14	G5037	τε	PRT	LXX_WH
Jób 10:14	G1063	γαρ	PRT	LXX_WH
Jób 10:14	G0264	αμαρτω	V-AAS-1S	LXX_WH
Jób 10:14	G5442	φυλασσεις	V-PAI-2S	LXX_WH
Jób 10:14	G1473	με	P-AS	LXX_WH
Jób 10:14	G0575	απο	PREP	LXX_WH
Jób 10:14	G1161	δε	PRT	LXX_WH
Jób 10:14	G0458	ανομιας	N-GSF	LXX_WH
Jób 10:14	G3364	ουκ	ADV	LXX_WH
Jób 10:14	G0121	αθωον	A-ASM	LXX_WH
Jób 10:14	G1473	με	P-AS	LXX_WH
Jób 10:14	G4160	πεποιηκας	V-RAI-2S	LXX_WH
Jób 10:15	G1437	εαν	CONJ	LXX_WH
Jób 10:15	G5037	τε	PRT	LXX_WH
Jób 10:15	G1063	γαρ	PRT	LXX_WH
Jób 10:15	G0765	ασεβης	A-NSM	LXX_WH
Jób 10:15	G1510	ω	V-PAS-1S	LXX_WH
Jób 10:15		οιμμοι	INJ	ELTERO_SZOVEGALAP
Jób 10:15	G1437	εαν	CONJ	LXX_WH
Jób 10:15	G5037	τε	PRT	LXX_WH
Jób 10:15	G1510	ω	V-PAS-1S	LXX_WH
Jób 10:15	G1342	δικαιος	A-NSM	LXX_WH
Jób 10:15	G3364	ου	ADV	LXX_WH
Jób 10:15	G1410	δυναμαι	V-PMI-1S	LXX_WH
Jób 10:15	G0352	ανακυψαι	V-AAN	LXX_WH
Jób 10:15	G4134	πληρης	A-NSM	LXX_WH
Jób 10:15	G1063	γαρ	PRT	LXX_WH
Jób 10:15	G0819	ατιμιας	N-GSF	LXX_WH
Jób 10:15	G1510	ειμι	V-PAI-1S	LXX_WH
Jób 10:16	G0064	αγρευομαι	V-PPI-1S	LXX_WH
Jób 10:16	G1063	γαρ	PRT	LXX_WH
Jób 10:16	G3746	ωσπερ	ADV	LXX_WH
Jób 10:16	G3023	λεων	N-NSM	LXX_WH
Jób 10:16	G1519	εις	PREP	LXX_WH
Jób 10:16	G4967	σφαγην	N-ASF	LXX_WH
Jób 10:16	G3825	παλιν	ADV	LXX_WH
Jób 10:16	G1161	δε	PRT	LXX_WH
Jób 10:16	G3328	μεταβαλων	V-AAPNS	LXX_WH
Jób 10:16	G1171	δεινως	ADV	LXX_WH
Jób 10:16	G1473	με	P-AS	LXX_WH
Jób 10:16	G3639	ολεκεις	V-PAI-2S	ABP-potolt
Jób 10:17	G1877	επανακαινιζων	V-PAPNS	ABP-potolt
Jób 10:17	G1909	επ	PREP	LXX_WH
Jób 10:17	G1473	εμε	P-AS	LXX_WH
Jób 10:17	G3588	την	T-ASF	LXX_WH
Jób 10:17		ετασιν	N-ASF	ELTERO_SZOVEGALAP
Jób 10:17	G1473	μου	P-GS	LXX_WH
Jób 10:17	G3709	οργη	N-DSF	LXX_WH
Jób 10:17	G1161	δε	PRT	LXX_WH
Jób 10:17	G3173	μεγαλη	A-DSF	LXX_WH
Jób 10:17	G1473	μοι	P-DS	LXX_WH
Jób 10:17	G5531	εχρησω	V-AMI-2S	LXX_WH
Jób 10:17		επηγαγες	V-AAI-2S	ELTERO_SZOVEGALAP
Jób 10:17	G1161	δε	PRT	LXX_WH
Jób 10:17	G1909	επ	PREP	LXX_WH
Jób 10:17	G1473	εμε	P-AS	LXX_WH
Jób 10:17	G3986	πειρατηρια	N-APN	ABP-potolt
Jób 10:18	G2443	ινα	CONJ	LXX_WH
Jób 10:18	G5100	τι	I-NSN	LXX_WH
Jób 10:18	G3767	ουν	PRT	LXX_WH
Jób 10:18	G1537	εκ	PREP	LXX_WH
Jób 10:18	G2836	κοιλιας	N-GSF	LXX_WH
Jób 10:18	G1473	με	P-AS	LXX_WH
Jób 10:18	G1806	εξηγαγες	V-AAI-2S	LXX_WH
Jób 10:18	G2532	και	CONJ	LXX_WH
Jób 10:18	G3364	ουκ	ADV	LXX_WH
Jób 10:18	G0599	απεθανον	V-AAI-1S	LXX_WH
Jób 10:18	G3788	οφθαλμος	N-NSM	LXX_WH
Jób 10:18	G1161	δε	PRT	LXX_WH
Jób 10:18	G1473	με	P-AS	LXX_WH
Jób 10:18	G3364	ουκ	ADV	LXX_WH
Jób 10:18	G3708	ειδεν	V-AAI-3S	LXX_WH
Jób 10:19	G2532	και	CONJ	LXX_WH
Jób 10:19	G3746	ωσπερ	ADV	LXX_WH
Jób 10:19	G3364	ουκ	ADV	LXX_WH
Jób 10:19	G1510	ων	V-PAPNS	LXX_WH
Jób 10:19	G1096	εγενομην	V-AMI-1S	LXX_WH
Jób 10:19	G1223	δια	PREP	LXX_WH
Jób 10:19	G5100	τι	I-ASN	LXX_WH
Jób 10:19	G1063	γαρ	PRT	LXX_WH
Jób 10:19	G1537	εκ	PREP	LXX_WH
Jób 10:19	G1064	γαστρος	N-GSF	LXX_WH
Jób 10:19	G1519	εις	PREP	LXX_WH
Jób 10:19	G3418	μνημα	N-ASN	LXX_WH
Jób 10:19	G3364	ουκ	ADV	LXX_WH
Jób 10:19	G0525	απηλλαγην	V-API-1S	LXX_WH
Jób 10:20	G2228	η	ADV	LXX_WH
Jób 10:20	G3364	ουκ	ADV	LXX_WH
Jób 10:20	G3641	ολιγος	A-NSM	LXX_WH
Jób 10:20	G1510	εστιν	V-PAI-3S	LXX_WH
Jób 10:20	G3588	ο	T-NSM	LXX_WH
Jób 10:20	G5550	χρονος	N-NSM	LXX_WH
Jób 10:20	G3588	του	T-GSM	LXX_WH
Jób 10:20	G0979	βιου	N-GSM	LXX_WH
Jób 10:20	G1473	μου	P-GS	LXX_WH
Jób 10:20	G1439	εασον	V-AAD-2S	LXX_WH
Jób 10:20	G1473	με	P-AS	LXX_WH
Jób 10:20	G0373	αναπαυσασθαι	V-AMN	LXX_WH
Jób 10:20	G3398	μικρον	A-ASN	LXX_WH
Jób 10:21	G4253	προ	PREP	LXX_WH
Jób 10:21	G3588	του	T-GSN	LXX_WH
Jób 10:21	G1473	με	P-AS	LXX_WH
Jób 10:21	G4198	πορευθηναι	V-APN	LXX_WH
Jób 10:21	G3606	οθεν	ADV	LXX_WH
Jób 10:21	G3364	ουκ	ADV	LXX_WH
Jób 10:21	G0390	αναστρεψω	V-FAI-1S	LXX_WH
Jób 10:21	G1519	εις	PREP	LXX_WH
Jób 10:21	G1065	γην	N-ASF	LXX_WH
Jób 10:21	G4652	σκοτεινην	A-ASF	LXX_WH
Jób 10:21	G2532	και	CONJ	LXX_WH
Jób 10:21	G1104	γνοφεραν	A-ASF	ABP-potolt
Jób 10:22	G1519	εις	PREP	LXX_WH
Jób 10:22	G1065	γην	N-ASF	LXX_WH
Jób 10:22	G4655	σκοτους	N-GSN	LXX_WH
Jób 10:22	G0166	αιωνιου	A-GSN	LXX_WH
Jób 10:22	G3739	ου	R-GSM	LXX_WH
Jób 10:22	G3364	ουκ	ADV	LXX_WH
Jób 10:22	G1510	εστιν	V-PAI-3S	LXX_WH
Jób 10:22	G5338	φεγγος	N-NSN	LXX_WH
Jób 10:22	G3761	ουδε	CONJ	LXX_WH
Jób 10:22	G3708	οραν	V-PAN	LXX_WH
Jób 10:22	G2222	ζωην	N-ASF	LXX_WH
Jób 10:22	G1027	βροτων	N-GPM	ABP-potolt
Jób 11:1	G5274	υπολαβων	V-AAPNS	LXX_WH
Jób 11:1	G1161	δε	PRT	LXX_WH
Jób 11:1		σωφαρ	N-PRI	ELTERO_SZOVEGALAP
Jób 11:1	G3588	ο	T-NSM	LXX_WH
Jób 11:1		μιναιος	N-NSM	ELTERO_SZOVEGALAP
Jób 11:1	G3004	λεγει	V-PAI-3S	LXX_WH
Jób 11:2	G3588	ο	T-NSM	LXX_WH
Jób 11:2	G3588	τα	T-APN	LXX_WH
Jób 11:2	G4183	πολλα	A-APN	LXX_WH
Jób 11:2	G3004	λεγων	V-PAPNS	LXX_WH
Jób 11:2	G2532	και	CONJ	LXX_WH
Jób 11:2	G0464	αντακουσεται	V-FMI-3S	ABP-potolt
Jób 11:2	G2228	η	CONJ	LXX_WH
Jób 11:2	G2532	και	CONJ	LXX_WH
Jób 11:2	G3588	ο	T-NSM	LXX_WH
Jób 11:2	G2126	ευλαλος	A-NSM	ABP-potolt
Jób 11:2	G3633	οιεται	V-PMI-3S	LXX_WH
Jób 11:2	G1510	ειναι	V-PAN	LXX_WH
Jób 11:2	G1342	δικαιος	A-NSM	LXX_WH
Jób 11:2	G2127	ευλογημενος	V-RPPNS	LXX_WH
Jób 11:2	G1084	γεννητος	A-NSM	LXX_WH
Jób 11:2	G1135	γυναικος	N-GSF	LXX_WH
Jób 11:2	G3639	ολιγοβιος	A-NSM	ABP-potolt
Jób 11:3	G3165	μη	ADV	LXX_WH
Jób 11:3	G4183	πολυς	A-NSM	LXX_WH
Jób 11:3	G1722	εν	PREP	LXX_WH
Jób 11:3	G4487	ρημασιν	N-DPN	LXX_WH
Jób 11:3	G1096	γινου	V-PMD-2S	LXX_WH
Jób 11:3	G3364	ου	ADV	LXX_WH
Jób 11:3	G1063	γαρ	PRT	LXX_WH
Jób 11:3	G1510	εστιν	V-PAI-3S	LXX_WH
Jób 11:3	G3588	ο	T-NSM	LXX_WH
Jób 11:3		αντικρινομενος	V-PMPNS	ELTERO_SZOVEGALAP
Jób 11:3	G4771	σοι	P-DS	LXX_WH
Jób 11:4	G3165	μη	ADV	LXX_WH
Jób 11:4	G1063	γαρ	PRT	LXX_WH
Jób 11:4	G3004	λεγε	V-PAD-2S	LXX_WH
Jób 11:4	G3754	οτι	CONJ	LXX_WH
Jób 11:4	G2513	καθαρος	A-NSM	LXX_WH
Jób 11:4	G1510	ειμι	V-PAI-1S	LXX_WH
Jób 11:4	G3588	τοις	T-DPN	LXX_WH
Jób 11:4	G2041	εργοις	N-DPN	LXX_WH
Jób 11:4	G2532	και	CONJ	LXX_WH
Jób 11:4	G0273	αμεμπτος	A-NSM	LXX_WH
Jób 11:4	G1726	εναντιον	PREP	LXX_WH
Jób 11:4	G0846	αυτου	D-GSM	LXX_WH
Jób 11:5	G0235	αλλα	CONJ	LXX_WH
Jób 11:5	G4459	πως	ADV	LXX_WH
Jób 11:5	G0302	αν	PRT	LXX_WH
Jób 11:5	G3588	ο	T-NSM	LXX_WH
Jób 11:5	G2962	κυριος	N-NSM	LXX_WH
Jób 11:5	G2980	λαλησαι	V-AAN	LXX_WH
Jób 11:5	G4314	προς	PREP	LXX_WH
Jób 11:5	G4771	σε	P-AS	LXX_WH
Jób 11:5	G2532	και	CONJ	LXX_WH
Jób 11:5	G0455	ανοιξει	V-FAI-3S	LXX_WH
Jób 11:5	G5491	χειλη	N-APN	LXX_WH
Jób 11:5	G0846	αυτου	D-GSM	LXX_WH
Jób 11:5	G3326	μετα	PREP	LXX_WH
Jób 11:5	G4771	σου	P-GS	LXX_WH
Jób 11:6	G1534	ειτα	ADV	LXX_WH
Jób 11:6	G0312	αναγγελει	V-FAI-3S	LXX_WH
Jób 11:6	G4771	σοι	P-DS	LXX_WH
Jób 11:6	G1411	δυναμιν	N-ASF	LXX_WH
Jób 11:6	G4678	σοφιας	N-GSF	LXX_WH
Jób 11:6	G3754	οτι	CONJ	LXX_WH
Jób 11:6	G1362	διπλους	A-NSM	LXX_WH
Jób 11:6	G1510	εσται	V-FMI-3S	LXX_WH
Jób 11:6	G3588	των	T-GPN	LXX_WH
Jób 11:6	G2596	κατα	PREP	LXX_WH
Jób 11:6	G4771	σε	P-AS	LXX_WH
Jób 11:6	G2532	και	CONJ	LXX_WH
Jób 11:6	G5119	τοτε	ADV	LXX_WH
Jób 11:6	G1097	γνωση	V-FMI-2S	LXX_WH
Jób 11:6	G3754	οτι	CONJ	LXX_WH
Jób 11:6	G0514	αξια	A-NPN	LXX_WH
Jób 11:6	G4771	σοι	P-DS	LXX_WH
Jób 11:6	G0576	απεβη	V-AAI-3S	LXX_WH
Jób 11:6	G0575	απο	PREP	LXX_WH
Jób 11:6	G2962	κυριου	N-GSM	LXX_WH
Jób 11:6	G3739	ων	R-GPN	LXX_WH
Jób 11:6	G0264	ημαρτηκας	V-RAI-2S	LXX_WH
Jób 11:7	G2228	η	ADV	LXX_WH
Jób 11:7	G2487	ιχνος	N-ASN	LXX_WH
Jób 11:7	G2962	κυριου	N-GSM	LXX_WH
Jób 11:7	G2147	ευρησεις	V-FAI-2S	LXX_WH
Jób 11:7	G2228	η	CONJ	LXX_WH
Jób 11:7	G1519	εις	PREP	LXX_WH
Jób 11:7	G3588	τα	T-APN	LXX_WH
Jób 11:7	G2078	εσχατα	A-APN	LXX_WH
Jób 11:7	G0864	αφικου	V-AMI-2S	ABP-potolt
Jób 11:7	G3739	α	R-APN	LXX_WH
Jób 11:7	G4160	εποιησεν	V-AAI-3S	LXX_WH
Jób 11:7	G3588	ο	T-NSM	LXX_WH
Jób 11:7	G3841	παντοκρατωρ	N-NSM	LXX_WH
Jób 11:8	G5308	υψηλος	A-NSM	LXX_WH
Jób 11:8	G3588	ο	T-NSM	LXX_WH
Jób 11:8	G3772	ουρανος	N-NSM	LXX_WH
Jób 11:8	G2532	και	CONJ	LXX_WH
Jób 11:8	G5100	τι	I-ASN	LXX_WH
Jób 11:8	G4160	ποιησεις	V-FAI-2S	LXX_WH
Jób 11:8	G0901	βαθυτερα	A-APNC	LXX_WH
Jób 11:8	G1161	δε	PRT	LXX_WH
Jób 11:8	G3588	των	T-GPM	LXX_WH
Jób 11:8	G1722	εν	PREP	LXX_WH
Jób 11:8	G0086	αδου	N-GSM	LXX_WH
Jób 11:8	G5100	τι	I-ASN	LXX_WH
Jób 11:8	G1492	οιδας	V-RAI-2S	ABP-potolt
Jób 11:9	G2228	η	CONJ	LXX_WH
Jób 11:9	G3117	μακροτερα	A-APNC	LXX_WH
Jób 11:9	G3358	μετρου	N-GSN	LXX_WH
Jób 11:9	G1065	γης	N-GSF	LXX_WH
Jób 11:9	G2228	η	CONJ	LXX_WH
Jób 11:9	G2148	ευρους	N-GSN	ABP-potolt
Jób 11:9	G2281	θαλασσης	N-GSF	LXX_WH
Jób 11:10	G1437	εαν	CONJ	LXX_WH
Jób 11:10	G1161	δε	PRT	LXX_WH
Jób 11:10	G2690	καταστρεψη	V-FMI-2S	LXX_WH
Jób 11:10	G3588	τα	T-APN	LXX_WH
Jób 11:10	G3956	παντα	A-APN	LXX_WH
Jób 11:10	G5100	τις	I-NSM	LXX_WH
Jób 11:10		ερει	V-FAI-3S	ELTERO_SZOVEGALAP
Jób 11:10	G0846	αυτω	D-DSM	LXX_WH
Jób 11:10	G5100	τι	I-ASN	LXX_WH
Jób 11:10	G4160	εποιησας	V-AAI-2S	LXX_WH
Jób 11:11	G0846	αυτος	D-NSM	LXX_WH
Jób 11:11	G1063	γαρ	PRT	LXX_WH
Jób 11:11		οιδεν	V-RAI-3S	ELTERO_SZOVEGALAP
Jób 11:11	G2041	εργα	N-APN	LXX_WH
Jób 11:11	G0459	ανομων	A-GPM	LXX_WH
Jób 11:11	G3708	ιδων	V-AAPNS	LXX_WH
Jób 11:11	G1161	δε	PRT	LXX_WH
Jób 11:11	G0824	ατοπα	A-APN	LXX_WH
Jób 11:11	G3364	ου	ADV	LXX_WH
Jób 11:11		παροψεται	V-FMI-3S	ELTERO_SZOVEGALAP
Jób 11:12	G0444	ανθρωπος	N-NSM	LXX_WH
Jób 11:12	G1161	δε	PRT	LXX_WH
Jób 11:12	G0243	αλλως	ADV	LXX_WH
Jób 11:12		νηχεται	V-PMI-3S	ELTERO_SZOVEGALAP
Jób 11:12	G3056	λογοις	N-DPM	LXX_WH
Jób 11:12		βροτος	N-NSM	ELTERO_SZOVEGALAP
Jób 11:12	G1161	δε	PRT	LXX_WH
Jób 11:12	G1084	γεννητος	A-NSM	LXX_WH
Jób 11:12	G1135	γυναικος	N-GSF	LXX_WH
Jób 11:12	G2470	ισα	ADV	LXX_WH
Jób 11:12	G3688	ονω	N-DSM	LXX_WH
Jób 11:12	G2047	ερημιτη	N-DSM	ABP-potolt
Jób 11:13	G1487	ει	CONJ	LXX_WH
Jób 11:13	G1063	γαρ	PRT	LXX_WH
Jób 11:13	G4771	συ	P-NS	LXX_WH
Jób 11:13	G2513	καθαραν	A-ASF	LXX_WH
Jób 11:13	G5087	εθου	V-AMI-2S	LXX_WH
Jób 11:13	G3588	την	T-ASF	LXX_WH
Jób 11:13	G2588	καρδιαν	N-ASF	LXX_WH
Jób 11:13	G4771	σου	P-GS	LXX_WH
Jób 11:13		υπτιαζεις	V-PAI-2S	ELTERO_SZOVEGALAP
Jób 11:13	G1161	δε	PRT	LXX_WH
Jób 11:13	G5495	χειρας	N-APF	LXX_WH
Jób 11:13	G4314	προς	PREP	LXX_WH
Jób 11:13	G0846	αυτον	D-ASM	LXX_WH
Jób 11:14	G1487	ει	CONJ	LXX_WH
Jób 11:14	G0459	ανομον	A-NSN	LXX_WH
Jób 11:14	G5100	τι	I-NSN	LXX_WH
Jób 11:14	G1510	εστιν	V-PAI-3S	LXX_WH
Jób 11:14	G1722	εν	PREP	LXX_WH
Jób 11:14	G5495	χερσιν	N-DPF	LXX_WH
Jób 11:14	G4771	σου	P-GS	LXX_WH
Jób 11:14		πορρω	ADV	ELTERO_SZOVEGALAP
Jób 11:14	G4160	ποιησον	V-AAD-2S	LXX_WH
Jób 11:14	G0846	αυτο	D-ASN	LXX_WH
Jób 11:14	G0575	απο	PREP	LXX_WH
Jób 11:14	G4771	σου	P-GS	LXX_WH
Jób 11:14	G0093	αδικια	N-NSF	LXX_WH
Jób 11:14	G1161	δε	PRT	LXX_WH
Jób 11:14	G1722	εν	PREP	LXX_WH
Jób 11:14		διαιτη	N-DSF	ELTERO_SZOVEGALAP
Jób 11:14	G4771	σου	P-GS	LXX_WH
Jób 11:14	G3165	μη	ADV	LXX_WH
Jób 11:14		αυλισθητω	V-APD-3S	ELTERO_SZOVEGALAP
Jób 11:15	G3778	ουτως	ADV	LXX_WH
Jób 11:15	G1063	γαρ	PRT	LXX_WH
Jób 11:15		αναλαμψει	V-FMI-2S	ELTERO_SZOVEGALAP
Jób 11:15	G4771	σου	P-GS	LXX_WH
Jób 11:15	G3588	το	T-ASN	LXX_WH
Jób 11:15	G4383	προσωπον	N-ASN	LXX_WH
Jób 11:15	G3746	ωσπερ	ADV	LXX_WH
Jób 11:15	G5204	υδωρ	N-NSN	LXX_WH
Jób 11:15	G2513	καθαρον	A-NSN	LXX_WH
Jób 11:15	G1562	εκδυση	V-FMI-2S	LXX_WH
Jób 11:15	G1161	δε	PRT	LXX_WH
Jób 11:15		ρυπον	N-ASN	ELTERO_SZOVEGALAP
Jób 11:15	G2532	και	CONJ	LXX_WH
Jób 11:15	G3364	ου	ADV	LXX_WH
Jób 11:15	G3165	μη	ADV	LXX_WH
Jób 11:15	G5399	φοβηθης	V-APS-2S	LXX_WH
Jób 11:16	G2532	και	CONJ	LXX_WH
Jób 11:16	G3588	τον	T-ASM	LXX_WH
Jób 11:16	G2873	κοπον	N-ASM	LXX_WH
Jób 11:16		επιληση	V-FMI-2S	ELTERO_SZOVEGALAP
Jób 11:16	G3746	ωσπερ	ADV	LXX_WH
Jób 11:16	G2949	κυμα	N-ASN	LXX_WH
Jób 11:16	G3928	παρελθον	V-AAPAS	LXX_WH
Jób 11:16	G2532	και	CONJ	LXX_WH
Jób 11:16	G3364	ου	ADV	LXX_WH
Jób 11:16	G4422	πτοηθηση	V-FPI-2S	LXX_WH
Jób 11:17	G3588	η	T-NSF	LXX_WH
Jób 11:17	G1161	δε	PRT	LXX_WH
Jób 11:17	G2171	ευχη	N-NSF	LXX_WH
Jób 11:17	G4771	σου	P-GS	LXX_WH
Jób 11:17	G3746	ωσπερ	ADV	LXX_WH
Jób 11:17		εωσφορος	N-NSM	ELTERO_SZOVEGALAP
Jób 11:17	G1537	εκ	PREP	LXX_WH
Jób 11:17	G1161	δε	PRT	LXX_WH
Jób 11:17	G3314	μεσημβριας	N-GSF	LXX_WH
Jób 11:17	G0393	ανατελει	V-FAI-3S	LXX_WH
Jób 11:17	G4771	σοι	P-DS	LXX_WH
Jób 11:17	G2222	ζωη	N-NSF	LXX_WH
Jób 11:18	G3982	πεποιθως	V-RAPNS	LXX_WH
Jób 11:18	G5037	τε	PRT	LXX_WH
Jób 11:18	G1510	εση	V-FMI-2S	LXX_WH
Jób 11:18	G3754	οτι	CONJ	LXX_WH
Jób 11:18	G1510	εστιν	V-PAI-3S	LXX_WH
Jób 11:18	G4771	σοι	P-DS	LXX_WH
Jób 11:18	G1680	ελπις	N-NSF	LXX_WH
Jób 11:18	G1537	εκ	PREP	LXX_WH
Jób 11:18	G1161	δε	PRT	LXX_WH
Jób 11:18	G3308	μεριμνης	N-GSF	LXX_WH
Jób 11:18	G2532	και	CONJ	LXX_WH
Jób 11:18	G5431	φροντιδος	N-GSF	ABP-potolt
Jób 11:18	G0398	αναφανειται	V-FMI-3S	LXX_WH
Jób 11:18	G4771	σοι	P-DS	LXX_WH
Jób 11:18	G1515	ειρηνη	N-NSF	LXX_WH
Jób 11:19	G2270	ησυχασεις	V-FAI-2S	LXX_WH
Jób 11:19	G1063	γαρ	PRT	LXX_WH
Jób 11:19	G2532	και	CONJ	LXX_WH
Jób 11:19	G3364	ουκ	ADV	LXX_WH
Jób 11:19	G1510	εσται	V-FMI-3S	LXX_WH
Jób 11:19	G3588	ο	T-NSM	LXX_WH
Jób 11:19	G4170	πολεμων	V-PAPNS	LXX_WH
Jób 11:19	G4771	σε	P-AS	LXX_WH
Jób 11:19	G3328	μεταβαλομενοι	V-AMPNP	LXX_WH
Jób 11:19	G1161	δε	PRT	LXX_WH
Jób 11:19	G4183	πολλοι	A-NPM	LXX_WH
Jób 11:19	G4771	σου	P-GS	LXX_WH
Jób 11:19	G1210	δεηθησονται	V-FPI-3P	LXX_WH
Jób 11:20	G4991	σωτηρια	N-NSF	LXX_WH
Jób 11:20	G1161	δε	PRT	LXX_WH
Jób 11:20	G0846	αυτους	D-APM	LXX_WH
Jób 11:20	G0620	απολειψει	V-FAI-3S	LXX_WH
Jób 11:20	G3588	η	T-NSF	LXX_WH
Jób 11:20	G1063	γαρ	PRT	LXX_WH
Jób 11:20	G1680	ελπις	N-NSF	LXX_WH
Jób 11:20	G0846	αυτων	D-GPM	LXX_WH
Jób 11:20	G0684	απωλεια	N-NSF	LXX_WH
Jób 11:20	G3788	οφθαλμοι	N-NPM	LXX_WH
Jób 11:20	G1161	δε	PRT	LXX_WH
Jób 11:20	G0765	ασεβων	A-GPM	LXX_WH
Jób 11:20	G5080	τακησονται	V-FPI-3P	LXX_WH
Jób 12:1	G5274	υπολαβων	V-AAPNS	LXX_WH
Jób 12:1	G1161	δε	PRT	LXX_WH
Jób 12:1	G2492	ιωβ	N-PRI	LXX_WH
Jób 12:1	G3004	λεγει	V-PAI-3S	LXX_WH
Jób 12:2	G1534	ειτα	ADV	LXX_WH
Jób 12:2	G4771	υμεις	P-NP	LXX_WH
Jób 12:2	G1510	εστε	V-PAI-2P	LXX_WH
Jób 12:2	G0444	ανθρωποι	N-NPM	LXX_WH
Jób 12:2	G2228	η	ADV	LXX_WH
Jób 12:2	G3326	μεθ	PREP	LXX_WH
Jób 12:2	G4771	υμων	P-GP	LXX_WH
Jób 12:2	G5053	τελευτησει	V-FAI-3S	LXX_WH
Jób 12:2	G4678	σοφια	N-NSF	LXX_WH
Jób 12:3	G2504	καμοι	CONJ	ABP-potolt
Jób 12:3	G3303	μεν	PRT	LXX_WH
Jób 12:3	G2588	καρδια	N-NSF	LXX_WH
Jób 12:3	G2596	καθ	PREP	LXX_WH
Jób 12:3	G4771	υμας	P-AP	LXX_WH
Jób 12:3	G1510	εστιν	V-PAI-3S	LXX_WH
Jób 12:4	G1342	δικαιος	A-NSM	LXX_WH
Jób 12:4	G1063	γαρ	PRT	LXX_WH
Jób 12:4	G0435	ανηρ	N-NSM	LXX_WH
Jób 12:4	G2532	και	CONJ	LXX_WH
Jób 12:4	G0273	αμεμπτος	A-NSM	LXX_WH
Jób 12:4	G1096	εγενηθη	V-API-3S	LXX_WH
Jób 12:4	G1519	εις	PREP	LXX_WH
Jób 12:4	G5512	χλευασμα	N-ASN	ABP-potolt
Jób 12:5	G1519	εις	PREP	LXX_WH
Jób 12:5	G5550	χρονον	N-ASM	LXX_WH
Jób 12:5	G1063	γαρ	PRT	LXX_WH
Jób 12:5	G5002	τακτον	A-ASM	LXX_WH
Jób 12:5	G2090	ητοιμαστο	V-IMI-3S	LXX_WH
Jób 12:5	G4098	πεσειν	V-AAN	LXX_WH
Jób 12:5	G5259	υπο	PREP	LXX_WH
Jób 12:5	G0243	αλλους	D-APM	LXX_WH
Jób 12:5	G3624	οικους	N-APM	LXX_WH
Jób 12:5	G5037	τε	PRT	LXX_WH
Jób 12:5	G0846	αυτου	D-GSM	LXX_WH
Jób 12:5		εκπορθεισθαι	V-PPN	ELTERO_SZOVEGALAP
Jób 12:5	G5259	υπο	PREP	LXX_WH
Jób 12:5	G0459	ανομων	A-GPM	LXX_WH
Jób 12:6	G3364	ου	ADV	LXX_WH
Jób 12:6	G3303	μην	PRT	LXX_WH
Jób 12:6	G1161	δε	PRT	LXX_WH
Jób 12:6	G0235	αλλα	CONJ	LXX_WH
Jób 12:6	G3367	μηδεις	A-NSM	LXX_WH
Jób 12:6	G3982	πεποιθετω	V-RAD-3S	LXX_WH
Jób 12:6	G4190	πονηρος	A-NSM	LXX_WH
Jób 12:6	G1510	ων	V-PAPNS	LXX_WH
Jób 12:6	G0121	αθωος	A-NSM	LXX_WH
Jób 12:6	G1510	εσεσθαι	V-FMN	LXX_WH
Jób 12:6	G3745	οσοι	A-NPM	LXX_WH
Jób 12:6	G3949	παροργιζουσιν	V-PAI-3P	LXX_WH
Jób 12:6	G3588	τον	T-ASM	LXX_WH
Jób 12:6	G2962	κυριον	N-ASM	LXX_WH
Jób 12:6	G3739	ως	CONJ	LXX_WH
Jób 12:6	G3364	ουχι	ADV	LXX_WH
Jób 12:6	G2532	και	ADV	LXX_WH
Jób 12:6		ετασις	N-NSF	ELTERO_SZOVEGALAP
Jób 12:6	G0846	αυτων	D-GPM	LXX_WH
Jób 12:6	G1510	εσται	V-FMI-3S	LXX_WH
Jób 12:7	G0235	αλλα	CONJ	LXX_WH
Jób 12:7	G1161	δη	PRT	LXX_WH
Jób 12:7		επερωτησον	V-AAD-2S	ELTERO_SZOVEGALAP
Jób 12:7		τετραποδα	A-APN	ELTERO_SZOVEGALAP
Jób 12:7	G1437	εαν	CONJ	LXX_WH
Jób 12:7	G4771	σοι	P-DS	LXX_WH
Jób 12:7		ειπωσιν	V-AAS-3P	ELTERO_SZOVEGALAP
Jób 12:7		πετεινα	A-APN	ELTERO_SZOVEGALAP
Jób 12:7	G1161	δε	PRT	LXX_WH
Jób 12:7	G3772	ουρανου	N-GSM	LXX_WH
Jób 12:7	G1437	εαν	CONJ	LXX_WH
Jób 12:7	G4771	σοι	P-DS	LXX_WH
Jób 12:7		απαγγειλωσιν	V-AAS-3P	ELTERO_SZOVEGALAP
Jób 12:8	G1555	εκδιηγησαι	V-AMD-2S	ABP-potolt
Jób 12:8	G1161	δε	PRT	LXX_WH
Jób 12:8	G1065	γη	N-DSF	LXX_WH
Jób 12:8	G1437	εαν	CONJ	LXX_WH
Jób 12:8	G4771	σοι	P-DS	LXX_WH
Jób 12:8	G5419	φραση	V-AAS-3S	LXX_WH
Jób 12:8	G2532	και	CONJ	LXX_WH
Jób 12:8	G1834	εξηγησονται	V-FMI-3P	LXX_WH
Jób 12:8	G4771	σοι	P-DS	LXX_WH
Jób 12:8	G3588	οι	T-NPM	LXX_WH
Jób 12:8	G2486	ιχθυες	N-NPM	LXX_WH
Jób 12:8	G3588	της	T-GSF	LXX_WH
Jób 12:8	G2281	θαλασσης	N-GSF	LXX_WH
Jób 12:9	G5100	τις	I-NSM	LXX_WH
Jób 12:9	G3364	ουκ	ADV	LXX_WH
Jób 12:9	G1097	εγνω	V-AAI-3S	LXX_WH
Jób 12:9	G1722	εν	PREP	LXX_WH
Jób 12:9	G3956	πασι	A-DPM	LXX_WH
Jób 12:9	G3778	τουτοις	D-DPM	LXX_WH
Jób 12:9	G3754	οτι	CONJ	LXX_WH
Jób 12:9	G5495	χειρ	N-NSF	LXX_WH
Jób 12:9	G2962	κυριου	N-GSM	LXX_WH
Jób 12:9	G4160	εποιησεν	V-AAI-3S	LXX_WH
Jób 12:9	G3778	ταυτα	D-APN	LXX_WH
Jób 12:10	G1487	ει	CONJ	LXX_WH
Jób 12:10	G3165	μη	ADV	LXX_WH
Jób 12:10	G1722	εν	PREP	LXX_WH
Jób 12:10	G5495	χειρι	N-DSF	LXX_WH
Jób 12:10	G0846	αυτου	D-GSM	LXX_WH
Jób 12:10	G5590	ψυχη	N-NSF	LXX_WH
Jób 12:10	G3956	παντων	A-GPM	LXX_WH
Jób 12:10	G3588	των	T-GPM	LXX_WH
Jób 12:10	G2198	ζωντων	V-PAPGP	LXX_WH
Jób 12:10	G2532	και	CONJ	LXX_WH
Jób 12:10	G4151	πνευμα	N-NSN	LXX_WH
Jób 12:10	G3956	παντος	A-GSM	LXX_WH
Jób 12:10	G0444	ανθρωπου	N-GSM	LXX_WH
Jób 12:11	G3775	ους	N-NSN	LXX_WH
Jób 12:11	G3303	μεν	PRT	LXX_WH
Jób 12:11	G1063	γαρ	PRT	LXX_WH
Jób 12:11	G4487	ρηματα	N-APN	LXX_WH
Jób 12:11	G1252	διακρινει	V-PAI-3S	LXX_WH
Jób 12:11	G2995	λαρυγξ	N-NSM	LXX_WH
Jób 12:11	G1161	δε	PRT	LXX_WH
Jób 12:11	G4621	σιτα	N-APN	LXX_WH
Jób 12:11	G1089	γευεται	V-PMI-3S	ABP-potolt
Jób 12:12	G1722	εν	PREP	LXX_WH
Jób 12:12	G4183	πολλω	A-DSM	LXX_WH
Jób 12:12	G5550	χρονω	N-DSM	LXX_WH
Jób 12:12	G4678	σοφια	N-NSF	LXX_WH
Jób 12:12	G1722	εν	PREP	LXX_WH
Jób 12:12	G1161	δε	PRT	LXX_WH
Jób 12:12	G4183	πολλω	A-DSM	LXX_WH
Jób 12:12	G0979	βιω	N-DSM	LXX_WH
Jób 12:12	G1989	επιστημη	N-NSF	ABP-potolt
Jób 12:13	G3844	παρ	PREP	LXX_WH
Jób 12:13	G0846	αυτω	D-DSM	LXX_WH
Jób 12:13	G4678	σοφια	N-NSF	LXX_WH
Jób 12:13	G2532	και	CONJ	LXX_WH
Jób 12:13	G1411	δυναμις	N-NSF	LXX_WH
Jób 12:13	G0846	αυτω	D-DSM	LXX_WH
Jób 12:13	G1012	βουλη	N-NSF	LXX_WH
Jób 12:13	G2532	και	CONJ	LXX_WH
Jób 12:13	G4907	συνεσις	N-NSF	LXX_WH
Jób 12:14	G1437	εαν	CONJ	LXX_WH
Jób 12:14	G2598	καταβαλη	V-AAS-3S	LXX_WH
Jób 12:14	G5100	τις	I-NSM	LXX_WH
Jób 12:14	G3618	οικοδομησει	V-FAI-3S	LXX_WH
Jób 12:14	G1437	εαν	CONJ	LXX_WH
Jób 12:14	G2808	κλειση	V-AAS-3S	LXX_WH
Jób 12:14	G2596	κατα	PREP	LXX_WH
Jób 12:14	G0444	ανθρωπων	N-GPM	LXX_WH
Jób 12:14	G5100	τις	I-NSM	LXX_WH
Jób 12:14	G0455	ανοιξει	V-FAI-3S	LXX_WH
Jób 12:15	G1437	εαν	CONJ	LXX_WH
Jób 12:15	G2967	κωλυση	V-AAS-3S	LXX_WH
Jób 12:15	G3588	το	T-ASN	LXX_WH
Jób 12:15	G5204	ωδωρ	N-ASN	ABP-potolt
Jób 12:15	G3583	ξηρανει	V-FAI-3S	LXX_WH
Jób 12:15	G3588	την	T-ASF	LXX_WH
Jób 12:15	G1065	γην	N-ASF	LXX_WH
Jób 12:15	G1437	εαν	CONJ	LXX_WH
Jób 12:15	G1161	δε	PRT	LXX_WH
Jób 12:15		επαφη	V-AAS-3S	ELTERO_SZOVEGALAP
Jób 12:15		απωλεσεν	V-AAI-3S	ELTERO_SZOVEGALAP
Jób 12:15	G0846	αυτην	D-ASF	LXX_WH
Jób 12:15	G2690	καταστρεψας	V-AAPNS	LXX_WH
Jób 12:16	G3844	παρ	PREP	LXX_WH
Jób 12:16	G0846	αυτω	D-DSM	LXX_WH
Jób 12:16	G2904	κρατος	N-NSN	LXX_WH
Jób 12:16	G2532	και	CONJ	LXX_WH
Jób 12:16	G2479	ισχυς	N-NSF	LXX_WH
Jób 12:16	G0846	αυτω	D-DSM	LXX_WH
Jób 12:16		επιστημη	N-NSF	ELTERO_SZOVEGALAP
Jób 12:16	G2532	και	CONJ	LXX_WH
Jób 12:16	G4907	συνεσις	N-NSF	LXX_WH
Jób 12:17	G1236	διαγων	V-PAPNS	LXX_WH
Jób 12:17	G1010	βουλευτας	N-APM	LXX_WH
Jób 12:17	G0164	αιχμαλωτους	A-APM	LXX_WH
Jób 12:17	G2923	κριτας	N-APM	LXX_WH
Jób 12:17	G1161	δε	PRT	LXX_WH
Jób 12:17	G1065	γης	N-GSF	LXX_WH
Jób 12:17	G1839	εξεστησεν	V-AAI-3S	LXX_WH
Jób 12:18	G2522	καθιζανων	V-PAPNS	ABP-potolt
Jób 12:18	G0935	βασιλεις	N-APM	LXX_WH
Jób 12:18	G1909	επι	PREP	LXX_WH
Jób 12:18	G2362	θρονους	N-APM	LXX_WH
Jób 12:18	G2532	και	CONJ	LXX_WH
Jób 12:18	G4019	περιεδησεν	V-AAI-3S	LXX_WH
Jób 12:18	G2223	ζωνη	N-DSF	LXX_WH
Jób 12:18	G3751	οσφυας	N-APF	LXX_WH
Jób 12:18	G0846	αυτων	D-GPM	LXX_WH
Jób 12:19	G1821	εξαποστελλων	V-PAPNS	LXX_WH
Jób 12:19	G2409	ιερεις	N-APM	LXX_WH
Jób 12:19	G0164	αιχμαλωτους	A-APM	LXX_WH
Jób 12:19	G1413	δυναστας	N-APM	LXX_WH
Jób 12:19	G1161	δε	PRT	LXX_WH
Jób 12:19	G1065	γης	N-GSF	LXX_WH
Jób 12:19	G2690	κατεστρεψεν	V-AAI-3S	LXX_WH
Jób 12:20	G1259	διαλλασσων	V-PAPNS	ABP-potolt
Jób 12:20	G5491	χειλη	N-APN	LXX_WH
Jób 12:20	G4103	πιστων	A-GPM	LXX_WH
Jób 12:20	G4907	συνεσιν	N-ASF	LXX_WH
Jób 12:20	G1161	δε	PRT	LXX_WH
Jób 12:20	G4245	πρεσβυτερων	A-GPM	LXX_WH
Jób 12:20	G1097	εγνω	V-AAI-3S	LXX_WH
Jób 12:21	G1632	εκχεων	V-PAPNS	LXX_WH
Jób 12:21	G0819	ατιμιαν	N-ASF	LXX_WH
Jób 12:21	G1909	επ	PREP	LXX_WH
Jób 12:21	G0758	αρχοντας	N-APM	LXX_WH
Jób 12:21	G5011	ταπεινους	A-APM	LXX_WH
Jób 12:21	G1161	δε	PRT	LXX_WH
Jób 12:21	G2390	ιασατο	V-AMI-3S	LXX_WH
Jób 12:22	G0343	ανακαλυπτων	V-PAPNS	LXX_WH
Jób 12:22	G0901	βαθεα	A-APN	LXX_WH
Jób 12:22	G1537	εκ	PREP	LXX_WH
Jób 12:22	G4655	σκοτους	N-GSN	LXX_WH
Jób 12:22	G1806	εξηγαγεν	V-AAI-3S	LXX_WH
Jób 12:22	G1161	δε	PRT	LXX_WH
Jób 12:22	G1519	εις	PREP	LXX_WH
Jób 12:22	G5457	φως	N-ASN	LXX_WH
Jób 12:22	G4639	σκιαν	N-ASF	LXX_WH
Jób 12:22	G2288	θανατου	N-GSM	LXX_WH
Jób 12:23	G4105	πλανων	V-PAPNS	LXX_WH
Jób 12:23	G1484	εθνη	N-APN	LXX_WH
Jób 12:23	G2532	και	CONJ	LXX_WH
Jób 12:23		απολλυων	V-PAPNS	ELTERO_SZOVEGALAP
Jób 12:23	G0846	αυτα	D-APN	LXX_WH
Jób 12:23		καταστρωννυων	V-PAPNS	ELTERO_SZOVEGALAP
Jób 12:23	G1484	εθνη	N-APN	LXX_WH
Jób 12:23	G2532	και	CONJ	LXX_WH
Jób 12:23		καθοδηγων	V-PAPNS	ELTERO_SZOVEGALAP
Jób 12:23	G0846	αυτα	D-APN	LXX_WH
Jób 12:24	G1259	διαλλασσων	V-PAPNS	ABP-potolt
Jób 12:24	G2588	καρδιας	N-APF	LXX_WH
Jób 12:24	G0758	αρχοντων	N-GPM	LXX_WH
Jób 12:24	G1065	γης	N-GSF	LXX_WH
Jób 12:24	G4105	επλανησεν	V-AAI-3S	LXX_WH
Jób 12:24	G1161	δε	PRT	LXX_WH
Jób 12:24	G0846	αυτους	D-APM	LXX_WH
Jób 12:24	G3598	οδω	N-DSF	LXX_WH
Jób 12:24	G3739	η	R-DSF	LXX_WH
Jób 12:24	G3364	ουκ	ADV	LXX_WH
Jób 12:24		ηδεισαν	V-YAI-3P	ELTERO_SZOVEGALAP
Jób 12:25	G5584	ψηλαφησαισαν	V-AAO-3P	LXX_WH
Jób 12:25	G4655	σκοτος	N-ASN	LXX_WH
Jób 12:25	G2532	και	CONJ	LXX_WH
Jób 12:25	G3165	μη	ADV	LXX_WH
Jób 12:25	G5457	φως	N-ASN	LXX_WH
Jób 12:25	G4105	πλανηθειησαν	V-APO-3P	LXX_WH
Jób 12:25	G1161	δε	PRT	LXX_WH
Jób 12:25	G3746	ωσπερ	ADV	LXX_WH
Jób 12:25	G3588	ο	T-NSM	LXX_WH
Jób 12:25	G3184	μεθυων	V-PAPNS	LXX_WH
Jób 13:1	G2400	ιδου	INJ	LXX_WH
Jób 13:1	G3778	ταυτα	D-APN	LXX_WH
Jób 13:1	G3708	εωρακεν	V-RAI-3S	LXX_WH
Jób 13:1	G1473	μου	P-GS	LXX_WH
Jób 13:1	G3588	ο	T-NSM	LXX_WH
Jób 13:1	G3788	οφθαλμος	N-NSM	LXX_WH
Jób 13:1	G2532	και	CONJ	LXX_WH
Jób 13:1	G0191	ακηκοεν	V-RAI-3S	LXX_WH
Jób 13:1	G1473	μου	P-GS	LXX_WH
Jób 13:1	G3588	το	T-NSN	LXX_WH
Jób 13:1	G3775	ους	N-NSN	LXX_WH
Jób 13:2	G2532	και	CONJ	LXX_WH
Jób 13:2	G1492	οιδα	V-RAI-1S	ABP-potolt
Jób 13:2	G3745	οσα	A-APN	LXX_WH
Jób 13:2	G2532	και	ADV	LXX_WH
Jób 13:2	G4771	υμεις	P-NP	LXX_WH
Jób 13:2	G1987	επιστασθε	V-PMI-2P	LXX_WH
Jób 13:2	G2532	και	CONJ	LXX_WH
Jób 13:2	G3364	ουκ	ADV	LXX_WH
Jób 13:2	G0801	ασυνετωτερος	A-NSMC	LXX_WH
Jób 13:2	G1510	ειμι	V-PAI-1S	LXX_WH
Jób 13:2	G4771	υμων	P-GP	LXX_WH
Jób 13:3	G3364	ου	ADV	LXX_WH
Jób 13:3	G3303	μην	PRT	LXX_WH
Jób 13:3	G1161	δε	PRT	LXX_WH
Jób 13:3	G0235	αλλ	CONJ	LXX_WH
Jób 13:3	G1473	εγω	P-NS	LXX_WH
Jób 13:3	G4314	προς	PREP	LXX_WH
Jób 13:3	G2962	κυριον	N-ASM	LXX_WH
Jób 13:3	G2980	λαλησω	V-FAI-1S	LXX_WH
Jób 13:3	G1651	ελεγξω	V-FAI-1S	LXX_WH
Jób 13:3	G1161	δε	PRT	LXX_WH
Jób 13:3	G1726	εναντιον	PREP	LXX_WH
Jób 13:3	G0846	αυτου	D-GSM	LXX_WH
Jób 13:3	G1437	εαν	CONJ	LXX_WH
Jób 13:3	G1014	βουληται	V-PMS-3S	LXX_WH
Jób 13:4	G4771	υμεις	P-NP	LXX_WH
Jób 13:4	G1161	δε	PRT	LXX_WH
Jób 13:4	G1510	εστε	V-PAI-2P	LXX_WH
Jób 13:4	G2395	ιατροι	N-NPM	LXX_WH
Jób 13:4	G0094	αδικοι	A-NPM	LXX_WH
Jób 13:4	G2532	και	CONJ	LXX_WH
Jób 13:4	G2394	ιαται	N-NPM	ABP-potolt
Jób 13:4	G2556	κακων	A-GPN	LXX_WH
Jób 13:4	G3956	παντες	A-NPM	LXX_WH
Jób 13:5	G1510	ειη	V-PAO-3S	LXX_WH
Jób 13:5	G1161	δε	PRT	LXX_WH
Jób 13:5	G4771	υμιν	P-DP	LXX_WH
Jób 13:5		κωφευσαι	V-AAN	ELTERO_SZOVEGALAP
Jób 13:5	G2532	και	CONJ	LXX_WH
Jób 13:5	G0576	αποβησεται	V-FMI-3S	LXX_WH
Jób 13:5	G4771	υμιν	P-DP	LXX_WH
Jób 13:5	G1519	εις	PREP	LXX_WH
Jób 13:5	G4678	σοφιαν	N-ASF	LXX_WH
Jób 13:6	G0191	ακουσατε	V-AAD-2P	LXX_WH
Jób 13:6	G1650	ελεγχον	N-ASM	LXX_WH
Jób 13:6	G4750	στοματος	N-GSN	LXX_WH
Jób 13:6	G1473	μου	P-GS	LXX_WH
Jób 13:6	G2920	κρισιν	N-ASF	LXX_WH
Jób 13:6	G1161	δε	PRT	LXX_WH
Jób 13:6	G5491	χειλεων	N-GPN	LXX_WH
Jób 13:6	G1473	μου	P-GS	LXX_WH
Jób 13:6	G4337	προσεχετε	V-PAD-2P	LXX_WH
Jób 13:7	G4220	ποτερον	ADV	LXX_WH
Jób 13:7	G3364	ουκ	ADV	LXX_WH
Jób 13:7	G1725	εναντι	PREP	LXX_WH
Jób 13:7	G2962	κυριου	N-GSM	LXX_WH
Jób 13:7	G2980	λαλειτε	V-PAI-2P	LXX_WH
Jób 13:7	G1725	εναντι	PREP	LXX_WH
Jób 13:7	G1161	δε	PRT	LXX_WH
Jób 13:7	G0846	αυτου	D-GSM	LXX_WH
Jób 13:7	G5350	φθεγγεσθε	V-PMI-2P	LXX_WH
Jób 13:7	G1388	δολον	N-ASM	LXX_WH
Jób 13:8	G2228	η	ADV	LXX_WH
Jób 13:8	G5288	υποστελεισθε	V-FMI-2P	LXX_WH
Jób 13:8	G4771	υμεις	P-NP	LXX_WH
Jób 13:8	G1161	δε	PRT	LXX_WH
Jób 13:8	G0846	αυτοι	D-NPM	LXX_WH
Jób 13:8	G2923	κριται	N-NPM	LXX_WH
Jób 13:8	G1096	γενεσθε	V-AMD-2P	LXX_WH
Jób 13:9	G2570	καλον	A-NSN	LXX_WH
Jób 13:9	G1065	γε	PRT	LXX_WH
Jób 13:9	G1437	εαν	CONJ	LXX_WH
Jób 13:9		εξιχνιαση	V-AAS-3S	ELTERO_SZOVEGALAP
Jób 13:9	G4771	υμας	P-AP	LXX_WH
Jób 13:9	G1487	ει	CONJ	LXX_WH
Jób 13:9	G1063	γαρ	PRT	LXX_WH
Jób 13:9	G3588	τα	T-APN	LXX_WH
Jób 13:9	G3956	παντα	A-APN	LXX_WH
Jób 13:9	G4160	ποιουντες	V-PAPNP	LXX_WH
Jób 13:9	G4369	προστεθησεσθε	V-FPI-2P	LXX_WH
Jób 13:9	G0846	αυτω	D-DSM	LXX_WH
Jób 13:10	G3762	ουθεν	A-NSN	LXX_WH
Jób 13:10	G2276	ηττον	A-NSN	ABP-potolt
Jób 13:10	G1651	ελεγξει	V-FAI-3S	LXX_WH
Jób 13:10	G4771	υμας	P-AP	LXX_WH
Jób 13:10	G1487	ει	CONJ	LXX_WH
Jób 13:10	G1161	δε	PRT	LXX_WH
Jób 13:10	G2532	και	CONJ	LXX_WH
Jób 13:10	G2931	κρυφη	ADV	LXX_WH
Jób 13:10	G4383	προσωπα	N-APN	LXX_WH
Jób 13:10	G2296	θαυμασετε	V-FAI-2P	LXX_WH
Jób 13:11	G4220	ποτερον	ADV	LXX_WH
Jób 13:11	G3364	ουχι	ADV	LXX_WH
Jób 13:11	G1171	δεινα	A-NPN	LXX_WH
Jób 13:11	G0846	αυτου	D-GSM	LXX_WH
Jób 13:11		στροβησει	V-FAI-3S	ELTERO_SZOVEGALAP
Jób 13:11	G4771	υμας	P-AP	LXX_WH
Jób 13:11	G5401	φοβος	N-NSM	LXX_WH
Jób 13:11	G1161	δε	PRT	LXX_WH
Jób 13:11	G3844	παρ	PREP	LXX_WH
Jób 13:11	G0846	αυτου	D-GSM	LXX_WH
Jób 13:11	G1968	επιπεσειται	V-FMI-3S	LXX_WH
Jób 13:11	G4771	υμιν	P-DP	LXX_WH
Jób 13:12	G0576	αποβησεται	V-FMI-3S	LXX_WH
Jób 13:12	G1161	δε	PRT	LXX_WH
Jób 13:12	G4771	υμων	P-GP	LXX_WH
Jób 13:12	G3588	το	T-NSN	LXX_WH
Jób 13:12	G1064	αγαυριαμα	N-NSN	ABP-potolt
Jób 13:12	G2470	ισα	ADV	LXX_WH
Jób 13:12	G4700	σποδω	N-DSF	LXX_WH
Jób 13:12	G3588	το	T-ASN	LXX_WH
Jób 13:12	G1161	δε	PRT	LXX_WH
Jób 13:12	G4983	σωμα	N-ASN	LXX_WH
Jób 13:12	G4080	πηλινον	A-ASN	ABP-potolt
Jób 13:13	G2973	κωφευσατε	V-AAD-2P	ABP-potolt
Jób 13:13	G2443	ινα	CONJ	LXX_WH
Jób 13:13	G2980	λαλησω	V-AAS-1S	LXX_WH
Jób 13:13	G2532	και	CONJ	LXX_WH
Jób 13:13	G0373	αναπαυσωμαι	V-AMS-1S	LXX_WH
Jób 13:13	G2372	θυμου	N-GSM	LXX_WH
Jób 13:14	G0353	αναλαβων	V-AAPNS	LXX_WH
Jób 13:14	G3588	τας	T-APF	LXX_WH
Jób 13:14	G4561	σαρκας	N-APF	LXX_WH
Jób 13:14	G1473	μου	P-GS	LXX_WH
Jób 13:14	G3588	τοις	T-DPM	LXX_WH
Jób 13:14	G3599	οδουσιν	N-DPM	LXX_WH
Jób 13:14	G5590	ψυχην	N-ASF	LXX_WH
Jób 13:14	G1161	δε	PRT	LXX_WH
Jób 13:14	G1473	μου	P-GS	LXX_WH
Jób 13:14	G5087	θησω	V-FAI-1S	LXX_WH
Jób 13:14	G1722	εν	PREP	LXX_WH
Jób 13:14	G5495	χειρι	N-DSF	LXX_WH
Jób 13:15	G1437	εαν	CONJ	LXX_WH
Jób 13:15	G1473	με	P-AS	LXX_WH
Jób 13:15	G5500	χειρωσηται	V-AMS-3S	ABP-potolt
Jób 13:15	G3588	ο	T-NSM	LXX_WH
Jób 13:15	G1413	δυναστης	N-NSM	LXX_WH
Jób 13:15	G1893	επει	CONJ	LXX_WH
Jób 13:15	G2532	και	ADV	LXX_WH
Jób 13:15	G0757	ηρκται	V-RMI-3S	LXX_WH
Jób 13:15	G2228	η	ADV	LXX_WH
Jób 13:15	G3303	μην	PRT	LXX_WH
Jób 13:15	G2980	λαλησω	V-FAI-1S	LXX_WH
Jób 13:15	G2532	και	CONJ	LXX_WH
Jób 13:15	G1651	ελεγξω	V-FAI-1S	LXX_WH
Jób 13:15	G1726	εναντιον	PREP	LXX_WH
Jób 13:15	G0846	αυτου	D-GSM	LXX_WH
Jób 13:16	G2532	και	CONJ	LXX_WH
Jób 13:16	G3778	τουτο	D-NSN	LXX_WH
Jób 13:16	G1473	μοι	P-DS	LXX_WH
Jób 13:16	G0576	αποβησεται	V-FMI-3S	LXX_WH
Jób 13:16	G1519	εις	PREP	LXX_WH
Jób 13:16	G4991	σωτηριαν	N-ASF	LXX_WH
Jób 13:16	G3364	ου	ADV	LXX_WH
Jób 13:16	G1063	γαρ	PRT	LXX_WH
Jób 13:16	G1726	εναντιον	PREP	LXX_WH
Jób 13:16	G0846	αυτου	D-GSM	LXX_WH
Jób 13:16	G1388	δολος	N-NSM	LXX_WH
Jób 13:16	G1525	εισελευσεται	V-FMI-3S	LXX_WH
Jób 13:17	G0191	ακουσατε	V-AAD-2P	LXX_WH
Jób 13:17	G0191	ακουσατε	V-AAD-2P	LXX_WH
Jób 13:17	G3588	τα	T-APN	LXX_WH
Jób 13:17	G4487	ρηματα	N-APN	LXX_WH
Jób 13:17	G1473	μου	P-GS	LXX_WH
Jób 13:17	G0312	αναγγελω	V-FAI-1S	LXX_WH
Jób 13:17	G1063	γαρ	PRT	LXX_WH
Jób 13:17	G4771	υμων	P-GP	LXX_WH
Jób 13:17	G0191	ακουοντων	V-PAPGP	LXX_WH
Jób 13:18	G2400	ιδου	INJ	LXX_WH
Jób 13:18	G1473	εγω	P-NS	LXX_WH
Jób 13:18	G1451	εγγυς	ADV	LXX_WH
Jób 13:18	G1510	ειμι	V-PAI-1S	LXX_WH
Jób 13:18	G3588	του	T-GSN	LXX_WH
Jób 13:18	G2917	κριματος	N-GSN	LXX_WH
Jób 13:18	G1473	μου	P-GS	LXX_WH
Jób 13:18		οιδα	V-RAI-1S	ELTERO_SZOVEGALAP
Jób 13:18	G1473	εγω	P-NS	LXX_WH
Jób 13:18	G3754	οτι	CONJ	LXX_WH
Jób 13:18	G1342	δικαιος	A-NSM	LXX_WH
Jób 13:18	G0398	αναφανουμαι	V-FMI-1S	LXX_WH
Jób 13:19	G5100	τις	I-NSM	LXX_WH
Jób 13:19	G1063	γαρ	PRT	LXX_WH
Jób 13:19	G1510	εστιν	V-PAI-3S	LXX_WH
Jób 13:19	G3588	ο	T-NSM	LXX_WH
Jób 13:19	G2919	κριθησομενος	V-FPPNS	LXX_WH
Jób 13:19	G1473	μοι	P-DS	LXX_WH
Jób 13:19	G3754	οτι	CONJ	LXX_WH
Jób 13:19	G3568	νυν	ADV	LXX_WH
Jób 13:19	G2973	κωφευσω	V-FAI-1S	ABP-potolt
Jób 13:19	G2532	και	CONJ	LXX_WH
Jób 13:19	G1587	εκλειψω	V-FAI-1S	LXX_WH
Jób 13:20	G1417	δυειν	N-NUI	LXX_WH
Jób 13:20	G1161	δε	PRT	LXX_WH
Jób 13:20	G1473	μοι	P-DS	LXX_WH
Jób 13:20	G5531	χρηση	V-FMI-2S	LXX_WH
Jób 13:20	G5119	τοτε	ADV	LXX_WH
Jób 13:20	G0575	απο	PREP	LXX_WH
Jób 13:20	G3588	του	T-GSN	LXX_WH
Jób 13:20	G4383	προσωπου	N-GSN	LXX_WH
Jób 13:20	G4771	σου	P-GS	LXX_WH
Jób 13:20	G3364	ου	ADV	LXX_WH
Jób 13:20	G2928	κρυβησομαι	V-FPI-1S	LXX_WH
Jób 13:21	G3588	την	T-ASF	LXX_WH
Jób 13:21	G5495	χειρα	N-ASF	LXX_WH
Jób 13:21	G0575	απ	PREP	LXX_WH
Jób 13:21	G1473	εμου	P-GS	LXX_WH
Jób 13:21	G0568	απεχου	V-PMD-2S	LXX_WH
Jób 13:21	G2532	και	CONJ	LXX_WH
Jób 13:21	G3588	ο	T-NSM	LXX_WH
Jób 13:21	G5401	φοβος	N-NSM	LXX_WH
Jób 13:21	G4771	σου	P-GS	LXX_WH
Jób 13:21	G3165	μη	ADV	LXX_WH
Jób 13:21	G1473	με	P-AS	LXX_WH
Jób 13:21		καταπλησσετω	V-PAD-3S	ELTERO_SZOVEGALAP
Jób 13:22	G1534	ειτα	ADV	LXX_WH
Jób 13:22	G2564	καλεσεις	V-FAI-2S	LXX_WH
Jób 13:22	G1473	εγω	P-NS	LXX_WH
Jób 13:22	G1161	δε	PRT	LXX_WH
Jób 13:22	G4771	σοι	P-DS	LXX_WH
Jób 13:22	G5219	υπακουσομαι	V-FMI-1S	LXX_WH
Jób 13:22	G2228	η	CONJ	LXX_WH
Jób 13:22	G2980	λαλησεις	V-FAI-2S	LXX_WH
Jób 13:22	G1473	εγω	P-NS	LXX_WH
Jób 13:22	G1161	δε	PRT	LXX_WH
Jób 13:22	G4771	σοι	P-DS	LXX_WH
Jób 13:22	G1325	δωσω	V-FAI-1S	LXX_WH
Jób 13:22		ανταποκρισιν	N-ASF	ELTERO_SZOVEGALAP
Jób 13:23	G4214	ποσαι	A-NPF	LXX_WH
Jób 13:23	G1510	εισιν	V-PAI-3P	LXX_WH
Jób 13:23	G3588	αι	T-NPF	LXX_WH
Jób 13:23	G0266	αμαρτιαι	N-NPF	LXX_WH
Jób 13:23	G1473	μου	P-GS	LXX_WH
Jób 13:23	G2532	και	CONJ	LXX_WH
Jób 13:23	G3588	αι	T-NPF	LXX_WH
Jób 13:23	G0458	ανομιαι	N-NPF	LXX_WH
Jób 13:23	G1473	μου	P-GS	LXX_WH
Jób 13:23	G1321	διδαξον	V-AAD-2S	LXX_WH
Jób 13:23	G1473	με	P-AS	LXX_WH
Jób 13:23	G5100	τινες	I-NPM	LXX_WH
Jób 13:23	G1510	εισιν	V-PAI-3P	LXX_WH
Jób 13:24	G1223	δια	PREP	LXX_WH
Jób 13:24	G5100	τι	I-ASN	LXX_WH
Jób 13:24	G0575	απ	PREP	LXX_WH
Jób 13:24	G1473	εμου	P-GS	LXX_WH
Jób 13:24	G2928	κρυπτη	V-PMI-2S	LXX_WH
Jób 13:24	G2233	ηγησαι	V-RMI-2S	LXX_WH
Jób 13:24	G1161	δε	PRT	LXX_WH
Jób 13:24	G1473	με	P-AS	LXX_WH
Jób 13:24		υπεναντιον	A-ASM	ELTERO_SZOVEGALAP
Jób 13:24	G4771	σοι	P-DS	LXX_WH
Jób 13:25	G2228	η	ADV	LXX_WH
Jób 13:25	G3739	ως	CONJ	LXX_WH
Jób 13:25	G5444	φυλλον	N-ASN	LXX_WH
Jób 13:25	G2795	κινουμενον	V-PPPAS	LXX_WH
Jób 13:25	G5259	υπο	PREP	LXX_WH
Jób 13:25	G0417	ανεμου	N-GSM	LXX_WH
Jób 13:25	G2125	ευλαβηθηση	V-FPI-2S	LXX_WH
Jób 13:25	G2228	η	CONJ	LXX_WH
Jób 13:25	G3739	ως	CONJ	LXX_WH
Jób 13:25	G5528	χορτω	N-DSM	LXX_WH
Jób 13:25	G5342	φερομενω	V-PPPDS	LXX_WH
Jób 13:25	G5259	υπο	PREP	LXX_WH
Jób 13:25	G4151	πνευματος	N-GSN	LXX_WH
Jób 13:25	G0480	αντικεισαι	V-PMI-2S	LXX_WH
Jób 13:25	G1473	μοι	P-DS	LXX_WH
Jób 13:26	G3754	οτι	CONJ	LXX_WH
Jób 13:26	G2608	κατεγραψας	V-AAI-2S	ABP-potolt
Jób 13:26	G2596	κατ	PREP	LXX_WH
Jób 13:26	G1473	εμου	P-GS	LXX_WH
Jób 13:26	G2556	κακα	A-APN	LXX_WH
Jób 13:26	G4060	περιεθηκας	V-AAI-2S	LXX_WH
Jób 13:26	G1161	δε	PRT	LXX_WH
Jób 13:26	G1473	μοι	P-DS	LXX_WH
Jób 13:26	G3503	νεοτητος	N-GSF	LXX_WH
Jób 13:26	G0266	αμαρτιας	N-APF	LXX_WH
Jób 13:27	G5087	εθου	V-AMI-2S	LXX_WH
Jób 13:27	G1161	δε	PRT	LXX_WH
Jób 13:27	G1473	μου	P-GS	LXX_WH
Jób 13:27	G3588	τον	T-ASM	LXX_WH
Jób 13:27	G4228	ποδα	N-ASM	LXX_WH
Jób 13:27	G1722	εν	PREP	LXX_WH
Jób 13:27	G2966	κωλυματι	N-DSN	ABP-potolt
Jób 13:27	G5442	εφυλαξας	V-AAI-2S	LXX_WH
Jób 13:27	G1161	δε	PRT	LXX_WH
Jób 13:27	G1473	μου	P-GS	LXX_WH
Jób 13:27	G3956	παντα	A-APN	LXX_WH
Jób 13:27	G3588	τα	T-APN	LXX_WH
Jób 13:27	G2041	εργα	N-APN	LXX_WH
Jób 13:27	G1519	εις	PREP	LXX_WH
Jób 13:27	G1161	δε	PRT	LXX_WH
Jób 13:27		ριζας	N-APF	ELTERO_SZOVEGALAP
Jób 13:27	G3588	των	T-GPM	LXX_WH
Jób 13:27	G4228	ποδων	N-GPM	LXX_WH
Jób 13:27	G1473	μου	P-GS	LXX_WH
Jób 13:27		αφικου	V-AMI-2S	ELTERO_SZOVEGALAP
Jób 13:28	G3739	ο	R-NSN	LXX_WH
Jób 13:28	G3822	παλαιουται	V-PPI-3S	LXX_WH
Jób 13:28	G2470	ισα	ADV	LXX_WH
Jób 13:28	G0779	ασκω	N-DSM	LXX_WH
Jób 13:28	G2228	η	CONJ	LXX_WH
Jób 13:28	G3746	ωσπερ	ADV	LXX_WH
Jób 13:28	G2440	ιματιον	N-NSN	LXX_WH
Jób 13:28	G4598	σητοβρωτον	A-NSN	ABP-potolt
Jób 14:1		βροτος	N-NSM	ELTERO_SZOVEGALAP
Jób 14:1	G1063	γαρ	PRT	LXX_WH
Jób 14:1	G1084	γεννητος	A-NSM	LXX_WH
Jób 14:1	G1135	γυναικος	N-GSF	LXX_WH
Jób 14:1	G3639	ολιγοβιος	A-NSM	ABP-potolt
Jób 14:1	G2532	και	CONJ	LXX_WH
Jób 14:1	G4134	πληρης	A-NSM	LXX_WH
Jób 14:1	G3709	οργης	N-GSF	LXX_WH
Jób 14:2	G2228	η	CONJ	LXX_WH
Jób 14:2	G3746	ωσπερ	ADV	LXX_WH
Jób 14:2	G0438	ανθος	N-NSN	LXX_WH
Jób 14:2	G0435	ανθησαν	V-AAPNS	ABP-potolt
Jób 14:2	G1601	εξεπεσεν	V-AAI-3S	LXX_WH
Jób 14:2		απεδρα	V-AAI-3S	ELTERO_SZOVEGALAP
Jób 14:2	G1161	δε	PRT	LXX_WH
Jób 14:2	G3746	ωσπερ	ADV	LXX_WH
Jób 14:2	G4639	σκια	N-NSF	LXX_WH
Jób 14:2	G2532	και	CONJ	LXX_WH
Jób 14:2	G3364	ου	ADV	LXX_WH
Jób 14:2	G3165	μη	ADV	LXX_WH
Jób 14:2	G2476	στη	V-AAS-3S	LXX_WH
Jób 14:3	G3364	ουχι	ADV	LXX_WH
Jób 14:3	G2532	και	CONJ	LXX_WH
Jób 14:3	G3778	τουτου	D-GSM	LXX_WH
Jób 14:3	G3056	λογον	N-ASM	LXX_WH
Jób 14:3	G4160	εποιησω	V-AMI-2S	LXX_WH
Jób 14:3	G2532	και	CONJ	LXX_WH
Jób 14:3	G3778	τουτον	D-ASM	LXX_WH
Jób 14:3	G4160	εποιησας	V-AAI-2S	LXX_WH
Jób 14:3	G1525	εισελθειν	V-AAN	LXX_WH
Jób 14:3	G1722	εν	PREP	LXX_WH
Jób 14:3	G2917	κριματι	N-DSN	LXX_WH
Jób 14:3	G1799	ενωπιον	PREP	LXX_WH
Jób 14:3	G4771	σου	P-GS	LXX_WH
Jób 14:4	G5100	τις	I-NSM	LXX_WH
Jób 14:4	G1063	γαρ	PRT	LXX_WH
Jób 14:4	G2513	καθαρος	A-NSM	LXX_WH
Jób 14:4	G1510	εσται	V-FMI-3S	LXX_WH
Jób 14:4	G0575	απο	PREP	LXX_WH
Jób 14:4	G4509	ρυπου	N-GSM	ABP-potolt
Jób 14:4	G0235	αλλ	CONJ	LXX_WH
Jób 14:4	G3762	ουθεις	A-NSF	LXX_WH
Jób 14:5	G1437	εαν	CONJ	LXX_WH
Jób 14:5	G2532	και	CONJ	LXX_WH
Jób 14:5	G1519	μια	A-NSF	LXX_WH
Jób 14:5	G2250	ημερα	N-NSF	LXX_WH
Jób 14:5	G3588	ο	T-NSM	LXX_WH
Jób 14:5	G0979	βιος	N-NSM	LXX_WH
Jób 14:5	G0846	αυτου	D-GSM	LXX_WH
Jób 14:5	G1909	επι	PREP	LXX_WH
Jób 14:5	G3588	της	T-GSF	LXX_WH
Jób 14:5	G1065	γης	N-GSF	LXX_WH
Jób 14:5		αριθμητοι	A-NPM	ELTERO_SZOVEGALAP
Jób 14:5	G1161	δε	PRT	LXX_WH
Jób 14:5	G3303	μηνες	N-NPM	LXX_WH
Jób 14:5	G0846	αυτου	D-GSM	LXX_WH
Jób 14:5	G3844	παρα	PREP	LXX_WH
Jób 14:5	G4771	σοι	P-DS	LXX_WH
Jób 14:5	G1519	εις	PREP	LXX_WH
Jób 14:5	G5550	χρονον	N-ASM	LXX_WH
Jób 14:5	G5087	εθου	V-AMI-2S	LXX_WH
Jób 14:5	G2532	και	CONJ	LXX_WH
Jób 14:5	G3364	ου	ADV	LXX_WH
Jób 14:5	G3165	μη	ADV	LXX_WH
Jób 14:5	G5233	υπερβη	V-AAS-3S	LXX_WH
Jób 14:6	G0868	αποστα	V-AAD-2S	ABP-potolt
Jób 14:6	G0575	απ	PREP	LXX_WH
Jób 14:6	G0846	αυτου	D-GSM	LXX_WH
Jób 14:6	G2443	ινα	CONJ	LXX_WH
Jób 14:6	G2270	ησυχαση	V-AAS-3S	LXX_WH
Jób 14:6	G2532	και	CONJ	LXX_WH
Jób 14:6	G2106	ευδοκηση	V-AAS-3S	LXX_WH
Jób 14:6	G3588	τον	T-ASM	LXX_WH
Jób 14:6	G0979	βιον	N-ASM	LXX_WH
Jób 14:6	G3746	ωσπερ	ADV	LXX_WH
Jób 14:6	G3588	ο	T-NSM	LXX_WH
Jób 14:6	G3411	μισθωτος	A-NSM	LXX_WH
Jób 14:7	G1510	εστιν	V-PAI-3S	LXX_WH
Jób 14:7	G1063	γαρ	PRT	LXX_WH
Jób 14:7	G1186	δενδρω	N-DSN	LXX_WH
Jób 14:7	G1680	ελπις	N-NSF	LXX_WH
Jób 14:7	G1437	εαν	CONJ	LXX_WH
Jób 14:7	G1063	γαρ	PRT	LXX_WH
Jób 14:7	G1581	εκκοπη	V-AAS-3S	LXX_WH
Jób 14:7	G2089	ετι	ADV	LXX_WH
Jób 14:7	G1880	επανθησει	V-FAI-3S	ABP-potolt
Jób 14:7	G2532	και	CONJ	LXX_WH
Jób 14:7	G3588	ο	T-NSM	LXX_WH
Jób 14:7		ραδαμνος	N-NSM	ELTERO_SZOVEGALAP
Jób 14:7	G0846	αυτου	D-GSN	LXX_WH
Jób 14:7	G3364	ου	ADV	LXX_WH
Jób 14:7	G3165	μη	ADV	LXX_WH
Jób 14:7	G1587	εκλιπη	V-AAS-3S	LXX_WH
Jób 14:8	G1437	εαν	CONJ	LXX_WH
Jób 14:8	G1063	γαρ	PRT	LXX_WH
Jób 14:8		γηραση	V-AAS-3S	ELTERO_SZOVEGALAP
Jób 14:8	G1722	εν	PREP	LXX_WH
Jób 14:8	G1065	γη	N-DSF	LXX_WH
Jób 14:8	G3588	η	T-NSF	LXX_WH
Jób 14:8		ριζα	N-NSF	ELTERO_SZOVEGALAP
Jób 14:8	G0846	αυτου	D-GSN	LXX_WH
Jób 14:8	G1722	εν	PREP	LXX_WH
Jób 14:8	G1161	δε	PRT	LXX_WH
Jób 14:8	G4073	πετρα	N-DSF	LXX_WH
Jób 14:8	G5053	τελευτηση	V-AAS-3S	LXX_WH
Jób 14:8	G3588	το	T-NSN	LXX_WH
Jób 14:8		στελεχος	N-NSN	ELTERO_SZOVEGALAP
Jób 14:8	G0846	αυτου	D-GSN	LXX_WH
Jób 14:9	G0575	απο	PREP	LXX_WH
Jób 14:9	G3744	οσμης	N-GSF	LXX_WH
Jób 14:9	G5204	υδατος	N-GSN	LXX_WH
Jób 14:9	G0435	ανθησει	V-FAI-3S	ABP-potolt
Jób 14:9	G4160	ποιησει	V-FAI-3S	LXX_WH
Jób 14:9	G1161	δε	PRT	LXX_WH
Jób 14:9	G2326	θερισμον	N-ASM	LXX_WH
Jób 14:9	G3746	ωσπερ	ADV	LXX_WH
Jób 14:9	G3504	νεοφυτον	A-ASN	LXX_WH
Jób 14:10	G0435	ανηρ	N-NSM	LXX_WH
Jób 14:10	G1161	δε	PRT	LXX_WH
Jób 14:10	G5053	τελευτησας	V-AAPNS	LXX_WH
Jób 14:10	G3634	ωχετο	V-IMI-3S	ABP-potolt
Jób 14:10	G4098	πεσων	V-AAPNS	LXX_WH
Jób 14:10	G1161	δε	PRT	LXX_WH
Jób 14:10	G1027	βροτος	N-NSM	ABP-potolt
Jób 14:10	G3765	ουκετι	ADV	LXX_WH
Jób 14:10	G1510	εστιν	V-PAI-3S	LXX_WH
Jób 14:11	G5550	χρονω	N-DSM	LXX_WH
Jób 14:11	G1063	γαρ	PRT	LXX_WH
Jób 14:11		σπανιζεται	V-PPI-3S	ELTERO_SZOVEGALAP
Jób 14:11	G2281	θαλασσα	N-NSF	LXX_WH
Jób 14:11	G4215	ποταμος	N-NSM	LXX_WH
Jób 14:11	G1161	δε	PRT	LXX_WH
Jób 14:11	G2049	ερημωθεις	V-APPNS	LXX_WH
Jób 14:11	G3583	εξηρανθη	V-API-3S	LXX_WH
Jób 14:12	G0444	ανθρωπος	N-NSM	LXX_WH
Jób 14:12	G1161	δε	PRT	LXX_WH
Jób 14:12	G2837	κοιμηθεις	V-APPNS	LXX_WH
Jób 14:12	G3364	ου	ADV	LXX_WH
Jób 14:12	G3165	μη	ADV	LXX_WH
Jób 14:12	G0450	αναστη	V-AAS-3S	LXX_WH
Jób 14:12	G2193	εως	CONJ	LXX_WH
Jób 14:12	G0302	αν	PRT	LXX_WH
Jób 14:12	G3588	ο	T-NSM	LXX_WH
Jób 14:12	G3772	ουρανος	N-NSM	LXX_WH
Jób 14:12	G3364	ου	ADV	LXX_WH
Jób 14:12	G3165	μη	ADV	LXX_WH
Jób 14:12		συρραφη	V-APS-3S	ELTERO_SZOVEGALAP
Jób 14:12	G2532	και	CONJ	LXX_WH
Jób 14:12	G3364	ουκ	ADV	LXX_WH
Jób 14:12	G1852	εξυπνισθησονται	V-FPI-3S	LXX_WH
Jób 14:12	G1537	εξ	PREP	LXX_WH
Jób 14:12	G5258	υπνου	N-GSM	LXX_WH
Jób 14:12	G0846	αυτων	D-GPM	LXX_WH
Jób 14:13	G1487	ει	CONJ	LXX_WH
Jób 14:13	G1063	γαρ	PRT	LXX_WH
Jób 14:13	G3784	οφελον	V-AAI-1S	LXX_WH
Jób 14:13	G1722	εν	PREP	LXX_WH
Jób 14:13	G0086	αδη	N-DSM	LXX_WH
Jób 14:13	G1473	με	P-AS	LXX_WH
Jób 14:13	G5442	εφυλαξας	V-AAI-2S	LXX_WH
Jób 14:13	G2928	εκρυψας	V-AAI-2S	LXX_WH
Jób 14:13	G1161	δε	PRT	LXX_WH
Jób 14:13	G1473	με	P-AS	LXX_WH
Jób 14:13	G2193	εως	CONJ	LXX_WH
Jób 14:13	G0302	αν	PRT	LXX_WH
Jób 14:13	G3973	παυσηται	V-AMS-3S	LXX_WH
Jób 14:13	G4771	σου	P-GS	LXX_WH
Jób 14:13	G3588	η	T-NSF	LXX_WH
Jób 14:13	G3709	οργη	N-NSF	LXX_WH
Jób 14:13	G2532	και	CONJ	LXX_WH
Jób 14:13	G5021	ταξη	V-AAS-3S	LXX_WH
Jób 14:13	G1473	μοι	P-DS	LXX_WH
Jób 14:13	G5550	χρονον	N-ASM	LXX_WH
Jób 14:13	G1722	εν	PREP	LXX_WH
Jób 14:13	G3739	ω	R-DSM	LXX_WH
Jób 14:13	G3417	μνειαν	N-ASF	LXX_WH
Jób 14:13	G1473	μου	P-GS	LXX_WH
Jób 14:13	G4160	ποιηση	V-FMI-2S	LXX_WH
Jób 14:14	G1437	εαν	CONJ	LXX_WH
Jób 14:14	G1063	γαρ	PRT	LXX_WH
Jób 14:14	G0599	αποθανη	V-AAS-3S	LXX_WH
Jób 14:14	G0444	ανθρωπος	N-NSM	LXX_WH
Jób 14:14	G2198	ζησεται	V-FMI-3S	LXX_WH
Jób 14:14	G4931	συντελεσας	V-AAPNS	LXX_WH
Jób 14:14	G2250	ημερας	N-APF	LXX_WH
Jób 14:14	G3588	του	T-GSM	LXX_WH
Jób 14:14	G0979	βιου	N-GSM	LXX_WH
Jób 14:14	G0846	αυτου	D-GSM	LXX_WH
Jób 14:14	G5278	υπομενω	V-AAS-1S	LXX_WH
Jób 14:14	G2193	εως	CONJ	LXX_WH
Jób 14:14	G0302	αν	PRT	LXX_WH
Jób 14:14	G3825	παλιν	ADV	LXX_WH
Jób 14:14	G1096	γενωμαι	V-AMS-1S	LXX_WH
Jób 14:15	G1534	ειτα	ADV	LXX_WH
Jób 14:15	G2564	καλεσεις	V-FAI-2S	LXX_WH
Jób 14:15	G1473	εγω	P-NS	LXX_WH
Jób 14:15	G1161	δε	PRT	LXX_WH
Jób 14:15	G4771	σοι	P-DS	LXX_WH
Jób 14:15	G5219	υπακουσομαι	V-FMI-1S	LXX_WH
Jób 14:15	G3588	τα	T-APN	LXX_WH
Jób 14:15	G1161	δε	PRT	LXX_WH
Jób 14:15	G2041	εργα	N-APN	LXX_WH
Jób 14:15	G3588	των	T-GPF	LXX_WH
Jób 14:15	G5495	χειρων	N-GPF	LXX_WH
Jób 14:15	G4771	σου	P-GS	LXX_WH
Jób 14:15	G3165	μη	ADV	LXX_WH
Jób 14:15		αποποιου	V-PMD-2S	ELTERO_SZOVEGALAP
Jób 14:16	G0705	ηριθμησας	V-AAI-2S	LXX_WH
Jób 14:16	G1161	δε	PRT	LXX_WH
Jób 14:16	G1473	μου	P-GS	LXX_WH
Jób 14:16	G3588	τα	T-APN	LXX_WH
Jób 14:16	G2006	επιτηδευματα	N-APN	ABP-potolt
Jób 14:16	G2532	και	CONJ	LXX_WH
Jób 14:16	G3364	ου	ADV	LXX_WH
Jób 14:16	G3165	μη	ADV	LXX_WH
Jób 14:16	G3928	παρελθη	V-AAS-3S	LXX_WH
Jób 14:16	G4771	σε	P-AS	LXX_WH
Jób 14:16	G3762	ουδεν	A-NSN	LXX_WH
Jób 14:16	G3588	των	T-GPF	LXX_WH
Jób 14:16	G0266	αμαρτιων	N-GPF	LXX_WH
Jób 14:16	G1473	μου	P-GS	LXX_WH
Jób 14:17	G4972	εσφραγισας	V-AAI-2S	LXX_WH
Jób 14:17	G1161	δε	PRT	LXX_WH
Jób 14:17	G1473	μου	P-GS	LXX_WH
Jób 14:17	G3588	τας	T-APF	LXX_WH
Jób 14:17	G0458	ανομιας	N-APF	LXX_WH
Jób 14:17	G1722	εν	PREP	LXX_WH
Jób 14:17		βαλλαντιω	N-DSN	ELTERO_SZOVEGALAP
Jób 14:17		επεσημηνω	V-AMI-2S	ELTERO_SZOVEGALAP
Jób 14:17	G1161	δε	PRT	LXX_WH
Jób 14:17	G1487	ει	CONJ	LXX_WH
Jób 14:17	G5100	τι	I-ASN	LXX_WH
Jób 14:17	G0210	ακων	A-NSM	LXX_WH
Jób 14:17	G3845	παρεβην	V-AAI-1S	LXX_WH
Jób 14:18	G2532	και	CONJ	LXX_WH
Jób 14:18	G4133	πλην	ADV	LXX_WH
Jób 14:18	G3735	ορος	N-NSN	LXX_WH
Jób 14:18	G4098	πιπτον	V-PAPNS	LXX_WH
Jób 14:18	G1276	διαπεσειται	V-FAI-3S	ABP-potolt
Jób 14:18	G2532	και	CONJ	LXX_WH
Jób 14:18	G4073	πετρα	N-NSF	LXX_WH
Jób 14:18	G3822	παλαιωθησεται	V-FPI-3S	LXX_WH
Jób 14:18	G1537	εκ	PREP	LXX_WH
Jób 14:18	G3588	του	T-GSM	LXX_WH
Jób 14:18	G5117	τοπου	N-GSM	LXX_WH
Jób 14:18	G0846	αυτης	D-GSF	LXX_WH
Jób 14:19	G3037	λιθους	N-APM	LXX_WH
Jób 14:19	G3001	ελεαναν	V-AAI-3P	ABP-potolt
Jób 14:19	G5204	υδατα	N-NPN	LXX_WH
Jób 14:19	G2532	και	CONJ	LXX_WH
Jób 14:19	G2626	κατεκλυσεν	V-AAI-3S	LXX_WH
Jób 14:19	G5204	υδατα	N-NPN	LXX_WH
Jób 14:19	G5298	υπτια	A-APN	ABP-potolt
Jób 14:19	G3588	του	T-GSN	LXX_WH
Jób 14:19	G5560	χωματος	N-GSN	ABP-potolt
Jób 14:19	G3588	της	T-GSF	LXX_WH
Jób 14:19	G1065	γης	N-GSF	LXX_WH
Jób 14:19	G2532	και	CONJ	LXX_WH
Jób 14:19	G5281	υπομονην	N-ASF	LXX_WH
Jób 14:19	G0444	ανθρωπου	N-GSM	LXX_WH
Jób 14:19	G0622	απωλεσας	V-AAI-2S	ABP-potolt
Jób 14:20		ωσας	V-AAI-2S	ELTERO_SZOVEGALAP
Jób 14:20	G0846	αυτον	D-ASM	LXX_WH
Jób 14:20	G1519	εις	PREP	LXX_WH
Jób 14:20	G5056	τελος	N-ASN	LXX_WH
Jób 14:20	G2532	και	CONJ	LXX_WH
Jób 14:20		ωχετο	V-IMI-3S	ELTERO_SZOVEGALAP
Jób 14:20		επεστησας	V-AAI-2S	ELTERO_SZOVEGALAP
Jób 14:20	G0846	αυτω	D-DSM	LXX_WH
Jób 14:20	G3588	το	T-ASN	LXX_WH
Jób 14:20	G4383	προσωπον	N-ASN	LXX_WH
Jób 14:20	G2532	και	CONJ	LXX_WH
Jób 14:20	G1821	εξαπεστειλας	V-AAI-2S	LXX_WH
Jób 14:21	G4183	πολλων	A-GPM	LXX_WH
Jób 14:21	G1161	δε	PRT	LXX_WH
Jób 14:21	G1096	γενομενων	V-AMPGP	LXX_WH
Jób 14:21	G3588	των	T-GPM	LXX_WH
Jób 14:21	G5207	υιων	N-GPM	LXX_WH
Jób 14:21	G0846	αυτου	D-GSM	LXX_WH
Jób 14:21	G3364	ουκ	ADV	LXX_WH
Jób 14:21		οιδεν	V-RAI-3S	ELTERO_SZOVEGALAP
Jób 14:21	G1437	εαν	CONJ	LXX_WH
Jób 14:21	G1161	δε	PRT	LXX_WH
Jób 14:21	G3641	ολιγοι	A-NPM	LXX_WH
Jób 14:21	G1096	γενωνται	V-AMS-3P	LXX_WH
Jób 14:21	G3364	ουκ	ADV	LXX_WH
Jób 14:21	G1987	επισταται	V-PMI-3S	LXX_WH
Jób 14:22	G0235	αλλ	CONJ	LXX_WH
Jób 14:22	G2228	η	CONJ	LXX_WH
Jób 14:22	G3588	αι	T-NPF	LXX_WH
Jób 14:22	G4561	σαρκες	N-NPF	LXX_WH
Jób 14:22	G0846	αυτου	D-GSM	LXX_WH
Jób 14:22		ηλγησαν	V-AAI-3P	ELTERO_SZOVEGALAP
Jób 14:22	G3588	η	T-NSF	LXX_WH
Jób 14:22	G1161	δε	PRT	LXX_WH
Jób 14:22	G5590	ψυχη	N-NSF	LXX_WH
Jób 14:22	G0846	αυτου	D-GSM	LXX_WH
Jób 14:22	G3996	επενθησεν	V-AAI-3S	LXX_WH
Jób 15:1	G5274	υπολαβων	V-AAPNS	LXX_WH
Jób 15:1	G1161	δε	PRT	LXX_WH
Jób 15:1		ελιφας	N-PRI	ELTERO_SZOVEGALAP
Jób 15:1	G3588	ο	T-NSM	LXX_WH
Jób 15:1		θαιμανιτης	N-NSM	ELTERO_SZOVEGALAP
Jób 15:1	G3004	λεγει	V-PAI-3S	LXX_WH
Jób 15:2	G4220	ποτερον	ADV	LXX_WH
Jób 15:2	G4680	σοφος	A-NSM	LXX_WH
Jób 15:2	G0612	αποκρισιν	N-ASF	LXX_WH
Jób 15:2	G1325	δωσει	V-FAI-3S	LXX_WH
Jób 15:2	G4907	συνεσεως	N-GSF	LXX_WH
Jób 15:2	G4151	πνευματος	N-GSN	LXX_WH
Jób 15:2	G2532	και	CONJ	LXX_WH
Jób 15:2	G1705	ενεπλησεν	V-AAI-3S	ABP-potolt
Jób 15:2	G4192	πονον	N-ASM	LXX_WH
Jób 15:2	G1064	γαστρος	N-GSF	LXX_WH
Jób 15:3	G1651	ελεγχων	V-PAPNS	LXX_WH
Jób 15:3	G1722	εν	PREP	LXX_WH
Jób 15:3	G4487	ρημασιν	N-DPN	LXX_WH
Jób 15:3	G3739	οις	R-DPN	LXX_WH
Jób 15:3	G3364	ου	ADV	LXX_WH
Jób 15:3	G1210	δει	V-PAI-3S	LXX_WH
Jób 15:3	G1722	εν	PREP	LXX_WH
Jób 15:3	G3056	λογοις	N-DPM	LXX_WH
Jób 15:3	G3739	οις	R-DPM	LXX_WH
Jób 15:3	G3762	ουδεν	A-NSN	LXX_WH
Jób 15:3	G3786	οφελος	N-NSN	LXX_WH
Jób 15:4	G3364	ου	ADV	LXX_WH
Jób 15:4	G2532	και	CONJ	LXX_WH
Jób 15:4	G4771	συ	P-NS	LXX_WH
Jób 15:4		απεποιησω	V-AMI-2S	ELTERO_SZOVEGALAP
Jób 15:4	G5401	φοβον	N-ASM	LXX_WH
Jób 15:4	G4931	συνετελεσω	V-AMI-2S	LXX_WH
Jób 15:4	G1161	δε	PRT	LXX_WH
Jób 15:4	G4487	ρηματα	N-APN	LXX_WH
Jób 15:4	G5108	τοιαυτα	A-APN	LXX_WH
Jób 15:4	G1725	εναντι	PREP	LXX_WH
Jób 15:4	G3588	του	T-GSM	LXX_WH
Jób 15:4	G2962	κυριου	N-GSM	LXX_WH
Jób 15:5	G1777	ενοχος	A-NSM	LXX_WH
Jób 15:5	G1510	ει	V-PAI-2S	LXX_WH
Jób 15:5	G4487	ρημασιν	N-DPN	LXX_WH
Jób 15:5	G4750	στοματος	N-GSN	LXX_WH
Jób 15:5	G4771	σου	P-GS	LXX_WH
Jób 15:5	G3761	ουδε	CONJ	LXX_WH
Jób 15:5	G1252	διεκρινας	V-AAI-2S	LXX_WH
Jób 15:5	G4487	ρηματα	N-APN	LXX_WH
Jób 15:5	G1413	δυναστων	N-GPM	LXX_WH
Jób 15:6	G1651	ελεγξαι	V-AAO-3S	LXX_WH
Jób 15:6	G4771	σε	P-AS	LXX_WH
Jób 15:6	G3588	το	T-NSN	LXX_WH
Jób 15:6	G4674	σον	A-NSN	LXX_WH
Jób 15:6	G4750	στομα	N-NSN	LXX_WH
Jób 15:6	G2532	και	CONJ	LXX_WH
Jób 15:6	G3165	μη	ADV	LXX_WH
Jób 15:6	G1473	εγω	P-NS	LXX_WH
Jób 15:6	G3588	τα	T-NPN	LXX_WH
Jób 15:6	G1161	δε	PRT	LXX_WH
Jób 15:6	G5491	χειλη	N-NPN	LXX_WH
Jób 15:6	G4771	σου	P-GS	LXX_WH
Jób 15:6	G2649	καταμαρτυρησουσιν	V-FAI-3P	LXX_WH
Jób 15:6	G4771	σου	P-GS	LXX_WH
Jób 15:7	G5100	τι	I-NSN	LXX_WH
Jób 15:7	G1063	γαρ	PRT	LXX_WH
Jób 15:7	G3165	μη	ADV	LXX_WH
Jób 15:7	G4413	πρωτος	A-NSMS	LXX_WH
Jób 15:7	G0444	ανθρωπων	N-GPM	LXX_WH
Jób 15:7	G1096	εγενηθης	V-API-2S	LXX_WH
Jób 15:7	G2228	η	CONJ	LXX_WH
Jób 15:7	G4253	προ	PREP	LXX_WH
Jób 15:7	G2345	θινων	N-GPM	ABP-potolt
Jób 15:7	G4078	επαγης	V-API-2S	LXX_WH
Jób 15:8	G2228	η	ADV	LXX_WH
Jób 15:8		συνταγμα	N-ASN	ELTERO_SZOVEGALAP
Jób 15:8	G2962	κυριου	N-GSM	LXX_WH
Jób 15:8	G0191	ακηκοας	V-RAI-2S	LXX_WH
Jób 15:8	G1519	εις	PREP	LXX_WH
Jób 15:8	G1161	δε	PRT	LXX_WH
Jób 15:8	G4771	σε	P-AS	LXX_WH
Jób 15:8		αφικετο	V-AMI-3S	ELTERO_SZOVEGALAP
Jób 15:8	G4678	σοφια	N-NSF	LXX_WH
Jób 15:9	G5100	τι	I-ASN	LXX_WH
Jób 15:9	G1063	γαρ	PRT	LXX_WH
Jób 15:9		οιδας	V-RAI-2S	ELTERO_SZOVEGALAP
Jób 15:9	G3739	ο	R-ASN	LXX_WH
Jób 15:9	G3364	ουκ	ADV	LXX_WH
Jób 15:9		οιδαμεν	V-RAI-1P	ELTERO_SZOVEGALAP
Jób 15:9	G2228	η	CONJ	LXX_WH
Jób 15:9	G5100	τι	I-ASN	LXX_WH
Jób 15:9	G4920	συνιεις	V-PAI-2S	LXX_WH
Jób 15:9	G3739	ο	R-ASN	LXX_WH
Jób 15:9	G3364	ουχι	ADV	LXX_WH
Jób 15:9	G2532	και	ADV	LXX_WH
Jób 15:9	G1473	ημεις	P-NP	LXX_WH
Jób 15:10	G2532	και	CONJ	LXX_WH
Jób 15:10	G1065	γε	PRT	LXX_WH
Jób 15:10	G4246	πρεσβυτης	N-NSM	LXX_WH
Jób 15:10	G2532	και	CONJ	LXX_WH
Jób 15:10	G1065	γε	PRT	LXX_WH
Jób 15:10	G3820	παλαιος	A-NSM	LXX_WH
Jób 15:10	G1722	εν	PREP	LXX_WH
Jób 15:10	G1473	ημιν	P-DP	LXX_WH
Jób 15:10	G0926	βαρυτερος	A-NSMC	LXX_WH
Jób 15:10	G3588	του	T-GSM	LXX_WH
Jób 15:10	G3962	πατρος	N-GSM	LXX_WH
Jób 15:10	G4771	σου	P-GS	LXX_WH
Jób 15:10	G2250	ημεραις	N-DPF	LXX_WH
Jób 15:11	G3641	ολιγα	A-APN	LXX_WH
Jób 15:11	G3739	ων	R-GPM	LXX_WH
Jób 15:11	G0264	ημαρτηκας	V-RAI-2S	LXX_WH
Jób 15:11	G3146	μεμαστιγωσαι	V-RPI-2S	LXX_WH
Jób 15:11	G3171	μεγαλως	ADV	LXX_WH
Jób 15:11	G5234	υπερβαλλοντως	ADV	LXX_WH
Jób 15:11	G2980	λελαληκας	V-RAI-2S	LXX_WH
Jób 15:12	G5100	τι	I-ASN	LXX_WH
Jób 15:12	G5111	ετολμησεν	V-AAI-3S	LXX_WH
Jób 15:12	G3588	η	T-NSF	LXX_WH
Jób 15:12	G2588	καρδια	N-NSF	LXX_WH
Jób 15:12	G4771	σου	P-GS	LXX_WH
Jób 15:12	G2228	η	CONJ	LXX_WH
Jób 15:12	G5100	τι	I-ASN	LXX_WH
Jób 15:12	G2018	επηνεγκαν	V-AAI-3P	LXX_WH
Jób 15:12	G3588	οι	T-NPM	LXX_WH
Jób 15:12	G3788	οφθαλμοι	N-NPM	LXX_WH
Jób 15:12	G4771	σου	P-GS	LXX_WH
Jób 15:13	G3754	οτι	CONJ	LXX_WH
Jób 15:13	G2372	θυμον	N-ASM	LXX_WH
Jób 15:13	G4486	ερρηξας	V-AAI-2S	LXX_WH
Jób 15:13	G1725	εναντι	PREP	LXX_WH
Jób 15:13	G2962	κυριου	N-GSM	LXX_WH
Jób 15:13	G1806	εξηγαγες	V-AAI-2S	LXX_WH
Jób 15:13	G1161	δε	PRT	LXX_WH
Jób 15:13	G1537	εκ	PREP	LXX_WH
Jób 15:13	G4750	στοματος	N-GSN	LXX_WH
Jób 15:13	G4487	ρηματα	N-APN	LXX_WH
Jób 15:13	G5108	τοιαυτα	A-APN	LXX_WH
Jób 15:14	G5100	τις	I-NSM	LXX_WH
Jób 15:14	G1063	γαρ	PRT	LXX_WH
Jób 15:14	G1510	ων	V-PAPNS	LXX_WH
Jób 15:14	G1027	βροτος	N-NSM	ABP-potolt
Jób 15:14	G3754	οτι	CONJ	LXX_WH
Jób 15:14	G1510	εσται	V-FMI-3S	LXX_WH
Jób 15:14	G0273	αμεμπτος	A-NSM	LXX_WH
Jób 15:14	G2228	η	CONJ	LXX_WH
Jób 15:14	G3739	ως	CONJ	LXX_WH
Jób 15:14	G1510	εσομενος	V-FMPNS	LXX_WH
Jób 15:14	G1342	δικαιος	A-NSM	LXX_WH
Jób 15:14	G1084	γεννητος	A-NSM	LXX_WH
Jób 15:14	G1135	γυναικος	N-GSF	LXX_WH
Jób 15:15	G1487	ει	CONJ	LXX_WH
Jób 15:15	G2596	κατα	PREP	LXX_WH
Jób 15:15	G0040	αγιων	A-GPM	LXX_WH
Jób 15:15	G3364	ου	ADV	LXX_WH
Jób 15:15	G4100	πιστευει	V-PAI-3S	LXX_WH
Jób 15:15	G3772	ουρανος	N-NSM	LXX_WH
Jób 15:15	G1161	δε	PRT	LXX_WH
Jób 15:15	G3364	ου	ADV	LXX_WH
Jób 15:15	G2513	καθαρος	A-NSM	LXX_WH
Jób 15:15	G1726	εναντιον	PREP	LXX_WH
Jób 15:15	G0846	αυτου	D-GSM	LXX_WH
Jób 15:16	G1436	εα	INJ	LXX_WH
Jób 15:16	G1161	δε	PRT	LXX_WH
Jób 15:16	G0948	εβδελυγμενος	V-RPPNS	LXX_WH
Jób 15:16	G2532	και	CONJ	LXX_WH
Jób 15:16	G0169	ακαθαρτος	A-NSM	LXX_WH
Jób 15:16	G0435	ανηρ	N-NSM	LXX_WH
Jób 15:16	G4095	πινων	V-PAPNS	LXX_WH
Jób 15:16	G0093	αδικιας	N-GSF	LXX_WH
Jób 15:16	G2470	ισα	ADV	LXX_WH
Jób 15:16	G4224	ποτω	N-DSM	LXX_WH
Jób 15:17	G0312	αναγγελω	V-FAI-1S	LXX_WH
Jób 15:17	G1161	δε	PRT	LXX_WH
Jób 15:17	G4771	σοι	P-DS	LXX_WH
Jób 15:17	G0191	ακουε	V-PAD-2S	LXX_WH
Jób 15:17	G1473	μου	P-GS	LXX_WH
Jób 15:17	G3739	α	R-APN	LXX_WH
Jób 15:17	G1161	δη	PRT	LXX_WH
Jób 15:17	G3708	εωρακα	V-RAI-1S	LXX_WH
Jób 15:17	G0312	αναγγελω	V-FAI-1S	LXX_WH
Jób 15:17	G4771	σοι	P-DS	LXX_WH
Jób 15:18	G3739	α	R-APN	LXX_WH
Jób 15:18	G4680	σοφοι	A-NPM	LXX_WH
Jób 15:18	G2046	ερουσιν	V-FAI-3P	ABP-potolt
Jób 15:18	G2532	και	CONJ	LXX_WH
Jób 15:18	G3364	ουκ	ADV	LXX_WH
Jób 15:18	G2928	εκρυψαν	V-AAI-3P	LXX_WH
Jób 15:18	G3962	πατερας	N-APM	LXX_WH
Jób 15:18	G0846	αυτων	D-GPM	LXX_WH
Jób 15:19	G0846	αυτοις	D-DPM	LXX_WH
Jób 15:19	G3441	μονοις	A-DPM	LXX_WH
Jób 15:19	G1325	εδοθη	V-API-3S	LXX_WH
Jób 15:19	G3588	η	T-NSF	LXX_WH
Jób 15:19	G1065	γη	N-NSF	LXX_WH
Jób 15:19	G2532	και	CONJ	LXX_WH
Jób 15:19	G3364	ουκ	ADV	LXX_WH
Jób 15:19		επηλθεν	V-AAI-3S	ELTERO_SZOVEGALAP
Jób 15:19	G0241	αλλογενης	A-NSM	LXX_WH
Jób 15:19	G1909	επ	PREP	LXX_WH
Jób 15:19	G0846	αυτους	D-APM	LXX_WH
Jób 15:20	G3956	πας	A-NSM	LXX_WH
Jób 15:20	G3588	ο	T-NSM	LXX_WH
Jób 15:20	G0979	βιος	N-NSM	LXX_WH
Jób 15:20	G0765	ασεβους	A-GSM	LXX_WH
Jób 15:20	G1722	εν	PREP	LXX_WH
Jób 15:20	G5431	φροντιδι	N-DSF	ABP-potolt
Jób 15:20	G2094	ετη	N-NPN	LXX_WH
Jób 15:20	G1161	δε	PRT	LXX_WH
Jób 15:20		αριθμητα	A-NPN	ELTERO_SZOVEGALAP
Jób 15:20	G1325	δεδομενα	V-RPPNP	LXX_WH
Jób 15:20	G1413	δυναστη	N-DSM	LXX_WH
Jób 15:21	G3588	ο	T-NSM	LXX_WH
Jób 15:21	G1161	δε	PRT	LXX_WH
Jób 15:21	G5401	φοβος	N-NSM	LXX_WH
Jób 15:21	G0846	αυτου	D-GSM	LXX_WH
Jób 15:21	G1722	εν	PREP	LXX_WH
Jób 15:21	G3775	ωσιν	N-DPN	LXX_WH
Jób 15:21	G0846	αυτου	D-GSM	LXX_WH
Jób 15:21	G3752	οταν	ADV	LXX_WH
Jób 15:21	G1380	δοκη	V-PAS-3S	LXX_WH
Jób 15:21	G2235	ηδη	ADV	LXX_WH
Jób 15:21	G1514	ειρηνευειν	V-PAN	LXX_WH
Jób 15:21	G1854	ηξει	V-FAI-3S	LXX_WH
Jób 15:21	G0846	αυτου	D-GSM	LXX_WH
Jób 15:21	G3588	η	T-NSF	LXX_WH
Jób 15:21	G2692	καταστροφη	N-NSF	LXX_WH
Jób 15:22	G3165	μη	ADV	LXX_WH
Jób 15:22	G4100	πιστευετω	V-PAD-3S	LXX_WH
Jób 15:22	G0654	αποστραφηναι	V-APN	LXX_WH
Jób 15:22	G0575	απο	PREP	LXX_WH
Jób 15:22	G4655	σκοτους	N-GSN	LXX_WH
Jób 15:22	G1781	εντεταλται	V-RPI-3S	LXX_WH
Jób 15:22	G1063	γαρ	PRT	LXX_WH
Jób 15:22	G2235	ηδη	ADV	LXX_WH
Jób 15:22	G1519	εις	PREP	LXX_WH
Jób 15:22	G5495	χειρας	N-APF	LXX_WH
Jób 15:22	G4604	σιδηρου	N-GSM	LXX_WH
Jób 15:23		κατατετακται	V-RPI-3S	ELTERO_SZOVEGALAP
Jób 15:23	G1161	δε	PRT	LXX_WH
Jób 15:23	G1519	εις	PREP	LXX_WH
Jób 15:23	G4621	σιτα	N-APN	LXX_WH
Jób 15:23		γυψιν	N-DPM	ELTERO_SZOVEGALAP
Jób 15:23		οιδεν	V-RAI-3S	ELTERO_SZOVEGALAP
Jób 15:23	G1161	δε	PRT	LXX_WH
Jób 15:23	G1722	εν	PREP	LXX_WH
Jób 15:23	G1438	εαυτω	D-DSM	LXX_WH
Jób 15:23	G3754	οτι	CONJ	LXX_WH
Jób 15:23	G3306	μενει	V-PAI-3S	LXX_WH
Jób 15:23	G1519	εις	PREP	LXX_WH
Jób 15:23	G4430	πτωμα	N-ASN	LXX_WH
Jób 15:23	G2250	ημερα	N-NSF	LXX_WH
Jób 15:23	G1161	δε	PRT	LXX_WH
Jób 15:23	G0846	αυτον	D-ASM	LXX_WH
Jób 15:23	G4652	σκοτεινη	A-NSF	LXX_WH
Jób 15:23	G1473	στροβησει	V-FAI-3S	ABP-potolt
Jób 15:24		αναγκη	N-NSF	ELTERO_SZOVEGALAP
Jób 15:24	G1161	δε	PRT	LXX_WH
Jób 15:24	G2532	και	CONJ	LXX_WH
Jób 15:24	G2347	θλιψις	N-NSF	LXX_WH
Jób 15:24	G0846	αυτον	D-ASM	LXX_WH
Jób 15:24	G2722	καθεξει	V-FAI-3S	LXX_WH
Jób 15:24	G3746	ωσπερ	ADV	LXX_WH
Jób 15:24	G4755	στρατηγος	N-NSM	LXX_WH
Jób 15:24	G4414	πρωτοστατης	N-NSM	LXX_WH
Jób 15:24	G4098	πιπτων	V-PAPNS	LXX_WH
Jób 15:25	G3754	οτι	CONJ	LXX_WH
Jób 15:25	G0142	ηρκεν	V-RAI-3P	LXX_WH
Jób 15:25	G5495	χειρας	N-APF	LXX_WH
Jób 15:25	G1726	εναντιον	PREP	LXX_WH
Jób 15:25	G3588	του	T-GSM	LXX_WH
Jób 15:25	G2962	κυριου	N-GSM	LXX_WH
Jób 15:25	G1725	εναντι	PREP	LXX_WH
Jób 15:25	G1161	δε	PRT	LXX_WH
Jób 15:25	G2962	κυριου	N-GSM	LXX_WH
Jób 15:25	G3841	παντοκρατορος	N-GSM	LXX_WH
Jób 15:25	G5135	ετραχηλιασεν	V-AAI-3S	ABP-potolt
Jób 15:26	G5143	εδραμεν	V-AAI-3S	LXX_WH
Jób 15:26	G1161	δε	PRT	LXX_WH
Jób 15:26	G1726	εναντιον	PREP	LXX_WH
Jób 15:26	G0846	αυτου	D-GSM	LXX_WH
Jób 15:26	G5196	υβρει	N-DSF	LXX_WH
Jób 15:26	G1722	εν	PREP	LXX_WH
Jób 15:26		παχει	N-DSN	ELTERO_SZOVEGALAP
Jób 15:26		νωτου	N-GSN	ELTERO_SZOVEGALAP
Jób 15:26	G0785	ασπιδος	N-GSF	LXX_WH
Jób 15:26	G0846	αυτου	D-GSM	LXX_WH
Jób 15:27	G3754	οτι	CONJ	LXX_WH
Jób 15:27	G2572	εκαλυψεν	V-AAI-3S	LXX_WH
Jób 15:27	G3588	το	T-ASN	LXX_WH
Jób 15:27	G4383	προσωπον	N-ASN	LXX_WH
Jób 15:27	G0846	αυτου	D-GSM	LXX_WH
Jób 15:27	G1722	εν	PREP	LXX_WH
Jób 15:27		στεατι	N-DSN	ELTERO_SZOVEGALAP
Jób 15:27	G0846	αυτου	D-GSM	LXX_WH
Jób 15:27	G2532	και	CONJ	LXX_WH
Jób 15:27	G4160	εποιησεν	V-AAI-3S	LXX_WH
Jób 15:27	G4058	περιστομιον	N-ASN	ABP-potolt
Jób 15:27	G1909	επι	PREP	LXX_WH
Jób 15:27	G3588	των	T-GPN	LXX_WH
Jób 15:27	G3381	μηριων	N-GPN	ABP-potolt
Jób 15:28		αυλισθειη	V-APO-3S	ELTERO_SZOVEGALAP
Jób 15:28	G1161	δε	PRT	LXX_WH
Jób 15:28	G4172	πολεις	N-APF	LXX_WH
Jób 15:28	G2048	ερημους	A-APF	LXX_WH
Jób 15:28	G1525	εισελθοι	V-AAO-3S	LXX_WH
Jób 15:28	G1161	δε	PRT	LXX_WH
Jób 15:28	G1519	εις	PREP	LXX_WH
Jób 15:28	G3624	οικους	N-APM	LXX_WH
Jób 15:28	G0516	αοικητους	A-APM	ABP-potolt
Jób 15:28	G3739	α	R-APN	LXX_WH
Jób 15:28	G1161	δε	PRT	LXX_WH
Jób 15:28	G1565	εκεινοι	D-NPM	LXX_WH
Jób 15:28	G2090	ητοιμασαν	V-AAI-3P	LXX_WH
Jób 15:28	G0243	αλλοι	D-NPM	LXX_WH
Jób 15:28	G0667	αποισονται	V-FMI-3P	LXX_WH
Jób 15:29	G3777	ουτε	CONJ	LXX_WH
Jób 15:29	G3165	μη	ADV	LXX_WH
Jób 15:29	G4148	πλουτισθη	V-APS-3S	LXX_WH
Jób 15:29	G3777	ουτε	CONJ	LXX_WH
Jób 15:29	G3165	μη	ADV	LXX_WH
Jób 15:29	G3306	μεινη	V-AAS-3S	LXX_WH
Jób 15:29	G0846	αυτου	D-GSM	LXX_WH
Jób 15:29	G3588	τα	T-NPN	LXX_WH
Jób 15:29	G5225	υπαρχοντα	V-PAPNP	LXX_WH
Jób 15:29	G3364	ου	ADV	LXX_WH
Jób 15:29	G3165	μη	ADV	LXX_WH
Jób 15:29	G0906	βαλη	V-AAS-3S	LXX_WH
Jób 15:29	G1909	επι	PREP	LXX_WH
Jób 15:29	G3588	την	T-ASF	LXX_WH
Jób 15:29	G1065	γην	N-ASF	LXX_WH
Jób 15:29	G4639	σκιαν	N-ASF	LXX_WH
Jób 15:30	G3761	ουδε	CONJ	LXX_WH
Jób 15:30	G3165	μη	ADV	LXX_WH
Jób 15:30	G1628	εκφυγη	V-AAS-3S	LXX_WH
Jób 15:30	G3588	το	T-ASN	LXX_WH
Jób 15:30	G4655	σκοτος	N-ASN	LXX_WH
Jób 15:30	G3588	τον	T-ASM	LXX_WH
Jób 15:30	G0986	βλαστον	N-ASM	LXX_WH
Jób 15:30	G0846	αυτου	D-GSM	LXX_WH
Jób 15:30	G3133	μαραναι	V-AAO-3S	LXX_WH
Jób 15:30	G0417	ανεμος	N-NSM	LXX_WH
Jób 15:30	G1601	εκπεσοι	V-FAO-3S	LXX_WH
Jób 15:30	G1161	δε	PRT	LXX_WH
Jób 15:30	G0846	αυτου	D-GSM	LXX_WH
Jób 15:30	G3588	το	T-NSN	LXX_WH
Jób 15:30	G0438	ανθος	N-NSN	LXX_WH
Jób 15:31	G3165	μη	ADV	LXX_WH
Jób 15:31	G4100	πιστευετω	V-PAD-3S	LXX_WH
Jób 15:31	G3754	οτι	CONJ	LXX_WH
Jób 15:31	G5278	υπομενει	V-FAI-3S	LXX_WH
Jób 15:31	G2756	κενα	A-NPN	LXX_WH
Jób 15:31	G1063	γαρ	PRT	LXX_WH
Jób 15:31	G0576	αποβησεται	V-FMI-3S	LXX_WH
Jób 15:31	G0846	αυτω	D-DSM	LXX_WH
Jób 15:32	G3588	η	T-NSF	LXX_WH
Jób 15:32		τομη	N-NSF	ELTERO_SZOVEGALAP
Jób 15:32	G0846	αυτου	D-GSM	LXX_WH
Jób 15:32	G4253	προ	PREP	LXX_WH
Jób 15:32	G5610	ωρας	N-GSF	LXX_WH
Jób 15:32	G5351	φθαρησεται	V-FPI-3S	LXX_WH
Jób 15:32	G2532	και	CONJ	LXX_WH
Jób 15:32	G3588	ο	T-NSM	LXX_WH
Jób 15:32		ραδαμνος	N-NSM	ELTERO_SZOVEGALAP
Jób 15:32	G0846	αυτου	D-GSM	LXX_WH
Jób 15:32	G3364	ου	ADV	LXX_WH
Jób 15:32	G3165	μη	ADV	LXX_WH
Jób 15:32		πυκαση	V-AAS-3S	ELTERO_SZOVEGALAP
Jób 15:33	G5166	τρυγηθειη	V-APO-3S	LXX_WH
Jób 15:33	G1161	δε	PRT	LXX_WH
Jób 15:33	G3746	ωσπερ	ADV	LXX_WH
Jób 15:33		ομφαξ	N-NSF	ELTERO_SZOVEGALAP
Jób 15:33	G4253	προ	PREP	LXX_WH
Jób 15:33	G5610	ωρας	N-GSF	LXX_WH
Jób 15:33	G1601	εκπεσοι	V-FAO-3S	LXX_WH
Jób 15:33	G1161	δε	PRT	LXX_WH
Jób 15:33	G3739	ως	CONJ	LXX_WH
Jób 15:33	G0438	ανθος	N-NSN	LXX_WH
Jób 15:33	G1636	ελαιας	N-GSF	LXX_WH
Jób 15:34	G3142	μαρτυριον	N-NSN	LXX_WH
Jób 15:34	G1063	γαρ	PRT	LXX_WH
Jób 15:34	G0765	ασεβους	A-GSM	LXX_WH
Jób 15:34	G2288	θανατος	N-NSM	LXX_WH
Jób 15:34	G4442	πυρ	N-NSN	LXX_WH
Jób 15:34	G1161	δε	PRT	LXX_WH
Jób 15:34	G2545	καυσει	V-FAI-3S	LXX_WH
Jób 15:34	G3624	οικους	N-APM	LXX_WH
Jób 15:34	G1434	δωροδεκτων	N-GPM	ABP-potolt
Jób 15:35	G1722	εν	PREP	LXX_WH
Jób 15:35	G1064	γαστρι	N-DSF	LXX_WH
Jób 15:35	G1161	δε	PRT	LXX_WH
Jób 15:35	G2983	λημψεται	V-FMI-3S	LXX_WH
Jób 15:35	G3601	οδυνας	N-APF	LXX_WH
Jób 15:35	G0576	αποβησεται	V-FMI-3S	LXX_WH
Jób 15:35	G1161	δε	PRT	LXX_WH
Jób 15:35	G0846	αυτω	D-DSM	LXX_WH
Jób 15:35	G2756	κενα	A-NPN	LXX_WH
Jób 15:35	G3588	η	T-NSF	LXX_WH
Jób 15:35	G1161	δε	PRT	LXX_WH
Jób 15:35	G2836	κοιλια	N-NSF	LXX_WH
Jób 15:35	G0846	αυτου	D-GSM	LXX_WH
Jób 15:35	G5297	υποισει	V-FAI-3S	LXX_WH
Jób 15:35	G1388	δολον	N-ASM	LXX_WH
Jób 16:1	G5274	υπολαβων	V-AAPNS	LXX_WH
Jób 16:1	G1161	δε	PRT	LXX_WH
Jób 16:1	G2492	ιωβ	N-PRI	LXX_WH
Jób 16:1	G3004	λεγει	V-PAI-3S	LXX_WH
Jób 16:2	G0191	ακηκοα	V-RAI-1S	LXX_WH
Jób 16:2	G5108	τοιαυτα	A-APN	LXX_WH
Jób 16:2	G4183	πολλα	A-APN	LXX_WH
Jób 16:2	G3875	παρακλητορες	N-NPM	ABP-potolt
Jób 16:2	G2556	κακων	A-GPM	LXX_WH
Jób 16:2	G3956	παντες	A-NPM	LXX_WH
Jób 16:3	G5100	τι	I-NSN	LXX_WH
Jób 16:3	G1063	γαρ	PRT	LXX_WH
Jób 16:3	G3165	μη	ADV	LXX_WH
Jób 16:3	G5010	ταξις	N-NSF	LXX_WH
Jób 16:3	G1510	εστιν	V-PAI-3S	LXX_WH
Jób 16:3	G4487	ρημασιν	N-DPN	LXX_WH
Jób 16:3	G4151	πνευματος	N-GSN	LXX_WH
Jób 16:3	G2228	η	CONJ	LXX_WH
Jób 16:3	G5100	τι	I-NSN	LXX_WH
Jób 16:3	G3926	παρενοχλησει	V-FAI-3S	LXX_WH
Jób 16:3	G4771	σοι	P-DS	LXX_WH
Jób 16:3	G3754	οτι	CONJ	LXX_WH
Jób 16:3	G0611	αποκρινη	V-PAS-3S	ABP-potolt
Jób 16:4	G2504	καγω	CONJ	ABP-potolt
Jób 16:4	G2596	καθ	PREP	LXX_WH
Jób 16:4	G4771	υμας	P-AP	LXX_WH
Jób 16:4	G2980	λαλησω	V-AAS-1S	LXX_WH
Jób 16:4	G1487	ει	CONJ	LXX_WH
Jób 16:4	G5270	υπεκειτο	V-IMI-3S	ABP-potolt
Jób 16:4	G1065	γε	PRT	LXX_WH
Jób 16:4	G3588	η	T-NSF	LXX_WH
Jób 16:4	G5590	ψυχη	N-NSF	LXX_WH
Jób 16:4	G4771	υμων	P-GP	LXX_WH
Jób 16:4	G0473	αντι	PREP	LXX_WH
Jób 16:4	G3588	της	T-GSF	LXX_WH
Jób 16:4	G1699	εμης	A-GSF	LXX_WH
Jób 16:4	G1534	ειτ	ADV	LXX_WH
Jób 16:4		εναλουμαι	V-FAI-1S	ELTERO_SZOVEGALAP
Jób 16:4	G4771	υμιν	P-DP	LXX_WH
Jób 16:4	G4487	ρημασιν	N-DPN	LXX_WH
Jób 16:4	G2795	κινησω	V-FAI-1S	LXX_WH
Jób 16:4	G1161	δε	PRT	LXX_WH
Jób 16:4	G2596	καθ	PREP	LXX_WH
Jób 16:4	G4771	υμων	P-GP	LXX_WH
Jób 16:4	G2776	κεφαλην	N-ASF	LXX_WH
Jób 16:5	G1510	ειη	V-PAO-3S	LXX_WH
Jób 16:5	G1161	δε	PRT	LXX_WH
Jób 16:5	G2479	ισχυς	N-NSF	LXX_WH
Jób 16:5	G1722	εν	PREP	LXX_WH
Jób 16:5	G3588	τω	T-DSN	LXX_WH
Jób 16:5	G4750	στοματι	N-DSN	LXX_WH
Jób 16:5	G1473	μου	P-GS	LXX_WH
Jób 16:5	G2796	κινησιν	N-ASF	LXX_WH
Jób 16:5	G1161	δε	PRT	LXX_WH
Jób 16:5	G5491	χειλεων	N-GPN	LXX_WH
Jób 16:5	G3364	ου	ADV	LXX_WH
Jób 16:5	G5339	φεισομαι	V-FMI-1S	LXX_WH
Jób 16:6	G1437	εαν	CONJ	LXX_WH
Jób 16:6	G1063	γαρ	PRT	LXX_WH
Jób 16:6	G2980	λαλησω	V-FAI-1S	LXX_WH
Jób 16:6	G3364	ουκ	ADV	LXX_WH
Jób 16:6		αλγησω	V-FAI-1S	ELTERO_SZOVEGALAP
Jób 16:6	G3588	το	T-ASN	LXX_WH
Jób 16:6	G5134	τραυμα	N-ASN	LXX_WH
Jób 16:6	G1437	εαν	CONJ	LXX_WH
Jób 16:6	G1161	δε	PRT	LXX_WH
Jób 16:6	G2532	και	CONJ	LXX_WH
Jób 16:6	G4623	σιωπησω	V-FAI-1S	LXX_WH
Jób 16:6	G5100	τι	I-NSN	LXX_WH
Jób 16:6		ελαττον	A-NSN	ELTERO_SZOVEGALAP
Jób 16:6		τρωθησομαι	V-FPI-1S	ELTERO_SZOVEGALAP
Jób 16:7	G3568	νυν	ADV	LXX_WH
Jób 16:7	G1161	δε	PRT	LXX_WH
Jób 16:7		κατακοπον	A-ASM	ELTERO_SZOVEGALAP
Jób 16:7	G1473	με	P-AS	LXX_WH
Jób 16:7	G4160	πεποιηκεν	V-RAI-3S	LXX_WH
Jób 16:7	G3474	μωρον	A-ASM	LXX_WH
Jób 16:7	G4595	σεσηποτα	V-RAPAS	LXX_WH
Jób 16:8	G2532	και	CONJ	LXX_WH
Jób 16:8		επελαβου	V-AMI-2S	ELTERO_SZOVEGALAP
Jób 16:8	G1473	μου	P-GS	LXX_WH
Jób 16:8	G1519	εις	PREP	LXX_WH
Jób 16:8	G3142	μαρτυριον	N-ASN	LXX_WH
Jób 16:8	G1096	εγενηθη	V-API-3S	LXX_WH
Jób 16:8	G2532	και	CONJ	LXX_WH
Jób 16:8	G0450	ανεστη	V-AAI-3S	LXX_WH
Jób 16:8	G1722	εν	PREP	LXX_WH
Jób 16:8	G1473	εμοι	P-DS	LXX_WH
Jób 16:8	G3588	το	T-NSN	LXX_WH
Jób 16:8	G5579	ψευδος	N-NSN	LXX_WH
Jób 16:8	G1473	μου	P-GS	LXX_WH
Jób 16:8	G2596	κατα	PREP	LXX_WH
Jób 16:8	G4383	προσωπον	N-ASN	LXX_WH
Jób 16:8	G1473	μου	P-GS	LXX_WH
Jób 16:8		ανταπεκριθη	V-API-3S	ELTERO_SZOVEGALAP
Jób 16:9	G3709	οργη	N-DSF	LXX_WH
Jób 16:9	G5531	χρησαμενος	V-AMPNS	LXX_WH
Jób 16:9	G2598	κατεβαλεν	V-AAI-3S	LXX_WH
Jób 16:9	G1473	με	P-AS	LXX_WH
Jób 16:9	G1031	εβρυξεν	V-AAI-3S	LXX_WH
Jób 16:9	G1909	επ	PREP	LXX_WH
Jób 16:9	G1473	εμε	P-AS	LXX_WH
Jób 16:9	G3588	τους	T-APM	LXX_WH
Jób 16:9	G3599	οδοντας	N-APM	LXX_WH
Jób 16:9	G0956	βελη	N-NPN	LXX_WH
Jób 16:9		πειρατων	N-GPM	ELTERO_SZOVEGALAP
Jób 16:9	G0846	αυτου	D-GSM	LXX_WH
Jób 16:9	G1909	επ	PREP	LXX_WH
Jób 16:9	G1473	εμοι	P-DS	LXX_WH
Jób 16:9	G4098	επεσεν	V-AAI-3S	LXX_WH
Jób 16:10	G0185	ακισιν	N-DPF	ABP-potolt
Jób 16:10	G3788	οφθαλμων	N-GPM	LXX_WH
Jób 16:10	G1724	ενηλατο	V-AMI-3S	ABP-potolt
Jób 16:10	G3691	οξει	A-DSM	LXX_WH
Jób 16:10	G3817	επαισεν	V-AAI-3S	LXX_WH
Jób 16:10	G1473	με	P-AS	LXX_WH
Jób 16:10	G1519	εις	PREP	LXX_WH
Jób 16:10	G4600	σιαγονα	N-ASF	LXX_WH
Jób 16:10	G3661	ομοθυμαδον	ADV	LXX_WH
Jób 16:10	G1161	δε	PRT	LXX_WH
Jób 16:10	G2701	κατεδραμον	V-AAI-3P	LXX_WH
Jób 16:10	G1909	επ	PREP	LXX_WH
Jób 16:10	G1473	εμοι	P-DS	LXX_WH
Jób 16:11	G3860	παρεδωκεν	V-AAI-3S	LXX_WH
Jób 16:11	G1063	γαρ	PRT	LXX_WH
Jób 16:11	G1473	με	P-AS	LXX_WH
Jób 16:11	G3588	ο	T-NSM	LXX_WH
Jób 16:11	G2962	κυριος	N-NSM	LXX_WH
Jób 16:11	G1519	εις	PREP	LXX_WH
Jób 16:11	G5495	χειρας	N-APF	LXX_WH
Jób 16:11	G0094	αδικου	A-GSM	LXX_WH
Jób 16:11	G1909	επι	PREP	LXX_WH
Jób 16:11	G1161	δε	PRT	LXX_WH
Jób 16:11	G0765	ασεβεσιν	A-DPM	LXX_WH
Jób 16:11	G4495	ερριψεν	V-AAI-3S	ABP-potolt
Jób 16:11	G1473	με	P-AS	LXX_WH
Jób 16:12	G1514	ειρηνευοντα	V-PAPAS	LXX_WH
Jób 16:12	G1286	διεσκεδασεν	V-AAI-3S	ABP-potolt
Jób 16:12	G1473	με	P-AS	LXX_WH
Jób 16:12	G2983	λαβων	V-AAPNS	LXX_WH
Jób 16:12	G1473	με	P-AS	LXX_WH
Jób 16:12	G3588	της	T-GSF	LXX_WH
Jób 16:12	G2864	κομης	N-GSF	LXX_WH
Jób 16:12	G1303	διετιλεν	V-AAI-3S	ABP-potolt
Jób 16:12	G2525	κατεστησεν	V-AAI-3S	LXX_WH
Jób 16:12	G1473	με	P-AS	LXX_WH
Jób 16:12	G3746	ωσπερ	ADV	LXX_WH
Jób 16:12	G4649	σκοπον	N-ASM	LXX_WH
Jób 16:13	G2944	εκυκλωσαν	V-AAI-3P	LXX_WH
Jób 16:13	G1473	με	P-AS	LXX_WH
Jób 16:13	G3057	λογχαις	N-DPF	LXX_WH
Jób 16:13	G0906	βαλλοντες	V-PAPNP	LXX_WH
Jób 16:13	G1519	εις	PREP	LXX_WH
Jób 16:13	G3510	νεφρους	N-APM	LXX_WH
Jób 16:13	G1473	μου	P-GS	LXX_WH
Jób 16:13	G3364	ου	ADV	LXX_WH
Jób 16:13	G5339	φειδομενοι	V-PMPNP	LXX_WH
Jób 16:13	G1632	εξεχεαν	V-AAI-3P	LXX_WH
Jób 16:13	G1519	εις	PREP	LXX_WH
Jób 16:13	G3588	την	T-ASF	LXX_WH
Jób 16:13	G1065	γην	N-ASF	LXX_WH
Jób 16:13	G3588	την	T-ASF	LXX_WH
Jób 16:13	G5521	χολην	N-ASF	LXX_WH
Jób 16:13	G1473	μου	P-GS	LXX_WH
Jób 16:14	G2598	κατεβαλον	V-AAI-3P	LXX_WH
Jób 16:14	G1473	με	P-AS	LXX_WH
Jób 16:14	G4430	πτωμα	N-ASN	LXX_WH
Jób 16:14	G1909	επι	PREP	LXX_WH
Jób 16:14	G4430	πτωματι	N-DSN	LXX_WH
Jób 16:14	G5143	εδραμον	V-AAI-3P	LXX_WH
Jób 16:14	G4314	προς	PREP	LXX_WH
Jób 16:14	G1473	με	P-AS	LXX_WH
Jób 16:14	G1410	δυναμενοι	V-PMPNP	LXX_WH
Jób 16:15	G4526	σακκον	N-ASM	LXX_WH
Jób 16:15	G4475	ερραψα	V-AAI-1S	ABP-potolt
Jób 16:15	G1909	επι	PREP	LXX_WH
Jób 16:15		βυρσης	N-GSF	ELTERO_SZOVEGALAP
Jób 16:15	G1473	μου	P-GS	LXX_WH
Jób 16:15	G3588	το	T-NSN	LXX_WH
Jób 16:15	G1161	δε	PRT	LXX_WH
Jób 16:15		σθενος	N-NSN	ELTERO_SZOVEGALAP
Jób 16:15	G1473	μου	P-GS	LXX_WH
Jób 16:15	G1722	εν	PREP	LXX_WH
Jób 16:15	G1065	γη	N-DSF	LXX_WH
Jób 16:15	G4570	εσβεσθη	V-API-3S	LXX_WH
Jób 16:16	G3588	η	T-NSF	LXX_WH
Jób 16:16	G1064	γαστηρ	N-NSF	LXX_WH
Jób 16:16	G1473	μου	P-GS	LXX_WH
Jób 16:16		συγκεκαυται	V-RPI-3S	ELTERO_SZOVEGALAP
Jób 16:16	G0575	απο	PREP	LXX_WH
Jób 16:16	G2805	κλαυθμου	N-GSM	LXX_WH
Jób 16:16	G1909	επι	PREP	LXX_WH
Jób 16:16	G1161	δε	PRT	LXX_WH
Jób 16:16		βλεφαροις	N-DPM	ELTERO_SZOVEGALAP
Jób 16:16	G1473	μου	P-GS	LXX_WH
Jób 16:16	G4639	σκια	N-NSF	LXX_WH
Jób 16:17	G0094	αδικον	A-NSN	LXX_WH
Jób 16:17	G1161	δε	PRT	LXX_WH
Jób 16:17	G3762	ουδεν	A-NSN	LXX_WH
Jób 16:17	G1510	ην	V-IAI-3S	LXX_WH
Jób 16:17	G1722	εν	PREP	LXX_WH
Jób 16:17	G5495	χερσιν	N-DPF	LXX_WH
Jób 16:17	G1473	μου	P-GS	LXX_WH
Jób 16:17	G2171	ευχη	N-NSF	LXX_WH
Jób 16:17	G1161	δε	PRT	LXX_WH
Jób 16:17	G1473	μου	P-GS	LXX_WH
Jób 16:17	G2513	καθαρα	A-NSF	LXX_WH
Jób 16:18	G1065	γη	N-NSF	LXX_WH
Jób 16:18	G3165	μη	ADV	LXX_WH
Jób 16:18	G1943	επικαλυψης	V-AAS-2S	LXX_WH
Jób 16:18	G1909	εφ	PREP	LXX_WH
Jób 16:18	G0129	αιματι	N-DSN	LXX_WH
Jób 16:18	G3588	της	T-GSF	LXX_WH
Jób 16:18	G4561	σαρκος	N-GSF	LXX_WH
Jób 16:18	G1473	μου	P-GS	LXX_WH
Jób 16:18	G3366	μηδε	CONJ	LXX_WH
Jób 16:18	G1510	ειη	V-PAO-3S	LXX_WH
Jób 16:18	G5117	τοπος	N-NSM	LXX_WH
Jób 16:18	G3588	τη	T-DSF	LXX_WH
Jób 16:18	G2906	κραυγη	N-DSF	LXX_WH
Jób 16:18	G1473	μου	P-GS	LXX_WH
Jób 16:19	G2532	και	CONJ	LXX_WH
Jób 16:19	G3568	νυν	ADV	LXX_WH
Jób 16:19	G2400	ιδου	INJ	LXX_WH
Jób 16:19	G1722	εν	PREP	LXX_WH
Jób 16:19	G3772	ουρανοις	N-DPM	LXX_WH
Jób 16:19	G3588	ο	T-NSM	LXX_WH
Jób 16:19	G3144	μαρτυς	N-NSM	LXX_WH
Jób 16:19	G1473	μου	P-GS	LXX_WH
Jób 16:19	G3588	ο	T-NSM	LXX_WH
Jób 16:19	G1161	δε	PRT	LXX_WH
Jób 16:19		συνιστωρ	N-NSM	ELTERO_SZOVEGALAP
Jób 16:19	G1473	μου	P-GS	LXX_WH
Jób 16:19	G1722	εν	PREP	LXX_WH
Jób 16:19	G5310	υψιστοις	A-DPN	LXX_WH
Jób 16:20	G0864	αφικοιτο	V-AMO-3S	ABP-potolt
Jób 16:20	G1473	μου	P-GS	LXX_WH
Jób 16:20	G3588	η	T-NSF	LXX_WH
Jób 16:20	G1162	δεησις	N-NSF	LXX_WH
Jób 16:20	G4314	προς	PREP	LXX_WH
Jób 16:20	G2962	κυριον	N-ASM	LXX_WH
Jób 16:20	G1725	εναντι	PREP	LXX_WH
Jób 16:20	G1161	δε	PRT	LXX_WH
Jób 16:20	G0846	αυτου	D-GSM	LXX_WH
Jób 16:20		σταζοι	V-PAO-3S	ELTERO_SZOVEGALAP
Jób 16:20	G1473	μου	P-GS	LXX_WH
Jób 16:20	G3588	ο	T-NSM	LXX_WH
Jób 16:20	G3788	οφθαλμος	N-NSM	LXX_WH
Jób 16:21	G1510	ειη	V-PAO-3S	LXX_WH
Jób 16:21	G1161	δε	PRT	LXX_WH
Jób 16:21	G1650	ελεγχος	N-NSM	LXX_WH
Jób 16:21	G0435	ανδρι	N-DSM	LXX_WH
Jób 16:21	G1725	εναντι	PREP	LXX_WH
Jób 16:21	G2962	κυριου	N-GSM	LXX_WH
Jób 16:21	G2532	και	CONJ	LXX_WH
Jób 16:21	G5207	υιος	N-NSM	LXX_WH
Jób 16:21	G0444	ανθρωπου	N-GSM	LXX_WH
Jób 16:21	G3588	τω	T-DSM	LXX_WH
Jób 16:21	G4139	πλησιον	ADV	LXX_WH
Jób 16:21	G0846	αυτου	D-GSM	LXX_WH
Jób 16:22	G2094	ετη	N-NPN	LXX_WH
Jób 16:22	G1161	δε	PRT	LXX_WH
Jób 16:22		αριθμητα	A-NPN	ELTERO_SZOVEGALAP
Jób 16:22	G1854	ηκασιν	V-PAI-3P	LXX_WH
Jób 16:22	G3598	οδω	N-DSF	LXX_WH
Jób 16:22	G1161	δε	PRT	LXX_WH
Jób 16:22	G3739	η	R-DSF	LXX_WH
Jób 16:22	G3364	ουκ	ADV	LXX_WH
Jób 16:22		επαναστραφησομαι	V-FPI-1S	ELTERO_SZOVEGALAP
Jób 16:22	G4198	πορευσομαι	V-FMI-1S	LXX_WH
Jób 17:1	G3639	ολεκομαι	V-PMI-1S	ABP-potolt
Jób 17:1	G4151	πνευματι	N-DSN	LXX_WH
Jób 17:1	G5342	φερομενος	V-PMPNS	LXX_WH
Jób 17:1	G1210	δεομαι	V-PMI-1S	LXX_WH
Jób 17:1	G1161	δε	PRT	LXX_WH
Jób 17:1	G5027	ταφης	N-GSF	LXX_WH
Jób 17:1	G2532	και	CONJ	LXX_WH
Jób 17:1	G3364	ου	ADV	LXX_WH
Jób 17:1	G5177	τυγχανω	V-PAI-1S	LXX_WH
Jób 17:2	G3045	λισσομαι	V-PMI-1S	ABP-potolt
Jób 17:2	G2577	καμνων	V-PAPNS	LXX_WH
Jób 17:2	G2532	και	CONJ	LXX_WH
Jób 17:2	G5100	τι	I-ASN	LXX_WH
Jób 17:2	G4160	ποιησας	V-AAPNS	LXX_WH
Jób 17:3	G2813	εκλεψαν	V-AAI-3P	LXX_WH
Jób 17:3	G1161	δε	PRT	LXX_WH
Jób 17:3	G1473	μου	P-GS	LXX_WH
Jób 17:3	G3588	τα	T-APN	LXX_WH
Jób 17:3	G5225	υπαρχοντα	V-PAPAP	LXX_WH
Jób 17:3	G0245	αλλοτριοι	A-NPM	LXX_WH
Jób 17:3	G5100	τις	I-NSM	LXX_WH
Jób 17:3	G1510	εστιν	V-PAI-3S	LXX_WH
Jób 17:3	G3778	ουτος	D-NSM	LXX_WH
Jób 17:3	G3588	τη	T-DSF	LXX_WH
Jób 17:3	G5495	χειρι	N-DSF	LXX_WH
Jób 17:3	G1473	μου	P-GS	LXX_WH
Jób 17:3	G4887	συνδεθητω	V-APD-3S	LXX_WH
Jób 17:4	G3754	οτι	CONJ	LXX_WH
Jób 17:4	G2588	καρδιαν	N-ASF	LXX_WH
Jób 17:4	G0846	αυτων	D-GPM	LXX_WH
Jób 17:4	G2928	εκρυψας	V-AAI-2S	LXX_WH
Jób 17:4	G0575	απο	PREP	LXX_WH
Jób 17:4	G5428	φρονησεως	N-GSF	LXX_WH
Jób 17:4	G1223	δια	PREP	LXX_WH
Jób 17:4	G3778	τουτο	D-ASN	LXX_WH
Jób 17:4	G3364	ου	ADV	LXX_WH
Jób 17:4	G3165	μη	ADV	LXX_WH
Jób 17:4	G5312	υψωσης	V-AAS-2S	LXX_WH
Jób 17:4	G0846	αυτους	D-APM	LXX_WH
Jób 17:5	G3588	τη	T-DSF	LXX_WH
Jób 17:5	G3310	μεριδι	N-DSF	LXX_WH
Jób 17:5	G0312	αναγγελει	V-FAI-3S	LXX_WH
Jób 17:5	G2549	κακιας	N-APF	LXX_WH
Jób 17:5	G3788	οφθαλμοι	N-NPM	LXX_WH
Jób 17:5	G1161	δε	PRT	LXX_WH
Jób 17:5	G1473	μου	P-GS	LXX_WH
Jób 17:5	G1909	εφ	PREP	LXX_WH
Jób 17:5	G5207	υιοις	N-DPM	LXX_WH
Jób 17:5	G5080	ετακησαν	V-API-3P	LXX_WH
Jób 17:6	G5087	εθου	V-AMI-2S	LXX_WH
Jób 17:6	G1161	δε	PRT	LXX_WH
Jób 17:6	G1473	με	P-AS	LXX_WH
Jób 17:6	G2362	θρυλημα	N-ASN	ABP-potolt
Jób 17:6	G1722	εν	PREP	LXX_WH
Jób 17:6	G1484	εθνεσιν	N-DPN	LXX_WH
Jób 17:6	G1071	γελως	N-NSM	LXX_WH
Jób 17:6	G1161	δε	PRT	LXX_WH
Jób 17:6	G0846	αυτοις	D-DPM	LXX_WH
Jób 17:6	G0576	απεβην	V-AAI-1S	LXX_WH
Jób 17:7	G4456	πεπωρωνται	V-RPI-3P	LXX_WH
Jób 17:7	G1063	γαρ	PRT	LXX_WH
Jób 17:7	G0575	απο	PREP	LXX_WH
Jób 17:7	G3709	οργης	N-GSF	LXX_WH
Jób 17:7	G3588	οι	T-NPM	LXX_WH
Jób 17:7	G3788	οφθαλμοι	N-NPM	LXX_WH
Jób 17:7	G1473	μου	P-GS	LXX_WH
Jób 17:7		πεπολιορκημαι	V-RPI-1S	ELTERO_SZOVEGALAP
Jób 17:7	G3171	μεγαλως	ADV	LXX_WH
Jób 17:7	G5259	υπο	PREP	LXX_WH
Jób 17:7	G3956	παντων	A-GPM	LXX_WH
Jób 17:8	G2295	θαυμα	N-NSN	LXX_WH
Jób 17:8	G2192	εσχεν	V-AAI-3S	LXX_WH
Jób 17:8	G0228	αληθινους	A-APM	LXX_WH
Jób 17:8	G1909	επι	PREP	LXX_WH
Jób 17:8	G3778	τουτω	D-DSN	LXX_WH
Jób 17:8	G1342	δικαιος	A-NSM	LXX_WH
Jób 17:8	G1161	δε	PRT	LXX_WH
Jób 17:8	G1909	επι	PREP	LXX_WH
Jób 17:8		παρανομω	A-DSM	
Jób 17:8		επανασταιη	V-AAO-3S	
Jób 17:9	G2192	σχοιη	V-AAO-3S	LXX_WH
Jób 17:9	G1161	δε	PRT	LXX_WH
Jób 17:9	G4103	πιστος	A-NSM	LXX_WH
Jób 17:9	G3588	την	T-ASF	LXX_WH
Jób 17:9	G1438	εαυτου	D-GSM	LXX_WH
Jób 17:9	G3598	οδον	N-ASF	LXX_WH
Jób 17:9	G2513	καθαρος	A-NSM	LXX_WH
Jób 17:9	G1161	δε	PRT	LXX_WH
Jób 17:9	G5495	χειρας	N-APF	LXX_WH
Jób 17:9	G0353	αναλαβοι	V-AAO-3S	LXX_WH
Jób 17:9	G2294	θαρσος	N-ASN	LXX_WH
Jób 17:10	G3364	ου	ADV	LXX_WH
Jób 17:10	G3303	μην	PRT	LXX_WH
Jób 17:10	G1161	δε	PRT	LXX_WH
Jób 17:10	G0235	αλλα	CONJ	LXX_WH
Jób 17:10	G3956	παντες	A-NPM	LXX_WH
Jób 17:10	G2043	ερειδετε	V-PAI-2P	LXX_WH
Jób 17:10	G2532	και	CONJ	LXX_WH
Jób 17:10	G1205	δευτε	ADV	LXX_WH
Jób 17:10	G1161	δη	PRT	LXX_WH
Jób 17:10	G3364	ου	ADV	LXX_WH
Jób 17:10	G1063	γαρ	PRT	LXX_WH
Jób 17:10	G2147	ευρισκω	V-PAI-1S	LXX_WH
Jób 17:10	G1722	εν	PREP	LXX_WH
Jób 17:10	G4771	υμιν	P-DP	LXX_WH
Jób 17:10	G0227	αληθες	A-ASN	LXX_WH
Jób 17:11	G3588	αι	T-NPF	LXX_WH
Jób 17:11	G2250	ημεραι	N-NPF	LXX_WH
Jób 17:11	G1473	μου	P-GS	LXX_WH
Jób 17:11	G3928	παρηλθον	V-AAI-3P	LXX_WH
Jób 17:11	G1722	εν	PREP	LXX_WH
Jób 17:11	G1026	βρομω	N-DSM	ABP-potolt
Jób 17:11	G4486	ερραγη	V-API-3S	LXX_WH
Jób 17:11	G1161	δε	PRT	LXX_WH
Jób 17:11	G3588	τα	T-NPN	LXX_WH
Jób 17:11	G0704	αρθρα	N-NPN	ABP-potolt
Jób 17:11	G3588	της	T-GSF	LXX_WH
Jób 17:11	G2588	καρδιας	N-GSF	LXX_WH
Jób 17:11	G1473	μου	P-GS	LXX_WH
Jób 17:12	G3571	νυκτα	N-ASF	LXX_WH
Jób 17:12	G1519	εις	PREP	LXX_WH
Jób 17:12	G2250	ημεραν	N-ASF	LXX_WH
Jób 17:12	G5087	εθηκαν	V-AAI-3P	LXX_WH
Jób 17:12	G5457	φως	N-NSN	LXX_WH
Jób 17:12	G1451	εγγυς	ADV	LXX_WH
Jób 17:12	G0575	απο	PREP	LXX_WH
Jób 17:12	G4383	προσωπου	N-GSN	LXX_WH
Jób 17:12	G4655	σκοτους	N-GSN	LXX_WH
Jób 17:13	G1437	εαν	CONJ	LXX_WH
Jób 17:13	G1063	γαρ	PRT	LXX_WH
Jób 17:13	G5278	υπομεινω	V-AAS-1S	LXX_WH
Jób 17:13	G0086	αδης	N-NSM	LXX_WH
Jób 17:13	G1473	μου	P-GS	LXX_WH
Jób 17:13	G3588	ο	T-NSM	LXX_WH
Jób 17:13	G3624	οικος	N-NSM	LXX_WH
Jób 17:13	G1722	εν	PREP	LXX_WH
Jób 17:13	G1161	δε	PRT	LXX_WH
Jób 17:13	G1105	γνοφω	N-DSM	LXX_WH
Jób 17:13	G4766	εστρωται	V-RPI-3S	ABP-potolt
Jób 17:13	G1473	μου	P-GS	LXX_WH
Jób 17:13	G3588	η	T-NSF	LXX_WH
Jób 17:13	G4765	στρωμνη	N-NSF	ABP-potolt
Jób 17:14	G2288	θανατον	N-ASM	LXX_WH
Jób 17:14	G1941	επεκαλεσαμην	V-AMI-1S	ABP-potolt
Jób 17:14	G3962	πατερα	N-ASM	LXX_WH
Jób 17:14	G1473	μου	P-GS	LXX_WH
Jób 17:14	G1510	ειναι	V-PAN	LXX_WH
Jób 17:14	G3384	μητερα	N-ASF	LXX_WH
Jób 17:14	G1161	δε	PRT	LXX_WH
Jób 17:14	G1473	μου	P-GS	LXX_WH
Jób 17:14	G2532	και	CONJ	LXX_WH
Jób 17:14	G0079	αδελφην	N-ASF	LXX_WH
Jób 17:14	G4549	σαπριαν	N-ASF	ABP-potolt
Jób 17:15	G4225	που	ADV	LXX_WH
Jób 17:15	G3767	ουν	PRT	LXX_WH
Jób 17:15	G1473	μου	P-GS	LXX_WH
Jób 17:15	G2089	ετι	ADV	LXX_WH
Jób 17:15	G1510	εστιν	V-PAI-3S	LXX_WH
Jób 17:15	G3588	η	T-NSF	LXX_WH
Jób 17:15	G1680	ελπις	N-NSF	LXX_WH
Jób 17:15	G2228	η	ADV	LXX_WH
Jób 17:15	G3588	τα	T-APN	LXX_WH
Jób 17:15	G0018	αγαθα	A-APN	LXX_WH
Jób 17:15	G1473	μου	P-GS	LXX_WH
Jób 17:15	G3708	οψομαι	V-FMI-1S	LXX_WH
Jób 17:16	G2228	η	ADV	LXX_WH
Jób 17:16	G3326	μετ	PREP	LXX_WH
Jób 17:16	G1473	εμου	P-GS	LXX_WH
Jób 17:16	G1519	εις	PREP	LXX_WH
Jób 17:16	G0086	αδην	N-ASM	LXX_WH
Jób 17:16	G2597	καταβησονται	V-FMI-3P	LXX_WH
Jób 17:16	G2228	η	CONJ	LXX_WH
Jób 17:16	G3661	ομοθυμαδον	ADV	LXX_WH
Jób 17:16	G1909	επι	PREP	LXX_WH
Jób 17:16	G5560	χωματος	N-GSN	ABP-potolt
Jób 17:16	G2597	καταβησομεθα	V-FMI-1P	LXX_WH
Jób 18:1	G5274	υπολαβων	V-AAPNS	LXX_WH
Jób 18:1	G1161	δε	PRT	LXX_WH
Jób 18:1		βαλδαδ	N-PRI	ELTERO_SZOVEGALAP
Jób 18:1	G3588	ο	T-NSM	LXX_WH
Jób 18:1		σαυχιτης	N-NSM	ELTERO_SZOVEGALAP
Jób 18:1	G3004	λεγει	V-PAI-3S	LXX_WH
Jób 18:2	G3360	μεχρι	PREP	LXX_WH
Jób 18:2	G5100	τινος	I-GSM	LXX_WH
Jób 18:2	G3364	ου	ADV	LXX_WH
Jób 18:2	G3973	παυση	V-FMI-2S	LXX_WH
Jób 18:2	G1907	επισχες	V-AAD-2S	ABP-potolt
Jób 18:2	G2443	ινα	CONJ	LXX_WH
Jób 18:2	G2532	και	ADV	LXX_WH
Jób 18:2	G0846	αυτοι	D-NPM	LXX_WH
Jób 18:2	G2980	λαλησωμεν	V-AAS-1P	LXX_WH
Jób 18:3	G1223	δια	PREP	LXX_WH
Jób 18:3	G5100	τι	I-ASN	LXX_WH
Jób 18:3	G3746	ωσπερ	ADV	LXX_WH
Jób 18:3		τετραποδα	A-NPN	ELTERO_SZOVEGALAP
Jób 18:3	G4623	σεσιωπηκαμεν	V-RAI-1P	LXX_WH
Jób 18:3	G1726	εναντιον	PREP	LXX_WH
Jób 18:3	G4771	σου	P-GS	LXX_WH
Jób 18:4	G5530	κεχρηται	V-RMI-3S	LXX_WH
Jób 18:4	G4771	σοι	P-DS	LXX_WH
Jób 18:4	G3709	οργη	N-NSF	LXX_WH
Jób 18:4	G5100	τι	I-NSN	LXX_WH
Jób 18:4	G1063	γαρ	PRT	LXX_WH
Jób 18:4	G1437	εαν	CONJ	LXX_WH
Jób 18:4	G4771	συ	P-NS	LXX_WH
Jób 18:4	G0599	αποθανης	V-AAS-2S	LXX_WH
Jób 18:4	G0516	αοικητος	A-NSF	ABP-potolt
Jób 18:4	G3588	η	T-NSF	LXX_WH
Jób 18:4	G5259	υπ	PREP	LXX_WH
Jób 18:4	G3772	ουρανον	N-ASM	LXX_WH
Jób 18:4	G2228	η	CONJ	LXX_WH
Jób 18:4	G2690	καταστραφησεται	V-FPI-3S	LXX_WH
Jób 18:4	G3735	ορη	N-NPN	LXX_WH
Jób 18:4	G1537	εκ	PREP	LXX_WH
Jób 18:4	G2310	θεμελιων	N-GPN	ABP-potolt
Jób 18:5	G2532	και	ADV	LXX_WH
Jób 18:5	G5457	φως	N-ASN	LXX_WH
Jób 18:5	G0765	ασεβων	A-GPM	LXX_WH
Jób 18:5	G4570	σβεσθησεται	V-FPI-3S	LXX_WH
Jób 18:5	G2532	και	CONJ	LXX_WH
Jób 18:5	G3364	ουκ	ADV	LXX_WH
Jób 18:5	G0576	αποβησεται	V-FMI-3S	LXX_WH
Jób 18:5	G0846	αυτων	D-GPM	LXX_WH
Jób 18:5	G3588	η	T-NSF	LXX_WH
Jób 18:5	G5395	φλοξ	N-NSF	LXX_WH
Jób 18:6	G3588	το	T-NSN	LXX_WH
Jób 18:6	G5457	φως	N-NSN	LXX_WH
Jób 18:6	G0846	αυτου	D-GSM	LXX_WH
Jób 18:6	G4655	σκοτος	N-NSN	LXX_WH
Jób 18:6	G1722	εν	PREP	LXX_WH
Jób 18:6	G1244	διαιτη	N-DSF	ABP-potolt
Jób 18:6	G3588	ο	T-NSM	LXX_WH
Jób 18:6	G1161	δε	PRT	LXX_WH
Jób 18:6	G3088	λυχνος	N-NSM	LXX_WH
Jób 18:6	G1909	επ	PREP	LXX_WH
Jób 18:6	G0846	αυτω	D-DSM	LXX_WH
Jób 18:6	G4570	σβεσθησεται	V-FPI-3S	LXX_WH
Jób 18:7	G2340	θηρευσαισαν	V-AAO-3P	LXX_WH
Jób 18:7	G1646	ελαχιστοι	A-NPMS	ABP-potolt
Jób 18:7	G3588	τα	T-APN	LXX_WH
Jób 18:7	G5225	υπαρχοντα	V-PAPAP	LXX_WH
Jób 18:7	G0846	αυτου	D-GSM	LXX_WH
Jób 18:7		σφαλαι	V-AAO-3S	ELTERO_SZOVEGALAP
Jób 18:7	G1161	δε	PRT	LXX_WH
Jób 18:7	G0846	αυτου	D-GSM	LXX_WH
Jób 18:7	G3588	η	T-NSF	LXX_WH
Jób 18:7	G1012	βουλη	N-NSF	LXX_WH
Jób 18:8	G1685	εμβεβληται	V-RMI-3S	LXX_WH
Jób 18:8	G1161	δε	PRT	LXX_WH
Jób 18:8	G3588	ο	T-NSM	LXX_WH
Jób 18:8	G4228	πους	N-NSM	LXX_WH
Jób 18:8	G0846	αυτου	D-GSM	LXX_WH
Jób 18:8	G1722	εν	PREP	LXX_WH
Jób 18:8	G3803	παγιδι	N-DSF	LXX_WH
Jób 18:8	G1722	εν	PREP	LXX_WH
Jób 18:8	G1350	δικτυω	N-DSN	LXX_WH
Jób 18:8	G1667	ελιχθειη	V-APO-3S	LXX_WH
Jób 18:9	G2064	ελθοισαν	V-AAO-3P	LXX_WH
Jób 18:9	G1161	δε	PRT	LXX_WH
Jób 18:9	G1909	επ	PREP	LXX_WH
Jób 18:9	G0846	αυτον	D-ASM	LXX_WH
Jób 18:9	G3803	παγιδες	N-NPF	LXX_WH
Jób 18:9	G2729	κατισχυσει	V-FAI-3S	LXX_WH
Jób 18:9	G1909	επ	PREP	LXX_WH
Jób 18:9	G0846	αυτον	D-ASM	LXX_WH
Jób 18:9	G1372	διψωντας	V-PAPAP	LXX_WH
Jób 18:10	G2928	κεκρυπται	V-RMI-3S	LXX_WH
Jób 18:10	G1722	εν	PREP	LXX_WH
Jób 18:10	G3588	τη	T-DSF	LXX_WH
Jób 18:10	G1065	γη	N-DSF	LXX_WH
Jób 18:10	G4979	σχοινιον	N-NSN	LXX_WH
Jób 18:10	G0846	αυτου	D-GSM	LXX_WH
Jób 18:10	G2532	και	CONJ	LXX_WH
Jób 18:10	G3588	η	T-NSF	LXX_WH
Jób 18:10		συλλημψις	N-NSF	ELTERO_SZOVEGALAP
Jób 18:10	G0846	αυτου	D-GSM	LXX_WH
Jób 18:10	G1909	επι	PREP	LXX_WH
Jób 18:10	G5147	τριβων	N-GPM	LXX_WH
Jób 18:11		κυκλω	N-DSM	ELTERO_SZOVEGALAP
Jób 18:11		ολεσαισαν	V-AAO-3P	ELTERO_SZOVEGALAP
Jób 18:11	G0846	αυτον	D-ASM	LXX_WH
Jób 18:11	G3601	οδυναι	N-NPF	LXX_WH
Jób 18:11	G4183	πολλοι	A-NPM	LXX_WH
Jób 18:11	G1161	δε	PRT	LXX_WH
Jób 18:11	G4012	περι	PREP	LXX_WH
Jób 18:11	G4228	ποδας	N-APM	LXX_WH
Jób 18:11	G0846	αυτου	D-GSM	LXX_WH
Jób 18:11	G2064	ελθοισαν	V-AAO-3P	LXX_WH
Jób 18:11	G1722	εν	PREP	LXX_WH
Jób 18:11	G3042	λιμω	N-DSM	LXX_WH
Jób 18:11	G4728	στενω	A-DSM	LXX_WH
Jób 18:12	G4430	πτωμα	N-NSN	LXX_WH
Jób 18:12	G1161	δε	PRT	LXX_WH
Jób 18:12	G0846	αυτω	D-DSM	LXX_WH
Jób 18:12	G2090	ητοιμασται	V-RPI-3S	LXX_WH
Jób 18:12	G1808	εξαισιον	A-NSN	ABP-potolt
Jób 18:13	G0977	βρωθειησαν	V-APO-3P	LXX_WH
Jób 18:13	G0846	αυτου	D-GSM	LXX_WH
Jób 18:13		κλωνες	N-NPM	ELTERO_SZOVEGALAP
Jób 18:13	G4228	ποδων	N-GPM	LXX_WH
Jób 18:13	G2719	κατεδεται	V-FMI-3S	LXX_WH
Jób 18:13	G1161	δε	PRT	LXX_WH
Jób 18:13	G3588	τα	T-APN	LXX_WH
Jób 18:13	G5611	ωραια	A-APN	LXX_WH
Jób 18:13	G0846	αυτου	D-GSM	LXX_WH
Jób 18:13	G2288	θανατος	N-NSM	LXX_WH
Jób 18:14	G1609	εκραγειη	V-APO-3S	ABP-potolt
Jób 18:14	G1161	δε	PRT	LXX_WH
Jób 18:14	G1537	εκ	PREP	LXX_WH
Jób 18:14		διαιτης	N-GSF	ELTERO_SZOVEGALAP
Jób 18:14	G0846	αυτου	D-GSM	LXX_WH
Jób 18:14	G2392	ιασις	N-NSF	LXX_WH
Jób 18:14	G2192	σχοιη	V-AAO-3S	LXX_WH
Jób 18:14	G1161	δε	PRT	LXX_WH
Jób 18:14	G0846	αυτον	D-ASM	LXX_WH
Jób 18:14		αναγκη	N-NSF	ELTERO_SZOVEGALAP
Jób 18:14	G0156	αιτια	N-DSF	LXX_WH
Jób 18:14	G0937	βασιλικη	A-DSF	LXX_WH
Jób 18:15	G2681	κατασκηνωσει	V-FAI-3S	LXX_WH
Jób 18:15	G1722	εν	PREP	LXX_WH
Jób 18:15	G3588	τη	T-DSF	LXX_WH
Jób 18:15	G4633	σκηνη	N-DSF	LXX_WH
Jób 18:15	G0846	αυτου	D-GSM	LXX_WH
Jób 18:15	G1722	εν	PREP	LXX_WH
Jób 18:15	G3571	νυκτι	N-DSF	LXX_WH
Jób 18:15	G0846	αυτου	D-GSM	LXX_WH
Jób 18:15		κατασπαρησονται	V-FPI-3P	ELTERO_SZOVEGALAP
Jób 18:15	G3588	τα	T-NPN	LXX_WH
Jób 18:15		ευπρεπη	A-NPN	ELTERO_SZOVEGALAP
Jób 18:15	G0846	αυτου	D-GSM	LXX_WH
Jób 18:15	G2303	θειω	N-DSN	LXX_WH
Jób 18:16	G5270	υποκατωθεν	ADV	ABP-potolt
Jób 18:16	G3588	αι	T-NPF	LXX_WH
Jób 18:16		ριζαι	N-NPF	ELTERO_SZOVEGALAP
Jób 18:16	G0846	αυτου	D-GSM	LXX_WH
Jób 18:16	G3583	ξηρανθησονται	V-FPI-3P	LXX_WH
Jób 18:16	G2532	και	CONJ	LXX_WH
Jób 18:16	G1883	επανωθεν	ADV	ABP-potolt
Jób 18:16	G1968	επιπεσειται	V-FMI-3S	LXX_WH
Jób 18:16	G2326	θερισμος	N-NSM	LXX_WH
Jób 18:16	G0846	αυτου	D-GSM	LXX_WH
Jób 18:17	G3588	το	T-NSN	LXX_WH
Jób 18:17	G3422	μνημοσυνον	N-NSN	LXX_WH
Jób 18:17	G0846	αυτου	D-GSM	LXX_WH
Jób 18:17		απολοιτο	V-AMO-3S	ELTERO_SZOVEGALAP
Jób 18:17	G1537	εκ	PREP	LXX_WH
Jób 18:17	G1065	γης	N-GSF	LXX_WH
Jób 18:17	G2532	και	CONJ	LXX_WH
Jób 18:17	G5225	υπαρχει	V-PAI-3S	LXX_WH
Jób 18:17	G3686	ονομα	N-NSN	LXX_WH
Jób 18:17	G0846	αυτω	D-DSM	LXX_WH
Jób 18:17	G1909	επι	PREP	LXX_WH
Jób 18:17	G4383	προσωπον	N-ASN	LXX_WH
Jób 18:17	G1857	εξωτερω	ADV	LXX_WH
Jób 18:18		απωσειεν	V-AAO-3S	ELTERO_SZOVEGALAP
Jób 18:18	G0846	αυτον	D-ASM	LXX_WH
Jób 18:18	G1537	εκ	PREP	LXX_WH
Jób 18:18	G5457	φωτος	N-GSN	LXX_WH
Jób 18:18	G1519	εις	PREP	LXX_WH
Jób 18:18	G4655	σκοτος	N-ASN	LXX_WH
Jób 18:19	G3364	ουκ	ADV	LXX_WH
Jób 18:19	G1510	εσται	V-FMI-3S	LXX_WH
Jób 18:19		επιγνωστος	A-NSM	ELTERO_SZOVEGALAP
Jób 18:19	G1722	εν	PREP	LXX_WH
Jób 18:19	G2992	λαω	N-DSM	LXX_WH
Jób 18:19	G0846	αυτου	D-GSM	LXX_WH
Jób 18:19	G3761	ουδε	CONJ	LXX_WH
Jób 18:19	G4982	σεσωσμενος	V-RPPNS	LXX_WH
Jób 18:19	G1722	εν	PREP	LXX_WH
Jób 18:19	G3588	τη	T-DSF	LXX_WH
Jób 18:19	G5259	υπ	PREP	LXX_WH
Jób 18:19	G3772	ουρανον	N-ASM	LXX_WH
Jób 18:19	G3588	ο	T-NSM	LXX_WH
Jób 18:19	G3624	οικος	N-NSM	LXX_WH
Jób 18:19	G0846	αυτου	D-GSM	LXX_WH
Jób 18:19	G0235	αλλ	CONJ	LXX_WH
Jób 18:19	G1722	εν	PREP	LXX_WH
Jób 18:19	G3588	τοις	T-DPN	LXX_WH
Jób 18:19	G0846	αυτου	D-GSM	LXX_WH
Jób 18:19	G2198	ζησονται	V-FMI-3P	LXX_WH
Jób 18:19	G2087	ετεροι	A-NPM	LXX_WH
Jób 18:20	G1909	επ	PREP	LXX_WH
Jób 18:20	G0846	αυτω	D-DSM	LXX_WH
Jób 18:20	G4727	εστεναξαν	V-AAI-3P	LXX_WH
Jób 18:20	G2078	εσχατοι	A-NPM	LXX_WH
Jób 18:20	G4413	πρωτους	A-APMS	LXX_WH
Jób 18:20	G1161	δε	PRT	LXX_WH
Jób 18:20	G2192	εσχεν	V-AAI-3S	LXX_WH
Jób 18:20	G2295	θαυμα	N-NSN	LXX_WH
Jób 18:21	G3778	ουτοι	D-NPM	LXX_WH
Jób 18:21	G1510	εισιν	V-PAI-3P	LXX_WH
Jób 18:21	G3624	οικοι	N-NPM	LXX_WH
Jób 18:21	G0094	αδικων	A-GPM	LXX_WH
Jób 18:21	G3778	ουτος	D-NSM	LXX_WH
Jób 18:21	G1161	δε	PRT	LXX_WH
Jób 18:21	G3588	ο	T-NSM	LXX_WH
Jób 18:21	G5117	τοπος	N-NSM	LXX_WH
Jób 18:21	G3588	των	T-GPM	LXX_WH
Jób 18:21	G3165	μη	ADV	LXX_WH
Jób 18:21		ειδοτων	V-RAPGP	ELTERO_SZOVEGALAP
Jób 18:21	G3588	τον	T-ASM	LXX_WH
Jób 18:21	G2962	κυριον	N-ASM	LXX_WH
Jób 19:1	G5274	υπολαβων	V-AAPNS	LXX_WH
Jób 19:1	G1161	δε	PRT	LXX_WH
Jób 19:1	G2492	ιωβ	N-PRI	LXX_WH
Jób 19:1	G3004	λεγει	V-PAI-3S	LXX_WH
Jób 19:2	G2193	εως	PREP	LXX_WH
Jób 19:2	G5100	τινος	I-GSN	LXX_WH
Jób 19:2		εγκοπον	A-ASF	ELTERO_SZOVEGALAP
Jób 19:2	G4160	ποιησετε	V-FAI-2P	LXX_WH
Jób 19:2	G5590	ψυχην	N-ASF	LXX_WH
Jób 19:2	G1473	μου	P-GS	LXX_WH
Jób 19:2	G2532	και	CONJ	LXX_WH
Jób 19:2	G2507	καθαιρειτε	V-PAI-2P	LXX_WH
Jób 19:2	G1473	με	P-AS	LXX_WH
Jób 19:2	G3056	λογοις	N-DPM	LXX_WH
Jób 19:3	G1097	γνωτε	V-AAD-2P	LXX_WH
Jób 19:3	G3440	μονον	ADV	LXX_WH
Jób 19:3	G3754	οτι	CONJ	LXX_WH
Jób 19:3	G3588	ο	T-NSM	LXX_WH
Jób 19:3	G2962	κυριος	N-NSM	LXX_WH
Jób 19:3	G4160	εποιησε	V-AAI-3S	LXX_WH
Jób 19:3	G1473	με	P-AS	LXX_WH
Jób 19:3	G3778	ουτως	ADV	LXX_WH
Jób 19:3	G2635	καταλαλειτε	V-PAI-2P	LXX_WH
Jób 19:3	G1473	μου	P-GS	LXX_WH
Jób 19:3	G3364	ουκ	ADV	LXX_WH
Jób 19:3	G0153	αισχυνομενοι	V-PMPNP	LXX_WH
Jób 19:3	G1473	με	P-AS	LXX_WH
Jób 19:3	G1945	επικεισθε	V-PMI-2P	LXX_WH
Jób 19:3	G1473	μοι	P-DS	LXX_WH
Jób 19:4	G3483	ναι	PRT	LXX_WH
Jób 19:4	G1161	δη	PRT	LXX_WH
Jób 19:4	G1909	επ	PREP	LXX_WH
Jób 19:4	G0225	αληθειας	N-GSF	LXX_WH
Jób 19:4	G1473	εγω	P-NS	LXX_WH
Jób 19:4	G4105	επλανηθην	V-API-1S	LXX_WH
Jób 19:4	G3844	παρ	PREP	LXX_WH
Jób 19:4	G1473	εμοι	P-DS	LXX_WH
Jób 19:4	G1161	δε	PRT	LXX_WH
Jób 19:4	G0835	αυλιζεται	V-PMI-3S	ABP-potolt
Jób 19:4	G4108	πλανος	A-NSM	LXX_WH
Jób 19:5	G1436	εα	INJ	LXX_WH
Jób 19:5	G1161	δε	PRT	LXX_WH
Jób 19:5	G3754	οτι	CONJ	LXX_WH
Jób 19:5	G1909	επ	PREP	LXX_WH
Jób 19:5	G1473	εμοι	P-DS	LXX_WH
Jób 19:5	G3170	μεγαλυνεσθε	V-PMI-2P	LXX_WH
Jób 19:5		εναλλεσθε	V-PMI-2P	ELTERO_SZOVEGALAP
Jób 19:5	G1161	δε	PRT	LXX_WH
Jób 19:5	G1473	μοι	P-DS	LXX_WH
Jób 19:5	G3681	ονειδει	N-DSN	LXX_WH
Jób 19:6	G1097	γνωτε	V-AAD-2P	LXX_WH
Jób 19:6	G3767	ουν	PRT	LXX_WH
Jób 19:6	G3754	οτι	CONJ	LXX_WH
Jób 19:6	G3588	ο	T-NSM	LXX_WH
Jób 19:6	G2962	κυριος	N-NSM	LXX_WH
Jób 19:6	G1510	εστιν	V-PAI-3S	LXX_WH
Jób 19:6	G3588	ο	T-NSM	LXX_WH
Jób 19:6	G5015	ταραξας	V-AAPNS	LXX_WH
Jób 19:6	G3794	οχυρωμα	N-ASN	LXX_WH
Jób 19:6	G1161	δε	PRT	LXX_WH
Jób 19:6	G0846	αυτου	D-GSM	LXX_WH
Jób 19:6	G1909	επ	PREP	LXX_WH
Jób 19:6	G1473	εμε	P-AS	LXX_WH
Jób 19:6	G5312	υψωσεν	V-AAI-3S	LXX_WH
Jób 19:7	G2400	ιδου	INJ	LXX_WH
Jób 19:7	G1070	γελω	V-PAI-1S	LXX_WH
Jób 19:7	G3681	ονειδει	N-DSN	LXX_WH
Jób 19:7	G2532	και	CONJ	LXX_WH
Jób 19:7	G3364	ου	ADV	LXX_WH
Jób 19:7	G2980	λαλησω	V-FAI-1S	LXX_WH
Jób 19:7	G2896	κεκραξομαι	V-FMI-1S	LXX_WH
Jób 19:7	G2532	και	CONJ	LXX_WH
Jób 19:7	G3759	ουδαμου	ADV	ABP-potolt
Jób 19:7	G2917	κριμα	N-NSN	LXX_WH
Jób 19:8		κυκλω	N-DSM	ELTERO_SZOVEGALAP
Jób 19:8		περιωκοδομημαι	V-RPI-1S	ELTERO_SZOVEGALAP
Jób 19:8	G2532	και	CONJ	LXX_WH
Jób 19:8	G3364	ου	ADV	LXX_WH
Jób 19:8	G3165	μη	ADV	LXX_WH
Jób 19:8	G1224	διαβω	V-AAS-1S	LXX_WH
Jób 19:8	G1909	επι	PREP	LXX_WH
Jób 19:8	G4383	προσωπον	N-ASN	LXX_WH
Jób 19:8	G1473	μου	P-GS	LXX_WH
Jób 19:8	G4655	σκοτος	N-ASN	LXX_WH
Jób 19:8	G5087	εθετο	V-AMI-3S	LXX_WH
Jób 19:9	G3588	την	T-ASF	LXX_WH
Jób 19:9	G1161	δε	PRT	LXX_WH
Jób 19:9	G1391	δοξαν	N-ASF	LXX_WH
Jób 19:9	G0575	απ	PREP	LXX_WH
Jób 19:9	G1473	εμου	P-GS	LXX_WH
Jób 19:9	G1562	εξεδυσεν	V-AAI-3S	LXX_WH
Jób 19:9		αφειλεν	V-AAI-3S	ELTERO_SZOVEGALAP
Jób 19:9	G1161	δε	PRT	LXX_WH
Jób 19:9	G4735	στεφανον	N-ASM	LXX_WH
Jób 19:9	G0575	απο	PREP	LXX_WH
Jób 19:9	G2776	κεφαλης	N-GSF	LXX_WH
Jób 19:9	G1473	μου	P-GS	LXX_WH
Jób 19:10	G1288	διεσπασεν	V-AAI-3S	LXX_WH
Jób 19:10	G1473	με	P-AS	LXX_WH
Jób 19:10		κυκλω	N-DSM	ELTERO_SZOVEGALAP
Jób 19:10	G2532	και	CONJ	LXX_WH
Jób 19:10	G3634	ωχομην	V-IMI-1S	ABP-potolt
Jób 19:10	G1581	εξεκοψεν	V-AAI-3S	LXX_WH
Jób 19:10	G1161	δε	PRT	LXX_WH
Jób 19:10	G3746	ωσπερ	ADV	LXX_WH
Jób 19:10	G1186	δενδρον	N-ASN	LXX_WH
Jób 19:10	G3588	την	T-ASF	LXX_WH
Jób 19:10	G1680	ελπιδα	N-ASF	LXX_WH
Jób 19:10	G1473	μου	P-GS	LXX_WH
Jób 19:11	G1171	δεινως	ADV	LXX_WH
Jób 19:11	G1161	δε	PRT	LXX_WH
Jób 19:11	G1473	μοι	P-DS	LXX_WH
Jób 19:11	G3709	οργη	N-DSF	LXX_WH
Jób 19:11	G5531	εχρησατο	V-AMI-3S	LXX_WH
Jób 19:11	G2233	ηγησατο	V-AMI-3S	LXX_WH
Jób 19:11	G1161	δε	PRT	LXX_WH
Jób 19:11	G1473	με	P-AS	LXX_WH
Jób 19:11	G3746	ωσπερ	ADV	LXX_WH
Jób 19:11	G2190	εχθρον	N-ASM	LXX_WH
Jób 19:12	G3661	ομοθυμαδον	ADV	LXX_WH
Jób 19:12	G1161	δε	PRT	LXX_WH
Jób 19:12	G2064	ηλθον	V-AAI-3P	LXX_WH
Jób 19:12	G3588	τα	T-NPN	LXX_WH
Jób 19:12		πειρατηρια	N-NPN	ELTERO_SZOVEGALAP
Jób 19:12	G0846	αυτου	D-GSM	LXX_WH
Jób 19:12	G1909	επ	PREP	LXX_WH
Jób 19:12	G1473	εμοι	P-DS	LXX_WH
Jób 19:12	G3588	ταις	T-DPF	LXX_WH
Jób 19:12	G3598	οδοις	N-DPF	LXX_WH
Jób 19:12	G1473	μου	P-GS	LXX_WH
Jób 19:12	G2944	εκυκλωσαν	V-AAI-3P	LXX_WH
Jób 19:12	G1473	με	P-AS	LXX_WH
Jób 19:12	G1455	εγκαθετοι	A-NSM	LXX_WH
Jób 19:13	G0575	απ	PREP	LXX_WH
Jób 19:13	G1473	εμου	P-GS	LXX_WH
Jób 19:13	G1161	δε	PRT	LXX_WH
Jób 19:13	G0080	αδελφοι	N-NPM	LXX_WH
Jób 19:13	G1473	μου	P-GS	LXX_WH
Jób 19:13	G0868	απεστησαν	V-AAI-3P	ABP-potolt
Jób 19:13	G1097	εγνωσαν	V-AAI-3P	LXX_WH
Jób 19:13	G0245	αλλοτριους	A-APM	LXX_WH
Jób 19:13	G2228	η	CONJ	LXX_WH
Jób 19:13	G1473	εμε	P-AS	LXX_WH
Jób 19:13	G5384	φιλοι	A-NPM	LXX_WH
Jób 19:13	G1161	δε	PRT	LXX_WH
Jób 19:13	G1473	μου	P-GS	LXX_WH
Jób 19:13	G0415	ανελεημονες	N-NPM	LXX_WH
Jób 19:13	G1096	γεγονασιν	V-RAI-3P	LXX_WH
Jób 19:14	G3364	ου	ADV	LXX_WH
Jób 19:14		προσεποιησαντο	V-AMI-3P	ELTERO_SZOVEGALAP
Jób 19:14	G1473	με	P-AS	LXX_WH
Jób 19:14	G3588	οι	T-NPM	LXX_WH
Jób 19:14	G1451	εγγυτατοι	A-NPMS	LXX_WH
Jób 19:14	G1473	μου	P-GS	LXX_WH
Jób 19:14	G2532	και	CONJ	LXX_WH
Jób 19:14	G3588	οι	T-NPM	LXX_WH
Jób 19:14		ειδοτες	V-RAPNP	
Jób 19:14	G1473	μου	P-GS	LXX_WH
Jób 19:14	G3588	το	T-ASN	LXX_WH
Jób 19:14	G3686	ονομα	N-ASN	LXX_WH
Jób 19:14	G1950	επελαθοντο	V-AMI-3P	ABP-potolt
Jób 19:14	G1473	μου	P-GS	LXX_WH
Jób 19:15	G1069	γειτονες	N-NPM	LXX_WH
Jób 19:15	G3614	οικιας	N-GSF	LXX_WH
Jób 19:15	G2321	θεραπαιναι	N-NPF	ABP-potolt
Jób 19:15	G5037	τε	PRT	LXX_WH
Jób 19:15	G1473	μου	P-GS	LXX_WH
Jób 19:15	G0241	αλλογενης	A-NSM	LXX_WH
Jób 19:15	G1510	ημην	V-IMI-1S	LXX_WH
Jób 19:15	G1726	εναντιον	PREP	LXX_WH
Jób 19:15	G0846	αυτων	D-GPM	LXX_WH
Jób 19:16	G2324	θεραποντα	N-ASM	LXX_WH
Jób 19:16	G1473	μου	P-GS	LXX_WH
Jób 19:16	G2564	εκαλεσα	V-AAI-1S	LXX_WH
Jób 19:16	G2532	και	CONJ	LXX_WH
Jób 19:16	G3364	ουχ	ADV	LXX_WH
Jób 19:16	G5219	υπηκουσεν	V-AAI-3S	LXX_WH
Jób 19:16	G4750	στομα	N-NSN	LXX_WH
Jób 19:16	G1161	δε	PRT	LXX_WH
Jób 19:16	G1473	μου	P-GS	LXX_WH
Jób 19:16	G1189	εδεετο	V-IMI-3S	LXX_WH
Jób 19:17	G2532	και	CONJ	LXX_WH
Jób 19:17	G2427	ικετευον	V-IAI-1S	ABP-potolt
Jób 19:17	G3588	την	T-ASF	LXX_WH
Jób 19:17	G1135	γυναικα	N-ASF	LXX_WH
Jób 19:17	G1473	μου	P-GS	LXX_WH
Jób 19:17		προσεκαλουμην	V-IMI-1S	ELTERO_SZOVEGALAP
Jób 19:17	G1161	δε	PRT	LXX_WH
Jób 19:17		κολακευων	V-PAPNS	ELTERO_SZOVEGALAP
Jób 19:17	G5207	υιους	N-APM	LXX_WH
Jób 19:17		παλλακιδων	N-GPF	ELTERO_SZOVEGALAP
Jób 19:17	G1473	μου	P-GS	LXX_WH
Jób 19:18	G3588	οι	T-NPM	LXX_WH
Jób 19:18	G1161	δε	PRT	LXX_WH
Jób 19:18	G1519	εις	PREP	LXX_WH
Jób 19:18	G3588	τον	T-ASM	LXX_WH
Jób 19:18	G0165	αιωνα	N-ASM	LXX_WH
Jób 19:18	G1473	με	P-AS	LXX_WH
Jób 19:18		απεποιησαντο	V-AMI-3P	ELTERO_SZOVEGALAP
Jób 19:18	G3752	οταν	ADV	LXX_WH
Jób 19:18	G0450	αναστω	V-AAS-1S	LXX_WH
Jób 19:18	G2596	κατ	PREP	LXX_WH
Jób 19:18	G1473	εμου	P-GS	LXX_WH
Jób 19:18	G2980	λαλουσιν	V-PAI-3P	LXX_WH
Jób 19:19	G0948	εβδελυξαντο	V-AMI-3P	LXX_WH
Jób 19:19	G1161	δε	PRT	LXX_WH
Jób 19:19	G1473	με	P-AS	LXX_WH
Jób 19:19	G3588	οι	T-NPM	LXX_WH
Jób 19:19	G1492	ειδοτες	V-RAPNP	ABP-potolt
Jób 19:19	G1473	με	P-AS	LXX_WH
Jób 19:19	G3739	ους	R-APM	LXX_WH
Jób 19:19	G1161	δη	PRT	LXX_WH
Jób 19:19	G0025	ηγαπηκειν	V-YAI-1S	LXX_WH
Jób 19:19	G1881	επανεστησαν	V-AAI-3P	ABP-potolt
Jób 19:19	G1473	μοι	P-DS	LXX_WH
Jób 19:20	G1722	εν	PREP	LXX_WH
Jób 19:20	G1192	δερματι	N-DSN	LXX_WH
Jób 19:20	G1473	μου	P-GS	LXX_WH
Jób 19:20	G4595	εσαπησαν	V-AAI-3P	LXX_WH
Jób 19:20	G3588	αι	T-NPF	LXX_WH
Jób 19:20	G4561	σαρκες	N-NPF	LXX_WH
Jób 19:20	G1473	μου	P-GS	LXX_WH
Jób 19:20	G3588	τα	T-NPN	LXX_WH
Jób 19:20	G1161	δε	PRT	LXX_WH
Jób 19:20	G3747	οστα	N-NPN	LXX_WH
Jób 19:20	G1473	μου	P-GS	LXX_WH
Jób 19:20	G1722	εν	PREP	LXX_WH
Jób 19:20	G3599	οδουσιν	N-DPM	LXX_WH
Jób 19:20	G2192	εχεται	V-PMI-3S	LXX_WH
Jób 19:21	G1653	ελεησατε	V-AAD-2P	LXX_WH
Jób 19:21	G1473	με	P-AS	LXX_WH
Jób 19:21	G1653	ελεησατε	V-AAD-2P	LXX_WH
Jób 19:21	G1473	με	P-AS	LXX_WH
Jób 19:21	G3588	ω	INJ	LXX_WH
Jób 19:21	G5384	φιλοι	A-NPM	LXX_WH
Jób 19:21	G5495	χειρ	N-NSF	LXX_WH
Jób 19:21	G1063	γαρ	PRT	LXX_WH
Jób 19:21	G2962	κυριου	N-GSM	LXX_WH
Jób 19:21	G3588	η	T-NSF	LXX_WH
Jób 19:21	G0680	αψαμενη	V-AMPNS	LXX_WH
Jób 19:21	G1473	μου	P-GS	LXX_WH
Jób 19:21	G1510	εστιν	V-PAI-3S	LXX_WH
Jób 19:22	G1223	δια	PREP	LXX_WH
Jób 19:22	G5100	τι	I-ASN	LXX_WH
Jób 19:22	G1161	δε	PRT	LXX_WH
Jób 19:22	G1473	με	P-AS	LXX_WH
Jób 19:22	G1377	διωκετε	V-PAI-2P	LXX_WH
Jób 19:22	G3746	ωσπερ	ADV	LXX_WH
Jób 19:22	G2532	και	CONJ	LXX_WH
Jób 19:22	G3588	ο	T-NSM	LXX_WH
Jób 19:22	G2962	κυριος	N-NSM	LXX_WH
Jób 19:22	G0575	απο	PREP	LXX_WH
Jób 19:22	G1161	δε	PRT	LXX_WH
Jób 19:22	G4561	σαρκων	N-GPF	LXX_WH
Jób 19:22	G1473	μου	P-GS	LXX_WH
Jób 19:22	G3364	ουκ	ADV	LXX_WH
Jób 19:22		εμπιπλασθε	V-PPI-2P	ELTERO_SZOVEGALAP
Jób 19:23	G5100	τις	I-NSM	LXX_WH
Jób 19:23	G1063	γαρ	PRT	LXX_WH
Jób 19:23	G0302	αν	PRT	LXX_WH
Jób 19:23	G1325	δωη	V-AAO-3S	LXX_WH
Jób 19:23	G1125	γραφηναι	V-APN	LXX_WH
Jób 19:23	G3588	τα	T-NPN	LXX_WH
Jób 19:23	G4487	ρηματα	N-NPN	LXX_WH
Jób 19:23	G1473	μου	P-GS	LXX_WH
Jób 19:23	G5087	τεθηναι	V-APN	LXX_WH
Jób 19:23	G1161	δε	PRT	LXX_WH
Jób 19:23	G0846	αυτα	D-APN	LXX_WH
Jób 19:23	G1722	εν	PREP	LXX_WH
Jób 19:23	G0975	βιβλιω	N-DSN	LXX_WH
Jób 19:23	G1519	εις	PREP	LXX_WH
Jób 19:23	G3588	τον	T-ASM	LXX_WH
Jób 19:23	G0165	αιωνα	N-ASM	LXX_WH
Jób 19:24	G1722	εν	PREP	LXX_WH
Jób 19:24		γραφειω	N-DSN	
Jób 19:24		σιδηρω	A-DSN	
Jób 19:24	G2532	και	CONJ	LXX_WH
Jób 19:24	G3432	μολιβω	N-DSM	ABP-potolt
Jób 19:24	G2228	η	CONJ	LXX_WH
Jób 19:24	G1722	εν	PREP	LXX_WH
Jób 19:24	G4073	πετραις	N-DPF	LXX_WH
Jób 19:24	G1448	εγγλυφηναι	V-APN	ABP-potolt
Jób 19:25		οιδα	V-RAI-1S	ELTERO_SZOVEGALAP
Jób 19:25	G1063	γαρ	PRT	LXX_WH
Jób 19:25	G3754	οτι	CONJ	LXX_WH
Jób 19:25	G0104	αεναος	A-NSM	ABP-potolt
Jób 19:25	G1510	εστιν	V-PAI-3S	LXX_WH
Jób 19:25	G3588	ο	T-NSM	LXX_WH
Jób 19:25	G1590	εκλυειν	V-PAN	LXX_WH
Jób 19:25	G1473	με	P-AS	LXX_WH
Jób 19:25	G3195	μελλων	V-PAPNS	LXX_WH
Jób 19:25	G1909	επι	PREP	LXX_WH
Jób 19:25	G1065	γης	N-GSF	LXX_WH
Jób 19:26	G0450	αναστησαι	V-AAO-3S	LXX_WH
Jób 19:26	G3588	το	T-ASN	LXX_WH
Jób 19:26	G1192	δερμα	N-ASN	LXX_WH
Jób 19:26	G1473	μου	P-GS	LXX_WH
Jób 19:26	G3588	το	T-ASN	LXX_WH
Jób 19:26	G0369	ανατλων	V-AAPAS	ABP-potolt
Jób 19:26	G3778	ταυτα	D-APN	LXX_WH
Jób 19:26	G3844	παρα	PREP	LXX_WH
Jób 19:26	G1063	γαρ	PRT	LXX_WH
Jób 19:26	G2962	κυριου	N-GSM	LXX_WH
Jób 19:26	G3778	ταυτα	D-NPN	LXX_WH
Jób 19:26	G1473	μοι	P-DS	LXX_WH
Jób 19:26	G4931	συνετελεσθη	V-API-3S	LXX_WH
Jób 19:27	G3739	α	R-APN	LXX_WH
Jób 19:27	G1473	εγω	P-NS	LXX_WH
Jób 19:27	G1683	εμαυτω	D-DSM	LXX_WH
Jób 19:27	G4902	συνεπισταμαι	V-PMI-1S	ABP-potolt
Jób 19:27	G3739	α	R-APN	LXX_WH
Jób 19:27	G3588	ο	T-NSM	LXX_WH
Jób 19:27	G3788	οφθαλμος	N-NSM	LXX_WH
Jób 19:27	G1473	μου	P-GS	LXX_WH
Jób 19:27	G3708	εορακεν	V-RAI-3S	LXX_WH
Jób 19:27	G2532	και	CONJ	LXX_WH
Jób 19:27	G3364	ουκ	ADV	LXX_WH
Jób 19:27	G0243	αλλος	D-NSM	LXX_WH
Jób 19:27	G3956	παντα	A-NSN	LXX_WH
Jób 19:27	G1161	δε	PRT	LXX_WH
Jób 19:27	G1473	μοι	P-DS	LXX_WH
Jób 19:27	G4931	συντετελεσται	V-RPI-3S	LXX_WH
Jób 19:27	G1722	εν	PREP	LXX_WH
Jób 19:27	G2859	κολπω	N-DSM	LXX_WH
Jób 19:28	G1487	ει	CONJ	LXX_WH
Jób 19:28	G1161	δε	PRT	LXX_WH
Jób 19:28	G2532	και	CONJ	LXX_WH
Jób 19:28		ερειτε	V-FAI-2P	ELTERO_SZOVEGALAP
Jób 19:28	G5100	τι	I-ASN	LXX_WH
Jób 19:28		ερουμεν	V-FAI-1P	ELTERO_SZOVEGALAP
Jób 19:28	G1725	εναντι	PREP	LXX_WH
Jób 19:28	G0846	αυτου	D-GSM	LXX_WH
Jób 19:28	G2532	και	CONJ	LXX_WH
Jób 19:28	G4491	ριζαν	N-ASF	ABP-potolt
Jób 19:28	G3056	λογου	N-GSM	LXX_WH
Jób 19:28	G2147	ευρησομεν	V-FAI-1P	LXX_WH
Jób 19:28	G1722	εν	PREP	LXX_WH
Jób 19:28	G0846	αυτω	D-DSM	LXX_WH
Jób 19:29	G2125	ευλαβηθητε	V-API-2P	LXX_WH
Jób 19:29	G1161	δη	PRT	LXX_WH
Jób 19:29	G2532	και	ADV	LXX_WH
Jób 19:29	G4771	υμεις	P-NP	LXX_WH
Jób 19:29	G0575	απο	PREP	LXX_WH
Jób 19:29	G1942	επικαλυμματος	N-GSN	ABP-potolt
Jób 19:29	G2372	θυμος	N-NSM	LXX_WH
Jób 19:29	G1063	γαρ	PRT	LXX_WH
Jób 19:29	G1909	επ	PREP	LXX_WH
Jób 19:29	G0459	ανομους	A-APM	LXX_WH
Jób 19:29	G1904	επελευσεται	V-FMI-3S	ABP-potolt
Jób 19:29	G2532	και	CONJ	LXX_WH
Jób 19:29	G5119	τοτε	ADV	LXX_WH
Jób 19:29	G1097	γνωσονται	V-FMI-3P	LXX_WH
Jób 19:29	G4225	που	ADV	LXX_WH
Jób 19:29	G1510	εστιν	V-PAI-3S	LXX_WH
Jób 19:29	G0846	αυτων	D-GPM	LXX_WH
Jób 19:29	G3588	η	T-NSF	LXX_WH
Jób 19:29	G5208	υλη	N-NSF	LXX_WH
Jób 20:1	G5274	υπολαβων	V-AAPNS	LXX_WH
Jób 20:1	G1161	δε	PRT	LXX_WH
Jób 20:1		σωφαρ	N-PRI	ELTERO_SZOVEGALAP
Jób 20:1	G3588	ο	T-NSM	LXX_WH
Jób 20:1		μιναιος	N-NSM	ELTERO_SZOVEGALAP
Jób 20:1	G3004	λεγει	V-PAI-3S	LXX_WH
Jób 20:2	G3364	ουχ	ADV	LXX_WH
Jób 20:2	G3778	ουτως	ADV	LXX_WH
Jób 20:2	G5274	υπελαμβανον	V-IAI-1S	LXX_WH
Jób 20:2		αντερειν	V-FAN	ELTERO_SZOVEGALAP
Jób 20:2	G4771	σε	P-AS	LXX_WH
Jób 20:2	G3778	ταυτα	D-APN	LXX_WH
Jób 20:2	G2532	και	CONJ	LXX_WH
Jób 20:2	G3364	ουχι	ADV	LXX_WH
Jób 20:2	G4920	συνιετε	V-PAI-2P	LXX_WH
Jób 20:2	G3123	μαλλον	ADV	LXX_WH
Jób 20:2	G2228	η	CONJ	LXX_WH
Jób 20:2	G2532	και	ADV	LXX_WH
Jób 20:2	G1473	εγω	P-NS	LXX_WH
Jób 20:3	G3809	παιδειαν	N-ASF	LXX_WH
Jób 20:3	G1791	εντροπης	N-GSF	LXX_WH
Jób 20:3	G1473	μου	P-GS	LXX_WH
Jób 20:3	G0191	ακουσομαι	V-FMI-1S	LXX_WH
Jób 20:3	G2532	και	CONJ	LXX_WH
Jób 20:3	G4151	πνευμα	N-NSN	LXX_WH
Jób 20:3	G1537	εκ	PREP	LXX_WH
Jób 20:3	G3588	της	T-GSF	LXX_WH
Jób 20:3	G4907	συνεσεως	N-GSF	LXX_WH
Jób 20:3	G0611	αποκρινεται	V-PMI-3S	ABP-potolt
Jób 20:3	G1473	μοι	P-DS	LXX_WH
Jób 20:4	G3165	μη	ADV	LXX_WH
Jób 20:4	G3778	ταυτα	D-APN	LXX_WH
Jób 20:4	G1097	εγνως	V-AAI-2S	LXX_WH
Jób 20:4	G0575	απο	PREP	LXX_WH
Jób 20:4	G3588	του	T-GSN	LXX_WH
Jób 20:4	G2089	ετι	ADV	LXX_WH
Jób 20:4	G0575	αφ	PREP	LXX_WH
Jób 20:4	G3739	ου	R-GSM	LXX_WH
Jób 20:4	G5087	ετεθη	V-API-3S	LXX_WH
Jób 20:4	G0444	ανθρωπος	N-NSM	LXX_WH
Jób 20:4	G1909	επι	PREP	LXX_WH
Jób 20:4	G3588	της	T-GSF	LXX_WH
Jób 20:4	G1065	γης	N-GSF	LXX_WH
Jób 20:5	G2167	ευφροσυνη	N-NSF	LXX_WH
Jób 20:5	G1063	γαρ	PRT	LXX_WH
Jób 20:5	G0765	ασεβων	A-GPM	LXX_WH
Jób 20:5	G4430	πτωμα	N-NSN	LXX_WH
Jób 20:5		εξαισιον	A-NSN	ELTERO_SZOVEGALAP
Jób 20:5		χαρμονη	N-NSF	ELTERO_SZOVEGALAP
Jób 20:5	G1161	δε	PRT	LXX_WH
Jób 20:5		παρανομων	A-GPM	ELTERO_SZOVEGALAP
Jób 20:5	G0684	απωλεια	N-NSF	LXX_WH
Jób 20:6	G1437	εαν	CONJ	LXX_WH
Jób 20:6	G0305	αναβη	V-AAS-3S	LXX_WH
Jób 20:6	G1519	εις	PREP	LXX_WH
Jób 20:6	G3772	ουρανον	N-ASM	LXX_WH
Jób 20:6	G0846	αυτου	D-GSM	LXX_WH
Jób 20:6	G3588	τα	T-NPN	LXX_WH
Jób 20:6	G1435	δωρα	N-NPN	LXX_WH
Jób 20:6	G3588	η	T-NSF	LXX_WH
Jób 20:6	G1161	δε	PRT	LXX_WH
Jób 20:6	G2378	θυσια	N-NSF	LXX_WH
Jób 20:6	G0846	αυτου	D-GSM	LXX_WH
Jób 20:6	G3509	νεφων	N-GPN	LXX_WH
Jób 20:6	G0680	αψηται	V-AMS-3S	LXX_WH
Jób 20:7	G3752	οταν	ADV	LXX_WH
Jób 20:7	G1063	γαρ	PRT	LXX_WH
Jób 20:7	G1380	δοκη	V-PAS-3S	LXX_WH
Jób 20:7	G2235	ηδη	ADV	LXX_WH
Jób 20:7	G2688	κατεστηριχθαι	V-RPN	ABP-potolt
Jób 20:7	G5119	τοτε	ADV	LXX_WH
Jób 20:7	G1519	εις	PREP	LXX_WH
Jób 20:7	G5056	τελος	N-ASN	LXX_WH
Jób 20:7	G0622	απολειται	V-FMI-3S	ABP-potolt
Jób 20:7	G3588	οι	T-NPM	LXX_WH
Jób 20:7	G1161	δε	PRT	LXX_WH
Jób 20:7	G3708	ιδοντες	V-AAPNP	LXX_WH
Jób 20:7	G0846	αυτον	D-ASM	LXX_WH
Jób 20:7		ερουσιν	V-FAI-3P	ELTERO_SZOVEGALAP
Jób 20:7	G4225	που	ADV	LXX_WH
Jób 20:7	G1510	εστιν	V-PAI-3S	LXX_WH
Jób 20:8	G3746	ωσπερ	ADV	LXX_WH
Jób 20:8	G1798	ενυπνιον	N-NSN	LXX_WH
Jób 20:8		εκπετασθεν	V-APPNS	ELTERO_SZOVEGALAP
Jób 20:8	G3364	ου	ADV	LXX_WH
Jób 20:8	G3165	μη	ADV	LXX_WH
Jób 20:8	G2147	ευρεθη	V-APS-3S	LXX_WH
Jób 20:8	G4072	επτη	V-AMI-3S	LXX_WH
Jób 20:8	G1161	δε	PRT	LXX_WH
Jób 20:8	G3746	ωσπερ	ADV	LXX_WH
Jób 20:8		φασμα	N-NSN	ELTERO_SZOVEGALAP
Jób 20:8		νυκτερινον	A-NSN	ELTERO_SZOVEGALAP
Jób 20:9	G3788	οφθαλμος	N-NSM	LXX_WH
Jób 20:9	G3849	παρεβλεψεν	V-AAI-3S	ABP-potolt
Jób 20:9	G2532	και	CONJ	LXX_WH
Jób 20:9	G3364	ου	ADV	LXX_WH
Jób 20:9	G4369	προσθησει	V-FAI-3S	LXX_WH
Jób 20:9	G2532	και	CONJ	LXX_WH
Jób 20:9	G3765	ουκετι	ADV	LXX_WH
Jób 20:9		προσνοησει	V-FAI-3S	ELTERO_SZOVEGALAP
Jób 20:9	G0846	αυτον	D-ASM	LXX_WH
Jób 20:9	G3588	ο	T-NSM	LXX_WH
Jób 20:9	G5117	τοπος	N-NSM	LXX_WH
Jób 20:9	G0846	αυτου	D-GSM	LXX_WH
Jób 20:10	G3588	τους	T-APM	LXX_WH
Jób 20:10	G5207	υιους	N-APM	LXX_WH
Jób 20:10	G0846	αυτου	D-GSM	LXX_WH
Jób 20:10		ολεσαισαν	V-AAO-3P	ELTERO_SZOVEGALAP
Jób 20:10		ηττονες	A-NPM	ELTERO_SZOVEGALAP
Jób 20:10	G3588	αι	T-NPF	LXX_WH
Jób 20:10	G1161	δε	PRT	LXX_WH
Jób 20:10	G5495	χειρες	N-NPF	LXX_WH
Jób 20:10	G0846	αυτου	D-GSM	LXX_WH
Jób 20:10		πυρσευσαισαν	V-AAO-3P	ELTERO_SZOVEGALAP
Jób 20:10	G3601	οδυνας	N-APF	LXX_WH
Jób 20:11	G3747	οστα	N-NPN	LXX_WH
Jób 20:11	G0846	αυτου	D-GSM	LXX_WH
Jób 20:11		ενεπλησθησαν	V-API-3P	ELTERO_SZOVEGALAP
Jób 20:11	G3503	νεοτητος	N-GSF	LXX_WH
Jób 20:11	G0846	αυτου	D-GSM	LXX_WH
Jób 20:11	G2532	και	CONJ	LXX_WH
Jób 20:11	G3326	μετ	PREP	LXX_WH
Jób 20:11	G0846	αυτου	D-GSM	LXX_WH
Jób 20:11	G1909	επι	PREP	LXX_WH
Jób 20:11	G5560	χωματος	N-GSN	ABP-potolt
Jób 20:11	G2837	κοιμηθησεται	V-FPI-3S	LXX_WH
Jób 20:12	G1437	εαν	CONJ	LXX_WH
Jób 20:12	G1098	γλυκανθη	V-APS-3S	ABP-potolt
Jób 20:12	G1722	εν	PREP	LXX_WH
Jób 20:12	G4750	στοματι	N-DSN	LXX_WH
Jób 20:12	G0846	αυτου	D-GSM	LXX_WH
Jób 20:12	G2549	κακια	N-NSF	LXX_WH
Jób 20:12	G2928	κρυψει	V-FAI-3S	LXX_WH
Jób 20:12	G0846	αυτην	D-ASF	LXX_WH
Jób 20:12	G5259	υπο	PREP	LXX_WH
Jób 20:12	G3588	την	T-ASF	LXX_WH
Jób 20:12	G1100	γλωσσαν	N-ASF	LXX_WH
Jób 20:12	G0846	αυτου	D-GSM	LXX_WH
Jób 20:13	G3364	ου	ADV	LXX_WH
Jób 20:13	G5339	φεισεται	V-FMI-3S	LXX_WH
Jób 20:13	G0846	αυτης	D-GSF	LXX_WH
Jób 20:13	G2532	και	CONJ	LXX_WH
Jób 20:13	G3364	ουκ	ADV	LXX_WH
Jób 20:13	G1459	εγκαταλειψει	V-FAI-3S	LXX_WH
Jób 20:13	G0846	αυτην	D-ASF	LXX_WH
Jób 20:13	G2532	και	CONJ	LXX_WH
Jób 20:13	G4912	συνεξει	V-FAI-3S	LXX_WH
Jób 20:13	G0846	αυτην	D-ASF	LXX_WH
Jób 20:13	G1722	εν	PREP	LXX_WH
Jób 20:13	G3319	μεσω	A-DSN	LXX_WH
Jób 20:13	G3588	του	T-GSM	LXX_WH
Jób 20:13	G2995	λαρυγγος	N-GSM	LXX_WH
Jób 20:13	G0846	αυτου	D-GSM	LXX_WH
Jób 20:14	G2532	και	CONJ	LXX_WH
Jób 20:14	G3364	ου	ADV	LXX_WH
Jób 20:14	G3165	μη	ADV	LXX_WH
Jób 20:14	G1410	δυνηθη	V-APS-3S	LXX_WH
Jób 20:14	G0997	βοηθησαι	V-AAN	LXX_WH
Jób 20:14	G1438	εαυτω	D-DSM	LXX_WH
Jób 20:14	G5521	χολη	N-NSF	LXX_WH
Jób 20:14	G0785	ασπιδος	N-GSF	LXX_WH
Jób 20:14	G1722	εν	PREP	LXX_WH
Jób 20:14	G1064	γαστρι	N-DSF	LXX_WH
Jób 20:14	G0846	αυτου	D-GSM	LXX_WH
Jób 20:15	G4149	πλουτος	N-NSM	LXX_WH
Jób 20:15	G0094	αδικως	ADV	LXX_WH
Jób 20:15	G4863	συναγομενος	V-PPPNS	LXX_WH
Jób 20:15	G1828	εξεμεσθησεται	V-FPI-3S	ABP-potolt
Jób 20:15	G1537	εξ	PREP	LXX_WH
Jób 20:15	G3614	οικιας	N-GSF	LXX_WH
Jób 20:15	G0846	αυτου	D-GSM	LXX_WH
Jób 20:15	G1828	εξελκυσει	V-FAI-3S	LXX_WH
Jób 20:15	G0846	αυτον	D-ASM	LXX_WH
Jób 20:15	G0032	αγγελος	N-NSM	LXX_WH
Jób 20:16	G2372	θυμον	N-ASM	LXX_WH
Jób 20:16	G1161	δε	PRT	LXX_WH
Jób 20:16	G1404	δρακοντων	N-GPM	LXX_WH
Jób 20:16	G2337	θηλασειεν	V-AAO-3S	LXX_WH
Jób 20:16	G0337	ανελοι	V-AAO-3S	LXX_WH
Jób 20:16	G1161	δε	PRT	LXX_WH
Jób 20:16	G0846	αυτον	D-ASM	LXX_WH
Jób 20:16	G1100	γλωσσα	N-NSF	LXX_WH
Jób 20:16	G3789	οφεως	N-GSM	LXX_WH
Jób 20:17	G3165	μη	ADV	LXX_WH
Jób 20:17	G3708	ιδοι	V-AAO-3S	LXX_WH
Jób 20:17		αμελξιν	N-ASF	ELTERO_SZOVEGALAP
Jób 20:17		νομαδων	N-GPF	ELTERO_SZOVEGALAP
Jób 20:17	G3366	μηδε	CONJ	LXX_WH
Jób 20:17	G3542	νομας	N-APF	LXX_WH
Jób 20:17	G3192	μελιτος	N-GSN	LXX_WH
Jób 20:17	G2532	και	CONJ	LXX_WH
Jób 20:17	G1016	βουτυρου	N-GSN	ABP-potolt
Jób 20:18	G1519	εις	PREP	LXX_WH
Jób 20:18	G2756	κενα	A-APN	LXX_WH
Jób 20:18	G2532	και	CONJ	LXX_WH
Jób 20:18	G3152	ματαια	A-APN	LXX_WH
Jób 20:18	G2872	εκοπιασεν	V-AAI-3S	LXX_WH
Jób 20:18	G4149	πλουτον	N-ASM	LXX_WH
Jób 20:18	G1537	εξ	PREP	LXX_WH
Jób 20:18	G3739	ου	R-GSM	LXX_WH
Jób 20:18	G3364	ου	ADV	LXX_WH
Jób 20:18		γευσεται	V-FMI-3S	ELTERO_SZOVEGALAP
Jób 20:18	G3746	ωσπερ	ADV	LXX_WH
Jób 20:18		στριφνος	N-NSM	ELTERO_SZOVEGALAP
Jób 20:18		αμασητος	A-NSM	ELTERO_SZOVEGALAP
Jób 20:18		ακαταποτος	A-NSM	ELTERO_SZOVEGALAP
Jób 20:19	G4183	πολλων	A-GPM	LXX_WH
Jób 20:19	G1063	γαρ	PRT	LXX_WH
Jób 20:19	G0102	αδυνατων	A-GPM	LXX_WH
Jób 20:19	G3624	οικους	N-APM	LXX_WH
Jób 20:19		εθλασεν	V-AAI-3S	ELTERO_SZOVEGALAP
Jób 20:19		διαιταν	N-ASF	ELTERO_SZOVEGALAP
Jób 20:19	G1161	δε	PRT	LXX_WH
Jób 20:19	G0726	ηρπασεν	V-AAI-3S	LXX_WH
Jób 20:19	G2532	και	CONJ	LXX_WH
Jób 20:19	G3364	ουκ	ADV	LXX_WH
Jób 20:19	G2476	εστησεν	V-AAI-3S	LXX_WH
Jób 20:20	G3364	ουκ	ADV	LXX_WH
Jób 20:20	G1510	εστιν	V-PAI-3S	LXX_WH
Jób 20:20	G0846	αυτου	D-GSM	LXX_WH
Jób 20:20	G4991	σωτηρια	N-NSF	LXX_WH
Jób 20:20	G3588	τοις	T-DPN	LXX_WH
Jób 20:20	G5225	υπαρχουσιν	V-PAPDP	LXX_WH
Jób 20:20	G1722	εν	PREP	LXX_WH
Jób 20:20	G1939	επιθυμια	N-DSF	LXX_WH
Jób 20:20	G0846	αυτου	D-GSM	LXX_WH
Jób 20:20	G3364	ου	ADV	LXX_WH
Jób 20:20	G4982	σωθησεται	V-FPI-3S	LXX_WH
Jób 20:21	G3364	ουκ	ADV	LXX_WH
Jób 20:21	G1510	εστιν	V-PAI-3S	LXX_WH
Jób 20:21		υπολειμμα	N-NSN	ELTERO_SZOVEGALAP
Jób 20:21	G3588	τοις	T-DPN	LXX_WH
Jób 20:21	G1033	βρωμασιν	N-DPN	LXX_WH
Jób 20:21	G0846	αυτου	D-GSM	LXX_WH
Jób 20:21	G1223	δια	PREP	LXX_WH
Jób 20:21	G3778	τουτο	D-ASN	LXX_WH
Jób 20:21	G3364	ουκ	ADV	LXX_WH
Jób 20:21		ανθησει	V-FAI-3S	ELTERO_SZOVEGALAP
Jób 20:21	G0846	αυτου	D-GSM	LXX_WH
Jób 20:21	G3588	τα	T-NPN	LXX_WH
Jób 20:21	G0018	αγαθα	A-NPN	LXX_WH
Jób 20:22	G3752	οταν	ADV	LXX_WH
Jób 20:22	G1161	δε	PRT	LXX_WH
Jób 20:22	G1380	δοκη	V-PAS-3S	LXX_WH
Jób 20:22	G2235	ηδη	ADV	LXX_WH
Jób 20:22	G4137	πεπληρωσθαι	V-RPN	LXX_WH
Jób 20:22	G2346	θλιβησεται	V-FPI-3S	LXX_WH
Jób 20:22	G3956	πασα	A-NSF	LXX_WH
Jób 20:22	G1161	δε	PRT	LXX_WH
Jób 20:22		αναγκη	N-NSF	ELTERO_SZOVEGALAP
Jób 20:22	G1909	επ	PREP	LXX_WH
Jób 20:22	G0846	αυτον	D-ASM	LXX_WH
Jób 20:22		επελευσεται	V-FMI-3S	ELTERO_SZOVEGALAP
Jób 20:23	G1487	ει	CONJ	LXX_WH
Jób 20:23	G4459	πως	ADV	LXX_WH
Jób 20:23	G4137	πληρωσαι	V-AAN	LXX_WH
Jób 20:23	G1064	γαστερα	N-ASF	LXX_WH
Jób 20:23	G0846	αυτου	D-GSM	LXX_WH
Jób 20:23		επαποστειλαι	V-AAN	ELTERO_SZOVEGALAP
Jób 20:23	G1909	επ	PREP	LXX_WH
Jób 20:23	G0846	αυτον	D-ASM	LXX_WH
Jób 20:23	G2372	θυμον	N-ASM	LXX_WH
Jób 20:23	G3709	οργης	N-GSF	LXX_WH
Jób 20:23	G3538	νιψαι	V-AAO-3S	LXX_WH
Jób 20:23	G1909	επ	PREP	LXX_WH
Jób 20:23	G0846	αυτον	D-ASM	LXX_WH
Jób 20:23	G3601	οδυνας	N-APF	LXX_WH
Jób 20:24	G2532	και	CONJ	LXX_WH
Jób 20:24	G3364	ου	ADV	LXX_WH
Jób 20:24	G3165	μη	ADV	LXX_WH
Jób 20:24	G4982	σωθη	V-APS-3S	LXX_WH
Jób 20:24	G1537	εκ	PREP	LXX_WH
Jób 20:24	G5495	χειρος	N-GSF	LXX_WH
Jób 20:24	G4604	σιδηρου	N-GSM	LXX_WH
Jób 20:24		τρωσαι	V-AAO-3S	ELTERO_SZOVEGALAP
Jób 20:24	G0846	αυτον	D-ASM	LXX_WH
Jób 20:24	G5115	τοξον	N-NSN	LXX_WH
Jób 20:24	G5469	χαλκειον	N-NSN	ABP-potolt
Jób 20:25	G1326	διεξελθοι	V-AAO-3S	ABP-potolt
Jób 20:25	G1161	δε	PRT	LXX_WH
Jób 20:25	G1223	δια	PREP	LXX_WH
Jób 20:25	G4983	σωματος	N-GSN	LXX_WH
Jób 20:25	G0846	αυτου	D-GSM	LXX_WH
Jób 20:25	G0956	βελος	N-ASN	LXX_WH
Jób 20:25	G0796	αστραπαι	N-NPF	LXX_WH
Jób 20:25	G1161	δε	PRT	LXX_WH
Jób 20:25	G1722	εν	PREP	LXX_WH
Jób 20:25		διαιταις	N-DPF	ELTERO_SZOVEGALAP
Jób 20:25	G0846	αυτου	D-GSM	LXX_WH
Jób 20:25	G4043	περιπατησαισαν	V-AAO-3P	LXX_WH
Jób 20:25	G1909	επ	PREP	LXX_WH
Jób 20:25	G0846	αυτω	D-DSM	LXX_WH
Jób 20:25	G5401	φοβοι	N-NPM	LXX_WH
Jób 20:26	G3956	παν	A-NSN	LXX_WH
Jób 20:26	G1161	δε	PRT	LXX_WH
Jób 20:26	G4655	σκοτος	N-NSN	LXX_WH
Jób 20:26	G0846	αυτω	D-DSM	LXX_WH
Jób 20:26	G5278	υπομειναι	V-AAO-3S	LXX_WH
Jób 20:26	G2719	κατεδεται	V-FMI-3S	LXX_WH
Jób 20:26	G0846	αυτον	D-ASM	LXX_WH
Jób 20:26	G4442	πυρ	N-NSN	LXX_WH
Jób 20:26	G0183	ακαυστον	A-NSN	ABP-potolt
Jób 20:26	G2559	κακωσαι	V-AAO-3S	LXX_WH
Jób 20:26	G1161	δε	PRT	LXX_WH
Jób 20:26	G0846	αυτου	D-GSM	LXX_WH
Jób 20:26		επηλυτος	N-NSM	ELTERO_SZOVEGALAP
Jób 20:26	G3588	τον	T-ASM	LXX_WH
Jób 20:26	G3624	οικον	N-ASM	LXX_WH
Jób 20:27	G0343	ανακαλυψαι	V-AAO-3S	LXX_WH
Jób 20:27	G1161	δε	PRT	LXX_WH
Jób 20:27	G0846	αυτου	D-GSM	LXX_WH
Jób 20:27	G3588	ο	T-NSM	LXX_WH
Jób 20:27	G3772	ουρανος	N-NSM	LXX_WH
Jób 20:27	G3588	τας	T-APF	LXX_WH
Jób 20:27	G0458	ανομιας	N-APF	LXX_WH
Jób 20:27	G1065	γη	N-NSF	LXX_WH
Jób 20:27	G1161	δε	PRT	LXX_WH
Jób 20:27		επανασταιη	V-AAO-3S	ELTERO_SZOVEGALAP
Jób 20:27	G0846	αυτω	D-DSM	LXX_WH
Jób 20:28	G1670	ελκυσαι	V-AAO-3S	ABP-potolt
Jób 20:28	G3588	τον	T-ASM	LXX_WH
Jób 20:28	G3624	οικον	N-ASM	LXX_WH
Jób 20:28	G0846	αυτου	D-GSM	LXX_WH
Jób 20:28	G0684	απωλεια	N-NSF	LXX_WH
Jób 20:28	G1519	εις	PREP	LXX_WH
Jób 20:28	G5056	τελος	N-ASN	LXX_WH
Jób 20:28	G2250	ημερα	N-NSF	LXX_WH
Jób 20:28	G3709	οργης	N-GSF	LXX_WH
Jób 20:28		επελθοι	V-AAO-3S	ELTERO_SZOVEGALAP
Jób 20:28	G0846	αυτω	D-DSM	LXX_WH
Jób 20:29	G3778	αυτη	D-NSF	LXX_WH
Jób 20:29	G3588	η	T-NSF	LXX_WH
Jób 20:29	G3310	μερις	N-NSF	LXX_WH
Jób 20:29	G0444	ανθρωπου	N-GSM	LXX_WH
Jób 20:29	G0765	ασεβους	A-GSM	LXX_WH
Jób 20:29	G3844	παρα	PREP	LXX_WH
Jób 20:29	G2962	κυριου	N-GSM	LXX_WH
Jób 20:29	G2532	και	CONJ	LXX_WH
Jób 20:29	G2933	κτημα	N-NSN	LXX_WH
Jób 20:29	G5225	υπαρχοντων	V-PAPGP	LXX_WH
Jób 20:29	G0846	αυτω	D-DSM	LXX_WH
Jób 20:29	G3844	παρα	PREP	LXX_WH
Jób 20:29	G3588	του	T-GSM	LXX_WH
Jób 20:29	G1985	επισκοπου	N-GSM	LXX_WH
Jób 21:1	G5274	υπολαβων	V-AAPNS	LXX_WH
Jób 21:1	G1161	δε	PRT	LXX_WH
Jób 21:1	G2492	ιωβ	N-PRI	LXX_WH
Jób 21:1	G3004	λεγει	V-PAI-3S	LXX_WH
Jób 21:2	G0191	ακουσατε	V-AAD-2P	LXX_WH
Jób 21:2	G0191	ακουσατε	V-AAD-2P	LXX_WH
Jób 21:2	G1473	μου	P-GS	LXX_WH
Jób 21:2	G3588	των	T-GPM	LXX_WH
Jób 21:2	G3056	λογων	N-GPM	LXX_WH
Jób 21:2	G2443	ινα	CONJ	LXX_WH
Jób 21:2	G3165	μη	ADV	LXX_WH
Jób 21:2	G1510	η	V-PAS-3S	LXX_WH
Jób 21:2	G1473	μοι	P-DS	LXX_WH
Jób 21:2	G3844	παρ	PREP	LXX_WH
Jób 21:2	G4771	υμων	P-GP	LXX_WH
Jób 21:2	G3778	αυτη	D-NSF	LXX_WH
Jób 21:2	G3588	η	T-NSF	LXX_WH
Jób 21:2	G3874	παρακλησις	N-NSF	LXX_WH
Jób 21:3	G0142	αρατε	V-AAD-2P	LXX_WH
Jób 21:3	G1473	με	P-AS	LXX_WH
Jób 21:3	G1473	εγω	P-NS	LXX_WH
Jób 21:3	G1161	δε	PRT	LXX_WH
Jób 21:3	G2980	λαλησω	V-FAI-1S	LXX_WH
Jób 21:3	G1534	ειτ	ADV	LXX_WH
Jób 21:3	G3364	ου	ADV	LXX_WH
Jób 21:3	G2606	καταγελασετε	V-FAI-2P	LXX_WH
Jób 21:3	G1473	μου	P-GS	LXX_WH
Jób 21:4	G5100	τι	I-ASN	LXX_WH
Jób 21:4	G1063	γαρ	PRT	LXX_WH
Jób 21:4	G3165	μη	ADV	LXX_WH
Jób 21:4	G0444	ανθρωπου	N-GSM	LXX_WH
Jób 21:4	G1473	μου	P-GS	LXX_WH
Jób 21:4	G3588	η	T-NSF	LXX_WH
Jób 21:4	G1649	ελεγξις	N-NSF	LXX_WH
Jób 21:4	G2228	η	CONJ	LXX_WH
Jób 21:4	G1223	δια	PREP	LXX_WH
Jób 21:4	G5100	τι	I-ASN	LXX_WH
Jób 21:4	G3364	ου	ADV	LXX_WH
Jób 21:4	G2373	θυμωθησομαι	V-FPI-1S	LXX_WH
Jób 21:5	G1522	εισβλεψαντες	V-AAPNP	ABP-potolt
Jób 21:5	G1519	εις	PREP	LXX_WH
Jób 21:5	G1473	εμε	P-AS	LXX_WH
Jób 21:5	G2296	θαυμασατε	V-AAD-2P	LXX_WH
Jób 21:5	G5495	χειρα	N-ASF	LXX_WH
Jób 21:5	G5087	θεντες	V-AAPNP	LXX_WH
Jób 21:5	G1909	επι	PREP	LXX_WH
Jób 21:5	G4600	σιαγονι	N-DSF	LXX_WH
Jób 21:6	G1437	εαν	CONJ	LXX_WH
Jób 21:6	G5037	τε	PRT	LXX_WH
Jób 21:6	G1063	γαρ	PRT	LXX_WH
Jób 21:6	G3403	μνησθω	V-APS-1S	LXX_WH
Jób 21:6	G4704	εσπουδακα	V-RAI-1S	LXX_WH
Jób 21:6	G2192	εχουσιν	V-PAI-3P	LXX_WH
Jób 21:6	G1161	δε	PRT	LXX_WH
Jób 21:6	G1473	μου	P-GS	LXX_WH
Jób 21:6	G3588	τας	T-APF	LXX_WH
Jób 21:6	G4561	σαρκας	N-APF	LXX_WH
Jób 21:6	G3601	οδυναι	N-NPF	LXX_WH
Jób 21:7	G1223	δια	PREP	LXX_WH
Jób 21:7	G5100	τι	I-ASN	LXX_WH
Jób 21:7	G0765	ασεβεις	A-NPM	LXX_WH
Jób 21:7	G2198	ζωσιν	V-PAI-3P	LXX_WH
Jób 21:7	G3822	πεπαλαιωνται	V-RMI-3P	LXX_WH
Jób 21:7	G1161	δε	PRT	LXX_WH
Jób 21:7	G2532	και	CONJ	LXX_WH
Jób 21:7	G1722	εν	PREP	LXX_WH
Jób 21:7	G4149	πλουτω	N-DSM	LXX_WH
Jób 21:8	G3588	ο	T-NSM	LXX_WH
Jób 21:8	G4703	σπορος	N-NSM	LXX_WH
Jób 21:8	G0846	αυτων	D-GPM	LXX_WH
Jób 21:8	G2596	κατα	PREP	LXX_WH
Jób 21:8	G5590	ψυχην	N-ASF	LXX_WH
Jób 21:8	G3588	τα	T-NPN	LXX_WH
Jób 21:8	G1161	δε	PRT	LXX_WH
Jób 21:8	G5043	τεκνα	N-NPN	LXX_WH
Jób 21:8	G0846	αυτων	D-GPM	LXX_WH
Jób 21:8	G1722	εν	PREP	LXX_WH
Jób 21:8	G3788	οφθαλμοις	N-DPM	LXX_WH
Jób 21:9	G3588	οι	T-NPM	LXX_WH
Jób 21:9	G3624	οικοι	N-NPM	LXX_WH
Jób 21:9	G0846	αυτων	D-GPM	LXX_WH
Jób 21:9		ευθηνουσιν	V-PAI-3P	ELTERO_SZOVEGALAP
Jób 21:9	G5401	φοβος	N-NSM	LXX_WH
Jób 21:9	G1161	δε	PRT	LXX_WH
Jób 21:9		ουδαμου	ADV	ELTERO_SZOVEGALAP
Jób 21:9	G3148	μαστιξ	N-NSF	LXX_WH
Jób 21:9	G1161	δε	PRT	LXX_WH
Jób 21:9	G3844	παρα	PREP	LXX_WH
Jób 21:9	G2962	κυριου	N-GSM	LXX_WH
Jób 21:9	G3364	ουκ	ADV	LXX_WH
Jób 21:9	G1510	εστιν	V-PAI-3S	LXX_WH
Jób 21:9	G1909	επ	PREP	LXX_WH
Jób 21:9	G0846	αυτοις	D-DPM	LXX_WH
Jób 21:10	G3588	η	T-NSF	LXX_WH
Jób 21:10	G1016	βους	N-NSF	LXX_WH
Jób 21:10	G0846	αυτων	D-GPM	LXX_WH
Jób 21:10	G3364	ουκ	ADV	LXX_WH
Jób 21:10		ωμοτοκησεν	V-AAI-3S	ELTERO_SZOVEGALAP
Jób 21:10	G1295	διεσωθη	V-API-3S	LXX_WH
Jób 21:10	G1161	δε	PRT	LXX_WH
Jób 21:10	G0846	αυτων	D-GPM	LXX_WH
Jób 21:10	G1722	εν	PREP	LXX_WH
Jób 21:10	G1064	γαστρι	N-DSF	LXX_WH
Jób 21:10	G2192	εχουσα	V-PAPNS	LXX_WH
Jób 21:10	G2532	και	CONJ	LXX_WH
Jób 21:10	G3364	ουκ	ADV	LXX_WH
Jób 21:10		εσφαλεν	V-AAI-3S	ELTERO_SZOVEGALAP
Jób 21:11	G3306	μενουσιν	V-PAI-3P	LXX_WH
Jób 21:11	G1161	δε	PRT	LXX_WH
Jób 21:11	G3739	ως	CONJ	LXX_WH
Jób 21:11	G4263	προβατα	N-APN	LXX_WH
Jób 21:11	G0166	αιωνια	A-APN	LXX_WH
Jób 21:11	G3588	τα	T-APN	LXX_WH
Jób 21:11	G1161	δε	PRT	LXX_WH
Jób 21:11	G3813	παιδια	N-APN	LXX_WH
Jób 21:11	G0846	αυτων	D-GPM	LXX_WH
Jób 21:11		προσπαιζουσιν	V-PAI-3P	ELTERO_SZOVEGALAP
Jób 21:12	G0353	αναλαβοντες	V-AAPNP	LXX_WH
Jób 21:12	G5568	ψαλτηριον	N-ASN	ABP-potolt
Jób 21:12	G2532	και	CONJ	LXX_WH
Jób 21:12	G2788	κιθαραν	N-ASF	LXX_WH
Jób 21:12	G2532	και	CONJ	LXX_WH
Jób 21:12	G2165	ευφραινονται	V-PPI-3P	LXX_WH
Jób 21:12	G5456	φωνη	N-DSF	LXX_WH
Jób 21:12	G5568	ψαλμου	N-GSM	LXX_WH
Jób 21:13	G4931	συνετελεσαν	V-AAI-3P	LXX_WH
Jób 21:13	G1161	δε	PRT	LXX_WH
Jób 21:13	G1722	εν	PREP	LXX_WH
Jób 21:13	G0018	αγαθοις	A-DPM	LXX_WH
Jób 21:13	G3588	τον	T-ASM	LXX_WH
Jób 21:13	G0979	βιον	N-ASM	LXX_WH
Jób 21:13	G0846	αυτων	D-GPM	LXX_WH
Jób 21:13	G1722	εν	PREP	LXX_WH
Jób 21:13	G1161	δε	PRT	LXX_WH
Jób 21:13	G0372	αναπαυσει	N-DSF	LXX_WH
Jób 21:13	G0086	αδου	N-GSM	LXX_WH
Jób 21:13	G2837	εκοιμηθησαν	V-API-3P	LXX_WH
Jób 21:14	G3004	λεγει	V-PAI-3S	LXX_WH
Jób 21:14	G1161	δε	PRT	LXX_WH
Jób 21:14	G2962	κυριω	N-DSM	LXX_WH
Jób 21:14	G0868	αποστα	V-AAD-2S	ABP-potolt
Jób 21:14	G0575	απ	PREP	LXX_WH
Jób 21:14	G1473	εμου	P-GS	LXX_WH
Jób 21:14	G3598	οδους	N-APF	LXX_WH
Jób 21:14	G4771	σου	P-GS	LXX_WH
Jób 21:14		ειδεναι	V-RAN	ELTERO_SZOVEGALAP
Jób 21:14	G3364	ου	ADV	LXX_WH
Jób 21:14	G1014	βουλομαι	V-PMI-1S	LXX_WH
Jób 21:15	G5100	τι	I-NSN	LXX_WH
Jób 21:15	G2425	ικανος	A-NSM	LXX_WH
Jób 21:15	G3754	οτι	CONJ	LXX_WH
Jób 21:15	G1398	δουλευσομεν	V-FAI-1P	LXX_WH
Jób 21:15	G0846	αυτω	D-DSM	LXX_WH
Jób 21:15	G2532	και	CONJ	LXX_WH
Jób 21:15	G5100	τις	I-NSN	LXX_WH
Jób 21:15	G5622	ωφελεια	N-NSF	LXX_WH
Jób 21:15	G3754	οτι	CONJ	LXX_WH
Jób 21:15	G0528	απαντησομεν	V-FAI-1P	LXX_WH
Jób 21:15	G0846	αυτω	D-DSM	LXX_WH
Jób 21:16	G1722	εν	PREP	LXX_WH
Jób 21:16	G5495	χερσιν	N-DPF	LXX_WH
Jób 21:16	G1063	γαρ	PRT	LXX_WH
Jób 21:16	G1510	ην	V-IAI-3S	LXX_WH
Jób 21:16	G0846	αυτων	D-GPM	LXX_WH
Jób 21:16	G3588	τα	T-NPN	LXX_WH
Jób 21:16	G0018	αγαθα	A-NPN	LXX_WH
Jób 21:16	G2041	εργα	N-NPN	LXX_WH
Jób 21:16	G1161	δε	PRT	LXX_WH
Jób 21:16	G0765	ασεβων	A-GPM	LXX_WH
Jób 21:16	G3364	ουκ	ADV	LXX_WH
Jób 21:16		εφορα	V-PAI-3S	ELTERO_SZOVEGALAP
Jób 21:17	G3364	ου	ADV	LXX_WH
Jób 21:17	G3303	μην	PRT	LXX_WH
Jób 21:17	G1161	δε	PRT	LXX_WH
Jób 21:17	G0235	αλλα	CONJ	LXX_WH
Jób 21:17	G2532	και	CONJ	LXX_WH
Jób 21:17	G0765	ασεβων	A-GPM	LXX_WH
Jób 21:17	G3088	λυχνος	N-NSM	LXX_WH
Jób 21:17	G4570	σβεσθησεται	V-FPI-3S	LXX_WH
Jób 21:17		επελευσεται	V-FMI-3S	ELTERO_SZOVEGALAP
Jób 21:17	G1161	δε	PRT	LXX_WH
Jób 21:17	G0846	αυτοις	D-DPM	LXX_WH
Jób 21:17	G3588	η	T-NSF	LXX_WH
Jób 21:17	G2692	καταστροφη	N-NSF	LXX_WH
Jób 21:17	G5604	ωδινες	N-NPF	LXX_WH
Jób 21:17	G1161	δε	PRT	LXX_WH
Jób 21:17	G0846	αυτους	D-APM	LXX_WH
Jób 21:17	G2192	εξουσιν	V-FAI-3P	LXX_WH
Jób 21:17	G0575	απο	PREP	LXX_WH
Jób 21:17	G3709	οργης	N-GSF	LXX_WH
Jób 21:18	G1510	εσονται	V-FMI-3P	LXX_WH
Jób 21:18	G1161	δε	PRT	LXX_WH
Jób 21:18	G3746	ωσπερ	ADV	LXX_WH
Jób 21:18	G0892	αχυρα	N-APN	LXX_WH
Jób 21:18	G4253	προ	PREP	LXX_WH
Jób 21:18	G0417	ανεμου	N-GSM	LXX_WH
Jób 21:18	G2228	η	CONJ	LXX_WH
Jób 21:18	G3746	ωσπερ	ADV	LXX_WH
Jób 21:18	G2868	κονιορτος	N-NSM	LXX_WH
Jób 21:18	G3739	ον	R-ASM	LXX_WH
Jób 21:18	G5306	υφειλατο	V-AMI-3S	ABP-potolt
Jób 21:18	G2978	λαιλαψ	N-NSF	LXX_WH
Jób 21:19	G1587	εκλιποι	V-AAO-3S	LXX_WH
Jób 21:19	G5207	υιους	N-APM	LXX_WH
Jób 21:19	G3588	τα	T-NPN	LXX_WH
Jób 21:19	G5225	υπαρχοντα	V-PAPNP	LXX_WH
Jób 21:19	G0846	αυτου	D-GSM	LXX_WH
Jób 21:19	G0467	ανταποδωσει	V-FAI-3S	LXX_WH
Jób 21:19	G4314	προς	PREP	LXX_WH
Jób 21:19	G0846	αυτον	D-ASM	LXX_WH
Jób 21:19	G2532	και	CONJ	LXX_WH
Jób 21:19	G1097	γνωσεται	V-FMI-3S	LXX_WH
Jób 21:20	G3708	ιδοισαν	V-AAO-3P	LXX_WH
Jób 21:20	G3588	οι	T-NPM	LXX_WH
Jób 21:20	G3788	οφθαλμοι	N-NPM	LXX_WH
Jób 21:20	G0846	αυτου	D-GSM	LXX_WH
Jób 21:20	G3588	την	T-ASF	LXX_WH
Jób 21:20	G1438	εαυτου	D-GSM	LXX_WH
Jób 21:20	G4967	σφαγην	N-ASF	LXX_WH
Jób 21:20	G0575	απο	PREP	LXX_WH
Jób 21:20	G1161	δε	PRT	LXX_WH
Jób 21:20	G2962	κυριου	N-GSM	LXX_WH
Jób 21:20	G3165	μη	ADV	LXX_WH
Jób 21:20	G1295	διασωθειη	V-APO-3S	LXX_WH
Jób 21:21	G3754	οτι	CONJ	LXX_WH
Jób 21:21	G5100	τι	I-NSN	LXX_WH
Jób 21:21	G2307	θελημα	N-NSN	LXX_WH
Jób 21:21	G0846	αυτου	D-GSM	LXX_WH
Jób 21:21	G1722	εν	PREP	LXX_WH
Jób 21:21	G3624	οικω	N-DSM	LXX_WH
Jób 21:21	G0846	αυτου	D-GSM	LXX_WH
Jób 21:21	G3326	μετ	PREP	LXX_WH
Jób 21:21	G0846	αυτον	D-ASM	LXX_WH
Jób 21:21	G2532	και	CONJ	LXX_WH
Jób 21:21	G0706	αριθμοι	N-NPM	LXX_WH
Jób 21:21	G3303	μηνων	N-GPM	LXX_WH
Jób 21:21	G0846	αυτου	D-GSM	LXX_WH
Jób 21:21	G1244	διηρεθησαν	V-API-3P	LXX_WH
Jób 21:22	G4220	ποτερον	ADV	LXX_WH
Jób 21:22	G3364	ουχι	ADV	LXX_WH
Jób 21:22	G3588	ο	T-NSM	LXX_WH
Jób 21:22	G2962	κυριος	N-NSM	LXX_WH
Jób 21:22	G1510	εστιν	V-PAI-3S	LXX_WH
Jób 21:22	G3588	ο	T-NSM	LXX_WH
Jób 21:22	G1321	διδασκων	V-PAPNS	LXX_WH
Jób 21:22	G4907	συνεσιν	N-ASF	LXX_WH
Jób 21:22	G2532	και	CONJ	LXX_WH
Jób 21:22		επιστημην	N-ASF	ELTERO_SZOVEGALAP
Jób 21:22	G0846	αυτος	D-NSM	LXX_WH
Jób 21:22	G1161	δε	PRT	LXX_WH
Jób 21:22	G5408	φονους	N-APM	LXX_WH
Jób 21:22	G1252	διακρινει	V-FAI-3S	LXX_WH
Jób 21:23	G3778	ουτος	D-NSM	LXX_WH
Jób 21:23	G0599	αποθανειται	V-FMI-3S	LXX_WH
Jób 21:23	G1722	εν	PREP	LXX_WH
Jób 21:23	G2904	κρατει	N-DSN	LXX_WH
Jób 21:23		απλοσυνης	N-GSF	ELTERO_SZOVEGALAP
Jób 21:23	G0846	αυτου	D-GSM	LXX_WH
Jób 21:23	G3650	ολος	A-NSM	LXX_WH
Jób 21:23	G1161	δε	PRT	LXX_WH
Jób 21:23		ευπαθων	V-PAPNS	ELTERO_SZOVEGALAP
Jób 21:23	G2532	και	CONJ	LXX_WH
Jób 21:23	G2112	ευθηνων	V-PAPNS	ABP-potolt
Jób 21:24	G3588	τα	T-NPN	LXX_WH
Jób 21:24	G1161	δε	PRT	LXX_WH
Jób 21:24		εγκατα	N-NPN	ELTERO_SZOVEGALAP
Jób 21:24	G0846	αυτου	D-GSM	LXX_WH
Jób 21:24	G4134	πληρη	A-NPN	LXX_WH
Jób 21:24	G4720	στεατος	N-GSN	ABP-potolt
Jób 21:24	G3452	μυελος	N-NSM	LXX_WH
Jób 21:24	G1161	δε	PRT	LXX_WH
Jób 21:24	G0846	αυτου	D-GSM	LXX_WH
Jób 21:24		διαχειται	V-PMI-3S	ELTERO_SZOVEGALAP
Jób 21:25	G3588	ο	T-NSM	LXX_WH
Jób 21:25	G1161	δε	PRT	LXX_WH
Jób 21:25	G5053	τελευτα	V-PAI-3S	LXX_WH
Jób 21:25	G5259	υπο	PREP	LXX_WH
Jób 21:25	G4088	πικριας	N-GSF	LXX_WH
Jób 21:25	G5590	ψυχης	N-GSF	LXX_WH
Jób 21:25	G3364	ου	ADV	LXX_WH
Jób 21:25	G2068	φαγων	V-AAPNS	LXX_WH
Jób 21:25	G3762	ουδεν	A-ASN	LXX_WH
Jób 21:25	G0018	αγαθον	A-ASN	LXX_WH
Jób 21:26	G3661	ομοθυμαδον	ADV	LXX_WH
Jób 21:26	G1161	δε	PRT	LXX_WH
Jób 21:26	G1909	επι	PREP	LXX_WH
Jób 21:26	G1065	γης	N-GSF	LXX_WH
Jób 21:26	G2837	κοιμωνται	V-PMI-3P	LXX_WH
Jób 21:26		σαπρια	N-NSF	ELTERO_SZOVEGALAP
Jób 21:26	G1161	δε	PRT	LXX_WH
Jób 21:26	G0846	αυτους	D-APM	LXX_WH
Jób 21:26	G2572	εκαλυψεν	V-AAI-3S	LXX_WH
Jób 21:27	G5620	ωστε	CONJ	LXX_WH
Jób 21:27		οιδα	V-RAI-1S	ELTERO_SZOVEGALAP
Jób 21:27	G4771	υμας	P-AP	LXX_WH
Jób 21:27	G3754	οτι	CONJ	LXX_WH
Jób 21:27	G5110	τολμη	N-DSF	ABP-potolt
Jób 21:27	G1945	επικεισθε	V-PMI-2P	LXX_WH
Jób 21:27	G1473	μοι	P-DS	LXX_WH
Jób 21:28	G3754	οτι	CONJ	LXX_WH
Jób 21:28		ερειτε	V-FAI-2P	ELTERO_SZOVEGALAP
Jób 21:28	G4225	που	ADV	LXX_WH
Jób 21:28	G1510	εστιν	V-PAI-3S	LXX_WH
Jób 21:28	G3624	οικος	N-NSM	LXX_WH
Jób 21:28	G0758	αρχοντος	N-GSM	LXX_WH
Jób 21:28	G2532	και	CONJ	LXX_WH
Jób 21:28	G4225	που	ADV	LXX_WH
Jób 21:28	G1510	εστιν	V-PAI-3S	LXX_WH
Jób 21:28	G3588	η	T-NSF	LXX_WH
Jób 21:28		σκεπη	N-NSF	
Jób 21:28	G3588	των	T-GPN	LXX_WH
Jób 21:28	G4638	σκηνωματων	N-GPN	LXX_WH
Jób 21:28	G3588	των	T-GPM	LXX_WH
Jób 21:28	G0765	ασεβων	A-GPM	LXX_WH
Jób 21:29	G2065	ερωτησατε	V-AAD-2P	LXX_WH
Jób 21:29	G3899	παραπορευομενους	V-PMPAP	LXX_WH
Jób 21:29	G3598	οδον	N-ASF	LXX_WH
Jób 21:29	G2532	και	CONJ	LXX_WH
Jób 21:29	G3588	τα	T-APN	LXX_WH
Jób 21:29	G4592	σημεια	N-APN	LXX_WH
Jób 21:29	G0846	αυτων	D-GPM	LXX_WH
Jób 21:29	G3364	ουκ	ADV	LXX_WH
Jób 21:29	G0526	απαλλοτριωσετε	V-FAI-2S	LXX_WH
Jób 21:30	G3754	οτι	CONJ	LXX_WH
Jób 21:30	G1519	εις	PREP	LXX_WH
Jób 21:30	G2250	ημεραν	N-ASF	LXX_WH
Jób 21:30	G0684	απωλειας	N-GSF	LXX_WH
Jób 21:30	G2893	κουφιζεται	V-PPI-3S	LXX_WH
Jób 21:30	G3588	ο	T-NSM	LXX_WH
Jób 21:30	G4190	πονηρος	A-NSM	LXX_WH
Jób 21:30	G1519	εις	PREP	LXX_WH
Jób 21:30	G2250	ημεραν	N-ASF	LXX_WH
Jób 21:30	G3709	οργης	N-GSF	LXX_WH
Jób 21:30	G0846	αυτου	D-GSM	LXX_WH
Jób 21:30	G0520	απαχθησονται	V-FPI-3P	LXX_WH
Jób 21:31	G5100	τις	I-NSM	LXX_WH
Jób 21:31	G0518	απαγγελει	V-FAI-3S	ABP-potolt
Jób 21:31	G1909	επι	PREP	LXX_WH
Jób 21:31	G4383	προσωπου	N-GSN	LXX_WH
Jób 21:31	G0846	αυτου	D-GSM	LXX_WH
Jób 21:31	G3588	την	T-ASF	LXX_WH
Jób 21:31	G3598	οδον	N-ASF	LXX_WH
Jób 21:31	G0846	αυτου	D-GSM	LXX_WH
Jób 21:31	G2532	και	CONJ	LXX_WH
Jób 21:31	G0846	αυτος	D-NSM	LXX_WH
Jób 21:31	G4160	εποιησεν	V-AAI-3S	LXX_WH
Jób 21:31	G5100	τις	I-NSM	LXX_WH
Jób 21:31	G0467	ανταποδωσει	V-FAI-3S	LXX_WH
Jób 21:31	G0846	αυτω	D-DSM	LXX_WH
Jób 21:32	G2532	και	CONJ	LXX_WH
Jób 21:32	G0846	αυτος	D-NSM	LXX_WH
Jób 21:32	G1519	εις	PREP	LXX_WH
Jób 21:32	G5028	ταφους	N-APM	LXX_WH
Jób 21:32	G0667	απηνεχθη	V-API-3S	LXX_WH
Jób 21:32	G2532	και	CONJ	LXX_WH
Jób 21:32	G1909	επι	PREP	LXX_WH
Jób 21:32	G4673	σορω	N-DSF	LXX_WH
Jób 21:32	G0069	ηγρυπνησεν	V-AAI-3S	LXX_WH
Jób 21:33		εγλυκανθησαν	V-API-3P	ELTERO_SZOVEGALAP
Jób 21:33	G0846	αυτω	D-DSM	LXX_WH
Jób 21:33		χαλικες	N-NPM	ELTERO_SZOVEGALAP
Jób 21:33		χειμαρρου	N-GSM	ELTERO_SZOVEGALAP
Jób 21:33	G2532	και	CONJ	LXX_WH
Jób 21:33	G3694	οπισω	PREP	LXX_WH
Jób 21:33	G0846	αυτου	D-GSM	LXX_WH
Jób 21:33	G3956	πας	A-NSM	LXX_WH
Jób 21:33	G0444	ανθρωπος	N-NSM	LXX_WH
Jób 21:33	G0565	απελευσεται	V-FMI-3S	LXX_WH
Jób 21:33	G2532	και	CONJ	LXX_WH
Jób 21:33	G1715	εμπροσθεν	PREP	LXX_WH
Jób 21:33	G0846	αυτου	D-GSM	LXX_WH
Jób 21:33	G0382	αναριθμητοι	A-NPM	LXX_WH
Jób 21:34	G4459	πως	ADV	LXX_WH
Jób 21:34	G1161	δε	PRT	LXX_WH
Jób 21:34	G3870	παρακαλειτε	V-PAI-2P	LXX_WH
Jób 21:34	G1473	με	P-AS	LXX_WH
Jób 21:34	G2756	κενα	A-APN	LXX_WH
Jób 21:34	G3588	το	T-ASN	LXX_WH
Jób 21:34	G1161	δε	PRT	LXX_WH
Jób 21:34	G1473	εμε	P-AS	LXX_WH
Jób 21:34	G2664	καταπαυσασθαι	V-AMN	LXX_WH
Jób 21:34	G0575	αφ	PREP	LXX_WH
Jób 21:34	G4771	υμων	P-GP	LXX_WH
Jób 21:34	G3762	ουδεν	A-ASN	LXX_WH
Jób 22:1	G5274	υπολαβων	V-AAPNS	LXX_WH
Jób 22:1	G1161	δε	PRT	LXX_WH
Jób 22:1		ελιφας	N-PRI	ELTERO_SZOVEGALAP
Jób 22:1	G3588	ο	T-NSM	LXX_WH
Jób 22:1		θαιμανιτης	N-PRI	ELTERO_SZOVEGALAP
Jób 22:1	G3004	λεγει	V-PAI-3S	LXX_WH
Jób 22:2	G4220	ποτερον	ADV	LXX_WH
Jób 22:2	G3364	ουχι	ADV	LXX_WH
Jób 22:2	G3588	ο	T-NSM	LXX_WH
Jób 22:2	G2962	κυριος	N-NSM	LXX_WH
Jób 22:2	G1510	εστιν	V-PAI-3S	LXX_WH
Jób 22:2	G3588	ο	T-NSM	LXX_WH
Jób 22:2	G1321	διδασκων	V-PAPNS	LXX_WH
Jób 22:2	G4907	συνεσιν	N-ASF	LXX_WH
Jób 22:2	G2532	και	CONJ	LXX_WH
Jób 22:2	G1989	επιστημην	N-ASF	ABP-potolt
Jób 22:3	G5100	τι	I-NSN	LXX_WH
Jób 22:3	G1063	γαρ	PRT	LXX_WH
Jób 22:3	G3199	μελει	V-PAI-3S	LXX_WH
Jób 22:3	G3588	τω	T-DSM	LXX_WH
Jób 22:3	G2962	κυριω	N-DSM	LXX_WH
Jób 22:3	G1437	εαν	CONJ	LXX_WH
Jób 22:3	G4771	συ	P-NS	LXX_WH
Jób 22:3	G1510	ησθα	V-IAI-2S	LXX_WH
Jób 22:3	G3588	τοις	T-DPN	LXX_WH
Jób 22:3	G2041	εργοις	N-DPN	LXX_WH
Jób 22:3	G0273	αμεμπτος	A-NSM	LXX_WH
Jób 22:3	G2228	η	CONJ	LXX_WH
Jób 22:3	G5622	ωφελεια	N-NSF	LXX_WH
Jób 22:3	G3754	οτι	CONJ	LXX_WH
Jób 22:3	G0573	απλωσης	V-AAS-2S	ABP-potolt
Jób 22:3	G3588	την	T-ASF	LXX_WH
Jób 22:3	G3598	οδον	N-ASF	LXX_WH
Jób 22:3	G4771	σου	P-GS	LXX_WH
Jób 22:4	G2228	η	ADV	LXX_WH
Jób 22:4	G3056	λογον	N-ASM	LXX_WH
Jób 22:4	G4771	σου	P-GS	LXX_WH
Jób 22:4	G4160	ποιουμενος	V-PMPNS	LXX_WH
Jób 22:4	G1651	ελεγξει	V-FAI-3S	LXX_WH
Jób 22:4	G4771	σε	P-AS	LXX_WH
Jób 22:4	G2532	και	CONJ	LXX_WH
Jób 22:4	G4897	συνεισελευσεται	V-FMI-3S	LXX_WH
Jób 22:4	G4771	σοι	P-DS	LXX_WH
Jób 22:4	G1519	εις	PREP	LXX_WH
Jób 22:4	G2920	κρισιν	N-ASF	LXX_WH
Jób 22:5	G4220	ποτερον	ADV	LXX_WH
Jób 22:5	G3364	ουχ	ADV	LXX_WH
Jób 22:5	G3588	η	T-NSF	LXX_WH
Jób 22:5	G2549	κακια	N-NSF	LXX_WH
Jób 22:5	G4771	σου	P-GS	LXX_WH
Jób 22:5	G1510	εστιν	V-PAI-3S	LXX_WH
Jób 22:5	G4183	πολλη	A-NSF	LXX_WH
Jób 22:5	G0382	αναριθμητοι	A-NPF	LXX_WH
Jób 22:5	G1161	δε	PRT	LXX_WH
Jób 22:5	G4771	σου	P-GS	LXX_WH
Jób 22:5	G1510	εισιν	V-PAI-3P	LXX_WH
Jób 22:5	G3588	αι	T-NPF	LXX_WH
Jób 22:5	G0266	αμαρτιαι	N-NPF	LXX_WH
Jób 22:6		ηνεχυραζες	V-IAI-2S	ELTERO_SZOVEGALAP
Jób 22:6	G1161	δε	PRT	LXX_WH
Jób 22:6	G3588	τους	T-APM	LXX_WH
Jób 22:6	G0080	αδελφους	N-APM	LXX_WH
Jób 22:6	G4771	σου	P-GS	LXX_WH
Jób 22:6	G1223	δια	PREP	LXX_WH
Jób 22:6	G2756	κενης	A-GSF	LXX_WH
Jób 22:6		αμφιασιν	N-ASM	ELTERO_SZOVEGALAP
Jób 22:6	G1161	δε	PRT	LXX_WH
Jób 22:6	G1131	γυμνων	A-GPM	LXX_WH
Jób 22:6	G0851	αφειλου	V-AMI-2S	ABP-potolt
Jób 22:7	G3761	ουδε	CONJ	LXX_WH
Jób 22:7	G5204	υδωρ	N-NSN	LXX_WH
Jób 22:7	G1372	διψωντας	V-PAPAP	LXX_WH
Jób 22:7	G4222	εποτισας	V-AAI-2S	LXX_WH
Jób 22:7	G0235	αλλα	CONJ	LXX_WH
Jób 22:7	G3983	πεινωντων	V-PAPGP	LXX_WH
Jób 22:7		εστερησας	V-AAI-2S	
Jób 22:7		ψωμον	N-ASM	
Jób 22:8	G2296	εθαυμασας	V-AAI-2S	LXX_WH
Jób 22:8	G1161	δε	PRT	LXX_WH
Jób 22:8	G5100	τινων	I-GPN	LXX_WH
Jób 22:8	G4383	προσωπον	N-ASN	LXX_WH
Jób 22:8		ωκισας	V-AAI-2S	ELTERO_SZOVEGALAP
Jób 22:8	G1161	δε	PRT	LXX_WH
Jób 22:8	G3588	τους	T-APM	LXX_WH
Jób 22:8	G1909	επι	PREP	LXX_WH
Jób 22:8	G3588	της	T-GSF	LXX_WH
Jób 22:8	G1065	γης	N-GSF	LXX_WH
Jób 22:9	G5503	χηρας	N-APF	LXX_WH
Jób 22:9	G1161	δε	PRT	LXX_WH
Jób 22:9	G1821	εξαπεστειλας	V-AAI-2S	LXX_WH
Jób 22:9	G2756	κενας	A-APF	LXX_WH
Jób 22:9	G3737	ορφανους	A-APM	LXX_WH
Jób 22:9	G1161	δε	PRT	LXX_WH
Jób 22:9	G2559	εκακωσας	V-AAI-2S	LXX_WH
Jób 22:10	G5105	τοιγαρουν	CONJ	LXX_WH
Jób 22:10	G2944	εκυκλωσαν	V-AAI-3P	LXX_WH
Jób 22:10	G4771	σε	P-AS	LXX_WH
Jób 22:10	G3803	παγιδες	N-NPF	LXX_WH
Jób 22:10	G2532	και	CONJ	LXX_WH
Jób 22:10	G4704	εσπουδασεν	V-AAI-3S	LXX_WH
Jób 22:10	G4771	σε	P-AS	LXX_WH
Jób 22:10	G4171	πολεμος	N-NSM	LXX_WH
Jób 22:10	G1808	εξαισιος	A-NSM	ABP-potolt
Jób 22:11	G3588	το	T-NSN	LXX_WH
Jób 22:11	G5457	φως	N-NSN	LXX_WH
Jób 22:11	G4771	σοι	P-DS	LXX_WH
Jób 22:11	G4655	σκοτος	N-ASN	LXX_WH
Jób 22:11	G0576	απεβη	V-AAI-3S	LXX_WH
Jób 22:11	G2837	κοιμηθεντα	V-APPAS	LXX_WH
Jób 22:11	G1161	δε	PRT	LXX_WH
Jób 22:11	G5204	υδωρ	N-NSN	LXX_WH
Jób 22:11	G4771	σε	P-AS	LXX_WH
Jób 22:11	G2572	εκαλυψεν	V-AAI-3S	LXX_WH
Jób 22:12	G3165	μη	ADV	LXX_WH
Jób 22:12	G3364	ουχι	ADV	LXX_WH
Jób 22:12	G3588	ο	T-NSM	LXX_WH
Jób 22:12	G3588	τα	T-APN	LXX_WH
Jób 22:12	G5308	υψηλα	A-APN	LXX_WH
Jób 22:12		ναιων	V-PAPNS	ELTERO_SZOVEGALAP
Jób 22:12		εφορα	V-PAI-3S	ELTERO_SZOVEGALAP
Jób 22:12	G3588	τους	T-APM	LXX_WH
Jób 22:12	G1161	δε	PRT	LXX_WH
Jób 22:12	G5196	υβρει	N-DSF	LXX_WH
Jób 22:12	G5342	φερομενους	V-PMPAP	LXX_WH
Jób 22:12	G5013	εταπεινωσεν	V-AAI-3S	LXX_WH
Jób 22:13	G2532	και	CONJ	LXX_WH
Jób 22:13	G2036	ειπας	V-AAI-2S	ABP-potolt
Jób 22:13	G5100	τι	I-ASN	LXX_WH
Jób 22:13	G1097	εγνω	V-AAI-3S	LXX_WH
Jób 22:13	G3588	ο	T-NSM	LXX_WH
Jób 22:13	G2478	ισχυρος	A-NSM	LXX_WH
Jób 22:13	G2228	η	ADV	LXX_WH
Jób 22:13	G2596	κατα	PREP	LXX_WH
Jób 22:13	G3588	του	T-GSM	LXX_WH
Jób 22:13	G1105	γνοφου	N-GSM	LXX_WH
Jób 22:13	G2919	κρινει	V-FAI-3S	LXX_WH
Jób 22:14	G3509	νεφη	N-NPN	LXX_WH
Jób 22:14		αποκρυφη	N-NSF	ELTERO_SZOVEGALAP
Jób 22:14	G0846	αυτου	D-GSM	LXX_WH
Jób 22:14	G2532	και	CONJ	LXX_WH
Jób 22:14	G3364	ουχ	ADV	LXX_WH
Jób 22:14	G3708	οραθησεται	V-FPI-3S	LXX_WH
Jób 22:14	G2532	και	CONJ	LXX_WH
Jób 22:14	G1135	γυρον	N-ASM	ABP-potolt
Jób 22:14	G3772	ουρανου	N-GSM	LXX_WH
Jób 22:14	G1279	διαπορευσεται	V-FMI-3S	LXX_WH
Jób 22:15	G3165	μη	ADV	LXX_WH
Jób 22:15	G5147	τριβον	N-ASF	LXX_WH
Jób 22:15	G0166	αιωνιον	A-ASF	LXX_WH
Jób 22:15	G5442	φυλαξεις	V-FAI-2S	LXX_WH
Jób 22:15	G3739	ην	R-ASF	LXX_WH
Jób 22:15	G3961	επατησαν	V-AAI-3P	LXX_WH
Jób 22:15	G0435	ανδρες	N-NPM	LXX_WH
Jób 22:15	G0094	αδικοι	A-NPM	LXX_WH
Jób 22:16	G3739	οι	R-NPM	LXX_WH
Jób 22:16	G4815	συνελημφθησαν	V-API-3P	LXX_WH
Jób 22:16	G0895	αωροι	A-NPM	ABP-potolt
Jób 22:16	G4215	ποταμος	N-NSM	LXX_WH
Jób 22:16	G1976	επιρρεων	V-PAPNS	ABP-potolt
Jób 22:16	G3588	οι	T-NPM	LXX_WH
Jób 22:16	G2310	θεμελιοι	N-NPM	LXX_WH
Jób 22:16	G0846	αυτων	D-GPM	LXX_WH
Jób 22:17	G3588	οι	T-NPM	LXX_WH
Jób 22:17	G3004	λεγοντες	V-PAPNP	LXX_WH
Jób 22:17	G2962	κυριος	N-NSM	LXX_WH
Jób 22:17	G5100	τι	I-ASN	LXX_WH
Jób 22:17	G4160	ποιησει	V-FAI-3S	LXX_WH
Jób 22:17	G1473	ημιν	P-DP	LXX_WH
Jób 22:17	G2228	η	CONJ	LXX_WH
Jób 22:17	G5100	τι	I-ASN	LXX_WH
Jób 22:17		επαξεται	V-FMI-3S	
Jób 22:17	G1473	ημιν	P-DP	LXX_WH
Jób 22:17	G3588	ο	T-NSM	LXX_WH
Jób 22:17	G3841	παντοκρατωρ	N-NSM	LXX_WH
Jób 22:18	G3739	ος	R-NSM	LXX_WH
Jób 22:18	G1161	δε	PRT	LXX_WH
Jób 22:18		ενεπλησεν	V-AAI-3S	ELTERO_SZOVEGALAP
Jób 22:18	G3588	τους	T-APM	LXX_WH
Jób 22:18	G3624	οικους	N-APM	LXX_WH
Jób 22:18	G0846	αυτων	D-GPM	LXX_WH
Jób 22:18	G0018	αγαθων	A-GPM	LXX_WH
Jób 22:18	G1012	βουλη	N-NSF	LXX_WH
Jób 22:18	G1161	δε	PRT	LXX_WH
Jób 22:18	G0765	ασεβων	A-GPM	LXX_WH
Jób 22:18		πορρω	ADV	ELTERO_SZOVEGALAP
Jób 22:18	G0575	απ	PREP	LXX_WH
Jób 22:18	G0846	αυτου	D-GSM	LXX_WH
Jób 22:19	G3708	ιδοντες	V-AAPNP	LXX_WH
Jób 22:19	G1342	δικαιοι	A-NPM	LXX_WH
Jób 22:19	G1070	εγελασαν	V-AAI-3P	LXX_WH
Jób 22:19	G0273	αμεμπτος	A-NSM	LXX_WH
Jób 22:19	G1161	δε	PRT	LXX_WH
Jób 22:19	G3456	εμυκτηρισεν	V-AAI-3S	LXX_WH
Jób 22:20	G1487	ει	CONJ	LXX_WH
Jób 22:20	G3165	μη	ADV	LXX_WH
Jób 22:20		ηφανισθη	V-API-3S	ELTERO_SZOVEGALAP
Jób 22:20	G3588	η	T-NSF	LXX_WH
Jób 22:20	G5287	υποστασις	N-NSF	LXX_WH
Jób 22:20	G0846	αυτων	D-GPM	LXX_WH
Jób 22:20	G2532	και	CONJ	LXX_WH
Jób 22:20	G3588	το	T-ASN	LXX_WH
Jób 22:20	G2640	καταλειμμα	N-ASN	LXX_WH
Jób 22:20	G0846	αυτων	D-GPM	LXX_WH
Jób 22:20	G2719	καταφαγεται	V-FMI-3S	LXX_WH
Jób 22:20	G4442	πυρ	N-NSN	LXX_WH
Jób 22:21	G1096	γενου	V-AMD-2S	LXX_WH
Jób 22:21	G1161	δη	PRT	LXX_WH
Jób 22:21	G4642	σκληρος	A-NSM	LXX_WH
Jób 22:21	G1437	εαν	CONJ	LXX_WH
Jób 22:21	G5278	υπομεινης	V-AAS-2S	LXX_WH
Jób 22:21	G1534	ειτ	ADV	LXX_WH
Jób 22:21	G3588	ο	T-NSM	LXX_WH
Jób 22:21	G2590	καρπος	N-NSM	LXX_WH
Jób 22:21	G4771	σου	P-GS	LXX_WH
Jób 22:21	G1510	εσται	V-FMI-3S	LXX_WH
Jób 22:21	G1722	εν	PREP	LXX_WH
Jób 22:21	G0018	αγαθοις	A-DPM	LXX_WH
Jób 22:22		εκλαβε	V-AAD-2S	ELTERO_SZOVEGALAP
Jób 22:22	G1161	δε	PRT	LXX_WH
Jób 22:22	G1537	εκ	PREP	LXX_WH
Jób 22:22	G4750	στοματος	N-GSN	LXX_WH
Jób 22:22	G0846	αυτου	D-GSM	LXX_WH
Jób 22:22		εξηγοριαν	N-ASF	ELTERO_SZOVEGALAP
Jób 22:22	G2532	και	CONJ	LXX_WH
Jób 22:22	G0353	αναλαβε	V-AAD-2S	LXX_WH
Jób 22:22	G3588	τα	T-APN	LXX_WH
Jób 22:22	G4487	ρηματα	N-APN	LXX_WH
Jób 22:22	G0846	αυτου	D-GSM	LXX_WH
Jób 22:22	G1722	εν	PREP	LXX_WH
Jób 22:22	G2588	καρδια	N-DSF	LXX_WH
Jób 22:22	G4771	σου	P-GS	LXX_WH
Jób 22:23	G1437	εαν	CONJ	LXX_WH
Jób 22:23	G1161	δε	PRT	LXX_WH
Jób 22:23	G1994	επιστραφης	V-APS-2S	LXX_WH
Jób 22:23	G2532	και	CONJ	LXX_WH
Jób 22:23	G5013	ταπεινωσης	V-AAS-2S	LXX_WH
Jób 22:23	G4572	σεαυτον	D-ASM	LXX_WH
Jób 22:23	G1725	εναντι	PREP	LXX_WH
Jób 22:23	G2962	κυριου	N-GSM	LXX_WH
Jób 22:23	G4206	πορρω	ADV	ABP-potolt
Jób 22:23	G4160	εποιησας	V-AAI-2S	LXX_WH
Jób 22:23	G0575	απο	PREP	LXX_WH
Jób 22:23		διαιτης	N-GSF	ELTERO_SZOVEGALAP
Jób 22:23	G4771	σου	P-GS	LXX_WH
Jób 22:23	G3588	το	T-ASN	LXX_WH
Jób 22:23	G0094	αδικον	A-ASN	LXX_WH
Jób 22:24	G5087	θηση	V-FPI-2S	LXX_WH
Jób 22:24	G1909	επι	PREP	LXX_WH
Jób 22:24	G5560	χωματι	N-DSN	ABP-potolt
Jób 22:24	G1722	εν	PREP	LXX_WH
Jób 22:24	G4073	πετρα	N-DSF	LXX_WH
Jób 22:24	G2532	και	CONJ	LXX_WH
Jób 22:24	G3739	ως	CONJ	LXX_WH
Jób 22:24	G4073	πετρα	N-DSF	LXX_WH
Jób 22:24	G5493	χειμαρρους	N-ASM	ABP-potolt
Jób 22:24	G5493	ωφιρ	N-PRI	ABP-potolt
Jób 22:25	G1510	εσται	V-FMI-3S	LXX_WH
Jób 22:25	G3767	ουν	PRT	LXX_WH
Jób 22:25	G4771	σου	P-GS	LXX_WH
Jób 22:25	G3588	ο	T-NSM	LXX_WH
Jób 22:25	G3841	παντοκρατωρ	N-NSM	LXX_WH
Jób 22:25	G0998	βοηθος	N-NSM	LXX_WH
Jób 22:25	G0575	απο	PREP	LXX_WH
Jób 22:25	G2190	εχθρων	N-GPM	LXX_WH
Jób 22:25	G2513	καθαρον	A-ASM	LXX_WH
Jób 22:25	G1161	δε	PRT	LXX_WH
Jób 22:25	G0591	αποδωσει	V-FAI-3S	LXX_WH
Jób 22:25	G4771	σε	P-AS	LXX_WH
Jób 22:25	G3746	ωσπερ	ADV	LXX_WH
Jób 22:25	G0694	αργυριον	N-ASN	LXX_WH
Jób 22:25	G4448	πεπυρωμενον	V-RPPAS	LXX_WH
Jób 22:26	G1534	ειτα	ADV	LXX_WH
Jób 22:26	G3955	παρρησιασθηση	V-FPI-2S	ABP-potolt
Jób 22:26	G1725	εναντι	PREP	LXX_WH
Jób 22:26	G2962	κυριου	N-GSM	LXX_WH
Jób 22:26	G0308	αναβλεψας	V-AAPNS	LXX_WH
Jób 22:26	G1519	εις	PREP	LXX_WH
Jób 22:26	G3588	τον	T-ASM	LXX_WH
Jób 22:26	G3772	ουρανον	N-ASM	LXX_WH
Jób 22:26	G2431	ιλαρως	ADV	LXX_WH
Jób 22:27	G2172	ευξαμενου	V-AMPGS	LXX_WH
Jób 22:27	G1161	δε	PRT	LXX_WH
Jób 22:27	G4771	σου	P-GS	LXX_WH
Jób 22:27	G4314	προς	PREP	LXX_WH
Jób 22:27	G0846	αυτον	D-ASM	LXX_WH
Jób 22:27	G1522	εισακουσεται	V-FMI-3S	LXX_WH
Jób 22:27	G4771	σου	P-GS	LXX_WH
Jób 22:27	G1325	δωσει	V-FAI-3S	LXX_WH
Jób 22:27	G1161	δε	PRT	LXX_WH
Jób 22:27	G4771	σοι	P-DS	LXX_WH
Jób 22:27	G0591	αποδουναι	V-AAN	LXX_WH
Jób 22:27	G3588	τας	T-APF	LXX_WH
Jób 22:27	G2171	ευχας	N-APF	LXX_WH
Jób 22:28	G0600	αποκαταστησει	V-FAI-3S	LXX_WH
Jób 22:28	G1161	δε	PRT	LXX_WH
Jób 22:28	G4771	σοι	P-DS	LXX_WH
Jób 22:28		διαιταν	N-ASF	ELTERO_SZOVEGALAP
Jób 22:28	G1343	δικαιοσυνης	N-GSF	LXX_WH
Jób 22:28	G1909	επι	PREP	LXX_WH
Jób 22:28	G1161	δε	PRT	LXX_WH
Jób 22:28	G3598	οδοις	N-DPF	LXX_WH
Jób 22:28	G4771	σου	P-GS	LXX_WH
Jób 22:28	G1510	εσται	V-FMI-3S	LXX_WH
Jób 22:28	G5338	φεγγος	N-NSN	LXX_WH
Jób 22:29	G3754	οτι	CONJ	LXX_WH
Jób 22:29	G5013	εταπεινωσεν	V-AAI-3S	LXX_WH
Jób 22:29	G0846	αυτον	D-ASM	LXX_WH
Jób 22:29	G2532	και	CONJ	LXX_WH
Jób 22:29		ερεις	V-FAI-2S	ELTERO_SZOVEGALAP
Jób 22:29		υπερηφανευσατο	V-AMI-3S	ELTERO_SZOVEGALAP
Jób 22:29	G2532	και	CONJ	LXX_WH
Jób 22:29		κυφοντα	V-PAPAS	ELTERO_SZOVEGALAP
Jób 22:29	G3788	οφθαλμοις	N-DPM	LXX_WH
Jób 22:29	G4982	σωσει	V-FAI-3S	LXX_WH
Jób 22:30	G4506	ρυσεται	V-FMI-3S	ABP-potolt
Jób 22:30	G0121	αθωον	A-ASM	LXX_WH
Jób 22:30	G2532	και	CONJ	LXX_WH
Jób 22:30	G1295	διασωθητι	V-APD-2S	LXX_WH
Jób 22:30	G1722	εν	PREP	LXX_WH
Jób 22:30	G2513	καθαραις	A-DPF	LXX_WH
Jób 22:30	G5495	χερσιν	N-DPF	LXX_WH
Jób 22:30	G4771	σου	P-GS	LXX_WH
Jób 23:1	G5274	υπολαβων	V-AAPNS	LXX_WH
Jób 23:1	G1161	δε	PRT	LXX_WH
Jób 23:1	G2492	ιωβ	N-PRI	LXX_WH
Jób 23:1	G3004	λεγει	V-PAI-3S	LXX_WH
Jób 23:2	G2532	και	ADV	LXX_WH
Jób 23:2	G1161	δη	PRT	LXX_WH
Jób 23:2		οιδα	V-RAI-1S	ELTERO_SZOVEGALAP
Jób 23:2	G3754	οτι	CONJ	LXX_WH
Jób 23:2	G1537	εκ	PREP	LXX_WH
Jób 23:2	G5495	χειρος	N-GSF	LXX_WH
Jób 23:2	G1473	μου	P-GS	LXX_WH
Jób 23:2	G3588	η	T-NSF	LXX_WH
Jób 23:2	G1649	ελεγξις	N-NSF	LXX_WH
Jób 23:2	G1510	εστιν	V-PAI-3S	LXX_WH
Jób 23:2	G2532	και	CONJ	LXX_WH
Jób 23:2	G3588	η	T-NSF	LXX_WH
Jób 23:2	G5495	χειρ	N-NSF	LXX_WH
Jób 23:2	G0846	αυτου	D-GSM	LXX_WH
Jób 23:2	G0926	βαρεια	A-NSF	LXX_WH
Jób 23:2	G1096	γεγονεν	V-RAI-3S	LXX_WH
Jób 23:2	G1909	επ	PREP	LXX_WH
Jób 23:2	G1699	εμω	A-DSM	LXX_WH
Jób 23:2	G4726	στεναγμω	N-DSM	LXX_WH
Jób 23:3	G5100	τις	I-NSM	LXX_WH
Jób 23:3	G1161	δ	PRT	LXX_WH
Jób 23:3	G0685	αρα	PRT	LXX_WH
Jób 23:3	G1097	γνοιη	V-AAO-3S	LXX_WH
Jób 23:3	G3754	οτι	CONJ	LXX_WH
Jób 23:3	G2147	ευροιμι	V-AAO-1S	LXX_WH
Jób 23:3	G0846	αυτον	D-ASM	LXX_WH
Jób 23:3	G2532	και	CONJ	LXX_WH
Jób 23:3	G2064	ελθοιμι	V-AAO-1S	LXX_WH
Jób 23:3	G1519	εις	PREP	LXX_WH
Jób 23:3	G5056	τελος	N-ASN	LXX_WH
Jób 23:4		ειποιμι	V-AAO-1S	ELTERO_SZOVEGALAP
Jób 23:4	G1161	δε	PRT	LXX_WH
Jób 23:4	G1683	εμαυτου	D-GSM	LXX_WH
Jób 23:4	G2917	κριμα	N-ASN	LXX_WH
Jób 23:4	G3588	το	T-ASN	LXX_WH
Jób 23:4	G1161	δε	PRT	LXX_WH
Jób 23:4	G4750	στομα	N-ASN	LXX_WH
Jób 23:4	G1473	μου	P-GS	LXX_WH
Jób 23:4		εμπλησαιμι	V-AAO-1S	ELTERO_SZOVEGALAP
Jób 23:4	G1650	ελεγχων	N-GPM	LXX_WH
Jób 23:5	G1097	γνωην	V-AAO-1S	LXX_WH
Jób 23:5	G1161	δε	PRT	LXX_WH
Jób 23:5	G4487	ρηματα	N-APN	LXX_WH
Jób 23:5	G3739	α	R-APN	LXX_WH
Jób 23:5	G1473	μοι	P-DS	LXX_WH
Jób 23:5		ερει	V-FAI-3S	ELTERO_SZOVEGALAP
Jób 23:5	G0143	αισθοιμην	V-AMO-1S	LXX_WH
Jób 23:5	G1161	δε	PRT	LXX_WH
Jób 23:5	G5100	τινα	I-ASM	LXX_WH
Jób 23:5	G1473	μοι	P-DS	LXX_WH
Jób 23:5		απαγγελει	V-FAI-3S	ELTERO_SZOVEGALAP
Jób 23:6	G2532	και	CONJ	LXX_WH
Jób 23:6	G1487	ει	CONJ	LXX_WH
Jób 23:6	G1722	εν	PREP	LXX_WH
Jób 23:6	G4183	πολλη	A-DSF	LXX_WH
Jób 23:6	G2479	ισχυι	N-DSF	LXX_WH
Jób 23:6	G1904	επελευσεται	V-FMI-3S	ABP-potolt
Jób 23:6	G1473	μοι	P-DS	LXX_WH
Jób 23:6	G1534	ειτα	ADV	LXX_WH
Jób 23:6	G1722	εν	PREP	LXX_WH
Jób 23:6	G0547	απειλη	N-DSF	LXX_WH
Jób 23:6	G1473	μοι	P-DS	LXX_WH
Jób 23:6	G3364	ου	ADV	LXX_WH
Jób 23:6	G5531	χρησεται	V-FMI-3S	LXX_WH
Jób 23:7	G0225	αληθεια	N-NSF	LXX_WH
Jób 23:7	G1063	γαρ	PRT	LXX_WH
Jób 23:7	G2532	και	CONJ	LXX_WH
Jób 23:7	G1650	ελεγχος	N-NSM	LXX_WH
Jób 23:7	G3844	παρ	PREP	LXX_WH
Jób 23:7	G0846	αυτου	D-GSM	LXX_WH
Jób 23:7	G1806	εξαγαγοι	V-AAO-3S	LXX_WH
Jób 23:7	G1161	δε	PRT	LXX_WH
Jób 23:7	G1519	εις	PREP	LXX_WH
Jób 23:7	G5056	τελος	N-ASN	LXX_WH
Jób 23:7	G3588	το	T-ASN	LXX_WH
Jób 23:7	G2917	κριμα	N-ASN	LXX_WH
Jób 23:7	G1473	μου	P-GS	LXX_WH
Jób 23:8	G1519	εις	PREP	LXX_WH
Jób 23:8	G1063	γαρ	PRT	LXX_WH
Jób 23:8	G4413	πρωτα	A-APNS	LXX_WH
Jób 23:8	G4198	πορευσομαι	V-FMI-1S	LXX_WH
Jób 23:8	G2532	και	CONJ	LXX_WH
Jób 23:8	G3765	ουκετι	ADV	LXX_WH
Jób 23:8	G1510	ειμι	V-PAI-1S	LXX_WH
Jób 23:8	G3588	τα	R-APN	LXX_WH
Jób 23:8	G1161	δε	PRT	LXX_WH
Jób 23:8	G1909	επ	PREP	LXX_WH
Jób 23:8	G2078	εσχατοις	A-DPM	LXX_WH
Jób 23:8	G5100	τι	I-ASN	LXX_WH
Jób 23:8	G1492	οιδα	V-RAI-1S	ABP-potolt
Jób 23:9	G0710	αριστερα	A-APN	LXX_WH
Jób 23:9	G4160	ποιησαντος	V-AAPGS	LXX_WH
Jób 23:9	G0846	αυτου	D-GSM	LXX_WH
Jób 23:9	G2532	και	CONJ	LXX_WH
Jób 23:9	G3364	ου	ADV	LXX_WH
Jób 23:9	G2722	κατεσχον	V-AAI-1S	LXX_WH
Jób 23:9	G4016	περιβαλει	V-FAI-3S	LXX_WH
Jób 23:9	G1188	δεξια	A-APN	LXX_WH
Jób 23:9	G2532	και	CONJ	LXX_WH
Jób 23:9	G3364	ουκ	ADV	LXX_WH
Jób 23:9	G3708	οψομαι	V-FMI-1S	LXX_WH
Jób 23:10		οιδεν	V-RAI-3S	ELTERO_SZOVEGALAP
Jób 23:10	G1063	γαρ	PRT	LXX_WH
Jób 23:10	G2235	ηδη	ADV	LXX_WH
Jób 23:10	G3598	οδον	N-ASF	LXX_WH
Jób 23:10	G1473	μου	P-GS	LXX_WH
Jób 23:10	G1252	διεκρινεν	V-AAI-3S	LXX_WH
Jób 23:10	G1161	δε	PRT	LXX_WH
Jób 23:10	G1473	με	P-AS	LXX_WH
Jób 23:10	G3746	ωσπερ	ADV	LXX_WH
Jób 23:10	G3588	το	T-ASN	LXX_WH
Jób 23:10	G5553	χρυσιον	N-ASN	LXX_WH
Jób 23:11	G1831	εξελευσομαι	V-FMI-1S	LXX_WH
Jób 23:11	G1161	δε	PRT	LXX_WH
Jób 23:11	G1722	εν	PREP	LXX_WH
Jób 23:11	G1778	ενταλμασιν	N-DPN	LXX_WH
Jób 23:11	G0846	αυτου	D-GSM	LXX_WH
Jób 23:11	G3598	οδους	N-APF	LXX_WH
Jób 23:11	G1063	γαρ	PRT	LXX_WH
Jób 23:11	G0846	αυτου	D-GSM	LXX_WH
Jób 23:11	G5442	εφυλαξα	V-AAI-1S	LXX_WH
Jób 23:11	G2532	και	CONJ	LXX_WH
Jób 23:11	G3364	ου	ADV	LXX_WH
Jób 23:11	G3165	μη	ADV	LXX_WH
Jób 23:11	G1578	εκκλινω	V-PAI-1S	LXX_WH
Jób 23:12	G0575	απο	PREP	LXX_WH
Jób 23:12	G1778	ενταλματων	N-GPN	LXX_WH
Jób 23:12	G0846	αυτου	D-GSM	LXX_WH
Jób 23:12	G2532	και	CONJ	LXX_WH
Jób 23:12	G3364	ου	ADV	LXX_WH
Jób 23:12	G3165	μη	ADV	LXX_WH
Jób 23:12	G3928	παρελθω	V-AAS-1S	LXX_WH
Jób 23:12	G1722	εν	PREP	LXX_WH
Jób 23:12	G1161	δε	PRT	LXX_WH
Jób 23:12	G2859	κολπω	N-DSM	LXX_WH
Jób 23:12	G1473	μου	P-GS	LXX_WH
Jób 23:12	G2928	εκρυψα	V-AAI-1S	LXX_WH
Jób 23:12	G4487	ρηματα	N-APN	LXX_WH
Jób 23:12	G0846	αυτου	D-GSM	LXX_WH
Jób 23:13	G1487	ει	CONJ	LXX_WH
Jób 23:13	G1161	δε	PRT	LXX_WH
Jób 23:13	G2532	και	CONJ	LXX_WH
Jób 23:13	G0846	αυτος	D-NSM	LXX_WH
Jób 23:13	G2919	εκρινεν	V-AAI-3S	LXX_WH
Jób 23:13	G3778	ουτως	ADV	LXX_WH
Jób 23:13	G5100	τις	I-NSM	LXX_WH
Jób 23:13	G1510	εστιν	V-PAI-3S	LXX_WH
Jób 23:13	G3588	ο	T-NSM	LXX_WH
Jób 23:13		αντειπων	V-AAPNS	ELTERO_SZOVEGALAP
Jób 23:13	G0846	αυτω	D-DSM	LXX_WH
Jób 23:13	G3739	ο	R-ASN	LXX_WH
Jób 23:13	G1063	γαρ	PRT	LXX_WH
Jób 23:13	G0846	αυτος	D-NSM	LXX_WH
Jób 23:13	G2309	ηθελησεν	V-AAI-3S	LXX_WH
Jób 23:13	G2532	και	ADV	LXX_WH
Jób 23:13	G4160	εποιησεν	V-AAI-3S	LXX_WH
Jób 23:15	G1223	δια	PREP	LXX_WH
Jób 23:15	G3778	τουτο	D-ASN	LXX_WH
Jób 23:15	G1909	επ	PREP	LXX_WH
Jób 23:15	G0846	αυτω	D-DSM	LXX_WH
Jób 23:15	G4704	εσπουδακα	V-RAI-1S	LXX_WH
Jób 23:15	G3560	νουθετουμενος	V-PMPNS	LXX_WH
Jób 23:15	G1161	δε	PRT	LXX_WH
Jób 23:15	G5431	εφροντισα	V-AAI-1S	LXX_WH
Jób 23:15	G0846	αυτου	D-GSM	LXX_WH
Jób 23:16	G2962	κυριος	N-NSM	LXX_WH
Jób 23:16	G1161	δε	PRT	LXX_WH
Jób 23:16		εμαλακυνεν	V-IAI-3S	ELTERO_SZOVEGALAP
Jób 23:16	G3588	την	T-ASF	LXX_WH
Jób 23:16	G2588	καρδιαν	N-ASF	LXX_WH
Jób 23:16	G1473	μου	P-GS	LXX_WH
Jób 23:16	G3588	ο	T-NSM	LXX_WH
Jób 23:16	G1161	δε	PRT	LXX_WH
Jób 23:16	G3841	παντοκρατωρ	N-NSM	LXX_WH
Jób 23:16	G4704	εσπουδασεν	V-AAI-3S	LXX_WH
Jób 23:16	G1473	με	P-AS	LXX_WH
Jób 23:17	G3364	ου	ADV	LXX_WH
Jób 23:17	G1063	γαρ	PRT	LXX_WH
Jób 23:17	G1492	ηδειν	V-YAI-1S	ABP-potolt
Jób 23:17	G3754	οτι	CONJ	LXX_WH
Jób 23:17	G1904	επελευσεται	V-FMI-3S	ABP-potolt
Jób 23:17	G1473	μοι	P-DS	LXX_WH
Jób 23:17	G4655	σκοτος	N-ASN	LXX_WH
Jób 23:17	G4253	προ	PREP	LXX_WH
Jób 23:17	G4383	προσωπου	N-GSN	LXX_WH
Jób 23:17	G1161	δε	PRT	LXX_WH
Jób 23:17	G1473	μου	P-GS	LXX_WH
Jób 23:17	G2572	εκαλυψεν	V-AAI-3S	LXX_WH
Jób 23:17	G1105	γνοφος	N-NSM	LXX_WH
Jób 24:1	G1223	δια	PREP	LXX_WH
Jób 24:1	G5100	τι	I-ASN	LXX_WH
Jób 24:1	G1161	δε	PRT	LXX_WH
Jób 24:1	G2962	κυριον	N-ASM	LXX_WH
Jób 24:1	G2990	ελαθον	V-AAI-3P	LXX_WH
Jób 24:1	G5610	ωραι	N-NPF	LXX_WH
Jób 24:2	G0765	ασεβεις	A-NPM	LXX_WH
Jób 24:2	G1161	δε	PRT	LXX_WH
Jób 24:2	G3725	οριον	N-ASN	LXX_WH
Jób 24:2	G5233	υπερεβησαν	V-AAI-3P	LXX_WH
Jób 24:2	G4168	ποιμνιον	N-ASN	LXX_WH
Jób 24:2	G4862	συν	PREP	LXX_WH
Jób 24:2	G4166	ποιμενι	N-DSM	LXX_WH
Jób 24:2	G0726	αρπασαντες	V-AAPNP	LXX_WH
Jób 24:3	G5268	υποζυγιον	N-ASN	LXX_WH
Jób 24:3	G3737	ορφανων	A-GPM	LXX_WH
Jób 24:3	G0520	απηγαγον	V-AAI-3P	LXX_WH
Jób 24:3	G2532	και	CONJ	LXX_WH
Jób 24:3	G1016	βουν	N-ASF	LXX_WH
Jób 24:3	G5503	χηρας	N-GSF	LXX_WH
Jób 24:3	G1757	ηνεχυρασαν	V-AAI-3P	ABP-potolt
Jób 24:4	G1578	εξεκλιναν	V-AAI-3P	LXX_WH
Jób 24:4	G0102	αδυνατους	A-APM	LXX_WH
Jób 24:4	G1537	εξ	PREP	LXX_WH
Jób 24:4	G3598	οδου	N-GSF	LXX_WH
Jób 24:4	G1342	δικαιας	A-GSF	LXX_WH
Jób 24:4	G3661	ομοθυμαδον	ADV	LXX_WH
Jób 24:4	G2928	εκρυβησαν	V-API-3P	LXX_WH
Jób 24:4	G4239	πραεις	A-NPM	LXX_WH
Jób 24:4	G1065	γης	N-GSF	LXX_WH
Jób 24:5	G0576	απεβησαν	V-AAI-3P	LXX_WH
Jób 24:5	G1161	δε	PRT	LXX_WH
Jób 24:5	G3746	ωσπερ	ADV	LXX_WH
Jób 24:5	G3688	ονοι	N-NPM	LXX_WH
Jób 24:5	G1722	εν	PREP	LXX_WH
Jób 24:5	G0068	αγρω	N-DSM	LXX_WH
Jób 24:5	G5228	υπερ	PREP	LXX_WH
Jób 24:5	G1473	εμου	P-GS	LXX_WH
Jób 24:5	G1831	εξελθοντες	V-AAPNP	LXX_WH
Jób 24:5	G3588	την	T-ASF	LXX_WH
Jób 24:5	G1438	εαυτων	D-GPM	LXX_WH
Jób 24:5	G4234	πραξιν	N-ASF	LXX_WH
Jób 24:5		ηδυνθη	V-API-3S	ELTERO_SZOVEGALAP
Jób 24:5	G0846	αυτω	D-DSM	LXX_WH
Jób 24:5	G0740	αρτος	N-NSM	LXX_WH
Jób 24:5	G1519	εις	PREP	LXX_WH
Jób 24:5	G3501	νεωτερους	A-APMC	LXX_WH
Jób 24:6	G0068	αγρον	N-ASM	LXX_WH
Jób 24:6	G4253	προ	PREP	LXX_WH
Jób 24:6	G5610	ωρας	N-GSF	LXX_WH
Jób 24:6	G3364	ουκ	ADV	LXX_WH
Jób 24:6	G0846	αυτων	D-GPM	LXX_WH
Jób 24:6	G1510	οντα	V-PAPAS	LXX_WH
Jób 24:6	G2325	εθερισαν	V-AAI-3P	LXX_WH
Jób 24:6	G0102	αδυνατοι	A-NPM	LXX_WH
Jób 24:6	G1161	δε	PRT	LXX_WH
Jób 24:6	G0290	αμπελωνας	N-APM	LXX_WH
Jób 24:6	G0765	ασεβων	A-GPM	LXX_WH
Jób 24:6	G0284	αμισθι	ADV	ABP-potolt
Jób 24:6	G2532	και	CONJ	LXX_WH
Jób 24:6	G0777	ασιτι	ADV	ABP-potolt
Jób 24:6	G2038	ηργασαντο	V-AMI-3P	LXX_WH
Jób 24:7	G1131	γυμνους	A-APM	LXX_WH
Jób 24:7	G4183	πολλους	A-APM	LXX_WH
Jób 24:7	G2838	εκοιμισαν	V-AAI-3P	ABP-potolt
Jób 24:7	G0427	ανευ	PREP	LXX_WH
Jób 24:7	G2440	ιματιων	N-GPN	LXX_WH
Jób 24:7	G0292	αμφιασιν	N-ASM	ABP-potolt
Jób 24:7	G1161	δε	PRT	LXX_WH
Jób 24:7	G5590	ψυχης	N-GSF	LXX_WH
Jób 24:7	G0846	αυτων	D-GPM	LXX_WH
Jób 24:7		αφειλαντο	V-AMI-3P	ELTERO_SZOVEGALAP
Jób 24:8	G0575	απο	PREP	LXX_WH
Jób 24:8	G5568	ψεκαδων	N-GPF	ABP-potolt
Jób 24:8	G3735	ορεων	N-GPN	LXX_WH
Jób 24:8	G5199	υγραινονται	V-PMI-3P	ABP-potolt
Jób 24:8	G3844	παρα	PREP	LXX_WH
Jób 24:8	G3588	το	T-ASN	LXX_WH
Jób 24:8	G3165	μη	ADV	LXX_WH
Jób 24:8	G2192	εχειν	V-PAN	LXX_WH
Jób 24:8	G0846	αυτους	D-APM	LXX_WH
Jób 24:8		σκεπην	N-ASF	ELTERO_SZOVEGALAP
Jób 24:8	G4073	πετραν	N-ASF	LXX_WH
Jób 24:8	G4016	περιεβαλοντο	V-AMI-3P	LXX_WH
Jób 24:9	G0726	ηρπασαν	V-AAI-3P	LXX_WH
Jób 24:9	G3737	ορφανον	A-ASM	LXX_WH
Jób 24:9	G0575	απο	PREP	LXX_WH
Jób 24:9	G3149	μαστου	N-GSM	LXX_WH
Jób 24:9	G1601	εκπεπτωκοτα	V-RAPAS	LXX_WH
Jób 24:9	G1161	δε	PRT	LXX_WH
Jób 24:9	G5013	εταπεινωσαν	V-AAI-3P	LXX_WH
Jób 24:10	G1131	γυμνους	A-APM	LXX_WH
Jób 24:10	G1161	δε	PRT	LXX_WH
Jób 24:10		εκοιμισαν	V-AAI-3P	ELTERO_SZOVEGALAP
Jób 24:10	G0094	αδικως	ADV	LXX_WH
Jób 24:10	G3983	πεινωντων	V-PAPGP	LXX_WH
Jób 24:10	G1161	δε	PRT	LXX_WH
Jób 24:10	G3588	τον	T-ASM	LXX_WH
Jób 24:10		ψωμον	N-ASM	ELTERO_SZOVEGALAP
Jób 24:10		αφειλαντο	V-AMI-3P	ELTERO_SZOVEGALAP
Jób 24:11	G1722	εν	PREP	LXX_WH
Jób 24:11	G4728	στενοις	A-DPM	LXX_WH
Jób 24:11	G0094	αδικως	ADV	LXX_WH
Jób 24:11	G1748	ενηδρευσαν	V-AAI-3P	LXX_WH
Jób 24:11	G3598	οδον	N-ASF	LXX_WH
Jób 24:11	G1161	δε	PRT	LXX_WH
Jób 24:11	G1342	δικαιαν	A-ASF	LXX_WH
Jób 24:11	G3364	ουκ	ADV	LXX_WH
Jób 24:11		ηδεισαν	V-YAI-3P	ELTERO_SZOVEGALAP
Jób 24:12	G3739	οι	R-NPM	LXX_WH
Jób 24:12	G1537	εκ	PREP	LXX_WH
Jób 24:12	G4172	πολεως	N-GSF	LXX_WH
Jób 24:12	G2532	και	CONJ	LXX_WH
Jób 24:12	G3624	οικων	N-GPM	LXX_WH
Jób 24:12	G2398	ιδιων	A-GPM	LXX_WH
Jób 24:12	G1544	εξεβαλλοντο	V-IMI-3P	LXX_WH
Jób 24:12	G5590	ψυχη	N-NSF	LXX_WH
Jób 24:12	G1161	δε	PRT	LXX_WH
Jób 24:12	G3516	νηπιων	A-GPM	LXX_WH
Jób 24:12	G4727	εστεναξεν	V-AAI-3S	LXX_WH
Jób 24:12	G3173	μεγα	A-ASN	LXX_WH
Jób 24:12	G0846	αυτος	D-NSM	LXX_WH
Jób 24:12	G1161	δε	PRT	LXX_WH
Jób 24:12	G1223	δια	PREP	LXX_WH
Jób 24:12	G5100	τι	I-ASN	LXX_WH
Jób 24:12	G3778	τουτων	D-GPM	LXX_WH
Jób 24:12	G1984	επισκοπην	N-ASF	LXX_WH
Jób 24:12	G3364	ου	ADV	LXX_WH
Jób 24:12	G4160	πεποιηται	V-RMI-3S	LXX_WH
Jób 24:13	G1909	επι	PREP	LXX_WH
Jób 24:13	G1065	γης	N-GSF	LXX_WH
Jób 24:13	G1510	οντων	V-PAPGP	LXX_WH
Jób 24:13	G0846	αυτων	D-GPM	LXX_WH
Jób 24:13	G2532	και	CONJ	LXX_WH
Jób 24:13	G3364	ουκ	ADV	LXX_WH
Jób 24:13	G1921	επεγνωσαν	V-AAI-3P	LXX_WH
Jób 24:13	G3598	οδον	N-ASF	LXX_WH
Jób 24:13	G1161	δε	PRT	LXX_WH
Jób 24:13	G1343	δικαιοσυνης	N-GSF	LXX_WH
Jób 24:13	G3364	ουκ	ADV	LXX_WH
Jób 24:13		ηδεισαν	V-YAI-3P	ELTERO_SZOVEGALAP
Jób 24:13	G3761	ουδε	CONJ	LXX_WH
Jób 24:13		ατραπους	N-APF	ELTERO_SZOVEGALAP
Jób 24:13	G0846	αυτης	D-GSF	LXX_WH
Jób 24:13	G4198	επορευθησαν	V-API-3P	LXX_WH
Jób 24:14	G1097	γνους	V-AAPNS	LXX_WH
Jób 24:14	G1161	δε	PRT	LXX_WH
Jób 24:14	G0846	αυτων	D-GPM	LXX_WH
Jób 24:14	G3588	τα	T-APN	LXX_WH
Jób 24:14	G2041	εργα	N-APN	LXX_WH
Jób 24:14	G3860	παρεδωκεν	V-AAI-3S	LXX_WH
Jób 24:14	G0846	αυτους	D-APM	LXX_WH
Jób 24:14	G1519	εις	PREP	LXX_WH
Jób 24:14	G4655	σκοτος	N-ASN	LXX_WH
Jób 24:14	G2532	και	CONJ	LXX_WH
Jób 24:14	G3571	νυκτος	N-GSF	LXX_WH
Jób 24:14	G1510	εσται	V-FMI-3S	LXX_WH
Jób 24:14	G3739	ως	CONJ	LXX_WH
Jób 24:14	G2812	κλεπτης	N-NSM	LXX_WH
Jób 24:15	G2532	και	CONJ	LXX_WH
Jób 24:15	G3788	οφθαλμος	N-NSM	LXX_WH
Jób 24:15	G3432	μοιχου	N-GSM	LXX_WH
Jób 24:15	G5442	εφυλαξεν	V-AAI-3S	LXX_WH
Jób 24:15	G4655	σκοτος	N-ASN	LXX_WH
Jób 24:15	G3004	λεγων	V-PAPNS	LXX_WH
Jób 24:15	G3364	ου	ADV	LXX_WH
Jób 24:15		προσνοησει	V-FAI-3S	ELTERO_SZOVEGALAP
Jób 24:15	G1473	με	P-AS	LXX_WH
Jób 24:15	G3788	οφθαλμος	N-NSM	LXX_WH
Jób 24:15	G2532	και	CONJ	LXX_WH
Jób 24:15	G0612	αποκρυβην	N-ASF	ABP-potolt
Jób 24:15	G4383	προσωπου	N-GSN	LXX_WH
Jób 24:15	G5087	εθετο	V-AMI-3S	LXX_WH
Jób 24:16	G1358	διωρυξεν	V-AAI-3S	LXX_WH
Jób 24:16	G1722	εν	PREP	LXX_WH
Jób 24:16	G4655	σκοτει	N-DSN	LXX_WH
Jób 24:16	G3614	οικιας	N-APF	LXX_WH
Jób 24:16	G2250	ημερας	N-GSF	LXX_WH
Jób 24:16	G4972	εσφραγισαν	V-AAI-3P	LXX_WH
Jób 24:16	G1438	εαυτους	D-APM	LXX_WH
Jób 24:16	G3364	ουκ	ADV	LXX_WH
Jób 24:16	G1921	επεγνωσαν	V-AAI-3P	LXX_WH
Jób 24:16	G5457	φως	N-ASN	LXX_WH
Jób 24:17	G3754	οτι	CONJ	LXX_WH
Jób 24:17	G3661	ομοθυμαδον	ADV	LXX_WH
Jób 24:17	G3588	το	T-ASN	LXX_WH
Jób 24:17	G4404	πρωι	ADV	LXX_WH
Jób 24:17	G0846	αυτοις	D-DPM	LXX_WH
Jób 24:17	G4639	σκια	N-NSF	LXX_WH
Jób 24:17	G2288	θανατου	N-GSM	LXX_WH
Jób 24:17	G3754	οτι	CONJ	LXX_WH
Jób 24:17	G1921	επιγνωσεται	V-FMI-3S	LXX_WH
Jób 24:17	G5016	ταραχας	N-APF	LXX_WH
Jób 24:17	G4639	σκιας	N-GSF	LXX_WH
Jób 24:17	G2288	θανατου	N-GSM	LXX_WH
Jób 24:18	G1645	ελαφρος	A-NSM	LXX_WH
Jób 24:18	G1510	εστιν	V-PAI-3S	LXX_WH
Jób 24:18	G1909	επι	PREP	LXX_WH
Jób 24:18	G4383	προσωπον	N-ASN	LXX_WH
Jób 24:18	G5204	υδατος	N-GSN	LXX_WH
Jób 24:18	G2672	καταραθειη	V-APO-3S	ABP-potolt
Jób 24:18	G3588	η	T-NSF	LXX_WH
Jób 24:18	G3310	μερις	N-NSF	LXX_WH
Jób 24:18	G0846	αυτων	D-GPM	LXX_WH
Jób 24:18	G1909	επι	PREP	LXX_WH
Jób 24:18	G1065	γης	N-GSF	LXX_WH
Jób 24:19	G0398	αναφανειη	V-APO-3S	LXX_WH
Jób 24:19	G1161	δε	PRT	LXX_WH
Jób 24:19	G3588	τα	T-NPN	LXX_WH
Jób 24:19		φυτα	N-NPN	ELTERO_SZOVEGALAP
Jób 24:19	G0846	αυτων	D-GPM	LXX_WH
Jób 24:19	G1909	επι	PREP	LXX_WH
Jób 24:19	G1065	γης	N-GSF	LXX_WH
Jób 24:19	G3584	ξηρα	A-APN	LXX_WH
Jób 24:19		αγκαλιδα	N-APF	ELTERO_SZOVEGALAP
Jób 24:19	G1063	γαρ	PRT	LXX_WH
Jób 24:19	G3737	ορφανων	A-GPM	LXX_WH
Jób 24:19	G0726	ηρπασαν	V-AAI-3P	LXX_WH
Jób 24:20	G1534	ειτ	ADV	LXX_WH
Jób 24:20	G0363	ανεμνησθη	V-API-3S	LXX_WH
Jób 24:20	G0846	αυτου	D-GSM	LXX_WH
Jób 24:20	G3588	η	T-NSF	LXX_WH
Jób 24:20	G0266	αμαρτια	N-NSF	LXX_WH
Jób 24:20	G3746	ωσπερ	ADV	LXX_WH
Jób 24:20	G1161	δε	PRT	LXX_WH
Jób 24:20		ομιχλη	N-NSF	ELTERO_SZOVEGALAP
Jób 24:20		δροσου	N-GSF	ELTERO_SZOVEGALAP
Jób 24:20	G0852	αφανης	A-NSM	LXX_WH
Jób 24:20	G1096	εγενετο	V-AMI-3S	LXX_WH
Jób 24:20	G0591	αποδοθειη	V-APO-3S	LXX_WH
Jób 24:20	G1161	δε	PRT	LXX_WH
Jób 24:20	G0846	αυτω	D-DSM	LXX_WH
Jób 24:20	G3739	α	R-APN	LXX_WH
Jób 24:20	G4238	επραξεν	V-AAI-3S	LXX_WH
Jób 24:20	G4937	συντριβειη	V-APO-3S	LXX_WH
Jób 24:20	G1161	δε	PRT	LXX_WH
Jób 24:20	G3956	πας	A-NSM	LXX_WH
Jób 24:20	G0094	αδικος	A-NSM	LXX_WH
Jób 24:20	G2470	ισα	ADV	LXX_WH
Jób 24:20	G3586	ξυλω	N-DSN	LXX_WH
Jób 24:20	G0446	ανιατω	A-DSN	ABP-potolt
Jób 24:21		στειραν	N-ASF	ELTERO_SZOVEGALAP
Jób 24:21	G1063	γαρ	PRT	LXX_WH
Jób 24:21	G3364	ουκ	ADV	LXX_WH
Jób 24:21	G2095	ευ	ADV	LXX_WH
Jób 24:21	G4160	εποιησεν	V-AAI-3S	LXX_WH
Jób 24:21	G2532	και	CONJ	LXX_WH
Jób 24:21		γυναιον	N-ASN	ELTERO_SZOVEGALAP
Jób 24:21	G3364	ουκ	ADV	LXX_WH
Jób 24:21	G1653	ηλεησεν	V-AAI-3S	LXX_WH
Jób 24:22	G2372	θυμω	N-DSM	LXX_WH
Jób 24:22	G1161	δε	PRT	LXX_WH
Jób 24:22	G2690	κατεστρεψεν	V-AAI-3S	LXX_WH
Jób 24:22	G0102	αδυνατους	A-APM	LXX_WH
Jób 24:22	G0450	αναστας	V-AAPNS	LXX_WH
Jób 24:22	G5105	τοιγαρουν	CONJ	LXX_WH
Jób 24:22	G3364	ου	ADV	LXX_WH
Jób 24:22	G3165	μη	ADV	LXX_WH
Jób 24:22	G4100	πιστευση	V-FMI-2S	LXX_WH
Jób 24:22	G2596	κατα	PREP	LXX_WH
Jób 24:22	G3588	της	T-GSF	LXX_WH
Jób 24:22	G1438	εαυτου	D-GSM	LXX_WH
Jób 24:22	G2222	ζωης	N-GSF	LXX_WH
Jób 24:23		μαλακισθεις	V-APPNS	ELTERO_SZOVEGALAP
Jób 24:23	G3165	μη	ADV	LXX_WH
Jób 24:23	G1679	ελπιζετω	V-PAD-3S	LXX_WH
Jób 24:23		υγιασθηναι	V-APN	ELTERO_SZOVEGALAP
Jób 24:23	G0235	αλλα	CONJ	LXX_WH
Jób 24:23	G4098	πεσειται	V-FMI-3S	LXX_WH
Jób 24:23	G3554	νοσω	N-DSF	LXX_WH
Jób 24:24	G4183	πολλους	A-APM	LXX_WH
Jób 24:24	G1063	γαρ	PRT	LXX_WH
Jób 24:24	G2559	εκακωσεν	V-AAI-3S	LXX_WH
Jób 24:24	G3588	το	T-NSN	LXX_WH
Jób 24:24	G5313	υψωμα	N-NSN	LXX_WH
Jób 24:24	G0846	αυτου	D-GSM	LXX_WH
Jób 24:24	G3133	εμαρανθη	V-API-3S	LXX_WH
Jób 24:24	G1161	δε	PRT	LXX_WH
Jób 24:24	G3746	ωσπερ	ADV	LXX_WH
Jób 24:24		μολοχη	N-NSF	ELTERO_SZOVEGALAP
Jób 24:24	G1722	εν	PREP	LXX_WH
Jób 24:24	G2738	καυματι	N-DSN	LXX_WH
Jób 24:24	G2228	η	CONJ	LXX_WH
Jób 24:24	G3746	ωσπερ	ADV	LXX_WH
Jób 24:24	G4719	σταχυς	N-NSM	LXX_WH
Jób 24:24	G0575	απο	PREP	LXX_WH
Jób 24:24	G2562	καλαμης	N-GSF	LXX_WH
Jób 24:24	G0844	αυτοματος	A-NSM	LXX_WH
Jób 24:24	G0634	αποπεσων	V-AAPNS	LXX_WH
Jób 24:25	G1487	ει	CONJ	LXX_WH
Jób 24:25	G1161	δε	PRT	LXX_WH
Jób 24:25	G3165	μη	ADV	LXX_WH
Jób 24:25	G5100	τις	I-NSM	LXX_WH
Jób 24:25	G1510	εστιν	V-PAI-3S	LXX_WH
Jób 24:25	G3588	ο	T-NSM	LXX_WH
Jób 24:25	G5346	φαμενος	V-PMPNS	LXX_WH
Jób 24:25	G5571	ψευδη	A-APN	LXX_WH
Jób 24:25	G1473	με	P-AS	LXX_WH
Jób 24:25	G3004	λεγειν	V-PAN	LXX_WH
Jób 24:25	G2532	και	CONJ	LXX_WH
Jób 24:25	G5087	θησει	V-FAI-3S	LXX_WH
Jób 24:25	G1519	εις	PREP	LXX_WH
Jób 24:25	G3762	ουδεν	A-ASN	LXX_WH
Jób 24:25	G3588	τα	T-APN	LXX_WH
Jób 24:25	G4487	ρηματα	N-APN	LXX_WH
Jób 24:25	G1473	μου	P-GS	LXX_WH
Jób 25:1	G5274	υπολαβων	V-AAPNS	LXX_WH
Jób 25:1	G1161	δε	PRT	LXX_WH
Jób 25:1		βαλδαδ	N-PRI	ELTERO_SZOVEGALAP
Jób 25:1	G3588	ο	T-NSM	LXX_WH
Jób 25:1		σαυχιτης	N-NSM	ELTERO_SZOVEGALAP
Jób 25:1	G3004	λεγει	V-PAI-3S	LXX_WH
Jób 25:2	G5100	τι	I-NSN	LXX_WH
Jób 25:2	G1063	γαρ	PRT	LXX_WH
Jób 25:2		προοιμιον	N-NSN	ELTERO_SZOVEGALAP
Jób 25:2	G2228	η	CONJ	LXX_WH
Jób 25:2	G5401	φοβος	N-NSM	LXX_WH
Jób 25:2	G3844	παρ	PREP	LXX_WH
Jób 25:2	G0846	αυτου	D-GSM	LXX_WH
Jób 25:2	G3588	ο	T-NSM	LXX_WH
Jób 25:2	G4160	ποιων	V-PAPNS	LXX_WH
Jób 25:2	G3588	την	T-ASF	LXX_WH
Jób 25:2	G4840	συμπασαν	A-ASF	ABP-potolt
Jób 25:2	G1722	εν	PREP	LXX_WH
Jób 25:2	G5310	υψιστω	A-DSM	LXX_WH
Jób 25:3	G3165	μη	ADV	LXX_WH
Jób 25:3	G1063	γαρ	PRT	LXX_WH
Jób 25:3	G5100	τις	I-NSM	LXX_WH
Jób 25:3	G5274	υπολαβοι	V-AAO-3S	LXX_WH
Jób 25:3	G3754	οτι	CONJ	LXX_WH
Jób 25:3	G1510	εστιν	V-PAI-3S	LXX_WH
Jób 25:3		παρελκυσις	N-NSF	ELTERO_SZOVEGALAP
Jób 25:3		πειραταις	N-DPM	ELTERO_SZOVEGALAP
Jób 25:3	G1909	επι	PREP	LXX_WH
Jób 25:3	G5100	τινας	I-APM	LXX_WH
Jób 25:3	G1161	δε	PRT	LXX_WH
Jób 25:3	G3364	ουκ	ADV	LXX_WH
Jób 25:3		επελευσεται	V-FMI-3S	ELTERO_SZOVEGALAP
Jób 25:3	G1747	ενεδρα	N-NSF	LXX_WH
Jób 25:3	G3844	παρ	PREP	LXX_WH
Jób 25:3	G0846	αυτου	D-GSM	LXX_WH
Jób 25:4	G4459	πως	ADV	LXX_WH
Jób 25:4	G1063	γαρ	PRT	LXX_WH
Jób 25:4	G1510	εσται	V-FMI-3S	LXX_WH
Jób 25:4	G1342	δικαιος	A-NSM	LXX_WH
Jób 25:4	G1027	βροτος	N-NSM	ABP-potolt
Jób 25:4	G1725	εναντι	PREP	LXX_WH
Jób 25:4	G2962	κυριου	N-GSM	LXX_WH
Jób 25:4	G2228	η	CONJ	LXX_WH
Jób 25:4	G5100	τις	I-NSM	LXX_WH
Jób 25:4	G0302	αν	PRT	LXX_WH
Jób 25:4	G0599	αποκαθαρισαι	V-AAO-3S	ABP-potolt
Jób 25:4	G1438	εαυτον	D-ASM	LXX_WH
Jób 25:4	G1084	γεννητος	A-NSM	LXX_WH
Jób 25:4	G1135	γυναικος	N-GSF	LXX_WH
Jób 25:5	G1487	ει	CONJ	LXX_WH
Jób 25:5	G4582	σεληνη	N-DSF	LXX_WH
Jób 25:5	G4929	συντασσει	V-PAI-3S	LXX_WH
Jób 25:5	G2532	και	CONJ	LXX_WH
Jób 25:5	G3364	ουκ	ADV	LXX_WH
Jób 25:5	G2017	επιφαυσκει	V-PAI-3S	LXX_WH
Jób 25:5	G0798	αστρα	N-NPN	LXX_WH
Jób 25:5	G1161	δε	PRT	LXX_WH
Jób 25:5	G3364	ου	ADV	LXX_WH
Jób 25:5	G2513	καθαρα	A-NPN	LXX_WH
Jób 25:5	G1726	εναντιον	PREP	LXX_WH
Jób 25:5	G0846	αυτου	D-GSM	LXX_WH
Jób 25:6	G1436	εα	INJ	LXX_WH
Jób 25:6	G1161	δε	PRT	LXX_WH
Jób 25:6	G0444	ανθρωπος	N-NSM	LXX_WH
Jób 25:6	G4549	σαπρια	N-NSF	ABP-potolt
Jób 25:6	G2532	και	CONJ	LXX_WH
Jób 25:6	G5207	υιος	N-NSM	LXX_WH
Jób 25:6	G0444	ανθρωπου	N-GSM	LXX_WH
Jób 25:6	G4663	σκωληξ	N-NSM	LXX_WH
Jób 26:1	G5274	υπολαβων	V-AAPNS	LXX_WH
Jób 26:1	G1161	δε	PRT	LXX_WH
Jób 26:1	G2492	ιωβ	N-PRI	LXX_WH
Jób 26:1	G3004	λεγει	V-PAI-3S	LXX_WH
Jób 26:2	G5100	τινι	I-DSM	LXX_WH
Jób 26:2	G4343	προσκεισαι	V-PMI-2S	ABP-potolt
Jób 26:2	G2228	η	CONJ	LXX_WH
Jób 26:2	G5100	τινι	I-DSM	LXX_WH
Jób 26:2	G3195	μελλεις	V-PAI-2S	LXX_WH
Jób 26:2	G0997	βοηθειν	V-PAN	LXX_WH
Jób 26:2	G4220	ποτερον	ADV	LXX_WH
Jób 26:2	G3364	ουχ	ADV	LXX_WH
Jób 26:2	G3739	ω	R-DSM	LXX_WH
Jób 26:2	G4183	πολλη	A-NSF	LXX_WH
Jób 26:2	G2479	ισχυς	N-NSF	LXX_WH
Jób 26:2	G2532	και	CONJ	LXX_WH
Jób 26:2	G3739	ω	R-DSM	LXX_WH
Jób 26:2	G1023	βραχιων	N-NSM	LXX_WH
Jób 26:2	G2900	κραταιος	A-NSM	LXX_WH
Jób 26:2	G1510	εστιν	V-PAI-3S	LXX_WH
Jób 26:3	G5100	τινι	I-DSN	LXX_WH
Jób 26:3	G4823	συμβεβουλευσαι	V-RMI-2S	LXX_WH
Jób 26:3	G3364	ουχ	ADV	LXX_WH
Jób 26:3	G3739	ω	R-DSM	LXX_WH
Jób 26:3	G3956	πασα	A-NSF	LXX_WH
Jób 26:3	G4678	σοφια	N-NSF	LXX_WH
Jób 26:3	G2228	η	CONJ	LXX_WH
Jób 26:3	G5100	τινι	I-DSN	LXX_WH
Jób 26:3		επακολουθησεις	V-FAI-2S	ELTERO_SZOVEGALAP
Jób 26:3	G3364	ουχ	ADV	LXX_WH
Jób 26:3	G3739	ω	R-DSM	LXX_WH
Jób 26:3	G3173	μεγιστη	A-NSFS	LXX_WH
Jób 26:3	G1411	δυναμις	N-NSF	LXX_WH
Jób 26:4	G5100	τινι	I-DSN	LXX_WH
Jób 26:4	G0312	ανηγγειλας	V-AAI-2S	LXX_WH
Jób 26:4	G4487	ρηματα	N-APN	LXX_WH
Jób 26:4	G4157	πνοη	N-NSF	LXX_WH
Jób 26:4	G1161	δε	PRT	LXX_WH
Jób 26:4	G5100	τινος	I-GSN	LXX_WH
Jób 26:4	G1510	εστιν	V-PAI-3S	LXX_WH
Jób 26:4	G3588	η	T-NSF	LXX_WH
Jób 26:4	G1831	εξελθουσα	V-AAPNS	LXX_WH
Jób 26:4	G1537	εκ	PREP	LXX_WH
Jób 26:4	G4771	σου	P-GS	LXX_WH
Jób 26:5	G3165	μη	ADV	LXX_WH
Jób 26:5		γιγαντες	N-NPM	ELTERO_SZOVEGALAP
Jób 26:5		μαιωθησονται	V-FPI-3P	ELTERO_SZOVEGALAP
Jób 26:5		υποκατωθεν	ADV	ELTERO_SZOVEGALAP
Jób 26:5	G5204	υδατος	N-GSN	LXX_WH
Jób 26:5	G2532	και	CONJ	LXX_WH
Jób 26:5	G3588	των	T-GPM	LXX_WH
Jób 26:5	G1069	γειτονων	N-GPM	LXX_WH
Jób 26:5	G0846	αυτου	D-GSM	LXX_WH
Jób 26:6	G1131	γυμνος	A-NSM	LXX_WH
Jób 26:6	G3588	ο	T-NSM	LXX_WH
Jób 26:6	G0086	αδης	N-NSM	LXX_WH
Jób 26:6		επωπιον	ADV	ELTERO_SZOVEGALAP
Jób 26:6	G0846	αυτου	D-GSM	LXX_WH
Jób 26:6	G2532	και	CONJ	LXX_WH
Jób 26:6	G3364	ουκ	ADV	LXX_WH
Jób 26:6	G1510	εστιν	V-PAI-3S	LXX_WH
Jób 26:6	G4018	περιβολαιον	N-NSN	LXX_WH
Jób 26:6	G3588	τη	T-DSF	LXX_WH
Jób 26:6	G0684	απωλεια	N-DSF	LXX_WH
Jób 26:7	G1614	εκτεινων	V-PAPNS	LXX_WH
Jób 26:7	G1005	βορεαν	N-ASM	ABP-potolt
Jób 26:7	G1909	επ	PREP	LXX_WH
Jób 26:7	G3762	ουδεν	A-ASN	LXX_WH
Jób 26:7		κρεμαζων	V-PAPNS	ELTERO_SZOVEGALAP
Jób 26:7	G1065	γην	N-ASF	LXX_WH
Jób 26:7	G1909	επι	PREP	LXX_WH
Jób 26:7	G3762	ουδενος	A-GSM	LXX_WH
Jób 26:8	G1195	δεσμευων	V-PAPNS	LXX_WH
Jób 26:8	G5204	υδωρ	N-ASN	LXX_WH
Jób 26:8	G1722	εν	PREP	LXX_WH
Jób 26:8	G3507	νεφελαις	N-DPF	LXX_WH
Jób 26:8	G0846	αυτου	D-GSM	LXX_WH
Jób 26:8	G2532	και	CONJ	LXX_WH
Jób 26:8	G3364	ουκ	ADV	LXX_WH
Jób 26:8	G4486	ερραγη	V-API-3S	LXX_WH
Jób 26:8	G3509	νεφος	N-ASN	LXX_WH
Jób 26:8	G5270	υποκατω	ADV	LXX_WH
Jób 26:8	G0846	αυτου	D-GSM	LXX_WH
Jób 26:9	G3588	ο	T-NSM	LXX_WH
Jób 26:9	G2902	κρατων	V-PAPNS	LXX_WH
Jób 26:9	G4383	προσωπον	N-ASN	LXX_WH
Jób 26:9	G2362	θρονου	N-GSM	LXX_WH
Jób 26:9	G1600	εκπεταζων	V-PAPNS	ABP-potolt
Jób 26:9	G1909	επ	PREP	LXX_WH
Jób 26:9	G0846	αυτον	D-ASM	LXX_WH
Jób 26:9	G3509	νεφος	N-ASN	LXX_WH
Jób 26:9	G0846	αυτου	D-GSM	LXX_WH
Jób 26:10		προσταγμα	N-ASN	
Jób 26:10		εγυρωσεν	V-AAI-3S	
Jób 26:10	G1909	επι	PREP	LXX_WH
Jób 26:10	G4383	προσωπον	N-ASN	LXX_WH
Jób 26:10	G5204	υδατος	N-GSN	LXX_WH
Jób 26:10	G3360	μεχρι	PREP	LXX_WH
Jób 26:10	G4930	συντελειας	N-GSF	LXX_WH
Jób 26:10	G5457	φωτος	N-GSN	LXX_WH
Jób 26:10	G3326	μετα	PREP	LXX_WH
Jób 26:10	G4655	σκοτους	N-GSN	LXX_WH
Jób 26:11	G4769	στυλοι	N-NPM	LXX_WH
Jób 26:11	G3772	ουρανου	N-GSM	LXX_WH
Jób 26:11	G4070	επετασθησαν	V-API-3P	ABP-potolt
Jób 26:11	G2532	και	CONJ	LXX_WH
Jób 26:11	G1839	εξεστησαν	V-AAI-3P	LXX_WH
Jób 26:11	G0575	απο	PREP	LXX_WH
Jób 26:11	G3588	της	T-GSF	LXX_WH
Jób 26:11		επιτιμησεως	N-GSF	ELTERO_SZOVEGALAP
Jób 26:11	G0846	αυτου	D-GSM	LXX_WH
Jób 26:12	G2479	ισχυι	N-DSF	LXX_WH
Jób 26:12	G2664	κατεπαυσεν	V-AAI-3S	LXX_WH
Jób 26:12	G3588	την	T-ASF	LXX_WH
Jób 26:12	G2281	θαλασσαν	N-ASF	LXX_WH
Jób 26:12		επιστημη	N-DSF	ELTERO_SZOVEGALAP
Jób 26:12	G1161	δε	PRT	LXX_WH
Jób 26:12		ετρωσε	V-AAI-3S	ELTERO_SZOVEGALAP
Jób 26:12	G3588	το	T-ASN	LXX_WH
Jób 26:12	G2785	κητος	N-ASN	LXX_WH
Jób 26:13		κλειθρα	N-NPN	ELTERO_SZOVEGALAP
Jób 26:13	G1161	δε	PRT	LXX_WH
Jób 26:13	G3772	ουρανου	N-GSM	LXX_WH
Jób 26:13		δεδοικασιν	V-RAI-3P	ELTERO_SZOVEGALAP
Jób 26:13	G0846	αυτον	D-ASM	LXX_WH
Jób 26:13		προσταγματι	N-DSN	ELTERO_SZOVEGALAP
Jób 26:13	G1161	δε	PRT	LXX_WH
Jób 26:13	G2289	εθανατωσεν	V-AAI-3S	LXX_WH
Jób 26:13	G1404	δρακοντα	N-ASM	LXX_WH
Jób 26:13	G0647	αποστατην	N-ASM	ABP-potolt
Jób 26:14	G2400	ιδου	INJ	LXX_WH
Jób 26:14	G3778	ταυτα	D-NPN	LXX_WH
Jób 26:14	G3313	μερη	N-NPN	LXX_WH
Jób 26:14	G3598	οδου	N-GSF	LXX_WH
Jób 26:14	G0846	αυτου	D-GSM	LXX_WH
Jób 26:14	G2532	και	CONJ	LXX_WH
Jób 26:14	G1909	επι	PREP	LXX_WH
Jób 26:14	G2429	ικμαδα	N-APF	LXX_WH
Jób 26:14	G3056	λογου	N-GSM	LXX_WH
Jób 26:14	G0191	ακουσομεθα	V-FMI-1P	LXX_WH
Jób 26:14	G1722	εν	PREP	LXX_WH
Jób 26:14	G0846	αυτω	D-DSM	LXX_WH
Jób 26:14		σθενος	N-ASN	ELTERO_SZOVEGALAP
Jób 26:14	G1161	δε	PRT	LXX_WH
Jób 26:14	G1027	βροντης	N-GSF	LXX_WH
Jób 26:14	G0846	αυτου	D-GSM	LXX_WH
Jób 26:14	G5100	τις	I-NSM	LXX_WH
Jób 26:14	G1492	οιδεν	V-RAI-3S	ABP-potolt
Jób 26:14	G3698	οποτε	ADV	LXX_WH
Jób 26:14	G4160	ποιησει	V-FAI-3S	LXX_WH
Jób 27:1	G2089	ετι	ADV	LXX_WH
Jób 27:1	G1161	δε	PRT	LXX_WH
Jób 27:1	G4369	προσθεις	V-AAPNS	LXX_WH
Jób 27:1	G2492	ιωβ	N-PRI	LXX_WH
Jób 27:1		ειπεν	V-AAI-3S	ELTERO_SZOVEGALAP
Jób 27:1	G3588	τω	T-DSN	LXX_WH
Jób 27:1	G4307	προοιμιω	N-DSN	ABP-potolt
Jób 27:2	G2198	ζη	V-PAI-3S	LXX_WH
Jób 27:2	G2962	κυριος	N-NSM	LXX_WH
Jób 27:2	G3739	ος	R-NSM	LXX_WH
Jób 27:2	G3778	ουτω	ADV	LXX_WH
Jób 27:2	G1473	με	P-AS	LXX_WH
Jób 27:2	G2919	κεκρικεν	V-RAI-3S	LXX_WH
Jób 27:2	G2532	και	CONJ	LXX_WH
Jób 27:2	G3588	ο	T-NSM	LXX_WH
Jób 27:2	G3841	παντοκρατωρ	N-NSM	LXX_WH
Jób 27:2	G3588	ο	T-NSM	LXX_WH
Jób 27:2	G4087	πικρανας	V-AAPNS	LXX_WH
Jób 27:2	G1473	μου	P-GS	LXX_WH
Jób 27:2	G3588	την	T-ASF	LXX_WH
Jób 27:2	G5590	ψυχην	N-ASF	LXX_WH
Jób 27:3	G2228	η	ADV	LXX_WH
Jób 27:3	G3303	μην	PRT	LXX_WH
Jób 27:3	G2089	ετι	ADV	LXX_WH
Jób 27:3	G3588	της	T-GSF	LXX_WH
Jób 27:3	G4157	πνοης	N-GSF	LXX_WH
Jób 27:3	G1473	μου	P-GS	LXX_WH
Jób 27:3	G1751	ενουσης	V-PAPGS	LXX_WH
Jób 27:3	G4151	πνευμα	N-NSN	LXX_WH
Jób 27:3	G1161	δε	PRT	LXX_WH
Jób 27:3	G2304	θειον	A-NSN	LXX_WH
Jób 27:3	G3588	το	T-NSN	LXX_WH
Jób 27:3	G4019	περιον	V-PAPNS	ABP-potolt
Jób 27:3	G1473	μοι	P-DS	LXX_WH
Jób 27:3	G1722	εν	PREP	LXX_WH
Jób 27:3	G4492	ρισιν	N-DPF	ABP-potolt
Jób 27:4	G3165	μη	ADV	LXX_WH
Jób 27:4	G2980	λαλησειν	V-FAN	LXX_WH
Jób 27:4	G3588	τα	T-APN	LXX_WH
Jób 27:4	G5491	χειλη	N-APN	LXX_WH
Jób 27:4	G1473	μου	P-GS	LXX_WH
Jób 27:4	G0459	ανομα	A-APN	LXX_WH
Jób 27:4	G3761	ουδε	CONJ	LXX_WH
Jób 27:4	G3588	η	T-NSF	LXX_WH
Jób 27:4	G5590	ψυχη	N-NSF	LXX_WH
Jób 27:4	G1473	μου	P-GS	LXX_WH
Jób 27:4	G3191	μελετησει	V-FAI-3S	LXX_WH
Jób 27:4	G0094	αδικα	A-APN	LXX_WH
Jób 27:5	G3165	μη	ADV	LXX_WH
Jób 27:5	G1473	μοι	P-DS	LXX_WH
Jób 27:5	G1510	ειη	V-PAO-3S	LXX_WH
Jób 27:5	G1342	δικαιους	A-APM	LXX_WH
Jób 27:5	G4771	υμας	P-AP	LXX_WH
Jób 27:5		αποφηναι	V-AAN	ELTERO_SZOVEGALAP
Jób 27:5	G2193	εως	CONJ	LXX_WH
Jób 27:5	G0302	αν	PRT	LXX_WH
Jób 27:5	G0599	αποθανω	V-AAS-1S	LXX_WH
Jób 27:5	G3364	ου	ADV	LXX_WH
Jób 27:5	G1063	γαρ	PRT	LXX_WH
Jób 27:5	G0525	απαλλαξω	V-FAI-1S	LXX_WH
Jób 27:5	G1473	μου	P-GS	LXX_WH
Jób 27:5	G3588	την	T-ASF	LXX_WH
Jób 27:5	G0171	ακακιαν	N-ASF	ABP-potolt
Jób 27:6	G1343	δικαιοσυνη	N-DSF	LXX_WH
Jób 27:6	G1161	δε	PRT	LXX_WH
Jób 27:6	G4337	προσεχων	V-PAPNS	LXX_WH
Jób 27:6	G3364	ου	ADV	LXX_WH
Jób 27:6	G3165	μη	ADV	LXX_WH
Jób 27:6		προωμαι	V-AMS-1S	ELTERO_SZOVEGALAP
Jób 27:6	G3364	ου	ADV	LXX_WH
Jób 27:6	G1063	γαρ	PRT	LXX_WH
Jób 27:6	G4894	συνοιδα	V-RAI-1S	ABP-potolt
Jób 27:6	G1683	εμαυτω	D-DSM	LXX_WH
Jób 27:6	G0824	ατοπα	A-APN	LXX_WH
Jób 27:6	G4238	πραξας	V-AAPNS	LXX_WH
Jób 27:7	G3364	ου	ADV	LXX_WH
Jób 27:7	G3303	μην	PRT	LXX_WH
Jób 27:7	G1161	δε	PRT	LXX_WH
Jób 27:7	G0235	αλλα	CONJ	LXX_WH
Jób 27:7	G1510	ειησαν	V-PAO-3P	LXX_WH
Jób 27:7	G3588	οι	T-NPM	LXX_WH
Jób 27:7	G2190	εχθροι	N-NPM	LXX_WH
Jób 27:7	G1473	μου	P-GS	LXX_WH
Jób 27:7	G3746	ωσπερ	ADV	LXX_WH
Jób 27:7	G3588	η	T-NSF	LXX_WH
Jób 27:7	G2692	καταστροφη	N-NSF	LXX_WH
Jób 27:7	G3588	των	T-GPM	LXX_WH
Jób 27:7	G0765	ασεβων	A-GPM	LXX_WH
Jób 27:7	G2532	και	CONJ	LXX_WH
Jób 27:7	G3588	οι	T-NPM	LXX_WH
Jób 27:7	G1909	επ	PREP	LXX_WH
Jób 27:7	G1473	εμε	P-AS	LXX_WH
Jób 27:7		επανιστανομενοι	V-AMPNP	ELTERO_SZOVEGALAP
Jób 27:7	G3746	ωσπερ	ADV	LXX_WH
Jób 27:7	G3588	η	T-NSF	LXX_WH
Jób 27:7	G0684	απωλεια	N-NSF	LXX_WH
Jób 27:7	G3588	των	T-GPM	LXX_WH
Jób 27:7	G3892	παρανομων	A-GPM	ABP-potolt
Jób 27:8	G2532	και	CONJ	LXX_WH
Jób 27:8	G5100	τις	I-NSM	LXX_WH
Jób 27:8	G1063	γαρ	PRT	LXX_WH
Jób 27:8	G1510	εστιν	V-PAI-3S	LXX_WH
Jób 27:8	G1680	ελπις	N-NSF	LXX_WH
Jób 27:8	G0765	ασεβει	A-DSM	LXX_WH
Jób 27:8	G3754	οτι	CONJ	LXX_WH
Jób 27:8	G1907	επεχει	V-PAI-3S	ABP-potolt
Jób 27:8	G3982	πεποιθως	V-RAPNS	LXX_WH
Jób 27:8	G1909	επι	PREP	LXX_WH
Jób 27:8	G2962	κυριον	N-ASM	LXX_WH
Jób 27:8	G0685	αρα	PRT	LXX_WH
Jób 27:8	G4982	σωθησεται	V-FPI-3S	LXX_WH
Jób 27:9	G2228	η	ADV	LXX_WH
Jób 27:9	G3588	την	T-ASF	LXX_WH
Jób 27:9	G1162	δεησιν	N-ASF	LXX_WH
Jób 27:9	G0846	αυτου	D-GSM	LXX_WH
Jób 27:9	G1522	εισακουσεται	V-FMI-3S	LXX_WH
Jób 27:9	G2962	κυριος	N-NSM	LXX_WH
Jób 27:9	G2228	η	CONJ	LXX_WH
Jób 27:9		επελθουσης	V-AAPGS	ELTERO_SZOVEGALAP
Jób 27:9	G0846	αυτω	D-DSM	LXX_WH
Jób 27:9		αναγκης	N-GSF	ELTERO_SZOVEGALAP
Jób 27:10	G3165	μη	ADV	LXX_WH
Jób 27:10	G2192	εχει	V-PAI-3S	LXX_WH
Jób 27:10	G5100	τινα	I-ASM	LXX_WH
Jób 27:10		παρρησιαν	N-ASF	ELTERO_SZOVEGALAP
Jób 27:10	G1725	εναντι	PREP	LXX_WH
Jób 27:10	G0846	αυτου	D-GSM	LXX_WH
Jób 27:10	G2228	η	CONJ	LXX_WH
Jób 27:10	G3739	ως	CONJ	LXX_WH
Jób 27:10		επικαλεσαμενου	V-AMPGS	ELTERO_SZOVEGALAP
Jób 27:10	G0846	αυτου	D-GSM	LXX_WH
Jób 27:10	G1522	εισακουσεται	V-FMI-3S	LXX_WH
Jób 27:10	G0846	αυτου	D-GSM	LXX_WH
Jób 27:11	G0235	αλλα	CONJ	LXX_WH
Jób 27:11	G1161	δη	PRT	LXX_WH
Jób 27:11	G0312	αναγγελω	V-FAI-1S	LXX_WH
Jób 27:11	G4771	υμιν	P-DP	LXX_WH
Jób 27:11	G5100	τι	I-ASN	LXX_WH
Jób 27:11	G1510	εστιν	V-PAI-3S	LXX_WH
Jób 27:11	G1722	εν	PREP	LXX_WH
Jób 27:11	G5495	χειρι	N-DSF	LXX_WH
Jób 27:11	G2962	κυριου	N-GSM	LXX_WH
Jób 27:11	G3739	α	R-APN	LXX_WH
Jób 27:11	G1510	εστιν	V-PAI-3S	LXX_WH
Jób 27:11	G3844	παρα	PREP	LXX_WH
Jób 27:11	G3841	παντοκρατορι	N-DSM	LXX_WH
Jób 27:11	G3364	ου	ADV	LXX_WH
Jób 27:11		ψευσομαι	V-FMI-1S	ELTERO_SZOVEGALAP
Jób 27:12	G2400	ιδου	INJ	LXX_WH
Jób 27:12	G1161	δη	PRT	LXX_WH
Jób 27:12	G3956	παντες	A-NPM	LXX_WH
Jób 27:12		οιδατε	V-RAD-2P	ELTERO_SZOVEGALAP
Jób 27:12	G3754	οτι	CONJ	LXX_WH
Jób 27:12	G2756	κενα	A-APN	LXX_WH
Jób 27:12	G2756	κενοις	A-DPM	LXX_WH
Jób 27:12	G1911	επιβαλλετε	V-PAI-2P	LXX_WH
Jób 27:13	G3778	αυτη	D-NSF	LXX_WH
Jób 27:13	G3588	η	T-NSF	LXX_WH
Jób 27:13	G3310	μερις	N-NSF	LXX_WH
Jób 27:13	G0444	ανθρωπου	N-GSM	LXX_WH
Jób 27:13	G0765	ασεβους	A-GSM	LXX_WH
Jób 27:13	G3844	παρα	PREP	LXX_WH
Jób 27:13	G2962	κυριου	N-GSM	LXX_WH
Jób 27:13	G2933	κτημα	N-NSN	LXX_WH
Jób 27:13	G1161	δε	PRT	LXX_WH
Jób 27:13	G1413	δυναστων	N-GPM	LXX_WH
Jób 27:13	G2064	ελευσεται	V-FMI-3S	LXX_WH
Jób 27:13	G3844	παρα	PREP	LXX_WH
Jób 27:13	G3841	παντοκρατορος	N-GSM	LXX_WH
Jób 27:13	G1909	επ	PREP	LXX_WH
Jób 27:13	G0846	αυτους	D-APM	LXX_WH
Jób 27:14	G1437	εαν	CONJ	LXX_WH
Jób 27:14	G1161	δε	PRT	LXX_WH
Jób 27:14	G4183	πολλοι	A-NPM	LXX_WH
Jób 27:14	G1096	γενωνται	V-AMS-3P	LXX_WH
Jób 27:14	G3588	οι	T-NPM	LXX_WH
Jób 27:14	G5207	υιοι	N-NPM	LXX_WH
Jób 27:14	G0846	αυτου	D-GSM	LXX_WH
Jób 27:14	G1519	εις	PREP	LXX_WH
Jób 27:14	G4967	σφαγην	N-ASF	LXX_WH
Jób 27:14	G1510	εσονται	V-FMI-3P	LXX_WH
Jób 27:14	G1437	εαν	CONJ	LXX_WH
Jób 27:14	G1161	δε	PRT	LXX_WH
Jób 27:14	G2532	και	CONJ	LXX_WH
Jób 27:14	G0409	ανδρωθωσιν	V-APS-3P	ABP-potolt
Jób 27:14	G4319	προσαιτησουσιν	V-FAI-3P	LXX_WH
Jób 27:15	G3588	οι	T-NPM	LXX_WH
Jób 27:15	G1161	δε	PRT	LXX_WH
Jób 27:15		περιοντες	V-PAPNP	ELTERO_SZOVEGALAP
Jób 27:15	G0846	αυτου	D-GSM	LXX_WH
Jób 27:15	G1722	εν	PREP	LXX_WH
Jób 27:15	G2288	θανατω	N-DSM	LXX_WH
Jób 27:15	G5053	τελευτησουσιν	V-FAI-3P	LXX_WH
Jób 27:15	G5503	χηρας	N-GSF	LXX_WH
Jób 27:15	G1161	δε	PRT	LXX_WH
Jób 27:15	G0846	αυτων	D-GPM	LXX_WH
Jób 27:15	G3762	ουθεις	A-NSF	LXX_WH
Jób 27:15	G1653	ελεησει	V-FAI-3S	LXX_WH
Jób 27:16	G1437	εαν	CONJ	LXX_WH
Jób 27:16	G4863	συναγαγη	V-AAS-3S	LXX_WH
Jób 27:16	G3746	ωσπερ	ADV	LXX_WH
Jób 27:16	G1065	γην	N-ASF	LXX_WH
Jób 27:16	G0694	αργυριον	N-ASN	LXX_WH
Jób 27:16	G2470	ισα	ADV	LXX_WH
Jób 27:16	G1161	δε	PRT	LXX_WH
Jób 27:16	G4081	πηλω	N-DSM	LXX_WH
Jób 27:16	G2090	ετοιμαση	V-FMI-2S	LXX_WH
Jób 27:16	G5553	χρυσιον	N-ASN	LXX_WH
Jób 27:17	G3778	ταυτα	D-APN	LXX_WH
Jób 27:17	G3956	παντα	A-APN	LXX_WH
Jób 27:17	G1342	δικαιοι	A-NPM	LXX_WH
Jób 27:17	G4046	περιποιησονται	V-FMI-3P	ABP-potolt
Jób 27:17	G3588	τα	T-APN	LXX_WH
Jób 27:17	G1161	δε	PRT	LXX_WH
Jób 27:17	G5536	χρηματα	N-APN	LXX_WH
Jób 27:17	G0846	αυτου	D-GSM	LXX_WH
Jób 27:17	G0228	αληθινοι	A-NPM	LXX_WH
Jób 27:17	G2722	καθεξουσιν	V-FAI-3P	LXX_WH
Jób 27:18	G0576	απεβη	V-AAI-3S	LXX_WH
Jób 27:18	G1161	δε	PRT	LXX_WH
Jób 27:18	G3588	ο	T-NSM	LXX_WH
Jób 27:18	G3624	οικος	N-NSM	LXX_WH
Jób 27:18	G0846	αυτου	D-GSM	LXX_WH
Jób 27:18	G3746	ωσπερ	ADV	LXX_WH
Jób 27:18	G4597	σητες	N-NPM	LXX_WH
Jób 27:18	G2532	και	CONJ	LXX_WH
Jób 27:18	G3746	ωσπερ	ADV	LXX_WH
Jób 27:18		αραχνη	N-NSF	ELTERO_SZOVEGALAP
Jób 27:19	G4145	πλουσιος	A-NSM	LXX_WH
Jób 27:19	G2837	κοιμηθεις	V-APPNS	LXX_WH
Jób 27:19	G2532	και	CONJ	LXX_WH
Jób 27:19	G3364	ου	ADV	LXX_WH
Jób 27:19	G4369	προσθησει	V-FAI-3S	LXX_WH
Jób 27:19	G3788	οφθαλμους	N-APM	LXX_WH
Jób 27:19	G0846	αυτου	D-GSM	LXX_WH
Jób 27:19	G1272	διηνοιξεν	V-AAI-3S	LXX_WH
Jób 27:19	G2532	και	CONJ	LXX_WH
Jób 27:19	G3364	ουκ	ADV	LXX_WH
Jób 27:19	G1510	εστιν	V-PAI-3S	LXX_WH
Jób 27:20	G4876	συνηντησαν	V-AAI-3P	LXX_WH
Jób 27:20	G0846	αυτω	D-DSM	LXX_WH
Jób 27:20	G3746	ωσπερ	ADV	LXX_WH
Jób 27:20	G5204	υδωρ	N-NSN	LXX_WH
Jób 27:20	G3588	αι	T-NPF	LXX_WH
Jób 27:20	G3601	οδυναι	N-NPF	LXX_WH
Jób 27:20	G3571	νυκτι	N-DSF	LXX_WH
Jób 27:20	G1161	δε	PRT	LXX_WH
Jób 27:20		υφειλατο	V-AMI-3S	ELTERO_SZOVEGALAP
Jób 27:20	G0846	αυτον	D-ASM	LXX_WH
Jób 27:20	G1105	γνοφος	N-NSM	LXX_WH
Jób 27:21	G0353	αναλημψεται	V-FMI-3S	LXX_WH
Jób 27:21	G0846	αυτον	D-ASM	LXX_WH
Jób 27:21	G2545	καυσων	V-FAPNS	LXX_WH
Jób 27:21	G2532	και	CONJ	LXX_WH
Jób 27:21	G0565	απελευσεται	V-FMI-3S	LXX_WH
Jób 27:21	G2532	και	CONJ	LXX_WH
Jób 27:21	G3039	λικμησει	V-FAI-3S	LXX_WH
Jób 27:21	G0846	αυτον	D-ASM	LXX_WH
Jób 27:21	G1537	εκ	PREP	LXX_WH
Jób 27:21	G3588	του	T-GSM	LXX_WH
Jób 27:21	G5117	τοπου	N-GSM	LXX_WH
Jób 27:21	G0846	αυτου	D-GSM	LXX_WH
Jób 27:22	G2532	και	CONJ	LXX_WH
Jób 27:22	G1977	επιρριψει	V-FAI-3S	ABP-potolt
Jób 27:22	G1909	επ	PREP	LXX_WH
Jób 27:22	G0846	αυτον	D-ASM	LXX_WH
Jób 27:22	G2532	και	CONJ	LXX_WH
Jób 27:22	G3364	ου	ADV	LXX_WH
Jób 27:22	G5339	φεισεται	V-FMI-3S	LXX_WH
Jób 27:22	G1537	εκ	PREP	LXX_WH
Jób 27:22	G5495	χειρος	N-GSF	LXX_WH
Jób 27:22	G0846	αυτου	D-GSM	LXX_WH
Jób 27:22	G5437	φυγη	N-DSF	LXX_WH
Jób 27:22	G5343	φευξεται	V-FMI-3S	LXX_WH
Jób 27:23	G2924	κροτησει	V-FAI-3S	ABP-potolt
Jób 27:23	G1909	επ	PREP	LXX_WH
Jób 27:23	G0846	αυτου	D-GSM	LXX_WH
Jób 27:23	G5495	χειρας	N-APF	LXX_WH
Jób 27:23	G0846	αυτου	D-GSM	LXX_WH
Jób 27:23	G2532	και	CONJ	LXX_WH
Jób 27:23		συριει	V-FAI-3S	ELTERO_SZOVEGALAP
Jób 27:23	G0846	αυτον	D-ASM	LXX_WH
Jób 27:23	G1537	εκ	PREP	LXX_WH
Jób 27:23	G3588	του	T-GSM	LXX_WH
Jób 27:23	G5117	τοπου	N-GSM	LXX_WH
Jób 27:23	G0846	αυτου	D-GSN	LXX_WH
Jób 28:1	G1510	εστιν	V-PAI-3S	LXX_WH
Jób 28:1	G1063	γαρ	PRT	LXX_WH
Jób 28:1	G0694	αργυριω	N-DSN	LXX_WH
Jób 28:1	G5117	τοπος	N-NSM	LXX_WH
Jób 28:1	G3606	οθεν	ADV	LXX_WH
Jób 28:1	G1096	γινεται	V-PMI-3S	LXX_WH
Jób 28:1	G5117	τοπος	N-NSM	LXX_WH
Jób 28:1	G1161	δε	PRT	LXX_WH
Jób 28:1	G5553	χρυσιω	N-DSN	LXX_WH
Jób 28:1	G3606	οθεν	ADV	LXX_WH
Jób 28:1	G1335	διηθειται	V-AMI-3S	ABP-potolt
Jób 28:2	G4604	σιδηρος	N-NSM	LXX_WH
Jób 28:2	G3303	μεν	PRT	LXX_WH
Jób 28:2	G1063	γαρ	PRT	LXX_WH
Jób 28:2	G1537	εκ	PREP	LXX_WH
Jób 28:2	G1065	γης	N-GSF	LXX_WH
Jób 28:2	G1096	γινεται	V-PMI-3S	LXX_WH
Jób 28:2	G5475	χαλκος	N-NSM	LXX_WH
Jób 28:2	G1161	δε	PRT	LXX_WH
Jób 28:2	G2470	ισα	ADV	LXX_WH
Jób 28:2	G3037	λιθω	N-DSM	LXX_WH
Jób 28:2	G2998	λατομειται	V-PMI-3S	LXX_WH
Jób 28:3	G5010	ταξιν	N-ASF	LXX_WH
Jób 28:3	G5087	εθετο	V-AMI-3S	LXX_WH
Jób 28:3	G4655	σκοτει	N-DSN	LXX_WH
Jób 28:3	G2532	και	CONJ	LXX_WH
Jób 28:3	G3956	παν	A-NSN	LXX_WH
Jób 28:3	G4009	περας	N-NSN	LXX_WH
Jób 28:3	G0846	αυτος	D-NSM	LXX_WH
Jób 28:3		εξακριβαζεται	V-PMI-3S	ELTERO_SZOVEGALAP
Jób 28:3	G3037	λιθος	N-NSM	LXX_WH
Jób 28:3	G4653	σκοτια	N-NSF	LXX_WH
Jób 28:3	G2532	και	CONJ	LXX_WH
Jób 28:3	G4639	σκια	N-NSF	LXX_WH
Jób 28:3	G2288	θανατου	N-GSM	LXX_WH
Jób 28:4		διακοπη	N-NSF	ELTERO_SZOVEGALAP
Jób 28:4		χειμαρρου	N-GSM	ELTERO_SZOVEGALAP
Jób 28:4	G0575	απο	PREP	LXX_WH
Jób 28:4	G2866	κονιας	N-GSF	ABP-potolt
Jób 28:4	G3588	οι	T-NPM	LXX_WH
Jób 28:4	G1161	δε	PRT	LXX_WH
Jób 28:4		επιλανθανομενοι	V-PMPNP	ELTERO_SZOVEGALAP
Jób 28:4	G3598	οδον	N-ASF	LXX_WH
Jób 28:4	G1342	δικαιαν	A-ASF	LXX_WH
Jób 28:4	G0770	ησθενησαν	V-AAI-3P	LXX_WH
Jób 28:4	G1537	εκ	PREP	LXX_WH
Jób 28:4		βροτων	N-GPM	ELTERO_SZOVEGALAP
Jób 28:5	G1065	γη	N-NSF	LXX_WH
Jób 28:5	G1537	εξ	PREP	LXX_WH
Jób 28:5	G0846	αυτης	D-GSF	LXX_WH
Jób 28:5	G1831	εξελευσεται	V-FMI-3S	LXX_WH
Jób 28:5	G0740	αρτος	N-NSM	LXX_WH
Jób 28:5	G5270	υποκατω	ADV	LXX_WH
Jób 28:5	G0846	αυτης	D-GSF	LXX_WH
Jób 28:5	G4762	εστραφη	V-API-3S	LXX_WH
Jób 28:5	G5616	ωσει	ADV	LXX_WH
Jób 28:5	G4442	πυρ	N-NSN	LXX_WH
Jób 28:6	G5117	τοπος	N-NSM	LXX_WH
Jób 28:6	G4552	σαπφειρου	N-GSF	LXX_WH
Jób 28:6	G3588	οι	T-NPM	LXX_WH
Jób 28:6	G3037	λιθοι	N-NPM	LXX_WH
Jób 28:6	G0846	αυτης	D-GSF	LXX_WH
Jób 28:6	G2532	και	CONJ	LXX_WH
Jób 28:6	G5560	χωμα	N-NSN	ABP-potolt
Jób 28:6	G5553	χρυσιον	N-NSN	LXX_WH
Jób 28:6	G0846	αυτω	D-DSM	LXX_WH
Jób 28:7	G5147	τριβος	N-NSF	LXX_WH
Jób 28:7	G3364	ουκ	ADV	LXX_WH
Jób 28:7	G1097	εγνω	V-AAI-3S	LXX_WH
Jób 28:7	G0846	αυτην	D-ASF	LXX_WH
Jób 28:7	G4071	πετεινον	N-NSN	LXX_WH
Jób 28:7	G2532	και	CONJ	LXX_WH
Jób 28:7	G3364	ου	ADV	LXX_WH
Jób 28:7		παρεβλεψεν	V-AAI-3S	ELTERO_SZOVEGALAP
Jób 28:7	G0846	αυτην	D-ASF	LXX_WH
Jób 28:7	G3788	οφθαλμος	N-NSM	LXX_WH
Jób 28:7	G1135	γυπος	N-GSM	ABP-potolt
Jób 28:8	G3364	ουκ	ADV	LXX_WH
Jób 28:8	G3961	επατησαν	V-AAI-3P	LXX_WH
Jób 28:8	G0846	αυτην	D-ASF	LXX_WH
Jób 28:8	G5207	υιοι	N-NPM	LXX_WH
Jób 28:8	G0213	αλαζονων	N-GPM	LXX_WH
Jób 28:8	G3364	ου	ADV	LXX_WH
Jób 28:8	G3928	παρηλθεν	V-AAI-3S	LXX_WH
Jób 28:8	G1909	επ	PREP	LXX_WH
Jób 28:8	G0846	αυτης	D-GSF	LXX_WH
Jób 28:8	G3023	λεων	N-NSM	LXX_WH
Jób 28:9	G1722	εν	PREP	LXX_WH
Jób 28:9	G0206	ακροτομω	A-DSM	ABP-potolt
Jób 28:9	G1614	εξετεινεν	V-AAI-3S	LXX_WH
Jób 28:9	G5495	χειρα	N-ASF	LXX_WH
Jób 28:9	G0846	αυτου	D-GSM	LXX_WH
Jób 28:9	G2690	κατεστρεψεν	V-AAI-3S	LXX_WH
Jób 28:9	G1161	δε	PRT	LXX_WH
Jób 28:9	G1537	εκ	PREP	LXX_WH
Jób 28:9	G4491	ριζων	N-GPF	ABP-potolt
Jób 28:9	G3735	ορη	N-APN	LXX_WH
Jób 28:10		δινας	N-APF	ELTERO_SZOVEGALAP
Jób 28:10	G1161	δε	PRT	LXX_WH
Jób 28:10	G4215	ποταμων	N-GPM	LXX_WH
Jób 28:10	G4486	ερρηξεν	V-AAI-3S	LXX_WH
Jób 28:10	G3956	παν	A-ASN	LXX_WH
Jób 28:10	G1161	δε	PRT	LXX_WH
Jób 28:10	G1784	εντιμον	A-ASN	LXX_WH
Jób 28:10	G3708	ειδεν	V-AAI-3S	LXX_WH
Jób 28:10	G1473	μου	P-GS	LXX_WH
Jób 28:10	G3588	ο	T-NSM	LXX_WH
Jób 28:10	G3788	οφθαλμος	N-NSM	LXX_WH
Jób 28:11	G0899	βαθη	N-APN	LXX_WH
Jób 28:11	G1161	δε	PRT	LXX_WH
Jób 28:11	G4215	ποταμων	N-GPM	LXX_WH
Jób 28:11	G0343	ανεκαλυψεν	V-AAI-3S	LXX_WH
Jób 28:11	G1166	εδειξεν	V-AAI-3S	LXX_WH
Jób 28:11	G1161	δε	PRT	LXX_WH
Jób 28:11	G1438	εαυτου	D-GSM	LXX_WH
Jób 28:11	G1411	δυναμιν	N-ASF	LXX_WH
Jób 28:11	G1519	εις	PREP	LXX_WH
Jób 28:11	G5457	φως	N-ASN	LXX_WH
Jób 28:12	G3588	η	T-NSF	LXX_WH
Jób 28:12	G1161	δε	PRT	LXX_WH
Jób 28:12	G4678	σοφια	N-NSF	LXX_WH
Jób 28:12	G4159	ποθεν	ADV	LXX_WH
Jób 28:12	G2147	ευρεθη	V-API-3S	LXX_WH
Jób 28:12	G4169	ποιος	A-NSM	LXX_WH
Jób 28:12	G1161	δε	PRT	LXX_WH
Jób 28:12	G5117	τοπος	N-NSM	LXX_WH
Jób 28:12	G1510	εστιν	V-PAI-3S	LXX_WH
Jób 28:12	G3588	της	T-GSF	LXX_WH
Jób 28:12	G1989	επιστημης	N-GSF	ABP-potolt
Jób 28:13	G3364	ουκ	ADV	LXX_WH
Jób 28:13		οιδεν	V-RAI-3S	ELTERO_SZOVEGALAP
Jób 28:13		βροτος	N-NSM	ELTERO_SZOVEGALAP
Jób 28:13	G3598	οδον	N-ASF	LXX_WH
Jób 28:13	G0846	αυτης	D-GSF	LXX_WH
Jób 28:13	G3761	ουδε	CONJ	LXX_WH
Jób 28:13	G3165	μη	ADV	LXX_WH
Jób 28:13	G2147	ευρεθη	V-APS-3S	LXX_WH
Jób 28:13	G1722	εν	PREP	LXX_WH
Jób 28:13	G0444	ανθρωποις	N-DPM	LXX_WH
Jób 28:14	G0012	αβυσσος	N-NSF	LXX_WH
Jób 28:14		ειπεν	V-AAI-3S	ELTERO_SZOVEGALAP
Jób 28:14	G3364	ουκ	ADV	LXX_WH
Jób 28:14	G1510	εστιν	V-PAI-3S	LXX_WH
Jób 28:14	G1722	εν	PREP	LXX_WH
Jób 28:14	G1473	εμοι	P-DS	LXX_WH
Jób 28:14	G2532	και	CONJ	LXX_WH
Jób 28:14	G2281	θαλασσα	N-NSF	LXX_WH
Jób 28:14		ειπεν	V-AAI-3S	ELTERO_SZOVEGALAP
Jób 28:14	G3364	ουκ	ADV	LXX_WH
Jób 28:14	G1510	εστιν	V-PAI-3S	LXX_WH
Jób 28:14	G3326	μετ	PREP	LXX_WH
Jób 28:14	G1473	εμου	P-GS	LXX_WH
Jób 28:15	G3364	ου	ADV	LXX_WH
Jób 28:15	G1325	δωσει	V-FAI-3S	LXX_WH
Jób 28:15		συγκλεισμον	N-ASM	ELTERO_SZOVEGALAP
Jób 28:15	G0473	αντ	PREP	LXX_WH
Jób 28:15	G0846	αυτης	D-GSF	LXX_WH
Jób 28:15	G2532	και	CONJ	LXX_WH
Jób 28:15	G3364	ου	ADV	LXX_WH
Jób 28:15	G2476	σταθησεται	V-FPI-3S	LXX_WH
Jób 28:15	G0694	αργυριον	N-ASN	LXX_WH
Jób 28:15		ανταλλαγμα	N-ASN	ELTERO_SZOVEGALAP
Jób 28:15	G0846	αυτης	D-GSF	LXX_WH
Jób 28:16	G2532	και	CONJ	LXX_WH
Jób 28:16	G3364	ου	ADV	LXX_WH
Jób 28:16		συμβασταχθησεται	V-FPI-3S	ELTERO_SZOVEGALAP
Jób 28:16	G5553	χρυσιω	N-DSN	LXX_WH
Jób 28:16		ωφιρ	N-PRI	ELTERO_SZOVEGALAP
Jób 28:16	G1722	εν	PREP	LXX_WH
Jób 28:16	G3689	ονυχι	N-DSM	ABP-potolt
Jób 28:16	G5093	τιμιω	A-DSM	LXX_WH
Jób 28:16	G2532	και	CONJ	LXX_WH
Jób 28:16	G4552	σαπφειρω	N-DSF	LXX_WH
Jób 28:17	G3364	ουκ	ADV	LXX_WH
Jób 28:17		ισωθησεται	V-FPI-3S	ELTERO_SZOVEGALAP
Jób 28:17	G0846	αυτη	D-DSF	LXX_WH
Jób 28:17	G5553	χρυσιον	N-NSN	LXX_WH
Jób 28:17	G2532	και	CONJ	LXX_WH
Jób 28:17	G5194	υαλος	N-NSF	LXX_WH
Jób 28:17	G2532	και	CONJ	LXX_WH
Jób 28:17	G3588	το	T-NSN	LXX_WH
Jób 28:17		αλλαγμα	N-NSN	ELTERO_SZOVEGALAP
Jób 28:17	G0846	αυτης	D-GSF	LXX_WH
Jób 28:17	G4632	σκευη	N-NPN	LXX_WH
Jób 28:17	G5552	χρυσα	A-NPN	ABP-potolt
Jób 28:18	G3349	μετεωρα	A-NPN	ABP-potolt
Jób 28:18	G2532	και	CONJ	LXX_WH
Jób 28:18		γαβις	N-PRI	ELTERO_SZOVEGALAP
Jób 28:18	G3364	ου	ADV	LXX_WH
Jób 28:18	G3403	μνησθησεται	V-FPI-3S	LXX_WH
Jób 28:18	G2532	και	CONJ	LXX_WH
Jób 28:18	G1670	ελκυσον	V-AAD-2S	ABP-potolt
Jób 28:18	G4678	σοφιαν	N-ASF	LXX_WH
Jób 28:18	G5228	υπερ	PREP	LXX_WH
Jób 28:18	G3588	τα	T-APN	LXX_WH
Jób 28:18	G2081	εσωτατα	A-APNS	ABP-potolt
Jób 28:19	G3364	ουκ	ADV	LXX_WH
Jób 28:19		ισωθησεται	V-FPI-3S	ELTERO_SZOVEGALAP
Jób 28:19	G0846	αυτη	D-DSF	LXX_WH
Jób 28:19	G5116	τοπαζιον	N-NSN	LXX_WH
Jób 28:19		αιθιοπιας	N-GSF	ELTERO_SZOVEGALAP
Jób 28:19	G5553	χρυσιω	N-DSN	LXX_WH
Jób 28:19	G2513	καθαρω	A-DSN	LXX_WH
Jób 28:19	G3364	ου	ADV	LXX_WH
Jób 28:19		συμβασταχθησεται	V-FPI-3S	ELTERO_SZOVEGALAP
Jób 28:20	G3588	η	T-NSF	LXX_WH
Jób 28:20	G1161	δε	PRT	LXX_WH
Jób 28:20	G4678	σοφια	N-NSF	LXX_WH
Jób 28:20	G4159	ποθεν	ADV	LXX_WH
Jób 28:20	G2147	ευρεθη	V-API-3S	LXX_WH
Jób 28:20	G4169	ποιος	A-NSM	LXX_WH
Jób 28:20	G1161	δε	PRT	LXX_WH
Jób 28:20	G5117	τοπος	N-NSM	LXX_WH
Jób 28:20	G1510	εστιν	V-PAI-3S	LXX_WH
Jób 28:20	G3588	της	T-GSF	LXX_WH
Jób 28:20	G4907	συνεσεως	N-GSF	LXX_WH
Jób 28:21	G2990	λεληθεν	V-RAI-3S	LXX_WH
Jób 28:21	G3956	παντα	A-ASM	LXX_WH
Jób 28:21	G0444	ανθρωπον	N-ASM	LXX_WH
Jób 28:21	G2532	και	CONJ	LXX_WH
Jób 28:21	G0575	απο	PREP	LXX_WH
Jób 28:21	G4071	πετεινων	N-GPN	LXX_WH
Jób 28:21	G3588	του	T-GSM	LXX_WH
Jób 28:21	G3772	ουρανου	N-GSM	LXX_WH
Jób 28:21	G2928	εκρυβη	V-API-3S	LXX_WH
Jób 28:22	G3588	η	T-NSF	LXX_WH
Jób 28:22	G0684	απωλεια	N-NSF	LXX_WH
Jób 28:22	G2532	και	CONJ	LXX_WH
Jób 28:22	G3588	ο	T-NSM	LXX_WH
Jób 28:22	G2288	θανατος	N-NSM	LXX_WH
Jób 28:22	G2036	ειπαν	V-AAI-3P	ABP-potolt
Jób 28:22	G0191	ακηκοαμεν	V-RAI-1P	LXX_WH
Jób 28:22	G1161	δε	PRT	LXX_WH
Jób 28:22	G0846	αυτης	D-GSF	LXX_WH
Jób 28:22	G3588	το	T-ASN	LXX_WH
Jób 28:22	G2811	κλεος	N-ASN	LXX_WH
Jób 28:23	G3588	ο	T-NSM	LXX_WH
Jób 28:23	G2316	θεος	N-NSM	LXX_WH
Jób 28:23	G2095	ευ	ADV	LXX_WH
Jób 28:23		συνεστησεν	V-AAI-3S	ELTERO_SZOVEGALAP
Jób 28:23	G0846	αυτης	D-GSF	LXX_WH
Jób 28:23	G3588	την	T-ASF	LXX_WH
Jób 28:23	G3598	οδον	N-ASF	LXX_WH
Jób 28:23	G0846	αυτος	D-NSM	LXX_WH
Jób 28:23	G1161	δε	PRT	LXX_WH
Jób 28:23		οιδεν	V-RAI-3S	ELTERO_SZOVEGALAP
Jób 28:23	G3588	τον	T-ASM	LXX_WH
Jób 28:23	G5117	τοπον	N-ASM	LXX_WH
Jób 28:23	G0846	αυτης	D-GSF	LXX_WH
Jób 28:24	G0846	αυτος	D-NSM	LXX_WH
Jób 28:24	G1063	γαρ	PRT	LXX_WH
Jób 28:24	G3588	την	T-ASF	LXX_WH
Jób 28:24	G5259	υπ	PREP	LXX_WH
Jób 28:24	G3772	ουρανον	N-ASM	LXX_WH
Jób 28:24	G3956	πασαν	A-ASF	LXX_WH
Jób 28:24	G1492	εφορα	V-PAI-3S	ABP-potolt
Jób 28:24	G1492	ειδως	V-RAPNS	ABP-potolt
Jób 28:24	G3588	τα	T-APN	LXX_WH
Jób 28:24	G1722	εν	PREP	LXX_WH
Jób 28:24	G3588	τη	T-DSF	LXX_WH
Jób 28:24	G1065	γη	N-DSF	LXX_WH
Jób 28:24	G3956	παντα	A-APN	LXX_WH
Jób 28:24	G3739	α	R-APN	LXX_WH
Jób 28:24	G4160	εποιησεν	V-AAI-3S	LXX_WH
Jób 28:25	G0417	ανεμων	N-GPM	LXX_WH
Jób 28:25	G4712	σταθμον	N-ASM	ABP-potolt
Jób 28:25	G5204	υδατος	N-GSN	LXX_WH
Jób 28:25	G5037	τε	PRT	LXX_WH
Jób 28:25	G3358	μετρα	N-APN	LXX_WH
Jób 28:26	G3753	οτε	ADV	LXX_WH
Jób 28:26	G4160	εποιησεν	V-AAI-3S	LXX_WH
Jób 28:26	G3778	ουτως	ADV	LXX_WH
Jób 28:26	G5205	υετον	N-ASM	LXX_WH
Jób 28:26	G0705	ηριθμησεν	V-AAI-3S	LXX_WH
Jób 28:26	G2532	και	CONJ	LXX_WH
Jób 28:26	G3598	οδον	N-ASF	LXX_WH
Jób 28:26	G1722	εν	PREP	LXX_WH
Jób 28:26	G5098	τιναγματι	N-DSN	ABP-potolt
Jób 28:26	G5456	φωνας	N-GSF	LXX_WH
Jób 28:27	G5119	τοτε	ADV	LXX_WH
Jób 28:27	G3708	ειδεν	V-AAI-3S	LXX_WH
Jób 28:27	G0846	αυτην	D-ASF	LXX_WH
Jób 28:27	G2532	και	CONJ	LXX_WH
Jób 28:27	G1834	εξηγησατο	V-AMI-3S	LXX_WH
Jób 28:27	G0846	αυτην	D-ASF	LXX_WH
Jób 28:27	G2090	ετοιμασας	V-AAPNS	LXX_WH
Jób 28:27	G1840	εξιχνιασεν	V-AAI-3S	ABP-potolt
Jób 28:28		ειπεν	V-AAI-3S	ELTERO_SZOVEGALAP
Jób 28:28	G1161	δε	PRT	LXX_WH
Jób 28:28	G0444	ανθρωπω	N-DSM	LXX_WH
Jób 28:28	G2400	ιδου	INJ	LXX_WH
Jób 28:28	G3588	η	T-NSF	LXX_WH
Jób 28:28	G2317	θεοσεβεια	N-NSF	LXX_WH
Jób 28:28	G1510	εστιν	V-PAI-3S	LXX_WH
Jób 28:28	G4678	σοφια	N-NSF	LXX_WH
Jób 28:28	G3588	το	T-ASN	LXX_WH
Jób 28:28	G1161	δε	PRT	LXX_WH
Jób 28:28	G0568	απεχεσθαι	V-PMN	LXX_WH
Jób 28:28	G0575	απο	PREP	LXX_WH
Jób 28:28	G2556	κακων	A-GPM	LXX_WH
Jób 28:28	G1510	εστιν	V-PAI-3S	LXX_WH
Jób 28:28	G1989	επιστημη	N-NSF	ABP-potolt
Jób 29:1	G2089	ετι	ADV	LXX_WH
Jób 29:1	G1161	δε	PRT	LXX_WH
Jób 29:1	G4369	προσθεις	V-AAPNS	LXX_WH
Jób 29:1	G2492	ιωβ	N-PRI	LXX_WH
Jób 29:1		ειπεν	V-AAI-3S	ELTERO_SZOVEGALAP
Jób 29:1	G3588	τω	T-DSN	LXX_WH
Jób 29:1	G4307	προοιμιω	N-DSN	ABP-potolt
Jób 29:2	G5100	τις	I-NSM	LXX_WH
Jób 29:2	G0302	αν	PRT	LXX_WH
Jób 29:2	G1473	με	P-AS	LXX_WH
Jób 29:2	G5087	θειη	V-AAO-3S	LXX_WH
Jób 29:2	G2596	κατα	PREP	LXX_WH
Jób 29:2	G3303	μηνα	N-ASM	LXX_WH
Jób 29:2	G1715	εμπροσθεν	PREP	LXX_WH
Jób 29:2	G2250	ημερων	N-GPF	LXX_WH
Jób 29:2	G3739	ων	R-GPF	LXX_WH
Jób 29:2	G1473	με	P-AS	LXX_WH
Jób 29:2	G3588	ο	T-NSM	LXX_WH
Jób 29:2	G2316	θεος	N-NSM	LXX_WH
Jób 29:2	G5442	εφυλαξεν	V-AAI-3S	LXX_WH
Jób 29:3	G3739	ως	CONJ	LXX_WH
Jób 29:3	G3753	οτε	ADV	LXX_WH
Jób 29:3	G0826	ηυγει	V-IAI-3S	ABP-potolt
Jób 29:3	G3588	ο	T-NSM	LXX_WH
Jób 29:3	G3088	λυχνος	N-NSM	LXX_WH
Jób 29:3	G0846	αυτου	D-GSM	LXX_WH
Jób 29:3	G5228	υπερ	PREP	LXX_WH
Jób 29:3	G2776	κεφαλης	N-GSF	LXX_WH
Jób 29:3	G1473	μου	P-GS	LXX_WH
Jób 29:3	G3753	οτε	ADV	LXX_WH
Jób 29:3	G3588	τω	T-DSN	LXX_WH
Jób 29:3	G5457	φωτι	N-DSN	LXX_WH
Jób 29:3	G0846	αυτου	D-GSM	LXX_WH
Jób 29:3	G4198	επορευομην	V-IMI-1S	LXX_WH
Jób 29:3	G1722	εν	PREP	LXX_WH
Jób 29:3	G4655	σκοτει	N-DSN	LXX_WH
Jób 29:4	G3753	οτε	ADV	LXX_WH
Jób 29:4	G1510	ημην	V-IMI-1S	LXX_WH
Jób 29:4		επιβριθων	V-PAPNS	ELTERO_SZOVEGALAP
Jób 29:4	G3598	οδοις	N-DPF	LXX_WH
Jób 29:4	G3753	οτε	ADV	LXX_WH
Jób 29:4	G3588	ο	T-NSM	LXX_WH
Jób 29:4	G2316	θεος	N-NSM	LXX_WH
Jób 29:4	G1984	επισκοπην	N-ASF	LXX_WH
Jób 29:4	G4160	εποιειτο	V-IMI-3S	LXX_WH
Jób 29:4	G3588	του	T-GSM	LXX_WH
Jób 29:4	G3624	οικου	N-GSM	LXX_WH
Jób 29:4	G1473	μου	P-GS	LXX_WH
Jób 29:5	G3753	οτε	ADV	LXX_WH
Jób 29:5	G1510	ημην	V-IMI-1S	LXX_WH
Jób 29:5	G5208	υλωδης	A-NSM	ABP-potolt
Jób 29:5	G3029	λιαν	ADV	LXX_WH
Jób 29:5		κυκλω	N-DSM	ELTERO_SZOVEGALAP
Jób 29:5	G1161	δε	PRT	LXX_WH
Jób 29:5	G1473	μου	P-GS	LXX_WH
Jób 29:5	G3588	οι	T-NPM	LXX_WH
Jób 29:5	G3816	παιδες	N-NPM	LXX_WH
Jób 29:6	G3753	οτε	ADV	LXX_WH
Jób 29:6		εχεοντο	V-IMI-3P	ELTERO_SZOVEGALAP
Jób 29:6	G1473	μου	P-GS	LXX_WH
Jób 29:6	G3588	αι	T-NPF	LXX_WH
Jób 29:6	G3598	οδοι	N-NPF	LXX_WH
Jób 29:6	G1016	βουτυρω	N-DSN	ABP-potolt
Jób 29:6	G3588	τα	T-NPN	LXX_WH
Jób 29:6	G1161	δε	PRT	LXX_WH
Jób 29:6	G3735	ορη	N-NPN	LXX_WH
Jób 29:6	G1473	μου	P-GS	LXX_WH
Jób 29:6		εχεοντο	V-IMI-3P	ELTERO_SZOVEGALAP
Jób 29:6	G1051	γαλακτι	N-DSN	LXX_WH
Jób 29:7	G3753	οτε	ADV	LXX_WH
Jób 29:7	G1607	εξεπορευομην	V-IMI-1S	LXX_WH
Jób 29:7	G3721	ορθριος	A-NSM	LXX_WH
Jób 29:7	G1722	εν	PREP	LXX_WH
Jób 29:7	G4172	πολει	N-DSF	LXX_WH
Jób 29:7	G1722	εν	PREP	LXX_WH
Jób 29:7	G1161	δε	PRT	LXX_WH
Jób 29:7	G4116	πλατειαις	A-DPF	LXX_WH
Jób 29:7	G5087	ετιθετο	V-IMI-3S	LXX_WH
Jób 29:7	G1473	μου	P-GS	LXX_WH
Jób 29:7	G3588	ο	T-NSM	LXX_WH
Jób 29:7	G1368	διφρος	N-NSM	ABP-potolt
Jób 29:8	G3708	ιδοντες	V-AAPNP	LXX_WH
Jób 29:8	G1473	με	P-AS	LXX_WH
Jób 29:8	G3495	νεανισκοι	N-NPM	LXX_WH
Jób 29:8	G2928	εκρυβησαν	V-API-3P	LXX_WH
Jób 29:8	G4246	πρεσβυται	N-NPM	LXX_WH
Jób 29:8	G1161	δε	PRT	LXX_WH
Jób 29:8	G3956	παντες	A-NPM	LXX_WH
Jób 29:8	G2476	εστησαν	V-AAI-3P	LXX_WH
Jób 29:9		αδροι	A-NPM	ELTERO_SZOVEGALAP
Jób 29:9	G1161	δε	PRT	LXX_WH
Jób 29:9	G3973	επαυσαντο	V-AMI-3P	LXX_WH
Jób 29:9	G2980	λαλουντες	V-PAPNP	LXX_WH
Jób 29:9	G1147	δακτυλον	N-ASM	LXX_WH
Jób 29:9	G2007	επιθεντες	V-AAPNP	LXX_WH
Jób 29:9	G1909	επι	PREP	LXX_WH
Jób 29:9	G4750	στοματι	N-DSN	LXX_WH
Jób 29:10	G3588	οι	T-NPM	LXX_WH
Jób 29:10	G1161	δε	PRT	LXX_WH
Jób 29:10	G0191	ακουσαντες	V-AAPNP	LXX_WH
Jób 29:10	G3106	εμακαρισαν	V-AAI-3P	LXX_WH
Jób 29:10	G1473	με	P-AS	LXX_WH
Jób 29:10	G2532	και	CONJ	LXX_WH
Jób 29:10	G1100	γλωσσα	N-NSF	LXX_WH
Jób 29:10	G0846	αυτων	D-GPM	LXX_WH
Jób 29:10	G3588	τω	T-DSM	LXX_WH
Jób 29:10	G2995	λαρυγγι	N-DSM	LXX_WH
Jób 29:10	G0846	αυτων	D-GPM	LXX_WH
Jób 29:10	G2853	εκολληθη	V-API-3S	LXX_WH
Jób 29:11	G3754	οτι	CONJ	LXX_WH
Jób 29:11	G3775	ους	N-NSN	LXX_WH
Jób 29:11	G0191	ηκουσεν	V-AAI-3S	LXX_WH
Jób 29:11	G2532	και	CONJ	LXX_WH
Jób 29:11	G3106	εμακαρισεν	V-AAI-3S	LXX_WH
Jób 29:11	G1473	με	P-AS	LXX_WH
Jób 29:11	G3788	οφθαλμος	N-NSM	LXX_WH
Jób 29:11	G1161	δε	PRT	LXX_WH
Jób 29:11	G3708	ιδων	V-AAPNS	LXX_WH
Jób 29:11	G1473	με	P-AS	LXX_WH
Jób 29:11	G1578	εξεκλινεν	V-IAI-3S	LXX_WH
Jób 29:12	G1295	διεσωσα	V-AAI-1S	LXX_WH
Jób 29:12	G1063	γαρ	PRT	LXX_WH
Jób 29:12	G4434	πτωχον	N-ASM	LXX_WH
Jób 29:12	G1537	εκ	PREP	LXX_WH
Jób 29:12	G5495	χειρος	N-GSF	LXX_WH
Jób 29:12	G1413	δυναστου	N-GSM	LXX_WH
Jób 29:12	G2532	και	CONJ	LXX_WH
Jób 29:12	G3737	ορφανω	A-DSM	LXX_WH
Jób 29:12	G3739	ω	R-DSM	LXX_WH
Jób 29:12	G3364	ουκ	ADV	LXX_WH
Jób 29:12	G1510	ην	V-IAI-3S	LXX_WH
Jób 29:12	G0998	βοηθος	N-NSM	LXX_WH
Jób 29:12	G0997	εβοηθησα	V-AAI-1S	LXX_WH
Jób 29:13	G2129	ευλογια	N-NSF	LXX_WH
Jób 29:13	G0622	απολλυμενου	V-PMPGS	ABP-potolt
Jób 29:13	G1909	επ	PREP	LXX_WH
Jób 29:13	G1473	εμε	P-AS	LXX_WH
Jób 29:13	G2064	ελθοι	V-AAO-3S	LXX_WH
Jób 29:13	G4750	στομα	N-ASN	LXX_WH
Jób 29:13	G1161	δε	PRT	LXX_WH
Jób 29:13	G5503	χηρας	N-GSF	LXX_WH
Jób 29:13	G1473	με	P-AS	LXX_WH
Jób 29:13	G2127	ευλογησεν	V-AAI-3S	LXX_WH
Jób 29:14	G1343	δικαιοσυνην	N-ASF	LXX_WH
Jób 29:14	G1161	δε	PRT	LXX_WH
Jób 29:14	G1746	ενεδεδυκειν	V-YAI-1S	LXX_WH
Jób 29:14		ημφιασαμην	V-AMI-1S	ELTERO_SZOVEGALAP
Jób 29:14	G1161	δε	PRT	LXX_WH
Jób 29:14	G2917	κριμα	N-ASN	LXX_WH
Jób 29:14	G2470	ισα	ADV	LXX_WH
Jób 29:14	G1361	διπλοιδι	N-DSF	ABP-potolt
Jób 29:15	G3788	οφθαλμος	N-NSM	LXX_WH
Jób 29:15	G1510	ημην	V-IMI-1S	LXX_WH
Jób 29:15	G5185	τυφλων	A-GPM	LXX_WH
Jób 29:15	G4228	πους	N-NSM	LXX_WH
Jób 29:15	G1161	δε	PRT	LXX_WH
Jób 29:15	G5560	χωλων	A-GPM	LXX_WH
Jób 29:16	G1473	εγω	P-NS	LXX_WH
Jób 29:16	G1510	ημην	V-IMI-1S	LXX_WH
Jób 29:16	G3962	πατηρ	N-NSM	LXX_WH
Jób 29:16	G0102	αδυνατων	A-GPM	LXX_WH
Jób 29:16	G1349	δικην	N-ASF	LXX_WH
Jób 29:16	G1161	δε	PRT	LXX_WH
Jób 29:16	G3739	ην	R-ASF	LXX_WH
Jób 29:16	G3364	ουκ	ADV	LXX_WH
Jób 29:16		ηδειν	V-YAI-1S	ELTERO_SZOVEGALAP
Jób 29:16		εξιχνιασα	V-AAI-1S	ELTERO_SZOVEGALAP
Jób 29:17	G4937	συνετριψα	V-AAI-1S	LXX_WH
Jób 29:17	G1161	δε	PRT	LXX_WH
Jób 29:17		μυλας	N-APF	ELTERO_SZOVEGALAP
Jób 29:17	G0094	αδικων	A-GPM	LXX_WH
Jób 29:17	G1537	εκ	PREP	LXX_WH
Jób 29:17	G1161	δε	PRT	LXX_WH
Jób 29:17	G3319	μεσου	A-GSM	LXX_WH
Jób 29:17	G3588	των	T-GPM	LXX_WH
Jób 29:17	G3599	οδοντων	N-GPM	LXX_WH
Jób 29:17	G0846	αυτων	D-GPM	LXX_WH
Jób 29:17		αρπαγμα	N-ASN	ELTERO_SZOVEGALAP
Jób 29:17		εξεσπασα	V-AAI-1S	ELTERO_SZOVEGALAP
Jób 29:18		ειπα	V-AAI-1S	ELTERO_SZOVEGALAP
Jób 29:18	G1161	δε	PRT	LXX_WH
Jób 29:18	G3588	η	T-NSF	LXX_WH
Jób 29:18	G2244	ηλικια	N-NSF	LXX_WH
Jób 29:18	G1473	μου	P-GS	LXX_WH
Jób 29:18		γηρασει	V-FAI-3S	ELTERO_SZOVEGALAP
Jób 29:18	G3746	ωσπερ	ADV	LXX_WH
Jób 29:18		στελεχος	N-NSN	ELTERO_SZOVEGALAP
Jób 29:18	G5404	φοινικος	N-GSM	LXX_WH
Jób 29:18	G4183	πολυν	A-ASM	LXX_WH
Jób 29:18	G5550	χρονον	N-ASM	LXX_WH
Jób 29:18	G0980	βιωσω	V-FAI-1S	LXX_WH
Jób 29:19	G3588	η	T-NSF	LXX_WH
Jób 29:19		ριζα	N-NSF	ELTERO_SZOVEGALAP
Jób 29:19	G1473	μου	P-GS	LXX_WH
Jób 29:19	G1272	διηνοικται	V-RMI-3S	LXX_WH
Jób 29:19	G1909	επι	PREP	LXX_WH
Jób 29:19	G5204	υδατος	N-GSN	LXX_WH
Jób 29:19	G2532	και	CONJ	LXX_WH
Jób 29:19		δροσος	N-NSF	ELTERO_SZOVEGALAP
Jób 29:19		αυλισθησεται	V-FPI-3S	ELTERO_SZOVEGALAP
Jób 29:19	G1722	εν	PREP	LXX_WH
Jób 29:19	G3588	τω	T-DSM	LXX_WH
Jób 29:19	G2326	θερισμω	N-DSM	LXX_WH
Jób 29:19	G1473	μου	P-GS	LXX_WH
Jób 29:20	G3588	η	T-NSF	LXX_WH
Jób 29:20	G1391	δοξα	N-NSF	LXX_WH
Jób 29:20	G1473	μου	P-GS	LXX_WH
Jób 29:20	G2537	καινη	A-NSF	LXX_WH
Jób 29:20	G3326	μετ	PREP	LXX_WH
Jób 29:20	G1473	εμου	P-GS	LXX_WH
Jób 29:20	G2532	και	CONJ	LXX_WH
Jób 29:20	G3588	το	T-NSN	LXX_WH
Jób 29:20	G5115	τοξον	N-NSN	LXX_WH
Jób 29:20	G1473	μου	P-GS	LXX_WH
Jób 29:20	G1722	εν	PREP	LXX_WH
Jób 29:20	G5495	χειρι	N-DSF	LXX_WH
Jób 29:20	G0846	αυτου	D-GSM	LXX_WH
Jób 29:20	G4198	πορευσεται	V-FMI-3S	LXX_WH
Jób 29:21	G1473	εμου	P-GS	LXX_WH
Jób 29:21	G0191	ακουσαντες	V-AAPNP	LXX_WH
Jób 29:21	G4337	προσεσχον	V-AAI-3P	LXX_WH
Jób 29:21	G4623	εσιωπησαν	V-AAI-3P	LXX_WH
Jób 29:21	G1161	δε	PRT	LXX_WH
Jób 29:21	G1909	επι	PREP	LXX_WH
Jób 29:21	G3588	τη	T-DSF	LXX_WH
Jób 29:21	G1699	εμη	A-DSF	LXX_WH
Jób 29:21	G1012	βουλη	N-DSF	LXX_WH
Jób 29:22	G1909	επι	PREP	LXX_WH
Jób 29:22	G1161	δε	PRT	LXX_WH
Jób 29:22	G3588	τω	T-DSN	LXX_WH
Jób 29:22	G1699	εμω	A-DSN	LXX_WH
Jób 29:22	G4487	ρηματι	N-DSN	LXX_WH
Jób 29:22	G3364	ου	ADV	LXX_WH
Jób 29:22	G4369	προσεθεντο	V-AMI-3P	LXX_WH
Jób 29:22		περιχαρεις	A-APM	ELTERO_SZOVEGALAP
Jób 29:22	G1161	δε	PRT	LXX_WH
Jób 29:22	G1096	εγινοντο	V-IMI-3P	LXX_WH
Jób 29:22		οποταν	CONJ	ELTERO_SZOVEGALAP
Jób 29:22	G0846	αυτοις	D-DPM	LXX_WH
Jób 29:22	G2980	ελαλουν	V-IAI-1S	LXX_WH
Jób 29:23	G3746	ωσπερ	ADV	LXX_WH
Jób 29:23	G1065	γη	N-NSF	LXX_WH
Jób 29:23	G1372	διψωσα	V-PAPNS	LXX_WH
Jób 29:23	G4327	προσδεχομενη	V-PMPNS	LXX_WH
Jób 29:23	G3588	τον	T-ASM	LXX_WH
Jób 29:23	G5205	υετον	N-ASM	LXX_WH
Jób 29:23	G3778	ουτως	ADV	LXX_WH
Jób 29:23	G3778	ουτοι	D-NPM	LXX_WH
Jób 29:23	G3588	την	T-ASF	LXX_WH
Jób 29:23	G1699	εμην	A-ASF	LXX_WH
Jób 29:23	G2981	λαλιαν	N-ASF	LXX_WH
Jób 29:24	G1437	εαν	CONJ	LXX_WH
Jób 29:24	G1070	γελασω	V-AAS-1S	LXX_WH
Jób 29:24	G4314	προς	PREP	LXX_WH
Jób 29:24	G0846	αυτους	D-APM	LXX_WH
Jób 29:24	G3364	ου	ADV	LXX_WH
Jób 29:24	G3165	μη	ADV	LXX_WH
Jób 29:24	G4100	πιστευσωσιν	V-AAS-3P	LXX_WH
Jób 29:24	G2532	και	CONJ	LXX_WH
Jób 29:24	G5457	φως	N-NSN	LXX_WH
Jób 29:24	G3588	του	T-GSN	LXX_WH
Jób 29:24	G4383	προσωπου	N-GSN	LXX_WH
Jób 29:24	G1473	μου	P-GS	LXX_WH
Jób 29:24	G3364	ουκ	ADV	LXX_WH
Jób 29:24	G0634	απεπιπτεν	V-IAI-3S	LXX_WH
Jób 29:25	G1586	εξελεξαμην	V-AMI-1S	ABP-potolt
Jób 29:25	G3598	οδον	N-ASF	LXX_WH
Jób 29:25	G0846	αυτων	D-GPM	LXX_WH
Jób 29:25	G2532	και	CONJ	LXX_WH
Jób 29:25	G2523	εκαθισα	V-AAI-1S	LXX_WH
Jób 29:25	G0758	αρχων	N-NSM	LXX_WH
Jób 29:25	G2532	και	CONJ	LXX_WH
Jób 29:25	G2681	κατεσκηνουν	V-IAI-1S	LXX_WH
Jób 29:25	G5616	ωσει	ADV	LXX_WH
Jób 29:25	G0935	βασιλευς	N-NSM	LXX_WH
Jób 29:25	G1722	εν	PREP	LXX_WH
Jób 29:25	G3439	μονοζωνοις	N-DPM	ABP-potolt
Jób 29:25	G3739	ον	R-ASM	LXX_WH
Jób 29:25	G5158	τροπον	N-ASM	LXX_WH
Jób 29:25	G3803	παθεινους	N-APM	ABP-potolt
Jób 29:25	G3870	παρακαλων	V-PAPNS	LXX_WH
Jób 30:1	G3570	νυνι	ADV	LXX_WH
Jób 30:1	G1161	δε	PRT	LXX_WH
Jób 30:1	G2606	κατεγελασαν	V-AAI-3P	LXX_WH
Jób 30:1	G1473	μου	P-GS	LXX_WH
Jób 30:1	G1646	ελαχιστοι	A-NPMS	ABP-potolt
Jób 30:1	G3568	νυν	ADV	LXX_WH
Jób 30:1	G3560	νουθετουσιν	V-PAI-3P	LXX_WH
Jób 30:1	G1473	με	P-AS	LXX_WH
Jób 30:1	G1722	εν	PREP	LXX_WH
Jób 30:1	G3313	μερει	N-DSN	LXX_WH
Jób 30:1	G3739	ων	R-GPM	LXX_WH
Jób 30:1	G1847	εξουδενουν	V-IAI-1S	LXX_WH
Jób 30:1	G3962	πατερας	N-APM	LXX_WH
Jób 30:1	G0846	αυτων	D-GPM	LXX_WH
Jób 30:1	G3739	ους	R-APM	LXX_WH
Jób 30:1	G3364	ουχ	ADV	LXX_WH
Jób 30:1	G2233	ηγησαμην	V-AMI-1S	LXX_WH
Jób 30:1	G1510	ειναι	V-PAN	LXX_WH
Jób 30:1	G0514	αξιους	A-APM	LXX_WH
Jób 30:1	G2965	κυνων	N-GPF	LXX_WH
Jób 30:1	G3588	των	T-GPF	LXX_WH
Jób 30:1	G1699	εμων	A-GPF	LXX_WH
Jób 30:1	G3541	νομαδων	N-GPF	ABP-potolt
Jób 30:2	G2532	και	CONJ	LXX_WH
Jób 30:2	G1065	γε	PRT	LXX_WH
Jób 30:2	G2479	ισχυς	N-NSF	LXX_WH
Jób 30:2	G5495	χειρων	N-GPF	LXX_WH
Jób 30:2	G0846	αυτων	D-GPM	LXX_WH
Jób 30:2	G2443	ινα	CONJ	LXX_WH
Jób 30:2	G5100	τι	I-ASN	LXX_WH
Jób 30:2	G1473	μοι	P-DS	LXX_WH
Jób 30:2	G1909	επ	PREP	LXX_WH
Jób 30:2	G0846	αυτους	D-APM	LXX_WH
Jób 30:2		απωλετο	V-AMI-3S	ELTERO_SZOVEGALAP
Jób 30:2	G4930	συντελεια	N-NSF	LXX_WH
Jób 30:3	G1722	εν	PREP	LXX_WH
Jób 30:3	G1729	ενδεια	N-DSF	ABP-potolt
Jób 30:3	G2532	και	CONJ	LXX_WH
Jób 30:3	G3042	λιμω	N-DSM	LXX_WH
Jób 30:3	G0057	αγονος	A-NSM	ABP-potolt
Jób 30:3	G3588	οι	T-NPM	LXX_WH
Jób 30:3	G5343	φευγοντες	V-PAPNP	LXX_WH
Jób 30:3	G0504	ανυδρον	A-ASM	LXX_WH
Jób 30:3	G5504	εχθες	ADV	LXX_WH
Jób 30:3	G4928	συνοχην	N-ASF	LXX_WH
Jób 30:3	G2532	και	CONJ	LXX_WH
Jób 30:3	G5004	ταλαιπωριαν	N-ASF	LXX_WH
Jób 30:4	G3588	οι	T-NPM	LXX_WH
Jób 30:4		περικλωντες	V-PAPNP	ELTERO_SZOVEGALAP
Jób 30:4		αλιμα	A-NPN	ELTERO_SZOVEGALAP
Jób 30:4	G1909	επι	PREP	LXX_WH
Jób 30:4	G2192	ηχουντι	V-PAPDS	LXX_WH
Jób 30:4	G3748	οιτινες	RI-NPM	LXX_WH
Jób 30:4	G0233	αλιμα	A-NPN	ABP-potolt
Jób 30:4	G1510	ην	V-IAI-3S	LXX_WH
Jób 30:4	G0846	αυτων	D-GPM	LXX_WH
Jób 30:4	G3588	τα	T-APN	LXX_WH
Jób 30:4	G4621	σιτα	N-APN	LXX_WH
Jób 30:4	G0820	ατιμοι	A-NPM	LXX_WH
Jób 30:4	G1161	δε	PRT	LXX_WH
Jób 30:4	G2532	και	CONJ	LXX_WH
Jób 30:4	G5336	πεφαυλισμενοι	V-RMPNP	ABP-potolt
Jób 30:4	G1729	ενδεεις	A-NPM	LXX_WH
Jób 30:4	G3956	παντος	A-GSM	LXX_WH
Jób 30:4	G0018	αγαθου	A-GSM	LXX_WH
Jób 30:4	G3739	οι	R-NPM	LXX_WH
Jób 30:4	G2532	και	ADV	LXX_WH
Jób 30:4		ριζας	N-APF	ELTERO_SZOVEGALAP
Jób 30:4	G3586	ξυλων	N-GPN	LXX_WH
Jób 30:4	G3145	εμασωντο	V-IMI-3P	ABP-potolt
Jób 30:4	G5259	υπο	PREP	LXX_WH
Jób 30:4	G3042	λιμου	N-GSM	LXX_WH
Jób 30:4	G3173	μεγαλου	A-GSM	LXX_WH
Jób 30:5	G1881	επανεστησαν	V-AAI-3P	ABP-potolt
Jób 30:5	G1473	μοι	P-DS	LXX_WH
Jób 30:5	G2812	κλεπται	N-NPM	LXX_WH
Jób 30:6	G3739	ων	R-GPM	LXX_WH
Jób 30:6	G3588	οι	T-NPM	LXX_WH
Jób 30:6	G3624	οικοι	N-NPM	LXX_WH
Jób 30:6	G0846	αυτων	D-GPM	LXX_WH
Jób 30:6	G1510	ησαν	V-IAI-3P	LXX_WH
Jób 30:6		τρωγλαι	N-NPF	ELTERO_SZOVEGALAP
Jób 30:6	G4074	πετρων	N-GPM	LXX_WH
Jób 30:7	G0303	ανα	PREP	LXX_WH
Jób 30:7	G3319	μεσον	A-ASM	LXX_WH
Jób 30:7		ευηχων	A-GPM	ELTERO_SZOVEGALAP
Jób 30:7	G0994	βοησονται	V-FMI-3P	LXX_WH
Jób 30:7	G3739	οι	R-NPM	LXX_WH
Jób 30:7	G5259	υπο	PREP	LXX_WH
Jób 30:7	G5434	φρυγανα	N-APN	LXX_WH
Jób 30:7	G0066	αγρια	A-APN	LXX_WH
Jób 30:7	G1244	διητωντο	V-IMI-3P	ABP-potolt
Jób 30:8	G0878	αφρονων	A-GPM	LXX_WH
Jób 30:8	G5207	υιοι	N-NPM	LXX_WH
Jób 30:8	G2532	και	CONJ	LXX_WH
Jób 30:8	G0820	ατιμων	A-GPM	LXX_WH
Jób 30:8	G3686	ονομα	N-NSN	LXX_WH
Jób 30:8	G2532	και	CONJ	LXX_WH
Jób 30:8	G2811	κλεος	N-NSN	LXX_WH
Jób 30:8	G4570	εσβεσμενον	V-RPPNS	LXX_WH
Jób 30:8	G0575	απο	PREP	LXX_WH
Jób 30:8	G1065	γης	N-GSF	LXX_WH
Jób 30:9	G3570	νυνι	ADV	LXX_WH
Jób 30:9	G1161	δε	PRT	LXX_WH
Jób 30:9	G2788	κιθαρα	N-NSF	LXX_WH
Jób 30:9	G1473	εγω	P-NS	LXX_WH
Jób 30:9	G1510	ειμι	V-PAI-1S	LXX_WH
Jób 30:9	G0846	αυτων	D-GPM	LXX_WH
Jób 30:9	G2532	και	CONJ	LXX_WH
Jób 30:9	G1473	εμε	P-AS	LXX_WH
Jób 30:9	G2362	θρυλημα	N-ASN	ABP-potolt
Jób 30:9	G2192	εχουσιν	V-PAI-3P	LXX_WH
Jób 30:10	G0948	εβδελυξαντο	V-AMI-3P	LXX_WH
Jób 30:10	G1161	δε	PRT	LXX_WH
Jób 30:10	G1473	με	P-AS	LXX_WH
Jób 30:10	G0868	αποσταντες	V-AAPNP	ABP-potolt
Jób 30:10	G3112	μακραν	ADV	LXX_WH
Jób 30:10	G0575	απο	PREP	LXX_WH
Jób 30:10	G1161	δε	PRT	LXX_WH
Jób 30:10	G4383	προσωπου	N-GSN	LXX_WH
Jób 30:10	G1473	μου	P-GS	LXX_WH
Jób 30:10	G3364	ουκ	ADV	LXX_WH
Jób 30:10	G5339	εφεισαντο	V-AMI-3P	LXX_WH
Jób 30:10		πτυελον	N-ASM	ELTERO_SZOVEGALAP
Jób 30:11	G0455	ανοιξας	V-AAPNS	LXX_WH
Jób 30:11	G1063	γαρ	PRT	LXX_WH
Jób 30:11		φαρετραν	N-ASF	ELTERO_SZOVEGALAP
Jób 30:11	G0846	αυτου	D-GSM	LXX_WH
Jób 30:11	G2559	εκακωσεν	V-AAI-3S	LXX_WH
Jób 30:11	G1473	με	P-AS	LXX_WH
Jób 30:11	G2532	και	CONJ	LXX_WH
Jób 30:11	G5469	χαλινον	N-ASM	LXX_WH
Jób 30:11	G3588	του	T-GSN	LXX_WH
Jób 30:11	G4383	προσωπου	N-GSN	LXX_WH
Jób 30:11	G1473	μου	P-GS	LXX_WH
Jób 30:11	G1821	εξαπεστειλαν	V-AAI-3P	LXX_WH
Jób 30:12	G1909	επι	PREP	LXX_WH
Jób 30:12	G1188	δεξιων	A-GPM	LXX_WH
Jób 30:12	G0986	βλαστου	N-GSM	LXX_WH
Jób 30:12	G1881	επανεστησαν	V-AAI-3P	ABP-potolt
Jób 30:12	G4228	ποδα	N-ASM	LXX_WH
Jób 30:12	G0846	αυτων	D-GPM	LXX_WH
Jób 30:12	G1614	εξετειναν	V-AAI-3P	LXX_WH
Jób 30:12	G2532	και	CONJ	LXX_WH
Jób 30:12	G3597	ωδοποιησαν	V-AAI-3P	ABP-potolt
Jób 30:12	G1909	επ	PREP	LXX_WH
Jób 30:12	G1473	εμε	P-AS	LXX_WH
Jób 30:12	G5147	τριβους	N-APF	LXX_WH
Jób 30:12	G0684	απωλειας	N-APF	LXX_WH
Jób 30:12	G0846	αυτων	D-GPM	LXX_WH
Jób 30:13	G1625	εξετριβησαν	V-API-3P	ABP-potolt
Jób 30:13	G5147	τριβοι	N-NPF	LXX_WH
Jób 30:13	G1473	μου	P-GS	LXX_WH
Jób 30:13	G1562	εξεδυσεν	V-AAI-3S	LXX_WH
Jób 30:13	G1063	γαρ	PRT	LXX_WH
Jób 30:13	G1473	μου	P-GS	LXX_WH
Jób 30:13	G3588	την	T-ASF	LXX_WH
Jób 30:13	G4749	στολην	N-ASF	LXX_WH
Jób 30:14	G0956	βελεσιν	N-DPN	LXX_WH
Jób 30:14	G0846	αυτου	D-GSM	LXX_WH
Jób 30:14		κατηκοντισεν	V-AAI-3S	ELTERO_SZOVEGALAP
Jób 30:14	G1473	με	P-AS	LXX_WH
Jób 30:14	G5530	κεχρηται	V-RMI-3S	LXX_WH
Jób 30:14	G1473	μοι	P-DS	LXX_WH
Jób 30:14	G3739	ως	CONJ	LXX_WH
Jób 30:14	G1014	βουλεται	V-PMI-3S	LXX_WH
Jób 30:14	G1722	εν	PREP	LXX_WH
Jób 30:14	G3601	οδυναις	N-DPF	LXX_WH
Jób 30:14	G5445	πεφυρμαι	V-RMI-1S	ABP-potolt
Jób 30:15	G1994	επιστρεφονται	V-PMI-3P	LXX_WH
Jób 30:15	G1161	δε	PRT	LXX_WH
Jób 30:15	G1473	μου	P-GS	LXX_WH
Jób 30:15	G3588	αι	T-NPF	LXX_WH
Jób 30:15	G3601	οδυναι	N-NPF	LXX_WH
Jób 30:15	G3634	ωχετο	V-IMI-3S	ABP-potolt
Jób 30:15	G1473	μου	P-GS	LXX_WH
Jób 30:15	G3588	η	T-NSF	LXX_WH
Jób 30:15	G1680	ελπις	N-NSF	LXX_WH
Jób 30:15	G3746	ωσπερ	ADV	LXX_WH
Jób 30:15	G4151	πνευμα	N-ASN	LXX_WH
Jób 30:15	G2532	και	CONJ	LXX_WH
Jób 30:15	G3746	ωσπερ	ADV	LXX_WH
Jób 30:15	G3509	νεφος	N-ASN	LXX_WH
Jób 30:15	G3588	η	T-NSF	LXX_WH
Jób 30:15	G4991	σωτηρια	N-NSF	LXX_WH
Jób 30:15	G1473	μου	P-GS	LXX_WH
Jób 30:16	G2532	και	CONJ	LXX_WH
Jób 30:16	G3568	νυν	ADV	LXX_WH
Jób 30:16	G1909	επ	PREP	LXX_WH
Jób 30:16	G1473	εμε	P-AS	LXX_WH
Jób 30:16	G1632	εκχυθησεται	V-FPI-3S	LXX_WH
Jób 30:16	G3588	η	T-NSF	LXX_WH
Jób 30:16	G5590	ψυχη	N-NSF	LXX_WH
Jób 30:16	G1473	μου	P-GS	LXX_WH
Jób 30:16	G2192	εχουσιν	V-PAI-3P	LXX_WH
Jób 30:16	G1161	δε	PRT	LXX_WH
Jób 30:16	G1473	με	P-AS	LXX_WH
Jób 30:16	G2250	ημεραι	N-NPF	LXX_WH
Jób 30:16	G3601	οδυνων	N-GPF	LXX_WH
Jób 30:17	G3571	νυκτι	N-DSF	LXX_WH
Jób 30:17	G1161	δε	PRT	LXX_WH
Jób 30:17	G1473	μου	P-GS	LXX_WH
Jób 30:17	G3588	τα	T-NPN	LXX_WH
Jób 30:17	G3747	οστα	N-NPN	LXX_WH
Jób 30:17	G4776	συγκεκαυται	V-RPI-3S	ABP-potolt
Jób 30:17	G3588	τα	T-NPN	LXX_WH
Jób 30:17	G1161	δε	PRT	LXX_WH
Jób 30:17		νευρα	N-NPN	ELTERO_SZOVEGALAP
Jób 30:17	G1473	μου	P-GS	LXX_WH
Jób 30:17	G1262	διαλελυται	V-RPI-3S	LXX_WH
Jób 30:18	G1722	εν	PREP	LXX_WH
Jób 30:18	G4183	πολλη	A-DSF	LXX_WH
Jób 30:18	G2479	ισχυι	N-DSF	LXX_WH
Jób 30:18	G1949	επελαβετο	V-AMI-3S	ABP-potolt
Jób 30:18	G1473	μου	P-GS	LXX_WH
Jób 30:18	G3588	της	T-GSF	LXX_WH
Jób 30:18	G4749	στολης	N-GSF	LXX_WH
Jób 30:18	G3746	ωσπερ	ADV	LXX_WH
Jób 30:18	G3588	το	T-ASN	LXX_WH
Jób 30:18	G4058	περιστομιον	N-ASN	ABP-potolt
Jób 30:18	G3588	του	T-GSM	LXX_WH
Jób 30:18	G5509	χιτωνος	N-GSM	LXX_WH
Jób 30:18	G1473	μου	P-GS	LXX_WH
Jób 30:18	G4023	περιεσχεν	V-AAI-3S	LXX_WH
Jób 30:18	G1473	με	P-AS	LXX_WH
Jób 30:19	G2233	ηγησαι	V-RMI-2S	LXX_WH
Jób 30:19	G1161	δε	PRT	LXX_WH
Jób 30:19	G1473	με	P-AS	LXX_WH
Jób 30:19	G2470	ισα	ADV	LXX_WH
Jób 30:19	G4081	πηλω	N-DSM	LXX_WH
Jób 30:19	G1722	εν	PREP	LXX_WH
Jób 30:19	G1065	γη	N-DSF	LXX_WH
Jób 30:19	G2532	και	CONJ	LXX_WH
Jób 30:19	G4700	σποδω	N-DSF	LXX_WH
Jób 30:19	G1473	μου	P-GS	LXX_WH
Jób 30:19	G3588	η	T-NSF	LXX_WH
Jób 30:19	G3310	μερις	N-NSF	LXX_WH
Jób 30:20	G2896	κεκραγα	V-RAI-1S	LXX_WH
Jób 30:20	G1161	δε	PRT	LXX_WH
Jób 30:20	G4314	προς	PREP	LXX_WH
Jób 30:20	G4771	σε	P-AS	LXX_WH
Jób 30:20	G2532	και	CONJ	LXX_WH
Jób 30:20	G3364	ουκ	ADV	LXX_WH
Jób 30:20	G1522	εισακουεις	V-PAI-2S	LXX_WH
Jób 30:20	G1473	μου	P-GS	LXX_WH
Jób 30:20	G2476	εστησαν	V-AAI-3P	LXX_WH
Jób 30:20	G2532	και	CONJ	LXX_WH
Jób 30:20	G2657	κατενοησαν	V-AAI-3P	LXX_WH
Jób 30:20	G1473	με	P-AS	LXX_WH
Jób 30:21	G1910	επεβης	V-AAI-2S	LXX_WH
Jób 30:21	G1161	δε	PRT	LXX_WH
Jób 30:21	G1473	μοι	P-DS	LXX_WH
Jób 30:21	G0414	ανελεημονως	ADV	ABP-potolt
Jób 30:21	G5495	χειρι	N-DSF	LXX_WH
Jób 30:21	G2900	κραταια	A-DSF	LXX_WH
Jób 30:21	G1473	με	P-AS	LXX_WH
Jób 30:21	G3146	εμαστιγωσας	V-AAI-2S	LXX_WH
Jób 30:22	G5021	εταξας	V-AAI-2S	LXX_WH
Jób 30:22	G1161	δε	PRT	LXX_WH
Jób 30:22	G1473	με	P-AS	LXX_WH
Jób 30:22	G1722	εν	PREP	LXX_WH
Jób 30:22	G3601	οδυναις	N-DPF	LXX_WH
Jób 30:22	G2532	και	CONJ	LXX_WH
Jób 30:22		απερριψας	V-AAI-2S	ELTERO_SZOVEGALAP
Jób 30:22	G1473	με	P-AS	LXX_WH
Jób 30:22	G0575	απο	PREP	LXX_WH
Jób 30:22	G4991	σωτηριας	N-GSF	LXX_WH
Jób 30:23		οιδα	V-RAI-1S	ELTERO_SZOVEGALAP
Jób 30:23	G1063	γαρ	PRT	LXX_WH
Jób 30:23	G3754	οτι	CONJ	LXX_WH
Jób 30:23	G2288	θανατος	N-NSM	LXX_WH
Jób 30:23	G1473	με	P-AS	LXX_WH
Jób 30:23		εκτριψει	V-FAI-3S	ELTERO_SZOVEGALAP
Jób 30:23	G3614	οικια	N-NSF	LXX_WH
Jób 30:23	G1063	γαρ	PRT	LXX_WH
Jób 30:23	G3956	παντι	A-DSM	LXX_WH
Jób 30:23	G2349	θνητω	A-DSM	LXX_WH
Jób 30:23	G1065	γη	N-NSF	LXX_WH
Jób 30:24	G1487	ει	CONJ	LXX_WH
Jób 30:24	G1063	γαρ	PRT	LXX_WH
Jób 30:24	G3784	οφελον	V-AAI-1S	LXX_WH
Jób 30:24	G1410	δυναιμην	V-PMO-1S	LXX_WH
Jób 30:24	G1683	εμαυτον	D-ASM	LXX_WH
Jób 30:24	G1315	χειρωσασθαι	V-AMN	ABP-potolt
Jób 30:24	G2228	η	CONJ	LXX_WH
Jób 30:24	G1210	δεηθεις	V-APPNS	LXX_WH
Jób 30:24	G1065	γε	PRT	LXX_WH
Jób 30:24	G2087	ετερου	A-GSM	LXX_WH
Jób 30:24	G2532	και	CONJ	LXX_WH
Jób 30:24	G4160	ποιησει	V-FAI-3S	LXX_WH
Jób 30:24	G1473	μοι	P-DS	LXX_WH
Jób 30:24	G3778	τουτο	D-ASN	LXX_WH
Jób 30:25	G1473	εγω	P-NS	LXX_WH
Jób 30:25	G1161	δε	PRT	LXX_WH
Jób 30:25	G1909	επι	PREP	LXX_WH
Jób 30:25	G3956	παντι	A-DSM	LXX_WH
Jób 30:25	G0102	αδυνατω	A-DSM	LXX_WH
Jób 30:25	G2799	εκλαυσα	V-AAI-1S	LXX_WH
Jób 30:25	G4727	εστεναξα	V-AAI-1S	LXX_WH
Jób 30:25	G1161	δε	PRT	LXX_WH
Jób 30:25	G3708	ιδων	V-AAPNS	LXX_WH
Jób 30:25	G0435	ανδρα	N-ASM	LXX_WH
Jób 30:25	G1722	εν	PREP	LXX_WH
Jób 30:25	G0318	αναγκαις	N-DPF	ABP-potolt
Jób 30:26	G1473	εγω	P-NS	LXX_WH
Jób 30:26	G1161	δε	PRT	LXX_WH
Jób 30:26		επεχων	V-PAPNS	ELTERO_SZOVEGALAP
Jób 30:26	G0018	αγαθοις	A-DPM	LXX_WH
Jób 30:26	G2400	ιδου	INJ	LXX_WH
Jób 30:26	G4876	συνηντησαν	V-AAI-3P	LXX_WH
Jób 30:26	G1473	μοι	P-DS	LXX_WH
Jób 30:26	G3123	μαλλον	ADV	LXX_WH
Jób 30:26	G2250	ημεραι	N-NPF	LXX_WH
Jób 30:26	G2556	κακων	A-GPN	LXX_WH
Jób 30:27	G3588	η	T-NSF	LXX_WH
Jób 30:27	G2836	κοιλια	N-NSF	LXX_WH
Jób 30:27	G1473	μου	P-GS	LXX_WH
Jób 30:27		εξεζεσεν	V-AAI-3S	ELTERO_SZOVEGALAP
Jób 30:27	G2532	και	CONJ	LXX_WH
Jób 30:27	G3364	ου	ADV	LXX_WH
Jób 30:27	G4623	σιωπησεται	V-FMI-3S	LXX_WH
Jób 30:27	G4399	προεφθασαν	V-AAI-3P	LXX_WH
Jób 30:27	G1473	με	P-AS	LXX_WH
Jób 30:27	G2250	ημεραι	N-NPF	LXX_WH
Jób 30:27	G4432	πτωχειας	N-GSF	LXX_WH
Jób 30:28	G4730	στενων	V-PAPNS	ABP-potolt
Jób 30:28	G4198	πεπορευμαι	V-RMI-1S	LXX_WH
Jób 30:28	G0427	ανευ	PREP	LXX_WH
Jób 30:28	G5391	φιμου	N-GSM	ABP-potolt
Jób 30:28	G2476	εστηκα	V-RAI-1S	LXX_WH
Jób 30:28	G1161	δε	PRT	LXX_WH
Jób 30:28	G1722	εν	PREP	LXX_WH
Jób 30:28	G1577	εκκλησια	N-DSF	LXX_WH
Jób 30:28	G2896	κεκραγως	V-RAPNS	LXX_WH
Jób 30:29	G0080	αδελφος	N-NSM	LXX_WH
Jób 30:29	G1096	γεγονα	V-RAI-1S	LXX_WH
Jób 30:29	G4577	σειρηνων	N-GPF	ABP-potolt
Jób 30:29	G2083	εταιρος	N-NSM	LXX_WH
Jób 30:29	G1161	δε	PRT	LXX_WH
Jób 30:29		στρουθων	N-GPM	ELTERO_SZOVEGALAP
Jób 30:30	G3588	το	T-NSN	LXX_WH
Jób 30:30	G1161	δε	PRT	LXX_WH
Jób 30:30	G1192	δερμα	N-NSN	LXX_WH
Jób 30:30	G1473	μου	P-GS	LXX_WH
Jób 30:30	G4656	εσκοτωται	V-RPI-3S	LXX_WH
Jób 30:30	G3171	μεγαλως	ADV	LXX_WH
Jób 30:30	G3588	τα	T-NPN	LXX_WH
Jób 30:30	G1161	δε	PRT	LXX_WH
Jób 30:30	G3747	οστα	N-NPN	LXX_WH
Jób 30:30	G1473	μου	P-GS	LXX_WH
Jób 30:30	G0575	απο	PREP	LXX_WH
Jób 30:30	G2738	καυματος	N-GSN	LXX_WH
Jób 30:31	G0576	απεβη	V-AAI-3S	LXX_WH
Jób 30:31	G1161	δε	PRT	LXX_WH
Jób 30:31	G1519	εις	PREP	LXX_WH
Jób 30:31	G3806	παθος	N-ASN	LXX_WH
Jób 30:31	G1473	μου	P-GS	LXX_WH
Jób 30:31	G3588	η	T-NSF	LXX_WH
Jób 30:31	G2788	κιθαρα	N-NSF	LXX_WH
Jób 30:31	G3588	ο	T-NSM	LXX_WH
Jób 30:31	G1161	δε	PRT	LXX_WH
Jób 30:31	G5568	ψαλμος	N-NSM	LXX_WH
Jób 30:31	G1473	μου	P-GS	LXX_WH
Jób 30:31	G1519	εις	PREP	LXX_WH
Jób 30:31	G2805	κλαυθμον	N-ASM	LXX_WH
Jób 30:31	G1473	εμοι	P-DS	LXX_WH
Jób 31:1	G1242	διαθηκην	N-ASF	LXX_WH
Jób 31:1	G5087	εθεμην	V-AMI-1S	LXX_WH
Jób 31:1	G3588	τοις	T-DPM	LXX_WH
Jób 31:1	G3788	οφθαλμοις	N-DPM	LXX_WH
Jób 31:1	G1473	μου	P-GS	LXX_WH
Jób 31:1	G2532	και	CONJ	LXX_WH
Jób 31:1	G3364	ου	ADV	LXX_WH
Jób 31:1	G4920	συνησω	V-FAI-1S	LXX_WH
Jób 31:1	G1909	επι	PREP	LXX_WH
Jób 31:1	G3933	παρθενον	N-ASF	LXX_WH
Jób 31:2	G2532	και	CONJ	LXX_WH
Jób 31:2	G5100	τι	I-ASN	LXX_WH
Jób 31:2	G3307	εμερισεν	V-AAI-3S	LXX_WH
Jób 31:2	G3588	ο	T-NSM	LXX_WH
Jób 31:2	G2316	θεος	N-NSM	LXX_WH
Jób 31:2	G0509	απανωθεν	ADV	ABP-potolt
Jób 31:2	G2532	και	CONJ	LXX_WH
Jób 31:2	G2817	κληρονομια	N-NSF	LXX_WH
Jób 31:2	G2425	ικανου	A-GSM	LXX_WH
Jób 31:2	G1537	εξ	PREP	LXX_WH
Jób 31:2	G5310	υψιστων	A-GPM	LXX_WH
Jób 31:3	G3364	ουχι	ADV	LXX_WH
Jób 31:3	G0684	απωλεια	N-NSF	LXX_WH
Jób 31:3	G3588	τω	T-DSM	LXX_WH
Jób 31:3	G0094	αδικω	A-DSM	LXX_WH
Jób 31:3	G2532	και	CONJ	LXX_WH
Jób 31:3	G0526	απαλλοτριωσις	N-NSF	ABP-potolt
Jób 31:3	G3588	τοις	T-DPM	LXX_WH
Jób 31:3	G4160	ποιουσιν	V-PAPDP	LXX_WH
Jób 31:3	G0458	ανομιαν	N-ASF	LXX_WH
Jób 31:4	G3364	ουχι	ADV	LXX_WH
Jób 31:4	G0846	αυτος	D-NSM	LXX_WH
Jób 31:4	G3708	οψεται	V-FMI-3S	LXX_WH
Jób 31:4	G3598	οδον	N-ASF	LXX_WH
Jób 31:4	G1473	μου	P-GS	LXX_WH
Jób 31:4	G2532	και	CONJ	LXX_WH
Jób 31:4	G3956	παντα	A-APN	LXX_WH
Jób 31:4	G3588	τα	T-APN	LXX_WH
Jób 31:4		διαβηματα	N-APN	ELTERO_SZOVEGALAP
Jób 31:4	G1473	μου	P-GS	LXX_WH
Jób 31:4		εξαριθμησεται	V-FMI-3S	ELTERO_SZOVEGALAP
Jób 31:5	G1487	ει	CONJ	LXX_WH
Jób 31:5	G1161	δε	PRT	LXX_WH
Jób 31:5	G1510	ημην	V-IMI-1S	LXX_WH
Jób 31:5	G4198	πεπορευμενος	V-RMPNS	LXX_WH
Jób 31:5	G3326	μετα	PREP	LXX_WH
Jób 31:5		γελοιαστων	N-GPM	ELTERO_SZOVEGALAP
Jób 31:5	G1487	ει	CONJ	LXX_WH
Jób 31:5	G1161	δε	PRT	LXX_WH
Jób 31:5	G2532	και	CONJ	LXX_WH
Jób 31:5	G4704	εσπουδασεν	V-AAI-3S	LXX_WH
Jób 31:5	G3588	ο	T-NSM	LXX_WH
Jób 31:5	G4228	πους	N-NSM	LXX_WH
Jób 31:5	G1473	μου	P-GS	LXX_WH
Jób 31:5	G1519	εις	PREP	LXX_WH
Jób 31:5	G1388	δολον	N-ASM	LXX_WH
Jób 31:6	G2476	ισταιη	V-PAO-3S	LXX_WH
Jób 31:6	G1473	με	P-AS	LXX_WH
Jób 31:6	G0685	αρα	PRT	LXX_WH
Jób 31:6	G1722	εν	PREP	LXX_WH
Jób 31:6	G2218	ζυγω	N-DSM	LXX_WH
Jób 31:6	G1342	δικαιω	A-DSM	LXX_WH
Jób 31:6	G1492	οιδεν	V-RAI-3S	ABP-potolt
Jób 31:6	G1161	δε	PRT	LXX_WH
Jób 31:6	G3588	ο	T-NSM	LXX_WH
Jób 31:6	G2962	κυριος	N-NSM	LXX_WH
Jób 31:6	G3588	την	T-ASF	LXX_WH
Jób 31:6		ακακιαν	N-ASF	ELTERO_SZOVEGALAP
Jób 31:6	G1473	μου	P-GS	LXX_WH
Jób 31:7	G1487	ει	CONJ	LXX_WH
Jób 31:7	G1578	εξεκλινεν	V-IAI-3S	LXX_WH
Jób 31:7	G3588	ο	T-NSM	LXX_WH
Jób 31:7	G4228	πους	N-NSM	LXX_WH
Jób 31:7	G1473	μου	P-GS	LXX_WH
Jób 31:7	G1537	εκ	PREP	LXX_WH
Jób 31:7	G3588	της	T-GSF	LXX_WH
Jób 31:7	G3598	οδου	N-GSF	LXX_WH
Jób 31:7	G1487	ει	CONJ	LXX_WH
Jób 31:7	G1161	δε	PRT	LXX_WH
Jób 31:7	G2532	και	CONJ	LXX_WH
Jób 31:7	G3588	τω	T-DSM	LXX_WH
Jób 31:7	G3788	οφθαλμω	N-DSM	LXX_WH
Jób 31:7	G1872	επηκολουθησεν	V-AAI-3S	ABP-potolt
Jób 31:7	G3588	η	T-NSF	LXX_WH
Jób 31:7	G2588	καρδια	N-NSF	LXX_WH
Jób 31:7	G1473	μου	P-GS	LXX_WH
Jób 31:7	G1487	ει	CONJ	LXX_WH
Jób 31:7	G1161	δε	PRT	LXX_WH
Jób 31:7	G2532	και	CONJ	LXX_WH
Jób 31:7	G3588	ταις	T-DPF	LXX_WH
Jób 31:7	G5495	χερσιν	N-DPF	LXX_WH
Jób 31:7	G1473	μου	P-GS	LXX_WH
Jób 31:7	G0680	ηψαμην	V-AMI-1S	LXX_WH
Jób 31:7	G1435	δωρων	N-GPN	LXX_WH
Jób 31:8	G4687	σπειραιμι	V-AAO-1S	LXX_WH
Jób 31:8	G0685	αρα	PRT	LXX_WH
Jób 31:8	G2532	και	CONJ	LXX_WH
Jób 31:8	G0243	αλλοι	D-NPM	LXX_WH
Jób 31:8	G2068	φαγοισαν	V-AAO-3P	LXX_WH
Jób 31:8	G0731	αρριζος	A-NSM	ABP-potolt
Jób 31:8	G1161	δε	PRT	LXX_WH
Jób 31:8	G1096	γενοιμην	V-AMO-1S	LXX_WH
Jób 31:8	G1909	επι	PREP	LXX_WH
Jób 31:8	G1065	γης	N-GSF	LXX_WH
Jób 31:9	G1487	ει	CONJ	LXX_WH
Jób 31:9	G1811	εξηκολουθησεν	V-AAI-3S	LXX_WH
Jób 31:9	G3588	η	T-NSF	LXX_WH
Jób 31:9	G2588	καρδια	N-NSF	LXX_WH
Jób 31:9	G1473	μου	P-GS	LXX_WH
Jób 31:9	G1135	γυναικι	N-DSF	LXX_WH
Jób 31:9	G0435	ανδρος	N-GSM	LXX_WH
Jób 31:9	G2087	ετερου	A-GSM	LXX_WH
Jób 31:9	G1487	ει	CONJ	LXX_WH
Jób 31:9	G2532	και	CONJ	LXX_WH
Jób 31:9	G1455	εγκαθετος	A-NSM	LXX_WH
Jób 31:9	G1096	εγενομην	V-AMI-1S	LXX_WH
Jób 31:9	G1909	επι	PREP	LXX_WH
Jób 31:9	G2374	θυραις	N-DPF	LXX_WH
Jób 31:9	G0846	αυτης	D-GSF	LXX_WH
Jób 31:10	G0700	αρεσαι	V-AAO-3S	LXX_WH
Jób 31:10	G0685	αρα	PRT	LXX_WH
Jób 31:10	G2532	και	CONJ	LXX_WH
Jób 31:10	G3588	η	T-NSF	LXX_WH
Jób 31:10	G1135	γυνη	N-NSF	LXX_WH
Jób 31:10	G1473	μου	P-GS	LXX_WH
Jób 31:10	G2087	ετερω	A-DSM	LXX_WH
Jób 31:10	G3588	τα	T-NPN	LXX_WH
Jób 31:10	G1161	δε	PRT	LXX_WH
Jób 31:10	G3516	νηπια	A-NPN	LXX_WH
Jób 31:10	G1473	μου	P-GS	LXX_WH
Jób 31:10	G5013	ταπεινωθειη	V-APO-3S	LXX_WH
Jób 31:11	G2372	θυμος	N-NSM	LXX_WH
Jób 31:11	G1063	γαρ	PRT	LXX_WH
Jób 31:11	G3709	οργης	N-GSF	LXX_WH
Jób 31:11	G0183	ακατασχετος	A-NSM	LXX_WH
Jób 31:11	G3588	το	T-ASN	LXX_WH
Jób 31:11	G3392	μιαναι	V-AAN	LXX_WH
Jób 31:11	G0435	ανδρος	N-GSM	LXX_WH
Jób 31:11	G1135	γυναικα	N-ASF	LXX_WH
Jób 31:12	G4442	πυρ	N-NSN	LXX_WH
Jób 31:12	G1063	γαρ	PRT	LXX_WH
Jób 31:12	G1510	εστιν	V-PAI-3S	LXX_WH
Jób 31:12	G2545	καιομενον	V-PMPNS	LXX_WH
Jób 31:12	G1909	επι	PREP	LXX_WH
Jób 31:12	G3956	παντων	A-GPN	LXX_WH
Jób 31:12	G3588	των	T-GPN	LXX_WH
Jób 31:12	G3313	μερων	N-GPN	LXX_WH
Jób 31:12	G3739	ου	R-GSM	LXX_WH
Jób 31:12	G1161	δ	PRT	LXX_WH
Jób 31:12	G0302	αν	PRT	LXX_WH
Jób 31:12		επελθη	V-AAS-3S	ELTERO_SZOVEGALAP
Jób 31:12	G1537	εκ	PREP	LXX_WH
Jób 31:12		ριζων	N-GPF	ELTERO_SZOVEGALAP
Jób 31:12		απωλεσεν	V-AAI-3S	ELTERO_SZOVEGALAP
Jób 31:13	G1487	ει	CONJ	LXX_WH
Jób 31:13	G1161	δε	PRT	LXX_WH
Jób 31:13	G2532	και	CONJ	LXX_WH
Jób 31:13		εφαυλισα	V-AAI-1S	ELTERO_SZOVEGALAP
Jób 31:13	G2917	κριμα	N-ASN	LXX_WH
Jób 31:13	G2324	θεραποντος	N-GSM	LXX_WH
Jób 31:13	G1473	μου	P-GS	LXX_WH
Jób 31:13	G2228	η	CONJ	LXX_WH
Jób 31:13	G2321	θεραπαινης	N-GSF	ABP-potolt
Jób 31:13	G2919	κρινομενων	V-PMPGP	LXX_WH
Jób 31:13	G0846	αυτων	D-GPM	LXX_WH
Jób 31:13	G4314	προς	PREP	LXX_WH
Jób 31:13	G1473	με	P-AS	LXX_WH
Jób 31:14	G5100	τι	I-ASN	LXX_WH
Jób 31:14	G1063	γαρ	PRT	LXX_WH
Jób 31:14	G4160	ποιησω	V-AAS-1S	LXX_WH
Jób 31:14	G1437	εαν	CONJ	LXX_WH
Jób 31:14	G2083	ετασιν	N-ASF	ABP-potolt
Jób 31:14	G1473	μου	P-GS	LXX_WH
Jób 31:14	G4160	ποιησηται	V-AMS-3S	LXX_WH
Jób 31:14	G3588	ο	T-NSM	LXX_WH
Jób 31:14	G2962	κυριος	N-NSM	LXX_WH
Jób 31:14	G1437	εαν	CONJ	LXX_WH
Jób 31:14	G1161	δε	PRT	LXX_WH
Jób 31:14	G2532	και	CONJ	LXX_WH
Jób 31:14	G1984	επισκοπην	N-ASF	LXX_WH
Jób 31:14	G5100	τινα	I-ASM	LXX_WH
Jób 31:14	G0612	αποκρισιν	N-ASF	LXX_WH
Jób 31:14	G4160	ποιησομαι	V-FMI-1S	LXX_WH
Jób 31:15	G4220	ποτερον	ADV	LXX_WH
Jób 31:15	G3364	ουχ	ADV	LXX_WH
Jób 31:15	G3739	ως	CONJ	LXX_WH
Jób 31:15	G2532	και	ADV	LXX_WH
Jób 31:15	G1473	εγω	P-NS	LXX_WH
Jób 31:15	G1096	εγενομην	V-AMI-1S	LXX_WH
Jób 31:15	G1722	εν	PREP	LXX_WH
Jób 31:15	G1064	γαστρι	N-DSF	LXX_WH
Jób 31:15	G2532	και	CONJ	LXX_WH
Jób 31:15	G1565	εκεινοι	D-NPM	LXX_WH
Jób 31:15	G1096	γεγονασιν	V-RAI-3P	LXX_WH
Jób 31:15	G1096	γεγοναμεν	V-RAI-1P	LXX_WH
Jób 31:15	G1161	δε	PRT	LXX_WH
Jób 31:15	G1722	εν	PREP	LXX_WH
Jób 31:15	G3588	τη	T-DSF	LXX_WH
Jób 31:15	G0846	αυτη	D-DSF	LXX_WH
Jób 31:15	G2836	κοιλια	N-DSF	LXX_WH
Jób 31:16	G0102	αδυνατοι	A-NPM	LXX_WH
Jób 31:16	G1161	δε	PRT	LXX_WH
Jób 31:16	G5532	χρειαν	N-ASF	LXX_WH
Jób 31:16	G3739	ην	R-ASF	LXX_WH
Jób 31:16	G4218	ποτ	ADV	LXX_WH
Jób 31:16	G2192	ειχον	V-IAI-3P	LXX_WH
Jób 31:16	G3364	ουκ	ADV	LXX_WH
Jób 31:16		απετυχον	V-AAI-3P	ELTERO_SZOVEGALAP
Jób 31:16	G5503	χηρας	N-APF	LXX_WH
Jób 31:16	G1161	δε	PRT	LXX_WH
Jób 31:16	G3588	τον	T-ASM	LXX_WH
Jób 31:16	G3788	οφθαλμον	N-ASM	LXX_WH
Jób 31:16	G3364	ουκ	ADV	LXX_WH
Jób 31:16		εξετηξα	V-AAI-1S	ELTERO_SZOVEGALAP
Jób 31:17	G1487	ει	CONJ	LXX_WH
Jób 31:17	G1161	δε	PRT	LXX_WH
Jób 31:17	G2532	και	CONJ	LXX_WH
Jób 31:17	G3588	τον	T-ASM	LXX_WH
Jób 31:17		ψωμον	N-ASM	ELTERO_SZOVEGALAP
Jób 31:17	G1473	μου	P-GS	LXX_WH
Jób 31:17	G2068	εφαγον	V-AAI-1S	LXX_WH
Jób 31:17	G3441	μονος	A-NSM	LXX_WH
Jób 31:17	G2532	και	CONJ	LXX_WH
Jób 31:17	G3364	ουχι	ADV	LXX_WH
Jób 31:17	G3737	ορφανω	A-DSM	LXX_WH
Jób 31:17	G3330	μετεδωκα	V-AAI-1S	LXX_WH
Jób 31:18	G3754	οτι	CONJ	LXX_WH
Jób 31:18	G1537	εκ	PREP	LXX_WH
Jób 31:18	G3503	νεοτητος	N-GSF	LXX_WH
Jób 31:18	G1473	μου	P-GS	LXX_WH
Jób 31:18	G1625	εξετρεφον	V-IAI-1S	LXX_WH
Jób 31:18	G3739	ως	CONJ	LXX_WH
Jób 31:18	G3962	πατηρ	N-NSM	LXX_WH
Jób 31:18	G2532	και	CONJ	LXX_WH
Jób 31:18	G1537	εκ	PREP	LXX_WH
Jób 31:18	G1064	γαστρος	N-GSF	LXX_WH
Jób 31:18	G3384	μητρος	N-GSF	LXX_WH
Jób 31:18	G1473	μου	P-GS	LXX_WH
Jób 31:18	G3594	ωδηγησα	V-AAI-1S	LXX_WH
Jób 31:19	G1487	ει	CONJ	LXX_WH
Jób 31:19	G1161	δε	PRT	LXX_WH
Jób 31:19	G2532	και	CONJ	LXX_WH
Jób 31:19		υπερειδον	V-AAI-1S	ELTERO_SZOVEGALAP
Jób 31:19	G1131	γυμνον	A-ASM	LXX_WH
Jób 31:19	G0622	απολλυμενον	V-PMPAS	ABP-potolt
Jób 31:19	G2532	και	CONJ	LXX_WH
Jób 31:19	G3364	ουκ	ADV	LXX_WH
Jób 31:19		ημφιασα	V-AAI-1S	ELTERO_SZOVEGALAP
Jób 31:20	G0102	αδυνατοι	A-NPM	LXX_WH
Jób 31:20	G1161	δε	PRT	LXX_WH
Jób 31:20	G1487	ει	CONJ	LXX_WH
Jób 31:20	G3165	μη	ADV	LXX_WH
Jób 31:20	G2127	ευλογησαν	V-AAI-3P	LXX_WH
Jób 31:20	G1473	με	P-AS	LXX_WH
Jób 31:20	G0575	απο	PREP	LXX_WH
Jób 31:20	G1161	δε	PRT	LXX_WH
Jób 31:20		κουρας	N-GSF	ELTERO_SZOVEGALAP
Jób 31:20	G0286	αμνων	N-GPM	LXX_WH
Jób 31:20	G1473	μου	P-GS	LXX_WH
Jób 31:20	G2328	εθερμανθησαν	V-API-3P	LXX_WH
Jób 31:20	G3588	οι	T-NPM	LXX_WH
Jób 31:20	G3676	ωμοι	N-NPM	LXX_WH
Jób 31:20	G0846	αυτων	D-GPM	LXX_WH
Jób 31:21	G1487	ει	CONJ	LXX_WH
Jób 31:21	G1869	επηρα	V-AAI-1S	ABP-potolt
Jób 31:21	G3737	ορφανω	A-DSM	LXX_WH
Jób 31:21	G5495	χειρα	N-ASF	LXX_WH
Jób 31:21	G3982	πεποιθως	V-RAPNS	LXX_WH
Jób 31:21	G3754	οτι	CONJ	LXX_WH
Jób 31:21	G4183	πολλη	A-NSF	LXX_WH
Jób 31:21	G1473	μοι	P-DS	LXX_WH
Jób 31:21	G0996	βοηθεια	N-NSF	LXX_WH
Jób 31:21	G4019	περιεστιν	V-PAI-3S	ABP-potolt
Jób 31:22		αποσταιη	V-AAO-3S	ELTERO_SZOVEGALAP
Jób 31:22	G0685	αρα	PRT	LXX_WH
Jób 31:22	G3588	ο	T-NSM	LXX_WH
Jób 31:22	G3676	ωμος	N-NSM	LXX_WH
Jób 31:22	G1473	μου	P-GS	LXX_WH
Jób 31:22	G0575	απο	PREP	LXX_WH
Jób 31:22	G3588	της	T-GSF	LXX_WH
Jób 31:22	G2807	κλειδος	N-GSF	LXX_WH
Jób 31:22	G3588	ο	T-NSM	LXX_WH
Jób 31:22	G1161	δε	PRT	LXX_WH
Jób 31:22	G1023	βραχιων	N-NSM	LXX_WH
Jób 31:22	G1473	μου	P-GS	LXX_WH
Jób 31:22	G0575	απο	PREP	LXX_WH
Jób 31:22	G3588	του	T-GSM	LXX_WH
Jób 31:22		αγκωνος	N-GSM	ELTERO_SZOVEGALAP
Jób 31:22	G1473	μου	P-GS	LXX_WH
Jób 31:22	G4937	συντριβειη	V-APO-3S	LXX_WH
Jób 31:23	G5401	φοβος	N-NSM	LXX_WH
Jób 31:23	G1063	γαρ	PRT	LXX_WH
Jób 31:23	G2962	κυριου	N-GSM	LXX_WH
Jób 31:23	G4912	συνεσχεν	V-AAI-3S	LXX_WH
Jób 31:23	G1473	με	P-AS	LXX_WH
Jób 31:23	G2532	και	CONJ	LXX_WH
Jób 31:23	G0575	απο	PREP	LXX_WH
Jób 31:23	G3588	του	T-GSN	LXX_WH
Jób 31:23		λημματος	N-GSN	ELTERO_SZOVEGALAP
Jób 31:23	G0846	αυτου	D-GSM	LXX_WH
Jób 31:23	G3364	ουχ	ADV	LXX_WH
Jób 31:23	G5297	υποισω	V-FAI-1S	LXX_WH
Jób 31:24	G1487	ει	CONJ	LXX_WH
Jób 31:24	G5021	εταξα	V-AAI-1S	LXX_WH
Jób 31:24	G5553	χρυσιον	N-ASN	LXX_WH
Jób 31:24	G2479	ισχυν	N-ASF	LXX_WH
Jób 31:24	G1473	μου	P-GS	LXX_WH
Jób 31:24	G1487	ει	CONJ	LXX_WH
Jób 31:24	G1161	δε	PRT	LXX_WH
Jób 31:24	G2532	και	ADV	LXX_WH
Jób 31:24	G3037	λιθω	N-DSM	LXX_WH
Jób 31:24	G4185	πολυτελει	A-DSM	LXX_WH
Jób 31:24	G3982	επεποιθησα	V-YAI-1S	LXX_WH
Jób 31:25	G1487	ει	CONJ	LXX_WH
Jób 31:25	G1161	δε	PRT	LXX_WH
Jób 31:25	G2532	και	ADV	LXX_WH
Jób 31:25	G2165	ευφρανθην	V-API-1S	LXX_WH
Jób 31:25	G4183	πολλου	A-GSM	LXX_WH
Jób 31:25	G4149	πλουτου	N-GSM	LXX_WH
Jób 31:25	G1473	μοι	P-DS	LXX_WH
Jób 31:25	G1096	γενομενου	V-AMPGS	LXX_WH
Jób 31:25	G1487	ει	CONJ	LXX_WH
Jób 31:25	G1161	δε	PRT	LXX_WH
Jób 31:25	G2532	και	ADV	LXX_WH
Jób 31:25	G1909	επ	PREP	LXX_WH
Jób 31:25	G0382	αναριθμητοις	A-DPM	LXX_WH
Jób 31:25	G5087	εθεμην	V-AMI-1S	LXX_WH
Jób 31:25	G5495	χειρα	N-ASF	LXX_WH
Jób 31:25	G1473	μου	P-GS	LXX_WH
Jób 31:26	G2228	η	ADV	LXX_WH
Jób 31:26	G3364	ουχ	ADV	LXX_WH
Jób 31:26	G3708	ορω	V-PAI-1S	LXX_WH
Jób 31:26	G3303	μεν	PRT	LXX_WH
Jób 31:26	G2246	ηλιον	N-ASM	LXX_WH
Jób 31:26	G3588	τον	T-ASM	LXX_WH
Jób 31:26	G2017	επιφαυσκοντα	V-PAPAS	LXX_WH
Jób 31:26	G1587	εκλειποντα	V-PAPAS	LXX_WH
Jób 31:26	G4582	σεληνην	N-ASF	LXX_WH
Jób 31:26	G1161	δε	PRT	LXX_WH
Jób 31:26		φθινουσαν	V-PAPAS	ELTERO_SZOVEGALAP
Jób 31:26	G3364	ου	ADV	LXX_WH
Jób 31:26	G1063	γαρ	PRT	LXX_WH
Jób 31:26	G1909	επ	PREP	LXX_WH
Jób 31:26	G0846	αυτοις	D-DPM	LXX_WH
Jób 31:26	G1510	εστιν	V-PAI-3S	LXX_WH
Jób 31:27	G2532	και	CONJ	LXX_WH
Jób 31:27	G1487	ει	CONJ	LXX_WH
Jób 31:27	G0538	ηπατηθη	V-API-3S	LXX_WH
Jób 31:27	G2977	λαθρα	ADV	LXX_WH
Jób 31:27	G3588	η	T-NSF	LXX_WH
Jób 31:27	G2588	καρδια	N-NSF	LXX_WH
Jób 31:27	G1473	μου	P-GS	LXX_WH
Jób 31:27	G1487	ει	CONJ	LXX_WH
Jób 31:27	G1161	δε	PRT	LXX_WH
Jób 31:27	G2532	και	CONJ	LXX_WH
Jób 31:27	G5495	χειρα	N-ASF	LXX_WH
Jób 31:27	G1473	μου	P-GS	LXX_WH
Jób 31:27	G2007	επιθεις	V-AAPNS	LXX_WH
Jób 31:27	G1909	επι	PREP	LXX_WH
Jób 31:27	G4750	στοματι	N-DSN	LXX_WH
Jób 31:27	G1473	μου	P-GS	LXX_WH
Jób 31:27	G5368	εφιλησα	V-AAI-1S	LXX_WH
Jób 31:28	G2532	και	CONJ	LXX_WH
Jób 31:28	G3778	τουτο	D-ASN	LXX_WH
Jób 31:28	G1473	μοι	P-DS	LXX_WH
Jób 31:28	G0685	αρα	PRT	LXX_WH
Jób 31:28	G0458	ανομια	N-NSF	LXX_WH
Jób 31:28	G3588	η	T-NSF	LXX_WH
Jób 31:28	G3173	μεγιστη	A-NSFS	LXX_WH
Jób 31:28	G3049	λογισθειη	V-APO-3S	LXX_WH
Jób 31:28	G3754	οτι	CONJ	LXX_WH
Jób 31:28		εψευσαμην	V-AMI-1S	ELTERO_SZOVEGALAP
Jób 31:28	G1726	εναντιον	PREP	LXX_WH
Jób 31:28	G2962	κυριου	N-GSM	LXX_WH
Jób 31:28	G3588	του	T-GSM	LXX_WH
Jób 31:28	G5310	υψιστου	A-GSM	LXX_WH
Jób 31:29	G1487	ει	CONJ	LXX_WH
Jób 31:29	G1161	δε	PRT	LXX_WH
Jób 31:29	G2532	και	CONJ	LXX_WH
Jób 31:29		επιχαρης	A-NSM	ELTERO_SZOVEGALAP
Jób 31:29	G1096	εγενομην	V-AMI-1S	LXX_WH
Jób 31:29	G4430	πτωματι	N-DSN	LXX_WH
Jób 31:29	G2190	εχθρων	N-GPM	LXX_WH
Jób 31:29	G1473	μου	P-GS	LXX_WH
Jób 31:29	G2532	και	CONJ	LXX_WH
Jób 31:29	G2036	ειπεν	V-AAI-3S	ABP-potolt
Jób 31:29	G3588	η	T-NSF	LXX_WH
Jób 31:29	G2588	καρδια	N-NSF	LXX_WH
Jób 31:29	G1473	μου	P-GS	LXX_WH
Jób 31:29		ευγε	INJ	ELTERO_SZOVEGALAP
Jób 31:30	G0191	ακουσαι	V-AMD-3S	LXX_WH
Jób 31:30	G0685	αρα	PRT	LXX_WH
Jób 31:30	G3588	το	T-ASN	LXX_WH
Jób 31:30	G3775	ους	N-ASN	LXX_WH
Jób 31:30	G1473	μου	P-GS	LXX_WH
Jób 31:30	G3588	την	T-ASF	LXX_WH
Jób 31:30	G2671	καταραν	N-ASF	LXX_WH
Jób 31:30	G1473	μου	P-GS	LXX_WH
Jób 31:30		θρυληθειην	V-APO-1S	ELTERO_SZOVEGALAP
Jób 31:30	G1161	δε	PRT	LXX_WH
Jób 31:30	G0685	αρα	PRT	LXX_WH
Jób 31:30	G5259	υπο	PREP	LXX_WH
Jób 31:30	G2992	λαου	N-GSM	LXX_WH
Jób 31:30	G1473	μου	P-GS	LXX_WH
Jób 31:30	G2559	κακουμενος	V-PMPNS	LXX_WH
Jób 31:31	G1487	ει	CONJ	LXX_WH
Jób 31:31	G1161	δε	PRT	LXX_WH
Jób 31:31	G2532	και	CONJ	LXX_WH
Jób 31:31	G4178	πολλακις	ADV	LXX_WH
Jób 31:31	G2036	ειπον	V-AAI-3P	ABP-potolt
Jób 31:31	G3588	αι	T-NPF	LXX_WH
Jób 31:31		θεραπαιναι	N-NPF	ELTERO_SZOVEGALAP
Jób 31:31	G1473	μου	P-GS	LXX_WH
Jób 31:31	G5100	τις	I-NSM	LXX_WH
Jób 31:31	G0302	αν	PRT	LXX_WH
Jób 31:31	G1325	δωη	V-AAO-3S	LXX_WH
Jób 31:31	G1473	ημιν	P-DP	LXX_WH
Jób 31:31	G3588	των	T-GPF	LXX_WH
Jób 31:31	G4561	σαρκων	N-GPF	LXX_WH
Jób 31:31	G0846	αυτου	D-GSM	LXX_WH
Jób 31:31		πλησθηναι	V-APN	ELTERO_SZOVEGALAP
Jób 31:31	G3029	λιαν	ADV	LXX_WH
Jób 31:31	G1473	μου	P-GS	LXX_WH
Jób 31:31	G5543	χρηστου	A-GSM	LXX_WH
Jób 31:31	G1510	οντος	V-PAPGS	LXX_WH
Jób 31:32	G1854	εξω	ADV	LXX_WH
Jób 31:32	G1161	δε	PRT	LXX_WH
Jób 31:32	G3364	ουκ	ADV	LXX_WH
Jób 31:32		ηυλιζετο	V-IMI-3S	ELTERO_SZOVEGALAP
Jób 31:32	G3581	ξενος	A-NSM	LXX_WH
Jób 31:32	G3588	η	T-NSF	LXX_WH
Jób 31:32	G1161	δε	PRT	LXX_WH
Jób 31:32	G2374	θυρα	N-NSF	LXX_WH
Jób 31:32	G1473	μου	P-GS	LXX_WH
Jób 31:32	G3956	παντι	A-DSM	LXX_WH
Jób 31:32	G2064	ελθοντι	V-AAPDS	LXX_WH
Jób 31:32	G0455	ανεωκτο	V-YPI-3S	LXX_WH
Jób 31:33	G1487	ει	CONJ	LXX_WH
Jób 31:33	G1161	δε	PRT	LXX_WH
Jób 31:33	G2532	και	CONJ	LXX_WH
Jób 31:33	G0264	αμαρτων	V-AAPNS	LXX_WH
Jób 31:33	G0190	ακουσιως	ADV	ABP-potolt
Jób 31:33	G2928	εκρυψα	V-AAI-1S	LXX_WH
Jób 31:33	G3588	την	T-ASF	LXX_WH
Jób 31:33	G0266	αμαρτιαν	N-ASF	LXX_WH
Jób 31:33	G1473	μου	P-GS	LXX_WH
Jób 31:34	G3364	ου	ADV	LXX_WH
Jób 31:34	G1063	γαρ	PRT	LXX_WH
Jób 31:34		διετραπην	V-API-1S	ELTERO_SZOVEGALAP
Jób 31:34		πολυοχλιαν	N-ASF	ELTERO_SZOVEGALAP
Jób 31:34	G4128	πληθους	N-GSN	LXX_WH
Jób 31:34	G3588	του	T-GSN	LXX_WH
Jób 31:34	G3165	μη	ADV	LXX_WH
Jób 31:34		εξαγορευσαι	V-AAN	ELTERO_SZOVEGALAP
Jób 31:34	G1799	ενωπιον	PREP	LXX_WH
Jób 31:34	G0846	αυτων	D-GPM	LXX_WH
Jób 31:34	G1487	ει	CONJ	LXX_WH
Jób 31:34	G1161	δε	PRT	LXX_WH
Jób 31:34	G2532	και	CONJ	LXX_WH
Jób 31:34	G1439	ειασα	V-AAI-1S	LXX_WH
Jób 31:34	G0102	αδυνατον	A-ASM	LXX_WH
Jób 31:34	G1831	εξελθειν	V-AAN	LXX_WH
Jób 31:34	G2374	θυραν	N-ASF	LXX_WH
Jób 31:34	G1473	μου	P-GS	LXX_WH
Jób 31:34	G2859	κολπω	N-DSM	LXX_WH
Jób 31:34	G2756	κενω	A-DSM	LXX_WH
Jób 31:35	G5100	τις	I-NSM	LXX_WH
Jób 31:35	G1325	δωη	V-AAO-3S	LXX_WH
Jób 31:35	G0191	ακουοντα	V-PAPAS	LXX_WH
Jób 31:35	G1473	μου	P-GS	LXX_WH
Jób 31:35	G5495	χειρα	N-ASF	LXX_WH
Jób 31:35	G1161	δε	PRT	LXX_WH
Jób 31:35	G2962	κυριου	N-GSM	LXX_WH
Jób 31:35	G1487	ει	CONJ	LXX_WH
Jób 31:35	G3165	μη	ADV	LXX_WH
Jób 31:35		εδεδοικειν	V-YAI-1S	ELTERO_SZOVEGALAP
Jób 31:35		συγγραφην	N-ASF	ELTERO_SZOVEGALAP
Jób 31:35	G1161	δε	PRT	LXX_WH
Jób 31:35	G3739	ην	R-ASF	LXX_WH
Jób 31:35	G2192	ειχον	V-IAI-3P	LXX_WH
Jób 31:35	G2596	κατα	PREP	LXX_WH
Jób 31:35	G5100	τινος	I-GSN	LXX_WH
Jób 31:36	G1909	επ	PREP	LXX_WH
Jób 31:36	G3676	ωμοις	N-DPM	LXX_WH
Jób 31:36	G0302	αν	PRT	LXX_WH
Jób 31:36	G4060	περιθεμενος	V-AMPNS	LXX_WH
Jób 31:36	G4735	στεφανον	N-ASM	LXX_WH
Jób 31:36	G0314	ανεγινωσκον	V-IAI-1S	LXX_WH
Jób 31:37	G2532	και	CONJ	LXX_WH
Jób 31:37	G1487	ει	CONJ	LXX_WH
Jób 31:37	G3165	μη	ADV	LXX_WH
Jób 31:37	G4486	ρηξας	V-AAPNS	LXX_WH
Jób 31:37	G0846	αυτην	D-ASF	LXX_WH
Jób 31:37	G0591	απεδωκα	V-AAI-1S	LXX_WH
Jób 31:37	G3762	ουθεν	A-ASN	LXX_WH
Jób 31:37	G2983	λαβων	V-AAPNS	LXX_WH
Jób 31:37	G3844	παρα	PREP	LXX_WH
Jób 31:37	G5533	χρεοφειλετου	N-GSM	LXX_WH
Jób 31:38	G1487	ει	CONJ	LXX_WH
Jób 31:38	G1909	επ	PREP	LXX_WH
Jób 31:38	G1473	εμοι	P-DS	LXX_WH
Jób 31:38	G4218	ποτε	ADV	LXX_WH
Jób 31:38	G3588	η	T-NSF	LXX_WH
Jób 31:38	G1065	γη	N-NSF	LXX_WH
Jób 31:38	G4727	εστεναξεν	V-AAI-3S	LXX_WH
Jób 31:38	G1487	ει	CONJ	LXX_WH
Jób 31:38	G1161	δε	PRT	LXX_WH
Jób 31:38	G2532	και	CONJ	LXX_WH
Jób 31:38	G3588	οι	T-NPM	LXX_WH
Jób 31:38		αυλακες	N-NPM	ELTERO_SZOVEGALAP
Jób 31:38	G0846	αυτης	D-GSF	LXX_WH
Jób 31:38	G2799	εκλαυσαν	V-AAI-3P	LXX_WH
Jób 31:38	G3661	ομοθυμαδον	ADV	LXX_WH
Jób 31:39	G1487	ει	CONJ	LXX_WH
Jób 31:39	G1161	δε	PRT	LXX_WH
Jób 31:39	G2532	και	CONJ	LXX_WH
Jób 31:39	G3588	την	T-ASF	LXX_WH
Jób 31:39	G2479	ισχυν	N-ASF	LXX_WH
Jób 31:39	G0846	αυτης	D-GSF	LXX_WH
Jób 31:39	G2068	εφαγον	V-AAI-1S	LXX_WH
Jób 31:39	G3441	μονος	A-NSM	LXX_WH
Jób 31:39	G0427	ανευ	PREP	LXX_WH
Jób 31:39	G5092	τιμης	N-GSF	LXX_WH
Jób 31:39	G1487	ει	CONJ	LXX_WH
Jób 31:39	G1161	δε	PRT	LXX_WH
Jób 31:39	G2532	και	CONJ	LXX_WH
Jób 31:39	G5590	ψυχην	N-ASF	LXX_WH
Jób 31:39	G2962	κυριου	N-GSM	LXX_WH
Jób 31:39	G3588	της	T-GSF	LXX_WH
Jób 31:39	G1065	γης	N-GSF	LXX_WH
Jób 31:39	G1544	εκβαλων	V-AAPNS	LXX_WH
Jób 31:39	G3076	ελυπησα	V-AAI-1S	LXX_WH
Jób 31:40	G0473	αντι	PREP	LXX_WH
Jób 31:40		πυρου	N-GSM	ELTERO_SZOVEGALAP
Jób 31:40	G0685	αρα	PRT	LXX_WH
Jób 31:40	G1831	εξελθοι	V-AAO-3S	LXX_WH
Jób 31:40	G1473	μοι	P-DS	LXX_WH
Jób 31:40	G2833	κνιδη	N-NSF	ABP-potolt
Jób 31:40	G0473	αντι	PREP	LXX_WH
Jób 31:40	G1161	δε	PRT	LXX_WH
Jób 31:40	G2915	κριθης	N-GSF	LXX_WH
Jób 31:40	G0942	βατος	N-NSF	LXX_WH
Jób 31:40	G2532	και	CONJ	LXX_WH
Jób 31:40	G3973	επαυσατο	V-AMI-3S	LXX_WH
Jób 31:40	G2492	ιωβ	N-PRI	LXX_WH
Jób 31:40	G4487	ρημασιν	N-DPN	LXX_WH
Jób 32:1	G2270	ησυχασαν	V-AAI-3P	LXX_WH
Jób 32:1	G1161	δε	PRT	LXX_WH
Jób 32:1	G2532	και	CONJ	LXX_WH
Jób 32:1	G3588	οι	T-NPM	LXX_WH
Jób 32:1	G5140	τρεις	A-NPM	LXX_WH
Jób 32:1	G5384	φιλοι	A-NPM	LXX_WH
Jób 32:1	G0846	αυτου	D-GSM	LXX_WH
Jób 32:1	G2089	ετι	ADV	LXX_WH
Jób 32:1		αντειπειν	V-AAN	ELTERO_SZOVEGALAP
Jób 32:1	G2492	ιωβ	N-PRI	LXX_WH
Jób 32:1	G1510	ην	V-IAI-3S	LXX_WH
Jób 32:1	G1063	γαρ	PRT	LXX_WH
Jób 32:1	G2492	ιωβ	N-PRI	LXX_WH
Jób 32:1	G1342	δικαιος	A-NSM	LXX_WH
Jób 32:1	G1726	εναντιον	PREP	LXX_WH
Jób 32:1	G0846	αυτων	D-GPM	LXX_WH
Jób 32:2	G3710	ωργισθη	V-API-3S	LXX_WH
Jób 32:2	G1161	δε	PRT	LXX_WH
Jób 32:2	G3588	ελιους	N-PRI	ABP-potolt
Jób 32:2	G3588	ο	T-NSM	LXX_WH
Jób 32:2	G3588	του	T-GSM	LXX_WH
Jób 32:2		βαραχιηλ	N-PRI	
Jób 32:2	G3588	ο	T-NSM	LXX_WH
Jób 32:2	G3588	βουζιτης	N-NSM	ABP-potolt
Jób 32:2	G1537	εκ	PREP	LXX_WH
Jób 32:2	G3588	της	T-GSF	LXX_WH
Jób 32:2	G4772	συγγενειας	N-GSF	LXX_WH
Jób 32:2		ραμ	N-PRI	ELTERO_SZOVEGALAP
Jób 32:2	G3588	της	T-GSF	LXX_WH
Jób 32:2	G5561	αυσιτιδος	N-GSF	ABP-potolt
Jób 32:2	G5561	χωρας	N-GSF	LXX_WH
Jób 32:2	G3710	ωργισθη	V-API-3S	LXX_WH
Jób 32:2	G1161	δε	PRT	LXX_WH
Jób 32:2	G3588	τω	T-DSM	LXX_WH
Jób 32:2	G2492	ιωβ	N-PRI	LXX_WH
Jób 32:2	G4970	σφοδρα	ADV	LXX_WH
Jób 32:2	G1360	διοτι	CONJ	LXX_WH
Jób 32:2	G0666	απεφηνεν	V-AAI-3S	ABP-potolt
Jób 32:2	G1438	εαυτον	D-ASM	LXX_WH
Jób 32:2	G1342	δικαιον	A-ASM	LXX_WH
Jób 32:2	G1726	εναντιον	PREP	LXX_WH
Jób 32:2	G2962	κυριου	N-GSM	LXX_WH
Jób 32:3	G2532	και	CONJ	LXX_WH
Jób 32:3	G2596	κατα	PREP	LXX_WH
Jób 32:3	G3588	των	T-GPM	LXX_WH
Jób 32:3	G5140	τριων	A-GPM	LXX_WH
Jób 32:3	G1161	δε	PRT	LXX_WH
Jób 32:3	G5384	φιλων	A-GPM	LXX_WH
Jób 32:3	G3710	ωργισθη	V-API-3S	LXX_WH
Jób 32:3	G4970	σφοδρα	ADV	LXX_WH
Jób 32:3	G1360	διοτι	CONJ	LXX_WH
Jób 32:3	G3364	ουκ	ADV	LXX_WH
Jób 32:3	G1410	ηδυνηθησαν	V-API-3P	LXX_WH
Jób 32:3		αποκριθηναι	V-APN	ELTERO_SZOVEGALAP
Jób 32:3		αντιθετα	A-APN	ELTERO_SZOVEGALAP
Jób 32:3	G2492	ιωβ	N-PRI	LXX_WH
Jób 32:3	G2532	και	CONJ	LXX_WH
Jób 32:3	G5087	εθεντο	V-AMI-3P	LXX_WH
Jób 32:3	G0846	αυτον	D-ASM	LXX_WH
Jób 32:3	G1510	ειναι	V-PAN	LXX_WH
Jób 32:3	G0765	ασεβη	A-APN	LXX_WH
Jób 32:4	G1161	ελιους	N-PRI	ABP-potolt
Jób 32:4	G1161	δε	PRT	LXX_WH
Jób 32:4	G5278	υπεμεινεν	V-AAI-3S	LXX_WH
Jób 32:4	G1325	δουναι	V-AAN	LXX_WH
Jób 32:4	G0612	αποκρισιν	N-ASF	LXX_WH
Jób 32:4	G2492	ιωβ	N-PRI	LXX_WH
Jób 32:4	G3754	οτι	CONJ	LXX_WH
Jób 32:4	G4245	πρεσβυτεροι	N-NPM	LXX_WH
Jób 32:4	G0846	αυτου	D-GSM	LXX_WH
Jób 32:4	G1510	εισιν	V-PAI-3P	LXX_WH
Jób 32:4	G2250	ημεραις	N-DPF	LXX_WH
Jób 32:5	G2532	και	CONJ	LXX_WH
Jób 32:5	G3708	ειδεν	V-AAI-3S	LXX_WH
Jób 32:5		ελιους	N-PRI	ELTERO_SZOVEGALAP
Jób 32:5	G3754	οτι	CONJ	LXX_WH
Jób 32:5	G3364	ουκ	ADV	LXX_WH
Jób 32:5	G1510	εστιν	V-PAI-3S	LXX_WH
Jób 32:5	G0612	αποκρισις	N-NSF	LXX_WH
Jób 32:5	G1722	εν	PREP	LXX_WH
Jób 32:5	G4750	στοματι	N-DSN	LXX_WH
Jób 32:5	G3588	των	T-GPM	LXX_WH
Jób 32:5	G5140	τριων	A-GPM	LXX_WH
Jób 32:5	G0435	ανδρων	N-GPM	LXX_WH
Jób 32:5	G2532	και	CONJ	LXX_WH
Jób 32:5	G2373	εθυμωθη	V-API-3S	LXX_WH
Jób 32:5	G3709	οργη	N-NSF	LXX_WH
Jób 32:5	G0846	αυτου	D-GSM	LXX_WH
Jób 32:6	G5274	υπολαβων	V-AAPNS	LXX_WH
Jób 32:6	G1161	δε	PRT	LXX_WH
Jób 32:6		ελιους	N-PRI	ELTERO_SZOVEGALAP
Jób 32:6	G3588	ο	T-NSM	LXX_WH
Jób 32:6	G3588	του	T-GSM	LXX_WH
Jób 32:6		βαραχιηλ	N-PRI	
Jób 32:6	G3588	ο	T-NSM	LXX_WH
Jób 32:6	G2036	βουζιτης	N-NSM	ABP-potolt
Jób 32:6	G2036	ειπεν	V-AAI-3S	ABP-potolt
Jób 32:6	G3501	νεωτερος	A-NSMC	LXX_WH
Jób 32:6	G3303	μεν	PRT	LXX_WH
Jób 32:6	G1510	ειμι	V-PAI-1S	LXX_WH
Jób 32:6	G3588	τω	T-DSM	LXX_WH
Jób 32:6	G5550	χρονω	N-DSM	LXX_WH
Jób 32:6	G4771	υμεις	P-NP	LXX_WH
Jób 32:6	G1161	δε	PRT	LXX_WH
Jób 32:6	G1510	εστε	V-PAI-2P	LXX_WH
Jób 32:6	G4245	πρεσβυτεροι	N-NPM	LXX_WH
Jób 32:6	G1352	διο	CONJ	ABP-potolt
Jób 32:6	G2270	ησυχασα	V-AAI-1S	LXX_WH
Jób 32:6	G5399	φοβηθεις	V-APPNS	LXX_WH
Jób 32:6	G3588	του	T-GSN	LXX_WH
Jób 32:6	G4771	υμιν	P-DP	LXX_WH
Jób 32:6	G0312	αναγγειλαι	V-AAN	LXX_WH
Jób 32:6	G3588	την	T-ASF	LXX_WH
Jób 32:6	G1683	εμαυτου	D-GSM	LXX_WH
Jób 32:6	G1989	επιστημην	N-ASF	ABP-potolt
Jób 32:7		ειπα	V-AAI-1S	ELTERO_SZOVEGALAP
Jób 32:7	G1161	δε	PRT	LXX_WH
Jób 32:7	G3754	οτι	CONJ	LXX_WH
Jób 32:7	G3588	ο	T-NSM	LXX_WH
Jób 32:7	G5550	χρονος	N-NSM	LXX_WH
Jób 32:7	G1510	εστιν	V-PAI-3S	LXX_WH
Jób 32:7	G3588	ο	T-NSM	LXX_WH
Jób 32:7	G2980	λαλων	V-PAPNS	LXX_WH
Jób 32:7	G1722	εν	PREP	LXX_WH
Jób 32:7	G4183	πολλοις	A-DPM	LXX_WH
Jób 32:7	G1161	δε	PRT	LXX_WH
Jób 32:7	G2094	ετεσιν	N-DPN	LXX_WH
Jób 32:7	G3756	οιδασιν	V-RAI-3P	ABP-potolt
Jób 32:7	G4678	σοφιαν	N-ASF	LXX_WH
Jób 32:8	G0235	αλλα	CONJ	LXX_WH
Jób 32:8	G4151	πνευμα	N-NSN	LXX_WH
Jób 32:8	G1510	εστιν	V-PAI-3S	LXX_WH
Jób 32:8	G1722	εν	PREP	LXX_WH
Jób 32:8	G1027	βροτοις	N-DPM	ABP-potolt
Jób 32:8	G4157	πνοη	N-NSF	LXX_WH
Jób 32:8	G1161	δε	PRT	LXX_WH
Jób 32:8	G3841	παντοκρατορος	N-GSM	LXX_WH
Jób 32:8	G1510	εστιν	V-PAI-3S	LXX_WH
Jób 32:8	G3588	η	T-NSF	LXX_WH
Jób 32:8	G1321	διδασκουσα	V-PAPNS	LXX_WH
Jób 32:9	G3364	ουχ	ADV	LXX_WH
Jób 32:9	G3588	οι	T-NPM	LXX_WH
Jób 32:9	G4187	πολυχρονιοι	A-NPM	ABP-potolt
Jób 32:9	G1510	εισιν	V-PAI-3P	LXX_WH
Jób 32:9	G4680	σοφοι	A-NPM	LXX_WH
Jób 32:9	G3761	ουδ	CONJ	LXX_WH
Jób 32:9	G3588	οι	T-NPM	LXX_WH
Jób 32:9	G1088	γεροντες	N-NPM	LXX_WH
Jób 32:9	G1492	οιδασιν	V-RAI-3P	ABP-potolt
Jób 32:9	G2917	κριμα	N-ASN	LXX_WH
Jób 32:10		διο	CONJ	ELTERO_SZOVEGALAP
Jób 32:10		ειπα	V-AAI-1S	ELTERO_SZOVEGALAP
Jób 32:10	G0191	ακουσατε	V-AAD-2P	LXX_WH
Jób 32:10	G1473	μου	P-GS	LXX_WH
Jób 32:10	G2532	και	CONJ	LXX_WH
Jób 32:10	G0312	αναγγελω	V-FAI-1S	LXX_WH
Jób 32:10	G4771	υμιν	P-DP	LXX_WH
Jób 32:10	G3739	α	R-APN	LXX_WH
Jób 32:10	G1492	οιδα	V-RAI-1S	ABP-potolt
Jób 32:11	G1801	ενωτιζεσθε	V-PMD-2P	LXX_WH
Jób 32:11	G1473	μου	P-GS	LXX_WH
Jób 32:11	G3588	τα	T-APN	LXX_WH
Jób 32:11	G4487	ρηματα	N-APN	LXX_WH
Jób 32:11		ερω	V-FAI-1S	ELTERO_SZOVEGALAP
Jób 32:11	G1063	γαρ	PRT	LXX_WH
Jób 32:11	G4771	υμων	P-GP	LXX_WH
Jób 32:11	G0191	ακουοντων	V-PAPGP	LXX_WH
Jób 32:11	G0891	αχρι	PREP	LXX_WH
Jób 32:11	G3739	ου	R-GSM	LXX_WH
Jób 32:11	G2082	ετασητε	V-AAS-2P	ABP-potolt
Jób 32:11	G3056	λογους	N-APM	LXX_WH
Jób 32:12	G2532	και	CONJ	LXX_WH
Jób 32:12	G3360	μεχρι	PREP	LXX_WH
Jób 32:12	G4771	υμων	P-GP	LXX_WH
Jób 32:12	G4920	συνησω	V-FAI-1S	LXX_WH
Jób 32:12	G2532	και	CONJ	LXX_WH
Jób 32:12	G2400	ιδου	INJ	LXX_WH
Jób 32:12	G3364	ουκ	ADV	LXX_WH
Jób 32:12	G1510	ην	V-IAI-3S	LXX_WH
Jób 32:12	G3588	τω	T-DSM	LXX_WH
Jób 32:12	G2492	ιωβ	N-PRI	LXX_WH
Jób 32:12	G1651	ελεγχων	V-PAPNS	LXX_WH
Jób 32:12	G0470	ανταποκρινομενος	V-PMPNS	ABP-potolt
Jób 32:12	G4487	ρηματα	N-APN	LXX_WH
Jób 32:12	G0846	αυτου	D-GSM	LXX_WH
Jób 32:12	G1537	εξ	PREP	LXX_WH
Jób 32:12	G4771	υμων	P-GP	LXX_WH
Jób 32:13	G2443	ινα	CONJ	LXX_WH
Jób 32:13	G3165	μη	ADV	LXX_WH
Jób 32:13		ειπητε	V-AAS-2P	ELTERO_SZOVEGALAP
Jób 32:13	G2147	ευρομεν	V-AAI-1P	LXX_WH
Jób 32:13	G4678	σοφιαν	N-ASF	LXX_WH
Jób 32:13	G2962	κυριω	N-DSM	LXX_WH
Jób 32:13	G4369	προσθεμενοι	V-AMPNP	LXX_WH
Jób 32:14	G0444	ανθρωπω	N-DSM	LXX_WH
Jób 32:14	G1161	δε	PRT	LXX_WH
Jób 32:14	G2010	επετρεψατε	V-AAI-2P	LXX_WH
Jób 32:14	G2980	λαλησαι	V-AAN	LXX_WH
Jób 32:14	G5108	τοιαυτα	A-APN	LXX_WH
Jób 32:14	G4487	ρηματα	N-APN	LXX_WH
Jób 32:15	G4422	επτοηθησαν	V-API-3P	LXX_WH
Jób 32:15	G3364	ουκ	ADV	LXX_WH
Jób 32:15		απεκριθησαν	V-API-3P	ELTERO_SZOVEGALAP
Jób 32:15	G2089	ετι	ADV	LXX_WH
Jób 32:15	G3822	επαλαιωσαν	V-AAI-3P	LXX_WH
Jób 32:15	G1537	εξ	PREP	LXX_WH
Jób 32:15	G0846	αυτων	D-GPM	LXX_WH
Jób 32:15	G3056	λογους	N-APM	LXX_WH
Jób 32:16	G5278	υπεμεινα	V-AAI-1S	LXX_WH
Jób 32:16	G3364	ου	ADV	LXX_WH
Jób 32:16	G1063	γαρ	PRT	LXX_WH
Jób 32:16	G2980	ελαλησαν	V-AAI-3P	LXX_WH
Jób 32:16	G3754	οτι	CONJ	LXX_WH
Jób 32:16	G2476	εστησαν	V-AAI-3P	LXX_WH
Jób 32:16	G3364	ουκ	ADV	LXX_WH
Jób 32:16		απεκριθησαν	V-API-3P	ELTERO_SZOVEGALAP
Jób 32:17	G5274	υπολαβων	V-AAPNS	LXX_WH
Jób 32:17	G1161	δε	PRT	LXX_WH
Jób 32:17		ελιους	N-PRI	ELTERO_SZOVEGALAP
Jób 32:17	G3004	λεγει	V-PAI-3S	LXX_WH
Jób 32:18	G3825	παλιν	ADV	LXX_WH
Jób 32:18	G2980	λαλησω	V-FAI-1S	LXX_WH
Jób 32:18	G4134	πληρης	A-NSM	LXX_WH
Jób 32:18	G1063	γαρ	PRT	LXX_WH
Jób 32:18	G1510	ειμι	V-PAI-1S	LXX_WH
Jób 32:18	G4487	ρηματων	N-GPN	LXX_WH
Jób 32:18	G3639	ολεκει	V-PAI-3S	ABP-potolt
Jób 32:18	G1063	γαρ	PRT	LXX_WH
Jób 32:18	G1473	με	P-AS	LXX_WH
Jób 32:18	G3588	το	T-NSN	LXX_WH
Jób 32:18	G4151	πνευμα	N-NSN	LXX_WH
Jób 32:18	G3588	της	T-GSF	LXX_WH
Jób 32:18	G1064	γαστρος	N-GSF	LXX_WH
Jób 32:19	G3588	η	T-NSF	LXX_WH
Jób 32:19	G1161	δε	PRT	LXX_WH
Jób 32:19	G1064	γαστηρ	N-NSF	LXX_WH
Jób 32:19	G1473	μου	P-GS	LXX_WH
Jób 32:19	G3746	ωσπερ	ADV	LXX_WH
Jób 32:19	G0779	ασκος	N-NSM	LXX_WH
Jób 32:19	G1098	γλευκους	N-GSN	LXX_WH
Jób 32:19	G2204	ζεων	V-PAPNS	LXX_WH
Jób 32:19	G1210	δεδεμενος	V-RMPNS	LXX_WH
Jób 32:19	G2228	η	CONJ	LXX_WH
Jób 32:19	G3746	ωσπερ	ADV	LXX_WH
Jób 32:19		φυσητηρ	N-NSM	ELTERO_SZOVEGALAP
Jób 32:19	G5471	χαλκεως	N-GSM	LXX_WH
Jób 32:19	G4486	ερρηγως	V-RAPNS	LXX_WH
Jób 32:20	G2980	λαλησω	V-FAI-1S	LXX_WH
Jób 32:20	G2443	ινα	CONJ	LXX_WH
Jób 32:20	G0373	αναπαυσωμαι	V-AMS-1S	LXX_WH
Jób 32:20	G0455	ανοιξας	V-AAPNS	LXX_WH
Jób 32:20	G3588	τα	T-APN	LXX_WH
Jób 32:20	G5491	χειλη	N-APN	LXX_WH
Jób 32:21	G0444	ανθρωπον	N-ASM	LXX_WH
Jób 32:21	G1063	γαρ	PRT	LXX_WH
Jób 32:21	G3364	ου	ADV	LXX_WH
Jób 32:21	G3165	μη	ADV	LXX_WH
Jób 32:21	G0153	αισχυνθω	V-APS-1S	LXX_WH
Jób 32:21	G0235	αλλα	CONJ	LXX_WH
Jób 32:21	G3303	μην	PRT	LXX_WH
Jób 32:21	G3761	ουδε	CONJ	LXX_WH
Jób 32:21		βροτον	N-ASM	ELTERO_SZOVEGALAP
Jób 32:21	G3364	ου	ADV	LXX_WH
Jób 32:21	G3165	μη	ADV	LXX_WH
Jób 32:21	G1788	εντραπω	V-AAS-1S	LXX_WH
Jób 32:22	G3364	ου	ADV	LXX_WH
Jób 32:22	G1063	γαρ	PRT	LXX_WH
Jób 32:22	G1987	επισταμαι	V-PMI-1S	LXX_WH
Jób 32:22	G2296	θαυμασαι	V-AAN	LXX_WH
Jób 32:22	G4383	προσωπον	N-ASN	LXX_WH
Jób 32:22	G1487	ει	CONJ	LXX_WH
Jób 32:22	G1161	δε	PRT	LXX_WH
Jób 32:22	G3165	μη	ADV	LXX_WH
Jób 32:22	G2532	και	CONJ	LXX_WH
Jób 32:22	G1473	εμε	P-AS	LXX_WH
Jób 32:22	G4597	σητες	N-NPM	LXX_WH
Jób 32:22	G2068	εδονται	V-FMI-3P	LXX_WH
Jób 33:1	G3364	ου	ADV	LXX_WH
Jób 33:1	G3303	μην	PRT	LXX_WH
Jób 33:1	G1161	δε	PRT	LXX_WH
Jób 33:1	G0235	αλλα	CONJ	LXX_WH
Jób 33:1	G0191	ακουσον	V-AAD-2S	LXX_WH
Jób 33:1	G2492	ιωβ	N-PRI	LXX_WH
Jób 33:1	G3588	τα	T-APN	LXX_WH
Jób 33:1	G4487	ρηματα	N-APN	LXX_WH
Jób 33:1	G1473	μου	P-GS	LXX_WH
Jób 33:1	G2532	και	CONJ	LXX_WH
Jób 33:1	G2981	λαλιαν	N-ASF	LXX_WH
Jób 33:1	G1801	ενωτιζου	V-PMD-2S	LXX_WH
Jób 33:1	G1473	μου	P-GS	LXX_WH
Jób 33:2	G2400	ιδου	INJ	LXX_WH
Jób 33:2	G1063	γαρ	PRT	LXX_WH
Jób 33:2	G0455	ηνοιξα	V-AAI-1S	LXX_WH
Jób 33:2	G3588	το	T-ASN	LXX_WH
Jób 33:2	G4750	στομα	N-ASN	LXX_WH
Jób 33:2	G1473	μου	P-GS	LXX_WH
Jób 33:2	G2532	και	CONJ	LXX_WH
Jób 33:2	G2980	ελαλησεν	V-AAI-3S	LXX_WH
Jób 33:2	G3588	η	T-NSF	LXX_WH
Jób 33:2	G1100	γλωσσα	N-NSF	LXX_WH
Jób 33:2	G1473	μου	P-GS	LXX_WH
Jób 33:3	G2513	καθαρα	A-NSF	LXX_WH
Jób 33:3	G1473	μου	P-GS	LXX_WH
Jób 33:3	G3588	η	T-NSF	LXX_WH
Jób 33:3	G2588	καρδια	N-NSF	LXX_WH
Jób 33:3	G4487	ρημασιν	N-DPN	LXX_WH
Jób 33:3	G4907	συνεσις	N-NSF	LXX_WH
Jób 33:3	G1161	δε	PRT	LXX_WH
Jób 33:3	G5491	χειλεων	N-GPN	LXX_WH
Jób 33:3	G1473	μου	P-GS	LXX_WH
Jób 33:3	G2513	καθαρα	A-NSF	LXX_WH
Jób 33:3	G3539	νοησει	V-FAI-3S	LXX_WH
Jób 33:4	G4151	πνευμα	N-NSN	LXX_WH
Jób 33:4	G2304	θειον	A-NSN	LXX_WH
Jób 33:4	G3588	το	T-NSN	LXX_WH
Jób 33:4	G4160	ποιησαν	V-AAPNS	LXX_WH
Jób 33:4	G1473	με	P-AS	LXX_WH
Jób 33:4	G4157	πνοη	N-NSF	LXX_WH
Jób 33:4	G1161	δε	PRT	LXX_WH
Jób 33:4	G3841	παντοκρατορος	N-GSM	LXX_WH
Jób 33:4	G3588	η	T-NSF	LXX_WH
Jób 33:4	G1321	διδασκουσα	V-PAPNS	LXX_WH
Jób 33:4	G1473	με	P-AS	LXX_WH
Jób 33:5	G1437	εαν	CONJ	LXX_WH
Jób 33:5	G1410	δυνη	V-PMS-2S	LXX_WH
Jób 33:5	G1325	δος	V-AAD-2S	LXX_WH
Jób 33:5	G1473	μοι	P-DS	LXX_WH
Jób 33:5	G0612	αποκρισιν	N-ASF	LXX_WH
Jób 33:5	G4314	προς	PREP	LXX_WH
Jób 33:5	G3778	ταυτα	D-APN	LXX_WH
Jób 33:5	G5278	υπομεινον	V-AAD-2S	LXX_WH
Jób 33:5	G2476	στηθι	V-AAD-2S	LXX_WH
Jób 33:5	G2596	κατ	PREP	LXX_WH
Jób 33:5	G1473	εμε	P-AS	LXX_WH
Jób 33:5	G2532	και	CONJ	LXX_WH
Jób 33:5	G1473	εγω	P-NS	LXX_WH
Jób 33:5	G2596	κατα	PREP	LXX_WH
Jób 33:5	G4771	σε	P-AS	LXX_WH
Jób 33:6	G1537	εκ	PREP	LXX_WH
Jób 33:6	G4081	πηλου	N-GSM	LXX_WH
Jób 33:6		διηρτισαι	V-RMI-2S	ELTERO_SZOVEGALAP
Jób 33:6	G4771	συ	P-NS	LXX_WH
Jób 33:6	G3739	ως	CONJ	LXX_WH
Jób 33:6	G2532	και	CONJ	LXX_WH
Jób 33:6	G1473	εγω	P-NS	LXX_WH
Jób 33:6	G1537	εκ	PREP	LXX_WH
Jób 33:6	G3588	του	T-GSM	LXX_WH
Jób 33:6	G0846	αυτου	D-GSM	LXX_WH
Jób 33:6		διηρτισμεθα	V-RMI-1P	ELTERO_SZOVEGALAP
Jób 33:7	G3364	ουχ	ADV	LXX_WH
Jób 33:7	G3588	ο	T-NSM	LXX_WH
Jób 33:7	G5401	φοβος	N-NSM	LXX_WH
Jób 33:7	G1473	μου	P-GS	LXX_WH
Jób 33:7	G4771	σε	P-AS	LXX_WH
Jób 33:7		στροβησει	V-FAI-3S	ELTERO_SZOVEGALAP
Jób 33:7	G3761	ουδε	CONJ	LXX_WH
Jób 33:7	G3588	η	T-NSF	LXX_WH
Jób 33:7	G5495	χειρ	N-NSF	LXX_WH
Jób 33:7	G1473	μου	P-GS	LXX_WH
Jób 33:7	G0926	βαρεια	A-NSF	LXX_WH
Jób 33:7	G1510	εσται	V-FMI-3S	LXX_WH
Jób 33:7	G1909	επι	PREP	LXX_WH
Jób 33:7	G4771	σοι	P-DS	LXX_WH
Jób 33:8	G4133	πλην	ADV	LXX_WH
Jób 33:8	G2036	ειπας	V-AAI-2S	ABP-potolt
Jób 33:8	G1722	εν	PREP	LXX_WH
Jób 33:8	G3775	ωσιν	N-DPN	LXX_WH
Jób 33:8	G1473	μου	P-GS	LXX_WH
Jób 33:8	G5456	φωνην	N-ASF	LXX_WH
Jób 33:8	G4487	ρηματων	N-GPN	LXX_WH
Jób 33:8	G4771	σου	P-GS	LXX_WH
Jób 33:8	G0191	ακηκοα	V-RAI-1S	LXX_WH
Jób 33:9	G1360	διοτι	CONJ	LXX_WH
Jób 33:9	G3004	λεγεις	V-PAI-2S	LXX_WH
Jób 33:9	G2513	καθαρος	A-NSM	LXX_WH
Jób 33:9	G1510	ειμι	V-PAI-1S	LXX_WH
Jób 33:9	G3364	ουχ	ADV	LXX_WH
Jób 33:9	G0264	αμαρτων	V-AAPNS	LXX_WH
Jób 33:9	G0273	αμεμπτος	A-NSM	LXX_WH
Jób 33:9	G1161	δε	PRT	LXX_WH
Jób 33:9	G1510	ειμι	V-PAI-1S	LXX_WH
Jób 33:9	G3364	ου	ADV	LXX_WH
Jób 33:9	G1063	γαρ	PRT	LXX_WH
Jób 33:9		ηνομησα	V-AAI-1S	ELTERO_SZOVEGALAP
Jób 33:10	G3202	μεμψιν	N-ASF	ABP-potolt
Jób 33:10	G1161	δε	PRT	LXX_WH
Jób 33:10	G2596	κατ	PREP	LXX_WH
Jób 33:10	G1473	εμου	P-GS	LXX_WH
Jób 33:10	G2147	ευρεν	V-AAI-3S	LXX_WH
Jób 33:10	G2233	ηγηται	V-RMI-3S	LXX_WH
Jób 33:10	G1161	δε	PRT	LXX_WH
Jób 33:10	G1473	με	P-AS	LXX_WH
Jób 33:10	G3746	ωσπερ	ADV	LXX_WH
Jób 33:10		υπεναντιον	A-ASM	ELTERO_SZOVEGALAP
Jób 33:11	G5087	εθετο	V-AMI-3S	LXX_WH
Jób 33:11	G1161	δε	PRT	LXX_WH
Jób 33:11	G1722	εν	PREP	LXX_WH
Jób 33:11	G3586	ξυλω	N-DSN	LXX_WH
Jób 33:11	G3588	τον	T-ASM	LXX_WH
Jób 33:11	G4228	ποδα	N-ASM	LXX_WH
Jób 33:11	G1473	μου	P-GS	LXX_WH
Jób 33:11	G5442	εφυλαξεν	V-AAI-3S	LXX_WH
Jób 33:11	G1161	δε	PRT	LXX_WH
Jób 33:11	G1473	μου	P-GS	LXX_WH
Jób 33:11	G3956	πασας	A-APF	LXX_WH
Jób 33:11	G3588	τας	T-APF	LXX_WH
Jób 33:11	G3598	οδους	N-APF	LXX_WH
Jób 33:12	G4459	πως	ADV	LXX_WH
Jób 33:12	G1063	γαρ	PRT	LXX_WH
Jób 33:12	G3004	λεγεις	V-PAI-2S	LXX_WH
Jób 33:12	G1342	δικαιος	A-NSM	LXX_WH
Jób 33:12	G1510	ειμι	V-PAI-1S	LXX_WH
Jób 33:12	G2532	και	CONJ	LXX_WH
Jób 33:12	G3364	ουκ	ADV	LXX_WH
Jób 33:12		επακηκοεν	V-RAI-3S	ELTERO_SZOVEGALAP
Jób 33:12	G1473	μου	P-GS	LXX_WH
Jób 33:12	G0166	αιωνιος	A-NSM	LXX_WH
Jób 33:12	G1063	γαρ	PRT	LXX_WH
Jób 33:12	G1510	εστιν	V-PAI-3S	LXX_WH
Jób 33:12	G3588	ο	T-NSM	LXX_WH
Jób 33:12	G1883	επανω	ADV	LXX_WH
Jób 33:12	G1027	βροτων	N-GPM	ABP-potolt
Jób 33:13	G3004	λεγεις	V-PAI-2S	LXX_WH
Jób 33:13	G1161	δε	PRT	LXX_WH
Jób 33:13	G1223	δια	PREP	LXX_WH
Jób 33:13	G5100	τι	I-ASN	LXX_WH
Jób 33:13	G3588	της	T-GSF	LXX_WH
Jób 33:13	G1349	δικης	N-GSF	LXX_WH
Jób 33:13	G1473	μου	P-GS	LXX_WH
Jób 33:13	G3364	ουκ	ADV	LXX_WH
Jób 33:13		επακηκοεν	V-RAI-3S	ELTERO_SZOVEGALAP
Jób 33:13	G3956	παν	A-ASN	LXX_WH
Jób 33:13	G4487	ρημα	N-ASN	LXX_WH
Jób 33:14	G1722	εν	PREP	LXX_WH
Jób 33:14	G1063	γαρ	PRT	LXX_WH
Jób 33:14	G3588	τω	T-DSN	LXX_WH
Jób 33:14	G0530	απαξ	ADV	LXX_WH
Jób 33:14	G2980	λαλησαι	V-AAN	LXX_WH
Jób 33:14	G3588	ο	T-NSM	LXX_WH
Jób 33:14	G2962	κυριος	N-NSM	LXX_WH
Jób 33:14	G1722	εν	PREP	LXX_WH
Jób 33:14	G1161	δε	PRT	LXX_WH
Jób 33:14	G3588	τω	T-DSN	LXX_WH
Jób 33:14	G1208	δευτερω	A-DSN	LXX_WH
Jób 33:14	G1798	ενυπνιον	N-ASN	LXX_WH
Jób 33:15	G2228	η	CONJ	LXX_WH
Jób 33:15	G1722	εν	PREP	LXX_WH
Jób 33:15		μελετη	N-DSF	ELTERO_SZOVEGALAP
Jób 33:15		νυκτερινη	A-DSF	ELTERO_SZOVEGALAP
Jób 33:15	G3739	ως	CONJ	LXX_WH
Jób 33:15	G3752	οταν	ADV	LXX_WH
Jób 33:15	G1968	επιπιπτη	V-PAS-3S	LXX_WH
Jób 33:15	G1171	δεινος	A-NSM	LXX_WH
Jób 33:15	G5401	φοβος	N-NSM	LXX_WH
Jób 33:15	G1909	επ	PREP	LXX_WH
Jób 33:15	G0444	ανθρωπους	N-APM	LXX_WH
Jób 33:15	G1909	επι	PREP	LXX_WH
Jób 33:15		νυσταγματων	N-GPN	
Jób 33:15	G1909	επι	PREP	LXX_WH
Jób 33:15	G2845	κοιτης	N-GSF	LXX_WH
Jób 33:16	G5119	τοτε	ADV	LXX_WH
Jób 33:16	G0343	ανακαλυπτει	V-PAI-3S	LXX_WH
Jób 33:16	G3563	νουν	N-ASM	LXX_WH
Jób 33:16	G0444	ανθρωπων	N-GPM	LXX_WH
Jób 33:16	G1722	εν	PREP	LXX_WH
Jób 33:16	G1491	ειδεσιν	N-DPN	LXX_WH
Jób 33:16	G5401	φοβου	N-GSM	LXX_WH
Jób 33:16	G5108	τοιουτοις	A-DPM	LXX_WH
Jób 33:16	G0846	αυτους	D-APM	LXX_WH
Jób 33:16	G1629	εξεφοβησεν	V-AAI-3S	LXX_WH
Jób 33:17	G0654	αποστρεψαι	V-AAN	LXX_WH
Jób 33:17	G0444	ανθρωπον	N-ASM	LXX_WH
Jób 33:17	G1537	εξ	PREP	LXX_WH
Jób 33:17	G0093	αδικιας	N-GSF	LXX_WH
Jób 33:17	G3588	το	T-ASN	LXX_WH
Jób 33:17	G1161	δε	PRT	LXX_WH
Jób 33:17	G4983	σωμα	N-ASN	LXX_WH
Jób 33:17	G0846	αυτου	D-GSM	LXX_WH
Jób 33:17	G0575	απο	PREP	LXX_WH
Jób 33:17	G4430	πτωματος	N-GSN	LXX_WH
Jób 33:17	G4506	ερρυσατο	V-AMI-3S	ABP-potolt
Jób 33:18	G5339	εφεισατο	V-AMI-3S	LXX_WH
Jób 33:18	G1161	δε	PRT	LXX_WH
Jób 33:18	G3588	της	T-GSF	LXX_WH
Jób 33:18	G5590	ψυχης	N-GSF	LXX_WH
Jób 33:18	G0846	αυτου	D-GSM	LXX_WH
Jób 33:18	G0575	απο	PREP	LXX_WH
Jób 33:18	G2288	θανατου	N-GSM	LXX_WH
Jób 33:18	G2532	και	CONJ	LXX_WH
Jób 33:18	G3165	μη	ADV	LXX_WH
Jób 33:18	G4098	πεσειν	V-AAN	LXX_WH
Jób 33:18	G0846	αυτον	D-ASM	LXX_WH
Jób 33:18	G1722	εν	PREP	LXX_WH
Jób 33:18	G4171	πολεμω	N-DSM	LXX_WH
Jób 33:19	G3825	παλιν	ADV	LXX_WH
Jób 33:19	G1161	δε	PRT	LXX_WH
Jób 33:19	G1651	ηλεγξεν	V-AAI-3S	LXX_WH
Jób 33:19	G0846	αυτον	D-ASM	LXX_WH
Jób 33:19	G1722	εν	PREP	LXX_WH
Jób 33:19	G3119	μαλακια	N-DSF	LXX_WH
Jób 33:19	G1909	επι	PREP	LXX_WH
Jób 33:19	G2845	κοιτης	N-GSF	LXX_WH
Jób 33:19	G2532	και	CONJ	LXX_WH
Jób 33:19	G4128	πληθος	N-ASN	LXX_WH
Jób 33:19	G3747	οστων	N-GPN	LXX_WH
Jób 33:19	G0846	αυτου	D-GSM	LXX_WH
Jób 33:19		εναρκησεν	V-AAI-3S	ELTERO_SZOVEGALAP
Jób 33:20	G3956	παν	A-ASM	LXX_WH
Jób 33:20	G1161	δε	PRT	LXX_WH
Jób 33:20	G1035	βρωτον	A-ASM	ABP-potolt
Jób 33:20	G4621	σιτου	N-GSM	LXX_WH
Jób 33:20	G3364	ου	ADV	LXX_WH
Jób 33:20	G3165	μη	ADV	LXX_WH
Jób 33:20	G1410	δυνηται	V-PMS-3S	LXX_WH
Jób 33:20	G4327	προσδεξασθαι	V-AMN	LXX_WH
Jób 33:20	G2532	και	CONJ	LXX_WH
Jób 33:20	G3588	η	T-NSF	LXX_WH
Jób 33:20	G5590	ψυχη	N-NSF	LXX_WH
Jób 33:20	G0846	αυτου	D-GSM	LXX_WH
Jób 33:20	G1035	βρωσιν	N-ASF	LXX_WH
Jób 33:20	G1937	επιθυμησει	V-AAO-3S	LXX_WH
Jób 33:21	G2193	εως	CONJ	LXX_WH
Jób 33:21	G0302	αν	PRT	LXX_WH
Jób 33:21	G4595	σαπωσιν	V-AAS-3P	LXX_WH
Jób 33:21	G0846	αυτου	D-GSM	LXX_WH
Jób 33:21	G3588	αι	T-NPF	LXX_WH
Jób 33:21	G4561	σαρκες	N-NPF	LXX_WH
Jób 33:21	G2532	και	CONJ	LXX_WH
Jób 33:21	G0584	αποδειξη	V-AAS-3S	ABP-potolt
Jób 33:21	G3588	τα	T-APN	LXX_WH
Jób 33:21	G3747	οστα	N-APN	LXX_WH
Jób 33:21	G0846	αυτου	D-GSM	LXX_WH
Jób 33:21	G2756	κενα	A-APN	LXX_WH
Jób 33:22	G1448	ηγγισεν	V-AAI-3S	LXX_WH
Jób 33:22	G1161	δε	PRT	LXX_WH
Jób 33:22	G1519	εις	PREP	LXX_WH
Jób 33:22	G2288	θανατον	N-ASM	LXX_WH
Jób 33:22	G3588	η	T-NSF	LXX_WH
Jób 33:22	G5590	ψυχη	N-NSF	LXX_WH
Jób 33:22	G0846	αυτου	D-GSM	LXX_WH
Jób 33:22	G3588	η	T-NSF	LXX_WH
Jób 33:22	G1161	δε	PRT	LXX_WH
Jób 33:22	G2222	ζωη	N-NSF	LXX_WH
Jób 33:22	G0846	αυτου	D-GSM	LXX_WH
Jób 33:22	G1722	εν	PREP	LXX_WH
Jób 33:22	G0086	αδη	N-DSM	LXX_WH
Jób 33:23	G1437	εαν	CONJ	LXX_WH
Jób 33:23	G1510	ωσιν	V-PAS-3P	LXX_WH
Jób 33:23	G5507	χιλιοι	A-NPM	LXX_WH
Jób 33:23	G0032	αγγελοι	N-NPM	LXX_WH
Jób 33:23	G2287	θανατηφοροι	A-NPM	LXX_WH
Jób 33:23	G1519	εις	A-NSM	LXX_WH
Jób 33:23	G0846	αυτων	D-GPM	LXX_WH
Jób 33:23	G3364	ου	ADV	LXX_WH
Jób 33:23	G3165	μη	ADV	LXX_WH
Jób 33:23		τρωση	V-AAS-3S	ELTERO_SZOVEGALAP
Jób 33:23	G0846	αυτον	D-ASM	LXX_WH
Jób 33:23	G1437	εαν	CONJ	LXX_WH
Jób 33:23	G3539	νοηση	V-AAS-3S	LXX_WH
Jób 33:23	G3588	τη	T-DSF	LXX_WH
Jób 33:23	G2588	καρδια	N-DSF	LXX_WH
Jób 33:23	G1994	επιστραφηναι	V-APN	LXX_WH
Jób 33:23	G1909	επι	PREP	LXX_WH
Jób 33:23	G2962	κυριον	N-ASM	LXX_WH
Jób 33:23	G0312	αναγγειλη	V-AAS-3S	LXX_WH
Jób 33:23	G1161	δε	PRT	LXX_WH
Jób 33:23	G0444	ανθρωπω	N-DSM	LXX_WH
Jób 33:23	G3588	την	T-ASF	LXX_WH
Jób 33:23	G1438	εαυτου	D-GSM	LXX_WH
Jób 33:23	G3202	μεμψιν	N-ASF	ABP-potolt
Jób 33:23	G3588	την	T-ASF	LXX_WH
Jób 33:23	G1161	δε	PRT	LXX_WH
Jób 33:23		ανοιαν	N-ASF	ELTERO_SZOVEGALAP
Jób 33:23	G0846	αυτου	D-GSM	LXX_WH
Jób 33:23	G1166	δειξη	V-AAS-3S	LXX_WH
Jób 33:24	G0472	ανθεξεται	V-FMI-3S	ABP-potolt
Jób 33:24	G3588	του	T-GSN	LXX_WH
Jób 33:24	G3165	μη	ADV	LXX_WH
Jób 33:24	G4098	πεσειν	V-AAN	LXX_WH
Jób 33:24	G0846	αυτον	D-ASM	LXX_WH
Jób 33:24	G1519	εις	PREP	LXX_WH
Jób 33:24	G2288	θανατον	N-ASM	LXX_WH
Jób 33:24	G0365	ανανεωσει	V-FAI-3S	LXX_WH
Jób 33:24	G1161	δε	PRT	LXX_WH
Jób 33:24	G0846	αυτου	D-GSM	LXX_WH
Jób 33:24	G3588	το	T-ASN	LXX_WH
Jób 33:24	G4983	σωμα	N-ASN	LXX_WH
Jób 33:24	G3746	ωσπερ	ADV	LXX_WH
Jób 33:24		αλοιφην	N-ASF	ELTERO_SZOVEGALAP
Jób 33:24	G1909	επι	PREP	LXX_WH
Jób 33:24	G5109	τοιχου	N-GSM	LXX_WH
Jób 33:24	G3588	τα	T-APN	LXX_WH
Jób 33:24	G1161	δε	PRT	LXX_WH
Jób 33:24	G3747	οστα	N-APN	LXX_WH
Jób 33:24	G0846	αυτου	D-GSM	LXX_WH
Jób 33:24		εμπλησει	V-FAI-3S	ELTERO_SZOVEGALAP
Jób 33:24	G3452	μυελου	N-GSM	LXX_WH
Jób 33:25		απαλυνει	V-PAI-3S	ELTERO_SZOVEGALAP
Jób 33:25	G1161	δε	PRT	LXX_WH
Jób 33:25	G0846	αυτου	D-GSM	LXX_WH
Jób 33:25	G3588	τας	T-APF	LXX_WH
Jób 33:25	G4561	σαρκας	N-APF	LXX_WH
Jób 33:25	G3746	ωσπερ	ADV	LXX_WH
Jób 33:25	G3516	νηπιου	A-GSM	LXX_WH
Jób 33:25	G0600	αποκαταστησει	V-FAI-3S	LXX_WH
Jób 33:25	G1161	δε	PRT	LXX_WH
Jób 33:25	G0846	αυτον	D-ASM	LXX_WH
Jób 33:25		ανδρωθεντα	V-APPAS	ELTERO_SZOVEGALAP
Jób 33:25	G1722	εν	PREP	LXX_WH
Jób 33:25	G0444	ανθρωποις	N-DPM	LXX_WH
Jób 33:26	G2172	ευξαμενος	V-AMPNS	LXX_WH
Jób 33:26	G1161	δε	PRT	LXX_WH
Jób 33:26	G4314	προς	PREP	LXX_WH
Jób 33:26	G2962	κυριον	N-ASM	LXX_WH
Jób 33:26	G2532	και	CONJ	LXX_WH
Jób 33:26	G1184	δεκτα	A-APN	LXX_WH
Jób 33:26	G0846	αυτω	D-DSM	LXX_WH
Jób 33:26	G1510	εσται	V-FMI-3S	LXX_WH
Jób 33:26	G1525	εισελευσεται	V-FMI-3S	LXX_WH
Jób 33:26	G1161	δε	PRT	LXX_WH
Jób 33:26	G4383	προσωπω	N-DSN	LXX_WH
Jób 33:26	G2513	καθαρω	A-DSM	LXX_WH
Jób 33:26	G4862	συν	PREP	LXX_WH
Jób 33:26	G1834	εξηγορια	N-DSF	ABP-potolt
Jób 33:26	G0591	αποδωσει	V-FAI-3S	LXX_WH
Jób 33:26	G1161	δε	PRT	LXX_WH
Jób 33:26	G0444	ανθρωποις	N-DPM	LXX_WH
Jób 33:26	G1343	δικαιοσυνην	N-ASF	LXX_WH
Jób 33:27	G1534	ειτα	ADV	LXX_WH
Jób 33:27	G5119	τοτε	ADV	LXX_WH
Jób 33:27	G0631	απομεμψεται	V-FMI-3S	ABP-potolt
Jób 33:27	G0444	ανθρωπος	N-NSM	LXX_WH
Jób 33:27	G0846	αυτος	D-NSM	LXX_WH
Jób 33:27	G1438	εαυτω	D-DSM	LXX_WH
Jób 33:27	G3004	λεγων	V-PAPNS	LXX_WH
Jób 33:27	G3634	οια	R-APN	LXX_WH
Jób 33:27	G4931	συνετελουν	V-IAI-1P	LXX_WH
Jób 33:27	G2532	και	CONJ	LXX_WH
Jób 33:27	G3364	ουκ	ADV	LXX_WH
Jób 33:27	G0514	αξια	A-APN	LXX_WH
Jób 33:27	G2082	ητασεν	V-AAI-3S	ABP-potolt
Jób 33:27	G1473	με	P-AS	LXX_WH
Jób 33:27	G3739	ων	R-GPM	LXX_WH
Jób 33:27	G0264	ημαρτον	V-AAI-1S	LXX_WH
Jób 33:28	G4982	σωσον	V-AAD-2S	LXX_WH
Jób 33:28	G5590	ψυχην	N-ASF	LXX_WH
Jób 33:28	G1473	μου	P-GS	LXX_WH
Jób 33:28	G3588	του	T-GSN	LXX_WH
Jób 33:28	G3165	μη	ADV	LXX_WH
Jób 33:28	G2064	ελθειν	V-AAN	LXX_WH
Jób 33:28	G1519	εις	PREP	LXX_WH
Jób 33:28	G1312	διαφθοραν	N-ASF	LXX_WH
Jób 33:28	G2532	και	CONJ	LXX_WH
Jób 33:28	G3588	η	T-NSF	LXX_WH
Jób 33:28	G2222	ζωη	N-NSF	LXX_WH
Jób 33:28	G1473	μου	P-GS	LXX_WH
Jób 33:28	G5457	φως	N-ASN	LXX_WH
Jób 33:28	G3708	οψεται	V-FMI-3S	LXX_WH
Jób 33:29	G2400	ιδου	INJ	LXX_WH
Jób 33:29	G3956	παντα	A-APN	LXX_WH
Jób 33:29	G3778	ταυτα	D-APN	LXX_WH
Jób 33:29	G2038	εργαται	V-PMI-3S	LXX_WH
Jób 33:29	G3588	ο	T-NSM	LXX_WH
Jób 33:29	G2478	ισχυρος	A-NSM	LXX_WH
Jób 33:29	G3598	οδους	N-APF	LXX_WH
Jób 33:29	G5140	τρεις	A-APF	LXX_WH
Jób 33:29	G3326	μετα	PREP	LXX_WH
Jób 33:29	G0435	ανδρος	N-GSM	LXX_WH
Jób 33:30	G0235	αλλ	CONJ	LXX_WH
Jób 33:30		ερρυσατο	V-AMI-3S	ELTERO_SZOVEGALAP
Jób 33:30	G3588	την	T-ASF	LXX_WH
Jób 33:30	G5590	ψυχην	N-ASF	LXX_WH
Jób 33:30	G1473	μου	P-GS	LXX_WH
Jób 33:30	G1537	εκ	PREP	LXX_WH
Jób 33:30	G2288	θανατου	N-GSM	LXX_WH
Jób 33:30	G2443	ινα	CONJ	LXX_WH
Jób 33:30	G3588	η	T-NSF	LXX_WH
Jób 33:30	G2222	ζωη	N-NSF	LXX_WH
Jób 33:30	G1473	μου	P-GS	LXX_WH
Jób 33:30	G1722	εν	PREP	LXX_WH
Jób 33:30	G5457	φωτι	N-DSN	LXX_WH
Jób 33:30	G0134	αινη	V-PAS-3S	LXX_WH
Jób 33:30	G0846	αυτον	D-ASM	LXX_WH
Jób 33:31	G1801	ενωτιζου	V-PMD-2S	LXX_WH
Jób 33:31	G2492	ιωβ	N-PRI	LXX_WH
Jób 33:31	G2532	και	CONJ	LXX_WH
Jób 33:31	G0191	ακουε	V-PAD-2S	LXX_WH
Jób 33:31	G1473	μου	P-GS	LXX_WH
Jób 33:31	G2973	κωφευσον	V-AAD-2S	ABP-potolt
Jób 33:31	G2532	και	CONJ	LXX_WH
Jób 33:31	G1473	εγω	P-NS	LXX_WH
Jób 33:31	G1510	ειμι	V-PAI-1S	LXX_WH
Jób 33:31	G2980	λαλησω	V-FAI-1S	LXX_WH
Jób 33:32	G1487	ει	CONJ	LXX_WH
Jób 33:32	G1510	εισιν	V-PAI-3P	LXX_WH
Jób 33:32	G3056	λογοι	N-NPM	LXX_WH
Jób 33:32		αποκριθητι	V-APD-2S	ELTERO_SZOVEGALAP
Jób 33:32	G1473	μοι	P-DS	LXX_WH
Jób 33:32	G2980	λαλησον	V-AAD-2S	LXX_WH
Jób 33:32	G2309	θελω	V-PAI-1S	LXX_WH
Jób 33:32	G1063	γαρ	PRT	LXX_WH
Jób 33:32	G1344	δικαιωθηναι	V-APN	LXX_WH
Jób 33:32	G4771	σε	P-AS	LXX_WH
Jób 33:33	G1487	ει	CONJ	LXX_WH
Jób 33:33	G3165	μη	ADV	LXX_WH
Jób 33:33	G4771	συ	P-NS	LXX_WH
Jób 33:33	G0191	ακουσον	V-AAD-2S	LXX_WH
Jób 33:33	G1473	μου	P-GS	LXX_WH
Jób 33:33	G2973	κωφευσον	V-AAD-2S	ABP-potolt
Jób 33:33	G2532	και	CONJ	LXX_WH
Jób 33:33	G1321	διδαξω	V-FAI-1S	LXX_WH
Jób 33:33	G4771	σε	P-AS	LXX_WH
Jób 33:33	G4678	σοφιαν	N-ASF	LXX_WH
Jób 34:1	G5274	υπολαβων	V-AAPNS	LXX_WH
Jób 34:1	G1161	δε	PRT	LXX_WH
Jób 34:1		ελιους	N-PRI	ELTERO_SZOVEGALAP
Jób 34:1	G3004	λεγει	V-PAI-3S	LXX_WH
Jób 34:2	G0191	ακουσατε	V-AAD-2P	LXX_WH
Jób 34:2	G1473	μου	P-GS	LXX_WH
Jób 34:2	G4680	σοφοι	A-NPM	LXX_WH
Jób 34:2	G1987	επισταμενοι	V-PMPNP	ABP-potolt
Jób 34:2	G1801	ενωτιζεσθε	V-PMD-2P	LXX_WH
Jób 34:2	G3588	το	T-ASN	LXX_WH
Jób 34:2	G2570	καλον	A-ASM	LXX_WH
Jób 34:3	G3754	οτι	CONJ	LXX_WH
Jób 34:3	G3775	ους	N-NSN	LXX_WH
Jób 34:3	G3056	λογους	N-APM	LXX_WH
Jób 34:3	G1381	δοκιμαζει	V-PAI-3S	LXX_WH
Jób 34:3	G2532	και	CONJ	LXX_WH
Jób 34:3	G2995	λαρυγξ	N-NSM	LXX_WH
Jób 34:3	G1089	γευεται	V-PMI-3S	ABP-potolt
Jób 34:3	G1035	βρωσιν	N-ASF	LXX_WH
Jób 34:4	G2920	κρισιν	N-ASF	LXX_WH
Jób 34:4	G0138	ελωμεθα	V-AMS-1P	ABP-potolt
Jób 34:4	G1438	εαυτοις	D-DPM	LXX_WH
Jób 34:4	G1097	γνωμεν	V-AAS-1P	LXX_WH
Jób 34:4	G0303	ανα	PREP	LXX_WH
Jób 34:4	G3319	μεσον	A-ASM	LXX_WH
Jób 34:4	G1438	εαυτων	D-GPM	LXX_WH
Jób 34:4	G3739	ο	R-ASN	LXX_WH
Jób 34:4	G5100	τι	I-ASN	LXX_WH
Jób 34:4	G2570	καλον	A-ASN	LXX_WH
Jób 34:5	G3754	οτι	CONJ	LXX_WH
Jób 34:5		ειρηκεν	V-RAI-3S	ELTERO_SZOVEGALAP
Jób 34:5	G2492	ιωβ	N-PRI	LXX_WH
Jób 34:5	G1342	δικαιος	A-NSM	LXX_WH
Jób 34:5	G1510	ειμι	V-PAI-1S	LXX_WH
Jób 34:5	G3588	ο	T-NSM	LXX_WH
Jób 34:5	G2962	κυριος	N-NSM	LXX_WH
Jób 34:5	G0525	απηλλαξεν	V-AAI-3S	LXX_WH
Jób 34:5	G1473	μου	P-GS	LXX_WH
Jób 34:5	G3588	το	T-ASN	LXX_WH
Jób 34:5	G2917	κριμα	N-ASN	LXX_WH
Jób 34:6		εψευσατο	V-AMI-3S	ELTERO_SZOVEGALAP
Jób 34:6	G1161	δε	PRT	LXX_WH
Jób 34:6	G3588	τω	T-DSN	LXX_WH
Jób 34:6	G2917	κριματι	N-DSN	LXX_WH
Jób 34:6	G1473	μου	P-GS	LXX_WH
Jób 34:6	G0972	βιαιον	A-ASN	LXX_WH
Jób 34:6	G3588	το	T-ASN	LXX_WH
Jób 34:6	G0956	βελος	N-ASN	LXX_WH
Jób 34:6	G1473	μου	P-GS	LXX_WH
Jób 34:6	G0427	ανευ	PREP	LXX_WH
Jób 34:6	G0093	αδικιας	N-GSF	LXX_WH
Jób 34:7	G5100	τις	I-NSM	LXX_WH
Jób 34:7	G0435	ανηρ	N-NSM	LXX_WH
Jób 34:7	G3746	ωσπερ	ADV	LXX_WH
Jób 34:7	G2492	ιωβ	N-PRI	LXX_WH
Jób 34:7	G4095	πινων	V-PAPNS	LXX_WH
Jób 34:7		μυκτηρισμον	N-ASM	ELTERO_SZOVEGALAP
Jób 34:7	G3746	ωσπερ	ADV	LXX_WH
Jób 34:7	G5204	υδωρ	N-NSN	LXX_WH
Jób 34:8	G3364	ουχ	ADV	LXX_WH
Jób 34:8	G0264	αμαρτων	V-AAPNS	LXX_WH
Jób 34:8	G3761	ουδε	CONJ	LXX_WH
Jób 34:8	G0764	ασεβησας	V-AAPNS	LXX_WH
Jób 34:8	G2228	η	CONJ	LXX_WH
Jób 34:8	G3598	οδου	N-GSF	LXX_WH
Jób 34:8	G2841	κοινωνησας	V-AAPNS	LXX_WH
Jób 34:8	G3326	μετα	PREP	LXX_WH
Jób 34:8	G4160	ποιουντων	V-PAPGP	LXX_WH
Jób 34:8	G3588	τα	T-APN	LXX_WH
Jób 34:8	G0459	ανομα	A-APN	LXX_WH
Jób 34:8	G3588	του	T-GSN	LXX_WH
Jób 34:8	G4198	πορευθηναι	V-APN	LXX_WH
Jób 34:8	G3326	μετα	PREP	LXX_WH
Jób 34:8	G0765	ασεβων	A-GPM	LXX_WH
Jób 34:9	G3165	μη	ADV	LXX_WH
Jób 34:9	G1063	γαρ	PRT	LXX_WH
Jób 34:9	G2036	ειπης	V-AAS-2S	ABP-potolt
Jób 34:9	G3754	οτι	CONJ	LXX_WH
Jób 34:9	G3364	ουκ	ADV	LXX_WH
Jób 34:9	G1510	εσται	V-FMI-3S	LXX_WH
Jób 34:9	G1984	επισκοπη	N-NSF	LXX_WH
Jób 34:9	G0435	ανδρος	N-GSM	LXX_WH
Jób 34:9	G2532	και	CONJ	LXX_WH
Jób 34:9	G1984	επισκοπη	N-NSF	LXX_WH
Jób 34:9	G0846	αυτω	D-DSM	LXX_WH
Jób 34:9	G3844	παρα	PREP	LXX_WH
Jób 34:9	G2962	κυριου	N-GSM	LXX_WH
Jób 34:10	G1352	διο	CONJ	ABP-potolt
Jób 34:10	G4908	συνετοι	A-VPM	LXX_WH
Jób 34:10	G2588	καρδιας	N-GSF	LXX_WH
Jób 34:10	G0191	ακουσατε	V-AAD-2P	LXX_WH
Jób 34:10	G1473	μου	P-GS	LXX_WH
Jób 34:10	G3165	μη	ADV	LXX_WH
Jób 34:10	G1473	μοι	P-DS	LXX_WH
Jób 34:10	G1510	ειη	V-PAO-3S	LXX_WH
Jób 34:10	G1725	εναντι	PREP	LXX_WH
Jób 34:10	G2962	κυριου	N-GSM	LXX_WH
Jób 34:10	G0764	ασεβησαι	V-AAN	LXX_WH
Jób 34:10	G2532	και	CONJ	LXX_WH
Jób 34:10	G1725	εναντι	PREP	LXX_WH
Jób 34:10	G3841	παντοκρατορος	N-GSM	LXX_WH
Jób 34:10	G5015	ταραξαι	V-AAN	LXX_WH
Jób 34:10	G3588	το	T-ASN	LXX_WH
Jób 34:10	G1342	δικαιον	A-ASN	LXX_WH
Jób 34:11	G0235	αλλα	CONJ	LXX_WH
Jób 34:11	G0591	αποδιδοι	V-PAO-3S	LXX_WH
Jób 34:11	G0444	ανθρωπω	N-DSM	LXX_WH
Jób 34:11	G2505	καθα	ADV	LXX_WH
Jób 34:11	G4160	ποιει	V-PAI-3S	LXX_WH
Jób 34:11	G1538	εκαστος	A-NSM	LXX_WH
Jób 34:11	G0846	αυτων	D-GPM	LXX_WH
Jób 34:11	G2532	και	CONJ	LXX_WH
Jób 34:11	G1722	εν	PREP	LXX_WH
Jób 34:11	G5147	τριβω	N-DSM	LXX_WH
Jób 34:11	G0435	ανδρος	N-GSM	LXX_WH
Jób 34:11	G2147	ευρησει	V-FAI-3S	LXX_WH
Jób 34:11	G0846	αυτον	D-ASM	LXX_WH
Jób 34:12	G3633	οιη	V-PAS-3S	LXX_WH
Jób 34:12	G1161	δε	PRT	LXX_WH
Jób 34:12	G3588	τον	T-ASM	LXX_WH
Jób 34:12	G2962	κυριον	N-ASM	LXX_WH
Jób 34:12	G0824	ατοπα	A-APN	LXX_WH
Jób 34:12	G4160	ποιησειν	V-FAN	LXX_WH
Jób 34:12	G2228	η	CONJ	LXX_WH
Jób 34:12	G3588	ο	T-NSM	LXX_WH
Jób 34:12	G3841	παντοκρατωρ	N-NSM	LXX_WH
Jób 34:12	G5015	ταραξει	V-FAI-3S	LXX_WH
Jób 34:12	G2920	κρισιν	N-ASF	LXX_WH
Jób 34:13	G3739	ος	R-NSM	LXX_WH
Jób 34:13	G4160	εποιησεν	V-AAI-3S	LXX_WH
Jób 34:13	G3588	την	T-ASF	LXX_WH
Jób 34:13	G1065	γην	N-ASF	LXX_WH
Jób 34:13	G5100	τις	I-NSM	LXX_WH
Jób 34:13	G1161	δε	PRT	LXX_WH
Jób 34:13	G1510	εστιν	V-PAI-3S	LXX_WH
Jób 34:13	G3588	ο	T-NSM	LXX_WH
Jób 34:13	G4160	ποιων	V-PAPNS	LXX_WH
Jób 34:13	G3588	την	T-ASF	LXX_WH
Jób 34:13	G5259	υπ	PREP	LXX_WH
Jób 34:13	G3772	ουρανον	N-ASM	LXX_WH
Jób 34:13	G2532	και	CONJ	LXX_WH
Jób 34:13	G3588	τα	T-APN	LXX_WH
Jób 34:13	G1751	ενοντα	V-PAPAP	LXX_WH
Jób 34:13	G3956	παντα	A-APN	LXX_WH
Jób 34:14	G1487	ει	CONJ	LXX_WH
Jób 34:14	G1063	γαρ	PRT	LXX_WH
Jób 34:14	G1014	βουλοιτο	V-PMO-3S	LXX_WH
Jób 34:14	G4912	συνεχειν	V-PAN	LXX_WH
Jób 34:14	G2532	και	CONJ	LXX_WH
Jób 34:14	G3588	το	T-ASN	LXX_WH
Jób 34:14	G4151	πνευμα	N-ASN	LXX_WH
Jób 34:14	G3844	παρ	PREP	LXX_WH
Jób 34:14	G0846	αυτω	D-DSM	LXX_WH
Jób 34:14	G2722	κατασχειν	V-AAN	LXX_WH
Jób 34:15	G5053	τελευτησει	V-FAI-3S	LXX_WH
Jób 34:15	G3956	πασα	A-NSF	LXX_WH
Jób 34:15	G4561	σαρξ	N-NSF	LXX_WH
Jób 34:15	G3661	ομοθυμαδον	ADV	LXX_WH
Jób 34:15	G3956	πας	A-NSM	LXX_WH
Jób 34:15	G1161	δε	PRT	LXX_WH
Jób 34:15		βροτος	N-NSM	ELTERO_SZOVEGALAP
Jób 34:15	G1519	εις	PREP	LXX_WH
Jób 34:15	G1065	γην	N-ASF	LXX_WH
Jób 34:15	G0565	απελευσεται	V-FMI-3S	LXX_WH
Jób 34:15	G3606	οθεν	ADV	LXX_WH
Jób 34:15	G2532	και	CONJ	LXX_WH
Jób 34:15	G4111	επλασθη	V-API-3S	LXX_WH
Jób 34:16	G1487	ει	CONJ	LXX_WH
Jób 34:16	G1161	δε	PRT	LXX_WH
Jób 34:16	G3165	μη	ADV	LXX_WH
Jób 34:16	G3560	νουθετη	V-PAS-3S	LXX_WH
Jób 34:16	G0191	ακουε	V-PAD-2S	LXX_WH
Jób 34:16	G3778	ταυτα	D-APN	LXX_WH
Jób 34:16	G1801	ενωτιζου	V-PMD-2S	LXX_WH
Jób 34:16	G5456	φωνην	N-ASF	LXX_WH
Jób 34:16	G4487	ρηματων	N-GPN	LXX_WH
Jób 34:17	G3708	ιδε	V-AAD-2S	LXX_WH
Jób 34:17	G4771	συ	P-NS	LXX_WH
Jób 34:17	G3588	τον	T-ASM	LXX_WH
Jób 34:17	G3404	μισουντα	V-PAPAS	LXX_WH
Jób 34:17	G0459	ανομα	A-APN	LXX_WH
Jób 34:17	G2532	και	CONJ	LXX_WH
Jób 34:17	G3588	τον	T-ASM	LXX_WH
Jób 34:17	G3643	ολλυντα	V-PAPAS	ABP-potolt
Jób 34:17	G3588	τους	T-APM	LXX_WH
Jób 34:17	G4190	πονηρους	A-APM	LXX_WH
Jób 34:17	G1510	οντα	V-PAPAS	LXX_WH
Jób 34:17	G0166	αιωνιον	A-ASM	LXX_WH
Jób 34:17	G1342	δικαιον	A-ASM	LXX_WH
Jób 34:18	G0765	ασεβης	A-NSM	LXX_WH
Jób 34:18	G3588	ο	T-NSM	LXX_WH
Jób 34:18	G3004	λεγων	V-PAPNS	LXX_WH
Jób 34:18	G0935	βασιλει	N-DSM	LXX_WH
Jób 34:18	G3891	παρανομεις	V-PAI-2S	LXX_WH
Jób 34:18	G0765	ασεβεστατε	A-VSMS	LXX_WH
Jób 34:18	G3588	τοις	T-DPM	LXX_WH
Jób 34:18	G0758	αρχουσιν	N-DPM	LXX_WH
Jób 34:19	G3739	ος	R-NSM	LXX_WH
Jób 34:19	G3364	ουκ	ADV	LXX_WH
Jób 34:19		επησχυνθη	V-API-3S	ELTERO_SZOVEGALAP
Jób 34:19	G4383	προσωπον	N-ASN	LXX_WH
Jób 34:19	G1784	εντιμου	A-GSM	LXX_WH
Jób 34:19	G3761	ουδε	CONJ	LXX_WH
Jób 34:19	G1492	οιδεν	V-RAI-3S	ABP-potolt
Jób 34:19	G5092	τιμην	N-ASF	LXX_WH
Jób 34:19	G5087	θεσθαι	V-AMN	LXX_WH
Jób 34:19	G0099	αδροις	A-DPM	ABP-potolt
Jób 34:19	G2296	θαυμασθηναι	V-APN	LXX_WH
Jób 34:19	G4383	προσωπα	N-APN	LXX_WH
Jób 34:19	G0846	αυτων	D-GPM	LXX_WH
Jób 34:20	G2756	κενα	A-APN	LXX_WH
Jób 34:20	G1161	δε	PRT	LXX_WH
Jób 34:20	G0846	αυτοις	D-DPM	LXX_WH
Jób 34:20	G0576	αποβησεται	V-FMI-3S	LXX_WH
Jób 34:20	G3588	το	T-ASN	LXX_WH
Jób 34:20	G2896	κεκραγεναι	V-RAN	LXX_WH
Jób 34:20	G2532	και	CONJ	LXX_WH
Jób 34:20	G1210	δεισθαι	V-PMN	LXX_WH
Jób 34:20	G0435	ανδρος	N-GSM	LXX_WH
Jób 34:20	G5531	εχρησαντο	V-AMI-3P	LXX_WH
Jób 34:20	G1063	γαρ	PRT	LXX_WH
Jób 34:20		παρανομως	ADV	ELTERO_SZOVEGALAP
Jób 34:20	G1578	εκκλινομενων	V-PMPGP	LXX_WH
Jób 34:20	G0102	αδυνατων	A-GPM	LXX_WH
Jób 34:21	G0846	αυτος	D-NSM	LXX_WH
Jób 34:21	G1063	γαρ	PRT	LXX_WH
Jób 34:21		ορατης	N-NSM	ELTERO_SZOVEGALAP
Jób 34:21	G1510	εστιν	V-PAI-3S	LXX_WH
Jób 34:21	G2041	εργων	N-GPN	LXX_WH
Jób 34:21	G0444	ανθρωπων	N-GPM	LXX_WH
Jób 34:21	G2990	λεληθεν	V-RAI-3S	LXX_WH
Jób 34:21	G1161	δε	PRT	LXX_WH
Jób 34:21	G0846	αυτον	D-ASM	LXX_WH
Jób 34:21	G3762	ουδεν	A-ASN	LXX_WH
Jób 34:21	G3739	ων	R-GPM	LXX_WH
Jób 34:21	G4238	πρασσουσιν	V-PAI-3P	LXX_WH
Jób 34:22	G3761	ουδε	CONJ	LXX_WH
Jób 34:22	G1510	εσται	V-FMI-3S	LXX_WH
Jób 34:22	G5117	τοπος	N-NSM	LXX_WH
Jób 34:22	G3588	του	T-GSN	LXX_WH
Jób 34:22	G2928	κρυβηναι	V-APN	LXX_WH
Jób 34:22	G3588	τους	T-APM	LXX_WH
Jób 34:22	G4160	ποιουντας	V-PAPAP	LXX_WH
Jób 34:22	G3588	τα	T-APN	LXX_WH
Jób 34:22	G0459	ανομα	A-APN	LXX_WH
Jób 34:23	G3754	οτι	CONJ	LXX_WH
Jób 34:23	G3364	ουκ	ADV	LXX_WH
Jób 34:23	G1909	επ	PREP	LXX_WH
Jób 34:23	G0435	ανδρα	N-ASM	LXX_WH
Jób 34:23	G5087	θησει	V-FAI-3S	LXX_WH
Jób 34:23	G2089	ετι	ADV	LXX_WH
Jób 34:23	G3588	ο	T-NSM	LXX_WH
Jób 34:23	G1063	γαρ	PRT	LXX_WH
Jób 34:23	G2962	κυριος	N-NSM	LXX_WH
Jób 34:23	G3956	παντας	A-APM	LXX_WH
Jób 34:23		εφορα	V-PAI-3S	ELTERO_SZOVEGALAP
Jób 34:24	G3588	ο	T-NSM	LXX_WH
Jób 34:24	G2638	καταλαμβανων	V-PAPNS	LXX_WH
Jób 34:24	G0421	ανεξιχνιαστα	A-APN	LXX_WH
Jób 34:24	G1741	ενδοξα	A-APN	LXX_WH
Jób 34:24	G5037	τε	PRT	LXX_WH
Jób 34:24	G2532	και	CONJ	LXX_WH
Jób 34:24	G1808	εξαισια	A-APN	ABP-potolt
Jób 34:24	G3739	ων	R-GPM	LXX_WH
Jób 34:24	G3364	ουκ	ADV	LXX_WH
Jób 34:24	G1510	εστιν	V-PAI-3S	LXX_WH
Jób 34:24	G0706	αριθμος	N-NSM	LXX_WH
Jób 34:25	G3588	ο	T-NSM	LXX_WH
Jób 34:25	G1107	γνωριζων	V-PAPNS	LXX_WH
Jób 34:25	G0846	αυτων	D-GPM	LXX_WH
Jób 34:25	G3588	τα	T-APN	LXX_WH
Jób 34:25	G2041	εργα	N-APN	LXX_WH
Jób 34:25	G2532	και	CONJ	LXX_WH
Jób 34:25	G4762	στρεψει	V-FAI-3S	LXX_WH
Jób 34:25	G3571	νυκτα	N-ASF	LXX_WH
Jób 34:25	G2532	και	CONJ	LXX_WH
Jób 34:25	G5013	ταπεινωθησονται	V-FPI-3P	LXX_WH
Jób 34:26	G4570	εσβεσεν	V-AAI-3S	LXX_WH
Jób 34:26	G1161	δε	PRT	LXX_WH
Jób 34:26	G0765	ασεβεις	A-APM	LXX_WH
Jób 34:26	G3707	ορατοι	A-NPM	LXX_WH
Jób 34:26	G1161	δε	PRT	LXX_WH
Jób 34:26	G1726	εναντιον	PREP	LXX_WH
Jób 34:26	G0846	αυτου	D-GSM	LXX_WH
Jób 34:27	G3754	οτι	CONJ	LXX_WH
Jób 34:27	G1578	εξεκλιναν	V-AAI-3P	LXX_WH
Jób 34:27	G1537	εκ	PREP	LXX_WH
Jób 34:27	G3551	νομου	N-GSM	LXX_WH
Jób 34:27	G2316	θεου	N-GSM	LXX_WH
Jób 34:27	G1345	δικαιωματα	N-APN	LXX_WH
Jób 34:27	G1161	δε	PRT	LXX_WH
Jób 34:27	G0846	αυτου	D-GSM	LXX_WH
Jób 34:27	G3364	ουκ	ADV	LXX_WH
Jób 34:27	G1921	επεγνωσαν	V-AAI-3P	LXX_WH
Jób 34:28	G3588	του	T-GSN	LXX_WH
Jób 34:28	G1863	επαγαγειν	V-AAN	ABP-potolt
Jób 34:28	G1909	επ	PREP	LXX_WH
Jób 34:28	G0846	αυτον	D-ASM	LXX_WH
Jób 34:28	G2906	κραυγην	N-ASF	LXX_WH
Jób 34:28	G3993	πενητος	N-GSM	LXX_WH
Jób 34:28	G2532	και	CONJ	LXX_WH
Jób 34:28	G2906	κραυγην	N-ASF	LXX_WH
Jób 34:28	G4434	πτωχων	N-GPM	LXX_WH
Jób 34:28	G1522	εισακουσεται	V-FMI-3S	LXX_WH
Jób 34:29	G2532	και	CONJ	LXX_WH
Jób 34:29	G0846	αυτος	D-NSM	LXX_WH
Jób 34:29	G2271	ησυχιαν	N-ASF	LXX_WH
Jób 34:29	G3930	παρεξει	V-FAI-3S	LXX_WH
Jób 34:29	G2532	και	CONJ	LXX_WH
Jób 34:29	G5100	τις	I-NSM	LXX_WH
Jób 34:29	G2613	καταδικασεται	V-FMI-3S	LXX_WH
Jób 34:29	G2532	και	CONJ	LXX_WH
Jób 34:29	G2928	κρυψει	V-FAI-3S	LXX_WH
Jób 34:29	G4383	προσωπον	N-ASN	LXX_WH
Jób 34:29	G2532	και	CONJ	LXX_WH
Jób 34:29	G5100	τις	I-NSM	LXX_WH
Jób 34:29	G3708	οψεται	V-FMI-3S	LXX_WH
Jób 34:29	G0846	αυτον	D-ASM	LXX_WH
Jób 34:29	G2532	και	CONJ	LXX_WH
Jób 34:29	G2596	κατα	PREP	LXX_WH
Jób 34:29	G1484	εθνους	N-GSN	LXX_WH
Jób 34:29	G2532	και	CONJ	LXX_WH
Jób 34:29	G2596	κατα	PREP	LXX_WH
Jób 34:29	G0444	ανθρωπου	N-GSM	LXX_WH
Jób 34:29	G3676	ομου	A-GSM	LXX_WH
Jób 34:30	G0936	βασιλευων	V-PAPNS	LXX_WH
Jób 34:30	G0444	ανθρωπον	N-ASM	LXX_WH
Jób 34:30	G5273	υποκριτην	N-ASM	LXX_WH
Jób 34:30	G0575	απο	PREP	LXX_WH
Jób 34:30	G1421	δυσκολιας	N-GSF	ABP-potolt
Jób 34:30	G2992	λαου	N-GSM	LXX_WH
Jób 34:31	G3754	οτι	CONJ	LXX_WH
Jób 34:31	G4314	προς	PREP	LXX_WH
Jób 34:31	G3588	τον	T-ASM	LXX_WH
Jób 34:31	G2478	ισχυρον	A-ASM	LXX_WH
Jób 34:31	G3588	ο	T-NSM	LXX_WH
Jób 34:31	G3004	λεγων	V-PAPNS	LXX_WH
Jób 34:31	G2983	ειληφα	V-RAI-1S	LXX_WH
Jób 34:31	G3364	ουκ	ADV	LXX_WH
Jób 34:31		ενεχυρασω	V-FAI-1S	ELTERO_SZOVEGALAP
Jób 34:32	G0427	ανευ	PREP	LXX_WH
Jób 34:32	G1683	εμαυτου	D-GSM	LXX_WH
Jób 34:32	G3708	οψομαι	V-FMI-1S	LXX_WH
Jób 34:32	G4771	συ	P-NS	LXX_WH
Jób 34:32	G1166	δειξον	V-AAD-2S	LXX_WH
Jób 34:32	G1473	μοι	P-DS	LXX_WH
Jób 34:32	G1487	ει	CONJ	LXX_WH
Jób 34:32	G0093	αδικιαν	N-ASF	LXX_WH
Jób 34:32	G2038	ηργασαμην	V-AMI-1S	LXX_WH
Jób 34:32	G3364	ου	ADV	LXX_WH
Jób 34:32	G3165	μη	ADV	LXX_WH
Jób 34:32	G4369	προσθησω	V-FAI-1S	LXX_WH
Jób 34:33	G3165	μη	ADV	LXX_WH
Jób 34:33	G3844	παρα	PREP	LXX_WH
Jób 34:33	G4771	σου	P-GS	LXX_WH
Jób 34:33	G0661	αποτεισει	V-FAI-3S	LXX_WH
Jób 34:33	G0846	αυτην	D-ASF	LXX_WH
Jób 34:33	G3754	οτι	CONJ	LXX_WH
Jób 34:33		απωση	V-AAS-3S	ELTERO_SZOVEGALAP
Jób 34:33	G3754	οτι	CONJ	LXX_WH
Jób 34:33	G4771	συ	P-NS	LXX_WH
Jób 34:33		εκλεξη	V-FMI-2S	ELTERO_SZOVEGALAP
Jób 34:33	G2532	και	CONJ	LXX_WH
Jób 34:33	G3364	ουκ	ADV	LXX_WH
Jób 34:33	G1473	εγω	P-NS	LXX_WH
Jób 34:33	G2532	και	CONJ	LXX_WH
Jób 34:33	G5100	τι	I-ASN	LXX_WH
Jób 34:33	G1097	εγνως	V-AAI-2S	LXX_WH
Jób 34:33	G2980	λαλησον	V-AAD-2S	LXX_WH
Jób 34:34	G1352	διο	CONJ	ABP-potolt
Jób 34:34	G4908	συνετοι	A-NPM	LXX_WH
Jób 34:34	G2588	καρδιας	N-GSF	LXX_WH
Jób 34:34	G2046	ερουσιν	V-FAI-3P	ABP-potolt
Jób 34:34	G3778	ταυτα	D-APN	LXX_WH
Jób 34:34	G0435	ανηρ	N-NSM	LXX_WH
Jób 34:34	G1161	δε	PRT	LXX_WH
Jób 34:34	G4680	σοφος	A-NSM	LXX_WH
Jób 34:34	G0191	ακηκοεν	V-RAI-3S	LXX_WH
Jób 34:34	G1473	μου	P-GS	LXX_WH
Jób 34:34	G3588	το	T-ASN	LXX_WH
Jób 34:34	G4487	ρημα	N-ASN	LXX_WH
Jób 34:35	G2492	ιωβ	N-PRI	LXX_WH
Jób 34:35	G1161	δε	PRT	LXX_WH
Jób 34:35	G3364	ουκ	ADV	LXX_WH
Jób 34:35	G1722	εν	PREP	LXX_WH
Jób 34:35	G4907	συνεσει	N-DSF	LXX_WH
Jób 34:35	G2980	ελαλησεν	V-AAI-3S	LXX_WH
Jób 34:35	G3588	τα	T-APN	LXX_WH
Jób 34:35	G1161	δε	PRT	LXX_WH
Jób 34:35	G4487	ρηματα	N-APN	LXX_WH
Jób 34:35	G0846	αυτου	D-GSM	LXX_WH
Jób 34:35	G3364	ουκ	ADV	LXX_WH
Jób 34:35	G1722	εν	PREP	LXX_WH
Jób 34:35	G1989	επιστημη	N-DSF	ABP-potolt
Jób 34:36	G3364	ου	ADV	LXX_WH
Jób 34:36	G3303	μην	PRT	LXX_WH
Jób 34:36	G1161	δε	PRT	LXX_WH
Jób 34:36	G0235	αλλα	CONJ	LXX_WH
Jób 34:36	G3129	μαθε	V-AAD-2S	LXX_WH
Jób 34:36	G2492	ιωβ	N-PRI	LXX_WH
Jób 34:36	G3165	μη	ADV	LXX_WH
Jób 34:36	G1325	δως	V-AAS-2S	LXX_WH
Jób 34:36	G2089	ετι	ADV	LXX_WH
Jób 34:36		ανταποκρισιν	N-ASF	ELTERO_SZOVEGALAP
Jób 34:36	G3746	ωσπερ	ADV	LXX_WH
Jób 34:36	G3588	οι	T-NPM	LXX_WH
Jób 34:36	G0878	αφρονες	A-NPM	LXX_WH
Jób 34:37	G2443	ινα	CONJ	LXX_WH
Jób 34:37	G3165	μη	ADV	LXX_WH
Jób 34:37	G4369	προσθωμεν	V-AAS-1P	LXX_WH
Jób 34:37	G1909	εφ	PREP	LXX_WH
Jób 34:37	G0266	αμαρτιαις	N-DPF	LXX_WH
Jób 34:37	G1473	ημων	P-GP	LXX_WH
Jób 34:37	G0458	ανομια	N-NSF	LXX_WH
Jób 34:37	G1161	δε	PRT	LXX_WH
Jób 34:37	G1909	εφ	PREP	LXX_WH
Jób 34:37	G1473	ημιν	P-DP	LXX_WH
Jób 34:37	G3049	λογισθησεται	V-FPI-3S	LXX_WH
Jób 34:37	G4183	πολλα	A-APN	LXX_WH
Jób 34:37	G2980	λαλουντων	V-PAPGP	LXX_WH
Jób 34:37	G4487	ρηματα	N-APN	LXX_WH
Jób 34:37	G1726	εναντιον	PREP	LXX_WH
Jób 34:37	G3588	του	T-GSM	LXX_WH
Jób 34:37	G2962	κυριου	N-GSM	LXX_WH
Jób 35:1	G5274	υπολαβων	V-AAPNS	LXX_WH
Jób 35:1	G1161	δε	PRT	LXX_WH
Jób 35:1		ελιους	N-PRI	ELTERO_SZOVEGALAP
Jób 35:1	G3004	λεγει	V-PAI-3S	LXX_WH
Jób 35:2	G5100	τι	I-ASN	LXX_WH
Jób 35:2	G3778	τουτο	D-ASN	LXX_WH
Jób 35:2	G2233	ηγησω	V-AMI-2S	LXX_WH
Jób 35:2	G1722	εν	PREP	LXX_WH
Jób 35:2	G2920	κρισει	N-DSF	LXX_WH
Jób 35:2	G4771	συ	P-NS	LXX_WH
Jób 35:2	G5100	τις	I-NSM	LXX_WH
Jób 35:2	G1510	ει	V-PAI-2S	LXX_WH
Jób 35:2	G3754	οτι	CONJ	LXX_WH
Jób 35:2	G2036	ειπας	V-AAI-2S	ABP-potolt
Jób 35:2	G1342	δικαιος	A-NSM	LXX_WH
Jób 35:2	G1510	ειμι	V-PAI-1S	LXX_WH
Jób 35:2	G1725	εναντι	PREP	LXX_WH
Jób 35:2	G2962	κυριου	N-GSM	LXX_WH
Jób 35:3	G2228	η	CONJ	LXX_WH
Jób 35:3		ερεις	V-FAI-2S	ELTERO_SZOVEGALAP
Jób 35:3	G5100	τι	I-ASN	LXX_WH
Jób 35:3	G4160	ποιησω	V-AAS-1S	LXX_WH
Jób 35:3	G0264	αμαρτων	V-AAPNS	LXX_WH
Jób 35:4	G1473	εγω	P-NS	LXX_WH
Jób 35:4	G4771	σοι	P-DS	LXX_WH
Jób 35:4	G1325	δωσω	V-FAI-1S	LXX_WH
Jób 35:4	G0612	αποκρισιν	N-ASF	LXX_WH
Jób 35:4	G2532	και	CONJ	LXX_WH
Jób 35:4	G3588	τοις	T-DPM	LXX_WH
Jób 35:4	G5140	τρισιν	A-DPM	LXX_WH
Jób 35:4	G5384	φιλοις	A-DPM	LXX_WH
Jób 35:4	G4771	σου	P-GS	LXX_WH
Jób 35:5	G0308	αναβλεψον	V-AAD-2S	LXX_WH
Jób 35:5	G1519	εις	PREP	LXX_WH
Jób 35:5	G3588	τον	T-ASM	LXX_WH
Jób 35:5	G3772	ουρανον	N-ASM	LXX_WH
Jób 35:5	G2532	και	CONJ	LXX_WH
Jób 35:5	G3708	ιδε	V-AAD-2S	LXX_WH
Jób 35:5	G2648	καταμαθε	V-AAD-2S	LXX_WH
Jób 35:5	G1161	δε	PRT	LXX_WH
Jób 35:5	G3509	νεφη	N-APN	LXX_WH
Jób 35:5	G3739	ως	CONJ	LXX_WH
Jób 35:5	G5308	υψηλα	A-APN	LXX_WH
Jób 35:5	G0575	απο	PREP	LXX_WH
Jób 35:5	G4771	σου	P-GS	LXX_WH
Jób 35:6	G1487	ει	CONJ	LXX_WH
Jób 35:6	G0264	ημαρτες	V-AAI-2S	LXX_WH
Jób 35:6	G5100	τι	I-ASN	LXX_WH
Jób 35:6	G4238	πραξεις	V-FAI-2S	LXX_WH
Jób 35:6	G1487	ει	CONJ	LXX_WH
Jób 35:6	G1161	δε	PRT	LXX_WH
Jób 35:6	G2532	και	CONJ	LXX_WH
Jób 35:6	G4183	πολλα	A-APN	LXX_WH
Jób 35:6	G0457	ηνομησας	V-AAI-2S	ABP-potolt
Jób 35:6	G5100	τι	I-ASN	LXX_WH
Jób 35:6	G1410	δυνασαι	V-PMI-2S	LXX_WH
Jób 35:6	G4160	ποιησαι	V-AAN	LXX_WH
Jób 35:7	G1893	επει	CONJ	LXX_WH
Jób 35:7	G1161	δε	PRT	LXX_WH
Jób 35:7	G3767	ουν	PRT	LXX_WH
Jób 35:7	G1342	δικαιος	A-NSM	LXX_WH
Jób 35:7	G1510	ει	V-PAI-2S	LXX_WH
Jób 35:7	G5100	τι	I-ASN	LXX_WH
Jób 35:7	G1325	δωσεις	V-FAI-2S	LXX_WH
Jób 35:7	G0846	αυτω	D-DSM	LXX_WH
Jób 35:7	G2228	η	CONJ	LXX_WH
Jób 35:7	G5100	τι	I-ASN	LXX_WH
Jób 35:7	G1537	εκ	PREP	LXX_WH
Jób 35:7	G5495	χειρος	N-GSF	LXX_WH
Jób 35:7	G4771	σου	P-GS	LXX_WH
Jób 35:7	G2983	λημψεται	V-FMI-3S	LXX_WH
Jób 35:8	G0435	ανδρι	N-DSM	LXX_WH
Jób 35:8	G3588	τω	T-DSM	LXX_WH
Jób 35:8	G3664	ομοιω	A-DSM	LXX_WH
Jób 35:8	G4771	σου	P-GS	LXX_WH
Jób 35:8	G3588	η	T-NSF	LXX_WH
Jób 35:8	G0763	ασεβεια	N-NSF	LXX_WH
Jób 35:8	G4771	σου	P-GS	LXX_WH
Jób 35:8	G2532	και	CONJ	LXX_WH
Jób 35:8	G5207	υιω	N-DSM	LXX_WH
Jób 35:8	G0444	ανθρωπου	N-GSM	LXX_WH
Jób 35:8	G3588	η	T-NSF	LXX_WH
Jób 35:8	G1343	δικαιοσυνη	N-NSF	LXX_WH
Jób 35:8	G4771	σου	P-GS	LXX_WH
Jób 35:9	G0575	απο	PREP	LXX_WH
Jób 35:9	G4128	πληθους	N-GSN	LXX_WH
Jób 35:9	G4811	συκοφαντουμενοι	V-PMPNP	LXX_WH
Jób 35:9	G2896	κεκραξονται	V-FMI-3P	LXX_WH
Jób 35:9	G0994	βοησονται	V-FMI-3P	LXX_WH
Jób 35:9	G0575	απο	PREP	LXX_WH
Jób 35:9	G1023	βραχιονος	N-GSM	LXX_WH
Jób 35:9	G4183	πολλων	A-GPM	LXX_WH
Jób 35:10	G2532	και	CONJ	LXX_WH
Jób 35:10	G3364	ουκ	ADV	LXX_WH
Jób 35:10		ειπεν	V-AAI-3S	ELTERO_SZOVEGALAP
Jób 35:10	G4225	που	ADV	LXX_WH
Jób 35:10	G1510	εστιν	V-PAI-3S	LXX_WH
Jób 35:10	G3588	ο	T-NSM	LXX_WH
Jób 35:10	G2316	θεος	N-NSM	LXX_WH
Jób 35:10	G3588	ο	T-NSM	LXX_WH
Jób 35:10	G4160	ποιησας	V-AAPNS	LXX_WH
Jób 35:10	G1473	με	P-AS	LXX_WH
Jób 35:10	G3588	ο	T-NSM	LXX_WH
Jób 35:10	G2697	κατατασσων	V-PAPNS	ABP-potolt
Jób 35:10	G5438	φυλακας	N-APF	LXX_WH
Jób 35:10	G3563	νυκτερινας	A-GSF	ABP-potolt
Jób 35:11	G3588	ο	T-NSM	LXX_WH
Jób 35:11	G1357	διοριζων	V-PAPNS	ABP-potolt
Jób 35:11	G1473	με	P-AS	LXX_WH
Jób 35:11	G0575	απο	PREP	LXX_WH
Jób 35:11		τετραποδων	A-GPM	ELTERO_SZOVEGALAP
Jób 35:11	G1065	γης	N-GSF	LXX_WH
Jób 35:11	G0575	απο	PREP	LXX_WH
Jób 35:11	G1161	δε	PRT	LXX_WH
Jób 35:11	G4071	πετεινων	N-GPN	LXX_WH
Jób 35:11	G3772	ουρανου	N-GSM	LXX_WH
Jób 35:12	G1563	εκει	ADV	LXX_WH
Jób 35:12	G2896	κεκραξονται	V-FMI-3P	LXX_WH
Jób 35:12	G2532	και	CONJ	LXX_WH
Jób 35:12	G3364	ου	ADV	LXX_WH
Jób 35:12	G3165	μη	ADV	LXX_WH
Jób 35:12	G1522	εισακουση	V-AAS-3S	LXX_WH
Jób 35:12	G2532	και	CONJ	LXX_WH
Jób 35:12	G0575	απο	PREP	LXX_WH
Jób 35:12	G5196	υβρεως	N-GSF	LXX_WH
Jób 35:12	G4190	πονηρων	A-GPM	LXX_WH
Jób 35:13	G0824	ατοπα	A-APN	LXX_WH
Jób 35:13	G1063	γαρ	PRT	LXX_WH
Jób 35:13	G3364	ου	ADV	LXX_WH
Jób 35:13	G1014	βουλεται	V-PMI-3S	LXX_WH
Jób 35:13	G3588	ο	T-NSM	LXX_WH
Jób 35:13	G2962	κυριος	N-NSM	LXX_WH
Jób 35:13	G3708	ιδειν	V-AAN	LXX_WH
Jób 35:13	G0846	αυτος	D-NSM	LXX_WH
Jób 35:13	G1063	γαρ	PRT	LXX_WH
Jób 35:13	G3588	ο	T-NSM	LXX_WH
Jób 35:13	G3841	παντοκρατωρ	N-NSM	LXX_WH
Jób 35:13		ορατης	N-NSM	ELTERO_SZOVEGALAP
Jób 35:13	G1510	εστιν	V-PAI-3S	LXX_WH
Jób 35:14	G3588	των	T-GPM	LXX_WH
Jób 35:14	G4931	συντελουντων	V-PAPGP	LXX_WH
Jób 35:14	G3588	τα	T-APN	LXX_WH
Jób 35:14	G0459	ανομα	A-APN	LXX_WH
Jób 35:14	G2532	και	CONJ	LXX_WH
Jób 35:14	G4982	σωσει	V-FAI-3S	LXX_WH
Jób 35:14	G1473	με	P-AS	LXX_WH
Jób 35:14	G2919	κριθητι	V-APD-2S	LXX_WH
Jób 35:14	G1161	δε	PRT	LXX_WH
Jób 35:14	G1726	εναντιον	PREP	LXX_WH
Jób 35:14	G0846	αυτου	D-GSM	LXX_WH
Jób 35:14	G1487	ει	CONJ	LXX_WH
Jób 35:14	G1410	δυνασαι	V-PMI-2S	LXX_WH
Jób 35:14	G0134	αινεσαι	V-AAN	LXX_WH
Jób 35:14	G0846	αυτον	D-ASM	LXX_WH
Jób 35:14	G3739	ως	CONJ	LXX_WH
Jób 35:14	G1510	εστιν	V-PAI-3S	LXX_WH
Jób 35:15	G2532	και	CONJ	LXX_WH
Jób 35:15	G3568	νυν	ADV	LXX_WH
Jób 35:15	G3754	οτι	CONJ	LXX_WH
Jób 35:15	G3364	ουκ	ADV	LXX_WH
Jób 35:15	G1510	εστιν	V-PAI-3S	LXX_WH
Jób 35:15	G1980	επισκεπτομενος	V-PMPNS	LXX_WH
Jób 35:15	G3709	οργην	N-ASF	LXX_WH
Jób 35:15	G0846	αυτου	D-GSM	LXX_WH
Jób 35:15	G2532	και	CONJ	LXX_WH
Jób 35:15	G3364	ουκ	ADV	LXX_WH
Jób 35:15	G1097	εγνω	V-AAI-3S	LXX_WH
Jób 35:15	G3900	παραπτωματι	N-DSN	LXX_WH
Jób 35:15	G4970	σφοδρα	ADV	LXX_WH
Jób 35:16	G2532	και	CONJ	LXX_WH
Jób 35:16	G2492	ιωβ	N-PRI	LXX_WH
Jób 35:16	G3152	ματαιως	ADV	LXX_WH
Jób 35:16	G0455	ανοιγει	V-PAI-3S	LXX_WH
Jób 35:16	G3588	το	T-ASN	LXX_WH
Jób 35:16	G4750	στομα	N-ASN	LXX_WH
Jób 35:16	G0846	αυτου	D-GSM	LXX_WH
Jób 35:16	G1722	εν	PREP	LXX_WH
Jób 35:16	G0056	αγνωσια	N-DSF	LXX_WH
Jób 35:16	G4487	ρηματα	N-APN	LXX_WH
Jób 35:16	G0925	βαρυνει	V-PAI-3S	LXX_WH
Jób 36:1	G4369	προσθεις	V-AAPNS	LXX_WH
Jób 36:1	G1161	δε	PRT	LXX_WH
Jób 36:1		ελιους	N-PRI	ELTERO_SZOVEGALAP
Jób 36:1	G2089	ετι	ADV	LXX_WH
Jób 36:1	G3004	λεγει	V-PAI-3S	LXX_WH
Jób 36:2	G3306	μεινον	V-AAD-2S	LXX_WH
Jób 36:2	G1473	με	P-AS	LXX_WH
Jób 36:2	G3398	μικρον	A-ASM	LXX_WH
Jób 36:2	G2089	ετι	ADV	LXX_WH
Jób 36:2	G2443	ινα	CONJ	LXX_WH
Jób 36:2	G1321	διδαξω	V-FAI-1S	LXX_WH
Jób 36:2	G4771	σε	P-AS	LXX_WH
Jób 36:2	G2089	ετι	ADV	LXX_WH
Jób 36:2	G1063	γαρ	PRT	LXX_WH
Jób 36:2	G1722	εν	PREP	LXX_WH
Jób 36:2	G1473	εμοι	P-DS	LXX_WH
Jób 36:2	G1510	εστιν	V-PAI-3S	LXX_WH
Jób 36:2	G3012	λεξις	N-NSF	ABP-potolt
Jób 36:3	G0353	αναλαβων	V-AAPNS	LXX_WH
Jób 36:3	G3588	την	T-ASF	LXX_WH
Jób 36:3		επιστημην	N-ASF	ELTERO_SZOVEGALAP
Jób 36:3	G1473	μου	P-GS	LXX_WH
Jób 36:3	G3112	μακραν	ADV	LXX_WH
Jób 36:3	G2041	εργοις	N-DPN	LXX_WH
Jób 36:3	G1161	δε	PRT	LXX_WH
Jób 36:3	G1473	μου	P-GS	LXX_WH
Jób 36:3	G1342	δικαια	A-APN	LXX_WH
Jób 36:3		ερω	V-FAI-1S	ELTERO_SZOVEGALAP
Jób 36:4	G1909	επ	PREP	LXX_WH
Jób 36:4	G0225	αληθειας	N-GSF	LXX_WH
Jób 36:4	G2532	και	CONJ	LXX_WH
Jób 36:4	G3364	ουκ	ADV	LXX_WH
Jób 36:4	G0094	αδικα	A-APN	LXX_WH
Jób 36:4	G4487	ρηματα	N-APN	LXX_WH
Jób 36:4	G0094	αδικως	ADV	LXX_WH
Jób 36:4	G4920	συνιεις	V-PAI-2S	LXX_WH
Jób 36:5	G1097	γιγνωσκε	V-PAD-2S	LXX_WH
Jób 36:5	G1161	δε	PRT	LXX_WH
Jób 36:5	G3754	οτι	CONJ	LXX_WH
Jób 36:5	G3588	ο	T-NSM	LXX_WH
Jób 36:5	G2962	κυριος	N-NSM	LXX_WH
Jób 36:5	G3364	ου	ADV	LXX_WH
Jób 36:5	G3165	μη	ADV	LXX_WH
Jób 36:5		αποποιησηται	V-AMS-3S	ELTERO_SZOVEGALAP
Jób 36:5	G3588	τον	T-ASM	LXX_WH
Jób 36:5	G0172	ακακον	A-ASM	LXX_WH
Jób 36:5	G1415	δυνατος	A-NSM	LXX_WH
Jób 36:5	G2479	ισχυι	N-DSF	LXX_WH
Jób 36:5	G2588	καρδιας	N-GSF	LXX_WH
Jób 36:6	G0765	ασεβη	A-ASM	LXX_WH
Jób 36:6	G3364	ου	ADV	LXX_WH
Jób 36:6	G3165	μη	ADV	LXX_WH
Jób 36:6	G2227	ζωοποιησει	V-FAI-3S	LXX_WH
Jób 36:6	G2532	και	CONJ	LXX_WH
Jób 36:6	G2917	κριμα	N-ASN	LXX_WH
Jób 36:6	G4434	πτωχων	N-GPM	LXX_WH
Jób 36:6	G1325	δωσει	V-FAI-3S	LXX_WH
Jób 36:7	G3364	ουκ	ADV	LXX_WH
Jób 36:7		αφελει	V-FAI-3S	ELTERO_SZOVEGALAP
Jób 36:7	G0575	απο	PREP	LXX_WH
Jób 36:7	G1342	δικαιου	A-GSM	LXX_WH
Jób 36:7	G3788	οφθαλμους	N-APM	LXX_WH
Jób 36:7	G0846	αυτου	D-GSM	LXX_WH
Jób 36:7	G2532	και	CONJ	LXX_WH
Jób 36:7	G3326	μετα	PREP	LXX_WH
Jób 36:7	G0935	βασιλεων	N-GPM	LXX_WH
Jób 36:7	G1519	εις	PREP	LXX_WH
Jób 36:7	G2362	θρονον	N-ASM	LXX_WH
Jób 36:7	G2532	και	CONJ	LXX_WH
Jób 36:7	G2523	καθιει	V-FAI-3S	LXX_WH
Jób 36:7	G0846	αυτους	D-APM	LXX_WH
Jób 36:7	G1519	εις	PREP	LXX_WH
Jób 36:7	G3534	νεικος	N-ASN	ABP-potolt
Jób 36:7	G2532	και	CONJ	LXX_WH
Jób 36:7	G5312	υψωθησονται	V-FPI-3P	LXX_WH
Jób 36:8	G2532	και	CONJ	LXX_WH
Jób 36:8	G1487	ει	CONJ	LXX_WH
Jób 36:8		πεπεδημενοι	V-RPPNP	ELTERO_SZOVEGALAP
Jób 36:8	G1722	εν	PREP	LXX_WH
Jób 36:8	G5498	χειροπεδαις	N-DPF	ABP-potolt
Jób 36:8	G4912	συσχεθησονται	V-FPI-3P	LXX_WH
Jób 36:8	G1722	εν	PREP	LXX_WH
Jób 36:8	G4979	σχοινιοις	N-DPN	LXX_WH
Jób 36:8	G3997	πενιας	N-GSF	ABP-potolt
Jób 36:9	G2532	και	CONJ	LXX_WH
Jób 36:9	G0312	αναγγελει	V-FAI-3S	LXX_WH
Jób 36:9	G0846	αυτοις	D-DPM	LXX_WH
Jób 36:9	G3588	τα	T-APN	LXX_WH
Jób 36:9	G2041	εργα	N-APN	LXX_WH
Jób 36:9	G0846	αυτων	D-GPM	LXX_WH
Jób 36:9	G2532	και	CONJ	LXX_WH
Jób 36:9	G3588	τα	T-APN	LXX_WH
Jób 36:9	G3900	παραπτωματα	N-APN	LXX_WH
Jób 36:9	G0846	αυτων	D-GPM	LXX_WH
Jób 36:9	G3754	οτι	CONJ	LXX_WH
Jób 36:9	G2480	ισχυσουσιν	V-FAI-3P	LXX_WH
Jób 36:10	G0235	αλλα	CONJ	LXX_WH
Jób 36:10	G3588	του	T-GSM	LXX_WH
Jób 36:10	G1342	δικαιου	A-GSM	LXX_WH
Jób 36:10	G1522	εισακουσεται	V-FMI-3S	LXX_WH
Jób 36:10	G2532	και	CONJ	LXX_WH
Jób 36:10	G2036	ειπεν	V-AAI-3S	ABP-potolt
Jób 36:10	G3754	οτι	CONJ	LXX_WH
Jób 36:10	G1994	επιστραφησονται	V-FPI-3P	LXX_WH
Jób 36:10	G1537	εξ	PREP	LXX_WH
Jób 36:10	G0093	αδικιας	N-GSF	LXX_WH
Jób 36:11	G1437	εαν	CONJ	LXX_WH
Jób 36:11	G0191	ακουσωσιν	V-AAS-3P	LXX_WH
Jób 36:11	G2532	και	CONJ	LXX_WH
Jób 36:11	G1398	δουλευσωσιν	V-AAS-3P	LXX_WH
Jób 36:11	G4931	συντελεσουσιν	V-FAI-3P	LXX_WH
Jób 36:11	G3588	τας	T-APF	LXX_WH
Jób 36:11	G2250	ημερας	N-APF	LXX_WH
Jób 36:11	G0846	αυτων	D-GPM	LXX_WH
Jób 36:11	G1722	εν	PREP	LXX_WH
Jób 36:11	G0018	αγαθοις	A-DPM	LXX_WH
Jób 36:11	G2532	και	CONJ	LXX_WH
Jób 36:11	G3588	τα	T-APN	LXX_WH
Jób 36:11	G2094	ετη	N-APN	LXX_WH
Jób 36:11	G0846	αυτων	D-GPM	LXX_WH
Jób 36:11	G1722	εν	PREP	LXX_WH
Jób 36:11	G2143	ευπρεπειαις	N-DPF	LXX_WH
Jób 36:12	G0765	ασεβεις	A-NPM	LXX_WH
Jób 36:12	G1161	δε	PRT	LXX_WH
Jób 36:12	G3364	ου	ADV	LXX_WH
Jób 36:12	G1295	διασωζει	V-PAI-3S	LXX_WH
Jób 36:12	G3844	παρα	PREP	LXX_WH
Jób 36:12	G3588	το	T-ASN	LXX_WH
Jób 36:12	G3165	μη	ADV	LXX_WH
Jób 36:12	G1014	βουλεσθαι	V-PMN	LXX_WH
Jób 36:12		ειδεναι	V-RAN	ELTERO_SZOVEGALAP
Jób 36:12	G0846	αυτους	D-APM	LXX_WH
Jób 36:12	G3588	τον	T-ASM	LXX_WH
Jób 36:12	G2962	κυριον	N-ASM	LXX_WH
Jób 36:12	G2532	και	CONJ	LXX_WH
Jób 36:12	G1360	διοτι	CONJ	LXX_WH
Jób 36:12	G3560	νουθετουμενοι	V-PMPNP	LXX_WH
Jób 36:12		ανηκοοι	A-NPM	ELTERO_SZOVEGALAP
Jób 36:12	G1510	ησαν	V-IAI-3P	LXX_WH
Jób 36:13	G2532	και	CONJ	LXX_WH
Jób 36:13	G5273	υποκριται	N-NSM	LXX_WH
Jób 36:13	G2588	καρδια	N-DSF	LXX_WH
Jób 36:13	G5021	ταξουσιν	V-FAI-3P	LXX_WH
Jób 36:13	G2372	θυμον	N-ASM	LXX_WH
Jób 36:13	G3364	ου	ADV	LXX_WH
Jób 36:13	G0994	βοησονται	V-FMI-3P	LXX_WH
Jób 36:13	G3754	οτι	CONJ	LXX_WH
Jób 36:13	G1210	εδησεν	V-AAI-3S	LXX_WH
Jób 36:13	G0846	αυτους	D-APM	LXX_WH
Jób 36:14	G0599	αποθανοι	V-AAO-3S	LXX_WH
Jób 36:14	G5106	τοινυν	PRT	LXX_WH
Jób 36:14	G1722	εν	PREP	LXX_WH
Jób 36:14	G3503	νεοτητι	N-DSF	LXX_WH
Jób 36:14	G3588	η	T-NSF	LXX_WH
Jób 36:14	G5590	ψυχη	N-NSF	LXX_WH
Jób 36:14	G0846	αυτων	D-GPM	LXX_WH
Jób 36:14	G3588	η	T-NSF	LXX_WH
Jób 36:14	G1161	δε	PRT	LXX_WH
Jób 36:14	G2222	ζωη	N-NSF	LXX_WH
Jób 36:14	G0846	αυτων	D-GPM	LXX_WH
Jób 36:14		τιτρωσκομενη	V-PPPNS	ELTERO_SZOVEGALAP
Jób 36:14	G5259	υπο	PREP	LXX_WH
Jób 36:14	G0032	αγγελων	N-GPM	LXX_WH
Jób 36:15	G0473	ανθ	PREP	LXX_WH
Jób 36:15	G3739	ων	R-GPM	LXX_WH
Jób 36:15	G2346	εθλιψαν	V-AAI-3P	LXX_WH
Jób 36:15	G0772	ασθενη	A-APN	LXX_WH
Jób 36:15	G2532	και	CONJ	LXX_WH
Jób 36:15	G0102	αδυνατον	A-ASM	LXX_WH
Jób 36:15	G2917	κριμα	N-ASN	LXX_WH
Jób 36:15	G1161	δε	PRT	LXX_WH
Jób 36:15	G4239	πραεων	A-GPM	LXX_WH
Jób 36:15	G1620	εκθησει	V-FAI-3S	LXX_WH
Jób 36:16	G2532	και	CONJ	LXX_WH
Jób 36:16		προσετι	ADV	ELTERO_SZOVEGALAP
Jób 36:16	G0538	ηπατησεν	V-AAI-3S	LXX_WH
Jób 36:16	G4771	σε	P-AS	LXX_WH
Jób 36:16	G1537	εκ	PREP	LXX_WH
Jób 36:16	G4750	στοματος	N-GSN	LXX_WH
Jób 36:16	G2190	εχθρου	N-GSM	LXX_WH
Jób 36:16	G0012	αβυσσος	N-NSF	LXX_WH
Jób 36:16	G2710	καταχυσις	N-NSF	ABP-potolt
Jób 36:16	G5270	υποκατω	ADV	LXX_WH
Jób 36:16	G0846	αυτης	D-GSF	LXX_WH
Jób 36:16	G2532	και	CONJ	LXX_WH
Jób 36:16	G2597	κατεβη	V-AAI-3S	LXX_WH
Jób 36:16	G5132	τραπεζα	N-NSF	LXX_WH
Jób 36:16	G4771	σου	P-GS	LXX_WH
Jób 36:16	G4134	πληρης	A-NSM	LXX_WH
Jób 36:16	G4096	πιοτητος	N-GSF	LXX_WH
Jób 36:17	G3364	ουχ	ADV	LXX_WH
Jób 36:17	G5302	υστερησει	V-FAI-3S	LXX_WH
Jób 36:17	G1161	δε	PRT	LXX_WH
Jób 36:17	G0575	απο	PREP	LXX_WH
Jób 36:17	G1342	δικαιων	A-GPM	LXX_WH
Jób 36:17	G2917	κριμα	N-ASN	LXX_WH
Jób 36:18	G2372	θυμος	N-NSM	LXX_WH
Jób 36:18	G1161	δε	PRT	LXX_WH
Jób 36:18	G1909	επ	PREP	LXX_WH
Jób 36:18	G0765	ασεβεις	A-APM	LXX_WH
Jób 36:18	G1510	εσται	V-FMI-3S	LXX_WH
Jób 36:18	G1223	δι	PREP	LXX_WH
Jób 36:18	G0763	ασεβειαν	N-ASF	LXX_WH
Jób 36:18	G1435	δωρων	N-GPN	LXX_WH
Jób 36:18	G3739	ων	R-GPN	LXX_WH
Jób 36:18	G1209	εδεχοντο	V-IMI-3P	LXX_WH
Jób 36:18	G1909	επ	PREP	LXX_WH
Jób 36:18	G0093	αδικιαις	N-DPF	LXX_WH
Jób 36:19	G3165	μη	ADV	LXX_WH
Jób 36:19	G4771	σε	P-AS	LXX_WH
Jób 36:19	G1578	εκκλινατω	V-AAD-3S	LXX_WH
Jób 36:19	G1635	εκων	A-NSM	LXX_WH
Jób 36:19	G3588	ο	T-NSM	LXX_WH
Jób 36:19	G3563	νους	N-NSM	LXX_WH
Jób 36:19	G1162	δεησεως	N-GSF	LXX_WH
Jób 36:19	G1722	εν	PREP	LXX_WH
Jób 36:19	G0318	αναγκη	N-DSF	ABP-potolt
Jób 36:19	G1510	οντων	V-PAPGP	LXX_WH
Jób 36:19	G0102	αδυνατων	A-GPM	LXX_WH
Jób 36:19	G2532	και	CONJ	LXX_WH
Jób 36:19	G3956	παντας	A-APM	LXX_WH
Jób 36:19	G3588	τους	T-APM	LXX_WH
Jób 36:19	G2901	κραταιουντας	V-PAPAP	LXX_WH
Jób 36:19	G2479	ισχυν	N-ASF	LXX_WH
Jób 36:20	G3165	μη	ADV	LXX_WH
Jób 36:20	G1828	εξελκυσης	V-AAS-2S	LXX_WH
Jób 36:20	G3588	την	T-ASF	LXX_WH
Jób 36:20	G3571	νυκτα	N-ASF	LXX_WH
Jób 36:20	G5120	του	T-GSN	LXX_WH
Jób 36:20	G0305	αναβηναι	V-AAN	LXX_WH
Jób 36:20	G2992	λαους	N-APM	LXX_WH
Jób 36:20	G0473	αντ	PREP	LXX_WH
Jób 36:20	G0846	αυτων	D-GPM	LXX_WH
Jób 36:21	G0235	αλλα	CONJ	LXX_WH
Jób 36:21	G5442	φυλαξαι	V-AMD-2S	LXX_WH
Jób 36:21	G3165	μη	ADV	LXX_WH
Jób 36:21	G4238	πραξης	V-AAS-2S	LXX_WH
Jób 36:21	G0824	ατοπα	A-APN	LXX_WH
Jób 36:21	G1909	επι	PREP	LXX_WH
Jób 36:21	G3778	τουτον	D-ASM	LXX_WH
Jób 36:21	G1063	γαρ	PRT	LXX_WH
Jób 36:21	G1807	εξειλω	V-PAI-1S	ABP-potolt
Jób 36:21	G0575	απο	PREP	LXX_WH
Jób 36:21	G4432	πτωχειας	N-GSF	LXX_WH
Jób 36:22	G2400	ιδου	INJ	LXX_WH
Jób 36:22	G3588	ο	T-NSM	LXX_WH
Jób 36:22	G2478	ισχυρος	A-NSM	LXX_WH
Jób 36:22	G2901	κραταιωσει	V-FAI-3S	LXX_WH
Jób 36:22	G1722	εν	PREP	LXX_WH
Jób 36:22	G2479	ισχυι	N-DSF	LXX_WH
Jób 36:22	G0846	αυτου	D-GSM	LXX_WH
Jób 36:22	G5100	τις	I-NSM	LXX_WH
Jób 36:22	G1063	γαρ	PRT	LXX_WH
Jób 36:22	G1510	εστιν	V-PAI-3S	LXX_WH
Jób 36:22	G2596	κατ	PREP	LXX_WH
Jób 36:22	G0846	αυτον	D-ASM	LXX_WH
Jób 36:22	G1413	δυναστης	N-NSM	LXX_WH
Jób 36:23	G5100	τις	I-NSM	LXX_WH
Jób 36:23	G1161	δε	PRT	LXX_WH
Jób 36:23	G1510	εστιν	V-PAI-3S	LXX_WH
Jób 36:23	G3588	ο	T-NSM	LXX_WH
Jób 36:23		εταζων	V-PAPNS	ELTERO_SZOVEGALAP
Jób 36:23	G0846	αυτου	D-GSM	LXX_WH
Jób 36:23	G3588	τα	T-APN	LXX_WH
Jób 36:23	G2041	εργα	N-APN	LXX_WH
Jób 36:23	G2228	η	CONJ	LXX_WH
Jób 36:23	G5100	τις	I-NSM	LXX_WH
Jób 36:23	G3588	ο	T-NSM	LXX_WH
Jób 36:23	G2036	ειπας	V-AAPNS	ABP-potolt
Jób 36:23	G4238	επραξεν	V-AAI-3S	LXX_WH
Jób 36:23	G0094	αδικα	A-APN	LXX_WH
Jób 36:24	G3403	μνησθητι	V-APD-2S	LXX_WH
Jób 36:24	G3754	οτι	CONJ	LXX_WH
Jób 36:24	G3173	μεγαλα	A-NPN	LXX_WH
Jób 36:24	G1510	εστιν	V-PAI-3S	LXX_WH
Jób 36:24	G0846	αυτου	D-GSM	LXX_WH
Jób 36:24	G3588	τα	T-NPN	LXX_WH
Jób 36:24	G2041	εργα	N-NPN	LXX_WH
Jób 36:24	G3739	ων	R-GPM	LXX_WH
Jób 36:24	G0757	ηρξαν	V-AAI-3P	LXX_WH
Jób 36:24	G0435	ανδρες	N-NPM	LXX_WH
Jób 36:25	G3956	πας	A-NSM	LXX_WH
Jób 36:25	G0444	ανθρωπος	N-NSM	LXX_WH
Jób 36:25	G3708	ειδεν	V-AAI-3S	LXX_WH
Jób 36:25	G1722	εν	PREP	LXX_WH
Jób 36:25	G1438	εαυτω	D-DSM	LXX_WH
Jób 36:25	G3745	οσοι	A-NPM	LXX_WH
Jób 36:25	G5103	τιτρωσκομενοι	V-PPPNP	ABP-potolt
Jób 36:25	G1510	εισιν	V-PAI-3P	LXX_WH
Jób 36:25	G1027	βροτοι	N-NPM	ABP-potolt
Jób 36:26	G2400	ιδου	INJ	LXX_WH
Jób 36:26	G3588	ο	T-NSM	LXX_WH
Jób 36:26	G2478	ισχυρος	A-NSM	LXX_WH
Jób 36:26	G4183	πολυς	A-NSM	LXX_WH
Jób 36:26	G2532	και	CONJ	LXX_WH
Jób 36:26	G3364	ου	ADV	LXX_WH
Jób 36:26	G1097	γνωσομεθα	V-FMI-1P	LXX_WH
Jób 36:26	G0706	αριθμος	N-NSM	LXX_WH
Jób 36:26	G2094	ετων	N-GPN	LXX_WH
Jób 36:26	G0846	αυτου	D-GSM	LXX_WH
Jób 36:26	G2532	και	CONJ	LXX_WH
Jób 36:26	G0562	απεραντος	A-NSM	LXX_WH
Jób 36:27	G0705	αριθμηται	V-PMS-3S	LXX_WH
Jób 36:27	G1161	δε	PRT	LXX_WH
Jób 36:27	G0846	αυτω	D-DSM	LXX_WH
Jób 36:27		σταγονες	N-NPF	ELTERO_SZOVEGALAP
Jób 36:27	G5205	υετου	N-GSM	LXX_WH
Jób 36:27	G2532	και	CONJ	LXX_WH
Jób 36:27	G2022	επιχυθησονται	V-FPI-3P	LXX_WH
Jób 36:27	G5205	υετω	N-DSM	LXX_WH
Jób 36:27	G1519	εις	PREP	LXX_WH
Jób 36:27	G3507	νεφελην	N-ASF	LXX_WH
Jób 36:28		ρυησονται	V-FMI-3P	ELTERO_SZOVEGALAP
Jób 36:28		παλαιωματα	N-NPN	ELTERO_SZOVEGALAP
Jób 36:28		εσκιασεν	V-AAI-3S	ELTERO_SZOVEGALAP
Jób 36:28	G1161	δε	PRT	LXX_WH
Jób 36:28	G3509	νεφη	N-NPN	LXX_WH
Jób 36:28	G1909	επι	PREP	LXX_WH
Jób 36:28		αμυθητων	A-GPM	ELTERO_SZOVEGALAP
Jób 36:28		βροτων	N-GPM	ELTERO_SZOVEGALAP
Jób 36:29	G2532	και	CONJ	LXX_WH
Jób 36:29	G1437	εαν	CONJ	LXX_WH
Jób 36:29	G4895	συνη	V-PAS-3S	LXX_WH
Jób 36:29		απεκτασεις	N-APF	ELTERO_SZOVEGALAP
Jób 36:29	G3507	νεφελης	N-GSF	LXX_WH
Jób 36:29	G2471	ισοτητα	N-APF	LXX_WH
Jób 36:29	G4633	σκηνης	N-GSF	LXX_WH
Jób 36:29	G0846	αυτου	D-GSM	LXX_WH
Jób 36:30	G2400	ιδου	INJ	LXX_WH
Jób 36:30	G1614	εκτεινει	V-PAI-3S	LXX_WH
Jób 36:30	G1909	επ	PREP	LXX_WH
Jób 36:30	G0846	αυτον	D-ASM	LXX_WH
Jób 36:30		ηδω	N-PRI	ELTERO_SZOVEGALAP
Jób 36:30	G2532	και	CONJ	LXX_WH
Jób 36:30	G4492	ριζωματα	N-APN	ABP-potolt
Jób 36:30	G3588	της	T-GSF	LXX_WH
Jób 36:30	G2281	θαλασσης	N-GSF	LXX_WH
Jób 36:30	G2572	εκαλυψεν	V-AAI-3S	LXX_WH
Jób 36:31	G1722	εν	PREP	LXX_WH
Jób 36:31	G1063	γαρ	PRT	LXX_WH
Jób 36:31	G0846	αυτοις	D-DPM	LXX_WH
Jób 36:31	G2919	κρινει	V-FAI-3S	LXX_WH
Jób 36:31	G2992	λαους	N-APM	LXX_WH
Jób 36:31	G1325	δωσει	V-FAI-3S	LXX_WH
Jób 36:31	G5160	τροφην	N-ASF	LXX_WH
Jób 36:31	G3588	τω	T-DSM	LXX_WH
Jób 36:31	G2480	ισχυοντι	V-PAPDS	LXX_WH
Jób 36:32	G1909	επι	PREP	LXX_WH
Jób 36:32	G5495	χειρων	N-GPF	LXX_WH
Jób 36:32	G2572	εκαλυψεν	V-AAI-3S	LXX_WH
Jób 36:32	G5457	φως	N-ASN	LXX_WH
Jób 36:32	G2532	και	CONJ	LXX_WH
Jób 36:32	G1781	ενετειλατο	V-AMI-3S	LXX_WH
Jób 36:32	G4012	περι	PREP	LXX_WH
Jób 36:32	G0846	αυτης	D-GSF	LXX_WH
Jób 36:32	G1722	εν	PREP	LXX_WH
Jób 36:32	G0528	απαντωντι	V-PAPDS	LXX_WH
Jób 36:33	G0312	αναγγελει	V-FAI-3S	LXX_WH
Jób 36:33	G4012	περι	PREP	LXX_WH
Jób 36:33	G0846	αυτου	D-GSM	LXX_WH
Jób 36:33	G5384	φιλον	A-ASM	LXX_WH
Jób 36:33	G0846	αυτου	D-GSM	LXX_WH
Jób 36:33		κτησις	N-NSF	ELTERO_SZOVEGALAP
Jób 36:33	G2532	και	CONJ	LXX_WH
Jób 36:33	G4012	περι	PREP	LXX_WH
Jób 36:33	G0093	αδικιας	N-GSF	LXX_WH
Jób 37:1	G2532	και	CONJ	LXX_WH
Jób 37:1	G3778	ταυτης	D-GSF	LXX_WH
Jób 37:1	G5015	εταραχθη	V-API-3S	LXX_WH
Jób 37:1	G3588	η	T-NSF	LXX_WH
Jób 37:1	G2588	καρδια	N-NSF	LXX_WH
Jób 37:1	G1473	μου	P-GS	LXX_WH
Jób 37:1	G2532	και	CONJ	LXX_WH
Jób 37:1	G0639	απερρυη	V-API-3S	LXX_WH
Jób 37:1	G1537	εκ	PREP	LXX_WH
Jób 37:1	G3588	του	T-GSM	LXX_WH
Jób 37:1	G5117	τοπου	N-GSM	LXX_WH
Jób 37:1	G0846	αυτης	D-GSF	LXX_WH
Jób 37:2	G0191	ακουε	V-PAD-2S	LXX_WH
Jób 37:2	G0189	ακοην	N-ASF	LXX_WH
Jób 37:2	G1722	εν	PREP	LXX_WH
Jób 37:2	G3709	οργη	N-DSF	LXX_WH
Jób 37:2	G2372	θυμου	N-GSM	LXX_WH
Jób 37:2	G2962	κυριου	N-GSM	LXX_WH
Jób 37:2	G2532	και	CONJ	LXX_WH
Jób 37:2	G3191	μελετη	N-NSF	ABP-potolt
Jób 37:2	G1537	εκ	PREP	LXX_WH
Jób 37:2	G4750	στοματος	N-GSN	LXX_WH
Jób 37:2	G0846	αυτου	D-GSM	LXX_WH
Jób 37:2	G1831	εξελευσεται	V-FMI-3S	LXX_WH
Jób 37:3	G5270	υποκατω	ADV	LXX_WH
Jób 37:3	G3956	παντος	A-GSM	LXX_WH
Jób 37:3	G3588	του	T-GSM	LXX_WH
Jób 37:3	G3772	ουρανου	N-GSM	LXX_WH
Jób 37:3	G0746	αρχη	N-NSF	LXX_WH
Jób 37:3	G0846	αυτου	D-GSM	LXX_WH
Jób 37:3	G2532	και	CONJ	LXX_WH
Jób 37:3	G3588	το	T-ASN	LXX_WH
Jób 37:3	G5457	φως	N-ASN	LXX_WH
Jób 37:3	G0846	αυτου	D-GSM	LXX_WH
Jób 37:3	G1909	επι	PREP	LXX_WH
Jób 37:3	G4420	πτερυγων	N-GPF	LXX_WH
Jób 37:3	G3588	της	T-GSF	LXX_WH
Jób 37:3	G1065	γης	N-GSF	LXX_WH
Jób 37:4	G3694	οπισω	PREP	LXX_WH
Jób 37:4	G0846	αυτου	D-GSM	LXX_WH
Jób 37:4	G0994	βοησεται	V-FMI-3S	LXX_WH
Jób 37:4	G5456	φωνη	N-NSF	LXX_WH
Jób 37:4	G1026	βροντησει	V-FAI-3S	ABP-potolt
Jób 37:4	G1722	εν	PREP	LXX_WH
Jób 37:4	G5456	φωνη	N-DSF	LXX_WH
Jób 37:4	G5196	υβρεως	N-GSF	LXX_WH
Jób 37:4	G0846	αυτου	D-GSM	LXX_WH
Jób 37:4	G2532	και	CONJ	LXX_WH
Jób 37:4	G3364	ουκ	ADV	LXX_WH
Jób 37:4		ανταλλαξει	V-FAI-3S	ELTERO_SZOVEGALAP
Jób 37:4	G0846	αυτους	D-APM	LXX_WH
Jób 37:4	G3754	οτι	CONJ	LXX_WH
Jób 37:4	G0191	ακουσει	V-FAI-3S	LXX_WH
Jób 37:4	G5456	φωνην	N-ASF	LXX_WH
Jób 37:4	G0846	αυτου	D-GSM	LXX_WH
Jób 37:5	G1026	βροντησει	V-FAI-3S	ABP-potolt
Jób 37:5	G3588	ο	T-NSM	LXX_WH
Jób 37:5	G2478	ισχυρος	A-NSM	LXX_WH
Jób 37:5	G1722	εν	PREP	LXX_WH
Jób 37:5	G5456	φωνη	N-DSF	LXX_WH
Jób 37:5	G0846	αυτου	D-GSM	LXX_WH
Jób 37:5	G2297	θαυμασια	A-APN	LXX_WH
Jób 37:5	G4160	εποιησεν	V-AAI-3S	LXX_WH
Jób 37:5	G1063	γαρ	PRT	LXX_WH
Jób 37:5	G3173	μεγαλα	A-APN	LXX_WH
Jób 37:5	G3739	α	R-APN	LXX_WH
Jób 37:5	G3364	ουκ	ADV	LXX_WH
Jób 37:5		ηδειμεν	V-YAI-1P	ELTERO_SZOVEGALAP
Jób 37:6	G4929	συντασσων	V-PAPNS	LXX_WH
Jób 37:6	G5510	χιονι	N-DSF	LXX_WH
Jób 37:6	G1096	γινου	V-PMD-2S	LXX_WH
Jób 37:6	G1909	επι	PREP	LXX_WH
Jób 37:6	G3588	της	T-GSF	LXX_WH
Jób 37:6	G1065	γης	N-GSF	LXX_WH
Jób 37:6	G2532	και	CONJ	LXX_WH
Jób 37:6	G5494	χειμων	N-NSM	LXX_WH
Jób 37:6	G5205	υετος	N-NSM	LXX_WH
Jób 37:6	G2532	και	CONJ	LXX_WH
Jób 37:6	G5494	χειμων	N-NSM	LXX_WH
Jób 37:6	G5205	υετων	N-GPM	LXX_WH
Jób 37:6		δυναστειας	N-GSF	ELTERO_SZOVEGALAP
Jób 37:6	G0846	αυτου	D-GSM	LXX_WH
Jób 37:7	G1722	εν	PREP	LXX_WH
Jób 37:7	G5495	χειρι	N-DSF	LXX_WH
Jób 37:7	G3956	παντος	A-GSM	LXX_WH
Jób 37:7	G0444	ανθρωπου	N-GSM	LXX_WH
Jób 37:7	G2696	κατασφραγιζει	V-PAI-3S	LXX_WH
Jób 37:7	G2443	ινα	CONJ	LXX_WH
Jób 37:7	G1097	γνω	V-AAS-3S	LXX_WH
Jób 37:7	G3956	πας	A-NSM	LXX_WH
Jób 37:7	G0444	ανθρωπος	N-NSM	LXX_WH
Jób 37:7	G3588	την	T-ASF	LXX_WH
Jób 37:7	G1438	εαυτου	D-GSM	LXX_WH
Jób 37:7	G0769	ασθενειαν	N-ASF	LXX_WH
Jób 37:8	G1525	εισηλθεν	V-AAI-3S	LXX_WH
Jób 37:8	G1161	δε	PRT	LXX_WH
Jób 37:8	G2342	θηρια	N-NPN	LXX_WH
Jób 37:8	G5259	υπο	PREP	LXX_WH
Jób 37:8		σκεπην	N-ASF	ELTERO_SZOVEGALAP
Jób 37:8	G2270	ησυχασαν	V-AAI-3P	LXX_WH
Jób 37:8	G1161	δε	PRT	LXX_WH
Jób 37:8	G1909	επι	PREP	LXX_WH
Jób 37:8	G2845	κοιτης	N-GSF	LXX_WH
Jób 37:9	G1537	εκ	PREP	LXX_WH
Jób 37:9		ταμιειων	N-GPN	ELTERO_SZOVEGALAP
Jób 37:9		επερχονται	V-PMI-3P	ELTERO_SZOVEGALAP
Jób 37:9		διναι	N-NPF	ELTERO_SZOVEGALAP
Jób 37:9	G0575	απο	PREP	LXX_WH
Jób 37:9	G1161	δε	PRT	LXX_WH
Jób 37:9		ακρωτηριων	N-GPN	ELTERO_SZOVEGALAP
Jób 37:9	G5592	ψυχος	N-NSN	LXX_WH
Jób 37:10	G2532	και	CONJ	LXX_WH
Jób 37:10	G0575	απο	PREP	LXX_WH
Jób 37:10	G4157	πνοης	N-GSF	LXX_WH
Jób 37:10	G2478	ισχυρου	A-GSM	LXX_WH
Jób 37:10	G1325	δωσει	V-FAI-3S	LXX_WH
Jób 37:10		παγος	N-NSM	ELTERO_SZOVEGALAP
Jób 37:10		οιακιζει	V-PAI-3S	ELTERO_SZOVEGALAP
Jób 37:10	G1161	δε	PRT	LXX_WH
Jób 37:10	G3588	το	T-ASN	LXX_WH
Jób 37:10	G5204	υδωρ	N-ASN	LXX_WH
Jób 37:10	G3739	ως	CONJ	LXX_WH
Jób 37:10	G1437	εαν	CONJ	LXX_WH
Jób 37:10	G1014	βουληται	V-PMS-3S	LXX_WH
Jób 37:11	G2532	και	CONJ	LXX_WH
Jób 37:11	G1588	εκλεκτον	A-ASM	LXX_WH
Jób 37:11	G2667	καταπλασσει	V-PAI-3S	ABP-potolt
Jób 37:11	G3507	νεφελη	N-NSF	LXX_WH
Jób 37:11	G1287	διασκορπιει	V-FAI-3S	LXX_WH
Jób 37:11	G3509	νεφος	N-ASN	LXX_WH
Jób 37:11	G5457	φως	N-NSN	LXX_WH
Jób 37:11	G0846	αυτου	D-GSM	LXX_WH
Jób 37:12	G2532	και	CONJ	LXX_WH
Jób 37:12	G0846	αυτος	D-NSM	LXX_WH
Jób 37:12		κυκλωματα	N-APN	ELTERO_SZOVEGALAP
Jób 37:12	G1294	διαστρεψει	V-FAI-3S	LXX_WH
Jób 37:12	G1722	εν	PREP	LXX_WH
Jób 37:12	G2302	θεεβουλαθω	N-PRI	ABP-potolt
Jób 37:12	G1519	εις	PREP	LXX_WH
Jób 37:12	G2041	εργα	N-APN	LXX_WH
Jób 37:12	G0846	αυτων	D-GPM	LXX_WH
Jób 37:12	G3956	παντα	A-APN	LXX_WH
Jób 37:12	G3745	οσα	A-APN	LXX_WH
Jób 37:12	G0302	αν	PRT	LXX_WH
Jób 37:12	G1781	εντειληται	V-AMS-3S	LXX_WH
Jób 37:12	G0846	αυτοις	D-DPM	LXX_WH
Jób 37:12	G3778	ταυτα	D-NPN	LXX_WH
Jób 37:12	G4929	συντετακται	V-RPI-3S	LXX_WH
Jób 37:12	G3844	παρ	PREP	LXX_WH
Jób 37:12	G0846	αυτου	D-GSM	LXX_WH
Jób 37:12	G1909	επι	PREP	LXX_WH
Jób 37:12	G3588	της	T-GSF	LXX_WH
Jób 37:12	G1065	γης	N-GSF	LXX_WH
Jób 37:13	G1437	εαν	CONJ	LXX_WH
Jób 37:13	G1519	εις	PREP	LXX_WH
Jób 37:13	G3809	παιδειαν	N-ASF	LXX_WH
Jób 37:13	G1437	εαν	CONJ	LXX_WH
Jób 37:13	G1519	εις	PREP	LXX_WH
Jób 37:13	G3588	την	T-ASF	LXX_WH
Jób 37:13	G1065	γην	N-ASF	LXX_WH
Jób 37:13	G0846	αυτου	D-GSM	LXX_WH
Jób 37:13	G1437	εαν	CONJ	LXX_WH
Jób 37:13	G1519	εις	PREP	LXX_WH
Jób 37:13	G1656	ελεος	N-ASN	LXX_WH
Jób 37:13	G2147	ευρησει	V-FAI-3S	LXX_WH
Jób 37:13	G0846	αυτον	D-ASM	LXX_WH
Jób 37:14	G1801	ενωτιζου	V-PMD-2S	LXX_WH
Jób 37:14	G3778	ταυτα	D-APN	LXX_WH
Jób 37:14	G2492	ιωβ	N-PRI	LXX_WH
Jób 37:14	G2476	στηθι	V-AAD-2S	LXX_WH
Jób 37:14	G3560	νουθετου	V-PPD-2S	LXX_WH
Jób 37:14	G1411	δυναμιν	N-ASF	LXX_WH
Jób 37:14	G2962	κυριου	N-GSM	LXX_WH
Jób 37:15	G1492	οιδαμεν	V-RAI-1P	ABP-potolt
Jób 37:15	G3754	οτι	CONJ	LXX_WH
Jób 37:15	G3588	ο	T-NSM	LXX_WH
Jób 37:15	G2316	θεος	N-NSM	LXX_WH
Jób 37:15	G5087	εθετο	V-AMI-3S	LXX_WH
Jób 37:15	G2041	εργα	N-APN	LXX_WH
Jób 37:15	G0846	αυτου	D-GSM	LXX_WH
Jób 37:15	G5457	φως	N-ASN	LXX_WH
Jób 37:15	G4160	ποιησας	V-AAPNS	LXX_WH
Jób 37:15	G1537	εκ	PREP	LXX_WH
Jób 37:15	G4655	σκοτους	N-GSN	LXX_WH
Jób 37:16	G1987	επισταται	V-PMI-3S	LXX_WH
Jób 37:16	G1161	δε	PRT	LXX_WH
Jób 37:16	G1253	διακρισιν	N-ASF	LXX_WH
Jób 37:16	G3509	νεφων	N-GPN	LXX_WH
Jób 37:16		εξαισια	A-APN	ELTERO_SZOVEGALAP
Jób 37:16	G1161	δε	PRT	LXX_WH
Jób 37:16	G4430	πτωματα	N-APN	LXX_WH
Jób 37:16	G4190	πονηρων	A-GPM	LXX_WH
Jób 37:17	G4771	σου	P-GS	LXX_WH
Jób 37:17	G1161	δε	PRT	LXX_WH
Jób 37:17	G3588	η	T-NSF	LXX_WH
Jób 37:17	G4749	στολη	N-NSF	LXX_WH
Jób 37:17	G2329	θερμη	A-NSF	ABP-potolt
Jób 37:17	G2270	ησυχαζεται	V-PMI-3S	LXX_WH
Jób 37:17	G1161	δε	PRT	LXX_WH
Jób 37:17	G1909	επι	PREP	LXX_WH
Jób 37:17	G3588	της	T-GSF	LXX_WH
Jób 37:17	G1065	γης	N-GSF	LXX_WH
Jób 37:18	G4732	στερεωσεις	V-FAI-2S	LXX_WH
Jób 37:18	G3326	μετ	PREP	LXX_WH
Jób 37:18	G0846	αυτου	D-GSM	LXX_WH
Jób 37:18	G1519	εις	PREP	LXX_WH
Jób 37:18	G3822	παλαιωματα	N-APN	ABP-potolt
Jób 37:18	G2478	ισχυραι	A-NPF	LXX_WH
Jób 37:18	G3739	ως	CONJ	LXX_WH
Jób 37:18	G3706	ορασις	N-NSF	LXX_WH
Jób 37:18	G2025	επιχυσεως	N-GSF	ABP-potolt
Jób 37:19	G1223	δια	PREP	LXX_WH
Jób 37:19	G5100	τι	I-ASN	LXX_WH
Jób 37:19	G1321	διδαξον	V-AAD-2S	LXX_WH
Jób 37:19	G1473	με	P-AS	LXX_WH
Jób 37:19	G5100	τι	I-ASN	LXX_WH
Jób 37:19		ερουμεν	V-FAI-1P	ELTERO_SZOVEGALAP
Jób 37:19	G0846	αυτω	D-DSM	LXX_WH
Jób 37:19	G2532	και	CONJ	LXX_WH
Jób 37:19	G3973	παυσωμεθα	V-AMS-1P	LXX_WH
Jób 37:19	G4183	πολλα	A-APN	LXX_WH
Jób 37:19	G3004	λεγοντες	V-PAPNP	LXX_WH
Jób 37:20	G3165	μη	ADV	LXX_WH
Jób 37:20	G0976	βιβλος	N-NSF	LXX_WH
Jób 37:20	G2228	η	CONJ	LXX_WH
Jób 37:20	G1122	γραμματευς	N-NSM	LXX_WH
Jób 37:20	G1473	μοι	P-DS	LXX_WH
Jób 37:20	G3936	παρεστηκεν	V-RAI-3S	LXX_WH
Jób 37:20	G2443	ινα	CONJ	LXX_WH
Jób 37:20	G0444	ανθρωπον	N-ASM	LXX_WH
Jób 37:20	G2476	εστηκως	V-RAPNS	LXX_WH
Jób 37:20	G2678	κατασιωπησω	V-AAS-1S	ABP-potolt
Jób 37:21	G3956	πασιν	A-DPM	LXX_WH
Jób 37:21	G1161	δ	PRT	LXX_WH
Jób 37:21	G3364	ουχ	ADV	LXX_WH
Jób 37:21	G3707	ορατον	A-ASN	LXX_WH
Jób 37:21	G3588	το	T-ASN	LXX_WH
Jób 37:21	G5457	φως	N-ASN	LXX_WH
Jób 37:21		τηλαυγες	A-NSN	ELTERO_SZOVEGALAP
Jób 37:21	G1510	εστιν	V-PAI-3S	LXX_WH
Jób 37:21	G1722	εν	PREP	LXX_WH
Jób 37:21	G3588	τοις	T-DPM	LXX_WH
Jób 37:21		παλαιωμασιν	N-DPM	ELTERO_SZOVEGALAP
Jób 37:21	G3746	ωσπερ	ADV	LXX_WH
Jób 37:21	G3588	το	T-ASN	LXX_WH
Jób 37:21	G3844	παρ	PREP	LXX_WH
Jób 37:21	G0846	αυτου	D-GSM	LXX_WH
Jób 37:21	G1909	επι	PREP	LXX_WH
Jób 37:21	G3509	νεφων	N-GPN	LXX_WH
Jób 37:22	G0575	απο	PREP	LXX_WH
Jób 37:22	G1005	βορρα	N-GSM	ABP-potolt
Jób 37:22	G3509	νεφη	N-NPN	LXX_WH
Jób 37:22	G5551	χρυσαυγουντα	V-PAPNP	ABP-potolt
Jób 37:22	G1909	επι	PREP	LXX_WH
Jób 37:22	G3778	τουτοις	D-DPM	LXX_WH
Jób 37:22	G3173	μεγαλη	A-NSF	LXX_WH
Jób 37:22	G3588	η	T-NSF	LXX_WH
Jób 37:22	G1391	δοξα	N-NSF	LXX_WH
Jób 37:22	G2532	και	CONJ	LXX_WH
Jób 37:22	G5092	τιμη	N-NSF	LXX_WH
Jób 37:22	G3841	παντοκρατορος	N-GSM	LXX_WH
Jób 37:23	G2532	και	CONJ	LXX_WH
Jób 37:23	G3364	ουχ	ADV	LXX_WH
Jób 37:23	G2147	ευρισκομεν	V-PAI-1P	LXX_WH
Jób 37:23	G0243	αλλον	D-ASM	LXX_WH
Jób 37:23	G3664	ομοιον	A-ASM	LXX_WH
Jób 37:23	G3588	τη	T-DSF	LXX_WH
Jób 37:23	G2479	ισχυι	N-DSF	LXX_WH
Jób 37:23	G0846	αυτου	D-GSM	LXX_WH
Jób 37:23	G3588	ο	T-NSM	LXX_WH
Jób 37:23	G3588	τα	T-APN	LXX_WH
Jób 37:23	G1342	δικαια	A-APN	LXX_WH
Jób 37:23	G2919	κρινων	V-PAPNS	LXX_WH
Jób 37:23	G3364	ουκ	ADV	LXX_WH
Jób 37:23	G3633	οιει	V-PAI-3S	LXX_WH
Jób 37:23		επακουειν	V-PAN	ELTERO_SZOVEGALAP
Jób 37:23	G0846	αυτον	D-ASM	LXX_WH
Jób 37:24	G1352	διο	CONJ	ABP-potolt
Jób 37:24	G5399	φοβηθησονται	V-FPI-3P	LXX_WH
Jób 37:24	G0846	αυτον	D-ASM	LXX_WH
Jób 37:24	G3588	οι	T-NPM	LXX_WH
Jób 37:24	G0444	ανθρωποι	N-NPM	LXX_WH
Jób 37:24	G5399	φοβηθησονται	V-FPI-3P	LXX_WH
Jób 37:24	G1161	δε	PRT	LXX_WH
Jób 37:24	G0846	αυτον	D-ASM	LXX_WH
Jób 37:24	G2532	και	CONJ	LXX_WH
Jób 37:24	G3588	οι	T-NPM	LXX_WH
Jób 37:24	G4680	σοφοι	A-NPM	LXX_WH
Jób 37:24	G2588	καρδια	N-DSF	LXX_WH
Jób 38:1	G3326	μετα	PREP	LXX_WH
Jób 38:1	G1161	δε	PRT	LXX_WH
Jób 38:1	G3588	το	T-ASN	LXX_WH
Jób 38:1	G3973	παυσασθαι	V-AMN	LXX_WH
Jób 38:1		ελιουν	N-PRI	ELTERO_SZOVEGALAP
Jób 38:1	G3588	της	T-GSF	LXX_WH
Jób 38:1		λεξεως	N-GSF	
Jób 38:1		ειπεν	V-AAI-3S	
Jób 38:1	G3588	ο	T-NSM	LXX_WH
Jób 38:1	G2962	κυριος	N-NSM	LXX_WH
Jób 38:1	G3588	τω	T-DSM	LXX_WH
Jób 38:1	G2492	ιωβ	N-PRI	LXX_WH
Jób 38:1	G1223	δια	PREP	LXX_WH
Jób 38:1	G2978	λαιλαπος	N-GSF	LXX_WH
Jób 38:1	G2532	και	CONJ	LXX_WH
Jób 38:1	G3509	νεφων	N-GPN	LXX_WH
Jób 38:2	G5100	τις	I-NSM	LXX_WH
Jób 38:2	G3778	ουτος	D-NSM	LXX_WH
Jób 38:2	G3588	ο	T-NSM	LXX_WH
Jób 38:2	G2928	κρυπτων	V-PAPNS	LXX_WH
Jób 38:2	G1473	με	P-AS	LXX_WH
Jób 38:2	G1012	βουλην	N-ASF	LXX_WH
Jób 38:2	G4912	συνεχων	V-PAPNS	LXX_WH
Jób 38:2	G1161	δε	PRT	LXX_WH
Jób 38:2	G4487	ρηματα	N-APN	LXX_WH
Jób 38:2	G1722	εν	PREP	LXX_WH
Jób 38:2	G2588	καρδια	N-DSF	LXX_WH
Jób 38:2	G1473	εμε	P-AS	LXX_WH
Jób 38:2	G1161	δε	PRT	LXX_WH
Jób 38:2	G3633	οιεται	V-PMI-3S	LXX_WH
Jób 38:2	G2928	κρυπτειν	V-PAN	LXX_WH
Jób 38:3	G2224	ζωσαι	V-AMD-2S	LXX_WH
Jób 38:3	G3746	ωσπερ	ADV	LXX_WH
Jób 38:3	G0435	ανηρ	N-NSM	LXX_WH
Jób 38:3	G3588	την	T-ASF	LXX_WH
Jób 38:3	G3751	οσφυν	N-ASF	LXX_WH
Jób 38:3	G4771	σου	P-GS	LXX_WH
Jób 38:3	G2065	ερωτησω	V-AAS-1S	LXX_WH
Jób 38:3	G1161	δε	PRT	LXX_WH
Jób 38:3	G4771	σε	P-AS	LXX_WH
Jób 38:3	G4771	συ	P-NS	LXX_WH
Jób 38:3	G1161	δε	PRT	LXX_WH
Jób 38:3	G1473	μοι	P-DS	LXX_WH
Jób 38:3	G1473	αποκριθητι	V-APD-2S	ABP-potolt
Jób 38:4	G4225	που	ADV	LXX_WH
Jób 38:4	G1510	ης	V-IAS-2S	LXX_WH
Jób 38:4	G1722	εν	PREP	LXX_WH
Jób 38:4	G3588	τω	T-DSN	LXX_WH
Jób 38:4	G2311	θεμελιουν	V-PAN	LXX_WH
Jób 38:4	G1473	με	P-AS	LXX_WH
Jób 38:4	G3588	την	T-ASF	LXX_WH
Jób 38:4	G1065	γην	N-ASF	LXX_WH
Jób 38:4		απαγγειλον	V-AAD-2S	ELTERO_SZOVEGALAP
Jób 38:4	G1161	δε	PRT	LXX_WH
Jób 38:4	G1473	μοι	P-DS	LXX_WH
Jób 38:4	G1487	ει	CONJ	LXX_WH
Jób 38:4	G1987	επιστη	V-PMS-2S	LXX_WH
Jób 38:4	G4907	συνεσιν	N-ASF	LXX_WH
Jób 38:5	G5100	τις	I-NSM	LXX_WH
Jób 38:5	G5087	εθετο	V-AMI-3S	LXX_WH
Jób 38:5	G3588	τα	T-APN	LXX_WH
Jób 38:5	G3358	μετρα	N-APN	LXX_WH
Jób 38:5	G0846	αυτης	D-GSF	LXX_WH
Jób 38:5	G1487	ει	CONJ	LXX_WH
Jób 38:5	G1492	οιδας	V-RAI-2S	ABP-potolt
Jób 38:5	G2228	η	CONJ	LXX_WH
Jób 38:5	G5100	τις	I-NSM	LXX_WH
Jób 38:5	G3588	ο	T-NSM	LXX_WH
Jób 38:5		επαγαγων	V-AAPNS	ELTERO_SZOVEGALAP
Jób 38:5		σπαρτιον	N-ASN	ELTERO_SZOVEGALAP
Jób 38:5	G1909	επ	PREP	LXX_WH
Jób 38:5	G0846	αυτης	D-GSF	LXX_WH
Jób 38:6	G1909	επι	PREP	LXX_WH
Jób 38:6	G5100	τινος	I-GSN	LXX_WH
Jób 38:6	G3588	οι	T-NPM	LXX_WH
Jób 38:6		κρικοι	N-NPM	ELTERO_SZOVEGALAP
Jób 38:6	G0846	αυτης	D-GSF	LXX_WH
Jób 38:6	G4078	πεπηγασιν	V-RAI-3P	LXX_WH
Jób 38:6	G5100	τις	I-NSM	LXX_WH
Jób 38:6	G1161	δε	PRT	LXX_WH
Jób 38:6	G1510	εστιν	V-PAI-3S	LXX_WH
Jób 38:6	G3588	ο	T-NSM	LXX_WH
Jób 38:6	G0906	βαλων	V-AAPNS	LXX_WH
Jób 38:6	G3037	λιθον	N-ASM	LXX_WH
Jób 38:6	G1137	γωνιαιον	A-ASM	ABP-potolt
Jób 38:6	G1909	επ	PREP	LXX_WH
Jób 38:6	G0846	αυτης	D-GSF	LXX_WH
Jób 38:7	G3753	οτε	ADV	LXX_WH
Jób 38:7	G1096	εγενηθησαν	V-API-3P	LXX_WH
Jób 38:7	G0798	αστρα	N-NPN	LXX_WH
Jób 38:7	G0134	ηνεσαν	V-AAI-3P	LXX_WH
Jób 38:7	G1473	με	P-AS	LXX_WH
Jób 38:7	G5456	φωνη	N-DSF	LXX_WH
Jób 38:7	G3173	μεγαλη	A-DSF	LXX_WH
Jób 38:7	G3956	παντες	A-NPM	LXX_WH
Jób 38:7	G0032	αγγελοι	N-NPM	LXX_WH
Jób 38:7	G1473	μου	P-GS	LXX_WH
Jób 38:8	G5420	εφραξα	V-AAI-1S	LXX_WH
Jób 38:8	G1161	δε	PRT	LXX_WH
Jób 38:8	G2281	θαλασσαν	N-ASF	LXX_WH
Jób 38:8	G4439	πυλαις	N-DPF	LXX_WH
Jób 38:8	G3753	οτε	ADV	LXX_WH
Jób 38:8	G3103	εμαιμασσεν	V-AAI-3S	ABP-potolt
Jób 38:8	G1537	εκ	PREP	LXX_WH
Jób 38:8	G2836	κοιλιας	N-GSF	LXX_WH
Jób 38:8	G3384	μητρος	N-GSF	LXX_WH
Jób 38:8	G0846	αυτης	D-GSF	LXX_WH
Jób 38:8	G1607	εκπορευομενη	V-PMPNS	LXX_WH
Jób 38:9	G5087	εθεμην	V-AMI-1S	LXX_WH
Jób 38:9	G1161	δε	PRT	LXX_WH
Jób 38:9	G0846	αυτη	D-DSF	LXX_WH
Jób 38:9	G3509	νεφος	N-ASN	LXX_WH
Jób 38:9		αμφιασιν	N-ASM	ELTERO_SZOVEGALAP
Jób 38:9		ομιχλη	N-DSF	ELTERO_SZOVEGALAP
Jób 38:9	G1161	δε	PRT	LXX_WH
Jób 38:9	G0846	αυτην	D-ASF	LXX_WH
Jób 38:9	G4683	εσπαργανωσα	V-AAI-1S	LXX_WH
Jób 38:10	G5087	εθεμην	V-AMI-1S	LXX_WH
Jób 38:10	G1161	δε	PRT	LXX_WH
Jób 38:10	G0846	αυτη	D-DSF	LXX_WH
Jób 38:10	G3725	ορια	N-APN	LXX_WH
Jób 38:10	G4060	περιθεις	V-AAPNS	LXX_WH
Jób 38:10	G2806	κλειθρα	N-APN	ABP-potolt
Jób 38:10	G2532	και	CONJ	LXX_WH
Jób 38:10	G4439	πυλας	N-APF	LXX_WH
Jób 38:11		ειπα	V-AAI-1S	ELTERO_SZOVEGALAP
Jób 38:11	G1161	δε	PRT	LXX_WH
Jób 38:11	G0846	αυτη	D-DSF	LXX_WH
Jób 38:11	G3360	μεχρι	PREP	LXX_WH
Jób 38:11	G3778	τουτου	D-GSM	LXX_WH
Jób 38:11	G2064	ελευση	V-FMI-2S	LXX_WH
Jób 38:11	G2532	και	CONJ	LXX_WH
Jób 38:11	G3364	ουχ	ADV	LXX_WH
Jób 38:11	G5233	υπερβηση	V-FMI-2S	LXX_WH
Jób 38:11	G0235	αλλ	CONJ	LXX_WH
Jób 38:11	G1722	εν	PREP	LXX_WH
Jób 38:11	G4572	σεαυτη	D-DSF	LXX_WH
Jób 38:11	G4937	συντριβησεται	V-FPI-3S	LXX_WH
Jób 38:11	G4771	σου	P-GS	LXX_WH
Jób 38:11	G3588	τα	T-NPN	LXX_WH
Jób 38:11	G2949	κυματα	N-NPN	LXX_WH
Jób 38:12	G2228	η	ADV	LXX_WH
Jób 38:12	G1909	επι	PREP	LXX_WH
Jób 38:12	G4771	σου	P-GS	LXX_WH
Jób 38:12	G4929	συντεταχα	V-RAI-1S	LXX_WH
Jób 38:12	G5338	φεγγος	N-ASN	LXX_WH
Jób 38:12	G4407	πρωινον	A-ASN	LXX_WH
Jób 38:12		εωσφορος	N-NSM	ELTERO_SZOVEGALAP
Jób 38:12	G1161	δε	PRT	LXX_WH
Jób 38:12	G3708	ειδεν	V-AAI-3S	LXX_WH
Jób 38:12	G3588	την	T-ASF	LXX_WH
Jób 38:12	G1438	εαυτου	D-GSM	LXX_WH
Jób 38:12	G5010	ταξιν	N-ASF	LXX_WH
Jób 38:13	G1949	επιλαβεσθαι	V-AMN	ABP-potolt
Jób 38:13	G4420	πτερυγων	N-GPF	LXX_WH
Jób 38:13	G1065	γης	N-GSF	LXX_WH
Jób 38:13	G1621	εκτιναξαι	V-AAN	LXX_WH
Jób 38:13	G0765	ασεβεις	A-APM	LXX_WH
Jób 38:13	G1537	εξ	PREP	LXX_WH
Jób 38:13	G0846	αυτης	D-GSF	LXX_WH
Jób 38:14	G2228	η	ADV	LXX_WH
Jób 38:14	G4771	συ	P-NS	LXX_WH
Jób 38:14	G2983	λαβων	V-AAPNS	LXX_WH
Jób 38:14	G1065	γην	N-ASF	LXX_WH
Jób 38:14	G4081	πηλον	N-ASM	LXX_WH
Jób 38:14	G4111	επλασας	V-AAI-2S	LXX_WH
Jób 38:14	G2226	ζωον	N-ASN	LXX_WH
Jób 38:14	G2532	και	CONJ	LXX_WH
Jób 38:14		λαλητον	N-ASM	ELTERO_SZOVEGALAP
Jób 38:14	G0846	αυτον	D-ASM	LXX_WH
Jób 38:14	G5087	εθου	V-AMI-2S	LXX_WH
Jób 38:14	G1909	επι	PREP	LXX_WH
Jób 38:14	G1065	γης	N-GSF	LXX_WH
Jób 38:15		αφειλας	V-AAI-2S	ELTERO_SZOVEGALAP
Jób 38:15	G1161	δε	PRT	LXX_WH
Jób 38:15	G0575	απο	PREP	LXX_WH
Jób 38:15	G0765	ασεβων	A-GPM	LXX_WH
Jób 38:15	G3588	το	T-ASN	LXX_WH
Jób 38:15	G5457	φως	N-ASN	LXX_WH
Jób 38:15	G1023	βραχιονα	N-ASM	LXX_WH
Jób 38:15	G1161	δε	PRT	LXX_WH
Jób 38:15	G5244	υπερηφανων	A-GPM	LXX_WH
Jób 38:15	G4937	συνετριψας	V-AAI-2S	LXX_WH
Jób 38:16	G2064	ηλθες	V-AAI-2S	LXX_WH
Jób 38:16	G1161	δε	PRT	LXX_WH
Jób 38:16	G1909	επι	PREP	LXX_WH
Jób 38:16	G4077	πηγην	N-ASF	LXX_WH
Jób 38:16	G2281	θαλασσης	N-GSF	LXX_WH
Jób 38:16	G1722	εν	PREP	LXX_WH
Jób 38:16	G1161	δε	PRT	LXX_WH
Jób 38:16	G2487	ιχνεσιν	N-DPN	LXX_WH
Jób 38:16	G0012	αβυσσου	N-GSF	LXX_WH
Jób 38:16	G4043	περιεπατησας	V-AAI-2S	LXX_WH
Jób 38:17	G0455	ανοιγονται	V-PMI-3P	LXX_WH
Jób 38:17	G1161	δε	PRT	LXX_WH
Jób 38:17	G4771	σοι	P-DS	LXX_WH
Jób 38:17	G5401	φοβω	N-DSM	LXX_WH
Jób 38:17	G4439	πυλαι	N-NPF	LXX_WH
Jób 38:17	G2288	θανατου	N-GSM	LXX_WH
Jób 38:17		πυλωροι	N-NPM	ELTERO_SZOVEGALAP
Jób 38:17	G1161	δε	PRT	LXX_WH
Jób 38:17	G0086	αδου	N-GSM	LXX_WH
Jób 38:17	G3708	ιδοντες	V-AAPNP	LXX_WH
Jób 38:17	G4771	σε	P-AS	LXX_WH
Jób 38:17		επτηξαν	V-AAI-3P	ELTERO_SZOVEGALAP
Jób 38:18	G3560	νενουθετησαι	V-RPP-2S	LXX_WH
Jób 38:18	G1161	δε	PRT	LXX_WH
Jób 38:18	G3588	το	T-ASN	LXX_WH
Jób 38:18	G2148	ευρος	N-ASN	ABP-potolt
Jób 38:18	G3588	της	T-GSF	LXX_WH
Jób 38:18	G5259	υπ	PREP	LXX_WH
Jób 38:18	G3772	ουρανον	N-ASM	LXX_WH
Jób 38:18	G0312	αναγγειλον	V-AAD-2S	LXX_WH
Jób 38:18	G1161	δη	PRT	LXX_WH
Jób 38:18	G1473	μοι	P-DS	LXX_WH
Jób 38:18	G4214	ποση	A-NSF	LXX_WH
Jób 38:18	G5100	τις	I-NSM	LXX_WH
Jób 38:18	G1510	εστιν	V-PAI-3S	LXX_WH
Jób 38:19	G4169	ποια	A-DSF	LXX_WH
Jób 38:19	G1161	δε	PRT	LXX_WH
Jób 38:19	G1065	γη	N-DSF	LXX_WH
Jób 38:19		αυλιζεται	V-PMI-3S	ELTERO_SZOVEGALAP
Jób 38:19	G3588	το	T-NSN	LXX_WH
Jób 38:19	G5457	φως	N-NSN	LXX_WH
Jób 38:19	G4655	σκοτους	N-GSN	LXX_WH
Jób 38:19	G1161	δε	PRT	LXX_WH
Jób 38:19	G4169	ποιος	A-NSM	LXX_WH
Jób 38:19	G3588	ο	T-NSM	LXX_WH
Jób 38:19	G5117	τοπος	N-NSM	LXX_WH
Jób 38:20	G1487	ει	CONJ	LXX_WH
Jób 38:20	G0071	αγαγοις	V-AAO-2S	LXX_WH
Jób 38:20	G1473	με	P-AS	LXX_WH
Jób 38:20	G1519	εις	PREP	LXX_WH
Jób 38:20	G3725	ορια	N-APN	LXX_WH
Jób 38:20	G0846	αυτων	D-GPM	LXX_WH
Jób 38:20	G1487	ει	CONJ	LXX_WH
Jób 38:20	G1161	δε	PRT	LXX_WH
Jób 38:20	G2532	και	CONJ	LXX_WH
Jób 38:20	G1987	επιστασαι	V-PMI-2S	LXX_WH
Jób 38:20	G5147	τριβους	N-APF	LXX_WH
Jób 38:20	G0846	αυτων	D-GPM	LXX_WH
Jób 38:21		οιδα	V-RAI-1S	ELTERO_SZOVEGALAP
Jób 38:21	G0685	αρα	PRT	LXX_WH
Jób 38:21	G3754	οτι	CONJ	LXX_WH
Jób 38:21	G5119	τοτε	ADV	LXX_WH
Jób 38:21	G1080	γεγεννησαι	V-RMI-2S	LXX_WH
Jób 38:21	G0706	αριθμος	N-NSM	LXX_WH
Jób 38:21	G1161	δε	PRT	LXX_WH
Jób 38:21	G2094	ετων	N-GPN	LXX_WH
Jób 38:21	G4771	σου	P-GS	LXX_WH
Jób 38:21	G4183	πολυς	A-NSM	LXX_WH
Jób 38:22	G2064	ηλθες	V-AAI-2S	LXX_WH
Jób 38:22	G1161	δε	PRT	LXX_WH
Jób 38:22	G1909	επι	PREP	LXX_WH
Jób 38:22	G2344	θησαυρους	N-APM	LXX_WH
Jób 38:22	G5510	χιονος	N-GSF	LXX_WH
Jób 38:22	G2344	θησαυρους	N-APM	LXX_WH
Jób 38:22	G1161	δε	PRT	LXX_WH
Jób 38:22	G5464	χαλαζης	N-GSF	LXX_WH
Jób 38:22	G3708	εορακας	V-RAI-2S	LXX_WH
Jób 38:23	G0606	αποκειται	V-PMI-3S	LXX_WH
Jób 38:23	G1161	δε	PRT	LXX_WH
Jób 38:23	G4771	σοι	P-DS	LXX_WH
Jób 38:23	G1519	εις	PREP	LXX_WH
Jób 38:23	G5610	ωραν	N-ASF	LXX_WH
Jób 38:23	G2190	εχθρων	N-GPM	LXX_WH
Jób 38:23	G1519	εις	PREP	LXX_WH
Jób 38:23	G2250	ημεραν	N-ASF	LXX_WH
Jób 38:23	G4171	πολεμου	N-GSM	LXX_WH
Jób 38:23	G2532	και	CONJ	LXX_WH
Jób 38:23	G3163	μαχης	N-GSF	LXX_WH
Jób 38:24	G4159	ποθεν	ADV	LXX_WH
Jób 38:24	G1161	δε	PRT	LXX_WH
Jób 38:24	G1607	εκπορευεται	V-PMI-3S	LXX_WH
Jób 38:24	G3974	παχνη	N-NSF	ABP-potolt
Jób 38:24	G2228	η	CONJ	LXX_WH
Jób 38:24	G1286	διασκεδαννυται	V-PPI-3S	ABP-potolt
Jób 38:24	G3558	νοτος	N-NSM	LXX_WH
Jób 38:24	G1519	εις	PREP	LXX_WH
Jób 38:24	G3588	την	T-ASF	LXX_WH
Jób 38:24	G5259	υπ	PREP	LXX_WH
Jób 38:24	G3772	ουρανον	N-ASM	LXX_WH
Jób 38:25	G5100	τις	I-NSM	LXX_WH
Jób 38:25	G1161	δε	PRT	LXX_WH
Jób 38:25	G2090	ητοιμασεν	V-AAI-3S	LXX_WH
Jób 38:25	G5205	υετω	N-DSM	LXX_WH
Jób 38:25		λαβρω	A-DSM	ELTERO_SZOVEGALAP
Jób 38:25		ρυσιν	N-ASF	ELTERO_SZOVEGALAP
Jób 38:25	G3598	οδον	N-ASF	LXX_WH
Jób 38:25	G1161	δε	PRT	LXX_WH
Jób 38:25		κυδοιμων	V-PAPNS	ELTERO_SZOVEGALAP
Jób 38:26	G3588	του	T-GSN	LXX_WH
Jób 38:26	G5204	υετισαι	V-AAN	ABP-potolt
Jób 38:26	G1909	επι	PREP	LXX_WH
Jób 38:26	G1065	γην	N-ASF	LXX_WH
Jób 38:26	G3739	ου	R-GSM	LXX_WH
Jób 38:26	G3364	ουκ	ADV	LXX_WH
Jób 38:26	G0435	ανηρ	N-NSM	LXX_WH
Jób 38:26	G2048	ερημον	N-ASF	LXX_WH
Jób 38:26	G3739	ου	R-GSM	LXX_WH
Jób 38:26	G3364	ουχ	ADV	LXX_WH
Jób 38:26	G5225	υπαρχει	V-PAI-3S	LXX_WH
Jób 38:26	G0444	ανθρωπος	N-NSM	LXX_WH
Jób 38:26	G1722	εν	PREP	LXX_WH
Jób 38:26	G0846	αυτη	D-DSF	LXX_WH
Jób 38:27	G3588	του	T-GSN	LXX_WH
Jób 38:27	G5526	χορτασαι	V-AAN	LXX_WH
Jób 38:27	G0004	αβατον	A-ASM	ABP-potolt
Jób 38:27	G2532	και	CONJ	LXX_WH
Jób 38:27	G0516	αοικητον	A-ASM	ABP-potolt
Jób 38:27	G2532	και	CONJ	LXX_WH
Jób 38:27	G3588	του	T-GSN	LXX_WH
Jób 38:27	G1545	εκβλαστησαι	V-AAN	ABP-potolt
Jób 38:27	G1841	εξοδον	N-ASF	LXX_WH
Jób 38:27	G5514	χλοης	N-GSF	LXX_WH
Jób 38:28	G5100	τις	I-NSM	LXX_WH
Jób 38:28	G1510	εστιν	V-PAI-3S	LXX_WH
Jób 38:28	G5205	υετου	N-GSM	LXX_WH
Jób 38:28	G3962	πατηρ	N-NSM	LXX_WH
Jób 38:28	G5100	τις	I-NSM	LXX_WH
Jób 38:28	G1161	δε	PRT	LXX_WH
Jób 38:28	G1510	εστιν	V-PAI-3S	LXX_WH
Jób 38:28	G3588	ο	T-NSM	LXX_WH
Jób 38:28	G5088	τετοκως	V-RAPNS	LXX_WH
Jób 38:28		βωλους	N-APF	ELTERO_SZOVEGALAP
Jób 38:28		δροσου	N-GSF	ELTERO_SZOVEGALAP
Jób 38:29	G1537	εκ	PREP	LXX_WH
Jób 38:29	G1064	γαστρος	N-GSF	LXX_WH
Jób 38:29	G1161	δε	PRT	LXX_WH
Jób 38:29	G5100	τινος	I-GSN	LXX_WH
Jób 38:29	G1607	εκπορευεται	V-PMI-3S	LXX_WH
Jób 38:29	G3588	ο	T-NSM	LXX_WH
Jób 38:29	G2930	κρυσταλλος	N-NSM	LXX_WH
Jób 38:29	G3974	παχνην	N-ASF	ABP-potolt
Jób 38:29	G1161	δε	PRT	LXX_WH
Jób 38:29	G1722	εν	PREP	LXX_WH
Jób 38:29	G3772	ουρανω	N-DSM	LXX_WH
Jób 38:29	G5100	τις	I-NSM	LXX_WH
Jób 38:29	G5088	τετοκεν	V-RAI-3S	LXX_WH
Jób 38:30	G3739	η	R-NSF	LXX_WH
Jób 38:30	G2597	καταβαινει	V-PAI-3S	LXX_WH
Jób 38:30	G3746	ωσπερ	ADV	LXX_WH
Jób 38:30	G5204	υδωρ	N-NSN	LXX_WH
Jób 38:30	G4482	ρεον	V-PAPNS	ABP-potolt
Jób 38:30	G4383	προσωπον	N-ASN	LXX_WH
Jób 38:30	G1161	δε	PRT	LXX_WH
Jób 38:30	G0012	αβυσσου	N-GSF	LXX_WH
Jób 38:30	G5100	τις	I-NSM	LXX_WH
Jób 38:30	G4078	επηξεν	V-AAI-3S	LXX_WH
Jób 38:31	G4920	συνηκας	V-AAI-2S	LXX_WH
Jób 38:31	G1161	δε	PRT	LXX_WH
Jób 38:31		δεσμον	N-ASM	ELTERO_SZOVEGALAP
Jób 38:31		πλειαδος	N-GSM	ELTERO_SZOVEGALAP
Jób 38:31	G2532	και	CONJ	LXX_WH
Jób 38:31	G5418	φραγμον	N-ASM	LXX_WH
Jób 38:31	G3725	ωριωνος	N-PRI	LXX_WH
Jób 38:31	G0455	ηνοιξας	V-AAI-2S	LXX_WH
Jób 38:32	G2228	η	ADV	LXX_WH
Jób 38:32	G1272	διανοιξεις	V-FAI-2S	LXX_WH
Jób 38:32	G3099	μαζουρωθ	N-PRI	ABP-potolt
Jób 38:32	G1722	εν	PREP	LXX_WH
Jób 38:32	G2540	καιρω	N-DSM	LXX_WH
Jób 38:32	G0846	αυτου	D-GSM	LXX_WH
Jób 38:32	G2532	και	CONJ	LXX_WH
Jób 38:32		εσπερον	N-PRI	ELTERO_SZOVEGALAP
Jób 38:32	G1909	επι	PREP	LXX_WH
Jób 38:32	G2864	κομης	N-GSF	LXX_WH
Jób 38:32	G0846	αυτου	D-GSM	LXX_WH
Jób 38:32	G0071	αξεις	V-FAI-2S	LXX_WH
Jób 38:32	G0846	αυτα	D-APN	LXX_WH
Jób 38:33	G1987	επιστασαι	V-PMI-2S	LXX_WH
Jób 38:33	G1161	δε	PRT	LXX_WH
Jób 38:33	G5157	τροπας	N-APF	LXX_WH
Jób 38:33	G3772	ουρανου	N-GSM	LXX_WH
Jób 38:33	G2228	η	CONJ	LXX_WH
Jób 38:33	G3588	τα	T-APN	LXX_WH
Jób 38:33	G5259	υπ	PREP	LXX_WH
Jób 38:33	G3772	ουρανον	N-ASM	LXX_WH
Jób 38:33	G3661	ομοθυμαδον	ADV	LXX_WH
Jób 38:33	G1096	γινομενα	V-PMPAP	LXX_WH
Jób 38:34	G2564	καλεσεις	V-FAI-2S	LXX_WH
Jób 38:34	G1161	δε	PRT	LXX_WH
Jób 38:34	G3509	νεφος	N-ASN	LXX_WH
Jób 38:34	G5456	φωνη	N-DSF	LXX_WH
Jób 38:34	G2532	και	CONJ	LXX_WH
Jób 38:34	G5156	τρομω	N-DSM	LXX_WH
Jób 38:34	G5204	υδατος	N-GSN	LXX_WH
Jób 38:34	G2974	λαβρω	A-DSM	ABP-potolt
Jób 38:34	G5219	υπακουσεται	V-FMI-3S	LXX_WH
Jób 38:34	G4771	σου	P-GS	LXX_WH
Jób 38:35	G0649	αποστελεις	V-FAI-2S	LXX_WH
Jób 38:35	G1161	δε	PRT	LXX_WH
Jób 38:35		κεραυνους	N-APM	ELTERO_SZOVEGALAP
Jób 38:35	G2532	και	CONJ	LXX_WH
Jób 38:35	G4198	πορευσονται	V-FMI-3P	LXX_WH
Jób 38:35		ερουσιν	V-FAI-3P	ELTERO_SZOVEGALAP
Jób 38:35	G1161	δε	PRT	LXX_WH
Jób 38:35	G4771	σοι	P-DS	LXX_WH
Jób 38:35	G5100	τι	I-NSN	LXX_WH
Jób 38:35	G1510	εστιν	V-PAI-3S	LXX_WH
Jób 38:36	G5100	τις	I-NSM	LXX_WH
Jób 38:36	G1161	δε	PRT	LXX_WH
Jób 38:36	G1325	εδωκεν	V-AAI-3S	LXX_WH
Jób 38:36	G1135	γυναιξιν	N-DPF	LXX_WH
Jób 38:36	G5307	υφασματος	N-GSN	ABP-potolt
Jób 38:36	G4678	σοφιαν	N-ASF	LXX_WH
Jób 38:36	G2228	η	CONJ	LXX_WH
Jób 38:36		ποικιλτικην	A-ASF	ELTERO_SZOVEGALAP
Jób 38:36		επιστημην	N-ASF	ELTERO_SZOVEGALAP
Jób 38:37	G5100	τις	I-NSM	LXX_WH
Jób 38:37	G1161	δε	PRT	LXX_WH
Jób 38:37	G3588	ο	T-NSM	LXX_WH
Jób 38:37	G0705	αριθμων	V-PAPNS	LXX_WH
Jób 38:37	G3509	νεφη	N-APN	LXX_WH
Jób 38:37	G4678	σοφια	N-DSF	LXX_WH
Jób 38:37	G3772	ουρανον	N-ASM	LXX_WH
Jób 38:37	G1161	δε	PRT	LXX_WH
Jób 38:37	G1519	εις	PREP	LXX_WH
Jób 38:37	G1065	γην	N-ASF	LXX_WH
Jób 38:37	G2827	εκλινεν	V-IAI-3S	LXX_WH
Jób 38:38		κεχυται	V-RMI-3S	ELTERO_SZOVEGALAP
Jób 38:38	G1161	δε	PRT	LXX_WH
Jób 38:38	G3746	ωσπερ	ADV	LXX_WH
Jób 38:38	G1065	γη	N-NSF	LXX_WH
Jób 38:38		κονια	N-NSF	ELTERO_SZOVEGALAP
Jób 38:38	G2853	κεκολληκα	V-RAI-1S	LXX_WH
Jób 38:38	G1161	δε	PRT	LXX_WH
Jób 38:38	G0846	αυτον	D-ASM	LXX_WH
Jób 38:38	G3746	ωσπερ	ADV	LXX_WH
Jób 38:38	G3037	λιθω	N-DSM	LXX_WH
Jób 38:38	G2942	κυβον	N-ASM	ABP-potolt
Jób 38:39	G2340	θηρευσεις	V-FAI-2S	LXX_WH
Jób 38:39	G1161	δε	PRT	LXX_WH
Jób 38:39	G3023	λεουσιν	N-DPM	LXX_WH
Jób 38:39	G1003	βοραν	N-ASF	ABP-potolt
Jób 38:39	G5590	ψυχας	N-APF	LXX_WH
Jób 38:39	G1161	δε	PRT	LXX_WH
Jób 38:39	G1404	δρακοντων	N-GPM	LXX_WH
Jób 38:39	G1705	εμπλησεις	V-FAI-2S	ABP-potolt
Jób 38:40		δεδοικασιν	V-RAI-3P	ELTERO_SZOVEGALAP
Jób 38:40	G1063	γαρ	PRT	LXX_WH
Jób 38:40	G1722	εν	PREP	LXX_WH
Jób 38:40	G2845	κοιταις	N-DPF	LXX_WH
Jób 38:40	G0846	αυτων	D-GPM	LXX_WH
Jób 38:40	G2521	καθηνται	V-PMI-3P	LXX_WH
Jób 38:40	G1161	δε	PRT	LXX_WH
Jób 38:40	G1722	εν	PREP	LXX_WH
Jób 38:40	G5208	υλαις	N-DPF	LXX_WH
Jób 38:40	G1748	ενεδρευοντες	V-PAPNP	LXX_WH
Jób 38:41	G5100	τις	I-NSM	LXX_WH
Jób 38:41	G1161	δε	PRT	LXX_WH
Jób 38:41	G2090	ητοιμασεν	V-AAI-3S	LXX_WH
Jób 38:41	G2876	κορακι	N-DSM	LXX_WH
Jób 38:41	G1003	βοραν	N-ASF	ABP-potolt
Jób 38:41	G3502	νεοσσοι	N-NPM	LXX_WH
Jób 38:41	G1063	γαρ	PRT	LXX_WH
Jób 38:41	G0846	αυτου	D-GSM	LXX_WH
Jób 38:41	G4314	προς	PREP	LXX_WH
Jób 38:41	G2962	κυριον	N-ASM	LXX_WH
Jób 38:41	G2896	κεκραγασιν	V-RAI-3P	LXX_WH
Jób 38:41	G4105	πλανωμενοι	V-PMPNP	LXX_WH
Jób 38:41	G3588	τα	T-APN	LXX_WH
Jób 38:41	G4621	σιτα	N-APN	LXX_WH
Jób 38:41	G2212	ζητουντες	V-PAPNP	LXX_WH
Jób 39:1	G1487	ει	CONJ	LXX_WH
Jób 39:1	G1097	εγνως	V-AAI-2S	LXX_WH
Jób 39:1	G2540	καιρον	N-ASM	LXX_WH
Jób 39:1		τοκετου	N-GSM	ELTERO_SZOVEGALAP
Jób 39:1		τραγελαφων	N-GPM	ELTERO_SZOVEGALAP
Jób 39:1	G4073	πετρας	N-APF	LXX_WH
Jób 39:1	G5442	εφυλαξας	V-AAI-2S	LXX_WH
Jób 39:1	G1161	δε	PRT	LXX_WH
Jób 39:1	G5604	ωδινας	N-APF	LXX_WH
Jób 39:1	G1643	ελαφων	N-GPM	ABP-potolt
Jób 39:2	G0705	ηριθμησας	V-AAI-2S	LXX_WH
Jób 39:2	G1161	δε	PRT	LXX_WH
Jób 39:2	G0846	αυτων	D-GPM	LXX_WH
Jób 39:2	G3303	μηνας	N-APM	LXX_WH
Jób 39:2	G4134	πληρεις	A-APM	LXX_WH
Jób 39:2	G5109	τοκετου	N-GSM	ABP-potolt
Jób 39:2	G5604	ωδινας	N-APF	LXX_WH
Jób 39:2	G1161	δε	PRT	LXX_WH
Jób 39:2	G0846	αυτων	D-GPM	LXX_WH
Jób 39:2	G3089	ελυσας	V-AAI-2S	LXX_WH
Jób 39:3	G1625	εξεθρεψας	V-AAI-2S	LXX_WH
Jób 39:3	G1161	δε	PRT	LXX_WH
Jób 39:3	G0846	αυτων	D-GPM	LXX_WH
Jób 39:3	G3588	τα	T-APN	LXX_WH
Jób 39:3	G3813	παιδια	N-APN	LXX_WH
Jób 39:3	G1854	εξω	PREP	LXX_WH
Jób 39:3	G5401	φοβου	N-GSM	LXX_WH
Jób 39:3		ωδινας	N-APF	ELTERO_SZOVEGALAP
Jób 39:3	G0846	αυτων	D-GPM	LXX_WH
Jób 39:3	G1821	εξαποστελεις	V-FAI-2S	LXX_WH
Jób 39:4	G0640	απορρηξουσιν	V-FAI-3P	ABP-potolt
Jób 39:4	G3588	τα	T-NPN	LXX_WH
Jób 39:4	G5043	τεκνα	N-NPN	LXX_WH
Jób 39:4	G0846	αυτων	D-GPM	LXX_WH
Jób 39:4	G4129	πληθυνθησονται	V-FPI-3P	LXX_WH
Jób 39:4	G1722	εν	PREP	LXX_WH
Jób 39:4	G1081	γενηματι	N-DSN	ABP-potolt
Jób 39:4	G1831	εξελευσονται	V-FMI-3P	LXX_WH
Jób 39:4	G2532	και	CONJ	LXX_WH
Jób 39:4	G3364	ου	ADV	LXX_WH
Jób 39:4	G3165	μη	ADV	LXX_WH
Jób 39:4	G0344	ανακαμψουσιν	V-FAI-3P	LXX_WH
Jób 39:4	G0846	αυτοις	D-DPM	LXX_WH
Jób 39:5	G5100	τις	I-NSM	LXX_WH
Jób 39:5	G1161	δε	PRT	LXX_WH
Jób 39:5	G1510	εστιν	V-PAI-3S	LXX_WH
Jób 39:5	G3588	ο	T-NSM	LXX_WH
Jób 39:5	G0863	αφεις	V-AAPNS	ABP-potolt
Jób 39:5	G3688	ονον	N-ASM	LXX_WH
Jób 39:5	G0066	αγριον	A-ASM	LXX_WH
Jób 39:5	G1658	ελευθερον	A-ASM	LXX_WH
Jób 39:5	G1199	δεσμους	N-APM	ABP-potolt
Jób 39:5	G1161	δε	PRT	LXX_WH
Jób 39:5	G0846	αυτου	D-GSM	LXX_WH
Jób 39:5	G5100	τις	I-NSM	LXX_WH
Jób 39:5	G3089	ελυσεν	V-AAI-3S	LXX_WH
Jób 39:6	G5087	εθεμην	V-AMI-1S	LXX_WH
Jób 39:6	G1161	δε	PRT	LXX_WH
Jób 39:6	G3588	την	T-ASF	LXX_WH
Jób 39:6		διαιταν	N-ASF	ELTERO_SZOVEGALAP
Jób 39:6	G0846	αυτου	D-GSM	LXX_WH
Jób 39:6	G2048	ερημον	N-ASF	LXX_WH
Jób 39:6	G2532	και	CONJ	LXX_WH
Jób 39:6	G3588	τα	T-APN	LXX_WH
Jób 39:6	G4638	σκηνωματα	N-APN	LXX_WH
Jób 39:6	G0846	αυτου	D-GSM	LXX_WH
Jób 39:6		αλμυριδα	N-APN	ELTERO_SZOVEGALAP
Jób 39:7	G2606	καταγελων	V-PAPNS	LXX_WH
Jób 39:7	G4181	πολυοχλιας	N-APF	ABP-potolt
Jób 39:7	G4172	πολεως	N-GSF	LXX_WH
Jób 39:7	G3202	μεμψιν	N-ASF	ABP-potolt
Jób 39:7	G1161	δε	PRT	LXX_WH
Jób 39:7		φορολογου	N-GSM	ELTERO_SZOVEGALAP
Jób 39:7	G3364	ουκ	ADV	LXX_WH
Jób 39:7	G0191	ακουων	V-PAPNS	LXX_WH
Jób 39:8	G2679	κατασκεψεται	V-FMI-3S	ABP-potolt
Jób 39:8	G3735	ορη	N-APN	LXX_WH
Jób 39:8	G3542	νομην	N-ASF	LXX_WH
Jób 39:8	G0846	αυτου	D-GSM	LXX_WH
Jób 39:8	G2532	και	CONJ	LXX_WH
Jób 39:8	G3694	οπισω	PREP	LXX_WH
Jób 39:8	G3956	παντος	A-GSM	LXX_WH
Jób 39:8	G5515	χλωρου	A-GSM	LXX_WH
Jób 39:8	G2212	ζητει	V-PAI-3S	LXX_WH
Jób 39:9	G1014	βουλησεται	V-FMI-3S	LXX_WH
Jób 39:9	G1161	δε	PRT	LXX_WH
Jób 39:9	G4771	σοι	P-DS	LXX_WH
Jób 39:9		μονοκερως	N-NSM	ELTERO_SZOVEGALAP
Jób 39:9	G1398	δουλευσαι	V-AAN	LXX_WH
Jób 39:9	G2228	η	CONJ	LXX_WH
Jób 39:9	G2837	κοιμηθηναι	V-APN	LXX_WH
Jób 39:9	G1909	επι	PREP	LXX_WH
Jób 39:9	G5336	φατνης	N-GSF	LXX_WH
Jób 39:9	G4771	σου	P-GS	LXX_WH
Jób 39:10	G1210	δησεις	V-FAI-2S	LXX_WH
Jób 39:10	G1161	δε	PRT	LXX_WH
Jób 39:10	G1722	εν	PREP	LXX_WH
Jób 39:10	G2438	ιμασι	N-DSM	LXX_WH
Jób 39:10	G2218	ζυγον	N-ASM	LXX_WH
Jób 39:10	G0846	αυτου	D-GSM	LXX_WH
Jób 39:10	G2228	η	CONJ	LXX_WH
Jób 39:10		ελκυσει	V-FAI-3S	ELTERO_SZOVEGALAP
Jób 39:10	G4771	σου	P-GS	LXX_WH
Jób 39:10		αυλακας	N-APM	ELTERO_SZOVEGALAP
Jób 39:10	G1722	εν	PREP	LXX_WH
Jób 39:10	G3977	πεδιω	N-DSN	ABP-potolt
Jób 39:11	G3982	πεποιθας	V-RAI-2S	LXX_WH
Jób 39:11	G1161	δε	PRT	LXX_WH
Jób 39:11	G1909	επ	PREP	LXX_WH
Jób 39:11	G0846	αυτω	D-DSM	LXX_WH
Jób 39:11	G3754	οτι	CONJ	LXX_WH
Jób 39:11	G4183	πολλη	A-NSF	LXX_WH
Jób 39:11	G3588	η	T-NSF	LXX_WH
Jób 39:11	G2479	ισχυς	N-NSF	LXX_WH
Jób 39:11	G0846	αυτου	D-GSM	LXX_WH
Jób 39:11		επαφησεις	V-FAI-2S	ELTERO_SZOVEGALAP
Jób 39:11	G1161	δε	PRT	LXX_WH
Jób 39:11	G0846	αυτω	D-DSM	LXX_WH
Jób 39:11	G3588	τα	T-APN	LXX_WH
Jób 39:11	G2041	εργα	N-APN	LXX_WH
Jób 39:11	G4771	σου	P-GS	LXX_WH
Jób 39:12	G4100	πιστευσεις	V-FAI-2S	LXX_WH
Jób 39:12	G1161	δε	PRT	LXX_WH
Jób 39:12	G3754	οτι	CONJ	LXX_WH
Jób 39:12	G0591	αποδωσει	V-FAI-3S	LXX_WH
Jób 39:12	G4771	σοι	P-DS	LXX_WH
Jób 39:12	G3588	τον	T-ASM	LXX_WH
Jób 39:12	G4703	σπορον	N-ASM	LXX_WH
Jób 39:12	G1533	εισοισει	V-FAI-3S	LXX_WH
Jób 39:12	G1161	δε	PRT	LXX_WH
Jób 39:12	G4771	σου	P-GS	LXX_WH
Jób 39:12	G3588	τον	T-ASM	LXX_WH
Jób 39:12	G0257	αλωνα	N-ASM	LXX_WH
Jób 39:13	G4420	πτερυξ	N-NSF	LXX_WH
Jób 39:13		τερπομενων	V-PAPGP	
Jób 39:13		νεελασα	N-PRI	
Jób 39:13	G1437	εαν	CONJ	LXX_WH
Jób 39:13	G4815	συλλαβη	V-AAS-2S	LXX_WH
Jób 39:13	G0775	ασιδα	N-PRI	ABP-potolt
Jób 39:13	G2532	και	CONJ	LXX_WH
Jób 39:13	G3505	νεσσα	N-PRI	ABP-potolt
Jób 39:14	G3754	οτι	CONJ	LXX_WH
Jób 39:14	G0863	αφησει	V-FAI-3S	ABP-potolt
Jób 39:14	G1519	εις	PREP	LXX_WH
Jób 39:14	G1065	γην	N-ASF	LXX_WH
Jób 39:14	G3588	τα	T-APN	LXX_WH
Jób 39:14	G5609	ωα	N-APN	LXX_WH
Jób 39:14	G0846	αυτης	D-GSF	LXX_WH
Jób 39:14	G2532	και	CONJ	LXX_WH
Jób 39:14	G1909	επι	PREP	LXX_WH
Jób 39:14	G5522	χουν	N-ASM	ABP-potolt
Jób 39:14	G2282	θαλψει	V-FAI-3S	LXX_WH
Jób 39:15	G2532	και	CONJ	LXX_WH
Jób 39:15	G1950	επελαθετο	V-AMI-3S	ABP-potolt
Jób 39:15	G3754	οτι	CONJ	LXX_WH
Jób 39:15	G4228	πους	N-NSM	LXX_WH
Jób 39:15	G4650	σκορπιει	V-FAI-3S	LXX_WH
Jób 39:15	G2532	και	CONJ	LXX_WH
Jób 39:15	G2342	θηρια	N-NPN	LXX_WH
Jób 39:15	G0068	αγρου	N-GSM	LXX_WH
Jób 39:15	G2662	καταπατησει	V-FAI-3S	ABP-potolt
Jób 39:16	G0644	απεσκληρυνεν	V-IAI-3S	ABP-potolt
Jób 39:16	G3588	τα	T-APN	LXX_WH
Jób 39:16	G5043	τεκνα	N-APN	LXX_WH
Jób 39:16	G0846	αυτης	D-GSF	LXX_WH
Jób 39:16	G5620	ωστε	CONJ	LXX_WH
Jób 39:16	G3165	μη	ADV	LXX_WH
Jób 39:16	G1438	εαυτη	D-DSF	LXX_WH
Jób 39:16	G1519	εις	PREP	LXX_WH
Jób 39:16	G2756	κενον	A-ASM	LXX_WH
Jób 39:16	G2872	εκοπιασεν	V-AAI-3S	LXX_WH
Jób 39:16	G0427	ανευ	PREP	LXX_WH
Jób 39:16	G5401	φοβου	N-GSM	LXX_WH
Jób 39:17	G3754	οτι	CONJ	LXX_WH
Jób 39:17		κατεσιωπησεν	V-AAI-3S	ELTERO_SZOVEGALAP
Jób 39:17	G0846	αυτη	D-DSF	LXX_WH
Jób 39:17	G3588	ο	T-NSM	LXX_WH
Jób 39:17	G2316	θεος	N-NSM	LXX_WH
Jób 39:17	G4678	σοφιαν	N-ASF	LXX_WH
Jób 39:17	G2532	και	CONJ	LXX_WH
Jób 39:17	G3364	ουκ	ADV	LXX_WH
Jób 39:17	G3307	εμερισεν	V-AAI-3S	LXX_WH
Jób 39:17	G0846	αυτη	D-DSF	LXX_WH
Jób 39:17	G1722	εν	PREP	LXX_WH
Jób 39:17	G3588	τη	T-DSF	LXX_WH
Jób 39:17	G4907	συνεσει	N-DSF	LXX_WH
Jób 39:18	G2596	κατα	PREP	LXX_WH
Jób 39:18	G2540	καιρον	N-ASM	LXX_WH
Jób 39:18	G1722	εν	PREP	LXX_WH
Jób 39:18	G5311	υψει	N-DSN	LXX_WH
Jób 39:18	G5312	υψωσει	V-FAI-3S	LXX_WH
Jób 39:18	G2606	καταγελασεται	V-FAI-3S	LXX_WH
Jób 39:18	G2462	ιππου	N-GSM	LXX_WH
Jób 39:18	G2532	και	CONJ	LXX_WH
Jób 39:18	G3588	του	T-GSM	LXX_WH
Jób 39:18		επιβατου	N-GSM	ELTERO_SZOVEGALAP
Jób 39:18	G0846	αυτου	D-GSM	LXX_WH
Jób 39:19	G2228	η	ADV	LXX_WH
Jób 39:19	G4771	συ	P-NS	LXX_WH
Jób 39:19	G4060	περιεθηκας	V-AAI-2S	LXX_WH
Jób 39:19	G2462	ιππω	N-DSM	LXX_WH
Jób 39:19	G1411	δυναμιν	N-ASF	LXX_WH
Jób 39:19	G1746	ενεδυσας	V-AAI-2S	LXX_WH
Jób 39:19	G1161	δε	PRT	LXX_WH
Jób 39:19	G5137	τραχηλω	N-DSM	LXX_WH
Jób 39:19	G0846	αυτου	D-GSM	LXX_WH
Jób 39:19	G5401	φοβον	N-ASM	LXX_WH
Jób 39:20	G4060	περιεθηκας	V-AAI-2S	LXX_WH
Jób 39:20	G1161	δε	PRT	LXX_WH
Jób 39:20	G0846	αυτω	D-DSM	LXX_WH
Jób 39:20	G3833	πανοπλιαν	N-ASF	LXX_WH
Jób 39:20	G1391	δοξαν	N-ASF	LXX_WH
Jób 39:20	G1161	δε	PRT	LXX_WH
Jób 39:20	G4738	στηθεων	N-GPN	LXX_WH
Jób 39:20	G0846	αυτου	D-GSM	LXX_WH
Jób 39:20		τολμη	N-DSF	ELTERO_SZOVEGALAP
Jób 39:21	G0461	ανορυσσων	V-PAPNS	ABP-potolt
Jób 39:21	G1722	εν	PREP	LXX_WH
Jób 39:21		πεδιω	N-DSN	ELTERO_SZOVEGALAP
Jób 39:21		γαυρια	V-PAI-3S	ELTERO_SZOVEGALAP
Jób 39:21	G1607	εκπορευεται	V-PMI-3S	LXX_WH
Jób 39:21	G1161	δε	PRT	LXX_WH
Jób 39:21	G1519	εις	PREP	LXX_WH
Jób 39:21	G3977	πεδιον	N-ASN	ABP-potolt
Jób 39:21	G1722	εν	PREP	LXX_WH
Jób 39:21	G2479	ισχυι	N-DSF	LXX_WH
Jób 39:22	G4876	συναντων	V-PAPNS	ABP-potolt
Jób 39:22	G0956	βελει	N-DSN	LXX_WH
Jób 39:22	G2606	καταγελα	V-PAI-3S	LXX_WH
Jób 39:22	G2532	και	CONJ	LXX_WH
Jób 39:22	G3364	ου	ADV	LXX_WH
Jób 39:22	G3165	μη	ADV	LXX_WH
Jób 39:22	G0654	αποστραφη	V-APS-3S	LXX_WH
Jób 39:22	G0575	απο	PREP	LXX_WH
Jób 39:22	G4604	σιδηρου	N-GSM	LXX_WH
Jób 39:23	G1909	επ	PREP	LXX_WH
Jób 39:23	G0846	αυτω	D-DSM	LXX_WH
Jób 39:23		γαυρια	V-PAI-3S	ELTERO_SZOVEGALAP
Jób 39:23	G5115	τοξον	N-ASN	LXX_WH
Jób 39:23	G2532	και	CONJ	LXX_WH
Jób 39:23	G3162	μαχαιρα	N-NSF	LXX_WH
Jób 39:24	G2532	και	CONJ	LXX_WH
Jób 39:24	G3709	οργη	N-DSF	LXX_WH
Jób 39:24	G0853	αφανιει	V-FAI-3S	ABP-potolt
Jób 39:24	G3588	την	T-ASF	LXX_WH
Jób 39:24	G1065	γην	N-ASF	LXX_WH
Jób 39:24	G2532	και	CONJ	LXX_WH
Jób 39:24	G3364	ου	ADV	LXX_WH
Jób 39:24	G3165	μη	ADV	LXX_WH
Jób 39:24	G4100	πιστευση	V-FMI-2S	LXX_WH
Jób 39:24	G2193	εως	CONJ	LXX_WH
Jób 39:24	G0302	αν	PRT	LXX_WH
Jób 39:24	G4591	σημανη	V-AAS-3S	LXX_WH
Jób 39:24	G4536	σαλπιγξ	N-NSF	LXX_WH
Jób 39:25	G4536	σαλπιγγος	N-GSF	LXX_WH
Jób 39:25	G1161	δε	PRT	LXX_WH
Jób 39:25	G4591	σημαινουσης	V-PAPGS	LXX_WH
Jób 39:25	G3004	λεγει	V-PAI-3S	LXX_WH
Jób 39:25		ευγε	INJ	ELTERO_SZOVEGALAP
Jób 39:25		πορρωθεν	ADV	ELTERO_SZOVEGALAP
Jób 39:25	G1161	δε	PRT	LXX_WH
Jób 39:25		οσφραινεται	V-PMI-3S	ELTERO_SZOVEGALAP
Jób 39:25	G4171	πολεμου	N-GSM	LXX_WH
Jób 39:25	G4862	συν	PREP	LXX_WH
Jób 39:25	G0247	αλματι	N-DSN	ABP-potolt
Jób 39:25	G2532	και	CONJ	LXX_WH
Jób 39:25	G2906	κραυγη	N-DSF	LXX_WH
Jób 39:26	G1537	εκ	PREP	LXX_WH
Jób 39:26	G1161	δε	PRT	LXX_WH
Jób 39:26	G3588	της	T-GSF	LXX_WH
Jób 39:26	G4674	σης	A-GSF	LXX_WH
Jób 39:26	G1989	επιστημης	N-GSF	ABP-potolt
Jób 39:26	G2476	εστηκεν	V-RAI-3S	LXX_WH
Jób 39:26		ιεραξ	N-NSM	ELTERO_SZOVEGALAP
Jób 39:26		αναπετασας	V-AAPNS	ELTERO_SZOVEGALAP
Jób 39:26	G3588	τας	T-APF	LXX_WH
Jób 39:26	G4420	πτερυγας	N-APF	LXX_WH
Jób 39:26	G0185	ακινητος	A-NSM	ABP-potolt
Jób 39:26	G2529	καθορων	V-PAPNS	LXX_WH
Jób 39:26	G3588	τα	T-APN	LXX_WH
Jób 39:26	G4314	προς	PREP	LXX_WH
Jób 39:26	G3558	νοτον	N-ASM	LXX_WH
Jób 39:27	G1909	επι	PREP	LXX_WH
Jób 39:27	G1161	δε	PRT	LXX_WH
Jób 39:27	G4674	σω	A-DSN	LXX_WH
Jób 39:27	G4366	προσταγματι	N-DSN	ABP-potolt
Jób 39:27	G5312	υψουται	V-PMI-3S	LXX_WH
Jób 39:27	G0105	αετος	N-NSM	LXX_WH
Jób 39:27		γυψ	N-NSM	ELTERO_SZOVEGALAP
Jób 39:27	G1161	δε	PRT	LXX_WH
Jób 39:27	G1909	επι	PREP	LXX_WH
Jób 39:27	G3555	νοσσιας	N-GSF	LXX_WH
Jób 39:27	G0846	αυτου	D-GSM	LXX_WH
Jób 39:27	G2516	καθεσθεις	V-AAPNS	LXX_WH
Jób 39:27	G0835	αυλιζεται	V-PMI-3S	ABP-potolt
Jób 39:28	G1909	επ	PREP	LXX_WH
Jób 39:28	G1851	εξοχη	N-DSF	ABP-potolt
Jób 39:28	G4073	πετρας	N-GSF	LXX_WH
Jób 39:28	G2532	και	CONJ	LXX_WH
Jób 39:28	G0614	αποκρυφω	A-DSN	LXX_WH
Jób 39:29	G1566	εκεισε	ADV	LXX_WH
Jób 39:29	G1510	ων	V-PAPNS	LXX_WH
Jób 39:29	G2212	ζητει	V-PAI-3S	LXX_WH
Jób 39:29	G3588	τα	T-APN	LXX_WH
Jób 39:29	G4621	σιτα	N-APN	LXX_WH
Jób 39:29	G4207	πορρωθεν	ADV	ABP-potolt
Jób 39:29	G3588	οι	T-NPM	LXX_WH
Jób 39:29	G3788	οφθαλμοι	N-NPM	LXX_WH
Jób 39:29	G0846	αυτου	D-GSM	LXX_WH
Jób 39:29		σκοπευουσιν	V-PAI-3P	ELTERO_SZOVEGALAP
Jób 39:30	G3502	νεοσσοι	N-NPM	LXX_WH
Jób 39:30	G1161	δε	PRT	LXX_WH
Jób 39:30	G0846	αυτου	D-GSM	LXX_WH
Jób 39:30		φυρονται	V-PMI-3P	ELTERO_SZOVEGALAP
Jób 39:30	G1722	εν	PREP	LXX_WH
Jób 39:30	G0129	αιματι	N-DSN	LXX_WH
Jób 39:30	G3739	ου	R-GSM	LXX_WH
Jób 39:30	G1161	δ	PRT	LXX_WH
Jób 39:30	G0302	αν	PRT	LXX_WH
Jób 39:30	G1510	ωσι	V-PAS-3P	LXX_WH
Jób 39:30	G2348	τεθνεωτες	V-RAPNP	LXX_WH
Jób 39:30	G3916	παραχρημα	ADV	LXX_WH
Jób 39:30	G2147	ευρισκονται	V-PPI-3P	LXX_WH
Jób 40:1	G2532	και	CONJ	LXX_WH
Jób 40:1	G0611	απεκριθη	V-API-3S	ABP-potolt
Jób 40:1	G2962	κυριος	N-NSM	LXX_WH
Jób 40:1	G3588	ο	T-NSM	LXX_WH
Jób 40:1	G2316	θεος	N-NSM	LXX_WH
Jób 40:1	G3588	τω	T-DSM	LXX_WH
Jób 40:1	G2492	ιωβ	N-PRI	LXX_WH
Jób 40:1	G2532	και	CONJ	LXX_WH
Jób 40:1	G2036	ειπεν	V-AAI-3S	ABP-potolt
Jób 40:2	G3165	μη	ADV	LXX_WH
Jób 40:2	G2920	κρισιν	N-ASF	LXX_WH
Jób 40:2	G3326	μετα	PREP	LXX_WH
Jób 40:2	G2425	ικανου	A-GSM	LXX_WH
Jób 40:2	G1578	εκκλινει	V-FAI-3S	LXX_WH
Jób 40:2	G1651	ελεγχων	V-PAPNS	LXX_WH
Jób 40:2	G2316	θεον	N-ASM	LXX_WH
Jób 40:2		αποκριθησεται	V-FPI-3S	ELTERO_SZOVEGALAP
Jób 40:2	G0846	αυτην	D-ASF	LXX_WH
Jób 40:3	G5274	υπολαβων	V-AAPNS	LXX_WH
Jób 40:3	G1161	δε	PRT	LXX_WH
Jób 40:3	G2492	ιωβ	N-PRI	LXX_WH
Jób 40:3	G3004	λεγει	V-PAI-3S	LXX_WH
Jób 40:3	G3588	τω	T-DSM	LXX_WH
Jób 40:3	G2962	κυριω	N-DSM	LXX_WH
Jób 40:4	G5100	τι	I-ASN	LXX_WH
Jób 40:4	G2089	ετι	ADV	LXX_WH
Jób 40:4	G1473	εγω	P-NS	LXX_WH
Jób 40:4	G2919	κρινομαι	V-PMI-1S	LXX_WH
Jób 40:4	G3560	νουθετουμενος	V-PPPNS	LXX_WH
Jób 40:4	G2532	και	CONJ	LXX_WH
Jób 40:4	G1651	ελεγχων	V-PAPNS	LXX_WH
Jób 40:4	G2962	κυριον	N-ASM	LXX_WH
Jób 40:4	G0191	ακουων	V-PAPNS	LXX_WH
Jób 40:4	G5108	τοιαυτα	A-APN	LXX_WH
Jób 40:4	G3762	ουθεν	A-ASN	LXX_WH
Jób 40:4	G1510	ων	V-PAPNS	LXX_WH
Jób 40:4	G1473	εγω	P-NS	LXX_WH
Jób 40:4	G1161	δε	PRT	LXX_WH
Jób 40:4	G5100	τινα	I-ASM	LXX_WH
Jób 40:4	G0612	αποκρισιν	N-ASF	LXX_WH
Jób 40:4	G1325	δω	V-AAS-1S	LXX_WH
Jób 40:4	G4314	προς	PREP	LXX_WH
Jób 40:4	G3778	ταυτα	D-APN	LXX_WH
Jób 40:4	G5495	χειρα	N-ASF	LXX_WH
Jób 40:4	G5087	θησω	V-FAI-1S	LXX_WH
Jób 40:4	G1909	επι	PREP	LXX_WH
Jób 40:4	G4750	στοματι	N-DSN	LXX_WH
Jób 40:4	G1473	μου	P-GS	LXX_WH
Jób 40:5	G0530	απαξ	ADV	LXX_WH
Jób 40:5	G2980	λελαληκα	V-RAI-1S	LXX_WH
Jób 40:5	G1909	επι	PREP	LXX_WH
Jób 40:5	G1161	δε	PRT	LXX_WH
Jób 40:5	G3588	τω	T-DSM	LXX_WH
Jób 40:5	G1208	δευτερω	A-DSM	LXX_WH
Jób 40:5	G3364	ου	ADV	LXX_WH
Jób 40:5	G4369	προσθησω	V-FAI-1S	LXX_WH
Jób 40:6	G2089	ετι	ADV	LXX_WH
Jób 40:6	G1161	δε	PRT	LXX_WH
Jób 40:6	G5274	υπολαβων	V-AAPNS	LXX_WH
Jób 40:6	G3588	ο	T-NSM	LXX_WH
Jób 40:6	G2962	κυριος	N-NSM	LXX_WH
Jób 40:6	G2036	ειπεν	V-AAI-3S	ABP-potolt
Jób 40:6	G3588	τω	T-DSM	LXX_WH
Jób 40:6	G2492	ιωβ	N-PRI	LXX_WH
Jób 40:6	G1537	εκ	PREP	LXX_WH
Jób 40:6	G3588	του	T-GSN	LXX_WH
Jób 40:6	G3509	νεφους	N-GSN	LXX_WH
Jób 40:7	G3165	μη	ADV	LXX_WH
Jób 40:7	G0235	αλλα	CONJ	LXX_WH
Jób 40:7	G2224	ζωσαι	V-AMD-2S	LXX_WH
Jób 40:7	G3746	ωσπερ	ADV	LXX_WH
Jób 40:7	G0435	ανηρ	N-NSM	LXX_WH
Jób 40:7	G3588	την	T-ASF	LXX_WH
Jób 40:7	G3751	οσφυν	N-ASF	LXX_WH
Jób 40:7	G4771	σου	P-GS	LXX_WH
Jób 40:7	G2065	ερωτησω	V-AAS-1S	LXX_WH
Jób 40:7	G1161	δε	PRT	LXX_WH
Jób 40:7	G4771	σε	P-AS	LXX_WH
Jób 40:7	G4771	συ	P-NS	LXX_WH
Jób 40:7	G1161	δε	PRT	LXX_WH
Jób 40:7	G1473	μοι	P-DS	LXX_WH
Jób 40:7	G1473	αποκριθητι	V-APD-2S	ABP-potolt
Jób 40:8	G3165	μη	ADV	LXX_WH
Jób 40:8		αποποιου	V-PMD-2S	ELTERO_SZOVEGALAP
Jób 40:8	G1473	μου	P-GS	LXX_WH
Jób 40:8	G3588	το	T-ASN	LXX_WH
Jób 40:8	G2917	κριμα	N-ASN	LXX_WH
Jób 40:8	G3633	οιει	V-PMI-2S	LXX_WH
Jób 40:8	G1161	δε	PRT	LXX_WH
Jób 40:8	G1473	με	P-AS	LXX_WH
Jób 40:8	G0243	αλλως	ADV	LXX_WH
Jób 40:8	G4771	σοι	P-DS	LXX_WH
Jób 40:8	G5537	κεχρηματικεναι	V-RAN	LXX_WH
Jób 40:8	G2228	η	CONJ	LXX_WH
Jób 40:8	G2443	ινα	CONJ	LXX_WH
Jób 40:8	G0398	αναφανης	V-APS-2S	LXX_WH
Jób 40:8	G1342	δικαιος	A-NSM	LXX_WH
Jób 40:9	G2228	η	ADV	LXX_WH
Jób 40:9	G1023	βραχιων	N-NSM	LXX_WH
Jób 40:9	G4771	σοι	P-DS	LXX_WH
Jób 40:9	G1510	εστιν	V-PAI-3S	LXX_WH
Jób 40:9	G2596	κατα	PREP	LXX_WH
Jób 40:9	G3588	του	T-GSM	LXX_WH
Jób 40:9	G2962	κυριου	N-GSM	LXX_WH
Jób 40:9	G2228	η	CONJ	LXX_WH
Jób 40:9	G5456	φωνη	N-DSF	LXX_WH
Jób 40:9	G2596	κατ	PREP	LXX_WH
Jób 40:9	G0846	αυτον	D-ASM	LXX_WH
Jób 40:9		βροντας	V-PAI-2S	ELTERO_SZOVEGALAP
Jób 40:10	G0353	αναλαβε	V-AAD-2S	LXX_WH
Jób 40:10	G1161	δη	PRT	LXX_WH
Jób 40:10	G5311	υψος	N-ASN	LXX_WH
Jób 40:10	G2532	και	CONJ	LXX_WH
Jób 40:10	G1411	δυναμιν	N-ASF	LXX_WH
Jób 40:10	G1391	δοξαν	N-ASF	LXX_WH
Jób 40:10	G1161	δε	PRT	LXX_WH
Jób 40:10	G2532	και	CONJ	LXX_WH
Jób 40:10	G5092	τιμην	N-ASF	LXX_WH
Jób 40:10	G0294	αμφιεσαι	V-AMD-2S	LXX_WH
Jób 40:11	G0649	αποστειλον	V-AAD-2S	LXX_WH
Jób 40:11	G1161	δε	PRT	LXX_WH
Jób 40:11	G0032	αγγελους	N-APM	LXX_WH
Jób 40:11	G3709	οργη	N-DSF	LXX_WH
Jób 40:11	G3956	παν	A-ASM	LXX_WH
Jób 40:11	G1161	δε	PRT	LXX_WH
Jób 40:11	G5197	υβριστην	N-ASM	LXX_WH
Jób 40:11	G5013	ταπεινωσον	V-FAD-2S	LXX_WH
Jób 40:12	G5244	υπερηφανον	A-ASM	LXX_WH
Jób 40:12	G1161	δε	PRT	LXX_WH
Jób 40:12	G4570	σβεσον	V-AAD-2S	LXX_WH
Jób 40:12	G4595	σηψον	V-AAD-2S	LXX_WH
Jób 40:12	G1161	δε	PRT	LXX_WH
Jób 40:12	G0765	ασεβεις	A-APM	LXX_WH
Jób 40:12	G3916	παραχρημα	ADV	LXX_WH
Jób 40:13	G2928	κρυψον	V-AAD-2S	LXX_WH
Jób 40:13	G1161	δε	PRT	LXX_WH
Jób 40:13	G1519	εις	PREP	LXX_WH
Jób 40:13	G1065	γην	N-ASF	LXX_WH
Jób 40:13	G1854	εξω	ADV	LXX_WH
Jób 40:13	G3661	ομοθυμαδον	ADV	LXX_WH
Jób 40:13	G3588	τα	T-APN	LXX_WH
Jób 40:13	G1161	δε	PRT	LXX_WH
Jób 40:13	G4383	προσωπα	N-APN	LXX_WH
Jób 40:13	G0846	αυτων	D-GPM	LXX_WH
Jób 40:13	G0819	ατιμιας	N-GSF	LXX_WH
Jób 40:13	G1705	εμπλησον	V-AAD-2S	ABP-potolt
Jób 40:14	G3670	ομολογησω	V-FAI-1S	LXX_WH
Jób 40:14	G0685	αρα	PRT	LXX_WH
Jób 40:14	G3754	οτι	CONJ	LXX_WH
Jób 40:14	G1410	δυναται	V-PMI-3S	LXX_WH
Jób 40:14	G3588	η	T-NSF	LXX_WH
Jób 40:14	G1188	δεξια	A-APN	LXX_WH
Jób 40:14	G4771	σου	P-GS	LXX_WH
Jób 40:14	G4982	σωσαι	V-AAN	LXX_WH
Jób 40:15	G0235	αλλα	CONJ	LXX_WH
Jób 40:15	G1161	δη	PRT	LXX_WH
Jób 40:15	G2400	ιδου	INJ	LXX_WH
Jób 40:15	G2342	θηρια	N-APN	LXX_WH
Jób 40:15	G3844	παρα	PREP	LXX_WH
Jób 40:15	G4771	σοι	P-DS	LXX_WH
Jób 40:15	G5528	χορτον	N-ASM	LXX_WH
Jób 40:15	G2470	ισα	ADV	LXX_WH
Jób 40:15	G1016	βουσιν	N-DPF	LXX_WH
Jób 40:15	G2068	εσθιει	V-PAI-3S	LXX_WH
Jób 40:16	G2400	ιδου	INJ	LXX_WH
Jób 40:16	G1161	δη	PRT	LXX_WH
Jób 40:16	G2479	ισχυς	N-NSF	LXX_WH
Jób 40:16	G0846	αυτου	D-GSM	LXX_WH
Jób 40:16	G1909	επ	PREP	LXX_WH
Jób 40:16	G3751	οσφυι	N-DSF	LXX_WH
Jób 40:16	G3588	η	T-NSF	LXX_WH
Jób 40:16	G1161	δε	PRT	LXX_WH
Jób 40:16	G1411	δυναμις	N-NSF	LXX_WH
Jób 40:16	G1909	επ	PREP	LXX_WH
Jób 40:16	G3675	ομφαλου	N-GSM	ABP-potolt
Jób 40:16	G1064	γαστρος	N-GSF	LXX_WH
Jób 40:17	G2476	εστησεν	V-AAI-3S	LXX_WH
Jób 40:17	G3769	ουραν	N-ASF	LXX_WH
Jób 40:17	G3739	ως	CONJ	LXX_WH
Jób 40:17		κυπαρισσον	N-ASM	ELTERO_SZOVEGALAP
Jób 40:17	G3588	τα	T-NPN	LXX_WH
Jób 40:17	G1161	δε	PRT	LXX_WH
Jób 40:17		νευρα	N-NPN	ELTERO_SZOVEGALAP
Jób 40:17	G0846	αυτου	D-GSM	LXX_WH
Jób 40:17		συμπεπλεκται	V-RPI-3S	ELTERO_SZOVEGALAP
Jób 40:18	G3588	αι	T-NPF	LXX_WH
Jób 40:18	G4125	πλευραι	N-NPF	LXX_WH
Jób 40:18	G0846	αυτου	D-GSM	LXX_WH
Jób 40:18	G4125	πλευραι	N-NPF	LXX_WH
Jób 40:18	G5470	χαλκειαι	A-NPF	ABP-potolt
Jób 40:18	G3588	η	T-NSF	LXX_WH
Jób 40:18	G1161	δε	PRT	LXX_WH
Jób 40:18		ραχις	N-NSF	ELTERO_SZOVEGALAP
Jób 40:18	G0846	αυτου	D-GSM	LXX_WH
Jób 40:18	G4604	σιδηρος	N-NSM	LXX_WH
Jób 40:18	G5559	χυτος	A-NSM	ABP-potolt
Jób 40:19	G3778	τουτ	D-NSN	LXX_WH
Jób 40:19	G1510	εστιν	V-PAI-3S	LXX_WH
Jób 40:19	G0746	αρχη	N-NSF	LXX_WH
Jób 40:19	G4110	πλασματος	N-GSN	LXX_WH
Jób 40:19	G2962	κυριου	N-GSM	LXX_WH
Jób 40:19	G4160	πεποιημενον	V-RPPAS	LXX_WH
Jób 40:19	G1460	εγκαταπαιζεσθαι	V-PMN	ABP-potolt
Jób 40:19	G5259	υπο	PREP	LXX_WH
Jób 40:19	G3588	των	T-GPM	LXX_WH
Jób 40:19	G0032	αγγελων	N-GPM	LXX_WH
Jób 40:19	G0846	αυτου	D-GSM	LXX_WH
Jób 40:20		επελθων	V-AAPNS	ELTERO_SZOVEGALAP
Jób 40:20	G1161	δε	PRT	LXX_WH
Jób 40:20	G1909	επ	PREP	LXX_WH
Jób 40:20	G3735	ορος	N-ASN	LXX_WH
Jób 40:20	G0206	ακροτομον	A-ASN	ABP-potolt
Jób 40:20	G4160	εποιησεν	V-AAI-3S	LXX_WH
Jób 40:20	G5487	χαρμονην	N-ASF	ABP-potolt
Jób 40:20	G5074	τετραποσιν	N-DPM	LXX_WH
Jób 40:20	G1722	εν	PREP	LXX_WH
Jób 40:20	G3588	τω	T-DSM	LXX_WH
Jób 40:20	G5019	ταρταρω	N-DSM	ABP-potolt
Jób 40:21	G5259	υπο	PREP	LXX_WH
Jób 40:21	G3839	παντοδαπα	A-APN	ABP-potolt
Jób 40:21	G1186	δενδρα	N-APN	LXX_WH
Jób 40:21	G2837	κοιμαται	V-PMI-3S	LXX_WH
Jób 40:21	G3844	παρα	PREP	LXX_WH
Jób 40:21	G3843	παπυρον	N-ASM	ABP-potolt
Jób 40:21	G2532	και	CONJ	LXX_WH
Jób 40:21	G2563	καλαμον	N-ASM	LXX_WH
Jób 40:21	G2532	και	CONJ	LXX_WH
Jób 40:21	G1016	βουτομον	N-ASN	ABP-potolt
Jób 40:22	G4639	σκιαζονται	V-PMI-3P	ABP-potolt
Jób 40:22	G1161	δε	PRT	LXX_WH
Jób 40:22	G1722	εν	PREP	LXX_WH
Jób 40:22	G0846	αυτω	D-DSN	LXX_WH
Jób 40:22	G1186	δενδρα	N-NPN	LXX_WH
Jób 40:22	G3173	μεγαλα	A-NPN	LXX_WH
Jób 40:22	G4862	συν	PREP	LXX_WH
Jób 40:22	G3733	ραδαμνοις	N-DPM	ABP-potolt
Jób 40:22	G2532	και	CONJ	LXX_WH
Jób 40:22	G2831	κλωνες	N-NPM	ABP-potolt
Jób 40:22	G0053	αγνου	N-GSM	LXX_WH
Jób 40:23	G1437	εαν	CONJ	LXX_WH
Jób 40:23	G1096	γενηται	V-AMS-3S	LXX_WH
Jób 40:23	G4132	πλημμυρα	N-NSF	LXX_WH
Jób 40:23	G3364	ου	ADV	LXX_WH
Jób 40:23	G3165	μη	ADV	LXX_WH
Jób 40:23	G0143	αισθηθη	V-APS-3S	LXX_WH
Jób 40:23	G3982	πεποιθεν	V-RAI-3S	LXX_WH
Jób 40:23	G3754	οτι	CONJ	LXX_WH
Jób 40:23	G4350	προσκρουσει	V-FAI-3S	ABP-potolt
Jób 40:23	G3588	ο	T-NSM	LXX_WH
Jób 40:23	G2446	ιορδανης	N-NSM	LXX_WH
Jób 40:23	G1519	εις	PREP	LXX_WH
Jób 40:23	G3588	το	T-ASN	LXX_WH
Jób 40:23	G4750	στομα	N-ASN	LXX_WH
Jób 40:23	G0846	αυτου	D-GSN	LXX_WH
Jób 40:24	G1722	εν	PREP	LXX_WH
Jób 40:24	G3588	τω	T-DSM	LXX_WH
Jób 40:24	G3788	οφθαλμω	N-DSM	LXX_WH
Jób 40:24	G0846	αυτου	D-GSN	LXX_WH
Jób 40:24	G1209	δεξεται	V-FMI-3S	LXX_WH
Jób 40:24	G0846	αυτον	D-ASN	LXX_WH
Jób 40:24		ενσκολιευομενος	V-PMPNS	ELTERO_SZOVEGALAP
Jób 40:24		τρησει	V-FAI-3S	ELTERO_SZOVEGALAP
Jób 40:24		ρινα	N-ASF	ELTERO_SZOVEGALAP
Jób 41:1	G0071	αξεις	V-FAI-2S	LXX_WH
Jób 41:1	G1161	δε	PRT	LXX_WH
Jób 41:1	G1404	δρακοντα	N-ASM	LXX_WH
Jób 41:1	G1722	εν	PREP	LXX_WH
Jób 41:1	G0044	αγκιστρω	N-DSN	LXX_WH
Jób 41:1	G4060	περιθησεις	V-FAI-2S	LXX_WH
Jób 41:1	G1161	δε	PRT	LXX_WH
Jób 41:1		φορβεαν	N-ASF	ELTERO_SZOVEGALAP
Jób 41:1	G4012	περι	PREP	LXX_WH
Jób 41:1		ρινα	N-ASF	ELTERO_SZOVEGALAP
Jób 41:1	G0846	αυτου	D-GSM	LXX_WH
Jób 41:2	G1487	ει	CONJ	LXX_WH
Jób 41:2	G1210	δησεις	V-FAI-2S	LXX_WH
Jób 41:2	G2916	κρικον	N-ASM	ABP-potolt
Jób 41:2	G1722	εν	PREP	LXX_WH
Jób 41:2	G3588	τω	T-DSM	LXX_WH
Jób 41:2		μυκτηρι	N-DSM	ELTERO_SZOVEGALAP
Jób 41:2	G0846	αυτου	D-GSM	LXX_WH
Jób 41:2		ψελιω	N-DSN	ELTERO_SZOVEGALAP
Jób 41:2	G1161	δε	PRT	LXX_WH
Jób 41:2	G5168	τρυπησεις	V-FAI-2S	ABP-potolt
Jób 41:2	G3588	το	T-ASN	LXX_WH
Jób 41:2	G5491	χειλος	N-ASN	LXX_WH
Jób 41:2	G0846	αυτου	D-GSM	LXX_WH
Jób 41:3	G2980	λαλησει	V-FAI-3S	LXX_WH
Jób 41:3	G1161	δε	PRT	LXX_WH
Jób 41:3	G4771	σοι	P-DS	LXX_WH
Jób 41:3	G1162	δεησει	N-DSF	LXX_WH
Jób 41:3	G2428	ικετηρια	A-DSF	ABP-potolt
Jób 41:3	G3120	μαλακως	ADV	LXX_WH
Jób 41:4	G5087	θησεται	V-FMI-3S	LXX_WH
Jób 41:4	G1161	δε	PRT	LXX_WH
Jób 41:4	G1242	διαθηκην	N-ASF	LXX_WH
Jób 41:4	G3326	μετα	PREP	LXX_WH
Jób 41:4	G4771	σου	P-GS	LXX_WH
Jób 41:4	G2983	λημψη	V-FMI-2S	LXX_WH
Jób 41:4	G1161	δε	PRT	LXX_WH
Jób 41:4	G0846	αυτον	D-ASM	LXX_WH
Jób 41:4	G1401	δουλον	N-ASM	LXX_WH
Jób 41:4	G0166	αιωνιον	A-ASM	LXX_WH
Jób 41:5	G3815	παιξη	V-FMI-2S	LXX_WH
Jób 41:5	G1161	δε	PRT	LXX_WH
Jób 41:5	G1722	εν	PREP	LXX_WH
Jób 41:5	G0846	αυτω	D-DSM	LXX_WH
Jób 41:5	G3746	ωσπερ	ADV	LXX_WH
Jób 41:5	G3732	ορνεω	N-DSN	LXX_WH
Jób 41:5	G2228	η	CONJ	LXX_WH
Jób 41:5	G1210	δησεις	V-FAI-2S	LXX_WH
Jób 41:5	G0846	αυτον	D-ASM	LXX_WH
Jób 41:5	G3746	ωσπερ	ADV	LXX_WH
Jób 41:5	G4765	στρουθιον	N-ASN	LXX_WH
Jób 41:5	G3813	παιδιω	N-DSN	LXX_WH
Jób 41:6	G1777	ενσιτουνται	V-PMI-3P	ABP-potolt
Jób 41:6	G1161	δε	PRT	LXX_WH
Jób 41:6	G1722	εν	PREP	LXX_WH
Jób 41:6	G0846	αυτω	D-DSM	LXX_WH
Jób 41:6	G1484	εθνη	N-NPN	LXX_WH
Jób 41:6	G3312	μεριτευονται	V-PMI-3P	ABP-potolt
Jób 41:6	G1161	δε	PRT	LXX_WH
Jób 41:6	G0846	αυτον	D-ASM	LXX_WH
Jób 41:6	G5404	φοινικων	N-GPM	LXX_WH
Jób 41:6	G1085	γενη	N-APN	LXX_WH
Jób 41:7	G3956	παν	A-NSN	LXX_WH
Jób 41:7	G1161	δε	PRT	LXX_WH
Jób 41:7		πλωτον	A-NSN	ELTERO_SZOVEGALAP
Jób 41:7	G4905	συνελθον	V-AAPNS	LXX_WH
Jób 41:7	G3364	ου	ADV	LXX_WH
Jób 41:7	G3165	μη	ADV	LXX_WH
Jób 41:7	G5342	ενεγκωσιν	V-AAS-3P	LXX_WH
Jób 41:7		βυρσαν	N-ASF	ELTERO_SZOVEGALAP
Jób 41:7	G1519	μιαν	A-ASF	LXX_WH
Jób 41:7	G3769	ουρας	N-GSF	LXX_WH
Jób 41:7	G0846	αυτου	D-GSM	LXX_WH
Jób 41:7	G2532	και	CONJ	LXX_WH
Jób 41:7	G1722	εν	PREP	LXX_WH
Jób 41:7	G4143	πλοιοις	N-DPN	LXX_WH
Jób 41:7	G0231	αλιεων	N-GPM	LXX_WH
Jób 41:7	G2776	κεφαλην	N-ASF	LXX_WH
Jób 41:7	G0846	αυτου	D-GSM	LXX_WH
Jób 41:8	G2007	επιθησεις	V-FAI-2S	LXX_WH
Jób 41:8	G1161	δε	PRT	LXX_WH
Jób 41:8	G0846	αυτω	D-DSM	LXX_WH
Jób 41:8	G5495	χειρα	N-ASF	LXX_WH
Jób 41:8	G3403	μνησθεις	V-APPNS	LXX_WH
Jób 41:8	G4171	πολεμον	N-ASM	LXX_WH
Jób 41:8	G3588	τον	T-ASM	LXX_WH
Jób 41:8	G1096	γινομενον	V-PMPAS	LXX_WH
Jób 41:8	G1722	εν	PREP	LXX_WH
Jób 41:8	G4983	σωματι	N-DSN	LXX_WH
Jób 41:8	G0846	αυτου	D-GSM	LXX_WH
Jób 41:8	G2532	και	CONJ	LXX_WH
Jób 41:8	G3371	μηκετι	ADV	LXX_WH
Jób 41:8	G1096	γινεσθω	V-PMD-3S	LXX_WH
Jób 41:9	G3364	ουχ	ADV	LXX_WH
Jób 41:9	G3708	εορακας	V-RAI-2S	LXX_WH
Jób 41:9	G0846	αυτον	D-ASM	LXX_WH
Jób 41:9	G3761	ουδε	CONJ	LXX_WH
Jób 41:9	G1909	επι	PREP	LXX_WH
Jób 41:9	G3588	τοις	T-DPM	LXX_WH
Jób 41:9	G3004	λεγομενοις	V-PMPDP	LXX_WH
Jób 41:9	G2296	τεθαυμακας	V-RAI-2S	LXX_WH
Jób 41:10	G3364	ου	ADV	LXX_WH
Jób 41:10		δεδοικας	V-RAI-2S	ELTERO_SZOVEGALAP
Jób 41:10	G3754	οτι	CONJ	LXX_WH
Jób 41:10	G2090	ητοιμασται	V-RPI-3S	LXX_WH
Jób 41:10	G1473	μοι	P-DS	LXX_WH
Jób 41:10	G5100	τις	I-NSM	LXX_WH
Jób 41:10	G1063	γαρ	PRT	LXX_WH
Jób 41:10	G1510	εστιν	V-PAI-3S	LXX_WH
Jób 41:10	G3588	ο	T-NSM	LXX_WH
Jób 41:10	G1473	εμοι	P-DS	LXX_WH
Jób 41:10		αντιστας	V-AAPNS	ELTERO_SZOVEGALAP
Jób 41:11	G2228	η	CONJ	LXX_WH
Jób 41:11	G5100	τις	I-NSM	LXX_WH
Jób 41:11	G0436	αντιστησεται	V-FMI-3S	ABP-potolt
Jób 41:11	G1473	μοι	P-DS	LXX_WH
Jób 41:11	G2532	και	CONJ	LXX_WH
Jób 41:11	G5278	υπομενει	V-FAI-3S	LXX_WH
Jób 41:11	G1487	ει	CONJ	LXX_WH
Jób 41:11	G3956	πασα	A-NSF	LXX_WH
Jób 41:11	G3588	η	T-NSF	LXX_WH
Jób 41:11	G5259	υπ	PREP	LXX_WH
Jób 41:11	G3772	ουρανον	N-ASM	LXX_WH
Jób 41:11	G1699	εμη	A-NSF	LXX_WH
Jób 41:11	G1510	εστιν	V-PAI-3S	LXX_WH
Jób 41:12	G3364	ου	ADV	LXX_WH
Jób 41:12	G4623	σιωπησομαι	V-FMI-1S	LXX_WH
Jób 41:12	G1223	δι	PREP	LXX_WH
Jób 41:12	G0846	αυτον	D-ASM	LXX_WH
Jób 41:12	G2532	και	CONJ	LXX_WH
Jób 41:12	G3056	λογον	N-ASM	LXX_WH
Jób 41:12	G1411	δυναμεως	N-GSF	LXX_WH
Jób 41:12	G1653	ελεησει	V-FAI-3S	LXX_WH
Jób 41:12	G3588	τον	T-ASM	LXX_WH
Jób 41:12	G2470	ισον	A-ASM	LXX_WH
Jób 41:12	G0846	αυτου	D-GSM	LXX_WH
Jób 41:13	G5100	τις	I-NSM	LXX_WH
Jób 41:13	G0601	αποκαλυψει	V-FAI-3S	LXX_WH
Jób 41:13	G4383	προσωπον	N-ASN	LXX_WH
Jób 41:13	G1745	ενδυσεως	N-GSF	LXX_WH
Jób 41:13	G0846	αυτου	D-GSM	LXX_WH
Jób 41:13	G1519	εις	PREP	LXX_WH
Jób 41:13	G1161	δε	PRT	LXX_WH
Jób 41:13		πτυξιν	N-ASF	ELTERO_SZOVEGALAP
Jób 41:13	G2382	θωρακος	N-GSM	LXX_WH
Jób 41:13	G0846	αυτου	D-GSM	LXX_WH
Jób 41:13	G5100	τις	I-NSM	LXX_WH
Jób 41:13	G0302	αν	PRT	LXX_WH
Jób 41:13	G1525	εισελθοι	V-AAO-3S	LXX_WH
Jób 41:14	G4439	πυλας	N-APF	LXX_WH
Jób 41:14	G4383	προσωπου	N-GSN	LXX_WH
Jób 41:14	G0846	αυτου	D-GSM	LXX_WH
Jób 41:14	G5100	τις	I-NSM	LXX_WH
Jób 41:14	G0455	ανοιξει	V-FAI-3S	LXX_WH
Jób 41:14	G2945	κυκλω	N-DSM	ABP-potolt
Jób 41:14	G3599	οδοντων	N-GPM	LXX_WH
Jób 41:14	G0846	αυτου	D-GSM	LXX_WH
Jób 41:14	G5401	φοβος	N-NSM	LXX_WH
Jób 41:15	G3588	τα	T-NPN	LXX_WH
Jób 41:15		εγκατα	N-NPN	ELTERO_SZOVEGALAP
Jób 41:15	G0846	αυτου	D-GSM	LXX_WH
Jób 41:15	G0785	ασπιδες	N-NPF	LXX_WH
Jób 41:15	G5470	χαλκειαι	A-NPF	ABP-potolt
Jób 41:15	G4886	συνδεσμος	N-NSM	LXX_WH
Jób 41:15	G1161	δε	PRT	LXX_WH
Jób 41:15	G0846	αυτου	D-GSM	LXX_WH
Jób 41:15	G3746	ωσπερ	ADV	LXX_WH
Jób 41:15		σμιριτης	N-NSM	ELTERO_SZOVEGALAP
Jób 41:15	G3037	λιθος	N-NSM	LXX_WH
Jób 41:16	G1519	εις	A-NSM	LXX_WH
Jób 41:16	G3588	του	T-GSM	LXX_WH
Jób 41:16	G1519	ενος	A-GSM	LXX_WH
Jób 41:16	G2853	κολλωνται	V-PPI-3P	LXX_WH
Jób 41:16	G4151	πνευμα	N-NSN	LXX_WH
Jób 41:16	G1161	δε	PRT	LXX_WH
Jób 41:16	G3364	ου	ADV	LXX_WH
Jób 41:16	G3165	μη	ADV	LXX_WH
Jób 41:16	G1330	διελθη	V-AAS-3S	LXX_WH
Jób 41:16	G0846	αυτον	D-ASM	LXX_WH
Jób 41:17	G0435	ανηρ	N-NSM	LXX_WH
Jób 41:17	G3588	τω	T-DSM	LXX_WH
Jób 41:17	G0080	αδελφω	N-DSM	LXX_WH
Jób 41:17	G0846	αυτου	D-GSM	LXX_WH
Jób 41:17	G4347	προσκολληθησεται	V-FPI-3S	LXX_WH
Jób 41:17	G4912	συνεχονται	V-PAI-3P	LXX_WH
Jób 41:17	G2532	και	CONJ	LXX_WH
Jób 41:17	G3364	ου	ADV	LXX_WH
Jób 41:17	G3165	μη	ADV	LXX_WH
Jób 41:17	G0645	αποσπασθωσιν	V-APS-3P	LXX_WH
Jób 41:18	G1722	εν	PREP	LXX_WH
Jób 41:18		πταρμω	N-DSM	ELTERO_SZOVEGALAP
Jób 41:18	G0846	αυτου	D-GSM	LXX_WH
Jób 41:18	G2017	επιφαυσκεται	V-PMI-3S	LXX_WH
Jób 41:18	G5338	φεγγος	N-NSN	LXX_WH
Jób 41:18	G3588	οι	T-NPM	LXX_WH
Jób 41:18	G1161	δε	PRT	LXX_WH
Jób 41:18	G3788	οφθαλμοι	N-NPM	LXX_WH
Jób 41:18	G0846	αυτου	D-GSM	LXX_WH
Jób 41:18	G1491	ειδος	N-NSN	LXX_WH
Jób 41:18	G2193	εωσφορου	N-GSM	ABP-potolt
Jób 41:19	G1537	εκ	PREP	LXX_WH
Jób 41:19	G4750	στοματος	N-GSN	LXX_WH
Jób 41:19	G0846	αυτου	D-GSM	LXX_WH
Jób 41:19	G1607	εκπορευονται	V-PMI-3P	LXX_WH
Jób 41:19	G2985	λαμπαδες	N-NPF	LXX_WH
Jób 41:19	G2545	καιομεναι	V-PMPNP	LXX_WH
Jób 41:19	G2532	και	CONJ	LXX_WH
Jób 41:19		διαρριπτουνται	V-PMI-3P	ELTERO_SZOVEGALAP
Jób 41:19		εσχαραι	N-NPF	ELTERO_SZOVEGALAP
Jób 41:19	G4442	πυρος	N-GSN	LXX_WH
Jób 41:20	G1537	εκ	PREP	LXX_WH
Jób 41:20		μυκτηρων	N-NSM	ELTERO_SZOVEGALAP
Jób 41:20	G0846	αυτου	D-GSM	LXX_WH
Jób 41:20	G1607	εκπορευεται	V-PMI-3S	LXX_WH
Jób 41:20	G2586	καπνος	N-NSM	LXX_WH
Jób 41:20	G2575	καμινου	N-GSF	LXX_WH
Jób 41:20	G2545	καιομενης	V-PMPGS	LXX_WH
Jób 41:20	G4442	πυρι	N-DSN	LXX_WH
Jób 41:20	G0440	ανθρακων	N-GPM	LXX_WH
Jób 41:21	G3588	η	T-NSF	LXX_WH
Jób 41:21	G5590	ψυχη	N-NSF	LXX_WH
Jób 41:21	G0846	αυτου	D-GSM	LXX_WH
Jób 41:21	G0440	ανθρακες	N-NPM	LXX_WH
Jób 41:21	G5395	φλοξ	N-NSF	LXX_WH
Jób 41:21	G1161	δε	PRT	LXX_WH
Jób 41:21	G1537	εκ	PREP	LXX_WH
Jób 41:21	G4750	στοματος	N-GSN	LXX_WH
Jób 41:21	G0846	αυτου	D-GSM	LXX_WH
Jób 41:21	G1607	εκπορευεται	V-PMI-3S	LXX_WH
Jób 41:22	G1722	εν	PREP	LXX_WH
Jób 41:22	G1161	δε	PRT	LXX_WH
Jób 41:22	G5137	τραχηλω	N-DSM	LXX_WH
Jób 41:22	G0846	αυτου	D-GSM	LXX_WH
Jób 41:22		αυλιζεται	V-PMI-3S	ELTERO_SZOVEGALAP
Jób 41:22	G1411	δυναμις	N-NSF	LXX_WH
Jób 41:22	G1715	εμπροσθεν	PREP	LXX_WH
Jób 41:22	G0846	αυτου	D-GSM	LXX_WH
Jób 41:22	G5143	τρεχει	V-PAI-3S	LXX_WH
Jób 41:22	G0684	απωλεια	N-NSF	LXX_WH
Jób 41:23	G4561	σαρκες	N-NPF	LXX_WH
Jób 41:23	G1161	δε	PRT	LXX_WH
Jób 41:23	G4983	σωματος	N-GSN	LXX_WH
Jób 41:23	G0846	αυτου	D-GSM	LXX_WH
Jób 41:23	G2853	κεκολληνται	V-RPI-3P	LXX_WH
Jób 41:23	G2708	καταχεει	V-PAI-3S	LXX_WH
Jób 41:23	G1909	επ	PREP	LXX_WH
Jób 41:23	G0846	αυτον	D-ASM	LXX_WH
Jób 41:23	G3364	ου	ADV	LXX_WH
Jób 41:23	G4531	σαλευθησεται	V-FPI-3S	LXX_WH
Jób 41:24	G3588	η	T-NSF	LXX_WH
Jób 41:24	G2588	καρδια	N-NSF	LXX_WH
Jób 41:24	G0846	αυτου	D-GSM	LXX_WH
Jób 41:24	G4078	πεπηγεν	V-RAI-3S	LXX_WH
Jób 41:24	G3739	ως	CONJ	LXX_WH
Jób 41:24	G3037	λιθος	N-NSM	LXX_WH
Jób 41:24	G2476	εστηκεν	V-RAI-3S	LXX_WH
Jób 41:24	G1161	δε	PRT	LXX_WH
Jób 41:24	G3746	ωσπερ	ADV	LXX_WH
Jób 41:24		ακμων	N-NSM	ELTERO_SZOVEGALAP
Jób 41:24		ανηλατος	A-NSM	ELTERO_SZOVEGALAP
Jób 41:25	G4762	στραφεντος	V-APPGS	LXX_WH
Jób 41:25	G1161	δε	PRT	LXX_WH
Jób 41:25	G0846	αυτου	D-GSM	LXX_WH
Jób 41:25	G5401	φοβος	N-NSM	LXX_WH
Jób 41:25	G2342	θηριοις	N-DPN	LXX_WH
Jób 41:25	G5074	τετραποσιν	N-DPM	LXX_WH
Jób 41:25	G1909	επι	PREP	LXX_WH
Jób 41:25	G1065	γης	N-GSF	LXX_WH
Jób 41:25	G0242	αλλομενοις	V-PMPDP	LXX_WH
Jób 41:26	G1437	εαν	CONJ	LXX_WH
Jób 41:26	G4876	συναντησωσιν	V-AAS-3P	LXX_WH
Jób 41:26	G0846	αυτω	D-DSM	LXX_WH
Jób 41:26	G3057	λογχαι	N-NPF	LXX_WH
Jób 41:26	G3762	ουδεν	A-ASN	LXX_WH
Jób 41:26	G3165	μη	ADV	LXX_WH
Jób 41:26	G4160	ποιησωσιν	V-AAS-3P	LXX_WH
Jób 41:26		δορυ	N-ASN	ELTERO_SZOVEGALAP
Jób 41:26		επηρμενον	V-RMPAS	ELTERO_SZOVEGALAP
Jób 41:26	G2532	και	CONJ	LXX_WH
Jób 41:26	G2382	θωρακα	N-APM	LXX_WH
Jób 41:27	G2233	ηγηται	V-RMI-3S	LXX_WH
Jób 41:27	G3303	μεν	PRT	LXX_WH
Jób 41:27	G1063	γαρ	PRT	LXX_WH
Jób 41:27	G4604	σιδηρον	N-ASM	LXX_WH
Jób 41:27	G0892	αχυρα	N-APN	LXX_WH
Jób 41:27	G5475	χαλκον	N-ASM	LXX_WH
Jób 41:27	G1161	δε	PRT	LXX_WH
Jób 41:27	G3746	ωσπερ	ADV	LXX_WH
Jób 41:27	G3586	ξυλον	N-ASN	LXX_WH
Jób 41:27	G4524	σαθρον	A-ASN	ABP-potolt
Jób 41:28	G3364	ου	ADV	LXX_WH
Jób 41:28	G3165	μη	ADV	LXX_WH
Jób 41:28		τρωση	V-AAS-3S	ELTERO_SZOVEGALAP
Jób 41:28	G0846	αυτον	D-ASM	LXX_WH
Jób 41:28	G5115	τοξον	N-NSN	LXX_WH
Jób 41:28	G5469	χαλκειον	N-NSN	ABP-potolt
Jób 41:28	G2233	ηγηται	V-RMI-3S	LXX_WH
Jób 41:28	G3303	μεν	PRT	LXX_WH
Jób 41:28		πετροβολον	N-ASM	ELTERO_SZOVEGALAP
Jób 41:28	G5528	χορτον	N-ASM	LXX_WH
Jób 41:29	G3739	ως	CONJ	LXX_WH
Jób 41:29	G2562	καλαμη	N-NSF	LXX_WH
Jób 41:29	G3049	ελογισθησαν	V-API-3P	LXX_WH
Jób 41:29	G4973	σφυραι	N-NPF	ABP-potolt
Jób 41:29	G2606	καταγελα	V-PAI-3S	LXX_WH
Jób 41:29	G1161	δε	PRT	LXX_WH
Jób 41:29	G4578	σεισμου	N-GSM	LXX_WH
Jób 41:29	G4450	πυρφορου	A-GSM	ABP-potolt
Jób 41:30	G3588	η	T-NSF	LXX_WH
Jób 41:30		στρωμνη	N-NSF	ELTERO_SZOVEGALAP
Jób 41:30	G0846	αυτου	D-GSM	LXX_WH
Jób 41:30		οβελισκοι	N-NPM	ELTERO_SZOVEGALAP
Jób 41:30	G3691	οξεις	A-NPM	LXX_WH
Jób 41:30	G3956	πας	A-NSM	LXX_WH
Jób 41:30	G1161	δε	PRT	LXX_WH
Jób 41:30	G5557	χρυσος	N-NSM	LXX_WH
Jób 41:30	G2281	θαλασσης	N-GSF	LXX_WH
Jób 41:30	G5259	υπ	PREP	LXX_WH
Jób 41:30	G0846	αυτον	D-ASM	LXX_WH
Jób 41:30	G3746	ωσπερ	ADV	LXX_WH
Jób 41:30	G4081	πηλος	N-NSM	LXX_WH
Jób 41:30	G0291	αμυθητος	A-NSM	ABP-potolt
Jób 41:31	G0326	αναζει	V-PAI-3S	ABP-potolt
Jób 41:31	G3588	την	T-ASF	LXX_WH
Jób 41:31	G0012	αβυσσον	N-ASF	LXX_WH
Jób 41:31	G3746	ωσπερ	ADV	LXX_WH
Jób 41:31		χαλκειον	N-ASN	ELTERO_SZOVEGALAP
Jób 41:31	G2233	ηγηται	V-RMI-3S	LXX_WH
Jób 41:31	G1161	δε	PRT	LXX_WH
Jób 41:31	G3588	την	T-ASF	LXX_WH
Jób 41:31	G2281	θαλασσαν	N-ASF	LXX_WH
Jób 41:31	G3746	ωσπερ	ADV	LXX_WH
Jób 41:31		εξαλειπτρον	N-ASN	ELTERO_SZOVEGALAP
Jób 41:32	G3588	τον	T-ASM	LXX_WH
Jób 41:32	G1161	δε	PRT	LXX_WH
Jób 41:32		ταρταρον	N-ASM	ELTERO_SZOVEGALAP
Jób 41:32	G3588	της	T-GSF	LXX_WH
Jób 41:32	G0012	αβυσσου	N-GSF	LXX_WH
Jób 41:32	G3746	ωσπερ	ADV	LXX_WH
Jób 41:32	G0164	αιχμαλωτον	A-ASM	LXX_WH
Jób 41:32	G3049	ελογισατο	V-AMI-3S	LXX_WH
Jób 41:32	G0012	αβυσσον	N-ASF	LXX_WH
Jób 41:32	G1519	εις	PREP	LXX_WH
Jób 41:32	G4043	περιπατον	N-ASM	ABP-potolt
Jób 41:33	G3364	ουκ	ADV	LXX_WH
Jób 41:33	G1510	εστιν	V-PAI-3S	LXX_WH
Jób 41:33	G3762	ουδεν	A-NSN	LXX_WH
Jób 41:33	G1909	επι	PREP	LXX_WH
Jób 41:33	G3588	της	T-GSF	LXX_WH
Jób 41:33	G1065	γης	N-GSF	LXX_WH
Jób 41:33	G3664	ομοιον	A-ASM	LXX_WH
Jób 41:33	G0846	αυτω	D-DSM	LXX_WH
Jób 41:33	G4160	πεποιημενον	V-RMPAS	LXX_WH
Jób 41:33	G1460	εγκαταπαιζεσθαι	V-PMN	ABP-potolt
Jób 41:33	G5259	υπο	PREP	LXX_WH
Jób 41:33	G3588	των	T-GPM	LXX_WH
Jób 41:33	G0032	αγγελων	N-GPM	LXX_WH
Jób 41:33	G1473	μου	P-GS	LXX_WH
Jób 41:34	G3956	παν	A-ASN	LXX_WH
Jób 41:34	G5308	υψηλον	A-ASN	LXX_WH
Jób 41:34	G3708	ορα	V-PAI-3S	LXX_WH
Jób 41:34	G0846	αυτος	D-NSM	LXX_WH
Jób 41:34	G1161	δε	PRT	LXX_WH
Jób 41:34	G0935	βασιλευς	N-NSM	LXX_WH
Jób 41:34	G3956	παντων	A-GPM	LXX_WH
Jób 41:34	G3588	των	T-GPM	LXX_WH
Jób 41:34	G1722	εν	PREP	LXX_WH
Jób 41:34	G3588	τοις	T-DPN	LXX_WH
Jób 41:34	G5204	υδασιν	N-DPN	LXX_WH
Jób 42:1	G5274	υπολαβων	V-AAPNS	LXX_WH
Jób 42:1	G1161	δε	PRT	LXX_WH
Jób 42:1	G2492	ιωβ	N-PRI	LXX_WH
Jób 42:1	G3004	λεγει	V-PAI-3S	LXX_WH
Jób 42:1	G3588	τω	T-DSM	LXX_WH
Jób 42:1	G2962	κυριω	N-DSM	LXX_WH
Jób 42:2	G1492	οιδα	V-RAI-1S	ABP-potolt
Jób 42:2	G3754	οτι	CONJ	LXX_WH
Jób 42:2	G3956	παντα	A-APN	LXX_WH
Jób 42:2	G1410	δυνασαι	V-PMI-2S	LXX_WH
Jób 42:2	G0101	αδυνατει	V-PAI-3S	LXX_WH
Jób 42:2	G1161	δε	PRT	LXX_WH
Jób 42:2	G4771	σοι	P-DS	LXX_WH
Jób 42:2	G3762	ουθεν	A-ASN	LXX_WH
Jób 42:3	G5100	τις	I-NSM	LXX_WH
Jób 42:3	G1063	γαρ	PRT	LXX_WH
Jób 42:3	G1510	εστιν	V-PAI-3S	LXX_WH
Jób 42:3	G3588	ο	T-NSM	LXX_WH
Jób 42:3	G2928	κρυπτων	V-PAPNS	LXX_WH
Jób 42:3	G4771	σε	P-AS	LXX_WH
Jób 42:3	G1012	βουλην	N-ASF	LXX_WH
Jób 42:3	G5339	φειδομενος	V-PMPNS	LXX_WH
Jób 42:3	G1161	δε	PRT	LXX_WH
Jób 42:3	G4487	ρηματων	N-GPN	LXX_WH
Jób 42:3	G2532	και	CONJ	LXX_WH
Jób 42:3	G4771	σε	P-AS	LXX_WH
Jób 42:3	G3633	οιεται	V-PMI-3S	LXX_WH
Jób 42:3	G2928	κρυπτειν	V-PAN	LXX_WH
Jób 42:3	G5100	τις	I-NSM	LXX_WH
Jób 42:3	G1161	δε	PRT	LXX_WH
Jób 42:3	G0312	αναγγελει	V-FAI-3S	LXX_WH
Jób 42:3	G1473	μοι	P-DS	LXX_WH
Jób 42:3	G3739	α	R-APN	LXX_WH
Jób 42:3	G3364	ουκ	ADV	LXX_WH
Jób 42:3		ηδειν	V-YAI-1S	ELTERO_SZOVEGALAP
Jób 42:3	G3173	μεγαλα	A-APN	LXX_WH
Jób 42:3	G2532	και	CONJ	LXX_WH
Jób 42:3	G2298	θαυμαστα	A-APN	LXX_WH
Jób 42:3	G3739	α	R-APN	LXX_WH
Jób 42:3	G3364	ουκ	ADV	LXX_WH
Jób 42:3		ηπισταμην	V-IMI-1S	ELTERO_SZOVEGALAP
Jób 42:4	G0191	ακουσον	V-AAD-2S	LXX_WH
Jób 42:4	G1161	δε	PRT	LXX_WH
Jób 42:4	G1473	μου	P-GS	LXX_WH
Jób 42:4	G2962	κυριε	N-VSM	LXX_WH
Jób 42:4	G2443	ινα	CONJ	LXX_WH
Jób 42:4	G2504	καγω	CONJ	ABP-potolt
Jób 42:4	G2980	λαλησω	V-FAI-1S	LXX_WH
Jób 42:4	G2065	ερωτησω	V-AAS-1S	LXX_WH
Jób 42:4	G1161	δε	PRT	LXX_WH
Jób 42:4	G4771	σε	P-AS	LXX_WH
Jób 42:4	G4771	συ	P-NS	LXX_WH
Jób 42:4	G1161	δε	PRT	LXX_WH
Jób 42:4	G1473	με	P-AS	LXX_WH
Jób 42:4	G1321	διδαξον	V-AAD-2S	LXX_WH
Jób 42:5	G0189	ακοην	N-ASF	LXX_WH
Jób 42:5	G3303	μεν	PRT	LXX_WH
Jób 42:5	G3775	ωτος	N-GSN	LXX_WH
Jób 42:5	G0191	ηκουον	V-IAI-1S	LXX_WH
Jób 42:5	G4771	σου	P-GS	LXX_WH
Jób 42:5	G3588	το	T-ASN	LXX_WH
Jób 42:5	G4386	προτερον	A-ASN	LXX_WH
Jób 42:5	G3570	νυνι	ADV	LXX_WH
Jób 42:5	G1161	δε	PRT	LXX_WH
Jób 42:5	G3588	ο	T-NSM	LXX_WH
Jób 42:5	G3788	οφθαλμος	N-NSM	LXX_WH
Jób 42:5	G1473	μου	P-GS	LXX_WH
Jób 42:5	G3708	εορακεν	V-RAI-3S	LXX_WH
Jób 42:5	G4771	σε	P-AS	LXX_WH
Jób 42:6		διο	CONJ	ELTERO_SZOVEGALAP
Jób 42:6		εφαυλισα	V-AAI-1S	ELTERO_SZOVEGALAP
Jób 42:6	G1683	εμαυτον	D-ASM	LXX_WH
Jób 42:6	G2532	και	CONJ	LXX_WH
Jób 42:6	G5080	ετακην	V-API-1S	LXX_WH
Jób 42:6	G2233	ηγημαι	V-RMI-1S	LXX_WH
Jób 42:6	G1161	δε	PRT	LXX_WH
Jób 42:6	G1683	εμαυτον	D-ASM	LXX_WH
Jób 42:6	G1065	γην	N-ASF	LXX_WH
Jób 42:6	G2532	και	CONJ	LXX_WH
Jób 42:6	G4700	σποδον	N-ASF	LXX_WH
Jób 42:7	G1096	εγενετο	V-AMI-3S	LXX_WH
Jób 42:7	G1161	δε	PRT	LXX_WH
Jób 42:7	G3326	μετα	PREP	LXX_WH
Jób 42:7	G3588	το	T-ASN	LXX_WH
Jób 42:7	G2980	λαλησαι	V-AAN	LXX_WH
Jób 42:7	G3588	τον	T-ASM	LXX_WH
Jób 42:7	G2962	κυριον	N-ASM	LXX_WH
Jób 42:7	G3956	παντα	A-APN	LXX_WH
Jób 42:7	G3588	τα	T-APN	LXX_WH
Jób 42:7	G4487	ρηματα	N-APN	LXX_WH
Jób 42:7	G3778	ταυτα	D-APN	LXX_WH
Jób 42:7	G3588	τω	T-DSM	LXX_WH
Jób 42:7	G2492	ιωβ	N-PRI	LXX_WH
Jób 42:7		ειπεν	V-AAI-3S	ELTERO_SZOVEGALAP
Jób 42:7	G3588	ο	T-NSM	LXX_WH
Jób 42:7	G2962	κυριος	N-NSM	LXX_WH
Jób 42:7	G3956	ελιφας	N-PRI	ABP-potolt
Jób 42:7	G3588	τω	T-DSM	LXX_WH
Jób 42:7		θαιμανιτη	N-DSM	ELTERO_SZOVEGALAP
Jób 42:7	G0264	ημαρτες	V-AAI-2S	LXX_WH
Jób 42:7	G4771	συ	P-NS	LXX_WH
Jób 42:7	G2532	και	CONJ	LXX_WH
Jób 42:7	G3588	οι	T-NPM	LXX_WH
Jób 42:7	G1417	δυο	N-NUI	LXX_WH
Jób 42:7	G5384	φιλοι	A-NPM	LXX_WH
Jób 42:7	G4771	σου	P-GS	LXX_WH
Jób 42:7	G3364	ου	ADV	LXX_WH
Jób 42:7	G1063	γαρ	PRT	LXX_WH
Jób 42:7	G2980	ελαλησατε	V-AAI-2P	LXX_WH
Jób 42:7	G1799	ενωπιον	PREP	LXX_WH
Jób 42:7	G1473	μου	P-GS	LXX_WH
Jób 42:7	G0227	αληθες	A-ASN	LXX_WH
Jób 42:7	G3762	ουδεν	A-ASN	LXX_WH
Jób 42:7	G3746	ωσπερ	ADV	LXX_WH
Jób 42:7	G3588	ο	T-NSM	LXX_WH
Jób 42:7	G2324	θεραπων	N-NSM	LXX_WH
Jób 42:7	G1473	μου	P-GS	LXX_WH
Jób 42:7	G2492	ιωβ	N-PRI	LXX_WH
Jób 42:8	G3568	νυν	ADV	LXX_WH
Jób 42:8	G1161	δε	PRT	LXX_WH
Jób 42:8	G2983	λαβετε	V-AAD-2P	LXX_WH
Jób 42:8	G2033	επτα	N-NUI	LXX_WH
Jób 42:8	G3448	μοσχους	N-APM	LXX_WH
Jób 42:8	G2532	και	CONJ	LXX_WH
Jób 42:8	G2033	επτα	N-NUI	LXX_WH
Jób 42:8		κριους	N-APM	
Jób 42:8	G2532	και	CONJ	LXX_WH
Jób 42:8	G4198	πορευθητε	V-APS-2P	LXX_WH
Jób 42:8	G4314	προς	PREP	LXX_WH
Jób 42:8	G3588	τον	T-ASM	LXX_WH
Jób 42:8	G2324	θεραποντα	N-ASM	LXX_WH
Jób 42:8	G1473	μου	P-GS	LXX_WH
Jób 42:8	G2492	ιωβ	N-PRI	LXX_WH
Jób 42:8	G2532	και	CONJ	LXX_WH
Jób 42:8	G4160	ποιησει	V-FAI-3S	LXX_WH
Jób 42:8	G2593	καρπωσιν	N-ASF	ABP-potolt
Jób 42:8	G4012	περι	PREP	LXX_WH
Jób 42:8	G4771	υμων	P-GP	LXX_WH
Jób 42:8	G2492	ιωβ	N-PRI	LXX_WH
Jób 42:8	G1161	δε	PRT	LXX_WH
Jób 42:8	G3588	ο	T-NSM	LXX_WH
Jób 42:8	G2324	θεραπων	N-NSM	LXX_WH
Jób 42:8	G1473	μου	P-GS	LXX_WH
Jób 42:8	G2172	ευξεται	V-FMI-3S	LXX_WH
Jób 42:8	G4012	περι	PREP	LXX_WH
Jób 42:8	G4771	υμων	P-GP	LXX_WH
Jób 42:8	G3754	οτι	CONJ	LXX_WH
Jób 42:8	G1487	ει	CONJ	LXX_WH
Jób 42:8	G3165	μη	ADV	LXX_WH
Jób 42:8	G4383	προσωπον	N-ASN	LXX_WH
Jób 42:8	G0846	αυτου	D-GSM	LXX_WH
Jób 42:8	G2983	λημψομαι	V-FMI-1S	LXX_WH
Jób 42:8	G1487	ει	CONJ	LXX_WH
Jób 42:8	G3165	μη	ADV	LXX_WH
Jób 42:8	G1063	γαρ	PRT	LXX_WH
Jób 42:8	G1223	δι	PREP	LXX_WH
Jób 42:8	G0846	αυτον	D-ASM	LXX_WH
Jób 42:8		απωλεσα	V-AAI-1S	ELTERO_SZOVEGALAP
Jób 42:8	G0302	αν	PRT	LXX_WH
Jób 42:8	G4771	υμας	P-AP	LXX_WH
Jób 42:8	G3364	ου	ADV	LXX_WH
Jób 42:8	G1063	γαρ	PRT	LXX_WH
Jób 42:8	G2980	ελαλησατε	V-AAI-2P	LXX_WH
Jób 42:8	G0227	αληθες	A-ASN	LXX_WH
Jób 42:8	G2596	κατα	PREP	LXX_WH
Jób 42:8	G3588	του	T-GSM	LXX_WH
Jób 42:8	G2324	θεραποντος	N-GSM	LXX_WH
Jób 42:8	G1473	μου	P-GS	LXX_WH
Jób 42:8	G2492	ιωβ	N-PRI	LXX_WH
Jób 42:9	G4198	επορευθη	V-API-3S	LXX_WH
Jób 42:9	G1161	δε	PRT	LXX_WH
Jób 42:9		ελιφας	N-PRI	ELTERO_SZOVEGALAP
Jób 42:9	G3588	ο	T-NSM	LXX_WH
Jób 42:9	G2962	θαιμανιτης	N-NSM	ABP-potolt
Jób 42:9	G2532	και	CONJ	LXX_WH
Jób 42:9	G3089	βαλδαδ	N-PRI	ABP-potolt
Jób 42:9	G3588	ο	T-NSM	LXX_WH
Jób 42:9	G2962	σαυχιτης	N-NSM	ABP-potolt
Jób 42:9	G2532	και	CONJ	LXX_WH
Jób 42:9	G3089	σωφαρ	N-PRI	ABP-potolt
Jób 42:9	G3588	ο	T-NSM	LXX_WH
Jób 42:9	G2962	μιναιος	N-NSM	ABP-potolt
Jób 42:9	G2532	και	CONJ	LXX_WH
Jób 42:9	G4160	εποιησαν	V-AAI-3P	LXX_WH
Jób 42:9	G2531	καθως	ADV	LXX_WH
Jób 42:9	G4929	συνεταξεν	V-AAI-3S	LXX_WH
Jób 42:9	G0846	αυτοις	D-DPM	LXX_WH
Jób 42:9	G3588	ο	T-NSM	LXX_WH
Jób 42:9	G2962	κυριος	N-NSM	LXX_WH
Jób 42:9	G2532	και	CONJ	LXX_WH
Jób 42:9	G3089	ελυσεν	V-AAI-3S	LXX_WH
Jób 42:9	G3588	την	T-ASF	LXX_WH
Jób 42:9	G0266	αμαρτιαν	N-ASF	LXX_WH
Jób 42:9	G0846	αυτοις	D-DPM	LXX_WH
Jób 42:9	G1223	δια	PREP	LXX_WH
Jób 42:9	G2492	ιωβ	N-PRI	LXX_WH
Jób 42:10	G3588	ο	T-NSM	LXX_WH
Jób 42:10	G1161	δε	PRT	LXX_WH
Jób 42:10	G2962	κυριος	N-NSM	LXX_WH
Jób 42:10	G0837	ηυξησεν	V-AAI-3S	LXX_WH
Jób 42:10	G3588	τον	T-ASM	LXX_WH
Jób 42:10	G2492	ιωβ	N-PRI	LXX_WH
Jób 42:10	G2172	ευξαμενου	V-AMPGS	LXX_WH
Jób 42:10	G1161	δε	PRT	LXX_WH
Jób 42:10	G0846	αυτου	D-GSM	LXX_WH
Jób 42:10	G2532	και	CONJ	LXX_WH
Jób 42:10	G4012	περι	PREP	LXX_WH
Jób 42:10	G3588	των	T-GPM	LXX_WH
Jób 42:10	G5384	φιλων	A-GPM	LXX_WH
Jób 42:10	G0846	αυτου	D-GSM	LXX_WH
Jób 42:10		αφηκεν	V-AAI-3S	ELTERO_SZOVEGALAP
Jób 42:10	G0846	αυτοις	D-DPM	LXX_WH
Jób 42:10	G3588	την	T-ASF	LXX_WH
Jób 42:10	G0266	αμαρτιαν	N-ASF	LXX_WH
Jób 42:10	G1325	εδωκεν	V-AAI-3S	LXX_WH
Jób 42:10	G1161	δε	PRT	LXX_WH
Jób 42:10	G3588	ο	T-NSM	LXX_WH
Jób 42:10	G2962	κυριος	N-NSM	LXX_WH
Jób 42:10	G1362	διπλα	A-APN	LXX_WH
Jób 42:10	G3745	οσα	A-APN	LXX_WH
Jób 42:10	G1510	ην	V-IAI-3S	LXX_WH
Jób 42:10	G1715	εμπροσθεν	ADV	LXX_WH
Jób 42:10	G2492	ιωβ	N-PRI	LXX_WH
Jób 42:10	G1519	εις	PREP	LXX_WH
Jób 42:10	G1361	διπλασιασμον	N-ASM	ABP-potolt
Jób 42:11	G0191	ηκουσαν	V-AAI-3P	LXX_WH
Jób 42:11	G1161	δε	PRT	LXX_WH
Jób 42:11	G3956	παντες	A-NPM	LXX_WH
Jób 42:11	G3588	οι	T-NPM	LXX_WH
Jób 42:11	G0080	αδελφοι	N-NPM	LXX_WH
Jób 42:11	G0846	αυτου	D-GSM	LXX_WH
Jób 42:11	G2532	και	CONJ	LXX_WH
Jób 42:11	G3588	αι	T-NPF	LXX_WH
Jób 42:11	G0079	αδελφαι	N-NPF	LXX_WH
Jób 42:11	G0846	αυτου	D-GSM	LXX_WH
Jób 42:11	G3956	παντα	A-APN	LXX_WH
Jób 42:11	G3588	τα	T-APN	LXX_WH
Jób 42:11	G4819	συμβεβηκοτα	V-RAPAP	LXX_WH
Jób 42:11	G0846	αυτω	D-DSM	LXX_WH
Jób 42:11	G2532	και	CONJ	LXX_WH
Jób 42:11	G2064	ηλθον	V-AAI-3P	LXX_WH
Jób 42:11	G4314	προς	PREP	LXX_WH
Jób 42:11	G0846	αυτον	D-ASM	LXX_WH
Jób 42:11	G2532	και	CONJ	LXX_WH
Jób 42:11	G3956	παντες	A-NPM	LXX_WH
Jób 42:11	G3745	οσοι	A-NPM	LXX_WH
Jób 42:11		ηδεισαν	V-YAI-3P	ELTERO_SZOVEGALAP
Jób 42:11	G0846	αυτον	D-ASM	LXX_WH
Jób 42:11	G1537	εκ	PREP	LXX_WH
Jób 42:11	G4413	πρωτου	A-GSMS	LXX_WH
Jób 42:11	G2068	φαγοντες	V-AAPNP	LXX_WH
Jób 42:11	G1161	δε	PRT	LXX_WH
Jób 42:11	G2532	και	CONJ	LXX_WH
Jób 42:11	G4095	πιοντες	V-AAPNP	LXX_WH
Jób 42:11	G3844	παρ	PREP	LXX_WH
Jób 42:11	G0846	αυτω	D-DSM	LXX_WH
Jób 42:11	G3870	παρεκαλεσαν	V-AAI-3P	LXX_WH
Jób 42:11	G0846	αυτον	D-ASM	LXX_WH
Jób 42:11	G2532	και	CONJ	LXX_WH
Jób 42:11	G2296	εθαυμασαν	V-AAI-3P	LXX_WH
Jób 42:11	G1909	επι	PREP	LXX_WH
Jób 42:11	G3956	πασιν	A-DPM	LXX_WH
Jób 42:11	G3739	οις	R-DPM	LXX_WH
Jób 42:11		επηγαγεν	V-AAI-3S	ELTERO_SZOVEGALAP
Jób 42:11	G0846	αυτω	D-DSM	LXX_WH
Jób 42:11	G3588	ο	T-NSM	LXX_WH
Jób 42:11	G2962	κυριος	N-NSM	LXX_WH
Jób 42:11	G1325	εδωκεν	V-AAI-3S	LXX_WH
Jób 42:11	G1161	δε	PRT	LXX_WH
Jób 42:11	G0846	αυτω	D-DSM	LXX_WH
Jób 42:11	G1538	εκαστος	A-NSM	LXX_WH
Jób 42:11		αμναδα	N-ASF	ELTERO_SZOVEGALAP
Jób 42:11	G1519	μιαν	A-ASF	LXX_WH
Jób 42:11	G2532	και	CONJ	LXX_WH
Jób 42:11		τετραδραχμον	N-ASN	ELTERO_SZOVEGALAP
Jób 42:11		χρυσουν	A-ASN	ELTERO_SZOVEGALAP
Jób 42:11	G0767	ασημον	A-ASN	LXX_WH
Jób 42:12	G3588	ο	T-NSM	LXX_WH
Jób 42:12	G1161	δε	PRT	LXX_WH
Jób 42:12	G2962	κυριος	N-NSM	LXX_WH
Jób 42:12	G2127	ευλογησεν	V-AAI-3S	LXX_WH
Jób 42:12	G3588	τα	T-APN	LXX_WH
Jób 42:12	G2078	εσχατα	A-APN	LXX_WH
Jób 42:12	G2492	ιωβ	N-PRI	LXX_WH
Jób 42:12	G2228	η	CONJ	LXX_WH
Jób 42:12	G3588	τα	T-APN	LXX_WH
Jób 42:12	G1715	εμπροσθεν	ADV	LXX_WH
Jób 42:12	G1510	ην	V-IAI-3S	LXX_WH
Jób 42:12	G1161	δε	PRT	LXX_WH
Jób 42:12	G3588	τα	T-NPN	LXX_WH
Jób 42:12	G2934	κτηνη	N-NPN	LXX_WH
Jób 42:12	G0846	αυτου	D-GSM	LXX_WH
Jób 42:12	G4263	προβατα	N-NPN	LXX_WH
Jób 42:12	G3463	μυρια	A-NPN	LXX_WH
Jób 42:12	G5070	τετρακισχιλια	A-NPN	LXX_WH
Jób 42:12	G2574	καμηλοι	N-NPF	LXX_WH
Jób 42:12	G1810	εξακισχιλιαι	A-NPF	ABP-potolt
Jób 42:12	G2201	ζευγη	N-NPN	LXX_WH
Jób 42:12	G1016	βοων	N-GPF	LXX_WH
Jób 42:12	G5507	χιλια	A-NPN	LXX_WH
Jób 42:12	G3688	ονοι	N-NPF	LXX_WH
Jób 42:12	G2338	θηλειαι	A-NPF	LXX_WH
Jób 42:12	G3541	νομαδες	N-NPF	ABP-potolt
Jób 42:12	G5507	χιλιαι	A-NPF	LXX_WH
Jób 42:13	G1080	γεννωνται	V-PMI-3P	LXX_WH
Jób 42:13	G1161	δε	PRT	LXX_WH
Jób 42:13	G0846	αυτω	D-DSM	LXX_WH
Jób 42:13	G5207	υιοι	N-NPM	LXX_WH
Jób 42:13	G2033	επτα	N-NUI	LXX_WH
Jób 42:13	G2532	και	CONJ	LXX_WH
Jób 42:13	G2364	θυγατερες	N-NPF	LXX_WH
Jób 42:13	G5140	τρεις	A-NPM	LXX_WH
Jób 42:14	G2532	και	CONJ	LXX_WH
Jób 42:14	G2564	εκαλεσεν	V-AAI-3S	LXX_WH
Jób 42:14	G3588	την	T-ASF	LXX_WH
Jób 42:14	G3303	μεν	PRT	LXX_WH
Jób 42:14	G4413	πρωτην	A-ASFS	LXX_WH
Jób 42:14	G2250	ημεραν	N-ASF	LXX_WH
Jób 42:14	G3588	την	T-ASF	LXX_WH
Jób 42:14	G1161	δε	PRT	LXX_WH
Jób 42:14	G1208	δευτεραν	A-ASF	LXX_WH
Jób 42:14		κασιαν	N-ASF	ELTERO_SZOVEGALAP
Jób 42:14	G3588	την	T-ASF	LXX_WH
Jób 42:14	G1161	δε	PRT	LXX_WH
Jób 42:14	G5154	τριτην	A-ASF	LXX_WH
Jób 42:14		αμαλθειας	N-GSF	ELTERO_SZOVEGALAP
Jób 42:14	G2768	κερας	N-ASN	LXX_WH
Jób 42:15	G2532	και	CONJ	LXX_WH
Jób 42:15	G3364	ουχ	ADV	LXX_WH
Jób 42:15	G2147	ευρεθησαν	V-API-3P	LXX_WH
Jób 42:15	G2596	κατα	PREP	LXX_WH
Jób 42:15	G3588	τας	T-APF	LXX_WH
Jób 42:15	G2364	θυγατερας	N-APF	LXX_WH
Jób 42:15	G2492	ιωβ	N-PRI	LXX_WH
Jób 42:15	G0957	βελτιους	A-NPM	LXX_WH
Jób 42:15	G0846	αυτων	D-GPM	LXX_WH
Jób 42:15	G1722	εν	PREP	LXX_WH
Jób 42:15	G3588	τη	T-DSF	LXX_WH
Jób 42:15	G5259	υπ	PREP	LXX_WH
Jób 42:15	G3772	ουρανον	N-ASM	LXX_WH
Jób 42:15	G1325	εδωκεν	V-AAI-3S	LXX_WH
Jób 42:15	G1161	δε	PRT	LXX_WH
Jób 42:15	G0846	αυταις	D-DPF	LXX_WH
Jób 42:15	G3588	ο	T-NSM	LXX_WH
Jób 42:15	G3962	πατηρ	N-NSM	LXX_WH
Jób 42:15	G2817	κληρονομιαν	N-ASF	LXX_WH
Jób 42:15	G1722	εν	PREP	LXX_WH
Jób 42:15	G3588	τοις	T-DPM	LXX_WH
Jób 42:15	G0080	αδελφοις	N-DPM	LXX_WH
Jób 42:16	G2198	εζησεν	V-AAI-3S	LXX_WH
Jób 42:16	G1161	δε	PRT	LXX_WH
Jób 42:16	G2492	ιωβ	N-PRI	LXX_WH
Jób 42:16	G3326	μετα	PREP	LXX_WH
Jób 42:16	G3588	την	T-ASF	LXX_WH
Jób 42:16	G4127	πληγην	N-ASF	LXX_WH
Jób 42:16	G2094	ετη	N-APN	LXX_WH
Jób 42:16	G1540	εκατον	N-NUI	LXX_WH
Jób 42:16	G1440	εβδομηκοντα	N-NUI	LXX_WH
Jób 42:16	G3588	τα	T-NPN	LXX_WH
Jób 42:16	G1161	δε	PRT	LXX_WH
Jób 42:16	G3956	παντα	A-NPN	LXX_WH
Jób 42:16	G2198	εζησεν	V-AAI-3S	LXX_WH
Jób 42:16	G2094	ετη	N-NPN	LXX_WH
Jób 42:16	G1250	διακοσια	A-NPN	LXX_WH
Jób 42:16	G5062	τεσσαρακοντα	N-NUI	LXX_WH
Jób 42:16	G3638	οκτω	N-NUI	LXX_WH
Jób 42:16	G2532	και	CONJ	LXX_WH
Jób 42:16	G3708	ειδεν	V-AAI-3S	LXX_WH
Jób 42:16	G2492	ιωβ	N-PRI	LXX_WH
Jób 42:16	G3588	τους	T-APM	LXX_WH
Jób 42:16	G5207	υιους	N-APM	LXX_WH
Jób 42:16	G0846	αυτου	D-GSM	LXX_WH
Jób 42:16	G2532	και	CONJ	LXX_WH
Jób 42:16	G3588	τους	T-APM	LXX_WH
Jób 42:16	G5207	υιους	N-APM	LXX_WH
Jób 42:16	G3588	των	T-GPM	LXX_WH
Jób 42:16	G5207	υιων	N-GPM	LXX_WH
Jób 42:16	G0846	αυτου	D-GSM	LXX_WH
Jób 42:16	G5067	τεταρτην	A-ASF	LXX_WH
Jób 42:16	G1074	γενεαν	N-ASF	LXX_WH
Jób 42:17	G2532	και	CONJ	LXX_WH
Jób 42:17	G5053	ετελευτησεν	V-AAI-3S	LXX_WH
Jób 42:17	G2492	ιωβ	N-PRI	LXX_WH
Jób 42:17	G4245	πρεσβυτερος	N-NSM	LXX_WH
Jób 42:17	G2532	και	CONJ	LXX_WH
Jób 42:17	G4134	πληρης	A-NSM	LXX_WH
Jób 42:17	G2250	ημερων	N-GPF	LXX_WH
