Igehely	Strong-szám	Görög szóalak	Morfológiai kód	Forrás
Józs 1:1	G2532	και	CONJ	LXX_WH
Józs 1:1	G1096	εγενετο	V-AMI-3S	LXX_WH
Józs 1:1	G3326	μετα	PREP	LXX_WH
Józs 1:1	G3588	την	T-ASF	LXX_WH
Józs 1:1	G5054	τελευτην	N-ASF	LXX_WH
Józs 1:1	G1401	μωυση	N-GSM	ABP-potolt
Józs 1:1	G1401	ειπεν	V-AAI-3S	ABP-potolt
Józs 1:1	G2962	κυριος	N-NSM	LXX_WH
Józs 1:1	G3588	τω	T-DSM	LXX_WH
Józs 1:1	G2424	ιησοι	N-PRI	LXX_WH
Józs 1:1	G5207	υιω	N-DSM	LXX_WH
Józs 1:1		ναυη	N-PRI	ELTERO_SZOVEGALAP
Józs 1:1	G3588	τω	T-DSM	LXX_WH
Józs 1:1	G5296	υπουργω	A-DSM	ABP-potolt
Józs 1:1	G5296	μωυση	N-GSM	ABP-potolt
Józs 1:1	G3004	λεγων	V-PAPNS	LXX_WH
Józs 1:2		μωυσης	N-NSM	ELTERO_SZOVEGALAP
Józs 1:2	G3588	ο	T-NSM	LXX_WH
Józs 1:2	G2324	θεραπων	N-NSM	LXX_WH
Józs 1:2	G1473	μου	P-GS	LXX_WH
Józs 1:2	G5053	τετελευτηκεν	V-RAI-3S	LXX_WH
Józs 1:2	G3568	νυν	ADV	LXX_WH
Józs 1:2	G3767	ουν	PRT	LXX_WH
Józs 1:2	G0450	αναστας	V-AAPNS	LXX_WH
Józs 1:2	G1224	διαβηθι	V-AAD-2S	LXX_WH
Józs 1:2	G3588	τον	T-ASM	LXX_WH
Józs 1:2	G2446	ιορδανην	N-ASM	LXX_WH
Józs 1:2	G4771	συ	P-NS	LXX_WH
Józs 1:2	G2532	και	CONJ	LXX_WH
Józs 1:2	G3956	πας	A-NSM	LXX_WH
Józs 1:2	G3588	ο	T-NSM	LXX_WH
Józs 1:2	G2992	λαος	N-NSM	LXX_WH
Józs 1:2	G3778	ουτος	D-NSM	LXX_WH
Józs 1:2	G1519	εις	PREP	LXX_WH
Józs 1:2	G3588	την	T-ASF	LXX_WH
Józs 1:2	G1065	γην	N-ASF	LXX_WH
Józs 1:2	G3739	ην	R-ASF	LXX_WH
Józs 1:2	G1473	εγω	P-NS	LXX_WH
Józs 1:2	G1325	διδωμι	V-PAI-1S	LXX_WH
Józs 1:2	G0846	αυτοις	D-DPM	LXX_WH
Józs 1:3	G3956	πας	A-NSM	LXX_WH
Józs 1:3	G3588	ο	T-NSM	LXX_WH
Józs 1:3	G5117	τοπος	N-NSM	LXX_WH
Józs 1:3	G1909	εφ	PREP	LXX_WH
Józs 1:3	G3739	ον	R-ASM	LXX_WH
Józs 1:3	G0302	αν	PRT	LXX_WH
Józs 1:3	G1910	επιβητε	V-AAS-2P	LXX_WH
Józs 1:3	G3588	τω	T-DSN	LXX_WH
Józs 1:3	G2487	ιχνει	N-DSN	LXX_WH
Józs 1:3	G3588	των	T-GPM	LXX_WH
Józs 1:3	G4228	ποδων	N-GPM	LXX_WH
Józs 1:3	G4771	υμων	P-GP	LXX_WH
Józs 1:3	G4771	υμιν	P-DP	LXX_WH
Józs 1:3	G1325	δωσω	V-FAI-1S	LXX_WH
Józs 1:3	G0846	αυτον	D-ASM	LXX_WH
Józs 1:3	G3739	ον	R-ASM	LXX_WH
Józs 1:3	G5158	τροπον	N-ASM	LXX_WH
Józs 1:3	G2046	ειρηκα	V-RAI-1S	ABP-potolt
Józs 1:3	G3588	τω	T-DSM	LXX_WH
Józs 1:3		μωυση	N-DSM	ELTERO_SZOVEGALAP
Józs 1:4	G3588	την	T-ASF	LXX_WH
Józs 1:4	G2048	ερημον	N-ASF	LXX_WH
Józs 1:4	G2532	και	CONJ	LXX_WH
Józs 1:4	G3588	τον	T-ASM	LXX_WH
Józs 1:4		αντιλιβανον	N-ASM	ELTERO_SZOVEGALAP
Józs 1:4	G2193	εως	PREP	LXX_WH
Józs 1:4	G3588	του	T-GSM	LXX_WH
Józs 1:4	G4215	ποταμου	N-GSM	LXX_WH
Józs 1:4	G3588	του	T-GSM	LXX_WH
Józs 1:4	G3173	μεγαλου	A-GSM	LXX_WH
Józs 1:4	G4215	ποταμου	N-GSM	LXX_WH
Józs 1:4	G2166	ευφρατου	N-GSM	LXX_WH
Józs 1:4	G2532	και	CONJ	LXX_WH
Józs 1:4	G2193	εως	PREP	LXX_WH
Józs 1:4	G3588	της	T-GSF	LXX_WH
Józs 1:4	G2281	θαλασσης	N-GSF	LXX_WH
Józs 1:4	G3588	της	T-GSF	LXX_WH
Józs 1:4	G2078	εσχατης	A-GSF	LXX_WH
Józs 1:4	G0575	αφ	PREP	LXX_WH
Józs 1:4	G2246	ηλιου	N-GSM	LXX_WH
Józs 1:4	G1424	δυσμων	N-GPF	LXX_WH
Józs 1:4	G1510	εσται	V-FMI-3S	LXX_WH
Józs 1:4	G3588	τα	T-NPN	LXX_WH
Józs 1:4	G3725	ορια	N-NPN	LXX_WH
Józs 1:4	G4771	υμων	P-GP	LXX_WH
Józs 1:5	G3364	ουκ	ADV	LXX_WH
Józs 1:5		αντιστησεται	V-FMI-3S	ELTERO_SZOVEGALAP
Józs 1:5	G0444	ανθρωπος	N-NSM	LXX_WH
Józs 1:5		κατενωπιον	PREP	ELTERO_SZOVEGALAP
Józs 1:5	G4771	υμων	P-GP	LXX_WH
Józs 1:5	G3956	πασας	A-APF	LXX_WH
Józs 1:5	G3588	τας	T-APF	LXX_WH
Józs 1:5	G2250	ημερας	N-APF	LXX_WH
Józs 1:5	G3588	της	T-GSF	LXX_WH
Józs 1:5	G2222	ζωης	N-GSF	LXX_WH
Józs 1:5	G4771	σου	P-GS	LXX_WH
Józs 1:5	G2532	και	CONJ	LXX_WH
Józs 1:5	G3746	ωσπερ	ADV	LXX_WH
Józs 1:5	G1510	ημην	V-IMI-1S	LXX_WH
Józs 1:5	G3326	μετα	PREP	LXX_WH
Józs 1:5		μωυση	N-GSM	ELTERO_SZOVEGALAP
Józs 1:5	G3778	ουτως	ADV	LXX_WH
Józs 1:5	G1510	εσομαι	V-FMI-1S	LXX_WH
Józs 1:5	G2532	και	ADV	LXX_WH
Józs 1:5	G3326	μετα	PREP	LXX_WH
Józs 1:5	G4771	σου	P-GS	LXX_WH
Józs 1:5	G2532	και	CONJ	LXX_WH
Józs 1:5	G3364	ουκ	ADV	LXX_WH
Józs 1:5	G1459	εγκαταλειψω	V-FAI-1S	LXX_WH
Józs 1:5	G4771	σε	P-AS	LXX_WH
Józs 1:5	G3761	ουδε	CONJ	LXX_WH
Józs 1:5		υπεροψομαι	V-FMI-1S	ELTERO_SZOVEGALAP
Józs 1:5	G4771	σε	P-AS	LXX_WH
Józs 1:6	G2480	ισχυε	V-PAD-2S	LXX_WH
Józs 1:6	G2532	και	CONJ	LXX_WH
Józs 1:6	G0407	ανδριζου	V-PMD-2S	LXX_WH
Józs 1:6	G4771	συ	P-NS	LXX_WH
Józs 1:6	G1063	γαρ	PRT	LXX_WH
Józs 1:6		αποδιαστελεις	V-FAI-2S	ELTERO_SZOVEGALAP
Józs 1:6	G3588	τω	T-DSM	LXX_WH
Józs 1:6	G2992	λαω	N-DSM	LXX_WH
Józs 1:6	G3778	τουτω	D-DSM	LXX_WH
Józs 1:6	G3588	την	T-ASF	LXX_WH
Józs 1:6	G1065	γην	N-ASF	LXX_WH
Józs 1:6	G3739	ην	R-ASF	LXX_WH
Józs 1:6	G3660	ωμοσα	V-AAI-1S	ABP-potolt
Józs 1:6	G3588	τοις	T-DPM	LXX_WH
Józs 1:6	G3962	πατρασιν	N-DPM	LXX_WH
Józs 1:6	G4771	υμων	P-GP	LXX_WH
Józs 1:6	G1325	δουναι	V-AAN	LXX_WH
Józs 1:6	G0846	αυτοις	D-DPM	LXX_WH
Józs 1:7	G2480	ισχυε	V-PAD-2S	LXX_WH
Józs 1:7	G3767	ουν	PRT	LXX_WH
Józs 1:7	G2532	και	CONJ	LXX_WH
Józs 1:7	G0407	ανδριζου	V-PMD-2S	LXX_WH
Józs 1:7	G5442	φυλασσεσθαι	V-PMN	LXX_WH
Józs 1:7	G2532	και	CONJ	LXX_WH
Józs 1:7	G4160	ποιειν	V-PAN	LXX_WH
Józs 1:7	G2530	καθοτι	ADV	LXX_WH
Józs 1:7	G1781	ενετειλατο	V-AMI-3S	LXX_WH
Józs 1:7	G4771	σοι	P-DS	LXX_WH
Józs 1:7		μωυσης	N-NSM	ELTERO_SZOVEGALAP
Józs 1:7	G3588	ο	T-NSM	LXX_WH
Józs 1:7	G3816	παις	N-NSM	LXX_WH
Józs 1:7	G1473	μου	P-GS	LXX_WH
Józs 1:7	G2532	και	CONJ	LXX_WH
Józs 1:7	G3364	ουκ	ADV	LXX_WH
Józs 1:7	G1578	εκκλινεις	V-FAI-2S	LXX_WH
Józs 1:7	G0575	απ	PREP	LXX_WH
Józs 1:7	G0846	αυτων	D-GPN	LXX_WH
Józs 1:7	G1519	εις	PREP	LXX_WH
Józs 1:7	G1188	δεξια	A-APN	LXX_WH
Józs 1:7	G3761	ουδε	CONJ	LXX_WH
Józs 1:7	G1519	εις	PREP	LXX_WH
Józs 1:7	G0710	αριστερα	A-APN	LXX_WH
Józs 1:7	G2443	ινα	CONJ	LXX_WH
Józs 1:7	G4895	συνης	V-PAS-2S	LXX_WH
Józs 1:7	G1722	εν	PREP	LXX_WH
Józs 1:7	G3956	πασιν	A-DPN	LXX_WH
Józs 1:7	G3739	οις	R-DPN	LXX_WH
Józs 1:7	G1437	εαν	CONJ	LXX_WH
Józs 1:7	G4238	πρασσης	V-PAS-2S	LXX_WH
Józs 1:8	G2532	και	CONJ	LXX_WH
Józs 1:8	G3364	ουκ	ADV	LXX_WH
Józs 1:8		αποστησεται	V-FMI-3S	ELTERO_SZOVEGALAP
Józs 1:8	G3588	η	T-NSF	LXX_WH
Józs 1:8	G0976	βιβλος	N-NSF	LXX_WH
Józs 1:8	G3588	του	T-GSM	LXX_WH
Józs 1:8	G3551	νομου	N-GSM	LXX_WH
Józs 1:8	G3778	τουτου	D-GSM	LXX_WH
Józs 1:8	G1537	εκ	PREP	LXX_WH
Józs 1:8	G3588	του	T-GSN	LXX_WH
Józs 1:8	G4750	στοματος	N-GSN	LXX_WH
Józs 1:8	G4771	σου	P-GS	LXX_WH
Józs 1:8	G2532	και	CONJ	LXX_WH
Józs 1:8	G3191	μελετησεις	V-FAI-2S	LXX_WH
Józs 1:8	G1722	εν	PREP	LXX_WH
Józs 1:8	G0846	αυτω	D-DSM	LXX_WH
Józs 1:8	G2250	ημερας	N-GSF	LXX_WH
Józs 1:8	G2532	και	CONJ	LXX_WH
Józs 1:8	G3571	νυκτος	N-GSF	LXX_WH
Józs 1:8	G2443	ινα	CONJ	LXX_WH
Józs 1:8	G4895	συνης	V-PAS-2S	LXX_WH
Józs 1:8	G4160	ποιειν	V-PAN	LXX_WH
Józs 1:8	G3956	παντα	A-APN	LXX_WH
Józs 1:8	G3588	τα	T-APN	LXX_WH
Józs 1:8	G1125	γεγραμμενα	V-RMPAP	LXX_WH
Józs 1:8	G5119	τοτε	ADV	LXX_WH
Józs 1:8	G2137	ευοδωθηση	V-FPI-2S	LXX_WH
Józs 1:8	G2532	και	CONJ	LXX_WH
Józs 1:8	G2137	ευοδωσεις	V-FAI-2S	LXX_WH
Józs 1:8	G3588	τας	T-APF	LXX_WH
Józs 1:8	G3598	οδους	N-APF	LXX_WH
Józs 1:8	G4771	σου	P-GS	LXX_WH
Józs 1:8	G2532	και	CONJ	LXX_WH
Józs 1:8	G5119	τοτε	ADV	LXX_WH
Józs 1:8	G4920	συνησεις	V-FAI-2S	LXX_WH
Józs 1:9	G2400	ιδου	INJ	LXX_WH
Józs 1:9	G1781	εντεταλμαι	V-RMI-1S	LXX_WH
Józs 1:9	G4771	σοι	P-DS	LXX_WH
Józs 1:9	G2480	ισχυε	V-PAD-2S	LXX_WH
Józs 1:9	G2532	και	CONJ	LXX_WH
Józs 1:9	G0407	ανδριζου	V-PMD-2S	LXX_WH
Józs 1:9	G3165	μη	ADV	LXX_WH
Józs 1:9	G1168	δειλιασης	V-AAS-2S	LXX_WH
Józs 1:9	G3366	μηδε	CONJ	LXX_WH
Józs 1:9	G5399	φοβηθης	V-APS-2S	LXX_WH
Józs 1:9	G3754	οτι	CONJ	LXX_WH
Józs 1:9	G3326	μετα	PREP	LXX_WH
Józs 1:9	G4771	σου	P-GS	LXX_WH
Józs 1:9	G2962	κυριος	N-NSM	LXX_WH
Józs 1:9	G3588	ο	T-NSM	LXX_WH
Józs 1:9	G2316	θεος	N-NSM	LXX_WH
Józs 1:9	G4771	σου	P-GS	LXX_WH
Józs 1:9	G1519	εις	PREP	LXX_WH
Józs 1:9	G3956	παντα	A-ASM	LXX_WH
Józs 1:9	G3364	ου	ADV	LXX_WH
Józs 1:9	G1437	εαν	CONJ	LXX_WH
Józs 1:9	G4198	πορευη	V-PMS-2S	LXX_WH
Józs 1:10	G2532	και	CONJ	LXX_WH
Józs 1:10	G1781	ενετειλατο	V-AMI-3S	LXX_WH
Józs 1:10	G2424	ιησους	N-PRI	LXX_WH
Józs 1:10	G3588	τοις	T-DPM	LXX_WH
Józs 1:10	G1122	γραμματευσιν	N-DPM	LXX_WH
Józs 1:10	G3588	του	T-GSM	LXX_WH
Józs 1:10	G2992	λαου	N-GSM	LXX_WH
Józs 1:10	G3004	λεγων	V-PAPNS	LXX_WH
Józs 1:11	G1525	εισελθατε	V-AAD-2P	LXX_WH
Józs 1:11	G2596	κατα	PREP	LXX_WH
Józs 1:11	G3319	μεσον	A-ASN	LXX_WH
Józs 1:11	G3588	της	T-GSF	LXX_WH
Józs 1:11		παρεμβολης	N-GSF	
Józs 1:11	G3588	του	T-GSM	LXX_WH
Józs 1:11	G2992	λαου	N-GSM	LXX_WH
Józs 1:11	G2532	και	CONJ	LXX_WH
Józs 1:11	G1781	εντειλασθε	V-AMD-2P	LXX_WH
Józs 1:11	G3588	τω	T-DSM	LXX_WH
Józs 1:11	G2992	λαω	N-DSM	LXX_WH
Józs 1:11	G3004	λεγοντες	V-PAPNP	LXX_WH
Józs 1:11	G2090	ετοιμαζεσθε	V-PMD-2P	LXX_WH
Józs 1:11	G1979	επισιτισμον	N-ASM	LXX_WH
Józs 1:11	G3754	οτι	CONJ	LXX_WH
Józs 1:11	G2089	ετι	ADV	LXX_WH
Józs 1:11	G5140	τρεις	A-NPF	LXX_WH
Józs 1:11	G2250	ημεραι	N-NPF	LXX_WH
Józs 1:11	G2532	και	CONJ	LXX_WH
Józs 1:11	G4771	υμεις	P-NP	LXX_WH
Józs 1:11	G1224	διαβαινετε	V-PAI-2P	LXX_WH
Józs 1:11	G3588	τον	T-ASM	LXX_WH
Józs 1:11	G2446	ιορδανην	N-ASM	LXX_WH
Józs 1:11	G3778	τουτον	D-ASM	LXX_WH
Józs 1:11	G1525	εισελθοντες	V-AAPNP	LXX_WH
Józs 1:11	G2722	κατασχειν	V-AAN	LXX_WH
Józs 1:11	G3588	την	T-ASF	LXX_WH
Józs 1:11	G1065	γην	N-ASF	LXX_WH
Józs 1:11	G3739	ην	R-ASF	LXX_WH
Józs 1:11	G2962	κυριος	N-NSM	LXX_WH
Józs 1:11	G3588	ο	T-NSM	LXX_WH
Józs 1:11	G2316	θεος	N-NSM	LXX_WH
Józs 1:11	G3588	των	T-GPM	LXX_WH
Józs 1:11	G3962	πατερων	N-GPM	LXX_WH
Józs 1:11	G4771	υμων	P-GP	LXX_WH
Józs 1:11	G1325	διδωσιν	V-PAI-3S	LXX_WH
Józs 1:11	G4771	υμιν	P-DP	LXX_WH
Józs 1:12	G2532	και	CONJ	LXX_WH
Józs 1:12	G3588	τω	T-DSM	LXX_WH
Józs 1:12		ρουβην	N-PRI	ELTERO_SZOVEGALAP
Józs 1:12	G2532	και	CONJ	LXX_WH
Józs 1:12	G3588	τω	T-DSM	LXX_WH
Józs 1:12	G1045	γαδ	N-PRI	LXX_WH
Józs 1:12	G2532	και	CONJ	LXX_WH
Józs 1:12	G3588	τω	T-DSM	LXX_WH
Józs 1:12	G2255	ημισει	A-DSM	ABP-potolt
Józs 1:12	G5443	φυλης	N-GSF	LXX_WH
Józs 1:12		μανασση	N-PRI	ELTERO_SZOVEGALAP
Józs 1:12		ειπεν	V-AAI-3S	ELTERO_SZOVEGALAP
Józs 1:12	G2424	ιησους	N-PRI	LXX_WH
Józs 1:13	G3403	μνησθητε	V-APD-2P	LXX_WH
Józs 1:13	G3588	το	T-ASN	LXX_WH
Józs 1:13	G4487	ρημα	N-ASN	LXX_WH
Józs 1:13	G2962	κυριου	N-GSM	LXX_WH
Józs 1:13	G3739	ο	R-ASN	LXX_WH
Józs 1:13	G1781	ενετειλατο	V-AMI-3S	LXX_WH
Józs 1:13	G4771	υμιν	P-DP	LXX_WH
Józs 1:13		μωυσης	N-NSM	ELTERO_SZOVEGALAP
Józs 1:13	G3588	ο	T-NSM	LXX_WH
Józs 1:13	G3816	παις	N-NSM	LXX_WH
Józs 1:13	G2962	κυριου	N-GSM	LXX_WH
Józs 1:13	G3004	λεγων	V-PAPNS	LXX_WH
Józs 1:13	G2962	κυριος	N-NSM	LXX_WH
Józs 1:13	G3588	ο	T-NSM	LXX_WH
Józs 1:13	G2316	θεος	N-NSM	LXX_WH
Józs 1:13	G4771	υμων	P-GP	LXX_WH
Józs 1:13	G2664	κατεπαυσεν	V-AAI-3S	LXX_WH
Józs 1:13	G4771	υμας	P-AP	LXX_WH
Józs 1:13	G2532	και	CONJ	LXX_WH
Józs 1:13	G1325	εδωκεν	V-AAI-3S	LXX_WH
Józs 1:13	G4771	υμιν	P-DP	LXX_WH
Józs 1:13	G3588	την	T-ASF	LXX_WH
Józs 1:13	G1065	γην	N-ASF	LXX_WH
Józs 1:13	G3778	ταυτην	D-ASF	LXX_WH
Józs 1:14	G3588	αι	T-NPF	LXX_WH
Józs 1:14	G1135	γυναικες	N-NPF	LXX_WH
Józs 1:14	G4771	υμων	P-GP	LXX_WH
Józs 1:14	G2532	και	CONJ	LXX_WH
Józs 1:14	G3588	τα	T-NPN	LXX_WH
Józs 1:14	G3813	παιδια	N-NPN	LXX_WH
Józs 1:14	G4771	υμων	P-GP	LXX_WH
Józs 1:14	G2532	και	CONJ	LXX_WH
Józs 1:14	G3588	τα	T-NPN	LXX_WH
Józs 1:14	G2934	κτηνη	N-NPN	LXX_WH
Józs 1:14	G4771	υμων	P-GP	LXX_WH
Józs 1:14		κατοικειτωσαν	V-PAD-3P	ELTERO_SZOVEGALAP
Józs 1:14	G1722	εν	PREP	LXX_WH
Józs 1:14	G3588	τη	T-DSF	LXX_WH
Józs 1:14	G1065	γη	N-DSF	LXX_WH
Józs 1:14	G3739	η	R-DSF	LXX_WH
Józs 1:14	G1325	εδωκεν	V-AAI-3S	LXX_WH
Józs 1:14	G4771	υμιν	P-DP	LXX_WH
Józs 1:14	G4771	υμεις	P-NP	LXX_WH
Józs 1:14	G1161	δε	PRT	LXX_WH
Józs 1:14	G1224	διαβησεσθε	V-FMI-2P	LXX_WH
Józs 1:14	G2110	ευζωνοι	A-NPM	ABP-potolt
Józs 1:14	G4387	προτεροι	A-NPMC	LXX_WH
Józs 1:14	G3588	των	T-GPM	LXX_WH
Józs 1:14	G0080	αδελφων	N-GPM	LXX_WH
Józs 1:14	G4771	υμων	P-GP	LXX_WH
Józs 1:14	G3956	πας	A-NSM	LXX_WH
Józs 1:14	G3588	ο	T-NSM	LXX_WH
Józs 1:14	G2480	ισχυων	V-PAPNS	LXX_WH
Józs 1:14	G2532	και	CONJ	LXX_WH
Józs 1:14		συμμαχησετε	V-FAI-2P	ELTERO_SZOVEGALAP
Józs 1:14	G0846	αυτοις	D-DPM	LXX_WH
Józs 1:15	G2193	εως	CONJ	LXX_WH
Józs 1:15	G0302	αν	PRT	LXX_WH
Józs 1:15	G2664	καταπαυση	V-AAS-3S	LXX_WH
Józs 1:15	G2962	κυριος	N-NSM	LXX_WH
Józs 1:15	G3588	ο	T-NSM	LXX_WH
Józs 1:15	G2316	θεος	N-NSM	LXX_WH
Józs 1:15	G4771	υμων	P-GP	LXX_WH
Józs 1:15	G3588	τους	T-APM	LXX_WH
Józs 1:15	G0080	αδελφους	N-APM	LXX_WH
Józs 1:15	G4771	υμων	P-GP	LXX_WH
Józs 1:15	G3746	ωσπερ	ADV	LXX_WH
Józs 1:15	G2532	και	ADV	LXX_WH
Józs 1:15	G4771	υμας	P-AP	LXX_WH
Józs 1:15	G2532	και	CONJ	LXX_WH
Józs 1:15	G2816	κληρονομησωσιν	V-AAS-3P	LXX_WH
Józs 1:15	G2532	και	ADV	LXX_WH
Józs 1:15	G3778	ουτοι	D-NPM	LXX_WH
Józs 1:15	G3588	την	T-ASF	LXX_WH
Józs 1:15	G1065	γην	N-ASF	LXX_WH
Józs 1:15	G3739	ην	R-ASF	LXX_WH
Józs 1:15	G2962	κυριος	N-NSM	LXX_WH
Józs 1:15	G3588	ο	T-NSM	LXX_WH
Józs 1:15	G2316	θεος	N-NSM	LXX_WH
Józs 1:15	G1473	ημων	P-GP	LXX_WH
Józs 1:15	G1325	διδωσιν	V-PAI-3S	LXX_WH
Józs 1:15	G0846	αυτοις	D-DPM	LXX_WH
Józs 1:15	G2532	και	CONJ	LXX_WH
Józs 1:15	G0565	απελευσεσθε	V-FMI-2P	LXX_WH
Józs 1:15	G1538	εκαστος	A-NSM	LXX_WH
Józs 1:15	G1519	εις	PREP	LXX_WH
Józs 1:15	G3588	την	T-ASF	LXX_WH
Józs 1:15	G2817	κληρονομιαν	N-ASF	LXX_WH
Józs 1:15	G0846	αυτου	D-GSM	LXX_WH
Józs 1:15	G3739	ην	R-ASF	LXX_WH
Józs 1:15	G1325	δεδωκεν	V-RAI-3S	LXX_WH
Józs 1:15	G4771	υμιν	P-DP	LXX_WH
Józs 1:15		μωυσης	N-NSM	ELTERO_SZOVEGALAP
Józs 1:15	G1519	εις	PREP	LXX_WH
Józs 1:15	G3588	το	T-ASN	LXX_WH
Józs 1:15	G4008	περαν	ADV	LXX_WH
Józs 1:15	G3588	του	T-GSM	LXX_WH
Józs 1:15	G2446	ιορδανου	N-GSM	LXX_WH
Józs 1:15	G0575	απ	PREP	LXX_WH
Józs 1:15	G0395	ανατολων	N-GPF	LXX_WH
Józs 1:15	G2246	ηλιου	N-GSM	LXX_WH
Józs 1:16	G2532	και	CONJ	LXX_WH
Józs 1:16	G0611	αποκριθεντες	V-APPNP	ABP-potolt
Józs 1:16	G3588	τω	T-DSM	LXX_WH
Józs 1:16	G2424	ιησοι	N-PRI	LXX_WH
Józs 1:16		ειπαν	V-AAI-3P	ELTERO_SZOVEGALAP
Józs 1:16	G3956	παντα	A-APN	LXX_WH
Józs 1:16	G3745	οσα	A-APN	LXX_WH
Józs 1:16	G0302	αν	PRT	LXX_WH
Józs 1:16	G1781	εντειλη	V-AMS-2S	LXX_WH
Józs 1:16	G1473	ημιν	P-DP	LXX_WH
Józs 1:16	G4160	ποιησομεν	V-FAI-1P	LXX_WH
Józs 1:16	G2532	και	CONJ	LXX_WH
Józs 1:16	G1519	εις	PREP	LXX_WH
Józs 1:16	G3956	παντα	A-ASM	LXX_WH
Józs 1:16	G5117	τοπον	N-ASM	LXX_WH
Józs 1:16	G3364	ου	ADV	LXX_WH
Józs 1:16	G1437	εαν	CONJ	LXX_WH
Józs 1:16	G0649	αποστειλης	V-AAS-2S	LXX_WH
Józs 1:16	G1473	ημας	P-AP	LXX_WH
Józs 1:16	G4198	πορευσομεθα	V-FMI-1P	LXX_WH
Józs 1:17	G2596	κατα	PREP	LXX_WH
Józs 1:17	G3956	παντα	A-APN	LXX_WH
Józs 1:17	G3745	οσα	A-APN	LXX_WH
Józs 1:17	G0191	ηκουσαμεν	V-AAI-1P	LXX_WH
Józs 1:17		μωυση	N-GSM	ELTERO_SZOVEGALAP
Józs 1:17	G0191	ακουσομεθα	V-FMI-1P	LXX_WH
Józs 1:17	G4771	σου	P-GS	LXX_WH
Józs 1:17	G4133	πλην	ADV	LXX_WH
Józs 1:17	G1510	εστω	V-PAD-3S	LXX_WH
Józs 1:17	G2962	κυριος	N-NSM	LXX_WH
Józs 1:17	G3588	ο	T-NSM	LXX_WH
Józs 1:17	G2316	θεος	N-NSM	LXX_WH
Józs 1:17	G1473	ημων	P-GP	LXX_WH
Józs 1:17	G3326	μετα	PREP	LXX_WH
Józs 1:17	G4771	σου	P-GS	LXX_WH
Józs 1:17	G3739	ον	R-ASM	LXX_WH
Józs 1:17	G5158	τροπον	N-ASM	LXX_WH
Józs 1:17	G1510	ην	V-IAI-3S	LXX_WH
Józs 1:17	G3326	μετα	PREP	LXX_WH
Józs 1:17		μωυση	N-GSM	ELTERO_SZOVEGALAP
Józs 1:18	G3588	ο	T-NSM	LXX_WH
Józs 1:18	G1161	δε	PRT	LXX_WH
Józs 1:18	G0444	ανθρωπος	N-NSM	LXX_WH
Józs 1:18	G3739	ος	R-NSM	LXX_WH
Józs 1:18	G1437	εαν	CONJ	LXX_WH
Józs 1:18	G0544	απειθηση	V-AAS-3S	LXX_WH
Józs 1:18	G4771	σοι	P-DS	LXX_WH
Józs 1:18	G2532	και	CONJ	LXX_WH
Józs 1:18	G3748	οστις	RI-NSM	LXX_WH
Józs 1:18	G3165	μη	ADV	LXX_WH
Józs 1:18	G0191	ακουση	V-AAS-3S	LXX_WH
Józs 1:18	G3588	των	T-GPN	LXX_WH
Józs 1:18	G4487	ρηματων	N-GPN	LXX_WH
Józs 1:18	G4771	σου	P-GS	LXX_WH
Józs 1:18	G2530	καθοτι	ADV	LXX_WH
Józs 1:18	G0302	αν	PRT	LXX_WH
Józs 1:18	G0846	αυτω	D-DSM	LXX_WH
Józs 1:18	G1781	εντειλη	V-AMS-2S	LXX_WH
Józs 1:18	G0599	αποθανετω	V-AAD-3S	LXX_WH
Józs 1:18	G0235	αλλα	CONJ	LXX_WH
Józs 1:18	G2480	ισχυε	V-PAD-2S	LXX_WH
Józs 1:18	G2532	και	CONJ	LXX_WH
Józs 1:18	G0407	ανδριζου	V-PMD-2S	LXX_WH
Józs 2:1	G2532	και	CONJ	LXX_WH
Józs 2:1	G0649	απεστειλεν	V-AAI-3S	LXX_WH
Józs 2:1	G2424	ιησους	N-PRI	LXX_WH
Józs 2:1	G5207	υιος	N-NSM	LXX_WH
Józs 2:1		ναυη	N-PRI	ELTERO_SZOVEGALAP
Józs 2:1	G1537	εκ	PREP	LXX_WH
Józs 2:1		σαττιν	N-PRI	ELTERO_SZOVEGALAP
Józs 2:1	G1417	δυο	N-NUI	LXX_WH
Józs 2:1	G3495	νεανισκους	N-APM	LXX_WH
Józs 2:1		κατασκοπευσαι	V-AAN	ELTERO_SZOVEGALAP
Józs 2:1	G3004	λεγων	V-PAPNS	LXX_WH
Józs 2:1	G0305	αναβητε	V-AAD-2P	LXX_WH
Józs 2:1	G2532	και	CONJ	LXX_WH
Józs 2:1	G3708	ιδετε	V-AAD-2P	LXX_WH
Józs 2:1	G3588	την	T-ASF	LXX_WH
Józs 2:1	G1065	γην	N-ASF	LXX_WH
Józs 2:1	G2532	και	CONJ	LXX_WH
Józs 2:1	G3588	την	T-ASF	LXX_WH
Józs 2:1	G2410	ιεριχω	N-PRI	LXX_WH
Józs 2:1	G2532	και	CONJ	LXX_WH
Józs 2:1	G4198	πορευθεντες	V-APPNP	LXX_WH
Józs 2:1	G1525	εισηλθοσαν	V-AAI-3P	LXX_WH
Józs 2:1	G3588	οι	T-NPM	LXX_WH
Józs 2:1	G1417	δυο	N-NUI	LXX_WH
Józs 2:1	G3495	νεανισκοι	N-NPM	LXX_WH
Józs 2:1	G1519	εις	PREP	LXX_WH
Józs 2:1	G2410	ιεριχω	N-PRI	LXX_WH
Józs 2:1	G2532	και	CONJ	LXX_WH
Józs 2:1	G1525	εισηλθοσαν	V-AAI-3P	LXX_WH
Józs 2:1	G1519	εις	PREP	LXX_WH
Józs 2:1	G3614	οικιαν	N-ASF	LXX_WH
Józs 2:1	G1135	γυναικος	N-GSF	LXX_WH
Józs 2:1	G4204	πορνης	N-GSF	LXX_WH
Józs 2:1	G3739	η	R-DSF	LXX_WH
Józs 2:1	G3686	ονομα	N-NSN	LXX_WH
Józs 2:1		ρααβ	N-PRI	ELTERO_SZOVEGALAP
Józs 2:1	G2532	και	CONJ	LXX_WH
Józs 2:1	G2647	κατελυσαν	V-AAI-3P	LXX_WH
Józs 2:1	G1563	εκει	ADV	LXX_WH
Józs 2:2	G2532	και	CONJ	LXX_WH
Józs 2:2	G0518	απηγγελη	V-API-3S	ABP-potolt
Józs 2:2	G3588	τω	T-DSM	LXX_WH
Józs 2:2	G0935	βασιλει	N-DSM	LXX_WH
Józs 2:2	G2410	ιεριχω	N-PRI	LXX_WH
Józs 2:2	G3004	λεγοντες	V-PAPNP	LXX_WH
Józs 2:2	G1531	εισπεπορευνται	V-RMI-3P	LXX_WH
Józs 2:2	G3592	ωδε	ADV	LXX_WH
Józs 2:2	G0435	ανδρες	N-NPM	LXX_WH
Józs 2:2	G3588	των	T-GPM	LXX_WH
Józs 2:2	G5207	υιων	N-GPM	LXX_WH
Józs 2:2	G2474	ισραηλ	N-PRI	LXX_WH
Józs 2:2		κατασκοπευσαι	V-AAN	ELTERO_SZOVEGALAP
Józs 2:2	G3588	την	T-ASF	LXX_WH
Józs 2:2	G1065	γην	N-ASF	LXX_WH
Józs 2:3	G2532	και	CONJ	LXX_WH
Józs 2:3	G0649	απεστειλεν	V-AAI-3S	LXX_WH
Józs 2:3	G3588	ο	T-NSM	LXX_WH
Józs 2:3	G0935	βασιλευς	N-NSM	LXX_WH
Józs 2:3	G2410	ιεριχω	N-PRI	LXX_WH
Józs 2:3	G2532	και	CONJ	LXX_WH
Józs 2:3	G2036	ειπεν	V-AAI-3S	ABP-potolt
Józs 2:3	G4314	προς	PREP	LXX_WH
Józs 2:3		ρααβ	N-PRI	ELTERO_SZOVEGALAP
Józs 2:3	G3004	λεγων	V-PAPNS	LXX_WH
Józs 2:3	G1806	εξαγαγε	V-AAD-2S	LXX_WH
Józs 2:3	G3588	τους	T-APM	LXX_WH
Józs 2:3	G0435	ανδρας	N-APM	LXX_WH
Józs 2:3	G3588	τους	T-APM	LXX_WH
Józs 2:3	G1531	εισπεπορευμενους	V-RMPAP	LXX_WH
Józs 2:3	G1519	εις	PREP	LXX_WH
Józs 2:3	G3588	την	T-ASF	LXX_WH
Józs 2:3	G3614	οικιαν	N-ASF	LXX_WH
Józs 2:3	G4771	σου	P-GS	LXX_WH
Józs 2:3	G3588	την	T-ASF	LXX_WH
Józs 2:3	G3571	νυκτα	N-ASF	LXX_WH
Józs 2:3	G2684	κατασκοπευσαι	V-AAN	ABP-potolt
Józs 2:3	G1063	γαρ	PRT	LXX_WH
Józs 2:3	G3588	την	T-ASF	LXX_WH
Józs 2:3	G1065	γην	N-ASF	LXX_WH
Józs 2:3	G1854	ηκασιν	V-PAI-3P	LXX_WH
Józs 2:4	G2532	και	CONJ	LXX_WH
Józs 2:4	G2983	λαβουσα	V-AAPNS	LXX_WH
Józs 2:4	G3588	η	T-NSF	LXX_WH
Józs 2:4	G1135	γυνη	N-NSF	LXX_WH
Józs 2:4	G3588	τους	T-APM	LXX_WH
Józs 2:4	G0435	ανδρας	N-APM	LXX_WH
Józs 2:4	G2928	εκρυψεν	V-AAI-3S	LXX_WH
Józs 2:4	G0846	αυτους	D-APM	LXX_WH
Józs 2:4	G2532	και	CONJ	LXX_WH
Józs 2:4		ειπεν	V-AAI-3S	ELTERO_SZOVEGALAP
Józs 2:4	G0846	αυτοις	D-DPM	LXX_WH
Józs 2:4	G3004	λεγουσα	V-PAPNS	LXX_WH
Józs 2:4	G1525	εισεληλυθασιν	V-RAI-3P	LXX_WH
Józs 2:4	G4314	προς	PREP	LXX_WH
Józs 2:4	G1473	με	P-AS	LXX_WH
Józs 2:4	G3588	οι	T-NPM	LXX_WH
Józs 2:4	G0435	ανδρες	N-NPM	LXX_WH
Józs 2:5	G3739	ως	CONJ	LXX_WH
Józs 2:5	G1161	δε	PRT	LXX_WH
Józs 2:5	G3588	η	T-NSF	LXX_WH
Józs 2:5	G4439	πυλη	N-NSF	LXX_WH
Józs 2:5	G2808	εκλειετο	V-IMI-3S	LXX_WH
Józs 2:5	G1722	εν	PREP	LXX_WH
Józs 2:5	G3588	τω	T-DSN	LXX_WH
Józs 2:5	G4655	σκοτει	N-DSN	LXX_WH
Józs 2:5	G2532	και	CONJ	LXX_WH
Józs 2:5	G3588	οι	T-NPM	LXX_WH
Józs 2:5	G0435	ανδρες	N-NPM	LXX_WH
Józs 2:5	G1831	εξηλθον	V-AAI-3P	LXX_WH
Józs 2:5	G3364	ουκ	ADV	LXX_WH
Józs 2:5	G1987	επισταμαι	V-PMI-1S	LXX_WH
Józs 2:5	G4225	που	ADV	LXX_WH
Józs 2:5	G4198	πεπορευνται	V-RMI-3P	LXX_WH
Józs 2:5	G2614	καταδιωξατε	V-AAD-2P	LXX_WH
Józs 2:5	G3694	οπισω	PREP	LXX_WH
Józs 2:5	G0846	αυτων	D-GPM	LXX_WH
Józs 2:5	G1487	ει	CONJ	LXX_WH
Józs 2:5	G2638	καταλημψεσθε	V-FMI-2P	LXX_WH
Józs 2:5	G0846	αυτους	D-APM	LXX_WH
Józs 2:6	G0846	αυτη	D-NSF	LXX_WH
Józs 2:6	G1161	δε	PRT	LXX_WH
Józs 2:6	G0307	ανεβιβασεν	V-AAI-3S	LXX_WH
Józs 2:6	G0846	αυτους	D-APM	LXX_WH
Józs 2:6	G1909	επι	PREP	LXX_WH
Józs 2:6	G3588	το	T-ASN	LXX_WH
Józs 2:6	G1390	δωμα	N-ASN	LXX_WH
Józs 2:6	G2532	και	CONJ	LXX_WH
Józs 2:6	G2928	εκρυψεν	V-AAI-3S	LXX_WH
Józs 2:6	G0846	αυτους	D-APM	LXX_WH
Józs 2:6	G1722	εν	PREP	LXX_WH
Józs 2:6	G3588	τη	T-DSF	LXX_WH
Józs 2:6	G3042	λινοκαλαμη	N-DSF	ABP-potolt
Józs 2:6	G3588	τη	T-DSF	LXX_WH
Józs 2:6		εστοιβασμενη	V-RPPDS	ELTERO_SZOVEGALAP
Józs 2:6	G0846	αυτη	D-DSF	LXX_WH
Józs 2:6	G1909	επι	PREP	LXX_WH
Józs 2:6	G3588	του	T-GSN	LXX_WH
Józs 2:6	G1390	δωματος	N-GSN	LXX_WH
Józs 2:7	G2532	και	CONJ	LXX_WH
Józs 2:7	G3588	οι	T-NPM	LXX_WH
Józs 2:7	G0435	ανδρες	N-NPM	LXX_WH
Józs 2:7	G2614	κατεδιωξαν	V-AAI-3P	LXX_WH
Józs 2:7	G3694	οπισω	PREP	LXX_WH
Józs 2:7	G0846	αυτων	D-GPM	LXX_WH
Józs 2:7	G3598	οδον	N-ASF	LXX_WH
Józs 2:7	G3588	την	T-ASF	LXX_WH
Józs 2:7	G1909	επι	PREP	LXX_WH
Józs 2:7	G3588	του	T-GSM	LXX_WH
Józs 2:7	G2446	ιορδανου	N-GSM	LXX_WH
Józs 2:7	G1909	επι	PREP	LXX_WH
Józs 2:7	G3588	τας	T-APF	LXX_WH
Józs 2:7	G1225	διαβασεις	N-APF	ABP-potolt
Józs 2:7	G2532	και	CONJ	LXX_WH
Józs 2:7	G3588	η	T-NSF	LXX_WH
Józs 2:7	G4439	πυλη	N-NSF	LXX_WH
Józs 2:7	G2808	εκλεισθη	V-API-3S	LXX_WH
Józs 2:7	G2532	και	CONJ	LXX_WH
Józs 2:7	G1096	εγενετο	V-AMI-3S	LXX_WH
Józs 2:7	G3739	ως	CONJ	LXX_WH
Józs 2:7	G1831	εξηλθοσαν	V-AAI-3P	LXX_WH
Józs 2:7	G3588	οι	T-NPM	LXX_WH
Józs 2:7	G1377	διωκοντες	V-PAPNP	LXX_WH
Józs 2:7	G3694	οπισω	PREP	LXX_WH
Józs 2:7	G0846	αυτων	D-GPM	LXX_WH
Józs 2:8	G2532	και	CONJ	LXX_WH
Józs 2:8	G0846	αυτοι	D-NPM	LXX_WH
Józs 2:8	G1161	δε	PRT	LXX_WH
Józs 2:8	G4250	πριν	ADV	LXX_WH
Józs 2:8	G2228	η	CONJ	LXX_WH
Józs 2:8	G2837	κοιμηθηναι	V-APN	LXX_WH
Józs 2:8	G0846	αυτους	D-APM	LXX_WH
Józs 2:8	G2532	και	CONJ	LXX_WH
Józs 2:8	G0846	αυτη	D-NSF	LXX_WH
Józs 2:8	G0305	ανεβη	V-AAI-3S	LXX_WH
Józs 2:8	G1909	επι	PREP	LXX_WH
Józs 2:8	G3588	το	T-ASN	LXX_WH
Józs 2:8	G1390	δωμα	N-ASN	LXX_WH
Józs 2:8	G4314	προς	PREP	LXX_WH
Józs 2:8	G0846	αυτους	D-APM	LXX_WH
Józs 2:9	G2532	και	CONJ	LXX_WH
Józs 2:9	G2036	ειπεν	V-AAI-3S	ABP-potolt
Józs 2:9	G4314	προς	PREP	LXX_WH
Józs 2:9	G0846	αυτους	D-APM	LXX_WH
Józs 2:9	G1987	επισταμαι	V-PMI-1S	LXX_WH
Józs 2:9	G3754	οτι	CONJ	LXX_WH
Józs 2:9	G1325	δεδωκεν	V-RAI-3S	LXX_WH
Józs 2:9	G4771	υμιν	P-DP	LXX_WH
Józs 2:9	G2962	κυριος	N-NSM	LXX_WH
Józs 2:9	G3588	την	T-ASF	LXX_WH
Józs 2:9	G1065	γην	N-ASF	LXX_WH
Józs 2:9	G1968	επιπεπτωκεν	V-RAI-3S	LXX_WH
Józs 2:9	G1063	γαρ	PRT	LXX_WH
Józs 2:9	G3588	ο	T-NSM	LXX_WH
Józs 2:9	G5401	φοβος	N-NSM	LXX_WH
Józs 2:9	G4771	υμων	P-GP	LXX_WH
Józs 2:9	G1909	εφ	PREP	LXX_WH
Józs 2:9	G1473	ημας	P-AP	LXX_WH
Józs 2:10	G0191	ακηκοαμεν	V-RAI-1P	LXX_WH
Józs 2:10	G1063	γαρ	PRT	LXX_WH
Józs 2:10	G3754	οτι	CONJ	LXX_WH
Józs 2:10	G2660	κατεξηρανεν	V-AAI-3S	ABP-potolt
Józs 2:10	G2962	κυριος	N-NSM	LXX_WH
Józs 2:10	G3588	ο	T-NSM	LXX_WH
Józs 2:10	G2316	θεος	N-NSM	LXX_WH
Józs 2:10	G3588	την	T-ASF	LXX_WH
Józs 2:10	G2063	ερυθραν	A-ASF	LXX_WH
Józs 2:10	G2281	θαλασσαν	N-ASF	LXX_WH
Józs 2:10	G0575	απο	PREP	LXX_WH
Józs 2:10	G4383	προσωπου	N-GSN	LXX_WH
Józs 2:10	G4771	υμων	P-GP	LXX_WH
Józs 2:10	G3753	οτε	ADV	LXX_WH
Józs 2:10	G1607	εξεπορευεσθε	V-IMI-2P	LXX_WH
Józs 2:10	G1537	εκ	PREP	LXX_WH
Józs 2:10	G1065	γης	N-GSF	LXX_WH
Józs 2:10	G0125	αιγυπτου	N-GSF	LXX_WH
Józs 2:10	G2532	και	CONJ	LXX_WH
Józs 2:10	G3745	οσα	A-APN	LXX_WH
Józs 2:10	G4160	εποιησεν	V-AAI-3S	LXX_WH
Józs 2:10	G3588	τοις	T-DPM	LXX_WH
Józs 2:10	G1417	δυσι	N-NUI	LXX_WH
Józs 2:10	G0935	βασιλευσιν	N-DPM	LXX_WH
Józs 2:10	G3588	των	T-GPM	LXX_WH
Józs 2:10		αμορραιων	N-GPM	ELTERO_SZOVEGALAP
Józs 2:10	G3739	οι	R-NPM	LXX_WH
Józs 2:10	G1510	ησαν	V-IAI-3P	LXX_WH
Józs 2:10	G4008	περαν	PREP	LXX_WH
Józs 2:10	G3588	του	T-GSM	LXX_WH
Józs 2:10	G2446	ιορδανου	N-GSM	LXX_WH
Józs 2:10	G3588	τω	T-DSM	LXX_WH
Józs 2:10	G3588	σηων	N-PRI	ABP-potolt
Józs 2:10	G2532	και	CONJ	LXX_WH
Józs 2:10	G3588	ωγ	N-PRI	ABP-potolt
Józs 2:10	G3739	ους	R-APM	LXX_WH
Józs 2:10		εξωλεθρευσατε	V-AAI-2P	ELTERO_SZOVEGALAP
Józs 2:10	G0846	αυτους	D-APM	LXX_WH
Józs 2:11	G2532	και	CONJ	LXX_WH
Józs 2:11	G0191	ακουσαντες	V-AAPNP	LXX_WH
Józs 2:11	G1473	ημεις	P-NP	LXX_WH
Józs 2:11	G1839	εξεστημεν	V-AAI-1P	LXX_WH
Józs 2:11	G3588	τη	T-DSF	LXX_WH
Józs 2:11	G2588	καρδια	N-DSF	LXX_WH
Józs 2:11	G1473	ημων	P-GP	LXX_WH
Józs 2:11	G2532	και	CONJ	LXX_WH
Józs 2:11	G3364	ουκ	ADV	LXX_WH
Józs 2:11	G2476	εστη	V-AAI-3S	LXX_WH
Józs 2:11	G2089	ετι	ADV	LXX_WH
Józs 2:11	G4151	πνευμα	N-NSN	LXX_WH
Józs 2:11	G1722	εν	PREP	LXX_WH
Józs 2:11	G3762	ουδενι	A-DSM	LXX_WH
Józs 2:11	G1473	ημων	P-GP	LXX_WH
Józs 2:11	G0575	απο	PREP	LXX_WH
Józs 2:11	G4383	προσωπου	N-GSN	LXX_WH
Józs 2:11	G4771	υμων	P-GP	LXX_WH
Józs 2:11	G3754	οτι	CONJ	LXX_WH
Józs 2:11	G2962	κυριος	N-NSM	LXX_WH
Józs 2:11	G3588	ο	T-NSM	LXX_WH
Józs 2:11	G2316	θεος	N-NSM	LXX_WH
Józs 2:11	G4771	υμων	P-GP	LXX_WH
Józs 2:11	G2316	θεος	N-NSM	LXX_WH
Józs 2:11	G1722	εν	PREP	LXX_WH
Józs 2:11	G3772	ουρανω	N-DSM	LXX_WH
Józs 2:11	G0507	ανω	ADV	LXX_WH
Józs 2:11	G2532	και	CONJ	LXX_WH
Józs 2:11	G1909	επι	PREP	LXX_WH
Józs 2:11	G3588	της	T-GSF	LXX_WH
Józs 2:11	G1065	γης	N-GSF	LXX_WH
Józs 2:11	G2736	κατω	ADV	LXX_WH
Józs 2:12	G2532	και	CONJ	LXX_WH
Józs 2:12	G3568	νυν	ADV	LXX_WH
Józs 2:12	G3660	ομοσατε	V-AAD-2P	ABP-potolt
Józs 2:12	G1473	μοι	P-DS	LXX_WH
Józs 2:12	G2962	κυριον	N-ASM	LXX_WH
Józs 2:12	G3588	τον	T-ASM	LXX_WH
Józs 2:12	G2316	θεον	N-ASM	LXX_WH
Józs 2:12	G3754	οτι	CONJ	LXX_WH
Józs 2:12	G4160	ποιω	V-PAI-1S	LXX_WH
Józs 2:12	G4771	υμιν	P-DP	LXX_WH
Józs 2:12	G1656	ελεος	N-ASN	LXX_WH
Józs 2:12	G2532	και	CONJ	LXX_WH
Józs 2:12	G4160	ποιησετε	V-FAI-2P	LXX_WH
Józs 2:12	G2532	και	ADV	LXX_WH
Józs 2:12	G4771	υμεις	P-NP	LXX_WH
Józs 2:12	G1656	ελεος	N-ASN	LXX_WH
Józs 2:12	G1722	εν	PREP	LXX_WH
Józs 2:12	G3588	τω	T-DSM	LXX_WH
Józs 2:12	G3624	οικω	N-DSM	LXX_WH
Józs 2:12	G3588	του	T-GSM	LXX_WH
Józs 2:12	G3962	πατρος	N-GSM	LXX_WH
Józs 2:12	G1473	μου	P-GS	LXX_WH
Józs 2:13	G2532	και	CONJ	LXX_WH
Józs 2:13	G2221	ζωγρησετε	V-FAI-2P	LXX_WH
Józs 2:13	G3588	τον	T-ASM	LXX_WH
Józs 2:13	G3624	οικον	N-ASM	LXX_WH
Józs 2:13	G3588	του	T-GSM	LXX_WH
Józs 2:13	G3962	πατρος	N-GSM	LXX_WH
Józs 2:13	G1473	μου	P-GS	LXX_WH
Józs 2:13	G2532	και	CONJ	LXX_WH
Józs 2:13	G3588	την	T-ASF	LXX_WH
Józs 2:13	G3384	μητερα	N-ASF	LXX_WH
Józs 2:13	G1473	μου	P-GS	LXX_WH
Józs 2:13	G2532	και	CONJ	LXX_WH
Józs 2:13	G3588	τους	T-APM	LXX_WH
Józs 2:13	G0080	αδελφους	N-APM	LXX_WH
Józs 2:13	G1473	μου	P-GS	LXX_WH
Józs 2:13	G2532	και	CONJ	LXX_WH
Józs 2:13	G3956	παντα	A-ASM	LXX_WH
Józs 2:13	G3588	τον	T-ASM	LXX_WH
Józs 2:13	G3624	οικον	N-ASM	LXX_WH
Józs 2:13	G1473	μου	P-GS	LXX_WH
Józs 2:13	G2532	και	CONJ	LXX_WH
Józs 2:13	G3956	παντα	A-APN	LXX_WH
Józs 2:13	G3745	οσα	A-NPN	LXX_WH
Józs 2:13	G1510	εστιν	V-PAI-3S	LXX_WH
Józs 2:13	G0846	αυτοις	D-DPM	LXX_WH
Józs 2:13	G2532	και	CONJ	LXX_WH
Józs 2:13	G1807	εξελεισθε	V-FMI-2P	LXX_WH
Józs 2:13	G3588	την	T-ASF	LXX_WH
Józs 2:13	G5590	ψυχην	N-ASF	LXX_WH
Józs 2:13	G1473	μου	P-GS	LXX_WH
Józs 2:13	G1537	εκ	PREP	LXX_WH
Józs 2:13	G2288	θανατου	N-GSM	LXX_WH
Józs 2:14	G2532	και	CONJ	LXX_WH
Józs 2:14		ειπαν	V-AAI-3P	ELTERO_SZOVEGALAP
Józs 2:14	G0846	αυτη	D-DSF	LXX_WH
Józs 2:14	G3588	οι	T-NPM	LXX_WH
Józs 2:14	G0435	ανδρες	N-NPM	LXX_WH
Józs 2:14	G3588	η	T-NSF	LXX_WH
Józs 2:14	G5590	ψυχη	N-NSF	LXX_WH
Józs 2:14	G1473	ημων	P-GP	LXX_WH
Józs 2:14	G0473	ανθ	PREP	LXX_WH
Józs 2:14	G4771	υμων	P-GP	LXX_WH
Józs 2:14	G1519	εις	PREP	LXX_WH
Józs 2:14	G2288	θανατον	N-ASM	LXX_WH
Józs 2:14	G2532	και	CONJ	LXX_WH
Józs 2:14	G0846	αυτη	D-NSF	LXX_WH
Józs 2:14		ειπεν	V-AAI-3S	ELTERO_SZOVEGALAP
Józs 2:14	G3739	ως	CONJ	LXX_WH
Józs 2:14	G0302	αν	PRT	LXX_WH
Józs 2:14	G3860	παραδω	V-AAS-3S	LXX_WH
Józs 2:14	G2962	κυριος	N-NSM	LXX_WH
Józs 2:14	G4771	υμιν	P-DP	LXX_WH
Józs 2:14	G3588	την	T-ASF	LXX_WH
Józs 2:14	G4172	πολιν	N-ASF	LXX_WH
Józs 2:14	G4160	ποιησετε	V-FAI-2P	LXX_WH
Józs 2:14	G1519	εις	PREP	LXX_WH
Józs 2:14	G1473	εμε	P-AS	LXX_WH
Józs 2:14	G1656	ελεος	N-ASN	LXX_WH
Józs 2:14	G2532	και	CONJ	LXX_WH
Józs 2:14	G0225	αληθειαν	N-ASF	LXX_WH
Józs 2:15	G2532	και	CONJ	LXX_WH
Józs 2:15		κατεχαλασεν	V-AAI-3S	ELTERO_SZOVEGALAP
Józs 2:15	G0846	αυτους	D-APM	LXX_WH
Józs 2:15	G1223	δια	PREP	LXX_WH
Józs 2:15	G3588	της	T-GSF	LXX_WH
Józs 2:15	G2376	θυριδος	N-GSF	LXX_WH
Józs 2:16	G2532	και	CONJ	LXX_WH
Józs 2:16		ειπεν	V-AAI-3S	ELTERO_SZOVEGALAP
Józs 2:16	G0846	αυτοις	D-DPM	LXX_WH
Józs 2:16	G1519	εις	PREP	LXX_WH
Józs 2:16	G3588	την	T-ASF	LXX_WH
Józs 2:16	G3714	ορεινην	N-ASF	ABP-potolt
Józs 2:16	G0565	απελθετε	V-AAD-2P	LXX_WH
Józs 2:16	G3165	μη	ADV	LXX_WH
Józs 2:16	G4876	συναντησωσιν	V-AAS-3P	LXX_WH
Józs 2:16	G4771	υμιν	P-DP	LXX_WH
Józs 2:16	G3588	οι	T-NPM	LXX_WH
Józs 2:16	G2614	καταδιωκοντες	V-PAPNP	LXX_WH
Józs 2:16	G2532	και	CONJ	LXX_WH
Józs 2:16	G2928	κρυβησεσθε	V-FPI-2P	LXX_WH
Józs 2:16	G1563	εκει	ADV	LXX_WH
Józs 2:16	G5140	τρεις	A-APF	LXX_WH
Józs 2:16	G2250	ημερας	N-APF	LXX_WH
Józs 2:16	G2193	εως	CONJ	LXX_WH
Józs 2:16	G0302	αν	PRT	LXX_WH
Józs 2:16	G0654	αποστρεψωσιν	V-AAS-3P	LXX_WH
Józs 2:16	G3588	οι	T-NPM	LXX_WH
Józs 2:16	G2614	καταδιωκοντες	V-PAPNP	LXX_WH
Józs 2:16	G3694	οπισω	PREP	LXX_WH
Józs 2:16	G4771	υμων	P-GP	LXX_WH
Józs 2:16	G2532	και	CONJ	LXX_WH
Józs 2:16	G3326	μετα	PREP	LXX_WH
Józs 2:16	G3778	ταυτα	D-APN	LXX_WH
Józs 2:16	G0565	απελευσεσθε	V-FMI-2P	LXX_WH
Józs 2:16	G1519	εις	PREP	LXX_WH
Józs 2:16	G3588	την	T-ASF	LXX_WH
Józs 2:16	G3598	οδον	N-ASF	LXX_WH
Józs 2:16	G4771	υμων	P-GP	LXX_WH
Józs 2:17	G2532	και	CONJ	LXX_WH
Józs 2:17		ειπαν	V-AAI-3P	ELTERO_SZOVEGALAP
Józs 2:17	G3588	οι	T-NPM	LXX_WH
Józs 2:17	G0435	ανδρες	N-NPM	LXX_WH
Józs 2:17	G4314	προς	PREP	LXX_WH
Józs 2:17	G0846	αυτην	D-ASF	LXX_WH
Józs 2:17	G0121	αθωοι	A-NPM	LXX_WH
Józs 2:17	G1510	εσμεν	V-PAI-1P	LXX_WH
Józs 2:17	G3588	τω	T-DSM	LXX_WH
Józs 2:17	G3727	ορκω	N-DSM	LXX_WH
Józs 2:17	G4771	σου	P-GS	LXX_WH
Józs 2:17	G3778	τουτω	D-DSM	LXX_WH
Józs 2:18	G2400	ιδου	INJ	LXX_WH
Józs 2:18	G1473	ημεις	P-NP	LXX_WH
Józs 2:18	G1531	εισπορευομεθα	V-PMI-1P	LXX_WH
Józs 2:18	G1519	εις	PREP	LXX_WH
Józs 2:18	G3313	μερος	N-ASN	LXX_WH
Józs 2:18	G3588	της	T-GSF	LXX_WH
Józs 2:18	G4172	πολεως	N-GSF	LXX_WH
Józs 2:18	G2532	και	CONJ	LXX_WH
Józs 2:18	G5087	θησεις	V-FAI-2S	LXX_WH
Józs 2:18	G3588	το	T-ASN	LXX_WH
Józs 2:18	G4592	σημειον	N-ASN	LXX_WH
Józs 2:18	G3588	το	T-ASN	LXX_WH
Józs 2:18		σπαρτιον	N-ASN	
Józs 2:18	G3588	το	T-ASN	LXX_WH
Józs 2:18	G2847	κοκκινον	A-ASN	LXX_WH
Józs 2:18	G3778	τουτο	D-ASN	LXX_WH
Józs 2:18		εκδησεις	V-FAI-2S	ELTERO_SZOVEGALAP
Józs 2:18	G1519	εις	PREP	LXX_WH
Józs 2:18	G3588	την	T-ASF	LXX_WH
Józs 2:18	G2376	θυριδα	N-ASF	LXX_WH
Józs 2:18	G1223	δι	PREP	LXX_WH
Józs 2:18	G3739	ης	R-GSF	LXX_WH
Józs 2:18	G2601	κατεβιβασας	V-AAI-2S	LXX_WH
Józs 2:18	G1473	ημας	P-AP	LXX_WH
Józs 2:18	G1223	δι	PREP	LXX_WH
Józs 2:18	G0846	αυτης	D-GSF	LXX_WH
Józs 2:18	G3588	τον	T-ASM	LXX_WH
Józs 2:18	G1161	δε	PRT	LXX_WH
Józs 2:18	G3962	πατερα	N-ASM	LXX_WH
Józs 2:18	G4771	σου	P-GS	LXX_WH
Józs 2:18	G2532	και	CONJ	LXX_WH
Józs 2:18	G3588	την	T-ASF	LXX_WH
Józs 2:18	G3384	μητερα	N-ASF	LXX_WH
Józs 2:18	G4771	σου	P-GS	LXX_WH
Józs 2:18	G2532	και	CONJ	LXX_WH
Józs 2:18	G3588	τους	T-APM	LXX_WH
Józs 2:18	G0080	αδελφους	N-APM	LXX_WH
Józs 2:18	G4771	σου	P-GS	LXX_WH
Józs 2:18	G2532	και	CONJ	LXX_WH
Józs 2:18	G3956	παντα	A-ASM	LXX_WH
Józs 2:18	G3588	τον	T-ASM	LXX_WH
Józs 2:18	G3624	οικον	N-ASM	LXX_WH
Józs 2:18	G3588	του	T-GSM	LXX_WH
Józs 2:18	G3962	πατρος	N-GSM	LXX_WH
Józs 2:18	G4771	σου	P-GS	LXX_WH
Józs 2:18	G4863	συναξεις	V-FAI-2S	LXX_WH
Józs 2:18	G4314	προς	PREP	LXX_WH
Józs 2:18	G4572	σεαυτην	D-ASF	LXX_WH
Józs 2:18	G1519	εις	PREP	LXX_WH
Józs 2:18	G3588	την	T-ASF	LXX_WH
Józs 2:18	G3614	οικιαν	N-ASF	LXX_WH
Józs 2:18	G4771	σου	P-GS	LXX_WH
Józs 2:19	G2532	και	CONJ	LXX_WH
Józs 2:19	G1510	εσται	V-FMI-3S	LXX_WH
Józs 2:19	G3956	πας	A-NSM	LXX_WH
Józs 2:19	G3739	ος	R-NSM	LXX_WH
Józs 2:19	G0302	αν	PRT	LXX_WH
Józs 2:19	G1831	εξελθη	V-AAS-3S	LXX_WH
Józs 2:19	G3588	την	T-ASF	LXX_WH
Józs 2:19	G2374	θυραν	N-ASF	LXX_WH
Józs 2:19	G3588	της	T-GSF	LXX_WH
Józs 2:19	G3614	οικιας	N-GSF	LXX_WH
Józs 2:19	G4771	σου	P-GS	LXX_WH
Józs 2:19	G1854	εξω	ADV	LXX_WH
Józs 2:19	G1777	ενοχος	A-NSM	LXX_WH
Józs 2:19	G1438	εαυτω	D-DSM	LXX_WH
Józs 2:19	G1510	εσται	V-FMI-3S	LXX_WH
Józs 2:19	G1473	ημεις	P-NP	LXX_WH
Józs 2:19	G1161	δε	PRT	LXX_WH
Józs 2:19	G0121	αθωοι	A-NPM	LXX_WH
Józs 2:19	G3588	τω	T-DSM	LXX_WH
Józs 2:19	G3727	ορκω	N-DSM	LXX_WH
Józs 2:19	G4771	σου	P-GS	LXX_WH
Józs 2:19	G3778	τουτω	D-DSM	LXX_WH
Józs 2:19	G2532	και	CONJ	LXX_WH
Józs 2:19	G3745	οσοι	A-NPM	LXX_WH
Józs 2:19	G1437	εαν	CONJ	LXX_WH
Józs 2:19	G1096	γενωνται	V-AMS-3P	LXX_WH
Józs 2:19	G3326	μετα	PREP	LXX_WH
Józs 2:19	G4771	σου	P-GS	LXX_WH
Józs 2:19	G1722	εν	PREP	LXX_WH
Józs 2:19	G3588	τη	T-DSF	LXX_WH
Józs 2:19	G3614	οικια	N-DSF	LXX_WH
Józs 2:19	G4771	σου	P-GS	LXX_WH
Józs 2:19	G1473	ημεις	P-NP	LXX_WH
Józs 2:19	G1777	ενοχοι	A-NPM	LXX_WH
Józs 2:19	G1510	εσομεθα	V-FMI-1P	LXX_WH
Józs 2:20	G1437	εαν	CONJ	LXX_WH
Józs 2:20	G1161	δε	PRT	LXX_WH
Józs 2:20	G5100	τις	I-NSM	LXX_WH
Józs 2:20	G1473	ημας	P-AP	LXX_WH
Józs 2:20	G0091	αδικηση	V-AAS-3S	LXX_WH
Józs 2:20	G2228	η	CONJ	LXX_WH
Józs 2:20	G2532	και	ADV	LXX_WH
Józs 2:20	G0601	αποκαλυψη	V-AAS-3S	LXX_WH
Józs 2:20	G3588	τους	T-APM	LXX_WH
Józs 2:20	G3056	λογους	N-APM	LXX_WH
Józs 2:20	G1473	ημων	P-GP	LXX_WH
Józs 2:20	G3778	τουτους	D-APM	LXX_WH
Józs 2:20	G1510	εσομεθα	V-FMI-1P	LXX_WH
Józs 2:20	G0121	αθωοι	A-NPM	LXX_WH
Józs 2:20	G3588	τω	T-DSM	LXX_WH
Józs 2:20	G3727	ορκω	N-DSM	LXX_WH
Józs 2:20	G4771	σου	P-GS	LXX_WH
Józs 2:20	G3778	τουτω	D-DSM	LXX_WH
Józs 2:21	G2532	και	CONJ	LXX_WH
Józs 2:21		ειπεν	V-AAI-3S	ELTERO_SZOVEGALAP
Józs 2:21	G0846	αυτοις	D-DPM	LXX_WH
Józs 2:21	G2596	κατα	PREP	LXX_WH
Józs 2:21	G3588	το	T-ASN	LXX_WH
Józs 2:21	G4487	ρημα	N-ASN	LXX_WH
Józs 2:21	G4771	υμων	P-GP	LXX_WH
Józs 2:21	G3778	ουτως	ADV	LXX_WH
Józs 2:21	G1510	εστω	V-PAD-3S	LXX_WH
Józs 2:21	G2532	και	CONJ	LXX_WH
Józs 2:21	G1821	εξαπεστειλεν	V-AAI-3S	LXX_WH
Józs 2:21	G0846	αυτους	D-APM	LXX_WH
Józs 2:22	G2532	και	CONJ	LXX_WH
Józs 2:22	G4198	επορευθησαν	V-API-3P	LXX_WH
Józs 2:22	G2532	και	CONJ	LXX_WH
Józs 2:22	G2064	ηλθοσαν	V-AAI-3P	LXX_WH
Józs 2:22	G1519	εις	PREP	LXX_WH
Józs 2:22	G3588	την	T-ASF	LXX_WH
Józs 2:22		ορεινην	N-ASF	
Józs 2:22	G2532	και	CONJ	LXX_WH
Józs 2:22	G2650	κατεμειναν	V-AAI-3P	LXX_WH
Józs 2:22	G1563	εκει	ADV	LXX_WH
Józs 2:22	G5140	τρεις	A-APF	LXX_WH
Józs 2:22	G2250	ημερας	N-APF	LXX_WH
Józs 2:22	G2532	και	CONJ	LXX_WH
Józs 2:22	G1567	εξεζητησαν	V-AAI-3P	LXX_WH
Józs 2:22	G3588	οι	T-NPM	LXX_WH
Józs 2:22	G2614	καταδιωκοντες	V-PAPNP	LXX_WH
Józs 2:22	G3956	πασας	A-APF	LXX_WH
Józs 2:22	G3588	τας	T-APF	LXX_WH
Józs 2:22	G3598	οδους	N-APF	LXX_WH
Józs 2:22	G2532	και	CONJ	LXX_WH
Józs 2:22	G3364	ουχ	ADV	LXX_WH
Józs 2:22	G2147	ευροσαν	V-AAI-3P	LXX_WH
Józs 2:23	G2532	και	CONJ	LXX_WH
Józs 2:23	G5290	υπεστρεψαν	V-AAI-3P	LXX_WH
Józs 2:23	G3588	οι	T-NPM	LXX_WH
Józs 2:23	G1417	δυο	N-NUI	LXX_WH
Józs 2:23	G3495	νεανισκοι	N-NPM	LXX_WH
Józs 2:23	G2532	και	CONJ	LXX_WH
Józs 2:23	G2597	κατεβησαν	V-AAI-3P	LXX_WH
Józs 2:23	G1537	εκ	PREP	LXX_WH
Józs 2:23	G3588	του	T-GSN	LXX_WH
Józs 2:23	G3735	ορους	N-GSN	LXX_WH
Józs 2:23	G2532	και	CONJ	LXX_WH
Józs 2:23	G1224	διεβησαν	V-AAI-3P	LXX_WH
Józs 2:23	G4314	προς	PREP	LXX_WH
Józs 2:23	G2424	ιησουν	N-PRI	LXX_WH
Józs 2:23	G5207	υιον	N-ASM	LXX_WH
Józs 2:23		ναυη	N-PRI	ELTERO_SZOVEGALAP
Józs 2:23	G2532	και	CONJ	LXX_WH
Józs 2:23	G1334	διηγησαντο	V-AMI-3P	LXX_WH
Józs 2:23	G0846	αυτω	D-DSM	LXX_WH
Józs 2:23	G3956	παντα	A-APN	LXX_WH
Józs 2:23	G3588	τα	T-APN	LXX_WH
Józs 2:23	G4819	συμβεβηκοτα	V-RAPAP	LXX_WH
Józs 2:23	G0846	αυτοις	D-DPM	LXX_WH
Józs 2:24	G2532	και	CONJ	LXX_WH
Józs 2:24	G2036	ειπαν	V-AAI-3P	ABP-potolt
Józs 2:24	G4314	προς	PREP	LXX_WH
Józs 2:24	G2424	ιησουν	N-PRI	LXX_WH
Józs 2:24	G3754	οτι	CONJ	LXX_WH
Józs 2:24	G3860	παρεδωκεν	V-AAI-3S	LXX_WH
Józs 2:24	G2962	κυριος	N-NSM	LXX_WH
Józs 2:24	G3956	πασαν	A-ASF	LXX_WH
Józs 2:24	G3588	την	T-ASF	LXX_WH
Józs 2:24	G1065	γην	N-ASF	LXX_WH
Józs 2:24	G1722	εν	PREP	LXX_WH
Józs 2:24	G5495	χειρι	N-DSF	LXX_WH
Józs 2:24	G1473	ημων	P-GP	LXX_WH
Józs 2:24	G2532	και	CONJ	LXX_WH
Józs 2:24	G2670	κατεπτηκεν	V-RAI-3S	ABP-potolt
Józs 2:24	G3956	πας	A-NSM	LXX_WH
Józs 2:24	G3588	ο	T-NSM	LXX_WH
Józs 2:24	G2730	κατοικων	V-PAPNS	ABP-potolt
Józs 2:24	G3588	την	T-ASF	LXX_WH
Józs 2:24	G1065	γην	N-ASF	LXX_WH
Józs 2:24	G1565	εκεινην	D-ASF	LXX_WH
Józs 2:24	G0575	αφ	PREP	LXX_WH
Józs 2:24	G1473	ημων	P-GP	LXX_WH
Józs 3:1	G2532	και	CONJ	LXX_WH
Józs 3:1	G3719	ωρθρισεν	V-AAI-3S	LXX_WH
Józs 3:1	G2424	ιησους	N-PRI	LXX_WH
Józs 3:1	G3588	το	T-ASN	LXX_WH
Józs 3:1	G4404	πρωι	ADV	LXX_WH
Józs 3:1	G2532	και	CONJ	LXX_WH
Józs 3:1	G0522	απηραν	V-AAI-3P	LXX_WH
Józs 3:1	G1537	εκ	PREP	LXX_WH
Józs 3:1		σαττιν	N-PRI	ELTERO_SZOVEGALAP
Józs 3:1	G2532	και	CONJ	LXX_WH
Józs 3:1	G2064	ηλθοσαν	V-AAI-3P	LXX_WH
Józs 3:1	G2193	εως	PREP	LXX_WH
Józs 3:1	G3588	του	T-GSM	LXX_WH
Józs 3:1	G2446	ιορδανου	N-GSM	LXX_WH
Józs 3:1	G2532	και	CONJ	LXX_WH
Józs 3:1	G2647	κατελυσαν	V-AAI-3P	LXX_WH
Józs 3:1	G1563	εκει	ADV	LXX_WH
Józs 3:1	G4253	προ	PREP	LXX_WH
Józs 3:1	G3588	του	T-GSN	LXX_WH
Józs 3:1	G1224	διαβηναι	V-AAN	LXX_WH
Józs 3:2	G2532	και	CONJ	LXX_WH
Józs 3:2	G1096	εγενετο	V-AMI-3S	LXX_WH
Józs 3:2	G3326	μετα	PREP	LXX_WH
Józs 3:2	G5140	τρεις	A-APF	LXX_WH
Józs 3:2	G2250	ημερας	N-APF	LXX_WH
Józs 3:2	G1330	διηλθον	V-AAI-3P	LXX_WH
Józs 3:2	G3588	οι	T-NPM	LXX_WH
Józs 3:2	G1122	γραμματεις	N-NPM	LXX_WH
Józs 3:2	G1223	δια	PREP	LXX_WH
Józs 3:2	G3588	της	T-GSF	LXX_WH
Józs 3:2	G3925	παρεμβολης	N-GSF	ABP-potolt
Józs 3:3	G2532	και	CONJ	LXX_WH
Józs 3:3	G1781	ενετειλαντο	V-AMI-3P	LXX_WH
Józs 3:3	G3588	τω	T-DSM	LXX_WH
Józs 3:3	G2992	λαω	N-DSM	LXX_WH
Józs 3:3	G3004	λεγοντες	V-PAPNP	LXX_WH
Józs 3:3	G3752	οταν	ADV	LXX_WH
Józs 3:3	G3708	ιδητε	V-AAS-2P	LXX_WH
Józs 3:3	G3588	την	T-ASF	LXX_WH
Józs 3:3	G2787	κιβωτον	N-ASF	LXX_WH
Józs 3:3	G3588	της	T-GSF	LXX_WH
Józs 3:3	G1242	διαθηκης	N-GSF	LXX_WH
Józs 3:3	G2962	κυριου	N-GSM	LXX_WH
Józs 3:3	G3588	του	T-GSM	LXX_WH
Józs 3:3	G2316	θεου	N-GSM	LXX_WH
Józs 3:3	G1473	ημων	P-GP	LXX_WH
Józs 3:3	G2532	και	CONJ	LXX_WH
Józs 3:3	G3588	τους	T-APM	LXX_WH
Józs 3:3	G2409	ιερεις	N-APM	LXX_WH
Józs 3:3	G1473	ημων	P-GP	LXX_WH
Józs 3:3	G2532	και	CONJ	LXX_WH
Józs 3:3	G3588	τους	T-APM	LXX_WH
Józs 3:3	G3019	λευιτας	N-APM	LXX_WH
Józs 3:3	G0142	αιροντας	V-PAPAP	LXX_WH
Józs 3:3	G0846	αυτην	D-ASF	LXX_WH
Józs 3:3	G0522	απαρειτε	V-FAI-2P	LXX_WH
Józs 3:3	G0575	απο	PREP	LXX_WH
Józs 3:3	G3588	των	T-GPM	LXX_WH
Józs 3:3	G5117	τοπων	N-GPM	LXX_WH
Józs 3:3	G4771	υμων	P-GP	LXX_WH
Józs 3:3	G2532	και	CONJ	LXX_WH
Józs 3:3	G4198	πορευεσθε	V-PMD-2P	LXX_WH
Józs 3:3	G3694	οπισω	PREP	LXX_WH
Józs 3:3	G0846	αυτης	D-GSF	LXX_WH
Józs 3:4	G0235	αλλα	CONJ	LXX_WH
Józs 3:4	G3112	μακραν	ADV	LXX_WH
Józs 3:4	G1510	εστω	V-PAD-3S	LXX_WH
Józs 3:4	G0303	ανα	PREP	LXX_WH
Józs 3:4	G3319	μεσον	A-ASN	LXX_WH
Józs 3:4	G4771	υμων	P-GP	LXX_WH
Józs 3:4	G2532	και	CONJ	LXX_WH
Józs 3:4	G1565	εκεινης	D-GSF	LXX_WH
Józs 3:4	G3745	οσον	A-ASN	LXX_WH
Józs 3:4	G1367	δισχιλιους	A-APM	LXX_WH
Józs 3:4	G4083	πηχεις	N-APM	LXX_WH
Józs 3:4	G2476	στησεσθε	V-FMI-2P	LXX_WH
Józs 3:4	G3165	μη	ADV	LXX_WH
Józs 3:4	G4331	προσεγγισητε	V-AAS-2P	LXX_WH
Józs 3:4	G0846	αυτη	D-DSF	LXX_WH
Józs 3:4	G2443	ιν	CONJ	LXX_WH
Józs 3:4	G1987	επιστησθε	V-PMS-2P	LXX_WH
Józs 3:4	G3588	την	T-ASF	LXX_WH
Józs 3:4	G3598	οδον	N-ASF	LXX_WH
Józs 3:4	G3739	ην	R-ASF	LXX_WH
Józs 3:4	G4198	πορευεσθε	V-PMI-2P	LXX_WH
Józs 3:4	G0846	αυτην	D-ASF	LXX_WH
Józs 3:4	G3364	ου	ADV	LXX_WH
Józs 3:4	G1063	γαρ	PRT	LXX_WH
Józs 3:4	G4198	πεπορευσθε	V-RMI-2P	LXX_WH
Józs 3:4	G3588	την	T-ASF	LXX_WH
Józs 3:4	G3598	οδον	N-ASF	LXX_WH
Józs 3:4	G0575	απ	PREP	LXX_WH
Józs 3:4	G5504	εχθες	ADV	LXX_WH
Józs 3:4	G2532	και	CONJ	LXX_WH
Józs 3:4	G5154	τριτης	A-GSF	LXX_WH
Józs 3:4	G2250	ημερας	N-GSF	LXX_WH
Józs 3:5	G2532	και	CONJ	LXX_WH
Józs 3:5		ειπεν	V-AAI-3S	ELTERO_SZOVEGALAP
Józs 3:5	G2424	ιησους	N-PRI	LXX_WH
Józs 3:5	G3588	τω	T-DSM	LXX_WH
Józs 3:5	G2992	λαω	N-DSM	LXX_WH
Józs 3:5	G0048	αγνισασθε	V-AMD-2P	LXX_WH
Józs 3:5	G1519	εις	PREP	LXX_WH
Józs 3:5	G0839	αυριον	ADV	LXX_WH
Józs 3:5	G3754	οτι	CONJ	LXX_WH
Józs 3:5	G0839	αυριον	ADV	LXX_WH
Józs 3:5	G4160	ποιησει	V-FAI-3S	LXX_WH
Józs 3:5	G1722	εν	PREP	LXX_WH
Józs 3:5	G4771	υμιν	P-DP	LXX_WH
Józs 3:5	G2962	κυριος	N-NSM	LXX_WH
Józs 3:5	G2298	θαυμαστα	A-APN	LXX_WH
Józs 3:6	G2532	και	CONJ	LXX_WH
Józs 3:6		ειπεν	V-AAI-3S	ELTERO_SZOVEGALAP
Józs 3:6	G2424	ιησους	N-PRI	LXX_WH
Józs 3:6	G3588	τοις	T-DPM	LXX_WH
Józs 3:6	G2409	ιερευσιν	N-DPM	LXX_WH
Józs 3:6	G0142	αρατε	V-AAD-2P	LXX_WH
Józs 3:6	G3588	την	T-ASF	LXX_WH
Józs 3:6	G2787	κιβωτον	N-ASF	LXX_WH
Józs 3:6	G3588	της	T-GSF	LXX_WH
Józs 3:6	G1242	διαθηκης	N-GSF	LXX_WH
Józs 3:6	G2962	κυριου	N-GSM	LXX_WH
Józs 3:6	G2532	και	CONJ	LXX_WH
Józs 3:6	G4313	προπορευεσθε	V-PMD-2P	LXX_WH
Józs 3:6	G3588	του	T-GSM	LXX_WH
Józs 3:6	G2992	λαου	N-GSM	LXX_WH
Józs 3:6	G2532	και	CONJ	LXX_WH
Józs 3:6	G0142	ηραν	V-AAI-3P	LXX_WH
Józs 3:6	G3588	οι	T-NPM	LXX_WH
Józs 3:6	G2409	ιερεις	N-NPM	LXX_WH
Józs 3:6	G3588	την	T-ASF	LXX_WH
Józs 3:6	G2787	κιβωτον	N-ASF	LXX_WH
Józs 3:6	G3588	της	T-GSF	LXX_WH
Józs 3:6	G1242	διαθηκης	N-GSF	LXX_WH
Józs 3:6	G2962	κυριου	N-GSM	LXX_WH
Józs 3:6	G2532	και	CONJ	LXX_WH
Józs 3:6	G4198	επορευοντο	V-IMI-3P	LXX_WH
Józs 3:6	G1715	εμπροσθεν	PREP	LXX_WH
Józs 3:6	G3588	του	T-GSM	LXX_WH
Józs 3:6	G2992	λαου	N-GSM	LXX_WH
Józs 3:7	G2532	και	CONJ	LXX_WH
Józs 3:7		ειπεν	V-AAI-3S	ELTERO_SZOVEGALAP
Józs 3:7	G2962	κυριος	N-NSM	LXX_WH
Józs 3:7	G4314	προς	PREP	LXX_WH
Józs 3:7	G2424	ιησουν	N-PRI	LXX_WH
Józs 3:7	G1722	εν	PREP	LXX_WH
Józs 3:7	G3588	τη	T-DSF	LXX_WH
Józs 3:7	G2250	ημερα	N-DSF	LXX_WH
Józs 3:7	G3778	ταυτη	D-DSF	LXX_WH
Józs 3:7	G0757	αρχομαι	V-PMI-1S	LXX_WH
Józs 3:7	G5312	υψωσαι	V-AAN	LXX_WH
Józs 3:7	G4771	σε	P-AS	LXX_WH
Józs 3:7		κατενωπιον	PREP	ELTERO_SZOVEGALAP
Józs 3:7	G3956	παντων	A-GPM	LXX_WH
Józs 3:7	G5207	υιων	N-GPM	LXX_WH
Józs 3:7	G2474	ισραηλ	N-PRI	LXX_WH
Józs 3:7	G2443	ινα	CONJ	LXX_WH
Józs 3:7	G1097	γνωσιν	V-AAS-3P	LXX_WH
Józs 3:7	G2530	καθοτι	ADV	LXX_WH
Józs 3:7	G1510	ημην	V-IMI-1S	LXX_WH
Józs 3:7	G3326	μετα	PREP	LXX_WH
Józs 3:7		μωυση	N-GSM	ELTERO_SZOVEGALAP
Józs 3:7	G3778	ουτως	ADV	LXX_WH
Józs 3:7	G1510	εσομαι	V-FMI-1S	LXX_WH
Józs 3:7	G2532	και	ADV	LXX_WH
Józs 3:7	G3326	μετα	PREP	LXX_WH
Józs 3:7	G4771	σου	P-GS	LXX_WH
Józs 3:8	G2532	και	CONJ	LXX_WH
Józs 3:8	G3568	νυν	ADV	LXX_WH
Józs 3:8	G1781	εντειλαι	V-AMD-2S	LXX_WH
Józs 3:8	G3588	τοις	T-DPM	LXX_WH
Józs 3:8	G2409	ιερευσιν	N-DPM	LXX_WH
Józs 3:8	G3588	τοις	T-DPM	LXX_WH
Józs 3:8	G0142	αιρουσιν	V-PAPDP	LXX_WH
Józs 3:8	G3588	την	T-ASF	LXX_WH
Józs 3:8	G2787	κιβωτον	N-ASF	LXX_WH
Józs 3:8	G3588	της	T-GSF	LXX_WH
Józs 3:8	G1242	διαθηκης	N-GSF	LXX_WH
Józs 3:8	G3004	λεγων	V-PAPNS	LXX_WH
Józs 3:8	G3739	ως	CONJ	LXX_WH
Józs 3:8	G0302	αν	PRT	LXX_WH
Józs 3:8	G1525	εισελθητε	V-AAS-2P	LXX_WH
Józs 3:8	G1909	επι	PREP	LXX_WH
Józs 3:8	G3313	μερους	N-GSN	LXX_WH
Józs 3:8	G3588	του	T-GSN	LXX_WH
Józs 3:8	G5204	υδατος	N-GSN	LXX_WH
Józs 3:8	G3588	του	T-GSM	LXX_WH
Józs 3:8	G2446	ιορδανου	N-GSM	LXX_WH
Józs 3:8	G2532	και	CONJ	LXX_WH
Józs 3:8	G1722	εν	PREP	LXX_WH
Józs 3:8	G3588	τω	T-DSM	LXX_WH
Józs 3:8	G2446	ιορδανη	N-DSM	LXX_WH
Józs 3:8	G2476	στησεσθε	V-FMI-2P	LXX_WH
Józs 3:9	G2532	και	CONJ	LXX_WH
Józs 3:9		ειπεν	V-AAI-3S	ELTERO_SZOVEGALAP
Józs 3:9	G2424	ιησους	N-PRI	LXX_WH
Józs 3:9	G3588	τοις	T-DPM	LXX_WH
Józs 3:9	G5207	υιοις	N-DPM	LXX_WH
Józs 3:9	G2474	ισραηλ	N-PRI	LXX_WH
Józs 3:9	G4317	προσαγαγετε	V-AAD-2P	LXX_WH
Józs 3:9	G3592	ωδε	ADV	LXX_WH
Józs 3:9	G2532	και	CONJ	LXX_WH
Józs 3:9	G0191	ακουσατε	V-AAD-2P	LXX_WH
Józs 3:9	G3588	το	T-ASN	LXX_WH
Józs 3:9	G4487	ρημα	N-ASN	LXX_WH
Józs 3:9	G2962	κυριου	N-GSM	LXX_WH
Józs 3:9	G3588	του	T-GSM	LXX_WH
Józs 3:9	G2316	θεου	N-GSM	LXX_WH
Józs 3:9	G1473	ημων	P-GP	LXX_WH
Józs 3:10	G1722	εν	PREP	LXX_WH
Józs 3:10	G3778	τουτω	D-DSN	LXX_WH
Józs 3:10	G1097	γνωσεσθε	V-FMI-2P	LXX_WH
Józs 3:10	G3754	οτι	CONJ	LXX_WH
Józs 3:10	G2316	θεος	N-NSM	LXX_WH
Józs 3:10	G2198	ζων	V-PAPNS	LXX_WH
Józs 3:10	G1722	εν	PREP	LXX_WH
Józs 3:10	G4771	υμιν	P-DP	LXX_WH
Józs 3:10	G2532	και	CONJ	LXX_WH
Józs 3:10		ολεθρευων	V-PAPNS	ELTERO_SZOVEGALAP
Józs 3:10		ολεθρευσει	V-FAI-3S	ELTERO_SZOVEGALAP
Józs 3:10	G0575	απο	PREP	LXX_WH
Józs 3:10	G4383	προσωπου	N-GSN	LXX_WH
Józs 3:10	G1473	ημων	P-GP	LXX_WH
Józs 3:10	G3588	τον	T-ASM	LXX_WH
Józs 3:10		χαναναιον	N-ASM	ELTERO_SZOVEGALAP
Józs 3:10	G2532	και	CONJ	LXX_WH
Józs 3:10	G3588	τον	T-ASM	LXX_WH
Józs 3:10		χετταιον	N-ASM	ELTERO_SZOVEGALAP
Józs 3:10	G2532	και	CONJ	LXX_WH
Józs 3:10	G3588	τον	T-ASM	LXX_WH
Józs 3:10		φερεζαιον	N-ASM	ELTERO_SZOVEGALAP
Józs 3:10	G2532	και	CONJ	LXX_WH
Józs 3:10	G3588	τον	T-ASM	LXX_WH
Józs 3:10		ευαιον	N-ASM	ELTERO_SZOVEGALAP
Józs 3:10	G2532	και	CONJ	LXX_WH
Józs 3:10	G3588	τον	T-ASM	LXX_WH
Józs 3:10		αμορραιον	N-ASM	ELTERO_SZOVEGALAP
Józs 3:10	G2532	και	CONJ	LXX_WH
Józs 3:10	G3588	τον	T-ASM	LXX_WH
Józs 3:10		γεργεσαιον	N-ASM	ELTERO_SZOVEGALAP
Józs 3:10	G2532	και	CONJ	LXX_WH
Józs 3:10	G3588	τον	T-ASM	LXX_WH
Józs 3:10		ιεβουσαιον	N-ASM	ELTERO_SZOVEGALAP
Józs 3:11	G2400	ιδου	INJ	LXX_WH
Józs 3:11	G3588	η	T-NSF	LXX_WH
Józs 3:11	G2787	κιβωτος	N-NSF	LXX_WH
Józs 3:11	G1242	διαθηκης	N-GSF	LXX_WH
Józs 3:11	G2962	κυριου	N-GSM	LXX_WH
Józs 3:11	G3956	πασης	A-GSF	LXX_WH
Józs 3:11	G3588	της	T-GSF	LXX_WH
Józs 3:11	G1065	γης	N-GSF	LXX_WH
Józs 3:11	G1224	διαβαινει	V-PAI-3S	LXX_WH
Józs 3:11	G3588	τον	T-ASM	LXX_WH
Józs 3:11	G2446	ιορδανην	N-ASM	LXX_WH
Józs 3:12		προχειρισασθε	V-AMD-2P	ELTERO_SZOVEGALAP
Józs 3:12	G4771	υμιν	P-DP	LXX_WH
Józs 3:12	G1427	δωδεκα	N-NUI	LXX_WH
Józs 3:12	G0435	ανδρας	N-APM	LXX_WH
Józs 3:12	G0575	απο	PREP	LXX_WH
Józs 3:12	G3588	των	T-GPM	LXX_WH
Józs 3:12	G5207	υιων	N-GPM	LXX_WH
Józs 3:12	G2474	ισραηλ	N-PRI	LXX_WH
Józs 3:12	G1519	ενα	A-ASM	LXX_WH
Józs 3:12	G0575	αφ	PREP	LXX_WH
Józs 3:12	G1538	εκαστης	A-GSF	LXX_WH
Józs 3:12	G5443	φυλης	N-GSF	LXX_WH
Józs 3:13	G2532	και	CONJ	LXX_WH
Józs 3:13	G1510	εσται	V-FMI-3S	LXX_WH
Józs 3:13	G3739	ως	CONJ	LXX_WH
Józs 3:13	G0302	αν	PRT	LXX_WH
Józs 3:13	G2664	καταπαυσωσιν	V-AAS-3P	LXX_WH
Józs 3:13	G3588	οι	T-NPM	LXX_WH
Józs 3:13	G4228	ποδες	N-NPM	LXX_WH
Józs 3:13	G3588	των	T-GPM	LXX_WH
Józs 3:13	G2409	ιερεων	N-GPM	LXX_WH
Józs 3:13	G3588	των	T-GPM	LXX_WH
Józs 3:13	G0142	αιροντων	V-PAPGP	LXX_WH
Józs 3:13	G3588	την	T-ASF	LXX_WH
Józs 3:13	G2787	κιβωτον	N-ASF	LXX_WH
Józs 3:13	G3588	της	T-GSF	LXX_WH
Józs 3:13	G1242	διαθηκης	N-GSF	LXX_WH
Józs 3:13	G2962	κυριου	N-GSM	LXX_WH
Józs 3:13	G3956	πασης	A-GSF	LXX_WH
Józs 3:13	G3588	της	T-GSF	LXX_WH
Józs 3:13	G1065	γης	N-GSF	LXX_WH
Józs 3:13	G1722	εν	PREP	LXX_WH
Józs 3:13	G3588	τω	T-DSN	LXX_WH
Józs 3:13	G5204	υδατι	N-DSN	LXX_WH
Józs 3:13	G3588	του	T-GSM	LXX_WH
Józs 3:13	G2446	ιορδανου	N-GSM	LXX_WH
Józs 3:13	G3588	το	T-NSN	LXX_WH
Józs 3:13	G5204	υδωρ	N-NSN	LXX_WH
Józs 3:13	G3588	του	T-GSM	LXX_WH
Józs 3:13	G2446	ιορδανου	N-GSM	LXX_WH
Józs 3:13	G1587	εκλειψει	V-FAI-3S	LXX_WH
Józs 3:13	G3588	το	T-NSN	LXX_WH
Józs 3:13	G1161	δε	PRT	LXX_WH
Józs 3:13	G5204	υδωρ	N-NSN	LXX_WH
Józs 3:13	G3588	το	T-NSN	LXX_WH
Józs 3:13	G2597	καταβαινον	V-PAPNS	LXX_WH
Józs 3:13	G2476	στησεται	V-FMI-3S	LXX_WH
Józs 3:14	G2532	και	CONJ	LXX_WH
Józs 3:14	G0522	απηρεν	V-AAI-3S	LXX_WH
Józs 3:14	G3588	ο	T-NSM	LXX_WH
Józs 3:14	G2992	λαος	N-NSM	LXX_WH
Józs 3:14	G1537	εκ	PREP	LXX_WH
Józs 3:14	G3588	των	T-GPN	LXX_WH
Józs 3:14	G4638	σκηνωματων	N-GPN	LXX_WH
Józs 3:14	G0846	αυτων	D-GPM	LXX_WH
Józs 3:14	G1224	διαβηναι	V-AAN	LXX_WH
Józs 3:14	G3588	τον	T-ASM	LXX_WH
Józs 3:14	G2446	ιορδανην	N-ASM	LXX_WH
Józs 3:14	G3588	οι	T-NPM	LXX_WH
Józs 3:14	G1161	δε	PRT	LXX_WH
Józs 3:14	G2409	ιερεις	N-NPM	LXX_WH
Józs 3:14	G0142	ηροσαν	V-AAI-3P	LXX_WH
Józs 3:14	G3588	την	T-ASF	LXX_WH
Józs 3:14	G2787	κιβωτον	N-ASF	LXX_WH
Józs 3:14	G3588	της	T-GSF	LXX_WH
Józs 3:14	G1242	διαθηκης	N-GSF	LXX_WH
Józs 3:14	G2962	κυριου	N-GSM	LXX_WH
Józs 3:14	G4387	προτεροι	A-NPMC	LXX_WH
Józs 3:14	G3588	του	T-GSM	LXX_WH
Józs 3:14	G2992	λαου	N-GSM	LXX_WH
Józs 3:15	G3739	ως	CONJ	LXX_WH
Józs 3:15	G1161	δε	PRT	LXX_WH
Józs 3:15	G1531	εισεπορευοντο	V-IMI-3P	LXX_WH
Józs 3:15	G3588	οι	T-NPM	LXX_WH
Józs 3:15	G2409	ιερεις	N-NPM	LXX_WH
Józs 3:15	G3588	οι	T-NPM	LXX_WH
Józs 3:15	G0142	αιροντες	V-PAPNP	LXX_WH
Józs 3:15	G3588	την	T-ASF	LXX_WH
Józs 3:15	G2787	κιβωτον	N-ASF	LXX_WH
Józs 3:15	G3588	της	T-GSF	LXX_WH
Józs 3:15	G1242	διαθηκης	N-GSF	LXX_WH
Józs 3:15	G1909	επι	PREP	LXX_WH
Józs 3:15	G3588	τον	T-ASM	LXX_WH
Józs 3:15	G2446	ιορδανην	N-ASM	LXX_WH
Józs 3:15	G2532	και	CONJ	LXX_WH
Józs 3:15	G3588	οι	T-NPM	LXX_WH
Józs 3:15	G4228	ποδες	N-NPM	LXX_WH
Józs 3:15	G3588	των	T-GPM	LXX_WH
Józs 3:15	G2409	ιερεων	N-GPM	LXX_WH
Józs 3:15	G3588	των	T-GPM	LXX_WH
Józs 3:15	G0142	αιροντων	V-PAPGP	LXX_WH
Józs 3:15	G3588	την	T-ASF	LXX_WH
Józs 3:15	G2787	κιβωτον	N-ASF	LXX_WH
Józs 3:15	G3588	της	T-GSF	LXX_WH
Józs 3:15	G1242	διαθηκης	N-GSF	LXX_WH
Józs 3:15	G2962	κυριου	N-GSM	LXX_WH
Józs 3:15	G0911	εβαφησαν	V-API-3P	LXX_WH
Józs 3:15	G1519	εις	PREP	LXX_WH
Józs 3:15	G3313	μερος	N-ASN	LXX_WH
Józs 3:15	G3588	του	T-GSN	LXX_WH
Józs 3:15	G5204	υδατος	N-GSN	LXX_WH
Józs 3:15	G3588	του	T-GSM	LXX_WH
Józs 3:15	G2446	ιορδανου	N-GSM	LXX_WH
Józs 3:15	G3588	ο	T-NSM	LXX_WH
Józs 3:15	G1161	δε	PRT	LXX_WH
Józs 3:15	G2446	ιορδανης	N-NSM	LXX_WH
Józs 3:15	G4137	επληρου	V-IAI-3S	LXX_WH
Józs 3:15	G2596	καθ	PREP	LXX_WH
Józs 3:15	G3650	ολην	A-ASF	LXX_WH
Józs 3:15	G3588	την	T-ASF	LXX_WH
Józs 3:15		κρηπιδα	N-ASF	ELTERO_SZOVEGALAP
Józs 3:15	G0846	αυτου	D-GSM	LXX_WH
Józs 3:15	G5616	ωσει	ADV	LXX_WH
Józs 3:15	G2250	ημεραι	N-NPF	LXX_WH
Józs 3:15	G2326	θερισμου	N-GSM	LXX_WH
Józs 3:15	G4443	πυρων	N-GPF	LXX_WH
Józs 3:16	G2532	και	CONJ	LXX_WH
Józs 3:16	G2476	εστη	V-AAI-3S	LXX_WH
Józs 3:16	G3588	τα	T-NPN	LXX_WH
Józs 3:16	G5204	υδατα	N-NPN	LXX_WH
Józs 3:16	G3588	τα	T-NPN	LXX_WH
Józs 3:16	G2597	καταβαινοντα	V-PAPNP	LXX_WH
Józs 3:16	G0509	ανωθεν	ADV	LXX_WH
Józs 3:16	G2476	εστη	V-AAI-3S	LXX_WH
Józs 3:16		πηγμα	N-NSN	ELTERO_SZOVEGALAP
Józs 3:16	G1519	εν	A-NSN	LXX_WH
Józs 3:16		αφεστηκος	V-RAPNS	ELTERO_SZOVEGALAP
Józs 3:16	G3112	μακραν	ADV	LXX_WH
Józs 3:16	G4970	σφοδρα	ADV	LXX_WH
Józs 3:16	G4971	σφοδρως	ADV	LXX_WH
Józs 3:16	G2193	εως	PREP	LXX_WH
Józs 3:16	G3313	μερους	N-GSN	LXX_WH
Józs 3:16		καριαθιαριμ	N-PRI	ELTERO_SZOVEGALAP
Józs 3:16	G3588	το	T-NSN	LXX_WH
Józs 3:16	G1161	δε	PRT	LXX_WH
Józs 3:16	G2597	καταβαινον	V-PAPNS	LXX_WH
Józs 3:16	G2597	κατεβη	V-AAI-3S	LXX_WH
Józs 3:16	G1519	εις	PREP	LXX_WH
Józs 3:16	G3588	την	T-ASF	LXX_WH
Józs 3:16	G2281	θαλασσαν	N-ASF	LXX_WH
Józs 3:16	G0687	αραβα	N-PRI	ABP-potolt
Józs 3:16	G2281	θαλασσαν	N-ASF	LXX_WH
Józs 3:16	G0251	αλος	N-GSM	LXX_WH
Józs 3:16	G2193	εως	CONJ	LXX_WH
Józs 3:16	G1519	εις	PREP	LXX_WH
Józs 3:16	G3588	το	T-ASN	LXX_WH
Józs 3:16	G5056	τελος	N-ASN	LXX_WH
Józs 3:16	G1587	εξελιπεν	V-AAI-3S	LXX_WH
Józs 3:16	G2532	και	CONJ	LXX_WH
Józs 3:16	G3588	ο	T-NSM	LXX_WH
Józs 3:16	G2992	λαος	N-NSM	LXX_WH
Józs 3:16	G2476	ειστηκει	V-YAI-3S	LXX_WH
Józs 3:16		απεναντι	PREP	ELTERO_SZOVEGALAP
Józs 3:16	G2410	ιεριχω	N-PRI	LXX_WH
Józs 3:17	G2532	και	CONJ	LXX_WH
Józs 3:17	G2476	εστησαν	V-AAI-3P	LXX_WH
Józs 3:17	G3588	οι	T-NPM	LXX_WH
Józs 3:17	G2409	ιερεις	N-NPM	LXX_WH
Józs 3:17	G3588	οι	T-NPM	LXX_WH
Józs 3:17	G0142	αιροντες	V-PAPNP	LXX_WH
Józs 3:17	G3588	την	T-ASF	LXX_WH
Józs 3:17	G2787	κιβωτον	N-ASF	LXX_WH
Józs 3:17	G3588	της	T-GSF	LXX_WH
Józs 3:17	G1242	διαθηκης	N-GSF	LXX_WH
Józs 3:17	G2962	κυριου	N-GSM	LXX_WH
Józs 3:17	G1909	επι	PREP	LXX_WH
Józs 3:17	G3584	ξηρας	A-GSF	LXX_WH
Józs 3:17	G1722	εν	PREP	LXX_WH
Józs 3:17	G3319	μεσω	A-DSN	LXX_WH
Józs 3:17	G3588	του	T-GSM	LXX_WH
Józs 3:17	G2446	ιορδανου	N-GSM	LXX_WH
Józs 3:17	G2532	και	CONJ	LXX_WH
Józs 3:17	G3956	παντες	A-NPM	LXX_WH
Józs 3:17	G3588	οι	T-NPM	LXX_WH
Józs 3:17	G5207	υιοι	N-NPM	LXX_WH
Józs 3:17	G2474	ισραηλ	N-PRI	LXX_WH
Józs 3:17	G1224	διεβαινον	V-IAI-3P	LXX_WH
Józs 3:17	G1223	δια	PREP	LXX_WH
Józs 3:17	G3584	ξηρας	A-GSF	LXX_WH
Józs 3:17	G2193	εως	CONJ	LXX_WH
Józs 3:17	G4931	συνετελεσεν	V-AAI-3S	LXX_WH
Józs 3:17	G3956	πας	A-NSM	LXX_WH
Józs 3:17	G3588	ο	T-NSM	LXX_WH
Józs 3:17	G2992	λαος	N-NSM	LXX_WH
Józs 3:17	G1224	διαβαινων	V-PAPNS	LXX_WH
Józs 3:17	G3588	τον	T-ASM	LXX_WH
Józs 3:17	G2446	ιορδανην	N-ASM	LXX_WH
Józs 4:1	G2532	και	CONJ	LXX_WH
Józs 4:1	G1893	επει	CONJ	LXX_WH
Józs 4:1	G4931	συνετελεσεν	V-AAI-3S	LXX_WH
Józs 4:1	G3956	πας	A-NSM	LXX_WH
Józs 4:1	G3588	ο	T-NSM	LXX_WH
Józs 4:1	G2992	λαος	N-NSM	LXX_WH
Józs 4:1	G1224	διαβαινων	V-PAPNS	LXX_WH
Józs 4:1	G3588	τον	T-ASM	LXX_WH
Józs 4:1	G2446	ιορδανην	N-ASM	LXX_WH
Józs 4:1	G2532	και	CONJ	LXX_WH
Józs 4:1		ειπεν	V-AAI-3S	ELTERO_SZOVEGALAP
Józs 4:1	G2962	κυριος	N-NSM	LXX_WH
Józs 4:1	G3588	τω	T-DSM	LXX_WH
Józs 4:1	G2424	ιησοι	N-PRI	LXX_WH
Józs 4:1	G3004	λεγων	V-PAPNS	LXX_WH
Józs 4:2	G3880	παραλαβων	V-AAPNS	LXX_WH
Józs 4:2	G0435	ανδρας	N-APM	LXX_WH
Józs 4:2	G0575	απο	PREP	LXX_WH
Józs 4:2	G3588	του	T-GSM	LXX_WH
Józs 4:2	G2992	λαου	N-GSM	LXX_WH
Józs 4:2	G1519	ενα	A-ASM	LXX_WH
Józs 4:2	G0575	αφ	PREP	LXX_WH
Józs 4:2	G1538	εκαστης	A-GSF	LXX_WH
Józs 4:2	G5443	φυλης	N-GSF	LXX_WH
Józs 4:3	G4929	συνταξον	V-AAD-2S	LXX_WH
Józs 4:3	G0846	αυτοις	D-DPM	LXX_WH
Józs 4:3	G3004	λεγων	V-PAPNS	LXX_WH
Józs 4:3	G0337	ανελεσθε	V-AMD-2P	LXX_WH
Józs 4:3	G1537	εκ	PREP	LXX_WH
Józs 4:3	G3319	μεσου	A-GSN	LXX_WH
Józs 4:3	G3588	του	T-GSM	LXX_WH
Józs 4:3	G2446	ιορδανου	N-GSM	LXX_WH
Józs 4:3	G2092	ετοιμους	A-APM	LXX_WH
Józs 4:3	G1427	δωδεκα	N-NUI	LXX_WH
Józs 4:3	G3037	λιθους	N-APM	LXX_WH
Józs 4:3	G2532	και	CONJ	LXX_WH
Józs 4:3	G3778	τουτους	D-APM	LXX_WH
Józs 4:3	G1246	διακομισαντες	V-AAPNP	ABP-potolt
Józs 4:3	G0260	αμα	PREP	LXX_WH
Józs 4:3	G4771	υμιν	P-DP	LXX_WH
Józs 4:3	G0846	αυτοις	D-DPM	LXX_WH
Józs 4:3	G5087	θετε	V-AAD-2P	LXX_WH
Józs 4:3	G0846	αυτους	D-APM	LXX_WH
Józs 4:3	G1722	εν	PREP	LXX_WH
Józs 4:3	G3588	τη	T-DSF	LXX_WH
Józs 4:3		στρατοπεδεια	N-DSF	ELTERO_SZOVEGALAP
Józs 4:3	G4771	υμων	P-GP	LXX_WH
Józs 4:3	G3364	ου	ADV	LXX_WH
Józs 4:3	G1437	εαν	CONJ	LXX_WH
Józs 4:3	G3924	παρεμβαλητε	V-AAS-2P	ABP-potolt
Józs 4:3	G1563	εκει	ADV	LXX_WH
Józs 4:3	G3588	την	T-ASF	LXX_WH
Józs 4:3	G3571	νυκτα	N-ASF	LXX_WH
Józs 4:4	G2532	και	CONJ	LXX_WH
Józs 4:4		ανακαλεσαμενος	V-AMPNS	ELTERO_SZOVEGALAP
Józs 4:4	G2424	ιησους	N-PRI	LXX_WH
Józs 4:4	G1427	δωδεκα	N-NUI	LXX_WH
Józs 4:4	G0435	ανδρας	N-APM	LXX_WH
Józs 4:4	G3588	των	T-GPM	LXX_WH
Józs 4:4	G1741	ενδοξων	A-GPM	LXX_WH
Józs 4:4	G0575	απο	PREP	LXX_WH
Józs 4:4	G3588	των	T-GPM	LXX_WH
Józs 4:4	G5207	υιων	N-GPM	LXX_WH
Józs 4:4	G2474	ισραηλ	N-PRI	LXX_WH
Józs 4:4	G1519	ενα	A-ASM	LXX_WH
Józs 4:4	G0575	αφ	PREP	LXX_WH
Józs 4:4	G1538	εκαστης	A-GSF	LXX_WH
Józs 4:4	G5443	φυλης	N-GSF	LXX_WH
Józs 4:5		ειπεν	V-AAI-3S	ELTERO_SZOVEGALAP
Józs 4:5	G0846	αυτοις	D-DPM	LXX_WH
Józs 4:5	G4317	προσαγαγετε	V-AAD-2P	LXX_WH
Józs 4:5	G1715	εμπροσθεν	PREP	LXX_WH
Józs 4:5	G1473	μου	P-GS	LXX_WH
Józs 4:5	G4253	προ	PREP	LXX_WH
Józs 4:5	G4383	προσωπου	N-GSN	LXX_WH
Józs 4:5	G2962	κυριου	N-GSM	LXX_WH
Józs 4:5	G1519	εις	PREP	LXX_WH
Józs 4:5	G3319	μεσον	A-ASN	LXX_WH
Józs 4:5	G3588	του	T-GSM	LXX_WH
Józs 4:5	G2446	ιορδανου	N-GSM	LXX_WH
Józs 4:5	G2532	και	CONJ	LXX_WH
Józs 4:5	G0337	ανελομενος	V-AMPNS	LXX_WH
Józs 4:5	G1564	εκειθεν	ADV	LXX_WH
Józs 4:5	G1538	εκαστος	A-NSM	LXX_WH
Józs 4:5	G3037	λιθον	N-ASM	LXX_WH
Józs 4:5	G0142	αρατω	V-AAD-3S	LXX_WH
Józs 4:5	G1909	επι	PREP	LXX_WH
Józs 4:5	G3588	των	T-GPM	LXX_WH
Józs 4:5	G3676	ωμων	N-GPM	LXX_WH
Józs 4:5	G0846	αυτου	D-GSM	LXX_WH
Józs 4:5	G2596	κατα	PREP	LXX_WH
Józs 4:5	G3588	τον	T-ASM	LXX_WH
Józs 4:5	G0706	αριθμον	N-ASM	LXX_WH
Józs 4:5	G3588	των	T-GPF	LXX_WH
Józs 4:5	G1427	δωδεκα	N-NUI	LXX_WH
Józs 4:5	G5443	φυλων	N-GPF	LXX_WH
Józs 4:5	G3588	του	T-GSM	LXX_WH
Józs 4:5	G2474	ισραηλ	N-PRI	LXX_WH
Józs 4:6	G2443	ινα	CONJ	LXX_WH
Józs 4:6	G5225	υπαρχωσιν	V-PAS-3P	LXX_WH
Józs 4:6	G4771	υμιν	P-DP	LXX_WH
Józs 4:6	G3778	ουτοι	D-NPM	LXX_WH
Józs 4:6	G1519	εις	PREP	LXX_WH
Józs 4:6	G4592	σημειον	N-ASN	LXX_WH
Józs 4:6	G2749	κειμενον	V-PMPAS	LXX_WH
Józs 4:6	G1223	δια	PREP	LXX_WH
Józs 4:6	G3956	παντος	A-GSM	LXX_WH
Józs 4:6	G2443	ινα	CONJ	LXX_WH
Józs 4:6	G3752	οταν	ADV	LXX_WH
Józs 4:6	G2065	ερωτα	V-PAS-3S	LXX_WH
Józs 4:6	G4771	σε	P-AS	LXX_WH
Józs 4:6	G3588	ο	T-NSM	LXX_WH
Józs 4:6	G5207	υιος	N-NSM	LXX_WH
Józs 4:6	G4771	σου	P-GS	LXX_WH
Józs 4:6	G0839	αυριον	ADV	LXX_WH
Józs 4:6	G3004	λεγων	V-PAPNS	LXX_WH
Józs 4:6	G5100	τι	I-NSN	LXX_WH
Józs 4:6	G1510	εισιν	V-PAI-3P	LXX_WH
Józs 4:6	G3588	οι	T-NPM	LXX_WH
Józs 4:6	G3037	λιθοι	N-NPM	LXX_WH
Józs 4:6	G3778	ουτοι	D-NPM	LXX_WH
Józs 4:6	G4771	υμιν	P-DP	LXX_WH
Józs 4:7	G2532	και	CONJ	LXX_WH
Józs 4:7	G4771	συ	P-NS	LXX_WH
Józs 4:7	G1213	δηλωσεις	V-FAI-2S	LXX_WH
Józs 4:7	G3588	τω	T-DSM	LXX_WH
Józs 4:7	G5207	υιω	N-DSM	LXX_WH
Józs 4:7	G4771	σου	P-GS	LXX_WH
Józs 4:7	G3004	λεγων	V-PAPNS	LXX_WH
Józs 4:7	G3754	οτι	CONJ	LXX_WH
Józs 4:7	G1587	εξελιπεν	V-AAI-3S	LXX_WH
Józs 4:7	G3588	ο	T-NSM	LXX_WH
Józs 4:7	G2446	ιορδανης	N-NSM	LXX_WH
Józs 4:7	G4215	ποταμος	N-NSM	LXX_WH
Józs 4:7	G0575	απο	PREP	LXX_WH
Józs 4:7	G4383	προσωπου	N-GSN	LXX_WH
Józs 4:7	G2787	κιβωτου	N-GSF	LXX_WH
Józs 4:7	G1242	διαθηκης	N-GSF	LXX_WH
Józs 4:7	G2962	κυριου	N-GSM	LXX_WH
Józs 4:7	G3956	πασης	A-GSF	LXX_WH
Józs 4:7	G3588	της	T-GSF	LXX_WH
Józs 4:7	G1065	γης	N-GSF	LXX_WH
Józs 4:7	G3739	ως	CONJ	LXX_WH
Józs 4:7	G1224	διεβαινεν	V-IAI-3S	LXX_WH
Józs 4:7	G0846	αυτον	D-ASM	LXX_WH
Józs 4:7	G2532	και	CONJ	LXX_WH
Józs 4:7	G1510	εσονται	V-FMI-3P	LXX_WH
Józs 4:7	G3588	οι	T-NPM	LXX_WH
Józs 4:7	G3037	λιθοι	N-NPM	LXX_WH
Józs 4:7	G3778	ουτοι	D-NPM	LXX_WH
Józs 4:7	G4771	υμιν	P-DP	LXX_WH
Józs 4:7	G3422	μνημοσυνον	N-NSN	LXX_WH
Józs 4:7	G3588	τοις	T-DPM	LXX_WH
Józs 4:7	G5207	υιοις	N-DPM	LXX_WH
Józs 4:7	G2474	ισραηλ	N-PRI	LXX_WH
Józs 4:7	G2193	εως	PREP	LXX_WH
Józs 4:7	G3588	του	T-GSM	LXX_WH
Józs 4:7	G0165	αιωνος	N-GSM	LXX_WH
Józs 4:8	G2532	και	CONJ	LXX_WH
Józs 4:8	G4160	εποιησαν	V-AAI-3P	LXX_WH
Józs 4:8	G3778	ουτως	ADV	LXX_WH
Józs 4:8	G3588	οι	T-NPM	LXX_WH
Józs 4:8	G5207	υιοι	N-NPM	LXX_WH
Józs 4:8	G2474	ισραηλ	N-PRI	LXX_WH
Józs 4:8	G2530	καθοτι	ADV	LXX_WH
Józs 4:8	G1781	ενετειλατο	V-AMI-3S	LXX_WH
Józs 4:8	G2962	κυριος	N-NSM	LXX_WH
Józs 4:8	G3588	τω	T-DSM	LXX_WH
Józs 4:8	G2424	ιησοι	N-PRI	LXX_WH
Józs 4:8	G2532	και	CONJ	LXX_WH
Józs 4:8	G2983	λαβοντες	V-AAPNP	LXX_WH
Józs 4:8	G1427	δωδεκα	N-NUI	LXX_WH
Józs 4:8	G3037	λιθους	N-APM	LXX_WH
Józs 4:8	G1537	εκ	PREP	LXX_WH
Józs 4:8	G3319	μεσου	A-GSN	LXX_WH
Józs 4:8	G3588	του	T-GSM	LXX_WH
Józs 4:8	G2446	ιορδανου	N-GSM	LXX_WH
Józs 4:8	G2509	καθαπερ	ADV	LXX_WH
Józs 4:8	G4929	συνεταξεν	V-AAI-3S	LXX_WH
Józs 4:8	G2962	κυριος	N-NSM	LXX_WH
Józs 4:8	G3588	τω	T-DSM	LXX_WH
Józs 4:8	G2424	ιησοι	N-PRI	LXX_WH
Józs 4:8	G1722	εν	PREP	LXX_WH
Józs 4:8	G3588	τη	T-DSF	LXX_WH
Józs 4:8	G4930	συντελεια	N-DSF	LXX_WH
Józs 4:8	G3588	της	T-GSF	LXX_WH
Józs 4:8		διαβασεως	N-GSF	
Józs 4:8	G3588	των	T-GPM	LXX_WH
Józs 4:8	G5207	υιων	N-GPM	LXX_WH
Józs 4:8	G2474	ισραηλ	N-PRI	LXX_WH
Józs 4:8	G2532	και	CONJ	LXX_WH
Józs 4:8	G1246	διεκομισαν	V-AAI-3P	ABP-potolt
Józs 4:8	G0260	αμα	PREP	LXX_WH
Józs 4:8	G1438	εαυτοις	D-DPM	LXX_WH
Józs 4:8	G1519	εις	PREP	LXX_WH
Józs 4:8	G3588	την	T-ASF	LXX_WH
Józs 4:8		παρεμβολην	N-ASF	
Józs 4:8	G2532	και	CONJ	LXX_WH
Józs 4:8	G0659	απεθηκαν	V-AAI-3P	LXX_WH
Józs 4:8	G1563	εκει	ADV	LXX_WH
Józs 4:9	G2476	εστησεν	V-AAI-3S	LXX_WH
Józs 4:9	G1161	δε	PRT	LXX_WH
Józs 4:9	G2424	ιησους	N-PRI	LXX_WH
Józs 4:9	G2532	και	ADV	LXX_WH
Józs 4:9	G0243	αλλους	D-APM	LXX_WH
Józs 4:9	G1427	δωδεκα	N-NUI	LXX_WH
Józs 4:9	G3037	λιθους	N-APM	LXX_WH
Józs 4:9	G1722	εν	PREP	LXX_WH
Józs 4:9	G0846	αυτω	D-DSM	LXX_WH
Józs 4:9	G3588	τω	T-DSM	LXX_WH
Józs 4:9	G2446	ιορδανη	N-DSM	LXX_WH
Józs 4:9	G1722	εν	PREP	LXX_WH
Józs 4:9	G3588	τω	T-DSM	LXX_WH
Józs 4:9	G1096	γενομενω	V-AMPDS	LXX_WH
Józs 4:9	G5117	τοπω	N-DSM	LXX_WH
Józs 4:9	G5259	υπο	PREP	LXX_WH
Józs 4:9	G3588	τους	T-APM	LXX_WH
Józs 4:9	G4228	ποδας	N-APM	LXX_WH
Józs 4:9	G3588	των	T-GPM	LXX_WH
Józs 4:9	G2409	ιερεων	N-GPM	LXX_WH
Józs 4:9	G3588	των	T-GPM	LXX_WH
Józs 4:9	G0142	αιροντων	V-PAPGP	LXX_WH
Józs 4:9	G3588	την	T-ASF	LXX_WH
Józs 4:9	G2787	κιβωτον	N-ASF	LXX_WH
Józs 4:9	G3588	της	T-GSF	LXX_WH
Józs 4:9	G1242	διαθηκης	N-GSF	LXX_WH
Józs 4:9	G2962	κυριου	N-GSM	LXX_WH
Józs 4:9	G2532	και	CONJ	LXX_WH
Józs 4:9	G1510	εισιν	V-PAI-3P	LXX_WH
Józs 4:9	G1563	εκει	ADV	LXX_WH
Józs 4:9	G2193	εως	PREP	LXX_WH
Józs 4:9	G3588	της	T-GSF	LXX_WH
Józs 4:9	G4594	σημερον	ADV	LXX_WH
Józs 4:9	G2250	ημερας	N-GSF	LXX_WH
Józs 4:10	G2476	ειστηκεισαν	V-YAI-3P	LXX_WH
Józs 4:10	G1161	δε	PRT	LXX_WH
Józs 4:10	G3588	οι	T-NPM	LXX_WH
Józs 4:10	G2409	ιερεις	N-NPM	LXX_WH
Józs 4:10	G3588	οι	T-NPM	LXX_WH
Józs 4:10	G0142	αιροντες	V-PAPNP	LXX_WH
Józs 4:10	G3588	την	T-ASF	LXX_WH
Józs 4:10	G2787	κιβωτον	N-ASF	LXX_WH
Józs 4:10	G3588	της	T-GSF	LXX_WH
Józs 4:10	G1242	διαθηκης	N-GSF	LXX_WH
Józs 4:10	G1722	εν	PREP	LXX_WH
Józs 4:10	G3588	τω	T-DSM	LXX_WH
Józs 4:10	G2446	ιορδανη	N-DSM	LXX_WH
Józs 4:10	G2193	εως	PREP	LXX_WH
Józs 4:10	G3739	ου	R-GSM	LXX_WH
Józs 4:10	G4931	συνετελεσεν	V-AAI-3S	LXX_WH
Józs 4:10	G2424	ιησους	N-PRI	LXX_WH
Józs 4:10	G3956	παντα	A-APN	LXX_WH
Józs 4:10	G3739	α	R-APN	LXX_WH
Józs 4:10	G1781	ενετειλατο	V-AMI-3S	LXX_WH
Józs 4:10	G2962	κυριος	N-NSM	LXX_WH
Józs 4:10	G0312	αναγγειλαι	V-AAN	LXX_WH
Józs 4:10	G3588	τω	T-DSM	LXX_WH
Józs 4:10	G2992	λαω	N-DSM	LXX_WH
Józs 4:10	G2532	και	CONJ	LXX_WH
Józs 4:10	G4692	εσπευσεν	V-AAI-3S	LXX_WH
Józs 4:10	G3588	ο	T-NSM	LXX_WH
Józs 4:10	G2992	λαος	N-NSM	LXX_WH
Józs 4:10	G2532	και	CONJ	LXX_WH
Józs 4:10	G1224	διεβησαν	V-AAI-3P	LXX_WH
Józs 4:11	G2532	και	CONJ	LXX_WH
Józs 4:11	G1096	εγενετο	V-AMI-3S	LXX_WH
Józs 4:11	G3739	ως	CONJ	LXX_WH
Józs 4:11	G4931	συνετελεσεν	V-AAI-3S	LXX_WH
Józs 4:11	G3956	πας	A-NSM	LXX_WH
Józs 4:11	G3588	ο	T-NSM	LXX_WH
Józs 4:11	G2992	λαος	N-NSM	LXX_WH
Józs 4:11	G1224	διαβηναι	V-AAN	LXX_WH
Józs 4:11	G2532	και	CONJ	LXX_WH
Józs 4:11	G1224	διεβη	V-AAI-3S	LXX_WH
Józs 4:11	G3588	η	T-NSF	LXX_WH
Józs 4:11	G2787	κιβωτος	N-NSF	LXX_WH
Józs 4:11	G3588	της	T-GSF	LXX_WH
Józs 4:11	G1242	διαθηκης	N-GSF	LXX_WH
Józs 4:11	G2962	κυριου	N-GSM	LXX_WH
Józs 4:11	G2532	και	CONJ	LXX_WH
Józs 4:11	G3588	οι	T-NPM	LXX_WH
Józs 4:11	G3037	λιθοι	N-NPM	LXX_WH
Józs 4:11	G1715	εμπροσθεν	PREP	LXX_WH
Józs 4:11	G0846	αυτων	D-GPM	LXX_WH
Józs 4:12	G2532	και	CONJ	LXX_WH
Józs 4:12	G1224	διεβησαν	V-AAI-3P	LXX_WH
Józs 4:12	G3588	οι	T-NPM	LXX_WH
Józs 4:12	G5207	υιοι	N-NPM	LXX_WH
Józs 4:12		ρουβην	N-PRI	ELTERO_SZOVEGALAP
Józs 4:12	G2532	και	CONJ	LXX_WH
Józs 4:12	G3588	οι	T-NPM	LXX_WH
Józs 4:12	G5207	υιοι	N-NPM	LXX_WH
Józs 4:12	G1045	γαδ	N-PRI	LXX_WH
Józs 4:12	G2532	και	CONJ	LXX_WH
Józs 4:12	G3588	οι	T-NPM	LXX_WH
Józs 4:12	G2255	ημισεις	A-NPM	ABP-potolt
Józs 4:12	G5443	φυλης	N-GSF	LXX_WH
Józs 4:12	G1286	μανασση	N-PRI	ABP-potolt
Józs 4:12	G1286	διεσκευασμενοι	V-RMPNP	ABP-potolt
Józs 4:12	G1715	εμπροσθεν	PREP	LXX_WH
Józs 4:12	G3588	των	T-GPM	LXX_WH
Józs 4:12	G5207	υιων	N-GPM	LXX_WH
Józs 4:12	G2474	ισραηλ	N-PRI	LXX_WH
Józs 4:12	G2509	καθαπερ	ADV	LXX_WH
Józs 4:12	G1781	ενετειλατο	V-AMI-3S	LXX_WH
Józs 4:12	G0846	αυτοις	D-DPM	LXX_WH
Józs 4:12		μωυσης	N-NSM	ELTERO_SZOVEGALAP
Józs 4:13		τετρακισμυριοι	A-NPM	ELTERO_SZOVEGALAP
Józs 4:13		ευζωνοι	A-NPM	ELTERO_SZOVEGALAP
Józs 4:13	G1519	εις	PREP	LXX_WH
Józs 4:13	G3163	μαχην	N-ASF	LXX_WH
Józs 4:13	G1224	διεβησαν	V-AAI-3P	LXX_WH
Józs 4:13	G1726	εναντιον	PREP	LXX_WH
Józs 4:13	G2962	κυριου	N-GSM	LXX_WH
Józs 4:13	G1519	εις	PREP	LXX_WH
Józs 4:13	G4171	πολεμον	N-ASM	LXX_WH
Józs 4:13	G4314	προς	PREP	LXX_WH
Józs 4:13	G3588	την	T-ASF	LXX_WH
Józs 4:13	G2410	ιεριχω	N-PRI	LXX_WH
Józs 4:13	G4172	πολιν	N-ASF	LXX_WH
Józs 4:14	G1722	εν	PREP	LXX_WH
Józs 4:14	G1565	εκεινη	D-DSF	LXX_WH
Józs 4:14	G3588	τη	T-DSF	LXX_WH
Józs 4:14	G2250	ημερα	N-DSF	LXX_WH
Józs 4:14	G0837	ηυξησεν	V-AAI-3S	LXX_WH
Józs 4:14	G2962	κυριος	N-NSM	LXX_WH
Józs 4:14	G3588	τον	T-ASM	LXX_WH
Józs 4:14	G2424	ιησουν	N-PRI	LXX_WH
Józs 4:14	G1726	εναντιον	PREP	LXX_WH
Józs 4:14	G3956	παντος	A-GSN	LXX_WH
Józs 4:14	G3588	του	T-GSN	LXX_WH
Józs 4:14	G1085	γενους	N-GSN	LXX_WH
Józs 4:14	G2474	ισραηλ	N-PRI	LXX_WH
Józs 4:14	G2532	και	CONJ	LXX_WH
Józs 4:14	G5399	εφοβουντο	V-IMI-3P	LXX_WH
Józs 4:14	G0846	αυτον	D-ASM	LXX_WH
Józs 4:14	G3746	ωσπερ	ADV	LXX_WH
Józs 4:14		μωυσην	N-ASM	ELTERO_SZOVEGALAP
Józs 4:14	G3745	οσον	A-ASM	LXX_WH
Józs 4:14	G5550	χρονον	N-ASM	LXX_WH
Józs 4:14	G2198	εζη	V-IAI-3S	LXX_WH
Józs 4:15	G2532	και	CONJ	LXX_WH
Józs 4:15		ειπεν	V-AAI-3S	ELTERO_SZOVEGALAP
Józs 4:15	G2962	κυριος	N-NSM	LXX_WH
Józs 4:15	G3588	τω	T-DSM	LXX_WH
Józs 4:15	G2424	ιησοι	N-PRI	LXX_WH
Józs 4:15	G3004	λεγων	V-PAPNS	LXX_WH
Józs 4:16	G1781	εντειλαι	V-AMD-2S	LXX_WH
Józs 4:16	G3588	τοις	T-DPM	LXX_WH
Józs 4:16	G2409	ιερευσιν	N-DPM	LXX_WH
Józs 4:16	G3588	τοις	T-DPM	LXX_WH
Józs 4:16	G0142	αιρουσιν	V-PAPDP	LXX_WH
Józs 4:16	G3588	την	T-ASF	LXX_WH
Józs 4:16	G2787	κιβωτον	N-ASF	LXX_WH
Józs 4:16	G3588	της	T-GSF	LXX_WH
Józs 4:16	G1242	διαθηκης	N-GSF	LXX_WH
Józs 4:16	G3588	του	T-GSN	LXX_WH
Józs 4:16	G3142	μαρτυριου	N-GSN	LXX_WH
Józs 4:16	G2962	κυριου	N-GSM	LXX_WH
Józs 4:16		εκβηναι	V-AAN	ELTERO_SZOVEGALAP
Józs 4:16	G1537	εκ	PREP	LXX_WH
Józs 4:16	G3588	του	T-GSM	LXX_WH
Józs 4:16	G2446	ιορδανου	N-GSM	LXX_WH
Józs 4:17	G2532	και	CONJ	LXX_WH
Józs 4:17	G1781	ενετειλατο	V-AMI-3S	LXX_WH
Józs 4:17	G2424	ιησους	N-PRI	LXX_WH
Józs 4:17	G3588	τοις	T-DPM	LXX_WH
Józs 4:17	G2409	ιερευσιν	N-DPM	LXX_WH
Józs 4:17	G3004	λεγων	V-PAPNS	LXX_WH
Józs 4:17	G1543	εκβητε	V-AAD-2P	ABP-potolt
Józs 4:17	G1537	εκ	PREP	LXX_WH
Józs 4:17	G3588	του	T-GSM	LXX_WH
Józs 4:17	G2446	ιορδανου	N-GSM	LXX_WH
Józs 4:18	G2532	και	CONJ	LXX_WH
Józs 4:18	G1096	εγενετο	V-AMI-3S	LXX_WH
Józs 4:18	G3739	ως	CONJ	LXX_WH
Józs 4:18		εξεβησαν	V-AAI-3P	ELTERO_SZOVEGALAP
Józs 4:18	G3588	οι	T-NPM	LXX_WH
Józs 4:18	G2409	ιερεις	N-NPM	LXX_WH
Józs 4:18	G3588	οι	T-NPM	LXX_WH
Józs 4:18	G0142	αιροντες	V-PAPNP	LXX_WH
Józs 4:18	G3588	την	T-ASF	LXX_WH
Józs 4:18	G2787	κιβωτον	N-ASF	LXX_WH
Józs 4:18	G3588	της	T-GSF	LXX_WH
Józs 4:18	G1242	διαθηκης	N-GSF	LXX_WH
Józs 4:18	G2962	κυριου	N-GSM	LXX_WH
Józs 4:18	G1537	εκ	PREP	LXX_WH
Józs 4:18	G3588	του	T-GSM	LXX_WH
Józs 4:18	G2446	ιορδανου	N-GSM	LXX_WH
Józs 4:18	G2532	και	CONJ	LXX_WH
Józs 4:18	G5087	εθηκαν	V-AAI-3P	LXX_WH
Józs 4:18	G3588	τους	T-APM	LXX_WH
Józs 4:18	G4228	ποδας	N-APM	LXX_WH
Józs 4:18	G1909	επι	PREP	LXX_WH
Józs 4:18	G3588	της	T-GSF	LXX_WH
Józs 4:18	G1065	γης	N-GSF	LXX_WH
Józs 4:18	G3729	ωρμησεν	V-AAI-3S	LXX_WH
Józs 4:18	G3588	το	T-NSN	LXX_WH
Józs 4:18	G5204	υδωρ	N-NSN	LXX_WH
Józs 4:18	G3588	του	T-GSM	LXX_WH
Józs 4:18	G2446	ιορδανου	N-GSM	LXX_WH
Józs 4:18	G2596	κατα	PREP	LXX_WH
Józs 4:18	G5561	χωραν	N-ASF	LXX_WH
Józs 4:18	G2532	και	CONJ	LXX_WH
Józs 4:18	G4198	επορευετο	V-IMI-3S	LXX_WH
Józs 4:18	G2505	καθα	ADV	LXX_WH
Józs 4:18	G5504	εχθες	ADV	LXX_WH
Józs 4:18	G2532	και	CONJ	LXX_WH
Józs 4:18	G5154	τριτην	A-ASF	LXX_WH
Józs 4:18	G2250	ημεραν	N-ASF	LXX_WH
Józs 4:18	G1223	δι	PREP	LXX_WH
Józs 4:18	G3650	ολης	A-GSF	LXX_WH
Józs 4:18	G3588	της	T-GSF	LXX_WH
Józs 4:18	G2911	κρηπιδος	N-GSF	ABP-potolt
Józs 4:19	G2532	και	CONJ	LXX_WH
Józs 4:19	G3588	ο	T-NSM	LXX_WH
Józs 4:19	G2992	λαος	N-NSM	LXX_WH
Józs 4:19	G0305	ανεβη	V-AAI-3S	LXX_WH
Józs 4:19	G1537	εκ	PREP	LXX_WH
Józs 4:19	G3588	του	T-GSM	LXX_WH
Józs 4:19	G2446	ιορδανου	N-GSM	LXX_WH
Józs 4:19	G1182	δεκατη	A-DSF	LXX_WH
Józs 4:19	G3588	του	T-GSM	LXX_WH
Józs 4:19	G3303	μηνος	N-GSM	LXX_WH
Józs 4:19	G3588	του	T-GSM	LXX_WH
Józs 4:19	G4413	πρωτου	A-GSMS	LXX_WH
Józs 4:19	G2532	και	CONJ	LXX_WH
Józs 4:19	G2689	κατεστρατοπεδευσαν	V-AAI-3P	ABP-potolt
Józs 4:19	G3588	οι	T-NPM	LXX_WH
Józs 4:19	G5207	υιοι	N-NPM	LXX_WH
Józs 4:19	G2474	ισραηλ	N-PRI	LXX_WH
Józs 4:19	G1722	εν	PREP	LXX_WH
Józs 4:19		γαλγαλοις	N-PRI	ELTERO_SZOVEGALAP
Józs 4:19	G2596	κατα	PREP	LXX_WH
Józs 4:19	G3313	μερος	N-ASN	LXX_WH
Józs 4:19	G3588	το	T-ASN	LXX_WH
Józs 4:19	G4314	προς	PREP	LXX_WH
Józs 4:19	G2246	ηλιου	N-GSM	LXX_WH
Józs 4:19	G0395	ανατολας	N-APF	LXX_WH
Józs 4:19	G0575	απο	PREP	LXX_WH
Józs 4:19	G3588	της	T-GSF	LXX_WH
Józs 4:19	G2410	ιεριχω	N-PRI	LXX_WH
Józs 4:20	G2532	και	CONJ	LXX_WH
Józs 4:20	G3588	τους	T-APM	LXX_WH
Józs 4:20	G1427	δωδεκα	N-NUI	LXX_WH
Józs 4:20	G3037	λιθους	N-APM	LXX_WH
Józs 4:20	G3778	τουτους	D-APM	LXX_WH
Józs 4:20	G3739	ους	R-APM	LXX_WH
Józs 4:20	G2983	ελαβεν	V-AAI-3S	LXX_WH
Józs 4:20	G1537	εκ	PREP	LXX_WH
Józs 4:20	G3588	του	T-GSM	LXX_WH
Józs 4:20	G2446	ιορδανου	N-GSM	LXX_WH
Józs 4:20	G2476	εστησεν	V-AAI-3S	LXX_WH
Józs 4:20	G2424	ιησους	N-PRI	LXX_WH
Józs 4:20	G1722	εν	PREP	LXX_WH
Józs 4:20		γαλγαλοις	N-PRI	ELTERO_SZOVEGALAP
Józs 4:21	G3004	λεγων	V-PAPNS	LXX_WH
Józs 4:21	G3752	οταν	ADV	LXX_WH
Józs 4:21	G2065	ερωτωσιν	V-PAS-3P	LXX_WH
Józs 4:21	G4771	υμας	P-AP	LXX_WH
Józs 4:21	G3588	οι	T-NPM	LXX_WH
Józs 4:21	G5207	υιοι	N-NPM	LXX_WH
Józs 4:21	G4771	υμων	P-GP	LXX_WH
Józs 4:21	G3004	λεγοντες	V-PAPNP	LXX_WH
Józs 4:21	G5100	τι	I-NSN	LXX_WH
Józs 4:21	G1510	εισιν	V-PAI-3P	LXX_WH
Józs 4:21	G3588	οι	T-NPM	LXX_WH
Józs 4:21	G3037	λιθοι	N-NPM	LXX_WH
Józs 4:21	G3778	ουτοι	D-NPM	LXX_WH
Józs 4:22	G0312	αναγγειλατε	V-AAD-2P	LXX_WH
Józs 4:22	G3588	τοις	T-DPM	LXX_WH
Józs 4:22	G5207	υιοις	N-DPM	LXX_WH
Józs 4:22	G4771	υμων	P-GP	LXX_WH
Józs 4:22	G3754	οτι	CONJ	LXX_WH
Józs 4:22	G1909	επι	PREP	LXX_WH
Józs 4:22	G3584	ξηρας	A-GSF	LXX_WH
Józs 4:22	G1224	διεβη	V-AAI-3S	LXX_WH
Józs 4:22	G2474	ισραηλ	N-PRI	LXX_WH
Józs 4:22	G3588	τον	T-ASM	LXX_WH
Józs 4:22	G2446	ιορδανην	N-ASM	LXX_WH
Józs 4:23	G0633	αποξηραναντος	V-AAPGS	ABP-potolt
Józs 4:23	G2962	κυριου	N-GSM	LXX_WH
Józs 4:23	G3588	του	T-GSM	LXX_WH
Józs 4:23	G2316	θεου	N-GSM	LXX_WH
Józs 4:23	G1473	ημων	P-GP	LXX_WH
Józs 4:23	G3588	το	T-ASN	LXX_WH
Józs 4:23	G5204	υδωρ	N-ASN	LXX_WH
Józs 4:23	G3588	του	T-GSM	LXX_WH
Józs 4:23	G2446	ιορδανου	N-GSM	LXX_WH
Józs 4:23	G1537	εκ	PREP	LXX_WH
Józs 4:23	G3588	του	T-GSN	LXX_WH
Józs 4:23	G1715	εμπροσθεν	PREP	LXX_WH
Józs 4:23	G0846	αυτων	D-GPM	LXX_WH
Józs 4:23	G3360	μεχρι	PREP	LXX_WH
Józs 4:23	G3739	ου	R-GSM	LXX_WH
Józs 4:23	G1224	διεβησαν	V-AAI-3P	LXX_WH
Józs 4:23	G2509	καθαπερ	ADV	LXX_WH
Józs 4:23	G4160	εποιησεν	V-AAI-3S	LXX_WH
Józs 4:23	G2962	κυριος	N-NSM	LXX_WH
Józs 4:23	G3588	ο	T-NSM	LXX_WH
Józs 4:23	G2316	θεος	N-NSM	LXX_WH
Józs 4:23	G1473	ημων	P-GP	LXX_WH
Józs 4:23	G3588	την	T-ASF	LXX_WH
Józs 4:23	G2063	ερυθραν	A-ASF	LXX_WH
Józs 4:23	G2281	θαλασσαν	N-ASF	LXX_WH
Józs 4:23	G3739	ην	R-ASF	LXX_WH
Józs 4:23	G0633	απεξηρανεν	V-AAI-3S	ABP-potolt
Józs 4:23	G2962	κυριος	N-NSM	LXX_WH
Józs 4:23	G3588	ο	T-NSM	LXX_WH
Józs 4:23	G2316	θεος	N-NSM	LXX_WH
Józs 4:23	G1473	ημων	P-GP	LXX_WH
Józs 4:23	G1715	εμπροσθεν	PREP	LXX_WH
Józs 4:23	G1473	ημων	P-GP	LXX_WH
Józs 4:23	G2193	εως	CONJ	LXX_WH
Józs 4:23	G3928	παρηλθομεν	V-AAI-1P	LXX_WH
Józs 4:24	G3704	οπως	CONJ	LXX_WH
Józs 4:24	G1097	γνωσιν	V-AAS-3P	LXX_WH
Józs 4:24	G3956	παντα	A-NPN	LXX_WH
Józs 4:24	G3588	τα	T-NPN	LXX_WH
Józs 4:24	G1484	εθνη	N-NPN	LXX_WH
Józs 4:24	G3588	της	T-GSF	LXX_WH
Józs 4:24	G1065	γης	N-GSF	LXX_WH
Józs 4:24	G3754	οτι	CONJ	LXX_WH
Józs 4:24	G3588	η	T-NSF	LXX_WH
Józs 4:24	G1411	δυναμις	N-NSF	LXX_WH
Józs 4:24	G3588	του	T-GSM	LXX_WH
Józs 4:24	G2962	κυριου	N-GSM	LXX_WH
Józs 4:24	G2478	ισχυρα	A-NSF	LXX_WH
Józs 4:24	G1510	εστιν	V-PAI-3S	LXX_WH
Józs 4:24	G2532	και	CONJ	LXX_WH
Józs 4:24	G2443	ινα	CONJ	LXX_WH
Józs 4:24	G4771	υμεις	P-NP	LXX_WH
Józs 4:24		σεβησθε	V-PMS-2P	ELTERO_SZOVEGALAP
Józs 4:24	G2962	κυριον	N-ASM	LXX_WH
Józs 4:24	G3588	τον	T-ASM	LXX_WH
Józs 4:24	G2316	θεον	N-ASM	LXX_WH
Józs 4:24	G4771	υμων	P-GP	LXX_WH
Józs 4:24	G1722	εν	PREP	LXX_WH
Józs 4:24	G3956	παντι	A-DSM	LXX_WH
Józs 4:24	G5550	χρονω	N-DSM	LXX_WH
Józs 5:1	G2532	και	CONJ	LXX_WH
Józs 5:1	G1096	εγενετο	V-AMI-3S	LXX_WH
Józs 5:1	G3739	ως	CONJ	LXX_WH
Józs 5:1	G0191	ηκουσαν	V-AAI-3P	LXX_WH
Józs 5:1	G3588	οι	T-NPM	LXX_WH
Józs 5:1	G0935	βασιλεις	N-NPM	LXX_WH
Józs 5:1	G3588	των	T-GPM	LXX_WH
Józs 5:1		αμορραιων	N-GPM	ELTERO_SZOVEGALAP
Józs 5:1	G3739	οι	R-NPM	LXX_WH
Józs 5:1	G1510	ησαν	V-IAI-3P	LXX_WH
Józs 5:1	G4008	περαν	PREP	LXX_WH
Józs 5:1	G3588	του	T-GSM	LXX_WH
Józs 5:1	G2446	ιορδανου	N-GSM	LXX_WH
Józs 5:1	G2532	και	CONJ	LXX_WH
Józs 5:1	G3588	οι	T-NPM	LXX_WH
Józs 5:1	G0935	βασιλεις	N-NPM	LXX_WH
Józs 5:1	G3588	της	T-GSF	LXX_WH
Józs 5:1	G5403	φοινικης	N-PRI	LXX_WH
Józs 5:1	G3588	οι	T-NPM	LXX_WH
Józs 5:1	G3844	παρα	PREP	LXX_WH
Józs 5:1	G3588	την	T-ASF	LXX_WH
Józs 5:1	G2281	θαλασσαν	N-ASF	LXX_WH
Józs 5:1	G3754	οτι	CONJ	LXX_WH
Józs 5:1	G0633	απεξηρανεν	V-AAI-3S	ABP-potolt
Józs 5:1	G2962	κυριος	N-NSM	LXX_WH
Józs 5:1	G3588	ο	T-NSM	LXX_WH
Józs 5:1	G2316	θεος	N-NSM	LXX_WH
Józs 5:1	G3588	τον	T-ASM	LXX_WH
Józs 5:1	G2446	ιορδανην	N-ASM	LXX_WH
Józs 5:1	G4215	ποταμον	N-ASM	LXX_WH
Józs 5:1	G1537	εκ	PREP	LXX_WH
Józs 5:1	G3588	των	T-GPM	LXX_WH
Józs 5:1	G1715	εμπροσθεν	PREP	LXX_WH
Józs 5:1	G3588	των	T-GPM	LXX_WH
Józs 5:1	G5207	υιων	N-GPM	LXX_WH
Józs 5:1	G2474	ισραηλ	N-PRI	LXX_WH
Józs 5:1	G1722	εν	PREP	LXX_WH
Józs 5:1	G3588	τω	T-DSN	LXX_WH
Józs 5:1	G1224	διαβαινειν	V-PAN	LXX_WH
Józs 5:1	G0846	αυτους	D-APM	LXX_WH
Józs 5:1	G2532	και	CONJ	LXX_WH
Józs 5:1	G5080	ετακησαν	V-API-3P	LXX_WH
Józs 5:1	G0846	αυτων	D-GPM	LXX_WH
Józs 5:1	G3588	αι	T-NPF	LXX_WH
Józs 5:1	G1271	διανοιαι	N-NPF	LXX_WH
Józs 5:1	G2532	και	CONJ	LXX_WH
Józs 5:1	G2668	κατεπλαγησαν	V-API-3P	ABP-potolt
Józs 5:1	G2532	και	CONJ	LXX_WH
Józs 5:1	G3364	ουκ	ADV	LXX_WH
Józs 5:1	G1510	ην	V-IAI-3S	LXX_WH
Józs 5:1	G1722	εν	PREP	LXX_WH
Józs 5:1	G0846	αυτοις	D-DPM	LXX_WH
Józs 5:1	G5428	φρονησις	N-NSF	LXX_WH
Józs 5:1	G3762	ουδεμια	A-NSF	LXX_WH
Józs 5:1	G0575	απο	PREP	LXX_WH
Józs 5:1	G4383	προσωπου	N-GSN	LXX_WH
Józs 5:1	G3588	των	T-GPM	LXX_WH
Józs 5:1	G5207	υιων	N-GPM	LXX_WH
Józs 5:1	G2474	ισραηλ	N-PRI	LXX_WH
Józs 5:2	G5259	υπο	PREP	LXX_WH
Józs 5:2	G1161	δε	PRT	LXX_WH
Józs 5:2	G3778	τουτον	D-ASM	LXX_WH
Józs 5:2	G3588	τον	T-ASM	LXX_WH
Józs 5:2	G2540	καιρον	N-ASM	LXX_WH
Józs 5:2		ειπεν	V-AAI-3S	ELTERO_SZOVEGALAP
Józs 5:2	G2962	κυριος	N-NSM	LXX_WH
Józs 5:2	G3588	τω	T-DSM	LXX_WH
Józs 5:2	G2424	ιησοι	N-PRI	LXX_WH
Józs 5:2	G4160	ποιησον	V-AAD-2S	LXX_WH
Józs 5:2	G4572	σεαυτω	D-DSM	LXX_WH
Józs 5:2	G3162	μαχαιρας	N-APF	LXX_WH
Józs 5:2		πετρινας	A-APF	ELTERO_SZOVEGALAP
Józs 5:2	G1537	εκ	PREP	LXX_WH
Józs 5:2	G4073	πετρας	N-GSF	LXX_WH
Józs 5:2		ακροτομου	A-GSF	ELTERO_SZOVEGALAP
Józs 5:2	G2532	και	CONJ	LXX_WH
Józs 5:2	G2523	καθισας	V-AAPNS	LXX_WH
Józs 5:2	G4059	περιτεμε	V-AAD-2S	LXX_WH
Józs 5:2	G3588	τους	T-APM	LXX_WH
Józs 5:2	G5207	υιους	N-APM	LXX_WH
Józs 5:2	G2474	ισραηλ	N-PRI	LXX_WH
Józs 5:3	G2532	και	CONJ	LXX_WH
Józs 5:3	G4160	εποιησεν	V-AAI-3S	LXX_WH
Józs 5:3	G2424	ιησους	N-PRI	LXX_WH
Józs 5:3	G3162	μαχαιρας	N-APF	LXX_WH
Józs 5:3	G4073	πετρινας	A-APF	ABP-potolt
Józs 5:3	G4073	ακροτομους	A-APF	ABP-potolt
Józs 5:3	G2532	και	CONJ	LXX_WH
Józs 5:3	G4059	περιετεμεν	V-AAI-3S	LXX_WH
Józs 5:3	G3588	τους	T-APM	LXX_WH
Józs 5:3	G5207	υιους	N-APM	LXX_WH
Józs 5:3	G2474	ισραηλ	N-PRI	LXX_WH
Józs 5:3	G1909	επι	PREP	LXX_WH
Józs 5:3	G3588	του	T-GSM	LXX_WH
Józs 5:3	G2564	καλουμενου	V-PMPGS	LXX_WH
Józs 5:3	G5117	τοπου	N-GSM	LXX_WH
Józs 5:3	G1015	βουνος	N-PRI	LXX_WH
Józs 5:3	G3588	των	T-GPF	LXX_WH
Józs 5:3	G0203	ακροβυστιων	N-GPF	LXX_WH
Józs 5:4	G3739	ον	R-ASM	LXX_WH
Józs 5:4	G1161	δε	PRT	LXX_WH
Józs 5:4	G5158	τροπον	N-ASM	LXX_WH
Józs 5:4		περιεκαθαρεν	V-AAI-3S	ELTERO_SZOVEGALAP
Józs 5:4	G2424	ιησους	N-PRI	LXX_WH
Józs 5:4	G3588	τους	T-APM	LXX_WH
Józs 5:4	G5207	υιους	N-APM	LXX_WH
Józs 5:4	G2474	ισραηλ	N-PRI	LXX_WH
Józs 5:4	G3745	οσοι	A-NPM	LXX_WH
Józs 5:4	G4218	ποτε	ADV	LXX_WH
Józs 5:4	G1096	εγενοντο	V-AMI-3P	LXX_WH
Józs 5:4	G1722	εν	PREP	LXX_WH
Józs 5:4	G3588	τη	T-DSF	LXX_WH
Józs 5:4	G3598	οδω	N-DSF	LXX_WH
Józs 5:4	G2532	και	CONJ	LXX_WH
Józs 5:4	G3745	οσοι	A-NPM	LXX_WH
Józs 5:4	G4218	ποτε	ADV	LXX_WH
Józs 5:4	G0564	απεριτμητοι	A-NPM	LXX_WH
Józs 5:4	G1510	ησαν	V-IAI-3P	LXX_WH
Józs 5:4	G3588	των	T-GPM	LXX_WH
Józs 5:4	G1831	εξεληλυθοτων	V-RAPGP	LXX_WH
Józs 5:4	G1537	εξ	PREP	LXX_WH
Józs 5:4	G0125	αιγυπτου	N-GSF	LXX_WH
Józs 5:5	G3956	παντας	A-APM	LXX_WH
Józs 5:5	G3778	τουτους	D-APM	LXX_WH
Józs 5:5	G4059	περιετεμεν	V-AAI-3S	LXX_WH
Józs 5:5	G2424	ιησους	N-PRI	LXX_WH
Józs 5:6	G5062	τεσσαρακοντα	N-NUI	LXX_WH
Józs 5:6	G1063	γαρ	PRT	LXX_WH
Józs 5:6	G2532	και	CONJ	LXX_WH
Józs 5:6	G1417	δυο	N-NUI	LXX_WH
Józs 5:6	G2094	ετη	N-APN	LXX_WH
Józs 5:6	G0390	ανεστραπται	V-RMI-3S	LXX_WH
Józs 5:6	G2474	ισραηλ	N-PRI	LXX_WH
Józs 5:6	G1722	εν	PREP	LXX_WH
Józs 5:6	G3588	τη	T-DSF	LXX_WH
Józs 5:6	G2048	ερημω	N-DSF	LXX_WH
Józs 5:6	G3588	τη	T-DSF	LXX_WH
Józs 5:6		μαδβαριτιδι	A-DSF	ELTERO_SZOVEGALAP
Józs 5:6		διο	CONJ	ELTERO_SZOVEGALAP
Józs 5:6	G0564	απεριτμητοι	A-NPM	LXX_WH
Józs 5:6	G1510	ησαν	V-IAI-3P	LXX_WH
Józs 5:6	G3588	οι	T-NPM	LXX_WH
Józs 5:6	G4183	πλειστοι	A-NPMS	LXX_WH
Józs 5:6	G0846	αυτων	D-GPM	LXX_WH
Józs 5:6	G3588	των	T-GPM	LXX_WH
Józs 5:6		μαχιμων	A-GPM	
Józs 5:6	G3588	των	T-GPM	LXX_WH
Józs 5:6	G1831	εξεληλυθοτων	V-RAPGP	LXX_WH
Józs 5:6	G1537	εκ	PREP	LXX_WH
Józs 5:6	G1065	γης	N-GSF	LXX_WH
Józs 5:6	G0125	αιγυπτου	N-GSF	LXX_WH
Józs 5:6	G3588	οι	T-NPM	LXX_WH
Józs 5:6	G0544	απειθησαντες	V-AAPNP	LXX_WH
Józs 5:6	G3588	των	T-GPF	LXX_WH
Józs 5:6	G1785	εντολων	N-GPF	LXX_WH
Józs 5:6	G3588	του	T-GSM	LXX_WH
Józs 5:6	G2316	θεου	N-GSM	LXX_WH
Józs 5:6	G3739	οις	R-DPM	LXX_WH
Józs 5:6	G2532	και	CONJ	LXX_WH
Józs 5:6		διωρισεν	V-AAI-3S	ELTERO_SZOVEGALAP
Józs 5:6	G3165	μη	ADV	LXX_WH
Józs 5:6	G3708	ιδειν	V-AAN	LXX_WH
Józs 5:6	G0846	αυτους	D-APM	LXX_WH
Józs 5:6	G3588	την	T-ASF	LXX_WH
Józs 5:6	G1065	γην	N-ASF	LXX_WH
Józs 5:6	G3739	ην	R-ASF	LXX_WH
Józs 5:6	G1357	ωμοσεν	V-AAI-3S	ABP-potolt
Józs 5:6	G2962	κυριος	N-NSM	LXX_WH
Józs 5:6	G3588	τοις	T-DPM	LXX_WH
Józs 5:6	G3962	πατρασιν	N-DPM	LXX_WH
Józs 5:6	G0846	αυτων	D-GPM	LXX_WH
Józs 5:6	G1325	δουναι	V-AAN	LXX_WH
Józs 5:6	G1473	ημιν	P-DP	LXX_WH
Józs 5:6	G1065	γην	N-ASF	LXX_WH
Józs 5:6		ρεουσαν	V-PAPAS	ELTERO_SZOVEGALAP
Józs 5:6	G1051	γαλα	N-ASN	LXX_WH
Józs 5:6	G2532	και	CONJ	LXX_WH
Józs 5:6	G3192	μελι	N-ASN	LXX_WH
Józs 5:7	G0473	αντι	PREP	LXX_WH
Józs 5:7	G1161	δε	PRT	LXX_WH
Józs 5:7	G3778	τουτων	D-GPM	LXX_WH
Józs 5:7	G0478	αντικατεστησεν	V-AAI-3S	LXX_WH
Józs 5:7	G3588	τους	T-APM	LXX_WH
Józs 5:7	G5207	υιους	N-APM	LXX_WH
Józs 5:7	G0846	αυτων	D-GPM	LXX_WH
Józs 5:7	G3739	ους	R-APM	LXX_WH
Józs 5:7	G2424	ιησους	N-PRI	LXX_WH
Józs 5:7	G4059	περιετεμεν	V-AAI-3S	LXX_WH
Józs 5:7	G1223	δια	PREP	LXX_WH
Józs 5:7	G3588	το	T-ASN	LXX_WH
Józs 5:7	G0846	αυτους	D-APM	LXX_WH
Józs 5:7	G1096	γεγενησθαι	V-RMN	LXX_WH
Józs 5:7	G2596	κατα	PREP	LXX_WH
Józs 5:7	G3588	την	T-ASF	LXX_WH
Józs 5:7	G3598	οδον	N-ASF	LXX_WH
Józs 5:7	G0564	απεριτμητους	A-APM	LXX_WH
Józs 5:8	G4059	περιτμηθεντες	V-APPNP	LXX_WH
Józs 5:8	G1161	δε	PRT	LXX_WH
Józs 5:8	G2271	ησυχιαν	N-ASF	LXX_WH
Józs 5:8	G2192	ειχον	V-IAI-3P	LXX_WH
Józs 5:8	G0842	αυτοθι	ADV	ABP-potolt
Józs 5:8	G2521	καθημενοι	V-PMPNP	LXX_WH
Józs 5:8	G1722	εν	PREP	LXX_WH
Józs 5:8	G3588	τη	T-DSF	LXX_WH
Józs 5:8	G3925	παρεμβολη	N-DSF	ABP-potolt
Józs 5:8	G2193	εως	CONJ	LXX_WH
Józs 5:8	G5197	υγιασθησαν	V-API-3P	ABP-potolt
Józs 5:9	G2532	και	CONJ	LXX_WH
Józs 5:9		ειπεν	V-AAI-3S	ELTERO_SZOVEGALAP
Józs 5:9	G2962	κυριος	N-NSM	LXX_WH
Józs 5:9	G3588	τω	T-DSM	LXX_WH
Józs 5:9	G2424	ιησοι	N-PRI	LXX_WH
Józs 5:9	G5207	υιω	N-DSM	LXX_WH
Józs 5:9		ναυη	N-PRI	ELTERO_SZOVEGALAP
Józs 5:9	G1722	εν	PREP	LXX_WH
Józs 5:9	G3588	τη	T-DSF	LXX_WH
Józs 5:9	G4594	σημερον	ADV	LXX_WH
Józs 5:9	G2250	ημερα	N-DSF	LXX_WH
Józs 5:9	G0851	αφειλον	V-AAI-1S	ABP-potolt
Józs 5:9	G3588	τον	T-ASM	LXX_WH
Józs 5:9	G3680	ονειδισμον	N-ASM	LXX_WH
Józs 5:9	G0125	αιγυπτου	N-GSF	LXX_WH
Józs 5:9	G0575	αφ	PREP	LXX_WH
Józs 5:9	G4771	υμων	P-GP	LXX_WH
Józs 5:9	G2532	και	CONJ	LXX_WH
Józs 5:9	G2564	εκαλεσεν	V-AAI-3S	LXX_WH
Józs 5:9	G3588	το	T-ASN	LXX_WH
Józs 5:9	G3686	ονομα	N-ASN	LXX_WH
Józs 5:9	G3588	του	T-GSM	LXX_WH
Józs 5:9	G5117	τοπου	N-GSM	LXX_WH
Józs 5:9	G1565	εκεινου	D-GSM	LXX_WH
Józs 5:9		γαλγαλα	N-PRI	ELTERO_SZOVEGALAP
Józs 5:10	G2532	και	CONJ	LXX_WH
Józs 5:10	G4160	εποιησαν	V-AAI-3P	LXX_WH
Józs 5:10	G3588	οι	T-NPM	LXX_WH
Józs 5:10	G5207	υιοι	N-NPM	LXX_WH
Józs 5:10	G2474	ισραηλ	N-PRI	LXX_WH
Józs 5:10	G3588	το	T-ASN	LXX_WH
Józs 5:10	G3957	πασχα	N-PRI	LXX_WH
Józs 5:10	G3588	τη	T-DSF	LXX_WH
Józs 5:10	G5065	τεσσαρεσκαιδεκατη	A-DSF	ABP-potolt
Józs 5:10	G2250	ημερα	N-DSF	LXX_WH
Józs 5:10	G3588	του	T-GSM	LXX_WH
Józs 5:10	G3303	μηνος	N-GSM	LXX_WH
Józs 5:10	G0575	απο	PREP	LXX_WH
Józs 5:10	G2073	εσπερας	N-GSF	LXX_WH
Józs 5:10	G1909	επι	PREP	LXX_WH
Józs 5:10	G1424	δυσμων	N-GPF	LXX_WH
Józs 5:10	G2410	ιεριχω	N-PRI	LXX_WH
Józs 5:10	G1722	εν	PREP	LXX_WH
Józs 5:10	G3588	τω	T-DSN	LXX_WH
Józs 5:10	G4008	περαν	ADV	LXX_WH
Józs 5:10	G3588	του	T-GSM	LXX_WH
Józs 5:10	G2446	ιορδανου	N-GSM	LXX_WH
Józs 5:10	G1722	εν	PREP	LXX_WH
Józs 5:10	G3588	τω	T-DSN	LXX_WH
Józs 5:10	G3977	πεδιω	N-DSN	ABP-potolt
Józs 5:11	G2532	και	CONJ	LXX_WH
Józs 5:11	G2068	εφαγοσαν	V-AAI-3P	LXX_WH
Józs 5:11	G0575	απο	PREP	LXX_WH
Józs 5:11	G3588	του	T-GSM	LXX_WH
Józs 5:11	G4621	σιτου	N-GSM	LXX_WH
Józs 5:11	G3588	της	T-GSF	LXX_WH
Józs 5:11	G1065	γης	N-GSF	LXX_WH
Józs 5:11	G0106	αζυμα	A-APN	LXX_WH
Józs 5:11	G2532	και	CONJ	LXX_WH
Józs 5:11	G3501	νεα	A-APN	LXX_WH
Józs 5:11	G1722	εν	PREP	LXX_WH
Józs 5:11	G3778	ταυτη	D-DSF	LXX_WH
Józs 5:11	G3588	τη	T-DSF	LXX_WH
Józs 5:11	G2250	ημερα	N-DSF	LXX_WH
Józs 5:12	G1587	εξελιπεν	V-AAI-3S	LXX_WH
Józs 5:12	G3588	το	T-NSN	LXX_WH
Józs 5:12	G3131	μαννα	N-PRI	LXX_WH
Józs 5:12	G3326	μετα	PREP	LXX_WH
Józs 5:12	G3588	το	T-ASN	LXX_WH
Józs 5:12	G0977	βεβρωκεναι	V-RAN	LXX_WH
Józs 5:12	G0846	αυτους	D-APM	LXX_WH
Józs 5:12	G1537	εκ	PREP	LXX_WH
Józs 5:12	G3588	του	T-GSM	LXX_WH
Józs 5:12	G4621	σιτου	N-GSM	LXX_WH
Józs 5:12	G3588	της	T-GSF	LXX_WH
Józs 5:12	G1065	γης	N-GSF	LXX_WH
Józs 5:12	G2532	και	CONJ	LXX_WH
Józs 5:12	G3765	ουκετι	ADV	LXX_WH
Józs 5:12	G5225	υπηρχεν	V-IAI-3S	LXX_WH
Józs 5:12	G3588	τοις	T-DPM	LXX_WH
Józs 5:12	G5207	υιοις	N-DPM	LXX_WH
Józs 5:12	G2474	ισραηλ	N-PRI	LXX_WH
Józs 5:12	G3131	μαννα	N-PRI	LXX_WH
Józs 5:12		εκαρπισαντο	V-AMI-3P	ELTERO_SZOVEGALAP
Józs 5:12	G1161	δε	PRT	LXX_WH
Józs 5:12	G3588	την	T-ASF	LXX_WH
Józs 5:12	G5561	χωραν	N-ASF	LXX_WH
Józs 5:12	G3588	των	T-GPM	LXX_WH
Józs 5:12	G5403	φοινικων	N-PRI	LXX_WH
Józs 5:12	G1722	εν	PREP	LXX_WH
Józs 5:12	G3588	τω	T-DSM	LXX_WH
Józs 5:12	G1763	ενιαυτω	N-DSM	LXX_WH
Józs 5:12	G1565	εκεινω	D-DSM	LXX_WH
Józs 5:13	G2532	και	CONJ	LXX_WH
Józs 5:13	G1096	εγενετο	V-AMI-3S	LXX_WH
Józs 5:13	G3739	ως	CONJ	LXX_WH
Józs 5:13	G1510	ην	V-IAI-3S	LXX_WH
Józs 5:13	G2424	ιησους	N-PRI	LXX_WH
Józs 5:13	G1722	εν	PREP	LXX_WH
Józs 5:13	G2410	ιεριχω	N-PRI	LXX_WH
Józs 5:13	G2532	και	CONJ	LXX_WH
Józs 5:13	G0308	αναβλεψας	V-AAPNS	LXX_WH
Józs 5:13	G3588	τοις	T-DPM	LXX_WH
Józs 5:13	G3788	οφθαλμοις	N-DPM	LXX_WH
Józs 5:13	G3708	ειδεν	V-AAI-3S	LXX_WH
Józs 5:13	G0444	ανθρωπον	N-ASM	LXX_WH
Józs 5:13	G2476	εστηκοτα	V-RAPAS	LXX_WH
Józs 5:13	G1726	εναντιον	PREP	LXX_WH
Józs 5:13	G0846	αυτου	D-GSM	LXX_WH
Józs 5:13	G2532	και	CONJ	LXX_WH
Józs 5:13	G3588	η	T-NSF	LXX_WH
Józs 5:13	G4501	ρομφαια	N-NSF	ABP-potolt
Józs 5:13	G4685	εσπασμενη	V-RMPNS	LXX_WH
Józs 5:13	G1722	εν	PREP	LXX_WH
Józs 5:13	G3588	τη	T-DSF	LXX_WH
Józs 5:13	G5495	χειρι	N-DSF	LXX_WH
Józs 5:13	G0846	αυτου	D-GSM	LXX_WH
Józs 5:13	G2532	και	CONJ	LXX_WH
Józs 5:13	G4334	προσελθων	V-AAPNS	LXX_WH
Józs 5:13	G2424	ιησους	N-PRI	LXX_WH
Józs 5:13		ειπεν	V-AAI-3S	ELTERO_SZOVEGALAP
Józs 5:13	G0846	αυτω	D-DSM	LXX_WH
Józs 5:13	G2251	ημετερος	A-NSM	LXX_WH
Józs 5:13	G1510	ει	V-PAI-2S	LXX_WH
Józs 5:13	G2228	η	CONJ	LXX_WH
Józs 5:13	G3588	των	T-GPM	LXX_WH
Józs 5:13	G5227	υπεναντιων	A-GPM	ABP-potolt
Józs 5:14	G3588	ο	T-NSM	LXX_WH
Józs 5:14	G1161	δε	PRT	LXX_WH
Józs 5:14		ειπεν	V-AAI-3S	ELTERO_SZOVEGALAP
Józs 5:14	G0846	αυτω	D-DSM	LXX_WH
Józs 5:14	G1473	εγω	P-NS	LXX_WH
Józs 5:14	G0751	αρχιστρατηγος	N-NSM	ABP-potolt
Józs 5:14	G1411	δυναμεως	N-GSF	LXX_WH
Józs 5:14	G2962	κυριου	N-GSM	LXX_WH
Józs 5:14	G3570	νυνι	ADV	LXX_WH
Józs 5:14	G3854	παραγεγονα	V-RAI-1S	LXX_WH
Józs 5:14	G2532	και	CONJ	LXX_WH
Józs 5:14	G2424	ιησους	N-PRI	LXX_WH
Józs 5:14	G4098	επεσεν	V-AAI-3S	LXX_WH
Józs 5:14	G1909	επι	PREP	LXX_WH
Józs 5:14	G4383	προσωπον	N-ASN	LXX_WH
Józs 5:14	G1909	επι	PREP	LXX_WH
Józs 5:14	G3588	την	T-ASF	LXX_WH
Józs 5:14	G1065	γην	N-ASF	LXX_WH
Józs 5:14	G2532	και	CONJ	LXX_WH
Józs 5:14		ειπεν	V-AAI-3S	ELTERO_SZOVEGALAP
Józs 5:14	G0846	αυτω	D-DSM	LXX_WH
Józs 5:14	G1203	δεσποτα	N-VSM	LXX_WH
Józs 5:14	G5100	τι	I-ASN	LXX_WH
Józs 5:14	G4367	προστασσεις	V-PAI-2S	LXX_WH
Józs 5:14	G3588	τω	T-DSM	LXX_WH
Józs 5:14	G4674	σω	A-DSM	LXX_WH
Józs 5:14	G3610	οικετη	N-DSM	LXX_WH
Józs 5:15	G2532	και	CONJ	LXX_WH
Józs 5:15	G3004	λεγει	V-PAI-3S	LXX_WH
Józs 5:15	G3588	ο	T-NSM	LXX_WH
Józs 5:15	G0751	αρχιστρατηγος	N-NSM	ABP-potolt
Józs 5:15	G2962	κυριου	N-GSM	LXX_WH
Józs 5:15	G4314	προς	PREP	LXX_WH
Józs 5:15	G2424	ιησουν	N-PRI	LXX_WH
Józs 5:15	G3089	λυσαι	V-AMD-2S	LXX_WH
Józs 5:15	G3588	το	T-ASN	LXX_WH
Józs 5:15	G5266	υποδημα	N-ASN	LXX_WH
Józs 5:15	G1537	εκ	PREP	LXX_WH
Józs 5:15	G3588	των	T-GPM	LXX_WH
Józs 5:15	G4228	ποδων	N-GPM	LXX_WH
Józs 5:15	G4771	σου	P-GS	LXX_WH
Józs 5:15	G3588	ο	T-NSM	LXX_WH
Józs 5:15	G1063	γαρ	PRT	LXX_WH
Józs 5:15	G5117	τοπος	N-NSM	LXX_WH
Józs 5:15	G1909	εφ	PREP	LXX_WH
Józs 5:15	G3739	ω	R-DSM	LXX_WH
Józs 5:15	G4771	συ	P-NS	LXX_WH
Józs 5:15	G2476	εστηκας	V-RAI-2S	LXX_WH
Józs 5:15	G0040	αγιος	A-NSM	LXX_WH
Józs 5:15	G1510	εστιν	V-PAI-3S	LXX_WH
Józs 6:1	G2532	και	CONJ	LXX_WH
Józs 6:1	G2410	ιεριχω	N-PRI	LXX_WH
Józs 6:1	G4788	συγκεκλεισμενη	V-RMPNS	LXX_WH
Józs 6:1	G2532	και	CONJ	LXX_WH
Józs 6:1	G4788	ωχυρωμενη	V-RMPNS	ABP-potolt
Józs 6:1	G2532	και	CONJ	LXX_WH
Józs 6:1	G3762	ουθεις	A-NSM	LXX_WH
Józs 6:1	G1607	εξεπορευετο	V-IMI-3S	LXX_WH
Józs 6:1	G1537	εξ	PREP	LXX_WH
Józs 6:1	G0846	αυτης	D-GSF	LXX_WH
Józs 6:1	G3761	ουδε	CONJ	LXX_WH
Józs 6:1	G1531	εισεπορευετο	V-IMI-3S	LXX_WH
Józs 6:2	G2532	και	CONJ	LXX_WH
Józs 6:2		ειπεν	V-AAI-3S	ELTERO_SZOVEGALAP
Józs 6:2	G2962	κυριος	N-NSM	LXX_WH
Józs 6:2	G4314	προς	PREP	LXX_WH
Józs 6:2	G2424	ιησουν	N-PRI	LXX_WH
Józs 6:2	G2400	ιδου	INJ	LXX_WH
Józs 6:2	G1473	εγω	P-NS	LXX_WH
Józs 6:2	G3860	παραδιδωμι	V-PAI-1S	LXX_WH
Józs 6:2		υποχειριον	A-ASF	ELTERO_SZOVEGALAP
Józs 6:2	G4771	σου	P-GS	LXX_WH
Józs 6:2	G3588	την	T-ASF	LXX_WH
Józs 6:2	G2410	ιεριχω	N-PRI	LXX_WH
Józs 6:2	G2532	και	CONJ	LXX_WH
Józs 6:2	G3588	τον	T-ASM	LXX_WH
Józs 6:2	G0935	βασιλεα	N-ASM	LXX_WH
Józs 6:2	G0846	αυτης	D-GSF	LXX_WH
Józs 6:2	G3588	τον	T-ASM	LXX_WH
Józs 6:2	G1722	εν	PREP	LXX_WH
Józs 6:2	G0846	αυτη	D-DSF	LXX_WH
Józs 6:2	G1415	δυνατους	A-APM	LXX_WH
Józs 6:2	G1510	οντας	V-PAPAP	LXX_WH
Józs 6:2	G1722	εν	PREP	LXX_WH
Józs 6:2	G2479	ισχυι	N-DSF	LXX_WH
Józs 6:3	G4771	συ	P-NS	LXX_WH
Józs 6:3	G1161	δε	PRT	LXX_WH
Józs 6:3	G4026	περιστησον	V-AAD-2S	LXX_WH
Józs 6:3	G0846	αυτη	D-DSF	LXX_WH
Józs 6:3	G3588	τους	T-APM	LXX_WH
Józs 6:3		μαχιμους	A-APM	ELTERO_SZOVEGALAP
Józs 6:3		κυκλω	N-DSM	ELTERO_SZOVEGALAP
Józs 6:5	G2532	και	CONJ	LXX_WH
Józs 6:5	G1510	εσται	V-FMI-3S	LXX_WH
Józs 6:5	G3739	ως	CONJ	LXX_WH
Józs 6:5	G0302	αν	PRT	LXX_WH
Józs 6:5	G4537	σαλπισητε	V-AAS-2P	LXX_WH
Józs 6:5	G3588	τη	T-DSF	LXX_WH
Józs 6:5	G4536	σαλπιγγι	N-DSF	LXX_WH
Józs 6:5	G0349	ανακραγετω	V-AAD-3S	LXX_WH
Józs 6:5	G3956	πας	A-NSM	LXX_WH
Józs 6:5	G3588	ο	T-NSM	LXX_WH
Józs 6:5	G2992	λαος	N-NSM	LXX_WH
Józs 6:5	G0260	αμα	ADV	LXX_WH
Józs 6:5	G2532	και	CONJ	LXX_WH
Józs 6:5	G0349	ανακραγοντων	V-AAPGP	LXX_WH
Józs 6:5	G0846	αυτων	D-GPM	LXX_WH
Józs 6:5	G4098	πεσειται	V-FMI-3S	LXX_WH
Józs 6:5	G0844	αυτοματα	A-NPN	LXX_WH
Józs 6:5	G3588	τα	T-NPN	LXX_WH
Józs 6:5	G5038	τειχη	N-NPN	LXX_WH
Józs 6:5	G3588	της	T-GSF	LXX_WH
Józs 6:5	G4172	πολεως	N-GSF	LXX_WH
Józs 6:5	G2532	και	CONJ	LXX_WH
Józs 6:5	G1525	εισελευσεται	V-FMI-3S	LXX_WH
Józs 6:5	G3956	πας	A-NSM	LXX_WH
Józs 6:5	G3588	ο	T-NSM	LXX_WH
Józs 6:5	G2992	λαος	N-NSM	LXX_WH
Józs 6:5	G3729	ορμησας	V-AAPNS	LXX_WH
Józs 6:5	G1538	εκαστος	A-NSM	LXX_WH
Józs 6:5	G2596	κατα	PREP	LXX_WH
Józs 6:5	G4383	προσωπον	N-ASN	LXX_WH
Józs 6:5	G1519	εις	PREP	LXX_WH
Józs 6:5	G3588	την	T-ASF	LXX_WH
Józs 6:5	G4172	πολιν	N-ASF	LXX_WH
Józs 6:6	G2532	και	CONJ	LXX_WH
Józs 6:6	G1525	εισηλθεν	V-AAI-3S	LXX_WH
Józs 6:6	G2424	ιησους	N-PRI	LXX_WH
Józs 6:6	G3588	ο	T-NSM	LXX_WH
Józs 6:6	G3588	του	T-GSM	LXX_WH
Józs 6:6		ναυη	N-PRI	ELTERO_SZOVEGALAP
Józs 6:6	G4314	προς	PREP	LXX_WH
Józs 6:6	G3588	τους	T-APM	LXX_WH
Józs 6:6	G2409	ιερεις	N-APM	LXX_WH
Józs 6:7	G2532	και	CONJ	LXX_WH
Józs 6:7		ειπεν	V-AAI-3S	ELTERO_SZOVEGALAP
Józs 6:7	G0846	αυτοις	D-DPM	LXX_WH
Józs 6:7	G3004	λεγων	V-PAPNS	LXX_WH
Józs 6:7	G3853	παραγγειλατε	V-AAD-2P	LXX_WH
Józs 6:7	G3588	τω	T-DSM	LXX_WH
Józs 6:7	G2992	λαω	N-DSM	LXX_WH
Józs 6:7	G4022	περιελθειν	V-AAN	LXX_WH
Józs 6:7	G2532	και	CONJ	LXX_WH
Józs 6:7	G2944	κυκλωσαι	V-AAN	LXX_WH
Józs 6:7	G3588	την	T-ASF	LXX_WH
Józs 6:7	G4172	πολιν	N-ASF	LXX_WH
Józs 6:7	G2532	και	CONJ	LXX_WH
Józs 6:7	G3588	οι	T-NPM	LXX_WH
Józs 6:7	G3163	μαχιμοι	A-NPM	ABP-potolt
Józs 6:7	G3899	παραπορευεσθωσαν	V-PMD-3P	LXX_WH
Józs 6:7		ενωπλισμενοι	V-RMPNP	ELTERO_SZOVEGALAP
Józs 6:7	G1726	εναντιον	PREP	LXX_WH
Józs 6:7	G2962	κυριου	N-GSM	LXX_WH
Józs 6:8	G2532	και	CONJ	LXX_WH
Józs 6:8	G2033	επτα	N-NUI	LXX_WH
Józs 6:8	G2409	ιερεις	N-NPM	LXX_WH
Józs 6:8	G2192	εχοντες	V-PAPNP	LXX_WH
Józs 6:8	G2033	επτα	N-NUI	LXX_WH
Józs 6:8	G4536	σαλπιγγας	N-APF	LXX_WH
Józs 6:8	G2413	ιερας	A-APF	LXX_WH
Józs 6:8	G3928	παρελθετωσαν	V-AAD-3P	LXX_WH
Józs 6:8	G5615	ωσαυτως	ADV	LXX_WH
Józs 6:8	G1726	εναντιον	PREP	LXX_WH
Józs 6:8	G3588	του	T-GSM	LXX_WH
Józs 6:8	G2962	κυριου	N-GSM	LXX_WH
Józs 6:8	G2532	και	CONJ	LXX_WH
Józs 6:8	G4591	σημαινετωσαν	V-PAD-3P	LXX_WH
Józs 6:8	G2159	ευτονως	ADV	LXX_WH
Józs 6:8	G2532	και	CONJ	LXX_WH
Józs 6:8	G3588	η	T-NSF	LXX_WH
Józs 6:8	G2787	κιβωτος	N-NSF	LXX_WH
Józs 6:8	G3588	της	T-GSF	LXX_WH
Józs 6:8	G1242	διαθηκης	N-GSF	LXX_WH
Józs 6:8	G2962	κυριου	N-GSM	LXX_WH
Józs 6:8		επακολουθειτω	V-PAD-3S	
Józs 6:9	G3588	οι	T-NPM	LXX_WH
Józs 6:9	G1161	δε	PRT	LXX_WH
Józs 6:9		μαχιμοι	A-NPM	ELTERO_SZOVEGALAP
Józs 6:9	G1715	εμπροσθεν	ADV	LXX_WH
Józs 6:9	G3899	παραπορευεσθωσαν	V-PMD-3P	LXX_WH
Józs 6:9	G2532	και	CONJ	LXX_WH
Józs 6:9	G3588	οι	T-NPM	LXX_WH
Józs 6:9	G2409	ιερεις	N-NPM	LXX_WH
Józs 6:9	G3588	οι	T-NPM	LXX_WH
Józs 6:9		ουραγουντες	V-PAPNP	ELTERO_SZOVEGALAP
Józs 6:9	G3694	οπισω	PREP	LXX_WH
Józs 6:9	G3588	της	T-GSF	LXX_WH
Józs 6:9	G2787	κιβωτου	N-GSF	LXX_WH
Józs 6:9	G3588	της	T-GSF	LXX_WH
Józs 6:9	G1242	διαθηκης	N-GSF	LXX_WH
Józs 6:9	G2962	κυριου	N-GSM	LXX_WH
Józs 6:9	G4198	πορευομενοι	V-PMPNP	LXX_WH
Józs 6:9	G2532	και	CONJ	LXX_WH
Józs 6:9	G4537	σαλπιζοντες	V-PAPNP	LXX_WH
Józs 6:10	G3588	τω	T-DSM	LXX_WH
Józs 6:10	G1161	δε	PRT	LXX_WH
Józs 6:10	G2992	λαω	N-DSM	LXX_WH
Józs 6:10	G1781	ενετειλατο	V-AMI-3S	LXX_WH
Józs 6:10	G2424	ιησους	N-PRI	LXX_WH
Józs 6:10	G3004	λεγων	V-PAPNS	LXX_WH
Józs 6:10	G3165	μη	ADV	LXX_WH
Józs 6:10	G0994	βοατε	V-PAD-2P	LXX_WH
Józs 6:10	G3366	μηδε	CONJ	LXX_WH
Józs 6:10	G0191	ακουσατω	V-AAD-3S	LXX_WH
Józs 6:10	G3367	μηθεις	A-NSM	LXX_WH
Józs 6:10	G4771	υμων	P-GP	LXX_WH
Józs 6:10	G3588	την	T-ASF	LXX_WH
Józs 6:10	G5456	φωνην	N-ASF	LXX_WH
Józs 6:10	G2193	εως	CONJ	LXX_WH
Józs 6:10	G0302	αν	PRT	LXX_WH
Józs 6:10	G2250	ημεραν	N-ASF	LXX_WH
Józs 6:10	G0846	αυτος	D-NSM	LXX_WH
Józs 6:10	G1229	διαγγειλη	V-AAS-3S	LXX_WH
Józs 6:10	G0310	αναβοησαι	V-AAN	LXX_WH
Józs 6:10	G2532	και	CONJ	LXX_WH
Józs 6:10	G5119	τοτε	ADV	LXX_WH
Józs 6:10	G0310	αναβοησετε	V-FAI-2P	LXX_WH
Józs 6:11	G2532	και	CONJ	LXX_WH
Józs 6:11	G4022	περιελθουσα	V-AAPNS	LXX_WH
Józs 6:11	G3588	η	T-NSF	LXX_WH
Józs 6:11	G2787	κιβωτος	N-NSF	LXX_WH
Józs 6:11	G3588	της	T-GSF	LXX_WH
Józs 6:11	G1242	διαθηκης	N-GSF	LXX_WH
Józs 6:11	G3588	του	T-GSM	LXX_WH
Józs 6:11	G2316	θεου	N-GSM	LXX_WH
Józs 6:11	G3588	την	T-ASF	LXX_WH
Józs 6:11	G4172	πολιν	N-ASF	LXX_WH
Józs 6:11	G2112	ευθεως	ADV	LXX_WH
Józs 6:11	G0565	απηλθεν	V-AAI-3S	LXX_WH
Józs 6:11	G1519	εις	PREP	LXX_WH
Józs 6:11	G3588	την	T-ASF	LXX_WH
Józs 6:11	G3925	παρεμβολην	N-ASF	ABP-potolt
Józs 6:11	G2532	και	CONJ	LXX_WH
Józs 6:11	G2837	εκοιμηθη	V-API-3S	LXX_WH
Józs 6:11	G1563	εκει	ADV	LXX_WH
Józs 6:12	G2532	και	CONJ	LXX_WH
Józs 6:12	G3588	τη	T-DSF	LXX_WH
Józs 6:12	G2250	ημερα	N-DSF	LXX_WH
Józs 6:12	G3588	τη	T-DSF	LXX_WH
Józs 6:12	G1208	δευτερα	A-DSF	LXX_WH
Józs 6:12	G0450	ανεστη	V-AAI-3S	LXX_WH
Józs 6:12	G2424	ιησους	N-PRI	LXX_WH
Józs 6:12	G3588	το	T-ASN	LXX_WH
Józs 6:12	G4404	πρωι	ADV	LXX_WH
Józs 6:12	G2532	και	CONJ	LXX_WH
Józs 6:12	G0142	ηραν	V-AAI-3P	LXX_WH
Józs 6:12	G3588	οι	T-NPM	LXX_WH
Józs 6:12	G2409	ιερεις	N-NPM	LXX_WH
Józs 6:12	G3588	την	T-ASF	LXX_WH
Józs 6:12	G2787	κιβωτον	N-ASF	LXX_WH
Józs 6:12	G3588	της	T-GSF	LXX_WH
Józs 6:12	G1242	διαθηκης	N-GSF	LXX_WH
Józs 6:12	G2962	κυριου	N-GSM	LXX_WH
Józs 6:13	G2532	και	CONJ	LXX_WH
Józs 6:13	G3588	οι	T-NPM	LXX_WH
Józs 6:13	G2033	επτα	N-NUI	LXX_WH
Józs 6:13	G2409	ιερεις	N-NPM	LXX_WH
Józs 6:13	G3588	οι	T-NPM	LXX_WH
Józs 6:13	G5342	φεροντες	V-PAPNP	LXX_WH
Józs 6:13	G3588	τας	T-APF	LXX_WH
Józs 6:13	G4536	σαλπιγγας	N-APF	LXX_WH
Józs 6:13	G3588	τας	T-APF	LXX_WH
Józs 6:13	G2033	επτα	N-NUI	LXX_WH
Józs 6:13	G4313	προεπορευοντο	V-IMI-3P	LXX_WH
Józs 6:13	G1726	εναντιον	PREP	LXX_WH
Józs 6:13	G2962	κυριου	N-GSM	LXX_WH
Józs 6:13	G2532	και	CONJ	LXX_WH
Józs 6:13	G3326	μετα	PREP	LXX_WH
Józs 6:13	G3778	ταυτα	D-APN	LXX_WH
Józs 6:13	G1531	εισεπορευοντο	V-IMI-3P	LXX_WH
Józs 6:13	G3588	οι	T-NPM	LXX_WH
Józs 6:13		μαχιμοι	A-NPM	
Józs 6:13	G2532	και	CONJ	LXX_WH
Józs 6:13	G3588	ο	T-NSM	LXX_WH
Józs 6:13	G3062	λοιπος	A-NSM	ABP-potolt
Józs 6:13	G3793	οχλος	N-NSM	LXX_WH
Józs 6:13		οπισθε	PREP	ELTERO_SZOVEGALAP
Józs 6:13	G3588	της	T-GSF	LXX_WH
Józs 6:13	G2787	κιβωτου	N-GSF	LXX_WH
Józs 6:13	G3588	της	T-GSF	LXX_WH
Józs 6:13	G1242	διαθηκης	N-GSF	LXX_WH
Józs 6:13	G2962	κυριου	N-GSM	LXX_WH
Józs 6:13	G2532	και	CONJ	LXX_WH
Józs 6:13	G3588	οι	T-NPM	LXX_WH
Józs 6:13	G2409	ιερεις	N-NPM	LXX_WH
Józs 6:13	G4537	εσαλπισαν	V-AAI-3P	LXX_WH
Józs 6:13	G3588	ταις	T-DPF	LXX_WH
Józs 6:13	G4536	σαλπιγξι	N-DPF	LXX_WH
Józs 6:13	G2532	και	CONJ	LXX_WH
Józs 6:13	G3588	ο	T-NSM	LXX_WH
Józs 6:13	G3062	λοιπος	A-NSM	ABP-potolt
Józs 6:13	G3793	οχλος	N-NSM	LXX_WH
Józs 6:13	G0537	απας	A-NSM	LXX_WH
Józs 6:13	G4033	περιεκυκλωσε	V-AAI-3S	LXX_WH
Józs 6:13	G3588	την	T-ASF	LXX_WH
Józs 6:13	G4172	πολιν	N-ASF	LXX_WH
Józs 6:13		εγγυθεν	ADV	ELTERO_SZOVEGALAP
Józs 6:14	G2532	και	CONJ	LXX_WH
Józs 6:14	G0565	απηλθεν	V-AAI-3S	LXX_WH
Józs 6:14	G3825	παλιν	ADV	LXX_WH
Józs 6:14	G1519	εις	PREP	LXX_WH
Józs 6:14	G3588	την	T-ASF	LXX_WH
Józs 6:14		παρεμβολην	N-ASF	ELTERO_SZOVEGALAP
Józs 6:14	G3778	ουτως	ADV	LXX_WH
Józs 6:14	G4160	εποιει	V-IAI-3S	LXX_WH
Józs 6:14	G1909	επι	PREP	LXX_WH
Józs 6:14	G1803	εξ	N-NUI	LXX_WH
Józs 6:14	G2250	ημερας	N-APF	LXX_WH
Józs 6:15	G2532	και	CONJ	LXX_WH
Józs 6:15	G3588	τη	T-DSF	LXX_WH
Józs 6:15	G2250	ημερα	N-DSF	LXX_WH
Józs 6:15	G3588	τη	T-DSF	LXX_WH
Józs 6:15	G1442	εβδομη	A-DSF	LXX_WH
Józs 6:15	G0450	ανεστησαν	V-AAI-3P	LXX_WH
Józs 6:15	G3722	ορθρου	N-GSM	LXX_WH
Józs 6:15	G2532	και	CONJ	LXX_WH
Józs 6:15	G4022	περιηλθοσαν	V-AAI-3P	LXX_WH
Józs 6:15	G3588	την	T-ASF	LXX_WH
Józs 6:15	G4172	πολιν	N-ASF	LXX_WH
Józs 6:15	G2034	εξακις	ADV	ABP-potolt
Józs 6:16	G2532	και	CONJ	LXX_WH
Józs 6:16	G3588	τη	T-DSF	LXX_WH
Józs 6:16	G4038	περιοδω	N-DSF	ABP-potolt
Józs 6:16	G3588	τη	T-DSF	LXX_WH
Józs 6:16	G1442	εβδομη	A-DSF	LXX_WH
Józs 6:16	G4537	εσαλπισαν	V-AAI-3P	LXX_WH
Józs 6:16	G3588	οι	T-NPM	LXX_WH
Józs 6:16	G2409	ιερεις	N-NPM	LXX_WH
Józs 6:16	G2532	και	CONJ	LXX_WH
Józs 6:16		ειπεν	V-AAI-3S	ELTERO_SZOVEGALAP
Józs 6:16	G2424	ιησους	N-PRI	LXX_WH
Józs 6:16	G3588	τοις	T-DPM	LXX_WH
Józs 6:16	G5207	υιοις	N-DPM	LXX_WH
Józs 6:16	G2474	ισραηλ	N-PRI	LXX_WH
Józs 6:16	G2896	κεκραξατε	V-AAD-2P	LXX_WH
Józs 6:16	G3860	παρεδωκεν	V-AAI-3S	LXX_WH
Józs 6:16	G1063	γαρ	PRT	LXX_WH
Józs 6:16	G2962	κυριος	N-NSM	LXX_WH
Józs 6:16	G4771	υμιν	P-DP	LXX_WH
Józs 6:16	G3588	την	T-ASF	LXX_WH
Józs 6:16	G4172	πολιν	N-ASF	LXX_WH
Józs 6:17	G2532	και	CONJ	LXX_WH
Józs 6:17	G1510	εσται	V-FMI-3S	LXX_WH
Józs 6:17	G3588	η	T-NSF	LXX_WH
Józs 6:17	G4172	πολις	N-NSF	LXX_WH
Józs 6:17	G0331	αναθεμα	N-NSN	LXX_WH
Józs 6:17	G0846	αυτη	D-NSF	LXX_WH
Józs 6:17	G2532	και	CONJ	LXX_WH
Józs 6:17	G3956	παντα	A-NPN	LXX_WH
Józs 6:17	G3745	οσα	A-NPN	LXX_WH
Józs 6:17	G1510	εστιν	V-PAI-3S	LXX_WH
Józs 6:17	G1722	εν	PREP	LXX_WH
Józs 6:17	G0846	αυτη	D-DSF	LXX_WH
Józs 6:17	G2962	κυριω	N-DSM	LXX_WH
Józs 6:17	G4519	σαβαωθ	N-PRI	LXX_WH
Józs 6:17	G4133	πλην	CONJ	LXX_WH
Józs 6:17		ρααβ	N-PRI	ELTERO_SZOVEGALAP
Józs 6:17	G3588	την	T-ASF	LXX_WH
Józs 6:17	G4204	πορνην	N-ASF	LXX_WH
Józs 6:17		περιποιησασθε	V-AMD-2P	ELTERO_SZOVEGALAP
Józs 6:17	G0846	αυτην	D-ASF	LXX_WH
Józs 6:17	G2532	και	CONJ	LXX_WH
Józs 6:17	G3745	οσα	A-APN	LXX_WH
Józs 6:17	G1510	εστιν	V-PAI-3S	LXX_WH
Józs 6:17	G1722	εν	PREP	LXX_WH
Józs 6:17	G3588	τω	T-DSM	LXX_WH
Józs 6:17	G3624	οικω	N-DSM	LXX_WH
Józs 6:17	G0846	αυτης	D-GSF	LXX_WH
Józs 6:18	G0235	αλλα	CONJ	LXX_WH
Józs 6:18	G4771	υμεις	P-NP	LXX_WH
Józs 6:18	G5442	φυλαξασθε	V-AMD-2P	LXX_WH
Józs 6:18	G4970	σφοδρα	ADV	LXX_WH
Józs 6:18	G0575	απο	PREP	LXX_WH
Józs 6:18	G3588	του	T-GSN	LXX_WH
Józs 6:18	G0331	αναθεματος	N-GSN	LXX_WH
Józs 6:18	G3379	μηποτε	ADV	LXX_WH
Józs 6:18	G1760	ενθυμηθεντες	V-APPNP	LXX_WH
Józs 6:18	G4771	υμεις	P-NP	LXX_WH
Józs 6:18	G0846	αυτοι	D-NPM	LXX_WH
Józs 6:18	G2983	λαβητε	V-AAS-2P	LXX_WH
Józs 6:18	G0575	απο	PREP	LXX_WH
Józs 6:18	G3588	του	T-GSN	LXX_WH
Józs 6:18	G0331	αναθεματος	N-GSN	LXX_WH
Józs 6:18	G2532	και	CONJ	LXX_WH
Józs 6:18	G4160	ποιησητε	V-AAS-2P	LXX_WH
Józs 6:18	G3588	την	T-ASF	LXX_WH
Józs 6:18	G3925	παρεμβολην	N-ASF	ABP-potolt
Józs 6:18	G3588	των	T-GPM	LXX_WH
Józs 6:18	G5207	υιων	N-GPM	LXX_WH
Józs 6:18	G2474	ισραηλ	N-PRI	LXX_WH
Józs 6:18	G0331	αναθεμα	N-ASN	LXX_WH
Józs 6:18	G2532	και	CONJ	LXX_WH
Józs 6:18	G1625	εκτριψητε	V-AAS-2P	ABP-potolt
Józs 6:18	G1473	ημας	P-AP	LXX_WH
Józs 6:19	G2532	και	CONJ	LXX_WH
Józs 6:19	G3956	παν	A-NSN	LXX_WH
Józs 6:19	G0694	αργυριον	N-NSN	LXX_WH
Józs 6:19	G2228	η	CONJ	LXX_WH
Józs 6:19	G5553	χρυσιον	N-NSN	LXX_WH
Józs 6:19	G2228	η	CONJ	LXX_WH
Józs 6:19	G5475	χαλκος	N-NSM	LXX_WH
Józs 6:19	G2228	η	CONJ	LXX_WH
Józs 6:19	G4604	σιδηρος	N-NSM	LXX_WH
Józs 6:19	G0040	αγιον	A-NSN	LXX_WH
Józs 6:19	G1510	εσται	V-FMI-3S	LXX_WH
Józs 6:19	G3588	τω	T-DSM	LXX_WH
Józs 6:19	G2962	κυριω	N-DSM	LXX_WH
Józs 6:19	G1519	εις	PREP	LXX_WH
Józs 6:19	G2344	θησαυρον	N-ASM	LXX_WH
Józs 6:19	G2962	κυριου	N-GSM	LXX_WH
Józs 6:19	G1533	εισενεχθησεται	V-FPI-3S	LXX_WH
Józs 6:20	G2532	και	CONJ	LXX_WH
Józs 6:20	G4537	εσαλπισαν	V-AAI-3P	LXX_WH
Józs 6:20	G3588	ταις	T-DPF	LXX_WH
Józs 6:20	G4536	σαλπιγξιν	N-DPF	LXX_WH
Józs 6:20	G3588	οι	T-NPM	LXX_WH
Józs 6:20	G2409	ιερεις	N-NPM	LXX_WH
Józs 6:20	G3739	ως	CONJ	LXX_WH
Józs 6:20	G1161	δε	PRT	LXX_WH
Józs 6:20	G0191	ηκουσεν	V-AAI-3S	LXX_WH
Józs 6:20	G3588	ο	T-NSM	LXX_WH
Józs 6:20	G2992	λαος	N-NSM	LXX_WH
Józs 6:20	G3588	την	T-ASF	LXX_WH
Józs 6:20	G5456	φωνην	N-ASF	LXX_WH
Józs 6:20	G3588	των	T-GPF	LXX_WH
Józs 6:20	G4536	σαλπιγγων	N-GPF	LXX_WH
Józs 6:20	G0214	ηλαλαξεν	V-AAI-3S	LXX_WH
Józs 6:20	G3956	πας	A-NSM	LXX_WH
Józs 6:20	G3588	ο	T-NSM	LXX_WH
Józs 6:20	G2992	λαος	N-NSM	LXX_WH
Józs 6:20	G0260	αμα	ADV	LXX_WH
Józs 6:20		αλαλαγμω	N-DSM	ELTERO_SZOVEGALAP
Józs 6:20	G3173	μεγαλω	A-DSM	LXX_WH
Józs 6:20	G2532	και	CONJ	LXX_WH
Józs 6:20	G2478	ισχυρω	A-DSM	LXX_WH
Józs 6:20	G2532	και	CONJ	LXX_WH
Józs 6:20	G4098	επεσεν	V-AAI-3S	LXX_WH
Józs 6:20	G0537	απαν	A-NSN	LXX_WH
Józs 6:20	G3588	το	T-NSN	LXX_WH
Józs 6:20	G5038	τειχος	N-NSN	LXX_WH
Józs 6:20	G2945	κυκλω	N-DSM	ABP-potolt
Józs 6:20	G2532	και	CONJ	LXX_WH
Józs 6:20	G0305	ανεβη	V-AAI-3S	LXX_WH
Józs 6:20	G3956	πας	A-NSM	LXX_WH
Józs 6:20	G3588	ο	T-NSM	LXX_WH
Józs 6:20	G2992	λαος	N-NSM	LXX_WH
Józs 6:20	G1519	εις	PREP	LXX_WH
Józs 6:20	G3588	την	T-ASF	LXX_WH
Józs 6:20	G4172	πολιν	N-ASF	LXX_WH
Józs 6:21	G2532	και	CONJ	LXX_WH
Józs 6:21	G0332	ανεθεματισεν	V-AAI-3S	LXX_WH
Józs 6:21	G0846	αυτην	D-ASF	LXX_WH
Józs 6:21	G2424	ιησους	N-PRI	LXX_WH
Józs 6:21	G2532	και	CONJ	LXX_WH
Józs 6:21	G3745	οσα	A-APN	LXX_WH
Józs 6:21	G1510	ην	V-IAI-3S	LXX_WH
Józs 6:21	G1722	εν	PREP	LXX_WH
Józs 6:21	G3588	τη	T-DSF	LXX_WH
Józs 6:21	G4172	πολει	N-DSF	LXX_WH
Józs 6:21	G0575	απο	PREP	LXX_WH
Józs 6:21	G0435	ανδρος	N-GSM	LXX_WH
Józs 6:21	G2532	και	CONJ	LXX_WH
Józs 6:21	G2193	εως	PREP	LXX_WH
Józs 6:21	G1135	γυναικος	N-GSF	LXX_WH
Józs 6:21	G0575	απο	PREP	LXX_WH
Józs 6:21	G3495	νεανισκου	N-GSM	LXX_WH
Józs 6:21	G2532	και	CONJ	LXX_WH
Józs 6:21	G2193	εως	PREP	LXX_WH
Józs 6:21	G4246	πρεσβυτου	N-GSM	LXX_WH
Józs 6:21	G2532	και	CONJ	LXX_WH
Józs 6:21	G2193	εως	PREP	LXX_WH
Józs 6:21	G3448	μοσχου	N-GSM	LXX_WH
Józs 6:21	G2532	και	CONJ	LXX_WH
Józs 6:21	G5268	υποζυγιου	N-GSN	LXX_WH
Józs 6:21	G1722	εν	PREP	LXX_WH
Józs 6:21	G4750	στοματι	N-DSN	LXX_WH
Józs 6:21	G4501	ρομφαιας	N-GSF	ABP-potolt
Józs 6:22	G2532	και	CONJ	LXX_WH
Józs 6:22	G3588	τοις	T-DPM	LXX_WH
Józs 6:22	G1417	δυσιν	N-NUI	LXX_WH
Józs 6:22	G3495	νεανισκοις	N-DPM	LXX_WH
Józs 6:22	G3588	τοις	T-DPM	LXX_WH
Józs 6:22		κατασκοπευσασιν	V-AAPDP	ELTERO_SZOVEGALAP
Józs 6:22		ειπεν	V-AAI-3S	ELTERO_SZOVEGALAP
Józs 6:22	G2424	ιησους	N-PRI	LXX_WH
Józs 6:22	G1525	εισελθατε	V-AAD-2P	LXX_WH
Józs 6:22	G1519	εις	PREP	LXX_WH
Józs 6:22	G3588	την	T-ASF	LXX_WH
Józs 6:22	G3614	οικιαν	N-ASF	LXX_WH
Józs 6:22	G3588	της	T-GSF	LXX_WH
Józs 6:22	G1135	γυναικος	N-GSF	LXX_WH
Józs 6:22	G2532	και	CONJ	LXX_WH
Józs 6:22	G1806	εξαγαγετε	V-AAD-2P	LXX_WH
Józs 6:22	G0846	αυτην	D-ASF	LXX_WH
Józs 6:22	G1564	εκειθεν	ADV	LXX_WH
Józs 6:22	G2532	και	CONJ	LXX_WH
Józs 6:22	G3745	οσα	A-APN	LXX_WH
Józs 6:22	G1510	εστιν	V-PAI-3S	LXX_WH
Józs 6:22	G0846	αυτη	D-DSF	LXX_WH
Józs 6:23	G2532	και	CONJ	LXX_WH
Józs 6:23	G1525	εισηλθον	V-AAI-3P	LXX_WH
Józs 6:23	G3588	οι	T-NPM	LXX_WH
Józs 6:23	G1417	δυο	N-NUI	LXX_WH
Józs 6:23	G3495	νεανισκοι	N-NPM	LXX_WH
Józs 6:23	G3588	οι	T-NPM	LXX_WH
Józs 6:23		κατασκοπευσαντες	V-AAPNP	
Józs 6:23	G3588	την	T-ASF	LXX_WH
Józs 6:23	G4172	πολιν	N-ASF	LXX_WH
Józs 6:23	G1519	εις	PREP	LXX_WH
Józs 6:23	G3588	την	T-ASF	LXX_WH
Józs 6:23	G3614	οικιαν	N-ASF	LXX_WH
Józs 6:23	G3588	της	T-GSF	LXX_WH
Józs 6:23	G1135	γυναικος	N-GSF	LXX_WH
Józs 6:23	G2532	και	CONJ	LXX_WH
Józs 6:23	G1806	εξηγαγοσαν	V-AAI-3P	LXX_WH
Józs 6:23		ρααβ	N-PRI	ELTERO_SZOVEGALAP
Józs 6:23	G3588	την	T-ASF	LXX_WH
Józs 6:23	G4204	πορνην	N-ASF	LXX_WH
Józs 6:23	G2532	και	CONJ	LXX_WH
Józs 6:23	G3588	τον	T-ASM	LXX_WH
Józs 6:23	G3962	πατερα	N-ASM	LXX_WH
Józs 6:23	G0846	αυτης	D-GSF	LXX_WH
Józs 6:23	G2532	και	CONJ	LXX_WH
Józs 6:23	G3588	την	T-ASF	LXX_WH
Józs 6:23	G3384	μητερα	N-ASF	LXX_WH
Józs 6:23	G0846	αυτης	D-GSF	LXX_WH
Józs 6:23	G2532	και	CONJ	LXX_WH
Józs 6:23	G3588	τους	T-APM	LXX_WH
Józs 6:23	G0080	αδελφους	N-APM	LXX_WH
Józs 6:23	G0846	αυτης	D-GSF	LXX_WH
Józs 6:23	G2532	και	CONJ	LXX_WH
Józs 6:23	G3956	παντα	A-APN	LXX_WH
Józs 6:23	G3745	οσα	A-NPN	LXX_WH
Józs 6:23	G1510	ην	V-IAI-3S	LXX_WH
Józs 6:23	G0846	αυτη	D-DSF	LXX_WH
Józs 6:23	G2532	και	CONJ	LXX_WH
Józs 6:23	G3956	πασαν	A-ASF	LXX_WH
Józs 6:23	G3588	την	T-ASF	LXX_WH
Józs 6:23	G4772	συγγενειαν	N-ASF	LXX_WH
Józs 6:23	G0846	αυτης	D-GSF	LXX_WH
Józs 6:23	G2532	και	CONJ	LXX_WH
Józs 6:23	G2525	κατεστησαν	V-AAI-3P	LXX_WH
Józs 6:23	G0846	αυτην	D-ASF	LXX_WH
Józs 6:23	G1854	εξω	PREP	LXX_WH
Józs 6:23	G3588	της	T-GSF	LXX_WH
Józs 6:23		παρεμβολης	N-GSF	ELTERO_SZOVEGALAP
Józs 6:23	G2474	ισραηλ	N-PRI	LXX_WH
Józs 6:24	G2532	και	CONJ	LXX_WH
Józs 6:24	G3588	η	T-NSF	LXX_WH
Józs 6:24	G4172	πολις	N-NSF	LXX_WH
Józs 6:24		ενεπρησθη	V-API-3S	ELTERO_SZOVEGALAP
Józs 6:24		εμπυρισμω	N-DSM	ELTERO_SZOVEGALAP
Józs 6:24	G4862	συν	PREP	LXX_WH
Józs 6:24	G3956	πασιν	A-DPN	LXX_WH
Józs 6:24	G3588	τοις	T-DPN	LXX_WH
Józs 6:24	G1722	εν	PREP	LXX_WH
Józs 6:24	G0846	αυτη	D-DSF	LXX_WH
Józs 6:24	G4133	πλην	PREP	LXX_WH
Józs 6:24	G0694	αργυριου	N-GSN	LXX_WH
Józs 6:24	G2532	και	CONJ	LXX_WH
Józs 6:24	G5553	χρυσιου	N-GSN	LXX_WH
Józs 6:24	G2532	και	CONJ	LXX_WH
Józs 6:24	G5475	χαλκου	N-GSM	LXX_WH
Józs 6:24	G2532	και	CONJ	LXX_WH
Józs 6:24	G4604	σιδηρου	N-GSM	LXX_WH
Józs 6:24	G1325	εδωκαν	V-AAI-3P	LXX_WH
Józs 6:24	G1519	εις	PREP	LXX_WH
Józs 6:24	G2344	θησαυρον	N-ASM	LXX_WH
Józs 6:24	G2962	κυριου	N-GSM	LXX_WH
Józs 6:24	G1533	εισενεχθηναι	V-APN	LXX_WH
Józs 6:25	G2532	και	CONJ	LXX_WH
Józs 6:25	G3956	ρααβ	N-PRI	ABP-potolt
Józs 6:25	G3588	την	T-ASF	LXX_WH
Józs 6:25	G4204	πορνην	N-ASF	LXX_WH
Józs 6:25	G2532	και	CONJ	LXX_WH
Józs 6:25	G3956	παντα	A-ASM	LXX_WH
Józs 6:25	G3588	τον	T-ASM	LXX_WH
Józs 6:25	G3624	οικον	N-ASM	LXX_WH
Józs 6:25	G3588	τον	T-ASM	LXX_WH
Józs 6:25	G3967	πατρικον	A-ASM	LXX_WH
Józs 6:25	G0846	αυτης	D-GSF	LXX_WH
Józs 6:25	G2221	εζωγρησεν	V-AAI-3S	LXX_WH
Józs 6:25	G2424	ιησους	N-PRI	LXX_WH
Józs 6:25	G2532	και	CONJ	LXX_WH
Józs 6:25	G2730	κατωκησεν	V-AAI-3S	ABP-potolt
Józs 6:25	G1722	εν	PREP	LXX_WH
Józs 6:25	G3588	τω	T-DSM	LXX_WH
Józs 6:25	G2474	ισραηλ	N-PRI	LXX_WH
Józs 6:25	G2193	εως	PREP	LXX_WH
Józs 6:25	G3588	της	T-GSF	LXX_WH
Józs 6:25	G4594	σημερον	ADV	LXX_WH
Józs 6:25	G2250	ημερας	N-GSF	LXX_WH
Józs 6:25	G1360	διοτι	CONJ	LXX_WH
Józs 6:25	G2928	εκρυψεν	V-AAI-3S	LXX_WH
Józs 6:25	G3588	τους	T-APM	LXX_WH
Józs 6:25	G2684	κατασκοπευσαντας	V-AAPAP	ABP-potolt
Józs 6:25	G3739	ους	R-APM	LXX_WH
Józs 6:25	G0649	απεστειλεν	V-AAI-3S	LXX_WH
Józs 6:25	G2424	ιησους	N-PRI	LXX_WH
Józs 6:25		κατασκοπευσαι	V-AAN	ELTERO_SZOVEGALAP
Józs 6:25	G3588	την	T-ASF	LXX_WH
Józs 6:25	G2410	ιεριχω	N-PRI	LXX_WH
Józs 6:26	G2532	και	CONJ	LXX_WH
Józs 6:26	G3726	ωρκισεν	V-AAI-3S	LXX_WH
Józs 6:26	G2424	ιησους	N-PRI	LXX_WH
Józs 6:26	G1722	εν	PREP	LXX_WH
Józs 6:26	G3588	τη	T-DSF	LXX_WH
Józs 6:26	G2250	ημερα	N-DSF	LXX_WH
Józs 6:26	G1565	εκεινη	D-DSF	LXX_WH
Józs 6:26	G1726	εναντιον	PREP	LXX_WH
Józs 6:26	G2962	κυριου	N-GSM	LXX_WH
Józs 6:26	G3004	λεγων	V-PAPNS	LXX_WH
Józs 6:26	G1944	επικαταρατος	A-NSM	LXX_WH
Józs 6:26	G3588	ο	T-NSM	LXX_WH
Józs 6:26	G0444	ανθρωπος	N-NSM	LXX_WH
Józs 6:26	G3739	ος	R-NSM	LXX_WH
Józs 6:26	G3618	οικοδομησει	V-FAI-3S	LXX_WH
Józs 6:26	G3588	την	T-ASF	LXX_WH
Józs 6:26	G4172	πολιν	N-ASF	LXX_WH
Józs 6:26	G1565	εκεινην	D-ASF	LXX_WH
Józs 6:26	G1722	εν	PREP	LXX_WH
Józs 6:26	G3588	τω	T-DSM	LXX_WH
Józs 6:26	G4416	πρωτοτοκω	A-DSM	LXX_WH
Józs 6:26	G0846	αυτου	D-GSM	LXX_WH
Józs 6:26	G2311	θεμελιωσει	V-FAI-3S	LXX_WH
Józs 6:26	G0846	αυτην	D-ASF	LXX_WH
Józs 6:26	G2532	και	CONJ	LXX_WH
Józs 6:26	G1722	εν	PREP	LXX_WH
Józs 6:26	G3588	τω	T-DSM	LXX_WH
Józs 6:26		ελαχιστω	A-DSMS	ELTERO_SZOVEGALAP
Józs 6:26	G0846	αυτου	D-GSM	LXX_WH
Józs 6:26		επιστησει	V-FAI-3S	ELTERO_SZOVEGALAP
Józs 6:26	G3588	τας	T-APF	LXX_WH
Józs 6:26	G4439	πυλας	N-APF	LXX_WH
Józs 6:26	G0846	αυτης	D-GSF	LXX_WH
Józs 6:26	G2532	και	CONJ	LXX_WH
Józs 6:26	G3778	ουτως	ADV	LXX_WH
Józs 6:26	G4160	εποιησεν	V-AAI-3S	LXX_WH
Józs 6:26		οζαν	N-PRI	ELTERO_SZOVEGALAP
Józs 6:26	G3588	ο	T-NSM	LXX_WH
Józs 6:26	G1537	εκ	PREP	LXX_WH
Józs 6:26		βαιθηλ	N-PRI	ELTERO_SZOVEGALAP
Józs 6:26	G1722	εν	PREP	LXX_WH
Józs 6:26	G3588	τω	T-DSM	LXX_WH
Józs 6:26		αβιρων	N-PRI	
Józs 6:26	G3588	τω	T-DSM	LXX_WH
Józs 6:26	G4416	πρωτοτοκω	A-DSM	LXX_WH
Józs 6:26	G2311	εθεμελιωσεν	V-AAI-3S	LXX_WH
Józs 6:26	G0846	αυτην	D-ASF	LXX_WH
Józs 6:26	G2532	και	CONJ	LXX_WH
Józs 6:26	G1722	εν	PREP	LXX_WH
Józs 6:26	G3588	τω	T-DSM	LXX_WH
Józs 6:26		ελαχιστω	A-DSMS	ELTERO_SZOVEGALAP
Józs 6:26	G1295	διασωθεντι	V-APPDS	LXX_WH
Józs 6:26		επεστησεν	V-AAI-3S	ELTERO_SZOVEGALAP
Józs 6:26	G3588	τας	T-APF	LXX_WH
Józs 6:26	G4439	πυλας	N-APF	LXX_WH
Józs 6:26	G0846	αυτης	D-GSF	LXX_WH
Józs 6:27	G2532	και	CONJ	LXX_WH
Józs 6:27	G1510	ην	V-IAI-3S	LXX_WH
Józs 6:27	G2962	κυριος	N-NSM	LXX_WH
Józs 6:27	G3326	μετα	PREP	LXX_WH
Józs 6:27	G2424	ιησου	N-PRI	LXX_WH
Józs 6:27	G2532	και	CONJ	LXX_WH
Józs 6:27	G1510	ην	V-IAI-3S	LXX_WH
Józs 6:27	G3588	το	T-NSN	LXX_WH
Józs 6:27	G3686	ονομα	N-NSN	LXX_WH
Józs 6:27	G0846	αυτου	D-GSM	LXX_WH
Józs 6:27	G2596	κατα	PREP	LXX_WH
Józs 6:27	G3956	πασαν	A-ASF	LXX_WH
Józs 6:27	G3588	την	T-ASF	LXX_WH
Józs 6:27	G1065	γην	N-ASF	LXX_WH
Józs 7:1	G2532	και	CONJ	LXX_WH
Józs 7:1	G4131	επλημμελησαν	V-AAI-3P	ABP-potolt
Józs 7:1	G3588	οι	T-NPM	LXX_WH
Józs 7:1	G5207	υιοι	N-NPM	LXX_WH
Józs 7:1	G2474	ισραηλ	N-PRI	LXX_WH
Józs 7:1		πλημμελειαν	N-ASF	ELTERO_SZOVEGALAP
Józs 7:1	G3173	μεγαλην	A-ASF	LXX_WH
Józs 7:1	G2532	και	CONJ	LXX_WH
Józs 7:1	G3557	ενοσφισαντο	V-AAI-3P	LXX_WH
Józs 7:1	G0575	απο	PREP	LXX_WH
Józs 7:1	G3588	του	T-GSN	LXX_WH
Józs 7:1	G0331	αναθεματος	N-GSN	LXX_WH
Józs 7:1	G2532	και	CONJ	LXX_WH
Józs 7:1	G2983	ελαβεν	V-AAI-3S	LXX_WH
Józs 7:1		αχαρ	N-PRI	
Józs 7:1	G5207	υιος	N-NSM	LXX_WH
Józs 7:1	G5207	χαρμι	N-PRI	ABP-potolt
Józs 7:1	G5207	υιου	N-GSM	LXX_WH
Józs 7:1	G5207	ζαμβρι	N-PRI	ABP-potolt
Józs 7:1	G5207	υιου	N-GSM	LXX_WH
Józs 7:1	G2196	ζαρα	N-PRI	LXX_WH
Józs 7:1	G1537	εκ	PREP	LXX_WH
Józs 7:1	G3588	της	T-GSF	LXX_WH
Józs 7:1	G5443	φυλης	N-GSF	LXX_WH
Józs 7:1	G2448	ιουδα	N-PRI	LXX_WH
Józs 7:1	G0575	απο	PREP	LXX_WH
Józs 7:1	G3588	του	T-GSN	LXX_WH
Józs 7:1	G0331	αναθεματος	N-GSN	LXX_WH
Józs 7:1	G2532	και	CONJ	LXX_WH
Józs 7:1	G2373	εθυμωθη	V-API-3S	LXX_WH
Józs 7:1	G3709	οργη	N-DSF	LXX_WH
Józs 7:1	G2962	κυριος	N-NSM	LXX_WH
Józs 7:1	G3588	τοις	T-DPM	LXX_WH
Józs 7:1	G5207	υιοις	N-DPM	LXX_WH
Józs 7:1	G2474	ισραηλ	N-PRI	LXX_WH
Józs 7:2	G2532	και	CONJ	LXX_WH
Józs 7:2	G0649	απεστειλεν	V-AAI-3S	LXX_WH
Józs 7:2	G2424	ιησους	N-PRI	LXX_WH
Józs 7:2	G0435	ανδρας	N-APM	LXX_WH
Józs 7:2	G1519	εις	PREP	LXX_WH
Józs 7:2		γαι	N-PRI	ELTERO_SZOVEGALAP
Józs 7:2	G3739	η	R-NSF	LXX_WH
Józs 7:2	G1510	εστιν	V-PAI-3S	LXX_WH
Józs 7:2	G2596	κατα	PREP	LXX_WH
Józs 7:2		βαιθηλ	N-PRI	ELTERO_SZOVEGALAP
Józs 7:2	G3004	λεγων	V-PAPNS	LXX_WH
Józs 7:2		κατασκεψασθε	V-AMD-2P	ELTERO_SZOVEGALAP
Józs 7:2	G3588	την	T-ASF	LXX_WH
Józs 7:2		γαι	N-PRI	
Józs 7:2	G2532	και	CONJ	LXX_WH
Józs 7:2	G0305	ανεβησαν	V-AAI-3P	LXX_WH
Józs 7:2	G3588	οι	T-NPM	LXX_WH
Józs 7:2	G0435	ανδρες	N-NPM	LXX_WH
Józs 7:2	G2532	και	CONJ	LXX_WH
Józs 7:2		κατεσκεψαντο	V-AMI-3P	
Józs 7:2	G3588	την	T-ASF	LXX_WH
Józs 7:2		γαι	N-PRI	ELTERO_SZOVEGALAP
Józs 7:3	G2532	και	CONJ	LXX_WH
Józs 7:3	G0390	ανεστρεψαν	V-AAI-3P	LXX_WH
Józs 7:3	G4314	προς	PREP	LXX_WH
Józs 7:3	G2424	ιησουν	N-PRI	LXX_WH
Józs 7:3	G2532	και	CONJ	LXX_WH
Józs 7:3		ειπαν	V-AAI-3P	
Józs 7:3	G4314	προς	PREP	LXX_WH
Józs 7:3	G0846	αυτον	D-ASM	LXX_WH
Józs 7:3	G3165	μη	ADV	LXX_WH
Józs 7:3	G0305	αναβητω	V-AAD-3S	LXX_WH
Józs 7:3	G3956	πας	A-NSM	LXX_WH
Józs 7:3	G3588	ο	T-NSM	LXX_WH
Józs 7:3	G2992	λαος	N-NSM	LXX_WH
Józs 7:3	G0235	αλλ	CONJ	LXX_WH
Józs 7:3	G3739	ως	CONJ	LXX_WH
Józs 7:3	G1367	δισχιλιοι	A-NPM	LXX_WH
Józs 7:3	G2228	η	CONJ	LXX_WH
Józs 7:3	G5153	τρισχιλιοι	A-NPM	LXX_WH
Józs 7:3	G0435	ανδρες	N-NPM	LXX_WH
Józs 7:3	G0305	αναβητωσαν	V-AAD-3P	LXX_WH
Józs 7:3	G2532	και	CONJ	LXX_WH
Józs 7:3	G1606	εκπολιορκησατωσαν	V-AAD-3P	ABP-potolt
Józs 7:3	G3588	την	T-ASF	LXX_WH
Józs 7:3	G4172	πολιν	N-ASF	LXX_WH
Józs 7:3	G3165	μη	ADV	LXX_WH
Józs 7:3	G0321	αναγαγης	V-AAS-2S	LXX_WH
Józs 7:3	G1563	εκει	ADV	LXX_WH
Józs 7:3	G3588	τον	T-ASM	LXX_WH
Józs 7:3	G2992	λαον	N-ASM	LXX_WH
Józs 7:3	G3956	παντα	A-ASM	LXX_WH
Józs 7:3	G3641	ολιγοι	A-NPM	LXX_WH
Józs 7:3	G1063	γαρ	PRT	LXX_WH
Józs 7:3	G1510	εισιν	V-PAI-3P	LXX_WH
Józs 7:4	G2532	και	CONJ	LXX_WH
Józs 7:4	G0305	ανεβησαν	V-AAI-3P	LXX_WH
Józs 7:4	G5616	ωσει	ADV	LXX_WH
Józs 7:4	G5153	τρισχιλιοι	A-NPM	LXX_WH
Józs 7:4	G0435	ανδρες	N-NPM	LXX_WH
Józs 7:4	G2532	και	CONJ	LXX_WH
Józs 7:4	G5343	εφυγον	V-AAI-3P	LXX_WH
Józs 7:4	G0575	απο	PREP	LXX_WH
Józs 7:4	G4383	προσωπου	N-GSN	LXX_WH
Józs 7:4	G3588	των	T-GPM	LXX_WH
Józs 7:4	G0435	ανδρων	N-GPM	LXX_WH
Józs 7:4		γαι	N-PRI	ELTERO_SZOVEGALAP
Józs 7:5	G2532	και	CONJ	LXX_WH
Józs 7:5	G0615	απεκτειναν	V-AAI-3P	LXX_WH
Józs 7:5	G0575	απ	PREP	LXX_WH
Józs 7:5	G0846	αυτων	D-GPM	LXX_WH
Józs 7:5	G0435	ανδρες	N-NPM	LXX_WH
Józs 7:5		γαι	N-PRI	ELTERO_SZOVEGALAP
Józs 7:5	G1519	εις	PREP	LXX_WH
Józs 7:5	G5144	τριακοντα	N-NUI	LXX_WH
Józs 7:5	G2532	και	CONJ	LXX_WH
Józs 7:5	G1803	εξ	N-NUI	LXX_WH
Józs 7:5	G0435	ανδρας	N-APM	LXX_WH
Józs 7:5	G2532	και	CONJ	LXX_WH
Józs 7:5	G2614	κατεδιωξαν	V-AAI-3P	LXX_WH
Józs 7:5	G0846	αυτους	D-APM	LXX_WH
Józs 7:5	G0575	απο	PREP	LXX_WH
Józs 7:5	G3588	της	T-GSF	LXX_WH
Józs 7:5	G4439	πυλης	N-GSF	LXX_WH
Józs 7:5	G2532	και	CONJ	LXX_WH
Józs 7:5	G4937	συνετριψαν	V-AAI-3P	LXX_WH
Józs 7:5	G0846	αυτους	D-APM	LXX_WH
Józs 7:5	G1909	επι	PREP	LXX_WH
Józs 7:5	G3588	του	T-GSN	LXX_WH
Józs 7:5		καταφερους	A-GSN	
Józs 7:5	G2532	και	CONJ	LXX_WH
Józs 7:5	G4422	επτοηθη	V-API-3S	LXX_WH
Józs 7:5	G3588	η	T-NSF	LXX_WH
Józs 7:5	G2588	καρδια	N-NSF	LXX_WH
Józs 7:5	G3588	του	T-GSM	LXX_WH
Józs 7:5	G2992	λαου	N-GSM	LXX_WH
Józs 7:5	G2532	και	CONJ	LXX_WH
Józs 7:5	G1096	εγενετο	V-AMI-3S	LXX_WH
Józs 7:5	G3746	ωσπερ	ADV	LXX_WH
Józs 7:5	G5204	υδωρ	N-NSN	LXX_WH
Józs 7:6	G2532	και	CONJ	LXX_WH
Józs 7:6		διερρηξεν	V-AAI-3S	ELTERO_SZOVEGALAP
Józs 7:6	G2424	ιησους	N-PRI	LXX_WH
Józs 7:6	G3588	τα	T-APN	LXX_WH
Józs 7:6	G2440	ιματια	N-APN	LXX_WH
Józs 7:6	G0846	αυτου	D-GSM	LXX_WH
Józs 7:6	G2532	και	CONJ	LXX_WH
Józs 7:6	G4098	επεσεν	V-AAI-3S	LXX_WH
Józs 7:6	G2424	ιησους	N-PRI	LXX_WH
Józs 7:6	G1909	επι	PREP	LXX_WH
Józs 7:6	G3588	την	T-ASF	LXX_WH
Józs 7:6	G1065	γην	N-ASF	LXX_WH
Józs 7:6	G1909	επι	PREP	LXX_WH
Józs 7:6	G4383	προσωπον	N-ASN	LXX_WH
Józs 7:6	G1726	εναντιον	PREP	LXX_WH
Józs 7:6	G2962	κυριου	N-GSM	LXX_WH
Józs 7:6	G2193	εως	PREP	LXX_WH
Józs 7:6	G2073	εσπερας	N-GSF	LXX_WH
Józs 7:6	G0846	αυτος	D-NSM	LXX_WH
Józs 7:6	G2532	και	CONJ	LXX_WH
Józs 7:6	G3588	οι	T-NPM	LXX_WH
Józs 7:6	G4245	πρεσβυτεροι	A-NPMC	LXX_WH
Józs 7:6	G2474	ισραηλ	N-PRI	LXX_WH
Józs 7:6	G2532	και	CONJ	LXX_WH
Józs 7:6	G1911	επεβαλοντο	V-AMI-3P	LXX_WH
Józs 7:6	G5522	χουν	N-ASM	ABP-potolt
Józs 7:6	G1909	επι	PREP	LXX_WH
Józs 7:6	G3588	τας	T-APF	LXX_WH
Józs 7:6	G2776	κεφαλας	N-APF	LXX_WH
Józs 7:6	G0846	αυτων	D-GPM	LXX_WH
Józs 7:7	G2532	και	CONJ	LXX_WH
Józs 7:7		ειπεν	V-AAI-3S	ELTERO_SZOVEGALAP
Józs 7:7	G2424	ιησους	N-PRI	LXX_WH
Józs 7:7	G1189	δεομαι	V-PMI-1S	LXX_WH
Józs 7:7	G2962	κυριε	N-VSM	LXX_WH
Józs 7:7	G2443	ινα	CONJ	LXX_WH
Józs 7:7	G5100	τι	I-ASN	LXX_WH
Józs 7:7		διεβιβασεν	V-AAI-3S	ELTERO_SZOVEGALAP
Józs 7:7	G3588	ο	T-NSM	LXX_WH
Józs 7:7	G3816	παις	N-NSM	LXX_WH
Józs 7:7	G4771	σου	P-GS	LXX_WH
Józs 7:7	G3588	τον	T-ASM	LXX_WH
Józs 7:7	G2992	λαον	N-ASM	LXX_WH
Józs 7:7	G3778	τουτον	D-ASM	LXX_WH
Józs 7:7	G3588	τον	T-ASM	LXX_WH
Józs 7:7	G2446	ιορδανην	N-ASM	LXX_WH
Józs 7:7	G3860	παραδουναι	V-AAN	LXX_WH
Józs 7:7	G0846	αυτον	D-ASM	LXX_WH
Józs 7:7	G3588	τω	T-DSM	LXX_WH
Józs 7:7		αμορραιω	N-DSM	
Józs 7:7		απολεσαι	V-AAN	
Józs 7:7	G1473	ημας	P-AP	LXX_WH
Józs 7:7	G2532	και	CONJ	LXX_WH
Józs 7:7	G1487	ει	CONJ	LXX_WH
Józs 7:7	G2650	κατεμειναμεν	V-AAI-1P	LXX_WH
Józs 7:7	G2532	και	CONJ	LXX_WH
Józs 7:7	G2733	κατωκισθημεν	V-API-1P	ABP-potolt
Józs 7:7	G3844	παρα	PREP	LXX_WH
Józs 7:7	G3588	τον	T-ASM	LXX_WH
Józs 7:7	G2446	ιορδανην	N-ASM	LXX_WH
Józs 7:8	G2532	και	CONJ	LXX_WH
Józs 7:8	G5100	τι	I-ASN	LXX_WH
Józs 7:8	G2046	ερω	V-FAI-1S	ABP-potolt
Józs 7:8	G1893	επει	CONJ	LXX_WH
Józs 7:8	G3328	μετεβαλεν	V-AAI-3S	LXX_WH
Józs 7:8	G2474	ισραηλ	N-PRI	LXX_WH
Józs 7:8		αυχενα	N-ASM	ELTERO_SZOVEGALAP
Józs 7:8		απεναντι	PREP	ELTERO_SZOVEGALAP
Józs 7:8	G3588	του	T-GSM	LXX_WH
Józs 7:8	G2190	εχθρου	N-GSM	LXX_WH
Józs 7:8	G0846	αυτου	D-GSM	LXX_WH
Józs 7:9	G2532	και	CONJ	LXX_WH
Józs 7:9	G0191	ακουσας	V-AAPNS	LXX_WH
Józs 7:9	G3588	ο	T-NSM	LXX_WH
Józs 7:9	G1093	χαναναιος	N-NSM	ABP-potolt
Józs 7:9	G2532	και	CONJ	LXX_WH
Józs 7:9	G3956	παντες	A-NPM	LXX_WH
Józs 7:9	G3588	οι	T-NPM	LXX_WH
Józs 7:9	G2730	κατοικουντες	V-PAPNP	ABP-potolt
Józs 7:9	G3588	την	T-ASF	LXX_WH
Józs 7:9	G1065	γην	N-ASF	LXX_WH
Józs 7:9	G4033	περικυκλωσουσιν	V-FAI-3P	LXX_WH
Józs 7:9	G1473	ημας	P-AP	LXX_WH
Józs 7:9	G2532	και	CONJ	LXX_WH
Józs 7:9	G1625	εκτριψουσιν	V-FAI-3P	ABP-potolt
Józs 7:9	G1473	ημας	P-AP	LXX_WH
Józs 7:9	G0575	απο	PREP	LXX_WH
Józs 7:9	G3588	της	T-GSF	LXX_WH
Józs 7:9	G1065	γης	N-GSF	LXX_WH
Józs 7:9	G2532	και	CONJ	LXX_WH
Józs 7:9	G5100	τι	I-ASN	LXX_WH
Józs 7:9	G4160	ποιησεις	V-FAI-2S	LXX_WH
Józs 7:9	G3588	το	T-ASN	LXX_WH
Józs 7:9	G3686	ονομα	N-ASN	LXX_WH
Józs 7:9	G4771	σου	P-GS	LXX_WH
Józs 7:9	G3588	το	T-ASN	LXX_WH
Józs 7:9	G3173	μεγα	A-ASN	LXX_WH
Józs 7:10	G2532	και	CONJ	LXX_WH
Józs 7:10		ειπεν	V-AAI-3S	ELTERO_SZOVEGALAP
Józs 7:10	G2962	κυριος	N-NSM	LXX_WH
Józs 7:10	G4314	προς	PREP	LXX_WH
Józs 7:10	G2424	ιησουν	N-PRI	LXX_WH
Józs 7:10	G0450	αναστηθι	V-AAD-2S	LXX_WH
Józs 7:10	G2443	ινα	CONJ	LXX_WH
Józs 7:10	G5100	τι	I-ASN	LXX_WH
Józs 7:10	G3778	τουτο	D-ASN	LXX_WH
Józs 7:10	G4771	συ	P-NS	LXX_WH
Józs 7:10	G4098	πεπτωκας	V-RAI-2S	LXX_WH
Józs 7:10	G1909	επι	PREP	LXX_WH
Józs 7:10	G4383	προσωπον	N-ASN	LXX_WH
Józs 7:10	G4771	σου	P-GS	LXX_WH
Józs 7:11	G0264	ημαρτηκεν	V-RAI-3S	LXX_WH
Józs 7:11	G3588	ο	T-NSM	LXX_WH
Józs 7:11	G2992	λαος	N-NSM	LXX_WH
Józs 7:11	G2532	και	CONJ	LXX_WH
Józs 7:11	G3845	παρεβη	V-AAI-3S	LXX_WH
Józs 7:11	G3588	την	T-ASF	LXX_WH
Józs 7:11	G1242	διαθηκην	N-ASF	LXX_WH
Józs 7:11	G3739	ην	R-ASF	LXX_WH
Józs 7:11	G1303	διεθεμην	V-AMI-1S	ABP-potolt
Józs 7:11	G4314	προς	PREP	LXX_WH
Józs 7:11	G0846	αυτους	D-APM	LXX_WH
Józs 7:11	G2532	και	CONJ	LXX_WH
Józs 7:11	G2813	κλεψαντες	V-AAPNP	LXX_WH
Józs 7:11	G0575	απο	PREP	LXX_WH
Józs 7:11	G3588	του	T-GSN	LXX_WH
Józs 7:11	G0331	αναθεματος	N-GSN	LXX_WH
Józs 7:11	G1685	ενεβαλον	V-AAI-3P	LXX_WH
Józs 7:11	G1519	εις	PREP	LXX_WH
Józs 7:11	G3588	τα	T-APN	LXX_WH
Józs 7:11	G4632	σκευη	N-APN	LXX_WH
Józs 7:11	G0846	αυτων	D-GPM	LXX_WH
Józs 7:12	G3364	ου	ADV	LXX_WH
Józs 7:12	G3165	μη	ADV	LXX_WH
Józs 7:12	G1410	δυνωνται	V-PMS-3P	LXX_WH
Józs 7:12	G3588	οι	T-NPM	LXX_WH
Józs 7:12	G5207	υιοι	N-NPM	LXX_WH
Józs 7:12	G2474	ισραηλ	N-PRI	LXX_WH
Józs 7:12		υποστηναι	V-AAN	ELTERO_SZOVEGALAP
Józs 7:12	G2596	κατα	PREP	LXX_WH
Józs 7:12	G4383	προσωπον	N-ASN	LXX_WH
Józs 7:12	G3588	των	T-GPM	LXX_WH
Józs 7:12	G2190	εχθρων	N-GPM	LXX_WH
Józs 7:12	G0846	αυτων	D-GPM	LXX_WH
Józs 7:12		αυχενα	N-ASM	ELTERO_SZOVEGALAP
Józs 7:12	G1994	επιστρεψουσιν	V-FAI-3P	LXX_WH
Józs 7:12	G1725	εναντι	PREP	LXX_WH
Józs 7:12	G3588	των	T-GPM	LXX_WH
Józs 7:12	G2190	εχθρων	N-GPM	LXX_WH
Józs 7:12	G0846	αυτων	D-GPM	LXX_WH
Józs 7:12	G3754	οτι	CONJ	LXX_WH
Józs 7:12	G1096	εγενηθησαν	V-API-3P	LXX_WH
Józs 7:12	G0331	αναθεμα	N-NSN	LXX_WH
Józs 7:12	G3364	ου	ADV	LXX_WH
Józs 7:12	G4369	προσθησω	V-FAI-1S	LXX_WH
Józs 7:12	G2089	ετι	ADV	LXX_WH
Józs 7:12	G1510	ειναι	V-PAN	LXX_WH
Józs 7:12	G3326	μεθ	PREP	LXX_WH
Józs 7:12	G4771	υμων	P-GP	LXX_WH
Józs 7:12	G1437	εαν	CONJ	LXX_WH
Józs 7:12	G3165	μη	ADV	LXX_WH
Józs 7:12	G1808	εξαρητε	V-AAS-2P	LXX_WH
Józs 7:12	G3588	το	T-ASN	LXX_WH
Józs 7:12	G0331	αναθεμα	N-ASN	LXX_WH
Józs 7:12	G1537	εξ	PREP	LXX_WH
Józs 7:12	G4771	υμων	P-GP	LXX_WH
Józs 7:12	G0846	αυτων	D-GPM	LXX_WH
Józs 7:13	G0450	αναστας	V-AAPNS	LXX_WH
Józs 7:13	G0037	αγιασον	V-AAD-2S	LXX_WH
Józs 7:13	G3588	τον	T-ASM	LXX_WH
Józs 7:13	G2992	λαον	N-ASM	LXX_WH
Józs 7:13	G2532	και	CONJ	LXX_WH
Józs 7:13		ειπον	V-AAD-2S	ELTERO_SZOVEGALAP
Józs 7:13	G0037	αγιασθηναι	V-APN	LXX_WH
Józs 7:13	G1519	εις	PREP	LXX_WH
Józs 7:13	G0839	αυριον	ADV	LXX_WH
Józs 7:13	G3592	ταδε	D-APN	LXX_WH
Józs 7:13	G3004	λεγει	V-PAI-3S	LXX_WH
Józs 7:13	G2962	κυριος	N-NSM	LXX_WH
Józs 7:13	G3588	ο	T-NSM	LXX_WH
Józs 7:13	G2316	θεος	N-NSM	LXX_WH
Józs 7:13	G2474	ισραηλ	N-PRI	LXX_WH
Józs 7:13	G3588	το	T-NSN	LXX_WH
Józs 7:13	G0331	αναθεμα	N-NSN	LXX_WH
Józs 7:13	G1722	εν	PREP	LXX_WH
Józs 7:13	G4771	υμιν	P-DP	LXX_WH
Józs 7:13	G1510	εστιν	V-PAI-3S	LXX_WH
Józs 7:13	G3364	ου	ADV	LXX_WH
Józs 7:13	G1410	δυνησεσθε	V-FMI-2P	LXX_WH
Józs 7:13		αντιστηναι	V-AAN	ELTERO_SZOVEGALAP
Józs 7:13		απεναντι	PREP	ELTERO_SZOVEGALAP
Józs 7:13	G3588	των	T-GPM	LXX_WH
Józs 7:13	G2190	εχθρων	N-GPM	LXX_WH
Józs 7:13	G4771	υμων	P-GP	LXX_WH
Józs 7:13	G2193	εως	CONJ	LXX_WH
Józs 7:13	G0302	αν	PRT	LXX_WH
Józs 7:13	G1808	εξαρητε	V-AAS-2P	LXX_WH
Józs 7:13	G3588	το	T-ASN	LXX_WH
Józs 7:13	G0331	αναθεμα	N-ASN	LXX_WH
Józs 7:13	G1537	εξ	PREP	LXX_WH
Józs 7:13	G4771	υμων	P-GP	LXX_WH
Józs 7:14	G2532	και	CONJ	LXX_WH
Józs 7:14	G4863	συναχθησεσθε	V-FPI-2P	LXX_WH
Józs 7:14	G3956	παντες	A-NPM	LXX_WH
Józs 7:14	G3588	το	T-ASN	LXX_WH
Józs 7:14	G4404	πρωι	ADV	LXX_WH
Józs 7:14	G2596	κατα	PREP	LXX_WH
Józs 7:14	G5443	φυλας	N-APF	LXX_WH
Józs 7:14	G2532	και	CONJ	LXX_WH
Józs 7:14	G1510	εσται	V-FMI-3S	LXX_WH
Józs 7:14	G3588	η	T-NSF	LXX_WH
Józs 7:14	G5443	φυλη	N-NSF	LXX_WH
Józs 7:14	G3739	ην	R-ASF	LXX_WH
Józs 7:14	G0302	αν	PRT	LXX_WH
Józs 7:14	G1166	δειξη	V-AAS-3S	LXX_WH
Józs 7:14	G2962	κυριος	N-NSM	LXX_WH
Józs 7:14	G4317	προσαξετε	V-FAI-2P	LXX_WH
Józs 7:14	G2596	κατα	PREP	LXX_WH
Józs 7:14	G1218	δημους	N-APM	LXX_WH
Józs 7:14	G2532	και	CONJ	LXX_WH
Józs 7:14	G3588	τον	T-ASM	LXX_WH
Józs 7:14	G1218	δημον	N-ASM	LXX_WH
Józs 7:14	G3739	ον	R-ASM	LXX_WH
Józs 7:14	G1437	εαν	CONJ	LXX_WH
Józs 7:14	G1166	δειξη	V-AAS-3S	LXX_WH
Józs 7:14	G2962	κυριος	N-NSM	LXX_WH
Józs 7:14	G4317	προσαξετε	V-FAI-2P	LXX_WH
Józs 7:14	G2596	κατ	PREP	LXX_WH
Józs 7:14	G3624	οικον	N-ASM	LXX_WH
Józs 7:14	G2532	και	CONJ	LXX_WH
Józs 7:14	G3588	τον	T-ASM	LXX_WH
Józs 7:14	G3624	οικον	N-ASM	LXX_WH
Józs 7:14	G3739	ον	R-ASM	LXX_WH
Józs 7:14	G1437	εαν	CONJ	LXX_WH
Józs 7:14	G1166	δειξη	V-AAS-3S	LXX_WH
Józs 7:14	G2962	κυριος	N-NSM	LXX_WH
Józs 7:14	G4317	προσαξετε	V-FAI-2P	LXX_WH
Józs 7:14	G2596	κατ	PREP	LXX_WH
Józs 7:14	G0435	ανδρα	N-ASM	LXX_WH
Józs 7:15	G2532	και	CONJ	LXX_WH
Józs 7:15	G3739	ος	R-NSM	LXX_WH
Józs 7:15	G0302	αν	PRT	LXX_WH
Józs 7:15		ενδειχθη	V-APS-3S	ELTERO_SZOVEGALAP
Józs 7:15	G2618	κατακαυθησεται	V-FPI-3S	LXX_WH
Józs 7:15	G1722	εν	PREP	LXX_WH
Józs 7:15	G4442	πυρι	N-DSN	LXX_WH
Józs 7:15	G2532	και	CONJ	LXX_WH
Józs 7:15	G3956	παντα	A-NPN	LXX_WH
Józs 7:15	G3745	οσα	A-NPN	LXX_WH
Józs 7:15	G1510	εστιν	V-PAI-3S	LXX_WH
Józs 7:15	G0846	αυτω	D-DSM	LXX_WH
Józs 7:15	G3754	οτι	CONJ	LXX_WH
Józs 7:15	G3845	παρεβη	V-AAI-3S	LXX_WH
Józs 7:15	G3588	την	T-ASF	LXX_WH
Józs 7:15	G1242	διαθηκην	N-ASF	LXX_WH
Józs 7:15	G2962	κυριου	N-GSM	LXX_WH
Józs 7:15	G2532	και	CONJ	LXX_WH
Józs 7:15	G4160	εποιησεν	V-AAI-3S	LXX_WH
Józs 7:15	G0457	ανομημα	N-ASN	ABP-potolt
Józs 7:15	G1722	εν	PREP	LXX_WH
Józs 7:15	G2474	ισραηλ	N-PRI	LXX_WH
Józs 7:16	G2532	και	CONJ	LXX_WH
Józs 7:16	G3719	ωρθρισεν	V-AAI-3S	LXX_WH
Józs 7:16	G2424	ιησους	N-PRI	LXX_WH
Józs 7:16	G2532	και	CONJ	LXX_WH
Józs 7:16	G4317	προσηγαγεν	V-AAI-3S	LXX_WH
Józs 7:16	G3588	τον	T-ASM	LXX_WH
Józs 7:16	G2992	λαον	N-ASM	LXX_WH
Józs 7:16	G2596	κατα	PREP	LXX_WH
Józs 7:16	G5443	φυλας	N-APF	LXX_WH
Józs 7:16	G2532	και	CONJ	LXX_WH
Józs 7:16		ενεδειχθη	V-API-3S	
Józs 7:16	G3588	η	T-NSF	LXX_WH
Józs 7:16	G5443	φυλη	N-NSF	LXX_WH
Józs 7:16	G2448	ιουδα	N-PRI	LXX_WH
Józs 7:17	G2532	και	CONJ	LXX_WH
Józs 7:17	G4317	προσηχθη	V-API-3S	LXX_WH
Józs 7:17	G2596	κατα	PREP	LXX_WH
Józs 7:17	G1218	δημους	N-APM	LXX_WH
Józs 7:17	G2532	και	CONJ	LXX_WH
Józs 7:17		ενεδειχθη	V-API-3S	
Józs 7:17	G1218	δημος	N-NSM	LXX_WH
Józs 7:17	G3588	ο	T-NSM	LXX_WH
Józs 7:17		ζαραι	N-PRI	ELTERO_SZOVEGALAP
Józs 7:17	G2532	και	CONJ	LXX_WH
Józs 7:17	G4317	προσηχθη	V-API-3S	LXX_WH
Józs 7:17	G2596	κατα	PREP	LXX_WH
Józs 7:17	G0435	ανδρα	N-ASM	LXX_WH
Józs 7:18	G2532	και	CONJ	LXX_WH
Józs 7:18	G0322	ενεδειχθη	V-API-3S	ABP-potolt
Józs 7:18	G0322	αχαρ	N-PRI	ABP-potolt
Józs 7:18	G5207	υιος	N-NSM	LXX_WH
Józs 7:18	G5207	ζαμβρι	N-PRI	ABP-potolt
Józs 7:18	G5207	υιου	N-GSM	LXX_WH
Józs 7:18	G2196	ζαρα	N-PRI	LXX_WH
Józs 7:19	G2532	και	CONJ	LXX_WH
Józs 7:19		ειπεν	V-AAI-3S	ELTERO_SZOVEGALAP
Józs 7:19	G2424	ιησους	N-PRI	LXX_WH
Józs 7:19	G3588	τω	T-DSM	LXX_WH
Józs 7:19		αχαρ	N-PRI	ELTERO_SZOVEGALAP
Józs 7:19	G1325	δος	V-AAD-2S	LXX_WH
Józs 7:19	G1391	δοξαν	N-ASF	LXX_WH
Józs 7:19	G4594	σημερον	ADV	LXX_WH
Józs 7:19	G3588	τω	T-DSM	LXX_WH
Józs 7:19	G2962	κυριω	N-DSM	LXX_WH
Józs 7:19	G2316	θεω	N-DSM	LXX_WH
Józs 7:19	G2474	ισραηλ	N-PRI	LXX_WH
Józs 7:19	G2532	και	CONJ	LXX_WH
Józs 7:19	G1325	δος	V-AAD-2S	LXX_WH
Józs 7:19	G3588	την	T-ASF	LXX_WH
Józs 7:19	G1843	εξομολογησιν	N-ASF	ABP-potolt
Józs 7:19	G2532	και	CONJ	LXX_WH
Józs 7:19	G0312	αναγγειλον	V-AAD-2S	LXX_WH
Józs 7:19	G1473	μοι	P-DS	LXX_WH
Józs 7:19	G5100	τι	I-ASN	LXX_WH
Józs 7:19	G4160	εποιησας	V-AAI-2S	LXX_WH
Józs 7:19	G2532	και	CONJ	LXX_WH
Józs 7:19	G3165	μη	ADV	LXX_WH
Józs 7:19	G2928	κρυψης	V-AAS-2S	LXX_WH
Józs 7:19	G0575	απ	PREP	LXX_WH
Józs 7:19	G1473	εμου	P-GS	LXX_WH
Józs 7:20	G2532	και	CONJ	LXX_WH
Józs 7:20		απεκριθη	V-API-3S	ELTERO_SZOVEGALAP
Józs 7:20		αχαρ	N-PRI	ELTERO_SZOVEGALAP
Józs 7:20	G3588	τω	T-DSM	LXX_WH
Józs 7:20	G2424	ιησοι	N-PRI	LXX_WH
Józs 7:20	G2532	και	CONJ	LXX_WH
Józs 7:20	G2036	ειπεν	V-AAI-3S	ABP-potolt
Józs 7:20	G0230	αληθως	ADV	LXX_WH
Józs 7:20	G0264	ημαρτον	V-AAI-1S	LXX_WH
Józs 7:20	G1726	εναντιον	PREP	LXX_WH
Józs 7:20	G2962	κυριου	N-GSM	LXX_WH
Józs 7:20	G2316	θεου	N-GSM	LXX_WH
Józs 7:20	G2474	ισραηλ	N-PRI	LXX_WH
Józs 7:20	G3778	ουτως	ADV	LXX_WH
Józs 7:20	G2532	και	CONJ	LXX_WH
Józs 7:20	G3778	ουτως	ADV	LXX_WH
Józs 7:20	G4160	εποιησα	V-AAI-1S	LXX_WH
Józs 7:21	G3708	ειδον	V-AAI-1S	LXX_WH
Józs 7:21	G1722	εν	PREP	LXX_WH
Józs 7:21	G3588	τη	T-DSF	LXX_WH
Józs 7:21		προνομη	N-DSF	ELTERO_SZOVEGALAP
Józs 7:21		ψιλην	A-ASF	ELTERO_SZOVEGALAP
Józs 7:21	G4164	ποικιλην	A-ASF	LXX_WH
Józs 7:21	G2570	καλην	A-ASF	LXX_WH
Józs 7:21	G2532	και	CONJ	LXX_WH
Józs 7:21	G1250	διακοσια	A-APN	LXX_WH
Józs 7:21	G1323	διδραχμα	N-APN	ABP-potolt
Józs 7:21	G0694	αργυριου	N-GSN	LXX_WH
Józs 7:21	G2532	και	CONJ	LXX_WH
Józs 7:21	G1100	γλωσσαν	N-ASF	LXX_WH
Józs 7:21	G1519	μιαν	A-ASF	LXX_WH
Józs 7:21		χρυσην	A-ASF	ELTERO_SZOVEGALAP
Józs 7:21	G4004	πεντηκοντα	N-NUI	LXX_WH
Józs 7:21		διδραχμων	N-GPN	ELTERO_SZOVEGALAP
Józs 7:21	G2532	και	CONJ	LXX_WH
Józs 7:21	G1760	ενθυμηθεις	V-APPNS	LXX_WH
Józs 7:21	G0846	αυτων	D-GPN	LXX_WH
Józs 7:21	G2983	ελαβον	V-AAI-1S	LXX_WH
Józs 7:21	G2532	και	CONJ	LXX_WH
Józs 7:21	G2400	ιδου	INJ	LXX_WH
Józs 7:21	G0846	αυτα	D-NPN	LXX_WH
Józs 7:21		εγκεκρυπται	V-RPI-3S	ELTERO_SZOVEGALAP
Józs 7:21	G1722	εν	PREP	LXX_WH
Józs 7:21	G3588	τη	T-DSF	LXX_WH
Józs 7:21	G1065	γη	N-DSF	LXX_WH
Józs 7:21	G1722	εν	PREP	LXX_WH
Józs 7:21	G3588	τη	T-DSF	LXX_WH
Józs 7:21	G4633	σκηνη	N-DSF	LXX_WH
Józs 7:21	G1473	μου	P-GS	LXX_WH
Józs 7:21	G2532	και	CONJ	LXX_WH
Józs 7:21	G3588	το	T-NSN	LXX_WH
Józs 7:21	G0694	αργυριον	N-NSN	LXX_WH
Józs 7:21	G2928	κεκρυπται	V-RPI-3S	LXX_WH
Józs 7:21	G5270	υποκατω	PREP	LXX_WH
Józs 7:21	G0846	αυτων	D-GPN	LXX_WH
Józs 7:22	G2532	και	CONJ	LXX_WH
Józs 7:22	G0649	απεστειλεν	V-AAI-3S	LXX_WH
Józs 7:22	G2424	ιησους	N-PRI	LXX_WH
Józs 7:22	G0032	αγγελους	N-APM	LXX_WH
Józs 7:22	G2532	και	CONJ	LXX_WH
Józs 7:22	G5143	εδραμον	V-AAI-3P	LXX_WH
Józs 7:22	G1519	εις	PREP	LXX_WH
Józs 7:22	G3588	την	T-ASF	LXX_WH
Józs 7:22	G4633	σκηνην	N-ASF	LXX_WH
Józs 7:22	G1519	εις	PREP	LXX_WH
Józs 7:22	G3588	την	T-ASF	LXX_WH
Józs 7:22		παρεμβολην	N-ASF	
Józs 7:22	G2532	και	CONJ	LXX_WH
Józs 7:22	G3778	ταυτα	D-NPN	LXX_WH
Józs 7:22	G1510	ην	V-IAI-3S	LXX_WH
Józs 7:22	G2928	εγκεκρυμμενα	V-RPPNP	ABP-potolt
Józs 7:22	G1519	εις	PREP	LXX_WH
Józs 7:22	G3588	την	T-ASF	LXX_WH
Józs 7:22	G4633	σκηνην	N-ASF	LXX_WH
Józs 7:22	G2532	και	CONJ	LXX_WH
Józs 7:22	G3588	το	T-NSN	LXX_WH
Józs 7:22	G0694	αργυριον	N-NSN	LXX_WH
Józs 7:22	G5270	υποκατω	PREP	LXX_WH
Józs 7:22	G0846	αυτων	D-GPN	LXX_WH
Józs 7:23	G2532	και	CONJ	LXX_WH
Józs 7:23	G1627	εξηνεγκαν	V-AAI-3P	LXX_WH
Józs 7:23	G0846	αυτα	D-APN	LXX_WH
Józs 7:23	G1537	εκ	PREP	LXX_WH
Józs 7:23	G3588	της	T-GSF	LXX_WH
Józs 7:23	G4633	σκηνης	N-GSF	LXX_WH
Józs 7:23	G2532	και	CONJ	LXX_WH
Józs 7:23	G5342	ηνεγκαν	V-AAI-3P	LXX_WH
Józs 7:23	G4314	προς	PREP	LXX_WH
Józs 7:23	G2424	ιησουν	N-PRI	LXX_WH
Józs 7:23	G2532	και	CONJ	LXX_WH
Józs 7:23	G3588	τους	T-APM	LXX_WH
Józs 7:23	G4245	πρεσβυτερους	A-APMC	LXX_WH
Józs 7:23	G2474	ισραηλ	N-PRI	LXX_WH
Józs 7:23	G2532	και	CONJ	LXX_WH
Józs 7:23	G5087	εθηκαν	V-AAI-3P	LXX_WH
Józs 7:23	G0846	αυτα	D-APN	LXX_WH
Józs 7:23	G1725	εναντι	PREP	LXX_WH
Józs 7:23	G2962	κυριου	N-GSM	LXX_WH
Józs 7:24	G2532	και	CONJ	LXX_WH
Józs 7:24	G2983	ελαβεν	V-AAI-3S	LXX_WH
Józs 7:24	G2424	ιησους	N-PRI	LXX_WH
Józs 7:24	G3588	τον	T-ASM	LXX_WH
Józs 7:24		αχαρ	N-PRI	ELTERO_SZOVEGALAP
Józs 7:24	G5207	υιον	N-ASM	LXX_WH
Józs 7:24	G2196	ζαρα	N-PRI	LXX_WH
Józs 7:24	G2532	και	CONJ	LXX_WH
Józs 7:24	G0321	ανηγαγεν	V-AAI-3S	LXX_WH
Józs 7:24	G0846	αυτον	D-ASM	LXX_WH
Józs 7:24	G1519	εις	PREP	LXX_WH
Józs 7:24	G5327	φαραγγα	N-ASF	LXX_WH
Józs 7:24		αχωρ	N-PRI	ELTERO_SZOVEGALAP
Józs 7:24	G2532	και	CONJ	LXX_WH
Józs 7:24	G3588	τους	T-APM	LXX_WH
Józs 7:24	G5207	υιους	N-APM	LXX_WH
Józs 7:24	G0846	αυτου	D-GSM	LXX_WH
Józs 7:24	G2532	και	CONJ	LXX_WH
Józs 7:24	G3588	τας	T-APF	LXX_WH
Józs 7:24	G2364	θυγατερας	N-APF	LXX_WH
Józs 7:24	G0846	αυτου	D-GSM	LXX_WH
Józs 7:24	G2532	και	CONJ	LXX_WH
Józs 7:24	G3588	τους	T-APM	LXX_WH
Józs 7:24	G3448	μοσχους	N-APM	LXX_WH
Józs 7:24	G0846	αυτου	D-GSM	LXX_WH
Józs 7:24	G2532	και	CONJ	LXX_WH
Józs 7:24	G3588	τα	T-APN	LXX_WH
Józs 7:24	G5268	υποζυγια	N-APN	LXX_WH
Józs 7:24	G0846	αυτου	D-GSM	LXX_WH
Józs 7:24	G2532	και	CONJ	LXX_WH
Józs 7:24	G3956	παντα	A-APN	LXX_WH
Józs 7:24	G3588	τα	T-APN	LXX_WH
Józs 7:24	G4263	προβατα	N-APN	LXX_WH
Józs 7:24	G0846	αυτου	D-GSM	LXX_WH
Józs 7:24	G2532	και	CONJ	LXX_WH
Józs 7:24	G3588	την	T-ASF	LXX_WH
Józs 7:24	G4633	σκηνην	N-ASF	LXX_WH
Józs 7:24	G0846	αυτου	D-GSM	LXX_WH
Józs 7:24	G2532	και	CONJ	LXX_WH
Józs 7:24	G3956	παντα	A-APN	LXX_WH
Józs 7:24	G3588	τα	T-APN	LXX_WH
Józs 7:24	G5225	υπαρχοντα	V-PAPAP	LXX_WH
Józs 7:24	G0846	αυτου	D-GSM	LXX_WH
Józs 7:24	G2532	και	CONJ	LXX_WH
Józs 7:24	G3956	πας	A-NSM	LXX_WH
Józs 7:24	G3588	ο	T-NSM	LXX_WH
Józs 7:24	G2992	λαος	N-NSM	LXX_WH
Józs 7:24	G3326	μετ	PREP	LXX_WH
Józs 7:24	G0846	αυτου	D-GSM	LXX_WH
Józs 7:24	G2532	και	CONJ	LXX_WH
Józs 7:24	G0321	ανηγαγεν	V-AAI-3S	LXX_WH
Józs 7:24	G0846	αυτους	D-APM	LXX_WH
Józs 7:24	G1519	εις	PREP	LXX_WH
Józs 7:24		εμεκαχωρ	N-PRI	ELTERO_SZOVEGALAP
Józs 7:25	G2532	και	CONJ	LXX_WH
Józs 7:25		ειπεν	V-AAI-3S	ELTERO_SZOVEGALAP
Józs 7:25	G2424	ιησους	N-PRI	LXX_WH
Józs 7:25	G3588	τω	T-DSM	LXX_WH
Józs 7:25		αχαρ	N-PRI	ELTERO_SZOVEGALAP
Józs 7:25	G5100	τι	I-ASN	LXX_WH
Józs 7:25	G3645	ωλεθρευσας	V-AAI-2S	ABP-potolt
Józs 7:25	G1473	ημας	P-AP	LXX_WH
Józs 7:25		εξολεθρευσαι	V-AAN	ELTERO_SZOVEGALAP
Józs 7:25	G4771	σε	P-AS	LXX_WH
Józs 7:25	G2962	κυριος	N-NSM	LXX_WH
Józs 7:25	G2505	καθα	ADV	LXX_WH
Józs 7:25	G2532	και	ADV	LXX_WH
Józs 7:25	G4594	σημερον	ADV	LXX_WH
Józs 7:25	G2532	και	CONJ	LXX_WH
Józs 7:25	G3036	ελιθοβολησαν	V-AAI-3P	LXX_WH
Józs 7:25	G0846	αυτον	D-ASM	LXX_WH
Józs 7:25	G3037	λιθοις	N-DPM	LXX_WH
Józs 7:25	G3956	πας	A-NSM	LXX_WH
Józs 7:25	G2474	ισραηλ	N-PRI	LXX_WH
Józs 7:26	G2532	και	CONJ	LXX_WH
Józs 7:26		επεστησαν	V-AAI-3P	ELTERO_SZOVEGALAP
Józs 7:26	G0846	αυτω	D-DSM	LXX_WH
Józs 7:26	G4673	σωρον	N-ASM	LXX_WH
Józs 7:26	G3037	λιθων	N-GPM	LXX_WH
Józs 7:26	G3173	μεγαν	A-ASM	LXX_WH
Józs 7:26	G2532	και	CONJ	LXX_WH
Józs 7:26	G3973	επαυσατο	V-AMI-3S	LXX_WH
Józs 7:26	G2962	κυριος	N-NSM	LXX_WH
Józs 7:26	G3588	του	T-GSM	LXX_WH
Józs 7:26	G2372	θυμου	N-GSM	LXX_WH
Józs 7:26	G3588	της	T-GSF	LXX_WH
Józs 7:26	G3709	οργης	N-GSF	LXX_WH
Józs 7:26	G1223	δια	PREP	LXX_WH
Józs 7:26	G3778	τουτο	D-ASN	LXX_WH
Józs 7:26		επωνομασεν	V-AAI-3S	ELTERO_SZOVEGALAP
Józs 7:26	G0846	αυτο	D-ASN	LXX_WH
Józs 7:26		εμεκαχωρ	N-PRI	ELTERO_SZOVEGALAP
Józs 7:26	G2193	εως	PREP	LXX_WH
Józs 7:26	G3588	της	T-GSF	LXX_WH
Józs 7:26	G2250	ημερας	N-GSF	LXX_WH
Józs 7:26	G3778	ταυτης	D-GSF	LXX_WH
Józs 8:1	G2532	και	CONJ	LXX_WH
Józs 8:1		ειπεν	V-AAI-3S	ELTERO_SZOVEGALAP
Józs 8:1	G2962	κυριος	N-NSM	LXX_WH
Józs 8:1	G4314	προς	PREP	LXX_WH
Józs 8:1	G2424	ιησουν	N-PRI	LXX_WH
Józs 8:1	G3165	μη	ADV	LXX_WH
Józs 8:1	G5399	φοβηθης	V-APS-2S	LXX_WH
Józs 8:1	G3366	μηδε	CONJ	LXX_WH
Józs 8:1	G1168	δειλιασης	V-AAS-2S	LXX_WH
Józs 8:1	G2983	λαβε	V-AAD-2S	LXX_WH
Józs 8:1	G3326	μετα	PREP	LXX_WH
Józs 8:1	G4771	σου	P-GS	LXX_WH
Józs 8:1	G3588	τους	T-APM	LXX_WH
Józs 8:1	G0435	ανδρας	N-APM	LXX_WH
Józs 8:1	G3956	παντας	A-APM	LXX_WH
Józs 8:1	G3588	τους	T-APM	LXX_WH
Józs 8:1		πολεμιστας	N-APM	
Józs 8:1	G2532	και	CONJ	LXX_WH
Józs 8:1	G0450	αναστας	V-AAPNS	LXX_WH
Józs 8:1	G0305	αναβηθι	V-AAD-2S	LXX_WH
Józs 8:1	G1519	εις	PREP	LXX_WH
Józs 8:1		γαι	N-PRI	ELTERO_SZOVEGALAP
Józs 8:1	G2400	ιδου	INJ	LXX_WH
Józs 8:1	G1325	δεδωκα	V-RAI-1S	LXX_WH
Józs 8:1	G1519	εις	PREP	LXX_WH
Józs 8:1	G3588	τας	T-APF	LXX_WH
Józs 8:1	G5495	χειρας	N-APF	LXX_WH
Józs 8:1	G4771	σου	P-GS	LXX_WH
Józs 8:1	G3588	τον	T-ASM	LXX_WH
Józs 8:1	G0935	βασιλεα	N-ASM	LXX_WH
Józs 8:1		γαι	N-PRI	ELTERO_SZOVEGALAP
Józs 8:1	G2532	και	CONJ	LXX_WH
Józs 8:1	G3588	την	T-ASF	LXX_WH
Józs 8:1	G1065	γην	N-ASF	LXX_WH
Józs 8:1	G0846	αυτου	D-GSM	LXX_WH
Józs 8:2	G2532	και	CONJ	LXX_WH
Józs 8:2	G4160	ποιησεις	V-FAI-2S	LXX_WH
Józs 8:2	G3588	την	T-ASF	LXX_WH
Józs 8:2	G0935	γαι	N-PRI	ABP-potolt
Józs 8:2	G3739	ον	R-ASM	LXX_WH
Józs 8:2	G5158	τροπον	N-ASM	LXX_WH
Józs 8:2	G4160	εποιησας	V-AAI-2S	LXX_WH
Józs 8:2	G3588	την	T-ASF	LXX_WH
Józs 8:2	G2410	ιεριχω	N-PRI	LXX_WH
Józs 8:2	G2532	και	CONJ	LXX_WH
Józs 8:2	G3588	τον	T-ASM	LXX_WH
Józs 8:2	G0935	βασιλεα	N-ASM	LXX_WH
Józs 8:2	G0846	αυτης	D-GSF	LXX_WH
Józs 8:2	G2532	και	CONJ	LXX_WH
Józs 8:2	G3588	την	T-ASF	LXX_WH
Józs 8:2	G2532	προνομην	N-ASF	ABP-potolt
Józs 8:2	G3588	των	T-GPN	LXX_WH
Józs 8:2	G2934	κτηνων	N-GPN	LXX_WH
Józs 8:2	G4307	προνομευσεις	V-FAI-2S	ABP-potolt
Józs 8:2	G4572	σεαυτω	D-DSM	LXX_WH
Józs 8:2	G2525	καταστησον	V-AAD-2S	LXX_WH
Józs 8:2	G1161	δε	PRT	LXX_WH
Józs 8:2	G4572	σεαυτω	D-DSM	LXX_WH
Józs 8:2	G1749	ενεδρα	N-APN	LXX_WH
Józs 8:2	G3588	τη	T-DSF	LXX_WH
Józs 8:2	G4172	πολει	N-DSF	LXX_WH
Józs 8:2	G1519	εις	PREP	LXX_WH
Józs 8:2	G3588	τα	T-APN	LXX_WH
Józs 8:2	G3694	οπισω	ADV	LXX_WH
Józs 8:3	G2532	και	CONJ	LXX_WH
Józs 8:3	G0450	ανεστη	V-AAI-3S	LXX_WH
Józs 8:3	G2424	ιησους	N-PRI	LXX_WH
Józs 8:3	G2532	και	CONJ	LXX_WH
Józs 8:3	G3956	πας	A-NSM	LXX_WH
Józs 8:3	G3588	ο	T-NSM	LXX_WH
Józs 8:3	G2992	λαος	N-NSM	LXX_WH
Józs 8:3	G3588	ο	T-NSM	LXX_WH
Józs 8:3	G4170	πολεμιστης	N-NSM	ABP-potolt
Józs 8:3	G5620	ωστε	CONJ	LXX_WH
Józs 8:3	G0305	αναβηναι	V-AAN	LXX_WH
Józs 8:3	G1519	εις	PREP	LXX_WH
Józs 8:3	G1951	γαι	N-PRI	ABP-potolt
Józs 8:3	G1951	επελεξεν	V-AAI-3S	ABP-potolt
Józs 8:3	G1161	δε	PRT	LXX_WH
Józs 8:3	G2424	ιησους	N-PRI	LXX_WH
Józs 8:3	G5144	τριακοντα	N-NUI	LXX_WH
Józs 8:3	G5505	χιλιαδας	N-APF	LXX_WH
Józs 8:3	G0435	ανδρων	N-GPM	LXX_WH
Józs 8:3	G1415	δυνατους	A-APM	LXX_WH
Józs 8:3	G1722	εν	PREP	LXX_WH
Józs 8:3	G2479	ισχυι	N-DSF	LXX_WH
Józs 8:3	G2532	και	CONJ	LXX_WH
Józs 8:3	G0649	απεστειλεν	V-AAI-3S	LXX_WH
Józs 8:3	G0846	αυτους	D-APM	LXX_WH
Józs 8:3	G3571	νυκτος	N-GSF	LXX_WH
Józs 8:4	G2532	και	CONJ	LXX_WH
Józs 8:4	G1781	ενετειλατο	V-AMI-3S	LXX_WH
Józs 8:4	G0846	αυτοις	D-DPM	LXX_WH
Józs 8:4	G3004	λεγων	V-PAPNS	LXX_WH
Józs 8:4	G4771	υμεις	P-NP	LXX_WH
Józs 8:4	G1748	ενεδρευσατε	V-AAD-2P	LXX_WH
Józs 8:4	G3694	οπισω	PREP	LXX_WH
Józs 8:4	G3588	της	T-GSF	LXX_WH
Józs 8:4	G4172	πολεως	N-GSF	LXX_WH
Józs 8:4	G3165	μη	ADV	LXX_WH
Józs 8:4	G3112	μακραν	ADV	LXX_WH
Józs 8:4	G1096	γινεσθε	V-PMD-2P	LXX_WH
Józs 8:4	G0575	απο	PREP	LXX_WH
Józs 8:4	G3588	της	T-GSF	LXX_WH
Józs 8:4	G4172	πολεως	N-GSF	LXX_WH
Józs 8:4	G2532	και	CONJ	LXX_WH
Józs 8:4	G1510	εσεσθε	V-FMI-2P	LXX_WH
Józs 8:4	G3956	παντες	A-NPM	LXX_WH
Józs 8:4	G2092	ετοιμοι	A-NPM	LXX_WH
Józs 8:5	G2532	και	CONJ	LXX_WH
Józs 8:5	G1473	εγω	P-NS	LXX_WH
Józs 8:5	G2532	και	CONJ	LXX_WH
Józs 8:5	G3956	παντες	A-NPM	LXX_WH
Józs 8:5	G3588	οι	T-NPM	LXX_WH
Józs 8:5	G3326	μετ	PREP	LXX_WH
Józs 8:5	G1473	εμου	P-GS	LXX_WH
Józs 8:5	G4317	προσαξομεν	V-FAI-1P	LXX_WH
Józs 8:5	G4314	προς	PREP	LXX_WH
Józs 8:5	G3588	την	T-ASF	LXX_WH
Józs 8:5	G4172	πολιν	N-ASF	LXX_WH
Józs 8:5	G2532	και	CONJ	LXX_WH
Józs 8:5	G1510	εσται	V-FMI-3S	LXX_WH
Józs 8:5	G3739	ως	CONJ	LXX_WH
Józs 8:5	G0302	αν	PRT	LXX_WH
Józs 8:5	G1831	εξελθωσιν	V-AAS-3P	LXX_WH
Józs 8:5	G3588	οι	T-NPM	LXX_WH
Józs 8:5	G2730	κατοικουντες	V-PAPNP	ABP-potolt
Józs 8:5	G2730	γαι	N-PRI	ABP-potolt
Józs 8:5	G1519	εις	PREP	LXX_WH
Józs 8:5	G4877	συναντησιν	N-ASF	LXX_WH
Józs 8:5	G1473	ημιν	P-DP	LXX_WH
Józs 8:5	G2509	καθαπερ	ADV	LXX_WH
Józs 8:5	G2532	και	CONJ	LXX_WH
Józs 8:5		πρωην	ADV	
Józs 8:5	G2532	και	CONJ	LXX_WH
Józs 8:5	G5343	φευξομεθα	V-FMI-1P	LXX_WH
Józs 8:5	G0575	απο	PREP	LXX_WH
Józs 8:5	G4383	προσωπου	N-GSN	LXX_WH
Józs 8:5	G0846	αυτων	D-GPM	LXX_WH
Józs 8:6	G2532	και	CONJ	LXX_WH
Józs 8:6	G3739	ως	CONJ	LXX_WH
Józs 8:6	G0302	αν	PRT	LXX_WH
Józs 8:6	G1831	εξελθωσιν	V-AAS-3P	LXX_WH
Józs 8:6	G3694	οπισω	PREP	LXX_WH
Józs 8:6	G1473	ημων	P-GP	LXX_WH
Józs 8:6	G0645	αποσπασομεν	V-FAI-1P	LXX_WH
Józs 8:6	G0846	αυτους	D-APM	LXX_WH
Józs 8:6	G0575	απο	PREP	LXX_WH
Józs 8:6	G3588	της	T-GSF	LXX_WH
Józs 8:6	G4172	πολεως	N-GSF	LXX_WH
Józs 8:6	G2532	και	CONJ	LXX_WH
Józs 8:6	G2046	ερουσιν	V-FAI-3P	ABP-potolt
Józs 8:6	G5343	φευγουσιν	V-PAI-3P	LXX_WH
Józs 8:6	G3778	ουτοι	D-NPM	LXX_WH
Józs 8:6	G0575	απο	PREP	LXX_WH
Józs 8:6	G4383	προσωπου	N-GSN	LXX_WH
Józs 8:6	G1473	ημων	P-GP	LXX_WH
Józs 8:6	G3739	ον	R-ASM	LXX_WH
Józs 8:6	G5158	τροπον	N-ASM	LXX_WH
Józs 8:6	G2532	και	CONJ	LXX_WH
Józs 8:6	G1715	εμπροσθεν	ADV	LXX_WH
Józs 8:7	G4771	υμεις	P-NP	LXX_WH
Józs 8:7	G1161	δε	PRT	LXX_WH
Józs 8:7		εξαναστησεσθε	V-FMI-2P	ELTERO_SZOVEGALAP
Józs 8:7	G1537	εκ	PREP	LXX_WH
Józs 8:7	G3588	της	T-GSF	LXX_WH
Józs 8:7	G1747	ενεδρας	N-GSF	LXX_WH
Józs 8:7	G2532	και	CONJ	LXX_WH
Józs 8:7	G4198	πορευσεσθε	V-FMI-2P	LXX_WH
Józs 8:7	G1519	εις	PREP	LXX_WH
Józs 8:7	G3588	την	T-ASF	LXX_WH
Józs 8:7	G4172	πολιν	N-ASF	LXX_WH
Józs 8:8	G2596	κατα	PREP	LXX_WH
Józs 8:8	G3588	το	T-ASN	LXX_WH
Józs 8:8	G4487	ρημα	N-ASN	LXX_WH
Józs 8:8	G3778	τουτο	D-ASN	LXX_WH
Józs 8:8	G4160	ποιησετε	V-FAI-2P	LXX_WH
Józs 8:8	G2400	ιδου	INJ	LXX_WH
Józs 8:8	G1781	εντεταλμαι	V-RMI-1S	LXX_WH
Józs 8:8	G4771	υμιν	P-DP	LXX_WH
Józs 8:9	G2532	και	CONJ	LXX_WH
Józs 8:9	G0649	απεστειλεν	V-AAI-3S	LXX_WH
Józs 8:9	G0846	αυτους	D-APM	LXX_WH
Józs 8:9	G2424	ιησους	N-PRI	LXX_WH
Józs 8:9	G2532	και	CONJ	LXX_WH
Józs 8:9	G4198	επορευθησαν	V-API-3P	LXX_WH
Józs 8:9	G1519	εις	PREP	LXX_WH
Józs 8:9	G3588	την	T-ASF	LXX_WH
Józs 8:9	G1747	ενεδραν	N-ASF	LXX_WH
Józs 8:9	G2532	και	CONJ	LXX_WH
Józs 8:9	G1455	ενεκαθισαν	V-AAI-3P	ABP-potolt
Józs 8:9	G0303	ανα	PREP	LXX_WH
Józs 8:9	G3319	μεσον	A-ASN	LXX_WH
Józs 8:9		βαιθηλ	N-PRI	ELTERO_SZOVEGALAP
Józs 8:9	G2532	και	CONJ	LXX_WH
Józs 8:9	G0303	ανα	PREP	LXX_WH
Józs 8:9	G3319	μεσον	A-ASN	LXX_WH
Józs 8:9		γαι	N-PRI	ELTERO_SZOVEGALAP
Józs 8:9	G0575	απο	PREP	LXX_WH
Józs 8:9	G2281	θαλασσης	N-GSF	LXX_WH
Józs 8:9	G3588	της	T-GSF	LXX_WH
Józs 8:9	G2992	γαι	N-PRI	ABP-potolt
Józs 8:10	G2532	και	CONJ	LXX_WH
Józs 8:10	G3719	ορθρισας	V-AAPNS	LXX_WH
Józs 8:10	G2424	ιησους	N-PRI	LXX_WH
Józs 8:10	G3588	το	T-ASN	LXX_WH
Józs 8:10	G4404	πρωι	ADV	LXX_WH
Józs 8:10	G1980	επεσκεψατο	V-AMI-3S	LXX_WH
Józs 8:10	G3588	τον	T-ASM	LXX_WH
Józs 8:10	G2992	λαον	N-ASM	LXX_WH
Józs 8:10	G2532	και	CONJ	LXX_WH
Józs 8:10	G0305	ανεβησαν	V-AAI-3P	LXX_WH
Józs 8:10	G0846	αυτος	D-NSM	LXX_WH
Józs 8:10	G2532	και	CONJ	LXX_WH
Józs 8:10	G3588	οι	T-NPM	LXX_WH
Józs 8:10	G4245	πρεσβυτεροι	A-NPMC	LXX_WH
Józs 8:10	G2596	κατα	PREP	LXX_WH
Józs 8:10	G4383	προσωπον	N-ASN	LXX_WH
Józs 8:10	G3588	του	T-GSM	LXX_WH
Józs 8:10	G2992	λαου	N-GSM	LXX_WH
Józs 8:10	G1909	επι	PREP	LXX_WH
Józs 8:10		γαι	N-PRI	ELTERO_SZOVEGALAP
Józs 8:11	G2532	και	CONJ	LXX_WH
Józs 8:11	G3956	πας	A-NSM	LXX_WH
Józs 8:11	G3588	ο	T-NSM	LXX_WH
Józs 8:11	G2992	λαος	N-NSM	LXX_WH
Józs 8:11	G3588	ο	T-NSM	LXX_WH
Józs 8:11		πολεμιστης	N-NSM	ELTERO_SZOVEGALAP
Józs 8:11	G3326	μετ	PREP	LXX_WH
Józs 8:11	G0846	αυτου	D-GSM	LXX_WH
Józs 8:11	G0305	ανεβησαν	V-AAI-3P	LXX_WH
Józs 8:11	G2532	και	CONJ	LXX_WH
Józs 8:11	G4198	πορευομενοι	V-PMPNP	LXX_WH
Józs 8:11	G2064	ηλθον	V-AAI-3P	LXX_WH
Józs 8:11	G1537	εξ	PREP	LXX_WH
Józs 8:11	G1727	εναντιας	A-GSF	LXX_WH
Józs 8:11	G3588	της	T-GSF	LXX_WH
Józs 8:11	G4172	πολεως	N-GSF	LXX_WH
Józs 8:11	G0575	απ	PREP	LXX_WH
Józs 8:11	G0395	ανατολων	N-GPF	LXX_WH
Józs 8:12	G2532	και	CONJ	LXX_WH
Józs 8:12	G3588	τα	T-APN	LXX_WH
Józs 8:12	G1749	ενεδρα	N-APN	LXX_WH
Józs 8:12	G3588	της	T-GSF	LXX_WH
Józs 8:12	G4172	πολεως	N-GSF	LXX_WH
Józs 8:12	G0575	απο	PREP	LXX_WH
Józs 8:12	G2281	θαλασσης	N-GSF	LXX_WH
Józs 8:14	G2532	και	CONJ	LXX_WH
Józs 8:14	G1096	εγενετο	V-AMI-3S	LXX_WH
Józs 8:14	G3739	ως	CONJ	LXX_WH
Józs 8:14	G3708	ειδεν	V-AAI-3S	LXX_WH
Józs 8:14	G0935	βασιλευς	N-NSM	LXX_WH
Józs 8:14	G2532	γαι	N-PRI	ABP-potolt
Józs 8:14	G4692	εσπευσεν	V-AAI-3S	LXX_WH
Józs 8:14	G2532	και	CONJ	LXX_WH
Józs 8:14	G1831	εξηλθεν	V-AAI-3S	LXX_WH
Józs 8:14	G1519	εις	PREP	LXX_WH
Józs 8:14	G4877	συναντησιν	N-ASF	LXX_WH
Józs 8:14	G0846	αυτοις	D-DPM	LXX_WH
Józs 8:14	G1909	επ	PREP	LXX_WH
Józs 8:14	G2117	ευθειας	A-GSF	LXX_WH
Józs 8:14	G1519	εις	PREP	LXX_WH
Józs 8:14	G3588	τον	T-ASM	LXX_WH
Józs 8:14	G4171	πολεμον	N-ASM	LXX_WH
Józs 8:14	G0846	αυτος	D-NSM	LXX_WH
Józs 8:14	G2532	και	CONJ	LXX_WH
Józs 8:14	G3956	πας	A-NSM	LXX_WH
Józs 8:14	G3588	ο	T-NSM	LXX_WH
Józs 8:14	G2992	λαος	N-NSM	LXX_WH
Józs 8:14	G3588	ο	T-NSM	LXX_WH
Józs 8:14	G3326	μετ	PREP	LXX_WH
Józs 8:14	G0846	αυτου	D-GSM	LXX_WH
Józs 8:14	G2532	και	CONJ	LXX_WH
Józs 8:14	G0846	αυτος	D-NSM	LXX_WH
Józs 8:14	G3364	ουκ	ADV	LXX_WH
Józs 8:14		ηδει	V-YAI-3S	ELTERO_SZOVEGALAP
Józs 8:14	G3754	οτι	CONJ	LXX_WH
Józs 8:14	G1749	ενεδρα	N-NPN	LXX_WH
Józs 8:14	G0846	αυτω	D-DSM	LXX_WH
Józs 8:14	G1510	εστιν	V-PAI-3S	LXX_WH
Józs 8:14	G3694	οπισω	PREP	LXX_WH
Józs 8:14	G3588	της	T-GSF	LXX_WH
Józs 8:14	G4172	πολεως	N-GSF	LXX_WH
Józs 8:15	G2532	και	CONJ	LXX_WH
Józs 8:15	G3708	ειδεν	V-AAI-3S	LXX_WH
Józs 8:15	G2532	και	CONJ	LXX_WH
Józs 8:15	G0402	ανεχωρησεν	V-AAI-3S	LXX_WH
Józs 8:15	G2424	ιησους	N-PRI	LXX_WH
Józs 8:15	G2532	και	CONJ	LXX_WH
Józs 8:15	G2474	ισραηλ	N-PRI	LXX_WH
Józs 8:15	G0575	απο	PREP	LXX_WH
Józs 8:15	G4383	προσωπου	N-GSN	LXX_WH
Józs 8:15	G0846	αυτων	D-GPM	LXX_WH
Józs 8:16	G2532	και	CONJ	LXX_WH
Józs 8:16	G2614	κατεδιωξαν	V-AAI-3P	LXX_WH
Józs 8:16	G3694	οπισω	PREP	LXX_WH
Józs 8:16	G3588	των	T-GPM	LXX_WH
Józs 8:16	G5207	υιων	N-GPM	LXX_WH
Józs 8:16	G2474	ισραηλ	N-PRI	LXX_WH
Józs 8:16	G2532	και	CONJ	LXX_WH
Józs 8:16	G0846	αυτοι	D-NPM	LXX_WH
Józs 8:16		απεστησαν	V-AAI-3P	ELTERO_SZOVEGALAP
Józs 8:16	G0575	απο	PREP	LXX_WH
Józs 8:16	G3588	της	T-GSF	LXX_WH
Józs 8:16	G4172	πολεως	N-GSF	LXX_WH
Józs 8:17	G3364	ου	ADV	LXX_WH
Józs 8:17	G2641	κατελειφθη	V-API-3S	LXX_WH
Józs 8:17	G3762	ουθεις	A-NSM	LXX_WH
Józs 8:17	G1722	εν	PREP	LXX_WH
Józs 8:17	G3588	τη	T-DSF	LXX_WH
Józs 8:17		γαι	N-PRI	ELTERO_SZOVEGALAP
Józs 8:17	G3739	ος	R-NSM	LXX_WH
Józs 8:17	G3364	ου	ADV	LXX_WH
Józs 8:17	G2614	κατεδιωξεν	V-AAI-3S	LXX_WH
Józs 8:17	G3694	οπισω	PREP	LXX_WH
Józs 8:17	G2474	ισραηλ	N-PRI	LXX_WH
Józs 8:17	G2532	και	CONJ	LXX_WH
Józs 8:17	G2641	κατελιπον	V-AAI-3P	LXX_WH
Józs 8:17	G3588	την	T-ASF	LXX_WH
Józs 8:17	G4172	πολιν	N-ASF	LXX_WH
Józs 8:17	G0455	ανεωγμενην	V-RMPAS	LXX_WH
Józs 8:17	G2532	και	CONJ	LXX_WH
Józs 8:17	G2614	κατεδιωξαν	V-AAI-3P	LXX_WH
Józs 8:17	G3694	οπισω	PREP	LXX_WH
Józs 8:17	G2474	ισραηλ	N-PRI	LXX_WH
Józs 8:18	G2532	και	CONJ	LXX_WH
Józs 8:18		ειπεν	V-AAI-3S	ELTERO_SZOVEGALAP
Józs 8:18	G2962	κυριος	N-NSM	LXX_WH
Józs 8:18	G4314	προς	PREP	LXX_WH
Józs 8:18	G2424	ιησουν	N-PRI	LXX_WH
Józs 8:18	G1614	εκτεινον	V-AAD-2S	LXX_WH
Józs 8:18	G3588	την	T-ASF	LXX_WH
Józs 8:18	G5495	χειρα	N-ASF	LXX_WH
Józs 8:18	G4771	σου	P-GS	LXX_WH
Józs 8:18	G1722	εν	PREP	LXX_WH
Józs 8:18	G3588	τω	T-DSM	LXX_WH
Józs 8:18		γαισω	N-DSM	
Józs 8:18	G3588	τω	T-DSM	LXX_WH
Józs 8:18	G1722	εν	PREP	LXX_WH
Józs 8:18	G3588	τη	T-DSF	LXX_WH
Józs 8:18	G5495	χειρι	N-DSF	LXX_WH
Józs 8:18	G4771	σου	P-GS	LXX_WH
Józs 8:18	G1909	επι	PREP	LXX_WH
Józs 8:18	G3588	την	T-ASF	LXX_WH
Józs 8:18	G4172	πολιν	N-ASF	LXX_WH
Józs 8:18	G1519	εις	PREP	LXX_WH
Józs 8:18	G1063	γαρ	PRT	LXX_WH
Józs 8:18	G3588	τας	T-APF	LXX_WH
Józs 8:18	G5495	χειρας	N-APF	LXX_WH
Józs 8:18	G4771	σου	P-GS	LXX_WH
Józs 8:18	G3860	παραδεδωκα	V-RAI-1S	LXX_WH
Józs 8:18	G0846	αυτην	D-ASF	LXX_WH
Józs 8:18	G2532	και	CONJ	LXX_WH
Józs 8:18	G3588	τα	T-NPN	LXX_WH
Józs 8:18	G1749	ενεδρα	N-NPN	LXX_WH
Józs 8:18	G1817	εξαναστησονται	V-FMI-3P	ABP-potolt
Józs 8:18	G1722	εν	PREP	LXX_WH
Józs 8:18	G5034	ταχει	N-DSN	LXX_WH
Józs 8:18	G1537	εκ	PREP	LXX_WH
Józs 8:18	G3588	του	T-GSM	LXX_WH
Józs 8:18	G5117	τοπου	N-GSM	LXX_WH
Józs 8:18	G0846	αυτων	D-GPM	LXX_WH
Józs 8:18	G2532	και	CONJ	LXX_WH
Józs 8:18	G1614	εξετεινεν	V-AAI-3S	LXX_WH
Józs 8:18	G2424	ιησους	N-PRI	LXX_WH
Józs 8:18	G3588	την	T-ASF	LXX_WH
Józs 8:18	G5495	χειρα	N-ASF	LXX_WH
Józs 8:18	G0846	αυτου	D-GSM	LXX_WH
Józs 8:18	G3588	τον	T-ASM	LXX_WH
Józs 8:18	G5495	γαισον	N-ASM	ABP-potolt
Józs 8:18	G1909	επι	PREP	LXX_WH
Józs 8:18	G3588	την	T-ASF	LXX_WH
Józs 8:18	G4172	πολιν	N-ASF	LXX_WH
Józs 8:19	G2532	και	CONJ	LXX_WH
Józs 8:19	G3588	τα	T-NPN	LXX_WH
Józs 8:19	G1749	ενεδρα	N-NPN	LXX_WH
Józs 8:19	G1817	εξανεστησαν	V-AAI-3P	ABP-potolt
Józs 8:19	G1722	εν	PREP	LXX_WH
Józs 8:19	G5034	ταχει	N-DSN	LXX_WH
Józs 8:19	G1537	εκ	PREP	LXX_WH
Józs 8:19	G3588	του	T-GSM	LXX_WH
Józs 8:19	G5117	τοπου	N-GSM	LXX_WH
Józs 8:19	G0846	αυτων	D-GPM	LXX_WH
Józs 8:19	G2532	και	CONJ	LXX_WH
Józs 8:19	G1831	εξηλθοσαν	V-AAI-3P	LXX_WH
Józs 8:19	G3753	οτε	ADV	LXX_WH
Józs 8:19	G1614	εξετεινεν	V-AAI-3S	LXX_WH
Józs 8:19	G3588	την	T-ASF	LXX_WH
Józs 8:19	G5495	χειρα	N-ASF	LXX_WH
Józs 8:19	G2532	και	CONJ	LXX_WH
Józs 8:19	G2064	ηλθοσαν	V-AAI-3P	LXX_WH
Józs 8:19	G1909	επι	PREP	LXX_WH
Józs 8:19	G3588	την	T-ASF	LXX_WH
Józs 8:19	G4172	πολιν	N-ASF	LXX_WH
Józs 8:19	G2532	και	CONJ	LXX_WH
Józs 8:19	G2638	κατελαβοντο	V-AMI-3P	LXX_WH
Józs 8:19	G0846	αυτην	D-ASF	LXX_WH
Józs 8:19	G2532	και	CONJ	LXX_WH
Józs 8:19	G4692	σπευσαντες	V-AAPNP	LXX_WH
Józs 8:19	G1714	ενεπρησαν	V-AAI-3P	ABP-potolt
Józs 8:19	G3588	την	T-ASF	LXX_WH
Józs 8:19	G4172	πολιν	N-ASF	LXX_WH
Józs 8:19	G1722	εν	PREP	LXX_WH
Józs 8:19	G4442	πυρι	N-DSN	LXX_WH
Józs 8:20	G2532	και	CONJ	LXX_WH
Józs 8:20	G4017	περιβλεψαντες	V-AAPNP	LXX_WH
Józs 8:20	G3588	οι	T-NPM	LXX_WH
Józs 8:20		κατοικοι	N-NPM	
Józs 8:20		γαι	N-PRI	
Józs 8:20	G1519	εις	PREP	LXX_WH
Józs 8:20	G3588	τα	T-APN	LXX_WH
Józs 8:20	G3694	οπισω	ADV	LXX_WH
Józs 8:20	G0846	αυτων	D-GPM	LXX_WH
Józs 8:20	G2532	και	CONJ	LXX_WH
Józs 8:20	G2334	εθεωρουν	V-IAI-3P	LXX_WH
Józs 8:20	G2586	καπνον	N-ASM	LXX_WH
Józs 8:20	G0305	αναβαινοντα	V-PAPAS	LXX_WH
Józs 8:20	G1537	εκ	PREP	LXX_WH
Józs 8:20	G3588	της	T-GSF	LXX_WH
Józs 8:20	G4172	πολεως	N-GSF	LXX_WH
Józs 8:20	G1519	εις	PREP	LXX_WH
Józs 8:20	G3588	τον	T-ASM	LXX_WH
Józs 8:20	G3772	ουρανον	N-ASM	LXX_WH
Józs 8:20	G2532	και	CONJ	LXX_WH
Józs 8:20	G3765	ουκετι	ADV	LXX_WH
Józs 8:20	G2192	ειχον	V-IAI-3P	LXX_WH
Józs 8:20	G4225	που	ADV	LXX_WH
Józs 8:20	G5343	φυγωσιν	V-AAS-3P	LXX_WH
Józs 8:20	G3592	ωδε	ADV	LXX_WH
Józs 8:20	G2228	η	CONJ	LXX_WH
Józs 8:20	G3592	ωδε	ADV	LXX_WH
Józs 8:21	G2532	και	CONJ	LXX_WH
Józs 8:21	G2424	ιησους	N-PRI	LXX_WH
Józs 8:21	G2532	και	CONJ	LXX_WH
Józs 8:21	G3956	πας	A-NSM	LXX_WH
Józs 8:21	G2474	ισραηλ	N-PRI	LXX_WH
Józs 8:21	G3708	ειδον	V-AAI-3P	LXX_WH
Józs 8:21	G3754	οτι	CONJ	LXX_WH
Józs 8:21	G2983	ελαβον	V-AAI-3P	LXX_WH
Józs 8:21	G3588	τα	T-NPN	LXX_WH
Józs 8:21	G1749	ενεδρα	N-NPN	LXX_WH
Józs 8:21	G3588	την	T-ASF	LXX_WH
Józs 8:21	G4172	πολιν	N-ASF	LXX_WH
Józs 8:21	G2532	και	CONJ	LXX_WH
Józs 8:21	G3754	οτι	CONJ	LXX_WH
Józs 8:21	G0305	ανεβη	V-AAI-3S	LXX_WH
Józs 8:21	G3588	ο	T-NSM	LXX_WH
Józs 8:21	G2586	καπνος	N-NSM	LXX_WH
Józs 8:21	G3588	της	T-GSF	LXX_WH
Józs 8:21	G4172	πολεως	N-GSF	LXX_WH
Józs 8:21	G1519	εις	PREP	LXX_WH
Józs 8:21	G3588	τον	T-ASM	LXX_WH
Józs 8:21	G3772	ουρανον	N-ASM	LXX_WH
Józs 8:21	G2532	και	CONJ	LXX_WH
Józs 8:21	G3328	μεταβαλομενοι	V-AMPNP	LXX_WH
Józs 8:21	G3960	επαταξαν	V-AAI-3P	LXX_WH
Józs 8:21	G3588	τους	T-APM	LXX_WH
Józs 8:21	G0435	ανδρας	N-APM	LXX_WH
Józs 8:21	G3588	της	T-GSF	LXX_WH
Józs 8:21		γαι	N-PRI	ELTERO_SZOVEGALAP
Józs 8:22	G2532	και	CONJ	LXX_WH
Józs 8:22	G3778	ουτοι	D-NPM	LXX_WH
Józs 8:22	G1831	εξηλθοσαν	V-AAI-3P	LXX_WH
Józs 8:22	G1537	εκ	PREP	LXX_WH
Józs 8:22	G3588	της	T-GSF	LXX_WH
Józs 8:22	G4172	πολεως	N-GSF	LXX_WH
Józs 8:22	G1519	εις	PREP	LXX_WH
Józs 8:22	G4877	συναντησιν	N-ASF	LXX_WH
Józs 8:22	G2532	και	CONJ	LXX_WH
Józs 8:22	G1096	εγενηθησαν	V-API-3P	LXX_WH
Józs 8:22	G0303	ανα	PREP	LXX_WH
Józs 8:22	G3319	μεσον	A-ASN	LXX_WH
Józs 8:22	G3588	της	T-GSF	LXX_WH
Józs 8:22	G3925	παρεμβολης	N-GSF	ABP-potolt
Józs 8:22	G3778	ουτοι	D-NPM	LXX_WH
Józs 8:22	G1782	εντευθεν	ADV	LXX_WH
Józs 8:22	G2532	και	CONJ	LXX_WH
Józs 8:22	G3778	ουτοι	D-NPM	LXX_WH
Józs 8:22	G1782	εντευθεν	ADV	LXX_WH
Józs 8:22	G2532	και	CONJ	LXX_WH
Józs 8:22	G3960	επαταξαν	V-AAI-3P	LXX_WH
Józs 8:22	G2193	εως	PREP	LXX_WH
Józs 8:22	G3588	του	T-GSN	LXX_WH
Józs 8:22	G3165	μη	ADV	LXX_WH
Józs 8:22	G2641	καταλειφθηναι	V-APN	LXX_WH
Józs 8:22	G0846	αυτων	D-GPM	LXX_WH
Józs 8:22	G4982	σεσωσμενον	V-RMPAS	LXX_WH
Józs 8:22	G2532	και	CONJ	LXX_WH
Józs 8:22	G1309	διαπεφευγοτα	V-RAPAS	LXX_WH
Józs 8:23	G2532	και	CONJ	LXX_WH
Józs 8:23	G3588	τον	T-ASM	LXX_WH
Józs 8:23	G0935	βασιλεα	N-ASM	LXX_WH
Józs 8:23	G3588	της	T-GSF	LXX_WH
Józs 8:23		γαι	N-PRI	ELTERO_SZOVEGALAP
Józs 8:23	G4815	συνελαβον	V-AAI-3P	LXX_WH
Józs 8:23	G2198	ζωντα	V-PAPAS	LXX_WH
Józs 8:23	G2532	και	CONJ	LXX_WH
Józs 8:23	G4317	προσηγαγον	V-AAI-3P	LXX_WH
Józs 8:23	G0846	αυτον	D-ASM	LXX_WH
Józs 8:23	G4314	προς	PREP	LXX_WH
Józs 8:23	G2424	ιησουν	N-PRI	LXX_WH
Józs 8:24	G2532	και	CONJ	LXX_WH
Józs 8:24	G3739	ως	CONJ	LXX_WH
Józs 8:24	G3973	επαυσαντο	V-AMI-3P	LXX_WH
Józs 8:24	G3588	οι	T-NPM	LXX_WH
Józs 8:24	G5207	υιοι	N-NPM	LXX_WH
Józs 8:24	G2474	ισραηλ	N-PRI	LXX_WH
Józs 8:24	G0615	αποκτεννοντες	V-PAPNP	LXX_WH
Józs 8:24	G3956	παντας	A-APM	LXX_WH
Józs 8:24	G3588	τους	T-APM	LXX_WH
Józs 8:24	G1722	εν	PREP	LXX_WH
Józs 8:24	G3588	τη	T-DSF	LXX_WH
Józs 8:24	G1722	γαι	N-PRI	ABP-potolt
Józs 8:24	G3588	τους	T-APM	LXX_WH
Józs 8:24	G1722	εν	PREP	LXX_WH
Józs 8:24	G3588	τοις	T-DPN	LXX_WH
Józs 8:24	G3977	πεδιοις	N-DPN	ABP-potolt
Józs 8:24	G2532	και	CONJ	LXX_WH
Józs 8:24	G1722	εν	PREP	LXX_WH
Józs 8:24	G3588	τω	T-DSN	LXX_WH
Józs 8:24	G3735	ορει	N-DSN	LXX_WH
Józs 8:24	G1909	επι	PREP	LXX_WH
Józs 8:24	G3588	της	T-GSF	LXX_WH
Józs 8:24	G2600	καταβασεως	N-GSF	LXX_WH
Józs 8:24	G3364	ου	ADV	LXX_WH
Józs 8:24	G2614	κατεδιωξαν	V-AAI-3P	LXX_WH
Józs 8:24	G0846	αυτους	D-APM	LXX_WH
Józs 8:24	G0575	απ	PREP	LXX_WH
Józs 8:24	G0846	αυτης	D-GSF	LXX_WH
Józs 8:24	G1519	εις	PREP	LXX_WH
Józs 8:24	G5056	τελος	N-ASN	LXX_WH
Józs 8:24	G2532	και	CONJ	LXX_WH
Józs 8:24	G0654	απεστρεψεν	V-AAI-3S	LXX_WH
Józs 8:24	G2424	ιησους	N-PRI	LXX_WH
Józs 8:24	G1519	εις	PREP	LXX_WH
Józs 8:24	G5056	γαι	N-PRI	ABP-potolt
Józs 8:24	G2532	και	CONJ	LXX_WH
Józs 8:24	G3960	επαταξεν	V-AAI-3S	LXX_WH
Józs 8:24	G0846	αυτην	D-ASF	LXX_WH
Józs 8:24	G1722	εν	PREP	LXX_WH
Józs 8:24	G4750	στοματι	N-DSN	LXX_WH
Józs 8:24	G4501	ρομφαιας	N-GSF	ABP-potolt
Józs 8:25	G2532	και	CONJ	LXX_WH
Józs 8:25	G1096	εγενηθησαν	V-API-3P	LXX_WH
Józs 8:25	G3588	οι	T-NPM	LXX_WH
Józs 8:25	G4098	πεσοντες	V-AAPNP	LXX_WH
Józs 8:25	G1722	εν	PREP	LXX_WH
Józs 8:25	G3588	τη	T-DSF	LXX_WH
Józs 8:25	G2250	ημερα	N-DSF	LXX_WH
Józs 8:25	G1565	εκεινη	D-DSF	LXX_WH
Józs 8:25	G0575	απο	PREP	LXX_WH
Józs 8:25	G0435	ανδρος	N-GSM	LXX_WH
Józs 8:25	G2532	και	CONJ	LXX_WH
Józs 8:25	G2193	εως	PREP	LXX_WH
Józs 8:25	G1135	γυναικος	N-GSF	LXX_WH
Józs 8:25	G1427	δωδεκα	N-NUI	LXX_WH
Józs 8:25	G5505	χιλιαδες	N-NPF	LXX_WH
Józs 8:25	G3956	παντας	A-APM	LXX_WH
Józs 8:25	G3588	τους	T-APM	LXX_WH
Józs 8:25	G2730	κατοικουντας	V-PAPAP	ABP-potolt
Józs 8:25	G2730	γαι	N-PRI	ABP-potolt
Józs 8:27	G4133	πλην	PREP	LXX_WH
Józs 8:27	G3588	των	T-GPN	LXX_WH
Józs 8:27	G2934	κτηνων	N-GPN	LXX_WH
Józs 8:27	G2532	και	CONJ	LXX_WH
Józs 8:27	G3588	των	T-GPN	LXX_WH
Józs 8:27	G4661	σκυλων	N-GPN	LXX_WH
Józs 8:27	G3588	των	T-GPM	LXX_WH
Józs 8:27	G1722	εν	PREP	LXX_WH
Józs 8:27	G3588	τη	T-DSF	LXX_WH
Józs 8:27	G4172	πολει	N-DSF	LXX_WH
Józs 8:27	G3956	παντα	A-APN	LXX_WH
Józs 8:27	G3739	α	R-APN	LXX_WH
Józs 8:27		επρονομευσαν	V-AAI-3P	ELTERO_SZOVEGALAP
Józs 8:27	G3588	οι	T-NPM	LXX_WH
Józs 8:27	G5207	υιοι	N-NPM	LXX_WH
Józs 8:27	G2474	ισραηλ	N-PRI	LXX_WH
Józs 8:27	G2596	κατα	PREP	LXX_WH
Józs 8:27	G4366	προσταγμα	N-ASN	ABP-potolt
Józs 8:27	G2962	κυριου	N-GSM	LXX_WH
Józs 8:27	G3739	ον	R-ASM	LXX_WH
Józs 8:27	G5158	τροπον	N-ASM	LXX_WH
Józs 8:27	G4929	συνεταξεν	V-AAI-3S	LXX_WH
Józs 8:27	G2962	κυριος	N-NSM	LXX_WH
Józs 8:27	G3588	τω	T-DSM	LXX_WH
Józs 8:27	G2424	ιησοι	N-PRI	LXX_WH
Józs 8:28	G2532	και	CONJ	LXX_WH
Józs 8:28		ενεπυρισεν	V-AAI-3S	ELTERO_SZOVEGALAP
Józs 8:28	G2424	ιησους	N-PRI	LXX_WH
Józs 8:28	G3588	την	T-ASF	LXX_WH
Józs 8:28	G4172	πολιν	N-ASF	LXX_WH
Józs 8:28	G1722	εν	PREP	LXX_WH
Józs 8:28	G4442	πυρι	N-DSN	LXX_WH
Józs 8:28		χωμα	N-ASN	ELTERO_SZOVEGALAP
Józs 8:28		αοικητον	A-ASN	ELTERO_SZOVEGALAP
Józs 8:28	G1519	εις	PREP	LXX_WH
Józs 8:28	G3588	τον	T-ASM	LXX_WH
Józs 8:28	G0165	αιωνα	N-ASM	LXX_WH
Józs 8:28	G5087	εθηκεν	V-AAI-3S	LXX_WH
Józs 8:28	G0846	αυτην	D-ASF	LXX_WH
Józs 8:28	G2193	εως	PREP	LXX_WH
Józs 8:28	G3588	της	T-GSF	LXX_WH
Józs 8:28	G2250	ημερας	N-GSF	LXX_WH
Józs 8:28	G3778	ταυτης	D-GSF	LXX_WH
Józs 8:29	G2532	και	CONJ	LXX_WH
Józs 8:29	G3588	τον	T-ASM	LXX_WH
Józs 8:29	G0935	βασιλεα	N-ASM	LXX_WH
Józs 8:29	G3588	της	T-GSF	LXX_WH
Józs 8:29	G2910	γαι	N-PRI	ABP-potolt
Józs 8:29	G2910	εκρεμασεν	V-AAI-3S	ABP-potolt
Józs 8:29	G1909	επι	PREP	LXX_WH
Józs 8:29	G3586	ξυλου	N-GSN	LXX_WH
Józs 8:29	G1324	διδυμου	A-GSN	LXX_WH
Józs 8:29	G2532	και	CONJ	LXX_WH
Józs 8:29	G1510	ην	V-IAI-3S	LXX_WH
Józs 8:29	G1909	επι	PREP	LXX_WH
Józs 8:29	G3588	του	T-GSN	LXX_WH
Józs 8:29	G3586	ξυλου	N-GSN	LXX_WH
Józs 8:29	G2193	εως	PREP	LXX_WH
Józs 8:29	G2073	εσπερας	N-GSF	LXX_WH
Józs 8:29	G2532	και	CONJ	LXX_WH
Józs 8:29	G1931	επιδυνοντος	V-PAPGS	LXX_WH
Józs 8:29	G3588	του	T-GSM	LXX_WH
Józs 8:29	G2246	ηλιου	N-GSM	LXX_WH
Józs 8:29	G4929	συνεταξεν	V-AAI-3S	LXX_WH
Józs 8:29	G2424	ιησους	N-PRI	LXX_WH
Józs 8:29	G2532	και	CONJ	LXX_WH
Józs 8:29	G2507	καθειλοσαν	V-AAI-3P	LXX_WH
Józs 8:29	G0846	αυτου	D-GSM	LXX_WH
Józs 8:29	G3588	το	T-ASN	LXX_WH
Józs 8:29	G4983	σωμα	N-ASN	LXX_WH
Józs 8:29	G0575	απο	PREP	LXX_WH
Józs 8:29	G3588	του	T-GSN	LXX_WH
Józs 8:29	G3586	ξυλου	N-GSN	LXX_WH
Józs 8:29	G2532	και	CONJ	LXX_WH
Józs 8:29		ερριψαν	V-AAI-3P	ELTERO_SZOVEGALAP
Józs 8:29	G0846	αυτον	D-ASM	LXX_WH
Józs 8:29	G1519	εις	PREP	LXX_WH
Józs 8:29	G3588	τον	T-ASM	LXX_WH
Józs 8:29		βοθρον	N-ASM	
Józs 8:29	G2532	και	CONJ	LXX_WH
Józs 8:29		επεστησαν	V-AAI-3P	ELTERO_SZOVEGALAP
Józs 8:29	G0846	αυτω	D-DSM	LXX_WH
Józs 8:29	G4673	σωρον	N-ASM	LXX_WH
Józs 8:29	G3037	λιθων	N-GPM	LXX_WH
Józs 8:29	G2193	εως	PREP	LXX_WH
Józs 8:29	G3588	της	T-GSF	LXX_WH
Józs 8:29	G2250	ημερας	N-GSF	LXX_WH
Józs 8:29	G3778	ταυτης	D-GSF	LXX_WH
Józs 9:1	G3739	ως	CONJ	LXX_WH
Józs 9:1	G1161	δ	PRT	LXX_WH
Józs 9:1	G0191	ηκουσαν	V-AAI-3P	LXX_WH
Józs 9:1	G3588	οι	T-NPM	LXX_WH
Józs 9:1	G0935	βασιλεις	N-NPM	LXX_WH
Józs 9:1	G3588	των	T-GPM	LXX_WH
Józs 9:1		αμορραιων	N-GPM	
Józs 9:1	G3588	οι	T-NPM	LXX_WH
Józs 9:1	G1722	εν	PREP	LXX_WH
Józs 9:1	G3588	τω	T-DSN	LXX_WH
Józs 9:1	G4008	περαν	ADV	LXX_WH
Józs 9:1	G3588	του	T-GSM	LXX_WH
Józs 9:1	G2446	ιορδανου	N-GSM	LXX_WH
Józs 9:1	G3588	οι	T-NPM	LXX_WH
Józs 9:1	G1722	εν	PREP	LXX_WH
Józs 9:1	G3588	τη	T-DSF	LXX_WH
Józs 9:1		ορεινη	N-DSF	
Józs 9:1	G2532	και	CONJ	LXX_WH
Józs 9:1	G3588	οι	T-NPM	LXX_WH
Józs 9:1	G1722	εν	PREP	LXX_WH
Józs 9:1	G3588	τη	T-DSF	LXX_WH
Józs 9:1		πεδινη	A-DSF	
Józs 9:1	G2532	και	CONJ	LXX_WH
Józs 9:1	G3588	οι	T-NPM	LXX_WH
Józs 9:1	G1722	εν	PREP	LXX_WH
Józs 9:1	G3956	παση	A-DSF	LXX_WH
Józs 9:1	G3588	τη	T-DSF	LXX_WH
Józs 9:1	G3882	παραλια	A-DSF	LXX_WH
Józs 9:1	G3588	της	T-GSF	LXX_WH
Józs 9:1	G2281	θαλασσης	N-GSF	LXX_WH
Józs 9:1	G3588	της	T-GSF	LXX_WH
Józs 9:1	G3173	μεγαλης	A-GSF	LXX_WH
Józs 9:1	G2532	και	CONJ	LXX_WH
Józs 9:1	G3588	οι	T-NPM	LXX_WH
Józs 9:1	G4314	προς	PREP	LXX_WH
Józs 9:1	G3588	τω	T-DSM	LXX_WH
Józs 9:1		αντιλιβανω	N-PRI	
Józs 9:1	G2532	και	CONJ	LXX_WH
Józs 9:1	G3588	οι	T-NPM	LXX_WH
Józs 9:1		χετταιοι	N-NPM	
Józs 9:1	G2532	και	CONJ	LXX_WH
Józs 9:1	G3588	οι	T-NPM	LXX_WH
Józs 9:1		χαναναιοι	N-NPM	
Józs 9:1	G2532	και	CONJ	LXX_WH
Józs 9:1	G3588	οι	T-NPM	LXX_WH
Józs 9:1		φερεζαιοι	N-NPM	
Józs 9:1	G2532	και	CONJ	LXX_WH
Józs 9:1	G3588	οι	T-NPM	LXX_WH
Józs 9:1		ευαιοι	N-NPM	
Józs 9:1	G2532	και	CONJ	LXX_WH
Józs 9:1	G3588	οι	T-NPM	LXX_WH
Józs 9:1		αμορραιοι	N-NPM	
Józs 9:1	G2532	και	CONJ	LXX_WH
Józs 9:1	G3588	οι	T-NPM	LXX_WH
Józs 9:1		γεργεσαιοι	N-NPM	
Józs 9:1	G2532	και	CONJ	LXX_WH
Józs 9:1	G3588	οι	T-NPM	LXX_WH
Józs 9:1		ιεβουσαιοι	N-NPM	ELTERO_SZOVEGALAP
Józs 9:2	G4905	συνηλθοσαν	V-AAI-3P	LXX_WH
Józs 9:2	G1909	επι	PREP	LXX_WH
Józs 9:2	G3588	το	T-ASN	LXX_WH
Józs 9:2	G0846	αυτο	D-ASN	LXX_WH
Józs 9:2		εκπολεμησαι	V-AAN	ELTERO_SZOVEGALAP
Józs 9:2	G2424	ιησουν	N-PRI	LXX_WH
Józs 9:2	G2532	και	CONJ	LXX_WH
Józs 9:2	G2474	ισραηλ	N-PRI	LXX_WH
Józs 9:2	G0260	αμα	ADV	LXX_WH
Józs 9:2	G3956	παντες	A-NPM	LXX_WH
Józs 9:3	G2532	και	CONJ	LXX_WH
Józs 9:3	G3588	οι	T-NPM	LXX_WH
Józs 9:3	G2730	κατοικουντες	V-PAPNP	ABP-potolt
Józs 9:3	G2730	γαβαων	N-PRI	ABP-potolt
Józs 9:3	G0191	ηκουσαν	V-AAI-3P	LXX_WH
Józs 9:3	G3956	παντα	A-APN	LXX_WH
Józs 9:3	G3745	οσα	A-APN	LXX_WH
Józs 9:3	G4160	εποιησεν	V-AAI-3S	LXX_WH
Józs 9:3	G2962	κυριος	N-NSM	LXX_WH
Józs 9:3	G3588	τη	T-DSF	LXX_WH
Józs 9:3	G2410	ιεριχω	N-PRI	LXX_WH
Józs 9:3	G2532	και	CONJ	LXX_WH
Józs 9:3	G3588	τη	T-DSF	LXX_WH
Józs 9:3		γαι	N-PRI	ELTERO_SZOVEGALAP
Józs 9:4	G2532	και	CONJ	LXX_WH
Józs 9:4	G4160	εποιησαν	V-AAI-3P	LXX_WH
Józs 9:4	G2532	και	CONJ	LXX_WH
Józs 9:4	G1065	γε	PRT	LXX_WH
Józs 9:4	G0846	αυτοι	D-NPM	LXX_WH
Józs 9:4	G3326	μετα	PREP	LXX_WH
Józs 9:4	G3834	πανουργιας	N-GSF	LXX_WH
Józs 9:4	G2532	και	CONJ	LXX_WH
Józs 9:4	G2064	ελθοντες	V-AAPNP	LXX_WH
Józs 9:4	G2186	επεσιτισαντο	V-AMI-3P	ABP-potolt
Józs 9:4	G2532	και	CONJ	LXX_WH
Józs 9:4	G2090	ητοιμασαντο	V-AMI-3P	LXX_WH
Józs 9:4	G2532	και	CONJ	LXX_WH
Józs 9:4	G2983	λαβοντες	V-AAPNP	LXX_WH
Józs 9:4	G4526	σακκους	N-APM	LXX_WH
Józs 9:4	G3820	παλαιους	A-APM	LXX_WH
Józs 9:4	G1909	επι	PREP	LXX_WH
Józs 9:4	G3588	των	T-GPM	LXX_WH
Józs 9:4	G3688	ονων	N-GPM	LXX_WH
Józs 9:4	G0846	αυτων	D-GPM	LXX_WH
Józs 9:4	G2532	και	CONJ	LXX_WH
Józs 9:4	G0779	ασκους	N-APM	LXX_WH
Józs 9:4	G3631	οινου	N-GSM	LXX_WH
Józs 9:4	G3820	παλαιους	A-APM	LXX_WH
Józs 9:4	G2532	και	CONJ	LXX_WH
Józs 9:4		κατερρωγοτας	V-RAPAP	ELTERO_SZOVEGALAP
Józs 9:4		αποδεδεμενους	V-RMPAP	ELTERO_SZOVEGALAP
Józs 9:5	G2532	και	CONJ	LXX_WH
Józs 9:5	G3588	τα	T-NPN	LXX_WH
Józs 9:5		κοιλα	A-NPN	
Józs 9:5	G3588	των	T-GPN	LXX_WH
Józs 9:5	G5266	υποδηματων	N-GPN	LXX_WH
Józs 9:5	G0846	αυτων	D-GPM	LXX_WH
Józs 9:5	G2532	και	CONJ	LXX_WH
Józs 9:5	G3588	τα	T-NPN	LXX_WH
Józs 9:5	G4547	σανδαλια	N-NPN	LXX_WH
Józs 9:5	G0846	αυτων	D-GPM	LXX_WH
Józs 9:5	G3820	παλαια	A-NPN	LXX_WH
Józs 9:5	G2532	και	CONJ	LXX_WH
Józs 9:5	G2664	καταπεπελματωμενα	V-RMPNP	ABP-potolt
Józs 9:5	G1722	εν	PREP	LXX_WH
Józs 9:5	G3588	τοις	T-DPM	LXX_WH
Józs 9:5	G4228	ποσιν	N-DPM	LXX_WH
Józs 9:5	G0846	αυτων	D-GPM	LXX_WH
Józs 9:5	G2532	και	CONJ	LXX_WH
Józs 9:5	G3588	τα	T-NPN	LXX_WH
Józs 9:5	G2440	ιματια	N-NPN	LXX_WH
Józs 9:5	G0846	αυτων	D-GPM	LXX_WH
Józs 9:5	G3822	πεπαλαιωμενα	V-RMPNP	LXX_WH
Józs 9:5	G1883	επανω	PREP	LXX_WH
Józs 9:5	G0846	αυτων	D-GPM	LXX_WH
Józs 9:5	G2532	και	CONJ	LXX_WH
Józs 9:5	G3588	ο	T-NSM	LXX_WH
Józs 9:5	G0740	αρτος	N-NSM	LXX_WH
Józs 9:5	G0846	αυτων	D-GPM	LXX_WH
Józs 9:5	G3588	του	T-GSM	LXX_WH
Józs 9:5	G1979	επισιτισμου	N-GSM	LXX_WH
Józs 9:5	G3584	ξηρος	A-NSM	LXX_WH
Józs 9:5	G2532	και	CONJ	LXX_WH
Józs 9:5	G2149	ευρωτιων	N-GPF	ABP-potolt
Józs 9:5	G2532	και	CONJ	LXX_WH
Józs 9:5	G0977	βεβρωμενος	V-RMPNS	LXX_WH
Józs 9:6	G2532	και	CONJ	LXX_WH
Józs 9:6	G2064	ηλθοσαν	V-AAI-3P	LXX_WH
Józs 9:6	G4314	προς	PREP	LXX_WH
Józs 9:6	G2424	ιησουν	N-PRI	LXX_WH
Józs 9:6	G1519	εις	PREP	LXX_WH
Józs 9:6	G3588	την	T-ASF	LXX_WH
Józs 9:6		παρεμβολην	N-ASF	ELTERO_SZOVEGALAP
Józs 9:6	G2474	ισραηλ	N-PRI	LXX_WH
Józs 9:6	G1519	εις	PREP	LXX_WH
Józs 9:6		γαλγαλα	N-PRI	ELTERO_SZOVEGALAP
Józs 9:6	G2532	και	CONJ	LXX_WH
Józs 9:6		ειπαν	V-AAI-3P	
Józs 9:6	G4314	προς	PREP	LXX_WH
Józs 9:6	G2424	ιησουν	N-PRI	LXX_WH
Józs 9:6	G2532	και	CONJ	LXX_WH
Józs 9:6	G2474	ισραηλ	N-PRI	LXX_WH
Józs 9:6	G1537	εκ	PREP	LXX_WH
Józs 9:6	G1065	γης	N-GSF	LXX_WH
Józs 9:6	G3113	μακροθεν	ADV	LXX_WH
Józs 9:6	G1854	ηκαμεν	V-PAI-1P	LXX_WH
Józs 9:6	G2532	και	CONJ	LXX_WH
Józs 9:6	G3568	νυν	ADV	LXX_WH
Józs 9:6	G1303	διαθεσθε	V-AMD-2P	ABP-potolt
Józs 9:6	G1473	ημιν	P-DP	LXX_WH
Józs 9:6	G1242	διαθηκην	N-ASF	LXX_WH
Józs 9:7	G2532	και	CONJ	LXX_WH
Józs 9:7	G2036	ειπαν	V-AAI-3P	ABP-potolt
Józs 9:7	G3588	οι	T-NPM	LXX_WH
Józs 9:7	G5207	υιοι	N-NPM	LXX_WH
Józs 9:7	G2474	ισραηλ	N-PRI	LXX_WH
Józs 9:7	G4314	προς	PREP	LXX_WH
Józs 9:7	G3588	τον	T-ASM	LXX_WH
Józs 9:7		χορραιον	N-ASM	ELTERO_SZOVEGALAP
Józs 9:7	G3708	ορα	V-PAD-2S	LXX_WH
Józs 9:7	G3165	μη	ADV	LXX_WH
Józs 9:7	G1722	εν	PREP	LXX_WH
Józs 9:7	G1473	εμοι	P-DS	LXX_WH
Józs 9:7	G4785	κατοικεις	V-PAI-2S	ABP-potolt
Józs 9:7	G2532	και	CONJ	LXX_WH
Józs 9:7	G4459	πως	ADV	LXX_WH
Józs 9:7	G4771	σοι	P-DS	LXX_WH
Józs 9:7		διαθωμαι	V-AMS-1S	ELTERO_SZOVEGALAP
Józs 9:7	G1242	διαθηκην	N-ASF	LXX_WH
Józs 9:8	G2532	και	CONJ	LXX_WH
Józs 9:8	G2036	ειπαν	V-AAI-3P	ABP-potolt
Józs 9:8	G4314	προς	PREP	LXX_WH
Józs 9:8	G2424	ιησουν	N-PRI	LXX_WH
Józs 9:8	G3610	οικεται	N-NPM	LXX_WH
Józs 9:8	G4771	σου	P-GS	LXX_WH
Józs 9:8	G1510	εσμεν	V-PAI-1P	LXX_WH
Józs 9:8	G2532	και	CONJ	LXX_WH
Józs 9:8	G2036	ειπεν	V-AAI-3S	ABP-potolt
Józs 9:8	G4314	προς	PREP	LXX_WH
Józs 9:8	G0846	αυτους	D-APM	LXX_WH
Józs 9:8	G2424	ιησους	N-PRI	LXX_WH
Józs 9:8	G4159	ποθεν	ADV	LXX_WH
Józs 9:8	G1510	εστε	V-PAI-2P	LXX_WH
Józs 9:8	G2532	και	CONJ	LXX_WH
Józs 9:8	G4159	ποθεν	ADV	LXX_WH
Józs 9:8	G3854	παραγεγονατε	V-RAI-2P	LXX_WH
Józs 9:9	G2532	και	CONJ	LXX_WH
Józs 9:9		ειπαν	V-AAI-3P	ELTERO_SZOVEGALAP
Józs 9:9	G1537	εκ	PREP	LXX_WH
Józs 9:9	G1065	γης	N-GSF	LXX_WH
Józs 9:9	G3113	μακροθεν	ADV	LXX_WH
Józs 9:9	G4970	σφοδρα	ADV	LXX_WH
Józs 9:9	G1854	ηκασιν	V-PAI-3P	LXX_WH
Józs 9:9	G3588	οι	T-NPM	LXX_WH
Józs 9:9	G3816	παιδες	N-NPM	LXX_WH
Józs 9:9	G4771	σου	P-GS	LXX_WH
Józs 9:9	G1722	εν	PREP	LXX_WH
Józs 9:9	G3686	ονοματι	N-DSN	LXX_WH
Józs 9:9	G2962	κυριου	N-GSM	LXX_WH
Józs 9:9	G3588	του	T-GSM	LXX_WH
Józs 9:9	G2316	θεου	N-GSM	LXX_WH
Józs 9:9	G4771	σου	P-GS	LXX_WH
Józs 9:9	G0191	ακηκοαμεν	V-RAI-1P	LXX_WH
Józs 9:9	G1063	γαρ	PRT	LXX_WH
Józs 9:9	G3588	το	T-ASN	LXX_WH
Józs 9:9	G3686	ονομα	N-ASN	LXX_WH
Józs 9:9	G0846	αυτου	D-GSM	LXX_WH
Józs 9:9	G2532	και	CONJ	LXX_WH
Józs 9:9	G3745	οσα	A-APN	LXX_WH
Józs 9:9	G4160	εποιησεν	V-AAI-3S	LXX_WH
Józs 9:9	G1722	εν	PREP	LXX_WH
Józs 9:9	G0125	αιγυπτω	N-DSF	LXX_WH
Józs 9:10	G2532	και	CONJ	LXX_WH
Józs 9:10	G3745	οσα	A-APN	LXX_WH
Józs 9:10	G4160	εποιησεν	V-AAI-3S	LXX_WH
Józs 9:10	G3588	τοις	T-DPM	LXX_WH
Józs 9:10	G0935	βασιλευσιν	N-DPM	LXX_WH
Józs 9:10	G3588	των	T-GPM	LXX_WH
Józs 9:10		αμορραιων	N-GPM	ELTERO_SZOVEGALAP
Józs 9:10	G3739	οι	R-NPM	LXX_WH
Józs 9:10	G1510	ησαν	V-IAI-3P	LXX_WH
Józs 9:10	G4008	περαν	PREP	LXX_WH
Józs 9:10	G3588	του	T-GSM	LXX_WH
Józs 9:10	G2446	ιορδανου	N-GSM	LXX_WH
Józs 9:10	G3588	τω	T-DSM	LXX_WH
Józs 9:10		σηων	N-PRI	
Józs 9:10	G0935	βασιλει	N-DSM	LXX_WH
Józs 9:10		εσεβων	N-PRI	ELTERO_SZOVEGALAP
Józs 9:10	G2532	και	CONJ	LXX_WH
Józs 9:10	G3588	τω	T-DSM	LXX_WH
Józs 9:10		ωγ	N-PRI	
Józs 9:10	G0935	βασιλει	N-DSM	LXX_WH
Józs 9:10	G3588	της	T-GSF	LXX_WH
Józs 9:10		βασαν	N-PRI	ELTERO_SZOVEGALAP
Józs 9:10	G3739	ος	R-NSM	LXX_WH
Józs 9:10	G2730	κατωκει	V-IAI-3S	ABP-potolt
Józs 9:10	G1722	εν	PREP	LXX_WH
Józs 9:10		ασταρωθ	N-PRI	ELTERO_SZOVEGALAP
Józs 9:10	G2532	και	CONJ	LXX_WH
Józs 9:10	G1722	εν	PREP	LXX_WH
Józs 9:10		εδραιν	N-PRI	ELTERO_SZOVEGALAP
Józs 9:11	G2532	και	CONJ	LXX_WH
Józs 9:11	G0191	ακουσαντες	V-AAPNP	LXX_WH
Józs 9:11		ειπαν	V-AAI-3P	ELTERO_SZOVEGALAP
Józs 9:11	G4314	προς	PREP	LXX_WH
Józs 9:11	G1473	ημας	P-AP	LXX_WH
Józs 9:11	G3588	οι	T-NPM	LXX_WH
Józs 9:11	G4245	πρεσβυτεροι	A-NPMC	LXX_WH
Józs 9:11	G1473	ημων	P-GP	LXX_WH
Józs 9:11	G2532	και	CONJ	LXX_WH
Józs 9:11	G3956	παντες	A-NPM	LXX_WH
Józs 9:11	G3588	οι	T-NPM	LXX_WH
Józs 9:11	G2730	κατοικουντες	V-PAPNP	ABP-potolt
Józs 9:11	G3588	την	T-ASF	LXX_WH
Józs 9:11	G1065	γην	N-ASF	LXX_WH
Józs 9:11	G1473	ημων	P-GP	LXX_WH
Józs 9:11	G3004	λεγοντες	V-PAPNP	LXX_WH
Józs 9:11	G2983	λαβετε	V-AAD-2P	LXX_WH
Józs 9:11	G1438	εαυτοις	D-DPM	LXX_WH
Józs 9:11	G1979	επισιτισμον	N-ASM	LXX_WH
Józs 9:11	G1519	εις	PREP	LXX_WH
Józs 9:11	G3588	την	T-ASF	LXX_WH
Józs 9:11	G3598	οδον	N-ASF	LXX_WH
Józs 9:11	G2532	και	CONJ	LXX_WH
Józs 9:11	G4198	πορευθητε	V-APD-2P	LXX_WH
Józs 9:11	G1519	εις	PREP	LXX_WH
Józs 9:11	G4877	συναντησιν	N-ASF	LXX_WH
Józs 9:11	G0846	αυτων	D-GPM	LXX_WH
Józs 9:11	G2532	και	CONJ	LXX_WH
Józs 9:11		ερειτε	V-FAI-2P	
Józs 9:11	G4314	προς	PREP	LXX_WH
Józs 9:11	G0846	αυτους	D-APM	LXX_WH
Józs 9:11	G3610	οικεται	N-NPM	LXX_WH
Józs 9:11	G4771	σου	P-GS	LXX_WH
Józs 9:11	G1510	εσμεν	V-PAI-1P	LXX_WH
Józs 9:11	G2532	και	CONJ	LXX_WH
Józs 9:11	G3568	νυν	ADV	LXX_WH
Józs 9:11	G1303	διαθεσθε	V-AMD-2P	ABP-potolt
Józs 9:11	G1473	ημιν	P-DP	LXX_WH
Józs 9:11	G1242	διαθηκην	N-ASF	LXX_WH
Józs 9:12	G3778	ουτοι	D-NPM	LXX_WH
Józs 9:12	G3588	οι	T-NPM	LXX_WH
Józs 9:12	G0740	αρτοι	N-NPM	LXX_WH
Józs 9:12		θερμους	A-APM	ELTERO_SZOVEGALAP
Józs 9:12		εφωδιασθημεν	V-API-1P	ELTERO_SZOVEGALAP
Józs 9:12	G0846	αυτους	D-APM	LXX_WH
Józs 9:12	G1722	εν	PREP	LXX_WH
Józs 9:12	G3588	τη	T-DSF	LXX_WH
Józs 9:12	G2250	ημερα	N-DSF	LXX_WH
Józs 9:12	G3739	η	R-DSF	LXX_WH
Józs 9:12	G1831	εξηλθομεν	V-AAI-1P	LXX_WH
Józs 9:12	G3854	παραγενεσθαι	V-AMN	LXX_WH
Józs 9:12	G4314	προς	PREP	LXX_WH
Józs 9:12	G4771	υμας	P-AP	LXX_WH
Józs 9:12	G3568	νυν	ADV	LXX_WH
Józs 9:12	G1161	δε	PRT	LXX_WH
Józs 9:12	G3583	εξηρανθησαν	V-API-3P	LXX_WH
Józs 9:12	G2532	και	CONJ	LXX_WH
Józs 9:12	G1096	γεγονασιν	V-RAI-3P	LXX_WH
Józs 9:12	G0977	βεβρωμενοι	V-RMPNP	LXX_WH
Józs 9:13	G2532	και	CONJ	LXX_WH
Józs 9:13	G3778	ουτοι	D-NPM	LXX_WH
Józs 9:13	G3588	οι	T-NPM	LXX_WH
Józs 9:13	G0779	ασκοι	N-NPM	LXX_WH
Józs 9:13	G3588	του	T-GSM	LXX_WH
Józs 9:13	G3631	οινου	N-GSM	LXX_WH
Józs 9:13	G3739	ους	R-APM	LXX_WH
Józs 9:13	G4130	επλησαμεν	V-AAI-1P	ABP-potolt
Józs 9:13	G2537	καινους	A-APM	LXX_WH
Józs 9:13	G2532	και	CONJ	LXX_WH
Józs 9:13	G3778	ουτοι	D-NPM	LXX_WH
Józs 9:13	G4486	ερρωγασιν	V-RAI-3P	LXX_WH
Józs 9:13	G2532	και	CONJ	LXX_WH
Józs 9:13	G3588	τα	T-NPN	LXX_WH
Józs 9:13	G2440	ιματια	N-NPN	LXX_WH
Józs 9:13	G1473	ημων	P-GP	LXX_WH
Józs 9:13	G2532	και	CONJ	LXX_WH
Józs 9:13	G3588	τα	T-NPN	LXX_WH
Józs 9:13	G5266	υποδηματα	N-NPN	LXX_WH
Józs 9:13	G1473	ημων	P-GP	LXX_WH
Józs 9:13	G3822	πεπαλαιωται	V-RMI-3S	LXX_WH
Józs 9:13	G0575	απο	PREP	LXX_WH
Józs 9:13	G3588	της	T-GSF	LXX_WH
Józs 9:13	G4183	πολλης	A-GSF	LXX_WH
Józs 9:13	G3598	οδου	N-GSF	LXX_WH
Józs 9:13	G4970	σφοδρα	ADV	LXX_WH
Józs 9:14	G2532	και	CONJ	LXX_WH
Józs 9:14	G2983	ελαβον	V-AAI-3P	LXX_WH
Józs 9:14	G3588	οι	T-NPM	LXX_WH
Józs 9:14	G0758	αρχοντες	N-NPM	LXX_WH
Józs 9:14	G3588	του	T-GSM	LXX_WH
Józs 9:14	G1979	επισιτισμου	N-GSM	LXX_WH
Józs 9:14	G0846	αυτων	D-GPM	LXX_WH
Józs 9:14	G2532	και	CONJ	LXX_WH
Józs 9:14	G2962	κυριον	N-ASM	LXX_WH
Józs 9:14	G3364	ουκ	ADV	LXX_WH
Józs 9:14		επηρωτησαν	V-AAI-3P	ELTERO_SZOVEGALAP
Józs 9:15	G2532	και	CONJ	LXX_WH
Józs 9:15	G4160	εποιησεν	V-AAI-3S	LXX_WH
Józs 9:15	G2424	ιησους	N-PRI	LXX_WH
Józs 9:15	G4314	προς	PREP	LXX_WH
Józs 9:15	G0846	αυτους	D-APM	LXX_WH
Józs 9:15	G1515	ειρηνην	N-ASF	LXX_WH
Józs 9:15	G2532	και	CONJ	LXX_WH
Józs 9:15		διεθετο	V-AMI-3S	
Józs 9:15	G4314	προς	PREP	LXX_WH
Józs 9:15	G0846	αυτους	D-APM	LXX_WH
Józs 9:15	G1242	διαθηκην	N-ASF	LXX_WH
Józs 9:15	G3588	του	T-GSN	LXX_WH
Józs 9:15	G1295	διασωσαι	V-AAN	LXX_WH
Józs 9:15	G0846	αυτους	D-APM	LXX_WH
Józs 9:15	G2532	και	CONJ	LXX_WH
Józs 9:15		ωμοσαν	V-AAI-3P	ELTERO_SZOVEGALAP
Józs 9:15	G0846	αυτοις	D-DPM	LXX_WH
Józs 9:15	G3588	οι	T-NPM	LXX_WH
Józs 9:15	G0758	αρχοντες	N-NPM	LXX_WH
Józs 9:15	G3588	της	T-GSF	LXX_WH
Józs 9:15	G4864	συναγωγης	N-GSF	LXX_WH
Józs 9:16	G2532	και	CONJ	LXX_WH
Józs 9:16	G1096	εγενετο	V-AMI-3S	LXX_WH
Józs 9:16	G3326	μετα	PREP	LXX_WH
Józs 9:16	G5140	τρεις	A-APF	LXX_WH
Józs 9:16	G2250	ημερας	N-APF	LXX_WH
Józs 9:16	G3326	μετα	PREP	LXX_WH
Józs 9:16	G3588	το	T-ASN	LXX_WH
Józs 9:16	G1303	διαθεσθαι	V-AMN	ABP-potolt
Józs 9:16	G4314	προς	PREP	LXX_WH
Józs 9:16	G0846	αυτους	D-APM	LXX_WH
Józs 9:16	G1242	διαθηκην	N-ASF	LXX_WH
Józs 9:16	G0191	ηκουσαν	V-AAI-3P	LXX_WH
Józs 9:16	G3754	οτι	CONJ	LXX_WH
Józs 9:16		εγγυθεν	ADV	ELTERO_SZOVEGALAP
Józs 9:16	G0846	αυτων	D-GPM	LXX_WH
Józs 9:16	G1510	εισιν	V-PAI-3P	LXX_WH
Józs 9:16	G2532	και	CONJ	LXX_WH
Józs 9:16	G3754	οτι	CONJ	LXX_WH
Józs 9:16	G1722	εν	PREP	LXX_WH
Józs 9:16	G0846	αυτοις	D-DPM	LXX_WH
Józs 9:16		κατοικουσιν	V-PAI-3P	ELTERO_SZOVEGALAP
Józs 9:17	G2532	και	CONJ	LXX_WH
Józs 9:17	G0522	απηραν	V-AAI-3P	LXX_WH
Józs 9:17	G3588	οι	T-NPM	LXX_WH
Józs 9:17	G5207	υιοι	N-NPM	LXX_WH
Józs 9:17	G2474	ισραηλ	N-PRI	LXX_WH
Józs 9:17	G2532	και	CONJ	LXX_WH
Józs 9:17	G2064	ηλθον	V-AAI-3P	LXX_WH
Józs 9:17	G1519	εις	PREP	LXX_WH
Józs 9:17	G3588	τας	T-APF	LXX_WH
Józs 9:17	G4172	πολεις	N-APF	LXX_WH
Józs 9:17	G0846	αυτων	D-GPM	LXX_WH
Józs 9:17	G3588	αι	T-NPF	LXX_WH
Józs 9:17	G1161	δε	PRT	LXX_WH
Józs 9:17	G4172	πολεις	N-NPF	LXX_WH
Józs 9:17	G0846	αυτων	D-GPM	LXX_WH
Józs 9:17		γαβαων	N-PRI	ELTERO_SZOVEGALAP
Józs 9:17	G2532	και	CONJ	LXX_WH
Józs 9:17	G2532	κεφιρα	N-PRI	ABP-potolt
Józs 9:17	G2532	και	CONJ	LXX_WH
Józs 9:17	G2532	βηρωθ	N-PRI	ABP-potolt
Józs 9:17	G2532	και	CONJ	LXX_WH
Józs 9:17	G4172	πολις	N-NSF	LXX_WH
Józs 9:17		ιαριν	N-PRI	ELTERO_SZOVEGALAP
Józs 9:18	G2532	και	CONJ	LXX_WH
Józs 9:18	G3364	ουκ	ADV	LXX_WH
Józs 9:18	G3164	εμαχεσαντο	V-AMI-3P	LXX_WH
Józs 9:18	G0846	αυτοις	D-DPM	LXX_WH
Józs 9:18	G3588	οι	T-NPM	LXX_WH
Józs 9:18	G5207	υιοι	N-NPM	LXX_WH
Józs 9:18	G2474	ισραηλ	N-PRI	LXX_WH
Józs 9:18	G3754	οτι	CONJ	LXX_WH
Józs 9:18		ωμοσαν	V-AAI-3P	ELTERO_SZOVEGALAP
Józs 9:18	G0846	αυτοις	D-DPM	LXX_WH
Józs 9:18	G3956	παντες	A-NPM	LXX_WH
Józs 9:18	G3588	οι	T-NPM	LXX_WH
Józs 9:18	G0758	αρχοντες	N-NPM	LXX_WH
Józs 9:18	G2962	κυριον	N-ASM	LXX_WH
Józs 9:18	G3588	τον	T-ASM	LXX_WH
Józs 9:18	G2316	θεον	N-ASM	LXX_WH
Józs 9:18	G2474	ισραηλ	N-PRI	LXX_WH
Józs 9:18	G2532	και	CONJ	LXX_WH
Józs 9:18	G1234	διεγογγυσαν	V-AAI-3P	LXX_WH
Józs 9:18	G3956	πασα	A-NSF	LXX_WH
Józs 9:18	G3588	η	T-NSF	LXX_WH
Józs 9:18	G4864	συναγωγη	N-NSF	LXX_WH
Józs 9:18	G1909	επι	PREP	LXX_WH
Józs 9:18	G3588	τοις	T-DPM	LXX_WH
Józs 9:18	G0758	αρχουσιν	N-DPM	LXX_WH
Józs 9:19	G2532	και	CONJ	LXX_WH
Józs 9:19		ειπαν	V-AAI-3P	ELTERO_SZOVEGALAP
Józs 9:19	G3588	οι	T-NPM	LXX_WH
Józs 9:19	G0758	αρχοντες	N-NPM	LXX_WH
Józs 9:19	G3956	παση	A-DSF	LXX_WH
Józs 9:19	G3588	τη	T-DSF	LXX_WH
Józs 9:19	G4864	συναγωγη	N-DSF	LXX_WH
Józs 9:19	G1473	ημεις	P-NP	LXX_WH
Józs 9:19		ωμοσαμεν	V-AAI-1P	ELTERO_SZOVEGALAP
Józs 9:19	G0846	αυτοις	D-DPM	LXX_WH
Józs 9:19	G2962	κυριον	N-ASM	LXX_WH
Józs 9:19	G3588	τον	T-ASM	LXX_WH
Józs 9:19	G2316	θεον	N-ASM	LXX_WH
Józs 9:19	G2474	ισραηλ	N-PRI	LXX_WH
Józs 9:19	G2532	και	CONJ	LXX_WH
Józs 9:19	G3568	νυν	ADV	LXX_WH
Józs 9:19	G3364	ου	ADV	LXX_WH
Józs 9:19	G1410	δυνησομεθα	V-FMI-1P	LXX_WH
Józs 9:19	G0680	αψασθαι	V-AMN	LXX_WH
Józs 9:19	G0846	αυτων	D-GPM	LXX_WH
Józs 9:20	G3778	τουτο	D-ASN	LXX_WH
Józs 9:20	G4160	ποιησομεν	V-FAI-1P	LXX_WH
Józs 9:20	G2221	ζωγρησαι	V-AAN	LXX_WH
Józs 9:20	G0846	αυτους	D-APM	LXX_WH
Józs 9:20	G2532	και	CONJ	LXX_WH
Józs 9:20		περιποιησομεθα	V-FMI-1P	ELTERO_SZOVEGALAP
Józs 9:20	G0846	αυτους	D-APM	LXX_WH
Józs 9:20	G2532	και	CONJ	LXX_WH
Józs 9:20	G3364	ουκ	ADV	LXX_WH
Józs 9:20	G1510	εσται	V-FMI-3S	LXX_WH
Józs 9:20	G2596	καθ	PREP	LXX_WH
Józs 9:20	G1473	ημων	P-GP	LXX_WH
Józs 9:20	G3709	οργη	N-NSF	LXX_WH
Józs 9:20	G1223	δια	PREP	LXX_WH
Józs 9:20	G3588	τον	T-ASM	LXX_WH
Józs 9:20	G3727	ορκον	N-ASM	LXX_WH
Józs 9:20	G3739	ον	R-ASM	LXX_WH
Józs 9:20		ωμοσαμεν	V-AAI-1P	ELTERO_SZOVEGALAP
Józs 9:20	G0846	αυτοις	D-DPM	LXX_WH
Józs 9:21	G2198	ζησονται	V-FMI-3P	LXX_WH
Józs 9:21	G2532	και	CONJ	LXX_WH
Józs 9:21	G1510	εσονται	V-FMI-3P	LXX_WH
Józs 9:21	G3585	ξυλοκοποι	N-NPM	ABP-potolt
Józs 9:21	G2532	και	CONJ	LXX_WH
Józs 9:21	G5202	υδροφοροι	N-NPM	ABP-potolt
Józs 9:21	G3956	παση	A-DSF	LXX_WH
Józs 9:21	G3588	τη	T-DSF	LXX_WH
Józs 9:21	G4864	συναγωγη	N-DSF	LXX_WH
Józs 9:21	G2509	καθαπερ	ADV	LXX_WH
Józs 9:21		ειπαν	V-AAI-3P	ELTERO_SZOVEGALAP
Józs 9:21	G0846	αυτοις	D-DPM	LXX_WH
Józs 9:21	G3588	οι	T-NPM	LXX_WH
Józs 9:21	G0758	αρχοντες	N-NPM	LXX_WH
Józs 9:22	G2532	και	CONJ	LXX_WH
Józs 9:22	G4779	συνεκαλεσεν	V-AAI-3S	LXX_WH
Józs 9:22	G0846	αυτους	D-APM	LXX_WH
Józs 9:22	G2424	ιησους	N-PRI	LXX_WH
Józs 9:22	G2532	και	CONJ	LXX_WH
Józs 9:22		ειπεν	V-AAI-3S	ELTERO_SZOVEGALAP
Józs 9:22	G0846	αυτοις	D-DPM	LXX_WH
Józs 9:22	G1223	δια	PREP	LXX_WH
Józs 9:22	G5100	τι	I-ASN	LXX_WH
Józs 9:22	G3884	παρελογισασθε	V-AMI-2P	LXX_WH
Józs 9:22	G1473	με	P-AS	LXX_WH
Józs 9:22	G3004	λεγοντες	V-PAPNP	LXX_WH
Józs 9:22	G3112	μακραν	ADV	LXX_WH
Józs 9:22	G0575	απο	PREP	LXX_WH
Józs 9:22	G4771	σου	P-GS	LXX_WH
Józs 9:22	G1510	εσμεν	V-PAI-1P	LXX_WH
Józs 9:22	G4970	σφοδρα	ADV	LXX_WH
Józs 9:22	G4771	υμεις	P-NP	LXX_WH
Józs 9:22	G1161	δε	PRT	LXX_WH
Józs 9:22		εγχωριοι	A-NPM	ELTERO_SZOVEGALAP
Józs 9:22	G1510	εστε	V-PAI-2P	LXX_WH
Józs 9:22	G3588	των	T-GPM	LXX_WH
Józs 9:22	G2730	κατοικουντων	V-PAPGP	ABP-potolt
Józs 9:22	G1722	εν	PREP	LXX_WH
Józs 9:22	G1473	ημιν	P-DP	LXX_WH
Józs 9:23	G2532	και	CONJ	LXX_WH
Józs 9:23	G3568	νυν	ADV	LXX_WH
Józs 9:23	G1944	επικαταρατοι	A-NPM	LXX_WH
Józs 9:23	G1510	εστε	V-PAI-2P	LXX_WH
Józs 9:23	G3364	ου	ADV	LXX_WH
Józs 9:23	G3165	μη	ADV	LXX_WH
Józs 9:23	G1587	εκλιπη	V-AAS-3S	LXX_WH
Józs 9:23	G1537	εξ	PREP	LXX_WH
Józs 9:23	G4771	υμων	P-GP	LXX_WH
Józs 9:23	G1401	δουλος	N-NSM	LXX_WH
Józs 9:23	G3761	ουδε	CONJ	LXX_WH
Józs 9:23	G5202	ξυλοκοπος	N-NSM	ABP-potolt
Józs 9:23	G1473	εμοι	P-DS	LXX_WH
Józs 9:23	G2532	και	CONJ	LXX_WH
Józs 9:23	G3588	τω	T-DSM	LXX_WH
Józs 9:23	G2316	θεω	N-DSM	LXX_WH
Józs 9:23	G1473	μου	P-GS	LXX_WH
Józs 9:24	G2532	και	CONJ	LXX_WH
Józs 9:24		απεκριθησαν	V-API-3P	
Józs 9:24	G3588	τω	T-DSM	LXX_WH
Józs 9:24	G2424	ιησοι	N-PRI	LXX_WH
Józs 9:24	G3004	λεγοντες	V-PAPNP	LXX_WH
Józs 9:24	G0312	ανηγγελη	V-API-3S	LXX_WH
Józs 9:24	G1473	ημιν	P-DP	LXX_WH
Józs 9:24	G3745	οσα	A-APN	LXX_WH
Józs 9:24	G4929	συνεταξεν	V-AAI-3S	LXX_WH
Józs 9:24	G2962	κυριος	N-NSM	LXX_WH
Józs 9:24	G3588	ο	T-NSM	LXX_WH
Józs 9:24	G2316	θεος	N-NSM	LXX_WH
Józs 9:24	G4771	σου	P-GS	LXX_WH
Józs 9:24		μωυση	N-DSM	ELTERO_SZOVEGALAP
Józs 9:24	G3588	τω	T-DSM	LXX_WH
Józs 9:24	G3816	παιδι	N-DSM	LXX_WH
Józs 9:24	G0846	αυτου	D-GSM	LXX_WH
Józs 9:24	G1325	δουναι	V-AAN	LXX_WH
Józs 9:24	G4771	υμιν	P-DP	LXX_WH
Józs 9:24	G3588	την	T-ASF	LXX_WH
Józs 9:24	G1065	γην	N-ASF	LXX_WH
Józs 9:24	G3778	ταυτην	D-ASF	LXX_WH
Józs 9:24	G2532	και	CONJ	LXX_WH
Józs 9:24	G1842	εξολεθρευσαι	V-AAN	ABP-potolt
Józs 9:24	G1473	ημας	P-AP	LXX_WH
Józs 9:24	G2532	και	CONJ	LXX_WH
Józs 9:24	G3956	παντας	A-APM	LXX_WH
Józs 9:24	G3588	τους	T-APM	LXX_WH
Józs 9:24	G2730	κατοικουντας	V-PAPAP	ABP-potolt
Józs 9:24	G1909	επ	PREP	LXX_WH
Józs 9:24	G0846	αυτης	D-GSF	LXX_WH
Józs 9:24	G0575	απο	PREP	LXX_WH
Józs 9:24	G4383	προσωπου	N-GSN	LXX_WH
Józs 9:24	G4771	υμων	P-GP	LXX_WH
Józs 9:24	G2532	και	CONJ	LXX_WH
Józs 9:24	G5399	εφοβηθημεν	V-API-1P	LXX_WH
Józs 9:24	G4970	σφοδρα	ADV	LXX_WH
Józs 9:24	G4012	περι	PREP	LXX_WH
Józs 9:24	G3588	των	T-GPF	LXX_WH
Józs 9:24	G5590	ψυχων	N-GPF	LXX_WH
Józs 9:24	G1473	ημων	P-GP	LXX_WH
Józs 9:24	G0575	απο	PREP	LXX_WH
Józs 9:24	G4383	προσωπου	N-GSN	LXX_WH
Józs 9:24	G4771	υμων	P-GP	LXX_WH
Józs 9:24	G2532	και	CONJ	LXX_WH
Józs 9:24	G4160	εποιησαμεν	V-AAI-1P	LXX_WH
Józs 9:24	G3588	το	T-ASN	LXX_WH
Józs 9:24	G4229	πραγμα	N-ASN	LXX_WH
Józs 9:24	G3778	τουτο	D-ASN	LXX_WH
Józs 9:25	G2532	και	CONJ	LXX_WH
Józs 9:25	G3568	νυν	ADV	LXX_WH
Józs 9:25	G2400	ιδου	INJ	LXX_WH
Józs 9:25	G1473	ημεις	P-NP	LXX_WH
Józs 9:25		υποχειριοι	A-NPM	ELTERO_SZOVEGALAP
Józs 9:25	G4771	υμιν	P-DP	LXX_WH
Józs 9:25	G3739	ως	CONJ	LXX_WH
Józs 9:25	G0700	αρεσκει	V-PAI-3S	LXX_WH
Józs 9:25	G4771	υμιν	P-DP	LXX_WH
Józs 9:25	G2532	και	CONJ	LXX_WH
Józs 9:25	G3739	ως	CONJ	LXX_WH
Józs 9:25	G1380	δοκει	V-PAI-3S	LXX_WH
Józs 9:25	G4771	υμιν	P-DP	LXX_WH
Józs 9:25	G4160	ποιησατε	V-AAD-2P	LXX_WH
Józs 9:25	G1473	ημιν	P-DP	LXX_WH
Józs 9:26	G2532	και	CONJ	LXX_WH
Józs 9:26	G4160	εποιησαν	V-AAI-3P	LXX_WH
Józs 9:26	G0846	αυτοις	D-DPM	LXX_WH
Józs 9:26	G3778	ουτως	ADV	LXX_WH
Józs 9:26	G2532	και	CONJ	LXX_WH
Józs 9:26	G1807	εξειλατο	V-AMI-3S	LXX_WH
Józs 9:26	G0846	αυτους	D-APM	LXX_WH
Józs 9:26	G2424	ιησους	N-PRI	LXX_WH
Józs 9:26	G1722	εν	PREP	LXX_WH
Józs 9:26	G3588	τη	T-DSF	LXX_WH
Józs 9:26	G2250	ημερα	N-DSF	LXX_WH
Józs 9:26	G1565	εκεινη	D-DSF	LXX_WH
Józs 9:26	G1537	εκ	PREP	LXX_WH
Józs 9:26	G5495	χειρων	N-GPF	LXX_WH
Józs 9:26	G5207	υιων	N-GPM	LXX_WH
Józs 9:26	G2474	ισραηλ	N-PRI	LXX_WH
Józs 9:26	G2532	και	CONJ	LXX_WH
Józs 9:26	G3364	ουκ	ADV	LXX_WH
Józs 9:26	G0337	ανειλον	V-AAI-3P	LXX_WH
Józs 9:26	G0846	αυτους	D-APM	LXX_WH
Józs 9:27	G2532	και	CONJ	LXX_WH
Józs 9:27	G2525	κατεστησεν	V-AAI-3S	LXX_WH
Józs 9:27	G0846	αυτους	D-APM	LXX_WH
Józs 9:27	G2424	ιησους	N-PRI	LXX_WH
Józs 9:27	G1722	εν	PREP	LXX_WH
Józs 9:27	G3588	τη	T-DSF	LXX_WH
Józs 9:27	G2250	ημερα	N-DSF	LXX_WH
Józs 9:27	G1565	εκεινη	D-DSF	LXX_WH
Józs 9:27		ξυλοκοπους	N-APM	ELTERO_SZOVEGALAP
Józs 9:27	G2532	και	CONJ	LXX_WH
Józs 9:27	G5202	υδροφορους	N-APM	ABP-potolt
Józs 9:27	G3956	παση	A-DSF	LXX_WH
Józs 9:27	G3588	τη	T-DSF	LXX_WH
Józs 9:27	G4864	συναγωγη	N-DSF	LXX_WH
Józs 9:27	G2532	και	CONJ	LXX_WH
Józs 9:27	G3588	τω	T-DSN	LXX_WH
Józs 9:27	G2379	θυσιαστηριω	N-DSN	LXX_WH
Józs 9:27	G3588	του	T-GSM	LXX_WH
Józs 9:27	G2316	θεου	N-GSM	LXX_WH
Józs 9:27	G1223	δια	PREP	LXX_WH
Józs 9:27	G3778	τουτο	D-ASN	LXX_WH
Józs 9:27	G1096	εγενοντο	V-AMI-3P	LXX_WH
Józs 9:27	G3588	οι	T-NPM	LXX_WH
Józs 9:27	G4864	κατοικουντες	V-PAPNP	ABP-potolt
Józs 9:27	G4864	γαβαων	N-PRI	ABP-potolt
Józs 9:27	G4864	ξυλοκοποι	N-NPM	ABP-potolt
Józs 9:27	G2532	και	CONJ	LXX_WH
Józs 9:27	G1519	υδροφοροι	N-NPM	ABP-potolt
Józs 9:27	G3588	του	T-GSN	LXX_WH
Józs 9:27	G2379	θυσιαστηριου	N-GSN	LXX_WH
Józs 9:27	G3588	του	T-GSM	LXX_WH
Józs 9:27	G2316	θεου	N-GSM	LXX_WH
Józs 9:27	G2193	εως	PREP	LXX_WH
Józs 9:27	G3588	της	T-GSF	LXX_WH
Józs 9:27	G4594	σημερον	ADV	LXX_WH
Józs 9:27	G2250	ημερας	N-GSF	LXX_WH
Józs 9:27	G2532	και	CONJ	LXX_WH
Józs 9:27	G1519	εις	PREP	LXX_WH
Józs 9:27	G3588	τον	T-ASM	LXX_WH
Józs 9:27	G5117	τοπον	N-ASM	LXX_WH
Józs 9:27	G3739	ον	R-ASM	LXX_WH
Józs 9:27	G1437	εαν	CONJ	LXX_WH
Józs 9:27		εκλεξηται	V-AMS-3S	ELTERO_SZOVEGALAP
Józs 9:27	G2962	κυριος	N-NSM	LXX_WH
Józs 10:1	G3739	ως	CONJ	LXX_WH
Józs 10:1	G1161	δε	PRT	LXX_WH
Józs 10:1	G0191	ηκουσεν	V-AAI-3S	LXX_WH
Józs 10:1		αδωνιβεζεκ	N-PRI	ELTERO_SZOVEGALAP
Józs 10:1	G0935	βασιλευς	N-NSM	LXX_WH
Józs 10:1	G2419	ιερουσαλημ	N-PRI	LXX_WH
Józs 10:1	G3754	οτι	CONJ	LXX_WH
Józs 10:1	G2983	ελαβεν	V-AAI-3S	LXX_WH
Józs 10:1	G2424	ιησους	N-PRI	LXX_WH
Józs 10:1	G3588	την	T-ASF	LXX_WH
Józs 10:1	G0935	γαι	N-PRI	ABP-potolt
Józs 10:1	G2532	και	CONJ	LXX_WH
Józs 10:1		εξωλεθρευσεν	V-AAI-3S	ELTERO_SZOVEGALAP
Józs 10:1	G0846	αυτην	D-ASF	LXX_WH
Józs 10:1	G3739	ον	R-ASM	LXX_WH
Józs 10:1	G5158	τροπον	N-ASM	LXX_WH
Józs 10:1	G4160	εποιησαν	V-AAI-3P	LXX_WH
Józs 10:1	G3588	την	T-ASF	LXX_WH
Józs 10:1	G2410	ιεριχω	N-PRI	LXX_WH
Józs 10:1	G2532	και	CONJ	LXX_WH
Józs 10:1	G3588	τον	T-ASM	LXX_WH
Józs 10:1	G0935	βασιλεα	N-ASM	LXX_WH
Józs 10:1	G0846	αυτης	D-GSF	LXX_WH
Józs 10:1	G3778	ουτως	ADV	LXX_WH
Józs 10:1	G4160	εποιησαν	V-AAI-3P	LXX_WH
Józs 10:1	G3588	την	T-ASF	LXX_WH
Józs 10:1	G0935	γαι	N-PRI	ABP-potolt
Józs 10:1	G2532	και	CONJ	LXX_WH
Józs 10:1	G3588	τον	T-ASM	LXX_WH
Józs 10:1	G0935	βασιλεα	N-ASM	LXX_WH
Józs 10:1	G0846	αυτης	D-GSF	LXX_WH
Józs 10:1	G2532	και	CONJ	LXX_WH
Józs 10:1	G3754	οτι	CONJ	LXX_WH
Józs 10:1	G0844	αυτομολησαν	V-AAI-3P	ABP-potolt
Józs 10:1	G3588	οι	T-NPM	LXX_WH
Józs 10:1	G2730	κατοικουντες	V-PAPNP	ABP-potolt
Józs 10:1	G2730	γαβαων	N-PRI	ABP-potolt
Józs 10:1	G4314	προς	PREP	LXX_WH
Józs 10:1	G2424	ιησουν	N-PRI	LXX_WH
Józs 10:1	G2532	και	CONJ	LXX_WH
Józs 10:1	G4314	προς	PREP	LXX_WH
Józs 10:1	G2474	ισραηλ	N-PRI	LXX_WH
Józs 10:2	G2532	και	CONJ	LXX_WH
Józs 10:2	G5399	εφοβηθησαν	V-API-3P	LXX_WH
Józs 10:2	G1722	εν	PREP	LXX_WH
Józs 10:2	G0846	αυτοις	D-DPM	LXX_WH
Józs 10:2	G4970	σφοδρα	ADV	LXX_WH
Józs 10:2		ηδει	V-YAI-3S	ELTERO_SZOVEGALAP
Józs 10:2	G1063	γαρ	PRT	LXX_WH
Józs 10:2	G3754	οτι	CONJ	LXX_WH
Józs 10:2	G3173	μεγαλη	A-NSF	LXX_WH
Józs 10:2	G4172	πολις	N-NSF	LXX_WH
Józs 10:2		γαβαων	N-PRI	ELTERO_SZOVEGALAP
Józs 10:2	G5616	ωσει	ADV	LXX_WH
Józs 10:2	G1519	μια	A-NSF	LXX_WH
Józs 10:2	G3588	των	T-GPF	LXX_WH
Józs 10:2	G3390	μητροπολεων	N-GPF	LXX_WH
Józs 10:2	G2532	και	CONJ	LXX_WH
Józs 10:2	G3956	παντες	A-NPM	LXX_WH
Józs 10:2	G3588	οι	T-NPM	LXX_WH
Józs 10:2	G0435	ανδρες	N-NPM	LXX_WH
Józs 10:2	G0846	αυτης	D-GSF	LXX_WH
Józs 10:2	G2478	ισχυροι	A-NPM	LXX_WH
Józs 10:3	G2532	και	CONJ	LXX_WH
Józs 10:3	G0649	απεστειλεν	V-AAI-3S	LXX_WH
Józs 10:3		αδωνιβεζεκ	N-PRI	ELTERO_SZOVEGALAP
Józs 10:3	G0935	βασιλευς	N-NSM	LXX_WH
Józs 10:3	G2419	ιερουσαλημ	N-PRI	LXX_WH
Józs 10:3	G4314	προς	PREP	LXX_WH
Józs 10:3		αιλαμ	N-PRI	ELTERO_SZOVEGALAP
Józs 10:3	G0935	βασιλεα	N-ASM	LXX_WH
Józs 10:3		χεβρων	N-PRI	ELTERO_SZOVEGALAP
Józs 10:3	G2532	και	CONJ	LXX_WH
Józs 10:3	G4314	προς	PREP	LXX_WH
Józs 10:3		φιδων	N-PRI	ELTERO_SZOVEGALAP
Józs 10:3	G0935	βασιλεα	N-ASM	LXX_WH
Józs 10:3		ιεριμουθ	N-PRI	ELTERO_SZOVEGALAP
Józs 10:3	G2532	και	CONJ	LXX_WH
Józs 10:3	G4314	προς	PREP	LXX_WH
Józs 10:3		ιεφθα	N-PRI	ELTERO_SZOVEGALAP
Józs 10:3	G0935	βασιλεα	N-ASM	LXX_WH
Józs 10:3		λαχις	N-PRI	ELTERO_SZOVEGALAP
Józs 10:3	G2532	και	CONJ	LXX_WH
Józs 10:3	G4314	προς	PREP	LXX_WH
Józs 10:3		δαβιρ	N-PRI	ELTERO_SZOVEGALAP
Józs 10:3	G0935	βασιλεα	N-ASM	LXX_WH
Józs 10:3		οδολλαμ	N-PRI	ELTERO_SZOVEGALAP
Józs 10:3	G3004	λεγων	V-PAPNS	LXX_WH
Józs 10:4	G1205	δευτε	INJ	LXX_WH
Józs 10:4	G0305	αναβητε	V-AAD-2P	LXX_WH
Józs 10:4	G4314	προς	PREP	LXX_WH
Józs 10:4	G1473	με	P-AS	LXX_WH
Józs 10:4	G2532	και	CONJ	LXX_WH
Józs 10:4	G0997	βοηθησατε	V-AAD-2P	LXX_WH
Józs 10:4	G1473	μοι	P-DS	LXX_WH
Józs 10:4	G2532	και	CONJ	LXX_WH
Józs 10:4		εκπολεμησωμεν	V-AAS-1P	ELTERO_SZOVEGALAP
Józs 10:4		γαβαων	N-PRI	ELTERO_SZOVEGALAP
Józs 10:4		αυτομολησαν	V-AAI-3P	ELTERO_SZOVEGALAP
Józs 10:4	G1063	γαρ	PRT	LXX_WH
Józs 10:4	G4314	προς	PREP	LXX_WH
Józs 10:4	G2424	ιησουν	N-PRI	LXX_WH
Józs 10:4	G2532	και	CONJ	LXX_WH
Józs 10:4	G4314	προς	PREP	LXX_WH
Józs 10:4	G3588	τους	T-APM	LXX_WH
Józs 10:4	G5207	υιους	N-APM	LXX_WH
Józs 10:4	G2474	ισραηλ	N-PRI	LXX_WH
Józs 10:5	G2532	και	CONJ	LXX_WH
Józs 10:5	G0305	ανεβησαν	V-AAI-3P	LXX_WH
Józs 10:5	G3588	οι	T-NPM	LXX_WH
Józs 10:5	G4002	πεντε	N-NUI	LXX_WH
Józs 10:5	G0935	βασιλεις	N-NPM	LXX_WH
Józs 10:5	G3588	των	T-GPM	LXX_WH
Józs 10:5	G4002	ιεβουσαιων	N-GPM	ABP-potolt
Józs 10:5	G0935	βασιλευς	N-NSM	LXX_WH
Józs 10:5	G2419	ιερουσαλημ	N-PRI	LXX_WH
Józs 10:5	G2532	και	CONJ	LXX_WH
Józs 10:5	G0935	βασιλευς	N-NSM	LXX_WH
Józs 10:5	G1473	χεβρων	N-PRI	ABP-potolt
Józs 10:5	G2532	και	CONJ	LXX_WH
Józs 10:5	G0935	βασιλευς	N-NSM	LXX_WH
Józs 10:5	G1473	ιεριμουθ	N-PRI	ABP-potolt
Józs 10:5	G2532	και	CONJ	LXX_WH
Józs 10:5	G0935	βασιλευς	N-NSM	LXX_WH
Józs 10:5	G1473	λαχις	N-PRI	ABP-potolt
Józs 10:5	G2532	και	CONJ	LXX_WH
Józs 10:5	G0935	βασιλευς	N-NSM	LXX_WH
Józs 10:5		οδολλαμ	N-PRI	ELTERO_SZOVEGALAP
Józs 10:5	G0846	αυτοι	D-NPM	LXX_WH
Józs 10:5	G2532	και	CONJ	LXX_WH
Józs 10:5	G3956	πας	A-NSM	LXX_WH
Józs 10:5	G3588	ο	T-NSM	LXX_WH
Józs 10:5	G2992	λαος	N-NSM	LXX_WH
Józs 10:5	G0846	αυτων	D-GPM	LXX_WH
Józs 10:5	G2532	και	CONJ	LXX_WH
Józs 10:5		περιεκαθισαν	V-AAI-3P	
Józs 10:5	G3588	την	T-ASF	LXX_WH
Józs 10:5		γαβαων	N-PRI	
Józs 10:5	G2532	και	CONJ	LXX_WH
Józs 10:5		εξεπολιορκουν	V-IAI-3P	ELTERO_SZOVEGALAP
Józs 10:5	G0846	αυτην	D-ASF	LXX_WH
Józs 10:6	G2532	και	CONJ	LXX_WH
Józs 10:6	G0649	απεστειλαν	V-AAI-3P	LXX_WH
Józs 10:6	G3588	οι	T-NPM	LXX_WH
Józs 10:6	G2730	κατοικουντες	V-PAPNP	ABP-potolt
Józs 10:6	G2730	γαβαων	N-PRI	ABP-potolt
Józs 10:6	G4314	προς	PREP	LXX_WH
Józs 10:6	G2424	ιησουν	N-PRI	LXX_WH
Józs 10:6	G1519	εις	PREP	LXX_WH
Józs 10:6	G3588	την	T-ASF	LXX_WH
Józs 10:6		παρεμβολην	N-ASF	ELTERO_SZOVEGALAP
Józs 10:6	G2474	ισραηλ	N-PRI	LXX_WH
Józs 10:6	G1519	εις	PREP	LXX_WH
Józs 10:6		γαλγαλα	N-PRI	ELTERO_SZOVEGALAP
Józs 10:6	G3004	λεγοντες	V-PAPNP	LXX_WH
Józs 10:6	G3165	μη	ADV	LXX_WH
Józs 10:6	G1590	εκλυσης	V-AAS-2S	LXX_WH
Józs 10:6	G3588	τας	T-APF	LXX_WH
Józs 10:6	G5495	χειρας	N-APF	LXX_WH
Józs 10:6	G4771	σου	P-GS	LXX_WH
Józs 10:6	G0575	απο	PREP	LXX_WH
Józs 10:6	G3588	των	T-GPM	LXX_WH
Józs 10:6	G3816	παιδων	N-GPM	LXX_WH
Józs 10:6	G4771	σου	P-GS	LXX_WH
Józs 10:6	G0305	αναβηθι	V-AAD-2S	LXX_WH
Józs 10:6	G4314	προς	PREP	LXX_WH
Józs 10:6	G1473	ημας	P-AP	LXX_WH
Józs 10:6	G3588	το	T-ASN	LXX_WH
Józs 10:6	G5034	ταχος	N-ASN	LXX_WH
Józs 10:6	G2532	και	CONJ	LXX_WH
Józs 10:6	G1807	εξελου	V-AMD-2S	LXX_WH
Józs 10:6	G1473	ημας	P-AP	LXX_WH
Józs 10:6	G2532	και	CONJ	LXX_WH
Józs 10:6	G0997	βοηθησον	V-AAD-2S	LXX_WH
Józs 10:6	G1473	ημιν	P-DP	LXX_WH
Józs 10:6	G3754	οτι	CONJ	LXX_WH
Józs 10:6	G4863	συνηγμενοι	V-RMPNP	LXX_WH
Józs 10:6	G1510	εισιν	V-PAI-3P	LXX_WH
Józs 10:6	G1909	εφ	PREP	LXX_WH
Józs 10:6	G1473	ημας	P-AP	LXX_WH
Józs 10:6	G3956	παντες	A-NPM	LXX_WH
Józs 10:6	G3588	οι	T-NPM	LXX_WH
Józs 10:6	G0935	βασιλεις	N-NPM	LXX_WH
Józs 10:6	G3588	των	T-GPM	LXX_WH
Józs 10:6		αμορραιων	N-GPM	
Józs 10:6	G3588	οι	T-NPM	LXX_WH
Józs 10:6		κατοικουντες	V-PAPNP	
Józs 10:6	G3588	την	T-ASF	LXX_WH
Józs 10:6	G3714	ορεινην	N-ASF	ABP-potolt
Józs 10:7	G2532	και	CONJ	LXX_WH
Józs 10:7	G0305	ανεβη	V-AAI-3S	LXX_WH
Józs 10:7	G2424	ιησους	N-PRI	LXX_WH
Józs 10:7	G1537	εκ	PREP	LXX_WH
Józs 10:7		γαλγαλων	N-PRI	ELTERO_SZOVEGALAP
Józs 10:7	G0846	αυτος	D-NSM	LXX_WH
Józs 10:7	G2532	και	CONJ	LXX_WH
Józs 10:7	G3956	πας	A-NSM	LXX_WH
Józs 10:7	G3588	ο	T-NSM	LXX_WH
Józs 10:7	G2992	λαος	N-NSM	LXX_WH
Józs 10:7	G3588	ο	T-NSM	LXX_WH
Józs 10:7	G4170	πολεμιστης	N-NSM	ABP-potolt
Józs 10:7	G3326	μετ	PREP	LXX_WH
Józs 10:7	G0846	αυτου	D-GSM	LXX_WH
Józs 10:7	G3956	πας	A-NSM	LXX_WH
Józs 10:7	G1415	δυνατος	A-NSM	LXX_WH
Józs 10:7	G1722	εν	PREP	LXX_WH
Józs 10:7	G2479	ισχυι	N-DSF	LXX_WH
Józs 10:8	G2532	και	CONJ	LXX_WH
Józs 10:8		ειπεν	V-AAI-3S	ELTERO_SZOVEGALAP
Józs 10:8	G2962	κυριος	N-NSM	LXX_WH
Józs 10:8	G4314	προς	PREP	LXX_WH
Józs 10:8	G2424	ιησουν	N-PRI	LXX_WH
Józs 10:8	G3165	μη	ADV	LXX_WH
Józs 10:8	G5399	φοβηθης	V-APS-2S	LXX_WH
Józs 10:8	G0846	αυτους	D-APM	LXX_WH
Józs 10:8	G1519	εις	PREP	LXX_WH
Józs 10:8	G1063	γαρ	PRT	LXX_WH
Józs 10:8	G3588	τας	T-APF	LXX_WH
Józs 10:8	G5495	χειρας	N-APF	LXX_WH
Józs 10:8	G4771	σου	P-GS	LXX_WH
Józs 10:8	G3860	παραδεδωκα	V-RAI-1S	LXX_WH
Józs 10:8	G0846	αυτους	D-APM	LXX_WH
Józs 10:8	G3364	ουχ	ADV	LXX_WH
Józs 10:8	G5275	υπολειφθησεται	V-FPI-3S	LXX_WH
Józs 10:8	G1537	εξ	PREP	LXX_WH
Józs 10:8	G0846	αυτων	D-GPM	LXX_WH
Józs 10:8	G3762	ουθεις	A-NSM	LXX_WH
Józs 10:8	G1799	ενωπιον	PREP	LXX_WH
Józs 10:8	G4771	υμων	P-GP	LXX_WH
Józs 10:9	G2532	και	CONJ	LXX_WH
Józs 10:9		επιπαρεγενετο	V-AMI-3S	ELTERO_SZOVEGALAP
Józs 10:9	G1909	επ	PREP	LXX_WH
Józs 10:9	G0846	αυτους	D-APM	LXX_WH
Józs 10:9	G2424	ιησους	N-PRI	LXX_WH
Józs 10:9	G0869	αφνω	ADV	LXX_WH
Józs 10:9	G3650	ολην	A-ASF	LXX_WH
Józs 10:9	G3588	την	T-ASF	LXX_WH
Józs 10:9	G3571	νυκτα	N-ASF	LXX_WH
Józs 10:9	G1531	εισεπορευθη	V-API-3S	LXX_WH
Józs 10:9	G1537	εκ	PREP	LXX_WH
Józs 10:9		γαλγαλων	N-PRI	ELTERO_SZOVEGALAP
Józs 10:10	G2532	και	CONJ	LXX_WH
Józs 10:10	G1839	εξεστησεν	V-AAI-3S	LXX_WH
Józs 10:10	G0846	αυτους	D-APM	LXX_WH
Józs 10:10	G2962	κυριος	N-NSM	LXX_WH
Józs 10:10	G0575	απο	PREP	LXX_WH
Józs 10:10	G4383	προσωπου	N-GSN	LXX_WH
Józs 10:10	G3588	των	T-GPM	LXX_WH
Józs 10:10	G5207	υιων	N-GPM	LXX_WH
Józs 10:10	G2474	ισραηλ	N-PRI	LXX_WH
Józs 10:10	G2532	και	CONJ	LXX_WH
Józs 10:10	G4937	συνετριψεν	V-AAI-3S	LXX_WH
Józs 10:10	G0846	αυτους	D-APM	LXX_WH
Józs 10:10	G2962	κυριος	N-NSM	LXX_WH
Józs 10:10	G4938	συντριψιν	N-ASF	ABP-potolt
Józs 10:10	G3173	μεγαλην	A-ASF	LXX_WH
Józs 10:10	G1722	εν	PREP	LXX_WH
Józs 10:10		γαβαων	N-PRI	ELTERO_SZOVEGALAP
Józs 10:10	G2532	και	CONJ	LXX_WH
Józs 10:10	G2614	κατεδιωξαν	V-AAI-3P	LXX_WH
Józs 10:10	G0846	αυτους	D-APM	LXX_WH
Józs 10:10	G3598	οδον	N-ASF	LXX_WH
Józs 10:10	G0306	αναβασεως	N-GSF	ABP-potolt
Józs 10:10	G0306	ωρωνιν	N-PRI	ABP-potolt
Józs 10:10	G2532	και	CONJ	LXX_WH
Józs 10:10	G2629	κατεκοπτον	V-IAI-3P	LXX_WH
Józs 10:10	G0846	αυτους	D-APM	LXX_WH
Józs 10:10	G2193	εως	PREP	LXX_WH
Józs 10:10		αζηκα	N-PRI	ELTERO_SZOVEGALAP
Józs 10:10	G2532	και	CONJ	LXX_WH
Józs 10:10	G2193	εως	PREP	LXX_WH
Józs 10:10		μακηδα	N-PRI	ELTERO_SZOVEGALAP
Józs 10:11	G1722	εν	PREP	LXX_WH
Józs 10:11	G3588	τω	T-DSN	LXX_WH
Józs 10:11	G1161	δε	PRT	LXX_WH
Józs 10:11	G5343	φευγειν	V-PAN	LXX_WH
Józs 10:11	G0846	αυτους	D-APM	LXX_WH
Józs 10:11	G0575	απο	PREP	LXX_WH
Józs 10:11	G4383	προσωπου	N-GSN	LXX_WH
Józs 10:11	G3588	των	T-GPM	LXX_WH
Józs 10:11	G5207	υιων	N-GPM	LXX_WH
Józs 10:11	G2474	ισραηλ	N-PRI	LXX_WH
Józs 10:11	G1909	επι	PREP	LXX_WH
Józs 10:11	G3588	της	T-GSF	LXX_WH
Józs 10:11	G2600	καταβασεως	N-GSF	LXX_WH
Józs 10:11		ωρωνιν	N-PRI	ELTERO_SZOVEGALAP
Józs 10:11	G2532	και	CONJ	LXX_WH
Józs 10:11	G2962	κυριος	N-NSM	LXX_WH
Józs 10:11		επερριψεν	V-AAI-3S	ELTERO_SZOVEGALAP
Józs 10:11	G0846	αυτοις	D-DPM	LXX_WH
Józs 10:11	G3037	λιθους	N-APM	LXX_WH
Józs 10:11	G5464	χαλαζης	N-GSF	LXX_WH
Józs 10:11	G1537	εκ	PREP	LXX_WH
Józs 10:11	G3588	του	T-GSM	LXX_WH
Józs 10:11	G3772	ουρανου	N-GSM	LXX_WH
Józs 10:11	G2193	εως	PREP	LXX_WH
Józs 10:11		αζηκα	N-PRI	ELTERO_SZOVEGALAP
Józs 10:11	G2532	και	CONJ	LXX_WH
Józs 10:11	G1096	εγενοντο	V-AMI-3P	LXX_WH
Józs 10:11	G4183	πλειους	A-NPM	LXX_WH
Józs 10:11	G3588	οι	T-NPM	LXX_WH
Józs 10:11	G0599	αποθανοντες	V-AAPNP	LXX_WH
Józs 10:11	G1223	δια	PREP	LXX_WH
Józs 10:11	G3588	τους	T-APM	LXX_WH
Józs 10:11	G3037	λιθους	N-APM	LXX_WH
Józs 10:11	G3588	της	T-GSF	LXX_WH
Józs 10:11	G5464	χαλαζης	N-GSF	LXX_WH
Józs 10:11	G2228	η	CONJ	LXX_WH
Józs 10:11	G3739	ους	R-APM	LXX_WH
Józs 10:11	G0615	απεκτειναν	V-AAI-3P	LXX_WH
Józs 10:11	G3588	οι	T-NPM	LXX_WH
Józs 10:11	G5207	υιοι	N-NPM	LXX_WH
Józs 10:11	G2474	ισραηλ	N-PRI	LXX_WH
Józs 10:11	G3162	μαχαιρα	N-DSF	LXX_WH
Józs 10:11	G1722	εν	PREP	LXX_WH
Józs 10:11	G3588	τω	T-DSM	LXX_WH
Józs 10:11	G4171	πολεμω	N-DSM	LXX_WH
Józs 10:12	G5119	τοτε	ADV	LXX_WH
Józs 10:12	G2980	ελαλησεν	V-AAI-3S	LXX_WH
Józs 10:12	G2424	ιησους	N-PRI	LXX_WH
Józs 10:12	G4314	προς	PREP	LXX_WH
Józs 10:12	G2962	κυριον	N-ASM	LXX_WH
Józs 10:12	G3739	η	R-DSF	LXX_WH
Józs 10:12	G2250	ημερα	N-DSF	LXX_WH
Józs 10:12	G3860	παρεδωκεν	V-AAI-3S	LXX_WH
Józs 10:12	G3588	ο	T-NSM	LXX_WH
Józs 10:12	G2316	θεος	N-NSM	LXX_WH
Józs 10:12	G3588	τον	T-ASM	LXX_WH
Józs 10:12		αμορραιον	N-ASM	ELTERO_SZOVEGALAP
Józs 10:12		υποχειριον	A-ASM	ELTERO_SZOVEGALAP
Józs 10:12	G2474	ισραηλ	N-PRI	LXX_WH
Józs 10:12	G2259	ηνικα	ADV	LXX_WH
Józs 10:12	G4937	συνετριψεν	V-AAI-3S	LXX_WH
Józs 10:12	G0846	αυτους	D-APM	LXX_WH
Józs 10:12	G1722	εν	PREP	LXX_WH
Józs 10:12		γαβαων	N-PRI	ELTERO_SZOVEGALAP
Józs 10:12	G2532	και	CONJ	LXX_WH
Józs 10:12	G4937	συνετριβησαν	V-API-3P	LXX_WH
Józs 10:12	G0575	απο	PREP	LXX_WH
Józs 10:12	G4383	προσωπου	N-GSN	LXX_WH
Józs 10:12	G5207	υιων	N-GPM	LXX_WH
Józs 10:12	G2474	ισραηλ	N-PRI	LXX_WH
Józs 10:12	G2532	και	CONJ	LXX_WH
Józs 10:12		ειπεν	V-AAI-3S	ELTERO_SZOVEGALAP
Józs 10:12	G2424	ιησους	N-PRI	LXX_WH
Józs 10:12	G2476	στητω	V-AAD-3S	LXX_WH
Józs 10:12	G3588	ο	T-NSM	LXX_WH
Józs 10:12	G2246	ηλιος	N-NSM	LXX_WH
Józs 10:12	G2596	κατα	PREP	LXX_WH
Józs 10:12	G2476	γαβαων	N-PRI	ABP-potolt
Józs 10:12	G2532	και	CONJ	LXX_WH
Józs 10:12	G3588	η	T-NSF	LXX_WH
Józs 10:12	G4582	σεληνη	N-NSF	LXX_WH
Józs 10:12	G2596	κατα	PREP	LXX_WH
Józs 10:12	G5327	φαραγγα	N-ASF	LXX_WH
Józs 10:12		αιλων	N-PRI	ELTERO_SZOVEGALAP
Józs 10:13	G2532	και	CONJ	LXX_WH
Józs 10:13	G2476	εστη	V-AAI-3S	LXX_WH
Józs 10:13	G3588	ο	T-NSM	LXX_WH
Józs 10:13	G2246	ηλιος	N-NSM	LXX_WH
Józs 10:13	G2532	και	CONJ	LXX_WH
Józs 10:13	G3588	η	T-NSF	LXX_WH
Józs 10:13	G4582	σεληνη	N-NSF	LXX_WH
Józs 10:13	G1722	εν	PREP	LXX_WH
Józs 10:13	G4714	στασει	N-DSF	LXX_WH
Józs 10:13	G2193	εως	CONJ	LXX_WH
Józs 10:13	G0292	ημυνατο	V-AMI-3S	ABP-potolt
Józs 10:13	G3588	ο	T-NSM	LXX_WH
Józs 10:13	G2316	θεος	N-NSM	LXX_WH
Józs 10:13	G3588	τους	T-APM	LXX_WH
Józs 10:13	G2190	εχθρους	N-APM	LXX_WH
Józs 10:13	G0846	αυτων	D-GPM	LXX_WH
Józs 10:13	G2532	και	CONJ	LXX_WH
Józs 10:13	G2476	εστη	V-AAI-3S	LXX_WH
Józs 10:13	G3588	ο	T-NSM	LXX_WH
Józs 10:13	G2246	ηλιος	N-NSM	LXX_WH
Józs 10:13	G2596	κατα	PREP	LXX_WH
Józs 10:13	G3319	μεσον	A-ASN	LXX_WH
Józs 10:13	G3588	του	T-GSM	LXX_WH
Józs 10:13	G3772	ουρανου	N-GSM	LXX_WH
Józs 10:13	G3364	ου	ADV	LXX_WH
Józs 10:13	G4313	προεπορευετο	V-IMI-3S	LXX_WH
Józs 10:13	G1519	εις	PREP	LXX_WH
Józs 10:13	G1424	δυσμας	N-APF	LXX_WH
Józs 10:13	G1519	εις	PREP	LXX_WH
Józs 10:13	G5056	τελος	N-ASN	LXX_WH
Józs 10:13	G2250	ημερας	N-GSF	LXX_WH
Józs 10:13	G1519	μιας	A-GSF	LXX_WH
Józs 10:14	G2532	και	CONJ	LXX_WH
Józs 10:14	G3364	ουκ	ADV	LXX_WH
Józs 10:14	G1096	εγενετο	V-AMI-3S	LXX_WH
Józs 10:14	G2250	ημερα	N-NSF	LXX_WH
Józs 10:14	G5108	τοιαυτη	A-NSF	LXX_WH
Józs 10:14	G3761	ουδε	CONJ	LXX_WH
Józs 10:14	G3588	το	T-ASN	LXX_WH
Józs 10:14	G4387	προτερον	A-ASN	LXX_WH
Józs 10:14	G3761	ουδε	CONJ	LXX_WH
Józs 10:14	G3588	το	T-ASN	LXX_WH
Józs 10:14	G2078	εσχατον	A-ASN	LXX_WH
Józs 10:14	G5620	ωστε	CONJ	LXX_WH
Józs 10:14		επακουσαι	V-AAN	ELTERO_SZOVEGALAP
Józs 10:14	G2316	θεον	N-ASM	LXX_WH
Józs 10:14	G0444	ανθρωπου	N-GSM	LXX_WH
Józs 10:14	G3754	οτι	CONJ	LXX_WH
Józs 10:14	G2962	κυριος	N-NSM	LXX_WH
Józs 10:14	G4846	συνεπολεμησεν	V-AAI-3S	ABP-potolt
Józs 10:14	G3588	τω	T-DSM	LXX_WH
Józs 10:14	G2474	ισραηλ	N-PRI	LXX_WH
Józs 10:16	G2532	και	CONJ	LXX_WH
Józs 10:16	G5343	εφυγον	V-AAI-3P	LXX_WH
Józs 10:16	G3588	οι	T-NPM	LXX_WH
Józs 10:16	G4002	πεντε	N-NUI	LXX_WH
Józs 10:16	G0935	βασιλεις	N-NPM	LXX_WH
Józs 10:16	G3778	ουτοι	D-NPM	LXX_WH
Józs 10:16	G2532	και	CONJ	LXX_WH
Józs 10:16	G2633	κατεκρυβησαν	V-API-3P	ABP-potolt
Józs 10:16	G1519	εις	PREP	LXX_WH
Józs 10:16	G3588	το	T-ASN	LXX_WH
Józs 10:16	G4693	σπηλαιον	N-ASN	LXX_WH
Józs 10:16	G3588	το	T-ASN	LXX_WH
Józs 10:16	G1722	εν	PREP	LXX_WH
Józs 10:16		μακηδα	N-PRI	
Józs 10:17	G2532	και	CONJ	LXX_WH
Józs 10:17	G0518	απηγγελη	V-API-3S	ABP-potolt
Józs 10:17	G3588	τω	T-DSM	LXX_WH
Józs 10:17	G2424	ιησου	N-PRI	LXX_WH
Józs 10:17	G3004	λεγοντες	V-PAPNP	LXX_WH
Józs 10:17	G2147	ευρηνται	V-RPI-3P	LXX_WH
Józs 10:17	G3588	οι	T-NPM	LXX_WH
Józs 10:17	G4002	πεντε	N-NUI	LXX_WH
Józs 10:17	G0935	βασιλεις	N-NPM	LXX_WH
Józs 10:17	G2928	κεκρυμμενοι	V-RMPNP	LXX_WH
Józs 10:17	G1722	εν	PREP	LXX_WH
Józs 10:17	G3588	τω	T-DSN	LXX_WH
Józs 10:17	G4693	σπηλαιω	N-DSN	LXX_WH
Józs 10:17	G3588	τω	T-DSN	LXX_WH
Józs 10:17	G1722	εν	PREP	LXX_WH
Józs 10:17		μακηδα	N-PRI	ELTERO_SZOVEGALAP
Józs 10:18	G2532	και	CONJ	LXX_WH
Józs 10:18		ειπεν	V-AAI-3S	ELTERO_SZOVEGALAP
Józs 10:18	G2424	ιησους	N-PRI	LXX_WH
Józs 10:18		κυλισατε	V-AAD-2P	ELTERO_SZOVEGALAP
Józs 10:18	G3037	λιθους	N-APM	LXX_WH
Józs 10:18	G1909	επι	PREP	LXX_WH
Józs 10:18	G3588	το	T-ASN	LXX_WH
Józs 10:18	G4750	στομα	N-ASN	LXX_WH
Józs 10:18	G3588	του	T-GSN	LXX_WH
Józs 10:18	G4693	σπηλαιου	N-GSN	LXX_WH
Józs 10:18	G2532	και	CONJ	LXX_WH
Józs 10:18	G2525	καταστησατε	V-AAD-2P	LXX_WH
Józs 10:18	G0435	ανδρας	N-APM	LXX_WH
Józs 10:18	G5442	φυλασσειν	V-PAN	LXX_WH
Józs 10:18	G1909	επ	PREP	LXX_WH
Józs 10:18	G0846	αυτους	D-APM	LXX_WH
Józs 10:19	G4771	υμεις	P-NP	LXX_WH
Józs 10:19	G1161	δε	PRT	LXX_WH
Józs 10:19	G3165	μη	ADV	LXX_WH
Józs 10:19	G2476	εστηκατε	V-RAI-2P	LXX_WH
Józs 10:19	G2614	καταδιωκοντες	V-PAPNP	LXX_WH
Józs 10:19	G3694	οπισω	PREP	LXX_WH
Józs 10:19	G3588	των	T-GPM	LXX_WH
Józs 10:19	G2190	εχθρων	N-GPM	LXX_WH
Józs 10:19	G4771	υμων	P-GP	LXX_WH
Józs 10:19	G2532	και	CONJ	LXX_WH
Józs 10:19	G2638	καταλαβετε	V-AAD-2P	LXX_WH
Józs 10:19	G3588	την	T-ASF	LXX_WH
Józs 10:19		ουραγιαν	N-ASF	ELTERO_SZOVEGALAP
Józs 10:19	G0846	αυτων	D-GPM	LXX_WH
Józs 10:19	G2532	και	CONJ	LXX_WH
Józs 10:19	G3165	μη	ADV	LXX_WH
Józs 10:19		αφητε	V-AAS-2P	ELTERO_SZOVEGALAP
Józs 10:19	G1525	εισελθειν	V-AAN	LXX_WH
Józs 10:19	G1519	εις	PREP	LXX_WH
Józs 10:19	G3588	τας	T-APF	LXX_WH
Józs 10:19	G4172	πολεις	N-APF	LXX_WH
Józs 10:19	G0846	αυτων	D-GPM	LXX_WH
Józs 10:19	G3860	παρεδωκεν	V-AAI-3S	LXX_WH
Józs 10:19	G1063	γαρ	PRT	LXX_WH
Józs 10:19	G0846	αυτους	D-APM	LXX_WH
Józs 10:19	G2962	κυριος	N-NSM	LXX_WH
Józs 10:19	G3588	ο	T-NSM	LXX_WH
Józs 10:19	G2316	θεος	N-NSM	LXX_WH
Józs 10:19	G1473	ημων	P-GP	LXX_WH
Józs 10:19	G1519	εις	PREP	LXX_WH
Józs 10:19	G3588	τας	T-APF	LXX_WH
Józs 10:19	G5495	χειρας	N-APF	LXX_WH
Józs 10:19	G1473	ημων	P-GP	LXX_WH
Józs 10:20	G2532	και	CONJ	LXX_WH
Józs 10:20	G1096	εγενετο	V-AMI-3S	LXX_WH
Józs 10:20	G3739	ως	CONJ	LXX_WH
Józs 10:20	G2664	κατεπαυσεν	V-AAI-3S	LXX_WH
Józs 10:20	G2424	ιησους	N-PRI	LXX_WH
Józs 10:20	G2532	και	CONJ	LXX_WH
Józs 10:20	G3956	πας	A-NSM	LXX_WH
Józs 10:20	G5207	υιος	N-NSM	LXX_WH
Józs 10:20	G2474	ισραηλ	N-PRI	LXX_WH
Józs 10:20	G2875	κοπτοντες	V-PAPNP	LXX_WH
Józs 10:20	G0846	αυτους	D-APM	LXX_WH
Józs 10:20	G2871	κοπην	N-ASF	LXX_WH
Józs 10:20	G3173	μεγαλην	A-ASF	LXX_WH
Józs 10:20	G4970	σφοδρα	ADV	LXX_WH
Józs 10:20	G2193	εως	CONJ	LXX_WH
Józs 10:20	G1519	εις	PREP	LXX_WH
Józs 10:20	G5056	τελος	N-ASN	LXX_WH
Józs 10:20	G2532	και	CONJ	LXX_WH
Józs 10:20	G3588	οι	T-NPM	LXX_WH
Józs 10:20	G1295	διασωζομενοι	V-PMPNP	LXX_WH
Józs 10:20	G1295	διεσωθησαν	V-API-3P	LXX_WH
Józs 10:20	G1519	εις	PREP	LXX_WH
Józs 10:20	G3588	τας	T-APF	LXX_WH
Józs 10:20	G4172	πολεις	N-APF	LXX_WH
Józs 10:20	G3588	τας	T-APF	LXX_WH
Józs 10:20	G3793	οχυρας	A-APF	ABP-potolt
Józs 10:21	G2532	και	CONJ	LXX_WH
Józs 10:21	G0654	απεστραφη	V-API-3S	LXX_WH
Józs 10:21	G3956	πας	A-NSM	LXX_WH
Józs 10:21	G3588	ο	T-NSM	LXX_WH
Józs 10:21	G2992	λαος	N-NSM	LXX_WH
Józs 10:21	G4314	προς	PREP	LXX_WH
Józs 10:21	G2424	ιησουν	N-PRI	LXX_WH
Józs 10:21	G1519	εις	PREP	LXX_WH
Józs 10:21		μακηδα	N-PRI	ELTERO_SZOVEGALAP
Józs 10:21	G5199	υγιεις	A-NPM	LXX_WH
Józs 10:21	G2532	και	CONJ	LXX_WH
Józs 10:21	G3364	ουκ	ADV	LXX_WH
Józs 10:21		εγρυξεν	V-AAI-3S	ELTERO_SZOVEGALAP
Józs 10:21	G3762	ουθεις	A-NSM	LXX_WH
Józs 10:21	G3588	των	T-GPM	LXX_WH
Józs 10:21	G5207	υιων	N-GPM	LXX_WH
Józs 10:21	G2474	ισραηλ	N-PRI	LXX_WH
Józs 10:21	G3588	τη	T-DSF	LXX_WH
Józs 10:21	G1100	γλωσση	N-DSF	LXX_WH
Józs 10:21	G0846	αυτου	D-GSM	LXX_WH
Józs 10:22	G2532	και	CONJ	LXX_WH
Józs 10:22		ειπεν	V-AAI-3S	ELTERO_SZOVEGALAP
Józs 10:22	G2424	ιησους	N-PRI	LXX_WH
Józs 10:22	G0455	ανοιξατε	V-AAD-2P	LXX_WH
Józs 10:22	G3588	το	T-ASN	LXX_WH
Józs 10:22	G4693	σπηλαιον	N-ASN	LXX_WH
Józs 10:22	G2532	και	CONJ	LXX_WH
Józs 10:22	G1806	εξαγαγετε	V-AAD-2P	LXX_WH
Józs 10:22	G3588	τους	T-APM	LXX_WH
Józs 10:22	G4002	πεντε	N-NUI	LXX_WH
Józs 10:22	G0935	βασιλεις	N-APM	LXX_WH
Józs 10:22	G3778	τουτους	D-APM	LXX_WH
Józs 10:22	G1537	εκ	PREP	LXX_WH
Józs 10:22	G3588	του	T-GSN	LXX_WH
Józs 10:22	G4693	σπηλαιου	N-GSN	LXX_WH
Józs 10:23	G2532	και	CONJ	LXX_WH
Józs 10:23	G1806	εξηγαγοσαν	V-AAI-3P	LXX_WH
Józs 10:23	G3588	τους	T-APM	LXX_WH
Józs 10:23	G4002	πεντε	N-NUI	LXX_WH
Józs 10:23	G0935	βασιλεις	N-APM	LXX_WH
Józs 10:23	G1537	εκ	PREP	LXX_WH
Józs 10:23	G3588	του	T-GSN	LXX_WH
Józs 10:23	G4693	σπηλαιου	N-GSN	LXX_WH
Józs 10:23	G3588	τον	T-ASM	LXX_WH
Józs 10:23	G0935	βασιλεα	N-ASM	LXX_WH
Józs 10:23	G2419	ιερουσαλημ	N-PRI	LXX_WH
Józs 10:23	G2532	και	CONJ	LXX_WH
Józs 10:23	G3588	τον	T-ASM	LXX_WH
Józs 10:23	G0935	βασιλεα	N-ASM	LXX_WH
Józs 10:23		χεβρων	N-PRI	ELTERO_SZOVEGALAP
Józs 10:23	G2532	και	CONJ	LXX_WH
Józs 10:23	G3588	τον	T-ASM	LXX_WH
Józs 10:23	G0935	βασιλεα	N-ASM	LXX_WH
Józs 10:23		ιεριμουθ	N-PRI	ELTERO_SZOVEGALAP
Józs 10:23	G2532	και	CONJ	LXX_WH
Józs 10:23	G3588	τον	T-ASM	LXX_WH
Józs 10:23	G0935	βασιλεα	N-ASM	LXX_WH
Józs 10:23		λαχις	N-PRI	ELTERO_SZOVEGALAP
Józs 10:23	G2532	και	CONJ	LXX_WH
Józs 10:23	G3588	τον	T-ASM	LXX_WH
Józs 10:23	G0935	βασιλεα	N-ASM	LXX_WH
Józs 10:23		οδολλαμ	N-PRI	ELTERO_SZOVEGALAP
Józs 10:24	G2532	και	CONJ	LXX_WH
Józs 10:24	G1893	επει	CONJ	LXX_WH
Józs 10:24	G1806	εξηγαγον	V-AAI-3P	LXX_WH
Józs 10:24	G0846	αυτους	D-APM	LXX_WH
Józs 10:24	G4314	προς	PREP	LXX_WH
Józs 10:24	G2424	ιησουν	N-PRI	LXX_WH
Józs 10:24	G2532	και	CONJ	LXX_WH
Józs 10:24	G4779	συνεκαλεσεν	V-AAI-3S	LXX_WH
Józs 10:24	G2424	ιησους	N-PRI	LXX_WH
Józs 10:24	G3956	παντα	A-ASM	LXX_WH
Józs 10:24	G2474	ισραηλ	N-PRI	LXX_WH
Józs 10:24	G2532	και	CONJ	LXX_WH
Józs 10:24	G3588	τους	T-APM	LXX_WH
Józs 10:24		εναρχομενους	V-PMPAP	
Józs 10:24	G3588	του	T-GSM	LXX_WH
Józs 10:24	G4171	πολεμου	N-GSM	LXX_WH
Józs 10:24	G3588	τους	T-APM	LXX_WH
Józs 10:24	G4848	συμπορευομενους	V-PMPAP	LXX_WH
Józs 10:24	G0846	αυτω	D-DSM	LXX_WH
Józs 10:24	G3004	λεγων	V-PAPNS	LXX_WH
Józs 10:24	G0846	αυτοις	D-DPM	LXX_WH
Józs 10:24	G4313	προπορευεσθε	V-PMD-2P	LXX_WH
Józs 10:24	G2532	και	CONJ	LXX_WH
Józs 10:24	G2007	επιθετε	V-AAD-2P	LXX_WH
Józs 10:24	G3588	τους	T-APM	LXX_WH
Józs 10:24	G4228	ποδας	N-APM	LXX_WH
Józs 10:24	G4771	υμων	P-GP	LXX_WH
Józs 10:24	G1909	επι	PREP	LXX_WH
Józs 10:24	G3588	τους	T-APM	LXX_WH
Józs 10:24	G5137	τραχηλους	N-APM	LXX_WH
Józs 10:24	G0846	αυτων	D-GPM	LXX_WH
Józs 10:24	G2532	και	CONJ	LXX_WH
Józs 10:24	G4334	προσελθοντες	V-AAPNP	LXX_WH
Józs 10:24	G2007	επεθηκαν	V-AAI-3P	LXX_WH
Józs 10:24	G3588	τους	T-APM	LXX_WH
Józs 10:24	G4228	ποδας	N-APM	LXX_WH
Józs 10:24	G0846	αυτων	D-GPM	LXX_WH
Józs 10:24	G1909	επι	PREP	LXX_WH
Józs 10:24	G3588	τους	T-APM	LXX_WH
Józs 10:24	G5137	τραχηλους	N-APM	LXX_WH
Józs 10:24	G0846	αυτων	D-GPM	LXX_WH
Józs 10:25	G2532	και	CONJ	LXX_WH
Józs 10:25	G2036	ειπεν	V-AAI-3S	ABP-potolt
Józs 10:25	G4314	προς	PREP	LXX_WH
Józs 10:25	G0846	αυτους	D-APM	LXX_WH
Józs 10:25	G2424	ιησους	N-PRI	LXX_WH
Józs 10:25	G3165	μη	ADV	LXX_WH
Józs 10:25	G5399	φοβηθητε	V-APS-2P	LXX_WH
Józs 10:25	G0846	αυτους	D-APM	LXX_WH
Józs 10:25	G3366	μηδε	CONJ	LXX_WH
Józs 10:25	G1168	δειλιασητε	V-AAS-2P	LXX_WH
Józs 10:25	G0407	ανδριζεσθε	V-PMD-2P	LXX_WH
Józs 10:25	G2532	και	CONJ	LXX_WH
Józs 10:25	G2480	ισχυετε	V-PAD-2P	LXX_WH
Józs 10:25	G3754	οτι	CONJ	LXX_WH
Józs 10:25	G3778	ουτως	ADV	LXX_WH
Józs 10:25	G4160	ποιησει	V-FAI-3S	LXX_WH
Józs 10:25	G2962	κυριος	N-NSM	LXX_WH
Józs 10:25	G3956	πασι	A-DPM	LXX_WH
Józs 10:25	G3588	τοις	T-DPM	LXX_WH
Józs 10:25	G2190	εχθροις	N-DPM	LXX_WH
Józs 10:25	G4771	υμων	P-GP	LXX_WH
Józs 10:25	G3739	ους	R-APM	LXX_WH
Józs 10:25	G4771	υμεις	P-NP	LXX_WH
Józs 10:25		καταπολεμειτε	V-PAI-2P	ELTERO_SZOVEGALAP
Józs 10:25	G0846	αυτους	D-APM	LXX_WH
Józs 10:26	G2532	και	CONJ	LXX_WH
Józs 10:26	G0615	απεκτεινεν	V-AAI-3S	LXX_WH
Józs 10:26	G0846	αυτους	D-APM	LXX_WH
Józs 10:26	G2424	ιησους	N-PRI	LXX_WH
Józs 10:26	G2532	και	CONJ	LXX_WH
Józs 10:26		εκρεμασεν	V-AAI-3S	ELTERO_SZOVEGALAP
Józs 10:26	G0846	αυτους	D-APM	LXX_WH
Józs 10:26	G1909	επι	PREP	LXX_WH
Józs 10:26	G4002	πεντε	N-NUI	LXX_WH
Józs 10:26	G3586	ξυλων	N-GPN	LXX_WH
Józs 10:26	G2532	και	CONJ	LXX_WH
Józs 10:26	G1510	ησαν	V-IAI-3P	LXX_WH
Józs 10:26	G2910	κρεμαμενοι	V-PMPNP	ABP-potolt
Józs 10:26	G1909	επι	PREP	LXX_WH
Józs 10:26	G3588	των	T-GPN	LXX_WH
Józs 10:26	G3586	ξυλων	N-GPN	LXX_WH
Józs 10:26	G2193	εως	PREP	LXX_WH
Józs 10:26	G2073	εσπερας	N-GSF	LXX_WH
Józs 10:27	G2532	και	CONJ	LXX_WH
Józs 10:27	G1096	εγενηθη	V-API-3S	LXX_WH
Józs 10:27	G4314	προς	PREP	LXX_WH
Józs 10:27	G2246	ηλιου	N-GSM	LXX_WH
Józs 10:27	G1424	δυσμας	N-APF	LXX_WH
Józs 10:27	G1781	ενετειλατο	V-AMI-3S	LXX_WH
Józs 10:27	G2424	ιησους	N-PRI	LXX_WH
Józs 10:27	G2532	και	CONJ	LXX_WH
Józs 10:27	G2507	καθειλον	V-AAI-3P	LXX_WH
Józs 10:27	G0846	αυτους	D-APM	LXX_WH
Józs 10:27	G0575	απο	PREP	LXX_WH
Józs 10:27	G3588	των	T-GPN	LXX_WH
Józs 10:27	G3586	ξυλων	N-GPN	LXX_WH
Józs 10:27	G2532	και	CONJ	LXX_WH
Józs 10:27		ερριψαν	V-AAI-3P	ELTERO_SZOVEGALAP
Józs 10:27	G0846	αυτους	D-APM	LXX_WH
Józs 10:27	G1519	εις	PREP	LXX_WH
Józs 10:27	G3588	το	T-ASN	LXX_WH
Józs 10:27	G4693	σπηλαιον	N-ASN	LXX_WH
Józs 10:27	G1519	εις	PREP	LXX_WH
Józs 10:27	G3739	ο	R-ASN	LXX_WH
Józs 10:27	G2703	κατεφυγοσαν	V-AAI-3P	LXX_WH
Józs 10:27	G1563	εκει	ADV	LXX_WH
Józs 10:27	G2532	και	CONJ	LXX_WH
Józs 10:27	G1948	επεκυλισαν	V-AAI-3P	ABP-potolt
Józs 10:27	G3037	λιθους	N-APM	LXX_WH
Józs 10:27	G1909	επι	PREP	LXX_WH
Józs 10:27	G3588	το	T-ASN	LXX_WH
Józs 10:27	G4693	σπηλαιον	N-ASN	LXX_WH
Józs 10:27	G2193	εως	PREP	LXX_WH
Józs 10:27	G3588	της	T-GSF	LXX_WH
Józs 10:27	G4594	σημερον	ADV	LXX_WH
Józs 10:27	G2250	ημερας	N-GSF	LXX_WH
Józs 10:28	G2532	και	CONJ	LXX_WH
Józs 10:28	G3588	την	T-ASF	LXX_WH
Józs 10:28		μακηδα	N-PRI	ELTERO_SZOVEGALAP
Józs 10:28	G2983	ελαβοσαν	V-AAI-3P	LXX_WH
Józs 10:28	G1722	εν	PREP	LXX_WH
Józs 10:28	G3588	τη	T-DSF	LXX_WH
Józs 10:28	G2250	ημερα	N-DSF	LXX_WH
Józs 10:28	G1565	εκεινη	D-DSF	LXX_WH
Józs 10:28	G2532	και	CONJ	LXX_WH
Józs 10:28	G5407	εφονευσαν	V-AAI-3P	LXX_WH
Józs 10:28	G0846	αυτην	D-ASF	LXX_WH
Józs 10:28	G1722	εν	PREP	LXX_WH
Józs 10:28	G4750	στοματι	N-DSN	LXX_WH
Józs 10:28	G3584	ξιφους	N-GSN	ABP-potolt
Józs 10:28	G2532	και	CONJ	LXX_WH
Józs 10:28		εξωλεθρευσαν	V-AAI-3P	ELTERO_SZOVEGALAP
Józs 10:28	G3956	παν	A-ASN	LXX_WH
Józs 10:28		εμπνεον	A-ASN	ELTERO_SZOVEGALAP
Józs 10:28	G1722	εν	PREP	LXX_WH
Józs 10:28	G0846	αυτη	D-DSF	LXX_WH
Józs 10:28	G2532	και	CONJ	LXX_WH
Józs 10:28	G3364	ου	ADV	LXX_WH
Józs 10:28	G2641	κατελειφθη	V-API-3S	LXX_WH
Józs 10:28	G1722	εν	PREP	LXX_WH
Józs 10:28	G0846	αυτη	D-DSF	LXX_WH
Józs 10:28	G3762	ουδεις	A-NSM	LXX_WH
Józs 10:28	G1295	διασεσωσμενος	V-RMPNS	LXX_WH
Józs 10:28	G2532	και	CONJ	LXX_WH
Józs 10:28	G1309	διαπεφευγως	V-RAPNS	LXX_WH
Józs 10:28	G2532	και	CONJ	LXX_WH
Józs 10:28	G4160	εποιησαν	V-AAI-3P	LXX_WH
Józs 10:28	G3588	τω	T-DSM	LXX_WH
Józs 10:28	G0935	βασιλει	N-DSM	LXX_WH
Józs 10:28		μακηδα	N-PRI	ELTERO_SZOVEGALAP
Józs 10:28	G3739	ον	R-ASM	LXX_WH
Józs 10:28	G5158	τροπον	N-ASM	LXX_WH
Józs 10:28	G4160	εποιησαν	V-AAI-3P	LXX_WH
Józs 10:28	G3588	τω	T-DSM	LXX_WH
Józs 10:28	G0935	βασιλει	N-DSM	LXX_WH
Józs 10:28	G2410	ιεριχω	N-PRI	LXX_WH
Józs 10:29	G2532	και	CONJ	LXX_WH
Józs 10:29	G0565	απηλθεν	V-AAI-3S	LXX_WH
Józs 10:29	G2424	ιησους	N-PRI	LXX_WH
Józs 10:29	G2532	και	CONJ	LXX_WH
Józs 10:29	G3956	πας	A-NSM	LXX_WH
Józs 10:29	G2474	ισραηλ	N-PRI	LXX_WH
Józs 10:29	G3326	μετ	PREP	LXX_WH
Józs 10:29	G0846	αυτου	D-GSM	LXX_WH
Józs 10:29	G1537	εκ	PREP	LXX_WH
Józs 10:29		μακηδα	N-PRI	ELTERO_SZOVEGALAP
Józs 10:29	G1519	εις	PREP	LXX_WH
Józs 10:29		λεβνα	N-PRI	ELTERO_SZOVEGALAP
Józs 10:29	G2532	και	CONJ	LXX_WH
Józs 10:29		επολιορκει	V-IAI-3S	ELTERO_SZOVEGALAP
Józs 10:29		λεβνα	N-PRI	ELTERO_SZOVEGALAP
Józs 10:30	G2532	και	CONJ	LXX_WH
Józs 10:30	G3860	παρεδωκεν	V-AAI-3S	LXX_WH
Józs 10:30	G0846	αυτην	D-ASF	LXX_WH
Józs 10:30	G2962	κυριος	N-NSM	LXX_WH
Józs 10:30	G1519	εις	PREP	LXX_WH
Józs 10:30	G5495	χειρας	N-APF	LXX_WH
Józs 10:30	G2474	ισραηλ	N-PRI	LXX_WH
Józs 10:30	G2532	και	CONJ	LXX_WH
Józs 10:30	G2983	ελαβον	V-AAI-3P	LXX_WH
Józs 10:30	G0846	αυτην	D-ASF	LXX_WH
Józs 10:30	G2532	και	CONJ	LXX_WH
Józs 10:30	G3588	τον	T-ASM	LXX_WH
Józs 10:30	G0935	βασιλεα	N-ASM	LXX_WH
Józs 10:30	G0846	αυτης	D-GSF	LXX_WH
Józs 10:30	G2532	και	CONJ	LXX_WH
Józs 10:30	G5407	εφονευσαν	V-AAI-3P	LXX_WH
Józs 10:30	G0846	αυτην	D-ASF	LXX_WH
Józs 10:30	G1722	εν	PREP	LXX_WH
Józs 10:30	G4750	στοματι	N-DSN	LXX_WH
Józs 10:30	G3584	ξιφους	N-GSN	ABP-potolt
Józs 10:30	G2532	και	CONJ	LXX_WH
Józs 10:30	G3956	παν	A-ASN	LXX_WH
Józs 10:30		εμπνεον	A-ASN	ELTERO_SZOVEGALAP
Józs 10:30	G1722	εν	PREP	LXX_WH
Józs 10:30	G0846	αυτη	D-DSF	LXX_WH
Józs 10:30	G2532	και	CONJ	LXX_WH
Józs 10:30	G3364	ου	ADV	LXX_WH
Józs 10:30	G2641	κατελειφθη	V-API-3S	LXX_WH
Józs 10:30	G1722	εν	PREP	LXX_WH
Józs 10:30	G0846	αυτη	D-DSF	LXX_WH
Józs 10:30	G3761	ουδε	CONJ	LXX_WH
Józs 10:30	G1519	εις	A-NSM	LXX_WH
Józs 10:30	G1295	διασεσωσμενος	V-RMPNS	LXX_WH
Józs 10:30	G2532	και	CONJ	LXX_WH
Józs 10:30	G1309	διαπεφευγως	V-RAPNS	LXX_WH
Józs 10:30	G2532	και	CONJ	LXX_WH
Józs 10:30	G4160	εποιησαν	V-AAI-3P	LXX_WH
Józs 10:30	G3588	τω	T-DSM	LXX_WH
Józs 10:30	G0935	βασιλει	N-DSM	LXX_WH
Józs 10:30	G0846	αυτης	D-GSF	LXX_WH
Józs 10:30	G3739	ον	R-ASM	LXX_WH
Józs 10:30	G5158	τροπον	N-ASM	LXX_WH
Józs 10:30	G4160	εποιησαν	V-AAI-3P	LXX_WH
Józs 10:30	G3588	τω	T-DSM	LXX_WH
Józs 10:30	G0935	βασιλει	N-DSM	LXX_WH
Józs 10:30	G2410	ιεριχω	N-PRI	LXX_WH
Józs 10:31	G2532	και	CONJ	LXX_WH
Józs 10:31	G0565	απηλθεν	V-AAI-3S	LXX_WH
Józs 10:31	G2424	ιησους	N-PRI	LXX_WH
Józs 10:31	G2532	και	CONJ	LXX_WH
Józs 10:31	G3956	πας	A-NSM	LXX_WH
Józs 10:31	G2474	ισραηλ	N-PRI	LXX_WH
Józs 10:31	G3326	μετ	PREP	LXX_WH
Józs 10:31	G0846	αυτου	D-GSM	LXX_WH
Józs 10:31	G1537	εκ	PREP	LXX_WH
Józs 10:31		λεβνα	N-PRI	ELTERO_SZOVEGALAP
Józs 10:31	G1519	εις	PREP	LXX_WH
Józs 10:31		λαχις	N-PRI	ELTERO_SZOVEGALAP
Józs 10:31	G2532	και	CONJ	LXX_WH
Józs 10:31		περιεκαθισεν	V-AAI-3S	ELTERO_SZOVEGALAP
Józs 10:31	G0846	αυτην	D-ASF	LXX_WH
Józs 10:31	G2532	και	CONJ	LXX_WH
Józs 10:31		επολιορκει	V-IAI-3S	ELTERO_SZOVEGALAP
Józs 10:31	G0846	αυτην	D-ASF	LXX_WH
Józs 10:32	G2532	και	CONJ	LXX_WH
Józs 10:32	G3860	παρεδωκεν	V-AAI-3S	LXX_WH
Józs 10:32	G2962	κυριος	N-NSM	LXX_WH
Józs 10:32	G3588	την	T-ASF	LXX_WH
Józs 10:32		λαχις	N-PRI	ELTERO_SZOVEGALAP
Józs 10:32	G1519	εις	PREP	LXX_WH
Józs 10:32	G3588	τας	T-APF	LXX_WH
Józs 10:32	G5495	χειρας	N-APF	LXX_WH
Józs 10:32	G2474	ισραηλ	N-PRI	LXX_WH
Józs 10:32	G2532	και	CONJ	LXX_WH
Józs 10:32	G2983	ελαβεν	V-AAI-3S	LXX_WH
Józs 10:32	G0846	αυτην	D-ASF	LXX_WH
Józs 10:32	G1722	εν	PREP	LXX_WH
Józs 10:32	G3588	τη	T-DSF	LXX_WH
Józs 10:32	G2250	ημερα	N-DSF	LXX_WH
Józs 10:32	G3588	τη	T-DSF	LXX_WH
Józs 10:32	G1208	δευτερα	A-DSF	LXX_WH
Józs 10:32	G2532	και	CONJ	LXX_WH
Józs 10:32	G5407	εφονευσαν	V-AAI-3P	LXX_WH
Józs 10:32	G0846	αυτην	D-ASF	LXX_WH
Józs 10:32	G1722	εν	PREP	LXX_WH
Józs 10:32	G4750	στοματι	N-DSN	LXX_WH
Józs 10:32	G3584	ξιφους	N-GSN	ABP-potolt
Józs 10:32	G2532	και	CONJ	LXX_WH
Józs 10:32		εξωλεθρευσαν	V-AAI-3P	ELTERO_SZOVEGALAP
Józs 10:32	G0846	αυτην	D-ASF	LXX_WH
Józs 10:32	G3739	ον	R-ASM	LXX_WH
Józs 10:32	G5158	τροπον	N-ASM	LXX_WH
Józs 10:32	G4160	εποιησαν	V-AAI-3P	LXX_WH
Józs 10:32	G3588	την	T-ASF	LXX_WH
Józs 10:32		λεβνα	N-PRI	ELTERO_SZOVEGALAP
Józs 10:33	G5119	τοτε	ADV	LXX_WH
Józs 10:33	G0305	ανεβη	V-AAI-3S	LXX_WH
Józs 10:33		αιλαμ	N-PRI	ELTERO_SZOVEGALAP
Józs 10:33	G0935	βασιλευς	N-NSM	LXX_WH
Józs 10:33		γαζερ	N-PRI	ELTERO_SZOVEGALAP
Józs 10:33	G0997	βοηθησων	V-FAPNS	LXX_WH
Józs 10:33	G3588	τη	T-DSF	LXX_WH
Józs 10:33		λαχις	N-PRI	ELTERO_SZOVEGALAP
Józs 10:33	G2532	και	CONJ	LXX_WH
Józs 10:33	G3960	επαταξεν	V-AAI-3S	LXX_WH
Józs 10:33	G0846	αυτον	D-ASM	LXX_WH
Józs 10:33	G2424	ιησους	N-PRI	LXX_WH
Józs 10:33	G1722	εν	PREP	LXX_WH
Józs 10:33	G4750	στοματι	N-DSN	LXX_WH
Józs 10:33	G3584	ξιφους	N-GSN	ABP-potolt
Józs 10:33	G2532	και	CONJ	LXX_WH
Józs 10:33	G3588	τον	T-ASM	LXX_WH
Józs 10:33	G2992	λαον	N-ASM	LXX_WH
Józs 10:33	G0846	αυτου	D-GSM	LXX_WH
Józs 10:33	G2193	εως	PREP	LXX_WH
Józs 10:33	G3588	του	T-GSN	LXX_WH
Józs 10:33	G3165	μη	ADV	LXX_WH
Józs 10:33	G2641	καταλειφθηναι	V-APN	LXX_WH
Józs 10:33	G0846	αυτων	D-GPM	LXX_WH
Józs 10:33	G4982	σεσωσμενον	V-RMPAS	LXX_WH
Józs 10:33	G2532	και	CONJ	LXX_WH
Józs 10:33	G1309	διαπεφευγοτα	V-RAPAS	LXX_WH
Józs 10:34	G2532	και	CONJ	LXX_WH
Józs 10:34	G0565	απηλθεν	V-AAI-3S	LXX_WH
Józs 10:34	G2424	ιησους	N-PRI	LXX_WH
Józs 10:34	G2532	και	CONJ	LXX_WH
Józs 10:34	G3956	πας	A-NSM	LXX_WH
Józs 10:34	G2474	ισραηλ	N-PRI	LXX_WH
Józs 10:34	G3326	μετ	PREP	LXX_WH
Józs 10:34	G0846	αυτου	D-GSM	LXX_WH
Józs 10:34	G1537	εκ	PREP	LXX_WH
Józs 10:34		λαχις	N-PRI	ELTERO_SZOVEGALAP
Józs 10:34	G1519	εις	PREP	LXX_WH
Józs 10:34		οδολλαμ	N-PRI	ELTERO_SZOVEGALAP
Józs 10:34	G2532	και	CONJ	LXX_WH
Józs 10:34		περιεκαθισεν	V-AAI-3S	ELTERO_SZOVEGALAP
Józs 10:34	G0846	αυτην	D-ASF	LXX_WH
Józs 10:34	G2532	και	CONJ	LXX_WH
Józs 10:34		επολιορκησεν	V-AAI-3S	ELTERO_SZOVEGALAP
Józs 10:34	G0846	αυτην	D-ASF	LXX_WH
Józs 10:35	G2532	και	CONJ	LXX_WH
Józs 10:35	G3860	παρεδωκεν	V-AAI-3S	LXX_WH
Józs 10:35	G0846	αυτην	D-ASF	LXX_WH
Józs 10:35	G2962	κυριος	N-NSM	LXX_WH
Józs 10:35	G1722	εν	PREP	LXX_WH
Józs 10:35	G5495	χειρι	N-DSF	LXX_WH
Józs 10:35	G2474	ισραηλ	N-PRI	LXX_WH
Józs 10:35	G2532	και	CONJ	LXX_WH
Józs 10:35	G2983	ελαβεν	V-AAI-3S	LXX_WH
Józs 10:35	G0846	αυτην	D-ASF	LXX_WH
Józs 10:35	G1722	εν	PREP	LXX_WH
Józs 10:35	G3588	τη	T-DSF	LXX_WH
Józs 10:35	G2250	ημερα	N-DSF	LXX_WH
Józs 10:35	G1565	εκεινη	D-DSF	LXX_WH
Józs 10:35	G2532	και	CONJ	LXX_WH
Józs 10:35	G5407	εφονευσεν	V-AAI-3S	LXX_WH
Józs 10:35	G0846	αυτην	D-ASF	LXX_WH
Józs 10:35	G1722	εν	PREP	LXX_WH
Józs 10:35	G4750	στοματι	N-DSN	LXX_WH
Józs 10:35	G3584	ξιφους	N-GSN	ABP-potolt
Józs 10:35	G2532	και	CONJ	LXX_WH
Józs 10:35	G3956	παν	A-ASN	LXX_WH
Józs 10:35	G1709	εμπνεον	A-ASN	ABP-potolt
Józs 10:35	G1722	εν	PREP	LXX_WH
Józs 10:35	G0846	αυτη	D-DSF	LXX_WH
Józs 10:35	G5407	εφονευσαν	V-AAI-3P	LXX_WH
Józs 10:35	G3739	ον	R-ASM	LXX_WH
Józs 10:35	G5158	τροπον	N-ASM	LXX_WH
Józs 10:35	G4160	εποιησαν	V-AAI-3P	LXX_WH
Józs 10:35	G3588	τη	T-DSF	LXX_WH
Józs 10:35		λαχις	N-PRI	ELTERO_SZOVEGALAP
Józs 10:36	G2532	και	CONJ	LXX_WH
Józs 10:36	G0565	απηλθεν	V-AAI-3S	LXX_WH
Józs 10:36	G2424	ιησους	N-PRI	LXX_WH
Józs 10:36	G2532	και	CONJ	LXX_WH
Józs 10:36	G3956	πας	A-NSM	LXX_WH
Józs 10:36	G2474	ισραηλ	N-PRI	LXX_WH
Józs 10:36	G3326	μετ	PREP	LXX_WH
Józs 10:36	G0846	αυτου	D-GSM	LXX_WH
Józs 10:36	G1519	εις	PREP	LXX_WH
Józs 10:36		χεβρων	N-PRI	ELTERO_SZOVEGALAP
Józs 10:36	G2532	και	CONJ	LXX_WH
Józs 10:36		περιεκαθισεν	V-AAI-3S	ELTERO_SZOVEGALAP
Józs 10:36	G0846	αυτην	D-ASF	LXX_WH
Józs 10:37	G2532	και	CONJ	LXX_WH
Józs 10:37	G3960	επαταξεν	V-AAI-3S	LXX_WH
Józs 10:37	G0846	αυτην	D-ASF	LXX_WH
Józs 10:37	G1722	εν	PREP	LXX_WH
Józs 10:37	G4750	στοματι	N-DSN	LXX_WH
Józs 10:37	G3584	ξιφους	N-GSN	ABP-potolt
Józs 10:37	G2532	και	CONJ	LXX_WH
Józs 10:37	G3956	παν	A-ASN	LXX_WH
Józs 10:37	G1709	εμπνεον	A-ASN	ABP-potolt
Józs 10:37	G3745	οσα	A-NPN	LXX_WH
Józs 10:37	G1510	ην	V-IAI-3S	LXX_WH
Józs 10:37	G1722	εν	PREP	LXX_WH
Józs 10:37	G0846	αυτη	D-DSF	LXX_WH
Józs 10:37	G3364	ουκ	ADV	LXX_WH
Józs 10:37	G1510	ην	V-IAI-3S	LXX_WH
Józs 10:37	G1295	διασεσωσμενος	V-RMPNS	LXX_WH
Józs 10:37	G3739	ον	R-ASM	LXX_WH
Józs 10:37	G5158	τροπον	N-ASM	LXX_WH
Józs 10:37	G4160	εποιησαν	V-AAI-3P	LXX_WH
Józs 10:37	G3588	την	T-ASF	LXX_WH
Józs 10:37		οδολλαμ	N-PRI	ELTERO_SZOVEGALAP
Józs 10:37		εξωλεθρευσαν	V-AAI-3P	ELTERO_SZOVEGALAP
Józs 10:37	G0846	αυτην	D-ASF	LXX_WH
Józs 10:37	G2532	και	CONJ	LXX_WH
Józs 10:37	G3745	οσα	A-APN	LXX_WH
Józs 10:37	G1510	ην	V-IAI-3S	LXX_WH
Józs 10:37	G1722	εν	PREP	LXX_WH
Józs 10:37	G0846	αυτη	D-DSF	LXX_WH
Józs 10:38	G2532	και	CONJ	LXX_WH
Józs 10:38	G0654	απεστρεψεν	V-AAI-3S	LXX_WH
Józs 10:38	G2424	ιησους	N-PRI	LXX_WH
Józs 10:38	G2532	και	CONJ	LXX_WH
Józs 10:38	G3956	πας	A-NSM	LXX_WH
Józs 10:38	G2474	ισραηλ	N-PRI	LXX_WH
Józs 10:38	G1519	εις	PREP	LXX_WH
Józs 10:38		δαβιρ	N-PRI	ELTERO_SZOVEGALAP
Józs 10:38	G2532	και	CONJ	LXX_WH
Józs 10:38		περικαθισαντες	V-AAPNP	ELTERO_SZOVEGALAP
Józs 10:38	G0846	αυτην	D-ASF	LXX_WH
Józs 10:39	G2983	ελαβον	V-AAI-3P	LXX_WH
Józs 10:39	G0846	αυτην	D-ASF	LXX_WH
Józs 10:39	G2532	και	CONJ	LXX_WH
Józs 10:39	G3588	τον	T-ASM	LXX_WH
Józs 10:39	G0935	βασιλεα	N-ASM	LXX_WH
Józs 10:39	G0846	αυτης	D-GSF	LXX_WH
Józs 10:39	G2532	και	CONJ	LXX_WH
Józs 10:39	G3588	τας	T-APF	LXX_WH
Józs 10:39	G2864	κωμας	N-APF	LXX_WH
Józs 10:39	G0846	αυτης	D-GSF	LXX_WH
Józs 10:39	G2532	και	CONJ	LXX_WH
Józs 10:39	G3960	επαταξαν	V-AAI-3P	LXX_WH
Józs 10:39	G0846	αυτην	D-ASF	LXX_WH
Józs 10:39	G1722	εν	PREP	LXX_WH
Józs 10:39	G4750	στοματι	N-DSN	LXX_WH
Józs 10:39	G3584	ξιφους	N-GSN	ABP-potolt
Józs 10:39	G2532	και	CONJ	LXX_WH
Józs 10:39		εξωλεθρευσαν	V-AAI-3P	ELTERO_SZOVEGALAP
Józs 10:39	G0846	αυτην	D-ASF	LXX_WH
Józs 10:39	G2532	και	CONJ	LXX_WH
Józs 10:39	G3956	παν	A-ASN	LXX_WH
Józs 10:39	G1709	εμπνεον	A-ASN	ABP-potolt
Józs 10:39	G1722	εν	PREP	LXX_WH
Józs 10:39	G0846	αυτη	D-DSF	LXX_WH
Józs 10:39	G2532	και	CONJ	LXX_WH
Józs 10:39	G3364	ου	ADV	LXX_WH
Józs 10:39	G2641	κατελιπον	V-AAI-3P	LXX_WH
Józs 10:39	G0846	αυτη	D-DSF	LXX_WH
Józs 10:39	G3762	ουδενα	A-ASM	LXX_WH
Józs 10:39	G1295	διασεσωσμενον	V-RMPAS	LXX_WH
Józs 10:39	G3739	ον	R-ASM	LXX_WH
Józs 10:39	G5158	τροπον	N-ASM	LXX_WH
Józs 10:39	G4160	εποιησαν	V-AAI-3P	LXX_WH
Józs 10:39	G3588	την	T-ASF	LXX_WH
Józs 10:39		χεβρων	N-PRI	
Józs 10:39	G2532	και	CONJ	LXX_WH
Józs 10:39	G3588	τω	T-DSM	LXX_WH
Józs 10:39	G0935	βασιλει	N-DSM	LXX_WH
Józs 10:39	G0846	αυτης	D-GSF	LXX_WH
Józs 10:39	G3778	ουτως	ADV	LXX_WH
Józs 10:39	G4160	εποιησαν	V-AAI-3P	LXX_WH
Józs 10:39	G3588	τη	T-DSF	LXX_WH
Józs 10:39		δαβιρ	N-PRI	
Józs 10:39	G2532	και	CONJ	LXX_WH
Józs 10:39	G3588	τω	T-DSM	LXX_WH
Józs 10:39	G0935	βασιλει	N-DSM	LXX_WH
Józs 10:39	G0846	αυτης	D-GSF	LXX_WH
Józs 10:40	G2532	και	CONJ	LXX_WH
Józs 10:40	G3960	επαταξεν	V-AAI-3S	LXX_WH
Józs 10:40	G2424	ιησους	N-PRI	LXX_WH
Józs 10:40	G3956	πασαν	A-ASF	LXX_WH
Józs 10:40	G3588	την	T-ASF	LXX_WH
Józs 10:40	G1065	γην	N-ASF	LXX_WH
Józs 10:40	G3588	της	T-GSF	LXX_WH
Józs 10:40		ορεινης	N-GSF	
Józs 10:40	G2532	και	CONJ	LXX_WH
Józs 10:40	G3588	την	T-ASF	LXX_WH
Józs 10:40		ναγεβ	N-PRI	
Józs 10:40	G2532	και	CONJ	LXX_WH
Józs 10:40	G3588	την	T-ASF	LXX_WH
Józs 10:40		πεδινην	A-ASF	
Józs 10:40	G2532	και	CONJ	LXX_WH
Józs 10:40	G3588	την	T-ASF	LXX_WH
Józs 10:40		ασηδωθ	N-PRI	
Józs 10:40	G2532	και	CONJ	LXX_WH
Józs 10:40	G3588	τους	T-APM	LXX_WH
Józs 10:40	G0935	βασιλεις	N-APM	LXX_WH
Józs 10:40	G0846	αυτης	D-GSF	LXX_WH
Józs 10:40	G3364	ου	ADV	LXX_WH
Józs 10:40	G2641	κατελιπον	V-AAI-3P	LXX_WH
Józs 10:40	G0846	αυτων	D-GPM	LXX_WH
Józs 10:40	G4982	σεσωσμενον	V-RMPAS	LXX_WH
Józs 10:40	G2532	και	CONJ	LXX_WH
Józs 10:40	G3956	παν	A-ASN	LXX_WH
Józs 10:40	G1709	εμπνεον	A-ASN	ABP-potolt
Józs 10:40	G2222	ζωης	N-GSF	LXX_WH
Józs 10:40	G1842	εξωλεθρευσεν	V-AAI-3S	ABP-potolt
Józs 10:40	G3739	ον	R-ASM	LXX_WH
Józs 10:40	G5158	τροπον	N-ASM	LXX_WH
Józs 10:40	G1781	ενετειλατο	V-AMI-3S	LXX_WH
Józs 10:40	G2962	κυριος	N-NSM	LXX_WH
Józs 10:40	G3588	ο	T-NSM	LXX_WH
Józs 10:40	G2316	θεος	N-NSM	LXX_WH
Józs 10:40	G2474	ισραηλ	N-PRI	LXX_WH
Józs 10:41	G0575	απο	PREP	LXX_WH
Józs 10:41		καδης	N-PRI	ELTERO_SZOVEGALAP
Józs 10:41		βαρνη	N-PRI	ELTERO_SZOVEGALAP
Józs 10:41	G2193	εως	PREP	LXX_WH
Józs 10:41	G1047	γαζης	N-GSF	LXX_WH
Józs 10:41	G3956	πασαν	A-ASF	LXX_WH
Józs 10:41	G3588	την	T-ASF	LXX_WH
Józs 10:41	G1093	γοσομ	N-PRI	ABP-potolt
Józs 10:41	G2193	εως	PREP	LXX_WH
Józs 10:41	G3588	της	T-GSF	LXX_WH
Józs 10:41		γαβαων	N-PRI	ELTERO_SZOVEGALAP
Józs 10:42	G2532	και	CONJ	LXX_WH
Józs 10:42	G3956	παντας	A-APM	LXX_WH
Józs 10:42	G3588	τους	T-APM	LXX_WH
Józs 10:42	G0935	βασιλεις	N-APM	LXX_WH
Józs 10:42	G0846	αυτων	D-GPM	LXX_WH
Józs 10:42	G2532	και	CONJ	LXX_WH
Józs 10:42	G3588	την	T-ASF	LXX_WH
Józs 10:42	G1065	γην	N-ASF	LXX_WH
Józs 10:42	G0846	αυτων	D-GPM	LXX_WH
Józs 10:42	G3960	επαταξεν	V-AAI-3S	LXX_WH
Józs 10:42	G2424	ιησους	N-PRI	LXX_WH
Józs 10:42	G1519	εις	PREP	LXX_WH
Józs 10:42	G0530	απαξ	ADV	LXX_WH
Józs 10:42	G3754	οτι	CONJ	LXX_WH
Józs 10:42	G2962	κυριος	N-NSM	LXX_WH
Józs 10:42	G3588	ο	T-NSM	LXX_WH
Józs 10:42	G2316	θεος	N-NSM	LXX_WH
Józs 10:42	G2474	ισραηλ	N-PRI	LXX_WH
Józs 10:42		συνεπολεμει	V-IAI-3S	ELTERO_SZOVEGALAP
Józs 10:42	G3588	τω	T-DSM	LXX_WH
Józs 10:42	G2474	ισραηλ	N-PRI	LXX_WH
Józs 11:1	G3739	ως	CONJ	LXX_WH
Józs 11:1	G1161	δε	PRT	LXX_WH
Józs 11:1	G0191	ηκουσεν	V-AAI-3S	LXX_WH
Józs 11:1		ιαβιν	N-PRI	ELTERO_SZOVEGALAP
Józs 11:1	G0935	βασιλευς	N-NSM	LXX_WH
Józs 11:1		ασωρ	N-PRI	ELTERO_SZOVEGALAP
Józs 11:1	G0649	απεστειλεν	V-AAI-3S	LXX_WH
Józs 11:1	G4314	προς	PREP	LXX_WH
Józs 11:1		ιωβαβ	N-PRI	ELTERO_SZOVEGALAP
Józs 11:1	G0935	βασιλεα	N-ASM	LXX_WH
Józs 11:1		μαρρων	N-PRI	ELTERO_SZOVEGALAP
Józs 11:1	G2532	και	CONJ	LXX_WH
Józs 11:1	G4314	προς	PREP	LXX_WH
Józs 11:1	G0935	βασιλεα	N-ASM	LXX_WH
Józs 11:1		συμοων	N-PRI	ELTERO_SZOVEGALAP
Józs 11:1	G2532	και	CONJ	LXX_WH
Józs 11:1	G4314	προς	PREP	LXX_WH
Józs 11:1	G0935	βασιλεα	N-ASM	LXX_WH
Józs 11:1		αζιφ	N-PRI	ELTERO_SZOVEGALAP
Józs 11:2	G2532	και	CONJ	LXX_WH
Józs 11:2	G4314	προς	PREP	LXX_WH
Józs 11:2	G3588	τους	T-APM	LXX_WH
Józs 11:2	G0935	βασιλεις	N-APM	LXX_WH
Józs 11:2	G3588	τους	T-APM	LXX_WH
Józs 11:2	G2596	κατα	PREP	LXX_WH
Józs 11:2	G4605	σιδωνα	N-PRI	LXX_WH
Józs 11:2	G3588	την	T-ASF	LXX_WH
Józs 11:2	G3173	μεγαλην	A-ASF	LXX_WH
Józs 11:2	G1519	εις	PREP	LXX_WH
Józs 11:2	G3588	την	T-ASF	LXX_WH
Józs 11:2		ορεινην	N-ASF	
Józs 11:2	G2532	και	CONJ	LXX_WH
Józs 11:2	G1519	εις	PREP	LXX_WH
Józs 11:2	G3588	την	T-ASF	LXX_WH
Józs 11:2		ραβα	N-PRI	
Józs 11:2		απεναντι	PREP	
Józs 11:2		κενερωθ	N-PRI	
Józs 11:2	G2532	και	CONJ	LXX_WH
Józs 11:2	G1519	εις	PREP	LXX_WH
Józs 11:2	G3588	το	T-ASN	LXX_WH
Józs 11:2		πεδιον	N-ASN	
Józs 11:2	G2532	και	CONJ	LXX_WH
Józs 11:2	G1519	εις	PREP	LXX_WH
Józs 11:2		ναφεδδωρ	N-PRI	ELTERO_SZOVEGALAP
Józs 11:3	G2532	και	CONJ	LXX_WH
Józs 11:3	G1519	εις	PREP	LXX_WH
Józs 11:3	G3588	τους	T-APM	LXX_WH
Józs 11:3	G3882	παραλιους	A-APM	LXX_WH
Józs 11:3		χαναναιους	N-APM	ELTERO_SZOVEGALAP
Józs 11:3	G0575	απο	PREP	LXX_WH
Józs 11:3	G0395	ανατολων	N-GPF	LXX_WH
Józs 11:3	G2532	και	CONJ	LXX_WH
Józs 11:3	G1519	εις	PREP	LXX_WH
Józs 11:3	G3588	τους	T-APM	LXX_WH
Józs 11:3	G3882	παραλιους	A-APM	LXX_WH
Józs 11:3		αμορραιους	N-APM	ELTERO_SZOVEGALAP
Józs 11:3	G2532	και	CONJ	LXX_WH
Józs 11:3	G3588	ευαιους	N-APM	ABP-potolt
Józs 11:3	G2532	και	CONJ	LXX_WH
Józs 11:3	G3588	ιεβουσαιους	N-APM	ABP-potolt
Józs 11:3	G2532	και	CONJ	LXX_WH
Józs 11:3		φερεζαιους	N-APM	
Józs 11:3	G3588	τους	T-APM	LXX_WH
Józs 11:3	G1722	εν	PREP	LXX_WH
Józs 11:3	G3588	τω	T-DSN	LXX_WH
Józs 11:3	G3735	ορει	N-DSN	LXX_WH
Józs 11:3	G2532	και	CONJ	LXX_WH
Józs 11:3	G3588	τους	T-APM	LXX_WH
Józs 11:3	G1722	χετταιους	N-APM	ABP-potolt
Józs 11:3	G3588	τους	T-APM	LXX_WH
Józs 11:3	G5259	υπο	PREP	LXX_WH
Józs 11:3	G3588	την	T-ASF	LXX_WH
Józs 11:3	G5259	αερμων	N-PRI	ABP-potolt
Józs 11:3	G1519	εις	PREP	LXX_WH
Józs 11:3	G1065	γην	N-ASF	LXX_WH
Józs 11:3		μασσηφα	N-PRI	ELTERO_SZOVEGALAP
Józs 11:4	G2532	και	CONJ	LXX_WH
Józs 11:4	G1831	εξηλθον	V-AAI-3P	LXX_WH
Józs 11:4	G0846	αυτοι	D-NPM	LXX_WH
Józs 11:4	G2532	και	CONJ	LXX_WH
Józs 11:4	G3588	οι	T-NPM	LXX_WH
Józs 11:4	G0935	βασιλεις	N-NPM	LXX_WH
Józs 11:4	G0846	αυτων	D-GPM	LXX_WH
Józs 11:4	G3326	μετ	PREP	LXX_WH
Józs 11:4	G0846	αυτων	D-GPM	LXX_WH
Józs 11:4	G3746	ωσπερ	ADV	LXX_WH
Józs 11:4	G3588	η	T-NSF	LXX_WH
Józs 11:4	G0285	αμμος	N-NSF	LXX_WH
Józs 11:4	G3588	της	T-GSF	LXX_WH
Józs 11:4	G2281	θαλασσης	N-GSF	LXX_WH
Józs 11:4	G3588	τω	T-DSN	LXX_WH
Józs 11:4	G4128	πληθει	N-DSN	LXX_WH
Józs 11:4	G2532	και	CONJ	LXX_WH
Józs 11:4	G2462	ιπποι	N-NPM	LXX_WH
Józs 11:4	G2532	και	CONJ	LXX_WH
Józs 11:4	G0716	αρματα	N-NPN	LXX_WH
Józs 11:4	G4183	πολλα	A-NPN	LXX_WH
Józs 11:4	G4970	σφοδρα	ADV	LXX_WH
Józs 11:5	G2532	και	CONJ	LXX_WH
Józs 11:5	G4905	συνηλθον	V-AAI-3P	LXX_WH
Józs 11:5	G3956	παντες	A-NPM	LXX_WH
Józs 11:5	G3588	οι	T-NPM	LXX_WH
Józs 11:5	G0935	βασιλεις	N-NPM	LXX_WH
Józs 11:5	G3778	ουτοι	D-NPM	LXX_WH
Józs 11:5	G2532	και	CONJ	LXX_WH
Józs 11:5	G3854	παρεγενοντο	V-AMI-3P	LXX_WH
Józs 11:5	G1909	επι	PREP	LXX_WH
Józs 11:5	G3588	το	T-ASN	LXX_WH
Józs 11:5	G0846	αυτο	D-ASN	LXX_WH
Józs 11:5	G2532	και	CONJ	LXX_WH
Józs 11:5	G3924	παρενεβαλον	V-AAI-3P	ABP-potolt
Józs 11:5	G1909	επι	PREP	LXX_WH
Józs 11:5	G3588	του	T-GSN	LXX_WH
Józs 11:5	G5204	υδατος	N-GSN	LXX_WH
Józs 11:5		μαρρων	N-PRI	ELTERO_SZOVEGALAP
Józs 11:5	G4170	πολεμησαι	V-AAN	LXX_WH
Józs 11:5	G3588	τον	T-ASM	LXX_WH
Józs 11:5	G2474	ισραηλ	N-PRI	LXX_WH
Józs 11:6	G2532	και	CONJ	LXX_WH
Józs 11:6		ειπεν	V-AAI-3S	ELTERO_SZOVEGALAP
Józs 11:6	G2962	κυριος	N-NSM	LXX_WH
Józs 11:6	G4314	προς	PREP	LXX_WH
Józs 11:6	G2424	ιησουν	N-PRI	LXX_WH
Józs 11:6	G3165	μη	ADV	LXX_WH
Józs 11:6	G5399	φοβηθης	V-APS-2S	LXX_WH
Józs 11:6	G0575	απο	PREP	LXX_WH
Józs 11:6	G4383	προσωπου	N-GSN	LXX_WH
Józs 11:6	G0846	αυτων	D-GPM	LXX_WH
Józs 11:6	G3754	οτι	CONJ	LXX_WH
Józs 11:6	G0839	αυριον	ADV	LXX_WH
Józs 11:6	G3778	ταυτην	D-ASF	LXX_WH
Józs 11:6	G3588	την	T-ASF	LXX_WH
Józs 11:6	G5610	ωραν	N-ASF	LXX_WH
Józs 11:6	G1473	εγω	P-NS	LXX_WH
Józs 11:6	G3860	παραδιδωμι	V-PAI-1S	LXX_WH
Józs 11:6		τετροπωμενους	V-RMPAP	ELTERO_SZOVEGALAP
Józs 11:6	G0846	αυτους	D-APM	LXX_WH
Józs 11:6	G1726	εναντιον	PREP	LXX_WH
Józs 11:6	G3588	του	T-GSM	LXX_WH
Józs 11:6	G2474	ισραηλ	N-PRI	LXX_WH
Józs 11:6	G3588	τους	T-APM	LXX_WH
Józs 11:6	G2462	ιππους	N-APM	LXX_WH
Józs 11:6	G0846	αυτων	D-GPM	LXX_WH
Józs 11:6		νευροκοπησεις	V-FAI-2S	ELTERO_SZOVEGALAP
Józs 11:6	G2532	και	CONJ	LXX_WH
Józs 11:6	G3588	τα	T-APN	LXX_WH
Józs 11:6	G0716	αρματα	N-APN	LXX_WH
Józs 11:6	G0846	αυτων	D-GPM	LXX_WH
Józs 11:6	G2618	κατακαυσεις	V-FAI-2S	LXX_WH
Józs 11:6	G1722	εν	PREP	LXX_WH
Józs 11:6	G4442	πυρι	N-DSN	LXX_WH
Józs 11:7	G2532	και	CONJ	LXX_WH
Józs 11:7	G2064	ηλθεν	V-AAI-3S	LXX_WH
Józs 11:7	G2424	ιησους	N-PRI	LXX_WH
Józs 11:7	G2532	και	CONJ	LXX_WH
Józs 11:7	G3956	πας	A-NSM	LXX_WH
Józs 11:7	G3588	ο	T-NSM	LXX_WH
Józs 11:7	G2992	λαος	N-NSM	LXX_WH
Józs 11:7	G3588	ο	T-NSM	LXX_WH
Józs 11:7		πολεμιστης	N-NSM	ELTERO_SZOVEGALAP
Józs 11:7	G1909	επ	PREP	LXX_WH
Józs 11:7	G0846	αυτους	D-APM	LXX_WH
Józs 11:7	G1909	επι	PREP	LXX_WH
Józs 11:7	G3588	το	T-ASN	LXX_WH
Józs 11:7	G5204	υδωρ	N-ASN	LXX_WH
Józs 11:7		μαρρων	N-PRI	ELTERO_SZOVEGALAP
Józs 11:7	G1819	εξαπινα	ADV	LXX_WH
Józs 11:7	G2532	και	CONJ	LXX_WH
Józs 11:7	G1968	επεπεσαν	V-AAI-3P	LXX_WH
Józs 11:7	G1909	επ	PREP	LXX_WH
Józs 11:7	G0846	αυτους	D-APM	LXX_WH
Józs 11:7	G1722	εν	PREP	LXX_WH
Józs 11:7	G3588	τη	T-DSF	LXX_WH
Józs 11:7	G3714	ορεινη	N-DSF	ABP-potolt
Józs 11:8	G2532	και	CONJ	LXX_WH
Józs 11:8	G3860	παρεδωκεν	V-AAI-3S	LXX_WH
Józs 11:8	G0846	αυτους	D-APM	LXX_WH
Józs 11:8	G2962	κυριος	N-NSM	LXX_WH
Józs 11:8		υποχειριους	A-APM	ELTERO_SZOVEGALAP
Józs 11:8	G2474	ισραηλ	N-PRI	LXX_WH
Józs 11:8	G2532	και	CONJ	LXX_WH
Józs 11:8	G2875	κοπτοντες	V-PAPNP	LXX_WH
Józs 11:8	G0846	αυτους	D-APM	LXX_WH
Józs 11:8	G2614	κατεδιωκον	V-IAI-3P	LXX_WH
Józs 11:8	G2193	εως	PREP	LXX_WH
Józs 11:8	G4605	σιδωνος	N-PRI	LXX_WH
Józs 11:8	G3588	της	T-GSF	LXX_WH
Józs 11:8	G3173	μεγαλης	A-GSF	LXX_WH
Józs 11:8	G2532	και	CONJ	LXX_WH
Józs 11:8	G2193	εως	PREP	LXX_WH
Józs 11:8		μασερων	N-PRI	ELTERO_SZOVEGALAP
Józs 11:8	G2532	και	CONJ	LXX_WH
Józs 11:8	G2193	εως	PREP	LXX_WH
Józs 11:8	G3588	των	T-GPN	LXX_WH
Józs 11:8		πεδιων	N-GPN	ELTERO_SZOVEGALAP
Józs 11:8		μασσωχ	N-PRI	ELTERO_SZOVEGALAP
Józs 11:8	G2596	κατ	PREP	LXX_WH
Józs 11:8	G0395	ανατολας	N-APF	LXX_WH
Józs 11:8	G2532	και	CONJ	LXX_WH
Józs 11:8	G2629	κατεκοψαν	V-AAI-3P	LXX_WH
Józs 11:8	G0846	αυτους	D-APM	LXX_WH
Józs 11:8	G2193	εως	PREP	LXX_WH
Józs 11:8	G3588	του	T-GSN	LXX_WH
Józs 11:8	G3165	μη	ADV	LXX_WH
Józs 11:8	G2641	καταλειφθηναι	V-APN	LXX_WH
Józs 11:8	G0846	αυτων	D-GPM	LXX_WH
Józs 11:8	G1295	διασεσωσμενον	V-RMPAS	LXX_WH
Józs 11:9	G2532	και	CONJ	LXX_WH
Józs 11:9	G4160	εποιησεν	V-AAI-3S	LXX_WH
Józs 11:9	G0846	αυτοις	D-DPM	LXX_WH
Józs 11:9	G2424	ιησους	N-PRI	LXX_WH
Józs 11:9	G3739	ον	R-ASM	LXX_WH
Józs 11:9	G5158	τροπον	N-ASM	LXX_WH
Józs 11:9	G1781	ενετειλατο	V-AMI-3S	LXX_WH
Józs 11:9	G0846	αυτω	D-DSM	LXX_WH
Józs 11:9	G2962	κυριος	N-NSM	LXX_WH
Józs 11:9	G3588	τους	T-APM	LXX_WH
Józs 11:9	G2462	ιππους	N-APM	LXX_WH
Józs 11:9	G0846	αυτων	D-GPM	LXX_WH
Józs 11:9		ενευροκοπησεν	V-AAI-3S	ELTERO_SZOVEGALAP
Józs 11:9	G2532	και	CONJ	LXX_WH
Józs 11:9	G3588	τα	T-APN	LXX_WH
Józs 11:9	G0716	αρματα	N-APN	LXX_WH
Józs 11:9	G0846	αυτων	D-GPM	LXX_WH
Józs 11:9		ενεπρησεν	V-AAI-3S	ELTERO_SZOVEGALAP
Józs 11:9	G1722	εν	PREP	LXX_WH
Józs 11:9	G4442	πυρι	N-DSN	LXX_WH
Józs 11:10	G2532	και	CONJ	LXX_WH
Józs 11:10	G0654	απεστραφη	V-API-3S	LXX_WH
Józs 11:10	G2424	ιησους	N-PRI	LXX_WH
Józs 11:10	G1722	εν	PREP	LXX_WH
Józs 11:10	G3588	τω	T-DSM	LXX_WH
Józs 11:10	G2540	καιρω	N-DSM	LXX_WH
Józs 11:10	G1565	εκεινω	D-DSM	LXX_WH
Józs 11:10	G2532	και	CONJ	LXX_WH
Józs 11:10	G2638	κατελαβετο	V-AMI-3S	LXX_WH
Józs 11:10	G3588	ασωρ	N-PRI	ABP-potolt
Józs 11:10	G2532	και	CONJ	LXX_WH
Józs 11:10	G3588	τον	T-ASM	LXX_WH
Józs 11:10	G0935	βασιλεα	N-ASM	LXX_WH
Józs 11:10	G0846	αυτης	D-GSF	LXX_WH
Józs 11:10	G1510	ην	V-IAI-3S	LXX_WH
Józs 11:10	G1161	δε	PRT	LXX_WH
Józs 11:10		ασωρ	N-PRI	ELTERO_SZOVEGALAP
Józs 11:10	G3588	το	T-NSN	LXX_WH
Józs 11:10	G4387	προτερον	A-NSN	LXX_WH
Józs 11:10	G0757	αρχουσα	V-PAPNS	LXX_WH
Józs 11:10	G3956	πασων	A-GPF	LXX_WH
Józs 11:10	G3588	των	T-GPF	LXX_WH
Józs 11:10	G0932	βασιλειων	N-GPF	LXX_WH
Józs 11:10	G3778	τουτων	D-GPF	LXX_WH
Józs 11:11	G2532	και	CONJ	LXX_WH
Józs 11:11	G0615	απεκτειναν	V-AAI-3P	LXX_WH
Józs 11:11	G3956	παν	A-ASN	LXX_WH
Józs 11:11	G1709	εμπνεον	A-ASN	ABP-potolt
Józs 11:11	G1722	εν	PREP	LXX_WH
Józs 11:11	G0846	αυτη	D-DSF	LXX_WH
Józs 11:11	G1722	εν	PREP	LXX_WH
Józs 11:11		ξιφει	N-DSN	ELTERO_SZOVEGALAP
Józs 11:11	G2532	και	CONJ	LXX_WH
Józs 11:11		εξωλεθρευσαν	V-AAI-3P	
Józs 11:11	G3956	παντας	A-APM	LXX_WH
Józs 11:11	G2532	και	CONJ	LXX_WH
Józs 11:11	G3364	ου	ADV	LXX_WH
Józs 11:11	G2641	κατελειφθη	V-API-3S	LXX_WH
Józs 11:11	G1722	εν	PREP	LXX_WH
Józs 11:11	G0846	αυτη	D-DSF	LXX_WH
Józs 11:11		εμπνεον	A-ASN	ELTERO_SZOVEGALAP
Józs 11:11	G2532	και	CONJ	LXX_WH
Józs 11:11	G3588	την	T-ASF	LXX_WH
Józs 11:11	G1714	ασωρ	N-PRI	ABP-potolt
Józs 11:11	G1714	ενεπρησαν	V-AAI-3P	ABP-potolt
Józs 11:11	G1722	εν	PREP	LXX_WH
Józs 11:11	G4442	πυρι	N-DSN	LXX_WH
Józs 11:12	G2532	και	CONJ	LXX_WH
Józs 11:12	G3956	πασας	A-APF	LXX_WH
Józs 11:12	G3588	τας	T-APF	LXX_WH
Józs 11:12	G4172	πολεις	N-APF	LXX_WH
Józs 11:12	G3588	των	T-GPM	LXX_WH
Józs 11:12	G0935	βασιλεων	N-GPM	LXX_WH
Józs 11:12	G2532	και	CONJ	LXX_WH
Józs 11:12	G3588	τους	T-APM	LXX_WH
Józs 11:12	G0935	βασιλεις	N-APM	LXX_WH
Józs 11:12	G0846	αυτων	D-GPM	LXX_WH
Józs 11:12	G2983	ελαβεν	V-AAI-3S	LXX_WH
Józs 11:12	G2424	ιησους	N-PRI	LXX_WH
Józs 11:12	G2532	και	CONJ	LXX_WH
Józs 11:12	G0337	ανειλεν	V-AAI-3S	LXX_WH
Józs 11:12	G0846	αυτους	D-APM	LXX_WH
Józs 11:12	G1722	εν	PREP	LXX_WH
Józs 11:12	G4750	στοματι	N-DSN	LXX_WH
Józs 11:12	G3584	ξιφους	N-GSN	ABP-potolt
Józs 11:12	G2532	και	CONJ	LXX_WH
Józs 11:12		εξωλεθρευσαν	V-AAI-3P	ELTERO_SZOVEGALAP
Józs 11:12	G0846	αυτους	D-APM	LXX_WH
Józs 11:12	G3739	ον	R-ASM	LXX_WH
Józs 11:12	G5158	τροπον	N-ASM	LXX_WH
Józs 11:12	G4929	συνεταξεν	V-AAI-3S	LXX_WH
Józs 11:12		μωυσης	N-NSM	ELTERO_SZOVEGALAP
Józs 11:12	G3588	ο	T-NSM	LXX_WH
Józs 11:12	G3816	παις	N-NSM	LXX_WH
Józs 11:12	G2962	κυριου	N-GSM	LXX_WH
Józs 11:13	G0235	αλλα	CONJ	LXX_WH
Józs 11:13	G3956	πασας	A-APF	LXX_WH
Józs 11:13	G3588	τας	T-APF	LXX_WH
Józs 11:13	G4172	πολεις	N-APF	LXX_WH
Józs 11:13	G3588	τας	T-APF	LXX_WH
Józs 11:13		κεχωματισμενας	V-RMPAP	ELTERO_SZOVEGALAP
Józs 11:13	G3364	ουκ	ADV	LXX_WH
Józs 11:13		ενεπρησεν	V-AAI-3S	ELTERO_SZOVEGALAP
Józs 11:13	G2474	ισραηλ	N-PRI	LXX_WH
Józs 11:13	G4133	πλην	CONJ	LXX_WH
Józs 11:13	G3588	ασωρ	N-PRI	ABP-potolt
Józs 11:13	G3441	μονην	A-ASF	LXX_WH
Józs 11:13		ενεπρησεν	V-AAI-3S	ELTERO_SZOVEGALAP
Józs 11:13	G2424	ιησους	N-PRI	LXX_WH
Józs 11:14	G2532	και	CONJ	LXX_WH
Józs 11:14	G3956	παντα	A-APN	LXX_WH
Józs 11:14	G3588	τα	T-APN	LXX_WH
Józs 11:14	G4661	σκυλα	N-APN	LXX_WH
Józs 11:14	G0846	αυτης	D-GSF	LXX_WH
Józs 11:14		επρονομευσαν	V-AAI-3P	ELTERO_SZOVEGALAP
Józs 11:14	G1438	εαυτοις	D-DPM	LXX_WH
Józs 11:14	G3588	οι	T-NPM	LXX_WH
Józs 11:14	G5207	υιοι	N-NPM	LXX_WH
Józs 11:14	G2474	ισραηλ	N-PRI	LXX_WH
Józs 11:14	G0846	αυτους	D-APM	LXX_WH
Józs 11:14	G1161	δε	PRT	LXX_WH
Józs 11:14	G3956	παντας	A-APM	LXX_WH
Józs 11:14	G1842	εξωλεθρευσαν	V-AAI-3P	ABP-potolt
Józs 11:14	G1722	εν	PREP	LXX_WH
Józs 11:14	G4750	στοματι	N-DSN	LXX_WH
Józs 11:14		ξιφους	N-GSN	ELTERO_SZOVEGALAP
Józs 11:14	G2193	εως	CONJ	LXX_WH
Józs 11:14		απωλεσεν	V-AAI-3S	ELTERO_SZOVEGALAP
Józs 11:14	G0846	αυτους	D-APM	LXX_WH
Józs 11:14	G3364	ου	ADV	LXX_WH
Józs 11:14	G2641	κατελιπον	V-AAI-3P	LXX_WH
Józs 11:14	G1537	εξ	PREP	LXX_WH
Józs 11:14	G0846	αυτων	D-GPM	LXX_WH
Józs 11:14	G3761	ουδε	CONJ	LXX_WH
Józs 11:14	G1519	εν	A-ASN	LXX_WH
Józs 11:14		εμπνεον	A-ASN	ELTERO_SZOVEGALAP
Józs 11:15	G3739	ον	R-ASM	LXX_WH
Józs 11:15	G5158	τροπον	N-ASM	LXX_WH
Józs 11:15	G4929	συνεταξεν	V-AAI-3S	LXX_WH
Józs 11:15	G2962	κυριος	N-NSM	LXX_WH
Józs 11:15	G3588	τω	T-DSM	LXX_WH
Józs 11:15		μωυση	N-DSM	ELTERO_SZOVEGALAP
Józs 11:15	G3588	τω	T-DSM	LXX_WH
Józs 11:15	G3816	παιδι	N-DSM	LXX_WH
Józs 11:15	G0846	αυτου	D-GSM	LXX_WH
Józs 11:15	G2532	και	CONJ	LXX_WH
Józs 11:15		μωυσης	N-NSM	ELTERO_SZOVEGALAP
Józs 11:15	G5615	ωσαυτως	ADV	LXX_WH
Józs 11:15	G1781	ενετειλατο	V-AMI-3S	LXX_WH
Józs 11:15	G3588	τω	T-DSM	LXX_WH
Józs 11:15	G2424	ιησοι	N-PRI	LXX_WH
Józs 11:15	G2532	και	CONJ	LXX_WH
Józs 11:15	G3778	ουτως	ADV	LXX_WH
Józs 11:15	G4160	εποιησεν	V-AAI-3S	LXX_WH
Józs 11:15	G2424	ιησους	N-PRI	LXX_WH
Józs 11:15	G3364	ου	ADV	LXX_WH
Józs 11:15	G3845	παρεβη	V-AAI-3S	LXX_WH
Józs 11:15	G3762	ουδεν	A-ASN	LXX_WH
Józs 11:15	G0575	απο	PREP	LXX_WH
Józs 11:15	G3956	παντων	A-GPN	LXX_WH
Józs 11:15	G3739	ων	R-GPN	LXX_WH
Józs 11:15	G4929	συνεταξεν	V-AAI-3S	LXX_WH
Józs 11:15	G0846	αυτω	D-DSM	LXX_WH
Józs 11:15		μωυσης	N-NSM	ELTERO_SZOVEGALAP
Józs 11:16	G2532	και	CONJ	LXX_WH
Józs 11:16	G2983	ελαβεν	V-AAI-3S	LXX_WH
Józs 11:16	G2424	ιησους	N-PRI	LXX_WH
Józs 11:16	G3956	πασαν	A-ASF	LXX_WH
Józs 11:16	G3588	την	T-ASF	LXX_WH
Józs 11:16	G1065	γην	N-ASF	LXX_WH
Józs 11:16	G3588	την	T-ASF	LXX_WH
Józs 11:16		ορεινην	N-ASF	
Józs 11:16	G2532	και	CONJ	LXX_WH
Józs 11:16	G3956	πασαν	A-ASF	LXX_WH
Józs 11:16	G3588	την	T-ASF	LXX_WH
Józs 11:16		ναγεβ	N-PRI	
Józs 11:16	G2532	και	CONJ	LXX_WH
Józs 11:16	G3956	πασαν	A-ASF	LXX_WH
Józs 11:16	G3588	την	T-ASF	LXX_WH
Józs 11:16	G1065	γην	N-ASF	LXX_WH
Józs 11:16		γοσομ	N-PRI	ELTERO_SZOVEGALAP
Józs 11:16	G2532	και	CONJ	LXX_WH
Józs 11:16	G3588	την	T-ASF	LXX_WH
Józs 11:16		πεδινην	A-ASF	
Józs 11:16	G2532	και	CONJ	LXX_WH
Józs 11:16	G3588	την	T-ASF	LXX_WH
Józs 11:16	G4314	προς	PREP	LXX_WH
Józs 11:16	G1424	δυσμαις	N-DPF	LXX_WH
Józs 11:16	G2532	και	CONJ	LXX_WH
Józs 11:16	G3588	το	T-ASN	LXX_WH
Józs 11:16	G3735	ορος	N-ASN	LXX_WH
Józs 11:16	G2474	ισραηλ	N-PRI	LXX_WH
Józs 11:16	G2532	και	CONJ	LXX_WH
Józs 11:16	G3588	τα	T-APN	LXX_WH
Józs 11:16	G5011	ταπεινα	A-APN	LXX_WH
Józs 11:17	G3588	τα	T-APN	LXX_WH
Józs 11:17	G4314	προς	PREP	LXX_WH
Józs 11:17	G3588	τω	T-DSN	LXX_WH
Józs 11:17	G3735	ορει	N-DSN	LXX_WH
Józs 11:17	G0575	απο	PREP	LXX_WH
Józs 11:17	G3735	ορους	N-GSN	LXX_WH
Józs 11:17	G3588	αχελ	N-PRI	ABP-potolt
Józs 11:17	G2532	και	CONJ	LXX_WH
Józs 11:17	G3739	ο	R-ASN	LXX_WH
Józs 11:17	G4320	προσαναβαινει	V-PAI-3S	LXX_WH
Józs 11:17	G1519	εις	PREP	LXX_WH
Józs 11:17		σηιρ	N-PRI	ELTERO_SZOVEGALAP
Józs 11:17	G2532	και	CONJ	LXX_WH
Józs 11:17	G2193	εως	PREP	LXX_WH
Józs 11:17		βααλγαδ	N-PRI	ELTERO_SZOVEGALAP
Józs 11:17	G2532	και	CONJ	LXX_WH
Józs 11:17	G3588	τα	T-APN	LXX_WH
Józs 11:17		πεδια	N-APN	
Józs 11:17	G3588	του	T-GSM	LXX_WH
Józs 11:17	G3030	λιβανου	N-PRI	LXX_WH
Józs 11:17	G5259	υπο	PREP	LXX_WH
Józs 11:17	G3588	το	T-ASN	LXX_WH
Józs 11:17	G3735	ορος	N-ASN	LXX_WH
Józs 11:17	G3588	το	T-ASN	LXX_WH
Józs 11:17		αερμων	N-PRI	ELTERO_SZOVEGALAP
Józs 11:17	G2532	και	CONJ	LXX_WH
Józs 11:17	G3956	παντας	A-APM	LXX_WH
Józs 11:17	G3588	τους	T-APM	LXX_WH
Józs 11:17	G0935	βασιλεις	N-APM	LXX_WH
Józs 11:17	G0846	αυτων	D-GPM	LXX_WH
Józs 11:17	G2983	ελαβεν	V-AAI-3S	LXX_WH
Józs 11:17	G2532	και	CONJ	LXX_WH
Józs 11:17	G0337	ανειλεν	V-AAI-3S	LXX_WH
Józs 11:17	G0846	αυτους	D-APM	LXX_WH
Józs 11:17	G2532	και	CONJ	LXX_WH
Józs 11:17	G0615	απεκτεινεν	V-AAI-3S	LXX_WH
Józs 11:18	G2532	και	CONJ	LXX_WH
Józs 11:18	G4183	πλειους	A-APF	LXX_WH
Józs 11:18	G2250	ημερας	N-APF	LXX_WH
Józs 11:18	G4160	εποιησεν	V-AAI-3S	LXX_WH
Józs 11:18	G2424	ιησους	N-PRI	LXX_WH
Józs 11:18	G4314	προς	PREP	LXX_WH
Józs 11:18	G3588	τους	T-APM	LXX_WH
Józs 11:18	G0935	βασιλεις	N-APM	LXX_WH
Józs 11:18	G3778	τουτους	D-APM	LXX_WH
Józs 11:18	G3588	τον	T-ASM	LXX_WH
Józs 11:18	G4171	πολεμον	N-ASM	LXX_WH
Józs 11:19	G2532	και	CONJ	LXX_WH
Józs 11:19	G3364	ουκ	ADV	LXX_WH
Józs 11:19	G1510	ην	V-IAI-3S	LXX_WH
Józs 11:19	G4172	πολις	N-NSF	LXX_WH
Józs 11:19	G3739	ην	R-ASF	LXX_WH
Józs 11:19	G3364	ουκ	ADV	LXX_WH
Józs 11:19	G2983	ελαβεν	V-AAI-3S	LXX_WH
Józs 11:19	G2474	ισραηλ	N-PRI	LXX_WH
Józs 11:19	G3956	παντα	A-APN	LXX_WH
Józs 11:19	G2983	ελαβοσαν	V-AAI-3P	LXX_WH
Józs 11:19	G1722	εν	PREP	LXX_WH
Józs 11:19	G4171	πολεμω	N-DSM	LXX_WH
Józs 11:20	G3754	οτι	CONJ	LXX_WH
Józs 11:20	G1223	δια	PREP	LXX_WH
Józs 11:20	G2962	κυριου	N-GSM	LXX_WH
Józs 11:20	G1096	εγενετο	V-AMI-3S	LXX_WH
Józs 11:20	G2729	κατισχυσαι	V-AAN	LXX_WH
Józs 11:20	G0846	αυτων	D-GPM	LXX_WH
Józs 11:20	G3588	την	T-ASF	LXX_WH
Józs 11:20	G2588	καρδιαν	N-ASF	LXX_WH
Józs 11:20	G4876	συνανταν	V-PAN	LXX_WH
Józs 11:20	G1519	εις	PREP	LXX_WH
Józs 11:20	G4171	πολεμον	N-ASM	LXX_WH
Józs 11:20	G4314	προς	PREP	LXX_WH
Józs 11:20	G2474	ισραηλ	N-PRI	LXX_WH
Józs 11:20	G2443	ινα	CONJ	LXX_WH
Józs 11:20	G1842	εξολεθρευθωσιν	V-APS-3P	ABP-potolt
Józs 11:20	G3704	οπως	CONJ	LXX_WH
Józs 11:20	G3165	μη	ADV	LXX_WH
Józs 11:20	G1325	δοθη	V-APS-3S	LXX_WH
Józs 11:20	G0846	αυτοις	D-DPM	LXX_WH
Józs 11:20	G1656	ελεος	N-NSM	LXX_WH
Józs 11:20	G0235	αλλ	CONJ	LXX_WH
Józs 11:20	G2443	ινα	CONJ	LXX_WH
Józs 11:20	G1842	εξολεθρευθωσιν	V-APS-3P	ABP-potolt
Józs 11:20	G3739	ον	R-ASM	LXX_WH
Józs 11:20	G5158	τροπον	N-ASM	LXX_WH
Józs 11:20		ειπεν	V-AAI-3S	ELTERO_SZOVEGALAP
Józs 11:20	G2962	κυριος	N-NSM	LXX_WH
Józs 11:20	G4314	προς	PREP	LXX_WH
Józs 11:20		μωυσην	N-ASM	ELTERO_SZOVEGALAP
Józs 11:21	G2532	και	CONJ	LXX_WH
Józs 11:21	G2064	ηλθεν	V-AAI-3S	LXX_WH
Józs 11:21	G2424	ιησους	N-PRI	LXX_WH
Józs 11:21	G1722	εν	PREP	LXX_WH
Józs 11:21	G3588	τω	T-DSM	LXX_WH
Józs 11:21	G2540	καιρω	N-DSM	LXX_WH
Józs 11:21	G1565	εκεινω	D-DSM	LXX_WH
Józs 11:21	G2532	και	CONJ	LXX_WH
Józs 11:21	G1842	εξωλεθρευσεν	V-AAI-3S	ABP-potolt
Józs 11:21	G3588	τους	T-APM	LXX_WH
Józs 11:21	G3714	ενακιμ	N-PRI	ABP-potolt
Józs 11:21	G1537	εκ	PREP	LXX_WH
Józs 11:21	G3588	της	T-GSF	LXX_WH
Józs 11:21	G3714	ορεινης	N-GSF	ABP-potolt
Józs 11:21	G1537	εκ	PREP	LXX_WH
Józs 11:21		χεβρων	N-PRI	ELTERO_SZOVEGALAP
Józs 11:21	G2532	και	CONJ	LXX_WH
Józs 11:21	G1537	εκ	PREP	LXX_WH
Józs 11:21		δαβιρ	N-PRI	ELTERO_SZOVEGALAP
Józs 11:21	G2532	και	CONJ	LXX_WH
Józs 11:21	G1537	εξ	PREP	LXX_WH
Józs 11:21		αναβωθ	N-PRI	ELTERO_SZOVEGALAP
Józs 11:21	G2532	και	CONJ	LXX_WH
Józs 11:21	G1537	εκ	PREP	LXX_WH
Józs 11:21	G3956	παντος	A-GSN	LXX_WH
Józs 11:21	G1085	γενους	N-GSN	LXX_WH
Józs 11:21	G2474	ισραηλ	N-PRI	LXX_WH
Józs 11:21	G2532	και	CONJ	LXX_WH
Józs 11:21	G1537	εκ	PREP	LXX_WH
Józs 11:21	G3956	παντος	A-GSN	LXX_WH
Józs 11:21	G3735	ορους	N-GSN	LXX_WH
Józs 11:21	G2448	ιουδα	N-PRI	LXX_WH
Józs 11:21	G4862	συν	PREP	LXX_WH
Józs 11:21	G3588	ταις	T-DPF	LXX_WH
Józs 11:21	G4172	πολεσιν	N-DPF	LXX_WH
Józs 11:21	G0846	αυτων	D-GPM	LXX_WH
Józs 11:21	G2532	και	CONJ	LXX_WH
Józs 11:21		εξωλεθρευσεν	V-AAI-3S	ELTERO_SZOVEGALAP
Józs 11:21	G0846	αυτους	D-APM	LXX_WH
Józs 11:21	G2424	ιησους	N-PRI	LXX_WH
Józs 11:22	G3364	ου	ADV	LXX_WH
Józs 11:22	G2641	κατελειφθη	V-API-3S	LXX_WH
Józs 11:22	G3588	των	T-GPM	LXX_WH
Józs 11:22		ενακιμ	N-PRI	ELTERO_SZOVEGALAP
Józs 11:22	G0575	απο	PREP	LXX_WH
Józs 11:22	G3588	των	T-GPM	LXX_WH
Józs 11:22	G5207	υιων	N-GPM	LXX_WH
Józs 11:22	G2474	ισραηλ	N-PRI	LXX_WH
Józs 11:22	G0235	αλλα	CONJ	LXX_WH
Józs 11:22	G4133	πλην	ADV	LXX_WH
Józs 11:22	G1722	εν	PREP	LXX_WH
Józs 11:22	G1047	γαζη	N-DSF	LXX_WH
Józs 11:22	G2532	και	CONJ	LXX_WH
Józs 11:22	G1722	εν	PREP	LXX_WH
Józs 11:22		γεθ	N-PRI	ELTERO_SZOVEGALAP
Józs 11:22	G2532	και	CONJ	LXX_WH
Józs 11:22	G1722	εν	PREP	LXX_WH
Józs 11:22		ασεδωθ	N-PRI	ELTERO_SZOVEGALAP
Józs 11:22	G2641	κατελειφθη	V-API-3S	LXX_WH
Józs 11:23	G2532	και	CONJ	LXX_WH
Józs 11:23	G2983	ελαβεν	V-AAI-3S	LXX_WH
Józs 11:23	G2424	ιησους	N-PRI	LXX_WH
Józs 11:23	G3956	πασαν	A-ASF	LXX_WH
Józs 11:23	G3588	την	T-ASF	LXX_WH
Józs 11:23	G1065	γην	N-ASF	LXX_WH
Józs 11:23	G2530	καθοτι	ADV	LXX_WH
Józs 11:23	G1781	ενετειλατο	V-AMI-3S	LXX_WH
Józs 11:23	G2962	κυριος	N-NSM	LXX_WH
Józs 11:23	G3588	τω	T-DSM	LXX_WH
Józs 11:23		μωυση	N-DSM	ELTERO_SZOVEGALAP
Józs 11:23	G2532	και	CONJ	LXX_WH
Józs 11:23	G1325	εδωκεν	V-AAI-3S	LXX_WH
Józs 11:23	G0846	αυτους	D-APM	LXX_WH
Józs 11:23	G2424	ιησους	N-PRI	LXX_WH
Józs 11:23	G1722	εν	PREP	LXX_WH
Józs 11:23	G2817	κληρονομια	N-DSF	LXX_WH
Józs 11:23	G2474	ισραηλ	N-PRI	LXX_WH
Józs 11:23	G1722	εν	PREP	LXX_WH
Józs 11:23	G3311	μερισμω	N-DSM	LXX_WH
Józs 11:23	G2596	κατα	PREP	LXX_WH
Józs 11:23	G5443	φυλας	N-APF	LXX_WH
Józs 11:23	G0846	αυτων	D-GPM	LXX_WH
Józs 11:23	G2532	και	CONJ	LXX_WH
Józs 11:23	G3588	η	T-NSF	LXX_WH
Józs 11:23	G1065	γη	N-NSF	LXX_WH
Józs 11:23	G2664	κατεπαυσεν	V-AAI-3S	LXX_WH
Józs 11:23	G4170	πολεμουμενη	V-PMPNS	LXX_WH
Józs 12:1	G2532	και	CONJ	LXX_WH
Józs 12:1	G3778	ουτοι	D-NPM	LXX_WH
Józs 12:1	G3588	οι	T-NPM	LXX_WH
Józs 12:1	G0935	βασιλεις	N-NPM	LXX_WH
Józs 12:1	G3588	της	T-GSF	LXX_WH
Józs 12:1	G1065	γης	N-GSF	LXX_WH
Józs 12:1	G3739	ους	R-APM	LXX_WH
Józs 12:1	G0337	ανειλον	V-AAI-3P	LXX_WH
Józs 12:1	G3588	οι	T-NPM	LXX_WH
Józs 12:1	G5207	υιοι	N-NPM	LXX_WH
Józs 12:1	G2474	ισραηλ	N-PRI	LXX_WH
Józs 12:1	G2532	και	CONJ	LXX_WH
Józs 12:1		κατεκληρονομησαν	V-AAI-3P	
Józs 12:1	G3588	την	T-ASF	LXX_WH
Józs 12:1	G1065	γην	N-ASF	LXX_WH
Józs 12:1	G0846	αυτων	D-GPM	LXX_WH
Józs 12:1	G4008	περαν	PREP	LXX_WH
Józs 12:1	G3588	του	T-GSM	LXX_WH
Józs 12:1	G2446	ιορδανου	N-GSM	LXX_WH
Józs 12:1	G0575	αφ	PREP	LXX_WH
Józs 12:1	G2246	ηλιου	N-GSM	LXX_WH
Józs 12:1	G0395	ανατολων	N-GPF	LXX_WH
Józs 12:1	G0575	απο	PREP	LXX_WH
Józs 12:1	G5327	φαραγγος	N-GSF	LXX_WH
Józs 12:1		αρνων	N-PRI	ELTERO_SZOVEGALAP
Józs 12:1	G2193	εως	PREP	LXX_WH
Józs 12:1	G3588	του	T-GSN	LXX_WH
Józs 12:1	G3735	ορους	N-GSN	LXX_WH
Józs 12:1		αερμων	N-PRI	ELTERO_SZOVEGALAP
Józs 12:1	G2532	και	CONJ	LXX_WH
Józs 12:1	G3956	πασαν	A-ASF	LXX_WH
Józs 12:1	G3588	την	T-ASF	LXX_WH
Józs 12:1	G1065	γην	N-ASF	LXX_WH
Józs 12:1		αραβα	N-PRI	ELTERO_SZOVEGALAP
Józs 12:1	G0575	απ	PREP	LXX_WH
Józs 12:1	G0395	ανατολων	N-GPF	LXX_WH
Józs 12:2	G3588	σηων	N-PRI	ABP-potolt
Józs 12:2	G3588	τον	T-ASM	LXX_WH
Józs 12:2	G0935	βασιλεα	N-ASM	LXX_WH
Józs 12:2	G3588	των	T-GPM	LXX_WH
Józs 12:2		αμορραιων	N-GPM	ELTERO_SZOVEGALAP
Józs 12:2	G3739	ος	R-NSM	LXX_WH
Józs 12:2	G2730	κατωκει	V-IAI-3S	ABP-potolt
Józs 12:2	G1722	εν	PREP	LXX_WH
Józs 12:2		εσεβων	N-PRI	ELTERO_SZOVEGALAP
Józs 12:2	G2961	κυριευων	V-PAPNS	LXX_WH
Józs 12:2	G0575	απο	PREP	LXX_WH
Józs 12:2		αροηρ	N-PRI	ELTERO_SZOVEGALAP
Józs 12:2	G3739	η	R-NSF	LXX_WH
Józs 12:2	G1510	εστιν	V-PAI-3S	LXX_WH
Józs 12:2	G1722	εν	PREP	LXX_WH
Józs 12:2	G3588	τη	T-DSF	LXX_WH
Józs 12:2	G5327	φαραγγι	N-DSF	LXX_WH
Józs 12:2	G2596	κατα	PREP	LXX_WH
Józs 12:2	G3313	μερος	N-ASN	LXX_WH
Józs 12:2	G3588	της	T-GSF	LXX_WH
Józs 12:2	G5327	φαραγγος	N-GSF	LXX_WH
Józs 12:2	G2532	και	CONJ	LXX_WH
Józs 12:2	G3588	το	T-ASN	LXX_WH
Józs 12:2		ημισυ	A-ASN	
Józs 12:2	G3588	της	T-GSF	LXX_WH
Józs 12:2		γαλααδ	N-PRI	ELTERO_SZOVEGALAP
Józs 12:2	G2193	εως	PREP	LXX_WH
Józs 12:2		ιαβοκ	N-PRI	ELTERO_SZOVEGALAP
Józs 12:2	G3725	ορια	N-APN	LXX_WH
Józs 12:2	G5207	υιων	N-GPM	LXX_WH
Józs 12:2		αμμων	N-PRI	ELTERO_SZOVEGALAP
Józs 12:3	G2532	και	CONJ	LXX_WH
Józs 12:3		αραβα	N-PRI	
Józs 12:3	G2193	εως	PREP	LXX_WH
Józs 12:3	G3588	της	T-GSF	LXX_WH
Józs 12:3	G2281	θαλασσης	N-GSF	LXX_WH
Józs 12:3		χενερεθ	N-PRI	
Józs 12:3	G2596	κατ	PREP	LXX_WH
Józs 12:3	G0395	ανατολας	N-APF	LXX_WH
Józs 12:3	G2532	και	CONJ	LXX_WH
Józs 12:3	G2193	εως	PREP	LXX_WH
Józs 12:3	G3588	της	T-GSF	LXX_WH
Józs 12:3	G2281	θαλασσης	N-GSF	LXX_WH
Józs 12:3	G0687	αραβα	N-PRI	ABP-potolt
Józs 12:3	G2281	θαλασσαν	N-ASF	LXX_WH
Józs 12:3	G3588	των	T-GPM	LXX_WH
Józs 12:3	G0251	αλων	N-GPM	LXX_WH
Józs 12:3	G0575	απο	PREP	LXX_WH
Józs 12:3	G0395	ανατολων	N-GPF	LXX_WH
Józs 12:3	G3598	οδον	N-ASF	LXX_WH
Józs 12:3	G3588	την	T-ASF	LXX_WH
Józs 12:3	G2596	κατα	PREP	LXX_WH
Józs 12:3	G2532	ασιμωθ	N-PRI	ABP-potolt
Józs 12:3	G0575	απο	PREP	LXX_WH
Józs 12:3		θαιμαν	N-PRI	
Józs 12:3	G3588	την	T-ASF	LXX_WH
Józs 12:3	G5259	υπο	PREP	LXX_WH
Józs 12:3		ασηδωθ	N-PRI	
Józs 12:3		φασγα	N-PRI	
Józs 12:4	G2532	και	CONJ	LXX_WH
Józs 12:4	G3725	ωγ	N-PRI	ABP-potolt
Józs 12:4	G0935	βασιλευς	N-NSM	LXX_WH
Józs 12:4	G3739	βασαν	N-PRI	ABP-potolt
Józs 12:4	G5275	υπελειφθη	V-API-3S	LXX_WH
Józs 12:4	G1537	εκ	PREP	LXX_WH
Józs 12:4	G3588	των	T-GPM	LXX_WH
Józs 12:4	G1095	γιγαντων	N-GPM	ABP-potolt
Józs 12:4	G3588	ο	T-NSM	LXX_WH
Józs 12:4	G2730	κατοικων	V-PAPNS	ABP-potolt
Józs 12:4	G1722	εν	PREP	LXX_WH
Józs 12:4		ασταρωθ	N-PRI	
Józs 12:4	G2532	και	CONJ	LXX_WH
Józs 12:4	G1722	εν	PREP	LXX_WH
Józs 12:4		εδραιν	N-PRI	
Józs 12:5	G0757	αρχων	V-PAPNS	LXX_WH
Józs 12:5	G0575	απο	PREP	LXX_WH
Józs 12:5	G3735	ορους	N-GSN	LXX_WH
Józs 12:5		αερμων	N-PRI	ELTERO_SZOVEGALAP
Józs 12:5	G2532	και	CONJ	LXX_WH
Józs 12:5	G0575	απο	PREP	LXX_WH
Józs 12:5	G3735	σελχα	N-PRI	ABP-potolt
Józs 12:5	G2532	και	CONJ	LXX_WH
Józs 12:5	G3956	πασαν	A-ASF	LXX_WH
Józs 12:5	G3588	την	T-ASF	LXX_WH
Józs 12:5	G2255	βασαν	N-PRI	ABP-potolt
Józs 12:5	G2193	εως	PREP	LXX_WH
Józs 12:5	G3725	οριων	N-GPN	LXX_WH
Józs 12:5		γεσουρι	N-PRI	ELTERO_SZOVEGALAP
Józs 12:5	G2532	και	CONJ	LXX_WH
Józs 12:5	G3588	την	T-ASF	LXX_WH
Józs 12:5		μαχατι	N-PRI	ELTERO_SZOVEGALAP
Józs 12:5	G2532	και	CONJ	LXX_WH
Józs 12:5	G3588	το	T-ASN	LXX_WH
Józs 12:5	G2193	ημισυ	A-ASN	ABP-potolt
Józs 12:5	G2193	γαλααδ	N-PRI	ABP-potolt
Józs 12:5	G3725	οριων	N-GPN	LXX_WH
Józs 12:5		σηων	N-PRI	ELTERO_SZOVEGALAP
Józs 12:5	G0935	βασιλεως	N-GSM	LXX_WH
Józs 12:5		εσεβων	N-PRI	ELTERO_SZOVEGALAP
Józs 12:6		μωυσης	N-NSM	ELTERO_SZOVEGALAP
Józs 12:6	G3588	ο	T-NSM	LXX_WH
Józs 12:6	G3816	παις	N-NSM	LXX_WH
Józs 12:6	G2962	κυριου	N-GSM	LXX_WH
Józs 12:6	G2532	και	CONJ	LXX_WH
Józs 12:6	G3588	οι	T-NPM	LXX_WH
Józs 12:6	G5207	υιοι	N-NPM	LXX_WH
Józs 12:6	G2474	ισραηλ	N-PRI	LXX_WH
Józs 12:6	G3960	επαταξαν	V-AAI-3P	LXX_WH
Józs 12:6	G0846	αυτους	D-APM	LXX_WH
Józs 12:6	G2532	και	CONJ	LXX_WH
Józs 12:6	G1325	εδωκεν	V-AAI-3S	LXX_WH
Józs 12:6	G0846	αυτην	D-ASF	LXX_WH
Józs 12:6		μωυσης	N-NSM	ELTERO_SZOVEGALAP
Józs 12:6	G1722	εν	PREP	LXX_WH
Józs 12:6	G2817	κληρονομια	N-DSF	LXX_WH
Józs 12:6	G2532	ρουβην	N-PRI	ABP-potolt
Józs 12:6	G2532	και	CONJ	LXX_WH
Józs 12:6	G1045	γαδ	N-PRI	LXX_WH
Józs 12:6	G2532	και	CONJ	LXX_WH
Józs 12:6	G3588	τω	T-DSM	LXX_WH
Józs 12:6	G2255	ημισει	A-DSM	ABP-potolt
Józs 12:6	G5443	φυλης	N-GSF	LXX_WH
Józs 12:6		μανασση	N-PRI	ELTERO_SZOVEGALAP
Józs 12:7	G2532	και	CONJ	LXX_WH
Józs 12:7	G3778	ουτοι	D-NPM	LXX_WH
Józs 12:7	G3588	οι	T-NPM	LXX_WH
Józs 12:7	G0935	βασιλεις	N-NPM	LXX_WH
Józs 12:7	G3588	των	T-GPM	LXX_WH
Józs 12:7		αμορραιων	N-GPM	ELTERO_SZOVEGALAP
Józs 12:7	G3739	ους	R-APM	LXX_WH
Józs 12:7	G0337	ανειλεν	V-AAI-3S	LXX_WH
Józs 12:7	G2424	ιησους	N-PRI	LXX_WH
Józs 12:7	G2532	και	CONJ	LXX_WH
Józs 12:7	G3588	οι	T-NPM	LXX_WH
Józs 12:7	G5207	υιοι	N-NPM	LXX_WH
Józs 12:7	G2474	ισραηλ	N-PRI	LXX_WH
Józs 12:7	G1722	εν	PREP	LXX_WH
Józs 12:7	G3588	τω	T-DSN	LXX_WH
Józs 12:7	G4008	περαν	ADV	LXX_WH
Józs 12:7	G3588	του	T-GSM	LXX_WH
Józs 12:7	G2446	ιορδανου	N-GSM	LXX_WH
Józs 12:7	G3844	παρα	PREP	LXX_WH
Józs 12:7	G2281	θαλασσαν	N-ASF	LXX_WH
Józs 12:7		βααλγαδ	N-PRI	ELTERO_SZOVEGALAP
Józs 12:7	G1722	εν	PREP	LXX_WH
Józs 12:7	G3588	τω	T-DSN	LXX_WH
Józs 12:7		πεδιω	N-DSN	
Józs 12:7	G3588	του	T-GSM	LXX_WH
Józs 12:7	G3030	λιβανου	N-PRI	LXX_WH
Józs 12:7	G2532	και	CONJ	LXX_WH
Józs 12:7	G2193	εως	PREP	LXX_WH
Józs 12:7	G3588	του	T-GSN	LXX_WH
Józs 12:7	G3735	ορους	N-GSN	LXX_WH
Józs 12:7	G3588	χελχα	N-PRI	ABP-potolt
Józs 12:7	G0305	αναβαινοντων	V-PAPGP	LXX_WH
Józs 12:7	G1519	εις	PREP	LXX_WH
Józs 12:7		σηιρ	N-PRI	ELTERO_SZOVEGALAP
Józs 12:7	G2532	και	CONJ	LXX_WH
Józs 12:7	G1325	εδωκεν	V-AAI-3S	LXX_WH
Józs 12:7	G0846	αυτην	D-ASF	LXX_WH
Józs 12:7	G2424	ιησους	N-PRI	LXX_WH
Józs 12:7	G3588	ταις	T-DPF	LXX_WH
Józs 12:7	G5443	φυλαις	N-DPF	LXX_WH
Józs 12:7	G2474	ισραηλ	N-PRI	LXX_WH
Józs 12:7	G2816	κληρονομειν	V-PAN	LXX_WH
Józs 12:7	G2596	κατα	PREP	LXX_WH
Józs 12:7	G2819	κληρον	N-ASM	LXX_WH
Józs 12:7	G0846	αυτων	D-GPM	LXX_WH
Józs 12:8	G1722	εν	PREP	LXX_WH
Józs 12:8	G3588	τω	T-DSN	LXX_WH
Józs 12:8	G3735	ορει	N-DSN	LXX_WH
Józs 12:8	G2532	και	CONJ	LXX_WH
Józs 12:8	G1722	εν	PREP	LXX_WH
Józs 12:8	G3588	τω	T-DSN	LXX_WH
Józs 12:8		πεδιω	N-DSN	
Józs 12:8	G2532	και	CONJ	LXX_WH
Józs 12:8	G1722	εν	PREP	LXX_WH
Józs 12:8	G0687	αραβα	N-PRI	ABP-potolt
Józs 12:8	G2532	και	CONJ	LXX_WH
Józs 12:8	G1722	εν	PREP	LXX_WH
Józs 12:8	G0687	ασηδωθ	N-PRI	ABP-potolt
Józs 12:8	G2532	και	CONJ	LXX_WH
Józs 12:8	G1722	εν	PREP	LXX_WH
Józs 12:8	G3588	τη	T-DSF	LXX_WH
Józs 12:8	G2048	ερημω	N-DSF	LXX_WH
Józs 12:8	G2532	και	CONJ	LXX_WH
Józs 12:8	G1722	εν	PREP	LXX_WH
Józs 12:8		ναγεβ	N-PRI	ELTERO_SZOVEGALAP
Józs 12:8	G3588	τον	T-ASM	LXX_WH
Józs 12:8		χετταιον	N-ASM	
Józs 12:8	G2532	και	CONJ	LXX_WH
Józs 12:8	G3588	τον	T-ASM	LXX_WH
Józs 12:8		αμορραιον	N-ASM	
Józs 12:8	G2532	και	CONJ	LXX_WH
Józs 12:8	G3588	τον	T-ASM	LXX_WH
Józs 12:8		χαναναιον	N-ASM	
Józs 12:8	G2532	και	CONJ	LXX_WH
Józs 12:8	G3588	τον	T-ASM	LXX_WH
Józs 12:8		φερεζαιον	N-ASM	
Józs 12:8	G2532	και	CONJ	LXX_WH
Józs 12:8	G3588	τον	T-ASM	LXX_WH
Józs 12:8		ευαιον	N-ASM	
Józs 12:8	G2532	και	CONJ	LXX_WH
Józs 12:8	G3588	τον	T-ASM	LXX_WH
Józs 12:8		ιεβουσαιον	N-ASM	ELTERO_SZOVEGALAP
Józs 12:9	G3588	τον	T-ASM	LXX_WH
Józs 12:9	G0935	βασιλεα	N-ASM	LXX_WH
Józs 12:9	G2410	ιεριχω	N-PRI	LXX_WH
Józs 12:9	G2532	και	CONJ	LXX_WH
Józs 12:9	G3588	τον	T-ASM	LXX_WH
Józs 12:9	G0935	βασιλεα	N-ASM	LXX_WH
Józs 12:9	G3588	της	T-GSF	LXX_WH
Józs 12:9		γαι	N-PRI	ELTERO_SZOVEGALAP
Józs 12:9	G3739	η	R-NSF	LXX_WH
Józs 12:9	G1510	εστιν	V-PAI-3S	LXX_WH
Józs 12:9	G4139	πλησιον	PREP	LXX_WH
Józs 12:9	G1520	βαιθηλ	N-PRI	ABP-potolt
Józs 12:10	G0935	βασιλεα	N-ASM	LXX_WH
Józs 12:10	G2419	ιερουσαλημ	N-PRI	LXX_WH
Józs 12:10	G0935	βασιλεα	N-ASM	LXX_WH
Józs 12:10	G1520	χεβρων	N-PRI	ABP-potolt
Józs 12:11	G0935	βασιλεα	N-ASM	LXX_WH
Józs 12:11	G1520	ιεριμουθ	N-PRI	ABP-potolt
Józs 12:11	G0935	βασιλεα	N-ASM	LXX_WH
Józs 12:11	G1520	λαχις	N-PRI	ABP-potolt
Józs 12:12	G0935	βασιλεα	N-ASM	LXX_WH
Józs 12:12	G1520	αιλαμ	N-PRI	ABP-potolt
Józs 12:12	G0935	βασιλεα	N-ASM	LXX_WH
Józs 12:12	G1520	γαζερ	N-PRI	ABP-potolt
Józs 12:13	G0935	βασιλεα	N-ASM	LXX_WH
Józs 12:13	G1520	δαβιρ	N-PRI	ABP-potolt
Józs 12:13	G0935	βασιλεα	N-ASM	LXX_WH
Józs 12:13	G1520	γαδερ	N-PRI	ABP-potolt
Józs 12:14	G0935	βασιλεα	N-ASM	LXX_WH
Józs 12:14	G1520	ερμαθ	N-PRI	ABP-potolt
Józs 12:14	G0935	βασιλεα	N-ASM	LXX_WH
Józs 12:14	G1520	αραθ	N-PRI	ABP-potolt
Józs 12:15	G0935	βασιλεα	N-ASM	LXX_WH
Józs 12:15	G1520	λεβνα	N-PRI	ABP-potolt
Józs 12:15	G0935	βασιλεα	N-ASM	LXX_WH
Józs 12:15	G1520	οδολλαμ	N-PRI	ABP-potolt
Józs 12:16	G0935	βασιλεα	N-ASM	LXX_WH
Józs 12:16	G1520	μακηδα	N-PRI	ABP-potolt
Józs 12:17	G0935	βασιλεα	N-ASM	LXX_WH
Józs 12:17	G1520	ταφουγ	N-PRI	ABP-potolt
Józs 12:17	G0935	βασιλεα	N-ASM	LXX_WH
Józs 12:17	G1520	οφερ	N-PRI	ABP-potolt
Józs 12:18	G0935	βασιλεα	N-ASM	LXX_WH
Józs 12:18		αφεκ	N-PRI	ELTERO_SZOVEGALAP
Józs 12:18	G3588	της	T-GSF	LXX_WH
Józs 12:18	G4565	σαρων	N-PRI	LXX_WH
Józs 12:19	G0935	βασιλεα	N-ASM	LXX_WH
Józs 12:19	G1520	ασωρ	N-PRI	ABP-potolt
Józs 12:20	G0935	βασιλεα	N-ASM	LXX_WH
Józs 12:20	G1520	συμοων	N-PRI	ABP-potolt
Józs 12:20	G0935	βασιλεα	N-ASM	LXX_WH
Józs 12:20	G1520	μαρρων	N-PRI	ABP-potolt
Józs 12:20	G0935	βασιλεα	N-ASM	LXX_WH
Józs 12:20	G1520	αζιφ	N-PRI	ABP-potolt
Józs 12:21	G0935	βασιλεα	N-ASM	LXX_WH
Józs 12:21	G1520	καδης	N-PRI	ABP-potolt
Józs 12:21	G0935	βασιλεα	N-ASM	LXX_WH
Józs 12:21	G1520	ταναχ	N-PRI	ABP-potolt
Józs 12:22	G0935	βασιλεα	N-ASM	LXX_WH
Józs 12:22	G1520	μαγεδων	N-PRI	ABP-potolt
Józs 12:22	G0935	βασιλεα	N-ASM	LXX_WH
Józs 12:22		ιεκοναμ	N-PRI	
Józs 12:22	G3588	του	T-GSM	LXX_WH
Józs 12:22	G1520	χερμελ	N-PRI	ABP-potolt
Józs 12:23	G0935	βασιλεα	N-ASM	LXX_WH
Józs 12:23		δωρ	N-PRI	ELTERO_SZOVEGALAP
Józs 12:23	G3588	του	T-GSM	LXX_WH
Józs 12:23	G1520	ναφεδδωρ	N-PRI	ABP-potolt
Józs 12:23	G0935	βασιλεα	N-ASM	LXX_WH
Józs 12:23		γωιμ	N-PRI	ELTERO_SZOVEGALAP
Józs 12:23	G3588	της	T-GSF	LXX_WH
Józs 12:23	G1056	γαλιλαιας	N-GSF	LXX_WH
Józs 12:24	G0935	βασιλεα	N-ASM	LXX_WH
Józs 12:24	G1520	θαρσα	N-PRI	ABP-potolt
Józs 12:24	G3956	παντες	A-NPM	LXX_WH
Józs 12:24	G3778	ουτοι	D-NPM	LXX_WH
Józs 12:24	G0935	βασιλεις	N-NPM	LXX_WH
Józs 12:24	G1501	εικοσι	N-NUI	LXX_WH
Józs 12:24	G1767	εννεα	N-NUI	LXX_WH
Józs 13:1	G2532	και	CONJ	LXX_WH
Józs 13:1	G2424	ιησους	N-PRI	LXX_WH
Józs 13:1	G4245	πρεσβυτερος	A-NSMC	LXX_WH
Józs 13:1	G4260	προβεβηκως	V-RAPNS	LXX_WH
Józs 13:1	G3588	των	T-GPF	LXX_WH
Józs 13:1	G2250	ημερων	N-GPF	LXX_WH
Józs 13:1	G2532	και	CONJ	LXX_WH
Józs 13:1		ειπεν	V-AAI-3S	ELTERO_SZOVEGALAP
Józs 13:1	G2962	κυριος	N-NSM	LXX_WH
Józs 13:1	G4314	προς	PREP	LXX_WH
Józs 13:1	G2424	ιησουν	N-PRI	LXX_WH
Józs 13:1	G4771	συ	P-NS	LXX_WH
Józs 13:1	G4260	προβεβηκας	V-RAI-2S	LXX_WH
Józs 13:1	G3588	των	T-GPF	LXX_WH
Józs 13:1	G2250	ημερων	N-GPF	LXX_WH
Józs 13:1	G2532	και	CONJ	LXX_WH
Józs 13:1	G3588	η	T-NSF	LXX_WH
Józs 13:1	G1065	γη	N-NSF	LXX_WH
Józs 13:1	G5275	υπολελειπται	V-RMI-3S	LXX_WH
Józs 13:1	G4183	πολλη	A-NSF	LXX_WH
Józs 13:1	G1519	εις	PREP	LXX_WH
Józs 13:1	G2817	κληρονομιαν	N-ASF	LXX_WH
Józs 13:2	G2532	και	CONJ	LXX_WH
Józs 13:2	G3778	αυτη	D-NSF	LXX_WH
Józs 13:2	G3588	η	T-NSF	LXX_WH
Józs 13:2	G1065	γη	N-NSF	LXX_WH
Józs 13:2	G3588	η	T-NSF	LXX_WH
Józs 13:2	G2641	καταλελειμμενη	V-RMPNS	LXX_WH
Józs 13:2	G3725	ορια	N-NPN	LXX_WH
Józs 13:2		φυλιστιιμ	N-PRI	ELTERO_SZOVEGALAP
Józs 13:2	G3588	ο	T-NSM	LXX_WH
Józs 13:2		γεσιρι	N-PRI	ELTERO_SZOVEGALAP
Józs 13:2	G2532	και	CONJ	LXX_WH
Józs 13:2	G3588	ο	T-NSM	LXX_WH
Józs 13:2		χαναναιος	N-NSM	ELTERO_SZOVEGALAP
Józs 13:3	G0575	απο	PREP	LXX_WH
Józs 13:3	G3588	της	T-GSF	LXX_WH
Józs 13:3		αοικητου	A-GSF	
Józs 13:3	G3588	της	T-GSF	LXX_WH
Józs 13:3	G2596	κατα	PREP	LXX_WH
Józs 13:3	G4383	προσωπον	N-ASN	LXX_WH
Józs 13:3	G0125	αιγυπτου	N-GSF	LXX_WH
Józs 13:3	G2193	εως	PREP	LXX_WH
Józs 13:3	G3588	των	T-GPN	LXX_WH
Józs 13:3	G3725	οριων	N-GPN	LXX_WH
Józs 13:3		ακκαρων	N-PRI	ELTERO_SZOVEGALAP
Józs 13:3	G1537	εξ	PREP	LXX_WH
Józs 13:3	G2176	ευωνυμων	A-GPM	LXX_WH
Józs 13:3	G3588	των	T-GPM	LXX_WH
Józs 13:3		χαναναιων	N-GPM	
Józs 13:3		προσλογιζεται	V-PMI-3S	
Józs 13:3	G3588	ταις	T-DPF	LXX_WH
Józs 13:3	G4002	πεντε	N-NUI	LXX_WH
Józs 13:3	G4568	σατραπειαις	N-DPF	ABP-potolt
Józs 13:3	G3588	των	T-GPM	LXX_WH
Józs 13:3		φυλιστιιμ	N-PRI	
Józs 13:3	G3588	τω	T-DSM	LXX_WH
Józs 13:3	G3588	γαζαιω	N-GPM	ABP-potolt
Józs 13:3	G2532	και	CONJ	LXX_WH
Józs 13:3	G3588	τω	T-DSM	LXX_WH
Józs 13:3	G3588	αζωτιω	N-PRI	ABP-potolt
Józs 13:3	G2532	και	CONJ	LXX_WH
Józs 13:3	G3588	τω	T-DSM	LXX_WH
Józs 13:3	G3588	ασκαλωνιτη	N-DSM	ABP-potolt
Józs 13:3	G2532	και	CONJ	LXX_WH
Józs 13:3	G3588	τω	T-DSM	LXX_WH
Józs 13:3	G3588	γεθθαιω	N-DSM	ABP-potolt
Józs 13:3	G2532	και	CONJ	LXX_WH
Józs 13:3	G3588	τω	T-DSM	LXX_WH
Józs 13:3	G3588	ακκαρωνιτη	N-DSM	ABP-potolt
Józs 13:3	G2532	και	CONJ	LXX_WH
Józs 13:3	G3588	τω	T-DSM	LXX_WH
Józs 13:3		ευαιω	N-DSM	ELTERO_SZOVEGALAP
Józs 13:4	G1537	εκ	PREP	LXX_WH
Józs 13:4		θαιμαν	N-PRI	ELTERO_SZOVEGALAP
Józs 13:4	G2532	και	CONJ	LXX_WH
Józs 13:4	G3956	παση	A-DSF	LXX_WH
Józs 13:4	G1065	γη	N-DSF	LXX_WH
Józs 13:4	G5477	χανααν	N-PRI	LXX_WH
Józs 13:4	G1726	εναντιον	PREP	LXX_WH
Józs 13:4	G1047	γαζης	N-GSF	LXX_WH
Józs 13:4	G2532	και	CONJ	LXX_WH
Józs 13:4	G3588	οι	T-NPM	LXX_WH
Józs 13:4	G4606	σιδωνιοι	N-PRI	LXX_WH
Józs 13:4	G2193	εως	PREP	LXX_WH
Józs 13:4		αφεκ	N-PRI	ELTERO_SZOVEGALAP
Józs 13:4	G2193	εως	PREP	LXX_WH
Józs 13:4	G3588	των	T-GPN	LXX_WH
Józs 13:4	G3725	οριων	N-GPN	LXX_WH
Józs 13:4	G3588	των	T-GPM	LXX_WH
Józs 13:4		αμορραιων	N-GPM	ELTERO_SZOVEGALAP
Józs 13:5	G2532	και	CONJ	LXX_WH
Józs 13:5	G3956	πασαν	A-ASF	LXX_WH
Józs 13:5	G3588	την	T-ASF	LXX_WH
Józs 13:5	G1065	γην	N-ASF	LXX_WH
Józs 13:5		γαβλι	N-PRI	ELTERO_SZOVEGALAP
Józs 13:5		φυλιστιιμ	N-PRI	ELTERO_SZOVEGALAP
Józs 13:5	G2532	και	CONJ	LXX_WH
Józs 13:5	G3956	παντα	A-ASM	LXX_WH
Józs 13:5	G3588	τον	T-ASM	LXX_WH
Józs 13:5	G3030	λιβανον	N-PRI	LXX_WH
Józs 13:5	G0575	απο	PREP	LXX_WH
Józs 13:5	G0395	ανατολων	N-GPF	LXX_WH
Józs 13:5	G2246	ηλιου	N-GSM	LXX_WH
Józs 13:5	G0575	απο	PREP	LXX_WH
Józs 13:5		γαλγαλ	N-PRI	ELTERO_SZOVEGALAP
Józs 13:5	G5259	υπο	PREP	LXX_WH
Józs 13:5	G3588	το	T-ASN	LXX_WH
Józs 13:5	G3735	ορος	N-ASN	LXX_WH
Józs 13:5	G3588	το	T-ASN	LXX_WH
Józs 13:5		αερμων	N-PRI	ELTERO_SZOVEGALAP
Józs 13:5	G2193	εως	PREP	LXX_WH
Józs 13:5	G3588	της	T-GSF	LXX_WH
Józs 13:5	G1529	εισοδου	N-GSF	LXX_WH
Józs 13:5		εμαθ	N-PRI	ELTERO_SZOVEGALAP
Józs 13:6	G3956	πας	A-NSM	LXX_WH
Józs 13:6	G3588	ο	T-NSM	LXX_WH
Józs 13:6	G2730	κατοικων	V-PAPNS	ABP-potolt
Józs 13:6	G3588	την	T-ASF	LXX_WH
Józs 13:6	G3714	ορεινην	N-ASF	ABP-potolt
Józs 13:6	G0575	απο	PREP	LXX_WH
Józs 13:6	G3588	του	T-GSM	LXX_WH
Józs 13:6	G3030	λιβανου	N-PRI	LXX_WH
Józs 13:6	G2193	εως	PREP	LXX_WH
Józs 13:6	G3588	της	T-GSF	LXX_WH
Józs 13:6	G2193	μασερεφωθμαιμ	N-PRI	ABP-potolt
Józs 13:6	G3956	παντας	A-APM	LXX_WH
Józs 13:6	G3588	τους	T-APM	LXX_WH
Józs 13:6	G4606	σιδωνιους	N-PRI	LXX_WH
Józs 13:6	G1473	εγω	P-NS	LXX_WH
Józs 13:6	G0846	αυτους	D-APM	LXX_WH
Józs 13:6		εξολεθρευσω	V-FAI-1S	ELTERO_SZOVEGALAP
Józs 13:6	G0575	απο	PREP	LXX_WH
Józs 13:6	G4383	προσωπου	N-GSN	LXX_WH
Józs 13:6	G2474	ισραηλ	N-PRI	LXX_WH
Józs 13:6	G0235	αλλα	CONJ	LXX_WH
Józs 13:6		διαδος	V-AAD-2S	ELTERO_SZOVEGALAP
Józs 13:6	G0846	αυτην	D-ASF	LXX_WH
Józs 13:6	G1722	εν	PREP	LXX_WH
Józs 13:6	G2819	κληρω	N-DSM	LXX_WH
Józs 13:6	G3588	τω	T-DSM	LXX_WH
Józs 13:6	G2474	ισραηλ	N-PRI	LXX_WH
Józs 13:6	G3739	ον	R-ASM	LXX_WH
Józs 13:6	G5158	τροπον	N-ASM	LXX_WH
Józs 13:6	G4771	σοι	P-DS	LXX_WH
Józs 13:6	G1781	ενετειλαμην	V-AMI-1S	LXX_WH
Józs 13:7	G2532	και	CONJ	LXX_WH
Józs 13:7	G3568	νυν	ADV	LXX_WH
Józs 13:7	G3307	μερισον	V-AAD-2S	LXX_WH
Józs 13:7	G3588	την	T-ASF	LXX_WH
Józs 13:7	G1065	γην	N-ASF	LXX_WH
Józs 13:7	G3778	ταυτην	D-ASF	LXX_WH
Józs 13:7	G1722	εν	PREP	LXX_WH
Józs 13:7	G2817	κληρονομια	N-DSF	LXX_WH
Józs 13:7	G3588	ταις	T-DPF	LXX_WH
Józs 13:7	G1767	εννεα	N-NUI	LXX_WH
Józs 13:7	G5443	φυλαις	N-DPF	LXX_WH
Józs 13:7	G2532	και	CONJ	LXX_WH
Józs 13:7	G3588	τω	T-DSN	LXX_WH
Józs 13:7		ημισει	A-DSN	
Józs 13:7	G5443	φυλης	N-GSF	LXX_WH
Józs 13:7		μανασση	N-PRI	ELTERO_SZOVEGALAP
Józs 13:7	G0575	απο	PREP	LXX_WH
Józs 13:7	G3588	του	T-GSM	LXX_WH
Józs 13:7	G2446	ιορδανου	N-GSM	LXX_WH
Józs 13:7	G2193	εως	PREP	LXX_WH
Józs 13:7	G3588	της	T-GSF	LXX_WH
Józs 13:7	G2281	θαλασσης	N-GSF	LXX_WH
Józs 13:7	G3588	της	T-GSF	LXX_WH
Józs 13:7	G3173	μεγαλης	A-GSF	LXX_WH
Józs 13:7	G2596	κατα	PREP	LXX_WH
Józs 13:7	G1424	δυσμας	N-APF	LXX_WH
Józs 13:7	G2246	ηλιου	N-GSM	LXX_WH
Józs 13:7	G1325	δωσεις	V-FAI-2S	LXX_WH
Józs 13:7	G0846	αυτην	D-ASF	LXX_WH
Józs 13:7	G3588	η	T-NSF	LXX_WH
Józs 13:7	G2281	θαλασσα	N-NSF	LXX_WH
Józs 13:7	G3588	η	T-NSF	LXX_WH
Józs 13:7	G3173	μεγαλη	A-NSF	LXX_WH
Józs 13:7	G3724	οριει	V-FAI-3S	LXX_WH
Józs 13:8	G3588	ταις	T-DPF	LXX_WH
Józs 13:8	G1161	δε	CONJ	LXX_WH
Józs 13:8	G1417	δυο	N-NUI	LXX_WH
Józs 13:8	G5443	φυλαις	N-DPF	LXX_WH
Józs 13:8	G2532	και	CONJ	LXX_WH
Józs 13:8	G3588	τω	T-DSN	LXX_WH
Józs 13:8		ημισει	A-DSN	ELTERO_SZOVEGALAP
Józs 13:8	G5443	φυλης	N-GSF	LXX_WH
Józs 13:8		μανασση	N-PRI	ELTERO_SZOVEGALAP
Józs 13:8	G3588	τω	T-DSM	LXX_WH
Józs 13:8		ρουβην	N-PRI	ELTERO_SZOVEGALAP
Józs 13:8	G2532	και	CONJ	LXX_WH
Józs 13:8	G3588	τω	T-DSM	LXX_WH
Józs 13:8	G1045	γαδ	N-PRI	LXX_WH
Józs 13:8	G1325	εδωκεν	V-AAI-3S	LXX_WH
Józs 13:8	G1473	μωυσης	N-NSM	ABP-potolt
Józs 13:8	G1722	εν	PREP	LXX_WH
Józs 13:8	G3588	τω	T-DSN	LXX_WH
Józs 13:8	G4008	περαν	ADV	LXX_WH
Józs 13:8	G3588	του	T-GSM	LXX_WH
Józs 13:8	G2446	ιορδανου	N-GSM	LXX_WH
Józs 13:8	G2596	κατ	PREP	LXX_WH
Józs 13:8	G0395	ανατολας	N-APF	LXX_WH
Józs 13:8	G2246	ηλιου	N-GSM	LXX_WH
Józs 13:8	G1325	δεδωκεν	V-RAI-3S	LXX_WH
Józs 13:8	G0846	αυτην	D-ASF	LXX_WH
Józs 13:8		μωυσης	N-NSM	ELTERO_SZOVEGALAP
Józs 13:8	G3588	ο	T-NSM	LXX_WH
Józs 13:8	G3816	παις	N-NSM	LXX_WH
Józs 13:8	G2962	κυριου	N-GSM	LXX_WH
Józs 13:9	G0575	απο	PREP	LXX_WH
Józs 13:9		αροηρ	N-PRI	
Józs 13:9	G3739	η	R-NSF	LXX_WH
Józs 13:9	G1510	εστιν	V-PAI-3S	LXX_WH
Józs 13:9	G1909	επι	PREP	LXX_WH
Józs 13:9	G3588	του	T-GSN	LXX_WH
Józs 13:9	G5491	χειλους	N-GSN	LXX_WH
Józs 13:9	G5493	χειμαρρου	N-GSM	ABP-potolt
Józs 13:9	G5493	αρνων	N-PRI	ABP-potolt
Józs 13:9	G2532	και	CONJ	LXX_WH
Józs 13:9	G3588	την	T-ASF	LXX_WH
Józs 13:9	G4172	πολιν	N-ASF	LXX_WH
Józs 13:9	G3588	την	T-ASF	LXX_WH
Józs 13:9	G1722	εν	PREP	LXX_WH
Józs 13:9	G3319	μεσω	A-DSN	LXX_WH
Józs 13:9	G3588	της	T-GSF	LXX_WH
Józs 13:9	G5327	φαραγγος	N-GSF	LXX_WH
Józs 13:9	G2532	και	CONJ	LXX_WH
Józs 13:9	G3956	πασαν	A-ASF	LXX_WH
Józs 13:9	G3588	την	T-ASF	LXX_WH
Józs 13:9		μισωρ	N-PRI	
Józs 13:9	G0575	απο	PREP	LXX_WH
Józs 13:9		μαιδαβα	N-PRI	
Józs 13:9	G2193	εως	PREP	LXX_WH
Józs 13:9		δαιβαν	N-PRI	
Józs 13:10	G3956	πασας	A-APF	LXX_WH
Józs 13:10	G3588	τας	T-APF	LXX_WH
Józs 13:10	G4172	πολεις	N-APF	LXX_WH
Józs 13:10		σηων	N-PRI	
Józs 13:10	G0935	βασιλεως	N-GSM	LXX_WH
Józs 13:10		αμορραιων	N-GPM	
Józs 13:10	G3739	ος	R-NSM	LXX_WH
Józs 13:10	G0936	εβασιλευσεν	V-AAI-3S	LXX_WH
Józs 13:10	G1722	εν	PREP	LXX_WH
Józs 13:10		εσεβων	N-PRI	
Józs 13:10	G2193	εως	PREP	LXX_WH
Józs 13:10	G3588	των	T-GPN	LXX_WH
Józs 13:10	G3725	οριων	N-GPN	LXX_WH
Józs 13:10	G5207	υιων	N-GPM	LXX_WH
Józs 13:10		αμμων	N-PRI	
Józs 13:11	G2532	και	CONJ	LXX_WH
Józs 13:11	G3588	την	T-ASF	LXX_WH
Józs 13:11	G3725	γαλααδιτιδα	N-ASF	ABP-potolt
Józs 13:11	G2532	και	CONJ	LXX_WH
Józs 13:11	G3588	τα	T-APN	LXX_WH
Józs 13:11	G3725	ορια	N-APN	LXX_WH
Józs 13:11		γεσιρι	N-PRI	
Józs 13:11	G2532	και	CONJ	LXX_WH
Józs 13:11	G3588	του	T-GSM	LXX_WH
Józs 13:11		μαχατι	N-PRI	
Józs 13:11	G3956	παν	A-ASN	LXX_WH
Józs 13:11	G3735	ορος	N-ASN	LXX_WH
Józs 13:11		αερμων	N-PRI	
Józs 13:11	G2532	και	CONJ	LXX_WH
Józs 13:11	G3956	πασαν	A-ASF	LXX_WH
Józs 13:11	G3588	την	T-ASF	LXX_WH
Józs 13:11		βασανιτιν	N-ASF	
Józs 13:11	G2193	εως	PREP	LXX_WH
Józs 13:11		σελχα	N-PRI	
Józs 13:12	G3956	πασαν	A-ASF	LXX_WH
Józs 13:12	G3588	την	T-ASF	LXX_WH
Józs 13:12	G0932	βασιλειαν	N-ASF	LXX_WH
Józs 13:12		ωγ	N-PRI	ELTERO_SZOVEGALAP
Józs 13:12	G1722	εν	PREP	LXX_WH
Józs 13:12	G3588	τη	T-DSF	LXX_WH
Józs 13:12		βασανιτιδι	N-DSF	ELTERO_SZOVEGALAP
Józs 13:12	G3739	ος	R-NSM	LXX_WH
Józs 13:12	G0936	εβασιλευσεν	V-AAI-3S	LXX_WH
Józs 13:12	G1722	εν	PREP	LXX_WH
Józs 13:12		ασταρωθ	N-PRI	ELTERO_SZOVEGALAP
Józs 13:12	G2532	και	CONJ	LXX_WH
Józs 13:12	G1722	εν	PREP	LXX_WH
Józs 13:12		εδραιν	N-PRI	ELTERO_SZOVEGALAP
Józs 13:12	G3778	ουτος	D-NSM	LXX_WH
Józs 13:12	G2641	κατελειφθη	V-API-3S	LXX_WH
Józs 13:12	G0575	απο	PREP	LXX_WH
Józs 13:12	G3588	των	T-GPM	LXX_WH
Józs 13:12		γιγαντων	N-GPM	ELTERO_SZOVEGALAP
Józs 13:12	G2532	και	CONJ	LXX_WH
Józs 13:12	G3960	επαταξεν	V-AAI-3S	LXX_WH
Józs 13:12	G0846	αυτον	D-ASM	LXX_WH
Józs 13:12		μωυσης	N-NSM	ELTERO_SZOVEGALAP
Józs 13:12	G2532	και	CONJ	LXX_WH
Józs 13:12		εξωλεθρευσεν	V-AAI-3S	ELTERO_SZOVEGALAP
Józs 13:13	G2532	και	CONJ	LXX_WH
Józs 13:13	G3364	ουκ	ADV	LXX_WH
Józs 13:13		εξωλεθρευσαν	V-AAI-3P	ELTERO_SZOVEGALAP
Józs 13:13	G3588	οι	T-NPM	LXX_WH
Józs 13:13	G5207	υιοι	N-NPM	LXX_WH
Józs 13:13	G2474	ισραηλ	N-PRI	LXX_WH
Józs 13:13	G3588	τον	T-ASM	LXX_WH
Józs 13:13		γεσιρι	N-PRI	ELTERO_SZOVEGALAP
Józs 13:13	G2532	και	CONJ	LXX_WH
Józs 13:13	G3588	τον	T-ASM	LXX_WH
Józs 13:13		μαχατι	N-PRI	ELTERO_SZOVEGALAP
Józs 13:13	G2532	και	CONJ	LXX_WH
Józs 13:13	G3588	τον	T-ASM	LXX_WH
Józs 13:13		χαναναιον	N-ASM	ELTERO_SZOVEGALAP
Józs 13:13	G2532	και	CONJ	LXX_WH
Józs 13:13	G2730	κατωκει	V-IAI-3S	ABP-potolt
Józs 13:13	G0935	βασιλευς	N-NSM	LXX_WH
Józs 13:13		γεσιρι	N-PRI	ELTERO_SZOVEGALAP
Józs 13:13	G2532	και	CONJ	LXX_WH
Józs 13:13	G3588	ο	T-NSM	LXX_WH
Józs 13:13		μαχατι	N-PRI	ELTERO_SZOVEGALAP
Józs 13:13	G1722	εν	PREP	LXX_WH
Józs 13:13	G3588	τοις	T-DPM	LXX_WH
Józs 13:13	G5207	υιοις	N-DPM	LXX_WH
Józs 13:13	G2474	ισραηλ	N-PRI	LXX_WH
Józs 13:13	G2193	εως	PREP	LXX_WH
Józs 13:13	G3588	της	T-GSF	LXX_WH
Józs 13:13	G4594	σημερον	ADV	LXX_WH
Józs 13:13	G2250	ημερας	N-GSF	LXX_WH
Józs 13:14	G4133	πλην	PREP	LXX_WH
Józs 13:14	G3588	της	T-GSF	LXX_WH
Józs 13:14	G5443	φυλης	N-GSF	LXX_WH
Józs 13:14	G3017	λευι	N-PRI	LXX_WH
Józs 13:14	G3364	ουκ	ADV	LXX_WH
Józs 13:14	G1325	εδοθη	V-API-3S	LXX_WH
Józs 13:14	G2817	κληρονομια	N-NSF	LXX_WH
Józs 13:14	G2962	κυριος	N-NSM	LXX_WH
Józs 13:14	G3588	ο	T-NSM	LXX_WH
Józs 13:14	G2316	θεος	N-NSM	LXX_WH
Józs 13:14	G2474	ισραηλ	N-PRI	LXX_WH
Józs 13:14	G3778	ουτος	D-NSM	LXX_WH
Józs 13:14	G0846	αυτων	D-GPM	LXX_WH
Józs 13:14	G2817	κληρονομια	N-NSF	LXX_WH
Józs 13:14	G2505	καθα	ADV	LXX_WH
Józs 13:14		ειπεν	V-AAI-3S	ELTERO_SZOVEGALAP
Józs 13:14	G0846	αυτοις	D-DPM	LXX_WH
Józs 13:14	G2962	κυριος	N-NSM	LXX_WH
Józs 13:14	G2532	και	CONJ	LXX_WH
Józs 13:14	G3778	ουτος	D-NSM	LXX_WH
Józs 13:14	G3588	ο	T-NSM	LXX_WH
Józs 13:14		καταμερισμος	N-NSM	ELTERO_SZOVEGALAP
Józs 13:14	G3739	ον	R-ASM	LXX_WH
Józs 13:14		κατεμερισεν	V-AAI-3S	ELTERO_SZOVEGALAP
Józs 13:14		μωυσης	N-NSM	ELTERO_SZOVEGALAP
Józs 13:14	G3588	τοις	T-DPM	LXX_WH
Józs 13:14	G5207	υιοις	N-DPM	LXX_WH
Józs 13:14	G2474	ισραηλ	N-PRI	LXX_WH
Józs 13:14	G1722	εν	PREP	LXX_WH
Józs 13:14		αραβωθ	N-PRI	ELTERO_SZOVEGALAP
Józs 13:14		μωαβ	N-PRI	ELTERO_SZOVEGALAP
Józs 13:14	G1722	εν	PREP	LXX_WH
Józs 13:14	G3588	τω	T-DSN	LXX_WH
Józs 13:14	G4008	περαν	ADV	LXX_WH
Józs 13:14	G3588	του	T-GSM	LXX_WH
Józs 13:14	G2446	ιορδανου	N-GSM	LXX_WH
Józs 13:14	G2596	κατα	PREP	LXX_WH
Józs 13:14	G2410	ιεριχω	N-PRI	LXX_WH
Józs 13:15	G2532	και	CONJ	LXX_WH
Józs 13:15	G1325	εδωκεν	V-AAI-3S	LXX_WH
Józs 13:15	G1325	μωυσης	N-NSM	ABP-potolt
Józs 13:15	G3588	τη	T-DSF	LXX_WH
Józs 13:15	G5443	φυλη	N-DSF	LXX_WH
Józs 13:15	G5207	ρουβην	N-PRI	ABP-potolt
Józs 13:15	G2596	κατα	PREP	LXX_WH
Józs 13:15	G1218	δημους	N-APM	LXX_WH
Józs 13:15	G0846	αυτων	D-GPM	LXX_WH
Józs 13:16	G2532	και	CONJ	LXX_WH
Józs 13:16	G1096	εγενηθη	V-API-3S	LXX_WH
Józs 13:16	G0846	αυτων	D-GPM	LXX_WH
Józs 13:16	G3588	τα	T-NPN	LXX_WH
Józs 13:16	G3725	ορια	N-NPN	LXX_WH
Józs 13:16	G0575	απο	PREP	LXX_WH
Józs 13:16		αροηρ	N-PRI	ELTERO_SZOVEGALAP
Józs 13:16	G3739	η	R-NSF	LXX_WH
Józs 13:16	G1510	εστιν	V-PAI-3S	LXX_WH
Józs 13:16	G2596	κατα	PREP	LXX_WH
Józs 13:16	G4383	προσωπον	N-ASN	LXX_WH
Józs 13:16	G5327	φαραγγος	N-GSF	LXX_WH
Józs 13:16		αρνων	N-PRI	ELTERO_SZOVEGALAP
Józs 13:16	G2532	και	CONJ	LXX_WH
Józs 13:16	G3588	η	T-NSF	LXX_WH
Józs 13:16	G4172	πολις	N-NSF	LXX_WH
Józs 13:16	G3588	η	T-NSF	LXX_WH
Józs 13:16	G1722	εν	PREP	LXX_WH
Józs 13:16	G3588	τη	T-DSF	LXX_WH
Józs 13:16	G5327	φαραγγι	N-DSF	LXX_WH
Józs 13:16		αρνων	N-PRI	ELTERO_SZOVEGALAP
Józs 13:16	G2532	και	CONJ	LXX_WH
Józs 13:16	G3956	πασαν	A-ASF	LXX_WH
Józs 13:16	G3588	την	T-ASF	LXX_WH
Józs 13:16		μισωρ	N-PRI	ELTERO_SZOVEGALAP
Józs 13:17	G2193	εως	PREP	LXX_WH
Józs 13:17		εσεβων	N-PRI	ELTERO_SZOVEGALAP
Józs 13:17	G2532	και	CONJ	LXX_WH
Józs 13:17	G3956	πασας	A-APF	LXX_WH
Józs 13:17	G3588	τας	T-APF	LXX_WH
Józs 13:17	G4172	πολεις	N-APF	LXX_WH
Józs 13:17	G3588	τας	T-APF	LXX_WH
Józs 13:17	G1510	ουσας	V-PAPAP	LXX_WH
Józs 13:17	G1722	εν	PREP	LXX_WH
Józs 13:17	G3588	τη	T-DSF	LXX_WH
Józs 13:17	G2532	μισωρ	N-PRI	ABP-potolt
Józs 13:17	G2532	και	CONJ	LXX_WH
Józs 13:17	G2532	δαιβων	N-PRI	ABP-potolt
Józs 13:17	G2532	και	CONJ	LXX_WH
Józs 13:17	G2532	βαμωθβααλ	N-PRI	ABP-potolt
Józs 13:17	G2532	και	CONJ	LXX_WH
Józs 13:17	G3624	οικου	N-GSM	LXX_WH
Józs 13:17		βεελμων	N-PRI	ELTERO_SZOVEGALAP
Józs 13:18	G2532	και	CONJ	LXX_WH
Józs 13:18	G2532	ιασσα	N-PRI	ABP-potolt
Józs 13:18	G2532	και	CONJ	LXX_WH
Józs 13:18	G2532	κεδημωθ	N-PRI	ABP-potolt
Józs 13:18	G2532	και	CONJ	LXX_WH
Józs 13:18	G2532	μεφααθ	N-PRI	ABP-potolt
Józs 13:19	G2532	και	CONJ	LXX_WH
Józs 13:19	G2532	καριαθαιμ	N-PRI	ABP-potolt
Józs 13:19	G2532	και	CONJ	LXX_WH
Józs 13:19	G2532	σεβαμα	N-PRI	ABP-potolt
Józs 13:19	G2532	και	CONJ	LXX_WH
Józs 13:19	G2532	σεραδα	N-PRI	ABP-potolt
Józs 13:19	G2532	και	CONJ	LXX_WH
Józs 13:19	G2532	σιωρ	N-PRI	ABP-potolt
Józs 13:19	G1722	εν	PREP	LXX_WH
Józs 13:19	G3588	τω	T-DSN	LXX_WH
Józs 13:19	G3735	ορει	N-DSN	LXX_WH
Józs 13:19		εμακ	N-PRI	
Józs 13:20	G2532	και	CONJ	LXX_WH
Józs 13:20	G2532	βαιθφογωρ	N-PRI	ABP-potolt
Józs 13:20	G2532	και	CONJ	LXX_WH
Józs 13:20	G2532	ασηδωθ	N-PRI	ABP-potolt
Józs 13:20	G2532	φασγα	N-PRI	ABP-potolt
Józs 13:20	G2532	και	CONJ	LXX_WH
Józs 13:20	G2532	βαιθασιμωθ	N-PRI	ABP-potolt
Józs 13:21	G2532	και	CONJ	LXX_WH
Józs 13:21	G3956	πασας	A-APF	LXX_WH
Józs 13:21	G3588	τας	T-APF	LXX_WH
Józs 13:21	G4172	πολεις	N-APF	LXX_WH
Józs 13:21	G3588	του	T-GSM	LXX_WH
Józs 13:21	G2233	μισωρ	N-PRI	ABP-potolt
Józs 13:21	G2532	και	CONJ	LXX_WH
Józs 13:21	G3956	πασαν	A-ASF	LXX_WH
Józs 13:21	G3588	την	T-ASF	LXX_WH
Józs 13:21	G0932	βασιλειαν	N-ASF	LXX_WH
Józs 13:21	G3588	του	T-GSM	LXX_WH
Józs 13:21		σηων	N-PRI	ELTERO_SZOVEGALAP
Józs 13:21	G0935	βασιλεως	N-GSM	LXX_WH
Józs 13:21	G3588	των	T-GPM	LXX_WH
Józs 13:21		αμορραιων	N-GPM	ELTERO_SZOVEGALAP
Józs 13:21	G3739	ον	R-ASM	LXX_WH
Józs 13:21	G3960	επαταξεν	V-AAI-3S	LXX_WH
Józs 13:21		μωυσης	N-NSM	ELTERO_SZOVEGALAP
Józs 13:21	G0846	αυτον	D-ASM	LXX_WH
Józs 13:21	G2532	και	CONJ	LXX_WH
Józs 13:21	G3588	τους	T-APM	LXX_WH
Józs 13:21	G2233	ηγουμενους	V-PMPAP	LXX_WH
Józs 13:21		μαδιαμ	N-PRI	ELTERO_SZOVEGALAP
Józs 13:21	G2532	και	CONJ	LXX_WH
Józs 13:21	G3588	τον	T-ASM	LXX_WH
Józs 13:21	G2233	ευι	N-PRI	ABP-potolt
Józs 13:21	G2532	και	CONJ	LXX_WH
Józs 13:21	G3588	τον	T-ASM	LXX_WH
Józs 13:21	G2233	ροκομ	N-PRI	ABP-potolt
Józs 13:21	G2532	και	CONJ	LXX_WH
Józs 13:21	G3588	τον	T-ASM	LXX_WH
Józs 13:21	G2233	σουρ	N-PRI	ABP-potolt
Józs 13:21	G2532	και	CONJ	LXX_WH
Józs 13:21	G3588	τον	T-ASM	LXX_WH
Józs 13:21	G2233	ουρ	N-PRI	ABP-potolt
Józs 13:21	G2532	και	CONJ	LXX_WH
Józs 13:21	G3588	τον	T-ASM	LXX_WH
Józs 13:21		ροβε	N-PRI	ELTERO_SZOVEGALAP
Józs 13:21	G0758	αρχοντας	N-APM	LXX_WH
Józs 13:21	G3844	παρα	PREP	LXX_WH
Józs 13:21		σηων	N-PRI	ELTERO_SZOVEGALAP
Józs 13:21	G2532	και	CONJ	LXX_WH
Józs 13:21	G3588	τους	T-APM	LXX_WH
Józs 13:21		κατοικουντας	V-PAPAP	
Józs 13:21	G3588	την	T-ASF	LXX_WH
Józs 13:21	G1065	γην	N-ASF	LXX_WH
Józs 13:22	G2532	και	CONJ	LXX_WH
Józs 13:22	G3588	τον	T-ASM	LXX_WH
Józs 13:22	G0903	βαλααμ	N-PRI	LXX_WH
Józs 13:22	G3588	τον	T-ASM	LXX_WH
Józs 13:22	G3588	του	T-GSM	LXX_WH
Józs 13:22	G5207	βεωρ	N-PRI	ABP-potolt
Józs 13:22	G3588	τον	T-ASM	LXX_WH
Józs 13:22	G3132	μαντιν	N-ASM	ABP-potolt
Józs 13:22	G0615	απεκτειναν	V-AAI-3P	LXX_WH
Józs 13:22	G1722	εν	PREP	LXX_WH
Józs 13:22	G3588	τη	T-DSF	LXX_WH
Józs 13:22	G5157	ροπη	N-DSF	ABP-potolt
Józs 13:23	G1096	εγενετο	V-AMI-3S	LXX_WH
Józs 13:23	G1161	δε	CONJ	LXX_WH
Józs 13:23	G3588	τα	T-NPN	LXX_WH
Józs 13:23	G3725	ορια	N-NPN	LXX_WH
Józs 13:23		ρουβην	N-PRI	ELTERO_SZOVEGALAP
Józs 13:23	G2446	ιορδανης	N-GSM	LXX_WH
Józs 13:23	G3725	οριον	N-NSN	LXX_WH
Józs 13:23	G3778	αυτη	D-NSF	LXX_WH
Józs 13:23	G3588	η	T-NSF	LXX_WH
Józs 13:23	G2817	κληρονομια	N-NSF	LXX_WH
Józs 13:23	G5207	υιων	N-GPM	LXX_WH
Józs 13:23		ρουβην	N-PRI	ELTERO_SZOVEGALAP
Józs 13:23	G2596	κατα	PREP	LXX_WH
Józs 13:23	G1218	δημους	N-APM	LXX_WH
Józs 13:23	G0846	αυτων	D-GPM	LXX_WH
Józs 13:23	G3588	αι	T-NPF	LXX_WH
Józs 13:23	G4172	πολεις	N-NPF	LXX_WH
Józs 13:23	G0846	αυτων	D-GPM	LXX_WH
Józs 13:23	G2532	και	CONJ	LXX_WH
Józs 13:23	G3588	αι	T-NPF	LXX_WH
Józs 13:23	G1886	επαυλεις	N-NPF	LXX_WH
Józs 13:23	G0846	αυτων	D-GPM	LXX_WH
Józs 13:24	G1325	εδωκεν	V-AAI-3S	LXX_WH
Józs 13:24	G1161	δε	PRT	LXX_WH
Józs 13:24		μωυσης	N-NSM	ELTERO_SZOVEGALAP
Józs 13:24	G3588	τοις	T-DPM	LXX_WH
Józs 13:24	G5207	υιοις	N-DPM	LXX_WH
Józs 13:24	G1045	γαδ	N-PRI	LXX_WH
Józs 13:24	G2596	κατα	PREP	LXX_WH
Józs 13:24	G1218	δημους	N-APM	LXX_WH
Józs 13:24	G0846	αυτων	D-GPM	LXX_WH
Józs 13:25	G2532	και	CONJ	LXX_WH
Józs 13:25	G1096	εγενετο	V-AMI-3S	LXX_WH
Józs 13:25	G3588	τα	T-NPN	LXX_WH
Józs 13:25	G3725	ορια	N-NPN	LXX_WH
Józs 13:25	G0846	αυτων	D-GPM	LXX_WH
Józs 13:25		ιαζηρ	N-PRI	ELTERO_SZOVEGALAP
Józs 13:25	G3956	πασαι	A-NPF	LXX_WH
Józs 13:25	G3588	αι	T-NPF	LXX_WH
Józs 13:25	G4172	πολεις	N-NPF	LXX_WH
Józs 13:25		γαλααδ	N-PRI	ELTERO_SZOVEGALAP
Józs 13:25	G2532	και	CONJ	LXX_WH
Józs 13:25	G3588	το	T-NSN	LXX_WH
Józs 13:25		ημισυ	A-NSN	ELTERO_SZOVEGALAP
Józs 13:25	G1065	γης	N-GSF	LXX_WH
Józs 13:25	G5207	υιων	N-GPM	LXX_WH
Józs 13:25		αμμων	N-PRI	ELTERO_SZOVEGALAP
Józs 13:25	G2193	εως	PREP	LXX_WH
Józs 13:25		αροηρ	N-PRI	ELTERO_SZOVEGALAP
Józs 13:25	G3739	η	R-NSF	LXX_WH
Józs 13:25	G1510	εστιν	V-PAI-3S	LXX_WH
Józs 13:25	G2596	κατα	PREP	LXX_WH
Józs 13:25	G4383	προσωπον	N-ASN	LXX_WH
Józs 13:25		ραββα	N-PRI	ELTERO_SZOVEGALAP
Józs 13:26	G2532	και	CONJ	LXX_WH
Józs 13:26	G0575	απο	PREP	LXX_WH
Józs 13:26		εσεβων	N-PRI	ELTERO_SZOVEGALAP
Józs 13:26	G2193	εως	PREP	LXX_WH
Józs 13:26		ραμωθ	N-PRI	ELTERO_SZOVEGALAP
Józs 13:26	G2596	κατα	PREP	LXX_WH
Józs 13:26	G3588	την	T-ASF	LXX_WH
Józs 13:26		μασσηφα	N-PRI	ELTERO_SZOVEGALAP
Józs 13:26	G2532	και	CONJ	LXX_WH
Józs 13:26		βοτανιν	N-PRI	ELTERO_SZOVEGALAP
Józs 13:26	G2532	και	CONJ	LXX_WH
Józs 13:26	G0575	μααναιν	N-PRI	ABP-potolt
Józs 13:26	G2193	εως	PREP	LXX_WH
Józs 13:26	G3588	των	T-GPN	LXX_WH
Józs 13:26	G3725	οριων	N-GPN	LXX_WH
Józs 13:26		δαβιρ	N-PRI	ELTERO_SZOVEGALAP
Józs 13:27	G2532	και	CONJ	LXX_WH
Józs 13:27	G1722	εν	PREP	LXX_WH
Józs 13:27		εμεκ	N-PRI	ELTERO_SZOVEGALAP
Józs 13:27		βαιθαραμ	N-PRI	ELTERO_SZOVEGALAP
Józs 13:27	G2532	και	CONJ	LXX_WH
Józs 13:27	G2532	βαιθαναβρα	N-PRI	ABP-potolt
Józs 13:27	G2532	και	CONJ	LXX_WH
Józs 13:27	G2532	σοκχωθα	N-PRI	ABP-potolt
Józs 13:27	G2532	και	CONJ	LXX_WH
Józs 13:27	G2532	σαφαν	N-PRI	ABP-potolt
Józs 13:27	G2532	και	CONJ	LXX_WH
Józs 13:27	G3588	την	T-ASF	LXX_WH
Józs 13:27	G3062	λοιπην	A-ASF	ABP-potolt
Józs 13:27	G0932	βασιλειαν	N-ASF	LXX_WH
Józs 13:27		σηων	N-PRI	ELTERO_SZOVEGALAP
Józs 13:27	G0935	βασιλεως	N-GSM	LXX_WH
Józs 13:27		εσεβων	N-PRI	ELTERO_SZOVEGALAP
Józs 13:27	G2532	και	CONJ	LXX_WH
Józs 13:27	G3588	ο	T-NSM	LXX_WH
Józs 13:27	G2446	ιορδανης	N-NSM	LXX_WH
Józs 13:27	G3724	οριει	V-FAI-3S	LXX_WH
Józs 13:27	G2193	εως	PREP	LXX_WH
Józs 13:27	G3313	μερους	N-GSN	LXX_WH
Józs 13:27	G3588	της	T-GSF	LXX_WH
Józs 13:27	G2281	θαλασσης	N-GSF	LXX_WH
Józs 13:27		χενερεθ	N-PRI	ELTERO_SZOVEGALAP
Józs 13:27	G4008	περαν	PREP	LXX_WH
Józs 13:27	G3588	του	T-GSM	LXX_WH
Józs 13:27	G2446	ιορδανου	N-GSM	LXX_WH
Józs 13:27	G0575	απ	PREP	LXX_WH
Józs 13:27	G0395	ανατολων	N-GPF	LXX_WH
Józs 13:28	G3778	αυτη	D-NSF	LXX_WH
Józs 13:28	G3588	η	T-NSF	LXX_WH
Józs 13:28	G2817	κληρονομια	N-NSF	LXX_WH
Józs 13:28	G5207	υιων	N-GPM	LXX_WH
Józs 13:28	G1045	γαδ	N-PRI	LXX_WH
Józs 13:28	G2596	κατα	PREP	LXX_WH
Józs 13:28	G1218	δημους	N-APM	LXX_WH
Józs 13:28	G0846	αυτων	D-GPM	LXX_WH
Józs 13:28	G3588	αι	T-NPF	LXX_WH
Józs 13:28	G4172	πολεις	N-NPF	LXX_WH
Józs 13:28	G0846	αυτων	D-GPM	LXX_WH
Józs 13:28	G2532	και	CONJ	LXX_WH
Józs 13:28	G3588	αι	T-NPF	LXX_WH
Józs 13:28	G1886	επαυλεις	N-NPF	LXX_WH
Józs 13:28	G0846	αυτων	D-GPM	LXX_WH
Józs 13:29	G2532	και	CONJ	LXX_WH
Józs 13:29	G1325	εδωκεν	V-AAI-3S	LXX_WH
Józs 13:29	G1325	μωυσης	N-NSM	ABP-potolt
Józs 13:29	G3588	τω	T-DSN	LXX_WH
Józs 13:29	G2255	ημισει	A-DSN	ABP-potolt
Józs 13:29	G5443	φυλης	N-GSF	LXX_WH
Józs 13:29	G5207	μανασση	N-PRI	ABP-potolt
Józs 13:29	G2596	κατα	PREP	LXX_WH
Józs 13:29	G1218	δημους	N-APM	LXX_WH
Józs 13:29	G0846	αυτων	D-GPM	LXX_WH
Józs 13:30	G2532	και	CONJ	LXX_WH
Józs 13:30	G1096	εγενετο	V-AMI-3S	LXX_WH
Józs 13:30	G3588	τα	T-NPN	LXX_WH
Józs 13:30	G3725	ορια	N-NPN	LXX_WH
Józs 13:30	G0846	αυτων	D-GPM	LXX_WH
Józs 13:30	G0575	απο	PREP	LXX_WH
Józs 13:30		μααναιμ	N-PRI	ELTERO_SZOVEGALAP
Józs 13:30	G2532	και	CONJ	LXX_WH
Józs 13:30	G3956	πασα	A-NSF	LXX_WH
Józs 13:30	G0932	βασιλεια	N-NSF	LXX_WH
Józs 13:30	G0935	βασανι	N-PRI	ABP-potolt
Józs 13:30	G2532	και	CONJ	LXX_WH
Józs 13:30	G3956	πασα	A-NSF	LXX_WH
Józs 13:30	G0932	βασιλεια	N-NSF	LXX_WH
Józs 13:30		ωγ	N-PRI	ELTERO_SZOVEGALAP
Józs 13:30	G0935	βασιλεως	N-GSM	LXX_WH
Józs 13:30		βασαν	N-PRI	ELTERO_SZOVEGALAP
Józs 13:30	G2532	και	CONJ	LXX_WH
Józs 13:30	G3956	πασας	A-APF	LXX_WH
Józs 13:30	G3588	τας	T-APF	LXX_WH
Józs 13:30	G2864	κωμας	N-APF	LXX_WH
Józs 13:30		ιαιρ	N-PRI	ELTERO_SZOVEGALAP
Józs 13:30	G3739	αι	R-NPF	LXX_WH
Józs 13:30	G1510	εισιν	V-PAI-3P	LXX_WH
Józs 13:30	G1722	εν	PREP	LXX_WH
Józs 13:30	G3588	τη	T-DSF	LXX_WH
Józs 13:30		βασανιτιδι	N-DSF	ELTERO_SZOVEGALAP
Józs 13:30	G1835	εξηκοντα	N-NUI	LXX_WH
Józs 13:30	G4172	πολεις	N-NPF	LXX_WH
Józs 13:31	G2532	και	CONJ	LXX_WH
Józs 13:31	G3588	το	T-ASN	LXX_WH
Józs 13:31	G2255	ημισυ	A-ASN	ABP-potolt
Józs 13:31	G3588	της	T-GSF	LXX_WH
Józs 13:31		γαλααδ	N-PRI	ELTERO_SZOVEGALAP
Józs 13:31	G2532	και	CONJ	LXX_WH
Józs 13:31	G1722	εν	PREP	LXX_WH
Józs 13:31		ασταρωθ	N-PRI	ELTERO_SZOVEGALAP
Józs 13:31	G2532	και	CONJ	LXX_WH
Józs 13:31	G1722	εν	PREP	LXX_WH
Józs 13:31		εδραιν	N-PRI	ELTERO_SZOVEGALAP
Józs 13:31	G4172	πολεις	N-APF	LXX_WH
Józs 13:31	G0932	βασιλειας	N-GSF	LXX_WH
Józs 13:31		ωγ	N-PRI	ELTERO_SZOVEGALAP
Józs 13:31	G1722	εν	PREP	LXX_WH
Józs 13:31		βασανιτιδι	N-DSF	ELTERO_SZOVEGALAP
Józs 13:31	G2532	και	CONJ	LXX_WH
Józs 13:31	G1325	εδοθησαν	V-API-3P	LXX_WH
Józs 13:31	G3588	τοις	T-DPM	LXX_WH
Józs 13:31	G5207	υιοις	N-DPM	LXX_WH
Józs 13:31		μαχιρ	N-PRI	ELTERO_SZOVEGALAP
Józs 13:31	G5207	υιου	N-GSM	LXX_WH
Józs 13:31	G5207	μανασση	N-PRI	ABP-potolt
Józs 13:31	G2532	και	CONJ	LXX_WH
Józs 13:31	G3588	τοις	T-DPM	LXX_WH
Józs 13:31		ημισεσιν	A-DPM	
Józs 13:31	G5207	υιοις	N-DPM	LXX_WH
Józs 13:31		μαχιρ	N-PRI	ELTERO_SZOVEGALAP
Józs 13:31	G5207	υιου	N-GSM	LXX_WH
Józs 13:31	G5207	μανασση	N-PRI	ABP-potolt
Józs 13:31	G2596	κατα	PREP	LXX_WH
Józs 13:31	G1218	δημους	N-APM	LXX_WH
Józs 13:31	G0846	αυτων	D-GPM	LXX_WH
Józs 13:32	G3778	ουτοι	D-NPM	LXX_WH
Józs 13:32	G3739	ους	R-APM	LXX_WH
Józs 13:32		κατεκληρονομησεν	V-AAI-3S	ELTERO_SZOVEGALAP
Józs 13:32		μωυσης	N-NSM	ELTERO_SZOVEGALAP
Józs 13:32	G4008	περαν	PREP	LXX_WH
Józs 13:32	G3588	του	T-GSM	LXX_WH
Józs 13:32	G2446	ιορδανου	N-GSM	LXX_WH
Józs 13:32	G1722	εν	PREP	LXX_WH
Józs 13:32	G0687	αραβωθ	N-PRI	ABP-potolt
Józs 13:32	G0687	μωαβ	N-PRI	ABP-potolt
Józs 13:32	G1722	εν	PREP	LXX_WH
Józs 13:32	G3588	τω	T-DSN	LXX_WH
Józs 13:32	G4008	περαν	ADV	LXX_WH
Józs 13:32	G3588	του	T-GSM	LXX_WH
Józs 13:32	G2446	ιορδανου	N-GSM	LXX_WH
Józs 13:32	G2596	κατα	PREP	LXX_WH
Józs 13:32	G2410	ιεριχω	N-PRI	LXX_WH
Józs 13:32	G0575	απο	PREP	LXX_WH
Józs 13:32	G0395	ανατολων	N-GPF	LXX_WH
Józs 14:1	G2532	και	CONJ	LXX_WH
Józs 14:1	G3778	ουτοι	D-NPM	LXX_WH
Józs 14:1	G3588	οι	T-NPM	LXX_WH
Józs 14:1	G2624	κατακληρονομησαντες	V-AAPNP	ABP-potolt
Józs 14:1	G5207	υιων	N-GPM	LXX_WH
Józs 14:1	G2474	ισραηλ	N-PRI	LXX_WH
Józs 14:1	G1722	εν	PREP	LXX_WH
Józs 14:1	G3588	τη	T-DSF	LXX_WH
Józs 14:1	G1065	γη	N-DSF	LXX_WH
Józs 14:1	G5477	χανααν	N-PRI	LXX_WH
Józs 14:1	G3739	οις	R-DPM	LXX_WH
Józs 14:1		κατεκληρονομησεν	V-AAI-3S	ELTERO_SZOVEGALAP
Józs 14:1	G0846	αυτοις	D-DPM	LXX_WH
Józs 14:1	G1648	ελεαζαρ	N-PRI	LXX_WH
Józs 14:1	G3588	ο	T-NSM	LXX_WH
Józs 14:1	G2409	ιερευς	N-NSM	LXX_WH
Józs 14:1	G2532	και	CONJ	LXX_WH
Józs 14:1	G2424	ιησους	N-PRI	LXX_WH
Józs 14:1	G3588	ο	T-NSM	LXX_WH
Józs 14:1	G3588	του	T-GSM	LXX_WH
Józs 14:1		ναυη	N-PRI	
Józs 14:1	G2532	και	CONJ	LXX_WH
Józs 14:1	G3588	οι	T-NPM	LXX_WH
Józs 14:1	G0758	αρχοντες	N-NPM	LXX_WH
Józs 14:1	G3965	πατριων	N-GPF	LXX_WH
Józs 14:1	G5443	φυλων	N-GPF	LXX_WH
Józs 14:1	G3588	των	T-GPM	LXX_WH
Józs 14:1	G5207	υιων	N-GPM	LXX_WH
Józs 14:1	G2474	ισραηλ	N-PRI	LXX_WH
Józs 14:2	G2596	κατα	PREP	LXX_WH
Józs 14:2	G2819	κληρους	N-APM	LXX_WH
Józs 14:2	G2816	εκληρονομησαν	V-AAI-3P	LXX_WH
Józs 14:2	G3739	ον	R-ASM	LXX_WH
Józs 14:2	G5158	τροπον	N-ASM	LXX_WH
Józs 14:2	G1781	ενετειλατο	V-AMI-3S	LXX_WH
Józs 14:2	G2962	κυριος	N-NSM	LXX_WH
Józs 14:2	G1722	εν	PREP	LXX_WH
Józs 14:2	G5495	χειρι	N-DSF	LXX_WH
Józs 14:2	G2424	ιησου	N-PRI	LXX_WH
Józs 14:2	G3588	ταις	T-DPF	LXX_WH
Józs 14:2	G1767	εννεα	N-NUI	LXX_WH
Józs 14:2	G5443	φυλαις	N-DPF	LXX_WH
Józs 14:2	G2532	και	CONJ	LXX_WH
Józs 14:2	G3588	τω	T-DSN	LXX_WH
Józs 14:2		ημισει	A-DSN	
Józs 14:2	G5443	φυλης	N-GSF	LXX_WH
Józs 14:3	G0575	απο	PREP	LXX_WH
Józs 14:3	G3588	του	T-GSN	LXX_WH
Józs 14:3	G4008	περαν	ADV	LXX_WH
Józs 14:3	G3588	του	T-GSM	LXX_WH
Józs 14:3	G2446	ιορδανου	N-GSM	LXX_WH
Józs 14:3	G2532	και	CONJ	LXX_WH
Józs 14:3	G3588	τοις	T-DPM	LXX_WH
Józs 14:3	G3019	λευιταις	N-DPM	LXX_WH
Józs 14:3	G3364	ουκ	ADV	LXX_WH
Józs 14:3	G1325	εδωκεν	V-AAI-3S	LXX_WH
Józs 14:3	G2819	κληρον	N-ASM	LXX_WH
Józs 14:3	G1722	εν	PREP	LXX_WH
Józs 14:3	G0846	αυτοις	D-DPM	LXX_WH
Józs 14:4	G3754	οτι	CONJ	LXX_WH
Józs 14:4	G1510	ησαν	V-IAI-3P	LXX_WH
Józs 14:4	G3588	οι	T-NPM	LXX_WH
Józs 14:4	G5207	υιοι	N-NPM	LXX_WH
Józs 14:4	G2501	ιωσηφ	N-PRI	LXX_WH
Józs 14:4	G1417	δυο	N-NUI	LXX_WH
Józs 14:4	G5443	φυλαι	N-NPF	LXX_WH
Józs 14:4	G2532	μανασση	N-PRI	ABP-potolt
Józs 14:4	G2532	και	CONJ	LXX_WH
Józs 14:4	G2187	εφραιμ	N-PRI	LXX_WH
Józs 14:4	G2532	και	CONJ	LXX_WH
Józs 14:4	G3364	ουκ	ADV	LXX_WH
Józs 14:4	G1325	εδοθη	V-API-3S	LXX_WH
Józs 14:4	G3310	μερις	N-NSF	LXX_WH
Józs 14:4	G1722	εν	PREP	LXX_WH
Józs 14:4	G3588	τη	T-DSF	LXX_WH
Józs 14:4	G1065	γη	N-DSF	LXX_WH
Józs 14:4	G3588	τοις	T-DPM	LXX_WH
Józs 14:4	G3019	λευιταις	N-DPM	LXX_WH
Józs 14:4	G0235	αλλ	CONJ	LXX_WH
Józs 14:4	G2228	η	CONJ	LXX_WH
Józs 14:4	G4172	πολεις	N-NPF	LXX_WH
Józs 14:4	G2730	κατοικειν	V-PAN	ABP-potolt
Józs 14:4	G2532	και	CONJ	LXX_WH
Józs 14:4	G3588	τα	T-NPN	LXX_WH
Józs 14:4		αφωρισμενα	V-RMPNP	ELTERO_SZOVEGALAP
Józs 14:4	G0846	αυτων	D-GPM	LXX_WH
Józs 14:4	G3588	τοις	T-DPN	LXX_WH
Józs 14:4	G2934	κτηνεσιν	N-DPN	LXX_WH
Józs 14:4	G2532	και	CONJ	LXX_WH
Józs 14:4	G3588	τα	T-NPN	LXX_WH
Józs 14:4	G2934	κτηνη	N-NPN	LXX_WH
Józs 14:4	G0846	αυτων	D-GPM	LXX_WH
Józs 14:5	G3739	ον	R-ASM	LXX_WH
Józs 14:5	G5158	τροπον	N-ASM	LXX_WH
Józs 14:5	G1781	ενετειλατο	V-AMI-3S	LXX_WH
Józs 14:5	G2962	κυριος	N-NSM	LXX_WH
Józs 14:5	G3588	τω	T-DSM	LXX_WH
Józs 14:5		μωυση	N-DSM	ELTERO_SZOVEGALAP
Józs 14:5	G3778	ουτως	ADV	LXX_WH
Józs 14:5	G4160	εποιησαν	V-AAI-3P	LXX_WH
Józs 14:5	G3588	οι	T-NPM	LXX_WH
Józs 14:5	G5207	υιοι	N-NPM	LXX_WH
Józs 14:5	G2474	ισραηλ	N-PRI	LXX_WH
Józs 14:5	G2532	και	CONJ	LXX_WH
Józs 14:5	G3307	εμερισαν	V-AAI-3P	LXX_WH
Józs 14:5	G3588	την	T-ASF	LXX_WH
Józs 14:5	G1065	γην	N-ASF	LXX_WH
Józs 14:6	G2532	και	CONJ	LXX_WH
Józs 14:6	G4334	προσηλθοσαν	V-AAI-3P	LXX_WH
Józs 14:6	G3588	οι	T-NPM	LXX_WH
Józs 14:6	G5207	υιοι	N-NPM	LXX_WH
Józs 14:6	G2448	ιουδα	N-PRI	LXX_WH
Józs 14:6	G4314	προς	PREP	LXX_WH
Józs 14:6	G2424	ιησουν	N-PRI	LXX_WH
Józs 14:6	G1722	εν	PREP	LXX_WH
Józs 14:6		γαλγαλ	N-PRI	ELTERO_SZOVEGALAP
Józs 14:6	G2532	και	CONJ	LXX_WH
Józs 14:6	G2036	ειπεν	V-AAI-3S	ABP-potolt
Józs 14:6	G4314	προς	PREP	LXX_WH
Józs 14:6	G0846	αυτον	D-ASM	LXX_WH
Józs 14:6		χαλεβ	N-PRI	ELTERO_SZOVEGALAP
Józs 14:6	G3588	ο	T-NSM	LXX_WH
Józs 14:6	G3588	του	T-GSM	LXX_WH
Józs 14:6	G3588	ιεφοννη	N-PRI	ABP-potolt
Józs 14:6	G3588	ο	T-NSM	LXX_WH
Józs 14:6		κενεζαιος	N-NSM	ELTERO_SZOVEGALAP
Józs 14:6	G4771	συ	P-NS	LXX_WH
Józs 14:6	G1987	επιστη	V-PMS-2S	LXX_WH
Józs 14:6	G3588	το	T-ASN	LXX_WH
Józs 14:6	G4487	ρημα	N-ASN	LXX_WH
Józs 14:6	G3739	ο	R-ASN	LXX_WH
Józs 14:6	G2980	ελαλησεν	V-AAI-3S	LXX_WH
Józs 14:6	G2962	κυριος	N-NSM	LXX_WH
Józs 14:6	G4314	προς	PREP	LXX_WH
Józs 14:6		μωυσην	N-ASM	ELTERO_SZOVEGALAP
Józs 14:6	G0444	ανθρωπον	N-ASM	LXX_WH
Józs 14:6	G3588	του	T-GSM	LXX_WH
Józs 14:6	G2316	θεου	N-GSM	LXX_WH
Józs 14:6	G4012	περι	PREP	LXX_WH
Józs 14:6	G1473	εμου	P-GS	LXX_WH
Józs 14:6	G2532	και	CONJ	LXX_WH
Józs 14:6	G4771	σου	P-GS	LXX_WH
Józs 14:6	G1722	εν	PREP	LXX_WH
Józs 14:6		καδης	N-PRI	ELTERO_SZOVEGALAP
Józs 14:6		βαρνη	N-PRI	ELTERO_SZOVEGALAP
Józs 14:7	G5062	τεσσαρακοντα	N-NUI	LXX_WH
Józs 14:7	G1063	γαρ	PRT	LXX_WH
Józs 14:7	G2094	ετων	N-GPN	LXX_WH
Józs 14:7	G1510	ημην	V-IMI-1S	LXX_WH
Józs 14:7	G3753	οτε	ADV	LXX_WH
Józs 14:7	G0649	απεστειλεν	V-AAI-3S	LXX_WH
Józs 14:7	G1473	με	P-AS	LXX_WH
Józs 14:7		μωυσης	N-NSM	ELTERO_SZOVEGALAP
Józs 14:7	G3588	ο	T-NSM	LXX_WH
Józs 14:7	G3816	παις	N-NSM	LXX_WH
Józs 14:7	G3588	του	T-GSM	LXX_WH
Józs 14:7	G2316	θεου	N-GSM	LXX_WH
Józs 14:7	G1537	εκ	PREP	LXX_WH
Józs 14:7	G2684	καδης	N-PRI	ABP-potolt
Józs 14:7	G2684	βαρνη	N-PRI	ABP-potolt
Józs 14:7	G2684	κατασκοπευσαι	V-AAN	ABP-potolt
Józs 14:7	G3588	την	T-ASF	LXX_WH
Józs 14:7	G1065	γην	N-ASF	LXX_WH
Józs 14:7	G2532	και	CONJ	LXX_WH
Józs 14:7		απεκριθην	V-API-1S	ELTERO_SZOVEGALAP
Józs 14:7	G0846	αυτω	D-DSM	LXX_WH
Józs 14:7	G3056	λογον	N-ASM	LXX_WH
Józs 14:7	G2596	κατα	PREP	LXX_WH
Józs 14:7	G3588	τον	T-ASM	LXX_WH
Józs 14:7	G3563	νουν	N-ASM	LXX_WH
Józs 14:7	G0846	αυτου	D-GSM	LXX_WH
Józs 14:8	G3588	οι	T-NPM	LXX_WH
Józs 14:8	G1161	δε	PRT	LXX_WH
Józs 14:8	G0080	αδελφοι	N-NPM	LXX_WH
Józs 14:8	G1473	μου	P-GS	LXX_WH
Józs 14:8	G3588	οι	T-NPM	LXX_WH
Józs 14:8	G0305	αναβαντες	V-AAPNP	LXX_WH
Józs 14:8	G3326	μετ	PREP	LXX_WH
Józs 14:8	G1473	εμου	P-GS	LXX_WH
Józs 14:8	G3179	μετεστησαν	V-AAI-3P	LXX_WH
Józs 14:8	G3588	την	T-ASF	LXX_WH
Józs 14:8	G2588	καρδιαν	N-ASF	LXX_WH
Józs 14:8	G3588	του	T-GSM	LXX_WH
Józs 14:8	G2992	λαου	N-GSM	LXX_WH
Józs 14:8	G1473	εγω	P-NS	LXX_WH
Józs 14:8	G1161	δε	PRT	LXX_WH
Józs 14:8	G4369	προσετεθην	V-API-1S	LXX_WH
Józs 14:8	G1872	επακολουθησαι	V-AAN	ABP-potolt
Józs 14:8	G2962	κυριω	N-DSM	LXX_WH
Józs 14:8	G3588	τω	T-DSM	LXX_WH
Józs 14:8	G2316	θεω	N-DSM	LXX_WH
Józs 14:8	G1473	μου	P-GS	LXX_WH
Józs 14:9	G2532	και	CONJ	LXX_WH
Józs 14:9		ωμοσεν	V-AAI-3S	ELTERO_SZOVEGALAP
Józs 14:9		μωυσης	N-NSM	ELTERO_SZOVEGALAP
Józs 14:9	G1722	εν	PREP	LXX_WH
Józs 14:9	G1565	εκεινη	D-DSF	LXX_WH
Józs 14:9	G3588	τη	T-DSF	LXX_WH
Józs 14:9	G2250	ημερα	N-DSF	LXX_WH
Józs 14:9	G3004	λεγων	V-PAPNS	LXX_WH
Józs 14:9	G3588	η	T-NSF	LXX_WH
Józs 14:9	G1065	γη	N-NSF	LXX_WH
Józs 14:9	G1909	εφ	PREP	LXX_WH
Józs 14:9	G3739	ην	R-ASF	LXX_WH
Józs 14:9	G1910	επεβης	V-AAI-2S	LXX_WH
Józs 14:9	G4771	σοι	P-DS	LXX_WH
Józs 14:9	G1510	εσται	V-FMI-3S	LXX_WH
Józs 14:9	G1722	εν	PREP	LXX_WH
Józs 14:9	G2819	κληρω	N-DSM	LXX_WH
Józs 14:9	G2532	και	CONJ	LXX_WH
Józs 14:9	G3588	τοις	T-DPN	LXX_WH
Józs 14:9	G5043	τεκνοις	N-DPN	LXX_WH
Józs 14:9	G4771	σου	P-GS	LXX_WH
Józs 14:9	G1519	εις	PREP	LXX_WH
Józs 14:9	G3588	τον	T-ASM	LXX_WH
Józs 14:9	G0165	αιωνα	N-ASM	LXX_WH
Józs 14:9	G3754	οτι	CONJ	LXX_WH
Józs 14:9	G4369	προσετεθης	V-API-2S	LXX_WH
Józs 14:9	G1872	επακολουθησαι	V-AAN	ABP-potolt
Józs 14:9	G3694	οπισω	PREP	LXX_WH
Józs 14:9	G2962	κυριου	N-GSM	LXX_WH
Józs 14:9	G3588	του	T-GSM	LXX_WH
Józs 14:9	G2316	θεου	N-GSM	LXX_WH
Józs 14:9	G1473	ημων	P-GP	LXX_WH
Józs 14:10	G2532	και	CONJ	LXX_WH
Józs 14:10	G3568	νυν	ADV	LXX_WH
Józs 14:10		διεθρεψεν	V-AAI-3S	
Józs 14:10	G1473	με	P-AS	LXX_WH
Józs 14:10	G2962	κυριος	N-NSM	LXX_WH
Józs 14:10	G3739	ον	R-ASM	LXX_WH
Józs 14:10	G5158	τροπον	N-ASM	LXX_WH
Józs 14:10	G2036	ειπεν	V-AAI-3S	ABP-potolt
Józs 14:10	G3778	τουτο	D-ASN	LXX_WH
Józs 14:10	G5063	τεσσαρακοστον	A-ASN	ABP-potolt
Józs 14:10	G2532	και	CONJ	LXX_WH
Józs 14:10	G3991	πεμπτον	A-ASN	LXX_WH
Józs 14:10	G2094	ετος	N-ASN	LXX_WH
Józs 14:10	G0575	αφ	PREP	LXX_WH
Józs 14:10	G3739	ου	R-GSN	LXX_WH
Józs 14:10	G2980	ελαλησεν	V-AAI-3S	LXX_WH
Józs 14:10	G2962	κυριος	N-NSM	LXX_WH
Józs 14:10	G3588	το	T-ASN	LXX_WH
Józs 14:10	G4487	ρημα	N-ASN	LXX_WH
Józs 14:10	G3778	τουτο	D-ASN	LXX_WH
Józs 14:10	G4314	προς	PREP	LXX_WH
Józs 14:10		μωυσην	N-ASM	ELTERO_SZOVEGALAP
Józs 14:10	G2532	και	CONJ	LXX_WH
Józs 14:10	G4198	επορευθη	V-API-3S	LXX_WH
Józs 14:10	G2474	ισραηλ	N-PRI	LXX_WH
Józs 14:10	G1722	εν	PREP	LXX_WH
Józs 14:10	G3588	τη	T-DSF	LXX_WH
Józs 14:10	G2048	ερημω	N-DSF	LXX_WH
Józs 14:10	G2532	και	CONJ	LXX_WH
Józs 14:10	G3568	νυν	ADV	LXX_WH
Józs 14:10	G2400	ιδου	INJ	LXX_WH
Józs 14:10	G1473	εγω	P-NS	LXX_WH
Józs 14:10	G4594	σημερον	ADV	LXX_WH
Józs 14:10	G3589	ογδοηκοντα	N-NUI	LXX_WH
Józs 14:10	G2532	και	CONJ	LXX_WH
Józs 14:10	G4002	πεντε	N-NUI	LXX_WH
Józs 14:10	G2094	ετων	N-GPN	LXX_WH
Józs 14:11	G2089	ετι	ADV	LXX_WH
Józs 14:11	G1510	ειμι	V-PAI-1S	LXX_WH
Józs 14:11	G4594	σημερον	ADV	LXX_WH
Józs 14:11	G2479	ισχυων	N-GPF	LXX_WH
Józs 14:11	G5616	ωσει	ADV	LXX_WH
Józs 14:11	G3753	οτε	ADV	LXX_WH
Józs 14:11	G0649	απεστειλεν	V-AAI-3S	LXX_WH
Józs 14:11	G1473	με	P-AS	LXX_WH
Józs 14:11		μωυσης	N-NSM	ELTERO_SZOVEGALAP
Józs 14:11	G5615	ωσαυτως	ADV	LXX_WH
Józs 14:11	G2480	ισχυω	V-PAI-1S	LXX_WH
Józs 14:11	G3568	νυν	ADV	LXX_WH
Józs 14:11	G1831	εξελθειν	V-AAN	LXX_WH
Józs 14:11	G2532	και	CONJ	LXX_WH
Józs 14:11	G1525	εισελθειν	V-AAN	LXX_WH
Józs 14:11	G1519	εις	PREP	LXX_WH
Józs 14:11	G3588	τον	T-ASM	LXX_WH
Józs 14:11	G4171	πολεμον	N-ASM	LXX_WH
Józs 14:12	G2532	και	CONJ	LXX_WH
Józs 14:12	G3568	νυν	ADV	LXX_WH
Józs 14:12	G0154	αιτουμαι	V-PMI-1S	LXX_WH
Józs 14:12	G4771	σε	P-AS	LXX_WH
Józs 14:12	G3588	το	T-ASN	LXX_WH
Józs 14:12	G3735	ορος	N-ASN	LXX_WH
Józs 14:12	G3778	τουτο	D-ASN	LXX_WH
Józs 14:12	G2505	καθα	ADV	LXX_WH
Józs 14:12		ειπεν	V-AAI-3S	ELTERO_SZOVEGALAP
Józs 14:12	G2962	κυριος	N-NSM	LXX_WH
Józs 14:12	G3588	τη	T-DSF	LXX_WH
Józs 14:12	G2250	ημερα	N-DSF	LXX_WH
Józs 14:12	G1565	εκεινη	D-DSF	LXX_WH
Józs 14:12	G3754	οτι	CONJ	LXX_WH
Józs 14:12	G4771	συ	P-NS	LXX_WH
Józs 14:12	G0191	ακηκοας	V-RAI-2S	LXX_WH
Józs 14:12	G3588	το	T-ASN	LXX_WH
Józs 14:12	G4487	ρημα	N-ASN	LXX_WH
Józs 14:12	G3778	τουτο	D-ASN	LXX_WH
Józs 14:12	G3588	τη	T-DSF	LXX_WH
Józs 14:12	G2250	ημερα	N-DSF	LXX_WH
Józs 14:12	G1565	εκεινη	D-DSF	LXX_WH
Józs 14:12	G3570	νυνι	ADV	LXX_WH
Józs 14:12	G1161	δε	PRT	LXX_WH
Józs 14:12	G3588	οι	T-NPM	LXX_WH
Józs 14:12		ενακιμ	N-PRI	ELTERO_SZOVEGALAP
Józs 14:12	G1563	εκει	ADV	LXX_WH
Józs 14:12	G1510	εισιν	V-PAI-3P	LXX_WH
Józs 14:12	G4172	πολεις	N-NPF	LXX_WH
Józs 14:12	G3173	οχυραι	A-NPF	ABP-potolt
Józs 14:12	G2532	και	CONJ	LXX_WH
Józs 14:12	G3173	μεγαλαι	A-NPF	LXX_WH
Józs 14:12	G1437	εαν	CONJ	LXX_WH
Józs 14:12	G3767	ουν	PRT	LXX_WH
Józs 14:12	G2962	κυριος	N-NSM	LXX_WH
Józs 14:12	G3326	μετ	PREP	LXX_WH
Józs 14:12	G1473	εμου	P-GS	LXX_WH
Józs 14:12	G1510	η	V-PAS-3S	LXX_WH
Józs 14:12		εξολεθρευσω	V-FAI-1S	ELTERO_SZOVEGALAP
Józs 14:12	G0846	αυτους	D-APM	LXX_WH
Józs 14:12	G3739	ον	R-ASM	LXX_WH
Józs 14:12	G5158	τροπον	N-ASM	LXX_WH
Józs 14:12	G2036	ειπεν	V-AAI-3S	ABP-potolt
Józs 14:12	G1473	μοι	P-DS	LXX_WH
Józs 14:12	G2962	κυριος	N-NSM	LXX_WH
Józs 14:13	G2532	και	CONJ	LXX_WH
Józs 14:13	G2127	ευλογησεν	V-AAI-3S	LXX_WH
Józs 14:13	G0846	αυτον	D-ASM	LXX_WH
Józs 14:13	G2424	ιησους	N-PRI	LXX_WH
Józs 14:13	G2532	και	CONJ	LXX_WH
Józs 14:13	G1325	εδωκεν	V-AAI-3S	LXX_WH
Józs 14:13	G3588	την	T-ASF	LXX_WH
Józs 14:13		χεβρων	N-PRI	ELTERO_SZOVEGALAP
Józs 14:13	G3588	τω	T-DSM	LXX_WH
Józs 14:13	G3588	χαλεβ	N-PRI	ABP-potolt
Józs 14:13	G5207	υιω	N-DSM	LXX_WH
Józs 14:13		ιεφοννη	N-PRI	ELTERO_SZOVEGALAP
Józs 14:13	G5207	υιου	N-GSM	LXX_WH
Józs 14:13		κενεζ	N-PRI	ELTERO_SZOVEGALAP
Józs 14:13	G1722	εν	PREP	LXX_WH
Józs 14:13	G2819	κληρω	N-DSM	LXX_WH
Józs 14:14	G1223	δια	PREP	LXX_WH
Józs 14:14	G3778	τουτο	D-ASN	LXX_WH
Józs 14:14	G1096	εγενηθη	V-API-3S	LXX_WH
Józs 14:14	G3588	η	T-NSF	LXX_WH
Józs 14:14	G3588	χεβρων	N-PRI	ABP-potolt
Józs 14:14	G3588	τω	T-DSM	LXX_WH
Józs 14:14	G3588	χαλεβ	N-PRI	ABP-potolt
Józs 14:14	G3588	τω	T-DSM	LXX_WH
Józs 14:14	G3588	του	T-GSM	LXX_WH
Józs 14:14	G3588	ιεφοννη	N-PRI	ABP-potolt
Józs 14:14	G3588	του	T-GSM	LXX_WH
Józs 14:14	G3588	κενεζαιου	N-GSM	ABP-potolt
Józs 14:14	G1722	εν	PREP	LXX_WH
Józs 14:14	G2819	κληρω	N-DSM	LXX_WH
Józs 14:14	G2193	εως	PREP	LXX_WH
Józs 14:14	G3588	της	T-GSF	LXX_WH
Józs 14:14	G2250	ημερας	N-GSF	LXX_WH
Józs 14:14	G3778	ταυτης	D-GSF	LXX_WH
Józs 14:14	G1223	δια	PREP	LXX_WH
Józs 14:14	G3588	το	T-ASN	LXX_WH
Józs 14:14	G0846	αυτον	D-ASM	LXX_WH
Józs 14:14		επακολουθησαι	V-AAN	ELTERO_SZOVEGALAP
Józs 14:14	G3588	τω	T-DSN	LXX_WH
Józs 14:14	G4366	προσταγματι	N-DSN	ABP-potolt
Józs 14:14	G2962	κυριου	N-GSM	LXX_WH
Józs 14:14	G2316	θεου	N-GSM	LXX_WH
Józs 14:14	G2474	ισραηλ	N-PRI	LXX_WH
Józs 14:15	G3588	το	T-NSN	LXX_WH
Józs 14:15	G1161	δε	PRT	LXX_WH
Józs 14:15	G3686	ονομα	N-NSN	LXX_WH
Józs 14:15	G3588	της	T-GSF	LXX_WH
Józs 14:15		χεβρων	N-PRI	ELTERO_SZOVEGALAP
Józs 14:15	G1510	ην	V-IAI-3S	LXX_WH
Józs 14:15	G3588	το	T-ASN	LXX_WH
Józs 14:15	G4387	προτερον	A-ASN	LXX_WH
Józs 14:15	G4172	πολις	N-NSF	LXX_WH
Józs 14:15		αρβοκ	N-PRI	ELTERO_SZOVEGALAP
Józs 14:15	G3390	μητροπολις	N-NSF	LXX_WH
Józs 14:15	G3588	των	T-GPM	LXX_WH
Józs 14:15		ενακιμ	N-PRI	ELTERO_SZOVEGALAP
Józs 14:15	G3778	αυτη	D-NSF	LXX_WH
Józs 14:15	G2532	και	CONJ	LXX_WH
Józs 14:15	G3588	η	T-NSF	LXX_WH
Józs 14:15	G1065	γη	N-NSF	LXX_WH
Józs 14:15	G2869	εκοπασεν	V-AAI-3S	LXX_WH
Józs 14:15	G3588	του	T-GSM	LXX_WH
Józs 14:15	G4171	πολεμου	N-GSM	LXX_WH
Józs 15:1	G2532	και	CONJ	LXX_WH
Józs 15:1	G1096	εγενετο	V-AMI-3S	LXX_WH
Józs 15:1	G3588	τα	T-NPN	LXX_WH
Józs 15:1	G3725	ορια	N-NPN	LXX_WH
Józs 15:1	G5443	φυλης	N-GSF	LXX_WH
Józs 15:1	G2448	ιουδα	N-PRI	LXX_WH
Józs 15:1	G2596	κατα	PREP	LXX_WH
Józs 15:1	G1218	δημους	N-APM	LXX_WH
Józs 15:1	G0846	αυτων	D-GPM	LXX_WH
Józs 15:1	G0575	απο	PREP	LXX_WH
Józs 15:1	G3588	των	T-GPN	LXX_WH
Józs 15:1	G3725	οριων	N-GPN	LXX_WH
Józs 15:1	G3588	της	T-GSF	LXX_WH
Józs 15:1	G2401	ιδουμαιας	N-GSF	LXX_WH
Józs 15:1	G0575	απο	PREP	LXX_WH
Józs 15:1	G3588	της	T-GSF	LXX_WH
Józs 15:1	G2048	ερημου	N-GSF	LXX_WH
Józs 15:1		σιν	N-PRI	ELTERO_SZOVEGALAP
Józs 15:1	G2193	εως	PREP	LXX_WH
Józs 15:1		καδης	N-PRI	ELTERO_SZOVEGALAP
Józs 15:1	G4314	προς	PREP	LXX_WH
Józs 15:1	G3047	λιβα	N-ASM	LXX_WH
Józs 15:2	G2532	και	CONJ	LXX_WH
Józs 15:2	G1096	εγενηθη	V-API-3S	LXX_WH
Józs 15:2	G0846	αυτων	D-GPM	LXX_WH
Józs 15:2	G3588	τα	T-NPN	LXX_WH
Józs 15:2	G3725	ορια	N-NPN	LXX_WH
Józs 15:2	G0575	απο	PREP	LXX_WH
Józs 15:2	G3047	λιβος	N-GSM	LXX_WH
Józs 15:2	G2193	εως	PREP	LXX_WH
Józs 15:2	G3313	μερους	N-GSN	LXX_WH
Józs 15:2	G3588	της	T-GSF	LXX_WH
Józs 15:2	G2281	θαλασσης	N-GSF	LXX_WH
Józs 15:2	G3588	της	T-GSF	LXX_WH
Józs 15:2	G0252	αλυκης	A-GSF	LXX_WH
Józs 15:2	G0575	απο	PREP	LXX_WH
Józs 15:2	G3588	της	T-GSF	LXX_WH
Józs 15:2	G3068	λοφιας	N-GSF	ABP-potolt
Józs 15:2	G3588	της	T-GSF	LXX_WH
Józs 15:2	G5342	φερουσης	V-PAPGS	LXX_WH
Józs 15:2	G1909	επι	PREP	LXX_WH
Józs 15:2	G3047	λιβα	N-ASM	LXX_WH
Józs 15:3	G2532	και	CONJ	LXX_WH
Józs 15:3	G1279	διαπορευεται	V-PMI-3S	LXX_WH
Józs 15:3	G0561	απεναντι	PREP	ABP-potolt
Józs 15:3	G3588	της	T-GSF	LXX_WH
Józs 15:3	G4320	προσαναβασεως	N-GSF	ABP-potolt
Józs 15:3	G4320	ακραβιν	N-PRI	ABP-potolt
Józs 15:3	G2532	και	CONJ	LXX_WH
Józs 15:3	G1607	εκπεριπορευεται	V-PMI-3S	ABP-potolt
Józs 15:3	G1607	σεννα	N-PRI	ABP-potolt
Józs 15:3	G2532	και	CONJ	LXX_WH
Józs 15:3	G0305	αναβαινει	V-PAI-3S	LXX_WH
Józs 15:3	G0575	απο	PREP	LXX_WH
Józs 15:3	G3047	λιβος	N-GSM	LXX_WH
Józs 15:3	G1909	επι	PREP	LXX_WH
Józs 15:3		καδης	N-PRI	
Józs 15:3		βαρνη	N-PRI	
Józs 15:3	G2532	και	CONJ	LXX_WH
Józs 15:3	G1607	εκπορευεται	V-PMI-3S	LXX_WH
Józs 15:3		ασωρων	N-PRI	
Józs 15:3	G2532	και	CONJ	LXX_WH
Józs 15:3	G4320	προσαναβαινει	V-PAI-3S	LXX_WH
Józs 15:3	G1519	εις	PREP	LXX_WH
Józs 15:3		αδδαρα	N-PRI	
Józs 15:3	G2532	και	CONJ	LXX_WH
Józs 15:3	G1599	περιπορευεται	V-PMI-3S	ABP-potolt
Józs 15:3	G3588	την	T-ASF	LXX_WH
Józs 15:3	G2596	κατα	PREP	LXX_WH
Józs 15:3	G1424	δυσμας	N-APF	LXX_WH
Józs 15:3		καδης	N-PRI	
Józs 15:4	G2532	και	CONJ	LXX_WH
Józs 15:4	G4198	πορευεται	V-PMI-3S	LXX_WH
Józs 15:4	G1909	επι	PREP	LXX_WH
Józs 15:4		ασεμωνα	N-PRI	ELTERO_SZOVEGALAP
Józs 15:4	G2532	και	CONJ	LXX_WH
Józs 15:4	G1326	διεκβαλει	V-FAI-3S	ABP-potolt
Józs 15:4	G2193	εως	PREP	LXX_WH
Józs 15:4	G5327	φαραγγος	N-GSF	LXX_WH
Józs 15:4	G0125	αιγυπτου	N-GSF	LXX_WH
Józs 15:4	G2532	και	CONJ	LXX_WH
Józs 15:4	G1510	εσται	V-FMI-3S	LXX_WH
Józs 15:4	G0846	αυτου	D-GSN	LXX_WH
Józs 15:4	G3588	η	T-NSF	LXX_WH
Józs 15:4	G1327	διεξοδος	N-NSF	ABP-potolt
Józs 15:4	G3588	των	T-GPN	LXX_WH
Józs 15:4	G3725	οριων	N-GPN	LXX_WH
Józs 15:4	G1909	επι	PREP	LXX_WH
Józs 15:4	G3588	την	T-ASF	LXX_WH
Józs 15:4	G2281	θαλασσαν	N-ASF	LXX_WH
Józs 15:4	G3778	τουτο	D-NSN	LXX_WH
Józs 15:4	G1510	εστιν	V-PAI-3S	LXX_WH
Józs 15:4	G0846	αυτων	D-GPM	LXX_WH
Józs 15:4	G3725	ορια	N-NPN	LXX_WH
Józs 15:4	G0575	απο	PREP	LXX_WH
Józs 15:4	G3047	λιβος	N-GSM	LXX_WH
Józs 15:5	G2532	και	CONJ	LXX_WH
Józs 15:5	G3588	τα	T-NPN	LXX_WH
Józs 15:5	G3725	ορια	N-NPN	LXX_WH
Józs 15:5	G0575	απο	PREP	LXX_WH
Józs 15:5	G0395	ανατολων	N-GPF	LXX_WH
Józs 15:5	G3956	πασα	A-NSF	LXX_WH
Józs 15:5	G3588	η	T-NSF	LXX_WH
Józs 15:5	G2281	θαλασσα	N-NSF	LXX_WH
Józs 15:5	G3588	η	T-NSF	LXX_WH
Józs 15:5	G0252	αλυκη	A-NSF	LXX_WH
Józs 15:5	G2193	εως	PREP	LXX_WH
Józs 15:5	G3588	του	T-GSM	LXX_WH
Józs 15:5	G2446	ιορδανου	N-GSM	LXX_WH
Józs 15:5	G2532	και	CONJ	LXX_WH
Józs 15:5	G3588	τα	T-NPN	LXX_WH
Józs 15:5	G3725	ορια	N-NPN	LXX_WH
Józs 15:5	G0846	αυτων	D-GPM	LXX_WH
Józs 15:5	G0575	απο	PREP	LXX_WH
Józs 15:5		βορρα	N-GSM	ELTERO_SZOVEGALAP
Józs 15:5	G2532	και	CONJ	LXX_WH
Józs 15:5	G0575	απο	PREP	LXX_WH
Józs 15:5	G3588	της	T-GSF	LXX_WH
Józs 15:5		λοφιας	N-GSF	
Józs 15:5	G3588	της	T-GSF	LXX_WH
Józs 15:5	G2281	θαλασσης	N-GSF	LXX_WH
Józs 15:5	G2532	και	CONJ	LXX_WH
Józs 15:5	G0575	απο	PREP	LXX_WH
Józs 15:5	G3588	του	T-GSN	LXX_WH
Józs 15:5	G3313	μερους	N-GSN	LXX_WH
Józs 15:5	G3588	του	T-GSM	LXX_WH
Józs 15:5	G2446	ιορδανου	N-GSM	LXX_WH
Józs 15:6	G1910	επιβαινει	V-PAI-3S	LXX_WH
Józs 15:6	G3588	τα	T-NPN	LXX_WH
Józs 15:6	G3725	ορια	N-NPN	LXX_WH
Józs 15:6	G1909	επι	PREP	LXX_WH
Józs 15:6		βαιθαγλα	N-PRI	ELTERO_SZOVEGALAP
Józs 15:6	G2532	και	CONJ	LXX_WH
Józs 15:6	G3899	παραπορευεται	V-PMI-3S	LXX_WH
Józs 15:6	G0575	απο	PREP	LXX_WH
Józs 15:6	G1005	βορρα	N-GSM	ABP-potolt
Józs 15:6	G1909	επι	PREP	LXX_WH
Józs 15:6		βαιθαραβα	N-PRI	ELTERO_SZOVEGALAP
Józs 15:6	G2532	και	CONJ	LXX_WH
Józs 15:6	G4320	προσαναβαινει	V-PAI-3S	LXX_WH
Józs 15:6	G3588	τα	T-NPN	LXX_WH
Józs 15:6	G3725	ορια	N-NPN	LXX_WH
Józs 15:6	G1909	επι	PREP	LXX_WH
Józs 15:6	G3037	λιθον	N-ASM	LXX_WH
Józs 15:6	G0902	βαιων	N-PRI	LXX_WH
Józs 15:6	G5207	υιου	N-GSM	LXX_WH
Józs 15:6		ρουβην	N-PRI	ELTERO_SZOVEGALAP
Józs 15:7	G2532	και	CONJ	LXX_WH
Józs 15:7	G4320	προσαναβαινει	V-PAI-3S	LXX_WH
Józs 15:7	G3588	τα	T-NPN	LXX_WH
Józs 15:7	G3725	ορια	N-NPN	LXX_WH
Józs 15:7	G1909	επι	PREP	LXX_WH
Józs 15:7	G3588	το	T-ASN	LXX_WH
Józs 15:7	G5067	τεταρτον	A-ASN	LXX_WH
Józs 15:7	G3588	της	T-GSF	LXX_WH
Józs 15:7	G5327	φαραγγος	N-GSF	LXX_WH
Józs 15:7		αχωρ	N-PRI	ELTERO_SZOVEGALAP
Józs 15:7	G2532	και	CONJ	LXX_WH
Józs 15:7	G2597	καταβαινει	V-PAI-3S	LXX_WH
Józs 15:7	G1909	επι	PREP	LXX_WH
Józs 15:7		γαλγαλ	N-PRI	ELTERO_SZOVEGALAP
Józs 15:7	G3739	η	R-NSF	LXX_WH
Józs 15:7	G1510	εστιν	V-PAI-3S	LXX_WH
Józs 15:7	G0561	απεναντι	PREP	ABP-potolt
Józs 15:7	G3588	της	T-GSF	LXX_WH
Józs 15:7	G4325	προσβασεως	N-GSF	ABP-potolt
Józs 15:7	G4325	αδδαμιν	N-PRI	ABP-potolt
Józs 15:7	G3739	η	R-NSF	LXX_WH
Józs 15:7	G1510	εστιν	V-PAI-3S	LXX_WH
Józs 15:7	G2596	κατα	PREP	LXX_WH
Józs 15:7	G3047	λιβα	N-ASM	LXX_WH
Józs 15:7	G3588	τη	T-DSF	LXX_WH
Józs 15:7	G5327	φαραγγι	N-DSF	LXX_WH
Józs 15:7	G2532	και	CONJ	LXX_WH
Józs 15:7		διεκβαλει	V-FAI-3S	ELTERO_SZOVEGALAP
Józs 15:7	G1909	επι	PREP	LXX_WH
Józs 15:7	G3588	το	T-ASN	LXX_WH
Józs 15:7	G5204	υδωρ	N-ASN	LXX_WH
Józs 15:7	G4077	πηγης	N-GSF	LXX_WH
Józs 15:7	G2246	ηλιου	N-GSM	LXX_WH
Józs 15:7	G2532	και	CONJ	LXX_WH
Józs 15:7	G1510	εσται	V-FMI-3S	LXX_WH
Józs 15:7	G0846	αυτου	D-GSN	LXX_WH
Józs 15:7	G3588	η	T-NSF	LXX_WH
Józs 15:7		διεξοδος	N-NSF	
Józs 15:7	G4077	πηγη	N-NSF	LXX_WH
Józs 15:7		ρωγηλ	N-PRI	ELTERO_SZOVEGALAP
Józs 15:8	G2532	και	CONJ	LXX_WH
Józs 15:8	G0305	αναβαινει	V-PAI-3S	LXX_WH
Józs 15:8	G3588	τα	T-NPN	LXX_WH
Józs 15:8	G3725	ορια	N-NPN	LXX_WH
Józs 15:8	G1519	εις	PREP	LXX_WH
Józs 15:8	G5327	φαραγγα	N-ASF	LXX_WH
Józs 15:8	G5207	ονομ	N-PRI	ABP-potolt
Józs 15:8	G1909	επι	PREP	LXX_WH
Józs 15:8		νωτου	N-GSN	ELTERO_SZOVEGALAP
Józs 15:8		ιεβους	N-PRI	ELTERO_SZOVEGALAP
Józs 15:8	G0575	απο	PREP	LXX_WH
Józs 15:8	G3047	λιβος	N-GSM	LXX_WH
Józs 15:8	G3778	αυτη	D-NSF	LXX_WH
Józs 15:8	G1510	εστιν	V-PAI-3S	LXX_WH
Józs 15:8	G2419	ιερουσαλημ	N-PRI	LXX_WH
Józs 15:8	G2532	και	CONJ	LXX_WH
Józs 15:8		διεκβαλλει	V-PAI-3S	
Józs 15:8	G3588	τα	T-NPN	LXX_WH
Józs 15:8	G3725	ορια	N-NPN	LXX_WH
Józs 15:8	G1909	επι	PREP	LXX_WH
Józs 15:8	G2884	κορυφην	N-ASF	ABP-potolt
Józs 15:8	G3735	ορους	N-GSN	LXX_WH
Józs 15:8	G3739	η	R-NSF	LXX_WH
Józs 15:8	G1510	εστιν	V-PAI-3S	LXX_WH
Józs 15:8	G2596	κατα	PREP	LXX_WH
Józs 15:8	G4383	προσωπον	N-ASN	LXX_WH
Józs 15:8	G5327	φαραγγος	N-GSF	LXX_WH
Józs 15:8		ονομ	N-PRI	ELTERO_SZOVEGALAP
Józs 15:8	G4314	προς	PREP	LXX_WH
Józs 15:8	G2281	θαλασσης	N-GSF	LXX_WH
Józs 15:8	G3739	η	R-NSF	LXX_WH
Józs 15:8	G1510	εστιν	V-PAI-3S	LXX_WH
Józs 15:8	G1537	εκ	PREP	LXX_WH
Józs 15:8	G3313	μερους	N-GSN	LXX_WH
Józs 15:8	G1065	γης	N-GSF	LXX_WH
Józs 15:8		ραφαιν	N-PRI	ELTERO_SZOVEGALAP
Józs 15:8	G1909	επι	PREP	LXX_WH
Józs 15:8	G1005	βορρα	N-GSM	ABP-potolt
Józs 15:9	G2532	και	CONJ	LXX_WH
Józs 15:9		διεκβαλλει	V-PAI-3S	
Józs 15:9	G3588	το	T-NSN	LXX_WH
Józs 15:9	G3725	οριον	N-NSN	LXX_WH
Józs 15:9	G0575	απο	PREP	LXX_WH
Józs 15:9	G2884	κορυφης	N-GSF	ABP-potolt
Józs 15:9	G3588	του	T-GSN	LXX_WH
Józs 15:9	G3735	ορους	N-GSN	LXX_WH
Józs 15:9	G1909	επι	PREP	LXX_WH
Józs 15:9	G4077	πηγην	N-ASF	LXX_WH
Józs 15:9	G5204	υδατος	N-GSN	LXX_WH
Józs 15:9		ναφθω	N-PRI	ELTERO_SZOVEGALAP
Józs 15:9	G2532	και	CONJ	LXX_WH
Józs 15:9		διεκβαλλει	V-PAI-3S	ELTERO_SZOVEGALAP
Józs 15:9	G1519	εις	PREP	LXX_WH
Józs 15:9	G3588	το	T-ASN	LXX_WH
Józs 15:9	G3735	ορος	N-ASN	LXX_WH
Józs 15:9		εφρων	N-PRI	ELTERO_SZOVEGALAP
Józs 15:9	G2532	και	CONJ	LXX_WH
Józs 15:9	G1806	εξαξει	V-FAI-3S	LXX_WH
Józs 15:9	G3588	το	T-NSN	LXX_WH
Józs 15:9	G3725	οριον	N-NSN	LXX_WH
Józs 15:9	G1519	εις	PREP	LXX_WH
Józs 15:9	G0896	βααλ	N-PRI	LXX_WH
Józs 15:9	G3778	αυτη	D-NSF	LXX_WH
Józs 15:9	G1510	εστιν	V-PAI-3S	LXX_WH
Józs 15:9	G4172	πολις	N-NSF	LXX_WH
Józs 15:9		ιαριμ	N-PRI	ELTERO_SZOVEGALAP
Józs 15:10	G2532	και	CONJ	LXX_WH
Józs 15:10	G4022	περιελευσεται	V-FMI-3S	LXX_WH
Józs 15:10	G3725	οριον	N-NSN	LXX_WH
Józs 15:10	G0575	απο	PREP	LXX_WH
Józs 15:10	G0896	βααλ	N-PRI	LXX_WH
Józs 15:10	G1909	επι	PREP	LXX_WH
Józs 15:10	G2281	θαλασσαν	N-ASF	LXX_WH
Józs 15:10	G2532	και	CONJ	LXX_WH
Józs 15:10	G3928	παρελευσεται	V-FMI-3S	LXX_WH
Józs 15:10	G1519	εις	PREP	LXX_WH
Józs 15:10	G3735	ορος	N-ASN	LXX_WH
Józs 15:10		ασσαρες	N-PRI	ELTERO_SZOVEGALAP
Józs 15:10	G1909	επι	PREP	LXX_WH
Józs 15:10	G3577	νωτου	N-GSN	ABP-potolt
Józs 15:10	G4172	πολιν	N-ASF	LXX_WH
Józs 15:10		ιαριμ	N-PRI	ELTERO_SZOVEGALAP
Józs 15:10	G0575	απο	PREP	LXX_WH
Józs 15:10	G1005	βορρα	N-GSM	ABP-potolt
Józs 15:10	G3778	αυτη	D-NSF	LXX_WH
Józs 15:10	G1510	εστιν	V-PAI-3S	LXX_WH
Józs 15:10		χασλων	N-PRI	ELTERO_SZOVEGALAP
Józs 15:10	G2532	και	CONJ	LXX_WH
Józs 15:10	G2597	καταβησεται	V-FMI-3S	LXX_WH
Józs 15:10	G1909	επι	PREP	LXX_WH
Józs 15:10	G4172	πολιν	N-ASF	LXX_WH
Józs 15:10	G2246	ηλιου	N-GSM	LXX_WH
Józs 15:10	G2532	και	CONJ	LXX_WH
Józs 15:10	G3928	παρελευσεται	V-FMI-3S	LXX_WH
Józs 15:10	G1909	επι	PREP	LXX_WH
Józs 15:10	G3047	λιβα	N-ASM	LXX_WH
Józs 15:11	G2532	και	CONJ	LXX_WH
Józs 15:11		διεκβαλει	V-FAI-3S	
Józs 15:11	G3588	το	T-NSN	LXX_WH
Józs 15:11	G3725	οριον	N-NSN	LXX_WH
Józs 15:11	G2596	κατα	PREP	LXX_WH
Józs 15:11	G3577	νωτου	N-GSN	ABP-potolt
Józs 15:11	G3577	ακκαρων	N-PRI	ABP-potolt
Józs 15:11	G1909	επι	PREP	LXX_WH
Józs 15:11		βορραν	N-ASM	
Józs 15:11	G2532	και	CONJ	LXX_WH
Józs 15:11		διεκβαλει	V-FAI-3S	
Józs 15:11	G3588	τα	T-NPN	LXX_WH
Józs 15:11	G3725	ορια	N-NPN	LXX_WH
Józs 15:11	G1519	εις	PREP	LXX_WH
Józs 15:11		σακχαρωνα	N-PRI	ELTERO_SZOVEGALAP
Józs 15:11	G2532	και	CONJ	LXX_WH
Józs 15:11	G3928	παρελευσεται	V-FMI-3S	LXX_WH
Józs 15:11	G3735	ορος	N-ASN	LXX_WH
Józs 15:11	G3588	της	T-GSF	LXX_WH
Józs 15:11		βαλα	N-PRI	ELTERO_SZOVEGALAP
Józs 15:11	G2532	και	CONJ	LXX_WH
Józs 15:11	G1326	διεκβαλει	V-FAI-3S	ABP-potolt
Józs 15:11	G1909	επι	PREP	LXX_WH
Józs 15:11		ιαβνηλ	N-PRI	
Józs 15:11	G2532	και	CONJ	LXX_WH
Józs 15:11	G1510	εσται	V-FMI-3S	LXX_WH
Józs 15:11	G3588	η	T-NSF	LXX_WH
Józs 15:11		διεξοδος	N-NSF	
Józs 15:11	G3588	των	T-GPN	LXX_WH
Józs 15:11	G3725	οριων	N-GPN	LXX_WH
Józs 15:11	G1909	επι	PREP	LXX_WH
Józs 15:11	G2281	θαλασσαν	N-ASF	LXX_WH
Józs 15:12	G2532	και	CONJ	LXX_WH
Józs 15:12	G3588	τα	T-NPN	LXX_WH
Józs 15:12	G3725	ορια	N-NPN	LXX_WH
Józs 15:12	G0846	αυτων	D-GPM	LXX_WH
Józs 15:12	G0575	απο	PREP	LXX_WH
Józs 15:12	G2281	θαλασσης	N-GSF	LXX_WH
Józs 15:12	G3588	η	T-NSF	LXX_WH
Józs 15:12	G2281	θαλασσα	N-NSF	LXX_WH
Józs 15:12	G3588	η	T-NSF	LXX_WH
Józs 15:12	G3173	μεγαλη	A-NSF	LXX_WH
Józs 15:12	G3724	οριει	V-FAI-3S	LXX_WH
Józs 15:12	G3778	ταυτα	D-NPN	LXX_WH
Józs 15:12	G3588	τα	T-NPN	LXX_WH
Józs 15:12	G3725	ορια	N-NPN	LXX_WH
Józs 15:12	G5207	υιων	N-GPM	LXX_WH
Józs 15:12	G2448	ιουδα	N-PRI	LXX_WH
Józs 15:12		κυκλω	N-DSM	ELTERO_SZOVEGALAP
Józs 15:12	G2596	κατα	PREP	LXX_WH
Józs 15:12	G1218	δημους	N-APM	LXX_WH
Józs 15:12	G0846	αυτων	D-GPM	LXX_WH
Józs 15:13	G2532	και	CONJ	LXX_WH
Józs 15:13	G3588	τω	T-DSM	LXX_WH
Józs 15:13		χαλεβ	N-PRI	ELTERO_SZOVEGALAP
Józs 15:13	G5207	υιω	N-DSM	LXX_WH
Józs 15:13		ιεφοννη	N-PRI	ELTERO_SZOVEGALAP
Józs 15:13	G1325	εδωκεν	V-AAI-3S	LXX_WH
Józs 15:13	G3310	μεριδα	N-ASF	LXX_WH
Józs 15:13	G1722	εν	PREP	LXX_WH
Józs 15:13	G3319	μεσω	A-DSN	LXX_WH
Józs 15:13	G5207	υιων	N-GPM	LXX_WH
Józs 15:13	G2448	ιουδα	N-PRI	LXX_WH
Józs 15:13	G1223	δια	PREP	LXX_WH
Józs 15:13	G4366	προσταγματος	N-GSN	ABP-potolt
Józs 15:13	G3588	του	T-GSM	LXX_WH
Józs 15:13	G2316	θεου	N-GSM	LXX_WH
Józs 15:13	G2532	και	CONJ	LXX_WH
Józs 15:13	G1325	εδωκεν	V-AAI-3S	LXX_WH
Józs 15:13	G0846	αυτω	D-DSM	LXX_WH
Józs 15:13	G2424	ιησους	N-PRI	LXX_WH
Józs 15:13	G3588	την	T-ASF	LXX_WH
Józs 15:13	G4172	πολιν	N-ASF	LXX_WH
Józs 15:13		αρβοκ	N-PRI	ELTERO_SZOVEGALAP
Józs 15:13	G3390	μητροπολιν	N-ASF	LXX_WH
Józs 15:13		ενακ	N-PRI	ELTERO_SZOVEGALAP
Józs 15:13	G3778	αυτη	D-NSF	LXX_WH
Józs 15:13	G1510	εστιν	V-PAI-3S	LXX_WH
Józs 15:13		χεβρων	N-PRI	ELTERO_SZOVEGALAP
Józs 15:14	G2532	και	CONJ	LXX_WH
Józs 15:14	G1842	εξωλεθρευσεν	V-AAI-3S	ABP-potolt
Józs 15:14	G1564	εκειθεν	ADV	LXX_WH
Józs 15:14		χαλεβ	N-PRI	ELTERO_SZOVEGALAP
Józs 15:14	G5207	υιος	N-NSM	LXX_WH
Józs 15:14		ιεφοννη	N-PRI	ELTERO_SZOVEGALAP
Józs 15:14	G3588	τους	T-APM	LXX_WH
Józs 15:14	G5140	τρεις	A-APM	LXX_WH
Józs 15:14	G5207	υιους	N-APM	LXX_WH
Józs 15:14		ενακ	N-PRI	ELTERO_SZOVEGALAP
Józs 15:14	G3588	τον	T-ASM	LXX_WH
Józs 15:14	G2532	σουσι	N-PRI	ABP-potolt
Józs 15:14	G2532	και	CONJ	LXX_WH
Józs 15:14	G3588	τον	T-ASM	LXX_WH
Józs 15:14	G2532	θολμι	N-PRI	ABP-potolt
Józs 15:14	G2532	και	CONJ	LXX_WH
Józs 15:14	G3588	τον	T-ASM	LXX_WH
Józs 15:14		αχιμα	N-PRI	ELTERO_SZOVEGALAP
Józs 15:15	G2532	και	CONJ	LXX_WH
Józs 15:15	G0305	ανεβη	V-AAI-3S	LXX_WH
Józs 15:15	G1564	εκειθεν	ADV	LXX_WH
Józs 15:15		χαλεβ	N-PRI	ELTERO_SZOVEGALAP
Józs 15:15	G1909	επι	PREP	LXX_WH
Józs 15:15	G3588	τους	T-APM	LXX_WH
Józs 15:15	G2730	κατοικουντας	V-PAPAP	ABP-potolt
Józs 15:15	G2730	δαβιρ	N-PRI	ABP-potolt
Józs 15:15	G3588	το	T-NSN	LXX_WH
Józs 15:15	G1161	δε	PRT	LXX_WH
Józs 15:15	G3686	ονομα	N-NSN	LXX_WH
Józs 15:15		δαβιρ	N-PRI	ELTERO_SZOVEGALAP
Józs 15:15	G1510	ην	V-IAI-3S	LXX_WH
Józs 15:15	G3588	το	T-ASN	LXX_WH
Józs 15:15	G4387	προτερον	A-ASN	LXX_WH
Józs 15:15	G4172	πολις	N-NSF	LXX_WH
Józs 15:15	G1121	γραμματων	N-GPN	LXX_WH
Józs 15:16	G2532	και	CONJ	LXX_WH
Józs 15:16		ειπεν	V-AAI-3S	ELTERO_SZOVEGALAP
Józs 15:16		χαλεβ	N-PRI	ELTERO_SZOVEGALAP
Józs 15:16	G3739	ος	R-NSM	LXX_WH
Józs 15:16	G1437	εαν	CONJ	LXX_WH
Józs 15:16	G2983	λαβη	V-AAS-3S	LXX_WH
Józs 15:16	G2532	και	CONJ	LXX_WH
Józs 15:16	G1581	εκκοψη	V-AAS-3S	LXX_WH
Józs 15:16	G3588	την	T-ASF	LXX_WH
Józs 15:16	G4172	πολιν	N-ASF	LXX_WH
Józs 15:16	G3588	των	T-GPN	LXX_WH
Józs 15:16	G1121	γραμματων	N-GPN	LXX_WH
Józs 15:16	G2532	και	CONJ	LXX_WH
Józs 15:16	G2961	κυριευση	V-AAS-3S	LXX_WH
Józs 15:16	G0846	αυτης	D-GSF	LXX_WH
Józs 15:16	G1325	δωσω	V-FAI-1S	LXX_WH
Józs 15:16	G0846	αυτω	D-DSM	LXX_WH
Józs 15:16	G3588	την	T-ASF	LXX_WH
Józs 15:16		αχσαν	N-PRI	ELTERO_SZOVEGALAP
Józs 15:16	G2364	θυγατερα	N-ASF	LXX_WH
Józs 15:16	G1473	μου	P-GS	LXX_WH
Józs 15:16	G1519	εις	PREP	LXX_WH
Józs 15:16	G1135	γυναικα	N-ASF	LXX_WH
Józs 15:17	G2532	και	CONJ	LXX_WH
Józs 15:17	G2983	ελαβεν	V-AAI-3S	LXX_WH
Józs 15:17	G0846	αυτην	D-ASF	LXX_WH
Józs 15:17		γοθονιηλ	N-PRI	ELTERO_SZOVEGALAP
Józs 15:17	G5207	υιος	N-NSM	LXX_WH
Józs 15:17	G3588	κενεζ	N-PRI	ABP-potolt
Józs 15:17	G0080	αδελφος	N-NSM	LXX_WH
Józs 15:17		χαλεβ	N-PRI	ELTERO_SZOVEGALAP
Józs 15:17	G3588	ο	T-NSM	LXX_WH
Józs 15:17	G3501	νεωτερος	A-NSMC	LXX_WH
Józs 15:17	G2532	και	CONJ	LXX_WH
Józs 15:17	G1325	εδωκεν	V-AAI-3S	LXX_WH
Józs 15:17	G0846	αυτω	D-DSM	LXX_WH
Józs 15:17	G3588	την	T-ASF	LXX_WH
Józs 15:17		αχσαν	N-PRI	ELTERO_SZOVEGALAP
Józs 15:17	G2364	θυγατερα	N-ASF	LXX_WH
Józs 15:17	G0846	αυτου	D-GSM	LXX_WH
Józs 15:17	G0846	αυτω	D-DSM	LXX_WH
Józs 15:17	G1135	γυναικα	N-ASF	LXX_WH
Józs 15:18	G2532	και	CONJ	LXX_WH
Józs 15:18	G1096	εγενετο	V-AMI-3S	LXX_WH
Józs 15:18	G1722	εν	PREP	LXX_WH
Józs 15:18	G3588	τω	T-DSN	LXX_WH
Józs 15:18	G1531	εισπορευεσθαι	V-PMN	LXX_WH
Józs 15:18	G0846	αυτην	D-ASF	LXX_WH
Józs 15:18	G2532	και	CONJ	LXX_WH
Józs 15:18	G4823	συνεβουλευσατο	V-AMI-3S	LXX_WH
Józs 15:18	G0846	αυτω	D-DSM	LXX_WH
Józs 15:18	G3004	λεγουσα	V-PAPNS	LXX_WH
Józs 15:18	G0154	αιτησομαι	V-FMI-1S	LXX_WH
Józs 15:18	G3588	τον	T-ASM	LXX_WH
Józs 15:18	G3962	πατερα	N-ASM	LXX_WH
Józs 15:18	G1473	μου	P-GS	LXX_WH
Józs 15:18	G0068	αγρον	N-ASM	LXX_WH
Józs 15:18	G2532	και	CONJ	LXX_WH
Józs 15:18	G0994	εβοησεν	V-AAI-3S	LXX_WH
Józs 15:18	G1537	εκ	PREP	LXX_WH
Józs 15:18	G3588	του	T-GSM	LXX_WH
Józs 15:18	G3688	ονου	N-GSM	LXX_WH
Józs 15:18	G2532	και	CONJ	LXX_WH
Józs 15:18		ειπεν	V-AAI-3S	ELTERO_SZOVEGALAP
Józs 15:18	G0846	αυτη	D-DSF	LXX_WH
Józs 15:18		χαλεβ	N-PRI	ELTERO_SZOVEGALAP
Józs 15:18	G5100	τι	I-NSN	LXX_WH
Józs 15:18	G1510	εστιν	V-PAI-3S	LXX_WH
Józs 15:18	G4771	σοι	P-DS	LXX_WH
Józs 15:19	G2532	και	CONJ	LXX_WH
Józs 15:19		ειπεν	V-AAI-3S	ELTERO_SZOVEGALAP
Józs 15:19	G0846	αυτω	D-DSM	LXX_WH
Józs 15:19	G1325	δος	V-AAD-2S	LXX_WH
Józs 15:19	G1473	μοι	P-DS	LXX_WH
Józs 15:19	G2129	ευλογιαν	N-ASF	LXX_WH
Józs 15:19	G3754	οτι	CONJ	LXX_WH
Józs 15:19	G1519	εις	PREP	LXX_WH
Józs 15:19	G1065	γην	N-ASF	LXX_WH
Józs 15:19		ναγεβ	N-PRI	ELTERO_SZOVEGALAP
Józs 15:19	G1325	δεδωκας	V-RAI-2S	LXX_WH
Józs 15:19	G1473	με	P-AS	LXX_WH
Józs 15:19	G1325	δος	V-AAD-2S	LXX_WH
Józs 15:19	G1473	μοι	P-DS	LXX_WH
Józs 15:19	G3588	την	T-ASF	LXX_WH
Józs 15:19	G0507	γολαθμαιν	N-PRI	ABP-potolt
Józs 15:19	G2532	και	CONJ	LXX_WH
Józs 15:19	G1325	εδωκεν	V-AAI-3S	LXX_WH
Józs 15:19	G0846	αυτη	D-DSF	LXX_WH
Józs 15:19		χαλεβ	N-PRI	ELTERO_SZOVEGALAP
Józs 15:19	G3588	την	T-ASF	LXX_WH
Józs 15:19		γολαθμαιν	N-PRI	ELTERO_SZOVEGALAP
Józs 15:19	G3588	την	T-ASF	LXX_WH
Józs 15:19	G0507	ανω	ADV	LXX_WH
Józs 15:19	G2532	και	CONJ	LXX_WH
Józs 15:19	G3588	την	T-ASF	LXX_WH
Józs 15:19		γολαθμαιν	N-PRI	ELTERO_SZOVEGALAP
Józs 15:19	G3588	την	T-ASF	LXX_WH
Józs 15:19	G2736	κατω	ADV	LXX_WH
Józs 15:20	G3778	αυτη	D-NSF	LXX_WH
Józs 15:20	G3588	η	T-NSF	LXX_WH
Józs 15:20	G2817	κληρονομια	N-NSF	LXX_WH
Józs 15:20	G5443	φυλης	N-GSF	LXX_WH
Józs 15:20	G5207	υιων	N-GPM	LXX_WH
Józs 15:20	G2448	ιουδα	N-PRI	LXX_WH
Józs 15:21	G1096	εγενηθησαν	V-API-3P	LXX_WH
Józs 15:21	G1161	δε	PRT	LXX_WH
Józs 15:21	G3588	αι	T-NPF	LXX_WH
Józs 15:21	G4172	πολεις	N-NPF	LXX_WH
Józs 15:21	G0846	αυτων	D-GPM	LXX_WH
Józs 15:21	G4172	πολις	N-NSF	LXX_WH
Józs 15:21	G4413	πρωτη	A-NSFS	LXX_WH
Józs 15:21	G5443	φυλης	N-GSF	LXX_WH
Józs 15:21	G5207	υιων	N-GPM	LXX_WH
Józs 15:21	G2448	ιουδα	N-PRI	LXX_WH
Józs 15:21	G1909	εφ	PREP	LXX_WH
Józs 15:21	G3725	οριων	N-GPN	LXX_WH
Józs 15:21		εδωμ	N-PRI	ELTERO_SZOVEGALAP
Józs 15:21	G1909	επι	PREP	LXX_WH
Józs 15:21	G3588	της	T-GSF	LXX_WH
Józs 15:21	G2048	ερημου	N-GSF	LXX_WH
Józs 15:21	G2532	καιβαισελεηλ	N-PRI	ABP-potolt
Józs 15:21	G2532	και	CONJ	LXX_WH
Józs 15:21	G0685	αρα	N-PRI	LXX_WH
Józs 15:21	G2532	και	CONJ	LXX_WH
Józs 15:21	G2532	ασωρ	N-PRI	ABP-potolt
Józs 15:22	G2532	και	CONJ	LXX_WH
Józs 15:22	G2532	ικαμ	N-PRI	ABP-potolt
Józs 15:22	G2532	και	CONJ	LXX_WH
Józs 15:22	G2532	ρεγμα	N-PRI	ABP-potolt
Józs 15:22	G2532	και	CONJ	LXX_WH
Józs 15:22	G2532	αρουηλ	N-PRI	ABP-potolt
Józs 15:23	G2532	και	CONJ	LXX_WH
Józs 15:23	G2532	καδης	N-PRI	ABP-potolt
Józs 15:23	G2532	και	CONJ	LXX_WH
Józs 15:23	G2532	ασοριωναιν	N-PRI	ABP-potolt
Józs 15:24	G2532	και	CONJ	LXX_WH
Józs 15:24		μαιναμ	N-PRI	ELTERO_SZOVEGALAP
Józs 15:24	G2532	και	CONJ	LXX_WH
Józs 15:24		βαλμαιναν	N-PRI	ELTERO_SZOVEGALAP
Józs 15:24	G2532	και	CONJ	LXX_WH
Józs 15:24	G3588	αι	T-NPF	LXX_WH
Józs 15:24	G2864	κωμαι	N-NPF	LXX_WH
Józs 15:24	G0846	αυτων	D-GPF	LXX_WH
Józs 15:25	G2532	και	CONJ	LXX_WH
Józs 15:25	G3588	αι	T-NPF	LXX_WH
Józs 15:25	G4172	πολεις	N-NPF	LXX_WH
Józs 15:25		ασερων	N-PRI	
Józs 15:25	G3778	αυτη	D-NSF	LXX_WH
Józs 15:25	G1510	ασωρ	N-PRI	ABP-potolt
Józs 15:26	G2532	και	CONJ	LXX_WH
Józs 15:26		σην	N-PRI	ELTERO_SZOVEGALAP
Józs 15:26	G2532	και	CONJ	LXX_WH
Józs 15:26		σαλμαα	N-PRI	ELTERO_SZOVEGALAP
Józs 15:26	G2532	και	CONJ	LXX_WH
Józs 15:26	G2532	μωλαδα	N-PRI	ABP-potolt
Józs 15:27	G2532	και	CONJ	LXX_WH
Józs 15:27	G2532	σερι	N-PRI	ABP-potolt
Józs 15:27	G2532	και	CONJ	LXX_WH
Józs 15:27	G2532	βαιφαλαδ	N-PRI	ABP-potolt
Józs 15:28	G2532	και	CONJ	LXX_WH
Józs 15:28		χολασεωλα	N-PRI	ELTERO_SZOVEGALAP
Józs 15:28	G2532	και	CONJ	LXX_WH
Józs 15:28		βηρσαβεε	N-PRI	ELTERO_SZOVEGALAP
Józs 15:28	G2532	και	CONJ	LXX_WH
Józs 15:28	G3588	αι	T-NPF	LXX_WH
Józs 15:28	G2864	κωμαι	N-NPF	LXX_WH
Józs 15:28	G0846	αυτων	D-GPF	LXX_WH
Józs 15:28	G2532	και	CONJ	LXX_WH
Józs 15:28	G3588	αι	T-NPF	LXX_WH
Józs 15:28	G1886	επαυλεις	N-NPF	LXX_WH
Józs 15:28	G0846	αυτων	D-GPF	LXX_WH
Józs 15:29	G2532	βαλα	N-PRI	ABP-potolt
Józs 15:29	G2532	και	CONJ	LXX_WH
Józs 15:29	G2532	βακωκ	N-PRI	ABP-potolt
Józs 15:29	G2532	και	CONJ	LXX_WH
Józs 15:29	G2532	ασομ	N-PRI	ABP-potolt
Józs 15:30	G2532	και	CONJ	LXX_WH
Józs 15:30	G2532	ελβωυδαδ	N-PRI	ABP-potolt
Józs 15:30	G2532	και	CONJ	LXX_WH
Józs 15:30	G2532	βαιθηλ	N-PRI	ABP-potolt
Józs 15:30	G2532	και	CONJ	LXX_WH
Józs 15:30	G2532	ερμα	N-PRI	ABP-potolt
Józs 15:31	G2532	και	CONJ	LXX_WH
Józs 15:31	G2532	σεκελακ	N-PRI	ABP-potolt
Józs 15:31	G2532	και	CONJ	LXX_WH
Józs 15:31	G2532	μαχαριμ	N-PRI	ABP-potolt
Józs 15:31	G2532	και	CONJ	LXX_WH
Józs 15:31	G2532	σεθεννακ	N-PRI	ABP-potolt
Józs 15:32	G2532	και	CONJ	LXX_WH
Józs 15:32	G2532	λαβως	N-PRI	ABP-potolt
Józs 15:32	G2532	και	CONJ	LXX_WH
Józs 15:32	G2532	σαλη	N-PRI	ABP-potolt
Józs 15:32	G2532	και	CONJ	LXX_WH
Józs 15:32		ερωμωθ	N-PRI	ELTERO_SZOVEGALAP
Józs 15:32	G4172	πολεις	N-NPF	LXX_WH
Józs 15:32	G1501	κθ	N-NUI	ABP-potolt
Józs 15:32	G2532	και	CONJ	LXX_WH
Józs 15:32	G3588	αι	T-NPF	LXX_WH
Józs 15:32	G2864	κωμαι	N-NPF	LXX_WH
Józs 15:32	G0846	αυτων	D-GPF	LXX_WH
Józs 15:33	G1722	εν	PREP	LXX_WH
Józs 15:33	G3588	τη	T-DSF	LXX_WH
Józs 15:33	G3977	πεδινη	A-DSF	ABP-potolt
Józs 15:33	G3977	ασταωλ	N-PRI	ABP-potolt
Józs 15:33	G2532	και	CONJ	LXX_WH
Józs 15:33		ραα	N-PRI	
Józs 15:33	G2532	και	CONJ	LXX_WH
Józs 15:33	G2532	ασσα	N-PRI	ABP-potolt
Józs 15:34	G2532	και	CONJ	LXX_WH
Józs 15:34	G2532	ραμεν	N-PRI	ABP-potolt
Józs 15:34	G2532	και	CONJ	LXX_WH
Józs 15:34	G2532	τανω	N-PRI	ABP-potolt
Józs 15:34	G2532	και	CONJ	LXX_WH
Józs 15:34	G2532	ιλουθωθ	N-PRI	ABP-potolt
Józs 15:34	G2532	και	CONJ	LXX_WH
Józs 15:34	G2532	μαιανι	N-PRI	ABP-potolt
Józs 15:35	G2532	και	CONJ	LXX_WH
Józs 15:35	G2532	ιερμουθ	N-PRI	ABP-potolt
Józs 15:35	G2532	και	CONJ	LXX_WH
Józs 15:35	G2532	οδολλαμ	N-PRI	ABP-potolt
Józs 15:35	G2532	και	CONJ	LXX_WH
Józs 15:35	G2532	μεμβρα	N-PRI	ABP-potolt
Józs 15:35	G2532	και	CONJ	LXX_WH
Józs 15:35	G2532	σαωχω	N-PRI	ABP-potolt
Józs 15:35	G2532	και	CONJ	LXX_WH
Józs 15:35	G2532	αζηκα	N-PRI	ABP-potolt
Józs 15:36	G2532	και	CONJ	LXX_WH
Józs 15:36	G2532	σακαριμ	N-PRI	ABP-potolt
Józs 15:36	G2532	και	CONJ	LXX_WH
Józs 15:36	G2532	γαδηρα	N-PRI	ABP-potolt
Józs 15:36	G2532	και	CONJ	LXX_WH
Józs 15:36	G3588	αι	T-NPF	LXX_WH
Józs 15:36	G1886	επαυλεις	N-NPF	LXX_WH
Józs 15:36	G0846	αυτης	D-GSF	LXX_WH
Józs 15:36	G4172	πολεις	N-NPF	LXX_WH
Józs 15:36	G1176	δεκα	N-NUI	LXX_WH
Józs 15:36	G5064	τεσσαρες	N-NUI	LXX_WH
Józs 15:36	G2532	και	CONJ	LXX_WH
Józs 15:36	G3588	αι	T-NPF	LXX_WH
Józs 15:36	G2864	κωμαι	N-NPF	LXX_WH
Józs 15:36	G0846	αυτων	D-GPF	LXX_WH
Józs 15:37	G2532	σεννα	N-PRI	ABP-potolt
Józs 15:37	G2532	και	CONJ	LXX_WH
Józs 15:37		αδασαν	N-PRI	
Józs 15:37	G2532	και	CONJ	LXX_WH
Józs 15:37	G2532	μαγαδαγαδ	N-PRI	ABP-potolt
Józs 15:38	G2532	και	CONJ	LXX_WH
Józs 15:38	G2532	δαλαλ	N-PRI	ABP-potolt
Józs 15:38	G2532	και	CONJ	LXX_WH
Józs 15:38	G2532	μασφα	N-PRI	ABP-potolt
Józs 15:38	G2532	και	CONJ	LXX_WH
Józs 15:38	G2532	ιακαρεηλ	N-PRI	ABP-potolt
Józs 15:39	G2532	και	CONJ	LXX_WH
Józs 15:39	G2532	λαχης	N-PRI	ABP-potolt
Józs 15:39	G2532	και	CONJ	LXX_WH
Józs 15:39	G2532	βασηδωθ	N-PRI	ABP-potolt
Józs 15:39	G2532	και	CONJ	LXX_WH
Józs 15:39	G2532	ιδεαδαλεα	N-PRI	ABP-potolt
Józs 15:40	G2532	και	CONJ	LXX_WH
Józs 15:40	G2532	χαβρα	N-PRI	ABP-potolt
Józs 15:40	G2532	και	CONJ	LXX_WH
Józs 15:40	G2532	μαχες	N-PRI	ABP-potolt
Józs 15:40	G2532	και	CONJ	LXX_WH
Józs 15:40	G2532	μααχως	N-PRI	ABP-potolt
Józs 15:41	G2532	και	CONJ	LXX_WH
Józs 15:41	G2532	γεδδωρ	N-PRI	ABP-potolt
Józs 15:41	G2532	και	CONJ	LXX_WH
Józs 15:41	G2532	βαγαδιηλ	N-PRI	ABP-potolt
Józs 15:41	G2532	και	CONJ	LXX_WH
Józs 15:41	G2532	νωμαν	N-PRI	ABP-potolt
Józs 15:41	G2532	και	CONJ	LXX_WH
Józs 15:41	G2532	μακηδαν	N-PRI	ABP-potolt
Józs 15:41	G4172	πολεις	N-NPF	LXX_WH
Józs 15:41	G1177	δεκαεξ	N-NUI	ABP-potolt
Józs 15:41	G2532	και	CONJ	LXX_WH
Józs 15:41	G3588	αι	T-NPF	LXX_WH
Józs 15:41	G2864	κωμαι	N-NPF	LXX_WH
Józs 15:41	G0846	αυτων	D-GPF	LXX_WH
Józs 15:42	G2532	λεμνα	N-PRI	ABP-potolt
Józs 15:42	G2532	και	CONJ	LXX_WH
Józs 15:42	G2532	ιθακ	N-PRI	ABP-potolt
Józs 15:43	G2532	και	CONJ	LXX_WH
Józs 15:43	G2532	ανωχ	N-PRI	ABP-potolt
Józs 15:43	G2532	και	CONJ	LXX_WH
Józs 15:43	G2532	ιανα	N-PRI	ABP-potolt
Józs 15:43	G2532	και	CONJ	LXX_WH
Józs 15:43	G2532	νασιβ	N-PRI	ABP-potolt
Józs 15:44	G2532	και	CONJ	LXX_WH
Józs 15:44	G2532	κειλαμ	N-PRI	ABP-potolt
Józs 15:44	G2532	και	CONJ	LXX_WH
Józs 15:44	G2532	ακιεζι	N-PRI	ABP-potolt
Józs 15:44	G2532	και	CONJ	LXX_WH
Józs 15:44	G2532	κεζιβ	N-PRI	ABP-potolt
Józs 15:44	G2532	και	CONJ	LXX_WH
Józs 15:44	G2532	βαθησαρ	N-PRI	ABP-potolt
Józs 15:44	G2532	και	CONJ	LXX_WH
Józs 15:44	G2532	αιλων	N-PRI	ABP-potolt
Józs 15:44	G4172	πολεις	N-NPF	LXX_WH
Józs 15:44	G1176	δεκα	N-NUI	LXX_WH
Józs 15:44	G2532	και	CONJ	LXX_WH
Józs 15:44	G3588	αι	T-NPF	LXX_WH
Józs 15:44	G2864	κωμαι	N-NPF	LXX_WH
Józs 15:44	G0846	αυτων	D-GPF	LXX_WH
Józs 15:45		ακκαρων	N-PRI	ELTERO_SZOVEGALAP
Józs 15:45	G2532	και	CONJ	LXX_WH
Józs 15:45	G3588	αι	T-NPF	LXX_WH
Józs 15:45	G2864	κωμαι	N-NPF	LXX_WH
Józs 15:45	G0846	αυτης	D-GSF	LXX_WH
Józs 15:45	G2532	και	CONJ	LXX_WH
Józs 15:45	G3588	αι	T-NPF	LXX_WH
Józs 15:45	G1886	επαυλεις	N-NPF	LXX_WH
Józs 15:45	G0846	αυτων	D-GPF	LXX_WH
Józs 15:46	G0575	απο	PREP	LXX_WH
Józs 15:46		ακκαρων	N-PRI	ELTERO_SZOVEGALAP
Józs 15:46		γεμνα	N-PRI	ELTERO_SZOVEGALAP
Józs 15:46	G2532	και	CONJ	LXX_WH
Józs 15:46	G3956	πασαι	A-NPF	LXX_WH
Józs 15:46	G3745	οσαι	A-NPF	LXX_WH
Józs 15:46	G1510	εισιν	V-PAI-3P	LXX_WH
Józs 15:46	G4139	πλησιον	PREP	LXX_WH
Józs 15:46		ασηδωθ	N-PRI	ELTERO_SZOVEGALAP
Józs 15:46	G2532	και	CONJ	LXX_WH
Józs 15:46	G3588	αι	T-NPF	LXX_WH
Józs 15:46	G2864	κωμαι	N-NPF	LXX_WH
Józs 15:46	G0846	αυτων	D-GPF	LXX_WH
Józs 15:47		ασιεδωθ	N-PRI	ELTERO_SZOVEGALAP
Józs 15:47	G2532	και	CONJ	LXX_WH
Józs 15:47	G3588	αι	T-NPF	LXX_WH
Józs 15:47	G2864	κωμαι	N-NPF	LXX_WH
Józs 15:47	G0846	αυτης	D-GSF	LXX_WH
Józs 15:47	G2532	και	CONJ	LXX_WH
Józs 15:47	G3588	αι	T-NPF	LXX_WH
Józs 15:47	G1886	επαυλεις	N-NPF	LXX_WH
Józs 15:47	G0846	αυτης	D-GSF	LXX_WH
Józs 15:47	G1047	γαζα	N-NSF	LXX_WH
Józs 15:47	G2532	και	CONJ	LXX_WH
Józs 15:47	G3588	αι	T-NPF	LXX_WH
Józs 15:47	G2864	κωμαι	N-NPF	LXX_WH
Józs 15:47	G0846	αυτης	D-GSF	LXX_WH
Józs 15:47	G2532	και	CONJ	LXX_WH
Józs 15:47	G3588	αι	T-NPF	LXX_WH
Józs 15:47	G1886	επαυλεις	N-NPF	LXX_WH
Józs 15:47	G0846	αυτης	D-GSF	LXX_WH
Józs 15:47	G2193	εως	PREP	LXX_WH
Józs 15:47	G3588	του	T-GSM	LXX_WH
Józs 15:47		χειμαρρου	N-GSM	ELTERO_SZOVEGALAP
Józs 15:47	G0125	αιγυπτου	N-GSF	LXX_WH
Józs 15:47	G2532	και	CONJ	LXX_WH
Józs 15:47	G3588	η	T-NSF	LXX_WH
Józs 15:47	G2281	θαλασσα	N-NSF	LXX_WH
Józs 15:47	G3588	η	T-NSF	LXX_WH
Józs 15:47	G3173	μεγαλη	A-NSF	LXX_WH
Józs 15:47	G1357	διοριζει	V-PAI-3S	ABP-potolt
Józs 15:48	G2532	και	CONJ	LXX_WH
Józs 15:48	G1722	εν	PREP	LXX_WH
Józs 15:48	G3588	τη	T-DSF	LXX_WH
Józs 15:48	G3714	ορεινη	N-DSF	ABP-potolt
Józs 15:48	G3714	σαμιρ	N-PRI	ABP-potolt
Józs 15:48	G2532	και	CONJ	LXX_WH
Józs 15:48		ιεθερ	N-PRI	
Józs 15:48	G2532	και	CONJ	LXX_WH
Józs 15:48	G2532	σωχα	N-PRI	ABP-potolt
Józs 15:49	G2532	και	CONJ	LXX_WH
Józs 15:49		ρεννα	N-PRI	
Józs 15:49	G2532	και	CONJ	LXX_WH
Józs 15:49	G4172	πολις	N-NSF	LXX_WH
Józs 15:49	G1121	γραμματων	N-GPN	LXX_WH
Józs 15:49	G3778	αυτη	D-NSF	LXX_WH
Józs 15:49	G1510	δαβιρ	N-PRI	ABP-potolt
Józs 15:50	G2532	και	CONJ	LXX_WH
Józs 15:50	G2532	ανων	N-PRI	ABP-potolt
Józs 15:50	G2532	και	CONJ	LXX_WH
Józs 15:50	G2532	εσκαιμαν	N-PRI	ABP-potolt
Józs 15:50	G2532	και	CONJ	LXX_WH
Józs 15:50	G2532	αισαμ	N-PRI	ABP-potolt
Józs 15:51	G2532	και	CONJ	LXX_WH
Józs 15:51	G2532	γοσομ	N-PRI	ABP-potolt
Józs 15:51	G2532	και	CONJ	LXX_WH
Józs 15:51	G2532	χαλου	N-PRI	ABP-potolt
Józs 15:51	G2532	και	CONJ	LXX_WH
Józs 15:51	G2532	χαννα	N-PRI	ABP-potolt
Józs 15:51	G4172	πολεις	N-NPF	LXX_WH
Józs 15:51	G1733	ενδεκα	N-NUI	LXX_WH
Józs 15:51	G2532	και	CONJ	LXX_WH
Józs 15:51	G3588	αι	T-NPF	LXX_WH
Józs 15:51	G2864	κωμαι	N-NPF	LXX_WH
Józs 15:51	G0846	αυτων	D-GPF	LXX_WH
Józs 15:52	G2532	αιρεμ	N-PRI	ABP-potolt
Józs 15:52	G2532	και	CONJ	LXX_WH
Józs 15:52		ρεμνα	N-PRI	ELTERO_SZOVEGALAP
Józs 15:52	G2532	και	CONJ	LXX_WH
Józs 15:52	G4983	σομα	N-PRI	LXX_WH
Józs 15:53	G2532	και	CONJ	LXX_WH
Józs 15:53	G2532	ιεμαιν	N-PRI	ABP-potolt
Józs 15:53	G2532	και	CONJ	LXX_WH
Józs 15:53	G2532	βαιθαχου	N-PRI	ABP-potolt
Józs 15:53	G2532	και	CONJ	LXX_WH
Józs 15:53	G2532	φακουα	N-PRI	ABP-potolt
Józs 15:54	G2532	και	CONJ	LXX_WH
Józs 15:54		ευμα	N-PRI	ELTERO_SZOVEGALAP
Józs 15:54	G2532	και	CONJ	LXX_WH
Józs 15:54	G4172	πολις	N-NSF	LXX_WH
Józs 15:54		αρβοκ	N-PRI	ELTERO_SZOVEGALAP
Józs 15:54	G3778	αυτη	D-NSF	LXX_WH
Józs 15:54	G1510	εστιν	V-PAI-3S	LXX_WH
Józs 15:54		χεβρων	N-PRI	ELTERO_SZOVEGALAP
Józs 15:54	G2532	και	CONJ	LXX_WH
Józs 15:54	G2532	σωρθ	N-PRI	ABP-potolt
Józs 15:54	G4172	πολεις	N-NPF	LXX_WH
Józs 15:54	G1767	εννεα	N-NUI	LXX_WH
Józs 15:54	G2532	και	CONJ	LXX_WH
Józs 15:54	G3588	αι	T-NPF	LXX_WH
Józs 15:54	G1886	επαυλεις	N-NPF	LXX_WH
Józs 15:54	G0846	αυτων	D-GPF	LXX_WH
Józs 15:55	G2532	μαωρ	N-PRI	ABP-potolt
Józs 15:55	G2532	και	CONJ	LXX_WH
Józs 15:55	G2532	χερμελ	N-PRI	ABP-potolt
Józs 15:55	G2532	και	CONJ	LXX_WH
Józs 15:55	G2532	οζιβ	N-PRI	ABP-potolt
Józs 15:55	G2532	και	CONJ	LXX_WH
Józs 15:55	G2532	ιταν	N-PRI	ABP-potolt
Józs 15:56	G2532	και	CONJ	LXX_WH
Józs 15:56	G2532	ιαριηλ	N-PRI	ABP-potolt
Józs 15:56	G2532	και	CONJ	LXX_WH
Józs 15:56	G2532	ιαρικαμ	N-PRI	ABP-potolt
Józs 15:56	G2532	και	CONJ	LXX_WH
Józs 15:56	G2532	ζακαναιμ	N-PRI	ABP-potolt
Józs 15:57	G2532	και	CONJ	LXX_WH
Józs 15:57		γαβαα	N-PRI	ELTERO_SZOVEGALAP
Józs 15:57	G2532	και	CONJ	LXX_WH
Józs 15:57	G2532	θαμναθα	N-PRI	ABP-potolt
Józs 15:57	G4172	πολεις	N-NPF	LXX_WH
Józs 15:57	G1767	εννεα	N-NUI	LXX_WH
Józs 15:57	G2532	και	CONJ	LXX_WH
Józs 15:57	G3588	αι	T-NPF	LXX_WH
Józs 15:57	G2864	κωμαι	N-NPF	LXX_WH
Józs 15:57	G0846	αυτων	D-GPF	LXX_WH
Józs 15:58	G2532	αλουα	N-PRI	ABP-potolt
Józs 15:58	G2532	και	CONJ	LXX_WH
Józs 15:58		βαιθσουρ	N-PRI	
Józs 15:58	G2532	και	CONJ	LXX_WH
Józs 15:58	G2532	γεδδων	N-PRI	ABP-potolt
Józs 15:59	G2532	και	CONJ	LXX_WH
Józs 15:59	G2532	μαγαρωθ	N-PRI	ABP-potolt
Józs 15:59	G2532	και	CONJ	LXX_WH
Józs 15:59	G2532	βαιθαναμ	N-PRI	ABP-potolt
Józs 15:59	G2532	και	CONJ	LXX_WH
Józs 15:59	G2532	θεκουμ	N-PRI	ABP-potolt
Józs 15:59	G4172	πολεις	N-NPF	LXX_WH
Józs 15:59	G1803	εξ	N-NUI	LXX_WH
Józs 15:59	G2532	και	CONJ	LXX_WH
Józs 15:59	G3588	αι	T-NPF	LXX_WH
Józs 15:59	G2864	κωμαι	N-NPF	LXX_WH
Józs 15:59	G0846	αυτων	D-GPF	LXX_WH
Józs 15:60		καριαθβααλ	N-PRI	ELTERO_SZOVEGALAP
Józs 15:60	G3778	αυτη	D-NSF	LXX_WH
Józs 15:60	G3588	η	T-NSF	LXX_WH
Józs 15:60	G4172	πολις	N-NSF	LXX_WH
Józs 15:60	G1417	ιαριμ	N-PRI	ABP-potolt
Józs 15:60	G2532	και	CONJ	LXX_WH
Józs 15:60		σωθηβα	N-PRI	ELTERO_SZOVEGALAP
Józs 15:60	G4172	πολεις	N-NPF	LXX_WH
Józs 15:60	G1417	δυο	N-NUI	LXX_WH
Józs 15:60	G2532	και	CONJ	LXX_WH
Józs 15:60	G3588	αι	T-NPF	LXX_WH
Józs 15:60	G1886	επαυλεις	N-NPF	LXX_WH
Józs 15:60	G0846	αυτων	D-GPF	LXX_WH
Józs 15:61	G2532	και	CONJ	LXX_WH
Józs 15:61		βαδδαργις	N-PRI	ELTERO_SZOVEGALAP
Józs 15:61	G2532	και	CONJ	LXX_WH
Józs 15:61		θαραβααμ	N-PRI	ELTERO_SZOVEGALAP
Józs 15:61	G2532	και	CONJ	LXX_WH
Józs 15:61	G0137	αινων	N-PRI	LXX_WH
Józs 15:61	G2532	και	CONJ	LXX_WH
Józs 15:61	G2532	αιχιοζα	N-PRI	ABP-potolt
Józs 15:62	G2532	και	CONJ	LXX_WH
Józs 15:62		ναφλαζων	N-PRI	ELTERO_SZOVEGALAP
Józs 15:62	G2532	και	CONJ	LXX_WH
Józs 15:62	G3588	αι	T-NPF	LXX_WH
Józs 15:62	G4172	πολεις	N-NPF	LXX_WH
Józs 15:62		σαδωμ	N-PRI	
Józs 15:62	G2532	και	CONJ	LXX_WH
Józs 15:62	G3588	ανκαδης	N-PRI	ABP-potolt
Józs 15:62	G4172	πολεις	N-NPF	LXX_WH
Józs 15:62	G2033	επτα	N-NUI	LXX_WH
Józs 15:62	G2532	και	CONJ	LXX_WH
Józs 15:62	G3588	αι	T-NPF	LXX_WH
Józs 15:62	G2864	κωμαι	N-NPF	LXX_WH
Józs 15:62	G0846	αυτων	D-GPF	LXX_WH
Józs 15:63	G2532	και	CONJ	LXX_WH
Józs 15:63	G3588	ο	T-NSM	LXX_WH
Józs 15:63		ιεβουσαιος	N-NSM	
Józs 15:63		κατωκει	V-IAI-3S	
Józs 15:63	G1722	εν	PREP	LXX_WH
Józs 15:63	G2419	ιερουσαλημ	N-PRI	LXX_WH
Józs 15:63	G2532	και	CONJ	LXX_WH
Józs 15:63	G3364	ουκ	ADV	LXX_WH
Józs 15:63	G1410	ηδυνασθησαν	V-API-3P	LXX_WH
Józs 15:63	G3588	οι	T-NPM	LXX_WH
Józs 15:63	G5207	υιοι	N-NPM	LXX_WH
Józs 15:63	G2448	ιουδα	N-PRI	LXX_WH
Józs 15:63		απολεσαι	V-AAN	ELTERO_SZOVEGALAP
Józs 15:63	G0846	αυτους	D-APM	LXX_WH
Józs 15:63	G2532	και	CONJ	LXX_WH
Józs 15:63		κατωκησαν	V-AAI-3P	
Józs 15:63	G3588	οι	T-NPM	LXX_WH
Józs 15:63		ιεβουσαιοι	N-NPM	
Józs 15:63	G1722	εν	PREP	LXX_WH
Józs 15:63	G2419	ιερουσαλημ	N-PRI	LXX_WH
Józs 15:63	G2193	εως	PREP	LXX_WH
Józs 15:63	G3588	της	T-GSF	LXX_WH
Józs 15:63	G2250	ημερας	N-GSF	LXX_WH
Józs 15:63	G1565	εκεινης	D-GSF	LXX_WH
Józs 16:1	G2532	και	CONJ	LXX_WH
Józs 16:1	G1096	εγενετο	V-AMI-3S	LXX_WH
Józs 16:1	G3588	τα	T-NPN	LXX_WH
Józs 16:1	G3725	ορια	N-NPN	LXX_WH
Józs 16:1	G5207	υιων	N-GPM	LXX_WH
Józs 16:1	G2501	ιωσηφ	N-PRI	LXX_WH
Józs 16:1	G0575	απο	PREP	LXX_WH
Józs 16:1	G3588	του	T-GSM	LXX_WH
Józs 16:1	G2446	ιορδανου	N-GSM	LXX_WH
Józs 16:1	G3588	του	T-GSM	LXX_WH
Józs 16:1	G2596	κατα	PREP	LXX_WH
Józs 16:1	G2410	ιεριχω	N-PRI	LXX_WH
Józs 16:1	G0575	απ	PREP	LXX_WH
Józs 16:1	G0395	ανατολων	N-GPF	LXX_WH
Józs 16:1	G2532	και	CONJ	LXX_WH
Józs 16:1	G0305	αναβησεται	V-FMI-3S	LXX_WH
Józs 16:1	G0575	απο	PREP	LXX_WH
Józs 16:1	G2410	ιεριχω	N-PRI	LXX_WH
Józs 16:1	G1519	εις	PREP	LXX_WH
Józs 16:1	G3588	την	T-ASF	LXX_WH
Józs 16:1		ορεινην	N-ASF	ELTERO_SZOVEGALAP
Józs 16:1	G3588	την	T-ASF	LXX_WH
Józs 16:1	G2048	ερημον	N-ASF	LXX_WH
Józs 16:1	G1519	εις	PREP	LXX_WH
Józs 16:1		βαιθηλ	N-PRI	ELTERO_SZOVEGALAP
Józs 16:1		λουζα	N-PRI	ELTERO_SZOVEGALAP
Józs 16:2	G2532	και	CONJ	LXX_WH
Józs 16:2	G1831	εξελευσεται	V-FMI-3S	LXX_WH
Józs 16:2	G1519	εις	PREP	LXX_WH
Józs 16:2		βαιθηλ	N-PRI	
Józs 16:2	G2532	και	CONJ	LXX_WH
Józs 16:2	G3928	παρελευσεται	V-FMI-3S	LXX_WH
Józs 16:2	G1909	επι	PREP	LXX_WH
Józs 16:2	G3588	τα	T-APN	LXX_WH
Józs 16:2	G3725	ορια	N-APN	LXX_WH
Józs 16:2	G3588	του	T-GSM	LXX_WH
Józs 16:2		χαταρωθι	N-PRI	
Józs 16:3	G2532	και	CONJ	LXX_WH
Józs 16:3	G1330	διελευσεται	V-FMI-3S	LXX_WH
Józs 16:3	G1909	επι	PREP	LXX_WH
Józs 16:3	G3588	την	T-ASF	LXX_WH
Józs 16:3	G2281	θαλασσαν	N-ASF	LXX_WH
Józs 16:3	G1909	επι	PREP	LXX_WH
Józs 16:3	G3588	τα	T-APN	LXX_WH
Józs 16:3	G3725	ορια	N-APN	LXX_WH
Józs 16:3		απταλιμ	N-PRI	ELTERO_SZOVEGALAP
Józs 16:3	G2193	εως	PREP	LXX_WH
Józs 16:3	G3588	των	T-GPN	LXX_WH
Józs 16:3	G3725	οριων	N-GPN	LXX_WH
Józs 16:3	G2193	βαιθωρων	N-PRI	ABP-potolt
Józs 16:3	G3588	την	T-ASF	LXX_WH
Józs 16:3	G2736	κατω	ADV	LXX_WH
Józs 16:3	G2532	και	CONJ	LXX_WH
Józs 16:3	G1510	εσται	V-FMI-3S	LXX_WH
Józs 16:3	G3588	η	T-NSF	LXX_WH
Józs 16:3		διεξοδος	N-NSF	ELTERO_SZOVEGALAP
Józs 16:3	G0846	αυτων	D-GPN	LXX_WH
Józs 16:3	G1909	επι	PREP	LXX_WH
Józs 16:3	G3588	την	T-ASF	LXX_WH
Józs 16:3	G2281	θαλασσαν	N-ASF	LXX_WH
Józs 16:4	G2532	και	CONJ	LXX_WH
Józs 16:4	G2816	εκληρονομησαν	V-AAI-3P	LXX_WH
Józs 16:4	G3588	οι	T-NPM	LXX_WH
Józs 16:4	G5207	υιοι	N-NPM	LXX_WH
Józs 16:4	G2501	ιωσηφ	N-PRI	LXX_WH
Józs 16:4	G2187	εφραιμ	N-PRI	LXX_WH
Józs 16:4	G2532	και	CONJ	LXX_WH
Józs 16:4		μανασση	N-PRI	ELTERO_SZOVEGALAP
Józs 16:5	G2532	και	CONJ	LXX_WH
Józs 16:5	G1096	εγενηθη	V-API-3S	LXX_WH
Józs 16:5	G3725	ορια	N-NPN	LXX_WH
Józs 16:5	G5207	υιων	N-GPM	LXX_WH
Józs 16:5	G2187	εφραιμ	N-PRI	LXX_WH
Józs 16:5	G2596	κατα	PREP	LXX_WH
Józs 16:5	G1218	δημους	N-APM	LXX_WH
Józs 16:5	G0846	αυτων	D-GPM	LXX_WH
Józs 16:5	G2532	και	CONJ	LXX_WH
Józs 16:5	G1096	εγενηθη	V-API-3S	LXX_WH
Józs 16:5	G3588	τα	T-NPN	LXX_WH
Józs 16:5	G3725	ορια	N-NPN	LXX_WH
Józs 16:5	G3588	της	T-GSF	LXX_WH
Józs 16:5	G2817	κληρονομιας	N-GSF	LXX_WH
Józs 16:5	G0846	αυτων	D-GPM	LXX_WH
Józs 16:5	G0575	απο	PREP	LXX_WH
Józs 16:5	G0395	ανατολων	N-GPF	LXX_WH
Józs 16:5		αταρωθ	N-PRI	ELTERO_SZOVEGALAP
Józs 16:5	G2532	και	CONJ	LXX_WH
Józs 16:5		εροκ	N-PRI	ELTERO_SZOVEGALAP
Józs 16:5	G2193	εως	PREP	LXX_WH
Józs 16:5		βαιθωρων	N-PRI	ELTERO_SZOVEGALAP
Józs 16:5	G3588	την	T-ASF	LXX_WH
Józs 16:5	G0507	ανω	ADV	LXX_WH
Józs 16:5	G2532	και	CONJ	LXX_WH
Józs 16:5		γαζαρα	N-PRI	ELTERO_SZOVEGALAP
Józs 16:6	G2532	και	CONJ	LXX_WH
Józs 16:6	G1330	διελευσεται	V-FMI-3S	LXX_WH
Józs 16:6	G3588	τα	T-NPN	LXX_WH
Józs 16:6	G3725	ορια	N-NPN	LXX_WH
Józs 16:6	G1909	επι	PREP	LXX_WH
Józs 16:6	G3588	την	T-ASF	LXX_WH
Józs 16:6	G2281	θαλασσαν	N-ASF	LXX_WH
Józs 16:6	G1519	εις	PREP	LXX_WH
Józs 16:6		ικασμων	N-PRI	ELTERO_SZOVEGALAP
Józs 16:6	G0575	απο	PREP	LXX_WH
Józs 16:6		βορρα	N-GSM	ELTERO_SZOVEGALAP
Józs 16:6		θερμα	N-PRI	ELTERO_SZOVEGALAP
Józs 16:6	G4022	περιελευσεται	V-FMI-3S	LXX_WH
Józs 16:6	G1909	επι	PREP	LXX_WH
Józs 16:6	G0395	ανατολας	N-APF	LXX_WH
Józs 16:6	G1519	εις	PREP	LXX_WH
Józs 16:6		θηνασα	N-PRI	ELTERO_SZOVEGALAP
Józs 16:6	G2532	και	CONJ	LXX_WH
Józs 16:6		σελλησα	N-PRI	ELTERO_SZOVEGALAP
Józs 16:6	G2532	και	CONJ	LXX_WH
Józs 16:6	G3928	παρελευσεται	V-FMI-3S	LXX_WH
Józs 16:6	G0575	απ	PREP	LXX_WH
Józs 16:6	G0395	ανατολων	N-GPF	LXX_WH
Józs 16:6	G1519	εις	PREP	LXX_WH
Józs 16:6		ιανωκα	N-PRI	ELTERO_SZOVEGALAP
Józs 16:7	G2532	και	CONJ	LXX_WH
Józs 16:7	G1519	εις	PREP	LXX_WH
Józs 16:7		μαχω	N-PRI	ELTERO_SZOVEGALAP
Józs 16:7	G2532	και	CONJ	LXX_WH
Józs 16:7	G1519	αταρωθ	N-PRI	ABP-potolt
Józs 16:7	G2532	και	CONJ	LXX_WH
Józs 16:7	G3588	αι	T-NPF	LXX_WH
Józs 16:7	G2864	κωμαι	N-NPF	LXX_WH
Józs 16:7	G0846	αυτων	D-GPM	LXX_WH
Józs 16:7	G2532	και	CONJ	LXX_WH
Józs 16:7	G2064	ελευσεται	V-FMI-3S	LXX_WH
Józs 16:7	G1909	επι	PREP	LXX_WH
Józs 16:7	G2410	ιεριχω	N-PRI	LXX_WH
Józs 16:7	G2532	και	CONJ	LXX_WH
Józs 16:7		διεκβαλει	V-FAI-3S	
Józs 16:7	G1909	επι	PREP	LXX_WH
Józs 16:7	G3588	τον	T-ASM	LXX_WH
Józs 16:7	G2446	ιορδανην	N-ASM	LXX_WH
Józs 16:8	G2532	και	CONJ	LXX_WH
Józs 16:8	G0575	απο	PREP	LXX_WH
Józs 16:8		ταφου	N-PRI	ELTERO_SZOVEGALAP
Józs 16:8	G4198	πορευσεται	V-FMI-3S	LXX_WH
Józs 16:8	G3588	τα	T-NPN	LXX_WH
Józs 16:8	G3725	ορια	N-NPN	LXX_WH
Józs 16:8	G1909	επι	PREP	LXX_WH
Józs 16:8	G2281	θαλασσαν	N-ASF	LXX_WH
Józs 16:8	G1909	επι	PREP	LXX_WH
Józs 16:8	G5493	χελκανα	N-PRI	ABP-potolt
Józs 16:8	G2532	και	CONJ	LXX_WH
Józs 16:8	G1510	εσται	V-FMI-3S	LXX_WH
Józs 16:8	G3588	η	T-NSF	LXX_WH
Józs 16:8		διεξοδος	N-NSF	ELTERO_SZOVEGALAP
Józs 16:8	G0846	αυτων	D-GPN	LXX_WH
Józs 16:8	G1909	επι	PREP	LXX_WH
Józs 16:8	G2281	θαλασσαν	N-ASF	LXX_WH
Józs 16:8	G3778	αυτη	D-NSF	LXX_WH
Józs 16:8	G3588	η	T-NSF	LXX_WH
Józs 16:8	G2817	κληρονομια	N-NSF	LXX_WH
Józs 16:8	G5443	φυλης	N-GSF	LXX_WH
Józs 16:8	G2187	εφραιμ	N-PRI	LXX_WH
Józs 16:8	G2596	κατα	PREP	LXX_WH
Józs 16:8	G1218	δημους	N-APM	LXX_WH
Józs 16:8	G0846	αυτων	D-GPM	LXX_WH
Józs 16:9	G2532	και	CONJ	LXX_WH
Józs 16:9	G3588	αι	T-NPF	LXX_WH
Józs 16:9	G4172	πολεις	N-NPF	LXX_WH
Józs 16:9	G3588	αι	T-NPF	LXX_WH
Józs 16:9		αφορισθεισαι	V-APPNP	
Józs 16:9	G3588	τοις	T-DPM	LXX_WH
Józs 16:9	G5207	υιοις	N-DPM	LXX_WH
Józs 16:9	G2187	εφραιμ	N-PRI	LXX_WH
Józs 16:9	G0303	ανα	PREP	LXX_WH
Józs 16:9	G3319	μεσον	A-ASN	LXX_WH
Józs 16:9	G3588	της	T-GSF	LXX_WH
Józs 16:9	G2817	κληρονομιας	N-GSF	LXX_WH
Józs 16:9	G5207	υιων	N-GPM	LXX_WH
Józs 16:9		μανασση	N-PRI	ELTERO_SZOVEGALAP
Józs 16:9	G3956	πασαι	A-NPF	LXX_WH
Józs 16:9	G3588	αι	T-NPF	LXX_WH
Józs 16:9	G4172	πολεις	N-NPF	LXX_WH
Józs 16:9	G2532	και	CONJ	LXX_WH
Józs 16:9	G3588	αι	T-NPF	LXX_WH
Józs 16:9	G2864	κωμαι	N-NPF	LXX_WH
Józs 16:9	G0846	αυτων	D-GPF	LXX_WH
Józs 16:10	G2532	και	CONJ	LXX_WH
Józs 16:10	G3364	ουκ	ADV	LXX_WH
Józs 16:10		απωλεσεν	V-AAI-3S	ELTERO_SZOVEGALAP
Józs 16:10	G2187	εφραιμ	N-PRI	LXX_WH
Józs 16:10	G3588	τον	T-ASM	LXX_WH
Józs 16:10		χαναναιον	N-ASM	ELTERO_SZOVEGALAP
Józs 16:10	G3588	τον	T-ASM	LXX_WH
Józs 16:10	G2730	κατοικουντα	V-PAPAS	ABP-potolt
Józs 16:10	G1722	εν	PREP	LXX_WH
Józs 16:10		γαζερ	N-PRI	ELTERO_SZOVEGALAP
Józs 16:10	G2532	και	CONJ	LXX_WH
Józs 16:10	G2730	κατωκει	V-IAI-3S	ABP-potolt
Józs 16:10	G3588	ο	T-NSM	LXX_WH
Józs 16:10	G2730	χαναναιος	N-NSM	ABP-potolt
Józs 16:10	G1722	εν	PREP	LXX_WH
Józs 16:10	G3588	τω	T-DSM	LXX_WH
Józs 16:10	G2187	εφραιμ	N-PRI	LXX_WH
Józs 16:10	G2193	εως	PREP	LXX_WH
Józs 16:10	G3588	της	T-GSF	LXX_WH
Józs 16:10	G2250	ημερας	N-GSF	LXX_WH
Józs 16:10	G3778	ταυτης	D-GSF	LXX_WH
Józs 16:10	G2193	εως	PREP	LXX_WH
Józs 16:10	G0305	ανεβη	V-AAI-3S	LXX_WH
Józs 16:10	G5328	φαραω	N-PRI	LXX_WH
Józs 16:10	G0935	βασιλευς	N-NSM	LXX_WH
Józs 16:10	G0125	αιγυπτου	N-GSF	LXX_WH
Józs 16:10	G2532	και	CONJ	LXX_WH
Józs 16:10	G2983	ελαβεν	V-AAI-3S	LXX_WH
Józs 16:10	G0846	αυτην	D-ASF	LXX_WH
Józs 16:10	G2532	και	CONJ	LXX_WH
Józs 16:10		ενεπρησεν	V-AAI-3S	ELTERO_SZOVEGALAP
Józs 16:10	G0846	αυτην	D-ASF	LXX_WH
Józs 16:10	G1722	εν	PREP	LXX_WH
Józs 16:10	G4442	πυρι	N-DSN	LXX_WH
Józs 16:10	G2532	και	CONJ	LXX_WH
Józs 16:10	G3588	τους	T-APM	LXX_WH
Józs 16:10	G2250	χαναναιους	N-APM	ABP-potolt
Józs 16:10	G2532	και	CONJ	LXX_WH
Józs 16:10	G3588	τους	T-APM	LXX_WH
Józs 16:10	G2250	φερεζαιους	N-APM	ABP-potolt
Józs 16:10	G2532	και	CONJ	LXX_WH
Józs 16:10	G3588	τους	T-APM	LXX_WH
Józs 16:10	G2730	κατοικουντας	V-PAPAP	ABP-potolt
Józs 16:10	G1722	εν	PREP	LXX_WH
Józs 16:10		γαζερ	N-PRI	ELTERO_SZOVEGALAP
Józs 16:10	G1574	εξεκεντησαν	V-AAI-3P	LXX_WH
Józs 16:10	G2532	και	CONJ	LXX_WH
Józs 16:10	G1325	εδωκεν	V-AAI-3S	LXX_WH
Józs 16:10	G0846	αυτην	D-ASF	LXX_WH
Józs 16:10	G5328	φαραω	N-PRI	LXX_WH
Józs 16:10	G1722	εν	PREP	LXX_WH
Józs 16:10	G2193	φερνη	N-DSF	ABP-potolt
Józs 16:10	G3588	τη	T-DSF	LXX_WH
Józs 16:10	G2364	θυγατρι	N-DSF	LXX_WH
Józs 16:10	G0846	αυτου	D-GSM	LXX_WH
Józs 17:1	G2532	και	CONJ	LXX_WH
Józs 17:1	G1096	εγενετο	V-AMI-3S	LXX_WH
Józs 17:1	G3588	τα	T-NPN	LXX_WH
Józs 17:1	G3725	ορια	N-NPN	LXX_WH
Józs 17:1	G5443	φυλης	N-GSF	LXX_WH
Józs 17:1	G5207	υιων	N-GPM	LXX_WH
Józs 17:1		μανασση	N-PRI	ELTERO_SZOVEGALAP
Józs 17:1	G3754	οτι	CONJ	LXX_WH
Józs 17:1	G3778	ουτος	D-NSM	LXX_WH
Józs 17:1	G4416	πρωτοτοκος	A-NSM	LXX_WH
Józs 17:1	G3588	τω	T-DSM	LXX_WH
Józs 17:1	G2501	ιωσηφ	N-PRI	LXX_WH
Józs 17:1	G3588	τω	T-DSM	LXX_WH
Józs 17:1	G3588	μαχιρ	N-PRI	ABP-potolt
Józs 17:1	G4416	πρωτοτοκω	A-DSM	LXX_WH
Józs 17:1		μανασση	N-PRI	ELTERO_SZOVEGALAP
Józs 17:1	G3962	πατρι	N-DSM	LXX_WH
Józs 17:1	G1473	γαλααδ	N-PRI	ABP-potolt
Józs 17:1	G0435	ανηρ	N-NSM	LXX_WH
Józs 17:1	G1063	γαρ	PRT	LXX_WH
Józs 17:1		πολεμιστης	N-NSM	ELTERO_SZOVEGALAP
Józs 17:1	G1510	ην	V-IAI-3S	LXX_WH
Józs 17:1	G1722	εν	PREP	LXX_WH
Józs 17:1	G3588	τη	T-DSF	LXX_WH
Józs 17:1		γαλααδιτιδι	N-DSF	ELTERO_SZOVEGALAP
Józs 17:1	G2532	και	CONJ	LXX_WH
Józs 17:1	G1722	εν	PREP	LXX_WH
Józs 17:1	G3588	τη	T-DSF	LXX_WH
Józs 17:1		βασανιτιδι	N-DSF	ELTERO_SZOVEGALAP
Józs 17:2	G2532	και	CONJ	LXX_WH
Józs 17:2	G1096	εγενηθη	V-API-3S	LXX_WH
Józs 17:2	G3588	τοις	T-DPM	LXX_WH
Józs 17:2	G5207	υιοις	N-DPM	LXX_WH
Józs 17:2		μανασση	N-PRI	
Józs 17:2	G3588	τοις	T-DPM	LXX_WH
Józs 17:2		λοιποις	A-DPM	
Józs 17:2	G2596	κατα	PREP	LXX_WH
Józs 17:2	G1218	δημους	N-APM	LXX_WH
Józs 17:2	G0846	αυτων	D-GPM	LXX_WH
Józs 17:2	G3588	τοις	T-DPM	LXX_WH
Józs 17:2	G5207	υιοις	N-DPM	LXX_WH
Józs 17:2		ιεζερ	N-PRI	ELTERO_SZOVEGALAP
Józs 17:2	G2532	και	CONJ	LXX_WH
Józs 17:2	G3588	τοις	T-DPM	LXX_WH
Józs 17:2	G5207	υιοις	N-DPM	LXX_WH
Józs 17:2		κελεζ	N-PRI	ELTERO_SZOVEGALAP
Józs 17:2	G2532	και	CONJ	LXX_WH
Józs 17:2	G3588	τοις	T-DPM	LXX_WH
Józs 17:2	G5207	υιοις	N-DPM	LXX_WH
Józs 17:2		ιεζιηλ	N-PRI	ELTERO_SZOVEGALAP
Józs 17:2	G2532	και	CONJ	LXX_WH
Józs 17:2	G3588	τοις	T-DPM	LXX_WH
Józs 17:2	G5207	υιοις	N-DPM	LXX_WH
Józs 17:2	G4966	συχεμ	N-PRI	LXX_WH
Józs 17:2	G2532	και	CONJ	LXX_WH
Józs 17:2	G3588	τοις	T-DPM	LXX_WH
Józs 17:2	G5207	υιοις	N-DPM	LXX_WH
Józs 17:2		συμαριμ	N-PRI	ELTERO_SZOVEGALAP
Józs 17:2	G2532	και	CONJ	LXX_WH
Józs 17:2	G3588	τοις	T-DPM	LXX_WH
Józs 17:2	G5207	υιοις	N-DPM	LXX_WH
Józs 17:2		οφερ	N-PRI	ELTERO_SZOVEGALAP
Józs 17:2	G3778	ουτοι	D-NPM	LXX_WH
Józs 17:2	G3588	οι	T-NPM	LXX_WH
Józs 17:2		αρσενες	A-NPM	
Józs 17:2	G2596	κατα	PREP	LXX_WH
Józs 17:2	G1218	δημους	N-APM	LXX_WH
Józs 17:2	G0846	αυτων	D-GPM	LXX_WH
Józs 17:3	G2532	και	CONJ	LXX_WH
Józs 17:3	G3588	τω	T-DSM	LXX_WH
Józs 17:3	G5207	σαλπααδ	N-PRI	ABP-potolt
Józs 17:3	G5207	υιω	N-DSM	LXX_WH
Józs 17:3		οφερ	N-PRI	ELTERO_SZOVEGALAP
Józs 17:3	G3364	ουκ	ADV	LXX_WH
Józs 17:3	G1510	ησαν	V-IAI-3P	LXX_WH
Józs 17:3	G0846	αυτω	D-DSM	LXX_WH
Józs 17:3	G5207	υιοι	N-NPM	LXX_WH
Józs 17:3	G0235	αλλ	CONJ	LXX_WH
Józs 17:3	G2228	η	CONJ	LXX_WH
Józs 17:3	G2364	θυγατερες	N-NPF	LXX_WH
Józs 17:3	G2532	και	CONJ	LXX_WH
Józs 17:3	G3778	ταυτα	D-NPN	LXX_WH
Józs 17:3	G3588	τα	T-NPN	LXX_WH
Józs 17:3	G3686	ονοματα	N-NPN	LXX_WH
Józs 17:3	G3588	των	T-GPF	LXX_WH
Józs 17:3	G2364	θυγατερων	N-GPF	LXX_WH
Józs 17:3	G2532	σαλπααδ	N-PRI	ABP-potolt
Józs 17:3	G2532	μααλα	N-PRI	ABP-potolt
Józs 17:3	G2532	και	CONJ	LXX_WH
Józs 17:3	G2532	νουα	N-PRI	ABP-potolt
Józs 17:3	G2532	και	CONJ	LXX_WH
Józs 17:3	G2532	εγλα	N-PRI	ABP-potolt
Józs 17:3	G2532	και	CONJ	LXX_WH
Józs 17:3	G2532	μελχα	N-PRI	ABP-potolt
Józs 17:3	G2532	και	CONJ	LXX_WH
Józs 17:3	G2532	θερσα	N-PRI	ABP-potolt
Józs 17:4	G2532	και	CONJ	LXX_WH
Józs 17:4	G2476	εστησαν	V-AAI-3P	LXX_WH
Józs 17:4	G1726	εναντιον	PREP	LXX_WH
Józs 17:4	G1648	ελεαζαρ	N-PRI	LXX_WH
Józs 17:4	G3588	του	T-GSM	LXX_WH
Józs 17:4	G2409	ιερεως	N-GSM	LXX_WH
Józs 17:4	G2532	και	CONJ	LXX_WH
Józs 17:4	G1726	εναντιον	PREP	LXX_WH
Józs 17:4	G2424	ιησου	N-PRI	LXX_WH
Józs 17:4	G2532	και	CONJ	LXX_WH
Józs 17:4	G1726	εναντιον	PREP	LXX_WH
Józs 17:4	G3588	των	T-GPM	LXX_WH
Józs 17:4	G0758	αρχοντων	N-GPM	LXX_WH
Józs 17:4	G3004	λεγουσαι	V-PAPNP	LXX_WH
Józs 17:4	G3588	ο	T-NSM	LXX_WH
Józs 17:4	G2316	θεος	N-NSM	LXX_WH
Józs 17:4	G1781	ενετειλατο	V-AMI-3S	LXX_WH
Józs 17:4	G1223	δια	PREP	LXX_WH
Józs 17:4	G5495	χειρος	N-GSF	LXX_WH
Józs 17:4		μωυση	N-GSM	ELTERO_SZOVEGALAP
Józs 17:4	G1325	δουναι	V-AAN	LXX_WH
Józs 17:4	G1473	ημιν	P-DP	LXX_WH
Józs 17:4	G2817	κληρονομιαν	N-ASF	LXX_WH
Józs 17:4	G1722	εν	PREP	LXX_WH
Józs 17:4	G3319	μεσω	A-DSN	LXX_WH
Józs 17:4	G3588	των	T-GPM	LXX_WH
Józs 17:4	G0080	αδελφων	N-GPM	LXX_WH
Józs 17:4	G1473	ημων	P-GP	LXX_WH
Józs 17:4	G2532	και	CONJ	LXX_WH
Józs 17:4	G1325	εδοθη	V-API-3S	LXX_WH
Józs 17:4	G0846	αυταις	D-DPF	LXX_WH
Józs 17:4	G1223	δια	PREP	LXX_WH
Józs 17:4	G4366	προσταγματος	N-GSN	ABP-potolt
Józs 17:4	G2962	κυριου	N-GSM	LXX_WH
Józs 17:4	G2819	κληρος	N-NSM	LXX_WH
Józs 17:4	G1722	εν	PREP	LXX_WH
Józs 17:4	G3588	τοις	T-DPM	LXX_WH
Józs 17:4	G0080	αδελφοις	N-DPM	LXX_WH
Józs 17:4	G3588	του	T-GSM	LXX_WH
Józs 17:4	G3962	πατρος	N-GSM	LXX_WH
Józs 17:4	G0846	αυτων	D-GPF	LXX_WH
Józs 17:5	G2532	και	CONJ	LXX_WH
Józs 17:5	G4098	επεσεν	V-AAI-3S	LXX_WH
Józs 17:5	G3588	ο	T-NSM	LXX_WH
Józs 17:5		σχοινισμος	N-NSM	ELTERO_SZOVEGALAP
Józs 17:5	G0846	αυτων	D-GPF	LXX_WH
Józs 17:5	G0575	απο	PREP	LXX_WH
Józs 17:5		ανασσα	N-PRI	ELTERO_SZOVEGALAP
Józs 17:5	G2532	και	CONJ	LXX_WH
Józs 17:5		πεδιον	N-NSN	ELTERO_SZOVEGALAP
Józs 17:5		λαβεκ	N-PRI	ELTERO_SZOVEGALAP
Józs 17:5	G1537	εκ	PREP	LXX_WH
Józs 17:5	G3588	της	T-GSF	LXX_WH
Józs 17:5		γαλααδ	N-PRI	ELTERO_SZOVEGALAP
Józs 17:5	G3739	η	R-NSF	LXX_WH
Józs 17:5	G1510	εστιν	V-PAI-3S	LXX_WH
Józs 17:5	G4008	περαν	PREP	LXX_WH
Józs 17:5	G3588	του	T-GSM	LXX_WH
Józs 17:5	G2446	ιορδανου	N-GSM	LXX_WH
Józs 17:6	G3754	οτι	CONJ	LXX_WH
Józs 17:6	G2364	θυγατερες	N-NPF	LXX_WH
Józs 17:6	G5207	υιων	N-GPM	LXX_WH
Józs 17:6		μανασση	N-PRI	ELTERO_SZOVEGALAP
Józs 17:6	G2816	εκληρονομησαν	V-AAI-3P	LXX_WH
Józs 17:6	G2819	κληρον	N-ASM	LXX_WH
Józs 17:6	G1722	εν	PREP	LXX_WH
Józs 17:6	G3319	μεσω	A-DSN	LXX_WH
Józs 17:6	G3588	των	T-GPM	LXX_WH
Józs 17:6	G0080	αδελφων	N-GPM	LXX_WH
Józs 17:6	G0846	αυτων	D-GPF	LXX_WH
Józs 17:6	G3588	η	T-NSF	LXX_WH
Józs 17:6	G1161	δε	PRT	LXX_WH
Józs 17:6	G1065	γη	N-NSF	LXX_WH
Józs 17:6		γαλααδ	N-PRI	ELTERO_SZOVEGALAP
Józs 17:6	G1096	εγενηθη	V-API-3S	LXX_WH
Józs 17:6	G3588	τοις	T-DPM	LXX_WH
Józs 17:6	G5207	υιοις	N-DPM	LXX_WH
Józs 17:6		μανασση	N-PRI	ELTERO_SZOVEGALAP
Józs 17:6	G3588	τοις	T-DPM	LXX_WH
Józs 17:6	G2641	καταλελειμμενοις	V-RMPDP	LXX_WH
Józs 17:7	G2532	και	CONJ	LXX_WH
Józs 17:7	G1096	εγενηθη	V-API-3S	LXX_WH
Józs 17:7	G3725	ορια	N-NPN	LXX_WH
Józs 17:7	G5207	υιων	N-GPM	LXX_WH
Józs 17:7		μανασση	N-PRI	ELTERO_SZOVEGALAP
Józs 17:7		δηλαναθ	N-PRI	ELTERO_SZOVEGALAP
Józs 17:7	G3739	η	R-NSF	LXX_WH
Józs 17:7	G1510	εστιν	V-PAI-3S	LXX_WH
Józs 17:7	G2596	κατα	PREP	LXX_WH
Józs 17:7	G4383	προσωπον	N-ASN	LXX_WH
Józs 17:7	G5207	υιων	N-GPM	LXX_WH
Józs 17:7		αναθ	N-PRI	ELTERO_SZOVEGALAP
Józs 17:7	G2532	και	CONJ	LXX_WH
Józs 17:7	G4198	πορευεται	V-PMI-3S	LXX_WH
Józs 17:7	G1909	επι	PREP	LXX_WH
Józs 17:7	G3588	τα	T-APN	LXX_WH
Józs 17:7	G3725	ορια	N-APN	LXX_WH
Józs 17:7	G1909	επι	PREP	LXX_WH
Józs 17:7		ιαμιν	N-PRI	ELTERO_SZOVEGALAP
Józs 17:7	G2532	και	CONJ	LXX_WH
Józs 17:7	G4198	ιασσιβ	N-PRI	ABP-potolt
Józs 17:7	G1909	επι	PREP	LXX_WH
Józs 17:7	G4077	πηγην	N-ASF	LXX_WH
Józs 17:7		θαφθωθ	N-PRI	ELTERO_SZOVEGALAP
Józs 17:8	G3588	τω	T-DSM	LXX_WH
Józs 17:8		μανασση	N-PRI	ELTERO_SZOVEGALAP
Józs 17:8	G1510	εσται	V-FMI-3S	LXX_WH
Józs 17:8	G2532	και	CONJ	LXX_WH
Józs 17:8		θαφεθ	N-PRI	ELTERO_SZOVEGALAP
Józs 17:8	G1909	επι	PREP	LXX_WH
Józs 17:8	G3588	των	T-GPN	LXX_WH
Józs 17:8	G3725	οριων	N-GPN	LXX_WH
Józs 17:8		μανασση	N-PRI	ELTERO_SZOVEGALAP
Józs 17:8	G3588	τοις	T-DPM	LXX_WH
Józs 17:8	G5207	υιοις	N-DPM	LXX_WH
Józs 17:8	G2187	εφραιμ	N-PRI	LXX_WH
Józs 17:9	G2532	και	CONJ	LXX_WH
Józs 17:9	G2597	καταβησεται	V-FMI-3S	LXX_WH
Józs 17:9	G3588	τα	T-NPN	LXX_WH
Józs 17:9	G3725	ορια	N-NPN	LXX_WH
Józs 17:9	G1909	επι	PREP	LXX_WH
Józs 17:9	G5327	φαραγγα	N-ASF	LXX_WH
Józs 17:9		καρανα	N-PRI	ELTERO_SZOVEGALAP
Józs 17:9	G1909	επι	PREP	LXX_WH
Józs 17:9	G3047	λιβα	N-ASM	LXX_WH
Józs 17:9	G2596	κατα	PREP	LXX_WH
Józs 17:9	G5327	φαραγγα	N-ASF	LXX_WH
Józs 17:9	G5059	ιαριηλ	N-PRI	ABP-potolt
Józs 17:9	G5059	τερεμινθος	N-NSM	ABP-potolt
Józs 17:9	G3588	τω	T-DSM	LXX_WH
Józs 17:9	G2187	εφραιμ	N-PRI	LXX_WH
Józs 17:9	G0303	ανα	PREP	LXX_WH
Józs 17:9	G3319	μεσον	A-ASN	LXX_WH
Józs 17:9	G4172	πολεως	N-GSF	LXX_WH
Józs 17:9		μανασση	N-PRI	ELTERO_SZOVEGALAP
Józs 17:9	G2532	και	CONJ	LXX_WH
Józs 17:9	G3725	ορια	N-NPN	LXX_WH
Józs 17:9		μανασση	N-PRI	ELTERO_SZOVEGALAP
Józs 17:9	G1909	επι	PREP	LXX_WH
Józs 17:9	G3588	τον	T-ASM	LXX_WH
Józs 17:9		βορραν	N-ASM	ELTERO_SZOVEGALAP
Józs 17:9	G1519	εις	PREP	LXX_WH
Józs 17:9	G3588	τον	T-ASM	LXX_WH
Józs 17:9	G5493	χειμαρρουν	A-ASM	ABP-potolt
Józs 17:9	G2532	και	CONJ	LXX_WH
Józs 17:9	G1510	εσται	V-FMI-3S	LXX_WH
Józs 17:9	G0846	αυτου	D-GSN	LXX_WH
Józs 17:9	G3588	η	T-NSF	LXX_WH
Józs 17:9	G1327	διεξοδος	N-NSF	ABP-potolt
Józs 17:9	G2281	θαλασσα	N-NSF	LXX_WH
Józs 17:10	G0575	απο	PREP	LXX_WH
Józs 17:10	G3047	λιβος	N-GSM	LXX_WH
Józs 17:10	G3588	τω	T-DSM	LXX_WH
Józs 17:10	G2187	εφραιμ	N-PRI	LXX_WH
Józs 17:10	G2532	και	CONJ	LXX_WH
Józs 17:10	G1909	επι	PREP	LXX_WH
Józs 17:10	G1005	βορραν	N-ASM	ABP-potolt
Józs 17:10	G1005	μανασση	N-PRI	ABP-potolt
Józs 17:10	G2532	και	CONJ	LXX_WH
Józs 17:10	G1510	εσται	V-FMI-3S	LXX_WH
Józs 17:10	G3588	η	T-NSF	LXX_WH
Józs 17:10	G2281	θαλασσα	N-NSF	LXX_WH
Józs 17:10	G3725	ορια	N-NPN	LXX_WH
Józs 17:10	G0846	αυτοις	D-DPM	LXX_WH
Józs 17:10	G2532	και	CONJ	LXX_WH
Józs 17:10	G1909	επι	PREP	LXX_WH
Józs 17:10	G0768	ασηρ	N-PRI	LXX_WH
Józs 17:10		συναψουσιν	V-FAI-3P	ELTERO_SZOVEGALAP
Józs 17:10	G1909	επι	PREP	LXX_WH
Józs 17:10	G1005	βορραν	N-ASM	ABP-potolt
Józs 17:10	G2532	και	CONJ	LXX_WH
Józs 17:10	G3588	τω	T-DSM	LXX_WH
Józs 17:10		ισσαχαρ	N-PRI	ELTERO_SZOVEGALAP
Józs 17:10	G0575	απ	PREP	LXX_WH
Józs 17:10	G0395	ανατολων	N-GPF	LXX_WH
Józs 17:11	G2532	και	CONJ	LXX_WH
Józs 17:11	G1510	εσται	V-FMI-3S	LXX_WH
Józs 17:11	G1510	μανασση	N-PRI	ABP-potolt
Józs 17:11	G1722	εν	PREP	LXX_WH
Józs 17:11		ισσαχαρ	N-PRI	ELTERO_SZOVEGALAP
Józs 17:11	G2532	και	CONJ	LXX_WH
Józs 17:11	G1722	εν	PREP	LXX_WH
Józs 17:11	G0768	ασηρ	N-PRI	LXX_WH
Józs 17:11		βαιθσαν	N-PRI	ELTERO_SZOVEGALAP
Józs 17:11	G2532	και	CONJ	LXX_WH
Józs 17:11	G3588	αι	T-NPF	LXX_WH
Józs 17:11	G2864	κωμαι	N-NPF	LXX_WH
Józs 17:11	G0846	αυτων	D-GPM	LXX_WH
Józs 17:11	G2532	και	CONJ	LXX_WH
Józs 17:11	G3588	τους	T-APM	LXX_WH
Józs 17:11		κατοικουντας	V-PAPAP	
Józs 17:11		δωρ	N-PRI	
Józs 17:11	G2532	και	CONJ	LXX_WH
Józs 17:11	G3588	τας	T-APF	LXX_WH
Józs 17:11	G2864	κωμας	N-APF	LXX_WH
Józs 17:11	G0846	αυτης	D-GSF	LXX_WH
Józs 17:11	G2532	και	CONJ	LXX_WH
Józs 17:11	G3588	τους	T-APM	LXX_WH
Józs 17:11		κατοικουντας	V-PAPAP	
Józs 17:11		μαγεδδω	N-PRI	
Józs 17:11	G2532	και	CONJ	LXX_WH
Józs 17:11	G3588	τας	T-APF	LXX_WH
Józs 17:11	G2864	κωμας	N-APF	LXX_WH
Józs 17:11	G0846	αυτης	D-GSF	LXX_WH
Józs 17:11	G2532	και	CONJ	LXX_WH
Józs 17:11	G3588	το	T-ASN	LXX_WH
Józs 17:11	G5154	τριτον	A-ASN	LXX_WH
Józs 17:11	G3588	της	T-GSF	LXX_WH
Józs 17:11		ναφετα	N-PRI	
Józs 17:11	G2532	και	CONJ	LXX_WH
Józs 17:11	G3588	τας	T-APF	LXX_WH
Józs 17:11	G2864	κωμας	N-APF	LXX_WH
Józs 17:11	G0846	αυτης	D-GSF	LXX_WH
Józs 17:12	G2532	και	CONJ	LXX_WH
Józs 17:12	G3364	ουκ	ADV	LXX_WH
Józs 17:12	G1410	ηδυνασθησαν	V-API-3P	LXX_WH
Józs 17:12	G3588	οι	T-NPM	LXX_WH
Józs 17:12	G5207	υιοι	N-NPM	LXX_WH
Józs 17:12	G1842	μανασση	N-PRI	ABP-potolt
Józs 17:12	G1842	εξολεθρευσαι	V-AAN	ABP-potolt
Józs 17:12	G3588	τας	T-APF	LXX_WH
Józs 17:12	G4172	πολεις	N-APF	LXX_WH
Józs 17:12	G3778	ταυτας	D-APF	LXX_WH
Józs 17:12	G2532	και	CONJ	LXX_WH
Józs 17:12	G0757	ηρχετο	V-IMI-3S	LXX_WH
Józs 17:12	G3588	ο	T-NSM	LXX_WH
Józs 17:12	G2730	χαναναιος	N-NSM	ABP-potolt
Józs 17:12	G2730	κατοικειν	V-PAN	ABP-potolt
Józs 17:12	G1722	εν	PREP	LXX_WH
Józs 17:12	G3588	τη	T-DSF	LXX_WH
Józs 17:12	G1065	γη	N-DSF	LXX_WH
Józs 17:12	G3778	ταυτη	D-DSF	LXX_WH
Józs 17:13	G2532	και	CONJ	LXX_WH
Józs 17:13	G1096	εγενηθη	V-API-3S	LXX_WH
Józs 17:13	G2532	και	CONJ	LXX_WH
Józs 17:13	G1893	επει	CONJ	LXX_WH
Józs 17:13	G2729	κατισχυσαν	V-AAI-3P	LXX_WH
Józs 17:13	G3588	οι	T-NPM	LXX_WH
Józs 17:13	G5207	υιοι	N-NPM	LXX_WH
Józs 17:13	G2474	ισραηλ	N-PRI	LXX_WH
Józs 17:13	G2532	και	CONJ	LXX_WH
Józs 17:13	G4160	εποιησαν	V-AAI-3P	LXX_WH
Józs 17:13	G3588	τους	T-APM	LXX_WH
Józs 17:13		χαναναιους	N-APM	ELTERO_SZOVEGALAP
Józs 17:13	G5255	υπηκοους	N-APM	LXX_WH
Józs 17:13		εξολεθρευσαι	V-AAN	ELTERO_SZOVEGALAP
Józs 17:13	G1161	δε	PRT	LXX_WH
Józs 17:13	G0846	αυτους	D-APM	LXX_WH
Józs 17:13	G3364	ουκ	ADV	LXX_WH
Józs 17:13		εξωλεθρευσαν	V-AAI-3P	ELTERO_SZOVEGALAP
Józs 17:14	G0471	αντειπαν	V-AAI-3P	ABP-potolt
Józs 17:14	G1161	δε	PRT	LXX_WH
Józs 17:14	G3588	οι	T-NPM	LXX_WH
Józs 17:14	G5207	υιοι	N-NPM	LXX_WH
Józs 17:14	G2501	ιωσηφ	N-PRI	LXX_WH
Józs 17:14	G3588	τω	T-DSM	LXX_WH
Józs 17:14	G2424	ιησου	N-PRI	LXX_WH
Józs 17:14	G3004	λεγοντες	V-PAPNP	LXX_WH
Józs 17:14	G1223	δια	PREP	LXX_WH
Józs 17:14	G5100	τι	I-ASN	LXX_WH
Józs 17:14	G2816	εκληρονομησας	V-AAI-2S	LXX_WH
Józs 17:14	G1473	ημας	P-AP	LXX_WH
Józs 17:14	G2819	κληρον	N-ASM	LXX_WH
Józs 17:14	G1519	ενα	A-ASM	LXX_WH
Józs 17:14	G2532	και	CONJ	LXX_WH
Józs 17:14		σχοινισμα	N-ASN	ELTERO_SZOVEGALAP
Józs 17:14	G1519	εν	A-ASN	LXX_WH
Józs 17:14	G1473	εγω	P-NS	LXX_WH
Józs 17:14	G1161	δε	PRT	LXX_WH
Józs 17:14	G2992	λαος	N-NSM	LXX_WH
Józs 17:14	G4183	πολυς	A-NSM	LXX_WH
Józs 17:14	G1510	ειμι	V-PAI-1S	LXX_WH
Józs 17:14	G2532	και	CONJ	LXX_WH
Józs 17:14	G3588	ο	T-NSM	LXX_WH
Józs 17:14	G2316	θεος	N-NSM	LXX_WH
Józs 17:14	G2127	ευλογησεν	V-AAI-3S	LXX_WH
Józs 17:14	G1473	με	P-AS	LXX_WH
Józs 17:15	G2532	και	CONJ	LXX_WH
Józs 17:15		ειπεν	V-AAI-3S	ELTERO_SZOVEGALAP
Józs 17:15	G0846	αυτοις	D-DPM	LXX_WH
Józs 17:15	G2424	ιησους	N-PRI	LXX_WH
Józs 17:15	G1487	ει	CONJ	LXX_WH
Józs 17:15	G2992	λαος	N-NSM	LXX_WH
Józs 17:15	G4183	πολυς	A-NSM	LXX_WH
Józs 17:15	G1510	ει	V-PAI-2S	LXX_WH
Józs 17:15	G0305	αναβηθι	V-AAD-2S	LXX_WH
Józs 17:15	G1519	εις	PREP	LXX_WH
Józs 17:15	G3588	τον	T-ASM	LXX_WH
Józs 17:15	G1409	δρυμον	N-ASM	ABP-potolt
Józs 17:15	G2532	και	CONJ	LXX_WH
Józs 17:15	G1571	εκκαθαρον	V-AAD-2S	ABP-potolt
Józs 17:15	G4572	σεαυτω	D-DSM	LXX_WH
Józs 17:15	G1487	ει	CONJ	LXX_WH
Józs 17:15	G4729	στενοχωρει	V-PAI-3S	LXX_WH
Józs 17:15	G4771	σε	P-AS	LXX_WH
Józs 17:15	G3588	το	T-NSN	LXX_WH
Józs 17:15	G3735	ορος	N-NSN	LXX_WH
Józs 17:15	G3588	το	T-NSN	LXX_WH
Józs 17:15	G2187	εφραιμ	N-PRI	LXX_WH
Józs 17:16	G2532	και	CONJ	LXX_WH
Józs 17:16		ειπαν	V-AAI-3P	ELTERO_SZOVEGALAP
Józs 17:16	G3364	ουκ	ADV	LXX_WH
Józs 17:16	G0714	αρκεσει	V-FAI-3S	LXX_WH
Józs 17:16	G1473	ημιν	P-DP	LXX_WH
Józs 17:16	G3588	το	T-NSN	LXX_WH
Józs 17:16	G3735	ορος	N-NSN	LXX_WH
Józs 17:16	G3588	το	T-NSN	LXX_WH
Józs 17:16	G2187	εφραιμ	N-PRI	LXX_WH
Józs 17:16	G2532	και	CONJ	LXX_WH
Józs 17:16	G2462	ιππος	N-NSM	LXX_WH
Józs 17:16	G1952	επιλεκτος	A-NSM	ABP-potolt
Józs 17:16	G2532	και	CONJ	LXX_WH
Józs 17:16	G4604	σιδηρος	N-NSM	LXX_WH
Józs 17:16	G3588	τω	T-DSM	LXX_WH
Józs 17:16	G3735	χαναναιω	N-DSM	ABP-potolt
Józs 17:16	G3588	τω	T-DSM	LXX_WH
Józs 17:16		κατοικουντι	V-PAPDS	
Józs 17:16	G1722	εν	PREP	LXX_WH
Józs 17:16	G0846	αυτω	D-DSN	LXX_WH
Józs 17:16	G1722	εν	PREP	LXX_WH
Józs 17:16		βαιθσαν	N-PRI	ELTERO_SZOVEGALAP
Józs 17:16	G2532	και	CONJ	LXX_WH
Józs 17:16	G1722	εν	PREP	LXX_WH
Józs 17:16	G3588	ταις	T-DPF	LXX_WH
Józs 17:16	G2864	κωμαις	N-DPF	LXX_WH
Józs 17:16	G0846	αυτης	D-GSF	LXX_WH
Józs 17:16	G1722	εν	PREP	LXX_WH
Józs 17:16	G3588	τη	T-DSF	LXX_WH
Józs 17:16	G2835	κοιλαδι	N-DSF	ABP-potolt
Józs 17:16	G2835	ιεζραελ	N-PRI	ABP-potolt
Józs 17:17	G2532	και	CONJ	LXX_WH
Józs 17:17		ειπεν	V-AAI-3S	ELTERO_SZOVEGALAP
Józs 17:17	G2424	ιησους	N-PRI	LXX_WH
Józs 17:17	G3588	τοις	T-DPM	LXX_WH
Józs 17:17	G5207	υιοις	N-DPM	LXX_WH
Józs 17:17	G2501	ιωσηφ	N-PRI	LXX_WH
Józs 17:17	G1487	ει	CONJ	LXX_WH
Józs 17:17	G2992	λαος	N-NSM	LXX_WH
Józs 17:17	G4183	πολυς	A-NSM	LXX_WH
Józs 17:17	G1510	ει	V-PAI-2S	LXX_WH
Józs 17:17	G2532	και	CONJ	LXX_WH
Józs 17:17	G2479	ισχυν	N-ASF	LXX_WH
Józs 17:17	G3173	μεγαλην	A-ASF	LXX_WH
Józs 17:17	G2192	εχεις	V-PAI-2S	LXX_WH
Józs 17:17	G3364	ουκ	ADV	LXX_WH
Józs 17:17	G1510	εσται	V-FMI-3S	LXX_WH
Józs 17:17	G4771	σοι	P-DS	LXX_WH
Józs 17:17	G2819	κληρος	N-NSM	LXX_WH
Józs 17:17	G1519	εις	A-NSM	LXX_WH
Józs 17:18	G3588	ο	T-NSM	LXX_WH
Józs 17:18	G1063	γαρ	PRT	LXX_WH
Józs 17:18		δρυμος	N-NSM	ELTERO_SZOVEGALAP
Józs 17:18	G1510	εσται	V-FMI-3S	LXX_WH
Józs 17:18	G4771	σοι	P-DS	LXX_WH
Józs 17:18	G3754	οτι	CONJ	LXX_WH
Józs 17:18	G1409	δρυμος	N-NSM	ABP-potolt
Józs 17:18	G1510	εστιν	V-PAI-3S	LXX_WH
Józs 17:18	G2532	και	CONJ	LXX_WH
Józs 17:18		εκκαθαριεις	V-FAI-2S	ELTERO_SZOVEGALAP
Józs 17:18	G0846	αυτον	D-ASM	LXX_WH
Józs 17:18	G2532	και	CONJ	LXX_WH
Józs 17:18	G1510	εσται	V-FMI-3S	LXX_WH
Józs 17:18	G4771	σοι	P-DS	LXX_WH
Józs 17:18	G2532	και	CONJ	LXX_WH
Józs 17:18	G3752	οταν	ADV	LXX_WH
Józs 17:18	G1842	εξολεθρευσης	V-AAS-2S	ABP-potolt
Józs 17:18	G3588	τον	T-ASM	LXX_WH
Józs 17:18		χαναναιον	N-ASM	ELTERO_SZOVEGALAP
Józs 17:18	G3754	οτι	CONJ	LXX_WH
Józs 17:18	G2462	ιππος	N-NSM	LXX_WH
Józs 17:18	G1952	επιλεκτος	A-NSM	ABP-potolt
Józs 17:18	G1510	εστιν	V-PAI-3S	LXX_WH
Józs 17:18	G0846	αυτω	D-DSM	LXX_WH
Józs 17:18	G4771	συ	P-NS	LXX_WH
Józs 17:18	G1063	γαρ	PRT	LXX_WH
Józs 17:18		υπερισχυεις	V-PAI-2S	ELTERO_SZOVEGALAP
Józs 17:18	G0846	αυτου	D-GSM	LXX_WH
Józs 18:1	G2532	και	CONJ	LXX_WH
Józs 18:1	G1826	εξεκκλησιασθη	V-API-3S	ABP-potolt
Józs 18:1	G3956	πασα	A-NSF	LXX_WH
Józs 18:1	G4864	συναγωγη	N-NSF	LXX_WH
Józs 18:1	G5207	υιων	N-GPM	LXX_WH
Józs 18:1	G2474	ισραηλ	N-PRI	LXX_WH
Józs 18:1	G1519	εις	PREP	LXX_WH
Józs 18:1		σηλω	N-PRI	ELTERO_SZOVEGALAP
Józs 18:1	G2532	και	CONJ	LXX_WH
Józs 18:1	G4078	επηξαν	V-AAI-3P	LXX_WH
Józs 18:1	G1563	εκει	ADV	LXX_WH
Józs 18:1	G3588	την	T-ASF	LXX_WH
Józs 18:1	G4633	σκηνην	N-ASF	LXX_WH
Józs 18:1	G3588	του	T-GSN	LXX_WH
Józs 18:1	G3142	μαρτυριου	N-GSN	LXX_WH
Józs 18:1	G2532	και	CONJ	LXX_WH
Józs 18:1	G3588	η	T-NSF	LXX_WH
Józs 18:1	G1065	γη	N-NSF	LXX_WH
Józs 18:1	G2902	εκρατηθη	V-API-3S	LXX_WH
Józs 18:1	G5259	υπ	PREP	LXX_WH
Józs 18:1	G0846	αυτων	D-GPM	LXX_WH
Józs 18:2	G2532	και	CONJ	LXX_WH
Józs 18:2	G2641	κατελειφθησαν	V-API-3P	LXX_WH
Józs 18:2	G3588	οι	T-NPM	LXX_WH
Józs 18:2	G5207	υιοι	N-NPM	LXX_WH
Józs 18:2	G2474	ισραηλ	N-PRI	LXX_WH
Józs 18:2	G3739	οι	R-NPM	LXX_WH
Józs 18:2	G3364	ουκ	ADV	LXX_WH
Józs 18:2	G2816	εκληρονομησαν	V-AAI-3P	LXX_WH
Józs 18:2	G2033	επτα	N-NUI	LXX_WH
Józs 18:2	G5443	φυλαι	N-NPF	LXX_WH
Józs 18:3	G2532	και	CONJ	LXX_WH
Józs 18:3		ειπεν	V-AAI-3S	ELTERO_SZOVEGALAP
Józs 18:3	G2424	ιησους	N-PRI	LXX_WH
Józs 18:3	G3588	τοις	T-DPM	LXX_WH
Józs 18:3	G5207	υιοις	N-DPM	LXX_WH
Józs 18:3	G2474	ισραηλ	N-PRI	LXX_WH
Józs 18:3	G2193	εως	PREP	LXX_WH
Józs 18:3	G5100	τινος	I-GSN	LXX_WH
Józs 18:3	G1590	εκλυθησεσθε	V-FPI-2P	LXX_WH
Józs 18:3	G2816	κληρονομησαι	V-AAN	LXX_WH
Józs 18:3	G3588	την	T-ASF	LXX_WH
Józs 18:3	G1065	γην	N-ASF	LXX_WH
Józs 18:3	G3739	ην	R-ASF	LXX_WH
Józs 18:3	G1325	εδωκεν	V-AAI-3S	LXX_WH
Józs 18:3	G2962	κυριος	N-NSM	LXX_WH
Józs 18:3	G3588	ο	T-NSM	LXX_WH
Józs 18:3	G2316	θεος	N-NSM	LXX_WH
Józs 18:3	G1473	ημων	P-GP	LXX_WH
Józs 18:4	G1325	δοτε	V-AAD-2P	LXX_WH
Józs 18:4	G1537	εξ	PREP	LXX_WH
Józs 18:4	G4771	υμων	P-GP	LXX_WH
Józs 18:4	G5140	τρεις	A-APM	LXX_WH
Józs 18:4	G0435	ανδρας	N-APM	LXX_WH
Józs 18:4	G1537	εκ	PREP	LXX_WH
Józs 18:4	G5443	φυλης	N-GSF	LXX_WH
Józs 18:4	G2532	και	CONJ	LXX_WH
Józs 18:4	G0450	ανασταντες	V-AAPNP	LXX_WH
Józs 18:4	G1330	διελθετωσαν	V-AAD-3P	LXX_WH
Józs 18:4	G3588	την	T-ASF	LXX_WH
Józs 18:4	G1065	γην	N-ASF	LXX_WH
Józs 18:4	G2532	και	CONJ	LXX_WH
Józs 18:4		διαγραψατωσαν	V-AAD-3P	ELTERO_SZOVEGALAP
Józs 18:4	G0846	αυτην	D-ASF	LXX_WH
Józs 18:4	G1726	εναντιον	PREP	LXX_WH
Józs 18:4	G1473	μου	P-GS	LXX_WH
Józs 18:4	G2505	καθα	ADV	LXX_WH
Józs 18:4	G1210	δεησει	V-FAI-3S	LXX_WH
Józs 18:4	G1244	διελειν	V-AAN	LXX_WH
Józs 18:4	G0846	αυτην	D-ASF	LXX_WH
Józs 18:4	G2532	και	CONJ	LXX_WH
Józs 18:4	G2064	ηλθοσαν	V-AAI-3P	LXX_WH
Józs 18:4	G4314	προς	PREP	LXX_WH
Józs 18:4	G0846	αυτον	D-ASM	LXX_WH
Józs 18:5	G2532	και	CONJ	LXX_WH
Józs 18:5	G1244	διειλεν	V-AAI-3S	LXX_WH
Józs 18:5	G0846	αυτοις	D-DPM	LXX_WH
Józs 18:5	G2033	επτα	N-NUI	LXX_WH
Józs 18:5	G3310	μεριδας	N-APF	LXX_WH
Józs 18:5	G2455	ιουδας	N-NS	LXX_WH
Józs 18:5	G2476	στησεται	V-FMI-3S	LXX_WH
Józs 18:5	G0846	αυτοις	D-DPM	LXX_WH
Józs 18:5	G3725	οριον	N-ASN	LXX_WH
Józs 18:5	G0575	απο	PREP	LXX_WH
Józs 18:5	G3047	λιβος	N-GSM	LXX_WH
Józs 18:5	G2532	και	CONJ	LXX_WH
Józs 18:5	G3588	οι	T-NPM	LXX_WH
Józs 18:5	G5207	υιοι	N-NPM	LXX_WH
Józs 18:5	G2501	ιωσηφ	N-PRI	LXX_WH
Józs 18:5	G2476	στησονται	V-FMI-3P	LXX_WH
Józs 18:5	G0846	αυτοις	D-DPM	LXX_WH
Józs 18:5	G0575	απο	PREP	LXX_WH
Józs 18:5	G1005	βορρα	N-GSM	ABP-potolt
Józs 18:6	G4771	υμεις	P-NP	LXX_WH
Józs 18:6	G1161	δε	PRT	LXX_WH
Józs 18:6	G3307	μερισατε	V-AAD-2P	LXX_WH
Józs 18:6	G3588	την	T-ASF	LXX_WH
Józs 18:6	G1065	γην	N-ASF	LXX_WH
Józs 18:6	G2033	επτα	N-NUI	LXX_WH
Józs 18:6	G3310	μεριδας	N-APF	LXX_WH
Józs 18:6	G2532	και	CONJ	LXX_WH
Józs 18:6	G5342	ενεγκατε	V-AAD-2P	LXX_WH
Józs 18:6	G4314	προς	PREP	LXX_WH
Józs 18:6	G1473	με	P-AS	LXX_WH
Józs 18:6	G3592	ωδε	ADV	LXX_WH
Józs 18:6	G2532	και	CONJ	LXX_WH
Józs 18:6	G1627	εξοισω	V-FAI-1S	LXX_WH
Józs 18:6	G4771	υμιν	P-DP	LXX_WH
Józs 18:6	G2819	κληρον	N-ASM	LXX_WH
Józs 18:6	G1725	εναντι	PREP	LXX_WH
Józs 18:6	G2962	κυριου	N-GSM	LXX_WH
Józs 18:6	G3588	του	T-GSM	LXX_WH
Józs 18:6	G2316	θεου	N-GSM	LXX_WH
Józs 18:6	G1473	ημων	P-GP	LXX_WH
Józs 18:7	G3364	ου	ADV	LXX_WH
Józs 18:7	G1063	γαρ	PRT	LXX_WH
Józs 18:7	G1510	εστιν	V-PAI-3S	LXX_WH
Józs 18:7	G3310	μερις	N-NSF	LXX_WH
Józs 18:7	G3588	τοις	T-DPM	LXX_WH
Józs 18:7	G5207	υιοις	N-DPM	LXX_WH
Józs 18:7	G3017	λευι	N-PRI	LXX_WH
Józs 18:7	G1722	εν	PREP	LXX_WH
Józs 18:7	G4771	υμιν	P-DP	LXX_WH
Józs 18:7	G2405	ιερατεια	N-NSF	LXX_WH
Józs 18:7	G1063	γαρ	PRT	LXX_WH
Józs 18:7	G2962	κυριου	N-GSM	LXX_WH
Józs 18:7	G3310	μερις	N-NSF	LXX_WH
Józs 18:7	G0846	αυτου	D-GSM	LXX_WH
Józs 18:7	G2532	και	CONJ	LXX_WH
Józs 18:7	G1045	γαδ	N-PRI	LXX_WH
Józs 18:7	G2532	και	CONJ	LXX_WH
Józs 18:7	G2532	ρουβην	N-PRI	ABP-potolt
Józs 18:7	G2532	και	CONJ	LXX_WH
Józs 18:7	G3588	το	T-NSN	LXX_WH
Józs 18:7	G2255	ημισυ	A-NSN	ABP-potolt
Józs 18:7	G5443	φυλης	N-GSF	LXX_WH
Józs 18:7		μανασση	N-PRI	ELTERO_SZOVEGALAP
Józs 18:7	G2983	ελαβοσαν	V-AAI-3P	LXX_WH
Józs 18:7	G3588	την	T-ASF	LXX_WH
Józs 18:7	G2817	κληρονομιαν	N-ASF	LXX_WH
Józs 18:7	G0846	αυτων	D-GPM	LXX_WH
Józs 18:7	G4008	περαν	PREP	LXX_WH
Józs 18:7	G3588	του	T-GSM	LXX_WH
Józs 18:7	G2446	ιορδανου	N-GSM	LXX_WH
Józs 18:7	G1909	επ	PREP	LXX_WH
Józs 18:7	G0395	ανατολας	N-APF	LXX_WH
Józs 18:7	G3739	ην	R-ASF	LXX_WH
Józs 18:7	G1325	εδωκεν	V-AAI-3S	LXX_WH
Józs 18:7	G0846	αυτοις	D-DPM	LXX_WH
Józs 18:7		μωυσης	N-NSM	ELTERO_SZOVEGALAP
Józs 18:7	G3588	ο	T-NSM	LXX_WH
Józs 18:7	G3816	παις	N-NSM	LXX_WH
Józs 18:7	G2962	κυριου	N-GSM	LXX_WH
Józs 18:8	G2532	και	CONJ	LXX_WH
Józs 18:8	G0450	ανασταντες	V-AAPNP	LXX_WH
Józs 18:8	G3588	οι	T-NPM	LXX_WH
Józs 18:8	G0435	ανδρες	N-NPM	LXX_WH
Józs 18:8	G4198	επορευθησαν	V-API-3P	LXX_WH
Józs 18:8	G2532	και	CONJ	LXX_WH
Józs 18:8	G1781	ενετειλατο	V-AMI-3S	LXX_WH
Józs 18:8	G2424	ιησους	N-PRI	LXX_WH
Józs 18:8	G3588	τοις	T-DPM	LXX_WH
Józs 18:8	G0435	ανδρασιν	N-DPM	LXX_WH
Józs 18:8	G3588	τοις	T-DPM	LXX_WH
Józs 18:8	G4198	πορευομενοις	V-PMPDP	LXX_WH
Józs 18:8	G5565	χωροβατησαι	V-AAN	ABP-potolt
Józs 18:8	G3588	την	T-ASF	LXX_WH
Józs 18:8	G1065	γην	N-ASF	LXX_WH
Józs 18:8	G3004	λεγων	V-PAPNS	LXX_WH
Józs 18:8	G4198	πορευεσθε	V-PMD-2P	LXX_WH
Józs 18:8	G2532	και	CONJ	LXX_WH
Józs 18:8		χωροβατησατε	V-AAD-2P	
Józs 18:8	G3588	την	T-ASF	LXX_WH
Józs 18:8	G1065	γην	N-ASF	LXX_WH
Józs 18:8	G2532	και	CONJ	LXX_WH
Józs 18:8	G3854	παραγενηθητε	V-APD-2P	LXX_WH
Józs 18:8	G4314	προς	PREP	LXX_WH
Józs 18:8	G1473	με	P-AS	LXX_WH
Józs 18:8	G2532	και	CONJ	LXX_WH
Józs 18:8	G3592	ωδε	ADV	LXX_WH
Józs 18:8	G1627	εξοισω	V-FAI-1S	LXX_WH
Józs 18:8	G4771	υμιν	P-DP	LXX_WH
Józs 18:8	G2819	κληρον	N-ASM	LXX_WH
Józs 18:8	G1725	εναντι	PREP	LXX_WH
Józs 18:8	G2962	κυριου	N-GSM	LXX_WH
Józs 18:8	G1722	εν	PREP	LXX_WH
Józs 18:8		σηλω	N-PRI	ELTERO_SZOVEGALAP
Józs 18:9	G2532	και	CONJ	LXX_WH
Józs 18:9	G4198	επορευθησαν	V-API-3P	LXX_WH
Józs 18:9	G2532	και	CONJ	LXX_WH
Józs 18:9	G4198	εχωροβατησαν	V-AAI-3P	ABP-potolt
Józs 18:9	G3588	την	T-ASF	LXX_WH
Józs 18:9	G1065	γην	N-ASF	LXX_WH
Józs 18:9	G2532	και	CONJ	LXX_WH
Józs 18:9	G3708	ειδοσαν	V-AAI-3P	LXX_WH
Józs 18:9	G0846	αυτην	D-ASF	LXX_WH
Józs 18:9	G2532	και	CONJ	LXX_WH
Józs 18:9	G1125	εγραψαν	V-AAI-3P	LXX_WH
Józs 18:9	G0846	αυτην	D-ASF	LXX_WH
Józs 18:9	G2596	κατα	PREP	LXX_WH
Józs 18:9	G4172	πολεις	N-APF	LXX_WH
Józs 18:9	G0846	αυτης	D-GSF	LXX_WH
Józs 18:9	G2033	επτα	N-NUI	LXX_WH
Józs 18:9	G3310	μεριδας	N-APF	LXX_WH
Józs 18:9	G1519	εις	PREP	LXX_WH
Józs 18:9	G0975	βιβλιον	N-ASN	LXX_WH
Józs 18:9	G2532	και	CONJ	LXX_WH
Józs 18:9	G5342	ηνεγκαν	V-AAI-3P	LXX_WH
Józs 18:9	G4314	προς	PREP	LXX_WH
Józs 18:9	G2424	ιησουν	N-PRI	LXX_WH
Józs 18:10	G2532	και	CONJ	LXX_WH
Józs 18:10	G1685	ενεβαλεν	V-AAI-3S	LXX_WH
Józs 18:10	G0846	αυτοις	D-DPM	LXX_WH
Józs 18:10	G2424	ιησους	N-PRI	LXX_WH
Józs 18:10	G2819	κληρον	N-ASM	LXX_WH
Józs 18:10	G1722	εν	PREP	LXX_WH
Józs 18:10		σηλω	N-PRI	ELTERO_SZOVEGALAP
Józs 18:10	G1725	εναντι	PREP	LXX_WH
Józs 18:10	G2962	κυριου	N-GSM	LXX_WH
Józs 18:11	G2532	και	CONJ	LXX_WH
Józs 18:11	G1831	εξηλθεν	V-AAI-3S	LXX_WH
Józs 18:11	G3588	ο	T-NSM	LXX_WH
Józs 18:11	G2819	κληρος	N-NSM	LXX_WH
Józs 18:11	G5443	φυλης	N-GSF	LXX_WH
Józs 18:11	G0958	βενιαμιν	N-PRI	LXX_WH
Józs 18:11	G4413	πρωτος	A-NSMS	LXX_WH
Józs 18:11	G2596	κατα	PREP	LXX_WH
Józs 18:11	G1218	δημους	N-APM	LXX_WH
Józs 18:11	G0846	αυτων	D-GPM	LXX_WH
Józs 18:11	G2532	και	CONJ	LXX_WH
Józs 18:11	G1831	εξηλθεν	V-AAI-3S	LXX_WH
Józs 18:11	G3725	ορια	N-NPN	LXX_WH
Józs 18:11	G3588	του	T-GSM	LXX_WH
Józs 18:11	G2819	κληρου	N-GSM	LXX_WH
Józs 18:11	G0846	αυτων	D-GPM	LXX_WH
Józs 18:11	G0303	ανα	PREP	LXX_WH
Józs 18:11	G3319	μεσον	A-ASN	LXX_WH
Józs 18:11	G2448	ιουδα	N-PRI	LXX_WH
Józs 18:11	G2532	και	CONJ	LXX_WH
Józs 18:11	G0303	ανα	PREP	LXX_WH
Józs 18:11	G3319	μεσον	A-ASN	LXX_WH
Józs 18:11	G3588	των	T-GPM	LXX_WH
Józs 18:11	G5207	υιων	N-GPM	LXX_WH
Józs 18:11	G2501	ιωσηφ	N-PRI	LXX_WH
Józs 18:12	G2532	και	CONJ	LXX_WH
Józs 18:12	G1096	εγενηθη	V-API-3S	LXX_WH
Józs 18:12	G0846	αυτων	D-GPM	LXX_WH
Józs 18:12	G3588	τα	T-NPN	LXX_WH
Józs 18:12	G3725	ορια	N-NPN	LXX_WH
Józs 18:12	G0575	απο	PREP	LXX_WH
Józs 18:12	G1005	βορρα	N-GSM	ABP-potolt
Józs 18:12	G0575	απο	PREP	LXX_WH
Józs 18:12	G3588	του	T-GSM	LXX_WH
Józs 18:12	G2446	ιορδανου	N-GSM	LXX_WH
Józs 18:12	G4320	προσαναβησεται	V-FMI-3S	LXX_WH
Józs 18:12	G3588	τα	T-NPN	LXX_WH
Józs 18:12	G3725	ορια	N-NPN	LXX_WH
Józs 18:12	G2596	κατα	PREP	LXX_WH
Józs 18:12		νωτου	N-GSN	ELTERO_SZOVEGALAP
Józs 18:12	G2410	ιεριχω	N-PRI	LXX_WH
Józs 18:12	G0575	απο	PREP	LXX_WH
Józs 18:12		βορρα	N-GSM	ELTERO_SZOVEGALAP
Józs 18:12	G2532	και	CONJ	LXX_WH
Józs 18:12	G0305	αναβησεται	V-FMI-3S	LXX_WH
Józs 18:12	G1909	επι	PREP	LXX_WH
Józs 18:12	G3588	το	T-ASN	LXX_WH
Józs 18:12	G3735	ορος	N-ASN	LXX_WH
Józs 18:12	G1909	επι	PREP	LXX_WH
Józs 18:12	G3588	την	T-ASF	LXX_WH
Józs 18:12	G2281	θαλασσαν	N-ASF	LXX_WH
Józs 18:12	G2532	και	CONJ	LXX_WH
Józs 18:12	G1510	εσται	V-FMI-3S	LXX_WH
Józs 18:12	G0846	αυτου	D-GSN	LXX_WH
Józs 18:12	G3588	η	T-NSF	LXX_WH
Józs 18:12		διεξοδος	N-NSF	
Józs 18:12	G3588	η	T-NSF	LXX_WH
Józs 18:12		μαδβαριτις	N-PRI	ELTERO_SZOVEGALAP
Józs 18:12		βαιθων	N-PRI	ELTERO_SZOVEGALAP
Józs 18:13	G2532	και	CONJ	LXX_WH
Józs 18:13	G1330	διελευσεται	V-FMI-3S	LXX_WH
Józs 18:13	G1564	εκειθεν	ADV	LXX_WH
Józs 18:13	G3588	τα	T-NPN	LXX_WH
Józs 18:13	G3725	ορια	N-NPN	LXX_WH
Józs 18:13	G0575	λουζα	N-PRI	ABP-potolt
Józs 18:13	G1909	επι	PREP	LXX_WH
Józs 18:13		νωτου	N-GSN	ELTERO_SZOVEGALAP
Józs 18:13		λουζα	N-PRI	ELTERO_SZOVEGALAP
Józs 18:13	G0575	απο	PREP	LXX_WH
Józs 18:13	G3047	λιβος	N-GSM	LXX_WH
Józs 18:13	G3778	αυτη	D-NSF	LXX_WH
Józs 18:13	G1510	εστιν	V-PAI-3S	LXX_WH
Józs 18:13		βαιθηλ	N-PRI	ELTERO_SZOVEGALAP
Józs 18:13	G2532	και	CONJ	LXX_WH
Józs 18:13	G2597	καταβησεται	V-FMI-3S	LXX_WH
Józs 18:13	G3588	τα	T-NPN	LXX_WH
Józs 18:13	G3725	ορια	N-NPN	LXX_WH
Józs 18:13	G0575	μααταρωθορεχ	N-PRI	ABP-potolt
Józs 18:13	G1909	επι	PREP	LXX_WH
Józs 18:13	G3588	την	T-ASF	LXX_WH
Józs 18:13	G3714	ορεινην	N-ASF	ABP-potolt
Józs 18:13	G3739	η	R-NSF	LXX_WH
Józs 18:13	G1510	εστιν	V-PAI-3S	LXX_WH
Józs 18:13	G4314	προς	PREP	LXX_WH
Józs 18:13	G3047	λιβα	N-ASM	LXX_WH
Józs 18:13		βαιθωρων	N-PRI	ELTERO_SZOVEGALAP
Józs 18:13	G3588	η	T-NSF	LXX_WH
Józs 18:13	G2736	κατω	ADV	LXX_WH
Józs 18:14	G2532	και	CONJ	LXX_WH
Józs 18:14	G1330	διελευσεται	V-FMI-3S	LXX_WH
Józs 18:14	G3588	τα	T-NPN	LXX_WH
Józs 18:14	G3725	ορια	N-NPN	LXX_WH
Józs 18:14	G2532	και	CONJ	LXX_WH
Józs 18:14	G4022	περιελευσεται	V-FMI-3S	LXX_WH
Józs 18:14	G1909	επι	PREP	LXX_WH
Józs 18:14	G3588	το	T-ASN	LXX_WH
Józs 18:14	G3313	μερος	N-ASN	LXX_WH
Józs 18:14	G3588	το	T-ASN	LXX_WH
Józs 18:14	G0991	βλεπον	V-PAPAS	LXX_WH
Józs 18:14	G3844	παρα	PREP	LXX_WH
Józs 18:14	G2281	θαλασσαν	N-ASF	LXX_WH
Józs 18:14	G0575	απο	PREP	LXX_WH
Józs 18:14	G3047	λιβος	N-GSM	LXX_WH
Józs 18:14	G0575	απο	PREP	LXX_WH
Józs 18:14	G3588	του	T-GSN	LXX_WH
Józs 18:14	G3735	ορους	N-GSN	LXX_WH
Józs 18:14	G1909	επι	PREP	LXX_WH
Józs 18:14	G4383	προσωπον	N-ASN	LXX_WH
Józs 18:14		βαιθωρων	N-PRI	ELTERO_SZOVEGALAP
Józs 18:14	G3047	λιβα	N-ASM	LXX_WH
Józs 18:14	G2532	και	CONJ	LXX_WH
Józs 18:14	G1510	εσται	V-FMI-3S	LXX_WH
Józs 18:14	G0846	αυτου	D-GSN	LXX_WH
Józs 18:14	G3588	η	T-NSF	LXX_WH
Józs 18:14	G1327	διεξοδος	N-NSF	ABP-potolt
Józs 18:14	G1519	εις	PREP	LXX_WH
Józs 18:14		καριαθβααλ	N-PRI	ELTERO_SZOVEGALAP
Józs 18:14	G3778	αυτη	D-NSF	LXX_WH
Józs 18:14	G1510	εστιν	V-PAI-3S	LXX_WH
Józs 18:14		καριαθιαριν	N-PRI	ELTERO_SZOVEGALAP
Józs 18:14	G4172	πολις	N-NSF	LXX_WH
Józs 18:14	G5207	υιων	N-GPM	LXX_WH
Józs 18:14	G2448	ιουδα	N-PRI	LXX_WH
Józs 18:14	G3778	τουτο	D-NSN	LXX_WH
Józs 18:14	G1510	εστιν	V-PAI-3S	LXX_WH
Józs 18:14	G3588	το	T-NSN	LXX_WH
Józs 18:14	G3313	μερος	N-NSN	LXX_WH
Józs 18:14	G3588	το	T-NSN	LXX_WH
Józs 18:14	G4314	προς	PREP	LXX_WH
Józs 18:14	G2281	θαλασσαν	N-ASF	LXX_WH
Józs 18:15	G2532	και	CONJ	LXX_WH
Józs 18:15	G3313	μερος	N-NSN	LXX_WH
Józs 18:15	G3588	το	T-NSN	LXX_WH
Józs 18:15	G4314	προς	PREP	LXX_WH
Józs 18:15	G3047	λιβα	N-ASM	LXX_WH
Józs 18:15	G0575	απο	PREP	LXX_WH
Józs 18:15	G3313	μερους	N-GSN	LXX_WH
Józs 18:15		καριαθβααλ	N-PRI	ELTERO_SZOVEGALAP
Józs 18:15	G2532	και	CONJ	LXX_WH
Józs 18:15	G1330	διελευσεται	V-FMI-3S	LXX_WH
Józs 18:15	G3725	ορια	N-NPN	LXX_WH
Józs 18:15	G1519	εις	PREP	LXX_WH
Józs 18:15		γασιν	N-PRI	ELTERO_SZOVEGALAP
Józs 18:15	G1909	επι	PREP	LXX_WH
Józs 18:15	G4077	πηγην	N-ASF	LXX_WH
Józs 18:15	G5204	υδατος	N-GSN	LXX_WH
Józs 18:15		ναφθω	N-PRI	ELTERO_SZOVEGALAP
Józs 18:16	G2532	και	CONJ	LXX_WH
Józs 18:16	G2597	καταβησεται	V-FMI-3S	LXX_WH
Józs 18:16	G3588	τα	T-NPN	LXX_WH
Józs 18:16	G3725	ορια	N-NPN	LXX_WH
Józs 18:16	G1909	επι	PREP	LXX_WH
Józs 18:16	G3313	μερους	N-GSN	LXX_WH
Józs 18:16	G3588	του	T-GSN	LXX_WH
Józs 18:16	G3735	ορους	N-GSN	LXX_WH
Józs 18:16	G3739	ο	R-NSN	LXX_WH
Józs 18:16	G1510	εστιν	V-PAI-3S	LXX_WH
Józs 18:16	G2596	κατα	PREP	LXX_WH
Józs 18:16	G4383	προσωπον	N-ASN	LXX_WH
Józs 18:16		ναπης	N-GSF	
Józs 18:16		ονναμ	N-PRI	
Józs 18:16	G3739	ο	R-NSN	LXX_WH
Józs 18:16	G1510	εστιν	V-PAI-3S	LXX_WH
Józs 18:16	G1537	εκ	PREP	LXX_WH
Józs 18:16	G3313	μερους	N-GSN	LXX_WH
Józs 18:16		εμεκραφαιν	N-PRI	
Józs 18:16	G0575	απο	PREP	LXX_WH
Józs 18:16		βορρα	N-GSM	
Józs 18:16	G2532	και	CONJ	LXX_WH
Józs 18:16	G2597	καταβησεται	V-FMI-3S	LXX_WH
Józs 18:16	G1909	γαιεννα	N-PRI	ABP-potolt
Józs 18:16	G1909	επι	PREP	LXX_WH
Józs 18:16	G3577	νωτου	N-GSN	ABP-potolt
Józs 18:16	G3577	ιεβουσαι	N-PRI	ABP-potolt
Józs 18:16	G0575	απο	PREP	LXX_WH
Józs 18:16	G3047	λιβος	N-GSM	LXX_WH
Józs 18:16	G2532	και	CONJ	LXX_WH
Józs 18:16	G2597	καταβησεται	V-FMI-3S	LXX_WH
Józs 18:16	G1909	επι	PREP	LXX_WH
Józs 18:16	G4077	πηγην	N-ASF	LXX_WH
Józs 18:16		ρωγηλ	N-PRI	
Józs 18:17	G2532	και	CONJ	LXX_WH
Józs 18:17	G1330	διελευσεται	V-FMI-3S	LXX_WH
Józs 18:17	G1909	επι	PREP	LXX_WH
Józs 18:17	G4077	πηγην	N-ASF	LXX_WH
Józs 18:17		βαιθσαμυς	N-PRI	ELTERO_SZOVEGALAP
Józs 18:17	G2532	και	CONJ	LXX_WH
Józs 18:17	G3928	παρελευσεται	V-FMI-3S	LXX_WH
Józs 18:17	G1909	επι	PREP	LXX_WH
Józs 18:17		γαλιλωθ	N-PRI	ELTERO_SZOVEGALAP
Józs 18:17	G3739	η	R-NSF	LXX_WH
Józs 18:17	G1510	εστιν	V-PAI-3S	LXX_WH
Józs 18:17		απεναντι	ADV	ELTERO_SZOVEGALAP
Józs 18:17	G4314	προς	PREP	LXX_WH
Józs 18:17		αναβασιν	N-ASF	ELTERO_SZOVEGALAP
Józs 18:17		αιθαμιν	N-PRI	ELTERO_SZOVEGALAP
Józs 18:17	G2532	και	CONJ	LXX_WH
Józs 18:17	G2597	καταβησεται	V-FMI-3S	LXX_WH
Józs 18:17	G1909	επι	PREP	LXX_WH
Józs 18:17	G3037	λιθον	N-ASM	LXX_WH
Józs 18:17	G0902	βαιων	N-PRI	LXX_WH
Józs 18:17	G5207	υιων	N-GPM	LXX_WH
Józs 18:17		ρουβην	N-PRI	ELTERO_SZOVEGALAP
Józs 18:18	G2532	και	CONJ	LXX_WH
Józs 18:18	G1330	διελευσεται	V-FMI-3S	LXX_WH
Józs 18:18	G2596	κατα	PREP	LXX_WH
Józs 18:18	G3577	νωτου	N-GSN	ABP-potolt
Józs 18:18	G3577	βαιθαραβα	N-PRI	ABP-potolt
Józs 18:18	G0575	απο	PREP	LXX_WH
Józs 18:18	G1005	βορρα	N-GSM	ABP-potolt
Józs 18:18	G2532	και	CONJ	LXX_WH
Józs 18:18	G2597	καταβησεται	V-FMI-3S	LXX_WH
Józs 18:19	G1909	επι	PREP	LXX_WH
Józs 18:19	G3588	τα	T-APN	LXX_WH
Józs 18:19	G3725	ορια	N-APN	LXX_WH
Józs 18:19	G1909	επι	PREP	LXX_WH
Józs 18:19		νωτου	N-GSN	ELTERO_SZOVEGALAP
Józs 18:19		βαιθαγλα	N-PRI	ELTERO_SZOVEGALAP
Józs 18:19	G0575	απο	PREP	LXX_WH
Józs 18:19		βορρα	N-GSM	ELTERO_SZOVEGALAP
Józs 18:19	G2532	και	CONJ	LXX_WH
Józs 18:19	G1510	εσται	V-FMI-3S	LXX_WH
Józs 18:19	G3588	η	T-NSF	LXX_WH
Józs 18:19		διεξοδος	N-NSF	
Józs 18:19	G3588	των	T-GPN	LXX_WH
Józs 18:19	G3725	οριων	N-GPN	LXX_WH
Józs 18:19	G1909	επι	PREP	LXX_WH
Józs 18:19	G3068	λοφιαν	N-ASF	ABP-potolt
Józs 18:19	G3588	της	T-GSF	LXX_WH
Józs 18:19	G2281	θαλασσης	N-GSF	LXX_WH
Józs 18:19	G3588	των	T-GPM	LXX_WH
Józs 18:19	G0251	αλων	N-GPM	LXX_WH
Józs 18:19	G1909	επι	PREP	LXX_WH
Józs 18:19		βορραν	N-ASM	ELTERO_SZOVEGALAP
Józs 18:19	G1519	εις	PREP	LXX_WH
Józs 18:19	G3313	μερος	N-ASN	LXX_WH
Józs 18:19	G3588	του	T-GSM	LXX_WH
Józs 18:19	G2446	ιορδανου	N-GSM	LXX_WH
Józs 18:19	G0575	απο	PREP	LXX_WH
Józs 18:19	G3047	λιβος	N-GSM	LXX_WH
Józs 18:19	G3778	ταυτα	D-NPN	LXX_WH
Józs 18:19	G3588	τα	T-NPN	LXX_WH
Józs 18:19	G3725	ορια	N-NPN	LXX_WH
Józs 18:19	G1510	εστιν	V-PAI-3S	LXX_WH
Józs 18:19	G0575	απο	PREP	LXX_WH
Józs 18:19	G3047	λιβος	N-GSM	LXX_WH
Józs 18:20	G2532	και	CONJ	LXX_WH
Józs 18:20	G3588	ο	T-NSM	LXX_WH
Józs 18:20	G2446	ιορδανης	N-NSM	LXX_WH
Józs 18:20	G3724	οριει	V-FAI-3S	LXX_WH
Józs 18:20	G0575	απο	PREP	LXX_WH
Józs 18:20	G3313	μερους	N-GSN	LXX_WH
Józs 18:20	G0395	ανατολων	N-GPF	LXX_WH
Józs 18:20	G3778	αυτη	D-NSF	LXX_WH
Józs 18:20	G3588	η	T-NSF	LXX_WH
Józs 18:20	G2817	κληρονομια	N-NSF	LXX_WH
Józs 18:20	G5207	υιων	N-GPM	LXX_WH
Józs 18:20	G0958	βενιαμιν	N-PRI	LXX_WH
Józs 18:20	G3588	τα	T-NPN	LXX_WH
Józs 18:20	G3725	ορια	N-NPN	LXX_WH
Józs 18:20	G0846	αυτης	D-GSF	LXX_WH
Józs 18:20		κυκλω	N-DSM	ELTERO_SZOVEGALAP
Józs 18:20	G2596	κατα	PREP	LXX_WH
Józs 18:20	G1218	δημους	N-APM	LXX_WH
Józs 18:21	G2532	και	CONJ	LXX_WH
Józs 18:21	G1096	εγενηθησαν	V-API-3P	LXX_WH
Józs 18:21	G3588	αι	T-NPF	LXX_WH
Józs 18:21	G4172	πολεις	N-NPF	LXX_WH
Józs 18:21	G3588	των	T-GPM	LXX_WH
Józs 18:21	G5207	υιων	N-GPM	LXX_WH
Józs 18:21	G0958	βενιαμιν	N-PRI	LXX_WH
Józs 18:21	G2596	κατα	PREP	LXX_WH
Józs 18:21	G1218	δημους	N-APM	LXX_WH
Józs 18:21	G0846	αυτων	D-GPM	LXX_WH
Józs 18:21	G2410	ιεριχω	N-PRI	LXX_WH
Józs 18:21	G2532	και	CONJ	LXX_WH
Józs 18:21		βαιθεγλιω	N-PRI	ELTERO_SZOVEGALAP
Józs 18:21	G2532	και	CONJ	LXX_WH
Józs 18:21	G2532	αμεκασις	N-PRI	ABP-potolt
Józs 18:22	G2532	και	CONJ	LXX_WH
Józs 18:22	G2532	βαιθαβαρα	N-PRI	ABP-potolt
Józs 18:22	G2532	και	CONJ	LXX_WH
Józs 18:22	G2532	σαρα	N-PRI	ABP-potolt
Józs 18:22	G2532	και	CONJ	LXX_WH
Józs 18:22	G2532	βησανα	N-PRI	ABP-potolt
Józs 18:23	G2532	και	CONJ	LXX_WH
Józs 18:23	G2532	αιιν	N-PRI	ABP-potolt
Józs 18:23	G2532	και	CONJ	LXX_WH
Józs 18:23	G2532	φαρα	N-PRI	ABP-potolt
Józs 18:23	G2532	και	CONJ	LXX_WH
Józs 18:23	G2532	εφραθα	N-PRI	ABP-potolt
Józs 18:24	G2532	και	CONJ	LXX_WH
Józs 18:24	G3588	καραφα	N-PRI	ABP-potolt
Józs 18:24	G2532	και	CONJ	LXX_WH
Józs 18:24	G3588	κεφιρα	N-PRI	ABP-potolt
Józs 18:24	G2532	και	CONJ	LXX_WH
Józs 18:24	G3588	μονι	N-PRI	ABP-potolt
Józs 18:24	G2532	και	CONJ	LXX_WH
Józs 18:24		γαβαα	N-PRI	ELTERO_SZOVEGALAP
Józs 18:24	G4172	πολεις	N-NPF	LXX_WH
Józs 18:24	G1176	δεκα	N-NUI	LXX_WH
Józs 18:24	G1417	δυο	N-NUI	LXX_WH
Józs 18:24	G2532	και	CONJ	LXX_WH
Józs 18:24	G3588	αι	T-NPF	LXX_WH
Józs 18:24	G2864	κωμαι	N-NPF	LXX_WH
Józs 18:24	G0846	αυτων	D-GPF	LXX_WH
Józs 18:25	G2532	γαβαων	N-PRI	ABP-potolt
Józs 18:25	G2532	και	CONJ	LXX_WH
Józs 18:25		ραμα	N-PRI	
Józs 18:25	G2532	και	CONJ	LXX_WH
Józs 18:25	G2532	βεηρωθα	N-PRI	ABP-potolt
Józs 18:26	G2532	και	CONJ	LXX_WH
Józs 18:26	G2532	μασσημα	N-PRI	ABP-potolt
Józs 18:26	G2532	και	CONJ	LXX_WH
Józs 18:26	G2532	μιρων	N-PRI	ABP-potolt
Józs 18:26	G2532	και	CONJ	LXX_WH
Józs 18:26	G2532	αμωκη	N-PRI	ABP-potolt
Józs 18:27	G2532	και	CONJ	LXX_WH
Józs 18:27	G2532	φιρα	N-PRI	ABP-potolt
Józs 18:27	G2532	και	CONJ	LXX_WH
Józs 18:27	G2532	καφαν	N-PRI	ABP-potolt
Józs 18:27	G2532	και	CONJ	LXX_WH
Józs 18:27	G2532	νακαν	N-PRI	ABP-potolt
Józs 18:27	G2532	και	CONJ	LXX_WH
Józs 18:27	G2532	σεληκαν	N-PRI	ABP-potolt
Józs 18:27	G2532	και	CONJ	LXX_WH
Józs 18:27	G2532	θαρεηλα	N-PRI	ABP-potolt
Józs 18:28	G2532	και	CONJ	LXX_WH
Józs 18:28		ιεβους	N-PRI	ELTERO_SZOVEGALAP
Józs 18:28	G3778	αυτη	D-NSF	LXX_WH
Józs 18:28	G1510	εστιν	V-PAI-3S	LXX_WH
Józs 18:28	G2419	ιερουσαλημ	N-PRI	LXX_WH
Józs 18:28	G2532	και	CONJ	LXX_WH
Józs 18:28	G4172	πολεις	N-NPF	LXX_WH
Józs 18:28	G2532	και	CONJ	LXX_WH
Józs 18:28		γαβαωθιαριμ	N-PRI	
Józs 18:28	G4172	πολεις	N-NPF	LXX_WH
Józs 18:28	G5140	τρεις	A-NPF	LXX_WH
Józs 18:28	G2532	και	CONJ	LXX_WH
Józs 18:28	G1176	δεκα	N-NUI	LXX_WH
Józs 18:28	G2532	και	CONJ	LXX_WH
Józs 18:28	G3588	αι	T-NPF	LXX_WH
Józs 18:28	G2864	κωμαι	N-NPF	LXX_WH
Józs 18:28	G0846	αυτων	D-GPF	LXX_WH
Józs 18:28	G3778	αυτη	D-NSF	LXX_WH
Józs 18:28	G3588	η	T-NSF	LXX_WH
Józs 18:28	G2817	κληρονομια	N-NSF	LXX_WH
Józs 18:28	G5207	υιων	N-GPM	LXX_WH
Józs 18:28	G0958	βενιαμιν	N-PRI	LXX_WH
Józs 18:28	G2596	κατα	PREP	LXX_WH
Józs 18:28	G1218	δημους	N-APM	LXX_WH
Józs 18:28	G0846	αυτων	D-GPM	LXX_WH
Józs 19:1	G2532	και	CONJ	LXX_WH
Józs 19:1	G1831	εξηλθεν	V-AAI-3S	LXX_WH
Józs 19:1	G3588	ο	T-NSM	LXX_WH
Józs 19:1	G1208	δευτερος	A-NSM	LXX_WH
Józs 19:1	G2819	κληρος	N-NSM	LXX_WH
Józs 19:1	G3588	των	T-GPM	LXX_WH
Józs 19:1	G5207	υιων	N-GPM	LXX_WH
Józs 19:1	G4826	συμεων	N-PRI	LXX_WH
Józs 19:1	G2532	και	CONJ	LXX_WH
Józs 19:1	G1096	εγενηθη	V-API-3S	LXX_WH
Józs 19:1	G3588	η	T-NSF	LXX_WH
Józs 19:1	G2817	κληρονομια	N-NSF	LXX_WH
Józs 19:1	G0846	αυτων	D-GPM	LXX_WH
Józs 19:1	G0303	ανα	PREP	LXX_WH
Józs 19:1	G3319	μεσον	A-ASN	LXX_WH
Józs 19:1	G2819	κληρων	N-GPM	LXX_WH
Józs 19:1	G5207	υιων	N-GPM	LXX_WH
Józs 19:1	G2448	ιουδα	N-PRI	LXX_WH
Józs 19:2	G2532	και	CONJ	LXX_WH
Józs 19:2	G1096	εγενηθη	V-API-3S	LXX_WH
Józs 19:2	G3588	ο	T-NSM	LXX_WH
Józs 19:2	G2819	κληρος	N-NSM	LXX_WH
Józs 19:2	G0846	αυτων	D-GPM	LXX_WH
Józs 19:2		βηρσαβεε	N-PRI	ELTERO_SZOVEGALAP
Józs 19:2	G2532	και	CONJ	LXX_WH
Józs 19:2		σαμαα	N-PRI	ELTERO_SZOVEGALAP
Józs 19:2	G2532	και	CONJ	LXX_WH
Józs 19:2	G2532	κωλαδαμ	N-PRI	ABP-potolt
Józs 19:3	G2532	και	CONJ	LXX_WH
Józs 19:3	G2532	αρσωλα	N-PRI	ABP-potolt
Józs 19:3	G2532	και	CONJ	LXX_WH
Józs 19:3	G2532	βωλα	N-PRI	ABP-potolt
Józs 19:3	G2532	και	CONJ	LXX_WH
Józs 19:3	G2532	ασομ	N-PRI	ABP-potolt
Józs 19:4	G2532	και	CONJ	LXX_WH
Józs 19:4	G2532	ελθουλα	N-PRI	ABP-potolt
Józs 19:4	G2532	και	CONJ	LXX_WH
Józs 19:4	G2532	βουλα	N-PRI	ABP-potolt
Józs 19:4	G2532	και	CONJ	LXX_WH
Józs 19:4	G2532	ερμα	N-PRI	ABP-potolt
Józs 19:5	G2532	και	CONJ	LXX_WH
Józs 19:5	G2532	σικελακ	N-PRI	ABP-potolt
Józs 19:5	G2532	και	CONJ	LXX_WH
Józs 19:5	G2532	βαιθμαχερεβ	N-PRI	ABP-potolt
Józs 19:5	G2532	και	CONJ	LXX_WH
Józs 19:5	G2532	σαρσουσιν	N-PRI	ABP-potolt
Józs 19:6	G2532	και	CONJ	LXX_WH
Józs 19:6		βαθαρωθ	N-PRI	ELTERO_SZOVEGALAP
Józs 19:6	G2532	και	CONJ	LXX_WH
Józs 19:6	G3588	οι	T-NPM	LXX_WH
Józs 19:6	G0068	αγροι	N-NPM	LXX_WH
Józs 19:6	G0846	αυτων	D-GPF	LXX_WH
Józs 19:6	G4172	πολεις	N-NPF	LXX_WH
Józs 19:6	G1176	δεκα	N-NUI	LXX_WH
Józs 19:6	G5140	τρεις	A-NPF	LXX_WH
Józs 19:6	G2532	και	CONJ	LXX_WH
Józs 19:6	G3588	αι	T-NPF	LXX_WH
Józs 19:6	G2864	κωμαι	N-NPF	LXX_WH
Józs 19:6	G0846	αυτων	D-GPF	LXX_WH
Józs 19:7	G2532	ερεμμων	N-PRI	ABP-potolt
Józs 19:7	G2532	και	CONJ	LXX_WH
Józs 19:7	G2532	θαλχα	N-PRI	ABP-potolt
Józs 19:7	G2532	και	CONJ	LXX_WH
Józs 19:7	G2532	εθερ	N-PRI	ABP-potolt
Józs 19:7	G2532	και	CONJ	LXX_WH
Józs 19:7	G2532	ασαν	N-PRI	ABP-potolt
Józs 19:7	G4172	πολεις	N-NPF	LXX_WH
Józs 19:7	G5064	τεσσαρες	N-NUI	LXX_WH
Józs 19:7	G2532	και	CONJ	LXX_WH
Józs 19:7	G3588	αι	T-NPF	LXX_WH
Józs 19:7	G2864	κωμαι	N-NPF	LXX_WH
Józs 19:7	G0846	αυτων	D-GPF	LXX_WH
Józs 19:8		κυκλω	N-DSM	ELTERO_SZOVEGALAP
Józs 19:8	G3588	των	T-GPF	LXX_WH
Józs 19:8	G4172	πολεων	N-GPF	LXX_WH
Józs 19:8	G0846	αυτων	D-GPF	LXX_WH
Józs 19:8	G2193	εως	PREP	LXX_WH
Józs 19:8		βαρεκ	N-PRI	ELTERO_SZOVEGALAP
Józs 19:8	G4198	πορευομενων	V-PMPGP	LXX_WH
Józs 19:8		βαμεθ	N-PRI	ELTERO_SZOVEGALAP
Józs 19:8	G2596	κατα	PREP	LXX_WH
Józs 19:8	G3047	λιβα	N-ASM	LXX_WH
Józs 19:8	G3778	αυτη	D-NSF	LXX_WH
Józs 19:8	G3588	η	T-NSF	LXX_WH
Józs 19:8	G2817	κληρονομια	N-NSF	LXX_WH
Józs 19:8	G5443	φυλης	N-GSF	LXX_WH
Józs 19:8	G5207	υιων	N-GPM	LXX_WH
Józs 19:8	G4826	συμεων	N-PRI	LXX_WH
Józs 19:8	G2596	κατα	PREP	LXX_WH
Józs 19:8	G1218	δημους	N-APM	LXX_WH
Józs 19:8	G0846	αυτων	D-GPM	LXX_WH
Józs 19:9	G0575	απο	PREP	LXX_WH
Józs 19:9	G3588	του	T-GSM	LXX_WH
Józs 19:9	G2819	κληρου	N-GSM	LXX_WH
Józs 19:9	G2448	ιουδα	N-PRI	LXX_WH
Józs 19:9	G3588	η	T-NSF	LXX_WH
Józs 19:9	G2817	κληρονομια	N-NSF	LXX_WH
Józs 19:9	G5443	φυλης	N-GSF	LXX_WH
Józs 19:9	G5207	υιων	N-GPM	LXX_WH
Józs 19:9	G4826	συμεων	N-PRI	LXX_WH
Józs 19:9	G3754	οτι	CONJ	LXX_WH
Józs 19:9	G1096	εγενηθη	V-API-3S	LXX_WH
Józs 19:9	G3588	η	T-NSF	LXX_WH
Józs 19:9	G3310	μερις	N-NSF	LXX_WH
Józs 19:9	G5207	υιων	N-GPM	LXX_WH
Józs 19:9	G2448	ιουδα	N-PRI	LXX_WH
Józs 19:9	G3173	μειζων	A-NSF	LXX_WH
Józs 19:9	G3588	της	T-GSF	LXX_WH
Józs 19:9	G0846	αυτων	D-GPM	LXX_WH
Józs 19:9	G2532	και	CONJ	LXX_WH
Józs 19:9	G2816	εκληρονομησαν	V-AAI-3P	LXX_WH
Józs 19:9	G3588	οι	T-NPM	LXX_WH
Józs 19:9	G5207	υιοι	N-NPM	LXX_WH
Józs 19:9	G4826	συμεων	N-PRI	LXX_WH
Józs 19:9	G1722	εν	PREP	LXX_WH
Józs 19:9	G3319	μεσω	A-DSN	LXX_WH
Józs 19:9	G3588	του	T-GSM	LXX_WH
Józs 19:9	G2819	κληρου	N-GSM	LXX_WH
Józs 19:9	G0846	αυτων	D-GPM	LXX_WH
Józs 19:10	G2532	και	CONJ	LXX_WH
Józs 19:10	G1831	εξηλθεν	V-AAI-3S	LXX_WH
Józs 19:10	G3588	ο	T-NSM	LXX_WH
Józs 19:10	G2819	κληρος	N-NSM	LXX_WH
Józs 19:10	G3588	ο	T-NSM	LXX_WH
Józs 19:10	G5154	τριτος	A-NSM	LXX_WH
Józs 19:10	G3588	τω	T-DSM	LXX_WH
Józs 19:10	G2194	ζαβουλων	N-PRI	LXX_WH
Józs 19:10	G2596	κατα	PREP	LXX_WH
Józs 19:10	G1218	δημους	N-APM	LXX_WH
Józs 19:10	G0846	αυτων	D-GPM	LXX_WH
Józs 19:10	G1510	εσται	V-FMI-3S	LXX_WH
Józs 19:10	G3588	τα	T-NPN	LXX_WH
Józs 19:10	G3725	ορια	N-NPN	LXX_WH
Józs 19:10	G3588	της	T-GSF	LXX_WH
Józs 19:10	G2817	κληρονομιας	N-GSF	LXX_WH
Józs 19:10	G0846	αυτων	D-GPM	LXX_WH
Józs 19:10		εσεδεκ	N-PRI	ELTERO_SZOVEGALAP
Józs 19:11		γωλα	N-PRI	ELTERO_SZOVEGALAP
Józs 19:11	G3725	ορια	N-NPN	LXX_WH
Józs 19:11	G0846	αυτων	D-GPM	LXX_WH
Józs 19:11	G3588	η	T-NSF	LXX_WH
Józs 19:11	G2281	θαλασσα	N-NSF	LXX_WH
Józs 19:11	G2532	και	CONJ	LXX_WH
Józs 19:11		μαραγελλα	N-PRI	ELTERO_SZOVEGALAP
Józs 19:11	G2532	και	CONJ	LXX_WH
Józs 19:11	G4882	συναψει	V-FAI-3S	ABP-potolt
Józs 19:11	G1909	επι	PREP	LXX_WH
Józs 19:11		βαιθαραβα	N-PRI	ELTERO_SZOVEGALAP
Józs 19:11	G1519	εις	PREP	LXX_WH
Józs 19:11	G3588	την	T-ASF	LXX_WH
Józs 19:11	G5327	φαραγγα	N-ASF	LXX_WH
Józs 19:11	G3739	η	R-NSF	LXX_WH
Józs 19:11	G1510	εστιν	V-PAI-3S	LXX_WH
Józs 19:11	G2596	κατα	PREP	LXX_WH
Józs 19:11	G4383	προσωπον	N-ASN	LXX_WH
Józs 19:11		ιεκμαν	N-PRI	ELTERO_SZOVEGALAP
Józs 19:12	G2532	και	CONJ	LXX_WH
Józs 19:12	G0390	ανεστρεψεν	V-AAI-3S	LXX_WH
Józs 19:12	G0575	απο	PREP	LXX_WH
Józs 19:12		σεδδουκ	N-PRI	
Józs 19:12	G1537	εξ	PREP	LXX_WH
Józs 19:12	G1727	εναντιας	A-GSF	LXX_WH
Józs 19:12	G0575	απ	PREP	LXX_WH
Józs 19:12	G0395	ανατολων	N-GPF	LXX_WH
Józs 19:12		βαιθσαμυς	N-PRI	
Józs 19:12	G1909	επι	PREP	LXX_WH
Józs 19:12	G3588	τα	T-APN	LXX_WH
Józs 19:12	G3725	ορια	N-APN	LXX_WH
Józs 19:12		χασελωθαιθ	N-PRI	
Józs 19:12	G2532	και	CONJ	LXX_WH
Józs 19:12	G1330	διελευσεται	V-FMI-3S	LXX_WH
Józs 19:12	G1909	επι	PREP	LXX_WH
Józs 19:12		δαβιρωθ	N-PRI	
Józs 19:12	G2532	και	CONJ	LXX_WH
Józs 19:12	G4320	προσαναβησεται	V-FMI-3S	LXX_WH
Józs 19:12	G1909	επι	PREP	LXX_WH
Józs 19:12		φαγγαι	N-PRI	
Józs 19:13	G2532	και	CONJ	LXX_WH
Józs 19:13	G1564	εκειθεν	ADV	LXX_WH
Józs 19:13	G4022	περιελευσεται	V-FMI-3S	LXX_WH
Józs 19:13	G1537	εξ	PREP	LXX_WH
Józs 19:13	G1727	εναντιας	A-GSF	LXX_WH
Józs 19:13	G1909	επ	PREP	LXX_WH
Józs 19:13	G0395	ανατολας	N-APF	LXX_WH
Józs 19:13	G1909	επι	PREP	LXX_WH
Józs 19:13		γεβερε	N-PRI	ELTERO_SZOVEGALAP
Józs 19:13	G1909	επι	PREP	LXX_WH
Józs 19:13	G4172	πολιν	N-ASF	LXX_WH
Józs 19:13		κατασεμ	N-PRI	ELTERO_SZOVEGALAP
Józs 19:13	G2532	και	CONJ	LXX_WH
Józs 19:13	G1330	διελευσεται	V-FMI-3S	LXX_WH
Józs 19:13	G1909	επι	PREP	LXX_WH
Józs 19:13		ρεμμωνα	N-PRI	ELTERO_SZOVEGALAP
Józs 19:13		αμαθαρ	N-PRI	ELTERO_SZOVEGALAP
Józs 19:13		αοζα	N-PRI	ELTERO_SZOVEGALAP
Józs 19:14	G2532	και	CONJ	LXX_WH
Józs 19:14	G4022	περιελευσεται	V-FMI-3S	LXX_WH
Józs 19:14	G3725	ορια	N-NPN	LXX_WH
Józs 19:14	G1909	επι	PREP	LXX_WH
Józs 19:14	G1005	βορραν	N-ASM	ABP-potolt
Józs 19:14	G1909	επι	PREP	LXX_WH
Józs 19:14		αμωθ	N-PRI	ELTERO_SZOVEGALAP
Józs 19:14	G2532	και	CONJ	LXX_WH
Józs 19:14	G1510	εσται	V-FMI-3S	LXX_WH
Józs 19:14	G3588	η	T-NSF	LXX_WH
Józs 19:14		διεξοδος	N-NSF	ELTERO_SZOVEGALAP
Józs 19:14	G0846	αυτων	D-GPN	LXX_WH
Józs 19:14	G1909	επι	PREP	LXX_WH
Józs 19:14		γαιφαηλ	N-PRI	ELTERO_SZOVEGALAP
Józs 19:15	G2532	και	CONJ	LXX_WH
Józs 19:15	G2532	καταναθ	N-PRI	ABP-potolt
Józs 19:15	G2532	και	CONJ	LXX_WH
Józs 19:15	G2532	ναβααλ	N-PRI	ABP-potolt
Józs 19:15	G2532	και	CONJ	LXX_WH
Józs 19:15	G2532	συμοων	N-PRI	ABP-potolt
Józs 19:15	G2532	και	CONJ	LXX_WH
Józs 19:15	G2410	ιεριχω	N-PRI	LXX_WH
Józs 19:15	G2532	και	CONJ	LXX_WH
Józs 19:15		βαιθμαν	N-PRI	ELTERO_SZOVEGALAP
Józs 19:16	G3778	αυτη	D-NSF	LXX_WH
Józs 19:16	G3588	η	T-NSF	LXX_WH
Józs 19:16	G2817	κληρονομια	N-NSF	LXX_WH
Józs 19:16	G5443	φυλης	N-GSF	LXX_WH
Józs 19:16	G5207	υιων	N-GPM	LXX_WH
Józs 19:16	G2194	ζαβουλων	N-PRI	LXX_WH
Józs 19:16	G2596	κατα	PREP	LXX_WH
Józs 19:16	G1218	δημους	N-APM	LXX_WH
Józs 19:16	G0846	αυτων	D-GPM	LXX_WH
Józs 19:16	G4172	πολεις	N-NPF	LXX_WH
Józs 19:16	G2532	και	CONJ	LXX_WH
Józs 19:16	G3588	αι	T-NPF	LXX_WH
Józs 19:16	G2864	κωμαι	N-NPF	LXX_WH
Józs 19:16	G0846	αυτων	D-GPM	LXX_WH
Józs 19:17	G2532	και	CONJ	LXX_WH
Józs 19:17	G3588	τω	T-DSM	LXX_WH
Józs 19:17		ισσαχαρ	N-PRI	
Józs 19:17	G1831	εξηλθεν	V-AAI-3S	LXX_WH
Józs 19:17	G3588	ο	T-NSM	LXX_WH
Józs 19:17	G2819	κληρος	N-NSM	LXX_WH
Józs 19:17	G3588	ο	T-NSM	LXX_WH
Józs 19:17	G5067	τεταρτος	A-NSM	LXX_WH
Józs 19:18	G2532	και	CONJ	LXX_WH
Józs 19:18	G1096	εγενηθη	V-API-3S	LXX_WH
Józs 19:18	G3588	τα	T-NPN	LXX_WH
Józs 19:18	G3725	ορια	N-NPN	LXX_WH
Józs 19:18	G0846	αυτων	D-GPM	LXX_WH
Józs 19:18		ιαζηλ	N-PRI	ELTERO_SZOVEGALAP
Józs 19:18	G2532	και	CONJ	LXX_WH
Józs 19:18		χασαλωθ	N-PRI	ELTERO_SZOVEGALAP
Józs 19:18	G2532	και	CONJ	LXX_WH
Józs 19:18	G2532	σουναν	N-PRI	ABP-potolt
Józs 19:19	G2532	και	CONJ	LXX_WH
Józs 19:19	G2532	αγιν	N-PRI	ABP-potolt
Józs 19:19	G2532	και	CONJ	LXX_WH
Józs 19:19	G2532	σιωνα	N-PRI	ABP-potolt
Józs 19:19	G2532	και	CONJ	LXX_WH
Józs 19:19	G2532	ρεηρωθ	N-PRI	ABP-potolt
Józs 19:19	G2532	και	CONJ	LXX_WH
Józs 19:19	G2532	αναχερεθ	N-PRI	ABP-potolt
Józs 19:20	G2532	και	CONJ	LXX_WH
Józs 19:20	G2532	δαβιρων	N-PRI	ABP-potolt
Józs 19:20	G2532	και	CONJ	LXX_WH
Józs 19:20	G2532	κισων	N-PRI	ABP-potolt
Józs 19:20	G2532	και	CONJ	LXX_WH
Józs 19:20	G2532	ρεβες	N-PRI	ABP-potolt
Józs 19:21	G2532	και	CONJ	LXX_WH
Józs 19:21	G2532	ρεμμας	N-PRI	ABP-potolt
Józs 19:21	G2532	και	CONJ	LXX_WH
Józs 19:21	G2532	ιεων	N-PRI	ABP-potolt
Józs 19:21	G2532	και	CONJ	LXX_WH
Józs 19:21	G2532	τομμαν	N-PRI	ABP-potolt
Józs 19:21	G2532	και	CONJ	LXX_WH
Józs 19:21	G2532	αιμαρεκ	N-PRI	ABP-potolt
Józs 19:21	G2532	και	CONJ	LXX_WH
Józs 19:21	G2532	βηρσαφης	N-PRI	ABP-potolt
Józs 19:22	G2532	και	CONJ	LXX_WH
Józs 19:22		συναψει	V-FAI-3S	
Józs 19:22	G3588	τα	T-NPN	LXX_WH
Józs 19:22	G3725	ορια	N-NPN	LXX_WH
Józs 19:22	G1909	επι	PREP	LXX_WH
Józs 19:22	G2532	γαιθβωρ	N-PRI	ABP-potolt
Józs 19:22	G2532	και	CONJ	LXX_WH
Józs 19:22	G1909	επι	PREP	LXX_WH
Józs 19:22		σαλιμ	N-PRI	ELTERO_SZOVEGALAP
Józs 19:22	G2596	κατα	PREP	LXX_WH
Józs 19:22	G2281	θαλασσαν	N-ASF	LXX_WH
Józs 19:22	G2532	και	CONJ	LXX_WH
Józs 19:22	G1909	βαιθσαμυς	N-PRI	ABP-potolt
Józs 19:22	G2532	και	CONJ	LXX_WH
Józs 19:22	G1510	εσται	V-FMI-3S	LXX_WH
Józs 19:22	G0846	αυτου	D-GSM	LXX_WH
Józs 19:22	G3588	η	T-NSF	LXX_WH
Józs 19:22		διεξοδος	N-NSF	
Józs 19:22	G3588	των	T-GPN	LXX_WH
Józs 19:22	G3725	οριων	N-GPN	LXX_WH
Józs 19:22	G3588	ο	T-NSM	LXX_WH
Józs 19:22	G2446	ιορδανης	N-NSM	LXX_WH
Józs 19:23	G3778	αυτη	D-NSF	LXX_WH
Józs 19:23	G3588	η	T-NSF	LXX_WH
Józs 19:23	G2817	κληρονομια	N-NSF	LXX_WH
Józs 19:23	G5443	φυλης	N-GSF	LXX_WH
Józs 19:23	G5207	υιων	N-GPM	LXX_WH
Józs 19:23		ισσαχαρ	N-PRI	ELTERO_SZOVEGALAP
Józs 19:23	G2596	κατα	PREP	LXX_WH
Józs 19:23	G1218	δημους	N-APM	LXX_WH
Józs 19:23	G0846	αυτων	D-GPM	LXX_WH
Józs 19:23	G3588	αι	T-NPF	LXX_WH
Józs 19:23	G4172	πολεις	N-NPF	LXX_WH
Józs 19:23	G2532	και	CONJ	LXX_WH
Józs 19:23	G3588	αι	T-NPF	LXX_WH
Józs 19:23	G2864	κωμαι	N-NPF	LXX_WH
Józs 19:23	G0846	αυτων	D-GPF	LXX_WH
Józs 19:24	G2532	και	CONJ	LXX_WH
Józs 19:24	G1831	εξηλθεν	V-AAI-3S	LXX_WH
Józs 19:24	G3588	ο	T-NSM	LXX_WH
Józs 19:24	G2819	κληρος	N-NSM	LXX_WH
Józs 19:24	G3588	ο	T-NSM	LXX_WH
Józs 19:24	G3991	πεμπτος	A-NSM	LXX_WH
Józs 19:24	G0768	ασηρ	N-PRI	LXX_WH
Józs 19:25	G2532	και	CONJ	LXX_WH
Józs 19:25	G1096	εγενηθη	V-API-3S	LXX_WH
Józs 19:25	G3588	τα	T-NPN	LXX_WH
Józs 19:25	G3725	ορια	N-NPN	LXX_WH
Józs 19:25	G0846	αυτων	D-GPM	LXX_WH
Józs 19:25	G1537	εξ	PREP	LXX_WH
Józs 19:25		ελεκεθ	N-PRI	ELTERO_SZOVEGALAP
Józs 19:25	G2532	και	CONJ	LXX_WH
Józs 19:25	G2532	αλεφ	N-PRI	ABP-potolt
Józs 19:25	G2532	και	CONJ	LXX_WH
Józs 19:25	G2532	βαιθοκ	N-PRI	ABP-potolt
Józs 19:25	G2532	και	CONJ	LXX_WH
Józs 19:25	G2532	κεαφ	N-PRI	ABP-potolt
Józs 19:26	G2532	και	CONJ	LXX_WH
Józs 19:26		ελιμελεκ	N-PRI	
Józs 19:26	G2532	και	CONJ	LXX_WH
Józs 19:26		αμιηλ	N-PRI	
Józs 19:26	G2532	και	CONJ	LXX_WH
Józs 19:26		μαασα	N-PRI	
Józs 19:26	G2532	και	CONJ	LXX_WH
Józs 19:26	G4882	συναψει	V-FAI-3S	ABP-potolt
Józs 19:26	G3588	τω	T-DS	LXX_WH
Józs 19:26		καρμηλω	N-DS	ELTERO_SZOVEGALAP
Józs 19:26	G2596	κατα	PREP	LXX_WH
Józs 19:26	G2281	θαλασσαν	N-ASF	LXX_WH
Józs 19:26	G2532	και	CONJ	LXX_WH
Józs 19:26	G3588	τω	T-DSM	LXX_WH
Józs 19:26	G4622	σιων	N-PRI	LXX_WH
Józs 19:26	G2532	και	CONJ	LXX_WH
Józs 19:26		λαβαναθ	N-PRI	ELTERO_SZOVEGALAP
Józs 19:27	G2532	και	CONJ	LXX_WH
Józs 19:27	G1994	επιστρεψει	V-FAI-3S	LXX_WH
Józs 19:27	G0575	απ	PREP	LXX_WH
Józs 19:27	G0395	ανατολων	N-GPF	LXX_WH
Józs 19:27	G2246	ηλιου	N-GSM	LXX_WH
Józs 19:27	G2532	και	CONJ	LXX_WH
Józs 19:27		βαιθεγενεθ	N-PRI	ELTERO_SZOVEGALAP
Józs 19:27	G2532	και	CONJ	LXX_WH
Józs 19:27	G4882	συναψει	V-FAI-3S	ABP-potolt
Józs 19:27	G3588	τω	T-DSM	LXX_WH
Józs 19:27	G2194	ζαβουλων	N-PRI	LXX_WH
Józs 19:27	G2532	και	CONJ	LXX_WH
Józs 19:27	G1537	εκ	PREP	LXX_WH
Józs 19:27		γαι	N-PRI	ELTERO_SZOVEGALAP
Józs 19:27	G2532	και	CONJ	LXX_WH
Józs 19:27	G1722	φθαιηλ	N-PRI	ABP-potolt
Józs 19:27	G2596	κατα	PREP	LXX_WH
Józs 19:27	G1005	βορραν	N-ASM	ABP-potolt
Józs 19:27	G2532	και	CONJ	LXX_WH
Józs 19:27	G1525	εισελευσεται	V-FMI-3S	LXX_WH
Józs 19:27	G3725	ορια	N-NPN	LXX_WH
Józs 19:27		σαφθαιβαιθμε	N-PRI	ELTERO_SZOVEGALAP
Józs 19:27	G2532	και	CONJ	LXX_WH
Józs 19:27		ιναηλ	N-PRI	ELTERO_SZOVEGALAP
Józs 19:27	G2532	και	CONJ	LXX_WH
Józs 19:27	G1330	διελευσεται	V-FMI-3S	LXX_WH
Józs 19:27	G1519	εις	PREP	LXX_WH
Józs 19:27		χωβα	N-PRI	ELTERO_SZOVEGALAP
Józs 19:27		μασομελ	N-PRI	ELTERO_SZOVEGALAP
Józs 19:28	G2532	και	CONJ	LXX_WH
Józs 19:28	G2532	ελβων	N-PRI	ABP-potolt
Józs 19:28	G2532	και	CONJ	LXX_WH
Józs 19:28	G2532	ρααβ	N-PRI	ABP-potolt
Józs 19:28	G2532	και	CONJ	LXX_WH
Józs 19:28	G2532	εμεμαων	N-PRI	ABP-potolt
Józs 19:28	G2532	και	CONJ	LXX_WH
Józs 19:28	G2532	κανθαν	N-PRI	ABP-potolt
Józs 19:28	G2193	εως	PREP	LXX_WH
Józs 19:28	G4605	σιδωνος	N-GSF	LXX_WH
Józs 19:28	G3588	της	T-GSF	LXX_WH
Józs 19:28	G3173	μεγαλης	A-GSF	LXX_WH
Józs 19:29	G2532	και	CONJ	LXX_WH
Józs 19:29	G0390	αναστρεψει	V-FAI-3S	LXX_WH
Józs 19:29	G3588	τα	T-NPN	LXX_WH
Józs 19:29	G3725	ορια	N-NPN	LXX_WH
Józs 19:29	G1519	εις	PREP	LXX_WH
Józs 19:29		ραμα	N-PRI	ELTERO_SZOVEGALAP
Józs 19:29	G2532	και	CONJ	LXX_WH
Józs 19:29	G2193	εως	PREP	LXX_WH
Józs 19:29	G4077	πηγης	N-GSF	LXX_WH
Józs 19:29		μασφασσατ	N-PRI	ELTERO_SZOVEGALAP
Józs 19:29	G2532	και	CONJ	LXX_WH
Józs 19:29	G3588	των	T-GPM	LXX_WH
Józs 19:29	G5183	τυριων	N-GPM	LXX_WH
Józs 19:29	G2532	και	CONJ	LXX_WH
Józs 19:29	G0390	αναστρεψει	V-FAI-3S	LXX_WH
Józs 19:29	G3588	τα	T-NPN	LXX_WH
Józs 19:29	G3725	ορια	N-NPN	LXX_WH
Józs 19:29	G1909	επι	PREP	LXX_WH
Józs 19:29		ιασιφ	N-PRI	ELTERO_SZOVEGALAP
Józs 19:29	G2532	και	CONJ	LXX_WH
Józs 19:29	G1510	εσται	V-FMI-3S	LXX_WH
Józs 19:29	G3588	η	T-NSF	LXX_WH
Józs 19:29		διεξοδος	N-NSF	ELTERO_SZOVEGALAP
Józs 19:29	G0846	αυτου	D-GSN	LXX_WH
Józs 19:29	G3588	η	T-NSF	LXX_WH
Józs 19:29	G2281	θαλασσα	N-NSF	LXX_WH
Józs 19:29	G2532	και	CONJ	LXX_WH
Józs 19:29	G0575	απο	PREP	LXX_WH
Józs 19:29		λεβ	N-PRI	ELTERO_SZOVEGALAP
Józs 19:29	G2532	και	CONJ	LXX_WH
Józs 19:29		εχοζοβ	N-PRI	ELTERO_SZOVEGALAP
Józs 19:30	G2532	και	CONJ	LXX_WH
Józs 19:30	G2532	αρχωβ	N-PRI	ABP-potolt
Józs 19:30	G2532	και	CONJ	LXX_WH
Józs 19:30	G2532	αφεκ	N-PRI	ABP-potolt
Józs 19:30	G2532	και	CONJ	LXX_WH
Józs 19:30		ρααυ	N-PRI	
Józs 19:31	G3778	αυτη	D-NSF	LXX_WH
Józs 19:31	G3588	η	T-NSF	LXX_WH
Józs 19:31	G2817	κληρονομια	N-NSF	LXX_WH
Józs 19:31	G5443	φυλης	N-GSF	LXX_WH
Józs 19:31	G5207	υιων	N-GPM	LXX_WH
Józs 19:31	G0768	ασηρ	N-PRI	LXX_WH
Józs 19:31	G2596	κατα	PREP	LXX_WH
Józs 19:31	G1218	δημους	N-APM	LXX_WH
Józs 19:31	G0846	αυτων	D-GPM	LXX_WH
Józs 19:31	G4172	πολεις	N-NPF	LXX_WH
Józs 19:31	G2532	και	CONJ	LXX_WH
Józs 19:31	G3588	αι	T-NPF	LXX_WH
Józs 19:31	G2864	κωμαι	N-NPF	LXX_WH
Józs 19:31	G0846	αυτων	D-GPF	LXX_WH
Józs 19:32	G2532	και	CONJ	LXX_WH
Józs 19:32	G3588	τω	T-DSM	LXX_WH
Józs 19:32		νεφθαλι	N-PRI	ELTERO_SZOVEGALAP
Józs 19:32	G1831	εξηλθεν	V-AAI-3S	LXX_WH
Józs 19:32	G3588	ο	T-NSM	LXX_WH
Józs 19:32	G2819	κληρος	N-NSM	LXX_WH
Józs 19:32	G3588	ο	T-NSM	LXX_WH
Józs 19:32	G1622	εκτος	A-NSM	LXX_WH
Józs 19:33	G2532	και	CONJ	LXX_WH
Józs 19:33	G1096	εγενηθη	V-API-3S	LXX_WH
Józs 19:33	G3588	τα	T-NPN	LXX_WH
Józs 19:33	G3725	ορια	N-NPN	LXX_WH
Józs 19:33	G0846	αυτων	D-GPM	LXX_WH
Józs 19:33		μοολαμ	N-PRI	ELTERO_SZOVEGALAP
Józs 19:33	G2532	και	CONJ	LXX_WH
Józs 19:33		μωλα	N-PRI	
Józs 19:33	G2532	και	CONJ	LXX_WH
Józs 19:33		βεσεμιιν	N-PRI	
Józs 19:33	G2532	και	CONJ	LXX_WH
Józs 19:33		αρμε	N-PRI	
Józs 19:33	G2532	και	CONJ	LXX_WH
Józs 19:33		ναβωκ	N-PRI	
Józs 19:33	G2532	και	CONJ	LXX_WH
Józs 19:33	G2532	ιεφθαμαι	N-PRI	ABP-potolt
Józs 19:33	G2193	εως	PREP	LXX_WH
Józs 19:33		δωδαμ	N-PRI	ELTERO_SZOVEGALAP
Józs 19:33	G2532	και	CONJ	LXX_WH
Józs 19:33	G1096	εγενηθησαν	V-API-3P	LXX_WH
Józs 19:33	G3588	αι	T-NPF	LXX_WH
Józs 19:33		διεξοδοι	N-NPF	ELTERO_SZOVEGALAP
Józs 19:33	G0846	αυτου	D-GSM	LXX_WH
Józs 19:33	G3588	ο	T-NSM	LXX_WH
Józs 19:33	G2446	ιορδανης	N-NSM	LXX_WH
Józs 19:34	G2532	και	CONJ	LXX_WH
Józs 19:34	G1994	επιστρεψει	V-FAI-3S	LXX_WH
Józs 19:34	G3588	τα	T-NPN	LXX_WH
Józs 19:34	G3725	ορια	N-NPN	LXX_WH
Józs 19:34	G1909	επι	PREP	LXX_WH
Józs 19:34	G2281	θαλασσαν	N-ASF	LXX_WH
Józs 19:34		εναθ	N-PRI	ELTERO_SZOVEGALAP
Józs 19:34		θαβωρ	N-PRI	ELTERO_SZOVEGALAP
Józs 19:34	G2532	και	CONJ	LXX_WH
Józs 19:34	G1330	διελευσεται	V-FMI-3S	LXX_WH
Józs 19:34	G1564	εκειθεν	ADV	LXX_WH
Józs 19:34	G1519	ιακανα	N-PRI	ABP-potolt
Józs 19:34	G2532	και	CONJ	LXX_WH
Józs 19:34		συναψει	V-FAI-3S	
Józs 19:34	G3588	τω	T-DSM	LXX_WH
Józs 19:34	G2194	ζαβουλων	N-PRI	LXX_WH
Józs 19:34	G0575	απο	PREP	LXX_WH
Józs 19:34	G3558	νοτου	N-GSM	LXX_WH
Józs 19:34	G2532	και	CONJ	LXX_WH
Józs 19:34	G0768	ασηρ	N-PRI	LXX_WH
Józs 19:34		συναψει	V-FAI-3S	ELTERO_SZOVEGALAP
Józs 19:34	G2596	κατα	PREP	LXX_WH
Józs 19:34	G2281	θαλασσαν	N-ASF	LXX_WH
Józs 19:34	G2532	και	CONJ	LXX_WH
Józs 19:34	G3588	ο	T-NSM	LXX_WH
Józs 19:34	G2446	ιορδανης	N-NSM	LXX_WH
Józs 19:34	G0575	απ	PREP	LXX_WH
Józs 19:34	G0395	ανατολων	N-GPF	LXX_WH
Józs 19:34	G2246	ηλιου	N-GSM	LXX_WH
Józs 19:35	G2532	και	CONJ	LXX_WH
Józs 19:35	G3588	αι	T-NPF	LXX_WH
Józs 19:35	G4172	πολεις	N-NPF	LXX_WH
Józs 19:35	G5037	τειχηρεις	A-NPF	ABP-potolt
Józs 19:35	G3588	των	T-GPM	LXX_WH
Józs 19:35	G5183	τυριων	N-GPM	LXX_WH
Józs 19:35	G5184	τυρος	N-NS	LXX_WH
Józs 19:35	G2532	και	CONJ	LXX_WH
Józs 19:35	G2532	ωμαθα	N-PRI	ABP-potolt
Józs 19:35	G2532	δακεθ	N-PRI	ABP-potolt
Józs 19:35	G2532	και	CONJ	LXX_WH
Józs 19:35	G2532	κενερεθ	N-PRI	ABP-potolt
Józs 19:36	G2532	και	CONJ	LXX_WH
Józs 19:36	G2532	αρμαιθ	N-PRI	ABP-potolt
Józs 19:36	G2532	και	CONJ	LXX_WH
Józs 19:36	G2532	αραηλ	N-PRI	ABP-potolt
Józs 19:36	G2532	και	CONJ	LXX_WH
Józs 19:36	G2532	ασωρ	N-PRI	ABP-potolt
Józs 19:37	G2532	και	CONJ	LXX_WH
Józs 19:37	G2532	καδες	N-PRI	ABP-potolt
Józs 19:37	G2532	και	CONJ	LXX_WH
Józs 19:37	G2532	ασσαρι	N-PRI	ABP-potolt
Józs 19:37	G2532	και	CONJ	LXX_WH
Józs 19:37	G4077	πηγη	N-NSF	LXX_WH
Józs 19:37		ασορ	N-PRI	
Józs 19:38	G2532	και	CONJ	LXX_WH
Józs 19:38		κερωε	N-PRI	
Józs 19:38	G2532	και	CONJ	LXX_WH
Józs 19:38		μεγαλα	N-PRI	
Józs 19:38		αριμ	N-PRI	
Józs 19:38	G2532	και	CONJ	LXX_WH
Józs 19:38		βαιθθαμε	N-PRI	
Józs 19:38	G2532	και	CONJ	LXX_WH
Józs 19:38		θεσσαμυς	N-PRI	
Józs 19:39	G3778	αυτη	D-NSF	LXX_WH
Józs 19:39	G3588	η	T-NSF	LXX_WH
Józs 19:39	G2817	κληρονομια	N-NSF	LXX_WH
Józs 19:39	G5443	φυλης	N-GSF	LXX_WH
Józs 19:39	G5207	υιων	N-GPM	LXX_WH
Józs 19:39		νεφθαλι	N-PRI	
Józs 19:40	G2532	και	CONJ	LXX_WH
Józs 19:40	G3588	τω	T-DSM	LXX_WH
Józs 19:40		δαν	N-PRI	
Józs 19:40	G1831	εξηλθεν	V-AAI-3S	LXX_WH
Józs 19:40	G3588	ο	T-NSM	LXX_WH
Józs 19:40	G2819	κληρος	N-NSM	LXX_WH
Józs 19:40	G3588	ο	T-NSM	LXX_WH
Józs 19:40	G1442	εβδομος	A-NSM	LXX_WH
Józs 19:41	G2532	και	CONJ	LXX_WH
Józs 19:41	G1096	εγενηθη	V-API-3S	LXX_WH
Józs 19:41	G3588	τα	T-NPN	LXX_WH
Józs 19:41	G3725	ορια	N-NPN	LXX_WH
Józs 19:41	G0846	αυτων	D-GPM	LXX_WH
Józs 19:41		σαραθ	N-PRI	ELTERO_SZOVEGALAP
Józs 19:41	G2532	και	CONJ	LXX_WH
Józs 19:41	G0760	ασα	N-PRI	LXX_WH
Józs 19:41	G4172	πολεις	N-NPF	LXX_WH
Józs 19:41		σαμμαυς	N-PRI	ELTERO_SZOVEGALAP
Józs 19:42	G2532	και	CONJ	LXX_WH
Józs 19:42	G2532	σαλαβιν	N-PRI	ABP-potolt
Józs 19:42	G2532	και	CONJ	LXX_WH
Józs 19:42	G2532	αμμων	N-PRI	ABP-potolt
Józs 19:42	G2532	και	CONJ	LXX_WH
Józs 19:42	G2532	σιλαθα	N-PRI	ABP-potolt
Józs 19:43	G2532	και	CONJ	LXX_WH
Józs 19:43	G2532	αιλων	N-PRI	ABP-potolt
Józs 19:43	G2532	και	CONJ	LXX_WH
Józs 19:43	G2532	θαμναθα	N-PRI	ABP-potolt
Józs 19:43	G2532	και	CONJ	LXX_WH
Józs 19:43	G2532	ακκαρων	N-PRI	ABP-potolt
Józs 19:44	G2532	και	CONJ	LXX_WH
Józs 19:44	G2532	αλκαθα	N-PRI	ABP-potolt
Józs 19:44	G2532	και	CONJ	LXX_WH
Józs 19:44	G2532	βεγεθων	N-PRI	ABP-potolt
Józs 19:44	G2532	και	CONJ	LXX_WH
Józs 19:44	G2532	γεβεελαν	N-PRI	ABP-potolt
Józs 19:45	G2532	και	CONJ	LXX_WH
Józs 19:45	G0107	αζωρ	N-PRI	LXX_WH
Józs 19:45	G2532	και	CONJ	LXX_WH
Józs 19:45	G2532	βαναιβακατ	N-PRI	ABP-potolt
Józs 19:45	G2532	και	CONJ	LXX_WH
Józs 19:45	G2532	γεθρεμμων	N-PRI	ABP-potolt
Józs 19:46	G2532	και	CONJ	LXX_WH
Józs 19:46	G0575	απο	PREP	LXX_WH
Józs 19:46	G2281	θαλασσης	N-GSF	LXX_WH
Józs 19:46	G2532	ιερακων	N-PRI	ABP-potolt
Józs 19:46	G3725	οριον	N-NSN	LXX_WH
Józs 19:46	G4139	πλησιον	PREP	LXX_WH
Józs 19:46		ιοππης	N-PRI	
Józs 19:49	G2532	και	CONJ	LXX_WH
Józs 19:49	G4198	επορευθησαν	V-API-3P	LXX_WH
Józs 19:49	G1687	εμβατευσαι	V-AAN	LXX_WH
Józs 19:49	G3588	την	T-ASF	LXX_WH
Józs 19:49	G1065	γην	N-ASF	LXX_WH
Józs 19:49	G2596	κατα	PREP	LXX_WH
Józs 19:49	G3588	το	T-ASN	LXX_WH
Józs 19:49	G3725	οριον	N-ASN	LXX_WH
Józs 19:49	G0846	αυτων	D-GPM	LXX_WH
Józs 19:49	G2532	και	CONJ	LXX_WH
Józs 19:49	G1325	εδωκαν	V-AAI-3P	LXX_WH
Józs 19:49	G3588	οι	T-NPM	LXX_WH
Józs 19:49	G5207	υιοι	N-NPM	LXX_WH
Józs 19:49	G2474	ισραηλ	N-PRI	LXX_WH
Józs 19:49	G2819	κληρον	N-ASM	LXX_WH
Józs 19:49	G2424	ιησοι	N-PRI	LXX_WH
Józs 19:49	G3588	τω	T-DSM	LXX_WH
Józs 19:49	G5207	υιω	N-DSM	LXX_WH
Józs 19:49		ναυη	N-PRI	ELTERO_SZOVEGALAP
Józs 19:49	G1722	εν	PREP	LXX_WH
Józs 19:49	G0846	αυτοις	D-DPM	LXX_WH
Józs 19:50	G1223	δια	PREP	LXX_WH
Józs 19:50		προσταγματος	N-GSN	ELTERO_SZOVEGALAP
Józs 19:50	G3588	του	T-GSM	LXX_WH
Józs 19:50	G2316	θεου	N-GSM	LXX_WH
Józs 19:50	G2532	και	CONJ	LXX_WH
Józs 19:50	G1325	εδωκαν	V-AAI-3P	LXX_WH
Józs 19:50	G0846	αυτω	D-DSM	LXX_WH
Józs 19:50	G3588	την	T-ASF	LXX_WH
Józs 19:50	G4172	πολιν	N-ASF	LXX_WH
Józs 19:50	G3739	ην	R-ASF	LXX_WH
Józs 19:50	G0154	ητησατο	V-AMI-3S	LXX_WH
Józs 19:50		θαμνασαραχ	N-PRI	ELTERO_SZOVEGALAP
Józs 19:50	G3739	η	R-NSF	LXX_WH
Józs 19:50	G1510	εστιν	V-PAI-3S	LXX_WH
Józs 19:50	G1722	εν	PREP	LXX_WH
Józs 19:50	G3588	τω	T-DSN	LXX_WH
Józs 19:50	G3735	ορει	N-DSN	LXX_WH
Józs 19:50	G2187	εφραιμ	N-PRI	LXX_WH
Józs 19:50	G2532	και	CONJ	LXX_WH
Józs 19:50	G3618	ωκοδομησεν	V-AAI-3S	LXX_WH
Józs 19:50	G3588	την	T-ASF	LXX_WH
Józs 19:50	G4172	πολιν	N-ASF	LXX_WH
Józs 19:50	G2532	και	CONJ	LXX_WH
Józs 19:50	G2730	κατωκει	V-IAI-3S	ABP-potolt
Józs 19:50	G1722	εν	PREP	LXX_WH
Józs 19:50	G0846	αυτη	D-DSF	LXX_WH
Józs 19:51	G3778	αυται	D-NPF	LXX_WH
Józs 19:51	G3588	αι	T-NPF	LXX_WH
Józs 19:51	G1243	διαιρεσεις	N-NPF	ABP-potolt
Józs 19:51	G3739	ας	R-APF	LXX_WH
Józs 19:51		κατεκληρονομησεν	V-AAI-3S	ELTERO_SZOVEGALAP
Józs 19:51	G1648	ελεαζαρ	N-PRI	LXX_WH
Józs 19:51	G3588	ο	T-NSM	LXX_WH
Józs 19:51	G2409	ιερευς	N-NSM	LXX_WH
Józs 19:51	G2532	και	CONJ	LXX_WH
Józs 19:51	G2424	ιησους	N-PRI	LXX_WH
Józs 19:51	G3588	ο	T-NSM	LXX_WH
Józs 19:51	G3588	του	T-GSM	LXX_WH
Józs 19:51		ναυη	N-PRI	
Józs 19:51	G2532	και	CONJ	LXX_WH
Józs 19:51	G3588	οι	T-NPM	LXX_WH
Józs 19:51	G0758	αρχοντες	N-NPM	LXX_WH
Józs 19:51	G3588	των	T-GPF	LXX_WH
Józs 19:51	G3965	πατριων	N-GPF	LXX_WH
Józs 19:51	G1722	εν	PREP	LXX_WH
Józs 19:51	G3588	ταις	T-DPF	LXX_WH
Józs 19:51	G5443	φυλαις	N-DPF	LXX_WH
Józs 19:51	G2474	ισραηλ	N-PRI	LXX_WH
Józs 19:51	G2596	κατα	PREP	LXX_WH
Józs 19:51	G2819	κληρους	N-APM	LXX_WH
Józs 19:51	G1722	εν	PREP	LXX_WH
Józs 19:51		σηλω	N-PRI	ELTERO_SZOVEGALAP
Józs 19:51	G1726	εναντιον	PREP	LXX_WH
Józs 19:51	G2962	κυριου	N-GSM	LXX_WH
Józs 19:51	G3844	παρα	PREP	LXX_WH
Józs 19:51	G3588	τας	T-APF	LXX_WH
Józs 19:51	G2374	θυρας	N-APF	LXX_WH
Józs 19:51	G3588	της	T-GSF	LXX_WH
Józs 19:51	G4633	σκηνης	N-GSF	LXX_WH
Józs 19:51	G3588	του	T-GSN	LXX_WH
Józs 19:51	G3142	μαρτυριου	N-GSN	LXX_WH
Józs 19:51	G2532	και	CONJ	LXX_WH
Józs 19:51	G4198	επορευθησαν	V-API-3P	LXX_WH
Józs 19:51	G1687	εμβατευσαι	V-AAN	LXX_WH
Józs 19:51	G3588	την	T-ASF	LXX_WH
Józs 19:51	G1065	γην	N-ASF	LXX_WH
Józs 20:1	G2532	και	CONJ	LXX_WH
Józs 20:1	G2980	ελαλησεν	V-AAI-3S	LXX_WH
Józs 20:1	G2962	κυριος	N-NSM	LXX_WH
Józs 20:1	G3588	τω	T-DSM	LXX_WH
Józs 20:1	G2424	ιησοι	N-PRI	LXX_WH
Józs 20:1	G3004	λεγων	V-PAPNS	LXX_WH
Józs 20:2	G2980	λαλησον	V-AAD-2S	LXX_WH
Józs 20:2	G3588	τοις	T-DPM	LXX_WH
Józs 20:2	G5207	υιοις	N-DPM	LXX_WH
Józs 20:2	G2474	ισραηλ	N-PRI	LXX_WH
Józs 20:2	G3004	λεγων	V-PAPNS	LXX_WH
Józs 20:2	G1325	δοτε	V-AAD-2P	LXX_WH
Józs 20:2	G3588	τας	T-APF	LXX_WH
Józs 20:2	G4172	πολεις	N-APF	LXX_WH
Józs 20:2	G3588	των	T-GPN	LXX_WH
Józs 20:2	G5435	φυγαδευτηριων	N-GPN	ABP-potolt
Józs 20:2	G3739	ας	R-APF	LXX_WH
Józs 20:2	G2036	ειπα	V-AAI-1S	ABP-potolt
Józs 20:2	G4314	προς	PREP	LXX_WH
Józs 20:2	G4771	υμας	P-AP	LXX_WH
Józs 20:2	G1223	δια	PREP	LXX_WH
Józs 20:2		μωυση	N-GSM	ELTERO_SZOVEGALAP
Józs 20:3	G5435	φυγαδευτηριον	N-ASN	ABP-potolt
Józs 20:3	G3588	τω	T-DSM	LXX_WH
Józs 20:3		φονευτη	N-DSM	
Józs 20:3	G3588	τω	T-DSM	LXX_WH
Józs 20:3	G3960	παταξαντι	V-AAPDS	LXX_WH
Józs 20:3	G5590	ψυχην	N-ASF	LXX_WH
Józs 20:3		ακουσιως	ADV	ELTERO_SZOVEGALAP
Józs 20:3	G2532	και	CONJ	LXX_WH
Józs 20:3	G1510	εσονται	V-FMI-3P	LXX_WH
Józs 20:3	G4771	υμιν	P-DP	LXX_WH
Józs 20:3	G3588	αι	T-NPF	LXX_WH
Józs 20:3	G4172	πολεις	N-NPF	LXX_WH
Józs 20:3	G5435	φυγαδευτηριον	N-NSN	ABP-potolt
Józs 20:3	G2532	και	CONJ	LXX_WH
Józs 20:3	G3364	ουκ	ADV	LXX_WH
Józs 20:3	G0599	αποθανειται	V-FMI-3S	LXX_WH
Józs 20:3	G3588	ο	T-NSM	LXX_WH
Józs 20:3	G5406	φονευτης	N-NSM	ABP-potolt
Józs 20:3	G5259	υπο	PREP	LXX_WH
Józs 20:3	G3588	του	T-GSM	LXX_WH
Józs 20:3		αγχιστευοντος	V-PAPGS	
Józs 20:3	G3588	το	T-ASN	LXX_WH
Józs 20:3	G0129	αιμα	N-ASN	LXX_WH
Józs 20:3	G2193	εως	CONJ	LXX_WH
Józs 20:3	G0302	αν	PRT	LXX_WH
Józs 20:3	G2525	καταστη	V-AAS-3S	LXX_WH
Józs 20:3	G1726	εναντιον	PREP	LXX_WH
Józs 20:3	G3588	της	T-GSF	LXX_WH
Józs 20:3	G4864	συναγωγης	N-GSF	LXX_WH
Józs 20:3	G1519	εις	PREP	LXX_WH
Józs 20:3	G2920	κρισιν	N-ASF	LXX_WH
Józs 20:7	G2532	και	CONJ	LXX_WH
Józs 20:7		διεστειλεν	V-AAI-3S	
Józs 20:7	G3588	την	T-ASF	LXX_WH
Józs 20:7	G2532	καδης	N-PRI	ABP-potolt
Józs 20:7	G1722	εν	PREP	LXX_WH
Józs 20:7	G3588	τη	T-DSF	LXX_WH
Józs 20:7	G1056	γαλιλαια	N-DSF	LXX_WH
Józs 20:7	G1722	εν	PREP	LXX_WH
Józs 20:7	G3588	τω	T-DSN	LXX_WH
Józs 20:7	G3735	ορει	N-DSN	LXX_WH
Józs 20:7	G3588	τω	T-DSM	LXX_WH
Józs 20:7		νεφθαλι	N-PRI	ELTERO_SZOVEGALAP
Józs 20:7	G2532	και	CONJ	LXX_WH
Józs 20:7	G4966	συχεμ	N-PRI	LXX_WH
Józs 20:7	G1722	εν	PREP	LXX_WH
Józs 20:7	G3588	τω	T-DSN	LXX_WH
Józs 20:7	G3735	ορει	N-DSN	LXX_WH
Józs 20:7	G3588	τω	T-DSM	LXX_WH
Józs 20:7	G2187	εφραιμ	N-PRI	LXX_WH
Józs 20:7	G2532	και	CONJ	LXX_WH
Józs 20:7	G3588	την	T-ASF	LXX_WH
Józs 20:7	G4172	πολιν	N-ASF	LXX_WH
Józs 20:7		αρβοκ	N-PRI	ELTERO_SZOVEGALAP
Józs 20:7	G3778	αυτη	D-NSF	LXX_WH
Józs 20:7	G1510	εστιν	V-PAI-3S	LXX_WH
Józs 20:7		χεβρων	N-PRI	ELTERO_SZOVEGALAP
Józs 20:7	G1722	εν	PREP	LXX_WH
Józs 20:7	G3588	τω	T-DSN	LXX_WH
Józs 20:7	G3735	ορει	N-DSN	LXX_WH
Józs 20:7	G3588	τω	T-DSM	LXX_WH
Józs 20:7	G2448	ιουδα	N-PRI	LXX_WH
Józs 20:8	G2532	και	CONJ	LXX_WH
Józs 20:8	G1722	εν	PREP	LXX_WH
Józs 20:8	G3588	τω	T-DSN	LXX_WH
Józs 20:8	G4008	περαν	ADV	LXX_WH
Józs 20:8	G3588	του	T-GSM	LXX_WH
Józs 20:8	G2446	ιορδανου	N-GSM	LXX_WH
Józs 20:8	G1325	εδωκεν	V-AAI-3S	LXX_WH
Józs 20:8	G1007	βοσορ	N-PRI	LXX_WH
Józs 20:8	G1722	εν	PREP	LXX_WH
Józs 20:8	G3588	τη	T-DSF	LXX_WH
Józs 20:8	G2048	ερημω	N-DSF	LXX_WH
Józs 20:8	G1722	εν	PREP	LXX_WH
Józs 20:8	G3588	τω	T-DSN	LXX_WH
Józs 20:8	G3977	πεδιω	N-DSN	ABP-potolt
Józs 20:8	G0575	απο	PREP	LXX_WH
Józs 20:8	G3588	της	T-GSF	LXX_WH
Józs 20:8	G5443	φυλης	N-GSF	LXX_WH
Józs 20:8		ρουβην	N-PRI	ELTERO_SZOVEGALAP
Józs 20:8	G2532	και	CONJ	LXX_WH
Józs 20:8	G3588	αρημωθ	N-PRI	ABP-potolt
Józs 20:8	G1722	εν	PREP	LXX_WH
Józs 20:8	G3588	τη	T-DSF	LXX_WH
Józs 20:8		γαλααδ	N-PRI	ELTERO_SZOVEGALAP
Józs 20:8	G1537	εκ	PREP	LXX_WH
Józs 20:8	G3588	της	T-GSF	LXX_WH
Józs 20:8	G5443	φυλης	N-GSF	LXX_WH
Józs 20:8	G1045	γαδ	N-PRI	LXX_WH
Józs 20:8	G2532	και	CONJ	LXX_WH
Józs 20:8	G3588	την	T-ASF	LXX_WH
Józs 20:8	G2048	γαυλων	N-PRI	ABP-potolt
Józs 20:8	G1722	εν	PREP	LXX_WH
Józs 20:8	G3588	τη	T-DSF	LXX_WH
Józs 20:8		βασανιτιδι	N-DSF	ELTERO_SZOVEGALAP
Józs 20:8	G1537	εκ	PREP	LXX_WH
Józs 20:8	G3588	της	T-GSF	LXX_WH
Józs 20:8	G5443	φυλης	N-GSF	LXX_WH
Józs 20:8		μανασση	N-PRI	ELTERO_SZOVEGALAP
Józs 20:9	G3778	αυται	D-NPF	LXX_WH
Józs 20:9	G3588	αι	T-NPF	LXX_WH
Józs 20:9	G4172	πολεις	N-NPF	LXX_WH
Józs 20:9	G3588	αι	T-NPF	LXX_WH
Józs 20:9		επικλητοι	A-NPF	
Józs 20:9	G3588	τοις	T-DPM	LXX_WH
Józs 20:9	G5207	υιοις	N-DPM	LXX_WH
Józs 20:9	G2474	ισραηλ	N-PRI	LXX_WH
Józs 20:9	G2532	και	CONJ	LXX_WH
Józs 20:9	G3588	τω	T-DSM	LXX_WH
Józs 20:9	G4339	προσηλυτω	N-DSM	LXX_WH
Józs 20:9	G3588	τω	T-DSM	LXX_WH
Józs 20:9		προσκειμενω	V-PMPDS	
Józs 20:9	G1722	εν	PREP	LXX_WH
Józs 20:9	G0846	αυτοις	D-DPM	LXX_WH
Józs 20:9	G2703	καταφυγειν	V-AAN	LXX_WH
Józs 20:9	G1563	εκει	ADV	LXX_WH
Józs 20:9	G3956	παντι	A-DSM	LXX_WH
Józs 20:9	G3817	παιοντι	V-PAPDS	LXX_WH
Józs 20:9	G5590	ψυχην	N-ASF	LXX_WH
Józs 20:9	G0190	ακουσιως	ADV	ABP-potolt
Józs 20:9	G2443	ινα	CONJ	LXX_WH
Józs 20:9	G3165	μη	ADV	LXX_WH
Józs 20:9	G0599	αποθανη	V-AAS-3S	LXX_WH
Józs 20:9	G1722	εν	PREP	LXX_WH
Józs 20:9	G5495	χειρι	N-DSF	LXX_WH
Józs 20:9	G3588	του	T-GSM	LXX_WH
Józs 20:9		αγχιστευοντος	V-PAPGS	
Józs 20:9	G3588	το	T-ASN	LXX_WH
Józs 20:9	G0129	αιμα	N-ASN	LXX_WH
Józs 20:9	G2193	εως	CONJ	LXX_WH
Józs 20:9	G0302	αν	PRT	LXX_WH
Józs 20:9	G2525	καταστη	V-AAS-3S	LXX_WH
Józs 20:9	G1725	εναντι	PREP	LXX_WH
Józs 20:9	G3588	της	T-GSF	LXX_WH
Józs 20:9	G4864	συναγωγης	N-GSF	LXX_WH
Józs 20:9	G1519	εις	PREP	LXX_WH
Józs 20:9	G2920	κρισιν	N-ASF	LXX_WH
Józs 21:1	G2532	και	CONJ	LXX_WH
Józs 21:1	G4334	προσηλθοσαν	V-AAI-3P	LXX_WH
Józs 21:1	G3588	οι	T-NPM	LXX_WH
Józs 21:1		αρχιπατριωται	N-NPM	
Józs 21:1	G3588	των	T-GPM	LXX_WH
Józs 21:1	G5207	υιων	N-GPM	LXX_WH
Józs 21:1	G3017	λευι	N-PRI	LXX_WH
Józs 21:1	G4314	προς	PREP	LXX_WH
Józs 21:1	G1648	ελεαζαρ	N-PRI	LXX_WH
Józs 21:1	G3588	τον	T-ASM	LXX_WH
Józs 21:1	G2409	ιερεα	N-ASM	LXX_WH
Józs 21:1	G2532	και	CONJ	LXX_WH
Józs 21:1	G4314	προς	PREP	LXX_WH
Józs 21:1	G2424	ιησουν	N-PRI	LXX_WH
Józs 21:1	G3588	τον	T-ASM	LXX_WH
Józs 21:1	G3588	του	T-GSM	LXX_WH
Józs 21:1		ναυη	N-PRI	
Józs 21:1	G2532	και	CONJ	LXX_WH
Józs 21:1	G4314	προς	PREP	LXX_WH
Józs 21:1	G3588	τους	T-APM	LXX_WH
Józs 21:1	G0755	αρχιφυλους	N-APM	ABP-potolt
Józs 21:1	G3965	πατριων	N-GPF	LXX_WH
Józs 21:1	G1537	εκ	PREP	LXX_WH
Józs 21:1	G3588	των	T-GPF	LXX_WH
Józs 21:1	G5443	φυλων	N-GPF	LXX_WH
Józs 21:1	G2474	ισραηλ	N-PRI	LXX_WH
Józs 21:2	G2532	και	CONJ	LXX_WH
Józs 21:2	G2036	ειπον	V-AAI-3P	ABP-potolt
Józs 21:2	G4314	προς	PREP	LXX_WH
Józs 21:2	G0846	αυτους	D-APM	LXX_WH
Józs 21:2	G1722	εν	PREP	LXX_WH
Józs 21:2		σηλω	N-PRI	ELTERO_SZOVEGALAP
Józs 21:2	G1722	εν	PREP	LXX_WH
Józs 21:2	G1065	γη	N-DSF	LXX_WH
Józs 21:2	G5477	χανααν	N-PRI	LXX_WH
Józs 21:2	G3004	λεγοντες	V-PAPNP	LXX_WH
Józs 21:2	G1781	ενετειλατο	V-AMI-3S	LXX_WH
Józs 21:2	G2962	κυριος	N-NSM	LXX_WH
Józs 21:2	G1722	εν	PREP	LXX_WH
Józs 21:2	G5495	χειρι	N-DSF	LXX_WH
Józs 21:2		μωυση	N-GSM	ELTERO_SZOVEGALAP
Józs 21:2	G1325	δουναι	V-AAN	LXX_WH
Józs 21:2	G1473	ημιν	P-DP	LXX_WH
Józs 21:2	G4172	πολεις	N-APF	LXX_WH
Józs 21:2	G2730	κατοικειν	V-PAN	ABP-potolt
Józs 21:2	G2532	και	CONJ	LXX_WH
Józs 21:2	G3588	τα	T-APN	LXX_WH
Józs 21:2	G4049	περισπορια	N-APN	ABP-potolt
Józs 21:2	G3588	τοις	T-DPN	LXX_WH
Józs 21:2	G2934	κτηνεσιν	N-DPN	LXX_WH
Józs 21:2	G1473	ημων	P-GP	LXX_WH
Józs 21:3	G2532	και	CONJ	LXX_WH
Józs 21:3	G1325	εδωκαν	V-AAI-3P	LXX_WH
Józs 21:3	G3588	οι	T-NPM	LXX_WH
Józs 21:3	G5207	υιοι	N-NPM	LXX_WH
Józs 21:3	G2474	ισραηλ	N-PRI	LXX_WH
Józs 21:3	G3588	τοις	T-DPM	LXX_WH
Józs 21:3	G3019	λευιταις	N-DPM	LXX_WH
Józs 21:3	G1722	εν	PREP	LXX_WH
Józs 21:3	G3588	τω	T-DSN	LXX_WH
Józs 21:3	G2624	κατακληρονομειν	V-PAN	ABP-potolt
Józs 21:3	G1223	δια	PREP	LXX_WH
Józs 21:3	G4366	προσταγματος	N-GSN	ABP-potolt
Józs 21:3	G2962	κυριου	N-GSM	LXX_WH
Józs 21:3	G3588	τας	T-APF	LXX_WH
Józs 21:3	G4172	πολεις	N-APF	LXX_WH
Józs 21:3	G2532	και	CONJ	LXX_WH
Józs 21:3	G3588	τα	T-APN	LXX_WH
Józs 21:3		περισπορια	N-APN	ELTERO_SZOVEGALAP
Józs 21:3	G0846	αυτων	D-GPM	LXX_WH
Józs 21:4	G2532	και	CONJ	LXX_WH
Józs 21:4	G1831	εξηλθεν	V-AAI-3S	LXX_WH
Józs 21:4	G3588	ο	T-NSM	LXX_WH
Józs 21:4	G2819	κληρος	N-NSM	LXX_WH
Józs 21:4	G3588	τω	T-DSM	LXX_WH
Józs 21:4	G1218	δημω	N-DSM	LXX_WH
Józs 21:4		κααθ	N-PRI	ELTERO_SZOVEGALAP
Józs 21:4	G2532	και	CONJ	LXX_WH
Józs 21:4	G1096	εγενετο	V-AMI-3S	LXX_WH
Józs 21:4	G3588	τοις	T-DPM	LXX_WH
Józs 21:4	G5207	υιοις	N-DPM	LXX_WH
Józs 21:4	G0002	ααρων	N-PRI	LXX_WH
Józs 21:4	G3588	τοις	T-DPM	LXX_WH
Józs 21:4	G2409	ιερευσιν	N-DPM	LXX_WH
Józs 21:4	G3588	τοις	T-DPM	LXX_WH
Józs 21:4	G3019	λευιταις	N-DPM	LXX_WH
Józs 21:4	G0575	απο	PREP	LXX_WH
Józs 21:4	G5443	φυλης	N-GSF	LXX_WH
Józs 21:4	G2448	ιουδα	N-PRI	LXX_WH
Józs 21:4	G2532	και	CONJ	LXX_WH
Józs 21:4	G0575	απο	PREP	LXX_WH
Józs 21:4	G5443	φυλης	N-GSF	LXX_WH
Józs 21:4	G4826	συμεων	N-PRI	LXX_WH
Józs 21:4	G2532	και	CONJ	LXX_WH
Józs 21:4	G0575	απο	PREP	LXX_WH
Józs 21:4	G5443	φυλης	N-GSF	LXX_WH
Józs 21:4	G0958	βενιαμιν	N-PRI	LXX_WH
Józs 21:4		κληρωτι	ADV	ELTERO_SZOVEGALAP
Józs 21:4	G4172	πολεις	N-NPF	LXX_WH
Józs 21:4	G1176	δεκα	N-NUI	LXX_WH
Józs 21:4	G5140	τρεις	A-NPM	LXX_WH
Józs 21:5	G2532	και	CONJ	LXX_WH
Józs 21:5	G3588	τοις	T-DPM	LXX_WH
Józs 21:5	G5207	υιοις	N-DPM	LXX_WH
Józs 21:5		κααθ	N-PRI	ELTERO_SZOVEGALAP
Józs 21:5	G3588	τοις	T-DPM	LXX_WH
Józs 21:5	G2641	καταλελειμμενοις	V-RMPDP	LXX_WH
Józs 21:5	G1537	εκ	PREP	LXX_WH
Józs 21:5	G3588	της	T-GSF	LXX_WH
Józs 21:5	G5443	φυλης	N-GSF	LXX_WH
Józs 21:5	G2187	εφραιμ	N-PRI	LXX_WH
Józs 21:5	G2532	και	CONJ	LXX_WH
Józs 21:5	G1537	εκ	PREP	LXX_WH
Józs 21:5	G3588	της	T-GSF	LXX_WH
Józs 21:5	G5443	φυλης	N-GSF	LXX_WH
Józs 21:5		δαν	N-PRI	ELTERO_SZOVEGALAP
Józs 21:5	G2532	και	CONJ	LXX_WH
Józs 21:5	G0575	απο	PREP	LXX_WH
Józs 21:5	G3588	του	T-GSN	LXX_WH
Józs 21:5		ημισους	A-GSN	
Józs 21:5	G5443	φυλης	N-GSF	LXX_WH
Józs 21:5	G2820	μανασση	N-PRI	ABP-potolt
Józs 21:5	G2820	κληρωτι	ADV	ABP-potolt
Józs 21:5	G4172	πολεις	N-NPF	LXX_WH
Józs 21:5	G1176	δεκα	N-NUI	LXX_WH
Józs 21:6	G2532	και	CONJ	LXX_WH
Józs 21:6	G3588	τοις	T-DPM	LXX_WH
Józs 21:6	G5207	υιοις	N-DPM	LXX_WH
Józs 21:6		γεδσων	N-PRI	ELTERO_SZOVEGALAP
Józs 21:6	G0575	απο	PREP	LXX_WH
Józs 21:6	G3588	της	T-GSF	LXX_WH
Józs 21:6	G5443	φυλης	N-GSF	LXX_WH
Józs 21:6		ισσαχαρ	N-PRI	ELTERO_SZOVEGALAP
Józs 21:6	G2532	και	CONJ	LXX_WH
Józs 21:6	G0575	απο	PREP	LXX_WH
Józs 21:6	G3588	της	T-GSF	LXX_WH
Józs 21:6	G5443	φυλης	N-GSF	LXX_WH
Józs 21:6	G0768	ασηρ	N-PRI	LXX_WH
Józs 21:6	G2532	και	CONJ	LXX_WH
Józs 21:6	G0575	απο	PREP	LXX_WH
Józs 21:6	G3588	της	T-GSF	LXX_WH
Józs 21:6	G5443	φυλης	N-GSF	LXX_WH
Józs 21:6		νεφθαλι	N-PRI	ELTERO_SZOVEGALAP
Józs 21:6	G2532	και	CONJ	LXX_WH
Józs 21:6	G0575	απο	PREP	LXX_WH
Józs 21:6	G3588	του	T-GSN	LXX_WH
Józs 21:6		ημισους	A-GSN	
Józs 21:6	G5443	φυλης	N-GSF	LXX_WH
Józs 21:6		μανασση	N-PRI	ELTERO_SZOVEGALAP
Józs 21:6	G1722	εν	PREP	LXX_WH
Józs 21:6	G3588	τω	T-DSM	LXX_WH
Józs 21:6	G2820	βασαν	N-PRI	ABP-potolt
Józs 21:6	G4172	πολεις	N-NPF	LXX_WH
Józs 21:6	G1176	δεκα	N-NUI	LXX_WH
Józs 21:6	G5140	τρεις	A-NPM	LXX_WH
Józs 21:7	G2532	και	CONJ	LXX_WH
Józs 21:7	G3588	τοις	T-DPM	LXX_WH
Józs 21:7	G5207	υιοις	N-DPM	LXX_WH
Józs 21:7		μεραρι	N-PRI	ELTERO_SZOVEGALAP
Józs 21:7	G2596	κατα	PREP	LXX_WH
Józs 21:7	G1218	δημους	N-APM	LXX_WH
Józs 21:7	G0846	αυτων	D-GPM	LXX_WH
Józs 21:7	G0575	απο	PREP	LXX_WH
Józs 21:7	G5443	φυλης	N-GSF	LXX_WH
Józs 21:7		ρουβην	N-PRI	ELTERO_SZOVEGALAP
Józs 21:7	G2532	και	CONJ	LXX_WH
Józs 21:7	G0575	απο	PREP	LXX_WH
Józs 21:7	G5443	φυλης	N-GSF	LXX_WH
Józs 21:7	G1045	γαδ	N-PRI	LXX_WH
Józs 21:7	G2532	και	CONJ	LXX_WH
Józs 21:7	G0575	απο	PREP	LXX_WH
Józs 21:7	G5443	φυλης	N-GSF	LXX_WH
Józs 21:7	G2194	ζαβουλων	N-PRI	LXX_WH
Józs 21:7		κληρωτι	ADV	ELTERO_SZOVEGALAP
Józs 21:7	G4172	πολεις	N-NPF	LXX_WH
Józs 21:7	G1427	δωδεκα	N-NUI	LXX_WH
Józs 21:8	G2532	και	CONJ	LXX_WH
Józs 21:8	G1325	εδωκαν	V-AAI-3P	LXX_WH
Józs 21:8	G3588	οι	T-NPM	LXX_WH
Józs 21:8	G5207	υιοι	N-NPM	LXX_WH
Józs 21:8	G2474	ισραηλ	N-PRI	LXX_WH
Józs 21:8	G3588	τοις	T-DPM	LXX_WH
Józs 21:8	G3019	λευιταις	N-DPM	LXX_WH
Józs 21:8	G3588	τας	T-APF	LXX_WH
Józs 21:8	G4172	πολεις	N-APF	LXX_WH
Józs 21:8	G2532	και	CONJ	LXX_WH
Józs 21:8	G3588	τα	T-APN	LXX_WH
Józs 21:8		περισπορια	N-APN	ELTERO_SZOVEGALAP
Józs 21:8	G0846	αυτων	D-GPM	LXX_WH
Józs 21:8	G3739	ον	R-ASM	LXX_WH
Józs 21:8	G5158	τροπον	N-ASM	LXX_WH
Józs 21:8	G1781	ενετειλατο	V-AMI-3S	LXX_WH
Józs 21:8	G2962	κυριος	N-NSM	LXX_WH
Józs 21:8	G3588	τω	T-DSM	LXX_WH
Józs 21:8	G2820	μωυση	N-DSM	ABP-potolt
Józs 21:8	G2820	κληρωτι	ADV	ABP-potolt
Józs 21:9	G2532	και	CONJ	LXX_WH
Józs 21:9	G1325	εδωκεν	V-AAI-3S	LXX_WH
Józs 21:9	G3588	η	T-NSF	LXX_WH
Józs 21:9	G5443	φυλη	N-NSF	LXX_WH
Józs 21:9	G5207	υιων	N-GPM	LXX_WH
Józs 21:9	G2448	ιουδα	N-PRI	LXX_WH
Józs 21:9	G2532	και	CONJ	LXX_WH
Józs 21:9	G3588	η	T-NSF	LXX_WH
Józs 21:9	G5443	φυλη	N-NSF	LXX_WH
Józs 21:9	G5207	υιων	N-GPM	LXX_WH
Józs 21:9	G4826	συμεων	N-PRI	LXX_WH
Józs 21:9	G2532	και	CONJ	LXX_WH
Józs 21:9	G0575	απο	PREP	LXX_WH
Józs 21:9	G3588	της	T-GSF	LXX_WH
Józs 21:9	G5443	φυλης	N-GSF	LXX_WH
Józs 21:9	G5207	υιων	N-GPM	LXX_WH
Józs 21:9	G0958	βενιαμιν	N-PRI	LXX_WH
Józs 21:9	G3588	τας	T-APF	LXX_WH
Józs 21:9	G4172	πολεις	N-APF	LXX_WH
Józs 21:9	G2532	και	CONJ	LXX_WH
Józs 21:9		επεκληθησαν	V-API-3P	ELTERO_SZOVEGALAP
Józs 21:10	G3588	τοις	T-DPM	LXX_WH
Józs 21:10	G5207	υιοις	N-DPM	LXX_WH
Józs 21:10	G0002	ααρων	N-PRI	LXX_WH
Józs 21:10	G0575	απο	PREP	LXX_WH
Józs 21:10	G3588	του	T-GSM	LXX_WH
Józs 21:10	G1218	δημου	N-GSM	LXX_WH
Józs 21:10	G3588	του	T-GSM	LXX_WH
Józs 21:10	G1218	κααθ	N-PRI	ABP-potolt
Józs 21:10	G3588	των	T-GPM	LXX_WH
Józs 21:10	G5207	υιων	N-GPM	LXX_WH
Józs 21:10	G3017	λευι	N-PRI	LXX_WH
Józs 21:10	G3754	οτι	CONJ	LXX_WH
Józs 21:10	G3778	τουτοις	D-DPM	LXX_WH
Józs 21:10	G1096	εγενηθη	V-API-3S	LXX_WH
Józs 21:10	G3588	ο	T-NSM	LXX_WH
Józs 21:10	G2819	κληρος	N-NSM	LXX_WH
Józs 21:11	G2532	και	CONJ	LXX_WH
Józs 21:11	G1325	εδωκεν	V-AAI-3S	LXX_WH
Józs 21:11	G0846	αυτοις	D-DPM	LXX_WH
Józs 21:11	G3588	την	T-ASF	LXX_WH
Józs 21:11		καριαθαρβοκ	N-PRI	ELTERO_SZOVEGALAP
Józs 21:11	G3390	μητροπολιν	N-ASF	LXX_WH
Józs 21:11	G3588	των	T-GPM	LXX_WH
Józs 21:11		ενακ	N-PRI	ELTERO_SZOVEGALAP
Józs 21:11	G3778	αυτη	D-NSF	LXX_WH
Józs 21:11	G1510	εστιν	V-PAI-3S	LXX_WH
Józs 21:11		χεβρων	N-PRI	ELTERO_SZOVEGALAP
Józs 21:11	G1722	εν	PREP	LXX_WH
Józs 21:11	G3588	τω	T-DSN	LXX_WH
Józs 21:11	G3735	ορει	N-DSN	LXX_WH
Józs 21:11	G2448	ιουδα	N-PRI	LXX_WH
Józs 21:11	G3588	τα	T-APN	LXX_WH
Józs 21:11	G1161	δε	PRT	LXX_WH
Józs 21:11		περισπορια	N-APN	ELTERO_SZOVEGALAP
Józs 21:11		κυκλω	N-DSM	ELTERO_SZOVEGALAP
Józs 21:11	G0846	αυτης	D-GSF	LXX_WH
Józs 21:12	G2532	και	CONJ	LXX_WH
Józs 21:12	G3588	τους	T-APM	LXX_WH
Józs 21:12	G0068	αγρους	N-APM	LXX_WH
Józs 21:12	G3588	της	T-GSF	LXX_WH
Józs 21:12	G4172	πολεως	N-GSF	LXX_WH
Józs 21:12	G2532	και	CONJ	LXX_WH
Józs 21:12	G3588	τας	T-APF	LXX_WH
Józs 21:12	G2864	κωμας	N-APF	LXX_WH
Józs 21:12	G0846	αυτης	D-GSF	LXX_WH
Józs 21:12	G1325	εδωκεν	V-AAI-3S	LXX_WH
Józs 21:12	G2424	ιησους	N-PRI	LXX_WH
Józs 21:12	G3588	τοις	T-DPM	LXX_WH
Józs 21:12	G5207	υιοις	N-DPM	LXX_WH
Józs 21:12		χαλεβ	N-PRI	ELTERO_SZOVEGALAP
Józs 21:12	G5207	υιου	N-GSM	LXX_WH
Józs 21:12		ιεφοννη	N-PRI	ELTERO_SZOVEGALAP
Józs 21:12	G1722	εν	PREP	LXX_WH
Józs 21:12	G2697	κατασχεσει	N-DSF	LXX_WH
Józs 21:13	G2532	και	CONJ	LXX_WH
Józs 21:13	G3588	τοις	T-DPM	LXX_WH
Józs 21:13	G5207	υιοις	N-DPM	LXX_WH
Józs 21:13	G0002	ααρων	N-PRI	LXX_WH
Józs 21:13	G3588	την	T-ASF	LXX_WH
Józs 21:13	G4172	πολιν	N-ASF	LXX_WH
Józs 21:13	G5435	φυγαδευτηριον	N-ASN	ABP-potolt
Józs 21:13	G3588	τω	T-DSM	LXX_WH
Józs 21:13	G5407	φονευσαντι	V-AAPDS	LXX_WH
Józs 21:13	G3588	την	T-ASF	LXX_WH
Józs 21:13		χεβρων	N-PRI	ELTERO_SZOVEGALAP
Józs 21:13	G2532	και	CONJ	LXX_WH
Józs 21:13	G3588	τα	T-APN	LXX_WH
Józs 21:13		αφωρισμενα	V-RMPAP	
Józs 21:13	G3588	τα	T-APN	LXX_WH
Józs 21:13	G4862	συν	PREP	LXX_WH
Józs 21:13	G0846	αυτη	D-DSF	LXX_WH
Józs 21:13	G2532	και	CONJ	LXX_WH
Józs 21:13	G3588	την	T-ASF	LXX_WH
Józs 21:13		λεμνα	N-PRI	ELTERO_SZOVEGALAP
Józs 21:13	G2532	και	CONJ	LXX_WH
Józs 21:13	G3588	τα	T-APN	LXX_WH
Józs 21:13		αφωρισμενα	V-RMPAP	
Józs 21:13	G3588	τα	T-APN	LXX_WH
Józs 21:13	G4314	προς	PREP	LXX_WH
Józs 21:13	G0846	αυτη	D-DSF	LXX_WH
Józs 21:14	G2532	και	CONJ	LXX_WH
Józs 21:14	G3588	την	T-ASF	LXX_WH
Józs 21:14		αιλωμ	N-PRI	ELTERO_SZOVEGALAP
Józs 21:14	G2532	και	CONJ	LXX_WH
Józs 21:14	G3588	τα	T-APN	LXX_WH
Józs 21:14		αφωρισμενα	V-RMPAP	ELTERO_SZOVEGALAP
Józs 21:14	G0846	αυτη	D-DSF	LXX_WH
Józs 21:14	G2532	και	CONJ	LXX_WH
Józs 21:14	G3588	την	T-ASF	LXX_WH
Józs 21:14		τεμα	N-PRI	ELTERO_SZOVEGALAP
Józs 21:14	G2532	και	CONJ	LXX_WH
Józs 21:14	G3588	τα	T-APN	LXX_WH
Józs 21:14		αφωρισμενα	V-RMPAP	ELTERO_SZOVEGALAP
Józs 21:14	G0846	αυτη	D-DSF	LXX_WH
Józs 21:15	G2532	και	CONJ	LXX_WH
Józs 21:15	G3588	την	T-ASF	LXX_WH
Józs 21:15		γελλα	N-PRI	ELTERO_SZOVEGALAP
Józs 21:15	G2532	και	CONJ	LXX_WH
Józs 21:15	G3588	τα	T-APN	LXX_WH
Józs 21:15		αφωρισμενα	V-RMPAP	ELTERO_SZOVEGALAP
Józs 21:15	G0846	αυτη	D-DSF	LXX_WH
Józs 21:15	G2532	και	CONJ	LXX_WH
Józs 21:15	G3588	την	T-ASF	LXX_WH
Józs 21:15		δαβιρ	N-PRI	ELTERO_SZOVEGALAP
Józs 21:15	G2532	και	CONJ	LXX_WH
Józs 21:15	G3588	τα	T-APN	LXX_WH
Józs 21:15		αφωρισμενα	V-RMPAP	ELTERO_SZOVEGALAP
Józs 21:15	G0846	αυτη	D-DSF	LXX_WH
Józs 21:16	G2532	και	CONJ	LXX_WH
Józs 21:16	G0760	ασα	N-PRI	LXX_WH
Józs 21:16	G2532	και	CONJ	LXX_WH
Józs 21:16	G3588	τα	T-APN	LXX_WH
Józs 21:16		αφωρισμενα	V-RMPAP	ELTERO_SZOVEGALAP
Józs 21:16	G0846	αυτη	D-DSF	LXX_WH
Józs 21:16	G2532	και	CONJ	LXX_WH
Józs 21:16	G3588	τανυ	N-PRI	ABP-potolt
Józs 21:16	G2532	και	CONJ	LXX_WH
Józs 21:16	G3588	τα	T-APN	LXX_WH
Józs 21:16		αφωρισμενα	V-RMPAP	ELTERO_SZOVEGALAP
Józs 21:16	G0846	αυτη	D-DSF	LXX_WH
Józs 21:16	G2532	και	CONJ	LXX_WH
Józs 21:16	G3588	βαιθσαμυς	N-PRI	ABP-potolt
Józs 21:16	G2532	και	CONJ	LXX_WH
Józs 21:16	G3588	τα	T-APN	LXX_WH
Józs 21:16		αφωρισμενα	V-RMPAP	ELTERO_SZOVEGALAP
Józs 21:16	G0846	αυτη	D-DSF	LXX_WH
Józs 21:16	G4172	πολεις	N-APF	LXX_WH
Józs 21:16	G1767	εννεα	N-NUI	LXX_WH
Józs 21:16	G3844	παρα	PREP	LXX_WH
Józs 21:16	G3588	των	T-GPF	LXX_WH
Józs 21:16	G1417	δυο	N-NUI	LXX_WH
Józs 21:16	G5443	φυλων	N-GPF	LXX_WH
Józs 21:16	G3778	τουτων	D-GPF	LXX_WH
Józs 21:17	G2532	και	CONJ	LXX_WH
Józs 21:17	G3844	παρα	PREP	LXX_WH
Józs 21:17	G3588	της	T-GSF	LXX_WH
Józs 21:17	G5443	φυλης	N-GSF	LXX_WH
Józs 21:17	G0958	βενιαμιν	N-PRI	LXX_WH
Józs 21:17	G3588	την	T-ASF	LXX_WH
Józs 21:17		γαβαων	N-PRI	ELTERO_SZOVEGALAP
Józs 21:17	G2532	και	CONJ	LXX_WH
Józs 21:17	G3588	τα	T-APN	LXX_WH
Józs 21:17		αφωρισμενα	V-RMPAP	ELTERO_SZOVEGALAP
Józs 21:17	G0846	αυτη	D-DSF	LXX_WH
Józs 21:17	G2532	και	CONJ	LXX_WH
Józs 21:17		γαθεθ	N-PRI	ELTERO_SZOVEGALAP
Józs 21:17	G2532	και	CONJ	LXX_WH
Józs 21:17	G3588	τα	T-APN	LXX_WH
Józs 21:17		αφωρισμενα	V-RMPAP	ELTERO_SZOVEGALAP
Józs 21:17	G0846	αυτη	D-DSF	LXX_WH
Józs 21:18	G2532	και	CONJ	LXX_WH
Józs 21:18	G3588	αναθωθ	N-PRI	ABP-potolt
Józs 21:18	G2532	και	CONJ	LXX_WH
Józs 21:18	G3588	τα	T-APN	LXX_WH
Józs 21:18		αφωρισμενα	V-RMPAP	ELTERO_SZOVEGALAP
Józs 21:18	G0846	αυτη	D-DSF	LXX_WH
Józs 21:18	G2532	και	CONJ	LXX_WH
Józs 21:18	G3588	γαμαλα	N-PRI	ABP-potolt
Józs 21:18	G2532	και	CONJ	LXX_WH
Józs 21:18	G3588	τα	T-APN	LXX_WH
Józs 21:18		αφωρισμενα	V-RMPAP	ELTERO_SZOVEGALAP
Józs 21:18	G0846	αυτη	D-DSF	LXX_WH
Józs 21:18	G4172	πολεις	N-APF	LXX_WH
Józs 21:18	G5064	τεσσαρες	N-NUI	LXX_WH
Józs 21:19	G3956	πασαι	A-NPF	LXX_WH
Józs 21:19	G3588	αι	T-NPF	LXX_WH
Józs 21:19	G4172	πολεις	N-NPF	LXX_WH
Józs 21:19	G5207	υιων	N-GPM	LXX_WH
Józs 21:19	G0002	ααρων	N-PRI	LXX_WH
Józs 21:19	G3588	των	T-GPM	LXX_WH
Józs 21:19	G2409	ιερεων	N-GPM	LXX_WH
Józs 21:19	G1176	δεκα	N-NUI	LXX_WH
Józs 21:19	G5140	τρεις	A-NPF	LXX_WH
Józs 21:20	G2532	και	CONJ	LXX_WH
Józs 21:20	G3588	τοις	T-DPM	LXX_WH
Józs 21:20	G1218	δημοις	N-DPM	LXX_WH
Józs 21:20	G5207	υιοις	N-DPM	LXX_WH
Józs 21:20		κααθ	N-PRI	ELTERO_SZOVEGALAP
Józs 21:20	G3588	τοις	T-DPM	LXX_WH
Józs 21:20	G3019	λευιταις	N-DPM	LXX_WH
Józs 21:20	G3588	τοις	T-DPM	LXX_WH
Józs 21:20	G2641	καταλελειμμενοις	V-RMPDP	LXX_WH
Józs 21:20	G0575	απο	PREP	LXX_WH
Józs 21:20	G3588	των	T-GPM	LXX_WH
Józs 21:20	G5207	υιων	N-GPM	LXX_WH
Józs 21:20		κααθ	N-PRI	ELTERO_SZOVEGALAP
Józs 21:20	G2532	και	CONJ	LXX_WH
Józs 21:20	G1096	εγενηθη	V-API-3S	LXX_WH
Józs 21:20	G4172	πολις	N-NSF	LXX_WH
Józs 21:20	G3588	των	T-GPN	LXX_WH
Józs 21:20	G3725	οριων	N-GPN	LXX_WH
Józs 21:20	G0846	αυτων	D-GPM	LXX_WH
Józs 21:20	G0575	απο	PREP	LXX_WH
Józs 21:20	G5443	φυλης	N-GSF	LXX_WH
Józs 21:20	G2187	εφραιμ	N-PRI	LXX_WH
Józs 21:21	G2532	και	CONJ	LXX_WH
Józs 21:21	G1325	εδωκαν	V-AAI-3P	LXX_WH
Józs 21:21	G0846	αυτοις	D-DPM	LXX_WH
Józs 21:21	G3588	την	T-ASF	LXX_WH
Józs 21:21	G4172	πολιν	N-ASF	LXX_WH
Józs 21:21	G3588	του	T-GSN	LXX_WH
Józs 21:21		φυγαδευτηριου	N-GSN	
Józs 21:21	G3588	την	T-ASF	LXX_WH
Józs 21:21	G3588	του	T-GSM	LXX_WH
Józs 21:21	G5407	φονευσαντος	V-AAPGS	LXX_WH
Józs 21:21	G3588	την	T-ASF	LXX_WH
Józs 21:21	G4966	συχεμ	N-PRI	LXX_WH
Józs 21:21	G2532	και	CONJ	LXX_WH
Józs 21:21	G3588	τα	T-APN	LXX_WH
Józs 21:21		αφωρισμενα	V-RMPAP	ELTERO_SZOVEGALAP
Józs 21:21	G0846	αυτη	D-DSF	LXX_WH
Józs 21:21	G2532	και	CONJ	LXX_WH
Józs 21:21		γαζαρα	N-PRI	ELTERO_SZOVEGALAP
Józs 21:21	G2532	και	CONJ	LXX_WH
Józs 21:21	G3588	τα	T-APN	LXX_WH
Józs 21:21	G4314	προς	PREP	LXX_WH
Józs 21:21	G0846	αυτην	D-ASF	LXX_WH
Józs 21:21	G2532	και	CONJ	LXX_WH
Józs 21:21	G3588	τα	T-APN	LXX_WH
Józs 21:21		αφωρισμενα	V-RMPAP	ELTERO_SZOVEGALAP
Józs 21:21	G0846	αυτη	D-DSF	LXX_WH
Józs 21:22	G2532	και	CONJ	LXX_WH
Józs 21:22	G3588	την	T-ASF	LXX_WH
Józs 21:22		καβσαιμ	N-PRI	ELTERO_SZOVEGALAP
Józs 21:22	G2532	και	CONJ	LXX_WH
Józs 21:22	G3588	τα	T-APN	LXX_WH
Józs 21:22		αφωρισμενα	V-RMPAP	
Józs 21:22	G3588	τα	T-APN	LXX_WH
Józs 21:22	G4314	προς	PREP	LXX_WH
Józs 21:22	G0846	αυτη	D-DSF	LXX_WH
Józs 21:22	G2532	και	CONJ	LXX_WH
Józs 21:22	G3588	την	T-ASF	LXX_WH
Józs 21:22	G0507	ανω	ADV	LXX_WH
Józs 21:22		βαιθωρων	N-PRI	ELTERO_SZOVEGALAP
Józs 21:22	G2532	και	CONJ	LXX_WH
Józs 21:22	G3588	τα	T-APN	LXX_WH
Józs 21:22		αφωρισμενα	V-RMPAP	ELTERO_SZOVEGALAP
Józs 21:22	G0846	αυτη	D-DSF	LXX_WH
Józs 21:22	G4172	πολεις	N-APF	LXX_WH
Józs 21:22	G5064	τεσσαρες	N-NUI	LXX_WH
Józs 21:23	G2532	και	CONJ	LXX_WH
Józs 21:23	G1537	εκ	PREP	LXX_WH
Józs 21:23	G3588	της	T-GSF	LXX_WH
Józs 21:23	G5443	φυλης	N-GSF	LXX_WH
Józs 21:23		δαν	N-PRI	ELTERO_SZOVEGALAP
Józs 21:23	G3588	την	T-ASF	LXX_WH
Józs 21:23		ελκωθαιμ	N-PRI	ELTERO_SZOVEGALAP
Józs 21:23	G2532	και	CONJ	LXX_WH
Józs 21:23	G3588	τα	T-APN	LXX_WH
Józs 21:23		αφωρισμενα	V-RMPAP	ELTERO_SZOVEGALAP
Józs 21:23	G0846	αυτη	D-DSF	LXX_WH
Józs 21:23	G2532	και	CONJ	LXX_WH
Józs 21:23	G3588	την	T-ASF	LXX_WH
Józs 21:23		γεθεδαν	N-PRI	ELTERO_SZOVEGALAP
Józs 21:23	G2532	και	CONJ	LXX_WH
Józs 21:23	G3588	τα	T-APN	LXX_WH
Józs 21:23		αφωρισμενα	V-RMPAP	ELTERO_SZOVEGALAP
Józs 21:23	G0846	αυτη	D-DSF	LXX_WH
Józs 21:24	G2532	και	CONJ	LXX_WH
Józs 21:24	G3588	αιλων	N-PRI	ABP-potolt
Józs 21:24	G2532	και	CONJ	LXX_WH
Józs 21:24	G3588	τα	T-APN	LXX_WH
Józs 21:24		αφωρισμενα	V-RMPAP	ELTERO_SZOVEGALAP
Józs 21:24	G0846	αυτη	D-DSF	LXX_WH
Józs 21:24	G2532	και	CONJ	LXX_WH
Józs 21:24	G3588	γεθερεμμων	N-PRI	ABP-potolt
Józs 21:24	G2532	και	CONJ	LXX_WH
Józs 21:24	G3588	τα	T-APN	LXX_WH
Józs 21:24		αφωρισμενα	V-RMPAP	ELTERO_SZOVEGALAP
Józs 21:24	G0846	αυτη	D-DSF	LXX_WH
Józs 21:24	G4172	πολεις	N-APF	LXX_WH
Józs 21:24	G5064	τεσσαρες	N-NUI	LXX_WH
Józs 21:25	G2532	και	CONJ	LXX_WH
Józs 21:25	G0575	απο	PREP	LXX_WH
Józs 21:25	G3588	του	T-GSN	LXX_WH
Józs 21:25	G2255	ημισους	A-GSN	ABP-potolt
Józs 21:25	G5443	φυλης	N-GSF	LXX_WH
Józs 21:25		μανασση	N-PRI	ELTERO_SZOVEGALAP
Józs 21:25	G3588	την	T-ASF	LXX_WH
Józs 21:25		ταναχ	N-PRI	ELTERO_SZOVEGALAP
Józs 21:25	G2532	και	CONJ	LXX_WH
Józs 21:25	G3588	τα	T-APN	LXX_WH
Józs 21:25		αφωρισμενα	V-RMPAP	ELTERO_SZOVEGALAP
Józs 21:25	G0846	αυτη	D-DSF	LXX_WH
Józs 21:25	G2532	και	CONJ	LXX_WH
Józs 21:25	G3588	την	T-ASF	LXX_WH
Józs 21:25		ιεβαθα	N-PRI	ELTERO_SZOVEGALAP
Józs 21:25	G2532	και	CONJ	LXX_WH
Józs 21:25	G3588	τα	T-APN	LXX_WH
Józs 21:25		αφωρισμενα	V-RMPAP	ELTERO_SZOVEGALAP
Józs 21:25	G0846	αυτη	D-DSF	LXX_WH
Józs 21:25	G4172	πολεις	N-APF	LXX_WH
Józs 21:25	G1417	δυο	N-NUI	LXX_WH
Józs 21:26	G3956	πασαι	A-NPF	LXX_WH
Józs 21:26	G4172	πολεις	N-NPF	LXX_WH
Józs 21:26	G1176	δεκα	N-NUI	LXX_WH
Józs 21:26	G2532	και	CONJ	LXX_WH
Józs 21:26	G3588	τα	T-NPN	LXX_WH
Józs 21:26	G0873	αφωρισμενα	V-RMPNP	ABP-potolt
Józs 21:26	G3588	τα	T-NPN	LXX_WH
Józs 21:26	G4314	προς	PREP	LXX_WH
Józs 21:26	G0846	αυταις	D-DPF	LXX_WH
Józs 21:26	G3588	τοις	T-DPM	LXX_WH
Józs 21:26	G1218	δημοις	N-DPM	LXX_WH
Józs 21:26	G5207	υιων	N-GPM	LXX_WH
Józs 21:26		κααθ	N-PRI	ELTERO_SZOVEGALAP
Józs 21:26	G3588	τοις	T-DPM	LXX_WH
Józs 21:26	G5275	υπολελειμμενοις	V-RMPDP	LXX_WH
Józs 21:27	G2532	και	CONJ	LXX_WH
Józs 21:27	G3588	τοις	T-DPM	LXX_WH
Józs 21:27	G5207	υιοις	N-DPM	LXX_WH
Józs 21:27		γεδσων	N-PRI	ELTERO_SZOVEGALAP
Józs 21:27	G3588	τοις	T-DPM	LXX_WH
Józs 21:27	G3019	λευιταις	N-DPM	LXX_WH
Józs 21:27	G1537	εκ	PREP	LXX_WH
Józs 21:27	G3588	του	T-GSN	LXX_WH
Józs 21:27	G2255	ημισους	A-GSN	ABP-potolt
Józs 21:27	G5443	φυλης	N-GSF	LXX_WH
Józs 21:27		μανασση	N-PRI	ELTERO_SZOVEGALAP
Józs 21:27	G3588	τας	T-APF	LXX_WH
Józs 21:27	G4172	πολεις	N-APF	LXX_WH
Józs 21:27	G3588	τας	T-APF	LXX_WH
Józs 21:27		αφωρισμενας	V-RMPAP	
Józs 21:27	G3588	τοις	T-DPM	LXX_WH
Józs 21:27	G5407	φονευσασι	V-AAPDP	LXX_WH
Józs 21:27	G3588	την	T-ASF	LXX_WH
Józs 21:27		γαυλων	N-PRI	ELTERO_SZOVEGALAP
Józs 21:27	G1722	εν	PREP	LXX_WH
Józs 21:27	G3588	τη	T-DSF	LXX_WH
Józs 21:27		βασανιτιδι	N-DSF	ELTERO_SZOVEGALAP
Józs 21:27	G2532	και	CONJ	LXX_WH
Józs 21:27	G3588	τα	T-APN	LXX_WH
Józs 21:27		αφωρισμενα	V-RMPAP	ELTERO_SZOVEGALAP
Józs 21:27	G0846	αυτη	D-DSF	LXX_WH
Józs 21:27	G2532	και	CONJ	LXX_WH
Józs 21:27	G3588	την	T-ASF	LXX_WH
Józs 21:27		βοσοραν	N-PRI	ELTERO_SZOVEGALAP
Józs 21:27	G2532	και	CONJ	LXX_WH
Józs 21:27	G3588	τα	T-APN	LXX_WH
Józs 21:27		αφωρισμενα	V-RMPAP	ELTERO_SZOVEGALAP
Józs 21:27	G0846	αυτη	D-DSF	LXX_WH
Józs 21:27	G4172	πολεις	N-APF	LXX_WH
Józs 21:27	G1417	δυο	N-NUI	LXX_WH
Józs 21:28	G2532	και	CONJ	LXX_WH
Józs 21:28	G1537	εκ	PREP	LXX_WH
Józs 21:28	G3588	της	T-GSF	LXX_WH
Józs 21:28	G5443	φυλης	N-GSF	LXX_WH
Józs 21:28		ισσαχαρ	N-PRI	ELTERO_SZOVEGALAP
Józs 21:28	G3588	την	T-ASF	LXX_WH
Józs 21:28		κισων	N-PRI	ELTERO_SZOVEGALAP
Józs 21:28	G2532	και	CONJ	LXX_WH
Józs 21:28	G3588	τα	T-APN	LXX_WH
Józs 21:28		αφωρισμενα	V-RMPAP	ELTERO_SZOVEGALAP
Józs 21:28	G0846	αυτη	D-DSF	LXX_WH
Józs 21:28	G2532	και	CONJ	LXX_WH
Józs 21:28		δεββα	N-PRI	ELTERO_SZOVEGALAP
Józs 21:28	G2532	και	CONJ	LXX_WH
Józs 21:28	G3588	τα	T-APN	LXX_WH
Józs 21:28		αφωρισμενα	V-RMPAP	ELTERO_SZOVEGALAP
Józs 21:28	G0846	αυτη	D-DSF	LXX_WH
Józs 21:29	G2532	και	CONJ	LXX_WH
Józs 21:29	G3588	την	T-ASF	LXX_WH
Józs 21:29		ρεμμαθ	N-PRI	ELTERO_SZOVEGALAP
Józs 21:29	G2532	και	CONJ	LXX_WH
Józs 21:29	G3588	τα	T-APN	LXX_WH
Józs 21:29		αφωρισμενα	V-RMPAP	ELTERO_SZOVEGALAP
Józs 21:29	G0846	αυτη	D-DSF	LXX_WH
Józs 21:29	G2532	και	CONJ	LXX_WH
Józs 21:29	G4077	πηγην	N-ASF	LXX_WH
Józs 21:29	G1121	γραμματων	N-GPN	LXX_WH
Józs 21:29	G2532	και	CONJ	LXX_WH
Józs 21:29	G3588	τα	T-APN	LXX_WH
Józs 21:29		αφωρισμενα	V-RMPAP	ELTERO_SZOVEGALAP
Józs 21:29	G0846	αυτη	D-DSF	LXX_WH
Józs 21:29	G4172	πολεις	N-APF	LXX_WH
Józs 21:29	G5064	τεσσαρες	N-NUI	LXX_WH
Józs 21:30	G2532	και	CONJ	LXX_WH
Józs 21:30	G1537	εκ	PREP	LXX_WH
Józs 21:30	G3588	της	T-GSF	LXX_WH
Józs 21:30	G5443	φυλης	N-GSF	LXX_WH
Józs 21:30	G0768	ασηρ	N-PRI	LXX_WH
Józs 21:30	G3588	την	T-ASF	LXX_WH
Józs 21:30		βασελλαν	N-PRI	ELTERO_SZOVEGALAP
Józs 21:30	G2532	και	CONJ	LXX_WH
Józs 21:30	G3588	τα	T-APN	LXX_WH
Józs 21:30		αφωρισμενα	V-RMPAP	ELTERO_SZOVEGALAP
Józs 21:30	G0846	αυτη	D-DSF	LXX_WH
Józs 21:30	G2532	και	CONJ	LXX_WH
Józs 21:30		δαββων	N-PRI	ELTERO_SZOVEGALAP
Józs 21:30	G2532	και	CONJ	LXX_WH
Józs 21:30	G3588	τα	T-APN	LXX_WH
Józs 21:30		αφωρισμενα	V-RMPAP	ELTERO_SZOVEGALAP
Józs 21:30	G0846	αυτη	D-DSF	LXX_WH
Józs 21:31	G2532	και	CONJ	LXX_WH
Józs 21:31	G3588	χελκατ	N-PRI	ABP-potolt
Józs 21:31	G2532	και	CONJ	LXX_WH
Józs 21:31	G3588	τα	T-APN	LXX_WH
Józs 21:31		αφωρισμενα	V-RMPAP	ELTERO_SZOVEGALAP
Józs 21:31	G0846	αυτη	D-DSF	LXX_WH
Józs 21:31	G2532	και	CONJ	LXX_WH
Józs 21:31	G3588	ρααβ	N-PRI	ABP-potolt
Józs 21:31	G2532	και	CONJ	LXX_WH
Józs 21:31	G3588	τα	T-APN	LXX_WH
Józs 21:31		αφωρισμενα	V-RMPAP	ELTERO_SZOVEGALAP
Józs 21:31	G0846	αυτη	D-DSF	LXX_WH
Józs 21:31	G4172	πολεις	N-APF	LXX_WH
Józs 21:31	G5064	τεσσαρες	N-NUI	LXX_WH
Józs 21:32	G2532	και	CONJ	LXX_WH
Józs 21:32	G1537	εκ	PREP	LXX_WH
Józs 21:32	G3588	της	T-GSF	LXX_WH
Józs 21:32	G5443	φυλης	N-GSF	LXX_WH
Józs 21:32		νεφθαλι	N-PRI	ELTERO_SZOVEGALAP
Józs 21:32	G3588	την	T-ASF	LXX_WH
Józs 21:32	G4172	πολιν	N-ASF	LXX_WH
Józs 21:32	G3588	την	T-ASF	LXX_WH
Józs 21:32		αφωρισμενην	V-RMPAS	
Józs 21:32	G3588	τω	T-DSM	LXX_WH
Józs 21:32	G5407	φονευσαντι	V-AAPDS	LXX_WH
Józs 21:32	G3588	την	T-ASF	LXX_WH
Józs 21:32		καδες	N-PRI	ELTERO_SZOVEGALAP
Józs 21:32	G1722	εν	PREP	LXX_WH
Józs 21:32	G3588	τη	T-DSF	LXX_WH
Józs 21:32	G1056	γαλιλαια	N-DSF	LXX_WH
Józs 21:32	G2532	και	CONJ	LXX_WH
Józs 21:32	G3588	τα	T-APN	LXX_WH
Józs 21:32		αφωρισμενα	V-RMPAP	ELTERO_SZOVEGALAP
Józs 21:32	G0846	αυτη	D-DSF	LXX_WH
Józs 21:32	G2532	και	CONJ	LXX_WH
Józs 21:32	G3588	την	T-ASF	LXX_WH
Józs 21:32		εμμαθ	N-PRI	ELTERO_SZOVEGALAP
Józs 21:32	G2532	και	CONJ	LXX_WH
Józs 21:32	G3588	τα	T-APN	LXX_WH
Józs 21:32		αφωρισμενα	V-RMPAP	ELTERO_SZOVEGALAP
Józs 21:32	G0846	αυτη	D-DSF	LXX_WH
Józs 21:32	G2532	και	CONJ	LXX_WH
Józs 21:32	G3588	θεμμων	N-PRI	ABP-potolt
Józs 21:32	G2532	και	CONJ	LXX_WH
Józs 21:32	G3588	τα	T-APN	LXX_WH
Józs 21:32		αφωρισμενα	V-RMPAP	ELTERO_SZOVEGALAP
Józs 21:32	G0846	αυτη	D-DSF	LXX_WH
Józs 21:32	G4172	πολεις	N-APF	LXX_WH
Józs 21:32	G5140	τρεις	A-APF	LXX_WH
Józs 21:33	G3956	πασαι	A-NPF	LXX_WH
Józs 21:33	G3588	αι	T-NPF	LXX_WH
Józs 21:33	G4172	πολεις	N-NPF	LXX_WH
Józs 21:33	G3588	του	T-GSM	LXX_WH
Józs 21:33		γεδσων	N-PRI	ELTERO_SZOVEGALAP
Józs 21:33	G2596	κατα	PREP	LXX_WH
Józs 21:33	G1218	δημους	N-APM	LXX_WH
Józs 21:33	G0846	αυτων	D-GPF	LXX_WH
Józs 21:33	G4172	πολεις	N-NPF	LXX_WH
Józs 21:33	G1176	δεκα	N-NUI	LXX_WH
Józs 21:33	G5140	τρεις	A-NPF	LXX_WH
Józs 21:34	G2532	και	CONJ	LXX_WH
Józs 21:34	G3588	τω	T-DSM	LXX_WH
Józs 21:34	G1218	δημω	N-DSM	LXX_WH
Józs 21:34	G5207	υιων	N-GPM	LXX_WH
Józs 21:34	G3588	μεραρι	N-PRI	ABP-potolt
Józs 21:34	G3588	τοις	T-DPM	LXX_WH
Józs 21:34	G3019	λευιταις	N-DPM	LXX_WH
Józs 21:34	G3588	τοις	T-DPM	LXX_WH
Józs 21:34	G3062	λοιποις	A-DPM	ABP-potolt
Józs 21:34	G1537	εκ	PREP	LXX_WH
Józs 21:34	G3588	της	T-GSF	LXX_WH
Józs 21:34	G5443	φυλης	N-GSF	LXX_WH
Józs 21:34	G5207	υιων	N-GPM	LXX_WH
Józs 21:34	G2194	ζαβουλων	N-PRI	LXX_WH
Józs 21:34	G3588	την	T-ASF	LXX_WH
Józs 21:34		μααν	N-PRI	ELTERO_SZOVEGALAP
Józs 21:34	G2532	και	CONJ	LXX_WH
Józs 21:34	G3588	τα	T-APN	LXX_WH
Józs 21:34		περισπορια	N-APN	ELTERO_SZOVEGALAP
Józs 21:34	G0846	αυτης	D-GSF	LXX_WH
Józs 21:34	G2532	και	CONJ	LXX_WH
Józs 21:34	G3588	την	T-ASF	LXX_WH
Józs 21:34		καδης	N-PRI	ELTERO_SZOVEGALAP
Józs 21:34	G2532	και	CONJ	LXX_WH
Józs 21:34	G3588	τα	T-APN	LXX_WH
Józs 21:34		περισπορια	N-APN	ELTERO_SZOVEGALAP
Józs 21:34	G0846	αυτης	D-GSF	LXX_WH
Józs 21:35	G2532	και	CONJ	LXX_WH
Józs 21:35	G3588	δεμνα	N-PRI	ABP-potolt
Józs 21:35	G2532	και	CONJ	LXX_WH
Józs 21:35	G3588	τα	T-APN	LXX_WH
Józs 21:35		περισπορια	N-APN	ELTERO_SZOVEGALAP
Józs 21:35	G0846	αυτης	D-GSF	LXX_WH
Józs 21:35	G2532	και	CONJ	LXX_WH
Józs 21:35	G3588	σελλα	N-PRI	ABP-potolt
Józs 21:35	G2532	και	CONJ	LXX_WH
Józs 21:35	G3588	τα	T-APN	LXX_WH
Józs 21:35		περισπορια	N-APN	ELTERO_SZOVEGALAP
Józs 21:35	G0846	αυτης	D-GSF	LXX_WH
Józs 21:35	G4172	πολεις	N-APF	LXX_WH
Józs 21:35	G5064	τεσσαρες	N-NUI	LXX_WH
Józs 21:36	G2532	και	CONJ	LXX_WH
Józs 21:36	G4008	περαν	PREP	LXX_WH
Józs 21:36	G3588	του	T-GSM	LXX_WH
Józs 21:36	G2446	ιορδανου	N-GSM	LXX_WH
Józs 21:36	G3588	του	T-GSM	LXX_WH
Józs 21:36	G2596	κατα	PREP	LXX_WH
Józs 21:36	G2410	ιεριχω	N-PRI	LXX_WH
Józs 21:36	G1537	εκ	PREP	LXX_WH
Józs 21:36	G3588	της	T-GSF	LXX_WH
Józs 21:36	G5443	φυλης	N-GSF	LXX_WH
Józs 21:36		ρουβην	N-PRI	ELTERO_SZOVEGALAP
Józs 21:36	G3588	την	T-ASF	LXX_WH
Józs 21:36	G4172	πολιν	N-ASF	LXX_WH
Józs 21:36	G3588	το	T-ASN	LXX_WH
Józs 21:36		φυγαδευτηριον	N-ASN	
Józs 21:36	G3588	του	T-GSM	LXX_WH
Józs 21:36	G5407	φονευσαντος	V-AAPGS	LXX_WH
Józs 21:36	G3588	την	T-ASF	LXX_WH
Józs 21:36	G1007	βοσορ	N-PRI	LXX_WH
Józs 21:36	G1722	εν	PREP	LXX_WH
Józs 21:36	G3588	τη	T-DSF	LXX_WH
Józs 21:36	G2048	ερημω	N-DSF	LXX_WH
Józs 21:36	G3588	τη	T-DSF	LXX_WH
Józs 21:36		μισωρ	N-PRI	ELTERO_SZOVEGALAP
Józs 21:36	G2532	και	CONJ	LXX_WH
Józs 21:36	G3588	τα	T-APN	LXX_WH
Józs 21:36		περισπορια	N-APN	ELTERO_SZOVEGALAP
Józs 21:36	G0846	αυτης	D-GSF	LXX_WH
Józs 21:36	G2532	και	CONJ	LXX_WH
Józs 21:36	G3588	την	T-ASF	LXX_WH
Józs 21:36		ιαζηρ	N-PRI	ELTERO_SZOVEGALAP
Józs 21:36	G2532	και	CONJ	LXX_WH
Józs 21:36	G3588	τα	T-APN	LXX_WH
Józs 21:36		περισπορια	N-APN	ELTERO_SZOVEGALAP
Józs 21:36	G0846	αυτης	D-GSF	LXX_WH
Józs 21:37	G2532	και	CONJ	LXX_WH
Józs 21:37	G3588	την	T-ASF	LXX_WH
Józs 21:37		δεκμων	N-PRI	ELTERO_SZOVEGALAP
Józs 21:37	G2532	και	CONJ	LXX_WH
Józs 21:37	G3588	τα	T-APN	LXX_WH
Józs 21:37		περισπορια	N-APN	ELTERO_SZOVEGALAP
Józs 21:37	G0846	αυτης	D-GSF	LXX_WH
Józs 21:37	G2532	και	CONJ	LXX_WH
Józs 21:37	G3588	την	T-ASF	LXX_WH
Józs 21:37		μαφα	N-PRI	ELTERO_SZOVEGALAP
Józs 21:37	G2532	και	CONJ	LXX_WH
Józs 21:37	G3588	τα	T-APN	LXX_WH
Józs 21:37		περισπορια	N-APN	ELTERO_SZOVEGALAP
Józs 21:37	G0846	αυτης	D-GSF	LXX_WH
Józs 21:37	G4172	πολεις	N-APF	LXX_WH
Józs 21:37	G5064	τεσσαρες	N-NUI	LXX_WH
Józs 21:38	G2532	και	CONJ	LXX_WH
Józs 21:38	G0575	απο	PREP	LXX_WH
Józs 21:38	G3588	της	T-GSF	LXX_WH
Józs 21:38	G5443	φυλης	N-GSF	LXX_WH
Józs 21:38	G1045	γαδ	N-PRI	LXX_WH
Józs 21:38	G3588	την	T-ASF	LXX_WH
Józs 21:38	G4172	πολιν	N-ASF	LXX_WH
Józs 21:38	G3588	το	T-ASN	LXX_WH
Józs 21:38		φυγαδευτηριον	N-ASN	
Józs 21:38	G3588	του	T-GSM	LXX_WH
Józs 21:38	G5407	φονευσαντος	V-AAPGS	LXX_WH
Józs 21:38	G3588	την	T-ASF	LXX_WH
Józs 21:38		ραμωθ	N-PRI	ELTERO_SZOVEGALAP
Józs 21:38	G1722	εν	PREP	LXX_WH
Józs 21:38	G3588	τη	T-DSF	LXX_WH
Józs 21:38		γαλααδ	N-PRI	ELTERO_SZOVEGALAP
Józs 21:38	G2532	και	CONJ	LXX_WH
Józs 21:38	G3588	τα	T-APN	LXX_WH
Józs 21:38		περισπορια	N-APN	ELTERO_SZOVEGALAP
Józs 21:38	G0846	αυτης	D-GSF	LXX_WH
Józs 21:38	G2532	και	CONJ	LXX_WH
Józs 21:38	G3588	την	T-ASF	LXX_WH
Józs 21:38		καμιν	N-PRI	ELTERO_SZOVEGALAP
Józs 21:38	G2532	και	CONJ	LXX_WH
Józs 21:38	G3588	τα	T-APN	LXX_WH
Józs 21:38		περισπορια	N-APN	ELTERO_SZOVEGALAP
Józs 21:38	G0846	αυτης	D-GSF	LXX_WH
Józs 21:39	G2532	και	CONJ	LXX_WH
Józs 21:39	G3588	την	T-ASF	LXX_WH
Józs 21:39		εσεβων	N-PRI	ELTERO_SZOVEGALAP
Józs 21:39	G2532	και	CONJ	LXX_WH
Józs 21:39	G3588	τα	T-APN	LXX_WH
Józs 21:39		περισπορια	N-APN	ELTERO_SZOVEGALAP
Józs 21:39	G0846	αυτης	D-GSF	LXX_WH
Józs 21:39	G2532	και	CONJ	LXX_WH
Józs 21:39	G3588	την	T-ASF	LXX_WH
Józs 21:39		ιαζηρ	N-PRI	ELTERO_SZOVEGALAP
Józs 21:39	G2532	και	CONJ	LXX_WH
Józs 21:39	G3588	τα	T-APN	LXX_WH
Józs 21:39		περισπορια	N-APN	ELTERO_SZOVEGALAP
Józs 21:39	G0846	αυτης	D-GSF	LXX_WH
Józs 21:39	G3588	αι	T-NPF	LXX_WH
Józs 21:39	G3956	πασαι	A-NPF	LXX_WH
Józs 21:39	G4172	πολεις	N-NPF	LXX_WH
Józs 21:39	G5064	τεσσαρες	N-NUI	LXX_WH
Józs 21:40	G3956	πασαι	A-NPF	LXX_WH
Józs 21:40	G4172	πολεις	N-NPF	LXX_WH
Józs 21:40	G3588	τοις	T-DPM	LXX_WH
Józs 21:40	G5207	υιοις	N-DPM	LXX_WH
Józs 21:40		μεραρι	N-PRI	ELTERO_SZOVEGALAP
Józs 21:40	G2596	κατα	PREP	LXX_WH
Józs 21:40	G1218	δημους	N-APM	LXX_WH
Józs 21:40	G0846	αυτων	D-GPM	LXX_WH
Józs 21:40	G3588	των	T-GPM	LXX_WH
Józs 21:40	G2641	καταλελειμμενων	V-RMPGP	LXX_WH
Józs 21:40	G0575	απο	PREP	LXX_WH
Józs 21:40	G3588	της	T-GSF	LXX_WH
Józs 21:40	G5443	φυλης	N-GSF	LXX_WH
Józs 21:40	G3017	λευι	N-PRI	LXX_WH
Józs 21:40	G2532	και	CONJ	LXX_WH
Józs 21:40	G1096	εγενηθη	V-API-3S	LXX_WH
Józs 21:40	G3588	τα	T-NPN	LXX_WH
Józs 21:40	G3725	ορια	N-NPN	LXX_WH
Józs 21:40	G4172	πολεις	N-NPF	LXX_WH
Józs 21:40	G1176	δεκα	N-NUI	LXX_WH
Józs 21:40	G1417	δυο	N-NUI	LXX_WH
Józs 21:41	G3956	πασαι	A-NPF	LXX_WH
Józs 21:41	G3588	αι	T-NPF	LXX_WH
Józs 21:41	G4172	πολεις	N-NPF	LXX_WH
Józs 21:41	G3588	των	T-GPM	LXX_WH
Józs 21:41	G3019	λευιτων	N-GPM	LXX_WH
Józs 21:41	G1722	εν	PREP	LXX_WH
Józs 21:41	G3319	μεσω	A-DSN	LXX_WH
Józs 21:41	G2697	κατασχεσεως	N-GSF	LXX_WH
Józs 21:41	G5207	υιων	N-GPM	LXX_WH
Józs 21:41	G2474	ισραηλ	N-PRI	LXX_WH
Józs 21:41	G5062	τεσσαρακοντα	N-NUI	LXX_WH
Józs 21:41	G3638	οκτω	N-NUI	LXX_WH
Józs 21:41	G4172	πολεις	N-NPF	LXX_WH
Józs 21:41	G2532	και	CONJ	LXX_WH
Józs 21:41	G3588	τα	T-NPN	LXX_WH
Józs 21:41		περισπορια	N-NPN	ELTERO_SZOVEGALAP
Józs 21:41	G0846	αυτων	D-GPF	LXX_WH
Józs 21:42	G2532	κυκλω	N-DSM	ABP-potolt
Józs 21:42	G3588	των	T-GPF	LXX_WH
Józs 21:42	G4172	πολεων	N-GPF	LXX_WH
Józs 21:42	G3778	τουτων	D-GPF	LXX_WH
Józs 21:42	G4172	πολις	N-NSF	LXX_WH
Józs 21:42	G2532	και	CONJ	LXX_WH
Józs 21:42	G3588	τα	T-NPN	LXX_WH
Józs 21:42		περισπορια	N-NPN	ELTERO_SZOVEGALAP
Józs 21:42		κυκλω	N-DSM	ELTERO_SZOVEGALAP
Józs 21:42	G3588	της	T-GSF	LXX_WH
Józs 21:42	G4172	πολεως	N-GSF	LXX_WH
Józs 21:42	G3956	πασαις	A-DPF	LXX_WH
Józs 21:42	G3588	ταις	T-DPF	LXX_WH
Józs 21:42	G4172	πολεσιν	N-DPF	LXX_WH
Józs 21:42	G3778	ταυταις	D-DPF	LXX_WH
Józs 21:43	G2532	και	CONJ	LXX_WH
Józs 21:43	G1325	εδωκεν	V-AAI-3S	LXX_WH
Józs 21:43	G2962	κυριος	N-NSM	LXX_WH
Józs 21:43	G3588	τω	T-DSM	LXX_WH
Józs 21:43	G2474	ισραηλ	N-PRI	LXX_WH
Józs 21:43	G3956	πασαν	A-ASF	LXX_WH
Józs 21:43	G3588	την	T-ASF	LXX_WH
Józs 21:43	G1065	γην	N-ASF	LXX_WH
Józs 21:43	G3739	ην	R-ASF	LXX_WH
Józs 21:43	G3660	ωμοσεν	V-AAI-3S	ABP-potolt
Józs 21:43	G1325	δουναι	V-AAN	LXX_WH
Józs 21:43	G3588	τοις	T-DPM	LXX_WH
Józs 21:43	G3962	πατρασιν	N-DPM	LXX_WH
Józs 21:43	G0846	αυτων	D-GPM	LXX_WH
Józs 21:43	G2532	και	CONJ	LXX_WH
Józs 21:43		κατεκληρονομησαν	V-AAI-3P	ELTERO_SZOVEGALAP
Józs 21:43	G0846	αυτην	D-ASF	LXX_WH
Józs 21:43	G2532	και	CONJ	LXX_WH
Józs 21:43	G2730	κατωκησαν	V-AAI-3P	ABP-potolt
Józs 21:43	G1722	εν	PREP	LXX_WH
Józs 21:43	G0846	αυτη	D-DSF	LXX_WH
Józs 21:44	G2532	και	CONJ	LXX_WH
Józs 21:44	G2664	κατεπαυσεν	V-AAI-3S	LXX_WH
Józs 21:44	G0846	αυτους	D-APM	LXX_WH
Józs 21:44	G2962	κυριος	N-NSM	LXX_WH
Józs 21:44	G2943	κυκλοθεν	ADV	LXX_WH
Józs 21:44	G2530	καθοτι	ADV	LXX_WH
Józs 21:44	G3660	ωμοσεν	V-AAI-3S	ABP-potolt
Józs 21:44	G3588	τοις	T-DPM	LXX_WH
Józs 21:44	G3962	πατρασιν	N-DPM	LXX_WH
Józs 21:44	G0846	αυτων	D-GPM	LXX_WH
Józs 21:44	G3364	ουκ	ADV	LXX_WH
Józs 21:44	G0450	ανεστη	V-AAI-3S	LXX_WH
Józs 21:44	G3762	ουθεις	A-NSM	LXX_WH
Józs 21:44		κατενωπιον	PREP	ELTERO_SZOVEGALAP
Józs 21:44	G0846	αυτων	D-GPM	LXX_WH
Józs 21:44	G0575	απο	PREP	LXX_WH
Józs 21:44	G3956	παντων	A-GPM	LXX_WH
Józs 21:44	G3588	των	T-GPM	LXX_WH
Józs 21:44	G2190	εχθρων	N-GPM	LXX_WH
Józs 21:44	G0846	αυτων	D-GPM	LXX_WH
Józs 21:44	G3956	παντας	A-APM	LXX_WH
Józs 21:44	G3588	τους	T-APM	LXX_WH
Józs 21:44	G2190	εχθρους	N-APM	LXX_WH
Józs 21:44	G0846	αυτων	D-GPM	LXX_WH
Józs 21:44	G3860	παρεδωκεν	V-AAI-3S	LXX_WH
Józs 21:44	G2962	κυριος	N-NSM	LXX_WH
Józs 21:44	G1519	εις	PREP	LXX_WH
Józs 21:44	G3588	τας	T-APF	LXX_WH
Józs 21:44	G5495	χειρας	N-APF	LXX_WH
Józs 21:44	G0846	αυτων	D-GPM	LXX_WH
Józs 21:45	G3364	ου	ADV	LXX_WH
Józs 21:45		διεπεσεν	V-AAI-3S	ELTERO_SZOVEGALAP
Józs 21:45	G0575	απο	PREP	LXX_WH
Józs 21:45	G3956	παντων	A-GPN	LXX_WH
Józs 21:45	G3588	των	T-GPN	LXX_WH
Józs 21:45	G4487	ρηματων	N-GPN	LXX_WH
Józs 21:45	G3588	των	T-GPN	LXX_WH
Józs 21:45	G2570	καλων	A-GPN	LXX_WH
Józs 21:45	G3739	ων	R-GPN	LXX_WH
Józs 21:45	G2980	ελαλησεν	V-AAI-3S	LXX_WH
Józs 21:45	G2962	κυριος	N-NSM	LXX_WH
Józs 21:45	G3588	τοις	T-DPM	LXX_WH
Józs 21:45	G5207	υιοις	N-DPM	LXX_WH
Józs 21:45	G2474	ισραηλ	N-PRI	LXX_WH
Józs 21:45	G3956	παντα	A-APN	LXX_WH
Józs 21:45	G3854	παρεγενετο	V-AMI-3S	LXX_WH
Józs 22:1	G5119	τοτε	ADV	LXX_WH
Józs 22:1	G4779	συνεκαλεσεν	V-AAI-3S	LXX_WH
Józs 22:1	G2424	ιησους	N-PRI	LXX_WH
Józs 22:1	G3588	τους	T-APM	LXX_WH
Józs 22:1	G5207	υιους	N-APM	LXX_WH
Józs 22:1		ρουβην	N-PRI	ELTERO_SZOVEGALAP
Józs 22:1	G2532	και	CONJ	LXX_WH
Józs 22:1	G3588	τους	T-APM	LXX_WH
Józs 22:1	G5207	υιους	N-APM	LXX_WH
Józs 22:1	G1045	γαδ	N-PRI	LXX_WH
Józs 22:1	G2532	και	CONJ	LXX_WH
Józs 22:1	G3588	το	T-ASN	LXX_WH
Józs 22:1	G2255	ημισυ	A-ASN	ABP-potolt
Józs 22:1	G5443	φυλης	N-GSF	LXX_WH
Józs 22:1		μανασση	N-PRI	ELTERO_SZOVEGALAP
Józs 22:2	G2532	και	CONJ	LXX_WH
Józs 22:2		ειπεν	V-AAI-3S	ELTERO_SZOVEGALAP
Józs 22:2	G0846	αυτοις	D-DPM	LXX_WH
Józs 22:2	G4771	υμεις	P-NP	LXX_WH
Józs 22:2	G0191	ακηκοατε	V-RAI-2P	LXX_WH
Józs 22:2	G3956	παντα	A-APN	LXX_WH
Józs 22:2	G3745	οσα	A-APN	LXX_WH
Józs 22:2	G1781	ενετειλατο	V-AMI-3S	LXX_WH
Józs 22:2	G4771	υμιν	P-DP	LXX_WH
Józs 22:2		μωυσης	N-NSM	ELTERO_SZOVEGALAP
Józs 22:2	G3588	ο	T-NSM	LXX_WH
Józs 22:2	G3816	παις	N-NSM	LXX_WH
Józs 22:2	G2962	κυριου	N-GSM	LXX_WH
Józs 22:2	G2532	και	CONJ	LXX_WH
Józs 22:2	G1873	επηκουσατε	V-AAI-2P	ABP-potolt
Józs 22:2	G3588	της	T-GSF	LXX_WH
Józs 22:2	G5456	φωνης	N-GSF	LXX_WH
Józs 22:2	G1473	μου	P-GS	LXX_WH
Józs 22:2	G2596	κατα	PREP	LXX_WH
Józs 22:2	G3956	παντα	A-APN	LXX_WH
Józs 22:2	G3745	οσα	A-APN	LXX_WH
Józs 22:2	G1781	ενετειλαμην	V-AMI-1S	LXX_WH
Józs 22:2	G4771	υμιν	P-DP	LXX_WH
Józs 22:3	G3364	ουκ	ADV	LXX_WH
Józs 22:3	G1459	εγκαταλελοιπατε	V-RAI-2P	LXX_WH
Józs 22:3	G3588	τους	T-APM	LXX_WH
Józs 22:3	G0080	αδελφους	N-APM	LXX_WH
Józs 22:3	G4771	υμων	P-GP	LXX_WH
Józs 22:3	G3778	ταυτας	D-APF	LXX_WH
Józs 22:3	G3588	τας	T-APF	LXX_WH
Józs 22:3	G2250	ημερας	N-APF	LXX_WH
Józs 22:3	G2532	και	CONJ	LXX_WH
Józs 22:3	G4183	πλειους	A-APF	LXX_WH
Józs 22:3	G2193	εως	PREP	LXX_WH
Józs 22:3	G3588	της	T-GSF	LXX_WH
Józs 22:3	G4594	σημερον	ADV	LXX_WH
Józs 22:3	G2250	ημερας	N-GSF	LXX_WH
Józs 22:3	G5442	εφυλαξασθε	V-AMI-2P	LXX_WH
Józs 22:3	G3588	την	T-ASF	LXX_WH
Józs 22:3	G1785	εντολην	N-ASF	LXX_WH
Józs 22:3	G2962	κυριου	N-GSM	LXX_WH
Józs 22:3	G3588	του	T-GSM	LXX_WH
Józs 22:3	G2316	θεου	N-GSM	LXX_WH
Józs 22:3	G4771	υμων	P-GP	LXX_WH
Józs 22:4	G3568	νυν	ADV	LXX_WH
Józs 22:4	G1161	δε	PRT	LXX_WH
Józs 22:4	G2664	κατεπαυσεν	V-AAI-3S	LXX_WH
Józs 22:4	G2962	κυριος	N-NSM	LXX_WH
Józs 22:4	G3588	ο	T-NSM	LXX_WH
Józs 22:4	G2316	θεος	N-NSM	LXX_WH
Józs 22:4	G1473	ημων	P-GP	LXX_WH
Józs 22:4	G3588	τους	T-APM	LXX_WH
Józs 22:4	G0080	αδελφους	N-APM	LXX_WH
Józs 22:4	G1473	ημων	P-GP	LXX_WH
Józs 22:4	G3739	ον	R-ASM	LXX_WH
Józs 22:4	G5158	τροπον	N-ASM	LXX_WH
Józs 22:4		ειπεν	V-AAI-3S	ELTERO_SZOVEGALAP
Józs 22:4	G0846	αυτοις	D-DPM	LXX_WH
Józs 22:4	G3568	νυν	ADV	LXX_WH
Józs 22:4	G3767	ουν	PRT	LXX_WH
Józs 22:4	G0654	αποστραφεντες	V-APPNP	LXX_WH
Józs 22:4	G0565	απελθατε	V-AAD-2P	LXX_WH
Józs 22:4	G1519	εις	PREP	LXX_WH
Józs 22:4	G3588	τους	T-APM	LXX_WH
Józs 22:4	G3624	οικους	N-APM	LXX_WH
Józs 22:4	G4771	υμων	P-GP	LXX_WH
Józs 22:4	G2532	και	CONJ	LXX_WH
Józs 22:4	G1519	εις	PREP	LXX_WH
Józs 22:4	G3588	την	T-ASF	LXX_WH
Józs 22:4	G1065	γην	N-ASF	LXX_WH
Józs 22:4	G3588	της	T-GSF	LXX_WH
Józs 22:4	G2697	κατασχεσεως	N-GSF	LXX_WH
Józs 22:4	G4771	υμων	P-GP	LXX_WH
Józs 22:4	G3739	ην	R-ASF	LXX_WH
Józs 22:4	G1325	εδωκεν	V-AAI-3S	LXX_WH
Józs 22:4	G4771	υμιν	P-DP	LXX_WH
Józs 22:4		μωυσης	N-NSM	ELTERO_SZOVEGALAP
Józs 22:4	G1722	εν	PREP	LXX_WH
Józs 22:4	G3588	τω	T-DSN	LXX_WH
Józs 22:4	G4008	περαν	ADV	LXX_WH
Józs 22:4	G3588	του	T-GSM	LXX_WH
Józs 22:4	G2446	ιορδανου	N-GSM	LXX_WH
Józs 22:5	G0235	αλλα	CONJ	LXX_WH
Józs 22:5	G5442	φυλαξασθε	V-AMD-2P	LXX_WH
Józs 22:5	G4160	ποιειν	V-PAN	LXX_WH
Józs 22:5	G4970	σφοδρα	ADV	LXX_WH
Józs 22:5	G3588	τας	T-APF	LXX_WH
Józs 22:5	G1785	εντολας	N-APF	LXX_WH
Józs 22:5	G2532	και	CONJ	LXX_WH
Józs 22:5	G3588	τον	T-ASM	LXX_WH
Józs 22:5	G3551	νομον	N-ASM	LXX_WH
Józs 22:5	G3739	ον	R-ASM	LXX_WH
Józs 22:5	G1781	ενετειλατο	V-AMI-3S	LXX_WH
Józs 22:5	G1473	ημιν	P-DP	LXX_WH
Józs 22:5	G4160	ποιειν	V-PAN	LXX_WH
Józs 22:5		μωυσης	N-NSM	ELTERO_SZOVEGALAP
Józs 22:5	G3588	ο	T-NSM	LXX_WH
Józs 22:5	G3816	παις	N-NSM	LXX_WH
Józs 22:5	G2962	κυριου	N-GSM	LXX_WH
Józs 22:5	G0025	αγαπαν	V-PAN	LXX_WH
Józs 22:5	G2962	κυριον	N-ASM	LXX_WH
Józs 22:5	G3588	τον	T-ASM	LXX_WH
Józs 22:5	G2316	θεον	N-ASM	LXX_WH
Józs 22:5	G4771	υμων	P-GP	LXX_WH
Józs 22:5	G4198	πορευεσθαι	V-PMN	LXX_WH
Józs 22:5	G3956	πασαις	A-DPF	LXX_WH
Józs 22:5	G3588	ταις	T-DPF	LXX_WH
Józs 22:5	G3598	οδοις	N-DPF	LXX_WH
Józs 22:5	G0846	αυτου	D-GSM	LXX_WH
Józs 22:5	G5442	φυλαξασθαι	V-AMN	LXX_WH
Józs 22:5	G3588	τας	T-APF	LXX_WH
Józs 22:5	G1785	εντολας	N-APF	LXX_WH
Józs 22:5	G0846	αυτου	D-GSM	LXX_WH
Józs 22:5	G2532	και	CONJ	LXX_WH
Józs 22:5		προσκεισθαι	V-PMN	ELTERO_SZOVEGALAP
Józs 22:5	G0846	αυτω	D-DSM	LXX_WH
Józs 22:5	G2532	και	CONJ	LXX_WH
Józs 22:5	G3000	λατρευειν	V-PAN	LXX_WH
Józs 22:5	G0846	αυτω	D-DSM	LXX_WH
Józs 22:5	G1537	εξ	PREP	LXX_WH
Józs 22:5	G3650	ολης	A-GSF	LXX_WH
Józs 22:5	G3588	της	T-GSF	LXX_WH
Józs 22:5	G1271	διανοιας	N-GSF	LXX_WH
Józs 22:5	G4771	υμων	P-GP	LXX_WH
Józs 22:5	G2532	και	CONJ	LXX_WH
Józs 22:5	G1537	εξ	PREP	LXX_WH
Józs 22:5	G3650	ολης	A-GSF	LXX_WH
Józs 22:5	G3588	της	T-GSF	LXX_WH
Józs 22:5	G5590	ψυχης	N-GSF	LXX_WH
Józs 22:5	G4771	υμων	P-GP	LXX_WH
Józs 22:6	G2532	και	CONJ	LXX_WH
Józs 22:6	G2127	ηυλογησεν	V-AAI-3S	LXX_WH
Józs 22:6	G0846	αυτους	D-APM	LXX_WH
Józs 22:6	G2424	ιησους	N-PRI	LXX_WH
Józs 22:6	G2532	και	CONJ	LXX_WH
Józs 22:6	G1821	εξαπεστειλεν	V-AAI-3S	LXX_WH
Józs 22:6	G0846	αυτους	D-APM	LXX_WH
Józs 22:6	G2532	και	CONJ	LXX_WH
Józs 22:6	G4198	επορευθησαν	V-API-3P	LXX_WH
Józs 22:6	G1519	εις	PREP	LXX_WH
Józs 22:6	G3588	τους	T-APM	LXX_WH
Józs 22:6	G3624	οικους	N-APM	LXX_WH
Józs 22:6	G0846	αυτων	D-GPM	LXX_WH
Józs 22:7	G2532	και	CONJ	LXX_WH
Józs 22:7	G3588	τω	T-DSN	LXX_WH
Józs 22:7	G2255	ημισει	A-DSN	ABP-potolt
Józs 22:7	G5443	φυλης	N-GSF	LXX_WH
Józs 22:7	G1325	μανασση	N-PRI	ABP-potolt
Józs 22:7	G1325	εδωκεν	V-AAI-3S	LXX_WH
Józs 22:7	G1325	μωυσης	N-NSM	ABP-potolt
Józs 22:7	G1722	εν	PREP	LXX_WH
Józs 22:7	G3588	τη	T-DSF	LXX_WH
Józs 22:7	G3624	βασανιτιδι	N-DSF	ABP-potolt
Józs 22:7	G2532	και	CONJ	LXX_WH
Józs 22:7	G3588	τω	T-DSN	LXX_WH
Józs 22:7	G2255	ημισει	A-DSN	ABP-potolt
Józs 22:7	G1325	εδωκεν	V-AAI-3S	LXX_WH
Józs 22:7	G2424	ιησους	N-PRI	LXX_WH
Józs 22:7	G3326	μετα	PREP	LXX_WH
Józs 22:7	G3588	των	T-GPM	LXX_WH
Józs 22:7	G0080	αδελφων	N-GPM	LXX_WH
Józs 22:7	G0846	αυτου	D-GSM	LXX_WH
Józs 22:7	G1722	εν	PREP	LXX_WH
Józs 22:7	G3588	τω	T-DSN	LXX_WH
Józs 22:7	G4008	περαν	ADV	LXX_WH
Józs 22:7	G3588	του	T-GSM	LXX_WH
Józs 22:7	G2446	ιορδανου	N-GSM	LXX_WH
Józs 22:7	G3844	παρα	PREP	LXX_WH
Józs 22:7	G2281	θαλασσαν	N-ASF	LXX_WH
Józs 22:7	G2532	και	CONJ	LXX_WH
Józs 22:7	G2259	ηνικα	ADV	LXX_WH
Józs 22:7	G1821	εξαπεστειλεν	V-AAI-3S	LXX_WH
Józs 22:7	G0846	αυτους	D-APM	LXX_WH
Józs 22:7	G2424	ιησους	N-PRI	LXX_WH
Józs 22:7	G1519	εις	PREP	LXX_WH
Józs 22:7	G3588	τους	T-APM	LXX_WH
Józs 22:7	G3624	οικους	N-APM	LXX_WH
Józs 22:7	G0846	αυτων	D-GPM	LXX_WH
Józs 22:7	G2532	και	CONJ	LXX_WH
Józs 22:7	G2127	ευλογησεν	V-AAI-3S	LXX_WH
Józs 22:7	G0846	αυτους	D-APM	LXX_WH
Józs 22:8	G2532	και	CONJ	LXX_WH
Józs 22:8	G1722	εν	PREP	LXX_WH
Józs 22:8	G5536	χρημασιν	N-DPN	LXX_WH
Józs 22:8	G4183	πολλοις	A-DPN	LXX_WH
Józs 22:8	G0565	απηλθοσαν	V-AAI-3P	LXX_WH
Józs 22:8	G1519	εις	PREP	LXX_WH
Józs 22:8	G3588	τους	T-APM	LXX_WH
Józs 22:8	G3624	οικους	N-APM	LXX_WH
Józs 22:8	G0846	αυτων	D-GPM	LXX_WH
Józs 22:8	G2532	και	CONJ	LXX_WH
Józs 22:8	G2934	κτηνη	N-APN	LXX_WH
Józs 22:8	G4183	πολλα	A-APN	LXX_WH
Józs 22:8	G4970	σφοδρα	ADV	LXX_WH
Józs 22:8	G2532	και	CONJ	LXX_WH
Józs 22:8	G0694	αργυριον	N-ASN	LXX_WH
Józs 22:8	G2532	και	CONJ	LXX_WH
Józs 22:8	G5553	χρυσιον	N-ASN	LXX_WH
Józs 22:8	G2532	και	CONJ	LXX_WH
Józs 22:8	G4604	σιδηρον	N-ASM	LXX_WH
Józs 22:8	G2532	και	CONJ	LXX_WH
Józs 22:8	G2441	ιματισμον	N-ASM	LXX_WH
Józs 22:8	G4183	πολυν	A-ASM	LXX_WH
Józs 22:8	G2532	και	CONJ	LXX_WH
Józs 22:8	G1244	διειλαντο	V-AMI-3P	LXX_WH
Józs 22:8	G3588	την	T-ASF	LXX_WH
Józs 22:8	G4307	προνομην	N-ASF	ABP-potolt
Józs 22:8	G3588	των	T-GPM	LXX_WH
Józs 22:8	G2190	εχθρων	N-GPM	LXX_WH
Józs 22:8	G3326	μετα	PREP	LXX_WH
Józs 22:8	G3588	των	T-GPM	LXX_WH
Józs 22:8	G0080	αδελφων	N-GPM	LXX_WH
Józs 22:8	G0846	αυτων	D-GPM	LXX_WH
Józs 22:9	G2532	και	CONJ	LXX_WH
Józs 22:9	G4198	επορευθησαν	V-API-3P	LXX_WH
Józs 22:9	G3588	οι	T-NPM	LXX_WH
Józs 22:9	G5207	υιοι	N-NPM	LXX_WH
Józs 22:9		ρουβην	N-PRI	ELTERO_SZOVEGALAP
Józs 22:9	G2532	και	CONJ	LXX_WH
Józs 22:9	G3588	οι	T-NPM	LXX_WH
Józs 22:9	G5207	υιοι	N-NPM	LXX_WH
Józs 22:9	G1045	γαδ	N-PRI	LXX_WH
Józs 22:9	G2532	και	CONJ	LXX_WH
Józs 22:9	G3588	το	T-NSN	LXX_WH
Józs 22:9	G2255	ημισυ	A-NSN	ABP-potolt
Józs 22:9	G5443	φυλης	N-GSF	LXX_WH
Józs 22:9	G5207	υιων	N-GPM	LXX_WH
Józs 22:9		μανασση	N-PRI	ELTERO_SZOVEGALAP
Józs 22:9	G0575	απο	PREP	LXX_WH
Józs 22:9	G3588	των	T-GPM	LXX_WH
Józs 22:9	G5207	υιων	N-GPM	LXX_WH
Józs 22:9	G2474	ισραηλ	N-PRI	LXX_WH
Józs 22:9	G1537	εκ	PREP	LXX_WH
Józs 22:9		σηλω	N-PRI	ELTERO_SZOVEGALAP
Józs 22:9	G1722	εν	PREP	LXX_WH
Józs 22:9	G1065	γη	N-DSF	LXX_WH
Józs 22:9	G5477	χανααν	N-PRI	LXX_WH
Józs 22:9	G0565	απελθειν	V-AAN	LXX_WH
Józs 22:9	G1519	εις	PREP	LXX_WH
Józs 22:9	G1065	γην	N-ASF	LXX_WH
Józs 22:9		γαλααδ	N-PRI	ELTERO_SZOVEGALAP
Józs 22:9	G1519	εις	PREP	LXX_WH
Józs 22:9	G1065	γην	N-ASF	LXX_WH
Józs 22:9	G2697	κατασχεσεως	N-GSF	LXX_WH
Józs 22:9	G0846	αυτων	D-GPM	LXX_WH
Józs 22:9	G3739	ην	R-ASF	LXX_WH
Józs 22:9	G2816	εκληρονομησαν	V-AAI-3P	LXX_WH
Józs 22:9	G0846	αυτην	D-ASF	LXX_WH
Józs 22:9	G1223	δια	PREP	LXX_WH
Józs 22:9	G4366	προσταγματος	N-GSN	ABP-potolt
Józs 22:9	G2962	κυριου	N-GSM	LXX_WH
Józs 22:9	G1722	εν	PREP	LXX_WH
Józs 22:9	G5495	χειρι	N-DSF	LXX_WH
Józs 22:9		μωυση	N-GSM	ELTERO_SZOVEGALAP
Józs 22:10	G2532	και	CONJ	LXX_WH
Józs 22:10	G2064	ηλθον	V-AAI-3P	LXX_WH
Józs 22:10	G1519	εις	PREP	LXX_WH
Józs 22:10		γαλγαλα	N-PRI	ELTERO_SZOVEGALAP
Józs 22:10	G3588	του	T-GSM	LXX_WH
Józs 22:10	G2446	ιορδανου	N-GSM	LXX_WH
Józs 22:10	G3739	η	R-NSF	LXX_WH
Józs 22:10	G1510	εστιν	V-PAI-3S	LXX_WH
Józs 22:10	G1722	εν	PREP	LXX_WH
Józs 22:10	G1065	γη	N-DSF	LXX_WH
Józs 22:10	G5477	χανααν	N-PRI	LXX_WH
Józs 22:10	G2532	και	CONJ	LXX_WH
Józs 22:10	G3618	ωκοδομησαν	V-AAI-3P	LXX_WH
Józs 22:10	G3588	οι	T-NPM	LXX_WH
Józs 22:10	G5207	υιοι	N-NPM	LXX_WH
Józs 22:10	G1045	γαδ	N-PRI	LXX_WH
Józs 22:10	G2532	και	CONJ	LXX_WH
Józs 22:10	G3588	οι	T-NPM	LXX_WH
Józs 22:10	G5207	υιοι	N-NPM	LXX_WH
Józs 22:10		ρουβην	N-PRI	ELTERO_SZOVEGALAP
Józs 22:10	G2532	και	CONJ	LXX_WH
Józs 22:10	G3588	το	T-NSN	LXX_WH
Józs 22:10	G2255	ημισυ	A-NSN	ABP-potolt
Józs 22:10	G5443	φυλης	N-GSF	LXX_WH
Józs 22:10		μανασση	N-PRI	ELTERO_SZOVEGALAP
Józs 22:10	G1563	εκει	ADV	LXX_WH
Józs 22:10	G1041	βωμον	N-ASM	LXX_WH
Józs 22:10	G1909	επι	PREP	LXX_WH
Józs 22:10	G3588	του	T-GSM	LXX_WH
Józs 22:10	G2446	ιορδανου	N-GSM	LXX_WH
Józs 22:10	G1041	βωμον	N-ASM	LXX_WH
Józs 22:10	G3173	μεγαν	A-ASM	LXX_WH
Józs 22:10	G3588	του	T-GSN	LXX_WH
Józs 22:10	G3708	ιδειν	V-AAN	LXX_WH
Józs 22:11	G2532	και	CONJ	LXX_WH
Józs 22:11	G0191	ηκουσαν	V-AAI-3P	LXX_WH
Józs 22:11	G3588	οι	T-NPM	LXX_WH
Józs 22:11	G5207	υιοι	N-NPM	LXX_WH
Józs 22:11	G2474	ισραηλ	N-PRI	LXX_WH
Józs 22:11	G3004	λεγοντων	V-PAPGP	LXX_WH
Józs 22:11	G2400	ιδου	INJ	LXX_WH
Józs 22:11	G3618	ωκοδομησαν	V-AAI-3P	LXX_WH
Józs 22:11	G3588	οι	T-NPM	LXX_WH
Józs 22:11	G5207	υιοι	N-NPM	LXX_WH
Józs 22:11	G1045	γαδ	N-PRI	LXX_WH
Józs 22:11	G2532	και	CONJ	LXX_WH
Józs 22:11	G3588	οι	T-NPM	LXX_WH
Józs 22:11	G5207	υιοι	N-NPM	LXX_WH
Józs 22:11		ρουβην	N-PRI	ELTERO_SZOVEGALAP
Józs 22:11	G2532	και	CONJ	LXX_WH
Józs 22:11	G3588	το	T-NSN	LXX_WH
Józs 22:11	G2255	ημισυ	A-NSN	ABP-potolt
Józs 22:11	G5443	φυλης	N-GSF	LXX_WH
Józs 22:11		μανασση	N-PRI	ELTERO_SZOVEGALAP
Józs 22:11	G1041	βωμον	N-ASM	LXX_WH
Józs 22:11	G1909	εφ	PREP	LXX_WH
Józs 22:11	G3725	οριων	N-GPN	LXX_WH
Józs 22:11	G1065	γης	N-GSF	LXX_WH
Józs 22:11	G5477	χανααν	N-PRI	LXX_WH
Józs 22:11	G1909	επι	PREP	LXX_WH
Józs 22:11	G3588	του	T-GSM	LXX_WH
Józs 22:11	G1722	γαλααδ	N-PRI	ABP-potolt
Józs 22:11	G3588	του	T-GSM	LXX_WH
Józs 22:11	G2446	ιορδανου	N-GSM	LXX_WH
Józs 22:11	G1722	εν	PREP	LXX_WH
Józs 22:11	G3588	τω	T-DSN	LXX_WH
Józs 22:11	G4008	περαν	ADV	LXX_WH
Józs 22:11	G5207	υιων	N-GPM	LXX_WH
Józs 22:11	G2474	ισραηλ	N-PRI	LXX_WH
Józs 22:12	G2532	και	CONJ	LXX_WH
Józs 22:12	G4867	συνηθροισθησαν	V-API-3P	LXX_WH
Józs 22:12	G3956	παντες	A-NPM	LXX_WH
Józs 22:12	G3588	οι	T-NPM	LXX_WH
Józs 22:12	G5207	υιοι	N-NPM	LXX_WH
Józs 22:12	G2474	ισραηλ	N-PRI	LXX_WH
Józs 22:12	G1519	εις	PREP	LXX_WH
Józs 22:12		σηλω	N-PRI	ELTERO_SZOVEGALAP
Józs 22:12	G5620	ωστε	CONJ	LXX_WH
Józs 22:12	G0305	αναβαντες	V-AAPNP	LXX_WH
Józs 22:12		εκπολεμησαι	V-AAN	ELTERO_SZOVEGALAP
Józs 22:12	G0846	αυτους	D-APM	LXX_WH
Józs 22:13	G2532	και	CONJ	LXX_WH
Józs 22:13	G0649	απεστειλαν	V-AAI-3P	LXX_WH
Józs 22:13	G3588	οι	T-NPM	LXX_WH
Józs 22:13	G5207	υιοι	N-NPM	LXX_WH
Józs 22:13	G2474	ισραηλ	N-PRI	LXX_WH
Józs 22:13	G4314	προς	PREP	LXX_WH
Józs 22:13	G3588	τους	T-APM	LXX_WH
Józs 22:13	G5207	υιους	N-APM	LXX_WH
Józs 22:13		ρουβην	N-PRI	ELTERO_SZOVEGALAP
Józs 22:13	G2532	και	CONJ	LXX_WH
Józs 22:13	G4314	προς	PREP	LXX_WH
Józs 22:13	G3588	τους	T-APM	LXX_WH
Józs 22:13	G5207	υιους	N-APM	LXX_WH
Józs 22:13	G1045	γαδ	N-PRI	LXX_WH
Józs 22:13	G2532	και	CONJ	LXX_WH
Józs 22:13	G4314	προς	PREP	LXX_WH
Józs 22:13	G3588	το	T-ASN	LXX_WH
Józs 22:13	G2255	ημισυ	A-ASN	ABP-potolt
Józs 22:13	G5443	φυλης	N-GSF	LXX_WH
Józs 22:13		μανασση	N-PRI	ELTERO_SZOVEGALAP
Józs 22:13	G1519	εις	PREP	LXX_WH
Józs 22:13	G1065	γην	N-ASF	LXX_WH
Józs 22:13		γαλααδ	N-PRI	ELTERO_SZOVEGALAP
Józs 22:13	G3588	τον	T-ASM	LXX_WH
Józs 22:13	G5037	τε	PRT	LXX_WH
Józs 22:13	G5207	φινεες	N-PRI	ABP-potolt
Józs 22:13	G5207	υιον	N-ASM	LXX_WH
Józs 22:13	G1648	ελεαζαρ	N-PRI	LXX_WH
Józs 22:13	G5207	υιου	N-GSM	LXX_WH
Józs 22:13	G0002	ααρων	N-PRI	LXX_WH
Józs 22:13	G3588	του	T-GSM	LXX_WH
Józs 22:13	G0749	αρχιερεως	N-GSM	LXX_WH
Józs 22:14	G2532	και	CONJ	LXX_WH
Józs 22:14	G1176	δεκα	N-NUI	LXX_WH
Józs 22:14	G3588	των	T-GPM	LXX_WH
Józs 22:14	G0758	αρχοντων	N-GPM	LXX_WH
Józs 22:14	G3326	μετ	PREP	LXX_WH
Józs 22:14	G0846	αυτου	D-GSM	LXX_WH
Józs 22:14	G0758	αρχων	N-NSM	LXX_WH
Józs 22:14	G1519	εις	A-NSM	LXX_WH
Józs 22:14	G0575	απο	PREP	LXX_WH
Józs 22:14	G3624	οικου	N-GSM	LXX_WH
Józs 22:14	G3965	πατριας	N-GSF	LXX_WH
Józs 22:14	G0575	απο	PREP	LXX_WH
Józs 22:14	G3956	πασων	A-GPF	LXX_WH
Józs 22:14	G5443	φυλων	N-GPF	LXX_WH
Józs 22:14	G2474	ισραηλ	N-PRI	LXX_WH
Józs 22:14	G0758	αρχοντες	N-NPM	LXX_WH
Józs 22:14	G3624	οικων	N-GPM	LXX_WH
Józs 22:14	G3965	πατριων	N-GPF	LXX_WH
Józs 22:14	G1510	εισιν	V-PAI-3P	LXX_WH
Józs 22:14	G5506	χιλιαρχοι	N-NPM	LXX_WH
Józs 22:14	G2474	ισραηλ	N-PRI	LXX_WH
Józs 22:15	G2532	και	CONJ	LXX_WH
Józs 22:15	G3854	παρεγενοντο	V-AMI-3P	LXX_WH
Józs 22:15	G4314	προς	PREP	LXX_WH
Józs 22:15	G3588	τους	T-APM	LXX_WH
Józs 22:15	G5207	υιους	N-APM	LXX_WH
Józs 22:15	G1045	γαδ	N-PRI	LXX_WH
Józs 22:15	G2532	και	CONJ	LXX_WH
Józs 22:15	G4314	προς	PREP	LXX_WH
Józs 22:15	G3588	τους	T-APM	LXX_WH
Józs 22:15	G5207	υιους	N-APM	LXX_WH
Józs 22:15		ρουβην	N-PRI	ELTERO_SZOVEGALAP
Józs 22:15	G2532	και	CONJ	LXX_WH
Józs 22:15	G4314	προς	PREP	LXX_WH
Józs 22:15	G3588	τους	T-APM	LXX_WH
Józs 22:15	G2255	ημισεις	A-APM	ABP-potolt
Józs 22:15	G5443	φυλης	N-GSF	LXX_WH
Józs 22:15		μανασση	N-PRI	ELTERO_SZOVEGALAP
Józs 22:15	G1519	εις	PREP	LXX_WH
Józs 22:15	G1065	γην	N-ASF	LXX_WH
Józs 22:15		γαλααδ	N-PRI	ELTERO_SZOVEGALAP
Józs 22:15	G2532	και	CONJ	LXX_WH
Józs 22:15	G2980	ελαλησαν	V-AAI-3P	LXX_WH
Józs 22:15	G4314	προς	PREP	LXX_WH
Józs 22:15	G0846	αυτους	D-APM	LXX_WH
Józs 22:15	G3004	λεγοντες	V-PAPNP	LXX_WH
Józs 22:16	G3592	ταδε	D-APN	LXX_WH
Józs 22:16	G3004	λεγει	V-PAI-3S	LXX_WH
Józs 22:16	G3956	πασα	A-NSF	LXX_WH
Józs 22:16	G3588	η	T-NSF	LXX_WH
Józs 22:16	G4864	συναγωγη	N-NSF	LXX_WH
Józs 22:16	G2962	κυριου	N-GSM	LXX_WH
Józs 22:16	G5100	τις	I-NSF	LXX_WH
Józs 22:16	G3588	η	T-NSF	LXX_WH
Józs 22:16		πλημμελεια	N-NSF	ELTERO_SZOVEGALAP
Józs 22:16	G3778	αυτη	D-NSF	LXX_WH
Józs 22:16	G3739	ην	R-ASF	LXX_WH
Józs 22:16		επλημμελησατε	V-AAI-2P	ELTERO_SZOVEGALAP
Józs 22:16	G1726	εναντιον	PREP	LXX_WH
Józs 22:16	G3588	του	T-GSM	LXX_WH
Józs 22:16	G2316	θεου	N-GSM	LXX_WH
Józs 22:16	G2474	ισραηλ	N-PRI	LXX_WH
Józs 22:16	G0654	αποστραφηναι	V-APN	LXX_WH
Józs 22:16	G4594	σημερον	ADV	LXX_WH
Józs 22:16	G0575	απο	PREP	LXX_WH
Józs 22:16	G2962	κυριου	N-GSM	LXX_WH
Józs 22:16	G3618	οικοδομησαντες	V-AAPNP	LXX_WH
Józs 22:16	G4771	υμιν	P-DP	LXX_WH
Józs 22:16	G1438	εαυτοις	D-DPM	LXX_WH
Józs 22:16	G1041	βωμον	N-ASM	LXX_WH
Józs 22:16		αποστατας	N-APM	ELTERO_SZOVEGALAP
Józs 22:16	G4771	υμας	P-AP	LXX_WH
Józs 22:16	G1096	γενεσθαι	V-AMN	LXX_WH
Józs 22:16	G0575	απο	PREP	LXX_WH
Józs 22:16	G2962	κυριου	N-GSM	LXX_WH
Józs 22:17	G3165	μη	ADV	LXX_WH
Józs 22:17	G3398	μικρον	A-NSN	LXX_WH
Józs 22:17	G1473	ημιν	P-DP	LXX_WH
Józs 22:17	G3588	το	T-NSN	LXX_WH
Józs 22:17	G0265	αμαρτημα	N-NSN	LXX_WH
Józs 22:17		φογωρ	N-PRI	ELTERO_SZOVEGALAP
Józs 22:17	G3754	οτι	CONJ	LXX_WH
Józs 22:17	G3364	ουκ	ADV	LXX_WH
Józs 22:17	G2511	εκαθαρισθημεν	V-API-1P	LXX_WH
Józs 22:17	G0575	απ	PREP	LXX_WH
Józs 22:17	G0846	αυτου	D-GSN	LXX_WH
Józs 22:17	G2193	εως	PREP	LXX_WH
Józs 22:17	G3588	της	T-GSF	LXX_WH
Józs 22:17	G2250	ημερας	N-GSF	LXX_WH
Józs 22:17	G3778	ταυτης	D-GSF	LXX_WH
Józs 22:17	G2532	και	CONJ	LXX_WH
Józs 22:17	G1096	εγενηθη	V-API-3S	LXX_WH
Józs 22:17	G4127	πληγη	N-NSF	LXX_WH
Józs 22:17	G1722	εν	PREP	LXX_WH
Józs 22:17	G3588	τη	T-DSF	LXX_WH
Józs 22:17	G4864	συναγωγη	N-DSF	LXX_WH
Józs 22:17	G2962	κυριου	N-GSM	LXX_WH
Józs 22:18	G2532	και	CONJ	LXX_WH
Józs 22:18	G4771	υμεις	P-NP	LXX_WH
Józs 22:18	G0654	αποστραφησεσθε	V-FPI-2P	LXX_WH
Józs 22:18	G4594	σημερον	ADV	LXX_WH
Józs 22:18	G0575	απο	PREP	LXX_WH
Józs 22:18	G2962	κυριου	N-GSM	LXX_WH
Józs 22:18	G2532	και	CONJ	LXX_WH
Józs 22:18	G1510	εσται	V-FMI-3S	LXX_WH
Józs 22:18	G1437	εαν	CONJ	LXX_WH
Józs 22:18		αποστητε	V-AAS-2P	ELTERO_SZOVEGALAP
Józs 22:18	G4594	σημερον	ADV	LXX_WH
Józs 22:18	G0575	απο	PREP	LXX_WH
Józs 22:18	G2962	κυριου	N-GSM	LXX_WH
Józs 22:18	G2532	και	CONJ	LXX_WH
Józs 22:18	G0839	αυριον	ADV	LXX_WH
Józs 22:18	G1909	επι	PREP	LXX_WH
Józs 22:18	G3956	παντα	A-ASM	LXX_WH
Józs 22:18	G2474	ισραηλ	N-PRI	LXX_WH
Józs 22:18	G1510	εσται	V-FMI-3S	LXX_WH
Józs 22:18	G3588	η	T-NSF	LXX_WH
Józs 22:18	G3709	οργη	N-NSF	LXX_WH
Józs 22:19	G2532	και	CONJ	LXX_WH
Józs 22:19	G3568	νυν	ADV	LXX_WH
Józs 22:19	G1487	ει	CONJ	LXX_WH
Józs 22:19	G3398	μικρα	A-NSF	LXX_WH
Józs 22:19	G4771	υμιν	P-DP	LXX_WH
Józs 22:19	G3588	η	T-NSF	LXX_WH
Józs 22:19	G1065	γη	N-NSF	LXX_WH
Józs 22:19	G3588	της	T-GSF	LXX_WH
Józs 22:19	G2697	κατασχεσεως	N-GSF	LXX_WH
Józs 22:19	G4771	υμων	P-GP	LXX_WH
Józs 22:19	G1224	διαβητε	V-AAD-2P	LXX_WH
Józs 22:19	G1519	εις	PREP	LXX_WH
Józs 22:19	G3588	την	T-ASF	LXX_WH
Józs 22:19	G1065	γην	N-ASF	LXX_WH
Józs 22:19	G3588	της	T-GSF	LXX_WH
Józs 22:19	G2697	κατασχεσεως	N-GSF	LXX_WH
Józs 22:19	G2962	κυριου	N-GSM	LXX_WH
Józs 22:19	G3364	ου	ADV	LXX_WH
Józs 22:19	G2681	κατασκηνοι	V-PAI-3S	LXX_WH
Józs 22:19	G1563	εκει	ADV	LXX_WH
Józs 22:19	G3588	η	T-NSF	LXX_WH
Józs 22:19	G4633	σκηνη	N-NSF	LXX_WH
Józs 22:19	G2962	κυριου	N-GSM	LXX_WH
Józs 22:19	G2532	και	CONJ	LXX_WH
Józs 22:19	G2624	κατακληρονομησατε	V-AAD-2P	ABP-potolt
Józs 22:19	G1722	εν	PREP	LXX_WH
Józs 22:19	G1473	ημιν	P-DP	LXX_WH
Józs 22:19	G2532	και	CONJ	LXX_WH
Józs 22:19	G3165	μη	ADV	LXX_WH
Józs 22:19		αποσταται	N-NPM	ELTERO_SZOVEGALAP
Józs 22:19	G0575	απο	PREP	LXX_WH
Józs 22:19	G2316	θεου	N-GSM	LXX_WH
Józs 22:19	G1096	γενηθητε	V-APD-2P	LXX_WH
Józs 22:19	G2532	και	CONJ	LXX_WH
Józs 22:19	G3165	μη	ADV	LXX_WH
Józs 22:19		αποστητε	V-AAD-2P	ELTERO_SZOVEGALAP
Józs 22:19	G0575	απο	PREP	LXX_WH
Józs 22:19	G2962	κυριου	N-GSM	LXX_WH
Józs 22:19	G1223	δια	PREP	LXX_WH
Józs 22:19	G3588	το	T-ASN	LXX_WH
Józs 22:19	G3618	οικοδομησαι	V-AAN	LXX_WH
Józs 22:19	G4771	υμας	P-AP	LXX_WH
Józs 22:19	G1041	βωμον	N-ASM	LXX_WH
Józs 22:19	G1854	εξω	PREP	LXX_WH
Józs 22:19	G3588	του	T-GSN	LXX_WH
Józs 22:19	G2379	θυσιαστηριου	N-GSN	LXX_WH
Józs 22:19	G2962	κυριου	N-GSM	LXX_WH
Józs 22:19	G3588	του	T-GSM	LXX_WH
Józs 22:19	G2316	θεου	N-GSM	LXX_WH
Józs 22:19	G1473	ημων	P-GP	LXX_WH
Józs 22:20	G3364	ουκ	ADV	LXX_WH
Józs 22:20	G2400	ιδου	INJ	LXX_WH
Józs 22:20		αχαρ	N-PRI	ELTERO_SZOVEGALAP
Józs 22:20	G3588	ο	T-NSM	LXX_WH
Józs 22:20	G3588	του	T-GSM	LXX_WH
Józs 22:20	G2196	ζαρα	N-PRI	LXX_WH
Józs 22:20		πλημμελεια	N-DSF	ELTERO_SZOVEGALAP
Józs 22:20		επλημμελησεν	V-AAI-3S	ELTERO_SZOVEGALAP
Józs 22:20	G0575	απο	PREP	LXX_WH
Józs 22:20	G3588	του	T-GSN	LXX_WH
Józs 22:20	G0331	αναθεματος	N-GSN	LXX_WH
Józs 22:20	G2532	και	CONJ	LXX_WH
Józs 22:20	G1909	επι	PREP	LXX_WH
Józs 22:20	G3956	πασαν	A-ASF	LXX_WH
Józs 22:20	G4864	συναγωγην	N-ASF	LXX_WH
Józs 22:20	G2474	ισραηλ	N-PRI	LXX_WH
Józs 22:20	G1096	εγενηθη	V-API-3S	LXX_WH
Józs 22:20	G3709	οργη	N-NSF	LXX_WH
Józs 22:20	G2532	και	CONJ	LXX_WH
Józs 22:20	G3778	ουτος	D-NSM	LXX_WH
Józs 22:20	G1519	εις	A-NSM	LXX_WH
Józs 22:20	G3441	μονος	A-NSM	LXX_WH
Józs 22:20	G1510	ην	V-IAI-3S	LXX_WH
Józs 22:20	G3165	μη	ADV	LXX_WH
Józs 22:20	G3441	μονος	A-NSM	LXX_WH
Józs 22:20	G3778	ουτος	D-NSM	LXX_WH
Józs 22:20	G0599	απεθανεν	V-AAI-3S	LXX_WH
Józs 22:20	G3588	τη	T-DSF	LXX_WH
Józs 22:20	G1438	εαυτου	D-GSM	LXX_WH
Józs 22:20	G0266	αμαρτια	N-DSF	LXX_WH
Józs 22:21	G2532	και	CONJ	LXX_WH
Józs 22:21		απεκριθησαν	V-API-3P	
Józs 22:21	G3588	οι	T-NPM	LXX_WH
Józs 22:21	G5207	υιοι	N-NPM	LXX_WH
Józs 22:21		ρουβην	N-PRI	ELTERO_SZOVEGALAP
Józs 22:21	G2532	και	CONJ	LXX_WH
Józs 22:21	G3588	οι	T-NPM	LXX_WH
Józs 22:21	G5207	υιοι	N-NPM	LXX_WH
Józs 22:21	G1045	γαδ	N-PRI	LXX_WH
Józs 22:21	G2532	και	CONJ	LXX_WH
Józs 22:21	G3588	το	T-NSN	LXX_WH
Józs 22:21	G2255	ημισυ	A-NSN	ABP-potolt
Józs 22:21	G5443	φυλης	N-GSF	LXX_WH
Józs 22:21		μανασση	N-PRI	ELTERO_SZOVEGALAP
Józs 22:21	G2532	και	CONJ	LXX_WH
Józs 22:21	G2980	ελαλησαν	V-AAI-3P	LXX_WH
Józs 22:21	G3588	τοις	T-DPM	LXX_WH
Józs 22:21	G5506	χιλιαρχοις	N-DPM	LXX_WH
Józs 22:21	G2474	ισραηλ	N-PRI	LXX_WH
Józs 22:21	G3004	λεγοντες	V-PAPNP	LXX_WH
Józs 22:22	G3588	ο	T-NSM	LXX_WH
Józs 22:22	G2316	θεος	N-NSM	LXX_WH
Józs 22:22	G2316	θεος	N-NSM	LXX_WH
Józs 22:22	G1510	εστιν	V-PAI-3S	LXX_WH
Józs 22:22	G2962	κυριος	N-NSM	LXX_WH
Józs 22:22	G2532	και	CONJ	LXX_WH
Józs 22:22	G3588	ο	T-NSM	LXX_WH
Józs 22:22	G2316	θεος	N-NSM	LXX_WH
Józs 22:22	G2316	θεος	N-NSM	LXX_WH
Józs 22:22	G2962	κυριος	N-NSM	LXX_WH
Józs 22:22	G0846	αυτος	D-NSM	LXX_WH
Józs 22:22		οιδεν	V-RAI-3S	ELTERO_SZOVEGALAP
Józs 22:22	G2532	και	CONJ	LXX_WH
Józs 22:22	G2474	ισραηλ	N-PRI	LXX_WH
Józs 22:22	G0846	αυτος	D-NSM	LXX_WH
Józs 22:22	G1097	γνωσεται	V-FMI-3S	LXX_WH
Józs 22:22	G1487	ει	CONJ	LXX_WH
Józs 22:22	G1722	εν	PREP	LXX_WH
Józs 22:22	G0646	αποστασια	N-DSF	LXX_WH
Józs 22:22	G4131	επλημμελησαμεν	V-AAI-1P	ABP-potolt
Józs 22:22	G1725	εναντι	PREP	LXX_WH
Józs 22:22	G3588	του	T-GSM	LXX_WH
Józs 22:22	G2962	κυριου	N-GSM	LXX_WH
Józs 22:22	G3165	μη	ADV	LXX_WH
Józs 22:22		ρυσαιτο	V-AMO-3S	ELTERO_SZOVEGALAP
Józs 22:22	G1473	ημας	P-AP	LXX_WH
Józs 22:22	G1722	εν	PREP	LXX_WH
Józs 22:22	G3778	ταυτη	D-DSF	LXX_WH
Józs 22:23	G2532	και	CONJ	LXX_WH
Józs 22:23	G1487	ει	CONJ	LXX_WH
Józs 22:23	G3618	ωκοδομησαμεν	V-AAI-1P	LXX_WH
Józs 22:23	G1438	αυτοις	D-DPM	LXX_WH
Józs 22:23	G1041	βωμον	N-ASM	LXX_WH
Józs 22:23	G5620	ωστε	CONJ	LXX_WH
Józs 22:23	G0868	αποστηναι	V-AAN	ABP-potolt
Józs 22:23	G0575	απο	PREP	LXX_WH
Józs 22:23	G2962	κυριου	N-GSM	LXX_WH
Józs 22:23	G3588	του	T-GSM	LXX_WH
Józs 22:23	G2316	θεου	N-GSM	LXX_WH
Józs 22:23	G1473	ημων	P-GP	LXX_WH
Józs 22:23	G5620	ωστε	CONJ	LXX_WH
Józs 22:23	G0307	αναβιβασαι	V-AAN	LXX_WH
Józs 22:23	G1909	επ	PREP	LXX_WH
Józs 22:23	G0846	αυτον	D-ASM	LXX_WH
Józs 22:23	G2378	θυσιαν	N-ASF	LXX_WH
Józs 22:23	G3646	ολοκαυτωματων	N-GPN	LXX_WH
Józs 22:23	G2228	η	CONJ	LXX_WH
Józs 22:23	G5620	ωστε	CONJ	LXX_WH
Józs 22:23	G4160	ποιησαι	V-AAN	LXX_WH
Józs 22:23	G1909	επ	PREP	LXX_WH
Józs 22:23	G0846	αυτου	D-GSM	LXX_WH
Józs 22:23	G2378	θυσιαν	N-ASF	LXX_WH
Józs 22:23	G4992	σωτηριου	N-GSN	LXX_WH
Józs 22:23	G2962	κυριος	N-NSM	LXX_WH
Józs 22:23	G1567	εκζητησει	V-FAI-3S	LXX_WH
Józs 22:24	G0235	αλλ	CONJ	LXX_WH
Józs 22:24	G1752	ενεκεν	PREP	ABP-potolt
Józs 22:24	G2124	ευλαβειας	N-GSF	LXX_WH
Józs 22:24	G4487	ρηματος	N-GSN	LXX_WH
Józs 22:24	G4160	εποιησαμεν	V-AAI-1P	LXX_WH
Józs 22:24	G3778	τουτο	D-ASN	LXX_WH
Józs 22:24	G3004	λεγοντες	V-PAPNP	LXX_WH
Józs 22:24	G2443	ινα	CONJ	LXX_WH
Józs 22:24	G3165	μη	ADV	LXX_WH
Józs 22:24	G3004	ειπωσιν	V-AAS-3P	LXX_WH
Józs 22:24	G0839	αυριον	ADV	LXX_WH
Józs 22:24	G3588	τα	T-NPN	LXX_WH
Józs 22:24	G5043	τεκνα	N-NPN	LXX_WH
Józs 22:24	G4771	υμων	P-GP	LXX_WH
Józs 22:24	G3588	τοις	T-DPN	LXX_WH
Józs 22:24	G5043	τεκνοις	N-DPN	LXX_WH
Józs 22:24	G1473	ημων	P-GP	LXX_WH
Józs 22:24	G5100	τι	I-NSN	LXX_WH
Józs 22:24	G4771	υμιν	P-DP	LXX_WH
Józs 22:24	G2962	κυριω	N-DSM	LXX_WH
Józs 22:24	G3588	τω	T-DSM	LXX_WH
Józs 22:24	G2316	θεω	N-DSM	LXX_WH
Józs 22:24	G2474	ισραηλ	N-PRI	LXX_WH
Józs 22:25	G2532	και	CONJ	LXX_WH
Józs 22:25	G3725	ορια	N-APN	LXX_WH
Józs 22:25	G5087	εθηκεν	V-AAI-3S	LXX_WH
Józs 22:25	G2962	κυριος	N-NSM	LXX_WH
Józs 22:25	G0303	ανα	PREP	LXX_WH
Józs 22:25	G3319	μεσον	A-ASN	LXX_WH
Józs 22:25	G1473	ημων	P-GP	LXX_WH
Józs 22:25	G2532	και	CONJ	LXX_WH
Józs 22:25	G4771	υμων	P-GP	LXX_WH
Józs 22:25	G3588	τον	T-ASM	LXX_WH
Józs 22:25	G2446	ιορδανην	N-ASM	LXX_WH
Józs 22:25	G2532	και	CONJ	LXX_WH
Józs 22:25	G3364	ουκ	ADV	LXX_WH
Józs 22:25	G1510	εστιν	V-PAI-3S	LXX_WH
Józs 22:25	G4771	υμιν	P-DP	LXX_WH
Józs 22:25	G3310	μερις	N-NSF	LXX_WH
Józs 22:25	G2962	κυριου	N-GSM	LXX_WH
Józs 22:25	G2532	και	CONJ	LXX_WH
Józs 22:25	G0526	απαλλοτριωσουσιν	V-FAI-3P	LXX_WH
Józs 22:25	G3588	οι	T-NPM	LXX_WH
Józs 22:25	G5207	υιοι	N-NPM	LXX_WH
Józs 22:25	G4771	υμων	P-GP	LXX_WH
Józs 22:25	G3588	τους	T-APM	LXX_WH
Józs 22:25	G5207	υιους	N-APM	LXX_WH
Józs 22:25	G1473	ημων	P-GP	LXX_WH
Józs 22:25	G2443	ινα	CONJ	LXX_WH
Józs 22:25	G3165	μη	ADV	LXX_WH
Józs 22:25		σεβωνται	V-PMS-3P	ELTERO_SZOVEGALAP
Józs 22:25	G2962	κυριον	N-ASM	LXX_WH
Józs 22:26	G2532	και	CONJ	LXX_WH
Józs 22:26	G2036	ειπαμεν	V-AAI-1P	ABP-potolt
Józs 22:26	G4160	ποιησαι	V-AAN	LXX_WH
Józs 22:26	G3778	ουτως	ADV	LXX_WH
Józs 22:26	G3588	του	T-GSN	LXX_WH
Józs 22:26	G3618	οικοδομησαι	V-AAN	LXX_WH
Józs 22:26	G3588	τον	T-ASM	LXX_WH
Józs 22:26	G1041	βωμον	N-ASM	LXX_WH
Józs 22:26	G3778	τουτον	D-ASM	LXX_WH
Józs 22:26	G3364	ουχ	ADV	LXX_WH
Józs 22:26		ενεκεν	PREP	ELTERO_SZOVEGALAP
Józs 22:26		καρπωματων	N-GPN	ELTERO_SZOVEGALAP
Józs 22:26	G3761	ουδε	CONJ	LXX_WH
Józs 22:26	G1752	ενεκεν	PREP	ABP-potolt
Józs 22:26	G2378	θυσιων	N-GPF	LXX_WH
Józs 22:27	G0235	αλλ	CONJ	LXX_WH
Józs 22:27	G2443	ινα	CONJ	LXX_WH
Józs 22:27	G1510	η	V-PAS-3S	LXX_WH
Józs 22:27	G3778	τουτο	D-NSN	LXX_WH
Józs 22:27	G3142	μαρτυριον	N-NSN	LXX_WH
Józs 22:27	G0303	ανα	PREP	LXX_WH
Józs 22:27	G3319	μεσον	A-ASN	LXX_WH
Józs 22:27	G1473	ημων	P-GP	LXX_WH
Józs 22:27	G2532	και	CONJ	LXX_WH
Józs 22:27	G4771	υμων	P-GP	LXX_WH
Józs 22:27	G2532	και	CONJ	LXX_WH
Józs 22:27	G0303	ανα	PREP	LXX_WH
Józs 22:27	G3319	μεσον	A-ASN	LXX_WH
Józs 22:27	G3588	των	T-GPF	LXX_WH
Józs 22:27	G1074	γενεων	N-GPF	LXX_WH
Józs 22:27	G1473	ημων	P-GP	LXX_WH
Józs 22:27	G3326	μεθ	PREP	LXX_WH
Józs 22:27	G1473	ημας	P-AP	LXX_WH
Józs 22:27	G3588	του	T-GSN	LXX_WH
Józs 22:27	G3000	λατρευειν	V-PAN	LXX_WH
Józs 22:27	G2999	λατρειαν	N-ASF	LXX_WH
Józs 22:27	G2962	κυριω	N-DSM	LXX_WH
Józs 22:27	G1726	εναντιον	PREP	LXX_WH
Józs 22:27	G0846	αυτου	D-GSM	LXX_WH
Józs 22:27	G1722	εν	PREP	LXX_WH
Józs 22:27	G3588	τοις	T-DPN	LXX_WH
Józs 22:27		καρπωμασιν	N-DPN	ELTERO_SZOVEGALAP
Józs 22:27	G1473	ημων	P-GP	LXX_WH
Józs 22:27	G2532	και	CONJ	LXX_WH
Józs 22:27	G1722	εν	PREP	LXX_WH
Józs 22:27	G3588	ταις	T-DPF	LXX_WH
Józs 22:27	G2378	θυσιαις	N-DPF	LXX_WH
Józs 22:27	G1473	ημων	P-GP	LXX_WH
Józs 22:27	G2532	και	CONJ	LXX_WH
Józs 22:27	G1722	εν	PREP	LXX_WH
Józs 22:27	G3588	ταις	T-DPF	LXX_WH
Józs 22:27	G2378	θυσιαις	N-DPF	LXX_WH
Józs 22:27	G3588	των	T-GPM	LXX_WH
Józs 22:27	G4992	σωτηριων	N-GPN	LXX_WH
Józs 22:27	G1473	ημων	P-GP	LXX_WH
Józs 22:27	G2532	και	CONJ	LXX_WH
Józs 22:27	G3364	ουκ	ADV	LXX_WH
Józs 22:27		ερουσιν	V-FAI-3P	ELTERO_SZOVEGALAP
Józs 22:27	G3588	τα	T-NPN	LXX_WH
Józs 22:27	G5043	τεκνα	N-NPN	LXX_WH
Józs 22:27	G4771	υμων	P-GP	LXX_WH
Józs 22:27	G3588	τοις	T-DPN	LXX_WH
Józs 22:27	G5043	τεκνοις	N-DPN	LXX_WH
Józs 22:27	G1473	ημων	P-GP	LXX_WH
Józs 22:27	G0839	αυριον	ADV	LXX_WH
Józs 22:27	G3364	ουκ	ADV	LXX_WH
Józs 22:27	G1510	εστιν	V-PAI-3S	LXX_WH
Józs 22:27	G4771	υμιν	P-DP	LXX_WH
Józs 22:27	G3310	μερις	N-NSF	LXX_WH
Józs 22:27	G2962	κυριου	N-GSM	LXX_WH
Józs 22:28	G2532	και	CONJ	LXX_WH
Józs 22:28	G2036	ειπαμεν	V-AAI-1P	ABP-potolt
Józs 22:28	G1437	εαν	CONJ	LXX_WH
Józs 22:28	G1096	γενηται	V-AMS-3S	LXX_WH
Józs 22:28	G4218	ποτε	ADV	LXX_WH
Józs 22:28	G2532	και	CONJ	LXX_WH
Józs 22:28	G2980	λαλησωσιν	V-AAS-3P	LXX_WH
Józs 22:28	G4314	προς	PREP	LXX_WH
Józs 22:28	G1473	ημας	P-AP	LXX_WH
Józs 22:28	G2532	και	CONJ	LXX_WH
Józs 22:28	G3588	ταις	T-DPF	LXX_WH
Józs 22:28	G1074	γενεαις	N-DPF	LXX_WH
Józs 22:28	G1473	ημων	P-GP	LXX_WH
Józs 22:28	G0839	αυριον	ADV	LXX_WH
Józs 22:28	G2532	και	CONJ	LXX_WH
Józs 22:28		ερουσιν	V-FAI-3P	ELTERO_SZOVEGALAP
Józs 22:28	G3708	ιδετε	V-AAD-2P	LXX_WH
Józs 22:28	G3667	ομοιωμα	N-ASN	LXX_WH
Józs 22:28	G3588	του	T-GSN	LXX_WH
Józs 22:28	G2379	θυσιαστηριου	N-GSN	LXX_WH
Józs 22:28	G2962	κυριου	N-GSM	LXX_WH
Józs 22:28	G3739	ο	R-ASN	LXX_WH
Józs 22:28	G4160	εποιησαν	V-AAI-3P	LXX_WH
Józs 22:28	G3588	οι	T-NPM	LXX_WH
Józs 22:28	G3962	πατερες	N-NPM	LXX_WH
Józs 22:28	G1473	ημων	P-GP	LXX_WH
Józs 22:28	G3364	ουχ	ADV	LXX_WH
Józs 22:28		ενεκεν	PREP	ELTERO_SZOVEGALAP
Józs 22:28		καρπωματων	N-GPN	ELTERO_SZOVEGALAP
Józs 22:28	G3761	ουδε	CONJ	LXX_WH
Józs 22:28	G1752	ενεκεν	PREP	ABP-potolt
Józs 22:28	G2378	θυσιων	N-GPF	LXX_WH
Józs 22:28	G0235	αλλα	CONJ	LXX_WH
Józs 22:28	G3142	μαρτυριον	N-NSN	LXX_WH
Józs 22:28	G1510	εστιν	V-PAI-3S	LXX_WH
Józs 22:28	G0303	ανα	PREP	LXX_WH
Józs 22:28	G3319	μεσον	A-ASN	LXX_WH
Józs 22:28	G4771	υμων	P-GP	LXX_WH
Józs 22:28	G2532	και	CONJ	LXX_WH
Józs 22:28	G0303	ανα	PREP	LXX_WH
Józs 22:28	G3319	μεσον	A-ASN	LXX_WH
Józs 22:28	G1473	ημων	P-GP	LXX_WH
Józs 22:28	G2532	και	CONJ	LXX_WH
Józs 22:28	G0303	ανα	PREP	LXX_WH
Józs 22:28	G3319	μεσον	A-ASN	LXX_WH
Józs 22:28	G3588	των	T-GPM	LXX_WH
Józs 22:28	G5207	υιων	N-GPM	LXX_WH
Józs 22:28	G1473	ημων	P-GP	LXX_WH
Józs 22:29	G3165	μη	ADV	LXX_WH
Józs 22:29	G1096	γενοιτο	V-AMO-3S	LXX_WH
Józs 22:29	G3767	ουν	PRT	LXX_WH
Józs 22:29	G1473	ημας	P-AP	LXX_WH
Józs 22:29	G0654	αποστραφηναι	V-APN	LXX_WH
Józs 22:29	G0575	απο	PREP	LXX_WH
Józs 22:29	G2962	κυριου	N-GSM	LXX_WH
Józs 22:29	G1722	εν	PREP	LXX_WH
Józs 22:29	G3588	ταις	T-DPF	LXX_WH
Józs 22:29	G4594	σημερον	ADV	LXX_WH
Józs 22:29	G2250	ημεραις	N-DPF	LXX_WH
Józs 22:29		αποστηναι	V-AAN	ELTERO_SZOVEGALAP
Józs 22:29	G0575	απο	PREP	LXX_WH
Józs 22:29	G2962	κυριου	N-GSM	LXX_WH
Józs 22:29	G5620	ωστε	CONJ	LXX_WH
Józs 22:29	G3618	οικοδομησαι	V-AAN	LXX_WH
Józs 22:29	G1473	ημας	P-AP	LXX_WH
Józs 22:29	G2379	θυσιαστηριον	N-ASN	LXX_WH
Józs 22:29	G3588	τοις	T-DPN	LXX_WH
Józs 22:29		καρπωμασιν	N-DPN	
Józs 22:29	G2532	και	CONJ	LXX_WH
Józs 22:29	G3588	ταις	T-DPF	LXX_WH
Józs 22:29	G2378	θυσιαις	N-DPF	LXX_WH
Józs 22:29		σαλαμιν	N-PRI	ELTERO_SZOVEGALAP
Józs 22:29	G2532	και	CONJ	LXX_WH
Józs 22:29	G3588	τη	T-DSF	LXX_WH
Józs 22:29	G2378	θυσια	N-DSF	LXX_WH
Józs 22:29	G3588	του	T-GSM	LXX_WH
Józs 22:29	G4992	σωτηριου	N-GSN	LXX_WH
Józs 22:29	G4133	πλην	PREP	LXX_WH
Józs 22:29	G3588	του	T-GSN	LXX_WH
Józs 22:29	G2379	θυσιαστηριου	N-GSN	LXX_WH
Józs 22:29	G2962	κυριου	N-GSM	LXX_WH
Józs 22:29	G3739	ο	R-NSN	LXX_WH
Józs 22:29	G1510	εστιν	V-PAI-3S	LXX_WH
Józs 22:29	G1726	εναντιον	PREP	LXX_WH
Józs 22:29	G3588	της	T-GSF	LXX_WH
Józs 22:29	G4633	σκηνης	N-GSF	LXX_WH
Józs 22:29	G0846	αυτου	D-GSM	LXX_WH
Józs 22:30	G2532	και	CONJ	LXX_WH
Józs 22:30	G0191	ακουσας	V-AAPNS	LXX_WH
Józs 22:30		φινεες	N-PRI	ELTERO_SZOVEGALAP
Józs 22:30	G3588	ο	T-NSM	LXX_WH
Józs 22:30	G2409	ιερευς	N-NSM	LXX_WH
Józs 22:30	G2532	και	CONJ	LXX_WH
Józs 22:30	G3956	παντες	A-NPM	LXX_WH
Józs 22:30	G3588	οι	T-NPM	LXX_WH
Józs 22:30	G0758	αρχοντες	N-NPM	LXX_WH
Józs 22:30	G3588	της	T-GSF	LXX_WH
Józs 22:30	G4864	συναγωγης	N-GSF	LXX_WH
Józs 22:30	G2474	ισραηλ	N-PRI	LXX_WH
Józs 22:30	G3739	οι	R-NPM	LXX_WH
Józs 22:30	G1510	ησαν	V-IAI-3P	LXX_WH
Józs 22:30	G3326	μετ	PREP	LXX_WH
Józs 22:30	G0846	αυτου	D-GSM	LXX_WH
Józs 22:30	G3588	τους	T-APM	LXX_WH
Józs 22:30	G3056	λογους	N-APM	LXX_WH
Józs 22:30	G3739	ους	R-APM	LXX_WH
Józs 22:30	G2980	ελαλησαν	V-AAI-3P	LXX_WH
Józs 22:30	G3588	οι	T-NPM	LXX_WH
Józs 22:30	G5207	υιοι	N-NPM	LXX_WH
Józs 22:30		ρουβην	N-PRI	ELTERO_SZOVEGALAP
Józs 22:30	G2532	και	CONJ	LXX_WH
Józs 22:30	G3588	οι	T-NPM	LXX_WH
Józs 22:30	G5207	υιοι	N-NPM	LXX_WH
Józs 22:30	G1045	γαδ	N-PRI	LXX_WH
Józs 22:30	G2532	και	CONJ	LXX_WH
Józs 22:30	G3588	το	T-NSN	LXX_WH
Józs 22:30		ημισυ	A-NSN	ELTERO_SZOVEGALAP
Józs 22:30	G5443	φυλης	N-GSF	LXX_WH
Józs 22:30		μανασση	N-PRI	ELTERO_SZOVEGALAP
Józs 22:30	G2532	και	CONJ	LXX_WH
Józs 22:30	G0700	ηρεσεν	V-AAI-3S	LXX_WH
Józs 22:30	G0846	αυτοις	D-DPM	LXX_WH
Józs 22:31	G2532	και	CONJ	LXX_WH
Józs 22:31		ειπεν	V-AAI-3S	ELTERO_SZOVEGALAP
Józs 22:31		φινεες	N-PRI	ELTERO_SZOVEGALAP
Józs 22:31	G3588	ο	T-NSM	LXX_WH
Józs 22:31	G2409	ιερευς	N-NSM	LXX_WH
Józs 22:31	G3588	τοις	T-DPM	LXX_WH
Józs 22:31	G5207	υιοις	N-DPM	LXX_WH
Józs 22:31		ρουβην	N-PRI	ELTERO_SZOVEGALAP
Józs 22:31	G2532	και	CONJ	LXX_WH
Józs 22:31	G3588	τοις	T-DPM	LXX_WH
Józs 22:31	G5207	υιοις	N-DPM	LXX_WH
Józs 22:31	G1045	γαδ	N-PRI	LXX_WH
Józs 22:31	G2532	και	CONJ	LXX_WH
Józs 22:31	G3588	τω	T-DSN	LXX_WH
Józs 22:31		ημισει	A-DSN	ELTERO_SZOVEGALAP
Józs 22:31	G5443	φυλης	N-GSF	LXX_WH
Józs 22:31		μανασση	N-PRI	ELTERO_SZOVEGALAP
Józs 22:31	G4594	σημερον	ADV	LXX_WH
Józs 22:31	G1097	εγνωκαμεν	V-RAI-1P	LXX_WH
Józs 22:31	G3754	οτι	CONJ	LXX_WH
Józs 22:31	G3326	μεθ	PREP	LXX_WH
Józs 22:31	G1473	ημων	P-GP	LXX_WH
Józs 22:31	G2962	κυριος	N-NSM	LXX_WH
Józs 22:31	G1360	διοτι	CONJ	LXX_WH
Józs 22:31	G3364	ουκ	ADV	LXX_WH
Józs 22:31		επλημμελησατε	V-AAI-2P	ELTERO_SZOVEGALAP
Józs 22:31	G1726	εναντιον	PREP	LXX_WH
Józs 22:31	G2962	κυριου	N-GSM	LXX_WH
Józs 22:31	G4131	πλημμελειαν	N-ASF	ABP-potolt
Józs 22:31	G2532	και	CONJ	LXX_WH
Józs 22:31	G3754	οτι	CONJ	LXX_WH
Józs 22:31	G4506	ερρυσασθε	V-AMI-2P	ABP-potolt
Józs 22:31	G3588	τους	T-APM	LXX_WH
Józs 22:31	G5207	υιους	N-APM	LXX_WH
Józs 22:31	G2474	ισραηλ	N-PRI	LXX_WH
Józs 22:31	G1537	εκ	PREP	LXX_WH
Józs 22:31	G5495	χειρος	N-GSF	LXX_WH
Józs 22:31	G2962	κυριου	N-GSM	LXX_WH
Józs 22:32	G2532	και	CONJ	LXX_WH
Józs 22:32	G0654	απεστρεψεν	V-AAI-3S	LXX_WH
Józs 22:32	G5207	φινεες	N-PRI	ABP-potolt
Józs 22:32	G3588	ο	T-NSM	LXX_WH
Józs 22:32	G2409	ιερευς	N-NSM	LXX_WH
Józs 22:32	G2532	και	CONJ	LXX_WH
Józs 22:32	G3588	οι	T-NPM	LXX_WH
Józs 22:32	G0758	αρχοντες	N-NPM	LXX_WH
Józs 22:32	G0575	απο	PREP	LXX_WH
Józs 22:32	G3588	των	T-GPM	LXX_WH
Józs 22:32	G5207	υιων	N-GPM	LXX_WH
Józs 22:32		ρουβην	N-PRI	ELTERO_SZOVEGALAP
Józs 22:32	G2532	και	CONJ	LXX_WH
Józs 22:32	G0575	απο	PREP	LXX_WH
Józs 22:32	G3588	των	T-GPM	LXX_WH
Józs 22:32	G5207	υιων	N-GPM	LXX_WH
Józs 22:32	G1045	γαδ	N-PRI	LXX_WH
Józs 22:32	G2532	και	CONJ	LXX_WH
Józs 22:32	G0575	απο	PREP	LXX_WH
Józs 22:32	G3588	του	T-GSN	LXX_WH
Józs 22:32		ημισους	A-GSN	ELTERO_SZOVEGALAP
Józs 22:32	G5443	φυλης	N-GSF	LXX_WH
Józs 22:32		μανασση	N-PRI	ELTERO_SZOVEGALAP
Józs 22:32	G1537	εκ	PREP	LXX_WH
Józs 22:32	G1065	γης	N-GSF	LXX_WH
Józs 22:32		γαλααδ	N-PRI	ELTERO_SZOVEGALAP
Józs 22:32	G1519	εις	PREP	LXX_WH
Józs 22:32	G1065	γην	N-ASF	LXX_WH
Józs 22:32	G5477	χανααν	N-PRI	LXX_WH
Józs 22:32	G4314	προς	PREP	LXX_WH
Józs 22:32	G3588	τους	T-APM	LXX_WH
Józs 22:32	G5207	υιους	N-APM	LXX_WH
Józs 22:32	G2474	ισραηλ	N-PRI	LXX_WH
Józs 22:32	G2532	και	CONJ	LXX_WH
Józs 22:32		απεκριθησαν	V-API-3P	ELTERO_SZOVEGALAP
Józs 22:32	G0846	αυτοις	D-DPM	LXX_WH
Józs 22:32	G3588	τους	T-APM	LXX_WH
Józs 22:32	G3056	λογους	N-APM	LXX_WH
Józs 22:33	G2532	και	CONJ	LXX_WH
Józs 22:33	G0700	ηρεσεν	V-AAI-3S	LXX_WH
Józs 22:33	G3588	τοις	T-DPM	LXX_WH
Józs 22:33	G5207	υιοις	N-DPM	LXX_WH
Józs 22:33	G2474	ισραηλ	N-PRI	LXX_WH
Józs 22:33	G2532	και	CONJ	LXX_WH
Józs 22:33	G2980	ελαλησαν	V-AAI-3P	LXX_WH
Józs 22:33	G4314	προς	PREP	LXX_WH
Józs 22:33	G3588	τους	T-APM	LXX_WH
Józs 22:33	G5207	υιους	N-APM	LXX_WH
Józs 22:33	G2474	ισραηλ	N-PRI	LXX_WH
Józs 22:33	G2532	και	CONJ	LXX_WH
Józs 22:33	G2127	ευλογησαν	V-AAI-3P	LXX_WH
Józs 22:33	G3588	τον	T-ASM	LXX_WH
Józs 22:33	G2316	θεον	N-ASM	LXX_WH
Józs 22:33	G5207	υιων	N-GPM	LXX_WH
Józs 22:33	G2474	ισραηλ	N-PRI	LXX_WH
Józs 22:33	G2532	και	CONJ	LXX_WH
Józs 22:33		ειπαν	V-AAI-3P	ELTERO_SZOVEGALAP
Józs 22:33	G3371	μηκετι	ADV	LXX_WH
Józs 22:33	G0305	αναβηναι	V-AAN	LXX_WH
Józs 22:33	G4314	προς	PREP	LXX_WH
Józs 22:33	G0846	αυτους	D-APM	LXX_WH
Józs 22:33	G1519	εις	PREP	LXX_WH
Józs 22:33	G4171	πολεμον	N-ASM	LXX_WH
Józs 22:33	G1842	εξολεθρευσαι	V-AAN	ABP-potolt
Józs 22:33	G3588	την	T-ASF	LXX_WH
Józs 22:33	G1065	γην	N-ASF	LXX_WH
Józs 22:33	G3588	των	T-GPM	LXX_WH
Józs 22:33	G5207	υιων	N-GPM	LXX_WH
Józs 22:33		ρουβην	N-PRI	ELTERO_SZOVEGALAP
Józs 22:33	G2532	και	CONJ	LXX_WH
Józs 22:33	G3588	των	T-GPM	LXX_WH
Józs 22:33	G5207	υιων	N-GPM	LXX_WH
Józs 22:33	G1045	γαδ	N-PRI	LXX_WH
Józs 22:33	G2532	και	CONJ	LXX_WH
Józs 22:33	G3588	του	T-GSN	LXX_WH
Józs 22:33		ημισους	A-GSN	ELTERO_SZOVEGALAP
Józs 22:33	G5443	φυλης	N-GSF	LXX_WH
Józs 22:33		μανασση	N-PRI	ELTERO_SZOVEGALAP
Józs 22:33	G2532	και	CONJ	LXX_WH
Józs 22:33		κατωκησαν	V-AAI-3P	ELTERO_SZOVEGALAP
Józs 22:33	G1909	επ	PREP	LXX_WH
Józs 22:33	G0846	αυτης	D-GSF	LXX_WH
Józs 22:34	G2532	και	CONJ	LXX_WH
Józs 22:34		επωνομασεν	V-AAI-3S	ELTERO_SZOVEGALAP
Józs 22:34	G2424	ιησους	N-PRI	LXX_WH
Józs 22:34	G3588	τον	T-ASM	LXX_WH
Józs 22:34	G1041	βωμον	N-ASM	LXX_WH
Józs 22:34	G3588	των	T-GPM	LXX_WH
Józs 22:34	G1041	ρουβην	N-PRI	ABP-potolt
Józs 22:34	G2532	και	CONJ	LXX_WH
Józs 22:34	G3588	των	T-GPM	LXX_WH
Józs 22:34	G1045	γαδ	N-PRI	LXX_WH
Józs 22:34	G2532	και	CONJ	LXX_WH
Józs 22:34	G3588	του	T-GSN	LXX_WH
Józs 22:34		ημισους	A-GSN	ELTERO_SZOVEGALAP
Józs 22:34	G5443	φυλης	N-GSF	LXX_WH
Józs 22:34		μανασση	N-PRI	ELTERO_SZOVEGALAP
Józs 22:34	G2532	και	CONJ	LXX_WH
Józs 22:34	G2036	ειπεν	V-AAI-3S	ABP-potolt
Józs 22:34	G3754	οτι	CONJ	LXX_WH
Józs 22:34	G3142	μαρτυριον	N-NSN	LXX_WH
Józs 22:34	G1510	εστιν	V-PAI-3S	LXX_WH
Józs 22:34	G0303	ανα	PREP	LXX_WH
Józs 22:34	G3319	μεσον	A-ASN	LXX_WH
Józs 22:34	G0846	αυτων	D-GPM	LXX_WH
Józs 22:34	G3754	οτι	CONJ	LXX_WH
Józs 22:34	G2962	κυριος	N-NSM	LXX_WH
Józs 22:34	G3588	ο	T-NSM	LXX_WH
Józs 22:34	G2316	θεος	N-NSM	LXX_WH
Józs 22:34	G0846	αυτων	D-GPM	LXX_WH
Józs 22:34	G1510	εστιν	V-PAI-3S	LXX_WH
Józs 23:1	G2532	και	CONJ	LXX_WH
Józs 23:1	G1096	εγενετο	V-AMI-3S	LXX_WH
Józs 23:1	G3326	μεθ	PREP	LXX_WH
Józs 23:1	G2250	ημερας	N-APF	LXX_WH
Józs 23:1	G4183	πλειους	A-APF	LXX_WH
Józs 23:1	G3326	μετα	PREP	LXX_WH
Józs 23:1	G3588	το	T-ASN	LXX_WH
Józs 23:1	G2664	καταπαυσαι	V-AAN	LXX_WH
Józs 23:1	G2962	κυριον	N-ASM	LXX_WH
Józs 23:1	G3588	τον	T-ASM	LXX_WH
Józs 23:1	G2474	ισραηλ	N-PRI	LXX_WH
Józs 23:1	G0575	απο	PREP	LXX_WH
Józs 23:1	G3956	παντων	A-GPM	LXX_WH
Józs 23:1	G3588	των	T-GPM	LXX_WH
Józs 23:1	G2190	εχθρων	N-GPM	LXX_WH
Józs 23:1	G0846	αυτων	D-GPM	LXX_WH
Józs 23:1	G2943	κυκλοθεν	ADV	LXX_WH
Józs 23:1	G2532	και	CONJ	LXX_WH
Józs 23:1	G2424	ιησους	N-PRI	LXX_WH
Józs 23:1	G4245	πρεσβυτερος	A-NSMC	LXX_WH
Józs 23:1	G4260	προβεβηκως	V-RAPNS	LXX_WH
Józs 23:1	G3588	ταις	T-DPF	LXX_WH
Józs 23:1	G2250	ημεραις	N-DPF	LXX_WH
Józs 23:2	G2532	και	CONJ	LXX_WH
Józs 23:2	G4779	συνεκαλεσεν	V-AAI-3S	LXX_WH
Józs 23:2	G2424	ιησους	N-PRI	LXX_WH
Józs 23:2	G3956	παντας	A-APM	LXX_WH
Józs 23:2	G3588	τους	T-APM	LXX_WH
Józs 23:2	G5207	υιους	N-APM	LXX_WH
Józs 23:2	G2474	ισραηλ	N-PRI	LXX_WH
Józs 23:2	G2532	και	CONJ	LXX_WH
Józs 23:2	G3588	την	T-ASF	LXX_WH
Józs 23:2	G1087	γερουσιαν	N-ASF	LXX_WH
Józs 23:2	G0846	αυτων	D-GPM	LXX_WH
Józs 23:2	G2532	και	CONJ	LXX_WH
Józs 23:2	G3588	τους	T-APM	LXX_WH
Józs 23:2	G0758	αρχοντας	N-APM	LXX_WH
Józs 23:2	G0846	αυτων	D-GPM	LXX_WH
Józs 23:2	G2532	και	CONJ	LXX_WH
Józs 23:2	G3588	τους	T-APM	LXX_WH
Józs 23:2	G1122	γραμματεις	N-APM	LXX_WH
Józs 23:2	G0846	αυτων	D-GPM	LXX_WH
Józs 23:2	G2532	και	CONJ	LXX_WH
Józs 23:2	G3588	τους	T-APM	LXX_WH
Józs 23:2	G1348	δικαστας	N-APM	LXX_WH
Józs 23:2	G0846	αυτων	D-GPM	LXX_WH
Józs 23:2	G2532	και	CONJ	LXX_WH
Józs 23:2	G2036	ειπεν	V-AAI-3S	ABP-potolt
Józs 23:2	G4314	προς	PREP	LXX_WH
Józs 23:2	G0846	αυτους	D-APM	LXX_WH
Józs 23:2	G1473	εγω	P-NS	LXX_WH
Józs 23:2	G1095	γεγηρακα	V-RAI-1S	LXX_WH
Józs 23:2	G2532	και	CONJ	LXX_WH
Józs 23:2	G4260	προβεβηκα	V-RAI-1S	LXX_WH
Józs 23:2	G3588	ταις	T-DPF	LXX_WH
Józs 23:2	G2250	ημεραις	N-DPF	LXX_WH
Józs 23:3	G4771	υμεις	P-NP	LXX_WH
Józs 23:3	G1161	δε	PRT	LXX_WH
Józs 23:3	G3708	εωρακατε	V-RAI-2P	LXX_WH
Józs 23:3	G3745	οσα	A-APN	LXX_WH
Józs 23:3	G4160	εποιησεν	V-AAI-3S	LXX_WH
Józs 23:3	G2962	κυριος	N-NSM	LXX_WH
Józs 23:3	G3588	ο	T-NSM	LXX_WH
Józs 23:3	G2316	θεος	N-NSM	LXX_WH
Józs 23:3	G4771	υμων	P-GP	LXX_WH
Józs 23:3	G3956	πασιν	A-DPN	LXX_WH
Józs 23:3	G3588	τοις	T-DPN	LXX_WH
Józs 23:3	G1484	εθνεσιν	N-DPN	LXX_WH
Józs 23:3	G3778	τουτοις	D-DPN	LXX_WH
Józs 23:3	G0575	απο	PREP	LXX_WH
Józs 23:3	G4383	προσωπου	N-GSN	LXX_WH
Józs 23:3	G4771	υμων	P-GP	LXX_WH
Józs 23:3	G3754	οτι	CONJ	LXX_WH
Józs 23:3	G2962	κυριος	N-NSM	LXX_WH
Józs 23:3	G3588	ο	T-NSM	LXX_WH
Józs 23:3	G2316	θεος	N-NSM	LXX_WH
Józs 23:3	G4771	υμων	P-GP	LXX_WH
Józs 23:3	G3588	ο	T-NSM	LXX_WH
Józs 23:3		εκπολεμησας	V-AAPNS	ELTERO_SZOVEGALAP
Józs 23:3	G4771	υμιν	P-DP	LXX_WH
Józs 23:4	G3708	ιδετε	V-AAD-2P	LXX_WH
Józs 23:4	G3754	οτι	CONJ	LXX_WH
Józs 23:4		επερριφα	V-AAI-1S	ELTERO_SZOVEGALAP
Józs 23:4	G4771	υμιν	P-DP	LXX_WH
Józs 23:4	G3588	τα	T-APN	LXX_WH
Józs 23:4	G1484	εθνη	N-APN	LXX_WH
Józs 23:4	G3588	τα	T-APN	LXX_WH
Józs 23:4	G2641	καταλελειμμενα	V-RMPAP	LXX_WH
Józs 23:4	G4771	υμιν	P-DP	LXX_WH
Józs 23:4	G3778	ταυτα	D-APN	LXX_WH
Józs 23:4	G1722	εν	PREP	LXX_WH
Józs 23:4	G3588	τοις	T-DPM	LXX_WH
Józs 23:4	G2819	κληροις	N-DPM	LXX_WH
Józs 23:4	G1519	εις	PREP	LXX_WH
Józs 23:4	G3588	τας	T-APF	LXX_WH
Józs 23:4	G5443	φυλας	N-APF	LXX_WH
Józs 23:4	G4771	υμων	P-GP	LXX_WH
Józs 23:4	G0575	απο	PREP	LXX_WH
Józs 23:4	G3588	του	T-GSM	LXX_WH
Józs 23:4	G2446	ιορδανου	N-GSM	LXX_WH
Józs 23:4	G3956	παντα	A-APN	LXX_WH
Józs 23:4	G3588	τα	T-APN	LXX_WH
Józs 23:4	G1484	εθνη	N-APN	LXX_WH
Józs 23:4	G3739	α	R-APN	LXX_WH
Józs 23:4		εξωλεθρευσα	V-AAI-1S	ELTERO_SZOVEGALAP
Józs 23:4	G2532	και	CONJ	LXX_WH
Józs 23:4	G0575	απο	PREP	LXX_WH
Józs 23:4	G3588	της	T-GSF	LXX_WH
Józs 23:4	G2281	θαλασσης	N-GSF	LXX_WH
Józs 23:4	G3588	της	T-GSF	LXX_WH
Józs 23:4	G3173	μεγαλης	A-GSF	LXX_WH
Józs 23:4	G3724	οριει	V-FAI-3S	LXX_WH
Józs 23:4	G1909	επι	PREP	LXX_WH
Józs 23:4	G1424	δυσμας	N-APF	LXX_WH
Józs 23:4	G2246	ηλιου	N-GSM	LXX_WH
Józs 23:5	G2962	κυριος	N-NSM	LXX_WH
Józs 23:5	G1161	δε	PRT	LXX_WH
Józs 23:5	G3588	ο	T-NSM	LXX_WH
Józs 23:5	G2316	θεος	N-NSM	LXX_WH
Józs 23:5	G4771	υμων	P-GP	LXX_WH
Józs 23:5	G3778	ουτος	D-NSM	LXX_WH
Józs 23:5		εξολεθρευσει	V-FAI-3S	ELTERO_SZOVEGALAP
Józs 23:5	G0846	αυτους	D-APM	LXX_WH
Józs 23:5	G0575	απο	PREP	LXX_WH
Józs 23:5	G4383	προσωπου	N-GSN	LXX_WH
Józs 23:5	G4771	υμων	P-GP	LXX_WH
Józs 23:5	G2193	εως	CONJ	LXX_WH
Józs 23:5	G0302	αν	PRT	LXX_WH
Józs 23:5		απολωνται	V-AMS-3P	ELTERO_SZOVEGALAP
Józs 23:5	G2532	και	CONJ	LXX_WH
Józs 23:5	G0649	αποστελει	V-FAI-3S	LXX_WH
Józs 23:5	G0846	αυτοις	D-DPM	LXX_WH
Józs 23:5	G3588	τα	T-APN	LXX_WH
Józs 23:5	G2342	θηρια	N-APN	LXX_WH
Józs 23:5	G3588	τα	T-APN	LXX_WH
Józs 23:5	G0066	αγρια	A-APN	LXX_WH
Józs 23:5	G2193	εως	CONJ	LXX_WH
Józs 23:5	G0302	αν	PRT	LXX_WH
Józs 23:5		εξολεθρευση	V-AAS-3S	ELTERO_SZOVEGALAP
Józs 23:5	G0846	αυτους	D-APM	LXX_WH
Józs 23:5	G2532	και	CONJ	LXX_WH
Józs 23:5	G3588	τους	T-APM	LXX_WH
Józs 23:5	G0935	βασιλεις	N-APM	LXX_WH
Józs 23:5	G0846	αυτων	D-GPM	LXX_WH
Józs 23:5	G0575	απο	PREP	LXX_WH
Józs 23:5	G4383	προσωπου	N-GSN	LXX_WH
Józs 23:5	G4771	υμων	P-GP	LXX_WH
Józs 23:5	G2532	και	CONJ	LXX_WH
Józs 23:5	G2624	κατακληρονομησατε	V-AAD-2P	ABP-potolt
Józs 23:5	G3588	την	T-ASF	LXX_WH
Józs 23:5	G1065	γην	N-ASF	LXX_WH
Józs 23:5	G0846	αυτων	D-GPM	LXX_WH
Józs 23:5	G2505	καθα	ADV	LXX_WH
Józs 23:5	G2980	ελαλησεν	V-AAI-3S	LXX_WH
Józs 23:5	G2962	κυριος	N-NSM	LXX_WH
Józs 23:5	G3588	ο	T-NSM	LXX_WH
Józs 23:5	G2316	θεος	N-NSM	LXX_WH
Józs 23:5	G4771	υμων	P-GP	LXX_WH
Józs 23:5	G4771	υμιν	P-DP	LXX_WH
Józs 23:6	G2729	κατισχυσατε	V-AAD-2P	LXX_WH
Józs 23:6	G3767	ουν	PRT	LXX_WH
Józs 23:6	G4970	σφοδρα	ADV	LXX_WH
Józs 23:6	G5442	φυλασσειν	V-PAN	LXX_WH
Józs 23:6	G2532	και	CONJ	LXX_WH
Józs 23:6	G4160	ποιειν	V-PAN	LXX_WH
Józs 23:6	G3956	παντα	A-APN	LXX_WH
Józs 23:6	G3588	τα	T-APN	LXX_WH
Józs 23:6	G1125	γεγραμμενα	V-RMPAP	LXX_WH
Józs 23:6	G1722	εν	PREP	LXX_WH
Józs 23:6	G3588	τω	T-DSN	LXX_WH
Józs 23:6	G0975	βιβλιω	N-DSN	LXX_WH
Józs 23:6	G3588	του	T-GSM	LXX_WH
Józs 23:6	G3551	νομου	N-GSM	LXX_WH
Józs 23:6		μωυση	N-GSM	ELTERO_SZOVEGALAP
Józs 23:6	G2443	ινα	CONJ	LXX_WH
Józs 23:6	G3165	μη	ADV	LXX_WH
Józs 23:6	G1578	εκκλινητε	V-PAS-2P	LXX_WH
Józs 23:6	G1519	εις	PREP	LXX_WH
Józs 23:6	G1188	δεξιαν	A-ASF	LXX_WH
Józs 23:6	G2228	η	CONJ	LXX_WH
Józs 23:6	G2176	ευωνυμα	A-APN	LXX_WH
Józs 23:7	G3704	οπως	CONJ	LXX_WH
Józs 23:7	G3165	μη	ADV	LXX_WH
Józs 23:7	G1525	εισελθητε	V-AAS-2P	LXX_WH
Józs 23:7	G1519	εις	PREP	LXX_WH
Józs 23:7	G3588	τα	T-APN	LXX_WH
Józs 23:7	G1484	εθνη	N-APN	LXX_WH
Józs 23:7	G3588	τα	T-APN	LXX_WH
Józs 23:7	G2641	καταλελειμμενα	V-RMPAP	LXX_WH
Józs 23:7	G3778	ταυτα	D-APN	LXX_WH
Józs 23:7	G2532	και	CONJ	LXX_WH
Józs 23:7	G3588	τα	T-NPN	LXX_WH
Józs 23:7	G3686	ονοματα	N-NPN	LXX_WH
Józs 23:7	G3588	των	T-GPM	LXX_WH
Józs 23:7	G2316	θεων	N-GPM	LXX_WH
Józs 23:7	G0846	αυτων	D-GPM	LXX_WH
Józs 23:7	G3364	ουκ	ADV	LXX_WH
Józs 23:7	G3687	ονομασθησεται	V-FPI-3S	LXX_WH
Józs 23:7	G1722	εν	PREP	LXX_WH
Józs 23:7	G4771	υμιν	P-DP	LXX_WH
Józs 23:7	G3761	ουδε	CONJ	LXX_WH
Józs 23:7	G3165	μη	ADV	LXX_WH
Józs 23:7	G4352	προσκυνησητε	V-AAS-2P	LXX_WH
Józs 23:7	G0846	αυτοις	D-DPM	LXX_WH
Józs 23:7	G3761	ουδε	CONJ	LXX_WH
Józs 23:7	G3165	μη	ADV	LXX_WH
Józs 23:7	G3000	λατρευσητε	V-AAS-2P	LXX_WH
Józs 23:7	G0846	αυτοις	D-DPM	LXX_WH
Józs 23:8	G0235	αλλα	CONJ	LXX_WH
Józs 23:8	G2962	κυριω	N-DSM	LXX_WH
Józs 23:8	G3588	τω	T-DSM	LXX_WH
Józs 23:8	G2316	θεω	N-DSM	LXX_WH
Józs 23:8	G4771	υμων	P-GP	LXX_WH
Józs 23:8	G4347	προσκολληθησεσθε	V-FPI-2P	LXX_WH
Józs 23:8	G2509	καθαπερ	ADV	LXX_WH
Józs 23:8	G4160	εποιησατε	V-AAI-2P	LXX_WH
Józs 23:8	G2193	εως	PREP	LXX_WH
Józs 23:8	G3588	της	T-GSF	LXX_WH
Józs 23:8	G2250	ημερας	N-GSF	LXX_WH
Józs 23:8	G3778	ταυτης	D-GSF	LXX_WH
Józs 23:9	G2532	και	CONJ	LXX_WH
Józs 23:9		εξωλεθρευσεν	V-AAI-3S	ELTERO_SZOVEGALAP
Józs 23:9	G0846	αυτους	D-APM	LXX_WH
Józs 23:9	G2962	κυριος	N-NSM	LXX_WH
Józs 23:9	G0575	απο	PREP	LXX_WH
Józs 23:9	G4383	προσωπου	N-GSN	LXX_WH
Józs 23:9	G4771	υμων	P-GP	LXX_WH
Józs 23:9	G1484	εθνη	N-APN	LXX_WH
Józs 23:9	G3173	μεγαλα	A-APN	LXX_WH
Józs 23:9	G2532	και	CONJ	LXX_WH
Józs 23:9	G2478	ισχυρα	A-APN	LXX_WH
Józs 23:9	G2532	και	CONJ	LXX_WH
Józs 23:9	G4771	υμιν	P-DP	LXX_WH
Józs 23:9	G3762	ουθεις	A-NSM	LXX_WH
Józs 23:9		αντεστη	V-AAI-3S	ELTERO_SZOVEGALAP
Józs 23:9		κατενωπιον	PREP	ELTERO_SZOVEGALAP
Józs 23:9	G4771	υμων	P-GP	LXX_WH
Józs 23:9	G2193	εως	PREP	LXX_WH
Józs 23:9	G3588	της	T-GSF	LXX_WH
Józs 23:9	G2250	ημερας	N-GSF	LXX_WH
Józs 23:9	G3778	ταυτης	D-GSF	LXX_WH
Józs 23:10	G1519	εις	A-NSM	LXX_WH
Józs 23:10	G4771	υμων	P-GP	LXX_WH
Józs 23:10	G1377	εδιωξεν	V-AAI-3S	LXX_WH
Józs 23:10	G5507	χιλιους	A-APM	LXX_WH
Józs 23:10	G3754	οτι	CONJ	LXX_WH
Józs 23:10	G2962	κυριος	N-NSM	LXX_WH
Józs 23:10	G3588	ο	T-NSM	LXX_WH
Józs 23:10	G2316	θεος	N-NSM	LXX_WH
Józs 23:10	G4771	υμων	P-GP	LXX_WH
Józs 23:10		εξεπολεμει	V-IAI-3S	ELTERO_SZOVEGALAP
Józs 23:10	G4771	υμιν	P-DP	LXX_WH
Józs 23:10	G2509	καθαπερ	ADV	LXX_WH
Józs 23:10		ειπεν	V-AAI-3S	ELTERO_SZOVEGALAP
Józs 23:10	G4771	υμιν	P-DP	LXX_WH
Józs 23:11	G2532	και	CONJ	LXX_WH
Józs 23:11	G5442	φυλαξασθε	V-AMD-2P	LXX_WH
Józs 23:11	G4970	σφοδρα	ADV	LXX_WH
Józs 23:11	G3588	του	T-GSN	LXX_WH
Józs 23:11	G0025	αγαπαν	V-PAN	LXX_WH
Józs 23:11	G2962	κυριον	N-ASM	LXX_WH
Józs 23:11	G3588	τον	T-ASM	LXX_WH
Józs 23:11	G2316	θεον	N-ASM	LXX_WH
Józs 23:11	G4771	υμων	P-GP	LXX_WH
Józs 23:12	G1437	εαν	CONJ	LXX_WH
Józs 23:12	G1063	γαρ	PRT	LXX_WH
Józs 23:12	G0654	αποστραφητε	V-APS-2P	LXX_WH
Józs 23:12	G2532	και	CONJ	LXX_WH
Józs 23:12	G4369	προσθησθε	V-AMS-2P	LXX_WH
Józs 23:12	G3588	τοις	T-DPN	LXX_WH
Józs 23:12	G5275	υπολειφθεισιν	V-APPDP	LXX_WH
Józs 23:12	G1484	εθνεσιν	N-DPN	LXX_WH
Józs 23:12	G3778	τουτοις	D-DPN	LXX_WH
Józs 23:12	G3588	τοις	T-DPN	LXX_WH
Józs 23:12	G3326	μεθ	PREP	LXX_WH
Józs 23:12	G4771	υμων	P-GP	LXX_WH
Józs 23:12	G2532	και	CONJ	LXX_WH
Józs 23:12	G1918	επιγαμιας	N-APF	ABP-potolt
Józs 23:12	G4160	ποιησητε	V-AAS-2P	LXX_WH
Józs 23:12	G4314	προς	PREP	LXX_WH
Józs 23:12	G0846	αυτους	D-APM	LXX_WH
Józs 23:12	G2532	και	CONJ	LXX_WH
Józs 23:12		συγκαταμιγητε	V-AAS-2P	ELTERO_SZOVEGALAP
Józs 23:12	G0846	αυτοις	D-DPM	LXX_WH
Józs 23:12	G2532	και	CONJ	LXX_WH
Józs 23:12	G0846	αυτοι	D-NPM	LXX_WH
Józs 23:12	G4771	υμιν	P-DP	LXX_WH
Józs 23:13	G1097	γινωσκετε	V-PAI-2P	LXX_WH
Józs 23:13	G3754	οτι	CONJ	LXX_WH
Józs 23:13	G3364	ου	ADV	LXX_WH
Józs 23:13	G3165	μη	ADV	LXX_WH
Józs 23:13	G4369	προσθη	V-AAS-3S	LXX_WH
Józs 23:13	G2962	κυριος	N-NSM	LXX_WH
Józs 23:13	G3588	του	T-GSN	LXX_WH
Józs 23:13		εξολεθρευσαι	V-AAN	
Józs 23:13	G3588	τα	T-APN	LXX_WH
Józs 23:13	G1484	εθνη	N-APN	LXX_WH
Józs 23:13	G3778	ταυτα	D-APN	LXX_WH
Józs 23:13	G0575	απο	PREP	LXX_WH
Józs 23:13	G4383	προσωπου	N-GSN	LXX_WH
Józs 23:13	G4771	υμων	P-GP	LXX_WH
Józs 23:13	G2532	και	CONJ	LXX_WH
Józs 23:13	G1510	εσονται	V-FMI-3P	LXX_WH
Józs 23:13	G4771	υμιν	P-DP	LXX_WH
Józs 23:13	G1519	εις	PREP	LXX_WH
Józs 23:13	G3803	παγιδας	N-APF	LXX_WH
Józs 23:13	G2532	και	CONJ	LXX_WH
Józs 23:13	G1519	εις	PREP	LXX_WH
Józs 23:13	G4625	σκανδαλα	N-APN	LXX_WH
Józs 23:13	G2532	και	CONJ	LXX_WH
Józs 23:13	G1519	εις	PREP	LXX_WH
Józs 23:13	G2247	ηλους	N-APM	LXX_WH
Józs 23:13	G1722	εν	PREP	LXX_WH
Józs 23:13	G3588	ταις	T-DPF	LXX_WH
Józs 23:13	G4418	πτερναις	N-DPF	LXX_WH
Józs 23:13	G4771	υμων	P-GP	LXX_WH
Józs 23:13	G2532	και	CONJ	LXX_WH
Józs 23:13	G1519	εις	PREP	LXX_WH
Józs 23:13	G1002	βολιδας	N-APF	LXX_WH
Józs 23:13	G1722	εν	PREP	LXX_WH
Józs 23:13	G3588	τοις	T-DPM	LXX_WH
Józs 23:13	G3788	οφθαλμοις	N-DPM	LXX_WH
Józs 23:13	G4771	υμων	P-GP	LXX_WH
Józs 23:13	G2193	εως	CONJ	LXX_WH
Józs 23:13	G0302	αν	PRT	LXX_WH
Józs 23:13	G0622	απολησθε	V-APS-2P	ABP-potolt
Józs 23:13	G0575	απο	PREP	LXX_WH
Józs 23:13	G3588	της	T-GSF	LXX_WH
Józs 23:13	G1065	γης	N-GSF	LXX_WH
Józs 23:13	G3588	της	T-GSF	LXX_WH
Józs 23:13	G0018	αγαθης	A-GSF	LXX_WH
Józs 23:13	G3778	ταυτης	D-GSF	LXX_WH
Józs 23:13	G3739	ην	R-ASF	LXX_WH
Józs 23:13	G1325	εδωκεν	V-AAI-3S	LXX_WH
Józs 23:13	G4771	υμιν	P-DP	LXX_WH
Józs 23:13	G2962	κυριος	N-NSM	LXX_WH
Józs 23:13	G3588	ο	T-NSM	LXX_WH
Józs 23:13	G2316	θεος	N-NSM	LXX_WH
Józs 23:13	G4771	υμων	P-GP	LXX_WH
Józs 23:14	G1473	εγω	P-NS	LXX_WH
Józs 23:14	G1161	δε	PRT	LXX_WH
Józs 23:14		αποτρεχω	V-PAI-1S	ELTERO_SZOVEGALAP
Józs 23:14	G3588	την	T-ASF	LXX_WH
Józs 23:14	G3598	οδον	N-ASF	LXX_WH
Józs 23:14	G2505	καθα	ADV	LXX_WH
Józs 23:14	G2532	και	CONJ	LXX_WH
Józs 23:14	G3956	παντες	A-NPM	LXX_WH
Józs 23:14	G3588	οι	T-NPM	LXX_WH
Józs 23:14	G1909	επι	PREP	LXX_WH
Józs 23:14	G3588	της	T-GSF	LXX_WH
Józs 23:14	G1065	γης	N-GSF	LXX_WH
Józs 23:14	G2532	και	CONJ	LXX_WH
Józs 23:14	G1097	γνωσεσθε	V-FMI-2P	LXX_WH
Józs 23:14	G3588	τη	T-DSF	LXX_WH
Józs 23:14	G2588	καρδια	N-DSF	LXX_WH
Józs 23:14	G4771	υμων	P-GP	LXX_WH
Józs 23:14	G2532	και	CONJ	LXX_WH
Józs 23:14	G3588	τη	T-DSF	LXX_WH
Józs 23:14	G5590	ψυχη	N-DSF	LXX_WH
Józs 23:14	G4771	υμων	P-GP	LXX_WH
Józs 23:14	G1360	διοτι	CONJ	LXX_WH
Józs 23:14	G3364	ου	ADV	LXX_WH
Józs 23:14		διεπεσεν	V-AAI-3S	ELTERO_SZOVEGALAP
Józs 23:14	G1519	εις	A-NSM	LXX_WH
Józs 23:14	G3056	λογος	N-NSM	LXX_WH
Józs 23:14	G0575	απο	PREP	LXX_WH
Józs 23:14	G3956	παντων	A-GPM	LXX_WH
Józs 23:14	G3588	των	T-GPM	LXX_WH
Józs 23:14	G3056	λογων	N-GPM	LXX_WH
Józs 23:14	G3739	ων	R-GPM	LXX_WH
Józs 23:14	G2036	ειπεν	V-AAI-3S	ABP-potolt
Józs 23:14	G2962	κυριος	N-NSM	LXX_WH
Józs 23:14	G3588	ο	T-NSM	LXX_WH
Józs 23:14	G2316	θεος	N-NSM	LXX_WH
Józs 23:14	G4771	υμων	P-GP	LXX_WH
Józs 23:14	G4314	προς	PREP	LXX_WH
Józs 23:14	G3956	παντα	A-APN	LXX_WH
Józs 23:14	G3588	τα	T-APN	LXX_WH
Józs 23:14		ανηκοντα	V-PAPAP	ELTERO_SZOVEGALAP
Józs 23:14	G4771	υμιν	P-DP	LXX_WH
Józs 23:14	G3364	ου	ADV	LXX_WH
Józs 23:14		διεφωνησεν	V-AAI-3S	ELTERO_SZOVEGALAP
Józs 23:14	G1537	εξ	PREP	LXX_WH
Józs 23:14	G0846	αυτων	D-GPM	LXX_WH
Józs 23:15	G2532	και	CONJ	LXX_WH
Józs 23:15	G1510	εσται	V-FMI-3S	LXX_WH
Józs 23:15	G3739	ον	R-ASM	LXX_WH
Józs 23:15	G5158	τροπον	N-ASM	LXX_WH
Józs 23:15	G1854	ηκει	V-PAI-3S	LXX_WH
Józs 23:15	G1909	εφ	PREP	LXX_WH
Józs 23:15	G4771	υμας	P-AP	LXX_WH
Józs 23:15	G3956	παντα	A-APN	LXX_WH
Józs 23:15	G3588	τα	T-APN	LXX_WH
Józs 23:15	G4487	ρηματα	N-APN	LXX_WH
Józs 23:15	G3588	τα	T-APN	LXX_WH
Józs 23:15	G2570	καλα	A-APN	LXX_WH
Józs 23:15	G3739	α	R-APN	LXX_WH
Józs 23:15	G2980	ελαλησεν	V-AAI-3S	LXX_WH
Józs 23:15	G2962	κυριος	N-NSM	LXX_WH
Józs 23:15	G4314	προς	PREP	LXX_WH
Józs 23:15	G4771	υμας	P-AP	LXX_WH
Józs 23:15	G3778	ουτως	ADV	LXX_WH
Józs 23:15		επαξει	V-FAI-3S	ELTERO_SZOVEGALAP
Józs 23:15	G2962	κυριος	N-NSM	LXX_WH
Józs 23:15	G3588	ο	T-NSM	LXX_WH
Józs 23:15	G2316	θεος	N-NSM	LXX_WH
Józs 23:15	G1909	εφ	PREP	LXX_WH
Józs 23:15	G4771	υμας	P-AP	LXX_WH
Józs 23:15	G3956	παντα	A-APN	LXX_WH
Józs 23:15	G3588	τα	T-APN	LXX_WH
Józs 23:15	G4487	ρηματα	N-APN	LXX_WH
Józs 23:15	G3588	τα	T-APN	LXX_WH
Józs 23:15	G4190	πονηρα	A-APN	LXX_WH
Józs 23:15	G2193	εως	CONJ	LXX_WH
Józs 23:15	G0302	αν	PRT	LXX_WH
Józs 23:15		εξολεθρευση	V-AAS-3S	ELTERO_SZOVEGALAP
Józs 23:15	G4771	υμας	P-AP	LXX_WH
Józs 23:15	G0575	απο	PREP	LXX_WH
Józs 23:15	G3588	της	T-GSF	LXX_WH
Józs 23:15	G1065	γης	N-GSF	LXX_WH
Józs 23:15	G3588	της	T-GSF	LXX_WH
Józs 23:15	G0018	αγαθης	A-GSF	LXX_WH
Józs 23:15	G3778	ταυτης	D-GSF	LXX_WH
Józs 23:15	G3739	ης	R-GSF	LXX_WH
Józs 23:15	G1325	εδωκεν	V-AAI-3S	LXX_WH
Józs 23:15	G2962	κυριος	N-NSM	LXX_WH
Józs 23:15	G4771	υμιν	P-DP	LXX_WH
Józs 23:16	G1722	εν	PREP	LXX_WH
Józs 23:16	G3588	τω	T-DSN	LXX_WH
Józs 23:16	G3845	παραβηναι	V-AAN	LXX_WH
Józs 23:16	G4771	υμας	P-AP	LXX_WH
Józs 23:16	G3588	την	T-ASF	LXX_WH
Józs 23:16	G1242	διαθηκην	N-ASF	LXX_WH
Józs 23:16	G2962	κυριου	N-GSM	LXX_WH
Józs 23:16	G3588	του	T-GSM	LXX_WH
Józs 23:16	G2316	θεου	N-GSM	LXX_WH
Józs 23:16	G4771	υμων	P-GP	LXX_WH
Józs 23:16	G3739	ην	R-ASF	LXX_WH
Józs 23:16	G1781	ενετειλατο	V-AMI-3S	LXX_WH
Józs 23:16	G4771	υμιν	P-DP	LXX_WH
Józs 23:16	G2532	και	CONJ	LXX_WH
Józs 23:16	G4198	πορευθεντες	V-APPNP	LXX_WH
Józs 23:16	G3000	λατρευσητε	V-AAS-2P	LXX_WH
Józs 23:16	G2316	θεοις	N-DPM	LXX_WH
Józs 23:16	G2087	ετεροις	A-DPM	LXX_WH
Józs 23:16	G2532	και	CONJ	LXX_WH
Józs 23:16	G4352	προσκυνησητε	V-AAS-2P	LXX_WH
Józs 23:16	G0846	αυτοις	D-DPM	LXX_WH
Józs 24:1	G2532	και	CONJ	LXX_WH
Józs 24:1	G4863	συνηγαγεν	V-AAI-3S	LXX_WH
Józs 24:1	G2424	ιησους	N-PRI	LXX_WH
Józs 24:1	G3956	πασας	A-APF	LXX_WH
Józs 24:1	G5443	φυλας	N-APF	LXX_WH
Józs 24:1	G2474	ισραηλ	N-PRI	LXX_WH
Józs 24:1	G1519	εις	PREP	LXX_WH
Józs 24:1		σηλω	N-PRI	ELTERO_SZOVEGALAP
Józs 24:1	G2532	και	CONJ	LXX_WH
Józs 24:1	G4779	συνεκαλεσεν	V-AAI-3S	LXX_WH
Józs 24:1	G3588	τους	T-APM	LXX_WH
Józs 24:1	G4245	πρεσβυτερους	A-APMC	LXX_WH
Józs 24:1	G0846	αυτων	D-GPF	LXX_WH
Józs 24:1	G2532	και	CONJ	LXX_WH
Józs 24:1	G3588	τους	T-APM	LXX_WH
Józs 24:1	G1122	γραμματεις	N-APM	LXX_WH
Józs 24:1	G0846	αυτων	D-GPF	LXX_WH
Józs 24:1	G2532	και	CONJ	LXX_WH
Józs 24:1	G3588	τους	T-APM	LXX_WH
Józs 24:1	G1348	δικαστας	N-APM	LXX_WH
Józs 24:1	G0846	αυτων	D-GPF	LXX_WH
Józs 24:1	G2532	και	CONJ	LXX_WH
Józs 24:1	G2476	εστησεν	V-AAI-3S	LXX_WH
Józs 24:1	G0846	αυτους	D-APM	LXX_WH
Józs 24:1		απεναντι	PREP	ELTERO_SZOVEGALAP
Józs 24:1	G3588	του	T-GSM	LXX_WH
Józs 24:1	G2316	θεου	N-GSM	LXX_WH
Józs 24:2	G2532	και	CONJ	LXX_WH
Józs 24:2		ειπεν	V-AAI-3S	ELTERO_SZOVEGALAP
Józs 24:2	G2424	ιησους	N-PRI	LXX_WH
Józs 24:2	G4314	προς	PREP	LXX_WH
Józs 24:2	G3956	παντα	A-ASM	LXX_WH
Józs 24:2	G3588	τον	T-ASM	LXX_WH
Józs 24:2	G2992	λαον	N-ASM	LXX_WH
Józs 24:2	G3592	ταδε	D-APN	LXX_WH
Józs 24:2	G3004	λεγει	V-PAI-3S	LXX_WH
Józs 24:2	G2962	κυριος	N-NSM	LXX_WH
Józs 24:2	G3588	ο	T-NSM	LXX_WH
Józs 24:2	G2316	θεος	N-NSM	LXX_WH
Józs 24:2	G2474	ισραηλ	N-PRI	LXX_WH
Józs 24:2	G4008	περαν	PREP	LXX_WH
Józs 24:2	G3588	του	T-GSM	LXX_WH
Józs 24:2	G4215	ποταμου	N-GSM	LXX_WH
Józs 24:2	G2730	κατωκησαν	V-AAI-3P	ABP-potolt
Józs 24:2	G3588	οι	T-NPM	LXX_WH
Józs 24:2	G3962	πατερες	N-NPM	LXX_WH
Józs 24:2	G4771	υμων	P-GP	LXX_WH
Józs 24:2	G3588	το	T-ASN	LXX_WH
Józs 24:2	G0575	απ	PREP	LXX_WH
Józs 24:2	G0746	αρχης	N-GSF	LXX_WH
Józs 24:2	G2291	θαρα	N-PRI	LXX_WH
Józs 24:2	G3588	ο	T-NSM	LXX_WH
Józs 24:2	G3962	πατηρ	N-NSM	LXX_WH
Józs 24:2	G0011	αβρααμ	N-PRI	LXX_WH
Józs 24:2	G2532	και	CONJ	LXX_WH
Józs 24:2	G3588	ο	T-NSM	LXX_WH
Józs 24:2	G3962	πατηρ	N-NSM	LXX_WH
Józs 24:2	G3493	ναχωρ	N-PRI	LXX_WH
Józs 24:2	G2532	και	CONJ	LXX_WH
Józs 24:2	G3000	ελατρευσαν	V-AAI-3P	LXX_WH
Józs 24:2	G2316	θεοις	N-DPM	LXX_WH
Józs 24:2	G2087	ετεροις	A-DPM	LXX_WH
Józs 24:3	G2532	και	CONJ	LXX_WH
Józs 24:3	G2983	ελαβον	V-AAI-1S	LXX_WH
Józs 24:3	G3588	τον	T-ASM	LXX_WH
Józs 24:3	G3962	πατερα	N-ASM	LXX_WH
Józs 24:3	G4771	υμων	P-GP	LXX_WH
Józs 24:3	G3588	τον	T-ASM	LXX_WH
Józs 24:3	G0011	αβρααμ	N-PRI	LXX_WH
Józs 24:3	G1537	εκ	PREP	LXX_WH
Józs 24:3	G3588	του	T-GSN	LXX_WH
Józs 24:3	G4008	περαν	ADV	LXX_WH
Józs 24:3	G3588	του	T-GSM	LXX_WH
Józs 24:3	G4215	ποταμου	N-GSM	LXX_WH
Józs 24:3	G2532	και	CONJ	LXX_WH
Józs 24:3	G3594	ωδηγησα	V-AAI-1S	LXX_WH
Józs 24:3	G0846	αυτον	D-ASM	LXX_WH
Józs 24:3	G1722	εν	PREP	LXX_WH
Józs 24:3	G3956	παση	A-DSF	LXX_WH
Józs 24:3	G3588	τη	T-DSF	LXX_WH
Józs 24:3	G1065	γη	N-DSF	LXX_WH
Józs 24:3	G2532	και	CONJ	LXX_WH
Józs 24:3	G4129	επληθυνα	V-AAI-1S	LXX_WH
Józs 24:3	G0846	αυτου	D-GSM	LXX_WH
Józs 24:3	G4690	σπερμα	N-ASN	LXX_WH
Józs 24:3	G2532	και	CONJ	LXX_WH
Józs 24:3	G1325	εδωκα	V-AAI-1S	LXX_WH
Józs 24:3	G0846	αυτω	D-DSM	LXX_WH
Józs 24:3	G3588	τον	T-ASM	LXX_WH
Józs 24:3	G2464	ισαακ	N-PRI	LXX_WH
Józs 24:4	G2532	και	CONJ	LXX_WH
Józs 24:4	G3588	τω	T-DSM	LXX_WH
Józs 24:4	G2464	ισαακ	N-PRI	LXX_WH
Józs 24:4	G3588	τον	T-ASM	LXX_WH
Józs 24:4	G2384	ιακωβ	N-PRI	LXX_WH
Józs 24:4	G2532	και	CONJ	LXX_WH
Józs 24:4	G3588	τον	T-ASM	LXX_WH
Józs 24:4	G2269	ησαυ	N-PRI	LXX_WH
Józs 24:4	G2532	και	CONJ	LXX_WH
Józs 24:4	G1325	εδωκα	V-AAI-1S	LXX_WH
Józs 24:4	G3588	τω	T-DSM	LXX_WH
Józs 24:4	G2269	ησαυ	N-PRI	LXX_WH
Józs 24:4	G3588	το	T-ASN	LXX_WH
Józs 24:4	G3735	ορος	N-ASN	LXX_WH
Józs 24:4	G3588	το	T-ASN	LXX_WH
Józs 24:4		σηιρ	N-PRI	ELTERO_SZOVEGALAP
Józs 24:4	G2816	κληρονομησαι	V-AAN	LXX_WH
Józs 24:4	G0846	αυτω	D-DSM	LXX_WH
Józs 24:4	G2532	και	CONJ	LXX_WH
Józs 24:4	G2384	ιακωβ	N-PRI	LXX_WH
Józs 24:4	G2532	και	CONJ	LXX_WH
Józs 24:4	G3588	οι	T-NPM	LXX_WH
Józs 24:4	G5207	υιοι	N-NPM	LXX_WH
Józs 24:4	G0846	αυτου	D-GSM	LXX_WH
Józs 24:4	G2597	κατεβησαν	V-AAI-3P	LXX_WH
Józs 24:4	G1519	εις	PREP	LXX_WH
Józs 24:4	G0125	αιγυπτον	N-ASF	LXX_WH
Józs 24:4	G2532	και	CONJ	LXX_WH
Józs 24:4	G1096	εγενοντο	V-AMI-3P	LXX_WH
Józs 24:4	G1563	εκει	ADV	LXX_WH
Józs 24:4	G1519	εις	PREP	LXX_WH
Józs 24:4	G1484	εθνος	N-ASN	LXX_WH
Józs 24:4	G3173	μεγα	A-ASN	LXX_WH
Józs 24:4	G2532	και	CONJ	LXX_WH
Józs 24:4	G4183	πολυ	A-ASN	LXX_WH
Józs 24:4	G2532	και	CONJ	LXX_WH
Józs 24:4	G2900	κραταιον	A-ASN	LXX_WH
Józs 24:5	G2532	και	CONJ	LXX_WH
Józs 24:5	G2559	εκακωσαν	V-AAI-3P	LXX_WH
Józs 24:5	G0846	αυτους	D-APM	LXX_WH
Józs 24:5	G3588	οι	T-NPM	LXX_WH
Józs 24:5	G0124	αιγυπτιοι	N-NPM	LXX_WH
Józs 24:5	G2532	και	CONJ	LXX_WH
Józs 24:5	G3960	επαταξεν	V-AAI-3S	LXX_WH
Józs 24:5	G2962	κυριος	N-NSM	LXX_WH
Józs 24:5	G3588	την	T-ASF	LXX_WH
Józs 24:5	G0125	αιγυπτον	N-ASF	LXX_WH
Józs 24:5	G1722	εν	PREP	LXX_WH
Józs 24:5	G3739	οις	R-DPN	LXX_WH
Józs 24:5	G4160	εποιησεν	V-AAI-3S	LXX_WH
Józs 24:5	G0846	αυτοις	D-DPM	LXX_WH
Józs 24:5	G2532	και	CONJ	LXX_WH
Józs 24:5	G3326	μετα	PREP	LXX_WH
Józs 24:5	G3778	ταυτα	D-APN	LXX_WH
Józs 24:5	G1806	εξηγαγεν	V-AAI-3S	LXX_WH
Józs 24:5	G4771	υμας	P-AP	LXX_WH
Józs 24:6	G1537	εξ	PREP	LXX_WH
Józs 24:6	G0125	αιγυπτου	N-GSF	LXX_WH
Józs 24:6	G2532	και	CONJ	LXX_WH
Józs 24:6	G1525	εισηλθατε	V-AAI-2P	LXX_WH
Józs 24:6	G1519	εις	PREP	LXX_WH
Józs 24:6	G3588	την	T-ASF	LXX_WH
Józs 24:6	G2281	θαλασσαν	N-ASF	LXX_WH
Józs 24:6	G3588	την	T-ASF	LXX_WH
Józs 24:6	G2063	ερυθραν	A-ASF	LXX_WH
Józs 24:6	G2532	και	CONJ	LXX_WH
Józs 24:6	G2614	κατεδιωξαν	V-AAI-3P	LXX_WH
Józs 24:6	G3588	οι	T-NPM	LXX_WH
Józs 24:6	G0124	αιγυπτιοι	N-NPM	LXX_WH
Józs 24:6	G3694	οπισω	PREP	LXX_WH
Józs 24:6	G3588	των	T-GPM	LXX_WH
Józs 24:6	G3962	πατερων	N-GPM	LXX_WH
Józs 24:6	G4771	υμων	P-GP	LXX_WH
Józs 24:6	G1722	εν	PREP	LXX_WH
Józs 24:6	G0716	αρμασιν	N-DPN	LXX_WH
Józs 24:6	G2532	και	CONJ	LXX_WH
Józs 24:6	G1722	εν	PREP	LXX_WH
Józs 24:6	G2462	ιπποις	N-DPM	LXX_WH
Józs 24:6	G1519	εις	PREP	LXX_WH
Józs 24:6	G3588	την	T-ASF	LXX_WH
Józs 24:6	G2281	θαλασσαν	N-ASF	LXX_WH
Józs 24:6	G3588	την	T-ASF	LXX_WH
Józs 24:6	G2063	ερυθραν	A-ASF	LXX_WH
Józs 24:7	G2532	και	CONJ	LXX_WH
Józs 24:7	G0310	ανεβοησαμεν	V-AAI-1P	LXX_WH
Józs 24:7	G4314	προς	PREP	LXX_WH
Józs 24:7	G2962	κυριον	N-ASM	LXX_WH
Józs 24:7	G2532	και	CONJ	LXX_WH
Józs 24:7	G1325	εδωκεν	V-AAI-3S	LXX_WH
Józs 24:7	G3507	νεφελην	N-ASF	LXX_WH
Józs 24:7	G2532	και	CONJ	LXX_WH
Józs 24:7	G1105	γνοφον	N-ASM	LXX_WH
Józs 24:7	G0303	ανα	PREP	LXX_WH
Józs 24:7	G3319	μεσον	A-ASN	LXX_WH
Józs 24:7	G1473	ημων	P-GP	LXX_WH
Józs 24:7	G2532	και	CONJ	LXX_WH
Józs 24:7	G0303	ανα	PREP	LXX_WH
Józs 24:7	G3319	μεσον	A-ASN	LXX_WH
Józs 24:7	G3588	των	T-GPM	LXX_WH
Józs 24:7	G0124	αιγυπτιων	N-GPM	LXX_WH
Józs 24:7	G2532	και	CONJ	LXX_WH
Józs 24:7	G1863	επηγαγεν	V-AAI-3S	ABP-potolt
Józs 24:7	G1909	επ	PREP	LXX_WH
Józs 24:7	G0846	αυτους	D-APM	LXX_WH
Józs 24:7	G3588	την	T-ASF	LXX_WH
Józs 24:7	G2281	θαλασσαν	N-ASF	LXX_WH
Józs 24:7	G2532	και	CONJ	LXX_WH
Józs 24:7	G2572	εκαλυψεν	V-AAI-3S	LXX_WH
Józs 24:7	G0846	αυτους	D-APM	LXX_WH
Józs 24:7	G2532	και	CONJ	LXX_WH
Józs 24:7	G3708	ειδοσαν	V-AAI-3P	LXX_WH
Józs 24:7	G3588	οι	T-NPM	LXX_WH
Józs 24:7	G3788	οφθαλμοι	N-NPM	LXX_WH
Józs 24:7	G4771	υμων	P-GP	LXX_WH
Józs 24:7	G3745	οσα	A-APN	LXX_WH
Józs 24:7	G4160	εποιησεν	V-AAI-3S	LXX_WH
Józs 24:7	G2962	κυριος	N-NSM	LXX_WH
Józs 24:7	G1722	εν	PREP	LXX_WH
Józs 24:7	G1065	γη	N-DSF	LXX_WH
Józs 24:7	G0125	αιγυπτω	N-DSF	LXX_WH
Józs 24:7	G2532	και	CONJ	LXX_WH
Józs 24:7	G1510	ητε	V-IAI-2P	LXX_WH
Józs 24:7	G1722	εν	PREP	LXX_WH
Józs 24:7	G3588	τη	T-DSF	LXX_WH
Józs 24:7	G2048	ερημω	N-DSF	LXX_WH
Józs 24:7	G2250	ημερας	N-APF	LXX_WH
Józs 24:7	G4183	πλειους	A-APF	LXX_WH
Józs 24:8	G2532	και	CONJ	LXX_WH
Józs 24:8	G0071	ηγαγεν	V-AAI-3S	LXX_WH
Józs 24:8	G4771	υμας	P-AP	LXX_WH
Józs 24:8	G1519	εις	PREP	LXX_WH
Józs 24:8	G1065	γην	N-ASF	LXX_WH
Józs 24:8		αμορραιων	N-GPM	ELTERO_SZOVEGALAP
Józs 24:8	G3588	των	T-GPM	LXX_WH
Józs 24:8	G2730	κατοικουντων	V-PAPGP	ABP-potolt
Józs 24:8	G4008	περαν	PREP	LXX_WH
Józs 24:8	G3588	του	T-GSM	LXX_WH
Józs 24:8	G2446	ιορδανου	N-GSM	LXX_WH
Józs 24:8	G2532	και	CONJ	LXX_WH
Józs 24:8		παρεταξαντο	V-AMI-3P	ELTERO_SZOVEGALAP
Józs 24:8	G4771	υμιν	P-DP	LXX_WH
Józs 24:8	G2532	και	CONJ	LXX_WH
Józs 24:8	G3860	παρεδωκεν	V-AAI-3S	LXX_WH
Józs 24:8	G0846	αυτους	D-APM	LXX_WH
Józs 24:8	G2962	κυριος	N-NSM	LXX_WH
Józs 24:8	G1519	εις	PREP	LXX_WH
Józs 24:8	G3588	τας	T-APF	LXX_WH
Józs 24:8	G5495	χειρας	N-APF	LXX_WH
Józs 24:8	G4771	υμων	P-GP	LXX_WH
Józs 24:8	G2532	και	CONJ	LXX_WH
Józs 24:8	G2624	κατεκληρονομησατε	V-AAI-2P	ABP-potolt
Józs 24:8	G3588	την	T-ASF	LXX_WH
Józs 24:8	G1065	γην	N-ASF	LXX_WH
Józs 24:8	G0846	αυτων	D-GPM	LXX_WH
Józs 24:8	G2532	και	CONJ	LXX_WH
Józs 24:8		εξωλεθρευσατε	V-AAI-2P	ELTERO_SZOVEGALAP
Józs 24:8	G0846	αυτους	D-APM	LXX_WH
Józs 24:8	G0575	απο	PREP	LXX_WH
Józs 24:8	G4383	προσωπου	N-GSN	LXX_WH
Józs 24:8	G4771	υμων	P-GP	LXX_WH
Józs 24:9	G2532	και	CONJ	LXX_WH
Józs 24:9	G0450	ανεστη	V-AAI-3S	LXX_WH
Józs 24:9	G0904	βαλακ	N-PRI	LXX_WH
Józs 24:9	G3588	ο	T-NSM	LXX_WH
Józs 24:9	G3588	του	T-GSM	LXX_WH
Józs 24:9	G3588	σεπφωρ	N-PRI	ABP-potolt
Józs 24:9	G0935	βασιλευς	N-NSM	LXX_WH
Józs 24:9		μωαβ	N-PRI	ELTERO_SZOVEGALAP
Józs 24:9	G2532	και	CONJ	LXX_WH
Józs 24:9	G3904	παρεταξατο	V-AMI-3S	ABP-potolt
Józs 24:9	G3588	τω	T-DSM	LXX_WH
Józs 24:9	G2474	ισραηλ	N-PRI	LXX_WH
Józs 24:9	G2532	και	CONJ	LXX_WH
Józs 24:9	G0649	αποστειλας	V-AAPNS	LXX_WH
Józs 24:9	G2564	εκαλεσεν	V-AAI-3S	LXX_WH
Józs 24:9	G3588	τον	T-ASM	LXX_WH
Józs 24:9	G0903	βαλααμ	N-PRI	LXX_WH
Józs 24:9		αρασασθαι	V-AMN	ELTERO_SZOVEGALAP
Józs 24:9	G4771	υμιν	P-DP	LXX_WH
Józs 24:10	G2532	και	CONJ	LXX_WH
Józs 24:10	G3364	ουκ	ADV	LXX_WH
Józs 24:10	G2309	ηθελησεν	V-AAI-3S	LXX_WH
Józs 24:10	G2962	κυριος	N-NSM	LXX_WH
Józs 24:10	G3588	ο	T-NSM	LXX_WH
Józs 24:10	G2316	θεος	N-NSM	LXX_WH
Józs 24:10	G4771	σου	P-GS	LXX_WH
Józs 24:10		απολεσαι	V-AAN	ELTERO_SZOVEGALAP
Józs 24:10	G4771	σε	P-AS	LXX_WH
Józs 24:10	G2532	και	CONJ	LXX_WH
Józs 24:10	G2129	ευλογιαν	N-ASF	LXX_WH
Józs 24:10	G2127	ευλογησεν	V-AAI-3S	LXX_WH
Józs 24:10	G4771	υμας	P-AP	LXX_WH
Józs 24:10	G2532	και	CONJ	LXX_WH
Józs 24:10	G1807	εξειλατο	V-AMI-3S	LXX_WH
Józs 24:10	G4771	υμας	P-AP	LXX_WH
Józs 24:10	G1537	εκ	PREP	LXX_WH
Józs 24:10	G5495	χειρων	N-GPF	LXX_WH
Józs 24:10	G0846	αυτων	D-GPM	LXX_WH
Józs 24:10	G2532	και	CONJ	LXX_WH
Józs 24:10	G3860	παρεδωκεν	V-AAI-3S	LXX_WH
Józs 24:10	G0846	αυτους	D-APM	LXX_WH
Józs 24:11	G2532	και	CONJ	LXX_WH
Józs 24:11	G1224	διεβητε	V-AAI-2P	LXX_WH
Józs 24:11	G3588	τον	T-ASM	LXX_WH
Józs 24:11	G2446	ιορδανην	N-ASM	LXX_WH
Józs 24:11	G2532	και	CONJ	LXX_WH
Józs 24:11	G3854	παρεγενηθητε	V-API-2P	LXX_WH
Józs 24:11	G1519	εις	PREP	LXX_WH
Józs 24:11	G2410	ιεριχω	N-PRI	LXX_WH
Józs 24:11	G2532	και	CONJ	LXX_WH
Józs 24:11	G4170	επολεμησαν	V-AAI-3P	LXX_WH
Józs 24:11	G4314	προς	PREP	LXX_WH
Józs 24:11	G4771	υμας	P-AP	LXX_WH
Józs 24:11	G3588	οι	T-NPM	LXX_WH
Józs 24:11		κατοικουντες	V-PAPNP	ELTERO_SZOVEGALAP
Józs 24:11	G2410	ιεριχω	N-PRI	LXX_WH
Józs 24:11	G3588	ο	T-NSM	LXX_WH
Józs 24:11		αμορραιος	N-NSM	ELTERO_SZOVEGALAP
Józs 24:11	G2532	και	CONJ	LXX_WH
Józs 24:11	G3588	ο	T-NSM	LXX_WH
Józs 24:11		χαναναιος	N-NSM	ELTERO_SZOVEGALAP
Józs 24:11	G2532	και	CONJ	LXX_WH
Józs 24:11	G3588	ο	T-NSM	LXX_WH
Józs 24:11		φερεζαιος	N-NSM	ELTERO_SZOVEGALAP
Józs 24:11	G2532	και	CONJ	LXX_WH
Józs 24:11	G3588	ο	T-NSM	LXX_WH
Józs 24:11		ευαιος	N-NSM	ELTERO_SZOVEGALAP
Józs 24:11	G2532	και	CONJ	LXX_WH
Józs 24:11	G3588	ο	T-NSM	LXX_WH
Józs 24:11		ιεβουσαιος	N-NSM	ELTERO_SZOVEGALAP
Józs 24:11	G2532	και	CONJ	LXX_WH
Józs 24:11	G3588	ο	T-NSM	LXX_WH
Józs 24:11		χετταιος	N-NSM	ELTERO_SZOVEGALAP
Józs 24:11	G2532	και	CONJ	LXX_WH
Józs 24:11	G3588	ο	T-NSM	LXX_WH
Józs 24:11		γεργεσαιος	N-NSM	ELTERO_SZOVEGALAP
Józs 24:11	G2532	και	CONJ	LXX_WH
Józs 24:11	G3860	παρεδωκεν	V-AAI-3S	LXX_WH
Józs 24:11	G0846	αυτους	D-APM	LXX_WH
Józs 24:11	G2962	κυριος	N-NSM	LXX_WH
Józs 24:11	G1519	εις	PREP	LXX_WH
Józs 24:11	G3588	τας	T-APF	LXX_WH
Józs 24:11	G5495	χειρας	N-APF	LXX_WH
Józs 24:11	G4771	υμων	P-GP	LXX_WH
Józs 24:12	G2532	και	CONJ	LXX_WH
Józs 24:12	G1821	εξαπεστειλεν	V-AAI-3S	LXX_WH
Józs 24:12	G4387	προτεραν	A-ASFC	LXX_WH
Józs 24:12	G4771	υμων	P-GP	LXX_WH
Józs 24:12	G3588	την	T-ASF	LXX_WH
Józs 24:12	G4969	σφηκιαν	N-ASF	ABP-potolt
Józs 24:12	G2532	και	CONJ	LXX_WH
Józs 24:12	G1544	εξεβαλεν	V-AAI-3S	LXX_WH
Józs 24:12	G0846	αυτους	D-APM	LXX_WH
Józs 24:12	G0575	απο	PREP	LXX_WH
Józs 24:12	G4383	προσωπου	N-GSN	LXX_WH
Józs 24:12	G4771	υμων	P-GP	LXX_WH
Józs 24:12	G1427	δωδεκα	N-NUI	LXX_WH
Józs 24:12	G0935	βασιλεις	N-APM	LXX_WH
Józs 24:12	G3588	των	T-GPM	LXX_WH
Józs 24:12		αμορραιων	N-GPM	ELTERO_SZOVEGALAP
Józs 24:12	G3364	ουκ	ADV	LXX_WH
Józs 24:12	G1722	εν	PREP	LXX_WH
Józs 24:12	G3588	τη	T-DSF	LXX_WH
Józs 24:12		ρομφαια	N-DSF	ELTERO_SZOVEGALAP
Józs 24:12	G4771	σου	P-GS	LXX_WH
Józs 24:12	G3761	ουδε	CONJ	LXX_WH
Józs 24:12	G1722	εν	PREP	LXX_WH
Józs 24:12	G3588	τω	T-DSN	LXX_WH
Józs 24:12	G5115	τοξω	N-DSN	LXX_WH
Józs 24:12	G4771	σου	P-GS	LXX_WH
Józs 24:13	G2532	και	CONJ	LXX_WH
Józs 24:13	G1325	εδωκεν	V-AAI-3S	LXX_WH
Józs 24:13	G4771	υμιν	P-DP	LXX_WH
Józs 24:13	G1065	γην	N-ASF	LXX_WH
Józs 24:13	G1909	εφ	PREP	LXX_WH
Józs 24:13	G3739	ην	R-ASF	LXX_WH
Józs 24:13	G3364	ουκ	ADV	LXX_WH
Józs 24:13	G2872	εκοπιασατε	V-AAI-2P	LXX_WH
Józs 24:13	G1909	επ	PREP	LXX_WH
Józs 24:13	G0846	αυτης	D-GSF	LXX_WH
Józs 24:13	G2532	και	CONJ	LXX_WH
Józs 24:13	G4172	πολεις	N-APF	LXX_WH
Józs 24:13	G3739	ας	R-APF	LXX_WH
Józs 24:13	G3364	ουκ	ADV	LXX_WH
Józs 24:13	G3618	ωκοδομησατε	V-AAI-2P	LXX_WH
Józs 24:13	G2532	και	CONJ	LXX_WH
Józs 24:13		κατωκισθητε	V-API-2P	ELTERO_SZOVEGALAP
Józs 24:13	G1722	εν	PREP	LXX_WH
Józs 24:13	G0846	αυταις	D-DPF	LXX_WH
Józs 24:13	G2532	και	CONJ	LXX_WH
Józs 24:13	G0290	αμπελωνας	N-APM	LXX_WH
Józs 24:13	G2532	και	CONJ	LXX_WH
Józs 24:13	G1637	ελαιωνας	N-APM	LXX_WH
Józs 24:13	G3739	ους	R-APM	LXX_WH
Józs 24:13	G3364	ουκ	ADV	LXX_WH
Józs 24:13	G5452	εφυτευσατε	V-AAI-2P	LXX_WH
Józs 24:13	G4771	υμεις	P-NP	LXX_WH
Józs 24:13	G2068	εδεσθε	V-FMI-2P	LXX_WH
Józs 24:14	G2532	και	CONJ	LXX_WH
Józs 24:14	G3568	νυν	ADV	LXX_WH
Józs 24:14	G5399	φοβηθητε	V-APD-2P	LXX_WH
Józs 24:14	G2962	κυριον	N-ASM	LXX_WH
Józs 24:14	G2532	και	CONJ	LXX_WH
Józs 24:14	G3000	λατρευσατε	V-AAD-2P	LXX_WH
Józs 24:14	G0846	αυτω	D-DSM	LXX_WH
Józs 24:14	G1722	εν	PREP	LXX_WH
Józs 24:14	G2118	ευθυτητι	N-DSF	LXX_WH
Józs 24:14	G2532	και	CONJ	LXX_WH
Józs 24:14	G1722	εν	PREP	LXX_WH
Józs 24:14	G1343	δικαιοσυνη	N-DSF	LXX_WH
Józs 24:14	G2532	και	CONJ	LXX_WH
Józs 24:14	G4014	περιελεσθε	V-AMD-2P	LXX_WH
Józs 24:14	G3588	τους	T-APM	LXX_WH
Józs 24:14	G2316	θεους	N-APM	LXX_WH
Józs 24:14	G3588	τους	T-APM	LXX_WH
Józs 24:14	G0245	αλλοτριους	A-APM	LXX_WH
Józs 24:14	G3739	οις	R-DPM	LXX_WH
Józs 24:14	G3000	ελατρευσαν	V-AAI-3P	LXX_WH
Józs 24:14	G3588	οι	T-NPM	LXX_WH
Józs 24:14	G3962	πατερες	N-NPM	LXX_WH
Józs 24:14	G4771	υμων	P-GP	LXX_WH
Józs 24:14	G1722	εν	PREP	LXX_WH
Józs 24:14	G3588	τω	T-DSN	LXX_WH
Józs 24:14	G4008	περαν	ADV	LXX_WH
Józs 24:14	G3588	του	T-GSM	LXX_WH
Józs 24:14	G4215	ποταμου	N-GSM	LXX_WH
Józs 24:14	G2532	και	CONJ	LXX_WH
Józs 24:14	G1722	εν	PREP	LXX_WH
Józs 24:14	G0125	αιγυπτω	N-DSF	LXX_WH
Józs 24:14	G2532	και	CONJ	LXX_WH
Józs 24:14	G3000	λατρευετε	V-PAD-2P	LXX_WH
Józs 24:14	G2962	κυριω	N-DSM	LXX_WH
Józs 24:15	G1487	ει	CONJ	LXX_WH
Józs 24:15	G1161	δε	PRT	LXX_WH
Józs 24:15	G3165	μη	ADV	LXX_WH
Józs 24:15	G0700	αρεσκει	V-PAI-3S	LXX_WH
Józs 24:15	G4771	υμιν	P-DP	LXX_WH
Józs 24:15	G3000	λατρευειν	V-PAN	LXX_WH
Józs 24:15	G2962	κυριω	N-DSM	LXX_WH
Józs 24:15		ελεσθε	V-AMD-2P	ELTERO_SZOVEGALAP
Józs 24:15	G4771	υμιν	P-DP	LXX_WH
Józs 24:15	G1438	εαυτοις	D-DPM	LXX_WH
Józs 24:15	G4594	σημερον	ADV	LXX_WH
Józs 24:15	G5100	τινι	I-DSM	LXX_WH
Józs 24:15	G3000	λατρευσητε	V-AAS-2P	LXX_WH
Józs 24:15	G1535	ειτε	CONJ	LXX_WH
Józs 24:15	G3588	τοις	T-DPM	LXX_WH
Józs 24:15	G2316	θεοις	N-DPM	LXX_WH
Józs 24:15	G3588	των	T-GPM	LXX_WH
Józs 24:15	G3962	πατερων	N-GPM	LXX_WH
Józs 24:15	G4771	υμων	P-GP	LXX_WH
Józs 24:15	G3588	τοις	T-DPM	LXX_WH
Józs 24:15	G1722	εν	PREP	LXX_WH
Józs 24:15	G3588	τω	T-DSN	LXX_WH
Józs 24:15	G4008	περαν	ADV	LXX_WH
Józs 24:15	G3588	του	T-GSM	LXX_WH
Józs 24:15	G4215	ποταμου	N-GSM	LXX_WH
Józs 24:15	G1535	ειτε	CONJ	LXX_WH
Józs 24:15	G3588	τοις	T-DPM	LXX_WH
Józs 24:15	G2316	θεοις	N-DPM	LXX_WH
Józs 24:15	G3588	των	T-GPM	LXX_WH
Józs 24:15		αμορραιων	N-GPM	ELTERO_SZOVEGALAP
Józs 24:15	G1722	εν	PREP	LXX_WH
Józs 24:15	G3739	οις	R-DPM	LXX_WH
Józs 24:15	G4771	υμεις	P-NP	LXX_WH
Józs 24:15		κατοικειτε	V-PAI-2P	ELTERO_SZOVEGALAP
Józs 24:15	G1909	επι	PREP	LXX_WH
Józs 24:15	G3588	της	T-GSF	LXX_WH
Józs 24:15	G1065	γης	N-GSF	LXX_WH
Józs 24:15	G0846	αυτων	D-GPM	LXX_WH
Józs 24:15	G1473	εγω	P-NS	LXX_WH
Józs 24:15	G1161	δε	PRT	LXX_WH
Józs 24:15	G2532	και	CONJ	LXX_WH
Józs 24:15	G3588	η	T-NSF	LXX_WH
Józs 24:15	G3614	οικια	N-NSF	LXX_WH
Józs 24:15	G1473	μου	P-GS	LXX_WH
Józs 24:15	G3000	λατρευσομεν	V-FAI-1P	LXX_WH
Józs 24:15	G2962	κυριω	N-DSM	LXX_WH
Józs 24:15	G3754	οτι	CONJ	LXX_WH
Józs 24:15	G0040	αγιος	A-NSM	LXX_WH
Józs 24:15	G1510	εστιν	V-PAI-3S	LXX_WH
Józs 24:16	G2532	και	CONJ	LXX_WH
Józs 24:16	G0611	αποκριθεις	V-APPNS	ABP-potolt
Józs 24:16	G3588	ο	T-NSM	LXX_WH
Józs 24:16	G2992	λαος	N-NSM	LXX_WH
Józs 24:16		ειπεν	V-AAI-3S	ELTERO_SZOVEGALAP
Józs 24:16	G3165	μη	ADV	LXX_WH
Józs 24:16	G1096	γενοιτο	V-AMO-3S	LXX_WH
Józs 24:16	G1473	ημιν	P-DP	LXX_WH
Józs 24:16	G2641	καταλιπειν	V-AAN	LXX_WH
Józs 24:16	G2962	κυριον	N-ASM	LXX_WH
Józs 24:16	G5620	ωστε	CONJ	LXX_WH
Józs 24:16	G3000	λατρευειν	V-PAN	LXX_WH
Józs 24:16	G2316	θεοις	N-DPM	LXX_WH
Józs 24:16	G2087	ετεροις	A-DPM	LXX_WH
Józs 24:17	G2962	κυριος	N-NSM	LXX_WH
Józs 24:17	G3588	ο	T-NSM	LXX_WH
Józs 24:17	G2316	θεος	N-NSM	LXX_WH
Józs 24:17	G1473	ημων	P-GP	LXX_WH
Józs 24:17	G0846	αυτος	D-NSM	LXX_WH
Józs 24:17	G2316	θεος	N-NSM	LXX_WH
Józs 24:17	G1510	εστιν	V-PAI-3S	LXX_WH
Józs 24:17	G0846	αυτος	D-NSM	LXX_WH
Józs 24:17	G0321	ανηγαγεν	V-AAI-3S	LXX_WH
Józs 24:17	G1473	ημας	P-AP	LXX_WH
Józs 24:17	G2532	και	CONJ	LXX_WH
Józs 24:17	G3588	τους	T-APM	LXX_WH
Józs 24:17	G3962	πατερας	N-APM	LXX_WH
Józs 24:17	G1473	ημων	P-GP	LXX_WH
Józs 24:17	G1537	εξ	PREP	LXX_WH
Józs 24:17	G0125	αιγυπτου	N-GSF	LXX_WH
Józs 24:17	G2532	και	CONJ	LXX_WH
Józs 24:17	G1314	διεφυλαξεν	V-AAI-3S	LXX_WH
Józs 24:17	G1473	ημας	P-AP	LXX_WH
Józs 24:17	G1722	εν	PREP	LXX_WH
Józs 24:17	G3956	παση	A-DSF	LXX_WH
Józs 24:17	G3588	τη	T-DSF	LXX_WH
Józs 24:17	G3598	οδω	N-DSF	LXX_WH
Józs 24:17	G3739	η	R-DSF	LXX_WH
Józs 24:17	G4198	επορευθημεν	V-API-1P	LXX_WH
Józs 24:17	G1722	εν	PREP	LXX_WH
Józs 24:17	G0846	αυτη	D-DSF	LXX_WH
Józs 24:17	G2532	και	CONJ	LXX_WH
Józs 24:17	G1722	εν	PREP	LXX_WH
Józs 24:17	G3956	πασιν	A-DPN	LXX_WH
Józs 24:17	G3588	τοις	T-DPN	LXX_WH
Józs 24:17	G1484	εθνεσιν	N-DPN	LXX_WH
Józs 24:17	G3739	ους	R-APM	LXX_WH
Józs 24:17	G3928	παρηλθομεν	V-AAI-1P	LXX_WH
Józs 24:17	G1223	δι	PREP	LXX_WH
Józs 24:17	G0846	αυτων	D-GPM	LXX_WH
Józs 24:18	G2532	και	CONJ	LXX_WH
Józs 24:18	G1544	εξεβαλεν	V-AAI-3S	LXX_WH
Józs 24:18	G2962	κυριος	N-NSM	LXX_WH
Józs 24:18	G3588	τον	T-ASM	LXX_WH
Józs 24:18	G1484	αμορραιον	N-ASM	ABP-potolt
Józs 24:18	G2532	και	CONJ	LXX_WH
Józs 24:18	G3956	παντα	A-APN	LXX_WH
Józs 24:18	G3588	τα	T-APN	LXX_WH
Józs 24:18	G1484	εθνη	N-APN	LXX_WH
Józs 24:18	G3588	τα	T-APN	LXX_WH
Józs 24:18	G2730	κατοικουντα	V-PAPAP	ABP-potolt
Józs 24:18	G3588	την	T-ASF	LXX_WH
Józs 24:18	G1065	γην	N-ASF	LXX_WH
Józs 24:18	G0575	απο	PREP	LXX_WH
Józs 24:18	G4383	προσωπου	N-GSN	LXX_WH
Józs 24:18	G1473	ημων	P-GP	LXX_WH
Józs 24:18	G0235	αλλα	CONJ	LXX_WH
Józs 24:18	G2532	και	CONJ	LXX_WH
Józs 24:18	G1473	ημεις	P-NP	LXX_WH
Józs 24:18	G3000	λατρευσομεν	V-FAI-1P	LXX_WH
Józs 24:18	G2962	κυριω	N-DSM	LXX_WH
Józs 24:18	G3778	ουτος	D-NSM	LXX_WH
Józs 24:18	G1063	γαρ	PRT	LXX_WH
Józs 24:18	G2316	θεος	N-NSM	LXX_WH
Józs 24:18	G1473	ημων	P-GP	LXX_WH
Józs 24:18	G1510	εστιν	V-PAI-3S	LXX_WH
Józs 24:19	G2532	και	CONJ	LXX_WH
Józs 24:19		ειπεν	V-AAI-3S	ELTERO_SZOVEGALAP
Józs 24:19	G2424	ιησους	N-PRI	LXX_WH
Józs 24:19	G4314	προς	PREP	LXX_WH
Józs 24:19	G3588	τον	T-ASM	LXX_WH
Józs 24:19	G2992	λαον	N-ASM	LXX_WH
Józs 24:19	G3364	ου	ADV	LXX_WH
Józs 24:19	G3165	μη	ADV	LXX_WH
Józs 24:19	G1410	δυνησθε	V-PMS-2P	LXX_WH
Józs 24:19	G3000	λατρευειν	V-PAN	LXX_WH
Józs 24:19	G2962	κυριω	N-DSM	LXX_WH
Józs 24:19	G3754	οτι	CONJ	LXX_WH
Józs 24:19	G2316	θεος	N-NSM	LXX_WH
Józs 24:19	G0040	αγιος	A-NSM	LXX_WH
Józs 24:19	G1510	εστιν	V-PAI-3S	LXX_WH
Józs 24:19	G2532	και	CONJ	LXX_WH
Józs 24:19	G2206	ζηλωσας	V-AAPNS	LXX_WH
Józs 24:19	G3778	ουτος	D-NSM	LXX_WH
Józs 24:19	G3364	ουκ	ADV	LXX_WH
Józs 24:19	G0447	ανησει	V-FAI-3S	LXX_WH
Józs 24:19	G4771	υμων	P-GP	LXX_WH
Józs 24:19	G3588	τα	T-APN	LXX_WH
Józs 24:19	G0265	αμαρτηματα	N-APN	LXX_WH
Józs 24:19	G2532	και	CONJ	LXX_WH
Józs 24:19	G3588	τα	T-APN	LXX_WH
Józs 24:19		ανομηματα	N-APN	ELTERO_SZOVEGALAP
Józs 24:19	G4771	υμων	P-GP	LXX_WH
Józs 24:20	G2259	ηνικα	ADV	LXX_WH
Józs 24:20	G1437	εαν	CONJ	LXX_WH
Józs 24:20	G1459	εγκαταλιπητε	V-AAS-2P	LXX_WH
Józs 24:20	G2962	κυριον	N-ASM	LXX_WH
Józs 24:20	G2532	και	CONJ	LXX_WH
Józs 24:20	G3000	λατρευσητε	V-AAS-2P	LXX_WH
Józs 24:20	G2316	θεοις	N-DPM	LXX_WH
Józs 24:20	G2087	ετεροις	A-DPM	LXX_WH
Józs 24:20	G2532	και	CONJ	LXX_WH
Józs 24:20	G1904	επελθων	V-AAPNS	ABP-potolt
Józs 24:20	G2559	κακωσει	V-FAI-3S	LXX_WH
Józs 24:20	G4771	υμας	P-AP	LXX_WH
Józs 24:20	G2532	και	CONJ	LXX_WH
Józs 24:20		εξαναλωσει	V-FAI-3S	ELTERO_SZOVEGALAP
Józs 24:20	G4771	υμας	P-AP	LXX_WH
Józs 24:20	G0473	ανθ	PREP	LXX_WH
Józs 24:20	G3739	ων	R-GPM	LXX_WH
Józs 24:20	G2095	ευ	ADV	LXX_WH
Józs 24:20	G4160	εποιησεν	V-AAI-3S	LXX_WH
Józs 24:20	G4771	υμας	P-AP	LXX_WH
Józs 24:21	G2532	και	CONJ	LXX_WH
Józs 24:21	G2036	ειπεν	V-AAI-3S	ABP-potolt
Józs 24:21	G3588	ο	T-NSM	LXX_WH
Józs 24:21	G2992	λαος	N-NSM	LXX_WH
Józs 24:21	G4314	προς	PREP	LXX_WH
Józs 24:21	G2424	ιησουν	N-PRI	LXX_WH
Józs 24:21	G3364	ουχι	ADV	LXX_WH
Józs 24:21	G0235	αλλα	CONJ	LXX_WH
Józs 24:21	G2962	κυριω	N-DSM	LXX_WH
Józs 24:21	G3000	λατρευσομεν	V-FAI-1P	LXX_WH
Józs 24:22	G2532	και	CONJ	LXX_WH
Józs 24:22		ειπεν	V-AAI-3S	ELTERO_SZOVEGALAP
Józs 24:22	G2424	ιησους	N-PRI	LXX_WH
Józs 24:22	G4314	προς	PREP	LXX_WH
Józs 24:22	G3588	τον	T-ASM	LXX_WH
Józs 24:22	G2992	λαον	N-ASM	LXX_WH
Józs 24:22	G3144	μαρτυρες	N-NPM	LXX_WH
Józs 24:22	G4771	υμεις	P-NP	LXX_WH
Józs 24:22	G2596	καθ	PREP	LXX_WH
Józs 24:22	G4771	υμων	P-GP	LXX_WH
Józs 24:22	G3754	οτι	CONJ	LXX_WH
Józs 24:22	G4771	υμεις	P-NP	LXX_WH
Józs 24:22		εξελεξασθε	V-AMI-2P	ELTERO_SZOVEGALAP
Józs 24:22	G2962	κυριον	N-ASM	LXX_WH
Józs 24:22	G3000	λατρευειν	V-PAN	LXX_WH
Józs 24:22	G0846	αυτω	D-DSM	LXX_WH
Józs 24:23	G2532	και	CONJ	LXX_WH
Józs 24:23	G3568	νυν	ADV	LXX_WH
Józs 24:23	G4014	περιελεσθε	V-AMD-2P	LXX_WH
Józs 24:23	G3588	τους	T-APM	LXX_WH
Józs 24:23	G2316	θεους	N-APM	LXX_WH
Józs 24:23	G3588	τους	T-APM	LXX_WH
Józs 24:23	G0245	αλλοτριους	A-APM	LXX_WH
Józs 24:23	G3588	τους	T-APM	LXX_WH
Józs 24:23	G1722	εν	PREP	LXX_WH
Józs 24:23	G4771	υμιν	P-DP	LXX_WH
Józs 24:23	G2532	και	CONJ	LXX_WH
Józs 24:23	G2116	ευθυνατε	V-AAD-2P	LXX_WH
Józs 24:23	G3588	την	T-ASF	LXX_WH
Józs 24:23	G2588	καρδιαν	N-ASF	LXX_WH
Józs 24:23	G4771	υμων	P-GP	LXX_WH
Józs 24:23	G4314	προς	PREP	LXX_WH
Józs 24:23	G2962	κυριον	N-ASM	LXX_WH
Józs 24:23	G2316	θεον	N-ASM	LXX_WH
Józs 24:23	G2474	ισραηλ	N-PRI	LXX_WH
Józs 24:24	G2532	και	CONJ	LXX_WH
Józs 24:24	G2036	ειπεν	V-AAI-3S	ABP-potolt
Józs 24:24	G3588	ο	T-NSM	LXX_WH
Józs 24:24	G2992	λαος	N-NSM	LXX_WH
Józs 24:24	G4314	προς	PREP	LXX_WH
Józs 24:24	G2424	ιησουν	N-PRI	LXX_WH
Józs 24:24	G2962	κυριω	N-DSM	LXX_WH
Józs 24:24	G3000	λατρευσομεν	V-FAI-1P	LXX_WH
Józs 24:24	G2532	και	CONJ	LXX_WH
Józs 24:24	G3588	της	T-GSF	LXX_WH
Józs 24:24	G5456	φωνης	N-GSF	LXX_WH
Józs 24:24	G0846	αυτου	D-GSM	LXX_WH
Józs 24:24	G0191	ακουσομεθα	V-FMI-1P	LXX_WH
Józs 24:25	G2532	και	CONJ	LXX_WH
Józs 24:25		διεθετο	V-AMI-3S	ELTERO_SZOVEGALAP
Józs 24:25	G2424	ιησους	N-PRI	LXX_WH
Józs 24:25	G1242	διαθηκην	N-ASF	LXX_WH
Józs 24:25	G4314	προς	PREP	LXX_WH
Józs 24:25	G3588	τον	T-ASM	LXX_WH
Józs 24:25	G2992	λαον	N-ASM	LXX_WH
Józs 24:25	G1722	εν	PREP	LXX_WH
Józs 24:25	G3588	τη	T-DSF	LXX_WH
Józs 24:25	G2250	ημερα	N-DSF	LXX_WH
Józs 24:25	G1565	εκεινη	D-DSF	LXX_WH
Józs 24:25	G2532	και	CONJ	LXX_WH
Józs 24:25	G1325	εδωκεν	V-AAI-3S	LXX_WH
Józs 24:25	G0846	αυτω	D-DSM	LXX_WH
Józs 24:25	G3551	νομον	N-ASM	LXX_WH
Józs 24:25	G2532	και	CONJ	LXX_WH
Józs 24:25	G2920	κρισιν	N-ASF	LXX_WH
Józs 24:25	G1722	εν	PREP	LXX_WH
Józs 24:25		σηλω	N-PRI	ELTERO_SZOVEGALAP
Józs 24:25	G1799	ενωπιον	PREP	LXX_WH
Józs 24:25	G3588	της	T-GSF	LXX_WH
Józs 24:25	G4633	σκηνης	N-GSF	LXX_WH
Józs 24:25	G3588	του	T-GSM	LXX_WH
Józs 24:25	G2316	θεου	N-GSM	LXX_WH
Józs 24:25	G2474	ισραηλ	N-PRI	LXX_WH
Józs 24:26	G2532	και	CONJ	LXX_WH
Józs 24:26	G1125	εγραψεν	V-AAI-3S	LXX_WH
Józs 24:26	G3588	τα	T-APN	LXX_WH
Józs 24:26	G4487	ρηματα	N-APN	LXX_WH
Józs 24:26	G3778	ταυτα	D-APN	LXX_WH
Józs 24:26	G1519	εις	PREP	LXX_WH
Józs 24:26	G0975	βιβλιον	N-ASN	LXX_WH
Józs 24:26	G3551	νομον	N-ASM	LXX_WH
Józs 24:26	G3588	του	T-GSM	LXX_WH
Józs 24:26	G2316	θεου	N-GSM	LXX_WH
Józs 24:26	G2532	και	CONJ	LXX_WH
Józs 24:26	G2983	ελαβεν	V-AAI-3S	LXX_WH
Józs 24:26	G3037	λιθον	N-ASM	LXX_WH
Józs 24:26	G3173	μεγαν	A-ASM	LXX_WH
Józs 24:26	G2532	και	CONJ	LXX_WH
Józs 24:26	G2476	εστησεν	V-AAI-3S	LXX_WH
Józs 24:26	G0846	αυτον	D-ASM	LXX_WH
Józs 24:26	G2424	ιησους	N-PRI	LXX_WH
Józs 24:26	G5259	υπο	PREP	LXX_WH
Józs 24:26	G3588	την	T-ASF	LXX_WH
Józs 24:26	G0561	τερεμινθον	N-ASF	ABP-potolt
Józs 24:26	G0561	απεναντι	PREP	ABP-potolt
Józs 24:26	G2962	κυριου	N-GSM	LXX_WH
Józs 24:27	G2532	και	CONJ	LXX_WH
Józs 24:27		ειπεν	V-AAI-3S	ELTERO_SZOVEGALAP
Józs 24:27	G2424	ιησους	N-PRI	LXX_WH
Józs 24:27	G4314	προς	PREP	LXX_WH
Józs 24:27	G3588	τον	T-ASM	LXX_WH
Józs 24:27	G2992	λαον	N-ASM	LXX_WH
Józs 24:27	G2400	ιδου	INJ	LXX_WH
Józs 24:27	G3588	ο	T-NSM	LXX_WH
Józs 24:27	G3037	λιθος	N-NSM	LXX_WH
Józs 24:27	G3778	ουτος	D-NSM	LXX_WH
Józs 24:27	G1510	εσται	V-FMI-3S	LXX_WH
Józs 24:27	G1722	εν	PREP	LXX_WH
Józs 24:27	G4771	υμιν	P-DP	LXX_WH
Józs 24:27	G1519	εις	PREP	LXX_WH
Józs 24:27	G3142	μαρτυριον	N-ASN	LXX_WH
Józs 24:27	G3754	οτι	CONJ	LXX_WH
Józs 24:27	G0846	αυτος	D-NSM	LXX_WH
Józs 24:27	G0191	ακηκοεν	V-RAI-3S	LXX_WH
Józs 24:27	G3956	παντα	A-APN	LXX_WH
Józs 24:27	G3588	τα	T-APN	LXX_WH
Józs 24:27	G3004	λεχθεντα	V-APPAP	LXX_WH
Józs 24:27	G0846	αυτω	D-DSM	LXX_WH
Józs 24:27	G5259	υπο	PREP	LXX_WH
Józs 24:27	G2962	κυριου	N-GSM	LXX_WH
Józs 24:27	G3739	ο	R-ASN	LXX_WH
Józs 24:27	G5100	τι	I-NSN	LXX_WH
Józs 24:27	G2980	ελαλησεν	V-AAI-3S	LXX_WH
Józs 24:27	G4314	προς	PREP	LXX_WH
Józs 24:27	G1473	ημας	P-AP	LXX_WH
Józs 24:27	G4594	σημερον	ADV	LXX_WH
Józs 24:27	G2532	και	CONJ	LXX_WH
Józs 24:27	G1510	εσται	V-FMI-3S	LXX_WH
Józs 24:27	G3778	ουτος	D-NSM	LXX_WH
Józs 24:27	G1722	εν	PREP	LXX_WH
Józs 24:27	G4771	υμιν	P-DP	LXX_WH
Józs 24:27	G1519	εις	PREP	LXX_WH
Józs 24:27	G3142	μαρτυριον	N-ASN	LXX_WH
Józs 24:27	G1909	επ	PREP	LXX_WH
Józs 24:27	G2078	εσχατων	A-GPF	LXX_WH
Józs 24:27	G3588	των	T-GPF	LXX_WH
Józs 24:27	G2250	ημερων	N-GPF	LXX_WH
Józs 24:27	G2259	ηνικα	ADV	LXX_WH
Józs 24:27	G1437	εαν	CONJ	LXX_WH
Józs 24:27		ψευσησθε	V-AMS-2P	ELTERO_SZOVEGALAP
Józs 24:27	G2962	κυριω	N-DSM	LXX_WH
Józs 24:27	G3588	τω	T-DSM	LXX_WH
Józs 24:27	G2316	θεω	N-DSM	LXX_WH
Józs 24:27	G1473	μου	P-GS	LXX_WH
Józs 24:28	G2532	και	CONJ	LXX_WH
Józs 24:28	G0649	απεστειλεν	V-AAI-3S	LXX_WH
Józs 24:28	G2424	ιησους	N-PRI	LXX_WH
Józs 24:28	G3588	τον	T-ASM	LXX_WH
Józs 24:28	G2992	λαον	N-ASM	LXX_WH
Józs 24:28	G2532	και	CONJ	LXX_WH
Józs 24:28	G4198	επορευθησαν	V-API-3P	LXX_WH
Józs 24:28	G1538	εκαστος	A-NSM	LXX_WH
Józs 24:28	G1519	εις	PREP	LXX_WH
Józs 24:28	G3588	τον	T-ASM	LXX_WH
Józs 24:28	G5117	τοπον	N-ASM	LXX_WH
Józs 24:28	G0846	αυτου	D-GSM	LXX_WH
Józs 24:29	G2532	και	CONJ	LXX_WH
Józs 24:29	G1096	εγενετο	V-AMI-3S	LXX_WH
Józs 24:29	G3326	μετ	PREP	LXX_WH
Józs 24:29	G1565	εκεινα	D-APN	LXX_WH
Józs 24:29	G2532	και	CONJ	LXX_WH
Józs 24:29	G0599	απεθανεν	V-AAI-3S	LXX_WH
Józs 24:29	G2424	ιησους	N-PRI	LXX_WH
Józs 24:29	G5207	υιος	N-NSM	LXX_WH
Józs 24:29		ναυη	N-PRI	ELTERO_SZOVEGALAP
Józs 24:29	G1401	δουλος	N-NSM	LXX_WH
Józs 24:29	G2962	κυριου	N-GSM	LXX_WH
Józs 24:29	G1540	εκατον	N-NUI	LXX_WH
Józs 24:29	G1176	δεκα	N-NUI	LXX_WH
Józs 24:29	G2094	ετων	N-GPN	LXX_WH
Józs 24:30	G2532	και	CONJ	LXX_WH
Józs 24:30	G2290	εθαψαν	V-AAI-3P	LXX_WH
Józs 24:30	G0846	αυτον	D-ASM	LXX_WH
Józs 24:30	G4314	προς	PREP	LXX_WH
Józs 24:30	G3588	τοις	T-DPN	LXX_WH
Józs 24:30	G3725	οριοις	N-DPN	LXX_WH
Józs 24:30	G3588	του	T-GSM	LXX_WH
Józs 24:30	G2819	κληρου	N-GSM	LXX_WH
Józs 24:30	G0846	αυτου	D-GSM	LXX_WH
Józs 24:30	G1722	εν	PREP	LXX_WH
Józs 24:30		θαμναθασαχαρα	N-PRI	ELTERO_SZOVEGALAP
Józs 24:30	G1722	εν	PREP	LXX_WH
Józs 24:30	G3588	τω	T-DSN	LXX_WH
Józs 24:30	G3735	ορει	N-DSN	LXX_WH
Józs 24:30	G3588	τω	T-DSM	LXX_WH
Józs 24:30	G2187	εφραιμ	N-PRI	LXX_WH
Józs 24:30	G0575	απο	PREP	LXX_WH
Józs 24:30	G1005	βορρα	N-GSM	ABP-potolt
Józs 24:30	G3588	του	T-GSN	LXX_WH
Józs 24:30	G3735	ορους	N-GSN	LXX_WH
Józs 24:30		γαας	N-PRI	ELTERO_SZOVEGALAP
Józs 24:30	G1563	εκει	ADV	LXX_WH
Józs 24:30	G5087	εθηκαν	V-AAI-3P	LXX_WH
Józs 24:30	G3326	μετ	PREP	LXX_WH
Józs 24:30	G0846	αυτου	D-GSM	LXX_WH
Józs 24:30	G1519	εις	PREP	LXX_WH
Józs 24:30	G3588	το	T-ASN	LXX_WH
Józs 24:30	G3418	μνημα	N-ASN	LXX_WH
Józs 24:30	G1519	εις	PREP	LXX_WH
Józs 24:30	G3739	ο	R-ASN	LXX_WH
Józs 24:30	G2290	εθαψαν	V-AAI-3P	LXX_WH
Józs 24:30	G0846	αυτον	D-ASM	LXX_WH
Józs 24:30	G1563	εκει	ADV	LXX_WH
Józs 24:30	G3588	τας	T-APF	LXX_WH
Józs 24:30	G3162	μαχαιρας	N-APF	LXX_WH
Józs 24:30	G3588	τας	T-APF	LXX_WH
Józs 24:30	G2817	πετρινας	A-APF	ABP-potolt
Józs 24:30	G1722	εν	PREP	LXX_WH
Józs 24:30	G3739	αις	R-DPF	LXX_WH
Józs 24:30	G4059	περιετεμεν	V-AAI-3S	LXX_WH
Józs 24:30	G3588	τους	T-APM	LXX_WH
Józs 24:30	G5207	υιους	N-APM	LXX_WH
Józs 24:30	G2474	ισραηλ	N-PRI	LXX_WH
Józs 24:30	G1722	εν	PREP	LXX_WH
Józs 24:30		γαλγαλοις	N-PRI	ELTERO_SZOVEGALAP
Józs 24:30	G3753	οτε	ADV	LXX_WH
Józs 24:30	G1806	εξηγαγεν	V-AAI-3S	LXX_WH
Józs 24:30	G0846	αυτους	D-APM	LXX_WH
Józs 24:30	G1537	εξ	PREP	LXX_WH
Józs 24:30	G0125	αιγυπτου	N-GSF	LXX_WH
Józs 24:30	G2505	καθα	ADV	LXX_WH
Józs 24:30	G4929	συνεταξεν	V-AAI-3S	LXX_WH
Józs 24:30	G0846	αυτοις	D-DPM	LXX_WH
Józs 24:30	G2962	κυριος	N-NSM	LXX_WH
Józs 24:30	G2532	και	CONJ	LXX_WH
Józs 24:30	G1563	εκει	ADV	LXX_WH
Józs 24:30	G1510	εισιν	V-PAI-3P	LXX_WH
Józs 24:30	G2193	εως	PREP	LXX_WH
Józs 24:30	G3588	της	T-GSF	LXX_WH
Józs 24:30	G4594	σημερον	ADV	LXX_WH
Józs 24:30	G2250	ημερας	N-GSF	LXX_WH
Józs 24:31	G2532	και	CONJ	LXX_WH
Józs 24:31	G3000	ελατρευσεν	V-AAI-3S	LXX_WH
Józs 24:31	G2474	ισραηλ	N-PRI	LXX_WH
Józs 24:31	G3588	τω	T-DSM	LXX_WH
Józs 24:31	G2962	κυριω	N-DSM	LXX_WH
Józs 24:31	G3956	πασας	A-APF	LXX_WH
Józs 24:31	G3588	τας	T-APF	LXX_WH
Józs 24:31	G2250	ημερας	N-APF	LXX_WH
Józs 24:31	G2424	ιησου	N-PRI	LXX_WH
Józs 24:31	G2532	και	CONJ	LXX_WH
Józs 24:31	G3956	πασας	A-APF	LXX_WH
Józs 24:31	G3588	τας	T-APF	LXX_WH
Józs 24:31	G2250	ημερας	N-APF	LXX_WH
Józs 24:31	G3588	των	T-GPM	LXX_WH
Józs 24:31	G4245	πρεσβυτερων	A-GPMC	LXX_WH
Józs 24:31	G3745	οσοι	A-NPM	LXX_WH
Józs 24:31		εφειλκυσαν	V-AAI-3P	
Józs 24:31	G3588	τον	T-ASM	LXX_WH
Józs 24:31	G5550	χρονον	N-ASM	LXX_WH
Józs 24:31	G3326	μετα	PREP	LXX_WH
Józs 24:31	G2424	ιησου	N-PRI	LXX_WH
Józs 24:31	G2532	και	CONJ	LXX_WH
Józs 24:31	G3745	οσοι	A-NPM	LXX_WH
Józs 24:31	G3708	ειδοσαν	V-AAI-3P	LXX_WH
Józs 24:31	G3956	παντα	A-APN	LXX_WH
Józs 24:31	G3588	τα	T-APN	LXX_WH
Józs 24:31	G2041	εργα	N-APN	LXX_WH
Józs 24:31	G2962	κυριου	N-GSM	LXX_WH
Józs 24:31	G3745	οσα	A-APN	LXX_WH
Józs 24:31	G4160	εποιησεν	V-AAI-3S	LXX_WH
Józs 24:31	G3588	τω	T-DSM	LXX_WH
Józs 24:31	G2474	ισραηλ	N-PRI	LXX_WH
Józs 24:32	G2532	και	CONJ	LXX_WH
Józs 24:32	G3588	τα	T-APN	LXX_WH
Józs 24:32	G3747	οστα	N-APN	LXX_WH
Józs 24:32	G2501	ιωσηφ	N-PRI	LXX_WH
Józs 24:32	G0321	ανηγαγον	V-AAI-3P	LXX_WH
Józs 24:32	G3588	οι	T-NPM	LXX_WH
Józs 24:32	G5207	υιοι	N-NPM	LXX_WH
Józs 24:32	G2474	ισραηλ	N-PRI	LXX_WH
Józs 24:32	G1537	εξ	PREP	LXX_WH
Józs 24:32	G0125	αιγυπτου	N-GSF	LXX_WH
Józs 24:32	G2532	και	CONJ	LXX_WH
Józs 24:32	G2735	κατωρυξαν	V-AAI-3P	ABP-potolt
Józs 24:32	G1722	εν	PREP	LXX_WH
Józs 24:32		σικιμοις	N-PRI	ELTERO_SZOVEGALAP
Józs 24:32	G1722	εν	PREP	LXX_WH
Józs 24:32	G3588	τη	T-DSF	LXX_WH
Józs 24:32	G3310	μεριδι	N-DSF	LXX_WH
Józs 24:32	G3588	του	T-GSM	LXX_WH
Józs 24:32	G0068	αγρου	N-GSM	LXX_WH
Józs 24:32	G3739	ου	R-GSM	LXX_WH
Józs 24:32	G2932	εκτησατο	V-AMI-3S	LXX_WH
Józs 24:32	G2384	ιακωβ	N-PRI	LXX_WH
Józs 24:32	G3844	παρα	PREP	LXX_WH
Józs 24:32	G3588	των	T-GPM	LXX_WH
Józs 24:32	G3310	αμορραιων	N-GPM	ABP-potolt
Józs 24:32	G3588	των	T-GPM	LXX_WH
Józs 24:32	G2730	κατοικουντων	V-PAPGP	ABP-potolt
Józs 24:32	G1722	εν	PREP	LXX_WH
Józs 24:32		σικιμοις	N-PRI	ELTERO_SZOVEGALAP
Józs 24:32		αμναδων	N-GPF	ELTERO_SZOVEGALAP
Józs 24:32	G1540	εκατον	N-NUI	LXX_WH
Józs 24:32	G2532	και	CONJ	LXX_WH
Józs 24:32	G1325	εδωκεν	V-AAI-3S	LXX_WH
Józs 24:32	G0846	αυτην	D-ASF	LXX_WH
Józs 24:32	G2501	ιωσηφ	N-PRI	LXX_WH
Józs 24:32	G1722	εν	PREP	LXX_WH
Józs 24:32	G3310	μεριδι	N-DSF	LXX_WH
Józs 24:33	G2532	και	CONJ	LXX_WH
Józs 24:33	G1096	εγενετο	V-AMI-3S	LXX_WH
Józs 24:33	G3326	μετα	PREP	LXX_WH
Józs 24:33	G3778	ταυτα	D-APN	LXX_WH
Józs 24:33	G2532	και	CONJ	LXX_WH
Józs 24:33	G1648	ελεαζαρ	N-PRI	LXX_WH
Józs 24:33	G5207	υιος	N-NSM	LXX_WH
Józs 24:33	G0002	ααρων	N-PRI	LXX_WH
Józs 24:33	G3588	ο	T-NSM	LXX_WH
Józs 24:33	G0749	αρχιερευς	N-NSM	LXX_WH
Józs 24:33	G5053	ετελευτησεν	V-AAI-3S	LXX_WH
Józs 24:33	G2532	και	CONJ	LXX_WH
Józs 24:33	G2290	εταφη	V-API-3S	LXX_WH
Józs 24:33	G1722	εν	PREP	LXX_WH
Józs 24:33		γαβααθ	N-PRI	ELTERO_SZOVEGALAP
Józs 24:33		φινεες	N-PRI	ELTERO_SZOVEGALAP
Józs 24:33	G3588	του	T-GSM	LXX_WH
Józs 24:33	G5207	υιου	N-GSM	LXX_WH
Józs 24:33	G0846	αυτου	D-GSM	LXX_WH
Józs 24:33	G3739	ην	R-ASF	LXX_WH
Józs 24:33	G1325	εδωκεν	V-AAI-3S	LXX_WH
Józs 24:33	G0846	αυτω	D-DSM	LXX_WH
Józs 24:33	G1722	εν	PREP	LXX_WH
Józs 24:33	G3588	τω	T-DSN	LXX_WH
Józs 24:33	G3735	ορει	N-DSN	LXX_WH
Józs 24:33	G3588	τω	T-DSM	LXX_WH
Józs 24:33	G2187	εφραιμ	N-PRI	LXX_WH
