Igehely	Strong-szám	Görög szóalak	Morfológiai kód	Forrás
1Krón 1:1	G0076	αδαμ	N-PRI	LXX_WH
1Krón 1:1	G4589	σηθ	N-PRI	LXX_WH
1Krón 1:1		ενως	N-PRI	ELTERO_SZOVEGALAP
1Krón 1:2	G2536	καιναν	N-PRI	LXX_WH
1Krón 1:2	G3121	μαλελεηλ	N-PRI	LXX_WH
1Krón 1:2	G2391	ιαρεδ	N-PRI	LXX_WH
1Krón 1:3	G1802	ενωχ	N-PRI	LXX_WH
1Krón 1:3	G3103	μαθουσαλα	N-PRI	LXX_WH
1Krón 1:3	G2984	λαμεχ	N-PRI	LXX_WH
1Krón 1:4	G3575	νωε	N-PRI	LXX_WH
1Krón 1:4	G5207	υιοι	N-NPM	LXX_WH
1Krón 1:4	G3575	νωε	N-PRI	LXX_WH
1Krón 1:4	G4590	σημ	N-PRI	LXX_WH
1Krón 1:4		χαμ	N-PRI	ELTERO_SZOVEGALAP
1Krón 1:4		ιαφεθ	N-PRI	ELTERO_SZOVEGALAP
1Krón 1:5	G5207	υιοι	N-NPM	LXX_WH
1Krón 1:5		ιαφεθ	N-PRI	ELTERO_SZOVEGALAP
1Krón 1:5		γαμερ	N-PRI	ELTERO_SZOVEGALAP
1Krón 1:5	G3098	μαγωγ	N-PRI	LXX_WH
1Krón 1:5		μαδαι	N-PRI	ELTERO_SZOVEGALAP
1Krón 1:5		ιωυαν	N-PRI	ELTERO_SZOVEGALAP
1Krón 1:5		ελισα	N-PRI	ELTERO_SZOVEGALAP
1Krón 1:5		θοβελ	N-PRI	ELTERO_SZOVEGALAP
1Krón 1:5		μοσοχ	N-PRI	ELTERO_SZOVEGALAP
1Krón 1:5	G2532	και	CONJ	LXX_WH
1Krón 1:5	G2532	θιρας	N-PRI	ABP-potolt
1Krón 1:6	G2532	και	CONJ	LXX_WH
1Krón 1:6	G5207	υιοι	N-NPM	LXX_WH
1Krón 1:6	G2532	γαμερ	N-PRI	ABP-potolt
1Krón 1:6	G2532	ασχαναζ	N-PRI	ABP-potolt
1Krón 1:6	G2532	και	CONJ	LXX_WH
1Krón 1:6		ριφαθ	N-PRI	
1Krón 1:6	G2532	και	CONJ	LXX_WH
1Krón 1:6	G2532	θοργαμα	N-PRI	ABP-potolt
1Krón 1:7	G2532	και	CONJ	LXX_WH
1Krón 1:7	G5207	υιοι	N-NPM	LXX_WH
1Krón 1:7	G2532	ιωυαν	N-PRI	ABP-potolt
1Krón 1:7	G2532	ελισα	N-PRI	ABP-potolt
1Krón 1:7	G2532	και	CONJ	LXX_WH
1Krón 1:7		θαρσις	N-PRI	
1Krón 1:7		κιτιοι	N-NPM	
1Krón 1:7	G2532	και	CONJ	LXX_WH
1Krón 1:7	G2532	ροδιοι	N-NPM	ABP-potolt
1Krón 1:8	G2532	και	CONJ	LXX_WH
1Krón 1:8	G5207	υιοι	N-NPM	LXX_WH
1Krón 1:8	G2532	χαμ	N-PRI	ABP-potolt
1Krón 1:8	G2532	χους	N-PRI	ABP-potolt
1Krón 1:8	G2532	και	CONJ	LXX_WH
1Krón 1:8		μεστραιμ	N-PRI	ELTERO_SZOVEGALAP
1Krón 1:8		φουδ	N-PRI	ELTERO_SZOVEGALAP
1Krón 1:8	G2532	και	CONJ	LXX_WH
1Krón 1:8	G5477	χανααν	N-PRI	LXX_WH
1Krón 1:9	G2532	και	CONJ	LXX_WH
1Krón 1:9	G5207	υιοι	N-NPM	LXX_WH
1Krón 1:9	G2532	χους	N-PRI	ABP-potolt
1Krón 1:9	G2532	σαβα	N-PRI	ABP-potolt
1Krón 1:9	G2532	και	CONJ	LXX_WH
1Krón 1:9		ευιλατ	N-PRI	
1Krón 1:9	G2532	και	CONJ	LXX_WH
1Krón 1:9		σαβαθα	N-PRI	
1Krón 1:9	G2532	και	CONJ	LXX_WH
1Krón 1:9		ρεγμα	N-PRI	
1Krón 1:9	G2532	και	CONJ	LXX_WH
1Krón 1:9		σεβεκαθα	N-PRI	
1Krón 1:9	G2532	και	CONJ	LXX_WH
1Krón 1:9	G5207	υιοι	N-NPM	LXX_WH
1Krón 1:9	G2532	ρεγμα	N-PRI	ABP-potolt
1Krón 1:9	G2532	σαβα	N-PRI	ABP-potolt
1Krón 1:9	G2532	και	CONJ	LXX_WH
1Krón 1:9		ουδαδαν	N-PRI	
1Krón 1:10	G2532	και	CONJ	LXX_WH
1Krón 1:10		χους	N-PRI	ELTERO_SZOVEGALAP
1Krón 1:10	G1080	εγεννησεν	V-AAI-3S	LXX_WH
1Krón 1:10	G3588	τον	T-ASM	LXX_WH
1Krón 1:10		νεβρωδ	N-PRI	ELTERO_SZOVEGALAP
1Krón 1:10	G3778	ουτος	D-NSM	LXX_WH
1Krón 1:10	G0757	ηρξατο	V-AMI-3S	LXX_WH
1Krón 1:10	G3588	του	T-GSN	LXX_WH
1Krón 1:10	G1510	ειναι	V-PAN	LXX_WH
1Krón 1:10		γιγας	N-NSM	ELTERO_SZOVEGALAP
1Krón 1:10		κυνηγος	A-NSM	ELTERO_SZOVEGALAP
1Krón 1:10	G1909	επι	PREP	LXX_WH
1Krón 1:10	G3588	της	T-GSF	LXX_WH
1Krón 1:10	G1065	γης	N-GSF	LXX_WH
1Krón 1:17	G5207	υιοι	N-NPM	LXX_WH
1Krón 1:17	G4590	σημ	N-PRI	LXX_WH
1Krón 1:17		αιλαμ	N-PRI	ELTERO_SZOVEGALAP
1Krón 1:17	G2532	και	CONJ	LXX_WH
1Krón 1:17	G2532	ασσουρ	N-PRI	ABP-potolt
1Krón 1:17	G2532	και	CONJ	LXX_WH
1Krón 1:17	G0742	αρφαξαδ	N-PRI	LXX_WH
1Krón 1:24	G4527	σαλα	N-PRI	LXX_WH
1Krón 1:25	G1443	εβερ	N-PRI	LXX_WH
1Krón 1:25	G5317	φαλεκ	N-PRI	LXX_WH
1Krón 1:25		ραγαυ	N-PRI	ELTERO_SZOVEGALAP
1Krón 1:26		σερουχ	N-PRI	ELTERO_SZOVEGALAP
1Krón 1:26	G3493	ναχωρ	N-PRI	LXX_WH
1Krón 1:26	G2291	θαρα	N-PRI	LXX_WH
1Krón 1:27	G0011	αβρααμ	N-PRI	LXX_WH
1Krón 1:28	G5207	υιοι	N-NPM	LXX_WH
1Krón 1:28	G1161	δε	PRT	LXX_WH
1Krón 1:28	G0011	αβρααμ	N-PRI	LXX_WH
1Krón 1:28	G2464	ισαακ	N-PRI	LXX_WH
1Krón 1:28	G2532	και	CONJ	LXX_WH
1Krón 1:28		ισμαηλ	N-PRI	ELTERO_SZOVEGALAP
1Krón 1:29	G3778	αυται	D-NPF	LXX_WH
1Krón 1:29	G1161	δε	PRT	LXX_WH
1Krón 1:29	G3588	αι	T-NPF	LXX_WH
1Krón 1:29	G1078	γενεσεις	N-NPF	LXX_WH
1Krón 1:29	G4416	πρωτοτοκου	A-GSM	LXX_WH
1Krón 1:29	G2532	ισμαηλ	N-PRI	ABP-potolt
1Krón 1:29	G2532	ναβαιωθ	N-PRI	ABP-potolt
1Krón 1:29	G2532	και	CONJ	LXX_WH
1Krón 1:29	G2532	κηδαρ	N-PRI	ABP-potolt
1Krón 1:29	G2532	ναβδεηλ	N-PRI	ABP-potolt
1Krón 1:29	G2532	μαβσαν	N-PRI	ABP-potolt
1Krón 1:30		μασμα	N-PRI	
1Krón 1:30		ιδουμα	N-PRI	
1Krón 1:30		μασση	N-PRI	
1Krón 1:30		χοδδαδ	N-PRI	
1Krón 1:30		θαιμαν	N-PRI	
1Krón 1:31		ιεττουρ	N-PRI	
1Krón 1:31		ναφες	N-PRI	
1Krón 1:31	G2532	και	CONJ	LXX_WH
1Krón 1:31		κεδμα	N-PRI	
1Krón 1:31	G3778	ουτοι	D-NPM	LXX_WH
1Krón 1:31	G1510	εισιν	V-PAI-3P	LXX_WH
1Krón 1:31	G5207	υιοι	N-NPM	LXX_WH
1Krón 1:31		ισμαηλ	N-PRI	
1Krón 1:32	G2532	και	CONJ	LXX_WH
1Krón 1:32	G5207	υιοι	N-NPM	LXX_WH
1Krón 1:32		χεττουρας	N-PRI	ELTERO_SZOVEGALAP
1Krón 1:32		παλλακης	N-GSF	ELTERO_SZOVEGALAP
1Krón 1:32	G0011	αβρααμ	N-PRI	LXX_WH
1Krón 1:32	G2532	και	CONJ	LXX_WH
1Krón 1:32	G5088	ετεκεν	V-AAI-3S	LXX_WH
1Krón 1:32	G0846	αυτω	D-DSM	LXX_WH
1Krón 1:32	G3588	τον	T-ASM	LXX_WH
1Krón 1:32	G2532	ζεμβραν	N-PRI	ABP-potolt
1Krón 1:32	G2532	ιεξαν	N-PRI	ABP-potolt
1Krón 1:32	G2532	μαδαν	N-PRI	ABP-potolt
1Krón 1:32	G2532	μαδιαμ	N-PRI	ABP-potolt
1Krón 1:32	G2532	σοβακ	N-PRI	ABP-potolt
1Krón 1:32	G2532	σωε	N-PRI	ABP-potolt
1Krón 1:32	G2532	και	CONJ	LXX_WH
1Krón 1:32	G5207	υιοι	N-NPM	LXX_WH
1Krón 1:32	G3825	ιεξαν	N-PRI	ABP-potolt
1Krón 1:32	G3825	σαβα	N-PRI	ABP-potolt
1Krón 1:32	G2532	και	CONJ	LXX_WH
1Krón 1:32		δαιδαν	N-PRI	ELTERO_SZOVEGALAP
1Krón 1:33	G2532	και	CONJ	LXX_WH
1Krón 1:33	G5207	υιοι	N-NPM	LXX_WH
1Krón 1:33	G2532	μαδιαμ	N-PRI	ABP-potolt
1Krón 1:33	G2532	γαιφα	N-PRI	ABP-potolt
1Krón 1:33	G2532	και	CONJ	LXX_WH
1Krón 1:33		οφερ	N-PRI	
1Krón 1:33	G2532	και	CONJ	LXX_WH
1Krón 1:33	G1802	ενωχ	N-PRI	LXX_WH
1Krón 1:33	G2532	και	CONJ	LXX_WH
1Krón 1:33		αβιδα	N-PRI	
1Krón 1:33	G2532	και	CONJ	LXX_WH
1Krón 1:33	G2532	ελδαα	N-PRI	ABP-potolt
1Krón 1:33	G3956	παντες	A-NPM	LXX_WH
1Krón 1:33	G3778	ουτοι	D-NPM	LXX_WH
1Krón 1:33	G5207	υιοι	N-NPM	LXX_WH
1Krón 1:33		χεττουρας	N-PRI	ELTERO_SZOVEGALAP
1Krón 1:34	G2532	και	CONJ	LXX_WH
1Krón 1:34	G1080	εγεννησεν	V-AAI-3S	LXX_WH
1Krón 1:34	G0011	αβρααμ	N-PRI	LXX_WH
1Krón 1:34	G3588	τον	T-ASM	LXX_WH
1Krón 1:34	G2464	ισαακ	N-PRI	LXX_WH
1Krón 1:34	G2532	και	CONJ	LXX_WH
1Krón 1:34	G5207	υιοι	N-NPM	LXX_WH
1Krón 1:34	G2464	ισαακ	N-PRI	LXX_WH
1Krón 1:34	G2269	ησαυ	N-PRI	LXX_WH
1Krón 1:34	G2532	και	CONJ	LXX_WH
1Krón 1:34	G2384	ιακωβ	N-PRI	LXX_WH
1Krón 1:35	G5207	υιοι	N-NPM	LXX_WH
1Krón 1:35	G2269	ησαυ	N-PRI	LXX_WH
1Krón 1:35		ελιφας	N-PRI	ELTERO_SZOVEGALAP
1Krón 1:35	G2532	και	CONJ	LXX_WH
1Krón 1:35	G2532	ραγουηλ	N-PRI	ABP-potolt
1Krón 1:35	G2532	και	CONJ	LXX_WH
1Krón 1:35	G2532	ιεουλ	N-PRI	ABP-potolt
1Krón 1:35	G2532	και	CONJ	LXX_WH
1Krón 1:35	G2532	ιεγλομ	N-PRI	ABP-potolt
1Krón 1:35	G2532	και	CONJ	LXX_WH
1Krón 1:35	G2879	κορε	N-PRI	LXX_WH
1Krón 1:36	G5207	υιοι	N-NPM	LXX_WH
1Krón 1:36	G2532	ελιφας	N-PRI	ABP-potolt
1Krón 1:36	G2532	θαιμαν	N-PRI	ABP-potolt
1Krón 1:36	G2532	και	CONJ	LXX_WH
1Krón 1:36	G2532	ωμαρ	N-PRI	ABP-potolt
1Krón 1:36	G2532	σωφαρ	N-PRI	ABP-potolt
1Krón 1:36	G2532	και	CONJ	LXX_WH
1Krón 1:36	G2532	γοωθαμ	N-PRI	ABP-potolt
1Krón 1:36	G2532	και	CONJ	LXX_WH
1Krón 1:36	G2532	κενεζ	N-PRI	ABP-potolt
1Krón 1:36	G2532	και	CONJ	LXX_WH
1Krón 1:36	G3588	της	T-GSF	LXX_WH
1Krón 1:36		θαμνα	N-PRI	ELTERO_SZOVEGALAP
1Krón 1:36		αμαληκ	N-PRI	ELTERO_SZOVEGALAP
1Krón 1:37	G2532	και	CONJ	LXX_WH
1Krón 1:37	G5207	υιοι	N-NPM	LXX_WH
1Krón 1:37		ραγουηλ	N-PRI	
1Krón 1:37		ναχεθ	N-PRI	
1Krón 1:37		ζαρε	N-PRI	
1Krón 1:37		σομε	N-PRI	
1Krón 1:37	G2532	και	CONJ	LXX_WH
1Krón 1:37		μοζε	N-PRI	
1Krón 1:38	G5207	υιοι	N-NPM	LXX_WH
1Krón 1:38		σηιρ	N-PRI	ELTERO_SZOVEGALAP
1Krón 1:38		λωταν	N-PRI	ELTERO_SZOVEGALAP
1Krón 1:38		σωβαλ	N-PRI	ELTERO_SZOVEGALAP
1Krón 1:38		σεβεγων	N-PRI	ELTERO_SZOVEGALAP
1Krón 1:38	G0303	ανα	N-PRI	LXX_WH
1Krón 1:38		δησων	N-PRI	ELTERO_SZOVEGALAP
1Krón 1:38		ωσαρ	N-PRI	ELTERO_SZOVEGALAP
1Krón 1:38		δαισων	N-PRI	ELTERO_SZOVEGALAP
1Krón 1:39	G2532	και	CONJ	LXX_WH
1Krón 1:39	G5207	υιοι	N-NPM	LXX_WH
1Krón 1:39	G2532	λωταν	N-PRI	ABP-potolt
1Krón 1:39	G2532	χορρι	N-PRI	ABP-potolt
1Krón 1:39	G2532	και	CONJ	LXX_WH
1Krón 1:39	G5207	αιμαν	N-PRI	ABP-potolt
1Krón 1:39	G2532	και	CONJ	LXX_WH
1Krón 1:39	G5207	αιλαθ	N-PRI	ABP-potolt
1Krón 1:39	G2532	και	CONJ	LXX_WH
1Krón 1:39	G0079	ναμνα	N-PRI	ABP-potolt
1Krón 1:40	G5207	υιοι	N-NPM	LXX_WH
1Krón 1:40	G2532	σωβαλ	N-PRI	ABP-potolt
1Krón 1:40	G2532	γωλαμ	N-PRI	ABP-potolt
1Krón 1:40	G2532	μαναχαθ	N-PRI	ABP-potolt
1Krón 1:40	G2532	γαιβηλ	N-PRI	ABP-potolt
1Krón 1:40	G2532	σωβ	N-PRI	ABP-potolt
1Krón 1:40	G2532	και	CONJ	LXX_WH
1Krón 1:40	G2532	ωναμ	N-PRI	ABP-potolt
1Krón 1:40	G5207	υιοι	N-NPM	LXX_WH
1Krón 1:40	G1161	δε	PRT	LXX_WH
1Krón 1:40		σεβεγων	N-PRI	ELTERO_SZOVEGALAP
1Krón 1:40		αια	N-PRI	ELTERO_SZOVEGALAP
1Krón 1:40	G2532	και	CONJ	LXX_WH
1Krón 1:40	G0303	ανα	N-PRI	LXX_WH
1Krón 1:41	G5207	υιοι	N-NPM	LXX_WH
1Krón 1:41	G0303	ανα	N-PRI	LXX_WH
1Krón 1:41		δαισων	N-PRI	ELTERO_SZOVEGALAP
1Krón 1:41	G5207	υιοι	N-NPM	LXX_WH
1Krón 1:41	G1161	δε	PRT	LXX_WH
1Krón 1:41		δησων	N-PRI	ELTERO_SZOVEGALAP
1Krón 1:41		εμερων	N-PRI	ELTERO_SZOVEGALAP
1Krón 1:41	G2532	και	CONJ	LXX_WH
1Krón 1:41		εσεβαν	N-PRI	
1Krón 1:41	G2532	και	CONJ	LXX_WH
1Krón 1:41		ιεθραν	N-PRI	
1Krón 1:41	G2532	και	CONJ	LXX_WH
1Krón 1:41	G2532	χαρραν	N-PRI	ABP-potolt
1Krón 1:42	G2532	και	CONJ	LXX_WH
1Krón 1:42	G5207	υιοι	N-NPM	LXX_WH
1Krón 1:42	G2532	ωσαρ	N-PRI	ABP-potolt
1Krón 1:42	G2532	βαλααν	N-PRI	ABP-potolt
1Krón 1:42	G2532	και	CONJ	LXX_WH
1Krón 1:42	G5207	ζουκαν	N-PRI	ABP-potolt
1Krón 1:42	G2532	και	CONJ	LXX_WH
1Krón 1:42	G2532	ιωκαν	N-PRI	ABP-potolt
1Krón 1:42	G5207	υιοι	N-NPM	LXX_WH
1Krón 1:42		δαισων	N-PRI	ELTERO_SZOVEGALAP
1Krón 1:42	G3739	ως	N-PRI	LXX_WH
1Krón 1:42	G2532	και	CONJ	LXX_WH
1Krón 1:42		αρραν	N-PRI	ELTERO_SZOVEGALAP
1Krón 1:43	G2532	και	CONJ	LXX_WH
1Krón 1:43	G3778	ουτοι	D-NPM	LXX_WH
1Krón 1:43	G3588	οι	T-NPM	LXX_WH
1Krón 1:43	G0935	βασιλεις	N-NPM	LXX_WH
1Krón 1:43	G0846	αυτων	D-GPM	LXX_WH
1Krón 1:43	G0904	βαλακ	N-PRI	LXX_WH
1Krón 1:43	G5207	υιος	N-NSM	LXX_WH
1Krón 1:43	G5207	βεωρ	N-PRI	ABP-potolt
1Krón 1:43	G2532	και	CONJ	LXX_WH
1Krón 1:43	G3686	ονομα	N-ASN	LXX_WH
1Krón 1:43	G3588	τη	T-DSF	LXX_WH
1Krón 1:43	G4172	πολει	N-DSF	LXX_WH
1Krón 1:43	G0846	αυτου	D-GSM	LXX_WH
1Krón 1:43		δενναβα	N-PRI	ELTERO_SZOVEGALAP
1Krón 1:44	G2532	και	CONJ	LXX_WH
1Krón 1:44	G0599	απεθανεν	V-AAI-3S	LXX_WH
1Krón 1:44	G0904	βαλακ	N-PRI	LXX_WH
1Krón 1:44	G2532	και	CONJ	LXX_WH
1Krón 1:44	G0936	εβασιλευσεν	V-AAI-3S	LXX_WH
1Krón 1:44	G0473	αντ	PREP	LXX_WH
1Krón 1:44	G0846	αυτου	D-GSM	LXX_WH
1Krón 1:44		ιωβαβ	N-PRI	ELTERO_SZOVEGALAP
1Krón 1:44	G5207	υιος	N-NSM	LXX_WH
1Krón 1:44	G2196	ζαρα	N-PRI	LXX_WH
1Krón 1:44	G1537	εκ	PREP	LXX_WH
1Krón 1:44		βοσορρας	N-PRI	ELTERO_SZOVEGALAP
1Krón 1:45	G2532	και	CONJ	LXX_WH
1Krón 1:45	G0599	απεθανεν	V-AAI-3S	LXX_WH
1Krón 1:45	G0599	ιωβαβ	N-PRI	ABP-potolt
1Krón 1:45	G2532	και	CONJ	LXX_WH
1Krón 1:45	G0936	εβασιλευσεν	V-AAI-3S	LXX_WH
1Krón 1:45	G0473	αντ	PREP	LXX_WH
1Krón 1:45	G0846	αυτου	D-GSM	LXX_WH
1Krón 1:45		ασομ	N-PRI	ELTERO_SZOVEGALAP
1Krón 1:45	G1537	εκ	PREP	LXX_WH
1Krón 1:45	G3588	της	T-GSF	LXX_WH
1Krón 1:45	G1065	γης	N-GSF	LXX_WH
1Krón 1:45		θαιμανων	N-PRI	ELTERO_SZOVEGALAP
1Krón 1:46	G2532	και	CONJ	LXX_WH
1Krón 1:46	G0599	απεθανεν	V-AAI-3S	LXX_WH
1Krón 1:46	G0599	ασομ	N-PRI	ABP-potolt
1Krón 1:46	G2532	και	CONJ	LXX_WH
1Krón 1:46	G0936	εβασιλευσεν	V-AAI-3S	LXX_WH
1Krón 1:46	G0473	αντ	PREP	LXX_WH
1Krón 1:46	G0846	αυτου	D-GSM	LXX_WH
1Krón 1:46		αδαδ	N-PRI	ELTERO_SZOVEGALAP
1Krón 1:46	G5207	υιος	N-NSM	LXX_WH
1Krón 1:46		βαραδ	N-PRI	ELTERO_SZOVEGALAP
1Krón 1:46	G3588	ο	T-NSM	LXX_WH
1Krón 1:46	G3960	παταξας	V-AAPNS	LXX_WH
1Krón 1:46		μαδιαμ	N-PRI	ELTERO_SZOVEGALAP
1Krón 1:46	G1722	εν	PREP	LXX_WH
1Krón 1:46	G3588	τω	T-DSN	LXX_WH
1Krón 1:46	G0068	πεδιω	N-DSN	ABP-potolt
1Krón 1:46	G0068	μωαβ	N-PRI	ABP-potolt
1Krón 1:46	G2532	και	CONJ	LXX_WH
1Krón 1:46	G3686	ονομα	N-NSN	LXX_WH
1Krón 1:46	G3588	τη	T-DSF	LXX_WH
1Krón 1:46	G4172	πολει	N-DSF	LXX_WH
1Krón 1:46	G0846	αυτου	D-GSM	LXX_WH
1Krón 1:46		γεθθαιμ	N-PRI	ELTERO_SZOVEGALAP
1Krón 1:47	G2532	και	CONJ	LXX_WH
1Krón 1:47	G0599	απεθανεν	V-AAI-3S	LXX_WH
1Krón 1:47	G0599	αδαδ	N-PRI	ABP-potolt
1Krón 1:47	G2532	και	CONJ	LXX_WH
1Krón 1:47	G0936	εβασιλευσεν	V-AAI-3S	LXX_WH
1Krón 1:47	G0473	αντ	PREP	LXX_WH
1Krón 1:47	G0846	αυτου	D-GSM	LXX_WH
1Krón 1:47		σαμαα	N-PRI	ELTERO_SZOVEGALAP
1Krón 1:47	G1537	εκ	PREP	LXX_WH
1Krón 1:47		μασεκκας	N-GSF	ELTERO_SZOVEGALAP
1Krón 1:48	G2532	και	CONJ	LXX_WH
1Krón 1:48	G0599	απεθανεν	V-AAI-3S	LXX_WH
1Krón 1:48	G0599	σαμαα	N-PRI	ABP-potolt
1Krón 1:48	G2532	και	CONJ	LXX_WH
1Krón 1:48	G0936	εβασιλευσεν	V-AAI-3S	LXX_WH
1Krón 1:48	G0473	αντ	PREP	LXX_WH
1Krón 1:48	G0846	αυτου	D-GSM	LXX_WH
1Krón 1:48	G4549	σαουλ	N-PRI	LXX_WH
1Krón 1:48	G1537	εκ	PREP	LXX_WH
1Krón 1:48		ροωβωθ	N-PRI	ELTERO_SZOVEGALAP
1Krón 1:48	G3588	της	T-GSF	LXX_WH
1Krón 1:48	G3844	παρα	PREP	LXX_WH
1Krón 1:48	G4215	ποταμον	N-ASM	LXX_WH
1Krón 1:49	G2532	και	CONJ	LXX_WH
1Krón 1:49	G0599	απεθανεν	V-AAI-3S	LXX_WH
1Krón 1:49	G4549	σαουλ	N-PRI	LXX_WH
1Krón 1:49	G2532	και	CONJ	LXX_WH
1Krón 1:49	G0936	εβασιλευσεν	V-AAI-3S	LXX_WH
1Krón 1:49	G0473	αντ	PREP	LXX_WH
1Krón 1:49	G0846	αυτου	D-GSM	LXX_WH
1Krón 1:49		βαλαεννων	N-PRI	ELTERO_SZOVEGALAP
1Krón 1:49	G5207	υιος	N-NSM	LXX_WH
1Krón 1:49		αχοβωρ	N-PRI	ELTERO_SZOVEGALAP
1Krón 1:50	G2532	και	CONJ	LXX_WH
1Krón 1:50	G0599	απεθανεν	V-AAI-3S	LXX_WH
1Krón 1:50		βαλαεννων	N-PRI	ELTERO_SZOVEGALAP
1Krón 1:50	G5207	υιος	N-NSM	LXX_WH
1Krón 1:50		αχοβωρ	N-PRI	ELTERO_SZOVEGALAP
1Krón 1:50	G2532	και	CONJ	LXX_WH
1Krón 1:50	G0936	εβασιλευσεν	V-AAI-3S	LXX_WH
1Krón 1:50	G0473	αντ	PREP	LXX_WH
1Krón 1:50	G0846	αυτου	D-GSM	LXX_WH
1Krón 1:50		αδαδ	N-PRI	ELTERO_SZOVEGALAP
1Krón 1:50	G5207	υιος	N-NSM	LXX_WH
1Krón 1:50		βαραδ	N-PRI	ELTERO_SZOVEGALAP
1Krón 1:50	G2532	και	CONJ	LXX_WH
1Krón 1:50	G3686	ονομα	N-NSN	LXX_WH
1Krón 1:50	G3588	τη	T-DSF	LXX_WH
1Krón 1:50	G4172	πολει	N-DSF	LXX_WH
1Krón 1:50	G0846	αυτου	D-GSM	LXX_WH
1Krón 1:50		φογωρ	N-PRI	ELTERO_SZOVEGALAP
1Krón 1:51	G2532	και	CONJ	LXX_WH
1Krón 1:51	G0599	απεθανεν	V-AAI-3S	LXX_WH
1Krón 1:51	G0599	αδαδ	N-PRI	ABP-potolt
1Krón 1:51	G2532	και	CONJ	LXX_WH
1Krón 1:51	G1510	ησαν	V-IAI-3P	LXX_WH
1Krón 1:51	G2232	ηγεμονες	N-NPM	LXX_WH
1Krón 1:51	G2232	εδωμ	N-PRI	ABP-potolt
1Krón 1:51	G2232	ηγεμων	N-NSM	LXX_WH
1Krón 1:51	G2232	θαμανα	N-PRI	ABP-potolt
1Krón 1:51	G2232	ηγεμων	N-NSM	LXX_WH
1Krón 1:51	G2232	γωλα	N-PRI	ABP-potolt
1Krón 1:51	G2232	ηγεμων	N-NSM	LXX_WH
1Krón 1:51	G2232	ιεθετ	N-PRI	ABP-potolt
1Krón 1:52	G2232	ηγεμων	N-NSM	LXX_WH
1Krón 1:52	G2232	ελιβαμας	N-PRI	ABP-potolt
1Krón 1:52	G2232	ηγεμων	N-NSM	LXX_WH
1Krón 1:52	G2232	ηλας	N-PRI	ABP-potolt
1Krón 1:52	G2232	ηγεμων	N-NSM	LXX_WH
1Krón 1:52	G2232	φινων	N-PRI	ABP-potolt
1Krón 1:53	G2232	ηγεμων	N-NSM	LXX_WH
1Krón 1:53	G2232	κενεζ	N-PRI	ABP-potolt
1Krón 1:53	G2232	ηγεμων	N-NSM	LXX_WH
1Krón 1:53	G2232	θαιμαν	N-PRI	ABP-potolt
1Krón 1:53	G2232	ηγεμων	N-NSM	LXX_WH
1Krón 1:53	G2232	μαβσαρ	N-PRI	ABP-potolt
1Krón 1:54	G2232	ηγεμων	N-NSM	LXX_WH
1Krón 1:54	G3778	μεγεδιηλ	N-PRI	ABP-potolt
1Krón 1:54	G2232	ηγεμων	N-NSM	LXX_WH
1Krón 1:54	G2232	ηραμ	N-PRI	ABP-potolt
1Krón 1:54	G3778	ουτοι	D-NPM	LXX_WH
1Krón 1:54	G2232	ηγεμονες	N-NPM	LXX_WH
1Krón 1:54		εδωμ	N-PRI	
1Krón 2:1	G3778	ταυτα	D-NPN	LXX_WH
1Krón 2:1	G3588	τα	T-NPN	LXX_WH
1Krón 2:1	G3686	ονοματα	N-NPN	LXX_WH
1Krón 2:1	G3588	των	T-GPM	LXX_WH
1Krón 2:1	G5207	υιων	N-GPM	LXX_WH
1Krón 2:1	G2474	ισραηλ	N-PRI	LXX_WH
1Krón 2:1		ρουβην	N-PRI	ELTERO_SZOVEGALAP
1Krón 2:1	G4826	συμεων	N-PRI	LXX_WH
1Krón 2:1	G3017	λευι	N-PRI	LXX_WH
1Krón 2:1	G2448	ιουδα	N-PRI	LXX_WH
1Krón 2:1		ισσαχαρ	N-PRI	ELTERO_SZOVEGALAP
1Krón 2:1	G2194	ζαβουλων	N-PRI	LXX_WH
1Krón 2:2		δαν	N-PRI	ELTERO_SZOVEGALAP
1Krón 2:2	G2501	ιωσηφ	N-PRI	LXX_WH
1Krón 2:2	G0958	βενιαμιν	N-PRI	LXX_WH
1Krón 2:2		νεφθαλι	N-PRI	ELTERO_SZOVEGALAP
1Krón 2:2	G1045	γαδ	N-PRI	LXX_WH
1Krón 2:2	G0768	ασηρ	N-PRI	LXX_WH
1Krón 2:3	G5207	υιοι	N-NPM	LXX_WH
1Krón 2:3	G2448	ιουδα	N-PRI	LXX_WH
1Krón 2:3	G2262	ηρ	N-PRI	LXX_WH
1Krón 2:3		αυναν	N-PRI	ELTERO_SZOVEGALAP
1Krón 2:3		σηλων	N-PRI	ELTERO_SZOVEGALAP
1Krón 2:3	G5140	τρεις	A-NPM	LXX_WH
1Krón 2:3	G1080	εγεννηθησαν	V-API-3P	LXX_WH
1Krón 2:3	G0846	αυτω	D-DSM	LXX_WH
1Krón 2:3	G1537	εκ	PREP	LXX_WH
1Krón 2:3	G3588	της	T-GSF	LXX_WH
1Krón 2:3	G2364	θυγατρος	N-GSF	LXX_WH
1Krón 2:3		σαυας	N-PRI	ELTERO_SZOVEGALAP
1Krón 2:3	G3588	της	T-GSF	LXX_WH
1Krón 2:3		χαναανιτιδος	N-GSF	ELTERO_SZOVEGALAP
1Krón 2:3	G2532	και	CONJ	LXX_WH
1Krón 2:3	G1510	ην	V-IAI-3S	LXX_WH
1Krón 2:3	G2262	ηρ	N-PRI	LXX_WH
1Krón 2:3	G3588	ο	T-NSM	LXX_WH
1Krón 2:3	G4416	πρωτοτοκος	A-NSM	LXX_WH
1Krón 2:3	G2448	ιουδα	N-PRI	LXX_WH
1Krón 2:3	G4190	πονηρος	A-NSM	LXX_WH
1Krón 2:3	G1726	εναντιον	PREP	LXX_WH
1Krón 2:3	G2962	κυριου	N-GSM	LXX_WH
1Krón 2:3	G2532	και	CONJ	LXX_WH
1Krón 2:3	G0615	απεκτεινεν	V-AAI-3S	LXX_WH
1Krón 2:3	G0846	αυτον	D-ASM	LXX_WH
1Krón 2:4	G2532	και	CONJ	LXX_WH
1Krón 2:4	G2283	θαμαρ	N-PRI	LXX_WH
1Krón 2:4	G3588	η	T-NSF	LXX_WH
1Krón 2:4	G3565	νυμφη	N-NSF	LXX_WH
1Krón 2:4	G0846	αυτου	D-GSM	LXX_WH
1Krón 2:4	G5088	ετεκεν	V-AAI-3S	LXX_WH
1Krón 2:4	G0846	αυτω	D-DSM	LXX_WH
1Krón 2:4	G3588	τον	T-ASM	LXX_WH
1Krón 2:4	G5329	φαρες	N-PRI	LXX_WH
1Krón 2:4	G2532	και	CONJ	LXX_WH
1Krón 2:4	G3588	τον	T-ASM	LXX_WH
1Krón 2:4	G2196	ζαρα	N-PRI	LXX_WH
1Krón 2:4	G3956	παντες	A-NPM	LXX_WH
1Krón 2:4	G5207	υιοι	N-NPM	LXX_WH
1Krón 2:4	G2448	ιουδα	N-PRI	LXX_WH
1Krón 2:4	G4002	πεντε	N-NUI	LXX_WH
1Krón 2:5	G5207	υιοι	N-NPM	LXX_WH
1Krón 2:5	G5329	φαρες	N-PRI	LXX_WH
1Krón 2:5		αρσων	N-PRI	ELTERO_SZOVEGALAP
1Krón 2:5	G2532	και	CONJ	LXX_WH
1Krón 2:5		ιεμουηλ	N-PRI	ELTERO_SZOVEGALAP
1Krón 2:6	G2532	και	CONJ	LXX_WH
1Krón 2:6	G5207	υιοι	N-NPM	LXX_WH
1Krón 2:6	G2196	ζαρα	N-PRI	LXX_WH
1Krón 2:6		ζαμβρι	N-PRI	ELTERO_SZOVEGALAP
1Krón 2:6	G2532	και	CONJ	LXX_WH
1Krón 2:6		αιθαν	N-PRI	
1Krón 2:6	G2532	και	CONJ	LXX_WH
1Krón 2:6		αιμαν	N-PRI	
1Krón 2:6	G2532	και	CONJ	LXX_WH
1Krón 2:6		χαλχαλ	N-PRI	
1Krón 2:6	G2532	και	CONJ	LXX_WH
1Krón 2:6	G2532	δαρα	N-PRI	ABP-potolt
1Krón 2:6	G3956	παντες	A-NPM	LXX_WH
1Krón 2:6	G4002	πεντε	N-NUI	LXX_WH
1Krón 2:7	G2532	και	CONJ	LXX_WH
1Krón 2:7	G5207	υιοι	N-NPM	LXX_WH
1Krón 2:7		χαρμι	N-PRI	ELTERO_SZOVEGALAP
1Krón 2:7		αχαρ	N-PRI	ELTERO_SZOVEGALAP
1Krón 2:7	G3588	ο	T-NSM	LXX_WH
1Krón 2:7		εμποδοστατης	N-NSM	ELTERO_SZOVEGALAP
1Krón 2:7	G2474	ισραηλ	N-PRI	LXX_WH
1Krón 2:7	G3739	ος	R-NSM	LXX_WH
1Krón 2:7	G0114	ηθετησεν	V-AAI-3S	LXX_WH
1Krón 2:7	G1519	εις	PREP	LXX_WH
1Krón 2:7	G3588	το	T-ASN	LXX_WH
1Krón 2:7	G0331	αναθεμα	N-ASN	LXX_WH
1Krón 2:8	G2532	και	CONJ	LXX_WH
1Krón 2:8	G5207	υιοι	N-NPM	LXX_WH
1Krón 2:8		αιθαν	N-PRI	
1Krón 2:8		αζαρια	N-PRI	
1Krón 2:9	G2532	και	CONJ	LXX_WH
1Krón 2:9	G5207	υιοι	N-NPM	LXX_WH
1Krón 2:9		εσερων	N-PRI	ELTERO_SZOVEGALAP
1Krón 2:9	G3739	οι	R-NPM	LXX_WH
1Krón 2:9	G5088	ετεχθησαν	V-API-3P	LXX_WH
1Krón 2:9	G0846	αυτω	D-DSM	LXX_WH
1Krón 2:9	G3588	ο	T-NSM	LXX_WH
1Krón 2:9		ιραμεηλ	N-PRI	ELTERO_SZOVEGALAP
1Krón 2:9	G2532	και	CONJ	LXX_WH
1Krón 2:9	G3588	ο	T-NSM	LXX_WH
1Krón 2:9		ραμ	N-PRI	ELTERO_SZOVEGALAP
1Krón 2:9	G2532	και	CONJ	LXX_WH
1Krón 2:9	G3588	ο	T-NSM	LXX_WH
1Krón 2:9		χαλεβ	N-PRI	ELTERO_SZOVEGALAP
1Krón 2:9	G2532	και	CONJ	LXX_WH
1Krón 2:9	G0689	αραμ	N-PRI	LXX_WH
1Krón 2:10	G2532	και	CONJ	LXX_WH
1Krón 2:10	G0689	αραμ	N-PRI	LXX_WH
1Krón 2:10	G1080	εγεννησεν	V-AAI-3S	LXX_WH
1Krón 2:10	G3588	τον	T-ASM	LXX_WH
1Krón 2:10	G0284	αμιναδαβ	N-PRI	LXX_WH
1Krón 2:10	G2532	και	CONJ	LXX_WH
1Krón 2:10	G0284	αμιναδαβ	N-PRI	LXX_WH
1Krón 2:10	G1080	εγεννησεν	V-AAI-3S	LXX_WH
1Krón 2:10	G3588	τον	T-ASM	LXX_WH
1Krón 2:10	G3476	ναασσων	N-PRI	LXX_WH
1Krón 2:10	G0758	αρχοντα	N-ASM	LXX_WH
1Krón 2:10	G3588	του	T-GSM	LXX_WH
1Krón 2:10	G3624	οικου	N-GSM	LXX_WH
1Krón 2:10	G2448	ιουδα	N-PRI	LXX_WH
1Krón 2:11	G2532	και	CONJ	LXX_WH
1Krón 2:11	G3476	ναασσων	N-PRI	LXX_WH
1Krón 2:11	G1080	εγεννησεν	V-AAI-3S	LXX_WH
1Krón 2:11	G3588	τον	T-ASM	LXX_WH
1Krón 2:11	G4533	σαλμων	N-PRI	LXX_WH
1Krón 2:11	G2532	και	CONJ	LXX_WH
1Krón 2:11	G4533	σαλμων	N-PRI	LXX_WH
1Krón 2:11	G1080	εγεννησεν	V-AAI-3S	LXX_WH
1Krón 2:11	G3588	τον	T-ASM	LXX_WH
1Krón 2:11		βοος	N-PRI	ELTERO_SZOVEGALAP
1Krón 2:12	G2532	και	CONJ	LXX_WH
1Krón 2:12		βοος	N-PRI	ELTERO_SZOVEGALAP
1Krón 2:12	G1080	εγεννησεν	V-AAI-3S	LXX_WH
1Krón 2:12	G3588	τον	T-ASM	LXX_WH
1Krón 2:12	G5601	ωβηδ	N-PRI	LXX_WH
1Krón 2:12	G2532	και	CONJ	LXX_WH
1Krón 2:12	G5601	ωβηδ	N-PRI	LXX_WH
1Krón 2:12	G1080	εγεννησεν	V-AAI-3S	LXX_WH
1Krón 2:12	G3588	τον	T-ASM	LXX_WH
1Krón 2:12	G2421	ιεσσαι	N-PRI	LXX_WH
1Krón 2:13	G2532	και	CONJ	LXX_WH
1Krón 2:13	G2421	ιεσσαι	N-PRI	LXX_WH
1Krón 2:13	G1080	εγεννησεν	V-AAI-3S	LXX_WH
1Krón 2:13	G3588	τον	T-ASM	LXX_WH
1Krón 2:13	G4416	πρωτοτοκον	A-ASM	LXX_WH
1Krón 2:13	G0846	αυτου	D-GSM	LXX_WH
1Krón 2:13		ελιαβ	N-PRI	ELTERO_SZOVEGALAP
1Krón 2:13	G0284	αμιναδαβ	N-PRI	LXX_WH
1Krón 2:13	G3588	ο	T-NSM	LXX_WH
1Krón 2:13	G1208	δευτερος	A-NSM	LXX_WH
1Krón 2:13	G2532	σαμαα	N-PRI	ABP-potolt
1Krón 2:13	G3588	ο	T-NSM	LXX_WH
1Krón 2:13	G5154	τριτος	A-NSM	LXX_WH
1Krón 2:14	G3482	ναθαναηλ	N-PRI	LXX_WH
1Krón 2:14	G3588	ο	T-NSM	LXX_WH
1Krón 2:14	G5067	τεταρτος	A-NSM	LXX_WH
1Krón 2:14	G2532	ραδδαι	N-PRI	ABP-potolt
1Krón 2:14	G3588	ο	T-NSM	LXX_WH
1Krón 2:14	G3991	πεμπτος	A-NSM	LXX_WH
1Krón 2:15		ασομ	N-PRI	
1Krón 2:15	G3588	ο	T-NSM	LXX_WH
1Krón 2:15	G1622	εκτος	A-NSM	LXX_WH
1Krón 2:15		δαυιδ	N-PRI	
1Krón 2:15	G3588	ο	T-NSM	LXX_WH
1Krón 2:15	G1442	εβδομος	A-NSM	LXX_WH
1Krón 2:16	G2532	και	CONJ	LXX_WH
1Krón 2:16	G0079	αδελφη	N-NSF	LXX_WH
1Krón 2:16	G0846	αυτων	D-GPM	LXX_WH
1Krón 2:16		σαρουια	N-PRI	ELTERO_SZOVEGALAP
1Krón 2:16	G2532	και	CONJ	LXX_WH
1Krón 2:16	G5207	αβιγαια	N-PRI	ABP-potolt
1Krón 2:16	G2532	και	CONJ	LXX_WH
1Krón 2:16	G5207	υιοι	N-NPM	LXX_WH
1Krón 2:16	G2532	σαρουια	N-PRI	ABP-potolt
1Krón 2:16	G2532	αβεσσα	N-PRI	ABP-potolt
1Krón 2:16	G2532	και	CONJ	LXX_WH
1Krón 2:16	G5207	ιωαβ	N-PRI	ABP-potolt
1Krón 2:16	G2532	και	CONJ	LXX_WH
1Krón 2:16	G2532	ασαηλ	N-PRI	ABP-potolt
1Krón 2:16	G5140	τρεις	A-NPM	LXX_WH
1Krón 2:17	G2532	και	CONJ	LXX_WH
1Krón 2:17		αβιγαια	N-PRI	ELTERO_SZOVEGALAP
1Krón 2:17	G1080	εγεννησεν	V-AAI-3S	LXX_WH
1Krón 2:17	G3588	τον	T-ASM	LXX_WH
1Krón 2:17		αμεσσα	N-PRI	ELTERO_SZOVEGALAP
1Krón 2:17	G2532	και	CONJ	LXX_WH
1Krón 2:17	G3962	πατηρ	N-NSM	LXX_WH
1Krón 2:17		αμεσσα	N-PRI	ELTERO_SZOVEGALAP
1Krón 2:17		ιοθορ	N-PRI	ELTERO_SZOVEGALAP
1Krón 2:17	G3588	ο	T-NSM	LXX_WH
1Krón 2:17		ισμαηλιτης	N-NSM	ELTERO_SZOVEGALAP
1Krón 2:18	G2532	και	CONJ	LXX_WH
1Krón 2:18	G3778	χαλεβ	N-PRI	ABP-potolt
1Krón 2:18	G5207	υιος	N-NSM	LXX_WH
1Krón 2:18		εσερων	N-PRI	ELTERO_SZOVEGALAP
1Krón 2:18	G1080	εγεννησεν	V-AAI-3S	LXX_WH
1Krón 2:18	G3588	την	T-ASF	LXX_WH
1Krón 2:18		γαζουβα	N-PRI	ELTERO_SZOVEGALAP
1Krón 2:18	G1135	γυναικα	N-ASF	LXX_WH
1Krón 2:18	G2532	και	CONJ	LXX_WH
1Krón 2:18	G3588	την	T-ASF	LXX_WH
1Krón 2:18	G1135	ιεριωθ	N-PRI	ABP-potolt
1Krón 2:18	G2532	και	CONJ	LXX_WH
1Krón 2:18	G3778	ουτοι	D-NPM	LXX_WH
1Krón 2:18	G5207	υιοι	N-NPM	LXX_WH
1Krón 2:18	G0846	αυτης	D-GSF	LXX_WH
1Krón 2:18		ιωασαρ	N-PRI	ELTERO_SZOVEGALAP
1Krón 2:18	G2532	και	CONJ	LXX_WH
1Krón 2:18	G3588	σωβαβ	N-PRI	ABP-potolt
1Krón 2:18	G2532	και	CONJ	LXX_WH
1Krón 2:18	G2532	ορνα	N-PRI	ABP-potolt
1Krón 2:19	G2532	και	CONJ	LXX_WH
1Krón 2:19	G0599	απεθανεν	V-AAI-3S	LXX_WH
1Krón 2:19	G0599	γαζουβα	N-PRI	ABP-potolt
1Krón 2:19	G2532	και	CONJ	LXX_WH
1Krón 2:19	G2983	ελαβεν	V-AAI-3S	LXX_WH
1Krón 2:19	G1438	εαυτω	D-DSM	LXX_WH
1Krón 2:19		χαλεβ	N-PRI	ELTERO_SZOVEGALAP
1Krón 2:19	G3588	την	T-ASF	LXX_WH
1Krón 2:19		εφραθ	N-PRI	ELTERO_SZOVEGALAP
1Krón 2:19	G2532	και	CONJ	LXX_WH
1Krón 2:19	G5088	ετεκεν	V-AAI-3S	LXX_WH
1Krón 2:19	G0846	αυτω	D-DSM	LXX_WH
1Krón 2:19	G3588	τον	T-ASM	LXX_WH
1Krón 2:19		ωρ	N-PRI	ELTERO_SZOVEGALAP
1Krón 2:20	G2532	και	CONJ	LXX_WH
1Krón 2:20		ωρ	N-PRI	
1Krón 2:20	G1080	εγεννησεν	V-AAI-3S	LXX_WH
1Krón 2:20	G3588	τον	T-ASM	LXX_WH
1Krón 2:20		ουρι	N-PRI	
1Krón 2:20	G2532	και	CONJ	LXX_WH
1Krón 2:20		ουρι	N-PRI	
1Krón 2:20	G1080	εγεννησεν	V-AAI-3S	LXX_WH
1Krón 2:20	G3588	τον	T-ASM	LXX_WH
1Krón 2:20		βεσελεηλ	N-PRI	
1Krón 2:21	G2532	και	CONJ	LXX_WH
1Krón 2:21	G3326	μετα	PREP	LXX_WH
1Krón 2:21	G3778	ταυτα	D-APN	LXX_WH
1Krón 2:21	G1525	εισηλθεν	V-AAI-3S	LXX_WH
1Krón 2:21	G1525	εσερων	N-PRI	ABP-potolt
1Krón 2:21	G4314	προς	PREP	LXX_WH
1Krón 2:21	G3588	την	T-ASF	LXX_WH
1Krón 2:21	G2364	θυγατερα	N-ASF	LXX_WH
1Krón 2:21		μαχιρ	N-PRI	ELTERO_SZOVEGALAP
1Krón 2:21	G3962	πατρος	N-GSM	LXX_WH
1Krón 2:21		γαλααδ	N-PRI	ELTERO_SZOVEGALAP
1Krón 2:21	G2532	και	CONJ	LXX_WH
1Krón 2:21	G3778	ουτος	D-NSM	LXX_WH
1Krón 2:21	G2983	ελαβεν	V-AAI-3S	LXX_WH
1Krón 2:21	G0846	αυτην	D-ASF	LXX_WH
1Krón 2:21	G2532	και	CONJ	LXX_WH
1Krón 2:21	G0846	αυτος	D-NSM	LXX_WH
1Krón 2:21	G1835	εξηκοντα	N-NUI	LXX_WH
1Krón 2:21	G1510	ην	V-IAI-3S	LXX_WH
1Krón 2:21	G2094	ετων	N-GPN	LXX_WH
1Krón 2:21	G2532	και	CONJ	LXX_WH
1Krón 2:21	G5088	ετεκεν	V-AAI-3S	LXX_WH
1Krón 2:21	G0846	αυτω	D-DSM	LXX_WH
1Krón 2:21	G3588	τον	T-ASM	LXX_WH
1Krón 2:21		σεγουβ	N-PRI	ELTERO_SZOVEGALAP
1Krón 2:22	G2532	και	CONJ	LXX_WH
1Krón 2:22		σεγουβ	N-PRI	ELTERO_SZOVEGALAP
1Krón 2:22	G1080	εγεννησεν	V-AAI-3S	LXX_WH
1Krón 2:22	G3588	τον	T-ASM	LXX_WH
1Krón 2:22		ιαιρ	N-PRI	ELTERO_SZOVEGALAP
1Krón 2:22	G2532	και	CONJ	LXX_WH
1Krón 2:22	G1510	ησαν	V-IAI-3P	LXX_WH
1Krón 2:22	G0846	αυτω	D-DSM	LXX_WH
1Krón 2:22	G1501	εικοσι	N-NUI	LXX_WH
1Krón 2:22	G5140	τρεις	A-NPM	LXX_WH
1Krón 2:22	G4172	πολεις	N-NPF	LXX_WH
1Krón 2:22	G1722	εν	PREP	LXX_WH
1Krón 2:22	G3588	τη	T-DSF	LXX_WH
1Krón 2:22	G1093	γαλααδ	N-PRI	ABP-potolt
1Krón 2:23	G2532	και	CONJ	LXX_WH
1Krón 2:23	G2983	ελαβεν	V-AAI-3S	LXX_WH
1Krón 2:23		γεδσουρ	N-PRI	ELTERO_SZOVEGALAP
1Krón 2:23	G2532	και	CONJ	LXX_WH
1Krón 2:23	G0689	αραμ	N-PRI	LXX_WH
1Krón 2:23	G3588	τας	T-APF	LXX_WH
1Krón 2:23	G2864	κωμας	N-APF	LXX_WH
1Krón 2:23		ιαιρ	N-PRI	ELTERO_SZOVEGALAP
1Krón 2:23	G1537	εξ	PREP	LXX_WH
1Krón 2:23	G0846	αυτων	D-GPM	LXX_WH
1Krón 2:23	G3588	την	T-ASF	LXX_WH
1Krón 2:23		καναθ	N-PRI	ELTERO_SZOVEGALAP
1Krón 2:23	G2532	και	CONJ	LXX_WH
1Krón 2:23	G3588	τας	T-APF	LXX_WH
1Krón 2:23	G2864	κωμας	N-APF	LXX_WH
1Krón 2:23	G0846	αυτης	D-GSF	LXX_WH
1Krón 2:23	G1835	εξηκοντα	N-NUI	LXX_WH
1Krón 2:23	G4172	πολεις	N-APF	LXX_WH
1Krón 2:23	G3956	πασαι	A-NPF	LXX_WH
1Krón 2:23	G3778	αυται	D-NPF	LXX_WH
1Krón 2:23	G5207	υιων	N-GPM	LXX_WH
1Krón 2:23		μαχιρ	N-PRI	ELTERO_SZOVEGALAP
1Krón 2:23	G3962	πατρος	N-GSM	LXX_WH
1Krón 2:23		γαλααδ	N-PRI	ELTERO_SZOVEGALAP
1Krón 2:24	G2532	και	CONJ	LXX_WH
1Krón 2:24	G3326	μετα	PREP	LXX_WH
1Krón 2:24	G3588	το	T-ASN	LXX_WH
1Krón 2:24	G0599	αποθανειν	V-AAN	LXX_WH
1Krón 2:24	G2064	εσερων	N-PRI	ABP-potolt
1Krón 2:24	G2064	ηλθεν	V-AAI-3S	LXX_WH
1Krón 2:24	G2064	χαλεβ	N-PRI	ABP-potolt
1Krón 2:24	G1519	εις	PREP	LXX_WH
1Krón 2:24		εφραθα	N-PRI	ELTERO_SZOVEGALAP
1Krón 2:24	G2532	και	CONJ	LXX_WH
1Krón 2:24	G3588	η	T-NSF	LXX_WH
1Krón 2:24	G1135	γυνη	N-NSF	LXX_WH
1Krón 2:24		εσερων	N-PRI	ELTERO_SZOVEGALAP
1Krón 2:24	G0007	αβια	N-PRI	LXX_WH
1Krón 2:24	G2532	και	CONJ	LXX_WH
1Krón 2:24	G5088	ετεκεν	V-AAI-3S	LXX_WH
1Krón 2:24	G0846	αυτω	D-DSM	LXX_WH
1Krón 2:24	G3588	τον	T-ASM	LXX_WH
1Krón 2:24		ασχωδ	N-PRI	ELTERO_SZOVEGALAP
1Krón 2:24	G3962	πατερα	N-ASM	LXX_WH
1Krón 2:24		θεκωε	N-PRI	ELTERO_SZOVEGALAP
1Krón 2:25	G2532	και	CONJ	LXX_WH
1Krón 2:25	G1510	ησαν	V-IAI-3P	LXX_WH
1Krón 2:25	G5207	υιοι	N-NPM	LXX_WH
1Krón 2:25		ιερεμεηλ	N-PRI	ELTERO_SZOVEGALAP
1Krón 2:25	G4416	πρωτοτοκου	A-GSM	LXX_WH
1Krón 2:25		εσερων	N-PRI	ELTERO_SZOVEGALAP
1Krón 2:25	G3588	ο	T-NSM	LXX_WH
1Krón 2:25	G4416	πρωτοτοκος	A-NSM	LXX_WH
1Krón 2:25	G2532	ραμ	N-PRI	ABP-potolt
1Krón 2:25	G2532	και	CONJ	LXX_WH
1Krón 2:25	G2532	βαανα	N-PRI	ABP-potolt
1Krón 2:25	G2532	και	CONJ	LXX_WH
1Krón 2:25	G2532	αραν	N-PRI	ABP-potolt
1Krón 2:25	G2532	και	CONJ	LXX_WH
1Krón 2:25		ασομ	N-PRI	ELTERO_SZOVEGALAP
1Krón 2:25	G0080	αδελφος	N-NSM	LXX_WH
1Krón 2:25	G0846	αυτου	D-GSM	LXX_WH
1Krón 2:26	G2532	και	CONJ	LXX_WH
1Krón 2:26	G1510	ην	V-IAI-3S	LXX_WH
1Krón 2:26	G1135	γυνη	N-NSF	LXX_WH
1Krón 2:26	G2087	ετερα	A-APN	LXX_WH
1Krón 2:26	G3588	τω	T-DSM	LXX_WH
1Krón 2:26		ιερεμεηλ	N-PRI	ELTERO_SZOVEGALAP
1Krón 2:26	G2532	και	CONJ	LXX_WH
1Krón 2:26	G3686	ονομα	N-NSN	LXX_WH
1Krón 2:26	G0846	αυτη	D-DSF	LXX_WH
1Krón 2:26		αταρα	N-PRI	ELTERO_SZOVEGALAP
1Krón 2:26	G3778	αυτη	D-NSF	LXX_WH
1Krón 2:26	G1510	εστιν	V-PAI-3S	LXX_WH
1Krón 2:26	G3384	μητηρ	N-NSF	LXX_WH
1Krón 2:26		οζομ	N-PRI	ELTERO_SZOVEGALAP
1Krón 2:27	G2532	και	CONJ	LXX_WH
1Krón 2:27	G1510	ησαν	V-IAI-3P	LXX_WH
1Krón 2:27	G5207	υιοι	N-NPM	LXX_WH
1Krón 2:27		ραμ	N-PRI	
1Krón 2:27	G4416	πρωτοτοκου	A-GSM	LXX_WH
1Krón 2:27	G2532	ιερεμεηλ	N-PRI	ABP-potolt
1Krón 2:27	G2532	μαας	N-PRI	ABP-potolt
1Krón 2:27	G2532	και	CONJ	LXX_WH
1Krón 2:27		ιαμιν	N-PRI	
1Krón 2:27	G2532	και	CONJ	LXX_WH
1Krón 2:27	G2532	ακορ	N-PRI	ABP-potolt
1Krón 2:28	G2532	και	CONJ	LXX_WH
1Krón 2:28	G1510	ησαν	V-IAI-3P	LXX_WH
1Krón 2:28	G5207	υιοι	N-NPM	LXX_WH
1Krón 2:28	G2532	οζομ	N-PRI	ABP-potolt
1Krón 2:28	G2532	σαμαι	N-PRI	ABP-potolt
1Krón 2:28	G2532	και	CONJ	LXX_WH
1Krón 2:28	G5207	ιαδαε	N-PRI	ABP-potolt
1Krón 2:28	G2532	και	CONJ	LXX_WH
1Krón 2:28	G5207	υιοι	N-NPM	LXX_WH
1Krón 2:28	G2532	σαμαι	N-PRI	ABP-potolt
1Krón 2:28	G2532	ναδαβ	N-PRI	ABP-potolt
1Krón 2:28	G2532	και	CONJ	LXX_WH
1Krón 2:28		αβισουρ	N-PRI	
1Krón 2:29	G2532	και	CONJ	LXX_WH
1Krón 2:29	G3686	ονομα	N-NSN	LXX_WH
1Krón 2:29	G3588	της	T-GSF	LXX_WH
1Krón 2:29	G1135	γυναικος	N-GSF	LXX_WH
1Krón 2:29		αβισουρ	N-PRI	ELTERO_SZOVEGALAP
1Krón 2:29		αβιχαιλ	N-PRI	ELTERO_SZOVEGALAP
1Krón 2:29	G2532	και	CONJ	LXX_WH
1Krón 2:29	G5088	ετεκεν	V-AAI-3S	LXX_WH
1Krón 2:29	G0846	αυτω	D-DSM	LXX_WH
1Krón 2:29	G3588	τον	T-ASM	LXX_WH
1Krón 2:29	G1135	αχαβαρ	N-PRI	ABP-potolt
1Krón 2:29	G2532	και	CONJ	LXX_WH
1Krón 2:29	G3588	τον	T-ASM	LXX_WH
1Krón 2:29		μωλιδ	N-PRI	ELTERO_SZOVEGALAP
1Krón 2:30	G5207	υιοι	N-NPM	LXX_WH
1Krón 2:30	G2532	ναδαβ	N-PRI	ABP-potolt
1Krón 2:30	G2532	σαλαδ	N-PRI	ABP-potolt
1Krón 2:30	G2532	και	CONJ	LXX_WH
1Krón 2:30	G5207	αφφαιμ	N-PRI	ABP-potolt
1Krón 2:30	G2532	και	CONJ	LXX_WH
1Krón 2:30	G0599	απεθανεν	V-AAI-3S	LXX_WH
1Krón 2:30		σαλαδ	N-PRI	ELTERO_SZOVEGALAP
1Krón 2:30	G3364	ουκ	ADV	LXX_WH
1Krón 2:30	G2192	εχων	V-PAPNS	LXX_WH
1Krón 2:30	G5043	τεκνα	N-APN	LXX_WH
1Krón 2:31	G2532	και	CONJ	LXX_WH
1Krón 2:31	G5207	υιοι	N-NPM	LXX_WH
1Krón 2:31		αφφαιμ	N-PRI	
1Krón 2:31		ισεμιηλ	N-PRI	
1Krón 2:31	G2532	και	CONJ	LXX_WH
1Krón 2:31	G5207	υιοι	N-NPM	LXX_WH
1Krón 2:31		ισεμιηλ	N-PRI	
1Krón 2:31		σωσαν	N-PRI	
1Krón 2:31	G2532	και	CONJ	LXX_WH
1Krón 2:31	G5207	υιοι	N-NPM	LXX_WH
1Krón 2:31		σωσαν	N-PRI	
1Krón 2:31		αχλαι	N-PRI	
1Krón 2:32	G2532	και	CONJ	LXX_WH
1Krón 2:32	G5207	υιοι	N-NPM	LXX_WH
1Krón 2:32	G0080	ιαδαε	N-PRI	ABP-potolt
1Krón 2:32	G0080	αχισαμαι	N-PRI	ABP-potolt
1Krón 2:32	G0080	ιεθερ	N-PRI	ABP-potolt
1Krón 2:32	G0080	ιωναθαν	N-PRI	ABP-potolt
1Krón 2:32	G2532	και	CONJ	LXX_WH
1Krón 2:32	G0599	απεθανεν	V-AAI-3S	LXX_WH
1Krón 2:32		ιεθερ	N-PRI	ELTERO_SZOVEGALAP
1Krón 2:32	G3364	ουκ	ADV	LXX_WH
1Krón 2:32	G2192	εχων	V-PAPNS	LXX_WH
1Krón 2:32	G5043	τεκνα	N-APN	LXX_WH
1Krón 2:33	G2532	και	CONJ	LXX_WH
1Krón 2:33	G5207	υιοι	N-NPM	LXX_WH
1Krón 2:33		ιωναθαν	N-PRI	
1Krón 2:33		φαλεθ	N-PRI	
1Krón 2:33	G2532	και	CONJ	LXX_WH
1Krón 2:33		οζαζα	N-PRI	
1Krón 2:33	G3778	ουτοι	D-NPM	LXX_WH
1Krón 2:33	G1510	ησαν	V-IAI-3P	LXX_WH
1Krón 2:33	G5207	υιοι	N-NPM	LXX_WH
1Krón 2:33		ιερεμεηλ	N-PRI	
1Krón 2:34	G2532	και	CONJ	LXX_WH
1Krón 2:34	G3364	ουκ	ADV	LXX_WH
1Krón 2:34	G1510	ησαν	V-IAI-3P	LXX_WH
1Krón 2:34	G3588	τω	T-DSM	LXX_WH
1Krón 2:34	G5207	σωσαν	N-PRI	ABP-potolt
1Krón 2:34	G5207	υιοι	N-NPM	LXX_WH
1Krón 2:34	G0235	αλλ	CONJ	LXX_WH
1Krón 2:34	G2228	η	CONJ	LXX_WH
1Krón 2:34	G2364	θυγατερες	N-NPF	LXX_WH
1Krón 2:34	G2532	και	CONJ	LXX_WH
1Krón 2:34	G3588	τω	T-DSM	LXX_WH
1Krón 2:34	G3816	σωσαν	N-PRI	ABP-potolt
1Krón 2:34	G3816	παις	N-NSM	LXX_WH
1Krón 2:34	G0124	αιγυπτιος	N-NSM	LXX_WH
1Krón 2:34	G2532	και	CONJ	LXX_WH
1Krón 2:34	G3686	ονομα	N-NSN	LXX_WH
1Krón 2:34	G0846	αυτω	D-DSM	LXX_WH
1Krón 2:34		ιωχηλ	N-PRI	ELTERO_SZOVEGALAP
1Krón 2:35	G2532	και	CONJ	LXX_WH
1Krón 2:35	G1325	εδωκεν	V-AAI-3S	LXX_WH
1Krón 2:35	G1325	σωσαν	N-PRI	ABP-potolt
1Krón 2:35	G3588	την	T-ASF	LXX_WH
1Krón 2:35	G2364	θυγατερα	N-ASF	LXX_WH
1Krón 2:35	G0846	αυτου	D-GSM	LXX_WH
1Krón 2:35	G3588	τω	T-DSM	LXX_WH
1Krón 2:35		ιωχηλ	N-PRI	ELTERO_SZOVEGALAP
1Krón 2:35	G3816	παιδι	N-DSM	LXX_WH
1Krón 2:35	G0846	αυτου	D-GSM	LXX_WH
1Krón 2:35	G1519	εις	PREP	LXX_WH
1Krón 2:35	G1135	γυναικα	N-ASF	LXX_WH
1Krón 2:35	G2532	και	CONJ	LXX_WH
1Krón 2:35	G5088	ετεκεν	V-AAI-3S	LXX_WH
1Krón 2:35	G0846	αυτω	D-DSM	LXX_WH
1Krón 2:35	G3588	τον	T-ASM	LXX_WH
1Krón 2:35		εθθι	N-PRI	ELTERO_SZOVEGALAP
1Krón 2:36	G2532	και	CONJ	LXX_WH
1Krón 2:36		εθθι	N-PRI	ELTERO_SZOVEGALAP
1Krón 2:36	G1080	εγεννησεν	V-AAI-3S	LXX_WH
1Krón 2:36	G3588	τον	T-ASM	LXX_WH
1Krón 2:36	G3481	ναθαν	N-PRI	LXX_WH
1Krón 2:36	G2532	και	CONJ	LXX_WH
1Krón 2:36	G3481	ναθαν	N-PRI	LXX_WH
1Krón 2:36	G1080	εγεννησεν	V-AAI-3S	LXX_WH
1Krón 2:36	G3588	τον	T-ASM	LXX_WH
1Krón 2:36		ζαβεδ	N-PRI	ELTERO_SZOVEGALAP
1Krón 2:37	G2532	και	CONJ	LXX_WH
1Krón 2:37		ζαβεδ	N-PRI	ELTERO_SZOVEGALAP
1Krón 2:37	G1080	εγεννησεν	V-AAI-3S	LXX_WH
1Krón 2:37	G3588	τον	T-ASM	LXX_WH
1Krón 2:37		αφαληλ	N-PRI	ELTERO_SZOVEGALAP
1Krón 2:37	G2532	και	CONJ	LXX_WH
1Krón 2:37		αφαληλ	N-PRI	ELTERO_SZOVEGALAP
1Krón 2:37	G1080	εγεννησεν	V-AAI-3S	LXX_WH
1Krón 2:37	G3588	τον	T-ASM	LXX_WH
1Krón 2:37	G5601	ωβηδ	N-PRI	LXX_WH
1Krón 2:38	G2532	και	CONJ	LXX_WH
1Krón 2:38	G5601	ωβηδ	N-PRI	LXX_WH
1Krón 2:38	G1080	εγεννησεν	V-AAI-3S	LXX_WH
1Krón 2:38	G3588	τον	T-ASM	LXX_WH
1Krón 2:38		ιηου	N-PRI	ELTERO_SZOVEGALAP
1Krón 2:38	G2532	και	CONJ	LXX_WH
1Krón 2:38		ιηου	N-PRI	ELTERO_SZOVEGALAP
1Krón 2:38	G1080	εγεννησεν	V-AAI-3S	LXX_WH
1Krón 2:38	G3588	τον	T-ASM	LXX_WH
1Krón 2:38		αζαριαν	N-ASM	ELTERO_SZOVEGALAP
1Krón 2:39	G2532	και	CONJ	LXX_WH
1Krón 2:39		αζαριας	N-NSM	
1Krón 2:39	G1080	εγεννησεν	V-AAI-3S	LXX_WH
1Krón 2:39	G3588	τον	T-ASM	LXX_WH
1Krón 2:39		χελλης	N-PRI	
1Krón 2:39	G2532	και	CONJ	LXX_WH
1Krón 2:39		χελλης	N-PRI	
1Krón 2:39	G1080	εγεννησεν	V-AAI-3S	LXX_WH
1Krón 2:39	G3588	τον	T-ASM	LXX_WH
1Krón 2:39		ελεασα	N-PRI	
1Krón 2:40	G2532	και	CONJ	LXX_WH
1Krón 2:40		ελεασα	N-PRI	
1Krón 2:40	G1080	εγεννησεν	V-AAI-3S	LXX_WH
1Krón 2:40	G3588	τον	T-ASM	LXX_WH
1Krón 2:40		σοσομαι	N-PRI	
1Krón 2:40	G2532	και	CONJ	LXX_WH
1Krón 2:40		σοσομαι	N-PRI	
1Krón 2:40	G1080	εγεννησεν	V-AAI-3S	LXX_WH
1Krón 2:40	G3588	τον	T-ASM	LXX_WH
1Krón 2:40		σαλουμ	N-PRI	
1Krón 2:41	G2532	και	CONJ	LXX_WH
1Krón 2:41		σαλουμ	N-PRI	
1Krón 2:41	G1080	εγεννησεν	V-AAI-3S	LXX_WH
1Krón 2:41	G3588	τον	T-ASM	LXX_WH
1Krón 2:41		ιεχεμιαν	N-ASM	
1Krón 2:41	G2532	και	CONJ	LXX_WH
1Krón 2:41		ιεχεμιας	N-NSM	
1Krón 2:41	G1080	εγεννησεν	V-AAI-3S	LXX_WH
1Krón 2:41	G3588	τον	T-ASM	LXX_WH
1Krón 2:41		ελισαμα	N-PRI	
1Krón 2:42	G2532	και	CONJ	LXX_WH
1Krón 2:42	G5207	υιοι	N-NPM	LXX_WH
1Krón 2:42		χαλεβ	N-PRI	ELTERO_SZOVEGALAP
1Krón 2:42	G0080	αδελφου	N-GSM	LXX_WH
1Krón 2:42		ιερεμεηλ	N-PRI	ELTERO_SZOVEGALAP
1Krón 2:42		μαρισα	N-PRI	ELTERO_SZOVEGALAP
1Krón 2:42	G3588	ο	T-NSM	LXX_WH
1Krón 2:42	G4416	πρωτοτοκος	A-NSM	LXX_WH
1Krón 2:42	G0846	αυτου	D-GSM	LXX_WH
1Krón 2:42	G3778	ουτος	D-NSM	LXX_WH
1Krón 2:42	G3962	πατηρ	N-NSM	LXX_WH
1Krón 2:42		ζιφ	N-PRI	ELTERO_SZOVEGALAP
1Krón 2:42	G2532	και	CONJ	LXX_WH
1Krón 2:42	G5207	υιοι	N-NPM	LXX_WH
1Krón 2:42		μαρισα	N-PRI	ELTERO_SZOVEGALAP
1Krón 2:42	G3962	πατρος	N-GSM	LXX_WH
1Krón 2:42		χεβρων	N-PRI	ELTERO_SZOVEGALAP
1Krón 2:43	G2532	και	CONJ	LXX_WH
1Krón 2:43	G5207	υιοι	N-NPM	LXX_WH
1Krón 2:43		χεβρων	N-PRI	ELTERO_SZOVEGALAP
1Krón 2:43	G2879	κορε	N-PRI	LXX_WH
1Krón 2:43	G2532	και	CONJ	LXX_WH
1Krón 2:43		θαπους	N-PRI	
1Krón 2:43	G2532	και	CONJ	LXX_WH
1Krón 2:43		ρεκομ	N-PRI	
1Krón 2:43	G2532	και	CONJ	LXX_WH
1Krón 2:43	G2532	σεμαα	N-PRI	ABP-potolt
1Krón 2:44	G2532	και	CONJ	LXX_WH
1Krón 2:44		σεμαα	N-PRI	ELTERO_SZOVEGALAP
1Krón 2:44	G1080	εγεννησεν	V-AAI-3S	LXX_WH
1Krón 2:44	G3588	τον	T-ASM	LXX_WH
1Krón 2:44		ραεμ	N-PRI	ELTERO_SZOVEGALAP
1Krón 2:44	G3962	πατερα	N-ASM	LXX_WH
1Krón 2:44		ιερκααν	N-PRI	ELTERO_SZOVEGALAP
1Krón 2:44	G2532	και	CONJ	LXX_WH
1Krón 2:44		ιερκααν	N-PRI	ELTERO_SZOVEGALAP
1Krón 2:44	G1080	εγεννησεν	V-AAI-3S	LXX_WH
1Krón 2:44	G3588	τον	T-ASM	LXX_WH
1Krón 2:44		σαμαι	N-PRI	ELTERO_SZOVEGALAP
1Krón 2:45	G2532	και	CONJ	LXX_WH
1Krón 2:45	G5207	υιος	N-NSM	LXX_WH
1Krón 2:45	G0846	αυτου	D-GSM	LXX_WH
1Krón 2:45		μαων	N-PRI	ELTERO_SZOVEGALAP
1Krón 2:45	G2532	και	CONJ	LXX_WH
1Krón 2:45		μαων	N-PRI	ELTERO_SZOVEGALAP
1Krón 2:45	G3962	πατηρ	N-NSM	LXX_WH
1Krón 2:45		βαιθσουρ	N-PRI	ELTERO_SZOVEGALAP
1Krón 2:46	G2532	και	CONJ	LXX_WH
1Krón 2:46	G1080	γαιφα	N-PRI	ABP-potolt
1Krón 2:46	G3588	η	T-NSF	LXX_WH
1Krón 2:46	G2532	παλλακη	N-NSF	ABP-potolt
1Krón 2:46	G2532	χαλεβ	N-PRI	ABP-potolt
1Krón 2:46	G1080	εγεννησεν	V-AAI-3S	LXX_WH
1Krón 2:46	G3588	τον	T-ASM	LXX_WH
1Krón 2:46		αρραν	N-PRI	ELTERO_SZOVEGALAP
1Krón 2:46	G2532	και	CONJ	LXX_WH
1Krón 2:46	G3588	τον	T-ASM	LXX_WH
1Krón 2:46		μωσα	N-PRI	ELTERO_SZOVEGALAP
1Krón 2:46	G2532	και	CONJ	LXX_WH
1Krón 2:46	G3588	τον	T-ASM	LXX_WH
1Krón 2:46		γεζουε	N-PRI	ELTERO_SZOVEGALAP
1Krón 2:46	G2532	και	CONJ	LXX_WH
1Krón 2:46		αρραν	N-PRI	ELTERO_SZOVEGALAP
1Krón 2:46	G1080	εγεννησεν	V-AAI-3S	LXX_WH
1Krón 2:46	G3588	τον	T-ASM	LXX_WH
1Krón 2:46		γεζουε	N-PRI	ELTERO_SZOVEGALAP
1Krón 2:47	G2532	και	CONJ	LXX_WH
1Krón 2:47	G5207	υιοι	N-NPM	LXX_WH
1Krón 2:47	G2532	ιαδαι	N-PRI	ABP-potolt
1Krón 2:47	G2532	ραγεμ	N-PRI	ABP-potolt
1Krón 2:47	G2532	και	CONJ	LXX_WH
1Krón 2:47	G2488	ιωαθαμ	N-PRI	LXX_WH
1Krón 2:47	G2532	και	CONJ	LXX_WH
1Krón 2:47		γηρσωμ	N-PRI	
1Krón 2:47	G2532	και	CONJ	LXX_WH
1Krón 2:47		φαλετ	N-PRI	
1Krón 2:47	G2532	και	CONJ	LXX_WH
1Krón 2:47		γαιφα	N-PRI	
1Krón 2:47	G2532	και	CONJ	LXX_WH
1Krón 2:47	G2532	σαγαφ	N-PRI	ABP-potolt
1Krón 2:48	G2532	και	CONJ	LXX_WH
1Krón 2:48	G3588	η	T-NSF	LXX_WH
1Krón 2:48	G3825	παλλακη	N-NSF	ABP-potolt
1Krón 2:48	G3825	χαλεβ	N-PRI	ABP-potolt
1Krón 2:48	G3825	μωχα	N-PRI	ABP-potolt
1Krón 2:48	G1080	εγεννησεν	V-AAI-3S	LXX_WH
1Krón 2:48	G3588	τον	T-ASM	LXX_WH
1Krón 2:48		σαβερ	N-PRI	
1Krón 2:48	G2532	και	CONJ	LXX_WH
1Krón 2:48	G3588	τον	T-ASM	LXX_WH
1Krón 2:48		θαρχνα	N-PRI	
1Krón 2:49	G2532	και	CONJ	LXX_WH
1Krón 2:49	G1080	εγεννησεν	V-AAI-3S	LXX_WH
1Krón 2:49		σαγαφ	N-PRI	
1Krón 2:49	G3962	πατερα	N-ASM	LXX_WH
1Krón 2:49		μαρμηνα	N-PRI	
1Krón 2:49	G2532	και	CONJ	LXX_WH
1Krón 2:49	G3588	τον	T-ASM	LXX_WH
1Krón 2:49		σαου	N-PRI	
1Krón 2:49	G3962	πατερα	N-ASM	LXX_WH
1Krón 2:49		μαχαβηνα	N-PRI	
1Krón 2:49	G2532	και	CONJ	LXX_WH
1Krón 2:49	G3962	πατερα	N-ASM	LXX_WH
1Krón 2:49		γαιβαα	N-PRI	
1Krón 2:49	G2532	και	CONJ	LXX_WH
1Krón 2:49	G2364	θυγατηρ	N-NSF	LXX_WH
1Krón 2:49		χαλεβ	N-PRI	
1Krón 2:49		ασχα	N-PRI	
1Krón 2:50	G3778	ουτοι	D-NPM	LXX_WH
1Krón 2:50	G1510	ησαν	V-IAI-3P	LXX_WH
1Krón 2:50	G5207	υιοι	N-NPM	LXX_WH
1Krón 2:50		χαλεβ	N-PRI	
1Krón 2:50	G5207	υιοι	N-NPM	LXX_WH
1Krón 2:50	G5207	ωρ	N-PRI	ABP-potolt
1Krón 2:50	G4416	πρωτοτοκου	A-GSM	LXX_WH
1Krón 2:50		εφραθα	N-PRI	
1Krón 2:50		σωβαλ	N-PRI	
1Krón 2:50	G3962	πατηρ	N-NSM	LXX_WH
1Krón 2:50		καριαθιαριμ	N-PRI	
1Krón 2:51	G3962	σαλωμων	N-PRI	ABP-potolt
1Krón 2:51	G3962	πατηρ	N-NSM	LXX_WH
1Krón 2:51		βαιθλαεμ	N-PRI	
1Krón 2:51		αριμ	N-PRI	
1Krón 2:51	G3962	πατηρ	N-NSM	LXX_WH
1Krón 2:51	G3962	βαιθγεδωρ	N-PRI	ABP-potolt
1Krón 2:52	G2532	και	CONJ	LXX_WH
1Krón 2:52	G1510	ησαν	V-IAI-3P	LXX_WH
1Krón 2:52	G5207	υιοι	N-NPM	LXX_WH
1Krón 2:52	G3588	τω	T-DSM	LXX_WH
1Krón 2:52		σωβαλ	N-PRI	
1Krón 2:52	G3962	πατρι	N-DSM	LXX_WH
1Krón 2:52		καριαθιαριμ	N-PRI	
1Krón 2:52		αραα	N-PRI	
1Krón 2:52		εσι	N-PRI	
1Krón 2:52		αμμανιθ	N-PRI	
1Krón 2:53	G2532	εμοσφεως	N-PRI	ABP-potolt
1Krón 2:53	G4172	πολις	N-NSF	LXX_WH
1Krón 2:53	G2532	ιαιρ	N-PRI	ABP-potolt
1Krón 2:53	G2532	αιθαλιμ	N-PRI	ABP-potolt
1Krón 2:53	G2532	και	CONJ	LXX_WH
1Krón 2:53		μιφιθιμ	N-PRI	
1Krón 2:53	G2532	και	CONJ	LXX_WH
1Krón 2:53		ησαμαθιμ	N-PRI	
1Krón 2:53	G2532	και	CONJ	LXX_WH
1Krón 2:53	G2532	ημασαραιμ	N-PRI	ABP-potolt
1Krón 2:53	G1537	εκ	PREP	LXX_WH
1Krón 2:53	G3778	τουτων	D-GPM	LXX_WH
1Krón 2:53	G1831	εξηλθοσαν	V-AAI-3P	LXX_WH
1Krón 2:53	G3588	οι	T-NPM	LXX_WH
1Krón 2:53		σαραθαιοι	N-NPM	
1Krón 2:53	G2532	και	CONJ	LXX_WH
1Krón 2:53	G3588	οι	T-NPM	LXX_WH
1Krón 2:53		εσθαωλαιοι	N-NPM	
1Krón 2:54	G5207	υιοι	N-NPM	LXX_WH
1Krón 2:54	G2532	σαλωμων	N-PRI	ABP-potolt
1Krón 2:54	G2532	βαιθλαεμ	N-PRI	ABP-potolt
1Krón 2:54	G2532	νετωφαθι	N-PRI	ABP-potolt
1Krón 2:54	G2532	αταρωθ	N-PRI	ABP-potolt
1Krón 2:54	G3624	οικου	N-GSM	LXX_WH
1Krón 2:54		ιωαβ	N-PRI	
1Krón 2:54	G2532	και	CONJ	LXX_WH
1Krón 2:54	G2255	ημισυ	A-ASN	ABP-potolt
1Krón 2:54	G3588	της	T-GSF	LXX_WH
1Krón 2:54	G3588	μαναθι	N-PRI	ABP-potolt
1Krón 2:54	G3588	ησαρει	N-PRI	ABP-potolt
1Krón 2:55	G3965	πατριαι	N-NPF	LXX_WH
1Krón 2:55	G1122	γραμματεων	N-GPM	LXX_WH
1Krón 2:55		κατοικουντες	V-PAPNP	
1Krón 2:55		ιαβες	N-PRI	
1Krón 2:55		θαργαθιιμ	N-PRI	
1Krón 2:55		σαμαθιιμ	N-PRI	
1Krón 2:55		σωκαθιιμ	N-PRI	
1Krón 2:55	G3778	ουτοι	D-NPM	LXX_WH
1Krón 2:55	G3588	οι	T-NPM	LXX_WH
1Krón 2:55		κιναιοι	N-NPM	
1Krón 2:55	G3588	οι	T-NPM	LXX_WH
1Krón 2:55	G2064	ελθοντες	V-AAPNP	LXX_WH
1Krón 2:55	G1537	εκ	PREP	LXX_WH
1Krón 2:55		μεσημα	N-PRI	
1Krón 2:55	G3962	πατρος	N-GSM	LXX_WH
1Krón 2:55	G3624	οικου	N-GSM	LXX_WH
1Krón 2:55		ρηχαβ	N-PRI	
1Krón 3:1	G2532	και	CONJ	LXX_WH
1Krón 3:1	G3778	ουτοι	D-NPM	LXX_WH
1Krón 3:1	G1510	ησαν	V-IAI-3P	LXX_WH
1Krón 3:1	G5207	υιοι	N-NPM	LXX_WH
1Krón 3:1		δαυιδ	N-PRI	ELTERO_SZOVEGALAP
1Krón 3:1	G3588	οι	T-NPM	LXX_WH
1Krón 3:1	G5088	τεχθεντες	V-APPNP	LXX_WH
1Krón 3:1	G0846	αυτω	D-DSM	LXX_WH
1Krón 3:1	G1722	εν	PREP	LXX_WH
1Krón 3:1		χεβρων	N-PRI	ELTERO_SZOVEGALAP
1Krón 3:1	G3588	ο	T-NSM	LXX_WH
1Krón 3:1	G4416	πρωτοτοκος	A-NSM	LXX_WH
1Krón 3:1	G3588	αμνων	N-PRI	ABP-potolt
1Krón 3:1	G3588	τη	T-DSF	LXX_WH
1Krón 3:1		αχινααμ	N-PRI	
1Krón 3:1	G3588	τη	T-DSF	LXX_WH
1Krón 3:1		ιεζραηλιτιδι	N-DSF	
1Krón 3:1	G3588	ο	T-NSM	LXX_WH
1Krón 3:1	G1208	δευτερος	A-NSM	LXX_WH
1Krón 3:1	G1158	δανιηλ	N-PRI	LXX_WH
1Krón 3:1	G3588	τη	T-DSF	LXX_WH
1Krón 3:1		αβιγαια	N-PRI	
1Krón 3:1	G3588	τη	T-DSF	LXX_WH
1Krón 3:1	G3588	καρμηλια	N-DSF	ABP-potolt
1Krón 3:2	G3588	ο	T-NSM	LXX_WH
1Krón 3:2	G5154	τριτος	A-NSM	LXX_WH
1Krón 3:2		αβεσσαλωμ	N-PRI	
1Krón 3:2	G5207	υιος	N-NSM	LXX_WH
1Krón 3:2		μωχα	N-PRI	
1Krón 3:2	G2364	θυγατρος	N-GSF	LXX_WH
1Krón 3:2		θολμαι	N-PRI	
1Krón 3:2	G0935	βασιλεως	N-GSM	LXX_WH
1Krón 3:2		γεδσουρ	N-PRI	
1Krón 3:2	G3588	ο	T-NSM	LXX_WH
1Krón 3:2	G5067	τεταρτος	A-NSM	LXX_WH
1Krón 3:2		αδωνια	N-PRI	
1Krón 3:2	G5207	υιος	N-NSM	LXX_WH
1Krón 3:2		αγγιθ	N-PRI	
1Krón 3:3	G3588	ο	T-NSM	LXX_WH
1Krón 3:3	G3991	πεμπτος	A-NSM	LXX_WH
1Krón 3:3	G3588	σαφατια	N-PRI	ABP-potolt
1Krón 3:3	G3588	της	T-GSF	LXX_WH
1Krón 3:3		αβιταλ	N-PRI	
1Krón 3:3	G3588	ο	T-NSM	LXX_WH
1Krón 3:3	G1622	εκτος	A-NSM	LXX_WH
1Krón 3:3		ιεθρααμ	N-PRI	ELTERO_SZOVEGALAP
1Krón 3:3	G3588	τη	T-DSF	LXX_WH
1Krón 3:3		αγλα	N-PRI	ELTERO_SZOVEGALAP
1Krón 3:3	G1135	γυναικι	N-DSF	LXX_WH
1Krón 3:3	G0846	αυτου	D-GSM	LXX_WH
1Krón 3:4	G1803	εξ	N-NUI	LXX_WH
1Krón 3:4	G1080	εγεννηθησαν	V-API-3P	LXX_WH
1Krón 3:4	G0846	αυτω	D-DSM	LXX_WH
1Krón 3:4	G1722	εν	PREP	LXX_WH
1Krón 3:4		χεβρων	N-PRI	ELTERO_SZOVEGALAP
1Krón 3:4	G2532	και	CONJ	LXX_WH
1Krón 3:4	G0936	εβασιλευσεν	V-AAI-3S	LXX_WH
1Krón 3:4	G1563	εκει	ADV	LXX_WH
1Krón 3:4	G2033	επτα	N-NUI	LXX_WH
1Krón 3:4	G2094	ετη	N-APN	LXX_WH
1Krón 3:4	G2532	και	CONJ	LXX_WH
1Krón 3:4		εξαμηνον	N-ASM	
1Krón 3:4	G2532	και	CONJ	LXX_WH
1Krón 3:4	G5144	τριακοντα	N-NUI	LXX_WH
1Krón 3:4	G2532	και	CONJ	LXX_WH
1Krón 3:4	G5140	τρια	A-ASM	LXX_WH
1Krón 3:4	G2094	ετη	N-APN	LXX_WH
1Krón 3:4	G0936	εβασιλευσεν	V-AAI-3S	LXX_WH
1Krón 3:4	G1722	εν	PREP	LXX_WH
1Krón 3:4	G2419	ιερουσαλημ	N-PRI	LXX_WH
1Krón 3:5	G2532	και	CONJ	LXX_WH
1Krón 3:5	G3778	ουτοι	D-NPM	LXX_WH
1Krón 3:5	G5088	ετεχθησαν	V-API-3P	LXX_WH
1Krón 3:5	G0846	αυτω	D-DSM	LXX_WH
1Krón 3:5	G1722	εν	PREP	LXX_WH
1Krón 3:5	G2419	ιερουσαλημ	N-PRI	LXX_WH
1Krón 3:5		σαμαα	N-PRI	ELTERO_SZOVEGALAP
1Krón 3:5		σωβαβ	N-PRI	ELTERO_SZOVEGALAP
1Krón 3:5	G3481	ναθαν	N-PRI	LXX_WH
1Krón 3:5	G2532	και	CONJ	LXX_WH
1Krón 3:5	G2532	σαλωμων	N-PRI	ABP-potolt
1Krón 3:5	G5064	τεσσαρες	A-NPM	LXX_WH
1Krón 3:5	G3588	τη	T-DSF	LXX_WH
1Krón 3:5		βηρσαβεε	N-PRI	ELTERO_SZOVEGALAP
1Krón 3:5	G2364	θυγατρι	N-DSF	LXX_WH
1Krón 3:5		αμιηλ	N-PRI	ELTERO_SZOVEGALAP
1Krón 3:6	G2532	και	CONJ	LXX_WH
1Krón 3:6	G2532	ιβααρ	N-PRI	ABP-potolt
1Krón 3:6	G2532	και	CONJ	LXX_WH
1Krón 3:6	G2532	ελισαμα	N-PRI	ABP-potolt
1Krón 3:6	G2532	και	CONJ	LXX_WH
1Krón 3:6	G2532	ελιφαλετ	N-PRI	ABP-potolt
1Krón 3:7	G2532	και	CONJ	LXX_WH
1Krón 3:7	G2532	ναγε	N-PRI	ABP-potolt
1Krón 3:7	G2532	και	CONJ	LXX_WH
1Krón 3:7	G2532	ναφαγ	N-PRI	ABP-potolt
1Krón 3:7	G2532	και	CONJ	LXX_WH
1Krón 3:7	G2532	ιανουε	N-PRI	ABP-potolt
1Krón 3:8	G2532	και	CONJ	LXX_WH
1Krón 3:8	G2532	ελισαμα	N-PRI	ABP-potolt
1Krón 3:8	G2532	και	CONJ	LXX_WH
1Krón 3:8	G2532	ελιαδα	N-PRI	ABP-potolt
1Krón 3:8	G2532	και	CONJ	LXX_WH
1Krón 3:8	G2532	ελιφαλετ	N-PRI	ABP-potolt
1Krón 3:8	G1767	εννεα	N-NUI	LXX_WH
1Krón 3:9	G3956	παντες	A-NPM	LXX_WH
1Krón 3:9	G5207	υιοι	N-NPM	LXX_WH
1Krón 3:9		δαυιδ	N-PRI	ELTERO_SZOVEGALAP
1Krón 3:9	G4133	πλην	ADV	LXX_WH
1Krón 3:9	G3588	των	T-GPM	LXX_WH
1Krón 3:9	G5207	υιων	N-GPM	LXX_WH
1Krón 3:9	G3588	των	T-GPF	LXX_WH
1Krón 3:9	G3825	παλλακων	N-GPF	ABP-potolt
1Krón 3:9	G2532	και	CONJ	LXX_WH
1Krón 3:9		θημαρ	N-PRI	ELTERO_SZOVEGALAP
1Krón 3:9	G0079	αδελφη	N-NSF	LXX_WH
1Krón 3:9	G0846	αυτων	D-GPM	LXX_WH
1Krón 3:10	G5207	υιοι	N-NPM	LXX_WH
1Krón 3:10		σαλωμων	N-PRI	ELTERO_SZOVEGALAP
1Krón 3:10		ροβοαμ	N-PRI	ELTERO_SZOVEGALAP
1Krón 3:10	G0007	αβια	N-PRI	LXX_WH
1Krón 3:10	G5207	υιος	N-NSM	LXX_WH
1Krón 3:10	G0846	αυτου	D-GSM	LXX_WH
1Krón 3:10	G0760	ασα	N-PRI	LXX_WH
1Krón 3:10	G5207	υιος	N-NSM	LXX_WH
1Krón 3:10	G0846	αυτου	D-GSM	LXX_WH
1Krón 3:10	G2498	ιωσαφατ	N-PRI	LXX_WH
1Krón 3:10	G5207	υιος	N-NSM	LXX_WH
1Krón 3:10	G0846	αυτου	D-GSM	LXX_WH
1Krón 3:11	G2496	ιωραμ	N-PRI	LXX_WH
1Krón 3:11	G5207	υιος	N-NSM	LXX_WH
1Krón 3:11	G0846	αυτου	D-GSM	LXX_WH
1Krón 3:11		οχοζια	N-PRI	ELTERO_SZOVEGALAP
1Krón 3:11	G5207	υιος	N-NSM	LXX_WH
1Krón 3:11	G0846	αυτου	D-GSM	LXX_WH
1Krón 3:11		ιωας	N-PRI	ELTERO_SZOVEGALAP
1Krón 3:11	G5207	υιος	N-NSM	LXX_WH
1Krón 3:11	G0846	αυτου	D-GSM	LXX_WH
1Krón 3:12	G5207	αμασιας	N-NSM	ABP-potolt
1Krón 3:12	G5207	υιος	N-NSM	LXX_WH
1Krón 3:12	G0846	αυτου	D-GSM	LXX_WH
1Krón 3:12		αζαρια	N-PRI	ELTERO_SZOVEGALAP
1Krón 3:12	G5207	υιος	N-NSM	LXX_WH
1Krón 3:12	G0846	αυτου	D-GSM	LXX_WH
1Krón 3:12		ιωαθαν	N-PRI	ELTERO_SZOVEGALAP
1Krón 3:12	G5207	υιος	N-NSM	LXX_WH
1Krón 3:12	G0846	αυτου	D-GSM	LXX_WH
1Krón 3:13	G0881	αχαζ	N-PRI	LXX_WH
1Krón 3:13	G5207	υιος	N-NSM	LXX_WH
1Krón 3:13	G0846	αυτου	D-GSM	LXX_WH
1Krón 3:13	G1478	εζεκιας	N-NSM	LXX_WH
1Krón 3:13	G5207	υιος	N-NSM	LXX_WH
1Krón 3:13	G0846	αυτου	D-GSM	LXX_WH
1Krón 3:13		μανασσης	N-NSM	ELTERO_SZOVEGALAP
1Krón 3:13	G5207	υιος	N-NSM	LXX_WH
1Krón 3:13	G0846	αυτου	D-GSM	LXX_WH
1Krón 3:14	G0300	αμων	N-PRI	LXX_WH
1Krón 3:14	G5207	υιος	N-NSM	LXX_WH
1Krón 3:14	G0846	αυτου	D-GSM	LXX_WH
1Krón 3:14		ιωσια	N-PRI	ELTERO_SZOVEGALAP
1Krón 3:14	G5207	υιος	N-NSM	LXX_WH
1Krón 3:14	G0846	αυτου	D-GSM	LXX_WH
1Krón 3:15	G2532	και	CONJ	LXX_WH
1Krón 3:15	G5207	υιοι	N-NPM	LXX_WH
1Krón 3:15		ιωσια	N-PRI	
1Krón 3:15	G4416	πρωτοτοκος	A-NSM	LXX_WH
1Krón 3:15		ιωαναν	N-PRI	
1Krón 3:15	G3588	ο	T-NSM	LXX_WH
1Krón 3:15	G1208	δευτερος	A-NSM	LXX_WH
1Krón 3:15		ιωακιμ	N-PRI	
1Krón 3:15	G3588	ο	T-NSM	LXX_WH
1Krón 3:15	G5154	τριτος	A-NSM	LXX_WH
1Krón 3:15		σεδεκια	N-PRI	
1Krón 3:15	G3588	ο	T-NSM	LXX_WH
1Krón 3:15	G5067	τεταρτος	A-NSM	LXX_WH
1Krón 3:15		σαλουμ	N-PRI	
1Krón 3:16	G2532	και	CONJ	LXX_WH
1Krón 3:16	G5207	υιοι	N-NPM	LXX_WH
1Krón 3:16		ιωακιμ	N-PRI	ELTERO_SZOVEGALAP
1Krón 3:16	G2423	ιεχονιας	N-PRI	LXX_WH
1Krón 3:16	G5207	υιος	N-NSM	LXX_WH
1Krón 3:16	G0846	αυτου	D-GSM	LXX_WH
1Krón 3:16		σεδεκιας	N-PRI	ELTERO_SZOVEGALAP
1Krón 3:16	G5207	υιος	N-NSM	LXX_WH
1Krón 3:16	G0846	αυτου	D-GSM	LXX_WH
1Krón 3:17	G2532	και	CONJ	LXX_WH
1Krón 3:17	G5207	υιοι	N-NPM	LXX_WH
1Krón 3:17		ιεχονιαασιρ	N-PRI	ELTERO_SZOVEGALAP
1Krón 3:17	G4528	σαλαθιηλ	N-PRI	LXX_WH
1Krón 3:17	G5207	υιος	N-NSM	LXX_WH
1Krón 3:17	G0846	αυτου	P-GSM	LXX_WH
1Krón 3:18	G2532	μελχιραμ	N-PRI	ABP-potolt
1Krón 3:18	G2532	και	CONJ	LXX_WH
1Krón 3:18	G2532	φαδαιας	N-PRI	ABP-potolt
1Krón 3:18	G2532	και	CONJ	LXX_WH
1Krón 3:18	G2532	σανεσαρ	N-PRI	ABP-potolt
1Krón 3:18	G2532	και	CONJ	LXX_WH
1Krón 3:18	G2532	ιεκεμια	N-PRI	ABP-potolt
1Krón 3:18	G2532	και	CONJ	LXX_WH
1Krón 3:18	G2532	ωσαμω	N-PRI	ABP-potolt
1Krón 3:18	G2532	και	CONJ	LXX_WH
1Krón 3:18	G2532	δενεθι	N-PRI	ABP-potolt
1Krón 3:19	G2532	και	CONJ	LXX_WH
1Krón 3:19	G5207	υιοι	N-NPM	LXX_WH
1Krón 3:19	G4528	σαλαθιηλ	N-PRI	LXX_WH
1Krón 3:19	G2216	ζοροβαβελ	N-PRI	LXX_WH
1Krón 3:19	G2532	και	CONJ	LXX_WH
1Krón 3:19	G4584	σεμει	N-PRI	LXX_WH
1Krón 3:19	G2532	και	CONJ	LXX_WH
1Krón 3:19	G5207	υιοι	N-NPM	LXX_WH
1Krón 3:19	G2216	ζοροβαβελ	N-PRI	LXX_WH
1Krón 3:19		μοσολλαμος	N-PRI	ELTERO_SZOVEGALAP
1Krón 3:19	G2532	και	CONJ	LXX_WH
1Krón 3:19	G5207	ανανια	N-PRI	ABP-potolt
1Krón 3:19	G2532	και	CONJ	LXX_WH
1Krón 3:19	G2532	σαλωμιθ	N-PRI	ABP-potolt
1Krón 3:19	G0079	αδελφη	N-NSF	LXX_WH
1Krón 3:19	G0846	αυτων	D-GPM	LXX_WH
1Krón 3:20	G2532	και	CONJ	LXX_WH
1Krón 3:20	G2532	ασουβε	N-PRI	ABP-potolt
1Krón 3:20	G2532	και	CONJ	LXX_WH
1Krón 3:20	G2532	οολ	N-PRI	ABP-potolt
1Krón 3:20	G2532	και	CONJ	LXX_WH
1Krón 3:20	G2532	βαραχια	N-PRI	ABP-potolt
1Krón 3:20	G2532	και	CONJ	LXX_WH
1Krón 3:20	G2532	ασαδια	N-PRI	ABP-potolt
1Krón 3:20	G2532	και	CONJ	LXX_WH
1Krón 3:20	G2532	ασοβαεσδ	N-PRI	ABP-potolt
1Krón 3:20	G4002	πεντε	N-NUI	LXX_WH
1Krón 3:21	G2532	και	CONJ	LXX_WH
1Krón 3:21	G5207	υιοι	N-NPM	LXX_WH
1Krón 3:21		ανανια	N-PRI	ELTERO_SZOVEGALAP
1Krón 3:21		φαλλετια	N-PRI	ELTERO_SZOVEGALAP
1Krón 3:21	G2532	και	CONJ	LXX_WH
1Krón 3:21	G5207	ισαια	N-PRI	ABP-potolt
1Krón 3:21	G5207	υιος	N-NSM	LXX_WH
1Krón 3:21	G0846	αυτου	D-GSM	LXX_WH
1Krón 3:21		ραφαια	N-PRI	ELTERO_SZOVEGALAP
1Krón 3:21	G5207	υιος	N-NSM	LXX_WH
1Krón 3:21	G0846	αυτου	D-GSM	LXX_WH
1Krón 3:21		ορνα	N-PRI	ELTERO_SZOVEGALAP
1Krón 3:21	G5207	υιος	N-NSM	LXX_WH
1Krón 3:21	G0846	αυτου	D-GSM	LXX_WH
1Krón 3:21		αβδια	N-PRI	ELTERO_SZOVEGALAP
1Krón 3:21	G5207	υιος	N-NSM	LXX_WH
1Krón 3:21	G0846	αυτου	D-GSM	LXX_WH
1Krón 3:21		σεχενια	N-PRI	ELTERO_SZOVEGALAP
1Krón 3:21	G5207	υιος	N-NSM	LXX_WH
1Krón 3:21	G0846	αυτου	D-GSM	LXX_WH
1Krón 3:22	G2532	και	CONJ	LXX_WH
1Krón 3:22	G5207	υιος	N-NSM	LXX_WH
1Krón 3:22	G2532	σεχενια	N-PRI	ABP-potolt
1Krón 3:22	G2532	σαμαια	N-PRI	ABP-potolt
1Krón 3:22	G2532	και	CONJ	LXX_WH
1Krón 3:22	G5207	υιοι	N-NPM	LXX_WH
1Krón 3:22	G2532	σαμαια	N-PRI	ABP-potolt
1Krón 3:22	G2532	χαττους	N-PRI	ABP-potolt
1Krón 3:22	G2532	και	CONJ	LXX_WH
1Krón 3:22	G2493	ιωηλ	N-PRI	LXX_WH
1Krón 3:22	G2532	και	CONJ	LXX_WH
1Krón 3:22		μαρι	N-PRI	
1Krón 3:22	G2532	και	CONJ	LXX_WH
1Krón 3:22		νωαδια	N-PRI	
1Krón 3:22	G2532	και	CONJ	LXX_WH
1Krón 3:22	G2532	σαφαθ	N-PRI	ABP-potolt
1Krón 3:22	G1803	εξ	N-NUI	LXX_WH
1Krón 3:23	G2532	και	CONJ	LXX_WH
1Krón 3:23	G5207	υιοι	N-NPM	LXX_WH
1Krón 3:23	G2532	νωαδια	N-PRI	ABP-potolt
1Krón 3:23	G2532	ελιθεναν	N-PRI	ABP-potolt
1Krón 3:23	G2532	και	CONJ	LXX_WH
1Krón 3:23	G5207	εζεκια	N-PRI	ABP-potolt
1Krón 3:23	G2532	και	CONJ	LXX_WH
1Krón 3:23	G2532	εζρικαμ	N-PRI	ABP-potolt
1Krón 3:23	G5140	τρεις	A-NPM	LXX_WH
1Krón 3:24	G2532	και	CONJ	LXX_WH
1Krón 3:24	G5207	υιοι	N-NPM	LXX_WH
1Krón 3:24	G2532	ελιθεναν	N-PRI	ABP-potolt
1Krón 3:24	G2532	οδουια	N-PRI	ABP-potolt
1Krón 3:24	G2532	και	CONJ	LXX_WH
1Krón 3:24		ελιασιβ	N-PRI	
1Krón 3:24	G2532	και	CONJ	LXX_WH
1Krón 3:24		φαλαια	N-PRI	
1Krón 3:24	G2532	και	CONJ	LXX_WH
1Krón 3:24		ακουν	N-PRI	
1Krón 3:24	G2532	και	CONJ	LXX_WH
1Krón 3:24		ιωαναν	N-PRI	
1Krón 3:24	G2532	και	CONJ	LXX_WH
1Krón 3:24		δαλαια	N-PRI	
1Krón 3:24	G2532	και	CONJ	LXX_WH
1Krón 3:24	G2532	ανανι	N-PRI	ABP-potolt
1Krón 3:24	G2033	επτα	N-NUI	LXX_WH
1Krón 4:1	G2532	και	CONJ	LXX_WH
1Krón 4:1	G5207	υιοι	N-NPM	LXX_WH
1Krón 4:1	G2448	ιουδα	N-PRI	LXX_WH
1Krón 4:1	G5329	φαρες	N-PRI	LXX_WH
1Krón 4:1		αρσων	N-PRI	ELTERO_SZOVEGALAP
1Krón 4:1	G2532	και	CONJ	LXX_WH
1Krón 4:1		χαρμι	N-PRI	ELTERO_SZOVEGALAP
1Krón 4:1	G2532	και	CONJ	LXX_WH
1Krón 4:1	G2532	ωρ	N-PRI	ABP-potolt
1Krón 4:1	G2532	σουβαλ	N-PRI	ABP-potolt
1Krón 4:2	G2532	και	CONJ	LXX_WH
1Krón 4:2		ραια	N-PRI	ELTERO_SZOVEGALAP
1Krón 4:2	G5207	υιος	N-NSM	LXX_WH
1Krón 4:2	G0846	αυτου	D-GSM	LXX_WH
1Krón 4:2	G2532	και	CONJ	LXX_WH
1Krón 4:2	G5207	σουβαλ	N-PRI	ABP-potolt
1Krón 4:2	G1080	εγεννησεν	V-AAI-3S	LXX_WH
1Krón 4:2	G3588	τον	T-ASM	LXX_WH
1Krón 4:2		ιεθ	N-PRI	ELTERO_SZOVEGALAP
1Krón 4:2	G2532	και	CONJ	LXX_WH
1Krón 4:2	G5207	ιεθ	N-PRI	ABP-potolt
1Krón 4:2	G1080	εγεννησεν	V-AAI-3S	LXX_WH
1Krón 4:2	G3588	τον	T-ASM	LXX_WH
1Krón 4:2		αχιμι	N-PRI	ELTERO_SZOVEGALAP
1Krón 4:2	G2532	και	CONJ	LXX_WH
1Krón 4:2	G3588	τον	T-ASM	LXX_WH
1Krón 4:2		λααδ	N-PRI	ELTERO_SZOVEGALAP
1Krón 4:2	G3778	αυται	D-NPF	LXX_WH
1Krón 4:2	G3588	αι	T-NPF	LXX_WH
1Krón 4:2	G1078	γενεσεις	N-NPF	LXX_WH
1Krón 4:2	G3588	του	T-GSM	LXX_WH
1Krón 4:2		σαραθι	N-PRI	ELTERO_SZOVEGALAP
1Krón 4:3	G2532	και	CONJ	LXX_WH
1Krón 4:3	G3778	ουτοι	D-NPM	LXX_WH
1Krón 4:3	G5207	υιοι	N-NPM	LXX_WH
1Krón 4:3	G2532	αιταμ	N-PRI	ABP-potolt
1Krón 4:3	G2532	ιεζραηλ	N-PRI	ABP-potolt
1Krón 4:3	G2532	και	CONJ	LXX_WH
1Krón 4:3	G2532	ραγμα	N-PRI	ABP-potolt
1Krón 4:3	G2532	και	CONJ	LXX_WH
1Krón 4:3	G2532	ιαβας	N-PRI	ABP-potolt
1Krón 4:3	G2532	και	CONJ	LXX_WH
1Krón 4:3	G3686	ονομα	N-NSN	LXX_WH
1Krón 4:3	G0079	αδελφης	N-GSF	LXX_WH
1Krón 4:3	G0846	αυτων	D-GPM	LXX_WH
1Krón 4:3		εσηλεββων	N-PRI	ELTERO_SZOVEGALAP
1Krón 4:4	G2532	και	CONJ	LXX_WH
1Krón 4:4	G5323	φανουηλ	N-PRI	LXX_WH
1Krón 4:4	G3962	πατηρ	N-NSM	LXX_WH
1Krón 4:4		γεδωρ	N-PRI	ELTERO_SZOVEGALAP
1Krón 4:4	G2532	και	CONJ	LXX_WH
1Krón 4:4		αζηρ	N-PRI	ELTERO_SZOVEGALAP
1Krón 4:4	G3962	πατηρ	N-NSM	LXX_WH
1Krón 4:4		ωσαν	N-PRI	ELTERO_SZOVEGALAP
1Krón 4:4	G3778	ουτοι	D-NPM	LXX_WH
1Krón 4:4	G5207	υιοι	N-NPM	LXX_WH
1Krón 4:4		ωρ	N-PRI	ELTERO_SZOVEGALAP
1Krón 4:4	G3588	του	T-GSM	LXX_WH
1Krón 4:4	G4416	πρωτοτοκου	A-GSM	LXX_WH
1Krón 4:4		εφραθα	N-PRI	ELTERO_SZOVEGALAP
1Krón 4:4	G3962	πατρος	N-GSM	LXX_WH
1Krón 4:4		βαιθλαεμ	N-PRI	ELTERO_SZOVEGALAP
1Krón 4:5	G2532	και	CONJ	LXX_WH
1Krón 4:5	G3588	τω	T-DSM	LXX_WH
1Krón 4:5		σαουρ	N-PRI	
1Krón 4:5	G3962	πατρι	N-DSM	LXX_WH
1Krón 4:5		θεκωε	N-PRI	
1Krón 4:5	G1510	ησαν	V-IAI-3P	LXX_WH
1Krón 4:5	G1417	δυο	N-NUI	LXX_WH
1Krón 4:5	G1135	γυναικες	N-NPF	LXX_WH
1Krón 4:5		αωδα	N-NSF	
1Krón 4:5	G2532	και	CONJ	LXX_WH
1Krón 4:5		θοαδα	N-PRI	
1Krón 4:6	G2532	και	CONJ	LXX_WH
1Krón 4:6	G5088	ετεκεν	V-AAI-3S	LXX_WH
1Krón 4:6	G0846	αυτω	D-DSM	LXX_WH
1Krón 4:6		αωδα	N-NSF	ELTERO_SZOVEGALAP
1Krón 4:6	G3588	τον	T-ASM	LXX_WH
1Krón 4:6		ωχαζαμ	N-PRI	ELTERO_SZOVEGALAP
1Krón 4:6	G2532	και	CONJ	LXX_WH
1Krón 4:6	G3588	τον	T-ASM	LXX_WH
1Krón 4:6		ηφαδ	N-PRI	ELTERO_SZOVEGALAP
1Krón 4:6	G2532	και	CONJ	LXX_WH
1Krón 4:6	G3588	τον	T-ASM	LXX_WH
1Krón 4:6		θαιμαν	N-PRI	ELTERO_SZOVEGALAP
1Krón 4:6	G2532	και	CONJ	LXX_WH
1Krón 4:6	G3588	τον	T-ASM	LXX_WH
1Krón 4:6		ασθηραν	N-PRI	ELTERO_SZOVEGALAP
1Krón 4:6	G3956	παντες	A-NPM	LXX_WH
1Krón 4:6	G3778	ουτοι	D-NPM	LXX_WH
1Krón 4:6	G5207	υιοι	N-NPM	LXX_WH
1Krón 4:6		αωδας	N-GSF	ELTERO_SZOVEGALAP
1Krón 4:7	G2532	και	CONJ	LXX_WH
1Krón 4:7	G5207	υιοι	N-NPM	LXX_WH
1Krón 4:7	G2532	θοαδα	N-PRI	ABP-potolt
1Krón 4:7	G2532	σαρεθ	N-PRI	ABP-potolt
1Krón 4:7	G2532	και	CONJ	LXX_WH
1Krón 4:7	G5207	σααρ	N-PRI	ABP-potolt
1Krón 4:7	G2532	και	CONJ	LXX_WH
1Krón 4:7	G2532	εθναν	N-PRI	ABP-potolt
1Krón 4:8	G2532	και	CONJ	LXX_WH
1Krón 4:8	G2972	κως	N-PRI	LXX_WH
1Krón 4:8	G1080	εγεννησεν	V-AAI-3S	LXX_WH
1Krón 4:8	G3588	τον	T-ASM	LXX_WH
1Krón 4:8		ενωβ	N-PRI	ELTERO_SZOVEGALAP
1Krón 4:8	G2532	και	CONJ	LXX_WH
1Krón 4:8	G3588	τον	T-ASM	LXX_WH
1Krón 4:8		σαβηβα	N-PRI	ELTERO_SZOVEGALAP
1Krón 4:8	G2532	και	CONJ	LXX_WH
1Krón 4:8	G1080	γεννησεις	V-FAI-2S	LXX_WH
1Krón 4:8	G0080	αδελφου	N-GSM	LXX_WH
1Krón 4:8		ρηχαβ	N-PRI	ELTERO_SZOVEGALAP
1Krón 4:8	G5207	υιου	N-GSM	LXX_WH
1Krón 4:8		ιαριμ	N-PRI	ELTERO_SZOVEGALAP
1Krón 4:9	G2532	και	CONJ	LXX_WH
1Krón 4:9	G1510	ην	V-IAI-3S	LXX_WH
1Krón 4:9	G1510	ιγαβης	N-PRI	ABP-potolt
1Krón 4:9	G1741	ενδοξος	A-NSM	LXX_WH
1Krón 4:9	G5228	υπερ	PREP	LXX_WH
1Krón 4:9	G3588	τους	T-APM	LXX_WH
1Krón 4:9	G0080	αδελφους	N-APM	LXX_WH
1Krón 4:9	G0846	αυτου	D-GSM	LXX_WH
1Krón 4:9	G2532	και	CONJ	LXX_WH
1Krón 4:9	G3588	η	T-NSF	LXX_WH
1Krón 4:9	G3384	μητηρ	N-NSF	LXX_WH
1Krón 4:9	G2564	εκαλεσεν	V-AAI-3S	LXX_WH
1Krón 4:9	G3588	το	T-ASN	LXX_WH
1Krón 4:9	G3686	ονομα	N-ASN	LXX_WH
1Krón 4:9	G0846	αυτου	D-GSM	LXX_WH
1Krón 4:9		ιγαβης	N-PRI	ELTERO_SZOVEGALAP
1Krón 4:9	G3004	λεγουσα	V-PAPNS	LXX_WH
1Krón 4:9	G5088	ετεκον	V-AAI-1S	LXX_WH
1Krón 4:9	G3739	ως	CONJ	LXX_WH
1Krón 4:9		γαβης	N-PRI	ELTERO_SZOVEGALAP
1Krón 4:10	G2532	και	CONJ	LXX_WH
1Krón 4:10	G4129	επεκαλεσατο	V-AMI-3S	ABP-potolt
1Krón 4:10	G4129	ιγαβης	N-PRI	ABP-potolt
1Krón 4:10	G3588	τον	T-ASM	LXX_WH
1Krón 4:10	G2316	θεον	N-ASM	LXX_WH
1Krón 4:10	G2474	ισραηλ	N-PRI	LXX_WH
1Krón 4:10	G3004	λεγων	V-PAPNS	LXX_WH
1Krón 4:10	G1437	εαν	CONJ	LXX_WH
1Krón 4:10	G2127	ευλογων	V-PAPNS	LXX_WH
1Krón 4:10	G2127	ευλογησης	V-AAS-2S	LXX_WH
1Krón 4:10	G1473	με	P-AS	LXX_WH
1Krón 4:10	G2532	και	CONJ	LXX_WH
1Krón 4:10	G4129	πληθυνης	V-PAS-2S	LXX_WH
1Krón 4:10	G3588	τα	T-APN	LXX_WH
1Krón 4:10	G3725	ορια	N-APN	LXX_WH
1Krón 4:10	G1473	μου	P-GS	LXX_WH
1Krón 4:10	G2532	και	CONJ	LXX_WH
1Krón 4:10	G1510	η	V-PAS-3S	LXX_WH
1Krón 4:10	G3588	η	T-NSF	LXX_WH
1Krón 4:10	G5495	χειρ	N-NSF	LXX_WH
1Krón 4:10	G4771	σου	P-GS	LXX_WH
1Krón 4:10	G3326	μετ	PREP	LXX_WH
1Krón 4:10	G1473	εμου	P-GS	LXX_WH
1Krón 4:10	G2532	και	CONJ	LXX_WH
1Krón 4:10	G4160	ποιησεις	V-FAI-2S	LXX_WH
1Krón 4:10	G1108	γνωσιν	N-ASF	LXX_WH
1Krón 4:10	G3588	του	T-GSN	LXX_WH
1Krón 4:10	G3165	μη	ADV	LXX_WH
1Krón 4:10	G5013	ταπεινωσαι	V-AAN	LXX_WH
1Krón 4:10	G1473	με	P-AS	LXX_WH
1Krón 4:10	G2532	και	CONJ	LXX_WH
1Krón 4:10	G4129	επηγαγεν	V-AAI-3S	ABP-potolt
1Krón 4:10	G3588	ο	T-NSM	LXX_WH
1Krón 4:10	G2316	θεος	N-NSM	LXX_WH
1Krón 4:10	G3956	παντα	A-APN	LXX_WH
1Krón 4:10	G3745	οσα	A-APN	LXX_WH
1Krón 4:10	G0154	ητησατο	V-AMI-3S	LXX_WH
1Krón 4:11	G2532	και	CONJ	LXX_WH
1Krón 4:11		χαλεβ	N-PRI	ELTERO_SZOVEGALAP
1Krón 4:11	G3962	πατηρ	N-NSM	LXX_WH
1Krón 4:11		ασχα	N-PRI	ELTERO_SZOVEGALAP
1Krón 4:11	G1080	εγεννησεν	V-AAI-3S	LXX_WH
1Krón 4:11	G3588	τον	T-ASM	LXX_WH
1Krón 4:11		μαχιρ	N-PRI	ELTERO_SZOVEGALAP
1Krón 4:11	G3778	ουτος	D-NSM	LXX_WH
1Krón 4:11	G3962	πατηρ	N-NSM	LXX_WH
1Krón 4:11		ασσαθων	N-PRI	ELTERO_SZOVEGALAP
1Krón 4:12	G2532	και	CONJ	LXX_WH
1Krón 4:12		ασσαθων	N-PRI	ELTERO_SZOVEGALAP
1Krón 4:12	G1080	εγεννησεν	V-AAI-3S	LXX_WH
1Krón 4:12	G3588	τον	T-ASM	LXX_WH
1Krón 4:12		βαθρεφαν	N-PRI	ELTERO_SZOVEGALAP
1Krón 4:12	G2532	και	CONJ	LXX_WH
1Krón 4:12	G3588	τον	T-ASM	LXX_WH
1Krón 4:12		φεσσηε	N-PRI	ELTERO_SZOVEGALAP
1Krón 4:12	G2532	και	CONJ	LXX_WH
1Krón 4:12	G3588	τον	T-ASM	LXX_WH
1Krón 4:12		θανα	N-PRI	ELTERO_SZOVEGALAP
1Krón 4:12	G3962	πατερα	N-ASM	LXX_WH
1Krón 4:12	G4172	πολεως	N-GSF	LXX_WH
1Krón 4:12		ναας	N-PRI	ELTERO_SZOVEGALAP
1Krón 4:12	G0080	αδελφου	N-GSM	LXX_WH
1Krón 4:12		εσελων	N-PRI	ELTERO_SZOVEGALAP
1Krón 4:12	G3588	του	T-GSM	LXX_WH
1Krón 4:12	G3962	κενεζι	N-PRI	ABP-potolt
1Krón 4:12	G3778	ουτοι	D-NPM	LXX_WH
1Krón 4:12	G0435	ανδρες	N-NPM	LXX_WH
1Krón 4:12		ρηφα	N-PRI	ELTERO_SZOVEGALAP
1Krón 4:13	G2532	και	CONJ	LXX_WH
1Krón 4:13	G5207	υιοι	N-NPM	LXX_WH
1Krón 4:13	G2532	κενεζ	N-PRI	ABP-potolt
1Krón 4:13	G2532	γοθονιηλ	N-PRI	ABP-potolt
1Krón 4:13	G2532	και	CONJ	LXX_WH
1Krón 4:13	G5207	σαραια	N-PRI	ABP-potolt
1Krón 4:13	G2532	και	CONJ	LXX_WH
1Krón 4:13	G5207	υιοι	N-NPM	LXX_WH
1Krón 4:13		γοθονιηλ	N-PRI	
1Krón 4:13		αθαθ	N-PRI	
1Krón 4:14	G2532	και	CONJ	LXX_WH
1Krón 4:14		μαναθι	N-PRI	ELTERO_SZOVEGALAP
1Krón 4:14	G1080	εγεννησεν	V-AAI-3S	LXX_WH
1Krón 4:14	G3588	τον	T-ASM	LXX_WH
1Krón 4:14		γοφερα	N-PRI	ELTERO_SZOVEGALAP
1Krón 4:14	G2532	και	CONJ	LXX_WH
1Krón 4:14		σαραια	N-PRI	ELTERO_SZOVEGALAP
1Krón 4:14	G1080	εγεννησεν	V-AAI-3S	LXX_WH
1Krón 4:14	G3588	τον	T-ASM	LXX_WH
1Krón 4:14		ιωαβ	N-PRI	ELTERO_SZOVEGALAP
1Krón 4:14	G3962	πατερα	N-ASM	LXX_WH
1Krón 4:14		αγεαδδαιρ	N-PRI	ELTERO_SZOVEGALAP
1Krón 4:14	G3754	οτι	CONJ	LXX_WH
1Krón 4:14	G5045	τεκτονες	N-NPM	LXX_WH
1Krón 4:14	G1510	ησαν	V-IAI-3P	LXX_WH
1Krón 4:15	G2532	και	CONJ	LXX_WH
1Krón 4:15	G5207	υιοι	N-NPM	LXX_WH
1Krón 4:15		χαλεβ	N-PRI	
1Krón 4:15	G5207	υιου	N-GSM	LXX_WH
1Krón 4:15		ιεφοννη	N-PRI	
1Krón 4:15		ηρα	N-PRI	
1Krón 4:15		αλα	N-PRI	
1Krón 4:15	G2532	και	CONJ	LXX_WH
1Krón 4:15		νοομ	N-PRI	
1Krón 4:15	G2532	και	CONJ	LXX_WH
1Krón 4:15	G5207	υιοι	N-NPM	LXX_WH
1Krón 4:15		αλα	N-PRI	
1Krón 4:15		κενεζ	N-PRI	
1Krón 4:16	G2532	και	CONJ	LXX_WH
1Krón 4:16	G5207	υιος	N-NSM	LXX_WH
1Krón 4:16	G0846	αυτου	D-GSM	LXX_WH
1Krón 4:16		γεσεηλ	N-PRI	ELTERO_SZOVEGALAP
1Krón 4:16		αμηαχι	N-PRI	ELTERO_SZOVEGALAP
1Krón 4:16	G2532	και	CONJ	LXX_WH
1Krón 4:16		ζαφα	N-PRI	
1Krón 4:16	G2532	και	CONJ	LXX_WH
1Krón 4:16		ζαιρα	N-PRI	
1Krón 4:16	G2532	και	CONJ	LXX_WH
1Krón 4:16	G2532	εσεραηλ	N-PRI	ABP-potolt
1Krón 4:17	G2532	και	CONJ	LXX_WH
1Krón 4:17	G5207	υιοι	N-NPM	LXX_WH
1Krón 4:17	G2532	εσρι	N-PRI	ABP-potolt
1Krón 4:17	G2532	ιεθερ	N-PRI	ABP-potolt
1Krón 4:17	G2532	μωραδ	N-PRI	ABP-potolt
1Krón 4:17	G2532	και	CONJ	LXX_WH
1Krón 4:17		αφερ	N-PRI	
1Krón 4:17	G2532	και	CONJ	LXX_WH
1Krón 4:17		ιαλων	N-PRI	
1Krón 4:17	G2532	και	CONJ	LXX_WH
1Krón 4:17	G1080	εγεννησεν	V-AAI-3S	LXX_WH
1Krón 4:17		ιεθερ	N-PRI	ELTERO_SZOVEGALAP
1Krón 4:17	G3588	τον	T-ASM	LXX_WH
1Krón 4:17	G2532	μαρων	N-PRI	ABP-potolt
1Krón 4:17	G2532	και	CONJ	LXX_WH
1Krón 4:17	G3588	τον	T-ASM	LXX_WH
1Krón 4:17	G2532	σεμαι	N-PRI	ABP-potolt
1Krón 4:17	G2532	και	CONJ	LXX_WH
1Krón 4:17	G3588	τον	T-ASM	LXX_WH
1Krón 4:17		μαρεθ	N-PRI	ELTERO_SZOVEGALAP
1Krón 4:17	G3962	πατερα	N-ASM	LXX_WH
1Krón 4:17		εσθεμων	N-PRI	ELTERO_SZOVEGALAP
1Krón 4:18	G2532	και	CONJ	LXX_WH
1Krón 4:18	G3588	η	T-NSF	LXX_WH
1Krón 4:18	G1135	γυνη	N-NSF	LXX_WH
1Krón 4:18	G0846	αυτου	D-GSM	LXX_WH
1Krón 4:18	G3778	αυτη	D-NSF	LXX_WH
1Krón 4:18		αδια	N-PRI	ELTERO_SZOVEGALAP
1Krón 4:18	G5088	ετεκεν	V-AAI-3S	LXX_WH
1Krón 4:18	G3588	τον	T-ASM	LXX_WH
1Krón 4:18	G2391	ιαρεδ	N-PRI	LXX_WH
1Krón 4:18	G3962	πατερα	N-ASM	LXX_WH
1Krón 4:18		γεδωρ	N-PRI	ELTERO_SZOVEGALAP
1Krón 4:18	G2532	και	CONJ	LXX_WH
1Krón 4:18	G3588	τον	T-ASM	LXX_WH
1Krón 4:18		αβερ	N-PRI	ELTERO_SZOVEGALAP
1Krón 4:18	G3962	πατερα	N-ASM	LXX_WH
1Krón 4:18		σωχων	N-PRI	ELTERO_SZOVEGALAP
1Krón 4:18	G2532	και	CONJ	LXX_WH
1Krón 4:18	G3588	τον	T-ASM	LXX_WH
1Krón 4:18		ιεκθιηλ	N-PRI	ELTERO_SZOVEGALAP
1Krón 4:18	G3962	πατερα	N-ASM	LXX_WH
1Krón 4:18		ζανω	N-PRI	ELTERO_SZOVEGALAP
1Krón 4:18	G2532	και	CONJ	LXX_WH
1Krón 4:18	G3778	ουτοι	D-NPM	LXX_WH
1Krón 4:18	G5207	υιοι	N-NPM	LXX_WH
1Krón 4:18		γελια	N-PRI	ELTERO_SZOVEGALAP
1Krón 4:18	G2364	θυγατρος	N-GSF	LXX_WH
1Krón 4:18	G5328	φαραω	N-PRI	LXX_WH
1Krón 4:18	G3739	ην	R-ASF	LXX_WH
1Krón 4:18	G2983	ελαβεν	V-AAI-3S	LXX_WH
1Krón 4:18	G2983	μωρηδ	N-PRI	ABP-potolt
1Krón 4:19	G2532	και	CONJ	LXX_WH
1Krón 4:19	G5207	υιοι	N-NPM	LXX_WH
1Krón 4:19	G1135	γυναικος	N-GSF	LXX_WH
1Krón 4:19	G3588	της	T-GSF	LXX_WH
1Krón 4:19		ιδουιας	N-PRI	ELTERO_SZOVEGALAP
1Krón 4:19	G0079	αδελφης	N-GSF	LXX_WH
1Krón 4:19		ναχεμ	N-PRI	ELTERO_SZOVEGALAP
1Krón 4:19	G2532	και	CONJ	LXX_WH
1Krón 4:19		δαλια	N-PRI	ELTERO_SZOVEGALAP
1Krón 4:19	G3962	πατηρ	N-NSM	LXX_WH
1Krón 4:19	G3588	κειλα	N-PRI	ABP-potolt
1Krón 4:19	G2532	και	CONJ	LXX_WH
1Krón 4:19	G4592	σεμειων	N-PRI	LXX_WH
1Krón 4:19	G3962	πατηρ	N-NSM	LXX_WH
1Krón 4:19	G3588	ιωμαν	N-PRI	ABP-potolt
1Krón 4:19	G2532	και	CONJ	LXX_WH
1Krón 4:19	G5207	υιοι	N-NPM	LXX_WH
1Krón 4:19		ναημ	N-PRI	ELTERO_SZOVEGALAP
1Krón 4:19	G3962	πατρος	N-GSM	LXX_WH
1Krón 4:19	G3588	κειλα	N-PRI	ABP-potolt
1Krón 4:19	G3588	αγαρμι	N-PRI	ABP-potolt
1Krón 4:19	G2532	και	CONJ	LXX_WH
1Krón 4:19	G3588	εσθεμωη	N-PRI	ABP-potolt
1Krón 4:19	G3588	μαχαθι	N-PRI	ABP-potolt
1Krón 4:20	G2532	και	CONJ	LXX_WH
1Krón 4:20	G5207	υιοι	N-NPM	LXX_WH
1Krón 4:20	G2532	σεμιων	N-PRI	ABP-potolt
1Krón 4:20	G2532	αμνων	N-PRI	ABP-potolt
1Krón 4:20	G2532	και	CONJ	LXX_WH
1Krón 4:20		ρανα	N-PRI	
1Krón 4:20	G5207	υιος	N-NSM	LXX_WH
1Krón 4:20	G2532	αναν	N-PRI	ABP-potolt
1Krón 4:20	G2532	και	CONJ	LXX_WH
1Krón 4:20	G5207	θιλων	N-PRI	ABP-potolt
1Krón 4:20	G2532	και	CONJ	LXX_WH
1Krón 4:20	G5207	υιοι	N-NPM	LXX_WH
1Krón 4:20	G2532	ισει	N-PRI	ABP-potolt
1Krón 4:20	G2532	ζωαθ	N-PRI	ABP-potolt
1Krón 4:20	G2532	και	CONJ	LXX_WH
1Krón 4:20	G5207	υιοι	N-NPM	LXX_WH
1Krón 4:20	G5207	ζωαθ	N-PRI	ABP-potolt
1Krón 4:21	G5207	υιοι	N-NPM	LXX_WH
1Krón 4:21		σηλωμ	N-PRI	ELTERO_SZOVEGALAP
1Krón 4:21	G5207	υιου	N-GSM	LXX_WH
1Krón 4:21	G2448	ιουδα	N-PRI	LXX_WH
1Krón 4:21	G2262	ηρ	N-PRI	LXX_WH
1Krón 4:21	G3962	πατηρ	N-NSM	LXX_WH
1Krón 4:21		ληχα	N-PRI	ELTERO_SZOVEGALAP
1Krón 4:21	G2532	και	CONJ	LXX_WH
1Krón 4:21		λααδα	N-PRI	ELTERO_SZOVEGALAP
1Krón 4:21	G3962	πατηρ	N-NSM	LXX_WH
1Krón 4:21		μαρησα	N-PRI	ELTERO_SZOVEGALAP
1Krón 4:21	G2532	και	CONJ	LXX_WH
1Krón 4:21	G1078	γενεσεις	N-NPF	LXX_WH
1Krón 4:21	G3614	οικιων	N-GPF	LXX_WH
1Krón 4:21		εφραθ	N-PRI	ELTERO_SZOVEGALAP
1Krón 4:21		αβακ	N-PRI	ELTERO_SZOVEGALAP
1Krón 4:21	G3588	τω	T-DSM	LXX_WH
1Krón 4:21	G3624	οικω	N-DSM	LXX_WH
1Krón 4:21		εσοβα	N-PRI	ELTERO_SZOVEGALAP
1Krón 4:22	G2532	και	CONJ	LXX_WH
1Krón 4:22	G0435	ιωακιμ	N-PRI	ABP-potolt
1Krón 4:22	G2532	και	CONJ	LXX_WH
1Krón 4:22	G0435	ανδρες	N-NPM	LXX_WH
1Krón 4:22	G2532	χωζηβα	N-PRI	ABP-potolt
1Krón 4:22	G2532	και	CONJ	LXX_WH
1Krón 4:22	G0435	ιωας	N-PRI	ABP-potolt
1Krón 4:22	G2532	και	CONJ	LXX_WH
1Krón 4:22	G2532	σαραφ	N-PRI	ABP-potolt
1Krón 4:22	G3739	οι	R-NPM	LXX_WH
1Krón 4:22	G1850	κατωκησαν	V-AAI-3P	ABP-potolt
1Krón 4:22	G1722	εν	PREP	LXX_WH
1Krón 4:22		μωαβ	N-PRI	ELTERO_SZOVEGALAP
1Krón 4:22	G2532	και	CONJ	LXX_WH
1Krón 4:22	G0654	απεστρεψεν	V-AAI-3S	LXX_WH
1Krón 4:22	G0846	αυτους	D-APM	LXX_WH
1Krón 4:22		αβεδηριν	N-PRI	ELTERO_SZOVEGALAP
1Krón 4:22		αθουκιιν	N-PRI	ELTERO_SZOVEGALAP
1Krón 4:23	G3778	ουτοι	D-NPM	LXX_WH
1Krón 4:23	G2763	κεραμεις	N-NPM	LXX_WH
1Krón 4:23	G3588	οι	T-NPM	LXX_WH
1Krón 4:23		κατοικουντες	V-PAPNP	
1Krón 4:23	G1722	εν	PREP	LXX_WH
1Krón 4:23		ναταιμ	N-PRI	ELTERO_SZOVEGALAP
1Krón 4:23	G2532	και	CONJ	LXX_WH
1Krón 4:23		γαδηρα	N-PRI	ELTERO_SZOVEGALAP
1Krón 4:23	G3326	μετα	PREP	LXX_WH
1Krón 4:23	G3588	του	T-GSM	LXX_WH
1Krón 4:23	G0935	βασιλεως	N-GSM	LXX_WH
1Krón 4:23	G1722	εν	PREP	LXX_WH
1Krón 4:23	G3588	τη	T-DSF	LXX_WH
1Krón 4:23	G0932	βασιλεια	N-DSF	LXX_WH
1Krón 4:23	G0846	αυτου	D-GSM	LXX_WH
1Krón 4:23	G1765	ενισχυσαν	V-AAPAS	LXX_WH
1Krón 4:23	G2532	και	CONJ	LXX_WH
1Krón 4:23	G2730	κατωκησαν	V-AAI-3P	ABP-potolt
1Krón 4:23	G1563	εκει	ADV	LXX_WH
1Krón 4:24	G5207	υιοι	N-NPM	LXX_WH
1Krón 4:24	G4826	συμεων	N-PRI	LXX_WH
1Krón 4:24		ναμουηλ	N-PRI	ELTERO_SZOVEGALAP
1Krón 4:24	G2532	και	CONJ	LXX_WH
1Krón 4:24		ιαμιν	N-PRI	ELTERO_SZOVEGALAP
1Krón 4:24		ιαριβ	N-PRI	ELTERO_SZOVEGALAP
1Krón 4:24		ζαρε	N-PRI	ELTERO_SZOVEGALAP
1Krón 4:24	G4549	σαουλ	N-PRI	LXX_WH
1Krón 4:25	G4532	σαλεμ	N-PRI	LXX_WH
1Krón 4:25	G5207	υιος	N-NSM	LXX_WH
1Krón 4:25	G0846	αυτου	D-GSM	LXX_WH
1Krón 4:25		μαβασαμ	N-PRI	ELTERO_SZOVEGALAP
1Krón 4:25	G5207	υιος	N-NSM	LXX_WH
1Krón 4:25	G0846	αυτου	D-GSM	LXX_WH
1Krón 4:25		μασμα	N-PRI	ELTERO_SZOVEGALAP
1Krón 4:25	G5207	υιος	N-NSM	LXX_WH
1Krón 4:25	G0846	αυτου	D-GSM	LXX_WH
1Krón 4:26	G5207	αμουηλ	N-PRI	ABP-potolt
1Krón 4:26	G5207	υιος	N-NSM	LXX_WH
1Krón 4:26	G0846	αυτου	D-GSM	LXX_WH
1Krón 4:26		σαβουδ	N-PRI	ELTERO_SZOVEGALAP
1Krón 4:26	G5207	υιος	N-NSM	LXX_WH
1Krón 4:26	G0846	αυτου	D-GSM	LXX_WH
1Krón 4:26		ζακχουρ	N-PRI	ELTERO_SZOVEGALAP
1Krón 4:26	G5207	υιος	N-NSM	LXX_WH
1Krón 4:26	G0846	αυτου	D-GSM	LXX_WH
1Krón 4:26	G4584	σεμει	N-PRI	LXX_WH
1Krón 4:26	G5207	υιος	N-NSM	LXX_WH
1Krón 4:26	G0846	αυτου	D-GSM	LXX_WH
1Krón 4:27	G2532	και	CONJ	LXX_WH
1Krón 4:27	G3588	τω	T-DSM	LXX_WH
1Krón 4:27	G4584	σεμει	N-PRI	LXX_WH
1Krón 4:27	G5207	υιοι	N-NPM	LXX_WH
1Krón 4:27		εκκαιδεκα	N-NUI	
1Krón 4:27	G2532	και	CONJ	LXX_WH
1Krón 4:27	G2364	θυγατερες	N-NPF	LXX_WH
1Krón 4:27	G5140	τρεις	A-NPM	LXX_WH
1Krón 4:27	G2532	και	CONJ	LXX_WH
1Krón 4:27	G3588	τοις	T-DPM	LXX_WH
1Krón 4:27	G0080	αδελφοις	N-DPM	LXX_WH
1Krón 4:27	G0846	αυτων	D-GPM	LXX_WH
1Krón 4:27	G3364	ουκ	ADV	LXX_WH
1Krón 4:27	G1510	ησαν	V-IAI-3P	LXX_WH
1Krón 4:27	G5207	υιοι	N-NPM	LXX_WH
1Krón 4:27	G4183	πολλοι	A-NPM	LXX_WH
1Krón 4:27	G2532	και	CONJ	LXX_WH
1Krón 4:27	G3956	πασαι	A-NPF	LXX_WH
1Krón 4:27	G3588	αι	T-NPF	LXX_WH
1Krón 4:27	G3965	πατριαι	N-NPF	LXX_WH
1Krón 4:27	G0846	αυτων	D-GPM	LXX_WH
1Krón 4:27	G3364	ουκ	ADV	LXX_WH
1Krón 4:27	G4121	επλεονασαν	V-AAI-3P	LXX_WH
1Krón 4:27	G3739	ως	CONJ	LXX_WH
1Krón 4:27	G5207	υιοι	N-NPM	LXX_WH
1Krón 4:27	G2448	ιουδα	N-PRI	LXX_WH
1Krón 4:28	G2532	και	CONJ	LXX_WH
1Krón 4:28	G2730	κατωκησαν	V-AAI-3P	ABP-potolt
1Krón 4:28	G1722	εν	PREP	LXX_WH
1Krón 4:28	G2532	βηρσαβεε	N-PRI	ABP-potolt
1Krón 4:28	G2532	και	CONJ	LXX_WH
1Krón 4:28		σαμα	N-PRI	ELTERO_SZOVEGALAP
1Krón 4:28	G2532	και	CONJ	LXX_WH
1Krón 4:28		μωλαδα	N-PRI	ELTERO_SZOVEGALAP
1Krón 4:28	G2532	και	CONJ	LXX_WH
1Krón 4:28	G2532	εσηρσουαλ	N-PRI	ABP-potolt
1Krón 4:29	G2532	και	CONJ	LXX_WH
1Krón 4:29	G1722	εν	PREP	LXX_WH
1Krón 4:29		βαλαα	N-PRI	
1Krón 4:29	G2532	και	CONJ	LXX_WH
1Krón 4:29	G1722	βοασομ	N-PRI	ABP-potolt
1Krón 4:29	G2532	και	CONJ	LXX_WH
1Krón 4:29	G1722	θουλαδ	N-PRI	ABP-potolt
1Krón 4:30	G2532	και	CONJ	LXX_WH
1Krón 4:30	G1722	βαθουηλ	N-PRI	ABP-potolt
1Krón 4:30	G2532	και	CONJ	LXX_WH
1Krón 4:30	G1722	ερμα	N-PRI	ABP-potolt
1Krón 4:30	G2532	και	CONJ	LXX_WH
1Krón 4:30	G1722	σεκλαγ	N-PRI	ABP-potolt
1Krón 4:31	G2532	και	CONJ	LXX_WH
1Krón 4:31	G1722	βαιθμαρχαβωθ	N-PRI	ABP-potolt
1Krón 4:31	G2532	και	CONJ	LXX_WH
1Krón 4:31	G1722	ημισυ	A-ASN	ABP-potolt
1Krón 4:31	G1722	σωσιμ	N-PRI	ABP-potolt
1Krón 4:31	G2532	και	CONJ	LXX_WH
1Krón 4:31	G3624	οικον	N-ASM	LXX_WH
1Krón 4:31		βαρουμσεωριμ	N-PRI	ELTERO_SZOVEGALAP
1Krón 4:31	G3778	αυται	D-NPF	LXX_WH
1Krón 4:31	G4172	πολεις	N-NPF	LXX_WH
1Krón 4:31	G0846	αυτων	D-GPM	LXX_WH
1Krón 4:31	G2193	εως	PREP	LXX_WH
1Krón 4:31	G0935	βασιλεως	N-GSM	LXX_WH
1Krón 4:31		δαυιδ	N-PRI	ELTERO_SZOVEGALAP
1Krón 4:32	G2532	και	CONJ	LXX_WH
1Krón 4:32	G1886	επαυλεις	N-NPF	LXX_WH
1Krón 4:32	G0846	αυτων	D-GPM	LXX_WH
1Krón 4:32		αιταμ	N-PRI	ELTERO_SZOVEGALAP
1Krón 4:32	G2532	και	CONJ	LXX_WH
1Krón 4:32		ηνρεμμων	N-PRI	
1Krón 4:32	G2532	και	CONJ	LXX_WH
1Krón 4:32		θοκκαν	N-PRI	
1Krón 4:32	G2532	και	CONJ	LXX_WH
1Krón 4:32	G2532	αισαν	N-PRI	ABP-potolt
1Krón 4:32	G4172	πολεις	N-NPF	LXX_WH
1Krón 4:32	G4002	πεντε	N-NUI	LXX_WH
1Krón 4:33	G2532	και	CONJ	LXX_WH
1Krón 4:33	G3956	πασαι	A-NPF	LXX_WH
1Krón 4:33	G3588	αι	T-NPF	LXX_WH
1Krón 4:33	G1886	επαυλεις	N-NPF	LXX_WH
1Krón 4:33	G0846	αυτων	D-GPM	LXX_WH
1Krón 4:33		κυκλω	N-DSM	ELTERO_SZOVEGALAP
1Krón 4:33	G3588	των	T-GPF	LXX_WH
1Krón 4:33	G4172	πολεων	N-GPF	LXX_WH
1Krón 4:33	G3778	τουτων	D-GPF	LXX_WH
1Krón 4:33	G2193	εως	PREP	LXX_WH
1Krón 4:33	G0896	βααλ	N-PRI	LXX_WH
1Krón 4:33	G3778	αυτη	D-NSF	LXX_WH
1Krón 4:33	G3588	η	T-NSF	LXX_WH
1Krón 4:33	G2697	κατασχεσις	N-NSF	LXX_WH
1Krón 4:33	G0846	αυτων	D-GPF	LXX_WH
1Krón 4:33	G2532	και	CONJ	LXX_WH
1Krón 4:33	G3588	ο	T-NSM	LXX_WH
1Krón 4:33		καταλοχισμος	N-NSM	ELTERO_SZOVEGALAP
1Krón 4:33	G0846	αυτων	D-GPM	LXX_WH
1Krón 4:34	G2532	και	CONJ	LXX_WH
1Krón 4:34	G2532	μοσωβαβ	N-PRI	ABP-potolt
1Krón 4:34	G2532	και	CONJ	LXX_WH
1Krón 4:34	G2532	ιεμολοχ	N-PRI	ABP-potolt
1Krón 4:34	G2532	και	CONJ	LXX_WH
1Krón 4:34	G2532	ιωσια	N-PRI	ABP-potolt
1Krón 4:34	G5207	υιος	N-NSM	LXX_WH
1Krón 4:34		αμασια	N-PRI	
1Krón 4:35	G2532	και	CONJ	LXX_WH
1Krón 4:35	G2493	ιωηλ	N-PRI	LXX_WH
1Krón 4:35	G2532	και	CONJ	LXX_WH
1Krón 4:35	G3778	ουτος	D-NSM	LXX_WH
1Krón 4:35	G5207	υιος	N-NSM	LXX_WH
1Krón 4:35	G5207	ισαβια	N-PRI	ABP-potolt
1Krón 4:35	G5207	υιος	N-NSM	LXX_WH
1Krón 4:35	G5207	σαραια	N-PRI	ABP-potolt
1Krón 4:35	G5207	υιος	N-NSM	LXX_WH
1Krón 4:35	G5207	ασιηλ	N-PRI	ABP-potolt
1Krón 4:36	G2532	και	CONJ	LXX_WH
1Krón 4:36	G2532	ελιωηναι	N-PRI	ABP-potolt
1Krón 4:36	G2532	και	CONJ	LXX_WH
1Krón 4:36	G2532	ιακαβα	N-PRI	ABP-potolt
1Krón 4:36	G2532	και	CONJ	LXX_WH
1Krón 4:36	G2532	ιασουια	N-PRI	ABP-potolt
1Krón 4:36	G2532	και	CONJ	LXX_WH
1Krón 4:36	G2532	ασαια	N-PRI	ABP-potolt
1Krón 4:36	G2532	και	CONJ	LXX_WH
1Krón 4:36	G2532	εδιηλ	N-PRI	ABP-potolt
1Krón 4:36	G2532	και	CONJ	LXX_WH
1Krón 4:36	G2532	ισμαηλ	N-PRI	ABP-potolt
1Krón 4:36	G2532	και	CONJ	LXX_WH
1Krón 4:36	G2532	βαναια	N-PRI	ABP-potolt
1Krón 4:37	G2532	και	CONJ	LXX_WH
1Krón 4:37	G5207	ζουζα	N-PRI	ABP-potolt
1Krón 4:37	G5207	υιος	N-NSM	LXX_WH
1Krón 4:37	G5207	σεφει	N-PRI	ABP-potolt
1Krón 4:37	G5207	υιου	N-GSM	LXX_WH
1Krón 4:37	G5207	αλλων	N-PRI	ABP-potolt
1Krón 4:37	G5207	υιου	N-GSM	LXX_WH
1Krón 4:37	G5207	ιεδια	N-PRI	ABP-potolt
1Krón 4:37	G5207	υιου	N-GSM	LXX_WH
1Krón 4:37	G5207	σαμαρι	N-PRI	ABP-potolt
1Krón 4:37	G5207	υιου	N-GSM	LXX_WH
1Krón 4:37	G5207	σαμαιου	N-GSM	ABP-potolt
1Krón 4:38	G3778	ουτοι	D-NPM	LXX_WH
1Krón 4:38	G3588	οι	T-NPM	LXX_WH
1Krón 4:38	G1330	διελθοντες	V-AAPNP	LXX_WH
1Krón 4:38	G1722	εν	PREP	LXX_WH
1Krón 4:38	G3686	ονομασιν	N-DPN	LXX_WH
1Krón 4:38	G0758	αρχοντων	N-GPM	LXX_WH
1Krón 4:38	G1722	εν	PREP	LXX_WH
1Krón 4:38	G3588	ταις	T-DPF	LXX_WH
1Krón 4:38	G1078	γενεσεσιν	N-DPF	LXX_WH
1Krón 4:38	G0846	αυτων	D-GPM	LXX_WH
1Krón 4:38	G2532	και	CONJ	LXX_WH
1Krón 4:38	G1722	εν	PREP	LXX_WH
1Krón 4:38	G3624	οικοις	N-DPM	LXX_WH
1Krón 4:38	G3965	πατριων	N-GPF	LXX_WH
1Krón 4:38	G0846	αυτων	D-GPM	LXX_WH
1Krón 4:38	G4129	επληθυνθησαν	V-API-3P	LXX_WH
1Krón 4:38	G1519	εις	PREP	LXX_WH
1Krón 4:38	G4128	πληθος	N-ASN	LXX_WH
1Krón 4:39	G2532	και	CONJ	LXX_WH
1Krón 4:39	G4198	επορευθησαν	V-API-3P	LXX_WH
1Krón 4:39	G2193	εως	PREP	LXX_WH
1Krón 4:39	G3588	του	T-GSN	LXX_WH
1Krón 4:39	G2064	ελθειν	V-AAN	LXX_WH
1Krón 4:39	G1519	γεραρα	N-PRI	ABP-potolt
1Krón 4:39	G2193	εως	PREP	LXX_WH
1Krón 4:39	G3588	των	T-GPF	LXX_WH
1Krón 4:39	G0395	ανατολων	N-GPF	LXX_WH
1Krón 4:39	G3588	της	T-GSF	LXX_WH
1Krón 4:39	G5327	γαι	N-PRI	ABP-potolt
1Krón 4:39	G3588	του	T-GSN	LXX_WH
1Krón 4:39	G2212	ζητησαι	V-AAN	LXX_WH
1Krón 4:39	G3542	νομας	N-APF	LXX_WH
1Krón 4:39	G3588	τοις	T-DPN	LXX_WH
1Krón 4:39	G2934	κτηνεσιν	N-DPN	LXX_WH
1Krón 4:39	G0846	αυτων	D-GPF	LXX_WH
1Krón 4:40	G2532	και	CONJ	LXX_WH
1Krón 4:40	G2147	ευρον	V-AAI-3P	LXX_WH
1Krón 4:40	G3542	νομας	N-APF	LXX_WH
1Krón 4:40	G4104	πιονας	A-APF	ABP-potolt
1Krón 4:40	G2532	και	CONJ	LXX_WH
1Krón 4:40	G0018	αγαθας	A-APF	LXX_WH
1Krón 4:40	G2532	και	CONJ	LXX_WH
1Krón 4:40	G3588	η	T-NSF	LXX_WH
1Krón 4:40	G1065	γη	N-NSF	LXX_WH
1Krón 4:40	G4113	πλατεια	N-NSF	LXX_WH
1Krón 4:40	G1726	εναντιον	PREP	LXX_WH
1Krón 4:40	G0846	αυτων	D-GPM	LXX_WH
1Krón 4:40	G2532	και	CONJ	LXX_WH
1Krón 4:40	G1515	ειρηνη	N-NSF	LXX_WH
1Krón 4:40	G2532	και	CONJ	LXX_WH
1Krón 4:40	G2271	ησυχια	N-NSF	LXX_WH
1Krón 4:40	G3754	οτι	CONJ	LXX_WH
1Krón 4:40	G1537	εκ	PREP	LXX_WH
1Krón 4:40	G3588	των	T-GPM	LXX_WH
1Krón 4:40	G5207	υιων	N-GPM	LXX_WH
1Krón 4:40		χαμ	N-PRI	ELTERO_SZOVEGALAP
1Krón 4:40	G3588	των	T-GPM	LXX_WH
1Krón 4:40	G2730	κατοικουντων	V-PAPGP	ABP-potolt
1Krón 4:40	G1563	εκει	ADV	LXX_WH
1Krón 4:40	G1715	εμπροσθεν	ADV	LXX_WH
1Krón 4:41	G2532	και	CONJ	LXX_WH
1Krón 4:41	G2064	ηλθοσαν	V-AAI-3P	LXX_WH
1Krón 4:41	G3778	ουτοι	D-NPM	LXX_WH
1Krón 4:41	G3588	οι	T-NPM	LXX_WH
1Krón 4:41	G1125	γεγραμμενοι	V-RMPNP	LXX_WH
1Krón 4:41	G1909	επ	PREP	LXX_WH
1Krón 4:41	G3686	ονοματος	N-GSN	LXX_WH
1Krón 4:41	G1722	εν	PREP	LXX_WH
1Krón 4:41	G2250	ημεραις	N-DPF	LXX_WH
1Krón 4:41	G1478	εζεκιου	N-GSM	LXX_WH
1Krón 4:41	G0935	βασιλεως	N-GSM	LXX_WH
1Krón 4:41	G2448	ιουδα	N-PRI	LXX_WH
1Krón 4:41	G2532	και	CONJ	LXX_WH
1Krón 4:41	G3960	επαταξαν	V-AAI-3P	LXX_WH
1Krón 4:41	G3588	τους	T-APM	LXX_WH
1Krón 4:41	G3624	οικους	N-APM	LXX_WH
1Krón 4:41	G0846	αυτων	D-GPM	LXX_WH
1Krón 4:41	G2532	και	CONJ	LXX_WH
1Krón 4:41	G3588	τους	T-APM	LXX_WH
1Krón 4:41		μιναιους	N-APM	ELTERO_SZOVEGALAP
1Krón 4:41	G3739	ους	R-APM	LXX_WH
1Krón 4:41	G2147	ευροσαν	V-AAI-3P	LXX_WH
1Krón 4:41	G1563	εκει	ADV	LXX_WH
1Krón 4:41	G2532	και	CONJ	LXX_WH
1Krón 4:41	G0332	ανεθεματισαν	V-AAI-3P	LXX_WH
1Krón 4:41	G0846	αυτους	D-APM	LXX_WH
1Krón 4:41	G2193	εως	PREP	LXX_WH
1Krón 4:41	G3588	της	T-GSF	LXX_WH
1Krón 4:41	G2250	ημερας	N-GSF	LXX_WH
1Krón 4:41	G3778	ταυτης	D-GSF	LXX_WH
1Krón 4:41	G2532	και	CONJ	LXX_WH
1Krón 4:41	G3611	ωκησαν	V-AAI-3P	LXX_WH
1Krón 4:41	G0473	αντ	PREP	LXX_WH
1Krón 4:41	G0846	αυτων	D-GPM	LXX_WH
1Krón 4:41	G3754	οτι	CONJ	LXX_WH
1Krón 4:41	G3542	νομαι	N-NPF	LXX_WH
1Krón 4:41	G3588	τοις	T-DPN	LXX_WH
1Krón 4:41	G2934	κτηνεσιν	N-DPN	LXX_WH
1Krón 4:41	G0846	αυτων	D-GPM	LXX_WH
1Krón 4:41	G1563	εκει	ADV	LXX_WH
1Krón 4:42	G2532	και	CONJ	LXX_WH
1Krón 4:42	G1537	εξ	PREP	LXX_WH
1Krón 4:42	G0846	αυτων	D-GPM	LXX_WH
1Krón 4:42	G0575	απο	PREP	LXX_WH
1Krón 4:42	G3588	των	T-GPM	LXX_WH
1Krón 4:42	G5207	υιων	N-GPM	LXX_WH
1Krón 4:42	G4826	συμεων	N-PRI	LXX_WH
1Krón 4:42	G4198	επορευθησαν	V-API-3P	LXX_WH
1Krón 4:42	G1519	εις	PREP	LXX_WH
1Krón 4:42	G3735	ορος	N-ASN	LXX_WH
1Krón 4:42		σηιρ	N-PRI	ELTERO_SZOVEGALAP
1Krón 4:42	G0435	ανδρες	N-NPM	LXX_WH
1Krón 4:42	G4001	πεντακοσιοι	A-NPM	LXX_WH
1Krón 4:42	G2532	και	CONJ	LXX_WH
1Krón 4:42	G2532	φαλεττια	N-PRI	ABP-potolt
1Krón 4:42	G2532	και	CONJ	LXX_WH
1Krón 4:42	G2532	νωαδια	N-PRI	ABP-potolt
1Krón 4:42	G2532	και	CONJ	LXX_WH
1Krón 4:42	G2532	ραφαια	N-PRI	ABP-potolt
1Krón 4:42	G2532	και	CONJ	LXX_WH
1Krón 4:42	G2532	οζιηλ	N-PRI	ABP-potolt
1Krón 4:42	G5207	υιοι	N-NPM	LXX_WH
1Krón 4:42		ιεσι	N-PRI	ELTERO_SZOVEGALAP
1Krón 4:42	G0758	αρχοντες	N-NPM	LXX_WH
1Krón 4:42	G0846	αυτων	D-GPM	LXX_WH
1Krón 4:43	G2532	και	CONJ	LXX_WH
1Krón 4:43	G3960	επαταξαν	V-AAI-3P	LXX_WH
1Krón 4:43	G3588	τους	T-APM	LXX_WH
1Krón 4:43	G2645	καταλοιπους	A-APM	LXX_WH
1Krón 4:43	G3588	τους	T-APM	LXX_WH
1Krón 4:43	G2641	καταλειφθεντας	V-APPAP	LXX_WH
1Krón 4:43	G3588	του	T-GSM	LXX_WH
1Krón 4:43		αμαληκ	N-PRI	ELTERO_SZOVEGALAP
1Krón 4:43	G2532	και	CONJ	LXX_WH
1Krón 4:43	G2730	κατωκησαν	V-AAI-3P	ABP-potolt
1Krón 4:43	G1563	εκει	ADV	LXX_WH
1Krón 4:43	G2193	εως	PREP	LXX_WH
1Krón 4:43	G3588	της	T-GSF	LXX_WH
1Krón 4:43	G2250	ημερας	N-GSF	LXX_WH
1Krón 4:43	G3778	ταυτης	D-GSF	LXX_WH
1Krón 5:1	G2532	και	CONJ	LXX_WH
1Krón 5:1	G5207	υιοι	N-NPM	LXX_WH
1Krón 5:1		ρουβην	N-PRI	ELTERO_SZOVEGALAP
1Krón 5:1	G4416	πρωτοτοκου	A-GSM	LXX_WH
1Krón 5:1	G2474	ισραηλ	N-PRI	LXX_WH
1Krón 5:1	G3754	οτι	CONJ	LXX_WH
1Krón 5:1	G3778	ουτος	D-NSM	LXX_WH
1Krón 5:1	G3588	ο	T-NSM	LXX_WH
1Krón 5:1	G4416	πρωτοτοκος	A-NSM	LXX_WH
1Krón 5:1	G2532	και	CONJ	LXX_WH
1Krón 5:1	G1722	εν	PREP	LXX_WH
1Krón 5:1	G3588	τω	T-DSN	LXX_WH
1Krón 5:1	G0305	αναβηναι	V-AAN	LXX_WH
1Krón 5:1	G1909	επι	PREP	LXX_WH
1Krón 5:1	G3588	την	T-ASF	LXX_WH
1Krón 5:1	G2845	κοιτην	N-ASF	LXX_WH
1Krón 5:1	G3588	του	T-GSM	LXX_WH
1Krón 5:1	G3962	πατρος	N-GSM	LXX_WH
1Krón 5:1	G0846	αυτου	D-GSM	LXX_WH
1Krón 5:1	G1325	εδωκεν	V-AAI-3S	LXX_WH
1Krón 5:1	G2129	ευλογιαν	N-ASF	LXX_WH
1Krón 5:1	G0846	αυτου	D-GSM	LXX_WH
1Krón 5:1	G3588	τω	T-DSM	LXX_WH
1Krón 5:1	G5207	υιω	N-DSM	LXX_WH
1Krón 5:1	G0846	αυτου	D-GSM	LXX_WH
1Krón 5:1	G2501	ιωσηφ	N-PRI	LXX_WH
1Krón 5:1	G5207	υιω	N-DSM	LXX_WH
1Krón 5:1	G2474	ισραηλ	N-PRI	LXX_WH
1Krón 5:1	G2532	και	CONJ	LXX_WH
1Krón 5:1	G3364	ουκ	ADV	LXX_WH
1Krón 5:1	G1075	εγενεαλογηθη	V-API-3S	LXX_WH
1Krón 5:1	G1519	εις	PREP	LXX_WH
1Krón 5:1	G4415	πρωτοτοκια	N-APN	LXX_WH
1Krón 5:2	G3754	οτι	CONJ	LXX_WH
1Krón 5:2	G2455	ιουδας	N-NSM	LXX_WH
1Krón 5:2	G1415	δυνατος	A-NSM	LXX_WH
1Krón 5:2	G2479	ισχυι	N-DSF	LXX_WH
1Krón 5:2	G2532	και	CONJ	LXX_WH
1Krón 5:2	G1722	εν	PREP	LXX_WH
1Krón 5:2	G3588	τοις	T-DPM	LXX_WH
1Krón 5:2	G0080	αδελφοις	N-DPM	LXX_WH
1Krón 5:2	G0846	αυτου	D-GSM	LXX_WH
1Krón 5:2	G2532	και	CONJ	LXX_WH
1Krón 5:2	G1519	εις	PREP	LXX_WH
1Krón 5:2	G2233	ηγουμενον	V-PMPAS	LXX_WH
1Krón 5:2	G1537	εξ	PREP	LXX_WH
1Krón 5:2	G0846	αυτου	D-GSM	LXX_WH
1Krón 5:2	G2532	και	CONJ	LXX_WH
1Krón 5:2	G3588	η	T-NSF	LXX_WH
1Krón 5:2	G2129	ευλογια	N-NSF	LXX_WH
1Krón 5:2	G3588	του	T-GSM	LXX_WH
1Krón 5:2	G2501	ιωσηφ	N-PRI	LXX_WH
1Krón 5:3	G5207	υιοι	N-NPM	LXX_WH
1Krón 5:3		ρουβην	N-PRI	ELTERO_SZOVEGALAP
1Krón 5:3	G4416	πρωτοτοκου	A-GSM	LXX_WH
1Krón 5:3	G2474	ισραηλ	N-PRI	LXX_WH
1Krón 5:3	G1802	ενωχ	N-PRI	LXX_WH
1Krón 5:3	G2532	και	CONJ	LXX_WH
1Krón 5:3		φαλλους	N-PRI	ELTERO_SZOVEGALAP
1Krón 5:3		αρσων	N-PRI	ELTERO_SZOVEGALAP
1Krón 5:3	G2532	και	CONJ	LXX_WH
1Krón 5:3	G2532	χαρμι	N-PRI	ABP-potolt
1Krón 5:4	G5207	υιοι	N-NPM	LXX_WH
1Krón 5:4	G2493	ιωηλ	N-PRI	LXX_WH
1Krón 5:4	G4584	σεμει	N-PRI	LXX_WH
1Krón 5:4	G2532	και	CONJ	LXX_WH
1Krón 5:4		βαναια	N-PRI	ELTERO_SZOVEGALAP
1Krón 5:4	G5207	υιος	N-NSM	LXX_WH
1Krón 5:4	G0846	αυτου	D-GSM	LXX_WH
1Krón 5:4	G2532	και	CONJ	LXX_WH
1Krón 5:4	G5207	υιοι	N-NPM	LXX_WH
1Krón 5:4	G5207	γουγ	N-PRI	ABP-potolt
1Krón 5:4	G5207	υιου	N-GSM	LXX_WH
1Krón 5:4	G4584	σεμει	N-PRI	LXX_WH
1Krón 5:5	G5207	υιος	N-NSM	LXX_WH
1Krón 5:5	G0846	αυτου	D-GSM	LXX_WH
1Krón 5:5		μιχα	N-PRI	ELTERO_SZOVEGALAP
1Krón 5:5	G5207	υιος	N-NSM	LXX_WH
1Krón 5:5	G0846	αυτου	D-GSM	LXX_WH
1Krón 5:5		ρηχα	N-PRI	ELTERO_SZOVEGALAP
1Krón 5:5	G5207	υιος	N-NSM	LXX_WH
1Krón 5:5	G0846	αυτου	D-GSM	LXX_WH
1Krón 5:5	G0896	βααλ	N-PRI	LXX_WH
1Krón 5:6	G5207	υιος	N-NSM	LXX_WH
1Krón 5:6	G0846	αυτου	D-GSM	LXX_WH
1Krón 5:6		βεηρα	N-PRI	ELTERO_SZOVEGALAP
1Krón 5:6	G3739	ον	R-ASM	LXX_WH
1Krón 5:6	G3351	μετωκισεν	V-AAI-3S	LXX_WH
1Krón 5:6		θαγλαθφαλνασαρ	N-PRI	ELTERO_SZOVEGALAP
1Krón 5:6	G0935	βασιλευς	N-NSM	LXX_WH
1Krón 5:6		ασσουρ	N-PRI	ELTERO_SZOVEGALAP
1Krón 5:6	G3778	ουτος	D-NSM	LXX_WH
1Krón 5:6	G0757	αρχων	V-PAPNS	LXX_WH
1Krón 5:6	G3588	των	T-GPM	LXX_WH
1Krón 5:6		ρουβην	N-PRI	ELTERO_SZOVEGALAP
1Krón 5:7	G2532	και	CONJ	LXX_WH
1Krón 5:7	G0080	αδελφοι	N-NPM	LXX_WH
1Krón 5:7	G0846	αυτου	D-GSM	LXX_WH
1Krón 5:7	G3588	τη	T-DSF	LXX_WH
1Krón 5:7	G3965	πατρια	N-DSF	LXX_WH
1Krón 5:7	G0846	αυτου	D-GSM	LXX_WH
1Krón 5:7	G1722	εν	PREP	LXX_WH
1Krón 5:7	G3588	τοις	T-DPM	LXX_WH
1Krón 5:7		καταλοχισμοις	N-DPM	ELTERO_SZOVEGALAP
1Krón 5:7	G0846	αυτων	D-GPM	LXX_WH
1Krón 5:7	G2596	κατα	PREP	LXX_WH
1Krón 5:7	G1078	γενεσεις	N-NPF	LXX_WH
1Krón 5:7	G0846	αυτων	D-GPM	LXX_WH
1Krón 5:7	G3588	ο	T-NSM	LXX_WH
1Krón 5:7	G0757	αρχων	V-PAPNS	LXX_WH
1Krón 5:7	G2493	ιωηλ	N-PRI	LXX_WH
1Krón 5:7	G2532	και	CONJ	LXX_WH
1Krón 5:7		ζαχαρια	N-PRI	ELTERO_SZOVEGALAP
1Krón 5:8	G2532	και	CONJ	LXX_WH
1Krón 5:8	G5207	βαλεκ	N-PRI	ABP-potolt
1Krón 5:8	G5207	υιος	N-NSM	LXX_WH
1Krón 5:8	G5207	οζουζ	N-PRI	ABP-potolt
1Krón 5:8	G5207	υιος	N-NSM	LXX_WH
1Krón 5:8	G5207	σαμα	N-PRI	ABP-potolt
1Krón 5:8	G5207	υιος	N-NSM	LXX_WH
1Krón 5:8	G2493	ιωηλ	N-PRI	LXX_WH
1Krón 5:8	G3778	ουτος	D-NSM	LXX_WH
1Krón 5:8		κατωκησεν	V-AAI-3S	ELTERO_SZOVEGALAP
1Krón 5:8	G1722	εν	PREP	LXX_WH
1Krón 5:8		αροηρ	N-PRI	ELTERO_SZOVEGALAP
1Krón 5:8	G2532	και	CONJ	LXX_WH
1Krón 5:8	G1909	επι	PREP	LXX_WH
1Krón 5:8		ναβαυ	N-PRI	ELTERO_SZOVEGALAP
1Krón 5:8	G2532	και	CONJ	LXX_WH
1Krón 5:8		βεελμαων	N-PRI	ELTERO_SZOVEGALAP
1Krón 5:9	G2532	και	CONJ	LXX_WH
1Krón 5:9	G4314	προς	PREP	LXX_WH
1Krón 5:9	G0395	ανατολας	N-APF	LXX_WH
1Krón 5:9	G2730	κατωκησεν	V-AAI-3S	ABP-potolt
1Krón 5:9	G2193	εως	PREP	LXX_WH
1Krón 5:9	G2064	ερχομενων	V-PMPGP	LXX_WH
1Krón 5:9	G3588	της	T-GSF	LXX_WH
1Krón 5:9	G2048	ερημου	N-GSF	LXX_WH
1Krón 5:9	G0575	απο	PREP	LXX_WH
1Krón 5:9	G3588	του	T-GSM	LXX_WH
1Krón 5:9	G4215	ποταμου	N-GSM	LXX_WH
1Krón 5:9	G2166	ευφρατου	N-GSM	LXX_WH
1Krón 5:9	G3754	οτι	CONJ	LXX_WH
1Krón 5:9	G2934	κτηνη	N-APN	LXX_WH
1Krón 5:9	G0846	αυτων	D-GPM	LXX_WH
1Krón 5:9	G4183	πολλα	A-APN	LXX_WH
1Krón 5:9	G1722	εν	PREP	LXX_WH
1Krón 5:9	G1065	γη	N-DSF	LXX_WH
1Krón 5:9		γαλααδ	N-PRI	ELTERO_SZOVEGALAP
1Krón 5:10	G2532	και	CONJ	LXX_WH
1Krón 5:10	G1722	εν	PREP	LXX_WH
1Krón 5:10	G2250	ημεραις	N-DPF	LXX_WH
1Krón 5:10	G4549	σαουλ	N-PRI	LXX_WH
1Krón 5:10	G4160	εποιησαν	V-AAI-3P	LXX_WH
1Krón 5:10	G4171	πολεμον	N-ASM	LXX_WH
1Krón 5:10	G4314	προς	PREP	LXX_WH
1Krón 5:10	G3588	τους	T-APM	LXX_WH
1Krón 5:10	G3941	παροικους	A-APM	LXX_WH
1Krón 5:10	G2532	και	CONJ	LXX_WH
1Krón 5:10	G4098	επεσον	V-AAI-3P	LXX_WH
1Krón 5:10	G1722	εν	PREP	LXX_WH
1Krón 5:10	G5495	χερσιν	N-DPF	LXX_WH
1Krón 5:10	G0846	αυτων	D-GPM	LXX_WH
1Krón 5:10		κατοικουντες	V-PAPNP	ELTERO_SZOVEGALAP
1Krón 5:10	G1722	εν	PREP	LXX_WH
1Krón 5:10	G4633	σκηναις	N-DPF	LXX_WH
1Krón 5:10	G2193	εως	PREP	LXX_WH
1Krón 5:10	G3956	παντες	A-NPM	LXX_WH
1Krón 5:10	G2596	κατ	PREP	LXX_WH
1Krón 5:10	G0395	ανατολας	N-APF	LXX_WH
1Krón 5:10	G3588	της	T-GSF	LXX_WH
1Krón 5:10		γαλααδ	N-PRI	ELTERO_SZOVEGALAP
1Krón 5:11	G5207	υιοι	N-NPM	LXX_WH
1Krón 5:11	G1045	γαδ	N-PRI	LXX_WH
1Krón 5:11		κατεναντι	ADV	ELTERO_SZOVEGALAP
1Krón 5:11	G0846	αυτων	D-GPM	LXX_WH
1Krón 5:11		κατωκησαν	V-AAI-3P	ELTERO_SZOVEGALAP
1Krón 5:11	G1722	εν	PREP	LXX_WH
1Krón 5:11	G3588	τη	T-DSF	LXX_WH
1Krón 5:11	G1093	βασαν	N-PRI	ABP-potolt
1Krón 5:11	G2193	εως	PREP	LXX_WH
1Krón 5:11		σελχα	N-PRI	ELTERO_SZOVEGALAP
1Krón 5:12	G2493	ιωηλ	N-PRI	LXX_WH
1Krón 5:12	G3588	ο	T-NSM	LXX_WH
1Krón 5:12	G4416	πρωτοτοκος	A-NSM	LXX_WH
1Krón 5:12	G2532	και	CONJ	LXX_WH
1Krón 5:12	G1722	σαφαμ	N-PRI	ABP-potolt
1Krón 5:12	G3588	ο	T-NSM	LXX_WH
1Krón 5:12	G1208	δευτερος	A-NSM	LXX_WH
1Krón 5:12	G2532	και	CONJ	LXX_WH
1Krón 5:12	G1722	ιανι	N-PRI	ABP-potolt
1Krón 5:12	G3588	ο	T-NSM	LXX_WH
1Krón 5:12	G1122	γραμματευς	N-NSM	LXX_WH
1Krón 5:12	G1722	εν	PREP	LXX_WH
1Krón 5:12	G3588	βασαν	N-PRI	ABP-potolt
1Krón 5:13	G2532	και	CONJ	LXX_WH
1Krón 5:13	G3588	οι	T-NPM	LXX_WH
1Krón 5:13	G0080	αδελφοι	N-NPM	LXX_WH
1Krón 5:13	G0846	αυτων	D-GPM	LXX_WH
1Krón 5:13	G2596	κατ	PREP	LXX_WH
1Krón 5:13	G3624	οικους	N-APM	LXX_WH
1Krón 5:13	G3965	πατριων	N-GPF	LXX_WH
1Krón 5:13	G0846	αυτων	D-GPM	LXX_WH
1Krón 5:13	G3413	μιχαηλ	N-PRI	LXX_WH
1Krón 5:13		μοσολλαμ	N-PRI	ELTERO_SZOVEGALAP
1Krón 5:13	G2532	και	CONJ	LXX_WH
1Krón 5:13	G2532	σεβεε	N-PRI	ABP-potolt
1Krón 5:13	G2532	και	CONJ	LXX_WH
1Krón 5:13	G2532	ιωρεε	N-PRI	ABP-potolt
1Krón 5:13	G2532	και	CONJ	LXX_WH
1Krón 5:13	G2532	ιαχαν	N-PRI	ABP-potolt
1Krón 5:13	G2532	και	CONJ	LXX_WH
1Krón 5:13	G2532	ζουε	N-PRI	ABP-potolt
1Krón 5:13	G2532	και	CONJ	LXX_WH
1Krón 5:13	G5601	ωβηδ	N-PRI	LXX_WH
1Krón 5:13	G2033	επτα	N-NUI	LXX_WH
1Krón 5:14	G3778	ουτοι	D-NPM	LXX_WH
1Krón 5:14	G5207	υιοι	N-NPM	LXX_WH
1Krón 5:14	G5207	αβιχαιλ	N-PRI	ABP-potolt
1Krón 5:14	G5207	υιου	N-GSM	LXX_WH
1Krón 5:14	G5207	ουρι	N-PRI	ABP-potolt
1Krón 5:14	G5207	υιου	N-GSM	LXX_WH
1Krón 5:14	G5207	ιδαι	N-PRI	ABP-potolt
1Krón 5:14	G5207	υιου	N-GSM	LXX_WH
1Krón 5:14	G5207	γαλααδ	N-PRI	ABP-potolt
1Krón 5:14	G5207	υιου	N-GSM	LXX_WH
1Krón 5:14	G3413	μιχαηλ	N-PRI	LXX_WH
1Krón 5:14	G5207	υιου	N-GSM	LXX_WH
1Krón 5:14	G5207	ισαι	N-PRI	ABP-potolt
1Krón 5:14	G5207	υιου	N-GSM	LXX_WH
1Krón 5:14	G5207	ιουρι	N-PRI	ABP-potolt
1Krón 5:14	G5207	υιου	N-GSM	LXX_WH
1Krón 5:14	G5207	ζαβουχαμ	N-PRI	ABP-potolt
1Krón 5:15	G5207	υιου	N-GSM	LXX_WH
1Krón 5:15		αβδιηλ	N-PRI	ELTERO_SZOVEGALAP
1Krón 5:15	G5207	υιου	N-GSM	LXX_WH
1Krón 5:15		γουνι	N-PRI	ELTERO_SZOVEGALAP
1Krón 5:15	G0757	αρχων	V-PAPNS	LXX_WH
1Krón 5:15	G3624	οικου	N-GSM	LXX_WH
1Krón 5:15	G3965	πατριων	N-GPF	LXX_WH
1Krón 5:16		κατωκουν	V-IAI-3P	ELTERO_SZOVEGALAP
1Krón 5:16	G1722	εν	PREP	LXX_WH
1Krón 5:16	G2532	γαλααδ	N-PRI	ABP-potolt
1Krón 5:16	G1722	εν	PREP	LXX_WH
1Krón 5:16	G1722	βασαν	N-PRI	ABP-potolt
1Krón 5:16	G2532	και	CONJ	LXX_WH
1Krón 5:16	G1722	εν	PREP	LXX_WH
1Krón 5:16	G3588	ταις	T-DPF	LXX_WH
1Krón 5:16	G2864	κωμαις	N-DPF	LXX_WH
1Krón 5:16	G0846	αυτων	D-GPF	LXX_WH
1Krón 5:16	G2532	και	CONJ	LXX_WH
1Krón 5:16	G3956	παντα	A-APN	LXX_WH
1Krón 5:16	G3588	τα	T-APN	LXX_WH
1Krón 5:16	G4066	περιχωρα	A-APN	LXX_WH
1Krón 5:16	G4565	σαρων	N-PRI	LXX_WH
1Krón 5:16	G2193	εως	PREP	LXX_WH
1Krón 5:16	G1841	εξοδου	N-GSF	LXX_WH
1Krón 5:17	G3956	παντων	A-GPM	LXX_WH
1Krón 5:17	G3588	ο	T-NSM	LXX_WH
1Krón 5:17	G1075	καταλοχισμος	N-NSM	ABP-potolt
1Krón 5:17	G1722	εν	PREP	LXX_WH
1Krón 5:17	G2250	ημεραις	N-DPF	LXX_WH
1Krón 5:17	G2488	ιωαθαμ	N-PRI	LXX_WH
1Krón 5:17	G0935	βασιλεως	N-GSM	LXX_WH
1Krón 5:17	G2448	ιουδα	N-PRI	LXX_WH
1Krón 5:17	G2532	και	CONJ	LXX_WH
1Krón 5:17	G1722	εν	PREP	LXX_WH
1Krón 5:17	G2250	ημεραις	N-DPF	LXX_WH
1Krón 5:17		ιεροβοαμ	N-PRI	ELTERO_SZOVEGALAP
1Krón 5:17	G0935	βασιλεως	N-GSM	LXX_WH
1Krón 5:17	G2474	ισραηλ	N-PRI	LXX_WH
1Krón 5:18	G5207	υιοι	N-NPM	LXX_WH
1Krón 5:18	G2532	ρουβην	N-PRI	ABP-potolt
1Krón 5:18	G2532	και	CONJ	LXX_WH
1Krón 5:18	G1045	γαδ	N-PRI	LXX_WH
1Krón 5:18	G2532	και	CONJ	LXX_WH
1Krón 5:18		ημισυ	A-ASN	ELTERO_SZOVEGALAP
1Krón 5:18	G5443	φυλης	N-GSF	LXX_WH
1Krón 5:18		μανασση	N-PRI	ELTERO_SZOVEGALAP
1Krón 5:18	G1537	εξ	PREP	LXX_WH
1Krón 5:18	G5207	υιων	N-GPM	LXX_WH
1Krón 5:18	G1411	δυναμεως	N-GSF	LXX_WH
1Krón 5:18	G0435	ανδρες	N-NPM	LXX_WH
1Krón 5:18	G0142	αιροντες	V-PAPNP	LXX_WH
1Krón 5:18	G0785	ασπιδας	N-APF	LXX_WH
1Krón 5:18	G2532	και	CONJ	LXX_WH
1Krón 5:18	G3162	μαχαιραν	N-ASF	LXX_WH
1Krón 5:18	G2532	και	CONJ	LXX_WH
1Krón 5:18	G5037	τεινοντες	V-PAPNP	ABP-potolt
1Krón 5:18	G5115	τοξον	N-ASN	LXX_WH
1Krón 5:18	G2532	και	CONJ	LXX_WH
1Krón 5:18	G1321	δεδιδαγμενοι	V-RMPNP	LXX_WH
1Krón 5:18	G4171	πολεμον	N-ASM	LXX_WH
1Krón 5:18	G5062	τεσσαρακοντα	N-NUI	LXX_WH
1Krón 5:18	G2532	και	CONJ	LXX_WH
1Krón 5:18	G5064	τεσσαρες	A-NPM	LXX_WH
1Krón 5:18	G5505	χιλιαδες	N-NPF	LXX_WH
1Krón 5:18	G2532	και	CONJ	LXX_WH
1Krón 5:18		επτακοσιοι	A-NPM	
1Krón 5:18	G2532	και	CONJ	LXX_WH
1Krón 5:18	G1835	εξηκοντα	N-NUI	LXX_WH
1Krón 5:18	G1607	εκπορευομενοι	V-PMPNP	LXX_WH
1Krón 5:18	G1519	εις	PREP	LXX_WH
1Krón 5:18	G3904	παραταξιν	N-ASF	ABP-potolt
1Krón 5:19	G2532	και	CONJ	LXX_WH
1Krón 5:19	G4160	εποιουν	V-IAI-3P	LXX_WH
1Krón 5:19	G4171	πολεμον	N-ASM	LXX_WH
1Krón 5:19	G3326	μετα	PREP	LXX_WH
1Krón 5:19	G3588	των	T-GPM	LXX_WH
1Krón 5:19	G2532	αγαρηνων	N-GPM	ABP-potolt
1Krón 5:19	G2532	και	CONJ	LXX_WH
1Krón 5:19	G2532	ιτουραιων	N-GPM	ABP-potolt
1Krón 5:19	G2532	και	CONJ	LXX_WH
1Krón 5:19	G2532	ναφισαιων	N-GPM	ABP-potolt
1Krón 5:19	G2532	και	CONJ	LXX_WH
1Krón 5:19	G2532	ναδαβαιων	N-GPM	ABP-potolt
1Krón 5:20	G2532	και	CONJ	LXX_WH
1Krón 5:20	G2729	κατισχυσαν	V-AAPAS	LXX_WH
1Krón 5:20	G1909	επ	PREP	LXX_WH
1Krón 5:20	G0846	αυτων	D-GPM	LXX_WH
1Krón 5:20	G2532	και	CONJ	LXX_WH
1Krón 5:20	G1325	εδοθησαν	V-API-3P	LXX_WH
1Krón 5:20	G1519	εις	PREP	LXX_WH
1Krón 5:20	G5495	χειρας	N-APF	LXX_WH
1Krón 5:20	G0846	αυτων	D-GPM	LXX_WH
1Krón 5:20	G3588	οι	T-NPM	LXX_WH
1Krón 5:20	G4171	αγαραιοι	N-NPM	ABP-potolt
1Krón 5:20	G2532	και	CONJ	LXX_WH
1Krón 5:20	G3956	παντα	A-NPN	LXX_WH
1Krón 5:20	G3588	τα	T-NPN	LXX_WH
1Krón 5:20	G4638	σκηνωματα	N-NPN	LXX_WH
1Krón 5:20	G0846	αυτων	D-GPM	LXX_WH
1Krón 5:20	G3754	οτι	CONJ	LXX_WH
1Krón 5:20	G4314	προς	PREP	LXX_WH
1Krón 5:20	G3588	τον	T-ASM	LXX_WH
1Krón 5:20	G2316	θεον	N-ASM	LXX_WH
1Krón 5:20	G0994	εβοησαν	V-AAI-3P	LXX_WH
1Krón 5:20	G1722	εν	PREP	LXX_WH
1Krón 5:20	G3588	τω	T-DSM	LXX_WH
1Krón 5:20	G4171	πολεμω	N-DSM	LXX_WH
1Krón 5:20	G2532	και	CONJ	LXX_WH
1Krón 5:20		επηκουσεν	V-AAI-3S	ELTERO_SZOVEGALAP
1Krón 5:20	G0846	αυτοις	D-DPM	LXX_WH
1Krón 5:20	G3754	οτι	CONJ	LXX_WH
1Krón 5:20	G1679	ηλπισαν	V-AAI-3P	LXX_WH
1Krón 5:20	G1909	επ	PREP	LXX_WH
1Krón 5:20	G0846	αυτον	D-ASM	LXX_WH
1Krón 5:21	G2532	και	CONJ	LXX_WH
1Krón 5:21	G0162	ηχμαλωτευσαν	V-AAI-3P	LXX_WH
1Krón 5:21	G3588	την	T-ASF	LXX_WH
1Krón 5:21		αποσκευην	N-ASF	ELTERO_SZOVEGALAP
1Krón 5:21	G0846	αυτων	D-GPM	LXX_WH
1Krón 5:21	G2574	καμηλους	N-APM	LXX_WH
1Krón 5:21	G4000	πεντακισχιλιας	N-NSF	LXX_WH
1Krón 5:21	G2532	και	CONJ	LXX_WH
1Krón 5:21	G4263	προβατων	N-GPN	LXX_WH
1Krón 5:21	G1250	διακοσιας	A-GSF	LXX_WH
1Krón 5:21	G4004	πεντηκοντα	N-NUI	LXX_WH
1Krón 5:21	G5505	χιλιαδας	N-APF	LXX_WH
1Krón 5:21	G3688	ονους	N-APM	LXX_WH
1Krón 5:21	G1367	δισχιλιους	A-APM	LXX_WH
1Krón 5:21	G2532	και	CONJ	LXX_WH
1Krón 5:21	G5590	ψυχας	N-APF	LXX_WH
1Krón 5:21	G0435	ανδρων	N-GPM	LXX_WH
1Krón 5:21	G1540	εκατον	N-NUI	LXX_WH
1Krón 5:21	G5505	χιλιαδας	N-APF	LXX_WH
1Krón 5:22	G3754	οτι	CONJ	LXX_WH
1Krón 5:22		τραυματιαι	N-NPM	ELTERO_SZOVEGALAP
1Krón 5:22	G4183	πολλοι	A-NPM	LXX_WH
1Krón 5:22	G4098	επεσον	V-AAI-3P	LXX_WH
1Krón 5:22	G3754	οτι	CONJ	LXX_WH
1Krón 5:22	G3844	παρα	PREP	LXX_WH
1Krón 5:22	G3588	του	T-GSM	LXX_WH
1Krón 5:22	G2316	θεου	N-GSM	LXX_WH
1Krón 5:22	G3588	ο	T-NSM	LXX_WH
1Krón 5:22	G4171	πολεμος	N-NSM	LXX_WH
1Krón 5:22	G2532	και	CONJ	LXX_WH
1Krón 5:22	G2730	κατωκησαν	V-AAI-3P	ABP-potolt
1Krón 5:22	G0473	αντ	PREP	LXX_WH
1Krón 5:22	G0846	αυτων	D-GPM	LXX_WH
1Krón 5:22	G2193	εως	PREP	LXX_WH
1Krón 5:22	G3588	της	T-GSF	LXX_WH
1Krón 5:22	G3350	μετοικεσιας	N-GSF	LXX_WH
1Krón 5:23	G2532	και	CONJ	LXX_WH
1Krón 5:23	G3588	οι	T-NPM	LXX_WH
1Krón 5:23		ημισεις	A-NPM	ELTERO_SZOVEGALAP
1Krón 5:23	G5443	φυλης	N-GSF	LXX_WH
1Krón 5:23	G3611	μανασση	N-PRI	ABP-potolt
1Krón 5:23	G3611	κατωκησαν	V-AAI-3P	ABP-potolt
1Krón 5:23	G1722	εν	PREP	LXX_WH
1Krón 5:23	G3588	τη	T-DSF	LXX_WH
1Krón 5:23	G1065	γη	N-DSF	LXX_WH
1Krón 5:23	G0575	απο	PREP	LXX_WH
1Krón 5:23		βασαν	N-PRI	ELTERO_SZOVEGALAP
1Krón 5:23	G2193	εως	PREP	LXX_WH
1Krón 5:23	G2532	βααλερμων	N-PRI	ABP-potolt
1Krón 5:23	G2532	και	CONJ	LXX_WH
1Krón 5:23		σανιρ	N-PRI	ELTERO_SZOVEGALAP
1Krón 5:23	G2532	και	CONJ	LXX_WH
1Krón 5:23	G3735	ορος	N-ASN	LXX_WH
1Krón 5:23		αερμων	N-PRI	ELTERO_SZOVEGALAP
1Krón 5:23	G2532	και	CONJ	LXX_WH
1Krón 5:23	G1722	εν	PREP	LXX_WH
1Krón 5:23	G3588	τω	T-DSM	LXX_WH
1Krón 5:23	G3030	λιβανω	N-DSM	LXX_WH
1Krón 5:23	G0846	αυτοι	D-NPM	LXX_WH
1Krón 5:23	G4121	επλεονασθησαν	V-API-3P	LXX_WH
1Krón 5:24	G2532	και	CONJ	LXX_WH
1Krón 5:24	G3778	ουτοι	D-NPM	LXX_WH
1Krón 5:24	G0747	αρχηγοι	N-NPM	LXX_WH
1Krón 5:24	G3624	οικου	N-GSM	LXX_WH
1Krón 5:24	G3965	πατριων	N-GPF	LXX_WH
1Krón 5:24	G0846	αυτων	D-GPM	LXX_WH
1Krón 5:24		οφερ	N-PRI	ELTERO_SZOVEGALAP
1Krón 5:24	G2532	και	CONJ	LXX_WH
1Krón 5:24	G2532	ισει	N-PRI	ABP-potolt
1Krón 5:24	G2532	και	CONJ	LXX_WH
1Krón 5:24	G2532	ελιηλ	N-PRI	ABP-potolt
1Krón 5:24	G2532	και	CONJ	LXX_WH
1Krón 5:24	G2532	εσδριηλ	N-PRI	ABP-potolt
1Krón 5:24	G2532	και	CONJ	LXX_WH
1Krón 5:24	G2532	ιερμια	N-PRI	ABP-potolt
1Krón 5:24	G2532	και	CONJ	LXX_WH
1Krón 5:24	G2532	ωδουια	N-PRI	ABP-potolt
1Krón 5:24	G2532	και	CONJ	LXX_WH
1Krón 5:24	G2532	ιεδιηλ	N-PRI	ABP-potolt
1Krón 5:24	G0435	ανδρες	N-NPM	LXX_WH
1Krón 5:24	G2478	ισχυροι	A-NPM	LXX_WH
1Krón 5:24	G1411	δυναμει	N-DSF	LXX_WH
1Krón 5:24	G0435	ανδρες	N-NPM	LXX_WH
1Krón 5:24	G3687	ονομαστοι	A-NPM	ABP-potolt
1Krón 5:24	G0758	αρχοντες	N-NPM	LXX_WH
1Krón 5:24	G3588	των	T-GPM	LXX_WH
1Krón 5:24	G3624	οικων	N-GPM	LXX_WH
1Krón 5:24	G3965	πατριων	N-GPF	LXX_WH
1Krón 5:24	G0846	αυτων	D-GPM	LXX_WH
1Krón 5:25	G2532	και	CONJ	LXX_WH
1Krón 5:25	G0114	ηθετησαν	V-AAI-3P	LXX_WH
1Krón 5:25	G1722	εν	PREP	LXX_WH
1Krón 5:25	G2316	θεω	N-DSM	LXX_WH
1Krón 5:25	G3962	πατερων	N-GPM	LXX_WH
1Krón 5:25	G0846	αυτων	D-GPM	LXX_WH
1Krón 5:25	G2532	και	CONJ	LXX_WH
1Krón 5:25	G4203	επορνευσαν	V-AAI-3P	LXX_WH
1Krón 5:25	G3694	οπισω	PREP	LXX_WH
1Krón 5:25	G2316	θεων	N-GPM	LXX_WH
1Krón 5:25	G2992	λαων	N-GPM	LXX_WH
1Krón 5:25	G3588	της	T-GSF	LXX_WH
1Krón 5:25	G1065	γης	N-GSF	LXX_WH
1Krón 5:25	G3739	ους	R-APM	LXX_WH
1Krón 5:25	G1808	εξηρεν	V-AAI-3S	LXX_WH
1Krón 5:25	G3588	ο	T-NSM	LXX_WH
1Krón 5:25	G2316	θεος	N-NSM	LXX_WH
1Krón 5:25	G0575	απο	PREP	LXX_WH
1Krón 5:25	G4383	προσωπου	N-GSN	LXX_WH
1Krón 5:25	G0846	αυτων	D-GPM	LXX_WH
1Krón 5:26	G2532	και	CONJ	LXX_WH
1Krón 5:26		επηγειρεν	V-IAI-3S	
1Krón 5:26	G3588	ο	T-NSM	LXX_WH
1Krón 5:26	G2316	θεος	N-NSM	LXX_WH
1Krón 5:26	G2474	ισραηλ	N-PRI	LXX_WH
1Krón 5:26	G3588	το	T-ASN	LXX_WH
1Krón 5:26	G4151	πνευμα	N-ASN	LXX_WH
1Krón 5:26		φαλωχ	N-PRI	ELTERO_SZOVEGALAP
1Krón 5:26	G0935	βασιλεως	N-GSM	LXX_WH
1Krón 5:26		ασσουρ	N-PRI	ELTERO_SZOVEGALAP
1Krón 5:26	G2532	και	CONJ	LXX_WH
1Krón 5:26	G3588	το	T-ASN	LXX_WH
1Krón 5:26	G4151	πνευμα	N-ASN	LXX_WH
1Krón 5:26		θαγλαθφαλνασαρ	N-PRI	ELTERO_SZOVEGALAP
1Krón 5:26	G0935	βασιλεως	N-GSM	LXX_WH
1Krón 5:26		ασσουρ	N-PRI	ELTERO_SZOVEGALAP
1Krón 5:26	G2532	και	CONJ	LXX_WH
1Krón 5:26	G3351	μετωκισεν	V-AAI-3S	LXX_WH
1Krón 5:26	G3588	τον	T-ASM	LXX_WH
1Krón 5:26		ρουβην	N-PRI	ELTERO_SZOVEGALAP
1Krón 5:26	G2532	και	CONJ	LXX_WH
1Krón 5:26	G3588	τον	T-ASM	LXX_WH
1Krón 5:26		γαδδι	N-PRI	ELTERO_SZOVEGALAP
1Krón 5:26	G2532	και	CONJ	LXX_WH
1Krón 5:26	G3588	το	T-ASN	LXX_WH
1Krón 5:26	G2255	ημισυ	A-ASN	ABP-potolt
1Krón 5:26	G5443	φυλης	N-GSF	LXX_WH
1Krón 5:26		μανασση	N-PRI	ELTERO_SZOVEGALAP
1Krón 5:26	G2532	και	CONJ	LXX_WH
1Krón 5:26	G0071	ηγαγεν	V-AAI-3S	LXX_WH
1Krón 5:26	G0846	αυτους	D-APM	LXX_WH
1Krón 5:26	G1519	εις	PREP	LXX_WH
1Krón 5:26	G2532	χαλαχ	N-PRI	ABP-potolt
1Krón 5:26	G2532	και	CONJ	LXX_WH
1Krón 5:26		χαβωρ	N-PRI	
1Krón 5:26	G2532	και	CONJ	LXX_WH
1Krón 5:26	G1909	επι	PREP	LXX_WH
1Krón 5:26	G4215	ποταμον	N-ASM	LXX_WH
1Krón 5:26		γωζαν	N-PRI	ELTERO_SZOVEGALAP
1Krón 5:26	G2193	εως	PREP	LXX_WH
1Krón 5:26	G3588	της	T-GSF	LXX_WH
1Krón 5:26	G2250	ημερας	N-GSF	LXX_WH
1Krón 5:26	G3778	ταυτης	D-GSF	LXX_WH
1Krón 6:1	G5207	υιοι	N-NPM	LXX_WH
1Krón 6:1	G3017	λευι	N-PRI	LXX_WH
1Krón 6:1		γεδσων	N-PRI	ELTERO_SZOVEGALAP
1Krón 6:1		κααθ	N-PRI	ELTERO_SZOVEGALAP
1Krón 6:1	G2532	και	CONJ	LXX_WH
1Krón 6:1		μεραρι	N-PRI	ELTERO_SZOVEGALAP
1Krón 6:2	G2532	και	CONJ	LXX_WH
1Krón 6:2	G5207	υιοι	N-NPM	LXX_WH
1Krón 6:2	G2532	κααθ	N-PRI	ABP-potolt
1Krón 6:2	G2532	αμβραμ	N-PRI	ABP-potolt
1Krón 6:2	G2532	και	CONJ	LXX_WH
1Krón 6:2	G5207	ισσααρ	N-PRI	ABP-potolt
1Krón 6:2	G5207	χεβρων	N-PRI	ABP-potolt
1Krón 6:2	G2532	και	CONJ	LXX_WH
1Krón 6:2	G2532	οζιηλ	N-PRI	ABP-potolt
1Krón 6:3	G2532	και	CONJ	LXX_WH
1Krón 6:3	G5207	υιοι	N-NPM	LXX_WH
1Krón 6:3		αμβραμ	N-PRI	ELTERO_SZOVEGALAP
1Krón 6:3	G0002	ααρων	N-PRI	LXX_WH
1Krón 6:3	G2532	και	CONJ	LXX_WH
1Krón 6:3		μωυσης	N-NSM	
1Krón 6:3	G2532	και	CONJ	LXX_WH
1Krón 6:3		μαριαμ	N-PRI	
1Krón 6:3	G2532	και	CONJ	LXX_WH
1Krón 6:3	G5207	υιοι	N-NPM	LXX_WH
1Krón 6:3	G0002	ααρων	N-PRI	LXX_WH
1Krón 6:3		ναδαβ	N-PRI	ELTERO_SZOVEGALAP
1Krón 6:3	G2532	και	CONJ	LXX_WH
1Krón 6:3	G0010	αβιουδ	N-PRI	LXX_WH
1Krón 6:3	G1648	ελεαζαρ	N-PRI	LXX_WH
1Krón 6:3	G2532	και	CONJ	LXX_WH
1Krón 6:3	G2532	ιθαμαρ	N-PRI	ABP-potolt
1Krón 6:4	G1648	ελεαζαρ	N-PRI	LXX_WH
1Krón 6:4	G1080	εγεννησεν	V-AAI-3S	LXX_WH
1Krón 6:4	G3588	τον	T-ASM	LXX_WH
1Krón 6:4	G2532	φινεες	N-PRI	ABP-potolt
1Krón 6:4	G2532	φινεες	N-PRI	ABP-potolt
1Krón 6:4	G1080	εγεννησεν	V-AAI-3S	LXX_WH
1Krón 6:4	G3588	τον	T-ASM	LXX_WH
1Krón 6:4		αβισου	N-PRI	ELTERO_SZOVEGALAP
1Krón 6:5		αβισου	N-PRI	
1Krón 6:5	G1080	εγεννησεν	V-AAI-3S	LXX_WH
1Krón 6:5	G3588	τον	T-ASM	LXX_WH
1Krón 6:5		βωκαι	N-PRI	
1Krón 6:5		βωκαι	N-PRI	
1Krón 6:5	G1080	εγεννησεν	V-AAI-3S	LXX_WH
1Krón 6:5	G3588	τον	T-ASM	LXX_WH
1Krón 6:5		οζι	N-PRI	
1Krón 6:6		οζι	N-PRI	
1Krón 6:6	G1080	εγεννησε	V-AAI-3S	LXX_WH
1Krón 6:6	G3588	τον	T-ASM	LXX_WH
1Krón 6:6	G2532	ζαραια	N-PRI	ABP-potolt
1Krón 6:6	G2532	ζαραια	N-PRI	ABP-potolt
1Krón 6:6	G1080	εγεννησεν	V-AAI-3S	LXX_WH
1Krón 6:6	G3588	τον	T-ASM	LXX_WH
1Krón 6:6		μαριηλ	N-PRI	
1Krón 6:7	G2532	και	CONJ	LXX_WH
1Krón 6:7		μαριηλ	N-PRI	
1Krón 6:7	G1080	εγεννησεν	V-AAI-3S	LXX_WH
1Krón 6:7	G3588	τον	T-ASM	LXX_WH
1Krón 6:7		αμαρια	N-PRI	
1Krón 6:7	G2532	και	CONJ	LXX_WH
1Krón 6:7		αμαρια	N-PRI	
1Krón 6:7	G1080	εγεννησεν	V-AAI-3S	LXX_WH
1Krón 6:7	G3588	τον	T-ASM	LXX_WH
1Krón 6:7		αχιτωβ	N-PRI	
1Krón 6:8	G2532	και	CONJ	LXX_WH
1Krón 6:8		αχιτωβ	N-PRI	ELTERO_SZOVEGALAP
1Krón 6:8	G1080	εγεννησεν	V-AAI-3S	LXX_WH
1Krón 6:8	G3588	τον	T-ASM	LXX_WH
1Krón 6:8	G4524	σαδωκ	N-PRI	LXX_WH
1Krón 6:8	G2532	και	CONJ	LXX_WH
1Krón 6:8	G4524	σαδωκ	N-PRI	LXX_WH
1Krón 6:8	G1080	εγεννησεν	V-AAI-3S	LXX_WH
1Krón 6:8	G3588	τον	T-ASM	LXX_WH
1Krón 6:8		αχιμαας	N-PRI	ELTERO_SZOVEGALAP
1Krón 6:9	G2532	και	CONJ	LXX_WH
1Krón 6:9		αχιμαας	N-PRI	
1Krón 6:9	G1080	εγεννησεν	V-AAI-3S	LXX_WH
1Krón 6:9	G3588	τον	T-ASM	LXX_WH
1Krón 6:9		αζαρια	N-ASM	
1Krón 6:9	G2532	και	CONJ	LXX_WH
1Krón 6:9		αζαριας	N-NSM	
1Krón 6:9	G1080	εγεννησεν	V-AAI-3S	LXX_WH
1Krón 6:9	G3588	τον	T-ASM	LXX_WH
1Krón 6:9		ιωαναν	N-ASM	
1Krón 6:10	G2532	και	CONJ	LXX_WH
1Krón 6:10		ιωανας	N-NSM	ELTERO_SZOVEGALAP
1Krón 6:10	G1080	εγεννησεν	V-AAI-3S	LXX_WH
1Krón 6:10	G3588	τον	T-ASM	LXX_WH
1Krón 6:10		αζαριαν	N-ASM	ELTERO_SZOVEGALAP
1Krón 6:10	G3778	ουτος	D-NSM	LXX_WH
1Krón 6:10	G2407	ιερατευσεν	V-AAI-3S	LXX_WH
1Krón 6:10	G1722	εν	PREP	LXX_WH
1Krón 6:10	G3588	τω	T-DSM	LXX_WH
1Krón 6:10	G3624	οικω	N-DSM	LXX_WH
1Krón 6:10	G3739	ω	R-DSM	LXX_WH
1Krón 6:10	G3618	ωκοδομησεν	V-AAI-3S	LXX_WH
1Krón 6:10	G3618	σαλωμων	N-PRI	ABP-potolt
1Krón 6:10	G1722	εν	PREP	LXX_WH
1Krón 6:10	G2419	ιερουσαλημ	N-PRI	LXX_WH
1Krón 6:11	G2532	και	CONJ	LXX_WH
1Krón 6:11	G1080	εγεννησεν	V-AAI-3S	LXX_WH
1Krón 6:11	G1080	αζαρια	N-PRI	ABP-potolt
1Krón 6:11	G3588	τον	T-ASM	LXX_WH
1Krón 6:11		αμαρια	N-PRI	
1Krón 6:11	G2532	και	CONJ	LXX_WH
1Krón 6:11	G1080	αμαρια	N-PRI	ABP-potolt
1Krón 6:11	G1080	εγεννησεν	V-AAI-3S	LXX_WH
1Krón 6:11	G3588	τον	T-ASM	LXX_WH
1Krón 6:11		αχιτωβ	N-PRI	
1Krón 6:12	G2532	και	CONJ	LXX_WH
1Krón 6:12		αχιτωβ	N-PRI	ELTERO_SZOVEGALAP
1Krón 6:12	G1080	εγεννησεν	V-AAI-3S	LXX_WH
1Krón 6:12	G3588	τον	T-ASM	LXX_WH
1Krón 6:12	G4524	σαδωκ	N-PRI	LXX_WH
1Krón 6:12	G2532	και	CONJ	LXX_WH
1Krón 6:12	G4524	σαδωκ	N-PRI	LXX_WH
1Krón 6:12	G1080	εγεννησεν	V-AAI-3S	LXX_WH
1Krón 6:12	G3588	τον	T-ASM	LXX_WH
1Krón 6:12		σαλωμ	N-PRI	ELTERO_SZOVEGALAP
1Krón 6:13	G2532	και	CONJ	LXX_WH
1Krón 6:13		σαλωμ	N-PRI	
1Krón 6:13	G1080	εγεννησεν	V-AAI-3S	LXX_WH
1Krón 6:13	G3588	τον	T-ASM	LXX_WH
1Krón 6:13		χελκιαν	N-ASM	
1Krón 6:13	G2532	και	CONJ	LXX_WH
1Krón 6:13		χελκιας	N-NSM	
1Krón 6:13	G1080	εγεννησεν	V-AAI-3S	LXX_WH
1Krón 6:13	G3588	τον	T-ASM	LXX_WH
1Krón 6:13		αζαρια	N-ASM	
1Krón 6:14	G2532	και	CONJ	LXX_WH
1Krón 6:14		αζαριας	N-NSM	
1Krón 6:14	G1080	εγεννησεν	V-AAI-3S	LXX_WH
1Krón 6:14	G3588	τον	T-ASM	LXX_WH
1Krón 6:14		σαραια	N-ASM	
1Krón 6:14	G2532	και	CONJ	LXX_WH
1Krón 6:14		σαραιας	N-NSM	
1Krón 6:14	G1080	εγεννησεν	V-AAI-3S	LXX_WH
1Krón 6:14	G3588	τον	T-ASM	LXX_WH
1Krón 6:14		ιωσαδακ	N-PRI	
1Krón 6:15	G2532	και	CONJ	LXX_WH
1Krón 6:15		ιωσαδακ	N-PRI	ELTERO_SZOVEGALAP
1Krón 6:15	G4198	επορευθη	V-API-3S	LXX_WH
1Krón 6:15	G1722	εν	PREP	LXX_WH
1Krón 6:15	G3588	τη	T-DSF	LXX_WH
1Krón 6:15		μετοικια	N-DSF	ELTERO_SZOVEGALAP
1Krón 6:15	G3326	μετα	PREP	LXX_WH
1Krón 6:15	G2448	ιουδα	N-PRI	LXX_WH
1Krón 6:15	G2532	και	CONJ	LXX_WH
1Krón 6:15	G2419	ιερουσαλημ	N-PRI	LXX_WH
1Krón 6:15	G1722	εν	PREP	LXX_WH
1Krón 6:15	G5495	χειρι	N-DSF	LXX_WH
1Krón 6:15	G1519	ναβουχοδονοσορ	N-PRI	ABP-potolt
1Krón 6:16	G5207	υιοι	N-NPM	LXX_WH
1Krón 6:16	G3017	λευι	N-PRI	LXX_WH
1Krón 6:16		γεδσων	N-PRI	ELTERO_SZOVEGALAP
1Krón 6:16		κααθ	N-PRI	ELTERO_SZOVEGALAP
1Krón 6:16	G2532	και	CONJ	LXX_WH
1Krón 6:16		μεραρι	N-PRI	ELTERO_SZOVEGALAP
1Krón 6:17	G2532	και	CONJ	LXX_WH
1Krón 6:17	G3778	ταυτα	D-NPN	LXX_WH
1Krón 6:17	G3588	τα	T-NPN	LXX_WH
1Krón 6:17	G3686	ονοματα	N-NPN	LXX_WH
1Krón 6:17	G3588	των	T-GPM	LXX_WH
1Krón 6:17	G5207	υιων	N-GPM	LXX_WH
1Krón 6:17		γεδσων	N-PRI	ELTERO_SZOVEGALAP
1Krón 6:17		λοβενι	N-PRI	ELTERO_SZOVEGALAP
1Krón 6:17	G2532	και	CONJ	LXX_WH
1Krón 6:17	G4584	σεμει	N-PRI	LXX_WH
1Krón 6:18	G5207	υιοι	N-NPM	LXX_WH
1Krón 6:18	G2532	κααθ	N-PRI	ABP-potolt
1Krón 6:18	G2532	αμβραμ	N-PRI	ABP-potolt
1Krón 6:18	G2532	και	CONJ	LXX_WH
1Krón 6:18	G5207	ισσααρ	N-PRI	ABP-potolt
1Krón 6:18	G5207	χεβρων	N-PRI	ABP-potolt
1Krón 6:18	G2532	και	CONJ	LXX_WH
1Krón 6:18	G2532	οζιηλ	N-PRI	ABP-potolt
1Krón 6:19	G5207	υιοι	N-NPM	LXX_WH
1Krón 6:19		μεραρι	N-PRI	ELTERO_SZOVEGALAP
1Krón 6:19		μοολι	N-PRI	ELTERO_SZOVEGALAP
1Krón 6:19	G2532	και	CONJ	LXX_WH
1Krón 6:19	G5207	ομουσι	N-PRI	ABP-potolt
1Krón 6:19	G2532	και	CONJ	LXX_WH
1Krón 6:19	G3778	αυται	D-NPF	LXX_WH
1Krón 6:19	G3588	αι	T-NPF	LXX_WH
1Krón 6:19	G3965	πατριαι	N-NPF	LXX_WH
1Krón 6:19	G3588	του	T-GSM	LXX_WH
1Krón 6:19	G3017	λευι	N-PRI	LXX_WH
1Krón 6:19	G2596	κατα	PREP	LXX_WH
1Krón 6:19	G3965	πατριας	N-APF	LXX_WH
1Krón 6:19	G0846	αυτων	D-GPM	LXX_WH
1Krón 6:20	G3588	τω	T-DSM	LXX_WH
1Krón 6:20		γεδσων	N-PRI	ELTERO_SZOVEGALAP
1Krón 6:20	G3588	τω	T-DSM	LXX_WH
1Krón 6:20	G5207	λοβενι	N-PRI	ABP-potolt
1Krón 6:20	G5207	υιω	N-DSM	LXX_WH
1Krón 6:20	G0846	αυτου	D-GSM	LXX_WH
1Krón 6:20		ιεεθ	N-PRI	ELTERO_SZOVEGALAP
1Krón 6:20	G5207	υιος	N-NSM	LXX_WH
1Krón 6:20	G0846	αυτου	D-GSM	LXX_WH
1Krón 6:20		ζεμμα	N-PRI	ELTERO_SZOVEGALAP
1Krón 6:20	G5207	υιος	N-NSM	LXX_WH
1Krón 6:20	G0846	αυτου	D-GSM	LXX_WH
1Krón 6:21	G5207	ιωαχ	N-PRI	ABP-potolt
1Krón 6:21	G5207	υιος	N-NSM	LXX_WH
1Krón 6:21	G0846	αυτου	D-GSM	LXX_WH
1Krón 6:21	G0078	αδδι	N-PRI	LXX_WH
1Krón 6:21	G5207	υιος	N-NSM	LXX_WH
1Krón 6:21	G0846	αυτου	D-GSM	LXX_WH
1Krón 6:21	G2196	ζαρα	N-PRI	LXX_WH
1Krón 6:21	G5207	υιος	N-NSM	LXX_WH
1Krón 6:21	G0846	αυτου	D-GSM	LXX_WH
1Krón 6:21		ιεθρι	N-PRI	ELTERO_SZOVEGALAP
1Krón 6:21	G5207	υιος	N-NSM	LXX_WH
1Krón 6:21	G0846	αυτου	D-GSM	LXX_WH
1Krón 6:22	G5207	υιοι	N-NPM	LXX_WH
1Krón 6:22		κααθ	N-PRI	ELTERO_SZOVEGALAP
1Krón 6:22	G0284	αμιναδαβ	N-PRI	LXX_WH
1Krón 6:22	G5207	υιος	N-NSM	LXX_WH
1Krón 6:22	G0846	αυτου	D-GSM	LXX_WH
1Krón 6:22	G2879	κορε	N-PRI	LXX_WH
1Krón 6:22	G5207	υιος	N-NSM	LXX_WH
1Krón 6:22	G0846	αυτου	D-GSM	LXX_WH
1Krón 6:22		ασιρ	N-PRI	ELTERO_SZOVEGALAP
1Krón 6:22	G5207	υιος	N-NSM	LXX_WH
1Krón 6:22	G0846	αυτου	D-GSM	LXX_WH
1Krón 6:23	G5207	ελκανα	N-PRI	ABP-potolt
1Krón 6:23	G5207	υιος	N-NSM	LXX_WH
1Krón 6:23	G0846	αυτου	D-GSM	LXX_WH
1Krón 6:23	G2532	και	CONJ	LXX_WH
1Krón 6:23		αβιασαφ	N-PRI	ELTERO_SZOVEGALAP
1Krón 6:23	G5207	υιος	N-NSM	LXX_WH
1Krón 6:23	G0846	αυτου	D-GSM	LXX_WH
1Krón 6:23		ασιρ	N-PRI	ELTERO_SZOVEGALAP
1Krón 6:23	G5207	υιος	N-NSM	LXX_WH
1Krón 6:23	G0846	αυτου	D-GSM	LXX_WH
1Krón 6:24	G5207	θααθ	N-PRI	ABP-potolt
1Krón 6:24	G5207	υιος	N-NSM	LXX_WH
1Krón 6:24	G0846	αυτου	D-GSM	LXX_WH
1Krón 6:24		ουριηλ	N-PRI	ELTERO_SZOVEGALAP
1Krón 6:24	G5207	υιος	N-NSM	LXX_WH
1Krón 6:24	G0846	αυτου	D-GSM	LXX_WH
1Krón 6:24		οζια	N-PRI	ELTERO_SZOVEGALAP
1Krón 6:24	G5207	υιος	N-NSM	LXX_WH
1Krón 6:24	G0846	αυτου	D-GSM	LXX_WH
1Krón 6:24	G4549	σαουλ	N-PRI	LXX_WH
1Krón 6:24	G5207	υιος	N-NSM	LXX_WH
1Krón 6:24	G0846	αυτου	D-GSM	LXX_WH
1Krón 6:25	G2532	και	CONJ	LXX_WH
1Krón 6:25	G5207	υιοι	N-NPM	LXX_WH
1Krón 6:25		ελκανα	N-PRI	
1Krón 6:25		αμασι	N-PRI	
1Krón 6:25	G2532	και	CONJ	LXX_WH
1Krón 6:25		αχιμωθ	N-PRI	
1Krón 6:26	G5207	ελκανα	N-PRI	ABP-potolt
1Krón 6:26	G5207	υιος	N-NSM	LXX_WH
1Krón 6:26	G0846	αυτου	D-GSM	LXX_WH
1Krón 6:26		σουφι	N-PRI	ELTERO_SZOVEGALAP
1Krón 6:26	G5207	υιος	N-NSM	LXX_WH
1Krón 6:26	G0846	αυτου	D-GSM	LXX_WH
1Krón 6:26	G2532	και	CONJ	LXX_WH
1Krón 6:26		νααθ	N-PRI	ELTERO_SZOVEGALAP
1Krón 6:26	G5207	υιος	N-NSM	LXX_WH
1Krón 6:26	G0846	αυτου	D-GSM	LXX_WH
1Krón 6:27	G5207	ελιαβ	N-PRI	ABP-potolt
1Krón 6:27	G5207	υιος	N-NSM	LXX_WH
1Krón 6:27	G0846	αυτου	D-GSM	LXX_WH
1Krón 6:27		ιδαερ	N-PRI	ELTERO_SZOVEGALAP
1Krón 6:27	G5207	υιος	N-NSM	LXX_WH
1Krón 6:27	G0846	αυτου	D-GSM	LXX_WH
1Krón 6:27		ελκανα	N-PRI	ELTERO_SZOVEGALAP
1Krón 6:27	G5207	υιος	N-NSM	LXX_WH
1Krón 6:27	G0846	αυτου	D-GSM	LXX_WH
1Krón 6:28	G5207	υιοι	N-NPM	LXX_WH
1Krón 6:28	G4545	σαμουηλ	N-PRI	LXX_WH
1Krón 6:28	G3588	ο	T-NSM	LXX_WH
1Krón 6:28	G4416	πρωτοτοκος	A-NSM	LXX_WH
1Krón 6:28		σανι	N-PRI	ELTERO_SZOVEGALAP
1Krón 6:28	G2532	και	CONJ	LXX_WH
1Krón 6:28	G0007	αβια	N-PRI	LXX_WH
1Krón 6:29	G5207	υιοι	N-NPM	LXX_WH
1Krón 6:29	G5207	μεραρι	N-PRI	ABP-potolt
1Krón 6:29	G5207	μοολι	N-PRI	ABP-potolt
1Krón 6:29	G5207	λοβενι	N-PRI	ABP-potolt
1Krón 6:29	G5207	υιος	N-NSM	LXX_WH
1Krón 6:29	G0846	αυτου	D-GSM	LXX_WH
1Krón 6:29	G4584	σεμει	N-PRI	LXX_WH
1Krón 6:29	G5207	υιος	N-NSM	LXX_WH
1Krón 6:29	G0846	αυτου	D-GSM	LXX_WH
1Krón 6:29		οζα	N-PRI	ELTERO_SZOVEGALAP
1Krón 6:29	G5207	υιος	N-NSM	LXX_WH
1Krón 6:29	G0846	αυτου	D-GSM	LXX_WH
1Krón 6:30	G5207	σομεα	N-PRI	ABP-potolt
1Krón 6:30	G5207	υιος	N-NSM	LXX_WH
1Krón 6:30	G0846	αυτου	D-GSM	LXX_WH
1Krón 6:30		αγγια	N-PRI	ELTERO_SZOVEGALAP
1Krón 6:30	G5207	υιος	N-NSM	LXX_WH
1Krón 6:30	G0846	αυτου	D-GSM	LXX_WH
1Krón 6:30		ασαια	N-PRI	ELTERO_SZOVEGALAP
1Krón 6:30	G5207	υιος	N-NSM	LXX_WH
1Krón 6:30	G0846	αυτου	D-GSM	LXX_WH
1Krón 6:31	G2532	και	CONJ	LXX_WH
1Krón 6:31	G3778	ουτοι	D-NPM	LXX_WH
1Krón 6:31	G3739	ους	R-APM	LXX_WH
1Krón 6:31	G2525	κατεστησεν	V-AAI-3S	LXX_WH
1Krón 6:31	G2525	δαυιδ	N-PRI	ABP-potolt
1Krón 6:31	G1909	επι	PREP	LXX_WH
1Krón 6:31	G5495	χειρας	N-APF	LXX_WH
1Krón 6:31	G0103	αδοντων	V-PAPGP	LXX_WH
1Krón 6:31	G1722	εν	PREP	LXX_WH
1Krón 6:31	G3624	οικω	N-DSM	LXX_WH
1Krón 6:31	G2962	κυριου	N-GSM	LXX_WH
1Krón 6:31	G1722	εν	PREP	LXX_WH
1Krón 6:31	G3588	τη	T-DSF	LXX_WH
1Krón 6:31	G2663	καταπαυσει	N-DSF	LXX_WH
1Krón 6:31	G3588	της	T-GSF	LXX_WH
1Krón 6:31	G2787	κιβωτου	N-GSF	LXX_WH
1Krón 6:32	G2532	και	CONJ	LXX_WH
1Krón 6:32	G1510	ησαν	V-IAI-3P	LXX_WH
1Krón 6:32	G3008	λειτουργουντες	V-PAPNP	LXX_WH
1Krón 6:32	G1726	εναντιον	PREP	LXX_WH
1Krón 6:32	G3588	της	T-GSF	LXX_WH
1Krón 6:32	G4633	σκηνης	N-GSF	LXX_WH
1Krón 6:32	G3624	οικου	N-GSM	LXX_WH
1Krón 6:32	G3142	μαρτυριου	N-GSN	LXX_WH
1Krón 6:32	G1722	εν	PREP	LXX_WH
1Krón 6:32	G5603	οργανοις	N-DPN	ABP-potolt
1Krón 6:32	G2193	εως	PREP	LXX_WH
1Krón 6:32	G3739	ου	R-GSM	LXX_WH
1Krón 6:32	G3618	ωκοδομησεν	V-AAI-3S	LXX_WH
1Krón 6:32	G3588	σαλωμων	N-PRI	ABP-potolt
1Krón 6:32	G3588	τον	T-ASM	LXX_WH
1Krón 6:32	G3624	οικον	N-ASM	LXX_WH
1Krón 6:32	G2962	κυριου	N-GSM	LXX_WH
1Krón 6:32	G1722	εν	PREP	LXX_WH
1Krón 6:32	G2419	ιερουσαλημ	N-PRI	LXX_WH
1Krón 6:32	G2532	και	CONJ	LXX_WH
1Krón 6:32	G2476	εστησαν	V-AAI-3P	LXX_WH
1Krón 6:32	G2596	κατα	PREP	LXX_WH
1Krón 6:32	G3588	την	T-ASF	LXX_WH
1Krón 6:32	G2920	κρισιν	N-ASF	LXX_WH
1Krón 6:32	G0846	αυτων	D-GPM	LXX_WH
1Krón 6:32	G1909	επι	PREP	LXX_WH
1Krón 6:32	G3588	τας	T-APF	LXX_WH
1Krón 6:32	G3009	λειτουργιας	N-APF	LXX_WH
1Krón 6:32	G0846	αυτων	D-GPM	LXX_WH
1Krón 6:33	G2532	και	CONJ	LXX_WH
1Krón 6:33	G3778	ουτοι	D-NPM	LXX_WH
1Krón 6:33	G3588	οι	T-NPM	LXX_WH
1Krón 6:33	G2476	εστηκοτες	V-RAPNP	LXX_WH
1Krón 6:33	G2532	και	CONJ	LXX_WH
1Krón 6:33	G3588	οι	T-NPM	LXX_WH
1Krón 6:33	G5207	υιοι	N-NPM	LXX_WH
1Krón 6:33	G0846	αυτων	D-GPM	LXX_WH
1Krón 6:33	G1537	εκ	PREP	LXX_WH
1Krón 6:33	G3588	των	T-GPM	LXX_WH
1Krón 6:33	G5207	υιων	N-GPM	LXX_WH
1Krón 6:33	G3588	του	T-GSM	LXX_WH
1Krón 6:33	G5207	κααθ	N-PRI	ABP-potolt
1Krón 6:33	G5207	αιμαν	N-PRI	ABP-potolt
1Krón 6:33	G3588	ο	T-NSM	LXX_WH
1Krón 6:33	G5568	ψαλτωδος	A-NSM	ABP-potolt
1Krón 6:33	G5207	υιος	N-NSM	LXX_WH
1Krón 6:33	G2493	ιωηλ	N-PRI	LXX_WH
1Krón 6:33	G5207	υιου	N-GSM	LXX_WH
1Krón 6:33	G4545	σαμουηλ	N-PRI	LXX_WH
1Krón 6:34	G5207	υιου	N-GSM	LXX_WH
1Krón 6:34	G5207	ελκανα	N-PRI	ABP-potolt
1Krón 6:34	G5207	υιου	N-GSM	LXX_WH
1Krón 6:34	G5207	ηδαδ	N-PRI	ABP-potolt
1Krón 6:34	G5207	υιου	N-GSM	LXX_WH
1Krón 6:34	G5207	ελιηλ	N-PRI	ABP-potolt
1Krón 6:34	G5207	υιου	N-GSM	LXX_WH
1Krón 6:34	G5207	θιε	N-PRI	ABP-potolt
1Krón 6:35	G5207	υιου	N-GSM	LXX_WH
1Krón 6:35	G5207	σουφ	N-PRI	ABP-potolt
1Krón 6:35	G5207	υιου	N-GSM	LXX_WH
1Krón 6:35	G5207	ελκανα	N-PRI	ABP-potolt
1Krón 6:35	G5207	υιου	N-GSM	LXX_WH
1Krón 6:35	G5207	μεθ	N-PRI	ABP-potolt
1Krón 6:35	G5207	υιου	N-GSM	LXX_WH
1Krón 6:35	G5207	αμασιου	N-GSM	ABP-potolt
1Krón 6:36	G5207	υιου	N-GSM	LXX_WH
1Krón 6:36	G5207	ελκανα	N-PRI	ABP-potolt
1Krón 6:36	G5207	υιου	N-GSM	LXX_WH
1Krón 6:36	G2493	ιωηλ	N-PRI	LXX_WH
1Krón 6:36	G5207	υιου	N-GSM	LXX_WH
1Krón 6:36	G5207	αζαρια	N-PRI	ABP-potolt
1Krón 6:36	G5207	υιου	N-GSM	LXX_WH
1Krón 6:36	G5207	σαφανια	N-PRI	ABP-potolt
1Krón 6:37	G5207	υιου	N-GSM	LXX_WH
1Krón 6:37	G5207	θααθ	N-PRI	ABP-potolt
1Krón 6:37	G5207	υιου	N-GSM	LXX_WH
1Krón 6:37	G5207	ασιρ	N-PRI	ABP-potolt
1Krón 6:37	G5207	υιου	N-GSM	LXX_WH
1Krón 6:37	G5207	αβιασαφ	N-PRI	ABP-potolt
1Krón 6:37	G5207	υιου	N-GSM	LXX_WH
1Krón 6:37	G2879	κορε	N-PRI	LXX_WH
1Krón 6:38	G5207	υιου	N-GSM	LXX_WH
1Krón 6:38	G5207	ισσααρ	N-PRI	ABP-potolt
1Krón 6:38	G5207	υιου	N-GSM	LXX_WH
1Krón 6:38	G5207	κααθ	N-PRI	ABP-potolt
1Krón 6:38	G5207	υιου	N-GSM	LXX_WH
1Krón 6:38	G3017	λευι	N-PRI	LXX_WH
1Krón 6:38	G5207	υιου	N-GSM	LXX_WH
1Krón 6:38	G2474	ισραηλ	N-PRI	LXX_WH
1Krón 6:39	G2532	και	CONJ	LXX_WH
1Krón 6:39	G0080	αδελφος	N-NSM	LXX_WH
1Krón 6:39	G0846	αυτου	D-GSM	LXX_WH
1Krón 6:39		ασαφ	N-PRI	ELTERO_SZOVEGALAP
1Krón 6:39	G3588	ο	T-NSM	LXX_WH
1Krón 6:39	G2476	εστηκως	V-RAPNS	LXX_WH
1Krón 6:39	G1722	εν	PREP	LXX_WH
1Krón 6:39	G1188	δεξια	A-DSF	LXX_WH
1Krón 6:39	G0846	αυτου	D-GSM	LXX_WH
1Krón 6:39		ασαφ	N-PRI	ELTERO_SZOVEGALAP
1Krón 6:39	G5207	υιος	N-NSM	LXX_WH
1Krón 6:39		βαραχια	N-PRI	ELTERO_SZOVEGALAP
1Krón 6:39	G5207	υιου	N-GSM	LXX_WH
1Krón 6:39	G5207	σαμαα	N-PRI	ABP-potolt
1Krón 6:40	G5207	υιου	N-GSM	LXX_WH
1Krón 6:40	G3413	μιχαηλ	N-PRI	LXX_WH
1Krón 6:40	G5207	υιου	N-GSM	LXX_WH
1Krón 6:40	G5207	μαασια	N-PRI	ABP-potolt
1Krón 6:40	G5207	υιου	N-GSM	LXX_WH
1Krón 6:40	G5207	μελχια	N-PRI	ABP-potolt
1Krón 6:41	G5207	υιου	N-GSM	LXX_WH
1Krón 6:41	G5207	αθανι	N-PRI	ABP-potolt
1Krón 6:41	G5207	υιου	N-GSM	LXX_WH
1Krón 6:41	G5207	ζαραι	N-PRI	ABP-potolt
1Krón 6:41	G5207	υιου	N-GSM	LXX_WH
1Krón 6:41	G5207	αδια	N-PRI	ABP-potolt
1Krón 6:42	G5207	υιου	N-GSM	LXX_WH
1Krón 6:42	G5207	αιθαν	N-PRI	ABP-potolt
1Krón 6:42	G5207	υιου	N-GSM	LXX_WH
1Krón 6:42	G5207	ζαμμα	N-PRI	ABP-potolt
1Krón 6:42	G5207	υιου	N-GSM	LXX_WH
1Krón 6:42	G4584	σεμει	N-PRI	LXX_WH
1Krón 6:43	G5207	υιου	N-GSM	LXX_WH
1Krón 6:43	G5207	ηχα	N-PRI	ABP-potolt
1Krón 6:43	G5207	υιου	N-GSM	LXX_WH
1Krón 6:43	G5207	γεδσων	N-PRI	ABP-potolt
1Krón 6:43	G5207	υιου	N-GSM	LXX_WH
1Krón 6:43	G3017	λευι	N-PRI	LXX_WH
1Krón 6:44	G2532	και	CONJ	LXX_WH
1Krón 6:44	G5207	υιοι	N-NPM	LXX_WH
1Krón 6:44	G3588	μεραρι	N-PRI	ABP-potolt
1Krón 6:44	G0080	αδελφου	N-GSM	LXX_WH
1Krón 6:44	G0846	αυτων	D-GPM	LXX_WH
1Krón 6:44	G1537	εξ	PREP	LXX_WH
1Krón 6:44	G0710	αριστερων	A-GPM	LXX_WH
1Krón 6:44	G5207	αιθαν	N-PRI	ABP-potolt
1Krón 6:44	G5207	υιος	N-NSM	LXX_WH
1Krón 6:44	G5207	κισαι	N-PRI	ABP-potolt
1Krón 6:44	G5207	υιου	N-GSM	LXX_WH
1Krón 6:44	G5207	αβδι	N-PRI	ABP-potolt
1Krón 6:44	G5207	υιου	N-GSM	LXX_WH
1Krón 6:44	G5207	μαλωχ	N-PRI	ABP-potolt
1Krón 6:45	G5207	υιου	N-GSM	LXX_WH
1Krón 6:45	G5207	ασεβι	N-PRI	ABP-potolt
1Krón 6:45	G5207	υιου	N-GSM	LXX_WH
1Krón 6:45	G5207	αμεσσια	N-PRI	ABP-potolt
1Krón 6:45	G5207	υιου	N-GSM	LXX_WH
1Krón 6:45	G5207	χελκιου	N-GSM	ABP-potolt
1Krón 6:46	G5207	υιου	N-GSM	LXX_WH
1Krón 6:46	G5207	αμασαι	N-PRI	ABP-potolt
1Krón 6:46	G5207	υιου	N-GSM	LXX_WH
1Krón 6:46	G5207	βανι	N-PRI	ABP-potolt
1Krón 6:46	G5207	υιου	N-GSM	LXX_WH
1Krón 6:46	G5207	σεμμηρ	N-PRI	ABP-potolt
1Krón 6:47	G5207	υιου	N-GSM	LXX_WH
1Krón 6:47	G5207	μοολι	N-PRI	ABP-potolt
1Krón 6:47	G5207	υιου	N-GSM	LXX_WH
1Krón 6:47	G5207	μουσι	N-PRI	ABP-potolt
1Krón 6:47	G5207	υιου	N-GSM	LXX_WH
1Krón 6:47	G5207	μεραρι	N-PRI	ABP-potolt
1Krón 6:47	G5207	υιου	N-GSM	LXX_WH
1Krón 6:47	G3017	λευι	N-PRI	LXX_WH
1Krón 6:48	G2532	και	CONJ	LXX_WH
1Krón 6:48	G0080	αδελφοι	N-NPM	LXX_WH
1Krón 6:48	G0846	αυτων	D-GPM	LXX_WH
1Krón 6:48	G2596	κατ	PREP	LXX_WH
1Krón 6:48	G3624	οικους	N-APM	LXX_WH
1Krón 6:48	G3965	πατριων	N-GPF	LXX_WH
1Krón 6:48	G0846	αυτων	D-GPM	LXX_WH
1Krón 6:48	G3588	οι	T-NPM	LXX_WH
1Krón 6:48	G3019	λευιται	N-NPM	LXX_WH
1Krón 6:48	G1325	δεδομενοι	V-RMPNP	LXX_WH
1Krón 6:48	G1519	εις	PREP	LXX_WH
1Krón 6:48	G3956	πασαν	A-ASF	LXX_WH
1Krón 6:48	G2039	εργασιαν	N-ASF	LXX_WH
1Krón 6:48	G3009	λειτουργιας	N-GSF	LXX_WH
1Krón 6:48	G4633	σκηνης	N-GSF	LXX_WH
1Krón 6:48	G3624	οικου	N-GSM	LXX_WH
1Krón 6:48	G3588	του	T-GSM	LXX_WH
1Krón 6:48	G2316	θεου	N-GSM	LXX_WH
1Krón 6:49	G2532	και	CONJ	LXX_WH
1Krón 6:49	G0002	ααρων	N-PRI	LXX_WH
1Krón 6:49	G2532	και	CONJ	LXX_WH
1Krón 6:49	G3588	οι	T-NPM	LXX_WH
1Krón 6:49	G5207	υιοι	N-NPM	LXX_WH
1Krón 6:49	G0846	αυτου	D-GSM	LXX_WH
1Krón 6:49		θυμιωντες	V-PAPNP	ELTERO_SZOVEGALAP
1Krón 6:49	G1909	επι	PREP	LXX_WH
1Krón 6:49	G3588	το	T-ASN	LXX_WH
1Krón 6:49	G2379	θυσιαστηριον	N-ASN	LXX_WH
1Krón 6:49	G3588	των	T-GPN	LXX_WH
1Krón 6:49	G3646	ολοκαυτωματων	N-GPN	LXX_WH
1Krón 6:49	G2532	και	CONJ	LXX_WH
1Krón 6:49	G1909	επι	PREP	LXX_WH
1Krón 6:49	G3588	το	T-ASN	LXX_WH
1Krón 6:49	G2379	θυσιαστηριον	N-ASN	LXX_WH
1Krón 6:49	G3588	των	T-GPN	LXX_WH
1Krón 6:49	G2368	θυμιαματων	N-GPN	LXX_WH
1Krón 6:49	G1519	εις	PREP	LXX_WH
1Krón 6:49	G3956	πασαν	A-ASF	LXX_WH
1Krón 6:49	G2039	εργασιαν	N-ASF	LXX_WH
1Krón 6:49	G0040	αγια	A-APN	LXX_WH
1Krón 6:49	G3588	των	T-GPM	LXX_WH
1Krón 6:49	G0040	αγιων	A-GPM	LXX_WH
1Krón 6:49	G2532	και	CONJ	LXX_WH
1Krón 6:49	G1837	εξιλασκεσθαι	V-PMN	ABP-potolt
1Krón 6:49	G4012	περι	PREP	LXX_WH
1Krón 6:49	G2474	ισραηλ	N-PRI	LXX_WH
1Krón 6:49	G2596	κατα	PREP	LXX_WH
1Krón 6:49	G3956	παντα	A-APN	LXX_WH
1Krón 6:49	G3745	οσα	A-APN	LXX_WH
1Krón 6:49	G1781	ενετειλατο	V-AMI-3S	LXX_WH
1Krón 6:49		μωυσης	N-NSM	ELTERO_SZOVEGALAP
1Krón 6:49	G3816	παις	N-NSM	LXX_WH
1Krón 6:49	G3588	του	T-GSM	LXX_WH
1Krón 6:49	G2316	θεου	N-GSM	LXX_WH
1Krón 6:50	G2532	και	CONJ	LXX_WH
1Krón 6:50	G3778	ουτοι	D-NPM	LXX_WH
1Krón 6:50	G5207	υιοι	N-NPM	LXX_WH
1Krón 6:50	G0002	ααρων	N-PRI	LXX_WH
1Krón 6:50	G1648	ελεαζαρ	N-PRI	LXX_WH
1Krón 6:50	G5207	υιος	N-NSM	LXX_WH
1Krón 6:50	G0846	αυτου	D-GSM	LXX_WH
1Krón 6:50		φινεες	N-PRI	ELTERO_SZOVEGALAP
1Krón 6:50	G5207	υιος	N-NSM	LXX_WH
1Krón 6:50	G0846	αυτου	D-GSM	LXX_WH
1Krón 6:50		αβισου	N-PRI	ELTERO_SZOVEGALAP
1Krón 6:50	G5207	υιος	N-NSM	LXX_WH
1Krón 6:50	G0846	αυτου	D-GSM	LXX_WH
1Krón 6:51	G5207	βωκαι	N-PRI	ABP-potolt
1Krón 6:51	G5207	υιος	N-NSM	LXX_WH
1Krón 6:51	G0846	αυτου	D-GSM	LXX_WH
1Krón 6:51		οζι	N-PRI	ELTERO_SZOVEGALAP
1Krón 6:51	G5207	υιος	N-NSM	LXX_WH
1Krón 6:51	G0846	αυτου	D-GSM	LXX_WH
1Krón 6:51		ζαραια	N-PRI	ELTERO_SZOVEGALAP
1Krón 6:51	G5207	υιος	N-NSM	LXX_WH
1Krón 6:51	G0846	αυτου	D-GSM	LXX_WH
1Krón 6:52	G5207	μαριηλ	N-PRI	ABP-potolt
1Krón 6:52	G5207	υιος	N-NSM	LXX_WH
1Krón 6:52	G0846	αυτου	D-GSM	LXX_WH
1Krón 6:52		αμαρια	N-PRI	ELTERO_SZOVEGALAP
1Krón 6:52	G5207	υιος	N-NSM	LXX_WH
1Krón 6:52	G0846	αυτου	D-GSM	LXX_WH
1Krón 6:52		αχιτωβ	N-PRI	ELTERO_SZOVEGALAP
1Krón 6:52	G5207	υιος	N-NSM	LXX_WH
1Krón 6:52	G0846	αυτου	D-GSM	LXX_WH
1Krón 6:53	G4524	σαδωκ	N-PRI	LXX_WH
1Krón 6:53	G5207	υιος	N-NSM	LXX_WH
1Krón 6:53	G0846	αυτου	D-GSM	LXX_WH
1Krón 6:53		αχιμαας	N-PRI	ELTERO_SZOVEGALAP
1Krón 6:53	G5207	υιος	N-NSM	LXX_WH
1Krón 6:53	G0846	αυτου	D-GSM	LXX_WH
1Krón 6:54	G2532	και	CONJ	LXX_WH
1Krón 6:54	G3778	αυται	D-NPF	LXX_WH
1Krón 6:54	G3588	αι	T-NPF	LXX_WH
1Krón 6:54	G2733	κατοικιαι	N-NPF	LXX_WH
1Krón 6:54	G0846	αυτων	D-GPM	LXX_WH
1Krón 6:54	G1722	εν	PREP	LXX_WH
1Krón 6:54	G3588	ταις	T-DPF	LXX_WH
1Krón 6:54	G2864	κωμαις	N-DPF	LXX_WH
1Krón 6:54	G0846	αυτων	D-GPM	LXX_WH
1Krón 6:54	G1722	εν	PREP	LXX_WH
1Krón 6:54	G3588	τοις	T-DPN	LXX_WH
1Krón 6:54	G3725	οριοις	N-DPN	LXX_WH
1Krón 6:54	G0846	αυτων	D-GPM	LXX_WH
1Krón 6:54	G3588	τοις	T-DPM	LXX_WH
1Krón 6:54	G5207	υιοις	N-DPM	LXX_WH
1Krón 6:54	G0002	ααρων	N-PRI	LXX_WH
1Krón 6:54	G3588	τη	T-DSF	LXX_WH
1Krón 6:54	G3965	πατρια	N-DSF	LXX_WH
1Krón 6:54	G3588	του	T-GSM	LXX_WH
1Krón 6:54		κααθι	N-PRI	ELTERO_SZOVEGALAP
1Krón 6:54	G3754	οτι	CONJ	LXX_WH
1Krón 6:54	G0846	αυτοις	D-DPM	LXX_WH
1Krón 6:54	G1096	εγενετο	V-AMI-3S	LXX_WH
1Krón 6:54	G3588	ο	T-NSM	LXX_WH
1Krón 6:54	G2819	κληρος	N-NSM	LXX_WH
1Krón 6:55	G2532	και	CONJ	LXX_WH
1Krón 6:55	G1325	εδωκαν	V-AAI-3P	LXX_WH
1Krón 6:55	G0846	αυτοις	D-DPM	LXX_WH
1Krón 6:55	G3588	την	T-ASF	LXX_WH
1Krón 6:55		χεβρων	N-PRI	ELTERO_SZOVEGALAP
1Krón 6:55	G1722	εν	PREP	LXX_WH
1Krón 6:55	G1065	γη	N-DSF	LXX_WH
1Krón 6:55	G2448	ιουδα	N-PRI	LXX_WH
1Krón 6:55	G2532	και	CONJ	LXX_WH
1Krón 6:55	G3588	τα	T-APN	LXX_WH
1Krón 6:55		περισπορια	N-APN	ELTERO_SZOVEGALAP
1Krón 6:55	G0846	αυτης	D-GSF	LXX_WH
1Krón 6:55		κυκλω	N-DSM	ELTERO_SZOVEGALAP
1Krón 6:55	G0846	αυτης	D-GSF	LXX_WH
1Krón 6:56	G2532	και	CONJ	LXX_WH
1Krón 6:56	G3588	τα	T-APN	LXX_WH
1Krón 6:56	G0068	πεδια	N-APN	ABP-potolt
1Krón 6:56	G3588	της	T-GSF	LXX_WH
1Krón 6:56	G4172	πολεως	N-GSF	LXX_WH
1Krón 6:56	G2532	και	CONJ	LXX_WH
1Krón 6:56	G3588	τας	T-APF	LXX_WH
1Krón 6:56	G2864	κωμας	N-APF	LXX_WH
1Krón 6:56	G0846	αυτης	D-GSF	LXX_WH
1Krón 6:56	G1325	εδωκαν	V-AAI-3P	LXX_WH
1Krón 6:56	G3588	τω	T-DSM	LXX_WH
1Krón 6:56		χαλεβ	N-PRI	ELTERO_SZOVEGALAP
1Krón 6:56	G5207	υιω	N-DSM	LXX_WH
1Krón 6:56		ιεφοννη	N-PRI	ELTERO_SZOVEGALAP
1Krón 6:57	G2532	και	CONJ	LXX_WH
1Krón 6:57	G3588	τοις	T-DPM	LXX_WH
1Krón 6:57	G5207	υιοις	N-DPM	LXX_WH
1Krón 6:57	G0002	ααρων	N-PRI	LXX_WH
1Krón 6:57	G1325	εδωκαν	V-AAI-3P	LXX_WH
1Krón 6:57	G3588	τας	T-APF	LXX_WH
1Krón 6:57	G4172	πολεις	N-APF	LXX_WH
1Krón 6:57	G3588	των	T-GPN	LXX_WH
1Krón 6:57		φυγαδευτηριων	N-GPN	
1Krón 6:57	G3588	την	T-ASF	LXX_WH
1Krón 6:57	G4049	χεβρων	N-PRI	ABP-potolt
1Krón 6:57	G2532	και	CONJ	LXX_WH
1Krón 6:57	G3588	την	T-ASF	LXX_WH
1Krón 6:57	G4049	λοβνα	N-PRI	ABP-potolt
1Krón 6:57	G2532	και	CONJ	LXX_WH
1Krón 6:57	G3588	τα	T-APN	LXX_WH
1Krón 6:57		περισπορια	N-APN	ELTERO_SZOVEGALAP
1Krón 6:57	G0846	αυτης	D-GSF	LXX_WH
1Krón 6:57	G2532	και	CONJ	LXX_WH
1Krón 6:57	G3588	την	T-ASF	LXX_WH
1Krón 6:57	G4049	σελνα	N-PRI	ABP-potolt
1Krón 6:57	G2532	και	CONJ	LXX_WH
1Krón 6:57	G3588	τα	T-APN	LXX_WH
1Krón 6:57		περισπορια	N-APN	ELTERO_SZOVEGALAP
1Krón 6:57	G0846	αυτης	D-GSF	LXX_WH
1Krón 6:57	G2532	και	CONJ	LXX_WH
1Krón 6:57	G3588	την	T-ASF	LXX_WH
1Krón 6:57	G4049	εσθαμω	N-PRI	ABP-potolt
1Krón 6:57	G2532	και	CONJ	LXX_WH
1Krón 6:57	G3588	τα	T-APN	LXX_WH
1Krón 6:57		περισπορια	N-APN	ELTERO_SZOVEGALAP
1Krón 6:57	G0846	αυτης	D-GSF	LXX_WH
1Krón 6:58	G2532	και	CONJ	LXX_WH
1Krón 6:58	G3588	την	T-ASF	LXX_WH
1Krón 6:58	G4049	ιεθθαρ	N-PRI	ABP-potolt
1Krón 6:58	G2532	και	CONJ	LXX_WH
1Krón 6:58	G3588	τα	T-APN	LXX_WH
1Krón 6:58		περισπορια	N-APN	ELTERO_SZOVEGALAP
1Krón 6:58	G0846	αυτης	D-GSF	LXX_WH
1Krón 6:58	G2532	και	CONJ	LXX_WH
1Krón 6:58	G3588	την	T-ASF	LXX_WH
1Krón 6:58	G4049	δαβιρ	N-PRI	ABP-potolt
1Krón 6:58	G2532	και	CONJ	LXX_WH
1Krón 6:58	G3588	τα	T-APN	LXX_WH
1Krón 6:58		περισπορια	N-APN	ELTERO_SZOVEGALAP
1Krón 6:58	G0846	αυτης	D-GSF	LXX_WH
1Krón 6:59	G2532	και	CONJ	LXX_WH
1Krón 6:59	G3588	την	T-ASF	LXX_WH
1Krón 6:59	G4049	ασαν	N-PRI	ABP-potolt
1Krón 6:59	G2532	και	CONJ	LXX_WH
1Krón 6:59	G3588	τα	T-APN	LXX_WH
1Krón 6:59		περισπορια	N-APN	ELTERO_SZOVEGALAP
1Krón 6:59	G0846	αυτης	D-GSF	LXX_WH
1Krón 6:59	G2532	και	CONJ	LXX_WH
1Krón 6:59	G3588	την	T-ASF	LXX_WH
1Krón 6:59	G4049	ατταν	N-PRI	ABP-potolt
1Krón 6:59	G2532	και	CONJ	LXX_WH
1Krón 6:59	G3588	τα	T-APN	LXX_WH
1Krón 6:59		περισπορια	N-APN	ELTERO_SZOVEGALAP
1Krón 6:59	G0846	αυτης	D-GSF	LXX_WH
1Krón 6:59	G2532	και	CONJ	LXX_WH
1Krón 6:59	G3588	την	T-ASF	LXX_WH
1Krón 6:59	G4049	βασαμυς	N-PRI	ABP-potolt
1Krón 6:59	G2532	και	CONJ	LXX_WH
1Krón 6:59	G3588	τα	T-APN	LXX_WH
1Krón 6:59		περισπορια	N-APN	ELTERO_SZOVEGALAP
1Krón 6:59	G0846	αυτης	D-GSF	LXX_WH
1Krón 6:60	G2532	και	CONJ	LXX_WH
1Krón 6:60	G1537	εκ	PREP	LXX_WH
1Krón 6:60	G5443	φυλης	N-GSF	LXX_WH
1Krón 6:60	G0958	βενιαμιν	N-PRI	LXX_WH
1Krón 6:60	G3588	την	T-ASF	LXX_WH
1Krón 6:60	G4049	γαβεε	N-PRI	ABP-potolt
1Krón 6:60	G2532	και	CONJ	LXX_WH
1Krón 6:60	G3588	τα	T-APN	LXX_WH
1Krón 6:60		περισπορια	N-APN	ELTERO_SZOVEGALAP
1Krón 6:60	G0846	αυτης	D-GSF	LXX_WH
1Krón 6:60	G2532	και	CONJ	LXX_WH
1Krón 6:60	G3588	την	T-ASF	LXX_WH
1Krón 6:60	G4049	γαλεμεθ	N-PRI	ABP-potolt
1Krón 6:60	G2532	και	CONJ	LXX_WH
1Krón 6:60	G3588	τα	T-APN	LXX_WH
1Krón 6:60		περισπορια	N-APN	ELTERO_SZOVEGALAP
1Krón 6:60	G0846	αυτης	D-GSF	LXX_WH
1Krón 6:60	G2532	και	CONJ	LXX_WH
1Krón 6:60	G3588	την	T-ASF	LXX_WH
1Krón 6:60	G4049	αγχωχ	N-PRI	ABP-potolt
1Krón 6:60	G2532	και	CONJ	LXX_WH
1Krón 6:60	G3588	τα	T-APN	LXX_WH
1Krón 6:60		περισπορια	N-APN	ELTERO_SZOVEGALAP
1Krón 6:60	G0846	αυτης	D-GSF	LXX_WH
1Krón 6:60	G3956	πασαι	A-NPF	LXX_WH
1Krón 6:60	G3588	αι	T-NPF	LXX_WH
1Krón 6:60	G4172	πολεις	N-NPF	LXX_WH
1Krón 6:60	G0846	αυτων	D-GPM	LXX_WH
1Krón 6:60		τρισκαιδεκα	N-NUI	ELTERO_SZOVEGALAP
1Krón 6:60	G4172	πολεις	N-NPF	LXX_WH
1Krón 6:60	G2596	κατα	PREP	LXX_WH
1Krón 6:60	G3965	πατριας	N-APF	LXX_WH
1Krón 6:60	G0846	αυτων	D-GPM	LXX_WH
1Krón 6:61	G2532	και	CONJ	LXX_WH
1Krón 6:61	G3588	τοις	T-DPM	LXX_WH
1Krón 6:61	G5207	υιοις	N-DPM	LXX_WH
1Krón 6:61		κααθ	N-PRI	ELTERO_SZOVEGALAP
1Krón 6:61	G3588	τοις	T-DPM	LXX_WH
1Krón 6:61	G2645	καταλοιποις	A-DPM	LXX_WH
1Krón 6:61	G1537	εκ	PREP	LXX_WH
1Krón 6:61	G3588	των	T-GPF	LXX_WH
1Krón 6:61	G3965	πατριων	N-GPF	LXX_WH
1Krón 6:61	G1537	εκ	PREP	LXX_WH
1Krón 6:61	G3588	της	T-GSF	LXX_WH
1Krón 6:61	G5443	φυλης	N-GSF	LXX_WH
1Krón 6:61	G1537	εκ	PREP	LXX_WH
1Krón 6:61	G3588	του	T-GSM	LXX_WH
1Krón 6:61		ημισους	A-GSF	ELTERO_SZOVEGALAP
1Krón 6:61	G5443	φυλης	N-GSF	LXX_WH
1Krón 6:61	G1722	μανασση	N-PRI	ABP-potolt
1Krón 6:61	G2819	κληρω	N-DSM	LXX_WH
1Krón 6:61	G4172	πολεις	N-NPF	LXX_WH
1Krón 6:61	G1176	δεκα	N-NUI	LXX_WH
1Krón 6:62	G2532	και	CONJ	LXX_WH
1Krón 6:62	G3588	τοις	T-DPM	LXX_WH
1Krón 6:62	G5207	υιοις	N-DPM	LXX_WH
1Krón 6:62		γεδσων	N-PRI	ELTERO_SZOVEGALAP
1Krón 6:62	G2596	κατα	PREP	LXX_WH
1Krón 6:62	G3965	πατριας	N-APF	LXX_WH
1Krón 6:62	G0846	αυτων	D-GPM	LXX_WH
1Krón 6:62	G1537	εκ	PREP	LXX_WH
1Krón 6:62	G5443	φυλης	N-GSF	LXX_WH
1Krón 6:62		ισσαχαρ	N-PRI	ELTERO_SZOVEGALAP
1Krón 6:62	G1537	εκ	PREP	LXX_WH
1Krón 6:62	G5443	φυλης	N-GSF	LXX_WH
1Krón 6:62	G0768	ασηρ	N-PRI	LXX_WH
1Krón 6:62	G1537	εκ	PREP	LXX_WH
1Krón 6:62	G5443	φυλης	N-GSF	LXX_WH
1Krón 6:62		νεφθαλι	N-PRI	ELTERO_SZOVEGALAP
1Krón 6:62	G1537	εκ	PREP	LXX_WH
1Krón 6:62	G5443	φυλης	N-GSF	LXX_WH
1Krón 6:62		μανασση	N-PRI	ELTERO_SZOVEGALAP
1Krón 6:62	G1722	εν	PREP	LXX_WH
1Krón 6:62	G3588	τη	T-DSF	LXX_WH
1Krón 6:62		βασαν	N-PRI	ELTERO_SZOVEGALAP
1Krón 6:62	G4172	πολεις	N-NPF	LXX_WH
1Krón 6:62	G5151	τρισκαιδεκα	N-NUI	ABP-potolt
1Krón 6:63	G2532	και	CONJ	LXX_WH
1Krón 6:63	G3588	τοις	T-DPM	LXX_WH
1Krón 6:63	G5207	υιοις	N-DPM	LXX_WH
1Krón 6:63		μεραρι	N-PRI	ELTERO_SZOVEGALAP
1Krón 6:63	G2596	κατα	PREP	LXX_WH
1Krón 6:63	G3965	πατριας	N-APF	LXX_WH
1Krón 6:63	G0846	αυτων	D-GPM	LXX_WH
1Krón 6:63	G1537	εκ	PREP	LXX_WH
1Krón 6:63	G5443	φυλης	N-GSF	LXX_WH
1Krón 6:63		ρουβην	N-PRI	ELTERO_SZOVEGALAP
1Krón 6:63	G1537	εκ	PREP	LXX_WH
1Krón 6:63	G5443	φυλης	N-GSF	LXX_WH
1Krón 6:63	G1045	γαδ	N-PRI	LXX_WH
1Krón 6:63	G1537	εκ	PREP	LXX_WH
1Krón 6:63	G5443	φυλης	N-GSF	LXX_WH
1Krón 6:63	G2194	ζαβουλων	N-PRI	LXX_WH
1Krón 6:63	G2819	κληρω	N-DSM	LXX_WH
1Krón 6:63	G4172	πολεις	N-NPF	LXX_WH
1Krón 6:63	G1176	δεκα	N-NUI	LXX_WH
1Krón 6:63	G1417	δυο	N-NUI	LXX_WH
1Krón 6:64	G2532	και	CONJ	LXX_WH
1Krón 6:64	G1325	εδωκαν	V-AAI-3P	LXX_WH
1Krón 6:64	G3588	οι	T-NPM	LXX_WH
1Krón 6:64	G5207	υιοι	N-NPM	LXX_WH
1Krón 6:64	G2474	ισραηλ	N-PRI	LXX_WH
1Krón 6:64	G3588	τοις	T-DPM	LXX_WH
1Krón 6:64	G3019	λευιταις	N-DPM	LXX_WH
1Krón 6:64	G3588	τας	T-APF	LXX_WH
1Krón 6:64	G4172	πολεις	N-APF	LXX_WH
1Krón 6:64	G2532	και	CONJ	LXX_WH
1Krón 6:64	G3588	τα	T-APN	LXX_WH
1Krón 6:64		περισπορια	N-APN	ELTERO_SZOVEGALAP
1Krón 6:64	G0846	αυτων	D-GPM	LXX_WH
1Krón 6:65	G2532	και	CONJ	LXX_WH
1Krón 6:65	G1325	εδωκαν	V-AAI-3P	LXX_WH
1Krón 6:65	G1722	εν	PREP	LXX_WH
1Krón 6:65	G2819	κληρω	N-DSM	LXX_WH
1Krón 6:65	G1537	εκ	PREP	LXX_WH
1Krón 6:65	G5443	φυλης	N-GSF	LXX_WH
1Krón 6:65	G5207	υιων	N-GPM	LXX_WH
1Krón 6:65	G2448	ιουδα	N-PRI	LXX_WH
1Krón 6:65	G2532	και	CONJ	LXX_WH
1Krón 6:65	G1537	εκ	PREP	LXX_WH
1Krón 6:65	G5443	φυλης	N-GSF	LXX_WH
1Krón 6:65	G5207	υιων	N-GPM	LXX_WH
1Krón 6:65	G4826	συμεων	N-PRI	LXX_WH
1Krón 6:65	G3588	τας	T-APF	LXX_WH
1Krón 6:65	G4172	πολεις	N-APF	LXX_WH
1Krón 6:65	G3778	ταυτας	D-APF	LXX_WH
1Krón 6:65	G3739	ας	R-APF	LXX_WH
1Krón 6:65	G2564	εκαλεσεν	V-AAI-3S	LXX_WH
1Krón 6:65	G0846	αυτας	D-APF	LXX_WH
1Krón 6:65	G1909	επ	PREP	LXX_WH
1Krón 6:65	G3686	ονοματος	N-GSN	LXX_WH
1Krón 6:66	G2532	και	CONJ	LXX_WH
1Krón 6:66	G0575	απο	PREP	LXX_WH
1Krón 6:66	G3588	των	T-GPF	LXX_WH
1Krón 6:66	G3965	πατριων	N-GPF	LXX_WH
1Krón 6:66	G5207	υιων	N-GPM	LXX_WH
1Krón 6:66		κααθ	N-PRI	ELTERO_SZOVEGALAP
1Krón 6:66	G2532	και	CONJ	LXX_WH
1Krón 6:66	G1096	εγενοντο	V-AMI-3P	LXX_WH
1Krón 6:66	G4172	πολεις	N-NPF	LXX_WH
1Krón 6:66	G3588	των	T-GPN	LXX_WH
1Krón 6:66	G3725	οριων	N-GPN	LXX_WH
1Krón 6:66	G0846	αυτων	D-GPM	LXX_WH
1Krón 6:66	G1537	εκ	PREP	LXX_WH
1Krón 6:66	G5443	φυλης	N-GSF	LXX_WH
1Krón 6:66	G2187	εφραιμ	N-PRI	LXX_WH
1Krón 6:67	G2532	και	CONJ	LXX_WH
1Krón 6:67	G1325	εδωκαν	V-AAI-3P	LXX_WH
1Krón 6:67	G0846	αυτω	D-DSM	LXX_WH
1Krón 6:67	G3588	τας	T-APF	LXX_WH
1Krón 6:67	G4172	πολεις	N-APF	LXX_WH
1Krón 6:67	G3588	των	T-GPN	LXX_WH
1Krón 6:67		φυγαδευτηριων	N-GPN	
1Krón 6:67	G3588	την	T-ASF	LXX_WH
1Krón 6:67	G4966	συχεμ	N-PRI	LXX_WH
1Krón 6:67	G2532	και	CONJ	LXX_WH
1Krón 6:67	G3588	τα	T-APN	LXX_WH
1Krón 6:67		περισπορια	N-APN	ELTERO_SZOVEGALAP
1Krón 6:67	G0846	αυτης	D-GSF	LXX_WH
1Krón 6:67	G1722	εν	PREP	LXX_WH
1Krón 6:67	G3735	ορει	N-DSN	LXX_WH
1Krón 6:67	G2187	εφραιμ	N-PRI	LXX_WH
1Krón 6:67	G2532	και	CONJ	LXX_WH
1Krón 6:67	G3588	την	T-ASF	LXX_WH
1Krón 6:67		γαζερ	N-PRI	ELTERO_SZOVEGALAP
1Krón 6:67	G2532	και	CONJ	LXX_WH
1Krón 6:67	G3588	τα	T-APN	LXX_WH
1Krón 6:67		περισπορια	N-APN	ELTERO_SZOVEGALAP
1Krón 6:67	G0846	αυτης	D-GSF	LXX_WH
1Krón 6:68	G2532	και	CONJ	LXX_WH
1Krón 6:68	G3588	την	T-ASF	LXX_WH
1Krón 6:68	G4049	ιεκμααμ	N-PRI	ABP-potolt
1Krón 6:68	G2532	και	CONJ	LXX_WH
1Krón 6:68	G3588	τα	T-APN	LXX_WH
1Krón 6:68		περισπορια	N-APN	ELTERO_SZOVEGALAP
1Krón 6:68	G0846	αυτης	D-GSF	LXX_WH
1Krón 6:68	G2532	και	CONJ	LXX_WH
1Krón 6:68	G3588	την	T-ASF	LXX_WH
1Krón 6:68	G4049	βαιθωρων	N-PRI	ABP-potolt
1Krón 6:68	G2532	και	CONJ	LXX_WH
1Krón 6:68	G3588	τα	T-APN	LXX_WH
1Krón 6:68		περισπορια	N-APN	ELTERO_SZOVEGALAP
1Krón 6:68	G0846	αυτης	D-GSF	LXX_WH
1Krón 6:69	G2532	και	CONJ	LXX_WH
1Krón 6:69	G3588	την	T-ASF	LXX_WH
1Krón 6:69	G4049	εγλαμ	N-PRI	ABP-potolt
1Krón 6:69	G2532	και	CONJ	LXX_WH
1Krón 6:69	G3588	τα	T-APN	LXX_WH
1Krón 6:69		περισπορια	N-APN	ELTERO_SZOVEGALAP
1Krón 6:69	G0846	αυτης	D-GSF	LXX_WH
1Krón 6:69	G2532	και	CONJ	LXX_WH
1Krón 6:69	G3588	την	T-ASF	LXX_WH
1Krón 6:69	G4049	γεθρεμμων	N-PRI	ABP-potolt
1Krón 6:69	G2532	και	CONJ	LXX_WH
1Krón 6:69	G3588	τα	T-APN	LXX_WH
1Krón 6:69		περισπορια	N-APN	ELTERO_SZOVEGALAP
1Krón 6:69	G0846	αυτης	D-GSF	LXX_WH
1Krón 6:70	G2532	και	CONJ	LXX_WH
1Krón 6:70	G0575	απο	PREP	LXX_WH
1Krón 6:70	G3588	του	T-GSM	LXX_WH
1Krón 6:70	G2255	ημισους	A-GSF	ABP-potolt
1Krón 6:70	G5443	φυλης	N-GSF	LXX_WH
1Krón 6:70		μανασση	N-PRI	ELTERO_SZOVEGALAP
1Krón 6:70	G3588	την	T-ASF	LXX_WH
1Krón 6:70	G4049	αναρ	N-PRI	ABP-potolt
1Krón 6:70	G2532	και	CONJ	LXX_WH
1Krón 6:70	G3588	τα	T-APN	LXX_WH
1Krón 6:70		περισπορια	N-APN	ELTERO_SZOVEGALAP
1Krón 6:70	G0846	αυτης	D-GSF	LXX_WH
1Krón 6:70	G2532	και	CONJ	LXX_WH
1Krón 6:70	G3588	την	T-ASF	LXX_WH
1Krón 6:70	G4049	ιεβλααμ	N-PRI	ABP-potolt
1Krón 6:70	G2532	και	CONJ	LXX_WH
1Krón 6:70	G3588	τα	T-APN	LXX_WH
1Krón 6:70		περισπορια	N-APN	ELTERO_SZOVEGALAP
1Krón 6:70	G0846	αυτης	D-GSF	LXX_WH
1Krón 6:70	G2596	κατα	PREP	LXX_WH
1Krón 6:70	G3965	πατριαν	N-ASF	LXX_WH
1Krón 6:70	G3588	τοις	T-DPM	LXX_WH
1Krón 6:70	G5207	υιοις	N-DPM	LXX_WH
1Krón 6:70		κααθ	N-PRI	ELTERO_SZOVEGALAP
1Krón 6:70	G3588	τοις	T-DPM	LXX_WH
1Krón 6:70	G2645	καταλοιποις	A-DPM	LXX_WH
1Krón 6:71	G3588	τοις	T-DPM	LXX_WH
1Krón 6:71	G5207	υιοις	N-DPM	LXX_WH
1Krón 6:71		γεδσων	N-PRI	ELTERO_SZOVEGALAP
1Krón 6:71	G0575	απο	PREP	LXX_WH
1Krón 6:71	G3965	πατριων	N-GPF	LXX_WH
1Krón 6:71		ημισους	A-GSF	ELTERO_SZOVEGALAP
1Krón 6:71	G5443	φυλης	N-GSF	LXX_WH
1Krón 6:71		μανασση	N-PRI	ELTERO_SZOVEGALAP
1Krón 6:71	G3588	την	T-ASF	LXX_WH
1Krón 6:71		γωλαν	N-PRI	ELTERO_SZOVEGALAP
1Krón 6:71	G1537	εκ	PREP	LXX_WH
1Krón 6:71	G3588	της	T-GSF	LXX_WH
1Krón 6:71	G4049	βασαν	N-PRI	ABP-potolt
1Krón 6:71	G2532	και	CONJ	LXX_WH
1Krón 6:71	G3588	τα	T-APN	LXX_WH
1Krón 6:71		περισπορια	N-APN	ELTERO_SZOVEGALAP
1Krón 6:71	G0846	αυτης	D-GSF	LXX_WH
1Krón 6:71	G2532	και	CONJ	LXX_WH
1Krón 6:71	G3588	την	T-ASF	LXX_WH
1Krón 6:71	G4049	ασηρωθ	N-PRI	ABP-potolt
1Krón 6:71	G2532	και	CONJ	LXX_WH
1Krón 6:71	G3588	τα	T-APN	LXX_WH
1Krón 6:71		περισπορια	N-APN	ELTERO_SZOVEGALAP
1Krón 6:71	G0846	αυτης	D-GSF	LXX_WH
1Krón 6:72	G2532	και	CONJ	LXX_WH
1Krón 6:72	G1537	εκ	PREP	LXX_WH
1Krón 6:72	G5443	φυλης	N-GSF	LXX_WH
1Krón 6:72		ισσαχαρ	N-PRI	ELTERO_SZOVEGALAP
1Krón 6:72	G3588	την	T-ASF	LXX_WH
1Krón 6:72	G4049	κεδες	N-PRI	ABP-potolt
1Krón 6:72	G2532	και	CONJ	LXX_WH
1Krón 6:72	G3588	τα	T-APN	LXX_WH
1Krón 6:72		περισπορια	N-APN	ELTERO_SZOVEGALAP
1Krón 6:72	G0846	αυτης	D-GSF	LXX_WH
1Krón 6:72	G2532	και	CONJ	LXX_WH
1Krón 6:72	G3588	την	T-ASF	LXX_WH
1Krón 6:72	G4049	δεβερι	N-PRI	ABP-potolt
1Krón 6:72	G2532	και	CONJ	LXX_WH
1Krón 6:72	G3588	τα	T-APN	LXX_WH
1Krón 6:72		περισπορια	N-APN	ELTERO_SZOVEGALAP
1Krón 6:72	G0846	αυτης	D-GSF	LXX_WH
1Krón 6:73	G2532	και	CONJ	LXX_WH
1Krón 6:73	G3588	την	T-ASF	LXX_WH
1Krón 6:73	G4049	δαβωρ	N-PRI	ABP-potolt
1Krón 6:73	G2532	και	CONJ	LXX_WH
1Krón 6:73	G3588	τα	T-APN	LXX_WH
1Krón 6:73		περισπορια	N-APN	ELTERO_SZOVEGALAP
1Krón 6:73	G0846	αυτης	D-GSF	LXX_WH
1Krón 6:73	G2532	και	CONJ	LXX_WH
1Krón 6:73	G3588	την	T-ASF	LXX_WH
1Krón 6:73	G4049	αναμ	N-PRI	ABP-potolt
1Krón 6:73	G2532	και	CONJ	LXX_WH
1Krón 6:73	G3588	τα	T-APN	LXX_WH
1Krón 6:73		περισπορια	N-APN	ELTERO_SZOVEGALAP
1Krón 6:73	G0846	αυτης	D-GSF	LXX_WH
1Krón 6:74	G2532	και	CONJ	LXX_WH
1Krón 6:74	G1537	εκ	PREP	LXX_WH
1Krón 6:74	G5443	φυλης	N-GSF	LXX_WH
1Krón 6:74	G0768	ασηρ	N-PRI	LXX_WH
1Krón 6:74	G3588	την	T-ASF	LXX_WH
1Krón 6:74	G4049	μασαλ	N-PRI	ABP-potolt
1Krón 6:74	G2532	και	CONJ	LXX_WH
1Krón 6:74	G3588	τα	T-APN	LXX_WH
1Krón 6:74		περισπορια	N-APN	ELTERO_SZOVEGALAP
1Krón 6:74	G0846	αυτης	D-GSF	LXX_WH
1Krón 6:74	G2532	και	CONJ	LXX_WH
1Krón 6:74	G3588	την	T-ASF	LXX_WH
1Krón 6:74	G4049	αβαραν	N-PRI	ABP-potolt
1Krón 6:74	G2532	και	CONJ	LXX_WH
1Krón 6:74	G3588	τα	T-APN	LXX_WH
1Krón 6:74		περισπορια	N-APN	ELTERO_SZOVEGALAP
1Krón 6:74	G0846	αυτης	D-GSF	LXX_WH
1Krón 6:75	G2532	και	CONJ	LXX_WH
1Krón 6:75	G3588	την	T-ASF	LXX_WH
1Krón 6:75	G4049	ικακ	N-PRI	ABP-potolt
1Krón 6:75	G2532	και	CONJ	LXX_WH
1Krón 6:75	G3588	τα	T-APN	LXX_WH
1Krón 6:75		περισπορια	N-APN	ELTERO_SZOVEGALAP
1Krón 6:75	G0846	αυτης	D-GSF	LXX_WH
1Krón 6:75	G2532	και	CONJ	LXX_WH
1Krón 6:75	G3588	την	T-ASF	LXX_WH
1Krón 6:75	G4049	ροωβ	N-PRI	ABP-potolt
1Krón 6:75	G2532	και	CONJ	LXX_WH
1Krón 6:75	G3588	τα	T-APN	LXX_WH
1Krón 6:75		περισπορια	N-APN	ELTERO_SZOVEGALAP
1Krón 6:75	G0846	αυτης	D-GSF	LXX_WH
1Krón 6:76	G2532	και	CONJ	LXX_WH
1Krón 6:76	G0575	απο	PREP	LXX_WH
1Krón 6:76	G5443	φυλης	N-GSF	LXX_WH
1Krón 6:76		νεφθαλι	N-PRI	ELTERO_SZOVEGALAP
1Krón 6:76	G3588	την	T-ASF	LXX_WH
1Krón 6:76		κεδες	N-PRI	ELTERO_SZOVEGALAP
1Krón 6:76	G1722	εν	PREP	LXX_WH
1Krón 6:76	G3588	τη	T-DSF	LXX_WH
1Krón 6:76	G1056	γαλιλαια	N-PRI	LXX_WH
1Krón 6:76	G2532	και	CONJ	LXX_WH
1Krón 6:76	G3588	τα	T-APN	LXX_WH
1Krón 6:76		περισπορια	N-APN	ELTERO_SZOVEGALAP
1Krón 6:76	G0846	αυτης	D-GSF	LXX_WH
1Krón 6:76	G2532	και	CONJ	LXX_WH
1Krón 6:76	G3588	την	T-ASF	LXX_WH
1Krón 6:76	G4049	χαμωθ	N-PRI	ABP-potolt
1Krón 6:76	G2532	και	CONJ	LXX_WH
1Krón 6:76	G3588	τα	T-APN	LXX_WH
1Krón 6:76		περισπορια	N-APN	ELTERO_SZOVEGALAP
1Krón 6:76	G0846	αυτης	D-GSF	LXX_WH
1Krón 6:76	G2532	και	CONJ	LXX_WH
1Krón 6:76	G3588	την	T-ASF	LXX_WH
1Krón 6:76	G4049	καριαθαιμ	N-PRI	ABP-potolt
1Krón 6:76	G2532	και	CONJ	LXX_WH
1Krón 6:76	G3588	τα	T-APN	LXX_WH
1Krón 6:76		περισπορια	N-APN	ELTERO_SZOVEGALAP
1Krón 6:76	G0846	αυτης	D-GSF	LXX_WH
1Krón 6:77	G3588	τοις	T-DPM	LXX_WH
1Krón 6:77	G5207	υιοις	N-DPM	LXX_WH
1Krón 6:77		μεραρι	N-PRI	ELTERO_SZOVEGALAP
1Krón 6:77	G3588	τοις	T-DPM	LXX_WH
1Krón 6:77	G2645	καταλοιποις	A-DPM	LXX_WH
1Krón 6:77	G1537	εκ	PREP	LXX_WH
1Krón 6:77	G5443	φυλης	N-GSF	LXX_WH
1Krón 6:77	G2194	ζαβουλων	N-PRI	LXX_WH
1Krón 6:77	G3588	την	T-ASF	LXX_WH
1Krón 6:77	G4049	ρεμμων	N-PRI	ABP-potolt
1Krón 6:77	G2532	και	CONJ	LXX_WH
1Krón 6:77	G3588	τα	T-APN	LXX_WH
1Krón 6:77		περισπορια	N-APN	ELTERO_SZOVEGALAP
1Krón 6:77	G0846	αυτης	D-GSF	LXX_WH
1Krón 6:77	G2532	και	CONJ	LXX_WH
1Krón 6:77	G3588	την	T-ASF	LXX_WH
1Krón 6:77	G4049	θαχχια	N-PRI	ABP-potolt
1Krón 6:77	G2532	και	CONJ	LXX_WH
1Krón 6:77	G3588	τα	T-APN	LXX_WH
1Krón 6:77		περισπορια	N-APN	ELTERO_SZOVEGALAP
1Krón 6:77	G0846	αυτης	D-GSF	LXX_WH
1Krón 6:78	G2532	και	CONJ	LXX_WH
1Krón 6:78	G1537	εκ	PREP	LXX_WH
1Krón 6:78	G3588	του	T-GSM	LXX_WH
1Krón 6:78	G4008	περαν	PREP	LXX_WH
1Krón 6:78	G3588	του	T-GSM	LXX_WH
1Krón 6:78	G2446	ιορδανου	N-GSM	LXX_WH
1Krón 6:78	G2410	ιεριχω	N-PRI	LXX_WH
1Krón 6:78	G2596	κατα	PREP	LXX_WH
1Krón 6:78	G1424	δυσμας	N-APF	LXX_WH
1Krón 6:78	G3588	του	T-GSM	LXX_WH
1Krón 6:78	G2446	ιορδανου	N-GSM	LXX_WH
1Krón 6:78	G1537	εκ	PREP	LXX_WH
1Krón 6:78	G5443	φυλης	N-GSF	LXX_WH
1Krón 6:78		ρουβην	N-PRI	ELTERO_SZOVEGALAP
1Krón 6:78	G3588	την	T-ASF	LXX_WH
1Krón 6:78	G1007	βοσορ	N-PRI	LXX_WH
1Krón 6:78	G1722	εν	PREP	LXX_WH
1Krón 6:78	G3588	τη	T-DSF	LXX_WH
1Krón 6:78	G2048	ερημω	N-DSF	LXX_WH
1Krón 6:78	G2532	και	CONJ	LXX_WH
1Krón 6:78	G3588	τα	T-APN	LXX_WH
1Krón 6:78		περισπορια	N-APN	ELTERO_SZOVEGALAP
1Krón 6:78	G0846	αυτης	D-GSF	LXX_WH
1Krón 6:78	G2532	και	CONJ	LXX_WH
1Krón 6:78	G3588	την	T-ASF	LXX_WH
1Krón 6:78		ιασα	N-PRI	
1Krón 6:78	G2532	και	CONJ	LXX_WH
1Krón 6:78	G3588	τα	T-APN	LXX_WH
1Krón 6:78		περισπορια	N-APN	ELTERO_SZOVEGALAP
1Krón 6:78	G0846	αυτης	D-GSF	LXX_WH
1Krón 6:79	G2532	και	CONJ	LXX_WH
1Krón 6:79	G3588	την	T-ASF	LXX_WH
1Krón 6:79	G4049	καδημωθ	N-PRI	ABP-potolt
1Krón 6:79	G2532	και	CONJ	LXX_WH
1Krón 6:79	G3588	τα	T-APN	LXX_WH
1Krón 6:79		περισπορια	N-APN	ELTERO_SZOVEGALAP
1Krón 6:79	G0846	αυτης	D-GSF	LXX_WH
1Krón 6:79	G2532	και	CONJ	LXX_WH
1Krón 6:79	G3588	την	T-ASF	LXX_WH
1Krón 6:79	G4049	μωφααθ	N-PRI	ABP-potolt
1Krón 6:79	G2532	και	CONJ	LXX_WH
1Krón 6:79	G3588	τα	T-APN	LXX_WH
1Krón 6:79		περισπορια	N-APN	ELTERO_SZOVEGALAP
1Krón 6:79	G0846	αυτης	D-GSF	LXX_WH
1Krón 6:80	G2532	και	CONJ	LXX_WH
1Krón 6:80	G1537	εκ	PREP	LXX_WH
1Krón 6:80	G5443	φυλης	N-GSF	LXX_WH
1Krón 6:80	G1045	γαδ	N-PRI	LXX_WH
1Krón 6:80	G3588	την	T-ASF	LXX_WH
1Krón 6:80		ραμωθ	N-PRI	
1Krón 6:80		γαλααδ	N-PRI	
1Krón 6:80	G2532	και	CONJ	LXX_WH
1Krón 6:80	G3588	τα	T-APN	LXX_WH
1Krón 6:80		περισπορια	N-APN	ELTERO_SZOVEGALAP
1Krón 6:80	G0846	αυτης	D-GSF	LXX_WH
1Krón 6:80	G2532	και	CONJ	LXX_WH
1Krón 6:80	G3588	την	T-ASF	LXX_WH
1Krón 6:80		μααναιμ	N-PRI	
1Krón 6:80	G2532	και	CONJ	LXX_WH
1Krón 6:80	G3588	τα	T-APN	LXX_WH
1Krón 6:80		περισπορια	N-APN	ELTERO_SZOVEGALAP
1Krón 6:80	G0846	αυτης	D-GSF	LXX_WH
1Krón 6:81	G2532	και	CONJ	LXX_WH
1Krón 6:81	G3588	την	T-ASF	LXX_WH
1Krón 6:81	G4049	εσεβων	N-PRI	ABP-potolt
1Krón 6:81	G2532	και	CONJ	LXX_WH
1Krón 6:81	G3588	τα	T-APN	LXX_WH
1Krón 6:81		περισπορια	N-APN	ELTERO_SZOVEGALAP
1Krón 6:81	G0846	αυτης	D-GSF	LXX_WH
1Krón 6:81	G2532	και	CONJ	LXX_WH
1Krón 6:81	G3588	την	T-ASF	LXX_WH
1Krón 6:81	G4049	ιαζηρ	N-PRI	ABP-potolt
1Krón 6:81	G2532	και	CONJ	LXX_WH
1Krón 6:81	G3588	τα	T-APN	LXX_WH
1Krón 6:81		περισπορια	N-APN	ELTERO_SZOVEGALAP
1Krón 6:81	G0846	αυτης	D-GSF	LXX_WH
1Krón 7:1	G2532	και	CONJ	LXX_WH
1Krón 7:1	G3588	τοις	T-DPM	LXX_WH
1Krón 7:1	G5207	υιοις	N-DPM	LXX_WH
1Krón 7:1	G2532	ισσαχαρ	N-PRI	ABP-potolt
1Krón 7:1	G2532	θωλα	N-PRI	ABP-potolt
1Krón 7:1	G2532	και	CONJ	LXX_WH
1Krón 7:1		φουα	N-PRI	ELTERO_SZOVEGALAP
1Krón 7:1	G2532	και	CONJ	LXX_WH
1Krón 7:1		ιασουβ	N-PRI	ELTERO_SZOVEGALAP
1Krón 7:1	G2532	και	CONJ	LXX_WH
1Krón 7:1	G4594	σεμερων	N-PRI	LXX_WH
1Krón 7:1	G5064	τεσσαρες	A-NPM	LXX_WH
1Krón 7:2	G2532	και	CONJ	LXX_WH
1Krón 7:2	G5207	υιοι	N-NPM	LXX_WH
1Krón 7:2	G2532	θωλα	N-PRI	ABP-potolt
1Krón 7:2	G2532	οζι	N-PRI	ABP-potolt
1Krón 7:2	G2532	και	CONJ	LXX_WH
1Krón 7:2		ραφαια	N-PRI	
1Krón 7:2	G2532	και	CONJ	LXX_WH
1Krón 7:2		ιεριηλ	N-PRI	
1Krón 7:2	G2532	και	CONJ	LXX_WH
1Krón 7:2		ιεμου	N-PRI	
1Krón 7:2	G2532	και	CONJ	LXX_WH
1Krón 7:2		ιεβασαμ	N-PRI	
1Krón 7:2	G2532	και	CONJ	LXX_WH
1Krón 7:2	G4545	σαμουηλ	N-PRI	LXX_WH
1Krón 7:2	G0758	αρχοντες	N-NPM	LXX_WH
1Krón 7:2	G3624	οικων	N-GPM	LXX_WH
1Krón 7:2	G3965	πατριων	N-GPF	LXX_WH
1Krón 7:2	G0846	αυτων	D-GPM	LXX_WH
1Krón 7:2	G3588	τω	T-DSM	LXX_WH
1Krón 7:2		θωλα	N-PRI	ELTERO_SZOVEGALAP
1Krón 7:2	G2478	ισχυροι	A-NPM	LXX_WH
1Krón 7:2	G1411	δυναμει	N-DSF	LXX_WH
1Krón 7:2	G2596	κατα	PREP	LXX_WH
1Krón 7:2	G1078	γενεσεις	N-NPF	LXX_WH
1Krón 7:2	G0846	αυτων	D-GPM	LXX_WH
1Krón 7:2	G3588	ο	T-NSM	LXX_WH
1Krón 7:2	G0706	αριθμος	N-NSM	LXX_WH
1Krón 7:2	G0846	αυτων	D-GPM	LXX_WH
1Krón 7:2	G1722	εν	PREP	LXX_WH
1Krón 7:2	G2250	ημεραις	N-DPF	LXX_WH
1Krón 7:2		δαυιδ	N-PRI	ELTERO_SZOVEGALAP
1Krón 7:2	G1501	εικοσι	N-NUI	LXX_WH
1Krón 7:2	G2532	και	CONJ	LXX_WH
1Krón 7:2	G1417	δυο	N-NUI	LXX_WH
1Krón 7:2	G5505	χιλιαδες	N-NPF	LXX_WH
1Krón 7:2	G2532	και	CONJ	LXX_WH
1Krón 7:2	G1812	εξακοσιοι	A-NPM	LXX_WH
1Krón 7:3	G2532	και	CONJ	LXX_WH
1Krón 7:3	G5207	υιοι	N-NPM	LXX_WH
1Krón 7:3	G2532	οζι	N-PRI	ABP-potolt
1Krón 7:3	G2532	ιεζρια	N-PRI	ABP-potolt
1Krón 7:3	G2532	και	CONJ	LXX_WH
1Krón 7:3	G5207	υιοι	N-NPM	LXX_WH
1Krón 7:3		ιεζρια	N-PRI	ELTERO_SZOVEGALAP
1Krón 7:3	G3413	μιχαηλ	N-PRI	LXX_WH
1Krón 7:3	G2532	και	CONJ	LXX_WH
1Krón 7:3	G5207	οβδια	N-PRI	ABP-potolt
1Krón 7:3	G2532	και	CONJ	LXX_WH
1Krón 7:3	G2493	ιωηλ	N-PRI	LXX_WH
1Krón 7:3	G2532	και	CONJ	LXX_WH
1Krón 7:3	G2532	ιεσια	N-PRI	ABP-potolt
1Krón 7:3	G4002	πεντε	N-NUI	LXX_WH
1Krón 7:3	G0758	αρχοντες	N-NPM	LXX_WH
1Krón 7:3	G3956	παντες	A-NPM	LXX_WH
1Krón 7:4	G2532	και	CONJ	LXX_WH
1Krón 7:4	G1909	επ	PREP	LXX_WH
1Krón 7:4	G0846	αυτων	D-GPM	LXX_WH
1Krón 7:4	G2596	κατα	PREP	LXX_WH
1Krón 7:4	G1078	γενεσεις	N-NPF	LXX_WH
1Krón 7:4	G0846	αυτων	D-GPM	LXX_WH
1Krón 7:4	G2596	κατ	PREP	LXX_WH
1Krón 7:4	G3624	οικους	N-APM	LXX_WH
1Krón 7:4	G3967	πατρικους	A-APM	LXX_WH
1Krón 7:4	G0846	αυτων	D-GPM	LXX_WH
1Krón 7:4	G2478	ισχυροι	A-NPM	LXX_WH
1Krón 7:4	G3904	παραταξασθαι	V-AMN	ABP-potolt
1Krón 7:4	G1519	εις	PREP	LXX_WH
1Krón 7:4	G4171	πολεμον	N-ASM	LXX_WH
1Krón 7:4	G5144	τριακοντα	N-NUI	LXX_WH
1Krón 7:4	G2532	και	CONJ	LXX_WH
1Krón 7:4	G1803	εξ	N-NUI	LXX_WH
1Krón 7:4	G5505	χιλιαδες	N-NPF	LXX_WH
1Krón 7:4	G3754	οτι	CONJ	LXX_WH
1Krón 7:4	G4129	επληθυναν	V-AAI-3P	LXX_WH
1Krón 7:4	G1135	γυναικας	N-APF	LXX_WH
1Krón 7:4	G2532	και	CONJ	LXX_WH
1Krón 7:4	G5207	υιους	N-APM	LXX_WH
1Krón 7:5	G2532	και	CONJ	LXX_WH
1Krón 7:5	G0080	αδελφοι	N-NPM	LXX_WH
1Krón 7:5	G0846	αυτων	D-GPM	LXX_WH
1Krón 7:5	G1519	εις	PREP	LXX_WH
1Krón 7:5	G3956	πασας	A-APF	LXX_WH
1Krón 7:5	G3965	πατριας	N-APF	LXX_WH
1Krón 7:5		ισσαχαρ	N-PRI	ELTERO_SZOVEGALAP
1Krón 7:5	G2478	ισχυροι	A-NPM	LXX_WH
1Krón 7:5	G1411	δυναμει	N-DSF	LXX_WH
1Krón 7:5	G3589	ογδοηκοντα	N-NUI	LXX_WH
1Krón 7:5	G2532	και	CONJ	LXX_WH
1Krón 7:5	G2033	επτα	N-NUI	LXX_WH
1Krón 7:5	G5505	χιλιαδες	N-NPF	LXX_WH
1Krón 7:5	G3588	ο	T-NSM	LXX_WH
1Krón 7:5	G0706	αριθμος	N-NSM	LXX_WH
1Krón 7:5	G0846	αυτων	D-GPM	LXX_WH
1Krón 7:5	G3588	των	T-GPM	LXX_WH
1Krón 7:5	G3956	παντων	A-GPM	LXX_WH
1Krón 7:6	G0958	βενιαμιν	N-PRI	LXX_WH
1Krón 7:6		βαλε	N-PRI	ELTERO_SZOVEGALAP
1Krón 7:6	G2532	και	CONJ	LXX_WH
1Krón 7:6		βαχιρ	N-PRI	ELTERO_SZOVEGALAP
1Krón 7:6	G2532	και	CONJ	LXX_WH
1Krón 7:6	G2532	ιαδιηλ	N-PRI	ABP-potolt
1Krón 7:6	G5140	τρεις	A-NPM	LXX_WH
1Krón 7:7	G2532	και	CONJ	LXX_WH
1Krón 7:7	G5207	υιοι	N-NPM	LXX_WH
1Krón 7:7	G2532	βαλε	N-PRI	ABP-potolt
1Krón 7:7	G2532	ασεβων	N-PRI	ABP-potolt
1Krón 7:7	G2532	και	CONJ	LXX_WH
1Krón 7:7		οζι	N-PRI	
1Krón 7:7	G2532	και	CONJ	LXX_WH
1Krón 7:7		οζιηλ	N-PRI	
1Krón 7:7	G2532	και	CONJ	LXX_WH
1Krón 7:7		ιεριμωθ	N-PRI	
1Krón 7:7	G2532	και	CONJ	LXX_WH
1Krón 7:7	G2532	ουρι	N-PRI	ABP-potolt
1Krón 7:7	G4002	πεντε	N-NUI	LXX_WH
1Krón 7:7	G0758	αρχοντες	N-NPM	LXX_WH
1Krón 7:7	G3624	οικων	N-GPM	LXX_WH
1Krón 7:7	G3967	πατρικων	A-GPM	LXX_WH
1Krón 7:7	G2478	ισχυροι	A-NPM	LXX_WH
1Krón 7:7	G1411	δυναμει	N-DSF	LXX_WH
1Krón 7:7	G2532	και	CONJ	LXX_WH
1Krón 7:7	G3588	ο	T-NSM	LXX_WH
1Krón 7:7	G0706	αριθμος	N-NSM	LXX_WH
1Krón 7:7	G0846	αυτων	D-GPM	LXX_WH
1Krón 7:7	G1501	εικοσι	N-NUI	LXX_WH
1Krón 7:7	G2532	και	CONJ	LXX_WH
1Krón 7:7	G1417	δυο	N-NUI	LXX_WH
1Krón 7:7	G5505	χιλιαδες	N-NPF	LXX_WH
1Krón 7:7	G2532	και	CONJ	LXX_WH
1Krón 7:7	G5144	τριακοντα	N-NUI	LXX_WH
1Krón 7:7	G5064	τεσσαρες	A-NPM	LXX_WH
1Krón 7:8	G2532	και	CONJ	LXX_WH
1Krón 7:8	G5207	υιοι	N-NPM	LXX_WH
1Krón 7:8	G2532	βαχιρ	N-PRI	ABP-potolt
1Krón 7:8	G2532	ζαμαριας	N-PRI	ABP-potolt
1Krón 7:8	G2532	και	CONJ	LXX_WH
1Krón 7:8		ιωας	N-PRI	
1Krón 7:8	G2532	και	CONJ	LXX_WH
1Krón 7:8	G1663	ελιεζερ	N-PRI	LXX_WH
1Krón 7:8	G2532	και	CONJ	LXX_WH
1Krón 7:8		ελιθεναν	N-PRI	
1Krón 7:8	G2532	και	CONJ	LXX_WH
1Krón 7:8		αμαρια	N-PRI	
1Krón 7:8	G2532	και	CONJ	LXX_WH
1Krón 7:8		ιεριμωθ	N-PRI	
1Krón 7:8	G2532	και	CONJ	LXX_WH
1Krón 7:8		αβιου	N-PRI	
1Krón 7:8	G2532	και	CONJ	LXX_WH
1Krón 7:8		αναθωθ	N-PRI	
1Krón 7:8	G2532	και	CONJ	LXX_WH
1Krón 7:8	G2532	γεμεεθ	N-PRI	ABP-potolt
1Krón 7:8	G3956	παντες	A-NPM	LXX_WH
1Krón 7:8	G3778	ουτοι	D-NPM	LXX_WH
1Krón 7:8	G5207	υιοι	N-NPM	LXX_WH
1Krón 7:8		βαχιρ	N-PRI	ELTERO_SZOVEGALAP
1Krón 7:9	G2532	και	CONJ	LXX_WH
1Krón 7:9	G3588	ο	T-NSM	LXX_WH
1Krón 7:9	G0706	αριθμος	N-NSM	LXX_WH
1Krón 7:9	G0846	αυτων	D-GPM	LXX_WH
1Krón 7:9	G2596	κατα	PREP	LXX_WH
1Krón 7:9	G1078	γενεσεις	N-NPF	LXX_WH
1Krón 7:9	G0846	αυτων	D-GPM	LXX_WH
1Krón 7:9	G0758	αρχοντες	N-NPM	LXX_WH
1Krón 7:9	G3624	οικων	N-GPM	LXX_WH
1Krón 7:9	G3965	πατριων	N-GPF	LXX_WH
1Krón 7:9	G0846	αυτων	D-GPM	LXX_WH
1Krón 7:9	G2478	ισχυροι	A-NPM	LXX_WH
1Krón 7:9	G1411	δυναμει	N-DSF	LXX_WH
1Krón 7:9	G1501	εικοσι	N-NUI	LXX_WH
1Krón 7:9	G5505	χιλιαδες	N-NPF	LXX_WH
1Krón 7:9	G2532	και	CONJ	LXX_WH
1Krón 7:9	G1250	διακοσιοι	A-NPM	LXX_WH
1Krón 7:10	G2532	και	CONJ	LXX_WH
1Krón 7:10	G5207	υιοι	N-NPM	LXX_WH
1Krón 7:10	G2532	ιαδιηλ	N-PRI	ABP-potolt
1Krón 7:10	G2532	βαλααν	N-PRI	ABP-potolt
1Krón 7:10	G2532	και	CONJ	LXX_WH
1Krón 7:10	G5207	υιοι	N-NPM	LXX_WH
1Krón 7:10	G2532	βαλααν	N-PRI	ABP-potolt
1Krón 7:10	G2532	ιαους	N-PRI	ABP-potolt
1Krón 7:10	G2532	και	CONJ	LXX_WH
1Krón 7:10	G0958	βενιαμιν	N-PRI	LXX_WH
1Krón 7:10	G2532	και	CONJ	LXX_WH
1Krón 7:10		αωθ	N-PRI	
1Krón 7:10	G2532	και	CONJ	LXX_WH
1Krón 7:10		χανανα	N-PRI	
1Krón 7:10	G2532	και	CONJ	LXX_WH
1Krón 7:10		ζαιθαν	N-PRI	
1Krón 7:10	G2532	και	CONJ	LXX_WH
1Krón 7:10		ραμεσσαι	N-PRI	
1Krón 7:10	G2532	και	CONJ	LXX_WH
1Krón 7:10	G2532	αχισααρ	N-PRI	ABP-potolt
1Krón 7:11	G3956	παντες	A-NPM	LXX_WH
1Krón 7:11	G3778	ουτοι	D-NPM	LXX_WH
1Krón 7:11	G5207	υιοι	N-NPM	LXX_WH
1Krón 7:11		ιαδιηλ	N-PRI	ELTERO_SZOVEGALAP
1Krón 7:11	G0758	αρχοντες	N-NPM	LXX_WH
1Krón 7:11	G3588	των	T-GPM	LXX_WH
1Krón 7:11	G3965	πατριων	N-GPF	LXX_WH
1Krón 7:11	G2478	ισχυροι	A-NPM	LXX_WH
1Krón 7:11	G1411	δυναμει	N-DSF	LXX_WH
1Krón 7:11		επτακαιδεκα	N-NUI	ELTERO_SZOVEGALAP
1Krón 7:11	G5505	χιλιαδες	N-NPF	LXX_WH
1Krón 7:11	G2532	και	CONJ	LXX_WH
1Krón 7:11	G1250	διακοσιοι	A-NPM	LXX_WH
1Krón 7:11	G1607	εκπορευομενοι	V-PMPNP	LXX_WH
1Krón 7:11	G1411	δυναμει	N-DSF	LXX_WH
1Krón 7:11	G3588	του	T-GSN	LXX_WH
1Krón 7:11	G4170	πολεμειν	V-PAN	LXX_WH
1Krón 7:12	G2532	και	CONJ	LXX_WH
1Krón 7:12		σαπφιν	N-PRI	
1Krón 7:12	G2532	και	CONJ	LXX_WH
1Krón 7:12		απφιν	N-PRI	
1Krón 7:12	G2532	και	CONJ	LXX_WH
1Krón 7:12	G5207	υιοι	N-NPM	LXX_WH
1Krón 7:12	G2532	ραωμ	N-PRI	ABP-potolt
1Krón 7:12	G5207	υιος	N-NSM	LXX_WH
1Krón 7:12	G0846	αυτου	D-GSM	LXX_WH
1Krón 7:12	G0109	αερ	N-PRI	LXX_WH
1Krón 7:13	G5207	υιοι	N-NPM	LXX_WH
1Krón 7:13	G2532	νεφθαλι	N-PRI	ABP-potolt
1Krón 7:13	G2532	ιασιηλ	N-PRI	ABP-potolt
1Krón 7:13	G2532	και	CONJ	LXX_WH
1Krón 7:13		γωνι	N-PRI	ELTERO_SZOVEGALAP
1Krón 7:13	G2532	και	CONJ	LXX_WH
1Krón 7:13		ισσιηρ	N-PRI	ELTERO_SZOVEGALAP
1Krón 7:13	G2532	και	CONJ	LXX_WH
1Krón 7:13	G2532	σαλωμ	N-PRI	ABP-potolt
1Krón 7:13	G5207	υιοι	N-NPM	LXX_WH
1Krón 7:13		βαλαα	N-PRI	ELTERO_SZOVEGALAP
1Krón 7:14	G5207	υιοι	N-NPM	LXX_WH
1Krón 7:14		μανασση	N-PRI	ELTERO_SZOVEGALAP
1Krón 7:14		ασεριηλ	N-PRI	ELTERO_SZOVEGALAP
1Krón 7:14	G3739	ον	R-ASM	LXX_WH
1Krón 7:14	G5088	ετεκεν	V-AAI-3S	LXX_WH
1Krón 7:14	G3588	η	T-NSF	LXX_WH
1Krón 7:14		παλλακη	N-NSF	ELTERO_SZOVEGALAP
1Krón 7:14	G0846	αυτου	D-GSM	LXX_WH
1Krón 7:14	G3588	η	T-NSF	LXX_WH
1Krón 7:14		συρα	N-PRI	ELTERO_SZOVEGALAP
1Krón 7:14	G5088	ετεκεν	V-AAI-3S	LXX_WH
1Krón 7:14	G3588	τον	T-ASM	LXX_WH
1Krón 7:14	G3588	μαχιρ	N-PRI	ABP-potolt
1Krón 7:14	G3962	πατερα	N-ASM	LXX_WH
1Krón 7:14		γαλααδ	N-PRI	ELTERO_SZOVEGALAP
1Krón 7:15	G2532	και	CONJ	LXX_WH
1Krón 7:15		μαχιρ	N-PRI	ELTERO_SZOVEGALAP
1Krón 7:15	G2983	ελαβεν	V-AAI-3S	LXX_WH
1Krón 7:15	G1135	γυναικα	N-ASF	LXX_WH
1Krón 7:15	G3588	τω	T-DSM	LXX_WH
1Krón 7:15		αμφιν	N-PRI	
1Krón 7:15	G2532	και	CONJ	LXX_WH
1Krón 7:15	G3588	μαμφιν	N-PRI	ABP-potolt
1Krón 7:15	G2532	και	CONJ	LXX_WH
1Krón 7:15	G3686	ονομα	N-NSN	LXX_WH
1Krón 7:15	G0079	αδελφης	N-GSF	LXX_WH
1Krón 7:15	G0846	αυτου	D-GSM	LXX_WH
1Krón 7:15		μοωχα	N-PRI	ELTERO_SZOVEGALAP
1Krón 7:15	G2532	και	CONJ	LXX_WH
1Krón 7:15	G3686	ονομα	N-NSN	LXX_WH
1Krón 7:15	G3588	τω	T-DSM	LXX_WH
1Krón 7:15	G1208	δευτερω	A-DSM	LXX_WH
1Krón 7:15		σαλπααδ	N-PRI	ELTERO_SZOVEGALAP
1Krón 7:15	G2532	και	CONJ	LXX_WH
1Krón 7:15	G1080	εγεννηθησαν	V-API-3P	LXX_WH
1Krón 7:15	G3588	τω	T-DSM	LXX_WH
1Krón 7:15		σαλπααδ	N-PRI	ELTERO_SZOVEGALAP
1Krón 7:15	G2364	θυγατερες	N-NPF	LXX_WH
1Krón 7:16	G2532	και	CONJ	LXX_WH
1Krón 7:16	G5088	ετεκεν	V-AAI-3S	LXX_WH
1Krón 7:16	G3588	μοωχα	N-PRI	ABP-potolt
1Krón 7:16	G1135	γυνη	N-NSF	LXX_WH
1Krón 7:16		μαχιρ	N-PRI	ELTERO_SZOVEGALAP
1Krón 7:16	G5207	υιον	N-ASM	LXX_WH
1Krón 7:16	G2532	και	CONJ	LXX_WH
1Krón 7:16	G2564	εκαλεσεν	V-AAI-3S	LXX_WH
1Krón 7:16	G3588	το	T-ASN	LXX_WH
1Krón 7:16	G3686	ονομα	N-ASN	LXX_WH
1Krón 7:16	G0846	αυτου	D-GSM	LXX_WH
1Krón 7:16	G5329	φαρες	N-PRI	LXX_WH
1Krón 7:16	G2532	και	CONJ	LXX_WH
1Krón 7:16	G3686	ονομα	N-ASN	LXX_WH
1Krón 7:16	G0080	αδελφου	N-GSM	LXX_WH
1Krón 7:16	G0846	αυτου	D-GSM	LXX_WH
1Krón 7:16	G4673	σορος	N-PRI	LXX_WH
1Krón 7:16	G5207	υιος	N-NSM	LXX_WH
1Krón 7:16	G0846	αυτου	D-GSM	LXX_WH
1Krón 7:16		ουλαμ	N-PRI	ELTERO_SZOVEGALAP
1Krón 7:17	G2532	και	CONJ	LXX_WH
1Krón 7:17	G5207	υιοι	N-NPM	LXX_WH
1Krón 7:17		ουλαμ	N-PRI	
1Krón 7:17		βαδαν	N-PRI	
1Krón 7:17	G3778	ουτοι	D-NPM	LXX_WH
1Krón 7:17	G5207	υιοι	N-NPM	LXX_WH
1Krón 7:17		γαλααδ	N-PRI	
1Krón 7:17	G5207	υιου	N-GSM	LXX_WH
1Krón 7:17		μαχιρ	N-PRI	
1Krón 7:17	G5207	υιου	N-GSM	LXX_WH
1Krón 7:17	G5207	μανασση	N-PRI	ABP-potolt
1Krón 7:18	G2532	και	CONJ	LXX_WH
1Krón 7:18	G0079	αδελφη	N-NSF	LXX_WH
1Krón 7:18	G0846	αυτου	D-GSM	LXX_WH
1Krón 7:18	G3588	η	T-NSF	LXX_WH
1Krón 7:18		μαλεχεθ	N-PRI	ELTERO_SZOVEGALAP
1Krón 7:18	G5088	ετεκεν	V-AAI-3S	LXX_WH
1Krón 7:18	G3588	τον	T-ASM	LXX_WH
1Krón 7:18		ισαδεκ	N-PRI	ELTERO_SZOVEGALAP
1Krón 7:18	G2532	και	CONJ	LXX_WH
1Krón 7:18	G3588	τον	T-ASM	LXX_WH
1Krón 7:18		αβιεζερ	N-PRI	ELTERO_SZOVEGALAP
1Krón 7:18	G2532	και	CONJ	LXX_WH
1Krón 7:18	G3588	τον	T-ASM	LXX_WH
1Krón 7:18		μαελα	N-PRI	ELTERO_SZOVEGALAP
1Krón 7:19	G2532	και	CONJ	LXX_WH
1Krón 7:19	G1510	ησαν	V-IAI-3P	LXX_WH
1Krón 7:19	G5207	υιοι	N-NPM	LXX_WH
1Krón 7:19	G2532	σεμιρα	N-PRI	ABP-potolt
1Krón 7:19	G2532	ιααιμ	N-PRI	ABP-potolt
1Krón 7:19	G2532	και	CONJ	LXX_WH
1Krón 7:19	G4966	συχεμ	N-PRI	LXX_WH
1Krón 7:19	G2532	και	CONJ	LXX_WH
1Krón 7:19	G2532	λακει	N-PRI	ABP-potolt
1Krón 7:19	G2532	και	CONJ	LXX_WH
1Krón 7:19	G2532	ανιαμ	N-PRI	ABP-potolt
1Krón 7:20	G2532	και	CONJ	LXX_WH
1Krón 7:20	G5207	υιοι	N-NPM	LXX_WH
1Krón 7:20	G2187	εφραιμ	N-PRI	LXX_WH
1Krón 7:20		σωθαλα	N-PRI	ELTERO_SZOVEGALAP
1Krón 7:20	G2532	και	CONJ	LXX_WH
1Krón 7:20	G5207	βαραδ	N-PRI	ABP-potolt
1Krón 7:20	G5207	υιος	N-NSM	LXX_WH
1Krón 7:20	G0846	αυτου	D-GSM	LXX_WH
1Krón 7:20	G2532	και	CONJ	LXX_WH
1Krón 7:20	G5207	θααθ	N-PRI	ABP-potolt
1Krón 7:20	G5207	υιος	N-NSM	LXX_WH
1Krón 7:20	G0846	αυτου	D-GSM	LXX_WH
1Krón 7:20		ελεαδα	N-PRI	ELTERO_SZOVEGALAP
1Krón 7:20	G5207	υιος	N-NSM	LXX_WH
1Krón 7:20	G0846	αυτου	D-GSM	LXX_WH
1Krón 7:20		νομεε	N-PRI	ELTERO_SZOVEGALAP
1Krón 7:20	G5207	υιος	N-NSM	LXX_WH
1Krón 7:20	G0846	αυτου	D-GSM	LXX_WH
1Krón 7:21	G2532	ζαβεδ	N-PRI	ABP-potolt
1Krón 7:21	G5207	υιος	N-NSM	LXX_WH
1Krón 7:21	G0846	αυτου	D-GSM	LXX_WH
1Krón 7:21		σωθελε	N-PRI	ELTERO_SZOVEGALAP
1Krón 7:21	G5207	υιος	N-NSM	LXX_WH
1Krón 7:21	G0846	αυτου	D-GSM	LXX_WH
1Krón 7:21	G2532	και	CONJ	LXX_WH
1Krón 7:21		εζερ	N-PRI	
1Krón 7:21	G2532	και	CONJ	LXX_WH
1Krón 7:21		ελεαδ	N-PRI	
1Krón 7:21	G2532	και	CONJ	LXX_WH
1Krón 7:21	G0615	απεκτειναν	V-AAI-3P	LXX_WH
1Krón 7:21	G0846	αυτους	D-APM	LXX_WH
1Krón 7:21	G0435	ανδρες	N-NPM	LXX_WH
1Krón 7:21		γεθ	N-PRI	ELTERO_SZOVEGALAP
1Krón 7:21	G3588	οι	T-NPM	LXX_WH
1Krón 7:21	G5088	τεχθεντες	V-APPNP	LXX_WH
1Krón 7:21	G1722	εν	PREP	LXX_WH
1Krón 7:21	G3588	τη	T-DSF	LXX_WH
1Krón 7:21	G1065	γη	N-DSF	LXX_WH
1Krón 7:21	G3754	οτι	CONJ	LXX_WH
1Krón 7:21	G2597	κατεβησαν	V-AAI-3P	LXX_WH
1Krón 7:21	G2983	λαβειν	V-AAN	LXX_WH
1Krón 7:21	G3588	τα	T-APN	LXX_WH
1Krón 7:21	G2934	κτηνη	N-APN	LXX_WH
1Krón 7:21	G0846	αυτων	D-GPM	LXX_WH
1Krón 7:22	G2532	και	CONJ	LXX_WH
1Krón 7:22	G3996	επενθησεν	V-AAI-3S	LXX_WH
1Krón 7:22	G2187	εφραιμ	N-PRI	LXX_WH
1Krón 7:22	G3962	πατηρ	N-NSM	LXX_WH
1Krón 7:22	G0846	αυτων	D-GPM	LXX_WH
1Krón 7:22	G2250	ημερας	N-GSF	LXX_WH
1Krón 7:22	G4183	πολλας	A-APF	LXX_WH
1Krón 7:22	G2532	και	CONJ	LXX_WH
1Krón 7:22	G2064	ηλθον	V-AAI-3P	LXX_WH
1Krón 7:22	G0080	αδελφοι	N-NPM	LXX_WH
1Krón 7:22	G0846	αυτου	D-GSM	LXX_WH
1Krón 7:22	G3588	του	T-GSN	LXX_WH
1Krón 7:22	G3870	παρακαλεσαι	V-AAN	LXX_WH
1Krón 7:22	G0846	αυτον	D-ASM	LXX_WH
1Krón 7:23	G2532	και	CONJ	LXX_WH
1Krón 7:23	G1525	εισηλθεν	V-AAI-3S	LXX_WH
1Krón 7:23	G4314	προς	PREP	LXX_WH
1Krón 7:23	G3588	την	T-ASF	LXX_WH
1Krón 7:23	G1135	γυναικα	N-ASF	LXX_WH
1Krón 7:23	G0846	αυτου	D-GSM	LXX_WH
1Krón 7:23	G2532	και	CONJ	LXX_WH
1Krón 7:23	G2983	ελαβεν	V-AAI-3S	LXX_WH
1Krón 7:23	G1722	εν	PREP	LXX_WH
1Krón 7:23	G1064	γαστρι	N-DSF	LXX_WH
1Krón 7:23	G2532	και	CONJ	LXX_WH
1Krón 7:23	G5088	ετεκεν	V-AAI-3S	LXX_WH
1Krón 7:23	G5207	υιον	N-ASM	LXX_WH
1Krón 7:23	G2532	και	CONJ	LXX_WH
1Krón 7:23	G2564	εκαλεσεν	V-AAI-3S	LXX_WH
1Krón 7:23	G3588	το	T-ASN	LXX_WH
1Krón 7:23	G3686	ονομα	N-ASN	LXX_WH
1Krón 7:23	G0846	αυτου	D-GSM	LXX_WH
1Krón 7:23		βαραγα	N-PRI	ELTERO_SZOVEGALAP
1Krón 7:23	G3754	οτι	CONJ	LXX_WH
1Krón 7:23	G1722	εν	PREP	LXX_WH
1Krón 7:23	G2556	κακοις	A-DPM	LXX_WH
1Krón 7:23	G1096	εγενετο	V-AMI-3S	LXX_WH
1Krón 7:23	G1722	εν	PREP	LXX_WH
1Krón 7:23	G3624	οικω	N-DSM	LXX_WH
1Krón 7:23	G1473	μου	P-GS	LXX_WH
1Krón 7:24	G2532	και	CONJ	LXX_WH
1Krón 7:24	G1722	εν	PREP	LXX_WH
1Krón 7:24	G1565	εκεινοις	D-DPM	LXX_WH
1Krón 7:24	G3588	τοις	T-DPM	LXX_WH
1Krón 7:24	G2645	καταλοιποις	A-DPM	LXX_WH
1Krón 7:24	G2532	και	CONJ	LXX_WH
1Krón 7:24	G3618	ωκοδομησεν	V-AAI-3S	LXX_WH
1Krón 7:24	G3588	βαιθωρων	N-PRI	ABP-potolt
1Krón 7:24	G3588	την	T-ASF	LXX_WH
1Krón 7:24	G2736	κατω	ADV	LXX_WH
1Krón 7:24	G2532	και	CONJ	LXX_WH
1Krón 7:24	G3588	την	T-ASF	LXX_WH
1Krón 7:24	G0507	ανω	ADV	LXX_WH
1Krón 7:24	G2532	και	CONJ	LXX_WH
1Krón 7:24	G5207	υιοι	N-NPM	LXX_WH
1Krón 7:24		οζαν	N-PRI	ELTERO_SZOVEGALAP
1Krón 7:24		σεηρα	N-PRI	ELTERO_SZOVEGALAP
1Krón 7:25	G2532	και	CONJ	LXX_WH
1Krón 7:25	G5207	ραφη	N-PRI	ABP-potolt
1Krón 7:25	G5207	υιοι	N-NPM	LXX_WH
1Krón 7:25	G0846	αυτου	D-GSM	LXX_WH
1Krón 7:25		ρασεφ	N-PRI	ELTERO_SZOVEGALAP
1Krón 7:25	G2532	και	CONJ	LXX_WH
1Krón 7:25	G5207	θαλε	N-PRI	ABP-potolt
1Krón 7:25	G5207	υιοι	N-NPM	LXX_WH
1Krón 7:25	G0846	αυτου	D-GSM	LXX_WH
1Krón 7:25		θαεν	N-PRI	ELTERO_SZOVEGALAP
1Krón 7:25	G5207	υιος	N-NSM	LXX_WH
1Krón 7:25	G0846	αυτου	D-GSM	LXX_WH
1Krón 7:26	G3588	τω	T-DSM	LXX_WH
1Krón 7:26		λααδαν	N-PRI	ELTERO_SZOVEGALAP
1Krón 7:26	G5207	υιω	N-DSM	LXX_WH
1Krón 7:26	G0846	αυτου	D-GSM	LXX_WH
1Krón 7:26		αμιουδ	N-PRI	ELTERO_SZOVEGALAP
1Krón 7:26	G5207	υιος	N-NSM	LXX_WH
1Krón 7:26	G0846	αυτου	D-GSM	LXX_WH
1Krón 7:26		ελισαμα	N-PRI	ELTERO_SZOVEGALAP
1Krón 7:26	G5207	υιος	N-NSM	LXX_WH
1Krón 7:26	G0846	αυτου	D-GSM	LXX_WH
1Krón 7:27	G5207	νουμ	N-PRI	ABP-potolt
1Krón 7:27	G5207	υιος	N-NSM	LXX_WH
1Krón 7:27	G0846	αυτου	D-GSM	LXX_WH
1Krón 7:27		ιησουε	N-PRI	ELTERO_SZOVEGALAP
1Krón 7:27	G5207	υιος	N-NSM	LXX_WH
1Krón 7:27	G0846	αυτου	D-GSM	LXX_WH
1Krón 7:28	G2532	και	CONJ	LXX_WH
1Krón 7:28	G2697	κατασχεσις	N-NSF	LXX_WH
1Krón 7:28	G0846	αυτων	D-GPM	LXX_WH
1Krón 7:28	G2532	και	CONJ	LXX_WH
1Krón 7:28	G2733	κατοικια	N-NSF	LXX_WH
1Krón 7:28	G0846	αυτων	D-GPM	LXX_WH
1Krón 7:28		βαιθηλ	N-PRI	ELTERO_SZOVEGALAP
1Krón 7:28	G2532	και	CONJ	LXX_WH
1Krón 7:28	G3588	αι	T-NPF	LXX_WH
1Krón 7:28	G2864	κωμαι	N-NPF	LXX_WH
1Krón 7:28	G0846	αυτης	D-GSF	LXX_WH
1Krón 7:28	G2596	κατ	PREP	LXX_WH
1Krón 7:28	G0395	ανατολας	N-APF	LXX_WH
1Krón 7:28		νααραν	N-PRI	ELTERO_SZOVEGALAP
1Krón 7:28	G4314	προς	PREP	LXX_WH
1Krón 7:28	G1424	δυσμαις	N-DPF	LXX_WH
1Krón 7:28		γαζερ	N-PRI	ELTERO_SZOVEGALAP
1Krón 7:28	G2532	και	CONJ	LXX_WH
1Krón 7:28	G3588	αι	T-NPF	LXX_WH
1Krón 7:28	G2864	κωμαι	N-NPF	LXX_WH
1Krón 7:28	G0846	αυτης	D-GSF	LXX_WH
1Krón 7:28	G2532	και	CONJ	LXX_WH
1Krón 7:28	G4966	συχεμ	N-PRI	LXX_WH
1Krón 7:28	G2532	και	CONJ	LXX_WH
1Krón 7:28	G3588	αι	T-NPF	LXX_WH
1Krón 7:28	G2864	κωμαι	N-NPF	LXX_WH
1Krón 7:28	G0846	αυτης	D-GSF	LXX_WH
1Krón 7:28	G2193	εως	PREP	LXX_WH
1Krón 7:28		γαιαν	N-PRI	ELTERO_SZOVEGALAP
1Krón 7:28	G2532	και	CONJ	LXX_WH
1Krón 7:28	G3588	αι	T-NPF	LXX_WH
1Krón 7:28	G2864	κωμαι	N-NPF	LXX_WH
1Krón 7:28	G0846	αυτης	D-GSF	LXX_WH
1Krón 7:29	G2532	και	CONJ	LXX_WH
1Krón 7:29	G2193	εως	PREP	LXX_WH
1Krón 7:29	G3725	οριων	N-GPN	LXX_WH
1Krón 7:29	G5207	υιων	N-GPM	LXX_WH
1Krón 7:29		μανασση	N-PRI	ELTERO_SZOVEGALAP
1Krón 7:29		βαιθσααν	N-PRI	ELTERO_SZOVEGALAP
1Krón 7:29	G2532	και	CONJ	LXX_WH
1Krón 7:29	G3588	αι	T-NPF	LXX_WH
1Krón 7:29	G2864	κωμαι	N-NPF	LXX_WH
1Krón 7:29	G0846	αυτης	D-GSF	LXX_WH
1Krón 7:29		θααναχ	N-PRI	ELTERO_SZOVEGALAP
1Krón 7:29	G2532	και	CONJ	LXX_WH
1Krón 7:29	G3588	αι	T-NPF	LXX_WH
1Krón 7:29	G2864	κωμαι	N-NPF	LXX_WH
1Krón 7:29	G0846	αυτης	D-GSF	LXX_WH
1Krón 7:29	G2532	και	CONJ	LXX_WH
1Krón 7:29		βαλαδ	N-PRI	ELTERO_SZOVEGALAP
1Krón 7:29	G2532	και	CONJ	LXX_WH
1Krón 7:29	G3588	αι	T-NPF	LXX_WH
1Krón 7:29	G2864	κωμαι	N-NPF	LXX_WH
1Krón 7:29	G0846	αυτης	D-GSF	LXX_WH
1Krón 7:29		μαγεδδω	N-PRI	ELTERO_SZOVEGALAP
1Krón 7:29	G2532	και	CONJ	LXX_WH
1Krón 7:29	G3588	αι	T-NPF	LXX_WH
1Krón 7:29	G2864	κωμαι	N-NPF	LXX_WH
1Krón 7:29	G0846	αυτης	D-GSF	LXX_WH
1Krón 7:29		δωρ	N-PRI	ELTERO_SZOVEGALAP
1Krón 7:29	G2532	και	CONJ	LXX_WH
1Krón 7:29	G3588	αι	T-NPF	LXX_WH
1Krón 7:29	G2864	κωμαι	N-NPF	LXX_WH
1Krón 7:29	G0846	αυτης	D-GSF	LXX_WH
1Krón 7:29	G1722	εν	PREP	LXX_WH
1Krón 7:29	G3778	ταυταις	D-DPF	LXX_WH
1Krón 7:29	G2730	κατωκησαν	V-AAI-3P	ABP-potolt
1Krón 7:29	G3588	οι	T-NPM	LXX_WH
1Krón 7:29	G5207	υιοι	N-NPM	LXX_WH
1Krón 7:29	G2501	ιωσηφ	N-PRI	LXX_WH
1Krón 7:29	G5207	υιου	N-GSM	LXX_WH
1Krón 7:29	G2474	ισραηλ	N-PRI	LXX_WH
1Krón 7:30	G5207	υιοι	N-NPM	LXX_WH
1Krón 7:30	G0768	ασηρ	N-PRI	LXX_WH
1Krón 7:30		ιεμνα	N-PRI	ELTERO_SZOVEGALAP
1Krón 7:30	G2532	και	CONJ	LXX_WH
1Krón 7:30	G2532	ισουα	N-PRI	ABP-potolt
1Krón 7:30	G2532	και	CONJ	LXX_WH
1Krón 7:30	G2532	ισουι	N-PRI	ABP-potolt
1Krón 7:30	G2532	και	CONJ	LXX_WH
1Krón 7:30	G2532	βεριγα	N-PRI	ABP-potolt
1Krón 7:30	G2532	και	CONJ	LXX_WH
1Krón 7:30	G2532	σορε	N-PRI	ABP-potolt
1Krón 7:30	G0079	αδελφη	N-NSF	LXX_WH
1Krón 7:30	G0846	αυτων	D-GPM	LXX_WH
1Krón 7:31	G2532	και	CONJ	LXX_WH
1Krón 7:31	G5207	υιοι	N-NPM	LXX_WH
1Krón 7:31		βεριγα	N-PRI	ELTERO_SZOVEGALAP
1Krón 7:31		χαβερ	N-PRI	ELTERO_SZOVEGALAP
1Krón 7:31	G2532	και	CONJ	LXX_WH
1Krón 7:31		μελχιηλ	N-PRI	ELTERO_SZOVEGALAP
1Krón 7:31	G3778	ουτος	D-NSM	LXX_WH
1Krón 7:31	G3962	πατηρ	N-NSM	LXX_WH
1Krón 7:31		βερζαιθ	N-PRI	ELTERO_SZOVEGALAP
1Krón 7:32	G2532	και	CONJ	LXX_WH
1Krón 7:32		χαβερ	N-PRI	ELTERO_SZOVEGALAP
1Krón 7:32	G1080	εγεννησεν	V-AAI-3S	LXX_WH
1Krón 7:32	G3588	τον	T-ASM	LXX_WH
1Krón 7:32		ιαφαλητ	N-PRI	ELTERO_SZOVEGALAP
1Krón 7:32	G2532	και	CONJ	LXX_WH
1Krón 7:32	G3588	τον	T-ASM	LXX_WH
1Krón 7:32		σαμηρ	N-PRI	ELTERO_SZOVEGALAP
1Krón 7:32	G2532	και	CONJ	LXX_WH
1Krón 7:32	G3588	τον	T-ASM	LXX_WH
1Krón 7:32		χωθαμ	N-PRI	ELTERO_SZOVEGALAP
1Krón 7:32	G2532	και	CONJ	LXX_WH
1Krón 7:32	G3588	την	T-ASF	LXX_WH
1Krón 7:32		σωλα	N-PRI	ELTERO_SZOVEGALAP
1Krón 7:32	G0079	αδελφην	N-ASF	LXX_WH
1Krón 7:32	G0846	αυτων	D-GPM	LXX_WH
1Krón 7:33	G2532	και	CONJ	LXX_WH
1Krón 7:33	G5207	υιοι	N-NPM	LXX_WH
1Krón 7:33	G2532	ιαφαλητ	N-PRI	ABP-potolt
1Krón 7:33	G2532	φεσηχι	N-PRI	ABP-potolt
1Krón 7:33	G2532	βαμαηλ	N-PRI	ABP-potolt
1Krón 7:33	G2532	και	CONJ	LXX_WH
1Krón 7:33	G2532	ασιθ	N-PRI	ABP-potolt
1Krón 7:33	G3778	ουτοι	D-NPM	LXX_WH
1Krón 7:33	G5207	υιοι	N-NPM	LXX_WH
1Krón 7:33		ιαφαλητ	N-PRI	
1Krón 7:34	G2532	και	CONJ	LXX_WH
1Krón 7:34	G5207	υιοι	N-NPM	LXX_WH
1Krón 7:34	G2532	σεμμηρ	N-PRI	ABP-potolt
1Krón 7:34	G2532	αχιουραογα	N-PRI	ABP-potolt
1Krón 7:34	G2532	και	CONJ	LXX_WH
1Krón 7:34		οβα	N-PRI	
1Krón 7:34	G2532	και	CONJ	LXX_WH
1Krón 7:34	G0689	αραμ	N-PRI	LXX_WH
1Krón 7:35	G2532	και	CONJ	LXX_WH
1Krón 7:35	G5207	βανηελαμ	N-PRI	ABP-potolt
1Krón 7:35	G0080	αδελφοι	N-NPM	LXX_WH
1Krón 7:35	G0846	αυτου	D-GSM	LXX_WH
1Krón 7:35		σωφα	N-PRI	ELTERO_SZOVEGALAP
1Krón 7:35	G2532	και	CONJ	LXX_WH
1Krón 7:35	G2532	ιμανα	N-PRI	ABP-potolt
1Krón 7:35	G2532	και	CONJ	LXX_WH
1Krón 7:35	G2532	σελλης	N-PRI	ABP-potolt
1Krón 7:35	G2532	και	CONJ	LXX_WH
1Krón 7:35	G2532	αμαλ	N-PRI	ABP-potolt
1Krón 7:36	G5207	υιοι	N-NPM	LXX_WH
1Krón 7:36	G2532	σωφα	N-PRI	ABP-potolt
1Krón 7:36	G2532	χουχι	N-PRI	ABP-potolt
1Krón 7:36	G2532	αρναφαρ	N-PRI	ABP-potolt
1Krón 7:36	G2532	και	CONJ	LXX_WH
1Krón 7:36	G2532	σουαλ	N-PRI	ABP-potolt
1Krón 7:36	G2532	και	CONJ	LXX_WH
1Krón 7:36	G2532	βαρι	N-PRI	ABP-potolt
1Krón 7:36	G2532	και	CONJ	LXX_WH
1Krón 7:36	G2532	ιμαρη	N-PRI	ABP-potolt
1Krón 7:37	G2532	σοβαλ	N-PRI	ABP-potolt
1Krón 7:37	G2532	και	CONJ	LXX_WH
1Krón 7:37	G2532	ωδ	N-PRI	ABP-potolt
1Krón 7:37	G2532	και	CONJ	LXX_WH
1Krón 7:37	G2532	σεμμα	N-PRI	ABP-potolt
1Krón 7:37	G2532	και	CONJ	LXX_WH
1Krón 7:37	G2532	σαλισα	N-PRI	ABP-potolt
1Krón 7:37	G2532	και	CONJ	LXX_WH
1Krón 7:37	G2532	ιεθραν	N-PRI	ABP-potolt
1Krón 7:37	G2532	και	CONJ	LXX_WH
1Krón 7:37	G2532	βεηρα	N-PRI	ABP-potolt
1Krón 7:38	G2532	και	CONJ	LXX_WH
1Krón 7:38	G5207	υιοι	N-NPM	LXX_WH
1Krón 7:38	G2532	ιεθερ	N-PRI	ABP-potolt
1Krón 7:38	G2532	ιφινα	N-PRI	ABP-potolt
1Krón 7:38	G2532	και	CONJ	LXX_WH
1Krón 7:38	G5207	φασφα	N-PRI	ABP-potolt
1Krón 7:38	G2532	και	CONJ	LXX_WH
1Krón 7:38	G0685	αρα	N-PRI	LXX_WH
1Krón 7:39	G2532	και	CONJ	LXX_WH
1Krón 7:39	G5207	υιοι	N-NPM	LXX_WH
1Krón 7:39		ωλα	N-PRI	
1Krón 7:39		ορεχ	N-PRI	
1Krón 7:39		ανιηλ	N-PRI	
1Krón 7:39	G2532	και	CONJ	LXX_WH
1Krón 7:39		ρασια	N-PRI	
1Krón 7:40	G3956	παντες	A-NPM	LXX_WH
1Krón 7:40	G3778	ουτοι	D-NPM	LXX_WH
1Krón 7:40	G5207	υιοι	N-NPM	LXX_WH
1Krón 7:40	G0768	ασηρ	N-PRI	LXX_WH
1Krón 7:40	G3956	παντες	A-NPM	LXX_WH
1Krón 7:40	G0758	αρχοντες	N-NPM	LXX_WH
1Krón 7:40	G3965	πατριων	N-GPF	LXX_WH
1Krón 7:40	G1588	εκλεκτοι	A-NPM	LXX_WH
1Krón 7:40	G2478	ισχυροι	A-NPM	LXX_WH
1Krón 7:40	G1411	δυναμει	N-DSF	LXX_WH
1Krón 7:40	G0758	αρχοντες	N-NPM	LXX_WH
1Krón 7:40	G2233	ηγουμενοι	V-PMPNP	LXX_WH
1Krón 7:40	G0706	αριθμος	N-NSM	LXX_WH
1Krón 7:40	G0846	αυτων	D-GPM	LXX_WH
1Krón 7:40	G1519	εις	PREP	LXX_WH
1Krón 7:40		παραταξιν	N-ASF	ELTERO_SZOVEGALAP
1Krón 7:40	G3588	του	T-GSN	LXX_WH
1Krón 7:40	G4170	πολεμειν	V-PAN	LXX_WH
1Krón 7:40	G0706	αριθμος	N-NSM	LXX_WH
1Krón 7:40	G0846	αυτων	D-GPM	LXX_WH
1Krón 7:40	G0435	ανδρες	N-NPM	LXX_WH
1Krón 7:40	G1501	εικοσι	N-NUI	LXX_WH
1Krón 7:40	G1803	εξ	N-NUI	LXX_WH
1Krón 7:40	G5505	χιλιαδες	N-NPF	LXX_WH
1Krón 8:1	G2532	και	CONJ	LXX_WH
1Krón 8:1	G0958	βενιαμιν	N-PRI	LXX_WH
1Krón 8:1	G1080	εγεννησεν	V-AAI-3S	LXX_WH
1Krón 8:1	G3588	τον	T-ASM	LXX_WH
1Krón 8:1		βαλε	N-PRI	ELTERO_SZOVEGALAP
1Krón 8:1	G4416	πρωτοτοκον	A-ASM	LXX_WH
1Krón 8:1	G0846	αυτου	D-GSM	LXX_WH
1Krón 8:1	G2532	και	CONJ	LXX_WH
1Krón 8:1	G1080	ασβηλ	N-PRI	ABP-potolt
1Krón 8:1	G3588	τον	T-ASM	LXX_WH
1Krón 8:1	G1208	δευτερον	A-ASM	LXX_WH
1Krón 8:1		ααρα	N-PRI	ELTERO_SZOVEGALAP
1Krón 8:1	G3588	τον	T-ASM	LXX_WH
1Krón 8:1	G5154	τριτον	A-ASM	LXX_WH
1Krón 8:2		νωα	N-PRI	
1Krón 8:2	G3588	τον	T-ASM	LXX_WH
1Krón 8:2	G5067	τεταρτον	A-ASM	LXX_WH
1Krón 8:2	G2532	και	CONJ	LXX_WH
1Krón 8:2		ραφη	N-PRI	
1Krón 8:2	G3588	τον	T-ASM	LXX_WH
1Krón 8:2	G3991	πεμπτον	A-ASM	LXX_WH
1Krón 8:3	G2532	και	CONJ	LXX_WH
1Krón 8:3	G1510	ησαν	V-IAI-3P	LXX_WH
1Krón 8:3	G5207	υιοι	N-NPM	LXX_WH
1Krón 8:3	G3588	τω	T-DSM	LXX_WH
1Krón 8:3	G2532	βαλε	N-PRI	ABP-potolt
1Krón 8:3	G2532	αδερ	N-PRI	ABP-potolt
1Krón 8:3	G2532	και	CONJ	LXX_WH
1Krón 8:3		γηρα	N-PRI	ELTERO_SZOVEGALAP
1Krón 8:3	G2532	και	CONJ	LXX_WH
1Krón 8:3	G0010	αβιουδ	N-PRI	LXX_WH
1Krón 8:4	G2532	και	CONJ	LXX_WH
1Krón 8:4	G2532	αβισουε	N-PRI	ABP-potolt
1Krón 8:4	G2532	και	CONJ	LXX_WH
1Krón 8:4	G2532	νοομα	N-PRI	ABP-potolt
1Krón 8:4	G2532	και	CONJ	LXX_WH
1Krón 8:4	G2532	αχια	N-PRI	ABP-potolt
1Krón 8:5	G2532	και	CONJ	LXX_WH
1Krón 8:5	G2532	γηρα	N-PRI	ABP-potolt
1Krón 8:5	G2532	και	CONJ	LXX_WH
1Krón 8:5	G2532	σωφαρφακ	N-PRI	ABP-potolt
1Krón 8:5	G2532	και	CONJ	LXX_WH
1Krón 8:5	G2532	ωιμ	N-PRI	ABP-potolt
1Krón 8:6	G3778	ουτοι	D-NPM	LXX_WH
1Krón 8:6	G5207	υιοι	N-NPM	LXX_WH
1Krón 8:6		αωδ	N-PRI	ELTERO_SZOVEGALAP
1Krón 8:6	G3778	ουτοι	D-NPM	LXX_WH
1Krón 8:6	G1510	εισιν	V-PAI-3P	LXX_WH
1Krón 8:6	G0758	αρχοντες	N-NPM	LXX_WH
1Krón 8:6	G3965	πατριων	N-GPF	LXX_WH
1Krón 8:6	G3588	τοις	T-DPM	LXX_WH
1Krón 8:6	G2730	κατοικουσιν	V-PAI-3P	ABP-potolt
1Krón 8:6	G2730	γαβεε	N-PRI	ABP-potolt
1Krón 8:6	G2532	και	CONJ	LXX_WH
1Krón 8:6	G3351	μετωκισαν	V-AAI-3P	LXX_WH
1Krón 8:6	G0846	αυτους	D-APM	LXX_WH
1Krón 8:6	G1519	εις	PREP	LXX_WH
1Krón 8:6		μαναχαθι	N-PRI	ELTERO_SZOVEGALAP
1Krón 8:7	G2532	και	CONJ	LXX_WH
1Krón 8:7	G2532	νοομα	N-PRI	ABP-potolt
1Krón 8:7	G2532	και	CONJ	LXX_WH
1Krón 8:7	G2532	αχια	N-PRI	ABP-potolt
1Krón 8:7	G2532	και	CONJ	LXX_WH
1Krón 8:7		γηρα	N-PRI	ELTERO_SZOVEGALAP
1Krón 8:7	G3778	ουτος	D-NSM	LXX_WH
1Krón 8:7		ιγλααμ	V-AAI-3S	ELTERO_SZOVEGALAP
1Krón 8:7	G2532	και	CONJ	LXX_WH
1Krón 8:7	G1080	εγεννησεν	V-AAI-3S	LXX_WH
1Krón 8:7	G3588	τον	T-ASM	LXX_WH
1Krón 8:7		ναανα	N-PRI	ELTERO_SZOVEGALAP
1Krón 8:7	G2532	και	CONJ	LXX_WH
1Krón 8:7	G3588	τον	T-ASM	LXX_WH
1Krón 8:7		αχιχωδ	N-PRI	ELTERO_SZOVEGALAP
1Krón 8:8	G2532	και	CONJ	LXX_WH
1Krón 8:8		σααρημ	N-PRI	ELTERO_SZOVEGALAP
1Krón 8:8	G1080	εγεννησεν	V-AAI-3S	LXX_WH
1Krón 8:8	G1722	εν	PREP	LXX_WH
1Krón 8:8	G3588	τω	T-DSN	LXX_WH
1Krón 8:8	G3977	πεδιω	N-DSN	ABP-potolt
1Krón 8:8	G3977	μωαβ	N-PRI	ABP-potolt
1Krón 8:8	G3326	μετα	PREP	LXX_WH
1Krón 8:8	G3588	το	T-ASN	LXX_WH
1Krón 8:8	G0649	αποστειλαι	V-AAN	LXX_WH
1Krón 8:8	G0846	αυτον	D-ASM	LXX_WH
1Krón 8:8		ωσιμ	N-PRI	ELTERO_SZOVEGALAP
1Krón 8:8	G2532	και	CONJ	LXX_WH
1Krón 8:8	G3588	την	T-ASF	LXX_WH
1Krón 8:8		βααδα	N-PRI	ELTERO_SZOVEGALAP
1Krón 8:8	G1135	γυναικα	N-ASF	LXX_WH
1Krón 8:8	G0846	αυτου	D-GSM	LXX_WH
1Krón 8:9	G2532	και	CONJ	LXX_WH
1Krón 8:9	G1080	εγεννησεν	V-AAI-3S	LXX_WH
1Krón 8:9	G1537	εκ	PREP	LXX_WH
1Krón 8:9	G3588	της	T-GSF	LXX_WH
1Krón 8:9		αδα	N-PRI	ELTERO_SZOVEGALAP
1Krón 8:9	G1135	γυναικος	N-GSF	LXX_WH
1Krón 8:9	G0846	αυτου	D-GSM	LXX_WH
1Krón 8:9	G3588	τον	T-ASM	LXX_WH
1Krón 8:9		ιωβαβ	N-PRI	ELTERO_SZOVEGALAP
1Krón 8:9	G2532	και	CONJ	LXX_WH
1Krón 8:9	G3588	τον	T-ASM	LXX_WH
1Krón 8:9		σεβια	N-PRI	ELTERO_SZOVEGALAP
1Krón 8:9	G2532	και	CONJ	LXX_WH
1Krón 8:9	G3588	τον	T-ASM	LXX_WH
1Krón 8:9		μισα	N-PRI	ELTERO_SZOVEGALAP
1Krón 8:9	G2532	και	CONJ	LXX_WH
1Krón 8:9	G3588	τον	T-ASM	LXX_WH
1Krón 8:9		μελχαμ	N-PRI	ELTERO_SZOVEGALAP
1Krón 8:10	G2532	και	CONJ	LXX_WH
1Krón 8:10	G3588	τον	T-ASM	LXX_WH
1Krón 8:10		ιαως	N-PRI	
1Krón 8:10	G2532	και	CONJ	LXX_WH
1Krón 8:10	G3588	τον	T-ASM	LXX_WH
1Krón 8:10		σαβια	N-PRI	
1Krón 8:10	G2532	και	CONJ	LXX_WH
1Krón 8:10	G3588	τον	T-ASM	LXX_WH
1Krón 8:10		μαρμα	N-PRI	
1Krón 8:10	G3778	ουτοι	D-NPM	LXX_WH
1Krón 8:10	G0758	αρχοντες	N-NPM	LXX_WH
1Krón 8:10	G3965	πατριων	N-GPF	LXX_WH
1Krón 8:11	G2532	και	CONJ	LXX_WH
1Krón 8:11	G1537	εκ	PREP	LXX_WH
1Krón 8:11	G3588	της	T-GSF	LXX_WH
1Krón 8:11		ωσιμ	N-PRI	ELTERO_SZOVEGALAP
1Krón 8:11	G1080	εγεννησεν	V-AAI-3S	LXX_WH
1Krón 8:11	G3588	τον	T-ASM	LXX_WH
1Krón 8:11		αβιτωβ	N-PRI	ELTERO_SZOVEGALAP
1Krón 8:11	G2532	και	CONJ	LXX_WH
1Krón 8:11	G3588	τον	T-ASM	LXX_WH
1Krón 8:11		αλφααλ	N-PRI	ELTERO_SZOVEGALAP
1Krón 8:12	G2532	και	CONJ	LXX_WH
1Krón 8:12	G5207	υιοι	N-NPM	LXX_WH
1Krón 8:12		αλφααλ	N-PRI	ELTERO_SZOVEGALAP
1Krón 8:12	G5601	ωβηδ	N-PRI	LXX_WH
1Krón 8:12		μεσσααμ	N-PRI	ELTERO_SZOVEGALAP
1Krón 8:12		σεμμηρ	N-PRI	ELTERO_SZOVEGALAP
1Krón 8:12	G3778	ουτος	D-NSM	LXX_WH
1Krón 8:12	G3618	ωκοδομησεν	V-AAI-3S	LXX_WH
1Krón 8:12	G3588	την	T-ASF	LXX_WH
1Krón 8:12		ωνω	N-PRI	ELTERO_SZOVEGALAP
1Krón 8:12	G2532	και	CONJ	LXX_WH
1Krón 8:12	G3588	την	T-ASF	LXX_WH
1Krón 8:12		λοδ	N-PRI	ELTERO_SZOVEGALAP
1Krón 8:12	G2532	και	CONJ	LXX_WH
1Krón 8:12	G3588	τας	T-APF	LXX_WH
1Krón 8:12	G2864	κωμας	N-APF	LXX_WH
1Krón 8:12	G0846	αυτης	D-GSF	LXX_WH
1Krón 8:13	G2532	και	CONJ	LXX_WH
1Krón 8:13		βεριγα	N-PRI	ELTERO_SZOVEGALAP
1Krón 8:13	G2532	και	CONJ	LXX_WH
1Krón 8:13	G2532	σαμα	N-PRI	ABP-potolt
1Krón 8:13	G3778	ουτοι	D-NPM	LXX_WH
1Krón 8:13	G0758	αρχοντες	N-NPM	LXX_WH
1Krón 8:13	G3588	των	T-GPM	LXX_WH
1Krón 8:13	G3965	πατριων	N-GPF	LXX_WH
1Krón 8:13	G3588	τοις	T-DPM	LXX_WH
1Krón 8:13		κατοικουσιν	V-PAI-3P	ELTERO_SZOVEGALAP
1Krón 8:13		αιλαμ	N-PRI	ELTERO_SZOVEGALAP
1Krón 8:13	G2532	και	CONJ	LXX_WH
1Krón 8:13	G3778	ουτοι	D-NPM	LXX_WH
1Krón 8:13	G1559	εξεδιωξαν	V-AAI-3P	LXX_WH
1Krón 8:13	G3588	τους	T-APM	LXX_WH
1Krón 8:13	G2730	κατοικουντας	V-PAPAP	ABP-potolt
1Krón 8:13	G2730	γεθ	N-PRI	ABP-potolt
1Krón 8:14	G2532	και	CONJ	LXX_WH
1Krón 8:14	G0080	αδελφος	N-NSM	LXX_WH
1Krón 8:14	G0846	αυτου	D-GSM	LXX_WH
1Krón 8:14		σωσηκ	N-PRI	ELTERO_SZOVEGALAP
1Krón 8:14	G2532	και	CONJ	LXX_WH
1Krón 8:14		ιαριμωθ	N-PRI	ELTERO_SZOVEGALAP
1Krón 8:15	G2532	και	CONJ	LXX_WH
1Krón 8:15	G2532	ζαβαδια	N-PRI	ABP-potolt
1Krón 8:15	G2532	και	CONJ	LXX_WH
1Krón 8:15	G2532	ωρηρ	N-PRI	ABP-potolt
1Krón 8:15	G2532	και	CONJ	LXX_WH
1Krón 8:15	G2532	ωδηδ	N-PRI	ABP-potolt
1Krón 8:16	G2532	και	CONJ	LXX_WH
1Krón 8:16	G3413	μιχαηλ	N-PRI	LXX_WH
1Krón 8:16	G2532	και	CONJ	LXX_WH
1Krón 8:16	G2532	ιεσφα	N-PRI	ABP-potolt
1Krón 8:16	G2532	και	CONJ	LXX_WH
1Krón 8:16	G2532	ιωχα	N-PRI	ABP-potolt
1Krón 8:16	G5207	υιοι	N-NPM	LXX_WH
1Krón 8:16		βαριγα	N-PRI	ELTERO_SZOVEGALAP
1Krón 8:17	G2532	και	CONJ	LXX_WH
1Krón 8:17	G2532	ζαβαδια	N-PRI	ABP-potolt
1Krón 8:17	G2532	και	CONJ	LXX_WH
1Krón 8:17	G2532	μοσολλαμ	N-PRI	ABP-potolt
1Krón 8:17	G2532	και	CONJ	LXX_WH
1Krón 8:17	G2532	αζακι	N-PRI	ABP-potolt
1Krón 8:17	G2532	και	CONJ	LXX_WH
1Krón 8:17	G2532	αβαρ	N-PRI	ABP-potolt
1Krón 8:18	G2532	και	CONJ	LXX_WH
1Krón 8:18	G2532	ισαμαρι	N-PRI	ABP-potolt
1Krón 8:18	G2532	και	CONJ	LXX_WH
1Krón 8:18	G2532	ιεζλια	N-PRI	ABP-potolt
1Krón 8:18	G2532	και	CONJ	LXX_WH
1Krón 8:18	G2532	ιωβαβ	N-PRI	ABP-potolt
1Krón 8:18	G5207	υιοι	N-NPM	LXX_WH
1Krón 8:18		ελφααλ	N-PRI	
1Krón 8:19	G2532	και	CONJ	LXX_WH
1Krón 8:19	G2532	ιακιμ	N-PRI	ABP-potolt
1Krón 8:19	G2532	και	CONJ	LXX_WH
1Krón 8:19	G2532	ζεχρι	N-PRI	ABP-potolt
1Krón 8:19	G2532	και	CONJ	LXX_WH
1Krón 8:19	G2532	ζαβδι	N-PRI	ABP-potolt
1Krón 8:20	G2532	και	CONJ	LXX_WH
1Krón 8:20	G2532	ελιωηναι	N-PRI	ABP-potolt
1Krón 8:20	G2532	και	CONJ	LXX_WH
1Krón 8:20	G2532	σαλθι	N-PRI	ABP-potolt
1Krón 8:20	G2532	και	CONJ	LXX_WH
1Krón 8:20	G2532	ελιηλι	N-PRI	ABP-potolt
1Krón 8:21	G2532	και	CONJ	LXX_WH
1Krón 8:21	G2532	αδαια	N-PRI	ABP-potolt
1Krón 8:21	G2532	και	CONJ	LXX_WH
1Krón 8:21	G2532	βαραια	N-PRI	ABP-potolt
1Krón 8:21	G2532	και	CONJ	LXX_WH
1Krón 8:21	G2532	σαμαραθ	N-PRI	ABP-potolt
1Krón 8:21	G5207	υιοι	N-NPM	LXX_WH
1Krón 8:21		σαμαι	N-PRI	
1Krón 8:22	G2532	και	CONJ	LXX_WH
1Krón 8:22	G2532	ισφαν	N-PRI	ABP-potolt
1Krón 8:22	G2532	και	CONJ	LXX_WH
1Krón 8:22	G5601	ωβηδ	N-PRI	LXX_WH
1Krón 8:22	G2532	και	CONJ	LXX_WH
1Krón 8:22	G2532	ελεηλ	N-PRI	ABP-potolt
1Krón 8:23	G2532	και	CONJ	LXX_WH
1Krón 8:23	G2532	αβαδων	N-PRI	ABP-potolt
1Krón 8:23	G2532	και	CONJ	LXX_WH
1Krón 8:23	G2532	ζεχρι	N-PRI	ABP-potolt
1Krón 8:23	G2532	και	CONJ	LXX_WH
1Krón 8:23	G2532	αναν	N-PRI	ABP-potolt
1Krón 8:24	G2532	και	CONJ	LXX_WH
1Krón 8:24	G2532	ανανια	N-PRI	ABP-potolt
1Krón 8:24	G2532	και	CONJ	LXX_WH
1Krón 8:24	G2532	αμβρι	N-PRI	ABP-potolt
1Krón 8:24	G2532	και	CONJ	LXX_WH
1Krón 8:24	G2532	αιλαμ	N-PRI	ABP-potolt
1Krón 8:24	G2532	και	CONJ	LXX_WH
1Krón 8:24	G2532	αναθωθια	N-PRI	ABP-potolt
1Krón 8:25	G2532	και	CONJ	LXX_WH
1Krón 8:25		αθιν	N-PRI	ELTERO_SZOVEGALAP
1Krón 8:25	G2532	και	CONJ	LXX_WH
1Krón 8:25		ιεφερια	N-PRI	ELTERO_SZOVEGALAP
1Krón 8:25	G2532	και	CONJ	LXX_WH
1Krón 8:25	G2532	φελιηλ	N-PRI	ABP-potolt
1Krón 8:25	G5207	υιοι	N-NPM	LXX_WH
1Krón 8:25		σωσηκ	N-PRI	ELTERO_SZOVEGALAP
1Krón 8:26	G2532	και	CONJ	LXX_WH
1Krón 8:26	G2532	σαμσαρια	N-PRI	ABP-potolt
1Krón 8:26	G2532	και	CONJ	LXX_WH
1Krón 8:26	G2532	σααρια	N-PRI	ABP-potolt
1Krón 8:26	G2532	και	CONJ	LXX_WH
1Krón 8:26	G2532	ογοθολια	N-PRI	ABP-potolt
1Krón 8:27	G2532	και	CONJ	LXX_WH
1Krón 8:27	G2532	ιαρασια	N-PRI	ABP-potolt
1Krón 8:27	G2532	και	CONJ	LXX_WH
1Krón 8:27	G2532	ηλια	N-PRI	ABP-potolt
1Krón 8:27	G2532	και	CONJ	LXX_WH
1Krón 8:27	G2532	ζεχρι	N-PRI	ABP-potolt
1Krón 8:27	G5207	υιοι	N-NPM	LXX_WH
1Krón 8:27		ιρααμ	N-PRI	
1Krón 8:28	G3778	ουτοι	D-NPM	LXX_WH
1Krón 8:28	G0758	αρχοντες	N-NPM	LXX_WH
1Krón 8:28	G3965	πατριων	N-GPF	LXX_WH
1Krón 8:28	G2596	κατα	PREP	LXX_WH
1Krón 8:28	G1078	γενεσεις	N-NPF	LXX_WH
1Krón 8:28	G0846	αυτων	D-GPM	LXX_WH
1Krón 8:28	G0758	αρχοντες	N-NPM	LXX_WH
1Krón 8:28	G3778	ουτοι	D-NPM	LXX_WH
1Krón 8:28	G2730	κατωκησαν	V-AAI-3P	ABP-potolt
1Krón 8:28	G1722	εν	PREP	LXX_WH
1Krón 8:28	G2419	ιερουσαλημ	N-PRI	LXX_WH
1Krón 8:29	G2532	και	CONJ	LXX_WH
1Krón 8:29	G1722	εν	PREP	LXX_WH
1Krón 8:29	G2730	γαβαων	N-PRI	ABP-potolt
1Krón 8:29	G2730	κατωκησεν	V-AAI-3S	ABP-potolt
1Krón 8:29	G3962	πατηρ	N-NSM	LXX_WH
1Krón 8:29		γαβαων	N-PRI	ELTERO_SZOVEGALAP
1Krón 8:29	G2532	και	CONJ	LXX_WH
1Krón 8:29	G3686	ονομα	N-ASN	LXX_WH
1Krón 8:29	G1135	γυναικι	N-DSF	LXX_WH
1Krón 8:29	G0846	αυτου	D-GSM	LXX_WH
1Krón 8:29		μααχα	N-PRI	ELTERO_SZOVEGALAP
1Krón 8:30	G2532	και	CONJ	LXX_WH
1Krón 8:30	G5207	υιος	N-NSM	LXX_WH
1Krón 8:30	G0846	αυτης	D-GSF	LXX_WH
1Krón 8:30	G3588	ο	T-NSM	LXX_WH
1Krón 8:30	G4416	πρωτοτοκος	A-NSM	LXX_WH
1Krón 8:30	G2532	αβαδων	N-PRI	ABP-potolt
1Krón 8:30	G2532	και	CONJ	LXX_WH
1Krón 8:30	G2532	σουρ	N-PRI	ABP-potolt
1Krón 8:30	G2532	και	CONJ	LXX_WH
1Krón 8:30	G2797	κις	N-PRI	LXX_WH
1Krón 8:30	G2532	και	CONJ	LXX_WH
1Krón 8:30	G0896	βααλ	N-PRI	LXX_WH
1Krón 8:30	G2532	και	CONJ	LXX_WH
1Krón 8:30	G2532	νηρ	N-PRI	ABP-potolt
1Krón 8:30	G2532	και	CONJ	LXX_WH
1Krón 8:30	G2532	ναδαβ	N-PRI	ABP-potolt
1Krón 8:31	G2532	και	CONJ	LXX_WH
1Krón 8:31		γεδουρ	N-PRI	ELTERO_SZOVEGALAP
1Krón 8:31	G2532	και	CONJ	LXX_WH
1Krón 8:31	G0080	αδελφος	N-NSM	LXX_WH
1Krón 8:31	G0846	αυτου	D-GSM	LXX_WH
1Krón 8:31	G2532	και	CONJ	LXX_WH
1Krón 8:31		ζαχουρ	N-PRI	ELTERO_SZOVEGALAP
1Krón 8:31	G2532	και	CONJ	LXX_WH
1Krón 8:31		μακαλωθ	N-PRI	ELTERO_SZOVEGALAP
1Krón 8:32	G2532	και	CONJ	LXX_WH
1Krón 8:32		μακαλωθ	N-PRI	ELTERO_SZOVEGALAP
1Krón 8:32	G1080	εγεννησεν	V-AAI-3S	LXX_WH
1Krón 8:32	G3588	τον	T-ASM	LXX_WH
1Krón 8:32		σεμαα	N-PRI	ELTERO_SZOVEGALAP
1Krón 8:32	G2532	και	CONJ	LXX_WH
1Krón 8:32	G1063	γαρ	PRT	LXX_WH
1Krón 8:32	G3778	ουτοι	D-NPM	LXX_WH
1Krón 8:32	G2713	κατεναντι	ADV	ABP-potolt
1Krón 8:32	G3588	των	T-GPM	LXX_WH
1Krón 8:32	G0080	αδελφων	N-GPM	LXX_WH
1Krón 8:32	G0846	αυτων	D-GPM	LXX_WH
1Krón 8:32		κατωκησαν	V-AAI-3P	ELTERO_SZOVEGALAP
1Krón 8:32	G1722	εν	PREP	LXX_WH
1Krón 8:32	G2419	ιερουσαλημ	N-PRI	LXX_WH
1Krón 8:32	G3326	μετα	PREP	LXX_WH
1Krón 8:32	G3588	των	T-GPM	LXX_WH
1Krón 8:32	G0080	αδελφων	N-GPM	LXX_WH
1Krón 8:32	G0846	αυτων	P-GPM	LXX_WH
1Krón 8:33	G2532	και	CONJ	LXX_WH
1Krón 8:33		νηρ	N-PRI	ELTERO_SZOVEGALAP
1Krón 8:33	G1080	εγεννησεν	V-AAI-3S	LXX_WH
1Krón 8:33	G3588	τον	T-ASM	LXX_WH
1Krón 8:33	G2797	κις	N-PRI	LXX_WH
1Krón 8:33	G2532	και	CONJ	LXX_WH
1Krón 8:33	G2797	κις	N-PRI	LXX_WH
1Krón 8:33	G1080	εγεννησεν	V-AAI-3S	LXX_WH
1Krón 8:33	G3588	τον	T-ASM	LXX_WH
1Krón 8:33	G4549	σαουλ	N-PRI	LXX_WH
1Krón 8:33	G2532	και	CONJ	LXX_WH
1Krón 8:33	G4549	σαουλ	N-PRI	LXX_WH
1Krón 8:33	G1080	εγεννησεν	V-AAI-3S	LXX_WH
1Krón 8:33	G3588	τον	T-ASM	LXX_WH
1Krón 8:33		ιωναθαν	N-PRI	ELTERO_SZOVEGALAP
1Krón 8:33	G2532	και	CONJ	LXX_WH
1Krón 8:33	G3588	τον	T-ASM	LXX_WH
1Krón 8:33		μελχισουε	N-PRI	ELTERO_SZOVEGALAP
1Krón 8:33	G2532	και	CONJ	LXX_WH
1Krón 8:33	G3588	τον	T-ASM	LXX_WH
1Krón 8:33	G0284	αμιναδαβ	N-PRI	LXX_WH
1Krón 8:33	G2532	και	CONJ	LXX_WH
1Krón 8:33	G3588	τον	T-ASM	LXX_WH
1Krón 8:33		ασαβαλ	N-PRI	ELTERO_SZOVEGALAP
1Krón 8:34	G2532	και	CONJ	LXX_WH
1Krón 8:34	G5207	υιοι	N-NPM	LXX_WH
1Krón 8:34		ιωναθαν	N-PRI	
1Krón 8:34		μεριβααλ	N-PRI	
1Krón 8:34	G2532	και	CONJ	LXX_WH
1Krón 8:34	G3588	μεριβααλ	N-PRI	ABP-potolt
1Krón 8:34	G1080	εγεννησεν	V-AAI-3S	LXX_WH
1Krón 8:34	G3588	τον	T-ASM	LXX_WH
1Krón 8:34		μιχια	N-PRI	
1Krón 8:35	G2532	και	CONJ	LXX_WH
1Krón 8:35	G5207	υιοι	N-NPM	LXX_WH
1Krón 8:35	G2532	μιχια	N-PRI	ABP-potolt
1Krón 8:35	G2532	φιθων	N-PRI	ABP-potolt
1Krón 8:35	G2532	και	CONJ	LXX_WH
1Krón 8:35		μελχηλ	N-PRI	
1Krón 8:35	G2532	και	CONJ	LXX_WH
1Krón 8:35		θερεε	N-PRI	
1Krón 8:35	G2532	και	CONJ	LXX_WH
1Krón 8:35	G0881	αχαζ	N-PRI	LXX_WH
1Krón 8:36	G2532	και	CONJ	LXX_WH
1Krón 8:36	G0881	αχαζ	N-PRI	LXX_WH
1Krón 8:36	G1080	εγεννησεν	V-AAI-3S	LXX_WH
1Krón 8:36	G3588	τον	T-ASM	LXX_WH
1Krón 8:36		ιωιαδα	N-PRI	ELTERO_SZOVEGALAP
1Krón 8:36	G2532	και	CONJ	LXX_WH
1Krón 8:36		ιωιαδα	N-PRI	ELTERO_SZOVEGALAP
1Krón 8:36	G1080	εγεννησεν	V-AAI-3S	LXX_WH
1Krón 8:36	G3588	τον	T-ASM	LXX_WH
1Krón 8:36		γαλεμαθ	N-PRI	ELTERO_SZOVEGALAP
1Krón 8:36	G2532	και	CONJ	LXX_WH
1Krón 8:36	G3588	τον	T-ASM	LXX_WH
1Krón 8:36		ασμωθ	N-PRI	ELTERO_SZOVEGALAP
1Krón 8:36	G2532	και	CONJ	LXX_WH
1Krón 8:36	G3588	τον	T-ASM	LXX_WH
1Krón 8:36		ζαμβρι	N-PRI	ELTERO_SZOVEGALAP
1Krón 8:36	G2532	και	CONJ	LXX_WH
1Krón 8:36		ζαμβρι	N-PRI	ELTERO_SZOVEGALAP
1Krón 8:36	G1080	εγεννησεν	V-AAI-3S	LXX_WH
1Krón 8:36	G3588	τον	T-ASM	LXX_WH
1Krón 8:36		μαισα	N-PRI	ELTERO_SZOVEGALAP
1Krón 8:37	G2532	και	CONJ	LXX_WH
1Krón 8:37		μαισα	N-PRI	ELTERO_SZOVEGALAP
1Krón 8:37	G1080	εγεννησεν	V-AAI-3S	LXX_WH
1Krón 8:37	G3588	τον	T-ASM	LXX_WH
1Krón 8:37	G5207	βαανα	N-PRI	ABP-potolt
1Krón 8:37	G5207	ραφαια	N-PRI	ABP-potolt
1Krón 8:37	G5207	υιος	N-NSM	LXX_WH
1Krón 8:37	G0846	αυτου	D-GSM	LXX_WH
1Krón 8:37		ελασα	N-PRI	ELTERO_SZOVEGALAP
1Krón 8:37	G5207	υιος	N-NSM	LXX_WH
1Krón 8:37	G0846	αυτου	D-GSM	LXX_WH
1Krón 8:37		εσηλ	N-PRI	ELTERO_SZOVEGALAP
1Krón 8:37	G5207	υιος	N-NSM	LXX_WH
1Krón 8:37	G0846	αυτου	D-GSM	LXX_WH
1Krón 8:38	G2532	και	CONJ	LXX_WH
1Krón 8:38	G3588	τω	T-DSM	LXX_WH
1Krón 8:38		εσηλ	N-PRI	ELTERO_SZOVEGALAP
1Krón 8:38	G1803	εξ	N-NUI	LXX_WH
1Krón 8:38	G5207	υιοι	N-NPM	LXX_WH
1Krón 8:38	G2532	και	CONJ	LXX_WH
1Krón 8:38	G3778	ταυτα	D-NPN	LXX_WH
1Krón 8:38	G3588	τα	T-NPN	LXX_WH
1Krón 8:38	G3686	ονοματα	N-NPN	LXX_WH
1Krón 8:38	G0846	αυτων	D-GPM	LXX_WH
1Krón 8:38		εζρικαμ	N-PRI	ELTERO_SZOVEGALAP
1Krón 8:38	G4416	πρωτοτοκος	A-NSM	LXX_WH
1Krón 8:38	G0846	αυτου	D-GSM	LXX_WH
1Krón 8:38	G2532	και	CONJ	LXX_WH
1Krón 8:38	G2532	ισμαηλ	N-PRI	ABP-potolt
1Krón 8:38	G2532	και	CONJ	LXX_WH
1Krón 8:38	G2532	σαραια	N-PRI	ABP-potolt
1Krón 8:38	G2532	και	CONJ	LXX_WH
1Krón 8:38	G2532	αβδια	N-PRI	ABP-potolt
1Krón 8:38	G2532	και	CONJ	LXX_WH
1Krón 8:38	G2532	αναν	N-PRI	ABP-potolt
1Krón 8:38	G3956	παντες	A-NPM	LXX_WH
1Krón 8:38	G3778	ουτοι	D-NPM	LXX_WH
1Krón 8:38	G5207	υιοι	N-NPM	LXX_WH
1Krón 8:38		εσηλ	N-PRI	ELTERO_SZOVEGALAP
1Krón 8:39	G2532	και	CONJ	LXX_WH
1Krón 8:39	G5207	υιοι	N-NPM	LXX_WH
1Krón 8:39	G3588	ασηλ	N-PRI	ABP-potolt
1Krón 8:39	G0080	αδελφου	N-GSM	LXX_WH
1Krón 8:39	G0846	αυτου	D-GSM	LXX_WH
1Krón 8:39		αιλαμ	N-PRI	ELTERO_SZOVEGALAP
1Krón 8:39	G4416	πρωτοτοκος	A-NSM	LXX_WH
1Krón 8:39	G0846	αυτου	D-GSM	LXX_WH
1Krón 8:39	G2532	και	CONJ	LXX_WH
1Krón 8:39	G5207	ιαις	N-PRI	ABP-potolt
1Krón 8:39	G3588	ο	T-NSM	LXX_WH
1Krón 8:39	G1208	δευτερος	A-NSM	LXX_WH
1Krón 8:39	G2532	ελιφαλετ	N-PRI	ABP-potolt
1Krón 8:39	G3588	ο	T-NSM	LXX_WH
1Krón 8:39	G5154	τριτος	A-NSM	LXX_WH
1Krón 8:40	G2532	και	CONJ	LXX_WH
1Krón 8:40	G1510	ησαν	V-IAI-3P	LXX_WH
1Krón 8:40	G5207	υιοι	N-NPM	LXX_WH
1Krón 8:40		αιλαμ	N-PRI	ELTERO_SZOVEGALAP
1Krón 8:40	G2478	ισχυροι	A-NPM	LXX_WH
1Krón 8:40	G0435	ανδρες	N-NPM	LXX_WH
1Krón 8:40	G1411	δυναμει	N-DSF	LXX_WH
1Krón 8:40		τεινοντες	V-PAPNP	ELTERO_SZOVEGALAP
1Krón 8:40	G5115	τοξον	N-ASN	LXX_WH
1Krón 8:40	G2532	και	CONJ	LXX_WH
1Krón 8:40	G4129	πληθυνοντες	V-PAPNP	LXX_WH
1Krón 8:40	G5207	υιους	N-APM	LXX_WH
1Krón 8:40	G2532	και	CONJ	LXX_WH
1Krón 8:40	G5207	υιους	N-APM	LXX_WH
1Krón 8:40	G3588	των	T-GPM	LXX_WH
1Krón 8:40	G5207	υιων	N-GPM	LXX_WH
1Krón 8:40	G1540	εκατον	N-NUI	LXX_WH
1Krón 8:40	G4004	πεντηκοντα	N-NUI	LXX_WH
1Krón 8:40	G3956	παντες	A-NPM	LXX_WH
1Krón 8:40	G3778	ουτοι	D-NPM	LXX_WH
1Krón 8:40	G1537	εξ	PREP	LXX_WH
1Krón 8:40	G5207	υιων	N-GPM	LXX_WH
1Krón 8:40	G0958	βενιαμιν	N-PRI	LXX_WH
1Krón 9:1	G2532	και	CONJ	LXX_WH
1Krón 9:1	G3956	πας	A-NSM	LXX_WH
1Krón 9:1	G2474	ισραηλ	N-PRI	LXX_WH
1Krón 9:1	G3588	ο	T-NSM	LXX_WH
1Krón 9:1		συλλοχισμος	N-NSM	ELTERO_SZOVEGALAP
1Krón 9:1	G0846	αυτων	D-GPM	LXX_WH
1Krón 9:1	G2532	και	CONJ	LXX_WH
1Krón 9:1	G3778	ουτοι	D-NPM	LXX_WH
1Krón 9:1		καταγεγραμμενοι	V-RMPNP	ELTERO_SZOVEGALAP
1Krón 9:1	G1722	εν	PREP	LXX_WH
1Krón 9:1	G0975	βιβλιω	N-DSN	LXX_WH
1Krón 9:1	G3588	των	T-GPM	LXX_WH
1Krón 9:1	G0935	βασιλεων	N-GPM	LXX_WH
1Krón 9:1	G2474	ισραηλ	N-PRI	LXX_WH
1Krón 9:1	G2532	και	CONJ	LXX_WH
1Krón 9:1	G2448	ιουδα	N-PRI	LXX_WH
1Krón 9:1	G3326	μετα	PREP	LXX_WH
1Krón 9:1	G3588	των	T-GPM	LXX_WH
1Krón 9:1		αποικισθεντων	V-APPGP	ELTERO_SZOVEGALAP
1Krón 9:1	G1519	εις	PREP	LXX_WH
1Krón 9:1	G0897	βαβυλωνα	N-ASM	LXX_WH
1Krón 9:1	G1722	εν	PREP	LXX_WH
1Krón 9:1	G3588	ταις	T-DPF	LXX_WH
1Krón 9:1	G0458	ανομιαις	N-DPF	LXX_WH
1Krón 9:1	G0846	αυτων	D-GPM	LXX_WH
1Krón 9:2	G2532	και	CONJ	LXX_WH
1Krón 9:2	G3588	οι	T-NPM	LXX_WH
1Krón 9:2		κατοικουντες	V-PAPNP	ELTERO_SZOVEGALAP
1Krón 9:2	G4386	προτερον	ADV	LXX_WH
1Krón 9:2	G1722	εν	PREP	LXX_WH
1Krón 9:2	G3588	ταις	T-DPF	LXX_WH
1Krón 9:2	G2697	κατασχεσεσιν	N-DPF	LXX_WH
1Krón 9:2	G0846	αυτων	D-GPM	LXX_WH
1Krón 9:2	G1722	εν	PREP	LXX_WH
1Krón 9:2	G3588	ταις	T-DPF	LXX_WH
1Krón 9:2	G4172	πολεσιν	N-DPF	LXX_WH
1Krón 9:2	G2474	ισραηλ	N-PRI	LXX_WH
1Krón 9:2	G3588	οι	T-NPM	LXX_WH
1Krón 9:2	G2409	ιερεις	N-NPM	LXX_WH
1Krón 9:2	G3588	οι	T-NPM	LXX_WH
1Krón 9:2	G3019	λευιται	N-NPM	LXX_WH
1Krón 9:2	G2532	και	CONJ	LXX_WH
1Krón 9:2	G3588	οι	T-NPM	LXX_WH
1Krón 9:2	G1325	δεδομενοι	V-RMPNP	LXX_WH
1Krón 9:3	G2532	και	CONJ	LXX_WH
1Krón 9:3	G1722	εν	PREP	LXX_WH
1Krón 9:3	G2419	ιερουσαλημ	N-PRI	LXX_WH
1Krón 9:3		κατωκησαν	V-AAI-3P	ELTERO_SZOVEGALAP
1Krón 9:3	G0575	απο	PREP	LXX_WH
1Krón 9:3	G3588	των	T-GPM	LXX_WH
1Krón 9:3	G5207	υιων	N-GPM	LXX_WH
1Krón 9:3	G2448	ιουδα	N-PRI	LXX_WH
1Krón 9:3	G2532	και	CONJ	LXX_WH
1Krón 9:3	G0575	απο	PREP	LXX_WH
1Krón 9:3	G3588	των	T-GPM	LXX_WH
1Krón 9:3	G5207	υιων	N-GPM	LXX_WH
1Krón 9:3	G0958	βενιαμιν	N-PRI	LXX_WH
1Krón 9:3	G2532	και	CONJ	LXX_WH
1Krón 9:3	G0575	απο	PREP	LXX_WH
1Krón 9:3	G3588	των	T-GPM	LXX_WH
1Krón 9:3	G5207	υιων	N-GPM	LXX_WH
1Krón 9:3	G2187	εφραιμ	N-PRI	LXX_WH
1Krón 9:3	G2532	και	CONJ	LXX_WH
1Krón 9:3		μανασση	N-PRI	ELTERO_SZOVEGALAP
1Krón 9:4	G5207	γωθι	N-PRI	ABP-potolt
1Krón 9:4	G5207	υιος	N-NSM	LXX_WH
1Krón 9:4	G5207	αμμιουδ	N-PRI	ABP-potolt
1Krón 9:4	G5207	υιου	N-GSM	LXX_WH
1Krón 9:4	G5207	αμρι	N-PRI	ABP-potolt
1Krón 9:4	G5207	υιου	N-GSM	LXX_WH
1Krón 9:4	G5207	υιων	N-GPM	LXX_WH
1Krón 9:4	G5329	φαρες	N-PRI	LXX_WH
1Krón 9:4	G5207	υιου	N-GSM	LXX_WH
1Krón 9:4	G2448	ιουδα	N-PRI	LXX_WH
1Krón 9:5	G2532	και	CONJ	LXX_WH
1Krón 9:5	G1537	εκ	PREP	LXX_WH
1Krón 9:5	G3588	των	T-GPM	LXX_WH
1Krón 9:5	G3588	σηλωνι	N-PRI	ABP-potolt
1Krón 9:5	G3588	ασαια	N-PRI	ABP-potolt
1Krón 9:5	G4416	πρωτοτοκος	A-NSM	LXX_WH
1Krón 9:5	G0846	αυτου	D-GSM	LXX_WH
1Krón 9:5	G2532	και	CONJ	LXX_WH
1Krón 9:5	G5207	υιοι	N-NPM	LXX_WH
1Krón 9:5	G0846	αυτου	D-GSM	LXX_WH
1Krón 9:6	G1537	εκ	PREP	LXX_WH
1Krón 9:6	G3588	των	T-GPM	LXX_WH
1Krón 9:6	G5207	υιων	N-GPM	LXX_WH
1Krón 9:6	G2196	ζαρα	N-PRI	LXX_WH
1Krón 9:6		ιιηλ	N-PRI	ELTERO_SZOVEGALAP
1Krón 9:6	G2532	και	CONJ	LXX_WH
1Krón 9:6	G0080	αδελφοι	N-NPM	LXX_WH
1Krón 9:6	G0846	αυτων	D-GPM	LXX_WH
1Krón 9:6	G1812	εξακοσιοι	A-NPM	LXX_WH
1Krón 9:6	G2532	και	CONJ	LXX_WH
1Krón 9:6	G1767	ενενηκοντα	N-NUI	ABP-potolt
1Krón 9:7	G2532	και	CONJ	LXX_WH
1Krón 9:7	G1537	εκ	PREP	LXX_WH
1Krón 9:7	G3588	των	T-GPM	LXX_WH
1Krón 9:7	G5207	υιων	N-GPM	LXX_WH
1Krón 9:7	G0958	βενιαμιν	N-PRI	LXX_WH
1Krón 9:7		σαλω	N-PRI	ELTERO_SZOVEGALAP
1Krón 9:7	G5207	υιος	N-NSM	LXX_WH
1Krón 9:7	G5207	μοσολλαμ	N-PRI	ABP-potolt
1Krón 9:7	G5207	υιου	N-GSM	LXX_WH
1Krón 9:7	G5207	ωδουια	N-PRI	ABP-potolt
1Krón 9:7	G5207	υιου	N-GSM	LXX_WH
1Krón 9:7	G5207	σαναα	N-PRI	ABP-potolt
1Krón 9:8	G2532	και	CONJ	LXX_WH
1Krón 9:8	G5207	ιβαναα	N-PRI	ABP-potolt
1Krón 9:8	G5207	υιος	N-NSM	LXX_WH
1Krón 9:8	G5207	ιρααμ	N-PRI	ABP-potolt
1Krón 9:8	G2532	και	CONJ	LXX_WH
1Krón 9:8	G3778	ουτοι	D-NPM	LXX_WH
1Krón 9:8	G5207	υιοι	N-NPM	LXX_WH
1Krón 9:8		οζι	N-PRI	
1Krón 9:8	G5207	υιου	N-GSM	LXX_WH
1Krón 9:8	G5207	μαχιρ	N-PRI	ABP-potolt
1Krón 9:8	G2532	και	CONJ	LXX_WH
1Krón 9:8	G5207	μασσαλημ	N-PRI	ABP-potolt
1Krón 9:8	G5207	υιος	N-NSM	LXX_WH
1Krón 9:8		σαφατια	N-PRI	
1Krón 9:8	G5207	υιου	N-GSM	LXX_WH
1Krón 9:8		ραγουηλ	N-PRI	
1Krón 9:8	G5207	υιου	N-GSM	LXX_WH
1Krón 9:8	G5207	βαναια	N-PRI	ABP-potolt
1Krón 9:9	G2532	και	CONJ	LXX_WH
1Krón 9:9	G0080	αδελφοι	N-NPM	LXX_WH
1Krón 9:9	G0846	αυτων	D-GPM	LXX_WH
1Krón 9:9	G2596	κατα	PREP	LXX_WH
1Krón 9:9	G1078	γενεσεις	N-APF	LXX_WH
1Krón 9:9	G0846	αυτων	D-GPM	LXX_WH
1Krón 9:9		εννακοσιοι	A-NPM	ELTERO_SZOVEGALAP
1Krón 9:9	G4004	πεντηκοντα	N-NUI	LXX_WH
1Krón 9:9	G1803	εξ	N-NUI	LXX_WH
1Krón 9:9	G3956	παντες	A-NPM	LXX_WH
1Krón 9:9	G3588	οι	T-NPM	LXX_WH
1Krón 9:9	G0435	ανδρες	N-NPM	LXX_WH
1Krón 9:9	G0758	αρχοντες	N-NPM	LXX_WH
1Krón 9:9	G3965	πατριων	N-GPF	LXX_WH
1Krón 9:9	G2596	κατ	PREP	LXX_WH
1Krón 9:9	G3624	οικους	N-APM	LXX_WH
1Krón 9:9	G3965	πατριων	N-GPF	LXX_WH
1Krón 9:9	G0846	αυτων	D-GPM	LXX_WH
1Krón 9:10	G2532	και	CONJ	LXX_WH
1Krón 9:10	G0575	απο	PREP	LXX_WH
1Krón 9:10	G3588	των	T-GPM	LXX_WH
1Krón 9:10	G2409	ιερεων	N-GPM	LXX_WH
1Krón 9:10	G2532	ιωδαε	N-PRI	ABP-potolt
1Krón 9:10	G2532	και	CONJ	LXX_WH
1Krón 9:10		ιωαριμ	N-PRI	
1Krón 9:10	G2532	και	CONJ	LXX_WH
1Krón 9:10	G2532	ιαχιν	N-PRI	ABP-potolt
1Krón 9:11	G2532	και	CONJ	LXX_WH
1Krón 9:11	G5207	αζαρια	N-PRI	ABP-potolt
1Krón 9:11	G5207	υιος	N-NSM	LXX_WH
1Krón 9:11	G5207	χελκια	N-PRI	ABP-potolt
1Krón 9:11	G5207	υιου	N-GSM	LXX_WH
1Krón 9:11	G5207	μοσολλαμ	N-PRI	ABP-potolt
1Krón 9:11	G5207	υιου	N-GSM	LXX_WH
1Krón 9:11	G4524	σαδωκ	N-PRI	LXX_WH
1Krón 9:11	G5207	υιου	N-GSM	LXX_WH
1Krón 9:11	G5207	μαραιωθ	N-PRI	ABP-potolt
1Krón 9:11	G5207	υιου	N-GSM	LXX_WH
1Krón 9:11	G5207	αχιτωβ	N-PRI	ABP-potolt
1Krón 9:11	G2233	ηγουμενος	V-PMPNS	LXX_WH
1Krón 9:11	G3624	οικου	N-GSM	LXX_WH
1Krón 9:11	G3588	του	T-GSM	LXX_WH
1Krón 9:11	G2316	θεου	N-GSM	LXX_WH
1Krón 9:12	G2532	και	CONJ	LXX_WH
1Krón 9:12	G5207	αδαια	N-PRI	ABP-potolt
1Krón 9:12	G5207	υιος	N-NSM	LXX_WH
1Krón 9:12		ιρααμ	N-PRI	
1Krón 9:12	G5207	υιου	N-GSM	LXX_WH
1Krón 9:12		πασχωρ	N-PRI	
1Krón 9:12	G5207	υιου	N-GSM	LXX_WH
1Krón 9:12	G5207	μαλχια	N-PRI	ABP-potolt
1Krón 9:12	G2532	και	CONJ	LXX_WH
1Krón 9:12	G5207	μαασαια	N-PRI	ABP-potolt
1Krón 9:12	G5207	υιος	N-NSM	LXX_WH
1Krón 9:12		αδιηλ	N-PRI	
1Krón 9:12	G5207	υιου	N-GSM	LXX_WH
1Krón 9:12		ιεδιου	N-PRI	
1Krón 9:12	G5207	υιου	N-GSM	LXX_WH
1Krón 9:12		μοσολλαμ	N-PRI	
1Krón 9:12	G5207	υιου	N-GSM	LXX_WH
1Krón 9:12		μασελμωθ	N-PRI	
1Krón 9:12	G5207	υιου	N-GSM	LXX_WH
1Krón 9:12	G5207	εμμηρ	N-PRI	ABP-potolt
1Krón 9:13	G2532	και	CONJ	LXX_WH
1Krón 9:13	G0080	αδελφοι	N-NPM	LXX_WH
1Krón 9:13	G0846	αυτων	D-GPM	LXX_WH
1Krón 9:13	G0758	αρχοντες	N-NPM	LXX_WH
1Krón 9:13	G3624	οικων	N-GPM	LXX_WH
1Krón 9:13	G3965	πατριων	N-GPF	LXX_WH
1Krón 9:13	G5507	χιλιοι	A-NPM	LXX_WH
1Krón 9:13		επτακοσιοι	A-NPM	ELTERO_SZOVEGALAP
1Krón 9:13	G1835	εξηκοντα	N-NUI	LXX_WH
1Krón 9:13	G2478	ισχυροι	A-NPM	LXX_WH
1Krón 9:13	G1411	δυναμει	N-DSF	LXX_WH
1Krón 9:13	G1519	εις	PREP	LXX_WH
1Krón 9:13	G2039	εργασιαν	N-ASF	LXX_WH
1Krón 9:13	G3009	λειτουργιας	N-GSF	LXX_WH
1Krón 9:13	G3624	οικου	N-GSM	LXX_WH
1Krón 9:13	G3588	του	T-GSM	LXX_WH
1Krón 9:13	G2316	θεου	N-GSM	LXX_WH
1Krón 9:14	G2532	και	CONJ	LXX_WH
1Krón 9:14	G1537	εκ	PREP	LXX_WH
1Krón 9:14	G3588	των	T-GPM	LXX_WH
1Krón 9:14	G3019	λευιτων	N-GPM	LXX_WH
1Krón 9:14		σαμαια	N-PRI	ELTERO_SZOVEGALAP
1Krón 9:14	G5207	υιος	N-NSM	LXX_WH
1Krón 9:14	G5207	ασωβ	N-PRI	ABP-potolt
1Krón 9:14	G5207	υιου	N-GSM	LXX_WH
1Krón 9:14	G5207	εσρικαμ	N-PRI	ABP-potolt
1Krón 9:14	G5207	υιου	N-GSM	LXX_WH
1Krón 9:14	G5207	ασαβια	N-PRI	ABP-potolt
1Krón 9:14	G1537	εκ	PREP	LXX_WH
1Krón 9:14	G3588	των	T-GPM	LXX_WH
1Krón 9:14	G5207	υιων	N-GPM	LXX_WH
1Krón 9:14		μεραρι	N-PRI	ELTERO_SZOVEGALAP
1Krón 9:15	G2532	και	CONJ	LXX_WH
1Krón 9:15	G2532	βακβακαρ	N-PRI	ABP-potolt
1Krón 9:15	G2532	και	CONJ	LXX_WH
1Krón 9:15	G2532	αρης	N-PRI	ABP-potolt
1Krón 9:15	G2532	και	CONJ	LXX_WH
1Krón 9:15	G2532	γαλαλ	N-PRI	ABP-potolt
1Krón 9:15	G2532	και	CONJ	LXX_WH
1Krón 9:15		μανθανιας	N-PRI	
1Krón 9:15	G5207	υιος	N-NSM	LXX_WH
1Krón 9:15	G5207	μιχα	N-PRI	ABP-potolt
1Krón 9:15	G5207	υιου	N-GSM	LXX_WH
1Krón 9:15	G5207	ζεχρι	N-PRI	ABP-potolt
1Krón 9:15	G5207	υιου	N-GSM	LXX_WH
1Krón 9:15	G5207	ασαφ	N-PRI	ABP-potolt
1Krón 9:16	G2532	και	CONJ	LXX_WH
1Krón 9:16	G5207	αβδια	N-PRI	ABP-potolt
1Krón 9:16	G5207	υιος	N-NSM	LXX_WH
1Krón 9:16		σαμια	N-PRI	
1Krón 9:16	G5207	υιου	N-GSM	LXX_WH
1Krón 9:16		γαλαλ	N-PRI	
1Krón 9:16	G5207	υιου	N-GSM	LXX_WH
1Krón 9:16	G5207	ιδιθων	N-PRI	ABP-potolt
1Krón 9:16	G2532	και	CONJ	LXX_WH
1Krón 9:16	G5207	βαραχια	N-PRI	ABP-potolt
1Krón 9:16	G5207	υιος	N-NSM	LXX_WH
1Krón 9:16		οσσα	N-PRI	
1Krón 9:16	G5207	υιου	N-GSM	LXX_WH
1Krón 9:16	G5207	ηλκανα	N-PRI	ABP-potolt
1Krón 9:16	G3588	ο	T-NSM	LXX_WH
1Krón 9:16	G2730	κατοικων	N-GPM	ABP-potolt
1Krón 9:16	G1722	εν	PREP	LXX_WH
1Krón 9:16	G3588	ταις	T-DPF	LXX_WH
1Krón 9:16	G2864	κωμαις	N-DPF	LXX_WH
1Krón 9:16		νετωφατι	N-PRI	ELTERO_SZOVEGALAP
1Krón 9:17	G3588	οι	T-NPM	LXX_WH
1Krón 9:17	G4440	πυλωροι	N-NPM	ABP-potolt
1Krón 9:17	G4440	σαλωμ	N-PRI	ABP-potolt
1Krón 9:17	G2532	και	CONJ	LXX_WH
1Krón 9:17	G2532	ακουβ	N-PRI	ABP-potolt
1Krón 9:17	G2532	και	CONJ	LXX_WH
1Krón 9:17	G2532	ταλμαν	N-PRI	ABP-potolt
1Krón 9:17	G2532	και	CONJ	LXX_WH
1Krón 9:17	G2532	αιμαν	N-PRI	ABP-potolt
1Krón 9:17	G2532	και	CONJ	LXX_WH
1Krón 9:17	G0080	αδελφοι	N-NPM	LXX_WH
1Krón 9:17	G0846	αυτων	D-GPM	LXX_WH
1Krón 9:17		σαλωμ	N-PRI	ELTERO_SZOVEGALAP
1Krón 9:17	G3588	ο	T-NSM	LXX_WH
1Krón 9:17	G0758	αρχων	N-NSM	LXX_WH
1Krón 9:18	G2532	και	CONJ	LXX_WH
1Krón 9:18	G2193	εως	PREP	LXX_WH
1Krón 9:18	G3778	ταυτης	D-GSF	LXX_WH
1Krón 9:18	G1722	εν	PREP	LXX_WH
1Krón 9:18	G3588	τη	T-DSF	LXX_WH
1Krón 9:18	G4439	πυλη	N-DSF	LXX_WH
1Krón 9:18	G3588	του	T-GSM	LXX_WH
1Krón 9:18	G0935	βασιλεως	N-GSM	LXX_WH
1Krón 9:18	G2596	κατ	PREP	LXX_WH
1Krón 9:18	G0395	ανατολας	N-APF	LXX_WH
1Krón 9:18	G3778	αυται	D-NPF	LXX_WH
1Krón 9:18	G3588	αι	T-NPF	LXX_WH
1Krón 9:18	G4439	πυλαι	N-NPF	LXX_WH
1Krón 9:18	G3588	των	T-GPF	LXX_WH
1Krón 9:18	G3925	παρεμβολων	N-GPF	ABP-potolt
1Krón 9:18	G5207	υιων	N-GPM	LXX_WH
1Krón 9:18	G3017	λευι	N-PRI	LXX_WH
1Krón 9:19	G2532	και	CONJ	LXX_WH
1Krón 9:19	G5207	σαλωμ	N-PRI	ABP-potolt
1Krón 9:19	G5207	υιος	N-NSM	LXX_WH
1Krón 9:19	G2879	κωρη	N-PRI	LXX_WH
1Krón 9:19	G5207	υιου	N-GSM	LXX_WH
1Krón 9:19	G5207	αβιασαφ	N-PRI	ABP-potolt
1Krón 9:19	G5207	υιου	N-GSM	LXX_WH
1Krón 9:19	G2879	κορε	N-PRI	LXX_WH
1Krón 9:19	G2532	και	CONJ	LXX_WH
1Krón 9:19	G3588	οι	T-NPM	LXX_WH
1Krón 9:19	G0080	αδελφοι	N-NPM	LXX_WH
1Krón 9:19	G0846	αυτου	D-GSM	LXX_WH
1Krón 9:19	G1519	εις	PREP	LXX_WH
1Krón 9:19	G3624	οικον	N-ASM	LXX_WH
1Krón 9:19	G3962	πατρος	N-GSM	LXX_WH
1Krón 9:19	G0846	αυτου	D-GSM	LXX_WH
1Krón 9:19	G3588	οι	T-NPM	LXX_WH
1Krón 9:19	G3962	κοριται	N-NPM	ABP-potolt
1Krón 9:19	G1909	επι	PREP	LXX_WH
1Krón 9:19	G3588	των	T-GPN	LXX_WH
1Krón 9:19	G2041	εργων	N-GPN	LXX_WH
1Krón 9:19	G3588	της	T-GSF	LXX_WH
1Krón 9:19	G3009	λειτουργιας	N-GSF	LXX_WH
1Krón 9:19	G5442	φυλασσοντες	V-PAPNP	LXX_WH
1Krón 9:19	G3588	τας	T-APF	LXX_WH
1Krón 9:19	G5438	φυλακας	N-APF	LXX_WH
1Krón 9:19	G3588	της	T-GSF	LXX_WH
1Krón 9:19	G4633	σκηνης	N-GSF	LXX_WH
1Krón 9:19	G2532	και	CONJ	LXX_WH
1Krón 9:19	G3962	πατερες	N-NPM	LXX_WH
1Krón 9:19	G0846	αυτων	D-GPM	LXX_WH
1Krón 9:19	G1909	επι	PREP	LXX_WH
1Krón 9:19	G3588	της	T-GSF	LXX_WH
1Krón 9:19	G3925	παρεμβολης	N-GSF	ABP-potolt
1Krón 9:19	G2962	κυριου	N-GSM	LXX_WH
1Krón 9:19	G5442	φυλασσοντες	V-PAPNP	LXX_WH
1Krón 9:19	G3588	την	T-ASF	LXX_WH
1Krón 9:19	G1529	εισοδον	N-ASF	LXX_WH
1Krón 9:20	G2532	και	CONJ	LXX_WH
1Krón 9:20		φινεες	N-PRI	ELTERO_SZOVEGALAP
1Krón 9:20	G5207	υιος	N-NSM	LXX_WH
1Krón 9:20	G1648	ελεαζαρ	N-PRI	LXX_WH
1Krón 9:20	G2233	ηγουμενος	V-PMPNS	LXX_WH
1Krón 9:20	G1510	ην	V-IAI-3S	LXX_WH
1Krón 9:20	G1909	επ	PREP	LXX_WH
1Krón 9:20	G0846	αυτων	D-GPM	LXX_WH
1Krón 9:20	G1715	εμπροσθεν	ADV	LXX_WH
1Krón 9:20	G2532	και	CONJ	LXX_WH
1Krón 9:20	G3778	ουτοι	D-NPM	LXX_WH
1Krón 9:20	G3326	μετ	PREP	LXX_WH
1Krón 9:20	G0846	αυτου	D-GSM	LXX_WH
1Krón 9:21	G2197	ζαχαριας	N-NSM	LXX_WH
1Krón 9:21	G5207	υιος	N-NSM	LXX_WH
1Krón 9:21	G4440	μασαλαμι	N-PRI	ABP-potolt
1Krón 9:21	G4440	πυλωρος	N-NSM	ABP-potolt
1Krón 9:21	G3588	της	T-GSF	LXX_WH
1Krón 9:21	G2374	θυρας	N-GSF	LXX_WH
1Krón 9:21	G3588	της	T-GSF	LXX_WH
1Krón 9:21	G4633	σκηνης	N-GSF	LXX_WH
1Krón 9:21	G3588	του	T-GSM	LXX_WH
1Krón 9:21	G3142	μαρτυριου	N-GSN	LXX_WH
1Krón 9:22	G3956	παντες	A-NPM	LXX_WH
1Krón 9:22	G3588	οι	T-NPM	LXX_WH
1Krón 9:22	G1588	εκλεκτοι	A-NPM	LXX_WH
1Krón 9:22	G3588	ταις	T-DPF	LXX_WH
1Krón 9:22	G4439	πυλαις	N-DPF	LXX_WH
1Krón 9:22	G1722	εν	PREP	LXX_WH
1Krón 9:22	G3588	ταις	T-DPF	LXX_WH
1Krón 9:22	G4439	πυλαις	N-DPF	LXX_WH
1Krón 9:22	G1250	διακοσιοι	A-NPM	LXX_WH
1Krón 9:22	G2532	και	CONJ	LXX_WH
1Krón 9:22	G1176	δεκα	N-NUI	LXX_WH
1Krón 9:22	G1417	δυο	N-NUI	LXX_WH
1Krón 9:22	G3778	ουτοι	D-NPM	LXX_WH
1Krón 9:22	G1722	εν	PREP	LXX_WH
1Krón 9:22	G3588	ταις	T-DPF	LXX_WH
1Krón 9:22	G0833	αυλαις	N-DPF	LXX_WH
1Krón 9:22	G0846	αυτων	D-GPM	LXX_WH
1Krón 9:22	G3588	ο	T-NSM	LXX_WH
1Krón 9:22		καταλοχισμος	N-NSM	ELTERO_SZOVEGALAP
1Krón 9:22	G0846	αυτων	D-GPM	LXX_WH
1Krón 9:22	G3778	τουτους	D-APM	LXX_WH
1Krón 9:22	G2476	εστησεν	V-AAI-3S	LXX_WH
1Krón 9:22		δαυιδ	N-PRI	ELTERO_SZOVEGALAP
1Krón 9:22	G2532	και	CONJ	LXX_WH
1Krón 9:22	G4545	σαμουηλ	N-PRI	LXX_WH
1Krón 9:22	G3588	ο	T-NSM	LXX_WH
1Krón 9:22	G0991	βλεπων	V-PAPNS	LXX_WH
1Krón 9:22	G3588	τη	T-DSF	LXX_WH
1Krón 9:22	G4102	πιστει	N-DSF	LXX_WH
1Krón 9:22	G0846	αυτων	D-GPM	LXX_WH
1Krón 9:23	G2532	και	CONJ	LXX_WH
1Krón 9:23	G3778	ουτοι	D-NPM	LXX_WH
1Krón 9:23	G2532	και	CONJ	LXX_WH
1Krón 9:23	G3588	οι	T-NPM	LXX_WH
1Krón 9:23	G5207	υιοι	N-NPM	LXX_WH
1Krón 9:23	G0846	αυτων	D-GPM	LXX_WH
1Krón 9:23	G1909	επι	PREP	LXX_WH
1Krón 9:23	G3588	των	T-GPF	LXX_WH
1Krón 9:23	G4439	πυλων	N-GPF	LXX_WH
1Krón 9:23	G1722	εν	PREP	LXX_WH
1Krón 9:23	G3624	οικω	N-DSM	LXX_WH
1Krón 9:23	G2962	κυριου	N-GSM	LXX_WH
1Krón 9:23	G1722	εν	PREP	LXX_WH
1Krón 9:23	G3624	οικω	N-DSM	LXX_WH
1Krón 9:23	G3588	της	T-GSF	LXX_WH
1Krón 9:23	G4633	σκηνης	N-GSF	LXX_WH
1Krón 9:23	G3588	του	T-GSN	LXX_WH
1Krón 9:23	G5442	φυλασσειν	V-PAN	LXX_WH
1Krón 9:24	G2596	κατα	PREP	LXX_WH
1Krón 9:24	G3588	τους	T-APM	LXX_WH
1Krón 9:24	G5064	τεσσαρας	A-APM	LXX_WH
1Krón 9:24	G0417	ανεμους	N-APM	LXX_WH
1Krón 9:24	G1510	ησαν	V-IAI-3P	LXX_WH
1Krón 9:24	G3588	αι	T-NPF	LXX_WH
1Krón 9:24	G4439	πυλαι	N-NPF	LXX_WH
1Krón 9:24	G2596	κατ	PREP	LXX_WH
1Krón 9:24	G0395	ανατολας	N-APF	LXX_WH
1Krón 9:24	G2281	θαλασσαν	N-ASF	LXX_WH
1Krón 9:24		βορραν	N-ASM	ELTERO_SZOVEGALAP
1Krón 9:24	G3558	νοτον	N-ASM	LXX_WH
1Krón 9:25	G2532	και	CONJ	LXX_WH
1Krón 9:25	G0080	αδελφοι	N-NPM	LXX_WH
1Krón 9:25	G0846	αυτων	D-GPM	LXX_WH
1Krón 9:25	G1722	εν	PREP	LXX_WH
1Krón 9:25	G3588	ταις	T-DPF	LXX_WH
1Krón 9:25	G0833	αυλαις	N-DPF	LXX_WH
1Krón 9:25	G0846	αυτων	D-GPM	LXX_WH
1Krón 9:25	G3588	του	T-GSN	LXX_WH
1Krón 9:25	G1531	εισπορευεσθαι	V-PMN	LXX_WH
1Krón 9:25	G2596	κατα	PREP	LXX_WH
1Krón 9:25	G2033	επτα	N-NUI	LXX_WH
1Krón 9:25	G2250	ημερας	N-APF	LXX_WH
1Krón 9:25	G0575	απο	PREP	LXX_WH
1Krón 9:25	G2540	καιρου	N-GSM	LXX_WH
1Krón 9:25	G1519	εις	PREP	LXX_WH
1Krón 9:25	G2540	καιρον	N-ASM	LXX_WH
1Krón 9:25	G3326	μετα	PREP	LXX_WH
1Krón 9:25	G3778	τουτων	D-GPM	LXX_WH
1Krón 9:26	G3754	οτι	CONJ	LXX_WH
1Krón 9:26	G1722	εν	PREP	LXX_WH
1Krón 9:26	G4102	πιστει	N-DSF	LXX_WH
1Krón 9:26	G1510	εισιν	V-PAI-3P	LXX_WH
1Krón 9:26	G5064	τεσσαρες	A-NPM	LXX_WH
1Krón 9:26	G1415	δυνατοι	A-NPM	LXX_WH
1Krón 9:26	G3588	των	T-GPF	LXX_WH
1Krón 9:26	G4439	πυλων	N-GPF	LXX_WH
1Krón 9:26	G3588	οι	T-NPM	LXX_WH
1Krón 9:26	G3019	λευιται	N-NPM	LXX_WH
1Krón 9:26	G1510	ησαν	V-IAI-3P	LXX_WH
1Krón 9:26	G1909	επι	PREP	LXX_WH
1Krón 9:26	G3588	των	T-GPN	LXX_WH
1Krón 9:26	G3956	παστοφοριων	N-GPN	ABP-potolt
1Krón 9:26	G2532	και	CONJ	LXX_WH
1Krón 9:26	G1909	επι	PREP	LXX_WH
1Krón 9:26	G3588	των	T-GPM	LXX_WH
1Krón 9:26	G2344	θησαυρων	N-GPM	LXX_WH
1Krón 9:26	G3624	οικου	N-GSM	LXX_WH
1Krón 9:26	G3588	του	T-GSM	LXX_WH
1Krón 9:26	G2316	θεου	N-GSM	LXX_WH
1Krón 9:27	G2532	και	CONJ	LXX_WH
1Krón 9:27		περικυκλω	ADV	ELTERO_SZOVEGALAP
1Krón 9:27	G3624	οικου	N-GSM	LXX_WH
1Krón 9:27	G3588	του	T-GSM	LXX_WH
1Krón 9:27	G2316	θεου	N-GSM	LXX_WH
1Krón 9:27	G0835	παρεμβαλουσιν	V-FAI-3P	ABP-potolt
1Krón 9:27	G3754	οτι	CONJ	LXX_WH
1Krón 9:27	G1909	επ	PREP	LXX_WH
1Krón 9:27	G0846	αυτους	D-APM	LXX_WH
1Krón 9:27	G5438	φυλακη	N-NSF	LXX_WH
1Krón 9:27	G2532	και	CONJ	LXX_WH
1Krón 9:27	G3778	ουτοι	D-NPM	LXX_WH
1Krón 9:27	G1909	επι	PREP	LXX_WH
1Krón 9:27	G3588	των	T-GPF	LXX_WH
1Krón 9:27	G2807	κλειδων	N-GPF	LXX_WH
1Krón 9:27	G3588	το	T-ASN	LXX_WH
1Krón 9:27	G4404	πρωι	ADV	LXX_WH
1Krón 9:27	G4404	πρωι	ADV	LXX_WH
1Krón 9:27	G0455	ανοιγειν	V-PAN	LXX_WH
1Krón 9:27	G3588	τας	T-APF	LXX_WH
1Krón 9:27	G2374	θυρας	N-APF	LXX_WH
1Krón 9:27	G3588	του	T-GSM	LXX_WH
1Krón 9:27	G2413	ιερου	A-GSM	LXX_WH
1Krón 9:28	G2532	και	CONJ	LXX_WH
1Krón 9:28	G1537	εξ	PREP	LXX_WH
1Krón 9:28	G0846	αυτων	D-GPM	LXX_WH
1Krón 9:28	G1909	επι	PREP	LXX_WH
1Krón 9:28	G3588	τα	T-APN	LXX_WH
1Krón 9:28	G4632	σκευη	N-APN	LXX_WH
1Krón 9:28	G3588	της	T-GSF	LXX_WH
1Krón 9:28	G3009	λειτουργιας	N-GSF	LXX_WH
1Krón 9:28	G3754	οτι	CONJ	LXX_WH
1Krón 9:28	G1722	εν	PREP	LXX_WH
1Krón 9:28	G0706	αριθμω	N-DSM	LXX_WH
1Krón 9:28	G1533	εισοισουσιν	V-FAI-3P	LXX_WH
1Krón 9:28	G0846	αυτα	D-APN	LXX_WH
1Krón 9:28	G2532	και	CONJ	LXX_WH
1Krón 9:28	G1722	εν	PREP	LXX_WH
1Krón 9:28	G0706	αριθμω	N-DSM	LXX_WH
1Krón 9:28	G1627	εξοισουσιν	V-FAI-3P	LXX_WH
1Krón 9:28	G0846	αυτα	D-APN	LXX_WH
1Krón 9:29	G2532	και	CONJ	LXX_WH
1Krón 9:29	G1537	εξ	PREP	LXX_WH
1Krón 9:29	G0846	αυτων	D-GPM	LXX_WH
1Krón 9:29	G2525	καθεσταμενοι	V-RMPNP	LXX_WH
1Krón 9:29	G1909	επι	PREP	LXX_WH
1Krón 9:29	G3588	τα	T-APN	LXX_WH
1Krón 9:29	G4632	σκευη	N-APN	LXX_WH
1Krón 9:29	G2532	και	CONJ	LXX_WH
1Krón 9:29	G1909	επι	PREP	LXX_WH
1Krón 9:29	G3956	παντα	A-APN	LXX_WH
1Krón 9:29	G3588	τα	T-APN	LXX_WH
1Krón 9:29	G4632	σκευη	N-APN	LXX_WH
1Krón 9:29	G3588	τα	T-APN	LXX_WH
1Krón 9:29	G0040	αγια	A-APN	LXX_WH
1Krón 9:29	G2532	και	CONJ	LXX_WH
1Krón 9:29	G1909	επι	PREP	LXX_WH
1Krón 9:29	G3588	της	T-GSF	LXX_WH
1Krón 9:29	G4585	σεμιδαλεως	N-GSF	LXX_WH
1Krón 9:29	G3588	του	T-GSM	LXX_WH
1Krón 9:29	G3631	οινου	N-GSM	LXX_WH
1Krón 9:29	G3588	του	T-GSN	LXX_WH
1Krón 9:29	G1637	ελαιου	N-GSN	LXX_WH
1Krón 9:29	G3588	του	T-GSM	LXX_WH
1Krón 9:29	G3031	λιβανωτου	N-GSM	LXX_WH
1Krón 9:29	G2532	και	CONJ	LXX_WH
1Krón 9:29	G3588	των	T-GPN	LXX_WH
1Krón 9:29	G0759	αρωματων	N-GPN	LXX_WH
1Krón 9:30	G2532	και	CONJ	LXX_WH
1Krón 9:30	G0575	απο	PREP	LXX_WH
1Krón 9:30	G3588	των	T-GPM	LXX_WH
1Krón 9:30	G5207	υιων	N-GPM	LXX_WH
1Krón 9:30	G3588	των	T-GPM	LXX_WH
1Krón 9:30	G2409	ιερεων	N-GPM	LXX_WH
1Krón 9:30	G1510	ησαν	V-IAI-3P	LXX_WH
1Krón 9:30	G3460	μυρεψοι	N-NPM	ABP-potolt
1Krón 9:30	G3588	του	T-GSN	LXX_WH
1Krón 9:30	G3464	μυρου	N-GSN	LXX_WH
1Krón 9:30	G2532	και	CONJ	LXX_WH
1Krón 9:30	G1519	εις	PREP	LXX_WH
1Krón 9:30	G3588	τα	T-APN	LXX_WH
1Krón 9:30	G0759	αρωματα	N-APN	LXX_WH
1Krón 9:31	G2532	και	CONJ	LXX_WH
1Krón 9:31	G3161	ματταθιας	N-NSM	LXX_WH
1Krón 9:31	G1537	εκ	PREP	LXX_WH
1Krón 9:31	G3588	των	T-GPM	LXX_WH
1Krón 9:31	G3019	λευιτων	N-GPM	LXX_WH
1Krón 9:31	G3778	ουτος	D-NSM	LXX_WH
1Krón 9:31	G3588	ο	T-NSM	LXX_WH
1Krón 9:31	G4416	πρωτοτοκος	A-NSM	LXX_WH
1Krón 9:31	G3588	τω	T-DSM	LXX_WH
1Krón 9:31		σαλωμ	N-PRI	
1Krón 9:31	G3588	τω	T-DSM	LXX_WH
1Krón 9:31	G3588	κοριτη	N-DSM	ABP-potolt
1Krón 9:31	G1722	εν	PREP	LXX_WH
1Krón 9:31	G3588	τη	T-DSF	LXX_WH
1Krón 9:31	G4102	πιστει	N-DSF	LXX_WH
1Krón 9:31	G1909	επι	PREP	LXX_WH
1Krón 9:31	G3588	τα	T-APN	LXX_WH
1Krón 9:31	G2041	εργα	N-APN	LXX_WH
1Krón 9:31	G3588	της	T-GSF	LXX_WH
1Krón 9:31	G2378	θυσιας	N-GSF	LXX_WH
1Krón 9:31	G3588	του	T-GSN	LXX_WH
1Krón 9:31		τηγανου	N-GSN	
1Krón 9:31	G3588	του	T-GSM	LXX_WH
1Krón 9:31	G3173	μεγαλου	A-GSM	LXX_WH
1Krón 9:31	G2409	ιερεως	N-GSM	LXX_WH
1Krón 9:32	G2532	και	CONJ	LXX_WH
1Krón 9:32		βαναιας	N-NSM	ELTERO_SZOVEGALAP
1Krón 9:32	G3588	ο	T-NSM	LXX_WH
1Krón 9:32		κααθιτης	N-NSM	ELTERO_SZOVEGALAP
1Krón 9:32	G1537	εκ	PREP	LXX_WH
1Krón 9:32	G3588	των	T-GPM	LXX_WH
1Krón 9:32	G0080	αδελφων	N-GPM	LXX_WH
1Krón 9:32	G0846	αυτων	D-GPM	LXX_WH
1Krón 9:32	G1909	επι	PREP	LXX_WH
1Krón 9:32	G3588	των	T-GPM	LXX_WH
1Krón 9:32	G0740	αρτων	N-GPM	LXX_WH
1Krón 9:32	G3588	της	T-GSF	LXX_WH
1Krón 9:32	G4286	προθεσεως	N-GSF	LXX_WH
1Krón 9:32	G3588	του	T-GSN	LXX_WH
1Krón 9:32	G2090	ετοιμασαι	V-AAN	LXX_WH
1Krón 9:32	G4521	σαββατον	N-ASN	LXX_WH
1Krón 9:32	G2596	κατα	PREP	LXX_WH
1Krón 9:32	G4521	σαββατον	N-ASN	LXX_WH
1Krón 9:33	G2532	και	CONJ	LXX_WH
1Krón 9:33	G3778	ουτοι	D-NPM	LXX_WH
1Krón 9:33	G5568	ψαλτωδοι	A-NPM	ABP-potolt
1Krón 9:33	G0758	αρχοντες	N-NPM	LXX_WH
1Krón 9:33	G3588	των	T-GPF	LXX_WH
1Krón 9:33	G3965	πατριων	N-GPF	LXX_WH
1Krón 9:33	G3588	των	T-GPM	LXX_WH
1Krón 9:33	G3019	λευιτων	N-GPM	LXX_WH
1Krón 9:33	G1299	διατεταγμεναι	V-RMPNP	LXX_WH
1Krón 9:33	G2183	εφημεριαι	N-NSF	LXX_WH
1Krón 9:33	G3754	οτι	CONJ	LXX_WH
1Krón 9:33	G2250	ημερα	N-NSF	LXX_WH
1Krón 9:33	G2532	και	CONJ	LXX_WH
1Krón 9:33	G3571	νυξ	N-NSF	LXX_WH
1Krón 9:33	G1909	επ	PREP	LXX_WH
1Krón 9:33	G0846	αυτοις	D-DPM	LXX_WH
1Krón 9:33	G1722	εν	PREP	LXX_WH
1Krón 9:33	G3588	τοις	T-DPN	LXX_WH
1Krón 9:33	G2041	εργοις	N-DPN	LXX_WH
1Krón 9:34	G3778	ουτοι	D-NPM	LXX_WH
1Krón 9:34	G0758	αρχοντες	N-NPM	LXX_WH
1Krón 9:34	G3588	των	T-GPF	LXX_WH
1Krón 9:34	G3965	πατριων	N-GPF	LXX_WH
1Krón 9:34	G3588	των	T-GPM	LXX_WH
1Krón 9:34	G3019	λευιτων	N-GPM	LXX_WH
1Krón 9:34	G2596	κατα	PREP	LXX_WH
1Krón 9:34	G1078	γενεσεις	N-APF	LXX_WH
1Krón 9:34	G0846	αυτων	D-GPM	LXX_WH
1Krón 9:34	G0758	αρχοντες	N-NPM	LXX_WH
1Krón 9:34	G3778	ουτοι	D-NPM	LXX_WH
1Krón 9:34		κατωκησαν	V-AAI-3P	ELTERO_SZOVEGALAP
1Krón 9:34	G1722	εν	PREP	LXX_WH
1Krón 9:34	G2419	ιερουσαλημ	N-PRI	LXX_WH
1Krón 9:35	G2532	και	CONJ	LXX_WH
1Krón 9:35	G1722	εν	PREP	LXX_WH
1Krón 9:35	G2730	γαβαων	N-PRI	ABP-potolt
1Krón 9:35	G2730	κατωκησεν	V-AAI-3S	ABP-potolt
1Krón 9:35	G3962	πατηρ	N-NSM	LXX_WH
1Krón 9:35		γαβαων	N-PRI	ELTERO_SZOVEGALAP
1Krón 9:35		ιιηλ	N-PRI	ELTERO_SZOVEGALAP
1Krón 9:35	G2532	και	CONJ	LXX_WH
1Krón 9:35	G3686	ονομα	N-NSN	LXX_WH
1Krón 9:35	G1135	γυναικος	N-GSF	LXX_WH
1Krón 9:35	G0846	αυτου	D-GSM	LXX_WH
1Krón 9:35		μοωχα	N-PRI	ELTERO_SZOVEGALAP
1Krón 9:36	G2532	και	CONJ	LXX_WH
1Krón 9:36	G5207	υιος	N-NSM	LXX_WH
1Krón 9:36	G0846	αυτου	D-GSM	LXX_WH
1Krón 9:36	G3588	ο	T-NSM	LXX_WH
1Krón 9:36	G4416	πρωτοτοκος	A-NSM	LXX_WH
1Krón 9:36	G2532	αβαδων	N-PRI	ABP-potolt
1Krón 9:36	G2532	και	CONJ	LXX_WH
1Krón 9:36	G2532	σιρ	N-PRI	ABP-potolt
1Krón 9:36	G2532	και	CONJ	LXX_WH
1Krón 9:36	G2797	κις	N-PRI	LXX_WH
1Krón 9:36	G2532	και	CONJ	LXX_WH
1Krón 9:36	G0896	βααλ	N-PRI	LXX_WH
1Krón 9:36	G2532	και	CONJ	LXX_WH
1Krón 9:36	G2532	νηρ	N-PRI	ABP-potolt
1Krón 9:36	G2532	και	CONJ	LXX_WH
1Krón 9:36	G2532	ναδαβ	N-PRI	ABP-potolt
1Krón 9:37	G2532	και	CONJ	LXX_WH
1Krón 9:37		γεδουρ	N-PRI	
1Krón 9:37	G2532	και	CONJ	LXX_WH
1Krón 9:37	G0080	αδελφος	N-NSM	LXX_WH
1Krón 9:37	G2532	και	CONJ	LXX_WH
1Krón 9:37		ζαχαρια	N-PRI	
1Krón 9:37	G2532	και	CONJ	LXX_WH
1Krón 9:37	G2532	μακελλωθ	N-PRI	ABP-potolt
1Krón 9:38	G2532	και	CONJ	LXX_WH
1Krón 9:38		μακελλωθ	N-PRI	ELTERO_SZOVEGALAP
1Krón 9:38	G1080	εγεννησεν	V-AAI-3S	LXX_WH
1Krón 9:38	G3588	τον	T-ASM	LXX_WH
1Krón 9:38		σαμαα	N-PRI	ELTERO_SZOVEGALAP
1Krón 9:38	G2532	και	CONJ	LXX_WH
1Krón 9:38	G3778	ουτοι	D-NPM	LXX_WH
1Krón 9:38	G1722	εν	PREP	LXX_WH
1Krón 9:38	G3319	μεσω	A-DSM	LXX_WH
1Krón 9:38	G3588	των	T-GPM	LXX_WH
1Krón 9:38	G0080	αδελφων	N-GPM	LXX_WH
1Krón 9:38	G0846	αυτων	D-GPM	LXX_WH
1Krón 9:38		κατωκησαν	V-AAI-3P	ELTERO_SZOVEGALAP
1Krón 9:38	G1722	εν	PREP	LXX_WH
1Krón 9:38	G2419	ιερουσαλημ	N-PRI	LXX_WH
1Krón 9:38	G3326	μετα	PREP	LXX_WH
1Krón 9:38	G3588	των	T-GPM	LXX_WH
1Krón 9:38	G0080	αδελφων	N-GPM	LXX_WH
1Krón 9:38	G0846	αυτων	D-GPM	LXX_WH
1Krón 9:39	G2532	και	CONJ	LXX_WH
1Krón 9:39		νηρ	N-PRI	ELTERO_SZOVEGALAP
1Krón 9:39	G1080	εγεννησεν	V-AAI-3S	LXX_WH
1Krón 9:39	G3588	τον	T-ASM	LXX_WH
1Krón 9:39	G2797	κις	N-PRI	LXX_WH
1Krón 9:39	G2532	και	CONJ	LXX_WH
1Krón 9:39	G2797	κις	N-PRI	LXX_WH
1Krón 9:39	G1080	εγεννησεν	V-AAI-3S	LXX_WH
1Krón 9:39	G3588	τον	T-ASM	LXX_WH
1Krón 9:39	G4549	σαουλ	N-PRI	LXX_WH
1Krón 9:39	G2532	και	CONJ	LXX_WH
1Krón 9:39	G4549	σαουλ	N-PRI	LXX_WH
1Krón 9:39	G1080	εγεννησεν	V-AAI-3S	LXX_WH
1Krón 9:39	G3588	τον	T-ASM	LXX_WH
1Krón 9:39		ιωναθαν	N-PRI	ELTERO_SZOVEGALAP
1Krón 9:39	G2532	και	CONJ	LXX_WH
1Krón 9:39	G3588	τον	T-ASM	LXX_WH
1Krón 9:39		μελχισουε	N-PRI	ELTERO_SZOVEGALAP
1Krón 9:39	G2532	και	CONJ	LXX_WH
1Krón 9:39	G3588	τον	T-ASM	LXX_WH
1Krón 9:39	G0284	αμιναδαβ	N-PRI	LXX_WH
1Krón 9:39	G2532	και	CONJ	LXX_WH
1Krón 9:39	G3588	τον	T-ASM	LXX_WH
1Krón 9:39		ισβααλ	N-PRI	ELTERO_SZOVEGALAP
1Krón 9:40	G2532	και	CONJ	LXX_WH
1Krón 9:40	G5207	υιος	N-NSM	LXX_WH
1Krón 9:40		ιωναθαν	N-PRI	
1Krón 9:40		μαριβααλ	N-PRI	
1Krón 9:40	G2532	και	CONJ	LXX_WH
1Krón 9:40		μαριβααλ	N-PRI	
1Krón 9:40	G1080	εγεννησεν	V-AAI-3S	LXX_WH
1Krón 9:40	G3588	τον	T-ASM	LXX_WH
1Krón 9:40		μιχα	N-PRI	
1Krón 9:41	G2532	και	CONJ	LXX_WH
1Krón 9:41	G5207	υιοι	N-NPM	LXX_WH
1Krón 9:41	G2532	μιχα	N-PRI	ABP-potolt
1Krón 9:41	G2532	φαιθων	N-PRI	ABP-potolt
1Krón 9:41	G2532	και	CONJ	LXX_WH
1Krón 9:41		μαλαχ	N-PRI	
1Krón 9:41	G2532	και	CONJ	LXX_WH
1Krón 9:41	G2532	θαραχ	N-PRI	ABP-potolt
1Krón 9:42	G2532	και	CONJ	LXX_WH
1Krón 9:42	G0881	αχαζ	N-PRI	LXX_WH
1Krón 9:42	G1080	εγεννησεν	V-AAI-3S	LXX_WH
1Krón 9:42	G3588	τον	T-ASM	LXX_WH
1Krón 9:42		ιαδα	N-PRI	ELTERO_SZOVEGALAP
1Krón 9:42	G2532	και	CONJ	LXX_WH
1Krón 9:42		ιαδα	N-PRI	ELTERO_SZOVEGALAP
1Krón 9:42	G1080	εγεννησεν	V-AAI-3S	LXX_WH
1Krón 9:42	G3588	τον	T-ASM	LXX_WH
1Krón 9:42		γαλεμεθ	N-PRI	ELTERO_SZOVEGALAP
1Krón 9:42	G2532	και	CONJ	LXX_WH
1Krón 9:42	G3588	τον	T-ASM	LXX_WH
1Krón 9:42		γαζμωθ	N-PRI	ELTERO_SZOVEGALAP
1Krón 9:42	G2532	και	CONJ	LXX_WH
1Krón 9:42	G3588	τον	T-ASM	LXX_WH
1Krón 9:42		ζαμβρι	N-PRI	ELTERO_SZOVEGALAP
1Krón 9:42	G2532	και	CONJ	LXX_WH
1Krón 9:42		ζαμβρι	N-PRI	ELTERO_SZOVEGALAP
1Krón 9:42	G1080	εγεννησεν	V-AAI-3S	LXX_WH
1Krón 9:42	G3588	τον	T-ASM	LXX_WH
1Krón 9:42		μασα	N-PRI	ELTERO_SZOVEGALAP
1Krón 9:43	G2532	και	CONJ	LXX_WH
1Krón 9:43		μασα	N-PRI	ELTERO_SZOVEGALAP
1Krón 9:43	G1080	εγεννησεν	V-AAI-3S	LXX_WH
1Krón 9:43	G3588	τον	T-ASM	LXX_WH
1Krón 9:43	G5207	βαανα	N-PRI	ABP-potolt
1Krón 9:43	G5207	ραφαια	N-PRI	ABP-potolt
1Krón 9:43	G5207	υιος	N-NSM	LXX_WH
1Krón 9:43	G0846	αυτου	D-GSM	LXX_WH
1Krón 9:43		ελεασα	N-PRI	ELTERO_SZOVEGALAP
1Krón 9:43	G5207	υιος	N-NSM	LXX_WH
1Krón 9:43	G0846	αυτου	D-GSM	LXX_WH
1Krón 9:43		εσηλ	N-PRI	ELTERO_SZOVEGALAP
1Krón 9:43	G5207	υιος	N-NSM	LXX_WH
1Krón 9:43	G0846	αυτου	D-GSM	LXX_WH
1Krón 9:44	G2532	και	CONJ	LXX_WH
1Krón 9:44	G3588	τω	T-DSM	LXX_WH
1Krón 9:44		εσηλ	N-PRI	ELTERO_SZOVEGALAP
1Krón 9:44	G1803	εξ	N-NUI	LXX_WH
1Krón 9:44	G5207	υιοι	N-NPM	LXX_WH
1Krón 9:44	G2532	και	CONJ	LXX_WH
1Krón 9:44	G3778	ταυτα	D-NPN	LXX_WH
1Krón 9:44	G3588	τα	T-NPN	LXX_WH
1Krón 9:44	G3686	ονοματα	N-NPN	LXX_WH
1Krón 9:44	G0846	αυτων	D-GPM	LXX_WH
1Krón 9:44		εσδρικαμ	N-PRI	ELTERO_SZOVEGALAP
1Krón 9:44	G4416	πρωτοτοκος	A-NSM	LXX_WH
1Krón 9:44	G0846	αυτου	D-GSM	LXX_WH
1Krón 9:44		ισμαηλ	N-PRI	ELTERO_SZOVEGALAP
1Krón 9:44	G2532	και	CONJ	LXX_WH
1Krón 9:44	G2532	σαρια	N-PRI	ABP-potolt
1Krón 9:44	G2532	και	CONJ	LXX_WH
1Krón 9:44	G2532	αβδια	N-PRI	ABP-potolt
1Krón 9:44	G2532	και	CONJ	LXX_WH
1Krón 9:44	G2532	αναν	N-PRI	ABP-potolt
1Krón 9:44	G3778	ουτοι	D-NPM	LXX_WH
1Krón 9:44	G5207	υιοι	N-NPM	LXX_WH
1Krón 9:44		εσηλ	N-PRI	ELTERO_SZOVEGALAP
1Krón 10:1	G2532	και	CONJ	LXX_WH
1Krón 10:1	G0246	αλλοφυλοι	N-NPM	LXX_WH
1Krón 10:1	G4170	επολεμησαν	V-AAI-3P	LXX_WH
1Krón 10:1	G4314	προς	PREP	LXX_WH
1Krón 10:1	G2474	ισραηλ	N-PRI	LXX_WH
1Krón 10:1	G2532	και	CONJ	LXX_WH
1Krón 10:1	G5343	εφυγον	V-AAI-3P	LXX_WH
1Krón 10:1	G0575	απο	PREP	LXX_WH
1Krón 10:1	G4383	προσωπου	N-GSN	LXX_WH
1Krón 10:1	G0246	αλλοφυλων	N-GPM	LXX_WH
1Krón 10:1	G2532	και	CONJ	LXX_WH
1Krón 10:1	G4098	επεσον	V-AAI-3P	LXX_WH
1Krón 10:1	G5134	τραυματιαι	N-NPM	ABP-potolt
1Krón 10:1	G1722	εν	PREP	LXX_WH
1Krón 10:1	G3735	ορει	N-DSN	LXX_WH
1Krón 10:1		γελβουε	N-PRI	ELTERO_SZOVEGALAP
1Krón 10:2	G2532	και	CONJ	LXX_WH
1Krón 10:2	G2614	κατεδιωξαν	V-AAI-3P	LXX_WH
1Krón 10:2	G0246	αλλοφυλοι	N-NPM	LXX_WH
1Krón 10:2	G3694	οπισω	PREP	LXX_WH
1Krón 10:2	G4549	σαουλ	N-PRI	LXX_WH
1Krón 10:2	G2532	και	CONJ	LXX_WH
1Krón 10:2	G3694	οπισω	PREP	LXX_WH
1Krón 10:2	G5207	υιων	N-GPM	LXX_WH
1Krón 10:2	G0846	αυτου	D-GSM	LXX_WH
1Krón 10:2	G2532	και	CONJ	LXX_WH
1Krón 10:2	G3960	επαταξαν	V-AAI-3P	LXX_WH
1Krón 10:2	G0246	αλλοφυλοι	N-NPM	LXX_WH
1Krón 10:2	G3588	τον	T-ASM	LXX_WH
1Krón 10:2	G5207	ιωναθαν	N-PRI	ABP-potolt
1Krón 10:2	G2532	και	CONJ	LXX_WH
1Krón 10:2	G3588	τον	T-ASM	LXX_WH
1Krón 10:2	G0284	αμιναδαβ	N-PRI	LXX_WH
1Krón 10:2	G2532	και	CONJ	LXX_WH
1Krón 10:2	G3588	τον	T-ASM	LXX_WH
1Krón 10:2		μελχισουε	N-PRI	ELTERO_SZOVEGALAP
1Krón 10:2	G5207	υιους	N-APM	LXX_WH
1Krón 10:2	G4549	σαουλ	N-PRI	LXX_WH
1Krón 10:3	G2532	και	CONJ	LXX_WH
1Krón 10:3	G0925	εβαρυνθη	V-API-3S	LXX_WH
1Krón 10:3	G3588	ο	T-NSM	LXX_WH
1Krón 10:3	G4171	πολεμος	N-NSM	LXX_WH
1Krón 10:3	G1909	επι	PREP	LXX_WH
1Krón 10:3	G4549	σαουλ	N-PRI	LXX_WH
1Krón 10:3	G2532	και	CONJ	LXX_WH
1Krón 10:3	G2147	ευρον	V-AAI-3P	LXX_WH
1Krón 10:3	G0846	αυτον	D-ASM	LXX_WH
1Krón 10:3	G3588	οι	T-NPM	LXX_WH
1Krón 10:3	G5115	τοξοται	N-NPM	ABP-potolt
1Krón 10:3	G1722	εν	PREP	LXX_WH
1Krón 10:3	G3588	τοις	T-DPN	LXX_WH
1Krón 10:3	G5115	τοξοις	N-DPN	LXX_WH
1Krón 10:3	G2532	και	CONJ	LXX_WH
1Krón 10:3	G4192	πονοις	N-DPM	LXX_WH
1Krón 10:3	G2532	και	CONJ	LXX_WH
1Krón 10:3	G4188	επονεσεν	V-AAI-3S	ABP-potolt
1Krón 10:3	G0575	απο	PREP	LXX_WH
1Krón 10:3	G3588	των	T-GPN	LXX_WH
1Krón 10:3	G5115	τοξων	N-GPN	LXX_WH
1Krón 10:4	G2532	και	CONJ	LXX_WH
1Krón 10:4		ειπεν	V-AAI-3S	ELTERO_SZOVEGALAP
1Krón 10:4	G4549	σαουλ	N-PRI	LXX_WH
1Krón 10:4	G3588	τω	T-DSM	LXX_WH
1Krón 10:4	G0142	αιροντι	V-PAPDS	LXX_WH
1Krón 10:4	G3588	τα	T-APN	LXX_WH
1Krón 10:4	G4632	σκευη	N-APN	LXX_WH
1Krón 10:4	G0846	αυτου	D-GSM	LXX_WH
1Krón 10:4	G4685	σπασαι	V-AAD-2S	LXX_WH
1Krón 10:4	G3588	την	T-ASF	LXX_WH
1Krón 10:4		ρομφαιαν	N-ASF	ELTERO_SZOVEGALAP
1Krón 10:4	G4771	σου	P-GS	LXX_WH
1Krón 10:4	G2532	και	CONJ	LXX_WH
1Krón 10:4	G1574	εκκεντησον	V-AAD-2S	LXX_WH
1Krón 10:4	G1473	με	P-AS	LXX_WH
1Krón 10:4	G1722	εν	PREP	LXX_WH
1Krón 10:4	G0846	αυτη	D-DSF	LXX_WH
1Krón 10:4	G3165	μη	ADV	LXX_WH
1Krón 10:4	G2064	ελθωσιν	V-AAS-3P	LXX_WH
1Krón 10:4	G3588	οι	T-NPM	LXX_WH
1Krón 10:4	G0564	απεριτμητοι	A-NPM	LXX_WH
1Krón 10:4	G3778	ουτοι	D-NPM	LXX_WH
1Krón 10:4	G2532	και	CONJ	LXX_WH
1Krón 10:4	G1702	εμπαιξωσιν	V-AAS-3P	LXX_WH
1Krón 10:4	G1473	μοι	P-DS	LXX_WH
1Krón 10:4	G2532	και	CONJ	LXX_WH
1Krón 10:4	G3364	ουκ	ADV	LXX_WH
1Krón 10:4	G1014	εβουλετο	V-IMI-3S	LXX_WH
1Krón 10:4	G3588	ο	T-NSM	LXX_WH
1Krón 10:4	G0142	αιρων	V-PAPNS	LXX_WH
1Krón 10:4	G3588	τα	T-APN	LXX_WH
1Krón 10:4	G4632	σκευη	N-APN	LXX_WH
1Krón 10:4	G0846	αυτου	D-GSM	LXX_WH
1Krón 10:4	G3754	οτι	CONJ	LXX_WH
1Krón 10:4	G5399	εφοβειτο	V-IMI-3S	LXX_WH
1Krón 10:4	G4970	σφοδρα	ADV	LXX_WH
1Krón 10:4	G2532	και	CONJ	LXX_WH
1Krón 10:4	G2983	ελαβεν	V-AAI-3S	LXX_WH
1Krón 10:4	G4549	σαουλ	N-PRI	LXX_WH
1Krón 10:4	G3588	την	T-ASF	LXX_WH
1Krón 10:4	G4501	ρομφαιαν	N-ASF	ABP-potolt
1Krón 10:4	G2532	και	CONJ	LXX_WH
1Krón 10:4	G1968	επεπεσεν	V-AAI-3S	LXX_WH
1Krón 10:4	G1909	επ	PREP	LXX_WH
1Krón 10:4	G0846	αυτην	D-ASF	LXX_WH
1Krón 10:5	G2532	και	CONJ	LXX_WH
1Krón 10:5	G3708	ειδεν	V-AAI-3S	LXX_WH
1Krón 10:5	G3588	ο	T-NSM	LXX_WH
1Krón 10:5	G0142	αιρων	V-PAPNS	LXX_WH
1Krón 10:5	G3588	τα	T-APN	LXX_WH
1Krón 10:5	G4632	σκευη	N-APN	LXX_WH
1Krón 10:5	G0846	αυτου	D-GSM	LXX_WH
1Krón 10:5	G3754	οτι	CONJ	LXX_WH
1Krón 10:5	G0599	απεθανεν	V-AAI-3S	LXX_WH
1Krón 10:5	G4549	σαουλ	N-PRI	LXX_WH
1Krón 10:5	G2532	και	CONJ	LXX_WH
1Krón 10:5	G4098	επεσεν	V-AAI-3S	LXX_WH
1Krón 10:5	G2532	και	CONJ	LXX_WH
1Krón 10:5	G1065	γε	PRT	LXX_WH
1Krón 10:5	G0846	αυτος	D-NSM	LXX_WH
1Krón 10:5	G1909	επι	PREP	LXX_WH
1Krón 10:5	G3588	την	T-ASF	LXX_WH
1Krón 10:5		ρομφαιαν	N-ASF	ELTERO_SZOVEGALAP
1Krón 10:5	G0846	αυτου	D-GSM	LXX_WH
1Krón 10:5	G2532	και	CONJ	LXX_WH
1Krón 10:5	G0599	απεθανεν	V-AAI-3S	LXX_WH
1Krón 10:6	G2532	και	CONJ	LXX_WH
1Krón 10:6	G0599	απεθανεν	V-AAI-3S	LXX_WH
1Krón 10:6	G4549	σαουλ	N-PRI	LXX_WH
1Krón 10:6	G2532	και	CONJ	LXX_WH
1Krón 10:6	G5140	τρεις	A-NPM	LXX_WH
1Krón 10:6	G5207	υιοι	N-NPM	LXX_WH
1Krón 10:6	G0846	αυτου	D-GSM	LXX_WH
1Krón 10:6	G1722	εν	PREP	LXX_WH
1Krón 10:6	G3588	τη	T-DSF	LXX_WH
1Krón 10:6	G2250	ημερα	N-DSF	LXX_WH
1Krón 10:6	G1565	εκεινη	D-DSF	LXX_WH
1Krón 10:6	G2532	και	CONJ	LXX_WH
1Krón 10:6	G3956	πας	A-NSM	LXX_WH
1Krón 10:6	G3588	ο	T-NSM	LXX_WH
1Krón 10:6	G3624	οικος	N-NSM	LXX_WH
1Krón 10:6	G0846	αυτου	D-GSM	LXX_WH
1Krón 10:6	G1909	επι	PREP	LXX_WH
1Krón 10:6	G3588	το	T-ASN	LXX_WH
1Krón 10:6	G0846	αυτο	D-ASN	LXX_WH
1Krón 10:6	G0599	απεθανεν	V-AAI-3S	LXX_WH
1Krón 10:7	G2532	και	CONJ	LXX_WH
1Krón 10:7	G3708	ειδεν	V-AAI-3S	LXX_WH
1Krón 10:7	G3956	πας	A-NSM	LXX_WH
1Krón 10:7	G0435	ανηρ	N-NSM	LXX_WH
1Krón 10:7	G2474	ισραηλ	N-PRI	LXX_WH
1Krón 10:7	G3588	ο	T-NSM	LXX_WH
1Krón 10:7	G1722	εν	PREP	LXX_WH
1Krón 10:7	G3588	τω	T-DSM	LXX_WH
1Krón 10:7	G2835	αυλωνι	N-DSM	ABP-potolt
1Krón 10:7	G3754	οτι	CONJ	LXX_WH
1Krón 10:7	G5343	εφυγεν	V-AAI-3S	LXX_WH
1Krón 10:7	G2474	ισραηλ	N-PRI	LXX_WH
1Krón 10:7	G2532	και	CONJ	LXX_WH
1Krón 10:7	G3754	οτι	CONJ	LXX_WH
1Krón 10:7	G0599	απεθανεν	V-AAI-3S	LXX_WH
1Krón 10:7	G4549	σαουλ	N-PRI	LXX_WH
1Krón 10:7	G2532	και	CONJ	LXX_WH
1Krón 10:7	G3588	οι	T-NPM	LXX_WH
1Krón 10:7	G5207	υιοι	N-NPM	LXX_WH
1Krón 10:7	G0846	αυτου	D-GSM	LXX_WH
1Krón 10:7	G2532	και	CONJ	LXX_WH
1Krón 10:7	G2641	κατελιπον	V-AAI-3P	LXX_WH
1Krón 10:7	G3588	τας	T-APF	LXX_WH
1Krón 10:7	G4172	πολεις	N-APF	LXX_WH
1Krón 10:7	G0846	αυτων	D-GPM	LXX_WH
1Krón 10:7	G2532	και	CONJ	LXX_WH
1Krón 10:7	G5343	εφυγον	V-AAI-3P	LXX_WH
1Krón 10:7	G2532	και	CONJ	LXX_WH
1Krón 10:7	G2064	ηλθον	V-AAI-3P	LXX_WH
1Krón 10:7	G0246	αλλοφυλοι	N-NPM	LXX_WH
1Krón 10:7	G2532	και	CONJ	LXX_WH
1Krón 10:7	G2730	κατωκησαν	V-AAI-3P	ABP-potolt
1Krón 10:7	G1722	εν	PREP	LXX_WH
1Krón 10:7	G0846	αυταις	D-DPF	LXX_WH
1Krón 10:8	G2532	και	CONJ	LXX_WH
1Krón 10:8	G1096	εγενετο	V-AMI-3S	LXX_WH
1Krón 10:8	G3588	τη	T-DSF	LXX_WH
1Krón 10:8	G2192	εχομενη	V-PMPDS	LXX_WH
1Krón 10:8	G2532	και	CONJ	LXX_WH
1Krón 10:8	G2064	ηλθον	V-AAI-3P	LXX_WH
1Krón 10:8	G0246	αλλοφυλοι	N-NPM	LXX_WH
1Krón 10:8	G3588	του	T-GSN	LXX_WH
1Krón 10:8		σκυλευειν	V-PAN	
1Krón 10:8	G3588	τους	T-APM	LXX_WH
1Krón 10:8	G5134	τραυματιας	N-APM	ABP-potolt
1Krón 10:8	G2532	και	CONJ	LXX_WH
1Krón 10:8	G2147	ευρον	V-AAI-3P	LXX_WH
1Krón 10:8	G3588	τον	T-ASM	LXX_WH
1Krón 10:8	G4549	σαουλ	N-PRI	LXX_WH
1Krón 10:8	G2532	και	CONJ	LXX_WH
1Krón 10:8	G3588	τους	T-APM	LXX_WH
1Krón 10:8	G5207	υιους	N-APM	LXX_WH
1Krón 10:8	G0846	αυτου	D-GSM	LXX_WH
1Krón 10:8	G4098	πεπτωκοτας	V-RAPAP	LXX_WH
1Krón 10:8	G1722	εν	PREP	LXX_WH
1Krón 10:8	G3588	τω	T-DSN	LXX_WH
1Krón 10:8	G3735	ορει	N-DSN	LXX_WH
1Krón 10:8		γελβουε	N-PRI	ELTERO_SZOVEGALAP
1Krón 10:9	G2532	και	CONJ	LXX_WH
1Krón 10:9	G1562	εξεδυσαν	V-AAI-3P	LXX_WH
1Krón 10:9	G0846	αυτον	D-ASM	LXX_WH
1Krón 10:9	G2532	και	CONJ	LXX_WH
1Krón 10:9	G2983	ελαβον	V-AAI-3P	LXX_WH
1Krón 10:9	G3588	την	T-ASF	LXX_WH
1Krón 10:9	G2776	κεφαλην	N-ASF	LXX_WH
1Krón 10:9	G0846	αυτου	D-GSM	LXX_WH
1Krón 10:9	G2532	και	CONJ	LXX_WH
1Krón 10:9	G3588	τα	T-APN	LXX_WH
1Krón 10:9	G4632	σκευη	N-APN	LXX_WH
1Krón 10:9	G0846	αυτου	D-GSM	LXX_WH
1Krón 10:9	G2532	και	CONJ	LXX_WH
1Krón 10:9	G0649	απεστειλαν	V-AAI-3P	LXX_WH
1Krón 10:9	G1519	εις	PREP	LXX_WH
1Krón 10:9	G1065	γην	N-ASF	LXX_WH
1Krón 10:9	G0246	αλλοφυλων	N-GPM	LXX_WH
1Krón 10:9		κυκλω	N-DSM	ELTERO_SZOVEGALAP
1Krón 10:9	G3588	του	T-GSN	LXX_WH
1Krón 10:9	G2097	ευαγγελισασθαι	V-AMN	LXX_WH
1Krón 10:9	G3588	τοις	T-DPN	LXX_WH
1Krón 10:9	G1497	ειδωλοις	N-DPN	LXX_WH
1Krón 10:9	G0846	αυτων	D-GPM	LXX_WH
1Krón 10:9	G2532	και	CONJ	LXX_WH
1Krón 10:9	G3588	τω	T-DSM	LXX_WH
1Krón 10:9	G2992	λαω	N-DSM	LXX_WH
1Krón 10:10	G2532	και	CONJ	LXX_WH
1Krón 10:10	G5087	εθηκαν	V-AAI-3P	LXX_WH
1Krón 10:10	G3588	τα	T-APN	LXX_WH
1Krón 10:10	G4632	σκευη	N-APN	LXX_WH
1Krón 10:10	G0846	αυτου	D-GSM	LXX_WH
1Krón 10:10	G1722	εν	PREP	LXX_WH
1Krón 10:10	G3624	οικω	N-DSM	LXX_WH
1Krón 10:10	G2316	θεου	N-GSM	LXX_WH
1Krón 10:10	G0846	αυτων	D-GPM	LXX_WH
1Krón 10:10	G2532	και	CONJ	LXX_WH
1Krón 10:10	G3588	την	T-ASF	LXX_WH
1Krón 10:10	G2776	κεφαλην	N-ASF	LXX_WH
1Krón 10:10	G0846	αυτου	D-GSM	LXX_WH
1Krón 10:10	G5087	εθηκαν	V-AAI-3P	LXX_WH
1Krón 10:10	G1722	εν	PREP	LXX_WH
1Krón 10:10	G3624	οικω	N-DSM	LXX_WH
1Krón 10:10		δαγων	N-PRI	ELTERO_SZOVEGALAP
1Krón 10:11	G2532	και	CONJ	LXX_WH
1Krón 10:11	G0191	ηκουσαν	V-AAI-3P	LXX_WH
1Krón 10:11	G3956	παντες	A-NPM	LXX_WH
1Krón 10:11	G3588	οι	T-NPM	LXX_WH
1Krón 10:11		κατοικουντες	V-PAPNP	ELTERO_SZOVEGALAP
1Krón 10:11		γαλααδ	N-PRI	ELTERO_SZOVEGALAP
1Krón 10:11	G0537	απαντα	A-APN	LXX_WH
1Krón 10:11	G3739	α	R-APN	LXX_WH
1Krón 10:11	G4160	εποιησαν	V-AAI-3P	LXX_WH
1Krón 10:11	G0246	αλλοφυλοι	N-NPM	LXX_WH
1Krón 10:11	G3588	τω	T-DSM	LXX_WH
1Krón 10:11	G4549	σαουλ	N-PRI	LXX_WH
1Krón 10:11	G2532	και	CONJ	LXX_WH
1Krón 10:11	G3588	τω	T-DSM	LXX_WH
1Krón 10:11	G2474	ισραηλ	N-PRI	LXX_WH
1Krón 10:12	G2532	και	CONJ	LXX_WH
1Krón 10:12	G1453	ηγερθησαν	V-API-3P	LXX_WH
1Krón 10:12	G1537	εκ	PREP	LXX_WH
1Krón 10:12		γαλααδ	N-PRI	ELTERO_SZOVEGALAP
1Krón 10:12	G3956	πας	A-NSM	LXX_WH
1Krón 10:12	G0435	ανηρ	N-NSM	LXX_WH
1Krón 10:12	G1415	δυνατος	A-NSM	LXX_WH
1Krón 10:12	G2532	και	CONJ	LXX_WH
1Krón 10:12	G2983	ελαβον	V-AAI-3P	LXX_WH
1Krón 10:12	G3588	το	T-ASN	LXX_WH
1Krón 10:12	G4983	σωμα	N-ASN	LXX_WH
1Krón 10:12	G4549	σαουλ	N-PRI	LXX_WH
1Krón 10:12	G2532	και	CONJ	LXX_WH
1Krón 10:12	G3588	το	T-ASN	LXX_WH
1Krón 10:12	G4983	σωμα	N-ASN	LXX_WH
1Krón 10:12	G3588	των	T-GPM	LXX_WH
1Krón 10:12	G5207	υιων	N-GPM	LXX_WH
1Krón 10:12	G0846	αυτου	D-GSM	LXX_WH
1Krón 10:12	G2532	και	CONJ	LXX_WH
1Krón 10:12	G5342	ηνεγκαν	V-AAI-3P	LXX_WH
1Krón 10:12	G0846	αυτα	D-APN	LXX_WH
1Krón 10:12	G1519	εις	PREP	LXX_WH
1Krón 10:12		ιαβις	N-PRI	ELTERO_SZOVEGALAP
1Krón 10:12	G2532	και	CONJ	LXX_WH
1Krón 10:12	G2290	εθαψαν	V-AAI-3P	LXX_WH
1Krón 10:12	G3588	τα	T-APN	LXX_WH
1Krón 10:12	G3747	οστα	N-APN	LXX_WH
1Krón 10:12	G0846	αυτων	D-GPM	LXX_WH
1Krón 10:12	G5259	υπο	PREP	LXX_WH
1Krón 10:12	G3588	την	T-ASF	LXX_WH
1Krón 10:12	G1409	δρυν	N-ASF	ABP-potolt
1Krón 10:12	G1722	εν	PREP	LXX_WH
1Krón 10:12		ιαβις	N-PRI	ELTERO_SZOVEGALAP
1Krón 10:12	G2532	και	CONJ	LXX_WH
1Krón 10:12	G3522	ενηστευσαν	V-AAI-3P	LXX_WH
1Krón 10:12	G2033	επτα	N-NUI	LXX_WH
1Krón 10:12	G2250	ημερας	N-APF	LXX_WH
1Krón 10:13	G2532	και	CONJ	LXX_WH
1Krón 10:13	G0599	απεθανεν	V-AAI-3S	LXX_WH
1Krón 10:13	G4549	σαουλ	N-PRI	LXX_WH
1Krón 10:13	G1722	εν	PREP	LXX_WH
1Krón 10:13	G3588	ταις	T-DPF	LXX_WH
1Krón 10:13	G0458	ανομιαις	N-DPF	LXX_WH
1Krón 10:13	G0846	αυτου	D-GSM	LXX_WH
1Krón 10:13	G3739	αις	R-DPF	LXX_WH
1Krón 10:13		ηνομησεν	V-AAI-3S	ELTERO_SZOVEGALAP
1Krón 10:13	G3588	τω	T-DSM	LXX_WH
1Krón 10:13	G2962	κυριω	N-DSM	LXX_WH
1Krón 10:13	G2596	κατα	PREP	LXX_WH
1Krón 10:13	G3588	τον	T-ASM	LXX_WH
1Krón 10:13	G3056	λογον	N-ASM	LXX_WH
1Krón 10:13	G2962	κυριου	N-GSM	LXX_WH
1Krón 10:13	G1360	διοτι	CONJ	LXX_WH
1Krón 10:13	G3364	ουκ	ADV	LXX_WH
1Krón 10:13	G5442	εφυλαξεν	V-AAI-3S	LXX_WH
1Krón 10:13	G3754	οτι	CONJ	LXX_WH
1Krón 10:13		επηρωτησεν	V-AAI-3S	ELTERO_SZOVEGALAP
1Krón 10:13	G4549	σαουλ	N-PRI	LXX_WH
1Krón 10:13	G1722	εν	PREP	LXX_WH
1Krón 10:13	G3588	τω	T-DSM	LXX_WH
1Krón 10:13	G1447	εγγαστριμυθω	A-DSM	ABP-potolt
1Krón 10:13	G3588	του	T-GSN	LXX_WH
1Krón 10:13	G2212	ζητησαι	V-AAN	LXX_WH
1Krón 10:13	G2532	και	CONJ	LXX_WH
1Krón 10:13		απεκρινατο	V-AMI-3S	ELTERO_SZOVEGALAP
1Krón 10:13	G0846	αυτω	D-DSM	LXX_WH
1Krón 10:13	G4545	σαμουηλ	N-PRI	LXX_WH
1Krón 10:13	G3588	ο	T-NSM	LXX_WH
1Krón 10:13	G4396	προφητης	N-NSM	LXX_WH
1Krón 10:14	G2532	και	CONJ	LXX_WH
1Krón 10:14	G3364	ουκ	ADV	LXX_WH
1Krón 10:14	G2212	εζητησεν	V-AAI-3S	LXX_WH
1Krón 10:14	G2962	κυριον	N-ASM	LXX_WH
1Krón 10:14	G2532	και	CONJ	LXX_WH
1Krón 10:14	G0615	απεκτεινεν	V-AAI-3S	LXX_WH
1Krón 10:14	G0846	αυτον	D-ASM	LXX_WH
1Krón 10:14	G2532	και	CONJ	LXX_WH
1Krón 10:14	G1994	επεστρεψεν	V-AAI-3S	LXX_WH
1Krón 10:14	G3588	την	T-ASF	LXX_WH
1Krón 10:14	G0932	βασιλειαν	N-ASF	LXX_WH
1Krón 10:14	G3588	τω	T-DSM	LXX_WH
1Krón 10:14		δαυιδ	N-PRI	ELTERO_SZOVEGALAP
1Krón 10:14	G5207	υιω	N-DSM	LXX_WH
1Krón 10:14	G2421	ιεσσαι	N-PRI	LXX_WH
1Krón 11:1	G2532	και	CONJ	LXX_WH
1Krón 11:1	G2064	ηλθεν	V-AAI-3S	LXX_WH
1Krón 11:1	G3956	πας	A-NSM	LXX_WH
1Krón 11:1	G2474	ισραηλ	N-PRI	LXX_WH
1Krón 11:1	G4314	προς	PREP	LXX_WH
1Krón 11:1		δαυιδ	N-PRI	ELTERO_SZOVEGALAP
1Krón 11:1	G1722	εν	PREP	LXX_WH
1Krón 11:1		χεβρων	N-PRI	ELTERO_SZOVEGALAP
1Krón 11:1	G3004	λεγοντες	V-PAPNP	LXX_WH
1Krón 11:1	G2400	ιδου	INJ	LXX_WH
1Krón 11:1	G3747	οστα	N-NPN	LXX_WH
1Krón 11:1	G4771	σου	P-GS	LXX_WH
1Krón 11:1	G2532	και	CONJ	LXX_WH
1Krón 11:1	G4561	σαρκες	N-NPF	LXX_WH
1Krón 11:1	G4771	σου	P-GS	LXX_WH
1Krón 11:1	G1473	ημεις	P-NP	LXX_WH
1Krón 11:2	G2532	και	CONJ	LXX_WH
1Krón 11:2		εχθες	ADV	ELTERO_SZOVEGALAP
1Krón 11:2	G2532	και	CONJ	LXX_WH
1Krón 11:2	G5154	τριτην	A-ASF	LXX_WH
1Krón 11:2	G1510	οντος	V-PAPGS	LXX_WH
1Krón 11:2	G4549	σαουλ	N-PRI	LXX_WH
1Krón 11:2	G0935	βασιλεως	N-GSM	LXX_WH
1Krón 11:2	G4771	συ	P-NS	LXX_WH
1Krón 11:2	G1510	ησθα	V-IAI-2S	LXX_WH
1Krón 11:2	G3588	ο	T-NSM	LXX_WH
1Krón 11:2	G1806	εξαγων	V-PAPNS	LXX_WH
1Krón 11:2	G2532	και	CONJ	LXX_WH
1Krón 11:2	G1521	εισαγων	V-PAPNS	LXX_WH
1Krón 11:2	G3588	τον	T-ASM	LXX_WH
1Krón 11:2	G2474	ισραηλ	N-PRI	LXX_WH
1Krón 11:2	G2532	και	CONJ	LXX_WH
1Krón 11:2	G2036	ειπεν	V-AAI-3S	ABP-potolt
1Krón 11:2	G2962	κυριος	N-NSM	LXX_WH
1Krón 11:2	G3588	ο	T-NSM	LXX_WH
1Krón 11:2	G2316	θεος	N-NSM	LXX_WH
1Krón 11:2	G4771	σου	P-GS	LXX_WH
1Krón 11:2	G4771	σοι	P-DS	LXX_WH
1Krón 11:2	G4771	συ	P-NS	LXX_WH
1Krón 11:2	G4165	ποιμανεις	V-FAI-2S	LXX_WH
1Krón 11:2	G3588	τον	T-ASM	LXX_WH
1Krón 11:2	G2992	λαον	N-ASM	LXX_WH
1Krón 11:2	G1473	μου	P-GS	LXX_WH
1Krón 11:2	G3588	τον	T-ASM	LXX_WH
1Krón 11:2	G2474	ισραηλ	N-PRI	LXX_WH
1Krón 11:2	G2532	και	CONJ	LXX_WH
1Krón 11:2	G4771	συ	P-NS	LXX_WH
1Krón 11:2	G1510	εση	V-FMI-2S	LXX_WH
1Krón 11:2	G1519	εις	PREP	LXX_WH
1Krón 11:2	G2233	ηγουμενον	V-PMPAS	LXX_WH
1Krón 11:2	G1909	επι	PREP	LXX_WH
1Krón 11:2	G2474	ισραηλ	N-PRI	LXX_WH
1Krón 11:3	G2532	και	CONJ	LXX_WH
1Krón 11:3	G2064	ηλθον	V-AAI-3P	LXX_WH
1Krón 11:3	G3956	παντες	A-NPM	LXX_WH
1Krón 11:3	G4245	πρεσβυτεροι	N-NPM	LXX_WH
1Krón 11:3	G2474	ισραηλ	N-PRI	LXX_WH
1Krón 11:3	G4314	προς	PREP	LXX_WH
1Krón 11:3	G3588	τον	T-ASM	LXX_WH
1Krón 11:3	G0935	βασιλεα	N-ASM	LXX_WH
1Krón 11:3	G1519	εις	PREP	LXX_WH
1Krón 11:3		χεβρων	N-PRI	ELTERO_SZOVEGALAP
1Krón 11:3	G2532	και	CONJ	LXX_WH
1Krón 11:3		διεθετο	V-AMI-3S	ELTERO_SZOVEGALAP
1Krón 11:3	G0846	αυτοις	D-DPM	LXX_WH
1Krón 11:3	G3588	ο	T-NSM	LXX_WH
1Krón 11:3	G0935	βασιλευς	N-NSM	LXX_WH
1Krón 11:3		δαυιδ	N-PRI	ELTERO_SZOVEGALAP
1Krón 11:3	G1242	διαθηκην	N-ASF	LXX_WH
1Krón 11:3	G1722	εν	PREP	LXX_WH
1Krón 11:3		χεβρων	N-PRI	ELTERO_SZOVEGALAP
1Krón 11:3	G1726	εναντιον	PREP	LXX_WH
1Krón 11:3	G2962	κυριου	N-GSM	LXX_WH
1Krón 11:3	G2532	και	CONJ	LXX_WH
1Krón 11:3	G5548	εχρισαν	V-AAI-3P	LXX_WH
1Krón 11:3	G3588	τον	T-ASM	LXX_WH
1Krón 11:3	G0935	δαυιδ	N-PRI	ABP-potolt
1Krón 11:3	G1519	εις	PREP	LXX_WH
1Krón 11:3	G0935	βασιλεα	N-ASM	LXX_WH
1Krón 11:3	G1909	επι	PREP	LXX_WH
1Krón 11:3	G2474	ισραηλ	N-PRI	LXX_WH
1Krón 11:3	G2596	κατα	PREP	LXX_WH
1Krón 11:3	G3588	τον	T-ASM	LXX_WH
1Krón 11:3	G3056	λογον	N-ASM	LXX_WH
1Krón 11:3	G2962	κυριου	N-GSM	LXX_WH
1Krón 11:3	G1223	δια	PREP	LXX_WH
1Krón 11:3	G5495	χειρος	N-GSF	LXX_WH
1Krón 11:3	G4545	σαμουηλ	N-PRI	LXX_WH
1Krón 11:4	G2532	και	CONJ	LXX_WH
1Krón 11:4	G4198	επορευθη	V-API-3S	LXX_WH
1Krón 11:4	G3588	ο	T-NSM	LXX_WH
1Krón 11:4	G0935	βασιλευς	N-NSM	LXX_WH
1Krón 11:4	G2532	και	CONJ	LXX_WH
1Krón 11:4	G0435	ανδρες	N-NPM	LXX_WH
1Krón 11:4	G2474	ισραηλ	N-PRI	LXX_WH
1Krón 11:4	G1519	εις	PREP	LXX_WH
1Krón 11:4	G2419	ιερουσαλημ	N-PRI	LXX_WH
1Krón 11:4	G3778	αυτη	D-NSF	LXX_WH
1Krón 11:4		ιεβους	N-PRI	ELTERO_SZOVEGALAP
1Krón 11:4	G2532	και	CONJ	LXX_WH
1Krón 11:4	G1563	εκει	ADV	LXX_WH
1Krón 11:4	G3588	οι	T-NPM	LXX_WH
1Krón 11:4	G2730	ιεβουσαιοι	N-NPM	ABP-potolt
1Krón 11:4	G3588	οι	T-NPM	LXX_WH
1Krón 11:4	G2730	κατοικουντες	V-PAPNP	ABP-potolt
1Krón 11:4	G3588	την	T-ASF	LXX_WH
1Krón 11:4	G1065	γην	N-ASF	LXX_WH
1Krón 11:5		ειπαν	V-AAI-3P	ELTERO_SZOVEGALAP
1Krón 11:5	G1161	δε	PRT	LXX_WH
1Krón 11:5	G3588	οι	T-NPM	LXX_WH
1Krón 11:5	G2730	κατοικουντες	V-PAPNP	ABP-potolt
1Krón 11:5	G2730	ιεβους	N-PRI	ABP-potolt
1Krón 11:5	G3588	τω	T-DSM	LXX_WH
1Krón 11:5		δαυιδ	N-PRI	ELTERO_SZOVEGALAP
1Krón 11:5	G3364	ουκ	ADV	LXX_WH
1Krón 11:5	G1525	εισελευση	V-FMI-2S	LXX_WH
1Krón 11:5	G3592	ωδε	ADV	LXX_WH
1Krón 11:5	G2532	και	CONJ	LXX_WH
1Krón 11:5		προκατελαβετο	V-AMI-3S	
1Krón 11:5	G3588	την	T-ASF	LXX_WH
1Krón 11:5	G4042	περιοχην	N-ASF	LXX_WH
1Krón 11:5	G4622	σιων	N-PRI	LXX_WH
1Krón 11:5	G3778	αυτη	D-NSF	LXX_WH
1Krón 11:5	G3588	η	T-NSF	LXX_WH
1Krón 11:5	G4172	πολις	N-NSF	LXX_WH
1Krón 11:5		δαυιδ	N-PRI	ELTERO_SZOVEGALAP
1Krón 11:6	G2532	και	CONJ	LXX_WH
1Krón 11:6		ειπεν	V-AAI-3S	ELTERO_SZOVEGALAP
1Krón 11:6		δαυιδ	N-PRI	ELTERO_SZOVEGALAP
1Krón 11:6	G3956	πας	A-NSM	LXX_WH
1Krón 11:6	G5180	τυπτων	V-PAPNS	LXX_WH
1Krón 11:6		ιεβουσαιον	N-PRI	ELTERO_SZOVEGALAP
1Krón 11:6	G1722	εν	PREP	LXX_WH
1Krón 11:6	G4413	πρωτοις	A-DPMS	LXX_WH
1Krón 11:6	G2532	και	CONJ	LXX_WH
1Krón 11:6	G1510	εσται	V-FMI-3S	LXX_WH
1Krón 11:6	G1519	εις	PREP	LXX_WH
1Krón 11:6	G0758	αρχοντα	N-ASM	LXX_WH
1Krón 11:6	G2532	και	CONJ	LXX_WH
1Krón 11:6	G1519	εις	PREP	LXX_WH
1Krón 11:6	G4755	στρατηγον	N-ASM	LXX_WH
1Krón 11:6	G2532	και	CONJ	LXX_WH
1Krón 11:6	G0305	ανεβη	V-AAI-3S	LXX_WH
1Krón 11:6	G1909	επ	PREP	LXX_WH
1Krón 11:6	G0846	αυτην	D-ASF	LXX_WH
1Krón 11:6	G1722	εν	PREP	LXX_WH
1Krón 11:6	G4413	πρωτοις	A-DPMS	LXX_WH
1Krón 11:6		ιωαβ	N-PRI	ELTERO_SZOVEGALAP
1Krón 11:6	G5207	υιος	N-NSM	LXX_WH
1Krón 11:6		σαρουια	N-PRI	ELTERO_SZOVEGALAP
1Krón 11:6	G2532	και	CONJ	LXX_WH
1Krón 11:6	G1096	εγενετο	V-AMI-3S	LXX_WH
1Krón 11:6	G1519	εις	PREP	LXX_WH
1Krón 11:6	G0758	αρχοντα	N-ASM	LXX_WH
1Krón 11:7	G2532	και	CONJ	LXX_WH
1Krón 11:7	G2523	εκαθισεν	V-AAI-3S	LXX_WH
1Krón 11:7	G2523	δαυιδ	N-PRI	ABP-potolt
1Krón 11:7	G1722	εν	PREP	LXX_WH
1Krón 11:7	G3588	τη	T-DSF	LXX_WH
1Krón 11:7	G4042	περιοχη	N-DSF	LXX_WH
1Krón 11:7	G1223	δια	PREP	LXX_WH
1Krón 11:7	G3778	τουτο	D-ASN	LXX_WH
1Krón 11:7	G2564	εκαλεσεν	V-AAI-3S	LXX_WH
1Krón 11:7	G0846	αυτην	D-ASF	LXX_WH
1Krón 11:7	G4172	πολιν	N-ASF	LXX_WH
1Krón 11:7		δαυιδ	N-PRI	ELTERO_SZOVEGALAP
1Krón 11:8	G2532	και	CONJ	LXX_WH
1Krón 11:8	G3618	ωκοδομησεν	V-AAI-3S	LXX_WH
1Krón 11:8	G3588	την	T-ASF	LXX_WH
1Krón 11:8	G4172	πολιν	N-ASF	LXX_WH
1Krón 11:8		κυκλω	N-DSM	ELTERO_SZOVEGALAP
1Krón 11:8	G2532	και	CONJ	LXX_WH
1Krón 11:8	G4170	επολεμησεν	V-AAI-3S	LXX_WH
1Krón 11:8	G2532	και	CONJ	LXX_WH
1Krón 11:8	G2983	ελαβεν	V-AAI-3S	LXX_WH
1Krón 11:8	G3588	την	T-ASF	LXX_WH
1Krón 11:8	G4172	πολιν	N-ASF	LXX_WH
1Krón 11:9	G2532	και	CONJ	LXX_WH
1Krón 11:9	G4198	επορευετο	V-IMI-3S	LXX_WH
1Krón 11:9	G4198	δαυιδ	N-PRI	ABP-potolt
1Krón 11:9	G4198	πορευομενος	V-PMPNS	LXX_WH
1Krón 11:9	G2532	και	CONJ	LXX_WH
1Krón 11:9	G3170	μεγαλυνομενος	V-PMPNS	LXX_WH
1Krón 11:9	G2532	και	CONJ	LXX_WH
1Krón 11:9	G2962	κυριος	N-NSM	LXX_WH
1Krón 11:9	G3841	παντοκρατωρ	N-NSM	LXX_WH
1Krón 11:9	G3326	μετ	PREP	LXX_WH
1Krón 11:9	G0846	αυτου	D-GSM	LXX_WH
1Krón 11:10	G2532	και	CONJ	LXX_WH
1Krón 11:10	G3778	ουτοι	D-NPM	LXX_WH
1Krón 11:10	G3588	οι	T-NPM	LXX_WH
1Krón 11:10	G0758	αρχοντες	N-NPM	LXX_WH
1Krón 11:10	G3588	των	T-GPM	LXX_WH
1Krón 11:10	G1415	δυνατων	A-GPM	LXX_WH
1Krón 11:10	G3739	οι	R-NPM	LXX_WH
1Krón 11:10	G1510	ησαν	V-IAI-3P	LXX_WH
1Krón 11:10	G3588	τω	T-DSM	LXX_WH
1Krón 11:10	G0758	δαυιδ	N-PRI	ABP-potolt
1Krón 11:10	G3588	οι	T-NPM	LXX_WH
1Krón 11:10	G2729	κατισχυοντες	V-PAPNP	LXX_WH
1Krón 11:10	G3326	μετ	PREP	LXX_WH
1Krón 11:10	G0846	αυτου	D-GSM	LXX_WH
1Krón 11:10	G1722	εν	PREP	LXX_WH
1Krón 11:10	G3588	τη	T-DSF	LXX_WH
1Krón 11:10	G0932	βασιλεια	N-DSF	LXX_WH
1Krón 11:10	G0846	αυτου	D-GSM	LXX_WH
1Krón 11:10	G3326	μετα	PREP	LXX_WH
1Krón 11:10	G3956	παντος	A-GSM	LXX_WH
1Krón 11:10	G2474	ισραηλ	N-PRI	LXX_WH
1Krón 11:10	G3588	του	T-GSN	LXX_WH
1Krón 11:10	G0936	βασιλευσαι	V-AAN	LXX_WH
1Krón 11:10	G0846	αυτον	D-ASM	LXX_WH
1Krón 11:10	G2596	κατα	PREP	LXX_WH
1Krón 11:10	G3588	τον	T-ASM	LXX_WH
1Krón 11:10	G3056	λογον	N-ASM	LXX_WH
1Krón 11:10	G2962	κυριου	N-GSM	LXX_WH
1Krón 11:10	G1909	επι	PREP	LXX_WH
1Krón 11:10	G2474	ισραηλ	N-PRI	LXX_WH
1Krón 11:11	G2532	και	CONJ	LXX_WH
1Krón 11:11	G3778	ουτος	D-NSM	LXX_WH
1Krón 11:11	G3588	ο	T-NSM	LXX_WH
1Krón 11:11	G0706	αριθμος	N-NSM	LXX_WH
1Krón 11:11	G3588	των	T-GPM	LXX_WH
1Krón 11:11	G1415	δυνατων	A-GPM	LXX_WH
1Krón 11:11	G3588	του	T-GSM	LXX_WH
1Krón 11:11	G1415	δαυιδ	N-PRI	ABP-potolt
1Krón 11:11	G1415	ιεσεβααλ	N-PRI	ABP-potolt
1Krón 11:11	G5207	υιος	N-NSM	LXX_WH
1Krón 11:11		αχαμανι	N-PRI	ELTERO_SZOVEGALAP
1Krón 11:11	G4413	πρωτος	A-NSMS	LXX_WH
1Krón 11:11	G3588	των	T-GPM	LXX_WH
1Krón 11:11	G5144	τριακοντα	N-NUI	LXX_WH
1Krón 11:11	G3778	ουτος	D-NSM	LXX_WH
1Krón 11:11	G4685	εσπασατο	V-AMI-3S	LXX_WH
1Krón 11:11	G3588	την	T-ASF	LXX_WH
1Krón 11:11		ρομφαιαν	N-ASF	ELTERO_SZOVEGALAP
1Krón 11:11	G0846	αυτου	D-GSM	LXX_WH
1Krón 11:11	G0530	απαξ	ADV	LXX_WH
1Krón 11:11	G1909	επι	PREP	LXX_WH
1Krón 11:11	G5145	τριακοσιους	A-APM	LXX_WH
1Krón 11:11	G5134	τραυματιας	N-NSM	ABP-potolt
1Krón 11:11	G1722	εν	PREP	LXX_WH
1Krón 11:11	G2540	καιρω	N-DSM	LXX_WH
1Krón 11:11	G1519	ενι	A-DSM	LXX_WH
1Krón 11:12	G2532	και	CONJ	LXX_WH
1Krón 11:12	G3326	μετ	PREP	LXX_WH
1Krón 11:12	G0846	αυτον	D-ASM	LXX_WH
1Krón 11:12	G1648	ελεαζαρ	N-PRI	LXX_WH
1Krón 11:12	G5207	υιος	N-NSM	LXX_WH
1Krón 11:12		δωδαι	N-PRI	ELTERO_SZOVEGALAP
1Krón 11:12	G3588	ο	T-NSM	LXX_WH
1Krón 11:12		αχωχι	N-PRI	ELTERO_SZOVEGALAP
1Krón 11:12	G3778	ουτος	D-NSM	LXX_WH
1Krón 11:12	G1510	ην	V-IAI-3S	LXX_WH
1Krón 11:12	G1722	εν	PREP	LXX_WH
1Krón 11:12	G3588	τοις	T-DPM	LXX_WH
1Krón 11:12	G5140	τρισιν	A-DPM	LXX_WH
1Krón 11:12	G1415	δυνατοις	A-DPM	LXX_WH
1Krón 11:13	G3778	ουτος	D-NSM	LXX_WH
1Krón 11:13	G1510	ην	V-IAI-3S	LXX_WH
1Krón 11:13	G3326	μετα	PREP	LXX_WH
1Krón 11:13		δαυιδ	N-PRI	
1Krón 11:13	G1722	εν	PREP	LXX_WH
1Krón 11:13		φασοδομιν	N-PRI	
1Krón 11:13	G2532	και	CONJ	LXX_WH
1Krón 11:13	G3588	οι	T-NPM	LXX_WH
1Krón 11:13	G0246	αλλοφυλοι	N-NPM	LXX_WH
1Krón 11:13	G4863	συνηχθησαν	V-API-3P	LXX_WH
1Krón 11:13	G1563	εκει	ADV	LXX_WH
1Krón 11:13	G1519	εις	PREP	LXX_WH
1Krón 11:13	G4171	πολεμον	N-ASM	LXX_WH
1Krón 11:13	G2532	και	CONJ	LXX_WH
1Krón 11:13	G1510	ην	V-IAI-3S	LXX_WH
1Krón 11:13	G3310	μερις	N-NSF	LXX_WH
1Krón 11:13	G3588	του	T-GSM	LXX_WH
1Krón 11:13	G0068	αγρου	N-GSM	LXX_WH
1Krón 11:13	G4134	πληρης	A-NSM	LXX_WH
1Krón 11:13	G2915	κριθων	N-GPF	LXX_WH
1Krón 11:13	G2532	και	CONJ	LXX_WH
1Krón 11:13	G3588	ο	T-NSM	LXX_WH
1Krón 11:13	G2992	λαος	N-NSM	LXX_WH
1Krón 11:13	G5343	εφυγεν	V-AAI-3S	LXX_WH
1Krón 11:13	G0575	απο	PREP	LXX_WH
1Krón 11:13	G4383	προσωπου	N-GSN	LXX_WH
1Krón 11:13	G0246	αλλοφυλων	N-GPM	LXX_WH
1Krón 11:14	G2532	και	CONJ	LXX_WH
1Krón 11:14	G2476	εστη	V-AAI-3S	LXX_WH
1Krón 11:14	G1722	εν	PREP	LXX_WH
1Krón 11:14	G3319	μεσω	A-DSM	LXX_WH
1Krón 11:14	G3588	της	T-GSF	LXX_WH
1Krón 11:14	G3310	μεριδος	N-GSF	LXX_WH
1Krón 11:14	G2532	και	CONJ	LXX_WH
1Krón 11:14	G4982	εσωσεν	V-AAI-3S	LXX_WH
1Krón 11:14	G0846	αυτην	D-ASF	LXX_WH
1Krón 11:14	G2532	και	CONJ	LXX_WH
1Krón 11:14	G3960	επαταξεν	V-AAI-3S	LXX_WH
1Krón 11:14	G3588	τους	T-APM	LXX_WH
1Krón 11:14	G0246	αλλοφυλους	A-APM	LXX_WH
1Krón 11:14	G2532	και	CONJ	LXX_WH
1Krón 11:14	G4160	εποιησεν	V-AAI-3S	LXX_WH
1Krón 11:14	G2962	κυριος	N-NSM	LXX_WH
1Krón 11:14	G4991	σωτηριαν	N-ASF	LXX_WH
1Krón 11:14	G3173	μεγαλην	A-ASF	LXX_WH
1Krón 11:15	G2532	και	CONJ	LXX_WH
1Krón 11:15	G2597	κατεβησαν	V-AAI-3P	LXX_WH
1Krón 11:15	G5140	τρεις	A-NPM	LXX_WH
1Krón 11:15	G1537	εκ	PREP	LXX_WH
1Krón 11:15	G3588	των	T-GPM	LXX_WH
1Krón 11:15	G5144	τριακοντα	N-NUI	LXX_WH
1Krón 11:15	G0758	αρχοντων	N-GPM	LXX_WH
1Krón 11:15	G1519	εις	PREP	LXX_WH
1Krón 11:15	G3588	την	T-ASF	LXX_WH
1Krón 11:15	G4073	πετραν	N-ASF	LXX_WH
1Krón 11:15	G4314	προς	PREP	LXX_WH
1Krón 11:15		δαυιδ	N-PRI	
1Krón 11:15	G1519	εις	PREP	LXX_WH
1Krón 11:15	G3588	το	T-ASN	LXX_WH
1Krón 11:15	G4693	σπηλαιον	N-ASN	LXX_WH
1Krón 11:15		οδολλαμ	N-PRI	
1Krón 11:15	G2532	και	CONJ	LXX_WH
1Krón 11:15		παρεμβολη	N-NSF	
1Krón 11:15	G3588	των	T-GPM	LXX_WH
1Krón 11:15	G0246	αλλοφυλων	N-GPM	LXX_WH
1Krón 11:15	G3924	παρεμβεβληκει	V-RAI-3S	ABP-potolt
1Krón 11:15	G1722	εν	PREP	LXX_WH
1Krón 11:15	G3588	τη	T-DSF	LXX_WH
1Krón 11:15		κοιλαδι	N-DSF	
1Krón 11:15	G3588	των	T-GPM	LXX_WH
1Krón 11:15	G1095	γιγαντων	N-GPM	ABP-potolt
1Krón 11:16	G2532	και	CONJ	LXX_WH
1Krón 11:16		δαυιδ	N-PRI	
1Krón 11:16	G5119	τοτε	ADV	LXX_WH
1Krón 11:16	G1722	εν	PREP	LXX_WH
1Krón 11:16	G3588	τη	T-DSF	LXX_WH
1Krón 11:16	G4042	περιοχη	V-PAS-3S	ABP-potolt
1Krón 11:16	G2532	και	CONJ	LXX_WH
1Krón 11:16	G3588	το	T-NSN	LXX_WH
1Krón 11:16	G4959	συστεμα	N-NSN	ABP-potolt
1Krón 11:16	G3588	των	T-GPM	LXX_WH
1Krón 11:16	G0246	αλλοφυλων	N-GPM	LXX_WH
1Krón 11:16	G5119	τοτε	ADV	LXX_WH
1Krón 11:16	G1722	εν	PREP	LXX_WH
1Krón 11:16		βαιθλεεμ	N-PRI	
1Krón 11:17	G2532	και	CONJ	LXX_WH
1Krón 11:17	G1937	επεθυμησεν	V-AAI-3S	LXX_WH
1Krón 11:17	G1937	δαυιδ	N-PRI	ABP-potolt
1Krón 11:17	G2532	και	CONJ	LXX_WH
1Krón 11:17	G2036	ειπεν	V-AAI-3S	ABP-potolt
1Krón 11:17	G5100	τις	D-NSM	LXX_WH
1Krón 11:17	G4222	ποτιει	V-FAI-3S	LXX_WH
1Krón 11:17	G1473	με	P-AS	LXX_WH
1Krón 11:17	G5204	υδωρ	N-ASN	LXX_WH
1Krón 11:17	G1537	εκ	PREP	LXX_WH
1Krón 11:17	G3588	του	T-GSM	LXX_WH
1Krón 11:17		λακκου	N-GSM	
1Krón 11:17		βαιθλεεμ	N-PRI	
1Krón 11:17	G3588	του	T-GSM	LXX_WH
1Krón 11:17	G1722	εν	PREP	LXX_WH
1Krón 11:17	G3588	τη	T-DSF	LXX_WH
1Krón 11:17	G4439	πυλη	N-DSF	LXX_WH
1Krón 11:18	G2532	και	CONJ	LXX_WH
1Krón 11:18		διερρηξαν	V-AAI-3P	
1Krón 11:18	G3588	οι	T-NPM	LXX_WH
1Krón 11:18	G5140	τρεις	A-NPM	LXX_WH
1Krón 11:18	G3588	την	T-ASF	LXX_WH
1Krón 11:18		παρεμβολην	N-ASF	
1Krón 11:18	G3588	των	T-GPM	LXX_WH
1Krón 11:18	G0246	αλλοφυλων	N-GPM	LXX_WH
1Krón 11:18	G2532	και	CONJ	LXX_WH
1Krón 11:18	G5200	υδρευσαντο	V-AMI-3P	ABP-potolt
1Krón 11:18	G5204	υδωρ	N-ASN	LXX_WH
1Krón 11:18	G1537	εκ	PREP	LXX_WH
1Krón 11:18	G3588	του	T-GSM	LXX_WH
1Krón 11:18		λακκου	N-GSM	
1Krón 11:18	G3588	του	T-GSM	LXX_WH
1Krón 11:18	G1722	εν	PREP	LXX_WH
1Krón 11:18		βαιθλεεμ	N-PRI	ELTERO_SZOVEGALAP
1Krón 11:18	G3739	ος	R-NSM	LXX_WH
1Krón 11:18	G1510	ην	V-IAI-3S	LXX_WH
1Krón 11:18	G1722	εν	PREP	LXX_WH
1Krón 11:18	G3588	τη	T-DSF	LXX_WH
1Krón 11:18	G4439	πυλη	N-DSF	LXX_WH
1Krón 11:18	G2532	και	CONJ	LXX_WH
1Krón 11:18	G2983	ελαβον	V-AAI-3P	LXX_WH
1Krón 11:18	G2532	και	CONJ	LXX_WH
1Krón 11:18	G2064	ηλθον	V-AAI-3P	LXX_WH
1Krón 11:18	G4314	προς	PREP	LXX_WH
1Krón 11:18		δαυιδ	N-PRI	ELTERO_SZOVEGALAP
1Krón 11:18	G2532	και	CONJ	LXX_WH
1Krón 11:18	G3364	ουκ	ADV	LXX_WH
1Krón 11:18	G2309	ηθελησεν	V-AAI-3S	LXX_WH
1Krón 11:18		δαυιδ	N-PRI	ELTERO_SZOVEGALAP
1Krón 11:18	G3588	του	T-GSN	LXX_WH
1Krón 11:18	G4095	πιειν	V-AAN	LXX_WH
1Krón 11:18	G0846	αυτο	D-ASN	LXX_WH
1Krón 11:18	G2532	και	CONJ	LXX_WH
1Krón 11:18	G4689	εσπεισεν	V-AAI-3S	LXX_WH
1Krón 11:18	G0846	αυτο	D-ASN	LXX_WH
1Krón 11:18	G3588	τω	T-DSM	LXX_WH
1Krón 11:18	G2962	κυριω	N-DSM	LXX_WH
1Krón 11:19	G2532	και	CONJ	LXX_WH
1Krón 11:19	G2036	ειπεν	V-AAI-3S	ABP-potolt
1Krón 11:19	G2436	ιλεως	ADV	LXX_WH
1Krón 11:19	G1473	μοι	P-DS	LXX_WH
1Krón 11:19	G3588	ο	T-NSM	LXX_WH
1Krón 11:19	G2316	θεος	N-NSM	LXX_WH
1Krón 11:19	G3588	του	T-GSN	LXX_WH
1Krón 11:19	G4160	ποιησαι	V-AAN	LXX_WH
1Krón 11:19	G3588	το	T-ASN	LXX_WH
1Krón 11:19	G4487	ρημα	N-ASN	LXX_WH
1Krón 11:19	G3778	τουτο	D-ASN	LXX_WH
1Krón 11:19	G1487	ει	CONJ	LXX_WH
1Krón 11:19	G0129	αιμα	N-ASN	LXX_WH
1Krón 11:19	G0435	ανδρων	N-GPM	LXX_WH
1Krón 11:19	G3778	τουτων	D-GPM	LXX_WH
1Krón 11:19	G4095	πιομαι	V-FMI-1S	LXX_WH
1Krón 11:19	G1722	εν	PREP	LXX_WH
1Krón 11:19	G5590	ψυχαις	N-DPF	LXX_WH
1Krón 11:19	G0846	αυτων	D-GPM	LXX_WH
1Krón 11:19	G3754	οτι	CONJ	LXX_WH
1Krón 11:19	G1722	εν	PREP	LXX_WH
1Krón 11:19	G5590	ψυχαις	N-DPF	LXX_WH
1Krón 11:19	G0846	αυτων	D-GPM	LXX_WH
1Krón 11:19	G5342	ηνεγκαν	V-AAI-3P	LXX_WH
1Krón 11:19	G0846	αυτο	D-ASN	LXX_WH
1Krón 11:19	G2532	και	CONJ	LXX_WH
1Krón 11:19	G3364	ουκ	ADV	LXX_WH
1Krón 11:19	G1014	εβουλετο	V-IMI-3S	LXX_WH
1Krón 11:19	G4095	πιειν	V-AAN	LXX_WH
1Krón 11:19	G0846	αυτο	D-ASN	LXX_WH
1Krón 11:19	G3778	ταυτα	D-APN	LXX_WH
1Krón 11:19	G4160	εποιησαν	V-AAI-3P	LXX_WH
1Krón 11:19	G3588	οι	T-NPM	LXX_WH
1Krón 11:19	G5140	τρεις	A-NPM	LXX_WH
1Krón 11:19	G1415	δυνατοι	A-NPM	LXX_WH
1Krón 11:20	G2532	και	CONJ	LXX_WH
1Krón 11:20	G3588	αβεσσα	N-PRI	ABP-potolt
1Krón 11:20	G0080	αδελφος	N-NSM	LXX_WH
1Krón 11:20		ιωαβ	N-PRI	ELTERO_SZOVEGALAP
1Krón 11:20	G3778	ουτος	D-NSM	LXX_WH
1Krón 11:20	G1510	ην	V-IAI-3S	LXX_WH
1Krón 11:20	G0757	αρχων	V-PAPNS	LXX_WH
1Krón 11:20	G3588	των	T-GPM	LXX_WH
1Krón 11:20	G5140	τριων	A-GPM	LXX_WH
1Krón 11:20	G3778	ουτος	D-NSM	LXX_WH
1Krón 11:20	G4685	εσπασατο	V-AMI-3S	LXX_WH
1Krón 11:20	G3588	την	T-ASF	LXX_WH
1Krón 11:20		ρομφαιαν	N-ASF	ELTERO_SZOVEGALAP
1Krón 11:20	G0846	αυτου	D-GSM	LXX_WH
1Krón 11:20	G1909	επι	PREP	LXX_WH
1Krón 11:20	G5145	τριακοσιους	A-APM	LXX_WH
1Krón 11:20	G5134	τραυματιας	N-APM	ABP-potolt
1Krón 11:20	G1722	εν	PREP	LXX_WH
1Krón 11:20	G2540	καιρω	N-DSM	LXX_WH
1Krón 11:20	G1519	ενι	A-DSM	LXX_WH
1Krón 11:20	G2532	και	CONJ	LXX_WH
1Krón 11:20	G3778	ουτος	D-NSM	LXX_WH
1Krón 11:20	G1510	ην	V-IAI-3S	LXX_WH
1Krón 11:20	G3687	ονομαστος	A-NSM	ABP-potolt
1Krón 11:20	G1722	εν	PREP	LXX_WH
1Krón 11:20	G3588	τοις	T-DPM	LXX_WH
1Krón 11:20	G5140	τρισιν	A-DPM	LXX_WH
1Krón 11:21	G0575	απο	PREP	LXX_WH
1Krón 11:21	G3588	των	T-GPM	LXX_WH
1Krón 11:21	G5140	τριων	A-GPM	LXX_WH
1Krón 11:21	G5228	υπερ	PREP	LXX_WH
1Krón 11:21	G3588	τους	T-APM	LXX_WH
1Krón 11:21	G1417	δυο	N-NUI	LXX_WH
1Krón 11:21	G1741	ενδοξος	A-NSM	LXX_WH
1Krón 11:21	G2532	και	CONJ	LXX_WH
1Krón 11:21	G1510	ην	V-IAI-3S	LXX_WH
1Krón 11:21	G0846	αυτοις	D-DPM	LXX_WH
1Krón 11:21	G1519	εις	PREP	LXX_WH
1Krón 11:21	G0758	αρχοντα	N-ASM	LXX_WH
1Krón 11:21	G2532	και	CONJ	LXX_WH
1Krón 11:21	G2193	εως	PREP	LXX_WH
1Krón 11:21	G3588	των	T-GPM	LXX_WH
1Krón 11:21	G5140	τριων	A-GPM	LXX_WH
1Krón 11:21	G3364	ουκ	ADV	LXX_WH
1Krón 11:21	G0757	ηρχετο	V-IMI-3S	LXX_WH
1Krón 11:22	G2532	και	CONJ	LXX_WH
1Krón 11:22	G5207	βαναιας	N-NSM	ABP-potolt
1Krón 11:22	G5207	υιος	N-NSM	LXX_WH
1Krón 11:22		ιωδαε	N-PRI	ELTERO_SZOVEGALAP
1Krón 11:22	G5207	υιος	N-NSM	LXX_WH
1Krón 11:22	G0435	ανδρος	N-GSM	LXX_WH
1Krón 11:22	G1415	δυνατου	A-GSM	LXX_WH
1Krón 11:22	G4183	πολλα	A-APN	LXX_WH
1Krón 11:22	G2041	εργα	N-APN	LXX_WH
1Krón 11:22	G0846	αυτου	D-GSM	LXX_WH
1Krón 11:22	G5228	υπερ	PREP	LXX_WH
1Krón 11:22		καβασαηλ	N-PRI	ELTERO_SZOVEGALAP
1Krón 11:22	G3778	ουτος	D-NSM	LXX_WH
1Krón 11:22	G3960	επαταξεν	V-AAI-3S	LXX_WH
1Krón 11:22	G3588	τους	T-APM	LXX_WH
1Krón 11:22	G1417	δυο	N-NUI	LXX_WH
1Krón 11:22	G0704	αριηλ	N-PRI	ABP-potolt
1Krón 11:22	G0704	μωαβ	N-PRI	ABP-potolt
1Krón 11:22	G2532	και	CONJ	LXX_WH
1Krón 11:22	G3778	ουτος	D-NSM	LXX_WH
1Krón 11:22	G2597	κατεβη	V-AAI-3S	LXX_WH
1Krón 11:22	G2532	και	CONJ	LXX_WH
1Krón 11:22	G3960	επαταξεν	V-AAI-3S	LXX_WH
1Krón 11:22	G3588	τον	T-ASM	LXX_WH
1Krón 11:22	G3023	λεοντα	N-ASM	LXX_WH
1Krón 11:22	G1722	εν	PREP	LXX_WH
1Krón 11:22	G3588	τω	T-DSM	LXX_WH
1Krón 11:22		λακκω	N-DSM	
1Krón 11:22	G1722	εν	PREP	LXX_WH
1Krón 11:22	G2250	ημερα	N-DSF	LXX_WH
1Krón 11:22	G5510	χιονος	N-GSF	LXX_WH
1Krón 11:23	G2532	και	CONJ	LXX_WH
1Krón 11:23	G3778	ουτος	D-NSM	LXX_WH
1Krón 11:23	G3960	επαταξεν	V-AAI-3S	LXX_WH
1Krón 11:23	G3588	τον	T-ASM	LXX_WH
1Krón 11:23	G0435	ανδρα	N-ASM	LXX_WH
1Krón 11:23	G3588	τον	T-ASM	LXX_WH
1Krón 11:23	G0124	αιγυπτιον	N-ASM	LXX_WH
1Krón 11:23	G0435	ανδρα	N-ASM	LXX_WH
1Krón 11:23	G3707	ορατον	A-ASM	LXX_WH
1Krón 11:23		πενταπηχυν	N-ASM	ELTERO_SZOVEGALAP
1Krón 11:23	G2532	και	CONJ	LXX_WH
1Krón 11:23	G1722	εν	PREP	LXX_WH
1Krón 11:23	G5495	χειρι	N-DSF	LXX_WH
1Krón 11:23	G3588	του	T-GSM	LXX_WH
1Krón 11:23	G0124	αιγυπτιου	N-GSM	LXX_WH
1Krón 11:23		δορυ	N-NSN	ELTERO_SZOVEGALAP
1Krón 11:23	G3739	ως	CONJ	LXX_WH
1Krón 11:23		αντιον	N-NSN	ELTERO_SZOVEGALAP
1Krón 11:23		υφαινοντων	V-PAPGP	ELTERO_SZOVEGALAP
1Krón 11:23	G2532	και	CONJ	LXX_WH
1Krón 11:23	G2597	κατεβη	V-AAI-3S	LXX_WH
1Krón 11:23	G1909	επ	PREP	LXX_WH
1Krón 11:23	G0846	αυτον	D-ASM	LXX_WH
1Krón 11:23		βαναιας	N-NSM	ELTERO_SZOVEGALAP
1Krón 11:23	G1722	εν	PREP	LXX_WH
1Krón 11:23	G4464	ραβδω	N-DSF	ABP-potolt
1Krón 11:23	G2532	και	CONJ	LXX_WH
1Krón 11:23		αφειλατο	V-AMI-3S	ELTERO_SZOVEGALAP
1Krón 11:23	G1537	εκ	PREP	LXX_WH
1Krón 11:23	G3588	της	T-GSF	LXX_WH
1Krón 11:23	G5495	χειρος	N-GSF	LXX_WH
1Krón 11:23	G3588	του	T-GSM	LXX_WH
1Krón 11:23	G0124	αιγυπτιου	N-GSM	LXX_WH
1Krón 11:23	G3588	το	T-ASN	LXX_WH
1Krón 11:23		δορυ	N-ASN	ELTERO_SZOVEGALAP
1Krón 11:23	G2532	και	CONJ	LXX_WH
1Krón 11:23	G0615	απεκτεινεν	V-AAI-3S	LXX_WH
1Krón 11:23	G0846	αυτον	D-ASM	LXX_WH
1Krón 11:23	G1722	εν	PREP	LXX_WH
1Krón 11:23	G3588	τω	T-DSN	LXX_WH
1Krón 11:23		δορατι	N-DSN	ELTERO_SZOVEGALAP
1Krón 11:23	G0846	αυτου	D-GSM	LXX_WH
1Krón 11:24	G3778	ταυτα	D-APN	LXX_WH
1Krón 11:24	G4160	εποιησεν	V-AAI-3S	LXX_WH
1Krón 11:24		βαναιας	N-NSM	ELTERO_SZOVEGALAP
1Krón 11:24	G5207	υιος	N-NSM	LXX_WH
1Krón 11:24		ιωδαε	N-PRI	ELTERO_SZOVEGALAP
1Krón 11:24	G2532	και	CONJ	LXX_WH
1Krón 11:24	G3778	τουτω	D-DSM	LXX_WH
1Krón 11:24	G3686	ονομα	N-NSN	LXX_WH
1Krón 11:24	G1722	εν	PREP	LXX_WH
1Krón 11:24	G3588	τοις	T-DPM	LXX_WH
1Krón 11:24	G5140	τρισιν	A-DPM	LXX_WH
1Krón 11:24	G3588	τοις	T-DPM	LXX_WH
1Krón 11:24	G1415	δυνατοις	A-DPM	LXX_WH
1Krón 11:25	G5228	υπερ	PREP	LXX_WH
1Krón 11:25	G3588	τους	T-APM	LXX_WH
1Krón 11:25	G5144	τριακοντα	N-NUI	LXX_WH
1Krón 11:25	G1741	ενδοξος	A-NSM	LXX_WH
1Krón 11:25	G3778	ουτος	D-NSM	LXX_WH
1Krón 11:25	G2532	και	CONJ	LXX_WH
1Krón 11:25	G4314	προς	PREP	LXX_WH
1Krón 11:25	G3588	τους	T-APM	LXX_WH
1Krón 11:25	G5140	τρεις	A-NPM	LXX_WH
1Krón 11:25	G3364	ουκ	ADV	LXX_WH
1Krón 11:25	G0757	ηρχετο	V-IMI-3S	LXX_WH
1Krón 11:25	G2532	και	CONJ	LXX_WH
1Krón 11:25	G2525	κατεστησεν	V-AAI-3S	LXX_WH
1Krón 11:25	G0846	αυτον	D-ASM	LXX_WH
1Krón 11:25		δαυιδ	N-PRI	ELTERO_SZOVEGALAP
1Krón 11:25	G1909	επι	PREP	LXX_WH
1Krón 11:25	G3588	την	T-ASF	LXX_WH
1Krón 11:25	G3965	πατριαν	N-ASF	LXX_WH
1Krón 11:25	G0846	αυτου	D-GSM	LXX_WH
1Krón 11:26	G2532	και	CONJ	LXX_WH
1Krón 11:26	G1415	δυνατοι	A-NPM	LXX_WH
1Krón 11:26	G3588	των	T-GPF	LXX_WH
1Krón 11:26	G1411	δυναμεων	N-GPF	LXX_WH
1Krón 11:26		ασαηλ	N-PRI	ELTERO_SZOVEGALAP
1Krón 11:26	G0080	αδελφος	N-NSM	LXX_WH
1Krón 11:26		ιωαβ	N-PRI	ELTERO_SZOVEGALAP
1Krón 11:26		ελεαναν	N-PRI	ELTERO_SZOVEGALAP
1Krón 11:26	G5207	υιος	N-NSM	LXX_WH
1Krón 11:26		δωδω	N-PRI	ELTERO_SZOVEGALAP
1Krón 11:26	G1537	εκ	PREP	LXX_WH
1Krón 11:26		βαιθλαεμ	N-PRI	ELTERO_SZOVEGALAP
1Krón 11:27	G3588	σαμμωθ	N-PRI	ABP-potolt
1Krón 11:27	G3588	ο	T-NSM	LXX_WH
1Krón 11:27		αδι	N-PRI	
1Krón 11:27		χελλης	N-PRI	
1Krón 11:27	G3588	ο	T-NSM	LXX_WH
1Krón 11:27	G3588	φελωνι	N-PRI	ABP-potolt
1Krón 11:28		ωραι	N-PRI	
1Krón 11:28	G5207	υιος	N-NSM	LXX_WH
1Krón 11:28	G3588	εκκης	N-PRI	ABP-potolt
1Krón 11:28	G3588	ο	T-NSM	LXX_WH
1Krón 11:28		θεκωι	N-PRI	
1Krón 11:28		αβιεζερ	N-PRI	
1Krón 11:28	G3588	ο	T-NSM	LXX_WH
1Krón 11:28	G3588	αναθωθι	N-PRI	ABP-potolt
1Krón 11:29	G3588	σοβοχαι	N-PRI	ABP-potolt
1Krón 11:29	G3588	ο	T-NSM	LXX_WH
1Krón 11:29		ασωθι	N-PRI	ELTERO_SZOVEGALAP
1Krón 11:29	G2241	ηλι	N-PRI	LXX_WH
1Krón 11:29	G3588	ο	T-NSM	LXX_WH
1Krón 11:29	G3588	αχωι	N-PRI	ABP-potolt
1Krón 11:30		μοοραι	N-PRI	
1Krón 11:30	G3588	ο	T-NSM	LXX_WH
1Krón 11:30		νετωφαθι	N-PRI	
1Krón 11:30		χολοδ	N-PRI	
1Krón 11:30	G5207	υιος	N-NSM	LXX_WH
1Krón 11:30		νοοζα	N-PRI	
1Krón 11:30	G3588	ο	T-NSM	LXX_WH
1Krón 11:30		νετωφαθι	N-PRI	
1Krón 11:31		αιθι	N-PRI	ELTERO_SZOVEGALAP
1Krón 11:31	G5207	υιος	N-NSM	LXX_WH
1Krón 11:31		ριβαι	N-PRI	ELTERO_SZOVEGALAP
1Krón 11:31	G1537	εκ	PREP	LXX_WH
1Krón 11:31	G1015	βουνου	N-GSM	LXX_WH
1Krón 11:31	G0958	βενιαμιν	N-PRI	LXX_WH
1Krón 11:31		βαναιας	N-NSM	ELTERO_SZOVEGALAP
1Krón 11:31	G3588	ο	T-NSM	LXX_WH
1Krón 11:31		φαραθωνι	N-PRI	ELTERO_SZOVEGALAP
1Krón 11:32		ουρι	N-PRI	ELTERO_SZOVEGALAP
1Krón 11:32	G1537	εκ	PREP	LXX_WH
1Krón 11:32		ναχαλιγαας	N-PRI	ELTERO_SZOVEGALAP
1Krón 11:32		αβιηλ	N-PRI	ELTERO_SZOVEGALAP
1Krón 11:32	G3588	ο	T-NSM	LXX_WH
1Krón 11:32		γαραβεθθι	N-PRI	ELTERO_SZOVEGALAP
1Krón 11:33	G3588	αζμωθ	N-PRI	ABP-potolt
1Krón 11:33	G3588	ο	T-NSM	LXX_WH
1Krón 11:33		βεερμι	N-PRI	
1Krón 11:33		ελιαβα	N-PRI	
1Krón 11:33	G3588	ο	T-NSM	LXX_WH
1Krón 11:33	G3588	σαλαβωνι	N-PRI	ABP-potolt
1Krón 11:34	G5207	βενναιας	N-NSM	ABP-potolt
1Krón 11:34	G5207	οσομ	N-PRI	ABP-potolt
1Krón 11:34	G3588	ο	T-NSM	LXX_WH
1Krón 11:34		γεννουνι	N-PRI	
1Krón 11:34		ιωναθαν	N-PRI	
1Krón 11:34	G5207	υιος	N-NSM	LXX_WH
1Krón 11:34		σωλα	N-PRI	
1Krón 11:34	G3588	ο	T-NSM	LXX_WH
1Krón 11:34		αραρι	N-PRI	
1Krón 11:35		αχιμ	N-PRI	
1Krón 11:35	G5207	υιος	N-NSM	LXX_WH
1Krón 11:35		σαχαρ	N-PRI	
1Krón 11:35	G3588	ο	T-NSM	LXX_WH
1Krón 11:35		αραρι	N-PRI	
1Krón 11:35		ελφαλ	N-PRI	
1Krón 11:35	G5207	υιος	N-NSM	LXX_WH
1Krón 11:35		ουρ	N-PRI	
1Krón 11:36	G3588	οφαρ	N-PRI	ABP-potolt
1Krón 11:36	G3588	ο	T-NSM	LXX_WH
1Krón 11:36		μοχοραθι	N-PRI	
1Krón 11:36		αχια	N-PRI	
1Krón 11:36	G3588	ο	T-NSM	LXX_WH
1Krón 11:36	G3588	φελωνι	N-PRI	ABP-potolt
1Krón 11:37	G3588	ησεραι	N-PRI	ABP-potolt
1Krón 11:37	G3588	ο	T-NSM	LXX_WH
1Krón 11:37	G3588	χαρμαλι	N-PRI	ABP-potolt
1Krón 11:37	G3588	νααραι	N-PRI	ABP-potolt
1Krón 11:37	G5207	υιος	N-NSM	LXX_WH
1Krón 11:37		αζωβαι	N-PRI	
1Krón 11:38	G2493	ιωηλ	N-PRI	LXX_WH
1Krón 11:38	G0080	αδελφος	N-NSM	LXX_WH
1Krón 11:38	G3481	ναθαν	N-PRI	LXX_WH
1Krón 11:38		μεβααρ	N-PRI	ELTERO_SZOVEGALAP
1Krón 11:38	G5207	υιος	N-NSM	LXX_WH
1Krón 11:38		αγαρι	N-PRI	ELTERO_SZOVEGALAP
1Krón 11:39	G3588	σεληκ	N-PRI	ABP-potolt
1Krón 11:39	G3588	ο	T-NSM	LXX_WH
1Krón 11:39		αμμωνι	N-PRI	ELTERO_SZOVEGALAP
1Krón 11:39	G3493	ναχωρ	N-PRI	LXX_WH
1Krón 11:39	G3588	ο	T-NSM	LXX_WH
1Krón 11:39	G3588	βερθι	N-PRI	ABP-potolt
1Krón 11:39	G0142	αιρων	V-PAPNS	LXX_WH
1Krón 11:39	G4632	σκευη	N-APN	LXX_WH
1Krón 11:39		ιωαβ	N-PRI	ELTERO_SZOVEGALAP
1Krón 11:39	G5207	υιου	N-GSM	LXX_WH
1Krón 11:39		σαρουια	N-PRI	ELTERO_SZOVEGALAP
1Krón 11:40	G3588	ιρα	N-PRI	ABP-potolt
1Krón 11:40	G3588	ο	T-NSM	LXX_WH
1Krón 11:40		ιεθηρι	N-PRI	
1Krón 11:40		γαρηβ	N-PRI	
1Krón 11:40	G3588	ο	T-NSM	LXX_WH
1Krón 11:40	G3588	ιεθηρι	N-PRI	ABP-potolt
1Krón 11:41	G3774	ουριας	N-PRI	LXX_WH
1Krón 11:41	G3588	ο	T-NSM	LXX_WH
1Krón 11:41		χεττι	N-PRI	ELTERO_SZOVEGALAP
1Krón 11:41		ζαβετ	N-PRI	ELTERO_SZOVEGALAP
1Krón 11:41	G5207	υιος	N-NSM	LXX_WH
1Krón 11:41		αχλια	N-PRI	ELTERO_SZOVEGALAP
1Krón 11:42		αδινα	N-PRI	ELTERO_SZOVEGALAP
1Krón 11:42	G5207	υιος	N-NSM	LXX_WH
1Krón 11:42		σαιζα	N-PRI	ELTERO_SZOVEGALAP
1Krón 11:42	G3588	του	T-GSM	LXX_WH
1Krón 11:42		ρουβην	N-PRI	ELTERO_SZOVEGALAP
1Krón 11:42	G0758	αρχων	N-NSM	LXX_WH
1Krón 11:42	G2532	και	CONJ	LXX_WH
1Krón 11:42	G1909	επ	PREP	LXX_WH
1Krón 11:42	G0846	αυτω	D-DSM	LXX_WH
1Krón 11:42	G5144	τριακοντα	N-NUI	LXX_WH
1Krón 11:43		αναν	N-PRI	ELTERO_SZOVEGALAP
1Krón 11:43	G5207	υιος	N-NSM	LXX_WH
1Krón 11:43		μοωχα	N-PRI	ELTERO_SZOVEGALAP
1Krón 11:43	G2532	και	CONJ	LXX_WH
1Krón 11:43	G2498	ιωσαφατ	N-PRI	LXX_WH
1Krón 11:43	G3588	ο	T-NSM	LXX_WH
1Krón 11:43		βαιθανι	N-PRI	ELTERO_SZOVEGALAP
1Krón 11:44		οζια	N-PRI	
1Krón 11:44	G3588	ο	T-NSM	LXX_WH
1Krón 11:44		ασταρωθι	N-PRI	
1Krón 11:44		σαμμα	N-PRI	
1Krón 11:44	G2532	και	CONJ	LXX_WH
1Krón 11:44		ιιηλ	N-PRI	
1Krón 11:44	G5207	υιοι	N-NPM	LXX_WH
1Krón 11:44		χωθαν	N-PRI	
1Krón 11:44	G3588	του	T-GSM	LXX_WH
1Krón 11:44		αραρι	N-PRI	
1Krón 11:45		ιεδιηλ	N-PRI	ELTERO_SZOVEGALAP
1Krón 11:45	G5207	υιος	N-NSM	LXX_WH
1Krón 11:45		σαμερι	N-PRI	ELTERO_SZOVEGALAP
1Krón 11:45	G2532	και	CONJ	LXX_WH
1Krón 11:45		ιωαζαε	N-PRI	ELTERO_SZOVEGALAP
1Krón 11:45	G3588	ο	T-NSM	LXX_WH
1Krón 11:45	G0080	αδελφος	N-NSM	LXX_WH
1Krón 11:45	G0846	αυτου	D-GSM	LXX_WH
1Krón 11:45	G3588	ο	T-NSM	LXX_WH
1Krón 11:45		ιεασι	N-PRI	ELTERO_SZOVEGALAP
1Krón 11:46		ελιηλ	N-PRI	ELTERO_SZOVEGALAP
1Krón 11:46	G3588	ο	T-NSM	LXX_WH
1Krón 11:46		μιι	N-PRI	
1Krón 11:46	G2532	και	CONJ	LXX_WH
1Krón 11:46		ιαριβι	N-PRI	ELTERO_SZOVEGALAP
1Krón 11:46	G2532	και	CONJ	LXX_WH
1Krón 11:46	G3588	ιωσια	N-PRI	ABP-potolt
1Krón 11:46	G5207	υιος	N-NSM	LXX_WH
1Krón 11:46	G0846	αυτου	D-GSM	LXX_WH
1Krón 11:46		ελνααμ	N-PRI	ELTERO_SZOVEGALAP
1Krón 11:46	G2532	και	CONJ	LXX_WH
1Krón 11:46	G2532	ιεθεμα	N-PRI	ABP-potolt
1Krón 11:46	G3588	ο	T-NSM	LXX_WH
1Krón 11:46		μωαβιτης	N-NSM	ELTERO_SZOVEGALAP
1Krón 11:47	G2532	αλιηλ	N-PRI	ABP-potolt
1Krón 11:47	G2532	και	CONJ	LXX_WH
1Krón 11:47	G5601	ωβηδ	N-PRI	LXX_WH
1Krón 11:47	G2532	και	CONJ	LXX_WH
1Krón 11:47	G2532	ιεσιηλ	N-PRI	ABP-potolt
1Krón 11:47	G3588	ο	T-NSM	LXX_WH
1Krón 11:47		μισαβια	N-PRI	ELTERO_SZOVEGALAP
1Krón 12:1	G2532	και	CONJ	LXX_WH
1Krón 12:1	G3778	ουτοι	D-NPM	LXX_WH
1Krón 12:1	G3588	οι	T-NPM	LXX_WH
1Krón 12:1	G2064	ελθοντες	V-AAPNP	LXX_WH
1Krón 12:1	G4314	προς	PREP	LXX_WH
1Krón 12:1		δαυιδ	N-PRI	ELTERO_SZOVEGALAP
1Krón 12:1	G1519	εις	PREP	LXX_WH
1Krón 12:1		σωκλαγ	N-PRI	ELTERO_SZOVEGALAP
1Krón 12:1	G2089	ετι	ADV	LXX_WH
1Krón 12:1	G4912	συνεχομενου	V-PMPGS	LXX_WH
1Krón 12:1	G0575	απο	PREP	LXX_WH
1Krón 12:1	G4383	προσωπου	N-GSN	LXX_WH
1Krón 12:1	G4549	σαουλ	N-PRI	LXX_WH
1Krón 12:1	G5207	υιου	N-GSM	LXX_WH
1Krón 12:1	G2797	κις	N-PRI	LXX_WH
1Krón 12:1	G2532	και	CONJ	LXX_WH
1Krón 12:1	G3778	ουτοι	D-NPM	LXX_WH
1Krón 12:1	G1722	εν	PREP	LXX_WH
1Krón 12:1	G3588	τοις	T-DPM	LXX_WH
1Krón 12:1	G1415	δυνατοις	A-DPM	LXX_WH
1Krón 12:1	G0997	βοηθουντες	V-PAPNP	LXX_WH
1Krón 12:1	G1722	εν	PREP	LXX_WH
1Krón 12:1	G4171	πολεμω	N-DSM	LXX_WH
1Krón 12:2	G2532	και	CONJ	LXX_WH
1Krón 12:2	G5115	τοξω	N-DSN	LXX_WH
1Krón 12:2	G1537	εκ	PREP	LXX_WH
1Krón 12:2	G1188	δεξιων	A-GPM	LXX_WH
1Krón 12:2	G2532	και	CONJ	LXX_WH
1Krón 12:2	G1537	εξ	PREP	LXX_WH
1Krón 12:2	G0710	αριστερων	A-GPM	LXX_WH
1Krón 12:2	G2532	και	CONJ	LXX_WH
1Krón 12:2	G4969	σφενδονηται	N-NPM	ABP-potolt
1Krón 12:2	G1722	εν	PREP	LXX_WH
1Krón 12:2	G3037	λιθοις	N-DPM	LXX_WH
1Krón 12:2	G2532	και	CONJ	LXX_WH
1Krón 12:2	G5115	τοξοις	N-DPN	LXX_WH
1Krón 12:2	G1537	εκ	PREP	LXX_WH
1Krón 12:2	G3588	των	T-GPM	LXX_WH
1Krón 12:2	G0080	αδελφων	N-GPM	LXX_WH
1Krón 12:2	G4549	σαουλ	N-PRI	LXX_WH
1Krón 12:2	G1537	εκ	PREP	LXX_WH
1Krón 12:2	G0958	βενιαμιν	N-PRI	LXX_WH
1Krón 12:3	G3588	ο	T-NSM	LXX_WH
1Krón 12:3	G0758	αρχων	N-NSM	LXX_WH
1Krón 12:3		αχιεζερ	N-PRI	ELTERO_SZOVEGALAP
1Krón 12:3	G2532	και	CONJ	LXX_WH
1Krón 12:3	G2532	ιωας	N-PRI	ABP-potolt
1Krón 12:3	G5207	υιος	N-NSM	LXX_WH
1Krón 12:3		ασμα	N-PRI	ELTERO_SZOVEGALAP
1Krón 12:3	G3588	του	T-GSM	LXX_WH
1Krón 12:3		γεβωθιτου	N-GSM	
1Krón 12:3	G2532	και	CONJ	LXX_WH
1Krón 12:3	G2493	ιωηλ	N-PRI	LXX_WH
1Krón 12:3	G2532	και	CONJ	LXX_WH
1Krón 12:3	G2532	ιωφαλητ	N-PRI	ABP-potolt
1Krón 12:3	G5207	υιοι	N-NPM	LXX_WH
1Krón 12:3		ασμωθ	N-PRI	
1Krón 12:3	G2532	και	CONJ	LXX_WH
1Krón 12:3	G5207	βερχια	N-PRI	ABP-potolt
1Krón 12:3	G2532	και	CONJ	LXX_WH
1Krón 12:3		ιηουλ	N-PRI	
1Krón 12:3	G3588	ο	T-NSM	LXX_WH
1Krón 12:3		αναθωθι	N-PRI	ELTERO_SZOVEGALAP
1Krón 12:4	G2532	και	CONJ	LXX_WH
1Krón 12:4		σαμαιας	N-NSM	
1Krón 12:4	G3588	ο	T-NSM	LXX_WH
1Krón 12:4		γαβαωνιτης	N-NSM	
1Krón 12:4	G1415	δυνατος	A-NSM	LXX_WH
1Krón 12:4	G1722	εν	PREP	LXX_WH
1Krón 12:4	G3588	τοις	T-DPM	LXX_WH
1Krón 12:4	G5144	τριακοντα	N-NUI	LXX_WH
1Krón 12:4	G2532	και	CONJ	LXX_WH
1Krón 12:4	G1909	επι	PREP	LXX_WH
1Krón 12:4	G3588	των	T-GPM	LXX_WH
1Krón 12:4	G5144	τριακοντα	N-NUI	LXX_WH
1Krón 12:5	G2532	ελιαζαι	N-PRI	ABP-potolt
1Krón 12:5	G2532	και	CONJ	LXX_WH
1Krón 12:5	G2532	ιαριμουθ	N-PRI	ABP-potolt
1Krón 12:5	G2532	και	CONJ	LXX_WH
1Krón 12:5	G2532	βααλια	N-PRI	ABP-potolt
1Krón 12:5	G2532	και	CONJ	LXX_WH
1Krón 12:5	G2532	σαμαρια	N-PRI	ABP-potolt
1Krón 12:5	G2532	και	CONJ	LXX_WH
1Krón 12:5	G2532	σαφατια	N-PRI	ABP-potolt
1Krón 12:5	G3588	ο	T-NSM	LXX_WH
1Krón 12:5		χαραιφι	N-PRI	
1Krón 12:6	G2532	ηλκανα	N-PRI	ABP-potolt
1Krón 12:6	G2532	και	CONJ	LXX_WH
1Krón 12:6	G2532	ιησουνι	N-PRI	ABP-potolt
1Krón 12:6	G2532	και	CONJ	LXX_WH
1Krón 12:6	G2532	οζριηλ	N-PRI	ABP-potolt
1Krón 12:6	G2532	και	CONJ	LXX_WH
1Krón 12:6	G2532	ιωαζαρ	N-PRI	ABP-potolt
1Krón 12:6	G2532	και	CONJ	LXX_WH
1Krón 12:6	G2532	ιεσβοαμ	N-PRI	ABP-potolt
1Krón 12:6	G3588	οι	T-NPM	LXX_WH
1Krón 12:6		κοριται	N-NPM	
1Krón 12:7	G2532	και	CONJ	LXX_WH
1Krón 12:7		ελια	N-PRI	
1Krón 12:7	G2532	και	CONJ	LXX_WH
1Krón 12:7		ζαβαδια	N-PRI	
1Krón 12:7	G5207	υιοι	N-NPM	LXX_WH
1Krón 12:7		ιρααμ	N-PRI	
1Krón 12:7	G5207	υιοι	N-NPM	LXX_WH
1Krón 12:7	G3588	του	T-GSM	LXX_WH
1Krón 12:7		γεδωρ	N-PRI	
1Krón 12:8	G2532	και	CONJ	LXX_WH
1Krón 12:8	G0575	απο	PREP	LXX_WH
1Krón 12:8	G3588	του	T-GSM	LXX_WH
1Krón 12:8		γαδδι	N-PRI	ELTERO_SZOVEGALAP
1Krón 12:8	G5563	εχωρισθησαν	V-API-3P	LXX_WH
1Krón 12:8	G4314	προς	PREP	LXX_WH
1Krón 12:8		δαυιδ	N-PRI	ELTERO_SZOVEGALAP
1Krón 12:8	G0575	απο	PREP	LXX_WH
1Krón 12:8	G3588	της	T-GSF	LXX_WH
1Krón 12:8	G2048	ερημου	N-GSF	LXX_WH
1Krón 12:8	G2478	ισχυροι	A-NPM	LXX_WH
1Krón 12:8	G1415	δυνατοι	A-NPM	LXX_WH
1Krón 12:8	G0435	ανδρες	N-NPM	LXX_WH
1Krón 12:8		παραταξεως	N-GSF	ELTERO_SZOVEGALAP
1Krón 12:8	G4171	πολεμου	N-GSM	LXX_WH
1Krón 12:8	G0142	αιροντες	V-PAPNP	LXX_WH
1Krón 12:8	G2375	θυρεους	N-APM	LXX_WH
1Krón 12:8	G2532	και	CONJ	LXX_WH
1Krón 12:8	G1393	δορατα	N-APN	ABP-potolt
1Krón 12:8	G2532	και	CONJ	LXX_WH
1Krón 12:8	G4383	προσωπον	N-NSN	LXX_WH
1Krón 12:8	G3023	λεοντος	N-GSM	LXX_WH
1Krón 12:8	G4383	προσωπα	N-NPN	LXX_WH
1Krón 12:8	G0846	αυτων	D-GPM	LXX_WH
1Krón 12:8	G2532	και	CONJ	LXX_WH
1Krón 12:8		κουφοι	A-NPM	ELTERO_SZOVEGALAP
1Krón 12:8	G3739	ως	CONJ	LXX_WH
1Krón 12:8	G1393	δορκαδες	N-NPF	LXX_WH
1Krón 12:8	G1909	επι	PREP	LXX_WH
1Krón 12:8	G3588	των	T-GPN	LXX_WH
1Krón 12:8	G3735	ορεων	N-GPN	LXX_WH
1Krón 12:8	G3588	τω	T-DSM	LXX_WH
1Krón 12:8	G5036	ταχει	A-DSM	LXX_WH
1Krón 12:9		αζερ	N-PRI	
1Krón 12:9	G3588	ο	T-NSM	LXX_WH
1Krón 12:9	G0758	αρχων	N-NSM	LXX_WH
1Krón 12:9		αβδια	N-PRI	
1Krón 12:9	G3588	ο	T-NSM	LXX_WH
1Krón 12:9	G1208	δευτερος	A-NSM	LXX_WH
1Krón 12:9		ελιαβ	N-PRI	
1Krón 12:9	G3588	ο	T-NSM	LXX_WH
1Krón 12:9	G5154	τριτος	A-NSM	LXX_WH
1Krón 12:10		μασεμαννη	N-PRI	
1Krón 12:10	G3588	ο	T-NSM	LXX_WH
1Krón 12:10	G5067	τεταρτος	A-NSM	LXX_WH
1Krón 12:10		ιερμια	N-PRI	
1Krón 12:10	G3588	ο	T-NSM	LXX_WH
1Krón 12:10	G3991	πεμπτος	A-NSM	LXX_WH
1Krón 12:11		εθθι	N-PRI	
1Krón 12:11	G3588	ο	T-NSM	LXX_WH
1Krón 12:11	G1622	εκτος	A-NSM	LXX_WH
1Krón 12:11		ελιαβ	N-PRI	
1Krón 12:11	G3588	ο	T-NSM	LXX_WH
1Krón 12:11	G1442	εβδομος	A-NSM	LXX_WH
1Krón 12:12		ιωαναν	N-PRI	
1Krón 12:12	G3588	ο	T-NSM	LXX_WH
1Krón 12:12	G3590	ογδοος	A-NSM	LXX_WH
1Krón 12:12		ελιαζερ	N-PRI	
1Krón 12:12	G3588	ο	T-NSM	LXX_WH
1Krón 12:12	G1766	ενατος	A-NSM	ABP-potolt
1Krón 12:13		ιερμια	N-PRI	ELTERO_SZOVEGALAP
1Krón 12:13	G3588	ο	T-NSM	LXX_WH
1Krón 12:13	G1182	δεκατος	A-NSM	LXX_WH
1Krón 12:13		μαχαβανναι	N-PRI	ELTERO_SZOVEGALAP
1Krón 12:13	G3588	ο	T-NSM	LXX_WH
1Krón 12:13	G1734	ενδεκατος	A-NSM	LXX_WH
1Krón 12:14	G3778	ουτοι	D-NPM	LXX_WH
1Krón 12:14	G1537	εκ	PREP	LXX_WH
1Krón 12:14	G3588	των	T-GPM	LXX_WH
1Krón 12:14	G5207	υιων	N-GPM	LXX_WH
1Krón 12:14	G1045	γαδ	N-PRI	LXX_WH
1Krón 12:14	G0758	αρχοντες	N-NPM	LXX_WH
1Krón 12:14	G3588	της	T-GSF	LXX_WH
1Krón 12:14	G4756	στρατιας	N-GSF	LXX_WH
1Krón 12:14	G1519	εις	A-NSM	LXX_WH
1Krón 12:14	G3588	τοις	T-DPM	LXX_WH
1Krón 12:14	G1540	εκατον	N-NUI	LXX_WH
1Krón 12:14	G3398	μικρος	A-NSM	LXX_WH
1Krón 12:14	G2532	και	CONJ	LXX_WH
1Krón 12:14	G3173	μεγας	A-NSM	LXX_WH
1Krón 12:14	G3588	τοις	T-DPM	LXX_WH
1Krón 12:14	G5507	χιλιοις	A-DPM	LXX_WH
1Krón 12:15	G3778	ουτοι	D-NPM	LXX_WH
1Krón 12:15	G3588	οι	T-NPM	LXX_WH
1Krón 12:15	G1224	διαβαντες	V-AAPNP	LXX_WH
1Krón 12:15	G3588	τον	T-ASM	LXX_WH
1Krón 12:15	G2446	ιορδανην	N-ASM	LXX_WH
1Krón 12:15	G1722	εν	PREP	LXX_WH
1Krón 12:15	G3588	τω	T-DSM	LXX_WH
1Krón 12:15	G3303	μηνι	N-DSM	LXX_WH
1Krón 12:15	G3588	τω	T-DSM	LXX_WH
1Krón 12:15	G4413	πρωτω	A-DSMS	LXX_WH
1Krón 12:15	G2532	και	CONJ	LXX_WH
1Krón 12:15	G3778	ουτος	D-NSM	LXX_WH
1Krón 12:15	G4137	πεπληρωκως	V-RAI-3S	LXX_WH
1Krón 12:15	G1909	επι	PREP	LXX_WH
1Krón 12:15	G3956	πασαν	A-ASF	LXX_WH
1Krón 12:15		κρηπιδα	N-ASF	ELTERO_SZOVEGALAP
1Krón 12:15	G0846	αυτου	D-GSM	LXX_WH
1Krón 12:15	G2532	και	CONJ	LXX_WH
1Krón 12:15	G1559	εξεδιωξαν	V-AAI-3P	LXX_WH
1Krón 12:15	G3956	παντας	A-APM	LXX_WH
1Krón 12:15	G3588	τους	T-APM	LXX_WH
1Krón 12:15		κατοικουντας	V-PAPAP	ELTERO_SZOVEGALAP
1Krón 12:15		αυλωνας	N-APM	ELTERO_SZOVEGALAP
1Krón 12:15	G0575	απο	PREP	LXX_WH
1Krón 12:15	G0395	ανατολων	N-GPF	LXX_WH
1Krón 12:15	G2193	εως	PREP	LXX_WH
1Krón 12:15	G1424	δυσμων	N-GPF	LXX_WH
1Krón 12:16	G2532	και	CONJ	LXX_WH
1Krón 12:16	G2064	ηλθον	V-AAI-3P	LXX_WH
1Krón 12:16	G0575	απο	PREP	LXX_WH
1Krón 12:16	G3588	των	T-GPM	LXX_WH
1Krón 12:16	G5207	υιων	N-GPM	LXX_WH
1Krón 12:16	G0958	βενιαμιν	N-PRI	LXX_WH
1Krón 12:16	G2532	και	CONJ	LXX_WH
1Krón 12:16	G2448	ιουδα	N-PRI	LXX_WH
1Krón 12:16	G1519	εις	PREP	LXX_WH
1Krón 12:16	G0996	βοηθειαν	N-ASF	LXX_WH
1Krón 12:16	G3588	του	T-GSM	LXX_WH
1Krón 12:16		δαυιδ	N-PRI	ELTERO_SZOVEGALAP
1Krón 12:17	G2532	και	CONJ	LXX_WH
1Krón 12:17		δαυιδ	N-PRI	ELTERO_SZOVEGALAP
1Krón 12:17	G1831	εξηλθεν	V-AAI-3S	LXX_WH
1Krón 12:17	G1519	εις	PREP	LXX_WH
1Krón 12:17		απαντησιν	N-ASF	ELTERO_SZOVEGALAP
1Krón 12:17	G0846	αυτων	D-GPM	LXX_WH
1Krón 12:17	G2532	και	CONJ	LXX_WH
1Krón 12:17		ειπεν	V-AAI-3S	ELTERO_SZOVEGALAP
1Krón 12:17	G0846	αυτοις	D-DPM	LXX_WH
1Krón 12:17	G1487	ει	CONJ	LXX_WH
1Krón 12:17	G1519	εις	PREP	LXX_WH
1Krón 12:17	G1515	ειρηνην	N-ASF	LXX_WH
1Krón 12:17	G1854	ηκατε	V-PAI-2P	LXX_WH
1Krón 12:17	G4314	προς	PREP	LXX_WH
1Krón 12:17	G1473	με	P-AS	LXX_WH
1Krón 12:17	G1510	ειη	V-PAO-3S	LXX_WH
1Krón 12:17	G1473	μοι	P-DS	LXX_WH
1Krón 12:17	G2588	καρδια	N-NSF	LXX_WH
1Krón 12:17	G2596	καθ	PREP	LXX_WH
1Krón 12:17	G1438	εαυτην	D-ASF	LXX_WH
1Krón 12:17	G1909	εφ	PREP	LXX_WH
1Krón 12:17	G4771	υμας	P-AP	LXX_WH
1Krón 12:17	G2532	και	CONJ	LXX_WH
1Krón 12:17	G1487	ει	CONJ	LXX_WH
1Krón 12:17	G3588	του	T-GSN	LXX_WH
1Krón 12:17	G3860	παραδουναι	V-AAN	LXX_WH
1Krón 12:17	G1473	με	P-AS	LXX_WH
1Krón 12:17	G3588	τοις	T-DPM	LXX_WH
1Krón 12:17	G2190	εχθροις	N-DPM	LXX_WH
1Krón 12:17	G1473	μου	P-GS	LXX_WH
1Krón 12:17	G3364	ουκ	ADV	LXX_WH
1Krón 12:17	G1722	εν	PREP	LXX_WH
1Krón 12:17	G0225	αληθεια	N-DSF	LXX_WH
1Krón 12:17	G5495	χειρος	N-GSF	LXX_WH
1Krón 12:17	G3708	ιδοι	V-AAO-3S	LXX_WH
1Krón 12:17	G3588	ο	T-NSM	LXX_WH
1Krón 12:17	G2316	θεος	N-NSM	LXX_WH
1Krón 12:17	G3588	των	T-GPM	LXX_WH
1Krón 12:17	G3962	πατερων	N-GPM	LXX_WH
1Krón 12:17	G1473	ημων	P-GP	LXX_WH
1Krón 12:17	G2532	και	CONJ	LXX_WH
1Krón 12:17	G1651	ελεγξαιτο	V-AMO-3S	LXX_WH
1Krón 12:18	G2532	και	CONJ	LXX_WH
1Krón 12:18	G4151	πνευμα	N-ASN	LXX_WH
1Krón 12:18	G1746	ενεδυσε	V-AAI-3S	LXX_WH
1Krón 12:18	G3588	τον	T-ASM	LXX_WH
1Krón 12:18		αμασαι	N-PRI	ELTERO_SZOVEGALAP
1Krón 12:18	G0758	αρχοντα	N-ASM	LXX_WH
1Krón 12:18	G3588	των	T-GPM	LXX_WH
1Krón 12:18	G5144	τριακοντα	N-NUI	LXX_WH
1Krón 12:18	G2532	και	CONJ	LXX_WH
1Krón 12:18	G2036	ειπεν	V-AAI-3S	ABP-potolt
1Krón 12:18	G4198	πορευου	V-PMD-2S	LXX_WH
1Krón 12:18	G2532	και	CONJ	LXX_WH
1Krón 12:18	G3588	ο	T-NSM	LXX_WH
1Krón 12:18	G2992	λαος	N-NSM	LXX_WH
1Krón 12:18	G4771	σου	P-GS	LXX_WH
1Krón 12:18		δαυιδ	N-PRI	ELTERO_SZOVEGALAP
1Krón 12:18	G5207	υιος	N-NSM	LXX_WH
1Krón 12:18	G2421	ιεσσαι	N-PRI	LXX_WH
1Krón 12:18	G1515	ειρηνη	N-NSF	LXX_WH
1Krón 12:18	G1515	ειρηνη	N-NSF	LXX_WH
1Krón 12:18	G4771	σοι	P-DS	LXX_WH
1Krón 12:18	G2532	και	CONJ	LXX_WH
1Krón 12:18	G1515	ειρηνη	N-NSF	LXX_WH
1Krón 12:18	G3588	τοις	T-DPM	LXX_WH
1Krón 12:18	G0998	βοηθοις	N-DPM	LXX_WH
1Krón 12:18	G4771	σου	P-GS	LXX_WH
1Krón 12:18	G3754	οτι	CONJ	LXX_WH
1Krón 12:18	G0997	εβοηθησεν	V-AAI-3S	LXX_WH
1Krón 12:18	G4771	σοι	P-DS	LXX_WH
1Krón 12:18	G3588	ο	T-NSM	LXX_WH
1Krón 12:18	G2316	θεος	N-NSM	LXX_WH
1Krón 12:18	G4771	σου	P-GS	LXX_WH
1Krón 12:18	G2532	και	CONJ	LXX_WH
1Krón 12:18	G4327	προσεδεξατο	V-AMI-3S	LXX_WH
1Krón 12:18	G0846	αυτους	D-APM	LXX_WH
1Krón 12:18		δαυιδ	N-PRI	ELTERO_SZOVEGALAP
1Krón 12:18	G2532	και	CONJ	LXX_WH
1Krón 12:18	G2525	κατεστησεν	V-AAI-3S	LXX_WH
1Krón 12:18	G0846	αυτους	D-APM	LXX_WH
1Krón 12:18	G0758	αρχοντας	N-APM	LXX_WH
1Krón 12:18	G3588	των	T-GPF	LXX_WH
1Krón 12:18	G1411	δυναμεων	N-GPF	LXX_WH
1Krón 12:19	G2532	και	CONJ	LXX_WH
1Krón 12:19	G0575	απο	PREP	LXX_WH
1Krón 12:19	G4378	μανασση	N-PRI	ABP-potolt
1Krón 12:19	G4378	προσεχωρησαν	V-AAI-3P	ABP-potolt
1Krón 12:19	G4314	προς	PREP	LXX_WH
1Krón 12:19		δαυιδ	N-PRI	ELTERO_SZOVEGALAP
1Krón 12:19	G1722	εν	PREP	LXX_WH
1Krón 12:19	G3588	τω	T-DSN	LXX_WH
1Krón 12:19	G2064	ελθειν	V-AAN	LXX_WH
1Krón 12:19	G3588	τους	T-APM	LXX_WH
1Krón 12:19	G0246	αλλοφυλους	A-APM	LXX_WH
1Krón 12:19	G1909	επι	PREP	LXX_WH
1Krón 12:19	G4549	σαουλ	N-PRI	LXX_WH
1Krón 12:19	G1519	εις	PREP	LXX_WH
1Krón 12:19	G4171	πολεμον	N-ASM	LXX_WH
1Krón 12:19	G2532	και	CONJ	LXX_WH
1Krón 12:19	G3364	ουκ	ADV	LXX_WH
1Krón 12:19	G0997	εβοηθησεν	V-AAI-3S	LXX_WH
1Krón 12:19	G0846	αυτοις	D-DPM	LXX_WH
1Krón 12:19	G3754	οτι	CONJ	LXX_WH
1Krón 12:19	G1722	εν	PREP	LXX_WH
1Krón 12:19	G1012	βουλη	N-DSF	LXX_WH
1Krón 12:19	G1096	εγενετο	V-AMI-3S	LXX_WH
1Krón 12:19	G3844	παρα	PREP	LXX_WH
1Krón 12:19	G3588	των	T-GPM	LXX_WH
1Krón 12:19	G4755	στρατηγων	N-GPM	LXX_WH
1Krón 12:19	G3588	των	T-GPM	LXX_WH
1Krón 12:19	G0246	αλλοφυλων	N-GPM	LXX_WH
1Krón 12:19	G3004	λεγοντων	V-PAPGP	LXX_WH
1Krón 12:19	G1722	εν	PREP	LXX_WH
1Krón 12:19	G3588	ταις	T-DPF	LXX_WH
1Krón 12:19	G2776	κεφαλαις	N-DPF	LXX_WH
1Krón 12:19	G3588	των	T-GPM	LXX_WH
1Krón 12:19	G0435	ανδρων	N-GPM	LXX_WH
1Krón 12:19	G1565	εκεινων	D-GPM	LXX_WH
1Krón 12:19	G1994	επιστρεψει	V-FAI-3S	LXX_WH
1Krón 12:19	G4314	προς	PREP	LXX_WH
1Krón 12:19	G3588	τον	T-ASM	LXX_WH
1Krón 12:19	G2962	κυριον	N-ASM	LXX_WH
1Krón 12:19	G0846	αυτου	D-GSM	LXX_WH
1Krón 12:19	G4549	σαουλ	N-PRI	LXX_WH
1Krón 12:20	G1722	εν	PREP	LXX_WH
1Krón 12:20	G3588	τω	T-DSN	LXX_WH
1Krón 12:20	G4198	πορευθηναι	V-APN	LXX_WH
1Krón 12:20	G0846	αυτον	D-ASM	LXX_WH
1Krón 12:20	G1519	εις	PREP	LXX_WH
1Krón 12:20		σωκλαγ	N-PRI	ELTERO_SZOVEGALAP
1Krón 12:20		προσεχωρησαν	V-AAI-3P	ELTERO_SZOVEGALAP
1Krón 12:20	G0846	αυτω	D-DSM	LXX_WH
1Krón 12:20	G0575	απο	PREP	LXX_WH
1Krón 12:20	G2532	μανασση	N-PRI	ABP-potolt
1Krón 12:20	G2532	εδνα	N-PRI	ABP-potolt
1Krón 12:20	G2532	και	CONJ	LXX_WH
1Krón 12:20		ιωζαβαθ	N-PRI	
1Krón 12:20	G2532	και	CONJ	LXX_WH
1Krón 12:20		ιωδιηλ	N-PRI	
1Krón 12:20	G2532	και	CONJ	LXX_WH
1Krón 12:20	G3413	μιχαηλ	N-PRI	LXX_WH
1Krón 12:20	G2532	και	CONJ	LXX_WH
1Krón 12:20		ιωσαβεθ	N-PRI	
1Krón 12:20	G2532	και	CONJ	LXX_WH
1Krón 12:20		ελιμουθ	N-PRI	
1Krón 12:20	G2532	και	CONJ	LXX_WH
1Krón 12:20	G2532	σελαθι	N-PRI	ABP-potolt
1Krón 12:20	G0747	αρχηγοι	N-NPM	LXX_WH
1Krón 12:20	G5505	χιλιαδων	N-GPF	LXX_WH
1Krón 12:20	G1510	εισιν	V-PAI-3P	LXX_WH
1Krón 12:20	G3588	του	T-GSM	LXX_WH
1Krón 12:20		μανασση	N-PRI	ELTERO_SZOVEGALAP
1Krón 12:21	G2532	και	CONJ	LXX_WH
1Krón 12:21	G0846	αυτοι	D-NPM	LXX_WH
1Krón 12:21		συνεμαχησαν	V-AAI-3P	ELTERO_SZOVEGALAP
1Krón 12:21	G3588	τω	T-DSM	LXX_WH
1Krón 12:21		δαυιδ	N-PRI	ELTERO_SZOVEGALAP
1Krón 12:21	G1909	επι	PREP	LXX_WH
1Krón 12:21	G3588	τον	T-ASM	LXX_WH
1Krón 12:21	G1065	γεδδουρ	N-PRI	ABP-potolt
1Krón 12:21	G3754	οτι	CONJ	LXX_WH
1Krón 12:21	G1415	δυνατοι	A-NPM	LXX_WH
1Krón 12:21	G2479	ισχυος	N-GSF	LXX_WH
1Krón 12:21	G3956	παντες	A-NPM	LXX_WH
1Krón 12:21	G2532	και	CONJ	LXX_WH
1Krón 12:21	G1510	ησαν	V-IAI-3P	LXX_WH
1Krón 12:21	G2233	ηγουμενοι	V-PMPNP	LXX_WH
1Krón 12:21	G1722	εν	PREP	LXX_WH
1Krón 12:21	G3588	τη	T-DSF	LXX_WH
1Krón 12:21	G4756	στρατια	N-DSF	LXX_WH
1Krón 12:21	G1722	εν	PREP	LXX_WH
1Krón 12:21	G3588	τη	T-DSF	LXX_WH
1Krón 12:21	G1411	δυναμει	N-DSF	LXX_WH
1Krón 12:22	G3754	οτι	CONJ	LXX_WH
1Krón 12:22	G2250	ημεραν	N-ASF	LXX_WH
1Krón 12:22	G1537	εξ	PREP	LXX_WH
1Krón 12:22	G2250	ημερας	N-GSF	LXX_WH
1Krón 12:22	G0757	ηρχοντο	V-IMI-3P	LXX_WH
1Krón 12:22	G4314	προς	PREP	LXX_WH
1Krón 12:22		δαυιδ	N-PRI	ELTERO_SZOVEGALAP
1Krón 12:22	G1519	εις	PREP	LXX_WH
1Krón 12:22	G1411	δυναμιν	N-ASF	LXX_WH
1Krón 12:22	G3173	μεγαλην	A-ASF	LXX_WH
1Krón 12:22	G3739	ως	CONJ	LXX_WH
1Krón 12:22	G1411	δυναμις	N-NSF	LXX_WH
1Krón 12:22	G2316	θεου	N-GSM	LXX_WH
1Krón 12:23	G2532	και	CONJ	LXX_WH
1Krón 12:23	G3778	ταυτα	D-APN	LXX_WH
1Krón 12:23	G3588	τα	T-APN	LXX_WH
1Krón 12:23	G3686	ονοματα	N-APN	LXX_WH
1Krón 12:23	G3588	των	T-GPM	LXX_WH
1Krón 12:23	G0758	αρχοντων	N-GPM	LXX_WH
1Krón 12:23	G3588	της	T-GSF	LXX_WH
1Krón 12:23	G4756	στρατιας	N-GSF	LXX_WH
1Krón 12:23	G3588	οι	T-NPM	LXX_WH
1Krón 12:23	G2064	ελθοντες	V-AAPNP	LXX_WH
1Krón 12:23	G4314	προς	PREP	LXX_WH
1Krón 12:23		δαυιδ	N-PRI	ELTERO_SZOVEGALAP
1Krón 12:23	G1519	εις	PREP	LXX_WH
1Krón 12:23		χεβρων	N-PRI	ELTERO_SZOVEGALAP
1Krón 12:23	G3588	του	T-GSN	LXX_WH
1Krón 12:23	G0654	αποστρεψαι	V-AAN	LXX_WH
1Krón 12:23	G3588	την	T-ASF	LXX_WH
1Krón 12:23	G0932	βασιλειαν	N-ASF	LXX_WH
1Krón 12:23	G4549	σαουλ	N-PRI	LXX_WH
1Krón 12:23	G4314	προς	PREP	LXX_WH
1Krón 12:23	G0846	αυτον	D-ASM	LXX_WH
1Krón 12:23	G2596	κατα	PREP	LXX_WH
1Krón 12:23	G3588	τον	T-ASM	LXX_WH
1Krón 12:23	G3056	λογον	N-ASM	LXX_WH
1Krón 12:23	G2962	κυριου	N-GSM	LXX_WH
1Krón 12:24	G5207	υιοι	N-NPM	LXX_WH
1Krón 12:24	G2448	ιουδα	N-PRI	LXX_WH
1Krón 12:24		θυρεοφοροι	N-NPM	ELTERO_SZOVEGALAP
1Krón 12:24	G2532	και	CONJ	LXX_WH
1Krón 12:24	G1393	δορατοφοροι	N-NPM	ABP-potolt
1Krón 12:24	G1803	εξ	N-NUI	LXX_WH
1Krón 12:24	G5505	χιλιαδες	N-NPF	LXX_WH
1Krón 12:24	G2532	και	CONJ	LXX_WH
1Krón 12:24	G3637	οκτακοσιοι	N-NPM	ABP-potolt
1Krón 12:24	G1415	δυνατοι	A-NPM	LXX_WH
1Krón 12:24	G3904	παραταξεως	N-GSF	ABP-potolt
1Krón 12:25	G3588	των	T-GPM	LXX_WH
1Krón 12:25	G5207	υιων	N-GPM	LXX_WH
1Krón 12:25	G4826	συμεων	N-PRI	LXX_WH
1Krón 12:25	G1415	δυνατοι	A-NPM	LXX_WH
1Krón 12:25	G2479	ισχυος	N-GSF	LXX_WH
1Krón 12:25	G1519	εις	PREP	LXX_WH
1Krón 12:25	G3904	παραταξιν	N-ASF	ABP-potolt
1Krón 12:25	G2033	επτα	N-NUI	LXX_WH
1Krón 12:25	G5505	χιλιαδες	N-NPF	LXX_WH
1Krón 12:25	G2532	και	CONJ	LXX_WH
1Krón 12:25	G1540	εκατον	N-NUI	LXX_WH
1Krón 12:26	G3588	των	T-GPM	LXX_WH
1Krón 12:26	G5207	υιων	N-GPM	LXX_WH
1Krón 12:26	G3017	λευι	N-PRI	LXX_WH
1Krón 12:26	G5070	τετρακισχιλιοι	N-NPM	LXX_WH
1Krón 12:26	G1812	εξακοσιοι	A-NPM	LXX_WH
1Krón 12:27	G2532	και	CONJ	LXX_WH
1Krón 12:27		ιωαδαε	N-PRI	ELTERO_SZOVEGALAP
1Krón 12:27	G3588	ο	T-NSM	LXX_WH
1Krón 12:27	G2233	ηγουμενος	V-PMPNS	LXX_WH
1Krón 12:27	G3588	τω	T-DSM	LXX_WH
1Krón 12:27	G0002	ααρων	N-PRI	LXX_WH
1Krón 12:27	G2532	και	CONJ	LXX_WH
1Krón 12:27	G3326	μετ	PREP	LXX_WH
1Krón 12:27	G0846	αυτου	D-GSM	LXX_WH
1Krón 12:27	G5140	τρεις	A-NPF	LXX_WH
1Krón 12:27	G5505	χιλιαδες	N-NPF	LXX_WH
1Krón 12:27	G2532	και	CONJ	LXX_WH
1Krón 12:27	G2035	επτακοσιοι	A-NPM	ABP-potolt
1Krón 12:28	G2532	και	CONJ	LXX_WH
1Krón 12:28	G4524	σαδωκ	N-PRI	LXX_WH
1Krón 12:28	G3501	νεος	A-NSM	LXX_WH
1Krón 12:28	G1415	δυνατος	A-NSM	LXX_WH
1Krón 12:28	G2479	ισχυι	N-DSF	LXX_WH
1Krón 12:28	G2532	και	CONJ	LXX_WH
1Krón 12:28	G3588	της	T-GSF	LXX_WH
1Krón 12:28	G3967	πατρικης	A-GSF	LXX_WH
1Krón 12:28	G3614	οικιας	N-GSF	LXX_WH
1Krón 12:28	G0846	αυτου	D-GSM	LXX_WH
1Krón 12:28	G0758	αρχοντες	N-NPM	LXX_WH
1Krón 12:28	G1501	εικοσι	N-NUI	LXX_WH
1Krón 12:28	G1417	δυο	N-NUI	LXX_WH
1Krón 12:29	G2532	και	CONJ	LXX_WH
1Krón 12:29	G1537	εκ	PREP	LXX_WH
1Krón 12:29	G3588	των	T-GPM	LXX_WH
1Krón 12:29	G5207	υιων	N-GPM	LXX_WH
1Krón 12:29	G0958	βενιαμιν	N-PRI	LXX_WH
1Krón 12:29	G3588	των	T-GPM	LXX_WH
1Krón 12:29	G0080	αδελφων	N-GPM	LXX_WH
1Krón 12:29	G4549	σαουλ	N-PRI	LXX_WH
1Krón 12:29	G5140	τρεις	A-NPF	LXX_WH
1Krón 12:29	G5505	χιλιαδες	N-NPF	LXX_WH
1Krón 12:29	G2532	και	CONJ	LXX_WH
1Krón 12:29	G2089	ετι	ADV	LXX_WH
1Krón 12:29	G3588	το	T-ASN	LXX_WH
1Krón 12:29	G4183	πλειστον	A-ASMS	LXX_WH
1Krón 12:29	G0846	αυτων	D-GPM	LXX_WH
1Krón 12:29		απεσκοπει	V-IAI-3S	ELTERO_SZOVEGALAP
1Krón 12:29	G3588	την	T-ASF	LXX_WH
1Krón 12:29	G5438	φυλακην	N-ASF	LXX_WH
1Krón 12:29	G3624	οικου	N-GSM	LXX_WH
1Krón 12:29	G4549	σαουλ	N-PRI	LXX_WH
1Krón 12:30	G2532	και	CONJ	LXX_WH
1Krón 12:30	G0575	απο	PREP	LXX_WH
1Krón 12:30	G5207	υιων	N-GPM	LXX_WH
1Krón 12:30	G2187	εφραιμ	N-PRI	LXX_WH
1Krón 12:30	G1501	εικοσι	N-NUI	LXX_WH
1Krón 12:30	G5505	χιλιαδες	N-NPF	LXX_WH
1Krón 12:30	G2532	και	CONJ	LXX_WH
1Krón 12:30	G3637	οκτακοσιοι	N-NPM	ABP-potolt
1Krón 12:30	G1415	δυνατοι	A-NPM	LXX_WH
1Krón 12:30	G2479	ισχυι	N-DSF	LXX_WH
1Krón 12:30	G0435	ανδρες	N-NPM	LXX_WH
1Krón 12:30	G3687	ονομαστοι	A-NPM	ABP-potolt
1Krón 12:30	G2596	κατ	PREP	LXX_WH
1Krón 12:30	G3624	οικους	N-APM	LXX_WH
1Krón 12:30	G3965	πατριων	N-GPF	LXX_WH
1Krón 12:30	G0846	αυτων	D-GPM	LXX_WH
1Krón 12:31	G2532	και	CONJ	LXX_WH
1Krón 12:31	G0575	απο	PREP	LXX_WH
1Krón 12:31	G3588	του	T-GSM	LXX_WH
1Krón 12:31	G2255	ημισους	A-GSF	ABP-potolt
1Krón 12:31	G5443	φυλης	N-GSF	LXX_WH
1Krón 12:31		μανασση	N-PRI	ELTERO_SZOVEGALAP
1Krón 12:31	G1176	δεκα	N-NUI	LXX_WH
1Krón 12:31	G3638	οκτω	N-NUI	LXX_WH
1Krón 12:31	G5505	χιλιαδες	N-NPF	LXX_WH
1Krón 12:31	G3739	οι	R-NPM	LXX_WH
1Krón 12:31	G3687	ωνομασθησαν	V-API-3P	LXX_WH
1Krón 12:31	G1722	εν	PREP	LXX_WH
1Krón 12:31	G3686	ονοματι	N-DSN	LXX_WH
1Krón 12:31	G3588	του	T-GSN	LXX_WH
1Krón 12:31	G0936	βασιλευσαι	V-AAN	LXX_WH
1Krón 12:31	G3588	τον	T-ASM	LXX_WH
1Krón 12:31		δαυιδ	N-PRI	ELTERO_SZOVEGALAP
1Krón 12:32	G2532	και	CONJ	LXX_WH
1Krón 12:32	G0575	απο	PREP	LXX_WH
1Krón 12:32	G3588	των	T-GPM	LXX_WH
1Krón 12:32	G5207	υιων	N-GPM	LXX_WH
1Krón 12:32		ισσαχαρ	N-PRI	ELTERO_SZOVEGALAP
1Krón 12:32	G1097	γινωσκοντες	V-PAPNP	LXX_WH
1Krón 12:32	G4907	συνεσιν	N-ASF	LXX_WH
1Krón 12:32	G1519	εις	PREP	LXX_WH
1Krón 12:32	G3588	τους	T-APM	LXX_WH
1Krón 12:32	G2540	καιρους	N-APM	LXX_WH
1Krón 12:32	G1097	γινωσκοντες	V-PAPNP	LXX_WH
1Krón 12:32	G5100	τι	I-ASN	LXX_WH
1Krón 12:32	G4160	ποιησαι	V-AAN	LXX_WH
1Krón 12:32	G2474	ισραηλ	N-PRI	LXX_WH
1Krón 12:32	G1519	εις	PREP	LXX_WH
1Krón 12:32	G3588	τας	T-APF	LXX_WH
1Krón 12:32	G0746	αρχας	N-APF	LXX_WH
1Krón 12:32	G0846	αυτων	D-GPM	LXX_WH
1Krón 12:32	G1250	διακοσιοι	A-NPM	LXX_WH
1Krón 12:32	G2532	και	CONJ	LXX_WH
1Krón 12:32	G3956	παντες	A-NPM	LXX_WH
1Krón 12:32	G0080	αδελφοι	N-NPM	LXX_WH
1Krón 12:32	G0846	αυτων	D-GPM	LXX_WH
1Krón 12:32	G3326	μετ	PREP	LXX_WH
1Krón 12:32	G0846	αυτων	D-GPM	LXX_WH
1Krón 12:33	G2532	και	CONJ	LXX_WH
1Krón 12:33	G0575	απο	PREP	LXX_WH
1Krón 12:33	G2194	ζαβουλων	N-PRI	LXX_WH
1Krón 12:33	G1607	εκπορευομενοι	V-PMPNP	LXX_WH
1Krón 12:33	G1519	εις	PREP	LXX_WH
1Krón 12:33	G3904	παραταξιν	N-ASF	ABP-potolt
1Krón 12:33	G4171	πολεμου	N-GSM	LXX_WH
1Krón 12:33	G1722	εν	PREP	LXX_WH
1Krón 12:33	G3956	πασιν	A-DPN	LXX_WH
1Krón 12:33	G4632	σκευεσιν	N-DPN	LXX_WH
1Krón 12:33	G4170	πολεμικοις	A-DPM	ABP-potolt
1Krón 12:33	G4004	πεντηκοντα	N-NUI	LXX_WH
1Krón 12:33	G5505	χιλιαδες	N-NPF	LXX_WH
1Krón 12:33	G0997	βοηθησαι	V-AAN	LXX_WH
1Krón 12:33	G3588	τω	T-DSM	LXX_WH
1Krón 12:33		δαυιδ	N-PRI	ELTERO_SZOVEGALAP
1Krón 12:33	G3364	ουχ	ADV	LXX_WH
1Krón 12:33		ετεροκλινως	ADV	ELTERO_SZOVEGALAP
1Krón 12:34	G2532	και	CONJ	LXX_WH
1Krón 12:34	G0575	απο	PREP	LXX_WH
1Krón 12:34		νεφθαλι	N-PRI	ELTERO_SZOVEGALAP
1Krón 12:34	G0758	αρχοντες	N-NPM	LXX_WH
1Krón 12:34	G5507	χιλιοι	A-NPM	LXX_WH
1Krón 12:34	G2532	και	CONJ	LXX_WH
1Krón 12:34	G3326	μετ	PREP	LXX_WH
1Krón 12:34	G0846	αυτων	D-GPM	LXX_WH
1Krón 12:34	G1722	εν	PREP	LXX_WH
1Krón 12:34	G2375	θυρεοις	N-DPM	LXX_WH
1Krón 12:34	G2532	και	CONJ	LXX_WH
1Krón 12:34	G1393	δορασιν	N-DPN	ABP-potolt
1Krón 12:34	G5144	τριακοντα	N-NUI	LXX_WH
1Krón 12:34	G2033	επτα	N-NUI	LXX_WH
1Krón 12:34	G5505	χιλιαδες	N-NPF	LXX_WH
1Krón 12:35	G2532	και	CONJ	LXX_WH
1Krón 12:35	G0575	απο	PREP	LXX_WH
1Krón 12:35	G3588	των	T-GPM	LXX_WH
1Krón 12:35	G3904	δανιτων	N-PRI	ABP-potolt
1Krón 12:35	G3904	παρατασσομενοι	V-PMPNP	ABP-potolt
1Krón 12:35	G1519	εις	PREP	LXX_WH
1Krón 12:35	G4171	πολεμον	N-ASM	LXX_WH
1Krón 12:35	G1501	εικοσι	N-NUI	LXX_WH
1Krón 12:35	G3638	οκτω	N-NUI	LXX_WH
1Krón 12:35	G5505	χιλιαδες	N-NPF	LXX_WH
1Krón 12:35	G2532	και	CONJ	LXX_WH
1Krón 12:35	G1812	οκτακοσιοι	N-NPM	ABP-potolt
1Krón 12:36	G2532	και	CONJ	LXX_WH
1Krón 12:36	G0575	απο	PREP	LXX_WH
1Krón 12:36	G3588	του	T-GSM	LXX_WH
1Krón 12:36	G0768	ασηρ	N-PRI	LXX_WH
1Krón 12:36	G1607	εκπορευομενοι	V-PMPNP	LXX_WH
1Krón 12:36	G0997	βοηθησαι	V-AAN	LXX_WH
1Krón 12:36	G1519	εις	PREP	LXX_WH
1Krón 12:36	G4171	πολεμον	N-ASM	LXX_WH
1Krón 12:36	G5062	τεσσαρακοντα	A	LXX_WH
1Krón 12:36	G5505	χιλιαδες	N-NPF	LXX_WH
1Krón 12:37	G2532	και	CONJ	LXX_WH
1Krón 12:37	G1537	εκ	PREP	LXX_WH
1Krón 12:37	G4008	περαν	PREP	LXX_WH
1Krón 12:37	G3588	του	T-GSM	LXX_WH
1Krón 12:37	G2446	ιορδανου	N-GSM	LXX_WH
1Krón 12:37	G0575	απο	PREP	LXX_WH
1Krón 12:37	G2532	ρουβην	N-PRI	ABP-potolt
1Krón 12:37	G2532	και	CONJ	LXX_WH
1Krón 12:37		γαδδι	N-PRI	ELTERO_SZOVEGALAP
1Krón 12:37	G2532	και	CONJ	LXX_WH
1Krón 12:37	G0575	απο	PREP	LXX_WH
1Krón 12:37	G3588	του	T-GSM	LXX_WH
1Krón 12:37	G2255	ημισους	A-GSF	ABP-potolt
1Krón 12:37	G5443	φυλης	N-GSF	LXX_WH
1Krón 12:37		μανασση	N-PRI	ELTERO_SZOVEGALAP
1Krón 12:37	G1722	εν	PREP	LXX_WH
1Krón 12:37	G3956	πασιν	A-DPN	LXX_WH
1Krón 12:37	G4632	σκευεσιν	N-DPN	LXX_WH
1Krón 12:37		πολεμικοις	A-DPM	ELTERO_SZOVEGALAP
1Krón 12:37	G1540	εκατον	N-NUI	LXX_WH
1Krón 12:37	G1501	εικοσι	N-NUI	LXX_WH
1Krón 12:37	G5505	χιλιαδες	N-NPF	LXX_WH
1Krón 12:38	G3956	παντες	A-NPM	LXX_WH
1Krón 12:38	G3778	ουτοι	D-NPM	LXX_WH
1Krón 12:38	G0435	ανδρες	N-NPM	LXX_WH
1Krón 12:38		πολεμισται	N-NPM	ELTERO_SZOVEGALAP
1Krón 12:38		παρατασσομενοι	V-PMPNP	ELTERO_SZOVEGALAP
1Krón 12:38		παραταξιν	N-ASF	ELTERO_SZOVEGALAP
1Krón 12:38	G1722	εν	PREP	LXX_WH
1Krón 12:38	G5590	ψυχη	N-DSF	LXX_WH
1Krón 12:38	G1516	ειρηνικη	A-DSF	LXX_WH
1Krón 12:38	G2532	και	CONJ	LXX_WH
1Krón 12:38	G2064	ηλθον	V-AAI-3P	LXX_WH
1Krón 12:38	G1519	εις	PREP	LXX_WH
1Krón 12:38		χεβρων	N-PRI	ELTERO_SZOVEGALAP
1Krón 12:38	G3588	του	T-GSN	LXX_WH
1Krón 12:38	G0936	βασιλευσαι	V-AAN	LXX_WH
1Krón 12:38	G3588	τον	T-ASM	LXX_WH
1Krón 12:38		δαυιδ	N-PRI	ELTERO_SZOVEGALAP
1Krón 12:38	G1909	επι	PREP	LXX_WH
1Krón 12:38	G3956	παντα	A-ASM	LXX_WH
1Krón 12:38	G2474	ισραηλ	N-PRI	LXX_WH
1Krón 12:38	G2532	και	CONJ	LXX_WH
1Krón 12:38	G3588	ο	T-NSM	LXX_WH
1Krón 12:38	G2645	καταλοιπος	A-NSM	LXX_WH
1Krón 12:38	G2474	ισραηλ	N-PRI	LXX_WH
1Krón 12:38	G5590	ψυχη	N-NSF	LXX_WH
1Krón 12:38	G1519	μια	A-APN	LXX_WH
1Krón 12:38	G3588	του	T-GSN	LXX_WH
1Krón 12:38	G0936	βασιλευσαι	V-AAN	LXX_WH
1Krón 12:38	G3588	τον	T-ASM	LXX_WH
1Krón 12:38		δαυιδ	N-PRI	ELTERO_SZOVEGALAP
1Krón 12:39	G2532	και	CONJ	LXX_WH
1Krón 12:39	G1510	ησαν	V-IAI-3P	LXX_WH
1Krón 12:39	G1563	εκει	ADV	LXX_WH
1Krón 12:39	G2250	ημερας	N-APF	LXX_WH
1Krón 12:39	G5140	τρεις	A-NPM	LXX_WH
1Krón 12:39	G2068	εσθιοντες	V-PAPNP	LXX_WH
1Krón 12:39	G2532	και	CONJ	LXX_WH
1Krón 12:39	G4095	πινοντες	V-PAPNP	LXX_WH
1Krón 12:39	G3754	οτι	CONJ	LXX_WH
1Krón 12:39	G2090	ητοιμασαν	V-AAI-3P	LXX_WH
1Krón 12:39	G0846	αυτοις	D-DPM	LXX_WH
1Krón 12:39	G3588	οι	T-NPM	LXX_WH
1Krón 12:39	G0080	αδελφοι	N-NPM	LXX_WH
1Krón 12:39	G0846	αυτων	D-GPM	LXX_WH
1Krón 12:40	G2532	και	CONJ	LXX_WH
1Krón 12:40	G3588	οι	T-NPM	LXX_WH
1Krón 12:40		ομορουντες	V-PAPNP	ELTERO_SZOVEGALAP
1Krón 12:40	G0846	αυτοις	D-DPM	LXX_WH
1Krón 12:40	G2193	εως	PREP	LXX_WH
1Krón 12:40	G2532	ισσαχαρ	N-PRI	ABP-potolt
1Krón 12:40	G2532	και	CONJ	LXX_WH
1Krón 12:40	G2194	ζαβουλων	N-PRI	LXX_WH
1Krón 12:40	G2532	και	CONJ	LXX_WH
1Krón 12:40	G2532	νεφθαλι	N-PRI	ABP-potolt
1Krón 12:40	G5342	εφερον	V-IAI-3P	LXX_WH
1Krón 12:40	G0846	αυτοις	D-DPM	LXX_WH
1Krón 12:40	G1909	επι	PREP	LXX_WH
1Krón 12:40	G3588	των	T-GPM	LXX_WH
1Krón 12:40	G2574	καμηλων	N-GPM	LXX_WH
1Krón 12:40	G2532	και	CONJ	LXX_WH
1Krón 12:40	G3588	των	T-GPM	LXX_WH
1Krón 12:40	G3688	ονων	N-GPM	LXX_WH
1Krón 12:40	G2532	και	CONJ	LXX_WH
1Krón 12:40	G3588	των	T-GPM	LXX_WH
1Krón 12:40		ημιονων	N-GPM	
1Krón 12:40	G2532	και	CONJ	LXX_WH
1Krón 12:40	G1909	επι	PREP	LXX_WH
1Krón 12:40	G3588	των	T-GPM	LXX_WH
1Krón 12:40	G3448	μοσχων	N-GPM	LXX_WH
1Krón 12:40	G1033	βρωματα	N-APN	LXX_WH
1Krón 12:40	G0224	αλευρα	N-APN	LXX_WH
1Krón 12:40		παλαθας	N-APF	ELTERO_SZOVEGALAP
1Krón 12:40		σταφιδας	N-APF	ELTERO_SZOVEGALAP
1Krón 12:40	G3631	οινον	N-ASM	LXX_WH
1Krón 12:40	G2532	και	CONJ	LXX_WH
1Krón 12:40	G1637	ελαιον	N-ASN	LXX_WH
1Krón 12:40	G3448	μοσχους	N-APM	LXX_WH
1Krón 12:40	G2532	και	CONJ	LXX_WH
1Krón 12:40	G4263	προβατα	N-APN	LXX_WH
1Krón 12:40	G1519	εις	PREP	LXX_WH
1Krón 12:40	G4128	πληθος	N-ASN	LXX_WH
1Krón 12:40	G3754	οτι	CONJ	LXX_WH
1Krón 12:40	G2167	ευφροσυνη	N-NSF	LXX_WH
1Krón 12:40	G1722	εν	PREP	LXX_WH
1Krón 12:40	G2474	ισραηλ	N-PRI	LXX_WH
1Krón 13:1	G2532	και	CONJ	LXX_WH
1Krón 13:1	G1011	εβουλευσατο	V-AMI-3S	LXX_WH
1Krón 13:1	G1011	δαυιδ	N-PRI	ABP-potolt
1Krón 13:1	G3326	μετα	PREP	LXX_WH
1Krón 13:1	G3588	των	T-GPM	LXX_WH
1Krón 13:1	G5506	χιλιαρχων	N-GPM	LXX_WH
1Krón 13:1	G2532	και	CONJ	LXX_WH
1Krón 13:1	G3588	των	T-GPM	LXX_WH
1Krón 13:1	G1543	εκατονταρχων	N-GPM	ABP-potolt
1Krón 13:1	G3956	παντι	A-DSM	LXX_WH
1Krón 13:1	G2233	ηγουμενω	V-PMPDS	LXX_WH
1Krón 13:2	G2532	και	CONJ	LXX_WH
1Krón 13:2		ειπεν	V-AAI-3S	ELTERO_SZOVEGALAP
1Krón 13:2		δαυιδ	N-PRI	ELTERO_SZOVEGALAP
1Krón 13:2	G3588	τη	T-DSF	LXX_WH
1Krón 13:2	G3956	παση	A-DSF	LXX_WH
1Krón 13:2	G1577	εκκλησια	N-DSF	LXX_WH
1Krón 13:2	G2474	ισραηλ	N-PRI	LXX_WH
1Krón 13:2	G1487	ει	CONJ	LXX_WH
1Krón 13:2	G1909	εφ	PREP	LXX_WH
1Krón 13:2	G4771	υμιν	P-DP	LXX_WH
1Krón 13:2	G0018	αγαθον	A-ASM	LXX_WH
1Krón 13:2	G2532	και	CONJ	LXX_WH
1Krón 13:2	G3844	παρα	PREP	LXX_WH
1Krón 13:2	G2962	κυριου	N-GSM	LXX_WH
1Krón 13:2	G2316	θεου	N-GSM	LXX_WH
1Krón 13:2	G1473	ημων	P-GP	LXX_WH
1Krón 13:2	G2137	ευοδωθη	V-APS-3S	LXX_WH
1Krón 13:2	G0649	αποστειλωμεν	V-AAS-1P	LXX_WH
1Krón 13:2	G4314	προς	PREP	LXX_WH
1Krón 13:2	G3588	τους	T-APM	LXX_WH
1Krón 13:2	G0080	αδελφους	N-APM	LXX_WH
1Krón 13:2	G1473	ημων	P-GP	LXX_WH
1Krón 13:2	G3588	τους	T-APM	LXX_WH
1Krón 13:2	G5275	υπολελειμμενους	V-RMPAP	LXX_WH
1Krón 13:2	G1722	εν	PREP	LXX_WH
1Krón 13:2	G3956	παση	A-DSF	LXX_WH
1Krón 13:2	G1065	γη	N-DSF	LXX_WH
1Krón 13:2	G2474	ισραηλ	N-PRI	LXX_WH
1Krón 13:2	G2532	και	CONJ	LXX_WH
1Krón 13:2	G3326	μετ	PREP	LXX_WH
1Krón 13:2	G0846	αυτων	D-GPM	LXX_WH
1Krón 13:2	G3588	οι	T-NPM	LXX_WH
1Krón 13:2	G2409	ιερεις	N-NPM	LXX_WH
1Krón 13:2	G3588	οι	T-NPM	LXX_WH
1Krón 13:2	G3019	λευιται	N-NPM	LXX_WH
1Krón 13:2	G1722	εν	PREP	LXX_WH
1Krón 13:2	G4172	πολεσιν	N-DPF	LXX_WH
1Krón 13:2	G2697	κατασχεσεως	N-GSF	LXX_WH
1Krón 13:2	G0846	αυτων	D-GPM	LXX_WH
1Krón 13:2	G2532	και	CONJ	LXX_WH
1Krón 13:2	G4863	συναχθησονται	V-FPI-3P	LXX_WH
1Krón 13:2	G4314	προς	PREP	LXX_WH
1Krón 13:2	G1473	ημας	P-AP	LXX_WH
1Krón 13:3	G2532	και	CONJ	LXX_WH
1Krón 13:3	G1994	μετενεγκωμεν	V-AAS-1P	ABP-potolt
1Krón 13:3	G3588	την	T-ASF	LXX_WH
1Krón 13:3	G2787	κιβωτον	N-ASF	LXX_WH
1Krón 13:3	G3588	του	T-GSM	LXX_WH
1Krón 13:3	G2316	θεου	N-GSM	LXX_WH
1Krón 13:3	G1473	ημων	P-GP	LXX_WH
1Krón 13:3	G4314	προς	PREP	LXX_WH
1Krón 13:3	G1473	ημας	P-AP	LXX_WH
1Krón 13:3	G3754	οτι	CONJ	LXX_WH
1Krón 13:3	G3364	ουκ	ADV	LXX_WH
1Krón 13:3	G2212	εζητησαν	V-AAI-3P	LXX_WH
1Krón 13:3	G0846	αυτην	D-ASF	LXX_WH
1Krón 13:3	G0575	αφ	PREP	LXX_WH
1Krón 13:3	G2250	ημερων	N-GPF	LXX_WH
1Krón 13:3	G4549	σαουλ	N-PRI	LXX_WH
1Krón 13:4	G2532	και	CONJ	LXX_WH
1Krón 13:4	G2036	ειπεν	V-AAI-3S	ABP-potolt
1Krón 13:4	G3956	πασα	A-NSF	LXX_WH
1Krón 13:4	G3588	η	T-NSF	LXX_WH
1Krón 13:4	G1577	εκκλησια	N-NSF	LXX_WH
1Krón 13:4	G3588	του	T-GSN	LXX_WH
1Krón 13:4	G4160	ποιησαι	V-AAN	LXX_WH
1Krón 13:4	G3778	ουτως	ADV	LXX_WH
1Krón 13:4	G3754	οτι	CONJ	LXX_WH
1Krón 13:4	G2112	ευθης	A-NSM	ABP-potolt
1Krón 13:4	G3588	ο	T-NSM	LXX_WH
1Krón 13:4	G3056	λογος	N-NSM	LXX_WH
1Krón 13:4	G1722	εν	PREP	LXX_WH
1Krón 13:4	G3788	οφθαλμοις	N-DPM	LXX_WH
1Krón 13:4	G3956	παντος	A-GSM	LXX_WH
1Krón 13:4	G3588	του	T-GSM	LXX_WH
1Krón 13:4	G2992	λαου	N-GSM	LXX_WH
1Krón 13:5	G2532	και	CONJ	LXX_WH
1Krón 13:5		εξεκκλησιασεν	V-AAI-3S	ELTERO_SZOVEGALAP
1Krón 13:5		δαυιδ	N-PRI	ELTERO_SZOVEGALAP
1Krón 13:5	G3588	τον	T-ASM	LXX_WH
1Krón 13:5	G3956	παντα	A-ASM	LXX_WH
1Krón 13:5	G2474	ισραηλ	N-PRI	LXX_WH
1Krón 13:5	G0575	απο	PREP	LXX_WH
1Krón 13:5	G3725	οριων	N-GPN	LXX_WH
1Krón 13:5	G0125	αιγυπτου	N-GSF	LXX_WH
1Krón 13:5	G2532	και	CONJ	LXX_WH
1Krón 13:5	G2193	εως	PREP	LXX_WH
1Krón 13:5	G1529	εισοδου	N-GSF	LXX_WH
1Krón 13:5		ημαθ	N-PRI	ELTERO_SZOVEGALAP
1Krón 13:5	G3588	του	T-GSN	LXX_WH
1Krón 13:5	G1533	εισενεγκαι	V-AAN	LXX_WH
1Krón 13:5	G3588	την	T-ASF	LXX_WH
1Krón 13:5	G2787	κιβωτον	N-ASF	LXX_WH
1Krón 13:5	G3588	του	T-GSM	LXX_WH
1Krón 13:5	G2316	θεου	N-GSM	LXX_WH
1Krón 13:5	G1537	εκ	PREP	LXX_WH
1Krón 13:5	G4172	πολεως	N-GSF	LXX_WH
1Krón 13:5		ιαριμ	N-PRI	ELTERO_SZOVEGALAP
1Krón 13:6	G2532	και	CONJ	LXX_WH
1Krón 13:6	G0321	ανηγαγεν	V-AAI-3S	LXX_WH
1Krón 13:6	G0846	αυτην	D-ASF	LXX_WH
1Krón 13:6		δαυιδ	N-PRI	ELTERO_SZOVEGALAP
1Krón 13:6	G2532	και	CONJ	LXX_WH
1Krón 13:6	G3956	πας	A-NSM	LXX_WH
1Krón 13:6	G2474	ισραηλ	N-PRI	LXX_WH
1Krón 13:6	G0305	ανεβη	V-AAI-3S	LXX_WH
1Krón 13:6	G1519	εις	PREP	LXX_WH
1Krón 13:6	G4172	πολιν	N-ASF	LXX_WH
1Krón 13:6		δαυιδ	N-PRI	ELTERO_SZOVEGALAP
1Krón 13:6	G3739	η	R-NSF	LXX_WH
1Krón 13:6	G1510	ην	V-IAI-3S	LXX_WH
1Krón 13:6	G3588	του	T-GSM	LXX_WH
1Krón 13:6	G2448	ιουδα	N-PRI	LXX_WH
1Krón 13:6	G3588	του	T-GSN	LXX_WH
1Krón 13:6	G0321	αναγαγειν	V-AAN	LXX_WH
1Krón 13:6	G1564	εκειθεν	ADV	LXX_WH
1Krón 13:6	G3588	την	T-ASF	LXX_WH
1Krón 13:6	G2787	κιβωτον	N-ASF	LXX_WH
1Krón 13:6	G3588	του	T-GSM	LXX_WH
1Krón 13:6	G2316	θεου	N-GSM	LXX_WH
1Krón 13:6	G2962	κυριου	N-GSM	LXX_WH
1Krón 13:6	G2521	καθημενου	V-PMPGS	LXX_WH
1Krón 13:6	G1909	επι	PREP	LXX_WH
1Krón 13:6	G5502	χερουβιν	N-PRI	ABP-potolt
1Krón 13:6	G3739	ου	R-GSM	LXX_WH
1Krón 13:6		επεκληθη	V-API-3S	ELTERO_SZOVEGALAP
1Krón 13:6	G3686	ονομα	N-ASN	LXX_WH
1Krón 13:6	G0846	αυτου	D-GSM	LXX_WH
1Krón 13:7	G2532	και	CONJ	LXX_WH
1Krón 13:7	G2007	επεθηκαν	V-AAI-3P	LXX_WH
1Krón 13:7	G3588	την	T-ASF	LXX_WH
1Krón 13:7	G2787	κιβωτον	N-ASF	LXX_WH
1Krón 13:7	G3588	του	T-GSM	LXX_WH
1Krón 13:7	G2316	θεου	N-GSM	LXX_WH
1Krón 13:7	G1909	επι	PREP	LXX_WH
1Krón 13:7	G0261	αμαξαν	N-ASF	ABP-potolt
1Krón 13:7	G2537	καινην	A-ASF	LXX_WH
1Krón 13:7	G1537	εξ	PREP	LXX_WH
1Krón 13:7	G3624	οικου	N-GSM	LXX_WH
1Krón 13:7	G0284	αμιναδαβ	N-PRI	LXX_WH
1Krón 13:7	G2532	και	CONJ	LXX_WH
1Krón 13:7		οζα	N-PRI	ELTERO_SZOVEGALAP
1Krón 13:7	G2532	και	CONJ	LXX_WH
1Krón 13:7	G3588	οι	T-NPM	LXX_WH
1Krón 13:7	G0080	αδελφοι	N-NPM	LXX_WH
1Krón 13:7	G0846	αυτου	D-GSM	LXX_WH
1Krón 13:7	G0071	ηγον	V-IAI-3P	LXX_WH
1Krón 13:7	G3588	την	T-ASF	LXX_WH
1Krón 13:7	G0261	αμαξαν	N-ASF	ABP-potolt
1Krón 13:8	G2532	και	CONJ	LXX_WH
1Krón 13:8		δαυιδ	N-PRI	ELTERO_SZOVEGALAP
1Krón 13:8	G2532	και	CONJ	LXX_WH
1Krón 13:8	G3956	πας	A-NSM	LXX_WH
1Krón 13:8	G2474	ισραηλ	N-PRI	LXX_WH
1Krón 13:8	G3815	παιζοντες	V-PAPNP	LXX_WH
1Krón 13:8	G1726	εναντιον	PREP	LXX_WH
1Krón 13:8	G3588	του	T-GSM	LXX_WH
1Krón 13:8	G2316	θεου	N-GSM	LXX_WH
1Krón 13:8	G1722	εν	PREP	LXX_WH
1Krón 13:8	G3956	παση	A-DSF	LXX_WH
1Krón 13:8	G1411	δυναμει	N-DSF	LXX_WH
1Krón 13:8	G2532	και	CONJ	LXX_WH
1Krón 13:8	G1722	εν	PREP	LXX_WH
1Krón 13:8		ψαλτωδοις	A-DPM	
1Krón 13:8	G2532	και	CONJ	LXX_WH
1Krón 13:8	G1722	εν	PREP	LXX_WH
1Krón 13:8		κινυραις	N-DPF	
1Krón 13:8	G2532	και	CONJ	LXX_WH
1Krón 13:8	G1722	εν	PREP	LXX_WH
1Krón 13:8		ναβλαις	N-DPF	ELTERO_SZOVEGALAP
1Krón 13:8	G1722	εν	PREP	LXX_WH
1Krón 13:8		τυμπανοις	N-DPN	
1Krón 13:8	G2532	και	CONJ	LXX_WH
1Krón 13:8	G1722	εν	PREP	LXX_WH
1Krón 13:8	G2950	κυμβαλοις	N-DPN	LXX_WH
1Krón 13:8	G2532	και	CONJ	LXX_WH
1Krón 13:8	G1722	εν	PREP	LXX_WH
1Krón 13:8	G4536	σαλπιγξιν	N-DPF	LXX_WH
1Krón 13:9	G2532	και	CONJ	LXX_WH
1Krón 13:9	G2064	ηλθοσαν	V-AAI-3P	LXX_WH
1Krón 13:9	G2193	εως	PREP	LXX_WH
1Krón 13:9	G3588	της	T-GSF	LXX_WH
1Krón 13:9	G0257	αλωνος	N-GSF	LXX_WH
1Krón 13:9	G2532	και	CONJ	LXX_WH
1Krón 13:9	G1614	εξετεινεν	V-AAI-3S	LXX_WH
1Krón 13:9	G1614	οζα	N-PRI	ABP-potolt
1Krón 13:9	G3588	την	T-ASF	LXX_WH
1Krón 13:9	G5495	χειρα	N-ASF	LXX_WH
1Krón 13:9	G0846	αυτου	D-GSM	LXX_WH
1Krón 13:9	G3588	του	T-GSN	LXX_WH
1Krón 13:9	G2722	κατασχειν	V-AAN	LXX_WH
1Krón 13:9	G3588	την	T-ASF	LXX_WH
1Krón 13:9	G2787	κιβωτον	N-ASF	LXX_WH
1Krón 13:9	G3754	οτι	CONJ	LXX_WH
1Krón 13:9	G1578	εξεκλινεν	V-IAI-3S	LXX_WH
1Krón 13:9	G0846	αυτην	D-ASF	LXX_WH
1Krón 13:9	G3588	ο	T-NSM	LXX_WH
1Krón 13:9	G3448	μοσχος	N-NSM	LXX_WH
1Krón 13:10	G2532	και	CONJ	LXX_WH
1Krón 13:10	G2373	εθυμωθη	V-API-3S	LXX_WH
1Krón 13:10	G3709	οργη	N-DSF	LXX_WH
1Krón 13:10	G2962	κυριος	N-NSM	LXX_WH
1Krón 13:10	G1909	επι	PREP	LXX_WH
1Krón 13:10		οζα	N-PRI	ELTERO_SZOVEGALAP
1Krón 13:10	G2532	και	CONJ	LXX_WH
1Krón 13:10	G3960	επαταξεν	V-AAI-3S	LXX_WH
1Krón 13:10	G0846	αυτον	D-ASM	LXX_WH
1Krón 13:10	G1563	εκει	ADV	LXX_WH
1Krón 13:10	G1223	δια	PREP	LXX_WH
1Krón 13:10	G3588	το	T-ASN	LXX_WH
1Krón 13:10	G1614	εκτειναι	V-AAN	LXX_WH
1Krón 13:10	G3588	την	T-ASF	LXX_WH
1Krón 13:10	G5495	χειρα	N-ASF	LXX_WH
1Krón 13:10	G0846	αυτου	D-GSM	LXX_WH
1Krón 13:10	G1909	επι	PREP	LXX_WH
1Krón 13:10	G3588	την	T-ASF	LXX_WH
1Krón 13:10	G2787	κιβωτον	N-ASF	LXX_WH
1Krón 13:10	G2532	και	CONJ	LXX_WH
1Krón 13:10	G0599	απεθανεν	V-AAI-3S	LXX_WH
1Krón 13:10	G1563	εκει	ADV	LXX_WH
1Krón 13:10		απεναντι	ADV	
1Krón 13:10	G3588	του	T-GSM	LXX_WH
1Krón 13:10	G2316	θεου	N-GSM	LXX_WH
1Krón 13:11	G2532	και	CONJ	LXX_WH
1Krón 13:11	G0120	ηθυμησεν	V-AAI-3S	LXX_WH
1Krón 13:11	G0120	δαυιδ	N-PRI	ABP-potolt
1Krón 13:11	G3754	οτι	CONJ	LXX_WH
1Krón 13:11		διεκοψεν	V-AAI-3S	ELTERO_SZOVEGALAP
1Krón 13:11	G2962	κυριος	N-NSM	LXX_WH
1Krón 13:11		διακοπην	N-ASF	ELTERO_SZOVEGALAP
1Krón 13:11	G1722	εν	PREP	LXX_WH
1Krón 13:11		οζα	N-PRI	ELTERO_SZOVEGALAP
1Krón 13:11	G2532	και	CONJ	LXX_WH
1Krón 13:11	G2564	εκαλεσεν	V-AAI-3S	LXX_WH
1Krón 13:11	G3588	τον	T-ASM	LXX_WH
1Krón 13:11	G5117	τοπον	N-ASM	LXX_WH
1Krón 13:11	G1565	εκεινον	D-ASM	LXX_WH
1Krón 13:11		διακοπη	N-NSF	ELTERO_SZOVEGALAP
1Krón 13:11		οζα	N-PRI	ELTERO_SZOVEGALAP
1Krón 13:11	G2193	εως	PREP	LXX_WH
1Krón 13:11	G3588	της	T-GSF	LXX_WH
1Krón 13:11	G2250	ημερας	N-GSF	LXX_WH
1Krón 13:11	G3778	ταυτης	D-GSF	LXX_WH
1Krón 13:12	G2532	και	CONJ	LXX_WH
1Krón 13:12	G5399	εφοβηθη	V-API-3S	LXX_WH
1Krón 13:12	G5399	δαυιδ	N-PRI	ABP-potolt
1Krón 13:12	G3588	τον	T-ASM	LXX_WH
1Krón 13:12	G2316	θεον	N-ASM	LXX_WH
1Krón 13:12	G1722	εν	PREP	LXX_WH
1Krón 13:12	G3588	τη	T-DSF	LXX_WH
1Krón 13:12	G2250	ημερα	N-DSF	LXX_WH
1Krón 13:12	G1565	εκεινη	D-DSF	LXX_WH
1Krón 13:12	G3004	λεγων	V-PAPNS	LXX_WH
1Krón 13:12	G4459	πως	ADV	LXX_WH
1Krón 13:12	G1533	εισοισω	V-FAI-1S	LXX_WH
1Krón 13:12	G4314	προς	PREP	LXX_WH
1Krón 13:12	G1683	εμαυτον	D-ASM	LXX_WH
1Krón 13:12	G3588	την	T-ASF	LXX_WH
1Krón 13:12	G2787	κιβωτον	N-ASF	LXX_WH
1Krón 13:12	G3588	του	T-GSM	LXX_WH
1Krón 13:12	G2316	θεου	N-GSM	LXX_WH
1Krón 13:13	G2532	και	CONJ	LXX_WH
1Krón 13:13	G3364	ουκ	ADV	LXX_WH
1Krón 13:13	G0654	απεστρεψεν	V-AAI-3S	LXX_WH
1Krón 13:13		δαυιδ	N-PRI	ELTERO_SZOVEGALAP
1Krón 13:13	G3588	την	T-ASF	LXX_WH
1Krón 13:13	G2787	κιβωτον	N-ASF	LXX_WH
1Krón 13:13	G4314	προς	PREP	LXX_WH
1Krón 13:13	G1438	εαυτον	D-ASM	LXX_WH
1Krón 13:13	G1519	εις	PREP	LXX_WH
1Krón 13:13	G4172	πολιν	N-ASF	LXX_WH
1Krón 13:13		δαυιδ	N-PRI	ELTERO_SZOVEGALAP
1Krón 13:13	G2532	και	CONJ	LXX_WH
1Krón 13:13	G1578	εξεκλινεν	V-IAI-3S	LXX_WH
1Krón 13:13	G0846	αυτην	D-ASF	LXX_WH
1Krón 13:13	G1519	εις	PREP	LXX_WH
1Krón 13:13	G3624	οικον	N-ASM	LXX_WH
1Krón 13:13		αβεδδαρα	N-PRI	ELTERO_SZOVEGALAP
1Krón 13:13	G3588	του	T-GSM	LXX_WH
1Krón 13:13		γεθθαιου	N-GSM	ELTERO_SZOVEGALAP
1Krón 13:14	G2532	και	CONJ	LXX_WH
1Krón 13:14	G2523	εκαθισεν	V-AAI-3S	LXX_WH
1Krón 13:14	G3588	η	T-NSF	LXX_WH
1Krón 13:14	G2787	κιβωτος	N-NSF	LXX_WH
1Krón 13:14	G3588	του	T-GSM	LXX_WH
1Krón 13:14	G2316	θεου	N-GSM	LXX_WH
1Krón 13:14	G1722	εν	PREP	LXX_WH
1Krón 13:14	G3624	οικω	N-DSM	LXX_WH
1Krón 13:14	G3376	αβεδδαρα	N-PRI	ABP-potolt
1Krón 13:14	G5140	τρεις	A-APM	LXX_WH
1Krón 13:14	G3303	μηνας	N-APM	LXX_WH
1Krón 13:14	G2532	και	CONJ	LXX_WH
1Krón 13:14	G2127	ευλογησεν	V-AAI-3S	LXX_WH
1Krón 13:14	G3588	ο	T-NSM	LXX_WH
1Krón 13:14	G2316	θεος	N-NSM	LXX_WH
1Krón 13:14		αβεδδαραμ	N-PRI	ELTERO_SZOVEGALAP
1Krón 13:14	G2532	και	CONJ	LXX_WH
1Krón 13:14	G3956	παντα	A-APN	LXX_WH
1Krón 13:14	G3588	τα	T-APN	LXX_WH
1Krón 13:14	G0846	αυτου	D-GSM	LXX_WH
1Krón 14:1	G2532	και	CONJ	LXX_WH
1Krón 14:1	G0649	απεστειλεν	V-AAI-3S	LXX_WH
1Krón 14:1		χιραμ	N-PRI	ELTERO_SZOVEGALAP
1Krón 14:1	G0935	βασιλευς	N-NSM	LXX_WH
1Krón 14:1	G5184	τυρου	N-GSM	LXX_WH
1Krón 14:1	G0032	αγγελους	N-APM	LXX_WH
1Krón 14:1	G4314	προς	PREP	LXX_WH
1Krón 14:1		δαυιδ	N-PRI	ELTERO_SZOVEGALAP
1Krón 14:1	G2532	και	CONJ	LXX_WH
1Krón 14:1	G3586	ξυλα	N-APN	LXX_WH
1Krón 14:1	G2747	κεδρινα	A-APN	ABP-potolt
1Krón 14:1	G2532	και	CONJ	LXX_WH
1Krón 14:1	G5045	οικοδομους	N-APM	ABP-potolt
1Krón 14:1	G5109	τοιχων	N-GPM	LXX_WH
1Krón 14:1	G2532	και	CONJ	LXX_WH
1Krón 14:1	G5045	τεκτονας	N-APM	LXX_WH
1Krón 14:1	G3586	ξυλων	N-GPN	LXX_WH
1Krón 14:1	G3588	του	T-GSN	LXX_WH
1Krón 14:1	G3618	οικοδομησαι	V-AAN	LXX_WH
1Krón 14:1	G0846	αυτω	D-DSM	LXX_WH
1Krón 14:1	G3624	οικον	N-ASM	LXX_WH
1Krón 14:2	G2532	και	CONJ	LXX_WH
1Krón 14:2	G1097	εγνω	V-AAI-3S	LXX_WH
1Krón 14:2	G1097	δαυιδ	N-PRI	ABP-potolt
1Krón 14:2	G3754	οτι	CONJ	LXX_WH
1Krón 14:2	G2090	ητοιμησεν	V-AAI-3S	LXX_WH
1Krón 14:2	G0846	αυτον	D-ASM	LXX_WH
1Krón 14:2	G2962	κυριος	N-NSM	LXX_WH
1Krón 14:2	G1909	επι	PREP	LXX_WH
1Krón 14:2	G2474	ισραηλ	N-PRI	LXX_WH
1Krón 14:2	G3754	οτι	CONJ	LXX_WH
1Krón 14:2	G0837	ηυξηθη	V-API-3S	LXX_WH
1Krón 14:2	G1519	εις	PREP	LXX_WH
1Krón 14:2	G5311	υψος	N-ASN	LXX_WH
1Krón 14:2	G3588	η	T-NSF	LXX_WH
1Krón 14:2	G0932	βασιλεια	N-NSF	LXX_WH
1Krón 14:2	G0846	αυτου	D-GSM	LXX_WH
1Krón 14:2	G1223	δια	PREP	LXX_WH
1Krón 14:2	G3588	τον	T-ASM	LXX_WH
1Krón 14:2	G2992	λαον	N-ASM	LXX_WH
1Krón 14:2	G0846	αυτου	D-GSM	LXX_WH
1Krón 14:2	G2474	ισραηλ	N-PRI	LXX_WH
1Krón 14:3	G2532	και	CONJ	LXX_WH
1Krón 14:3	G2983	ελαβεν	V-AAI-3S	LXX_WH
1Krón 14:3	G2983	δαυιδ	N-PRI	ABP-potolt
1Krón 14:3	G2089	ετι	ADV	LXX_WH
1Krón 14:3	G1135	γυναικας	N-APF	LXX_WH
1Krón 14:3	G1722	εν	PREP	LXX_WH
1Krón 14:3	G2419	ιερουσαλημ	N-PRI	LXX_WH
1Krón 14:3	G2532	και	CONJ	LXX_WH
1Krón 14:3	G5088	ετεχθησαν	V-API-3P	LXX_WH
1Krón 14:3		δαυιδ	N-PRI	ELTERO_SZOVEGALAP
1Krón 14:3	G2089	ετι	ADV	LXX_WH
1Krón 14:3	G5207	υιοι	N-NPM	LXX_WH
1Krón 14:3	G2532	και	CONJ	LXX_WH
1Krón 14:3	G2364	θυγατερες	N-NPF	LXX_WH
1Krón 14:4	G2532	και	CONJ	LXX_WH
1Krón 14:4	G3778	ταυτα	D-NPN	LXX_WH
1Krón 14:4	G3588	τα	T-NPN	LXX_WH
1Krón 14:4	G3686	ονοματα	N-NPN	LXX_WH
1Krón 14:4	G0846	αυτων	D-GPM	LXX_WH
1Krón 14:4	G3588	των	T-GPM	LXX_WH
1Krón 14:4	G5088	τεχθεντων	V-APPGP	LXX_WH
1Krón 14:4	G3739	οι	R-NPM	LXX_WH
1Krón 14:4	G1510	ησαν	V-IAI-3P	LXX_WH
1Krón 14:4	G0846	αυτω	D-DSM	LXX_WH
1Krón 14:4	G1722	εν	PREP	LXX_WH
1Krón 14:4	G2419	ιερουσαλημ	N-PRI	LXX_WH
1Krón 14:4		σαμαα	N-PRI	ELTERO_SZOVEGALAP
1Krón 14:4		ισοβααμ	N-PRI	ELTERO_SZOVEGALAP
1Krón 14:4	G3481	ναθαν	N-PRI	LXX_WH
1Krón 14:4		σαλωμων	N-PRI	ELTERO_SZOVEGALAP
1Krón 14:5	G2532	και	CONJ	LXX_WH
1Krón 14:5	G2532	ιβααρ	N-PRI	ABP-potolt
1Krón 14:5	G2532	και	CONJ	LXX_WH
1Krón 14:5	G2532	ελισαε	N-PRI	ABP-potolt
1Krón 14:5	G2532	και	CONJ	LXX_WH
1Krón 14:5	G2532	ελιφαλετ	N-PRI	ABP-potolt
1Krón 14:6	G2532	και	CONJ	LXX_WH
1Krón 14:6	G2532	ναγε	N-PRI	ABP-potolt
1Krón 14:6	G2532	και	CONJ	LXX_WH
1Krón 14:6	G2532	ναφαγ	N-PRI	ABP-potolt
1Krón 14:6	G2532	και	CONJ	LXX_WH
1Krón 14:6	G2532	ιανουου	N-PRI	ABP-potolt
1Krón 14:7	G2532	και	CONJ	LXX_WH
1Krón 14:7	G2532	ελισαμαε	N-PRI	ABP-potolt
1Krón 14:7	G2532	και	CONJ	LXX_WH
1Krón 14:7	G2532	βαλεγδαε	N-PRI	ABP-potolt
1Krón 14:7	G2532	και	CONJ	LXX_WH
1Krón 14:7	G2532	ελιφαλετ	N-PRI	ABP-potolt
1Krón 14:8	G2532	και	CONJ	LXX_WH
1Krón 14:8	G0191	ηκουσαν	V-AAI-3P	LXX_WH
1Krón 14:8	G0246	αλλοφυλοι	N-NPM	LXX_WH
1Krón 14:8	G3754	οτι	CONJ	LXX_WH
1Krón 14:8	G5548	εχρισθη	V-API-3S	LXX_WH
1Krón 14:8	G5548	δαυιδ	N-PRI	ABP-potolt
1Krón 14:8	G0935	βασιλευς	N-NSM	LXX_WH
1Krón 14:8	G1909	επι	PREP	LXX_WH
1Krón 14:8	G3956	παντα	A-ASM	LXX_WH
1Krón 14:8	G2474	ισραηλ	N-PRI	LXX_WH
1Krón 14:8	G2532	και	CONJ	LXX_WH
1Krón 14:8	G0305	ανεβησαν	V-AAI-3P	LXX_WH
1Krón 14:8	G3956	παντες	A-NPM	LXX_WH
1Krón 14:8	G3588	οι	T-NPM	LXX_WH
1Krón 14:8	G0246	αλλοφυλοι	N-NPM	LXX_WH
1Krón 14:8	G2212	ζητησαι	V-AAN	LXX_WH
1Krón 14:8	G3588	τον	T-ASM	LXX_WH
1Krón 14:8		δαυιδ	N-PRI	ELTERO_SZOVEGALAP
1Krón 14:8	G2532	και	CONJ	LXX_WH
1Krón 14:8	G0191	ηκουσεν	V-AAI-3S	LXX_WH
1Krón 14:8	G0191	δαυιδ	N-PRI	ABP-potolt
1Krón 14:8	G2532	και	CONJ	LXX_WH
1Krón 14:8	G1831	εξηλθεν	V-AAI-3S	LXX_WH
1Krón 14:8	G1519	εις	PREP	LXX_WH
1Krón 14:8		απαντησιν	N-ASF	ELTERO_SZOVEGALAP
1Krón 14:8	G0846	αυτοις	D-DPM	LXX_WH
1Krón 14:9	G2532	και	CONJ	LXX_WH
1Krón 14:9	G0246	αλλοφυλοι	N-NPM	LXX_WH
1Krón 14:9	G2064	ηλθον	V-AAI-3P	LXX_WH
1Krón 14:9	G2532	και	CONJ	LXX_WH
1Krón 14:9	G4844	συνεπεσον	V-AAI-3P	ABP-potolt
1Krón 14:9	G1722	εν	PREP	LXX_WH
1Krón 14:9	G3588	τη	T-DSF	LXX_WH
1Krón 14:9	G2835	κοιλαδι	N-DSF	ABP-potolt
1Krón 14:9	G3588	των	T-GPM	LXX_WH
1Krón 14:9	G1095	γιγαντων	N-GPM	ABP-potolt
1Krón 14:10	G2532	και	CONJ	LXX_WH
1Krón 14:10	G2065	ηρωτησεν	V-AAI-3S	LXX_WH
1Krón 14:10		δαυιδ	N-PRI	ELTERO_SZOVEGALAP
1Krón 14:10	G1223	δια	PREP	LXX_WH
1Krón 14:10	G3588	του	T-GSM	LXX_WH
1Krón 14:10	G2316	θεου	N-GSM	LXX_WH
1Krón 14:10	G3004	λεγων	V-PAPNS	LXX_WH
1Krón 14:10	G1487	ει	CONJ	LXX_WH
1Krón 14:10	G0305	αναβω	V-AAS-1S	LXX_WH
1Krón 14:10	G1909	επι	PREP	LXX_WH
1Krón 14:10	G3588	τους	T-APM	LXX_WH
1Krón 14:10	G0246	αλλοφυλους	A-APM	LXX_WH
1Krón 14:10	G2532	και	CONJ	LXX_WH
1Krón 14:10	G1325	δωσεις	V-FAI-2S	LXX_WH
1Krón 14:10	G0846	αυτους	D-APM	LXX_WH
1Krón 14:10	G1519	εις	PREP	LXX_WH
1Krón 14:10	G3588	τας	T-APF	LXX_WH
1Krón 14:10	G5495	χειρας	N-APF	LXX_WH
1Krón 14:10	G1473	μου	P-GS	LXX_WH
1Krón 14:10	G2532	και	CONJ	LXX_WH
1Krón 14:10		ειπεν	V-AAI-3S	ELTERO_SZOVEGALAP
1Krón 14:10	G0846	αυτω	D-DSM	LXX_WH
1Krón 14:10	G2962	κυριος	N-NSM	LXX_WH
1Krón 14:10	G0305	αναβηθι	V-AAD-2S	LXX_WH
1Krón 14:10	G2532	και	CONJ	LXX_WH
1Krón 14:10	G1325	δωσω	V-FAI-1S	LXX_WH
1Krón 14:10	G0846	αυτους	D-APM	LXX_WH
1Krón 14:10	G1519	εις	PREP	LXX_WH
1Krón 14:10	G3588	τας	T-APF	LXX_WH
1Krón 14:10	G5495	χειρας	N-APF	LXX_WH
1Krón 14:10	G4771	σου	P-GS	LXX_WH
1Krón 14:11	G2532	και	CONJ	LXX_WH
1Krón 14:11	G0305	ανεβη	V-AAI-3S	LXX_WH
1Krón 14:11	G1519	εις	PREP	LXX_WH
1Krón 14:11		βααλφαρασιν	N-PRI	ELTERO_SZOVEGALAP
1Krón 14:11	G2532	και	CONJ	LXX_WH
1Krón 14:11	G3960	επαταξεν	V-AAI-3S	LXX_WH
1Krón 14:11	G0846	αυτους	D-APM	LXX_WH
1Krón 14:11	G1563	εκει	ADV	LXX_WH
1Krón 14:11		δαυιδ	N-PRI	ELTERO_SZOVEGALAP
1Krón 14:11	G2532	και	CONJ	LXX_WH
1Krón 14:11		ειπεν	V-AAI-3S	ELTERO_SZOVEGALAP
1Krón 14:11		δαυιδ	N-PRI	ELTERO_SZOVEGALAP
1Krón 14:11		διεκοψεν	V-AAI-3S	ELTERO_SZOVEGALAP
1Krón 14:11	G3588	ο	T-NSM	LXX_WH
1Krón 14:11	G2316	θεος	N-NSM	LXX_WH
1Krón 14:11	G3588	τους	T-APM	LXX_WH
1Krón 14:11	G2190	εχθρους	N-APM	LXX_WH
1Krón 14:11	G1473	μου	P-GS	LXX_WH
1Krón 14:11	G1722	εν	PREP	LXX_WH
1Krón 14:11	G5495	χειρι	N-DSF	LXX_WH
1Krón 14:11	G1473	μου	P-GS	LXX_WH
1Krón 14:11	G3739	ως	CONJ	LXX_WH
1Krón 14:11		διακοπην	N-ASF	ELTERO_SZOVEGALAP
1Krón 14:11	G5204	υδατος	N-GSN	LXX_WH
1Krón 14:11	G1223	δια	PREP	LXX_WH
1Krón 14:11	G3778	τουτο	D-ASN	LXX_WH
1Krón 14:11	G2564	εκαλεσεν	V-AAI-3S	LXX_WH
1Krón 14:11	G3588	το	T-ASN	LXX_WH
1Krón 14:11	G3686	ονομα	N-ASN	LXX_WH
1Krón 14:11	G3588	του	T-GSM	LXX_WH
1Krón 14:11	G5117	τοπου	N-GSM	LXX_WH
1Krón 14:11	G1565	εκεινου	D-GSM	LXX_WH
1Krón 14:11		διακοπη	N-NSF	ELTERO_SZOVEGALAP
1Krón 14:11		φαρασιν	N-PRI	ELTERO_SZOVEGALAP
1Krón 14:12	G2532	και	CONJ	LXX_WH
1Krón 14:12	G1459	εγκατελιπον	V-AAI-3P	LXX_WH
1Krón 14:12	G1563	εκει	ADV	LXX_WH
1Krón 14:12	G3588	τους	T-APM	LXX_WH
1Krón 14:12	G2316	θεους	N-APM	LXX_WH
1Krón 14:12	G0846	αυτων	D-GPM	LXX_WH
1Krón 14:12	G2532	και	CONJ	LXX_WH
1Krón 14:12		ειπεν	V-AAI-3S	ELTERO_SZOVEGALAP
1Krón 14:12		δαυιδ	N-PRI	ELTERO_SZOVEGALAP
1Krón 14:12	G2618	κατακαυσαι	V-AAD-2S	LXX_WH
1Krón 14:12	G0846	αυτους	D-APM	LXX_WH
1Krón 14:12	G1722	εν	PREP	LXX_WH
1Krón 14:12	G4442	πυρι	N-DSN	LXX_WH
1Krón 14:13	G2532	και	CONJ	LXX_WH
1Krón 14:13	G4369	προσεθεντο	V-AMI-3P	LXX_WH
1Krón 14:13	G2089	ετι	ADV	LXX_WH
1Krón 14:13	G0246	αλλοφυλοι	N-NPM	LXX_WH
1Krón 14:13	G2532	και	CONJ	LXX_WH
1Krón 14:13		συνεπεσαν	V-AAI-3P	
1Krón 14:13	G2089	ετι	ADV	LXX_WH
1Krón 14:13	G1722	εν	PREP	LXX_WH
1Krón 14:13	G3588	τη	T-DSF	LXX_WH
1Krón 14:13	G2835	κοιλαδι	N-DSF	ABP-potolt
1Krón 14:13	G3588	των	T-GPM	LXX_WH
1Krón 14:13	G1095	γιγαντων	N-GPM	ABP-potolt
1Krón 14:14	G2532	και	CONJ	LXX_WH
1Krón 14:14	G2065	ηρωτησεν	V-AAI-3S	LXX_WH
1Krón 14:14	G2065	δαυιδ	N-PRI	ABP-potolt
1Krón 14:14	G2089	ετι	ADV	LXX_WH
1Krón 14:14	G1722	εν	PREP	LXX_WH
1Krón 14:14	G2316	θεω	N-DSM	LXX_WH
1Krón 14:14	G2532	και	CONJ	LXX_WH
1Krón 14:14		ειπεν	V-AAI-3S	ELTERO_SZOVEGALAP
1Krón 14:14	G0846	αυτω	D-DSM	LXX_WH
1Krón 14:14	G3588	ο	T-NSM	LXX_WH
1Krón 14:14	G2316	θεος	N-NSM	LXX_WH
1Krón 14:14	G3364	ου	ADV	LXX_WH
1Krón 14:14	G4198	πορευση	V-AAS-3S	LXX_WH
1Krón 14:14	G3694	οπισω	PREP	LXX_WH
1Krón 14:14	G0846	αυτων	D-GPM	LXX_WH
1Krón 14:14	G0654	αποστρεφου	V-PMD-2S	LXX_WH
1Krón 14:14	G0575	απ	PREP	LXX_WH
1Krón 14:14	G0846	αυτων	D-GPM	LXX_WH
1Krón 14:14	G2532	και	CONJ	LXX_WH
1Krón 14:14	G3918	παρεση	V-FMI-2S	LXX_WH
1Krón 14:14	G0846	αυτοις	D-DPM	LXX_WH
1Krón 14:14	G4139	πλησιον	ADV	LXX_WH
1Krón 14:14	G3588	των	T-GPM	LXX_WH
1Krón 14:14	G0568	απιων	N-GPF	ABP-potolt
1Krón 14:15	G2532	και	CONJ	LXX_WH
1Krón 14:15	G1510	εσται	V-FMI-3S	LXX_WH
1Krón 14:15	G1722	εν	PREP	LXX_WH
1Krón 14:15	G3588	τω	T-DSN	LXX_WH
1Krón 14:15	G0191	ακουσαι	V-AAN	LXX_WH
1Krón 14:15	G4771	σε	P-AS	LXX_WH
1Krón 14:15	G3588	την	T-ASF	LXX_WH
1Krón 14:15	G5456	φωνην	N-ASF	LXX_WH
1Krón 14:15	G3588	του	T-GSM	LXX_WH
1Krón 14:15		συσσεισμου	N-GSM	
1Krón 14:15	G3588	των	T-GPM	LXX_WH
1Krón 14:15		ακρων	A-GPF	
1Krón 14:15	G3588	των	T-GPF	LXX_WH
1Krón 14:15	G0568	απιων	N-GPF	ABP-potolt
1Krón 14:15	G5119	τοτε	ADV	LXX_WH
1Krón 14:15	G1831	εξελευση	V-FMI-2S	LXX_WH
1Krón 14:15	G1519	εις	PREP	LXX_WH
1Krón 14:15	G3588	τον	T-ASM	LXX_WH
1Krón 14:15	G4171	πολεμον	N-ASM	LXX_WH
1Krón 14:15	G3754	οτι	CONJ	LXX_WH
1Krón 14:15	G1831	εξηλθεν	V-AAI-3S	LXX_WH
1Krón 14:15	G3588	ο	T-NSM	LXX_WH
1Krón 14:15	G2316	θεος	N-NSM	LXX_WH
1Krón 14:15	G1715	εμπροσθεν	PREP	LXX_WH
1Krón 14:15	G4771	σου	P-GS	LXX_WH
1Krón 14:15	G3588	του	T-GSN	LXX_WH
1Krón 14:15	G3960	παταξαι	V-AAN	LXX_WH
1Krón 14:15	G3588	την	T-ASF	LXX_WH
1Krón 14:15		παρεμβολην	N-ASF	
1Krón 14:15	G3588	των	T-GPM	LXX_WH
1Krón 14:15	G0246	αλλοφυλων	N-GPM	LXX_WH
1Krón 14:16	G2532	και	CONJ	LXX_WH
1Krón 14:16	G4160	εποιησεν	V-AAI-3S	LXX_WH
1Krón 14:16	G2531	καθως	ADV	LXX_WH
1Krón 14:16	G1781	ενετειλατο	V-AMI-3S	LXX_WH
1Krón 14:16	G0846	αυτω	D-DSM	LXX_WH
1Krón 14:16	G3588	ο	T-NSM	LXX_WH
1Krón 14:16	G2316	θεος	N-NSM	LXX_WH
1Krón 14:16	G2532	και	CONJ	LXX_WH
1Krón 14:16	G3960	επαταξεν	V-AAI-3S	LXX_WH
1Krón 14:16	G3588	την	T-ASF	LXX_WH
1Krón 14:16	G3925	παρεμβολην	N-ASF	ABP-potolt
1Krón 14:16	G3588	των	T-GPM	LXX_WH
1Krón 14:16	G0246	αλλοφυλων	N-GPM	LXX_WH
1Krón 14:16	G0575	απο	PREP	LXX_WH
1Krón 14:16		γαβαων	N-PRI	ELTERO_SZOVEGALAP
1Krón 14:16	G2193	εως	PREP	LXX_WH
1Krón 14:16		γαζαρα	N-PRI	ELTERO_SZOVEGALAP
1Krón 14:17	G2532	και	CONJ	LXX_WH
1Krón 14:17	G1096	εγενετο	V-AMI-3S	LXX_WH
1Krón 14:17	G3686	ονομα	N-ASN	LXX_WH
1Krón 14:17		δαυιδ	N-PRI	ELTERO_SZOVEGALAP
1Krón 14:17	G1722	εν	PREP	LXX_WH
1Krón 14:17	G3956	παση	A-DSF	LXX_WH
1Krón 14:17	G3588	τη	T-DSF	LXX_WH
1Krón 14:17	G1065	γη	N-DSF	LXX_WH
1Krón 14:17	G2532	και	CONJ	LXX_WH
1Krón 14:17	G2962	κυριος	N-NSM	LXX_WH
1Krón 14:17	G1325	εδωκεν	V-AAI-3S	LXX_WH
1Krón 14:17	G3588	τον	T-ASM	LXX_WH
1Krón 14:17	G5401	φοβον	N-ASM	LXX_WH
1Krón 14:17	G0846	αυτου	D-GSM	LXX_WH
1Krón 14:17	G1909	επι	PREP	LXX_WH
1Krón 14:17	G3956	παντα	A-APN	LXX_WH
1Krón 14:17	G3588	τα	T-APN	LXX_WH
1Krón 14:17	G1484	εθνη	N-APN	LXX_WH
1Krón 15:1	G2532	και	CONJ	LXX_WH
1Krón 15:1	G4160	εποιησεν	V-AAI-3S	LXX_WH
1Krón 15:1	G0846	αυτω	D-DSM	LXX_WH
1Krón 15:1	G3614	οικιας	N-APF	LXX_WH
1Krón 15:1	G1722	εν	PREP	LXX_WH
1Krón 15:1	G4172	πολει	N-DSF	LXX_WH
1Krón 15:1		δαυιδ	N-PRI	ELTERO_SZOVEGALAP
1Krón 15:1	G2532	και	CONJ	LXX_WH
1Krón 15:1	G2090	ητοιμασεν	V-AAI-3S	LXX_WH
1Krón 15:1	G3588	τον	T-ASM	LXX_WH
1Krón 15:1	G5117	τοπον	N-ASM	LXX_WH
1Krón 15:1	G3588	τη	T-DSF	LXX_WH
1Krón 15:1	G2787	κιβωτω	N-DSF	LXX_WH
1Krón 15:1	G3588	του	T-GSM	LXX_WH
1Krón 15:1	G2316	θεου	N-GSM	LXX_WH
1Krón 15:1	G2532	και	CONJ	LXX_WH
1Krón 15:1	G4160	εποιησεν	V-AAI-3S	LXX_WH
1Krón 15:1	G0846	αυτη	D-DSF	LXX_WH
1Krón 15:1	G4633	σκηνην	N-ASF	LXX_WH
1Krón 15:2	G5119	τοτε	ADV	LXX_WH
1Krón 15:2		ειπεν	V-AAI-3S	ELTERO_SZOVEGALAP
1Krón 15:2		δαυιδ	N-PRI	ELTERO_SZOVEGALAP
1Krón 15:2	G3364	ουκ	ADV	LXX_WH
1Krón 15:2	G1510	εστιν	V-PAI-3S	LXX_WH
1Krón 15:2	G0142	αραι	V-AAN	LXX_WH
1Krón 15:2	G3588	την	T-ASF	LXX_WH
1Krón 15:2	G2787	κιβωτον	N-ASF	LXX_WH
1Krón 15:2	G3588	του	T-GSM	LXX_WH
1Krón 15:2	G2316	θεου	N-GSM	LXX_WH
1Krón 15:2	G0235	αλλ	CONJ	LXX_WH
1Krón 15:2	G2228	η	CONJ	LXX_WH
1Krón 15:2	G3588	τους	T-APM	LXX_WH
1Krón 15:2	G3019	λευιτας	N-APM	LXX_WH
1Krón 15:2	G3754	οτι	CONJ	LXX_WH
1Krón 15:2	G0846	αυτους	D-APM	LXX_WH
1Krón 15:2		εξελεξατο	V-AMI-3S	ELTERO_SZOVEGALAP
1Krón 15:2	G2962	κυριος	N-NSM	LXX_WH
1Krón 15:2	G0142	αιρειν	V-PAN	LXX_WH
1Krón 15:2	G3588	την	T-ASF	LXX_WH
1Krón 15:2	G2787	κιβωτον	N-ASF	LXX_WH
1Krón 15:2	G2962	κυριου	N-GSM	LXX_WH
1Krón 15:2	G2532	και	CONJ	LXX_WH
1Krón 15:2	G3008	λειτουργειν	V-PAN	LXX_WH
1Krón 15:2	G0846	αυτω	D-DSM	LXX_WH
1Krón 15:2	G2193	εως	PREP	LXX_WH
1Krón 15:2	G0165	αιωνος	N-GSM	LXX_WH
1Krón 15:3	G2532	και	CONJ	LXX_WH
1Krón 15:3		εξεκκλησιασεν	V-AAI-3S	ELTERO_SZOVEGALAP
1Krón 15:3		δαυιδ	N-PRI	ELTERO_SZOVEGALAP
1Krón 15:3	G3588	τον	T-ASM	LXX_WH
1Krón 15:3	G3956	παντα	A-ASM	LXX_WH
1Krón 15:3	G2474	ισραηλ	N-PRI	LXX_WH
1Krón 15:3	G1519	εις	PREP	LXX_WH
1Krón 15:3	G2419	ιερουσαλημ	N-PRI	LXX_WH
1Krón 15:3	G3588	του	T-GSN	LXX_WH
1Krón 15:3	G0399	ανενεγκαι	V-AAN	LXX_WH
1Krón 15:3	G3588	την	T-ASF	LXX_WH
1Krón 15:3	G2787	κιβωτον	N-ASF	LXX_WH
1Krón 15:3	G2962	κυριου	N-GSM	LXX_WH
1Krón 15:3	G1519	εις	PREP	LXX_WH
1Krón 15:3	G3588	τον	T-ASM	LXX_WH
1Krón 15:3	G5117	τοπον	N-ASM	LXX_WH
1Krón 15:3	G3739	ον	R-ASM	LXX_WH
1Krón 15:3	G2090	ητοιμασεν	V-AAI-3S	LXX_WH
1Krón 15:3	G0846	αυτη	D-DSF	LXX_WH
1Krón 15:4	G2532	και	CONJ	LXX_WH
1Krón 15:4	G4863	συνηγαγεν	V-AAI-3S	LXX_WH
1Krón 15:4	G4863	δαυιδ	N-PRI	ABP-potolt
1Krón 15:4	G3588	τους	T-APM	LXX_WH
1Krón 15:4	G5207	υιους	N-APM	LXX_WH
1Krón 15:4	G0002	ααρων	N-PRI	LXX_WH
1Krón 15:4	G2532	και	CONJ	LXX_WH
1Krón 15:4	G3588	τους	T-APM	LXX_WH
1Krón 15:4	G3019	λευιτας	N-APM	LXX_WH
1Krón 15:5	G3588	των	T-GPM	LXX_WH
1Krón 15:5	G5207	υιων	N-GPM	LXX_WH
1Krón 15:5		κααθ	N-PRI	ELTERO_SZOVEGALAP
1Krón 15:5		ουριηλ	N-PRI	ELTERO_SZOVEGALAP
1Krón 15:5	G3588	ο	T-NSM	LXX_WH
1Krón 15:5	G0758	αρχων	N-NSM	LXX_WH
1Krón 15:5	G2532	και	CONJ	LXX_WH
1Krón 15:5	G3588	οι	T-NPM	LXX_WH
1Krón 15:5	G0080	αδελφοι	N-NPM	LXX_WH
1Krón 15:5	G0846	αυτου	D-GSM	LXX_WH
1Krón 15:5	G1540	εκατον	N-NUI	LXX_WH
1Krón 15:5	G1501	εικοσι	N-NUI	LXX_WH
1Krón 15:6	G3588	των	T-GPM	LXX_WH
1Krón 15:6	G5207	υιων	N-GPM	LXX_WH
1Krón 15:6		μεραρι	N-PRI	ELTERO_SZOVEGALAP
1Krón 15:6		ασαια	N-PRI	ELTERO_SZOVEGALAP
1Krón 15:6	G3588	ο	T-NSM	LXX_WH
1Krón 15:6	G0758	αρχων	N-NSM	LXX_WH
1Krón 15:6	G2532	και	CONJ	LXX_WH
1Krón 15:6	G3588	οι	T-NPM	LXX_WH
1Krón 15:6	G0080	αδελφοι	N-NPM	LXX_WH
1Krón 15:6	G0846	αυτου	D-GSM	LXX_WH
1Krón 15:6	G1250	διακοσιοι	A-NPM	LXX_WH
1Krón 15:6	G4004	πεντηκοντα	N-NUI	LXX_WH
1Krón 15:7	G3588	των	T-GPM	LXX_WH
1Krón 15:7	G5207	υιων	N-GPM	LXX_WH
1Krón 15:7		γηρσαμ	N-PRI	ELTERO_SZOVEGALAP
1Krón 15:7	G2493	ιωηλ	N-PRI	LXX_WH
1Krón 15:7	G3588	ο	T-NSM	LXX_WH
1Krón 15:7	G0758	αρχων	N-NSM	LXX_WH
1Krón 15:7	G2532	και	CONJ	LXX_WH
1Krón 15:7	G3588	οι	T-NPM	LXX_WH
1Krón 15:7	G0080	αδελφοι	N-NPM	LXX_WH
1Krón 15:7	G0846	αυτου	D-GSM	LXX_WH
1Krón 15:7	G1540	εκατον	N-NUI	LXX_WH
1Krón 15:7	G4004	πεντηκοντα	N-NUI	LXX_WH
1Krón 15:8	G3588	των	T-GPM	LXX_WH
1Krón 15:8	G5207	υιων	N-GPM	LXX_WH
1Krón 15:8		ελισαφαν	N-PRI	ELTERO_SZOVEGALAP
1Krón 15:8		σαμαιας	N-NSM	ELTERO_SZOVEGALAP
1Krón 15:8	G3588	ο	T-NSM	LXX_WH
1Krón 15:8	G0758	αρχων	N-NSM	LXX_WH
1Krón 15:8	G2532	και	CONJ	LXX_WH
1Krón 15:8	G3588	οι	T-NPM	LXX_WH
1Krón 15:8	G0080	αδελφοι	N-NPM	LXX_WH
1Krón 15:8	G0846	αυτου	D-GSM	LXX_WH
1Krón 15:8	G1250	διακοσιοι	A-NPM	LXX_WH
1Krón 15:9	G3588	των	T-GPM	LXX_WH
1Krón 15:9	G5207	υιων	N-GPM	LXX_WH
1Krón 15:9		χεβρων	N-PRI	ELTERO_SZOVEGALAP
1Krón 15:9		ελιηλ	N-PRI	ELTERO_SZOVEGALAP
1Krón 15:9	G3588	ο	T-NSM	LXX_WH
1Krón 15:9	G0758	αρχων	N-NSM	LXX_WH
1Krón 15:9	G2532	και	CONJ	LXX_WH
1Krón 15:9	G3588	οι	T-NPM	LXX_WH
1Krón 15:9	G0080	αδελφοι	N-NPM	LXX_WH
1Krón 15:9	G0846	αυτου	D-GSM	LXX_WH
1Krón 15:9	G3589	ογδοηκοντα	N-NUI	LXX_WH
1Krón 15:10	G3588	των	T-GPM	LXX_WH
1Krón 15:10	G5207	υιων	N-GPM	LXX_WH
1Krón 15:10		οζιηλ	N-PRI	ELTERO_SZOVEGALAP
1Krón 15:10	G0284	αμιναδαβ	N-PRI	LXX_WH
1Krón 15:10	G3588	ο	T-NSM	LXX_WH
1Krón 15:10	G0758	αρχων	N-NSM	LXX_WH
1Krón 15:10	G2532	και	CONJ	LXX_WH
1Krón 15:10	G3588	οι	T-NPM	LXX_WH
1Krón 15:10	G0080	αδελφοι	N-NPM	LXX_WH
1Krón 15:10	G0846	αυτου	D-GSM	LXX_WH
1Krón 15:10	G1540	εκατον	N-NUI	LXX_WH
1Krón 15:10	G1176	δεκα	N-NUI	LXX_WH
1Krón 15:10	G1417	δυο	N-NUI	LXX_WH
1Krón 15:11	G2532	και	CONJ	LXX_WH
1Krón 15:11	G2564	εκαλεσεν	V-AAI-3S	LXX_WH
1Krón 15:11	G2564	δαυιδ	N-PRI	ABP-potolt
1Krón 15:11	G3588	τον	T-ASM	LXX_WH
1Krón 15:11	G4524	σαδωκ	N-PRI	LXX_WH
1Krón 15:11	G2532	και	CONJ	LXX_WH
1Krón 15:11	G0008	αβιαθαρ	N-PRI	LXX_WH
1Krón 15:11	G3588	τους	T-APM	LXX_WH
1Krón 15:11	G2409	ιερεις	N-NPM	LXX_WH
1Krón 15:11	G2532	και	CONJ	LXX_WH
1Krón 15:11	G3588	τους	T-APM	LXX_WH
1Krón 15:11	G3019	λευιτας	N-APM	LXX_WH
1Krón 15:11	G3588	τον	T-ASM	LXX_WH
1Krón 15:11		ουριηλ	N-PRI	ELTERO_SZOVEGALAP
1Krón 15:11		ασαια	N-PRI	ELTERO_SZOVEGALAP
1Krón 15:11	G2493	ιωηλ	N-PRI	LXX_WH
1Krón 15:11		σαμαιαν	N-ASM	ELTERO_SZOVEGALAP
1Krón 15:11		ελιηλ	N-PRI	ELTERO_SZOVEGALAP
1Krón 15:11	G0284	αμιναδαβ	N-PRI	LXX_WH
1Krón 15:12	G2532	και	CONJ	LXX_WH
1Krón 15:12		ειπεν	V-AAI-3S	ELTERO_SZOVEGALAP
1Krón 15:12	G0846	αυτοις	D-DPM	LXX_WH
1Krón 15:12	G4771	υμεις	P-NP	LXX_WH
1Krón 15:12	G0758	αρχοντες	N-NPM	LXX_WH
1Krón 15:12	G3965	πατριων	N-GPF	LXX_WH
1Krón 15:12	G3588	των	T-GPM	LXX_WH
1Krón 15:12	G3019	λευιτων	N-GPM	LXX_WH
1Krón 15:12	G0048	αγνισθητε	V-APS-2P	LXX_WH
1Krón 15:12	G4771	υμεις	P-NP	LXX_WH
1Krón 15:12	G2532	και	CONJ	LXX_WH
1Krón 15:12	G3588	οι	T-NPM	LXX_WH
1Krón 15:12	G0080	αδελφοι	N-NPM	LXX_WH
1Krón 15:12	G4771	υμων	P-GP	LXX_WH
1Krón 15:12	G2532	και	CONJ	LXX_WH
1Krón 15:12	G0399	ανοισετε	V-FAI-2P	LXX_WH
1Krón 15:12	G3588	την	T-ASF	LXX_WH
1Krón 15:12	G2787	κιβωτον	N-ASF	LXX_WH
1Krón 15:12	G3588	του	T-GSM	LXX_WH
1Krón 15:12	G2316	θεου	N-GSM	LXX_WH
1Krón 15:12	G2474	ισραηλ	N-PRI	LXX_WH
1Krón 15:12	G3739	ου	R-GSM	LXX_WH
1Krón 15:12	G2090	ητοιμασα	V-AAI-1S	LXX_WH
1Krón 15:12	G0846	αυτη	D-DSF	LXX_WH
1Krón 15:13	G3754	οτι	CONJ	LXX_WH
1Krón 15:13	G3364	ουκ	ADV	LXX_WH
1Krón 15:13	G1722	εν	PREP	LXX_WH
1Krón 15:13	G3588	τω	T-DSM	LXX_WH
1Krón 15:13	G4386	προτερον	ADV	LXX_WH
1Krón 15:13	G4771	υμας	P-AP	LXX_WH
1Krón 15:13	G1510	ειναι	V-PAN	LXX_WH
1Krón 15:13		διεκοψεν	V-AAI-3S	ELTERO_SZOVEGALAP
1Krón 15:13	G3588	ο	T-NSM	LXX_WH
1Krón 15:13	G2316	θεος	N-NSM	LXX_WH
1Krón 15:13	G1473	ημων	P-GP	LXX_WH
1Krón 15:13	G1722	εν	PREP	LXX_WH
1Krón 15:13	G1473	ημιν	P-DP	LXX_WH
1Krón 15:13	G3754	οτι	CONJ	LXX_WH
1Krón 15:13	G3364	ουκ	ADV	LXX_WH
1Krón 15:13	G2212	εζητησαμεν	V-AAI-1P	LXX_WH
1Krón 15:13	G1722	εν	PREP	LXX_WH
1Krón 15:13	G2917	κριματι	N-DSN	LXX_WH
1Krón 15:14	G2532	και	CONJ	LXX_WH
1Krón 15:14	G0048	ηγνισθησαν	V-API-3P	LXX_WH
1Krón 15:14	G3588	οι	T-NPM	LXX_WH
1Krón 15:14	G2409	ιερεις	N-NPM	LXX_WH
1Krón 15:14	G2532	και	CONJ	LXX_WH
1Krón 15:14	G3588	οι	T-NPM	LXX_WH
1Krón 15:14	G3019	λευιται	N-NPM	LXX_WH
1Krón 15:14	G3588	του	T-GSN	LXX_WH
1Krón 15:14	G0399	ανενεγκαι	V-AAN	LXX_WH
1Krón 15:14	G3588	την	T-ASF	LXX_WH
1Krón 15:14	G2787	κιβωτον	N-ASF	LXX_WH
1Krón 15:14	G2316	θεου	N-GSM	LXX_WH
1Krón 15:14	G2474	ισραηλ	N-PRI	LXX_WH
1Krón 15:15	G2532	και	CONJ	LXX_WH
1Krón 15:15	G2983	ελαβον	V-AAI-3P	LXX_WH
1Krón 15:15	G3588	οι	T-NPM	LXX_WH
1Krón 15:15	G5207	υιοι	N-NPM	LXX_WH
1Krón 15:15	G3588	των	T-GPM	LXX_WH
1Krón 15:15	G3019	λευιτων	N-GPM	LXX_WH
1Krón 15:15	G3588	την	T-ASF	LXX_WH
1Krón 15:15	G2787	κιβωτον	N-ASF	LXX_WH
1Krón 15:15	G3588	του	T-GSM	LXX_WH
1Krón 15:15	G2316	θεου	N-GSM	LXX_WH
1Krón 15:15	G3739	ως	CONJ	LXX_WH
1Krón 15:15	G1781	ενετειλατο	V-AMI-3S	LXX_WH
1Krón 15:15	G1781	μωυσης	N-NSM	ABP-potolt
1Krón 15:15	G1722	εν	PREP	LXX_WH
1Krón 15:15	G3056	λογω	N-DSM	LXX_WH
1Krón 15:15	G2316	θεου	N-GSM	LXX_WH
1Krón 15:15	G2596	κατα	PREP	LXX_WH
1Krón 15:15	G3588	την	T-ASF	LXX_WH
1Krón 15:15	G1124	γραφην	N-ASF	LXX_WH
1Krón 15:15	G1722	εν	PREP	LXX_WH
1Krón 15:15		αναφορευσιν	N-DPM	ELTERO_SZOVEGALAP
1Krón 15:15	G1909	επ	PREP	LXX_WH
1Krón 15:15	G0846	αυτους	D-APM	LXX_WH
1Krón 15:16	G2532	και	CONJ	LXX_WH
1Krón 15:16	G2950	ειπεν	V-AAI-3S	ABP-potolt
1Krón 15:16	G2950	δαυιδ	N-PRI	ABP-potolt
1Krón 15:16	G3588	τοις	T-DPM	LXX_WH
1Krón 15:16	G0758	αρχουσιν	N-DPM	LXX_WH
1Krón 15:16	G3588	των	T-GPM	LXX_WH
1Krón 15:16	G3019	λευιτων	N-GPM	LXX_WH
1Krón 15:16	G2476	στησατε	V-AAD-2P	LXX_WH
1Krón 15:16	G3588	τους	T-APM	LXX_WH
1Krón 15:16	G0080	αδελφους	N-APM	LXX_WH
1Krón 15:16	G0846	αυτων	D-GPM	LXX_WH
1Krón 15:16	G3588	τους	T-APM	LXX_WH
1Krón 15:16	G5568	ψαλτωδους	A-APM	ABP-potolt
1Krón 15:16	G1722	εν	PREP	LXX_WH
1Krón 15:16		οργανοις	N-DPN	ELTERO_SZOVEGALAP
1Krón 15:16	G3592	ωδων	N-GPF	LXX_WH
1Krón 15:16		ναβλαις	N-DPF	ELTERO_SZOVEGALAP
1Krón 15:16	G2532	και	CONJ	LXX_WH
1Krón 15:16		κινυραις	N-DPF	ELTERO_SZOVEGALAP
1Krón 15:16	G2532	και	CONJ	LXX_WH
1Krón 15:16	G2950	κυμβαλοις	N-DPN	LXX_WH
1Krón 15:16	G3588	του	T-GSN	LXX_WH
1Krón 15:16	G5455	φωνησαι	V-AAN	LXX_WH
1Krón 15:16	G1519	εις	PREP	LXX_WH
1Krón 15:16	G5311	υψος	N-ASN	LXX_WH
1Krón 15:16	G1722	εν	PREP	LXX_WH
1Krón 15:16	G5456	φωνη	N-DSF	LXX_WH
1Krón 15:16	G2167	ευφροσυνης	N-GSF	LXX_WH
1Krón 15:17	G2532	και	CONJ	LXX_WH
1Krón 15:17	G2476	εστησαν	V-AAI-3P	LXX_WH
1Krón 15:17	G3588	οι	T-NPM	LXX_WH
1Krón 15:17	G3019	λευιται	N-NPM	LXX_WH
1Krón 15:17	G3588	τον	T-ASM	LXX_WH
1Krón 15:17	G0080	αιμαν	N-PRI	ABP-potolt
1Krón 15:17	G5207	υιον	N-ASM	LXX_WH
1Krón 15:17	G2493	ιωηλ	N-PRI	LXX_WH
1Krón 15:17	G1537	εκ	PREP	LXX_WH
1Krón 15:17	G3588	των	T-GPM	LXX_WH
1Krón 15:17	G0080	αδελφων	N-GPM	LXX_WH
1Krón 15:17	G0846	αυτου	D-GSM	LXX_WH
1Krón 15:17		ασαφ	N-PRI	ELTERO_SZOVEGALAP
1Krón 15:17	G5207	υιος	N-NSM	LXX_WH
1Krón 15:17		βαραχια	N-PRI	ELTERO_SZOVEGALAP
1Krón 15:17	G2532	και	CONJ	LXX_WH
1Krón 15:17	G1537	εκ	PREP	LXX_WH
1Krón 15:17	G3588	των	T-GPM	LXX_WH
1Krón 15:17	G5207	υιων	N-GPM	LXX_WH
1Krón 15:17		μεραρι	N-PRI	ELTERO_SZOVEGALAP
1Krón 15:17	G0080	αδελφων	N-GPM	LXX_WH
1Krón 15:17	G0846	αυτου	D-GSM	LXX_WH
1Krón 15:17		αιθαν	N-PRI	ELTERO_SZOVEGALAP
1Krón 15:17	G5207	υιος	N-NSM	LXX_WH
1Krón 15:17		κισαιου	N-GSM	ELTERO_SZOVEGALAP
1Krón 15:18	G2532	και	CONJ	LXX_WH
1Krón 15:18	G3326	μετ	PREP	LXX_WH
1Krón 15:18	G0846	αυτων	D-GPM	LXX_WH
1Krón 15:18	G0080	αδελφοι	N-NPM	LXX_WH
1Krón 15:18	G0846	αυτων	D-GPM	LXX_WH
1Krón 15:18	G3588	οι	T-NPM	LXX_WH
1Krón 15:18	G1208	δευτεροι	A-NPM	LXX_WH
1Krón 15:18	G2197	ζαχαριας	N-NSM	LXX_WH
1Krón 15:18	G2532	και	CONJ	LXX_WH
1Krón 15:18	G2532	οζιηλ	N-PRI	ABP-potolt
1Krón 15:18	G2532	και	CONJ	LXX_WH
1Krón 15:18	G2532	σεμιραμωθ	N-PRI	ABP-potolt
1Krón 15:18	G2532	και	CONJ	LXX_WH
1Krón 15:18	G2532	ιιηλ	N-PRI	ABP-potolt
1Krón 15:18	G2532	και	CONJ	LXX_WH
1Krón 15:18	G2532	ωνι	N-PRI	ABP-potolt
1Krón 15:18	G2532	και	CONJ	LXX_WH
1Krón 15:18	G2532	ελιαβ	N-PRI	ABP-potolt
1Krón 15:18	G2532	και	CONJ	LXX_WH
1Krón 15:18	G2532	βαναια	N-PRI	ABP-potolt
1Krón 15:18	G2532	και	CONJ	LXX_WH
1Krón 15:18	G2532	μαασαια	N-PRI	ABP-potolt
1Krón 15:18	G2532	και	CONJ	LXX_WH
1Krón 15:18	G2532	ματταθια	N-PRI	ABP-potolt
1Krón 15:18	G2532	και	CONJ	LXX_WH
1Krón 15:18	G2532	ελιφαλια	N-PRI	ABP-potolt
1Krón 15:18	G2532	και	CONJ	LXX_WH
1Krón 15:18	G2532	μακενια	N-PRI	ABP-potolt
1Krón 15:18	G2532	και	CONJ	LXX_WH
1Krón 15:18	G2532	αβδεδομ	N-PRI	ABP-potolt
1Krón 15:18	G2532	και	CONJ	LXX_WH
1Krón 15:18	G2532	ιιηλ	N-PRI	ABP-potolt
1Krón 15:18	G2532	και	CONJ	LXX_WH
1Krón 15:18	G3604	οζιας	N-NSM	LXX_WH
1Krón 15:18	G3588	οι	T-NPM	LXX_WH
1Krón 15:18	G4440	πυλωροι	N-NPM	ABP-potolt
1Krón 15:19	G2532	και	CONJ	LXX_WH
1Krón 15:19	G3588	οι	T-NPM	LXX_WH
1Krón 15:19	G5605	ψαλτωδοι	N-NPM	ABP-potolt
1Krón 15:19	G5605	αιμαν	N-PRI	ABP-potolt
1Krón 15:19	G5605	ασαφ	N-PRI	ABP-potolt
1Krón 15:19	G2532	και	CONJ	LXX_WH
1Krón 15:19		αιθαν	N-PRI	ELTERO_SZOVEGALAP
1Krón 15:19	G1722	εν	PREP	LXX_WH
1Krón 15:19	G2950	κυμβαλοις	N-DPN	LXX_WH
1Krón 15:19	G5470	χαλκοις	A-DPM	ABP-potolt
1Krón 15:19	G3588	του	T-GSN	LXX_WH
1Krón 15:19	G0191	ακουσθηναι	V-APN	LXX_WH
1Krón 15:19	G4160	ποιησαι	V-AAN	LXX_WH
1Krón 15:20	G2197	ζαχαριας	N-NSM	LXX_WH
1Krón 15:20	G2532	και	CONJ	LXX_WH
1Krón 15:20	G2532	οζιηλ	N-PRI	ABP-potolt
1Krón 15:20	G2532	σεμιραμωθ	N-PRI	ABP-potolt
1Krón 15:20	G2532	ιιηλ	N-PRI	ABP-potolt
1Krón 15:20	G2532	ωνι	N-PRI	ABP-potolt
1Krón 15:20	G2532	ελιαβ	N-PRI	ABP-potolt
1Krón 15:20	G2532	μασαιας	N-NSM	ABP-potolt
1Krón 15:20	G2532	βαναιας	N-NSM	ABP-potolt
1Krón 15:20	G1722	εν	PREP	LXX_WH
1Krón 15:20	G3476	ναβλαις	N-DPF	ABP-potolt
1Krón 15:20	G1909	επι	PREP	LXX_WH
1Krón 15:20		αλαιμωθ	N-PRI	ELTERO_SZOVEGALAP
1Krón 15:21	G2532	και	CONJ	LXX_WH
1Krón 15:21	G3161	ματταθιας	N-NSM	LXX_WH
1Krón 15:21	G2532	και	CONJ	LXX_WH
1Krón 15:21	G2532	ελιφαλιας	N-NSM	ABP-potolt
1Krón 15:21	G2532	και	CONJ	LXX_WH
1Krón 15:21	G2532	μακενιας	N-NSM	ABP-potolt
1Krón 15:21	G2532	και	CONJ	LXX_WH
1Krón 15:21	G2532	αβδεδομ	N-PRI	ABP-potolt
1Krón 15:21	G2532	και	CONJ	LXX_WH
1Krón 15:21	G2532	ιιηλ	N-PRI	ABP-potolt
1Krón 15:21	G2532	και	CONJ	LXX_WH
1Krón 15:21	G3604	οζιας	N-NSM	LXX_WH
1Krón 15:21	G1722	εν	PREP	LXX_WH
1Krón 15:21		κινυραις	N-DPF	ELTERO_SZOVEGALAP
1Krón 15:21		αμασενιθ	N-PRI	ELTERO_SZOVEGALAP
1Krón 15:21	G3588	του	T-GSN	LXX_WH
1Krón 15:21	G1765	ενισχυσαι	V-AAN	LXX_WH
1Krón 15:22	G2532	και	CONJ	LXX_WH
1Krón 15:22		χωνενια	N-PRI	ELTERO_SZOVEGALAP
1Krón 15:22	G0758	αρχων	N-NSM	LXX_WH
1Krón 15:22	G3588	των	T-GPM	LXX_WH
1Krón 15:22	G3019	λευιτων	N-GPM	LXX_WH
1Krón 15:22	G0758	αρχων	N-NSM	LXX_WH
1Krón 15:22	G3588	των	T-GPM	LXX_WH
1Krón 15:22	G3592	ωδων	N-GPF	LXX_WH
1Krón 15:22	G3754	οτι	CONJ	LXX_WH
1Krón 15:22	G4908	συνετος	A-NSM	LXX_WH
1Krón 15:22	G1510	ην	V-IAI-3S	LXX_WH
1Krón 15:23	G2532	και	CONJ	LXX_WH
1Krón 15:23		βαραχια	N-PRI	
1Krón 15:23	G2532	και	CONJ	LXX_WH
1Krón 15:23	G4440	ηλκανα	N-PRI	ABP-potolt
1Krón 15:23	G4440	πυλωροι	N-NPM	ABP-potolt
1Krón 15:23	G3588	της	T-GSF	LXX_WH
1Krón 15:23	G2787	κιβωτου	N-GSF	LXX_WH
1Krón 15:24	G2532	και	CONJ	LXX_WH
1Krón 15:24	G2532	σοβνια	N-PRI	ABP-potolt
1Krón 15:24	G2532	και	CONJ	LXX_WH
1Krón 15:24	G2498	ιωσαφατ	N-PRI	LXX_WH
1Krón 15:24	G2532	και	CONJ	LXX_WH
1Krón 15:24	G3482	ναθαναηλ	N-PRI	LXX_WH
1Krón 15:24	G2532	και	CONJ	LXX_WH
1Krón 15:24	G2532	αμασαι	N-PRI	ABP-potolt
1Krón 15:24	G2532	και	CONJ	LXX_WH
1Krón 15:24	G2532	ζαχαρια	N-PRI	ABP-potolt
1Krón 15:24	G2532	και	CONJ	LXX_WH
1Krón 15:24	G2532	βαναι	N-PRI	ABP-potolt
1Krón 15:24	G2532	και	CONJ	LXX_WH
1Krón 15:24	G1663	ελιεζερ	N-PRI	LXX_WH
1Krón 15:24	G3588	οι	T-NPM	LXX_WH
1Krón 15:24	G2409	ιερεις	N-NPM	LXX_WH
1Krón 15:24	G4537	σαλπιζοντες	V-PAPNP	LXX_WH
1Krón 15:24	G3588	ταις	T-DPF	LXX_WH
1Krón 15:24	G4536	σαλπιγξιν	N-DPF	LXX_WH
1Krón 15:24	G1715	εμπροσθεν	PREP	LXX_WH
1Krón 15:24	G3588	της	T-GSF	LXX_WH
1Krón 15:24	G2787	κιβωτου	N-GSF	LXX_WH
1Krón 15:24	G3588	του	T-GSM	LXX_WH
1Krón 15:24	G2316	θεου	N-GSM	LXX_WH
1Krón 15:24	G2532	και	CONJ	LXX_WH
1Krón 15:24	G2532	αβδεδομ	N-PRI	ABP-potolt
1Krón 15:24	G2532	και	CONJ	LXX_WH
1Krón 15:24		ιια	N-PRI	
1Krón 15:24		πυλωροι	N-NPM	
1Krón 15:24	G3588	της	T-GSF	LXX_WH
1Krón 15:24	G2787	κιβωτου	N-GSF	LXX_WH
1Krón 15:24	G3588	του	T-GSM	LXX_WH
1Krón 15:24	G2316	θεου	N-GSM	LXX_WH
1Krón 15:25	G2532	και	CONJ	LXX_WH
1Krón 15:25	G1510	ην	V-IAI-3S	LXX_WH
1Krón 15:25	G1510	δαυιδ	N-PRI	ABP-potolt
1Krón 15:25	G2532	και	CONJ	LXX_WH
1Krón 15:25	G3588	οι	T-NPM	LXX_WH
1Krón 15:25	G4245	πρεσβυτεροι	N-NPM	LXX_WH
1Krón 15:25	G2474	ισραηλ	N-PRI	LXX_WH
1Krón 15:25	G2532	και	CONJ	LXX_WH
1Krón 15:25	G3588	οι	T-NPM	LXX_WH
1Krón 15:25	G5506	χιλιαρχοι	N-NPM	LXX_WH
1Krón 15:25	G3588	οι	T-NPM	LXX_WH
1Krón 15:25	G4198	πορευομενοι	V-PMPNP	LXX_WH
1Krón 15:25	G3588	του	T-GSN	LXX_WH
1Krón 15:25	G0321	αναγαγειν	V-AAN	LXX_WH
1Krón 15:25	G3588	την	T-ASF	LXX_WH
1Krón 15:25	G2787	κιβωτον	N-ASF	LXX_WH
1Krón 15:25	G3588	της	T-GSF	LXX_WH
1Krón 15:25	G1242	διαθηκης	N-GSF	LXX_WH
1Krón 15:25	G2962	κυριου	N-GSM	LXX_WH
1Krón 15:25	G1537	εξ	PREP	LXX_WH
1Krón 15:25	G3624	οικου	N-GSM	LXX_WH
1Krón 15:25		αβδεδομ	N-PRI	ELTERO_SZOVEGALAP
1Krón 15:25	G1722	εν	PREP	LXX_WH
1Krón 15:25	G2167	ευφροσυνη	N-DSF	LXX_WH
1Krón 15:26	G2532	και	CONJ	LXX_WH
1Krón 15:26	G1096	εγενετο	V-AMI-3S	LXX_WH
1Krón 15:26	G1722	εν	PREP	LXX_WH
1Krón 15:26	G3588	τω	T-DSN	LXX_WH
1Krón 15:26	G2729	κατισχυσαι	V-AAN	LXX_WH
1Krón 15:26	G3588	τον	T-ASM	LXX_WH
1Krón 15:26	G2316	θεον	N-ASM	LXX_WH
1Krón 15:26	G3588	τους	T-APM	LXX_WH
1Krón 15:26	G3019	λευιτας	N-APM	LXX_WH
1Krón 15:26	G0142	αιροντας	V-PAPAP	LXX_WH
1Krón 15:26	G3588	την	T-ASF	LXX_WH
1Krón 15:26	G2787	κιβωτον	N-ASF	LXX_WH
1Krón 15:26	G3588	της	T-GSF	LXX_WH
1Krón 15:26	G1242	διαθηκης	N-GSF	LXX_WH
1Krón 15:26	G2962	κυριου	N-GSM	LXX_WH
1Krón 15:26	G2532	και	CONJ	LXX_WH
1Krón 15:26	G2380	εθυσαν	V-AAI-3P	LXX_WH
1Krón 15:26	G2033	επτα	N-NUI	LXX_WH
1Krón 15:26	G3448	μοσχους	N-APM	LXX_WH
1Krón 15:26	G2532	και	CONJ	LXX_WH
1Krón 15:26	G2033	επτα	N-NUI	LXX_WH
1Krón 15:26	G2919	κριους	N-APM	ABP-potolt
1Krón 15:27	G2532	και	CONJ	LXX_WH
1Krón 15:27		δαυιδ	N-PRI	ELTERO_SZOVEGALAP
1Krón 15:27	G4024	περιεζωσμενος	V-YMPNS	LXX_WH
1Krón 15:27	G1722	εν	PREP	LXX_WH
1Krón 15:27	G4749	στολη	N-DSF	LXX_WH
1Krón 15:27	G1039	βυσσινη	A-DSF	LXX_WH
1Krón 15:27	G2532	και	CONJ	LXX_WH
1Krón 15:27	G3956	παντες	A-NPM	LXX_WH
1Krón 15:27	G3588	οι	T-NPM	LXX_WH
1Krón 15:27	G3019	λευιται	N-NPM	LXX_WH
1Krón 15:27	G0142	αιροντες	V-PAPNP	LXX_WH
1Krón 15:27	G3588	την	T-ASF	LXX_WH
1Krón 15:27	G2787	κιβωτον	N-ASF	LXX_WH
1Krón 15:27	G1242	διαθηκης	N-GSF	LXX_WH
1Krón 15:27	G2962	κυριου	N-GSM	LXX_WH
1Krón 15:27	G2532	και	CONJ	LXX_WH
1Krón 15:27	G3588	οι	T-NPM	LXX_WH
1Krón 15:27		ψαλτωδοι	N-NPM	
1Krón 15:27	G2532	και	CONJ	LXX_WH
1Krón 15:27	G3956	χωνενιας	N-NSM	ABP-potolt
1Krón 15:27	G3588	ο	T-NSM	LXX_WH
1Krón 15:27	G0758	αρχων	N-NSM	LXX_WH
1Krón 15:27	G3588	των	T-GPM	LXX_WH
1Krón 15:27	G3592	ωδων	N-GPF	LXX_WH
1Krón 15:27	G3588	των	T-GPM	LXX_WH
1Krón 15:27	G0103	αδοντων	V-PAPGP	LXX_WH
1Krón 15:27	G2532	και	CONJ	LXX_WH
1Krón 15:27	G1909	επι	PREP	LXX_WH
1Krón 15:27		δαυιδ	N-PRI	ELTERO_SZOVEGALAP
1Krón 15:27	G4749	στολη	N-NSF	LXX_WH
1Krón 15:27	G1039	βυσσινη	A-NSF	LXX_WH
1Krón 15:28	G2532	και	CONJ	LXX_WH
1Krón 15:28	G3956	πας	A-NSM	LXX_WH
1Krón 15:28	G2474	ισραηλ	N-PRI	LXX_WH
1Krón 15:28	G0321	αναγοντες	V-PAPNP	LXX_WH
1Krón 15:28	G3588	την	T-ASF	LXX_WH
1Krón 15:28	G2787	κιβωτον	N-ASF	LXX_WH
1Krón 15:28	G1242	διαθηκης	N-GSF	LXX_WH
1Krón 15:28	G2962	κυριου	N-GSM	LXX_WH
1Krón 15:28	G1722	εν	PREP	LXX_WH
1Krón 15:28		σημασια	N-DSF	
1Krón 15:28	G2532	και	CONJ	LXX_WH
1Krón 15:28	G1722	εν	PREP	LXX_WH
1Krón 15:28	G5456	φωνη	N-DSF	LXX_WH
1Krón 15:28	G4992	σωφερ	N-PRI	ABP-potolt
1Krón 15:28	G2532	και	CONJ	LXX_WH
1Krón 15:28	G1722	εν	PREP	LXX_WH
1Krón 15:28	G4536	σαλπιγξιν	N-DPF	LXX_WH
1Krón 15:28	G2532	και	CONJ	LXX_WH
1Krón 15:28	G1722	εν	PREP	LXX_WH
1Krón 15:28	G2950	κυμβαλοις	N-DPN	LXX_WH
1Krón 15:28	G0400	αναφωνουντες	V-PAPNP	LXX_WH
1Krón 15:28		ναβλαις	N-DPF	ELTERO_SZOVEGALAP
1Krón 15:28	G2532	και	CONJ	LXX_WH
1Krón 15:28	G1722	εν	PREP	LXX_WH
1Krón 15:28	G2796	κινυραις	N-DPF	ABP-potolt
1Krón 15:29	G2532	και	CONJ	LXX_WH
1Krón 15:29	G1096	εγενετο	V-AMI-3S	LXX_WH
1Krón 15:29	G2787	κιβωτος	N-NSF	LXX_WH
1Krón 15:29	G1242	διαθηκης	N-GSF	LXX_WH
1Krón 15:29	G2962	κυριου	N-GSM	LXX_WH
1Krón 15:29	G2532	και	CONJ	LXX_WH
1Krón 15:29	G2064	ηλθεν	V-AAI-3S	LXX_WH
1Krón 15:29	G2193	εως	PREP	LXX_WH
1Krón 15:29	G4172	πολεως	N-GSF	LXX_WH
1Krón 15:29		δαυιδ	N-PRI	ELTERO_SZOVEGALAP
1Krón 15:29	G2532	και	CONJ	LXX_WH
1Krón 15:29	G3588	μελχολ	N-PRI	ABP-potolt
1Krón 15:29	G2364	θυγατηρ	N-NSF	LXX_WH
1Krón 15:29	G4549	σαουλ	N-PRI	LXX_WH
1Krón 15:29	G3879	παρεκυψεν	V-AAI-3S	LXX_WH
1Krón 15:29	G1223	δια	PREP	LXX_WH
1Krón 15:29	G3588	της	T-GSF	LXX_WH
1Krón 15:29	G2376	θυριδος	N-GSF	LXX_WH
1Krón 15:29	G2532	και	CONJ	LXX_WH
1Krón 15:29	G3708	ειδεν	V-AAI-3S	LXX_WH
1Krón 15:29	G3588	τον	T-ASM	LXX_WH
1Krón 15:29	G0935	βασιλεα	N-ASM	LXX_WH
1Krón 15:29		δαυιδ	N-PRI	ELTERO_SZOVEGALAP
1Krón 15:29	G3738	ορχουμενον	V-PAPAS	LXX_WH
1Krón 15:29	G2532	και	CONJ	LXX_WH
1Krón 15:29	G3815	παιζοντα	V-PAPAS	LXX_WH
1Krón 15:29	G2532	και	CONJ	LXX_WH
1Krón 15:29	G1847	εξουδενωσεν	V-AAI-3S	LXX_WH
1Krón 15:29	G0846	αυτον	D-ASM	LXX_WH
1Krón 15:29	G1722	εν	PREP	LXX_WH
1Krón 15:29	G3588	τη	T-DSF	LXX_WH
1Krón 15:29	G5590	ψυχη	N-DSF	LXX_WH
1Krón 15:29	G0846	αυτης	D-GSF	LXX_WH
1Krón 16:1	G2532	και	CONJ	LXX_WH
1Krón 16:1	G1533	εισηνεγκαν	V-AAI-3P	LXX_WH
1Krón 16:1	G3588	την	T-ASF	LXX_WH
1Krón 16:1	G2787	κιβωτον	N-ASF	LXX_WH
1Krón 16:1	G3588	του	T-GSM	LXX_WH
1Krón 16:1	G2316	θεου	N-GSM	LXX_WH
1Krón 16:1	G2532	και	CONJ	LXX_WH
1Krón 16:1		απηρεισαντο	V-AMI-3P	ELTERO_SZOVEGALAP
1Krón 16:1	G0846	αυτην	D-ASF	LXX_WH
1Krón 16:1	G1722	εν	PREP	LXX_WH
1Krón 16:1	G3319	μεσω	A-DSM	LXX_WH
1Krón 16:1	G3588	της	T-GSF	LXX_WH
1Krón 16:1	G4633	σκηνης	N-GSF	LXX_WH
1Krón 16:1	G3739	ης	R-GSF	LXX_WH
1Krón 16:1	G4078	επηξεν	V-AAI-3S	LXX_WH
1Krón 16:1	G0846	αυτη	D-DSF	LXX_WH
1Krón 16:1		δαυιδ	N-PRI	ELTERO_SZOVEGALAP
1Krón 16:1	G2532	και	CONJ	LXX_WH
1Krón 16:1	G4374	προσηνεγκαν	V-AAI-3P	LXX_WH
1Krón 16:1	G3646	ολοκαυτωματα	N-APN	LXX_WH
1Krón 16:1	G2532	και	CONJ	LXX_WH
1Krón 16:1	G4992	σωτηριου	N-GSN	LXX_WH
1Krón 16:1	G1726	εναντιον	PREP	LXX_WH
1Krón 16:1	G3588	του	T-GSM	LXX_WH
1Krón 16:1	G2316	θεου	N-GSM	LXX_WH
1Krón 16:2	G2532	και	CONJ	LXX_WH
1Krón 16:2	G4931	συνετελεσεν	V-AAI-3S	LXX_WH
1Krón 16:2	G4931	δαυιδ	N-PRI	ABP-potolt
1Krón 16:2	G0399	αναφερων	V-PAPNS	LXX_WH
1Krón 16:2	G3646	ολοκαυτωματα	N-APN	LXX_WH
1Krón 16:2	G2532	και	CONJ	LXX_WH
1Krón 16:2	G4992	σωτηριου	N-GSN	LXX_WH
1Krón 16:2	G2532	και	CONJ	LXX_WH
1Krón 16:2	G2127	ευλογησεν	V-AAI-3S	LXX_WH
1Krón 16:2	G3588	τον	T-ASM	LXX_WH
1Krón 16:2	G2992	λαον	N-ASM	LXX_WH
1Krón 16:2	G1722	εν	PREP	LXX_WH
1Krón 16:2	G3686	ονοματι	N-DSN	LXX_WH
1Krón 16:2	G2962	κυριου	N-GSM	LXX_WH
1Krón 16:3	G2532	και	CONJ	LXX_WH
1Krón 16:3	G1266	διεμερισεν	V-AAI-3S	LXX_WH
1Krón 16:3	G3956	παντι	A-DSM	LXX_WH
1Krón 16:3	G0435	ανδρι	N-DSM	LXX_WH
1Krón 16:3	G2474	ισραηλ	N-PRI	LXX_WH
1Krón 16:3	G0575	απο	PREP	LXX_WH
1Krón 16:3	G0435	ανδρος	N-GSM	LXX_WH
1Krón 16:3	G2532	και	CONJ	LXX_WH
1Krón 16:3	G2193	εως	PREP	LXX_WH
1Krón 16:3	G1135	γυναικος	N-GSF	LXX_WH
1Krón 16:3	G3588	τω	T-DSM	LXX_WH
1Krón 16:3	G0435	ανδρι	N-DSM	LXX_WH
1Krón 16:3	G0740	αρτον	N-ASM	LXX_WH
1Krón 16:3	G1519	ενα	A-ASM	LXX_WH
1Krón 16:3		αρτοκοπικον	A-ASM	ELTERO_SZOVEGALAP
1Krón 16:3	G2532	και	CONJ	LXX_WH
1Krón 16:3	G0287	αμοριτην	N-ASF	ABP-potolt
1Krón 16:4	G2532	και	CONJ	LXX_WH
1Krón 16:4	G5021	εταξεν	V-AAI-3S	LXX_WH
1Krón 16:4	G2596	κατα	PREP	LXX_WH
1Krón 16:4	G4383	προσωπον	N-ASN	LXX_WH
1Krón 16:4	G3588	της	T-GSF	LXX_WH
1Krón 16:4	G2787	κιβωτου	N-GSF	LXX_WH
1Krón 16:4	G1242	διαθηκης	N-GSF	LXX_WH
1Krón 16:4	G2962	κυριου	N-GSM	LXX_WH
1Krón 16:4	G1537	εκ	PREP	LXX_WH
1Krón 16:4	G3588	των	T-GPM	LXX_WH
1Krón 16:4	G3019	λευιτων	N-GPM	LXX_WH
1Krón 16:4	G3008	λειτουργουντας	V-PAPAP	LXX_WH
1Krón 16:4	G0400	αναφωνουντας	V-PAPAP	LXX_WH
1Krón 16:4	G2532	και	CONJ	LXX_WH
1Krón 16:4	G1843	εξομολογεισθαι	V-PMN	LXX_WH
1Krón 16:4	G2532	και	CONJ	LXX_WH
1Krón 16:4	G0134	αινειν	V-PAN	LXX_WH
1Krón 16:4	G2962	κυριον	N-ASM	LXX_WH
1Krón 16:4	G3588	τον	T-ASM	LXX_WH
1Krón 16:4	G2316	θεον	N-ASM	LXX_WH
1Krón 16:4	G2474	ισραηλ	N-PRI	LXX_WH
1Krón 16:5		ασαφ	N-PRI	ELTERO_SZOVEGALAP
1Krón 16:5	G3588	ο	T-NSM	LXX_WH
1Krón 16:5	G2233	ηγουμενος	V-PMPNS	LXX_WH
1Krón 16:5	G2532	και	CONJ	LXX_WH
1Krón 16:5		δευτερευων	V-PAPNS	ELTERO_SZOVEGALAP
1Krón 16:5	G0846	αυτω	D-DSM	LXX_WH
1Krón 16:5	G2197	ζαχαριας	N-NSM	LXX_WH
1Krón 16:5		ιιηλ	N-PRI	ELTERO_SZOVEGALAP
1Krón 16:5		σεμιραμωθ	N-PRI	ELTERO_SZOVEGALAP
1Krón 16:5		ιιηλ	N-PRI	ELTERO_SZOVEGALAP
1Krón 16:5	G3161	ματταθιας	N-NSM	LXX_WH
1Krón 16:5		ελιαβ	N-PRI	ELTERO_SZOVEGALAP
1Krón 16:5	G2532	και	CONJ	LXX_WH
1Krón 16:5		βαναιας	N-NSM	
1Krón 16:5	G2532	και	CONJ	LXX_WH
1Krón 16:5		αβδεδομ	N-PRI	
1Krón 16:5	G2532	και	CONJ	LXX_WH
1Krón 16:5	G2532	ιιηλ	N-PRI	ABP-potolt
1Krón 16:5	G1722	εν	PREP	LXX_WH
1Krón 16:5	G3476	οργανοις	N-DPN	ABP-potolt
1Krón 16:5	G3476	ναβλαις	N-DPF	ABP-potolt
1Krón 16:5	G2532	και	CONJ	LXX_WH
1Krón 16:5		κινυραις	N-DPF	
1Krón 16:5	G2532	και	CONJ	LXX_WH
1Krón 16:5	G2532	ασαφ	N-PRI	ABP-potolt
1Krón 16:5	G1722	εν	PREP	LXX_WH
1Krón 16:5	G2950	κυμβαλοις	N-DPN	LXX_WH
1Krón 16:5	G0400	αναφωνων	V-PAPNS	LXX_WH
1Krón 16:6	G2532	και	CONJ	LXX_WH
1Krón 16:6		βαναιας	N-NSM	ELTERO_SZOVEGALAP
1Krón 16:6	G2532	και	CONJ	LXX_WH
1Krón 16:6	G2532	οζιηλ	N-PRI	ABP-potolt
1Krón 16:6	G3588	οι	T-NPM	LXX_WH
1Krón 16:6	G2409	ιερεις	N-NPM	LXX_WH
1Krón 16:6	G1722	εν	PREP	LXX_WH
1Krón 16:6	G3588	ταις	T-DPF	LXX_WH
1Krón 16:6	G4536	σαλπιγξιν	N-DPF	LXX_WH
1Krón 16:6	G1223	δια	PREP	LXX_WH
1Krón 16:6	G3956	παντος	A-GSM	LXX_WH
1Krón 16:6	G1726	εναντιον	PREP	LXX_WH
1Krón 16:6	G3588	της	T-GSF	LXX_WH
1Krón 16:6	G2787	κιβωτου	N-GSF	LXX_WH
1Krón 16:6	G3588	της	T-GSF	LXX_WH
1Krón 16:6	G1242	διαθηκης	N-GSF	LXX_WH
1Krón 16:6	G3588	του	T-GSM	LXX_WH
1Krón 16:6	G2316	θεου	N-GSM	LXX_WH
1Krón 16:7	G1722	εν	PREP	LXX_WH
1Krón 16:7	G3588	τη	T-DSF	LXX_WH
1Krón 16:7	G2250	ημερα	N-DSF	LXX_WH
1Krón 16:7	G1565	εκεινη	D-DSF	LXX_WH
1Krón 16:7	G5119	τοτε	ADV	LXX_WH
1Krón 16:7	G5021	εταξεν	V-AAI-3S	LXX_WH
1Krón 16:7	G5021	δαυιδ	N-PRI	ABP-potolt
1Krón 16:7	G1722	εν	PREP	LXX_WH
1Krón 16:7	G0746	αρχη	N-DSF	LXX_WH
1Krón 16:7	G3588	του	T-GSN	LXX_WH
1Krón 16:7	G0134	αινειν	V-PAN	LXX_WH
1Krón 16:7	G3588	τον	T-ASM	LXX_WH
1Krón 16:7	G2962	κυριον	N-ASM	LXX_WH
1Krón 16:7	G1722	εν	PREP	LXX_WH
1Krón 16:7	G5495	χειρι	N-DSF	LXX_WH
1Krón 16:7		ασαφ	N-PRI	ELTERO_SZOVEGALAP
1Krón 16:7	G2532	και	CONJ	LXX_WH
1Krón 16:7	G3588	των	T-GPM	LXX_WH
1Krón 16:7	G0080	αδελφων	N-GPM	LXX_WH
1Krón 16:7	G0846	αυτου	D-GSM	LXX_WH
1Krón 16:8	G1843	εξομολογεισθε	V-PMI-2P	LXX_WH
1Krón 16:8	G3588	τω	T-DSM	LXX_WH
1Krón 16:8	G2962	κυριω	N-DSM	LXX_WH
1Krón 16:8		επικαλεισθε	V-PMI-2P	ELTERO_SZOVEGALAP
1Krón 16:8	G0846	αυτον	D-ASM	LXX_WH
1Krón 16:8	G1722	εν	PREP	LXX_WH
1Krón 16:8	G3686	ονοματι	N-DSN	LXX_WH
1Krón 16:8	G0846	αυτου	D-GSM	LXX_WH
1Krón 16:8	G1107	γνωρισατε	V-AAD-2P	LXX_WH
1Krón 16:8	G1722	εν	PREP	LXX_WH
1Krón 16:8	G2992	λαοις	N-DPM	LXX_WH
1Krón 16:8	G3588	τα	T-APN	LXX_WH
1Krón 16:8		επιτηδευματα	N-APN	ELTERO_SZOVEGALAP
1Krón 16:8	G0846	αυτου	D-GSM	LXX_WH
1Krón 16:9	G0103	ασατε	V-AAD-2P	LXX_WH
1Krón 16:9	G0846	αυτω	D-DSM	LXX_WH
1Krón 16:9	G2532	και	CONJ	LXX_WH
1Krón 16:9	G5214	υμνησατε	V-AAD-2P	LXX_WH
1Krón 16:9	G0846	αυτω	D-DSM	LXX_WH
1Krón 16:9	G1334	διηγησασθε	V-AMI-2P	LXX_WH
1Krón 16:9	G3956	πασιν	A-DPM	LXX_WH
1Krón 16:9	G3588	τα	T-APN	LXX_WH
1Krón 16:9	G2297	θαυμασια	A-APN	LXX_WH
1Krón 16:9	G0846	αυτου	D-GSM	LXX_WH
1Krón 16:9	G3739	α	R-APN	LXX_WH
1Krón 16:9	G4160	εποιησεν	V-AAI-3S	LXX_WH
1Krón 16:9	G2962	κυριος	N-NSM	LXX_WH
1Krón 16:10	G0134	αινειτε	V-PAI-2P	LXX_WH
1Krón 16:10	G1722	εν	PREP	LXX_WH
1Krón 16:10	G3686	ονοματι	N-DSN	LXX_WH
1Krón 16:10	G0040	αγιω	A-DSM	LXX_WH
1Krón 16:10	G0846	αυτου	D-GSM	LXX_WH
1Krón 16:10	G2165	ευφρανθησεται	V-FPI-3S	LXX_WH
1Krón 16:10	G2588	καρδια	N-NSF	LXX_WH
1Krón 16:10	G2212	ζητουσα	V-PAPNS	LXX_WH
1Krón 16:10	G3588	την	T-ASF	LXX_WH
1Krón 16:10	G2107	ευδοκιαν	N-ASF	LXX_WH
1Krón 16:10	G0846	αυτου	D-GSM	LXX_WH
1Krón 16:11	G2212	ζητησατε	V-AAD-2P	LXX_WH
1Krón 16:11	G3588	τον	T-ASM	LXX_WH
1Krón 16:11	G2962	κυριον	N-ASM	LXX_WH
1Krón 16:11	G2532	και	CONJ	LXX_WH
1Krón 16:11	G2480	ισχυσατε	V-AAD-2P	LXX_WH
1Krón 16:11	G2212	ζητησατε	V-AAD-2P	LXX_WH
1Krón 16:11	G3588	το	T-ASN	LXX_WH
1Krón 16:11	G4383	προσωπον	N-ASN	LXX_WH
1Krón 16:11	G0846	αυτου	D-GSM	LXX_WH
1Krón 16:11	G1223	δια	PREP	LXX_WH
1Krón 16:11	G3956	παντος	A-GSM	LXX_WH
1Krón 16:12	G3421	μνημονευετε	V-PAD-2P	LXX_WH
1Krón 16:12	G3588	τα	T-APN	LXX_WH
1Krón 16:12	G2297	θαυμασια	A-APN	LXX_WH
1Krón 16:12	G0846	αυτου	D-GSM	LXX_WH
1Krón 16:12	G3739	α	R-APN	LXX_WH
1Krón 16:12	G4160	εποιησεν	V-AAI-3S	LXX_WH
1Krón 16:12	G5059	τερατα	N-ASN	LXX_WH
1Krón 16:12	G2532	και	CONJ	LXX_WH
1Krón 16:12	G2917	κριματα	N-APN	LXX_WH
1Krón 16:12	G3588	του	T-GSN	LXX_WH
1Krón 16:12	G4750	στοματος	N-GSN	LXX_WH
1Krón 16:12	G0846	αυτου	D-GSM	LXX_WH
1Krón 16:13	G4690	σπερμα	N-NSN	LXX_WH
1Krón 16:13	G2474	ισραηλ	N-PRI	LXX_WH
1Krón 16:13	G3816	παιδες	N-NPM	LXX_WH
1Krón 16:13	G0846	αυτου	D-GSM	LXX_WH
1Krón 16:13	G5207	υιοι	N-NPM	LXX_WH
1Krón 16:13	G2384	ιακωβ	N-PRI	LXX_WH
1Krón 16:13	G1588	εκλεκτοι	A-NPM	LXX_WH
1Krón 16:13	G0846	αυτου	D-GSM	LXX_WH
1Krón 16:14	G0846	αυτος	D-NSM	LXX_WH
1Krón 16:14	G2962	κυριος	N-NSM	LXX_WH
1Krón 16:14	G3588	ο	T-NSM	LXX_WH
1Krón 16:14	G2316	θεος	N-NSM	LXX_WH
1Krón 16:14	G1473	ημων	P-GP	LXX_WH
1Krón 16:14	G1722	εν	PREP	LXX_WH
1Krón 16:14	G3956	παση	A-DSF	LXX_WH
1Krón 16:14	G3588	τη	T-DSF	LXX_WH
1Krón 16:14	G1065	γη	N-DSF	LXX_WH
1Krón 16:14	G3588	τα	T-APN	LXX_WH
1Krón 16:14	G2917	κριματα	N-APN	LXX_WH
1Krón 16:14	G0846	αυτου	D-GSM	LXX_WH
1Krón 16:15	G3421	μνημονευων	V-PAPNS	LXX_WH
1Krón 16:15	G1519	εις	PREP	LXX_WH
1Krón 16:15	G0165	αιωνα	N-ASM	LXX_WH
1Krón 16:15	G1242	διαθηκης	N-GSF	LXX_WH
1Krón 16:15	G0846	αυτου	D-GSM	LXX_WH
1Krón 16:15	G3056	λογον	N-ASM	LXX_WH
1Krón 16:15	G0846	αυτου	D-GSM	LXX_WH
1Krón 16:15	G3739	ον	R-ASM	LXX_WH
1Krón 16:15	G1781	ενετειλατο	V-AMI-3S	LXX_WH
1Krón 16:15	G1519	εις	PREP	LXX_WH
1Krón 16:15	G5507	χιλιας	A-APF	LXX_WH
1Krón 16:15	G1074	γενεας	N-APF	LXX_WH
1Krón 16:16	G3739	ον	R-ASM	LXX_WH
1Krón 16:16	G1303	διεθετο	V-AMI-3S	ABP-potolt
1Krón 16:16	G3588	τω	T-DSM	LXX_WH
1Krón 16:16	G0011	αβρααμ	N-PRI	LXX_WH
1Krón 16:16	G2532	και	CONJ	LXX_WH
1Krón 16:16	G3588	τον	T-ASM	LXX_WH
1Krón 16:16	G3727	ορκον	N-ASM	LXX_WH
1Krón 16:16	G0846	αυτου	D-GSM	LXX_WH
1Krón 16:16	G3588	τω	T-DSM	LXX_WH
1Krón 16:16	G2464	ισαακ	N-PRI	LXX_WH
1Krón 16:17	G2476	εστησεν	V-AAI-3S	LXX_WH
1Krón 16:17	G0846	αυτον	D-ASM	LXX_WH
1Krón 16:17	G3588	τω	T-DSM	LXX_WH
1Krón 16:17	G2384	ιακωβ	N-PRI	LXX_WH
1Krón 16:17	G1519	εις	PREP	LXX_WH
1Krón 16:17		προσταγμα	N-ASN	ELTERO_SZOVEGALAP
1Krón 16:17	G3588	τω	T-DSM	LXX_WH
1Krón 16:17	G2474	ισραηλ	N-PRI	LXX_WH
1Krón 16:17	G1242	διαθηκην	N-ASF	LXX_WH
1Krón 16:17	G0166	αιωνιον	A-ASM	LXX_WH
1Krón 16:18	G3004	λεγων	V-PAPNS	LXX_WH
1Krón 16:18	G4771	σοι	P-DPM	LXX_WH
1Krón 16:18	G1325	δωσω	V-FAI-1S	LXX_WH
1Krón 16:18	G3588	την	T-ASF	LXX_WH
1Krón 16:18	G1065	γην	N-ASF	LXX_WH
1Krón 16:18	G5477	χανααν	N-PRI	LXX_WH
1Krón 16:18		σχοινισμα	N-ASN	ELTERO_SZOVEGALAP
1Krón 16:18	G2817	κληρονομιας	N-GSF	LXX_WH
1Krón 16:18	G4771	υμων	P-GP	LXX_WH
1Krón 16:19	G1722	εν	PREP	LXX_WH
1Krón 16:19	G3588	τω	T-DSN	LXX_WH
1Krón 16:19	G1096	γενεσθαι	V-AMN	LXX_WH
1Krón 16:19	G0846	αυτους	D-APM	LXX_WH
1Krón 16:19		ολιγοστους	A-APM	ELTERO_SZOVEGALAP
1Krón 16:19	G0706	αριθμω	N-DSM	LXX_WH
1Krón 16:19	G3739	ως	CONJ	LXX_WH
1Krón 16:19		εσμικρυνθησαν	V-API-3P	ELTERO_SZOVEGALAP
1Krón 16:19	G2532	και	CONJ	LXX_WH
1Krón 16:19	G3941	παρωκησαν	V-AAI-3P	ABP-potolt
1Krón 16:19	G1722	εν	PREP	LXX_WH
1Krón 16:19	G0846	αυτη	D-DSF	LXX_WH
1Krón 16:20	G2532	και	CONJ	LXX_WH
1Krón 16:20	G4198	επορευθησαν	V-API-3P	LXX_WH
1Krón 16:20	G0575	απο	PREP	LXX_WH
1Krón 16:20	G1484	εθνους	N-GSN	LXX_WH
1Krón 16:20	G1519	εις	PREP	LXX_WH
1Krón 16:20	G1484	εθνος	N-ASN	LXX_WH
1Krón 16:20	G2532	και	CONJ	LXX_WH
1Krón 16:20	G0575	απο	PREP	LXX_WH
1Krón 16:20	G0932	βασιλειας	N-GSF	LXX_WH
1Krón 16:20	G1519	εις	PREP	LXX_WH
1Krón 16:20	G2992	λαον	N-ASM	LXX_WH
1Krón 16:20	G2087	ετερον	A-ASM	LXX_WH
1Krón 16:21	G3364	ουκ	ADV	LXX_WH
1Krón 16:21		αφηκεν	V-AAI-3S	ELTERO_SZOVEGALAP
1Krón 16:21	G0435	ανδρα	N-ASM	LXX_WH
1Krón 16:21	G3588	του	T-GSN	LXX_WH
1Krón 16:21		δυναστευσαι	V-AAN	ELTERO_SZOVEGALAP
1Krón 16:21	G0846	αυτους	D-APM	LXX_WH
1Krón 16:21	G2532	και	CONJ	LXX_WH
1Krón 16:21	G1651	ηλεγξεν	V-AAI-3S	LXX_WH
1Krón 16:21	G4012	περι	PREP	LXX_WH
1Krón 16:21	G0846	αυτων	D-GPM	LXX_WH
1Krón 16:21	G0935	βασιλεις	N-APM	LXX_WH
1Krón 16:22	G3165	μη	ADV	LXX_WH
1Krón 16:22	G0680	αψησθε	V-AMS-2P	LXX_WH
1Krón 16:22	G3588	των	T-GPM	LXX_WH
1Krón 16:22	G5547	χριστων	A-GPM	LXX_WH
1Krón 16:22	G1473	μου	P-GS	LXX_WH
1Krón 16:22	G2532	και	CONJ	LXX_WH
1Krón 16:22	G1722	εν	PREP	LXX_WH
1Krón 16:22	G3588	τοις	T-DPM	LXX_WH
1Krón 16:22	G4396	προφηταις	N-DPM	LXX_WH
1Krón 16:22	G1473	μου	P-GS	LXX_WH
1Krón 16:22	G3165	μη	ADV	LXX_WH
1Krón 16:22		πονηρευεσθε	V-PMI-2P	ELTERO_SZOVEGALAP
1Krón 16:23	G0103	ασατε	V-AAD-2P	LXX_WH
1Krón 16:23	G3588	τω	T-DSM	LXX_WH
1Krón 16:23	G2962	κυριω	N-DSM	LXX_WH
1Krón 16:23	G3956	πασα	A-NSF	LXX_WH
1Krón 16:23	G3588	η	T-NSF	LXX_WH
1Krón 16:23	G1065	γη	N-NSF	LXX_WH
1Krón 16:23	G0312	αναγγειλατε	V-AAD-2P	LXX_WH
1Krón 16:23	G1537	εξ	PREP	LXX_WH
1Krón 16:23	G2250	ημερας	N-GSF	LXX_WH
1Krón 16:23	G1519	εις	PREP	LXX_WH
1Krón 16:23	G2250	ημεραν	N-ASF	LXX_WH
1Krón 16:23	G4991	σωτηριαν	N-ASF	LXX_WH
1Krón 16:23	G0846	αυτου	D-GSM	LXX_WH
1Krón 16:25	G3754	οτι	CONJ	LXX_WH
1Krón 16:25	G3173	μεγας	A-NSM	LXX_WH
1Krón 16:25	G2962	κυριος	N-NSM	LXX_WH
1Krón 16:25	G2532	και	CONJ	LXX_WH
1Krón 16:25	G0133	αινετος	A-NSM	ABP-potolt
1Krón 16:25	G4970	σφοδρα	ADV	LXX_WH
1Krón 16:25	G5398	φοβερος	A-NSM	LXX_WH
1Krón 16:25	G1510	εστιν	V-PAI-3S	LXX_WH
1Krón 16:25	G1909	επι	PREP	LXX_WH
1Krón 16:25	G3956	παντας	A-APM	LXX_WH
1Krón 16:25	G3588	τους	T-APM	LXX_WH
1Krón 16:25	G2316	θεους	N-APM	LXX_WH
1Krón 16:26	G3754	οτι	CONJ	LXX_WH
1Krón 16:26	G3956	παντες	A-NPM	LXX_WH
1Krón 16:26	G3588	οι	T-NPM	LXX_WH
1Krón 16:26	G2316	θεοι	N-NPM	LXX_WH
1Krón 16:26	G3588	των	T-GPN	LXX_WH
1Krón 16:26	G1484	εθνων	N-GPN	LXX_WH
1Krón 16:26	G1497	ειδωλα	N-APN	LXX_WH
1Krón 16:26	G2532	και	CONJ	LXX_WH
1Krón 16:26	G3588	ο	T-NSM	LXX_WH
1Krón 16:26	G2316	θεος	N-NSM	LXX_WH
1Krón 16:26	G1473	ημων	P-GP	LXX_WH
1Krón 16:26	G3772	ουρανον	N-ASM	LXX_WH
1Krón 16:26	G4160	εποιησεν	V-AAI-3S	LXX_WH
1Krón 16:27	G1391	δοξα	N-NSF	LXX_WH
1Krón 16:27	G2532	και	CONJ	LXX_WH
1Krón 16:27	G1868	επαινος	N-NSM	LXX_WH
1Krón 16:27	G2596	κατα	PREP	LXX_WH
1Krón 16:27	G4383	προσωπον	N-ASN	LXX_WH
1Krón 16:27	G0846	αυτου	D-GSM	LXX_WH
1Krón 16:27	G2479	ισχυς	N-NSF	LXX_WH
1Krón 16:27	G2532	και	CONJ	LXX_WH
1Krón 16:27	G2745	καυχημα	N-NSN	LXX_WH
1Krón 16:27	G1722	εν	PREP	LXX_WH
1Krón 16:27	G5117	τοπω	N-DSM	LXX_WH
1Krón 16:27	G0846	αυτου	D-GSM	LXX_WH
1Krón 16:28	G1325	δοτε	V-AAD-2P	LXX_WH
1Krón 16:28	G3588	τω	T-DSM	LXX_WH
1Krón 16:28	G2962	κυριω	N-DSM	LXX_WH
1Krón 16:28	G3965	πατριαι	N-NPF	LXX_WH
1Krón 16:28	G3588	των	T-GPN	LXX_WH
1Krón 16:28	G1484	εθνων	N-GPN	LXX_WH
1Krón 16:28	G1325	δοτε	V-AAD-2P	LXX_WH
1Krón 16:28	G3588	τω	T-DSM	LXX_WH
1Krón 16:28	G2962	κυριω	N-DSM	LXX_WH
1Krón 16:28	G1391	δοξαν	N-ASF	LXX_WH
1Krón 16:28	G2532	και	CONJ	LXX_WH
1Krón 16:28	G2479	ισχυν	N-ASF	LXX_WH
1Krón 16:29	G1325	δοτε	V-AAD-2P	LXX_WH
1Krón 16:29	G3588	τω	T-DSM	LXX_WH
1Krón 16:29	G2962	κυριω	N-DSM	LXX_WH
1Krón 16:29	G1391	δοξαν	N-ASF	LXX_WH
1Krón 16:29	G3686	ονοματος	N-GSN	LXX_WH
1Krón 16:29	G0846	αυτου	D-GSM	LXX_WH
1Krón 16:29	G2983	λαβετε	V-AAD-2P	LXX_WH
1Krón 16:29	G1435	δωρα	N-APN	LXX_WH
1Krón 16:29	G2532	και	CONJ	LXX_WH
1Krón 16:29	G5342	ενεγκατε	V-AAD-2P	LXX_WH
1Krón 16:29	G2596	κατα	PREP	LXX_WH
1Krón 16:29	G4383	προσωπον	N-ASN	LXX_WH
1Krón 16:29	G0846	αυτου	D-GSM	LXX_WH
1Krón 16:29	G2532	και	CONJ	LXX_WH
1Krón 16:29	G4352	προσκυνησατε	V-AAD-2P	LXX_WH
1Krón 16:29	G3588	τω	T-DSM	LXX_WH
1Krón 16:29	G2962	κυριω	N-DSM	LXX_WH
1Krón 16:29	G1722	εν	PREP	LXX_WH
1Krón 16:29	G0833	αυλαις	N-DPF	LXX_WH
1Krón 16:29	G0040	αγιαις	A-DPF	LXX_WH
1Krón 16:29	G0846	αυτου	D-GSM	LXX_WH
1Krón 16:30	G5399	φοβηθητω	V-APD-3S	LXX_WH
1Krón 16:30	G0575	απο	PREP	LXX_WH
1Krón 16:30	G4383	προσωπου	N-GSN	LXX_WH
1Krón 16:30	G0846	αυτου	D-GSM	LXX_WH
1Krón 16:30	G3956	πασα	A-NSF	LXX_WH
1Krón 16:30	G3588	η	T-NSF	LXX_WH
1Krón 16:30	G1065	γη	N-NSF	LXX_WH
1Krón 16:30		κατορθωθητω	V-APD-3S	ELTERO_SZOVEGALAP
1Krón 16:30	G3588	η	T-NSF	LXX_WH
1Krón 16:30	G1065	γη	N-NSF	LXX_WH
1Krón 16:30	G2532	και	CONJ	LXX_WH
1Krón 16:30	G3165	μη	ADV	LXX_WH
1Krón 16:30	G4531	σαλευθητω	V-APD-3S	LXX_WH
1Krón 16:31	G2165	ευφρανθητω	V-APD-3S	LXX_WH
1Krón 16:31	G3588	ο	T-NSM	LXX_WH
1Krón 16:31	G3772	ουρανος	N-NSM	LXX_WH
1Krón 16:31	G2532	και	CONJ	LXX_WH
1Krón 16:31	G0021	αγαλλιασθω	V-PMD-3S	ABP-potolt
1Krón 16:31	G3588	η	T-NSF	LXX_WH
1Krón 16:31	G1065	γη	N-NSF	LXX_WH
1Krón 16:31	G2532	και	CONJ	LXX_WH
1Krón 16:31	G2036	ειπατωσαν	V-AAD-3P	ABP-potolt
1Krón 16:31	G1722	εν	PREP	LXX_WH
1Krón 16:31	G3588	τοις	T-DPN	LXX_WH
1Krón 16:31	G1484	εθνεσιν	N-DPN	LXX_WH
1Krón 16:31	G2962	κυριος	N-NSM	LXX_WH
1Krón 16:31	G0936	βασιλευων	V-PAPNS	LXX_WH
1Krón 16:32	G1002	βομβησει	V-FAI-3S	ABP-potolt
1Krón 16:32	G3588	η	T-NSF	LXX_WH
1Krón 16:32	G2281	θαλασσα	N-NSF	LXX_WH
1Krón 16:32	G4862	συν	PREP	LXX_WH
1Krón 16:32	G3588	τω	T-DSN	LXX_WH
1Krón 16:32	G4138	πληρωματι	N-DSN	LXX_WH
1Krón 16:32	G2532	και	CONJ	LXX_WH
1Krón 16:32	G3586	ξυλον	N-NSN	LXX_WH
1Krón 16:32	G0068	αγρου	N-GSM	LXX_WH
1Krón 16:32	G2532	και	CONJ	LXX_WH
1Krón 16:32	G3956	παντα	A-NPN	LXX_WH
1Krón 16:32	G3588	τα	T-NPN	LXX_WH
1Krón 16:32	G1722	εν	PREP	LXX_WH
1Krón 16:32	G0846	αυτω	D-DSM	LXX_WH
1Krón 16:33	G5119	τοτε	ADV	LXX_WH
1Krón 16:33	G2165	ευφρανθησεται	V-FPI-3S	LXX_WH
1Krón 16:33	G3588	τα	T-NPN	LXX_WH
1Krón 16:33	G3586	ξυλα	N-NPN	LXX_WH
1Krón 16:33	G3588	του	T-GSM	LXX_WH
1Krón 16:33	G1409	δρυμου	N-GSM	ABP-potolt
1Krón 16:33	G0575	απο	PREP	LXX_WH
1Krón 16:33	G4383	προσωπου	N-GSN	LXX_WH
1Krón 16:33	G2962	κυριου	N-GSM	LXX_WH
1Krón 16:33	G3754	οτι	CONJ	LXX_WH
1Krón 16:33	G2064	ηλθεν	V-AAI-3S	LXX_WH
1Krón 16:33	G2919	κριναι	V-AAN	LXX_WH
1Krón 16:33	G3588	την	T-ASF	LXX_WH
1Krón 16:33	G1065	γην	N-ASF	LXX_WH
1Krón 16:34	G1843	εξομολογεισθε	V-PMI-2P	LXX_WH
1Krón 16:34	G3588	τω	T-DSM	LXX_WH
1Krón 16:34	G2962	κυριω	N-DSM	LXX_WH
1Krón 16:34	G3754	οτι	CONJ	LXX_WH
1Krón 16:34	G0018	αγαθον	A-ASM	LXX_WH
1Krón 16:34	G3754	οτι	CONJ	LXX_WH
1Krón 16:34	G1519	εις	PREP	LXX_WH
1Krón 16:34	G3588	τον	T-ASM	LXX_WH
1Krón 16:34	G0165	αιωνα	N-ASM	LXX_WH
1Krón 16:34	G3588	το	T-NSN	LXX_WH
1Krón 16:34	G1656	ελεος	N-NSM	LXX_WH
1Krón 16:34	G0846	αυτου	D-GSM	LXX_WH
1Krón 16:35	G2532	και	CONJ	LXX_WH
1Krón 16:35	G2036	ειπατε	V-AAD-2P	ABP-potolt
1Krón 16:35	G4982	σωσον	V-AAD-2S	LXX_WH
1Krón 16:35	G1473	ημας	P-AP	LXX_WH
1Krón 16:35	G3588	ο	T-NSM	LXX_WH
1Krón 16:35	G2316	θεος	N-NSM	LXX_WH
1Krón 16:35	G3588	της	T-GSF	LXX_WH
1Krón 16:35	G4991	σωτηριας	N-GSF	LXX_WH
1Krón 16:35	G1473	ημων	P-GP	LXX_WH
1Krón 16:35	G2532	και	CONJ	LXX_WH
1Krón 16:35	G1807	εξελου	V-AMD-2S	LXX_WH
1Krón 16:35	G1473	ημας	P-AP	LXX_WH
1Krón 16:35	G1537	εκ	PREP	LXX_WH
1Krón 16:35	G3588	των	T-GPN	LXX_WH
1Krón 16:35	G1484	εθνων	N-GPN	LXX_WH
1Krón 16:35	G3588	του	T-GSN	LXX_WH
1Krón 16:35	G0134	αινειν	V-PAN	LXX_WH
1Krón 16:35	G3588	το	T-ASN	LXX_WH
1Krón 16:35	G3686	ονομα	N-ASN	LXX_WH
1Krón 16:35	G3588	το	T-ASN	LXX_WH
1Krón 16:35	G0040	αγιον	A-ASN	LXX_WH
1Krón 16:35	G4771	σου	P-GS	LXX_WH
1Krón 16:35	G2532	και	CONJ	LXX_WH
1Krón 16:35	G2744	καυχασθαι	V-PMN	LXX_WH
1Krón 16:35	G1722	εν	PREP	LXX_WH
1Krón 16:35	G3588	ταις	T-DPF	LXX_WH
1Krón 16:35	G0133	αινεσεσιν	N-DPF	LXX_WH
1Krón 16:35	G4771	σου	P-GS	LXX_WH
1Krón 16:36	G2127	ευλογημενος	V-RMPNS	LXX_WH
1Krón 16:36	G2962	κυριος	N-NSM	LXX_WH
1Krón 16:36	G3588	ο	T-NSM	LXX_WH
1Krón 16:36	G2316	θεος	N-NSM	LXX_WH
1Krón 16:36	G2474	ισραηλ	N-PRI	LXX_WH
1Krón 16:36	G0575	απο	PREP	LXX_WH
1Krón 16:36	G3588	του	T-GSM	LXX_WH
1Krón 16:36	G0165	αιωνος	N-GSM	LXX_WH
1Krón 16:36	G2532	και	CONJ	LXX_WH
1Krón 16:36	G2193	εως	PREP	LXX_WH
1Krón 16:36	G3588	του	T-GSM	LXX_WH
1Krón 16:36	G0165	αιωνος	N-GSM	LXX_WH
1Krón 16:36	G2532	και	CONJ	LXX_WH
1Krón 16:36	G2046	ερει	V-FAI-3S	ABP-potolt
1Krón 16:36	G3956	πας	A-NSM	LXX_WH
1Krón 16:36	G3588	ο	T-NSM	LXX_WH
1Krón 16:36	G2992	λαος	N-NSM	LXX_WH
1Krón 16:36	G0281	αμην	INJ	LXX_WH
1Krón 16:36	G2532	και	CONJ	LXX_WH
1Krón 16:36	G0134	ηνεσαν	V-AAI-3P	LXX_WH
1Krón 16:36	G3588	τω	T-DSM	LXX_WH
1Krón 16:36	G2962	κυριω	N-DSM	LXX_WH
1Krón 16:37	G2532	και	CONJ	LXX_WH
1Krón 16:37	G2641	κατελιπον	V-AAI-3P	LXX_WH
1Krón 16:37	G1563	εκει	ADV	LXX_WH
1Krón 16:37	G1725	εναντι	PREP	LXX_WH
1Krón 16:37	G3588	της	T-GSF	LXX_WH
1Krón 16:37	G2787	κιβωτου	N-GSF	LXX_WH
1Krón 16:37	G1242	διαθηκης	N-GSF	LXX_WH
1Krón 16:37	G2962	κυριου	N-GSM	LXX_WH
1Krón 16:37	G3588	τον	T-ASM	LXX_WH
1Krón 16:37		ασαφ	N-PRI	ELTERO_SZOVEGALAP
1Krón 16:37	G2532	και	CONJ	LXX_WH
1Krón 16:37	G3588	τους	T-APM	LXX_WH
1Krón 16:37	G0080	αδελφους	N-APM	LXX_WH
1Krón 16:37	G0846	αυτου	D-GSM	LXX_WH
1Krón 16:37	G3588	του	T-GSM	LXX_WH
1Krón 16:37	G3008	λειτουργειν	V-PAN	LXX_WH
1Krón 16:37	G1726	εναντιον	PREP	LXX_WH
1Krón 16:37	G3588	της	T-GSF	LXX_WH
1Krón 16:37	G2787	κιβωτου	N-GSF	LXX_WH
1Krón 16:37	G1223	δια	PREP	LXX_WH
1Krón 16:37	G3956	παντος	A-GSM	LXX_WH
1Krón 16:37	G3588	το	T-ASN	LXX_WH
1Krón 16:37	G3588	της	T-GSF	LXX_WH
1Krón 16:37	G2250	ημερας	N-GSF	LXX_WH
1Krón 16:37	G1519	εις	PREP	LXX_WH
1Krón 16:37	G2250	ημεραν	N-ASF	LXX_WH
1Krón 16:38	G2532	και	CONJ	LXX_WH
1Krón 16:38		αβδεδομ	N-PRI	
1Krón 16:38	G2532	και	CONJ	LXX_WH
1Krón 16:38	G3588	οι	T-NPM	LXX_WH
1Krón 16:38	G0080	αδελφοι	N-NPM	LXX_WH
1Krón 16:38	G0846	αυτου	D-GSM	LXX_WH
1Krón 16:38	G1835	εξηκοντα	N-NUI	LXX_WH
1Krón 16:38	G2532	και	CONJ	LXX_WH
1Krón 16:38	G3638	οκτω	N-NUI	LXX_WH
1Krón 16:38	G2532	και	CONJ	LXX_WH
1Krón 16:38		αβδεδομ	N-PRI	ELTERO_SZOVEGALAP
1Krón 16:38	G5207	υιος	N-NSM	LXX_WH
1Krón 16:38		ιδιθων	N-PRI	ELTERO_SZOVEGALAP
1Krón 16:38	G2532	και	CONJ	LXX_WH
1Krón 16:38		οσσα	N-PRI	ELTERO_SZOVEGALAP
1Krón 16:38	G1519	εις	PREP	LXX_WH
1Krón 16:38	G4440	πυλωρους	N-APM	ABP-potolt
1Krón 16:39	G2532	και	CONJ	LXX_WH
1Krón 16:39	G3588	τον	T-ASM	LXX_WH
1Krón 16:39	G4524	σαδωκ	N-PRI	LXX_WH
1Krón 16:39	G3588	τον	T-ASM	LXX_WH
1Krón 16:39	G2409	ιερεα	N-ASM	LXX_WH
1Krón 16:39	G2532	και	CONJ	LXX_WH
1Krón 16:39	G3588	τους	T-APM	LXX_WH
1Krón 16:39	G0080	αδελφους	N-APM	LXX_WH
1Krón 16:39	G0846	αυτου	D-GSM	LXX_WH
1Krón 16:39	G3588	τους	T-APM	LXX_WH
1Krón 16:39	G2409	ιερεις	N-APM	LXX_WH
1Krón 16:39	G1726	εναντιον	PREP	LXX_WH
1Krón 16:39	G4633	σκηνης	N-GSF	LXX_WH
1Krón 16:39	G2962	κυριου	N-GSM	LXX_WH
1Krón 16:39	G1722	εν	PREP	LXX_WH
1Krón 16:39	G3588	βαμα	N-PRI	ABP-potolt
1Krón 16:39	G3588	τη	T-DSF	LXX_WH
1Krón 16:39	G1722	εν	PREP	LXX_WH
1Krón 16:39		γαβαων	N-PRI	ELTERO_SZOVEGALAP
1Krón 16:40	G3588	του	T-GSN	LXX_WH
1Krón 16:40	G0399	αναφερειν	V-PAN	LXX_WH
1Krón 16:40	G3646	ολοκαυτωματα	N-APN	LXX_WH
1Krón 16:40	G3588	τω	T-DSM	LXX_WH
1Krón 16:40	G2962	κυριω	N-DSM	LXX_WH
1Krón 16:40	G1909	επι	PREP	LXX_WH
1Krón 16:40	G3588	του	T-GSN	LXX_WH
1Krón 16:40	G2379	θυσιαστηριου	N-GSN	LXX_WH
1Krón 16:40	G3588	των	T-GPN	LXX_WH
1Krón 16:40	G3646	ολοκαυτωματων	N-GPN	LXX_WH
1Krón 16:40	G1223	δια	PREP	LXX_WH
1Krón 16:40	G3956	παντος	A-GSM	LXX_WH
1Krón 16:40	G3588	το	T-ASN	LXX_WH
1Krón 16:40	G4404	πρωι	ADV	LXX_WH
1Krón 16:40	G2532	και	CONJ	LXX_WH
1Krón 16:40	G3588	το	T-ASN	LXX_WH
1Krón 16:40	G2073	εσπερας	N-GSF	LXX_WH
1Krón 16:40	G2532	και	CONJ	LXX_WH
1Krón 16:40	G2596	κατα	PREP	LXX_WH
1Krón 16:40	G3956	παντα	A-APN	LXX_WH
1Krón 16:40	G3588	τα	T-APN	LXX_WH
1Krón 16:40	G1125	γεγραμμενα	V-RMPAP	LXX_WH
1Krón 16:40	G1722	εν	PREP	LXX_WH
1Krón 16:40	G3551	νομω	N-DSM	LXX_WH
1Krón 16:40	G2962	κυριου	N-GSM	LXX_WH
1Krón 16:40	G3745	οσα	A-APN	LXX_WH
1Krón 16:40	G1781	ενετειλατο	V-AMI-3S	LXX_WH
1Krón 16:40	G1909	εφ	PREP	LXX_WH
1Krón 16:40	G5207	υιοις	N-DPM	LXX_WH
1Krón 16:40	G2474	ισραηλ	N-PRI	LXX_WH
1Krón 16:40	G1722	εν	PREP	LXX_WH
1Krón 16:40	G5495	χειρι	N-DSF	LXX_WH
1Krón 16:40		μωυση	N-GSM	ELTERO_SZOVEGALAP
1Krón 16:40	G3588	του	T-GSM	LXX_WH
1Krón 16:40	G2324	θεραποντος	N-GSM	LXX_WH
1Krón 16:40	G3588	του	T-GSM	LXX_WH
1Krón 16:40	G2316	θεου	N-GSM	LXX_WH
1Krón 16:41	G2532	και	CONJ	LXX_WH
1Krón 16:41	G3326	μετ	PREP	LXX_WH
1Krón 16:41	G0846	αυτου	D-GSM	LXX_WH
1Krón 16:41		αιμαν	N-PRI	ELTERO_SZOVEGALAP
1Krón 16:41	G2532	και	CONJ	LXX_WH
1Krón 16:41		ιδιθων	N-PRI	ELTERO_SZOVEGALAP
1Krón 16:41	G2532	και	CONJ	LXX_WH
1Krón 16:41	G3588	οι	T-NPM	LXX_WH
1Krón 16:41	G1586	λοιποι	A-NPM	ABP-potolt
1Krón 16:41	G1586	εκλεγεντες	V-PAPNP	ABP-potolt
1Krón 16:41	G1909	επ	PREP	LXX_WH
1Krón 16:41	G3686	ονοματος	N-GSN	LXX_WH
1Krón 16:41	G3588	του	T-GSN	LXX_WH
1Krón 16:41	G0134	αινειν	V-PAN	LXX_WH
1Krón 16:41	G3588	τον	T-ASM	LXX_WH
1Krón 16:41	G2962	κυριον	N-ASM	LXX_WH
1Krón 16:41	G3754	οτι	CONJ	LXX_WH
1Krón 16:41	G1519	εις	PREP	LXX_WH
1Krón 16:41	G3588	τον	T-ASM	LXX_WH
1Krón 16:41	G0165	αιωνα	N-ASM	LXX_WH
1Krón 16:41	G3588	το	T-NSN	LXX_WH
1Krón 16:41	G1656	ελεος	N-NSN	LXX_WH
1Krón 16:41	G0846	αυτου	D-GSM	LXX_WH
1Krón 16:42	G2532	και	CONJ	LXX_WH
1Krón 16:42	G3326	μετ	PREP	LXX_WH
1Krón 16:42	G0846	αυτων	D-GPM	LXX_WH
1Krón 16:42	G4536	σαλπιγγες	N-NPF	LXX_WH
1Krón 16:42	G2532	και	CONJ	LXX_WH
1Krón 16:42	G2950	κυμβαλα	N-NPN	LXX_WH
1Krón 16:42	G3588	του	T-GSN	LXX_WH
1Krón 16:42	G0400	αναφωνειν	V-PAN	LXX_WH
1Krón 16:42	G2532	και	CONJ	LXX_WH
1Krón 16:42		οργανα	N-NPN	
1Krón 16:42	G3588	των	T-GPF	LXX_WH
1Krón 16:42	G3592	ωδων	N-GPF	LXX_WH
1Krón 16:42	G3588	του	T-GSM	LXX_WH
1Krón 16:42	G2316	θεου	N-GSM	LXX_WH
1Krón 16:42	G5207	υιοι	N-NPM	LXX_WH
1Krón 16:42		ιδιθων	N-PRI	ELTERO_SZOVEGALAP
1Krón 16:42	G1519	εις	PREP	LXX_WH
1Krón 16:42	G3588	την	T-ASF	LXX_WH
1Krón 16:42	G4439	πυλην	N-ASF	LXX_WH
1Krón 16:43	G2532	και	CONJ	LXX_WH
1Krón 16:43	G4198	επορευθη	V-API-3S	LXX_WH
1Krón 16:43	G0537	απας	A-NSM	LXX_WH
1Krón 16:43	G3588	ο	T-NSM	LXX_WH
1Krón 16:43	G2992	λαος	N-NSM	LXX_WH
1Krón 16:43	G1538	εκαστος	A-NSM	LXX_WH
1Krón 16:43	G1519	εις	PREP	LXX_WH
1Krón 16:43	G3588	τον	T-ASM	LXX_WH
1Krón 16:43	G3624	οικον	N-ASM	LXX_WH
1Krón 16:43	G0846	αυτου	D-GSM	LXX_WH
1Krón 16:43	G2532	και	CONJ	LXX_WH
1Krón 16:43	G1994	επεστρεψεν	V-AAI-3S	LXX_WH
1Krón 16:43		δαυιδ	N-PRI	ELTERO_SZOVEGALAP
1Krón 16:43	G3588	του	T-GSN	LXX_WH
1Krón 16:43	G2127	ευλογησαι	V-RMI-2S	LXX_WH
1Krón 16:43	G3588	τον	T-ASM	LXX_WH
1Krón 16:43	G3624	οικον	N-ASM	LXX_WH
1Krón 16:43	G0846	αυτου	D-GSM	LXX_WH
1Krón 17:1	G2532	και	CONJ	LXX_WH
1Krón 17:1	G1096	εγενετο	V-AMI-3S	LXX_WH
1Krón 17:1	G3739	ως	CONJ	LXX_WH
1Krón 17:1		κατωκησεν	V-AAI-3S	ELTERO_SZOVEGALAP
1Krón 17:1		δαυιδ	N-PRI	ELTERO_SZOVEGALAP
1Krón 17:1	G1722	εν	PREP	LXX_WH
1Krón 17:1	G3624	οικω	N-DSM	LXX_WH
1Krón 17:1	G0846	αυτου	D-GSM	LXX_WH
1Krón 17:1	G2532	και	CONJ	LXX_WH
1Krón 17:1		ειπεν	V-AAI-3S	ELTERO_SZOVEGALAP
1Krón 17:1		δαυιδ	N-PRI	ELTERO_SZOVEGALAP
1Krón 17:1	G4314	προς	PREP	LXX_WH
1Krón 17:1	G3481	ναθαν	N-PRI	LXX_WH
1Krón 17:1	G3588	τον	T-ASM	LXX_WH
1Krón 17:1	G4396	προφητην	N-ASM	LXX_WH
1Krón 17:1	G2400	ιδου	INJ	LXX_WH
1Krón 17:1	G1473	εγω	P-NS	LXX_WH
1Krón 17:1	G2730	κατοικω	V-PAI-1S	ABP-potolt
1Krón 17:1	G1722	εν	PREP	LXX_WH
1Krón 17:1	G3624	οικω	N-DSM	LXX_WH
1Krón 17:1	G2747	κεδρινω	A-DSM	ABP-potolt
1Krón 17:1	G2532	και	CONJ	LXX_WH
1Krón 17:1	G3588	η	T-NSF	LXX_WH
1Krón 17:1	G2787	κιβωτος	N-NSF	LXX_WH
1Krón 17:1	G1242	διαθηκης	N-GSF	LXX_WH
1Krón 17:1	G2962	κυριου	N-GSM	LXX_WH
1Krón 17:1	G5270	υποκατω	PREP	LXX_WH
1Krón 17:1	G1193	δερρεων	N-GPF	ABP-potolt
1Krón 17:2	G2532	και	CONJ	LXX_WH
1Krón 17:2		ειπεν	V-AAI-3S	ELTERO_SZOVEGALAP
1Krón 17:2	G3481	ναθαν	N-PRI	LXX_WH
1Krón 17:2	G4314	προς	PREP	LXX_WH
1Krón 17:2		δαυιδ	N-PRI	ELTERO_SZOVEGALAP
1Krón 17:2	G3956	παν	A-ASN	LXX_WH
1Krón 17:2	G3588	το	T-ASN	LXX_WH
1Krón 17:2	G1722	εν	PREP	LXX_WH
1Krón 17:2	G3588	τη	T-DSF	LXX_WH
1Krón 17:2	G5590	ψυχη	N-DSF	LXX_WH
1Krón 17:2	G4771	σου	P-GS	LXX_WH
1Krón 17:2	G4160	ποιει	V-PAD-2S	LXX_WH
1Krón 17:2	G3754	οτι	CONJ	LXX_WH
1Krón 17:2	G3588	ο	T-NSM	LXX_WH
1Krón 17:2	G2316	θεος	N-NSM	LXX_WH
1Krón 17:2	G3326	μετα	PREP	LXX_WH
1Krón 17:2	G4771	σου	P-GS	LXX_WH
1Krón 17:3	G2532	και	CONJ	LXX_WH
1Krón 17:3	G1096	εγενετο	V-AMI-3S	LXX_WH
1Krón 17:3	G1722	εν	PREP	LXX_WH
1Krón 17:3	G3588	τη	T-DSF	LXX_WH
1Krón 17:3	G3571	νυκτι	N-DSF	LXX_WH
1Krón 17:3	G1565	εκεινη	D-DSF	LXX_WH
1Krón 17:3	G2532	και	CONJ	LXX_WH
1Krón 17:3	G1096	εγενετο	V-AMI-3S	LXX_WH
1Krón 17:3	G3056	λογος	N-NSM	LXX_WH
1Krón 17:3	G2962	κυριου	N-GSM	LXX_WH
1Krón 17:3	G4314	προς	PREP	LXX_WH
1Krón 17:3	G3481	ναθαν	N-PRI	LXX_WH
1Krón 17:3	G3004	λεγων	V-PAPNS	LXX_WH
1Krón 17:4	G4198	πορευου	V-PAD-2S	LXX_WH
1Krón 17:4	G2532	και	CONJ	LXX_WH
1Krón 17:4	G2036	ειπον	V-AAI-3P	ABP-potolt
1Krón 17:4	G4314	προς	PREP	LXX_WH
1Krón 17:4		δαυιδ	N-PRI	ELTERO_SZOVEGALAP
1Krón 17:4	G3588	τον	T-ASM	LXX_WH
1Krón 17:4	G3816	παιδα	N-ASM	LXX_WH
1Krón 17:4	G1473	μου	P-GS	LXX_WH
1Krón 17:4	G3778	ουτως	ADV	LXX_WH
1Krón 17:4		ειπεν	V-AAI-3S	ELTERO_SZOVEGALAP
1Krón 17:4	G2962	κυριος	N-NSM	LXX_WH
1Krón 17:4	G3364	ου	ADV	LXX_WH
1Krón 17:4	G4771	συ	P-NS	LXX_WH
1Krón 17:4	G3618	οικοδομησεις	V-FAI-2S	LXX_WH
1Krón 17:4	G1473	μοι	P-DS	LXX_WH
1Krón 17:4	G3624	οικον	N-ASM	LXX_WH
1Krón 17:4	G3588	του	T-GSN	LXX_WH
1Krón 17:4		κατοικησαι	V-AAN	ELTERO_SZOVEGALAP
1Krón 17:4	G1473	με	P-AS	LXX_WH
1Krón 17:4	G1722	εν	PREP	LXX_WH
1Krón 17:4	G0846	αυτω	D-DSM	LXX_WH
1Krón 17:5	G3754	οτι	CONJ	LXX_WH
1Krón 17:5	G3364	ου	ADV	LXX_WH
1Krón 17:5		κατωκησα	V-AAI-1S	ELTERO_SZOVEGALAP
1Krón 17:5	G1722	εν	PREP	LXX_WH
1Krón 17:5	G3624	οικω	N-DSM	LXX_WH
1Krón 17:5	G0575	απο	PREP	LXX_WH
1Krón 17:5	G3588	της	T-GSF	LXX_WH
1Krón 17:5	G2250	ημερας	N-GSF	LXX_WH
1Krón 17:5	G3739	ης	R-GSF	LXX_WH
1Krón 17:5	G0321	ανηγαγον	V-AAI-3P	LXX_WH
1Krón 17:5	G3588	τον	T-ASM	LXX_WH
1Krón 17:5	G2474	ισραηλ	N-PRI	LXX_WH
1Krón 17:5	G2193	εως	PREP	LXX_WH
1Krón 17:5	G3588	της	T-GSF	LXX_WH
1Krón 17:5	G2250	ημερας	N-GSF	LXX_WH
1Krón 17:5	G3778	ταυτης	D-GSF	LXX_WH
1Krón 17:5	G2532	και	CONJ	LXX_WH
1Krón 17:5	G1510	ημην	V-IMI-1S	LXX_WH
1Krón 17:5	G1722	εν	PREP	LXX_WH
1Krón 17:5	G4633	σκηνη	N-DSF	LXX_WH
1Krón 17:5	G2532	και	CONJ	LXX_WH
1Krón 17:5	G1722	εν	PREP	LXX_WH
1Krón 17:5	G2646	καταλυματι	N-DSN	LXX_WH
1Krón 17:6	G1722	εν	PREP	LXX_WH
1Krón 17:6	G3956	πασιν	A-DPM	LXX_WH
1Krón 17:6	G3739	οις	R-DPM	LXX_WH
1Krón 17:6	G1330	διηλθον	V-AAI-3P	LXX_WH
1Krón 17:6	G1722	εν	PREP	LXX_WH
1Krón 17:6	G3956	παντι	A-DSM	LXX_WH
1Krón 17:6	G2474	ισραηλ	N-PRI	LXX_WH
1Krón 17:6	G1487	ει	CONJ	LXX_WH
1Krón 17:6	G2980	λαλων	V-PAPNS	LXX_WH
1Krón 17:6	G2980	ελαλησα	V-AAI-1S	LXX_WH
1Krón 17:6	G4314	προς	PREP	LXX_WH
1Krón 17:6	G1519	μιαν	A-ASF	LXX_WH
1Krón 17:6	G5443	φυλην	N-ASF	LXX_WH
1Krón 17:6	G2474	ισραηλ	N-PRI	LXX_WH
1Krón 17:6	G3588	του	T-GSN	LXX_WH
1Krón 17:6	G4165	ποιμαινειν	V-PAN	LXX_WH
1Krón 17:6	G3588	τον	T-ASM	LXX_WH
1Krón 17:6	G2992	λαον	N-ASM	LXX_WH
1Krón 17:6	G1473	μου	P-GS	LXX_WH
1Krón 17:6	G3004	λεγων	V-PAPNS	LXX_WH
1Krón 17:6	G3754	οτι	CONJ	LXX_WH
1Krón 17:6	G3364	ουκ	ADV	LXX_WH
1Krón 17:6	G3618	ωκοδομηκατε	V-YAI-2P	LXX_WH
1Krón 17:6	G1473	μοι	P-DS	LXX_WH
1Krón 17:6	G3624	οικον	N-ASM	LXX_WH
1Krón 17:6	G2747	κεδρινον	A-ASM	ABP-potolt
1Krón 17:7	G2532	και	CONJ	LXX_WH
1Krón 17:7	G3568	νυν	ADV	LXX_WH
1Krón 17:7	G3778	ουτως	ADV	LXX_WH
1Krón 17:7		ερεις	V-FAI-2S	ELTERO_SZOVEGALAP
1Krón 17:7	G3588	τω	T-DSM	LXX_WH
1Krón 17:7	G1401	δουλω	N-DSM	LXX_WH
1Krón 17:7	G1473	μου	P-GS	LXX_WH
1Krón 17:7		δαυιδ	N-PRI	ELTERO_SZOVEGALAP
1Krón 17:7	G3592	ταδε	D-APN	LXX_WH
1Krón 17:7	G3004	λεγει	V-PAI-3S	LXX_WH
1Krón 17:7	G2962	κυριος	N-NSM	LXX_WH
1Krón 17:7	G3841	παντοκρατωρ	N-NSM	LXX_WH
1Krón 17:7	G2983	ελαβον	V-AAI-1S	LXX_WH
1Krón 17:7	G4771	σε	P-AS	LXX_WH
1Krón 17:7	G1537	εκ	PREP	LXX_WH
1Krón 17:7	G3588	της	T-GSF	LXX_WH
1Krón 17:7	G4168	μανδρας	N-GSF	ABP-potolt
1Krón 17:7	G4168	εξοπισθεν	PREP	ABP-potolt
1Krón 17:7	G3588	των	T-GPN	LXX_WH
1Krón 17:7	G4168	ποιμνιων	N-GPN	LXX_WH
1Krón 17:7	G3588	του	T-GSN	LXX_WH
1Krón 17:7	G1510	ειναι	V-PAN	LXX_WH
1Krón 17:7	G1519	εις	PREP	LXX_WH
1Krón 17:7	G2233	ηγουμενον	V-PMPAS	LXX_WH
1Krón 17:7	G1909	επι	PREP	LXX_WH
1Krón 17:7	G3588	τον	T-ASM	LXX_WH
1Krón 17:7	G2992	λαον	N-ASM	LXX_WH
1Krón 17:7	G1473	μου	P-GS	LXX_WH
1Krón 17:7	G2474	ισραηλ	N-PRI	LXX_WH
1Krón 17:8	G2532	και	CONJ	LXX_WH
1Krón 17:8	G1510	ημην	V-AMI-1S	LXX_WH
1Krón 17:8	G3326	μετα	PREP	LXX_WH
1Krón 17:8	G4771	σου	P-GS	LXX_WH
1Krón 17:8	G1722	εν	PREP	LXX_WH
1Krón 17:8	G3956	πασιν	A-DPM	LXX_WH
1Krón 17:8	G3739	οις	R-DPM	LXX_WH
1Krón 17:8	G4198	επορευθης	V-API-2S	LXX_WH
1Krón 17:8	G2532	και	CONJ	LXX_WH
1Krón 17:8	G1842	εξωλεθρευσα	V-AAI-1S	ABP-potolt
1Krón 17:8	G3956	παντας	A-APM	LXX_WH
1Krón 17:8	G3588	τους	T-APM	LXX_WH
1Krón 17:8	G2190	εχθρους	N-APM	LXX_WH
1Krón 17:8	G4771	σου	P-GS	LXX_WH
1Krón 17:8	G0575	απο	PREP	LXX_WH
1Krón 17:8	G4383	προσωπου	N-GSN	LXX_WH
1Krón 17:8	G4771	σου	P-GS	LXX_WH
1Krón 17:8	G2532	και	CONJ	LXX_WH
1Krón 17:8	G4160	εποιησα	V-AAI-1S	LXX_WH
1Krón 17:8	G4771	σοι	P-DS	LXX_WH
1Krón 17:8	G3686	ονομα	N-ASN	LXX_WH
1Krón 17:8	G2596	κατα	PREP	LXX_WH
1Krón 17:8	G3588	το	T-ASN	LXX_WH
1Krón 17:8	G3686	ονομα	N-ASN	LXX_WH
1Krón 17:8	G3588	των	T-GPM	LXX_WH
1Krón 17:8	G3173	μεγαλων	A-GPM	LXX_WH
1Krón 17:8	G3588	των	T-GPM	LXX_WH
1Krón 17:8	G1909	επι	PREP	LXX_WH
1Krón 17:8	G3588	της	T-GSF	LXX_WH
1Krón 17:8	G1065	γης	N-GSF	LXX_WH
1Krón 17:9	G2532	και	CONJ	LXX_WH
1Krón 17:9	G5087	θησομαι	V-FMI-1S	LXX_WH
1Krón 17:9	G5117	τοπον	N-ASM	LXX_WH
1Krón 17:9	G3588	τω	T-DSM	LXX_WH
1Krón 17:9	G2992	λαω	N-DSM	LXX_WH
1Krón 17:9	G1473	μου	P-GS	LXX_WH
1Krón 17:9	G2474	ισραηλ	N-PRI	LXX_WH
1Krón 17:9	G2532	και	CONJ	LXX_WH
1Krón 17:9		καταφυτευσω	V-AAS-1S	ELTERO_SZOVEGALAP
1Krón 17:9	G0846	αυτον	D-ASM	LXX_WH
1Krón 17:9	G2532	και	CONJ	LXX_WH
1Krón 17:9	G2681	κατασκηνωσει	V-FAI-3S	LXX_WH
1Krón 17:9	G2596	καθ	PREP	LXX_WH
1Krón 17:9	G1438	εαυτον	D-ASM	LXX_WH
1Krón 17:9	G2532	και	CONJ	LXX_WH
1Krón 17:9	G3364	ου	ADV	LXX_WH
1Krón 17:9	G3309	μεριμνησει	V-FAI-3S	LXX_WH
1Krón 17:9	G2089	ετι	ADV	LXX_WH
1Krón 17:9	G2532	και	CONJ	LXX_WH
1Krón 17:9	G3364	ου	ADV	LXX_WH
1Krón 17:9	G4369	προσθησει	V-FAI-3S	LXX_WH
1Krón 17:9	G0093	αδικια	N-NSF	LXX_WH
1Krón 17:9	G3588	του	T-GSN	LXX_WH
1Krón 17:9	G5013	ταπεινωσαι	V-AAN	LXX_WH
1Krón 17:9	G0846	αυτον	D-ASM	LXX_WH
1Krón 17:9	G2531	καθως	ADV	LXX_WH
1Krón 17:9	G0575	απ	PREP	LXX_WH
1Krón 17:9	G0746	αρχης	N-GSF	LXX_WH
1Krón 17:10	G2532	και	CONJ	LXX_WH
1Krón 17:10	G0575	αφ	PREP	LXX_WH
1Krón 17:10	G2250	ημερων	N-GPF	LXX_WH
1Krón 17:10	G3739	ων	R-GPF	LXX_WH
1Krón 17:10	G5021	εταξα	V-AAI-1S	LXX_WH
1Krón 17:10	G2923	κριτας	N-APM	LXX_WH
1Krón 17:10	G1909	επι	PREP	LXX_WH
1Krón 17:10	G3588	τον	T-ASM	LXX_WH
1Krón 17:10	G2992	λαον	N-ASM	LXX_WH
1Krón 17:10	G1473	μου	P-GS	LXX_WH
1Krón 17:10	G2474	ισραηλ	N-PRI	LXX_WH
1Krón 17:10	G2532	και	CONJ	LXX_WH
1Krón 17:10	G5013	εταπεινωσα	V-AAI-1S	LXX_WH
1Krón 17:10	G0537	απαντας	A-APM	LXX_WH
1Krón 17:10	G3588	τους	T-APM	LXX_WH
1Krón 17:10	G2190	εχθρους	N-APM	LXX_WH
1Krón 17:10	G4771	σου	P-GS	LXX_WH
1Krón 17:10	G2532	και	CONJ	LXX_WH
1Krón 17:10	G0837	αυξησω	V-AAS-1S	LXX_WH
1Krón 17:10	G4771	σε	P-AS	LXX_WH
1Krón 17:10	G2532	και	CONJ	LXX_WH
1Krón 17:10	G3624	οικον	N-ASM	LXX_WH
1Krón 17:10	G3618	οικοδομησει	V-FAI-3S	LXX_WH
1Krón 17:10	G4771	σοι	P-DS	LXX_WH
1Krón 17:10	G2962	κυριος	N-NSM	LXX_WH
1Krón 17:11	G2532	και	CONJ	LXX_WH
1Krón 17:11	G1510	εσται	V-FMI-3S	LXX_WH
1Krón 17:11	G3752	οταν	ADV	LXX_WH
1Krón 17:11	G4137	πληρωθωσιν	V-APS-3P	LXX_WH
1Krón 17:11	G3588	αι	T-NPF	LXX_WH
1Krón 17:11	G2250	ημεραι	N-NPF	LXX_WH
1Krón 17:11	G4771	σου	P-GS	LXX_WH
1Krón 17:11	G2532	και	CONJ	LXX_WH
1Krón 17:11	G2837	κοιμηθηση	V-FPI-2S	LXX_WH
1Krón 17:11	G3326	μετα	PREP	LXX_WH
1Krón 17:11	G3588	των	T-GPM	LXX_WH
1Krón 17:11	G3962	πατερων	N-GPM	LXX_WH
1Krón 17:11	G4771	σου	P-GS	LXX_WH
1Krón 17:11	G2532	και	CONJ	LXX_WH
1Krón 17:11	G0450	αναστησω	V-AAS-1S	LXX_WH
1Krón 17:11	G3588	το	T-ASN	LXX_WH
1Krón 17:11	G4690	σπερμα	N-ASN	LXX_WH
1Krón 17:11	G4771	σου	P-GS	LXX_WH
1Krón 17:11	G3326	μετα	PREP	LXX_WH
1Krón 17:11	G4771	σε	P-AS	LXX_WH
1Krón 17:11	G3739	ος	R-NSM	LXX_WH
1Krón 17:11	G1510	εσται	V-FMI-3S	LXX_WH
1Krón 17:11	G1537	εκ	PREP	LXX_WH
1Krón 17:11	G3588	της	T-GSF	LXX_WH
1Krón 17:11	G2836	κοιλιας	N-GSF	LXX_WH
1Krón 17:11	G4771	σου	P-GS	LXX_WH
1Krón 17:11	G2532	και	CONJ	LXX_WH
1Krón 17:11	G2090	ετοιμασω	V-FAI-1S	LXX_WH
1Krón 17:11	G3588	την	T-ASF	LXX_WH
1Krón 17:11	G0932	βασιλειαν	N-ASF	LXX_WH
1Krón 17:11	G0846	αυτου	D-GSM	LXX_WH
1Krón 17:12	G0846	αυτος	D-NSM	LXX_WH
1Krón 17:12	G3618	οικοδομησει	V-FAI-3S	LXX_WH
1Krón 17:12	G1473	μοι	P-DS	LXX_WH
1Krón 17:12	G3624	οικον	N-ASM	LXX_WH
1Krón 17:12	G2532	και	CONJ	LXX_WH
1Krón 17:12	G0461	ανορθωσω	V-FAI-1S	ABP-potolt
1Krón 17:12	G3588	τον	T-ASM	LXX_WH
1Krón 17:12	G2362	θρονον	N-ASM	LXX_WH
1Krón 17:12	G0846	αυτου	D-GSM	LXX_WH
1Krón 17:12	G2193	εως	PREP	LXX_WH
1Krón 17:12	G0165	αιωνος	N-GSM	LXX_WH
1Krón 17:13	G1473	εγω	P-NS	LXX_WH
1Krón 17:13	G1510	εσομαι	V-FMI-1S	LXX_WH
1Krón 17:13	G0846	αυτω	D-DSM	LXX_WH
1Krón 17:13	G1519	εις	PREP	LXX_WH
1Krón 17:13	G3962	πατερα	N-ASM	LXX_WH
1Krón 17:13	G2532	και	CONJ	LXX_WH
1Krón 17:13	G0846	αυτος	D-NSM	LXX_WH
1Krón 17:13	G1510	εσται	V-FMI-3S	LXX_WH
1Krón 17:13	G1473	μοι	P-DS	LXX_WH
1Krón 17:13	G1519	εις	PREP	LXX_WH
1Krón 17:13	G5207	υιον	N-ASM	LXX_WH
1Krón 17:13	G2532	και	CONJ	LXX_WH
1Krón 17:13	G3588	το	T-NSN	LXX_WH
1Krón 17:13	G1656	ελεος	N-NSN	LXX_WH
1Krón 17:13	G1473	μου	P-GS	LXX_WH
1Krón 17:13	G3364	ουκ	ADV	LXX_WH
1Krón 17:13		αποστησω	V-FAI-1S	ELTERO_SZOVEGALAP
1Krón 17:13	G0575	απ	PREP	LXX_WH
1Krón 17:13	G0846	αυτου	D-GSM	LXX_WH
1Krón 17:13	G3739	ως	CONJ	LXX_WH
1Krón 17:13		απεστησα	V-AAI-1S	ELTERO_SZOVEGALAP
1Krón 17:13	G0575	απο	PREP	LXX_WH
1Krón 17:13	G3588	των	T-GPM	LXX_WH
1Krón 17:13	G1510	οντων	V-PAPGP	LXX_WH
1Krón 17:13	G1715	εμπροσθεν	PREP	LXX_WH
1Krón 17:13	G4771	σου	P-GS	LXX_WH
1Krón 17:14	G2532	και	CONJ	LXX_WH
1Krón 17:14	G4104	πιστωσω	V-FAI-1S	LXX_WH
1Krón 17:14	G0846	αυτον	D-ASM	LXX_WH
1Krón 17:14	G1722	εν	PREP	LXX_WH
1Krón 17:14	G3624	οικω	N-DSM	LXX_WH
1Krón 17:14	G1473	μου	P-GS	LXX_WH
1Krón 17:14	G2532	και	CONJ	LXX_WH
1Krón 17:14	G1722	εν	PREP	LXX_WH
1Krón 17:14	G0932	βασιλεια	N-DSF	LXX_WH
1Krón 17:14	G0846	αυτου	D-GSM	LXX_WH
1Krón 17:14	G2193	εως	PREP	LXX_WH
1Krón 17:14	G0165	αιωνος	N-GSM	LXX_WH
1Krón 17:14	G2532	και	CONJ	LXX_WH
1Krón 17:14	G3588	ο	T-NSM	LXX_WH
1Krón 17:14	G2362	θρονος	N-NSM	LXX_WH
1Krón 17:14	G0846	αυτου	D-GSM	LXX_WH
1Krón 17:14	G1510	εσται	V-FMI-3S	LXX_WH
1Krón 17:14	G0461	ανωρθωμενος	V-FMPNS	ABP-potolt
1Krón 17:14	G2193	εως	PREP	LXX_WH
1Krón 17:14	G0165	αιωνος	N-GSM	LXX_WH
1Krón 17:15	G2596	κατα	PREP	LXX_WH
1Krón 17:15	G3956	παντας	A-APM	LXX_WH
1Krón 17:15	G3588	τους	T-APM	LXX_WH
1Krón 17:15	G3056	λογους	N-APM	LXX_WH
1Krón 17:15	G3778	τουτους	D-APM	LXX_WH
1Krón 17:15	G2532	και	CONJ	LXX_WH
1Krón 17:15	G2596	κατα	PREP	LXX_WH
1Krón 17:15	G3956	πασαν	A-ASF	LXX_WH
1Krón 17:15	G3588	την	T-ASF	LXX_WH
1Krón 17:15	G3706	ορασιν	N-ASF	LXX_WH
1Krón 17:15	G3778	ταυτην	D-ASF	LXX_WH
1Krón 17:15	G3778	ουτως	ADV	LXX_WH
1Krón 17:15	G2980	ελαλησεν	V-AAI-3S	LXX_WH
1Krón 17:15	G3481	ναθαν	N-PRI	LXX_WH
1Krón 17:15	G4314	προς	PREP	LXX_WH
1Krón 17:15		δαυιδ	N-PRI	ELTERO_SZOVEGALAP
1Krón 17:16	G2532	και	CONJ	LXX_WH
1Krón 17:16	G2064	ηλθεν	V-AAI-3S	LXX_WH
1Krón 17:16	G3588	ο	T-NSM	LXX_WH
1Krón 17:16	G0935	βασιλευς	N-NSM	LXX_WH
1Krón 17:16		δαυιδ	N-PRI	ELTERO_SZOVEGALAP
1Krón 17:16	G2532	και	CONJ	LXX_WH
1Krón 17:16	G2523	εκαθισεν	V-AAI-3S	LXX_WH
1Krón 17:16	G1799	απεναντι	ADV	ABP-potolt
1Krón 17:16	G2962	κυριου	N-GSM	LXX_WH
1Krón 17:16	G2532	και	CONJ	LXX_WH
1Krón 17:16	G2036	ειπεν	V-AAI-3S	ABP-potolt
1Krón 17:16	G5100	τις	I-NSM	LXX_WH
1Krón 17:16	G1510	ειμι	V-PAI-1S	LXX_WH
1Krón 17:16	G1473	εγω	P-NS	LXX_WH
1Krón 17:16	G2962	κυριε	N-VSM	LXX_WH
1Krón 17:16	G3588	ο	T-NSM	LXX_WH
1Krón 17:16	G2316	θεος	N-NSM	LXX_WH
1Krón 17:16	G2532	και	CONJ	LXX_WH
1Krón 17:16	G5100	τις	I-NSM	LXX_WH
1Krón 17:16	G3588	ο	T-NSM	LXX_WH
1Krón 17:16	G3624	οικος	N-NSM	LXX_WH
1Krón 17:16	G1473	μου	P-GS	LXX_WH
1Krón 17:16	G3754	οτι	CONJ	LXX_WH
1Krón 17:16	G0025	ηγαπησας	V-AAI-2S	LXX_WH
1Krón 17:16	G1473	με	P-AS	LXX_WH
1Krón 17:16	G2193	εως	PREP	LXX_WH
1Krón 17:16	G0165	αιωνος	N-GSM	LXX_WH
1Krón 17:17	G2532	και	CONJ	LXX_WH
1Krón 17:17		εσμικρυνθη	V-API-3S	ELTERO_SZOVEGALAP
1Krón 17:17	G3778	ταυτα	D-APN	LXX_WH
1Krón 17:17	G1799	ενωπιον	PREP	LXX_WH
1Krón 17:17	G4771	σου	P-GS	LXX_WH
1Krón 17:17	G3588	ο	T-NSM	LXX_WH
1Krón 17:17	G2316	θεος	N-NSM	LXX_WH
1Krón 17:17	G2532	και	CONJ	LXX_WH
1Krón 17:17	G2980	ελαλησας	V-AAI-2S	LXX_WH
1Krón 17:17	G1909	επι	PREP	LXX_WH
1Krón 17:17	G3588	τον	T-ASM	LXX_WH
1Krón 17:17	G3624	οικον	N-ASM	LXX_WH
1Krón 17:17	G3588	του	T-GSM	LXX_WH
1Krón 17:17	G3816	παιδος	N-GSM	LXX_WH
1Krón 17:17	G4771	σου	P-GS	LXX_WH
1Krón 17:17	G1537	εκ	PREP	LXX_WH
1Krón 17:17	G3117	μακρων	A-GPM	LXX_WH
1Krón 17:17	G2532	και	CONJ	LXX_WH
1Krón 17:17	G1896	επειδες	V-AAI-2S	ABP-potolt
1Krón 17:17	G1473	με	P-AS	LXX_WH
1Krón 17:17	G3739	ως	CONJ	LXX_WH
1Krón 17:17	G3706	ορασις	N-NSF	LXX_WH
1Krón 17:17	G0444	ανθρωπου	N-GSM	LXX_WH
1Krón 17:17	G2532	και	CONJ	LXX_WH
1Krón 17:17	G5312	υψωσας	V-PAPAP	LXX_WH
1Krón 17:17	G1473	με	P-AS	LXX_WH
1Krón 17:17	G2962	κυριε	N-VSM	LXX_WH
1Krón 17:17	G3588	ο	T-NSM	LXX_WH
1Krón 17:17	G2316	θεος	N-NSM	LXX_WH
1Krón 17:18	G5100	τι	I-ASN	LXX_WH
1Krón 17:18	G4369	προσθησει	V-FAI-3S	LXX_WH
1Krón 17:18	G2089	ετι	ADV	LXX_WH
1Krón 17:18		δαυιδ	N-PRI	ELTERO_SZOVEGALAP
1Krón 17:18	G4314	προς	PREP	LXX_WH
1Krón 17:18	G4771	σε	P-AS	LXX_WH
1Krón 17:18	G3588	του	T-GSN	LXX_WH
1Krón 17:18	G1392	δοξασαι	V-AAN	LXX_WH
1Krón 17:18	G2532	και	CONJ	LXX_WH
1Krón 17:18	G4771	συ	P-NS	LXX_WH
1Krón 17:18	G3588	τον	T-ASM	LXX_WH
1Krón 17:18	G1401	δουλον	N-ASM	LXX_WH
1Krón 17:18	G4771	σου	P-GS	LXX_WH
1Krón 17:18		οιδας	V-RAI-2S	ELTERO_SZOVEGALAP
1Krón 17:19	G2532	και	CONJ	LXX_WH
1Krón 17:19	G2596	κατα	PREP	LXX_WH
1Krón 17:19	G3588	την	T-ASF	LXX_WH
1Krón 17:19	G2588	καρδιαν	N-ASF	LXX_WH
1Krón 17:19	G4771	σου	P-GS	LXX_WH
1Krón 17:19	G4160	εποιησας	V-AAI-2S	LXX_WH
1Krón 17:19	G3588	την	T-ASF	LXX_WH
1Krón 17:19	G3956	πασαν	A-ASF	LXX_WH
1Krón 17:19	G3172	μεγαλωσυνην	N-ASF	LXX_WH
1Krón 17:20	G2962	κυριε	N-VSM	LXX_WH
1Krón 17:20	G3364	ουκ	ADV	LXX_WH
1Krón 17:20	G1510	εστιν	V-PAI-3S	LXX_WH
1Krón 17:20	G3664	ομοιος	A-NSM	LXX_WH
1Krón 17:20	G4771	σοι	P-DS	LXX_WH
1Krón 17:20	G2532	και	CONJ	LXX_WH
1Krón 17:20	G3364	ουκ	ADV	LXX_WH
1Krón 17:20	G1510	εστιν	V-PAI-3S	LXX_WH
1Krón 17:20	G4133	πλην	ADV	LXX_WH
1Krón 17:20	G4771	σου	P-GS	LXX_WH
1Krón 17:20	G2596	κατα	PREP	LXX_WH
1Krón 17:20	G3956	παντα	A-APN	LXX_WH
1Krón 17:20	G3745	οσα	A-APN	LXX_WH
1Krón 17:20	G0191	ηκουσαμεν	V-AAI-1P	LXX_WH
1Krón 17:20	G1722	εν	PREP	LXX_WH
1Krón 17:20	G3775	ωσιν	N-DPN	LXX_WH
1Krón 17:20	G1473	ημων	P-GP	LXX_WH
1Krón 17:21	G2532	και	CONJ	LXX_WH
1Krón 17:21	G3364	ουκ	ADV	LXX_WH
1Krón 17:21	G1510	εστιν	V-PAI-3S	LXX_WH
1Krón 17:21	G3739	ως	CONJ	LXX_WH
1Krón 17:21	G3588	ο	T-NSM	LXX_WH
1Krón 17:21	G2992	λαος	N-NSM	LXX_WH
1Krón 17:21	G4771	σου	P-GS	LXX_WH
1Krón 17:21	G2474	ισραηλ	N-PRI	LXX_WH
1Krón 17:21	G1484	εθνος	N-ASN	LXX_WH
1Krón 17:21	G2089	ετι	ADV	LXX_WH
1Krón 17:21	G1909	επι	PREP	LXX_WH
1Krón 17:21	G3588	της	T-GSF	LXX_WH
1Krón 17:21	G1065	γης	N-GSF	LXX_WH
1Krón 17:21	G3739	ως	CONJ	LXX_WH
1Krón 17:21	G3594	ωδηγησεν	V-AAI-3S	LXX_WH
1Krón 17:21	G0846	αυτον	D-ASM	LXX_WH
1Krón 17:21	G3588	ο	T-NSM	LXX_WH
1Krón 17:21	G2316	θεος	N-NSM	LXX_WH
1Krón 17:21	G3588	του	T-GSN	LXX_WH
1Krón 17:21	G3084	λυτρωσασθαι	V-AMN	LXX_WH
1Krón 17:21	G1438	εαυτω	D-DSM	LXX_WH
1Krón 17:21	G2992	λαον	N-ASM	LXX_WH
1Krón 17:21	G3588	του	T-GSN	LXX_WH
1Krón 17:21	G5087	θεσθαι	V-AMN	LXX_WH
1Krón 17:21	G1438	εαυτω	D-DSM	LXX_WH
1Krón 17:21	G3686	ονομα	N-ASN	LXX_WH
1Krón 17:21	G3173	μεγα	A-ASN	LXX_WH
1Krón 17:21	G2532	και	CONJ	LXX_WH
1Krón 17:21	G2016	επιφανες	A-ASN	LXX_WH
1Krón 17:21	G3588	του	T-GSN	LXX_WH
1Krón 17:21	G1544	εκβαλειν	V-FAN	LXX_WH
1Krón 17:21	G0575	απο	PREP	LXX_WH
1Krón 17:21	G4383	προσωπου	N-GSN	LXX_WH
1Krón 17:21	G2992	λαου	N-GSM	LXX_WH
1Krón 17:21	G4771	σου	P-GS	LXX_WH
1Krón 17:21	G3739	ους	R-APM	LXX_WH
1Krón 17:21	G3084	ελυτρωσω	V-AMI-2S	LXX_WH
1Krón 17:21	G1537	εξ	PREP	LXX_WH
1Krón 17:21	G0125	αιγυπτου	N-GSF	LXX_WH
1Krón 17:21	G1484	εθνη	N-APN	LXX_WH
1Krón 17:22	G2532	και	CONJ	LXX_WH
1Krón 17:22	G1325	εδωκας	V-AAI-2S	LXX_WH
1Krón 17:22	G3588	τον	T-ASM	LXX_WH
1Krón 17:22	G2992	λαον	N-ASM	LXX_WH
1Krón 17:22	G4771	σου	P-GS	LXX_WH
1Krón 17:22	G2474	ισραηλ	N-PRI	LXX_WH
1Krón 17:22	G4572	σεαυτω	D-DSM	LXX_WH
1Krón 17:22	G2992	λαον	N-ASM	LXX_WH
1Krón 17:22	G2193	εως	PREP	LXX_WH
1Krón 17:22	G0165	αιωνος	N-GSM	LXX_WH
1Krón 17:22	G2532	και	CONJ	LXX_WH
1Krón 17:22	G4771	συ	P-NS	LXX_WH
1Krón 17:22	G2962	κυριε	N-VSM	LXX_WH
1Krón 17:22	G0846	αυτοις	D-DPM	LXX_WH
1Krón 17:22	G1519	εις	PREP	LXX_WH
1Krón 17:22	G2316	θεον	N-ASM	LXX_WH
1Krón 17:23	G2532	και	CONJ	LXX_WH
1Krón 17:23	G3568	νυν	ADV	LXX_WH
1Krón 17:23	G2962	κυριε	N-VSM	LXX_WH
1Krón 17:23	G3588	ο	T-NSM	LXX_WH
1Krón 17:23	G3056	λογος	N-NSM	LXX_WH
1Krón 17:23	G4771	σου	P-GS	LXX_WH
1Krón 17:23	G3739	ον	R-ASM	LXX_WH
1Krón 17:23	G2980	ελαλησας	V-AAI-2S	LXX_WH
1Krón 17:23	G4314	προς	PREP	LXX_WH
1Krón 17:23	G3588	τον	T-ASM	LXX_WH
1Krón 17:23	G3816	παιδα	N-ASM	LXX_WH
1Krón 17:23	G4771	σου	P-GS	LXX_WH
1Krón 17:23	G2532	και	CONJ	LXX_WH
1Krón 17:23	G1909	επι	PREP	LXX_WH
1Krón 17:23	G3588	τον	T-ASM	LXX_WH
1Krón 17:23	G3624	οικον	N-ASM	LXX_WH
1Krón 17:23	G0846	αυτου	D-GSM	LXX_WH
1Krón 17:23	G4104	πιστωθητω	V-APD-3S	LXX_WH
1Krón 17:23	G2193	εως	PREP	LXX_WH
1Krón 17:23	G0165	αιωνος	N-GSM	LXX_WH
1Krón 17:24	G3004	λεγοντων	V-PAPGP	LXX_WH
1Krón 17:24	G2962	κυριε	N-VSM	LXX_WH
1Krón 17:24	G2962	κυριε	N-VSM	LXX_WH
1Krón 17:24	G3841	παντοκρατωρ	N-NSM	LXX_WH
1Krón 17:24	G2316	θεος	N-NSM	LXX_WH
1Krón 17:24	G2474	ισραηλ	N-PRI	LXX_WH
1Krón 17:24	G2532	και	CONJ	LXX_WH
1Krón 17:24	G3588	ο	T-NSM	LXX_WH
1Krón 17:24	G3624	οικος	N-NSM	LXX_WH
1Krón 17:24	G3588	δαυιδ	N-PRI	ABP-potolt
1Krón 17:24	G3816	παιδος	N-GSM	LXX_WH
1Krón 17:24	G4771	σου	P-GS	LXX_WH
1Krón 17:24		ανωρθωμενος	V-PAPNS	ELTERO_SZOVEGALAP
1Krón 17:24	G1726	εναντιον	PREP	LXX_WH
1Krón 17:24	G4771	σου	P-GS	LXX_WH
1Krón 17:25	G3754	οτι	CONJ	LXX_WH
1Krón 17:25	G4771	συ	P-NS	LXX_WH
1Krón 17:25	G2962	κυριε	N-VSM	LXX_WH
1Krón 17:25	G0455	ηνοιξας	V-AAI-2S	LXX_WH
1Krón 17:25	G3588	το	T-ASN	LXX_WH
1Krón 17:25	G3775	ους	N-ASN	LXX_WH
1Krón 17:25	G3588	του	T-GSM	LXX_WH
1Krón 17:25	G3816	παιδος	N-GSM	LXX_WH
1Krón 17:25	G4771	σου	P-GS	LXX_WH
1Krón 17:25	G3588	του	T-GSN	LXX_WH
1Krón 17:25	G3618	οικοδομησαι	V-AAN	LXX_WH
1Krón 17:25	G0846	αυτω	D-DSM	LXX_WH
1Krón 17:25	G3624	οικον	N-ASM	LXX_WH
1Krón 17:25	G1223	δια	PREP	LXX_WH
1Krón 17:25	G3778	τουτο	D-ASN	LXX_WH
1Krón 17:25	G2147	ευρεν	V-AAI-3S	LXX_WH
1Krón 17:25	G3588	ο	T-NSM	LXX_WH
1Krón 17:25	G3816	παις	N-NSM	LXX_WH
1Krón 17:25	G4771	σου	P-GS	LXX_WH
1Krón 17:25	G3588	του	T-GSN	LXX_WH
1Krón 17:25	G4336	προσευξασθαι	V-AMN	LXX_WH
1Krón 17:25	G2596	κατα	PREP	LXX_WH
1Krón 17:25	G4383	προσωπον	N-ASN	LXX_WH
1Krón 17:25	G4771	σου	P-GS	LXX_WH
1Krón 17:26	G2532	και	CONJ	LXX_WH
1Krón 17:26	G3568	νυν	ADV	LXX_WH
1Krón 17:26	G2962	κυριε	N-VSM	LXX_WH
1Krón 17:26	G4771	συ	P-NS	LXX_WH
1Krón 17:26	G1510	ει	V-PAI-2S	LXX_WH
1Krón 17:26	G0846	αυτος	D-NSM	LXX_WH
1Krón 17:26	G3588	ο	T-NSM	LXX_WH
1Krón 17:26	G2316	θεος	N-NSM	LXX_WH
1Krón 17:26	G2532	και	CONJ	LXX_WH
1Krón 17:26	G2980	ελαλησας	V-AAI-2S	LXX_WH
1Krón 17:26	G1909	επι	PREP	LXX_WH
1Krón 17:26	G3588	τον	T-ASM	LXX_WH
1Krón 17:26	G1401	δουλον	N-ASM	LXX_WH
1Krón 17:26	G4771	σου	P-GS	LXX_WH
1Krón 17:26	G3588	τα	T-APN	LXX_WH
1Krón 17:26	G0018	αγαθα	A-APN	LXX_WH
1Krón 17:26	G3778	ταυτα	D-APN	LXX_WH
1Krón 17:27	G2532	και	CONJ	LXX_WH
1Krón 17:27	G3568	νυν	ADV	LXX_WH
1Krón 17:27	G0757	ηρξω	V-AMI-2S	LXX_WH
1Krón 17:27	G3588	του	T-GSN	LXX_WH
1Krón 17:27	G2127	ευλογησαι	V-RMI-2S	LXX_WH
1Krón 17:27	G3588	τον	T-ASM	LXX_WH
1Krón 17:27	G3624	οικον	N-ASM	LXX_WH
1Krón 17:27	G3588	του	T-GSM	LXX_WH
1Krón 17:27	G3816	παιδος	N-GSM	LXX_WH
1Krón 17:27	G4771	σου	P-GS	LXX_WH
1Krón 17:27	G3588	του	T-GSN	LXX_WH
1Krón 17:27	G1510	ειναι	V-PAN	LXX_WH
1Krón 17:27	G1519	εις	PREP	LXX_WH
1Krón 17:27	G3588	τον	T-ASM	LXX_WH
1Krón 17:27	G0165	αιωνα	N-ASM	LXX_WH
1Krón 17:27	G1726	εναντιον	PREP	LXX_WH
1Krón 17:27	G4771	σου	P-GS	LXX_WH
1Krón 17:27	G3754	οτι	CONJ	LXX_WH
1Krón 17:27	G4771	συ	P-NS	LXX_WH
1Krón 17:27	G2962	κυριε	N-VSM	LXX_WH
1Krón 17:27	G2127	ευλογησας	V-AAPNS	LXX_WH
1Krón 17:27	G2532	και	CONJ	LXX_WH
1Krón 17:27	G2127	ευλογησον	V-AAD-2S	LXX_WH
1Krón 17:27	G1519	εις	PREP	LXX_WH
1Krón 17:27	G3588	τον	T-ASM	LXX_WH
1Krón 17:27	G0165	αιωνα	N-ASM	LXX_WH
1Krón 18:1	G2532	και	CONJ	LXX_WH
1Krón 18:1	G1096	εγενετο	V-AMI-3S	LXX_WH
1Krón 18:1	G3326	μετα	PREP	LXX_WH
1Krón 18:1	G3778	ταυτα	D-APN	LXX_WH
1Krón 18:1	G2532	και	CONJ	LXX_WH
1Krón 18:1	G3960	επαταξεν	V-AAI-3S	LXX_WH
1Krón 18:1	G3960	δαυιδ	N-PRI	ABP-potolt
1Krón 18:1	G3588	τους	T-APM	LXX_WH
1Krón 18:1	G0246	αλλοφυλους	N-APM	LXX_WH
1Krón 18:1	G2532	και	CONJ	LXX_WH
1Krón 18:1		ετροπωσατο	V-AMI-3S	ELTERO_SZOVEGALAP
1Krón 18:1	G0846	αυτους	D-APM	LXX_WH
1Krón 18:1	G2532	και	CONJ	LXX_WH
1Krón 18:1	G2983	ελαβεν	V-AAI-3S	LXX_WH
1Krón 18:1	G3588	την	T-ASF	LXX_WH
1Krón 18:1	G0246	γεθ	N-PRI	ABP-potolt
1Krón 18:1	G2532	και	CONJ	LXX_WH
1Krón 18:1	G3588	τας	T-APF	LXX_WH
1Krón 18:1	G2864	κωμας	N-APF	LXX_WH
1Krón 18:1	G0846	αυτης	D-GSF	LXX_WH
1Krón 18:1	G1537	εκ	PREP	LXX_WH
1Krón 18:1	G5495	χειρος	N-GSF	LXX_WH
1Krón 18:1	G0246	αλλοφυλων	N-GPM	LXX_WH
1Krón 18:2	G2532	και	CONJ	LXX_WH
1Krón 18:2	G3960	επαταξεν	V-AAI-3S	LXX_WH
1Krón 18:2	G3588	την	T-ASF	LXX_WH
1Krón 18:2		μωαβ	N-PRI	ELTERO_SZOVEGALAP
1Krón 18:2	G2532	και	CONJ	LXX_WH
1Krón 18:2	G1510	ησαν	V-IAI-3P	LXX_WH
1Krón 18:2		μωαβ	N-PRI	ELTERO_SZOVEGALAP
1Krón 18:2	G3816	παιδες	N-NPM	LXX_WH
1Krón 18:2	G3588	τω	T-DSM	LXX_WH
1Krón 18:2		δαυιδ	N-PRI	ELTERO_SZOVEGALAP
1Krón 18:2	G5342	φεροντες	V-PAPNP	LXX_WH
1Krón 18:2	G1435	δωρα	N-APN	LXX_WH
1Krón 18:3	G2532	και	CONJ	LXX_WH
1Krón 18:3	G3960	επαταξεν	V-AAI-3S	LXX_WH
1Krón 18:3	G3960	δαυιδ	N-PRI	ABP-potolt
1Krón 18:3	G3588	τον	T-ASM	LXX_WH
1Krón 18:3		αδρααζαρ	N-PRI	ELTERO_SZOVEGALAP
1Krón 18:3	G0935	βασιλεα	N-ASM	LXX_WH
1Krón 18:3		σουβα	N-PRI	ELTERO_SZOVEGALAP
1Krón 18:3		ημαθ	N-PRI	ELTERO_SZOVEGALAP
1Krón 18:3	G4198	πορευομενου	V-PMPGS	LXX_WH
1Krón 18:3	G0846	αυτου	D-GSM	LXX_WH
1Krón 18:3		επιστησαι	V-AAN	ELTERO_SZOVEGALAP
1Krón 18:3	G5495	χειρα	N-ASF	LXX_WH
1Krón 18:3	G0846	αυτου	D-GSM	LXX_WH
1Krón 18:3	G1909	επι	PREP	LXX_WH
1Krón 18:3	G4215	ποταμον	N-ASM	LXX_WH
1Krón 18:3	G2166	ευφρατην	N-ASM	LXX_WH
1Krón 18:4	G2532	και	CONJ	LXX_WH
1Krón 18:4		προκατελαβετο	V-AMI-3S	ELTERO_SZOVEGALAP
1Krón 18:4		δαυιδ	N-PRI	ELTERO_SZOVEGALAP
1Krón 18:4	G0846	αυτων	D-GPM	LXX_WH
1Krón 18:4	G5507	χιλια	A-APN	LXX_WH
1Krón 18:4	G0716	αρματα	N-APN	LXX_WH
1Krón 18:4	G2532	και	CONJ	LXX_WH
1Krón 18:4	G2033	επτα	N-NUI	LXX_WH
1Krón 18:4	G5505	χιλιαδας	N-APF	LXX_WH
1Krón 18:4	G2462	ιππων	N-GPM	LXX_WH
1Krón 18:4	G2532	και	CONJ	LXX_WH
1Krón 18:4	G1501	εικοσι	N-NUI	LXX_WH
1Krón 18:4	G5505	χιλιαδας	N-APF	LXX_WH
1Krón 18:4	G0435	ανδρων	N-GPM	LXX_WH
1Krón 18:4	G3979	πεζων	A-GPM	ABP-potolt
1Krón 18:4	G2532	και	CONJ	LXX_WH
1Krón 18:4	G3886	παρελυσεν	V-AAI-3S	LXX_WH
1Krón 18:4	G3886	δαυιδ	N-PRI	ABP-potolt
1Krón 18:4	G3956	παντα	A-APN	LXX_WH
1Krón 18:4	G3588	τα	T-APN	LXX_WH
1Krón 18:4	G0716	αρματα	N-APN	LXX_WH
1Krón 18:4	G2532	και	CONJ	LXX_WH
1Krón 18:4	G5275	υπελιπετο	V-AMI-3S	LXX_WH
1Krón 18:4	G1537	εξ	PREP	LXX_WH
1Krón 18:4	G0846	αυτων	D-GPM	LXX_WH
1Krón 18:4	G1540	εκατον	N-NUI	LXX_WH
1Krón 18:4	G0716	αρματα	N-APN	LXX_WH
1Krón 18:5	G2532	και	CONJ	LXX_WH
1Krón 18:5	G2064	ηλθεν	V-AAI-3S	LXX_WH
1Krón 18:5	G4948	συρος	N-NSM	LXX_WH
1Krón 18:5	G1537	εκ	PREP	LXX_WH
1Krón 18:5	G1154	δαμασκου	N-GSM	LXX_WH
1Krón 18:5	G0997	βοηθησαι	V-AAN	LXX_WH
1Krón 18:5		αδρααζαρ	N-PRI	ELTERO_SZOVEGALAP
1Krón 18:5	G0935	βασιλει	N-DSM	LXX_WH
1Krón 18:5		σουβα	N-PRI	ELTERO_SZOVEGALAP
1Krón 18:5	G2532	και	CONJ	LXX_WH
1Krón 18:5	G3960	επαταξεν	V-AAI-3S	LXX_WH
1Krón 18:5	G3960	δαυιδ	N-PRI	ABP-potolt
1Krón 18:5	G1722	εν	PREP	LXX_WH
1Krón 18:5	G3588	τω	T-DSM	LXX_WH
1Krón 18:5	G4948	συρω	N-DSM	LXX_WH
1Krón 18:5	G1501	εικοσι	N-NUI	LXX_WH
1Krón 18:5	G2532	και	CONJ	LXX_WH
1Krón 18:5	G1417	δυο	N-NUI	LXX_WH
1Krón 18:5	G5505	χιλιαδας	N-APF	LXX_WH
1Krón 18:5	G0435	ανδρων	N-GPM	LXX_WH
1Krón 18:6	G2532	και	CONJ	LXX_WH
1Krón 18:6	G5087	εθετο	V-AMI-3S	LXX_WH
1Krón 18:6	G5431	δαυιδ	N-PRI	ABP-potolt
1Krón 18:6	G5431	φρουραν	N-ASF	ABP-potolt
1Krón 18:6	G1722	εν	PREP	LXX_WH
1Krón 18:6	G4947	συρια	N-DSF	LXX_WH
1Krón 18:6	G3588	τη	T-DSF	LXX_WH
1Krón 18:6	G2596	κατα	PREP	LXX_WH
1Krón 18:6	G1154	δαμασκον	N-ASM	LXX_WH
1Krón 18:6	G2532	και	CONJ	LXX_WH
1Krón 18:6	G1510	ησαν	V-IAI-3P	LXX_WH
1Krón 18:6	G3588	τω	T-DSM	LXX_WH
1Krón 18:6		δαυιδ	N-PRI	ELTERO_SZOVEGALAP
1Krón 18:6	G1519	εις	PREP	LXX_WH
1Krón 18:6	G3816	παιδας	N-APM	LXX_WH
1Krón 18:6	G5342	φεροντας	V-PAPAP	LXX_WH
1Krón 18:6	G1435	δωρα	N-APN	LXX_WH
1Krón 18:6	G2532	και	CONJ	LXX_WH
1Krón 18:6	G4982	εσωζεν	V-IAI-3S	LXX_WH
1Krón 18:6	G2962	κυριος	N-NSM	LXX_WH
1Krón 18:6	G3588	τον	T-ASM	LXX_WH
1Krón 18:6		δαυιδ	N-PRI	ELTERO_SZOVEGALAP
1Krón 18:6	G1722	εν	PREP	LXX_WH
1Krón 18:6	G3956	πασιν	A-DPM	LXX_WH
1Krón 18:6	G3739	οις	R-DPM	LXX_WH
1Krón 18:6	G4198	επορευετο	V-IMI-3S	LXX_WH
1Krón 18:7	G2532	και	CONJ	LXX_WH
1Krón 18:7	G2983	ελαβεν	V-AAI-3S	LXX_WH
1Krón 18:7	G2983	δαυιδ	N-PRI	ABP-potolt
1Krón 18:7	G3588	τους	T-APM	LXX_WH
1Krón 18:7	G2827	κλοιους	N-APM	ABP-potolt
1Krón 18:7	G3588	τους	T-APM	LXX_WH
1Krón 18:7	G5552	χρυσους	A-NSM	ABP-potolt
1Krón 18:7	G3739	οι	R-NPM	LXX_WH
1Krón 18:7	G1510	ησαν	V-IAI-3P	LXX_WH
1Krón 18:7	G1909	επι	PREP	LXX_WH
1Krón 18:7	G3588	τους	T-APM	LXX_WH
1Krón 18:7	G3816	παιδας	N-APM	LXX_WH
1Krón 18:7		αδρααζαρ	N-PRI	ELTERO_SZOVEGALAP
1Krón 18:7	G2532	και	CONJ	LXX_WH
1Krón 18:7	G5342	ηνεγκεν	V-AAI-3S	LXX_WH
1Krón 18:7	G0846	αυτους	D-APM	LXX_WH
1Krón 18:7	G1519	εις	PREP	LXX_WH
1Krón 18:7	G2419	ιερουσαλημ	N-PRI	LXX_WH
1Krón 18:8	G2532	και	CONJ	LXX_WH
1Krón 18:8	G1537	εκ	PREP	LXX_WH
1Krón 18:8	G3588	της	T-GSF	LXX_WH
1Krón 18:8		μεταβηχας	N-PRI	
1Krón 18:8	G2532	και	CONJ	LXX_WH
1Krón 18:8	G1537	εκ	PREP	LXX_WH
1Krón 18:8	G3588	των	T-GPM	LXX_WH
1Krón 18:8	G1588	εκλεκτων	A-GPM	LXX_WH
1Krón 18:8	G4172	πολεων	N-GPF	LXX_WH
1Krón 18:8	G3588	των	T-GPM	LXX_WH
1Krón 18:8	G2983	αδρααζαρ	N-PRI	ABP-potolt
1Krón 18:8	G2983	ελαβεν	V-AAI-3S	LXX_WH
1Krón 18:8	G2983	δαυιδ	N-PRI	ABP-potolt
1Krón 18:8	G5475	χαλκον	N-ASM	LXX_WH
1Krón 18:8	G4183	πολυν	A-ASM	LXX_WH
1Krón 18:8	G4970	σφοδρα	ADV	LXX_WH
1Krón 18:8	G1537	εξ	PREP	LXX_WH
1Krón 18:8	G0846	αυτου	D-GSM	LXX_WH
1Krón 18:8	G4160	εποιησεν	V-AAI-3S	LXX_WH
1Krón 18:8	G4160	σαλωμων	N-PRI	ABP-potolt
1Krón 18:8	G3588	την	T-ASF	LXX_WH
1Krón 18:8	G2281	θαλασσαν	N-ASF	LXX_WH
1Krón 18:8	G3588	την	T-ASF	LXX_WH
1Krón 18:8		χαλκην	A-ASF	
1Krón 18:8	G2532	και	CONJ	LXX_WH
1Krón 18:8	G3588	τους	T-APM	LXX_WH
1Krón 18:8	G4769	στυλους	N-APM	LXX_WH
1Krón 18:8	G2532	και	CONJ	LXX_WH
1Krón 18:8	G3588	τα	T-APN	LXX_WH
1Krón 18:8	G4632	σκευη	N-APN	LXX_WH
1Krón 18:8	G3588	τα	T-APN	LXX_WH
1Krón 18:8	G5470	χαλκα	A-APN	ABP-potolt
1Krón 18:9	G2532	και	CONJ	LXX_WH
1Krón 18:9	G0191	ηκουσεν	V-AAI-3S	LXX_WH
1Krón 18:9		θωα	N-PRI	
1Krón 18:9	G0935	βασιλευς	N-NSM	LXX_WH
1Krón 18:9		ημαθ	N-PRI	
1Krón 18:9	G3754	οτι	CONJ	LXX_WH
1Krón 18:9	G3960	επαταξεν	V-AAI-3S	LXX_WH
1Krón 18:9	G3960	δαυιδ	N-PRI	ABP-potolt
1Krón 18:9	G3588	την	T-ASF	LXX_WH
1Krón 18:9	G3956	πασαν	A-ASF	LXX_WH
1Krón 18:9	G1411	δυναμιν	N-ASF	LXX_WH
1Krón 18:9		αδρααζαρ	N-PRI	
1Krón 18:9	G0935	βασιλεως	N-GSM	LXX_WH
1Krón 18:9		σουβα	N-PRI	
1Krón 18:10	G2532	και	CONJ	LXX_WH
1Krón 18:10	G0649	απεστειλεν	V-AAI-3S	LXX_WH
1Krón 18:10	G3588	τον	T-ASM	LXX_WH
1Krón 18:10		ιδουραμ	N-PRI	ELTERO_SZOVEGALAP
1Krón 18:10	G5207	υιον	N-ASM	LXX_WH
1Krón 18:10	G0846	αυτου	D-GSM	LXX_WH
1Krón 18:10	G4314	προς	PREP	LXX_WH
1Krón 18:10	G3588	τον	T-ASM	LXX_WH
1Krón 18:10	G0935	βασιλεα	N-ASM	LXX_WH
1Krón 18:10		δαυιδ	N-PRI	ELTERO_SZOVEGALAP
1Krón 18:10	G3588	του	T-GSN	LXX_WH
1Krón 18:10	G2065	ερωτησαι	V-AAN	LXX_WH
1Krón 18:10	G0846	αυτον	D-ASM	LXX_WH
1Krón 18:10	G3588	τα	T-APN	LXX_WH
1Krón 18:10	G1519	εις	PREP	LXX_WH
1Krón 18:10	G1515	ειρηνην	N-ASF	LXX_WH
1Krón 18:10	G2532	και	CONJ	LXX_WH
1Krón 18:10	G3588	του	T-GSN	LXX_WH
1Krón 18:10	G2127	ευλογησαι	V-RMI-2S	LXX_WH
1Krón 18:10	G0846	αυτον	D-ASM	LXX_WH
1Krón 18:10	G5228	υπερ	PREP	LXX_WH
1Krón 18:10	G3739	ου	R-GSM	LXX_WH
1Krón 18:10	G4170	επολεμησεν	V-AAI-3S	LXX_WH
1Krón 18:10	G3588	τον	T-ASM	LXX_WH
1Krón 18:10	G5552	αδρααζαρ	N-PRI	ABP-potolt
1Krón 18:10	G2532	και	CONJ	LXX_WH
1Krón 18:10	G3960	επαταξεν	V-AAI-3S	LXX_WH
1Krón 18:10	G0846	αυτον	D-ASM	LXX_WH
1Krón 18:10	G3754	οτι	CONJ	LXX_WH
1Krón 18:10	G0435	ανηρ	N-NSM	LXX_WH
1Krón 18:10	G4170	πολεμιος	A-NSM	ABP-potolt
1Krón 18:10	G4170	θωα	N-PRI	ABP-potolt
1Krón 18:10	G1510	ην	V-IAI-3S	LXX_WH
1Krón 18:10	G3588	τω	T-DSM	LXX_WH
1Krón 18:10	G5552	αδρααζαρ	N-PRI	ABP-potolt
1Krón 18:10	G2532	και	CONJ	LXX_WH
1Krón 18:10	G3956	παντα	A-APN	LXX_WH
1Krón 18:10	G3588	τα	T-APN	LXX_WH
1Krón 18:10	G4632	σκευη	N-APN	LXX_WH
1Krón 18:10		αργυρα	A-APN	ELTERO_SZOVEGALAP
1Krón 18:10	G2532	και	CONJ	LXX_WH
1Krón 18:10	G5470	χρυσα	A-APN	ABP-potolt
1Krón 18:11	G2532	και	CONJ	LXX_WH
1Krón 18:11	G3778	ταυτα	D-APN	LXX_WH
1Krón 18:11	G0037	ηγιασεν	V-AAI-3S	LXX_WH
1Krón 18:11		δαυιδ	N-PRI	ELTERO_SZOVEGALAP
1Krón 18:11	G3588	τω	T-DSM	LXX_WH
1Krón 18:11	G2962	κυριω	N-DSM	LXX_WH
1Krón 18:11	G3326	μετα	PREP	LXX_WH
1Krón 18:11	G3588	του	T-GSN	LXX_WH
1Krón 18:11	G0694	αργυριου	N-GSN	LXX_WH
1Krón 18:11	G2532	και	CONJ	LXX_WH
1Krón 18:11	G3588	του	T-GSN	LXX_WH
1Krón 18:11	G5553	χρυσιου	N-GSN	LXX_WH
1Krón 18:11	G3739	ου	R-GSM	LXX_WH
1Krón 18:11	G2983	ελαβεν	V-AAI-3S	LXX_WH
1Krón 18:11	G1537	εκ	PREP	LXX_WH
1Krón 18:11	G3956	παντων	A-GPM	LXX_WH
1Krón 18:11	G3588	των	T-GPN	LXX_WH
1Krón 18:11	G1484	εθνων	N-GPN	LXX_WH
1Krón 18:11	G1537	εξ	PREP	LXX_WH
1Krón 18:11	G2401	ιδουμαιας	N-GSF	LXX_WH
1Krón 18:11	G2532	και	CONJ	LXX_WH
1Krón 18:11		μωαβ	N-PRI	ELTERO_SZOVEGALAP
1Krón 18:11	G2532	και	CONJ	LXX_WH
1Krón 18:11	G1537	εξ	PREP	LXX_WH
1Krón 18:11	G5207	υιων	N-GPM	LXX_WH
1Krón 18:11		αμμων	N-PRI	ELTERO_SZOVEGALAP
1Krón 18:11	G2532	και	CONJ	LXX_WH
1Krón 18:11	G1537	εκ	PREP	LXX_WH
1Krón 18:11	G3588	των	T-GPM	LXX_WH
1Krón 18:11	G0246	αλλοφυλων	N-GPM	LXX_WH
1Krón 18:11	G2532	και	CONJ	LXX_WH
1Krón 18:11	G1537	εξ	PREP	LXX_WH
1Krón 18:11		αμαληκ	N-PRI	ELTERO_SZOVEGALAP
1Krón 18:12	G2532	και	CONJ	LXX_WH
1Krón 18:12		αβεσσα	N-PRI	ELTERO_SZOVEGALAP
1Krón 18:12	G5207	υιος	N-NSM	LXX_WH
1Krón 18:12		σαρουια	N-PRI	ELTERO_SZOVEGALAP
1Krón 18:12	G3960	επαταξεν	V-AAI-3S	LXX_WH
1Krón 18:12	G3588	την	T-ASF	LXX_WH
1Krón 18:12	G2401	ιδουμαιαν	N-ASF	LXX_WH
1Krón 18:12	G1722	εν	PREP	LXX_WH
1Krón 18:12	G2835	κοιλαδι	N-DSF	ABP-potolt
1Krón 18:12	G3588	των	T-GPM	LXX_WH
1Krón 18:12	G0251	αλων	N-GPM	LXX_WH
1Krón 18:12	G3638	οκτω	N-NUI	LXX_WH
1Krón 18:12	G2532	και	CONJ	LXX_WH
1Krón 18:12	G1176	δεκα	N-NUI	LXX_WH
1Krón 18:12	G5505	χιλιαδας	N-APF	LXX_WH
1Krón 18:13	G2532	και	CONJ	LXX_WH
1Krón 18:13	G5087	εθετο	V-AMI-3S	LXX_WH
1Krón 18:13	G1722	εν	PREP	LXX_WH
1Krón 18:13	G3588	τη	T-DSF	LXX_WH
1Krón 18:13	G5431	κοιλαδι	N-DSF	ABP-potolt
1Krón 18:13	G5431	φρουρας	N-APF	ABP-potolt
1Krón 18:13	G2532	και	CONJ	LXX_WH
1Krón 18:13	G1510	ησαν	V-IAI-3P	LXX_WH
1Krón 18:13	G3956	παντες	A-NPM	LXX_WH
1Krón 18:13	G3588	οι	T-NPM	LXX_WH
1Krón 18:13		ιδουμαιοι	N-NPM	ELTERO_SZOVEGALAP
1Krón 18:13	G3816	παιδες	N-NPM	LXX_WH
1Krón 18:13	G3588	δαυιδ	N-PRI	ABP-potolt
1Krón 18:13	G2532	και	CONJ	LXX_WH
1Krón 18:13	G4982	εσωζεν	V-IAI-3S	LXX_WH
1Krón 18:13	G2962	κυριος	N-NSM	LXX_WH
1Krón 18:13	G3588	τον	T-ASM	LXX_WH
1Krón 18:13		δαυιδ	N-PRI	ELTERO_SZOVEGALAP
1Krón 18:13	G1722	εν	PREP	LXX_WH
1Krón 18:13	G3956	πασιν	A-DPM	LXX_WH
1Krón 18:13	G3739	οις	R-DPM	LXX_WH
1Krón 18:13	G4198	επορευετο	V-IMI-3S	LXX_WH
1Krón 18:14	G2532	και	CONJ	LXX_WH
1Krón 18:14	G0936	εβασιλευσεν	V-AAI-3S	LXX_WH
1Krón 18:14	G0936	δαυιδ	N-PRI	ABP-potolt
1Krón 18:14	G1909	επι	PREP	LXX_WH
1Krón 18:14	G3956	παντα	A-ASM	LXX_WH
1Krón 18:14	G2474	ισραηλ	N-PRI	LXX_WH
1Krón 18:14	G2532	και	CONJ	LXX_WH
1Krón 18:14	G1510	ην	V-IAI-3S	LXX_WH
1Krón 18:14	G4169	ποιων	A-GPM	LXX_WH
1Krón 18:14	G2917	κριμα	N-ASN	LXX_WH
1Krón 18:14	G2532	και	CONJ	LXX_WH
1Krón 18:14	G1343	δικαιοσυνην	N-ASF	LXX_WH
1Krón 18:14	G3588	τω	T-DSM	LXX_WH
1Krón 18:14	G3956	παντι	A-DSM	LXX_WH
1Krón 18:14	G2992	λαω	N-DSM	LXX_WH
1Krón 18:14	G0846	αυτου	D-GSM	LXX_WH
1Krón 18:15	G2532	και	CONJ	LXX_WH
1Krón 18:15		ιωαβ	N-PRI	ELTERO_SZOVEGALAP
1Krón 18:15	G5207	υιος	N-NSM	LXX_WH
1Krón 18:15		σαρουια	N-PRI	ELTERO_SZOVEGALAP
1Krón 18:15	G1909	επι	PREP	LXX_WH
1Krón 18:15	G3588	της	T-GSF	LXX_WH
1Krón 18:15	G4756	στρατιας	N-GSF	LXX_WH
1Krón 18:15	G2532	και	CONJ	LXX_WH
1Krón 18:15	G2498	ιωσαφατ	N-PRI	LXX_WH
1Krón 18:15	G5207	υιος	N-NSM	LXX_WH
1Krón 18:15	G5279	αχιλουδ	N-PRI	ABP-potolt
1Krón 18:15	G5279	υπομνηματογραφος	N-NSM	ABP-potolt
1Krón 18:16	G2532	και	CONJ	LXX_WH
1Krón 18:16	G4524	σαδωκ	N-PRI	LXX_WH
1Krón 18:16	G5207	υιος	N-NSM	LXX_WH
1Krón 18:16	G2409	αχιτωβ	N-PRI	ABP-potolt
1Krón 18:16	G2532	και	CONJ	LXX_WH
1Krón 18:16		αχιμελεχ	N-PRI	ELTERO_SZOVEGALAP
1Krón 18:16	G5207	υιος	N-NSM	LXX_WH
1Krón 18:16	G0008	αβιαθαρ	N-PRI	LXX_WH
1Krón 18:16	G2409	ιερεις	N-NPM	LXX_WH
1Krón 18:16	G2532	και	CONJ	LXX_WH
1Krón 18:16		σουσα	N-PRI	ELTERO_SZOVEGALAP
1Krón 18:16	G1122	γραμματευς	N-NSM	LXX_WH
1Krón 18:17	G2532	και	CONJ	LXX_WH
1Krón 18:17	G3588	βαναιας	N-NSM	ABP-potolt
1Krón 18:17	G5207	υιος	N-NSM	LXX_WH
1Krón 18:17		ιωδαε	N-PRI	
1Krón 18:17	G1909	επι	PREP	LXX_WH
1Krón 18:17	G3588	του	T-GSM	LXX_WH
1Krón 18:17		χερεθθι	N-PRI	
1Krón 18:17	G2532	και	CONJ	LXX_WH
1Krón 18:17	G3588	του	T-GSM	LXX_WH
1Krón 18:17		φελεθθι	N-PRI	
1Krón 18:17	G2532	και	CONJ	LXX_WH
1Krón 18:17	G5207	υιοι	N-NPM	LXX_WH
1Krón 18:17	G1909	δαυιδ	N-PRI	ABP-potolt
1Krón 18:17	G3588	οι	T-NPM	LXX_WH
1Krón 18:17	G4413	πρωτοι	A-NPMS	LXX_WH
1Krón 18:17	G1240	διαδοχοι	N-NPM	LXX_WH
1Krón 18:17	G3588	του	T-GSM	LXX_WH
1Krón 18:17	G0935	βασιλεως	N-GSM	LXX_WH
1Krón 19:1	G2532	και	CONJ	LXX_WH
1Krón 19:1	G1096	εγενετο	V-AMI-3S	LXX_WH
1Krón 19:1	G3326	μετα	PREP	LXX_WH
1Krón 19:1	G3778	ταυτα	D-APN	LXX_WH
1Krón 19:1	G0599	απεθανεν	V-AAI-3S	LXX_WH
1Krón 19:1		ναας	N-PRI	ELTERO_SZOVEGALAP
1Krón 19:1	G0935	βασιλευς	N-NSM	LXX_WH
1Krón 19:1	G5207	υιων	N-GPM	LXX_WH
1Krón 19:1		αμμων	N-PRI	ELTERO_SZOVEGALAP
1Krón 19:1	G2532	και	CONJ	LXX_WH
1Krón 19:1	G0936	εβασιλευσεν	V-AAI-3S	LXX_WH
1Krón 19:1		αναν	N-PRI	ELTERO_SZOVEGALAP
1Krón 19:1	G5207	υιος	N-NSM	LXX_WH
1Krón 19:1	G0846	αυτου	D-GSM	LXX_WH
1Krón 19:1	G0473	αντ	PREP	LXX_WH
1Krón 19:1	G0846	αυτου	D-GSM	LXX_WH
1Krón 19:2	G2532	και	CONJ	LXX_WH
1Krón 19:2		ειπεν	V-AAI-3S	ELTERO_SZOVEGALAP
1Krón 19:2		δαυιδ	N-PRI	ELTERO_SZOVEGALAP
1Krón 19:2	G4160	ποιησω	V-FAI-1S	LXX_WH
1Krón 19:2	G1656	ελεος	N-ASN	LXX_WH
1Krón 19:2	G3326	μετα	PREP	LXX_WH
1Krón 19:2		αναν	N-PRI	ELTERO_SZOVEGALAP
1Krón 19:2	G5207	υιου	N-GSM	LXX_WH
1Krón 19:2		ναας	N-PRI	ELTERO_SZOVEGALAP
1Krón 19:2	G3739	ως	CONJ	LXX_WH
1Krón 19:2	G4160	εποιησεν	V-AAI-3S	LXX_WH
1Krón 19:2	G3588	ο	T-NSM	LXX_WH
1Krón 19:2	G3962	πατηρ	N-NSM	LXX_WH
1Krón 19:2	G0846	αυτου	D-GSM	LXX_WH
1Krón 19:2	G3326	μετ	PREP	LXX_WH
1Krón 19:2	G1473	εμου	P-GS	LXX_WH
1Krón 19:2	G1656	ελεος	N-ASN	LXX_WH
1Krón 19:2	G2532	και	CONJ	LXX_WH
1Krón 19:2	G0649	απεστειλεν	V-AAI-3S	LXX_WH
1Krón 19:2	G0032	αγγελους	N-APM	LXX_WH
1Krón 19:2		δαυιδ	N-PRI	ELTERO_SZOVEGALAP
1Krón 19:2	G3588	του	T-GSN	LXX_WH
1Krón 19:2	G3870	παρακαλεσαι	V-AAN	LXX_WH
1Krón 19:2	G0846	αυτον	D-ASM	LXX_WH
1Krón 19:2	G4012	περι	PREP	LXX_WH
1Krón 19:2	G3588	του	T-GSM	LXX_WH
1Krón 19:2	G3962	πατρος	N-GSM	LXX_WH
1Krón 19:2	G0846	αυτου	D-GSM	LXX_WH
1Krón 19:2	G2532	και	CONJ	LXX_WH
1Krón 19:2	G2064	ηλθον	V-AAI-3P	LXX_WH
1Krón 19:2	G3816	παιδες	N-NPM	LXX_WH
1Krón 19:2		δαυιδ	N-PRI	ELTERO_SZOVEGALAP
1Krón 19:2	G1519	εις	PREP	LXX_WH
1Krón 19:2	G1065	γην	N-ASF	LXX_WH
1Krón 19:2	G5207	υιων	N-GPM	LXX_WH
1Krón 19:2	G4314	αμμων	N-PRI	ABP-potolt
1Krón 19:2	G3588	του	T-GSN	LXX_WH
1Krón 19:2	G3870	παρακαλεσαι	V-AAN	LXX_WH
1Krón 19:2	G0846	αυτον	D-ASM	LXX_WH
1Krón 19:3	G2532	και	CONJ	LXX_WH
1Krón 19:3		ειπον	V-AAI-3P	ELTERO_SZOVEGALAP
1Krón 19:3	G0758	αρχοντες	N-NPM	LXX_WH
1Krón 19:3	G5207	αμμων	N-PRI	ABP-potolt
1Krón 19:3	G4314	προς	PREP	LXX_WH
1Krón 19:3		αναν	N-PRI	ELTERO_SZOVEGALAP
1Krón 19:3	G3165	μη	ADV	LXX_WH
1Krón 19:3	G1392	δοξαζων	V-PAPNS	LXX_WH
1Krón 19:3	G1392	δαυιδ	N-PRI	ABP-potolt
1Krón 19:3	G3588	τον	T-ASM	LXX_WH
1Krón 19:3	G3962	πατερα	N-ASM	LXX_WH
1Krón 19:3	G4771	σου	P-GS	LXX_WH
1Krón 19:3	G1726	εναντιον	PREP	LXX_WH
1Krón 19:3	G4771	σου	P-GS	LXX_WH
1Krón 19:3	G0649	απεστειλεν	V-AAI-3S	LXX_WH
1Krón 19:3	G4771	σοι	P-DS	LXX_WH
1Krón 19:3	G3870	παρακαλουντας	V-PAPAP	LXX_WH
1Krón 19:3	G3364	ουχ	ADV	LXX_WH
1Krón 19:3	G3704	οπως	CONJ	LXX_WH
1Krón 19:3	G1830	εξερευνησωσιν	V-AAS-3P	LXX_WH
1Krón 19:3	G3588	την	T-ASF	LXX_WH
1Krón 19:3	G4172	πολιν	N-ASF	LXX_WH
1Krón 19:3	G3588	του	T-GSN	LXX_WH
1Krón 19:3	G2684	κατασκοπησαι	V-AAN	LXX_WH
1Krón 19:3	G3588	την	T-ASF	LXX_WH
1Krón 19:3	G1065	γην	N-ASF	LXX_WH
1Krón 19:3	G2064	ηλθον	V-AAI-3P	LXX_WH
1Krón 19:3	G3816	παιδες	N-NPM	LXX_WH
1Krón 19:3	G0846	αυτου	D-GSM	LXX_WH
1Krón 19:3	G4314	προς	PREP	LXX_WH
1Krón 19:3	G4771	σε	P-AS	LXX_WH
1Krón 19:4	G2532	και	CONJ	LXX_WH
1Krón 19:4	G2983	ελαβεν	V-AAI-3S	LXX_WH
1Krón 19:4	G2983	αναν	N-PRI	ABP-potolt
1Krón 19:4	G3588	τους	T-APM	LXX_WH
1Krón 19:4	G3816	παιδας	N-APM	LXX_WH
1Krón 19:4		δαυιδ	N-PRI	ELTERO_SZOVEGALAP
1Krón 19:4	G2532	και	CONJ	LXX_WH
1Krón 19:4	G3587	εξυρησεν	V-AAI-3S	LXX_WH
1Krón 19:4	G0846	αυτους	D-APM	LXX_WH
1Krón 19:4	G2532	και	CONJ	LXX_WH
1Krón 19:4	G0851	αφειλεν	V-AAI-3S	ABP-potolt
1Krón 19:4	G3588	των	T-GPM	LXX_WH
1Krón 19:4		μανδυων	N-GPM	ELTERO_SZOVEGALAP
1Krón 19:4	G0846	αυτων	D-GPM	LXX_WH
1Krón 19:4	G3588	το	T-ASN	LXX_WH
1Krón 19:4	G2255	ημισυ	A-ASN	ABP-potolt
1Krón 19:4	G2193	εως	PREP	LXX_WH
1Krón 19:4	G3588	της	T-GSF	LXX_WH
1Krón 19:4	G0311	αναβολης	N-GSF	LXX_WH
1Krón 19:4	G2532	και	CONJ	LXX_WH
1Krón 19:4	G0649	απεστειλεν	V-AAI-3S	LXX_WH
1Krón 19:4	G0846	αυτους	D-APM	LXX_WH
1Krón 19:5	G2532	και	CONJ	LXX_WH
1Krón 19:5	G2064	ηλθον	V-AAI-3P	LXX_WH
1Krón 19:5		απαγγειλαι	V-AAN	ELTERO_SZOVEGALAP
1Krón 19:5	G3588	τω	T-DSM	LXX_WH
1Krón 19:5		δαυιδ	N-PRI	ELTERO_SZOVEGALAP
1Krón 19:5	G4012	περι	PREP	LXX_WH
1Krón 19:5	G3588	των	T-GPM	LXX_WH
1Krón 19:5	G0435	ανδρων	N-GPM	LXX_WH
1Krón 19:5	G2532	και	CONJ	LXX_WH
1Krón 19:5	G0649	απεστειλεν	V-AAI-3S	LXX_WH
1Krón 19:5	G1519	εις	PREP	LXX_WH
1Krón 19:5		απαντησιν	N-ASF	ELTERO_SZOVEGALAP
1Krón 19:5	G0846	αυτοις	D-DPM	LXX_WH
1Krón 19:5	G3754	οτι	CONJ	LXX_WH
1Krón 19:5	G1510	ησαν	V-IAI-3P	LXX_WH
1Krón 19:5	G0821	ητιμωμενοι	V-YMPNP	LXX_WH
1Krón 19:5	G4970	σφοδρα	ADV	LXX_WH
1Krón 19:5	G2532	και	CONJ	LXX_WH
1Krón 19:5		ειπεν	V-AAI-3S	
1Krón 19:5	G3588	ο	T-NSM	LXX_WH
1Krón 19:5	G0935	βασιλευς	N-NSM	LXX_WH
1Krón 19:5	G2521	καθισατε	V-AAD-2P	LXX_WH
1Krón 19:5	G1722	εν	PREP	LXX_WH
1Krón 19:5	G2410	ιεριχω	N-PRI	LXX_WH
1Krón 19:5	G2193	εως	PREP	LXX_WH
1Krón 19:5	G3588	του	T-GSN	LXX_WH
1Krón 19:5	G0393	ανατειλαι	V-AAN	LXX_WH
1Krón 19:5	G3588	τους	T-APM	LXX_WH
1Krón 19:5		πωγωνας	N-APM	ELTERO_SZOVEGALAP
1Krón 19:5	G4771	υμων	P-GP	LXX_WH
1Krón 19:5	G2532	και	CONJ	LXX_WH
1Krón 19:5	G0344	ανακαμψατε	V-AAD-2P	LXX_WH
1Krón 19:6	G2532	και	CONJ	LXX_WH
1Krón 19:6	G3708	ειδον	V-AAI-3P	LXX_WH
1Krón 19:6	G3588	οι	T-NPM	LXX_WH
1Krón 19:6	G5207	υιοι	N-NPM	LXX_WH
1Krón 19:6		αμμων	N-PRI	ELTERO_SZOVEGALAP
1Krón 19:6	G3754	οτι	CONJ	LXX_WH
1Krón 19:6	G0153	ησχυνθη	V-API-3S	LXX_WH
1Krón 19:6	G2992	λαος	N-NSM	LXX_WH
1Krón 19:6		δαυιδ	N-PRI	ELTERO_SZOVEGALAP
1Krón 19:6	G2532	και	CONJ	LXX_WH
1Krón 19:6	G0649	απεστειλεν	V-AAI-3S	LXX_WH
1Krón 19:6		αναν	N-PRI	ELTERO_SZOVEGALAP
1Krón 19:6	G2532	και	CONJ	LXX_WH
1Krón 19:6	G3588	οι	T-NPM	LXX_WH
1Krón 19:6	G5207	υιοι	N-NPM	LXX_WH
1Krón 19:6		αμμων	N-PRI	ELTERO_SZOVEGALAP
1Krón 19:6	G5507	χιλια	A-APN	LXX_WH
1Krón 19:6	G5007	ταλαντα	N-APN	LXX_WH
1Krón 19:6	G0694	αργυριου	N-GSN	LXX_WH
1Krón 19:6	G3588	του	T-GSN	LXX_WH
1Krón 19:6	G3409	μισθωσασθαι	V-AMN	LXX_WH
1Krón 19:6	G1438	εαυτοις	D-DPM	LXX_WH
1Krón 19:6	G1537	εκ	PREP	LXX_WH
1Krón 19:6	G4947	συριας	N-GSF	LXX_WH
1Krón 19:6	G3318	μεσοποταμιας	N-GSF	LXX_WH
1Krón 19:6	G2532	και	CONJ	LXX_WH
1Krón 19:6	G1537	εκ	PREP	LXX_WH
1Krón 19:6	G4947	συριας	N-GSF	LXX_WH
1Krón 19:6		μοοχα	N-PRI	ELTERO_SZOVEGALAP
1Krón 19:6	G2532	και	CONJ	LXX_WH
1Krón 19:6	G1537	εκ	PREP	LXX_WH
1Krón 19:6		σωβα	N-PRI	ELTERO_SZOVEGALAP
1Krón 19:6	G0716	αρματα	N-APN	LXX_WH
1Krón 19:6	G2532	και	CONJ	LXX_WH
1Krón 19:6	G2460	ιππεις	N-APM	LXX_WH
1Krón 19:7	G2532	και	CONJ	LXX_WH
1Krón 19:7	G3409	εμισθωσαντο	V-AMI-3P	LXX_WH
1Krón 19:7	G1438	εαυτοις	D-DPM	LXX_WH
1Krón 19:7	G1417	δυο	N-NUI	LXX_WH
1Krón 19:7	G2532	και	CONJ	LXX_WH
1Krón 19:7	G5144	τριακοντα	N-NUI	LXX_WH
1Krón 19:7	G5505	χιλιαδας	N-APF	LXX_WH
1Krón 19:7	G0716	αρματων	N-GPN	LXX_WH
1Krón 19:7	G2532	και	CONJ	LXX_WH
1Krón 19:7	G3588	τον	T-ASM	LXX_WH
1Krón 19:7	G0935	βασιλεα	N-ASM	LXX_WH
1Krón 19:7		μωχα	N-PRI	ELTERO_SZOVEGALAP
1Krón 19:7	G2532	και	CONJ	LXX_WH
1Krón 19:7	G3588	τον	T-ASM	LXX_WH
1Krón 19:7	G2992	λαον	N-ASM	LXX_WH
1Krón 19:7	G0846	αυτου	D-GSM	LXX_WH
1Krón 19:7	G2532	και	CONJ	LXX_WH
1Krón 19:7	G2064	ηλθον	V-AAI-3P	LXX_WH
1Krón 19:7	G2532	και	CONJ	LXX_WH
1Krón 19:7	G2064	παρενεβαλον	V-AAI-3P	ABP-potolt
1Krón 19:7	G2064	κατεναντι	ADV	ABP-potolt
1Krón 19:7	G2064	μαιδαβα	N-PRI	ABP-potolt
1Krón 19:7	G2532	και	CONJ	LXX_WH
1Krón 19:7	G3588	οι	T-NPM	LXX_WH
1Krón 19:7	G5207	υιοι	N-NPM	LXX_WH
1Krón 19:7		αμμων	N-PRI	ELTERO_SZOVEGALAP
1Krón 19:7	G4863	συνηχθησαν	V-API-3P	LXX_WH
1Krón 19:7	G1537	εκ	PREP	LXX_WH
1Krón 19:7	G3588	των	T-GPF	LXX_WH
1Krón 19:7	G4172	πολεων	N-GPF	LXX_WH
1Krón 19:7	G0846	αυτων	D-GPM	LXX_WH
1Krón 19:7	G2532	και	CONJ	LXX_WH
1Krón 19:7	G2064	ηλθον	V-AAI-3P	LXX_WH
1Krón 19:7	G1519	εις	PREP	LXX_WH
1Krón 19:7	G3588	το	T-ASN	LXX_WH
1Krón 19:7	G4170	πολεμησαι	V-AAN	LXX_WH
1Krón 19:8	G2532	και	CONJ	LXX_WH
1Krón 19:8	G0191	ηκουσεν	V-AAI-3S	LXX_WH
1Krón 19:8	G0191	δαυιδ	N-PRI	ABP-potolt
1Krón 19:8	G2532	και	CONJ	LXX_WH
1Krón 19:8	G0649	απεστειλεν	V-AAI-3S	LXX_WH
1Krón 19:8	G3588	τον	T-ASM	LXX_WH
1Krón 19:8		ιωαβ	N-PRI	
1Krón 19:8	G2532	και	CONJ	LXX_WH
1Krón 19:8	G3956	πασαν	A-ASF	LXX_WH
1Krón 19:8	G3588	την	T-ASF	LXX_WH
1Krón 19:8	G4756	στρατιαν	N-ASF	LXX_WH
1Krón 19:8	G3588	των	T-GPM	LXX_WH
1Krón 19:8	G1415	δυνατων	A-GPM	LXX_WH
1Krón 19:9	G2532	και	CONJ	LXX_WH
1Krón 19:9	G1831	εξηλθον	V-AAI-3P	LXX_WH
1Krón 19:9	G3588	οι	T-NPM	LXX_WH
1Krón 19:9	G5207	υιοι	N-NPM	LXX_WH
1Krón 19:9		αμμων	N-PRI	
1Krón 19:9	G2532	και	CONJ	LXX_WH
1Krón 19:9	G3904	παρατασσονται	V-PMI-3P	ABP-potolt
1Krón 19:9	G1519	εις	PREP	LXX_WH
1Krón 19:9	G4171	πολεμον	N-ASM	LXX_WH
1Krón 19:9	G3844	παρα	PREP	LXX_WH
1Krón 19:9	G3588	τον	T-ASM	LXX_WH
1Krón 19:9	G4440	πυλωνα	N-ASM	LXX_WH
1Krón 19:9	G3588	της	T-GSF	LXX_WH
1Krón 19:9	G4172	πολεως	N-GSF	LXX_WH
1Krón 19:9	G2532	και	CONJ	LXX_WH
1Krón 19:9	G3588	οι	T-NPM	LXX_WH
1Krón 19:9	G0935	βασιλεις	N-NPM	LXX_WH
1Krón 19:9	G3588	οι	T-NPM	LXX_WH
1Krón 19:9	G2064	ελθοντες	V-AAPNP	LXX_WH
1Krón 19:9	G3924	παρενεβαλον	V-AAI-3P	ABP-potolt
1Krón 19:9	G2596	καθ	PREP	LXX_WH
1Krón 19:9	G1438	εαυτους	D-APM	LXX_WH
1Krón 19:9	G1722	εν	PREP	LXX_WH
1Krón 19:9	G3588	τω	T-DSN	LXX_WH
1Krón 19:9	G3977	πεδιω	N-DSN	ABP-potolt
1Krón 19:10	G2532	και	CONJ	LXX_WH
1Krón 19:10	G3708	ειδεν	V-AAI-3S	LXX_WH
1Krón 19:10		ιωαβ	N-PRI	ELTERO_SZOVEGALAP
1Krón 19:10	G3754	οτι	CONJ	LXX_WH
1Krón 19:10	G1096	γεγονασιν	V-RAI-3P	LXX_WH
1Krón 19:10	G0496	αντιπροσωποι	A-NPM	ABP-potolt
1Krón 19:10	G3588	του	T-GSN	LXX_WH
1Krón 19:10	G4170	πολεμειν	V-PAN	LXX_WH
1Krón 19:10	G4314	προς	PREP	LXX_WH
1Krón 19:10	G0846	αυτον	D-ASM	LXX_WH
1Krón 19:10	G2596	κατα	PREP	LXX_WH
1Krón 19:10	G4383	προσωπον	N-ASN	LXX_WH
1Krón 19:10	G2532	και	CONJ	LXX_WH
1Krón 19:10	G1843	εξοπισθεν	PREP	ABP-potolt
1Krón 19:10	G2532	και	CONJ	LXX_WH
1Krón 19:10	G1586	εξελεξατο	V-AMI-3S	ABP-potolt
1Krón 19:10	G1537	εκ	PREP	LXX_WH
1Krón 19:10	G3956	παντος	A-GSM	LXX_WH
1Krón 19:10	G3494	νεανιου	N-GSM	LXX_WH
1Krón 19:10	G1537	εξ	PREP	LXX_WH
1Krón 19:10	G2474	ισραηλ	N-PRI	LXX_WH
1Krón 19:10	G2532	και	CONJ	LXX_WH
1Krón 19:10	G3904	παρεταξαντο	V-AMI-3P	ABP-potolt
1Krón 19:10	G1726	εναντιον	PREP	LXX_WH
1Krón 19:10	G3588	του	T-GSM	LXX_WH
1Krón 19:10	G4948	συρου	N-GSM	LXX_WH
1Krón 19:11	G2532	και	CONJ	LXX_WH
1Krón 19:11	G3588	το	T-ASN	LXX_WH
1Krón 19:11	G2645	καταλοιπον	A-ASM	LXX_WH
1Krón 19:11	G3588	του	T-GSM	LXX_WH
1Krón 19:11	G2992	λαου	N-GSM	LXX_WH
1Krón 19:11	G1325	εδωκεν	V-AAI-3S	LXX_WH
1Krón 19:11	G1722	εν	PREP	LXX_WH
1Krón 19:11	G5495	χειρι	N-DSF	LXX_WH
1Krón 19:11	G3588	αβεσσα	N-PRI	ABP-potolt
1Krón 19:11	G0080	αδελφου	N-GSM	LXX_WH
1Krón 19:11	G0846	αυτου	D-GSM	LXX_WH
1Krón 19:11	G2532	και	CONJ	LXX_WH
1Krón 19:11		παρεταξαντο	V-AMI-3P	ELTERO_SZOVEGALAP
1Krón 19:11	G1537	εξ	PREP	LXX_WH
1Krón 19:11	G1727	εναντιας	A-GSF	LXX_WH
1Krón 19:11	G5207	υιων	N-GPM	LXX_WH
1Krón 19:11		αμμων	N-PRI	ELTERO_SZOVEGALAP
1Krón 19:12	G2532	και	CONJ	LXX_WH
1Krón 19:12	G2036	ειπεν	V-AAI-3S	ABP-potolt
1Krón 19:12	G1437	εαν	CONJ	LXX_WH
1Krón 19:12	G2902	κρατηση	V-FMI-2S	LXX_WH
1Krón 19:12	G5228	υπερ	PREP	LXX_WH
1Krón 19:12	G1473	εμε	P-AS	LXX_WH
1Krón 19:12	G4948	συρος	N-NSM	LXX_WH
1Krón 19:12	G2532	και	CONJ	LXX_WH
1Krón 19:12	G1510	εση	V-FMI-2S	LXX_WH
1Krón 19:12	G1473	μοι	P-DS	LXX_WH
1Krón 19:12	G1519	εις	PREP	LXX_WH
1Krón 19:12	G4991	σωτηριαν	N-ASF	LXX_WH
1Krón 19:12	G2532	και	CONJ	LXX_WH
1Krón 19:12	G1437	εαν	CONJ	LXX_WH
1Krón 19:12	G5207	υιοι	N-NPM	LXX_WH
1Krón 19:12		αμμων	N-PRI	ELTERO_SZOVEGALAP
1Krón 19:12	G2902	κρατησωσιν	V-AAS-3P	LXX_WH
1Krón 19:12	G5228	υπερ	PREP	LXX_WH
1Krón 19:12	G4771	σε	P-AS	LXX_WH
1Krón 19:12	G2532	και	CONJ	LXX_WH
1Krón 19:12	G4982	σωσω	V-FAI-1S	LXX_WH
1Krón 19:12	G4771	σε	P-AS	LXX_WH
1Krón 19:13	G0407	ανδριζου	V-PMD-2S	LXX_WH
1Krón 19:13	G2532	και	CONJ	LXX_WH
1Krón 19:13	G1765	ενισχυσωμεν	V-AAS-1P	LXX_WH
1Krón 19:13	G4012	περι	PREP	LXX_WH
1Krón 19:13	G3588	του	T-GSM	LXX_WH
1Krón 19:13	G2992	λαου	N-GSM	LXX_WH
1Krón 19:13	G1473	ημων	P-GP	LXX_WH
1Krón 19:13	G2532	και	CONJ	LXX_WH
1Krón 19:13	G4012	περι	PREP	LXX_WH
1Krón 19:13	G3588	των	T-GPF	LXX_WH
1Krón 19:13	G4172	πολεων	N-GPF	LXX_WH
1Krón 19:13	G3588	του	T-GSM	LXX_WH
1Krón 19:13	G2316	θεου	N-GSM	LXX_WH
1Krón 19:13	G1473	ημων	P-GP	LXX_WH
1Krón 19:13	G2532	και	CONJ	LXX_WH
1Krón 19:13	G2962	κυριος	N-NSM	LXX_WH
1Krón 19:13	G3588	το	T-ASN	LXX_WH
1Krón 19:13	G0018	αγαθον	A-ASM	LXX_WH
1Krón 19:13	G1722	εν	PREP	LXX_WH
1Krón 19:13	G3788	οφθαλμοις	N-DPM	LXX_WH
1Krón 19:13	G0846	αυτου	D-GSM	LXX_WH
1Krón 19:13	G4160	ποιησει	V-FAI-3S	LXX_WH
1Krón 19:14	G2532	και	CONJ	LXX_WH
1Krón 19:14		παρεταξατο	V-AMI-3S	ELTERO_SZOVEGALAP
1Krón 19:14		ιωαβ	N-PRI	ELTERO_SZOVEGALAP
1Krón 19:14	G2532	και	CONJ	LXX_WH
1Krón 19:14	G3588	ο	T-NSM	LXX_WH
1Krón 19:14	G2992	λαος	N-NSM	LXX_WH
1Krón 19:14	G3588	ο	T-NSM	LXX_WH
1Krón 19:14	G3326	μετ	PREP	LXX_WH
1Krón 19:14	G0846	αυτου	D-GSM	LXX_WH
1Krón 19:14		κατεναντι	ADV	ELTERO_SZOVEGALAP
1Krón 19:14		συρων	N-GPM	ELTERO_SZOVEGALAP
1Krón 19:14	G1519	εις	PREP	LXX_WH
1Krón 19:14	G4171	πολεμον	N-ASM	LXX_WH
1Krón 19:14	G2532	και	CONJ	LXX_WH
1Krón 19:14	G5343	εφυγον	V-AAI-3P	LXX_WH
1Krón 19:14	G0575	απ	PREP	LXX_WH
1Krón 19:14	G0846	αυτου	D-GSM	LXX_WH
1Krón 19:15	G2532	και	CONJ	LXX_WH
1Krón 19:15	G3588	οι	T-NPM	LXX_WH
1Krón 19:15	G5207	υιοι	N-NPM	LXX_WH
1Krón 19:15		αμμων	N-PRI	ELTERO_SZOVEGALAP
1Krón 19:15	G3708	ειδον	V-AAI-3P	LXX_WH
1Krón 19:15	G3754	οτι	CONJ	LXX_WH
1Krón 19:15	G5343	εφυγον	V-AAI-3P	LXX_WH
1Krón 19:15	G4948	συροι	N-NPM	LXX_WH
1Krón 19:15	G2532	και	CONJ	LXX_WH
1Krón 19:15	G5343	εφυγον	V-AAI-3P	LXX_WH
1Krón 19:15	G2532	και	CONJ	LXX_WH
1Krón 19:15	G0846	αυτοι	D-NPM	LXX_WH
1Krón 19:15	G0575	απο	PREP	LXX_WH
1Krón 19:15	G4383	προσωπου	N-GSN	LXX_WH
1Krón 19:15		ιωαβ	N-PRI	ELTERO_SZOVEGALAP
1Krón 19:15	G2532	και	CONJ	LXX_WH
1Krón 19:15	G0575	απο	PREP	LXX_WH
1Krón 19:15	G4383	προσωπου	N-GSN	LXX_WH
1Krón 19:15		αβεσσα	N-PRI	ELTERO_SZOVEGALAP
1Krón 19:15	G3588	του	T-GSM	LXX_WH
1Krón 19:15	G0080	αδελφου	N-GSM	LXX_WH
1Krón 19:15	G0846	αυτου	D-GSM	LXX_WH
1Krón 19:15	G2532	και	CONJ	LXX_WH
1Krón 19:15	G2064	ηλθον	V-AAI-3P	LXX_WH
1Krón 19:15	G1519	εις	PREP	LXX_WH
1Krón 19:15	G3588	την	T-ASF	LXX_WH
1Krón 19:15	G4172	πολιν	N-ASF	LXX_WH
1Krón 19:15	G2532	και	CONJ	LXX_WH
1Krón 19:15	G2064	ηλθεν	V-AAI-3S	LXX_WH
1Krón 19:15	G2064	ιωαβ	N-PRI	ABP-potolt
1Krón 19:15	G1519	εις	PREP	LXX_WH
1Krón 19:15	G2419	ιερουσαλημ	N-PRI	LXX_WH
1Krón 19:16	G2532	και	CONJ	LXX_WH
1Krón 19:16	G3708	ειδεν	V-AAI-3S	LXX_WH
1Krón 19:16	G4948	συρος	N-NSM	LXX_WH
1Krón 19:16	G3754	οτι	CONJ	LXX_WH
1Krón 19:16		ετροπωσατο	V-AMI-3S	ELTERO_SZOVEGALAP
1Krón 19:16	G0846	αυτον	D-ASM	LXX_WH
1Krón 19:16	G2474	ισραηλ	N-PRI	LXX_WH
1Krón 19:16	G2532	και	CONJ	LXX_WH
1Krón 19:16	G0649	απεστειλεν	V-AAI-3S	LXX_WH
1Krón 19:16	G0032	αγγελους	N-APM	LXX_WH
1Krón 19:16	G2532	και	CONJ	LXX_WH
1Krón 19:16	G1806	εξηγαγον	V-AAI-3P	LXX_WH
1Krón 19:16	G3588	τον	T-ASM	LXX_WH
1Krón 19:16	G4948	συρον	N-ASM	LXX_WH
1Krón 19:16	G1537	εκ	PREP	LXX_WH
1Krón 19:16	G3588	του	T-GSM	LXX_WH
1Krón 19:16	G4008	περαν	PREP	LXX_WH
1Krón 19:16	G3588	του	T-GSM	LXX_WH
1Krón 19:16	G4215	ποταμου	N-GSM	LXX_WH
1Krón 19:16	G2532	και	CONJ	LXX_WH
1Krón 19:16		σωφαχ	N-PRI	ELTERO_SZOVEGALAP
1Krón 19:16		αρχιστρατηγος	N-NSM	ELTERO_SZOVEGALAP
1Krón 19:16	G1411	δυναμεως	N-GSF	LXX_WH
1Krón 19:16		αδρααζαρ	N-PRI	ELTERO_SZOVEGALAP
1Krón 19:16	G1715	εμπροσθεν	PREP	LXX_WH
1Krón 19:16	G0846	αυτων	D-GPM	LXX_WH
1Krón 19:17	G2532	και	CONJ	LXX_WH
1Krón 19:17		απηγγελη	V-API-3S	
1Krón 19:17	G3588	τω	T-DSM	LXX_WH
1Krón 19:17	G3956	δαυιδ	N-PRI	ABP-potolt
1Krón 19:17	G2532	και	CONJ	LXX_WH
1Krón 19:17	G4863	συνηγαγεν	V-AAI-3S	LXX_WH
1Krón 19:17	G3588	τον	T-ASM	LXX_WH
1Krón 19:17	G3956	παντα	A-ASM	LXX_WH
1Krón 19:17	G2474	ισραηλ	N-PRI	LXX_WH
1Krón 19:17	G2532	και	CONJ	LXX_WH
1Krón 19:17	G1224	διεβη	V-AAI-3S	LXX_WH
1Krón 19:17	G3588	τον	T-ASM	LXX_WH
1Krón 19:17	G2446	ιορδανην	N-ASM	LXX_WH
1Krón 19:17	G2532	και	CONJ	LXX_WH
1Krón 19:17	G2064	ηλθεν	V-AAI-3S	LXX_WH
1Krón 19:17	G1909	επ	PREP	LXX_WH
1Krón 19:17	G0846	αυτους	D-APM	LXX_WH
1Krón 19:17	G2532	και	CONJ	LXX_WH
1Krón 19:17		παρεταξατο	V-AMI-3S	
1Krón 19:17	G1909	επ	PREP	LXX_WH
1Krón 19:17	G0846	αυτους	D-APM	LXX_WH
1Krón 19:17	G2532	και	CONJ	LXX_WH
1Krón 19:17		παρατασσεται	V-PMI-3S	ELTERO_SZOVEGALAP
1Krón 19:17	G4948	συρος	N-NSM	LXX_WH
1Krón 19:17	G1537	εξ	PREP	LXX_WH
1Krón 19:17	G1727	εναντιας	A-GSF	LXX_WH
1Krón 19:17		δαυιδ	N-PRI	ELTERO_SZOVEGALAP
1Krón 19:17	G2532	και	CONJ	LXX_WH
1Krón 19:17	G4170	επολεμησαν	V-AAI-3P	LXX_WH
1Krón 19:17	G0846	αυτον	D-ASM	LXX_WH
1Krón 19:18	G2532	και	CONJ	LXX_WH
1Krón 19:18	G5343	εφυγεν	V-AAI-3S	LXX_WH
1Krón 19:18	G4948	συρος	N-NSM	LXX_WH
1Krón 19:18	G0575	απο	PREP	LXX_WH
1Krón 19:18	G4383	προσωπου	N-GSN	LXX_WH
1Krón 19:18		δαυιδ	N-PRI	ELTERO_SZOVEGALAP
1Krón 19:18	G2532	και	CONJ	LXX_WH
1Krón 19:18	G0615	απεκτεινεν	V-AAI-3S	LXX_WH
1Krón 19:18	G0615	δαυιδ	N-PRI	ABP-potolt
1Krón 19:18	G0575	απο	PREP	LXX_WH
1Krón 19:18	G3588	του	T-GSM	LXX_WH
1Krón 19:18	G4948	συρου	N-GSM	LXX_WH
1Krón 19:18	G2033	επτα	N-NUI	LXX_WH
1Krón 19:18	G5505	χιλιαδας	N-APF	LXX_WH
1Krón 19:18	G0716	αρματων	N-GPN	LXX_WH
1Krón 19:18	G2532	και	CONJ	LXX_WH
1Krón 19:18	G5062	τεσσαρακοντα	N-NUI	LXX_WH
1Krón 19:18	G5505	χιλιαδας	N-APF	LXX_WH
1Krón 19:18	G0716	πεζων	A-GPM	ABP-potolt
1Krón 19:18	G2532	και	CONJ	LXX_WH
1Krón 19:18	G3588	τον	T-ASM	LXX_WH
1Krón 19:18		σωφαχ	N-PRI	ELTERO_SZOVEGALAP
1Krón 19:18		αρχιστρατηγον	N-ASM	ELTERO_SZOVEGALAP
1Krón 19:18	G1411	δυναμεως	N-GSF	LXX_WH
1Krón 19:18	G0615	απεκτεινεν	V-AAI-3S	LXX_WH
1Krón 19:19	G2532	και	CONJ	LXX_WH
1Krón 19:19	G3708	ειδον	V-AAI-3P	LXX_WH
1Krón 19:19	G3816	παιδες	N-NPM	LXX_WH
1Krón 19:19		αδρααζαρ	N-PRI	ELTERO_SZOVEGALAP
1Krón 19:19	G3754	οτι	CONJ	LXX_WH
1Krón 19:19	G4417	επταικασιν	V-RAI-3P	LXX_WH
1Krón 19:19	G0575	απο	PREP	LXX_WH
1Krón 19:19	G4383	προσωπου	N-GSN	LXX_WH
1Krón 19:19	G2474	ισραηλ	N-PRI	LXX_WH
1Krón 19:19	G2532	και	CONJ	LXX_WH
1Krón 19:19	G1303	διεθεντο	V-AMI-3P	ABP-potolt
1Krón 19:19	G3326	μετα	PREP	LXX_WH
1Krón 19:19	G1515	δαυιδ	N-PRI	ABP-potolt
1Krón 19:19	G2532	και	CONJ	LXX_WH
1Krón 19:19	G1398	εδουλευσαν	V-AAI-3P	LXX_WH
1Krón 19:19	G0846	αυτω	D-DSM	LXX_WH
1Krón 19:19	G2532	και	CONJ	LXX_WH
1Krón 19:19	G3364	ουκ	ADV	LXX_WH
1Krón 19:19	G2309	ηθελησεν	V-AAI-3S	LXX_WH
1Krón 19:19	G4948	συρος	N-NSM	LXX_WH
1Krón 19:19	G3588	του	T-GSN	LXX_WH
1Krón 19:19	G0997	βοηθησαι	V-AAN	LXX_WH
1Krón 19:19	G3588	τοις	T-DPM	LXX_WH
1Krón 19:19	G5207	υιοις	N-DPM	LXX_WH
1Krón 19:19		αμμων	N-PRI	ELTERO_SZOVEGALAP
1Krón 19:19	G2089	ετι	ADV	LXX_WH
1Krón 20:1	G2532	και	CONJ	LXX_WH
1Krón 20:1	G1096	εγενετο	V-AMI-3S	LXX_WH
1Krón 20:1	G1722	εν	PREP	LXX_WH
1Krón 20:1	G3588	τω	T-DSN	LXX_WH
1Krón 20:1	G1896	επιοντι	V-PAPDS	ABP-potolt
1Krón 20:1	G2094	ετει	N-DSN	LXX_WH
1Krón 20:1	G1722	εν	PREP	LXX_WH
1Krón 20:1	G3588	τη	T-DSF	LXX_WH
1Krón 20:1	G1841	εξοδω	N-DSF	LXX_WH
1Krón 20:1	G3588	των	T-GPM	LXX_WH
1Krón 20:1	G0935	βασιλεων	N-GPM	LXX_WH
1Krón 20:1	G2532	και	CONJ	LXX_WH
1Krón 20:1	G0071	ηγαγεν	V-AAI-3S	LXX_WH
1Krón 20:1		ιωαβ	N-PRI	ELTERO_SZOVEGALAP
1Krón 20:1	G3956	πασαν	A-ASF	LXX_WH
1Krón 20:1	G3588	την	T-ASF	LXX_WH
1Krón 20:1	G1411	δυναμιν	N-ASF	LXX_WH
1Krón 20:1	G3588	της	T-GSF	LXX_WH
1Krón 20:1	G4756	στρατιας	N-GSF	LXX_WH
1Krón 20:1	G2532	και	CONJ	LXX_WH
1Krón 20:1	G5351	εφθειραν	V-AAI-3P	LXX_WH
1Krón 20:1	G3588	την	T-ASF	LXX_WH
1Krón 20:1	G5561	χωραν	N-ASF	LXX_WH
1Krón 20:1	G5207	υιων	N-GPM	LXX_WH
1Krón 20:1		αμμων	N-PRI	ELTERO_SZOVEGALAP
1Krón 20:1	G2532	και	CONJ	LXX_WH
1Krón 20:1	G2064	ηλθεν	V-AAI-3S	LXX_WH
1Krón 20:1	G2532	και	CONJ	LXX_WH
1Krón 20:1		περιεκαθισεν	V-AAI-3S	
1Krón 20:1	G3588	την	T-ASF	LXX_WH
1Krón 20:1		ραββα	N-PRI	
1Krón 20:1	G2532	και	CONJ	LXX_WH
1Krón 20:1		δαυιδ	N-PRI	ELTERO_SZOVEGALAP
1Krón 20:1	G2521	εκαθητο	V-IMI-3S	LXX_WH
1Krón 20:1	G1722	εν	PREP	LXX_WH
1Krón 20:1	G2419	ιερουσαλημ	N-PRI	LXX_WH
1Krón 20:1	G2532	και	CONJ	LXX_WH
1Krón 20:1	G3960	επαταξεν	V-AAI-3S	LXX_WH
1Krón 20:1	G3960	ιωαβ	N-PRI	ABP-potolt
1Krón 20:1	G3588	την	T-ASF	LXX_WH
1Krón 20:1		ραββα	N-PRI	
1Krón 20:1	G2532	και	CONJ	LXX_WH
1Krón 20:1	G2679	κατεσκαψεν	V-AAI-3S	LXX_WH
1Krón 20:1	G0846	αυτην	D-ASF	LXX_WH
1Krón 20:2	G2532	και	CONJ	LXX_WH
1Krón 20:2	G2983	ελαβεν	V-AAI-3S	LXX_WH
1Krón 20:2	G2983	δαυιδ	N-PRI	ABP-potolt
1Krón 20:2	G3588	τον	T-ASM	LXX_WH
1Krón 20:2	G4735	στεφανον	N-ASM	LXX_WH
1Krón 20:2	G3588	μολχολ	N-PRI	ABP-potolt
1Krón 20:2	G0935	βασιλεως	N-GSM	LXX_WH
1Krón 20:2	G0846	αυτων	D-GPM	LXX_WH
1Krón 20:2	G0575	απο	PREP	LXX_WH
1Krón 20:2	G3588	της	T-GSF	LXX_WH
1Krón 20:2	G2776	κεφαλης	N-GSF	LXX_WH
1Krón 20:2	G0846	αυτου	D-GSM	LXX_WH
1Krón 20:2	G2532	και	CONJ	LXX_WH
1Krón 20:2	G2147	ευρεθη	V-API-3S	LXX_WH
1Krón 20:2	G3588	ο	T-NSM	LXX_WH
1Krón 20:2		σταθμος	N-NSM	ELTERO_SZOVEGALAP
1Krón 20:2	G0846	αυτου	D-GSM	LXX_WH
1Krón 20:2	G5007	ταλαντον	N-ASN	LXX_WH
1Krón 20:2	G5553	χρυσιου	N-GSN	LXX_WH
1Krón 20:2	G2532	και	CONJ	LXX_WH
1Krón 20:2	G1722	εν	PREP	LXX_WH
1Krón 20:2	G0846	αυτω	D-DSM	LXX_WH
1Krón 20:2	G3037	λιθος	N-NSM	LXX_WH
1Krón 20:2	G5093	τιμιος	A-NSM	LXX_WH
1Krón 20:2	G2532	και	CONJ	LXX_WH
1Krón 20:2	G1510	ην	V-IAI-3S	LXX_WH
1Krón 20:2	G1909	επι	PREP	LXX_WH
1Krón 20:2	G3588	την	T-ASF	LXX_WH
1Krón 20:2	G2776	κεφαλην	N-ASF	LXX_WH
1Krón 20:2		δαυιδ	N-PRI	ELTERO_SZOVEGALAP
1Krón 20:2	G2532	και	CONJ	LXX_WH
1Krón 20:2	G4661	σκυλα	N-APN	LXX_WH
1Krón 20:2	G3588	της	T-GSF	LXX_WH
1Krón 20:2	G4172	πολεως	N-GSF	LXX_WH
1Krón 20:2	G1627	εξηνεγκεν	V-AAI-3S	LXX_WH
1Krón 20:2	G4183	πολλα	A-APN	LXX_WH
1Krón 20:2	G4970	σφοδρα	ADV	LXX_WH
1Krón 20:3	G2532	και	CONJ	LXX_WH
1Krón 20:3	G3588	τον	T-ASM	LXX_WH
1Krón 20:3	G2992	λαον	N-ASM	LXX_WH
1Krón 20:3	G3588	τον	T-ASM	LXX_WH
1Krón 20:3	G1722	εν	PREP	LXX_WH
1Krón 20:3	G0846	αυτη	D-DSF	LXX_WH
1Krón 20:3	G1806	εξηγαγεν	V-AAI-3S	LXX_WH
1Krón 20:3	G2532	και	CONJ	LXX_WH
1Krón 20:3		διεπρισεν	V-AAI-3S	ELTERO_SZOVEGALAP
1Krón 20:3		πριοσιν	N-DPN	ELTERO_SZOVEGALAP
1Krón 20:3	G2532	και	CONJ	LXX_WH
1Krón 20:3	G1722	εν	PREP	LXX_WH
1Krón 20:3		σκεπαρνοις	N-DPN	
1Krón 20:3		σιδηροις	A-DPN	
1Krón 20:3	G2532	και	CONJ	LXX_WH
1Krón 20:3	G3778	ουτως	ADV	LXX_WH
1Krón 20:3	G4160	εποιησεν	V-AAI-3S	LXX_WH
1Krón 20:3	G3956	δαυιδ	N-PRI	ABP-potolt
1Krón 20:3	G3588	τοις	T-DPM	LXX_WH
1Krón 20:3	G3956	πασιν	A-DPM	LXX_WH
1Krón 20:3	G5207	υιοις	N-DPM	LXX_WH
1Krón 20:3		αμμων	N-PRI	ELTERO_SZOVEGALAP
1Krón 20:3	G2532	και	CONJ	LXX_WH
1Krón 20:3	G0390	ανεστρεψεν	V-AAI-3S	LXX_WH
1Krón 20:3	G0390	δαυιδ	N-PRI	ABP-potolt
1Krón 20:3	G2532	και	CONJ	LXX_WH
1Krón 20:3	G3956	πας	A-NSM	LXX_WH
1Krón 20:3	G3588	ο	T-NSM	LXX_WH
1Krón 20:3	G2992	λαος	N-NSM	LXX_WH
1Krón 20:3	G0846	αυτου	D-GSM	LXX_WH
1Krón 20:3	G1519	εις	PREP	LXX_WH
1Krón 20:3	G2419	ιερουσαλημ	N-PRI	LXX_WH
1Krón 20:4	G2532	και	CONJ	LXX_WH
1Krón 20:4	G1096	εγενετο	V-AMI-3S	LXX_WH
1Krón 20:4	G3326	μετα	PREP	LXX_WH
1Krón 20:4	G3778	ταυτα	D-APN	LXX_WH
1Krón 20:4	G2532	και	CONJ	LXX_WH
1Krón 20:4	G1096	εγενετο	V-AMI-3S	LXX_WH
1Krón 20:4	G2089	ετι	ADV	LXX_WH
1Krón 20:4	G4171	πολεμος	N-NSM	LXX_WH
1Krón 20:4	G1722	εν	PREP	LXX_WH
1Krón 20:4		γαζερ	N-PRI	ELTERO_SZOVEGALAP
1Krón 20:4	G3326	μετα	PREP	LXX_WH
1Krón 20:4	G3588	των	T-GPM	LXX_WH
1Krón 20:4	G0246	αλλοφυλων	N-GPM	LXX_WH
1Krón 20:4	G5119	τοτε	ADV	LXX_WH
1Krón 20:4	G3960	επαταξεν	V-AAI-3S	LXX_WH
1Krón 20:4	G3588	σοβοχαι	N-PRI	ABP-potolt
1Krón 20:4	G3588	ο	T-NSM	LXX_WH
1Krón 20:4		ουσαθι	N-PRI	
1Krón 20:4	G3588	τον	T-ASM	LXX_WH
1Krón 20:4	G3588	σαφου	N-PRI	ABP-potolt
1Krón 20:4	G0575	απο	PREP	LXX_WH
1Krón 20:4	G3588	των	T-GPM	LXX_WH
1Krón 20:4	G5207	υιων	N-GPM	LXX_WH
1Krón 20:4	G3588	των	T-GPM	LXX_WH
1Krón 20:4	G1095	γιγαντων	N-GPM	ABP-potolt
1Krón 20:4	G2532	και	CONJ	LXX_WH
1Krón 20:4	G5013	εταπεινωσεν	V-AAI-3S	LXX_WH
1Krón 20:4	G0846	αυτον	D-ASM	LXX_WH
1Krón 20:5	G2532	και	CONJ	LXX_WH
1Krón 20:5	G1096	εγενετο	V-AMI-3S	LXX_WH
1Krón 20:5	G2089	ετι	ADV	LXX_WH
1Krón 20:5	G4171	πολεμος	N-NSM	LXX_WH
1Krón 20:5	G3326	μετα	PREP	LXX_WH
1Krón 20:5	G3588	των	T-GPM	LXX_WH
1Krón 20:5	G0246	αλλοφυλων	N-GPM	LXX_WH
1Krón 20:5	G2532	και	CONJ	LXX_WH
1Krón 20:5	G3960	επαταξεν	V-AAI-3S	LXX_WH
1Krón 20:5		ελλαναν	N-PRI	ELTERO_SZOVEGALAP
1Krón 20:5	G5207	υιος	N-NSM	LXX_WH
1Krón 20:5		ιαιρ	N-PRI	ELTERO_SZOVEGALAP
1Krón 20:5	G3588	τον	T-ASM	LXX_WH
1Krón 20:5		λεεμι	N-PRI	ELTERO_SZOVEGALAP
1Krón 20:5	G0080	αδελφον	N-ASM	LXX_WH
1Krón 20:5		γολιαθ	N-PRI	ELTERO_SZOVEGALAP
1Krón 20:5	G3588	του	T-GSM	LXX_WH
1Krón 20:5	G0246	γεθθαιου	N-GSM	ABP-potolt
1Krón 20:5	G2532	και	CONJ	LXX_WH
1Krón 20:5	G3586	ξυλον	N-ASN	LXX_WH
1Krón 20:5		δορατος	N-GSN	ELTERO_SZOVEGALAP
1Krón 20:5	G0846	αυτου	D-GSM	LXX_WH
1Krón 20:5	G3739	ως	CONJ	LXX_WH
1Krón 20:5		αντιον	ADV	ELTERO_SZOVEGALAP
1Krón 20:5		υφαινοντων	V-PAPGP	ELTERO_SZOVEGALAP
1Krón 20:6	G2532	και	CONJ	LXX_WH
1Krón 20:6	G1096	εγενετο	V-AMI-3S	LXX_WH
1Krón 20:6	G2089	ετι	ADV	LXX_WH
1Krón 20:6	G4171	πολεμος	N-NSM	LXX_WH
1Krón 20:6	G1722	εν	PREP	LXX_WH
1Krón 20:6		γεθ	N-PRI	ELTERO_SZOVEGALAP
1Krón 20:6	G2532	και	CONJ	LXX_WH
1Krón 20:6	G1510	ην	V-IAI-3S	LXX_WH
1Krón 20:6	G0435	ανηρ	N-NSM	LXX_WH
1Krón 20:6	G5244	υπερμεγεθης	A-NSM	ABP-potolt
1Krón 20:6	G2532	και	CONJ	LXX_WH
1Krón 20:6	G1147	δακτυλοι	N-NPM	LXX_WH
1Krón 20:6	G0846	αυτου	D-GSM	LXX_WH
1Krón 20:6	G1803	εξ	N-NUI	LXX_WH
1Krón 20:6	G2532	και	CONJ	LXX_WH
1Krón 20:6	G1803	εξ	N-NUI	LXX_WH
1Krón 20:6	G1501	εικοσι	N-NUI	LXX_WH
1Krón 20:6	G5064	τεσσαρες	A-NPM	LXX_WH
1Krón 20:6	G2532	και	CONJ	LXX_WH
1Krón 20:6	G3778	ουτος	D-NSM	LXX_WH
1Krón 20:6	G1510	ην	V-IAI-3S	LXX_WH
1Krón 20:6		απογονος	A-NSM	ELTERO_SZOVEGALAP
1Krón 20:6		γιγαντων	N-GPM	ELTERO_SZOVEGALAP
1Krón 20:7	G2532	και	CONJ	LXX_WH
1Krón 20:7	G3679	ωνειδισεν	V-AAI-3S	LXX_WH
1Krón 20:7	G3588	τον	T-ASM	LXX_WH
1Krón 20:7	G2474	ισραηλ	N-PRI	LXX_WH
1Krón 20:7	G2532	και	CONJ	LXX_WH
1Krón 20:7	G3960	επαταξεν	V-AAI-3S	LXX_WH
1Krón 20:7	G0846	αυτον	D-ASM	LXX_WH
1Krón 20:7		ιωναθαν	N-PRI	ELTERO_SZOVEGALAP
1Krón 20:7	G5207	υιος	N-NSM	LXX_WH
1Krón 20:7		σαμαα	N-PRI	ELTERO_SZOVEGALAP
1Krón 20:7	G0080	αδελφου	N-GSM	LXX_WH
1Krón 20:7		δαυιδ	N-PRI	ELTERO_SZOVEGALAP
1Krón 20:8	G3778	ουτοι	D-NPM	LXX_WH
1Krón 20:8	G1096	εγενοντο	V-AMI-3P	LXX_WH
1Krón 20:8		ραφα	N-GSF	ELTERO_SZOVEGALAP
1Krón 20:8	G1722	εν	PREP	LXX_WH
1Krón 20:8		γεθ	N-PRI	ELTERO_SZOVEGALAP
1Krón 20:8	G3956	παντες	A-NPM	LXX_WH
1Krón 20:8	G1510	ησαν	V-IAI-3P	LXX_WH
1Krón 20:8	G5064	τεσσαρες	A-NPM	LXX_WH
1Krón 20:8		γιγαντες	N-NPM	ELTERO_SZOVEGALAP
1Krón 20:8	G2532	και	CONJ	LXX_WH
1Krón 20:8	G4098	επεσον	V-AAI-3P	LXX_WH
1Krón 20:8	G1722	εν	PREP	LXX_WH
1Krón 20:8	G5495	χειρι	N-DSF	LXX_WH
1Krón 20:8		δαυιδ	N-PRI	ELTERO_SZOVEGALAP
1Krón 20:8	G2532	και	CONJ	LXX_WH
1Krón 20:8	G1722	εν	PREP	LXX_WH
1Krón 20:8	G5495	χειρι	N-DSF	LXX_WH
1Krón 20:8	G3816	παιδων	N-GPM	LXX_WH
1Krón 20:8	G0846	αυτου	D-GSM	LXX_WH
1Krón 21:1	G2532	και	CONJ	LXX_WH
1Krón 21:1	G2476	εστη	V-AAI-3S	LXX_WH
1Krón 21:1	G1228	διαβολος	N-NSM	LXX_WH
1Krón 21:1	G1722	εν	PREP	LXX_WH
1Krón 21:1	G3588	τω	T-DSM	LXX_WH
1Krón 21:1	G2474	ισραηλ	N-PRI	LXX_WH
1Krón 21:1	G2532	και	CONJ	LXX_WH
1Krón 21:1	G1977	επεσεισεν	V-AAI-3S	ABP-potolt
1Krón 21:1	G3588	τον	T-ASM	LXX_WH
1Krón 21:1	G0705	δαυιδ	N-PRI	ABP-potolt
1Krón 21:1	G3588	του	T-GSN	LXX_WH
1Krón 21:1	G0705	αριθμησαι	V-AAN	LXX_WH
1Krón 21:1	G3588	τον	T-ASM	LXX_WH
1Krón 21:1	G2474	ισραηλ	N-PRI	LXX_WH
1Krón 21:2	G2532	και	CONJ	LXX_WH
1Krón 21:2		ειπεν	V-AAI-3S	
1Krón 21:2	G3588	ο	T-NSM	LXX_WH
1Krón 21:2	G0935	βασιλευς	N-NSM	LXX_WH
1Krón 21:2		δαυιδ	N-PRI	ELTERO_SZOVEGALAP
1Krón 21:2	G4314	προς	PREP	LXX_WH
1Krón 21:2	G1473	ιωαβ	N-PRI	ABP-potolt
1Krón 21:2	G2532	και	CONJ	LXX_WH
1Krón 21:2	G4314	προς	PREP	LXX_WH
1Krón 21:2	G3588	τους	T-APM	LXX_WH
1Krón 21:2	G0758	αρχοντας	N-APM	LXX_WH
1Krón 21:2	G3588	της	T-GSF	LXX_WH
1Krón 21:2	G1411	δυναμεως	N-GSF	LXX_WH
1Krón 21:2	G4198	πορευθητε	V-AAD-2P	LXX_WH
1Krón 21:2	G0705	αριθμησατε	V-AAD-2P	LXX_WH
1Krón 21:2	G3588	τον	T-ASM	LXX_WH
1Krón 21:2	G2474	ισραηλ	N-PRI	LXX_WH
1Krón 21:2	G0575	απο	PREP	LXX_WH
1Krón 21:2	G2193	βηρσαβεε	N-PRI	ABP-potolt
1Krón 21:2	G2532	και	CONJ	LXX_WH
1Krón 21:2	G2193	εως	PREP	LXX_WH
1Krón 21:2		δαν	N-PRI	ELTERO_SZOVEGALAP
1Krón 21:2	G2532	και	CONJ	LXX_WH
1Krón 21:2	G5342	ενεγκατε	V-AAD-2P	LXX_WH
1Krón 21:2	G4314	προς	PREP	LXX_WH
1Krón 21:2	G1473	με	P-AS	LXX_WH
1Krón 21:2	G2532	και	CONJ	LXX_WH
1Krón 21:2	G1097	γνωσομαι	V-FMI-1S	LXX_WH
1Krón 21:2	G3588	τον	T-ASM	LXX_WH
1Krón 21:2	G0706	αριθμον	N-ASM	LXX_WH
1Krón 21:2	G0846	αυτων	D-GPM	LXX_WH
1Krón 21:3	G2532	και	CONJ	LXX_WH
1Krón 21:3		ειπεν	V-AAI-3S	ELTERO_SZOVEGALAP
1Krón 21:3		ιωαβ	N-PRI	ELTERO_SZOVEGALAP
1Krón 21:3	G4369	προσθειη	V-AAO-3S	LXX_WH
1Krón 21:3	G2962	κυριος	N-NSM	LXX_WH
1Krón 21:3	G1909	επι	PREP	LXX_WH
1Krón 21:3	G3588	τον	T-ASM	LXX_WH
1Krón 21:3	G2992	λαον	N-ASM	LXX_WH
1Krón 21:3	G0846	αυτου	D-GSM	LXX_WH
1Krón 21:3	G3739	ως	CONJ	LXX_WH
1Krón 21:3	G0846	αυτοι	D-NPM	LXX_WH
1Krón 21:3		εκατονταπλασιως	ADV	ELTERO_SZOVEGALAP
1Krón 21:3	G2532	και	CONJ	LXX_WH
1Krón 21:3	G3588	οι	T-NPM	LXX_WH
1Krón 21:3	G3788	οφθαλμοι	N-NPM	LXX_WH
1Krón 21:3	G2962	κυριου	N-GSM	LXX_WH
1Krón 21:3	G1473	μου	P-GS	LXX_WH
1Krón 21:3	G3588	του	T-GSM	LXX_WH
1Krón 21:3	G0935	βασιλεως	N-GSM	LXX_WH
1Krón 21:3	G0991	βλεποντες	V-PAPNP	LXX_WH
1Krón 21:3	G3956	παντες	A-NPM	LXX_WH
1Krón 21:3	G3588	τω	T-DSM	LXX_WH
1Krón 21:3	G2962	κυριω	N-DSM	LXX_WH
1Krón 21:3	G1473	μου	P-GS	LXX_WH
1Krón 21:3	G3816	παιδες	N-NPM	LXX_WH
1Krón 21:3	G2443	ινα	CONJ	LXX_WH
1Krón 21:3	G5100	τι	I-ASN	LXX_WH
1Krón 21:3	G2212	ζητει	V-PAI-3S	LXX_WH
1Krón 21:3	G3588	ο	T-NSM	LXX_WH
1Krón 21:3	G2962	κυριος	N-NSM	LXX_WH
1Krón 21:3	G1473	μου	P-GS	LXX_WH
1Krón 21:3	G3778	τουτο	D-ASN	LXX_WH
1Krón 21:3	G2443	ινα	CONJ	LXX_WH
1Krón 21:3	G3165	μη	ADV	LXX_WH
1Krón 21:3	G1096	γενηται	V-AMS-3S	LXX_WH
1Krón 21:3	G1519	εις	PREP	LXX_WH
1Krón 21:3	G0266	αμαρτιαν	N-ASF	LXX_WH
1Krón 21:3	G3588	τω	T-DSM	LXX_WH
1Krón 21:3	G2474	ισραηλ	N-PRI	LXX_WH
1Krón 21:4	G3588	το	T-NSN	LXX_WH
1Krón 21:4	G1161	δε	PRT	LXX_WH
1Krón 21:4	G4487	ρημα	N-NSN	LXX_WH
1Krón 21:4	G3588	του	T-GSM	LXX_WH
1Krón 21:4	G0935	βασιλεως	N-GSM	LXX_WH
1Krón 21:4	G2901	εκραταιωθη	V-API-3S	LXX_WH
1Krón 21:4	G1909	επι	PREP	LXX_WH
1Krón 21:4	G3588	τω	T-DSM	LXX_WH
1Krón 21:4		ιωαβ	N-PRI	ELTERO_SZOVEGALAP
1Krón 21:4	G2532	και	CONJ	LXX_WH
1Krón 21:4	G1831	εξηλθεν	V-AAI-3S	LXX_WH
1Krón 21:4	G1831	ιωαβ	N-PRI	ABP-potolt
1Krón 21:4	G2532	και	CONJ	LXX_WH
1Krón 21:4	G1330	διηλθεν	V-AAI-3S	LXX_WH
1Krón 21:4	G1722	εν	PREP	LXX_WH
1Krón 21:4	G3956	παντι	A-DSN	LXX_WH
1Krón 21:4	G3725	οριω	N-DSN	LXX_WH
1Krón 21:4	G2474	ισραηλ	N-PRI	LXX_WH
1Krón 21:4	G2532	και	CONJ	LXX_WH
1Krón 21:4	G2064	ηλθεν	V-AAI-3S	LXX_WH
1Krón 21:4	G1519	εις	PREP	LXX_WH
1Krón 21:4	G2419	ιερουσαλημ	N-PRI	LXX_WH
1Krón 21:5	G2532	και	CONJ	LXX_WH
1Krón 21:5	G1325	εδωκεν	V-AAI-3S	LXX_WH
1Krón 21:5	G1325	ιωαβ	N-PRI	ABP-potolt
1Krón 21:5	G3588	τον	T-ASM	LXX_WH
1Krón 21:5	G0706	αριθμον	N-ASM	LXX_WH
1Krón 21:5	G3588	της	T-GSF	LXX_WH
1Krón 21:5		επισκεψεως	N-GSF	
1Krón 21:5	G3588	του	T-GSM	LXX_WH
1Krón 21:5	G2992	λαου	N-GSM	LXX_WH
1Krón 21:5	G3588	τω	T-DSM	LXX_WH
1Krón 21:5		δαυιδ	N-PRI	ELTERO_SZOVEGALAP
1Krón 21:5	G2532	και	CONJ	LXX_WH
1Krón 21:5	G1510	ην	V-IAI-3S	LXX_WH
1Krón 21:5	G3956	πας	A-NSM	LXX_WH
1Krón 21:5	G2474	ισραηλ	N-PRI	LXX_WH
1Krón 21:5	G5507	χιλιαι	A-NPF	LXX_WH
1Krón 21:5	G5505	χιλιαδες	N-NPF	LXX_WH
1Krón 21:5	G2532	και	CONJ	LXX_WH
1Krón 21:5	G1540	εκατον	N-NUI	LXX_WH
1Krón 21:5	G5505	χιλιαδες	N-NPF	LXX_WH
1Krón 21:5	G0435	ανδρων	N-GPM	LXX_WH
1Krón 21:5	G4685	εσπασμενων	V-RMPGP	LXX_WH
1Krón 21:5	G3162	μαχαιραν	N-ASF	LXX_WH
1Krón 21:5	G2532	και	CONJ	LXX_WH
1Krón 21:5	G2455	ιουδας	N-NSM	LXX_WH
1Krón 21:5	G5071	τετρακοσιαι	A-NPF	LXX_WH
1Krón 21:5	G2532	και	CONJ	LXX_WH
1Krón 21:5	G3589	ογδοηκοντα	N-NUI	LXX_WH
1Krón 21:5	G5505	χιλιαδες	N-NPF	LXX_WH
1Krón 21:5	G0435	ανδρων	N-GPM	LXX_WH
1Krón 21:5	G4685	εσπασμενων	V-RMPGP	LXX_WH
1Krón 21:5	G3162	μαχαιραν	N-ASF	LXX_WH
1Krón 21:6	G2532	και	CONJ	LXX_WH
1Krón 21:6	G3588	τον	T-ASM	LXX_WH
1Krón 21:6	G3017	λευι	N-PRI	LXX_WH
1Krón 21:6	G2532	και	CONJ	LXX_WH
1Krón 21:6	G3588	τον	T-ASM	LXX_WH
1Krón 21:6	G0958	βενιαμιν	N-PRI	LXX_WH
1Krón 21:6	G3364	ουκ	ADV	LXX_WH
1Krón 21:6	G0705	ηριθμησεν	V-AAI-3S	LXX_WH
1Krón 21:6	G1722	εν	PREP	LXX_WH
1Krón 21:6	G3319	μεσω	A-DSM	LXX_WH
1Krón 21:6	G0846	αυτων	D-GPM	LXX_WH
1Krón 21:6	G3754	οτι	CONJ	LXX_WH
1Krón 21:6	G2729	κατισχυσεν	V-AAI-3S	LXX_WH
1Krón 21:6	G3056	λογος	N-NSM	LXX_WH
1Krón 21:6	G3588	του	T-GSM	LXX_WH
1Krón 21:6	G0935	βασιλεως	N-GSM	LXX_WH
1Krón 21:6	G3588	τον	T-ASM	LXX_WH
1Krón 21:6		ιωαβ	N-PRI	ELTERO_SZOVEGALAP
1Krón 21:7	G2532	και	CONJ	LXX_WH
1Krón 21:7	G4190	πονηρον	A-ASM	LXX_WH
1Krón 21:7	G5316	εφανη	V-API-3S	LXX_WH
1Krón 21:7	G1726	εναντιον	PREP	LXX_WH
1Krón 21:7	G3588	του	T-GSM	LXX_WH
1Krón 21:7	G2316	θεου	N-GSM	LXX_WH
1Krón 21:7	G4012	περι	PREP	LXX_WH
1Krón 21:7	G3588	του	T-GSN	LXX_WH
1Krón 21:7	G4229	πραγματος	N-GSN	LXX_WH
1Krón 21:7	G3778	τουτου	D-GSN	LXX_WH
1Krón 21:7	G2532	και	CONJ	LXX_WH
1Krón 21:7	G3960	επαταξεν	V-AAI-3S	LXX_WH
1Krón 21:7	G3588	τον	T-ASM	LXX_WH
1Krón 21:7	G2474	ισραηλ	N-PRI	LXX_WH
1Krón 21:8	G2532	και	CONJ	LXX_WH
1Krón 21:8		ειπεν	V-AAI-3S	ELTERO_SZOVEGALAP
1Krón 21:8		δαυιδ	N-PRI	ELTERO_SZOVEGALAP
1Krón 21:8	G4314	προς	PREP	LXX_WH
1Krón 21:8	G3588	τον	T-ASM	LXX_WH
1Krón 21:8	G2316	θεον	N-ASM	LXX_WH
1Krón 21:8	G0264	ημαρτηκα	V-RAI-1S	LXX_WH
1Krón 21:8	G4970	σφοδρα	ADV	LXX_WH
1Krón 21:8	G3754	οτι	CONJ	LXX_WH
1Krón 21:8	G4160	εποιησα	V-AAI-1S	LXX_WH
1Krón 21:8	G3588	το	T-ASN	LXX_WH
1Krón 21:8	G4229	πραγμα	N-ASN	LXX_WH
1Krón 21:8	G3778	τουτο	D-ASN	LXX_WH
1Krón 21:8	G2532	και	CONJ	LXX_WH
1Krón 21:8	G3568	νυν	ADV	LXX_WH
1Krón 21:8	G4014	περιελε	V-AAD-2S	LXX_WH
1Krón 21:8	G1161	δη	PRT	LXX_WH
1Krón 21:8	G3588	την	T-ASF	LXX_WH
1Krón 21:8	G2549	κακιαν	N-ASF	LXX_WH
1Krón 21:8	G3816	παιδος	N-GSM	LXX_WH
1Krón 21:8	G4771	σου	P-GS	LXX_WH
1Krón 21:8	G3754	οτι	CONJ	LXX_WH
1Krón 21:8	G3154	εματαιωθην	V-API-1S	LXX_WH
1Krón 21:8	G4970	σφοδρα	ADV	LXX_WH
1Krón 21:9	G2532	και	CONJ	LXX_WH
1Krón 21:9	G2980	ελαλησεν	V-AAI-3S	LXX_WH
1Krón 21:9	G2962	κυριος	N-NSM	LXX_WH
1Krón 21:9	G4314	προς	PREP	LXX_WH
1Krón 21:9	G1045	γαδ	N-PRI	LXX_WH
1Krón 21:9	G3708	ορωντα	V-PAPAS	LXX_WH
1Krón 21:9		δαυιδ	N-PRI	ELTERO_SZOVEGALAP
1Krón 21:9	G3004	λεγων	V-PAPNS	LXX_WH
1Krón 21:10	G4198	πορευου	V-PAD-2S	LXX_WH
1Krón 21:10	G2532	και	CONJ	LXX_WH
1Krón 21:10	G2980	λαλησον	V-AAD-2S	LXX_WH
1Krón 21:10	G4314	προς	PREP	LXX_WH
1Krón 21:10		δαυιδ	N-PRI	ELTERO_SZOVEGALAP
1Krón 21:10	G3004	λεγων	V-PAPNS	LXX_WH
1Krón 21:10	G3778	ουτως	ADV	LXX_WH
1Krón 21:10	G3004	λεγει	V-PAI-3S	LXX_WH
1Krón 21:10	G2962	κυριος	N-NSM	LXX_WH
1Krón 21:10	G5140	τρια	A-APN	LXX_WH
1Krón 21:10	G0142	αιρω	V-PAI-1S	LXX_WH
1Krón 21:10	G1473	εγω	P-NS	LXX_WH
1Krón 21:10	G1909	επι	PREP	LXX_WH
1Krón 21:10	G4771	σε	P-AS	LXX_WH
1Krón 21:10		εκλεξαι	V-AMD-2S	ELTERO_SZOVEGALAP
1Krón 21:10	G4572	σεαυτω	D-DSM	LXX_WH
1Krón 21:10	G1519	εν	A-ASN	LXX_WH
1Krón 21:10	G1537	εξ	PREP	LXX_WH
1Krón 21:10	G0846	αυτων	D-GPM	LXX_WH
1Krón 21:10	G2532	και	CONJ	LXX_WH
1Krón 21:10	G4160	ποιησω	V-AAS-1S	LXX_WH
1Krón 21:10	G4771	σοι	P-DS	LXX_WH
1Krón 21:11	G2532	και	CONJ	LXX_WH
1Krón 21:11	G2064	ηλθεν	V-AAI-3S	LXX_WH
1Krón 21:11	G1045	γαδ	N-PRI	LXX_WH
1Krón 21:11	G4314	προς	PREP	LXX_WH
1Krón 21:11		δαυιδ	N-PRI	ELTERO_SZOVEGALAP
1Krón 21:11	G2532	και	CONJ	LXX_WH
1Krón 21:11		ειπεν	V-AAI-3S	ELTERO_SZOVEGALAP
1Krón 21:11	G0846	αυτω	D-DSM	LXX_WH
1Krón 21:11	G3778	ουτως	ADV	LXX_WH
1Krón 21:11	G3004	λεγει	V-PAI-3S	LXX_WH
1Krón 21:11	G2962	κυριος	N-NSM	LXX_WH
1Krón 21:11	G1586	εκλεξαι	V-AMD-2S	ABP-potolt
1Krón 21:11	G4572	σεαυτω	D-DSM	LXX_WH
1Krón 21:12	G2228	η	CONJ	LXX_WH
1Krón 21:12	G5140	τρια	A-APN	LXX_WH
1Krón 21:12	G2094	ετη	N-APN	LXX_WH
1Krón 21:12	G3042	λιμου	N-GSM	LXX_WH
1Krón 21:12	G2228	η	CONJ	LXX_WH
1Krón 21:12	G5140	τρεις	A-APM	LXX_WH
1Krón 21:12	G3303	μηνας	N-APM	LXX_WH
1Krón 21:12	G5343	φευγειν	V-PAN	LXX_WH
1Krón 21:12	G4771	σε	P-AS	LXX_WH
1Krón 21:12	G1537	εκ	PREP	LXX_WH
1Krón 21:12	G4383	προσωπου	N-GSN	LXX_WH
1Krón 21:12	G2190	εχθρων	N-GPM	LXX_WH
1Krón 21:12	G4771	σου	P-GS	LXX_WH
1Krón 21:12	G2532	και	CONJ	LXX_WH
1Krón 21:12	G3162	μαχαιραν	N-ASF	LXX_WH
1Krón 21:12	G2190	εχθρων	N-GPM	LXX_WH
1Krón 21:12	G4771	σου	P-GS	LXX_WH
1Krón 21:12	G3588	του	T-GSM	LXX_WH
1Krón 21:12		εξολεθρευσαι	V-AAN	ELTERO_SZOVEGALAP
1Krón 21:12	G2228	η	CONJ	LXX_WH
1Krón 21:12	G5140	τρεις	A-APF	LXX_WH
1Krón 21:12	G2250	ημερας	N-APF	LXX_WH
1Krón 21:12	G4501	ρομφαιαν	N-ASF	ABP-potolt
1Krón 21:12	G2962	κυριου	N-GSM	LXX_WH
1Krón 21:12	G2532	και	CONJ	LXX_WH
1Krón 21:12	G2288	θανατον	N-ASM	LXX_WH
1Krón 21:12	G1722	εν	PREP	LXX_WH
1Krón 21:12	G3588	τη	T-DSF	LXX_WH
1Krón 21:12	G1065	γη	N-DSF	LXX_WH
1Krón 21:12	G2532	και	CONJ	LXX_WH
1Krón 21:12	G0032	αγγελος	N-NSM	LXX_WH
1Krón 21:12	G2962	κυριου	N-GSM	LXX_WH
1Krón 21:12	G1842	εξολεθρευων	V-PAPNS	ABP-potolt
1Krón 21:12	G1722	εν	PREP	LXX_WH
1Krón 21:12	G3956	παση	A-DSF	LXX_WH
1Krón 21:12	G2817	κληρονομια	N-DSF	LXX_WH
1Krón 21:12	G2474	ισραηλ	N-PRI	LXX_WH
1Krón 21:12	G2532	και	CONJ	LXX_WH
1Krón 21:12	G3568	νυν	ADV	LXX_WH
1Krón 21:12	G3708	ιδε	V-AAD-2S	LXX_WH
1Krón 21:12	G5100	τι	I-ASN	LXX_WH
1Krón 21:12	G0611	αποκριθω	V-APS-1S	ABP-potolt
1Krón 21:12	G3588	τω	T-DSM	LXX_WH
1Krón 21:12	G0649	αποστειλαντι	V-AAPDS	LXX_WH
1Krón 21:12	G1473	με	P-AS	LXX_WH
1Krón 21:12	G3056	λογον	N-ASM	LXX_WH
1Krón 21:13	G2532	και	CONJ	LXX_WH
1Krón 21:13		ειπεν	V-AAI-3S	ELTERO_SZOVEGALAP
1Krón 21:13		δαυιδ	N-PRI	ELTERO_SZOVEGALAP
1Krón 21:13	G4314	προς	PREP	LXX_WH
1Krón 21:13	G1045	γαδ	N-PRI	LXX_WH
1Krón 21:13	G4728	στενα	A-NPN	LXX_WH
1Krón 21:13	G1473	μοι	P-DS	LXX_WH
1Krón 21:13	G2532	και	CONJ	LXX_WH
1Krón 21:13	G3588	τα	T-NPN	LXX_WH
1Krón 21:13	G5140	τρια	A-NPN	LXX_WH
1Krón 21:13	G4970	σφοδρα	ADV	LXX_WH
1Krón 21:13	G1706	εμπεσουμαι	V-FMI-1S	LXX_WH
1Krón 21:13	G1161	δη	PRT	LXX_WH
1Krón 21:13	G1519	εις	PREP	LXX_WH
1Krón 21:13	G5495	χειρας	N-APF	LXX_WH
1Krón 21:13	G2962	κυριου	N-GSM	LXX_WH
1Krón 21:13	G3754	οτι	CONJ	LXX_WH
1Krón 21:13	G4183	πολλοι	A-NPM	LXX_WH
1Krón 21:13	G3588	οι	T-NPM	LXX_WH
1Krón 21:13	G3628	οικτιρμοι	N-NPM	LXX_WH
1Krón 21:13	G0846	αυτου	D-GSM	LXX_WH
1Krón 21:13	G4970	σφοδρα	ADV	LXX_WH
1Krón 21:13	G2532	και	CONJ	LXX_WH
1Krón 21:13	G1519	εις	PREP	LXX_WH
1Krón 21:13	G5495	χειρας	N-APF	LXX_WH
1Krón 21:13	G0444	ανθρωπων	N-GPM	LXX_WH
1Krón 21:13	G3364	ου	ADV	LXX_WH
1Krón 21:13	G3165	μη	ADV	LXX_WH
1Krón 21:13	G1706	εμπεσω	V-FAI-1S	LXX_WH
1Krón 21:14	G2532	και	CONJ	LXX_WH
1Krón 21:14	G1325	εδωκεν	V-AAI-3S	LXX_WH
1Krón 21:14	G2962	κυριος	N-NSM	LXX_WH
1Krón 21:14	G2288	θανατον	N-ASM	LXX_WH
1Krón 21:14	G1722	εν	PREP	LXX_WH
1Krón 21:14	G2474	ισραηλ	N-PRI	LXX_WH
1Krón 21:14	G2532	και	CONJ	LXX_WH
1Krón 21:14	G4098	επεσον	V-AAI-3P	LXX_WH
1Krón 21:14	G1537	εξ	PREP	LXX_WH
1Krón 21:14	G2474	ισραηλ	N-PRI	LXX_WH
1Krón 21:14	G1440	εβδομηκοντα	N-NUI	LXX_WH
1Krón 21:14	G5505	χιλιαδες	N-APF	LXX_WH
1Krón 21:14	G0435	ανδρων	N-GPM	LXX_WH
1Krón 21:15	G2532	και	CONJ	LXX_WH
1Krón 21:15	G0649	απεστειλεν	V-AAI-3S	LXX_WH
1Krón 21:15	G3588	ο	T-NSM	LXX_WH
1Krón 21:15	G2316	θεος	N-NSM	LXX_WH
1Krón 21:15	G0032	αγγελον	N-ASM	LXX_WH
1Krón 21:15	G1519	εις	PREP	LXX_WH
1Krón 21:15	G2419	ιερουσαλημ	N-PRI	LXX_WH
1Krón 21:15	G3588	του	T-GSN	LXX_WH
1Krón 21:15		εξολεθρευσαι	V-AAN	ELTERO_SZOVEGALAP
1Krón 21:15	G0846	αυτην	D-ASF	LXX_WH
1Krón 21:15	G2532	και	CONJ	LXX_WH
1Krón 21:15	G3739	ως	CONJ	LXX_WH
1Krón 21:15		εξωλεθρευσεν	V-AAI-3S	ELTERO_SZOVEGALAP
1Krón 21:15	G3708	ειδεν	V-AAI-3S	LXX_WH
1Krón 21:15	G2962	κυριος	N-NSM	LXX_WH
1Krón 21:15	G2532	και	CONJ	LXX_WH
1Krón 21:15	G3338	μετεμεληθη	V-API-3S	ABP-potolt
1Krón 21:15	G1909	επι	PREP	LXX_WH
1Krón 21:15	G3588	τη	T-DSF	LXX_WH
1Krón 21:15	G2549	κακια	N-DSF	LXX_WH
1Krón 21:15	G2532	και	CONJ	LXX_WH
1Krón 21:15	G2036	ειπεν	V-AAI-3S	ABP-potolt
1Krón 21:15	G3588	τω	T-DSM	LXX_WH
1Krón 21:15	G0032	αγγελω	N-DSM	LXX_WH
1Krón 21:15	G3588	τω	T-DSM	LXX_WH
1Krón 21:15	G1311	εξολεθρευοντι	V-PAPDS	ABP-potolt
1Krón 21:15	G2427	ικανουσθω	V-PPD-3S	LXX_WH
1Krón 21:15	G4771	σοι	P-DS	LXX_WH
1Krón 21:15	G0447	ανες	V-AAD-2S	LXX_WH
1Krón 21:15	G3588	την	T-ASF	LXX_WH
1Krón 21:15	G5495	χειρα	N-ASF	LXX_WH
1Krón 21:15	G4771	σου	P-GS	LXX_WH
1Krón 21:15	G2532	και	CONJ	LXX_WH
1Krón 21:15	G3588	ο	T-NSM	LXX_WH
1Krón 21:15	G0032	αγγελος	N-NSM	LXX_WH
1Krón 21:15	G2962	κυριου	N-GSM	LXX_WH
1Krón 21:15	G2476	εστως	V-RAPNS	LXX_WH
1Krón 21:15	G1722	εν	PREP	LXX_WH
1Krón 21:15	G3588	τω	T-DSN	LXX_WH
1Krón 21:15	G0257	αλω	N-DSN	LXX_WH
1Krón 21:15		ορνα	N-PRI	ELTERO_SZOVEGALAP
1Krón 21:15	G3588	του	T-GSM	LXX_WH
1Krón 21:15		ιεβουσαιου	N-GSM	ELTERO_SZOVEGALAP
1Krón 21:16	G2532	και	CONJ	LXX_WH
1Krón 21:16		επηρεν	V-AAI-3S	
1Krón 21:16		δαυιδ	N-PRI	
1Krón 21:16	G3588	τους	T-APM	LXX_WH
1Krón 21:16	G3788	οφθαλμους	N-APM	LXX_WH
1Krón 21:16	G0846	αυτου	D-GSM	LXX_WH
1Krón 21:16	G2532	και	CONJ	LXX_WH
1Krón 21:16	G3708	ειδεν	V-AAI-3S	LXX_WH
1Krón 21:16	G3588	τον	T-ASM	LXX_WH
1Krón 21:16	G0032	αγγελον	N-ASM	LXX_WH
1Krón 21:16	G2962	κυριου	N-GSM	LXX_WH
1Krón 21:16	G2476	εστωτα	V-RAPAS	LXX_WH
1Krón 21:16	G0303	ανα	PREP	LXX_WH
1Krón 21:16	G3319	μεσον	A-ASN	LXX_WH
1Krón 21:16	G3588	της	T-GSF	LXX_WH
1Krón 21:16	G1065	γης	N-GSF	LXX_WH
1Krón 21:16	G2532	και	CONJ	LXX_WH
1Krón 21:16	G0303	ανα	PREP	LXX_WH
1Krón 21:16	G3319	μεσον	A-ASN	LXX_WH
1Krón 21:16	G3588	του	T-GSM	LXX_WH
1Krón 21:16	G3772	ουρανου	N-GSM	LXX_WH
1Krón 21:16	G2532	και	CONJ	LXX_WH
1Krón 21:16	G3588	η	T-NSF	LXX_WH
1Krón 21:16		ρομφαια	N-NSF	ELTERO_SZOVEGALAP
1Krón 21:16	G0846	αυτου	D-GSM	LXX_WH
1Krón 21:16	G4685	εσπασμενη	V-RMPNS	LXX_WH
1Krón 21:16	G1722	εν	PREP	LXX_WH
1Krón 21:16	G3588	τη	T-DSF	LXX_WH
1Krón 21:16	G5495	χειρι	N-DSF	LXX_WH
1Krón 21:16	G0846	αυτου	D-GSM	LXX_WH
1Krón 21:16	G1614	εκτεταμενη	V-RMPNS	LXX_WH
1Krón 21:16	G1909	επι	PREP	LXX_WH
1Krón 21:16	G2419	ιερουσαλημ	N-PRI	LXX_WH
1Krón 21:16	G2532	και	CONJ	LXX_WH
1Krón 21:16	G4098	επεσεν	V-AAI-3S	LXX_WH
1Krón 21:16		δαυιδ	N-PRI	ELTERO_SZOVEGALAP
1Krón 21:16	G2532	και	CONJ	LXX_WH
1Krón 21:16	G3588	οι	T-NPM	LXX_WH
1Krón 21:16	G4245	πρεσβυτεροι	N-NPM	LXX_WH
1Krón 21:16	G4016	περιβεβλημενοι	V-RMPNP	LXX_WH
1Krón 21:16	G1722	εν	PREP	LXX_WH
1Krón 21:16	G4526	σακκοις	N-DPM	LXX_WH
1Krón 21:16	G1909	επι	PREP	LXX_WH
1Krón 21:16	G4383	προσωπον	N-ASN	LXX_WH
1Krón 21:16	G0846	αυτων	D-GPM	LXX_WH
1Krón 21:17	G2532	και	CONJ	LXX_WH
1Krón 21:17		ειπεν	V-AAI-3S	ELTERO_SZOVEGALAP
1Krón 21:17		δαυιδ	N-PRI	ELTERO_SZOVEGALAP
1Krón 21:17	G4314	προς	PREP	LXX_WH
1Krón 21:17	G3588	τον	T-ASM	LXX_WH
1Krón 21:17	G2316	θεον	N-ASM	LXX_WH
1Krón 21:17	G3364	ουκ	ADV	LXX_WH
1Krón 21:17	G1473	εγω	P-NS	LXX_WH
1Krón 21:17	G1510	ειπα	V-AAI-1S	ABP-potolt
1Krón 21:17	G3588	του	T-GSN	LXX_WH
1Krón 21:17	G0705	αριθμησαι	V-AAN	LXX_WH
1Krón 21:17	G1722	εν	PREP	LXX_WH
1Krón 21:17	G3588	τω	T-DSM	LXX_WH
1Krón 21:17	G2992	λαω	N-DSM	LXX_WH
1Krón 21:17	G2532	και	CONJ	LXX_WH
1Krón 21:17	G1473	εγω	P-NS	LXX_WH
1Krón 21:17	G1510	ειμι	V-PAI-1S	LXX_WH
1Krón 21:17	G3588	ο	T-NSM	LXX_WH
1Krón 21:17	G0264	αμαρτων	V-AAPNS	LXX_WH
1Krón 21:17	G2554	κακοποιων	V-PAPNS	LXX_WH
1Krón 21:17	G2554	εκακοποιησα	V-AAI-1S	LXX_WH
1Krón 21:17	G2532	και	CONJ	LXX_WH
1Krón 21:17	G3778	ταυτα	D-APN	LXX_WH
1Krón 21:17	G3588	τα	T-APN	LXX_WH
1Krón 21:17	G4263	προβατα	N-APN	LXX_WH
1Krón 21:17	G5100	τι	I-ASN	LXX_WH
1Krón 21:17	G4160	εποιησαν	V-AAI-3P	LXX_WH
1Krón 21:17	G2962	κυριε	N-VSM	LXX_WH
1Krón 21:17	G3588	ο	T-NSM	LXX_WH
1Krón 21:17	G2316	θεος	N-NSM	LXX_WH
1Krón 21:17	G1096	γενηθητω	V-APD-3S	LXX_WH
1Krón 21:17	G3588	η	T-NSF	LXX_WH
1Krón 21:17	G5495	χειρ	N-NSF	LXX_WH
1Krón 21:17	G4771	σου	P-GS	LXX_WH
1Krón 21:17	G1722	εν	PREP	LXX_WH
1Krón 21:17	G1473	εμοι	P-DS	LXX_WH
1Krón 21:17	G2532	και	CONJ	LXX_WH
1Krón 21:17	G1722	εν	PREP	LXX_WH
1Krón 21:17	G3588	τω	T-DSM	LXX_WH
1Krón 21:17	G3624	οικω	N-DSM	LXX_WH
1Krón 21:17	G3588	του	T-GSM	LXX_WH
1Krón 21:17	G3962	πατρος	N-GSM	LXX_WH
1Krón 21:17	G1473	μου	P-GS	LXX_WH
1Krón 21:17	G2532	και	CONJ	LXX_WH
1Krón 21:17	G3165	μη	ADV	LXX_WH
1Krón 21:17	G1722	εν	PREP	LXX_WH
1Krón 21:17	G3588	τω	T-DSM	LXX_WH
1Krón 21:17	G2992	λαω	N-DSM	LXX_WH
1Krón 21:17	G4771	σου	P-GS	LXX_WH
1Krón 21:17	G1519	εις	PREP	LXX_WH
1Krón 21:17	G0684	απωλειαν	N-ASF	LXX_WH
1Krón 21:17	G2962	κυριε	N-VSM	LXX_WH
1Krón 21:18	G2532	και	CONJ	LXX_WH
1Krón 21:18	G0032	αγγελος	N-NSM	LXX_WH
1Krón 21:18	G2962	κυριου	N-GSM	LXX_WH
1Krón 21:18	G2036	ειπεν	V-AAI-3S	ABP-potolt
1Krón 21:18	G3588	τω	T-DSM	LXX_WH
1Krón 21:18	G1045	γαδ	N-PRI	LXX_WH
1Krón 21:18	G3588	του	T-GSM	LXX_WH
1Krón 21:18	G2036	ειπειν	V-AAN	ABP-potolt
1Krón 21:18	G4314	προς	PREP	LXX_WH
1Krón 21:18		δαυιδ	N-PRI	ELTERO_SZOVEGALAP
1Krón 21:18	G2443	ινα	CONJ	LXX_WH
1Krón 21:18	G0305	αναβη	V-AAS-3S	LXX_WH
1Krón 21:18	G3588	του	T-GSN	LXX_WH
1Krón 21:18	G2476	στησαι	V-AAN	LXX_WH
1Krón 21:18	G2379	θυσιαστηριον	N-ASN	LXX_WH
1Krón 21:18	G3588	τω	T-DSM	LXX_WH
1Krón 21:18	G2962	κυριω	N-DSM	LXX_WH
1Krón 21:18	G1722	εν	PREP	LXX_WH
1Krón 21:18	G0257	αλω	N-DS	LXX_WH
1Krón 21:18		ορνα	N-PRI	ELTERO_SZOVEGALAP
1Krón 21:18	G3588	του	T-GSM	LXX_WH
1Krón 21:18		ιεβουσαιου	N-GSM	ELTERO_SZOVEGALAP
1Krón 21:19	G2532	και	CONJ	LXX_WH
1Krón 21:19	G0305	ανεβη	V-AAI-3S	LXX_WH
1Krón 21:19	G0305	δαυιδ	N-PRI	ABP-potolt
1Krón 21:19	G2596	κατα	PREP	LXX_WH
1Krón 21:19	G3588	τον	T-ASM	LXX_WH
1Krón 21:19	G3056	λογον	N-ASM	LXX_WH
1Krón 21:19	G1045	γαδ	N-PRI	LXX_WH
1Krón 21:19	G3739	ον	R-ASM	LXX_WH
1Krón 21:19	G2980	ελαλησεν	V-AAI-3S	LXX_WH
1Krón 21:19	G1722	εν	PREP	LXX_WH
1Krón 21:19	G3686	ονοματι	N-DSN	LXX_WH
1Krón 21:19	G2962	κυριου	N-GSM	LXX_WH
1Krón 21:20	G2532	και	CONJ	LXX_WH
1Krón 21:20	G1994	επεστρεψεν	V-AAI-3S	LXX_WH
1Krón 21:20	G1994	ορνα	N-PRI	ABP-potolt
1Krón 21:20	G2532	και	CONJ	LXX_WH
1Krón 21:20	G3708	ειδεν	V-AAI-3S	LXX_WH
1Krón 21:20	G3588	τον	T-ASM	LXX_WH
1Krón 21:20	G0935	βασιλεα	N-ASM	LXX_WH
1Krón 21:20	G2532	και	CONJ	LXX_WH
1Krón 21:20	G5064	τεσσαρες	A-NPM	LXX_WH
1Krón 21:20	G5207	υιοι	N-NPM	LXX_WH
1Krón 21:20	G0846	αυτου	D-GSM	LXX_WH
1Krón 21:20	G3326	μετ	PREP	LXX_WH
1Krón 21:20	G0846	αυτου	D-GSM	LXX_WH
1Krón 21:20		μεθαχαβιν	V-PAPNP	ELTERO_SZOVEGALAP
1Krón 21:20	G2532	και	CONJ	LXX_WH
1Krón 21:20		ορνα	N-PRI	ELTERO_SZOVEGALAP
1Krón 21:20	G1510	ην	V-IAI-3S	LXX_WH
1Krón 21:20	G0248	αλοων	V-PAPNS	LXX_WH
1Krón 21:20	G4447	πυρους	N-APM	ABP-potolt
1Krón 21:21	G2532	και	CONJ	LXX_WH
1Krón 21:21	G2064	ηλθεν	V-AAI-3S	LXX_WH
1Krón 21:21	G2064	δαυιδ	N-PRI	ABP-potolt
1Krón 21:21	G4314	προς	PREP	LXX_WH
1Krón 21:21		ορναν	N-PRI	ELTERO_SZOVEGALAP
1Krón 21:21	G2532	και	CONJ	LXX_WH
1Krón 21:21		ορνα	N-PRI	ELTERO_SZOVEGALAP
1Krón 21:21	G1831	εξηλθεν	V-AAI-3S	LXX_WH
1Krón 21:21	G1537	εκ	PREP	LXX_WH
1Krón 21:21	G3588	της	T-GSF	LXX_WH
1Krón 21:21	G0257	αλω	N-GSF	LXX_WH
1Krón 21:21	G2532	και	CONJ	LXX_WH
1Krón 21:21	G4352	προσεκυνησεν	V-AAI-3S	LXX_WH
1Krón 21:21	G3588	τω	T-DSM	LXX_WH
1Krón 21:21		δαυιδ	N-PRI	ELTERO_SZOVEGALAP
1Krón 21:21	G3588	τω	T-DSN	LXX_WH
1Krón 21:21	G4383	προσωπω	N-DSN	LXX_WH
1Krón 21:21	G1909	επι	PREP	LXX_WH
1Krón 21:21	G3588	την	T-ASF	LXX_WH
1Krón 21:21	G1065	γην	N-ASF	LXX_WH
1Krón 21:22	G2532	και	CONJ	LXX_WH
1Krón 21:22		ειπεν	V-AAI-3S	ELTERO_SZOVEGALAP
1Krón 21:22		δαυιδ	N-PRI	ELTERO_SZOVEGALAP
1Krón 21:22	G4314	προς	PREP	LXX_WH
1Krón 21:22		ορνα	N-PRI	ELTERO_SZOVEGALAP
1Krón 21:22	G1325	δος	V-AAD-2S	LXX_WH
1Krón 21:22	G1473	μοι	P-DS	LXX_WH
1Krón 21:22	G3588	τον	T-ASM	LXX_WH
1Krón 21:22	G5117	τοπον	N-ASM	LXX_WH
1Krón 21:22	G4771	σου	P-GS	LXX_WH
1Krón 21:22	G3588	της	T-GSF	LXX_WH
1Krón 21:22	G0257	αλω	N-GSF	LXX_WH
1Krón 21:22	G2532	και	CONJ	LXX_WH
1Krón 21:22	G3618	οικοδομησω	V-FAI-1S	LXX_WH
1Krón 21:22	G1909	επ	PREP	LXX_WH
1Krón 21:22	G0846	αυτω	D-DSM	LXX_WH
1Krón 21:22	G2379	θυσιαστηριον	N-ASN	LXX_WH
1Krón 21:22	G3588	τω	T-DSM	LXX_WH
1Krón 21:22	G2962	κυριω	N-DSM	LXX_WH
1Krón 21:22	G1722	εν	PREP	LXX_WH
1Krón 21:22	G0694	αργυριω	N-DSN	LXX_WH
1Krón 21:22	G0514	αξιω	A-DSN	LXX_WH
1Krón 21:22	G1325	δος	V-AAD-2S	LXX_WH
1Krón 21:22	G1473	μοι	P-DS	LXX_WH
1Krón 21:22	G0846	αυτον	D-ASM	LXX_WH
1Krón 21:22	G2532	και	CONJ	LXX_WH
1Krón 21:22	G3973	παυσεται	V-FMI-3S	LXX_WH
1Krón 21:22	G3588	η	T-NSF	LXX_WH
1Krón 21:22	G4127	πληγη	N-NSF	LXX_WH
1Krón 21:22	G1537	εκ	PREP	LXX_WH
1Krón 21:22	G3588	του	T-GSM	LXX_WH
1Krón 21:22	G2992	λαου	N-GSM	LXX_WH
1Krón 21:23	G2532	και	CONJ	LXX_WH
1Krón 21:23		ειπεν	V-AAI-3S	ELTERO_SZOVEGALAP
1Krón 21:23		ορνα	N-PRI	ELTERO_SZOVEGALAP
1Krón 21:23	G4314	προς	PREP	LXX_WH
1Krón 21:23		δαυιδ	N-PRI	ELTERO_SZOVEGALAP
1Krón 21:23	G2983	λαβε	V-AAD-2S	LXX_WH
1Krón 21:23	G4572	σεαυτω	D-DSM	LXX_WH
1Krón 21:23	G2532	και	CONJ	LXX_WH
1Krón 21:23	G4160	ποιησατω	V-AAD-3S	LXX_WH
1Krón 21:23	G3588	ο	T-NSM	LXX_WH
1Krón 21:23	G2962	κυριος	N-NSM	LXX_WH
1Krón 21:23	G1473	μου	P-GS	LXX_WH
1Krón 21:23	G3588	ο	T-NSM	LXX_WH
1Krón 21:23	G0935	βασιλευς	N-NSM	LXX_WH
1Krón 21:23	G3588	το	T-ASN	LXX_WH
1Krón 21:23	G0018	αγαθον	A-ASM	LXX_WH
1Krón 21:23	G1726	εναντιον	PREP	LXX_WH
1Krón 21:23	G0846	αυτου	D-GSM	LXX_WH
1Krón 21:23	G3708	ιδε	V-AAD-2S	LXX_WH
1Krón 21:23	G1325	δεδωκα	V-RAI-1S	LXX_WH
1Krón 21:23	G3588	τους	T-APM	LXX_WH
1Krón 21:23	G3448	μοσχους	N-APM	LXX_WH
1Krón 21:23	G1519	εις	PREP	LXX_WH
1Krón 21:23		ολοκαυτωσιν	N-ASF	
1Krón 21:23	G2532	και	CONJ	LXX_WH
1Krón 21:23	G3588	το	T-ASN	LXX_WH
1Krón 21:23	G0723	αροτρον	N-ASN	LXX_WH
1Krón 21:23	G2532	και	CONJ	LXX_WH
1Krón 21:23	G3588	τας	T-APF	LXX_WH
1Krón 21:23		αμαξας	N-APF	
1Krón 21:23	G1519	εις	PREP	LXX_WH
1Krón 21:23	G3586	ξυλα	N-APN	LXX_WH
1Krón 21:23	G2532	και	CONJ	LXX_WH
1Krón 21:23	G3588	τον	T-ASM	LXX_WH
1Krón 21:23	G4621	σιτον	N-ASM	LXX_WH
1Krón 21:23	G1519	εις	PREP	LXX_WH
1Krón 21:23	G2378	θυσιαν	N-ASF	LXX_WH
1Krón 21:23	G3588	τα	T-APN	LXX_WH
1Krón 21:23	G3956	παντα	A-APN	LXX_WH
1Krón 21:23	G1325	δεδωκα	V-RAI-1S	LXX_WH
1Krón 21:24	G2532	και	CONJ	LXX_WH
1Krón 21:24	G2036	ειπεν	V-AAI-3S	ABP-potolt
1Krón 21:24	G3588	ο	T-NSM	LXX_WH
1Krón 21:24	G0935	βασιλευς	N-NSM	LXX_WH
1Krón 21:24		δαυιδ	N-PRI	ELTERO_SZOVEGALAP
1Krón 21:24	G3588	τω	T-DSM	LXX_WH
1Krón 21:24		ορνα	N-PRI	ELTERO_SZOVEGALAP
1Krón 21:24	G3364	ουχι	ADV	LXX_WH
1Krón 21:24	G3754	οτι	CONJ	LXX_WH
1Krón 21:24	G0059	αγοραζων	V-PAPNS	LXX_WH
1Krón 21:24	G0059	αγοραζω	V-PAI-1S	LXX_WH
1Krón 21:24	G1722	εν	PREP	LXX_WH
1Krón 21:24	G0694	αργυριω	N-DSN	LXX_WH
1Krón 21:24	G0514	αξιω	A-DSN	LXX_WH
1Krón 21:24	G3754	οτι	CONJ	LXX_WH
1Krón 21:24	G3364	ου	ADV	LXX_WH
1Krón 21:24	G3165	μη	ADV	LXX_WH
1Krón 21:24	G2983	λαβω	V-AAS-1S	LXX_WH
1Krón 21:24	G3739	α	R-APN	LXX_WH
1Krón 21:24	G1510	εστιν	V-PAI-3S	LXX_WH
1Krón 21:24	G4771	σοι	P-DS	LXX_WH
1Krón 21:24	G2962	κυριω	N-DSM	LXX_WH
1Krón 21:24	G3588	του	T-GSN	LXX_WH
1Krón 21:24	G0399	ανενεγκαι	V-AAN	LXX_WH
1Krón 21:24	G3646	ολοκαυτωσιν	N-ASF	ABP-potolt
1Krón 21:24	G1431	δωρεαν	N-ASF	LXX_WH
1Krón 21:24	G2962	κυριω	N-DSM	LXX_WH
1Krón 21:25	G2532	και	CONJ	LXX_WH
1Krón 21:25	G1325	εδωκεν	V-AAI-3S	LXX_WH
1Krón 21:25	G1325	δαυιδ	N-PRI	ABP-potolt
1Krón 21:25	G3588	τω	T-DSM	LXX_WH
1Krón 21:25		ορνα	N-PRI	ELTERO_SZOVEGALAP
1Krón 21:25	G1722	εν	PREP	LXX_WH
1Krón 21:25	G3588	τω	T-DSM	LXX_WH
1Krón 21:25	G5117	τοπω	N-DSM	LXX_WH
1Krón 21:25	G0846	αυτου	D-GSM	LXX_WH
1Krón 21:25		σικλους	N-APM	ELTERO_SZOVEGALAP
1Krón 21:25	G5553	χρυσιου	N-GSN	LXX_WH
1Krón 21:25	G3643	ολκης	N-GSF	ABP-potolt
1Krón 21:25	G1812	εξακοσιους	A-APM	LXX_WH
1Krón 21:26	G2532	και	CONJ	LXX_WH
1Krón 21:26	G3618	ωκοδομησεν	V-AAI-3S	LXX_WH
1Krón 21:26		δαυιδ	N-PRI	ELTERO_SZOVEGALAP
1Krón 21:26	G1563	εκει	ADV	LXX_WH
1Krón 21:26	G2379	θυσιαστηριον	N-ASN	LXX_WH
1Krón 21:26	G2962	κυριω	N-DSM	LXX_WH
1Krón 21:26	G2532	και	CONJ	LXX_WH
1Krón 21:26	G0399	ανηνεγκεν	V-AAI-3S	LXX_WH
1Krón 21:26	G3646	ολοκαυτωματα	N-APN	LXX_WH
1Krón 21:26	G2532	και	CONJ	LXX_WH
1Krón 21:26	G4992	σωτηριου	N-GSN	LXX_WH
1Krón 21:26	G2532	και	CONJ	LXX_WH
1Krón 21:26	G0994	εβοησεν	V-AAI-3S	LXX_WH
1Krón 21:26	G4314	προς	PREP	LXX_WH
1Krón 21:26	G2962	κυριον	N-ASM	LXX_WH
1Krón 21:26	G2532	και	CONJ	LXX_WH
1Krón 21:26		επηκουσεν	V-AAI-3S	ELTERO_SZOVEGALAP
1Krón 21:26	G0846	αυτω	D-DSM	LXX_WH
1Krón 21:26	G1722	εν	PREP	LXX_WH
1Krón 21:26	G4442	πυρι	N-DSN	LXX_WH
1Krón 21:26	G1537	εκ	PREP	LXX_WH
1Krón 21:26	G3588	του	T-GSM	LXX_WH
1Krón 21:26	G3772	ουρανου	N-GSM	LXX_WH
1Krón 21:26	G1909	επι	PREP	LXX_WH
1Krón 21:26	G3588	το	T-ASN	LXX_WH
1Krón 21:26	G2379	θυσιαστηριον	N-ASN	LXX_WH
1Krón 21:26	G3588	της	T-GSF	LXX_WH
1Krón 21:26		ολοκαυτωσεως	N-GSF	ELTERO_SZOVEGALAP
1Krón 21:26	G2532	και	CONJ	LXX_WH
1Krón 21:26		καταναλωσεν	V-AAI-3S	ELTERO_SZOVEGALAP
1Krón 21:26	G3588	την	T-ASF	LXX_WH
1Krón 21:26	G3646	ολοκαυτωσιν	N-ASF	ABP-potolt
1Krón 21:27	G2532	και	CONJ	LXX_WH
1Krón 21:27		ειπεν	V-AAI-3S	ELTERO_SZOVEGALAP
1Krón 21:27	G2962	κυριος	N-NSM	LXX_WH
1Krón 21:27	G4314	προς	PREP	LXX_WH
1Krón 21:27	G3588	τον	T-ASM	LXX_WH
1Krón 21:27	G0032	αγγελον	N-ASM	LXX_WH
1Krón 21:27	G2532	και	CONJ	LXX_WH
1Krón 21:27	G2698	κατεθηκεν	V-AAI-3S	LXX_WH
1Krón 21:27	G3588	την	T-ASF	LXX_WH
1Krón 21:27	G4501	ρομφαιαν	N-ASF	ABP-potolt
1Krón 21:27	G1519	εις	PREP	LXX_WH
1Krón 21:27	G3588	τον	T-ASM	LXX_WH
1Krón 21:27	G2852	κολεον	N-ASM	ABP-potolt
1Krón 21:28	G1722	εν	PREP	LXX_WH
1Krón 21:28	G3588	τω	T-DSM	LXX_WH
1Krón 21:28	G2540	καιρω	N-DSM	LXX_WH
1Krón 21:28	G1565	εκεινω	D-DSM	LXX_WH
1Krón 21:28	G1722	εν	PREP	LXX_WH
1Krón 21:28	G3588	τω	T-DSN	LXX_WH
1Krón 21:28	G3708	ιδειν	V-AAN	LXX_WH
1Krón 21:28	G3588	τον	T-ASM	LXX_WH
1Krón 21:28	G1492	δαυιδ	N-PRI	ABP-potolt
1Krón 21:28	G3754	οτι	CONJ	LXX_WH
1Krón 21:28		επηκουσεν	V-AAI-3S	ELTERO_SZOVEGALAP
1Krón 21:28	G0846	αυτω	D-DSM	LXX_WH
1Krón 21:28	G2962	κυριος	N-NSM	LXX_WH
1Krón 21:28	G1722	εν	PREP	LXX_WH
1Krón 21:28	G3588	τω	T-DSN	LXX_WH
1Krón 21:28	G0257	αλω	N-DSN	LXX_WH
1Krón 21:28		ορνα	N-PRI	ELTERO_SZOVEGALAP
1Krón 21:28	G3588	του	T-GSM	LXX_WH
1Krón 21:28		ιεβουσαιου	N-GSM	ELTERO_SZOVEGALAP
1Krón 21:28	G2532	και	CONJ	LXX_WH
1Krón 21:28	G2378	εθυσιασεν	V-AAI-3S	ABP-potolt
1Krón 21:28	G1563	εκει	ADV	LXX_WH
1Krón 21:29	G2532	και	CONJ	LXX_WH
1Krón 21:29	G4633	σκηνη	N-NSF	LXX_WH
1Krón 21:29	G2962	κυριου	N-GSM	LXX_WH
1Krón 21:29	G3739	ην	R-ASF	LXX_WH
1Krón 21:29	G4160	εποιησεν	V-AAI-3S	LXX_WH
1Krón 21:29		μωυσης	N-NSM	ELTERO_SZOVEGALAP
1Krón 21:29	G1722	εν	PREP	LXX_WH
1Krón 21:29	G3588	τη	T-DSF	LXX_WH
1Krón 21:29	G2048	ερημω	N-DSF	LXX_WH
1Krón 21:29	G2532	και	CONJ	LXX_WH
1Krón 21:29	G2379	θυσιαστηριον	N-NSN	LXX_WH
1Krón 21:29	G3588	των	T-GPN	LXX_WH
1Krón 21:29	G3646	ολοκαυτωματων	N-GPN	LXX_WH
1Krón 21:29	G1722	εν	PREP	LXX_WH
1Krón 21:29	G3588	τω	T-DSM	LXX_WH
1Krón 21:29	G2540	καιρω	N-DSM	LXX_WH
1Krón 21:29	G1565	εκεινω	D-DSM	LXX_WH
1Krón 21:29	G1722	εν	PREP	LXX_WH
1Krón 21:29		βαμα	N-PRI	ELTERO_SZOVEGALAP
1Krón 21:29	G1722	εν	PREP	LXX_WH
1Krón 21:29	G1722	γαβαων	N-PRI	ABP-potolt
1Krón 21:30	G2532	και	CONJ	LXX_WH
1Krón 21:30	G3364	ουκ	ADV	LXX_WH
1Krón 21:30	G1410	ηδυνατο	V-IMI-3S	LXX_WH
1Krón 21:30		δαυιδ	N-PRI	ELTERO_SZOVEGALAP
1Krón 21:30	G3588	του	T-GSN	LXX_WH
1Krón 21:30	G4198	πορευθηναι	V-APN	LXX_WH
1Krón 21:30	G1715	εμπροσθεν	PREP	LXX_WH
1Krón 21:30	G0846	αυτου	D-GSM	LXX_WH
1Krón 21:30	G3588	του	T-GSN	LXX_WH
1Krón 21:30	G2212	ζητησαι	V-AAN	LXX_WH
1Krón 21:30	G3588	τον	T-ASM	LXX_WH
1Krón 21:30	G2316	θεον	N-ASM	LXX_WH
1Krón 21:30	G3754	οτι	CONJ	LXX_WH
1Krón 21:30	G2686	κατεσπευσεν	V-AAI-3S	ABP-potolt
1Krón 21:30	G0575	απο	PREP	LXX_WH
1Krón 21:30	G4383	προσωπου	N-GSN	LXX_WH
1Krón 21:30	G3588	της	T-GSF	LXX_WH
1Krón 21:30		ρομφαιας	N-GSF	ELTERO_SZOVEGALAP
1Krón 21:30	G0032	αγγελου	N-GSM	LXX_WH
1Krón 21:30	G2962	κυριου	N-GSM	LXX_WH
1Krón 22:1	G2532	και	CONJ	LXX_WH
1Krón 22:1		ειπεν	V-AAI-3S	ELTERO_SZOVEGALAP
1Krón 22:1		δαυιδ	N-PRI	ELTERO_SZOVEGALAP
1Krón 22:1	G3778	ουτος	D-NSM	LXX_WH
1Krón 22:1	G1510	εστιν	V-PAI-3S	LXX_WH
1Krón 22:1	G3588	ο	T-NSM	LXX_WH
1Krón 22:1	G3624	οικος	N-NSM	LXX_WH
1Krón 22:1	G2962	κυριου	N-GSM	LXX_WH
1Krón 22:1	G3588	του	T-GSM	LXX_WH
1Krón 22:1	G2316	θεου	N-GSM	LXX_WH
1Krón 22:1	G2532	και	CONJ	LXX_WH
1Krón 22:1	G3778	τουτο	D-NSN	LXX_WH
1Krón 22:1	G3588	το	T-NSN	LXX_WH
1Krón 22:1	G2379	θυσιαστηριον	N-NSN	LXX_WH
1Krón 22:1	G1519	εις	PREP	LXX_WH
1Krón 22:1	G3646	ολοκαυτωσιν	N-ASF	ABP-potolt
1Krón 22:1	G3588	τω	T-DSM	LXX_WH
1Krón 22:1	G2474	ισραηλ	N-PRI	LXX_WH
1Krón 22:2	G2532	και	CONJ	LXX_WH
1Krón 22:2		ειπεν	V-AAI-3S	ELTERO_SZOVEGALAP
1Krón 22:2		δαυιδ	N-PRI	ELTERO_SZOVEGALAP
1Krón 22:2	G4863	συναγαγειν	V-AAN	LXX_WH
1Krón 22:2	G3956	παντας	A-APM	LXX_WH
1Krón 22:2	G3588	τους	T-APM	LXX_WH
1Krón 22:2	G4339	προσηλυτους	N-APM	LXX_WH
1Krón 22:2	G1722	εν	PREP	LXX_WH
1Krón 22:2	G1065	γη	N-DSF	LXX_WH
1Krón 22:2	G2474	ισραηλ	N-PRI	LXX_WH
1Krón 22:2	G2532	και	CONJ	LXX_WH
1Krón 22:2	G2525	κατεστησεν	V-AAI-3S	LXX_WH
1Krón 22:2	G2998	λατομους	N-APM	ABP-potolt
1Krón 22:2	G2998	λατομησαι	V-AAN	LXX_WH
1Krón 22:2	G3037	λιθους	N-APM	LXX_WH
1Krón 22:2	G3587	ξυστους	A-APM	ABP-potolt
1Krón 22:2	G3588	του	T-GSN	LXX_WH
1Krón 22:2	G3618	οικοδομησαι	V-AAN	LXX_WH
1Krón 22:2	G3624	οικον	N-ASM	LXX_WH
1Krón 22:2	G3588	τω	T-DSM	LXX_WH
1Krón 22:2	G2316	θεω	N-DSM	LXX_WH
1Krón 22:3	G2532	και	CONJ	LXX_WH
1Krón 22:3	G4604	σιδηρον	N-ASM	LXX_WH
1Krón 22:3	G4183	πολυν	A-ASM	LXX_WH
1Krón 22:3	G1519	εις	PREP	LXX_WH
1Krón 22:3	G3588	τους	T-APM	LXX_WH
1Krón 22:3	G2247	ηλους	N-APM	LXX_WH
1Krón 22:3	G3588	των	T-GPN	LXX_WH
1Krón 22:3		θυρωματων	N-GPN	
1Krón 22:3	G2532	και	CONJ	LXX_WH
1Krón 22:3	G3588	των	T-GPF	LXX_WH
1Krón 22:3	G4439	πυλων	N-GPF	LXX_WH
1Krón 22:3	G2532	και	CONJ	LXX_WH
1Krón 22:3	G3588	τους	T-APM	LXX_WH
1Krón 22:3	G4765	στροφεις	N-APM	ABP-potolt
1Krón 22:3	G2090	ητοιμασεν	V-AAI-3S	LXX_WH
1Krón 22:3	G2090	δαυιδ	N-PRI	ABP-potolt
1Krón 22:3	G2532	και	CONJ	LXX_WH
1Krón 22:3	G5475	χαλκον	N-ASM	LXX_WH
1Krón 22:3	G1519	εις	PREP	LXX_WH
1Krón 22:3	G4128	πληθος	N-ASN	LXX_WH
1Krón 22:3	G3364	ουκ	ADV	LXX_WH
1Krón 22:3	G1510	ην	V-IAI-3S	LXX_WH
1Krón 22:3		σταθμος	N-NSM	ELTERO_SZOVEGALAP
1Krón 22:4	G2532	και	CONJ	LXX_WH
1Krón 22:4	G3586	ξυλα	N-APN	LXX_WH
1Krón 22:4		κεδρινα	A-APN	ELTERO_SZOVEGALAP
1Krón 22:4	G3364	ουκ	ADV	LXX_WH
1Krón 22:4	G1510	ην	V-IAI-3S	LXX_WH
1Krón 22:4	G0706	αριθμος	N-NSM	LXX_WH
1Krón 22:4	G3754	οτι	CONJ	LXX_WH
1Krón 22:4	G5342	εφεροσαν	V-AAI-3P	LXX_WH
1Krón 22:4	G3588	οι	T-NPM	LXX_WH
1Krón 22:4	G4606	σιδωνιοι	N-NPM	LXX_WH
1Krón 22:4	G2532	και	CONJ	LXX_WH
1Krón 22:4	G3588	οι	T-NPM	LXX_WH
1Krón 22:4	G5183	τυριοι	N-NPM	LXX_WH
1Krón 22:4	G3586	ξυλα	N-APN	LXX_WH
1Krón 22:4	G2747	κεδρινα	A-APN	ABP-potolt
1Krón 22:4	G1519	εις	PREP	LXX_WH
1Krón 22:4	G4128	πληθος	N-ASN	LXX_WH
1Krón 22:4	G3588	τω	T-DSM	LXX_WH
1Krón 22:4		δαυιδ	N-PRI	ELTERO_SZOVEGALAP
1Krón 22:5	G2532	και	CONJ	LXX_WH
1Krón 22:5		ειπεν	V-AAI-3S	ELTERO_SZOVEGALAP
1Krón 22:5		δαυιδ	N-PRI	ELTERO_SZOVEGALAP
1Krón 22:5		σαλωμων	N-PRI	ELTERO_SZOVEGALAP
1Krón 22:5	G3588	ο	T-NSM	LXX_WH
1Krón 22:5	G5207	υιος	N-NSM	LXX_WH
1Krón 22:5	G1473	μου	P-GS	LXX_WH
1Krón 22:5	G3808	παιδαριον	N-ASN	LXX_WH
1Krón 22:5	G0527	απαλον	A-ASN	LXX_WH
1Krón 22:5	G2532	και	CONJ	LXX_WH
1Krón 22:5	G3588	ο	T-NSM	LXX_WH
1Krón 22:5	G3624	οικος	N-NSM	LXX_WH
1Krón 22:5	G3588	του	T-GSN	LXX_WH
1Krón 22:5	G3618	οικοδομησαι	V-AAN	LXX_WH
1Krón 22:5	G3588	τω	T-DSM	LXX_WH
1Krón 22:5	G2962	κυριω	N-DSM	LXX_WH
1Krón 22:5	G1519	εις	PREP	LXX_WH
1Krón 22:5	G3172	μεγαλωσυνην	N-ASF	LXX_WH
1Krón 22:5	G0507	ανω	ADV	LXX_WH
1Krón 22:5	G1519	εις	PREP	LXX_WH
1Krón 22:5	G3686	ονομα	N-ASN	LXX_WH
1Krón 22:5	G2532	και	CONJ	LXX_WH
1Krón 22:5	G1519	εις	PREP	LXX_WH
1Krón 22:5	G1391	δοξαν	N-ASF	LXX_WH
1Krón 22:5	G1519	εις	PREP	LXX_WH
1Krón 22:5	G3956	πασαν	A-ASF	LXX_WH
1Krón 22:5	G3588	την	T-ASF	LXX_WH
1Krón 22:5	G1065	γην	N-ASF	LXX_WH
1Krón 22:5	G2090	ετοιμασω	V-FAI-1S	LXX_WH
1Krón 22:5	G0846	αυτω	D-DSM	LXX_WH
1Krón 22:5	G2532	και	CONJ	LXX_WH
1Krón 22:5	G2090	ητοιμασεν	V-AAI-3S	LXX_WH
1Krón 22:5	G2090	δαυιδ	N-PRI	ABP-potolt
1Krón 22:5	G1519	εις	PREP	LXX_WH
1Krón 22:5	G4128	πληθος	N-ASN	LXX_WH
1Krón 22:5	G1715	εμπροσθεν	PREP	LXX_WH
1Krón 22:5	G3588	της	T-GSF	LXX_WH
1Krón 22:5	G5054	τελευτης	N-GSF	LXX_WH
1Krón 22:5	G0846	αυτου	D-GSM	LXX_WH
1Krón 22:6	G2532	και	CONJ	LXX_WH
1Krón 22:6	G2564	εκαλεσεν	V-AAI-3S	LXX_WH
1Krón 22:6		σαλωμων	N-PRI	ELTERO_SZOVEGALAP
1Krón 22:6	G3588	τον	T-ASM	LXX_WH
1Krón 22:6	G5207	υιον	N-ASM	LXX_WH
1Krón 22:6	G0846	αυτου	D-GSM	LXX_WH
1Krón 22:6	G2532	και	CONJ	LXX_WH
1Krón 22:6	G1781	ενετειλατο	V-AMI-3S	LXX_WH
1Krón 22:6	G0846	αυτω	D-DSM	LXX_WH
1Krón 22:6	G3588	του	T-GSN	LXX_WH
1Krón 22:6	G3618	οικοδομησαι	V-AAN	LXX_WH
1Krón 22:6	G3588	τον	T-ASM	LXX_WH
1Krón 22:6	G3624	οικον	N-ASM	LXX_WH
1Krón 22:6	G3588	τω	T-DSM	LXX_WH
1Krón 22:6	G2962	κυριω	N-DSM	LXX_WH
1Krón 22:6	G2316	θεω	N-DSM	LXX_WH
1Krón 22:6	G2474	ισραηλ	N-PRI	LXX_WH
1Krón 22:7	G2532	και	CONJ	LXX_WH
1Krón 22:7		ειπεν	V-AAI-3S	ELTERO_SZOVEGALAP
1Krón 22:7		δαυιδ	N-PRI	ELTERO_SZOVEGALAP
1Krón 22:7		σαλωμων	N-PRI	ELTERO_SZOVEGALAP
1Krón 22:7	G5043	τεκνον	N-NSN	LXX_WH
1Krón 22:7	G1473	εμοι	P-DS	LXX_WH
1Krón 22:7	G1096	εγενετο	V-AMI-3S	LXX_WH
1Krón 22:7	G1909	επι	PREP	LXX_WH
1Krón 22:7	G5590	ψυχη	N-DSF	LXX_WH
1Krón 22:7	G3588	του	T-GSN	LXX_WH
1Krón 22:7	G3618	οικοδομησαι	V-AAN	LXX_WH
1Krón 22:7	G3624	οικον	N-ASM	LXX_WH
1Krón 22:7	G3588	τω	T-DSN	LXX_WH
1Krón 22:7	G3686	ονοματι	N-DSN	LXX_WH
1Krón 22:7	G2962	κυριου	N-GSM	LXX_WH
1Krón 22:7	G2316	θεου	N-GSM	LXX_WH
1Krón 22:8	G2532	και	CONJ	LXX_WH
1Krón 22:8	G1096	εγενετο	V-AMI-3S	LXX_WH
1Krón 22:8	G1909	επ	PREP	LXX_WH
1Krón 22:8	G1473	εμοι	P-DS	LXX_WH
1Krón 22:8	G3056	λογος	N-NSM	LXX_WH
1Krón 22:8	G2962	κυριου	N-GSM	LXX_WH
1Krón 22:8	G3004	λεγων	V-PAPNS	LXX_WH
1Krón 22:8	G0129	αιμα	N-ASN	LXX_WH
1Krón 22:8	G1519	εις	PREP	LXX_WH
1Krón 22:8	G4128	πληθος	N-ASN	LXX_WH
1Krón 22:8	G1632	εξεχεας	V-AAI-2S	LXX_WH
1Krón 22:8	G2532	και	CONJ	LXX_WH
1Krón 22:8	G4171	πολεμους	N-APM	LXX_WH
1Krón 22:8	G3173	μεγαλους	A-APM	LXX_WH
1Krón 22:8	G4160	εποιησας	V-AAI-2S	LXX_WH
1Krón 22:8	G3364	ουκ	ADV	LXX_WH
1Krón 22:8	G3618	οικοδομησεις	V-FAI-2S	LXX_WH
1Krón 22:8	G3624	οικον	N-ASM	LXX_WH
1Krón 22:8	G3588	τω	T-DSN	LXX_WH
1Krón 22:8	G3686	ονοματι	N-DSN	LXX_WH
1Krón 22:8	G1473	μου	P-GS	LXX_WH
1Krón 22:8	G3754	οτι	CONJ	LXX_WH
1Krón 22:8	G0129	αιματα	N-APN	LXX_WH
1Krón 22:8	G4183	πολλα	A-APN	LXX_WH
1Krón 22:8	G1632	εξεχεας	V-AAI-2S	LXX_WH
1Krón 22:8	G1909	επι	PREP	LXX_WH
1Krón 22:8	G3588	της	T-GSF	LXX_WH
1Krón 22:8	G1065	γης	N-GSF	LXX_WH
1Krón 22:8	G1726	εναντιον	PREP	LXX_WH
1Krón 22:8	G1473	μου	P-GS	LXX_WH
1Krón 22:9	G2400	ιδου	INJ	LXX_WH
1Krón 22:9	G5207	υιος	N-NSM	LXX_WH
1Krón 22:9	G5088	τικτεται	V-RPI-3S	LXX_WH
1Krón 22:9	G4771	σοι	P-DS	LXX_WH
1Krón 22:9	G3778	ουτος	D-NSM	LXX_WH
1Krón 22:9	G1510	εσται	V-FMI-3S	LXX_WH
1Krón 22:9	G0435	ανηρ	N-NSM	LXX_WH
1Krón 22:9	G0372	αναπαυσεως	N-GSF	LXX_WH
1Krón 22:9	G2532	και	CONJ	LXX_WH
1Krón 22:9	G0373	αναπαυσω	V-AAS-1S	LXX_WH
1Krón 22:9	G0846	αυτον	D-ASM	LXX_WH
1Krón 22:9	G0575	απο	PREP	LXX_WH
1Krón 22:9	G3956	παντων	A-GPM	LXX_WH
1Krón 22:9	G3588	των	T-GPM	LXX_WH
1Krón 22:9	G2190	εχθρων	N-GPM	LXX_WH
1Krón 22:9	G2943	κυκλοθεν	ADV	LXX_WH
1Krón 22:9	G3754	οτι	CONJ	LXX_WH
1Krón 22:9		σαλωμων	N-PRI	ELTERO_SZOVEGALAP
1Krón 22:9	G3686	ονομα	N-ASN	LXX_WH
1Krón 22:9	G0846	αυτω	D-DSM	LXX_WH
1Krón 22:9	G2532	και	CONJ	LXX_WH
1Krón 22:9	G1515	ειρηνην	N-ASF	LXX_WH
1Krón 22:9	G2532	και	CONJ	LXX_WH
1Krón 22:9	G2271	ησυχιαν	N-ASF	LXX_WH
1Krón 22:9	G1325	δωσω	V-FAI-1S	LXX_WH
1Krón 22:9	G1909	επι	PREP	LXX_WH
1Krón 22:9	G2474	ισραηλ	N-PRI	LXX_WH
1Krón 22:9	G1722	εν	PREP	LXX_WH
1Krón 22:9	G3588	ταις	T-DPF	LXX_WH
1Krón 22:9	G2250	ημεραις	N-DPF	LXX_WH
1Krón 22:9	G0846	αυτου	D-GSM	LXX_WH
1Krón 22:10	G3778	ουτος	D-NSM	LXX_WH
1Krón 22:10	G3618	οικοδομησει	V-FAI-3S	LXX_WH
1Krón 22:10	G3624	οικον	N-ASM	LXX_WH
1Krón 22:10	G3588	τω	T-DSN	LXX_WH
1Krón 22:10	G3686	ονοματι	N-DSN	LXX_WH
1Krón 22:10	G1473	μου	P-GS	LXX_WH
1Krón 22:10	G2532	και	CONJ	LXX_WH
1Krón 22:10	G3778	ουτος	D-NSM	LXX_WH
1Krón 22:10	G1510	εσται	V-FMI-3S	LXX_WH
1Krón 22:10	G1473	μοι	P-DS	LXX_WH
1Krón 22:10	G1519	εις	PREP	LXX_WH
1Krón 22:10	G5207	υιον	N-ASM	LXX_WH
1Krón 22:10		καγω	CONJ	ELTERO_SZOVEGALAP
1Krón 22:10	G0846	αυτω	D-DSM	LXX_WH
1Krón 22:10	G1519	εις	PREP	LXX_WH
1Krón 22:10	G3962	πατερα	N-ASM	LXX_WH
1Krón 22:10	G2532	και	CONJ	LXX_WH
1Krón 22:10		ανορθωσω	V-FAI-1S	ELTERO_SZOVEGALAP
1Krón 22:10	G2362	θρονον	N-ASM	LXX_WH
1Krón 22:10	G0932	βασιλειας	N-GSF	LXX_WH
1Krón 22:10	G0846	αυτου	D-GSM	LXX_WH
1Krón 22:10	G1722	εν	PREP	LXX_WH
1Krón 22:10	G2474	ισραηλ	N-PRI	LXX_WH
1Krón 22:10	G2193	εως	PREP	LXX_WH
1Krón 22:10	G0165	αιωνος	N-GSM	LXX_WH
1Krón 22:11	G2532	και	CONJ	LXX_WH
1Krón 22:11	G3568	νυν	ADV	LXX_WH
1Krón 22:11	G5207	υιε	N-VSM	LXX_WH
1Krón 22:11	G1473	μου	P-GS	LXX_WH
1Krón 22:11	G1510	εσται	V-FMI-3S	LXX_WH
1Krón 22:11	G3326	μετα	PREP	LXX_WH
1Krón 22:11	G4771	σου	P-GS	LXX_WH
1Krón 22:11	G2962	κυριος	N-NSM	LXX_WH
1Krón 22:11	G2532	και	CONJ	LXX_WH
1Krón 22:11	G2137	ευοδωσει	V-FAI-3S	LXX_WH
1Krón 22:11	G2532	και	CONJ	LXX_WH
1Krón 22:11	G3618	οικοδομησεις	V-FAI-2S	LXX_WH
1Krón 22:11	G3624	οικον	N-ASM	LXX_WH
1Krón 22:11	G3588	τω	T-DSM	LXX_WH
1Krón 22:11	G2962	κυριω	N-DSM	LXX_WH
1Krón 22:11	G2316	θεω	N-DSM	LXX_WH
1Krón 22:11	G4771	σου	P-GS	LXX_WH
1Krón 22:11	G3739	ως	CONJ	LXX_WH
1Krón 22:11	G2980	ελαλησεν	V-AAI-3S	LXX_WH
1Krón 22:11	G4012	περι	PREP	LXX_WH
1Krón 22:11	G4771	σου	P-GS	LXX_WH
1Krón 22:12	G0235	αλλ	CONJ	LXX_WH
1Krón 22:12	G2228	η	CONJ	LXX_WH
1Krón 22:12	G1325	δωη	V-AAO-3S	LXX_WH
1Krón 22:12	G4771	σοι	P-DS	LXX_WH
1Krón 22:12	G4678	σοφιαν	N-ASF	LXX_WH
1Krón 22:12	G2532	και	CONJ	LXX_WH
1Krón 22:12	G4907	συνεσιν	N-ASF	LXX_WH
1Krón 22:12	G2962	κυριος	N-NSM	LXX_WH
1Krón 22:12	G2532	και	CONJ	LXX_WH
1Krón 22:12	G2729	κατισχυσαι	V-AAN	LXX_WH
1Krón 22:12	G4771	σε	P-AS	LXX_WH
1Krón 22:12	G1909	επι	PREP	LXX_WH
1Krón 22:12	G2474	ισραηλ	N-PRI	LXX_WH
1Krón 22:12	G2532	και	CONJ	LXX_WH
1Krón 22:12	G3588	του	T-GSN	LXX_WH
1Krón 22:12	G5442	φυλασσεσθαι	V-PMN	LXX_WH
1Krón 22:12	G2532	και	CONJ	LXX_WH
1Krón 22:12	G3588	του	T-GSN	LXX_WH
1Krón 22:12	G4160	ποιειν	V-PAN	LXX_WH
1Krón 22:12	G3588	τον	T-ASM	LXX_WH
1Krón 22:12	G3551	νομον	N-ASM	LXX_WH
1Krón 22:12	G2962	κυριου	N-GSM	LXX_WH
1Krón 22:12	G3588	του	T-GSM	LXX_WH
1Krón 22:12	G2316	θεου	N-GSM	LXX_WH
1Krón 22:12	G4771	σου	P-GS	LXX_WH
1Krón 22:13	G5119	τοτε	ADV	LXX_WH
1Krón 22:13	G2137	ευοδωσει	V-FAI-3S	LXX_WH
1Krón 22:13	G1437	εαν	CONJ	LXX_WH
1Krón 22:13	G5442	φυλαξης	V-AAS-2S	LXX_WH
1Krón 22:13	G3588	του	T-GSN	LXX_WH
1Krón 22:13	G4160	ποιειν	V-PAN	LXX_WH
1Krón 22:13	G3588	τα	T-APN	LXX_WH
1Krón 22:13		προσταγματα	N-APN	
1Krón 22:13	G2532	και	CONJ	LXX_WH
1Krón 22:13	G3588	τα	T-APN	LXX_WH
1Krón 22:13	G2917	κριματα	N-APN	LXX_WH
1Krón 22:13	G3739	α	R-APN	LXX_WH
1Krón 22:13	G1781	ενετειλατο	V-AMI-3S	LXX_WH
1Krón 22:13	G2962	κυριος	N-NSM	LXX_WH
1Krón 22:13	G3588	τω	T-DSM	LXX_WH
1Krón 22:13		μωυση	N-DSM	ELTERO_SZOVEGALAP
1Krón 22:13	G1909	επι	PREP	LXX_WH
1Krón 22:13	G2474	ισραηλ	N-PRI	LXX_WH
1Krón 22:13	G0407	ανδριζου	V-PMD-2S	LXX_WH
1Krón 22:13	G2532	και	CONJ	LXX_WH
1Krón 22:13	G2480	ισχυε	V-PAD-2S	LXX_WH
1Krón 22:13	G3165	μη	ADV	LXX_WH
1Krón 22:13	G5399	φοβου	V-PMD-2S	LXX_WH
1Krón 22:13	G3366	μηδε	CONJ	LXX_WH
1Krón 22:13	G4422	πτοηθης	V-APS-2S	LXX_WH
1Krón 22:14	G2532	και	CONJ	LXX_WH
1Krón 22:14	G2400	ιδου	INJ	LXX_WH
1Krón 22:14	G1473	εγω	P-NS	LXX_WH
1Krón 22:14	G2596	κατα	PREP	LXX_WH
1Krón 22:14	G3588	την	T-ASF	LXX_WH
1Krón 22:14	G4432	πτωχειαν	N-ASF	LXX_WH
1Krón 22:14	G1473	μου	P-GS	LXX_WH
1Krón 22:14	G2090	ητοιμασα	V-AAI-1S	LXX_WH
1Krón 22:14	G1519	εις	PREP	LXX_WH
1Krón 22:14	G3624	οικον	N-ASM	LXX_WH
1Krón 22:14	G2962	κυριου	N-GSM	LXX_WH
1Krón 22:14	G5553	χρυσιου	N-GSN	LXX_WH
1Krón 22:14	G5007	ταλαντων	N-GPN	LXX_WH
1Krón 22:14	G1540	εκατον	N-NUI	LXX_WH
1Krón 22:14	G5505	χιλιαδας	N-APF	LXX_WH
1Krón 22:14	G2532	και	CONJ	LXX_WH
1Krón 22:14	G0694	αργυριου	N-GSN	LXX_WH
1Krón 22:14	G5007	ταλαντων	N-GPN	LXX_WH
1Krón 22:14	G5507	χιλιας	A-GSF	LXX_WH
1Krón 22:14	G5505	χιλιαδας	N-APF	LXX_WH
1Krón 22:14	G2532	και	CONJ	LXX_WH
1Krón 22:14	G5475	χαλκον	N-ASM	LXX_WH
1Krón 22:14	G2532	και	CONJ	LXX_WH
1Krón 22:14	G4604	σιδηρον	N-ASM	LXX_WH
1Krón 22:14	G3739	ου	R-GSM	LXX_WH
1Krón 22:14	G3364	ουκ	ADV	LXX_WH
1Krón 22:14	G1510	εστιν	V-PAI-3S	LXX_WH
1Krón 22:14		σταθμος	N-NSM	ELTERO_SZOVEGALAP
1Krón 22:14	G3754	οτι	CONJ	LXX_WH
1Krón 22:14	G1519	εις	PREP	LXX_WH
1Krón 22:14	G4128	πληθος	N-ASN	LXX_WH
1Krón 22:14	G1510	εστιν	V-PAI-3S	LXX_WH
1Krón 22:14	G2532	και	CONJ	LXX_WH
1Krón 22:14	G3586	ξυλα	N-APN	LXX_WH
1Krón 22:14	G2532	και	CONJ	LXX_WH
1Krón 22:14	G3037	λιθους	N-APM	LXX_WH
1Krón 22:14	G2090	ητοιμασα	V-AAI-1S	LXX_WH
1Krón 22:14	G2532	και	CONJ	LXX_WH
1Krón 22:14	G4314	προς	PREP	LXX_WH
1Krón 22:14	G3778	ταυτα	D-APN	LXX_WH
1Krón 22:14	G4369	προσθες	V-AAD-2S	LXX_WH
1Krón 22:15	G2532	και	CONJ	LXX_WH
1Krón 22:15	G3326	μετα	PREP	LXX_WH
1Krón 22:15	G4771	σου	P-GS	LXX_WH
1Krón 22:15	G1519	εις	PREP	LXX_WH
1Krón 22:15	G4128	πληθος	N-ASN	LXX_WH
1Krón 22:15	G4160	ποιουντων	V-PAPGP	LXX_WH
1Krón 22:15	G2041	εργα	N-APN	LXX_WH
1Krón 22:15	G5079	τεχνιται	N-NPM	LXX_WH
1Krón 22:15	G2532	και	CONJ	LXX_WH
1Krón 22:15		οικοδομοι	N-NPM	ELTERO_SZOVEGALAP
1Krón 22:15	G3037	λιθων	N-GPM	LXX_WH
1Krón 22:15	G2532	και	CONJ	LXX_WH
1Krón 22:15	G5045	τεκτονες	N-NPM	LXX_WH
1Krón 22:15	G3586	ξυλων	N-GPN	LXX_WH
1Krón 22:15	G2532	και	CONJ	LXX_WH
1Krón 22:15	G3956	πας	A-NSM	LXX_WH
1Krón 22:15	G4680	σοφος	A-NSM	LXX_WH
1Krón 22:15	G1722	εν	PREP	LXX_WH
1Krón 22:15	G3956	παντι	A-DSN	LXX_WH
1Krón 22:15	G2041	εργω	N-DSN	LXX_WH
1Krón 22:16	G1722	εν	PREP	LXX_WH
1Krón 22:16	G5553	χρυσιω	N-DSN	LXX_WH
1Krón 22:16	G1722	εν	PREP	LXX_WH
1Krón 22:16	G0694	αργυριω	N-DSN	LXX_WH
1Krón 22:16	G1722	εν	PREP	LXX_WH
1Krón 22:16		χαλκω	A-DSM	
1Krón 22:16	G2532	και	CONJ	LXX_WH
1Krón 22:16	G1722	εν	PREP	LXX_WH
1Krón 22:16	G4604	σιδηρω	N-DSM	LXX_WH
1Krón 22:16	G3364	ουκ	ADV	LXX_WH
1Krón 22:16	G1510	εστιν	V-PAI-3S	LXX_WH
1Krón 22:16	G0706	αριθμος	N-NSM	LXX_WH
1Krón 22:16	G0450	αναστηθι	V-AAD-2S	LXX_WH
1Krón 22:16	G2532	και	CONJ	LXX_WH
1Krón 22:16	G4160	ποιει	V-PAD-2S	LXX_WH
1Krón 22:16	G2532	και	CONJ	LXX_WH
1Krón 22:16	G2962	κυριος	N-NSM	LXX_WH
1Krón 22:16	G3326	μετα	PREP	LXX_WH
1Krón 22:16	G4771	σου	P-GS	LXX_WH
1Krón 22:17	G2532	και	CONJ	LXX_WH
1Krón 22:17	G1781	ενετειλατο	V-AMI-3S	LXX_WH
1Krón 22:17	G3956	δαυιδ	N-PRI	ABP-potolt
1Krón 22:17	G3588	τοις	T-DPM	LXX_WH
1Krón 22:17	G3956	πασιν	A-DPM	LXX_WH
1Krón 22:17	G0758	αρχουσιν	N-DPN	LXX_WH
1Krón 22:17	G2474	ισραηλ	N-PRI	LXX_WH
1Krón 22:17		αντιλαβεσθαι	V-AMN	ELTERO_SZOVEGALAP
1Krón 22:17	G3588	τω	T-DSM	LXX_WH
1Krón 22:17		σαλωμων	N-PRI	ELTERO_SZOVEGALAP
1Krón 22:17	G5207	υιω	N-DSM	LXX_WH
1Krón 22:17	G0846	αυτου	D-GSM	LXX_WH
1Krón 22:18	G3364	ουχι	ADV	LXX_WH
1Krón 22:18	G2962	κυριος	N-NSM	LXX_WH
1Krón 22:18	G3326	μεθ	PREP	LXX_WH
1Krón 22:18	G4771	υμων	P-GP	LXX_WH
1Krón 22:18	G2532	και	CONJ	LXX_WH
1Krón 22:18	G0373	ανεπαυσεν	V-AAI-3S	LXX_WH
1Krón 22:18	G4771	υμας	P-AP	LXX_WH
1Krón 22:18	G2943	κυκλοθεν	ADV	LXX_WH
1Krón 22:18	G3754	οτι	CONJ	LXX_WH
1Krón 22:18	G1325	εδωκεν	V-AAI-3S	LXX_WH
1Krón 22:18	G1722	εν	PREP	LXX_WH
1Krón 22:18	G5495	χερσιν	N-DPF	LXX_WH
1Krón 22:18	G3588	τους	T-APM	LXX_WH
1Krón 22:18	G2730	κατοικουντας	V-PAPAP	ABP-potolt
1Krón 22:18	G3588	την	T-ASF	LXX_WH
1Krón 22:18	G1065	γην	N-ASF	LXX_WH
1Krón 22:18	G2532	και	CONJ	LXX_WH
1Krón 22:18	G5293	υπεταγη	V-API-3S	LXX_WH
1Krón 22:18	G3588	η	T-NSF	LXX_WH
1Krón 22:18	G1065	γη	N-NSF	LXX_WH
1Krón 22:18	G1726	εναντιον	PREP	LXX_WH
1Krón 22:18	G2962	κυριου	N-GSM	LXX_WH
1Krón 22:18	G2532	και	CONJ	LXX_WH
1Krón 22:18	G1726	εναντιον	PREP	LXX_WH
1Krón 22:18	G2992	λαου	N-GSM	LXX_WH
1Krón 22:18	G0846	αυτου	D-GSM	LXX_WH
1Krón 22:19	G3568	νυν	ADV	LXX_WH
1Krón 22:19	G1325	δοτε	V-AAD-2P	LXX_WH
1Krón 22:19	G2588	καρδιας	N-APF	LXX_WH
1Krón 22:19	G4771	υμων	P-GP	LXX_WH
1Krón 22:19	G2532	και	CONJ	LXX_WH
1Krón 22:19	G5590	ψυχας	N-APF	LXX_WH
1Krón 22:19	G4771	υμων	P-GP	LXX_WH
1Krón 22:19	G3588	του	T-GSN	LXX_WH
1Krón 22:19	G2212	ζητησαι	V-AAN	LXX_WH
1Krón 22:19	G3588	τω	T-DSM	LXX_WH
1Krón 22:19	G2962	κυριω	N-DSM	LXX_WH
1Krón 22:19	G2316	θεω	N-DSM	LXX_WH
1Krón 22:19	G4771	υμων	P-GP	LXX_WH
1Krón 22:19	G2532	και	CONJ	LXX_WH
1Krón 22:19	G1453	εγερθητε	V-APS-2P	LXX_WH
1Krón 22:19	G2532	και	CONJ	LXX_WH
1Krón 22:19	G3618	οικοδομησατε	V-AAD-2P	LXX_WH
1Krón 22:19		αγιασμα	N-ASN	ELTERO_SZOVEGALAP
1Krón 22:19	G2962	κυριω	N-DSM	LXX_WH
1Krón 22:19	G3588	τω	T-DSM	LXX_WH
1Krón 22:19	G2316	θεω	N-DSM	LXX_WH
1Krón 22:19	G4771	υμων	P-GP	LXX_WH
1Krón 22:19	G3588	του	T-GSN	LXX_WH
1Krón 22:19	G1533	εισενεγκαι	V-AAN	LXX_WH
1Krón 22:19	G3588	την	T-ASF	LXX_WH
1Krón 22:19	G2787	κιβωτον	N-ASF	LXX_WH
1Krón 22:19	G1242	διαθηκης	N-GSF	LXX_WH
1Krón 22:19	G2962	κυριου	N-GSM	LXX_WH
1Krón 22:19	G2532	και	CONJ	LXX_WH
1Krón 22:19	G4632	σκευη	N-APN	LXX_WH
1Krón 22:19	G3588	τα	T-APN	LXX_WH
1Krón 22:19	G0040	αγια	A-APN	LXX_WH
1Krón 22:19	G3588	του	T-GSM	LXX_WH
1Krón 22:19	G2316	θεου	N-GSM	LXX_WH
1Krón 22:19	G1519	εις	PREP	LXX_WH
1Krón 22:19	G3624	οικον	N-ASM	LXX_WH
1Krón 22:19	G3588	τον	T-ASM	LXX_WH
1Krón 22:19	G3618	οικοδομουμενον	V-PMPAS	LXX_WH
1Krón 22:19	G3588	τω	T-DSN	LXX_WH
1Krón 22:19	G3686	ονοματι	N-DSN	LXX_WH
1Krón 22:19	G2962	κυριου	N-GSM	LXX_WH
1Krón 23:1	G2532	και	CONJ	LXX_WH
1Krón 23:1		δαυιδ	N-PRI	ELTERO_SZOVEGALAP
1Krón 23:1	G4246	πρεσβυτης	A-NSM	LXX_WH
1Krón 23:1	G2532	και	CONJ	LXX_WH
1Krón 23:1	G4134	πληρης	A-NSM	LXX_WH
1Krón 23:1	G2250	ημερων	N-GPF	LXX_WH
1Krón 23:1	G2532	και	CONJ	LXX_WH
1Krón 23:1	G0936	εβασιλευσεν	V-AAI-3S	LXX_WH
1Krón 23:1		σαλωμων	N-PRI	ELTERO_SZOVEGALAP
1Krón 23:1	G3588	τον	T-ASM	LXX_WH
1Krón 23:1	G5207	υιον	N-ASM	LXX_WH
1Krón 23:1	G0846	αυτου	D-GSM	LXX_WH
1Krón 23:1	G0473	αντ	PREP	LXX_WH
1Krón 23:1	G0846	αυτου	D-GSM	LXX_WH
1Krón 23:1	G1909	επι	PREP	LXX_WH
1Krón 23:1	G2474	ισραηλ	N-PRI	LXX_WH
1Krón 23:2	G2532	και	CONJ	LXX_WH
1Krón 23:2	G4863	συνηγαγεν	V-AAI-3S	LXX_WH
1Krón 23:2	G3588	τους	T-APM	LXX_WH
1Krón 23:2	G3956	παντας	A-APM	LXX_WH
1Krón 23:2	G0758	αρχοντας	N-APM	LXX_WH
1Krón 23:2	G2474	ισραηλ	N-PRI	LXX_WH
1Krón 23:2	G2532	και	CONJ	LXX_WH
1Krón 23:2	G3588	τους	T-APM	LXX_WH
1Krón 23:2	G2409	ιερεις	N-APM	LXX_WH
1Krón 23:2	G2532	και	CONJ	LXX_WH
1Krón 23:2	G3588	τους	T-APM	LXX_WH
1Krón 23:2	G3019	λευιτας	N-APM	LXX_WH
1Krón 23:3	G2532	και	CONJ	LXX_WH
1Krón 23:3	G0705	ηριθμηθησαν	V-API-3P	LXX_WH
1Krón 23:3	G3588	οι	T-NPM	LXX_WH
1Krón 23:3	G3019	λευιται	N-NPM	LXX_WH
1Krón 23:3	G0575	απο	PREP	LXX_WH
1Krón 23:3	G5144	τριακονταετους	N-GPN	ABP-potolt
1Krón 23:3	G2532	και	CONJ	LXX_WH
1Krón 23:3	G1883	επανω	ADV	LXX_WH
1Krón 23:3	G2532	και	CONJ	LXX_WH
1Krón 23:3	G1096	εγενετο	V-AMI-3S	LXX_WH
1Krón 23:3	G3588	ο	T-NSM	LXX_WH
1Krón 23:3	G0706	αριθμος	N-NSM	LXX_WH
1Krón 23:3	G0846	αυτων	D-GPM	LXX_WH
1Krón 23:3	G2596	κατα	PREP	LXX_WH
1Krón 23:3	G2776	κεφαλην	N-ASF	LXX_WH
1Krón 23:3	G0846	αυτων	D-GPM	LXX_WH
1Krón 23:3	G1519	εις	PREP	LXX_WH
1Krón 23:3	G0435	ανδρας	N-APM	LXX_WH
1Krón 23:3	G5144	τριακοντα	N-NUI	LXX_WH
1Krón 23:3	G2532	και	CONJ	LXX_WH
1Krón 23:3	G3638	οκτω	N-NUI	LXX_WH
1Krón 23:3	G5505	χιλιαδας	N-APF	LXX_WH
1Krón 23:4	G0575	απο	PREP	LXX_WH
1Krón 23:4	G3778	τουτων	D-GPM	LXX_WH
1Krón 23:4	G2040	εργοδιωκται	N-NPM	ABP-potolt
1Krón 23:4	G1909	επι	PREP	LXX_WH
1Krón 23:4	G3588	τα	T-APN	LXX_WH
1Krón 23:4	G2041	εργα	N-APN	LXX_WH
1Krón 23:4	G3624	οικου	N-GSM	LXX_WH
1Krón 23:4	G2962	κυριου	N-GSM	LXX_WH
1Krón 23:4	G1501	εικοσι	N-NUI	LXX_WH
1Krón 23:4	G5064	τεσσαρες	A-NPF	LXX_WH
1Krón 23:4	G5505	χιλιαδες	N-NPF	LXX_WH
1Krón 23:4	G2532	και	CONJ	LXX_WH
1Krón 23:4	G1122	γραμματεις	N-NPM	LXX_WH
1Krón 23:4	G2532	και	CONJ	LXX_WH
1Krón 23:4	G2923	κριται	N-NPM	LXX_WH
1Krón 23:4	G1810	εξακισχιλιοι	A-NPM	ABP-potolt
1Krón 23:5	G2532	και	CONJ	LXX_WH
1Krón 23:5	G5064	τεσσαρες	A-NPF	LXX_WH
1Krón 23:5	G5505	χιλιαδες	N-NPF	LXX_WH
1Krón 23:5	G4440	πυλωροι	N-NPM	ABP-potolt
1Krón 23:5	G2532	και	CONJ	LXX_WH
1Krón 23:5	G5064	τεσσαρες	A-NPF	LXX_WH
1Krón 23:5	G5505	χιλιαδες	N-NPF	LXX_WH
1Krón 23:5	G0134	αινουντες	V-PAPNP	LXX_WH
1Krón 23:5	G3588	τω	T-DSM	LXX_WH
1Krón 23:5	G2962	κυριω	N-DSM	LXX_WH
1Krón 23:5	G1722	εν	PREP	LXX_WH
1Krón 23:5	G3588	τοις	T-DPN	LXX_WH
1Krón 23:5	G3708	οργανοις	N-DPN	ABP-potolt
1Krón 23:5	G3739	οις	R-DPN	LXX_WH
1Krón 23:5	G4160	εποιησεν	V-AAI-3S	LXX_WH
1Krón 23:5	G3588	του	T-GSN	LXX_WH
1Krón 23:5	G0134	αινειν	V-PAN	LXX_WH
1Krón 23:5	G3588	τω	T-DSM	LXX_WH
1Krón 23:5	G2962	κυριω	N-DSM	LXX_WH
1Krón 23:6	G2532	και	CONJ	LXX_WH
1Krón 23:6	G1244	διειλεν	V-AAI-3S	LXX_WH
1Krón 23:6	G0846	αυτους	D-APM	LXX_WH
1Krón 23:6		δαυιδ	N-PRI	ELTERO_SZOVEGALAP
1Krón 23:6	G2183	εφημεριας	N-GSF	LXX_WH
1Krón 23:6	G3588	τοις	T-DPM	LXX_WH
1Krón 23:6	G5207	υιοις	N-DPM	LXX_WH
1Krón 23:6	G3017	λευι	N-PRI	LXX_WH
1Krón 23:6	G3588	τω	T-DSM	LXX_WH
1Krón 23:6	G2532	γεδσων	N-PRI	ABP-potolt
1Krón 23:6	G2532	κααθ	N-PRI	ABP-potolt
1Krón 23:6	G2532	μεραρι	N-PRI	ABP-potolt
1Krón 23:7	G2532	και	CONJ	LXX_WH
1Krón 23:7	G3588	τω	T-DSM	LXX_WH
1Krón 23:7		παροσωμ	N-PRI	ELTERO_SZOVEGALAP
1Krón 23:7	G3588	τω	T-DSM	LXX_WH
1Krón 23:7		εδαν	N-PRI	ELTERO_SZOVEGALAP
1Krón 23:7	G2532	και	CONJ	LXX_WH
1Krón 23:7	G3588	τω	T-DSM	LXX_WH
1Krón 23:7	G4584	σεμει	N-PRI	LXX_WH
1Krón 23:8	G5207	υιοι	N-NPM	LXX_WH
1Krón 23:8	G3588	τω	T-DSM	LXX_WH
1Krón 23:8		εδαν	N-PRI	ELTERO_SZOVEGALAP
1Krón 23:8	G3588	ο	T-NSM	LXX_WH
1Krón 23:8	G0758	αρχων	N-NSM	LXX_WH
1Krón 23:8	G2532	ιιηλ	N-PRI	ABP-potolt
1Krón 23:8	G2532	και	CONJ	LXX_WH
1Krón 23:8		ζεθομ	N-PRI	ELTERO_SZOVEGALAP
1Krón 23:8	G2532	και	CONJ	LXX_WH
1Krón 23:8	G2493	ιωηλ	N-PRI	LXX_WH
1Krón 23:8	G5140	τρεις	A-NPM	LXX_WH
1Krón 23:9	G5207	υιοι	N-NPM	LXX_WH
1Krón 23:9	G4584	σεμει	N-PRI	LXX_WH
1Krón 23:9		σαλωμιθ	N-PRI	ELTERO_SZOVEGALAP
1Krón 23:9	G2532	και	CONJ	LXX_WH
1Krón 23:9		ιιηλ	N-PRI	ELTERO_SZOVEGALAP
1Krón 23:9	G2532	και	CONJ	LXX_WH
1Krón 23:9	G2532	αιδαν	N-PRI	ABP-potolt
1Krón 23:9	G5140	τρεις	A-NPM	LXX_WH
1Krón 23:9	G3778	ουτοι	D-NPM	LXX_WH
1Krón 23:9	G0758	αρχοντες	N-NPM	LXX_WH
1Krón 23:9	G3588	των	T-GPF	LXX_WH
1Krón 23:9	G3965	πατριων	N-GPF	LXX_WH
1Krón 23:9	G3588	τω	T-DSM	LXX_WH
1Krón 23:9		εδαν	N-PRI	ELTERO_SZOVEGALAP
1Krón 23:10	G2532	και	CONJ	LXX_WH
1Krón 23:10	G3588	τοις	T-DPM	LXX_WH
1Krón 23:10	G5207	υιοις	N-DPM	LXX_WH
1Krón 23:10	G4584	σεμει	N-PRI	LXX_WH
1Krón 23:10		ιεθ	N-PRI	ELTERO_SZOVEGALAP
1Krón 23:10	G2532	και	CONJ	LXX_WH
1Krón 23:10		ζιζα	N-PRI	
1Krón 23:10	G2532	και	CONJ	LXX_WH
1Krón 23:10		ιωας	N-PRI	
1Krón 23:10	G2532	και	CONJ	LXX_WH
1Krón 23:10	G2532	βερια	N-PRI	ABP-potolt
1Krón 23:10	G3778	ουτοι	D-NPM	LXX_WH
1Krón 23:10	G5207	υιοι	N-NPM	LXX_WH
1Krón 23:10	G4584	σεμει	N-PRI	LXX_WH
1Krón 23:10	G5064	τεσσαρες	A-NPM	LXX_WH
1Krón 23:11	G2532	και	CONJ	LXX_WH
1Krón 23:11	G1510	ην	V-IAI-3S	LXX_WH
1Krón 23:11	G1510	ιεθ	N-PRI	ABP-potolt
1Krón 23:11	G3588	ο	T-NSM	LXX_WH
1Krón 23:11	G0758	αρχων	N-NSM	LXX_WH
1Krón 23:11	G2532	και	CONJ	LXX_WH
1Krón 23:11		ζιζα	N-PRI	ELTERO_SZOVEGALAP
1Krón 23:11	G3588	ο	T-NSM	LXX_WH
1Krón 23:11	G1208	δευτερος	A-NSM	LXX_WH
1Krón 23:11	G2532	και	CONJ	LXX_WH
1Krón 23:11		ιωας	N-PRI	ELTERO_SZOVEGALAP
1Krón 23:11	G2532	και	CONJ	LXX_WH
1Krón 23:11		βερια	N-PRI	ELTERO_SZOVEGALAP
1Krón 23:11	G3364	ουκ	ADV	LXX_WH
1Krón 23:11	G4129	επληθυναν	V-AAI-3P	LXX_WH
1Krón 23:11	G5207	υιους	N-APM	LXX_WH
1Krón 23:11	G2532	και	CONJ	LXX_WH
1Krón 23:11	G1096	εγενοντο	V-AMI-3P	LXX_WH
1Krón 23:11	G1519	εις	PREP	LXX_WH
1Krón 23:11	G3624	οικον	N-ASM	LXX_WH
1Krón 23:11	G3965	πατριας	N-GSF	LXX_WH
1Krón 23:11	G1519	εις	PREP	LXX_WH
1Krón 23:11		επισκεψιν	N-ASF	ELTERO_SZOVEGALAP
1Krón 23:11	G1519	μιαν	A-ASF	LXX_WH
1Krón 23:12	G5207	υιοι	N-NPM	LXX_WH
1Krón 23:12		κααθ	N-PRI	
1Krón 23:12		αμβραμ	N-PRI	
1Krón 23:12		ισσααρ	N-PRI	
1Krón 23:12		χεβρων	N-PRI	
1Krón 23:12		οζιηλ	N-PRI	
1Krón 23:12	G5064	τεσσαρες	A-NPM	LXX_WH
1Krón 23:13	G5207	υιοι	N-NPM	LXX_WH
1Krón 23:13		αμβραμ	N-PRI	ELTERO_SZOVEGALAP
1Krón 23:13	G0002	ααρων	N-PRI	LXX_WH
1Krón 23:13	G2532	και	CONJ	LXX_WH
1Krón 23:13		μωυσης	N-NSM	ELTERO_SZOVEGALAP
1Krón 23:13	G2532	και	CONJ	LXX_WH
1Krón 23:13		διεσταλη	V-API-3S	ELTERO_SZOVEGALAP
1Krón 23:13	G0002	ααρων	N-PRI	LXX_WH
1Krón 23:13	G3588	του	T-GSN	LXX_WH
1Krón 23:13	G0037	αγιασθηναι	V-APN	LXX_WH
1Krón 23:13	G0040	αγια	A-APN	LXX_WH
1Krón 23:13	G0040	αγιων	A-GPN	LXX_WH
1Krón 23:13	G0846	αυτος	D-NSM	LXX_WH
1Krón 23:13	G2532	και	CONJ	LXX_WH
1Krón 23:13	G3588	οι	T-NPM	LXX_WH
1Krón 23:13	G5207	υιοι	N-NPM	LXX_WH
1Krón 23:13	G0846	αυτου	D-GSM	LXX_WH
1Krón 23:13	G2193	εως	PREP	LXX_WH
1Krón 23:13	G0165	αιωνος	N-GSM	LXX_WH
1Krón 23:13	G3588	του	T-GSN	LXX_WH
1Krón 23:13	G2370	θυμιαν	V-PAN	ABP-potolt
1Krón 23:13	G1726	εναντιον	PREP	LXX_WH
1Krón 23:13	G3588	του	T-GSM	LXX_WH
1Krón 23:13	G2962	κυριου	N-GSM	LXX_WH
1Krón 23:13	G3008	λειτουργειν	V-PAN	LXX_WH
1Krón 23:13	G2532	και	CONJ	LXX_WH
1Krón 23:13	G1906	επευχεσθαι	V-PMN	ABP-potolt
1Krón 23:13	G1909	επι	PREP	LXX_WH
1Krón 23:13	G3588	τω	T-DSN	LXX_WH
1Krón 23:13	G3686	ονοματι	N-DSN	LXX_WH
1Krón 23:13	G0846	αυτου	D-GSM	LXX_WH
1Krón 23:13	G2193	εως	PREP	LXX_WH
1Krón 23:13	G0165	αιωνος	N-GSM	LXX_WH
1Krón 23:14	G2532	και	CONJ	LXX_WH
1Krón 23:14		μωυσης	N-NSM	ELTERO_SZOVEGALAP
1Krón 23:14	G0444	ανθρωπος	N-NSM	LXX_WH
1Krón 23:14	G3588	του	T-GSM	LXX_WH
1Krón 23:14	G2316	θεου	N-GSM	LXX_WH
1Krón 23:14	G5207	υιοι	N-NPM	LXX_WH
1Krón 23:14	G0846	αυτου	D-GSM	LXX_WH
1Krón 23:14	G2564	εκληθησαν	V-API-3P	LXX_WH
1Krón 23:14	G1519	εις	PREP	LXX_WH
1Krón 23:14	G5443	φυλην	N-ASF	LXX_WH
1Krón 23:14	G3588	του	T-GSM	LXX_WH
1Krón 23:14	G3017	λευι	N-PRI	LXX_WH
1Krón 23:15	G5207	υιοι	N-NPM	LXX_WH
1Krón 23:15		μωυση	N-GSM	ELTERO_SZOVEGALAP
1Krón 23:15		γηρσαμ	N-PRI	ELTERO_SZOVEGALAP
1Krón 23:15	G2532	και	CONJ	LXX_WH
1Krón 23:15	G1663	ελιεζερ	N-PRI	LXX_WH
1Krón 23:16	G5207	υιοι	N-NPM	LXX_WH
1Krón 23:16		γηρσαμ	N-PRI	
1Krón 23:16		σουβαηλ	N-PRI	
1Krón 23:16	G3588	ο	T-NSM	LXX_WH
1Krón 23:16	G0758	αρχων	N-NSM	LXX_WH
1Krón 23:17	G2532	και	CONJ	LXX_WH
1Krón 23:17	G1510	ησαν	V-IAI-3P	LXX_WH
1Krón 23:17	G5207	υιοι	N-NPM	LXX_WH
1Krón 23:17	G3588	τω	T-DSM	LXX_WH
1Krón 23:17	G1663	ελιεζερ	N-PRI	LXX_WH
1Krón 23:17		ρααβια	N-PRI	ELTERO_SZOVEGALAP
1Krón 23:17	G3588	ο	T-NSM	LXX_WH
1Krón 23:17	G0758	αρχων	N-NSM	LXX_WH
1Krón 23:17	G2532	και	CONJ	LXX_WH
1Krón 23:17	G3364	ουκ	ADV	LXX_WH
1Krón 23:17	G1510	ησαν	V-IAI-3P	LXX_WH
1Krón 23:17	G3588	τω	T-DSM	LXX_WH
1Krón 23:17	G1663	ελιεζερ	N-PRI	LXX_WH
1Krón 23:17	G5207	υιοι	N-NPM	LXX_WH
1Krón 23:17	G2087	ετεροι	A-NPM	LXX_WH
1Krón 23:17	G2532	και	CONJ	LXX_WH
1Krón 23:17	G5207	υιοι	N-NPM	LXX_WH
1Krón 23:17		ρααβια	N-PRI	ELTERO_SZOVEGALAP
1Krón 23:17	G0837	ηυξηθησαν	V-API-3P	LXX_WH
1Krón 23:17	G1519	εις	PREP	LXX_WH
1Krón 23:17	G5311	υψος	N-ASN	LXX_WH
1Krón 23:18	G5207	υιοι	N-NPM	LXX_WH
1Krón 23:18		ισσααρ	N-PRI	
1Krón 23:18		σαλωμωθ	N-PRI	
1Krón 23:18	G3588	ο	T-NSM	LXX_WH
1Krón 23:18	G0758	αρχων	N-NSM	LXX_WH
1Krón 23:19	G5207	υιοι	N-NPM	LXX_WH
1Krón 23:19		χεβρων	N-PRI	
1Krón 23:19		ιδουδ	N-PRI	
1Krón 23:19	G3588	ο	T-NSM	LXX_WH
1Krón 23:19	G0758	αρχων	N-NSM	LXX_WH
1Krón 23:19		αμαδια	N-PRI	
1Krón 23:19	G3588	ο	T-NSM	LXX_WH
1Krón 23:19	G1208	δευτερος	A-NSM	LXX_WH
1Krón 23:19		οζιηλ	N-PRI	
1Krón 23:19	G3588	ο	T-NSM	LXX_WH
1Krón 23:19	G5154	τριτος	A-NSM	LXX_WH
1Krón 23:19		ικεμιας	N-NSM	
1Krón 23:19	G3588	ο	T-NSM	LXX_WH
1Krón 23:19	G5067	τεταρτος	A-NSM	LXX_WH
1Krón 23:20	G5207	υιοι	N-NPM	LXX_WH
1Krón 23:20		οζιηλ	N-PRI	
1Krón 23:20		μιχας	N-PRI	
1Krón 23:20	G3588	ο	T-NSM	LXX_WH
1Krón 23:20	G0758	αρχων	N-NSM	LXX_WH
1Krón 23:20	G2532	και	CONJ	LXX_WH
1Krón 23:20		ισια	N-PRI	
1Krón 23:20	G3588	ο	T-NSM	LXX_WH
1Krón 23:20	G1208	δευτερος	A-NSM	LXX_WH
1Krón 23:21	G5207	υιοι	N-NPM	LXX_WH
1Krón 23:21		μεραρι	N-PRI	ELTERO_SZOVEGALAP
1Krón 23:21		μοολι	N-PRI	ELTERO_SZOVEGALAP
1Krón 23:21	G2532	και	CONJ	LXX_WH
1Krón 23:21		μουσι	N-PRI	ELTERO_SZOVEGALAP
1Krón 23:21	G5207	υιοι	N-NPM	LXX_WH
1Krón 23:21		μοολι	N-PRI	ELTERO_SZOVEGALAP
1Krón 23:21	G1648	ελεαζαρ	N-PRI	LXX_WH
1Krón 23:21	G2532	και	CONJ	LXX_WH
1Krón 23:21	G2797	κις	N-PRI	LXX_WH
1Krón 23:22	G2532	και	CONJ	LXX_WH
1Krón 23:22	G0599	απεθανεν	V-AAI-3S	LXX_WH
1Krón 23:22	G1648	ελεαζαρ	N-PRI	LXX_WH
1Krón 23:22	G2532	και	CONJ	LXX_WH
1Krón 23:22	G3364	ουκ	ADV	LXX_WH
1Krón 23:22	G1510	ησαν	V-IAI-3P	LXX_WH
1Krón 23:22	G0846	αυτω	D-DSM	LXX_WH
1Krón 23:22	G5207	υιοι	N-NPM	LXX_WH
1Krón 23:22	G0235	αλλ	CONJ	LXX_WH
1Krón 23:22	G2228	η	CONJ	LXX_WH
1Krón 23:22	G2364	θυγατερες	N-NPF	LXX_WH
1Krón 23:22	G2532	και	CONJ	LXX_WH
1Krón 23:22	G2983	ελαβον	V-AAI-3P	LXX_WH
1Krón 23:22	G0846	αυτας	D-APF	LXX_WH
1Krón 23:22	G5207	υιοι	N-NPM	LXX_WH
1Krón 23:22	G2797	κις	N-PRI	LXX_WH
1Krón 23:22	G0080	αδελφοι	N-NPM	LXX_WH
1Krón 23:22	G0846	αυτων	D-GPM	LXX_WH
1Krón 23:23	G5207	υιοι	N-NPM	LXX_WH
1Krón 23:23	G2532	μουσι	N-PRI	ABP-potolt
1Krón 23:23	G2532	μοολι	N-PRI	ABP-potolt
1Krón 23:23	G2532	και	CONJ	LXX_WH
1Krón 23:23		εδερ	N-PRI	
1Krón 23:23	G2532	και	CONJ	LXX_WH
1Krón 23:23	G2532	ιαριμωθ	N-PRI	ABP-potolt
1Krón 23:23	G5140	τρεις	A-NPM	LXX_WH
1Krón 23:24	G3778	ουτοι	D-NPM	LXX_WH
1Krón 23:24	G5207	υιοι	N-NPM	LXX_WH
1Krón 23:24	G3017	λευι	N-PRI	LXX_WH
1Krón 23:24	G2596	κατ	PREP	LXX_WH
1Krón 23:24	G3624	οικους	N-APM	LXX_WH
1Krón 23:24	G3965	πατριων	N-GPF	LXX_WH
1Krón 23:24	G0846	αυτων	D-GPM	LXX_WH
1Krón 23:24	G0758	αρχοντες	N-NPM	LXX_WH
1Krón 23:24	G3588	των	T-GPF	LXX_WH
1Krón 23:24	G3965	πατριων	N-GPF	LXX_WH
1Krón 23:24	G0846	αυτων	D-GPM	LXX_WH
1Krón 23:24	G2596	κατα	PREP	LXX_WH
1Krón 23:24	G3588	την	T-ASF	LXX_WH
1Krón 23:24		επισκεψιν	N-ASF	ELTERO_SZOVEGALAP
1Krón 23:24	G0846	αυτων	D-GPM	LXX_WH
1Krón 23:24	G2596	κατα	PREP	LXX_WH
1Krón 23:24	G3588	τον	T-ASM	LXX_WH
1Krón 23:24	G0706	αριθμον	N-ASM	LXX_WH
1Krón 23:24	G3686	ονοματων	N-GPN	LXX_WH
1Krón 23:24	G0846	αυτων	D-GPM	LXX_WH
1Krón 23:24	G2596	κατα	PREP	LXX_WH
1Krón 23:24	G2776	κεφαλην	N-ASF	LXX_WH
1Krón 23:24	G0846	αυτων	D-GPM	LXX_WH
1Krón 23:24	G4160	ποιουντες	V-PAPNP	LXX_WH
1Krón 23:24	G3588	τα	T-APN	LXX_WH
1Krón 23:24	G2041	εργα	N-APN	LXX_WH
1Krón 23:24	G3009	λειτουργιας	N-GSF	LXX_WH
1Krón 23:24	G3624	οικου	N-GSM	LXX_WH
1Krón 23:24	G2962	κυριου	N-GSM	LXX_WH
1Krón 23:24	G0575	απο	PREP	LXX_WH
1Krón 23:24	G1500	εικοσαετους	A-GSM	ABP-potolt
1Krón 23:24	G2532	και	CONJ	LXX_WH
1Krón 23:24	G1883	επανω	ADV	ABP-potolt
1Krón 23:25	G3754	οτι	CONJ	LXX_WH
1Krón 23:25		ειπεν	V-AAI-3S	ELTERO_SZOVEGALAP
1Krón 23:25		δαυιδ	N-PRI	ELTERO_SZOVEGALAP
1Krón 23:25	G2664	κατεπαυσεν	V-AAI-3S	LXX_WH
1Krón 23:25	G2962	κυριος	N-NSM	LXX_WH
1Krón 23:25	G3588	ο	T-NSM	LXX_WH
1Krón 23:25	G2316	θεος	N-NSM	LXX_WH
1Krón 23:25	G2474	ισραηλ	N-PRI	LXX_WH
1Krón 23:25	G3588	τω	T-DSM	LXX_WH
1Krón 23:25	G2992	λαω	N-DSM	LXX_WH
1Krón 23:25	G0846	αυτου	D-GSM	LXX_WH
1Krón 23:25	G2532	και	CONJ	LXX_WH
1Krón 23:25	G2681	κατεσκηνωσεν	V-AAI-3S	LXX_WH
1Krón 23:25	G1722	εν	PREP	LXX_WH
1Krón 23:25	G2419	ιερουσαλημ	N-PRI	LXX_WH
1Krón 23:25	G2193	εως	PREP	LXX_WH
1Krón 23:25	G0165	αιωνος	N-GSM	LXX_WH
1Krón 23:26	G2532	και	CONJ	LXX_WH
1Krón 23:26	G3588	οι	T-NPM	LXX_WH
1Krón 23:26	G3019	λευιται	N-NPM	LXX_WH
1Krón 23:26	G3364	ουκ	ADV	LXX_WH
1Krón 23:26	G1510	ησαν	V-IAI-3P	LXX_WH
1Krón 23:26	G0142	αιροντες	V-PAPNP	LXX_WH
1Krón 23:26	G3588	την	T-ASF	LXX_WH
1Krón 23:26	G4633	σκηνην	N-ASF	LXX_WH
1Krón 23:26	G2532	και	CONJ	LXX_WH
1Krón 23:26	G3588	τα	T-APN	LXX_WH
1Krón 23:26	G3956	παντα	A-APN	LXX_WH
1Krón 23:26	G4632	σκευη	N-APN	LXX_WH
1Krón 23:26	G0846	αυτης	D-GSF	LXX_WH
1Krón 23:26	G1519	εις	PREP	LXX_WH
1Krón 23:26	G3588	την	T-ASF	LXX_WH
1Krón 23:26	G3009	λειτουργιαν	N-ASF	LXX_WH
1Krón 23:26	G0846	αυτης	D-GSF	LXX_WH
1Krón 23:27	G3754	οτι	CONJ	LXX_WH
1Krón 23:27	G1722	εν	PREP	LXX_WH
1Krón 23:27	G3588	τοις	T-DPM	LXX_WH
1Krón 23:27	G3056	λογοις	N-DPM	LXX_WH
1Krón 23:27		δαυιδ	N-PRI	ELTERO_SZOVEGALAP
1Krón 23:27	G3588	τοις	T-DPM	LXX_WH
1Krón 23:27	G2078	εσχατοις	A-DPM	LXX_WH
1Krón 23:27	G1510	εστιν	V-PAI-3S	LXX_WH
1Krón 23:27	G3588	ο	T-NSM	LXX_WH
1Krón 23:27	G0706	αριθμος	N-NSM	LXX_WH
1Krón 23:27	G5207	υιων	N-GPM	LXX_WH
1Krón 23:27	G3017	λευι	N-PRI	LXX_WH
1Krón 23:27	G0575	απο	PREP	LXX_WH
1Krón 23:27	G1500	εικοσαετους	A-GSM	ABP-potolt
1Krón 23:27	G2532	και	CONJ	LXX_WH
1Krón 23:27	G1883	επανω	ADV	LXX_WH
1Krón 23:28	G3754	οτι	CONJ	LXX_WH
1Krón 23:28	G2476	εστησεν	V-AAI-3S	LXX_WH
1Krón 23:28	G0846	αυτους	D-APM	LXX_WH
1Krón 23:28	G1909	επι	PREP	LXX_WH
1Krón 23:28	G5495	χειρα	N-ASF	LXX_WH
1Krón 23:28	G0002	ααρων	N-PRI	LXX_WH
1Krón 23:28	G3588	του	T-GSN	LXX_WH
1Krón 23:28	G3008	λειτουργειν	V-PAN	LXX_WH
1Krón 23:28	G1722	εν	PREP	LXX_WH
1Krón 23:28	G3624	οικω	N-DSM	LXX_WH
1Krón 23:28	G2962	κυριου	N-GSM	LXX_WH
1Krón 23:28	G1909	επι	PREP	LXX_WH
1Krón 23:28	G3588	τας	T-APF	LXX_WH
1Krón 23:28	G0833	αυλας	N-APF	LXX_WH
1Krón 23:28	G2532	και	CONJ	LXX_WH
1Krón 23:28	G1909	επι	PREP	LXX_WH
1Krón 23:28	G3588	τα	T-APN	LXX_WH
1Krón 23:28		παστοφορια	N-APN	
1Krón 23:28	G2532	και	CONJ	LXX_WH
1Krón 23:28	G1909	επι	PREP	LXX_WH
1Krón 23:28	G3588	τον	T-ASM	LXX_WH
1Krón 23:28	G2512	καθαρισμον	N-ASM	LXX_WH
1Krón 23:28	G3588	των	T-GPN	LXX_WH
1Krón 23:28	G3956	παντων	A-GPN	LXX_WH
1Krón 23:28	G0040	αγιων	A-GPN	LXX_WH
1Krón 23:28	G2532	και	CONJ	LXX_WH
1Krón 23:28	G1909	επι	PREP	LXX_WH
1Krón 23:28	G3588	τα	T-APN	LXX_WH
1Krón 23:28	G2041	εργα	N-APN	LXX_WH
1Krón 23:28	G3009	λειτουργιας	N-GSF	LXX_WH
1Krón 23:28	G3624	οικου	N-GSM	LXX_WH
1Krón 23:28	G3588	του	T-GSM	LXX_WH
1Krón 23:28	G2316	θεου	N-GSM	LXX_WH
1Krón 23:29	G1519	εις	PREP	LXX_WH
1Krón 23:29	G3588	τους	T-APM	LXX_WH
1Krón 23:29	G0740	αρτους	N-APM	LXX_WH
1Krón 23:29	G3588	της	T-GSF	LXX_WH
1Krón 23:29	G4286	προθεσεως	N-GSF	LXX_WH
1Krón 23:29	G1519	εις	PREP	LXX_WH
1Krón 23:29	G3588	την	T-ASF	LXX_WH
1Krón 23:29	G4585	σεμιδαλιν	N-ASF	LXX_WH
1Krón 23:29	G3588	της	T-GSF	LXX_WH
1Krón 23:29	G2378	θυσιας	N-GSF	LXX_WH
1Krón 23:29	G2532	και	CONJ	LXX_WH
1Krón 23:29	G1519	εις	PREP	LXX_WH
1Krón 23:29	G3588	τα	T-APN	LXX_WH
1Krón 23:29		λαγανα	N-APN	
1Krón 23:29	G3588	τα	T-APN	LXX_WH
1Krón 23:29	G0106	αζυμα	A-APN	LXX_WH
1Krón 23:29	G2532	και	CONJ	LXX_WH
1Krón 23:29	G1519	εις	PREP	LXX_WH
1Krón 23:29	G5079	τηγανον	N-ASN	ABP-potolt
1Krón 23:29	G2532	και	CONJ	LXX_WH
1Krón 23:29	G1519	εις	PREP	LXX_WH
1Krón 23:29	G3588	την	T-ASF	LXX_WH
1Krón 23:29		πεφυραμενην	V-RMPAS	
1Krón 23:29	G2532	και	CONJ	LXX_WH
1Krón 23:29	G1519	εις	PREP	LXX_WH
1Krón 23:29	G3956	παν	A-ASN	LXX_WH
1Krón 23:29	G3358	μετρον	N-ASN	LXX_WH
1Krón 23:30	G2532	και	CONJ	LXX_WH
1Krón 23:30	G3588	του	T-GSN	LXX_WH
1Krón 23:30	G2476	στηναι	V-AAN	LXX_WH
1Krón 23:30	G4404	πρωι	ADV	LXX_WH
1Krón 23:30	G3588	του	T-GSN	LXX_WH
1Krón 23:30	G0134	αινειν	V-PAN	LXX_WH
1Krón 23:30	G1843	εξομολογεισθαι	V-PMN	LXX_WH
1Krón 23:30	G3588	τω	T-DSM	LXX_WH
1Krón 23:30	G2962	κυριω	N-DSM	LXX_WH
1Krón 23:30	G2532	και	CONJ	LXX_WH
1Krón 23:30	G3778	ουτως	ADV	LXX_WH
1Krón 23:30	G3588	το	T-ASN	LXX_WH
1Krón 23:30	G2073	εσπερας	N-GSF	LXX_WH
1Krón 23:31	G2532	και	CONJ	LXX_WH
1Krón 23:31	G1909	επι	PREP	LXX_WH
1Krón 23:31	G3956	παντων	A-GPN	LXX_WH
1Krón 23:31	G3588	των	T-GPN	LXX_WH
1Krón 23:31	G0399	αναφερομενων	V-PMPGP	LXX_WH
1Krón 23:31	G3646	ολοκαυτωματων	N-GPN	LXX_WH
1Krón 23:31	G3588	τω	T-DSM	LXX_WH
1Krón 23:31	G2962	κυριω	N-DSM	LXX_WH
1Krón 23:31	G1722	εν	PREP	LXX_WH
1Krón 23:31	G3588	τοις	T-DPN	LXX_WH
1Krón 23:31	G4521	σαββατοις	N-DPN	LXX_WH
1Krón 23:31	G2532	και	CONJ	LXX_WH
1Krón 23:31	G1722	εν	PREP	LXX_WH
1Krón 23:31	G3588	ταις	T-DPF	LXX_WH
1Krón 23:31	G3561	νεομηνιαις	N-DPF	LXX_WH
1Krón 23:31	G2532	και	CONJ	LXX_WH
1Krón 23:31	G1722	εν	PREP	LXX_WH
1Krón 23:31	G3588	ταις	T-DPF	LXX_WH
1Krón 23:31	G1859	εορταις	N-DPF	LXX_WH
1Krón 23:31	G2596	κατα	PREP	LXX_WH
1Krón 23:31	G0706	αριθμον	N-ASM	LXX_WH
1Krón 23:31	G2596	κατα	PREP	LXX_WH
1Krón 23:31	G3588	την	T-ASF	LXX_WH
1Krón 23:31	G2920	κρισιν	N-ASF	LXX_WH
1Krón 23:31	G1909	επ	PREP	LXX_WH
1Krón 23:31	G0846	αυτοις	D-DPM	LXX_WH
1Krón 23:31	G1223	δια	PREP	LXX_WH
1Krón 23:31	G3956	παντος	A-GSM	LXX_WH
1Krón 23:31	G3588	τω	T-DSM	LXX_WH
1Krón 23:31	G2962	κυριω	N-DSM	LXX_WH
1Krón 23:32	G2532	και	CONJ	LXX_WH
1Krón 23:32	G5442	φυλαξουσιν	V-FAI-3P	LXX_WH
1Krón 23:32	G3588	τας	T-APF	LXX_WH
1Krón 23:32	G5438	φυλακας	N-APF	LXX_WH
1Krón 23:32	G4633	σκηνης	N-GSF	LXX_WH
1Krón 23:32	G3588	του	T-GSN	LXX_WH
1Krón 23:32	G3142	μαρτυριου	N-GSN	LXX_WH
1Krón 23:32	G2532	και	CONJ	LXX_WH
1Krón 23:32	G3588	τας	T-APF	LXX_WH
1Krón 23:32	G5438	φυλακας	N-APF	LXX_WH
1Krón 23:32	G5207	υιων	N-GPM	LXX_WH
1Krón 23:32	G0002	ααρων	N-PRI	LXX_WH
1Krón 23:32	G0080	αδελφων	N-GPM	LXX_WH
1Krón 23:32	G0846	αυτων	D-GPM	LXX_WH
1Krón 23:32	G3588	του	T-GSN	LXX_WH
1Krón 23:32	G3008	λειτουργειν	V-PAN	LXX_WH
1Krón 23:32	G1722	εν	PREP	LXX_WH
1Krón 23:32	G3624	οικω	N-DSM	LXX_WH
1Krón 23:32	G2962	κυριου	N-GSM	LXX_WH
1Krón 24:1	G2532	και	CONJ	LXX_WH
1Krón 24:1	G3588	τοις	T-DPM	LXX_WH
1Krón 24:1	G5207	υιοις	N-DPM	LXX_WH
1Krón 24:1	G0002	ααρων	N-PRI	LXX_WH
1Krón 24:1		διαιρεσεις	N-NPF	ELTERO_SZOVEGALAP
1Krón 24:1	G5207	υιοι	N-NPM	LXX_WH
1Krón 24:1	G0002	ααρων	N-PRI	LXX_WH
1Krón 24:1		ναδαβ	N-PRI	ELTERO_SZOVEGALAP
1Krón 24:1	G2532	και	CONJ	LXX_WH
1Krón 24:1	G0010	αβιουδ	N-PRI	LXX_WH
1Krón 24:1	G1648	ελεαζαρ	N-PRI	LXX_WH
1Krón 24:1	G2532	και	CONJ	LXX_WH
1Krón 24:1	G2532	ιθαμαρ	N-PRI	ABP-potolt
1Krón 24:2	G2532	και	CONJ	LXX_WH
1Krón 24:2	G0599	απεθανεν	V-AAI-3S	LXX_WH
1Krón 24:2		ναδαβ	N-PRI	ELTERO_SZOVEGALAP
1Krón 24:2	G2532	και	CONJ	LXX_WH
1Krón 24:2	G0010	αβιουδ	N-PRI	LXX_WH
1Krón 24:2	G1726	εναντιον	PREP	LXX_WH
1Krón 24:2	G3588	του	T-GSM	LXX_WH
1Krón 24:2	G3962	πατρος	N-GSM	LXX_WH
1Krón 24:2	G0846	αυτων	D-GPM	LXX_WH
1Krón 24:2	G2532	και	CONJ	LXX_WH
1Krón 24:2	G5207	υιοι	N-NPM	LXX_WH
1Krón 24:2	G3364	ουκ	ADV	LXX_WH
1Krón 24:2	G1510	ησαν	V-IAI-3P	LXX_WH
1Krón 24:2	G0846	αυτοις	D-DPM	LXX_WH
1Krón 24:2	G2532	και	CONJ	LXX_WH
1Krón 24:2	G2407	ιερατευσεν	V-AAI-3S	LXX_WH
1Krón 24:2	G1648	ελεαζαρ	N-PRI	LXX_WH
1Krón 24:2	G2532	και	CONJ	LXX_WH
1Krón 24:2		ιθαμαρ	N-PRI	ELTERO_SZOVEGALAP
1Krón 24:2	G5207	υιοι	N-NPM	LXX_WH
1Krón 24:2	G0002	ααρων	N-PRI	LXX_WH
1Krón 24:3	G2532	και	CONJ	LXX_WH
1Krón 24:3	G1244	διειλεν	V-AAI-3S	LXX_WH
1Krón 24:3	G0846	αυτους	D-APM	LXX_WH
1Krón 24:3		δαυιδ	N-PRI	ELTERO_SZOVEGALAP
1Krón 24:3	G2532	και	CONJ	LXX_WH
1Krón 24:3	G4524	σαδωκ	N-PRI	LXX_WH
1Krón 24:3	G1537	εκ	PREP	LXX_WH
1Krón 24:3	G3588	των	T-GPM	LXX_WH
1Krón 24:3	G5207	υιων	N-GPM	LXX_WH
1Krón 24:3	G1648	ελεαζαρ	N-PRI	LXX_WH
1Krón 24:3	G2532	και	CONJ	LXX_WH
1Krón 24:3		αχιμελεχ	N-PRI	ELTERO_SZOVEGALAP
1Krón 24:3	G1537	εκ	PREP	LXX_WH
1Krón 24:3	G3588	των	T-GPM	LXX_WH
1Krón 24:3	G5207	υιων	N-GPM	LXX_WH
1Krón 24:3		ιθαμαρ	N-PRI	ELTERO_SZOVEGALAP
1Krón 24:3	G2596	κατα	PREP	LXX_WH
1Krón 24:3	G3588	την	T-ASF	LXX_WH
1Krón 24:3		επισκεψιν	N-ASF	ELTERO_SZOVEGALAP
1Krón 24:3	G0846	αυτων	D-GPM	LXX_WH
1Krón 24:3	G2596	κατα	PREP	LXX_WH
1Krón 24:3	G3588	την	T-ASF	LXX_WH
1Krón 24:3	G3009	λειτουργιαν	N-ASF	LXX_WH
1Krón 24:3	G0846	αυτων	D-GPM	LXX_WH
1Krón 24:3	G2596	κατ	PREP	LXX_WH
1Krón 24:3	G3624	οικους	N-APM	LXX_WH
1Krón 24:3	G3965	πατριων	N-GPF	LXX_WH
1Krón 24:3	G0846	αυτων	D-GPM	LXX_WH
1Krón 24:4	G2532	και	CONJ	LXX_WH
1Krón 24:4	G2147	ευρεθησαν	V-API-3P	LXX_WH
1Krón 24:4	G5207	υιοι	N-NPM	LXX_WH
1Krón 24:4	G1648	ελεαζαρ	N-PRI	LXX_WH
1Krón 24:4	G4183	πλειους	A-NPM	LXX_WH
1Krón 24:4	G1519	εις	PREP	LXX_WH
1Krón 24:4	G0758	αρχοντας	N-APM	LXX_WH
1Krón 24:4	G3588	των	T-GPM	LXX_WH
1Krón 24:4	G1415	δυνατων	A-GPM	LXX_WH
1Krón 24:4	G3844	παρα	PREP	LXX_WH
1Krón 24:4	G3588	τους	T-APM	LXX_WH
1Krón 24:4	G5207	υιους	N-APM	LXX_WH
1Krón 24:4		ιθαμαρ	N-PRI	ELTERO_SZOVEGALAP
1Krón 24:4	G2532	και	CONJ	LXX_WH
1Krón 24:4	G1244	διειλεν	V-AAI-3S	LXX_WH
1Krón 24:4	G0846	αυτους	D-APM	LXX_WH
1Krón 24:4	G3588	τοις	T-DPM	LXX_WH
1Krón 24:4	G5207	υιοις	N-DPM	LXX_WH
1Krón 24:4	G1648	ελεαζαρ	N-PRI	LXX_WH
1Krón 24:4	G0758	αρχοντας	N-APM	LXX_WH
1Krón 24:4	G1519	εις	PREP	LXX_WH
1Krón 24:4	G3624	οικους	N-APM	LXX_WH
1Krón 24:4	G3965	πατριων	N-GPF	LXX_WH
1Krón 24:4	G1803	εξ	N-NUI	LXX_WH
1Krón 24:4	G2532	και	CONJ	LXX_WH
1Krón 24:4	G1176	δεκα	N-NUI	LXX_WH
1Krón 24:4	G2532	και	CONJ	LXX_WH
1Krón 24:4	G3588	τοις	T-DPM	LXX_WH
1Krón 24:4	G5207	υιοις	N-DPM	LXX_WH
1Krón 24:4		ιθαμαρ	N-PRI	ELTERO_SZOVEGALAP
1Krón 24:4	G3638	οκτω	N-NUI	LXX_WH
1Krón 24:4	G2596	κατ	PREP	LXX_WH
1Krón 24:4	G3624	οικους	N-APM	LXX_WH
1Krón 24:4	G3965	πατριων	N-GPF	LXX_WH
1Krón 24:5	G2532	και	CONJ	LXX_WH
1Krón 24:5	G1244	διειλεν	V-AAI-3S	LXX_WH
1Krón 24:5	G0846	αυτους	D-APM	LXX_WH
1Krón 24:5	G2596	κατα	PREP	LXX_WH
1Krón 24:5	G2819	κληρους	N-APM	LXX_WH
1Krón 24:5	G3778	τουτους	D-APM	LXX_WH
1Krón 24:5	G4314	προς	PREP	LXX_WH
1Krón 24:5	G3778	τουτους	D-APM	LXX_WH
1Krón 24:5	G3754	οτι	CONJ	LXX_WH
1Krón 24:5	G1510	ησαν	V-IAI-3P	LXX_WH
1Krón 24:5	G0758	αρχοντες	N-NPM	LXX_WH
1Krón 24:5	G3588	των	T-GPM	LXX_WH
1Krón 24:5	G0040	αγιων	A-GPM	LXX_WH
1Krón 24:5	G2532	και	CONJ	LXX_WH
1Krón 24:5	G0758	αρχοντες	N-NPM	LXX_WH
1Krón 24:5	G2962	κυριου	N-GSM	LXX_WH
1Krón 24:5	G1722	εν	PREP	LXX_WH
1Krón 24:5	G3588	τοις	T-DPM	LXX_WH
1Krón 24:5	G5207	υιοις	N-DPM	LXX_WH
1Krón 24:5	G1648	ελεαζαρ	N-PRI	LXX_WH
1Krón 24:5	G2532	και	CONJ	LXX_WH
1Krón 24:5	G1722	εν	PREP	LXX_WH
1Krón 24:5	G3588	τοις	T-DPM	LXX_WH
1Krón 24:5	G5207	υιοις	N-DPM	LXX_WH
1Krón 24:5		ιθαμαρ	N-PRI	ELTERO_SZOVEGALAP
1Krón 24:6	G2532	και	CONJ	LXX_WH
1Krón 24:6	G1125	εγραψεν	V-AAI-3S	LXX_WH
1Krón 24:6	G0846	αυτους	D-APM	LXX_WH
1Krón 24:6		σαμαιας	N-NSM	ELTERO_SZOVEGALAP
1Krón 24:6	G5207	υιος	N-NSM	LXX_WH
1Krón 24:6	G3482	ναθαναηλ	N-PRI	LXX_WH
1Krón 24:6	G3588	ο	T-NSM	LXX_WH
1Krón 24:6	G1122	γραμματευς	N-NSM	LXX_WH
1Krón 24:6	G1537	εκ	PREP	LXX_WH
1Krón 24:6	G3588	του	T-GSM	LXX_WH
1Krón 24:6	G3017	λευι	N-PRI	LXX_WH
1Krón 24:6		κατεναντι	ADV	ELTERO_SZOVEGALAP
1Krón 24:6	G3588	του	T-GSM	LXX_WH
1Krón 24:6	G0935	βασιλεως	N-GSM	LXX_WH
1Krón 24:6	G2532	και	CONJ	LXX_WH
1Krón 24:6	G3588	των	T-GPM	LXX_WH
1Krón 24:6	G0758	αρχοντων	N-GPM	LXX_WH
1Krón 24:6	G2532	και	CONJ	LXX_WH
1Krón 24:6	G4524	σαδωκ	N-PRI	LXX_WH
1Krón 24:6	G3588	ο	T-NSM	LXX_WH
1Krón 24:6	G2409	ιερευς	N-NSM	LXX_WH
1Krón 24:6	G2532	και	CONJ	LXX_WH
1Krón 24:6		αχιμελεχ	N-PRI	ELTERO_SZOVEGALAP
1Krón 24:6	G5207	υιος	N-NSM	LXX_WH
1Krón 24:6	G0008	αβιαθαρ	N-PRI	LXX_WH
1Krón 24:6	G2532	και	CONJ	LXX_WH
1Krón 24:6	G0758	αρχοντες	N-NPM	LXX_WH
1Krón 24:6	G3588	των	T-GPF	LXX_WH
1Krón 24:6	G3965	πατριων	N-GPF	LXX_WH
1Krón 24:6	G3588	των	T-GPM	LXX_WH
1Krón 24:6	G2409	ιερεων	N-GPM	LXX_WH
1Krón 24:6	G2532	και	CONJ	LXX_WH
1Krón 24:6	G3588	των	T-GPM	LXX_WH
1Krón 24:6	G3019	λευιτων	N-GPM	LXX_WH
1Krón 24:6	G3624	οικου	N-GSM	LXX_WH
1Krón 24:6	G3965	πατριας	N-GSF	LXX_WH
1Krón 24:6	G1519	εις	A-NSM	LXX_WH
1Krón 24:6	G1519	εις	A-NSM	LXX_WH
1Krón 24:6	G3588	τω	T-DSM	LXX_WH
1Krón 24:6	G1648	ελεαζαρ	N-PRI	LXX_WH
1Krón 24:6	G2532	και	CONJ	LXX_WH
1Krón 24:6	G1519	εις	A-NSM	LXX_WH
1Krón 24:6	G1519	εις	A-NSM	LXX_WH
1Krón 24:6	G3588	τω	T-DSM	LXX_WH
1Krón 24:6		ιθαμαρ	N-PRI	ELTERO_SZOVEGALAP
1Krón 24:7	G2532	και	CONJ	LXX_WH
1Krón 24:7	G1831	εξηλθεν	V-AAI-3S	LXX_WH
1Krón 24:7	G3588	ο	T-NSM	LXX_WH
1Krón 24:7	G2819	κληρος	N-NSM	LXX_WH
1Krón 24:7	G3588	ο	T-NSM	LXX_WH
1Krón 24:7	G4413	πρωτος	A-NSMS	LXX_WH
1Krón 24:7	G3588	τω	T-DSM	LXX_WH
1Krón 24:7		ιαριβ	N-PRI	
1Krón 24:7	G3588	τω	T-DSM	LXX_WH
1Krón 24:7		ιδεια	N-PRI	
1Krón 24:7	G3588	ο	T-NSM	LXX_WH
1Krón 24:7	G1208	δευτερος	A-NSM	LXX_WH
1Krón 24:8	G3588	τω	T-DSM	LXX_WH
1Krón 24:8	G5154	χαρημ	N-PRI	ABP-potolt
1Krón 24:8	G3588	ο	T-NSM	LXX_WH
1Krón 24:8	G5154	τριτος	A-NSM	LXX_WH
1Krón 24:8	G3588	τω	T-DSM	LXX_WH
1Krón 24:8	G5154	σεωριμ	N-PRI	ABP-potolt
1Krón 24:8	G3588	ο	T-NSM	LXX_WH
1Krón 24:8	G5067	τεταρτος	A-NSM	LXX_WH
1Krón 24:9	G3588	τω	T-DSM	LXX_WH
1Krón 24:9	G3991	μελχια	N-PRI	ABP-potolt
1Krón 24:9	G3588	ο	T-NSM	LXX_WH
1Krón 24:9	G3991	πεμπτος	A-NSM	LXX_WH
1Krón 24:9	G3588	τω	T-DSM	LXX_WH
1Krón 24:9	G3991	μιαμιν	N-PRI	ABP-potolt
1Krón 24:9	G3588	ο	T-NSM	LXX_WH
1Krón 24:9	G1622	εκτος	A-NSM	LXX_WH
1Krón 24:10	G3588	τω	T-DSM	LXX_WH
1Krón 24:10	G2972	κως	N-PRI	LXX_WH
1Krón 24:10	G3588	ο	T-NSM	LXX_WH
1Krón 24:10	G1442	εβδομος	A-NSM	LXX_WH
1Krón 24:10	G3588	τω	T-DSM	LXX_WH
1Krón 24:10	G0007	αβια	N-PRI	LXX_WH
1Krón 24:10	G3588	ο	T-NSM	LXX_WH
1Krón 24:10	G3590	ογδοος	A-NSM	LXX_WH
1Krón 24:11	G3588	τω	T-DSM	LXX_WH
1Krón 24:11	G2424	ιησου	N-PRI	LXX_WH
1Krón 24:11	G3588	ο	T-NSM	LXX_WH
1Krón 24:11	G1766	ενατος	A-NSM	ABP-potolt
1Krón 24:11	G3588	τω	T-DSM	LXX_WH
1Krón 24:11	G1766	σεχενια	N-PRI	ABP-potolt
1Krón 24:11	G3588	ο	T-NSM	LXX_WH
1Krón 24:11	G1182	δεκατος	A-NSM	LXX_WH
1Krón 24:12	G3588	τω	T-DSM	LXX_WH
1Krón 24:12	G1734	ελιασιβ	N-PRI	ABP-potolt
1Krón 24:12	G3588	ο	T-NSM	LXX_WH
1Krón 24:12	G1734	ενδεκατος	A-NSM	LXX_WH
1Krón 24:12	G3588	τω	T-DSM	LXX_WH
1Krón 24:12	G1734	ιακιμ	N-PRI	ABP-potolt
1Krón 24:12	G3588	ο	T-NSM	LXX_WH
1Krón 24:12	G1428	δωδεκατος	A-NSM	LXX_WH
1Krón 24:13	G3588	τω	T-DSM	LXX_WH
1Krón 24:13	G5151	οχχοφφα	N-PRI	ABP-potolt
1Krón 24:13	G3588	ο	T-NSM	LXX_WH
1Krón 24:13	G5151	τρισκαιδεκατος	A-NSM	ABP-potolt
1Krón 24:13	G3588	τω	T-DSM	LXX_WH
1Krón 24:13	G5151	ισβααλ	N-PRI	ABP-potolt
1Krón 24:13	G3588	ο	T-NSM	LXX_WH
1Krón 24:13	G5065	τεσσαρεσκαιδεκατος	A-NSM	ABP-potolt
1Krón 24:14	G3588	τω	T-DSM	LXX_WH
1Krón 24:14	G4003	βελγα	N-PRI	ABP-potolt
1Krón 24:14	G3588	ο	T-NSM	LXX_WH
1Krón 24:14	G4003	πεντεκαιδεκατος	A-NSM	LXX_WH
1Krón 24:14	G3588	τω	T-DSM	LXX_WH
1Krón 24:14	G4003	εμμηρ	N-PRI	ABP-potolt
1Krón 24:14	G3588	ο	T-NSM	LXX_WH
1Krón 24:14	G1571	εκκαιδεκατος	A-NSM	ABP-potolt
1Krón 24:15	G3588	τω	T-DSM	LXX_WH
1Krón 24:15	G2033	χηζιρ	N-PRI	ABP-potolt
1Krón 24:15	G3588	ο	T-NSM	LXX_WH
1Krón 24:15	G2033	επτακαιδεκατος	A-NSM	ABP-potolt
1Krón 24:15	G3588	τω	T-DSM	LXX_WH
1Krón 24:15	G2033	αφεσση	N-PRI	ABP-potolt
1Krón 24:15	G3588	ο	T-NSM	LXX_WH
1Krón 24:15	G3638	οκτωκαιδεκατος	A-NSM	ABP-potolt
1Krón 24:16	G3588	τω	T-DSM	LXX_WH
1Krón 24:16	G1767	φεταια	N-PRI	ABP-potolt
1Krón 24:16	G3588	ο	T-NSM	LXX_WH
1Krón 24:16	G1767	εννεακαιδεκατος	A-NSM	ABP-potolt
1Krón 24:16	G3588	τω	T-DSM	LXX_WH
1Krón 24:16	G1767	εζεκηλ	N-PRI	ABP-potolt
1Krón 24:16	G3588	ο	T-NSM	LXX_WH
1Krón 24:16	G1501	εικοστος	A-NSM	ABP-potolt
1Krón 24:17	G3588	τω	T-DSM	LXX_WH
1Krón 24:17		ιαχιν	N-PRI	ELTERO_SZOVEGALAP
1Krón 24:17	G3588	ο	T-NSM	LXX_WH
1Krón 24:17	G1519	εις	A-NSM	LXX_WH
1Krón 24:17	G2532	και	CONJ	LXX_WH
1Krón 24:17	G1501	εικοστος	A-NSM	ABP-potolt
1Krón 24:17	G3588	τω	T-DSM	LXX_WH
1Krón 24:17		γαμουλ	N-PRI	ELTERO_SZOVEGALAP
1Krón 24:17	G3588	ο	T-NSM	LXX_WH
1Krón 24:17	G1208	δευτερος	A-NSM	LXX_WH
1Krón 24:17	G2532	και	CONJ	LXX_WH
1Krón 24:17	G1501	εικοστος	A-NSM	ABP-potolt
1Krón 24:18	G3588	τω	T-DSM	LXX_WH
1Krón 24:18		δαλαια	N-PRI	
1Krón 24:18	G3588	ο	T-NSM	LXX_WH
1Krón 24:18	G5154	τριτος	A-NSM	LXX_WH
1Krón 24:18	G2532	και	CONJ	LXX_WH
1Krón 24:18	G1501	εικοστος	A-NSM	ABP-potolt
1Krón 24:18	G3588	τω	T-DSM	LXX_WH
1Krón 24:18		μαασαι	N-PRI	
1Krón 24:18	G3588	ο	T-NSM	LXX_WH
1Krón 24:18	G5067	τεταρτος	A-NSM	LXX_WH
1Krón 24:18	G2532	και	CONJ	LXX_WH
1Krón 24:18	G1501	εικοστος	A-NSM	ABP-potolt
1Krón 24:19	G3778	αυτη	D-NSF	LXX_WH
1Krón 24:19	G3588	η	T-NSF	LXX_WH
1Krón 24:19		επισκεψις	N-NSF	ELTERO_SZOVEGALAP
1Krón 24:19	G0846	αυτων	D-GPM	LXX_WH
1Krón 24:19	G2596	κατα	PREP	LXX_WH
1Krón 24:19	G3588	την	T-ASF	LXX_WH
1Krón 24:19	G3009	λειτουργιαν	N-ASF	LXX_WH
1Krón 24:19	G0846	αυτων	D-GPM	LXX_WH
1Krón 24:19	G3588	του	T-GSN	LXX_WH
1Krón 24:19	G1531	εισπορευεσθαι	V-PMN	LXX_WH
1Krón 24:19	G1519	εις	PREP	LXX_WH
1Krón 24:19	G3624	οικον	N-ASM	LXX_WH
1Krón 24:19	G2962	κυριου	N-GSM	LXX_WH
1Krón 24:19	G2596	κατα	PREP	LXX_WH
1Krón 24:19	G3588	την	T-ASF	LXX_WH
1Krón 24:19	G2920	κρισιν	N-ASF	LXX_WH
1Krón 24:19	G0846	αυτων	D-GPM	LXX_WH
1Krón 24:19	G1223	δια	PREP	LXX_WH
1Krón 24:19	G5495	χειρος	N-GSF	LXX_WH
1Krón 24:19	G0002	ααρων	N-PRI	LXX_WH
1Krón 24:19	G3962	πατρος	N-GSM	LXX_WH
1Krón 24:19	G0846	αυτων	D-GPM	LXX_WH
1Krón 24:19	G3739	ως	CONJ	LXX_WH
1Krón 24:19	G1781	ενετειλατο	V-AMI-3S	LXX_WH
1Krón 24:19	G2962	κυριος	N-NSM	LXX_WH
1Krón 24:19	G3588	ο	T-NSM	LXX_WH
1Krón 24:19	G2316	θεος	N-NSM	LXX_WH
1Krón 24:19	G2474	ισραηλ	N-PRI	LXX_WH
1Krón 24:20	G2532	και	CONJ	LXX_WH
1Krón 24:20	G3588	τοις	T-DPM	LXX_WH
1Krón 24:20	G5207	υιοις	N-DPM	LXX_WH
1Krón 24:20	G3017	λευι	N-PRI	LXX_WH
1Krón 24:20	G3588	τοις	T-DPM	LXX_WH
1Krón 24:20	G2645	καταλοιποις	A-DPM	LXX_WH
1Krón 24:20	G3588	τοις	T-DPM	LXX_WH
1Krón 24:20	G5207	υιοις	N-DPM	LXX_WH
1Krón 24:20		αμβραμ	N-PRI	ELTERO_SZOVEGALAP
1Krón 24:20		σουβαηλ	N-PRI	ELTERO_SZOVEGALAP
1Krón 24:20	G3588	τοις	T-DPM	LXX_WH
1Krón 24:20	G5207	υιοις	N-DPM	LXX_WH
1Krón 24:20		σουβαηλ	N-PRI	ELTERO_SZOVEGALAP
1Krón 24:20		ιαδια	N-PRI	ELTERO_SZOVEGALAP
1Krón 24:21	G3588	τω	T-DSM	LXX_WH
1Krón 24:21	G5207	ρααβια	N-PRI	ABP-potolt
1Krón 24:21	G3588	ο	T-NSM	LXX_WH
1Krón 24:21	G0758	αρχων	N-NSM	LXX_WH
1Krón 24:21		ιεσιας	N-NSM	
1Krón 24:22	G2532	και	CONJ	LXX_WH
1Krón 24:22	G3588	τω	T-DSM	LXX_WH
1Krón 24:22		ισσαρι	N-PRI	
1Krón 24:22		σαλωμωθ	N-PRI	
1Krón 24:22	G3588	τοις	T-DPM	LXX_WH
1Krón 24:22	G5207	υιοις	N-DPM	LXX_WH
1Krón 24:22		σαλωμωθ	N-PRI	
1Krón 24:22		ιαθ	N-PRI	
1Krón 24:23	G5207	υιοι	N-NPM	LXX_WH
1Krón 24:23		ιεδιου	N-GSM	
1Krón 24:23		αμαδια	N-PRI	
1Krón 24:23	G3588	ο	T-NSM	LXX_WH
1Krón 24:23	G1208	δευτερος	A-NSM	LXX_WH
1Krón 24:23		ιαζιηλ	N-PRI	
1Krón 24:23	G3588	ο	T-NSM	LXX_WH
1Krón 24:23	G5154	τριτος	A-NSM	LXX_WH
1Krón 24:23		ιοκομ	N-PRI	
1Krón 24:23	G3588	ο	T-NSM	LXX_WH
1Krón 24:23	G5067	τεταρτος	A-NSM	LXX_WH
1Krón 24:24	G5207	υιοι	N-NPM	LXX_WH
1Krón 24:24	G3588	οζιηλ	N-PRI	ABP-potolt
1Krón 24:24	G3588	μιχα	N-PRI	ABP-potolt
1Krón 24:24	G5207	υιοι	N-NPM	LXX_WH
1Krón 24:24		μιχα	N-PRI	
1Krón 24:24		σαμηρ	N-PRI	
1Krón 24:25	G0080	αδελφος	N-NSM	LXX_WH
1Krón 24:25	G3588	μιχα	N-PRI	ABP-potolt
1Krón 24:25	G3588	ισια	N-PRI	ABP-potolt
1Krón 24:25	G5207	υιοι	N-NPM	LXX_WH
1Krón 24:25		ισια	N-PRI	
1Krón 24:25		ζαχαρια	N-NSM	
1Krón 24:26	G5207	υιοι	N-NPM	LXX_WH
1Krón 24:26		μεραρι	N-PRI	ELTERO_SZOVEGALAP
1Krón 24:26		μοολι	N-PRI	ELTERO_SZOVEGALAP
1Krón 24:26	G2532	και	CONJ	LXX_WH
1Krón 24:26		μουσι	N-PRI	ELTERO_SZOVEGALAP
1Krón 24:26	G5207	υιοι	N-NPM	LXX_WH
1Krón 24:26	G2532	οζια	N-PRI	ABP-potolt
1Krón 24:26	G5207	υιοι	N-NPM	LXX_WH
1Krón 24:26		βοννι	N-PRI	ELTERO_SZOVEGALAP
1Krón 24:27	G5207	υιοι	N-NPM	LXX_WH
1Krón 24:27		μεραρι	N-PRI	ELTERO_SZOVEGALAP
1Krón 24:27	G3588	τω	T-DSM	LXX_WH
1Krón 24:27		οζια	N-PRI	ELTERO_SZOVEGALAP
1Krón 24:27	G5207	υιοι	N-NPM	LXX_WH
1Krón 24:27	G0846	αυτου	D-GSM	LXX_WH
1Krón 24:27		ισοαμ	N-PRI	ELTERO_SZOVEGALAP
1Krón 24:27	G2532	και	CONJ	LXX_WH
1Krón 24:27		ζακχουρ	N-PRI	ELTERO_SZOVEGALAP
1Krón 24:27	G2532	και	CONJ	LXX_WH
1Krón 24:27	G2532	αβδι	N-PRI	ABP-potolt
1Krón 24:28	G3588	τω	T-DSM	LXX_WH
1Krón 24:28		μοολι	N-PRI	ELTERO_SZOVEGALAP
1Krón 24:28	G1648	ελεαζαρ	N-PRI	LXX_WH
1Krón 24:28	G2532	και	CONJ	LXX_WH
1Krón 24:28		ιθαμαρ	N-PRI	ELTERO_SZOVEGALAP
1Krón 24:28	G2532	και	CONJ	LXX_WH
1Krón 24:28	G0599	απεθανεν	V-AAI-3S	LXX_WH
1Krón 24:28	G1648	ελεαζαρ	N-PRI	LXX_WH
1Krón 24:28	G2532	και	CONJ	LXX_WH
1Krón 24:28	G3364	ουκ	ADV	LXX_WH
1Krón 24:28	G1510	ησαν	V-IAI-3P	LXX_WH
1Krón 24:28	G0846	αυτω	D-DSM	LXX_WH
1Krón 24:28	G5207	υιοι	N-NPM	LXX_WH
1Krón 24:29	G3588	τω	T-DSM	LXX_WH
1Krón 24:29	G2797	κις	N-PRI	LXX_WH
1Krón 24:29	G5207	υιοι	N-NPM	LXX_WH
1Krón 24:29	G3588	του	T-GSM	LXX_WH
1Krón 24:29	G2797	κις	N-PRI	LXX_WH
1Krón 24:29		ιραμαηλ	N-PRI	ELTERO_SZOVEGALAP
1Krón 24:30	G2532	και	CONJ	LXX_WH
1Krón 24:30	G5207	υιοι	N-NPM	LXX_WH
1Krón 24:30	G3588	του	T-GSM	LXX_WH
1Krón 24:30		μουσι	N-PRI	ELTERO_SZOVEGALAP
1Krón 24:30		μοολι	N-PRI	ELTERO_SZOVEGALAP
1Krón 24:30	G2532	και	CONJ	LXX_WH
1Krón 24:30		εδερ	N-PRI	ELTERO_SZOVEGALAP
1Krón 24:30	G2532	και	CONJ	LXX_WH
1Krón 24:30	G2532	ιαριμωθ	N-PRI	ABP-potolt
1Krón 24:30	G3778	ουτοι	D-NPM	LXX_WH
1Krón 24:30	G5207	υιοι	N-NPM	LXX_WH
1Krón 24:30	G3588	των	T-GPM	LXX_WH
1Krón 24:30	G3019	λευιτων	N-GPM	LXX_WH
1Krón 24:30	G2596	κατ	PREP	LXX_WH
1Krón 24:30	G3624	οικους	N-APM	LXX_WH
1Krón 24:30	G3965	πατριων	N-GPF	LXX_WH
1Krón 24:30	G0846	αυτων	D-GPM	LXX_WH
1Krón 24:31	G2532	και	CONJ	LXX_WH
1Krón 24:31	G2983	ελαβον	V-AAI-3P	LXX_WH
1Krón 24:31	G2532	και	CONJ	LXX_WH
1Krón 24:31	G0846	αυτοι	D-NPM	LXX_WH
1Krón 24:31	G2819	κληρους	N-APM	LXX_WH
1Krón 24:31	G2531	καθως	ADV	LXX_WH
1Krón 24:31	G3588	οι	T-NPM	LXX_WH
1Krón 24:31	G0080	αδελφοι	N-NPM	LXX_WH
1Krón 24:31	G0846	αυτων	D-GPM	LXX_WH
1Krón 24:31	G5207	υιοι	N-NPM	LXX_WH
1Krón 24:31	G0002	ααρων	N-PRI	LXX_WH
1Krón 24:31	G1726	εναντιον	PREP	LXX_WH
1Krón 24:31	G3588	του	T-GSM	LXX_WH
1Krón 24:31	G0935	βασιλεως	N-GSM	LXX_WH
1Krón 24:31	G2532	και	CONJ	LXX_WH
1Krón 24:31	G4524	σαδωκ	N-PRI	LXX_WH
1Krón 24:31	G2532	και	CONJ	LXX_WH
1Krón 24:31		αχιμελεχ	N-PRI	
1Krón 24:31	G2532	και	CONJ	LXX_WH
1Krón 24:31	G0758	αρχοντων	N-GPM	LXX_WH
1Krón 24:31	G3965	πατριων	N-GPF	LXX_WH
1Krón 24:31	G3588	των	T-GPM	LXX_WH
1Krón 24:31	G2409	ιερεων	N-GPM	LXX_WH
1Krón 24:31	G2532	και	CONJ	LXX_WH
1Krón 24:31	G3588	των	T-GPM	LXX_WH
1Krón 24:31	G3019	λευιτων	N-GPM	LXX_WH
1Krón 24:31	G3966	πατριαρχαι	N-NPM	LXX_WH
1Krón 24:31		αρααβ	N-PRI	ELTERO_SZOVEGALAP
1Krón 24:31	G2531	καθως	ADV	LXX_WH
1Krón 24:31	G3588	οι	T-NPM	LXX_WH
1Krón 24:31	G0080	αδελφοι	N-NPM	LXX_WH
1Krón 24:31	G0846	αυτου	D-GSM	LXX_WH
1Krón 24:31	G3588	οι	T-NPM	LXX_WH
1Krón 24:31	G3501	νεωτεροι	A-NPM	LXX_WH
1Krón 25:1	G2532	και	CONJ	LXX_WH
1Krón 25:1	G2476	εστησεν	V-AAI-3S	LXX_WH
1Krón 25:1		δαυιδ	N-PRI	ELTERO_SZOVEGALAP
1Krón 25:1	G3588	ο	T-NSM	LXX_WH
1Krón 25:1	G0935	βασιλευς	N-NSM	LXX_WH
1Krón 25:1	G2532	και	CONJ	LXX_WH
1Krón 25:1	G3588	οι	T-NPM	LXX_WH
1Krón 25:1	G0758	αρχοντες	N-NPM	LXX_WH
1Krón 25:1	G3588	της	T-GSF	LXX_WH
1Krón 25:1	G1411	δυναμεως	N-GSF	LXX_WH
1Krón 25:1	G1519	εις	PREP	LXX_WH
1Krón 25:1	G3588	τα	T-APN	LXX_WH
1Krón 25:1	G2041	εργα	N-APN	LXX_WH
1Krón 25:1	G3588	τους	T-APM	LXX_WH
1Krón 25:1	G5207	υιους	N-APM	LXX_WH
1Krón 25:1	G2532	ασαφ	N-PRI	ABP-potolt
1Krón 25:1	G2532	και	CONJ	LXX_WH
1Krón 25:1		αιμαν	N-PRI	ELTERO_SZOVEGALAP
1Krón 25:1	G2532	και	CONJ	LXX_WH
1Krón 25:1		ιδιθων	N-PRI	
1Krón 25:1	G3588	τους	T-APM	LXX_WH
1Krón 25:1	G0669	αποφθεγγομενους	V-PAPAP	LXX_WH
1Krón 25:1	G1722	εν	PREP	LXX_WH
1Krón 25:1		κινυραις	N-DPF	
1Krón 25:1	G2532	και	CONJ	LXX_WH
1Krón 25:1	G1722	εν	PREP	LXX_WH
1Krón 25:1		ναβλαις	N-DPF	
1Krón 25:1	G2532	και	CONJ	LXX_WH
1Krón 25:1	G1722	εν	PREP	LXX_WH
1Krón 25:1	G2950	κυμβαλοις	N-DPN	LXX_WH
1Krón 25:1	G2532	και	CONJ	LXX_WH
1Krón 25:1	G1096	εγενετο	V-AMI-3S	LXX_WH
1Krón 25:1	G3588	ο	T-NSM	LXX_WH
1Krón 25:1	G0706	αριθμος	N-NSM	LXX_WH
1Krón 25:1	G0846	αυτων	D-GPM	LXX_WH
1Krón 25:1	G2596	κατα	PREP	LXX_WH
1Krón 25:1	G2776	κεφαλην	N-ASF	LXX_WH
1Krón 25:1	G0846	αυτων	D-GPM	LXX_WH
1Krón 25:1	G2038	εργαζομενων	V-PMPGP	LXX_WH
1Krón 25:1	G1722	εν	PREP	LXX_WH
1Krón 25:1	G3588	τοις	T-DPN	LXX_WH
1Krón 25:1	G2041	εργοις	N-DPN	LXX_WH
1Krón 25:1	G0846	αυτων	D-GPM	LXX_WH
1Krón 25:2	G5207	υιοι	N-NPM	LXX_WH
1Krón 25:2	G2532	ασαφ	N-PRI	ABP-potolt
1Krón 25:2	G2532	ζακχουρ	N-PRI	ABP-potolt
1Krón 25:2	G2532	και	CONJ	LXX_WH
1Krón 25:2	G2501	ιωσηφ	N-PRI	LXX_WH
1Krón 25:2	G2532	και	CONJ	LXX_WH
1Krón 25:2	G2532	ναθανιας	N-NSM	ABP-potolt
1Krón 25:2	G2532	και	CONJ	LXX_WH
1Krón 25:2	G2532	εραηλ	N-PRI	ABP-potolt
1Krón 25:2	G5207	υιοι	N-NPM	LXX_WH
1Krón 25:2		ασαφ	N-PRI	ELTERO_SZOVEGALAP
1Krón 25:2	G2192	εχομενοι	V-PMPNP	LXX_WH
1Krón 25:2		ασαφ	N-PRI	ELTERO_SZOVEGALAP
1Krón 25:2	G3588	του	T-GSM	LXX_WH
1Krón 25:2	G4396	προφητου	N-GSM	LXX_WH
1Krón 25:2	G2192	εχομενοι	V-PMPNP	LXX_WH
1Krón 25:2	G3588	του	T-GSM	LXX_WH
1Krón 25:2	G0935	βασιλεως	N-GSM	LXX_WH
1Krón 25:3	G3588	τω	T-DSM	LXX_WH
1Krón 25:3		ιδιθων	N-PRI	ELTERO_SZOVEGALAP
1Krón 25:3	G5207	υιοι	N-NPM	LXX_WH
1Krón 25:3	G2532	ιδιθων	N-PRI	ABP-potolt
1Krón 25:3	G2532	γοδολια	N-PRI	ABP-potolt
1Krón 25:3	G2532	και	CONJ	LXX_WH
1Krón 25:3	G2532	σουρι	N-PRI	ABP-potolt
1Krón 25:3	G2532	και	CONJ	LXX_WH
1Krón 25:3	G2532	ισαια	N-PRI	ABP-potolt
1Krón 25:3	G2532	και	CONJ	LXX_WH
1Krón 25:3	G4584	σεμει	N-PRI	LXX_WH
1Krón 25:3	G2532	και	CONJ	LXX_WH
1Krón 25:3	G2532	ασαβια	N-PRI	ABP-potolt
1Krón 25:3	G2532	και	CONJ	LXX_WH
1Krón 25:3	G3161	ματταθιας	N-PRI	LXX_WH
1Krón 25:3	G1803	εξ	N-NUI	LXX_WH
1Krón 25:3	G3326	μετα	PREP	LXX_WH
1Krón 25:3	G3588	τον	T-ASM	LXX_WH
1Krón 25:3	G3962	πατερα	N-ASM	LXX_WH
1Krón 25:3	G0846	αυτων	D-GPM	LXX_WH
1Krón 25:3		ιδιθων	N-PRI	ELTERO_SZOVEGALAP
1Krón 25:3	G1722	εν	PREP	LXX_WH
1Krón 25:3		κινυρα	N-DSF	ELTERO_SZOVEGALAP
1Krón 25:3		ανακρουομενοι	V-PMPNP	ELTERO_SZOVEGALAP
1Krón 25:3		εξομολογησιν	N-ASF	ELTERO_SZOVEGALAP
1Krón 25:3	G2532	και	CONJ	LXX_WH
1Krón 25:3	G0133	αινεσιν	N-ASF	LXX_WH
1Krón 25:3	G3588	τω	T-DSM	LXX_WH
1Krón 25:3	G2962	κυριω	N-DSM	LXX_WH
1Krón 25:4	G3588	τω	T-DSM	LXX_WH
1Krón 25:4		αιμανι	N-PRI	ELTERO_SZOVEGALAP
1Krón 25:4	G5207	υιοι	N-NPM	LXX_WH
1Krón 25:4	G2532	αιμαν	N-PRI	ABP-potolt
1Krón 25:4	G2532	βουκιας	N-NSM	ABP-potolt
1Krón 25:4	G2532	και	CONJ	LXX_WH
1Krón 25:4	G2532	μανθανιας	N-NSM	ABP-potolt
1Krón 25:4	G2532	και	CONJ	LXX_WH
1Krón 25:4	G2532	αζαραηλ	N-PRI	ABP-potolt
1Krón 25:4	G2532	και	CONJ	LXX_WH
1Krón 25:4	G2532	σουβαηλ	N-PRI	ABP-potolt
1Krón 25:4	G2532	και	CONJ	LXX_WH
1Krón 25:4	G2532	ιεριμωθ	N-PRI	ABP-potolt
1Krón 25:4	G2532	και	CONJ	LXX_WH
1Krón 25:4	G0367	ανανιας	N-NSM	LXX_WH
1Krón 25:4	G2532	και	CONJ	LXX_WH
1Krón 25:4	G2532	ανανι	N-PRI	ABP-potolt
1Krón 25:4	G2532	και	CONJ	LXX_WH
1Krón 25:4	G2532	ηλιαθα	N-PRI	ABP-potolt
1Krón 25:4	G2532	και	CONJ	LXX_WH
1Krón 25:4	G2532	γοδολλαθι	N-PRI	ABP-potolt
1Krón 25:4	G2532	και	CONJ	LXX_WH
1Krón 25:4	G2532	ρωμεμθιωδ	N-PRI	ABP-potolt
1Krón 25:4	G2532	και	CONJ	LXX_WH
1Krón 25:4	G2532	ιεσβακασα	N-PRI	ABP-potolt
1Krón 25:4	G2532	και	CONJ	LXX_WH
1Krón 25:4	G2532	μαλληθι	N-PRI	ABP-potolt
1Krón 25:4	G2532	και	CONJ	LXX_WH
1Krón 25:4	G2532	ωθηρι	N-PRI	ABP-potolt
1Krón 25:4	G2532	και	CONJ	LXX_WH
1Krón 25:4	G2532	μεαζωθ	N-PRI	ABP-potolt
1Krón 25:5	G3956	παντες	A-NPM	LXX_WH
1Krón 25:5	G3778	ουτοι	D-NPM	LXX_WH
1Krón 25:5	G5207	υιοι	N-NPM	LXX_WH
1Krón 25:5	G3588	τω	T-DSM	LXX_WH
1Krón 25:5	G3708	αιμαν	N-PRI	ABP-potolt
1Krón 25:5	G3588	τω	T-DSM	LXX_WH
1Krón 25:5	G3708	ανακρουομενω	V-PMPDS	ABP-potolt
1Krón 25:5	G3588	τω	T-DSM	LXX_WH
1Krón 25:5	G0935	βασιλει	N-DSM	LXX_WH
1Krón 25:5	G1722	εν	PREP	LXX_WH
1Krón 25:5	G3056	λογοις	N-DPM	LXX_WH
1Krón 25:5	G2316	θεου	N-GSM	LXX_WH
1Krón 25:5	G5312	υψωσαι	V-AAN	LXX_WH
1Krón 25:5	G2768	κερας	N-ASN	LXX_WH
1Krón 25:5	G2532	και	CONJ	LXX_WH
1Krón 25:5	G1325	εδωκεν	V-AAI-3S	LXX_WH
1Krón 25:5	G3588	ο	T-NSM	LXX_WH
1Krón 25:5	G2316	θεος	N-NSM	LXX_WH
1Krón 25:5	G3588	τω	T-DSM	LXX_WH
1Krón 25:5		αιμαν	N-PRI	ELTERO_SZOVEGALAP
1Krón 25:5	G5207	υιους	N-APM	LXX_WH
1Krón 25:5	G1176	δεκα	N-NUI	LXX_WH
1Krón 25:5	G5064	τεσσαρας	A-APM	LXX_WH
1Krón 25:5	G2532	και	CONJ	LXX_WH
1Krón 25:5	G2364	θυγατερας	N-APF	LXX_WH
1Krón 25:5	G5140	τρεις	A-APF	LXX_WH
1Krón 25:6	G3956	παντες	A-NPM	LXX_WH
1Krón 25:6	G3778	ουτοι	D-NPM	LXX_WH
1Krón 25:6	G3326	μετα	PREP	LXX_WH
1Krón 25:6	G3588	του	T-GSM	LXX_WH
1Krón 25:6	G3962	πατρος	N-GSM	LXX_WH
1Krón 25:6	G0846	αυτων	D-GPM	LXX_WH
1Krón 25:6		υμνωδουντες	V-PAPNP	ELTERO_SZOVEGALAP
1Krón 25:6	G1722	εν	PREP	LXX_WH
1Krón 25:6	G3624	οικω	N-DSM	LXX_WH
1Krón 25:6	G2962	κυριου	N-GSM	LXX_WH
1Krón 25:6	G1722	εν	PREP	LXX_WH
1Krón 25:6	G2950	κυμβαλοις	N-DPN	LXX_WH
1Krón 25:6	G2532	και	CONJ	LXX_WH
1Krón 25:6	G1722	εν	PREP	LXX_WH
1Krón 25:6		ναβλαις	N-DPF	
1Krón 25:6	G2532	και	CONJ	LXX_WH
1Krón 25:6	G1722	εν	PREP	LXX_WH
1Krón 25:6		κινυραις	N-DPF	ELTERO_SZOVEGALAP
1Krón 25:6	G2192	εχομενα	V-PMPAP	LXX_WH
1Krón 25:6	G3588	του	T-GSM	LXX_WH
1Krón 25:6	G0935	βασιλεως	N-GSM	LXX_WH
1Krón 25:6	G2532	και	CONJ	LXX_WH
1Krón 25:6	G2532	ασαφ	N-PRI	ABP-potolt
1Krón 25:6	G2532	και	CONJ	LXX_WH
1Krón 25:6	G2532	ιδιθων	N-PRI	ABP-potolt
1Krón 25:6	G2532	και	CONJ	LXX_WH
1Krón 25:6	G2532	αιμανι	N-PRI	ABP-potolt
1Krón 25:7	G2532	και	CONJ	LXX_WH
1Krón 25:7	G1096	εγενετο	V-AMI-3S	LXX_WH
1Krón 25:7	G3588	ο	T-NSM	LXX_WH
1Krón 25:7	G0706	αριθμος	N-NSM	LXX_WH
1Krón 25:7	G0846	αυτων	D-GPM	LXX_WH
1Krón 25:7	G3326	μετα	PREP	LXX_WH
1Krón 25:7	G3588	τους	T-APM	LXX_WH
1Krón 25:7	G0080	αδελφους	N-APM	LXX_WH
1Krón 25:7	G0846	αυτων	D-GPM	LXX_WH
1Krón 25:7	G1321	δεδιδαγμενοι	V-RMPNP	LXX_WH
1Krón 25:7	G0103	αδειν	V-PAN	LXX_WH
1Krón 25:7	G2962	κυριω	N-DSM	LXX_WH
1Krón 25:7	G3956	πας	A-NSM	LXX_WH
1Krón 25:7	G4920	συνιων	V-PAPNP	LXX_WH
1Krón 25:7	G1250	διακοσιοι	A-NPM	LXX_WH
1Krón 25:7	G3589	ογδοηκοντα	N-NUI	LXX_WH
1Krón 25:7	G2532	και	CONJ	LXX_WH
1Krón 25:7	G3638	οκτω	N-NUI	LXX_WH
1Krón 25:8	G2532	και	CONJ	LXX_WH
1Krón 25:8	G0906	εβαλον	V-AAI-3P	LXX_WH
1Krón 25:8	G2532	και	CONJ	LXX_WH
1Krón 25:8	G0846	αυτοι	D-NPM	LXX_WH
1Krón 25:8	G2819	κληρους	N-APM	LXX_WH
1Krón 25:8	G2183	εφημεριων	N-GPF	LXX_WH
1Krón 25:8	G2596	κατα	PREP	LXX_WH
1Krón 25:8	G3588	τον	T-ASM	LXX_WH
1Krón 25:8	G3398	μικρον	A-ASM	LXX_WH
1Krón 25:8	G2532	και	CONJ	LXX_WH
1Krón 25:8	G2596	κατα	PREP	LXX_WH
1Krón 25:8	G3588	τον	T-ASM	LXX_WH
1Krón 25:8	G3173	μεγαν	A-ASM	LXX_WH
1Krón 25:8	G5046	τελειων	A-GPM	LXX_WH
1Krón 25:8	G2532	και	CONJ	LXX_WH
1Krón 25:8	G3129	μανθανοντων	V-PAPGP	LXX_WH
1Krón 25:9	G2532	και	CONJ	LXX_WH
1Krón 25:9	G1831	εξηλθεν	V-AAI-3S	LXX_WH
1Krón 25:9	G3588	ο	T-NSM	LXX_WH
1Krón 25:9	G2819	κληρος	N-NSM	LXX_WH
1Krón 25:9	G3588	ο	T-NSM	LXX_WH
1Krón 25:9	G4413	πρωτος	A-NSMS	LXX_WH
1Krón 25:9	G5207	υιων	N-GPM	LXX_WH
1Krón 25:9	G0846	αυτου	D-GSM	LXX_WH
1Krón 25:9	G2532	και	CONJ	LXX_WH
1Krón 25:9	G0080	αδελφων	N-GPM	LXX_WH
1Krón 25:9	G0846	αυτου	D-GSM	LXX_WH
1Krón 25:9	G3588	τω	T-DSM	LXX_WH
1Krón 25:9		ασαφ	N-PRI	
1Krón 25:9	G3588	τω	T-DSM	LXX_WH
1Krón 25:9	G2501	ιωσηφ	N-PRI	LXX_WH
1Krón 25:9		γοδολια	N-PRI	ELTERO_SZOVEGALAP
1Krón 25:9	G3588	ο	T-NSM	LXX_WH
1Krón 25:9	G1208	δευτερος	A-NSM	LXX_WH
1Krón 25:9		ηνια	N-PRI	ELTERO_SZOVEGALAP
1Krón 25:9	G0080	αδελφοι	N-NPM	LXX_WH
1Krón 25:9	G0846	αυτου	D-GSM	LXX_WH
1Krón 25:9	G2532	και	CONJ	LXX_WH
1Krón 25:9	G5207	υιοι	N-NPM	LXX_WH
1Krón 25:9	G0846	αυτου	D-GSM	LXX_WH
1Krón 25:9	G1176	δεκα	N-NUI	LXX_WH
1Krón 25:9	G1417	δυο	N-NUI	LXX_WH
1Krón 25:10	G3588	ο	T-NSM	LXX_WH
1Krón 25:10	G5154	τριτος	A-NSM	LXX_WH
1Krón 25:10		ζακχουρ	N-PRI	ELTERO_SZOVEGALAP
1Krón 25:10	G5207	υιοι	N-NPM	LXX_WH
1Krón 25:10	G0846	αυτου	D-GSM	LXX_WH
1Krón 25:10	G2532	και	CONJ	LXX_WH
1Krón 25:10	G0080	αδελφοι	N-NPM	LXX_WH
1Krón 25:10	G0846	αυτου	D-GSM	LXX_WH
1Krón 25:10	G1176	δεκα	N-NUI	LXX_WH
1Krón 25:10	G1417	δυο	N-NUI	LXX_WH
1Krón 25:11	G3588	ο	T-NSM	LXX_WH
1Krón 25:11	G5067	τεταρτος	A-NSM	LXX_WH
1Krón 25:11		ιεσδρι	N-PRI	ELTERO_SZOVEGALAP
1Krón 25:11	G5207	υιοι	N-NPM	LXX_WH
1Krón 25:11	G0846	αυτου	D-GSM	LXX_WH
1Krón 25:11	G2532	και	CONJ	LXX_WH
1Krón 25:11	G0080	αδελφοι	N-NPM	LXX_WH
1Krón 25:11	G0846	αυτου	D-GSM	LXX_WH
1Krón 25:11	G1176	δεκα	N-NUI	LXX_WH
1Krón 25:11	G1417	δυο	N-NUI	LXX_WH
1Krón 25:12	G3588	ο	T-NSM	LXX_WH
1Krón 25:12	G3991	πεμπτος	A-NSM	LXX_WH
1Krón 25:12		ναθανιας	N-NSM	ELTERO_SZOVEGALAP
1Krón 25:12	G5207	υιοι	N-NPM	LXX_WH
1Krón 25:12	G0846	αυτου	D-GSM	LXX_WH
1Krón 25:12	G2532	και	CONJ	LXX_WH
1Krón 25:12	G0080	αδελφοι	N-NPM	LXX_WH
1Krón 25:12	G0846	αυτου	D-GSM	LXX_WH
1Krón 25:12	G1176	δεκα	N-NUI	LXX_WH
1Krón 25:12	G1417	δυο	N-NUI	LXX_WH
1Krón 25:13	G3588	ο	T-NSM	LXX_WH
1Krón 25:13	G1622	εκτος	A-NSM	LXX_WH
1Krón 25:13		βουκιας	N-NSM	ELTERO_SZOVEGALAP
1Krón 25:13	G5207	υιοι	N-NPM	LXX_WH
1Krón 25:13	G0846	αυτου	D-GSM	LXX_WH
1Krón 25:13	G2532	και	CONJ	LXX_WH
1Krón 25:13	G0080	αδελφοι	N-NPM	LXX_WH
1Krón 25:13	G0846	αυτου	D-GSM	LXX_WH
1Krón 25:13	G1176	δεκα	N-NUI	LXX_WH
1Krón 25:13	G1417	δυο	N-NUI	LXX_WH
1Krón 25:14	G3588	ο	T-NSM	LXX_WH
1Krón 25:14	G1442	εβδομος	A-NSM	LXX_WH
1Krón 25:14		ισεριηλ	N-PRI	ELTERO_SZOVEGALAP
1Krón 25:14	G5207	υιοι	N-NPM	LXX_WH
1Krón 25:14	G0846	αυτου	D-GSM	LXX_WH
1Krón 25:14	G2532	και	CONJ	LXX_WH
1Krón 25:14	G0080	αδελφοι	N-NPM	LXX_WH
1Krón 25:14	G0846	αυτου	D-GSM	LXX_WH
1Krón 25:14	G1176	δεκα	N-NUI	LXX_WH
1Krón 25:14	G1417	δυο	N-NUI	LXX_WH
1Krón 25:15	G3588	ο	T-NSM	LXX_WH
1Krón 25:15	G3590	ογδοος	A-NSM	LXX_WH
1Krón 25:15		ιωσια	N-PRI	ELTERO_SZOVEGALAP
1Krón 25:15	G5207	υιοι	N-NPM	LXX_WH
1Krón 25:15	G0846	αυτου	D-GSM	LXX_WH
1Krón 25:15	G2532	και	CONJ	LXX_WH
1Krón 25:15	G0080	αδελφοι	N-NPM	LXX_WH
1Krón 25:15	G0846	αυτου	D-GSM	LXX_WH
1Krón 25:15	G1176	δεκα	N-NUI	LXX_WH
1Krón 25:15	G1417	δυο	N-NUI	LXX_WH
1Krón 25:16	G3588	ο	T-NSM	LXX_WH
1Krón 25:16	G1766	ενατος	A-NSM	ABP-potolt
1Krón 25:16	G1766	μανθανιας	N-NSM	ABP-potolt
1Krón 25:16	G5207	υιοι	N-NPM	LXX_WH
1Krón 25:16	G0846	αυτου	D-GSM	LXX_WH
1Krón 25:16	G2532	και	CONJ	LXX_WH
1Krón 25:16	G0080	αδελφοι	N-NPM	LXX_WH
1Krón 25:16	G0846	αυτου	D-GSM	LXX_WH
1Krón 25:16	G1176	δεκα	N-NUI	LXX_WH
1Krón 25:16	G1417	δυο	N-NUI	LXX_WH
1Krón 25:17	G3588	ο	T-NSM	LXX_WH
1Krón 25:17	G1182	δεκατος	A-NSM	LXX_WH
1Krón 25:17	G4584	σεμει	N-PRI	LXX_WH
1Krón 25:17	G5207	υιοι	N-NPM	LXX_WH
1Krón 25:17	G0846	αυτου	D-GSM	LXX_WH
1Krón 25:17	G2532	και	CONJ	LXX_WH
1Krón 25:17	G0080	αδελφοι	N-NPM	LXX_WH
1Krón 25:17	G0846	αυτου	D-GSM	LXX_WH
1Krón 25:17	G1176	δεκα	N-NUI	LXX_WH
1Krón 25:17	G1417	δυο	N-NUI	LXX_WH
1Krón 25:18	G3588	ο	T-NSM	LXX_WH
1Krón 25:18	G1734	ενδεκατος	A-NSM	LXX_WH
1Krón 25:18		αζαρια	N-PRI	ELTERO_SZOVEGALAP
1Krón 25:18	G5207	υιοι	N-NPM	LXX_WH
1Krón 25:18	G0846	αυτου	D-GSM	LXX_WH
1Krón 25:18	G2532	και	CONJ	LXX_WH
1Krón 25:18	G0080	αδελφοι	N-NPM	LXX_WH
1Krón 25:18	G0846	αυτου	D-GSM	LXX_WH
1Krón 25:18	G1176	δεκα	N-NUI	LXX_WH
1Krón 25:18	G1417	δυο	N-NUI	LXX_WH
1Krón 25:19	G3588	ο	T-NSM	LXX_WH
1Krón 25:19	G1428	δωδεκατος	A-NSM	LXX_WH
1Krón 25:19		ασαβια	N-PRI	ELTERO_SZOVEGALAP
1Krón 25:19	G5207	υιοι	N-NPM	LXX_WH
1Krón 25:19	G0846	αυτου	D-GSM	LXX_WH
1Krón 25:19	G2532	και	CONJ	LXX_WH
1Krón 25:19	G0080	αδελφοι	N-NPM	LXX_WH
1Krón 25:19	G0846	αυτου	D-GSM	LXX_WH
1Krón 25:19	G1176	δεκα	N-NUI	LXX_WH
1Krón 25:19	G1417	δυο	N-NUI	LXX_WH
1Krón 25:20	G3588	ο	T-NSM	LXX_WH
1Krón 25:20	G5151	τρισκαιδεκατος	A-NSM	ABP-potolt
1Krón 25:20	G5151	σουβαηλ	N-PRI	ABP-potolt
1Krón 25:20	G5207	υιοι	N-NPM	LXX_WH
1Krón 25:20	G0846	αυτου	D-GSM	LXX_WH
1Krón 25:20	G2532	και	CONJ	LXX_WH
1Krón 25:20	G0080	αδελφοι	N-NPM	LXX_WH
1Krón 25:20	G0846	αυτου	D-GSM	LXX_WH
1Krón 25:20	G1176	δεκα	N-NUI	LXX_WH
1Krón 25:20	G1417	δυο	N-NUI	LXX_WH
1Krón 25:21	G3588	ο	T-NSM	LXX_WH
1Krón 25:21		τεσσαρεσκαιδεκατος	A-NSM	ELTERO_SZOVEGALAP
1Krón 25:21	G3161	ματταθιας	N-NSM	LXX_WH
1Krón 25:21	G5207	υιοι	N-NPM	LXX_WH
1Krón 25:21	G0846	αυτου	D-GSM	LXX_WH
1Krón 25:21	G2532	και	CONJ	LXX_WH
1Krón 25:21	G0080	αδελφοι	N-NPM	LXX_WH
1Krón 25:21	G0846	αυτου	D-GSM	LXX_WH
1Krón 25:21	G1176	δεκα	N-NUI	LXX_WH
1Krón 25:21	G1417	δυο	N-NUI	LXX_WH
1Krón 25:22	G3588	ο	T-NSM	LXX_WH
1Krón 25:22	G4003	πεντεκαιδεκατος	A-NSM	LXX_WH
1Krón 25:22		ιεριμωθ	N-PRI	ELTERO_SZOVEGALAP
1Krón 25:22	G5207	υιοι	N-NPM	LXX_WH
1Krón 25:22	G0846	αυτου	D-GSM	LXX_WH
1Krón 25:22	G2532	και	CONJ	LXX_WH
1Krón 25:22	G0080	αδελφοι	N-NPM	LXX_WH
1Krón 25:22	G0846	αυτου	D-GSM	LXX_WH
1Krón 25:22	G1176	δεκα	N-NUI	LXX_WH
1Krón 25:22	G1417	δυο	N-NUI	LXX_WH
1Krón 25:23	G3588	ο	T-NSM	LXX_WH
1Krón 25:23		εκκαιδεκατος	A-NSM	ELTERO_SZOVEGALAP
1Krón 25:23	G0367	ανανιας	N-NSM	LXX_WH
1Krón 25:23	G5207	υιοι	N-NPM	LXX_WH
1Krón 25:23	G0846	αυτου	D-GSM	LXX_WH
1Krón 25:23	G2532	και	CONJ	LXX_WH
1Krón 25:23	G0080	αδελφοι	N-NPM	LXX_WH
1Krón 25:23	G0846	αυτου	D-GSM	LXX_WH
1Krón 25:23	G1176	δεκα	N-NUI	LXX_WH
1Krón 25:23	G1417	δυο	N-NUI	LXX_WH
1Krón 25:24	G3588	ο	T-NSM	LXX_WH
1Krón 25:24	G2033	επτακαιδεκατος	A-NSM	ABP-potolt
1Krón 25:24	G2033	ιεσβακασα	N-PRI	ABP-potolt
1Krón 25:24	G5207	υιοι	N-NPM	LXX_WH
1Krón 25:24	G0846	αυτου	D-GSM	LXX_WH
1Krón 25:24	G2532	και	CONJ	LXX_WH
1Krón 25:24	G0080	αδελφοι	N-NPM	LXX_WH
1Krón 25:24	G0846	αυτου	D-GSM	LXX_WH
1Krón 25:24	G1176	δεκα	N-NUI	LXX_WH
1Krón 25:24	G1417	δυο	N-NUI	LXX_WH
1Krón 25:25	G3588	ο	T-NSM	LXX_WH
1Krón 25:25	G3638	οκτωκαιδεκατος	A-NSM	ABP-potolt
1Krón 25:25	G3638	ανανι	N-PRI	ABP-potolt
1Krón 25:25	G5207	υιοι	N-NPM	LXX_WH
1Krón 25:25	G0846	αυτου	D-GSM	LXX_WH
1Krón 25:25	G2532	και	CONJ	LXX_WH
1Krón 25:25	G0080	αδελφοι	N-NPM	LXX_WH
1Krón 25:25	G0846	αυτου	D-GSM	LXX_WH
1Krón 25:25	G1176	δεκα	N-NUI	LXX_WH
1Krón 25:25	G1417	δυο	N-NUI	LXX_WH
1Krón 25:26	G3588	ο	T-NSM	LXX_WH
1Krón 25:26	G1767	εννεακαιδεκατος	A-NSM	ABP-potolt
1Krón 25:26	G1767	μελληθι	N-PRI	ABP-potolt
1Krón 25:26	G5207	υιοι	N-NPM	LXX_WH
1Krón 25:26	G0846	αυτου	D-GSM	LXX_WH
1Krón 25:26	G2532	και	CONJ	LXX_WH
1Krón 25:26	G0080	αδελφοι	N-NPM	LXX_WH
1Krón 25:26	G0846	αυτου	D-GSM	LXX_WH
1Krón 25:26	G1176	δεκα	N-NUI	LXX_WH
1Krón 25:26	G1417	δυο	N-NUI	LXX_WH
1Krón 25:27	G3588	ο	T-NSM	LXX_WH
1Krón 25:27	G1501	εικοστος	A-NSM	ABP-potolt
1Krón 25:27	G1501	ελιαθα	N-PRI	ABP-potolt
1Krón 25:27	G5207	υιοι	N-NPM	LXX_WH
1Krón 25:27	G0846	αυτου	D-GSM	LXX_WH
1Krón 25:27	G2532	και	CONJ	LXX_WH
1Krón 25:27	G0080	αδελφοι	N-NPM	LXX_WH
1Krón 25:27	G0846	αυτου	D-GSM	LXX_WH
1Krón 25:27	G1176	δεκα	N-NUI	LXX_WH
1Krón 25:27	G1417	δυο	N-NUI	LXX_WH
1Krón 25:28	G3588	ο	T-NSM	LXX_WH
1Krón 25:28	G1501	εικοστος	A-NSM	ABP-potolt
1Krón 25:28	G4413	πρωτος	A-NSMS	LXX_WH
1Krón 25:28		ηθιρ	N-PRI	ELTERO_SZOVEGALAP
1Krón 25:28	G5207	υιοι	N-NPM	LXX_WH
1Krón 25:28	G0846	αυτου	D-GSM	LXX_WH
1Krón 25:28	G2532	και	CONJ	LXX_WH
1Krón 25:28	G0080	αδελφοι	N-NPM	LXX_WH
1Krón 25:28	G0846	αυτου	D-GSM	LXX_WH
1Krón 25:28	G1176	δεκα	N-NUI	LXX_WH
1Krón 25:28	G1417	δυο	N-NUI	LXX_WH
1Krón 25:29	G3588	ο	T-NSM	LXX_WH
1Krón 25:29	G1501	εικοστος	A-NSM	ABP-potolt
1Krón 25:29	G1208	δευτερος	A-NSM	LXX_WH
1Krón 25:29		γοδολλαθι	N-PRI	ELTERO_SZOVEGALAP
1Krón 25:29	G5207	υιοι	N-NPM	LXX_WH
1Krón 25:29	G0846	αυτου	D-GSM	LXX_WH
1Krón 25:29	G2532	και	CONJ	LXX_WH
1Krón 25:29	G0080	αδελφοι	N-NPM	LXX_WH
1Krón 25:29	G0846	αυτου	D-GSM	LXX_WH
1Krón 25:29	G1176	δεκα	N-NUI	LXX_WH
1Krón 25:29	G1417	δυο	N-NUI	LXX_WH
1Krón 25:30	G3588	ο	T-NSM	LXX_WH
1Krón 25:30	G5154	τριτος	A-NSM	LXX_WH
1Krón 25:30	G2532	και	CONJ	LXX_WH
1Krón 25:30		εικοστος	A-NSM	ELTERO_SZOVEGALAP
1Krón 25:30		μεαζωθ	N-PRI	ELTERO_SZOVEGALAP
1Krón 25:30	G5207	υιοι	N-NPM	LXX_WH
1Krón 25:30	G0846	αυτου	D-GSM	LXX_WH
1Krón 25:30	G2532	και	CONJ	LXX_WH
1Krón 25:30	G0080	αδελφοι	N-NPM	LXX_WH
1Krón 25:30	G0846	αυτου	D-GSM	LXX_WH
1Krón 25:30	G1176	δεκα	N-NUI	LXX_WH
1Krón 25:30	G1417	δυο	N-NUI	LXX_WH
1Krón 25:31	G3588	ο	T-NSM	LXX_WH
1Krón 25:31	G5067	τεταρτος	A-NSM	LXX_WH
1Krón 25:31	G2532	και	CONJ	LXX_WH
1Krón 25:31		εικοστος	A-NSM	ELTERO_SZOVEGALAP
1Krón 25:31		ρωμεμθιωδ	N-PRI	ELTERO_SZOVEGALAP
1Krón 25:31	G5207	υιοι	N-NPM	LXX_WH
1Krón 25:31	G0846	αυτου	D-GSM	LXX_WH
1Krón 25:31	G2532	και	CONJ	LXX_WH
1Krón 25:31	G0080	αδελφοι	N-NPM	LXX_WH
1Krón 25:31	G0846	αυτου	D-GSM	LXX_WH
1Krón 25:31	G1176	δεκα	N-NUI	LXX_WH
1Krón 25:31	G1417	δυο	N-NUI	LXX_WH
1Krón 26:1	G1519	εις	PREP	LXX_WH
1Krón 26:1	G1243	διαιρεσεις	N-NPF	ABP-potolt
1Krón 26:1	G3588	των	T-GPF	LXX_WH
1Krón 26:1	G4439	πυλων	N-GPF	LXX_WH
1Krón 26:1	G5207	υιοις	N-DPM	LXX_WH
1Krón 26:1		κορειμ	N-PRI	ELTERO_SZOVEGALAP
1Krón 26:1		μοσολλαμια	N-PRI	ELTERO_SZOVEGALAP
1Krón 26:1	G5207	υιος	N-NSM	LXX_WH
1Krón 26:1	G2879	κωρη	N-PRI	LXX_WH
1Krón 26:1	G1537	εκ	PREP	LXX_WH
1Krón 26:1	G3588	των	T-GPM	LXX_WH
1Krón 26:1	G5207	υιων	N-GPM	LXX_WH
1Krón 26:1		αβιασαφ	N-PRI	ELTERO_SZOVEGALAP
1Krón 26:2	G2532	και	CONJ	LXX_WH
1Krón 26:2	G3588	τω	T-DSM	LXX_WH
1Krón 26:2		μοσολλαμια	N-PRI	ELTERO_SZOVEGALAP
1Krón 26:2	G5207	υιοι	N-NPM	LXX_WH
1Krón 26:2	G2197	ζαχαριας	N-NSM	LXX_WH
1Krón 26:2	G3588	ο	T-NSM	LXX_WH
1Krón 26:2	G4416	πρωτοτοκος	A-NSM	LXX_WH
1Krón 26:2		ιδιηλ	N-PRI	ELTERO_SZOVEGALAP
1Krón 26:2	G3588	ο	T-NSM	LXX_WH
1Krón 26:2	G1208	δευτερος	A-NSM	LXX_WH
1Krón 26:2		ζαβαδιας	N-NSM	ELTERO_SZOVEGALAP
1Krón 26:2	G3588	ο	T-NSM	LXX_WH
1Krón 26:2	G5154	τριτος	A-NSM	LXX_WH
1Krón 26:2		ιεθνουηλ	N-PRI	ELTERO_SZOVEGALAP
1Krón 26:2	G3588	ο	T-NSM	LXX_WH
1Krón 26:2	G5067	τεταρτος	A-NSM	LXX_WH
1Krón 26:3		ωλαμ	N-PRI	
1Krón 26:3	G3588	ο	T-NSM	LXX_WH
1Krón 26:3	G3991	πεμπτος	A-NSM	LXX_WH
1Krón 26:3		ιωαναν	N-PRI	
1Krón 26:3	G3588	ο	T-NSM	LXX_WH
1Krón 26:3	G1622	εκτος	A-NSM	LXX_WH
1Krón 26:3		ελιωηναι	N-PRI	
1Krón 26:3	G3588	ο	T-NSM	LXX_WH
1Krón 26:3	G1442	εβδομος	A-NSM	LXX_WH
1Krón 26:4	G2532	και	CONJ	LXX_WH
1Krón 26:4	G3588	τω	T-DSM	LXX_WH
1Krón 26:4		αβδεδομ	N-PRI	ELTERO_SZOVEGALAP
1Krón 26:4	G5207	υιοι	N-NPM	LXX_WH
1Krón 26:4		σαμαιας	N-NSM	ELTERO_SZOVEGALAP
1Krón 26:4	G3588	ο	T-NSM	LXX_WH
1Krón 26:4	G4416	πρωτοτοκος	A-NSM	LXX_WH
1Krón 26:4		ιωζαβαδ	N-PRI	ELTERO_SZOVEGALAP
1Krón 26:4	G3588	ο	T-NSM	LXX_WH
1Krón 26:4	G1208	δευτερος	A-NSM	LXX_WH
1Krón 26:4		ιωαα	N-PRI	ELTERO_SZOVEGALAP
1Krón 26:4	G3588	ο	T-NSM	LXX_WH
1Krón 26:4	G5154	τριτος	A-NSM	LXX_WH
1Krón 26:4		σωχαρ	N-PRI	ELTERO_SZOVEGALAP
1Krón 26:4	G3588	ο	T-NSM	LXX_WH
1Krón 26:4	G5067	τεταρτος	A-NSM	LXX_WH
1Krón 26:4	G3482	ναθαναηλ	N-PRI	LXX_WH
1Krón 26:4	G3588	ο	T-NSM	LXX_WH
1Krón 26:4	G3991	πεμπτος	A-NSM	LXX_WH
1Krón 26:5		αμιηλ	N-PRI	ELTERO_SZOVEGALAP
1Krón 26:5	G3588	ο	T-NSM	LXX_WH
1Krón 26:5	G1622	εκτος	A-NSM	LXX_WH
1Krón 26:5		ισσαχαρ	N-PRI	ELTERO_SZOVEGALAP
1Krón 26:5	G3588	ο	T-NSM	LXX_WH
1Krón 26:5	G1442	εβδομος	A-NSM	LXX_WH
1Krón 26:5		φολλαθι	N-PRI	ELTERO_SZOVEGALAP
1Krón 26:5	G3588	ο	T-NSM	LXX_WH
1Krón 26:5	G3590	ογδοος	A-NSM	LXX_WH
1Krón 26:5	G3754	οτι	CONJ	LXX_WH
1Krón 26:5	G2127	ευλογησεν	V-AAI-3S	LXX_WH
1Krón 26:5	G0846	αυτον	D-ASM	LXX_WH
1Krón 26:5	G3588	ο	T-NSM	LXX_WH
1Krón 26:5	G2316	θεος	N-NSM	LXX_WH
1Krón 26:6	G2532	και	CONJ	LXX_WH
1Krón 26:6	G3588	τω	T-DSM	LXX_WH
1Krón 26:6		σαμαια	N-PRI	ELTERO_SZOVEGALAP
1Krón 26:6	G5207	υιω	N-DSM	LXX_WH
1Krón 26:6	G0846	αυτου	D-GSM	LXX_WH
1Krón 26:6	G5088	ετεχθησαν	V-API-3P	LXX_WH
1Krón 26:6	G5207	υιοι	N-NPM	LXX_WH
1Krón 26:6	G3588	του	T-GSM	LXX_WH
1Krón 26:6	G4416	πρωτοτοκου	A-GSM	LXX_WH
1Krón 26:6		ρωσαι	N-PRI	ELTERO_SZOVEGALAP
1Krón 26:6	G1519	εις	PREP	LXX_WH
1Krón 26:6	G3588	τον	T-ASM	LXX_WH
1Krón 26:6	G3624	οικον	N-ASM	LXX_WH
1Krón 26:6	G3588	τον	T-ASM	LXX_WH
1Krón 26:6	G3967	πατρικον	A-ASM	LXX_WH
1Krón 26:6	G0846	αυτου	D-GSM	LXX_WH
1Krón 26:6	G3754	οτι	CONJ	LXX_WH
1Krón 26:6	G1415	δυνατοι	A-NPM	LXX_WH
1Krón 26:6	G1510	ησαν	V-IAI-3P	LXX_WH
1Krón 26:7	G5207	υιοι	N-NPM	LXX_WH
1Krón 26:7		σαμαια	N-PRI	
1Krón 26:7		γοθνι	N-PRI	
1Krón 26:7	G2532	και	CONJ	LXX_WH
1Krón 26:7	G2532	ραφαηλ	N-PRI	ABP-potolt
1Krón 26:7	G2532	και	CONJ	LXX_WH
1Krón 26:7	G5601	ωβηδ	N-PRI	LXX_WH
1Krón 26:7	G2532	και	CONJ	LXX_WH
1Krón 26:7	G2532	ελζαβαδ	N-PRI	ABP-potolt
1Krón 26:7	G2532	και	CONJ	LXX_WH
1Krón 26:7	G0080	αχιου	N-PRI	ABP-potolt
1Krón 26:7	G5207	υιοι	N-NPM	LXX_WH
1Krón 26:7	G1415	δυνατοι	A-NPM	LXX_WH
1Krón 26:7		ελιου	N-PRI	ELTERO_SZOVEGALAP
1Krón 26:7	G2532	και	CONJ	LXX_WH
1Krón 26:7	G2532	σαβχια	N-PRI	ABP-potolt
1Krón 26:7	G2532	και	CONJ	LXX_WH
1Krón 26:7		ισβακωμ	N-PRI	ELTERO_SZOVEGALAP
1Krón 26:8	G3956	παντες	A-NPM	LXX_WH
1Krón 26:8	G0575	απο	PREP	LXX_WH
1Krón 26:8	G3588	των	T-GPM	LXX_WH
1Krón 26:8	G5207	υιων	N-GPM	LXX_WH
1Krón 26:8		αβδεδομ	N-PRI	ELTERO_SZOVEGALAP
1Krón 26:8	G0846	αυτοι	D-NPM	LXX_WH
1Krón 26:8	G2532	και	CONJ	LXX_WH
1Krón 26:8	G3588	οι	T-NPM	LXX_WH
1Krón 26:8	G0080	αδελφοι	N-NPM	LXX_WH
1Krón 26:8	G0846	αυτων	D-GPM	LXX_WH
1Krón 26:8	G2532	και	CONJ	LXX_WH
1Krón 26:8	G5207	υιοι	N-NPM	LXX_WH
1Krón 26:8	G0846	αυτων	D-GPM	LXX_WH
1Krón 26:8	G4160	ποιουντες	V-PAPNP	LXX_WH
1Krón 26:8	G1415	δυνατως	ADV	LXX_WH
1Krón 26:8	G1722	εν	PREP	LXX_WH
1Krón 26:8	G3588	τη	T-DSF	LXX_WH
1Krón 26:8	G2039	εργασια	N-DSF	LXX_WH
1Krón 26:8	G3588	οι	T-NPM	LXX_WH
1Krón 26:8	G3956	παντες	A-NPM	LXX_WH
1Krón 26:8	G1835	εξηκοντα	N-NUI	LXX_WH
1Krón 26:8	G1417	δυο	N-NUI	LXX_WH
1Krón 26:8	G3588	τω	T-DSM	LXX_WH
1Krón 26:8		αβδεδομ	N-PRI	ELTERO_SZOVEGALAP
1Krón 26:9	G2532	και	CONJ	LXX_WH
1Krón 26:9	G3588	τω	T-DSM	LXX_WH
1Krón 26:9		μοσολλαμια	N-PRI	ELTERO_SZOVEGALAP
1Krón 26:9	G5207	υιοι	N-NPM	LXX_WH
1Krón 26:9	G2532	και	CONJ	LXX_WH
1Krón 26:9	G0080	αδελφοι	N-NPM	LXX_WH
1Krón 26:9	G1176	δεκα	N-NUI	LXX_WH
1Krón 26:9	G2532	και	CONJ	LXX_WH
1Krón 26:9	G3638	οκτω	N-NUI	LXX_WH
1Krón 26:9	G1415	δυνατοι	A-NPM	LXX_WH
1Krón 26:10	G2532	και	CONJ	LXX_WH
1Krón 26:10	G3588	τω	T-DSM	LXX_WH
1Krón 26:10		ωσα	N-PRI	ELTERO_SZOVEGALAP
1Krón 26:10	G3588	των	T-GPM	LXX_WH
1Krón 26:10	G5207	υιων	N-GPM	LXX_WH
1Krón 26:10		μεραρι	N-PRI	ELTERO_SZOVEGALAP
1Krón 26:10	G5207	υιοι	N-NPM	LXX_WH
1Krón 26:10	G5442	φυλασσοντες	V-PAPNP	LXX_WH
1Krón 26:10	G3588	την	T-ASF	LXX_WH
1Krón 26:10	G0746	αρχην	N-ASF	LXX_WH
1Krón 26:10	G3754	οτι	CONJ	LXX_WH
1Krón 26:10	G3364	ουκ	ADV	LXX_WH
1Krón 26:10	G1510	ην	V-IAI-3S	LXX_WH
1Krón 26:10	G4416	πρωτοτοκος	A-NSM	LXX_WH
1Krón 26:10	G2532	και	CONJ	LXX_WH
1Krón 26:10	G4160	εποιησεν	V-AAI-3S	LXX_WH
1Krón 26:10	G0846	αυτον	D-ASM	LXX_WH
1Krón 26:10	G3588	ο	T-NSM	LXX_WH
1Krón 26:10	G3962	πατηρ	N-NSM	LXX_WH
1Krón 26:10	G0846	αυτου	D-GSM	LXX_WH
1Krón 26:10	G0758	αρχοντα	N-ASM	LXX_WH
1Krón 26:11	G3588	της	T-GSF	LXX_WH
1Krón 26:11		διαιρεσεως	N-GSF	
1Krón 26:11	G3588	της	T-GSF	LXX_WH
1Krón 26:11	G1208	δευτερας	A-GSF	LXX_WH
1Krón 26:11		ταβλαι	N-PRI	ELTERO_SZOVEGALAP
1Krón 26:11	G3588	ο	T-NSM	LXX_WH
1Krón 26:11	G5154	τριτος	A-NSM	LXX_WH
1Krón 26:11	G2197	ζαχαριας	N-NSM	LXX_WH
1Krón 26:11	G3588	ο	T-NSM	LXX_WH
1Krón 26:11	G5067	τεταρτος	A-NSM	LXX_WH
1Krón 26:11	G3956	παντες	A-NPM	LXX_WH
1Krón 26:11	G3778	ουτοι	D-NPM	LXX_WH
1Krón 26:11	G5207	υιοι	N-NPM	LXX_WH
1Krón 26:11	G2532	και	CONJ	LXX_WH
1Krón 26:11	G0080	αδελφοι	N-NPM	LXX_WH
1Krón 26:11	G3588	τω	T-DSM	LXX_WH
1Krón 26:11	G5151	ωσα	N-PRI	ABP-potolt
1Krón 26:11	G5151	τρισκαιδεκα	N-NUI	ABP-potolt
1Krón 26:12	G3778	τουτοις	D-DPM	LXX_WH
1Krón 26:12	G3588	αι	T-NPF	LXX_WH
1Krón 26:12		διαιρεσεις	N-NPF	
1Krón 26:12	G3588	των	T-GPF	LXX_WH
1Krón 26:12	G4439	πυλων	N-GPF	LXX_WH
1Krón 26:12	G3588	τοις	T-DPM	LXX_WH
1Krón 26:12	G0758	αρχουσι	N-DPM	LXX_WH
1Krón 26:12	G3588	των	T-GPM	LXX_WH
1Krón 26:12	G1415	δυνατων	A-GPM	LXX_WH
1Krón 26:12	G2183	εφημεριαι	N-NPF	LXX_WH
1Krón 26:12	G2531	καθως	ADV	LXX_WH
1Krón 26:12	G3588	οι	T-NPM	LXX_WH
1Krón 26:12	G0080	αδελφοι	N-NPM	LXX_WH
1Krón 26:12	G0846	αυτων	D-GPM	LXX_WH
1Krón 26:12	G3008	λειτουργειν	V-PAN	LXX_WH
1Krón 26:12	G1722	εν	PREP	LXX_WH
1Krón 26:12	G3624	οικω	N-DSM	LXX_WH
1Krón 26:12	G2962	κυριου	N-GSM	LXX_WH
1Krón 26:13	G2532	και	CONJ	LXX_WH
1Krón 26:13	G0906	εβαλον	V-AAI-3P	LXX_WH
1Krón 26:13	G2819	κληρους	N-APM	LXX_WH
1Krón 26:13	G2596	κατα	PREP	LXX_WH
1Krón 26:13	G3588	τον	T-ASM	LXX_WH
1Krón 26:13	G3398	μικρον	A-ASM	LXX_WH
1Krón 26:13	G2532	και	CONJ	LXX_WH
1Krón 26:13	G2596	κατα	PREP	LXX_WH
1Krón 26:13	G3588	τον	T-ASM	LXX_WH
1Krón 26:13	G3173	μεγαν	A-ASM	LXX_WH
1Krón 26:13	G2596	κατ	PREP	LXX_WH
1Krón 26:13	G3624	οικους	N-APM	LXX_WH
1Krón 26:13	G3965	πατριων	N-GPF	LXX_WH
1Krón 26:13	G0846	αυτων	D-GPM	LXX_WH
1Krón 26:13	G1519	εις	PREP	LXX_WH
1Krón 26:13	G4440	πυλωνα	N-ASM	LXX_WH
1Krón 26:13	G2532	και	CONJ	LXX_WH
1Krón 26:13	G4440	πυλωνα	N-ASM	LXX_WH
1Krón 26:14	G2532	και	CONJ	LXX_WH
1Krón 26:14	G4098	επεσεν	V-AAI-3S	LXX_WH
1Krón 26:14	G3588	ο	T-NSM	LXX_WH
1Krón 26:14	G2819	κληρος	N-NSM	LXX_WH
1Krón 26:14	G3588	των	T-GPM	LXX_WH
1Krón 26:14	G4314	προς	PREP	LXX_WH
1Krón 26:14	G0395	ανατολας	N-APF	LXX_WH
1Krón 26:14	G3588	τω	T-DSM	LXX_WH
1Krón 26:14		σαλαμια	N-PRI	ELTERO_SZOVEGALAP
1Krón 26:14	G2532	και	CONJ	LXX_WH
1Krón 26:14	G2197	ζαχαρια	N-DSM	LXX_WH
1Krón 26:14	G5207	υιοι	N-NPM	LXX_WH
1Krón 26:14		ιωας	N-PRI	ELTERO_SZOVEGALAP
1Krón 26:14	G3588	τω	T-DSM	LXX_WH
1Krón 26:14		μελχια	N-PRI	ELTERO_SZOVEGALAP
1Krón 26:14	G0906	εβαλον	V-AAI-3P	LXX_WH
1Krón 26:14	G2819	κληρους	N-APM	LXX_WH
1Krón 26:14	G2532	και	CONJ	LXX_WH
1Krón 26:14	G1831	εξηλθεν	V-AAI-3S	LXX_WH
1Krón 26:14	G3588	ο	T-NSM	LXX_WH
1Krón 26:14	G2819	κληρος	N-NSM	LXX_WH
1Krón 26:14	G1005	βορρα	N-GSM	ABP-potolt
1Krón 26:15	G3588	τω	T-DSM	LXX_WH
1Krón 26:15	G2596	αβδεδομ	N-PRI	ABP-potolt
1Krón 26:15	G3558	νοτον	N-ASM	LXX_WH
1Krón 26:15		κατεναντι	ADV	
1Krón 26:15	G3624	οικου	N-GSM	LXX_WH
1Krón 26:15		εσεφιν	N-PRI	
1Krón 26:16	G1519	εις	PREP	LXX_WH
1Krón 26:16	G1208	δευτερον	A-ASM	LXX_WH
1Krón 26:16	G3588	τω	T-DSM	LXX_WH
1Krón 26:16		ωσα	N-PRI	ELTERO_SZOVEGALAP
1Krón 26:16	G4314	προς	PREP	LXX_WH
1Krón 26:16	G1424	δυσμαις	N-DPF	LXX_WH
1Krón 26:16	G3326	μετα	PREP	LXX_WH
1Krón 26:16	G3588	την	T-ASF	LXX_WH
1Krón 26:16	G4439	πυλην	N-ASF	LXX_WH
1Krón 26:16		παστοφοριου	N-GSN	ELTERO_SZOVEGALAP
1Krón 26:16	G3588	της	T-GSF	LXX_WH
1Krón 26:16	G0306	αναβασεως	N-GSF	ABP-potolt
1Krón 26:16	G5438	φυλακη	N-NSF	LXX_WH
1Krón 26:16	G2713	κατεναντι	ADV	ABP-potolt
1Krón 26:16	G5438	φυλακης	N-GSF	LXX_WH
1Krón 26:17	G4314	προς	PREP	LXX_WH
1Krón 26:17	G0395	ανατολας	N-APF	LXX_WH
1Krón 26:17	G1803	εξ	N-NUI	LXX_WH
1Krón 26:17	G3588	την	T-ASF	LXX_WH
1Krón 26:17	G2250	ημεραν	N-ASF	LXX_WH
1Krón 26:17		βορρα	N-GSM	ELTERO_SZOVEGALAP
1Krón 26:17	G3588	της	T-GSF	LXX_WH
1Krón 26:17	G2250	ημερας	N-GSF	LXX_WH
1Krón 26:17	G5064	τεσσαρες	A-NPM	LXX_WH
1Krón 26:17	G3558	νοτον	N-ASM	LXX_WH
1Krón 26:17	G3588	της	T-GSF	LXX_WH
1Krón 26:17	G2250	ημερας	N-GSF	LXX_WH
1Krón 26:17	G5064	τεσσαρες	A-NPM	LXX_WH
1Krón 26:17	G2532	και	CONJ	LXX_WH
1Krón 26:17	G1519	εις	PREP	LXX_WH
1Krón 26:17	G3588	το	T-ASN	LXX_WH
1Krón 26:17	G2065	εσεφιν	N-PRI	ABP-potolt
1Krón 26:17	G1417	δυο	N-NUI	LXX_WH
1Krón 26:18	G1519	εις	PREP	LXX_WH
1Krón 26:18	G1237	διαδεχομενους	V-PMPAP	LXX_WH
1Krón 26:18	G2532	και	CONJ	LXX_WH
1Krón 26:18	G4314	προς	PREP	LXX_WH
1Krón 26:18	G1424	δυσμαις	N-DPF	LXX_WH
1Krón 26:18	G5064	τεσσαρες	A-NPM	LXX_WH
1Krón 26:18	G2532	και	CONJ	LXX_WH
1Krón 26:18	G1519	εις	PREP	LXX_WH
1Krón 26:18	G3588	τον	T-ASM	LXX_WH
1Krón 26:18	G5147	τριβον	A-NSN	ABP-potolt
1Krón 26:18	G1417	δυο	N-NUI	LXX_WH
1Krón 26:18	G1237	διαδεχομενους	V-PMPAP	LXX_WH
1Krón 26:19	G3778	αυται	D-NPF	LXX_WH
1Krón 26:19	G3588	αι	T-NPF	LXX_WH
1Krón 26:19		διαιρεσεις	N-NPF	
1Krón 26:19	G3588	των	T-GPM	LXX_WH
1Krón 26:19		πυλωρων	N-GPM	
1Krón 26:19	G3588	τοις	T-DPM	LXX_WH
1Krón 26:19	G5207	υιοις	N-DPM	LXX_WH
1Krón 26:19	G2879	κορε	N-PRI	LXX_WH
1Krón 26:19	G2532	και	CONJ	LXX_WH
1Krón 26:19	G3588	τοις	T-DPM	LXX_WH
1Krón 26:19	G5207	υιοις	N-DPM	LXX_WH
1Krón 26:19		μεραρι	N-PRI	ELTERO_SZOVEGALAP
1Krón 26:20	G2532	και	CONJ	LXX_WH
1Krón 26:20	G3588	οι	T-NPM	LXX_WH
1Krón 26:20	G3019	λευιται	N-NPM	LXX_WH
1Krón 26:20	G0080	αδελφοι	N-NPM	LXX_WH
1Krón 26:20	G0846	αυτων	D-GPM	LXX_WH
1Krón 26:20	G1909	επι	PREP	LXX_WH
1Krón 26:20	G3588	των	T-GPM	LXX_WH
1Krón 26:20	G2344	θησαυρων	N-GPM	LXX_WH
1Krón 26:20	G3624	οικου	N-GSM	LXX_WH
1Krón 26:20	G2962	κυριου	N-GSM	LXX_WH
1Krón 26:20	G2532	και	CONJ	LXX_WH
1Krón 26:20	G1909	επι	PREP	LXX_WH
1Krón 26:20	G3588	των	T-GPM	LXX_WH
1Krón 26:20	G2344	θησαυρων	N-GPM	LXX_WH
1Krón 26:20	G3588	των	T-GPM	LXX_WH
1Krón 26:20	G0039	καθηγιασμενων	V-RMPGP	ABP-potolt
1Krón 26:21	G5207	υιοι	N-NPM	LXX_WH
1Krón 26:21		λαδαν	N-PRI	ELTERO_SZOVEGALAP
1Krón 26:21	G5207	υιοι	N-NPM	LXX_WH
1Krón 26:21	G3588	τω	T-DSM	LXX_WH
1Krón 26:21		γηρσωνι	N-PRI	
1Krón 26:21	G3588	τω	T-DSM	LXX_WH
1Krón 26:21		λαδαν	N-PRI	ELTERO_SZOVEGALAP
1Krón 26:21	G0758	αρχοντες	N-NPM	LXX_WH
1Krón 26:21	G3965	πατριων	N-GPF	LXX_WH
1Krón 26:21	G3588	τω	T-DSM	LXX_WH
1Krón 26:21		λαδαν	N-PRI	
1Krón 26:21	G3588	τω	T-DSM	LXX_WH
1Krón 26:21	G3588	γηρσωνι	N-PRI	ABP-potolt
1Krón 26:21	G3588	ιιηλ	N-PRI	ABP-potolt
1Krón 26:22	G2532	και	CONJ	LXX_WH
1Krón 26:22	G5207	υιοι	N-NPM	LXX_WH
1Krón 26:22		ιιηλ	N-PRI	ELTERO_SZOVEGALAP
1Krón 26:22		ζεθομ	N-PRI	ELTERO_SZOVEGALAP
1Krón 26:22	G2532	και	CONJ	LXX_WH
1Krón 26:22	G2493	ιωηλ	N-PRI	LXX_WH
1Krón 26:22	G3588	οι	T-NPM	LXX_WH
1Krón 26:22	G0080	αδελφοι	N-NPM	LXX_WH
1Krón 26:22	G1909	επι	PREP	LXX_WH
1Krón 26:22	G3588	των	T-GPM	LXX_WH
1Krón 26:22	G2344	θησαυρων	N-GPM	LXX_WH
1Krón 26:22	G3624	οικου	N-GSM	LXX_WH
1Krón 26:22	G2962	κυριου	N-GSM	LXX_WH
1Krón 26:23	G3588	τω	T-DSM	LXX_WH
1Krón 26:23	G2532	αμβραμ	N-PRI	ABP-potolt
1Krón 26:23	G2532	και	CONJ	LXX_WH
1Krón 26:23	G2532	ισσααρ	N-PRI	ABP-potolt
1Krón 26:23	G2532	χεβρων	N-PRI	ABP-potolt
1Krón 26:23	G2532	και	CONJ	LXX_WH
1Krón 26:23	G2532	οζιηλ	N-PRI	ABP-potolt
1Krón 26:24	G2532	και	CONJ	LXX_WH
1Krón 26:24	G3588	σουβαηλ	N-PRI	ABP-potolt
1Krón 26:24	G3588	ο	T-NSM	LXX_WH
1Krón 26:24	G3588	του	T-GSM	LXX_WH
1Krón 26:24	G3588	γηρσαμ	N-PRI	ABP-potolt
1Krón 26:24	G3588	του	T-GSM	LXX_WH
1Krón 26:24	G3588	μωυση	N-GSM	ABP-potolt
1Krón 26:24	G2233	ηγουμενος	V-PMPNS	LXX_WH
1Krón 26:24	G1909	επι	PREP	LXX_WH
1Krón 26:24	G3588	των	T-GPM	LXX_WH
1Krón 26:24	G2344	θησαυρων	N-GPM	LXX_WH
1Krón 26:25	G2532	και	CONJ	LXX_WH
1Krón 26:25	G3588	τω	T-DSM	LXX_WH
1Krón 26:25	G0080	αδελφω	N-DSM	LXX_WH
1Krón 26:25	G0846	αυτου	D-GSM	LXX_WH
1Krón 26:25	G3588	τω	T-DSM	LXX_WH
1Krón 26:25	G1663	ελιεζερ	N-PRI	LXX_WH
1Krón 26:25		ρααβιας	N-NSM	ELTERO_SZOVEGALAP
1Krón 26:25	G5207	υιος	N-NSM	LXX_WH
1Krón 26:25	G2532	και	CONJ	LXX_WH
1Krón 26:25	G5207	ιωσαιας	N-NSM	ABP-potolt
1Krón 26:25	G2532	και	CONJ	LXX_WH
1Krón 26:25	G2496	ιωραμ	N-PRI	LXX_WH
1Krón 26:25	G2532	και	CONJ	LXX_WH
1Krón 26:25	G5207	ζεχρι	N-PRI	ABP-potolt
1Krón 26:25	G2532	και	CONJ	LXX_WH
1Krón 26:25	G5207	σαλωμωθ	N-PRI	ABP-potolt
1Krón 26:26	G0846	αυτος	D-NSM	LXX_WH
1Krón 26:26		σαλωμωθ	N-PRI	ELTERO_SZOVEGALAP
1Krón 26:26	G2532	και	CONJ	LXX_WH
1Krón 26:26	G3588	οι	T-NPM	LXX_WH
1Krón 26:26	G0080	αδελφοι	N-NPM	LXX_WH
1Krón 26:26	G0846	αυτου	D-GSM	LXX_WH
1Krón 26:26	G1909	επι	PREP	LXX_WH
1Krón 26:26	G3956	παντων	A-GPM	LXX_WH
1Krón 26:26	G3588	των	T-GPM	LXX_WH
1Krón 26:26	G2344	θησαυρων	N-GPM	LXX_WH
1Krón 26:26	G3588	των	T-GPM	LXX_WH
1Krón 26:26	G0040	αγιων	A-GPM	LXX_WH
1Krón 26:26	G3739	ους	R-APM	LXX_WH
1Krón 26:26	G0037	ηγιασεν	V-AAI-3S	LXX_WH
1Krón 26:26		δαυιδ	N-PRI	ELTERO_SZOVEGALAP
1Krón 26:26	G3588	ο	T-NSM	LXX_WH
1Krón 26:26	G0935	βασιλευς	N-NSM	LXX_WH
1Krón 26:26	G2532	και	CONJ	LXX_WH
1Krón 26:26	G3588	οι	T-NPM	LXX_WH
1Krón 26:26	G0758	αρχοντες	N-NPM	LXX_WH
1Krón 26:26	G3588	των	T-GPF	LXX_WH
1Krón 26:26	G3965	πατριων	N-GPF	LXX_WH
1Krón 26:26	G5506	χιλιαρχοι	N-NPM	LXX_WH
1Krón 26:26	G2532	και	CONJ	LXX_WH
1Krón 26:26	G1543	εκατονταρχοι	N-NPM	ABP-potolt
1Krón 26:26	G2532	και	CONJ	LXX_WH
1Krón 26:26	G0747	αρχηγοι	N-NPM	LXX_WH
1Krón 26:26	G3588	της	T-GSF	LXX_WH
1Krón 26:26	G1411	δυναμεως	N-GSF	LXX_WH
1Krón 26:27	G3739	α	R-APN	LXX_WH
1Krón 26:27	G2983	ελαβεν	V-AAI-3S	LXX_WH
1Krón 26:27	G1537	εκ	PREP	LXX_WH
1Krón 26:27	G3588	των	T-GPM	LXX_WH
1Krón 26:27	G4171	πολεμων	N-GPM	LXX_WH
1Krón 26:27	G2532	και	CONJ	LXX_WH
1Krón 26:27	G1537	εκ	PREP	LXX_WH
1Krón 26:27	G3588	των	T-GPM	LXX_WH
1Krón 26:27	G3000	λαφυρων	N-GPN	ABP-potolt
1Krón 26:27	G2532	και	CONJ	LXX_WH
1Krón 26:27	G0037	ηγιασεν	V-AAI-3S	LXX_WH
1Krón 26:27	G0575	απ	PREP	LXX_WH
1Krón 26:27	G0846	αυτων	D-GPM	LXX_WH
1Krón 26:27	G3588	του	T-GSN	LXX_WH
1Krón 26:27	G3165	μη	ADV	LXX_WH
1Krón 26:27		καθυστερησαι	V-AAN	ELTERO_SZOVEGALAP
1Krón 26:27	G3588	την	T-ASF	LXX_WH
1Krón 26:27	G3619	οικοδομην	N-ASF	LXX_WH
1Krón 26:27	G3588	του	T-GSM	LXX_WH
1Krón 26:27	G3624	οικου	N-GSM	LXX_WH
1Krón 26:27	G3588	του	T-GSM	LXX_WH
1Krón 26:27	G2316	θεου	N-GSM	LXX_WH
1Krón 26:28	G2532	και	CONJ	LXX_WH
1Krón 26:28	G1909	επι	PREP	LXX_WH
1Krón 26:28	G3956	παντων	A-GPM	LXX_WH
1Krón 26:28	G3588	των	T-GPM	LXX_WH
1Krón 26:28	G0040	αγιων	A-GPM	LXX_WH
1Krón 26:28	G4545	σαμουηλ	N-PRI	LXX_WH
1Krón 26:28	G3588	του	T-GSM	LXX_WH
1Krón 26:28	G4396	προφητου	N-GSM	LXX_WH
1Krón 26:28	G2532	και	CONJ	LXX_WH
1Krón 26:28	G4549	σαουλ	N-PRI	LXX_WH
1Krón 26:28	G3588	του	T-GSM	LXX_WH
1Krón 26:28	G2797	κις	N-PRI	LXX_WH
1Krón 26:28	G2532	και	CONJ	LXX_WH
1Krón 26:28		αβεννηρ	N-PRI	
1Krón 26:28	G3588	του	T-GSM	LXX_WH
1Krón 26:28		νηρ	N-PRI	
1Krón 26:28	G2532	και	CONJ	LXX_WH
1Krón 26:28		ιωαβ	N-PRI	
1Krón 26:28	G3588	του	T-GSM	LXX_WH
1Krón 26:28	G2532	σαρουια	N-PRI	ABP-potolt
1Krón 26:28	G3956	παν	A-ASN	LXX_WH
1Krón 26:28	G3739	ο	R-ASN	LXX_WH
1Krón 26:28	G0037	ηγιασαν	V-AAI-3P	LXX_WH
1Krón 26:28	G1223	δια	PREP	LXX_WH
1Krón 26:28	G5495	χειρος	N-GSF	LXX_WH
1Krón 26:28		σαλωμωθ	N-PRI	ELTERO_SZOVEGALAP
1Krón 26:28	G2532	και	CONJ	LXX_WH
1Krón 26:28	G3588	των	T-GPM	LXX_WH
1Krón 26:28	G0080	αδελφων	N-GPM	LXX_WH
1Krón 26:28	G0846	αυτου	D-GSM	LXX_WH
1Krón 26:29	G3588	τω	T-DSM	LXX_WH
1Krón 26:29	G1122	ισσαρι	N-PRI	ABP-potolt
1Krón 26:29	G1122	χωνενια	N-PRI	ABP-potolt
1Krón 26:29	G2532	και	CONJ	LXX_WH
1Krón 26:29	G5207	υιοι	N-NPM	LXX_WH
1Krón 26:29	G0846	αυτου	D-GSM	LXX_WH
1Krón 26:29	G3588	της	T-GSF	LXX_WH
1Krón 26:29	G2039	εργασιας	N-GSF	LXX_WH
1Krón 26:29	G3588	της	T-GSF	LXX_WH
1Krón 26:29	G1854	εξω	ADV	LXX_WH
1Krón 26:29	G1909	επι	PREP	LXX_WH
1Krón 26:29	G3588	τον	T-ASM	LXX_WH
1Krón 26:29	G2474	ισραηλ	N-PRI	LXX_WH
1Krón 26:29	G3588	του	T-GSN	LXX_WH
1Krón 26:29	G1122	γραμματευειν	V-PAN	ABP-potolt
1Krón 26:29	G2532	και	CONJ	LXX_WH
1Krón 26:29	G1252	διακρινειν	V-PAN	LXX_WH
1Krón 26:30	G3588	τω	T-DSM	LXX_WH
1Krón 26:30		χεβρωνι	N-PRI	ELTERO_SZOVEGALAP
1Krón 26:30		ασαβιας	N-NSM	ELTERO_SZOVEGALAP
1Krón 26:30	G2532	και	CONJ	LXX_WH
1Krón 26:30	G3588	οι	T-NPM	LXX_WH
1Krón 26:30	G0080	αδελφοι	N-NPM	LXX_WH
1Krón 26:30	G0846	αυτου	D-GSM	LXX_WH
1Krón 26:30	G5207	υιοι	N-NPM	LXX_WH
1Krón 26:30	G1415	δυνατοι	A-NPM	LXX_WH
1Krón 26:30	G5507	χιλιοι	A-NPM	LXX_WH
1Krón 26:30	G2532	και	CONJ	LXX_WH
1Krón 26:30		επτακοσιοι	A-NPM	ELTERO_SZOVEGALAP
1Krón 26:30	G1909	επι	PREP	LXX_WH
1Krón 26:30	G3588	της	T-GSF	LXX_WH
1Krón 26:30		επισκεψεως	N-GSF	
1Krón 26:30	G3588	του	T-GSM	LXX_WH
1Krón 26:30	G2474	ισραηλ	N-PRI	LXX_WH
1Krón 26:30	G4008	περαν	PREP	LXX_WH
1Krón 26:30	G3588	του	T-GSM	LXX_WH
1Krón 26:30	G2446	ιορδανου	N-GSM	LXX_WH
1Krón 26:30	G4314	προς	PREP	LXX_WH
1Krón 26:30	G1424	δυσμαις	N-DPF	LXX_WH
1Krón 26:30	G1519	εις	PREP	LXX_WH
1Krón 26:30	G3956	πασαν	A-ASF	LXX_WH
1Krón 26:30	G3009	λειτουργιαν	N-ASF	LXX_WH
1Krón 26:30	G2962	κυριου	N-GSM	LXX_WH
1Krón 26:30	G2532	και	CONJ	LXX_WH
1Krón 26:30	G2039	εργασιαν	N-ASF	LXX_WH
1Krón 26:30	G3588	του	T-GSM	LXX_WH
1Krón 26:30	G0935	βασιλεως	N-GSM	LXX_WH
1Krón 26:31	G3588	του	T-GSM	LXX_WH
1Krón 26:31		χεβρωνι	N-PRI	
1Krón 26:31		ιουδιας	N-PRI	
1Krón 26:31	G3588	ο	T-NSM	LXX_WH
1Krón 26:31	G0758	αρχων	N-NSM	LXX_WH
1Krón 26:31	G3588	των	T-GPM	LXX_WH
1Krón 26:31		χεβρωνι	N-PRI	ELTERO_SZOVEGALAP
1Krón 26:31	G2596	κατα	PREP	LXX_WH
1Krón 26:31	G1078	γενεσεις	N-NPF	LXX_WH
1Krón 26:31	G0846	αυτων	D-GPM	LXX_WH
1Krón 26:31	G2596	κατα	PREP	LXX_WH
1Krón 26:31	G3965	πατριας	N-APF	LXX_WH
1Krón 26:31	G1722	εν	PREP	LXX_WH
1Krón 26:31	G3588	τω	T-DSN	LXX_WH
1Krón 26:31		τεσσαρακοστω	A-DSN	ELTERO_SZOVEGALAP
1Krón 26:31	G2094	ετει	N-DSN	LXX_WH
1Krón 26:31	G3588	της	T-GSF	LXX_WH
1Krón 26:31	G0932	βασιλειας	N-GSF	LXX_WH
1Krón 26:31	G0846	αυτου	D-GSM	LXX_WH
1Krón 26:31	G1980	επεσκεπησαν	V-API-3P	LXX_WH
1Krón 26:31	G2532	και	CONJ	LXX_WH
1Krón 26:31	G2147	ευρεθη	V-API-3S	LXX_WH
1Krón 26:31	G0435	ανηρ	N-NSM	LXX_WH
1Krón 26:31	G1415	δυνατος	A-NSM	LXX_WH
1Krón 26:31	G1722	εν	PREP	LXX_WH
1Krón 26:31	G0846	αυτοις	D-DPM	LXX_WH
1Krón 26:31	G1722	εν	PREP	LXX_WH
1Krón 26:31		ιαζηρ	N-PRI	ELTERO_SZOVEGALAP
1Krón 26:31	G3588	της	T-GSF	LXX_WH
1Krón 26:31		γαλααδιτιδος	N-GSF	ELTERO_SZOVEGALAP
1Krón 26:32	G2532	και	CONJ	LXX_WH
1Krón 26:32	G3588	οι	T-NPM	LXX_WH
1Krón 26:32	G0080	αδελφοι	N-NPM	LXX_WH
1Krón 26:32	G0846	αυτου	D-GSM	LXX_WH
1Krón 26:32	G5207	υιοι	N-NPM	LXX_WH
1Krón 26:32	G1415	δυνατοι	A-NPM	LXX_WH
1Krón 26:32	G1367	δισχιλιοι	A-NPM	LXX_WH
1Krón 26:32	G2035	επτακοσιοι	A-NPM	ABP-potolt
1Krón 26:32	G0758	αρχοντες	N-NPM	LXX_WH
1Krón 26:32	G3965	πατριων	N-GPF	LXX_WH
1Krón 26:32	G2532	και	CONJ	LXX_WH
1Krón 26:32	G2525	κατεστησεν	V-AAI-3S	LXX_WH
1Krón 26:32	G0846	αυτους	D-APM	LXX_WH
1Krón 26:32		δαυιδ	N-PRI	ELTERO_SZOVEGALAP
1Krón 26:32	G3588	ο	T-NSM	LXX_WH
1Krón 26:32	G0935	βασιλευς	N-NSM	LXX_WH
1Krón 26:32	G1909	επι	PREP	LXX_WH
1Krón 26:32	G3588	του	T-GSM	LXX_WH
1Krón 26:32		ρουβηνι	N-PRI	
1Krón 26:32	G2532	και	CONJ	LXX_WH
1Krón 26:32		γαδδι	N-PRI	ELTERO_SZOVEGALAP
1Krón 26:32	G2532	και	CONJ	LXX_WH
1Krón 26:32	G2255	ημισους	A-GSN	ABP-potolt
1Krón 26:32	G5443	φυλης	N-GSF	LXX_WH
1Krón 26:32		μανασση	N-PRI	ELTERO_SZOVEGALAP
1Krón 26:32	G1519	εις	PREP	LXX_WH
1Krón 26:32	G3956	παν	A-ASN	LXX_WH
1Krón 26:32		προσταγμα	N-ASN	ELTERO_SZOVEGALAP
1Krón 26:32	G2962	κυριου	N-GSM	LXX_WH
1Krón 26:32	G2532	και	CONJ	LXX_WH
1Krón 26:32	G3056	λογον	N-ASM	LXX_WH
1Krón 26:32	G0935	βασιλεως	N-GSM	LXX_WH
1Krón 27:1	G2532	και	CONJ	LXX_WH
1Krón 27:1	G5207	υιοι	N-NPM	LXX_WH
1Krón 27:1	G2474	ισραηλ	N-PRI	LXX_WH
1Krón 27:1	G2596	κατ	PREP	LXX_WH
1Krón 27:1	G0706	αριθμον	N-ASM	LXX_WH
1Krón 27:1	G0846	αυτων	D-GPM	LXX_WH
1Krón 27:1	G0758	αρχοντες	N-NPM	LXX_WH
1Krón 27:1	G3588	των	T-GPF	LXX_WH
1Krón 27:1	G3965	πατριων	N-GPF	LXX_WH
1Krón 27:1	G5506	χιλιαρχοι	N-NPM	LXX_WH
1Krón 27:1	G2532	και	CONJ	LXX_WH
1Krón 27:1	G1543	εκατονταρχοι	N-NPM	ABP-potolt
1Krón 27:1	G2532	και	CONJ	LXX_WH
1Krón 27:1	G1122	γραμματεις	N-NPM	LXX_WH
1Krón 27:1	G3588	οι	T-NPM	LXX_WH
1Krón 27:1	G3008	λειτουργουντες	V-PAPNP	LXX_WH
1Krón 27:1	G3588	τω	T-DSM	LXX_WH
1Krón 27:1	G2992	λαω	N-DSM	LXX_WH
1Krón 27:1	G2532	και	CONJ	LXX_WH
1Krón 27:1	G1519	εις	PREP	LXX_WH
1Krón 27:1	G3956	παν	A-ASN	LXX_WH
1Krón 27:1	G3056	λογον	N-ASM	LXX_WH
1Krón 27:1	G3588	του	T-GSM	LXX_WH
1Krón 27:1	G0935	βασιλεως	N-GSM	LXX_WH
1Krón 27:1	G2596	κατα	PREP	LXX_WH
1Krón 27:1	G1243	διαιρεσεις	N-APF	ABP-potolt
1Krón 27:1	G1519	εις	PREP	LXX_WH
1Krón 27:1	G3956	παν	A-ASN	LXX_WH
1Krón 27:1	G3056	λογον	N-ASM	LXX_WH
1Krón 27:1	G3588	του	T-GSM	LXX_WH
1Krón 27:1	G1531	εισπορευομενου	V-PMPGS	LXX_WH
1Krón 27:1	G2532	και	CONJ	LXX_WH
1Krón 27:1	G1607	εκπορευομενου	V-PMPGS	LXX_WH
1Krón 27:1	G3303	μηνα	N-ASM	LXX_WH
1Krón 27:1	G1537	εκ	PREP	LXX_WH
1Krón 27:1	G3303	μηνος	N-GSM	LXX_WH
1Krón 27:1	G1519	εις	PREP	LXX_WH
1Krón 27:1	G3956	παντας	A-APM	LXX_WH
1Krón 27:1	G3588	τους	T-APM	LXX_WH
1Krón 27:1	G3303	μηνας	N-APM	LXX_WH
1Krón 27:1	G3588	του	T-GSM	LXX_WH
1Krón 27:1	G1763	ενιαυτου	N-GSM	LXX_WH
1Krón 27:1		διαιρεσις	N-NSF	ELTERO_SZOVEGALAP
1Krón 27:1	G1519	μια	A-APF	LXX_WH
1Krón 27:1	G1501	εικοσι	N-NUI	LXX_WH
1Krón 27:1	G2532	και	CONJ	LXX_WH
1Krón 27:1	G5064	τεσσαρες	A-NPF	LXX_WH
1Krón 27:1	G5505	χιλιαδες	N-NPF	LXX_WH
1Krón 27:2	G2532	και	CONJ	LXX_WH
1Krón 27:2	G1909	επι	PREP	LXX_WH
1Krón 27:2	G3588	της	T-GSF	LXX_WH
1Krón 27:2		διαιρεσεως	N-GSF	
1Krón 27:2	G3588	της	T-GSF	LXX_WH
1Krón 27:2	G4413	πρωτης	A-GSFS	LXX_WH
1Krón 27:2	G3588	του	T-GSM	LXX_WH
1Krón 27:2	G3303	μηνος	N-GSM	LXX_WH
1Krón 27:2	G3588	του	T-GSM	LXX_WH
1Krón 27:2	G4413	πρωτου	A-GSMS	LXX_WH
1Krón 27:2	G3588	ιεσβοαμ	N-PRI	ABP-potolt
1Krón 27:2	G3588	ο	T-NSM	LXX_WH
1Krón 27:2	G3588	του	T-GSM	LXX_WH
1Krón 27:2	G3588	ζαβδιηλ	N-PRI	ABP-potolt
1Krón 27:2	G2532	και	CONJ	LXX_WH
1Krón 27:2	G1909	επι	PREP	LXX_WH
1Krón 27:2	G3588	της	T-GSF	LXX_WH
1Krón 27:2		διαιρεσεως	N-GSF	ELTERO_SZOVEGALAP
1Krón 27:2	G0846	αυτου	D-GSM	LXX_WH
1Krón 27:2	G1501	εικοσι	N-NUI	LXX_WH
1Krón 27:2	G2532	και	CONJ	LXX_WH
1Krón 27:2	G5064	τεσσαρες	A-NPF	LXX_WH
1Krón 27:2	G5505	χιλιαδες	N-NPF	LXX_WH
1Krón 27:3	G0575	απο	PREP	LXX_WH
1Krón 27:3	G3588	των	T-GPM	LXX_WH
1Krón 27:3	G5207	υιων	N-GPM	LXX_WH
1Krón 27:3	G5329	φαρες	N-PRI	LXX_WH
1Krón 27:3	G0758	αρχων	N-NSM	LXX_WH
1Krón 27:3	G3956	παντων	A-GPM	LXX_WH
1Krón 27:3	G3588	των	T-GPM	LXX_WH
1Krón 27:3	G0758	αρχοντων	N-GPM	LXX_WH
1Krón 27:3	G3588	της	T-GSF	LXX_WH
1Krón 27:3	G1411	δυναμεως	N-GSF	LXX_WH
1Krón 27:3	G3588	του	T-GSM	LXX_WH
1Krón 27:3	G3303	μηνος	N-GSM	LXX_WH
1Krón 27:3	G3588	του	T-GSM	LXX_WH
1Krón 27:3	G4413	πρωτου	A-GSMS	LXX_WH
1Krón 27:4	G2532	και	CONJ	LXX_WH
1Krón 27:4	G1909	επι	PREP	LXX_WH
1Krón 27:4	G3588	της	T-GSF	LXX_WH
1Krón 27:4		διαιρεσεως	N-GSF	
1Krón 27:4	G3588	του	T-GSM	LXX_WH
1Krón 27:4	G3303	μηνος	N-GSM	LXX_WH
1Krón 27:4	G3588	του	T-GSM	LXX_WH
1Krón 27:4	G1208	δευτερου	A-GSM	LXX_WH
1Krón 27:4		δωδια	N-PRI	ELTERO_SZOVEGALAP
1Krón 27:4	G3588	ο	T-NSM	LXX_WH
1Krón 27:4		εχωχι	N-PRI	
1Krón 27:4	G2532	και	CONJ	LXX_WH
1Krón 27:4	G1909	επι	PREP	LXX_WH
1Krón 27:4	G3588	της	T-GSF	LXX_WH
1Krón 27:4		διαιρεσεως	N-GSF	ELTERO_SZOVEGALAP
1Krón 27:4	G0846	αυτου	D-GSM	LXX_WH
1Krón 27:4	G1501	εικοσι	N-NUI	LXX_WH
1Krón 27:4	G2532	και	CONJ	LXX_WH
1Krón 27:4	G5064	τεσσαρες	A-NPF	LXX_WH
1Krón 27:4	G5505	χιλιαδες	N-NPF	LXX_WH
1Krón 27:4	G0758	αρχοντες	N-NPM	LXX_WH
1Krón 27:4	G1411	δυναμεως	N-GSF	LXX_WH
1Krón 27:5	G3588	ο	T-NSM	LXX_WH
1Krón 27:5	G5154	τριτος	A-NSM	LXX_WH
1Krón 27:5	G3588	τον	T-ASM	LXX_WH
1Krón 27:5	G3303	μηνα	N-ASM	LXX_WH
1Krón 27:5	G3588	τον	T-ASM	LXX_WH
1Krón 27:5	G5154	τριτον	A-ASM	LXX_WH
1Krón 27:5	G3588	βαναιας	N-NSM	ABP-potolt
1Krón 27:5	G3588	ο	T-NSM	LXX_WH
1Krón 27:5	G3588	του	T-GSM	LXX_WH
1Krón 27:5		ιωδαε	N-PRI	
1Krón 27:5	G3588	ο	T-NSM	LXX_WH
1Krón 27:5	G2409	ιερευς	N-NSM	LXX_WH
1Krón 27:5	G3588	ο	T-NSM	LXX_WH
1Krón 27:5	G0758	αρχων	N-NSM	LXX_WH
1Krón 27:5	G2532	και	CONJ	LXX_WH
1Krón 27:5	G1909	επι	PREP	LXX_WH
1Krón 27:5	G3588	της	T-GSF	LXX_WH
1Krón 27:5		διαιρεσεως	N-GSF	ELTERO_SZOVEGALAP
1Krón 27:5	G0846	αυτου	D-GSM	LXX_WH
1Krón 27:5	G5064	τεσσαρες	A-NPM	LXX_WH
1Krón 27:5	G2532	και	CONJ	LXX_WH
1Krón 27:5	G1501	εικοσι	N-NUI	LXX_WH
1Krón 27:5	G5505	χιλιαδες	N-NPF	LXX_WH
1Krón 27:6	G0846	αυτος	D-NSM	LXX_WH
1Krón 27:6		βαναιας	N-NSM	ELTERO_SZOVEGALAP
1Krón 27:6	G1415	δυνατωτερος	A-NSM	LXX_WH
1Krón 27:6	G3588	των	T-GPM	LXX_WH
1Krón 27:6	G5144	τριακοντα	N-NUI	LXX_WH
1Krón 27:6	G2532	και	CONJ	LXX_WH
1Krón 27:6	G1909	επι	PREP	LXX_WH
1Krón 27:6	G3588	των	T-GPM	LXX_WH
1Krón 27:6	G5144	τριακοντα	N-NUI	LXX_WH
1Krón 27:6	G2532	και	CONJ	LXX_WH
1Krón 27:6	G1909	επι	PREP	LXX_WH
1Krón 27:6	G3588	της	T-GSF	LXX_WH
1Krón 27:6		διαιρεσεως	N-GSF	ELTERO_SZOVEGALAP
1Krón 27:6	G0846	αυτου	D-GSM	LXX_WH
1Krón 27:6		αμιζαβαθ	N-PRI	ELTERO_SZOVEGALAP
1Krón 27:6	G5207	υιος	N-NSM	LXX_WH
1Krón 27:6	G0846	αυτου	D-GSM	LXX_WH
1Krón 27:7	G3588	ο	T-NSM	LXX_WH
1Krón 27:7	G5067	τεταρτος	A-NSM	LXX_WH
1Krón 27:7	G1519	εις	PREP	LXX_WH
1Krón 27:7	G3588	τον	T-ASM	LXX_WH
1Krón 27:7	G3303	μηνα	N-ASM	LXX_WH
1Krón 27:7	G3588	τον	T-ASM	LXX_WH
1Krón 27:7	G5067	τεταρτον	A-ASM	LXX_WH
1Krón 27:7	G1519	ασαηλ	N-PRI	ABP-potolt
1Krón 27:7	G3588	ο	T-NSM	LXX_WH
1Krón 27:7	G0080	αδελφος	N-NSM	LXX_WH
1Krón 27:7	G3694	ιωαβ	N-PRI	ABP-potolt
1Krón 27:7	G2532	και	CONJ	LXX_WH
1Krón 27:7	G1909	ζαβδιας	N-NSM	ABP-potolt
1Krón 27:7	G3588	ο	T-NSM	LXX_WH
1Krón 27:7	G5207	υιος	N-NSM	LXX_WH
1Krón 27:7	G0846	αυτου	D-GSM	LXX_WH
1Krón 27:7	G2532	και	CONJ	LXX_WH
1Krón 27:7	G3588	οι	T-NPM	LXX_WH
1Krón 27:7	G0080	αδελφοι	N-NPM	LXX_WH
1Krón 27:7	G2532	και	CONJ	LXX_WH
1Krón 27:7	G1909	επι	PREP	LXX_WH
1Krón 27:7	G3588	της	T-GSF	LXX_WH
1Krón 27:7		διαιρεσεως	N-GSF	ELTERO_SZOVEGALAP
1Krón 27:7	G0846	αυτου	D-GSM	LXX_WH
1Krón 27:7	G5064	τεσσαρες	A-NPM	LXX_WH
1Krón 27:7	G2532	και	CONJ	LXX_WH
1Krón 27:7	G1501	εικοσι	N-NUI	LXX_WH
1Krón 27:7	G5505	χιλιαδες	N-NPF	LXX_WH
1Krón 27:8	G3588	ο	T-NSM	LXX_WH
1Krón 27:8	G3991	πεμπτος	A-NSM	LXX_WH
1Krón 27:8	G3588	τω	T-DSM	LXX_WH
1Krón 27:8	G3303	μηνι	N-DSM	LXX_WH
1Krón 27:8	G3588	τω	T-DSM	LXX_WH
1Krón 27:8	G3991	πεμπτω	A-DSM	LXX_WH
1Krón 27:8	G3588	ο	T-NSM	LXX_WH
1Krón 27:8	G2233	ηγουμενος	V-PMPNS	LXX_WH
1Krón 27:8		σαμαωθ	N-PRI	ELTERO_SZOVEGALAP
1Krón 27:8	G3588	ο	T-NSM	LXX_WH
1Krón 27:8		ιεσραε	N-PRI	ELTERO_SZOVEGALAP
1Krón 27:8	G2532	και	CONJ	LXX_WH
1Krón 27:8	G1909	επι	PREP	LXX_WH
1Krón 27:8	G3588	της	T-GSF	LXX_WH
1Krón 27:8		διαιρεσεως	N-GSF	ELTERO_SZOVEGALAP
1Krón 27:8	G0846	αυτου	D-GSM	LXX_WH
1Krón 27:8	G1501	εικοσι	N-NUI	LXX_WH
1Krón 27:8	G5064	τεσσαρες	A-NPM	LXX_WH
1Krón 27:8	G5505	χιλιαδες	N-NPF	LXX_WH
1Krón 27:9	G3588	ο	T-NSM	LXX_WH
1Krón 27:9	G1622	εκτος	A-NSM	LXX_WH
1Krón 27:9	G3588	τω	T-DSM	LXX_WH
1Krón 27:9	G3303	μηνι	N-DSM	LXX_WH
1Krón 27:9	G3588	τω	T-DSM	LXX_WH
1Krón 27:9	G1622	εκτω	A-DSM	LXX_WH
1Krón 27:9	G5207	οδουιας	N-NSM	ABP-potolt
1Krón 27:9	G3588	ο	T-NSM	LXX_WH
1Krón 27:9	G3588	του	T-GSM	LXX_WH
1Krón 27:9		εκκης	N-PRI	
1Krón 27:9	G3588	ο	T-NSM	LXX_WH
1Krón 27:9		θεκωιτης	N-NSM	ELTERO_SZOVEGALAP
1Krón 27:9	G2532	και	CONJ	LXX_WH
1Krón 27:9	G1909	επι	PREP	LXX_WH
1Krón 27:9	G3588	της	T-GSF	LXX_WH
1Krón 27:9		διαιρεσεως	N-GSF	ELTERO_SZOVEGALAP
1Krón 27:9	G0846	αυτου	D-GSM	LXX_WH
1Krón 27:9	G5064	τεσσαρες	A-NPM	LXX_WH
1Krón 27:9	G2532	και	CONJ	LXX_WH
1Krón 27:9	G1501	εικοσι	N-NUI	LXX_WH
1Krón 27:9	G5505	χιλιαδες	N-NPF	LXX_WH
1Krón 27:10	G3588	ο	T-NSM	LXX_WH
1Krón 27:10	G1442	εβδομος	A-NSM	LXX_WH
1Krón 27:10	G3588	τω	T-DSM	LXX_WH
1Krón 27:10	G3303	μηνι	N-DSM	LXX_WH
1Krón 27:10	G3588	τω	T-DSM	LXX_WH
1Krón 27:10	G1442	εβδομω	A-DSM	LXX_WH
1Krón 27:10		χελλης	N-NSM	ELTERO_SZOVEGALAP
1Krón 27:10	G3588	ο	T-NSM	LXX_WH
1Krón 27:10	G1537	εκ	PREP	LXX_WH
1Krón 27:10		φαλλους	N-PRI	ELTERO_SZOVEGALAP
1Krón 27:10	G0575	απο	PREP	LXX_WH
1Krón 27:10	G3588	των	T-GPM	LXX_WH
1Krón 27:10	G5207	υιων	N-GPM	LXX_WH
1Krón 27:10	G2187	εφραιμ	N-PRI	LXX_WH
1Krón 27:10	G2532	και	CONJ	LXX_WH
1Krón 27:10	G1909	επι	PREP	LXX_WH
1Krón 27:10	G3588	της	T-GSF	LXX_WH
1Krón 27:10		διαιρεσεως	N-GSF	ELTERO_SZOVEGALAP
1Krón 27:10	G0846	αυτου	D-GSM	LXX_WH
1Krón 27:10	G5064	τεσσαρες	A-NPM	LXX_WH
1Krón 27:10	G2532	και	CONJ	LXX_WH
1Krón 27:10	G1501	εικοσι	N-NUI	LXX_WH
1Krón 27:10	G5505	χιλιαδες	N-NPF	LXX_WH
1Krón 27:11	G3588	ο	T-NSM	LXX_WH
1Krón 27:11	G3590	ογδοος	A-NSM	LXX_WH
1Krón 27:11	G3588	τω	T-DSM	LXX_WH
1Krón 27:11	G3303	μηνι	N-DSM	LXX_WH
1Krón 27:11	G3588	τω	T-DSM	LXX_WH
1Krón 27:11	G3590	ογδοω	A-DSM	LXX_WH
1Krón 27:11	G3588	σοβοχαι	N-PRI	ABP-potolt
1Krón 27:11	G3588	ο	T-NSM	LXX_WH
1Krón 27:11		ισαθι	N-PRI	
1Krón 27:11	G3588	τω	T-DSM	LXX_WH
1Krón 27:11	G3588	ζαραι	N-PRI	ABP-potolt
1Krón 27:11	G2532	και	CONJ	LXX_WH
1Krón 27:11	G1909	επι	PREP	LXX_WH
1Krón 27:11	G3588	της	T-GSF	LXX_WH
1Krón 27:11		διαιρεσεως	N-GSF	ELTERO_SZOVEGALAP
1Krón 27:11	G0846	αυτου	D-GSM	LXX_WH
1Krón 27:11	G5064	τεσσαρες	A-NPM	LXX_WH
1Krón 27:11	G2532	και	CONJ	LXX_WH
1Krón 27:11	G1501	εικοσι	N-NUI	LXX_WH
1Krón 27:11	G5505	χιλιαδες	N-NPF	LXX_WH
1Krón 27:12	G3588	ο	T-NSM	LXX_WH
1Krón 27:12		ενατος	A-NSM	
1Krón 27:12	G3588	τω	T-DSM	LXX_WH
1Krón 27:12	G3303	μηνι	N-DSM	LXX_WH
1Krón 27:12	G3588	τω	T-DSM	LXX_WH
1Krón 27:12		ενατω	A-DSM	
1Krón 27:12		αβιεζερ	N-PRI	
1Krón 27:12	G3588	ο	T-NSM	LXX_WH
1Krón 27:12	G1537	εξ	PREP	LXX_WH
1Krón 27:12		αναθωθ	N-PRI	ELTERO_SZOVEGALAP
1Krón 27:12	G1537	εκ	PREP	LXX_WH
1Krón 27:12	G1065	γης	N-GSF	LXX_WH
1Krón 27:12	G0958	βενιαμιν	N-PRI	LXX_WH
1Krón 27:12	G2532	και	CONJ	LXX_WH
1Krón 27:12	G1909	επι	PREP	LXX_WH
1Krón 27:12	G3588	της	T-GSF	LXX_WH
1Krón 27:12		διαιρεσεως	N-GSF	ELTERO_SZOVEGALAP
1Krón 27:12	G0846	αυτου	D-GSM	LXX_WH
1Krón 27:12	G5064	τεσσαρες	A-NPM	LXX_WH
1Krón 27:12	G2532	και	CONJ	LXX_WH
1Krón 27:12	G1501	εικοσι	N-NUI	LXX_WH
1Krón 27:12	G5505	χιλιαδες	N-NPF	LXX_WH
1Krón 27:13	G3588	ο	T-NSM	LXX_WH
1Krón 27:13	G1182	δεκατος	A-NSM	LXX_WH
1Krón 27:13	G3588	τω	T-DSM	LXX_WH
1Krón 27:13	G3303	μηνι	N-DSM	LXX_WH
1Krón 27:13	G3588	τω	T-DSM	LXX_WH
1Krón 27:13	G1182	δεκατω	A-DSM	LXX_WH
1Krón 27:13		μεηρα	N-PRI	ELTERO_SZOVEGALAP
1Krón 27:13	G3588	ο	T-NSM	LXX_WH
1Krón 27:13	G1537	εκ	PREP	LXX_WH
1Krón 27:13		νετουφατ	N-PRI	ELTERO_SZOVEGALAP
1Krón 27:13	G3588	τω	T-DSM	LXX_WH
1Krón 27:13		ζαραι	N-PRI	ELTERO_SZOVEGALAP
1Krón 27:13	G2532	και	CONJ	LXX_WH
1Krón 27:13	G1909	επι	PREP	LXX_WH
1Krón 27:13	G3588	της	T-GSF	LXX_WH
1Krón 27:13		διαιρεσεως	N-GSF	ELTERO_SZOVEGALAP
1Krón 27:13	G0846	αυτου	D-GSM	LXX_WH
1Krón 27:13	G5064	τεσσαρες	A-NPM	LXX_WH
1Krón 27:13	G2532	και	CONJ	LXX_WH
1Krón 27:13	G1501	εικοσι	N-NUI	LXX_WH
1Krón 27:13	G5505	χιλιαδες	N-NPF	LXX_WH
1Krón 27:14	G3588	ο	T-NSM	LXX_WH
1Krón 27:14	G1734	ενδεκατος	A-NSM	LXX_WH
1Krón 27:14	G3588	τω	T-DSM	LXX_WH
1Krón 27:14	G3303	μηνι	N-DSM	LXX_WH
1Krón 27:14	G3588	τω	T-DSM	LXX_WH
1Krón 27:14	G1734	ενδεκατω	A-DSM	LXX_WH
1Krón 27:14		βαναιας	N-NSM	ELTERO_SZOVEGALAP
1Krón 27:14	G3588	ο	T-NSM	LXX_WH
1Krón 27:14	G1537	εκ	PREP	LXX_WH
1Krón 27:14	G1537	φαραθων	N-PRI	ABP-potolt
1Krón 27:14	G3588	των	T-GPM	LXX_WH
1Krón 27:14	G5207	υιων	N-GPM	LXX_WH
1Krón 27:14	G2187	εφραιμ	N-PRI	LXX_WH
1Krón 27:14	G2532	και	CONJ	LXX_WH
1Krón 27:14	G1909	επι	PREP	LXX_WH
1Krón 27:14	G3588	της	T-GSF	LXX_WH
1Krón 27:14		διαιρεσεως	N-GSF	ELTERO_SZOVEGALAP
1Krón 27:14	G0846	αυτου	D-GSM	LXX_WH
1Krón 27:14	G5064	τεσσαρες	A-NPM	LXX_WH
1Krón 27:14	G2532	και	CONJ	LXX_WH
1Krón 27:14	G1501	εικοσι	N-NUI	LXX_WH
1Krón 27:14	G5505	χιλιαδες	N-NPF	LXX_WH
1Krón 27:15	G3588	ο	T-NSM	LXX_WH
1Krón 27:15	G1428	δωδεκατος	A-NSM	LXX_WH
1Krón 27:15	G1519	εις	PREP	LXX_WH
1Krón 27:15	G3588	τον	T-ASM	LXX_WH
1Krón 27:15	G3303	μηνα	N-ASM	LXX_WH
1Krón 27:15	G3588	τον	T-ASM	LXX_WH
1Krón 27:15	G1428	δωδεκατον	A-ASM	LXX_WH
1Krón 27:15		χολδαι	N-PRI	
1Krón 27:15	G3588	ο	T-NSM	LXX_WH
1Krón 27:15		νετωφατι	N-PRI	
1Krón 27:15	G3588	τω	T-DSM	LXX_WH
1Krón 27:15	G3588	γοθονιηλ	N-PRI	ABP-potolt
1Krón 27:15	G2532	και	CONJ	LXX_WH
1Krón 27:15	G1909	επι	PREP	LXX_WH
1Krón 27:15	G3588	της	T-GSF	LXX_WH
1Krón 27:15		διαιρεσεως	N-GSF	ELTERO_SZOVEGALAP
1Krón 27:15	G0846	αυτου	D-GSM	LXX_WH
1Krón 27:15	G5064	τεσσαρες	A-NPM	LXX_WH
1Krón 27:15	G2532	και	CONJ	LXX_WH
1Krón 27:15	G1501	εικοσι	N-NUI	LXX_WH
1Krón 27:15	G5505	χιλιαδες	N-NPF	LXX_WH
1Krón 27:16	G2532	και	CONJ	LXX_WH
1Krón 27:16	G1909	επι	PREP	LXX_WH
1Krón 27:16	G3588	των	T-GPF	LXX_WH
1Krón 27:16	G5443	φυλων	N-GPF	LXX_WH
1Krón 27:16	G2474	ισραηλ	N-PRI	LXX_WH
1Krón 27:16	G3588	τω	T-DSM	LXX_WH
1Krón 27:16		ρουβην	N-PRI	ELTERO_SZOVEGALAP
1Krón 27:16	G2233	ηγουμενος	V-PMPNS	LXX_WH
1Krón 27:16	G1663	ελιεζερ	N-PRI	LXX_WH
1Krón 27:16	G3588	ο	T-NSM	LXX_WH
1Krón 27:16	G3588	του	T-GSM	LXX_WH
1Krón 27:16		ζεχρι	N-PRI	
1Krón 27:16	G3588	τω	T-DSM	LXX_WH
1Krón 27:16	G4826	συμεων	N-PRI	LXX_WH
1Krón 27:16		σαφατιας	N-NSM	ELTERO_SZOVEGALAP
1Krón 27:16	G3588	ο	T-NSM	LXX_WH
1Krón 27:16	G3588	του	T-GSM	LXX_WH
1Krón 27:16	G3588	μααχα	N-PRI	ABP-potolt
1Krón 27:17	G3588	τω	T-DSM	LXX_WH
1Krón 27:17	G3017	λευι	N-PRI	LXX_WH
1Krón 27:17		ασαβιας	N-NSM	ELTERO_SZOVEGALAP
1Krón 27:17	G3588	ο	T-NSM	LXX_WH
1Krón 27:17	G3588	του	T-GSM	LXX_WH
1Krón 27:17	G5207	καμουηλ	N-PRI	ABP-potolt
1Krón 27:17	G3588	τω	T-DSM	LXX_WH
1Krón 27:17	G0002	ααρων	N-PRI	LXX_WH
1Krón 27:17	G4524	σαδωκ	N-PRI	LXX_WH
1Krón 27:18	G3588	τω	T-DSM	LXX_WH
1Krón 27:18	G2448	ιουδα	N-PRI	LXX_WH
1Krón 27:18		ελιαβ	N-PRI	ELTERO_SZOVEGALAP
1Krón 27:18	G3588	των	T-GPM	LXX_WH
1Krón 27:18	G0080	αδελφων	N-GPM	LXX_WH
1Krón 27:18	G3588	δαυιδ	N-PRI	ABP-potolt
1Krón 27:18	G3588	τω	T-DSM	LXX_WH
1Krón 27:18		ισσαχαρ	N-PRI	
1Krón 27:18		αμβρι	N-PRI	
1Krón 27:18	G3588	ο	T-NSM	LXX_WH
1Krón 27:18	G3588	του	T-GSM	LXX_WH
1Krón 27:18	G3413	μιχαηλ	N-PRI	LXX_WH
1Krón 27:19	G3588	τω	T-DSM	LXX_WH
1Krón 27:19	G2194	ζαβουλων	N-PRI	LXX_WH
1Krón 27:19		σαμαιας	N-NSM	ELTERO_SZOVEGALAP
1Krón 27:19	G3588	ο	T-NSM	LXX_WH
1Krón 27:19	G3588	του	T-GSM	LXX_WH
1Krón 27:19	G3588	αβδιου	N-PRI	ABP-potolt
1Krón 27:19	G3588	τω	T-DSM	LXX_WH
1Krón 27:19	G3588	νεφθαλι	N-PRI	ABP-potolt
1Krón 27:19	G3588	ιεριμωθ	N-PRI	ABP-potolt
1Krón 27:19	G3588	ο	T-NSM	LXX_WH
1Krón 27:19	G3588	του	T-GSM	LXX_WH
1Krón 27:19	G3588	εσριηλ	N-PRI	ABP-potolt
1Krón 27:20	G3588	τω	T-DSM	LXX_WH
1Krón 27:20	G2187	εφραιμ	N-PRI	LXX_WH
1Krón 27:20		ωση	N-PRI	ELTERO_SZOVEGALAP
1Krón 27:20	G3588	ο	T-NSM	LXX_WH
1Krón 27:20	G3588	του	T-GSM	LXX_WH
1Krón 27:20	G3588	οζιου	N-PRI	ABP-potolt
1Krón 27:20	G3588	τω	T-DSM	LXX_WH
1Krón 27:20	G2255	ημισει	A-DSM	ABP-potolt
1Krón 27:20	G5443	φυλης	N-GSF	LXX_WH
1Krón 27:20		μανασση	N-PRI	ELTERO_SZOVEGALAP
1Krón 27:20	G2493	ιωηλ	N-PRI	LXX_WH
1Krón 27:20	G3588	ο	T-NSM	LXX_WH
1Krón 27:20	G3588	του	T-GSM	LXX_WH
1Krón 27:20		φαδαια	N-PRI	ELTERO_SZOVEGALAP
1Krón 27:21	G3588	τω	T-DSM	LXX_WH
1Krón 27:21	G2255	ημισει	A-DSM	ABP-potolt
1Krón 27:21	G5443	φυλης	N-GSF	LXX_WH
1Krón 27:21		μανασση	N-PRI	ELTERO_SZOVEGALAP
1Krón 27:21	G3588	τω	T-DSM	LXX_WH
1Krón 27:21	G1722	εν	PREP	LXX_WH
1Krón 27:21	G3588	τη	T-DSF	LXX_WH
1Krón 27:21		γαλααδ	N-PRI	
1Krón 27:21		ιαδδαι	N-PRI	
1Krón 27:21	G3588	ο	T-NSM	LXX_WH
1Krón 27:21	G3588	του	T-GSM	LXX_WH
1Krón 27:21		ζαβδιου	N-PRI	
1Krón 27:21	G3588	τοις	T-DPM	LXX_WH
1Krón 27:21	G5207	υιοις	N-DPM	LXX_WH
1Krón 27:21	G0958	βενιαμιν	N-PRI	LXX_WH
1Krón 27:21		ασιηλ	N-PRI	ELTERO_SZOVEGALAP
1Krón 27:21	G3588	ο	T-NSM	LXX_WH
1Krón 27:21	G3588	του	T-GSM	LXX_WH
1Krón 27:21	G3588	αβεννηρ	N-PRI	ABP-potolt
1Krón 27:22	G3588	τω	T-DSM	LXX_WH
1Krón 27:22		δαν	N-PRI	
1Krón 27:22		αζαραηλ	N-PRI	
1Krón 27:22	G3588	ο	T-NSM	LXX_WH
1Krón 27:22	G3588	του	T-GSM	LXX_WH
1Krón 27:22	G2496	ιωραμ	N-PRI	LXX_WH
1Krón 27:22	G3778	ουτοι	D-NPM	LXX_WH
1Krón 27:22	G3966	πατριαρχαι	N-NPM	LXX_WH
1Krón 27:22	G3588	των	T-GPF	LXX_WH
1Krón 27:22	G5443	φυλων	N-GPF	LXX_WH
1Krón 27:22	G2474	ισραηλ	N-PRI	LXX_WH
1Krón 27:23	G2532	και	CONJ	LXX_WH
1Krón 27:23	G3364	ουκ	ADV	LXX_WH
1Krón 27:23	G2983	ελαβεν	V-AAI-3S	LXX_WH
1Krón 27:23		δαυιδ	N-PRI	ELTERO_SZOVEGALAP
1Krón 27:23	G3588	τον	T-ASM	LXX_WH
1Krón 27:23	G0706	αριθμον	N-ASM	LXX_WH
1Krón 27:23	G0846	αυτων	D-GPM	LXX_WH
1Krón 27:23	G0575	απο	PREP	LXX_WH
1Krón 27:23	G1500	εικοσαετους	A-GSM	ABP-potolt
1Krón 27:23	G2532	και	CONJ	LXX_WH
1Krón 27:23	G2736	κατω	ADV	LXX_WH
1Krón 27:23	G3754	οτι	CONJ	LXX_WH
1Krón 27:23	G2962	κυριος	N-NSM	LXX_WH
1Krón 27:23		ειπεν	V-AAI-3S	ELTERO_SZOVEGALAP
1Krón 27:23	G4129	πληθυναι	V-AAN	LXX_WH
1Krón 27:23	G3588	τον	T-ASM	LXX_WH
1Krón 27:23	G2474	ισραηλ	N-PRI	LXX_WH
1Krón 27:23	G3739	ως	CONJ	LXX_WH
1Krón 27:23	G3588	τους	T-APM	LXX_WH
1Krón 27:23	G0792	αστερας	N-APM	LXX_WH
1Krón 27:23	G3588	του	T-GSM	LXX_WH
1Krón 27:23	G3772	ουρανου	N-GSM	LXX_WH
1Krón 27:24	G2532	και	CONJ	LXX_WH
1Krón 27:24	G3588	ιωαβ	N-PRI	ABP-potolt
1Krón 27:24	G3588	ο	T-NSM	LXX_WH
1Krón 27:24	G3588	του	T-GSM	LXX_WH
1Krón 27:24		σαρουια	N-PRI	ELTERO_SZOVEGALAP
1Krón 27:24	G0757	ηρξατο	V-AMI-3S	LXX_WH
1Krón 27:24	G0705	αριθμειν	V-PAN	LXX_WH
1Krón 27:24	G1722	εν	PREP	LXX_WH
1Krón 27:24	G3588	τω	T-DSM	LXX_WH
1Krón 27:24	G2992	λαω	N-DSM	LXX_WH
1Krón 27:24	G2532	και	CONJ	LXX_WH
1Krón 27:24	G3364	ου	ADV	LXX_WH
1Krón 27:24	G4931	συνετελεσεν	V-AAI-3S	LXX_WH
1Krón 27:24	G2532	και	CONJ	LXX_WH
1Krón 27:24	G1096	εγενετο	V-AMI-3S	LXX_WH
1Krón 27:24	G1722	εν	PREP	LXX_WH
1Krón 27:24	G3778	τουτοις	D-DPM	LXX_WH
1Krón 27:24	G3709	οργη	N-NSF	LXX_WH
1Krón 27:24	G1909	επι	PREP	LXX_WH
1Krón 27:24	G3588	τον	T-ASM	LXX_WH
1Krón 27:24	G2474	ισραηλ	N-PRI	LXX_WH
1Krón 27:24	G2532	και	CONJ	LXX_WH
1Krón 27:24	G3364	ου	ADV	LXX_WH
1Krón 27:24		κατεχωρισθη	V-API-3S	ELTERO_SZOVEGALAP
1Krón 27:24	G3588	ο	T-NSM	LXX_WH
1Krón 27:24	G0706	αριθμος	N-NSM	LXX_WH
1Krón 27:24	G1722	εν	PREP	LXX_WH
1Krón 27:24	G0975	βιβλιω	N-DSN	LXX_WH
1Krón 27:24	G3056	λογων	N-GPM	LXX_WH
1Krón 27:24	G3588	των	T-GPF	LXX_WH
1Krón 27:24	G2250	ημερων	N-GPF	LXX_WH
1Krón 27:24	G3588	του	T-GSM	LXX_WH
1Krón 27:24	G0935	βασιλεως	N-GSM	LXX_WH
1Krón 27:24		δαυιδ	N-PRI	ELTERO_SZOVEGALAP
1Krón 27:25	G2532	και	CONJ	LXX_WH
1Krón 27:25	G1909	επι	PREP	LXX_WH
1Krón 27:25	G3588	των	T-GPM	LXX_WH
1Krón 27:25	G2344	θησαυρων	N-GPM	LXX_WH
1Krón 27:25	G3588	του	T-GSM	LXX_WH
1Krón 27:25	G0935	βασιλεως	N-GSM	LXX_WH
1Krón 27:25	G3588	ασμωθ	N-PRI	ABP-potolt
1Krón 27:25	G3588	ο	T-NSM	LXX_WH
1Krón 27:25	G3588	του	T-GSM	LXX_WH
1Krón 27:25		ωδιηλ	N-PRI	
1Krón 27:25	G2532	και	CONJ	LXX_WH
1Krón 27:25	G1909	επι	PREP	LXX_WH
1Krón 27:25	G3588	των	T-GPM	LXX_WH
1Krón 27:25	G2344	θησαυρων	N-GPM	LXX_WH
1Krón 27:25	G3588	των	T-GPM	LXX_WH
1Krón 27:25	G1722	εν	PREP	LXX_WH
1Krón 27:25	G0068	αγρω	N-DSM	LXX_WH
1Krón 27:25	G2532	και	CONJ	LXX_WH
1Krón 27:25	G1722	εν	PREP	LXX_WH
1Krón 27:25	G3588	ταις	T-DPF	LXX_WH
1Krón 27:25	G2864	κωμαις	N-DPF	LXX_WH
1Krón 27:25	G2532	και	CONJ	LXX_WH
1Krón 27:25	G1722	εν	PREP	LXX_WH
1Krón 27:25	G3588	τοις	T-DPN	LXX_WH
1Krón 27:25		εποικιοις	N-DPN	
1Krón 27:25	G2532	και	CONJ	LXX_WH
1Krón 27:25	G1722	εν	PREP	LXX_WH
1Krón 27:25	G3588	τοις	T-DPM	LXX_WH
1Krón 27:25	G4444	πυργοις	N-DPM	LXX_WH
1Krón 27:25	G3588	ιωναθαν	N-PRI	ABP-potolt
1Krón 27:25	G3588	ο	T-NSM	LXX_WH
1Krón 27:25	G3588	του	T-GSM	LXX_WH
1Krón 27:25	G3588	οζιου	N-PRI	ABP-potolt
1Krón 27:26	G1909	επι	PREP	LXX_WH
1Krón 27:26	G1161	δε	PRT	LXX_WH
1Krón 27:26	G3588	των	T-GPM	LXX_WH
1Krón 27:26	G1090	γεωργουντων	V-PAPGP	LXX_WH
1Krón 27:26	G3588	την	T-ASF	LXX_WH
1Krón 27:26	G1065	γην	N-ASF	LXX_WH
1Krón 27:26	G3588	των	T-GPM	LXX_WH
1Krón 27:26	G2038	εργαζομενων	V-PMPGP	LXX_WH
1Krón 27:26	G3588	εσδρι	N-PRI	ABP-potolt
1Krón 27:26	G3588	ο	T-NSM	LXX_WH
1Krón 27:26	G3588	του	T-GSM	LXX_WH
1Krón 27:26	G3588	χολουβ	N-PRI	ABP-potolt
1Krón 27:27	G2532	και	CONJ	LXX_WH
1Krón 27:27	G1909	επι	PREP	LXX_WH
1Krón 27:27	G3588	των	T-GPN	LXX_WH
1Krón 27:27	G5564	χωριων	N-GPN	LXX_WH
1Krón 27:27	G4584	σεμει	N-PRI	LXX_WH
1Krón 27:27	G3588	ο	T-NSM	LXX_WH
1Krón 27:27	G1537	εκ	PREP	LXX_WH
1Krón 27:27		ραμα	N-PRI	ELTERO_SZOVEGALAP
1Krón 27:27	G2532	και	CONJ	LXX_WH
1Krón 27:27	G1909	επι	PREP	LXX_WH
1Krón 27:27	G3588	των	T-GPM	LXX_WH
1Krón 27:27	G2344	θησαυρων	N-GPM	LXX_WH
1Krón 27:27	G3588	των	T-GPM	LXX_WH
1Krón 27:27	G1722	εν	PREP	LXX_WH
1Krón 27:27	G3588	τοις	T-DPN	LXX_WH
1Krón 27:27	G5564	χωριοις	N-DPN	LXX_WH
1Krón 27:27	G3588	του	T-GSM	LXX_WH
1Krón 27:27	G3631	οινου	N-GSM	LXX_WH
1Krón 27:27	G3588	ζαχρι	N-PRI	ABP-potolt
1Krón 27:27	G3588	ο	T-NSM	LXX_WH
1Krón 27:27	G3588	του	T-GSM	LXX_WH
1Krón 27:27	G3588	σεφνι	N-PRI	ABP-potolt
1Krón 27:28	G2532	και	CONJ	LXX_WH
1Krón 27:28	G1909	επι	PREP	LXX_WH
1Krón 27:28	G3588	των	T-GPM	LXX_WH
1Krón 27:28	G1637	ελαιωνων	N-GPM	LXX_WH
1Krón 27:28	G2532	και	CONJ	LXX_WH
1Krón 27:28	G1909	επι	PREP	LXX_WH
1Krón 27:28	G3588	των	T-GPN	LXX_WH
1Krón 27:28	G4807	συκαμινων	N-GPF	LXX_WH
1Krón 27:28	G3588	των	T-GPN	LXX_WH
1Krón 27:28	G1722	εν	PREP	LXX_WH
1Krón 27:28	G3588	τη	T-DSF	LXX_WH
1Krón 27:28		πεδινη	A-DSF	
1Krón 27:28		βαλανας	N-PRI	
1Krón 27:28	G3588	ο	T-NSM	LXX_WH
1Krón 27:28	G2532	γεδωριτης	N-NSM	ABP-potolt
1Krón 27:28	G1909	επι	PREP	LXX_WH
1Krón 27:28	G1161	δε	PRT	LXX_WH
1Krón 27:28	G3588	των	T-GPM	LXX_WH
1Krón 27:28	G2344	θησαυρων	N-GPM	LXX_WH
1Krón 27:28	G3588	του	T-GSN	LXX_WH
1Krón 27:28	G1637	ελαιου	N-GSN	LXX_WH
1Krón 27:28		ιωας	N-PRI	ELTERO_SZOVEGALAP
1Krón 27:29	G2532	και	CONJ	LXX_WH
1Krón 27:29	G1909	επι	PREP	LXX_WH
1Krón 27:29	G3588	των	T-GPM	LXX_WH
1Krón 27:29	G1016	βοων	N-GPM	LXX_WH
1Krón 27:29	G3588	των	T-GPM	LXX_WH
1Krón 27:29		νομαδων	N-GPM	
1Krón 27:29	G3588	των	T-GPM	LXX_WH
1Krón 27:29	G1722	εν	PREP	LXX_WH
1Krón 27:29	G3588	τω	T-DSM	LXX_WH
1Krón 27:29		ασιδων	N-PRI	
1Krón 27:29		σατραις	N-PRI	
1Krón 27:29	G3588	ο	T-NSM	LXX_WH
1Krón 27:29	G3588	σαρωνιτης	N-NSM	ABP-potolt
1Krón 27:29	G2532	και	CONJ	LXX_WH
1Krón 27:29	G1909	επι	PREP	LXX_WH
1Krón 27:29	G3588	των	T-GPM	LXX_WH
1Krón 27:29	G1016	βοων	N-GPM	LXX_WH
1Krón 27:29	G3588	των	T-GPM	LXX_WH
1Krón 27:29	G1722	εν	PREP	LXX_WH
1Krón 27:29	G3588	τοις	T-DPM	LXX_WH
1Krón 27:29		αυλωσιν	N-DPM	
1Krón 27:29		σωφατ	N-PRI	
1Krón 27:29	G3588	ο	T-NSM	LXX_WH
1Krón 27:29	G3588	του	T-GSM	LXX_WH
1Krón 27:29		αδλι	N-PRI	ELTERO_SZOVEGALAP
1Krón 27:30	G1909	επι	PREP	LXX_WH
1Krón 27:30	G1161	δε	PRT	LXX_WH
1Krón 27:30	G3588	των	T-GPM	LXX_WH
1Krón 27:30	G2574	καμηλων	N-GPM	LXX_WH
1Krón 27:30		ωβιλ	N-PRI	ELTERO_SZOVEGALAP
1Krón 27:30	G3588	ο	T-NSM	LXX_WH
1Krón 27:30	G2532	ισμαηλιτης	N-NSM	ABP-potolt
1Krón 27:30	G1909	επι	PREP	LXX_WH
1Krón 27:30	G1161	δε	PRT	LXX_WH
1Krón 27:30	G3588	των	T-GPM	LXX_WH
1Krón 27:30	G3688	ονων	N-GPM	LXX_WH
1Krón 27:30		ιαδιας	N-NSM	ELTERO_SZOVEGALAP
1Krón 27:30	G3588	ο	T-NSM	LXX_WH
1Krón 27:30	G1537	εκ	PREP	LXX_WH
1Krón 27:30		μεραθων	N-PRI	ELTERO_SZOVEGALAP
1Krón 27:31	G2532	και	CONJ	LXX_WH
1Krón 27:31	G1909	επι	PREP	LXX_WH
1Krón 27:31	G3588	των	T-GPN	LXX_WH
1Krón 27:31	G4263	προβατων	N-GPN	LXX_WH
1Krón 27:31		ιαζιζ	N-PRI	ELTERO_SZOVEGALAP
1Krón 27:31	G3588	ο	T-NSM	LXX_WH
1Krón 27:31		αγαριτης	N-NSM	ELTERO_SZOVEGALAP
1Krón 27:31	G3956	παντες	A-NPM	LXX_WH
1Krón 27:31	G3778	ουτοι	D-NPM	LXX_WH
1Krón 27:31		προσταται	N-NPM	ELTERO_SZOVEGALAP
1Krón 27:31	G5225	υπαρχοντων	V-PAPGP	LXX_WH
1Krón 27:31		δαυιδ	N-PRI	ELTERO_SZOVEGALAP
1Krón 27:31	G3588	του	T-GSM	LXX_WH
1Krón 27:31	G0935	βασιλεως	N-GSM	LXX_WH
1Krón 27:32	G2532	και	CONJ	LXX_WH
1Krón 27:32	G3588	ιωναθαν	N-PRI	ABP-potolt
1Krón 27:32	G3588	ο	T-NSM	LXX_WH
1Krón 27:32	G3963	πατραδελφος	N-NSM	ABP-potolt
1Krón 27:32	G3963	δαυιδ	N-PRI	ABP-potolt
1Krón 27:32	G4825	συμβουλος	N-NSM	LXX_WH
1Krón 27:32	G0444	ανθρωπος	N-NSM	LXX_WH
1Krón 27:32	G4908	συνετος	A-NSM	LXX_WH
1Krón 27:32	G2532	και	CONJ	LXX_WH
1Krón 27:32	G1122	γραμματευς	N-NSM	LXX_WH
1Krón 27:32	G0846	αυτος	D-NSM	LXX_WH
1Krón 27:32	G2532	και	CONJ	LXX_WH
1Krón 27:32	G3588	ιιηλ	N-PRI	ABP-potolt
1Krón 27:32	G3588	ο	T-NSM	LXX_WH
1Krón 27:32	G3588	του	T-GSM	LXX_WH
1Krón 27:32	G3588	αχαμανι	N-PRI	ABP-potolt
1Krón 27:32	G3326	μετα	PREP	LXX_WH
1Krón 27:32	G3588	των	T-GPM	LXX_WH
1Krón 27:32	G5207	υιων	N-GPM	LXX_WH
1Krón 27:32	G3588	του	T-GSM	LXX_WH
1Krón 27:32	G0935	βασιλεως	N-GSM	LXX_WH
1Krón 27:33	G2532	και	CONJ	LXX_WH
1Krón 27:33		αχιτοφελ	N-PRI	
1Krón 27:33	G4825	συμβουλος	N-NSM	LXX_WH
1Krón 27:33	G3588	του	T-GSM	LXX_WH
1Krón 27:33	G0935	βασιλεως	N-GSM	LXX_WH
1Krón 27:33	G2532	και	CONJ	LXX_WH
1Krón 27:33	G3588	χουσι	N-PRI	ABP-potolt
1Krón 27:33	G4413	πρωτος	A-NSMS	LXX_WH
1Krón 27:33	G5384	φιλος	A-NSM	LXX_WH
1Krón 27:33	G3588	του	T-GSM	LXX_WH
1Krón 27:33	G0935	βασιλεως	N-GSM	LXX_WH
1Krón 27:34	G2532	και	CONJ	LXX_WH
1Krón 27:34	G3326	μετα	PREP	LXX_WH
1Krón 27:34	G3778	τουτον	D-ASM	LXX_WH
1Krón 27:34		αχιτοφελ	N-PRI	ELTERO_SZOVEGALAP
1Krón 27:34	G2192	εχομενος	V-PMPNS	LXX_WH
1Krón 27:34	G3588	ιωδαε	N-PRI	ABP-potolt
1Krón 27:34	G3588	ο	T-NSM	LXX_WH
1Krón 27:34	G3588	του	T-GSM	LXX_WH
1Krón 27:34		βαναιου	N-GSM	
1Krón 27:34	G2532	και	CONJ	LXX_WH
1Krón 27:34	G0008	αβιαθαρ	N-PRI	LXX_WH
1Krón 27:34	G2532	και	CONJ	LXX_WH
1Krón 27:34	G0751	ιωαβ	N-PRI	ABP-potolt
1Krón 27:34	G0751	αρχιστρατηγος	N-NSM	ABP-potolt
1Krón 27:34	G3588	του	T-GSM	LXX_WH
1Krón 27:34	G0935	βασιλεως	N-GSM	LXX_WH
1Krón 28:1	G2532	και	CONJ	LXX_WH
1Krón 28:1		εξεκκλησιασεν	V-AAI-3S	ELTERO_SZOVEGALAP
1Krón 28:1		δαυιδ	N-PRI	ELTERO_SZOVEGALAP
1Krón 28:1	G3956	παντας	A-APM	LXX_WH
1Krón 28:1	G3588	τους	T-APM	LXX_WH
1Krón 28:1	G0758	αρχοντας	N-APM	LXX_WH
1Krón 28:1	G2474	ισραηλ	N-PRI	LXX_WH
1Krón 28:1	G0758	αρχοντας	N-APM	LXX_WH
1Krón 28:1	G3588	των	T-GPM	LXX_WH
1Krón 28:1	G2923	κριτων	N-GPM	LXX_WH
1Krón 28:1	G2532	και	CONJ	LXX_WH
1Krón 28:1	G3588	τους	T-APM	LXX_WH
1Krón 28:1	G0758	αρχοντας	N-APM	LXX_WH
1Krón 28:1	G3588	των	T-GPF	LXX_WH
1Krón 28:1	G2183	εφημεριων	N-GPF	LXX_WH
1Krón 28:1	G3588	των	T-GPM	LXX_WH
1Krón 28:1	G4012	περι	PREP	LXX_WH
1Krón 28:1	G3588	το	T-ASN	LXX_WH
1Krón 28:1	G4983	σωμα	N-ASN	LXX_WH
1Krón 28:1	G3588	του	T-GSM	LXX_WH
1Krón 28:1	G0935	βασιλεως	N-GSM	LXX_WH
1Krón 28:1	G2532	και	CONJ	LXX_WH
1Krón 28:1	G0758	αρχοντας	N-APM	LXX_WH
1Krón 28:1	G3588	των	T-GPF	LXX_WH
1Krón 28:1	G5505	χιλιαδων	N-GPF	LXX_WH
1Krón 28:1	G2532	και	CONJ	LXX_WH
1Krón 28:1	G3588	των	T-GPM	LXX_WH
1Krón 28:1		εκατονταδων	N-GPF	
1Krón 28:1	G2532	και	CONJ	LXX_WH
1Krón 28:1	G3588	τους	T-APM	LXX_WH
1Krón 28:1		γαζοφυλακας	N-APM	
1Krón 28:1	G2532	και	CONJ	LXX_WH
1Krón 28:1	G3588	τους	T-APM	LXX_WH
1Krón 28:1	G1909	επι	PREP	LXX_WH
1Krón 28:1	G3588	των	T-GPM	LXX_WH
1Krón 28:1	G5225	υπαρχοντων	V-PAPGP	LXX_WH
1Krón 28:1	G0846	αυτου	D-GSM	LXX_WH
1Krón 28:1	G2532	και	CONJ	LXX_WH
1Krón 28:1	G3588	τους	T-APM	LXX_WH
1Krón 28:1	G1413	δυναστας	N-APM	LXX_WH
1Krón 28:1	G2532	και	CONJ	LXX_WH
1Krón 28:1	G3588	τους	T-APM	LXX_WH
1Krón 28:1		μαχητας	N-APM	
1Krón 28:1	G3588	της	T-GSF	LXX_WH
1Krón 28:1	G4756	στρατιας	N-GSF	LXX_WH
1Krón 28:1	G1722	εν	PREP	LXX_WH
1Krón 28:1	G2419	ιερουσαλημ	N-PRI	LXX_WH
1Krón 28:2	G2532	και	CONJ	LXX_WH
1Krón 28:2	G2476	εστη	V-AAI-3S	LXX_WH
1Krón 28:2		δαυιδ	N-PRI	ELTERO_SZOVEGALAP
1Krón 28:2	G1722	εν	PREP	LXX_WH
1Krón 28:2	G3319	μεσω	A-DSM	LXX_WH
1Krón 28:2	G3588	της	T-GSF	LXX_WH
1Krón 28:2	G1577	εκκλησιας	N-GSF	LXX_WH
1Krón 28:2	G2532	και	CONJ	LXX_WH
1Krón 28:2	G2036	ειπεν	V-AAI-3S	ABP-potolt
1Krón 28:2	G0191	ακουσατε	V-AAD-2P	LXX_WH
1Krón 28:2	G1473	μου	P-GS	LXX_WH
1Krón 28:2	G0080	αδελφοι	N-NPM	LXX_WH
1Krón 28:2	G2532	και	CONJ	LXX_WH
1Krón 28:2	G2992	λαος	N-NSM	LXX_WH
1Krón 28:2	G1473	μου	P-GS	LXX_WH
1Krón 28:2	G1473	εμοι	P-DS	LXX_WH
1Krón 28:2	G1096	εγενετο	V-AMI-3S	LXX_WH
1Krón 28:2	G1909	επι	PREP	LXX_WH
1Krón 28:2	G2588	καρδιαν	N-ASF	LXX_WH
1Krón 28:2	G3618	οικοδομησαι	V-AAN	LXX_WH
1Krón 28:2	G3624	οικον	N-ASM	LXX_WH
1Krón 28:2	G0372	αναπαυσεως	N-GSF	LXX_WH
1Krón 28:2	G3588	της	T-GSF	LXX_WH
1Krón 28:2	G2787	κιβωτου	N-GSF	LXX_WH
1Krón 28:2	G1242	διαθηκης	N-GSF	LXX_WH
1Krón 28:2	G2962	κυριου	N-GSM	LXX_WH
1Krón 28:2	G2532	και	CONJ	LXX_WH
1Krón 28:2	G4714	στασιν	N-ASF	LXX_WH
1Krón 28:2	G4228	ποδων	N-GPM	LXX_WH
1Krón 28:2	G2962	κυριου	N-GSM	LXX_WH
1Krón 28:2	G1473	ημων	P-GP	LXX_WH
1Krón 28:2	G2532	και	CONJ	LXX_WH
1Krón 28:2	G2090	ητοιμασα	V-AAI-1S	LXX_WH
1Krón 28:2	G3588	τα	T-APN	LXX_WH
1Krón 28:2	G1519	εις	PREP	LXX_WH
1Krón 28:2	G3588	την	T-ASF	LXX_WH
1Krón 28:2	G2682	κατασκηνωσιν	N-ASF	LXX_WH
1Krón 28:2	G2006	επιτηδεια	A-APN	LXX_WH
1Krón 28:3	G2532	και	CONJ	LXX_WH
1Krón 28:3	G3588	ο	T-NSM	LXX_WH
1Krón 28:3	G2316	θεος	N-NSM	LXX_WH
1Krón 28:3		ειπεν	V-AAI-3S	ELTERO_SZOVEGALAP
1Krón 28:3	G3364	ουκ	ADV	LXX_WH
1Krón 28:3	G3618	οικοδομησεις	V-FAI-2S	LXX_WH
1Krón 28:3	G1473	εμοι	P-DS	LXX_WH
1Krón 28:3	G3624	οικον	N-ASM	LXX_WH
1Krón 28:3	G3588	του	T-GSN	LXX_WH
1Krón 28:3	G2028	επονομασαι	V-AAN	ABP-potolt
1Krón 28:3	G3588	το	T-ASN	LXX_WH
1Krón 28:3	G3686	ονομα	N-ASN	LXX_WH
1Krón 28:3	G1473	μου	P-GS	LXX_WH
1Krón 28:3	G1909	επ	PREP	LXX_WH
1Krón 28:3	G0846	αυτω	D-DSM	LXX_WH
1Krón 28:3	G3754	οτι	CONJ	LXX_WH
1Krón 28:3	G0444	ανθρωπος	N-NSM	LXX_WH
1Krón 28:3	G4170	πολεμιστης	N-GSM	ABP-potolt
1Krón 28:3	G1510	ει	V-PAI-2S	LXX_WH
1Krón 28:3	G4771	συ	P-NS	LXX_WH
1Krón 28:3	G2532	και	CONJ	LXX_WH
1Krón 28:3	G0129	αιματα	N-APN	LXX_WH
1Krón 28:3	G1632	εξεχεας	V-AAI-2S	LXX_WH
1Krón 28:4	G2532	και	CONJ	LXX_WH
1Krón 28:4	G1586	εξελεξατο	V-AMI-3S	ABP-potolt
1Krón 28:4	G2962	κυριος	N-NSM	LXX_WH
1Krón 28:4	G3588	ο	T-NSM	LXX_WH
1Krón 28:4	G2316	θεος	N-NSM	LXX_WH
1Krón 28:4	G2474	ισραηλ	N-PRI	LXX_WH
1Krón 28:4	G1722	εν	PREP	LXX_WH
1Krón 28:4	G1473	εμοι	P-DS	LXX_WH
1Krón 28:4	G0575	απο	PREP	LXX_WH
1Krón 28:4	G3956	παντος	A-GSM	LXX_WH
1Krón 28:4	G3624	οικου	N-GSM	LXX_WH
1Krón 28:4	G3962	πατρος	N-GSM	LXX_WH
1Krón 28:4	G1473	μου	P-GS	LXX_WH
1Krón 28:4	G1510	ειναι	V-PAN	LXX_WH
1Krón 28:4	G0935	βασιλεα	N-ASM	LXX_WH
1Krón 28:4	G1909	επι	PREP	LXX_WH
1Krón 28:4	G2474	ισραηλ	N-PRI	LXX_WH
1Krón 28:4	G1519	εις	PREP	LXX_WH
1Krón 28:4	G3588	τον	T-ASM	LXX_WH
1Krón 28:4	G0165	αιωνα	N-ASM	LXX_WH
1Krón 28:4	G2532	και	CONJ	LXX_WH
1Krón 28:4	G1722	εν	PREP	LXX_WH
1Krón 28:4	G2448	ιουδα	N-PRI	LXX_WH
1Krón 28:4	G0140	ηρετικεν	V-RAI-3S	LXX_WH
1Krón 28:4	G3588	το	T-ASN	LXX_WH
1Krón 28:4	G0933	βασιλειον	N-ASN	LXX_WH
1Krón 28:4	G2532	και	CONJ	LXX_WH
1Krón 28:4	G1537	εξ	PREP	LXX_WH
1Krón 28:4	G3624	οικου	N-GSM	LXX_WH
1Krón 28:4	G2448	ιουδα	N-PRI	LXX_WH
1Krón 28:4	G3588	τον	T-ASM	LXX_WH
1Krón 28:4	G3624	οικον	N-ASM	LXX_WH
1Krón 28:4	G3588	του	T-GSM	LXX_WH
1Krón 28:4	G3962	πατρος	N-GSM	LXX_WH
1Krón 28:4	G1473	μου	P-GS	LXX_WH
1Krón 28:4	G2532	και	CONJ	LXX_WH
1Krón 28:4	G1722	εν	PREP	LXX_WH
1Krón 28:4	G3588	τοις	T-DPM	LXX_WH
1Krón 28:4	G5207	υιοις	N-DPM	LXX_WH
1Krón 28:4	G3588	του	T-GSM	LXX_WH
1Krón 28:4	G3962	πατρος	N-GSM	LXX_WH
1Krón 28:4	G1473	μου	P-GS	LXX_WH
1Krón 28:4	G1722	εν	PREP	LXX_WH
1Krón 28:4	G1473	εμοι	P-DS	LXX_WH
1Krón 28:4	G2309	ηθελησεν	V-AAI-3S	LXX_WH
1Krón 28:4	G3588	του	T-GSN	LXX_WH
1Krón 28:4	G1096	γενεσθαι	V-AMN	LXX_WH
1Krón 28:4	G1473	με	P-AS	LXX_WH
1Krón 28:4	G0935	βασιλεα	N-ASM	LXX_WH
1Krón 28:4	G1909	επι	PREP	LXX_WH
1Krón 28:4	G3588	τω	T-DSM	LXX_WH
1Krón 28:4	G3956	παντι	A-DSM	LXX_WH
1Krón 28:4	G2474	ισραηλ	N-PRI	LXX_WH
1Krón 28:5	G2532	και	CONJ	LXX_WH
1Krón 28:5	G0575	απο	PREP	LXX_WH
1Krón 28:5	G3956	παντων	A-GPM	LXX_WH
1Krón 28:5	G3588	των	T-GPM	LXX_WH
1Krón 28:5	G5207	υιων	N-GPM	LXX_WH
1Krón 28:5	G1473	μου	P-GS	LXX_WH
1Krón 28:5	G3754	οτι	CONJ	LXX_WH
1Krón 28:5	G4183	πολλους	A-APM	LXX_WH
1Krón 28:5	G5207	υιους	N-APM	LXX_WH
1Krón 28:5	G1325	εδωκεν	V-AAI-3S	LXX_WH
1Krón 28:5	G1473	μοι	P-DS	LXX_WH
1Krón 28:5	G2962	κυριος	N-NSM	LXX_WH
1Krón 28:5	G1586	εξελεξατο	V-AMI-3S	ABP-potolt
1Krón 28:5	G1722	εν	PREP	LXX_WH
1Krón 28:5		σαλωμων	N-PRI	ELTERO_SZOVEGALAP
1Krón 28:5	G3588	τω	T-DSM	LXX_WH
1Krón 28:5	G5207	υιω	N-DSM	LXX_WH
1Krón 28:5	G1473	μου	P-GS	LXX_WH
1Krón 28:5	G2523	καθισαι	V-AAN	LXX_WH
1Krón 28:5	G0846	αυτον	D-ASM	LXX_WH
1Krón 28:5	G1909	επι	PREP	LXX_WH
1Krón 28:5	G2362	θρονου	N-GSM	LXX_WH
1Krón 28:5	G0932	βασιλειας	N-GSF	LXX_WH
1Krón 28:5	G2962	κυριου	N-GSM	LXX_WH
1Krón 28:5	G1909	επι	PREP	LXX_WH
1Krón 28:5	G3588	τον	T-ASM	LXX_WH
1Krón 28:5	G2474	ισραηλ	N-PRI	LXX_WH
1Krón 28:6	G2532	και	CONJ	LXX_WH
1Krón 28:6	G2036	ειπεν	V-AAI-3S	ABP-potolt
1Krón 28:6	G1473	μοι	P-DS	LXX_WH
1Krón 28:6	G3588	ο	T-NSM	LXX_WH
1Krón 28:6	G2316	θεος	N-NSM	LXX_WH
1Krón 28:6		σαλωμων	N-PRI	ELTERO_SZOVEGALAP
1Krón 28:6	G3588	ο	T-NSM	LXX_WH
1Krón 28:6	G5207	υιος	N-NSM	LXX_WH
1Krón 28:6	G4771	σου	P-GS	LXX_WH
1Krón 28:6	G3618	οικοδομησει	V-FAI-3S	LXX_WH
1Krón 28:6	G3588	τον	T-ASM	LXX_WH
1Krón 28:6	G3624	οικον	N-ASM	LXX_WH
1Krón 28:6	G1473	μου	P-GS	LXX_WH
1Krón 28:6	G2532	και	CONJ	LXX_WH
1Krón 28:6	G3588	την	T-ASF	LXX_WH
1Krón 28:6	G0833	αυλην	N-ASF	LXX_WH
1Krón 28:6	G1473	μου	P-GS	LXX_WH
1Krón 28:6	G3754	οτι	CONJ	LXX_WH
1Krón 28:6	G0140	ηρετικα	V-RAI-1S	LXX_WH
1Krón 28:6	G1722	εν	PREP	LXX_WH
1Krón 28:6	G0846	αυτω	D-DSM	LXX_WH
1Krón 28:6	G1510	ειναι	V-PAN	LXX_WH
1Krón 28:6	G1473	μου	P-GS	LXX_WH
1Krón 28:6	G5207	υιον	N-ASM	LXX_WH
1Krón 28:6	G2504	καγω	CONJ	ABP-potolt
1Krón 28:6	G1510	εσομαι	V-FMI-1S	LXX_WH
1Krón 28:6	G0846	αυτω	D-DSM	LXX_WH
1Krón 28:6	G1519	εις	PREP	LXX_WH
1Krón 28:6	G3962	πατερα	N-ASM	LXX_WH
1Krón 28:7	G2532	και	CONJ	LXX_WH
1Krón 28:7		κατορθωσω	V-FAI-1S	
1Krón 28:7	G3588	την	T-ASF	LXX_WH
1Krón 28:7	G0932	βασιλειαν	N-ASF	LXX_WH
1Krón 28:7	G0846	αυτου	D-GSM	LXX_WH
1Krón 28:7	G2193	εως	PREP	LXX_WH
1Krón 28:7	G0165	αιωνος	N-GSM	LXX_WH
1Krón 28:7	G1437	εαν	CONJ	LXX_WH
1Krón 28:7	G2480	ισχυση	V-AAS-3S	LXX_WH
1Krón 28:7	G3588	του	T-GSN	LXX_WH
1Krón 28:7	G5442	φυλαξασθαι	V-AMN	LXX_WH
1Krón 28:7	G3588	τας	T-APF	LXX_WH
1Krón 28:7	G1785	εντολας	N-APF	LXX_WH
1Krón 28:7	G1473	μου	P-GS	LXX_WH
1Krón 28:7	G2532	και	CONJ	LXX_WH
1Krón 28:7	G3588	τα	T-APN	LXX_WH
1Krón 28:7	G2917	κριματα	N-APN	LXX_WH
1Krón 28:7	G1473	μου	P-GS	LXX_WH
1Krón 28:7	G3739	ως	CONJ	LXX_WH
1Krón 28:7	G3588	η	T-NSF	LXX_WH
1Krón 28:7	G2250	ημερα	N-NSF	LXX_WH
1Krón 28:7	G3778	αυτη	D-NSF	LXX_WH
1Krón 28:8	G2532	και	CONJ	LXX_WH
1Krón 28:8	G3568	νυν	ADV	LXX_WH
1Krón 28:8	G2596	κατα	PREP	LXX_WH
1Krón 28:8	G4383	προσωπον	N-ASN	LXX_WH
1Krón 28:8	G3956	πασης	A-GSF	LXX_WH
1Krón 28:8	G1577	εκκλησιας	N-GSF	LXX_WH
1Krón 28:8	G2962	κυριου	N-GSM	LXX_WH
1Krón 28:8	G2532	και	CONJ	LXX_WH
1Krón 28:8	G1722	εν	PREP	LXX_WH
1Krón 28:8	G3775	ωσιν	N-DPN	LXX_WH
1Krón 28:8	G2316	θεου	N-GSM	LXX_WH
1Krón 28:8	G1473	ημων	P-GP	LXX_WH
1Krón 28:8	G5442	φυλαξασθε	V-AMD-2P	LXX_WH
1Krón 28:8	G2532	και	CONJ	LXX_WH
1Krón 28:8	G2212	ζητησατε	V-AAD-2P	LXX_WH
1Krón 28:8	G3956	πασας	A-APF	LXX_WH
1Krón 28:8	G3588	τας	T-APF	LXX_WH
1Krón 28:8	G1785	εντολας	N-APF	LXX_WH
1Krón 28:8	G2962	κυριου	N-GSM	LXX_WH
1Krón 28:8	G3588	του	T-GSM	LXX_WH
1Krón 28:8	G2316	θεου	N-GSM	LXX_WH
1Krón 28:8	G1473	ημων	P-GP	LXX_WH
1Krón 28:8	G2443	ινα	CONJ	LXX_WH
1Krón 28:8	G2816	κληρονομησητε	V-AAS-2P	LXX_WH
1Krón 28:8	G3588	την	T-ASF	LXX_WH
1Krón 28:8	G1065	γην	N-ASF	LXX_WH
1Krón 28:8	G3588	την	T-ASF	LXX_WH
1Krón 28:8	G0018	αγαθην	A-ASF	LXX_WH
1Krón 28:8	G2532	και	CONJ	LXX_WH
1Krón 28:8		κατακληρονομησητε	V-AAS-2P	ELTERO_SZOVEGALAP
1Krón 28:8	G3588	τοις	T-DPM	LXX_WH
1Krón 28:8	G5207	υιοις	N-DPM	LXX_WH
1Krón 28:8	G4771	υμων	P-GP	LXX_WH
1Krón 28:8	G3326	μεθ	PREP	LXX_WH
1Krón 28:8	G4771	υμας	P-AP	LXX_WH
1Krón 28:8	G2193	εως	PREP	LXX_WH
1Krón 28:8	G0165	αιωνος	N-GSM	LXX_WH
1Krón 28:9	G2532	και	CONJ	LXX_WH
1Krón 28:9	G3568	νυν	ADV	LXX_WH
1Krón 28:9		σαλωμων	N-PRI	ELTERO_SZOVEGALAP
1Krón 28:9	G5207	υιε	N-VSM	LXX_WH
1Krón 28:9	G1473	μου	P-GS	LXX_WH
1Krón 28:9	G1097	γνωθι	V-AAD-2S	LXX_WH
1Krón 28:9	G3588	τον	T-ASM	LXX_WH
1Krón 28:9	G2316	θεον	N-ASM	LXX_WH
1Krón 28:9	G3588	των	T-GPM	LXX_WH
1Krón 28:9	G3962	πατερων	N-GPM	LXX_WH
1Krón 28:9	G4771	σου	P-GS	LXX_WH
1Krón 28:9	G2532	και	CONJ	LXX_WH
1Krón 28:9	G1398	δουλευε	V-PAD-2S	LXX_WH
1Krón 28:9	G0846	αυτω	D-DSM	LXX_WH
1Krón 28:9	G1722	εν	PREP	LXX_WH
1Krón 28:9	G2588	καρδια	N-DSF	LXX_WH
1Krón 28:9	G5046	τελεια	A-DSF	LXX_WH
1Krón 28:9	G2532	και	CONJ	LXX_WH
1Krón 28:9	G5590	ψυχη	N-DSF	LXX_WH
1Krón 28:9	G2309	θελουση	V-PAPDS	LXX_WH
1Krón 28:9	G3754	οτι	CONJ	LXX_WH
1Krón 28:9	G3956	πασας	A-APF	LXX_WH
1Krón 28:9	G2588	καρδιας	N-APF	LXX_WH
1Krón 28:9	G1833	εταζει	V-PAI-3S	ABP-potolt
1Krón 28:9	G2962	κυριος	N-NSM	LXX_WH
1Krón 28:9	G2532	και	CONJ	LXX_WH
1Krón 28:9	G3956	παν	A-ASN	LXX_WH
1Krón 28:9		ενθυμημα	N-ASN	ELTERO_SZOVEGALAP
1Krón 28:9	G1097	γιγνωσκει	V-PAI-3S	LXX_WH
1Krón 28:9	G1437	εαν	CONJ	LXX_WH
1Krón 28:9	G2212	ζητησης	V-AAS-2S	LXX_WH
1Krón 28:9	G0846	αυτον	D-ASM	LXX_WH
1Krón 28:9		ευρεθησεται	V-FPI-3S	ELTERO_SZOVEGALAP
1Krón 28:9	G4771	σοι	P-DS	LXX_WH
1Krón 28:9	G2532	και	CONJ	LXX_WH
1Krón 28:9	G1437	εαν	CONJ	LXX_WH
1Krón 28:9		καταλειψης	V-AAS-2S	ELTERO_SZOVEGALAP
1Krón 28:9	G0846	αυτον	D-ASM	LXX_WH
1Krón 28:9	G2641	καταλειψει	V-FAI-3S	LXX_WH
1Krón 28:9	G4771	σε	P-AS	LXX_WH
1Krón 28:9	G1519	εις	PREP	LXX_WH
1Krón 28:9	G5056	τελος	N-ASN	LXX_WH
1Krón 28:10	G3708	ιδε	V-AAD-2S	LXX_WH
1Krón 28:10	G5106	τοινυν	PRT	LXX_WH
1Krón 28:10	G3754	οτι	CONJ	LXX_WH
1Krón 28:10	G2962	κυριος	N-NSM	LXX_WH
1Krón 28:10	G0140	ηρετικεν	V-RAI-3S	LXX_WH
1Krón 28:10	G4771	σε	P-AS	LXX_WH
1Krón 28:10	G3618	οικοδομησαι	V-AAN	LXX_WH
1Krón 28:10	G0846	αυτω	D-DSM	LXX_WH
1Krón 28:10	G3624	οικον	N-ASM	LXX_WH
1Krón 28:10	G1519	εις	PREP	LXX_WH
1Krón 28:10	G0037	αγιασμα	N-ASN	ABP-potolt
1Krón 28:10	G2480	ισχυε	V-PAD-2S	LXX_WH
1Krón 28:10	G2532	και	CONJ	LXX_WH
1Krón 28:10	G4160	ποιει	V-PAD-2S	LXX_WH
1Krón 28:11	G2532	και	CONJ	LXX_WH
1Krón 28:11	G1325	εδωκεν	V-AAI-3S	LXX_WH
1Krón 28:11	G1325	δαυιδ	N-PRI	ABP-potolt
1Krón 28:11	G1325	σαλωμων	N-PRI	ABP-potolt
1Krón 28:11	G3588	τω	T-DSM	LXX_WH
1Krón 28:11	G5207	υιω	N-DSM	LXX_WH
1Krón 28:11	G0846	αυτου	D-GSM	LXX_WH
1Krón 28:11	G3588	το	T-ASN	LXX_WH
1Krón 28:11		παραδειγμα	N-ASN	
1Krón 28:11	G3588	του	T-GSM	LXX_WH
1Krón 28:11	G3485	ναου	N-GSM	LXX_WH
1Krón 28:11	G2532	και	CONJ	LXX_WH
1Krón 28:11	G3588	των	T-GPM	LXX_WH
1Krón 28:11	G3624	οικων	N-GPM	LXX_WH
1Krón 28:11	G0846	αυτου	D-GSM	LXX_WH
1Krón 28:11	G2532	και	CONJ	LXX_WH
1Krón 28:11	G3588	των	T-GPM	LXX_WH
1Krón 28:11		ζακχω	N-PRI	ELTERO_SZOVEGALAP
1Krón 28:11	G0846	αυτου	D-GSM	LXX_WH
1Krón 28:11	G2532	και	CONJ	LXX_WH
1Krón 28:11	G3588	των	T-GPN	LXX_WH
1Krón 28:11	G5253	υπερωων	N-GPN	LXX_WH
1Krón 28:11	G2532	και	CONJ	LXX_WH
1Krón 28:11	G3588	των	T-GPF	LXX_WH
1Krón 28:11	G0596	αποθηκων	N-GPF	LXX_WH
1Krón 28:11	G3588	των	T-GPM	LXX_WH
1Krón 28:11	G2082	εσωτερων	A-GPMC	LXX_WH
1Krón 28:11	G2532	και	CONJ	LXX_WH
1Krón 28:11	G3588	του	T-GSM	LXX_WH
1Krón 28:11	G3624	οικου	N-GSM	LXX_WH
1Krón 28:11	G3588	του	T-GSM	LXX_WH
1Krón 28:11	G2435	εξιλασμου	N-GSM	ABP-potolt
1Krón 28:12	G2532	και	CONJ	LXX_WH
1Krón 28:12	G3588	το	T-ASN	LXX_WH
1Krón 28:12		παραδειγμα	N-ASN	ELTERO_SZOVEGALAP
1Krón 28:12	G3739	ο	R-ASN	LXX_WH
1Krón 28:12	G2192	ειχεν	V-IAI-3S	LXX_WH
1Krón 28:12	G1722	εν	PREP	LXX_WH
1Krón 28:12	G4151	πνευματι	N-DSN	LXX_WH
1Krón 28:12	G0846	αυτου	D-GSM	LXX_WH
1Krón 28:12	G3588	των	T-GPM	LXX_WH
1Krón 28:12	G0836	αυλων	N-GPM	LXX_WH
1Krón 28:12	G3624	οικου	N-GSM	LXX_WH
1Krón 28:12	G2962	κυριου	N-GSM	LXX_WH
1Krón 28:12	G2532	και	CONJ	LXX_WH
1Krón 28:12	G3956	παντων	A-GPM	LXX_WH
1Krón 28:12	G3588	των	T-GPM	LXX_WH
1Krón 28:12		παστοφοριων	N-GPN	
1Krón 28:12	G3588	των	T-GPM	LXX_WH
1Krón 28:12		κυκλω	N-DSM	
1Krón 28:12	G3588	των	T-GPM	LXX_WH
1Krón 28:12	G1519	εις	PREP	LXX_WH
1Krón 28:12	G3588	τας	T-APF	LXX_WH
1Krón 28:12	G0596	αποθηκας	N-APF	LXX_WH
1Krón 28:12	G3624	οικου	N-GSM	LXX_WH
1Krón 28:12	G2962	κυριου	N-GSM	LXX_WH
1Krón 28:12	G2532	και	CONJ	LXX_WH
1Krón 28:12	G3588	των	T-GPF	LXX_WH
1Krón 28:12	G0596	αποθηκων	N-GPF	LXX_WH
1Krón 28:12	G3588	των	T-GPF	LXX_WH
1Krón 28:12	G0040	αγιων	A-GPF	LXX_WH
1Krón 28:13	G2532	και	CONJ	LXX_WH
1Krón 28:13	G3588	των	T-GPN	LXX_WH
1Krón 28:13	G2646	καταλυματων	N-GPN	LXX_WH
1Krón 28:13	G3588	των	T-GPF	LXX_WH
1Krón 28:13	G2183	εφημεριων	N-GPF	LXX_WH
1Krón 28:13	G3588	των	T-GPM	LXX_WH
1Krón 28:13	G2409	ιερεων	N-GPM	LXX_WH
1Krón 28:13	G2532	και	CONJ	LXX_WH
1Krón 28:13	G3588	των	T-GPM	LXX_WH
1Krón 28:13	G3019	λευιτων	N-GPM	LXX_WH
1Krón 28:13	G1519	εις	PREP	LXX_WH
1Krón 28:13	G3956	πασαν	A-ASF	LXX_WH
1Krón 28:13	G2039	εργασιαν	N-ASF	LXX_WH
1Krón 28:13	G3009	λειτουργιας	N-GSF	LXX_WH
1Krón 28:13	G3624	οικου	N-GSM	LXX_WH
1Krón 28:13	G2962	κυριου	N-GSM	LXX_WH
1Krón 28:13	G2532	και	CONJ	LXX_WH
1Krón 28:13	G3588	των	T-GPF	LXX_WH
1Krón 28:13	G0596	αποθηκων	N-GPF	LXX_WH
1Krón 28:13	G3588	των	T-GPN	LXX_WH
1Krón 28:13	G3008	λειτουργησιμων	A-GPN	ABP-potolt
1Krón 28:13	G4632	σκευων	N-GPN	LXX_WH
1Krón 28:13	G3588	της	T-GSF	LXX_WH
1Krón 28:13	G2999	λατρειας	N-GSF	LXX_WH
1Krón 28:13	G3624	οικου	N-GSM	LXX_WH
1Krón 28:13	G2962	κυριου	N-GSM	LXX_WH
1Krón 28:14	G2532	και	CONJ	LXX_WH
1Krón 28:14	G3588	τον	T-ASM	LXX_WH
1Krón 28:14		σταθμον	N-ASM	
1Krón 28:14	G3588	της	T-GSF	LXX_WH
1Krón 28:14		ολκης	N-GSF	ELTERO_SZOVEGALAP
1Krón 28:14	G0846	αυτων	D-GPM	LXX_WH
1Krón 28:14	G3588	των	T-GPM	LXX_WH
1Krón 28:14	G5037	τε	PRT	LXX_WH
1Krón 28:14		χρυσων	A-GPM	ELTERO_SZOVEGALAP
1Krón 28:14	G2532	και	CONJ	LXX_WH
1Krón 28:14	G1397	αργυρων	A-GPF	ABP-potolt
1Krón 28:15	G3087	λυχνιων	N-GPF	LXX_WH
1Krón 28:15	G3588	την	T-ASF	LXX_WH
1Krón 28:15		ολκην	N-ASF	
1Krón 28:15	G1325	εδωκεν	V-AAI-3S	LXX_WH
1Krón 28:15	G0846	αυτω	D-DSM	LXX_WH
1Krón 28:15	G2532	και	CONJ	LXX_WH
1Krón 28:15	G3588	των	T-GPM	LXX_WH
1Krón 28:15	G3088	λυχνων	N-GPM	LXX_WH
1Krón 28:16	G1325	εδωκεν	V-AAI-3S	LXX_WH
1Krón 28:16	G0846	αυτω	D-DSM	LXX_WH
1Krón 28:16	G3664	ομοιως	ADV	LXX_WH
1Krón 28:16	G3588	τον	T-ASM	LXX_WH
1Krón 28:16		σταθμον	N-ASM	
1Krón 28:16	G3588	των	T-GPF	LXX_WH
1Krón 28:16	G5132	τραπεζων	N-GPF	LXX_WH
1Krón 28:16	G3588	της	T-GSF	LXX_WH
1Krón 28:16	G4286	προθεσεως	N-GSF	LXX_WH
1Krón 28:16	G1538	εκαστης	A-GSF	LXX_WH
1Krón 28:16	G5132	τραπεζης	N-GSF	LXX_WH
1Krón 28:16	G5552	χρυσης	A-GSF	ABP-potolt
1Krón 28:16	G2532	και	CONJ	LXX_WH
1Krón 28:16	G5615	ωσαυτως	ADV	LXX_WH
1Krón 28:16	G3588	των	T-GPM	LXX_WH
1Krón 28:16	G0693	αργυρων	A-GPM	ABP-potolt
1Krón 28:17	G2532	και	CONJ	LXX_WH
1Krón 28:17	G3588	των	T-GPF	LXX_WH
1Krón 28:17		κρεαγρων	N-GPF	
1Krón 28:17	G2532	και	CONJ	LXX_WH
1Krón 28:17		σπονδειων	N-GPN	
1Krón 28:17	G2532	και	CONJ	LXX_WH
1Krón 28:17	G3588	των	T-GPF	LXX_WH
1Krón 28:17	G5357	φιαλων	N-GPF	LXX_WH
1Krón 28:17	G3588	των	T-GPM	LXX_WH
1Krón 28:17		χρυσων	A-GPM	
1Krón 28:17	G2532	και	CONJ	LXX_WH
1Krón 28:17	G3588	τον	T-ASM	LXX_WH
1Krón 28:17		σταθμον	N-ASM	
1Krón 28:17	G3588	των	T-GPM	LXX_WH
1Krón 28:17		χρυσων	A-GPM	
1Krón 28:17	G2532	και	CONJ	LXX_WH
1Krón 28:17	G3588	των	T-GPM	LXX_WH
1Krón 28:17	G0693	αργυρων	A-GPM	ABP-potolt
1Krón 28:17	G0693	κεφφουρε	N-PRI	ABP-potolt
1Krón 28:17	G1538	εκαστου	A-GSM	LXX_WH
1Krón 28:17	G4712	σταθμου	N-GSM	ABP-potolt
1Krón 28:18	G2532	και	CONJ	LXX_WH
1Krón 28:18	G3588	τον	T-ASM	LXX_WH
1Krón 28:18	G3588	του	T-GSN	LXX_WH
1Krón 28:18	G2379	θυσιαστηριου	N-GSN	LXX_WH
1Krón 28:18	G3588	των	T-GPN	LXX_WH
1Krón 28:18	G2368	θυμιαματων	N-GPN	LXX_WH
1Krón 28:18	G1537	εκ	PREP	LXX_WH
1Krón 28:18	G5553	χρυσιου	N-GSN	LXX_WH
1Krón 28:18	G1384	δοκιμου	A-GSN	LXX_WH
1Krón 28:18		σταθμον	N-ASM	ELTERO_SZOVEGALAP
1Krón 28:18		υπεδειξεν	V-AAI-3S	ELTERO_SZOVEGALAP
1Krón 28:18	G0846	αυτω	D-DSM	LXX_WH
1Krón 28:18	G2532	και	CONJ	LXX_WH
1Krón 28:18	G3588	το	T-ASN	LXX_WH
1Krón 28:18		παραδειγμα	N-ASN	
1Krón 28:18	G3588	του	T-GSN	LXX_WH
1Krón 28:18	G0716	αρματος	N-GSN	LXX_WH
1Krón 28:18	G3588	των	T-GPM	LXX_WH
1Krón 28:18		χερουβιν	N-PRI	
1Krón 28:18	G3588	των	T-GPM	LXX_WH
1Krón 28:18		διαπεπετασμενων	V-RMPGP	
1Krón 28:18	G3588	ταις	T-DPF	LXX_WH
1Krón 28:18	G4420	πτερυξιν	N-DPF	LXX_WH
1Krón 28:18	G2532	και	CONJ	LXX_WH
1Krón 28:18	G4639	σκιαζοντων	V-PAPGP	ABP-potolt
1Krón 28:18	G1909	επι	PREP	LXX_WH
1Krón 28:18	G3588	της	T-GSF	LXX_WH
1Krón 28:18	G2787	κιβωτου	N-GSF	LXX_WH
1Krón 28:18	G1242	διαθηκης	N-GSF	LXX_WH
1Krón 28:18	G2962	κυριου	N-GSM	LXX_WH
1Krón 28:19	G3956	παντα	A-ASM	LXX_WH
1Krón 28:19	G1722	εν	PREP	LXX_WH
1Krón 28:19	G1124	γραφη	N-DSF	LXX_WH
1Krón 28:19	G5495	χειρος	N-GSF	LXX_WH
1Krón 28:19	G2962	κυριου	N-GSM	LXX_WH
1Krón 28:19	G1325	εδωκεν	V-AAI-3S	LXX_WH
1Krón 28:19	G3588	δαυιδ	N-PRI	ABP-potolt
1Krón 28:19	G3588	σαλωμων	N-PRI	ABP-potolt
1Krón 28:19	G2596	κατα	PREP	LXX_WH
1Krón 28:19	G3588	την	T-ASF	LXX_WH
1Krón 28:19		περιγενηθεισαν	V-APPAS	ELTERO_SZOVEGALAP
1Krón 28:19	G0846	αυτω	D-DSM	LXX_WH
1Krón 28:19	G4907	συνεσιν	N-ASF	LXX_WH
1Krón 28:19	G3588	της	T-GSF	LXX_WH
1Krón 28:19		κατεργασιας	N-GSF	
1Krón 28:19	G3588	του	T-GSN	LXX_WH
1Krón 28:19	G3855	παραδειγματος	N-GSN	ABP-potolt
1Krón 28:20	G2532	και	CONJ	LXX_WH
1Krón 28:20		ειπεν	V-AAI-3S	ELTERO_SZOVEGALAP
1Krón 28:20		δαυιδ	N-PRI	ELTERO_SZOVEGALAP
1Krón 28:20		σαλωμων	N-PRI	ELTERO_SZOVEGALAP
1Krón 28:20	G3588	τω	T-DSM	LXX_WH
1Krón 28:20	G5207	υιω	N-DSM	LXX_WH
1Krón 28:20	G0846	αυτου	D-GSM	LXX_WH
1Krón 28:20	G2480	ισχυε	V-PAD-2S	LXX_WH
1Krón 28:20	G2532	και	CONJ	LXX_WH
1Krón 28:20	G0407	ανδριζου	V-PMD-2S	LXX_WH
1Krón 28:20	G2532	και	CONJ	LXX_WH
1Krón 28:20	G4160	ποιει	V-PAD-2S	LXX_WH
1Krón 28:20	G3165	μη	ADV	LXX_WH
1Krón 28:20	G5399	φοβου	V-PMD-2S	LXX_WH
1Krón 28:20	G3366	μηδε	CONJ	LXX_WH
1Krón 28:20	G4422	πτοηθης	V-APS-2S	LXX_WH
1Krón 28:20	G3754	οτι	CONJ	LXX_WH
1Krón 28:20	G2962	κυριος	N-NSM	LXX_WH
1Krón 28:20	G3588	ο	T-NSM	LXX_WH
1Krón 28:20	G2316	θεος	N-NSM	LXX_WH
1Krón 28:20	G1473	μου	P-GS	LXX_WH
1Krón 28:20	G3326	μετα	PREP	LXX_WH
1Krón 28:20	G4771	σου	P-GS	LXX_WH
1Krón 28:20	G3364	ουκ	ADV	LXX_WH
1Krón 28:20	G0447	ανησει	V-FAI-3S	LXX_WH
1Krón 28:20	G4771	σε	P-AS	LXX_WH
1Krón 28:20	G2532	και	CONJ	LXX_WH
1Krón 28:20	G3364	ου	ADV	LXX_WH
1Krón 28:20	G3165	μη	ADV	LXX_WH
1Krón 28:20	G4771	σε	P-AS	LXX_WH
1Krón 28:20	G1459	εγκαταλιπη	V-AAS-3S	LXX_WH
1Krón 28:20	G2193	εως	PREP	LXX_WH
1Krón 28:20	G3588	του	T-GSN	LXX_WH
1Krón 28:20	G4931	συντελεσαι	V-AAN	LXX_WH
1Krón 28:20	G4771	σε	P-AS	LXX_WH
1Krón 28:20	G3956	πασαν	A-ASF	LXX_WH
1Krón 28:20	G2039	εργασιαν	N-ASF	LXX_WH
1Krón 28:20	G3009	λειτουργιας	N-GSF	LXX_WH
1Krón 28:20	G3624	οικου	N-GSM	LXX_WH
1Krón 28:20	G2962	κυριου	N-GSM	LXX_WH
1Krón 28:21	G2532	και	CONJ	LXX_WH
1Krón 28:21	G2400	ιδου	INJ	LXX_WH
1Krón 28:21	G3588	αι	T-NPF	LXX_WH
1Krón 28:21	G2183	εφημεριαι	N-NPF	LXX_WH
1Krón 28:21	G3588	των	T-GPM	LXX_WH
1Krón 28:21	G2409	ιερεων	N-GPM	LXX_WH
1Krón 28:21	G2532	και	CONJ	LXX_WH
1Krón 28:21	G3588	των	T-GPM	LXX_WH
1Krón 28:21	G3019	λευιτων	N-GPM	LXX_WH
1Krón 28:21	G1519	εις	PREP	LXX_WH
1Krón 28:21	G3956	πασαν	A-ASF	LXX_WH
1Krón 28:21	G3009	λειτουργιαν	N-ASF	LXX_WH
1Krón 28:21	G3624	οικου	N-GSM	LXX_WH
1Krón 28:21	G3588	του	T-GSM	LXX_WH
1Krón 28:21	G2316	θεου	N-GSM	LXX_WH
1Krón 28:21	G2532	και	CONJ	LXX_WH
1Krón 28:21	G3326	μετα	PREP	LXX_WH
1Krón 28:21	G4771	σου	P-GS	LXX_WH
1Krón 28:21	G1722	εν	PREP	LXX_WH
1Krón 28:21	G3956	παση	A-DSF	LXX_WH
1Krón 28:21	G4230	πραγματεια	N-DSF	LXX_WH
1Krón 28:21	G2532	και	CONJ	LXX_WH
1Krón 28:21	G3956	πας	A-NSM	LXX_WH
1Krón 28:21	G4289	προθυμος	A-NSM	LXX_WH
1Krón 28:21	G1722	εν	PREP	LXX_WH
1Krón 28:21	G4678	σοφια	N-DSF	LXX_WH
1Krón 28:21	G2596	κατα	PREP	LXX_WH
1Krón 28:21	G3956	πασαν	A-ASF	LXX_WH
1Krón 28:21	G5078	τεχνην	N-ASF	LXX_WH
1Krón 28:21	G2532	και	CONJ	LXX_WH
1Krón 28:21	G3588	οι	T-NPM	LXX_WH
1Krón 28:21	G0758	αρχοντες	N-NPM	LXX_WH
1Krón 28:21	G2532	και	CONJ	LXX_WH
1Krón 28:21	G3956	πας	A-NSM	LXX_WH
1Krón 28:21	G3588	ο	T-NSM	LXX_WH
1Krón 28:21	G2992	λαος	N-NSM	LXX_WH
1Krón 28:21	G1519	εις	PREP	LXX_WH
1Krón 28:21	G3956	παντας	A-APM	LXX_WH
1Krón 28:21	G3588	τους	T-APM	LXX_WH
1Krón 28:21	G3056	λογους	N-APM	LXX_WH
1Krón 28:21	G4771	σου	P-GS	LXX_WH
1Krón 29:1	G2532	και	CONJ	LXX_WH
1Krón 29:1	G2036	ειπεν	V-AAI-3S	ABP-potolt
1Krón 29:1	G2036	δαυιδ	N-PRI	ABP-potolt
1Krón 29:1	G3588	ο	T-NSM	LXX_WH
1Krón 29:1	G0935	βασιλευς	N-NSM	LXX_WH
1Krón 29:1	G3956	παση	A-DSF	LXX_WH
1Krón 29:1	G3588	τη	T-DSF	LXX_WH
1Krón 29:1	G1577	εκκλησια	N-DSF	LXX_WH
1Krón 29:1		σαλωμων	N-PRI	ELTERO_SZOVEGALAP
1Krón 29:1	G3588	ο	T-NSM	LXX_WH
1Krón 29:1	G5207	υιος	N-NSM	LXX_WH
1Krón 29:1	G1473	μου	P-GS	LXX_WH
1Krón 29:1	G1519	εις	A-NSM	LXX_WH
1Krón 29:1	G3739	ον	R-ASM	LXX_WH
1Krón 29:1	G0140	ηρετικεν	V-RAI-3S	LXX_WH
1Krón 29:1	G1722	εν	PREP	LXX_WH
1Krón 29:1	G0846	αυτω	D-DSM	LXX_WH
1Krón 29:1	G2962	κυριος	N-NSM	LXX_WH
1Krón 29:1	G3501	νεος	A-NSM	LXX_WH
1Krón 29:1	G2532	και	CONJ	LXX_WH
1Krón 29:1	G0527	απαλος	A-NSM	LXX_WH
1Krón 29:1	G2532	και	CONJ	LXX_WH
1Krón 29:1	G3588	το	T-NSN	LXX_WH
1Krón 29:1	G2041	εργον	N-NSN	LXX_WH
1Krón 29:1	G3173	μεγα	A-NSN	LXX_WH
1Krón 29:1	G3754	οτι	CONJ	LXX_WH
1Krón 29:1	G3364	ουκ	ADV	LXX_WH
1Krón 29:1	G0444	ανθρωπω	N-DSM	LXX_WH
1Krón 29:1	G3588	η	T-NSF	LXX_WH
1Krón 29:1	G3619	οικοδομη	N-NSF	LXX_WH
1Krón 29:1	G0235	αλλ	CONJ	LXX_WH
1Krón 29:1	G2228	η	CONJ	LXX_WH
1Krón 29:1	G2962	κυριω	N-DSM	LXX_WH
1Krón 29:1	G2316	θεω	N-DSM	LXX_WH
1Krón 29:2	G2596	κατα	PREP	LXX_WH
1Krón 29:2	G3956	πασαν	A-ASF	LXX_WH
1Krón 29:2	G3588	την	T-ASF	LXX_WH
1Krón 29:2	G1411	δυναμιν	N-ASF	LXX_WH
1Krón 29:2	G2090	ητοιμακα	V-RAI-1S	LXX_WH
1Krón 29:2	G1519	εις	PREP	LXX_WH
1Krón 29:2	G3624	οικον	N-ASM	LXX_WH
1Krón 29:2	G2316	θεου	N-GSM	LXX_WH
1Krón 29:2	G1473	μου	P-GS	LXX_WH
1Krón 29:2	G5553	χρυσιον	N-ASN	LXX_WH
1Krón 29:2	G0694	αργυριον	N-ASN	LXX_WH
1Krón 29:2	G5475	χαλκον	N-ASM	LXX_WH
1Krón 29:2	G4604	σιδηρον	N-ASM	LXX_WH
1Krón 29:2	G3586	ξυλα	N-APN	LXX_WH
1Krón 29:2	G3037	λιθους	N-APM	LXX_WH
1Krón 29:2		σοομ	A-APM	
1Krón 29:2	G2532	και	CONJ	LXX_WH
1Krón 29:2	G4164	πληρωσεως	N-GSF	ABP-potolt
1Krón 29:2	G2532	και	CONJ	LXX_WH
1Krón 29:2	G3037	λιθους	N-APM	LXX_WH
1Krón 29:2	G4185	πολυτελεις	A-APM	LXX_WH
1Krón 29:2	G2532	και	CONJ	LXX_WH
1Krón 29:2	G4164	ποικιλους	A-APM	LXX_WH
1Krón 29:2	G2532	και	CONJ	LXX_WH
1Krón 29:2	G3956	παντα	A-ASM	LXX_WH
1Krón 29:2	G3037	λιθον	N-ASM	LXX_WH
1Krón 29:2	G5093	τιμιον	A-ASM	LXX_WH
1Krón 29:2	G2532	και	CONJ	LXX_WH
1Krón 29:2		παριον	N-ASM	ELTERO_SZOVEGALAP
1Krón 29:2	G4183	πολυν	A-ASM	LXX_WH
1Krón 29:3	G2532	και	CONJ	LXX_WH
1Krón 29:3	G2089	ετι	ADV	LXX_WH
1Krón 29:3	G1722	εν	PREP	LXX_WH
1Krón 29:3	G3588	τω	T-DSN	LXX_WH
1Krón 29:3	G2106	ευδοκησαι	V-AAN	LXX_WH
1Krón 29:3	G1473	με	P-AS	LXX_WH
1Krón 29:3	G1722	εν	PREP	LXX_WH
1Krón 29:3	G3624	οικω	N-DSM	LXX_WH
1Krón 29:3	G2316	θεου	N-GSM	LXX_WH
1Krón 29:3	G1473	μου	P-GS	LXX_WH
1Krón 29:3	G1510	εστιν	V-PAI-3S	LXX_WH
1Krón 29:3	G1473	μοι	P-DS	LXX_WH
1Krón 29:3	G3739	ο	R-ASN	LXX_WH
1Krón 29:3	G4046	περιπεποιημαι	V-RMI-1S	ABP-potolt
1Krón 29:3	G5553	χρυσιον	N-ASN	LXX_WH
1Krón 29:3	G2532	και	CONJ	LXX_WH
1Krón 29:3	G0694	αργυριον	N-ASN	LXX_WH
1Krón 29:3	G2532	και	CONJ	LXX_WH
1Krón 29:3	G2400	ιδου	INJ	LXX_WH
1Krón 29:3	G1325	δεδωκα	V-RAI-1S	LXX_WH
1Krón 29:3	G1519	εις	PREP	LXX_WH
1Krón 29:3	G3624	οικον	N-ASM	LXX_WH
1Krón 29:3	G2316	θεου	N-GSM	LXX_WH
1Krón 29:3	G1473	μου	P-GS	LXX_WH
1Krón 29:3	G1519	εις	PREP	LXX_WH
1Krón 29:3	G5311	υψος	N-ASN	LXX_WH
1Krón 29:3	G1622	εκτος	PREP	LXX_WH
1Krón 29:3	G3739	ων	R-GPM	LXX_WH
1Krón 29:3	G2090	ητοιμακα	V-RAI-1S	LXX_WH
1Krón 29:3	G1519	εις	PREP	LXX_WH
1Krón 29:3	G3588	τον	T-ASM	LXX_WH
1Krón 29:3	G3624	οικον	N-ASM	LXX_WH
1Krón 29:3	G3588	των	T-GPM	LXX_WH
1Krón 29:3	G0040	αγιων	A-GPM	LXX_WH
1Krón 29:4	G5153	τρισχιλια	A-APN	LXX_WH
1Krón 29:4	G5007	ταλαντα	N-APN	LXX_WH
1Krón 29:4	G5553	χρυσιου	N-GSN	LXX_WH
1Krón 29:4	G3588	του	T-GSN	LXX_WH
1Krón 29:4	G1537	εκ	PREP	LXX_WH
1Krón 29:4		σουφιρ	N-PRI	ELTERO_SZOVEGALAP
1Krón 29:4	G2532	και	CONJ	LXX_WH
1Krón 29:4	G2035	επτακισχιλια	A-APN	LXX_WH
1Krón 29:4	G5007	ταλαντα	N-APN	LXX_WH
1Krón 29:4	G0694	αργυριου	N-GSN	LXX_WH
1Krón 29:4	G1384	δοκιμου	A-GSN	LXX_WH
1Krón 29:4	G1813	εξαλειφθηναι	V-APN	LXX_WH
1Krón 29:4	G1722	εν	PREP	LXX_WH
1Krón 29:4	G0846	αυτοις	D-DPM	LXX_WH
1Krón 29:4	G3588	τους	T-APM	LXX_WH
1Krón 29:4	G5109	τοιχους	N-APM	LXX_WH
1Krón 29:4	G3588	του	T-GSM	LXX_WH
1Krón 29:4	G2413	ιερου	A-GSM	LXX_WH
1Krón 29:5	G1223	δια	PREP	LXX_WH
1Krón 29:5	G5495	χειρος	N-GSF	LXX_WH
1Krón 29:5	G5079	τεχνιτων	N-GPM	LXX_WH
1Krón 29:5	G2532	και	CONJ	LXX_WH
1Krón 29:5	G5100	τις	I-NSM	LXX_WH
1Krón 29:5	G3588	ο	T-NSM	LXX_WH
1Krón 29:5	G4287	προθυμουμενος	V-PMPNS	ABP-potolt
1Krón 29:5	G4137	πληρωσαι	V-AAN	LXX_WH
1Krón 29:5	G3588	τας	T-APF	LXX_WH
1Krón 29:5	G5495	χειρας	N-APF	LXX_WH
1Krón 29:5	G0846	αυτου	D-GSM	LXX_WH
1Krón 29:5	G4594	σημερον	ADV	LXX_WH
1Krón 29:5	G2962	κυριω	N-DSM	LXX_WH
1Krón 29:6	G2532	και	CONJ	LXX_WH
1Krón 29:6	G3588	προεθυμηθησαν	V-API-3P	ABP-potolt
1Krón 29:6	G0758	αρχοντες	N-NPM	LXX_WH
1Krón 29:6	G3588	των	T-GPF	LXX_WH
1Krón 29:6	G3965	πατριων	N-GPF	LXX_WH
1Krón 29:6	G2532	και	CONJ	LXX_WH
1Krón 29:6	G3588	οι	T-NPM	LXX_WH
1Krón 29:6	G0758	αρχοντες	N-NPM	LXX_WH
1Krón 29:6	G3588	των	T-GPM	LXX_WH
1Krón 29:6	G5207	υιων	N-GPM	LXX_WH
1Krón 29:6	G2474	ισραηλ	N-PRI	LXX_WH
1Krón 29:6	G2532	και	CONJ	LXX_WH
1Krón 29:6	G3588	οι	T-NPM	LXX_WH
1Krón 29:6	G5506	χιλιαρχοι	N-NPM	LXX_WH
1Krón 29:6	G2532	και	CONJ	LXX_WH
1Krón 29:6	G3588	οι	T-NPM	LXX_WH
1Krón 29:6		εκατονταρχοι	N-NPM	
1Krón 29:6	G2532	και	CONJ	LXX_WH
1Krón 29:6	G3588	οι	T-NPM	LXX_WH
1Krón 29:6		προσταται	N-NPM	
1Krón 29:6	G3588	των	T-GPN	LXX_WH
1Krón 29:6	G2041	εργων	N-GPN	LXX_WH
1Krón 29:6	G2532	και	CONJ	LXX_WH
1Krón 29:6	G3588	οι	T-NPM	LXX_WH
1Krón 29:6	G3623	οικονομοι	N-NPM	LXX_WH
1Krón 29:6	G3588	του	T-GSM	LXX_WH
1Krón 29:6	G0935	βασιλεως	N-GSM	LXX_WH
1Krón 29:7	G2532	και	CONJ	LXX_WH
1Krón 29:7	G1325	εδωκαν	V-AAI-3P	LXX_WH
1Krón 29:7	G1519	εις	PREP	LXX_WH
1Krón 29:7	G3588	τα	T-APN	LXX_WH
1Krón 29:7	G2041	εργα	N-APN	LXX_WH
1Krón 29:7	G3624	οικου	N-GSM	LXX_WH
1Krón 29:7	G2962	κυριου	N-GSM	LXX_WH
1Krón 29:7	G5553	χρυσιου	N-GSN	LXX_WH
1Krón 29:7	G5007	ταλαντα	N-APN	LXX_WH
1Krón 29:7	G4000	πεντακισχιλια	A-APN	LXX_WH
1Krón 29:7	G2532	και	CONJ	LXX_WH
1Krón 29:7		χρυσους	A-APM	ELTERO_SZOVEGALAP
1Krón 29:7	G3463	μυριους	A-APM	LXX_WH
1Krón 29:7	G2532	και	CONJ	LXX_WH
1Krón 29:7	G0694	αργυριου	N-GSN	LXX_WH
1Krón 29:7	G5007	ταλαντων	N-GPN	LXX_WH
1Krón 29:7	G1176	δεκα	N-NUI	LXX_WH
1Krón 29:7	G5505	χιλιαδας	N-APF	LXX_WH
1Krón 29:7	G2532	και	CONJ	LXX_WH
1Krón 29:7		χαλκου	A-GSM	
1Krón 29:7	G5007	ταλαντα	N-APN	LXX_WH
1Krón 29:7	G3463	μυρια	A-APN	LXX_WH
1Krón 29:7	G3637	οκτακισχιλια	A-APN	ABP-potolt
1Krón 29:7	G2532	και	CONJ	LXX_WH
1Krón 29:7	G4604	σιδηρου	N-GSM	LXX_WH
1Krón 29:7	G5007	ταλαντων	N-GPN	LXX_WH
1Krón 29:7	G5505	χιλιαδας	N-APF	LXX_WH
1Krón 29:7	G1540	εκατον	N-NUI	LXX_WH
1Krón 29:8	G2532	και	CONJ	LXX_WH
1Krón 29:8	G3739	οις	R-DPM	LXX_WH
1Krón 29:8	G2147	ευρεθη	V-API-3S	LXX_WH
1Krón 29:8	G3844	παρ	PREP	LXX_WH
1Krón 29:8	G0846	αυτοις	D-DPM	LXX_WH
1Krón 29:8	G3037	λιθος	N-NSM	LXX_WH
1Krón 29:8	G1325	εδωκαν	V-AAI-3P	LXX_WH
1Krón 29:8	G1519	εις	PREP	LXX_WH
1Krón 29:8	G3588	τας	T-APF	LXX_WH
1Krón 29:8	G0596	αποθηκας	N-APF	LXX_WH
1Krón 29:8	G3624	οικου	N-GSM	LXX_WH
1Krón 29:8	G2962	κυριου	N-GSM	LXX_WH
1Krón 29:8	G1223	δια	PREP	LXX_WH
1Krón 29:8	G5495	χειρος	N-GSF	LXX_WH
1Krón 29:8		ιιηλ	N-PRI	ELTERO_SZOVEGALAP
1Krón 29:8	G3588	του	T-GSM	LXX_WH
1Krón 29:8		γηρσωνι	N-PRI	ELTERO_SZOVEGALAP
1Krón 29:9	G2532	και	CONJ	LXX_WH
1Krón 29:9	G2165	ευφρανθη	V-API-3S	LXX_WH
1Krón 29:9	G3588	ο	T-NSM	LXX_WH
1Krón 29:9	G2992	λαος	N-NSM	LXX_WH
1Krón 29:9	G5228	υπερ	PREP	LXX_WH
1Krón 29:9	G3588	του	T-GSN	LXX_WH
1Krón 29:9	G1594	προθυμηθηναι	V-APN	ABP-potolt
1Krón 29:9	G3754	οτι	CONJ	LXX_WH
1Krón 29:9	G1722	εν	PREP	LXX_WH
1Krón 29:9	G2588	καρδια	N-DSF	LXX_WH
1Krón 29:9	G4134	πληρει	A-DSF	LXX_WH
1Krón 29:9	G1594	προεθυμηθησαν	V-API-3P	ABP-potolt
1Krón 29:9	G3588	τω	T-DSM	LXX_WH
1Krón 29:9	G2962	κυριω	N-DSM	LXX_WH
1Krón 29:9	G2532	και	CONJ	LXX_WH
1Krón 29:9	G2165	δαυιδ	N-PRI	ABP-potolt
1Krón 29:9	G3588	ο	T-NSM	LXX_WH
1Krón 29:9	G0935	βασιλευς	N-NSM	LXX_WH
1Krón 29:9	G2165	ευφρανθη	V-API-3S	LXX_WH
1Krón 29:9	G3171	μεγαλως	ADV	LXX_WH
1Krón 29:10	G2532	και	CONJ	LXX_WH
1Krón 29:10	G2127	ευλογησεν	V-AAI-3S	LXX_WH
1Krón 29:10	G3588	ο	T-NSM	LXX_WH
1Krón 29:10	G0935	βασιλευς	N-NSM	LXX_WH
1Krón 29:10		δαυιδ	N-PRI	ELTERO_SZOVEGALAP
1Krón 29:10	G3588	τον	T-ASM	LXX_WH
1Krón 29:10	G2962	κυριον	N-ASM	LXX_WH
1Krón 29:10	G1799	ενωπιον	PREP	LXX_WH
1Krón 29:10	G3588	της	T-GSF	LXX_WH
1Krón 29:10	G1577	εκκλησιας	N-GSF	LXX_WH
1Krón 29:10	G3004	λεγων	V-PAPNS	LXX_WH
1Krón 29:10	G2128	ευλογητος	A-NSM	LXX_WH
1Krón 29:10	G1510	ει	V-PAI-2S	LXX_WH
1Krón 29:10	G2962	κυριε	N-VSM	LXX_WH
1Krón 29:10	G3588	ο	T-NSM	LXX_WH
1Krón 29:10	G2316	θεος	N-NSM	LXX_WH
1Krón 29:10	G2474	ισραηλ	N-PRI	LXX_WH
1Krón 29:10	G3588	ο	T-NSM	LXX_WH
1Krón 29:10	G3962	πατηρ	N-NSM	LXX_WH
1Krón 29:10	G1473	ημων	P-GP	LXX_WH
1Krón 29:10	G0575	απο	PREP	LXX_WH
1Krón 29:10	G3588	του	T-GSM	LXX_WH
1Krón 29:10	G0165	αιωνος	N-GSM	LXX_WH
1Krón 29:10	G2532	και	CONJ	LXX_WH
1Krón 29:10	G2193	εως	PREP	LXX_WH
1Krón 29:10	G3588	του	T-GSM	LXX_WH
1Krón 29:10	G0165	αιωνος	N-GSM	LXX_WH
1Krón 29:11	G4771	σοι	P-DS	LXX_WH
1Krón 29:11	G2962	κυριε	N-VSM	LXX_WH
1Krón 29:11	G3588	η	T-NSF	LXX_WH
1Krón 29:11	G3172	μεγαλωσυνη	N-NSF	LXX_WH
1Krón 29:11	G2532	και	CONJ	LXX_WH
1Krón 29:11	G3588	η	T-NSF	LXX_WH
1Krón 29:11	G1411	δυναμις	N-NSF	LXX_WH
1Krón 29:11	G2532	και	CONJ	LXX_WH
1Krón 29:11	G3588	το	T-NSN	LXX_WH
1Krón 29:11	G2745	καυχημα	N-NSN	LXX_WH
1Krón 29:11	G2532	και	CONJ	LXX_WH
1Krón 29:11	G3588	η	T-NSF	LXX_WH
1Krón 29:11	G3529	νικη	N-NSF	LXX_WH
1Krón 29:11	G2532	και	CONJ	LXX_WH
1Krón 29:11	G3588	η	T-NSF	LXX_WH
1Krón 29:11	G2479	ισχυς	N-NSF	LXX_WH
1Krón 29:11	G3754	οτι	CONJ	LXX_WH
1Krón 29:11	G4771	συ	P-NS	LXX_WH
1Krón 29:11	G3956	παντων	A-GPM	LXX_WH
1Krón 29:11	G3588	των	T-GPM	LXX_WH
1Krón 29:11	G1722	εν	PREP	LXX_WH
1Krón 29:11	G3588	τω	T-DSM	LXX_WH
1Krón 29:11	G3772	ουρανω	N-DSM	LXX_WH
1Krón 29:11	G2532	και	CONJ	LXX_WH
1Krón 29:11	G1909	επι	PREP	LXX_WH
1Krón 29:11	G3588	της	T-GSF	LXX_WH
1Krón 29:11	G1065	γης	N-GSF	LXX_WH
1Krón 29:11		δεσποζεις	V-PAI-2S	ELTERO_SZOVEGALAP
1Krón 29:11	G0575	απο	PREP	LXX_WH
1Krón 29:11	G4383	προσωπου	N-GSN	LXX_WH
1Krón 29:11	G4771	σου	P-GS	LXX_WH
1Krón 29:11	G5015	ταρασσεται	V-FMI-3S	LXX_WH
1Krón 29:11	G3956	πας	A-NSM	LXX_WH
1Krón 29:11	G0935	βασιλευς	N-NSM	LXX_WH
1Krón 29:11	G2532	και	CONJ	LXX_WH
1Krón 29:11	G1484	εθνος	N-NSN	LXX_WH
1Krón 29:12	G3844	παρα	PREP	LXX_WH
1Krón 29:12	G4771	σου	P-GS	LXX_WH
1Krón 29:12	G3588	ο	T-NSM	LXX_WH
1Krón 29:12	G4149	πλουτος	N-NSM	LXX_WH
1Krón 29:12	G2532	και	CONJ	LXX_WH
1Krón 29:12	G3588	η	T-NSF	LXX_WH
1Krón 29:12	G1391	δοξα	N-NSF	LXX_WH
1Krón 29:12	G4771	συ	P-NS	LXX_WH
1Krón 29:12	G3956	παντων	A-GPM	LXX_WH
1Krón 29:12	G0757	αρχεις	V-PAI-2S	LXX_WH
1Krón 29:12	G2962	κυριε	N-VSM	LXX_WH
1Krón 29:12	G3588	ο	T-NSM	LXX_WH
1Krón 29:12	G0758	αρχων	N-NSM	LXX_WH
1Krón 29:12	G3956	πασης	A-GSF	LXX_WH
1Krón 29:12	G0746	αρχης	N-GSF	LXX_WH
1Krón 29:12	G2532	και	CONJ	LXX_WH
1Krón 29:12	G1722	εν	PREP	LXX_WH
1Krón 29:12	G5495	χειρι	N-DSF	LXX_WH
1Krón 29:12	G4771	σου	P-GS	LXX_WH
1Krón 29:12	G2479	ισχυς	N-NSF	LXX_WH
1Krón 29:12	G2532	και	CONJ	LXX_WH
1Krón 29:12	G1412	δυναστεια	N-NSF	ABP-potolt
1Krón 29:12	G2532	και	CONJ	LXX_WH
1Krón 29:12	G1722	εν	PREP	LXX_WH
1Krón 29:12	G5495	χειρι	N-DSF	LXX_WH
1Krón 29:12	G4771	σου	P-GS	LXX_WH
1Krón 29:12	G3841	παντοκρατωρ	N-NSM	LXX_WH
1Krón 29:12	G3170	μεγαλυναι	V-AAN	LXX_WH
1Krón 29:12	G2532	και	CONJ	LXX_WH
1Krón 29:12	G2729	κατισχυσαι	V-AAN	LXX_WH
1Krón 29:12	G3588	τα	T-APN	LXX_WH
1Krón 29:12	G3956	παντα	A-APN	LXX_WH
1Krón 29:13	G2532	και	CONJ	LXX_WH
1Krón 29:13	G3568	νυν	ADV	LXX_WH
1Krón 29:13	G2962	κυριε	N-VSM	LXX_WH
1Krón 29:13	G1843	εξομολογουμεθα	V-PMI-1P	LXX_WH
1Krón 29:13	G4771	σοι	P-DS	LXX_WH
1Krón 29:13	G2532	και	CONJ	LXX_WH
1Krón 29:13	G0134	αινουμεν	V-PAI-1P	LXX_WH
1Krón 29:13	G3588	το	T-ASN	LXX_WH
1Krón 29:13	G3686	ονομα	N-ASN	LXX_WH
1Krón 29:13	G3588	της	T-GSF	LXX_WH
1Krón 29:13	G2746	καυχησεως	N-GSF	LXX_WH
1Krón 29:13	G4771	σου	P-GS	LXX_WH
1Krón 29:14	G2532	και	CONJ	LXX_WH
1Krón 29:14	G5100	τις	I-NSM	LXX_WH
1Krón 29:14	G1510	ειμι	V-PAI-1S	LXX_WH
1Krón 29:14	G1473	εγω	P-NS	LXX_WH
1Krón 29:14	G2532	και	CONJ	LXX_WH
1Krón 29:14	G5100	τις	I-NSM	LXX_WH
1Krón 29:14	G3588	ο	T-NSM	LXX_WH
1Krón 29:14	G2992	λαος	N-NSM	LXX_WH
1Krón 29:14	G1473	μου	P-GS	LXX_WH
1Krón 29:14	G3754	οτι	CONJ	LXX_WH
1Krón 29:14	G2480	ισχυσαμεν	V-AAI-1P	LXX_WH
1Krón 29:14		προθυμηθηναι	V-APN	ELTERO_SZOVEGALAP
1Krón 29:14	G4771	σοι	P-DS	LXX_WH
1Krón 29:14	G2596	κατα	PREP	LXX_WH
1Krón 29:14	G3778	ταυτα	D-APN	LXX_WH
1Krón 29:14	G3754	οτι	CONJ	LXX_WH
1Krón 29:14	G4674	σα	A-APN	LXX_WH
1Krón 29:14	G3588	τα	T-APN	LXX_WH
1Krón 29:14	G3956	παντα	A-APN	LXX_WH
1Krón 29:14	G2532	και	CONJ	LXX_WH
1Krón 29:14	G1537	εκ	PREP	LXX_WH
1Krón 29:14	G3588	των	T-GPM	LXX_WH
1Krón 29:14	G4674	σων	A-GPM	LXX_WH
1Krón 29:14	G1325	δεδωκαμεν	V-RAI-1P	LXX_WH
1Krón 29:14	G4771	σοι	P-DS	LXX_WH
1Krón 29:15	G3754	οτι	CONJ	LXX_WH
1Krón 29:15	G3941	παροικοι	A-NPM	LXX_WH
1Krón 29:15	G1510	εσμεν	V-PAI-1P	LXX_WH
1Krón 29:15	G1726	εναντιον	PREP	LXX_WH
1Krón 29:15	G4771	σου	P-GS	LXX_WH
1Krón 29:15	G2532	και	CONJ	LXX_WH
1Krón 29:15		παροικουντες	V-PAPNP	ELTERO_SZOVEGALAP
1Krón 29:15	G3739	ως	CONJ	LXX_WH
1Krón 29:15	G3956	παντες	A-NPM	LXX_WH
1Krón 29:15	G3588	οι	T-NPM	LXX_WH
1Krón 29:15	G3962	πατερες	N-NPM	LXX_WH
1Krón 29:15	G1473	ημων	P-GP	LXX_WH
1Krón 29:15	G3739	ως	CONJ	LXX_WH
1Krón 29:15	G4639	σκια	N-NSF	LXX_WH
1Krón 29:15	G3588	αι	T-NPF	LXX_WH
1Krón 29:15	G2250	ημεραι	N-NPF	LXX_WH
1Krón 29:15	G1473	ημων	P-GP	LXX_WH
1Krón 29:15	G1909	επι	PREP	LXX_WH
1Krón 29:15	G1065	γης	N-GSF	LXX_WH
1Krón 29:15	G2532	και	CONJ	LXX_WH
1Krón 29:15	G3364	ουκ	ADV	LXX_WH
1Krón 29:15	G1510	εστιν	V-PAI-3S	LXX_WH
1Krón 29:15	G5281	υπομονη	N-NSF	LXX_WH
1Krón 29:16	G2962	κυριε	N-VSM	LXX_WH
1Krón 29:16	G3588	ο	T-NSM	LXX_WH
1Krón 29:16	G2316	θεος	N-NSM	LXX_WH
1Krón 29:16	G1473	ημων	P-GP	LXX_WH
1Krón 29:16	G3956	παν	A-ASN	LXX_WH
1Krón 29:16	G3588	το	T-ASN	LXX_WH
1Krón 29:16	G4128	πληθος	N-ASN	LXX_WH
1Krón 29:16	G3778	τουτο	D-ASN	LXX_WH
1Krón 29:16	G3739	ο	R-ASN	LXX_WH
1Krón 29:16	G2090	ητοιμακα	V-RAI-1S	LXX_WH
1Krón 29:16	G3618	οικοδομηθηναι	V-APN	LXX_WH
1Krón 29:16	G3624	οικον	N-ASM	LXX_WH
1Krón 29:16	G3588	τω	T-DSN	LXX_WH
1Krón 29:16	G3686	ονοματι	N-DSN	LXX_WH
1Krón 29:16	G3588	τω	T-DSN	LXX_WH
1Krón 29:16	G0040	αγιω	A-DSN	LXX_WH
1Krón 29:16	G4771	σου	P-GS	LXX_WH
1Krón 29:16	G1537	εκ	PREP	LXX_WH
1Krón 29:16	G5495	χειρος	N-GSF	LXX_WH
1Krón 29:16	G4771	σου	P-GS	LXX_WH
1Krón 29:16	G1510	εστιν	V-PAI-3S	LXX_WH
1Krón 29:16	G2532	και	CONJ	LXX_WH
1Krón 29:16	G4771	σοι	P-DS	LXX_WH
1Krón 29:16	G3588	τα	T-APN	LXX_WH
1Krón 29:16	G3956	παντα	A-APN	LXX_WH
1Krón 29:17	G2532	και	CONJ	LXX_WH
1Krón 29:17	G1097	εγνων	V-AAI-1S	LXX_WH
1Krón 29:17	G2962	κυριε	N-VSM	LXX_WH
1Krón 29:17	G3754	οτι	CONJ	LXX_WH
1Krón 29:17	G4771	συ	P-NS	LXX_WH
1Krón 29:17	G1510	ει	V-PAI-2S	LXX_WH
1Krón 29:17	G3588	ο	T-NSM	LXX_WH
1Krón 29:17	G2082	εταζων	V-PAPNS	ABP-potolt
1Krón 29:17	G2588	καρδιας	N-GSF	LXX_WH
1Krón 29:17	G2532	και	CONJ	LXX_WH
1Krón 29:17	G1343	δικαιοσυνην	N-ASF	LXX_WH
1Krón 29:17	G0025	αγαπας	V-PAI-2S	LXX_WH
1Krón 29:17	G1722	εν	PREP	LXX_WH
1Krón 29:17	G0572	απλοτητι	N-DSF	LXX_WH
1Krón 29:17	G2588	καρδιας	N-GSF	LXX_WH
1Krón 29:17		προεθυμηθην	V-API-1S	ELTERO_SZOVEGALAP
1Krón 29:17	G3956	παντα	A-APN	LXX_WH
1Krón 29:17	G3778	ταυτα	D-APN	LXX_WH
1Krón 29:17	G2532	και	CONJ	LXX_WH
1Krón 29:17	G3568	νυν	ADV	LXX_WH
1Krón 29:17	G3588	τον	T-ASM	LXX_WH
1Krón 29:17	G2992	λαον	N-ASM	LXX_WH
1Krón 29:17	G4771	σου	P-GS	LXX_WH
1Krón 29:17	G3588	τον	T-ASM	LXX_WH
1Krón 29:17	G2147	ευρεθεντα	V-APPAS	LXX_WH
1Krón 29:17	G3592	ωδε	ADV	LXX_WH
1Krón 29:17	G3708	ειδον	V-AAI-3P	LXX_WH
1Krón 29:17	G1722	εν	PREP	LXX_WH
1Krón 29:17	G2167	ευφροσυνη	N-DSF	LXX_WH
1Krón 29:17		προθυμηθεντα	V-APPAS	ELTERO_SZOVEGALAP
1Krón 29:17	G4771	σοι	P-DS	LXX_WH
1Krón 29:18	G2962	κυριε	N-VSM	LXX_WH
1Krón 29:18	G3588	ο	T-NSM	LXX_WH
1Krón 29:18	G2316	θεος	N-NSM	LXX_WH
1Krón 29:18	G0011	αβρααμ	N-PRI	LXX_WH
1Krón 29:18	G2532	και	CONJ	LXX_WH
1Krón 29:18	G2464	ισαακ	N-PRI	LXX_WH
1Krón 29:18	G2532	και	CONJ	LXX_WH
1Krón 29:18	G2474	ισραηλ	N-PRI	LXX_WH
1Krón 29:18	G3588	των	T-GPM	LXX_WH
1Krón 29:18	G3962	πατερων	N-GPM	LXX_WH
1Krón 29:18	G1473	ημων	P-GP	LXX_WH
1Krón 29:18	G5442	φυλαξον	V-AAD-2S	LXX_WH
1Krón 29:18	G3778	ταυτα	D-APN	LXX_WH
1Krón 29:18	G1722	εν	PREP	LXX_WH
1Krón 29:18	G1271	διανοια	N-DSF	LXX_WH
1Krón 29:18	G2588	καρδιας	N-GSF	LXX_WH
1Krón 29:18	G2992	λαου	N-GSM	LXX_WH
1Krón 29:18	G4771	σου	P-GS	LXX_WH
1Krón 29:18	G1519	εις	PREP	LXX_WH
1Krón 29:18	G3588	τον	T-ASM	LXX_WH
1Krón 29:18	G0165	αιωνα	N-ASM	LXX_WH
1Krón 29:18	G2532	και	CONJ	LXX_WH
1Krón 29:18	G2720	κατευθυνον	V-AAD-2S	LXX_WH
1Krón 29:18	G3588	τας	T-APF	LXX_WH
1Krón 29:18	G2588	καρδιας	N-APF	LXX_WH
1Krón 29:18	G0846	αυτων	D-GPM	LXX_WH
1Krón 29:18	G4314	προς	PREP	LXX_WH
1Krón 29:18	G4771	σε	P-AS	LXX_WH
1Krón 29:19	G2532	και	CONJ	LXX_WH
1Krón 29:19		σαλωμων	N-PRI	ELTERO_SZOVEGALAP
1Krón 29:19	G3588	τω	T-DSM	LXX_WH
1Krón 29:19	G5207	υιω	N-DSM	LXX_WH
1Krón 29:19	G1473	μου	P-GS	LXX_WH
1Krón 29:19	G1325	δος	V-AAD-2S	LXX_WH
1Krón 29:19	G2588	καρδιαν	N-ASF	LXX_WH
1Krón 29:19	G0018	αγαθην	A-ASF	LXX_WH
1Krón 29:19	G4160	ποιειν	V-PAN	LXX_WH
1Krón 29:19	G3588	τας	T-APF	LXX_WH
1Krón 29:19	G1785	εντολας	N-APF	LXX_WH
1Krón 29:19	G4771	σου	P-GS	LXX_WH
1Krón 29:19	G2532	και	CONJ	LXX_WH
1Krón 29:19	G3588	τα	T-APN	LXX_WH
1Krón 29:19	G3142	μαρτυρια	N-APN	LXX_WH
1Krón 29:19	G4771	σου	P-GS	LXX_WH
1Krón 29:19	G2532	και	CONJ	LXX_WH
1Krón 29:19	G3588	τα	T-APN	LXX_WH
1Krón 29:19		προσταγματα	N-APN	ELTERO_SZOVEGALAP
1Krón 29:19	G4771	σου	P-GS	LXX_WH
1Krón 29:19	G2532	και	CONJ	LXX_WH
1Krón 29:19	G3588	του	T-GSN	LXX_WH
1Krón 29:19	G1909	επι	PREP	LXX_WH
1Krón 29:19	G5056	τελος	N-ASN	LXX_WH
1Krón 29:19	G0071	αγαγειν	V-AAN	LXX_WH
1Krón 29:19	G3588	την	T-ASF	LXX_WH
1Krón 29:19		κατασκευην	N-ASF	
1Krón 29:19	G3588	του	T-GSM	LXX_WH
1Krón 29:19	G3624	οικου	N-GSM	LXX_WH
1Krón 29:19	G4771	σου	P-GS	LXX_WH
1Krón 29:20	G2532	και	CONJ	LXX_WH
1Krón 29:20	G2127	ειπεν	V-AAI-3S	ABP-potolt
1Krón 29:20	G2127	δαυιδ	N-PRI	ABP-potolt
1Krón 29:20	G3956	παση	A-DSF	LXX_WH
1Krón 29:20	G3588	τη	T-DSF	LXX_WH
1Krón 29:20	G1577	εκκλησια	N-DSF	LXX_WH
1Krón 29:20	G2127	ευλογησατε	V-AAD-2P	LXX_WH
1Krón 29:20	G2962	κυριον	N-ASM	LXX_WH
1Krón 29:20	G3588	τον	T-ASM	LXX_WH
1Krón 29:20	G2316	θεον	N-ASM	LXX_WH
1Krón 29:20	G4771	υμων	P-GP	LXX_WH
1Krón 29:20	G2532	και	CONJ	LXX_WH
1Krón 29:20	G2127	ευλογησεν	V-AAI-3S	LXX_WH
1Krón 29:20	G3956	πασα	A-NSF	LXX_WH
1Krón 29:20	G3588	η	T-NSF	LXX_WH
1Krón 29:20	G1577	εκκλησια	N-NSF	LXX_WH
1Krón 29:20	G2962	κυριον	N-ASM	LXX_WH
1Krón 29:20	G3588	τον	T-ASM	LXX_WH
1Krón 29:20	G2316	θεον	N-ASM	LXX_WH
1Krón 29:20	G3588	των	T-GPM	LXX_WH
1Krón 29:20	G3962	πατερων	N-GPM	LXX_WH
1Krón 29:20	G0846	αυτων	D-GPM	LXX_WH
1Krón 29:20	G2532	και	CONJ	LXX_WH
1Krón 29:20	G2578	καμψαντες	V-AAPNP	LXX_WH
1Krón 29:20	G3588	τα	T-APN	LXX_WH
1Krón 29:20	G1119	γονατα	N-APN	LXX_WH
1Krón 29:20	G4352	προσεκυνησαν	V-AAI-3P	LXX_WH
1Krón 29:20	G3588	τω	T-DSM	LXX_WH
1Krón 29:20	G2962	κυριω	N-DSM	LXX_WH
1Krón 29:20	G2532	και	CONJ	LXX_WH
1Krón 29:20	G3588	τω	T-DSM	LXX_WH
1Krón 29:20	G0935	βασιλει	N-DSM	LXX_WH
1Krón 29:21	G2532	και	CONJ	LXX_WH
1Krón 29:21	G2380	εθυσεν	V-AAI-3S	LXX_WH
1Krón 29:21	G2380	δαυιδ	N-PRI	ABP-potolt
1Krón 29:21	G3588	τω	T-DSM	LXX_WH
1Krón 29:21	G2962	κυριω	N-DSM	LXX_WH
1Krón 29:21	G2378	θυσιας	N-APF	LXX_WH
1Krón 29:21	G2532	και	CONJ	LXX_WH
1Krón 29:21	G0399	ανηνεγκεν	V-AAI-3S	LXX_WH
1Krón 29:21	G3646	ολοκαυτωματα	N-APN	LXX_WH
1Krón 29:21	G3588	τω	T-DSM	LXX_WH
1Krón 29:21	G2316	θεω	N-DSM	LXX_WH
1Krón 29:21	G3588	τη	T-DSF	LXX_WH
1Krón 29:21	G1887	επαυριον	ADV	LXX_WH
1Krón 29:21	G3588	της	T-GSF	LXX_WH
1Krón 29:21	G4413	πρωτης	A-GSFS	LXX_WH
1Krón 29:21	G2250	ημερας	N-GSF	LXX_WH
1Krón 29:21	G3448	μοσχους	N-APM	LXX_WH
1Krón 29:21	G5507	χιλιους	A-APM	LXX_WH
1Krón 29:21		κριους	N-APM	
1Krón 29:21	G5507	χιλιους	A-APM	LXX_WH
1Krón 29:21		αρνας	N-APM	
1Krón 29:21	G5507	χιλιους	A-APM	LXX_WH
1Krón 29:21	G2532	και	CONJ	LXX_WH
1Krón 29:21	G3588	τας	T-APF	LXX_WH
1Krón 29:21		σπονδας	N-APF	ELTERO_SZOVEGALAP
1Krón 29:21	G0846	αυτων	D-GPM	LXX_WH
1Krón 29:21	G2532	και	CONJ	LXX_WH
1Krón 29:21	G2378	θυσιας	N-APF	LXX_WH
1Krón 29:21	G1519	εις	PREP	LXX_WH
1Krón 29:21	G4128	πληθος	N-ASN	LXX_WH
1Krón 29:21	G3956	παντι	A-DSM	LXX_WH
1Krón 29:21	G3588	τω	T-DSM	LXX_WH
1Krón 29:21	G2474	ισραηλ	N-PRI	LXX_WH
1Krón 29:22	G2532	και	CONJ	LXX_WH
1Krón 29:22	G2068	εφαγον	V-AAI-3P	LXX_WH
1Krón 29:22	G2532	και	CONJ	LXX_WH
1Krón 29:22	G4095	επιον	V-AAI-3P	LXX_WH
1Krón 29:22	G1726	εναντιον	PREP	LXX_WH
1Krón 29:22	G2962	κυριου	N-GSM	LXX_WH
1Krón 29:22	G1722	εν	PREP	LXX_WH
1Krón 29:22	G1565	εκεινη	D-DSF	LXX_WH
1Krón 29:22	G3588	τη	T-DSF	LXX_WH
1Krón 29:22	G2250	ημερα	N-DSF	LXX_WH
1Krón 29:22	G3326	μετα	PREP	LXX_WH
1Krón 29:22	G5479	χαρας	N-GSF	LXX_WH
1Krón 29:22	G2532	και	CONJ	LXX_WH
1Krón 29:22	G0936	εβασιλευσαν	V-AAI-3P	LXX_WH
1Krón 29:22	G1537	εκ	PREP	LXX_WH
1Krón 29:22	G1208	δευτερου	A-GSM	LXX_WH
1Krón 29:22	G3588	τον	T-ASM	LXX_WH
1Krón 29:22		σαλωμων	N-PRI	ELTERO_SZOVEGALAP
1Krón 29:22	G5207	υιον	N-ASM	LXX_WH
1Krón 29:22		δαυιδ	N-PRI	ELTERO_SZOVEGALAP
1Krón 29:22	G2532	και	CONJ	LXX_WH
1Krón 29:22	G5548	εχρισαν	V-AAI-3P	LXX_WH
1Krón 29:22	G0846	αυτον	D-ASM	LXX_WH
1Krón 29:22	G3588	τω	T-DSM	LXX_WH
1Krón 29:22	G2962	κυριω	N-DSM	LXX_WH
1Krón 29:22	G1519	εις	PREP	LXX_WH
1Krón 29:22	G0935	βασιλεα	N-ASM	LXX_WH
1Krón 29:22	G2532	και	CONJ	LXX_WH
1Krón 29:22	G4524	σαδωκ	N-PRI	LXX_WH
1Krón 29:22	G1519	εις	PREP	LXX_WH
1Krón 29:22	G2420	ιερωσυνην	N-ASF	LXX_WH
1Krón 29:23	G2532	και	CONJ	LXX_WH
1Krón 29:23	G2523	εκαθισεν	V-AAI-3S	LXX_WH
1Krón 29:23	G2523	σαλωμων	N-PRI	ABP-potolt
1Krón 29:23	G1909	επι	PREP	LXX_WH
1Krón 29:23	G2362	θρονου	N-GSM	LXX_WH
1Krón 29:23		δαυιδ	N-PRI	ELTERO_SZOVEGALAP
1Krón 29:23	G3588	του	T-GSM	LXX_WH
1Krón 29:23	G3962	πατρος	N-GSM	LXX_WH
1Krón 29:23	G0846	αυτου	D-GSM	LXX_WH
1Krón 29:23	G2532	και	CONJ	LXX_WH
1Krón 29:23	G2106	ευδοκηθη	V-API-3S	LXX_WH
1Krón 29:23	G2532	και	CONJ	LXX_WH
1Krón 29:23		επηκουσαν	V-AAI-3P	ELTERO_SZOVEGALAP
1Krón 29:23	G0846	αυτου	D-GSM	LXX_WH
1Krón 29:23	G3956	πας	A-NSM	LXX_WH
1Krón 29:23	G2474	ισραηλ	N-PRI	LXX_WH
1Krón 29:24	G3588	οι	T-NPM	LXX_WH
1Krón 29:24	G0758	αρχοντες	N-NPM	LXX_WH
1Krón 29:24	G2532	και	CONJ	LXX_WH
1Krón 29:24	G3588	οι	T-NPM	LXX_WH
1Krón 29:24	G1413	δυνασται	N-NPM	LXX_WH
1Krón 29:24	G2532	και	CONJ	LXX_WH
1Krón 29:24	G3956	παντες	A-NPM	LXX_WH
1Krón 29:24	G5207	υιοι	N-NPM	LXX_WH
1Krón 29:24	G3588	του	T-GSM	LXX_WH
1Krón 29:24	G0935	βασιλεως	N-GSM	LXX_WH
1Krón 29:24		δαυιδ	N-PRI	ELTERO_SZOVEGALAP
1Krón 29:24	G3962	πατρος	N-GSM	LXX_WH
1Krón 29:24	G0846	αυτου	D-GSM	LXX_WH
1Krón 29:24	G5293	υπεταγησαν	V-API-3P	LXX_WH
1Krón 29:24	G0846	αυτω	D-DSM	LXX_WH
1Krón 29:25	G2532	και	CONJ	LXX_WH
1Krón 29:25	G3170	εμεγαλυνεν	V-AAI-3S	LXX_WH
1Krón 29:25	G2962	κυριος	N-NSM	LXX_WH
1Krón 29:25	G3588	τον	T-ASM	LXX_WH
1Krón 29:25		σαλωμων	N-PRI	ELTERO_SZOVEGALAP
1Krón 29:25		επανωθεν	ADV	ELTERO_SZOVEGALAP
1Krón 29:25	G1726	εναντιον	PREP	LXX_WH
1Krón 29:25	G3956	παντος	A-GSM	LXX_WH
1Krón 29:25	G2474	ισραηλ	N-PRI	LXX_WH
1Krón 29:25	G2532	και	CONJ	LXX_WH
1Krón 29:25	G1325	εδωκεν	V-AAI-3S	LXX_WH
1Krón 29:25	G0846	αυτω	D-DSM	LXX_WH
1Krón 29:25	G1391	δοξαν	N-ASF	LXX_WH
1Krón 29:25	G0935	βασιλεως	N-GSM	LXX_WH
1Krón 29:25	G3739	ο	R-ASN	LXX_WH
1Krón 29:25	G3364	ουκ	ADV	LXX_WH
1Krón 29:25	G1096	εγενετο	V-AMI-3S	LXX_WH
1Krón 29:25	G1909	επι	PREP	LXX_WH
1Krón 29:25	G3956	παντος	A-GSM	LXX_WH
1Krón 29:25	G0935	βασιλεως	N-GSM	LXX_WH
1Krón 29:25	G1715	εμπροσθεν	PREP	LXX_WH
1Krón 29:25	G0846	αυτου	D-GSM	LXX_WH
1Krón 29:26	G2532	και	CONJ	LXX_WH
1Krón 29:26		δαυιδ	N-PRI	ELTERO_SZOVEGALAP
1Krón 29:26	G5207	υιος	N-NSM	LXX_WH
1Krón 29:26	G2421	ιεσσαι	N-PRI	LXX_WH
1Krón 29:26	G0936	εβασιλευσεν	V-AAI-3S	LXX_WH
1Krón 29:26	G1909	επι	PREP	LXX_WH
1Krón 29:26	G2474	ισραηλ	N-PRI	LXX_WH
1Krón 29:27	G2094	ετη	N-APN	LXX_WH
1Krón 29:27	G5062	τεσσαρακοντα	N-NUI	LXX_WH
1Krón 29:27	G1722	εν	PREP	LXX_WH
1Krón 29:27	G5144	χεβρων	N-PRI	ABP-potolt
1Krón 29:27	G2094	ετη	N-APN	LXX_WH
1Krón 29:27	G2033	επτα	N-NUI	LXX_WH
1Krón 29:27	G2532	και	CONJ	LXX_WH
1Krón 29:27	G1722	εν	PREP	LXX_WH
1Krón 29:27	G2419	ιερουσαλημ	N-PRI	LXX_WH
1Krón 29:27	G2094	ετη	N-APN	LXX_WH
1Krón 29:27	G5144	τριακοντα	N-NUI	LXX_WH
1Krón 29:27	G5140	τρια	A-ASM	LXX_WH
1Krón 29:28	G2532	και	CONJ	LXX_WH
1Krón 29:28	G5053	ετελευτησεν	V-AAI-3S	LXX_WH
1Krón 29:28	G1722	εν	PREP	LXX_WH
1Krón 29:28	G1094	γηρει	N-DSN	LXX_WH
1Krón 29:28	G2570	καλω	A-DSN	LXX_WH
1Krón 29:28	G4134	πληρης	A-NSM	LXX_WH
1Krón 29:28	G2250	ημερων	N-GPF	LXX_WH
1Krón 29:28	G4149	πλουτω	N-DSM	LXX_WH
1Krón 29:28	G2532	και	CONJ	LXX_WH
1Krón 29:28	G1391	δοξη	N-DSF	LXX_WH
1Krón 29:28	G2532	και	CONJ	LXX_WH
1Krón 29:28	G0936	εβασιλευσεν	V-AAI-3S	LXX_WH
1Krón 29:28		σαλωμων	N-PRI	ELTERO_SZOVEGALAP
1Krón 29:28	G5207	υιος	N-NSM	LXX_WH
1Krón 29:28	G0846	αυτου	D-GSM	LXX_WH
1Krón 29:28	G0473	αντ	PREP	LXX_WH
1Krón 29:28	G0846	αυτου	D-GSM	LXX_WH
1Krón 29:29	G3588	οι	T-NPM	LXX_WH
1Krón 29:29	G1161	δε	PRT	LXX_WH
1Krón 29:29		λοιποι	A-NPM	ELTERO_SZOVEGALAP
1Krón 29:29	G3056	λογοι	N-NPM	LXX_WH
1Krón 29:29	G3588	του	T-GSM	LXX_WH
1Krón 29:29	G0935	βασιλεως	N-GSM	LXX_WH
1Krón 29:29		δαυιδ	N-PRI	ELTERO_SZOVEGALAP
1Krón 29:29	G3588	οι	T-NPM	LXX_WH
1Krón 29:29	G4387	προτεροι	A-NPMC	LXX_WH
1Krón 29:29	G2532	και	CONJ	LXX_WH
1Krón 29:29	G3588	οι	T-NPM	LXX_WH
1Krón 29:29	G5306	υστεροι	A-NPMC	LXX_WH
1Krón 29:29	G1125	γεγραμμενοι	V-RPPNP	LXX_WH
1Krón 29:29	G1510	εισιν	V-PAI-3P	LXX_WH
1Krón 29:29	G1722	εν	PREP	LXX_WH
1Krón 29:29	G3056	λογοις	N-DPM	LXX_WH
1Krón 29:29	G4545	σαμουηλ	N-PRI	LXX_WH
1Krón 29:29	G3588	του	T-GSM	LXX_WH
1Krón 29:29	G0991	βλεποντος	V-PAPGS	LXX_WH
1Krón 29:29	G2532	και	CONJ	LXX_WH
1Krón 29:29	G1909	επι	PREP	LXX_WH
1Krón 29:29	G3056	λογων	N-GPM	LXX_WH
1Krón 29:29	G3481	ναθαν	N-PRI	LXX_WH
1Krón 29:29	G3588	του	T-GSM	LXX_WH
1Krón 29:29	G4396	προφητου	N-GSM	LXX_WH
1Krón 29:29	G2532	και	CONJ	LXX_WH
1Krón 29:29	G1909	επι	PREP	LXX_WH
1Krón 29:29	G3056	λογων	N-GPM	LXX_WH
1Krón 29:29	G1045	γαδ	N-PRI	LXX_WH
1Krón 29:29	G3588	του	T-GSM	LXX_WH
1Krón 29:29	G0991	βλεποντος	V-PAPGS	LXX_WH
1Krón 29:30	G4012	περι	PREP	LXX_WH
1Krón 29:30	G3956	πασης	A-GSF	LXX_WH
1Krón 29:30	G3588	της	T-GSF	LXX_WH
1Krón 29:30	G0932	βασιλειας	N-GSF	LXX_WH
1Krón 29:30	G0846	αυτου	D-GSM	LXX_WH
1Krón 29:30	G2532	και	CONJ	LXX_WH
1Krón 29:30	G3588	της	T-GSF	LXX_WH
1Krón 29:30		δυναστειας	N-GSF	ELTERO_SZOVEGALAP
1Krón 29:30	G0846	αυτου	D-GSM	LXX_WH
1Krón 29:30	G2532	και	CONJ	LXX_WH
1Krón 29:30	G3588	οι	T-NPM	LXX_WH
1Krón 29:30	G2540	καιροι	N-NPM	LXX_WH
1Krón 29:30	G3739	οι	R-NPM	LXX_WH
1Krón 29:30	G1096	εγενοντο	V-AMI-3P	LXX_WH
1Krón 29:30	G1909	επ	PREP	LXX_WH
1Krón 29:30	G0846	αυτω	D-DSM	LXX_WH
1Krón 29:30	G2532	και	CONJ	LXX_WH
1Krón 29:30	G1909	επι	PREP	LXX_WH
1Krón 29:30	G3588	τον	T-ASM	LXX_WH
1Krón 29:30	G2474	ισραηλ	N-PRI	LXX_WH
1Krón 29:30	G2532	και	CONJ	LXX_WH
1Krón 29:30	G1909	επι	PREP	LXX_WH
1Krón 29:30	G3956	πασας	A-APF	LXX_WH
1Krón 29:30	G0932	βασιλειας	N-APF	LXX_WH
1Krón 29:30	G3588	της	T-GSF	LXX_WH
1Krón 29:30	G1065	γης	N-GSF	LXX_WH
