STEPBible_elsodleges	STEPBible_masodlagos	Státusz	Indoklás	Strong-szám	Ragozott alak	Kiejtés	Szótő	Rövid jelentés	Angol tükörfordítás
Job.41.1	Job.40.25	ADATMINOSEGI_GYANU	lasd DONTES_FELULBIRALAS a generalo szkriptben (Job fejezet 41)	H4900	תִּמְשֹׁ֣ךְ	tim.Shokh	מָשַׁךְ	to draw	will you draw out?
Job.41.1	Job.40.25	ADATMINOSEGI_GYANU	lasd DONTES_FELULBIRALAS a generalo szkriptben (Job fejezet 41)	H3882	לִוְיָתָ֣ן	liv.ya.Tan	לִוְיָתָן	Leviathan	Leviathan
Job.41.1	Job.40.25	ADATMINOSEGI_GYANU	lasd DONTES_FELULBIRALAS a generalo szkriptben (Job fejezet 41)	H9003	בְּ	be.	ב	in	with
Job.41.1	Job.40.25	ADATMINOSEGI_GYANU	lasd DONTES_FELULBIRALAS a generalo szkriptben (Job fejezet 41)	H2443	חַכָּ֑ה	cha.Kah	חַכָּה	hook	a fish hook
Job.41.1	Job.40.25	ADATMINOSEGI_GYANU	lasd DONTES_FELULBIRALAS a generalo szkriptben (Job fejezet 41)	H9002	וּ֝	u.	ו	and	and
Job.41.1	Job.40.25	ADATMINOSEGI_GYANU	lasd DONTES_FELULBIRALAS a generalo szkriptben (Job fejezet 41)	H9003	בְ	ve.	ב	in	with
Job.41.1	Job.40.25	ADATMINOSEGI_GYANU	lasd DONTES_FELULBIRALAS a generalo szkriptben (Job fejezet 41)	H2256	חֶ֗בֶל	Che.vel	חֶ֫בֶל	cord	a cord
Job.41.1	Job.40.25	ADATMINOSEGI_GYANU	lasd DONTES_FELULBIRALAS a generalo szkriptben (Job fejezet 41)	H8257	תַּשְׁקִ֥יעַ	tash.Ki.a'	שָׁקַע	to sink	will you hold down?
Job.41.1	Job.40.25	ADATMINOSEGI_GYANU	lasd DONTES_FELULBIRALAS a generalo szkriptben (Job fejezet 41)	H3956	לְשֹׁנֽ	le.sho.N	לָשׁוֹן	tongue	tongue
Job.41.1	Job.40.25	ADATMINOSEGI_GYANU	lasd DONTES_FELULBIRALAS a generalo szkriptben (Job fejezet 41)	H9023	וֹ	o	Ps3m	his	its
Job.41.2	Job.40.26	ADATMINOSEGI_GYANU	lasd DONTES_FELULBIRALAS a generalo szkriptben (Job fejezet 41)	H9008	הֲ	ha.	ה	¿	¿
Job.41.2	Job.40.26	ADATMINOSEGI_GYANU	lasd DONTES_FELULBIRALAS a generalo szkriptben (Job fejezet 41)	H7760	תָשִׂ֣ים	ta.Sim	שׂוּם	to set	will you put
Job.41.2	Job.40.26	ADATMINOSEGI_GYANU	lasd DONTES_FELULBIRALAS a generalo szkriptben (Job fejezet 41)	H0100	אַגְמ֣וֹן	'ag.Mon	אַגְמֹן	bulrush	a cord
Job.41.2	Job.40.26	ADATMINOSEGI_GYANU	lasd DONTES_FELULBIRALAS a generalo szkriptben (Job fejezet 41)	H9003	בְּ	be.	ב	in	in
Job.41.2	Job.40.26	ADATMINOSEGI_GYANU	lasd DONTES_FELULBIRALAS a generalo szkriptben (Job fejezet 41)	H0639	אַפּ֑	'a.P	אַף	face	nose
Job.41.2	Job.40.26	ADATMINOSEGI_GYANU	lasd DONTES_FELULBIRALAS a generalo szkriptben (Job fejezet 41)	H9023	וֹ	o	Ps3m	his	its
Job.41.2	Job.40.26	ADATMINOSEGI_GYANU	lasd DONTES_FELULBIRALAS a generalo szkriptben (Job fejezet 41)	H9002	וּ֝	u.	ו	and	and
Job.41.2	Job.40.26	ADATMINOSEGI_GYANU	lasd DONTES_FELULBIRALAS a generalo szkriptben (Job fejezet 41)	H9003	בְ	ve.	ב	in	with
Job.41.2	Job.40.26	ADATMINOSEGI_GYANU	lasd DONTES_FELULBIRALAS a generalo szkriptben (Job fejezet 41)	H2336	ח֗וֹחַ	Cho.ach	חוֹחַ	thistle	a hook
Job.41.2	Job.40.26	ADATMINOSEGI_GYANU	lasd DONTES_FELULBIRALAS a generalo szkriptben (Job fejezet 41)	H5344	תִּקּ֥וֹב	ti.Kov	נָקַב	to pierce	will you pierce?
Job.41.2	Job.40.26	ADATMINOSEGI_GYANU	lasd DONTES_FELULBIRALAS a generalo szkriptben (Job fejezet 41)	H3895	לֶֽחֱי	le.che.y	לְחִי	jaw	jaw
Job.41.2	Job.40.26	ADATMINOSEGI_GYANU	lasd DONTES_FELULBIRALAS a generalo szkriptben (Job fejezet 41)	H9023	וֹ	o	Ps3m	his	its
Job.41.3	Job.40.27	ADATMINOSEGI_GYANU	lasd DONTES_FELULBIRALAS a generalo szkriptben (Job fejezet 41)	H9008	הֲ	ha.	ה	¿	¿
Job.41.3	Job.40.27	ADATMINOSEGI_GYANU	lasd DONTES_FELULBIRALAS a generalo szkriptben (Job fejezet 41)	H7235	יַרְבֶּ֣ה	yar.Beh	רָבָה	to multiply	will it multiply
Job.41.3	Job.40.27	ADATMINOSEGI_GYANU	lasd DONTES_FELULBIRALAS a generalo szkriptben (Job fejezet 41)	H0413	אֵ֭לֶי	'E.lei.	אֶל	to(wards)	to
Job.41.3	Job.40.27	ADATMINOSEGI_GYANU	lasd DONTES_FELULBIRALAS a generalo szkriptben (Job fejezet 41)	H9031	ךָ	kha	Os2m	you	you
Job.41.3	Job.40.27	ADATMINOSEGI_GYANU	lasd DONTES_FELULBIRALAS a generalo szkriptben (Job fejezet 41)	H8469	תַּחֲנוּנִ֑ים	ta.cha.nu.Nim	תַּחֲנוּן	supplication	supplications
Job.41.3	Job.40.27	ADATMINOSEGI_GYANU	lasd DONTES_FELULBIRALAS a generalo szkriptben (Job fejezet 41)	H0518	אִם	'im-	אִם	if	or?
Job.41.3	Job.40.27	ADATMINOSEGI_GYANU	lasd DONTES_FELULBIRALAS a generalo szkriptben (Job fejezet 41)	H1696	יְדַבֵּ֖ר	ye.da.Ber	דָבַר	to speak	will it speak
Job.41.3	Job.40.27	ADATMINOSEGI_GYANU	lasd DONTES_FELULBIRALAS a generalo szkriptben (Job fejezet 41)	H0413	אֵלֶ֣י	'e.Lei.	אֶל	to(wards)	to
Job.41.3	Job.40.27	ADATMINOSEGI_GYANU	lasd DONTES_FELULBIRALAS a generalo szkriptben (Job fejezet 41)	H9031	ךָ	kha	Os2m	you	you
Job.41.3	Job.40.27	ADATMINOSEGI_GYANU	lasd DONTES_FELULBIRALAS a generalo szkriptben (Job fejezet 41)	H7390	רַכּֽוֹת	ra.Kot	רַךְ	tender	soft [words]
Job.41.4	Job.40.28	ADATMINOSEGI_GYANU	lasd DONTES_FELULBIRALAS a generalo szkriptben (Job fejezet 41)	H9008	הֲ	ha.	ה	¿	¿
Job.41.4	Job.40.28	ADATMINOSEGI_GYANU	lasd DONTES_FELULBIRALAS a generalo szkriptben (Job fejezet 41)	H3772	יִכְרֹ֣ת	yikh.Rot	כָּרַת	to cut	will it make
Job.41.4	Job.40.28	ADATMINOSEGI_GYANU	lasd DONTES_FELULBIRALAS a generalo szkriptben (Job fejezet 41)	H1285	בְּרִ֣ית	be.Rit	בְּרִית	covenant	a covenant
Job.41.4	Job.40.28	ADATMINOSEGI_GYANU	lasd DONTES_FELULBIRALAS a generalo szkriptben (Job fejezet 41)	H5973	עִמָּ֑	'i.Ma	עִם	with	with
Job.41.4	Job.40.28	ADATMINOSEGI_GYANU	lasd DONTES_FELULBIRALAS a generalo szkriptben (Job fejezet 41)	H9032	ךְ	kh	Os2f	you	you
Job.41.4	Job.40.28	ADATMINOSEGI_GYANU	lasd DONTES_FELULBIRALAS a generalo szkriptben (Job fejezet 41)	H3947	תִּ֝קָּחֶ֗	ti.ka.Che.	לָקַח	to take	will you take?
Job.41.4	Job.40.28	ADATMINOSEGI_GYANU	lasd DONTES_FELULBIRALAS a generalo szkriptben (Job fejezet 41)	H9033	נּוּ	nu	Os3m	him	it
Job.41.4	Job.40.28	ADATMINOSEGI_GYANU	lasd DONTES_FELULBIRALAS a generalo szkriptben (Job fejezet 41)	H9005	לְ	le.	ל	to	to
Job.41.4	Job.40.28	ADATMINOSEGI_GYANU	lasd DONTES_FELULBIRALAS a generalo szkriptben (Job fejezet 41)	H5650	עֶ֣בֶד	'E.ved	עֶ֫בֶד	servant;_slave	a slave of
Job.41.4	Job.40.28	ADATMINOSEGI_GYANU	lasd DONTES_FELULBIRALAS a generalo szkriptben (Job fejezet 41)	H5769	עוֹלָֽם	o.Lam	עוֹלָם	forever	perpetuity
Job.41.5	Job.40.29	ADATMINOSEGI_GYANU	lasd DONTES_FELULBIRALAS a generalo szkriptben (Job fejezet 41)	H9008	הַֽ	ha	ה	¿	¿
Job.41.5	Job.40.29	ADATMINOSEGI_GYANU	lasd DONTES_FELULBIRALAS a generalo szkriptben (Job fejezet 41)	H7832	תְשַׂחֶק	t.sa.chek-	שָׂחַק	to laugh	will you play
Job.41.5	Job.40.29	ADATMINOSEGI_GYANU	lasd DONTES_FELULBIRALAS a generalo szkriptben (Job fejezet 41)	H9003	בּ֭	b	ב	in	with
Job.41.5	Job.40.29	ADATMINOSEGI_GYANU	lasd DONTES_FELULBIRALAS a generalo szkriptben (Job fejezet 41)	H9033	וֹ	o	Os3m	him	it
Job.41.5	Job.40.29	ADATMINOSEGI_GYANU	lasd DONTES_FELULBIRALAS a generalo szkriptben (Job fejezet 41)	H9004	כַּ	ka.	כ	like	like <the>
Job.41.5	Job.40.29	ADATMINOSEGI_GYANU	lasd DONTES_FELULBIRALAS a generalo szkriptben (Job fejezet 41)	H6833	צִּפּ֑וֹר	tzi.Por	צִפּוֹר	bird	bird
Job.41.5	Job.40.29	ADATMINOSEGI_GYANU	lasd DONTES_FELULBIRALAS a generalo szkriptben (Job fejezet 41)	H9002	וְ֝	ve.	ו	and	and
Job.41.5	Job.40.29	ADATMINOSEGI_GYANU	lasd DONTES_FELULBIRALAS a generalo szkriptben (Job fejezet 41)	H7194	תִקְשְׁרֶ֗	tik.she.Re.	קָשַׁר	to conspire	will you bind?
Job.41.5	Job.40.29	ADATMINOSEGI_GYANU	lasd DONTES_FELULBIRALAS a generalo szkriptben (Job fejezet 41)	H9033	נּוּ	nu	Os3m	him	it
Job.41.5	Job.40.29	ADATMINOSEGI_GYANU	lasd DONTES_FELULBIRALAS a generalo szkriptben (Job fejezet 41)	H9005	לְ	le.	ל	to	for
Job.41.5	Job.40.29	ADATMINOSEGI_GYANU	lasd DONTES_FELULBIRALAS a generalo szkriptben (Job fejezet 41)	H5291	נַעֲרוֹתֶֽי	na.'a.ro.Tei.	נַעֲרָה	maiden	girls
Job.41.5	Job.40.29	ADATMINOSEGI_GYANU	lasd DONTES_FELULBIRALAS a generalo szkriptben (Job fejezet 41)	H9021	ךָ	kha	Ps2m	your	your
Job.41.6	Job.40.30	ADATMINOSEGI_GYANU	lasd DONTES_FELULBIRALAS a generalo szkriptben (Job fejezet 41)	H3739	יִכְר֣וּ	yikh.Ru	כָּרָה	to trade	will they bargain?
Job.41.6	Job.40.30	ADATMINOSEGI_GYANU	lasd DONTES_FELULBIRALAS a generalo szkriptben (Job fejezet 41)	H5921	עָ֭לָי	'A.la	עַל	upon	on
Job.41.6	Job.40.30	ADATMINOSEGI_GYANU	lasd DONTES_FELULBIRALAS a generalo szkriptben (Job fejezet 41)	H9033	ו	v	Os3m	him	it
Job.41.6	Job.40.30	ADATMINOSEGI_GYANU	lasd DONTES_FELULBIRALAS a generalo szkriptben (Job fejezet 41)	H2271	חַבָּרִ֑ים	cha.ba.Rim	חַבָּר	associate	partners
Job.41.6	Job.40.30	ADATMINOSEGI_GYANU	lasd DONTES_FELULBIRALAS a generalo szkriptben (Job fejezet 41)	H2673	יֶ֝חֱצ֗וּ	ye.che.Tzu.	חָצָה	to divide	will they divide?
Job.41.6	Job.40.30	ADATMINOSEGI_GYANU	lasd DONTES_FELULBIRALAS a generalo szkriptben (Job fejezet 41)	H9033	הוּ	hu	Os3m	him	it
Job.41.6	Job.40.30	ADATMINOSEGI_GYANU	lasd DONTES_FELULBIRALAS a generalo szkriptben (Job fejezet 41)	H0996	בֵּ֣ין	bein	בַּ֫יִן	between	between
Job.41.6	Job.40.30	ADATMINOSEGI_GYANU	lasd DONTES_FELULBIRALAS a generalo szkriptben (Job fejezet 41)	H3669	כְּֽנַעֲנִֽים	Ke.na.'a.Nim	כְּנַעֲנִי	merchant	merchants
Job.41.7	Job.40.31	ADATMINOSEGI_GYANU	lasd DONTES_FELULBIRALAS a generalo szkriptben (Job fejezet 41)	H9008	הַֽ	ha	ה	¿	¿
Job.41.7	Job.40.31	ADATMINOSEGI_GYANU	lasd DONTES_FELULBIRALAS a generalo szkriptben (Job fejezet 41)	H4390	תְמַלֵּ֣א	t.ma.Le'	מָלֵא	to fill	will you fill
Job.41.7	Job.40.31	ADATMINOSEGI_GYANU	lasd DONTES_FELULBIRALAS a generalo szkriptben (Job fejezet 41)	H9003	בְ	ve.	ב	in	with
Job.41.7	Job.40.31	ADATMINOSEGI_GYANU	lasd DONTES_FELULBIRALAS a generalo szkriptben (Job fejezet 41)	H7905	שֻׂכּ֣וֹת	su.Kot	שֻׂכָּה	spear	harpoons
Job.41.7	Job.40.31	ADATMINOSEGI_GYANU	lasd DONTES_FELULBIRALAS a generalo szkriptben (Job fejezet 41)	H5785	עוֹר֑	o.R	עוֹר	skin	hide
Job.41.7	Job.40.31	ADATMINOSEGI_GYANU	lasd DONTES_FELULBIRALAS a generalo szkriptben (Job fejezet 41)	H9023	וֹ	o	Ps3m	his	its
Job.41.7	Job.40.31	ADATMINOSEGI_GYANU	lasd DONTES_FELULBIRALAS a generalo szkriptben (Job fejezet 41)	H9002	וּ	u.	ו	and	and
Job.41.7	Job.40.31	ADATMINOSEGI_GYANU	lasd DONTES_FELULBIRALAS a generalo szkriptben (Job fejezet 41)	H9003	בְ	ve.	ב	in	with
Job.41.7	Job.40.31	ADATMINOSEGI_GYANU	lasd DONTES_FELULBIRALAS a generalo szkriptben (Job fejezet 41)	H6767	צִלְצַ֖ל	tzil.Tzal	צִלִצָל	spear	a spear of
Job.41.7	Job.40.31	ADATMINOSEGI_GYANU	lasd DONTES_FELULBIRALAS a generalo szkriptben (Job fejezet 41)	H1709	דָּגִ֣ים	da.Gim	דָּג	fish	fish<es>
Job.41.7	Job.40.31	ADATMINOSEGI_GYANU	lasd DONTES_FELULBIRALAS a generalo szkriptben (Job fejezet 41)	H7218	רֹאשֽׁ	ro.Sh	רֹאשׁ	head	head
Job.41.7	Job.40.31	ADATMINOSEGI_GYANU	lasd DONTES_FELULBIRALAS a generalo szkriptben (Job fejezet 41)	H9023	וֹ	o	Ps3m	his	its
Job.41.8	Job.40.32	ADATMINOSEGI_GYANU	lasd DONTES_FELULBIRALAS a generalo szkriptben (Job fejezet 41)	H7760	שִׂים	sim-	שׂוּם	to set	put
Job.41.8	Job.40.32	ADATMINOSEGI_GYANU	lasd DONTES_FELULBIRALAS a generalo szkriptben (Job fejezet 41)	H5921	עָלָ֥י	'a.La	עַל	upon	on
Job.41.8	Job.40.32	ADATMINOSEGI_GYANU	lasd DONTES_FELULBIRALAS a generalo szkriptben (Job fejezet 41)	H9033	ו	v	Os3m	him	it
Job.41.8	Job.40.32	ADATMINOSEGI_GYANU	lasd DONTES_FELULBIRALAS a generalo szkriptben (Job fejezet 41)	H3709	כַּפֶּ֑	ka.Pe.	כַּף	palm	hands
Job.41.8	Job.40.32	ADATMINOSEGI_GYANU	lasd DONTES_FELULBIRALAS a generalo szkriptben (Job fejezet 41)	H9021	ךָ	kha	Ps2m	your	your
Job.41.8	Job.40.32	ADATMINOSEGI_GYANU	lasd DONTES_FELULBIRALAS a generalo szkriptben (Job fejezet 41)	H2142	זְכֹ֥ר	ze.Khor	זָכַר	to remember	remember
Job.41.8	Job.40.32	ADATMINOSEGI_GYANU	lasd DONTES_FELULBIRALAS a generalo szkriptben (Job fejezet 41)	H4421	מִ֝לְחָמָ֗ה	mil.cha.Mah	מִלְחָמָה	battle	[the] battle
Job.41.8	Job.40.32	ADATMINOSEGI_GYANU	lasd DONTES_FELULBIRALAS a generalo szkriptben (Job fejezet 41)	H0408	אַל	'al-	אַל	not	may not
Job.41.8	Job.40.32	ADATMINOSEGI_GYANU	lasd DONTES_FELULBIRALAS a generalo szkriptben (Job fejezet 41)	H3254	תּוֹסַֽף	to.Saf	יָסַף	to add	you repeat
Job.41.9	Job.41.1	ADATMINOSEGI_GYANU	lasd DONTES_FELULBIRALAS a generalo szkriptben (Job fejezet 41)	H2005	הֵן	hen-	הֵן	look!	there!
Job.41.9	Job.41.1	ADATMINOSEGI_GYANU	lasd DONTES_FELULBIRALAS a generalo szkriptben (Job fejezet 41)	H8431	תֹּחַלְתּ֥	to.chal.T	תּוֹחֶ֫לֶת	hope	hope
Job.41.9	Job.41.1	ADATMINOSEGI_GYANU	lasd DONTES_FELULBIRALAS a generalo szkriptben (Job fejezet 41)	H9023	וֹ	o	Ps3m	his	his
Job.41.9	Job.41.1	ADATMINOSEGI_GYANU	lasd DONTES_FELULBIRALAS a generalo szkriptben (Job fejezet 41)	H3576	נִכְזָ֑בָה	nikh.Za.vah	כָּזַב	to lie	it is proved a lie
Job.41.9	Job.41.1	ADATMINOSEGI_GYANU	lasd DONTES_FELULBIRALAS a generalo szkriptben (Job fejezet 41)	H9008	הֲ	ha.	ה	¿	¿
Job.41.9	Job.41.1	ADATMINOSEGI_GYANU	lasd DONTES_FELULBIRALAS a generalo szkriptben (Job fejezet 41)	H1571	גַ֖ם	Gam	גַּם	also	also
Job.41.9	Job.41.1	ADATMINOSEGI_GYANU	lasd DONTES_FELULBIRALAS a generalo szkriptben (Job fejezet 41)	H0413	אֶל	'el-	אֶל	to(wards)	because of
Job.41.9	Job.41.1	ADATMINOSEGI_GYANU	lasd DONTES_FELULBIRALAS a generalo szkriptben (Job fejezet 41)	H4758	מַרְאָ֣י	mar.'A	מַרְאֶה	appearance	appearance
Job.41.9	Job.41.1	ADATMINOSEGI_GYANU	lasd DONTES_FELULBIRALAS a generalo szkriptben (Job fejezet 41)	H9023	ו	v	Ps3m	his	its
Job.41.9	Job.41.1	ADATMINOSEGI_GYANU	lasd DONTES_FELULBIRALAS a generalo szkriptben (Job fejezet 41)	H2904	יֻטָֽל	yu.Tal	טוּל	to cast	everyone is thrown down
Job.41.10	Job.41.2	ADATMINOSEGI_GYANU	lasd DONTES_FELULBIRALAS a generalo szkriptben (Job fejezet 41)	H3808	לֹֽא	lo'-	לֹא	not	not
Job.41.10	Job.41.2	ADATMINOSEGI_GYANU	lasd DONTES_FELULBIRALAS a generalo szkriptben (Job fejezet 41)	H0393	אַ֭כְזָר	'Akh.zor	אַכְזָר	cruel	fierce
Job.41.10	Job.41.2	ADATMINOSEGI_GYANU	lasd DONTES_FELULBIRALAS a generalo szkriptben (Job fejezet 41)	H3588	כִּ֣י	ki	כִּי	for	that
Job.41.10	Job.41.2	ADATMINOSEGI_GYANU	lasd DONTES_FELULBIRALAS a generalo szkriptben (Job fejezet 41)	H5782	יְעוּרֶ֑	ye.'u.Re.	עוּר	to rouse	he will rouse
Job.41.10	Job.41.2	ADATMINOSEGI_GYANU	lasd DONTES_FELULBIRALAS a generalo szkriptben (Job fejezet 41)	H9033	נּוּ	nu	Os3m	him	it
Job.41.10	Job.41.2	ADATMINOSEGI_GYANU	lasd DONTES_FELULBIRALAS a generalo szkriptben (Job fejezet 41)	H9002	וּ	u.	ו	and	and
Job.41.10	Job.41.2	ADATMINOSEGI_GYANU	lasd DONTES_FELULBIRALAS a generalo szkriptben (Job fejezet 41)	H4310	מִ֥י	Mi	מִי	who?	who?
Job.41.10	Job.41.2	ADATMINOSEGI_GYANU	lasd DONTES_FELULBIRALAS a generalo szkriptben (Job fejezet 41)	H1931	ה֝֗וּא	Hu'	הוּא	he;_she;_it	that
Job.41.10	Job.41.2	ADATMINOSEGI_GYANU	lasd DONTES_FELULBIRALAS a generalo szkriptben (Job fejezet 41)	H9005	לְ	le.	ל	to	<to>
Job.41.10	Job.41.2	ADATMINOSEGI_GYANU	lasd DONTES_FELULBIRALAS a generalo szkriptben (Job fejezet 41)	H6440	פָנַ֥	fa.Na	פָּנֶה	face	before
Job.41.10	Job.41.2	ADATMINOSEGI_GYANU	lasd DONTES_FELULBIRALAS a generalo szkriptben (Job fejezet 41)	H9020	י	i	Ps1c	my	me
Job.41.10	Job.41.2	ADATMINOSEGI_GYANU	lasd DONTES_FELULBIRALAS a generalo szkriptben (Job fejezet 41)	H3320	יִתְיַצָּֽב	yit.ya.Tzav	יָצַב	to stand	will he take his stand
Job.41.11	Job.41.3	ADATMINOSEGI_GYANU	lasd DONTES_FELULBIRALAS a generalo szkriptben (Job fejezet 41)	H4310	מִ֣י	mi	מִי	who?	who?
Job.41.11	Job.41.3	ADATMINOSEGI_GYANU	lasd DONTES_FELULBIRALAS a generalo szkriptben (Job fejezet 41)	H6923	הִ֭קְדִּימַ	Hik.di.ma.	קָדַם	to meet	has he confronted
Job.41.11	Job.41.3	ADATMINOSEGI_GYANU	lasd DONTES_FELULBIRALAS a generalo szkriptben (Job fejezet 41)	H9030	נִי	ni	Os1c	me	me
Job.41.11	Job.41.3	ADATMINOSEGI_GYANU	lasd DONTES_FELULBIRALAS a generalo szkriptben (Job fejezet 41)	H9002	וַ	va.	ו	and	and
Job.41.11	Job.41.3	ADATMINOSEGI_GYANU	lasd DONTES_FELULBIRALAS a generalo szkriptben (Job fejezet 41)	H7999	אֲשַׁלֵּ֑ם	'a.sha.Lem	שָׁלֵם	to complete	I may repay
Job.41.11	Job.41.3	ADATMINOSEGI_GYANU	lasd DONTES_FELULBIRALAS a generalo szkriptben (Job fejezet 41)	H8478	תַּ֖חַת	Ta.chat	תַּחַת	underneath	under
Job.41.11	Job.41.3	ADATMINOSEGI_GYANU	lasd DONTES_FELULBIRALAS a generalo szkriptben (Job fejezet 41)	H3605	כָּל	kol-	כֹּל	all	all
Job.41.11	Job.41.3	ADATMINOSEGI_GYANU	lasd DONTES_FELULBIRALAS a generalo szkriptben (Job fejezet 41)	H9009	הַ	ha.	ה	the	the
Job.41.11	Job.41.3	ADATMINOSEGI_GYANU	lasd DONTES_FELULBIRALAS a generalo szkriptben (Job fejezet 41)	H8064	שָּׁמַ֣יִם	sha.Ma.yim	שָׁמַיִם	heaven	heavens
Job.41.11	Job.41.3	ADATMINOSEGI_GYANU	lasd DONTES_FELULBIRALAS a generalo szkriptben (Job fejezet 41)	H9005	לִ	li	ל	to	[belongs] to
Job.41.11	Job.41.3	ADATMINOSEGI_GYANU	lasd DONTES_FELULBIRALAS a generalo szkriptben (Job fejezet 41)	H9030	י	-	Os1c	me	me
Job.41.11	Job.41.3	ADATMINOSEGI_GYANU	lasd DONTES_FELULBIRALAS a generalo szkriptben (Job fejezet 41)	H1931	הֽוּא	Hu'	הוּא	he;_she;_it	it
Job.41.12	Job.41.4	ADATMINOSEGI_GYANU	lasd DONTES_FELULBIRALAS a generalo szkriptben (Job fejezet 41)	H9005	לֽ	l	ל	to	to
Job.41.12	Job.41.4	ADATMINOSEGI_GYANU	lasd DONTES_FELULBIRALAS a generalo szkriptben (Job fejezet 41)	H9033	וֹ	o-	Os3m	him	it
Job.41.12	Job.41.4	ADATMINOSEGI_GYANU	lasd DONTES_FELULBIRALAS a generalo szkriptben (Job fejezet 41)	H2790	אַחֲרִ֥ישׁ	'a.cha.Rish	חָרֵשׁ	be quiet	I will keep silent
Job.41.12	Job.41.4	ADATMINOSEGI_GYANU	lasd DONTES_FELULBIRALAS a generalo szkriptben (Job fejezet 41)	H0907	בַּדָּ֑י	ba.Da	בַּד	bluster	limbs
Job.41.12	Job.41.4	ADATMINOSEGI_GYANU	lasd DONTES_FELULBIRALAS a generalo szkriptben (Job fejezet 41)	H9023	ו	v	Ps3m	his	its
Job.41.12	Job.41.4	ADATMINOSEGI_GYANU	lasd DONTES_FELULBIRALAS a generalo szkriptben (Job fejezet 41)	H9002	וּ	u.	ו	and	and
Job.41.12	Job.41.4	ADATMINOSEGI_GYANU	lasd DONTES_FELULBIRALAS a generalo szkriptben (Job fejezet 41)	H1697	דְבַר	de.var-	דָּבָר	word	[the] matter of
Job.41.12	Job.41.4	ADATMINOSEGI_GYANU	lasd DONTES_FELULBIRALAS a generalo szkriptben (Job fejezet 41)	H1369	גְּ֝בוּר֗וֹת	ge.vu.Rot	גְּבוּרָה	might	strength<s>
Job.41.12	Job.41.4	ADATMINOSEGI_GYANU	lasd DONTES_FELULBIRALAS a generalo szkriptben (Job fejezet 41)	H9002	וְ	ve.	ו	and	and
Job.41.12	Job.41.4	ADATMINOSEGI_GYANU	lasd DONTES_FELULBIRALAS a generalo szkriptben (Job fejezet 41)	H2433	חִ֣ין	Chin	חִין	beauty	[the] grace of
Job.41.12	Job.41.4	ADATMINOSEGI_GYANU	lasd DONTES_FELULBIRALAS a generalo szkriptben (Job fejezet 41)	H6187	עֶרְכּֽ	er.K	עֵ֫רֶךְ	valuation	arrangement
Job.41.12	Job.41.4	ADATMINOSEGI_GYANU	lasd DONTES_FELULBIRALAS a generalo szkriptben (Job fejezet 41)	H9023	וֹ	o	Ps3m	his	its
Job.41.13	Job.41.5	ADATMINOSEGI_GYANU	lasd DONTES_FELULBIRALAS a generalo szkriptben (Job fejezet 41)	H4310	מִֽי	mi-	מִי	who?	who?
Job.41.13	Job.41.5	ADATMINOSEGI_GYANU	lasd DONTES_FELULBIRALAS a generalo szkriptben (Job fejezet 41)	H1540	גִ֭לָּה	Gi.lah	גָּלָה	to reveal	has he uncovered
Job.41.13	Job.41.5	ADATMINOSEGI_GYANU	lasd DONTES_FELULBIRALAS a generalo szkriptben (Job fejezet 41)	H6440	פְּנֵ֣י	pe.Nei	פָּנֶה	face	[the] surface of
Job.41.13	Job.41.5	ADATMINOSEGI_GYANU	lasd DONTES_FELULBIRALAS a generalo szkriptben (Job fejezet 41)	H3830	לְבוּשׁ֑	le.vu.Sh	לְבוּשׁ	clothing	clothing
Job.41.13	Job.41.5	ADATMINOSEGI_GYANU	lasd DONTES_FELULBIRALAS a generalo szkriptben (Job fejezet 41)	H9023	וֹ	o	Ps3m	his	its
Job.41.13	Job.41.5	ADATMINOSEGI_GYANU	lasd DONTES_FELULBIRALAS a generalo szkriptben (Job fejezet 41)	H9003	בְּ	be.	ב	in	in
Job.41.13	Job.41.5	ADATMINOSEGI_GYANU	lasd DONTES_FELULBIRALAS a generalo szkriptben (Job fejezet 41)	H3718	כֶ֥פֶל	Khe.fel	כֶּ֫פֶל	double	[the] doubling of
Job.41.13	Job.41.5	ADATMINOSEGI_GYANU	lasd DONTES_FELULBIRALAS a generalo szkriptben (Job fejezet 41)	H7448	רִ֝סְנ֗	ris.N	רֶ֫סֶן	bridle	halter
Job.41.13	Job.41.5	ADATMINOSEGI_GYANU	lasd DONTES_FELULBIRALAS a generalo szkriptben (Job fejezet 41)	H9023	וֹ	o	Ps3m	his	its
Job.41.13	Job.41.5	ADATMINOSEGI_GYANU	lasd DONTES_FELULBIRALAS a generalo szkriptben (Job fejezet 41)	H4310	מִ֣י	mi	מִי	who?	who?
Job.41.13	Job.41.5	ADATMINOSEGI_GYANU	lasd DONTES_FELULBIRALAS a generalo szkriptben (Job fejezet 41)	H0935	יָבֽוֹא	ya.Vo'	בּוֹא	to come (in)	will he come
Job.41.14	Job.41.6	ADATMINOSEGI_GYANU	lasd DONTES_FELULBIRALAS a generalo szkriptben (Job fejezet 41)	H1817	דַּלְתֵ֣י	dal.Tei	דֶּ֫לֶת	door	[the] doors of
Job.41.14	Job.41.6	ADATMINOSEGI_GYANU	lasd DONTES_FELULBIRALAS a generalo szkriptben (Job fejezet 41)	H6440	פָ֭נָי	Fa.na	פָּנֶה	face	face
Job.41.14	Job.41.6	ADATMINOSEGI_GYANU	lasd DONTES_FELULBIRALAS a generalo szkriptben (Job fejezet 41)	H9023	ו	v	Ps3m	his	its
Job.41.14	Job.41.6	ADATMINOSEGI_GYANU	lasd DONTES_FELULBIRALAS a generalo szkriptben (Job fejezet 41)	H4310	מִ֣י	mi	מִי	who?	who?
Job.41.14	Job.41.6	ADATMINOSEGI_GYANU	lasd DONTES_FELULBIRALAS a generalo szkriptben (Job fejezet 41)	H6605	פִתֵּ֑חַ	fi.Te.ach	פָּתַח	to open	has he opened
Job.41.14	Job.41.6	ADATMINOSEGI_GYANU	lasd DONTES_FELULBIRALAS a generalo szkriptben (Job fejezet 41)	H5439	סְבִיב֖וֹת	se.vi.Vot	סָבִיב	around	[is] around
Job.41.14	Job.41.6	ADATMINOSEGI_GYANU	lasd DONTES_FELULBIRALAS a generalo szkriptben (Job fejezet 41)	H8127	שִׁנָּ֣י	shi.Na	שֵׁן	tooth	teeth
Job.41.14	Job.41.6	ADATMINOSEGI_GYANU	lasd DONTES_FELULBIRALAS a generalo szkriptben (Job fejezet 41)	H9023	ו	v	Ps3m	his	its
Job.41.14	Job.41.6	ADATMINOSEGI_GYANU	lasd DONTES_FELULBIRALAS a generalo szkriptben (Job fejezet 41)	H0367	אֵימָֽה	'ei.Mah	אֵימָה	terror	terror
Job.41.15	Job.41.7	ADATMINOSEGI_GYANU	lasd DONTES_FELULBIRALAS a generalo szkriptben (Job fejezet 41)	H1346	גַּ֭אֲוָה	Ga.'a.vah	גַּאֲוָה	pride	pride
Job.41.15	Job.41.7	ADATMINOSEGI_GYANU	lasd DONTES_FELULBIRALAS a generalo szkriptben (Job fejezet 41)	H0650	אֲפִיקֵ֣י	'a.fi.Kei	אָפִיק	channel	[is] rows of
Job.41.15	Job.41.7	ADATMINOSEGI_GYANU	lasd DONTES_FELULBIRALAS a generalo szkriptben (Job fejezet 41)	H4043	מָֽגִנִּ֑ים	ma.gi.Nim	מָגֵן	shield	shields
Job.41.15	Job.41.7	ADATMINOSEGI_GYANU	lasd DONTES_FELULBIRALAS a generalo szkriptben (Job fejezet 41)	H5462	סָ֝ג֗וּר	sa.Gur	סָגַר	to shut	shut up
Job.41.15	Job.41.7	ADATMINOSEGI_GYANU	lasd DONTES_FELULBIRALAS a generalo szkriptben (Job fejezet 41)	H2368	חוֹתָ֥ם	cho.Tam	חֹתָם	signet	a seal
Job.41.15	Job.41.7	ADATMINOSEGI_GYANU	lasd DONTES_FELULBIRALAS a generalo szkriptben (Job fejezet 41)	H6862	צָֽר	Tzar	צַר	narrow	tight
Job.41.16	Job.41.8	ADATMINOSEGI_GYANU	lasd DONTES_FELULBIRALAS a generalo szkriptben (Job fejezet 41)	H0259	אֶחָ֣ד	'e.Chad	אֶחָד	one	one
Job.41.16	Job.41.8	ADATMINOSEGI_GYANU	lasd DONTES_FELULBIRALAS a generalo szkriptben (Job fejezet 41)	H9003	בְּ	be.	ב	in	on
Job.41.16	Job.41.8	ADATMINOSEGI_GYANU	lasd DONTES_FELULBIRALAS a generalo szkriptben (Job fejezet 41)	H0259	אֶחָ֣ד	'e.Chad	אֶחָד	one	one
Job.41.16	Job.41.8	ADATMINOSEGI_GYANU	lasd DONTES_FELULBIRALAS a generalo szkriptben (Job fejezet 41)	H5066	יִגַּ֑שׁוּ	yi.Ga.shu	נָגַשׁ	to approach	they draw near
Job.41.16	Job.41.8	ADATMINOSEGI_GYANU	lasd DONTES_FELULBIRALAS a generalo szkriptben (Job fejezet 41)	H9002	וְ֝	ve.	ו	and	and
Job.41.16	Job.41.8	ADATMINOSEGI_GYANU	lasd DONTES_FELULBIRALAS a generalo szkriptben (Job fejezet 41)	H7307	ר֗וּחַ	Ru.ach	רוּחַ	spirit	a breath
Job.41.16	Job.41.8	ADATMINOSEGI_GYANU	lasd DONTES_FELULBIRALAS a generalo szkriptben (Job fejezet 41)	H3808	לֹא	lo'-	לֹא	not	not
Job.41.16	Job.41.8	ADATMINOSEGI_GYANU	lasd DONTES_FELULBIRALAS a generalo szkriptben (Job fejezet 41)	H0935	יָב֥וֹא	ya.Vo'	בּוֹא	to come (in)	it goes
Job.41.16	Job.41.8	ADATMINOSEGI_GYANU	lasd DONTES_FELULBIRALAS a generalo szkriptben (Job fejezet 41)	H0996	בֵֽינֵי	Vei.nei.	בַּ֫יִן	between	between
Job.41.16	Job.41.8	ADATMINOSEGI_GYANU	lasd DONTES_FELULBIRALAS a generalo szkriptben (Job fejezet 41)	H9038	הֶֽם	Hem	Op3m	them	them
Job.41.17	Job.41.9	ADATMINOSEGI_GYANU	lasd DONTES_FELULBIRALAS a generalo szkriptben (Job fejezet 41)	H0376	אִישׁ	'ish-	אִישׁ	man	each
Job.41.17	Job.41.9	ADATMINOSEGI_GYANU	lasd DONTES_FELULBIRALAS a generalo szkriptben (Job fejezet 41)	H9003	בְּ	be.	ב	in	on
Job.41.17	Job.41.9	ADATMINOSEGI_GYANU	lasd DONTES_FELULBIRALAS a generalo szkriptben (Job fejezet 41)	H0251	אָחִ֥י	'a.Chi.	אָח	brother	brother
Job.41.17	Job.41.9	ADATMINOSEGI_GYANU	lasd DONTES_FELULBIRALAS a generalo szkriptben (Job fejezet 41)	H9023	הוּ	hu	Ps3m	his	its
Job.41.17	Job.41.9	ADATMINOSEGI_GYANU	lasd DONTES_FELULBIRALAS a generalo szkriptben (Job fejezet 41)	H1692	יְדֻבָּ֑קוּ	ye.du.Ba.ku	דָּבַק	to cleave	they are joined together
Job.41.17	Job.41.9	ADATMINOSEGI_GYANU	lasd DONTES_FELULBIRALAS a generalo szkriptben (Job fejezet 41)	H3920	יִ֝תְלַכְּד֗וּ	yit.la.ke.Du	לָכַד	to capture	they grasp one another
Job.41.17	Job.41.9	ADATMINOSEGI_GYANU	lasd DONTES_FELULBIRALAS a generalo szkriptben (Job fejezet 41)	H9002	וְ	ve.	ו	and	and
Job.41.17	Job.41.9	ADATMINOSEGI_GYANU	lasd DONTES_FELULBIRALAS a generalo szkriptben (Job fejezet 41)	H3808	לֹ֣א	Lo'	לֹא	not	not
Job.41.17	Job.41.9	ADATMINOSEGI_GYANU	lasd DONTES_FELULBIRALAS a generalo szkriptben (Job fejezet 41)	H6504	יִתְפָּרָֽדוּ	yit.pa.Ra.du	פָּרַד	to separate	they are separated
Job.41.18	Job.41.10	ADATMINOSEGI_GYANU	lasd DONTES_FELULBIRALAS a generalo szkriptben (Job fejezet 41)	H5846	עֲֽ֭טִישֹׁתָי	'aTi.sho.ta	עֲטִישָׁה	sneezing	sneezing<s>
Job.41.18	Job.41.10	ADATMINOSEGI_GYANU	lasd DONTES_FELULBIRALAS a generalo szkriptben (Job fejezet 41)	H9023	ו	v	Ps3m	his	its
Job.41.18	Job.41.10	ADATMINOSEGI_GYANU	lasd DONTES_FELULBIRALAS a generalo szkriptben (Job fejezet 41)	H1984	תָּ֣הֶל	Ta.hel	הָלַל	to shine	it flashes forth
Job.41.18	Job.41.10	ADATMINOSEGI_GYANU	lasd DONTES_FELULBIRALAS a generalo szkriptben (Job fejezet 41)	H0216	א֑וֹר	'or	אוֹר	light	light
Job.41.18	Job.41.10	ADATMINOSEGI_GYANU	lasd DONTES_FELULBIRALAS a generalo szkriptben (Job fejezet 41)	H9002	וְ֝	ve.	ו	and	and
Job.41.18	Job.41.10	ADATMINOSEGI_GYANU	lasd DONTES_FELULBIRALAS a generalo szkriptben (Job fejezet 41)	H5869	עֵינָ֗י	'ei.Na	עַ֫יִן	eye	eyes
Job.41.18	Job.41.10	ADATMINOSEGI_GYANU	lasd DONTES_FELULBIRALAS a generalo szkriptben (Job fejezet 41)	H9023	ו	v	Ps3m	his	its
Job.41.18	Job.41.10	ADATMINOSEGI_GYANU	lasd DONTES_FELULBIRALAS a generalo szkriptben (Job fejezet 41)	H9004	כְּ	ke.	כ	like	[are] like
Job.41.18	Job.41.10	ADATMINOSEGI_GYANU	lasd DONTES_FELULBIRALAS a generalo szkriptben (Job fejezet 41)	H6079	עַפְעַפֵּי	'af.'a.pei-	עַפְעַף	eyelid	[the] eyelids of
Job.41.18	Job.41.10	ADATMINOSEGI_GYANU	lasd DONTES_FELULBIRALAS a generalo szkriptben (Job fejezet 41)	H7837	שָֽׁחַר	Sha.char	שַׁ֫חַר	dawn	dawn
Job.41.19	Job.41.11	ADATMINOSEGI_GYANU	lasd DONTES_FELULBIRALAS a generalo szkriptben (Job fejezet 41)	H9006	מִ֭	Mi.	מ	from	from
Job.41.19	Job.41.11	ADATMINOSEGI_GYANU	lasd DONTES_FELULBIRALAS a generalo szkriptben (Job fejezet 41)	H6310	פִּי	pi	פֶּה	lip	mouth
Job.41.19	Job.41.11	ADATMINOSEGI_GYANU	lasd DONTES_FELULBIRALAS a generalo szkriptben (Job fejezet 41)	H9023	ו	v	Ps3m	his	its
Job.41.19	Job.41.11	ADATMINOSEGI_GYANU	lasd DONTES_FELULBIRALAS a generalo szkriptben (Job fejezet 41)	H3940	לַפִּידִ֣ים	la.pi.Dim	לַפִּיד	torch	torches
Job.41.19	Job.41.11	ADATMINOSEGI_GYANU	lasd DONTES_FELULBIRALAS a generalo szkriptben (Job fejezet 41)	H1980	יַהֲלֹ֑כוּ	ya.ha.Lo.khu	הָלַךְ	to go	they go
Job.41.19	Job.41.11	ADATMINOSEGI_GYANU	lasd DONTES_FELULBIRALAS a generalo szkriptben (Job fejezet 41)	H3590	כִּיד֥וֹדֵי	ki.Do.dei	כִּידוֹד	spark	sparks of
Job.41.19	Job.41.11	ADATMINOSEGI_GYANU	lasd DONTES_FELULBIRALAS a generalo szkriptben (Job fejezet 41)	H0784	אֵ֝֗שׁ	'Esh	אֵשׁ	fire	fire
Job.41.19	Job.41.11	ADATMINOSEGI_GYANU	lasd DONTES_FELULBIRALAS a generalo szkriptben (Job fejezet 41)	H4422	יִתְמַלָּֽטוּ	yit.ma.La.tu	מָלַט	to escape	they escape
Job.41.20	Job.41.12	ADATMINOSEGI_GYANU	lasd DONTES_FELULBIRALAS a generalo szkriptben (Job fejezet 41)	H9006	מִ֭	Mi.	מ	from	from
Job.41.20	Job.41.12	ADATMINOSEGI_GYANU	lasd DONTES_FELULBIRALAS a generalo szkriptben (Job fejezet 41)	H5156	נְּחִירָי	ne.chi.ra	נָחִיר	nostril	nostrils
Job.41.20	Job.41.12	ADATMINOSEGI_GYANU	lasd DONTES_FELULBIRALAS a generalo szkriptben (Job fejezet 41)	H9023	ו	v	Ps3m	his	its
Job.41.20	Job.41.12	ADATMINOSEGI_GYANU	lasd DONTES_FELULBIRALAS a generalo szkriptben (Job fejezet 41)	H3318	יֵצֵ֣א	ye.Tze'	יָצָא	to come out	it goes forth
Job.41.20	Job.41.12	ADATMINOSEGI_GYANU	lasd DONTES_FELULBIRALAS a generalo szkriptben (Job fejezet 41)	H6227	עָשָׁ֑ן	'a.Shan	עָשָׁן	smoke	smoke
Job.41.20	Job.41.12	ADATMINOSEGI_GYANU	lasd DONTES_FELULBIRALAS a generalo szkriptben (Job fejezet 41)	H9004	כְּ	ke.	כ	like	like
Job.41.20	Job.41.12	ADATMINOSEGI_GYANU	lasd DONTES_FELULBIRALAS a generalo szkriptben (Job fejezet 41)	H1731	ד֖וּד	Dud	דּוּד	pot	a pot
Job.41.20	Job.41.12	ADATMINOSEGI_GYANU	lasd DONTES_FELULBIRALAS a generalo szkriptben (Job fejezet 41)	H5301	נָפ֣וּחַ	na.Fu.ach	נָפַח	to breathe	blown upon
Job.41.20	Job.41.12	ADATMINOSEGI_GYANU	lasd DONTES_FELULBIRALAS a generalo szkriptben (Job fejezet 41)	H9002	וְ	ve.	ו	and	and
Job.41.20	Job.41.12	ADATMINOSEGI_GYANU	lasd DONTES_FELULBIRALAS a generalo szkriptben (Job fejezet 41)	H0100	אַגְמֹֽן	'ag.Mon	אַגְמֹן	bulrush	bulrush[es]
Job.41.21	Job.41.13	ADATMINOSEGI_GYANU	lasd DONTES_FELULBIRALAS a generalo szkriptben (Job fejezet 41)	H5315	נַ֭פְשׁ	naf.sh	נֶ֫פֶשׁ	soul	breath
Job.41.21	Job.41.13	ADATMINOSEGI_GYANU	lasd DONTES_FELULBIRALAS a generalo szkriptben (Job fejezet 41)	H9023	וֹ	o	Ps3m	his	its
Job.41.21	Job.41.13	ADATMINOSEGI_GYANU	lasd DONTES_FELULBIRALAS a generalo szkriptben (Job fejezet 41)	H1513	גֶּחָלִ֣ים	ge.cha.Lim	גַּחֶ֫לֶת	coal	coals
Job.41.21	Job.41.13	ADATMINOSEGI_GYANU	lasd DONTES_FELULBIRALAS a generalo szkriptben (Job fejezet 41)	H3857	תְּלַהֵ֑ט	te.la.Het	לָהַט	to kindle	it kindles
Job.41.21	Job.41.13	ADATMINOSEGI_GYANU	lasd DONTES_FELULBIRALAS a generalo szkriptben (Job fejezet 41)	H9002	וְ֝	ve.	ו	and	and
Job.41.21	Job.41.13	ADATMINOSEGI_GYANU	lasd DONTES_FELULBIRALAS a generalo szkriptben (Job fejezet 41)	H3851	לַ֗הַב	La.hav	לַ֫הַב	flame	a flame
Job.41.21	Job.41.13	ADATMINOSEGI_GYANU	lasd DONTES_FELULBIRALAS a generalo szkriptben (Job fejezet 41)	H9006	מִ	mi.	מ	from	from
Job.41.21	Job.41.13	ADATMINOSEGI_GYANU	lasd DONTES_FELULBIRALAS a generalo szkriptben (Job fejezet 41)	H6310	פִּ֥י	Pi	פֶּה	lip	mouth
Job.41.21	Job.41.13	ADATMINOSEGI_GYANU	lasd DONTES_FELULBIRALAS a generalo szkriptben (Job fejezet 41)	H9023	ו	v	Ps3m	his	its
Job.41.21	Job.41.13	ADATMINOSEGI_GYANU	lasd DONTES_FELULBIRALAS a generalo szkriptben (Job fejezet 41)	H3318	יֵצֵֽא	ye.Tze'	יָצָא	to come out	it goes forth
Job.41.22	Job.41.14	ADATMINOSEGI_GYANU	lasd DONTES_FELULBIRALAS a generalo szkriptben (Job fejezet 41)	H9003	בְּֽ֭	be.	ב	in	in
Job.41.22	Job.41.14	ADATMINOSEGI_GYANU	lasd DONTES_FELULBIRALAS a generalo szkriptben (Job fejezet 41)	H6677	צַוָּאר	tza.va.r	צַוָּאר	neck	neck
Job.41.22	Job.41.14	ADATMINOSEGI_GYANU	lasd DONTES_FELULBIRALAS a generalo szkriptben (Job fejezet 41)	H9023	וֹ	o	Ps3m	his	its
Job.41.22	Job.41.14	ADATMINOSEGI_GYANU	lasd DONTES_FELULBIRALAS a generalo szkriptben (Job fejezet 41)	H3885	יָלִ֣ין	ya.Lin	לוּן	to lodge	it lodges
Job.41.22	Job.41.14	ADATMINOSEGI_GYANU	lasd DONTES_FELULBIRALAS a generalo szkriptben (Job fejezet 41)	H5797	עֹ֑ז	'Oz	עֹז	strength	strength
Job.41.22	Job.41.14	ADATMINOSEGI_GYANU	lasd DONTES_FELULBIRALAS a generalo szkriptben (Job fejezet 41)	H9002	וּ֝	u.	ו	and	and
Job.41.22	Job.41.14	ADATMINOSEGI_GYANU	lasd DONTES_FELULBIRALAS a generalo szkriptben (Job fejezet 41)	H9005	לְ	le.	ל	to	<to>
Job.41.22	Job.41.14	ADATMINOSEGI_GYANU	lasd DONTES_FELULBIRALAS a generalo szkriptben (Job fejezet 41)	H6440	פָנָ֗י	fa.Na	פָּנֶה	face	before
Job.41.22	Job.41.14	ADATMINOSEGI_GYANU	lasd DONTES_FELULBIRALAS a generalo szkriptben (Job fejezet 41)	H9023	ו	v	Ps3m	his	it
Job.41.22	Job.41.14	ADATMINOSEGI_GYANU	lasd DONTES_FELULBIRALAS a generalo szkriptben (Job fejezet 41)	H1750	תָּד֥וּץ	ta.Dutz	דּוּץ	to dance	it leaps
Job.41.22	Job.41.14	ADATMINOSEGI_GYANU	lasd DONTES_FELULBIRALAS a generalo szkriptben (Job fejezet 41)	H1670	דְּאָבָֽה	de.'a.Vah	דְּאָבָה	dismay	dismay
Job.41.23	Job.41.15	ADATMINOSEGI_GYANU	lasd DONTES_FELULBIRALAS a generalo szkriptben (Job fejezet 41)	H4651	מַפְּלֵ֣י	ma.pe.Lei	מַפָּל	refuse	[the] hanging parts of
Job.41.23	Job.41.15	ADATMINOSEGI_GYANU	lasd DONTES_FELULBIRALAS a generalo szkriptben (Job fejezet 41)	H1320	בְשָׂר֣	ve.sa.R	בָּשָׂר	flesh	flesh
Job.41.23	Job.41.15	ADATMINOSEGI_GYANU	lasd DONTES_FELULBIRALAS a generalo szkriptben (Job fejezet 41)	H9023	וֹ	o	Ps3m	his	its
Job.41.23	Job.41.15	ADATMINOSEGI_GYANU	lasd DONTES_FELULBIRALAS a generalo szkriptben (Job fejezet 41)	H1692	דָבֵ֑קוּ	da.Ve.ku	דָּבַק	to cleave	they cling
Job.41.23	Job.41.15	ADATMINOSEGI_GYANU	lasd DONTES_FELULBIRALAS a generalo szkriptben (Job fejezet 41)	H3332	יָצ֥וּק	ya.Tzuk	יָצַק	to pour	hard
Job.41.23	Job.41.15	ADATMINOSEGI_GYANU	lasd DONTES_FELULBIRALAS a generalo szkriptben (Job fejezet 41)	H5921	עָ֝לָ֗י	'a.La	עַל	upon	to
Job.41.23	Job.41.15	ADATMINOSEGI_GYANU	lasd DONTES_FELULBIRALAS a generalo szkriptben (Job fejezet 41)	H9033	ו	v	Os3m	him	it
Job.41.23	Job.41.15	ADATMINOSEGI_GYANU	lasd DONTES_FELULBIRALAS a generalo szkriptben (Job fejezet 41)	H1077	בַּל	bal-	בַּל	not	not
Job.41.23	Job.41.15	ADATMINOSEGI_GYANU	lasd DONTES_FELULBIRALAS a generalo szkriptben (Job fejezet 41)	H4131	יִמּֽוֹט	yi.Mot	מוֹט	to shake	it is moved
Job.41.24	Job.41.16	ADATMINOSEGI_GYANU	lasd DONTES_FELULBIRALAS a generalo szkriptben (Job fejezet 41)	H3820	לִ֭בּ	li.b	לֵב	heart	heart
Job.41.24	Job.41.16	ADATMINOSEGI_GYANU	lasd DONTES_FELULBIRALAS a generalo szkriptben (Job fejezet 41)	H9023	וֹ	o	Ps3m	his	its
Job.41.24	Job.41.16	ADATMINOSEGI_GYANU	lasd DONTES_FELULBIRALAS a generalo szkriptben (Job fejezet 41)	H3332	יָצ֣וּק	ya.Tzuk	יָצַק	to pour	[is] hard
Job.41.24	Job.41.16	ADATMINOSEGI_GYANU	lasd DONTES_FELULBIRALAS a generalo szkriptben (Job fejezet 41)	H3644	כְּמוֹ	ke.mov-	כְּמוֹ	like	like
Job.41.24	Job.41.16	ADATMINOSEGI_GYANU	lasd DONTES_FELULBIRALAS a generalo szkriptben (Job fejezet 41)	H0068	אָ֑בֶן	'A.ven	אֶ֫בֶן	stone	a stone
Job.41.24	Job.41.16	ADATMINOSEGI_GYANU	lasd DONTES_FELULBIRALAS a generalo szkriptben (Job fejezet 41)	H9002	וְ֝	ve.	ו	and	and
Job.41.24	Job.41.16	ADATMINOSEGI_GYANU	lasd DONTES_FELULBIRALAS a generalo szkriptben (Job fejezet 41)	H3332	יָצ֗וּק	ya.Tzuk	יָצַק	to pour	hard
Job.41.24	Job.41.16	ADATMINOSEGI_GYANU	lasd DONTES_FELULBIRALAS a generalo szkriptben (Job fejezet 41)	H9004	כְּ	ke.	כ	like	like
Job.41.24	Job.41.16	ADATMINOSEGI_GYANU	lasd DONTES_FELULBIRALAS a generalo szkriptben (Job fejezet 41)	H6400	פֶ֣לַח	Fe.lach	פֶּ֫לַח	millstone	a mill-stone
Job.41.24	Job.41.16	ADATMINOSEGI_GYANU	lasd DONTES_FELULBIRALAS a generalo szkriptben (Job fejezet 41)	H8482	תַּחְתִּֽית	tach.Tit	תַּחְתִּי	lower	lower
Job.41.25	Job.41.17	ADATMINOSEGI_GYANU	lasd DONTES_FELULBIRALAS a generalo szkriptben (Job fejezet 41)	H9006	מִ֭	mi.	מ	from	from
Job.41.25	Job.41.17	ADATMINOSEGI_GYANU	lasd DONTES_FELULBIRALAS a generalo szkriptben (Job fejezet 41)	H7613	שֵּׂת	se.t	שְׂאֵת	elevation	uprising
Job.41.25	Job.41.17	ADATMINOSEGI_GYANU	lasd DONTES_FELULBIRALAS a generalo szkriptben (Job fejezet 41)	H9023	וֹ	o	Ps3m	his	its
Job.41.25	Job.41.17	ADATMINOSEGI_GYANU	lasd DONTES_FELULBIRALAS a generalo szkriptben (Job fejezet 41)	H1481	יָג֣וּרוּ	ya.Gu.ru	גּוּר	to dread	they are afraid
Job.41.25	Job.41.17	ADATMINOSEGI_GYANU	lasd DONTES_FELULBIRALAS a generalo szkriptben (Job fejezet 41)	H0410	אֵלִ֑ים	'e.Lim	אֵל	god	mighty ones
Job.41.25	Job.41.17	ADATMINOSEGI_GYANU	lasd DONTES_FELULBIRALAS a generalo szkriptben (Job fejezet 41)	H9006	מִ֝	mi.	מ	from	from
Job.41.25	Job.41.17	ADATMINOSEGI_GYANU	lasd DONTES_FELULBIRALAS a generalo szkriptben (Job fejezet 41)	H7667	שְּׁבָרִ֗ים	she.va.Rim	שֶׁ֫בֶר	breaking	crashing<s>
Job.41.25	Job.41.17	ADATMINOSEGI_GYANU	lasd DONTES_FELULBIRALAS a generalo szkriptben (Job fejezet 41)	H2398	יִתְחַטָּֽאוּ	yit.cha.Ta.'u	חָטָא	to sin	they are bewildered
Job.41.26	Job.41.18	ADATMINOSEGI_GYANU	lasd DONTES_FELULBIRALAS a generalo szkriptben (Job fejezet 41)	H5381	מַשִּׂיגֵ֣	ma.si.Ge.	נָשַׂג	to overtake	[one who] reaches
Job.41.26	Job.41.18	ADATMINOSEGI_GYANU	lasd DONTES_FELULBIRALAS a generalo szkriptben (Job fejezet 41)	H9033	הוּ	hu	Os3m	him	it
Job.41.26	Job.41.18	ADATMINOSEGI_GYANU	lasd DONTES_FELULBIRALAS a generalo szkriptben (Job fejezet 41)	H2719	חֶ֭רֶב	Che.rev	חֶ֫רֶב	sword	a sword
Job.41.26	Job.41.18	ADATMINOSEGI_GYANU	lasd DONTES_FELULBIRALAS a generalo szkriptben (Job fejezet 41)	H1097	בְּלִ֣י	be.Li	בְּלִי	without	not
Job.41.26	Job.41.18	ADATMINOSEGI_GYANU	lasd DONTES_FELULBIRALAS a generalo szkriptben (Job fejezet 41)	H6965	תָק֑וּם	ta.Kum	קוּם	to arise	it is established
Job.41.26	Job.41.18	ADATMINOSEGI_GYANU	lasd DONTES_FELULBIRALAS a generalo szkriptben (Job fejezet 41)	H2595	חֲנִ֖ית	cha.Nit	חֲנִית	spear	a spear
Job.41.26	Job.41.18	ADATMINOSEGI_GYANU	lasd DONTES_FELULBIRALAS a generalo szkriptben (Job fejezet 41)	H4551	מַסָּ֣ע	ma.Sa'	מַסָּע	missile	a dart
Job.41.26	Job.41.18	ADATMINOSEGI_GYANU	lasd DONTES_FELULBIRALAS a generalo szkriptben (Job fejezet 41)	H9002	וְ	ve.	ו	and	and
Job.41.26	Job.41.18	ADATMINOSEGI_GYANU	lasd DONTES_FELULBIRALAS a generalo szkriptben (Job fejezet 41)	H8302	שִׁרְיָֽה	shir.Yah	שִׁרְיָה	lance	a javelin
Job.41.27	Job.41.19	ADATMINOSEGI_GYANU	lasd DONTES_FELULBIRALAS a generalo szkriptben (Job fejezet 41)	H2803	יַחְשֹׁ֣ב	yach.Sho	חָשַׁב	to devise	it considers
Job.41.27	Job.41.19	ADATMINOSEGI_GYANU	lasd DONTES_FELULBIRALAS a generalo szkriptben (Job fejezet 41)	H9005	לְ	le.	ל	to	to
Job.41.27	Job.41.19	ADATMINOSEGI_GYANU	lasd DONTES_FELULBIRALAS a generalo szkriptben (Job fejezet 41)	H8401	תֶ֣בֶן	Te.ven	תֶּ֫בֶן	straw	straw
Job.41.27	Job.41.19	ADATMINOSEGI_GYANU	lasd DONTES_FELULBIRALAS a generalo szkriptben (Job fejezet 41)	H1270	בַּרְזֶ֑ל	bar.Zel	בַּרְזֶל	iron	iron
Job.41.27	Job.41.19	ADATMINOSEGI_GYANU	lasd DONTES_FELULBIRALAS a generalo szkriptben (Job fejezet 41)	H9005	לְ	le.	ל	to	to
Job.41.27	Job.41.19	ADATMINOSEGI_GYANU	lasd DONTES_FELULBIRALAS a generalo szkriptben (Job fejezet 41)	H6086	עֵ֖ץ	'Etz	עֵץ	tree	wood of
Job.41.27	Job.41.19	ADATMINOSEGI_GYANU	lasd DONTES_FELULBIRALAS a generalo szkriptben (Job fejezet 41)	H7539	רִקָּב֣וֹן	ri.ka.Von	רִקָּבוֹן	rottenness	rottenness
Job.41.27	Job.41.19	ADATMINOSEGI_GYANU	lasd DONTES_FELULBIRALAS a generalo szkriptben (Job fejezet 41)	H5154	נְחוּשָֽׁה	ne.chu.Shah	נְחוּשָׁה	bronze	bronze
Job.41.28	Job.41.20	ADATMINOSEGI_GYANU	lasd DONTES_FELULBIRALAS a generalo szkriptben (Job fejezet 41)	H3808	לֹֽא	lo'-	לֹא	not	not
Job.41.28	Job.41.20	ADATMINOSEGI_GYANU	lasd DONTES_FELULBIRALAS a generalo szkriptben (Job fejezet 41)	H1272	יַבְרִיחֶ֥	yav.ri.Che.	בָּרַח	to flee	it makes flee
Job.41.28	Job.41.20	ADATMINOSEGI_GYANU	lasd DONTES_FELULBIRALAS a generalo szkriptben (Job fejezet 41)	H9033	נּוּ	nu	Os3m	him	it
Job.41.28	Job.41.20	ADATMINOSEGI_GYANU	lasd DONTES_FELULBIRALAS a generalo szkriptben (Job fejezet 41)	H1121	בֶן	ven-	בֵּן	son	[the] son of
Job.41.28	Job.41.20	ADATMINOSEGI_GYANU	lasd DONTES_FELULBIRALAS a generalo szkriptben (Job fejezet 41)	H7198	קָ֑שֶׁת	Ka.shet	קֶ֫שֶׁת	bow	a bow
Job.41.28	Job.41.20	ADATMINOSEGI_GYANU	lasd DONTES_FELULBIRALAS a generalo szkriptben (Job fejezet 41)	H9005	לְ֝	le.	ל	to	into
Job.41.28	Job.41.20	ADATMINOSEGI_GYANU	lasd DONTES_FELULBIRALAS a generalo szkriptben (Job fejezet 41)	H7179	קַ֗שׁ	Kash	קַשׁ	stubble	chaff
Job.41.28	Job.41.20	ADATMINOSEGI_GYANU	lasd DONTES_FELULBIRALAS a generalo szkriptben (Job fejezet 41)	H2015	נֶהְפְּכוּ	neh.pe.khu-	הָפַךְ	to overturn	they are changed
Job.41.28	Job.41.20	ADATMINOSEGI_GYANU	lasd DONTES_FELULBIRALAS a generalo szkriptben (Job fejezet 41)	H9005	ל֥	l	ל	to	for
Job.41.28	Job.41.20	ADATMINOSEGI_GYANU	lasd DONTES_FELULBIRALAS a generalo szkriptben (Job fejezet 41)	H9033	וֹ	o	Os3m	him	it
Job.41.28	Job.41.20	ADATMINOSEGI_GYANU	lasd DONTES_FELULBIRALAS a generalo szkriptben (Job fejezet 41)	H0068	אַבְנֵי	'av.nei-	אֶ֫בֶן	stone	stones of
Job.41.28	Job.41.20	ADATMINOSEGI_GYANU	lasd DONTES_FELULBIRALAS a generalo szkriptben (Job fejezet 41)	H7050	קָֽלַע	Ka.la'	קֶ֫לַע	sling	a sling
Job.41.29	Job.41.21	ADATMINOSEGI_GYANU	lasd DONTES_FELULBIRALAS a generalo szkriptben (Job fejezet 41)	H9004	כְּ֭	Ke.	כ	like	like
Job.41.29	Job.41.21	ADATMINOSEGI_GYANU	lasd DONTES_FELULBIRALAS a generalo szkriptben (Job fejezet 41)	H7179	קַשׁ	kash	קַשׁ	stubble	chaff
Job.41.29	Job.41.21	ADATMINOSEGI_GYANU	lasd DONTES_FELULBIRALAS a generalo szkriptben (Job fejezet 41)	H2803	נֶחְשְׁב֣וּ	nech.she.Vu	חָשַׁב	to devise	they are regarded
Job.41.29	Job.41.21	ADATMINOSEGI_GYANU	lasd DONTES_FELULBIRALAS a generalo szkriptben (Job fejezet 41)	H8455	תוֹתָ֑ח	to.Tach	תּוֹתָ֑ח	club	a club
Job.41.29	Job.41.21	ADATMINOSEGI_GYANU	lasd DONTES_FELULBIRALAS a generalo szkriptben (Job fejezet 41)	H9002	וְ֝	ve.	ו	and	so
Job.41.29	Job.41.21	ADATMINOSEGI_GYANU	lasd DONTES_FELULBIRALAS a generalo szkriptben (Job fejezet 41)	H7832	יִשְׂחַ֗ק	yis.Chak	שָׂחַק	to laugh	it may laugh
Job.41.29	Job.41.21	ADATMINOSEGI_GYANU	lasd DONTES_FELULBIRALAS a generalo szkriptben (Job fejezet 41)	H9005	לְ	le.	ל	to	to
Job.41.29	Job.41.21	ADATMINOSEGI_GYANU	lasd DONTES_FELULBIRALAS a generalo szkriptben (Job fejezet 41)	H7494	רַ֣עַשׁ	Ra.'ash	רַ֫עַשׁ	quaking	[the] shaking of
Job.41.29	Job.41.21	ADATMINOSEGI_GYANU	lasd DONTES_FELULBIRALAS a generalo szkriptben (Job fejezet 41)	H3591	כִּידֽוֹן	ki.Don	כִּידוֹן	javelin	a javelin
Job.41.30	Job.41.22	ADATMINOSEGI_GYANU	lasd DONTES_FELULBIRALAS a generalo szkriptben (Job fejezet 41)	H8478	תַּ֭חְתָּי	Tach.ta	תַּחַת	underneath	under
Job.41.30	Job.41.22	ADATMINOSEGI_GYANU	lasd DONTES_FELULBIRALAS a generalo szkriptben (Job fejezet 41)	H9033	ו	v	Os3m	him	it
Job.41.30	Job.41.22	ADATMINOSEGI_GYANU	lasd DONTES_FELULBIRALAS a generalo szkriptben (Job fejezet 41)	H2303	חַדּ֣וּדֵי	cha.Du.dei	חַדּוּד	sharp	[are] sharp points of
Job.41.30	Job.41.22	ADATMINOSEGI_GYANU	lasd DONTES_FELULBIRALAS a generalo szkriptben (Job fejezet 41)	H2789	חָ֑רֶשׂ	Cha.res	חֶ֫רֶשׂ	earthenware	potsherd[s]
Job.41.30	Job.41.22	ADATMINOSEGI_GYANU	lasd DONTES_FELULBIRALAS a generalo szkriptben (Job fejezet 41)	H7502	יִרְפַּ֖ד	yir.Pad	רָפַד	to spread	it spreads out
Job.41.30	Job.41.22	ADATMINOSEGI_GYANU	lasd DONTES_FELULBIRALAS a generalo szkriptben (Job fejezet 41)	H2742	חָר֣וּץ	cha.Rutz	חָרוּץ	sharp	a threshing sledge
Job.41.30	Job.41.22	ADATMINOSEGI_GYANU	lasd DONTES_FELULBIRALAS a generalo szkriptben (Job fejezet 41)	H5921	עֲלֵי	'a.lei-	עַל	upon	on
Job.41.30	Job.41.22	ADATMINOSEGI_GYANU	lasd DONTES_FELULBIRALAS a generalo szkriptben (Job fejezet 41)	H2916	טִֽיט	Tit	טִיט	mud	mud
Job.41.31	Job.41.23	ADATMINOSEGI_GYANU	lasd DONTES_FELULBIRALAS a generalo szkriptben (Job fejezet 41)	H7570	יַרְתִּ֣יחַ	yar.Ti.ach	רָתַח	to boil	it makes boil
Job.41.31	Job.41.23	ADATMINOSEGI_GYANU	lasd DONTES_FELULBIRALAS a generalo szkriptben (Job fejezet 41)	H9004	כַּ	ka.	כ	like	like <the>
Job.41.31	Job.41.23	ADATMINOSEGI_GYANU	lasd DONTES_FELULBIRALAS a generalo szkriptben (Job fejezet 41)	H5518	סִּ֣יר	Sir	סִיר	pot	pot
Job.41.31	Job.41.23	ADATMINOSEGI_GYANU	lasd DONTES_FELULBIRALAS a generalo szkriptben (Job fejezet 41)	H4688	מְצוּלָ֑ה	me.tzu.Lah	מְצוֹלָה	depth	[the] deep
Job.41.31	Job.41.23	ADATMINOSEGI_GYANU	lasd DONTES_FELULBIRALAS a generalo szkriptben (Job fejezet 41)	H3220	יָ֝֗ם	Yam	יָם	sea	[the] sea
Job.41.31	Job.41.23	ADATMINOSEGI_GYANU	lasd DONTES_FELULBIRALAS a generalo szkriptben (Job fejezet 41)	H7760	יָשִׂ֥ים	ya.Sim	שׂוּם	to set	it makes
Job.41.31	Job.41.23	ADATMINOSEGI_GYANU	lasd DONTES_FELULBIRALAS a generalo szkriptben (Job fejezet 41)	H9004	כַּ	ka.	כ	like	like <the>
Job.41.31	Job.41.23	ADATMINOSEGI_GYANU	lasd DONTES_FELULBIRALAS a generalo szkriptben (Job fejezet 41)	H4841	מֶּרְקָחָֽה	mer.ka.Chah	מֶרְקָחָה	ointment pot|seasoning	pot of ointment
Job.41.32	Job.41.24	ADATMINOSEGI_GYANU	lasd DONTES_FELULBIRALAS a generalo szkriptben (Job fejezet 41)	H0310	אַ֭חֲרָי	'A.cha.ra	אַחַר	after	behind
Job.41.32	Job.41.24	ADATMINOSEGI_GYANU	lasd DONTES_FELULBIRALAS a generalo szkriptben (Job fejezet 41)	H9033	ו	v	Os3m	him	it
Job.41.32	Job.41.24	ADATMINOSEGI_GYANU	lasd DONTES_FELULBIRALAS a generalo szkriptben (Job fejezet 41)	H0215	יָאִ֣יר	ya.'Ir	אוֹר	to light	it makes shine
Job.41.32	Job.41.24	ADATMINOSEGI_GYANU	lasd DONTES_FELULBIRALAS a generalo szkriptben (Job fejezet 41)	H5410	נָתִ֑יב	na.Tiv	נָתִיב	path	a path
Job.41.32	Job.41.24	ADATMINOSEGI_GYANU	lasd DONTES_FELULBIRALAS a generalo szkriptben (Job fejezet 41)	H2803	יַחְשֹׁ֖ב	yach.Sho	חָשַׁב	to devise	anyone considers
Job.41.32	Job.41.24	ADATMINOSEGI_GYANU	lasd DONTES_FELULBIRALAS a generalo szkriptben (Job fejezet 41)	H8415	תְּה֣וֹם	te.Hom	תְּהוֹם	abyss	[the] deep
Job.41.32	Job.41.24	ADATMINOSEGI_GYANU	lasd DONTES_FELULBIRALAS a generalo szkriptben (Job fejezet 41)	H9005	לְ	le.	ל	to	to
Job.41.32	Job.41.24	ADATMINOSEGI_GYANU	lasd DONTES_FELULBIRALAS a generalo szkriptben (Job fejezet 41)	H7872	שֵׂיבָֽה	sei.Vah	שֵׂיבָה	greyheaded	grey hair
Job.41.33	Job.41.25	ADATMINOSEGI_GYANU	lasd DONTES_FELULBIRALAS a generalo szkriptben (Job fejezet 41)	H0369	אֵֽין	'ein-	אַ֫יִן	nothing	not
Job.41.33	Job.41.25	ADATMINOSEGI_GYANU	lasd DONTES_FELULBIRALAS a generalo szkriptben (Job fejezet 41)	H5921	עַל	'al-	עַל	upon	[is] on
Job.41.33	Job.41.25	ADATMINOSEGI_GYANU	lasd DONTES_FELULBIRALAS a generalo szkriptben (Job fejezet 41)	H6083	עָפָ֥ר	'a.Far	עָפָר	dust	[the] dust
Job.41.33	Job.41.25	ADATMINOSEGI_GYANU	lasd DONTES_FELULBIRALAS a generalo szkriptben (Job fejezet 41)	H4915	מָשְׁל֑	ma.she.L	מֹ֫שֶׁל	likeness	likeness
Job.41.33	Job.41.25	ADATMINOSEGI_GYANU	lasd DONTES_FELULBIRALAS a generalo szkriptben (Job fejezet 41)	H9023	וֹ	o	Ps3m	his	its
Job.41.33	Job.41.25	ADATMINOSEGI_GYANU	lasd DONTES_FELULBIRALAS a generalo szkriptben (Job fejezet 41)	H9009	הֶ֝	he.	ה	the	the
Job.41.33	Job.41.25	ADATMINOSEGI_GYANU	lasd DONTES_FELULBIRALAS a generalo szkriptben (Job fejezet 41)	H6213	עָשׂ֗וּ	'a.Su	עָשָׂה	to make	[one] made
Job.41.33	Job.41.25	ADATMINOSEGI_GYANU	lasd DONTES_FELULBIRALAS a generalo szkriptben (Job fejezet 41)	H9005	לִ	li	ל	to	for
Job.41.33	Job.41.25	ADATMINOSEGI_GYANU	lasd DONTES_FELULBIRALAS a generalo szkriptben (Job fejezet 41)	H1097	בְלִי	v.li-	בְּלִי	without	not
Job.41.33	Job.41.25	ADATMINOSEGI_GYANU	lasd DONTES_FELULBIRALAS a generalo szkriptben (Job fejezet 41)	H2844	חָֽת	Chat	חַת	terror	fear
Job.41.34	Job.41.26	ADATMINOSEGI_GYANU	lasd DONTES_FELULBIRALAS a generalo szkriptben (Job fejezet 41)	H0853	אֵֽת	'et-	אֵת	[Obj.]	<obj.>
Job.41.34	Job.41.26	ADATMINOSEGI_GYANU	lasd DONTES_FELULBIRALAS a generalo szkriptben (Job fejezet 41)	H3605	כָּל	kol-	כֹּל	all	every
Job.41.34	Job.41.26	ADATMINOSEGI_GYANU	lasd DONTES_FELULBIRALAS a generalo szkriptben (Job fejezet 41)	H1364	גָּבֹ֥הַּ	ga.Vo.ah	גָּבֹהַּ	high	exalted [one]
Job.41.34	Job.41.26	ADATMINOSEGI_GYANU	lasd DONTES_FELULBIRALAS a generalo szkriptben (Job fejezet 41)	H7200	יִרְאֶ֑ה	yir.'Eh	רָאָה	to see	it sees
Job.41.34	Job.41.26	ADATMINOSEGI_GYANU	lasd DONTES_FELULBIRALAS a generalo szkriptben (Job fejezet 41)	H1931	ה֝֗וּא	Hu'	הוּא	he;_she;_it	it
Job.41.34	Job.41.26	ADATMINOSEGI_GYANU	lasd DONTES_FELULBIRALAS a generalo szkriptben (Job fejezet 41)	H4428	מֶ֣לֶךְ	Me.lekh	מֶ֫לֶךְ	king	[is] king
Job.41.34	Job.41.26	ADATMINOSEGI_GYANU	lasd DONTES_FELULBIRALAS a generalo szkriptben (Job fejezet 41)	H5921	עַל	'al-	עַל	upon	over
Job.41.34	Job.41.26	ADATMINOSEGI_GYANU	lasd DONTES_FELULBIRALAS a generalo szkriptben (Job fejezet 41)	H3605	כָּל	kol-	כֹּל	all	all
Job.41.34	Job.41.26	ADATMINOSEGI_GYANU	lasd DONTES_FELULBIRALAS a generalo szkriptben (Job fejezet 41)	H1121	בְּנֵי	be.nei-	בֵּן	son	[the] sons of
Job.41.34	Job.41.26	ADATMINOSEGI_GYANU	lasd DONTES_FELULBIRALAS a generalo szkriptben (Job fejezet 41)	H7830	שָֽׁחַץ	Sha.chatz	שַׁ֫חַץ	pride	pride
Ezk.20.45	Ezk.21.1	ADATMINOSEGI_GYANU	lasd DONTES_FELULBIRALAS a generalo szkriptben (Ezk fejezet 20)	H9001	וַ	va	ו	&	and
Ezk.20.45	Ezk.21.1	ADATMINOSEGI_GYANU	lasd DONTES_FELULBIRALAS a generalo szkriptben (Ezk fejezet 20)	H1961	יְהִ֥י	y.Hi	הָיָה	to be	it came
Ezk.20.45	Ezk.21.1	ADATMINOSEGI_GYANU	lasd DONTES_FELULBIRALAS a generalo szkriptben (Ezk fejezet 20)	H1697	דְבַר	de.var-	דָּבָר	word	[the] word of
Ezk.20.45	Ezk.21.1	ADATMINOSEGI_GYANU	lasd DONTES_FELULBIRALAS a generalo szkriptben (Ezk fejezet 20)	H3068	יְהוָ֖ה	Yah.weh	יהוה	LORD	Yahweh
Ezk.20.45	Ezk.21.1	ADATMINOSEGI_GYANU	lasd DONTES_FELULBIRALAS a generalo szkriptben (Ezk fejezet 20)	H0413	אֵלַ֥	'e.La	אֶל	to(wards)	to
Ezk.20.45	Ezk.21.1	ADATMINOSEGI_GYANU	lasd DONTES_FELULBIRALAS a generalo szkriptben (Ezk fejezet 20)	H9030	י	i	Os1c	me	me
Ezk.20.45	Ezk.21.1	ADATMINOSEGI_GYANU	lasd DONTES_FELULBIRALAS a generalo szkriptben (Ezk fejezet 20)	H9005	לֵ	le.	ל	to	<to>
Ezk.20.45	Ezk.21.1	ADATMINOSEGI_GYANU	lasd DONTES_FELULBIRALAS a generalo szkriptben (Ezk fejezet 20)	H0559	אמֹֽר	Mor	אָמַר	to say	saying
Ezk.20.46	Ezk.21.2	ADATMINOSEGI_GYANU	lasd DONTES_FELULBIRALAS a generalo szkriptben (Ezk fejezet 20)	H1121	בֶּן	ben-	בֵּן	son	O son of
Ezk.20.46	Ezk.21.2	ADATMINOSEGI_GYANU	lasd DONTES_FELULBIRALAS a generalo szkriptben (Ezk fejezet 20)	H0120	אָדָ֗ם	'a.Dam	אָדָם	man	humankind
Ezk.20.46	Ezk.21.2	ADATMINOSEGI_GYANU	lasd DONTES_FELULBIRALAS a generalo szkriptben (Ezk fejezet 20)	H7760	שִׂ֤ים	sim	שׂוּם	to set	set
Ezk.20.46	Ezk.21.2	ADATMINOSEGI_GYANU	lasd DONTES_FELULBIRALAS a generalo szkriptben (Ezk fejezet 20)	H6440	פָּנֶ֙י	pa.Nei.	פָּנֶה	face	face
Ezk.20.46	Ezk.21.2	ADATMINOSEGI_GYANU	lasd DONTES_FELULBIRALAS a generalo szkriptben (Ezk fejezet 20)	H9021	ךָ֙	kha	Ps2m	your	your
Ezk.20.46	Ezk.21.2	ADATMINOSEGI_GYANU	lasd DONTES_FELULBIRALAS a generalo szkriptben (Ezk fejezet 20)	H1870	דֶּ֣רֶךְ	De.rekh	דֶּ֫רֶךְ	way	[the] direction
Ezk.20.46	Ezk.21.2	ADATMINOSEGI_GYANU	lasd DONTES_FELULBIRALAS a generalo szkriptben (Ezk fejezet 20)	H8486	תֵּימָ֔נָ	tei.Ma.na	תֵּימָן	south	south
Ezk.20.46	Ezk.21.2	ADATMINOSEGI_GYANU	lasd DONTES_FELULBIRALAS a generalo szkriptben (Ezk fejezet 20)	H9011	ה	h	ה	to	-ward
Ezk.20.46	Ezk.21.2	ADATMINOSEGI_GYANU	lasd DONTES_FELULBIRALAS a generalo szkriptben (Ezk fejezet 20)	H9002	וְ	ve.	ו	and	and
Ezk.20.46	Ezk.21.2	ADATMINOSEGI_GYANU	lasd DONTES_FELULBIRALAS a generalo szkriptben (Ezk fejezet 20)	H5197	הַטֵּ֖ף	ha.Tef	נָטַף	to drip|prophesy	prophesy
Ezk.20.46	Ezk.21.2	ADATMINOSEGI_GYANU	lasd DONTES_FELULBIRALAS a generalo szkriptben (Ezk fejezet 20)	H0413	אֶל	'el-	אֶל	to(wards)	against
Ezk.20.46	Ezk.21.2	ADATMINOSEGI_GYANU	lasd DONTES_FELULBIRALAS a generalo szkriptben (Ezk fejezet 20)	H1864	דָּר֑וֹם	da.Rom	דָּרוֹם	south	[the] south
Ezk.20.46	Ezk.21.2	ADATMINOSEGI_GYANU	lasd DONTES_FELULBIRALAS a generalo szkriptben (Ezk fejezet 20)	H9002	וְ	ve.	ו	and	and
Ezk.20.46	Ezk.21.2	ADATMINOSEGI_GYANU	lasd DONTES_FELULBIRALAS a generalo szkriptben (Ezk fejezet 20)	H5012	הִנָּבֵ֛א	hi.na.Ve'	נָבָא	to prophesy	prophesy
Ezk.20.46	Ezk.21.2	ADATMINOSEGI_GYANU	lasd DONTES_FELULBIRALAS a generalo szkriptben (Ezk fejezet 20)	H0413	אֶל	'el-	אֶל	to(wards)	against
Ezk.20.46	Ezk.21.2	ADATMINOSEGI_GYANU	lasd DONTES_FELULBIRALAS a generalo szkriptben (Ezk fejezet 20)	H3293	יַ֥עַר	Ya.'ar	יַ֫עַר	wood	[the] forest of
Ezk.20.46	Ezk.21.2	ADATMINOSEGI_GYANU	lasd DONTES_FELULBIRALAS a generalo szkriptben (Ezk fejezet 20)	H9009	הַ	ha.	ה	the	the
Ezk.20.46	Ezk.21.2	ADATMINOSEGI_GYANU	lasd DONTES_FELULBIRALAS a generalo szkriptben (Ezk fejezet 20)	H7704	שָּׂדֶ֖ה	sa.Deh	שָׂדֶה	land	field
Ezk.20.46	Ezk.21.2	ADATMINOSEGI_GYANU	lasd DONTES_FELULBIRALAS a generalo szkriptben (Ezk fejezet 20)	H5045	נֶֽגֶב	Ne.gev	נֶ֫גֶב	Negeb	[the] south
Ezk.20.47	Ezk.21.3	ADATMINOSEGI_GYANU	lasd DONTES_FELULBIRALAS a generalo szkriptben (Ezk fejezet 20)	H9001	וְ	ve.	ו	&	and
Ezk.20.47	Ezk.21.3	ADATMINOSEGI_GYANU	lasd DONTES_FELULBIRALAS a generalo szkriptben (Ezk fejezet 20)	H0559	אָֽמַרְתָּ֙	'a.mar.Ta	אָמַר	to say	you will say
Ezk.20.47	Ezk.21.3	ADATMINOSEGI_GYANU	lasd DONTES_FELULBIRALAS a generalo szkriptben (Ezk fejezet 20)	H9005	לְ	le.	ל	to	to
Ezk.20.47	Ezk.21.3	ADATMINOSEGI_GYANU	lasd DONTES_FELULBIRALAS a generalo szkriptben (Ezk fejezet 20)	H3293	יַ֣עַר	Ya.'ar	יַ֫עַר	wood	[the] forest of
Ezk.20.47	Ezk.21.3	ADATMINOSEGI_GYANU	lasd DONTES_FELULBIRALAS a generalo szkriptben (Ezk fejezet 20)	H9009	הַ	ha.	ה	the	the
Ezk.20.47	Ezk.21.3	ADATMINOSEGI_GYANU	lasd DONTES_FELULBIRALAS a generalo szkriptben (Ezk fejezet 20)	H5045	נֶּ֔גֶב	Ne.gev	נֶ֫גֶב	Negeb	south
Ezk.20.47	Ezk.21.3	ADATMINOSEGI_GYANU	lasd DONTES_FELULBIRALAS a generalo szkriptben (Ezk fejezet 20)	H8085	שְׁמַ֖ע	she.Ma'	שָׁמַע	to hear	hear
Ezk.20.47	Ezk.21.3	ADATMINOSEGI_GYANU	lasd DONTES_FELULBIRALAS a generalo szkriptben (Ezk fejezet 20)	H1697	דְּבַר	de.var-	דָּבָר	word	[the] word of
Ezk.20.47	Ezk.21.3	ADATMINOSEGI_GYANU	lasd DONTES_FELULBIRALAS a generalo szkriptben (Ezk fejezet 20)	H3068	יְהוָ֑ה	Yah.weh	יהוה	LORD	Yahweh
Ezk.20.47	Ezk.21.3	ADATMINOSEGI_GYANU	lasd DONTES_FELULBIRALAS a generalo szkriptben (Ezk fejezet 20)	H3541	כֹּֽה	koh-	כֹּה	thus	thus
Ezk.20.47	Ezk.21.3	ADATMINOSEGI_GYANU	lasd DONTES_FELULBIRALAS a generalo szkriptben (Ezk fejezet 20)	H0559	אָמַ֣ר	'a.Mar	אָמַר	to say	he says
Ezk.20.47	Ezk.21.3	ADATMINOSEGI_GYANU	lasd DONTES_FELULBIRALAS a generalo szkriptben (Ezk fejezet 20)	H0136	אֲדֹנָ֣י	'a.do.Nai	אֲדֹנָי	LORD	[the] Lord
Ezk.20.47	Ezk.21.3	ADATMINOSEGI_GYANU	lasd DONTES_FELULBIRALAS a generalo szkriptben (Ezk fejezet 20)	H3069	יְהוִ֡ה	Yah.weh	יְהֹוִה	YHWH|Yahweh	Yahweh
Ezk.20.47	Ezk.21.3	ADATMINOSEGI_GYANU	lasd DONTES_FELULBIRALAS a generalo szkriptben (Ezk fejezet 20)	H2005	הִנְ	hi.	הֵן	look!	here
Ezk.20.47	Ezk.21.3	ADATMINOSEGI_GYANU	lasd DONTES_FELULBIRALAS a generalo szkriptben (Ezk fejezet 20)	H9040	נִ֣י	Ni	Ss1c	I	I
Ezk.20.47	Ezk.21.3	ADATMINOSEGI_GYANU	lasd DONTES_FELULBIRALAS a generalo szkriptben (Ezk fejezet 20)	H3341	מַֽצִּית	ma.tzit-	יָצַת	to kindle	[am] about to kindle
Ezk.20.47	Ezk.21.3	ADATMINOSEGI_GYANU	lasd DONTES_FELULBIRALAS a generalo szkriptben (Ezk fejezet 20)	H9003	בְּ	be.	ב	in	in
Ezk.20.47	Ezk.21.3	ADATMINOSEGI_GYANU	lasd DONTES_FELULBIRALAS a generalo szkriptben (Ezk fejezet 20)	H9031	ךָ֣	Kha	Os2m	you	you
Ezk.20.47	Ezk.21.3	ADATMINOSEGI_GYANU	lasd DONTES_FELULBIRALAS a generalo szkriptben (Ezk fejezet 20)	H0784	אֵ֡שׁ	'esh	אֵשׁ	fire	a fire
Ezk.20.47	Ezk.21.3	ADATMINOSEGI_GYANU	lasd DONTES_FELULBIRALAS a generalo szkriptben (Ezk fejezet 20)	H9001	וְ	ve.	ו	&	and
Ezk.20.47	Ezk.21.3	ADATMINOSEGI_GYANU	lasd DONTES_FELULBIRALAS a generalo szkriptben (Ezk fejezet 20)	H0398	אָכְלָ֣ה	'a.khe.Lah	אָכַל	to eat	it will consume
Ezk.20.47	Ezk.21.3	ADATMINOSEGI_GYANU	lasd DONTES_FELULBIRALAS a generalo szkriptben (Ezk fejezet 20)	H9003	בְ	ve.	ב	in	in
Ezk.20.47	Ezk.21.3	ADATMINOSEGI_GYANU	lasd DONTES_FELULBIRALAS a generalo szkriptben (Ezk fejezet 20)	H9031	ךָ֣	Kha	Os2m	you	you
Ezk.20.47	Ezk.21.3	ADATMINOSEGI_GYANU	lasd DONTES_FELULBIRALAS a generalo szkriptben (Ezk fejezet 20)	H3605	כָל	khol-	כֹּל	all	every
Ezk.20.47	Ezk.21.3	ADATMINOSEGI_GYANU	lasd DONTES_FELULBIRALAS a generalo szkriptben (Ezk fejezet 20)	H6086	עֵֽץ	'etz-	עֵץ	tree	tree
Ezk.20.47	Ezk.21.3	ADATMINOSEGI_GYANU	lasd DONTES_FELULBIRALAS a generalo szkriptben (Ezk fejezet 20)	H3892	לַח֩	lach	לַח	fresh	moist
Ezk.20.47	Ezk.21.3	ADATMINOSEGI_GYANU	lasd DONTES_FELULBIRALAS a generalo szkriptben (Ezk fejezet 20)	H9002	וְ	ve.	ו	and	and
Ezk.20.47	Ezk.21.3	ADATMINOSEGI_GYANU	lasd DONTES_FELULBIRALAS a generalo szkriptben (Ezk fejezet 20)	H3605	כָל	khol	כֹּל	all	every
Ezk.20.47	Ezk.21.3	ADATMINOSEGI_GYANU	lasd DONTES_FELULBIRALAS a generalo szkriptben (Ezk fejezet 20)	H6086	עֵ֨ץ	'etz	עֵץ	tree	tree
Ezk.20.47	Ezk.21.3	ADATMINOSEGI_GYANU	lasd DONTES_FELULBIRALAS a generalo szkriptben (Ezk fejezet 20)	H3002	יָבֵ֤שׁ	ya.Vesh	יָבֵשׁ	dry	dry
Ezk.20.47	Ezk.21.3	ADATMINOSEGI_GYANU	lasd DONTES_FELULBIRALAS a generalo szkriptben (Ezk fejezet 20)	H3808	לֹֽא	lo'-	לֹא	not	not
Ezk.20.47	Ezk.21.3	ADATMINOSEGI_GYANU	lasd DONTES_FELULBIRALAS a generalo szkriptben (Ezk fejezet 20)	H3518	תִכְבֶּה֙	tikh.Beh	כָּבָה	to quench	it will be extinguished
Ezk.20.47	Ezk.21.3	ADATMINOSEGI_GYANU	lasd DONTES_FELULBIRALAS a generalo szkriptben (Ezk fejezet 20)	H3852	לַהֶ֣בֶת	la.He.vet	לֶהָבָה	flame	[the] flame of
Ezk.20.47	Ezk.21.3	ADATMINOSEGI_GYANU	lasd DONTES_FELULBIRALAS a generalo szkriptben (Ezk fejezet 20)	H7957	שַׁלְהֶ֔בֶת	shal.He.vet	שַׁלְהֶ֫בֶת	flame	flame
Ezk.20.47	Ezk.21.3	ADATMINOSEGI_GYANU	lasd DONTES_FELULBIRALAS a generalo szkriptben (Ezk fejezet 20)	H9001	וְ	ve.	ו	&	and
Ezk.20.47	Ezk.21.3	ADATMINOSEGI_GYANU	lasd DONTES_FELULBIRALAS a generalo szkriptben (Ezk fejezet 20)	H6866	נִצְרְבוּ	nitz.re.vu-	צָרַב	to burn	they will be scorched
Ezk.20.47	Ezk.21.3	ADATMINOSEGI_GYANU	lasd DONTES_FELULBIRALAS a generalo szkriptben (Ezk fejezet 20)	H9003	בָ֥	va	ב	in	by
Ezk.20.47	Ezk.21.3	ADATMINOSEGI_GYANU	lasd DONTES_FELULBIRALAS a generalo szkriptben (Ezk fejezet 20)	H9034	הּ	h	Os3f	her	it
Ezk.20.47	Ezk.21.3	ADATMINOSEGI_GYANU	lasd DONTES_FELULBIRALAS a generalo szkriptben (Ezk fejezet 20)	H3605	כָּל	kol-	כֹּל	all	all
Ezk.20.47	Ezk.21.3	ADATMINOSEGI_GYANU	lasd DONTES_FELULBIRALAS a generalo szkriptben (Ezk fejezet 20)	H6440	פָּנִ֖ים	pa.Nim	פָּנֶה	face	faces
Ezk.20.47	Ezk.21.3	ADATMINOSEGI_GYANU	lasd DONTES_FELULBIRALAS a generalo szkriptben (Ezk fejezet 20)	H9006	מִ	mi.	מ	from	from
Ezk.20.47	Ezk.21.3	ADATMINOSEGI_GYANU	lasd DONTES_FELULBIRALAS a generalo szkriptben (Ezk fejezet 20)	H5045	נֶּ֥גֶב	Ne.gev	נֶ֫גֶב	Negeb	[the] south
Ezk.20.47	Ezk.21.3	ADATMINOSEGI_GYANU	lasd DONTES_FELULBIRALAS a generalo szkriptben (Ezk fejezet 20)	H6828	צָפֽוֹנָ	tza.Fo.na	צָפוֹן	north	[the] north
Ezk.20.47	Ezk.21.3	ADATMINOSEGI_GYANU	lasd DONTES_FELULBIRALAS a generalo szkriptben (Ezk fejezet 20)	H9011	ה	h	ה	to	towards
Ezk.20.48	Ezk.21.4	ADATMINOSEGI_GYANU	lasd DONTES_FELULBIRALAS a generalo szkriptben (Ezk fejezet 20)	H9001	וְ	ve.	ו	&	and
Ezk.20.48	Ezk.21.4	ADATMINOSEGI_GYANU	lasd DONTES_FELULBIRALAS a generalo szkriptben (Ezk fejezet 20)	H7200	רָאוּ֙	ra.'U	רָאָה	to see	they will see
Ezk.20.48	Ezk.21.4	ADATMINOSEGI_GYANU	lasd DONTES_FELULBIRALAS a generalo szkriptben (Ezk fejezet 20)	H3605	כָּל	kol-	כֹּל	all	all
Ezk.20.48	Ezk.21.4	ADATMINOSEGI_GYANU	lasd DONTES_FELULBIRALAS a generalo szkriptben (Ezk fejezet 20)	H1320	בָּשָׂ֔ר	ba.Sar	בָּשָׂר	flesh	flesh
Ezk.20.48	Ezk.21.4	ADATMINOSEGI_GYANU	lasd DONTES_FELULBIRALAS a generalo szkriptben (Ezk fejezet 20)	H3588	כִּ֛י	ki	כִּי	for	that
Ezk.20.48	Ezk.21.4	ADATMINOSEGI_GYANU	lasd DONTES_FELULBIRALAS a generalo szkriptben (Ezk fejezet 20)	H0589	אֲנִ֥י	'a.Ni	אֲנִי, אָֽנֹכִ֫י	I	I
Ezk.20.48	Ezk.21.4	ADATMINOSEGI_GYANU	lasd DONTES_FELULBIRALAS a generalo szkriptben (Ezk fejezet 20)	H3068	יְהוָ֖ה	Yah.weh	יהוה	LORD	Yahweh
Ezk.20.48	Ezk.21.4	ADATMINOSEGI_GYANU	lasd DONTES_FELULBIRALAS a generalo szkriptben (Ezk fejezet 20)	H1197	בִּֽעַרְתִּ֑י	bi.'ar.Ti.	בָּעַר	to burn	I have kindled
Ezk.20.48	Ezk.21.4	ADATMINOSEGI_GYANU	lasd DONTES_FELULBIRALAS a generalo szkriptben (Ezk fejezet 20)	H9034	הָ	ha	Os3f	her	it
Ezk.20.48	Ezk.21.4	ADATMINOSEGI_GYANU	lasd DONTES_FELULBIRALAS a generalo szkriptben (Ezk fejezet 20)	H3808	לֹ֖א	lo'	לֹא	not	not
Ezk.20.48	Ezk.21.4	ADATMINOSEGI_GYANU	lasd DONTES_FELULBIRALAS a generalo szkriptben (Ezk fejezet 20)	H3518	תִּכְבֶּֽה	tikh.Beh	כָּבָה	to quench	it will be extinguished
Ezk.20.49	Ezk.21.5	ADATMINOSEGI_GYANU	lasd DONTES_FELULBIRALAS a generalo szkriptben (Ezk fejezet 20)	H9001	וָ	va.	ו	&	and
Ezk.20.49	Ezk.21.5	ADATMINOSEGI_GYANU	lasd DONTES_FELULBIRALAS a generalo szkriptben (Ezk fejezet 20)	H0559	אֹמַ֕ר	'o.Mar	אָמַר	to say	I said
Ezk.20.49	Ezk.21.5	ADATMINOSEGI_GYANU	lasd DONTES_FELULBIRALAS a generalo szkriptben (Ezk fejezet 20)	H0162	אֲהָ֖הּ	'a.Hah	אֲהָהּ	alas!	alas!
Ezk.20.49	Ezk.21.5	ADATMINOSEGI_GYANU	lasd DONTES_FELULBIRALAS a generalo szkriptben (Ezk fejezet 20)	H0136	אֲדֹנָ֣י	'a.do.Nai	אֲדֹנָי	LORD	O Lord
Ezk.20.49	Ezk.21.5	ADATMINOSEGI_GYANU	lasd DONTES_FELULBIRALAS a generalo szkriptben (Ezk fejezet 20)	H3069	יְהוִ֑ה	Yah.weh	יְהֹוִה	YHWH|Yahweh	Yahweh
Ezk.20.49	Ezk.21.5	ADATMINOSEGI_GYANU	lasd DONTES_FELULBIRALAS a generalo szkriptben (Ezk fejezet 20)	H1992	הֵ֚מָּה	He.mah	הֵ֫מָּה	they(masc.)	they
Ezk.20.49	Ezk.21.5	ADATMINOSEGI_GYANU	lasd DONTES_FELULBIRALAS a generalo szkriptben (Ezk fejezet 20)	H0559	אֹמְרִ֣ים	'o.me.Rim	אָמַר	to say	[are] saying
Ezk.20.49	Ezk.21.5	ADATMINOSEGI_GYANU	lasd DONTES_FELULBIRALAS a generalo szkriptben (Ezk fejezet 20)	H9005	לִ֔	L	ל	to	of
Ezk.20.49	Ezk.21.5	ADATMINOSEGI_GYANU	lasd DONTES_FELULBIRALAS a generalo szkriptben (Ezk fejezet 20)	H9030	י	i	Os1c	me	me
Ezk.20.49	Ezk.21.5	ADATMINOSEGI_GYANU	lasd DONTES_FELULBIRALAS a generalo szkriptben (Ezk fejezet 20)	H9008	הֲ	ha.	ה	¿	¿
Ezk.20.49	Ezk.21.5	ADATMINOSEGI_GYANU	lasd DONTES_FELULBIRALAS a generalo szkriptben (Ezk fejezet 20)	H3808	לֹ֛א	Lo'	לֹא	not	not
Ezk.20.49	Ezk.21.5	ADATMINOSEGI_GYANU	lasd DONTES_FELULBIRALAS a generalo szkriptben (Ezk fejezet 20)	H4911	מְמַשֵּׁ֥ל	me.ma.Shel	מָשַׁל	to use a proverb	making a parable
Ezk.20.49	Ezk.21.5	ADATMINOSEGI_GYANU	lasd DONTES_FELULBIRALAS a generalo szkriptben (Ezk fejezet 20)	H4912	מְשָׁלִ֖ים	me.sha.Lim	מָשָׁל	proverb	parables
Ezk.20.49	Ezk.21.5	ADATMINOSEGI_GYANU	lasd DONTES_FELULBIRALAS a generalo szkriptben (Ezk fejezet 20)	H1931	הֽוּא	Hu'	הוּא	he;_she;_it	[is] he
Ezk.21.1	Ezk.21.6	ADATMINOSEGI_GYANU	lasd DONTES_FELULBIRALAS a generalo szkriptben (Ezk fejezet 21)	H9001	וַ	va	ו	&	and
Ezk.21.1	Ezk.21.6	ADATMINOSEGI_GYANU	lasd DONTES_FELULBIRALAS a generalo szkriptben (Ezk fejezet 21)	H1961	יְהִ֥י	y.Hi	הָיָה	to be	it came
Ezk.21.1	Ezk.21.6	ADATMINOSEGI_GYANU	lasd DONTES_FELULBIRALAS a generalo szkriptben (Ezk fejezet 21)	H1697	דְבַר	de.var-	דָּבָר	word	[the] word of
Ezk.21.1	Ezk.21.6	ADATMINOSEGI_GYANU	lasd DONTES_FELULBIRALAS a generalo szkriptben (Ezk fejezet 21)	H3068	יְהוָ֖ה	Yah.weh	יהוה	LORD	Yahweh
Ezk.21.1	Ezk.21.6	ADATMINOSEGI_GYANU	lasd DONTES_FELULBIRALAS a generalo szkriptben (Ezk fejezet 21)	H0413	אֵלַ֥	'e.La	אֶל	to(wards)	to
Ezk.21.1	Ezk.21.6	ADATMINOSEGI_GYANU	lasd DONTES_FELULBIRALAS a generalo szkriptben (Ezk fejezet 21)	H9030	י	i	Os1c	me	me
Ezk.21.1	Ezk.21.6	ADATMINOSEGI_GYANU	lasd DONTES_FELULBIRALAS a generalo szkriptben (Ezk fejezet 21)	H9005	לֵ	le.	ל	to	<to>
Ezk.21.1	Ezk.21.6	ADATMINOSEGI_GYANU	lasd DONTES_FELULBIRALAS a generalo szkriptben (Ezk fejezet 21)	H0559	אמֹֽר	Mor	אָמַר	to say	saying
Ezk.21.2	Ezk.21.7	ADATMINOSEGI_GYANU	lasd DONTES_FELULBIRALAS a generalo szkriptben (Ezk fejezet 21)	H1121	בֶּן	ben-	בֵּן	son	O son of
Ezk.21.2	Ezk.21.7	ADATMINOSEGI_GYANU	lasd DONTES_FELULBIRALAS a generalo szkriptben (Ezk fejezet 21)	H0120	אָדָ֗ם	'a.Dam	אָדָם	man	humankind
Ezk.21.2	Ezk.21.7	ADATMINOSEGI_GYANU	lasd DONTES_FELULBIRALAS a generalo szkriptben (Ezk fejezet 21)	H7760	שִׂ֤ים	sim	שׂוּם	to set	set
Ezk.21.2	Ezk.21.7	ADATMINOSEGI_GYANU	lasd DONTES_FELULBIRALAS a generalo szkriptben (Ezk fejezet 21)	H6440	פָּנֶ֙י	pa.Nei.	פָּנֶה	face	face
Ezk.21.2	Ezk.21.7	ADATMINOSEGI_GYANU	lasd DONTES_FELULBIRALAS a generalo szkriptben (Ezk fejezet 21)	H9021	ךָ֙	kha	Ps2m	your	your
Ezk.21.2	Ezk.21.7	ADATMINOSEGI_GYANU	lasd DONTES_FELULBIRALAS a generalo szkriptben (Ezk fejezet 21)	H0413	אֶל	'el-	אֶל	to(wards)	against
Ezk.21.2	Ezk.21.7	ADATMINOSEGI_GYANU	lasd DONTES_FELULBIRALAS a generalo szkriptben (Ezk fejezet 21)	H3389	יְר֣וּשָׁלִַ֔ם	ye.Ru.sha.Lim	יְרוּשָׁלִַ֫ם, יְרוּשְׁלֵם	Jerusalem	Jerusalem
Ezk.21.2	Ezk.21.7	ADATMINOSEGI_GYANU	lasd DONTES_FELULBIRALAS a generalo szkriptben (Ezk fejezet 21)	H9002	וְ	ve.	ו	and	and
Ezk.21.2	Ezk.21.7	ADATMINOSEGI_GYANU	lasd DONTES_FELULBIRALAS a generalo szkriptben (Ezk fejezet 21)	H5197	הַטֵּ֖ף	ha.Tef	נָטַף	to drip|prophesy	prophesy
Ezk.21.2	Ezk.21.7	ADATMINOSEGI_GYANU	lasd DONTES_FELULBIRALAS a generalo szkriptben (Ezk fejezet 21)	H0413	אֶל	'el-	אֶל	to(wards)	against
Ezk.21.2	Ezk.21.7	ADATMINOSEGI_GYANU	lasd DONTES_FELULBIRALAS a generalo szkriptben (Ezk fejezet 21)	H4720	מִקְדָּשִׁ֑ים	mik.da.Shim	מִקְדָּשׁ	sanctuary	sanctuaries
Ezk.21.2	Ezk.21.7	ADATMINOSEGI_GYANU	lasd DONTES_FELULBIRALAS a generalo szkriptben (Ezk fejezet 21)	H9002	וְ	ve.	ו	and	and
Ezk.21.2	Ezk.21.7	ADATMINOSEGI_GYANU	lasd DONTES_FELULBIRALAS a generalo szkriptben (Ezk fejezet 21)	H5012	הִנָּבֵ֖א	hi.na.Ve'	נָבָא	to prophesy	prophesy
Ezk.21.2	Ezk.21.7	ADATMINOSEGI_GYANU	lasd DONTES_FELULBIRALAS a generalo szkriptben (Ezk fejezet 21)	H0413	אֶל	'el-	אֶל	to(wards)	against
Ezk.21.2	Ezk.21.7	ADATMINOSEGI_GYANU	lasd DONTES_FELULBIRALAS a generalo szkriptben (Ezk fejezet 21)	H0127	אַדְמַ֥ת	'ad.Mat	אֲדָמָה	land	[the] land of
Ezk.21.2	Ezk.21.7	ADATMINOSEGI_GYANU	lasd DONTES_FELULBIRALAS a generalo szkriptben (Ezk fejezet 21)	H3478	יִשְׂרָאֵֽל	Yis.ra.'El	יִשְׂרָאֵל	Israel	Israel
Ezk.21.3	Ezk.21.8	ADATMINOSEGI_GYANU	lasd DONTES_FELULBIRALAS a generalo szkriptben (Ezk fejezet 21)	H9001	וְ	ve.	ו	&	and
Ezk.21.3	Ezk.21.8	ADATMINOSEGI_GYANU	lasd DONTES_FELULBIRALAS a generalo szkriptben (Ezk fejezet 21)	H0559	אָמַרְתָּ֞	'a.mar.Ta	אָמַר	to say	you will say
Ezk.21.3	Ezk.21.8	ADATMINOSEGI_GYANU	lasd DONTES_FELULBIRALAS a generalo szkriptben (Ezk fejezet 21)	H9005	לְ	le.	ל	to	to
Ezk.21.3	Ezk.21.8	ADATMINOSEGI_GYANU	lasd DONTES_FELULBIRALAS a generalo szkriptben (Ezk fejezet 21)	H0127	אַדְמַ֣ת	'ad.Mat	אֲדָמָה	land	[the] land of
Ezk.21.3	Ezk.21.8	ADATMINOSEGI_GYANU	lasd DONTES_FELULBIRALAS a generalo szkriptben (Ezk fejezet 21)	H3478	יִשְׂרָאֵ֗ל	Yis.ra.'El	יִשְׂרָאֵל	Israel	Israel
Ezk.21.3	Ezk.21.8	ADATMINOSEGI_GYANU	lasd DONTES_FELULBIRALAS a generalo szkriptben (Ezk fejezet 21)	H3541	כֹּ֚ה	koh	כֹּה	thus	thus
Ezk.21.3	Ezk.21.8	ADATMINOSEGI_GYANU	lasd DONTES_FELULBIRALAS a generalo szkriptben (Ezk fejezet 21)	H0559	אָמַ֣ר	'a.Mar	אָמַר	to say	he says
Ezk.21.3	Ezk.21.8	ADATMINOSEGI_GYANU	lasd DONTES_FELULBIRALAS a generalo szkriptben (Ezk fejezet 21)	H3068	יְהוָ֔ה	Yah.weh	יהוה	LORD	Yahweh
Ezk.21.3	Ezk.21.8	ADATMINOSEGI_GYANU	lasd DONTES_FELULBIRALAS a generalo szkriptben (Ezk fejezet 21)	H2005	הִנְ	hi.	הֵן	look!	here
Ezk.21.3	Ezk.21.8	ADATMINOSEGI_GYANU	lasd DONTES_FELULBIRALAS a generalo szkriptben (Ezk fejezet 21)	H9040	נִ֣י	Ni	Ss1c	I	I
Ezk.21.3	Ezk.21.8	ADATMINOSEGI_GYANU	lasd DONTES_FELULBIRALAS a generalo szkriptben (Ezk fejezet 21)	H0413	אֵלַ֔יִ	'e.La.yi	אֶל	to(wards)	[am] against
Ezk.21.3	Ezk.21.8	ADATMINOSEGI_GYANU	lasd DONTES_FELULBIRALAS a generalo szkriptben (Ezk fejezet 21)	H9032	ךְ	kh	Os2f	you	you
Ezk.21.3	Ezk.21.8	ADATMINOSEGI_GYANU	lasd DONTES_FELULBIRALAS a generalo szkriptben (Ezk fejezet 21)	H9001	וְ	ve.	ו	&	and
Ezk.21.3	Ezk.21.8	ADATMINOSEGI_GYANU	lasd DONTES_FELULBIRALAS a generalo szkriptben (Ezk fejezet 21)	H3318	הוֹצֵאתִ֥י	ho.tze.Ti	יָצָא	to come out	I will bring out
Ezk.21.3	Ezk.21.8	ADATMINOSEGI_GYANU	lasd DONTES_FELULBIRALAS a generalo szkriptben (Ezk fejezet 21)	H2719	חַרְבִּ֖	char.B	חֶ֫רֶב	sword	sword
Ezk.21.3	Ezk.21.8	ADATMINOSEGI_GYANU	lasd DONTES_FELULBIRALAS a generalo szkriptben (Ezk fejezet 21)	H9020	י	i	Ps1c	my	my
Ezk.21.3	Ezk.21.8	ADATMINOSEGI_GYANU	lasd DONTES_FELULBIRALAS a generalo szkriptben (Ezk fejezet 21)	H9006	מִ	mi.	מ	from	from
Ezk.21.3	Ezk.21.8	ADATMINOSEGI_GYANU	lasd DONTES_FELULBIRALAS a generalo szkriptben (Ezk fejezet 21)	H8593	תַּעְרָ֑	ta'.Ra	תַּ֫עַר	razor	sheath
Ezk.21.3	Ezk.21.8	ADATMINOSEGI_GYANU	lasd DONTES_FELULBIRALAS a generalo szkriptben (Ezk fejezet 21)	H9024	הּ	h	Ps3f	her	its
Ezk.21.3	Ezk.21.8	ADATMINOSEGI_GYANU	lasd DONTES_FELULBIRALAS a generalo szkriptben (Ezk fejezet 21)	H9001	וְ	ve.	ו	&	and
Ezk.21.3	Ezk.21.8	ADATMINOSEGI_GYANU	lasd DONTES_FELULBIRALAS a generalo szkriptben (Ezk fejezet 21)	H3772	הִכְרַתִּ֥י	hikh.ra.Ti	כָּרַת	to cut	I will cut off
Ezk.21.3	Ezk.21.8	ADATMINOSEGI_GYANU	lasd DONTES_FELULBIRALAS a generalo szkriptben (Ezk fejezet 21)	H4480	מִמֵּ֖	mi.Me	מִן־	from	from
Ezk.21.3	Ezk.21.8	ADATMINOSEGI_GYANU	lasd DONTES_FELULBIRALAS a generalo szkriptben (Ezk fejezet 21)	H9032	ךְ	kh	Os2f	you	you
Ezk.21.3	Ezk.21.8	ADATMINOSEGI_GYANU	lasd DONTES_FELULBIRALAS a generalo szkriptben (Ezk fejezet 21)	H6662	צַדִּ֥יק	tza.Dik	צַדִּיק	righteous	[the] righteous
Ezk.21.3	Ezk.21.8	ADATMINOSEGI_GYANU	lasd DONTES_FELULBIRALAS a generalo szkriptben (Ezk fejezet 21)	H9002	וְ	ve.	ו	and	and
Ezk.21.3	Ezk.21.8	ADATMINOSEGI_GYANU	lasd DONTES_FELULBIRALAS a generalo szkriptben (Ezk fejezet 21)	H7563	רָשָֽׁע	ra.Sha'	רָשָׁע	wicked	[the] wicked
Ezk.21.4	Ezk.21.9	ADATMINOSEGI_GYANU	lasd DONTES_FELULBIRALAS a generalo szkriptben (Ezk fejezet 21)	H3282	יַ֛עַן	Ya.'an	יַעַן	because	because
Ezk.21.4	Ezk.21.9	ADATMINOSEGI_GYANU	lasd DONTES_FELULBIRALAS a generalo szkriptben (Ezk fejezet 21)	H0834	אֲשֶׁר	'a.Sher-	אֲשֶׁר	which	that
Ezk.21.4	Ezk.21.9	ADATMINOSEGI_GYANU	lasd DONTES_FELULBIRALAS a generalo szkriptben (Ezk fejezet 21)	H3772	הִכְרַ֥תִּי	hikh.Ra.ti	כָּרַת	to cut	I have cut off
Ezk.21.4	Ezk.21.9	ADATMINOSEGI_GYANU	lasd DONTES_FELULBIRALAS a generalo szkriptben (Ezk fejezet 21)	H4480	מִמֵּ֖	mi.Me	מִן־	from	from
Ezk.21.4	Ezk.21.9	ADATMINOSEGI_GYANU	lasd DONTES_FELULBIRALAS a generalo szkriptben (Ezk fejezet 21)	H9032	ךְ	kh	Os2f	you	you
Ezk.21.4	Ezk.21.9	ADATMINOSEGI_GYANU	lasd DONTES_FELULBIRALAS a generalo szkriptben (Ezk fejezet 21)	H6662	צַדִּ֣יק	tza.Dik	צַדִּיק	righteous	[the] righteous
Ezk.21.4	Ezk.21.9	ADATMINOSEGI_GYANU	lasd DONTES_FELULBIRALAS a generalo szkriptben (Ezk fejezet 21)	H9002	וְ	ve.	ו	and	and
Ezk.21.4	Ezk.21.9	ADATMINOSEGI_GYANU	lasd DONTES_FELULBIRALAS a generalo szkriptben (Ezk fejezet 21)	H7563	רָשָׁ֑ע	ra.Sha'	רָשָׁע	wicked	[the] wicked
Ezk.21.4	Ezk.21.9	ADATMINOSEGI_GYANU	lasd DONTES_FELULBIRALAS a generalo szkriptben (Ezk fejezet 21)	H9005	לָ֠	La.	ל	to	<to>
Ezk.21.4	Ezk.21.9	ADATMINOSEGI_GYANU	lasd DONTES_FELULBIRALAS a generalo szkriptben (Ezk fejezet 21)	H3651	כֵן	khen	כֵּן	so	therefore
Ezk.21.4	Ezk.21.9	ADATMINOSEGI_GYANU	lasd DONTES_FELULBIRALAS a generalo szkriptben (Ezk fejezet 21)	H3318	תֵּצֵ֨א	te.Tze'	יָצָא	to come out	it will go forth
Ezk.21.4	Ezk.21.9	ADATMINOSEGI_GYANU	lasd DONTES_FELULBIRALAS a generalo szkriptben (Ezk fejezet 21)	H2719	חַרְבִּ֧	char.B	חֶ֫רֶב	sword	sword
Ezk.21.4	Ezk.21.9	ADATMINOSEGI_GYANU	lasd DONTES_FELULBIRALAS a generalo szkriptben (Ezk fejezet 21)	H9020	י	i	Ps1c	my	my
Ezk.21.4	Ezk.21.9	ADATMINOSEGI_GYANU	lasd DONTES_FELULBIRALAS a generalo szkriptben (Ezk fejezet 21)	H9006	מִ	mi.	מ	from	from
Ezk.21.4	Ezk.21.9	ADATMINOSEGI_GYANU	lasd DONTES_FELULBIRALAS a generalo szkriptben (Ezk fejezet 21)	H8593	תַּעְרָ֛	ta'.Ra	תַּ֫עַר	razor	sheath
Ezk.21.4	Ezk.21.9	ADATMINOSEGI_GYANU	lasd DONTES_FELULBIRALAS a generalo szkriptben (Ezk fejezet 21)	H9024	הּ	h	Ps3f	her	its
Ezk.21.4	Ezk.21.9	ADATMINOSEGI_GYANU	lasd DONTES_FELULBIRALAS a generalo szkriptben (Ezk fejezet 21)	H0413	אֶל	'el-	אֶל	to(wards)	against
Ezk.21.4	Ezk.21.9	ADATMINOSEGI_GYANU	lasd DONTES_FELULBIRALAS a generalo szkriptben (Ezk fejezet 21)	H3605	כָּל	kol-	כֹּל	all	all
Ezk.21.4	Ezk.21.9	ADATMINOSEGI_GYANU	lasd DONTES_FELULBIRALAS a generalo szkriptben (Ezk fejezet 21)	H1320	בָּשָׂ֖ר	ba.Sar	בָּשָׂר	flesh	flesh
Ezk.21.4	Ezk.21.9	ADATMINOSEGI_GYANU	lasd DONTES_FELULBIRALAS a generalo szkriptben (Ezk fejezet 21)	H9006	מִ	mi.	מ	from	from
Ezk.21.4	Ezk.21.9	ADATMINOSEGI_GYANU	lasd DONTES_FELULBIRALAS a generalo szkriptben (Ezk fejezet 21)	H5045	נֶּ֥גֶב	Ne.gev	נֶ֫גֶב	south	[the] south
Ezk.21.4	Ezk.21.9	ADATMINOSEGI_GYANU	lasd DONTES_FELULBIRALAS a generalo szkriptben (Ezk fejezet 21)	H6828	צָפֽוֹן	tza.Fon	צָפוֹן	north	[the] north
Ezk.21.5	Ezk.21.10	ADATMINOSEGI_GYANU	lasd DONTES_FELULBIRALAS a generalo szkriptben (Ezk fejezet 21)	H9001	וְ	ve.	ו	&	and
Ezk.21.5	Ezk.21.10	ADATMINOSEGI_GYANU	lasd DONTES_FELULBIRALAS a generalo szkriptben (Ezk fejezet 21)	H3045	יָֽדְעוּ֙	ya.de.'U	יָדַע	to know	they will know
Ezk.21.5	Ezk.21.10	ADATMINOSEGI_GYANU	lasd DONTES_FELULBIRALAS a generalo szkriptben (Ezk fejezet 21)	H3605	כָּל	kol-	כֹּל	all	all
Ezk.21.5	Ezk.21.10	ADATMINOSEGI_GYANU	lasd DONTES_FELULBIRALAS a generalo szkriptben (Ezk fejezet 21)	H1320	בָּשָׂ֔ר	ba.Sar	בָּשָׂר	flesh	flesh
Ezk.21.5	Ezk.21.10	ADATMINOSEGI_GYANU	lasd DONTES_FELULBIRALAS a generalo szkriptben (Ezk fejezet 21)	H3588	כִּ֚י	ki	כִּי	for	that
Ezk.21.5	Ezk.21.10	ADATMINOSEGI_GYANU	lasd DONTES_FELULBIRALAS a generalo szkriptben (Ezk fejezet 21)	H0589	אֲנִ֣י	'a.Ni	אֲנִי, אָֽנֹכִ֫י	I	I
Ezk.21.5	Ezk.21.10	ADATMINOSEGI_GYANU	lasd DONTES_FELULBIRALAS a generalo szkriptben (Ezk fejezet 21)	H3068	יְהוָ֔ה	Yah.weh	יהוה	LORD	Yahweh
Ezk.21.5	Ezk.21.10	ADATMINOSEGI_GYANU	lasd DONTES_FELULBIRALAS a generalo szkriptben (Ezk fejezet 21)	H3318	הוֹצֵ֥אתִי	ho.Tze.ti	יָצָא	to come out	I have brought out
Ezk.21.5	Ezk.21.10	ADATMINOSEGI_GYANU	lasd DONTES_FELULBIRALAS a generalo szkriptben (Ezk fejezet 21)	H2719	חַרְבִּ֖	char.B	חֶ֫רֶב	sword	sword
Ezk.21.5	Ezk.21.10	ADATMINOSEGI_GYANU	lasd DONTES_FELULBIRALAS a generalo szkriptben (Ezk fejezet 21)	H9020	י	i	Ps1c	my	my
Ezk.21.5	Ezk.21.10	ADATMINOSEGI_GYANU	lasd DONTES_FELULBIRALAS a generalo szkriptben (Ezk fejezet 21)	H9006	מִ	mi.	מ	from	from
Ezk.21.5	Ezk.21.10	ADATMINOSEGI_GYANU	lasd DONTES_FELULBIRALAS a generalo szkriptben (Ezk fejezet 21)	H8593	תַּעְרָ֑	ta'.Ra	תַּ֫עַר	razor	sheath
Ezk.21.5	Ezk.21.10	ADATMINOSEGI_GYANU	lasd DONTES_FELULBIRALAS a generalo szkriptben (Ezk fejezet 21)	H9024	הּ	h	Ps3f	her	its
Ezk.21.5	Ezk.21.10	ADATMINOSEGI_GYANU	lasd DONTES_FELULBIRALAS a generalo szkriptben (Ezk fejezet 21)	H3808	לֹ֥א	lo'	לֹא	not	not
Ezk.21.5	Ezk.21.10	ADATMINOSEGI_GYANU	lasd DONTES_FELULBIRALAS a generalo szkriptben (Ezk fejezet 21)	H7725	תָשׁ֖וּב	ta.Shuv	שׁוּב	to return	it will go back
Ezk.21.5	Ezk.21.10	ADATMINOSEGI_GYANU	lasd DONTES_FELULBIRALAS a generalo szkriptben (Ezk fejezet 21)	H5750	עֽוֹד	od	עוֹד	still	again
Ezk.21.6	Ezk.21.11	ADATMINOSEGI_GYANU	lasd DONTES_FELULBIRALAS a generalo szkriptben (Ezk fejezet 21)	H9002	וְ	ve.	ו	and	and
Ezk.21.6	Ezk.21.11	ADATMINOSEGI_GYANU	lasd DONTES_FELULBIRALAS a generalo szkriptben (Ezk fejezet 21)	H0859	אַתָּ֥ה	'a.Tah	אַתָּ֫ה	you(m.s.)	you
Ezk.21.6	Ezk.21.11	ADATMINOSEGI_GYANU	lasd DONTES_FELULBIRALAS a generalo szkriptben (Ezk fejezet 21)	H1121	בֶן	ven-	בֵּן	son	O son of
Ezk.21.6	Ezk.21.11	ADATMINOSEGI_GYANU	lasd DONTES_FELULBIRALAS a generalo szkriptben (Ezk fejezet 21)	H0120	אָדָ֖ם	'a.Dam	אָדָם	man	humankind
Ezk.21.6	Ezk.21.11	ADATMINOSEGI_GYANU	lasd DONTES_FELULBIRALAS a generalo szkriptben (Ezk fejezet 21)	H0584	הֵֽאָנַ֑ח	he.'a.Nach	אָנַח	to sigh	groan
Ezk.21.6	Ezk.21.11	ADATMINOSEGI_GYANU	lasd DONTES_FELULBIRALAS a generalo szkriptben (Ezk fejezet 21)	H9003	בְּ	be.	ב	in	with
Ezk.21.6	Ezk.21.11	ADATMINOSEGI_GYANU	lasd DONTES_FELULBIRALAS a generalo szkriptben (Ezk fejezet 21)	H7670	שִׁבְר֤וֹן	shiv.Ron	שִׁבָּרוֹן	breaking	breaking of
Ezk.21.6	Ezk.21.11	ADATMINOSEGI_GYANU	lasd DONTES_FELULBIRALAS a generalo szkriptben (Ezk fejezet 21)	H4975	מָתְנַ֙יִם֙	ma.te.Na.yim	מׇתְנַ֫יִם	loin	loins
Ezk.21.6	Ezk.21.11	ADATMINOSEGI_GYANU	lasd DONTES_FELULBIRALAS a generalo szkriptben (Ezk fejezet 21)	H9002	וּ	u.	ו	and	and
Ezk.21.6	Ezk.21.11	ADATMINOSEGI_GYANU	lasd DONTES_FELULBIRALAS a generalo szkriptben (Ezk fejezet 21)	H9003	בִ	vi	ב	in	with
Ezk.21.6	Ezk.21.11	ADATMINOSEGI_GYANU	lasd DONTES_FELULBIRALAS a generalo szkriptben (Ezk fejezet 21)	H4814	מְרִיר֔וּת	m.ri.Rut	מְרִירוּת	bitterness	bitterness
Ezk.21.6	Ezk.21.11	ADATMINOSEGI_GYANU	lasd DONTES_FELULBIRALAS a generalo szkriptben (Ezk fejezet 21)	H0584	תֵּֽאָנַ֖ח	te.'a.Nach	אָנַח	to sigh	you will groan
Ezk.21.6	Ezk.21.11	ADATMINOSEGI_GYANU	lasd DONTES_FELULBIRALAS a generalo szkriptben (Ezk fejezet 21)	H9005	לְ	le.	ל	to	to
Ezk.21.6	Ezk.21.11	ADATMINOSEGI_GYANU	lasd DONTES_FELULBIRALAS a generalo szkriptben (Ezk fejezet 21)	H5869	עֵינֵי	'ei.nei.	עַ֫יִן	eye	eyes
Ezk.21.6	Ezk.21.11	ADATMINOSEGI_GYANU	lasd DONTES_FELULBIRALAS a generalo szkriptben (Ezk fejezet 21)	H9028	הֶֽם	Hem	Pp3m	their	their
Ezk.21.7	Ezk.21.12	ADATMINOSEGI_GYANU	lasd DONTES_FELULBIRALAS a generalo szkriptben (Ezk fejezet 21)	H9001	וְ	ve.	ו	&	and
Ezk.21.7	Ezk.21.12	ADATMINOSEGI_GYANU	lasd DONTES_FELULBIRALAS a generalo szkriptben (Ezk fejezet 21)	H1961	הָיָה֙	ha.Yah	הָיָה	to be	it will be
Ezk.21.7	Ezk.21.12	ADATMINOSEGI_GYANU	lasd DONTES_FELULBIRALAS a generalo szkriptben (Ezk fejezet 21)	H3588	כִּֽי	ki-	כִּי	for	that
Ezk.21.7	Ezk.21.12	ADATMINOSEGI_GYANU	lasd DONTES_FELULBIRALAS a generalo szkriptben (Ezk fejezet 21)	H0559	יֹאמְר֣וּ	yo.me.Ru	אָמַר	to say	they will say
Ezk.21.7	Ezk.21.12	ADATMINOSEGI_GYANU	lasd DONTES_FELULBIRALAS a generalo szkriptben (Ezk fejezet 21)	H0413	אֵלֶ֔י	'e.Lei.	אֶל	to(wards)	to
Ezk.21.7	Ezk.21.12	ADATMINOSEGI_GYANU	lasd DONTES_FELULBIRALAS a generalo szkriptben (Ezk fejezet 21)	H9031	ךָ	kha	Os2m	you	you
Ezk.21.7	Ezk.21.12	ADATMINOSEGI_GYANU	lasd DONTES_FELULBIRALAS a generalo szkriptben (Ezk fejezet 21)	H5921	עַל	'al-	עַל	upon	concerning
Ezk.21.7	Ezk.21.12	ADATMINOSEGI_GYANU	lasd DONTES_FELULBIRALAS a generalo szkriptben (Ezk fejezet 21)	H4100	מָ֖ה	mah	מָה	what?	what?
Ezk.21.7	Ezk.21.12	ADATMINOSEGI_GYANU	lasd DONTES_FELULBIRALAS a generalo szkriptben (Ezk fejezet 21)	H0859	אַתָּ֣ה	'a.Tah	אַתָּ֫ה	you(m.s.)	[are] you
Ezk.21.7	Ezk.21.12	ADATMINOSEGI_GYANU	lasd DONTES_FELULBIRALAS a generalo szkriptben (Ezk fejezet 21)	H0584	נֶאֱנָ֑ח	ne.'e.Nach	אָנַח	to sigh	groaning
Ezk.21.7	Ezk.21.12	ADATMINOSEGI_GYANU	lasd DONTES_FELULBIRALAS a generalo szkriptben (Ezk fejezet 21)	H9001	וְ	ve.	ו	&	and
Ezk.21.7	Ezk.21.12	ADATMINOSEGI_GYANU	lasd DONTES_FELULBIRALAS a generalo szkriptben (Ezk fejezet 21)	H0559	אָמַרְתָּ֡	'a.mar.Ta	אָמַר	to say	you will say
Ezk.21.7	Ezk.21.12	ADATMINOSEGI_GYANU	lasd DONTES_FELULBIRALAS a generalo szkriptben (Ezk fejezet 21)	H0413	אֶל	'el-	אֶל	to(wards)	because of
Ezk.21.7	Ezk.21.12	ADATMINOSEGI_GYANU	lasd DONTES_FELULBIRALAS a generalo szkriptben (Ezk fejezet 21)	H8052	שְׁמוּעָ֣ה	she.mu.'Ah	שְׁמוּעָה	tidings	a report
Ezk.21.7	Ezk.21.12	ADATMINOSEGI_GYANU	lasd DONTES_FELULBIRALAS a generalo szkriptben (Ezk fejezet 21)	H3588	כִֽי	khi-	כִּי	for	that
Ezk.21.7	Ezk.21.12	ADATMINOSEGI_GYANU	lasd DONTES_FELULBIRALAS a generalo szkriptben (Ezk fejezet 21)	H0935	בָאָ֡ה	va.'Ah	בּוֹא	to come (in)	[it is] coming
Ezk.21.7	Ezk.21.12	ADATMINOSEGI_GYANU	lasd DONTES_FELULBIRALAS a generalo szkriptben (Ezk fejezet 21)	H9001	וְ	ve.	ו	&	and
Ezk.21.7	Ezk.21.12	ADATMINOSEGI_GYANU	lasd DONTES_FELULBIRALAS a generalo szkriptben (Ezk fejezet 21)	H4549	נָמֵ֣ס	na.Mes	מָסַס	to melt	it will melt
Ezk.21.7	Ezk.21.12	ADATMINOSEGI_GYANU	lasd DONTES_FELULBIRALAS a generalo szkriptben (Ezk fejezet 21)	H3605	כָּל	kol-	כֹּל	all	every
Ezk.21.7	Ezk.21.12	ADATMINOSEGI_GYANU	lasd DONTES_FELULBIRALAS a generalo szkriptben (Ezk fejezet 21)	H3820	לֵב֩	lev	לֵב	heart	heart
Ezk.21.7	Ezk.21.12	ADATMINOSEGI_GYANU	lasd DONTES_FELULBIRALAS a generalo szkriptben (Ezk fejezet 21)	H9001	וְ	ve.	ו	&	and
Ezk.21.7	Ezk.21.12	ADATMINOSEGI_GYANU	lasd DONTES_FELULBIRALAS a generalo szkriptben (Ezk fejezet 21)	H7503	רָפ֨וּ	ra.Fu	רָפָה	to slacken	they will hang limp
Ezk.21.7	Ezk.21.12	ADATMINOSEGI_GYANU	lasd DONTES_FELULBIRALAS a generalo szkriptben (Ezk fejezet 21)	H3605	כָל	khol-	כֹּל	all	every
Ezk.21.7	Ezk.21.12	ADATMINOSEGI_GYANU	lasd DONTES_FELULBIRALAS a generalo szkriptben (Ezk fejezet 21)	H3027	יָדַ֜יִם	ya.Da.yim	יָד	hand	pair of hands
Ezk.21.7	Ezk.21.12	ADATMINOSEGI_GYANU	lasd DONTES_FELULBIRALAS a generalo szkriptben (Ezk fejezet 21)	H9001	וְ	ve.	ו	&	and
Ezk.21.7	Ezk.21.12	ADATMINOSEGI_GYANU	lasd DONTES_FELULBIRALAS a generalo szkriptben (Ezk fejezet 21)	H3543	כִהֲתָ֣ה	khi.ha.Tah	כָּהָה	to grow dim	it will grow faint
Ezk.21.7	Ezk.21.12	ADATMINOSEGI_GYANU	lasd DONTES_FELULBIRALAS a generalo szkriptben (Ezk fejezet 21)	H3605	כָל	khol-	כֹּל	all	every
Ezk.21.7	Ezk.21.12	ADATMINOSEGI_GYANU	lasd DONTES_FELULBIRALAS a generalo szkriptben (Ezk fejezet 21)	H7307	ר֗וּחַ	Ru.ach	רוּחַ	spirit	spirit
Ezk.21.7	Ezk.21.12	ADATMINOSEGI_GYANU	lasd DONTES_FELULBIRALAS a generalo szkriptben (Ezk fejezet 21)	H9002	וְ	ve.	ו	and	and
Ezk.21.7	Ezk.21.12	ADATMINOSEGI_GYANU	lasd DONTES_FELULBIRALAS a generalo szkriptben (Ezk fejezet 21)	H3605	כָל	khol	כֹּל	all	all
Ezk.21.7	Ezk.21.12	ADATMINOSEGI_GYANU	lasd DONTES_FELULBIRALAS a generalo szkriptben (Ezk fejezet 21)	H1290	בִּרְכַּ֙יִם֙	bir.Ka.yim	בֶּ֫רֶךְ	knee	knees
Ezk.21.7	Ezk.21.12	ADATMINOSEGI_GYANU	lasd DONTES_FELULBIRALAS a generalo szkriptben (Ezk fejezet 21)	H1980	תֵּלַ֣כְנָה	te.Lakh.nah	הָלַךְ	to go	they will go
Ezk.21.7	Ezk.21.12	ADATMINOSEGI_GYANU	lasd DONTES_FELULBIRALAS a generalo szkriptben (Ezk fejezet 21)	H4325	מַּ֔יִם	Ma.yim	מַי	water	water
Ezk.21.7	Ezk.21.12	ADATMINOSEGI_GYANU	lasd DONTES_FELULBIRALAS a generalo szkriptben (Ezk fejezet 21)	H2009	הִנֵּ֤ה	hi.Neh	הִנֵּה	behold	there!
Ezk.21.7	Ezk.21.12	ADATMINOSEGI_GYANU	lasd DONTES_FELULBIRALAS a generalo szkriptben (Ezk fejezet 21)	H0935	בָאָה֙	va.'Ah	בּוֹא	to come (in)	[it is] coming
Ezk.21.7	Ezk.21.12	ADATMINOSEGI_GYANU	lasd DONTES_FELULBIRALAS a generalo szkriptben (Ezk fejezet 21)	H9001	וְ	ve.	ו	&	and
Ezk.21.7	Ezk.21.12	ADATMINOSEGI_GYANU	lasd DONTES_FELULBIRALAS a generalo szkriptben (Ezk fejezet 21)	H1961	נִֽהְיָ֔תָה	nih.Ya.tah	הָיָה	to be	it will happen
Ezk.21.7	Ezk.21.12	ADATMINOSEGI_GYANU	lasd DONTES_FELULBIRALAS a generalo szkriptben (Ezk fejezet 21)	H5002	נְאֻ֖ם	ne.'Um	נְאֻם	utterance	[the] utterance of
Ezk.21.7	Ezk.21.12	ADATMINOSEGI_GYANU	lasd DONTES_FELULBIRALAS a generalo szkriptben (Ezk fejezet 21)	H0136	אֲדֹנָ֥י	'a.do.Nai	אֲדֹנָי	LORD	[the] Lord
Ezk.21.7	Ezk.21.12	ADATMINOSEGI_GYANU	lasd DONTES_FELULBIRALAS a generalo szkriptben (Ezk fejezet 21)	H3069	יְהוִֽה	Yah.weh	יְהֹוִה	YHWH|Yahweh	Yahweh
Ezk.21.8	Ezk.21.13	ADATMINOSEGI_GYANU	lasd DONTES_FELULBIRALAS a generalo szkriptben (Ezk fejezet 21)	H9001	וַ	va	ו	&	and
Ezk.21.8	Ezk.21.13	ADATMINOSEGI_GYANU	lasd DONTES_FELULBIRALAS a generalo szkriptben (Ezk fejezet 21)	H1961	יְהִ֥י	y.Hi	הָיָה	to be	it came
Ezk.21.8	Ezk.21.13	ADATMINOSEGI_GYANU	lasd DONTES_FELULBIRALAS a generalo szkriptben (Ezk fejezet 21)	H1697	דְבַר	de.var-	דָּבָר	word	[the] word of
Ezk.21.8	Ezk.21.13	ADATMINOSEGI_GYANU	lasd DONTES_FELULBIRALAS a generalo szkriptben (Ezk fejezet 21)	H3068	יְהוָ֖ה	Yah.weh	יהוה	LORD	Yahweh
Ezk.21.8	Ezk.21.13	ADATMINOSEGI_GYANU	lasd DONTES_FELULBIRALAS a generalo szkriptben (Ezk fejezet 21)	H0413	אֵלַ֥	'e.La	אֶל	to(wards)	to
Ezk.21.8	Ezk.21.13	ADATMINOSEGI_GYANU	lasd DONTES_FELULBIRALAS a generalo szkriptben (Ezk fejezet 21)	H9030	י	i	Os1c	me	me
Ezk.21.8	Ezk.21.13	ADATMINOSEGI_GYANU	lasd DONTES_FELULBIRALAS a generalo szkriptben (Ezk fejezet 21)	H9005	לֵ	le.	ל	to	<to>
Ezk.21.8	Ezk.21.13	ADATMINOSEGI_GYANU	lasd DONTES_FELULBIRALAS a generalo szkriptben (Ezk fejezet 21)	H0559	אמֹֽר	Mor	אָמַר	to say	saying
Ezk.21.9	Ezk.21.14	ADATMINOSEGI_GYANU	lasd DONTES_FELULBIRALAS a generalo szkriptben (Ezk fejezet 21)	H1121	בֶּן	ben-	בֵּן	son	O son of
Ezk.21.9	Ezk.21.14	ADATMINOSEGI_GYANU	lasd DONTES_FELULBIRALAS a generalo szkriptben (Ezk fejezet 21)	H0120	אָדָ֕ם	'a.Dam	אָדָם	man	humankind
Ezk.21.9	Ezk.21.14	ADATMINOSEGI_GYANU	lasd DONTES_FELULBIRALAS a generalo szkriptben (Ezk fejezet 21)	H5012	הִנָּבֵא֙	hi.na.Ve'	נָבָא	to prophesy	prophesy
Ezk.21.9	Ezk.21.14	ADATMINOSEGI_GYANU	lasd DONTES_FELULBIRALAS a generalo szkriptben (Ezk fejezet 21)	H9001	וְ	ve.	ו	&	and
Ezk.21.9	Ezk.21.14	ADATMINOSEGI_GYANU	lasd DONTES_FELULBIRALAS a generalo szkriptben (Ezk fejezet 21)	H0559	אָ֣מַרְתָּ֔	'A.mar.ta	אָמַר	to say	you will say
Ezk.21.9	Ezk.21.14	ADATMINOSEGI_GYANU	lasd DONTES_FELULBIRALAS a generalo szkriptben (Ezk fejezet 21)	H3541	כֹּ֖ה	koh	כֹּה	thus	thus
Ezk.21.9	Ezk.21.14	ADATMINOSEGI_GYANU	lasd DONTES_FELULBIRALAS a generalo szkriptben (Ezk fejezet 21)	H0559	אָמַ֣ר	'a.Mar	אָמַר	to say	he says
Ezk.21.9	Ezk.21.14	ADATMINOSEGI_GYANU	lasd DONTES_FELULBIRALAS a generalo szkriptben (Ezk fejezet 21)	H0136	אֲדֹנָ֑י	'a.do.Nai	אֲדֹנָי	LORD	[the] Lord
Ezk.21.9	Ezk.21.14	ADATMINOSEGI_GYANU	lasd DONTES_FELULBIRALAS a generalo szkriptben (Ezk fejezet 21)	H0559	אֱמֹ֕ר	'e.Mor	אָמַר	to say	say
Ezk.21.9	Ezk.21.14	ADATMINOSEGI_GYANU	lasd DONTES_FELULBIRALAS a generalo szkriptben (Ezk fejezet 21)	H2719	חֶ֥רֶב	Che.rev	חֶ֫רֶב	sword	a sword
Ezk.21.9	Ezk.21.14	ADATMINOSEGI_GYANU	lasd DONTES_FELULBIRALAS a generalo szkriptben (Ezk fejezet 21)	H2719	חֶ֛רֶב	Che.rev	חֶ֫רֶב	sword	a sword
Ezk.21.9	Ezk.21.14	ADATMINOSEGI_GYANU	lasd DONTES_FELULBIRALAS a generalo szkriptben (Ezk fejezet 21)	H2300	הוּחַ֖דָּה	hu.Cha.dah	חָדַד	be sharp	it has been sharpened
Ezk.21.9	Ezk.21.14	ADATMINOSEGI_GYANU	lasd DONTES_FELULBIRALAS a generalo szkriptben (Ezk fejezet 21)	H9002	וְ	ve.	ו	and	and
Ezk.21.9	Ezk.21.14	ADATMINOSEGI_GYANU	lasd DONTES_FELULBIRALAS a generalo szkriptben (Ezk fejezet 21)	H1571	גַם	gam-	גַּם	also	also
Ezk.21.9	Ezk.21.14	ADATMINOSEGI_GYANU	lasd DONTES_FELULBIRALAS a generalo szkriptben (Ezk fejezet 21)	H4803	מְרוּטָֽה	me.ru.Tah	מָרַט	to smooth	[is] polished
Ezk.21.10	Ezk.21.15	ADATMINOSEGI_GYANU	lasd DONTES_FELULBIRALAS a generalo szkriptben (Ezk fejezet 21)	H4616	לְמַ֨עַן	le.Ma.'an	מַ֫עַן	because	so as
Ezk.21.10	Ezk.21.15	ADATMINOSEGI_GYANU	lasd DONTES_FELULBIRALAS a generalo szkriptben (Ezk fejezet 21)	H2873	טְבֹ֤חַ	te.Vo.ach	טָבַח	to slaughter	to slaughter
Ezk.21.10	Ezk.21.15	ADATMINOSEGI_GYANU	lasd DONTES_FELULBIRALAS a generalo szkriptben (Ezk fejezet 21)	H2874	טֶ֙בַח֙	te.vach	טֶ֫בַח	slaughter	a slaughter
Ezk.21.10	Ezk.21.15	ADATMINOSEGI_GYANU	lasd DONTES_FELULBIRALAS a generalo szkriptben (Ezk fejezet 21)	H2300	הוּחַ֔דָּה	hu.Cha.dah	חָדַד	be sharp	it has been sharpened
Ezk.21.10	Ezk.21.15	ADATMINOSEGI_GYANU	lasd DONTES_FELULBIRALAS a generalo szkriptben (Ezk fejezet 21)	H4616	לְמַעַן	le.ma.'an-	מַ֫עַן	because	so as
Ezk.21.10	Ezk.21.15	ADATMINOSEGI_GYANU	lasd DONTES_FELULBIRALAS a generalo szkriptben (Ezk fejezet 21)	H1961	הֱיֵה	he.yeh-	הָיָה	to be	be
Ezk.21.10	Ezk.21.15	ADATMINOSEGI_GYANU	lasd DONTES_FELULBIRALAS a generalo szkriptben (Ezk fejezet 21)	H9005	לָ֥	la	ל	to	for
Ezk.21.10	Ezk.21.15	ADATMINOSEGI_GYANU	lasd DONTES_FELULBIRALAS a generalo szkriptben (Ezk fejezet 21)	H9034	הּ	h	Os3f	her	it
Ezk.21.10	Ezk.21.15	ADATMINOSEGI_GYANU	lasd DONTES_FELULBIRALAS a generalo szkriptben (Ezk fejezet 21)	H1300	בָּ֖רָק	Ba.rok	בָּרָק	lightning	lightning
Ezk.21.10	Ezk.21.15	ADATMINOSEGI_GYANU	lasd DONTES_FELULBIRALAS a generalo szkriptben (Ezk fejezet 21)	H4803	מֹרָ֑טָּה	mo.Ra.tah	מָרַט	to smooth	it has been polished
Ezk.21.10	Ezk.21.15	ADATMINOSEGI_GYANU	lasd DONTES_FELULBIRALAS a generalo szkriptben (Ezk fejezet 21)	H0176	א֣וֹ	'o	אוֹ	or	or
Ezk.21.10	Ezk.21.15	ADATMINOSEGI_GYANU	lasd DONTES_FELULBIRALAS a generalo szkriptben (Ezk fejezet 21)	H7797	נָשִׂ֔ישׂ	na.Sis	שׂוּשׂ	to rejoice	we will rejoice
Ezk.21.10	Ezk.21.15	ADATMINOSEGI_GYANU	lasd DONTES_FELULBIRALAS a generalo szkriptben (Ezk fejezet 21)	H7626	שֵׁ֥בֶט	She.vet	שֵׁ֫בֶט	tribe	[the] scepter of
Ezk.21.10	Ezk.21.15	ADATMINOSEGI_GYANU	lasd DONTES_FELULBIRALAS a generalo szkriptben (Ezk fejezet 21)	H1121	בְּנִ֖	be.N	בֵּן	son	son
Ezk.21.10	Ezk.21.15	ADATMINOSEGI_GYANU	lasd DONTES_FELULBIRALAS a generalo szkriptben (Ezk fejezet 21)	H9020	י	i	Ps1c	my	my
Ezk.21.10	Ezk.21.15	ADATMINOSEGI_GYANU	lasd DONTES_FELULBIRALAS a generalo szkriptben (Ezk fejezet 21)	H3988	מֹאֶ֥סֶת	mo.'E.set	מָאַס	to reject	[is] rejecting
Ezk.21.10	Ezk.21.15	ADATMINOSEGI_GYANU	lasd DONTES_FELULBIRALAS a generalo szkriptben (Ezk fejezet 21)	H3605	כָּל	kol-	כֹּל	all	every
Ezk.21.10	Ezk.21.15	ADATMINOSEGI_GYANU	lasd DONTES_FELULBIRALAS a generalo szkriptben (Ezk fejezet 21)	H6086	עֵֽץ	'Etz	עֵץ	tree	tree
Ezk.21.11	Ezk.21.16	ADATMINOSEGI_GYANU	lasd DONTES_FELULBIRALAS a generalo szkriptben (Ezk fejezet 21)	H9001	וַ	va	ו	&	and
Ezk.21.11	Ezk.21.16	ADATMINOSEGI_GYANU	lasd DONTES_FELULBIRALAS a generalo szkriptben (Ezk fejezet 21)	H5414	יִּתֵּ֥ן	i.yi.Ten	נָתַן	to give	someone gave
Ezk.21.11	Ezk.21.16	ADATMINOSEGI_GYANU	lasd DONTES_FELULBIRALAS a generalo szkriptben (Ezk fejezet 21)	H0853	אֹתָ֛	'o.Ta	אֵת	[Obj.]	<obj.>
Ezk.21.11	Ezk.21.16	ADATMINOSEGI_GYANU	lasd DONTES_FELULBIRALAS a generalo szkriptben (Ezk fejezet 21)	H9034	הּ	h	Os3f	her	it
Ezk.21.11	Ezk.21.16	ADATMINOSEGI_GYANU	lasd DONTES_FELULBIRALAS a generalo szkriptben (Ezk fejezet 21)	H9005	לְ	le.	ל	to	to
Ezk.21.11	Ezk.21.16	ADATMINOSEGI_GYANU	lasd DONTES_FELULBIRALAS a generalo szkriptben (Ezk fejezet 21)	H4803	מָרְטָ֖ה	ma.re.Tah	מָרַט	to smooth	polish [it]
Ezk.21.11	Ezk.21.16	ADATMINOSEGI_GYANU	lasd DONTES_FELULBIRALAS a generalo szkriptben (Ezk fejezet 21)	H9005	לִ	li	ל	to	to
Ezk.21.11	Ezk.21.16	ADATMINOSEGI_GYANU	lasd DONTES_FELULBIRALAS a generalo szkriptben (Ezk fejezet 21)	H8610	תְפֹּ֣שׂ	t.Pos	תָּפַשׂ	to capture	grasp [it]
Ezk.21.11	Ezk.21.16	ADATMINOSEGI_GYANU	lasd DONTES_FELULBIRALAS a generalo szkriptben (Ezk fejezet 21)	H9003	בַּ	ba.	ב	in	in the
Ezk.21.11	Ezk.21.16	ADATMINOSEGI_GYANU	lasd DONTES_FELULBIRALAS a generalo szkriptben (Ezk fejezet 21)	H3709	כָּ֑ף	Kaf	כַּף	palm	palm
Ezk.21.11	Ezk.21.16	ADATMINOSEGI_GYANU	lasd DONTES_FELULBIRALAS a generalo szkriptben (Ezk fejezet 21)	H1931	הִֽיא	hi'-	הוּא	he;_she;_it	it
Ezk.21.11	Ezk.21.16	ADATMINOSEGI_GYANU	lasd DONTES_FELULBIRALAS a generalo szkriptben (Ezk fejezet 21)	H2300	הוּחַ֤דָּה	hu.Cha.dah	חָדַד	be sharp	it has been sharpened
Ezk.21.11	Ezk.21.16	ADATMINOSEGI_GYANU	lasd DONTES_FELULBIRALAS a generalo szkriptben (Ezk fejezet 21)	H2719	חֶ֙רֶב֙	che.rev	חֶ֫רֶב	sword	a sword
Ezk.21.11	Ezk.21.16	ADATMINOSEGI_GYANU	lasd DONTES_FELULBIRALAS a generalo szkriptben (Ezk fejezet 21)	H9002	וְ	ve.	ו	and	and
Ezk.21.11	Ezk.21.16	ADATMINOSEGI_GYANU	lasd DONTES_FELULBIRALAS a generalo szkriptben (Ezk fejezet 21)	H1931	הִ֣יא	Hi'	הוּא	he;_she;_it	it
Ezk.21.11	Ezk.21.16	ADATMINOSEGI_GYANU	lasd DONTES_FELULBIRALAS a generalo szkriptben (Ezk fejezet 21)	H4803	מֹרָ֔טָּה	mo.Ra.tah	מָרַט	to smooth	it has been polished
Ezk.21.11	Ezk.21.16	ADATMINOSEGI_GYANU	lasd DONTES_FELULBIRALAS a generalo szkriptben (Ezk fejezet 21)	H9005	לָ	la.	ל	to	to
Ezk.21.11	Ezk.21.16	ADATMINOSEGI_GYANU	lasd DONTES_FELULBIRALAS a generalo szkriptben (Ezk fejezet 21)	H5414	תֵ֥ת	Tet	נָתַן	to give	put
Ezk.21.11	Ezk.21.16	ADATMINOSEGI_GYANU	lasd DONTES_FELULBIRALAS a generalo szkriptben (Ezk fejezet 21)	H0853	אוֹתָ֖	'o.Ta	אֵת	[Obj.]	<obj.>
Ezk.21.11	Ezk.21.16	ADATMINOSEGI_GYANU	lasd DONTES_FELULBIRALAS a generalo szkriptben (Ezk fejezet 21)	H9034	הּ	h	Os3f	her	it
Ezk.21.11	Ezk.21.16	ADATMINOSEGI_GYANU	lasd DONTES_FELULBIRALAS a generalo szkriptben (Ezk fejezet 21)	H9003	בְּ	be.	ב	in	in
Ezk.21.11	Ezk.21.16	ADATMINOSEGI_GYANU	lasd DONTES_FELULBIRALAS a generalo szkriptben (Ezk fejezet 21)	H3027	יַד	yad-	יָד	hand	[the] hand of
Ezk.21.11	Ezk.21.16	ADATMINOSEGI_GYANU	lasd DONTES_FELULBIRALAS a generalo szkriptben (Ezk fejezet 21)	H2026	הוֹרֵֽג	ho.Reg	הָרַג	to kill	[one who] slays
Ezk.21.12	Ezk.21.17	ADATMINOSEGI_GYANU	lasd DONTES_FELULBIRALAS a generalo szkriptben (Ezk fejezet 21)	H2199	זְעַ֤ק	ze.'Ak	זָעַק	to cry out	cry out
Ezk.21.12	Ezk.21.17	ADATMINOSEGI_GYANU	lasd DONTES_FELULBIRALAS a generalo szkriptben (Ezk fejezet 21)	H9002	וְ	ve.	ו	and	and
Ezk.21.12	Ezk.21.17	ADATMINOSEGI_GYANU	lasd DONTES_FELULBIRALAS a generalo szkriptben (Ezk fejezet 21)	H3213	הֵילֵל֙	hei.Lel	יָלַל	to wail	wail
Ezk.21.12	Ezk.21.17	ADATMINOSEGI_GYANU	lasd DONTES_FELULBIRALAS a generalo szkriptben (Ezk fejezet 21)	H1121	בֶּן	ben-	בֵּן	son	O son of
Ezk.21.12	Ezk.21.17	ADATMINOSEGI_GYANU	lasd DONTES_FELULBIRALAS a generalo szkriptben (Ezk fejezet 21)	H0120	אָדָ֔ם	'a.Dam	אָדָם	man	humankind
Ezk.21.12	Ezk.21.17	ADATMINOSEGI_GYANU	lasd DONTES_FELULBIRALAS a generalo szkriptben (Ezk fejezet 21)	H3588	כִּי	ki-	כִּי	for	for
Ezk.21.12	Ezk.21.17	ADATMINOSEGI_GYANU	lasd DONTES_FELULBIRALAS a generalo szkriptben (Ezk fejezet 21)	H1931	הִיא֙	hi'	הוּא	he;_she;_it	it
Ezk.21.12	Ezk.21.17	ADATMINOSEGI_GYANU	lasd DONTES_FELULBIRALAS a generalo szkriptben (Ezk fejezet 21)	H1961	הָיתָ֣ה	hai.Tah	הָיָה	to be	it has come
Ezk.21.12	Ezk.21.17	ADATMINOSEGI_GYANU	lasd DONTES_FELULBIRALAS a generalo szkriptben (Ezk fejezet 21)	H9003	בְ	ve.	ב	in	on
Ezk.21.12	Ezk.21.17	ADATMINOSEGI_GYANU	lasd DONTES_FELULBIRALAS a generalo szkriptben (Ezk fejezet 21)	H5971	עַמִּ֔	'a.M	עַם	people	people
Ezk.21.12	Ezk.21.17	ADATMINOSEGI_GYANU	lasd DONTES_FELULBIRALAS a generalo szkriptben (Ezk fejezet 21)	H9020	י	i	Ps1c	my	my
Ezk.21.12	Ezk.21.17	ADATMINOSEGI_GYANU	lasd DONTES_FELULBIRALAS a generalo szkriptben (Ezk fejezet 21)	H1931	הִ֖יא	hi'	הוּא	he;_she;_it	it
Ezk.21.12	Ezk.21.17	ADATMINOSEGI_GYANU	lasd DONTES_FELULBIRALAS a generalo szkriptben (Ezk fejezet 21)	H9003	בְּ	be.	ב	in	[is] on
Ezk.21.12	Ezk.21.17	ADATMINOSEGI_GYANU	lasd DONTES_FELULBIRALAS a generalo szkriptben (Ezk fejezet 21)	H3605	כָל	khol	כֹּל	all	all
Ezk.21.12	Ezk.21.17	ADATMINOSEGI_GYANU	lasd DONTES_FELULBIRALAS a generalo szkriptben (Ezk fejezet 21)	H5387	נְשִׂיאֵ֣י	ne.si.'Ei	נָשִׂיא	leader	[the] princes of
Ezk.21.12	Ezk.21.17	ADATMINOSEGI_GYANU	lasd DONTES_FELULBIRALAS a generalo szkriptben (Ezk fejezet 21)	H3478	יִשְׂרָאֵ֑ל	Yis.ra.'El	יִשְׂרָאֵל	Israel	Israel
Ezk.21.12	Ezk.21.17	ADATMINOSEGI_GYANU	lasd DONTES_FELULBIRALAS a generalo szkriptben (Ezk fejezet 21)	H4048	מְגוּרֵ֤י	me.gu.Rei	מָגַר	to cast	thrown
Ezk.21.12	Ezk.21.17	ADATMINOSEGI_GYANU	lasd DONTES_FELULBIRALAS a generalo szkriptben (Ezk fejezet 21)	H0413	אֶל	'el-	אֶל	to(wards)	to
Ezk.21.12	Ezk.21.17	ADATMINOSEGI_GYANU	lasd DONTES_FELULBIRALAS a generalo szkriptben (Ezk fejezet 21)	H2719	חֶ֙רֶב֙	che.rev	חֶ֫רֶב	sword	[the] sword
Ezk.21.12	Ezk.21.17	ADATMINOSEGI_GYANU	lasd DONTES_FELULBIRALAS a generalo szkriptben (Ezk fejezet 21)	H1961	הָי֣וּ	ha.Yu	הָיָה	to be	they have been
Ezk.21.12	Ezk.21.17	ADATMINOSEGI_GYANU	lasd DONTES_FELULBIRALAS a generalo szkriptben (Ezk fejezet 21)	H0854	אֶת	'et-	אֵת	with	with
Ezk.21.12	Ezk.21.17	ADATMINOSEGI_GYANU	lasd DONTES_FELULBIRALAS a generalo szkriptben (Ezk fejezet 21)	H5971	עַמִּ֔	'a.M	עַם	people	people
Ezk.21.12	Ezk.21.17	ADATMINOSEGI_GYANU	lasd DONTES_FELULBIRALAS a generalo szkriptben (Ezk fejezet 21)	H9020	י	i	Ps1c	my	my
Ezk.21.12	Ezk.21.17	ADATMINOSEGI_GYANU	lasd DONTES_FELULBIRALAS a generalo szkriptben (Ezk fejezet 21)	H9005	לָ	la.	ל	to	<to>
Ezk.21.12	Ezk.21.17	ADATMINOSEGI_GYANU	lasd DONTES_FELULBIRALAS a generalo szkriptben (Ezk fejezet 21)	H3651	כֵ֖ן	Khen	כֵּן	so	therefore
Ezk.21.12	Ezk.21.17	ADATMINOSEGI_GYANU	lasd DONTES_FELULBIRALAS a generalo szkriptben (Ezk fejezet 21)	H5606	סְפֹ֥ק	se.Fok	סָפַק	to slap	slap
Ezk.21.12	Ezk.21.17	ADATMINOSEGI_GYANU	lasd DONTES_FELULBIRALAS a generalo szkriptben (Ezk fejezet 21)	H0413	אֶל	'el-	אֶל	to(wards)	<to>
Ezk.21.12	Ezk.21.17	ADATMINOSEGI_GYANU	lasd DONTES_FELULBIRALAS a generalo szkriptben (Ezk fejezet 21)	H3409	יָרֵֽךְ	ya.Rekh	יָרֵךְ	thigh	a thigh
Ezk.21.13	Ezk.21.18	ADATMINOSEGI_GYANU	lasd DONTES_FELULBIRALAS a generalo szkriptben (Ezk fejezet 21)	H3588	כִּ֣י	ki	כִּי	for	for
Ezk.21.13	Ezk.21.18	ADATMINOSEGI_GYANU	lasd DONTES_FELULBIRALAS a generalo szkriptben (Ezk fejezet 21)	H0974	בֹ֔חַן	Vo.chan	בָּחַן	to test	it has been tested
Ezk.21.13	Ezk.21.18	ADATMINOSEGI_GYANU	lasd DONTES_FELULBIRALAS a generalo szkriptben (Ezk fejezet 21)	H9002	וּ	u.	ו	and	and
Ezk.21.13	Ezk.21.18	ADATMINOSEGI_GYANU	lasd DONTES_FELULBIRALAS a generalo szkriptben (Ezk fejezet 21)	H4100	מָ֕ה	Mah	מָה	what?	what?
Ezk.21.13	Ezk.21.18	ADATMINOSEGI_GYANU	lasd DONTES_FELULBIRALAS a generalo szkriptben (Ezk fejezet 21)	H0518	אִם	'im-	אִם	if	if
Ezk.21.13	Ezk.21.18	ADATMINOSEGI_GYANU	lasd DONTES_FELULBIRALAS a generalo szkriptben (Ezk fejezet 21)	H1571	גַּם	gam-	גַּם	also	also
Ezk.21.13	Ezk.21.18	ADATMINOSEGI_GYANU	lasd DONTES_FELULBIRALAS a generalo szkriptben (Ezk fejezet 21)	H7626	שֵׁ֥בֶט	She.vet	שֵׁ֫בֶט	tribe	a scepter
Ezk.21.13	Ezk.21.18	ADATMINOSEGI_GYANU	lasd DONTES_FELULBIRALAS a generalo szkriptben (Ezk fejezet 21)	H3988	מֹאֶ֖סֶת	mo.'E.set	מָאַס	to reject	rejecting
Ezk.21.13	Ezk.21.18	ADATMINOSEGI_GYANU	lasd DONTES_FELULBIRALAS a generalo szkriptben (Ezk fejezet 21)	H3808	לֹ֣א	lo'	לֹא	not	not
Ezk.21.13	Ezk.21.18	ADATMINOSEGI_GYANU	lasd DONTES_FELULBIRALAS a generalo szkriptben (Ezk fejezet 21)	H1961	יִֽהְיֶ֑ה	yih.Yeh	הָיָה	to be	it will be
Ezk.21.13	Ezk.21.18	ADATMINOSEGI_GYANU	lasd DONTES_FELULBIRALAS a generalo szkriptben (Ezk fejezet 21)	H5002	נְאֻ֖ם	ne.'Um	נְאֻם	utterance	[the] utterance of
Ezk.21.13	Ezk.21.18	ADATMINOSEGI_GYANU	lasd DONTES_FELULBIRALAS a generalo szkriptben (Ezk fejezet 21)	H0136	אֲדֹנָ֥י	'a.do.Nai	אֲדֹנָי	LORD	[the] Lord
Ezk.21.13	Ezk.21.18	ADATMINOSEGI_GYANU	lasd DONTES_FELULBIRALAS a generalo szkriptben (Ezk fejezet 21)	H3069	יְהוִֽה	Yah.weh	יְהֹוִה	YHWH|Yahweh	Yahweh
Ezk.21.14	Ezk.21.19	ADATMINOSEGI_GYANU	lasd DONTES_FELULBIRALAS a generalo szkriptben (Ezk fejezet 21)	H9002	וְ	ve.	ו	and	and
Ezk.21.14	Ezk.21.19	ADATMINOSEGI_GYANU	lasd DONTES_FELULBIRALAS a generalo szkriptben (Ezk fejezet 21)	H0859	אַתָּ֣ה	'a.Tah	אַתָּ֫ה	you(m.s.)	you
Ezk.21.14	Ezk.21.19	ADATMINOSEGI_GYANU	lasd DONTES_FELULBIRALAS a generalo szkriptben (Ezk fejezet 21)	H1121	בֶן	ven-	בֵּן	son	O son of
Ezk.21.14	Ezk.21.19	ADATMINOSEGI_GYANU	lasd DONTES_FELULBIRALAS a generalo szkriptben (Ezk fejezet 21)	H0120	אָדָ֔ם	'a.Dam	אָדָם	man	humankind
Ezk.21.14	Ezk.21.19	ADATMINOSEGI_GYANU	lasd DONTES_FELULBIRALAS a generalo szkriptben (Ezk fejezet 21)	H5012	הִנָּבֵ֕א	hi.na.Ve'	נָבָא	to prophesy	prophesy
Ezk.21.14	Ezk.21.19	ADATMINOSEGI_GYANU	lasd DONTES_FELULBIRALAS a generalo szkriptben (Ezk fejezet 21)	H9002	וְ	ve.	ו	and	and
Ezk.21.14	Ezk.21.19	ADATMINOSEGI_GYANU	lasd DONTES_FELULBIRALAS a generalo szkriptben (Ezk fejezet 21)	H5221	הַ֖ךְ	Hakh	נָכָה	to smite	strike
Ezk.21.14	Ezk.21.19	ADATMINOSEGI_GYANU	lasd DONTES_FELULBIRALAS a generalo szkriptben (Ezk fejezet 21)	H3709	כַּ֣ף	kaf	כַּף	palm	palm
Ezk.21.14	Ezk.21.19	ADATMINOSEGI_GYANU	lasd DONTES_FELULBIRALAS a generalo szkriptben (Ezk fejezet 21)	H0413	אֶל	'el-	אֶל	to(wards)	to
Ezk.21.14	Ezk.21.19	ADATMINOSEGI_GYANU	lasd DONTES_FELULBIRALAS a generalo szkriptben (Ezk fejezet 21)	H3709	כָּ֑ף	Kaf	כַּף	palm	palm
Ezk.21.14	Ezk.21.19	ADATMINOSEGI_GYANU	lasd DONTES_FELULBIRALAS a generalo szkriptben (Ezk fejezet 21)	H9002	וְ	ve.	ו	and	so
Ezk.21.14	Ezk.21.19	ADATMINOSEGI_GYANU	lasd DONTES_FELULBIRALAS a generalo szkriptben (Ezk fejezet 21)	H3717	תִכָּפֵ֞ל	ti.ka.Fel	כָּפַל	to double	it may be doubled
Ezk.21.14	Ezk.21.19	ADATMINOSEGI_GYANU	lasd DONTES_FELULBIRALAS a generalo szkriptben (Ezk fejezet 21)	H2719	חֶ֤רֶב	Che.rev	חֶ֫רֶב	sword	a sword
Ezk.21.14	Ezk.21.19	ADATMINOSEGI_GYANU	lasd DONTES_FELULBIRALAS a generalo szkriptben (Ezk fejezet 21)	H7992	שְׁלִישִׁ֙תָה֙	she.li.Shi.tah	שְׁלִישִׁי	third	a third
Ezk.21.14	Ezk.21.19	ADATMINOSEGI_GYANU	lasd DONTES_FELULBIRALAS a generalo szkriptben (Ezk fejezet 21)	H2719	חֶ֣רֶב	Che.rev	חֶ֫רֶב	sword	a sword of
Ezk.21.14	Ezk.21.19	ADATMINOSEGI_GYANU	lasd DONTES_FELULBIRALAS a generalo szkriptben (Ezk fejezet 21)	H2491	חֲלָלִ֔ים	cha.la.Lim	חָלָל	slain	[those] slain
Ezk.21.14	Ezk.21.19	ADATMINOSEGI_GYANU	lasd DONTES_FELULBIRALAS a generalo szkriptben (Ezk fejezet 21)	H1931	הִ֗יא	Hi'	הוּא	he;_she;_it	it
Ezk.21.14	Ezk.21.19	ADATMINOSEGI_GYANU	lasd DONTES_FELULBIRALAS a generalo szkriptben (Ezk fejezet 21)	H2719	חֶ֚רֶב	Che.rev	חֶ֫רֶב	sword	[is] a sword of
Ezk.21.14	Ezk.21.19	ADATMINOSEGI_GYANU	lasd DONTES_FELULBIRALAS a generalo szkriptben (Ezk fejezet 21)	H2491	חָלָ֣ל	cha.Lal	חָלָל	slain	[the] slain
Ezk.21.14	Ezk.21.19	ADATMINOSEGI_GYANU	lasd DONTES_FELULBIRALAS a generalo szkriptben (Ezk fejezet 21)	H9009	הַ	ha.	ה	the	<the>
Ezk.21.14	Ezk.21.19	ADATMINOSEGI_GYANU	lasd DONTES_FELULBIRALAS a generalo szkriptben (Ezk fejezet 21)	H1419	גָּד֔וֹל	ga.Dol	גַּל	great	great
Ezk.21.14	Ezk.21.19	ADATMINOSEGI_GYANU	lasd DONTES_FELULBIRALAS a generalo szkriptben (Ezk fejezet 21)	H9009	הַ	ha.	ה	the	which
Ezk.21.14	Ezk.21.19	ADATMINOSEGI_GYANU	lasd DONTES_FELULBIRALAS a generalo szkriptben (Ezk fejezet 21)	H2314	חֹדֶ֖רֶת	cho.De.ret	חָדַר	to surround	surrounds
Ezk.21.14	Ezk.21.19	ADATMINOSEGI_GYANU	lasd DONTES_FELULBIRALAS a generalo szkriptben (Ezk fejezet 21)	H9005	לָ	la.	ל	to	<to>
Ezk.21.14	Ezk.21.19	ADATMINOSEGI_GYANU	lasd DONTES_FELULBIRALAS a generalo szkriptben (Ezk fejezet 21)	H9038	הֶֽם	Hem	Op3m	them	them
Ezk.21.15	Ezk.21.20	ADATMINOSEGI_GYANU	lasd DONTES_FELULBIRALAS a generalo szkriptben (Ezk fejezet 21)	H4616	לְמַ֣עַן	le.Ma.'an	מַ֫עַן	because	so as
Ezk.21.15	Ezk.21.20	ADATMINOSEGI_GYANU	lasd DONTES_FELULBIRALAS a generalo szkriptben (Ezk fejezet 21)	H9005	לָ	la.	ל	to	to
Ezk.21.15	Ezk.21.20	ADATMINOSEGI_GYANU	lasd DONTES_FELULBIRALAS a generalo szkriptben (Ezk fejezet 21)	H4127	מ֣וּג	Mug	מוּג	to melt	melt
Ezk.21.15	Ezk.21.20	ADATMINOSEGI_GYANU	lasd DONTES_FELULBIRALAS a generalo szkriptben (Ezk fejezet 21)	H3820	לֵ֗ב	Lev	לֵב	heart	a heart
Ezk.21.15	Ezk.21.20	ADATMINOSEGI_GYANU	lasd DONTES_FELULBIRALAS a generalo szkriptben (Ezk fejezet 21)	H9002	וְ	ve.	ו	and	and
Ezk.21.15	Ezk.21.20	ADATMINOSEGI_GYANU	lasd DONTES_FELULBIRALAS a generalo szkriptben (Ezk fejezet 21)	H7235	הַרְבֵּה֙	har.Beh	רָבָה	to multiply	[may be] many
Ezk.21.15	Ezk.21.20	ADATMINOSEGI_GYANU	lasd DONTES_FELULBIRALAS a generalo szkriptben (Ezk fejezet 21)	H9009	הַ	ha.	ה	the	the
Ezk.21.15	Ezk.21.20	ADATMINOSEGI_GYANU	lasd DONTES_FELULBIRALAS a generalo szkriptben (Ezk fejezet 21)	H4383	מִּכְשֹׁלִ֔ים	mikh.sho.Lim	מִכְשׁוֹל	stumbling	stumblings
Ezk.21.15	Ezk.21.20	ADATMINOSEGI_GYANU	lasd DONTES_FELULBIRALAS a generalo szkriptben (Ezk fejezet 21)	H5921	עַ֚ל	'al	עַל	upon	at
Ezk.21.15	Ezk.21.20	ADATMINOSEGI_GYANU	lasd DONTES_FELULBIRALAS a generalo szkriptben (Ezk fejezet 21)	H3605	כָּל	kol-	כֹּל	all	all
Ezk.21.15	Ezk.21.20	ADATMINOSEGI_GYANU	lasd DONTES_FELULBIRALAS a generalo szkriptben (Ezk fejezet 21)	H8179	שַׁ֣עֲרֵי	sha.'a.rei.	שַׁ֫עַר	gate	gates
Ezk.21.15	Ezk.21.20	ADATMINOSEGI_GYANU	lasd DONTES_FELULBIRALAS a generalo szkriptben (Ezk fejezet 21)	H9028	הֶ֔ם	Hem	Pp3m	their	their
Ezk.21.15	Ezk.21.20	ADATMINOSEGI_GYANU	lasd DONTES_FELULBIRALAS a generalo szkriptben (Ezk fejezet 21)	H5414	נָתַ֖תִּי	na.Ta.ti	נָתַן	to give	I have set
Ezk.21.15	Ezk.21.20	ADATMINOSEGI_GYANU	lasd DONTES_FELULBIRALAS a generalo szkriptben (Ezk fejezet 21)	H0019	אִבְחַת	'iv.chat-	אִבְחָה	slaughter	a slaughter of
Ezk.21.15	Ezk.21.20	ADATMINOSEGI_GYANU	lasd DONTES_FELULBIRALAS a generalo szkriptben (Ezk fejezet 21)	H2719	חָ֑רֶב	Cha.rev	חֶ֫רֶב	sword	a sword
Ezk.21.15	Ezk.21.20	ADATMINOSEGI_GYANU	lasd DONTES_FELULBIRALAS a generalo szkriptben (Ezk fejezet 21)	H0253	אָ֛ח	'ach	אָח	ah!	alas!
Ezk.21.15	Ezk.21.20	ADATMINOSEGI_GYANU	lasd DONTES_FELULBIRALAS a generalo szkriptben (Ezk fejezet 21)	H6213	עֲשׂוּיָ֥ה	'a.su.Yah	עָשָׂה	to make	made
Ezk.21.15	Ezk.21.20	ADATMINOSEGI_GYANU	lasd DONTES_FELULBIRALAS a generalo szkriptben (Ezk fejezet 21)	H9005	לְ	le.	ל	to	for
Ezk.21.15	Ezk.21.20	ADATMINOSEGI_GYANU	lasd DONTES_FELULBIRALAS a generalo szkriptben (Ezk fejezet 21)	H1300	בָרָ֖ק	va.Rak	בָּרָק	lightning	lightning
Ezk.21.15	Ezk.21.20	ADATMINOSEGI_GYANU	lasd DONTES_FELULBIRALAS a generalo szkriptben (Ezk fejezet 21)	H4593	מְעֻטָּ֥ה	me.'u.Tah	מָעֹט	sharp	wrapped
Ezk.21.15	Ezk.21.20	ADATMINOSEGI_GYANU	lasd DONTES_FELULBIRALAS a generalo szkriptben (Ezk fejezet 21)	H9005	לְ	le.	ל	to	for
Ezk.21.15	Ezk.21.20	ADATMINOSEGI_GYANU	lasd DONTES_FELULBIRALAS a generalo szkriptben (Ezk fejezet 21)	H2874	טָֽבַח	Ta.vach	טֶ֫בַח	slaughter	slaughtering
Ezk.21.16	Ezk.21.21	ADATMINOSEGI_GYANU	lasd DONTES_FELULBIRALAS a generalo szkriptben (Ezk fejezet 21)	H0258	הִתְאַחֲדִ֥י	hit.'a.cha.Di	אָחַד	to go either way	be sharp
Ezk.21.16	Ezk.21.21	ADATMINOSEGI_GYANU	lasd DONTES_FELULBIRALAS a generalo szkriptben (Ezk fejezet 21)	H3231	הֵימִ֖נִי	hei.Mi.ni	יָמַן	to go right	go to [the] right
Ezk.21.16	Ezk.21.21	ADATMINOSEGI_GYANU	lasd DONTES_FELULBIRALAS a generalo szkriptben (Ezk fejezet 21)	H7760	הָשִׂ֣ימִי	ha.Si.mi	שׂוּם	to set	cause to set
Ezk.21.16	Ezk.21.21	ADATMINOSEGI_GYANU	lasd DONTES_FELULBIRALAS a generalo szkriptben (Ezk fejezet 21)	H8041	הַשְׂמִ֑ילִי	has.Mi.li	שִׂמְאֵל	to go left	go to [the] left
Ezk.21.16	Ezk.21.21	ADATMINOSEGI_GYANU	lasd DONTES_FELULBIRALAS a generalo szkriptben (Ezk fejezet 21)	H0575	אָ֖נָה	'A.nah	אָן	where?	where?
Ezk.21.16	Ezk.21.21	ADATMINOSEGI_GYANU	lasd DONTES_FELULBIRALAS a generalo szkriptben (Ezk fejezet 21)	H6440	פָּנַ֥יִ	pa.Na.yi	פָּנֶה	face	[is] face
Ezk.21.16	Ezk.21.21	ADATMINOSEGI_GYANU	lasd DONTES_FELULBIRALAS a generalo szkriptben (Ezk fejezet 21)	H9022	ךְ	kh	Ps2f	your	your
Ezk.21.16	Ezk.21.21	ADATMINOSEGI_GYANU	lasd DONTES_FELULBIRALAS a generalo szkriptben (Ezk fejezet 21)	H3259	מֻעָדֽוֹת	mu.'a.Dot	יָעַד	to appoint	set
Ezk.21.17	Ezk.21.22	ADATMINOSEGI_GYANU	lasd DONTES_FELULBIRALAS a generalo szkriptben (Ezk fejezet 21)	H9002	וְ	ve.	ו	and	and
Ezk.21.17	Ezk.21.22	ADATMINOSEGI_GYANU	lasd DONTES_FELULBIRALAS a generalo szkriptben (Ezk fejezet 21)	H1571	גַם	gam-	גַּם	also	also
Ezk.21.17	Ezk.21.22	ADATMINOSEGI_GYANU	lasd DONTES_FELULBIRALAS a generalo szkriptben (Ezk fejezet 21)	H0589	אֲנִ֗י	'a.Ni	אֲנִי, אָֽנֹכִ֫י	I	I
Ezk.21.17	Ezk.21.22	ADATMINOSEGI_GYANU	lasd DONTES_FELULBIRALAS a generalo szkriptben (Ezk fejezet 21)	H5221	אַכֶּ֤ה	'a.Keh	נָכָה	to smite	I will strike
Ezk.21.17	Ezk.21.22	ADATMINOSEGI_GYANU	lasd DONTES_FELULBIRALAS a generalo szkriptben (Ezk fejezet 21)	H3709	כַפִּ	kha.P	כַּף	palm	palm
Ezk.21.17	Ezk.21.22	ADATMINOSEGI_GYANU	lasd DONTES_FELULBIRALAS a generalo szkriptben (Ezk fejezet 21)	H9020	י֙	i	Ps1c	my	my
Ezk.21.17	Ezk.21.22	ADATMINOSEGI_GYANU	lasd DONTES_FELULBIRALAS a generalo szkriptben (Ezk fejezet 21)	H0413	אֶל	'el-	אֶל	to(wards)	to
Ezk.21.17	Ezk.21.22	ADATMINOSEGI_GYANU	lasd DONTES_FELULBIRALAS a generalo szkriptben (Ezk fejezet 21)	H3709	כַּפִּ֔	ka.P	כַּף	palm	palm
Ezk.21.17	Ezk.21.22	ADATMINOSEGI_GYANU	lasd DONTES_FELULBIRALAS a generalo szkriptben (Ezk fejezet 21)	H9020	י	i	Ps1c	my	my
Ezk.21.17	Ezk.21.22	ADATMINOSEGI_GYANU	lasd DONTES_FELULBIRALAS a generalo szkriptben (Ezk fejezet 21)	H9001	וַ	va.	ו	&	and
Ezk.21.17	Ezk.21.22	ADATMINOSEGI_GYANU	lasd DONTES_FELULBIRALAS a generalo szkriptben (Ezk fejezet 21)	H5117	הֲנִחֹתִ֖י	ha.ni.cho.Ti	נוּחַ	to rest	I will give rest to
Ezk.21.17	Ezk.21.22	ADATMINOSEGI_GYANU	lasd DONTES_FELULBIRALAS a generalo szkriptben (Ezk fejezet 21)	H2534	חֲמָתִ֑	cha.ma.T	חֵמָה	rage	rage
Ezk.21.17	Ezk.21.22	ADATMINOSEGI_GYANU	lasd DONTES_FELULBIRALAS a generalo szkriptben (Ezk fejezet 21)	H9020	י	i	Ps1c	my	my
Ezk.21.17	Ezk.21.22	ADATMINOSEGI_GYANU	lasd DONTES_FELULBIRALAS a generalo szkriptben (Ezk fejezet 21)	H0589	אֲנִ֥י	'a.Ni	אֲנִי, אָֽנֹכִ֫י	I	I
Ezk.21.17	Ezk.21.22	ADATMINOSEGI_GYANU	lasd DONTES_FELULBIRALAS a generalo szkriptben (Ezk fejezet 21)	H3068	יְהוָ֖ה	Yah.weh	יהוה	LORD	Yahweh
Ezk.21.17	Ezk.21.22	ADATMINOSEGI_GYANU	lasd DONTES_FELULBIRALAS a generalo szkriptben (Ezk fejezet 21)	H1696	דִּבַּֽרְתִּי	di.Bar.ti	דָבַר	to speak	I have spoken
Ezk.21.18	Ezk.21.23	ADATMINOSEGI_GYANU	lasd DONTES_FELULBIRALAS a generalo szkriptben (Ezk fejezet 21)	H9001	וַ	va	ו	&	and
Ezk.21.18	Ezk.21.23	ADATMINOSEGI_GYANU	lasd DONTES_FELULBIRALAS a generalo szkriptben (Ezk fejezet 21)	H1961	יְהִ֥י	y.Hi	הָיָה	to be	it came
Ezk.21.18	Ezk.21.23	ADATMINOSEGI_GYANU	lasd DONTES_FELULBIRALAS a generalo szkriptben (Ezk fejezet 21)	H1697	דְבַר	de.var-	דָּבָר	word	[the] word of
Ezk.21.18	Ezk.21.23	ADATMINOSEGI_GYANU	lasd DONTES_FELULBIRALAS a generalo szkriptben (Ezk fejezet 21)	H3068	יְהוָ֖ה	Yah.weh	יהוה	LORD	Yahweh
Ezk.21.18	Ezk.21.23	ADATMINOSEGI_GYANU	lasd DONTES_FELULBIRALAS a generalo szkriptben (Ezk fejezet 21)	H0413	אֵלַ֥	'e.La	אֶל	to(wards)	to
Ezk.21.18	Ezk.21.23	ADATMINOSEGI_GYANU	lasd DONTES_FELULBIRALAS a generalo szkriptben (Ezk fejezet 21)	H9030	י	i	Os1c	me	me
Ezk.21.18	Ezk.21.23	ADATMINOSEGI_GYANU	lasd DONTES_FELULBIRALAS a generalo szkriptben (Ezk fejezet 21)	H9005	לֵ	le.	ל	to	<to>
Ezk.21.18	Ezk.21.23	ADATMINOSEGI_GYANU	lasd DONTES_FELULBIRALAS a generalo szkriptben (Ezk fejezet 21)	H0559	אמֹֽר	Mor	אָמַר	to say	saying
Ezk.21.19	Ezk.21.24	ADATMINOSEGI_GYANU	lasd DONTES_FELULBIRALAS a generalo szkriptben (Ezk fejezet 21)	H9002	וְ	ve.	ו	and	and
Ezk.21.19	Ezk.21.24	ADATMINOSEGI_GYANU	lasd DONTES_FELULBIRALAS a generalo szkriptben (Ezk fejezet 21)	H0859	אַתָּ֨ה	'a.Tah	אַתָּ֫ה	you(m.s.)	you
Ezk.21.19	Ezk.21.24	ADATMINOSEGI_GYANU	lasd DONTES_FELULBIRALAS a generalo szkriptben (Ezk fejezet 21)	H1121	בֶן	ven-	בֵּן	son	O son of
Ezk.21.19	Ezk.21.24	ADATMINOSEGI_GYANU	lasd DONTES_FELULBIRALAS a generalo szkriptben (Ezk fejezet 21)	H0120	אָדָ֜ם	'a.Dam	אָדָם	man	humankind
Ezk.21.19	Ezk.21.24	ADATMINOSEGI_GYANU	lasd DONTES_FELULBIRALAS a generalo szkriptben (Ezk fejezet 21)	H7760	שִׂים	sim-	שׂוּם	to set	make
Ezk.21.19	Ezk.21.24	ADATMINOSEGI_GYANU	lasd DONTES_FELULBIRALAS a generalo szkriptben (Ezk fejezet 21)	H9005	לְ	le.	ל	to	for
Ezk.21.19	Ezk.21.24	ADATMINOSEGI_GYANU	lasd DONTES_FELULBIRALAS a generalo szkriptben (Ezk fejezet 21)	H9031	ךָ֣	Kha	Os2m	you	yourself
Ezk.21.19	Ezk.21.24	ADATMINOSEGI_GYANU	lasd DONTES_FELULBIRALAS a generalo szkriptben (Ezk fejezet 21)	H8147	שְׁנַ֣יִם	she.Na.yim	שְׁנַ֫יִם	two	two
Ezk.21.19	Ezk.21.24	ADATMINOSEGI_GYANU	lasd DONTES_FELULBIRALAS a generalo szkriptben (Ezk fejezet 21)	H1870	דְּרָכִ֗ים	de.ra.Khim	דֶּ֫רֶךְ	way	roads
Ezk.21.19	Ezk.21.24	ADATMINOSEGI_GYANU	lasd DONTES_FELULBIRALAS a generalo szkriptben (Ezk fejezet 21)	H9005	לָ	la.	ל	to	to
Ezk.21.19	Ezk.21.24	ADATMINOSEGI_GYANU	lasd DONTES_FELULBIRALAS a generalo szkriptben (Ezk fejezet 21)	H0935	בוֹא֙	Vo'	בּוֹא	to come (in)	come
Ezk.21.19	Ezk.21.24	ADATMINOSEGI_GYANU	lasd DONTES_FELULBIRALAS a generalo szkriptben (Ezk fejezet 21)	H2719	חֶ֣רֶב	Che.rev	חֶ֫רֶב	sword	[the] sword of
Ezk.21.19	Ezk.21.24	ADATMINOSEGI_GYANU	lasd DONTES_FELULBIRALAS a generalo szkriptben (Ezk fejezet 21)	H4428	מֶֽלֶךְ	Me.lekh-	מֶ֫לֶךְ	king	[the] king of
Ezk.21.19	Ezk.21.24	ADATMINOSEGI_GYANU	lasd DONTES_FELULBIRALAS a generalo szkriptben (Ezk fejezet 21)	H0894	בָּבֶ֔ל	ba.Vel	בָּבֶ֫ל, בָּבֶל	Babylon	Babylon
Ezk.21.19	Ezk.21.24	ADATMINOSEGI_GYANU	lasd DONTES_FELULBIRALAS a generalo szkriptben (Ezk fejezet 21)	H9006	מֵ	me.	מ	from	from
Ezk.21.19	Ezk.21.24	ADATMINOSEGI_GYANU	lasd DONTES_FELULBIRALAS a generalo szkriptben (Ezk fejezet 21)	H0776	אֶ֥רֶץ	'E.retz	אֶ֫רֶץ	land	a land
Ezk.21.19	Ezk.21.24	ADATMINOSEGI_GYANU	lasd DONTES_FELULBIRALAS a generalo szkriptben (Ezk fejezet 21)	H0259	אֶחָ֖ד	'e.Chad	אֶחָד	one	one
Ezk.21.19	Ezk.21.24	ADATMINOSEGI_GYANU	lasd DONTES_FELULBIRALAS a generalo szkriptben (Ezk fejezet 21)	H3318	יֵצְא֣וּ	ye.tze.'U	יָצָא	to come out	they will go out
Ezk.21.19	Ezk.21.24	ADATMINOSEGI_GYANU	lasd DONTES_FELULBIRALAS a generalo szkriptben (Ezk fejezet 21)	H8147	שְׁנֵי	she.nei.	שְׁנַ֫יִם	two	both of
Ezk.21.19	Ezk.21.24	ADATMINOSEGI_GYANU	lasd DONTES_FELULBIRALAS a generalo szkriptben (Ezk fejezet 21)	H9028	הֶ֑ם	Hem	Pp3m	their	them
Ezk.21.19	Ezk.21.24	ADATMINOSEGI_GYANU	lasd DONTES_FELULBIRALAS a generalo szkriptben (Ezk fejezet 21)	H9002	וְ	ve.	ו	and	and
Ezk.21.19	Ezk.21.24	ADATMINOSEGI_GYANU	lasd DONTES_FELULBIRALAS a generalo szkriptben (Ezk fejezet 21)	H3027	יָ֣ד	Yad	יָד	hand	a monument
Ezk.21.19	Ezk.21.24	ADATMINOSEGI_GYANU	lasd DONTES_FELULBIRALAS a generalo szkriptben (Ezk fejezet 21)	H1254	בָּרֵ֔א	ba.Re'	בָּרָא	to create	make
Ezk.21.19	Ezk.21.24	ADATMINOSEGI_GYANU	lasd DONTES_FELULBIRALAS a generalo szkriptben (Ezk fejezet 21)	H9003	בְּ	be.	ב	in	at
Ezk.21.19	Ezk.21.24	ADATMINOSEGI_GYANU	lasd DONTES_FELULBIRALAS a generalo szkriptben (Ezk fejezet 21)	H7218	רֹ֥אשׁ	Rosh	רֹאשׁ	head	[the] beginning of
Ezk.21.19	Ezk.21.24	ADATMINOSEGI_GYANU	lasd DONTES_FELULBIRALAS a generalo szkriptben (Ezk fejezet 21)	H1870	דֶּֽרֶךְ	de.rekh-	דֶּ֫רֶךְ	way	[the] road of
Ezk.21.19	Ezk.21.24	ADATMINOSEGI_GYANU	lasd DONTES_FELULBIRALAS a generalo szkriptben (Ezk fejezet 21)	H5892	עִ֖יר	'ir	עִיר	city	a city
Ezk.21.19	Ezk.21.24	ADATMINOSEGI_GYANU	lasd DONTES_FELULBIRALAS a generalo szkriptben (Ezk fejezet 21)	H1254	בָּרֵֽא	ba.Re'	בָּרָא	to create	make [it]
Ezk.21.20	Ezk.21.25	ADATMINOSEGI_GYANU	lasd DONTES_FELULBIRALAS a generalo szkriptben (Ezk fejezet 21)	H1870	דֶּ֣רֶךְ	De.rekh	דֶּ֫רֶךְ	way	a road
Ezk.21.20	Ezk.21.25	ADATMINOSEGI_GYANU	lasd DONTES_FELULBIRALAS a generalo szkriptben (Ezk fejezet 21)	H7760	תָּשִׂ֔ים	ta.Sim	שׂוּם	to set	you will make
Ezk.21.20	Ezk.21.25	ADATMINOSEGI_GYANU	lasd DONTES_FELULBIRALAS a generalo szkriptben (Ezk fejezet 21)	H9005	לָ	la.	ל	to	to
Ezk.21.20	Ezk.21.25	ADATMINOSEGI_GYANU	lasd DONTES_FELULBIRALAS a generalo szkriptben (Ezk fejezet 21)	H0935	ב֣וֹא	Vo'	בּוֹא	to come (in)	come
Ezk.21.20	Ezk.21.25	ADATMINOSEGI_GYANU	lasd DONTES_FELULBIRALAS a generalo szkriptben (Ezk fejezet 21)	H2719	חֶ֔רֶב	Che.rev	חֶ֫רֶב	sword	a sword
Ezk.21.20	Ezk.21.25	ADATMINOSEGI_GYANU	lasd DONTES_FELULBIRALAS a generalo szkriptben (Ezk fejezet 21)	H0853	אֵ֖ת	'et	אֵת	[Obj.]	<obj.>
Ezk.21.20	Ezk.21.25	ADATMINOSEGI_GYANU	lasd DONTES_FELULBIRALAS a generalo szkriptben (Ezk fejezet 21)	H7237	רַבַּ֣ת	ra.Bat	רַבָּה	Ammon	Rabbah of
Ezk.21.20	Ezk.21.25	ADATMINOSEGI_GYANU	lasd DONTES_FELULBIRALAS a generalo szkriptben (Ezk fejezet 21)	H1121	בְּנֵֽי	be.nei-	בֵּן	son	[the] people of
Ezk.21.20	Ezk.21.25	ADATMINOSEGI_GYANU	lasd DONTES_FELULBIRALAS a generalo szkriptben (Ezk fejezet 21)	H5983	עַמּ֑וֹן	a.Mon	עַמּוֹן	Ammon	Ammon
Ezk.21.20	Ezk.21.25	ADATMINOSEGI_GYANU	lasd DONTES_FELULBIRALAS a generalo szkriptben (Ezk fejezet 21)	H9002	וְ	ve.	ו	and	and
Ezk.21.20	Ezk.21.25	ADATMINOSEGI_GYANU	lasd DONTES_FELULBIRALAS a generalo szkriptben (Ezk fejezet 21)	H0853	אֶת	'Et	אֵת	[Obj.]	<obj.>
Ezk.21.20	Ezk.21.25	ADATMINOSEGI_GYANU	lasd DONTES_FELULBIRALAS a generalo szkriptben (Ezk fejezet 21)	H3063	יְהוּדָ֥ה	ye.hu.Dah	יְהוּדָה	Judah	Judah
Ezk.21.20	Ezk.21.25	ADATMINOSEGI_GYANU	lasd DONTES_FELULBIRALAS a generalo szkriptben (Ezk fejezet 21)	H9003	בִ	vi.	ב	in	in
Ezk.21.20	Ezk.21.25	ADATMINOSEGI_GYANU	lasd DONTES_FELULBIRALAS a generalo szkriptben (Ezk fejezet 21)	H3389	ירוּשָׁלִַ֖ם	ru.sha.Lim	יְרוּשָׁלִַ֫ם, יְרוּשְׁלֵם	Jerusalem	Jerusalem
Ezk.21.20	Ezk.21.25	ADATMINOSEGI_GYANU	lasd DONTES_FELULBIRALAS a generalo szkriptben (Ezk fejezet 21)	H1219	בְּצוּרָֽה	be.tzu.Rah	בָּצַר	to gather|restrain|fortify	fortified
Ezk.21.21	Ezk.21.26	ADATMINOSEGI_GYANU	lasd DONTES_FELULBIRALAS a generalo szkriptben (Ezk fejezet 21)	H3588	כִּֽי	ki-	כִּי	for	for
Ezk.21.21	Ezk.21.26	ADATMINOSEGI_GYANU	lasd DONTES_FELULBIRALAS a generalo szkriptben (Ezk fejezet 21)	H5975	עָמַ֨ד	'a.Mad	עָמַד	to stand	he has stopped
Ezk.21.21	Ezk.21.26	ADATMINOSEGI_GYANU	lasd DONTES_FELULBIRALAS a generalo szkriptben (Ezk fejezet 21)	H4428	מֶלֶךְ	Me.lekh-	מֶ֫לֶךְ	king	[the] king of
Ezk.21.21	Ezk.21.26	ADATMINOSEGI_GYANU	lasd DONTES_FELULBIRALAS a generalo szkriptben (Ezk fejezet 21)	H0894	בָּבֶ֜ל	ba.Vel	בָּבֶ֫ל, בָּבֶל	Babylon	Babylon
Ezk.21.21	Ezk.21.26	ADATMINOSEGI_GYANU	lasd DONTES_FELULBIRALAS a generalo szkriptben (Ezk fejezet 21)	H0413	אֶל	'el-	אֶל	to(wards)	to
Ezk.21.21	Ezk.21.26	ADATMINOSEGI_GYANU	lasd DONTES_FELULBIRALAS a generalo szkriptben (Ezk fejezet 21)	H0517	אֵ֣ם	'em	אֵם	mother	[the] mother of
Ezk.21.21	Ezk.21.26	ADATMINOSEGI_GYANU	lasd DONTES_FELULBIRALAS a generalo szkriptben (Ezk fejezet 21)	H9009	הַ	ha.	ה	the	the
Ezk.21.21	Ezk.21.26	ADATMINOSEGI_GYANU	lasd DONTES_FELULBIRALAS a generalo szkriptben (Ezk fejezet 21)	H1870	דֶּ֗רֶךְ	De.rekh	דֶּ֫רֶךְ	way	road
Ezk.21.21	Ezk.21.26	ADATMINOSEGI_GYANU	lasd DONTES_FELULBIRALAS a generalo szkriptben (Ezk fejezet 21)	H9003	בְּ	be.	ב	in	at
Ezk.21.21	Ezk.21.26	ADATMINOSEGI_GYANU	lasd DONTES_FELULBIRALAS a generalo szkriptben (Ezk fejezet 21)	H7218	רֹ֛אשׁ	Rosh	רֹאשׁ	head	[the] beginning of
Ezk.21.21	Ezk.21.26	ADATMINOSEGI_GYANU	lasd DONTES_FELULBIRALAS a generalo szkriptben (Ezk fejezet 21)	H8147	שְׁנֵ֥י	she.Nei	שְׁנַ֫יִם	two	[the] two
Ezk.21.21	Ezk.21.26	ADATMINOSEGI_GYANU	lasd DONTES_FELULBIRALAS a generalo szkriptben (Ezk fejezet 21)	H9009	הַ	ha.	ה	the	the
Ezk.21.21	Ezk.21.26	ADATMINOSEGI_GYANU	lasd DONTES_FELULBIRALAS a generalo szkriptben (Ezk fejezet 21)	H1870	דְּרָכִ֖ים	de.ra.Khim	דֶּ֫רֶךְ	way	roads
Ezk.21.21	Ezk.21.26	ADATMINOSEGI_GYANU	lasd DONTES_FELULBIRALAS a generalo szkriptben (Ezk fejezet 21)	H9005	לִ	li	ל	to	to
Ezk.21.21	Ezk.21.26	ADATMINOSEGI_GYANU	lasd DONTES_FELULBIRALAS a generalo szkriptben (Ezk fejezet 21)	H7080	קְסָם	k.som-	קָסַם	to divine	divine
Ezk.21.21	Ezk.21.26	ADATMINOSEGI_GYANU	lasd DONTES_FELULBIRALAS a generalo szkriptben (Ezk fejezet 21)	H7081	קָ֑סֶם	Ka.sem	קֶ֫סֶם	divination	divination
Ezk.21.21	Ezk.21.26	ADATMINOSEGI_GYANU	lasd DONTES_FELULBIRALAS a generalo szkriptben (Ezk fejezet 21)	H7043	קִלְקַ֤ל	kil.Kal	קָלַל	to lighten	he has shaken
Ezk.21.21	Ezk.21.26	ADATMINOSEGI_GYANU	lasd DONTES_FELULBIRALAS a generalo szkriptben (Ezk fejezet 21)	H9003	בַּֽ	ba.	ב	in	<in> the
Ezk.21.21	Ezk.21.26	ADATMINOSEGI_GYANU	lasd DONTES_FELULBIRALAS a generalo szkriptben (Ezk fejezet 21)	H2671	חִצִּים֙	chi.Tzim	חֵץ	arrow	arrows
Ezk.21.21	Ezk.21.26	ADATMINOSEGI_GYANU	lasd DONTES_FELULBIRALAS a generalo szkriptben (Ezk fejezet 21)	H7592	שָׁאַ֣ל	sha.'Al	שָׁאַל	to ask	he has enquired
Ezk.21.21	Ezk.21.26	ADATMINOSEGI_GYANU	lasd DONTES_FELULBIRALAS a generalo szkriptben (Ezk fejezet 21)	H9003	בַּ	ba.	ב	in	by the
Ezk.21.21	Ezk.21.26	ADATMINOSEGI_GYANU	lasd DONTES_FELULBIRALAS a generalo szkriptben (Ezk fejezet 21)	H8655	תְּרָפִ֔ים	te.ra.Fim	תְּרָפִים	Teraphim	teraphim
Ezk.21.21	Ezk.21.26	ADATMINOSEGI_GYANU	lasd DONTES_FELULBIRALAS a generalo szkriptben (Ezk fejezet 21)	H7200	רָאָ֖ה	ra.'Ah	רָאָה	to see	he has looked
Ezk.21.21	Ezk.21.26	ADATMINOSEGI_GYANU	lasd DONTES_FELULBIRALAS a generalo szkriptben (Ezk fejezet 21)	H9003	בַּ	ba.	ב	in	at the
Ezk.21.21	Ezk.21.26	ADATMINOSEGI_GYANU	lasd DONTES_FELULBIRALAS a generalo szkriptben (Ezk fejezet 21)	H3516	כָּבֵֽד	ka.Ved	כָּבֵד	liver	liver
Ezk.21.22	Ezk.21.27	ADATMINOSEGI_GYANU	lasd DONTES_FELULBIRALAS a generalo szkriptben (Ezk fejezet 21)	H9003	בִּֽ	bi.	ב	in	in
Ezk.21.22	Ezk.21.27	ADATMINOSEGI_GYANU	lasd DONTES_FELULBIRALAS a generalo szkriptben (Ezk fejezet 21)	H3225	ימִינ֞	mi.N	יָמִין	right	right [hand]
Ezk.21.22	Ezk.21.27	ADATMINOSEGI_GYANU	lasd DONTES_FELULBIRALAS a generalo szkriptben (Ezk fejezet 21)	H9023	וֹ	o	Ps3m	his	his
Ezk.21.22	Ezk.21.27	ADATMINOSEGI_GYANU	lasd DONTES_FELULBIRALAS a generalo szkriptben (Ezk fejezet 21)	H1961	הָיָ֣ה	ha.Yah	הָיָה	to be	it was
Ezk.21.22	Ezk.21.27	ADATMINOSEGI_GYANU	lasd DONTES_FELULBIRALAS a generalo szkriptben (Ezk fejezet 21)	H9009	הַ	ha.	ה	the	the
Ezk.21.22	Ezk.21.27	ADATMINOSEGI_GYANU	lasd DONTES_FELULBIRALAS a generalo szkriptben (Ezk fejezet 21)	H7081	קֶּ֣סֶם	Ke.sem	קֶ֫סֶם	divination	divination
Ezk.21.22	Ezk.21.27	ADATMINOSEGI_GYANU	lasd DONTES_FELULBIRALAS a generalo szkriptben (Ezk fejezet 21)	H3389	יְרוּשָׁלִַ֗ם	ye.ru.sha.Lim	יְרוּשָׁלִַ֫ם, יְרוּשְׁלֵם	Jerusalem	Jerusalem
Ezk.21.22	Ezk.21.27	ADATMINOSEGI_GYANU	lasd DONTES_FELULBIRALAS a generalo szkriptben (Ezk fejezet 21)	H9005	לָ	la.	ל	to	to
Ezk.21.22	Ezk.21.27	ADATMINOSEGI_GYANU	lasd DONTES_FELULBIRALAS a generalo szkriptben (Ezk fejezet 21)	H7760	שׂ֤וּם	Sum	שׂוּם	to set	set up
Ezk.21.22	Ezk.21.27	ADATMINOSEGI_GYANU	lasd DONTES_FELULBIRALAS a generalo szkriptben (Ezk fejezet 21)	H3733	כָּרִים֙	ka.Rim	כַּר	ram	battering-rams
Ezk.21.22	Ezk.21.27	ADATMINOSEGI_GYANU	lasd DONTES_FELULBIRALAS a generalo szkriptben (Ezk fejezet 21)	H9005	לִ	li	ל	to	to
Ezk.21.22	Ezk.21.27	ADATMINOSEGI_GYANU	lasd DONTES_FELULBIRALAS a generalo szkriptben (Ezk fejezet 21)	H6605	פְתֹּ֤חַ	f.To.ach	פָּתַח	to open	open
Ezk.21.22	Ezk.21.27	ADATMINOSEGI_GYANU	lasd DONTES_FELULBIRALAS a generalo szkriptben (Ezk fejezet 21)	H6310	פֶּה֙	peh	פֶּה	lip	a mouth
Ezk.21.22	Ezk.21.27	ADATMINOSEGI_GYANU	lasd DONTES_FELULBIRALAS a generalo szkriptben (Ezk fejezet 21)	H9003	בְּ	be.	ב	in	for
Ezk.21.22	Ezk.21.27	ADATMINOSEGI_GYANU	lasd DONTES_FELULBIRALAS a generalo szkriptben (Ezk fejezet 21)	H7524	רֶ֔צַח	Re.tzach	רֶ֫צַח	shattering	shattering
Ezk.21.22	Ezk.21.27	ADATMINOSEGI_GYANU	lasd DONTES_FELULBIRALAS a generalo szkriptben (Ezk fejezet 21)	H9005	לְ	le.	ל	to	to
Ezk.21.22	Ezk.21.27	ADATMINOSEGI_GYANU	lasd DONTES_FELULBIRALAS a generalo szkriptben (Ezk fejezet 21)	H7311	הָרִ֥ים	ha.Rim	רוּם	to exalt	raise
Ezk.21.22	Ezk.21.27	ADATMINOSEGI_GYANU	lasd DONTES_FELULBIRALAS a generalo szkriptben (Ezk fejezet 21)	H6963	ק֖וֹל	Kol	קוֹל	voice	a sound
Ezk.21.22	Ezk.21.27	ADATMINOSEGI_GYANU	lasd DONTES_FELULBIRALAS a generalo szkriptben (Ezk fejezet 21)	H9003	בִּ	bi	ב	in	with
Ezk.21.22	Ezk.21.27	ADATMINOSEGI_GYANU	lasd DONTES_FELULBIRALAS a generalo szkriptben (Ezk fejezet 21)	H8643	תְרוּעָ֑ה	t.ru.'Ah	תְּרוּעָה	shout	a war cry
Ezk.21.22	Ezk.21.27	ADATMINOSEGI_GYANU	lasd DONTES_FELULBIRALAS a generalo szkriptben (Ezk fejezet 21)	H9005	לָ	la.	ל	to	to
Ezk.21.22	Ezk.21.27	ADATMINOSEGI_GYANU	lasd DONTES_FELULBIRALAS a generalo szkriptben (Ezk fejezet 21)	H7760	שׂ֤וּם	Sum	שׂוּם	to set	set up
Ezk.21.22	Ezk.21.27	ADATMINOSEGI_GYANU	lasd DONTES_FELULBIRALAS a generalo szkriptben (Ezk fejezet 21)	H3733	כָּרִים֙	ka.Rim	כַּר	ram	battering-rams
Ezk.21.22	Ezk.21.27	ADATMINOSEGI_GYANU	lasd DONTES_FELULBIRALAS a generalo szkriptben (Ezk fejezet 21)	H5921	עַל	'al-	עַל	upon	on
Ezk.21.22	Ezk.21.27	ADATMINOSEGI_GYANU	lasd DONTES_FELULBIRALAS a generalo szkriptben (Ezk fejezet 21)	H8179	שְׁעָרִ֔ים	she.'a.Rim	שַׁ֫עַר	gate	[the] gates
Ezk.21.22	Ezk.21.27	ADATMINOSEGI_GYANU	lasd DONTES_FELULBIRALAS a generalo szkriptben (Ezk fejezet 21)	H9005	לִ	li	ל	to	to
Ezk.21.22	Ezk.21.27	ADATMINOSEGI_GYANU	lasd DONTES_FELULBIRALAS a generalo szkriptben (Ezk fejezet 21)	H8210	שְׁפֹּ֥ךְ	sh.Pokh	שָׁפַךְ	to pour	pour out
Ezk.21.22	Ezk.21.27	ADATMINOSEGI_GYANU	lasd DONTES_FELULBIRALAS a generalo szkriptben (Ezk fejezet 21)	H5550	סֹלְלָ֖ה	so.le.Lah	סֹלְלָה	siege	a mound
Ezk.21.22	Ezk.21.27	ADATMINOSEGI_GYANU	lasd DONTES_FELULBIRALAS a generalo szkriptben (Ezk fejezet 21)	H9005	לִ	li	ל	to	to
Ezk.21.22	Ezk.21.27	ADATMINOSEGI_GYANU	lasd DONTES_FELULBIRALAS a generalo szkriptben (Ezk fejezet 21)	H1129	בְנ֥וֹת	v.Not	בָּנָה	to build	build
Ezk.21.22	Ezk.21.27	ADATMINOSEGI_GYANU	lasd DONTES_FELULBIRALAS a generalo szkriptben (Ezk fejezet 21)	H1785	דָּיֵֽק	da.Yek	דָּיֵק	fort	a siege-wall
Ezk.21.23	Ezk.21.28	ADATMINOSEGI_GYANU	lasd DONTES_FELULBIRALAS a generalo szkriptben (Ezk fejezet 21)	H9001	וְ	ve.	ו	&	and
Ezk.21.23	Ezk.21.28	ADATMINOSEGI_GYANU	lasd DONTES_FELULBIRALAS a generalo szkriptben (Ezk fejezet 21)	H1961	הָיָ֨ה	ha.Yah	הָיָה	to be	it will be
Ezk.21.23	Ezk.21.28	ADATMINOSEGI_GYANU	lasd DONTES_FELULBIRALAS a generalo szkriptben (Ezk fejezet 21)	H9005	לָ	la.	ל	to	to
Ezk.21.23	Ezk.21.28	ADATMINOSEGI_GYANU	lasd DONTES_FELULBIRALAS a generalo szkriptben (Ezk fejezet 21)	H9038	הֶ֤ם	Hem	Op3m	them	them
Ezk.21.23	Ezk.21.28	ADATMINOSEGI_GYANU	lasd DONTES_FELULBIRALAS a generalo szkriptben (Ezk fejezet 21)	H9004	כִּ	ki	כ	like	as
Ezk.21.23	Ezk.21.28	ADATMINOSEGI_GYANU	lasd DONTES_FELULBIRALAS a generalo szkriptben (Ezk fejezet 21)	H7080	קְסָם	k.som-	קָסַם	to divine	divines
Ezk.21.23	Ezk.21.28	ADATMINOSEGI_GYANU	lasd DONTES_FELULBIRALAS a generalo szkriptben (Ezk fejezet 21)	H7723	שָׁוְא֙	shaV'	שָׁוְא	vanity	falsehood
Ezk.21.23	Ezk.21.28	ADATMINOSEGI_GYANU	lasd DONTES_FELULBIRALAS a generalo szkriptben (Ezk fejezet 21)	H9003	בְּ	be.	ב	in	in
Ezk.21.23	Ezk.21.28	ADATMINOSEGI_GYANU	lasd DONTES_FELULBIRALAS a generalo szkriptben (Ezk fejezet 21)	H5869	עֵ֣ינֵי	'Ei.nei.	עַ֫יִן	eye	view
Ezk.21.23	Ezk.21.28	ADATMINOSEGI_GYANU	lasd DONTES_FELULBIRALAS a generalo szkriptben (Ezk fejezet 21)	H9028	הֶ֔ם	Hem	Pp3m	their	their
Ezk.21.23	Ezk.21.28	ADATMINOSEGI_GYANU	lasd DONTES_FELULBIRALAS a generalo szkriptben (Ezk fejezet 21)	H7650	שְׁבֻעֵ֥י	she.vu.'Ei	שָׁבַע	to swear	oaths of
Ezk.21.23	Ezk.21.28	ADATMINOSEGI_GYANU	lasd DONTES_FELULBIRALAS a generalo szkriptben (Ezk fejezet 21)	H7621	שְׁבֻע֖וֹת	she.vu.'ot	שְׁבוּעָה	oath	oaths
Ezk.21.23	Ezk.21.28	ADATMINOSEGI_GYANU	lasd DONTES_FELULBIRALAS a generalo szkriptben (Ezk fejezet 21)	H9005	לָ	la.	ל	to	[belong] to
Ezk.21.23	Ezk.21.28	ADATMINOSEGI_GYANU	lasd DONTES_FELULBIRALAS a generalo szkriptben (Ezk fejezet 21)	H9038	הֶ֑ם	Hem	Op3m	them	them
Ezk.21.23	Ezk.21.28	ADATMINOSEGI_GYANU	lasd DONTES_FELULBIRALAS a generalo szkriptben (Ezk fejezet 21)	H9002	וְ	ve.	ו	and	and
Ezk.21.23	Ezk.21.28	ADATMINOSEGI_GYANU	lasd DONTES_FELULBIRALAS a generalo szkriptben (Ezk fejezet 21)	H1931	הֽוּא	hu'-	הוּא	he;_she;_it	it
Ezk.21.23	Ezk.21.28	ADATMINOSEGI_GYANU	lasd DONTES_FELULBIRALAS a generalo szkriptben (Ezk fejezet 21)	H2142	מַזְכִּ֥יר	maz.Kir	זָכַר	to remember	[will] bring to remembrance
Ezk.21.23	Ezk.21.28	ADATMINOSEGI_GYANU	lasd DONTES_FELULBIRALAS a generalo szkriptben (Ezk fejezet 21)	H5771	עָוֹ֖ן	'a.Von	עָוֺן	iniquity	iniquity
Ezk.21.23	Ezk.21.28	ADATMINOSEGI_GYANU	lasd DONTES_FELULBIRALAS a generalo szkriptben (Ezk fejezet 21)	H9005	לְ	le.	ל	to	to
Ezk.21.23	Ezk.21.28	ADATMINOSEGI_GYANU	lasd DONTES_FELULBIRALAS a generalo szkriptben (Ezk fejezet 21)	H8610	הִתָּפֵֽשׂ	hi.ta.Fes	תָּפַשׂ	to capture	be seized
Ezk.21.24	Ezk.21.29	ADATMINOSEGI_GYANU	lasd DONTES_FELULBIRALAS a generalo szkriptben (Ezk fejezet 21)	H9005	לָ	la.	ל	to	<to>
Ezk.21.24	Ezk.21.29	ADATMINOSEGI_GYANU	lasd DONTES_FELULBIRALAS a generalo szkriptben (Ezk fejezet 21)	H3651	כֵ֗ן	Khen	כֵּן	so	therefore
Ezk.21.24	Ezk.21.29	ADATMINOSEGI_GYANU	lasd DONTES_FELULBIRALAS a generalo szkriptben (Ezk fejezet 21)	H3541	כֹּֽה	koh-	כֹּה	thus	thus
Ezk.21.24	Ezk.21.29	ADATMINOSEGI_GYANU	lasd DONTES_FELULBIRALAS a generalo szkriptben (Ezk fejezet 21)	H0559	אָמַר֮	'a.Mar	אָמַר	to say	he says
Ezk.21.24	Ezk.21.29	ADATMINOSEGI_GYANU	lasd DONTES_FELULBIRALAS a generalo szkriptben (Ezk fejezet 21)	H0136	אֲדֹנָ֣י	'a.do.Nai	אֲדֹנָי	LORD	[the] Lord
Ezk.21.24	Ezk.21.29	ADATMINOSEGI_GYANU	lasd DONTES_FELULBIRALAS a generalo szkriptben (Ezk fejezet 21)	H3069	יְהוִה֒	Yah.weh	יְהֹוִה	YHWH|Yahweh	Yahweh
Ezk.21.24	Ezk.21.29	ADATMINOSEGI_GYANU	lasd DONTES_FELULBIRALAS a generalo szkriptben (Ezk fejezet 21)	H3282	יַ֗עַן	Ya.'an	יַעַן	because	because
Ezk.21.24	Ezk.21.29	ADATMINOSEGI_GYANU	lasd DONTES_FELULBIRALAS a generalo szkriptben (Ezk fejezet 21)	H2142	הַזְכַּרְ	haz.kar.	זָכַר	to remember	brought to remembrance
Ezk.21.24	Ezk.21.29	ADATMINOSEGI_GYANU	lasd DONTES_FELULBIRALAS a generalo szkriptben (Ezk fejezet 21)	H9046	כֶם֙	Khem	Sp2m	you	you
Ezk.21.24	Ezk.21.29	ADATMINOSEGI_GYANU	lasd DONTES_FELULBIRALAS a generalo szkriptben (Ezk fejezet 21)	H5771	עֲוֹ֣נְ	'a.Vo.ne.	עָוֺן	iniquity	iniquity
Ezk.21.24	Ezk.21.29	ADATMINOSEGI_GYANU	lasd DONTES_FELULBIRALAS a generalo szkriptben (Ezk fejezet 21)	H9026	כֶ֔ם	Khem	Pp2m	your	your
Ezk.21.24	Ezk.21.29	ADATMINOSEGI_GYANU	lasd DONTES_FELULBIRALAS a generalo szkriptben (Ezk fejezet 21)	H9003	בְּ	be.	ב	in	because
Ezk.21.24	Ezk.21.29	ADATMINOSEGI_GYANU	lasd DONTES_FELULBIRALAS a generalo szkriptben (Ezk fejezet 21)	H1540	הִגָּל֣וֹת	hi.ga.Lot	גָּלָה	to reveal	were uncovered
Ezk.21.24	Ezk.21.29	ADATMINOSEGI_GYANU	lasd DONTES_FELULBIRALAS a generalo szkriptben (Ezk fejezet 21)	H6588	פִּשְׁעֵי	pish.'ei.	פֶּ֫שַׁע	transgression	transgressions
Ezk.21.24	Ezk.21.29	ADATMINOSEGI_GYANU	lasd DONTES_FELULBIRALAS a generalo szkriptben (Ezk fejezet 21)	H9026	כֶ֗ם	Khem	Pp2m	your	your
Ezk.21.24	Ezk.21.29	ADATMINOSEGI_GYANU	lasd DONTES_FELULBIRALAS a generalo szkriptben (Ezk fejezet 21)	H9005	לְ	le.	ל	to	to
Ezk.21.24	Ezk.21.29	ADATMINOSEGI_GYANU	lasd DONTES_FELULBIRALAS a generalo szkriptben (Ezk fejezet 21)	H7200	הֵֽרָאוֹת֙	he.ra.'Ot	רָאָה	to see	be seen
Ezk.21.24	Ezk.21.29	ADATMINOSEGI_GYANU	lasd DONTES_FELULBIRALAS a generalo szkriptben (Ezk fejezet 21)	H2403	חַטֹּ֣אותֵי	cha.To.tei.	חַטָּאת	sin	sins
Ezk.21.24	Ezk.21.29	ADATMINOSEGI_GYANU	lasd DONTES_FELULBIRALAS a generalo szkriptben (Ezk fejezet 21)	H9026	כֶ֔ם	Khem	Pp2m	your	your
Ezk.21.24	Ezk.21.29	ADATMINOSEGI_GYANU	lasd DONTES_FELULBIRALAS a generalo szkriptben (Ezk fejezet 21)	H9003	בְּ	be.	ב	in	in
Ezk.21.24	Ezk.21.29	ADATMINOSEGI_GYANU	lasd DONTES_FELULBIRALAS a generalo szkriptben (Ezk fejezet 21)	H3605	כֹ֖ל	Khol	כֹּל	all	all
Ezk.21.24	Ezk.21.29	ADATMINOSEGI_GYANU	lasd DONTES_FELULBIRALAS a generalo szkriptben (Ezk fejezet 21)	H5949	עֲלִילֽוֹתֵי	a.li.lo.tei.	עֲלִילָה	wantonness	practices
Ezk.21.24	Ezk.21.29	ADATMINOSEGI_GYANU	lasd DONTES_FELULBIRALAS a generalo szkriptben (Ezk fejezet 21)	H9026	כֶ֑ם	Khem	Pp2m	your	your
Ezk.21.24	Ezk.21.29	ADATMINOSEGI_GYANU	lasd DONTES_FELULBIRALAS a generalo szkriptben (Ezk fejezet 21)	H3282	יַ֚עַן	Ya.'an	יַעַן	because	because
Ezk.21.24	Ezk.21.29	ADATMINOSEGI_GYANU	lasd DONTES_FELULBIRALAS a generalo szkriptben (Ezk fejezet 21)	H2142	הִזָּ֣כֶרְ	hi.Za.kher.	זָכַר	to remember	have been remembered
Ezk.21.24	Ezk.21.29	ADATMINOSEGI_GYANU	lasd DONTES_FELULBIRALAS a generalo szkriptben (Ezk fejezet 21)	H9046	כֶ֔ם	Khem	Sp2m	you	you
Ezk.21.24	Ezk.21.29	ADATMINOSEGI_GYANU	lasd DONTES_FELULBIRALAS a generalo szkriptben (Ezk fejezet 21)	H9003	בַּ	ba.	ב	in	by the
Ezk.21.24	Ezk.21.29	ADATMINOSEGI_GYANU	lasd DONTES_FELULBIRALAS a generalo szkriptben (Ezk fejezet 21)	H3709	כַּ֖ף	Kaf	כַּף	palm	hand
Ezk.21.24	Ezk.21.29	ADATMINOSEGI_GYANU	lasd DONTES_FELULBIRALAS a generalo szkriptben (Ezk fejezet 21)	H8610	תִּתָּפֵֽשׂוּ	ti.ta.Fe.su	תָּפַשׂ	to capture	you will be seized
Ezk.21.25	Ezk.21.30	ADATMINOSEGI_GYANU	lasd DONTES_FELULBIRALAS a generalo szkriptben (Ezk fejezet 21)	H9002	וְ	ve.	ו	and	and
Ezk.21.25	Ezk.21.30	ADATMINOSEGI_GYANU	lasd DONTES_FELULBIRALAS a generalo szkriptben (Ezk fejezet 21)	H0859	אַתָּה֙	'a.Tah	אַתָּ֫ה	you(m.s.)	you
Ezk.21.25	Ezk.21.30	ADATMINOSEGI_GYANU	lasd DONTES_FELULBIRALAS a generalo szkriptben (Ezk fejezet 21)	H2491	חָלָ֣ל	cha.Lal	חָלָל	profaned	O profane [one]
Ezk.21.25	Ezk.21.30	ADATMINOSEGI_GYANU	lasd DONTES_FELULBIRALAS a generalo szkriptben (Ezk fejezet 21)	H7563	רָשָׁ֔ע	ra.Sha'	רָשָׁע	wicked	wicked
Ezk.21.25	Ezk.21.30	ADATMINOSEGI_GYANU	lasd DONTES_FELULBIRALAS a generalo szkriptben (Ezk fejezet 21)	H5387	נְשִׂ֖יא	ne.Si'	נָשִׂיא	leader	prince of
Ezk.21.25	Ezk.21.30	ADATMINOSEGI_GYANU	lasd DONTES_FELULBIRALAS a generalo szkriptben (Ezk fejezet 21)	H3478	יִשְׂרָאֵ֑ל	Yis.ra.'El	יִשְׂרָאֵל	Israel	Israel
Ezk.21.25	Ezk.21.30	ADATMINOSEGI_GYANU	lasd DONTES_FELULBIRALAS a generalo szkriptben (Ezk fejezet 21)	H0834	אֲשֶׁר	'a.Sher-	אֲשֶׁר	which	whom
Ezk.21.25	Ezk.21.30	ADATMINOSEGI_GYANU	lasd DONTES_FELULBIRALAS a generalo szkriptben (Ezk fejezet 21)	H0935	בָּ֣א	ba'	בּוֹא	to come (in)	it has come
Ezk.21.25	Ezk.21.30	ADATMINOSEGI_GYANU	lasd DONTES_FELULBIRALAS a generalo szkriptben (Ezk fejezet 21)	H3117	יוֹמ֔	yo.M	יוֹם	day;_when	day
Ezk.21.25	Ezk.21.30	ADATMINOSEGI_GYANU	lasd DONTES_FELULBIRALAS a generalo szkriptben (Ezk fejezet 21)	H9023	וֹ	o	Ps3m	his	his
Ezk.21.25	Ezk.21.30	ADATMINOSEGI_GYANU	lasd DONTES_FELULBIRALAS a generalo szkriptben (Ezk fejezet 21)	H9003	בְּ	be.	ב	in	at
Ezk.21.25	Ezk.21.30	ADATMINOSEGI_GYANU	lasd DONTES_FELULBIRALAS a generalo szkriptben (Ezk fejezet 21)	H6256	עֵ֖ת	'Et	עֵת	time	a time of
Ezk.21.25	Ezk.21.30	ADATMINOSEGI_GYANU	lasd DONTES_FELULBIRALAS a generalo szkriptben (Ezk fejezet 21)	H5771	עֲוֹ֥ן	'a.Von	עָוֺן	iniquity	punishment of
Ezk.21.25	Ezk.21.30	ADATMINOSEGI_GYANU	lasd DONTES_FELULBIRALAS a generalo szkriptben (Ezk fejezet 21)	H7093	קֵֽץ	Ketz	קֵץ	end	[the] end
Ezk.21.26	Ezk.21.31	ADATMINOSEGI_GYANU	lasd DONTES_FELULBIRALAS a generalo szkriptben (Ezk fejezet 21)	H3541	כֹּ֤ה	koh	כֹּה	thus	thus
Ezk.21.26	Ezk.21.31	ADATMINOSEGI_GYANU	lasd DONTES_FELULBIRALAS a generalo szkriptben (Ezk fejezet 21)	H0559	אָמַר֙	'a.Mar	אָמַר	to say	he says
Ezk.21.26	Ezk.21.31	ADATMINOSEGI_GYANU	lasd DONTES_FELULBIRALAS a generalo szkriptben (Ezk fejezet 21)	H0136	אֲדֹנָ֣י	'a.do.Nai	אֲדֹנָי	LORD	[the] Lord
Ezk.21.26	Ezk.21.31	ADATMINOSEGI_GYANU	lasd DONTES_FELULBIRALAS a generalo szkriptben (Ezk fejezet 21)	H3069	יְהוִ֔ה	Yah.weh	יְהֹוִה	YHWH|Yahweh	Yahweh
Ezk.21.26	Ezk.21.31	ADATMINOSEGI_GYANU	lasd DONTES_FELULBIRALAS a generalo szkriptben (Ezk fejezet 21)	H5493	הָסִיר֙	ha.Sir	סוּר	to turn aside	to remove
Ezk.21.26	Ezk.21.31	ADATMINOSEGI_GYANU	lasd DONTES_FELULBIRALAS a generalo szkriptben (Ezk fejezet 21)	H9009	הַ	ha.	ה	the	the
Ezk.21.26	Ezk.21.31	ADATMINOSEGI_GYANU	lasd DONTES_FELULBIRALAS a generalo szkriptben (Ezk fejezet 21)	H4701	מִּצְנֶ֔פֶת	mitz.Ne.fet	מִצְנֶ֫פֶת	turban	turban
Ezk.21.26	Ezk.21.31	ADATMINOSEGI_GYANU	lasd DONTES_FELULBIRALAS a generalo szkriptben (Ezk fejezet 21)	H9002	וְ	ve.	ו	and	and
Ezk.21.26	Ezk.21.31	ADATMINOSEGI_GYANU	lasd DONTES_FELULBIRALAS a generalo szkriptben (Ezk fejezet 21)	H7311	הָרִ֖ים	ha.Rim	רוּם	to exalt	to lift off
Ezk.21.26	Ezk.21.31	ADATMINOSEGI_GYANU	lasd DONTES_FELULBIRALAS a generalo szkriptben (Ezk fejezet 21)	H9009	הָֽ	ha.	ה	the	the
Ezk.21.26	Ezk.21.31	ADATMINOSEGI_GYANU	lasd DONTES_FELULBIRALAS a generalo szkriptben (Ezk fejezet 21)	H5850	עֲטָרָ֑ה	'a.ta.Rah	עֲטָרָה	crown	crown
Ezk.21.26	Ezk.21.31	ADATMINOSEGI_GYANU	lasd DONTES_FELULBIRALAS a generalo szkriptben (Ezk fejezet 21)	H2063	זֹ֣את	zot	זֹאת	this	this
Ezk.21.26	Ezk.21.31	ADATMINOSEGI_GYANU	lasd DONTES_FELULBIRALAS a generalo szkriptben (Ezk fejezet 21)	H3808	לֹא	lo'-	לֹא	not	not
Ezk.21.26	Ezk.21.31	ADATMINOSEGI_GYANU	lasd DONTES_FELULBIRALAS a generalo szkriptben (Ezk fejezet 21)	H2063	זֹ֔את	Zot	זֹאת	this	this
Ezk.21.26	Ezk.21.31	ADATMINOSEGI_GYANU	lasd DONTES_FELULBIRALAS a generalo szkriptben (Ezk fejezet 21)	H9009	הַ	ha.	ה	the	the
Ezk.21.26	Ezk.21.31	ADATMINOSEGI_GYANU	lasd DONTES_FELULBIRALAS a generalo szkriptben (Ezk fejezet 21)	H8217	שָּׁפָ֣לָה	sha.Fa.lah	שָׁפָל	low	lowly
Ezk.21.26	Ezk.21.31	ADATMINOSEGI_GYANU	lasd DONTES_FELULBIRALAS a generalo szkriptben (Ezk fejezet 21)	H1361	הַגְבֵּ֔הַ	hag.Be.ha	גָּבַהּ	to exult	exalt
Ezk.21.26	Ezk.21.31	ADATMINOSEGI_GYANU	lasd DONTES_FELULBIRALAS a generalo szkriptben (Ezk fejezet 21)	H9002	וְ	ve.	ו	and	and
Ezk.21.26	Ezk.21.31	ADATMINOSEGI_GYANU	lasd DONTES_FELULBIRALAS a generalo szkriptben (Ezk fejezet 21)	H9009	הַ	ha.	ה	the	the
Ezk.21.26	Ezk.21.31	ADATMINOSEGI_GYANU	lasd DONTES_FELULBIRALAS a generalo szkriptben (Ezk fejezet 21)	H1364	גָּבֹ֖הַ	ga.Vo.ha	גָּבֹהַּ	high	exalted
Ezk.21.26	Ezk.21.31	ADATMINOSEGI_GYANU	lasd DONTES_FELULBIRALAS a generalo szkriptben (Ezk fejezet 21)	H8213	הַשְׁפִּֽיל	hash.Pil	שָׁפֵל	to abase	to bring low
Ezk.21.27	Ezk.21.32	ADATMINOSEGI_GYANU	lasd DONTES_FELULBIRALAS a generalo szkriptben (Ezk fejezet 21)	H5754	עַוָּ֥ה	'a.Vah	עַוָּה	ruin	a ruin
Ezk.21.27	Ezk.21.32	ADATMINOSEGI_GYANU	lasd DONTES_FELULBIRALAS a generalo szkriptben (Ezk fejezet 21)	H5754	עַוָּ֖ה	'a.Vah	עַוָּה	ruin	a ruin
Ezk.21.27	Ezk.21.32	ADATMINOSEGI_GYANU	lasd DONTES_FELULBIRALAS a generalo szkriptben (Ezk fejezet 21)	H5754	עַוָּ֣ה	'a.Vah	עַוָּה	ruin	a ruin
Ezk.21.27	Ezk.21.32	ADATMINOSEGI_GYANU	lasd DONTES_FELULBIRALAS a generalo szkriptben (Ezk fejezet 21)	H7760	אֲשִׂימֶ֑	'a.si.Me.	שׂוּם	to set	I will make
Ezk.21.27	Ezk.21.32	ADATMINOSEGI_GYANU	lasd DONTES_FELULBIRALAS a generalo szkriptben (Ezk fejezet 21)	H9034	נָּה	nah	Os3f	her	it
Ezk.21.27	Ezk.21.32	ADATMINOSEGI_GYANU	lasd DONTES_FELULBIRALAS a generalo szkriptben (Ezk fejezet 21)	H1571	גַּם	gam-	גַּם	also	also
Ezk.21.27	Ezk.21.32	ADATMINOSEGI_GYANU	lasd DONTES_FELULBIRALAS a generalo szkriptben (Ezk fejezet 21)	H2063	זֹאת֙	zoT	זֹאת	this	this
Ezk.21.27	Ezk.21.32	ADATMINOSEGI_GYANU	lasd DONTES_FELULBIRALAS a generalo szkriptben (Ezk fejezet 21)	H3808	לֹ֣א	lo'	לֹא	not	not
Ezk.21.27	Ezk.21.32	ADATMINOSEGI_GYANU	lasd DONTES_FELULBIRALAS a generalo szkriptben (Ezk fejezet 21)	H1961	הָיָ֔ה	ha.Yah	הָיָה	to be	it will be
Ezk.21.27	Ezk.21.32	ADATMINOSEGI_GYANU	lasd DONTES_FELULBIRALAS a generalo szkriptben (Ezk fejezet 21)	H5704	עַד	'ad-	עַד	till	until
Ezk.21.27	Ezk.21.32	ADATMINOSEGI_GYANU	lasd DONTES_FELULBIRALAS a generalo szkriptben (Ezk fejezet 21)	H0935	בֹּ֛א	bo'	בּוֹא	to come (in)	comes
Ezk.21.27	Ezk.21.32	ADATMINOSEGI_GYANU	lasd DONTES_FELULBIRALAS a generalo szkriptben (Ezk fejezet 21)	H0834	אֲשֶׁר	'a.Sher-	אֲשֶׁר	which	[the one] whom
Ezk.21.27	Ezk.21.32	ADATMINOSEGI_GYANU	lasd DONTES_FELULBIRALAS a generalo szkriptben (Ezk fejezet 21)	H9005	ל֥	l	ל	to	[belongs] to
Ezk.21.27	Ezk.21.32	ADATMINOSEGI_GYANU	lasd DONTES_FELULBIRALAS a generalo szkriptben (Ezk fejezet 21)	H9033	וֹ	o	Os3m	him	him
Ezk.21.27	Ezk.21.32	ADATMINOSEGI_GYANU	lasd DONTES_FELULBIRALAS a generalo szkriptben (Ezk fejezet 21)	H9009	הַ	ha.	ה	the	the
Ezk.21.27	Ezk.21.32	ADATMINOSEGI_GYANU	lasd DONTES_FELULBIRALAS a generalo szkriptben (Ezk fejezet 21)	H4941	מִּשְׁפָּ֖ט	mish.Pat	מִשְׁפָּט	justice	judgment
Ezk.21.27	Ezk.21.32	ADATMINOSEGI_GYANU	lasd DONTES_FELULBIRALAS a generalo szkriptben (Ezk fejezet 21)	H9001	וּ	u.	ו	&	and
Ezk.21.27	Ezk.21.32	ADATMINOSEGI_GYANU	lasd DONTES_FELULBIRALAS a generalo szkriptben (Ezk fejezet 21)	H5414	נְתַתִּֽי	ne.ta.Ti	נָתַן	to give	I will give
Ezk.21.27	Ezk.21.32	ADATMINOSEGI_GYANU	lasd DONTES_FELULBIRALAS a generalo szkriptben (Ezk fejezet 21)	H9033	ו	v	Os3m	him	it
Ezk.21.28	Ezk.21.33	ADATMINOSEGI_GYANU	lasd DONTES_FELULBIRALAS a generalo szkriptben (Ezk fejezet 21)	H9002	וְ	ve.	ו	and	and
Ezk.21.28	Ezk.21.33	ADATMINOSEGI_GYANU	lasd DONTES_FELULBIRALAS a generalo szkriptben (Ezk fejezet 21)	H0859	אַתָּ֣ה	'a.Tah	אַתָּ֫ה	you(m.s.)	you
Ezk.21.28	Ezk.21.33	ADATMINOSEGI_GYANU	lasd DONTES_FELULBIRALAS a generalo szkriptben (Ezk fejezet 21)	H1121	בֶן	ven-	בֵּן	son	O son of
Ezk.21.28	Ezk.21.33	ADATMINOSEGI_GYANU	lasd DONTES_FELULBIRALAS a generalo szkriptben (Ezk fejezet 21)	H0120	אָדָ֗ם	'a.Dam	אָדָם	man	humankind
Ezk.21.28	Ezk.21.33	ADATMINOSEGI_GYANU	lasd DONTES_FELULBIRALAS a generalo szkriptben (Ezk fejezet 21)	H5012	הִנָּבֵ֤א	hi.na.Ve'	נָבָא	to prophesy	prophesy
Ezk.21.28	Ezk.21.33	ADATMINOSEGI_GYANU	lasd DONTES_FELULBIRALAS a generalo szkriptben (Ezk fejezet 21)	H9001	וְ	ve.	ו	&	and
Ezk.21.28	Ezk.21.33	ADATMINOSEGI_GYANU	lasd DONTES_FELULBIRALAS a generalo szkriptben (Ezk fejezet 21)	H0559	אָֽמַרְתָּ֙	'a.mar.Ta	אָמַר	to say	you will say
Ezk.21.28	Ezk.21.33	ADATMINOSEGI_GYANU	lasd DONTES_FELULBIRALAS a generalo szkriptben (Ezk fejezet 21)	H3541	כֹּ֤ה	koh	כֹּה	thus	thus
Ezk.21.28	Ezk.21.33	ADATMINOSEGI_GYANU	lasd DONTES_FELULBIRALAS a generalo szkriptben (Ezk fejezet 21)	H0559	אָמַר֙	'a.Mar	אָמַר	to say	he says
Ezk.21.28	Ezk.21.33	ADATMINOSEGI_GYANU	lasd DONTES_FELULBIRALAS a generalo szkriptben (Ezk fejezet 21)	H0136	אֲדֹנָ֣י	'a.do.Nai	אֲדֹנָי	LORD	[the] Lord
Ezk.21.28	Ezk.21.33	ADATMINOSEGI_GYANU	lasd DONTES_FELULBIRALAS a generalo szkriptben (Ezk fejezet 21)	H3069	יְהֹוִ֔ה	Yah.weh	יְהֹוִה	YHWH|Yahweh	Yahweh
Ezk.21.28	Ezk.21.33	ADATMINOSEGI_GYANU	lasd DONTES_FELULBIRALAS a generalo szkriptben (Ezk fejezet 21)	H0413	אֶל	'el-	אֶל	to(wards)	concerning
Ezk.21.28	Ezk.21.33	ADATMINOSEGI_GYANU	lasd DONTES_FELULBIRALAS a generalo szkriptben (Ezk fejezet 21)	H1121	בְּנֵ֥י	be.Nei	בֵּן	son	[the] people of
Ezk.21.28	Ezk.21.33	ADATMINOSEGI_GYANU	lasd DONTES_FELULBIRALAS a generalo szkriptben (Ezk fejezet 21)	H5983	עַמּ֖וֹן	a.Mon	עַמּוֹן	Ammon	Ammon
Ezk.21.28	Ezk.21.33	ADATMINOSEGI_GYANU	lasd DONTES_FELULBIRALAS a generalo szkriptben (Ezk fejezet 21)	H9002	וְ	ve.	ו	and	and
Ezk.21.28	Ezk.21.33	ADATMINOSEGI_GYANU	lasd DONTES_FELULBIRALAS a generalo szkriptben (Ezk fejezet 21)	H0413	אֶל	'el-	אֶל	to(wards)	concerning
Ezk.21.28	Ezk.21.33	ADATMINOSEGI_GYANU	lasd DONTES_FELULBIRALAS a generalo szkriptben (Ezk fejezet 21)	H2781	חֶרְפָּתָ֑	cher.pa.Ta	חֶרְפָּה	reproach	reproach
Ezk.21.28	Ezk.21.33	ADATMINOSEGI_GYANU	lasd DONTES_FELULBIRALAS a generalo szkriptben (Ezk fejezet 21)	H9028	ם	m	Pp3m	their	their
Ezk.21.28	Ezk.21.33	ADATMINOSEGI_GYANU	lasd DONTES_FELULBIRALAS a generalo szkriptben (Ezk fejezet 21)	H9001	וְ	ve.	ו	&	and
Ezk.21.28	Ezk.21.33	ADATMINOSEGI_GYANU	lasd DONTES_FELULBIRALAS a generalo szkriptben (Ezk fejezet 21)	H0559	אָמַרְתָּ֗	'a.mar.Ta	אָמַר	to say	you will say
Ezk.21.28	Ezk.21.33	ADATMINOSEGI_GYANU	lasd DONTES_FELULBIRALAS a generalo szkriptben (Ezk fejezet 21)	H2719	חֶ֣רֶב	Che.rev	חֶ֫רֶב	sword	a sword
Ezk.21.28	Ezk.21.33	ADATMINOSEGI_GYANU	lasd DONTES_FELULBIRALAS a generalo szkriptben (Ezk fejezet 21)	H2719	חֶ֤רֶב	Che.rev	חֶ֫רֶב	sword	a sword
Ezk.21.28	Ezk.21.33	ADATMINOSEGI_GYANU	lasd DONTES_FELULBIRALAS a generalo szkriptben (Ezk fejezet 21)	H6605	פְּתוּחָה֙	pe.tu.Chah	פָּתַח	to open	[is] drawn
Ezk.21.28	Ezk.21.33	ADATMINOSEGI_GYANU	lasd DONTES_FELULBIRALAS a generalo szkriptben (Ezk fejezet 21)	H9005	לְ	le.	ל	to	for
Ezk.21.28	Ezk.21.33	ADATMINOSEGI_GYANU	lasd DONTES_FELULBIRALAS a generalo szkriptben (Ezk fejezet 21)	H2874	טֶ֣בַח	Te.vach	טֶ֫בַח	slaughter	slaughter
Ezk.21.28	Ezk.21.33	ADATMINOSEGI_GYANU	lasd DONTES_FELULBIRALAS a generalo szkriptben (Ezk fejezet 21)	H4803	מְרוּטָ֔ה	me.ru.Tah	מָרַט	to smooth	[is] polished
Ezk.21.28	Ezk.21.33	ADATMINOSEGI_GYANU	lasd DONTES_FELULBIRALAS a generalo szkriptben (Ezk fejezet 21)	H9005	לְ	le.	ל	to	to
Ezk.21.28	Ezk.21.33	ADATMINOSEGI_GYANU	lasd DONTES_FELULBIRALAS a generalo szkriptben (Ezk fejezet 21)	H3557	הָכִ֖יל	ha.Khil	כּוּל	to sustain	contain
Ezk.21.28	Ezk.21.33	ADATMINOSEGI_GYANU	lasd DONTES_FELULBIRALAS a generalo szkriptben (Ezk fejezet 21)	H4616	לְמַ֥עַן	le.Ma.'an	מַ֫עַן	because	on account of
Ezk.21.28	Ezk.21.33	ADATMINOSEGI_GYANU	lasd DONTES_FELULBIRALAS a generalo szkriptben (Ezk fejezet 21)	H1300	בָּרָֽק	ba.Rak	בָּרָק	lightning	lightning
Ezk.21.29	Ezk.21.34	ADATMINOSEGI_GYANU	lasd DONTES_FELULBIRALAS a generalo szkriptben (Ezk fejezet 21)	H9003	בַּ	ba.	ב	in	when
Ezk.21.29	Ezk.21.34	ADATMINOSEGI_GYANU	lasd DONTES_FELULBIRALAS a generalo szkriptben (Ezk fejezet 21)	H2372	חֲז֥וֹת	cha.Zot	חָזָה	to see	see
Ezk.21.29	Ezk.21.34	ADATMINOSEGI_GYANU	lasd DONTES_FELULBIRALAS a generalo szkriptben (Ezk fejezet 21)	H9005	לָ	lo	ל	to	for
Ezk.21.29	Ezk.21.34	ADATMINOSEGI_GYANU	lasd DONTES_FELULBIRALAS a generalo szkriptben (Ezk fejezet 21)	H9032	ךְ֙	Kh	Os2f	you	you
Ezk.21.29	Ezk.21.34	ADATMINOSEGI_GYANU	lasd DONTES_FELULBIRALAS a generalo szkriptben (Ezk fejezet 21)	H7723	שָׁ֔וְא	Shav'	שָׁוְא	vanity	falsehood
Ezk.21.29	Ezk.21.34	ADATMINOSEGI_GYANU	lasd DONTES_FELULBIRALAS a generalo szkriptben (Ezk fejezet 21)	H9003	בִּ	bi	ב	in	when
Ezk.21.29	Ezk.21.34	ADATMINOSEGI_GYANU	lasd DONTES_FELULBIRALAS a generalo szkriptben (Ezk fejezet 21)	H7080	קְסָם	k.som-	קָסַם	to divine	divine
Ezk.21.29	Ezk.21.34	ADATMINOSEGI_GYANU	lasd DONTES_FELULBIRALAS a generalo szkriptben (Ezk fejezet 21)	H9005	לָ֖	la	ל	to	for
Ezk.21.29	Ezk.21.34	ADATMINOSEGI_GYANU	lasd DONTES_FELULBIRALAS a generalo szkriptben (Ezk fejezet 21)	H9032	ךְ	kh	Os2f	you	you
Ezk.21.29	Ezk.21.34	ADATMINOSEGI_GYANU	lasd DONTES_FELULBIRALAS a generalo szkriptben (Ezk fejezet 21)	H3577	כָּזָ֑ב	ka.Zav	כָּזָב	lie	falsehood
Ezk.21.29	Ezk.21.34	ADATMINOSEGI_GYANU	lasd DONTES_FELULBIRALAS a generalo szkriptben (Ezk fejezet 21)	H9005	לָ	la.	ל	to	to
Ezk.21.29	Ezk.21.34	ADATMINOSEGI_GYANU	lasd DONTES_FELULBIRALAS a generalo szkriptben (Ezk fejezet 21)	H5414	תֵ֣ת	Tet	נָתַן	to give	give
Ezk.21.29	Ezk.21.34	ADATMINOSEGI_GYANU	lasd DONTES_FELULBIRALAS a generalo szkriptben (Ezk fejezet 21)	H0853	אוֹתָ֗	'o.Ta	אֵת	[Obj.]	<obj.>
Ezk.21.29	Ezk.21.34	ADATMINOSEGI_GYANU	lasd DONTES_FELULBIRALAS a generalo szkriptben (Ezk fejezet 21)	H9032	ךְ	kh	Os2f	you	you
Ezk.21.29	Ezk.21.34	ADATMINOSEGI_GYANU	lasd DONTES_FELULBIRALAS a generalo szkriptben (Ezk fejezet 21)	H0413	אֶֽל	'el-	אֶל	to(wards)	to
Ezk.21.29	Ezk.21.34	ADATMINOSEGI_GYANU	lasd DONTES_FELULBIRALAS a generalo szkriptben (Ezk fejezet 21)	H6677	צַוְּארֵי֙	tza.ve.Rei	צַוָּאר	neck	[the] necks of
Ezk.21.29	Ezk.21.34	ADATMINOSEGI_GYANU	lasd DONTES_FELULBIRALAS a generalo szkriptben (Ezk fejezet 21)	H2491	חַֽלְלֵ֣י	cha.Lei	חָלָל	profaned	[those] profaned of
Ezk.21.29	Ezk.21.34	ADATMINOSEGI_GYANU	lasd DONTES_FELULBIRALAS a generalo szkriptben (Ezk fejezet 21)	H7563	רְשָׁעִ֔ים	re.sha.'Im	רָשָׁע	wicked	wicked [people]
Ezk.21.29	Ezk.21.34	ADATMINOSEGI_GYANU	lasd DONTES_FELULBIRALAS a generalo szkriptben (Ezk fejezet 21)	H0834	אֲשֶׁר	'a.Sher-	אֲשֶׁר	which	whom
Ezk.21.29	Ezk.21.34	ADATMINOSEGI_GYANU	lasd DONTES_FELULBIRALAS a generalo szkriptben (Ezk fejezet 21)	H0935	בָּ֣א	ba'	בּוֹא	to come (in)	it has come
Ezk.21.29	Ezk.21.34	ADATMINOSEGI_GYANU	lasd DONTES_FELULBIRALAS a generalo szkriptben (Ezk fejezet 21)	H3117	יוֹמָ֔	yo.Ma	יוֹם	day;_when	day
Ezk.21.29	Ezk.21.34	ADATMINOSEGI_GYANU	lasd DONTES_FELULBIRALAS a generalo szkriptben (Ezk fejezet 21)	H9028	ם	m	Pp3m	their	their
Ezk.21.29	Ezk.21.34	ADATMINOSEGI_GYANU	lasd DONTES_FELULBIRALAS a generalo szkriptben (Ezk fejezet 21)	H9003	בְּ	be.	ב	in	at
Ezk.21.29	Ezk.21.34	ADATMINOSEGI_GYANU	lasd DONTES_FELULBIRALAS a generalo szkriptben (Ezk fejezet 21)	H6256	עֵ֖ת	'Et	עֵת	time	a time of
Ezk.21.29	Ezk.21.34	ADATMINOSEGI_GYANU	lasd DONTES_FELULBIRALAS a generalo szkriptben (Ezk fejezet 21)	H5771	עֲוֹ֥ן	'a.Von	עָוֺן	iniquity	punishment of
Ezk.21.29	Ezk.21.34	ADATMINOSEGI_GYANU	lasd DONTES_FELULBIRALAS a generalo szkriptben (Ezk fejezet 21)	H7093	קֵֽץ	Ketz	קֵץ	end	[the] end
Ezk.21.30	Ezk.21.35	ADATMINOSEGI_GYANU	lasd DONTES_FELULBIRALAS a generalo szkriptben (Ezk fejezet 21)	H7725	הָשַׁ֖ב	ha.Shav	שׁוּב	to return	put back
Ezk.21.30	Ezk.21.35	ADATMINOSEGI_GYANU	lasd DONTES_FELULBIRALAS a generalo szkriptben (Ezk fejezet 21)	H0413	אֶל	'el-	אֶל	to(wards)	into
Ezk.21.30	Ezk.21.35	ADATMINOSEGI_GYANU	lasd DONTES_FELULBIRALAS a generalo szkriptben (Ezk fejezet 21)	H8593	תַּעְרָ֑	ta'.Ra	תַּ֫עַר	razor	sheath
Ezk.21.30	Ezk.21.35	ADATMINOSEGI_GYANU	lasd DONTES_FELULBIRALAS a generalo szkriptben (Ezk fejezet 21)	H9024	הּ	h	Ps3f	her	its
Ezk.21.30	Ezk.21.35	ADATMINOSEGI_GYANU	lasd DONTES_FELULBIRALAS a generalo szkriptben (Ezk fejezet 21)	H9003	בִּ	bi	ב	in	in
Ezk.21.30	Ezk.21.35	ADATMINOSEGI_GYANU	lasd DONTES_FELULBIRALAS a generalo szkriptben (Ezk fejezet 21)	H4725	מְק֧וֹם	m.Kom	מָקוֹם	standing place	[the] place
Ezk.21.30	Ezk.21.35	ADATMINOSEGI_GYANU	lasd DONTES_FELULBIRALAS a generalo szkriptben (Ezk fejezet 21)	H0834	אֲשֶׁר	'a.Sher-	אֲשֶׁר	which	<of> where
Ezk.21.30	Ezk.21.35	ADATMINOSEGI_GYANU	lasd DONTES_FELULBIRALAS a generalo szkriptben (Ezk fejezet 21)	H1254	נִבְרֵ֛את	niv.Ret	בָּרָא	to create	you were created
Ezk.21.30	Ezk.21.35	ADATMINOSEGI_GYANU	lasd DONTES_FELULBIRALAS a generalo szkriptben (Ezk fejezet 21)	H9003	בְּ	be.	ב	in	in
Ezk.21.30	Ezk.21.35	ADATMINOSEGI_GYANU	lasd DONTES_FELULBIRALAS a generalo szkriptben (Ezk fejezet 21)	H0776	אֶ֥רֶץ	'E.retz	אֶ֫רֶץ	land	[the] land of
Ezk.21.30	Ezk.21.35	ADATMINOSEGI_GYANU	lasd DONTES_FELULBIRALAS a generalo szkriptben (Ezk fejezet 21)	H4351	מְכֻרוֹתַ֖יִ	me.khu.ro.Ta.yi	מְכֹרָה	origin	origins
Ezk.21.30	Ezk.21.35	ADATMINOSEGI_GYANU	lasd DONTES_FELULBIRALAS a generalo szkriptben (Ezk fejezet 21)	H9022	ךְ	kh	Ps2f	your	your
Ezk.21.30	Ezk.21.35	ADATMINOSEGI_GYANU	lasd DONTES_FELULBIRALAS a generalo szkriptben (Ezk fejezet 21)	H8199	אֶשְׁפֹּ֥ט	'esh.Pot	שָׁפַט	to judge	I will judge
Ezk.21.30	Ezk.21.35	ADATMINOSEGI_GYANU	lasd DONTES_FELULBIRALAS a generalo szkriptben (Ezk fejezet 21)	H0853	אֹתָֽ	'o.Ta	אֵת	[Obj.]	<obj.>
Ezk.21.30	Ezk.21.35	ADATMINOSEGI_GYANU	lasd DONTES_FELULBIRALAS a generalo szkriptben (Ezk fejezet 21)	H9032	ךְ	kh	Os2f	you	you
Ezk.21.31	Ezk.21.36	ADATMINOSEGI_GYANU	lasd DONTES_FELULBIRALAS a generalo szkriptben (Ezk fejezet 21)	H9001	וְ	ve.	ו	&	and
Ezk.21.31	Ezk.21.36	ADATMINOSEGI_GYANU	lasd DONTES_FELULBIRALAS a generalo szkriptben (Ezk fejezet 21)	H8210	שָׁפַכְתִּ֤י	sha.fakh.Ti	שָׁפַךְ	to pour	I will pour out
Ezk.21.31	Ezk.21.36	ADATMINOSEGI_GYANU	lasd DONTES_FELULBIRALAS a generalo szkriptben (Ezk fejezet 21)	H5921	עָלַ֙יִ	'a.La.yi	עַל	upon	on
Ezk.21.31	Ezk.21.36	ADATMINOSEGI_GYANU	lasd DONTES_FELULBIRALAS a generalo szkriptben (Ezk fejezet 21)	H9032	ךְ֙	kh	Os2f	you	you
Ezk.21.31	Ezk.21.36	ADATMINOSEGI_GYANU	lasd DONTES_FELULBIRALAS a generalo szkriptben (Ezk fejezet 21)	H2195	זַעְמִ֔	za'.M	זַ֫עַם	indignation	indignation
Ezk.21.31	Ezk.21.36	ADATMINOSEGI_GYANU	lasd DONTES_FELULBIRALAS a generalo szkriptben (Ezk fejezet 21)	H9020	י	i	Ps1c	my	my
Ezk.21.31	Ezk.21.36	ADATMINOSEGI_GYANU	lasd DONTES_FELULBIRALAS a generalo szkriptben (Ezk fejezet 21)	H9003	בְּ	be.	ב	in	with
Ezk.21.31	Ezk.21.36	ADATMINOSEGI_GYANU	lasd DONTES_FELULBIRALAS a generalo szkriptben (Ezk fejezet 21)	H0784	אֵ֥שׁ	'Esh	אֵשׁ	fire	[the] fire of
Ezk.21.31	Ezk.21.36	ADATMINOSEGI_GYANU	lasd DONTES_FELULBIRALAS a generalo szkriptben (Ezk fejezet 21)	H5678	עֶבְרָתִ֖	'ev.ra.T	עֶבְרָה	fury	wrath
Ezk.21.31	Ezk.21.36	ADATMINOSEGI_GYANU	lasd DONTES_FELULBIRALAS a generalo szkriptben (Ezk fejezet 21)	H9020	י	i	Ps1c	my	my
Ezk.21.31	Ezk.21.36	ADATMINOSEGI_GYANU	lasd DONTES_FELULBIRALAS a generalo szkriptben (Ezk fejezet 21)	H6315	אָפִ֣יחַ	'a.Fi.ach	פּוּחַ	to breathe	I will blow
Ezk.21.31	Ezk.21.36	ADATMINOSEGI_GYANU	lasd DONTES_FELULBIRALAS a generalo szkriptben (Ezk fejezet 21)	H5921	עָלָ֑יִ	'a.La.yi	עַל	upon	on
Ezk.21.31	Ezk.21.36	ADATMINOSEGI_GYANU	lasd DONTES_FELULBIRALAS a generalo szkriptben (Ezk fejezet 21)	H9032	ךְ	kh	Os2f	you	you
Ezk.21.31	Ezk.21.36	ADATMINOSEGI_GYANU	lasd DONTES_FELULBIRALAS a generalo szkriptben (Ezk fejezet 21)	H9001	וּ	u.	ו	&	and
Ezk.21.31	Ezk.21.36	ADATMINOSEGI_GYANU	lasd DONTES_FELULBIRALAS a generalo szkriptben (Ezk fejezet 21)	H5414	נְתַתִּ֗י	ne.ta.Ti	נָתַן	to give	I will give
Ezk.21.31	Ezk.21.36	ADATMINOSEGI_GYANU	lasd DONTES_FELULBIRALAS a generalo szkriptben (Ezk fejezet 21)	H9032	ךְ	kh	Os2f	you	you
Ezk.21.31	Ezk.21.36	ADATMINOSEGI_GYANU	lasd DONTES_FELULBIRALAS a generalo szkriptben (Ezk fejezet 21)	H9003	בְּ	be.	ב	in	in
Ezk.21.31	Ezk.21.36	ADATMINOSEGI_GYANU	lasd DONTES_FELULBIRALAS a generalo szkriptben (Ezk fejezet 21)	H3027	יַד֙	Yad	יָד	hand	[the] hand of
Ezk.21.31	Ezk.21.36	ADATMINOSEGI_GYANU	lasd DONTES_FELULBIRALAS a generalo szkriptben (Ezk fejezet 21)	H0582	אֲנָשִׁ֣ים	'a.na.Shim	אֱנוֹשׁ	human	men
Ezk.21.31	Ezk.21.36	ADATMINOSEGI_GYANU	lasd DONTES_FELULBIRALAS a generalo szkriptben (Ezk fejezet 21)	H1197	בֹּֽעֲרִ֔ים	bo.'a.Rim	בָּעַר	be brutish	brutish
Ezk.21.31	Ezk.21.36	ADATMINOSEGI_GYANU	lasd DONTES_FELULBIRALAS a generalo szkriptben (Ezk fejezet 21)	H2796	חָרָשֵׁ֖י	cha.ra.Shei	חָרָשׁ	artificer	craftsmen of
Ezk.21.31	Ezk.21.36	ADATMINOSEGI_GYANU	lasd DONTES_FELULBIRALAS a generalo szkriptben (Ezk fejezet 21)	H4889	מַשְׁחִֽית	mash.Chit	מַשְׁחִית	destruction	destruction
Ezk.21.32	Ezk.21.37	ADATMINOSEGI_GYANU	lasd DONTES_FELULBIRALAS a generalo szkriptben (Ezk fejezet 21)	H9005	לָ	la.	ל	to	for the
Ezk.21.32	Ezk.21.37	ADATMINOSEGI_GYANU	lasd DONTES_FELULBIRALAS a generalo szkriptben (Ezk fejezet 21)	H0784	אֵ֤שׁ	'Esh	אֵשׁ	fire	fire
Ezk.21.32	Ezk.21.37	ADATMINOSEGI_GYANU	lasd DONTES_FELULBIRALAS a generalo szkriptben (Ezk fejezet 21)	H1961	תִּֽהְיֶה֙	tih.Yeh	הָיָה	to be	you will become
Ezk.21.32	Ezk.21.37	ADATMINOSEGI_GYANU	lasd DONTES_FELULBIRALAS a generalo szkriptben (Ezk fejezet 21)	H9005	לְ	le.	ל	to	<into>
Ezk.21.32	Ezk.21.37	ADATMINOSEGI_GYANU	lasd DONTES_FELULBIRALAS a generalo szkriptben (Ezk fejezet 21)	H0402	אָכְלָ֔ה	'okh.Lah	אׇכְלָה	food	fuel
Ezk.21.32	Ezk.21.37	ADATMINOSEGI_GYANU	lasd DONTES_FELULBIRALAS a generalo szkriptben (Ezk fejezet 21)	H1818	דָּמֵ֥	da.Me	דָּם	blood	blood
Ezk.21.32	Ezk.21.37	ADATMINOSEGI_GYANU	lasd DONTES_FELULBIRALAS a generalo szkriptben (Ezk fejezet 21)	H9022	ךְ	kh	Ps2f	your	your
Ezk.21.32	Ezk.21.37	ADATMINOSEGI_GYANU	lasd DONTES_FELULBIRALAS a generalo szkriptben (Ezk fejezet 21)	H1961	יִהְיֶ֖ה	yih.Yeh	הָיָה	to be	it will be
Ezk.21.32	Ezk.21.37	ADATMINOSEGI_GYANU	lasd DONTES_FELULBIRALAS a generalo szkriptben (Ezk fejezet 21)	H9003	בְּ	be.	ב	in	in
Ezk.21.32	Ezk.21.37	ADATMINOSEGI_GYANU	lasd DONTES_FELULBIRALAS a generalo szkriptben (Ezk fejezet 21)	H8432	ת֣וֹךְ	Tokh	תָּ֫וֶךְ	midst	[the] midst of
Ezk.21.32	Ezk.21.37	ADATMINOSEGI_GYANU	lasd DONTES_FELULBIRALAS a generalo szkriptben (Ezk fejezet 21)	H9009	הָ	ha.	ה	the	the
Ezk.21.32	Ezk.21.37	ADATMINOSEGI_GYANU	lasd DONTES_FELULBIRALAS a generalo szkriptben (Ezk fejezet 21)	H0776	אָ֑רֶץ	'A.retz	אֶ֫רֶץ	land	land
Ezk.21.32	Ezk.21.37	ADATMINOSEGI_GYANU	lasd DONTES_FELULBIRALAS a generalo szkriptben (Ezk fejezet 21)	H3808	לֹ֣א	lo'	לֹא	not	not
Ezk.21.32	Ezk.21.37	ADATMINOSEGI_GYANU	lasd DONTES_FELULBIRALAS a generalo szkriptben (Ezk fejezet 21)	H2142	תִזָּכֵ֔רִי	ti.za.Khe.ri	זָכַר	to remember	you will be remembered
Ezk.21.32	Ezk.21.37	ADATMINOSEGI_GYANU	lasd DONTES_FELULBIRALAS a generalo szkriptben (Ezk fejezet 21)	H3588	כִּ֛י	ki	כִּי	for	for
Ezk.21.32	Ezk.21.37	ADATMINOSEGI_GYANU	lasd DONTES_FELULBIRALAS a generalo szkriptben (Ezk fejezet 21)	H0589	אֲנִ֥י	'a.Ni	אֲנִי, אָֽנֹכִ֫י	I	I
Ezk.21.32	Ezk.21.37	ADATMINOSEGI_GYANU	lasd DONTES_FELULBIRALAS a generalo szkriptben (Ezk fejezet 21)	H3068	יְהוָ֖ה	Yah.weh	יהוה	LORD	Yahweh
Ezk.21.32	Ezk.21.37	ADATMINOSEGI_GYANU	lasd DONTES_FELULBIRALAS a generalo szkriptben (Ezk fejezet 21)	H1696	דִּבַּֽרְתִּי	di.Bar.ti	דָבַר	to speak	I have spoken
