# scope=BDB_teljes_unabridged.tsv minden könyvjelölt igehely-tokene (105723) | forras=konkordancia/BDB_teljes_unabridged.tsv + konkordancia/OSHL_BDB_igehelyek.tsv + TAHOT_kivonat.tsv (+-1 vers) + Macula_heber_*.tsv (MT) | ts=2026-10-03
strong	pozicio	forras_alak	fuggetlen_alak	javasolt_forras_alak	javasolt_karoli_alak	hibatipus	bizonyossag	lanc	forditas	ok	kornyezet
H0001	4303	Esth 11:32	—	1Kin 11:32	1Kir 11:32	fejezet_tullepes	kezi	—	illesztheto (1/1)	N-F34 maradek sora; a Strong-proba nem szelektiv (a szo egy veletlen 3 verses ablakban 17% esellyel all; a veletlen talalat varhato szama 9 jelolt hely kozott 1.53), fuggetlen forras nincs	… (E; compare δευτέρου πατρός ᵐ5 add. Est 3:13; τῷ πατρί1Mac ⟦Esth 11:32⟧); king 1Sam 24:12; artificer 2Chr 2:12; 4:16. 9 specificall…
H0006	1306	Deuteronomy 20:22	—	Deut 28:22	5Móz 28:22	vers_tullepes	kezi	30:18	illesztheto (1/1)	a Strong-proba nem szelektiv (a szo egy veletlen 3 verses ablakban 2% esellyel all; a veletlen talalat varhato szama 23 jelolt hely kozott 0.52), fuggetlen forras nincs	… Israel Lev 26:38; Deut 8:19 (twice in verse); 8:20; 28:20; ⟦Deuteronomy 20:22⟧; 30:18 (twice in verse); Jer 27:10, 15; compare 6:21; Obadi…
H0011	131	Job 28:32	—	—	—	vers_tullepes	kezi	—	—	tobb egyenrangu jelolt: Jób 28:22, Jób 28:23	…per name (place of) Destruction, Ruin, 'Abaddon (compare ᵑ6 ⟦Job 28:32⟧ etc.) — אֲבַדּוֺן Job 26:6 (+ 4 t.); q. v. אבדה Kt אֲבַדּוֺ…
H0113	3831	Neh 1:11	—	2Sam 1:11	2Sám 1:11	mas_konyv_ervenyes_fejezettel	kezi	4:8	illesztheto (1/1)	a lancolt/csoportbeli helyek kozul 1/1 is ebben a konyvben igazolt (a forrasbeli konyvben 0); a forrasbeli hely is letezik; a mas konyvbeli talalat mellett nincs eleg lanc/csoport-tamasz (E=0.05, lanc 1, a forrasbeli konyvben 0) es fuggetlen forras	…; not Chron. except memorials Ezra 10:3 (reference to Ezra) ⟦Neh 1:11⟧; 4:8; Wisdom Literature only Job 28:28 (doubtless scribal e…
H0138	356	Ezra 2:13	—	1Kin 2:13	1Kir 2:13	mas_konyv_ervenyes_fejezettel	kezi	8:13	—	a forrasbeli hely is letezik; a mas konyvbeli talalat mellett nincs eleg lanc/csoport-tamasz (E=0.11, lanc 0, a forrasbeli konyvben 0) es fuggetlen forras	…17:8. 3 a chief of the people Neh 10:17 (= אֲדֹנִיקָם 7:18; ⟦Ezra 2:13⟧; compare 8:13).
H0183	1484	Deut 5:18	—	Amos 5:18	Ámós 5:18	mas_konyv_ervenyes_fejezettel	kezi	—	—	a forrasbeli hely is letezik; a mas konyvbeli talalat mellett nincs eleg lanc/csoport-tamasz (E=0.06, lanc 0, a forrasbeli konyvben 0) es fuggetlen forras	…owed by accusative of cognate meaning); object רֵעֲךָ בֵּית ⟦Deut 5:18⟧ (|| חמד); followed by infinitive Prov 24:1 (of desiring evi…
H0212	96	Exod 1:16	—	Ezek 1:16	Ez 1:16	mas_konyv_ervenyes_fejezettel	kezi	—	—	a forrasbeli hely is letezik; a mas konyvbeli talalat mellett nincs eleg lanc/csoport-tamasz (E=0.08, lanc 0, a forrasbeli konyvben 0) es fuggetlen forras	…line^Ezek 1:20 wheel. — absolute אוֺפַן 1Kin 7:32 +; אוֺפָן ⟦Exod 1:16⟧ +; cstr אוֺפַן 1Kin 7:33; Isa 28:27 אוֺפָן Exod 14:25 plura…
H0216	1218	3:16	—	—	—	lanc_lehetetlen	kezi	—	van forditas	konyv nelkuli, lancolt igehely: az orokolt konyvben (Zsolt, a 'Psalm 56:14' token utan) a vers nem letezik; a gepi csere csak konyvjelolt tokent cserel	…ght of life ׳א חַיִּים Job 33:30; Psalm 56:14; compare אוֺר ⟦3:16⟧, 20. 8 light of prosperity Job 22:28; 30:26; Psa 97:11; Lam…
H0247	1111	Isaiah 50:12	—	—	—	vers_tullepes	kezi	27:11	—	tobb egyenrangu jelolt: Ézs 50:10, Ézs 50:11	…d Isa 45:5; accusative of person omitted זִיקוֺת מְאַזְּרֵי ⟦Isaiah 50:12⟧; but read rather מְאִירֵי compare 27:11 (ᵑ6 Kn Brd Di). Hit…
H0251	1815	Joel 7:10	—	—	—	psi_maradek	kezi	—	illesztheto (1/1)	N-F34 maradek sora; tobb egyenrangu jelolt: 3Móz 7:10, Zak 7:10	… phrase one . . . another אָחִיו אִישׁ Gen 9:5; Joel 2:8; Ze ⟦Joel 7:10⟧; אָחִיו ֗֗֗ אִישׁGen 13:11 25t + Exod 32:27 (where also same…
H0270	1191	16:12	—	—	—	lanc_lehetetlen	kezi	—	—	konyv nelkuli, lancolt igehely: az orokolt konyvben (Én, a 'Cant 7:9' token utan) a fejezet nem letezik; a gepi csere csak konyvjelolt tokent cserel	…metaphor; poetic, figurative, of God's seizing man in wrath ⟦16:12⟧; taking hold graciously Psa 73:23; taking hold of judgment …
H0302	232	2 Samuel 21:23	—	—	—	vers_tullepes	kezi	23:34	—	nincs olyan konyv/vers, ahol a hely letezik es a Strong-proba vagy a fuggetlen forras igazolna	…3 (twice in verse); 17:1, 6, 7, 14 (twice in verse); 17:15; ⟦2 Samuel 21:23⟧; 23:34; 1Chr 27:33-34,.
H0303	199	Judges 1:37	—	—	—	vers_tullepes	kezi	—	—	tobb egyenrangu jelolt: Bír 1:30, Bír 1:31, Bír 1:32	…thinks corrupt for מחלב, Assyrian Ma—alliba (which Schr^COT ⟦Judges 1:37⟧ Dl^Pa 283 compare with אחלב and חֶלְבָּה); he reads proper …
H0312	1454	Hosea 6:14	—	Deut 6:14	5Móz 6:14	vers_tullepes	kezi	—	illesztheto (1/1)	a Strong-proba nem szelektiv (a szo egy veletlen 3 verses ablakban 2% esellyel all; a veletlen talalat varhato szama 34 jelolt hely kozott 0.71), fuggetlen forras nincs	…6 (E) 1Sam 26:19; Hosea 3:1, & particularly in Deuteronomy (⟦Hosea 6:14⟧; Deut 8:19 15t.) & Deuteronomic writers, as Josh 23:16; Jud…
H0349	1268	2Kin 6:13	—	Exod 6:13	2Móz 6:13	mas_konyv_ervenyes_fejezettel	kezi	—	—	a forrasbeli hely is letezik; a mas konyvbeli talalat mellett nincs eleg lanc/csoport-tamasz (E=0.24, lanc 0, a forrasbeli konyvben 0) es fuggetlen forras	…are Aramaic אֵיכָא, where ? compare Dr^Intr. 178, 421) only ⟦2Kin 6:13⟧ Kt Song 1:7 (twice in verse), — each time in an indirect se…
H0352	1575	Ezekiel 45:27	—	—	—	vers_tullepes	kezi	45:28;29:8	illesztheto (1/1)	tobb egyenrangu jelolt: Ez 45:22, Ez 45:23, Ez 45:24, Ez 45:25, Ez 40:27	…over 29:19; 29:20 compare Ezek 45:23-24, day of firstfruits ⟦Ezekiel 45:27⟧; Ezekiel 45:28; in 7th month 29:8 18t. Numbers 29; (e) in l…
H0352	1590	Ezekiel 45:28	—	—	—	vers_tullepes	kezi	29:8;45:27	illesztheto (1/1)	tobb egyenrangu jelolt: Ez 45:22, Ez 45:23, Ez 45:24, Ez 45:25, Ez 40:28	…20 compare Ezek 45:23-24, day of firstfruits Ezekiel 45:27; ⟦Ezekiel 45:28⟧; in 7th month 29:8 18t. Numbers 29; (e) in law of Nazarite …
H0371	97	1Sam 01:640	—	—	—	osszeolvadt_alak	kezi	—	—	nincs olyan konyv/vers, ahol a hely letezik es a Strong-proba vagy a fuggetlen forras igazolna	…ן probably irregular for) אֵין (so Ki Ges Ew^§ 213 e, 286 h ⟦1Sam 01:640⟧ Sta^§ 194 c) with יֵשׁ pleonastic (as Psa 135:17); > dialect…
H0387	383	2Chr 5:12	—	1Kin 5:12	1Kir 5:12	mas_konyv_ervenyes_fejezettel	kezi	35:15	—	a forrasbeli hely is letezik; a mas konyvbeli talalat mellett nincs eleg lanc/csoport-tamasz (E=0.03, lanc 0, a forrasbeli konyvben 0) es fuggetlen forras	…d אָסָף (q. v.; יְדוּתוּן for אֵיתָן in this group 25:1, 6; ⟦2Chr 5:12⟧; 35:15, see ידותון); הָאֶזְרָחִי לְאֵיתָן Psa 89:1 (title).…
H0398	3633	2Sam 22:26	—	Psa 22:26	Zsolt 22:26	mas_konyv_ervenyes_fejezettel	kezi	11:25;18:8	illesztheto (1/1)	a lancolt/csoportbeli helyek kozul 1/2 is ebben a konyvben igazolt (a forrasbeli konyvben 2); a forrasbeli hely is letezik; a mas konyvbeli talalat mellett nincs eleg lanc/csoport-tamasz (E=0.09, lanc 1, a forrasbeli konyvben 2) es fuggetlen forras	… (|| עוֺלָם מוֺקְדֵי). 4 of sword, devour, slay Deut 32:42; ⟦2Sam 22:26⟧; 11:25; 18:8; Hosea 11:6; Jer 2:30; 12:12; compare of devas…
H0398	4442	Lev 28:17	—	—	—	psi_maradek	kezi	—	illesztheto (1/1)	N-F34 maradek sora; tobb egyenrangu jelolt: 4Móz 28:17, Ez 28:17	…16 (twice in verse); 7:18; 11:41; 19:6; 19:7; 19:23; 22:30; ⟦Lev 28:17⟧; Ezek 45:21; of custom, usage Gen 6:21; Exod 12:16; Deut 12…
H0410	872	Ezek 32:21	—	Deut 32:21	5Móz 32:21	mas_konyv_ervenyes_fejezettel	kezi	17:13	illesztheto (1/1)	a forrasbeli hely is letezik; a mas konyvbeli talalat mellett nincs eleg lanc/csoport-tamasz (E=0.21, lanc 0, a forrasbeli konyvben 0) es fuggetlen forras	…41:17 (אילים, many MSS. Di); גִבּוֺרִים אֵלֵי mighty heroes ⟦Ezek 32:21⟧ (אֵילֵי MSS. Co); הָאֶרֶץ אֵילֵי 17:13; 2Kin 24:15 (Kt אולי…
H0413	108	1 Samuel 3:22	—	Job 3:22	Jób 3:22	vers_tullepes	kezi	5:26;15:22;29:19	illesztheto (1/1)	a lancolt/csoportbeli helyek kozul 3/3 is ebben a konyvben igazolt (a forrasbeli konyvben 0); a Strong-proba nem szelektiv (a szo egy veletlen 3 verses ablakban 54% esellyel all; a veletlen talalat varhato szama 28 jelolt hely kozott 2.46), fuggetlen forras nincs	…, in poetry אֱלֵי (compare עֲדֵי עֲלֵי,), but only in Job ( ⟦1 Samuel 3:22⟧; 1 Samuel 5:26; 1Sam 15:22; 1 Samuel 29:19), with suffix אֵ…
H0413	123	1 Samuel 5:26	—	Job 5:26	Jób 5:26	vers_tullepes	kezi	3:22;15:22;29:19	illesztheto (1/1)	a lancolt/csoportbeli helyek kozul 3/3 is ebben a konyvben igazolt (a forrasbeli konyvben 0); a Strong-proba nem szelektiv (a szo egy veletlen 3 verses ablakban 54% esellyel all; a veletlen talalat varhato szama 18 jelolt hely kozott 1.58), fuggetlen forras nincs	…ֵי (compare עֲדֵי עֲלֵי,), but only in Job ( 1 Samuel 3:22; ⟦1 Samuel 5:26⟧; 1Sam 15:22; 1 Samuel 29:19), with suffix אֵלַיִךְ אֵלֶיךָ,…
H0413	150	1 Samuel 29:19	—	Job 29:19	Jób 29:19	vers_tullepes	kezi	3:22;5:26;15:22	illesztheto (1/1)	a lancolt/csoportbeli helyek kozul 3/3 is ebben a konyvben igazolt (a forrasbeli konyvben 0); a Strong-proba nem szelektiv (a szo egy veletlen 3 verses ablakban 54% esellyel all; a veletlen talalat varhato szama 25 jelolt hely kozott 2.19), fuggetlen forras nincs	…but only in Job ( 1 Samuel 3:22; 1 Samuel 5:26; 1Sam 15:22; ⟦1 Samuel 29:19⟧), with suffix אֵלַיִךְ אֵלֶיךָ, אֵלַי,, etc. אֲלֵיכֶם אֵלֵי…
H0413	696	Deut 37:36	—	Gen 37:36	1Móz 37:36	fejezet_tullepes	kezi	—	illesztheto (1/1)	N-F34 maradek sora; a Strong-proba nem szelektiv (a szo egy veletlen 3 verses ablakban 54% esellyel all; a veletlen talalat varhato szama 3 jelolt hely kozott 1.63), fuggetlen forras nincs	…s here more common) 21:14; 35:4; Deut 13:2 +; מָכַר to sell ⟦Deut 37:36⟧, etc. Metaph. Jer 2:19 אֵלַיִךְ פַחְדָּתִי וְלֹא and that m…
H0461	357	Ezek 10:18	—	Ezra 10:18	Ezsd 10:18	mas_konyv_ervenyes_fejezettel	kezi	—	—	a forrasbeli hely is letezik; a mas konyvbeli talalat mellett nincs eleg lanc/csoport-tamasz (E=0.04, lanc 0, a forrasbeli konyvben 0) es fuggetlen forras	…. Benjamite 1Chr 7:8. d. several priests 1Chr 15:24; 26:25; ⟦Ezek 10:18⟧. e. Reubenite 1Chr 27:16. f. prophet in time of Jehoshaphat…
H0479	507	Ezra 16:8	—	—	—	psi_maradek	kezi	5:9;6:8;4:21	—	N-F34 maradek sora; nincs olyan konyv/vers, ahol a hely letezik es a Strong-proba vagy a fuggetlen forras igazolna	… 3:12-13, 21, 22, 23, 27; 6:6; 6:12; 6:16; 6:25; Ezra 4:21; ⟦Ezra 16:8⟧b; also 5:9; 6:8a.
H0490	187	Job 27:18	—	Deut 27:18	5Móz 27:18	mas_konyv_ervenyes_fejezettel	kezi	—	—	a forrasbeli hely is letezik; a mas konyvbeli talalat mellett nincs eleg lanc/csoport-tamasz (E=0.06, lanc 0, a forrasbeli konyvben 0) es fuggetlen forras	…plural אַלְמָנוֺת Exod 22:23 +; plural suffix אַלְמְנוֺתָיו ⟦Job 27:18⟧, etc. — widow 1Kin 17:20; אַ ׳אִשָּׁה 2Sam 14:5 (|| אִישִׁי …
H0517	2250	Ruth 2:24	—	Gen 2:24	1Móz 2:24	vers_tullepes	kezi	—	illesztheto (1/1)	a Strong-proba nem szelektiv (a szo egy veletlen 3 verses ablakban 3% esellyel all; a veletlen talalat varhato szama 23 jelolt hely kozott 0.60), fuggetlen forras nincs	…16:7; Ezek 44:25; left for wife Gen 2:24; for mother-in-law ⟦Ruth 2:24⟧; for husband Deut 21:13 (law for captive women); compare 33…
H0520	2677	1 Kings 17:31	—	1Kin 7:31	1Kir 7:31	vers_tullepes	kezi	17:32;17:35	illesztheto (1/1)	a Strong-proba nem szelektiv (a szo egy veletlen 3 verses ablakban 2% esellyel all; a veletlen talalat varhato szama 16 jelolt hely kozott 0.27), fuggetlen forras nincs	…5:17 (twice in verse) +, also ׳א הָא ׳וַחֲצִי 26:16; 36:21; ⟦1 Kings 17:31⟧; 1 Kings 17:32; 1 Kings 17:35 etc.; compare וָזָרֶ֑ת אַמּוֺ…
H0520	2692	1 Kings 17:32	—	1Kin 7:32	1Kir 7:32	vers_tullepes	kezi	17:31;17:35	illesztheto (1/1)	a Strong-proba nem szelektiv (a szo egy veletlen 3 verses ablakban 2% esellyel all; a veletlen talalat varhato szama 15 jelolt hely kozott 0.25), fuggetlen forras nincs	…verse) +, also ׳א הָא ׳וַחֲצִי 26:16; 36:21; 1 Kings 17:31; ⟦1 Kings 17:32⟧; 1 Kings 17:35 etc.; compare וָזָרֶ֑ת אַמּוֺת שֵׁשׁ 1Sam 17:4…
H0539	673	2Sam 20:19	—	2Chr 20:19	2Krón 20:19	mas_konyv_ervenyes_fejezettel	kezi	—	illesztheto (1/1)	a forrasbeli hely is letezik; a mas konyvbeli talalat mellett nincs eleg lanc/csoport-tamasz (E=0.16, lanc 0, a forrasbeli konyvben 0) es fuggetlen forras	…ne faithful ones Psa 12:2 (> ᵑ6 ᵐ5 and others faithfulness) ⟦2Sam 20:19⟧ (compare Arabic be faithful, trust in, be secure); Psa 31:2…
H0539	2463	Josh 25:16	—	—	—	psi_maradek	kezi	—	illesztheto (1/1)	N-F34 maradek sora; nincs olyan konyv/vers, ahol a hely letezik es a Strong-proba vagy a fuggetlen forras igazolna	…אֲמִינוּ2Chr 20:20 + (2 t.); Participle מַאֲמִין Deut 1:32; ⟦Josh 25:16⟧. 4 stand firm Job 39:24 (with negative of the horse when th…
H0567	831	Num 21:1	—	2Sam 21:1	2Sám 21:1	mas_konyv_ervenyes_fejezettel	kezi	—	—	a forrasbeli hely is letezik; a mas konyvbeli talalat mellett nincs eleg lanc/csoport-tamasz (E=0.20, lanc 0, a forrasbeli konyvben 0) es fuggetlen forras	… in verse); 1Kin 4:19; Psa 135:11; 136:19 (Sihon their king ⟦Num 21:1⟧ +; Sihon & Og Deut 3:8 + ); (b) living west of Jordan Josh …
H0567	1060	1Sam 21:2	—	2Sam 21:2	2Sám 21:2	mas_konyv_ervenyes_fejezettel	kezi	—	—	a forrasbeli hely is letezik; a mas konyvbeli talalat mellett nincs eleg lanc/csoport-tamasz (E=0.20, lanc 0, a forrasbeli konyvben 0) es fuggetlen forras	… Di) Judg 1:34-35, 36; 6:10; 1Kin 21:26; 2Kin 21:11 compare ⟦1Sam 21:2⟧; (c) living in south Deut 1:7, 19, 20, 27, 44; compare Gen …
H0595	2879	Gen 81:48	—	—	—	psi_maradek	kezi	36:28	illesztheto (1/1)	N-F34 maradek sora; nincs olyan konyv/vers, ahol a hely letezik es a Strong-proba vagy a fuggetlen forras igazolna	…l below); in J E אנכי is preferred, though not exclusively (⟦Gen 81:48⟧). In Samuel there are 50 instances of each form. Jeremiah h…
H0622	2271	Isa 40:11	—	Jer 40:11	Jer 40:11	mas_konyv_ervenyes_fejezettel	kezi	—	illesztheto (1/1)	a forrasbeli hely is letezik; a mas konyvbeli talalat mellett nincs eleg lanc/csoport-tamasz (E=0.15, lanc 0, a forrasbeli konyvben 0) es fuggetlen forras	…c) take up, care for, subject ׳י Psa 27:10 (compare perhaps ⟦Isa 40:11⟧ קבץ); (d) draw up the feet upon the bed (אֶלֿ) Gen 49:33. 3…
H0622	4124	Habakkuk 1:25	—	Hab 1:15	Hab 1:15	vers_tullepes	kezi	—	illesztheto (1/1)	a Strong-proba nem szelektiv (a szo egy veletlen 3 verses ablakban 2% esellyel all; a veletlen talalat varhato szama 14 jelolt hely kozott 0.34), fuggetlen forras nincs	…owed by שָׁמָּה) 29:7; 29:8 (all J); fish Num 11:22 (compare ⟦Habakkuk 1:25⟧ Qal); (c) inanimate subject herbs Prov 27:25; water 2Sam 14…
H0705	1002	2Chron 22:20	—	2Chr 22:2	2Krón 22:2	vers_tullepes	kezi	10:14	illesztheto (1/1)	a Strong-proba nem szelektiv (a szo egy veletlen 3 verses ablakban 2% esellyel all; a veletlen talalat varhato szama 27 jelolt hely kozott 0.43), fuggetlen forras nincs	…lar noun:, 40 1שָׁנָה 1Kin 14:21; 15:10; 2Kin 14:23; 402שָׁנָה⟦2Chron 22:20⟧, אִישׁ 10:14, עִיר Num 35:6, + אֶלֶף Judg 12:6; 405שָׁנָה Jos…
H0776	2113	Exodus 14:34	—	—	—	vers_tullepes	kezi	—	illesztheto (1/1)	tobb egyenrangu jelolt: 3Móz 14:34, 4Móz 14:34, 2Móz 14:3, 2Móz 14:4, 2Móz 12:34, 2Móz 16:34	… Canaan, or Israel Gen 11:31; 12:1; 12:5; 12:6; 12:7; 31:3; ⟦Exodus 14:34⟧; Deut 17:14; 18:9; 2Kin 5:2, 4 +; especially object of יָרַ…
H0779	914	1 Samuel 26:29	—	—	—	vers_tullepes	kezi	14:24;14:28	illesztheto (1/1)	tobb egyenrangu jelolt: 1Sám 26:19, 1Sám 26:20	…:9 (E, poetry) Deut 27:15-26 Judg 21:18; 1Sam 14:24; 14:28; ⟦1 Samuel 26:29⟧; Jer 11:3; 17:5; 20:14-15, 48:10 (twice in verse); Mal 1:14…
H0802	240	Genesis 2:33	—	—	—	vers_tullepes	kezi	—	illesztheto (1/1)	tobb egyenrangu jelolt: 5Móz 2:33, 1Móz 2:23	…ic Phoenician אשת, Assyrian aššatu COT^Gloss) — ׳א absolute ⟦Genesis 2:33⟧ +; construct אֵשֶׁת Gen 11:29 + (apparently absolute Deut 21…
H0821	258	Lam 19:19	—	—	—	psi_maradek	kezi	—	—	N-F34 maradek sora; nincs olyan konyv/vers, ahol a hely letezik es a Strong-proba vagy a fuggetlen forras igazolna	…ֹרֶת Exod 14:24 (J), 1Sam 11:11; plural absolute אַשְׁמֻרוֺת ⟦Lam 19:19⟧; Psa 63:7; 119:148.
H0830	226	Job 2:8	—	1Sam 2:8	1Sám 2:8	mas_konyv_ervenyes_fejezettel	kezi	—	—	a forrasbeli hely is letezik; a mas konyvbeli talalat mellett nincs eleg lanc/csoport-tamasz (E=0.03, lanc 0, a forrasbeli konyvben 0) es fuggetlen forras	… resting-place 1Sam 2:8 = Psa 113:7 (both || עָפָר; compare ⟦Job 2:8⟧ Wetzst in De); so plural אַשׁפַתּוֺת Lam 4:5; הָאַשְׁמֹּת שַׁע…
H0834	10927	Ruth 2:29	—	Deut 2:29	5Móz 2:29	vers_tullepes	kezi	2:22;8:12;8:14;9:1;2:22	illesztheto (1/1)	N-F34 maradek sora; a lancolt/csoportbeli helyek kozul 5/5 is ebben a konyvben igazolt (a forrasbeli konyvben 2); a Strong-proba nem szelektiv (a szo egy veletlen 3 verses ablakban 57% esellyel all; a veletlen talalat varhato szama 17 jelolt hely kozott 0.61), fuggetlen forras nincs	…2 (מֵאֲשֶׁר) 5:4; 7:18 (with טוֺב: contrast Ruth 2:22) 2:22; ⟦Ruth 2:29⟧; Ruth 8:12; Ruth 8:14; Ruth 9:1; Dan 1:8 (twice in verse). …
H0834	10938	Ruth 8:12	—	Deut 8:12	5Móz 8:12	fejezet_tullepes	kezi	2:22;2:29;8:14;9:1;2:22	illesztheto (1/1)	N-F34 maradek sora; a lancolt/csoportbeli helyek kozul 5/5 is ebben a konyvben igazolt (a forrasbeli konyvben 2); a Strong-proba nem szelektiv (a szo egy veletlen 3 verses ablakban 57% esellyel all; a veletlen talalat varhato szama 27 jelolt hely kozott 0.97), fuggetlen forras nincs	… 5:4; 7:18 (with טוֺב: contrast Ruth 2:22) 2:22; Ruth 2:29; ⟦Ruth 8:12⟧; Ruth 8:14; Ruth 9:1; Dan 1:8 (twice in verse). (γ) prefixe…
H0834	10949	Ruth 8:14	—	Deut 8:14	5Móz 8:14	fejezet_tullepes	kezi	2:22;2:29;8:12;9:1;2:22	illesztheto (1/1)	N-F34 maradek sora; a lancolt/csoportbeli helyek kozul 5/5 is ebben a konyvben igazolt (a forrasbeli konyvben 2); a Strong-proba nem szelektiv (a szo egy veletlen 3 verses ablakban 57% esellyel all; a veletlen talalat varhato szama 27 jelolt hely kozott 0.97), fuggetlen forras nincs	…(with טוֺב: contrast Ruth 2:22) 2:22; Ruth 2:29; Ruth 8:12; ⟦Ruth 8:14⟧; Ruth 9:1; Dan 1:8 (twice in verse). (γ) prefixed to a dire…
H0834	10960	Ruth 9:1	—	Deut 9:1	5Móz 9:1	fejezet_tullepes	kezi	2:22;2:29;8:12;8:14;2:22	illesztheto (1/1)	N-F34 maradek sora; a lancolt/csoportbeli helyek kozul 5/5 is ebben a konyvben igazolt (a forrasbeli konyvben 2); a Strong-proba nem szelektiv (a szo egy veletlen 3 verses ablakban 57% esellyel all; a veletlen talalat varhato szama 27 jelolt hely kozott 0.97), fuggetlen forras nincs	… contrast Ruth 2:22) 2:22; Ruth 2:29; Ruth 8:12; Ruth 8:14; ⟦Ruth 9:1⟧; Dan 1:8 (twice in verse). (γ) prefixed to a direct citatio…
H0834	12282	Leviticus 4:37	—	—	—	vers_tullepes	kezi	—	illesztheto (1/1)	tobb egyenrangu jelolt: 4Móz 4:37, 3Móz 4:3, 3Móz 4:7, 3Móz 4:17, 3Móz 4:27, 3Móz 4:30, 3Móz 4:31, 3Móz 4:32	…ר in (case) that = when (or if) a ruler sinneth (4:3; 4:13; ⟦Leviticus 4:37⟧ אִם), Num 5:29 (explained differently by Ew^§ 334 a), Deut …
H0834	12560	Kings 6:35	—	—	—	nem_lekepezett_alak	kezi	6:37	illesztheto (1/1)	nincs olyan konyv/vers, ahol a hely letezik es a Strong-proba vagy a fuggetlen forras igazolna	…6 כִּי), Isa 31:4. In 1Kin 8:33 (|| 2Chr 6:24 כִּי, compare ⟦Kings 6:35⟧; 6:37) אֲשֶׁר may be rendered indifferently because or when.…
H0854	3506	Jon 11:27	—	Judg 11:27	Bír 11:27	fejezet_tullepes	kezi	—	illesztheto (1/1)	a Strong-proba nem szelektiv (a szo egy veletlen 3 verses ablakban 11% esellyel all; a veletlen talalat varhato szama 11 jelolt hely kozott 1.16), fuggetlen forras nincs	… 2Sam 16:17 אֶתרֵֿעֶךָ֑ חַסְדְּךָ זֶה, Ruth 2:20; Zech 7:9; ⟦Jon 11:27⟧ רָעָה אִתִּי עשֶֹׁה וְאַתָּה, Deut 1:30; 10:21; 1Sam 12:7 b…
H0935	1375	Genesis 30:88	—	Gen 30:38	1Móz 30:38	vers_tullepes	kezi	—	illesztheto (1/1)	a Strong-proba nem szelektiv (a szo egy veletlen 3 verses ablakban 30% esellyel all; a veletlen talalat varhato szama 4 jelolt hely kozott 1.19), fuggetlen forras nincs	…m 29:6 +, בֹּאֲכָה Gen 10:19 +, etc., בֹּאָם 34:5 +, בֹּאָן ⟦Genesis 30:88⟧ compare Ezek 42:12 (where Co for בְּבוֺאָן reads להנה לבוא)…
H0954	779	Ezekiel 8:22	—	Ezra 8:22	Ezsd 8:22	vers_tullepes	kezi	—	illesztheto (1/1)	a Strong-proba nem szelektiv (a szo egy veletlen 3 verses ablakban 1% esellyel all; a veletlen talalat varhato szama 22 jelolt hely kozott 0.33), fuggetlen forras nincs	… 36:32. 3 with object לִשְׁאוֺל בּשְׁתִּי I am ashamed to ask ⟦Ezekiel 8:22⟧; לִי תַּהְכְּרוּ תֵבשׁוּ לֹא ye are not ashamed to deal hard…
H0957	199	Exod 29:19	—	Ezek 29:19	Ez 29:19	mas_konyv_ervenyes_fejezettel	kezi	—	—	a forrasbeli hely is letezik; a mas konyvbeli talalat mellett nincs eleg lanc/csoport-tamasz (E=0.03, lanc 0, a forrasbeli konyvben 0) es fuggetlen forras	…Jer 2:14 +; but הַבָּ֔ז Num 31:32 see d. H; suffix בִּזָּהּ ⟦Exod 29:19⟧; — 1 spoiling, robbery, ׳לְב i.e. to be plundered, despoile…
H0977	2407	Exodus 18:28	—	—	—	vers_tullepes	kezi	—	illesztheto (1/1)	tobb egyenrangu jelolt: 2Móz 18:24, 2Móz 18:25, 2Móz 18:26	…Psa 78:68; servant Isa 41:9; 49:7. b. man's choice, persons ⟦Exodus 18:28⟧ (E) Judg 5:8; Josh 8:3 (J) 2Sam 17:1; things Job 7:15; 9:14…
H1004	9208	2 Chronicles 10:20	—	—	—	vers_tullepes	kezi	10:19;10:26;13:2;14:8	illesztheto (1/1)	tobb egyenrangu jelolt: 1Kir 10:20, Ez 10:20	…Chr 17:24 (compare context in both), 1Kin 12:19 2Chr 10:19, ⟦2 Chronicles 10:20⟧; 2 Chronicles 10:26; 13:2; 14:8; 2Kin 17:21; Isa 7:2, 13; 2…
H1004	9228	2 Chronicles 10:26	—	2Kin 10:26	2Kir 10:26	vers_tullepes	kezi	13:2;14:8;10:19;10:20	illesztheto (1/1)	a lancolt/csoportbeli helyek kozul 1/4 is ebben a konyvben igazolt (a forrasbeli konyvben 1); a Strong-proba nem szelektiv (a szo egy veletlen 3 verses ablakban 22% esellyel all; a veletlen talalat varhato szama 17 jelolt hely kozott 0.83), fuggetlen forras nincs	…ontext in both), 1Kin 12:19 2Chr 10:19, 2 Chronicles 10:20; ⟦2 Chronicles 10:26⟧; 13:2; 14:8; 2Kin 17:21; Isa 7:2, 13; 22:22; Jer 21:12; Zec…
H1004	14390	Ezra 4:30	—	—	—	vers_tullepes	kezi	—	illesztheto (1/1)	tobb egyenrangu jelolt: 4Móz 4:30, Ezsd 4:3, Ezsd 8:30; arameus szakasz: a heber Strong-proba itt nem szelektiv	…Ezra 5:17, compare 7:20 = ׳ב וגו ׳סִפְרַיָא 6:1; ׳ב מִלְכוּ ⟦Ezra 4:30⟧ royal residence (of Babylonian ). 2 house of God, temple at…
H1010	70	Joshua 13:47	—	—	—	vers_tullepes	kezi	—	—	nincs olyan konyv/vers, ahol a hely letezik es a Strong-proba vagy a fuggetlen forras igazolna	…h Baal Meon מְעוֺן בַּ֫עַל בֵּית proper name, of a location ⟦Joshua 13:47⟧, = מְעוֺן בַּעַל Num 32:38; Ezek 25:9; 1Chr 5:8 (MI מען בעל…
H1046	187	1Chr 11:27	—	Neh 11:27	Neh 11:27	mas_konyv_ervenyes_fejezettel	kezi	27:10	—	a forrasbeli hely is letezik; a mas konyvbeli talalat mellett nincs eleg lanc/csoport-tamasz (E=0.00, lanc 0, a forrasbeli konyvben 0) es fuggetlen forras	…djective, of a people הַמַּלְטִי 2Sam 23:26, & so read also ⟦1Chr 11:27⟧; 27:10 (Be).
H1061	100	Neh 3:12	—	Nahum 3:12	Náh 3:12	mas_konyv_ervenyes_fejezettel	kezi	13:31	—	a forrasbeli hely is letezik; a mas konyvbeli talalat mellett nincs eleg lanc/csoport-tamasz (E=0.06, lanc 0, a forrasbeli konyvben 1) es fuggetlen forras	…ne first-fruits — Lev 2:14; 23:17; Num 28:26 (P) 2Kin 4:42; ⟦Neh 3:12⟧; 13:31; בִּכֻּרִים Lev 23:20 (P); construct בִּכּוּרֵי Exod…
H1062	69	Genesis 23:34	—	—	—	vers_tullepes	kezi	25:32	—	tobb egyenrangu jelolt: 1Móz 25:34, 1Móz 43:34	…korah בְּכֹרָה noun feminine right of first-born Gen 25:32; ⟦Genesis 23:34⟧ (J) Deut 21:17; 1Chr 5:1-2, suffix בְּכֹרָתִי Gen 27:36 (JE…
H1067	78	Genesis 9:33	—	—	—	vers_tullepes	kezi	19:34;29:26;19:31	—	nincs olyan konyv/vers, ahol a hely letezik es a Strong-proba vagy a fuggetlen forras igazolna	…כִירָה noun feminine first-born, always of women Gen 19:31; ⟦Genesis 9:33⟧; 19:34, 37; 29:26 (JE) 1Sam 14:49.
H1097	1534	Num 14:16	—	Ezek 14:16	Ez 14:16	mas_konyv_ervenyes_fejezettel	kezi	—	—	a forrasbeli hely is letezik; a mas konyvbeli talalat mellett nincs eleg lanc/csoport-tamasz (E=0.12, lanc 0, a forrasbeli konyvben 0) es fuggetlen forras	…לֶת ׳מִבְּלִי on account of Jehovah's not being able... (in ⟦Num 14:16⟧ מִבִּלְתִּי), Numbers 28:55 (Ew^238d; but also RS^JPh xvi. …
H1104	2599	Gen 11:7	—	Deut 11:7	5Móz 11:7	mas_konyv_ervenyes_fejezettel	kezi	—	—	a forrasbeli hely is letezik; a mas konyvbeli talalat mellett nincs eleg lanc/csoport-tamasz (E=0.14, lanc 0, a forrasbeli konyvben 0) es fuggetlen forras	…נָי בַּלַּע confuse, Lord, divide their speech (compare בלל ⟦Gen 11:7⟧, 9 & see De Che); subject wicked men, enemies Psa 35:25; Is…
H1116	2533	1 Kings 13:38	—	—	—	vers_tullepes	kezi	13:2;13:32	illesztheto (1/1)	tobb egyenrangu jelolt: 1Kir 13:3, 1Kir 13:31, 1Kir 13:32, 1Kir 13:33, 1Kir 13:34	…igh places were first destroyed by Josiah 1Kin 13:2; 13:32; ⟦1 Kings 13:38⟧; 2Kin 23:5-20 2Chr 34:3. The worship of Yahweh on high plac…
H1121	3444	2Chron 8:40	—	—	—	vers_tullepes	kezi	—	illesztheto (1/1)	tobb egyenrangu jelolt: 1Kir 8:40, 1Krón 8:40, 2Krón 8:10	…; plural Exod 34:7; Deut 4:9; 4:25; Judg 12:14; 2Kin 17:41; ⟦2Chron 8:40⟧; Job 42:16; Psa 128:6; Prov 13:22; 17:6; Ezek 37:25; also ב…
H1121	8173	Leviticus 7:83	—	Num 7:83	4Móz 7:83	vers_tullepes	kezi	3:5;6:7;6:11;7:10	illesztheto (1/1)	a lancolt/csoportbeli helyek kozul 3/4 is ebben a konyvben igazolt (a forrasbeli konyvben 4); a Strong-proba nem szelektiv (a szo egy veletlen 3 verses ablakban 47% esellyel all; a veletlen talalat varhato szama 7 jelolt hely kozott 0.35), fuggetlen forras nincs	…ral Exod 27:21; 28:1, 4 +) Lev 3:5, 8, 13; 6:7; 6:11; 7:10; ⟦Leviticus 7:83⟧; Josh 21:10; 1Chr 6:35; 6:39; 6:42; 15:4 (+ Levites) 24:1; …
H1121	7976	15:15	—	—	—	lanc_lehetetlen	kezi	—	van forditas	konyv nelkuli, lancolt igehely: az orokolt konyvben (Neh, a 'Nehemiah 10:40' token utan) a fejezet nem letezik; a gepi csere csak konyvjelolt tokent cserel	…8; הַלֵּוִי בְּנֵי 12:27; Nehemiah 10:40; הַלְּוִיִם בְּנֵי ⟦15:15⟧; 24:30 (compare also לֵוִי); (ζ) אַהֲרֹן בְּנֵי (literal Ex…
H1121	7983	24:30	—	—	—	lanc_lehetetlen	kezi	—	van forditas	konyv nelkuli, lancolt igehely: az orokolt konyvben (Neh, a 'Nehemiah 10:40' token utan) a fejezet nem letezik; a gepi csere csak konyvjelolt tokent cserel	…ּוִי בְּנֵי 12:27; Nehemiah 10:40; הַלְּוִיִם בְּנֵי 15:15; ⟦24:30⟧ (compare also לֵוִי); (ζ) אַהֲרֹן בְּנֵי (literal Exod 28:1…
H1129	1462	Deuteronomy 20:25	—	—	—	vers_tullepes	kezi	22:8;28:30;6:10;8:12	illesztheto (1/1)	tobb egyenrangu jelolt: 2Móz 20:25, 5Móz 20:5, 5Móz 20:20	…Gen 33:17 (J), elsewhere in Hexateuch only Deut 6:10; 8:12; ⟦Deuteronomy 20:25⟧; 22:8; 28:30; also 2Sam 5:11; 1Kin 22:39; 1Chr 14:1; 2Chr 2…
H1129	5801	Job 22:33	—	Job 22:23	Jób 22:23	vers_tullepes	kezi	—	illesztheto (1/1)	a Strong-proba nem szelektiv (a szo egy veletlen 3 verses ablakban 4% esellyel all; a veletlen talalat varhato szama 10 jelolt hely kozott 0.45), fuggetlen forras nincs	…lar תִּבָּנֶה Num 21:27 3t.; 2 masculine singular תִּבָּנֶה ⟦Job 22:33⟧, אִבָּנֶה Gen 16:2, וְאִבָּנֶה 30:3; 3feminine plural תִּבָ…
H1137	421	Ezra 5:26	—	—	—	vers_tullepes	kezi	—	—	nincs olyan konyv/vers, ahol a hely letezik es a Strong-proba vagy a fuggetlen forras igazolna; arameus szakasz: a heber Strong-proba itt nem szelektiv	…בני קדמיאל for לבני קדמיאל, taking בני as proper name, as 3 ⟦Ezra 5:26⟧ Καδμιηλου καὶ Βαννου. 3 a man of Judah 1Chr 9:4 (מִן) בָּנִ…
H1144	324	Genesis 45:34	—	—	—	vers_tullepes	kezi	—	illesztheto (1/1)	tobb egyenrangu jelolt: 1Móz 45:14, 1Móz 43:34	… of Joseph 35:24; 42:4; 43:29; 45:12; compare 42:36; 45:15; ⟦Genesis 45:34⟧ +; name of tribe of Benjamin Num 1:11; Deut 27:12; 33:12; J…
H1157	841	2 Samuel 6:26	—	—	—	vers_tullepes	kezi	—	illesztheto (1/1)	tobb egyenrangu jelolt: Péld 6:26, 2Sám 6:16	…indow נִשְׁקְפָה she looked forth (literally leant forward), ⟦2 Samuel 6:26⟧ +; pregnantly Job 22:13 will he judge עֲרָפֶל בְּעַד (looki…
H1157	1807	Lam 9:10	—	Amos 9:10	Ámós 9:10	fejezet_tullepes	kezi	—	illesztheto (1/1)	N-F34 maradek sora; a Strong-proba nem szelektiv (a szo egy veletlen 3 verses ablakban 1% esellyel all; a veletlen talalat varhato szama 27 jelolt hely kozott 0.29), fuggetlen forras nincs	…, Lam 3:7 בְּעַד גָּדַר to fence about. Somewhat peculiarly ⟦Lam 9:10⟧ (who say,) Evil will not draw near, or come in front בַּעֲד…
H1167	3602	Jeremiah 28:27	—	—	—	vers_tullepes	kezi	32:29;32:35	—	nincs olyan konyv/vers, ahol a hely letezik es a Strong-proba vagy a fuggetlen forras igazolna	…r 2:8; 7:9; 11:13, 17; 12:16; 19:5 (twice in verse); 28:13; ⟦Jeremiah 28:27⟧; 32:29; 32:35; Hosea 2:10; 13:1; Zeph 1:4. 3 הַבְּעָלִים em…
H1241	2276	1 Chronicles 21:33	—	1Chr 21:23	1Krón 21:23	vers_tullepes	kezi	24:22	illesztheto (1/1)	a Strong-proba nem szelektiv (a szo egy veletlen 3 verses ablakban 2% esellyel all; a veletlen talalat varhato szama 15 jelolt hely kozott 0.33), fuggetlen forras nincs	…rawing a cart, compare Num 7:3f.; 1Sam 6:7f.), 2Sam 24:22 = ⟦1 Chronicles 21:33⟧, 24:22, 24; 1Kin 19:20; Amos 6:12 (plural); 500 yoke of oxe…
H1242	2940	Daniel 12:17	—	—	—	vers_tullepes	kezi	—	illesztheto (1/1)	nincs olyan konyv/vers, ahol a hely letezik es a Strong-proba vagy a fuggetlen forras igazolna	…Intr. 464, compare 8:26 & 3 2-Jantimes (years) 7:25; 12:11; ⟦Daniel 12:17⟧). f. often (above & elsewhere) with preposition (+ article …
H1245	985	Proverbs 7:28	—	Eccl 7:28	Préd 7:28	vers_tullepes	kezi	2:4;21:6;23:35	illesztheto (1/1)	a Strong-proba nem szelektiv (a szo egy veletlen 3 verses ablakban 3% esellyel all; a veletlen talalat varhato szama 26 jelolt hely kozott 0.72), fuggetlen forras nincs	…4) 12:27; Psa 37:25; 37:36; 119:176; Prov 2:4; 21:6; 23:35; ⟦Proverbs 7:28⟧; Song 3:1 (twice in verse); 3:2 (twice in verse); 5:6; 6:1;…
H1245	2788	Ezekiel 8:22	—	—	—	vers_tullepes	kezi	—	illesztheto (1/1)	tobb egyenrangu jelolt: Ezsd 8:22, Zak 8:22	…rov 28:5; Zech 8:21-22, Jer 50:4; אלהים 2Sam 12:16, compare ⟦Ezekiel 8:22⟧; Isa 45:19; 65:1; 2Chr 15:4, 15; Hosea 7:10; Jer 29:13; Mal…
H1247	835	Gen 6:2	—	Dan 6:2	Dán 6:2	mas_konyv_ervenyes_fejezettel	kezi	—	—	a TAHOT-proba nem sikeres, a Macula (MT) igazolja	…ine (or angelic) being (see Dr, and compare Biblical Hebrew ⟦Gen 6:2⟧; Job 1:6); וגו שְׁנִין ׳בַּר 6:1 a son of 62 years = 62 year…
H1272	1144	2Sam 21:11	—	1Sam 21:11	1Sám 21:11	mas_konyv_ervenyes_fejezettel	kezi	—	—	a forrasbeli hely is letezik; a mas konyvbeli talalat mellett nincs eleg lanc/csoport-tamasz (E=0.15, lanc 0, a forrasbeli konyvben 0) es fuggetlen forras	…Gen 16:6, 8; 31:27; 35:1, 7; Exod 2:15 (all J E) Judg 11:3; ⟦2Sam 21:11⟧; 1Kin 2:7; 12:2 2Chr 10:2; Psa 3:1; 57:1 (titles) 139:7; Jo…
H1285	1553	Judg 8:33	—	Josh 8:33	Józs 8:33	mas_konyv_ervenyes_fejezettel	kezi	9:4;9:46	illesztheto (1/1)	a forrasbeli hely is letezik; a mas konyvbeli talalat mellett nincs eleg lanc/csoport-tamasz (E=0.20, lanc 0, a forrasbeli konyvben 0) es fuggetlen forras	… Job 40:28; between man and man Hosea 10:4 compare ברית בעל ⟦Judg 8:33⟧; 9:4 = ברית אל 9:46. 4 alliance of friendship between David…
H1300	898	Exod 21:15	—	Ezek 21:15	Ez 21:15	mas_konyv_ervenyes_fejezettel	kezi	—	—	a forrasbeli hely is letezik; a mas konyvbeli talalat mellett nincs eleg lanc/csoport-tamasz (E=0.04, lanc 0, a forrasbeli konyvben 0) es fuggetlen forras	…:41, ׳ב חנית Nahum 3:3; Hab 3:11; compare glitter of weapon ⟦Exod 21:15⟧, 20, 33.
H1309	159	1Kin 7:9	—	2Kin 7:9	2Kir 7:9	mas_konyv_ervenyes_fejezettel	kezi	—	—	a forrasbeli hely is letezik; a mas konyvbeli talalat mellett nincs eleg lanc/csoport-tamasz (E=0.02, lanc 0, a forrasbeli konyvben 0) es fuggetlen forras	…, 672), 2Sam 4:10 3t.; בְּשׂוֺרָה 18:25, 27 — 1 good tidings ⟦1Kin 7:9⟧. 2 tidings, news 2Sam 18:20, 25; with טובה 18:27. 3 reward …
H1310	204	1Sam 4:13	—	Joel 4:13	Jóel 4:13	mas_konyv_ervenyes_fejezettel	kezi	—	—	a forrasbeli hely is letezik; a mas konyvbeli talalat mellett nincs eleg lanc/csoport-tamasz (E=0.09, lanc 0, a forrasbeli konyvben 0) es fuggetlen forras	…bašâlu (bašlu, cooked) Zim^BP 76) — Qal Perfect בָּשַׁל Joel ⟦1Sam 4:13⟧, בָּֽשְׁלוּ Ezek 24:5; — boil, cook (intransitive) 24:5; gro…
H1314	503	Isaiah 39:9	—	—	—	vers_tullepes	kezi	—	—	tobb egyenrangu jelolt: Ézs 39:1, Ézs 39:2, Ézs 39:3	… בוסמא קני — spices as costly, token of wealth 2Kin 20:13 = ⟦Isaiah 39:9⟧ compare 2Chr 32:27; royal gifts 1Kin 10:2, 10, 25 2Chr 9:1;…
H1330	711	Jer 8:13	—	Amos 8:13	Ámós 8:13	mas_konyv_ervenyes_fejezettel	kezi	31:4	—	a forrasbeli hely is letezik; a mas konyvbeli talalat mellett nincs eleg lanc/csoport-tamasz (E=0.17, lanc 0, a forrasbeli konyvben 1) es fuggetlen forras	…Jer 51:22; Ezek 9:6; personification of nations ישׂראל בתולת ⟦Jer 8:13⟧; 31:4, 21; Amos 5:2; ׳ב ציון בת 2Kin 19:21 (= Isa 37:22; on…
H1359	638	1 Chronicles 20:16	—	—	—	vers_tullepes	kezi	—	—	nincs olyan konyv/vers, ahol a hely letezik es a Strong-proba vagy a fuggetlen forras igazolna	…αζεθ); 21:19 (omit || 1Chr 20:5), ᵐ5 Ρομ, Ροβ; Klo Gath; in ⟦1 Chronicles 20:16⟧ We Dr (q. v.) read בְּגֹב for בְּנֹב; site of Gob (si vera …
H1366	2591	Ezekiel 8:33	—	—	—	vers_tullepes	kezi	8:16	illesztheto (1/1)	nincs olyan konyv/vers, ahol a hely letezik es a Strong-proba vagy a fuggetlen forras igazolna	… 1Chr 21:12 (|| ארץ) Psa 105:31 (= ארץ in || Ezek 8:16-17,) ⟦Ezekiel 8:33⟧; Psa 147:14; Jer 31:17; Ezek 11:10-11, Joel 4:6; Zeph 2:8. …
H1389	1140	Josh 4:18	—	Joel 4:18	Jóel 4:18	mas_konyv_ervenyes_fejezettel	kezi	—	—	a forrasbeli hely is letezik; a mas konyvbeli talalat mellett nincs eleg lanc/csoport-tamasz (E=0.19, lanc 0, a forrasbeli konyvben 0) es fuggetlen forras	…:16; 50:7; Ezek 6:3; 34:6; 35:8; 36:4, 6; Hosea 4:13; 10:8; ⟦Josh 4:18⟧; Amos 9:13; Micah 4:1; 6:1; Nahum 1:5; Hab 3:6; rarely in p…
H1413	543	47:5	—	—	—	lanc_lehetetlen	kezi	—	—	konyv nelkuli, lancolt igehely: az orokolt konyvben (Mik, a 'Micah 4:14' token utan) a fejezet nem letezik; a gepi csere csak konyvjelolt tokent cserel	…feminine singular תִּתְגֹּדֲדִי Micah 4:14, תִּתְגּוֺדָ֑דִי ⟦47:5⟧; plural וַיִּתְגֹּדְדוּ 1Kin 18:28, יִתְגּוֺדָ֑דוּ Jer 5:7 …
H1438	1224	Psa 7:5	—	Deut 7:5	5Móz 7:5	mas_konyv_ervenyes_fejezettel	kezi	—	—	a forrasbeli hely is letezik; a mas konyvbeli talalat mellett nincs eleg lanc/csoport-tamasz (E=0.08, lanc 0, a forrasbeli konyvben 0) es fuggetlen forras	… גִּדֵּ֑עַ34:4; Psa 107:16, וַיְגַדַּע2Chr 14:2, אֲגַדֵּ֑עַ ⟦Psa 7:5⟧; Isa 45:2, וַיְגַדְּעוּ2Chr 31:1; 3 masculine plural תְּגַד…
H1486	1285	Joshua 16:11	—	—	—	vers_tullepes	kezi	—	—	tobb egyenrangu jelolt: 3Móz 16:11, Józs 16:1, Józs 18:11, Józs 19:11	…lso followed by לְ person 19:10 (P), & following with יָצָא ⟦Joshua 16:11⟧ (JE), Num 33:54; Josh 19:1, 17, 24, 32, 40; 21:4 (all P); b…
H1486	2881	1:17	—	—	—	lanc_lehetetlen	kezi	—	—	konyv nelkuli, lancolt igehely: az orokolt konyvben (Jón, a 'Jonah 1:7' token utan) a vers nem letezik; a gepi csere csak konyvjelolt tokent cserel	…ne guilty persons Jonah 1:7 (twice in verse) (both הִמִּיל) ⟦1:17⟧ (עַל נָפַל); so apparently Ezek 24:6 of inhabitants of Jeru…
H1500	177	33:15	—	—	—	lanc_lehetetlen	kezi	—	—	konyv nelkuli, lancolt igehely: az orokolt konyvben (3Móz, a 'Leviticus 5:23' token utan) a fejezet nem letezik; a gepi csere csak konyvjelolt tokent cserel	…זֵלוֺת Ezek 18:12; — thing seized, spoil Leviticus 5:23 (P) ⟦33:15⟧; הֶעָנִי גְּזֵלַת Isa 3:14; as accusative of congnate meani…
H1504	805	Lam 3:24	—	1Kin 3:24	1Kir 3:24	mas_konyv_ervenyes_fejezettel	kezi	—	—	a forrasbeli hely is letezik; a mas konyvbeli talalat mellett nincs eleg lanc/csoport-tamasz (E=0.03, lanc 0, a forrasbeli konyvben 0) es fuggetlen forras	…e Niph`al Perfect נִגְזַר2Chr 26:21; Est 2:1, נִגְזָ֑רְתִּי ⟦Lam 3:24⟧, נִגְזָ֑רוּ Psa 88:6, נִגְזַרְנוּ Ezek 37:11; Isa 53:8; — 1…
H1540	3628	Job 33:6	—	Jer 33:6	Jer 33:6	mas_konyv_ervenyes_fejezettel	kezi	—	illesztheto (1/1)	a forrasbeli hely is letezik; a mas konyvbeli talalat mellett nincs eleg lanc/csoport-tamasz (E=0.19, lanc 0, a forrasbeli konyvben 0) es fuggetlen forras	… אֶל רִיב make known a cause unto Jer 11:20; 20:12; with לְ ⟦Job 33:6⟧; לעיני צִדְקָתוֺ גִּלָּה shew his righteousness in the eyes…
H1543	261	2 Chronicles 4:41	—	—	—	vers_tullepes	kezi	—	—	tobb egyenrangu jelolt: 2Krón 4:11, 2Krón 4:14	…ּת (וֺֿת) 1Kin 7:41 (׳הַגּ Th, so || 2Chr 4:12 compare Be), ⟦2 Chronicles 4:41⟧ 3t.; — 1 basin (pool, well ?) ׳ג מַיִם Josh 15:19 = Judg 1:…
H1552	198	13:2	—	—	—	lanc_lehetetlen	kezi	—	—	konyv nelkuli, lancolt igehely: az orokolt konyvben (Jóel, a 'Joel 4:4' token utan) a fejezet nem letezik; a gepi csere csak konyvjelolt tokent cserel	…4:4; — belonging to a people הַמְּלִשְׁתִּים בָּלגְּֿלִילוֺת ⟦13:2⟧ compare Joel 4:4 (ג ׳כֹּל לָ֑שֶׁת מְּ); so ׳ג הַיַּרְדֵּן 22…
H1552	260	22:10	—	—	—	lanc_lehetetlen	kezi	—	—	konyv nelkuli, lancolt igehely: az orokolt konyvben (Jóel, a 'Joel 4:4' token utan) a fejezet nem letezik; a gepi csere csak konyvjelolt tokent cserel	…:2 compare Joel 4:4 (ג ׳כֹּל לָ֑שֶׁת מְּ); so ׳ג הַיַּרְדֵּן ⟦22:10⟧-11, according to some, but see following; absolute Ezek 47:…
H1568	3474	2 Kings 10:38	—	—	—	vers_tullepes	kezi	—	illesztheto (1/1)	tobb egyenrangu jelolt: 2Kir 10:32, 2Kir 10:33, 2Kir 10:34	…to land of Canaan); compare 2Sam 17:26; so הַגּ ׳כָּלאֶֿרֶץ ⟦2 Kings 10:38⟧. b. ג ׳אֶרֶץ (no article) Zech 10:10; compare וְג אֶפְרַיִם…
H1571	372	Genesis 3:27	—	—	—	vers_tullepes	kezi	7:3;19:21;24:19;26:21;29:27;30:15;32:21	illesztheto (1/1)	tobb egyenrangu jelolt: 1Kir 3:27, 1Móz 3:7, 1Móz 3:21, 1Móz 3:22, 1Móz 3:23	… 3:6 לְאִישָׁהּ גַּם וַתִּתֵּן and gave also to her husband, ⟦Genesis 3:27⟧ and take also of the tree of life, 7:3; 19:21; 24:19; 26:21…
H1580	462	119:17	—	—	—	lanc_lehetetlen	kezi	—	—	konyv nelkuli, lancolt igehely: az orokolt konyvben (4Móz, a 'Numbers 17:23' token utan) a fejezet nem letezik; a gepi csere csak konyvjelolt tokent cserel	…3:6 +; Imperfect יִגְמֹל Numbers 17:23 +; Imperative גְּמֹל ⟦119:17⟧; Infinitive גָּמְלָהּ גָּמְלֵךְ, 1Sam 1:23; Participle גֹּמ…
H1612	956	Song 8:9	—	Deut 8:9	5Móz 8:9	mas_konyv_ervenyes_fejezettel	kezi	—	—	a forrasbeli hely is letezik; a mas konyvbeli talalat mellett nincs eleg lanc/csoport-tamasz (E=0.19, lanc 0, a forrasbeli konyvben 0) es fuggetlen forras	… (compare Gen 40:10; Judg 9:13) 13:14; הַגֶּפֶן אֶשְׁכְּלוֺת ⟦Song 8:9⟧; הַגֶּפֶן עֵץ Ezek 15:2, 6; in simile of stars fading away …
H1616	175	Gen 15:16	—	Num 15:16	4Móz 15:16	mas_konyv_ervenyes_fejezettel	kezi	—	—	a forrasbeli hely is letezik; a mas konyvbeli talalat mellett nincs eleg lanc/csoport-tamasz (E=0.16, lanc 0, a forrasbeli konyvben 0) es fuggetlen forras	…elytize, Phoenician גר in proper name, & plural גרם) — גֵּר ⟦Gen 15:16⟧ 74t.; suffix גֵּרְךָ Exod 20:10 4t., גֵּרוֺ Deut 1:16; plur…
H1653	220	Ezek 10:9	—	Ezra 10:9	Ezsd 10:9	mas_konyv_ervenyes_fejezettel	kezi	34:26	—	a forrasbeli hely is letezik; a mas konyvbeli talalat mellett nincs eleg lanc/csoport-tamasz (E=0.10, lanc 0, a forrasbeli konyvben 1) es fuggetlen forras	…struct גֶּשֶׁם Job 37:6 (twice in verse) +; plural גְּשָׁמִים ⟦Ezek 10:9⟧, 13; construct גִּשְׁמֵי 34:26; suffix גִּשְׁמֵיכֶם Lev 26:4;…
H1663	201	1Sam 15:18	—	2Sam 15:18	2Sám 15:18	mas_konyv_ervenyes_fejezettel	kezi	—	—	a forrasbeli hely is letezik; a mas konyvbeli talalat mellett nincs eleg lanc/csoport-tamasz (E=0.02, lanc 0, a forrasbeli konyvben 0) es fuggetlen forras	…; 1Chr 20:5; plural with article as substantive, הַגִּתִּים ⟦1Sam 15:18⟧ the Gittites (but read הַגִּתִּי אִתַּי We Klo Kit Bu Now^A…
H1697	8996	19:13	—	—	—	lanc_lehetetlen	kezi	—	van forditas	konyv nelkuli, lancolt igehely: az orokolt konyvben (2Krón, a '2Chr 33:18' token utan) a vers nem letezik; a gepi csere csak konyvjelolt tokent cserel	… ישׂראל מלכי עלדֿברי2Chr 33:18: טובים דברים good deeds12:12; ⟦19:13⟧; עֲוֺנֹת דִּבְרֵי acts of iniquity Psa 65:4 (De, Fälle von …
H1732	1111	2Sam 132:1132	—	—	—	psi_maradek	kezi	132:17;3:18;7:5	illesztheto (1/1)	N-F34 maradek sora; nincs olyan konyv/vers, ahol a hely letezik es a Strong-proba vagy a fuggetlen forras igazolna	…(= 2Sam 22:51); Psa 72:20; Psa 89:36; Psa 89:50; Psa 122:5; ⟦2Sam 132:1132⟧:11; 132:17; ׳ד עַבְדִּי (׳י speaks) 3:18; 7:5, 8 = 1Chr 17:…
H1732	1129	132:17	—	—	—	lanc_lehetetlen	kezi	—	van forditas	konyv nelkuli, lancolt igehely: az orokolt konyvben (2Sám, a '2Sam 132:1132' token utan) a fejezet nem letezik; a gepi csere csak konyvjelolt tokent cserel	…a 72:20; Psa 89:36; Psa 89:50; Psa 122:5; 2Sam 132:1132:11; ⟦132:17⟧; ׳ד עַבְדִּי (׳י speaks) 3:18; 7:5, 8 = 1Chr 17:4, 7 compar…
H1736	186	30:14	—	—	—	lanc_lehetetlen	kezi	—	—	konyv nelkuli, lancolt igehely: az orokolt konyvben (Én, a 'Cant 7:14' token utan) a fejezet nem letezik; a gepi csere csak konyvjelolt tokent cserel	…^189g Sta§§ 301. 122) 30:14; Cant 7:14; construct דּוּדָאֵי ⟦30:14⟧ 3t.; — mandrakes, as exciting sexual desire, and favouring …
H1736	263	30:14	—	—	—	lanc_lehetetlen	kezi	—	—	konyv nelkuli, lancolt igehely: az orokolt konyvben (Én, a 'Cant 7:14' token utan) a fejezet nem letezik; a gepi csere csak konyvjelolt tokent cserel	…rakes, as exciting sexual desire, and favouring procreation ⟦30:14⟧ (twice in verse); 30:15 (twice in verse); 30:16 (J); also C…
H1736	287	30:15	—	—	—	lanc_lehetetlen	kezi	—	—	konyv nelkuli, lancolt igehely: az orokolt konyvben (Én, a 'Cant 7:14' token utan) a fejezet nem letezik; a gepi csere csak konyvjelolt tokent cserel	…l desire, and favouring procreation 30:14 (twice in verse); ⟦30:15⟧ (twice in verse); 30:16 (J); also Cant 7:14 where odour ref…
H1736	311	30:16	—	—	—	lanc_lehetetlen	kezi	—	—	konyv nelkuli, lancolt igehely: az orokolt konyvben (Én, a 'Cant 7:14' token utan) a fejezet nem letezik; a gepi csere csak konyvjelolt tokent cserel	…procreation 30:14 (twice in verse); 30:15 (twice in verse); ⟦30:16⟧ (J); also Cant 7:14 where odour referred to. On דּוּדָאֵי J…
H1755	1472	Jeremiah 45:18	—	Psa 45:18	Zsolt 45:18	vers_tullepes	kezi	—	illesztheto (1/1)	a Strong-proba nem szelektiv (a szo egy veletlen 3 verses ablakban 2% esellyel all; a veletlen talalat varhato szama 16 jelolt hely kozott 0.26), fuggetlen forras nincs	…) Isa 13:20 (|| לנצח) Jer 50:39 (|| id.); וָדֹר בְּכָלדֹּֿר ⟦Jeremiah 45:18⟧ (|| ועד לעולם) compare Est 9:28; וָדֹר דֹר כְּמוֺ שְׁנוֺתָיו…
H1755	1293	89:2	—	—	—	lanc_lehetetlen	kezi	—	van forditas	konyv nelkuli, lancolt igehely: az orokolt konyvben (Jóel, a 'Joel 4:20' token utan) a fejezet nem letezik; a gepi csere csak konyvjelolt tokent cserel	…:6; 102:13; 119:90; 135:13; 146:10; Joel 4:20 (all || id.); ⟦89:2⟧ (|| עולם) 89:5 (|| עדעֿולם) 106:31 (|| id.) Isa 34:17 (|| i…
H1755	1308	89:5	—	—	—	lanc_lehetetlen	kezi	—	van forditas	konyv nelkuli, lancolt igehely: az orokolt konyvben (Jóel, a 'Joel 4:20' token utan) a fejezet nem letezik; a gepi csere csak konyvjelolt tokent cserel	…:90; 135:13; 146:10; Joel 4:20 (all || id.); 89:2 (|| עולם) ⟦89:5⟧ (|| עדעֿולם) 106:31 (|| id.) Isa 34:17 (|| id.); Psa 77:9 (…
H1755	1326	106:31	—	—	—	lanc_lehetetlen	kezi	—	van forditas	konyv nelkuli, lancolt igehely: az orokolt konyvben (Jóel, a 'Joel 4:20' token utan) a fejezet nem letezik; a gepi csere csak konyvjelolt tokent cserel	…0; Joel 4:20 (all || id.); 89:2 (|| עולם) 89:5 (|| עדעֿולם) ⟦106:31⟧ (|| id.) Isa 34:17 (|| id.); Psa 77:9 (|| לנצח); וָדֹר עַדד…
H1803	256	38:12	—	—	—	lanc_lehetetlen	kezi	—	—	konyv nelkuli, lancolt igehely: az orokolt konyvben (Én, a 'Cant 7:6' token utan) a fejezet nem letezik; a gepi csere csak konyvjelolt tokent cserel	…n loom) in simile of premature death יְבַצְּעֵנִי מִדַּלָּה ⟦38:12⟧. II. [דַּלָּה] noun feminine the poor — construct דַּלַּת J…
H1818	2594	Psalm 94:38	—	—	—	vers_tullepes	kezi	94:21;106:38	illesztheto (1/1)	nincs olyan konyv/vers, ahol a hely letezik es a Strong-proba vagy a fuggetlen forras igazolna	…8-9, 1Sam 19:5; 2Kin 21:16; 24:4; Psa 94:21; 106:38 compare ⟦Psalm 94:38⟧; Prov 6:17; Isa 59:7; Jer 7:6; 22:3 (also 26:15); נָקִיא דָ…
H1836	848	Est 4:14	—	Dan 4:14	Dán 4:14	mas_konyv_ervenyes_fejezettel	kezi	3:29	—	a TAHOT-proba nem sikeres, a Macula (MT) igazolja; a lancolt/csoportbeli helyek kozul 1/1 is ebben a konyvben igazolt (a forrasbeli konyvben 0)	…Dan 2:10 כִדְנָה מִלְּתָא a word like this (compare כָּזֹאת ⟦Est 4:14⟧), Esther 3:29; Ezra 5:7. d. עַלדְּֿנָה on account of this D…
H1870	4908	2 Chron 18:43	—	—	—	vers_tullepes	kezi	—	illesztheto (1/1)	tobb egyenrangu jelolt: 1Kir 18:43, 2Krón 18:23	…rd, 1Kin 8:44, 48 2Chr 6:34, 38 pray toward the city, etc.; ⟦2 Chron 18:43⟧ look toward the sea; especially in Ezek. of looking, going,…
H1870	8113	Songs 34:2	—	2Chr 34:2	2Krón 34:2	fejezet_tullepes	kezi	—	illesztheto (1/1)	a Strong-proba nem szelektiv (a szo egy veletlen 3 verses ablakban 8% esellyel all; a veletlen talalat varhato szama 10 jelolt hely kozott 0.81), fuggetlen forras nincs	…in 22:2; 2Chr 11:17; 20:32; 21:12 (twice in verse) (plural) ⟦Songs 34:2⟧; compare הָרִאשֹׁנִים דָּוִיד דַּרְכֵי17:3 the first ways of…
H1875	3561	Ear 7:10	—	—	—	nem_lekepezett_alak	kezi	—	illesztheto (1/1)	nincs olyan konyv/vers, ahol a hely letezik es a Strong-proba vagy a fuggetlen forras igazolna	…ands of God Psa 119:45; 119:94; 119:155; 1Chr 28:8; the law ⟦Ear 7:10⟧; ׳ד שׁלום seek or study the peace, welfare of any one Deut 2…
H1908	752	Genesis 36:51	—	—	—	vers_tullepes	kezi	—	—	nincs olyan konyv/vers, ahol a hely letezik es a Strong-proba vagy a fuggetlen forras igazolna	…36 = 1Chr 1:47 (הֲדָד֑); b. 1Chr 1:47 (|| Gen 36:39 הֲדַר), ⟦Genesis 36:51⟧ (הֲדָד֑). 2 an Edomite (הָאֲדֹמִ֑י) ׳ה 1Kin 11:14, 17, 19, …
H1931	2447	1Chron 93:2	—	—	—	fejezet_tullepes	kezi	94:2	illesztheto (1/1)	nincs olyan konyv/vers, ahol a hely letezik es a Strong-proba vagy a fuggetlen forras igazolna	… 1:9 הא צדק מלך, 1:13 הא מלאכת, 3:10 הא אדם, 1:11 הא ממלכת, ⟦1Chron 93:2⟧; 1Chron 94:2), though naturally this would be read as hu° o…
H1931	2460	1Chron 94:2	—	—	—	fejezet_tullepes	kezi	93:2	illesztheto (1/1)	nincs olyan konyv/vers, ahol a hely letezik es a Strong-proba vagy a fuggetlen forras igazolna	…לך, 1:13 הא מלאכת, 3:10 הא אדם, 1:11 הא ממלכת, 1Chron 93:2; ⟦1Chron 94:2⟧), though naturally this would be read as hu° or hi° as occa…
H1931	5369	2Ki 33:23	—	2Chr 33:23	2Krón 33:23	fejezet_tullepes	kezi	18:22;18:30	illesztheto (1/1)	N-F34 maradek sora; a lancolt/csoportbeli helyek kozul 1/2 is ebben a konyvben igazolt (a forrasbeli konyvben 1); a Strong-proba nem szelektiv (a szo egy veletlen 3 verses ablakban 22% esellyel all; a veletlen talalat varhato szama 8 jelolt hely kozott 0.39), fuggetlen forras nincs	…27:6; 2Chr 28:22; 32:12 (different from 2Kin 18:22), 18:30; ⟦2Ki 33:23⟧; Ezra 7:6: compare הֵם Neh 10:38 (compare in Syriac , Nö^§ …
H1931	5957	Hosea 10:18	—	Prov 10:18	Péld 10:18	vers_tullepes	kezi	10:22;10:24;11:28;19:21;22:9;24:12;13:13	illesztheto (1/1)	a lancolt/csoportbeli helyek kozul 7/7 is ebben a konyvben igazolt (a forrasbeli konyvben 1); a(z) 'Hosea' itt torzs- vagy szemelynev is lehet (elotte: 'roverbs, as'): a csere a nevet torolne	…38:19; 47:10; 59:16; 63:5; Hosea 7:8; often in Proverbs, as ⟦Hosea 10:18⟧; Hosea 10:22; Hosea 10:24; Hosea 11:28; 13:13; Hos 19:21; H…
H1931	9367	Lam 6:10	—	—	—	psi_maradek	kezi	—	illesztheto (1/1)	N-F34 maradek sora; tobb egyenrangu jelolt: 3Móz 6:10, 4Móz 6:10, 1Sám 6:10, 2Sám 6:10, 1Krón 6:10, 2Krón 6:10, Neh 6:10, Préd 6:10	…:16; Lam 1:18 י הוּא ׳צַדִּיק (often so in Late Hebrew); EC ⟦Lam 6:10⟧ אָדָם הוּא אֲשֶׁר וְנוֺדָע and that which he, even man, is, …
H1932	887	Ezra 4:27	—	—	—	vers_tullepes	kezi	5:4	—	nincs olyan konyv/vers, ahol a hely letezik es a Strong-proba vagy a fuggetlen forras igazolna; arameus szakasz: a heber Strong-proba itt nem szelektiv	…ּא מָן who is the god . . . ? (so plural אִנּוּן Ezra 5:4); ⟦Ezra 4:27⟧ ֗֗֗ הִיא דָא הֲלָא (ib. 4b γ); Ezra 6:27 ֗֗֗ הוּא דִּי who …
H1961	3069	Isaiah 14:34	—	—	—	vers_tullepes	kezi	—	illesztheto (1/1)	tobb egyenrangu jelolt: 4Móz 14:34, Péld 14:34, Ézs 14:3, Ézs 14:4, Ézs 14:24	…:7 it shall not arise (be realized) & shall not come about, ⟦Isaiah 14:34⟧; (so often בּוֺא q. v. 2c, p. 98 above) 2 especially & very…
H1961	7539	Hosea 2:33	—	1Sam 2:33	1Sám 2:33	vers_tullepes	kezi	2:18	illesztheto (1/1)	a lancolt/csoportbeli helyek kozul 1/1 is ebben a konyvben igazolt (a forrasbeli konyvben 1); a Strong-proba nem szelektiv (a szo egy veletlen 3 verses ablakban 41% esellyel all; a veletlen talalat varhato szama 11 jelolt hely kozott 1.81), fuggetlen forras nincs	… 21:16; 25:19 37t., (especially הַהוּא בַּיּוֺם Hosea 2:18; ⟦Hosea 2:33⟧; Isa 7:18, 21, 23 21t.); β. with בְּ local Ezek 47:23; Zech…
H1961	9858	Ex 12:80	—	—	—	vers_tullepes	kezi	—	illesztheto (1/1)	tobb egyenrangu jelolt: 2Móz 12:30, 2Móz 12:40, 2Móz 12:50	…vely narrative, arise, appear, come גְדֹלָה צְעָקָה וַתְּהִי⟦Ex 12:80⟧ (J) and there arose a great cry in Egypt; וַיְהִיקֿוֺל Ezek…
H1961	17903	1Ki 23:25	—	—	—	psi_maradek	kezi	18:5;21:25	illesztheto (1/1)	N-F34 maradek sora; tobb egyenrangu jelolt: 1Sám 23:25, 2Kir 23:25	… before it nor since. compare 2Sam 14:25; 1Kin 18:5; 21:25; ⟦1Ki 23:25⟧; Neh 13:26 +; somewhat weaker, in the frequently introducto…
H1964	2336	1Kin 6:1	—	Isa 6:1	Ézs 6:1	mas_konyv_ervenyes_fejezettel	kezi	6:17;6:19;6:20;6:2;6:5;6:33;7:50	—	a lancolt/csoportbeli helyek kozul 1/7 is ebben a konyvben igazolt (a forrasbeli konyvben 5); a forrasbeli hely is letezik; a mas konyvbeli talalat mellett nincs eleg lanc/csoport-tamasz (E=0.00, lanc 1, a forrasbeli konyvben 5) es fuggetlen forras	…his included in the more General term י ׳בֵּית or הַבַּיִת, ⟦1Kin 6:1⟧-2,+ often) 6:17 (compare 6:19; 6:20 & 6:2) also 6:5; 6:33; …
H1966	332	Isaiah 57:60	—	—	—	vers_tullepes	kezi	—	—	nincs olyan konyv/vers, ahol a hely letezik es a Strong-proba vagy a fuggetlen forras igazolna	… Assyrian muštilil, epithet of (Venus a) morning-star III R ⟦Isaiah 57:60⟧ Opp^JAS 1871, 448 Schr^SK 1874, 337 COT^ad. loc.)
H1969	480	Ezekiel 45:46	—	—	—	vers_tullepes	kezi	29:40	—	nincs olyan konyv/vers, ahol a hely letezik es a Strong-proba vagy a fuggetlen forras igazolna	…ib. EMey^Geschichte. i. 228) — absolute הִין Exod 30:24 4t. ⟦Ezekiel 45:46⟧; הַהִין 29:40 (twice in verse) + 14 t.; construct הִין Lev …
H1969	502	29:40	—	—	—	lanc_lehetetlen	kezi	—	—	konyv nelkuli, lancolt igehely: az orokolt konyvben (Ez, a 'Ezekiel 45:46' token utan) a vers nem letezik; a gepi csere csak konyvjelolt tokent cserel	…. 228) — absolute הִין Exod 30:24 4t. Ezekiel 45:46; הַהִין ⟦29:40⟧ (twice in verse) + 14 t.; construct הִין Lev 19:36; — 1 a m…
H1980	38046	Samuel 12:2	—	1Sam 12:2	1Sám 12:2	nem_lekepezett_alak	kezi	2:35;25:15	nem_illesztheto (forras 1, forditas 0)	a lancolt/csoportbeli helyek kozul 2/2 is ebben a konyvben igazolt (a forrasbeli konyvben 0); a(z) 'Samuel' itt torzs- vagy szemelynev is lehet (elotte: '12:2, so of'): a csere a nevet torolne	…ive; the king before (לִמְּנֵי) his people 1Sam 12:2, so of ⟦Samuel 12:2⟧; of priest 2:35 (מְשִׁיחִי לִפְנֵי); of friendly intercourse…
H1984	2163	Proverbs 31:38	—	—	—	vers_tullepes	kezi	—	illesztheto (1/1)	tobb egyenrangu jelolt: Péld 31:28, Péld 31:30, Péld 31:31	…יְהַלֶּלְךָ Prov 27:2, יְהַלֲלֶ֑ךָּ Isa 38:18, וַיְהַלֲלָהּ ⟦Proverbs 31:38⟧: 1singular אֲהַלֵּל Psa 56:5 2t., cohortative אֲהַלֲלָה 69:…
H1984	7638	Prov 12:18	—	Job 12:18	Jób 12:18	mas_konyv_ervenyes_fejezettel	kezi	—	illesztheto (1/1)	a forrasbeli hely is letezik; a mas konyvbeli talalat mellett nincs eleg lanc/csoport-tamasz (E=0.22, lanc 0, a forrasbeli konyvben 0) es fuggetlen forras	… R. 6); — be praised, 1 human subject be praised, commended ⟦Prov 12:18⟧ (opposed to לָבוּז יִהְיֶה); of maidens, praised, celebrate…
H1988	332	Joshua 8:36	—	—	—	vers_tullepes	kezi	8:20;8:38	—	nincs olyan konyv/vers, ahol a hely letezik es a Strong-proba vagy a fuggetlen forras igazolna	…n different directions (compare וָהֵנָּה הֵנָּה Josh 8:20), ⟦Joshua 8:36⟧; Joshua 8:38; Ruth 2:14; הֲלֹם עַד figurative hitherto, thu…
H1988	345	Joshua 8:38	—	—	—	vers_tullepes	kezi	8:20;8:36	—	nincs olyan konyv/vers, ahol a hely letezik es a Strong-proba vagy a fuggetlen forras igazolna	…irections (compare וָהֵנָּה הֵנָּה Josh 8:20), Joshua 8:36; ⟦Joshua 8:38⟧; Ruth 2:14; הֲלֹם עַד figurative hitherto, thus far (i.e. t…
H1988	776	Judg 14:15	—	1Sam 14:15	1Sám 14:15	mas_konyv_ervenyes_fejezettel	kezi	—	—	a forrasbeli hely is letezik; a mas konyvbeli talalat mellett nincs eleg lanc/csoport-tamasz (E=0.03, lanc 0, a forrasbeli konyvben 0) es fuggetlen forras	…Now. Gen 16:13 = here; but here also text is dubious: v Di. ⟦Judg 14:15⟧ read הֲלֹם for הֲלֹא: see הֲ 1 end.
H1992	2710	Isa 51:19	—	Jer 51:19	Jer 51:19	mas_konyv_ervenyes_fejezettel	kezi	—	illesztheto (1/1)	a forrasbeli hely is letezik; a mas konyvbeli talalat mellett nincs eleg lanc/csoport-tamasz (E=0.13, lanc 0, a forrasbeli konyvben 0) es fuggetlen forras	…(compare before a rel. clause 30:15; 30:18; 6:16) Song 6:8; ⟦Isa 51:19⟧ קֹרְאֹתַיִךְ הֵנָּה שְׁתַּיִם, 1Chr 9:26 (see הוא 4a). b. (β…
H1994	670	En 2:34	—	Dan 2:34	Dán 2:34	nem_lekepezett_alak	kezi	3:22	—	a lancolt/csoportbeli helyek kozul 1/1 is ebben a konyvben igazolt (a forrasbeli konyvben 0); a(z) 'En' alak valoszinuleg nem konyvnev (szigla), kezi dontes	… 3plural; so Egyptian Aramaic Cooke^76B 4, S-C^Pap. E 5 +), ⟦En 2:34⟧ הִמּוֺ והדקת and crushed them, v35; v35; 3:22; Ezra 4:10, 2…
H1995	580	32:30	—	—	—	lanc_lehetetlen	kezi	—	—	konyv nelkuli, lancolt igehely: az orokolt konyvben (Jóel, a 'Joel 4:14' token utan) a fejezet nem letezik; a gepi csere csak konyvjelolt tokent cserel	…ural הֲמֹנִים Joel 4:14 (twice in verse); suffix הֲמוֺנֶיהָ ⟦32:30⟧; — הֲמָנְכֶם 5:7 see below המן below; — 1 sound, murmur, ru…
H1995	599	5:7	—	—	—	lanc_lehetetlen	kezi	—	—	konyv nelkuli, lancolt igehely: az orokolt konyvben (Jóel, a 'Joel 4:14' token utan) a fejezet nem letezik; a gepi csere csak konyvjelolt tokent cserel	…4:14 (twice in verse); suffix הֲמוֺנֶיהָ 32:30; — הֲמָנְכֶם ⟦5:7⟧ see below המן below; — 1 sound, murmur, rush, roar, especia…
H2063	4052	Eccl 1:17	—	2Sam 1:17	2Sám 1:17	mas_konyv_ervenyes_fejezettel	kezi	2:15;2:19;2:21;2:23;7:18	illesztheto (1/1)	a lancolt/csoportbeli helyek kozul 1/5 is ebben a konyvben igazolt (a forrasbeli konyvben 0); a forrasbeli hely is letezik; a mas konyvbeli talalat mellett nincs eleg lanc/csoport-tamasz (E=0.15, lanc 1, a forrasbeli konyvben 0) es fuggetlen forras	…occurs similarly Exod 13:8; Prov 24:12; Job 15:17; Neh 2:2; ⟦Eccl 1:17⟧; 2:15 הבל זה גם (so 2:19; 2:21; 2:23 +), 7:18 (twice in ver…
H2063	4160	2Kin 4:43	—	Deut 4:43	5Móz 4:43	mas_konyv_ervenyes_fejezettel	kezi	—	illesztheto (1/1)	a forrasbeli hely is letezik; a mas konyvbeli talalat mellett nincs eleg lanc/csoport-tamasz (E=0.22, lanc 0, a forrasbeli konyvben 0) es fuggetlen forras	…), 7:18 (twice in verse); of a concrete object, Exod 30:31; ⟦2Kin 4:43⟧ אִישׁ מֵאָה לִפְנֵי זֶה אֶתֵּן מָה: in late Hebrew, Neh 13:6…
H2063	4300	2 Chron 5:17	—	Neh 5:17	Neh 5:17	vers_tullepes	kezi	—	illesztheto (1/1)	a Strong-proba nem szelektiv (a szo egy veletlen 3 verses ablakban 7% esellyel all; a veletlen talalat varhato szama 36 jelolt hely kozott 2.66), fuggetlen forras nincs	… during all this, 2Chr 32:9 זֶה אַחַר; pointing forwards la ⟦2 Chron 5:17⟧ f., to כִּי Psa 56:10; je 22:21. (See also below, 6g.) b. r…
H2063	5463	Gen 7:1	—	Lev 7:1	3Móz 7:1	mas_konyv_ervenyes_fejezettel	kezi	7:13;12:7;15:7;17:21	illesztheto (1/1)	a lancolt/csoportbeli helyek kozul 1/4 is ebben a konyvben igazolt (a forrasbeli konyvben 2); a forrasbeli hely is letezik; a mas konyvbeli talalat mellett nincs eleg lanc/csoport-tamasz (E=0.15, lanc 1, a forrasbeli konyvben 2) es fuggetlen forras	…ַזֶּה,, after a substantive determined also by the article, ⟦Gen 7:1⟧ הַזֶּה בַּדּוֺר, 7:13 הַזֶּה הַיּוֺם, 12:7 הַזּאֹת הָאָרֶץ,…
H2063	6534	Isaiah 27:22	—	—	—	vers_tullepes	kezi	—	illesztheto (1/1)	nincs olyan konyv/vers, ahol a hely letezik es a Strong-proba vagy a fuggetlen forras igazolna	…֗ אשׁר הדבר זה Exod 16:16; 35:4; Josh 5:4; Judg 20:9; 21:11; ⟦Isaiah 27:22⟧; Jer 38:21 +, compare ֗֗֗ אשׁר זה this is what (or how) . . …
H2063	7945	Esth 25:12	—	—	—	psi_maradek	kezi	7:5	illesztheto (1/1)	N-F34 maradek sora; tobb egyenrangu jelolt: 3Móz 25:12, Jer 25:12	… the stronger זֶה הוּא מִי is said: so Jer 30:21; Est 7:5), ⟦Esth 25:12⟧. Elsewhere, the rend. Who is this . . . is admissible: Isa …
H2063	9940	Job 15:17	—	Gen 15:17	1Móz 15:17	mas_konyv_ervenyes_fejezettel	kezi	19:19	illesztheto (2/2)	a lancolt/csoportbeli helyek kozul 1/1 is ebben a konyvben igazolt (a forrasbeli konyvben 0); a forrasbeli hely is letezik; a mas konyvbeli talalat mellett nincs eleg lanc/csoport-tamasz (E=0.08, lanc 1, a forrasbeli konyvben 0) es fuggetlen forras	…0. 3) which . . . 78:26; Prov 23:22; Isa 25:9; = that which ⟦Job 15:17⟧, those who 19:19 (so once, Exod 13:8, even in prose). In so…
H2063	669	88:2	—	—	—	lanc_lehetetlen	kezi	—	van forditas	konyv nelkuli, lancolt igehely: az orokolt konyvben (Jer, a 'Jer 26:6' token utan) a fejezet nem letezik; a gepi csere csak konyvjelolt tokent cserel	…nine זא, comm. אז (see CIS I. i. 1:4; 1:5; 1:6; 1:12; 44:1; ⟦88:2⟧ etc.); Aramaic of Nineveh, Babylon, Têma, Egypt, זי as mark…
H2063	852	113:22	—	—	—	lanc_lehetetlen	kezi	—	van forditas	konyv nelkuli, lancolt igehely: az orokolt konyvben (Jer, a 'Jer 26:6' token utan) a fejezet nem letezik; a gepi csere csak konyvjelolt tokent cserel	…, etc., 65, 69-71, 113, 114, 141, 142, etc.), זנה this (ib. ⟦113:22⟧; 145 C^2), feminine זא 113:15; 145 B^5; Aramaic of Zinjirli…
H2063	882	113:15	—	—	—	lanc_lehetetlen	kezi	—	van forditas	konyv nelkuli, lancolt igehely: az orokolt konyvben (Jer, a 'Jer 26:6' token utan) a fejezet nem letezik; a gepi csere csak konyvjelolt tokent cserel	…41, 142, etc.), זנה this (ib. 113:22; 145 C^2), feminine זא ⟦113:15⟧; 145 B^5; Aramaic of Zinjirli זנה זן, ז, this, זי which (DH…
H2077	267	Ezek 34:15	—	Exod 34:15	2Móz 34:15	mas_konyv_ervenyes_fejezettel	kezi	—	illesztheto (1/1)	a forrasbeli hely is letezik; a mas konyvbeli talalat mellett nincs eleg lanc/csoport-tamasz (E=0.16, lanc 0, a forrasbeli konyvben 0) es fuggetlen forras	…ct Exod 34:25 +; זָ֑בַח Lev 17:8 16t.; suffix זִבְחוֺ 7:16; ⟦Ezek 34:15⟧, זִבְחֲכֶם Lev 19:6; plural זְבָחִים Gen 46:1 +; construct …
H2086	537	Malachi 4:19	—	—	—	vers_tullepes	kezi	—	—	tobb egyenrangu jelolt: Mal 4:1, Mal 3:19	…אוֺן; || עָרִיצִים גַּאֲוַת); Mal 3:13 (|| רִשְׁעָה עשֵֹׁי), ⟦Malachi 4:19⟧ (|| עשֵֹׁה רִשְׁעָה); and in Psa 86:14 (|| עָרִיצִים), 119:2…
H2091	3173	1 Chronicles 28:29	—	1Chr 28:19	1Krón 28:19	vers_tullepes	kezi	—	illesztheto (1/1)	a Strong-proba nem szelektiv (a szo egy veletlen 3 verses ablakban 4% esellyel all; a veletlen talalat varhato szama 18 jelolt hely kozott 0.78), fuggetlen forras nincs	…erse); 3:6 14t. 3:4; cf 1Chr 28:14 (twice in verse) + 14 t. ⟦1 Chronicles 28:29⟧ (David's preparation for temple); see also 2Kin 24:13; comp…
H2094	2459	Eccl 12:2	—	Dan 12:2	Dán 12:2	mas_konyv_ervenyes_fejezettel	kezi	4:13	—	a forrasbeli hely is letezik; a mas konyvbeli talalat mellett nincs eleg lanc/csoport-tamasz (E=0.06, lanc 0, a forrasbeli konyvben 1) es fuggetlen forras	…ing, absolute Ezek 3:21 (compare Hiph`il) Ezek 33:4-5,a; so ⟦Eccl 12:2⟧ and, more Generally, לְהִזָּהֵר יָדַע לֹא אֲשֶׁר 4:13 who kn…
H2102	1531	Exodus 18:29	—	—	—	vers_tullepes	kezi	—	—	nincs olyan konyv/vers, ahol a hely letezik es a Strong-proba vagy a fuggetlen forras igazolna	…lute 18:16 (|| וגו שָֽׁמְעוּ וְלֹא אֶתרְֿמָּם ׳וַיַּקְשׁוּ); ⟦Exodus 18:29⟧ (|| וגו ׳שָֽׁמְעוּ וְלֹא).
H2123	193	De 50:11	—	Psa 50:11	Zsolt 50:11	nem_lekepezett_alak	kezi	—	—	a(z) 'De' alak valoszinuleg nem konyvnev (szigla), kezi dontes	…compare Che^OP 472 and on Psa 50:11; Thes and others v זוז; ⟦De 50:11⟧ compare Assyrian zizânu, collective reptiles, Dl^S. 74 f. f…
H2132	2560	Ezekiel 11:33	—	—	—	vers_tullepes	kezi	—	—	nincs olyan konyv/vers, ahol a hely letezik es a Strong-proba vagy a fuggetlen forras igazolna	…y as 14:4 ᵐ5, e.g. Mark 13:3; compare also הָהָר 1Kin 11:7; ⟦Ezekiel 11:33⟧; Neh 8:15; זֵיתַיָּא טזּר ᵑ7 2Kin 23:13 compare 2Sam 15:30;…
H2155	109	2Chr 29:12	—	—	—	osszeolvadt_alak	kezi	—	—	jelentesszam tapadt a szamozott konyvhoz (2Chr 29:12); a konyv nem hibas, a javitas szokoz-beszuras lenne -- konyvneven tuli OCR, nem e feladat hataskore	…f several Levites (Gershonites) — 1 1Chr 6:5. 2 1Chr 6:27. 3⟦2Chr 29:12⟧.
H2174	111	2Chr 2:6	—	1Chr 2:6	1Krón 2:6	mas_konyv_ervenyes_fejezettel	kezi	—	—	a forrasbeli hely is letezik; a mas konyvbeli talalat mellett nincs eleg lanc/csoport-tamasz (E=0.06, lanc 0, a forrasbeli konyvben 0) es fuggetlen forras	…Ζαμβρ(ε)ι — 1 a Simeonite Num 25:14 (P). 2 grandson of Judah⟦2Chr 2:6⟧ (app. = זַבְדִּי Josh 7:1 q. v.) 3 king of Israel before Om…
H2181	270	Genesis 38:34	—	—	—	vers_tullepes	kezi	—	—	tobb egyenrangu jelolt: 1Móz 38:14, 1Móz 38:24	…rät^BAS i. 32, Anm.) — Qal Perfect ׳ז Deut 31:16, זָָֽנְתָה ⟦Genesis 38:34⟧ 3t., etc.; Imperfect יִזְנֶ֯ה (Kt) Ezek 23:43; תִּזְנֶה Lev…
H2205	2094	2Chronicles 5:2	—	—	—	osszeolvadt_alak	kezi	—	nem_egyertelmu_forrasalak	jelentesszam tapadt a szamozott konyvhoz (2Chronicles 5:2); a konyv nem hibas, a javitas szokoz-beszuras lenne -- konyvneven tuli OCR, nem e feladat hataskore	…5:30; 2Sam 3:17; 5:3 = 1Chr 11:3; 2Sam 17:4, 15; 1Kin 8:1, 3⟦2Chronicles 5:2⟧, 4, also 1Chr 15:25; 21:16; compare Isa 3:2 (וְז וְקֹסֵם וְ…
H2206	470	Psalm 133:4	—	—	—	vers_tullepes	kezi	17:35	—	tobb egyenrangu jelolt: Zsolt 133:1, Zsolt 133:2, Zsolt 133:3	…14:9 (all P), 2Sam 20:9; Ezek 5:1; compare also 1Sam 21:14; ⟦Psalm 133:4⟧ (where however chin as bearded may be meant); chin, or lowe…
H2206	565	17:35	—	—	—	lanc_lehetetlen	kezi	—	—	konyv nelkuli, lancolt igehely: az orokolt konyvben (Zsolt, a 'Psalm 133:4' token utan) a vers nem letezik; a gepi csere csak konyvjelolt tokent cserel	…bearded may be meant); chin, or lower jaw, of lion and bear ⟦17:35⟧. 2 beard, as growing (צמח) 2Sam 10:5 = 1Chr 19:5; as cut of…
H2224	532	Joel 4:8	—	Jonah 4:8	Jón 4:8	mas_konyv_ervenyes_fejezettel	kezi	—	—	a forrasbeli hely is letezik; a mas konyvbeli talalat mellett nincs eleg lanc/csoport-tamasz (E=0.07, lanc 0, a forrasbeli konyvben 0) es fuggetlen forras	… תִּזְרח Psa 104:22; Infinitive construct זְרֹחַ Judg 9:33; ⟦Joel 4:8⟧; Participle זוֺרֵחַ Eccl 1:5; — 1 rise: a. (of sun) Judg 9:…
H2233	5480	Leviticus 20:34	—	—	—	vers_tullepes	kezi	22:13;18:21;20:2	illesztheto (1/1)	tobb egyenrangu jelolt: 3Móz 20:3, 3Móz 20:4	…25 (J); ׳ז אֲנָשִׁים 1Sam 1:11; of children Lev 18:21; 20:2; ⟦Leviticus 20:34⟧; 22:13 (all H), 1Sam 2:20 (compare בָּנוֺת בָּנִים,2:21); c…
H2254	433	Ezek 22:25	—	Exod 22:25	2Móz 22:25	mas_konyv_ervenyes_fejezettel	kezi	—	—	a forrasbeli hely is letezik; a mas konyvbeli talalat mellett nincs eleg lanc/csoport-tamasz (E=0.04, lanc 0, a forrasbeli konyvben 0) es fuggetlen forras	…ֹל Deut 24:6; 2masculine singular תַּחֲבֹל 24:17; תַּחְבֹּל ⟦Ezek 22:25⟧; Job 22:6; יַחְבְּלוּ 24:3; יַחְבֹּ֑לוּ 24:9; Imperative su…
H2319	266	Deuteronomy 20:22	—	—	—	vers_tullepes	kezi	24:5;20:5	—	nincs olyan konyv/vers, ahol a hely letezik es a Strong-proba vagy a fuggetlen forras igazolna	… a. attrib. Exod 1:8 (E) a new king; so of house Deut 20:5; ⟦Deuteronomy 20:22⟧, wife 24:5, cords Judg 15:13; 16:11-12, cart 1Sam 6:7; 2Sam…
H2319	516	Isaiah 4:15	—	—	—	vers_tullepes	kezi	—	—	nincs olyan konyv/vers, ahol a hely letezik es a Strong-proba vagy a fuggetlen forras igazolna	…, wine-skins Josh 9:13 (JE) Job 32:19, threshing instrument ⟦Isaiah 4:15⟧; meal-offering Lev 23:16 (H) Num 28:26 (P); especially (poe…
H2346	875	Isaiah 20:10	—	—	—	vers_tullepes	kezi	2:15;20:11;25:12	illesztheto (1/1)	tobb egyenrangu jelolt: Ézs 22:10, Ézs 60:10	…:26-27, = Isa 36:11; 36:12; Amos 1:7; 1:10; 1:14; Isa 2:15; ⟦Isaiah 20:10⟧; Isaiah 20:11; 25:12; Nahum 2:6; 3:8; Ezek 26:9 +, Jer 1:15…
H2346	889	Isaiah 20:11	—	—	—	vers_tullepes	kezi	25:12;2:15;20:10	illesztheto (1/1)	tobb egyenrangu jelolt: Ézs 22:11, Ézs 25:11, Ézs 60:11	…36:11; 36:12; Amos 1:7; 1:10; 1:14; Isa 2:15; Isaiah 20:10; ⟦Isaiah 20:11⟧; 25:12; Nahum 2:6; 3:8; Ezek 26:9 +, Jer 1:15 +, Joel 2:7, …
H2365	181	1Sam 17:6	—	2Sam 17:6	2Sám 17:6	mas_konyv_ervenyes_fejezettel	kezi	—	—	a forrasbeli hely is letezik; a mas konyvbeli talalat mellett nincs eleg lanc/csoport-tamasz (E=0.03, lanc 0, a forrasbeli konyvben 0) es fuggetlen forras	…avid, so 16:16a; compare 16:16b; 16:17-18, 1Chr 27:33; also ⟦1Sam 17:6⟧-7, 8, 15. 2 1Kin 4:16 father of one of Solomon's officers.
H2372	721	33:20	—	—	—	lanc_lehetetlen	kezi	—	—	konyv nelkuli, lancolt igehely: az orokolt konyvben (Én, a 'Cant 7:1' token utan) a fejezet nem letezik; a gepi csere csak konyvjelolt tokent cserel	…:10; Cant 7:1; 1plural וְנֶחֱזֶה Cant 7:1; Imperative חֲזֵה ⟦33:20⟧; 48:6; חֲזוּ Psa 46:9; Isa 30:10; Infinitive cstr. חֲזוֺת P…
H2372	728	48:6	—	—	—	lanc_lehetetlen	kezi	—	—	konyv nelkuli, lancolt igehely: az orokolt konyvben (Én, a 'Cant 7:1' token utan) a fejezet nem letezik; a gepi csere csak konyvjelolt tokent cserel	…nt 7:1; 1plural וְנֶחֱזֶה Cant 7:1; Imperative חֲזֵה 33:20; ⟦48:6⟧; חֲזוּ Psa 46:9; Isa 30:10; Infinitive cstr. חֲזוֺת Psa 27:…
H2389	906	Exod 31:11	—	Jer 31:11	Jer 31:11	mas_konyv_ervenyes_fejezettel	kezi	—	—	a forrasbeli hely is letezik; a mas konyvbeli talalat mellett nincs eleg lanc/csoport-tamasz (E=0.07, lanc 0, a forrasbeli konyvben 0) es fuggetlen forras	…y of Moses Deut 34:12; also חֲזָקָה וּבְיָד גָּדוֺל בְּכֹחַ ⟦Exod 31:11⟧(JE), compare Neh 1:10, but oftener נְטוּיָה וּבִזְרוֺעַ חזק…
H2398	2848	Num 32:33	—	Exod 32:33	2Móz 32:33	mas_konyv_ervenyes_fejezettel	kezi	—	illesztheto (1/1)	a forrasbeli hely is letezik; a mas konyvbeli talalat mellett nincs eleg lanc/csoport-tamasz (E=0.14, lanc 0, a forrasbeli konyvben 0) es fuggetlen forras	…t; with לְ, against God Gen 20:6 (E), 39:9 (J), Exod 32:33; ⟦Num 32:33⟧ (both J E), Deut 9:16; 20:18; 1Sam 2:25; 12:23; 14:33-34, 1…
H2403	1104	Job 14:23	—	—	—	vers_tullepes	kezi	13:23	illesztheto (1/1)	tobb egyenrangu jelolt: 3Móz 14:23, 1Kir 14:23, 2Kir 14:23, Jób 13:23	… 51:5; 59:4; Prov 5:22; 13:6; 14:34; 21:4; 24:9; Job 13:23; ⟦Job 14:23⟧; Dan 9:20 (twice in verse); ׳ח נעורי sins of my youth Psa 2…
H2403	3635	51:4	—	—	—	lanc_lehetetlen	kezi	—	van forditas	konyv nelkuli, lancolt igehely: az orokolt konyvben (Neh, a 'Nehemiah 3:37' token utan) a fejezet nem letezik; a gepi csere csak konyvjelolt tokent cserel	…; Psa 109:14; Nehemiah 3:37; cleanse from sin מח ׳טַהֲרֵנִי ⟦51:4⟧; לח ׳מקוֺר a fountain for sin Zech 13:1; -5by not rememberi…
H2428	1401	1 Samuel 11:16	—	—	—	vers_tullepes	kezi	31:12	illesztheto (1/1)	tobb egyenrangu jelolt: 2Sám 11:16, 2Kir 11:16, 1Sám 18:16	…); ח ׳אַנְשֵׁי ח, ׳אִישׁ Judg 3:29; 20:44; 20:46; 1Sam 31:12; ⟦1 Samuel 11:16⟧; 2Sam 23:20 (Qr; Kt חי, on phrase חיל בןאֿישׁ compare Dr) = …
H2450	817	Judg 16:19	—	Deut 16:19	5Móz 16:19	mas_konyv_ervenyes_fejezettel	kezi	—	illesztheto (1/1)	a forrasbeli hely is letezik; a mas konyvbeli talalat mellett nincs eleg lanc/csoport-tamasz (E=0.23, lanc 0, a forrasbeli konyvben 0) es fuggetlen forras	… in Egypt Gen 41:33, 39 (E); heads of tribes Deut 1:13, 15; ⟦Judg 16:19⟧; David 2Sam 14:20, of Solomon 1Kin 2:9; 3:12; 1 Kings 5:21 …
H2461	2683	Cant 8:83	—	—	—	vers_tullepes	kezi	—	—	nincs olyan konyv/vers, ahol a hely letezik es a Strong-proba vagy a fuggetlen forras igazolna	… following; perhaps compare Assyrian —alâbu, be covered, VR ⟦Cant 8:83⟧ Lyon^Manual, Gloss, —allibu, cover, clothe IR:18, 68 —allub…
H2506	1526	1 Kings 21:37	—	—	—	vers_tullepes	kezi	—	—	nincs olyan konyv/vers, ahol a hely letezik es a Strong-proba vagy a fuggetlen forras igazolna	… 2Kin 9:10, 36 + 1Kin 21:23 (חֵל ᵑ0), בְּח ׳הַשָּׂדֶה ׳יִזְ ⟦1 Kings 21:37⟧. e. הַחֵלֶק Amos 7:4 (opposed to תְּהוֺם) apparently of lan…
H2530	2195	Deut 10:3	—	Dan 10:3	Dán 10:3	mas_konyv_ervenyes_fejezettel	kezi	—	—	a TAHOT-proba nem sikeres, a Macula (MT) igazolja	…ious things Ezra 8:27 (as gold); ח ׳כלי2Chr 20:25; ח ׳לֶחֶם ⟦Deut 10:3⟧; of man only ׳אִישׁחֿ Dan 10:11, 19, and, without ׳ח אָ֫תָּה…
H2543	1039	Genesis 30:48	—	—	—	vers_tullepes	kezi	47:17;12:16;24:35	—	tobb egyenrangu jelolt: 1Móz 30:42, 1Móz 30:43	…y, with oxen, sheep, camels, slaves, etc. Gen 12:16; 24:35; ⟦Genesis 30:48⟧; 47:17; Exod 9:3 (all J) 20:17 (E), 21:33; 22:8 (twice in v…
H2549	1005	Lev 5:6	—	Num 5:6	4Móz 5:6	mas_konyv_ervenyes_fejezettel	kezi	5:24;22:14;27:13	—	a forrasbeli hely is letezik; a mas konyvbeli talalat mellett nincs eleg lanc/csoport-tamasz (E=0.17, lanc 0, a forrasbeli konyvben 3) es fuggetlen forras	…n 6:31 as substantive a fifth part, so חֲמִישִׁית Gen 47:24; ⟦Lev 5:6⟧; Leviticus 5:24; 22:14; 27:13, 27, 31; Num 5:7; construct כ…
H2554	690	Exod 22:26	—	Ezek 22:26	Ez 22:26	mas_konyv_ervenyes_fejezettel	kezi	—	—	a forrasbeli hely is letezik; a mas konyvbeli talalat mellett nincs eleg lanc/csoport-tamasz (E=0.01, lanc 0, a forrasbeli konyvben 0) es fuggetlen forras	…פֶן Job 15:33. 2 of ethical wrong, object תּוֺרָה Zeph 3:4; ⟦Exod 22:26⟧ (both || קֹדֶשׁ חִלֵּל); compare תַּחְמֹ֑סוּ עָלֵי מְזִמּוֺת…
H2572	557	Ezek 27:18	—	Exod 27:18	2Móz 27:18	mas_konyv_ervenyes_fejezettel	kezi	—	illesztheto (1/1)	a forrasbeli hely is letezik; a mas konyvbeli talalat mellett nincs eleg lanc/csoport-tamasz (E=0.16, lanc 0, a forrasbeli konyvben 0) es fuggetlen forras	…ut noun expressed, (1) without other numeral Num 31:30, 47; ⟦Ezek 27:18⟧ (twice in verse); Hag 2:16; (2) with other number ׳ח preced…
H2583	528	Exodus 13:26	—	—	—	vers_tullepes	kezi	—	illesztheto (1/1)	tobb egyenrangu jelolt: 2Móz 13:20, 2Móz 13:21, 2Móz 15:26	…27:3; יַחֲנוּ Num 1:50 13t. Numbers + Exod 14:2: וַיַּחֲנוּ ⟦Exodus 13:26⟧ 79t. (of which 42 in Numbers 33); וַיַּחֲנוּן Judg 11:18; 2…
H2595	85	2Sam 13:19	—	1Sam 13:19	1Sám 13:19	mas_konyv_ervenyes_fejezettel	kezi	—	—	a forrasbeli hely is letezik; a mas konyvbeli talalat mellett nincs eleg lanc/csoport-tamasz (E=0.08, lanc 0, a forrasbeli konyvben 0) es fuggetlen forras	…n feminine spear (as flexible? see Thes); — absolute חֲנִית ⟦2Sam 13:19⟧ 26t.; construct id. 1Sam 26:16 (so 26:22 Qr, where Kt has a…
H2597	150	Ezra 16:17	—	—	—	psi_maradek	kezi	6:16	—	N-F34 maradek sora; nincs olyan konyv/vers, ahol a hely letezik es a Strong-proba vagy a fuggetlen forras igazolna	…onstruct חֲנֻכַּת, of image Dan 3:2. 3:3; temple Ezra 6:16. ⟦Ezra 16:17⟧.
H2617	977	10:20	—	—	—	lanc_lehetetlen	kezi	—	van forditas	konyv nelkuli, lancolt igehely: az orokolt konyvben (2Sám, a '2Sam 2:5' token utan) a vers nem letezik; a gepi csere csak konyvjelolt tokent cserel	…dg 1:24 (J), 8:35; 1Sam 15:6; 2Sam 2:5; 3:8; 9:1; 9:3; 9:7, ⟦10:20⟧a = 1Chr 19:2a, 19:2b 2Chr 24:22; with עַל 1Sam 20:8 with לְ…
H2648	193	Psalm 31:28	—	—	—	vers_tullepes	kezi	116:11	—	tobb egyenrangu jelolt: Zsolt 31:22, Zsolt 31:23, Zsolt 31:24	…ּחְמְּזוּ Deut 20:3; Infinitive construct suffix בְּחָפְזִי ⟦Psalm 31:28⟧; Psa 116:11; בְּחָמְּזָהּ 2Sam 4:4; בְּחָפְזָם 2Kin 7:15 Qr…
H2664	1538	1:26	—	—	—	lanc_lehetetlen	kezi	—	—	konyv nelkuli, lancolt igehely: az orokolt konyvben (2Krón, a '2Chr 35:22' token utan) a vers nem letezik; a gepi csere csak konyvjelolt tokent cserel	…ַמֵּשׂ2Chr 35:22 (but הִתְחַזֵּק ᵐ5, compare also ᵑ6 ᵑ93Esdr ⟦1:26⟧; so Be Öttli); Imperfect יִתְחַמֵּשׂ Job 30:18; וַיִּתְחַמֵּ…
H2717	2374	Ezekiel 19:17	—	—	—	vers_tullepes	kezi	—	—	tobb egyenrangu jelolt: 2Kir 19:17, Ez 19:7	… desolate countries (|| נָשַׁמּוּ). Hiph`il Perfect הֶחֱרִיב ⟦Ezekiel 19:17⟧; 1singular הֶחֱרַבְתִּי Zeph 3:6; 3plural הֶחֱרִיבוּ Isa 37…
H2719	1678	1 Samuel 7:51	—	—	—	vers_tullepes	kezi	—	illesztheto (1/1)	nincs olyan konyv/vers, ahol a hely letezik es a Strong-proba vagy a fuggetlen forras igazolna	…ֶלנְֿדָנָהּ 1Chr 21:27 (sheath of sword is elsewhere תַּעַר ⟦1 Samuel 7:51⟧; 2Sam 20:8; Jer 47:6; Ezek 21:8). f. slay with sword ׳בח הר…
H2719	2865	Ezekiel 35:26	—	—	—	vers_tullepes	kezi	32:20	illesztheto (1/1)	tobb egyenrangu jelolt: Ez 35:6, Ez 30:26, Ez 32:26, Ez 33:26	…Ezek 31:17-18, 32:21, 25, 28, 29, 30, 32; 35:8 ח ׳מְחֻלְלֵי ⟦Ezekiel 35:26⟧ < Co ׳חלליחֿ (on text of 32:20, 22, 31 see Co). i. ח ׳שְׁבֻי…
H2851	485	Ezekiel 26:30	—	—	—	vers_tullepes	kezi	—	—	nincs olyan konyv/vers, ahol a hely letezik es a Strong-proba vagy a fuggetlen forras igazolna	…ekiel 32: Ezekiel 26:27 (ᵑ6 ׳ח, גִּבּוֺרִים Co ׳ח תם גבור), ⟦Ezekiel 26:30⟧ (חִתִּיתָם, but read חַתִּים, see above); especially in phr…
H2851	649	Ezekiel 26:23	—	—	—	vers_tullepes	kezi	26:24;26:25	—	nincs olyan konyv/vers, ahol a hely letezik es a Strong-proba vagy a fuggetlen forras igazolna	… one's terror (terror of oneself) in the land of the living ⟦Ezekiel 26:23⟧; Ezekiel 26:24; Ezekiel 26:25 (strike out ᵐ5 Co), Ezekiel 2…
H2851	664	Ezekiel 26:24	—	—	—	vers_tullepes	kezi	26:23;26:25	—	nincs olyan konyv/vers, ahol a hely letezik es a Strong-proba vagy a fuggetlen forras igazolna	…terror of oneself) in the land of the living Ezekiel 26:23; ⟦Ezekiel 26:24⟧; Ezekiel 26:25 (strike out ᵐ5 Co), Ezekiel 26:26; Ezekiel 2…
H2851	679	Ezekiel 26:25	—	—	—	vers_tullepes	kezi	26:23;26:24	—	nincs olyan konyv/vers, ahol a hely letezik es a Strong-proba vagy a fuggetlen forras igazolna	…lf) in the land of the living Ezekiel 26:23; Ezekiel 26:24; ⟦Ezekiel 26:25⟧ (strike out ᵐ5 Co), Ezekiel 26:26; Ezekiel 26:32. — חִתִּית…
H2851	728	Ezekiel 26:32	—	—	—	vers_tullepes	kezi	16:3;26:26	—	nincs olyan konyv/vers, ahol a hely letezik es a Strong-proba vagy a fuggetlen forras igazolna	…iel 26:24; Ezekiel 26:25 (strike out ᵐ5 Co), Ezekiel 26:26; ⟦Ezekiel 26:32⟧. — חִתִּית 16:3, 45 see חִתִּי below חֵת above.
H2891	2731	Leviticus 12:28	—	—	—	vers_tullepes	kezi	13:34;14:7;13:6;13:13;13:17;13:23	—	tobb egyenrangu jelolt: 3Móz 12:8, 3Móz 13:28, 3Móz 14:28, 3Móz 15:28	…ronounce clean, ceremonially Lev 13:6; 13:13; 13:17; 13:23; ⟦Leviticus 12:28⟧; 13:34, 37, 59; 14:7, 48 (all P). 3 perform the ceremony of…
H2895	1617	Est 1:19	—	Gen 1:19	1Móz 1:19	mas_konyv_ervenyes_fejezettel	kezi	3:9;5:4;7:3;8:5;9:13	—	a forrasbeli hely is letezik; a mas konyvbeli talalat mellett nincs eleg lanc/csoport-tamasz (E=0.11, lanc 0, a forrasbeli konyvben 0) es fuggetlen forras	…li, be pleasing unto, Dl^HWB 300 a), 1Chr 13:2; Neh 2:5, 7; ⟦Est 1:19⟧; 3:9; 5:4, 8; 7:3; 8:5; 9:13 (compare טוֺב adjective ). Hip…
H2896	7763	Proverbs 2:28	—	—	—	vers_tullepes	kezi	12:2;13:22;14:19;15:3	illesztheto (1/1)	tobb egyenrangu jelolt: Péld 2:8, Péld 2:20, Péld 2:21, Péld 3:28	…שׁ Prov 14:14; (ה)טוב(יםׅ = (the) good2Chr 19:11; Psa 125:4; ⟦Proverbs 2:28⟧; Prov 12:2; 13:22; 14:19; 15:3; Eccl 9:2 (twice in verse); …
H2902	270	Exod 22:28	—	Ezek 22:28	Ez 22:28	mas_konyv_ervenyes_fejezettel	kezi	—	—	a forrasbeli hely is letezik; a mas konyvbeli talalat mellett nincs eleg lanc/csoport-tamasz (E=0.02, lanc 0, a forrasbeli konyvben 0) es fuggetlen forras	…cutive Lev 14:42 (on טַח Isa 44:18 see טחח); 3 plural טָחוּ ⟦Exod 22:28⟧; טַחְתֶּם Ezek 13:12, 14 Infinitive construct לָטוּחַ 1Chr …
H2919	152	1Sam 1:21	—	2Sam 1:21	2Sám 1:21	mas_konyv_ervenyes_fejezettel	kezi	—	—	a forrasbeli hely is letezik; a mas konyvbeli talalat mellett nincs eleg lanc/csoport-tamasz (E=0.07, lanc 0, a forrasbeli konyvben 0) es fuggetlen forras	…ּא dew; Arabic light rain, dew; Ethiopic dew) — ׳ט absolute ⟦1Sam 1:21⟧ 12t.; טָ֑ל Judg 6:13 9t.; construct טַל Gen 27:28 4t.; suff…
H3027	5354	Isaiah 49:29	—	—	—	vers_tullepes	kezi	10:12	illesztheto (1/1)	tobb egyenrangu jelolt: Ézs 49:2, Ézs 49:21, Ézs 49:22, Ézs 49:23	… נִגְּרָה לַיְלָה יָדִי 77:3. Also of God, to give a signal ⟦Isaiah 49:29⟧; to rescue 10:12. יָדוֺ יְנֹפֵף Isa 10:32 he brandisheth hi…
H3027	14789	Psalm 32:12	—	—	—	vers_tullepes	kezi	—	illesztheto (1/1)	tobb egyenrangu jelolt: 1Móz 32:12, 2Móz 32:12, 2Krón 32:12, Zsolt 36:12, Zsolt 39:12	…arly = מִן, used idomatically with many verbs: with הִצִּיל ⟦Psalm 32:12⟧ (twice in verse) (J), Exod 2:19; 18:9-10, (twice in verse) …
H3027	17975	Ezra 4:32	—	—	—	vers_tullepes	kezi	—	illesztheto (1/1)	tobb egyenrangu jelolt: 3Móz 4:32, 4Móz 4:32, Ezsd 4:3, Ezsd 8:32; arameus szakasz: a heber Strong-proba itt nem szelektiv	… בִּידָח in thy possession Ezra 7:14, 25; figurative of God ⟦Ezra 4:32⟧. 2 power, of man Dan 2:38; 3:15, 17; 7:28; Ezra 5:12, of Go…
H3027	3300	16:33	—	—	—	lanc_lehetetlen	kezi	—	van forditas	konyv nelkuli, lancolt igehely: az orokolt konyvben (2Krón, a '2Chr 13:9' token utan) a vers nem letezik; a gepi csere csak konyvjelolt tokent cserel	…lso 29:29 (|| משׁח), 29:33 קדּשׁ, 29:35; Lev 8:33; 2Chr 13:9; ⟦16:33⟧, followed by infinitive Lev 16:33 (|| משׁח), 21:10 (|| שֶׁמֶן…
H3032	177	Josh 4:3	—	Joel 4:3	Jóel 4:3	mas_konyv_ervenyes_fejezettel	kezi	—	—	a forrasbeli hely is letezik; a mas konyvbeli talalat mellett nincs eleg lanc/csoport-tamasz (E=0.01, lanc 0, a forrasbeli konyvben 0) es fuggetlen forras	… עַל גוֺרָל יַדוּ Nahum 3:10; Obadiah 11; אֶלֿ גוֺרָל יַדוּ ⟦Josh 4:3⟧. (Possibly wrongly pointed perfects of ידה Pi`el q. v.) II.…
H3045	1229	Ecclesiastes 11:19	—	—	—	vers_tullepes	kezi	3:6	illesztheto (1/1)	tobb egyenrangu jelolt: 2Sám 11:19, Jer 11:19, Préd 11:1, Préd 11:9, Préd 11:10, Préd 10:19	…:10 Imperative דַּע Gen 20:7 10t.; דְּעֶה Prov 24:14; דָּ֑ע ⟦Ecclesiastes 11:19⟧; suffix דָּעֵ֫הוּ 3:6; דְּעִי Jer 2:19 4t.; דְּעוּ Num 32:2…
H3045	4356	Hosea 13:14	—	Deut 13:14	5Móz 13:14	mas_konyv_ervenyes_fejezettel	kezi	9:7	illesztheto (1/1)	a lancolt/csoportbeli helyek kozul 1/1 is ebben a konyvben igazolt (a forrasbeli konyvben 1); a forrasbeli hely is letezik; a mas konyvbeli talalat mellett nincs eleg lanc/csoport-tamasz (E=0.24, lanc 1, a forrasbeli konyvben 1) es fuggetlen forras	…ur hearts, and all your souls, that, etc.; learn to know ׳י ⟦Hosea 13:14⟧; learn (a bitter lesson) 9:7; Isa 9:8; Psa 14:4; experience…
H3045	11852	Psalm 16:14	—	—	—	vers_tullepes	kezi	39:5;51:8;143:8;32:5	illesztheto (1/1)	tobb egyenrangu jelolt: 2Móz 16:14, Jer 16:14, Zsolt 16:10, Zsolt 16:11	…ּ), Prov 22:21; Job 13:23; Psa 16:11; 25:4 (|| לַמְּדֵנִי), ⟦Psalm 16:14⟧ (on infinitive with לְ see Ges^§158; 114, 2, R. 2, Exx,), 3…
H3051	2341	Ezra 5:28	—	—	—	vers_tullepes	kezi	7:12;7:27;5:14	—	nincs olyan konyv/vers, ahol a hely letezik es a Strong-proba vagy a fuggetlen forras igazolna; arameus szakasz: a heber Strong-proba itt nem szelektiv	… Ezra 7:4, 6, יְהִב 7:14; 7:22, 3feminine singular יְהִיבַת ⟦Ezra 5:28⟧; 7:12; 7:27; 3masculine plural וִיהִ֫יבוּ 5:14; be given up…
H3063	1897	Joel 4:30	—	Joel 4:20	Jóel 4:20	vers_tullepes	kezi	—	illesztheto (1/1)	a Strong-proba nem szelektiv (a szo egy veletlen 3 verses ablakban 10% esellyel all; a veletlen talalat varhato szama 13 jelolt hely kozott 1.27), fuggetlen forras nincs	…erritory land of Judah, feminine Isa 7:6; Jer 23:6 = 33:16; ⟦Joel 4:30⟧; Psa 114:2 +; יְהוּדָה ארץ 1Sam 22:5; 2Kin 23:24 +; יהודה א…
H3068	4032	Genesis 21:83	—	Gen 21:33	1Móz 21:33	vers_tullepes	kezi	—	illesztheto (1/1)	a Strong-proba nem szelektiv (a szo egy veletlen 3 verses ablakban 72% esellyel all; a veletlen talalat varhato szama 5 jelolt hely kozott 3.58), fuggetlen forras nincs	…rom the beginning of his narrative, possibly explaining it, ⟦Genesis 21:83⟧ by עולם אל, the evergreen tamarisk being a symbol of the ev…
H3068	7934	29:46	—	—	—	lanc_lehetetlen	kezi	—	van forditas	konyv nelkuli, lancolt igehely: az orokolt konyvben (Jóel, a 'Joel 4:17' token utan) a fejezet nem letezik; a gepi csere csak konyvjelolt tokent cserel	…16:12; Deut 29:5 (P) Exod 20:20; Joel 4:17; (γ) with אלהיהם ⟦29:46⟧ (P) Ezek 28:26; 34:30; 39:22, 28; (δ) before relative and o…
H3077	984	Neh 12:10	—	2Kin 12:10	2Kir 12:10	mas_konyv_ervenyes_fejezettel	kezi	13:28	—	a forrasbeli hely is letezik; a mas konyvbeli talalat mellett nincs eleg lanc/csoport-tamasz (E=0.12, lanc 0, a forrasbeli konyvben 0) es fuggetlen forras	…ιαα, Ἰοειδα, Ἰωδαε etc.) 4 ׳יוֺ son of high priest Eliashib ⟦Neh 12:10⟧-11, 22; 13:28 (ᵐ5 Ἰωδα, Ἰωαδαε, Ἰωιαδα).
H3091	1488	2Chr 31:15	—	Deut 31:15	5Móz 31:15	mas_konyv_ervenyes_fejezettel	kezi	—	illesztheto (1/1)	a forrasbeli hely is letezik; a mas konyvbeli talalat mellett nincs eleg lanc/csoport-tamasz (E=0.23, lanc 0, a forrasbeli konyvben 0) es fuggetlen forras	…e: a. Ezra 2:40; 3:9 = Neh 7:43; 8:7; 9:4-5, 10:10; 12:8. b.⟦2Chr 31:15⟧; Ezra 8:33; Neh 12:24. 7 יֵשׁוּעַ (ᵐ5 id.), father of a buil…
H3092	702	1Chr 15:24	—	1Kin 15:24	1Kir 15:24	mas_konyv_ervenyes_fejezettel	kezi	—	—	a forrasbeli hely is letezik; a mas konyvbeli talalat mellett nincs eleg lanc/csoport-tamasz (E=0.10, lanc 0, a forrasbeli konyvben 0) es fuggetlen forras	…oes 1Chr 11:43. 6 ׳יוֺ a priest & trumpeter in David's time ⟦1Chr 15:24⟧. 7 in proper name, of a location יְהוֺשָׁפָט עֵמֶק Joel 1Chr…
H3117	129	Genesis 1:33	—	—	—	vers_tullepes	kezi	1:8;1:5;2:4	illesztheto (1/1)	tobb egyenrangu jelolt: 1Móz 1:13, 1Móz 1:23, 1Móz 1:30, 1Móz 1:31	…maic יומָא, ; Phoenician ים; MI^5 ימן, suffix ימי 1:6; 1:9; ⟦Genesis 1:33⟧, plural construct ימי 1:8, suffix 3masculine singular ימה; …
H3117	3302	Haggai 1:18	—	Zeph 1:18	Sof 1:18	vers_tullepes	kezi	1:1;1:15	illesztheto (1/1)	a lancolt/csoportbeli helyek kozul 2/2 is ebben a konyvben igazolt (a forrasbeli konyvben 2); a Strong-proba nem szelektiv (a szo egy veletlen 3 verses ablakban 25% esellyel all; a veletlen talalat varhato szama 35 jelolt hely kozott 0.55), fuggetlen forras nincs	…n 12:32; 12:33; Ezek 45:21; 45:25; Zech 1:7; Hag 1:1; 1:15; ⟦Haggai 1:18⟧; 2Chr 29:17 (twice in verse); Ezra 3:6; Neh 8:2; 9:1; Dan 1…
H3117	8785	Dan 40:4	—	—	—	fejezet_tullepes	kezi	—	illesztheto (1/1)	tobb egyenrangu jelolt: 1Móz 40:4, Jer 40:4	… few days Gen 27:44 (J), 29:10 (E), Dan 11:20; יָמִים alone ⟦Dan 40:4⟧ (E) they were days (a certain time) in the prison 1Kin 17:1…
H3117	17503	Malachi 1:17	—	—	—	vers_tullepes	kezi	—	illesztheto (1/1)	tobb egyenrangu jelolt: 1Móz 1:17, 2Kir 1:17, Eszt 1:17, Jer 1:17, Dán 1:17, Sof 1:17, Mal 3:17	…א Num 7:11 (P), Job 21:30 (twice in verse); compare לַיּוֺם ⟦Malachi 1:17⟧; לַיּום against, i.e. in expectation of Exod 19:11, so קְרָ…
H3117	17885	Numbers 28:34	—	—	—	vers_tullepes	kezi	—	illesztheto (1/1)	tobb egyenrangu jelolt: 5Móz 28:34, 4Móz 28:3, 4Móz 28:4, 4Móz 28:24, 4Móz 29:34	…ay, daily, Exod 29:36, 38; Num 7:11 (twice in verse); 28:3; ⟦Numbers 28:34⟧; 1Chr 26:17; Jer 37:21; Ezek 4:10; 43:25; 45:23 (twice in v…
H3117	5945	14:7	—	—	—	lanc_lehetetlen	kezi	—	van forditas	konyv nelkuli, lancolt igehely: az orokolt konyvben (Mal, a 'Malachi 3:23' token utan) a fejezet nem letezik; a gepi csere csak konyvjelolt tokent cserel	…3; 39:8, 11, 13); Obad 15; Zech 14:1; Malachi 3:23 (compare ⟦14:7⟧; Mal 3:2, 17; Malachi 3:19 (twice in verse); Malachi 3:21),…
H3196	477	Deut 32:18	—	Job 32:18	Jób 32:18	mas_konyv_ervenyes_fejezettel	kezi	—	illesztheto (1/1)	a forrasbeli hely is letezik; a mas konyvbeli talalat mellett nincs eleg lanc/csoport-tamasz (E=0.14, lanc 0, a forrasbeli konyvben 0) es fuggetlen forras	…ָ֑יִן 14:18 33t.; construct יַ֫יִן Psa 60:5; Song 8:2; יֵין ⟦Deut 32:18⟧ 9t.; suffix יֵינִי Song 5:1, etc.; — wine: a. common drink,…
H3225	1715	Psa 62:8	—	Isa 62:8	Ézs 62:8	mas_konyv_ervenyes_fejezettel	kezi	—	illesztheto (1/1)	a forrasbeli hely is letezik; a mas konyvbeli talalat mellett nincs eleg lanc/csoport-tamasz (E=0.02, lanc 0, a forrasbeli konyvben 0) es fuggetlen forras	…e Prov 3:16 of wisdom, personified); used in divine oath is ⟦Psa 62:8⟧ (|| זְרוֺעַ). 2 of situation on, or direction toward, the r…
H3245	1401	Ezra 7:9	—	1Kin 7:9	1Kir 7:9	mas_konyv_ervenyes_fejezettel	kezi	—	—	a forrasbeli hely is letezik; a mas konyvbeli talalat mellett nincs eleg lanc/csoport-tamasz (E=0.15, lanc 0, a forrasbeli konyvben 0) es fuggetlen forras	…ert-creatures (on meaning in context, see Di); appoint, fix ⟦Ezra 7:9⟧ emended (see יְסֻד); found, begin, heaps of offerings in ׳י…
H3254	2009	Joshua 23:18	—	—	—	vers_tullepes	kezi	—	illesztheto (1/1)	tobb egyenrangu jelolt: Józs 23:12, Józs 23:13, Józs 23:14	…Kin 24:7; הוֺסַ֫פְתָּ 1Kin 10:7, etc.;Imperfect_164 יוֺסִיף ⟦Joshua 23:18⟧ +; jussive יוֺסֵף Gen 30:24 +; י֫וֺסֶף (before tone) Prov 1…
H3254	5044	Numbers 25:25	—	Num 22:25	4Móz 22:25	vers_tullepes	kezi	25:19	illesztheto (1/1)	a Strong-proba nem szelektiv (a szo egy veletlen 3 verses ablakban 3% esellyel all; a veletlen talalat varhato szama 24 jelolt hely kozott 0.65), fuggetlen forras nincs	…0; 44:23; Exod 5:7; 8:25; 9:28; 9:34; 10:28; Numbers 25:19; ⟦Numbers 25:25⟧; Deut 13:12; 18:16; 25:3; Josh 7:12; 23:13; Judges 2:31; Ju…
H3254	5102	Judges 2:31	—	Judg 2:21	Bír 2:21	vers_tullepes	kezi	3:12;4:1;10:16;13:1;20:22	illesztheto (1/1)	a Strong-proba nem szelektiv (a szo egy veletlen 3 verses ablakban 3% esellyel all; a veletlen talalat varhato szama 21 jelolt hely kozott 0.57), fuggetlen forras nincs	…; Numbers 25:25; Deut 13:12; 18:16; 25:3; Josh 7:12; 23:13; ⟦Judges 2:31⟧; Judg 3:12; 4:1; 10:16, 13; 13:1; 20:22-23, 1Sam 3:8; 3:21;…
H3289	922	Nah 7:5	—	Isa 7:5	Ézs 7:5	fejezet_tullepes	kezi	1:11	—	N-F34 maradek sora; a Strong-proba nem szelektiv (a szo egy veletlen 3 verses ablakban 1% esellyel all; a veletlen talalat varhato szama 29 jelolt hely kozott 0.28), fuggetlen forras nincs	…subject ׳י) Micah 6:5; followed by בְּלִיַּ֫עַל Nahum 1:11; ⟦Nah 7:5⟧ (followed by עַל = against), Nah 19:12 (followed by id.), N…
H3303	515	Cant 4:17	—	—	—	vers_tullepes	kezi	6:4;1:8;2:10;5:9;6:1	—	tobb egyenrangu jelolt: Én 4:1, Én 4:7, Én 1:17	…1Kin 1:4; Song 1:15 (twice in verse); 4:1 (twice in verse); ⟦Cant 4:17⟧; 6:4; = substantive fair one 1:8; 2:10, 13; 5:9; 6:1; often…
H3318	1141	Jer 58:8	—	—	—	psi_maradek	kezi	—	illesztheto (1/1)	N-F34 maradek sora; nincs olyan konyv/vers, ahol a hely letezik es a Strong-proba vagy a fuggetlen forras igazolna	…asculine plural Gen 19:14 11t.; צֵ֑אוּ Isa 49:9; Ezek 9:7 + ⟦Jer 58:8⟧ Qr (Kt יֵצֵ֑אוּ) צְאֶינָה Song 3:11; Infinitive absolute יָ…
H3318	12625	Jeremiah 26:33	—	—	—	vers_tullepes	kezi	—	illesztheto (1/1)	tobb egyenrangu jelolt: Jer 26:23, Jer 25:33	…hall bring, but read 1 singular, see VB), 11:9; from a land ⟦Jeremiah 26:33⟧; especially of Moses bringing Israelites out of Egypt Exod …
H3318	17813	Jeremiah 5:44	—	—	—	vers_tullepes	kezi	—	illesztheto (1/1)	nincs olyan konyv/vers, ahol a hely letezik es a Strong-proba vagy a fuggetlen forras igazolna	…י, bring forth from (מִן) Bel's mouth what he has swallowed ⟦Jeremiah 5:44⟧; wind, out of treasuries Jer 10:13; 51:16; Psa 135:7; fire,…
H3327	350	2Chron 13:23	—	2Kin 13:23	2Kir 13:23	mas_konyv_ervenyes_fejezettel	kezi	—	illesztheto (1/1)	a forrasbeli hely is letezik; a mas konyvbeli talalat mellett nincs eleg lanc/csoport-tamasz (E=0.18, lanc 0, a forrasbeli konyvben 0) es fuggetlen forras	…euteronomy), Lev 26:42; Num 32:11; Josh 24:3-4, 1Kin 18:36; ⟦2Chron 13:23⟧; 1Chr 1:28, 34 (twice in verse); 16:16; 29:18; 2Chr 30:6; י…
H3356	114	Deut 24:12	—	1Chr 24:12	1Krón 24:12	mas_konyv_ervenyes_fejezettel	kezi	—	—	a forrasbeli hely is letezik; a mas konyvbeli talalat mellett nincs eleg lanc/csoport-tamasz (E=0.00, lanc 0, a forrasbeli konyvben 0) es fuggetlen forras	… up; compare Sabean proper name יהקם Hal^151); — Ιακειμ, A (⟦Deut 24:12⟧) Ελιακειμ: 1 Benjamite 1Chr 8:19. 2 Levite 1Chr 24:12.
H3372	834	Prov 31:30	—	Gen 31:30	1Móz 31:30	mas_konyv_ervenyes_fejezettel	kezi	—	illesztheto (1/1)	a forrasbeli hely is letezik; a mas konyvbeli talalat mellett nincs eleg lanc/csoport-tamasz (E=0.20, lanc 0, a forrasbeli konyvben 0) es fuggetlen forras	…nstruct יִרְאֵי Exod 18:21 12t.; feminine construct יִרְאַת ⟦Prov 31:30⟧; — 1 fear, be afraid (not in P): a. absolute Gen 3:10; 18:1…
H3372	2549	1 Samuel 21:23	—	—	—	vers_tullepes	kezi	7:7;18:29	illesztheto (1/1)	tobb egyenrangu jelolt: 1Sám 21:13, 1Sám 12:23, 1Sám 22:23	…ְּנֵי Deut 5:5; 7:19; Josh 9:24; 11:6 (D), 1Sam 7:7; 18:29; ⟦1 Samuel 21:23⟧; 1Kin 1:50; 2Kin 1:15; 19:6 (= Isa 37:6) 2Kin 25:26; 2Chr 2…
H3377	152	Hosea 5:18	—	—	—	vers_tullepes	kezi	10:6	—	tobb egyenrangu jelolt: Hós 5:12, Hós 5:13, Hós 5:14	…= let him contend, or (one who) contends); — only י ׳מֶלֶךְ ⟦Hosea 5:18⟧; Hosea 10:6, i.e. Tiglath-Pileser III; WMM^ZAW xvii (1897),…
H3378	256	Judges 21:28	—	—	—	vers_tullepes	kezi	—	—	nincs olyan konyv/vers, ahol a hely letezik es a Strong-proba vagy a fuggetlen forras igazolna	…ewhere [yet תרוב Prov 3:30 Kt, and Infinitive construct רוב ⟦Judges 21:28⟧ Kt], hence We^Sm 31 explanation as = יְרוּבַעַל, √ ירח, com…
H3379	535	1 Kings 13:83	—	—	—	vers_tullepes	kezi	11:26;15:30;16:2;13:1;13:4	illesztheto (1/1)	tobb egyenrangu jelolt: 1Kir 13:3, 1Kir 13:33	…2Chr 10:2 (twice in verse); 10:3, 12 etc., 1Kin 13:1; 13:4; ⟦1 Kings 13:83⟧ +; (specifically ׳יר בֶּןנְֿבָט 11:26 23t.); in later times…
H3381	2895	1 Samuel 1:38	—	1Kin 1:38	1Kir 1:38	vers_tullepes	kezi	—	illesztheto (1/1)	a Strong-proba nem szelektiv (a szo egy veletlen 3 verses ablakban 4% esellyel all; a veletlen talalat varhato szama 8 jelolt hely kozott 0.36), fuggetlen forras nincs	… 9:26 2Chr 22:6; to Samaria 1Kin 22:2 2Chr 18:2; (to Gihon) ⟦1 Samuel 1:38⟧, etc. f. from altar הַחַטָּאת מֵעֲשׂוֺת ירד Lev 9:22 (P); fr…
H3381	4149	Psa 49:15	—	Jer 49:15	Jer 49:15	mas_konyv_ervenyes_fejezettel	kezi	—	illesztheto (1/1)	a forrasbeli hely is letezik; a mas konyvbeli talalat mellett nincs eleg lanc/csoport-tamasz (E=0.13, lanc 0, a forrasbeli konyvben 0) es fuggetlen forras	…bsolute Isa 5:14; Ezek 32:19 (|| הָשְׁכְּבָה), 32:21; 32:30, ⟦Psa 49:15⟧ (followed by אַחֲרָיו); עֲרֵלִים יָָֽרְדוּ Ezek 32:24; foll…
H3381	7396	1Kin 6:32	—	2Kin 6:32	2Kir 6:32	mas_konyv_ervenyes_fejezettel	kezi	—	illesztheto (1/1)	a forrasbeli hely is letezik; a mas konyvbeli talalat mellett nincs eleg lanc/csoport-tamasz (E=0.22, lanc 0, a forrasbeli konyvben 0) es fuggetlen forras	…tc.; Imperfect3masculine singular וַיּוֺרֶד Judg 7:5 5t. (+ ⟦1Kin 6:32⟧ Klo, who reads וַיֹּרֶד for וַיָּרֶד, see רדד); suffix יוֺר…
H3381	9885	Ezekiel 26:30	—	—	—	vers_tullepes	kezi	31:16;32:18	illesztheto (1/1)	tobb egyenrangu jelolt: Ez 26:10, Ez 26:20, Ez 27:30	…ָה (object grey hair) Gen 42:38; 44:29, 31 (all J); compare ⟦Ezekiel 26:30⟧; Ezek 31:16; 32:18; followed by שַׁחַת לִבְאֵר Psalm 55:24; …
H3381	10650	1 Samuel 30:34	—	—	—	vers_tullepes	kezi	—	illesztheto (1/1)	tobb egyenrangu jelolt: 1Sám 30:14, 1Sám 30:24	… heads to the ground. Hoph`al Perfect הוּרַד Gen 39:1-2t. + ⟦1 Samuel 30:34⟧ Kt (Qr Qal Participle); וְהוּרַד consecutive Zech 10:11; 2m…
H3384	3073	Isa 30:20	—	Job 30:20	Jób 30:20	mas_konyv_ervenyes_fejezettel	kezi	—	—	a forrasbeli hely is letezik; a mas konyvbeli talalat mellett nincs eleg lanc/csoport-tamasz (E=0.08, lanc 0, a forrasbeli konyvben 0) es fuggetlen forras	…l מוֺרִים 1Sam 31:3 2t.; suffix מוֺרָ֑י Prov 5:13; מוֺרֶיךָ ⟦Isa 30:20⟧ (twice in verse); — 1 throw, cast, with ל, into the mire Jo…
H3426	3475	Psalm 14:22	—	—	—	vers_tullepes	kezi	14:2	illesztheto (1/1)	tobb egyenrangu jelolt: Jer 14:22, Zsolt 14:2	…is (emphatic) a man doing justice, etc. (compare Psa 14:2), ⟦Psalm 14:22⟧; Isa 44:8 אלהים הישׁ is there a god beside me? Psa 7:4 בכפי …
H3427	6724	Jeremiah 21:23	—	—	—	vers_tullepes	kezi	48:19	illesztheto (1/1)	tobb egyenrangu jelolt: Bír 21:23, Jer 21:13, Jer 22:23, Jer 31:23, Jer 51:23	… 15; צִיּוֺן יוֺשֶׁבֶת Isa 12:6; Jer 51:35; similarly 10:17; ⟦Jeremiah 21:23⟧; 48:19 (compare Lam 4:21) Zech 2:11; with בת in app. (Da^§2…
H3427	7444	Jeremiah 34:23	—	2Chr 34:23	2Krón 34:23	vers_tullepes	kezi	44:22;46:19;51:29;4:7;26:9;33:10	illesztheto (1/1)	a lancolt/csoportbeli helyek kozul 1/6 is ebben a konyvben igazolt (a forrasbeli konyvben 6); a Strong-proba nem szelektiv (a szo egy veletlen 3 verses ablakban 13% esellyel all; a veletlen talalat varhato szama 22 jelolt hely kozott 0.35), fuggetlen forras nincs	…nhabitants), ישׁב מֵאֵין Isa 5:9; 6:4; Jer 4:7; 26:9; 33:10; ⟦Jeremiah 34:23⟧; 44:22; 46:19; 51:29, 37; Zeph 2:5; 3:6; בָּהֶן יוֺשֵׁב מֵאֵ…
H3462	667	12:14	—	—	—	lanc_lehetetlen	kezi	—	—	konyv nelkuli, lancolt igehely: az orokolt konyvben (Zsolt, a 'Psa 44:24' token utan) a vers nem letezik; a gepi csere csak konyvjelolt tokent cserel	… of אֲדֹנָי תִישַׁן לָמָּה עוּרָה ׳י, Psa 44:24; יִישָׁ֑ן לֹא ⟦12:14⟧ (|| נוּם); with accusative of congnate meaning with verb ׳י…
H3465	323	22:11	—	—	—	lanc_lehetetlen	kezi	—	—	konyv nelkuli, lancolt igehely: az orokolt konyvben (Én, a 'Cant 7:14' token utan) a fejezet nem letezik; a gepi csere csak konyvjelolt tokent cserel	…2t.; plural יְשָׁנִים Cant 7:14; — old: הַיְשָׁנָה הַבְּרֵכָה ⟦22:11⟧; הַיְשָׁנָה שַׁעַר Neh 3:6; so 12:39; of choice fruits, Cant …
H3467	5047	Jer 36:29	—	Ezek 36:29	Ez 36:29	mas_konyv_ervenyes_fejezettel	kezi	—	illesztheto (1/1)	a forrasbeli hely is letezik; a mas konyvbeli talalat mellett nincs eleg lanc/csoport-tamasz (E=0.10, lanc 0, a forrasbeli konyvben 0) es fuggetlen forras	…nd others, מְשׁוּבוֺתֵיהֶם) Ezek 37:23; טֻמְאוֺתֵיכֶם מִכֹּל ⟦Jer 36:29⟧. 3 give victory to: a. of man, with לְ person, give victory…
H3478	2001	1Ki 24:7	—	—	—	psi_maradek	kezi	24:10	illesztheto (1/1)	N-F34 maradek sora; tobb egyenrangu jelolt: 3Móz 24:7, 2Krón 24:7	…19, then usually of Northern kingdom, till its fall, 12:28; ⟦1Ki 24:7⟧; 1Ki 24:10 + very often Kings, Amos 1:1; 2:6; 3:14 +, Hosea…
H3478	2011	1Ki 24:10	—	—	—	psi_maradek	kezi	24:7	illesztheto (1/1)	N-F34 maradek sora; tobb egyenrangu jelolt: 3Móz 24:10, 2Krón 24:10	…sually of Northern kingdom, till its fall, 12:28; 1Ki 24:7; ⟦1Ki 24:10⟧ + very often Kings, Amos 1:1; 2:6; 3:14 +, Hosea 1:5; 4:15 …
H3489	445	Job 4:21	—	Judg 4:21	Bír 4:21	mas_konyv_ervenyes_fejezettel	kezi	—	—	a forrasbeli hely is letezik; a mas konyvbeli talalat mellett nincs eleg lanc/csoport-tamasz (E=0.05, lanc 0, a forrasbeli konyvben 0) es fuggetlen forras	…-pin Judg 5:26; 4:21; הָאֹהֶל יְתַד 4:22; read perhaps also ⟦Job 4:21⟧ (figurative; compare II. יֶתֶר); often of tabernacle Exod 2…
H3498	1911	1 Chronicles 22:20	—	1Chr 24:20	1Krón 24:20	vers_tullepes	kezi	6:55;6:62	illesztheto (1/1)	a Strong-proba nem szelektiv (a szo egy veletlen 3 verses ablakban 1% esellyel all; a veletlen talalat varhato szama 28 jelolt hely kozott 0.36), fuggetlen forras nincs	…7:18; Josh 21:5, 26, 34 (all P), Jer 34:7; 1Chr 6:55; 6:62; ⟦1 Chronicles 22:20⟧; as substantive Judg 21:7, 16; 1Sam 30:9; Exod 28:10; 29:34…
H3498	2207	2Chr 18:4	—	1Chr 18:4	1Krón 18:4	mas_konyv_ervenyes_fejezettel	kezi	—	illesztheto (1/1)	a forrasbeli hely is letezik; a mas konyvbeli talalat mellett nincs eleg lanc/csoport-tamasz (E=0.23, lanc 0, a forrasbeli konyvben 0) es fuggetlen forras	… Deut 28:54; jussive יוֺתֵר Exod 16:19; וַיּוֺתֵר 2Sam 8:4; ⟦2Chr 18:4⟧; 3 feminine singular וַתֹּתַ֫ר Ruth 2:14; 2masculine singul…
H3499	935	Jer 36:9	—	2Chr 36:9	2Krón 36:9	mas_konyv_ervenyes_fejezettel	kezi	—	illesztheto (1/1)	a forrasbeli hely is letezik; a mas konyvbeli talalat mellett nincs eleg lanc/csoport-tamasz (E=0.10, lanc 0, a forrasbeli konyvben 0) es fuggetlen forras	… אֲשֶׁר הַקָּדֵשׁ יֶתֶר 1Kin 22:47; הַנִּשְׁאָרִים הָעָם יֶתֶר ⟦Jer 36:9⟧ (twice in verse); 2Kin 25:11 = Jer 52:15 . b. remainder, re…
H3518	208	Prov 21:18	—	2Sam 21:18	2Sám 21:18	mas_konyv_ervenyes_fejezettel	kezi	—	—	a forrasbeli hely is letezik; a mas konyvbeli talalat mellett nincs eleg lanc/csoport-tamasz (E=0.04, lanc 0, a forrasbeli konyvben 0) es fuggetlen forras	…rfect3plural כָּבוּ Isa 43:17; Imperfect יִכְבֶּה 1Sam 3:3; ⟦Prov 21:18⟧; 3feminine singular תִּכְבֶּה Lev 6:5 10t.; Infinitive cons…
H3547	145	28:41	—	—	—	lanc_lehetetlen	kezi	—	—	konyv nelkuli, lancolt igehely: az orokolt konyvben (1Krón, a '1 Chronicles 5:36' token utan) a vers nem letezik; a gepi csere csak konyvjelolt tokent cserel	…ן Exod 40:13; 1 Chronicles 5:36; 3masculine plural כִּהֲנוּ ⟦28:41⟧; 40:15; Imperfect3masculine singular יְכַהֵן Num 3:4 2t.; p…
H3547	152	40:15	—	—	—	lanc_lehetetlen	kezi	—	—	konyv nelkuli, lancolt igehely: az orokolt konyvben (1Krón, a '1 Chronicles 5:36' token utan) a fejezet nem letezik; a gepi csere csak konyvjelolt tokent cserel	…40:13; 1 Chronicles 5:36; 3masculine plural כִּהֲנוּ 28:41; ⟦40:15⟧; Imperfect3masculine singular יְכַהֵן Num 3:4 2t.; plural י…
H3559	6028	Job 39:41	—	—	—	vers_tullepes	kezi	—	illesztheto (1/1)	tobb egyenrangu jelolt: Jób 39:1, Jób 39:4, Jób 38:41	…29:7; Josh 4:4 (all J E), Job 27:16-17, food for (לְ) raven ⟦Job 39:41⟧, rain for (לְ) earth Psa 147:8; 1Chr 29:19; 2Chr 2:6; Psa 7…
H3559	5692	29:16	—	—	—	lanc_lehetetlen	kezi	—	van forditas	konyv nelkuli, lancolt igehely: az orokolt konyvben (1Kir, a '1 Kings 5:32' token utan) a fejezet nem letezik; a gepi csere csak konyvjelolt tokent cserel	…וֺת 28:2, with accusative material + לִבְנוֺת 1 Kings 5:32; ⟦29:16⟧; without לְ, make ready 1Sam 23:22; Nahum 2:4; Ezek 7:14 (r…
H3562	87	2Chr 31:12	—	—	—	osszeolvadt_alak	kezi	—	—	jelentesszam tapadt a szamozott konyvhoz (2Chr 31:12); a konyv nem hibas, a javitas szokoz-beszuras lenne -- konyvneven tuli OCR, nem e feladat hataskore	…֫הוּ Kt, כֳּנַנְיָ֫הוּ Qr, proper name, masculine Levites. 1⟦2Chr 31:12⟧-13, (see Baer's note). 22Chr 35:9. — ᵐ5 Ξωμενιας, Ξωνενιας,…
H3562	122	2Chr 35:9	—	—	—	osszeolvadt_alak	kezi	—	—	jelentesszam tapadt a szamozott konyvhoz (2Chr 35:9); a konyv nem hibas, a javitas szokoz-beszuras lenne -- konyvneven tuli OCR, nem e feladat hataskore	…ame, masculine Levites. 12Chr 31:12-13, (see Baer's note). 2⟦2Chr 35:9⟧. — ᵐ5 Ξωμενιας, Ξωνενιας, A Ξωχενιας. כֳּנַנְיָ֫הוּ Qr prop…
H3588	12152	Genesis 2:28	—	—	—	vers_tullepes	kezi	3:20;5:24;6:7	illesztheto (1/1)	tobb egyenrangu jelolt: 2Sám 2:28, Jer 2:28	…4:25 etc., in which case it may often be rendered for, 2:5; ⟦Genesis 2:28⟧; 3:20; 5:24; 6:7, 12, 13; Psa 6:3 heal me עֲצָמָ֑י נִבְהֲלו…
H3588	19991	1Ki 32:29	—	—	—	psi_maradek	kezi	17:15;8:19	illesztheto (1/1)	N-F34 maradek sora; tobb egyenrangu jelolt: 2Móz 32:29, 5Móz 32:29	…m thy own bowels, he shall be thy heir (compare 1Kin 8:19), ⟦1Ki 32:29⟧ thy name shall no more be called Jacob אִםיִֿשְׂרָאֵל כִּי b…
H3588	20098	1Ki 47:18	—	Gen 47:18	1Móz 47:18	fejezet_tullepes	kezi	—	illesztheto (1/1)	N-F34 maradek sora; a Strong-proba nem szelektiv (a szo egy veletlen 3 verses ablakban 51% esellyel all; a veletlen talalat varhato szama 2 jelolt hely kozott 1.01), fuggetlen forras nincs	…b אִםיִֿשְׂרָאֵל כִּי but Israel (compare כִּי alone 17:15), ⟦1Ki 47:18⟧ we will not hide it from my lord, but the money . . . is al…
H3603	1249	2Kin 9:14	—	—	—	mas_konyv_ervenyes_fejezettel	kezi	—	—	tobb egyenrangu jelolt: 1Kir 9:14, 2Krón 9:14	…, talent, usually of gold or silver: — זָהָבּ׳כ 2Sam 12:30; ⟦2Kin 9:14⟧ 18t.; ׳כ כֶּסֶף 1Kin 20:39; 2Kin 5:5 21t.; but also of iron…
H3605	10046	2 Chron 21:43	—	Josh 21:43	Józs 21:43	vers_tullepes	kezi	23:14;12:9	illesztheto (1/1)	a lancolt/csoportbeli helyek kozul 1/2 is ebben a konyvben igazolt (a forrasbeli konyvben 2); a Strong-proba nem szelektiv (a szo egy veletlen 3 verses ablakban 55% esellyel all; a veletlen talalat varhato szama 4 jelolt hely kozott 1.20), fuggetlen forras nincs	…ינו, Josh 11:19 (compare 2Sam 19:31; 1Kin 14:26 2Chr 12:9), ⟦2 Chron 21:43⟧ בָּא הַכֹּל (compare 23:14), 1Sam 30:19 דוד השׁיב הַכֹּל, 2S…
H3605	11026	1Chron 119:21	—	Psa 119:21	Zsolt 119:21	fejezet_tullepes	kezi	29:12	illesztheto (1/1)	a Strong-proba nem szelektiv (a szo egy veletlen 3 verses ablakban 55% esellyel all; a veletlen talalat varhato szama 1 jelolt hely kozott 0.55), fuggetlen forras nincs	… 51:19 הוא הַכֹּל יוצר כי, Psa 103:19 (compare 1Chr 29:12), ⟦1Chron 119:21⟧ עֲבָדֶיךָ הַכֹּל, 1Chron 145:9 י ׳טוֺב לַכֹּל, 29:12, 14, 1…
H3605	11058	1Chron 145:9	—	Psa 145:9	Zsolt 145:9	fejezet_tullepes	kezi	29:12	illesztheto (1/1)	a Strong-proba nem szelektiv (a szo egy veletlen 3 verses ablakban 55% esellyel all; a veletlen talalat varhato szama 1 jelolt hely kozott 0.55), fuggetlen forras nincs	…03:19 (compare 1Chr 29:12), 1Chron 119:21 עֲבָדֶיךָ הַכֹּל, ⟦1Chron 145:9⟧ י ׳טוֺב לַכֹּל, 29:12, 14, 16; Dan 11:2, and especially in …
H3639	1351	Ezekiel 34:39	—	—	—	vers_tullepes	kezi	36:6;36:15	—	tobb egyenrangu jelolt: Ez 34:29, Ez 34:30	…fend); הַגּוֺיִם כְּלִמַּת נאשׂ, i.e. caused by the nations, ⟦Ezekiel 34:39⟧; 36:6; also 36:15 (|| עַמִּים חֶרְמַּת), probably also Psa …
H3651	7815	Isa 51:6	—	Jer 51:6	Jer 51:6	mas_konyv_ervenyes_fejezettel	kezi	—	illesztheto (1/1)	a forrasbeli hely is letezik; a mas konyvbeli talalat mellett nincs eleg lanc/csoport-tamasz (E=0.19, lanc 0, a forrasbeli konyvben 0) es fuggetlen forras	… אָז; e.g. Exod 15:1; Syr^Jerusalem = τότε). c. כֵּןכְּמוֺֿ ⟦Isa 51:6⟧, according to some, like so, i.e. (Vrss Rabb) in like manne…
H3651	10353	Psalm 1:8	—	—	—	vers_tullepes	kezi	110:7	illesztheto (1/1)	tobb egyenrangu jelolt: 1Móz 1:8, Bír 1:8, 1Sám 1:8, Eszt 1:8, JSir 1:8, Zsolt 1:3, Zsolt 1:4, Zsolt 1:5	…, Psa 1:5; 42:7; 45:3 c (the poet's inference from v^a. b), ⟦Psalm 1:8⟧; 110:7; Job 6:3; 9:22; 17:4; 20:21 etc., Song 1:3; and regu…
H3669	2085	Hosea 12:8	—	Josh 12:8	Józs 12:8	mas_konyv_ervenyes_fejezettel	kezi	—	—	a forrasbeli hely is letezik; a mas konyvbeli talalat mellett nincs eleg lanc/csoport-tamasz (E=0.20, lanc 0, a forrasbeli konyvben 0) es fuggetlen forras	…ῖοι, Ξαναανῖτιν, Sta^ZAW, 1881. 26 (who compare as to sense ⟦Hosea 12:8⟧), compare Klo We Marti.
H3672	721	1 Kings 11:67	—	—	—	vers_tullepes	kezi	—	—	nincs olyan konyv/vers, ahol a hely letezik es a Strong-proba vagy a fuggetlen forras igazolna	…ר גְּנֵיסַר, גִּינֵסַר,, compare τὸ ὕδωρ τοῦ Γεννησαρ1Makk. ⟦1 Kings 11:67⟧; Γεννησαρετ Mark 6:53; Matt 14:34; Luke 5:1; etymological c…
H3691	330	Nehemiah 1:54	—	—	—	vers_tullepes	kezi	—	—	nincs olyan konyv/vers, ahol a hely letezik es a Strong-proba vagy a fuggetlen forras igazolna	…5, Anm. 2; Palmyrene כסלול Vog^No. 24; Greek χασελευ I Makk ⟦Nehemiah 1:54⟧).
H3709	387	Job 13:31	—	—	—	vers_tullepes	kezi	—	illesztheto (1/1)	tobb egyenrangu jelolt: Jób 13:13, Jób 13:21	…struct כַּף Gen 40:11 +; suffix כַּמִּי Judg 12:3, כַּמְּךָ ⟦Job 13:31⟧, etc.; in Ezek 29:7 read כַּף Qr for כפך Kt (so Ew Hi Sm Co…
H3715	828	38:13	—	—	—	lanc_lehetetlen	kezi	—	—	konyv nelkuli, lancolt igehely: az orokolt konyvben (Náh, a 'Nahum 2:14' token utan) a fejezet nem letezik; a gepi csere csak konyvjelolt tokent cserel	… Jer 2:15; ׳כ גוים Ezek 32:2, of young warriors Nahum 2:14; ⟦38:13⟧ (?; see Co above); righteous compared with, Prov 28:1; king…
H3742	3602	Isa 6:2	—	2Sam 6:2	2Sám 6:2	mas_konyv_ervenyes_fejezettel	kezi	—	—	a forrasbeli hely is letezik; a mas konyvbeli talalat mellett nincs eleg lanc/csoport-tamasz (E=0.24, lanc 0, a forrasbeli konyvben 0) es fuggetlen forras	…compare Ezek 41:18-25). It is probable that the שְׂרָפִים of ⟦Isa 6:2⟧;-6 are another form of the cherubim. The Apocalypse of the …
H3789	714	Psalm 87:8	—	—	—	vers_tullepes	kezi	—	illesztheto (1/1)	tobb egyenrangu jelolt: Zsolt 87:5, Zsolt 87:6, Zsolt 87:7	…9 3t .; Infinitive absolute כָּתוֺכ Jer 32:44; cstr כְּתוֺב ⟦Psalm 87:8⟧, לִכְתֹּב Deut 31:24; Josh 18:8; suffix כָּתְבוֺ Jer 45:1; …
H3789	2185	Jeremiah 38:29	—	Jer 36:29	Jer 36:29	vers_tullepes	kezi	36:2;36:28;36:32	illesztheto (1/1)	a Strong-proba nem szelektiv (a szo egy veletlen 3 verses ablakban 3% esellyel all; a veletlen talalat varhato szama 19 jelolt hely kozott 0.52), fuggetlen forras nincs	… Kings Chronicles; ׳כ עַלמְֿגִּלָּה Jer 36:2; 36:28; 36:32; ⟦Jeremiah 38:29⟧; ׳כ עַללֿוּח(ותׅ Exod 34:1 7t., עַלאֶֿבֶן Deut 27:3 2t., עַ…
H3808	3199	Genesis 29:49	—	—	—	vers_tullepes	kezi	42:16	illesztheto (1/1)	tobb egyenrangu jelolt: 1Móz 29:9, 1Móz 24:49	…g alone: (a) אִםלֹֿא if not, Gen 18:21 אֵדָֽעָה׃ וְאִםלֹֿא, ⟦Genesis 29:49⟧; 42:16; Job 9:24; 24:25; (β) הֲאִ֗֗֗םלֿא, or not, Gen 24:21…
H3808	10624	Genesis 13:19	—	Deut 13:19	5Móz 13:19	vers_tullepes	kezi	19:20;20:5;27:36;29:25	illesztheto (1/1)	a lancolt/csoportbeli helyek kozul 3/4 is ebben a konyvben igazolt (a forrasbeli konyvben 4); a Strong-proba nem szelektiv (a szo egy veletlen 3 verses ablakban 51% esellyel all; a veletlen talalat varhato szama 42 jelolt hely kozott 2.87), fuggetlen forras nincs	…the interest of the person addressed, or to win his assent: ⟦Genesis 13:19⟧ Is not the whole land before thee ? 19:20; 20:5; 27:36; 29:…
H3808	11357	2Sam 26:1	—	—	—	psi_maradek	kezi	15:35;11:3;23:19	illesztheto (1/1)	N-F34 maradek sora; tobb egyenrangu jelolt: 1Sám 26:1, Péld 26:1	… 21:12 וג דוד ׳זה הלוא (compare 29:3, 5; 2Sam 11:3), 23:19; ⟦2Sam 26:1⟧; 15:35; it is thus nearly = הִנֵּה (ᵐ5 sometimes represents…
H3820	3282	1 Samuel 24:25	—	—	—	vers_tullepes	kezi	—	illesztheto (1/1)	tobb egyenrangu jelolt: 1Sám 24:5, 1Sám 25:25	…ְ 1Sam 9:20; 2Sam 13:20; Ezek 40:4; 44:5; אֶל Exod 9:21 (J) ⟦1 Samuel 24:25⟧; 2Sam 18:3 (twice in verse); Job 2:3; 34:14; עַל 1:8; לב שׁת…
H3820	7457	Psalm 24:17	—	Prov 24:17	Péld 24:17	vers_tullepes	kezi	13:6	illesztheto (1/1)	a Strong-proba nem szelektiv (a szo egy veletlen 3 verses ablakban 7% esellyel all; a veletlen talalat varhato szama 24 jelolt hely kozott 1.76), fuggetlen forras nincs	… 2:1; עלז Psa 28:7; Zeph 3:14; רנן Job 29:13; גיל Psa 13:6; ⟦Psalm 24:17⟧; Zech 10:7; of desire, Psa 21:3; 37:4; לֵב עַל דבּר speak u…
H3822	919	14:23	—	—	—	lanc_lehetetlen	kezi	—	—	konyv nelkuli, lancolt igehely: az orokolt konyvben (Józs, a 'Josh 15:32' token utan) a vers nem letezik; a gepi csere csak konyvjelolt tokent cserel	… Isa^3, Lamentations and exilic Psalms use לֵב. 5 Isaiah 13-⟦14:23⟧; Jeremiah 50-51, Haggai, Zechariah 1-8, Joshua, Jonah, Psal…
H3836	290	Joel 1:7	—	Zech 1:7	Zak 1:7	mas_konyv_ervenyes_fejezettel	kezi	—	—	a forrasbeli hely is letezik; a mas konyvbeli talalat mellett nincs eleg lanc/csoport-tamasz (E=0.11, lanc 0, a forrasbeli konyvben 0) es fuggetlen forras	…— white, of wood under bark 30:37 (twice in verse) (compare ⟦Joel 1:7⟧); of spots on goats Joel 1:35 (all J); of manna Exod 16:31 …
H3836	319	Joel 1:35	—	—	—	vers_tullepes	kezi	—	—	nincs olyan konyv/vers, ahol a hely letezik es a Strong-proba vagy a fuggetlen forras igazolna	…0:37 (twice in verse) (compare Joel 1:7); of spots on goats ⟦Joel 1:35⟧ (all J); of manna Exod 16:31 (P); garments Eccl 9:8 (sign o…
H3847	3901	1Sam 1:24	—	2Sam 1:24	2Sám 1:24	mas_konyv_ervenyes_fejezettel	kezi	—	illesztheto (1/1)	a forrasbeli hely is letezik; a mas konyvbeli talalat mellett nincs eleg lanc/csoport-tamasz (E=0.13, lanc 0, a forrasbeli konyvben 0) es fuggetlen forras	…struct הַלְבִּישׁ Est 4:4; Participle suffix הַמַּלְבִּשְׁכֶם ⟦1Sam 1:24⟧; — clothe, array with. 1 usually with 2 accusative, a. lite…
H3881	2886	1Chron 34:9	—	2Chr 34:9	2Krón 34:9	fejezet_tullepes	kezi	15:16;9:26;26:17	illesztheto (1/1)	a Strong-proba nem szelektiv (a szo egy veletlen 3 verses ablakban 4% esellyel all; a veletlen talalat varhato szama 10 jelolt hely kozott 0.36), fuggetlen forras nincs	… 48:11-12, 13, 22. b. as porters, 1Chr 9:26; 26:17, compare ⟦1Chron 34:9⟧; as in charge of music, 15:16-17, 22; 2Chr 5:12; 29:25, 30;…
H3895	209	15:15	—	—	—	lanc_lehetetlen	kezi	—	—	konyv nelkuli, lancolt igehely: az orokolt konyvben (Mik, a 'Micah 4:14' token utan) a fejezet nem letezik; a gepi csere csak konyvjelolt tokent cserel	…but = — ?); — ׳ל absolute Judg 15:17; Micah 4:14; construct ⟦15:15⟧ 2t.; לֶ֑חִי 1Kin 22:24 3t. + Judg 15:19 (twice in verse); s…
H3896	386	2Sam 31:2	—	—	—	psi_maradek	kezi	—	—	N-F34 maradek sora; nincs olyan konyv/vers, ahol a hely letezik es a Strong-proba vagy a fuggetlen forras igazolna	…here read לֶחְיָה to Lehi, for לַחַיָּה, see II. חַיָּה, p. ⟦2Sam 31:2⟧above; (ᵐ5 θηρία; ᵐ5^L σιαγόνα). It must have lain in the Sh…
H3898	1935	Judges 1:52	—	—	—	vers_tullepes	kezi	—	illesztheto (1/1)	tobb egyenrangu jelolt: Bír 1:2, Bír 1:5, Bír 9:52	… 29; Isa 20:1; Josh 10:31 (D), 1Kin 20:1; Neh 4:2; of tower ⟦Judges 1:52⟧; followed by בְּאַרְצִי Judg 11:12; also with עִם of enemy …
H3915	3222	Psalm 16:17	—	Psa 16:7	Zsolt 16:7	vers_tullepes	kezi	—	illesztheto (1/1)	a Strong-proba nem szelektiv (a szo egy veletlen 3 verses ablakban 3% esellyel all; a veletlen talalat varhato szama 22 jelolt hely kozott 0.63), fuggetlen forras nincs	…t and day 1Kin 8:29; Isa 27:3; Est 4:16; less often לֵילוֺת ⟦Psalm 16:17⟧; ׳הַלּ by night 2Kin 25:4 (׳ל in || Jer 52:7), Zech 1:8; Ne…
H3940	905	Job 12:5	—	Zech 12:5	Zak 12:5	mas_konyv_ervenyes_fejezettel	kezi	—	—	a forrasbeli hely is letezik; a mas konyvbeli talalat mellett nincs eleg lanc/csoport-tamasz (E=0.04, lanc 0, a forrasbeli konyvben 0) es fuggetlen forras	…Zion's glorious deliverance Isa 62:1 (|| נֹגַהּ). — לַמִּיד ⟦Job 12:5⟧ see below מִּיד.
H3947	4156	Genesis 16:21	—	Ezek 16:21	Ez 16:21	vers_tullepes	kezi	45:19;6:21;12:19	illesztheto (1/1)	a lancolt/csoportbeli helyek kozul 1/3 is ebben a konyvben igazolt (a forrasbeli konyvben 3); a Strong-proba nem szelektiv (a szo egy veletlen 3 verses ablakban 12% esellyel all; a veletlen talalat varhato szama 29 jelolt hely kozott 0.40), fuggetlen forras nincs	…hame; so often, especially לְךָ קַח, etc., Gen 6:21; 12:19; ⟦Genesis 16:21⟧; 45:19 +; without לְ, Neh 5:2 let us procure corn, and eat …
H3956	2336	39:2	—	—	—	lanc_lehetetlen	kezi	—	van forditas	konyv nelkuli, lancolt igehely: az orokolt konyvben (Péld, a 'Proverbs 25:33' token utan) a fejezet nem letezik; a token javaslata (Péld) sem oldja meg; a gepi csere csak konyvjelolt tokent cserel	… אִישׁ140:12, compare ׳לְ סָ֑תֶר Proverbs 25:33; בְּל ׳חָטָא ⟦39:2⟧; compare 64:9 (text dubious, see Hup Che Bae); moral qualit…
H3956	2350	64:9	—	—	—	lanc_lehetetlen	kezi	—	van forditas	konyv nelkuli, lancolt igehely: az orokolt konyvben (Péld, a 'Proverbs 25:33' token utan) a fejezet nem letezik; a token javaslata (Péld) sem oldja meg; a gepi csere csak konyvjelolt tokent cserel	…ompare ׳לְ סָ֑תֶר Proverbs 25:33; בְּל ׳חָטָא 39:2; compare ⟦64:9⟧ (text dubious, see Hup Che Bae); moral qualities ascribed t…
H3956	2500	52:4	—	—	—	lanc_lehetetlen	kezi	—	van forditas	konyv nelkuli, lancolt igehely: az orokolt konyvben (Péld, a 'Proverbs 25:33' token utan) a fejezet nem letezik; a token javaslata (Péld) sem oldja meg; a gepi csere csak konyvjelolt tokent cserel	…pare 12:4 above); as devising injuries, ל תַּחְשֹׁב ׳הַוּוֺת ⟦52:4⟧, compare ׳לְ הַוֺת Prov 17:4; ׳ל מִרְמָה תַּצְמִיד Psa 50:1…
H3988	1372	Exod 20:24	—	Ezek 20:24	Ez 20:24	mas_konyv_ervenyes_fejezettel	kezi	—	—	a forrasbeli hely is letezik; a mas konyvbeli talalat mellett nincs eleg lanc/csoport-tamasz (E=0.09, lanc 0, a forrasbeli konyvben 0) es fuggetlen forras	…6, divine תורה Amos 2:4; Isa 5:24; דבר 1Sam 15:23, 26, חקות ⟦Exod 20:24⟧, חקים2Kin 17:15; מוסר Job 5:17; Prov 3:11; variant reading …
H4022	315	33:13	—	—	—	lanc_lehetetlen	kezi	—	—	konyv nelkuli, lancolt igehely: az orokolt konyvben (Én, a 'Cant 4:16' token utan) a fejezet nem letezik; a gepi csere csak konyvjelolt tokent cserel	…ent or choice things; always of gifts of nature: ׳מ שָׁמַיִם ⟦33:13⟧ i.e. (natural) gifts of heaven; ׳מ שֶׁמֶשׁ תְּבוּאֹת 33:14; ׳…
H4022	372	33:14	—	—	—	lanc_lehetetlen	kezi	—	—	konyv nelkuli, lancolt igehely: az orokolt konyvben (Én, a 'Cant 4:16' token utan) a fejezet nem letezik; a gepi csere csak konyvjelolt tokent cserel	…ִם 33:13 i.e. (natural) gifts of heaven; ׳מ שֶׁמֶשׁ תְּבוּאֹת ⟦33:14⟧; ׳מ יְרָחִים גֶּרֶשׁ 33:14; ׳מ עוֺלָם גִּבְעוֺת 33:15 (|| קֶ…
H4022	398	33:14	—	—	—	lanc_lehetetlen	kezi	—	—	konyv nelkuli, lancolt igehely: az orokolt konyvben (Én, a 'Cant 4:16' token utan) a fejezet nem letezik; a gepi csere csak konyvjelolt tokent cserel	…fts of heaven; ׳מ שֶׁמֶשׁ תְּבוּאֹת 33:14; ׳מ יְרָחִים גֶּרֶשׁ ⟦33:14⟧; ׳מ עוֺלָם גִּבְעוֺת 33:15 (|| קֶדֶם הַרֲרֵי ראֹשׁ); ׳מ וּמְ…
H4022	425	33:15	—	—	—	lanc_lehetetlen	kezi	—	—	konyv nelkuli, lancolt igehely: az orokolt konyvben (Én, a 'Cant 4:16' token utan) a fejezet nem letezik; a gepi csere csak konyvjelolt tokent cserel	…בוּאֹת 33:14; ׳מ יְרָחִים גֶּרֶשׁ 33:14; ׳מ עוֺלָם גִּבְעוֺת ⟦33:15⟧ (|| קֶדֶם הַרֲרֵי ראֹשׁ); ׳מ וּמְלֹאָהּ אֶרֶץ; plural abstra…
H4069	32	Exod 18:19	—	Ezek 18:19	Ez 18:19	mas_konyv_ervenyes_fejezettel	kezi	—	—	a forrasbeli hely is letezik; a mas konyvbeli talalat mellett nincs eleg lanc/csoport-tamasz (E=0.15, lanc 0, a forrasbeli konyvben 0) es fuggetlen forras	H4069. maddua מַדּוּעַ_61 and :(⟦Exod 18:19⟧) מַדֻּעַ adverb wherefore? (probably contracted from מַהיָּ…
H4100	799	Amos 4:14	—	—	—	vers_tullepes	kezi	—	illesztheto (1/1)	tobb egyenrangu jelolt: 1Sám 4:14, 2Kir 4:14, Zak 4:14, Ámós 4:12, Ámós 4:13	… 5:6; אלה מה 1:9; רֹאֶה אַתָּה מָה Jer 1:11; Amos 7:8 +; Jl ⟦Amos 4:14⟧ לי אתם מה; Judg 18:8 אתם מה see Commentaries, 18:24 עוד לי …
H4100	8522	Job 13:29	—	—	—	vers_tullepes	kezi	—	illesztheto (1/1)	tobb egyenrangu jelolt: Jób 13:22, Jób 13:23, Jób 13:24, Jób 13:25, Jób 19:29	… I will run, 18:23 (compare Job 13:13 מָה עָלַי וְיַעֲבֹר), ⟦Job 13:29⟧ מָה יָדַעְתִּי וְלֹא (compare Prov 9:13), 25:8. compare Kö^…
H4100	10040	Judg 33:15	—	—	—	psi_maradek	kezi	—	illesztheto (1/1)	N-F34 maradek sora; tobb egyenrangu jelolt: 1Móz 33:15, 2Móz 33:15	…זֶה (זֶה 4e), 18:13; 32:30 (= Judg 13:18) לשׁמי תשׁאל זה למה, ⟦Judg 33:15⟧; Exod 2:20; 5:22; 17:3, etc., Jer 6:20; 20:18 +; Gen 25:22 …
H4103	718	1Sam 22:5	—	—	—	mas_konyv_ervenyes_fejezettel	kezi	—	—	tobb egyenrangu jelolt: Ézs 22:5, Ez 22:5	… הום q. v.), 28:20 (|| מִגְעֶרֶת מְאֵרָה,); compare מ ׳יוֺם ⟦1Sam 22:5⟧ (|| מְבוּכָה מְבוּסָה,) a day of discomfiture & down-treadi…
H4116	2816	Judg 2:17	—	Exod 2:17	2Móz 2:17	mas_konyv_ervenyes_fejezettel	kezi	—	—	a forrasbeli hely is letezik; a mas konyvbeli talalat mellett nincs eleg lanc/csoport-tamasz (E=0.23, lanc 0, a forrasbeli konyvben 0) es fuggetlen forras	…4, 22; 9:3, 12 (twice in verse); 9:16; 28:20; Josh 2:5 (J), ⟦Judg 2:17⟧, 23; Prov 25:8 (on Psa 69:18; 79:8; 102:3; 143:7, where ׳מ …
H4148	1118	Ezekiel 8:23	—	—	—	vers_tullepes	kezi	19:27;10:17;12:1;4:13;5:12;13:18	—	nincs olyan konyv/vers, ahol a hely letezik es a Strong-proba vagy a fuggetlen forras igazolna	…zekiel 24:32 (compare Jeremiah above); ׳מ קנה 23:23; מ ׳שׁמע ⟦Ezekiel 8:23⟧; Ezekiel 19:27; מ ׳שׁמר 10:17; מ ׳אהב 12:1; במ ׳החזק 4:13; t…
H4161	1297	2Chr 33:2	—	Num 33:2	4Móz 33:2	mas_konyv_ervenyes_fejezettel	kezi	—	—	a forrasbeli hely is letezik; a mas konyvbeli talalat mellett nincs eleg lanc/csoport-tamasz (E=0.03, lanc 0, a forrasbeli konyvben 0) es fuggetlen forras	…ֺצָא2Chr 32:30. b. place of departure of Israel on marchNum ⟦2Chr 33:2⟧ (twice in verse) (P). c. מוֺצָא = east (place of sun's goin…
H4186	779	Genesis 10:39	—	—	—	vers_tullepes	kezi	27:39	—	tobb egyenrangu jelolt: 1Móz 10:29, 1Móz 10:30, 1Móz 10:31	…e tribe, etc., often= terriotory, district, or later, city; ⟦Genesis 10:39⟧; Gen 27:39 (both J), Exod 10:23 (E), Num 24:21 (JE), Gen 36…
H4186	913	Exod 34:13	—	Ezek 34:13	Ez 34:13	mas_konyv_ervenyes_fejezettel	kezi	—	—	a forrasbeli hely is letezik; a mas konyvbeli talalat mellett nincs eleg lanc/csoport-tamasz (E=0.04, lanc 0, a forrasbeli konyvben 0) es fuggetlen forras	…43 (P), Ezek 6:14; 48:15; 1Chr 4:33; 6:39; 7:28; ׳מ הָאָרֶץ ⟦Exod 34:13⟧ = habitable places of the land; distinct from city בְּמוֺשְׁ…
H4191	2348	Deut 17:2	—	Exod 17:2	2Móz 17:2	mas_konyv_ervenyes_fejezettel	kezi	18:20;19:12;22:22;24:7	illesztheto (1/1)	a lancolt/csoportbeli helyek kozul 1/4 is ebben a konyvben igazolt (a forrasbeli konyvben 4); a forrasbeli hely is letezik; a mas konyvbeli talalat mellett nincs eleg lanc/csoport-tamasz (E=0.15, lanc 1, a forrasbeli konyvben 4) es fuggetlen forras	…0:20 (H), Num 35:12, 30 (twice in verse) (P), especially D, ⟦Deut 17:2⟧, 6; 18:20; 19:12; 22:22, 25; 24:7; Judg 6:30; 1Sam 14:43, 4…
H4191	3249	Genesis 20:19	—	—	—	vers_tullepes	kezi	20:3	illesztheto (1/1)	tobb egyenrangu jelolt: 3Móz 20:19, 2Sám 20:19	…גֹּאֵל בְּיַד Josh 20:9 (P). b. inflicted by God, Gen 20:3; ⟦Genesis 20:19⟧; Josh 10:11 (E), Gen 3:3; 38:11; Exod 11:5; 12:36 (J), 28:3…
H4191	5761	Joshua 17:50	—	1Sam 17:50	1Sám 17:50	vers_tullepes	kezi	10:26;11:17	illesztheto (1/1)	a Strong-proba nem szelektiv (a szo egy veletlen 3 verses ablakban 9% esellyel all; a veletlen talalat varhato szama 5 jelolt hely kozott 0.45), fuggetlen forras nincs	… or in war, often preceded by הכּה smite Josh 10:26; 11:17; ⟦Joshua 17:50⟧ +; of destroying a city 2Sam 20:19 (|| השׁחית 20:20). b. by …
H4196	4539	Judg 22:28	—	Josh 22:28	Józs 22:28	fejezet_tullepes	kezi	—	illesztheto (1/1)	N-F34 maradek sora; a Strong-proba nem szelektiv (a szo egy veletlen 3 verses ablakban 4% esellyel all; a veletlen talalat varhato szama 12 jelolt hely kozott 0.52), fuggetlen forras nincs	…ge, prepare; עָשָׂה Gen 35:1, 3; Exod 20:24 (E) Gen 13:4 (J) ⟦Judg 22:28⟧; 1Kin 12:33; 18:26; this becomes usual in P, Exod 27:1; 30:…
H4229	2038	109:14	—	—	—	lanc_lehetetlen	kezi	—	—	konyv nelkuli, lancolt igehely: az orokolt konyvben (Neh, a 'Nehemiah 3:37' token utan) a fejezet nem letezik; a gepi csere csak konyvjelolt tokent cserel	… posterity) Psa 109:13; from memory, of sins Nehemiah 3:37; ⟦109:14⟧; reproach, Prov 6:33. 3 be exterminated, מִןהָֿאָרֶץ Gen 7:…
H4246	366	15:20	—	—	—	lanc_lehetetlen	kezi	—	—	konyv nelkuli, lancolt igehely: az orokolt konyvben (Én, a 'Cant 7:1' token utan) a fejezet nem letezik; a gepi csere csak konyvjelolt tokent cserel	…); as graceful and beautiful Cant 7:1; accompare by timbrel ⟦15:20⟧; Judg 11:34, and by singing Exod 15:20; 1Sam 18:6 (where ho…
H4306	1265	Psa 28:3	—	Prov 28:3	Péld 28:3	mas_konyv_ervenyes_fejezettel	kezi	—	—	a forrasbeli hely is letezik; a mas konyvbeli talalat mellett nincs eleg lanc/csoport-tamasz (E=0.06, lanc 0, a forrasbeli konyvben 0) es fuggetlen forras	… Psa 72:6 (|| רְבִיבִים), compare 2Sam 23:4; as destructive ⟦Psa 28:3⟧ סֹחֵף מָטָר); also figurative, Isa 4:6 (|| זֶרֶם).
H4310	5248	Job 35:25	—	Job 38:25	Jób 38:25	vers_tullepes	kezi	38:5;35:6	illesztheto (1/1)	a Strong-proba nem szelektiv (a szo egy veletlen 3 verses ablakban 4% esellyel all; a veletlen talalat varhato szama 18 jelolt hely kozott 0.80), fuggetlen forras nincs	…he answer, no one but God, Isa 40:12; 41:2; Job 38:5; 35:6; ⟦Job 35:25⟧, etc.; defiantly, Isa 50:9 יַרְשִׁיעֵנִי הוּא מִי, Jer 21:13…
H4317	414	2Chr 21:2	—	—	—	osszeolvadt_alak	kezi	—	—	jelentesszam tapadt a szamozott konyvhoz (2Chr 21:2); a konyv nem hibas, a javitas szokoz-beszuras lenne -- konyvneven tuli OCR, nem e feladat hataskore	…6:25. 5 1Chr 7:3. 6 1Chr 8:16. 7 1Chr 12:21. 8 1Chr 27:18. 9⟦2Chr 21:2⟧. 10 Ezra 8:8. 11 the 'prince,' or patron-angel, of Israel, …
H4318	411	2Chr 18:14	2Krón	—	—	osszeolvadt_alak	kezi	—	—	jelentesszam tapadt a szamozott konyvhoz (2Chr 18:14); a konyv nem hibas, a javitas szokoz-beszuras lenne -- konyvneven tuli OCR, nem e feladat hataskore	…2Sam 9:12. 5 2Sam 23:20 (ᵐ5 Μειχας), 24:24-25, (ᵐ5 Μειχα). 6⟦2Chr 18:14⟧ ( = מִיכָֽיְהוּ 2). 72Chr 34:20 (|| 2Kin 22:12 מִיכָיָה).
H4318	443	2Chr 34:20	2Krón	—	—	osszeolvadt_alak	kezi	—	—	jelentesszam tapadt a szamozott konyvhoz (2Chr 34:20); a konyv nem hibas, a javitas szokoz-beszuras lenne -- konyvneven tuli OCR, nem e feladat hataskore	…ας), 24:24-25, (ᵐ5 Μειχα). 62Chr 18:14 ( = מִיכָֽיְהוּ 2). 7⟦2Chr 34:20⟧ (|| 2Kin 22:12 מִיכָיָה).
H4325	1806	Leviticus 12:32	—	Lev 11:32	3Móz 11:32	vers_tullepes	kezi	12:34;15:17	illesztheto (1/1)	a Strong-proba nem szelektiv (a szo egy veletlen 3 verses ablakban 7% esellyel all; a veletlen talalat varhato szama 14 jelolt hely kozott 0.95), fuggetlen forras nincs	…15:5-6, + (P); (victims) 1:9, 13; 8:21 (P); (vessels) 6:21; ⟦Leviticus 12:32⟧; Leviticus 12:34 (P); (garments) 15:17; Num 19:8 (P); for c…
H4325	1823	Leviticus 12:34	—	Lev 11:34	3Móz 11:34	vers_tullepes	kezi	15:17;12:32	illesztheto (1/1)	a Strong-proba nem szelektiv (a szo egy veletlen 3 verses ablakban 7% esellyel all; a veletlen talalat varhato szama 10 jelolt hely kozott 0.68), fuggetlen forras nincs	…ictims) 1:9, 13; 8:21 (P); (vessels) 6:21; Leviticus 12:32; ⟦Leviticus 12:34⟧ (P); (garments) 15:17; Num 19:8 (P); for cooking Exod 12:9 …
H4325	2037	Numbers 19:31	—	—	—	vers_tullepes	kezi	31:23	illesztheto (1/1)	tobb egyenrangu jelolt: 4Móz 19:13, 4Móz 19:21	…מֵי) 19:9 (נִדָּה מֵי), compare 19:13; 19:18; 19:20; 19:21; ⟦Numbers 19:31⟧; 31:23 (twice in verse) (all P), Ezek 36:25 (figurative). b…
H4421	2320	Ezekiel 32:37	—	Ezek 32:27	Ez 32:27	vers_tullepes	kezi	—	illesztheto (1/1)	a Strong-proba nem szelektiv (a szo egy veletlen 3 verses ablakban 4% esellyel all; a veletlen talalat varhato szama 12 jelolt hely kozott 0.48), fuggetlen forras nincs	…is weapons of war 1Sam 8:12; Deut 1:41, compare Judg 18:16; ⟦Ezekiel 32:37⟧; הַמּ ׳דִּבְרֵי = the news of the battle 2Sam 11:18-19, + 1…
H4421	3283	Judg 22:35	—	—	—	psi_maradek	kezi	—	illesztheto (1/1)	N-F34 maradek sora; tobb egyenrangu jelolt: 2Sám 22:35, 1Kir 22:35	…ּ Judg 20:42 and the battle clung to them; הַמּ ׳וַתַּעֲלֶה ⟦Judg 22:35⟧ and the battle rose (high) = 2Chr 18:34; הַמּ ׳וַתִּטּשׁ 1Sa…
H4427	2196	2Ki 33:34	—	—	—	psi_maradek	kezi	—	illesztheto (1/1)	N-F34 maradek sora; nincs olyan konyv/vers, ahol a hely letezik es a Strong-proba vagy a fuggetlen forras igazolna	…:35 2t.; הִמְלַ֫כְתָּ 1Kin 3:7, etc.; Imperfect וַיַּמְלֵךְ ⟦2Ki 33:34⟧ 4t.; וַיַּמְלִיכוּ Judg 9:6 + etc.; Infinitive construct הַ…
H4428	3033	Eccl 15:26	—	1Kin 15:26	1Kir 15:26	fejezet_tullepes	kezi	1:1	illesztheto (1/1)	N-F34 maradek sora; a lancolt/csoportbeli helyek kozul 1/1 is ebben a konyvben igazolt (a forrasbeli konyvben 1); a Strong-proba nem szelektiv (a szo egy veletlen 3 verses ablakban 25% esellyel all; a veletlen talalat varhato szama 11 jelolt hely kozott 0.68), fuggetlen forras nincs	…9; 2Kin 11:12; 2Chr 23:11; בירושׁלם מֶלֶךְ Eccl 1:1, compare ⟦Eccl 15:26⟧; 2Sam 5:2; 1Kin 14:2; 1Chr 29:25; 2Sam 2:11 (מ עלהֿיה ׳בחבר…
H4480	16306	1 Samuel 24:28	—	Gen 24:28	1Móz 24:28	vers_tullepes	kezi	16:2	illesztheto (1/1)	a TAHOT-proba nem sikeres, a Macula (MT) igazolja; a lancolt/csoportbeli helyek kozul 1/1 is ebben a konyvben igazolt (a forrasbeli konyvben 1)	…7:8; 39:11 ֗֗֗ מן אישׁ a man (or one) of . . . (so Num 25:6; ⟦1 Samuel 24:28⟧ +, ֗֗֗ מן אנשׁים 16:2; Josh 2:2 +, 2Kin 2:7, etc.); Gen 42:1…
H4480	18480	Esther 6:23	—	2Chr 6:23	2Krón 6:23	vers_tullepes	kezi	6:10	illesztheto (1/1)	a lancolt/csoportbeli helyek kozul 1/1 is ebben a konyvben igazolt (a forrasbeli konyvben 1); a Strong-proba nem szelektiv (a szo egy veletlen 3 verses ablakban 75% esellyel all; a veletlen talalat varhato szama 20 jelolt hely kozott 11.20), fuggetlen forras nincs	…compare Josh 21:43; 23:14; 1Sam 3:19; 1Kin 8:56; Est 6:10), ⟦Esther 6:23⟧ י מֵעַבְדֵי ׳מֶּןיֶֿשׁמֹּֿה Job 27:6 מִיָּמָ֑י לְבָבִי יֶחֱר…
H4480	28602	1Ki 32:47	—	Deut 32:47	5Móz 32:47	fejezet_tullepes	kezi	19:7	illesztheto (1/1)	N-F34 maradek sora; a TAHOT-proba nem sikeres, a Macula (MT) igazolja; a lancolt/csoportbeli helyek kozul 1/1 is ebben a konyvben igazolt (a forrasbeli konyvben 1)	… מִמְּךָ יִרְבֶּה כִּי = is too great for thee (1Kin 19:7), ⟦1Ki 32:47⟧ מִכֶּם רֵק: so with עָצַם Gen 26:16, כָּבֵד be too heavy fo…
H4480	30917	1 Samuel 21:31	—	—	—	vers_tullepes	kezi	7:8	illesztheto (1/1)	tobb egyenrangu jelolt: 1Móz 21:31, Józs 21:31	…) מִתֵּת from giving = so that he will not give, Judg 6:27; ⟦1 Samuel 21:31⟧; 1Sam 7:8 do not be silent from us מִזְּעֹק so as not to ca…
H4481	1905	Daniel 6:30	—	—	—	vers_tullepes	kezi	7:20;4:13	illesztheto (1/1)	tobb egyenrangu jelolt: Dán 6:3, Dán 6:10, Dán 6:20, Dán 2:30, Dán 4:30; arameus szakasz: a heber Strong-proba itt nem szelektiv	… from Dan 7:3, 7, 19, 23, 24, beyond, more than 2:30; 2:39; ⟦Daniel 6:30⟧; 7:20 end; 4:13 יְשַׁנּוֺן מִןאֲֿנָשָׁא לִבְבֵהּ let his hear…
H4490	404	Dan 1:5	—	1Sam 1:5	1Sám 1:5	mas_konyv_ervenyes_fejezettel	kezi	—	—	a forrasbeli hely is letezik; a mas konyvbeli talalat mellett nincs eleg lanc/csoport-tamasz (E=0.06, lanc 0, a forrasbeli konyvben 0) es fuggetlen forras	…oice bits Neh 8:10, 12; Est 9:19, 22; compare also 2:9 (see ⟦Dan 1:5⟧, 10).
H4557	1289	Ecclesiastes 6:18	—	—	—	vers_tullepes	kezi	—	illesztheto (1/1)	tobb egyenrangu jelolt: 1Sám 6:18, Préd 6:11, Préd 6:12, Préd 5:18	…ֵי מִסְפַר Eccl 2:3 = during all their lives, compare 5:17; ⟦Ecclesiastes 6:18⟧ = appointed (normal) number, ׳מ מֲַלֵּא יָמֶיךָ Exod 23:26 …
H4570	167	Proverbs 5:26	—	—	—	vers_tullepes	kezi	—	—	tobb egyenrangu jelolt: Péld 5:6, Péld 5:20, Péld 5:21, Péld 5:22, Péld 4:26	…+, with ה locative הַמַּעְגָּ֫לָה 17:20; construct מַעְגַּל ⟦Proverbs 5:26⟧ +; plural construct מַעְגְּלֵי Psa 23:3; Prov 4:11; suffix …
H4616	1861	Deuteronomy 6:28	—	—	—	vers_tullepes	kezi	2:30	illesztheto (1/1)	tobb egyenrangu jelolt: 5Móz 6:2, 5Móz 6:18, 5Móz 6:22, 5Móz 6:23, 5Móz 6:24, 5Móz 5:28	…r to rescue, 50:20; Exod 1:11; 9:16; 10:1, etc., Deut 2:30; ⟦Deuteronomy 6:28⟧, etc., 2Kin 10:19; Jer 7:10, 18; 11:5; 50:34 (on הִרגיע, se…
H4627	154	Job 17:17	—	—	—	vers_tullepes	kezi	17:13;17:19;17:25;17:27	—	nincs olyan konyv/vers, ahol a hely letezik es a Strong-proba vagy a fuggetlen forras igazolna	… (only of Tyre, Ezekiel 27); — suffix מַעֲרָבֵךְ Job 17:13; ⟦Job 17:17⟧; Job 17:19; Job 17:25; Job 17:27a; Job 17:34; as accusative…
H4627	165	Job 17:19	—	—	—	vers_tullepes	kezi	17:13;17:17;17:25;17:27	—	nincs olyan konyv/vers, ahol a hely letezik es a Strong-proba vagy a fuggetlen forras igazolna	…yre, Ezekiel 27); — suffix מַעֲרָבֵךְ Job 17:13; Job 17:17; ⟦Job 17:19⟧; Job 17:25; Job 17:27a; Job 17:34; as accusative of congnat…
H4627	176	Job 17:25	—	—	—	vers_tullepes	kezi	17:13;17:17;17:19;17:27	—	nincs olyan konyv/vers, ahol a hely letezik es a Strong-proba vagy a fuggetlen forras igazolna	…l 27); — suffix מַעֲרָבֵךְ Job 17:13; Job 17:17; Job 17:19; ⟦Job 17:25⟧; Job 17:27a; Job 17:34; as accusative of congnate meaning w…
H4627	187	Job 17:27	—	—	—	vers_tullepes	kezi	17:13;17:17;17:19;17:25	—	nincs olyan konyv/vers, ahol a hely letezik es a Strong-proba vagy a fuggetlen forras igazolna	…ffix מַעֲרָבֵךְ Job 17:13; Job 17:17; Job 17:19; Job 17:25; ⟦Job 17:27⟧a; Job 17:34; as accusative of congnate meaning with verb wi…
H4627	199	Job 17:34	—	—	—	vers_tullepes	kezi	17:9	—	nincs olyan konyv/vers, ahol a hely letezik es a Strong-proba vagy a fuggetlen forras igazolna	…ֵךְ Job 17:13; Job 17:17; Job 17:19; Job 17:25; Job 17:27a; ⟦Job 17:34⟧; as accusative of congnate meaning with verb with עָרַב 17:…
H4627	271	Job 17:27	—	—	—	vers_tullepes	kezi	—	—	nincs olyan konyv/vers, ahol a hely letezik es a Strong-proba vagy a fuggetlen forras igazolna	…s accusative of congnate meaning with verb with עָרַב 17:9; ⟦Job 17:27⟧; plural suffix מַעֲרָבַיִךְ Job 17:33 perhaps thy (diverse)…
H4627	309	Job 17:33	—	—	—	vers_tullepes	kezi	—	—	nincs olyan konyv/vers, ahol a hely letezik es a Strong-proba vagy a fuggetlen forras igazolna	…verb with עָרַב 17:9; Job 17:27; plural suffix מַעֲרָבַיִךְ ⟦Job 17:33⟧ perhaps thy (diverse) wares (DHM^VOJ viii (1894), 4 propose…
H4634	759	Num 23:4	—	1Sam 23:4	1Sám 23:4	mas_konyv_ervenyes_fejezettel	kezi	—	—	a forrasbeli hely is letezik; a mas konyvbeli talalat mellett nincs eleg lanc/csoport-tamasz (E=0.04, lanc 0, a forrasbeli konyvben 0) es fuggetlen forras	…proper or usual) arrangement of an alter, compare עָרַךְ 1a ⟦Num 23:4⟧ of altar.
H4672	6814	Eccl 25:8	—	1Sam 25:8	1Sám 25:8	fejezet_tullepes	kezi	—	illesztheto (1/1)	N-F34 maradek sora; a Strong-proba nem szelektiv (a szo egy veletlen 3 verses ablakban 6% esellyel all; a veletlen talalat varhato szama 14 jelolt hely kozott 0.77), fuggetlen forras nincs	…, so 1Sam 10:7 (with accusative; compare Eccl 9:10 3c); but ⟦Eccl 25:8⟧ = what thou chancest to have, compare מ ׳אֲשֶׁר זָהָב כְלִי …
H4676	1313	2Kin 14:23	—	1Kin 14:23	1Kir 14:23	mas_konyv_ervenyes_fejezettel	kezi	17:10;18:4;23:14	—	a forrasbeli hely is letezik; a mas konyvbeli talalat mellett nincs eleg lanc/csoport-tamasz (E=0.04, lanc 0, a forrasbeli konyvben 3) es fuggetlen forras	…mic code, and Deuteronomist redaction of Kings: Deut 16:22; ⟦2Kin 14:23⟧; 17:10; 18:4; 23:14; 2Chr 14:2; 31:1; compare Micah 5:12; L…
H4679	198	23:29	—	—	—	lanc_lehetetlen	kezi	—	—	konyv nelkuli, lancolt igehely: az orokolt konyvben (1Sám, a '1Sam 23:14' token utan) a vers nem letezik; a gepi csere csak konyvjelolt tokent cserel	…ד 12:8; plural absolute מְצָדוֺת 1Sam 23:14+, construct id. ⟦23:29⟧ (Gi, 24:1 van d. H. Baer), Isa 33:16; — 1 mounting-fastness…
H4686	555	1Sam 22:1	—	2Sam 22:1	2Sám 22:1	mas_konyv_ervenyes_fejezettel	kezi	—	—	a forrasbeli hely is letezik; a mas konyvbeli talalat mellett nincs eleg lanc/csoport-tamasz (E=0.05, lanc 0, a forrasbeli konyvben 0) es fuggetlen forras	…) 2Sam 5:17; 23:14 = 1Chr 11:16; read also עֲדֻלָּם מְצֻדַת ⟦1Sam 22:1⟧; 2Sam 23:13; 1Chr 11:15, for מְעָדַת ᵑ0 (see מְעָרָה p. 1Ch…
H4686	621	1Chron 79:2	—	—	—	fejezet_tullepes	kezi	—	—	nincs olyan konyv/vers, ahol a hely letezik es a Strong-proba vagy a fuggetlen forras igazolna	…2:1; 2Sam 23:13; 1Chr 11:15, for מְעָדַת ᵑ0 (see מְעָרָה p. ⟦1Chron 79:2⟧b); of Jerusalem, צִיּוֺן מְצֻדַת 2Sam 5:7 = 1Chr 11:5, comp…
H4687	155	Numbers 15:81	—	—	—	vers_tullepes	kezi	—	illesztheto (1/1)	tobb egyenrangu jelolt: 4Móz 15:21, 4Móz 15:31, 4Móz 15:41	…22:3 +; suffix מִצְוָתְךָ Deut 26:13; Psa 119:96; מִצְוָתוֺ ⟦Numbers 15:81⟧; plural מִצְוֺת absolute Lev 26:14 +(מִצְווֺת Neh 9:14); co…
H4709	109	Josh 5:1	—	Hosea 5:1	Hós 5:1	mas_konyv_ervenyes_fejezettel	kezi	—	—	a forrasbeli hely is letezik; a mas konyvbeli talalat mellett nincs eleg lanc/csoport-tamasz (E=0.14, lanc 0, a forrasbeli konyvben 0) es fuggetlen forras	…tion (properly outlook-point or +?; with article (exceptHos ⟦Josh 5:1⟧)); — 1 in Gilead, explanation as name given to Laban's cair…
H4726	469	Ezek 13:1	—	Zech 13:1	Zak 13:1	mas_konyv_ervenyes_fejezettel	kezi	—	—	a forrasbeli hely is letezik; a mas konyvbeli talalat mellett nincs eleg lanc/csoport-tamasz (E=0.05, lanc 0, a forrasbeli konyvben 0) es fuggetlen forras	…ְמָה Hebrew Manuscripts Toy). b. figurative of purification ⟦Ezek 13:1⟧. c. מָשְׁחָת מָקוֺר Prov 25:26 (figurative; + מַעְיָן). d. f…
H4750	123	Jeremiah 6:70	—	—	—	vers_tullepes	kezi	—	—	nincs olyan konyv/vers, ahol a hely letezik es a Strong-proba vagy a fuggetlen forras igazolna	…ers, Isa 1:8; so Jer 10:5 Gf Gie and others (compare Baruch ⟦Jeremiah 6:70⟧).
H4758	1742	1Chr 11:23	—	Ezek 11:23	Ez 11:23	mas_konyv_ervenyes_fejezettel	kezi	—	illesztheto (1/1)	a forrasbeli hely is letezik; a mas konyvbeli talalat mellett nincs eleg lanc/csoport-tamasz (E=0.15, lanc 0, a forrasbeli konyvben 0) es fuggetlen forras	… servant of ׳י) Isa 53:2; מ ׳אִישׁ2Sam 23:21 (but read as || ⟦1Chr 11:23⟧ מִדָּה אִישׁ We Dr and others). c. appearance, sight, vision…
H4791	272	Job 5:18	—	Judg 5:18	Bír 5:18	mas_konyv_ervenyes_fejezettel	kezi	—	—	a forrasbeli hely is letezik; a mas konyvbeli talalat mellett nincs eleg lanc/csoport-tamasz (E=0.12, lanc 0, a forrasbeli konyvben 0) es fuggetlen forras	…eight, elevation (concrete), elevated place: שָׂדֶה מְרוֺמֵי ⟦Job 5:18⟧, מְרֹמִים בְּראֹשׁ Prov 8:2; שִׁבְתּוֺ מְרוֺם Obadiah 3 (comp…
H4791	518	Jes 17:12	—	—	—	nem_lekepezett_alak	kezi	31:12	—	nincs olyan konyv/vers, ahol a hely letezik es a Strong-proba vagy a fuggetlen forras igazolna	…ֻזָּהּ Jer 51:53 (of Babylonian ); specifically of Zion, ׳מ ⟦Jes 17:12⟧, צִיּוֺן ׳מ 31:12, מ ׳בְּהַר יִשְׂרָאֵל Ezek 17:23; 20:40, מ…
H4791	700	Esc 10:6	—	—	—	nem_lekepezett_alak	kezi	—	—	nincs olyan konyv/vers, ahol a hely letezik es a Strong-proba vagy a fuggetlen forras igazolna	…tive), לְמ שְׁפָלִים ׳לָשׂוּם Job 5:11; רַבִּים בַּמְּרוֺמִים ⟦Esc 10:6⟧ (of high office, rank; opposed to שֵׁפֶל); מָרוֺם ישְׁבֵי Isa…
H4791	540	31:12	—	—	—	lanc_lehetetlen	kezi	—	—	konyv nelkuli, lancolt igehely: az orokolt konyvben (Ézs, a 'Jes 17:12' token utan) a vers nem letezik; a gepi csere csak konyvjelolt tokent cserel	…abylonian ); specifically of Zion, ׳מ Jes 17:12, צִיּוֺן ׳מ ⟦31:12⟧, מ ׳בְּהַר יִשְׂרָאֵל Ezek 17:23; 20:40, מ ׳בְּהָרֵי ׳יִשׂ 34…
H4803	942	Ezra 9:16	—	—	—	vers_tullepes	kezi	—	—	nincs olyan konyv/vers, ahol a hely letezik es a Strong-proba vagy a fuggetlen forras igazolna	…nly Ezekiel 21: Ezra 9:14 (+ הוּחַדָּת; Co reads ׳מ as Pu), ⟦Ezra 9:16⟧ (strike out Co), Ezra 9:33, + Ezra 9:20 מְרֻטָה for מְעֻטָּ…
H4803	1216	Isaiah 18:27	—	—	—	vers_tullepes	kezi	7:45	—	tobb egyenrangu jelolt: Ézs 18:2, Ézs 18:7	…טָה Ezek 21:15; 21:16; Participle מְמֹרָט 1Kin 7:45, מוֺרָט ⟦Isaiah 18:27⟧ (Ges^§ 52 R.6): — scoured, polished, of bronze utensils of …
H4803	1315	Isaiah 18:27	—	—	—	vers_tullepes	kezi	—	—	tobb egyenrangu jelolt: Ézs 18:2, Ézs 18:7	… polished, of bronze utensils of temple 7:45; of human skin ⟦Isaiah 18:27⟧; of sword Ezek 21:15; 21:16 (both + הוּחַדָּה, see Qal abov…
H4803	1295	7:45	—	—	—	lanc_lehetetlen	kezi	—	—	konyv nelkuli, lancolt igehely: az orokolt konyvben (Ézs, a 'Isaiah 18:27' token utan) a vers nem letezik; a gepi csere csak konyvjelolt tokent cserel	… 52 R.6): — scoured, polished, of bronze utensils of temple ⟦7:45⟧; of human skin Isaiah 18:27; of sword Ezek 21:15; 21:16 (bo…
H4807	427	2 Samuel 16:25	—	—	—	vers_tullepes	kezi	4:1	—	nincs olyan konyv/vers, ahol a hely letezik es a Strong-proba vagy a fuggetlen forras igazolna	…wice in verse); 9:13; 16:1, 4; 19:26; 19:31; 21:7, מְפִבשֶׁת ⟦2 Samuel 16:25⟧ (called בֶּןשָֿׁאוּל); ᵐ5 in 2 Μεμφι Βοσθε, in 1Chronicles …
H4818	64	Judg 4:13	—	Jer 4:13	Jer 4:13	mas_konyv_ervenyes_fejezettel	kezi	—	—	a forrasbeli hely is letezik; a mas konyvbeli talalat mellett nincs eleg lanc/csoport-tamasz (E=0.15, lanc 0, a forrasbeli konyvben 0) es fuggetlen forras	…8. merkabah מֶרְכָּבָה noun feminine chariot; — absolute ׳מ ⟦Judg 4:13⟧ +, construct מִרְכֶּ֫בֶת Gen 41:43; suffix מֶרְבַּבְתּוֺ 46…
H4829	111	Isa 34:14	—	Ezek 34:14	Ez 34:14	mas_konyv_ervenyes_fejezettel	kezi	—	—	a forrasbeli hely is letezik; a mas konyvbeli talalat mellett nincs eleg lanc/csoport-tamasz (E=0.01, lanc 0, a forrasbeli konyvben 0) es fuggetlen forras	…urage, pasture; — absolute ׳מ Gen 47:4 +; construct מִרְעֵה ⟦Isa 34:14⟧; suffix מִרְעֵהוּ Job 39:8, מִעֵיכֶם Ezek 34:8; — pasturage…
H4829	259	Isaiah 32:40	—	—	—	vers_tullepes	kezi	—	—	nincs olyan konyv/vers, ahol a hely letezik es a Strong-proba vagy a fuggetlen forras igazolna	…(J), compare 1Chr 4:39, 41, also Isa 32:14; ׳מ וָטוֺב שָׂמֵן ⟦Isaiah 32:40⟧, compare (figurative) Ezek 34:14 (twice in verse); 34:18a; …
H4832	480	6:15	—	—	—	lanc_lehetetlen	kezi	—	—	konyv nelkuli, lancolt igehely: az orokolt konyvben (Mal, a 'Malachi 3:20' token utan) a fejezet nem letezik; a gepi csere csak konyvjelolt tokent cserel	…17; 16:24; with spiritual implication Malachi 3:20; מ ׳אֵין ⟦6:15⟧ = 29:1; מ ׳לֵב 14:30 a mind of health (healthy, composed, m…
H4832	487	29:1	—	—	—	lanc_lehetetlen	kezi	—	—	konyv nelkuli, lancolt igehely: az orokolt konyvben (Mal, a 'Malachi 3:20' token utan) a fejezet nem letezik; a gepi csere csak konyvjelolt tokent cserel	…24; with spiritual implication Malachi 3:20; מ ׳אֵין 6:15 = ⟦29:1⟧; מ ׳לֵב 14:30 a mind of health (healthy, composed, mind), c…
H4832	500	14:30	—	—	—	lanc_lehetetlen	kezi	—	—	konyv nelkuli, lancolt igehely: az orokolt konyvben (Mal, a 'Malachi 3:20' token utan) a fejezet nem letezik; a gepi csere csak konyvjelolt tokent cserel	…itual implication Malachi 3:20; מ ׳אֵין 6:15 = 29:1; מ ׳לֵב ⟦14:30⟧ a mind of health (healthy, composed, mind), compare ׳מ alon…
H4846	253	Job 16:30	—	—	—	vers_tullepes	kezi	—	—	nincs olyan konyv/vers, ahol a hely letezik es a Strong-proba vagy a fuggetlen forras igazolna	…ll, gall-bladder Job 20:25 (|| גֵּוָה back; compare מְרֵרָה ⟦Job 16:30⟧). 2 = poison, ׳מ מְּתָנִים Job 20:14. 3 מְרֹרוֺת bitter thi…
H4878	362	Ezekiel 37:33	—	—	—	vers_tullepes	kezi	8:5;3:6	—	nincs olyan konyv/vers, ahol a hely letezik es a Strong-proba vagy a fuggetlen forras igazolna	…io); of Judah Jer 2:19; 3:22; 5:6; 8:5; 14:7 (all plural) + ⟦Ezekiel 37:33⟧ (read מְשׁוּבֹתֵיהֶם for ᵐ5 ׳מוֺשְׁ, Comm.); ׳מ נִצַחַת 8:5 e…
H4941	1822	Ezekiel 16:68	—	Ezek 16:38	Ez 16:38	vers_tullepes	kezi	—	illesztheto (1/1)	a Strong-proba nem szelektiv (a szo egy veletlen 3 verses ablakban 5% esellyel all; a veletlen talalat varhato szama 11 jelolt hely kozott 0.58), fuggetlen forras nincs	…:4 (twice in verse); Psa 7:7; 17:2; Ezek 23:45; plural only ⟦Ezekiel 16:68⟧ נאפות משׁפטֵי; Hosea 6:5 read singular בָאוֺד מִשְׁמָּטִי for…
H4984	10737	Numbers 32:49	—	—	—	vers_tullepes	kezi	3:40;1:2;1:49;4:2;4:22;26:2;32:26	—	nincs olyan konyv/vers, ahol a hely letezik es a Strong-proba vagy a fuggetlen forras igazolna	…ראֹשׁ sum Exod 30:12; Num 1:2; 1:49; 4:2; 4:22; 26:2; 32:26; ⟦Numbers 32:49⟧ (all P); with מִסְמָּר 3:40; 1Chr 27:23. f. take and carry …
H5002	1353	Jer 57:57	—	—	—	psi_maradek	kezi	—	illesztheto (1/1)	N-F34 maradek sora; nincs olyan konyv/vers, ahol a hely letezik es a Strong-proba vagy a fuggetlen forras igazolna	… ׳אדני ׳צ Isa 3:15; Jer 49:5; י ׳הַמֶּלֶךְ ׳צ 46:18; 48:15; ⟦Jer 57:57⟧; ׳נ יהוה אדני Isa 56:8; Jer 2:22; Amos 4:5; 8:3, 9, 11 + Ez…
H5034	211	Neh 3:6	—	Nahum 3:6	Náh 3:6	mas_konyv_ervenyes_fejezettel	kezi	—	—	a forrasbeli hely is letezik; a mas konyvbeli talalat mellett nincs eleg lanc/csoport-tamasz (E=0.10, lanc 0, a forrasbeli konyvben 0) es fuggetlen forras	…racious (Frey); Aramaic נְבַל Pa`el reject, despise, see ᵑ7 ⟦Neh 3:6⟧; Jer 14:21; in derivatives as Late Hebrew); — Qal = be fool…
H5038	204	Josh 82:9	—	—	—	psi_maradek	kezi	—	—	N-F34 maradek sora; nincs olyan konyv/vers, ahol a hely letezik es a Strong-proba vagy a fuggetlen forras igazolna	… Isa 26:19; נִבְלָֽתְךָ Deut 28:26; 1Kin 13:22; נֵבְלָתוֺ + ⟦Josh 82:9⟧ 6t.; נִבְלָתָהּ Lev 11:39-40, (twice in verse); נִבְלָתָם I…
H5046	2330	Gen 21:6	—	Isa 21:6	Ézs 21:6	mas_konyv_ervenyes_fejezettel	kezi	31:20;41:25	illesztheto (1/1)	a lancolt/csoportbeli helyek kozul 1/2 is ebben a konyvben igazolt (a forrasbeli konyvben 2); a forrasbeli hely is letezik; a mas konyvbeli talalat mellett nincs eleg lanc/csoport-tamasz (E=0.04, lanc 1, a forrasbeli konyvben 2) es fuggetlen forras	… 14:35; Exod 16:22 ; J, Gen 3:11; 12:18; Exod 13:8 18t.; E, ⟦Gen 21:6⟧; 31:20; 41:25 15t.; D, Deut 17:9; 26:3; 30:18 5t.; — 1 tell…
H5046	4083	Genesis 13:24	—	—	—	vers_tullepes	kezi	22:20;38:13	illesztheto (1/1)	nincs olyan konyv/vers, ahol a hely letezik es a Strong-proba vagy a fuggetlen forras igazolna	… 9:6; Isa 21:2; 40:21; followed by לֵאמֹר Gen 22:20; 38:13; ⟦Genesis 13:24⟧ (all J), Josh 10:17 (JE), 1Sam 15:12; 19:19; 2Sam 6:12; 1Ki…
H5046	4279	1Ki 29:41	—	—	—	psi_maradek	kezi	2:29	illesztheto (1/1)	N-F34 maradek sora; nincs olyan konyv/vers, ahol a hely letezik es a Strong-proba vagy a fuggetlen forras igazolna	…xod 14:5 (J), Judg 9:47; 1Sam 23:7; 23:13; 27:4; 1Kin 2:29; ⟦1Ki 29:41⟧.
H5066	2142	Isaiah 46:20	—	—	—	vers_tullepes	kezi	—	illesztheto (1/1)	tobb egyenrangu jelolt: Ézs 41:20, Ézs 45:20, Ézs 49:20	…oach thither! i.e. move away ! compare וְאֵשׁ֑בָה גְּשָׁהלִֿי ⟦Isaiah 46:20⟧ move away for me (make room for me that I may dwell (|| הַמ…
H5088	238	Leviticus 2:18	—	—	—	vers_tullepes	kezi	—	—	nincs olyan konyv/vers, ahol a hely letezik es a Strong-proba vagy a fuggetlen forras igazolna	…:25; suffix נְּדָרַי Psa 22:26 3t.; נִדְרֵיהֶם Leviticus 2; ⟦Leviticus 2:18⟧ 24t. suffixes;-vow: 1 of personal service to ׳י Gen 28:20; …
H5090	1223	1 Chronicles 20:12	—	—	—	vers_tullepes	kezi	25:11	—	tobb egyenrangu jelolt: 1Krón 20:1, 1Krón 20:2	…riving chariot 2Kin 9:20; lead out an army to battle (late) ⟦1 Chronicles 20:12⟧; 1Chr 25:11. 2 figurative בַּחָכְמָה נֹהֵג וְלִבִּי Eccl 2:…
H5090	1243	1Chr 25:11	—	2Chr 25:11	2Krón 25:11	mas_konyv_ervenyes_fejezettel	kezi	20:12	—	a forrasbeli hely is letezik; a mas konyvbeli talalat mellett nincs eleg lanc/csoport-tamasz (E=0.05, lanc 0, a forrasbeli konyvben 0) es fuggetlen forras	…9:20; lead out an army to battle (late) 1 Chronicles 20:12; ⟦1Chr 25:11⟧. 2 figurative בַּחָכְמָה נֹהֵג וְלִבִּי Eccl 2:3 my heart b…
H5104	124	Isaiah 18:27	—	—	—	vers_tullepes	kezi	—	illesztheto (1/1)	tobb egyenrangu jelolt: Ézs 18:2, Ézs 18:7	…lute ׳נ 2:10 +; construct נְהַר Deut 1:7 +; plural נְהָרִים ⟦Isaiah 18:27⟧ 4t., construct נַהֲרֵי Isa 18:1-2t; but oftener נְהָר(וֺ)ת …
H5104	1447	2 Chron 5:26	—	—	—	vers_tullepes	kezi	—	illesztheto (1/1)	tobb egyenrangu jelolt: 1Krón 5:26, 2Krón 9:26	…gris Dan 10:4; גוֺזָן נְהַר (חבור) 2Kin 17:6; 18:11 compare ⟦2 Chron 5:26⟧; plural בוּשׁ נַהֲרֵי Zeph 3:10; perhaps of a canal: נְהַרכְ…
H5110	1103	Isaiah 17:21	—	—	—	vers_tullepes	kezi	50:3;50:8	—	nincs olyan konyv/vers, ahol a hely letezik es a Strong-proba vagy a fuggetlen forras igazolna	…ד נֻּדוּ נֻסוּ 49:30 (on daghesh see Ges^§ 20g), of harvest ⟦Isaiah 17:21⟧ i.e. be destroyed, in figure (see above); 50:3 (|| הלך), 50…
H5117	5520	1Kin 10:26	—	1Sam 10:26	1Sám 10:26	mas_konyv_ervenyes_fejezettel	kezi	—	illesztheto (1/1)	a forrasbeli hely is letezik; a mas konyvbeli talalat mellett nincs eleg lanc/csoport-tamasz (E=0.18, lanc 0, a forrasbeli konyvben 0) es fuggetlen forras	…men and chariots in cities 2Chr 1:14; 9:25, so read also || ⟦1Kin 10:26⟧ (ᵐ5 ἔθετο; for וַיַּנְחֵם ᵑ0); tables in temple 2Chr 4:8; i…
H5126	77	Joshua 7:27	1Krón	1Chr 7:27	1Krón 7:27	vers_tullepes	kezi	—	—	a(z) 'Joshua' itt torzs- vagy szemelynev is lehet (elotte: 'e father of'): a csere a nevet torolne	… נוּן and (1Chr 7:27) נוֺן proper name, masculine father of ⟦Joshua 7:27⟧; elsewhere always (יְהוֺשֻׁעַ)בִּןנֿוּן Exod 33:11; Num 11:2…
H5148	238	32:34	—	—	—	lanc_lehetetlen	kezi	—	—	konyv nelkuli, lancolt igehely: az orokolt konyvben (Zsolt, a 'Psalm 77:21' token utan) a vers nem letezik; a gepi csere csak konyvjelolt tokent cserel	…uline singular נָחִ֫יתָ 15:13; Psalm 77:21 Imperative נְחֵה ⟦32:34⟧; suffix נְחֵנִי Psa 5:9 2t.; — lead, bring, followed by acc…
H5158	3402	1Ki 23:6	—	2Kin 23:6	2Kir 23:6	fejezet_tullepes	kezi	2:37;15:13;18:40	illesztheto (1/1)	N-F34 maradek sora; a Strong-proba nem szelektiv (a szo egy veletlen 3 verses ablakban 2% esellyel all; a veletlen talalat varhato szama 17 jelolt hely kozott 0.27), fuggetlen forras nincs	…12:2 (all D); קִדְרוֺן 2Sam 15:23; 1Kin 2:37; 15:13; 18:40; ⟦1Ki 23:6⟧ (twice in verse); 2Sam 23:12; 2Chr 15:16; 29:16; 30:14; Jer…
H5158	3429	2Sam 23:12	—	2Kin 23:12	2Kir 23:12	mas_konyv_ervenyes_fejezettel	kezi	—	illesztheto (1/1)	a forrasbeli hely is letezik; a mas konyvbeli talalat mellett nincs eleg lanc/csoport-tamasz (E=0.24, lanc 0, a forrasbeli konyvben 0) es fuggetlen forras	… 15:23; 1Kin 2:37; 15:13; 18:40; 1Ki 23:6 (twice in verse); ⟦2Sam 23:12⟧; 2Chr 15:16; 29:16; 30:14; Jer 31:40; קָנָה Josh 16:8; 17:9…
H5159	496	Deuteronomy 21:28	—	—	—	vers_tullepes	kezi	24:4;25:19;26:1;4:21;15:4;19:10;20:16	illesztheto (1/1)	tobb egyenrangu jelolt: 5Móz 21:22, 5Móz 21:23	…lly נַחֲלָה לְךָ נֹתֵן אֲשֶׁר Deut 4:21; 15:4; 19:10; 20:16; ⟦Deuteronomy 21:28⟧; 24:4; 25:19; 26:1 (all D); עמי את הנחלתי אשׁר הנחלה Jer 12:…
H5186	5396	2 Samuel 9:15	—	Isa 9:15	Ézs 9:15	vers_tullepes	kezi	—	illesztheto (1/1)	a Strong-proba nem szelektiv (a szo egy veletlen 3 verses ablakban 3% esellyel all; a veletlen talalat varhato szama 38 jelolt hely kozott 1.02), fuggetlen forras nincs	…ִטִּיתֶם Jer 25:4; 35:15; Imperfect יַטֶּה Isa 31:3, וַיַּט ⟦2 Samuel 9:15⟧; Ezra 9:9; 2masculine singular תַּמֶּה Exod 23:6 3t., jussi…
H5193	1877	2Sam 17:10	—	—	—	mas_konyv_ervenyes_fejezettel	kezi	—	—	tobb egyenrangu jelolt: 1Krón 17:10, Ézs 17:10	… establish, usually of establishing people, with accusative ⟦2Sam 17:10⟧ = 1Chr 17:9; Amos 9:15 (opposed to נָתַשׁ), Ezek 36:36; Exod…
H5203	1092	17:20	—	—	—	lanc_lehetetlen	kezi	—	—	konyv nelkuli, lancolt igehely: az orokolt konyvben (Hós, a 'Hosea 12:15' token utan) a fejezet nem letezik; a gepi csere csak konyvjelolt tokent cserel	…pon him; leave in charge of, entrust to (עַל person): sheep ⟦17:20⟧, 28; baggage 17:22. 2 usually forsake, abandon, ׳נ הָאֲחֹנו…
H5203	1111	17:22	—	—	—	lanc_lehetetlen	kezi	—	—	konyv nelkuli, lancolt igehely: az orokolt konyvben (Hós, a 'Hosea 12:15' token utan) a fejezet nem letezik; a gepi csere csak konyvjelolt tokent cserel	…harge of, entrust to (עַל person): sheep 17:20, 28; baggage ⟦17:22⟧. 2 usually forsake, abandon, ׳נ הָאֲחֹנוֺת דִּבְרֵי 1Sam 10…
H5221	2421	1 Samuel 7:20	—	—	—	vers_tullepes	kezi	—	illesztheto (1/1)	tobb egyenrangu jelolt: 2Móz 7:20, 1Sám 7:10, 1Sám 6:20	…(with rod מַטֶּה) 7:17 (with עַל object, + ב instrumental), ⟦1 Samuel 7:20⟧; Exod 17:5 (E; ב instrumental), also (with mantle) 2Kin 2:8…
H5221	5856	Deuteronomy 27:35	—	—	—	vers_tullepes	kezi	—	illesztheto (1/1)	tobb egyenrangu jelolt: 5Móz 27:25, 5Móz 28:35	…4-15, [otherwise Lev 24:17; 24:18; Num 35:11; 35:15; 35:30; ⟦Deuteronomy 27:35⟧; Josh 20:3, 9]; with prolepsis חֲלָלִים לְהַכּוֺת smite the…
H5234	3153	Judg 4:9	—	Lam 4:9	JSir 4:9	mas_konyv_ervenyes_fejezettel	kezi	—	—	a forrasbeli hely is letezik; a mas konyvbeli talalat mellett nincs eleg lanc/csoport-tamasz (E=0.19, lanc 0, a forrasbeli konyvben 0) es fuggetlen forras	…ienated him into my hand, but improbable; מָכַר ᵐ5 (compare ⟦Judg 4:9⟧) hath sold him, so Th Klo HPS (compare We); < סִכַּר (as Is…
H5234	3219	Isa 19:4	—	Jer 19:4	Jer 19:4	mas_konyv_ervenyes_fejezettel	kezi	—	—	a forrasbeli hely is letezik; a mas konyvbeli talalat mellett nincs eleg lanc/csoport-tamasz (E=0.11, lanc 0, a forrasbeli konyvben 0) es fuggetlen forras	…:9) hath sold him, so Th Klo HPS (compare We); < סִכַּר (as ⟦Isa 19:4⟧) Krochm Dr; Kit either of these; > סִגַּר Bu; Löhr either ס…
H5262	674	Numbers 28:33	—	—	—	vers_tullepes	kezi	15:5;28:37;15:7;15:10;15:24;28:7;28:14;28:31;29:18;28:21;28:24;28:27;28:30;28:9;29:6	—	tobb egyenrangu jelolt: 4Móz 28:13, 4Móz 28:23, 4Móz 28:30, 4Móz 28:31, 4Móz 29:33	…:24; 28:7; 28:14; 28:31; 29:18; 28:21; 28:24; 28:27; 28:30; ⟦Numbers 28:33⟧; Numbers 28:37, especially הַתָּמִיד עוֺלַת 28:9-10, 15, 24…
H5262	689	Numbers 28:37	—	—	—	vers_tullepes	kezi	28:9;29:6;15:5;28:33;15:7;15:10;15:24;28:7;28:14;28:31;29:18;28:21;28:24;28:27;28:30	—	tobb egyenrangu jelolt: 4Móz 28:7, 4Móz 28:30, 4Móz 28:31, 4Móz 29:37	…4; 28:31; 29:18; 28:21; 28:24; 28:27; 28:30; Numbers 28:33; ⟦Numbers 28:37⟧, especially הַתָּמִיד עוֺלַת 28:9-10, 15, 24; 29:6, 11, 16,…
H5275	565	Judg 9:13	—	Josh 9:13	Józs 9:13	mas_konyv_ervenyes_fejezettel	kezi	—	—	a forrasbeli hely is letezik; a mas konyvbeli talalat mellett nincs eleg lanc/csoport-tamasz (E=0.07, lanc 0, a forrasbeli konyvben 0) es fuggetlen forras	…ינוּ Josh 9:13, נַעֲלֵיכֶם Exod 12:11; Ezek 24:23; — sandal ⟦Judg 9:13⟧; Amos 2:6; 8:6 (dual = pair of sandals; mentioned as of lit…
H5311	122	Isaiah 3:30	—	—	—	vers_tullepes	kezi	—	—	nincs olyan konyv/vers, ahol a hely letezik es a Strong-proba vagy a fuggetlen forras igazolna	…y bursting of clouds, Che^Comm.), ׳נ בָּרָד וְאֶבֶן וָזֶרֶם ⟦Isaiah 3:30⟧ (theoph.).
H5315	9317	Job 30:35	—	—	—	vers_tullepes	kezi	—	illesztheto (1/1)	tobb egyenrangu jelolt: Jób 30:15, Jób 30:25	…2 compare Job 7:11; 10:1; Isa 38:15; Ezek 27:1; נ ׳עָֽגְמָה ⟦Job 30:35⟧ grieved; נ ׳אגמי sad of soul Isa 19:10; נ ׳תבכה my soul sha…
H5315	12265	Psalm 13:8	—	—	—	vers_tullepes	kezi	—	illesztheto (1/1)	tobb egyenrangu jelolt: 5Móz 13:8, Péld 13:8, Zsolt 13:2, Zsolt 13:3, Zsolt 13:4, Zsolt 17:8, Zsolt 19:8, Zsolt 31:8	…:4; and Deut 11:18; 1Sam 2:35; 1Chr 22:19; 28:9; Jer 32:41; ⟦Psalm 13:8⟧; Prov 2:10; 24:12. Note. — In three cases is Generally foun…
H5331	218	34:10	—	—	—	lanc_lehetetlen	kezi	—	—	konyv nelkuli, lancolt igehely: az orokolt konyvben (JSir, a 'Lam 3:18' token utan) a fejezet nem letezik; a gepi csere csak konyvjelolt tokent cserel	…ַח Amos 1:11 36t.; suffix נִצְחִי Lam 3:18; plural נְצָחִים ⟦34:10⟧; — 1 eminence: ישׂראל נצח the Eminence of Israel (׳י) 1Sam 1…
H5337	942	Micah 4:30	—	Micah 4:10	Mik 4:10	vers_tullepes	kezi	—	illesztheto (1/1)	a Strong-proba nem szelektiv (a szo egy veletlen 3 verses ablakban 3% esellyel all; a veletlen talalat varhato szama 11 jelolt hely kozott 0.28), fuggetlen forras nincs	…:12; be delivered, absolute Gen 32:31; Jer 7:10; Psa 33:16; ⟦Micah 4:30⟧ מִמְּנֵי Isa 20:6; מִכַּף Hab 2:9; מִן Psa 69:15. Pi`el Per…
H5337	2415	Daniel 8:47	—	—	—	vers_tullepes	kezi	—	illesztheto (1/1)	tobb egyenrangu jelolt: Dán 8:4, Dán 8:7	…b 5:4; 10:7; Psa 7:3; 50:22; 71:11; Isa 5:29; 42:22; 43:13; ⟦Daniel 8:47⟧; Hosea 5:14; Micah 5:7; with accusative Gen 18:8 (E), Exod …
H5341	2692	Psalm 60:20	—	—	—	vers_tullepes	kezi	28:7	—	nincs olyan konyv/vers, ahol a hely letezik es a Strong-proba vagy a fuggetlen forras igazolna	…69; 119:100; 119:115; 119:129; 119:145; commands of parents ⟦Psalm 60:20⟧; 28:7; and discipline of Wisdom Prov 3:1, 21; 4:13; 5:2. 4 …
H5352	2021	Josh 4:21	—	Joel 4:21	Jóel 4:21	mas_konyv_ervenyes_fejezettel	kezi	—	—	a forrasbeli hely is letezik; a mas konyvbeli talalat mellett nincs eleg lanc/csoport-tamasz (E=0.09, lanc 0, a forrasbeli konyvben 0) es fuggetlen forras	… bitter water Num 5:19 (P). Piel Perfect1singular נִקֵּיתִי ⟦Josh 4:21⟧ (נִקַּמְתִּי ᵑ6 ᵐ5; so Now SS Buhl); Imperfect3masculine si…
H5369	129	2 Samuel 2:37	—	—	—	vers_tullepes	kezi	2:8;2:12;3:23;3:25;3:28	—	tobb egyenrangu jelolt: 2Sám 2:7, 2Sám 3:37	…4:50; 14:51; 26:5; 26:14; 2Sam 2:8; 2:12; 3:23; 3:25; 3:28; ⟦2 Samuel 2:37⟧; 1Kin 2:5; 2:32; 1Chr 26:28. 2 father of Kish 1Chr 8:33; 9:…
H5377	761	Obad 3:7	—	—	—	psi_maradek	kezi	—	—	N-F34 maradek sora; nincs olyan konyv/vers, ahol a hely letezik es a Strong-proba vagy a fuggetlen forras igazolna	…of person Gen 3:13 (J; not elsewhere Hexateuch); Jer 49:16; ⟦Obad 3:7⟧; אַליַֿשִּׁאֲךָ 2Kin 19:10 let not thy God beguile thee = I…
H5381	274	Lev 25:6	—	2Kin 25:6	2Kir 25:6	mas_konyv_ervenyes_fejezettel	kezi	—	—	a forrasbeli hely is letezik; a mas konyvbeli talalat mellett nincs eleg lanc/csoport-tamasz (E=0.09, lanc 0, a forrasbeli konyvben 0) es fuggetlen forras	…— Hiph`il Perfect3masculine singular וְהִשִּׂיג consecutive ⟦Lev 25:6⟧, suffix וְהִשִּׂיגוֺ consecutive Deut 19:6; 2masculine sing…
H5399	97	Gen 3:8	—	Job 3:8	Jób 3:8	mas_konyv_ervenyes_fejezettel	kezi	—	—	a forrasbeli hely is letezik; a mas konyvbeli talalat mellett nincs eleg lanc/csoport-tamasz (E=0.05, lanc 0, a forrasbeli konyvben 0) es fuggetlen forras	…twilight (properly twilight-breeze, compare הַיּוֺם לְרוּחַ ⟦Gen 3:8⟧; Late Hebrew id.; נִשְׁמָּא נְשֶׁף, ᵑ7; — ׳נ absolute 1Sam 30…
H5462	4024	Eccl 12:14	—	—	—	mas_konyv_ervenyes_fejezettel	kezi	—	—	tobb egyenrangu jelolt: 4Móz 12:14, Jób 12:14	…rs עַלמַֿסְגֵּר Isa 24:22 = down into a dungeon. 3 of doors ⟦Eccl 12:14⟧. Hiph`il Perfect3masculine singular הִסְגִּיר Lev 14:46 +; …
H5466	361	Isaiah 3:28	—	—	—	vers_tullepes	kezi	14:12	—	tobb egyenrangu jelolt: Ézs 3:23, Ézs 3:24, Ézs 3:25	…absolute ׳ס Prov 31:24; plural סְדִינִים Judg 14:12; 14:13; ⟦Isaiah 3:28⟧; — wrapper or rectangular piece of fine linen, worn as oute…
H5493	4360	1 Kings 3:31	—	1Kin 2:31	1Kir 2:31	vers_tullepes	kezi	23:27	illesztheto (1/1)	a Strong-proba nem szelektiv (a szo egy veletlen 3 verses ablakban 4% esellyel all; a veletlen talalat varhato szama 19 jelolt hely kozott 0.70), fuggetlen forras nincs	…sculine singular וַהֲסִרֹ֫תָ consecutive (Dr^§ 110(5) Obs.) ⟦1 Kings 3:31⟧; 1singular הֲסִירֹ֫תִי 23:27 +, וַהֲסִרֹתִ֫י 1Sam 17:46 +; …
H5493	5569	2 Kings 16:32	—	—	—	vers_tullepes	kezi	—	illesztheto (1/1)	tobb egyenrangu jelolt: 2Kir 6:32, 2Kir 10:32	…; take off head, מֵעַל 1Sam 17:46, absolute 2Sam 4:7; 16:9; ⟦2 Kings 16:32⟧; with מֵעַל also often figurative (from upon = from resting…
H5493	4396	23:27	—	—	—	lanc_lehetetlen	kezi	—	van forditas	konyv nelkuli, lancolt igehely: az orokolt konyvben (1Kir, a '1 Kings 3:31' token utan) a fejezet nem letezik; a token javaslata (1Kir) sem oldja meg; a gepi csere csak konyvjelolt tokent cserel	…tive (Dr^§ 110(5) Obs.) 1 Kings 3:31; 1singular הֲסִירֹ֫תִי ⟦23:27⟧ +, וַהֲסִרֹתִ֫י 1Sam 17:46 +; 3 plural הֵסִ֫ירוּ2Chr 30:14,…
H5532	748	Num 22:20	—	Job 22:20	Jób 22:20	mas_konyv_ervenyes_fejezettel	kezi	—	—	a forrasbeli hely is letezik; a mas konyvbeli talalat mellett nincs eleg lanc/csoport-tamasz (E=0.02, lanc 0, a forrasbeli konyvben 0) es fuggetlen forras	…efit, גבר subject). Hiph`il Perfect1singular הִסְכַּ֫נְתִּי ⟦Num 22:20⟧; 2masculine singular הִסְבַּ֑נְתָּה Psa 139:3; Imperative ה…
H5542	565	17:31	—	—	—	lanc_lehetetlen	kezi	—	—	konyv nelkuli, lancolt igehely: az orokolt konyvben (Zsolt, a 'Psa 38:12' token utan) a vers nem letezik; a gepi csere csak konyvjelolt tokent cserel	…after final editing of Hebrew Psalter; so Psalms of Solomon ⟦17:31⟧; 18:10 on same principles as in MT; used therefore with ful…
H5553	136	1Sam 23:28	—	Jer 23:28	Jer 23:28	mas_konyv_ervenyes_fejezettel	kezi	—	—	a forrasbeli hely is letezik; a mas konyvbeli talalat mellett nincs eleg lanc/csoport-tamasz (E=0.06, lanc 0, a forrasbeli konyvben 0) es fuggetlen forras	… — absolute ׳ס 6:20 +, סָ֑לַע Num 20:10 +; construct סֶ֫לַע ⟦1Sam 23:28⟧; suffix סַלְעִי 2Sam 22:2 +, סַלְעוֺ Isa 31:9; plural סְלָע…
H5553	797	Isa 42:11	—	Psa 42:11	Zsolt 42:11	mas_konyv_ervenyes_fejezettel	kezi	—	—	a forrasbeli hely is letezik; a mas konyvbeli talalat mellett nincs eleg lanc/csoport-tamasz (E=0.03, lanc 0, a forrasbeli konyvben 0) es fuggetlen forras	…so of Edom Obadiah 3 = 49:16; compare (Num 24:21 above and) ⟦Isa 42:11⟧; particular cliffs are: ׳ס עֵיטָם Judg 15:8, 11 compare 15:…
H5553	936	1Sam 23:28	—	Jer 23:28	Jer 23:28	mas_konyv_ervenyes_fejezettel	kezi	23:25	—	a forrasbeli hely is letezik; a mas konyvbeli talalat mellett nincs eleg lanc/csoport-tamasz (E=0.06, lanc 0, a forrasbeli konyvben 1) es fuggetlen forras	…)רִמּוֺן 20:45, 47 (twice in verse); 21:13 ׳ס הַמַּחְלְקוֺת ⟦1Sam 23:28⟧ compare 23:25; see also II.סֶלַע. 2 figurative, especially …
H5560	412	Exod 29:9	—	Num 29:9	4Móz 29:9	mas_konyv_ervenyes_fejezettel	kezi	—	—	a forrasbeli hely is letezik; a mas konyvbeli talalat mellett nincs eleg lanc/csoport-tamasz (E=0.08, lanc 0, a forrasbeli konyvben 0) es fuggetlen forras	…4 WMM^As.u.Eur.101); — absolute ׳ס Gen 18:6 +, construct ׳ס ⟦Exod 29:9⟧ +; suffix סָלְתָּהּ Lev 2:2; — fine flour, used in king's h…
H5591	422	Joel 1:4	—	—	—	mas_konyv_ervenyes_fejezettel	kezi	—	—	tobb egyenrangu jelolt: Ez 1:4, Jón 1:4	…(|| סוּפָה); see also סוּפָה בְּיוֺם בְּסַעַר Amos 1:14 and ⟦Joel 1:4⟧, 12. סְעָרָה noun feminine tempest, storm-wind; — absolute …
H5591	1493	Nahum 1:3	—	—	—	mas_konyv_ervenyes_fejezettel	kezi	—	—	tobb egyenrangu jelolt: Ez 1:3, Jón 1:3	…n feminine id. (= סְעָרָה); — of way of וּבִשׂ ׳בְּסוּפָה ׳י ⟦Nahum 1:3⟧; figurative of ׳יs judgments; ׳אֲשֶׁרבִּֿשׂ יְשׁוּפֵנִי Job 9:…
H5592	442	Hab 2:15	—	Zeph 2:15	Sof 2:15	mas_konyv_ervenyes_fejezettel	kezi	—	—	a forrasbeli hely is letezik; a mas konyvbeli talalat mellett nincs eleg lanc/csoport-tamasz (E=0.11, lanc 0, a forrasbeli konyvben 0) es fuggetlen forras	…goblet of reeling (intoxicating, figurative), probably also ⟦Hab 2:15⟧, where read חֲמָֽתְךָ מִסַּף from the goblet of thy fury (f…
H5647	5641	2Sam 12:31	—	—	—	mas_konyv_ervenyes_fejezettel	kezi	—	illesztheto (1/1)	tobb egyenrangu jelolt: 2Móz 12:31, 5Móz 12:31	…5 (P) 2Chr 2:17, + Gen 47:21 (reading לַעֲבָדִים הֶעֱבִיד), ⟦2Sam 12:31⟧ (reading וְהֶעֱבִיד + בְּ at; on both these see עבר Hiph`il…
H5650	3499	Jonah 14:25	—	—	—	psi_maradek	kezi	—	illesztheto (1/1)	N-F34 maradek sora; tobb egyenrangu jelolt: 4Móz 14:25, 2Kir 14:25	…ecifically Ahia 1Kin 14:18; 15:29; Elijah 2Kin 9:36; 10:10; ⟦Jonah 14:25⟧; Isaiah Isa 20:3; עַבְדּוֺ, || מלאכיו 44:26; as one calling…
H5650	3744	Jeremiah 47:28	—	Jer 46:28	Jer 46:28	vers_tullepes	kezi	30:10;46:27	illesztheto (1/1)	a Strong-proba nem szelektiv (a szo egy veletlen 3 verses ablakban 9% esellyel all; a veletlen talalat varhato szama 8 jelolt hely kozott 0.74), fuggetlen forras nincs	…136:22; יעקב Isa 44:1; 44:2; 45:4; 48:20; Jer 30:10; 46:27; ⟦Jeremiah 47:28⟧; עַבְדִּי = יהוה עֶבֶד, || מַלְאָכִי, as having a mission t…
H5656	1819	2 Chronicles 31:23	—	—	—	vers_tullepes	kezi	31:31;31:33;31:35;31:39;31:43;8:19;8:22;18:31	illesztheto (1/1)	tobb egyenrangu jelolt: 2Krón 31:2, 2Krón 31:3, 2Krón 31:20, 2Krón 31:21	…26; 18:21; 1Chr 6:17; 2Chr 31:2; with מוֺעֵד בְּאֹהֶל 31:4; ⟦2 Chronicles 31:23⟧; 2 Chronicles 31:31; 2 Chronicles 31:33; 2 Chronicles 31:35…
H5656	1839	2 Chronicles 31:31	—	—	—	vers_tullepes	kezi	31:23;31:33;31:35;31:39;31:43;8:19;8:22;18:31	illesztheto (1/1)	tobb egyenrangu jelolt: 2Krón 31:1, 2Krón 31:3, 2Krón 31:21	…; 2Chr 31:2; with מוֺעֵד בְּאֹהֶל 31:4; 2 Chronicles 31:23; ⟦2 Chronicles 31:31⟧; 2 Chronicles 31:33; 2 Chronicles 31:35; 2 Chronicles 31:39…
H5656	1879	2 Chronicles 31:35	—	—	—	vers_tullepes	kezi	31:23;31:31;31:33;31:39;31:43;8:19;8:22;18:31	illesztheto (1/1)	tobb egyenrangu jelolt: 2Krón 31:3, 2Krón 31:15	…2 Chronicles 31:23; 2 Chronicles 31:31; 2 Chronicles 31:33; ⟦2 Chronicles 31:35⟧; 2 Chronicles 31:39; 2 Chronicles 31:43; 2Chron 8:19; 8:22;…
H5674	3263	Numbers 6:50	—	Num 6:5	4Móz 6:5	vers_tullepes	kezi	—	illesztheto (1/1)	a Strong-proba nem szelektiv (a szo egy veletlen 3 verses ablakban 6% esellyel all; a veletlen talalat varhato szama 7 jelolt hely kozott 0.45), fuggetlen forras nincs	…vercome with wine). g. of razor passing over head, with עַל ⟦Numbers 6:50⟧; figurative of time passing over one, with עַלֿ 1Chr 29:30 …
H5674	15265	Psalm 88:39	—	Psa 89:39	Zsolt 89:39	vers_tullepes	kezi	78:21;78:59	illesztheto (1/1)	a Strong-proba nem szelektiv (a szo egy veletlen 3 verses ablakban 6% esellyel all; a veletlen talalat varhato szama 6 jelolt hely kozott 0.38), fuggetlen forras nincs	…ious, with בְּ person Deut 3:26; Psa 78:62; with עִם person ⟦Psalm 88:39⟧; absolute 78:21; 78:59 (all of God); of man, with עַל of th…
H5676	2677	1Kin 14:5	—	1Sam 14:5	1Sám 14:5	mas_konyv_ervenyes_fejezettel	kezi	—	—	a forrasbeli hely is letezik; a mas konyvbeli talalat mellett nincs eleg lanc/csoport-tamasz (E=0.21, lanc 0, a forrasbeli konyvben 0) es fuggetlen forras	…5 (E; Kt Qr ׳מֵע), ׳מֵע 2Sam 10:16 = 1Chr 19:16 beyond, and ⟦1Kin 14:5⟧ to the other side of (see מִן 1c); ׳מֵע from beyond the riv…
H5682	205	Deuteronomy 33:48	—	—	—	vers_tullepes	kezi	—	—	tobb egyenrangu jelolt: 4Móz 33:48, 5Móz 32:48	… both P), and הָע ׳הָרֵי Deuteronomy 33:47 (נְבוֺ לִפְנֵי), ⟦Deuteronomy 33:48⟧ (P); alone only מֵעֲבָרִים צַעֲקִי Jer 22:20; the mountaino…
H5704	3015	Genesis 32:35	—	—	—	vers_tullepes	kezi	33:3;34:5;3:19;19:22;27:45;8:7	illesztheto (1/1)	tobb egyenrangu jelolt: 1Móz 32:3, 1Móz 32:5, 1Móz 32:25, 1Móz 32:31, 1Móz 32:32, 1Móz 32:33	… (b) followed by infinitive, both of past time, as Gen 8:7; ⟦Genesis 32:35⟧ הַשַּׁחַר עֲלוֺת עַד, 33:3; 34:5, and especially future tim…
H5704	9645	2Chron 31:30	—	—	—	vers_tullepes	kezi	—	illesztheto (1/1)	tobb egyenrangu jelolt: 1Móz 31:30, 5Móz 31:30, 2Krón 31:10, 2Krón 34:30	… 17:12; 26:8; לִמְאֹד עַד16:14; לְשִׂמְחָה עַד29:30 לָרֹב עַד⟦2Chron 31:30⟧; מַרְמֵּא לְאֵין עַד36:16.
H5710	382	Prov 38:19	—	—	—	psi_maradek	kezi	—	—	N-F34 maradek sora; nincs olyan konyv/vers, ahol a hely letezik es a Strong-proba vagy a fuggetlen forras igazolna	…ciple בֶּגֶד מַעֲדֶה Prov 25:20 removing a garment (compare ⟦Prov 38:19⟧ ᵑ7, Jonah 3:6 Hebrew and ᵑ7). II. עָדָה verb ornament, deck…
H5712	984	2 Chron 12:20	—	—	—	vers_tullepes	kezi	—	illesztheto (1/1)	tobb egyenrangu jelolt: 2Móz 12:20, 1Kir 12:20	…n 8:5 (= 2Chr 5:6) ישׂ עדת ׳כל of those gathered to Solomon; ⟦2 Chron 12:20⟧ העדה of assembly at Shechem; Jer 6:18 (text very dubious); …
H5750	494	Isaiah 4:18	—	—	—	vers_tullepes	kezi	—	illesztheto (1/1)	tobb egyenrangu jelolt: 2Móz 4:18, JSir 4:18, Jóel 4:18	…ever עוֺדוֺ), עוֺדֶנָּה 1Kin 1:22, עוֺדָהּ Isa 28:4; עוֺדָם ⟦Isaiah 4:18⟧; Est 6:14, 3feminine plural עוֺדֶינָה Lam 4:17 Kt (Qr 1 plu…
H5750	974	43:7	—	—	—	lanc_lehetetlen	kezi	—	van forditas	konyv nelkuli, lancolt igehely: az orokolt konyvben (2Krón, a '2Chr 34:3' token utan) a fejezet nem letezik; a gepi csere csak konyvjelolt tokent cserel	… 34:3), 29:7 גדול היום עוד הן the day is still high, 31:14; ⟦43:7⟧ חַי אֲבִיכֶם הַעוֺד, 2Chron 43:27; 2Chron 45:3; Exod 4:18; …
H5766	971	Psalm 125:16	—	—	—	vers_tullepes	kezi	—	—	nincs olyan konyv/vers, ahol a hely letezik es a Strong-proba vagy a fuggetlen forras igazolna	…ה); עַוְלָ֫תָה Psa 125:3; Psalm 92:16 (Qr) + 2 t.; עֹלָ֫תָה ⟦Psalm 125:16⟧ (Kt) Job 5:16; plural עוֺלוֺת Psa 58:3; 64:7; — 1 violent d…
H5768	294	2Kin 8:2	—	Psa 8:2	Zsolt 8:2	mas_konyv_ervenyes_fejezettel	kezi	—	—	a forrasbeli hely is letezik; a mas konyvbeli talalat mellett nincs eleg lanc/csoport-tamasz (E=0.07, lanc 0, a forrasbeli konyvben 0) es fuggetlen forras	…fix עֹלָלַיִךְ Psa 137:9, עֹלָלֶיהָ Micah 2:9 +, עֹלְלֵיהֶם ⟦2Kin 8:2⟧ +, etc.; — child Micah 2:9; Lam 2:19-20, 4:4; + יוֺנֵק (som…
H5769	3699	1 Chronicles 26:34	—	1Chr 16:34	1Krón 16:34	vers_tullepes	kezi	26:41	illesztheto (1/1)	a Strong-proba nem szelektiv (a szo egy veletlen 3 verses ablakban 5% esellyel all; a veletlen talalat varhato szama 15 jelolt hely kozott 0.80), fuggetlen forras nincs	…1:3; 1Kin 10:9; חסד Isa 54:8; Psa 89:2; 138:8; ׳לע חַסְדּוֺ ⟦1 Chronicles 26:34⟧; 1 Chronicles 26:41; 2Chr 5:13; 7:3, 6; 20:21; Ezra 3:11; P…
H5769	3719	1 Chronicles 26:41	—	1Chr 16:41	1Krón 16:41	vers_tullepes	kezi	26:34	illesztheto (1/1)	a Strong-proba nem szelektiv (a szo egy veletlen 3 verses ablakban 5% esellyel all; a veletlen talalat varhato szama 11 jelolt hely kozott 0.59), fuggetlen forras nincs	…Isa 54:8; Psa 89:2; 138:8; ׳לע חַסְדּוֺ 1 Chronicles 26:34; ⟦1 Chronicles 26:41⟧; 2Chr 5:13; 7:3, 6; 20:21; Ezra 3:11; Psa 100:5; 106:1; 107…
H5769	4905	Leviticus 10:31	—	—	—	vers_tullepes	kezi	3:17;10:34;7:36;10:9;16:29;17:7;23:14;23:21;23:31;23:41;24:3;24:8	illesztheto (1/1)	tobb egyenrangu jelolt: Péld 10:31, 3Móz 16:31	…14; 12:17; 27:21; 28:43; 29:9; Lev 3:17; 7:36; 10:9; 16:29; ⟦Leviticus 10:31⟧; Leviticus 10:34; 17:7; 23:14; 23:21; 23:31; 23:41; 24:3; 2…
H5769	4922	Leviticus 10:34	—	—	—	vers_tullepes	kezi	17:7;23:14;23:21;23:31;23:41;24:3;24:8;3:17;10:31;7:36;10:9;16:29	illesztheto (1/1)	tobb egyenrangu jelolt: 3Móz 10:14, 3Móz 16:34	… 28:43; 29:9; Lev 3:17; 7:36; 10:9; 16:29; Leviticus 10:31; ⟦Leviticus 10:34⟧; 17:7; 23:14; 23:21; 23:31; 23:41; 24:3; 24:8; Num 10:8; 15…
H5769	2978	49:12	—	—	—	lanc_lehetetlen	kezi	—	van forditas	konyv nelkuli, lancolt igehely: az orokolt konyvben (Jóel, a 'Joel 4:20' token utan) a fejezet nem letezik; a gepi csere csak konyvjelolt tokent cserel	…81:16; Obadiah 10; לע ׳ישׁב of Judah Joel 4:20; (3) families ⟦49:12⟧; Isa 14:20; the dynasty of Saul 1Sam 13:13; house of Eli 2:…
H5771	101	Exodus 21:43	—	Exod 28:43	2Móz 28:43	vers_tullepes	kezi	—	illesztheto (1/1)	a Strong-proba nem szelektiv (a szo egy veletlen 3 verses ablakban 3% esellyel all; a veletlen talalat varhato szama 10 jelolt hely kozott 0.28), fuggetlen forras nincs	…4 iniquity, guilt, or punishment of iniquity; — ׳ע absolute ⟦Exodus 21:43⟧ +; עָווֺן 2Kin 7:9; Psa 51:7; construct עֲוֺן Gen 15:16 +; …
H5774	1271	Deut 32:11	—	Ezek 32:11	Ez 32:11	mas_konyv_ervenyes_fejezettel	kezi	—	—	a forrasbeli hely is letezik; a mas konyvbeli talalat mellett nincs eleg lanc/csoport-tamasz (E=0.03, lanc 0, a forrasbeli konyvben 0) es fuggetlen forras	…otectingly) Isa 31:5 (birds, simile of ׳י; on sense compare ⟦Deut 32:11⟧). 2 fly away, to a distance, Psa 55:7 (figurative; || נְדֹד…
H5774	2638	1Sam 14:28	—	Isa 14:28	Ézs 14:28	mas_konyv_ervenyes_fejezettel	kezi	14:31	—	a forrasbeli hely is letezik; a mas konyvbeli talalat mellett nincs eleg lanc/csoport-tamasz (E=0.03, lanc 0, a forrasbeli konyvben 0) es fuggetlen forras	…3masculine singular וַיָּ֫עַף Judg 4:21 (< וְיָעֵף GFM Bu), ⟦1Sam 14:28⟧ (strike out We Bu Kit Löhr, emendation HPS), 14:31 (read וַ…
H5782	3713	73:20	—	—	—	lanc_lehetetlen	kezi	—	—	konyv nelkuli, lancolt igehely: az orokolt konyvben (Jóel, a 'Joel 4:9' token utan) a fejezet nem letezik; a gepi csere csak konyvjelolt tokent cserel	… plural הָעִירוּ Joel 4:9; Infinitive בָּעִיר (= בְּהָעִיר) ⟦73:20⟧ (Ges^§ 53q); Participle מֵעִיר Isa 13:17 +, suffix מְעִירָם…
H5782	4061	13:17	—	—	—	lanc_lehetetlen	kezi	—	—	konyv nelkuli, lancolt igehely: az orokolt konyvben (Jóel, a 'Joel 4:7' token utan) a fejezet nem letezik; a gepi csere csak konyvjelolt tokent cserel	…Isa 45:13; with מִן local 41:2, 25; Joel 4:7; + עַל against ⟦13:17⟧, compare Jer 50:9; 51:1; Ezek 23:22; פ אֶתרֿוּחַ ׳הֵעִיר Je…
H5826	1566	Deut 32:8	—	2Chr 32:8	2Krón 32:8	mas_konyv_ervenyes_fejezettel	kezi	—	—	a forrasbeli hely is letezik; a mas konyvbeli talalat mellett nincs eleg lanc/csoport-tamasz (E=0.09, lanc 0, a forrasbeli konyvben 0) es fuggetlen forras	… (suffix of city), 109:26 (|| הוֺשִׁיעַ); subject false gods ⟦Deut 32:8⟧; 2Chr 28:23; with לְ person 2Sam 8:5 + 1Chr 18:5 4t. + 2Sam…
H5848	579	Psalm 65:15	—	—	—	vers_tullepes	kezi	73:6	—	tobb egyenrangu jelolt: Zsolt 65:13, Zsolt 65:14	…3masculine plural יַעַטְפוּ Psalm 65:14; — envelop oneself: ⟦Psalm 65:15⟧; the valleys cover themselves with corn (|| לָבַשׁ); לָ֑מוֺ׳…
H5871	246	1Chr 19:7	—	Josh 19:7	Józs 19:7	mas_konyv_ervenyes_fejezettel	kezi	4:32	—	a forrasbeli hely is letezik; a mas konyvbeli talalat mellett nincs eleg lanc/csoport-tamasz (E=0.01, lanc 0, a forrasbeli konyvben 1) es fuggetlen forras	…16 (but ᵐ5^B Ασα read עָשָׁן, as 1Chr 6:44), apparently = b. ⟦1Chr 19:7⟧ (+ ׳ר; assigned to Simeon), ׳וָע ׳ר 4:32 (read probably ר ׳…
H5872	94	1Sam 23:29	—	—	—	vers_tullepes	kezi	24:1	—	nincs olyan konyv/vers, ahol a hely letezik es a Strong-proba vagy a fuggetlen forras igazolna	… name, of a location Ενγαδδει, etc.; — מְצָדֹת גֶּ֑דִי עֵין ⟦1Sam 23:29⟧, ע ׳מִדְבַּר 24:1, ע ׳כַּרְמֵי Song 1:14; ׳ע = תָּמָר חַצְצ…
H5920	18868	Genesis 16:17	—	—	—	vers_tullepes	kezi	24:13;29:2;41:1	—	nincs olyan konyv/vers, ahol a hely letezik es a Strong-proba vagy a fuggetlen forras igazolna	… beside water, Gen 14:16 עַלהַֿמִּדְבָּר by the wilderness, ⟦Genesis 16:17⟧ הַמַּיִם עֵין עַל by the spring of water, 24:13, 30; 29:2 t…
H5920	20790	Zechariah 4:16	—	—	—	vers_tullepes	kezi	—	—	nincs olyan konyv/vers, ahol a hely letezik es a Strong-proba vagy a fuggetlen forras igazolna	…s heavenly ministers, 1Kin 22:19 (compare Isa 6:2 לו ממעל), ⟦Zechariah 4:16⟧, and with התיצב Zech 6:5; Job 1:6; 2:1; also of one standin…
H5920	22838	Psalm 125:6	—	—	—	vers_tullepes	kezi	128:6	—	nincs olyan konyv/vers, ahol a hely letezik es a Strong-proba vagy a fuggetlen forras igazolna	…over or upon, 33:11; 117:2), 116:12; 145:9; Ezra 3:11, שׁלום ⟦Psalm 125:6⟧; Psa 128:6; 1Chr 22:9. (c) Introducing the object upon whic…
H5920	31414	Jeremiah 32:51	—	—	—	vers_tullepes	kezi	16:11;22:9	—	nincs olyan konyv/vers, ahol a hely letezik es a Strong-proba vagy a fuggetlen forras igazolna	…t 29:24 (in answer to מה על: so 1Kin 9:9; Jer 16:11; 22:9), ⟦Jeremiah 32:51⟧ (twice in verse); 1Sam 24:6; 2Sam 3:30; 6:8; 8:10; 12:6; Ps…
H5920	35276	Ki 3:27	—	—	—	nem_lekepezett_alak	kezi	18:14	—	nincs olyan konyv/vers, ahol a hely letezik es a Strong-proba vagy a fuggetlen forras igazolna	… מֵעַל יוֺאָב ויָּשָׁב, 20:21 הָעִיר מֵעַל וְאֵעלכָה, 20:22; ⟦Ki 3:27⟧; 18:14, especially with נַעֲלָה עָלָה, 1Kin 15:19; Jer 21:2…
H5920	22120	3:29	—	—	—	lanc_lehetetlen	kezi	—	—	konyv nelkuli, lancolt igehely: az orokolt konyvben (Hós, a 'Hosea 12:15' token utan) a vers nem letezik; a gepi csere csak konyvjelolt tokent cserel	…:2 ᵐ5 We Dr), Judg 9:24; 1Kin 2:32; 2Sam 16:8; Hosea 12:15; ⟦3:29⟧; 15:14; 1Sam 11:2 חרפה; Jer 14:16; 26:15 נקי דם (|| אל), Jo…
H5920	22126	15:14	—	—	—	lanc_lehetetlen	kezi	—	—	konyv nelkuli, lancolt igehely: az orokolt konyvben (Hós, a 'Hosea 12:15' token utan) a fejezet nem letezik; a gepi csere csak konyvjelolt tokent cserel	…We Dr), Judg 9:24; 1Kin 2:32; 2Sam 16:8; Hosea 12:15; 3:29; ⟦15:14⟧; 1Sam 11:2 חרפה; Jer 14:16; 26:15 נקי דם (|| אל), Jonah 1:1…
H5927	2360	Exod 20:23	—	—	—	mas_konyv_ervenyes_fejezettel	kezi	20:26	illesztheto (1/1)	tobb egyenrangu jelolt: Bír 20:23, 1Kir 20:23	…22, 29, etc.; with עַל upon, altar by (ב) steps, of priest, ⟦Exod 20:23⟧ (Gi; van d. H. 20:26; E) the roof Josh 2:8; Judg 9:51, bed …
H5930	142	Numbers 28:37	—	—	—	vers_tullepes	kezi	—	illesztheto (1/1)	tobb egyenrangu jelolt: 4Móz 28:3, 4Móz 28:7, 4Móz 28:27, 4Móz 28:30, 4Móz 28:31, 4Móz 29:37	…√ 6) to heaven (al. on altar)); — ׳ע Gen 22:3 141t.; עוֺלָה ⟦Numbers 28:37⟧ 33t.; construct עֹלַת Exod 29:42 27t., עוֺלַת Num 28:24 2t.…
H5930	1348	Exod 29:28	—	—	—	mas_konyv_ervenyes_fejezettel	kezi	—	illesztheto (1/1)	tobb egyenrangu jelolt: 4Móz 29:28, 2Krón 29:28	…ּת עֹלַת Num 28:10. A ram was offered by Aaron and his sons ⟦Exod 29:28⟧; Lev 8:18; 9:2; 16:3, 5; but a young bullock was of greater…
H5971	3068	Ezekiel 26:30	—	—	—	vers_tullepes	kezi	—	illesztheto (1/1)	tobb egyenrangu jelolt: Ez 26:3, Ez 26:10, Ez 26:20, Ez 22:30	…ng 1Kin 9:23; superior persons Job 12:2 (iron.); עוֺלָם עַם ⟦Ezekiel 26:30⟧ people of long ago (now in Sh®°ôl). 5 phrases are: a. (עַמְ…
H5973	2034	2 Chron 16:19	—	—	—	vers_tullepes	kezi	28:10	illesztheto (1/1)	tobb egyenrangu jelolt: 1Sám 16:19, 2Kir 16:19, 2Krón 16:9, 2Krón 16:10, 2Krón 16:11, 2Krón 16:12, 2Krón 16:13, 2Krón 16:14	…ק וְצוּר, 29:20 עמדי חָדָשׁ כבודי, 2Chr 14:5 מלחמה עמו ואין, ⟦2 Chron 16:19⟧ מלחמות עמך ישׁ, 28:10 אֲשָׁמוֺת עִמָּכֶם. Hence, in particula…
H5973	11550	Esther 7:17	—	—	—	vers_tullepes	kezi	—	illesztheto (1/1)	tobb egyenrangu jelolt: Eszt 7:1, Eszt 7:7	… מֵעִמּוֺ הָרָעָה כָֽלְתָה כִּי, 20:9; 20:33 (compare מֵאֵת ⟦Esther 7:17⟧); especially of ׳י (compare מֵאֵת c), Gen 41:32 הא מֵעִם הַ…
H5975	7731	2Ki 31:2	—	2Chr 31:2	2Krón 31:2	fejezet_tullepes	kezi	—	illesztheto (1/1)	N-F34 maradek sora; a Strong-proba nem szelektiv (a szo egy veletlen 3 verses ablakban 6% esellyel all; a veletlen talalat varhato szama 12 jelolt hely kozott 0.77), fuggetlen forras nincs	…33:8 (|| 2Kin 21:8 נָתַן); appoint courses of priests 8:14; ⟦2Ki 31:2⟧, compare Neh 13:30; ordain commandments, עַל person 10:33, …
H6031	3022	Ezekiel 8:21	—	Ezra 8:21	Ezsd 8:21	vers_tullepes	kezi	—	—	a Strong-proba nem szelektiv (a szo egy veletlen 3 verses ablakban 1% esellyel all; a veletlen talalat varhato szama 24 jelolt hely kozott 0.28), fuggetlen forras nincs	…ative הִתְעַנִּי Gen 16:9; Infinitive construct הִתְעַנּוֺת ⟦Ezekiel 8:21⟧; Dan 10:12; — 1 humble oneself (with יָדֶיהָ תַּחַת) Gen 16…
H6040	116	2Sam 16:12	—	Gen 16:12	1Móz 16:12	mas_konyv_ervenyes_fejezettel	kezi	—	—	a forrasbeli hely is letezik; a mas konyvbeli talalat mellett nincs eleg lanc/csoport-tamasz (E=0.07, lanc 0, a forrasbeli konyvben 0) es fuggetlen forras	…׳ע Exod 3:7 +; עֹ֑נִי Deut 16:3 +, ע֑וֺנִי Psa 107:41, עוני ⟦2Sam 16:12⟧ (Kt, but read עָנְיִי; > Qr עֵינִי !); suffix עָנְיִי Gen 3…
H6040	671	2Sam 16:12	—	Gen 16:12	1Móz 16:12	mas_konyv_ervenyes_fejezettel	kezi	—	—	a forrasbeli hely is letezik; a mas konyvbeli talalat mellett nincs eleg lanc/csoport-tamasz (E=0.07, lanc 0, a forrasbeli konyvben 0) es fuggetlen forras	…b ᵐ5 Th We Dr Kit Bu HPS; בע ׳ראה Gen 29:32 (J), 1Sam 1:11; ⟦2Sam 16:12⟧ (see above); ע ׳שׁמע Gen 16:11 (J); מע ׳העלה Exod 3:17 (J); …
H6057	351	17:23	—	—	—	lanc_lehetetlen	kezi	—	—	konyv nelkuli, lancolt igehely: az orokolt konyvben (Mal, a 'Malachi 3:19' token utan) a fejezet nem letezik; a gepi csere csak konyvjelolt tokent cserel	…8; singular absolute (in figurative) Malachi 3:19, of cedar ⟦17:23⟧; 31:3.
H6057	358	31:3	—	—	—	lanc_lehetetlen	kezi	—	—	konyv nelkuli, lancolt igehely: az orokolt konyvben (Mal, a 'Malachi 3:19' token utan) a fejezet nem letezik; a gepi csere csak konyvjelolt tokent cserel	…ular absolute (in figurative) Malachi 3:19, of cedar 17:23; ⟦31:3⟧.
H6113	1923	2 Samuel 24:27	—	—	—	vers_tullepes	kezi	—	—	tobb egyenrangu jelolt: 2Sám 24:20, 2Sám 24:21, 2Sám 24:22, 2Sám 24:24, 2Sám 24:25	…ֱצָ֑רָה Numbers 17:15; Imperfect3feminine singular תֵּעָצַר ⟦2 Samuel 24:27⟧ = 1Chr 21:22, וַתֵּעָצַר Num 17:13; 25:8 (P) 2Sam 24:25; Ps…
H6194	252	50:26	—	—	—	lanc_lehetetlen	kezi	—	—	konyv nelkuli, lancolt igehely: az orokolt konyvben (Neh, a 'Nehemiah 3:34' token utan) a fejezet nem letezik; a gepi csere csak konyvjelolt tokent cserel	…26; — heap of rubbish (עָפָר) Nehemiah 3:34; ׳ע = ruin-heap ⟦50:26⟧; = grain-heap (of threshed grain, unthreshed, according to …
H6213	1674	Proverbs 31:39	—	—	—	vers_tullepes	kezi	—	illesztheto (1/1)	tobb egyenrangu jelolt: Péld 31:29, Péld 31:30	…; ׳ע חַיִל 1Sam 14:48 + do might, i.e. mightily, valiantly; ⟦Proverbs 31:39⟧ do efficiency, i.e. efficiently; = commit (offence) Lev 20:…
H6213	2592	2 Kings 8:66	—	—	—	vers_tullepes	kezi	—	illesztheto (1/1)	tobb egyenrangu jelolt: 1Kir 8:66, 2Kir 8:26	…; especially ׳י subject, with לְ, do good to Exod 18:9 (E), ⟦2 Kings 8:66⟧, or evil Gen 42:28 (E); in phrase so may God do to me, etc.…
H6213	6025	Job 32:23	—	—	—	vers_tullepes	kezi	—	illesztheto (1/1)	tobb egyenrangu jelolt: 2Móz 32:23, 4Móz 32:23, Jer 32:23, Jób 32:21, Jób 32:22	…rpretation of following words); עשֶֹׁךָ Isa 51:13, עשֵֹׁנִי ⟦Job 32:23⟧ (Ginsb; Job 32:22 van d. H. Baer), עשֵֹׁנוּ Psa 95:6; so ap…
H6213	10902	Ezekiel 12:35	—	Exod 12:35	2Móz 12:35	vers_tullepes	kezi	12:38	illesztheto (1/1)	a lancolt/csoportbeli helyek kozul 1/1 is ebben a konyvben igazolt (a forrasbeli konyvben 0); a Strong-proba nem szelektiv (a szo egy veletlen 3 verses ablakban 30% esellyel all; a veletlen talalat varhato szama 9 jelolt hely kozott 0.79), fuggetlen forras nincs	….e. future Isa 46:10; be accomplished, performed, fulfilled ⟦Ezekiel 12:35⟧; Ezekiel 12:38; Dan 11:36; Est 5:5; 7:2; 9:12; be executed,…
H6213	10917	Ezekiel 12:38	—	Exod 12:38	2Móz 12:38	vers_tullepes	kezi	12:35	illesztheto (1/1)	a lancolt/csoportbeli helyek kozul 1/1 is ebben a konyvben igazolt (a forrasbeli konyvben 0); a Strong-proba nem szelektiv (a szo egy veletlen 3 verses ablakban 30% esellyel all; a veletlen talalat varhato szama 8 jelolt hely kozott 0.70), fuggetlen forras nincs	…46:10; be accomplished, performed, fulfilled Ezekiel 12:35; ⟦Ezekiel 12:38⟧; Dan 11:36; Est 5:5; 7:2; 9:12; be executed, carried out, o…
H6213	12104	2 Kings 24:22	—	—	—	vers_tullepes	kezi	24:23	illesztheto (1/1)	tobb egyenrangu jelolt: 3Móz 24:22, 2Krón 24:22, Ez 24:22	…ָה Lev 2:8, 11, kid Num 28:15, 24. e. be observed, passover ⟦2 Kings 24:22⟧; 2 Kings 24:23 (ל of deity) = 2Chr 35:18-19, Purim Est 9:28…
H6213	12119	2 Kings 24:23	—	—	—	vers_tullepes	kezi	24:22	illesztheto (1/1)	tobb egyenrangu jelolt: 3Móz 24:23, 2Krón 24:23, Ez 24:23	… kid Num 28:15, 24. e. be observed, passover 2 Kings 24:22; ⟦2 Kings 24:23⟧ (ל of deity) = 2Chr 35:18-19, Purim Est 9:28. f. be used + …
H6218	337	2Kin 25:8	—	Lev 25:8	3Móz 25:8	mas_konyv_ervenyes_fejezettel	kezi	—	—	a forrasbeli hely is letezik; a mas konyvbeli talalat mellett nincs eleg lanc/csoport-tamasz (E=0.03, lanc 0, a forrasbeli konyvben 0) es fuggetlen forras	…h 4:19 (all P), 2Kin 25:1 = Jer 52:4, 12 (seventh day in || ⟦2Kin 25:8⟧). 2 of strings of instrument: ע ׳נֵבֶל harp, a ten (-string…
H6240	1976	Nah 5:14	—	Neh 5:14	Neh 5:14	fejezet_tullepes	kezi	—	illesztheto (1/1)	N-F34 maradek sora; a Strong-proba nem szelektiv (a szo egy veletlen 3 verses ablakban 4% esellyel all; a veletlen talalat varhato szama 27 jelolt hely kozott 1.02), fuggetlen forras nincs	…in verse); Est 3:13; 8:5, etc. (even עֶשְׂרֵה שְׁתֵּים שָׁנִים ⟦Nah 5:14⟧), but שָׁנָה precedes ordinal 1Kin 6:38, שְׁנַת 15:1 8t., so …
H6242	813	Zechariah 5:12	—	—	—	vers_tullepes	kezi	—	illesztheto (1/1)	tobb egyenrangu jelolt: 1Kir 5:12, 2Krón 5:12, Zak 5:1, Zak 5:2	…ice in verse); 27:11 (twice in verse) + 4 t. f. + בָּאַמָּה ⟦Zechariah 5:12⟧. 2 + other number: a. with units, usually 20 + (with וְ) un…
H6258	2258	Genesis 20:23	—	—	—	vers_tullepes	kezi	27:3;30:30;31:16;37:20	illesztheto (1/1)	tobb egyenrangu jelolt: 1Móz 21:23, 1Móz 26:23, 1Móz 50:23	… been disobedient), lest he put forth his hand, etc., 20:7; ⟦Genesis 20:23⟧ הֵ֫נָּה לִי הִשָּֽׁבְעָה וְעַתָּה, 27:3, 8 בקולי שְׁמַע בני …
H6262	111	2Chr 11:20	2Krón	—	—	osszeolvadt_alak	kezi	—	—	jelentesszam tapadt a szamozott konyvhoz (2Chr 11:20); a konyv nem hibas, a javitas szokoz-beszuras lenne -- konyvneven tuli OCR, nem e feladat hataskore	… 1 of Judah 1Chr 2:35 (עַתָּ֑י), 2:36. 2 of Gad 1Chr 12:11 3⟦2Chr 11:20⟧
H6340	793	Est 3:3	—	Joel 3:3	Jóel 3:3	mas_konyv_ervenyes_fejezettel	kezi	—	—	a forrasbeli hely is letezik; a mas konyvbeli talalat mellett nincs eleg lanc/csoport-tamasz (E=0.05, lanc 0, a forrasbeli konyvben 0) es fuggetlen forras	…ney Psa 112:9 (alms), Prov 11:24. Pu`al Participle מְפֻוָּר ⟦Est 3:3⟧ scattered, of Israel I, II. מַּח see פחח.
H6437	4115	Nah 47:3	—	—	—	psi_maradek	kezi	—	illesztheto (1/1)	N-F34 maradek sora; tobb egyenrangu jelolt: Jer 47:3, Ez 47:3	…:24; opposed to נָסוּ 46:5, compare Nahum 2:9; + אֶל person ⟦Nah 47:3⟧. Hoph`al Imperative masculine plural הָפְנוּ Jer 49:8 (Ges^…
H6440	3479	Job 25:7	—	—	—	vers_tullepes	kezi	41:5	illesztheto (1/1)	tobb egyenrangu jelolt: 2Krón 25:7, Péld 25:7, Ézs 25:7, Jób 2:7, Jób 15:7, Jób 21:7, Jób 22:7	… of God's throne (but Bu reads כֶּסֶה fullmoon); ׳פ הַלּוֺט ⟦Job 25:7⟧ see [ לוּט; ׳פ לְבוּשׁוֺ 41:5 the expanse of his [the crocod…
H6440	8453	2 Chron 24:51	—	—	—	vers_tullepes	kezi	14:6	illesztheto (1/1)	tobb egyenrangu jelolt: 1Móz 24:51, 2Krón 24:15	…ֶץ הֲלֹא (compare 20:15; 34:10; 47:6; Jer 40:4; 2Chr 14:6), ⟦2 Chron 24:51⟧; Song 8:12. (g) in the sight (estimation) of, Gen 7:1 thee …
H6440	14746	2Ki 36:12	—	2Chr 36:12	2Krón 36:12	fejezet_tullepes	kezi	—	illesztheto (1/1)	N-F34 maradek sora; a Strong-proba nem szelektiv (a szo egy veletlen 3 verses ablakban 24% esellyel all; a veletlen talalat varhato szama 9 jelolt hely kozott 2.20), fuggetlen forras nincs	…1:29 ( + מפני), 2Chr 32:12, 23; 34:27 [|| 2Kin 22:19 מפני], ⟦2Ki 36:12⟧; crying for help 1Sam 8:18 [compare מפני Exod 3:7], singing…
H6440	19600	Zech 17:3	—	Num 17:3	4Móz 17:3	fejezet_tullepes	kezi	14:4;17:5	illesztheto (1/1)	N-F34 maradek sora; a lancolt/csoportbeli helyek kozul 2/2 is ebben a konyvben igazolt (a forrasbeli konyvben 1); a Strong-proba nem szelektiv (a szo egy veletlen 3 verses ablakban 24% esellyel all; a veletlen talalat varhato szama 19 jelolt hely kozott 0.28), fuggetlen forras nincs	…he Mt. of Olives, east of Jews.; so 2Kin 23:13; Zech 14:4), ⟦Zech 17:3⟧; Zech 17:5. — Gen 1:20 let fowl fly השׁמים רקיע עלפֿני in fr…
H6440	19611	Zech 17:5	—	Num 17:5	4Móz 17:5	fejezet_tullepes	kezi	14:4;17:3	illesztheto (1/1)	N-F34 maradek sora; a lancolt/csoportbeli helyek kozul 2/2 is ebben a konyvben igazolt (a forrasbeli konyvben 1); a Strong-proba nem szelektiv (a szo egy veletlen 3 verses ablakban 24% esellyel all; a veletlen talalat varhato szama 19 jelolt hely kozott 0.28), fuggetlen forras nincs	…lives, east of Jews.; so 2Kin 23:13; Zech 14:4), Zech 17:3; ⟦Zech 17:5⟧. — Gen 1:20 let fowl fly השׁמים רקיע עלפֿני in front of the …
H6459	272	Exod 4:16	—	Deut 4:16	5Móz 4:16	mas_konyv_ervenyes_fejezettel	kezi	—	—	a forrasbeli hely is letezik; a mas konyvbeli talalat mellett nincs eleg lanc/csoport-tamasz (E=0.10, lanc 0, a forrasbeli konyvben 0) es fuggetlen forras	…g; — idol, as likeness of man or animal Exod 20:4=Deut 5:8; ⟦Exod 4:16⟧, 23, 25, also Deut 27:15; 2Kin 21:7; 2Chr 33:7; Isa 42:17; …
H6544	627	Ezek 32:25	—	Exod 32:25	2Móz 32:25	mas_konyv_ervenyes_fejezettel	kezi	—	—	a forrasbeli hely is letezik; a mas konyvbeli talalat mellett nincs eleg lanc/csoport-tamasz (E=0.01, lanc 0, a forrasbeli konyvben 0) es fuggetlen forras	…וֺרֵעַ Prov 13:18; 15:32; pass. מָּרוּעַ Lev 13:45, מָּרֻעַ ⟦Ezek 32:25⟧; — 1 let go, let loose, people, i.e. remove restraint from …
H6557	366	Isaiah 12:8	—	—	—	vers_tullepes	kezi	—	—	nincs olyan konyv/vers, ahol a hely letezik es a Strong-proba vagy a fuggetlen forras igazolna	…1. b. מְּרָצִים הַר Isa 28:21, perhaps = פ ׳בַּעַל q. v. p. ⟦Isaiah 12:8⟧. — compare מָּ֑רֶץ רִמֹּן. p.942.
H6586	377	Ezek 10:13	—	Ezra 10:13	Ezsd 10:13	mas_konyv_ervenyes_fejezettel	kezi	—	—	a forrasbeli hely is letezik; a mas konyvbeli talalat mellett nincs eleg lanc/csoport-tamasz (E=0.11, lanc 0, a forrasbeli konyvben 0) es fuggetlen forras	…ve absolute ?מָּשֹׁעַ Isa 59:13; construct מְּשֹׁעַ Amos 4:4; ⟦Ezek 10:13⟧; Participle מּשֵׁעַ Isa 48:8; מּשְׁעִים 1:28 +, etc.;- 1 rebe…
H6605	6114	Exod 39:9	—	—	—	mas_konyv_ervenyes_fejezettel	kezi	—	illesztheto (1/1)	tobb egyenrangu jelolt: Jób 39:9, Zsolt 39:9	…u`al Participle feminine plural חוֺתָם פִתּוּחֵי מְפֻתָּחֹת ⟦Exod 39:9⟧ (P) stones engraved with the engravings of signet. [מְּתַח]…
H6607	1157	Ezekiel 4:22	—	2Chr 4:22	2Krón 4:22	vers_tullepes	kezi	—	illesztheto (1/1)	a Strong-proba nem szelektiv (a szo egy veletlen 3 verses ablakban 2% esellyel all; a veletlen talalat varhato szama 24 jelolt hely kozott 0.48), fuggetlen forras nincs	…ֺ of temple 1Kin 6:33; Ezek 8:16, so ׳פ הַבַּית 47:1; Chron ⟦Ezekiel 4:22⟧; ׳פ הַדְּבִיר 1Kin 6:31, ׳פ הַצֵּלָע 6:8; Ezek 41:11 compar…
H6607	1801	1Kin 17:20	—	Prov 17:20	Péld 17:20	mas_konyv_ervenyes_fejezettel	kezi	—	illesztheto (1/1)	a forrasbeli hely is letezik; a mas konyvbeli talalat mellett nincs eleg lanc/csoport-tamasz (E=0.20, lanc 0, a forrasbeli konyvben 0) es fuggetlen forras	… 10:8, and (of farm or village) Judg 18:16-17, so ׳פ הָעִיר ⟦1Kin 17:20⟧; 1Chr 19:6 (= 2Sam 10:8 above), compare Gen 38:14; plural o…
H6623	90	Genesis 40:41	—	—	—	vers_tullepes	kezi	—	—	tobb egyenrangu jelolt: 1Móz 40:4, 1Móz 40:11	…i. 1, 154] noun masculine interpretation (of a dream), only ⟦Genesis 40:41⟧; — construct מִּתְרוֺן Gen 40:5; 41:11; suffix מִּתְרֹנוֺ 4…
H6635	3682	1 Samuel 7:27	—	2Sam 7:27	2Sám 7:27	vers_tullepes	kezi	—	illesztheto (1/1)	a Strong-proba nem szelektiv (a szo egy veletlen 3 verses ablakban 6% esellyel all; a veletlen talalat varhato szama 19 jelolt hely kozott 1.14), fuggetlen forras nincs	…י יִשְׂרָאֵל אֱלֹהֵי צְבָאֹת אֱלֹהֵי Jer 35:17; 38:17; 44:7; ⟦1 Samuel 7:27⟧ = 1Chr 17:24; Isa 21:10; 37:16; Isaiah 1st אֱלֹהֵי omitted …
H6666	850	Job 37:28	—	—	—	vers_tullepes	kezi	—	illesztheto (1/1)	tobb egyenrangu jelolt: Jób 37:22, Jób 37:23, Jób 37:24	…ernment, וצ ׳משׁפט עשׂה 99:4; Jer 9:23; administering justice ⟦Job 37:28⟧; punishment Isa 1:27; 5:16; 10:22; 28:17; Dan 9:7; vindicat…
H6666	1299	Isaiah 45:28	—	—	—	vers_tullepes	kezi	63:1	illesztheto (1/1)	tobb egyenrangu jelolt: Ézs 45:8, Ézs 45:22, Ézs 45:23, Ézs 45:24, Ézs 45:25	…sness = truthfulness, ובצ ׳באמת Isa 48:1; Zech 8:8; in word ⟦Isaiah 45:28⟧; Isa 63:1, oath Jer 4:2. 5 righteousness, as ethically righ…
H6666	2223	5:9	—	—	—	lanc_lehetetlen	kezi	—	van forditas	konyv nelkuli, lancolt igehely: az orokolt konyvben (Mal, a 'Malachi 3:20' token utan) a fejezet nem letezik; a gepi csere csak konyvjelolt tokent cserel	…ith healing); ׳י ׳בִּצ, delivers, guides, exalts his people ⟦5:9⟧; 31:2; 71:2; 89:17; 119:40; 143:1; 143:11; בְּצִדְקָתֶ֑ךָ א…
H6666	2228	31:2	—	—	—	lanc_lehetetlen	kezi	—	van forditas	konyv nelkuli, lancolt igehely: az orokolt konyvben (Mal, a 'Malachi 3:20' token utan) a fejezet nem letezik; a gepi csere csak konyvjelolt tokent cserel	…ealing); ׳י ׳בִּצ, delivers, guides, exalts his people 5:9; ⟦31:2⟧; 71:2; 89:17; 119:40; 143:1; 143:11; בְּצִדְקָתֶ֑ךָ אַליָֿב…
H6666	2234	71:2	—	—	—	lanc_lehetetlen	kezi	—	van forditas	konyv nelkuli, lancolt igehely: az orokolt konyvben (Mal, a 'Malachi 3:20' token utan) a fejezet nem letezik; a gepi csere csak konyvjelolt tokent cserel	…); ׳י ׳בִּצ, delivers, guides, exalts his people 5:9; 31:2; ⟦71:2⟧; 89:17; 119:40; 143:1; 143:11; בְּצִדְקָתֶ֑ךָ אַליָֿבאֹוּ 6…
H6666	2240	89:17	—	—	—	lanc_lehetetlen	kezi	—	van forditas	konyv nelkuli, lancolt igehely: az orokolt konyvben (Mal, a 'Malachi 3:20' token utan) a fejezet nem letezik; a gepi csere csak konyvjelolt tokent cserel	…׳בִּצ, delivers, guides, exalts his people 5:9; 31:2; 71:2; ⟦89:17⟧; 119:40; 143:1; 143:11; בְּצִדְקָתֶ֑ךָ אַליָֿבאֹוּ 69:28 (o…
H6666	2247	119:40	—	—	—	lanc_lehetetlen	kezi	—	van forditas	konyv nelkuli, lancolt igehely: az orokolt konyvben (Mal, a 'Malachi 3:20' token utan) a fejezet nem letezik; a gepi csere csak konyvjelolt tokent cserel	…delivers, guides, exalts his people 5:9; 31:2; 71:2; 89:17; ⟦119:40⟧; 143:1; 143:11; בְּצִדְקָתֶ֑ךָ אַליָֿבאֹוּ 69:28 (of wicked…
H6666	2255	143:1	—	—	—	lanc_lehetetlen	kezi	—	van forditas	konyv nelkuli, lancolt igehely: az orokolt konyvben (Mal, a 'Malachi 3:20' token utan) a fejezet nem letezik; a gepi csere csak konyvjelolt tokent cserel	…, guides, exalts his people 5:9; 31:2; 71:2; 89:17; 119:40; ⟦143:1⟧; 143:11; בְּצִדְקָתֶ֑ךָ אַליָֿבאֹוּ 69:28 (of wicked); as a…
H6666	2262	143:11	—	—	—	lanc_lehetetlen	kezi	—	van forditas	konyv nelkuli, lancolt igehely: az orokolt konyvben (Mal, a 'Malachi 3:20' token utan) a fejezet nem letezik; a gepi csere csak konyvjelolt tokent cserel	…s, exalts his people 5:9; 31:2; 71:2; 89:17; 119:40; 143:1; ⟦143:11⟧; בְּצִדְקָתֶ֑ךָ אַליָֿבאֹוּ 69:28 (of wicked); as accusativ…
H6666	2297	69:28	—	—	—	lanc_lehetetlen	kezi	—	van forditas	konyv nelkuli, lancolt igehely: az orokolt konyvben (Mal, a 'Malachi 3:20' token utan) a fejezet nem letezik; a gepi csere csak konyvjelolt tokent cserel	…2; 89:17; 119:40; 143:1; 143:11; בְּצִדְקָתֶ֑ךָ אַליָֿבאֹוּ ⟦69:28⟧ (of wicked); as accusative after verbs of declaring, etc., …
H6668	233	2Chr 4:16	—	—	—	osszeolvadt_alak	kezi	—	—	jelentesszam tapadt a szamozott konyvhoz (2Chr 4:16); a konyv nem hibas, a javitas szokoz-beszuras lenne -- konyvneven tuli OCR, nem e feladat hataskore	…polished bronze (so Late Hebrew and-apparently Hebraism - ᵑ7⟦2Chr 4:16⟧).
H6679	784	Hosea 9:13	—	Josh 9:13	Józs 9:13	mas_konyv_ervenyes_fejezettel	kezi	—	—	a forrasbeli hely is letezik; a mas konyvbeli talalat mellett nincs eleg lanc/csoport-tamasz (E=0.05, lanc 0, a forrasbeli konyvben 0) es fuggetlen forras	… accusative צְעָדֵינוּ Lam 4:18, יְקָרָה נֶפֶשׁ Prov 6:26. — ⟦Hosea 9:13⟧ read probably לָצוּד (or לָצַיִד), for לְצוֺר ᵑ0, see צֹר. …
H6756	371	2 Samuel 11:29	—	—	—	vers_tullepes	kezi	—	—	nincs olyan konyv/vers, ahol a hely letezik es a Strong-proba vagy a fuggetlen forras igazolna	…ne a hero of David 2 Samuel 2; 2Sam 23:28 (= עִילַי I Chron ⟦2 Samuel 11:29⟧), (Σ) ελλω, ᵐ5^L Ελιμαν. צַלְמָוֶת see III. צלל.
H6779	743	Isa 5:6	—	Job 5:6	Jób 5:6	mas_konyv_ervenyes_fejezettel	kezi	—	—	a forrasbeli hely is letezik; a mas konyvbeli talalat mellett nincs eleg lanc/csoport-tamasz (E=0.12, lanc 0, a forrasbeli konyvben 0) es fuggetlen forras	… 6:12, posterity Isa 44:4, compare Job 8:19, trouble(עָמָל) ⟦Isa 5:6⟧,truth (אֱמֶת) Psa 85:12, restoration (אֲרֻכָֽתְךָ) Isa 58:8…
H6805	424	Hab 63:1	—	—	—	psi_maradek	kezi	—	—	N-F34 maradek sora; nincs olyan konyv/vers, ahol a hely letezik es a Strong-proba vagy a fuggetlen forras igazolna	…, Hab 3:12 (with accusativeאֶרֶץ); read probably also צֹעֵד ⟦Hab 63:1⟧(for צֹעֶה ᵑ0, see צעה); of men, with accusative of congnate…
H6828	159	Jeremiah 26:26	—	Jer 25:26	Jer 25:26	vers_tullepes	kezi	—	illesztheto (1/1)	a Strong-proba nem szelektiv (a szo egy veletlen 3 verses ablakban 2% esellyel all; a veletlen talalat varhato szama 22 jelolt hely kozott 0.40), fuggetlen forras nincs	…remdw. 188 f.; perhaps Phoenician צפל north); — absolute ׳צ ⟦Jeremiah 26:26⟧ +, צָפֹ֫נָה northward Gen 13:14 +, oftener צָפ֫וֺנָה Jer 3:…
H6828	974	Ezekiel 25:23	—	Prov 25:23	Péld 25:23	vers_tullepes	kezi	—	illesztheto (1/1)	a Strong-proba nem szelektiv (a szo egy veletlen 3 verses ablakban 2% esellyel all; a veletlen talalat varhato szama 20 jelolt hely kozott 0.36), fuggetlen forras nincs	… [ יַרְכָה]); הַצּ ׳שַׁעַר 40:35 +, צ ׳מֶּתַח 42:2; צ ׳רוּחַ ⟦Ezekiel 25:23⟧ north wind, and so ׳צ alone Song 4:16; toward the north is …
H6845	872	21:19	—	—	—	lanc_lehetetlen	kezi	—	—	konyv nelkuli, lancolt igehely: az orokolt konyvben (Én, a 'Cant 7:14' token utan) a fejezet nem letezik; a gepi csere csak konyvjelolt tokent cserel	…are Job 23:12; + ל person Prov 13:22; Cant 7:14, subject ׳י ⟦21:19⟧ reserve penalty; blessings Psa 31:20; Prov 2:7 + מִן Job 17…
H6881	191	Dan 19:41	—	Josh 19:41	Józs 19:41	fejezet_tullepes	kezi	—	—	a(z) 'Dan' itt torzs- vagy szemelynev is lehet (elotte: 'assigned to'): a csere a nevet torolne	… named with Aialuna, Ajalon); — Josh 15:33, but assigned to ⟦Dan 19:41⟧; Judg 13:2, 25; 16:31; 18:2, 8, 11; 2Chr 11:10; Neh 11:29; …
H6895	307	Lev 24:11	—	Num 24:11	4Móz 24:11	mas_konyv_ervenyes_fejezettel	kezi	—	—	a forrasbeli hely is letezik; a mas konyvbeli talalat mellett nincs eleg lanc/csoport-tamasz (E=0.02, lanc 0, a forrasbeli konyvben 0) es fuggetlen forras	…ֺ 23:27; Imperfect3masculine singular וַיִּקֹּב (Ges^§ 67g) ⟦Lev 24:11⟧ (with accusative אֶתהַֿשֵּׁם); 2 masculine singular suffix …
H6913	331	Exod 32:23	—	Ezek 32:23	Ez 32:23	mas_konyv_ervenyes_fejezettel	kezi	—	—	a forrasbeli hely is letezik; a mas konyvbeli talalat mellett nincs eleg lanc/csoport-tamasz (E=0.05, lanc 0, a forrasbeli konyvben 0) es fuggetlen forras	… Job 21:32, construct קִבְרוֺת Neh 2:3 +, suffix קִבְרֹתָיו ⟦Exod 32:23⟧; 2Chr 16:14, etc.; — grave, sepulchre, Judg 8:32; 2Sam 2:32…
H6913	445	Genesis 23:30	—	—	—	vers_tullepes	kezi	49:30;50:13;23:4;23:9	—	tobb egyenrangu jelolt: 1Móz 23:3, 1Móz 23:10, 1Móz 23:20	… 8:32; 2Sam 2:32; 1Kin 13:22 +; ק ׳אֲחֻזַּת Gen 23:4; 23:9; ⟦Genesis 23:30⟧; 49:30; 50:13; hewn out (חָצַב) Isa 22:16 (twice in verse);…
H6923	335	Mic 17:3	—	—	—	psi_maradek	kezi	—	—	N-F34 maradek sora; nincs olyan konyv/vers, ahol a hely letezik es a Strong-proba vagy a fuggetlen forras igazolna	… אֲקַדֵּם Micah 6:6; Imperative masculine singular קַדְּמָה ⟦Mic 17:3⟧; — 1. a. meet, confront (with hostility) with accusative of…
H6925	640	Ezra 5:23	—	—	—	vers_tullepes	kezi	4:18;4:23	—	tobb egyenrangu jelolt: Dán 5:23, Ezsd 4:23; arameus szakasz: a heber Strong-proba itt nem szelektiv	… 6:11 (see Dr), 6:12; 6:13; 6:14; ק ׳קֱרִי Ezra 4:18; 4:23; ⟦Ezra 5:23⟧ (twice in verse); with שְׁפַר to seem fair Daniel 3:32; Dan …
H6942	2425	Exod 36:23	—	Ezek 36:23	Ez 36:23	mas_konyv_ervenyes_fejezettel	kezi	—	illesztheto (1/1)	a forrasbeli hely is letezik; a mas konyvbeli talalat mellett nincs eleg lanc/csoport-tamasz (E=0.10, lanc 0, a forrasbeli konyvben 0) es fuggetlen forras	…20. 3 honour as sacred, hallow: a. God Deut 32:51, his name ⟦Exod 36:23⟧. b priest Lev 21:8 (H). 4 consecrate by purification: a. pl…
H6965	2213	1 Samuel 24:42	—	—	—	vers_tullepes	kezi	—	illesztheto (1/1)	tobb egyenrangu jelolt: 1Sám 24:4, 1Sám 24:22, 1Sám 20:42, 1Sám 25:42	…eling (מִן + מִלִּפְנֵי location) 1Kin 8:54, from obeisance ⟦1 Samuel 24:42⟧; Est 8:4; from bending over (עַל) dead Gen 23:3 (P). b. out…
H6965	12040	Job 9:6	—	1Kin 9:6	1Kir 9:6	mas_konyv_ervenyes_fejezettel	kezi	14:18;18:4;38:12	illesztheto (1/1)	a lancolt/csoportbeli helyek kozul 1/3 is ebben a konyvben igazolt (a forrasbeli konyvben 0); a forrasbeli hely is letezik; a mas konyvbeli talalat mellett nincs eleg lanc/csoport-tamasz (E=0.15, lanc 1, a forrasbeli konyvben 0) es fuggetlen forras	…here it is set, stands) 1Kin 8:7 2Chr 5:8, earth Isa 13:13; ⟦Job 9:6⟧, rock 14:18; 18:4; compare 38:12, 19. b. station, where sol…
H6965	13255	Neh 4:6	—	Ruth 4:6	Ruth 4:6	mas_konyv_ervenyes_fejezettel	kezi	4:7;4:14	illesztheto (1/1)	a lancolt/csoportbeli helyek kozul 1/2 is ebben a konyvben igazolt (a forrasbeli konyvben 2); a forrasbeli hely is letezik; a mas konyvbeli talalat mellett nincs eleg lanc/csoport-tamasz (E=0.20, lanc 1, a forrasbeli konyvben 2) es fuggetlen forras	…al, place, locality, spot Gen 28:16-17, Judg 2:5; Amos 4:6; ⟦Neh 4:6⟧; 4:7; 4:14 +(221 t. in all); אַלְמֹנִי מְּלֹנִי מְקוֺם plac…
H6965	14098	Ecclesiastes 3:30	—	—	—	vers_tullepes	kezi	6:6	illesztheto (1/1)	nincs olyan konyv/vers, ahol a hely letezik es a Strong-proba vagy a fuggetlen forras igazolna	…ed Gen 1:9 (ᵐ5 Ball מִקְוֶה), Psa 104:8 destination of dead ⟦Ecclesiastes 3:30⟧; Eccl 6:6; ׳מ = resting-place Job 16:18; ׳מ נֶאֱמָן sure pl…
H6965	14685	Deut 12:5	—	Psa 12:5	Zsolt 12:5	mas_konyv_ervenyes_fejezettel	kezi	14:23;15:20;16:2;17:8;18:6	illesztheto (1/1)	a lancolt/csoportbeli helyek kozul 1/5 is ebben a konyvben igazolt (a forrasbeli konyvben 1); a forrasbeli hely is letezik; a mas konyvbeli talalat mellett nincs eleg lanc/csoport-tamasz (E=0.14, lanc 1, a forrasbeli konyvben 1) es fuggetlen forras	…ecially of temple: ׳י) ׳הַמּ יִבְחַר אֲשֶׁר (בּוֺ אֱלֹהֵיכֶם ⟦Deut 12:5⟧, 14; 14:23, 25; 15:20; 16:2, 6; 17:8; 18:6 13t. Deuteronomy…
H6965	14927	Ezek 43:7	—	Gen 43:7	1Móz 43:7	mas_konyv_ervenyes_fejezettel	kezi	—	illesztheto (1/1)	a forrasbeli hely is letezik; a mas konyvbeli talalat mellett nincs eleg lanc/csoport-tamasz (E=0.23, lanc 0, a forrasbeli konyvben 0) es fuggetlen forras	…2 +; ׳מְ ׳שֵׁםיֿ הַרצִֿיּוֺן צְבָאוֺת Isa 18:7; ׳מְ כִּסְאִי ⟦Ezek 43:7⟧; ׳מְ מִקְדָּשֵׁנוּ Jer 17:12; ׳מְ מִקְדָּשִׁי Isa 60:3; ׳מְ ק…
H6975	412	Jeremiah 12:18	—	—	—	vers_tullepes	kezi	4:3	illesztheto (1/1)	tobb egyenrangu jelolt: Jer 12:12, Jer 12:13, Jer 12:14	…simile of foes); in various figurative, Isa 33:12; Jer 4:3; ⟦Jeremiah 12:18⟧. 2 thorn, fig, Ezek 28:24 (with מַכְאִב, see כאב; || סִלּוֺ…
H6981	114	2Chr 31:4	—	—	—	osszeolvadt_alak	kezi	—	—	jelentesszam tapadt a szamozott konyvhoz (2Chr 31:4); a konyv nem hibas, a javitas szokoz-beszuras lenne -- konyvneven tuli OCR, nem e feladat hataskore	…ωρη, etc.; Levites: 1 Chron Judg 9:19; Judg 26:1; (קֹרֵא); 2⟦2Chr 31:4⟧.
H6984	98	Isaiah 6:29	—	—	—	vers_tullepes	kezi	—	—	nincs olyan konyv/vers, ahol a hely letezik es a Strong-proba vagy a fuggetlen forras igazolna	…me, masculine (form dubious; Kit^Hpt {abbrev}קִישׁ., compare ⟦Isaiah 6:29⟧ and ᵐ5; Pei^ZAW xvii (1897), 348 finds here a god †ûs, but …
H6998	382	17:22	—	—	—	lanc_lehetetlen	kezi	—	—	konyv nelkuli, lancolt igehely: az orokolt konyvben (5Móz, a 'Deuteronomy 23:26' token utan) a vers nem letezik; a gepi csere csak konyvjelolt tokent cserel	…:26 (ears of grain, בְּיָדֶ֑ךָ); Imperfect1singular אֶקְטֹף ⟦17:22⟧ (subject ׳י; accusative +מִן from); Participle masculine pl…
H7024	114	Jeremiah 1:29	—	—	—	vers_tullepes	kezi	—	—	nincs olyan konyv/vers, ahol a hely letezik es a Strong-proba vagy a fuggetlen forras igazolna	…Moabite cities (compare קר = city MI^11, 12, 24, plural קרן ⟦Jeremiah 1:29⟧); — ᵐ5 usually omitted, or reads τὸ τεῖχος; — 1 ׳ק מוֺאָב I…
H7043	2261	Exod 21:27	—	Ezek 21:27	Ez 21:27	mas_konyv_ervenyes_fejezettel	kezi	—	illesztheto (1/1)	a forrasbeli hely is letezik; a mas konyvbeli talalat mellett nincs eleg lanc/csoport-tamasz (E=0.08, lanc 0, a forrasbeli konyvben 0) es fuggetlen forras	…erly make contemptible): 1 with accusative of person homin. ⟦Exod 21:27⟧ (E), Gen 12:3 (J), Lev 19:14 (H), Judg 9:27; 2Sam 16:9 16t.…
H7058	374	Sam 12:41	—	—	—	nem_lekepezett_alak	kezi	—	—	nincs olyan konyv/vers, ahol a hely letezik es a Strong-proba vagy a fuggetlen forras igazolna	…+ קָלִי שְׂעֹרִים, חִטִּם,; + other articles of food 1Chron2 ⟦Sam 12:41⟧ (van d. H. 2 Samuel 12:40); kept in a) כַּד 1Kin 17:12, 14,…
H7081	589	Ezekiel 22:38	—	—	—	vers_tullepes	kezi	21:34	—	nincs olyan konyv/vers, ahol a hely letezik es a Strong-proba vagy a fuggetlen forras igazolna	… verb 13:23 (Co Berthol Krae כָּזָב as 13:9; Ezekiel 21:34; ⟦Ezekiel 22:38⟧); ׳ק צֱלִיל (so Gf for וֶאֱלִו֯ל ᵑ0 Jer 14:4 (all || שׁוא חז…
H7084	156	2Chr 4:19	—	1Chr 4:19	1Krón 4:19	mas_konyv_ervenyes_fejezettel	kezi	—	—	a forrasbeli hely is letezik; a mas konyvbeli talalat mellett nincs eleg lanc/csoport-tamasz (E=0.04, lanc 0, a forrasbeli konyvben 0) es fuggetlen forras	…am 23:1 13t. 23 (קְעִלָה, 23:3.13); Josh 15:44 (P), compare ⟦2Chr 4:19⟧ (genealogical scheme); post-exilic קְעִילָךְ מֶּלֶח Neh 3:1…
H7101	305	Isaiah 3:67	—	—	—	vers_tullepes	kezi	—	—	tobb egyenrangu jelolt: Ézs 3:6, Ézs 3:7	…10:24 (JE), Judg 11:6, 11 (|| ראֹשׁ), Dan 11:18. 2 dictator, ⟦Isaiah 3:67⟧. 3 more Generally, ruler, man in authority, Isa 1:10; 22:3;…
H7105	830	Isa 1:11	—	Joel 1:11	Jóel 1:11	mas_konyv_ervenyes_fejezettel	kezi	—	—	a forrasbeli hely is letezik; a mas konyvbeli talalat mellett nincs eleg lanc/csoport-tamasz (E=0.23, lanc 0, a forrasbeli konyvben 0) es fuggetlen forras	…׳סְפִיחַ 25:5 (all H), ׳קְ חִטִּים 1Sam 6:13; of ripe grain ⟦Isa 1:11⟧ (׳קְ שָׂדֶה), Isaiah 4:13 (ק ׳בָּשַׁל); figurative of punishm…
H7105	1252	Joshua 3:21	—	—	—	vers_tullepes	kezi	—	—	nincs olyan konyv/vers, ahol a hely letezik es a Strong-proba vagy a fuggetlen forras igazolna	…ov 6:8; 10:5; 26:1 (simile); opposed to חרֶף 20:4; ק ׳יְמֵי ⟦Joshua 3:21⟧ (JE), 2Sam 21:9 a ק ׳יוֺם Prov 25:13 (simile), ק ׳עֵח(הַֿ) …
H7121	5446	1 Kings 19:26	—	—	—	vers_tullepes	kezi	—	illesztheto (1/1)	tobb egyenrangu jelolt: 1Kir 1:26, 1Kir 18:26	… בַּזָּבַ֑ח, read probably ׳לַזּ see HPS), 16:5 ( + ׳לַזּ), ⟦1 Kings 19:26⟧ + (c. 17 t.). b. with אֶל person Exod 10:24; Josh 4:4; 10:2…
H7131	155	1Sam 17:14	—	Num 17:14	4Móz 17:14	mas_konyv_ervenyes_fejezettel	kezi	—	—	a forrasbeli hely is letezik; a mas konyvbeli talalat mellett nincs eleg lanc/csoport-tamasz (E=0.02, lanc 0, a forrasbeli konyvben 0) es fuggetlen forras	… 45:4; — approaching: 1 as predicate, וְק ׳הֹלֵח אֶלדָּֿוִד ⟦1Sam 17:14⟧, לַמִּלְחָמָה קְרֵבִים אַתֶּס Deut 20:8; abs וְק ׳הָלוֺח 2S…
H7138	81	2 Samuel 19:48	—	—	—	vers_tullepes	kezi	—	—	tobb egyenrangu jelolt: 2Sám 19:41, 2Sám 19:42, 2Sám 19:43, 2Sám 19:44	…ָרֹב,_78 adjective near; — absolute קָרֹב Exod 12:4 +, וֺב- ⟦2 Samuel 19:48⟧ +; plural קְרֹבִים 1Kin 8:59, קְרוֺבִים Isa 33:13 +; femini…
H7138	790	Exod 22:5	—	Ezek 22:5	Ez 22:5	mas_konyv_ervenyes_fejezettel	kezi	—	—	a forrasbeli hely is letezik; a mas konyvbeli talalat mellett nincs eleg lanc/csoport-tamasz (E=0.17, lanc 0, a forrasbeli konyvben 0) es fuggetlen forras	…Prov 27:10; plural Isa 33:13; Jer 25:26; Dan 9:7; Est 9:20; ⟦Exod 22:5⟧; ׳ק of distress, personified, Psa 22:12.; — Ezek 23:5, 12 C…
H7179	506	40:24	—	—	—	lanc_lehetetlen	kezi	—	—	konyv nelkuli, lancolt igehely: az orokolt konyvben (Mal, a 'Malachi 3:19' token utan) a fejezet nem letezik; a gepi csere csak konyvjelolt tokent cserel	…:11; Obadiah 18; Malachi 3:19; in simile, as driven by wind ⟦40:24⟧; 41:2; Jer 13:24; Psa 83:14; figurative of the worthless Jo…
H7179	513	41:2	—	—	—	lanc_lehetetlen	kezi	—	—	konyv nelkuli, lancolt igehely: az orokolt konyvben (Mal, a 'Malachi 3:19' token utan) a fejezet nem letezik; a gepi csere csak konyvjelolt tokent cserel	…adiah 18; Malachi 3:19; in simile, as driven by wind 40:24; ⟦41:2⟧; Jer 13:24; Psa 83:14; figurative of the worthless Job 13:2…
H7203	126	Samuel 9:9	—	1Sam 9:9	1Sám 9:9	nem_lekepezett_alak	kezi	9:11;9:18;9:19	—	a lancolt/csoportbeli helyek kozul 3/3 is ebben a konyvben igazolt (a forrasbeli konyvben 0); a(z) 'Samuel' itt torzs- vagy szemelynev is lehet (elotte: '9b, used of'): a csere a nevet torolne	…xcept 2Sam 15:27); — old name for נָבִיא 1Sam 9:9b, used of ⟦Samuel 9:9⟧ a.; 9:11; 9:18; 9:19 and (as archaism) 1Chr 9:22; 26:28; 29…
H7216	476	1Ki 145:31	—	—	—	psi_maradek	kezi	—	—	N-F34 maradek sora; nincs olyan konyv/vers, ahol a hely letezik es a Strong-proba vagy a fuggetlen forras igazolna	…Lag^287. 91) 15 miles west of Philadelphia [Jerome Ib.^145. ⟦1Ki 145:31⟧ says E!], hence Di^Gen 31:54 Buhl^G. 261 f. conjectures el-…
H7218	757	Leviticus 1:28	—	—	—	vers_tullepes	kezi	—	illesztheto (1/1)	tobb egyenrangu jelolt: 3Móz 1:8, 3Móz 4:28	…ician Spr.133, ראשת choicest, chief; on MI^20 (suffix) רשה, ⟦Leviticus 1:28⟧ ש[ר], compare Sm. u. So^14 Nö^LCB Jan. 8, 1887, 60); — ׳ר a…
H7218	2052	2 Samuel 8:25	—	—	—	vers_tullepes	kezi	—	illesztheto (1/1)	tobb egyenrangu jelolt: Péld 8:25, 2Sám 2:25, 2Sám 5:25	… in verse); 24:17; 34:2 34t.; hill, גִּבְעָה, 17:9-10, (E), ⟦2 Samuel 8:25⟧; ׳ר מְרוֺמִים Prov 8:2 + 1:21 Toy (for הֹמִיּוֺת ᵑ0), שְׁמָנ…
H7223	709	Eccl 17:10	—	1Chr 17:10	1Krón 17:10	fejezet_tullepes	kezi	—	illesztheto (1/1)	N-F34 maradek sora; a Strong-proba nem szelektiv (a szo egy veletlen 3 verses ablakban 2% esellyel all; a veletlen talalat varhato szama 19 jelolt hely kozott 0.43), fuggetlen forras nincs	…cah 4:8; 2Kin 17:34, 40; Zech 1:4; 7:7, 12; 8:11; Neh 5:15; ⟦Eccl 17:10⟧; Psa 79:8 +; ר הָ ׳כָּעֵת Isaiah 8:23; ר הָ דויד ׳דִּבְרֵי …
H7227	971	Genesis 30:48	—	—	—	vers_tullepes	kezi	—	illesztheto (1/1)	tobb egyenrangu jelolt: 1Móz 30:42, 1Móz 30:43	… person Exod 5:5; Judg 8:30; 9:40; 1Kin 4:20; 11:1+, things ⟦Genesis 30:48⟧; Amos 5:12; Deut 31:17 +; noun omitted רַבּוֺת Dan 11:41 (t…
H7230	397	Lev 27:16	—	Ezek 27:16	Ez 27:16	mas_konyv_ervenyes_fejezettel	kezi	—	illesztheto (1/1)	a forrasbeli hely is letezik; a mas konyvbeli talalat mellett nincs eleg lanc/csoport-tamasz (E=0.17, lanc 0, a forrasbeli konyvben 0) es fuggetlen forras	…8; 20:6; Est 10:3 +; of things Isa 1:11; 47:12; Ezek 27:18; ⟦Lev 27:16⟧; Prov 10:19; Job 11:2 +; = great quantity, abundance Gen 27…
H7235	5436	1 Chronicles 18:18	—	—	—	vers_tullepes	kezi	12:2	illesztheto (1/1)	nincs olyan konyv/vers, ahol a hely letezik es a Strong-proba vagy a fuggetlen forras igazolna	… Josh 22:8 (D; || רַבמְֿאֹד ), 2Sam 8:8 (מְאֹד רַבָּה in || ⟦1 Chronicles 18:18⟧), 1Chr 12:2; Isa 30:33; 2Chr 32:27; so הַרְבֵּה alone Neh 4…
H7243	709	Ezra 10:14	—	Ezek 10:14	Ez 10:14	mas_konyv_ervenyes_fejezettel	kezi	—	—	a forrasbeli hely is letezik; a mas konyvbeli talalat mellett nincs eleg lanc/csoport-tamasz (E=0.16, lanc 0, a forrasbeli konyvben 0) es fuggetlen forras	…15; 8:2; 12:10; 23:19; 24:8, 23; 25:11; 26:2, 4, 11; 27:7a; ⟦Ezra 10:14⟧; Dan 11:2; that is חֹדֶשׁ Ezek 1:1; Zech 8:19; plural in רְב…
H7281	616	4:20	—	—	—	lanc_lehetetlen	kezi	—	—	konyv nelkuli, lancolt igehely: az orokolt konyvben (Zsolt, a 'Psalm 6:11' token utan) a vers nem letezik; a gepi csere csak konyvjelolt tokent cserel	…) in a moment, suddenly, Psalm 6:11 רָ֑גַע יֵבשׁוּ יָשׁוּבוּ, ⟦4:20⟧; Isa 47:9; Job 34:20. (b) בְּרֶגַע in a moment 21:13 ׳ובר י…
H7291	4115	Proverbs 13:31	—	Prov 13:21	Péld 13:21	vers_tullepes	kezi	—	illesztheto (1/1)	a Strong-proba nem szelektiv (a szo egy veletlen 3 verses ablakban 2% esellyel all; a veletlen talalat varhato szama 20 jelolt hely kozott 0.35), fuggetlen forras nincs	…8 (Gunk^ZAW xiii (1893), 230, plausibly, יֶהְדֹּף), compare ⟦Proverbs 13:31⟧; elsewhere participle, in Proverbs: aim (eagerly) to secure…
H7307	1759	Song 2:17	—	Eccl 2:17	Préd 2:17	mas_konyv_ervenyes_fejezettel	kezi	4:6	illesztheto (1/1)	a lancolt/csoportbeli helyek kozul 1/1 is ebben a konyvben igazolt (a forrasbeli konyvben 0); a forrasbeli hely is letezik; a mas konyvbeli talalat mellett nincs eleg lanc/csoport-tamasz (E=0.06, lanc 1, a forrasbeli konyvben 0) es fuggetlen forras	…J); . ׳ר הַיּוֺם day wind, evening wind Gen 3:8 (J; compare ⟦Song 2:17⟧; 4:6); רוּחוֺת אַרְבַּע four winds Jer 49:36; Ezek 37:9 (qu…
H7311	6187	Job 38:84	—	—	—	vers_tullepes	kezi	—	illesztheto (1/1)	tobb egyenrangu jelolt: Jób 38:14, Jób 38:34	…k 21:27, בַּחֲצֹצְרוֺת2Chr 5:13; + ל person Isa 13:2, לָעָב ⟦Job 38:84⟧, + עָל person against 2Kin 19:22 = Isa 37:23; בְּקוֺל הֵרִי…
H7311	7532	Ezekiel 4:20	—	Lev 4:20	3Móz 4:20	vers_tullepes	kezi	45:13;48:8	illesztheto (1/1)	a Strong-proba nem szelektiv (a szo egy veletlen 3 verses ablakban 2% esellyel all; a veletlen talalat varhato szama 26 jelolt hely kozott 0.62), fuggetlen forras nincs	… of congnate meaning with verb תְּרוּמָה, Ezek 45:13; 48:8; ⟦Ezekiel 4:20⟧; Num 15:20 (twice in verse) (P), Exod 35:24 (P); + ׳לי Ezek…
H7311	7683	Numbers 18:82	—	—	—	vers_tullepes	kezi	18:29	illesztheto (1/1)	tobb egyenrangu jelolt: 4Móz 18:28, 4Móz 18:32	…:19; 18:19, 24; 31:52; י ׳תְּרוּמַת 18:26 (+ מִן of thing), ⟦Numbers 18:82⟧; 18:29 (all P); ׳ת ׳בֵּיתאֿ Ezra 8:25. b. with accusative o…
H7323	2523	12:28	—	—	—	lanc_lehetetlen	kezi	—	van forditas	konyv nelkuli, lancolt igehely: az orokolt konyvben (2Krón, a '2Chr 12:10' token utan) a vers nem letezik; a gepi csere csak konyvjelolt tokent cserel	…22:17; 1Kin 14:27-28, (twice in verse) = 2Chr 12:10; 12:11; ⟦12:28⟧, 2Kin 10:25 (twice in verse); 11:4, 6, 11, 19 (twice in ver…
H7356	2228	2Kin 3:26	—	1Kin 3:26	1Kir 3:26	mas_konyv_ervenyes_fejezettel	kezi	—	—	a forrasbeli hely is letezik; a mas konyvbeli talalat mellett nincs eleg lanc/csoport-tamasz (E=0.07, lanc 0, a forrasbeli konyvben 0) es fuggetlen forras	…9; ר ׳שׂם ל Isa 47:6; ר ׳נִכְמְרוּ אל Gen 43:30 (J), with על ⟦2Kin 3:26⟧.
H7386	783	Psa 4:3	—	2Kin 4:3	2Kir 4:3	mas_konyv_ervenyes_fejezettel	kezi	—	—	a forrasbeli hely is letezik; a mas konyvbeli talalat mellett nincs eleg lanc/csoport-tamasz (E=0.06, lanc 0, a forrasbeli konyvben 0) es fuggetlen forras	…) a thing too empty (of significance) for you; + (probably) ⟦Psa 4:3⟧ (רֵיק for רִיק ᵑ0) love an empty thing (|| כזב), of abortiv…
H7453	305	Jeremiah 3:30	—	—	—	vers_tullepes	kezi	3:1	illesztheto (1/1)	tobb egyenrangu jelolt: Péld 3:30, Jer 3:20	…֫הוּ (Ges^§ 84 a i) Gen 11:3 114t., רֵעוֺ Jer 6:21, רֵעָהּ, ⟦Jeremiah 3:30⟧; plural רֵעִים 3:1 +, construct רֵעֵי Job 2:11; suffix רֵעָ…
H7458	391	Genesis 47:56	—	—	—	vers_tullepes	kezi	47:57	illesztheto (1/1)	tobb egyenrangu jelolt: 1Móz 47:5, 1Móz 41:56	…lbr^ZAW xvi (1896), 103) = 1Chr 21:12; with חזק (be) severe ⟦Genesis 47:56⟧; Genesis 47:57; 1Kin 18:2; 1Ki 25:3= Jer 52:6, עַל חזק Gen …
H7458	406	Genesis 47:57	—	—	—	vers_tullepes	kezi	47:56	illesztheto (1/1)	tobb egyenrangu jelolt: 1Móz 47:5, 1Móz 41:57	…96), 103) = 1Chr 21:12; with חזק (be) severe Genesis 47:56; ⟦Genesis 47:57⟧; 1Kin 18:2; 1Ki 25:3= Jer 52:6, עַל חזק Gen 47:20; with כָּ…
H7462	411	Isaiah 27:20	—	Isa 27:10	Ézs 27:10	vers_tullepes	kezi	—	illesztheto (1/1)	a Strong-proba nem szelektiv (a szo egy veletlen 3 verses ablakban 2% esellyel all; a veletlen talalat varhato szama 21 jelolt hely kozott 0.40), fuggetlen forras nincs	…רָעוּם Jer 23:4, etc.; Imperfect3masculine singular יִרְעֶה ⟦Isaiah 27:20⟧ +, jussive יֵ֫רַע Job 20:26, suffix יִרְעֶנָּה Psa 80:14, ו…
H7462	2928	Zechariah 13:17	—	—	—	vers_tullepes	kezi	—	illesztheto (1/1)	tobb egyenrangu jelolt: Zak 13:7, Zak 11:17	…iel; suffix of רֹעִי ׳י, Isa 44:28 (of Cyrus), Zech 13:7a.; ⟦Zechariah 13:17⟧ (read הָאֱוִילִי רֹעִי We Now GASm); absolute plural Isa 56…
H7489	1978	Dan 11:27	—	2Sam 11:27	2Sám 11:27	mas_konyv_ervenyes_fejezettel	kezi	—	illesztheto (1/1)	a forrasbeli hely is letezik; a mas konyvbeli talalat mellett nincs eleg lanc/csoport-tamasz (E=0.13, lanc 0, a forrasbeli konyvben 0) es fuggetlen forras	…5:4; Lev 5:4 (P); Participle = substantive לְמֵרָ֔ע לְבָכָם ⟦Dan 11:27⟧ (shall be) for mischief. 2 do evil, wickedly: absolute Gen …
H7498	570	1 Chronicles 20:20	—	—	—	vers_tullepes	kezi	20:6	—	nincs olyan konyv/vers, ahol a hely letezik es a Strong-proba vagy a fuggetlen forras igazolna	…1:16, 18 (= הָֽרְפָאִים מִילִירֵי 1Chr 20:4); לְהָר ׳יֻלַּד ⟦1 Chronicles 20:20⟧. 22 || 20:6, 8. — I.רָפָה see below רפָא.
H7503	2483	Job 5:18	—	Exod 5:18	2Móz 5:18	mas_konyv_ervenyes_fejezettel	kezi	—	—	a forrasbeli hely is letezik; a mas konyvbeli talalat mellett nincs eleg lanc/csoport-tamasz (E=0.10, lanc 0, a forrasbeli konyvben 0) es fuggetlen forras	…:16; Psa 46:11 (compare Weir in Dr^1Sam 15:16). — Jer 3:22; ⟦Job 5:18⟧; Psa 60:4 see רָפָא. Hithpa`el Perfect2masculine singular ה…
H7534	528	Exodus 11:34	—	—	—	vers_tullepes	kezi	10:17	—	nincs olyan konyv/vers, ahol a hely letezik es a Strong-proba vagy a fuggetlen forras igazolna	…, 3:11; Judg 6:39 (compare אַךְ ib. Gen 18:32; Exod 10:17), ⟦Exodus 11:34⟧ (circumstantial clause) יְחִידָה הִיא רַק (there being) onl…
H7534	2143	22:16	—	—	—	lanc_lehetetlen	kezi	—	—	konyv nelkuli, lancolt igehely: az orokolt konyvben (2Krón, a '2Chr 5:10' token utan) a vers nem letezik; a gepi csere csak konyvjelolt tokent cserel	…Chr 5:10) הָאֲבָנִים לֻהוֺת שְׁנֵי רִק בָּאָרוֺן אֵין, 15:5; ⟦22:16⟧ ( = 18:15), 2Kin 17:18. e. with an affirmative, asseverativ…
H7551	335	Exodus 26:69	—	—	—	vers_tullepes	kezi	27:16;28:39;36:37;38:18;39:29;28:39	—	nincs olyan konyv/vers, ahol a hely letezik es a Strong-proba vagy a fuggetlen forras igazolna	…ָשׁ ׳מְלֶאכֶת 35:35; especially ר ׳מַעֲשֵׂה variegator's work ⟦Exodus 26:69⟧; 27:16; 28:39 = 36:37; 38:18; 39:29 (all P; all with mater.…
H7597	257	Ezek 3:2	—	Ezra 3:2	Ezsd 3:2	mas_konyv_ervenyes_fejezettel	kezi	—	—	a forrasbeli hely is letezik; a mas konyvbeli talalat mellett nincs eleg lanc/csoport-tamasz (E=0.04, lanc 0, a forrasbeli konyvben 0) es fuggetlen forras	…compare 3:18; 3:19); but Zerubbabel's father Hag 1:1; 2:23; ⟦Ezek 3:2⟧, 8; Neh 12:1 (attempts at explaining in Be Kit Benz). — Σαλ…
H7617	1668	1Sam 30:8	—	2Chr 30:8	2Krón 30:8	mas_konyv_ervenyes_fejezettel	kezi	—	—	a forrasbeli hely is letezik; a mas konyvbeli talalat mellett nincs eleg lanc/csoport-tamasz (E=0.06, lanc 0, a forrasbeli konyvben 0) es fuggetlen forras	…(E), of י ׳עֵדֶר Jer 13:17; 3plural נִשְׁבּוּ, human subject ⟦1Sam 30:8⟧, 5; 1Kin 8:47 2Chr 6:37; Ezek 6:9.
H7650	1845	2 Chronicles 5:15	—	—	—	vers_tullepes	kezi	—	illesztheto (1/1)	nincs olyan konyv/vers, ahol a hely letezik es a Strong-proba vagy a fuggetlen forras igazolna	…י) Isa 19:18; 45:23; Zeph 1:5; 2Chr 5:14, compare(absolute) ⟦2 Chronicles 5:15⟧ (Josh 23:7 see Hiph`il); also sq וַיּאֹמֶר 2Kin 25:24, foll…
H7650	3086	Amos 8:17	—	—	—	vers_tullepes	kezi	6:8	illesztheto (1/1)	tobb egyenrangu jelolt: 5Móz 8:17, Préd 8:17, Ámós 8:7, Ámós 8:13, Ámós 8:14	…compare Psa 89:36 (|| אֲכַזֵּב אִם), compare also Amos 6:8; ⟦Amos 8:17⟧; Jer 44:26; 51:14; Isa 62:8; swear, followed by infinitive …
H7651	1206	Job 42:19	—	Job 42:9	Jób 42:9	vers_tullepes	kezi	—	illesztheto (1/1)	a Strong-proba nem szelektiv (a szo egy veletlen 3 verses ablakban 4% esellyel all; a veletlen talalat varhato szama 21 jelolt hely kozott 0.94), fuggetlen forras nincs	…asculine plural noun Num 23:1 (3 t. in verse) (E) + 40 t. + ⟦Job 42:19⟧ (read ׳שׁ for שִׁבְעָ֫נָה Ges^§ 97c and most); + (distributiv…
H7651	2873	Genesis 23:25	—	Gen 23:2	1Móz 23:2	vers_tullepes	kezi	23:1	illesztheto (1/1)	a Strong-proba nem szelektiv (a szo egy veletlen 3 verses ablakban 4% esellyel all; a veletlen talalat varhato szama 24 jelolt hely kozott 1.07), fuggetlen forras nincs	…n 16:10, 15 (ordinal); (4) noun after each number Gen 23:1; ⟦Genesis 23:25⟧ (both P), etc. b. ׳שׁ precedes 10 t. (P and Esther): (1) nou…
H7657	1233	Exodus 38:38	—	—	—	vers_tullepes	kezi	—	—	tobb egyenrangu jelolt: 2Móz 38:28, 2Móz 38:30	…2:5). d. 10007x 100 570shekel Exod 38:25 and (noun omitted) ⟦Exodus 38:38⟧.
H7666	703	Genesis 42:56	—	—	—	vers_tullepes	kezi	42:6	—	tobb egyenrangu jelolt: 1Móz 42:5, 1Móz 42:6, 1Móz 41:56	…ain (properly cause to buy grain), with ל person Gen 42:6 + ⟦Genesis 42:56⟧ (read וַיַּשְׁבֵּר for וַיִּשְׁבֹּר ᵑ0 Ol Di Gunk), with accu…
H7676	1578	Exod 23:12	—	Lev 23:12	3Móz 23:12	mas_konyv_ervenyes_fejezettel	kezi	34:21	illesztheto (1/1)	a forrasbeli hely is letezik; a mas konyvbeli talalat mellett nincs eleg lanc/csoport-tamasz (E=0.17, lanc 0, a forrasbeli konyvben 0) es fuggetlen forras	…ply by abstinence from labour Exod 20:9-10, = Deut 5:12-14; ⟦Exod 23:12⟧ (E), 34:21 (J; Br^Hex. 181-195). b. Deuteronomic reason for…
H7723	405	Hosea 5:11	—	Deut 5:11	5Móz 5:11	mas_konyv_ervenyes_fejezettel	kezi	—	—	a forrasbeli hely is letezik; a mas konyvbeli talalat mellett nincs eleg lanc/csoport-tamasz (E=0.18, lanc 0, a forrasbeli konyvben 0) es fuggetlen forras	… ׳הַבְלֵי Psa 31:7 (idols) = Jonah 2:9, compare Jer 18:15 + ⟦Hosea 5:11⟧ ᵐ5 (for צָו); שׁ ׳מִנְחַת Isa 1:13 of ineffective offering t…
H7723	1134	Deut 5:17	—	Isa 5:17	Ézs 5:17	mas_konyv_ervenyes_fejezettel	kezi	—	—	a forrasbeli hely is letezik; a mas konyvbeli talalat mellett nincs eleg lanc/csoport-tamasz (E=0.12, lanc 0, a forrasbeli konyvben 0) es fuggetlen forras	…ers (for שֹׁד); עִםשֿׁ ׳הָלַךְ Job 31:5 (|| מִרְמָה); שׁ ׳עֵד ⟦Deut 5:17⟧ (= שָֽׁקֶר עֵד Exod 20:16); compare שׁ ׳שֵׁמַע 23:1 (E); of f…
H7725	4546	Jeremiah 20:27	—	—	—	vers_tullepes	kezi	31:8	illesztheto (1/1)	tobb egyenrangu jelolt: 2Krón 20:27, Péld 20:27, Jer 22:27	…cation 2Chr 19:8; שָׁם Jer 20:11 (opposed to יָצָא), שָׁ֫מָּה ⟦Jeremiah 20:27⟧, הֵ֫נָּה 31:8; absolute Gen 43:10 (J), 2Sam 10:5; 2Kin 1:5;…
H7725	7152	Hosea 3:15	—	2Sam 3:15	2Sám 3:15	vers_tullepes	kezi	11:5	illesztheto (1/1)	a lancolt/csoportbeli helyek kozul 1/1 is ebben a konyvben igazolt (a forrasbeli konyvben 1); a Strong-proba nem szelektiv (a szo egy veletlen 3 verses ablakban 12% esellyel all; a veletlen talalat varhato szama 37 jelolt hely kozott 0.56), fuggetlen forras nincs	…ov 1:23 (probably strike out, see Toy). d. absolute repent, ⟦Hosea 3:15⟧; Hosea 11:5; Isa 6:10; 10:22; Jer 3:7, 12, 14, 22; 4:1; 5:3…
H7725	16005	Leviticus 5:33	—	Lev 5:23	3Móz 5:23	vers_tullepes	kezi	—	illesztheto (1/1)	a Strong-proba nem szelektiv (a szo egy veletlen 3 verses ablakban 12% esellyel all; a veletlen talalat varhato szama 8 jelolt hely kozott 0.99), fuggetlen forras nincs	…initive absolute שׁוֺב for חוֺב, Co Toy Krae), 18:12; 33:15; ⟦Leviticus 5:33⟧ (P), Num 5:7 (P; + בְּראֹשׁוֺ = in full), Psa 69:5 (opposed …
H7725	18547	2Sam 26:23	—	1Sam 26:23	1Sám 26:23	fejezet_tullepes	kezi	16:12	illesztheto (1/1)	N-F34 maradek sora; a Strong-proba nem szelektiv (a szo egy veletlen 3 verses ablakban 12% esellyel all; a veletlen talalat varhato szama 9 jelolt hely kozott 1.11), fuggetlen forras nincs	…ov 24:12, 29; with accusative of good, ל person 2Sam 16:12; ⟦2Sam 26:23⟧; Zech 9:12; with כ compare + ל person Psa 18:21; 18:25 = 2S…
H7725	19820	Job 15:43	—	—	—	vers_tullepes	kezi	—	illesztheto (1/1)	tobb egyenrangu jelolt: Jób 15:13, Jób 15:23	…urative). 7 turn against, אֶלאֵֿל, with accusative רוּחֶ֑ךָ ⟦Job 15:43⟧. 8 ׳הֵשׁ אֶללֵֿבָב bring back to mind, take into considerati…
H7725	20145	Jeremiah 46:39	—	Jer 49:39	Jer 49:39	vers_tullepes	kezi	33:26	illesztheto (1/1)	a Strong-proba nem szelektiv (a szo egy veletlen 3 verses ablakban 12% esellyel all; a veletlen talalat varhato szama 5 jelolt hely kozott 0.62), fuggetlen forras nincs	…9:6; Lam 2:14; Ezek 39:25 + (Qr Hiph`il, Kt Qal) Jer 33:26; ⟦Jeremiah 46:39⟧; Joel 4:1(see Qal 9). 10 Hiph`il declar., ׳הָשׁ מֵעַל Ezek 1…
H7760	1151	Deut 45:7	—	Gen 45:7	1Móz 45:7	fejezet_tullepes	kezi	—	illesztheto (1/1)	N-F34 maradek sora; a Strong-proba nem szelektiv (a szo egy veletlen 3 verses ablakban 7% esellyel all; a veletlen talalat varhato szama 4 jelolt hely kozott 0.29), fuggetlen forras nincs	…etc.; Infinitive absolute שׂוֺם Deut 17:15 +, construct שׂוּם ⟦Deut 45:7⟧ +, שִׂים Job 20:4 + 2Sam 14:7 Qr (Kt שׂום), שׂימו Isa 10:6 Kt …
H7760	1858	Lev 40:15	—	Gen 40:15	1Móz 40:15	fejezet_tullepes	kezi	—	illesztheto (1/1)	N-F34 maradek sora; a Strong-proba nem szelektiv (a szo egy veletlen 3 verses ablakban 7% esellyel all; a veletlen talalat varhato szama 7 jelolt hely kozott 0.50), fuggetlen forras nincs	…ps at (accusative of location), compare Lev 24:6 (עַל); + ב ⟦Lev 40:15⟧ (E), figurative of ׳י, put his name, ׳בִּירוּשׁ 2 Kings 21:4…
H7760	1915	2 Kings 21:47	—	—	—	vers_tullepes	kezi	—	illesztheto (1/1)	tobb egyenrangu jelolt: 2Kir 21:4, 2Kir 21:7	… ב Lev 40:15 (E), figurative of ׳י, put his name, ׳בִּירוּשׁ ⟦2 Kings 21:47⟧ 2Chr 33:7, compare with שָׁם 1Kin 9:3; Deut 12:5-6t.; especi…
H7760	2188	1 Kings 19:28	—	—	—	vers_tullepes	kezi	—	illesztheto (1/1)	tobb egyenrangu jelolt: 2Kir 19:28, 1Kir 19:2, 1Kir 12:28	…11; Est 1:17, shoes on feet Ezek 24:17; hook, etc., in nose ⟦1 Kings 19:28⟧ = Isa 37:29; Job 40:26, incense בְּאַמֶּ֑ךָ Deut 33:10, i.e…
H7760	4042	Job 40:40	—	Job 40:4	Jób 40:4	vers_tullepes	kezi	—	illesztheto (1/1)	a Strong-proba nem szelektiv (a szo egy veletlen 3 verses ablakban 7% esellyel all; a veletlen talalat varhato szama 5 jelolt hely kozott 0.36), fuggetlen forras nincs	…b 21:5, and awe Micah 7:16, so with ל Job 29:9, לְמוֺ 40:4; ⟦Job 40:40⟧, upon (עַל) head 2Sam 13:19 (in despair, compare Jer 2:37);…
H7760	13727	Job 4:23	—	—	—	vers_tullepes	kezi	—	illesztheto (1/1)	tobb egyenrangu jelolt: Jób 4:20, Jób 4:21	…s הִקְדִּימוּ); Participle מֵשִׂים Job 4:20 = Qal (לֵב) שׂום (⟦Job 4:23⟧b), but phrase dubious, and text perhaps corrupt, see Me Nö^…
H7760	12911	9:36	—	—	—	lanc_lehetetlen	kezi	—	van forditas	konyv nelkuli, lancolt igehely: az orokolt konyvben (Ezsd, a 'Ezra 10:44' token utan) a vers nem letezik; a gepi csere csak konyvjelolt tokent cserel	…ּשִׂימוּ and read וַיְשַׁלְּחוּ before נָשִׁים, compare 3 Esdr ⟦9:36⟧ BeRy Ryle. c. work, bring to pass, with accusative of thing…
H7794	203	Hosea 12:2	—	1Sam 12:2	1Sám 12:2	mas_konyv_ervenyes_fejezettel	kezi	—	—	a forrasbeli hely is letezik; a mas konyvbeli talalat mellett nincs eleg lanc/csoport-tamasz (E=0.21, lanc 0, a forrasbeli konyvben 0) es fuggetlen forras	… Exod 21:35 +, suffix שׁוֺרוֺ 20:17 +, etc.; plural שְׁוָרִים ⟦Hosea 12:2⟧; — usually a single head of cattle, without emphasis on sex…
H7794	387	Deut 5:18	—	Neh 5:18	Neh 5:18	mas_konyv_ervenyes_fejezettel	kezi	5:14	—	a forrasbeli hely is letezik; a mas konyvbeli talalat mellett nincs eleg lanc/csoport-tamasz (E=0.16, lanc 0, a forrasbeli konyvben 1) es fuggetlen forras	… as property, spoil of war, etc. Exod 20:17 (E; Gi 20:14) = ⟦Deut 5:18⟧, compare 5:14; Exod 21:33 (E) || Deut 22:4; Exodus 21:37 (t…
H7807	64	Job 22:39	—	—	—	vers_tullepes	kezi	—	—	tobb egyenrangu jelolt: Jób 22:29, Jób 22:30	…7. shach שַׁח adjective low, lowly; — construct שַׁחעֵֿינַיִם ⟦Job 22:39⟧ lowly of eyes, humble.
H7819	2375	Isa 37:30	—	Gen 37:30	1Móz 37:30	mas_konyv_ervenyes_fejezettel	kezi	—	—	a forrasbeli hely is letezik; a mas konyvbeli talalat mellett nincs eleg lanc/csoport-tamasz (E=0.02, lanc 0, a forrasbeli konyvben 0) es fuggetlen forras	…latry). שְׁחִין see שׁחן. שְׁחִיף see [ שָׂחִיף]. below, שָׁחִיס ⟦Isa 37:30⟧ = סָחִישׁ (in || 2Kin 19:29), q. v. שׁחל (√ of following; Dl^…
H7832	851	1Sam 6:21	—	2Sam 6:21	2Sám 6:21	mas_konyv_ervenyes_fejezettel	kezi	—	—	a forrasbeli hely is letezik; a mas konyvbeli talalat mellett nincs eleg lanc/csoport-tamasz (E=0.08, lanc 0, a forrasbeli konyvben 0) es fuggetlen forras	…ort, play, Judg 16:27. Pi`el Perfect1singular וְשִׂחַקְתִּ֫י ⟦1Sam 6:21⟧; Imperfect3masculine singular וַיְשַׂחֶקֿ Judg 16:25, etc.; …
H7843	4771	Prov 57:1	—	Psa 57:1	Zsolt 57:1	psi_maradek	kezi	58:1;59:1	illesztheto (1/1)	N-F34 maradek sora; a TAHOT-proba nem sikeres, a Macula (MT) igazolja; a lancolt/csoportbeli helyek kozul 2/2 is ebben a konyvben igazolt (a forrasbeli konyvben 0)	…oy not (catchword of old song or melody ?) in Psalm-titles: ⟦Prov 57:1⟧; Prov 58:1; Prov 59:1; Psa 75:1. Hoph`al Participle מָשְׁחָת…
H7843	4782	Prov 58:1	—	Psa 58:1	Zsolt 58:1	psi_maradek	kezi	57:1;59:1	illesztheto (1/1)	N-F34 maradek sora; a TAHOT-proba nem sikeres, a Macula (MT) igazolja; a lancolt/csoportbeli helyek kozul 2/2 is ebben a konyvben igazolt (a forrasbeli konyvben 0)	…chword of old song or melody ?) in Psalm-titles: Prov 57:1; ⟦Prov 58:1⟧; Prov 59:1; Psa 75:1. Hoph`al Participle מָשְׁחָת spoiled, r…
H7843	4793	Prov 59:1	—	Psa 59:1	Zsolt 59:1	psi_maradek	kezi	57:1;58:1	illesztheto (1/1)	N-F34 maradek sora; a TAHOT-proba nem sikeres, a Macula (MT) igazolja; a lancolt/csoportbeli helyek kozul 2/2 is ebben a konyvben igazolt (a forrasbeli konyvben 0)	…ld song or melody ?) in Psalm-titles: Prov 57:1; Prov 58:1; ⟦Prov 59:1⟧; Psa 75:1. Hoph`al Participle מָשְׁחָת spoiled, ruined, of a…
H7857	815	Ezek 11:11	—	Dan 11:11	Dán 11:11	mas_konyv_ervenyes_fejezettel	kezi	38:22	—	a forrasbeli hely is letezik; a mas konyvbeli talalat mellett nincs eleg lanc/csoport-tamasz (E=0.08, lanc 0, a forrasbeli konyvben 1) es fuggetlen forras	…7; Song 8:7; שׁוֺטֵף גֶּשֶׁם flooding rain (of ׳יs judgement) ⟦Ezek 11:11⟧, 13; 38:22; שׁוֺטֵף נַחַל Isa 66:12, simile, in good sense. …
H7911	1180	Zech 11:17	—	Job 11:17	Jób 11:17	mas_konyv_ervenyes_fejezettel	kezi	—	illesztheto (1/1)	a forrasbeli hely is letezik; a mas konyvbeli talalat mellett nincs eleg lanc/csoport-tamasz (E=0.21, lanc 0, a forrasbeli konyvben 0) es fuggetlen forras	…r Bu and others) תִּכְחַשׁ let it grow lean (109:24, compare ⟦Zech 11:17⟧), or (Che) תְּכַחַשׁ let it disappoint (me), fail (Hab 3:17)…
H7919	2559	Hosea 9:14	—	Dan 9:14	Dán 9:14	mas_konyv_ervenyes_fejezettel	kezi	—	—	a forrasbeli hely is letezik; a mas konyvbeli talalat mellett nincs eleg lanc/csoport-tamasz (E=0.19, lanc 0, a forrasbeli konyvben 0) es fuggetlen forras	…i.e. a child-slaying warrior; but ׳שׁ Hiph`il elsewhere only ⟦Hosea 9:14⟧, of miscarriage; ᵑ6 ᵐ5 Ew and most modern (Gf Gie Rothst) r…
H7925	1074	1 Samuel 19:26	—	—	—	vers_tullepes	kezi	8:14	—	tobb egyenrangu jelolt: 1Móz 19:26, 1Sám 9:26	…(E), Judg 6:28 3t.; with הַשַּׁחַר בַּעֲלוֺת Josh 6:15 (J), ⟦1 Samuel 19:26⟧; וַיֵּצְאוּ וַיַּשְׁכִּימוּ וַיְמַהֲרוּ 8:14 (J) they made a…
H7927	355	Genesis 33:46	—	—	—	vers_tullepes	kezi	33:47	—	nincs olyan konyv/vers, ahol a hely letezik es a Strong-proba vagy a fuggetlen forras igazolna	…33:18 20t. Judges 9 (שׁ ׳בַּעֲלֵי 33:2 12t., ׳ב ׳מִגְדַּלשֿׁ ⟦Genesis 33:46⟧; Genesis 33:47), Hosea 6:9 21t. (שׁ ׳עִיר Gen 33:18); city o…
H7967	810	Neh 3:15	—	1Chr 3:15	1Krón 3:15	mas_konyv_ervenyes_fejezettel	kezi	—	—	a forrasbeli hely is letezik; a mas konyvbeli talalat mellett nincs eleg lanc/csoport-tamasz (E=0.10, lanc 0, a forrasbeli konyvben 0) es fuggetlen forras	…ra 10:42. below שַׁלּוּן proper name, masculine wall-builder ⟦Neh 3:15⟧ = שַׁלּוּם according to Thes. above
H7969	2073	2Ki 12:7	—	—	—	osszeolvadt_alak	kezi	—	nem_egyertelmu_forrasalak	jelentesszam tapadt a szamozott konyvhoz (2Ki 12:7); a konyv nem hibas, a javitas szokoz-beszuras lenne -- konyvneven tuli OCR, nem e feladat hataskore	…cedes Lev 12:4 17t., + (as ordinal) 3 20 Jer 52:30 3t.; 20 3⟦2Ki 12:7⟧ 2t. 5 as round, or conventional, number: 2 (or) 3, Amos 4:8…
H7971	5652	43:4	—	—	—	lanc_lehetetlen	kezi	—	van forditas	konyv nelkuli, lancolt igehely: az orokolt konyvben (2Móz, a 'Exodus 7:27' token utan) a fejezet nem letezik; a gepi csere csak konyvjelolt tokent cserel	…8:10 +, שַׁלֵּ֑ךְַ Exodus 7:27; +, etc.; Participle מְשַׁלֵחַ ⟦43:4⟧ +, etc.; — 1 send off, away, human subject: a. accusative o…
H7992	847	2Sam 23:18	—	1Chr 23:18	1Krón 23:18	mas_konyv_ervenyes_fejezettel	kezi	—	illesztheto (1/1)	a forrasbeli hely is letezik; a mas konyvbeli talalat mellett nincs eleg lanc/csoport-tamasz (E=0.16, lanc 0, a forrasbeli konyvben 0) es fuggetlen forras	… 1Sam 20:5 strike out ᵐ5 ׳הַשּׁ We Dr and others, so 20:12. ⟦2Sam 23:18⟧ read ᵑ6 הַשְּׁלשִׁם We Dr and others
H7998	944	Isa 8:1	—	Josh 8:1	Józs 8:1	mas_konyv_ervenyes_fejezettel	kezi	53:12	—	a forrasbeli hely is letezik; a mas konyvbeli talalat mellett nincs eleg lanc/csoport-tamasz (E=0.22, lanc 0, a forrasbeli konyvben 1) es fuggetlen forras	…:21; Zech 2:13; ׳שׁ in symbolic proper name וגו שָׁלָל ׳מַהֵר ⟦Isa 8:1⟧, 3, see above p.555:a; ׳שׁ in metaphor of future majesty of …
H8040	656	Judg 19:27	—	Josh 19:27	Józs 19:27	mas_konyv_ervenyes_fejezettel	kezi	—	—	a forrasbeli hely is letezik; a mas konyvbeli talalat mellett nincs eleg lanc/csoport-tamasz (E=0.05, lanc 0, a forrasbeli konyvben 0) es fuggetlen forras	…מאֹלוֺ Gen 48:13 +, etc.; — opposed to יָמִין except 14:15; ⟦Judg 19:27⟧; 2Kin 23:8; — 1 left, region on the left, Gen 13:9 (J); on …
H8045	1801	2Kin 14:16	—	2Sam 14:16	2Sám 14:16	mas_konyv_ervenyes_fejezettel	kezi	—	—	a forrasbeli hely is letezik; a mas konyvbeli talalat mellett nincs eleg lanc/csoport-tamasz (E=0.18, lanc 0, a forrasbeli konyvben 0) es fuggetlen forras	…ative הַחֵרֶם; + מִקִּרְבְּכֶם), 9:24 4t. Joshua (all R^D), ⟦2Kin 14:16⟧; 1Kin 13:34; Amos 9:8; Isa 13:9; 26:14; Est 3:6, 13 23t.; a…
H8052	515	Ezekiel 7:28	—	—	—	vers_tullepes	kezi	—	—	tobb egyenrangu jelolt: Ez 7:25, Ez 7:26, Ez 7:27	… compare 51:46 + (בָּאָה omitted) 51:46; שׁ ׳תָּבוֺא ׳אֶלשֿׁ ⟦Ezekiel 7:28⟧; ׳שׁ יְבַהֲלֻהוּ Dan 11:44; שְׁמוּעָתֵנוּ Isa 53:1 the report…
H8070	183	2Chr 17:8	—	—	—	osszeolvadt_alak	kezi	—	—	jelentesszam tapadt a szamozott konyvhoz (2Chr 17:8); a konyv nem hibas, a javitas szokoz-beszuras lenne -- konyvneven tuli OCR, nem e feladat hataskore	…f heavens): Levites, Σαμε(ι)ραμωθ: 1 1Chr 15:18, 20; 16:5. 2⟦2Chr 17:8⟧ Qr (Kt שמרימות). שׁמא (√ of following).
H8081	146	Genesis 28:28	—	—	—	vers_tullepes	kezi	—	illesztheto (1/1)	tobb egyenrangu jelolt: 4Móz 28:28, 1Móz 28:18	…mpare Albr^ZAW xvi (1896), 99, 106) fat, oil; — ׳שׁ absolute ⟦Genesis 28:28⟧ +, construct Lev 8:2 +; ׳שָׁ֑ 2Kin 4:6 +; suffix שַׁמְנִי Hos…
H8083	972	Jer 14:15	—	Gen 14:15	1Móz 14:15	mas_konyv_ervenyes_fejezettel	kezi	—	illesztheto (1/1)	a forrasbeli hely is letezik; a mas konyvbeli talalat mellett nincs eleg lanc/csoport-tamasz (E=0.24, lanc 0, a forrasbeli konyvben 0) es fuggetlen forras	…rdinal, before plural noun 1Sam 17:12 3t., + (noun omitted) ⟦Jer 14:15⟧ 2t., also ׳שׁ אֵלֶּה Gen 22:23 these8and, as round number, M…
H8085	5649	Deuteronomy 3:36	—	—	—	vers_tullepes	kezi	—	illesztheto (1/1)	tobb egyenrangu jelolt: Neh 3:36, 5Móz 3:26, 5Móz 4:36	…city, etc., Gen 21:7; 16:11; 1Kin 8:28 8t.; with אֶל person ⟦Deuteronomy 3:36⟧ 12t. g. with לְ of utterance Jer 18:19; Psa 61:6; ל person …
H8092	178	1 Samuel 13:32	—	—	—	vers_tullepes	kezi	16:9;17:13;13:3	—	nincs olyan konyv/vers, ahol a hely letezik es a Strong-proba vagy a fuggetlen forras igazolna	…= 1Chr 20:7, third son of Jesse 2:13; = שִׁמְעָךְ 1Sam 13:3; ⟦1 Samuel 13:32⟧, Σαμα(α) etc., שַׁמָּה (q. v.) 16:9; 17:13. 2 son of David 1…
H8104	2010	Proverbs 21:33	—	Prov 21:23	Péld 21:23	vers_tullepes	kezi	—	illesztheto (1/1)	a Strong-proba nem szelektiv (a szo egy veletlen 3 verses ablakban 6% esellyel all; a veletlen talalat varhato szama 14 jelolt hely kozott 0.80), fuggetlen forras nincs	…atcheth above, etc.; keep one's mouth, be prudent of speech ⟦Proverbs 21:33⟧, compare Micah 7:5; keep = protect, save, one's life, נֶפֶשׁ…
H8110	218	Numbers 24:64	—	—	—	vers_tullepes	kezi	—	—	nincs olyan konyv/vers, ahol a hely letezik es a Strong-proba vagy a fuggetlen forras igazolna	…שִׁמְרוֺן proper name, masculine son of Issachar, Gen 46:13; ⟦Numbers 24:64⟧; 1Chr 7:1; Ζαμβραμ, Σαμβρα, Σεμερων, etc.
H8111	771	2 Kings 7:24	—	—	—	vers_tullepes	kezi	7:28	illesztheto (1/1)	tobb egyenrangu jelolt: 2Kir 7:2, 2Kir 2:24, 2Kir 6:24	…:1; 6:1; 1Kin 16:24; perhaps ׳שׁ alone Jer 23:13; 1Kin 18:2; ⟦2 Kings 7:24⟧; 2 Kings 7:28; 2Chr 25:13; שׁ ׳חֵיל Nehemiah 3:34. — ᵐ5 usua…
H8111	785	2 Kings 7:28	—	—	—	vers_tullepes	kezi	7:24	illesztheto (1/1)	tobb egyenrangu jelolt: 2Kir 7:2, 2Kir 7:18	…16:24; perhaps ׳שׁ alone Jer 23:13; 1Kin 18:2; 2 Kings 7:24; ⟦2 Kings 7:28⟧; 2Chr 25:13; שׁ ׳חֵיל Nehemiah 3:34. — ᵐ5 usually Σαμαρεια, …
H8144	731	Num 4:3	—	Song 4:3	Én 4:3	mas_konyv_ervenyes_fejezettel	kezi	—	—	a forrasbeli hely is letezik; a mas konyvbeli talalat mellett nincs eleg lanc/csoport-tamasz (E=0.18, lanc 0, a forrasbeli konyvben 0) es fuggetlen forras	…eil, ephod, etc., Exod 25:4; 26:1 24t. Exodus; ת ׳בֶּגֶד ׳שׁ ⟦Num 4:3⟧ (see II. ׳ב 2); construct (הַ)תּ ׳שְׁנִי used in purificatio…
H8145	303	Leviticus 13:93	—	—	—	vers_tullepes	kezi	13:54;13:5	illesztheto (1/1)	tobb egyenrangu jelolt: 3Móz 13:33, 3Móz 13:53	…נִית72t. + Neh 3:30 see above), שׁ יָמִים ׳שִׁבְעַת Lev 13:5; ⟦Leviticus 13:93⟧; 13:54 a second heptad of days; שֵׁנִית = a second time Gen …
H8147	1848	Zechariah 3:18	—	1Kin 3:18	1Kir 3:18	vers_tullepes	kezi	—	illesztheto (1/1)	a Strong-proba nem szelektiv (a szo egy veletlen 3 verses ablakban 8% esellyel all; a veletlen talalat varhato szama 30 jelolt hely kozott 2.51), fuggetlen forras nincs	… portion, + בְּרוּחֲךָ 2Kin 2:9 in (of) thy spirit, + בָּהּ ⟦Zechariah 3:18⟧; -2שְׁתַּ֫יִם (55 t.) before plural noun 1Kin 3:16 16t.; aft…
H8179	795	Jeremiah 19:27	—	—	—	vers_tullepes	kezi	51:58	illesztheto (1/1)	tobb egyenrangu jelolt: Jer 19:2, Jer 17:27	…am 17:52; on Judg 5:8, 11 see Commentaries; burned (by foe) ⟦Jeremiah 19:27⟧; Jer 51:58; Neh 1:3; 2:3, 13, 17; as giving control, posses…
H8179	3946	Psalm 100:19	—	Psa 107:19	Zsolt 107:19	vers_tullepes	kezi	—	illesztheto (1/1)	a Strong-proba nem szelektiv (a szo egy veletlen 3 verses ablakban 4% esellyel all; a veletlen talalat varhato szama 8 jelolt hely kozott 0.31), fuggetlen forras nincs	…ַחֲנֶה 1, p. 334), compare Psa 100:4; 118:20, צֶדֶק שַׁעֲרֵי ⟦Psalm 100:19⟧; specifically ׳שׁ הָעֶלְיוֺן בִּנְיָמִין Jer 20:2, and (omit…
H8199	4727	67:5	—	—	—	lanc_lehetetlen	kezi	—	van forditas	konyv nelkuli, lancolt igehely: az orokolt konyvben (Jóel, a 'Joel 4:12' token utan) a fejezet nem letezik; a gepi csere csak konyvjelolt tokent cserel	…Chr 16:33; Psa 98:9; ׳שׁ הארץ 82:8; הנוים כל Joel 4:12; עמים ⟦67:5⟧; תבל 9:9; 96:13 = 98:9; ׳שׁ מישׁרים 75:3. Niph`al Perfect1sin…
H8199	4737	9:9	—	—	—	lanc_lehetetlen	kezi	—	van forditas	konyv nelkuli, lancolt igehely: az orokolt konyvben (Jóel, a 'Joel 4:12' token utan) a fejezet nem letezik; a gepi csere csak konyvjelolt tokent cserel	… Psa 98:9; ׳שׁ הארץ 82:8; הנוים כל Joel 4:12; עמים 67:5; תבל ⟦9:9⟧; 96:13 = 98:9; ׳שׁ מישׁרים 75:3. Niph`al Perfect1singular נִשׁ…
H8199	4742	96:13	—	—	—	lanc_lehetetlen	kezi	—	van forditas	konyv nelkuli, lancolt igehely: az orokolt konyvben (Jóel, a 'Joel 4:12' token utan) a fejezet nem letezik; a gepi csere csak konyvjelolt tokent cserel	…98:9; ׳שׁ הארץ 82:8; הנוים כל Joel 4:12; עמים 67:5; תבל 9:9; ⟦96:13⟧ = 98:9; ׳שׁ מישׁרים 75:3. Niph`al Perfect1singular נִשְׁמַּטְת…
H8199	4750	98:9	—	—	—	lanc_lehetetlen	kezi	—	van forditas	konyv nelkuli, lancolt igehely: az orokolt konyvben (Jóel, a 'Joel 4:12' token utan) a fejezet nem letezik; a gepi csere csak konyvjelolt tokent cserel	… הארץ 82:8; הנוים כל Joel 4:12; עמים 67:5; תבל 9:9; 96:13 = ⟦98:9⟧; ׳שׁ מישׁרים 75:3. Niph`al Perfect1singular נִשְׁמַּטְתִּי Eze…
H8199	4766	75:3	—	—	—	lanc_lehetetlen	kezi	—	van forditas	konyv nelkuli, lancolt igehely: az orokolt konyvben (Jóel, a 'Joel 4:12' token utan) a fejezet nem letezik; a gepi csere csak konyvjelolt tokent cserel	…ם כל Joel 4:12; עמים 67:5; תבל 9:9; 96:13 = 98:9; ׳שׁ מישׁרים ⟦75:3⟧. Niph`al Perfect1singular נִשְׁמַּטְתִּי Ezek 20:36 4t.; Imp…
H8251	553	Ezekiel 7:30	—	—	—	vers_tullepes	kezi	11:18;20:7;37:23;5:11	—	tobb egyenrangu jelolt: Jer 7:30, Ez 7:20	…; 2Kin 23:24; Jer 4:1; 7:30=32:34; 13:27; 16:18; Ezek 5:11; ⟦Ezekiel 7:30⟧; 11:18, 20; 20:7-8, 30; 37:23; of idolatrous practices Dan …
H8259	1315	1Chr 21:21	—	Num 21:21	4Móz 21:21	mas_konyv_ervenyes_fejezettel	kezi	—	—	a forrasbeli hely is letezik; a mas konyvbeli talalat mellett nincs eleg lanc/csoport-tamasz (E=0.04, lanc 0, a forrasbeli konyvben 0) es fuggetlen forras	…h J), absolute ׳וַיַּשׁ וַיַּרְא 2Sam 24:20 (וַיַּבֵּט in || ⟦1Chr 21:21⟧); especially subject ׳י, with אֶל location Exod 14:24 (J); …
H8278	414	Exodus 39:49	—	—	—	vers_tullepes	kezi	31:10;39:1;39:13;39:11;31:10;35:18;39:1	—	tobb egyenrangu jelolt: 2Móz 39:40, 2Móz 39:41, 2Móz 39:42	…— always absolute: (הַ)שׂ ׳בִּגְדֵי Exod 31:10; 35:18; 39:1; ⟦Exodus 39:49⟧ (all P; all + ׳ב הַקֹּדֶשׁ, and last three + בַּקֹּדֶשׁ לְשָׁר…
H8319	114	Lev 2:15	—	—	—	mas_konyv_ervenyes_fejezettel	kezi	—	—	tobb egyenrangu jelolt: JSir 2:15, Sof 2:15	…ipe (Late Hebrew id., hiss (dubious), Aramaic שְׁרֵיק id. ᵑ7 ⟦Lev 2:15⟧-16, id.; — from ׳שׁ comes Greek σῦριγξ according to Lag^Abh …
H8334	459	2Sam 13:9	—	2Chr 13:9	2Krón 13:9	mas_konyv_ervenyes_fejezettel	kezi	—	—	a forrasbeli hely is letezik; a mas konyvbeli talalat mellett nincs eleg lanc/csoport-tamasz (E=0.24, lanc 0, a forrasbeli konyvben 0) es fuggetlen forras	… לְשָׁ֫רֶת Deut 17:12, etc.; Participle מְשָׁרֵת Num 11:28 + (⟦2Sam 13:9⟧ see מַשְׂרֵת, p. 602:a), feminine מְשָׁרַת 1Kin 1:15, etc.; —…
H8384	1167	Neh 8:13	—	Jer 8:13	Jer 8:13	mas_konyv_ervenyes_fejezettel	kezi	—	—	a forrasbeli hely is letezik; a mas konyvbeli talalat mellett nincs eleg lanc/csoport-tamasz (E=0.12, lanc 0, a forrasbeli konyvben 0) es fuggetlen forras	…17 (all symbolic of Judaeans), 8:13 (תּ ׳אֵין בַּתְּאֵנָה), ⟦Neh 8:13⟧; as medicament, ת ׳דְּבֶלֶת 2Kin 20:7 = Isa 38:21; הַבַּכֻּ…
H8467	246	Joshua 11:29	—	—	—	vers_tullepes	kezi	—	—	tobb egyenrangu jelolt: Józs 11:19, Józs 11:20, Józs 11:21	…ם2Chr 6:39 etc. + 10 t. suffix; — 1 favour, shewn by Israel ⟦Joshua 11:29⟧ (D); יהוה מאת Ezra 9:8. 2 supplication for favour, from God…
H8478	1373	Dan 18:4	—	Gen 18:4	1Móz 18:4	fejezet_tullepes	kezi	9:12	illesztheto (1/1)	a Strong-proba nem szelektiv (a szo egy veletlen 3 verses ablakban 6% esellyel all; a veletlen talalat varhato szama 19 jelolt hely kozott 1.10), fuggetlen forras nincs	…aven (so Deut 2:25; 4:19; Job 28:24; 37:3; 41:3; Dan 9:12), ⟦Dan 18:4⟧ ׳ת הָעֵץ, Dan 21:15; Dan 24:2+ often; Job 30:14 ׳תּ שׁוֺאָה …
H8478	3038	Malachi 3:31	—	—	—	vers_tullepes	kezi	—	illesztheto (1/1)	tobb egyenrangu jelolt: Bír 3:31, Mal 3:21	…8:7 ת ׳שַׁתָּה כֹּל רַגְלָיו, 18:39; 47:4; Lam 3:34, compare ⟦Malachi 3:31⟧. 2 what is under one, the place in which one stands: hence …
H8478	4547	Exodus 22:37	—	—	—	vers_tullepes	kezi	—	illesztheto (1/1)	tobb egyenrangu jelolt: 2Sám 22:37, 2Móz 21:37	…:23) גֶפְשׁlife for life, 21:24; 21:25; 21:26; 21:27; 21:36; ⟦Exodus 22:37⟧, Josh 2:14 לָמוּת תַחְתֵּיכֶם נַפְשֵׁנוּ, 1Sam 2:20; 1Kin 20…
H8539	424	Exod 5:7	—	Eccl 5:7	Préd 5:7	mas_konyv_ervenyes_fejezettel	kezi	—	—	a forrasbeli hely is letezik; a mas konyvbeli talalat mellett nincs eleg lanc/csoport-tamasz (E=0.03, lanc 0, a forrasbeli konyvben 0) es fuggetlen forras	…Psa 48:6; + מִן causative Job 26:11; + על of thing at which ⟦Exod 5:7⟧; look in astonishment at ׳ת אֶלרֵֿעֵהוּ אִישׁ Gen 43:33 (J),…
H8548	739	Psalm 40:109	—	—	—	vers_tullepes	kezi	16:5	illesztheto (1/1)	nincs olyan konyv/vers, ahol a hely letezik es a Strong-proba vagy a fuggetlen forras igazolna	…; 74:23; 105:4; 109:15; 109:19; 119:44 (+ לְעוֺלָם וֶָעך׃), ⟦Psalm 40:109⟧; v<Bible/VERSE ONLY:119:117 (so also 16:5, for תומי ᵑ0, Bi …
H8559	203	2Chr 3:9	—	1Chr 3:9	1Krón 3:9	mas_konyv_ervenyes_fejezettel	kezi	—	—	a forrasbeli hely is letezik; a mas konyvbeli talalat mellett nincs eleg lanc/csoport-tamasz (E=0.10, lanc 0, a forrasbeli konyvben 0) es fuggetlen forras	…. daughter of David, sister of Absalom 2Sam 13:1, 211t. 13, ⟦2Chr 3:9⟧. c. daughter of Absalom 2Sam 14:27. 2. location Ezek 47:19;…
H8628	214	Jer 7:18	—	Judg 7:18	Bír 7:18	mas_konyv_ervenyes_fejezettel	kezi	—	—	a forrasbeli hely is letezik; a mas konyvbeli talalat mellett nincs eleg lanc/csoport-tamasz (E=0.18, lanc 0, a forrasbeli konyvben 0) es fuggetlen forras	…masculine singular ׳ת Gen 31:25 +, 1 singular וְתָקַעְתִּ֫י ⟦Jer 7:18⟧, etc.; Imperfect3masculine singular תִּקְעוּ Jeremiah 3:37 …
H8628	268	Jeremiah 3:37	—	—	—	vers_tullepes	kezi	—	—	nincs olyan konyv/vers, ahol a hely letezik es a Strong-proba vagy a fuggetlen forras igazolna	…תִּ֫י Jer 7:18, etc.; Imperfect3masculine singular תִּקְעוּ ⟦Jeremiah 3:37⟧ +, suffix וַיִּתְקָעֵהוּ Exod 10:19, etc.; Imperative mascu…
H8668	1545	Psalm 51:81	—	—	—	vers_tullepes	kezi	—	—	nincs olyan konyv/vers, ahol a hely letezik es a Strong-proba vagy a fuggetlen forras igazolna	…r to be תְשׁוּעָתִי אֱלֹהֵי Psa 51:16; 119:41 (|| חֲסָדֶךָ), ⟦Psalm 51:81⟧, and ת יִלְבְּשׁוּ ׳כֹּהֲנֶיךָ2Chr 6:41 (from יֵשַׁע אלברשׁ כה…
H8669	317	3:16	—	—	—	lanc_lehetetlen	kezi	—	—	konyv nelkuli, lancolt igehely: az orokolt konyvben (Én, a 'Cant 7:11' token utan) a vers nem letezik; a gepi csere csak konyvjelolt tokent cserel	…ιστροφή Canticles, whence Nes^Marg. 6 proposes תְּשׁוּבָתֵךְ ⟦3:16⟧, which Ball^Hpt reads in all; but how explain the unusual a…
H9003	7332	Judges 8:57	—	—	—	vers_tullepes	kezi	—	illesztheto (1/1)	tobb egyenrangu jelolt: 1Kir 8:57, Bír 8:5, Bír 8:7, Bír 8:17, Bír 8:27, Bír 9:57	…lood be upon his head Josh 2:19; י (הֵשִׁיב בְּראֹשׁוֺ׳שׁוּב ) ⟦Judges 8:57⟧ (רָעָה), 1Kin 2:33 (דָּם), 2:44 (רָעָה), Psa 7:17 (עֲמָלוֺ)…
H9004	3071	Dan 23:22	—	2Kin 23:22	2Kir 23:22	fejezet_tullepes	kezi	8:15;10:18	illesztheto (1/1)	a lancolt/csoportbeli helyek kozul 1/2 is ebben a konyvben igazolt (a forrasbeli konyvben 2); a Strong-proba nem szelektiv (a szo egy veletlen 3 verses ablakban 31% esellyel all; a veletlen talalat varhato szama 11 jelolt hely kozott 1.07), fuggetlen forras nincs	…was, etc. (compare Ezek 1:4, 26 a.; 1:27; Dan 8:15; 10:18), ⟦Dan 23:22⟧ לו ראם כתועפות, Exod 24:10; Deut 4:32 הזה הגדול כדבר הנהיה …
H9004	3583	Psalm 17:37	—	—	—	vers_tullepes	kezi	125:1	illesztheto (1/1)	tobb egyenrangu jelolt: 1Sám 17:37, Zsolt 17:7	…ָּוֶת וְהוּא, Psa 17:14; 89:30 שׁמים כימי וכסאו (of time: so ⟦Psalm 17:37⟧), 125:1, etc.; after a verb, כְּ היה to become the like of …
H9005	6602	Jeremiah 22:33	—	—	—	vers_tullepes	kezi	4:12	illesztheto (1/1)	tobb egyenrangu jelolt: 3Móz 22:33, Józs 22:33, 1Kir 22:33	…Sam 24:13; Isa 47:9; Job 3:25 (compare Isa 66:4), Jer 4:12; ⟦Jeremiah 22:33⟧ חֲבָלִים לָךְ בְּבאֹ (so Hosea 13:13; Isa 66:7). And with v…
H9005	25921	Joel 9:9	—	—	—	psi_maradek	kezi	—	illesztheto (1/1)	N-F34 maradek sora; tobb egyenrangu jelolt: 1Móz 9:9, 2Móz 9:9, 3Móz 9:9, 4Móz 9:9, 5Móz 9:9, Józs 9:9, Bír 9:9, 1Sám 9:9	…לְשֵׁם in view of (i.e. determined by), because of ׳יs name, ⟦Joel 9:9⟧; Jer 3:17; Isa 55:5 (|| לְמַעַן), Ezek 36:22 (do.); Gen 4:2…
H9005	29779	Exodus 32:36	—	—	—	vers_tullepes	kezi	—	illesztheto (1/1)	tobb egyenrangu jelolt: 5Móz 32:36, Jer 32:36, 2Móz 32:6, 2Móz 32:26, 2Móz 32:30, 2Móz 32:31, 2Móz 32:32, 2Móz 32:33	…אהיה לא ואנכי, Psa 124:1; 124:2, and without היה Gen 31:42; ⟦Exodus 32:36⟧, ל ׳מִי אֵלַי who is on ׳יs side ? (let him come) to me ! J…
H9005	31233	Isaiah 18:23	—	—	—	vers_tullepes	kezi	44:7;59:8;7:11	illesztheto (1/1)	tobb egyenrangu jelolt: 1Móz 18:23, Jer 18:23, Ez 18:23	…רָה לִי לְשַׁלַּח, 2Kin 4:3 לָךְ שַׁאֲלִי (compare Isa 7:11), ⟦Isaiah 18:23⟧; 44:7 לָמוֺ יַגִּידוּ, 59:8 לָהֶם עִקְּשׁוּ, Jer 2:13; 22:14…
H9005	33716	Hab 41:47	—	Gen 41:47	1Móz 41:47	fejezet_tullepes	kezi	1:6	illesztheto (1/1)	N-F34 maradek sora; a lancolt/csoportbeli helyek kozul 1/1 is ebben a konyvben igazolt (a forrasbeli konyvben 1); a Strong-proba nem szelektiv (a szo egy veletlen 3 verses ablakban 100% esellyel all; a veletlen talalat varhato szama 1 jelolt hely kozott 1.00), fuggetlen forras nincs	…e full extent of) its length and breadth (compare Hab 1:6); ⟦Hab 41:47⟧ לִקְמָצִים by handfuls, Num 24:2 + לִשְׁבָטָיו by its tribes…
H9005	40560	1 Samuel 12:29	—	—	—	vers_tullepes	kezi	14:33;19:5	illesztheto (1/1)	tobb egyenrangu jelolt: 5Móz 12:29, 1Kir 12:29, 1Krón 12:29	…have done מלך לכם לִשְׁאוֺל in asking for yourselves a king, ⟦1 Samuel 12:29⟧; 14:33 the people sin against J. עלהֿדם לאכל in eating with…
H9009	11175	1Ki 45:14	—	Ezek 45:14	Ez 45:14	fejezet_tullepes	kezi	8:35;45:16;61:7;21:2	illesztheto (1/1)	N-F34 maradek sora; a lancolt/csoportbeli helyek kozul 2/4 is ebben a konyvben igazolt (a forrasbeli konyvben 2); a Strong-proba nem szelektiv (a szo egy veletlen 3 verses ablakban 100% esellyel all; a veletlen talalat varhato szama 4 jelolt hely kozott 4.00), fuggetlen forras nincs	… שָׁמַיִם; (rarely in prose, Gen 1:8; 2:4; 1Kin 8:35); 21:2; ⟦1Ki 45:14⟧; 1Ki 45:16; 1Ki 61:7 and elsewhere מֶלֶךְ; 1Ki 66:6; Psa 72…
H9009	11186	1Ki 45:16	—	Ezek 45:16	Ez 45:16	fejezet_tullepes	kezi	8:35;45:14;61:7;21:2	illesztheto (1/1)	N-F34 maradek sora; a lancolt/csoportbeli helyek kozul 2/4 is ebben a konyvben igazolt (a forrasbeli konyvben 2); a Strong-proba nem szelektiv (a szo egy veletlen 3 verses ablakban 100% esellyel all; a veletlen talalat varhato szama 4 jelolt hely kozott 4.00), fuggetlen forras nincs	…rarely in prose, Gen 1:8; 2:4; 1Kin 8:35); 21:2; 1Ki 45:14; ⟦1Ki 45:16⟧; 1Ki 61:7 and elsewhere מֶלֶךְ; 1Ki 66:6; Psa 72:8 + יָם; P…
H9009	11197	1Ki 61:7	—	—	—	psi_maradek	kezi	8:35;45:14;45:16;21:2	illesztheto (1/1)	N-F34 maradek sora; nincs olyan konyv/vers, ahol a hely letezik es a Strong-proba vagy a fuggetlen forras igazolna	…rose, Gen 1:8; 2:4; 1Kin 8:35); 21:2; 1Ki 45:14; 1Ki 45:16; ⟦1Ki 61:7⟧ and elsewhere מֶלֶךְ; 1Ki 66:6; Psa 72:8 + יָם; Psa 59:7; 1…
H9009	11228	1Ki 66:6	—	—	—	psi_maradek	kezi	—	illesztheto (1/1)	N-F34 maradek sora; tobb egyenrangu jelolt: Zsolt 66:6, Ézs 66:6	… 21:2; 1Ki 45:14; 1Ki 45:16; 1Ki 61:7 and elsewhere מֶלֶךְ; ⟦1Ki 66:6⟧; Psa 72:8 + יָם; Psa 59:7; 1Ki 59:15 עִיר; Judg 5:2; Psa 18…
H9009	11264	1Ki 59:15	—	—	—	psi_maradek	kezi	—	illesztheto (1/1)	N-F34 maradek sora; tobb egyenrangu jelolt: Zsolt 59:15, Ézs 59:15	…7 and elsewhere מֶלֶךְ; 1Ki 66:6; Psa 72:8 + יָם; Psa 59:7; ⟦1Ki 59:15⟧ עִיר; Judg 5:2; Psa 18:44 עָם etc.; 9:6; 9:17 & often רָשָׁע…
H3117	445	Phoenician	—	Pharaoh	fáraó	nevhiba	kezi	—	van forditas (1 Fáraó/fáraó a szovegben)	a fuggetlen forras nem igazolja: a szocikk BDB-XML-bejegyzeseiben (j.ay.aa: base) a 'Pharaoh' szo nem all (a bejegyzes kidolgozatlan vazlat); a szo a BDB-XML-ben csak mas szocikkekben fordul elo (F46.9 javitas, ELLENOR_F46 5.)	… COT^Gloss; derivation unknown; on √ and relation of יום to ⟦Phoenician⟧ ימם, Aramaic ימם, , see Nö^ZMG 1886, 721 Ba^ZMG 1887, 632 f…
H0001	1424	1Ki 50:1	—	Gen 50:1	1Móz 50:1	fejezet_tullepes	kozepes	50:5	illesztheto (1/1)	kezi (DT-F46 (1): a Strong-szam a TAHOT-ban 1213-szor all, > 500); N-F34 maradek sora; a lancolt/csoportbeli helyek kozul 1/1 is ebben a konyvben igazolt (a forrasbeli konyvben 0)	… 17 (E) Deut 21:18-19, Gen 28:7 (P) 1Kin 19:20 (all + אֵם), ⟦1Ki 50:1⟧; 1Ki 50:5 (J) Mal 1:6 etc. Hence metaphor of intimate conne…
H0001	1434	1Ki 50:5	—	Gen 50:5	1Móz 50:5	fejezet_tullepes	kozepes	50:1	illesztheto (1/1)	kezi (DT-F46 (1): a Strong-szam a TAHOT-ban 1213-szor all, > 500); N-F34 maradek sora; a lancolt/csoportbeli helyek kozul 1/1 is ebben a konyvben igazolt (a forrasbeli konyvben 0)	…ut 21:18-19, Gen 28:7 (P) 1Kin 19:20 (all + אֵם), 1Ki 50:1; ⟦1Ki 50:5⟧ (J) Mal 1:6 etc. Hence metaphor of intimate connection Job …
H0056	390	1Sam 24:4	—	Isa 24:4	Ézs 24:4	mas_konyv_ervenyes_fejezettel	kozepes	33:9	—	kezi (DT-F46 (1) b: a letezo hely kozepes sora kezi listara); N-F34 maradek sora; a lancolt/csoportbeli helyek kozul 1/1 is ebben a konyvben igazolt (a forrasbeli konyvben 0)	…en figurative, inanimate subject, gates 1 Samuel 3:26; land ⟦1Sam 24:4⟧; 1Sam 33:9; Hosea 4:3; Joel 1:10; Jer 4:28 (followed by על)…
H0461	455	Ezek 8:16	—	Ezra 8:16	Ezsd 8:16	mas_konyv_ervenyes_fejezettel	kozepes	10:23	—	kezi (DT-F46 (1) b: a letezo hely kozepes sora kezi listara); a lancolt/csoportbeli helyek kozul 1/1 is ebben a konyvben igazolt (a forrasbeli konyvben 0)	…. prophet in time of Jehoshaphat2Chr 20:37. g. Levite chief ⟦Ezek 8:16⟧; Ezekiel 10:23. h. son of Harim Ezra 10:31.
H0595	1085	Lev 20:5	—	Gen 20:5	1Móz 20:5	mas_konyv_ervenyes_fejezettel	kozepes	26:24	illesztheto (1/1)	kezi (DT-F46 (1) b: a letezo hely kozepes sora kezi listara); a lancolt/csoportbeli helyek kozul 1/1 is ebben a konyvben igazolt (a forrasbeli konyvben 0)	…ithout גַּם) the lighter form אֲנִי is nearly always used ( ⟦Lev 20:5⟧; 26:24, 32; Deut 12:30; Judg 1:3; 8:23; 2Sam 12:28; 17:15; …
H0595	2162	Psa 30:7	—	Deut 30:7	5Móz 30:7	mas_konyv_ervenyes_fejezettel	kozepes	31:23;41:5;82:6	illesztheto (1/1)	kezi (DT-F46 (1) b: a letezo hely kozepes sora kezi listara); a lancolt/csoportbeli helyek kozul 1/3 is ebben a konyvben igazolt (a forrasbeli konyvben 0)	…Isa 38:10 (Hez.) 49:4; Jer 5:4; 10:19 (3:19 אנכי) Ruth 4:4; ⟦Psa 30:7⟧; 31:23; 41:5; 82:6 +; אָ֫נִי ויאמר (in response to a questi…
H0926	1433	Exod 5:1	—	Eccl 5:1	Préd 5:1	mas_konyv_ervenyes_fejezettel	kozepes	7:9	—	kezi (DT-F46 (1) b: a letezo hely kozepes sora kezi listara); a lancolt/csoportbeli helyek kozul 1/1 is ebben a konyvben igazolt (a forrasbeli konyvben 0)	…Psa 2:5; 2masculine singular תְּבַהֲלֵם 83:16; אַלתְּֿבַהֵל ⟦Exod 5:1⟧; 7:9; Infinitive suffix לְבַהֲלֵנִי2Chr 35:21; םָ֯32:18; Pa…
H1320	754	1Kin 4:34	—	2Kin 4:34	2Kir 4:34	mas_konyv_ervenyes_fejezettel	kozepes	5:10;5:14;6:30;9:36	illesztheto (1/1)	kezi (DT-F46 (1) b: a letezo hely kozepes sora kezi listara); a lancolt/csoportbeli helyek kozul 4/4 is ebben a konyvben igazolt (a forrasbeli konyvben 0)	…16t. 26:29 (P) Deut 28:53, 55; 32:42; Judg 8:7; 1Sam 17:44; ⟦1Kin 4:34⟧; 5:10; 5:14; 6:30; 1 Kings 9:36; Job 2:5; 4:15; 6:12; 7:5; …
H1369	351	Exod 9:16	—	Eccl 9:16	Préd 9:16	mas_konyv_ervenyes_fejezettel	kozepes	10:17	—	kezi (DT-F46 (1) b: a letezo hely kozepes sora kezi listara); a lancolt/csoportbeli helyek kozul 1/1 is ebben a konyvben igazolt (a forrasbeli konyvben 0)	…, crocodile Job 41:4, sun Judg 5:31, body of man Psa 90:10; ⟦Exod 9:16⟧; 10:17. 2 might, valour, of warriors Judg 8:21; Prov 8:14; …
H1931	5970	Hosea 10:22	—	Prov 10:22	Péld 10:22	vers_tullepes	kozepes	10:18;10:24;11:28;19:21;22:9;24:12;13:13	illesztheto (1/1)	kezi (DT-F46 (1): a Strong-szam a TAHOT-ban 1876-szor all, > 500); a lancolt/csoportbeli helyek kozul 7/7 is ebben a konyvben igazolt (a forrasbeli konyvben 1)	… 59:16; 63:5; Hosea 7:8; often in Proverbs, as Hosea 10:18; ⟦Hosea 10:22⟧; Hosea 10:24; Hosea 11:28; 13:13; Hos 19:21; Hos 22:9; Hos …
H1931	5983	Hosea 10:24	—	Prov 10:24	Péld 10:24	vers_tullepes	kozepes	10:18;10:22;11:28;19:21;22:9;24:12;13:13	illesztheto (1/1)	kezi (DT-F46 (1): a Strong-szam a TAHOT-ban 1876-szor all, > 500); a lancolt/csoportbeli helyek kozul 7/7 is ebben a konyvben igazolt (a forrasbeli konyvben 1)	… Hosea 7:8; often in Proverbs, as Hosea 10:18; Hosea 10:22; ⟦Hosea 10:24⟧; Hosea 11:28; 13:13; Hos 19:21; Hos 22:9; Hos 24:12; 1Sam 1…
H1931	5996	Hosea 11:28	—	Prov 11:28	Péld 11:28	vers_tullepes	kozepes	13:13;10:18;10:22;10:24;19:21;22:9;24:12	illesztheto (1/1)	kezi (DT-F46 (1): a Strong-szam a TAHOT-ban 1876-szor all, > 500); a lancolt/csoportbeli helyek kozul 7/7 is ebben a konyvben igazolt (a forrasbeli konyvben 1)	…ften in Proverbs, as Hosea 10:18; Hosea 10:22; Hosea 10:24; ⟦Hosea 11:28⟧; 13:13; Hos 19:21; Hos 22:9; Hos 24:12; 1Sam 1:13 (see Dr),…
H1931	6016	Hos 19:21	—	Prov 19:21	Péld 19:21	fejezet_tullepes	kozepes	10:18;10:22;10:24;11:28;22:9;24:12;13:13	illesztheto (1/1)	kezi (DT-F46 (1): a Strong-szam a TAHOT-ban 1876-szor all, > 500); N-F34 maradek sora; a lancolt/csoportbeli helyek kozul 7/7 is ebben a konyvben igazolt (a forrasbeli konyvben 1)	… Hosea 10:18; Hosea 10:22; Hosea 10:24; Hosea 11:28; 13:13; ⟦Hos 19:21⟧; Hos 22:9; Hos 24:12; 1Sam 1:13 (see Dr), Psalm 68:36. b. w…
H1931	6027	Hos 22:9	—	Prov 22:9	Péld 22:9	fejezet_tullepes	kozepes	10:18;10:22;10:24;11:28;19:21;24:12;13:13	illesztheto (1/1)	kezi (DT-F46 (1): a Strong-szam a TAHOT-ban 1876-szor all, > 500); N-F34 maradek sora; a lancolt/csoportbeli helyek kozul 7/7 is ebben a konyvben igazolt (a forrasbeli konyvben 1)	…8; Hosea 10:22; Hosea 10:24; Hosea 11:28; 13:13; Hos 19:21; ⟦Hos 22:9⟧; Hos 24:12; 1Sam 1:13 (see Dr), Psalm 68:36. b. when the pr…
H1931	6037	Hos 24:12	—	Prov 24:12	Péld 24:12	fejezet_tullepes	kozepes	10:18;10:22;10:24;11:28;19:21;22:9;13:13	illesztheto (1/1)	kezi (DT-F46 (1): a Strong-szam a TAHOT-ban 1876-szor all, > 500); N-F34 maradek sora; a lancolt/csoportbeli helyek kozul 7/7 is ebben a konyvben igazolt (a forrasbeli konyvben 1)	…0:22; Hosea 10:24; Hosea 11:28; 13:13; Hos 19:21; Hos 22:9; ⟦Hos 24:12⟧; 1Sam 1:13 (see Dr), Psalm 68:36. b. when the predicate is …
H1961	12845	Ezekiel 11:26	—	2Sam 11:26	2Sám 11:26	vers_tullepes	kozepes	12:1;3:16;6:1;7:1;11:14;11:17;11:21	illesztheto (1/1)	kezi (DT-F46 (1): a Strong-szam a TAHOT-ban 3562-szor all, > 500); a lancolt/csoportbeli helyek kozul 6/7 is ebben a konyvben igazolt (a forrasbeli konyvben 7)	… 13; 2:1; 13:8 +; Ezek 3:16; 6:1; 7:1; 11:14; 11:17; 11:21; ⟦Ezekiel 11:26⟧; 12:1, 8 +; so also absolute הַזֶּה הַמַּשָּׂא הָיָה Isa 14…
H1962	183	Micah 6:2	Jób	Job 6:2	Jób 6:2	mas_konyv_ervenyes_fejezettel	kozepes	—	—	kezi (DT-F46 (1) b: a letezo hely kozepes sora kezi listara)	…r it: see הַוָּה 2 [הַיָּה] noun feminine only הַיָּתִי Hab ⟦Micah 6:2⟧ Kt see הַוָּה.
H2023	139	Ezek 20:22	—	Num 20:22	4Móz 20:22	mas_konyv_ervenyes_fejezettel	kozepes	21:4;33:37	—	kezi (DT-F46 (1) b: a letezo hely kozepes sora kezi listara); a lancolt/csoportbeli helyek kozul 2/2 is ebben a konyvben igazolt (a forrasbeli konyvben 0)	… הָהָר הֹר, named as stage in Israel's journey to CanaanNum ⟦Ezek 20:22⟧; 21:4; Ezekiel 33:37; Deut 32:50; as place of Aaron's death…
H2063	7103	Job 14:3	—	Lev 14:3	3Móz 14:3	mas_konyv_ervenyes_fejezettel	kozepes	14:1;14:2	illesztheto (1/1)	kezi (DT-F46 (1) b: a letezo hely kozepes sora kezi listara); a lancolt/csoportbeli helyek kozul 2/2 is ebben a konyvben igazolt (a forrasbeli konyvben 0)	…a one) is God, our God, for ever (Hi De) Zeph 2:15; compare ⟦Job 14:3⟧ אַףעַֿלזֶֿה upon one such as this (14:1; 14:2) dost thou op…
H2063	8031	Job 38:2	—	Jer 38:2	Jer 38:2	mas_konyv_ervenyes_fejezettel	kozepes	42:3	illesztheto (1/1)	kezi (DT-F46 (1) b: a letezo hely kozepes sora kezi listara); a lancolt/csoportbeli helyek kozul 1/1 is ebben a konyvben igazolt (a forrasbeli konyvben 0)	… rend. Who is this . . . is admissible: Isa 63:1; Jer 46:7; ⟦Job 38:2⟧; 42:3; compare מִיזֹֿאת Song 3:6; 6:10; 8:5. c. מַהזֶֿה how…
H2625	172	Josh 1:4	—	Joel 1:4	Jóel 1:4	mas_konyv_ervenyes_fejezettel	kozepes	2:25	—	kezi (DT-F46 (1) b: a letezo hely kozepes sora kezi listara); a lancolt/csoportbeli helyek kozul 1/1 is ebben a konyvben igazolt (a forrasbeli konyvben 0)	…tructive; 1Kin 8:37 2Chr 6:28; Psa 78:46 (all || אַרְבֶּה), ⟦Josh 1:4⟧; Joshua 2:25 (|| גָּזָם אַרְבֶּה, יָ֑לֶק,); compare הֶחָ ׳א…
H2645	507	Psa 3:8	—	2Chr 3:8	2Krón 3:8	mas_konyv_ervenyes_fejezettel	kozepes	3:9	—	kezi (DT-F46 (1) b: a letezo hely kozepes sora kezi listara); a lancolt/csoportbeli helyek kozul 1/1 is ebben a konyvben igazolt (a forrasbeli konyvben 0)	…נפי), with בְּ of material. Pi`el Perfect (late) חִמָּה2Che ⟦Psa 3:8⟧; Psalm 3:9; Imperfect וַיְחַף2Chr 3:7; suffix וַיְחַמֵּהוּ3…
H2645	516	Psalm 3:9	—	2Chr 3:9	2Krón 3:9	mas_konyv_ervenyes_fejezettel	kozepes	3:8	—	kezi (DT-F46 (1) b: a letezo hely kozepes sora kezi listara); a lancolt/csoportbeli helyek kozul 1/1 is ebben a konyvben igazolt (a forrasbeli konyvben 0)	…h בְּ of material. Pi`el Perfect (late) חִמָּה2Che Psa 3:8; ⟦Psalm 3:9⟧; Imperfect וַיְחַף2Chr 3:7; suffix וַיְחַמֵּהוּ3:5, 8; over…
H3091	1103	Ezra 2:2	—	Josh 2:2	Józs 2:2	mas_konyv_ervenyes_fejezettel	kozepes	3:2;4:3;5:2;10:18	illesztheto (1/1)	kezi (DT-F46 (1) b: a letezo hely kozepes sora kezi listara); a lancolt/csoportbeli helyek kozul 4/4 is ebben a konyvben igazolt (a forrasbeli konyvben 0)	…; 2:2, 4; Zech 3:1, 3, 6, 8, 9; 6:11; = יְשׁוּעַ (ᵐ5 Ἰησοῦς) ⟦Ezra 2:2⟧; 3:2, 8; 4:3; 5:2; 10:18; Neh 7:7; 12:1, 7, 10, 26. 4 יְהוֺ…
H3789	4030	Judg 18:4	—	Josh 18:4	Józs 18:4	mas_konyv_ervenyes_fejezettel	kozepes	18:9	illesztheto (1/1)	kezi (DT-F46 (1) b: a letezo hely kozepes sora kezi listara); a lancolt/csoportbeli helyek kozul 1/1 is ebben a konyvben igazolt (a forrasbeli konyvben 0)	…7; 45:1. 2 = write down describe in writing, ׳כ אֶתהָֿאָרֶץ ⟦Judg 18:4⟧, 6, 8 (3 t. in verse); 18:9. 3 = register enroll Isa 10:19 …
H4148	863	Ezek 1:2	—	Prov 1:2	Péld 1:2	mas_konyv_ervenyes_fejezettel	kozepes	23:23	—	kezi (DT-F46 (1) b: a letezo hely kozepes sora kezi listara); a lancolt/csoportbeli helyek kozul 1/1 is ebben a konyvben igazolt (a forrasbeli konyvben 0)	…. in Proverbs, discipline in the school of wisdom: ומ ׳חכמה ⟦Ezek 1:2⟧, 7; 23:23; ׳מ חכמה discipline of wisdom Ezekiel 15:33; ׳מ ה…
H4191	3441	Numbers 17:35	—	1Sam 17:35	1Sám 17:35	vers_tullepes	kozepes	18:3;18:32;26:11;26:61;3:4;17:14;17:28;4:19;14:35	illesztheto (1/1)	kezi (DT-F46 (1): a Strong-szam a TAHOT-ban 840-szor all, > 500); a lancolt/csoportbeli helyek kozul 2/9 is ebben a konyvben igazolt (a forrasbeli konyvben 9)	… 13; Num 3:4; 4:19-20, 14:35; Numbers 17:14; Numbers 17:28; ⟦Numbers 17:35⟧; 18:3; 18:32; 26:11; 26:61 (P), Deut 5:22 (twice in verse);…
H4306	461	1Chr 6:26	—	2Chr 6:26	2Krón 6:26	mas_konyv_ervenyes_fejezettel	kozepes	6:27;7:13	—	kezi (DT-F46 (1) b: a letezo hely kozepes sora kezi listara); a lancolt/csoportbeli helyek kozul 2/2 is ebben a konyvben igazolt (a forrasbeli konyvben 0)	… ׳מְ אַרְצְכֶס); 28:12; 1Kin 8:35-36, 17:1 (|| טַל), 18:12; ⟦1Chr 6:26⟧; 6:27; 7:13; Job 5:10 (|| מַיִם), compare 28:26; 36:27; Psa…
H4673	255	Isa 4:3	—	Josh 4:3	Józs 4:3	mas_konyv_ervenyes_fejezettel	kozepes	4:9	—	kezi (DT-F46 (1) b: a letezo hely kozepes sora kezi listara); a lancolt/csoportbeli helyek kozul 1/1 is ebben a konyvben igazolt (a forrasbeli konyvben 0)	…suffix מַצָּבֶ֫ךָ Isa 22:19; — 1 standing-place of feetJosh ⟦Isa 4:3⟧; Isaiah 4:9 (JE). 2 station, office Isa 22:19 (|| מַעֲמָד).…
H4908	565	Isa 46:5	—	Psa 46:5	Zsolt 46:5	mas_konyv_ervenyes_fejezettel	kozepes	26:8	illesztheto (1/1)	kezi (DT-F46 (1) b: a letezo hely kozepes sora kezi listara); a lancolt/csoportbeli helyek kozul 1/1 is ebben a konyvben igazolt (a forrasbeli konyvben 0)	…ar always of abode of ׳י: a. in General, of temple, מ ׳קְדשׁ ⟦Isa 46:5⟧; כְּבוֺדֶ֑ךָ מִשְׁכַּן 26:8; ׳מ שְׁמֶ֑ךָ Psa 74:7. b. שִׁלוֺ מ…
H5197	1480	Exod 21:2	—	Ezek 21:2	Ez 21:2	mas_konyv_ervenyes_fejezettel	kozepes	21:7	—	kezi (DT-F46 (1) b: a letezo hely kozepes sora kezi listara); a lancolt/csoportbeli helyek kozul 1/1 is ebben a konyvben igazolt (a forrasbeli konyvben 0)	…ith עַל against, Amos 7:16 (|| הִנָּבֵא), with אֶלֿ toward, ⟦Exod 21:2⟧ (|| id.), 21:7 (|| id.); with ל concerning Micah 2:11 compa…
H5221	4742	1Kin 8:28	—	2Kin 8:28	2Kir 8:28	mas_konyv_ervenyes_fejezettel	kozepes	8:29;9:18	illesztheto (1/1)	kezi (DT-F46 (1) b: a letezo hely kozepes sora kezi listara); a lancolt/csoportbeli helyek kozul 1/2 is ebben a konyvben igazolt (a forrasbeli konyvben 0)	…e Now). e. rarely smite (in battle) so as (merely) to wound ⟦1Kin 8:28⟧, so (+ accusative of congnate meaning with verb מַכָּה) 8:2…
H5462	2652	1Chr 9:20	—	2Chr 9:20	2Krón 9:20	mas_konyv_ervenyes_fejezettel	kozepes	4:20	—	kezi (DT-F46 (1) b: a letezo hely kozepes sora kezi listara); a lancolt/csoportbeli helyek kozul 1/1 is ebben a konyvben igazolt (a forrasbeli konyvben 0)	…emple adornment and utensils 1Kin 6:20-21, 7:49-50, 10:21 = ⟦1Chr 9:20⟧; 4:20, 22; perhaps read סָגוּר (abbreviated for ׳ז ׳ס) Job …
H5511	223	Judg 2:10	—	Josh 2:10	Józs 2:10	mas_konyv_ervenyes_fejezettel	kozepes	13:21	—	kezi (DT-F46 (1) b: a letezo hely kozepes sora kezi listara); a lancolt/csoportbeli helyek kozul 1/1 is ebben a konyvben igazolt (a forrasbeli konyvben 0)	…1 7t. Numbers 21 (JE), 32:33 (R) Deut 1:4 10t. Deuteronomy; ⟦Judg 2:10⟧ 4t. Judges (D) + 13:21 (twice in verse); Judges 13:27 (P), …
H5518	731	Ezek 27:3	—	Exod 27:3	2Móz 27:3	mas_konyv_ervenyes_fejezettel	kozepes	38:3	—	kezi (DT-F46 (1) b: a letezo hely kozepes sora kezi listara); a lancolt/csoportbeli helyek kozul 1/1 is ebben a konyvben igazolt (a forrasbeli konyvben 0)	…Psa 60:10 my washing-pot, 108:10. 2 pots used in sanctuary, ⟦Ezek 27:3⟧; 38:3 (both P), 1Kin 7:40 (read סִירוֺת for כִּיִּרוֺת ᵑ0, …
H5619	938	Ezek 19:13	—	Exod 19:13	2Móz 19:13	mas_konyv_ervenyes_fejezettel	kozepes	21:28;21:29;21:32	—	kezi (DT-F46 (1) b: a letezo hely kozepes sora kezi listara); a lancolt/csoportbeli helyek kozul 3/3 is ebben a konyvben igazolt (a forrasbeli konyvben 0)	…al Imperfect3masculine singular יִסָּקֵל be stoned to death ⟦Ezek 19:13⟧; 21:28; 21:29; 21:32 (JE). Pi`el Imperfect3masculine singul…
H5973	6104	2Sam 26:16	—	2Chr 26:16	2Krón 26:16	fejezet_tullepes	kozepes	24:16	illesztheto (1/1)	kezi (DT-F46 (1): a Strong-szam a TAHOT-ban 1051-szor all, > 500); N-F34 maradek sora; a lancolt/csoportbeli helyek kozul 1/1 is ebben a konyvben igazolt (a forrasbeli konyvben 1)	…house of O., in its own house (see Be), 21:15 (2Sam 24:16), ⟦2Sam 26:16⟧ (compare אֵת 2). By a person, Deut 5:28 עמדי מֹּה עֲמֹד וְא…
H6270	197	2Kin 8:26	1Krón	1Chr 8:26	1Krón 8:26	mas_konyv_ervenyes_fejezettel	kozepes	11:2	—	kezi (DT-F46 (1) b: a letezo hely kozepes sora kezi listara)	…d Jezebel, mother of Ahaziah king of Judah; Γοθολια: יָהוּ- ⟦2Kin 8:26⟧; 11:2, 20 2Chr 22:2, 10, 11; 23:12-13, 21; 24:7; יָה- 2Kin …
H6965	13855	Ezek 41:11	—	Psa 41:11	Zsolt 41:11	mas_konyv_ervenyes_fejezettel	kozepes	41:11	illesztheto (1/1)	kezi (DT-F46 (1) b: a letezo hely kozepes sora kezi listara); a lancolt/csoportbeli helyek kozul 1/1 is ebben a konyvben igazolt (a forrasbeli konyvben 0)	…קוֺם Psa 44:20 place of jackals, i.e. desert; ׳מְ הַמֻּנָּח ⟦Ezek 41:11⟧b place of the uncovered space, portion (compare הַמֻּנָּח a…
H6965	14784	1Kin 8:29	—	Josh 8:29	Józs 8:29	mas_konyv_ervenyes_fejezettel	kozepes	8:30	illesztheto (1/1)	kezi (DT-F46 (1) b: a letezo hely kozepes sora kezi listara); a lancolt/csoportbeli helyek kozul 1/1 is ebben a konyvben igazolt (a forrasbeli konyvben 0)	…6; 17:8; 18:6 13t. Deuteronomy + Josh 9:27 (D), Neh 1:9; ׳מ ⟦1Kin 8:29⟧ (twice in verse); 8:30, 35 2Chr 6:20 (twice in verse); 6:21…
H6981	82	Judg 9:19	—	1Chr 9:19	1Krón 9:19	mas_konyv_ervenyes_fejezettel	kozepes	26:1	—	kezi (DT-F46 (1) b: a letezo hely kozepes sora kezi listara); N-F34 maradek sora; a lancolt/csoportbeli helyek kozul 1/1 is ebben a konyvben igazolt (a forrasbeli konyvben 0)	… proper name, masculine Κωρηβ, Κωρη, etc.; Levites: 1 Chron ⟦Judg 9:19⟧; Judg 26:1; (קֹרֵא); 22Chr 31:4.
H7200	1555	1Sam 32:31	—	Gen 32:31	1Móz 32:31	fejezet_tullepes	kozepes	18:2;19:1;31:2	illesztheto (1/1)	kezi (DT-F46 (1): a Strong-szam a TAHOT-ban 1299-szor all, > 500); N-F34 maradek sora; a lancolt/csoportbeli helyek kozul 3/3 is ebben a konyvben igazolt (a forrasbeli konyvben 0)	…e רֹאִי לַחֵי בְּאֵר 16:14, .p. 91 above) accusative of God ⟦1Sam 32:31⟧ (אֶלמָּֿנִים מָּנִים); accusative of person omitted 18:2; 1…
H7200	1661	1Sam 46:30	—	Gen 46:30	1Móz 46:30	fejezet_tullepes	kozepes	48:11	illesztheto (1/1)	kezi (DT-F46 (1): a Strong-szam a TAHOT-ban 1299-szor all, > 500); N-F34 maradek sora; a lancolt/csoportbeli helyek kozul 1/1 is ebben a konyvben igazolt (a forrasbeli konyvben 0)	…f person omitted 18:2; 19:1 +; with accusative מְּנֵי 31:2; ⟦1Sam 46:30⟧; 1Sam 48:11; Exod 33:20, opposed to אֶתאֲחֹרָ֑י 33:23; with…
H7200	1673	1Sam 48:11	—	Gen 48:11	1Móz 48:11	fejezet_tullepes	kozepes	46:30	illesztheto (1/1)	kezi (DT-F46 (1): a Strong-szam a TAHOT-ban 1299-szor all, > 500); N-F34 maradek sora; a lancolt/csoportbeli helyek kozul 1/1 is ebben a konyvben igazolt (a forrasbeli konyvben 0)	…tted 18:2; 19:1 +; with accusative מְּנֵי 31:2; 1Sam 46:30; ⟦1Sam 48:11⟧; Exod 33:20, opposed to אֶתאֲחֹרָ֑י 33:23; with accusative …
H7704	3903	Micah 5:2	—	Neh 5:2	Neh 5:2	mas_konyv_ervenyes_fejezettel	kozepes	5:4	illesztheto (1/1)	kezi (DT-F46 (1) b: a letezo hely kozepes sora kezi listara); a lancolt/csoportbeli helyek kozul 1/1 is ebben a konyvben igazolt (a forrasbeli konyvben 0)	…zek 17:5, טוֺב שָׂדֶה V:8 good soil. b. as private property, ⟦Micah 5:2⟧; 5:4; Isa 5:8 (twice in verse); Gen 47:20 (J), 23:9, 11, 13…
H7819	1661	2Chr 9:15	—	Lev 9:15	3Móz 9:15	mas_konyv_ervenyes_fejezettel	kozepes	9:16;9:15	—	kezi (DT-F46 (1) b: a letezo hely kozepes sora kezi listara); a lancolt/csoportbeli helyek kozul 2/2 is ebben a konyvben igazolt (a forrasbeli konyvben 0)	… participle = beaten, hammered, שָׁחוּט זָהָב 1Kin 10:16-17, ⟦2Chr 9:15⟧a 9:16, of shekels 9:15; so also Jer 9:7 Qr חֵץשָׁחוּט (> Kt …
H8034	2999	Dan 22:14	—	Deut 22:14	5Móz 22:14	fejezet_tullepes	kozepes	22:19	illesztheto (1/1)	kezi (DT-F46 (1): a Strong-szam a TAHOT-ban 864-szor all, > 500); a lancolt/csoportbeli helyek kozul 1/1 is ebben a konyvben igazolt (a forrasbeli konyvben 0)	… בְּנֵי Job 30:3; (2) bad sense, רָ֑ע שֵׁם עָלָיהָ וְהוֺצִא ⟦Dan 22:14⟧; compare Dan 22:19; Neh 6:13; = byword Ezek 23:10; ׳הַשּׁ ט…
H8034	3018	Dan 22:19	—	Deut 22:19	5Móz 22:19	fejezet_tullepes	kozepes	22:14	illesztheto (1/1)	kezi (DT-F46 (1): a Strong-szam a TAHOT-ban 864-szor all, > 500); a lancolt/csoportbeli helyek kozul 1/1 is ebben a konyvben igazolt (a forrasbeli konyvben 0)	…(2) bad sense, רָ֑ע שֵׁם עָלָיהָ וְהוֺצִא Dan 22:14; compare ⟦Dan 22:19⟧; Neh 6:13; = byword Ezek 23:10; ׳הַשּׁ טְמֵאַת 22:5. c. esp…
H8121	1930	Exod 6:5	—	Eccl 6:5	Préd 6:5	mas_konyv_ervenyes_fejezettel	kozepes	7:11;11:7;12:2	illesztheto (1/1)	kezi (DT-F46 (1) b: a letezo hely kozepes sora kezi listara); a lancolt/csoportbeli helyek kozul 3/3 is ebben a konyvben igazolt (a forrasbeli konyvben 0)	…12:11. b. figurative of living, שׁ ׳חָזָה Psa 58:9, שׁ ׳רָאָה ⟦Exod 6:5⟧; 7:11; 11:7, opposed to הַשׁ ׳תֶּחְשַׁךְ 12:2. c. הַשּׁ ׳תַּח…
H8275	115	1Chr 5:2	—	Est 5:2	Eszt 5:2	mas_konyv_ervenyes_fejezettel	kozepes	4:11;5:2;8:4	—	kezi (DT-F46 (1) b: a letezo hely kozepes sora kezi listara); a lancolt/csoportbeli helyek kozul 3/3 is ebben a konyvben igazolt (a forrasbeli konyvben 0)	…ed from foregoing, Ges^§ 85w); only Esther: absolute ׳הַשּׁ ⟦1Chr 5:2⟧; construct שׁ ׳הַזָּהָב 4:11; 5:2 הַזּ ׳שַׁרְבִט 8:4
H8478	1392	Dan 21:15	—	Gen 21:15	1Móz 21:15	fejezet_tullepes	kozepes	24:2	illesztheto (1/1)	kezi (DT-F46 (1): a Strong-szam a TAHOT-ban 503-szor all, > 500); a lancolt/csoportbeli helyek kozul 1/1 is ebben a konyvben igazolt (a forrasbeli konyvben 0)	… 4:19; Job 28:24; 37:3; 41:3; Dan 9:12), Dan 18:4 ׳ת הָעֵץ, ⟦Dan 21:15⟧; Dan 24:2+ often; Job 30:14 ׳תּ שׁוֺאָה under the crash they…
H8478	1403	Dan 24:2	—	Gen 24:2	1Móz 24:2	fejezet_tullepes	kozepes	21:15	illesztheto (1/1)	kezi (DT-F46 (1): a Strong-szam a TAHOT-ban 503-szor all, > 500); a lancolt/csoportbeli helyek kozul 1/1 is ebben a konyvben igazolt (a forrasbeli konyvben 0)	…28:24; 37:3; 41:3; Dan 9:12), Dan 18:4 ׳ת הָעֵץ, Dan 21:15; ⟦Dan 24:2⟧+ often; Job 30:14 ׳תּ שׁוֺאָה under the crash they roll them…
H5656	1859	2 Chronicles 31:33	—	2Chr 31:3	2Krón 31:3	vers_tullepes	kozepes	31:23;31:31;31:35;31:39;31:43;8:19;8:22;18:31	illesztheto (1/1)	kezi (F46.6 kapu: a szocikkben kulonbozo forrasalakok ugyanarra a celra: 2 Chronicles 31:33, 2 Chronicles 31:39, 2 Chronicles 31:43)	…ֺעֵד בְּאֹהֶל 31:4; 2 Chronicles 31:23; 2 Chronicles 31:31; ⟦2 Chronicles 31:33⟧; 2 Chronicles 31:35; 2 Chronicles 31:39; 2 Chronicles 31:43…
H5656	1899	2 Chronicles 31:39	—	2Chr 31:3	2Krón 31:3	vers_tullepes	kozepes	31:23;31:31;31:33;31:35;31:43;8:19;8:22;18:31	illesztheto (1/1)	kezi (F46.6 kapu: a szocikkben kulonbozo forrasalakok ugyanarra a celra: 2 Chronicles 31:33, 2 Chronicles 31:39, 2 Chronicles 31:43)	…2 Chronicles 31:31; 2 Chronicles 31:33; 2 Chronicles 31:35; ⟦2 Chronicles 31:39⟧; 2 Chronicles 31:43; 2Chron 8:19; 8:22; 18:31; מוֺעֵד אֹהֶל…
H5656	1919	2 Chronicles 31:43	—	2Chr 31:3	2Krón 31:3	vers_tullepes	kozepes	31:23;31:31;31:33;31:35;31:39;8:19;8:22;18:31	illesztheto (1/1)	kezi (F46.6 kapu: a szocikkben kulonbozo forrasalakok ugyanarra a celra: 2 Chronicles 31:33, 2 Chronicles 31:39, 2 Chronicles 31:43)	…2 Chronicles 31:33; 2 Chronicles 31:35; 2 Chronicles 31:39; ⟦2 Chronicles 31:43⟧; 2Chron 8:19; 8:22; 18:31; מוֺעֵד אֹהֶל Exod 30:16; Num 4:3…
H0056	370	1 Samuel 3:26	—	Isa 3:26	Ézs 3:27	vers_tullepes	kozepes	—	—	DT-F46 kiegeszites 2 (felhasznalo, 2026-10-03): a Strong a javasolt Karoli-versben (Ézs 3:26) nem all (ablak 0), a csere visszaallitva (F46.14); a javasolt_karoli_alak a TAHOT szerinti szomszedos vers (Ézs 3:27); a javasolt_forras_alak a korabbi (MT) javaslat	…Hosea 10:5; more often figurative, inanimate subject, gates ⟦1 Samuel 3:26⟧; land 1Sam 24:4; Isa 33:9; Hosea 4:3; Joel 1:10; Jer 4:28 (…
H0215	1505	Job 42:24	—	Job 41:24	Jób 41:32	vers_tullepes	kozepes	—	—	DT-F46 kiegeszites 2 (felhasznalo, 2026-10-03): a Strong a javasolt Karoli-versben (Jób 41:32) nem all (ablak 0), a csere visszaallitva (F46.14); a javasolt_karoli_alak a TAHOT szerinti szomszedos vers (nincs: a regi alak marad); a javasolt_forras_alak a korabbi (MT) javaslat; DT-F46: MT->Karoli Jób 41:24 -> Jób 41:32	…theophany); of leviathan, which makes path shine behind him ⟦Job 42:24⟧; יָאִיר כַּיּוֺם לַיְלָה night shineth as day Psa 139:12. 3…
H2406	823	1 Chronicles 20:21	—	1Chr 21:21	1Krón 21:20	vers_tullepes	kozepes	20:23	—	DT-F46 kiegeszites 2 (felhasznalo, 2026-10-03): a Strong a javasolt Karoli-versben (1Krón 21:21) nem all (ablak 0), a csere visszaallitva (F46.14); a javasolt_karoli_alak a TAHOT szerinti szomszedos vers (1Krón 21:20); a javasolt_forras_alak a korabbi (MT) javaslat	…ere insert according to ᵐ5 We Dr; wheat threshed Judg 6:11; ⟦1 Chronicles 20:21⟧ compare 1Chr 21:23; measured 1 Kings 5:25 2Chr 2:9 (מַכּוֺת…
H2574	1418	Ezekiel 47:48	—	Ezek 47:18	Ez 47:17	vers_tullepes	kozepes	—	—	DT-F46 kiegeszites 2 (felhasznalo, 2026-10-03): a Strong a javasolt Karoli-versben (Ez 47:18) nem all (ablak 0), a csere visszaallitva (F46.14); a javasolt_karoli_alak a TAHOT szerinti szomszedos vers (Ez 47:17); a javasolt_forras_alak a korabbi (MT) javaslat	…וְאֶתחֿ ׳אֶתדַּֿמֶּשֶׂק לִיחוּדָה הֵשִׁיב 2Kin 14:28; so also ⟦Ezekiel 47:48⟧: ח ׳גְּבוּל Ezek 47:17, compare V:16 b + V:16 a (strike out…
H2851	713	Ezekiel 26:26	—	Ezek 26:16	Ez 26:17	vers_tullepes	kozepes	26:32;16:3	—	DT-F46 kiegeszites 2 (felhasznalo, 2026-10-03): a Strong a javasolt Karoli-versben (Ez 26:16) nem all (ablak 0), a csere visszaallitva (F46.14); a javasolt_karoli_alak a TAHOT szerinti szomszedos vers (Ez 26:17); a javasolt_forras_alak a korabbi (MT) javaslat	…iel 26:23; Ezekiel 26:24; Ezekiel 26:25 (strike out ᵐ5 Co), ⟦Ezekiel 26:26⟧; Ezekiel 26:32. — חִתִּית 16:3, 45 see חִתִּי below חֵת abo…
H4803	981	Ezra 9:20	—	Ezra 9:2	Ezsd 9:3	vers_tullepes	kozepes	9:33	—	DT-F46 kiegeszites 2 (felhasznalo, 2026-10-03): a Strong a javasolt Karoli-versben (Ezsd 9:2) nem all (ablak 0), a csere visszaallitva (F46.14); a javasolt_karoli_alak a TAHOT szerinti szomszedos vers (Ezsd 9:3); a javasolt_forras_alak a korabbi (MT) javaslat	… Co reads ׳מ as Pu), Ezra 9:16 (strike out Co), Ezra 9:3, + ⟦Ezra 9:20⟧ מְרֻטָה for מְעֻטָּה ᵑ0 (Ew Sm Co Berthol). Niph`al Imperfe…
H4908	154	Ex 46:6	—	Psa 46:6	Zsolt 46:5	fejezet_tullepes	kozepes	—	illesztheto (1/1)	DT-F46 kiegeszites 2 (felhasznalo, 2026-10-03): a Strong a javasolt Karoli-versben (Zsolt 46:6) nem all (ablak 0), a csere visszaallitva (F46.14); a javasolt_karoli_alak a TAHOT szerinti szomszedos vers (Zsolt 46:5); a javasolt_forras_alak a korabbi (MT) javaslat	…nstruct מִשְׁכַּן 38:21 +, etc.; plural construct מִשְׁכְּנֵי ⟦Ex 46:6⟧ (ᵐ5 Bae Du מִשְׁכָּנוֺ, < י ׳מִשְׁכַּן); suffix מִשְׁכְּנֵיהֶם…
H5019	924	Ezekiel 29:30	—	Ezek 29:20	Ez 29:19	vers_tullepes	kozepes	26:7;29:18;29:19	—	DT-F46 kiegeszites 2 (felhasznalo, 2026-10-03): a Strong a javasolt Karoli-versben (Ez 29:20) nem all (ablak 0), a csere visszaallitva (F46.14); a javasolt_karoli_alak a TAHOT szerinti szomszedos vers (Ez 29:19); a javasolt_forras_alak a korabbi (MT) javaslat	…26; 49:30; 50:17; 51:34; 52:4, 12; Ezek 26:7; 29:18; 29:19; ⟦Ezekiel 29:30⟧; so Qr Jer 49:28 (Kt מ ׳נבוכדראצור ׳ב); נְבוּבַדְרֶאצַּר֑ (…
H5456	61	Isaiah 44:46	—	Isa 44:16	Ézs 44:15 / Ézs 44:17	vers_tullepes	kozepes	—	—	DT-F46 kiegeszites 2 (felhasznalo, 2026-10-03): a Strong a javasolt Karoli-versben (Ézs 44:16) nem all (ablak 0), a csere visszaallitva (F46.14); a javasolt_karoli_alak a TAHOT szerinti szomszedos vers (Ézs 44:15, Ézs 44:17); a javasolt_forras_alak a korabbi (MT) javaslat	…5456. sagad [סָגַד] verb prostrate oneself in worship (only ⟦Isaiah 44:46⟧) (perhaps Aramaic loan-word in Hebrew, compare Nö^ZMG xli (…
H5532	322	Eccl 22:22	—	Job 22:22	Jób 22:21	fejezet_tullepes	kozepes	—	—	DT-F46 kiegeszites 2 (felhasznalo, 2026-10-03): a Strong a javasolt Karoli-versben (Jób 22:22) nem all (ablak 0), a csere visszaallitva (F46.14); a javasolt_karoli_alak a TAHOT szerinti szomszedos vers (Jób 22:21); a javasolt_forras_alak a korabbi (MT) javaslat; N-F34 maradek sora	…gular only Job: יִסְכֹּן Job 22:2, וֺן- Job 15:3, יִסְכָּןֿ ⟦Eccl 22:22⟧t.; Participle סֹכֵן Isa 22:15; feminine סֹכֶ֫נֶת 1Kin 1:2, …
H6622	50	Genesis 40:41	—	Gen 40:21	1Móz 40:22	vers_tullepes	kozepes	—	—	DT-F46 kiegeszites 2 (felhasznalo, 2026-10-03): a Strong a javasolt Karoli-versben (1Móz 40:21) nem all (ablak 0), a csere visszaallitva (F46.14); a javasolt_karoli_alak a TAHOT szerinti szomszedos vers (1Móz 40:22); a javasolt_forras_alak a korabbi (MT) javaslat	H6622. pathar מָּתַר verb interpret (dream), only ⟦Genesis 40:41⟧ (Late Hebrew id., Jewish-Aramaic מְּתַר; apparently = Arama…
H6778	167	2 Samuel 12:40	—	1Chr 12:40	1Krón 12:40	vers_tullepes	kozepes	—	—	DT-F46 kiegeszites 2 (felhasznalo, 2026-10-03): a Strong a javasolt Karoli-versben (1Krón 12:39) nem all (ablak 0), a csere visszaallitva (F46.14); a javasolt_karoli_alak a TAHOT szerinti szomszedos vers (1Krón 12:40); a javasolt_forras_alak a korabbi (MT) javaslat; DT-F46: MT->Karoli 1Krón 12:40 -> 1Krón 12:39	…8; 30:12, צִמּוּקִים 2Sam 16:1; Chron 1Chr 12:41 (van d. H. ⟦2 Samuel 12:40⟧). צמר (√ of following; Late Hebrew צֶמֶר = Biblical Hebrew;…
H7092	474	Deuteronomy 15:80	—	Deut 15:8	5Móz 15:7	vers_tullepes	kozepes	—	—	DT-F46 kiegeszites 2 (felhasznalo, 2026-10-03): a Strong a javasolt Karoli-versben (5Móz 15:8) nem all (ablak 0), a csere visszaallitva (F46.14); a javasolt_karoli_alak a TAHOT szerinti szomszedos vers (5Móz 15:7); a javasolt_forras_alak a korabbi (MT) javaslat	… Deut 15:7 (with מִן away from, so as not to lend; opp, פתח ⟦Deuteronomy 15:80⟧); mouth, in astonishment Isa 52:15, in abject silence Job 5…
H7676	3040	Lev 28:8	—	Num 28:8	4Móz 28:9	fejezet_tullepes	kozepes	—	illesztheto (1/1)	DT-F46 kiegeszites 2 (felhasznalo, 2026-10-03): a Strong a javasolt Karoli-versben (4Móz 28:8) nem all (ablak 0), a csere visszaallitva (F46.14); a javasolt_karoli_alak a TAHOT szerinti szomszedos vers (4Móz 28:9); a javasolt_forras_alak a korabbi (MT) javaslat; N-F34 maradek sora	…, seven sabbaths or weeks; (ה)שָּׁנִים שַׁבְּתתֹ שֶׁבַע 25:8; ⟦Lev 28:8⟧ (H) seven sabbaths or weeks (of years), uncertain (see Mark…
H7927	370	Genesis 33:47	—	Gen 33:17	1Móz 33:18	vers_tullepes	kozepes	33:46	—	DT-F46 kiegeszites 2 (felhasznalo, 2026-10-03): a Strong a javasolt Karoli-versben (1Móz 33:17) nem all (ablak 0), a csere visszaallitva (F46.14); a javasolt_karoli_alak a TAHOT szerinti szomszedos vers (1Móz 33:18); a javasolt_forras_alak a korabbi (MT) javaslat	…es 9 (שׁ ׳בַּעֲלֵי 33:2 12t., ׳ב ׳מִגְדַּלשֿׁ Genesis 33:46; ⟦Genesis 33:47⟧), Hosea 6:9 21t. (שׁ ׳עִיר Gen 33:18); city of refuge Josh 2…
H8193	1896	Psalm 16:14	—	Prov 16:14	Péld 16:13	vers_tullepes	kozepes	16:30;17:28;10:19	illesztheto (1/1)	DT-F46 kiegeszites 2 (felhasznalo, 2026-10-03): a Strong a javasolt Karoli-versben (Péld 16:14) nem all (ablak 0), a csere visszaallitva (F46.14); a javasolt_karoli_alak a TAHOT szerinti szomszedos vers (Péld 16:13); a javasolt_forras_alak a korabbi (MT) javaslat; a lancolt/csoportbeli helyek kozul 3/3 is ebben a konyvben igazolt (a forrasbeli konyvben 0)	…30:27; ׳שׂ subject of דִּבֶּר 59:3; Prov 24:2; עַלשֿׂ ׳נָשָׂא ⟦Psalm 16:14⟧; שׂ ׳קָרַץ 16:30 = backbite; שׂ ׳אָטַם 17:28 +?שׂ ׳חָשַׂךְ 10:1…
