# F38 M0 -- generalja: python naplok/BDB_FORDITAS_M0.py; gyakorisag: konkordancia/TAHOT_kivonat.tsv (Strong-cimkenkenti sorszam); kesz sorok kimaradnak; ujragenerálva (F72): a kesz elotag valtozatlan, a hatralek a bovult BDB-tablabol (eszkozok/bdb_sorrend_ujragen.py)
sorszam	strong	gyakorisag	karakter	adag
1	H9009	23943	15815	1
2	H9005	20806	45414	1
3	H9003	15766	18043	1
4	H0853	10945	6621	1
5	H3068	6528	10103	1
6	H0413	5515	10139	1
7	H0834	5500	22469	1
8	H3605	5412	12770	1
9	H0559	5309	7610	1
10	H3808	5166	13885	2
11	H3588	4482	23687	2
12	H1961	3562	24992	2
13	H9004	2957	11025	2
14	H6213	2628	12627	2
15	H0935	2571	14625	2
16	H4428	2525	4551	2
17	H3478	2508	4038	2
18	H0776	2504	4251	2
19	H3117	2306	20257	2
20	H6440	2123	21162	2
21	H1004	2049	14503	2
22	H5414	2011	23371	2
23	H1931	1876	12775	2
24	H5971	1873	6678	2
25	H0376	1663	3755	2
26	H3027	1619	18079	2
27	H1980	1548	43729	2
28	H1697	1441	11681	2
29	H7200	1299	16846	2
30	H5704	1261	9684	2
31	H0001	1213	4836	2
32	H4480	1189	35799	2
33	H8085	1160	9153	2
34	H1696	1141	10705	2
35	H0859	1094	1667	2
36	H5892	1090	3474	2
37	H3427	1079	10978	2
38	H1732	1075	3195	2
39	H0518	1069	8652	2
40	H3318	1065	19000	2
41	H7725	1057	21596	2
42	H5973	1051	12668	2
43	H0259	969	4200	2
44	H3947	965	10089	2
45	H3045	945	14746	2
46	H0854	929	8948	2
47	H5927	890	11993	3
48	H5869	886	8186	3
49	H8141	877	2835	3
50	H0589	874	821	3
51	H7971	847	10177	3
52	H2009	843	4528	3
53	H4191	840	7576	3
54	H8033	834	3939	3
55	H3063	820	2352	3
56	H0398	810	6538	3
57	H5650	800	5720	3
58	H0369	788	7009	3
59	H0802	781	3501	3
60	H3651	771	11308	3
61	H8147	769	3139	3
62	H1571	768	6184	3
63	H4872	766	1924	3
64	H4100	753	12145	3
65	H9008	751	3964	3
66	H0428	746	1881	3
67	H0408	723	2360	3
68	H0310	715	4671	3
69	H1870	708	11028	3
70	H5375	656	431	3
71	H3389	643	2226	3
72	H4714	641	2660	3
73	H0251	629	2247	3
74	H6965	627	17763	3
75	H2063	604	12696	3
76	H7218	599	5944	3
77	H3820	594	8365	3
78	H1323	588	6088	3
79	H7760	582	15455	3
80	H3967	581	5186	3
81	H4325	581	5707	3
82	H3541	577	2226	3
83	H0582	566	1210	3
84	H1471	561	3612	3
85	H5674	556	15437	3
86	H1992	553	5032	3
87	H0120	551	3018	3
88	H2022	546	12901	3
89	H2896	538	12205	3
90	H1419	526	3929	3
91	H5975	521	8714	3
92	H0505	506	283	3
93	H6963	506	4447	3
94	H8478	503	6783	3
95	H5221	500	11084	3
96	H3205	496	7093	3
97	H6310	496	7429	3
98	H6680	494	4989	3
99	H5750	490	5725	3
100	H6635	485	5222	3
101	H8104	469	7813	3
102	H4672	455	12297	3
103	H7227	454	5273	3
104	H5769	437	7731	3
105	H5307	435	11203	3
106	H6258	433	4010	3
107	H7969	432	2265	3
108	H4941	422	5653	3
109	H8269	421	6304	3
110	H8064	420	5277	3
111	H4310	418	7941	3
112	H8432	418	2586	3
113	H2719	412	3965	3
114	H7586	407	532	3
115	H0996	405	4610	3
116	H4994	404	3007	3
117	H3701	403	5028	3
118	H4196	401	7160	3
119	H3220	395	4410	3
120	H7651	395	3533	3
121	H2091	389	7474	3
122	H3381	381	11208	3
123	H0784	377	4191	3
124	H7307	377	10184	3
125	H1129	376	7002	3
126	H5002	376	1709	3
127	H8179	374	4922	3
128	H5046	371	4289	4
129	H1818	360	10023	4
130	H0595	359	3415	4
131	H3290	350	1866	4
132	H4427	348	3724	4
133	H0175	347	903	4
134	H0168	345	3447	4
135	H1768	345	4903	4
136	H2568	343	3494	4
137	H6240	339	2426	4
138	H5439	335	2897	4
139	H7704	334	4620	4
140	H0113	333	6279	4
141	H6030	332	5979	4
142	H1288	330	6230	4
143	H6086	329	4084	4
144	H3627	325	6089	4
145	H0176	321	1212	4
146	H4421	319	3879	4
147	H0702	318	3279	4
148	H2005	315	2675	4
149	H3372	315	6486	4
150	H5030	315	3535	4
151	H6242	315	1780	4
152	H4940	303	3060	4
153	H6485	303	6507	4
154	H3966	300	1996	4
155	H5493	300	7188	4
156	H3899	298	4323	4
157	H6256	296	4006	4
158	H8010	293	1348	4
159	H2388	291	8841	4
160	H3881	291	3593	4
161	H5647	288	6432	4
162	H6430	288	931	4
163	H3772	287	7282	4
164	H5930	287	4641	4
165	H2320	285	3809	4
166	H1285	283	7012	4
167	H2421	282	5294	4
168	H7126	280	6703	4
169	H0639	275	1913	4
170	H6547	274	794	4
171	H6629	274	2724	4
172	H4616	272	3933	4
173	H0068	271	5755	4
174	H4057	271	2588	4
175	H1320	269	3146	4
176	H7563	263	2106	4
177	H0894	262	1315	4
178	H3824	252	6443	4
179	H4294	252	2378	4
180	H4390	248	6503	4
181	H0520	247	3504	4
182	H2617	247	6010	4
183	H7272	247	2996	4
184	H2428	246	3961	4
185	H0410	240	5184	4
186	H1366	240	3210	4
187	H5288	239	171	4
188	H2398	237	7597	4
189	H7965	237	3796	4
190	H4639	236	1268	4
191	H3915	233	4146	4
192	H5771	233	5072	4
193	H2142	231	11390	4
194	H3423	231	6813	4
195	H2233	229	7787	4
196	H7130	227	2826	4
197	H7235	226	6595	4
198	H1245	225	3767	4
199	H3789	224	6658	4
200	H4150	223	3599	4
201	H5159	222	2225	4
202	H0517	220	3267	4
203	H8451	219	4494	4
204	H3091	218	1801	4
205	H0899	217	1173	4
206	H3559	217	9637	4
207	H8354	217	3335	4
208	H8337	216	1305	4
209	H4264	215	2074	4
210	H5800	215	6642	4
211	H1242	214	5055	4
212	H4397	214	2532	4
213	H5186	214	8795	4
214	H5337	213	3663	4
215	H7901	212	4675	4
216	H0157	211	4709	4
217	H3254	211	6041	4
218	H4503	211	4166	4
219	H3615	208	8296	4
220	H3467	206	5419	4
221	H6662	206	1950	4
222	H0727	202	2655	4
223	H8199	202	5692	4
224	H0622	200	5997	4
225	H0905	200	2787	4
226	H3519	200	5360	4
227	H3201	194	4420	4
228	H8081	193	3198	4
229	H3709	192	5135	4
230	H2691	191	3785	4
231	H0929	190	1687	4
232	H7311	190	8839	4
233	H7626	190	2453	4
234	H7453	188	2556	4
235	H0241	187	3283	4
236	H0352	187	3758	4
237	H5612	186	4755	4
238	H7650	186	5383	4
239	H1540	185	5236	4
240	H0006	184	6309	4
241	H1241	183	3113	4
242	H3383	182	2081	4
243	H4687	182	2175	4
244	H7223	182	3395	5
245	H4124	181	969	5
246	H0669	180	2077	5
247	H2205	178	3579	5
248	H3898	177	4315	5
249	H7462	177	6484	5
250	H6235	176	2726	5
251	H8193	176	3075	5
252	H7970	173	1027	5
253	H7812	172	2955	5
254	H0977	171	3778	5
255	H6942	171	5220	5
256	H7592	171	6852	5
257	H0995	170	3923	5
258	H1755	167	3972	5
259	H2026	167	4559	5
260	H4399	167	2181	5
261	H0312	166	1854	5
262	H1144	166	1664	5
263	H1875	164	4798	5
264	H1984	164	10283	5
265	H2351	164	4257	5
266	H6607	164	2247	5
267	H2572	163	1288	5
268	H2077	162	4667	5
269	H2930	162	4854	5
270	H0389	161	2978	5
271	H5437	161	8960	5
272	H1368	159	1902	5
273	H5127	159	2666	5
274	H5608	159	5624	5
275	H6666	157	2987	5
276	H4194	156	1286	5
277	H8145	156	674	5
278	H8055	155	3465	5
279	H6726	154	2015	5
280	H2451	153	2983	5
281	H6828	153	1967	5
282	H3680	152	5604	5
283	H0804	151	1688	5
284	H5048	151	4392	5
285	H5060	150	4178	5
286	H5712	149	1892	5
287	H7230	149	1854	5
288	H3414	147	801	5
289	H7665	147	4375	5
290	H4519	146	2468	5
291	H5265	146	3890	5
292	H8130	146	3151	5
293	H3097	145	453	5
294	H5656	145	2850	5
295	H0758	143	1859	5
296	H2490	143	6347	5
297	H2583	143	2999	5
298	H6605	143	6376	5
299	H7291	143	4756	5
300	H1008	142	1602	5
301	H3644	142	2036	5
302	H5117	142	7576	5
303	H0227	141	2699	5
304	H3162	141	4063	5
305	H3196	141	2661	5
306	H5158	141	4471	5
307	H8050	141	605	5
308	H3225	140	3618	5
309	H3426	140	5337	5
310	H4605	140	3447	5
311	H5178	140	2065	5
312	H5483	140	2504	5
313	H4908	139	2075	5
314	H7122	139	2227	5
315	H2450	138	4149	5
316	H0705	136	1985	5
317	H6437	135	4330	5
318	H0637	134	3357	5
319	H1568	134	4724	5
320	H2076	134	3590	5
321	H4557	134	2062	5
322	H5387	134	1819	5
323	H6153	134	1711	5
324	H8121	134	2407	5
325	H2346	133	3518	5
326	H6435	133	2436	5
327	H6499	133	1439	5
328	H6912	133	2212	5
329	H7604	133	3657	5
330	H7931	129	4406	5
331	H0571	127	2707	5
332	H0954	127	2531	5
333	H2396	127	1264	5
334	H2706	127	3462	5
335	H6908	127	4833	5
336	H3581	126	3499	5
337	H6106	126	2318	5
338	H2534	125	4122	5
339	H2677	125	1250	5
340	H7993	125	4348	5
341	H5066	124	5080	5
342	H6951	123	1876	5
343	H1060	122	1101	5
344	H2803	121	5013	5
345	H0216	120	2013	5
346	H0587	120	497	5
347	H0982	120	2093	5
348	H3920	120	2563	5
349	H3477	119	2926	5
350	H4054	119	1431	5
351	H5104	119	2383	5
352	H6529	119	1953	5
353	H6664	119	3050	5
354	H7393	119	2512	5
355	H6471	118	2183	5
356	H1431	117	3208	5
357	H3190	117	3907	5
358	H8313	117	3205	5
359	H8441	117	1859	5
360	H3956	116	4560	5
361	H6918	116	2290	5
362	H6999	116	3162	5
363	H5012	115	2793	5
364	H7999	115	4423	5
365	H8210	115	3806	5
366	H0269	114	1629	5
367	H1058	114	3511	5
368	H3034	114	3775	5
369	H3513	113	5590	5
370	H8267	113	1831	5
371	H1115	112	3451	5
372	H5045	112	2282	5
373	H0053	111	436	5
374	H5982	111	1648	5
375	H7676	111	3288	5
376	H3847	110	4806	5
377	H3671	109	3207	5
378	H4481	109	2113	5
379	H6083	109	2951	5
380	H8083	109	2169	5
381	H8111	109	1112	5
382	H3327	108	649	5
383	H5162	108	3067	5
384	H6862	108	2784	5
385	H3532	107	1032	5
386	H7489	107	3792	5
387	H7992	107	893	5
388	H0539	106	3609	5
389	H3498	106	3299	5
390	H5983	106	880	5
391	H1157	105	3558	5
392	H1350	104	2740	5
393	H2708	104	3194	5
394	H3379	104	872	5
395	H5922	104	2539	5
396	H8548	104	2426	5
397	H7323	103	3699	5
398	H1116	102	4376	5
399	H3499	102	2751	5
400	H3722	102	6583	5
401	H4758	102	2466	5
402	H7911	102	2871	5
403	H4592	101	3932	5
404	H6996	101	2480	5
405	H7341	101	1111	5
406	H7458	101	933	5
407	H0123	100	1201	6
408	H3282	99	1961	6
409	H5785	98	1418	6
410	H7637	98	661	6
411	H6215	97	527	6
412	H7097	97	2344	6
413	H7646	97	4427	6
414	H8334	97	2492	6
415	H1481	96	3837	6
416	H2543	96	2841	6
417	H0426	95	1084	6
418	H0753	95	734	6
419	H1197	94	4365	6
420	H2181	94	3249	6
421	H2491	94	956	6
422	H2889	94	1489	6
423	H2891	94	3790	6
424	H3667	94	1746	6
425	H4422	94	3427	6
426	H8057	94	1245	6
427	H0256	93	745	6
428	H2015	93	5453	6
429	H6588	93	2529	6
430	H1616	92	2689	6
431	H1847	92	2574	6
432	H2459	92	2155	6
433	H3754	92	1519	6
434	H2220	91	3694	6
435	H2734	91	2823	6
436	H3742	91	3709	6
437	H4438	91	1790	6
438	H5797	91	3332	6
439	H7657	91	1246	6
440	H8549	91	1440	6
441	H5462	90	5239	6
442	H5676	90	4253	6
443	H7892	90	1806	6
444	H8045	90	2344	6
445	H3206	89	1636	6
446	H6098	89	2330	6
447	H2931	88	1537	6
448	H8255	88	2152	6
449	H0567	87	1644	6
450	H1817	87	2819	6
451	H6051	87	1332	6
452	H6924	87	2502	6
453	H7891	87	1806	6
454	H8002	87	2124	6
455	H3925	86	2419	6
456	H6285	86	1671	6
457	H8074	86	3795	6
458	H1167	84	4360	6
459	H3092	84	854	6
460	H6419	84	2288	6
461	H7069	84	1896	6
462	H7350	84	2505	6
463	H1995	83	2757	6
464	H3885	83	3732	6
465	H7896	83	3992	6
466	H0349	82	1474	6
467	H1035	82	919	6
468	H1168	82	13	6
469	H2145	82	2016	6
470	H3083	82	1266	6
471	H3809	82	462	6
472	H6031	82	3305	6
473	H6311	82	997	6
474	H7133	82	970	6
475	H4910	81	2255	6
476	H5641	81	4031	6
477	H5826	81	2788	6
478	H7819	81	2577	6
479	H0226	80	2016	6
480	H0738	80	816	6
481	H1964	80	4116	6
482	H2822	80	1580	6
483	H3384	80	5085	6
484	H3778	80	24	6
485	H4376	80	2646	6
486	H0214	79	1684	6
487	H3289	79	3336	6
488	H5782	79	5092	6
489	H7794	79	1935	6
490	H1486	78	4696	6
491	H2603	78	3648	6
492	H3444	78	2261	6
493	H4931	78	2515	6
494	H5061	78	1355	6
495	H6697	78	2343	6
496	H7392	78	3124	6
497	H0205	77	2071	6
498	H2114	77	2597	6
499	H7138	77	2583	6
500	H8605	77	1193	6
501	H2470	76	5067	6
502	H3988	76	3134	6
503	H4735	76	1346	6
504	H7161	76	2878	6
505	H8641	76	2324	6
506	H1270	75	1879	6
507	H3064	75	770	6
508	H4720	75	1977	6
509	H5324	75	4156	6
510	H6186	75	3207	6
511	H7023	75	1850	6
512	H7198	75	2975	6
513	H2654	74	2442	6
514	H4217	74	1468	6
515	H5542	74	3483	6
516	H5795	74	1235	6
517	H6041	74	1767	6
518	H0730	73	1638	6
519	H1892	73	2391	6
520	H2199	73	3225	6
521	H2781	73	1661	6
522	H2790	73	4124	6
523	H6869	73	1380	6
524	H7998	73	1548	6
525	H0499	72	489	6
526	H0631	72	3360	6
527	H0990	72	2644	6
528	H1077	72	1203	6
529	H1410	72	927	6
530	H2275	72	1588	6
531	H3669	72	2119	6
532	H4069	72	841	6
533	H7205	72	989	6
534	H7364	72	1973	6
535	H7782	72	1370	6
536	H0452	71	309	6
537	H0560	71	1364	6
538	H1934	71	1193	6
539	H3844	71	2462	6
540	H5775	71	855	6
541	H6381	71	2346	6
542	H7673	71	2636	6
543	H7979	71	1625	6
544	H1835	70	1687	6
545	H3684	70	377	6
546	H4713	70	992	6
547	H4886	70	3235	6
548	H5707	70	1777	6
549	H0441	69	882	6
550	H1293	69	1558	6
551	H2580	69	1227	6
552	H5027	69	2847	6
553	H6010	69	1726	6
554	H6921	69	1514	6
555	H8628	69	2252	6
556	H0270	68	3050	6
557	H0884	68	989	6
558	H1389	68	1967	6
559	H3603	68	1711	6
560	H4116	68	2919	6
561	H0040	67	618	6
562	H2506	67	2959	6
563	H3802	67	2123	6
564	H6327	67	3265	6
565	H6566	67	2836	6
566	H6913	67	1300	6
567	H7093	67	1414	6
568	H7378	67	3532	6
569	H7495	67	4125	6
570	H0272	66	1098	6
571	H0953	66	2681	6
572	H4853	66	2291	6
573	H7611	66	1782	6
574	H0801	65	992	6
575	H1397	65	831	6
576	H2472	65	1191	6
577	H2505	65	4105	6
578	H2975	65	2259	6
579	H5329	65	2354	6
580	H6743	65	3189	6
581	H7925	65	1742	6
582	H8610	65	2827	6
583	H1272	64	1991	6
584	H3373	64	55	6
585	H4392	64	1397	6
586	H5262	64	1248	6
587	H0074	63	345	6
588	H5341	63	3268	6
589	H6667	63	695	6
590	H7167	63	2202	6
591	H7927	63	773	6
592	H8198	63	1315	6
593	H8552	63	3143	6
594	H1869	62	4533	6
595	H2282	62	2357	6
596	H3335	62	2495	6
597	H3782	62	4272	6
598	H4043	62	1502	6
599	H5291	62	1293	6
600	H7070	62	1267	6
601	H7919	62	3205	6
602	H0034	61	1466	6
603	H0087	61	764	6
604	H0319	61	1999	6
605	H0681	61	918	6
606	H1109	61	529	6
607	H1730	61	1454	6
608	H2256	61	3187	6
609	H5715	61	1488	6
610	H6160	61	2103	6
611	H7379	61	1294	6
612	H8248	61	2184	6
613	H1316	60	1443	6
614	H1369	60	1202	6
615	H1516	60	2553	6
616	H4782	60	444	6
617	H5019	60	1816	6
618	H5088	60	1380	6
619	H7004	60	789	6
620	H3001	59	3040	6
621	H3198	59	2343	6
622	H3293	59	456	6
623	H3878	59	2444	6
624	H4080	59	818	6
625	H5157	59	2904	6
626	H6299	59	2103	6
627	H8163	59	1170	6
628	H8346	59	432	6
629	H0347	58	507	6
630	H0477	58	225	6
631	H0609	58	307	6
632	H0734	58	3014	6
633	H1836	58	1044	6
634	H2308	58	2218	6
635	H2342	58	4941	6
636	H3058	58	887	6
637	H5193	58	2487	6
638	H5553	58	1530	6
639	H7381	58	719	6
640	H8672	58	1485	6
641	H0116	57	868	6
642	H0134	57	574	6
643	H0433	57	766	6
644	H1841	57	107	6
645	H3405	57	1325	6
646	H4210	57	1462	6
647	H4437	57	941	6
648	H6466	57	1548	6
649	H4725	401	5223	7
650	H6571	57	1995	7
651	H7243	57	1353	7
652	H7368	57	3357	7
653	H7703	57	2800	7
654	H8077	57	627	7
655	H8416	57	3986	7
656	H0490	56	1512	7
657	H0519	56	1417	7
658	H1097	56	2889	7
659	H2232	56	4327	7
660	H2389	56	2162	7
661	H4284	56	1315	7
662	H7521	56	3045	7
663	H7522	56	1213	7
664	H0635	55	293	7
665	H1254	55	2863	7
666	H1612	55	1639	7
667	H2372	55	2718	7
668	H3837	55	475	7
669	H4060	55	1552	7
670	H5080	55	2972	7
671	H5999	55	1309	7
672	H6817	55	1956	7
673	H0014	54	1438	7
674	H1581	54	1938	7
675	H1706	54	2035	7
676	H2001	54	244	7
677	H3407	54	658	7
678	H3707	54	1853	7
679	H4791	54	1761	7
680	H5766	54	1754	7
681	H6172	54	1378	7
682	H6887	54	1613	7
683	H7105	54	2040	7
684	H7442	54	3031	7
685	H8040	54	1334	7
686	H8127	54	1572	7
687	H2319	53	1959	7
688	H2671	53	1708	7
689	H2977	53	318	7
690	H4082	53	855	7
691	H4682	53	1393	7
692	H5560	53	854	7
693	H5945	53	1262	7
694	H6659	53	766	7
695	H7723	53	1771	7
696	H1692	52	4026	7
697	H2763	52	4122	7
698	H2865	52	2559	7
699	H4279	52	1229	7
700	H0314	51	1671	7
701	H1234	51	4589	7
702	H1945	51	1119	7
703	H3077	51	1034	7
704	H3526	51	1301	7
705	H4058	51	2015	7
706	H5321	51	819	7
707	H7175	51	674	7
708	H7225	51	1808	7
709	H8597	51	1307	7
710	H1130	50	651	7
711	H1330	50	1140	7
712	H3050	50	1096	7
713	H3119	50	1317	7
714	H4148	50	2013	7
715	H7346	50	290	7
716	H8582	50	1895	7
717	H0530	49	1402	7
718	H0561	49	682	7
719	H0646	49	2710	7
720	H0898	49	1363	7
721	H1104	49	3358	7
722	H1347	49	1483	7
723	H1698	49	549	7
724	H2008	49	1735	7
725	H2885	49	883	7
726	H4948	49	796	7
727	H5062	49	1714	7
728	H5216	49	1154	7
729	H5234	49	3468	7
730	H5381	49	2105	7
731	H5703	49	1340	7
732	H5838	49	1352	7
733	H6343	49	1233	7
734	H6453	49	2033	7
735	H6738	49	1641	7
736	H6960	49	2149	7
737	H7114	49	2777	7
738	H7628	49	1727	7
739	H8242	49	1609	7
740	H8504	49	869	7
741	H1544	48	1610	7
742	H2850	48	2613	7
743	H3458	48	515	7
744	H4026	48	1156	7
745	H4347	48	1826	7
746	H5038	48	1025	7
747	H5564	48	2417	7
748	H6555	48	2579	7
749	H7706	48	1348	7
750	H1644	47	3259	7
751	H1800	47	1001	7
752	H3320	47	2418	7
753	H3332	47	2605	7
754	H3957	47	1528	7
755	H4609	47	987	7
756	H4975	47	2346	7
757	H5271	47	1389	7
758	H6113	47	2211	7
759	H6823	47	1110	7
760	H7354	47	1185	7
761	H7355	47	1451	7
762	H7523	47	1722	7
763	H7617	47	1712	7
764	H7716	47	1476	7
765	H0623	46	1233	7
766	H0817	46	1964	7
767	H2595	46	1222	7
768	H4904	46	1214	7
769	H4960	46	1232	7
770	H5146	46	413	7
771	H5545	46	1102	7
772	H6293	46	1927	7
773	H7181	46	1153	7
774	H7503	46	2706	7
775	H0194	45	686	7
776	H0346	45	672	7
777	H0835	45	1152	7
778	H1390	45	886	7
779	H1523	45	1308	7
780	H1834	45	1429	7
781	H2074	45	791	7
782	H2167	45	2128	7
783	H2549	45	1143	7
784	H2895	45	1984	7
785	H3374	45	1144	7
786	H4784	45	2063	7
787	H5057	45	1690	7
788	H5237	45	1893	7
789	H6967	45	688	7
790	H7356	45	2238	7
791	H0657	44	2220	7
792	H0959	44	2346	7
793	H0970	44	723	7
794	H2296	44	3318	7
795	H2461	44	2837	7
796	H2502	44	3003	7
797	H4186	44	1577	7
798	H4818	44	1351	7
799	H5352	44	2810	7
800	H5749	44	2466	7
801	H7321	44	1967	7
802	H7667	44	1579	7
803	H8095	44	578	7
804	H0400	43	881	7
805	H0836	43	639	7
806	H0962	43	1982	7
807	H1101	43	1995	7
808	H1111	43	216	7
809	H1473	43	754	7
810	H2029	43	2027	7
811	H2040	43	2831	7
812	H2148	43	1446	7
813	H3245	43	3147	7
814	H3256	43	2644	7
815	H3485	43	1221	7
816	H3871	43	1490	7
817	H4970	43	1173	7
818	H5207	43	639	7
819	H5331	43	1217	7
820	H5355	43	1038	7
821	H6584	43	2204	7
822	H7068	43	1127	7
823	H7194	43	2328	7
824	H7339	43	1262	7
825	H8096	43	645	7
826	H8438	43	969	7
827	H0215	42	2150	7
828	H0271	42	432	7
829	H0914	42	3117	7
830	H0983	42	854	7
831	H1053	42	737	7
832	H1141	42	677	7
833	H1588	42	1420	7
834	H2100	42	1156	7
835	H2723	42	1571	7
836	H2945	42	1066	7
837	H3303	42	1327	7
838	H3448	42	734	7
839	H3490	42	817	7
840	H3658	42	1983	7
841	H4256	42	1227	7
842	H4501	42	888	7
843	H5416	42	633	7
844	H5422	42	2409	7
845	H5631	42	1565	7
846	H6865	42	1208	7
847	H6925	42	1176	7
848	H8144	42	835	7
849	H8393	42	1587	7
850	H8394	42	931	7
851	H0238	41	1636	7
852	H0268	41	1276	7
853	H0575	41	768	7
854	H0693	41	1404	7
855	H1537	41	1328	7
856	H2550	41	1268	7
857	H2740	41	1265	7
858	H2778	41	1723	7
859	H2983	41	1133	7
860	H3176	41	2198	7
861	H3515	41	1295	7
862	H3985	41	1131	7
863	H4611	41	984	7
864	H6586	41	1267	7
865	H6663	41	2506	7
866	H6677	41	1811	7
867	H7264	41	2823	7
868	H8098	41	779	7
869	H8252	41	2432	7
870	H8336	41	1115	7
871	H0374	40	2321	7
872	H0558	40	417	7
873	H0842	40	1837	7
874	H1280	40	1560	7
875	H1364	40	1179	7
876	H1589	40	1853	7
877	H1715	40	1284	7
878	H2717	40	3818	7
879	H4709	40	971	7
880	H5128	40	2446	7
881	H5203	40	2764	7
882	H5654	40	739	7
883	H5857	40	822	7
884	H5923	40	981	7
885	H6763	40	1008	7
886	H0056	39	1516	7
887	H0223	39	371	7
888	H0335	39	1722	7
889	H0926	39	2712	7
890	H1439	39	178	7
891	H1767	39	3497	7
892	H2219	39	2184	7
893	H2656	39	1594	7
894	H2729	39	2341	7
895	H3470	39	721	7
896	H4631	39	963	7
897	H4820	39	1130	7
898	H4899	39	1150	7
899	H4912	39	1664	7
900	H5148	39	2088	7
901	H5467	39	961	7
902	H6002	39	870	7
903	H6833	39	1230	7
904	H6950	39	1725	7
905	H7157	39	1309	7
906	H8047	39	563	7
907	H8165	39	1516	7
908	H8384	39	1346	7
909	H8435	39	997	7
910	H0160	38	913	7
911	H0713	38	1381	7
912	H0875	38	2307	7
913	H0998	38	679	7
914	H1391	38	845	7
915	H2132	38	2695	7
916	H2315	38	1752	7
917	H2436	38	1842	7
918	H2764	38	2803	7
919	H2809	38	773	7
920	H3557	38	1789	7
921	H3637	38	2510	7
922	H4306	38	1324	7
923	H4393	38	1069	7
924	H4405	38	1211	7
925	H5035	38	1828	7
926	H5739	38	1129	7
927	H6696	38	2404	7
928	H8065	38	884	7
929	H8084	38	507	7
930	H8123	38	242	7
931	H8283	38	376	7
932	H8492	38	1334	7
933	H0274	37	103	7
934	H0565	37	78	7
935	H1219	37	1641	7
936	H1580	37	1842	7
937	H2620	37	1421	7
938	H2796	37	1328	7
939	H3079	37	493	7
940	H3556	37	2216	7
941	H3602	37	1027	7
942	H3950	37	2379	7
943	H4013	37	1108	7
944	H4131	37	2279	7
945	H4135	37	2063	7
946	H4751	37	1660	7
947	H5130	37	3175	7
948	H5511	37	398	7
949	H6239	37	254	7
950	H6370	37	988	7
951	H6467	37	1208	7
952	H7141	37	560	7
953	H7778	37	682	7
954	H0339	36	1282	7
955	H1637	36	1488	7
956	H2932	36	974	7
957	H3157	36	1597	7
958	H3368	36	2300	7
959	H3468	36	1065	7
960	H3665	36	1435	7
961	H3766	36	1722	7
962	H4136	36	1716	7
963	H4159	36	1115	7
964	H4229	36	3093	7
965	H4581	36	1666	7
966	H4603	36	1361	8
967	H4847	36	406	8
968	H5236	36	1000	8
969	H5254	36	1368	8
970	H5643	36	1667	8
971	H6040	36	805	8
972	H6231	36	1808	8
973	H6524	36	2314	8
974	H6822	36	1755	8
975	H7186	36	1595	8
976	H7414	36	1298	8
977	H8398	36	1439	8
978	H8643	36	954	8
979	H0212	35	756	8
980	H0423	35	688	8
981	H0816	35	1372	8
982	H1653	35	1158	8
983	H2236	35	1445	8
984	H2377	35	1200	8
985	H2574	35	1544	8
986	H3612	35	919	8
987	H4436	35	477	8
988	H4900	35	3797	8
989	H4932	35	1455	8
990	H5116	35	1561	8
991	H5358	35	2826	8
992	H5401	35	2382	8
993	H5514	35	1627	8
994	H5695	35	1461	8
995	H5705	35	882	8
996	H6189	35	928	8
997	H6883	35	610	8
998	H7098	35	1132	8
999	H0197	34	1055	8
1000	H0748	34	1694	8
1001	H0860	34	736	8
1002	H1361	34	1461	8
1003	H1530	34	1471	8
1004	H1993	34	2126	8
1005	H2518	34	701	8
1006	H3051	34	2863	8
1007	H3409	34	1628	8
1008	H3563	34	1676	8
1009	H3618	34	756	8
1010	H3812	34	575	8
1011	H5678	34	1265	8
1012	H5680	34	1702	8
1013	H7065	34	1229	8
1014	H7107	34	1116	8
1015	H7561	34	1301	8
1016	H7832	34	1646	8
1017	H8184	34	882	8
1018	H8227	34	856	8
1019	H8615	34	776	8
1020	H8668	34	1632	8
1021	H1416	33	1120	8
1022	H1661	33	912	8
1023	H2244	33	2016	8
1024	H2280	33	2912	8
1025	H2399	33	1732	8
1026	H2623	33	2068	8
1027	H2859	33	1327	8
1028	H3243	33	1913	8
1029	H3876	33	270	8
1030	H4318	33	479	8
1031	H5518	33	1452	8
1032	H5941	33	138	8
1033	H6203	33	1082	8
1034	H6212	33	1046	8
1035	H6241	33	487	8
1036	H6643	33	1776	8
1037	H6654	33	1067	8
1038	H6779	33	1894	8
1039	H6884	33	2004	8
1040	H7045	33	660	8
1041	H7440	33	875	8
1042	H8328	33	1350	8
1043	H0759	32	1305	8
1044	H1436	32	514	8
1045	H2600	32	1437	8
1046	H2876	32	678	8
1047	H2898	32	1165	8
1048	H3233	32	623	8
1049	H3582	32	1923	8
1050	H3611	32	1314	8
1051	H3715	32	971	8
1052	H3830	32	1432	8
1053	H3972	32	1214	8
1054	H4219	32	725	8
1055	H4283	32	1057	8
1056	H4578	32	1629	8
1057	H4643	32	1008	8
1058	H4676	32	1864	8
1059	H5592	32	1570	8
1060	H5980	32	1908	8
1061	H6187	32	1062	8
1062	H6442	32	464	8
1063	H6486	32	964	8
1064	H6845	32	1920	8
1065	H6955	32	374	8
1066	H7416	32	1015	8
1067	H7622	32	1939	8
1068	H7887	32	756	8
1069	H8426	32	1142	8
1070	H0325	31	389	8
1071	H0591	31	774	8
1072	H0676	31	914	8
1073	H2370	31	958	8
1074	H2474	31	980	8
1075	H2563	31	1701	8
1076	H2919	31	2101	8
1077	H2934	31	1711	8
1078	H3123	31	1514	8
1079	H3577	31	1066	8
1080	H3629	31	1528	8
1081	H3816	31	1036	8
1082	H4327	31	799	8
1083	H5003	31	1446	8
1084	H5087	31	975	8
1085	H5090	31	2144	8
1086	H5175	31	1786	8
1087	H5521	31	1129	8
1088	H5645	31	985	8
1089	H6099	31	1023	8
1090	H6459	31	552	8
1091	H6591	31	326	8
1092	H7857	31	1576	8
1093	H8213	31	2998	8
1094	H0054	30	269	8
1095	H0543	30	399	8
1096	H1065	30	1230	8
1097	H1322	30	757	8
1098	H1406	30	1128	8
1099	H1497	30	1509	8
1100	H1819	30	2265	8
1101	H1826	30	2120	8
1102	H1926	30	1916	8
1103	H2007	30	92	8
1104	H2406	30	1542	8
1105	H3213	30	1222	8
1106	H3316	30	200	8
1107	H3568	30	1117	8
1108	H3639	30	1522	8
1109	H3978	30	899	8
1110	H5126	30	284	8
1111	H5594	30	2160	8
1112	H7257	30	2033	8
1113	H7259	30	229	8
1114	H7493	30	1681	8
1115	H7562	30	897	8
1116	H7621	30	1687	8
1117	H8573	30	1213	8
1118	H0974	29	1200	8
1119	H1259	29	741	8
1120	H1314	29	1071	8
1121	H2154	29	1176	8
1122	H2266	29	3597	8
1123	H2492	29	1430	8
1124	H2513	29	1281	8
1125	H2608	29	839	8
1126	H2689	29	1663	8
1127	H3088	29	808	8
1128	H3259	29	1800	8
1129	H3341	29	1960	8
1130	H3442	29	82	8
1131	H3801	29	1357	8
1132	H3836	29	891	8
1133	H4296	29	1087	8
1134	H4513	29	1395	8
1135	H5079	29	910	8
1136	H5081	29	779	8
1137	H6224	29	733	8
1138	H6260	29	885	8
1139	H6509	29	1955	8
1140	H6903	29	1710	8
1141	H7110	29	719	8
1142	H7151	29	1109	8
1143	H8071	29	870	8
1144	H0550	28	275	8
1145	H1032	28	1023	8
1146	H1201	28	147	8
1147	H1310	28	1691	8
1148	H2498	28	2137	8
1149	H2820	28	2221	8
1150	H2942	28	863	8
1151	H3411	28	1037	8
1152	H3887	28	1516	8
1153	H4417	28	766	8
1154	H4487	28	1693	8
1155	H4541	28	1125	8
1156	H4598	28	1639	8
1157	H4604	28	455	8
1158	H5074	28	1984	8
1159	H5488	28	1138	8
1160	H5648	28	1486	8
1161	H5665	28	155	8
1162	H5867	28	829	8
1163	H5956	28	1901	8
1164	H6346	28	965	8
1165	H6413	28	681	8
1166	H6539	28	481	8
1167	H6601	28	2112	8
1168	H7185	28	1807	8
1169	H7399	28	742	8
1170	H7848	28	600	8
1171	H7939	28	848	8
1172	H8003	28	995	8
1173	H8066	28	354	8
1174	H8181	28	753	8
1175	H8251	28	1007	8
1176	H8300	28	967	8
1177	H8345	28	301	8
1178	H8392	28	803	8
1179	H8433	28	840	8
1180	H8577	28	927	8
1181	H8659	28	1123	8
1182	H0117	27	701	8
1183	H1100	27	1050	8
1184	H2204	27	1056	8
1185	H2254	27	3225	8
1186	H2449	27	1518	8
1187	H2713	27	1557	8
1188	H3104	27	926	8
1189	H3394	27	912	8
1190	H3727	27	1036	8
1191	H4161	27	1670	8
1192	H4170	27	1184	8
1193	H4546	27	763	8
1194	H5360	27	821	8
1195	H5423	27	2578	8
1196	H5818	27	596	8
1197	H6341	27	1238	8
1198	H7136	27	2005	8
1199	H7797	27	1323	8
1200	H7854	27	921	8
1201	H7967	27	853	8
1202	H8052	27	801	8
1203	H8518	27	1657	8
1204	H0138	26	381	8
1205	H0183	26	1818	8
1206	H0191	26	461	8
1207	H1263	26	237	8
1208	H1952	26	960	8
1209	H2856	26	2924	8
1210	H2905	26	767	8
1211	H3021	26	1522	8
1212	H3390	26	142	8
1213	H3569	26	736	8
1214	H3867	26	2067	8
1215	H4046	26	755	8
1216	H4888	26	602	8
1217	H5071	26	1248	8
1218	H5404	26	1390	8
1219	H5713	26	789	8
1220	H5774	26	2920	8
1221	H5787	26	899	8
1222	H5833	26	851	8
1223	H6403	26	1281	8
1224	H6510	26	518	8
1225	H6685	26	800	8
1226	H6870	26	545	8
1227	H7287	26	2031	8
1228	H7605	26	1340	8
1229	H7761	26	17	8
1230	H0029	25	663	8
1231	H0052	25	434	8
1232	H0200	25	734	8
1233	H0606	25	678	8
1234	H0644	25	1125	8
1235	H0769	25	875	8
1236	H0957	25	857	8
1237	H1290	25	866	8
1238	H1396	25	1444	8
1239	H1823	25	1286	8
1240	H1897	25	1752	8
1241	H2340	25	737	8
1242	H2435	25	1190	8
1243	H2530	25	2381	8
1244	H2672	25	1635	8
1245	H2833	25	937	8
1246	H2963	25	2112	8
1247	H3474	25	2419	8
1248	H3489	25	1325	8
1249	H3708	25	1139	8
1250	H4539	25	682	8
1251	H4692	25	1069	8
1252	H4775	25	1052	8
1253	H4918	25	563	8
1254	H5006	25	1602	8
1255	H5028	25	319	8
1256	H5034	25	2728	8
1257	H5145	25	1387	8
1258	H5258	25	2102	8
1259	H5410	25	1706	8
1260	H5699	25	918	8
1261	H6342	25	1137	8
1262	H6372	25	337	8
1263	H6504	25	2024	8
1264	H6532	25	325	8
1265	H6597	25	709	8
1266	H6923	25	1686	8
1267	H7270	25	1272	8
1268	H7337	25	2284	8
1269	H7701	25	1060	8
1270	H7860	25	897	8
1271	H8025	25	1304	8
1272	H8467	25	721	8
1273	H8559	25	425	8
1274	H0060	24	957	8
1275	H0188	24	656	8
1276	H0281	24	844	8
1277	H0343	24	995	8
1278	H0697	24	1004	8
1279	H1162	24	827	8
1280	H1319	24	1441	8
1281	H1478	24	983	8
1282	H1777	24	2677	8
1283	H1840	24	801	8
1284	H1935	24	2090	8
1285	H2146	24	1527	8
1286	H2347	24	1297	8
1287	H2483	24	735	8
1288	H3003	24	470	8
1289	H3147	24	410	8
1290	H3518	24	1728	8
1291	H3805	24	443	8
1292	H3923	24	890	8
1293	H4350	24	478	8
1294	H4406	24	557	8
1295	H4410	24	711	8
1296	H5110	24	2707	8
1297	H5137	24	1891	8
1298	H5397	24	884	8
1299	H5526	24	3200	8
1300	H5591	24	1565	8
1301	H5688	24	1300	8
1302	H5794	24	1210	8
1303	H5949	24	770	8
1304	H6214	24	306	8
1305	H6227	24	771	8
1306	H6412	24	686	8
1307	H6490	24	374	8
1308	H6672	24	1082	8
1309	H7326	24	722	8
1310	H7699	24	924	8
1311	H8032	24	761	8
1312	H8446	24	1921	8
1313	H0906	23	420	8
1314	H1215	23	669	8
1315	H1548	23	1472	8
1316	H1722	23	193	8
1317	H1832	23	1163	8
1318	H2143	23	1064	8
1319	H2344	23	1477	8
1320	H2371	23	323	8
1321	H2637	23	2431	8
1322	H2664	23	2003	8
1323	H3276	23	991	8
1324	H3323	23	795	8
1325	H3547	23	947	8
1326	H3595	23	1001	8
1327	H4334	23	675	8
1328	H4522	23	1955	8
1329	H4599	23	1019	8
1330	H4601	23	1331	8
1331	H4641	23	28	8
1332	H4744	23	598	8
1333	H4805	23	610	8
1334	H5065	23	1246	8
1335	H5850	23	964	8
1336	H6223	23	599	8
1337	H6456	23	602	8
1338	H6522	23	339	8
1339	H6810	23	1158	8
1340	H7614	23	863	8
1341	H7810	23	659	8
1342	H7837	23	1050	8
1343	H7845	23	1034	8
1344	H7921	23	2019	8
1345	H7941	23	685	8
1346	H8142	23	1030	8
1347	H8444	23	729	8
1348	H8486	23	1249	8
1349	H8537	23	1096	8
1350	H0348	22	474	8
1351	H0378	22	446	8
1352	H0665	22	1019	8
1353	H1124	22	927	8
1354	H1339	22	258	8
1355	H1438	22	1606	8
1356	H1639	22	1852	8
1357	H1881	22	1472	8
1358	H1932	22	1174	8
1359	H1969	22	1916	8
1360	H2094	22	2782	8
1361	H2195	22	603	8
1362	H2438	22	697	8
1363	H2493	22	280	8
1364	H2658	22	1565	8
1365	H2964	22	1008	8
1366	H3584	22	2006	8
1367	H3760	22	999	8
1368	H3863	22	1969	8
1369	H3996	22	1292	8
1370	H4289	22	697	8
1371	H4353	22	332	8
1372	H4496	22	1411	8
1373	H4591	22	2239	8
1374	H4929	22	848	8
1375	H4962	22	1571	8
1376	H5022	22	127	8
1377	H5037	22	289	8
1378	H5275	22	1377	8
1379	H5310	22	2896	8
1380	H5347	22	594	8
1381	H5619	22	1738	8
1382	H5633	22	636	8
1383	H5747	22	464	8
1384	H5830	22	358	8
1385	H6035	22	1136	8
1386	H6138	22	396	8
1387	H6148	22	1725	8
1388	H6297	22	638	9
1389	H6581	22	530	9
1390	H6721	22	859	9
1391	H6793	22	1005	9
1392	H6974	22	1588	9
1393	H7281	22	1273	9
1394	H7418	22	532	9
1395	H7568	22	1230	9
1396	H8138	22	3335	9
1397	H8172	22	835	9
1398	H8254	22	1919	9
1399	H8259	22	1635	9
1400	H8342	22	618	9
1401	H8462	22	995	9
1402	H8581	22	1862	9
1403	H0385	21	257	9
1404	H0397	21	138	9
1405	H0446	21	426	9
1406	H0511	21	346	9
1407	H0772	21	831	9
1408	H0857	21	1262	9
1409	H1300	21	917	9
1410	H2216	21	680	9
1411	H2226	21	716	9
1412	H2486	21	731	9
1413	H2532	21	932	9
1414	H2552	21	1817	9
1415	H2682	21	1041	9
1416	H3617	21	1120	9
1417	H3828	21	751	9
1418	H3971	21	957	9
1419	H4039	21	381	9
1420	H4321	21	346	9
1421	H4549	21	1089	9
1422	H4686	21	1306	9
1423	H5251	21	1575	9
1424	H5281	21	165	9
1425	H5413	21	2029	9
1426	H5428	21	1562	9
1427	H5475	21	1213	9
1428	H5516	21	383	9
1429	H5804	21	1003	9
1430	H5828	21	764	9
1431	H5984	21	627	9
1432	H6541	21	1037	9
1433	H6684	21	1056	9
1434	H6818	21	657	9
1435	H6957	21	1094	9
1436	H7027	21	496	9
1437	H7050	21	475	9
1438	H7231	21	1425	9
1439	H7342	21	968	9
1440	H7666	21	900	9
1441	H7686	21	1132	9
1442	H7737	21	2893	9
1443	H7768	21	749	9
1444	H7800	21	438	9
1445	H7806	21	322	9
1446	H7817	21	1438	9
1447	H7834	21	553	9
1448	H7926	21	1477	9
1449	H7936	21	1314	9
1450	H8056	21	781	9
1451	H8551	21	1641	9
1452	H0296	20	257	9
1453	H0302	20	270	9
1454	H0457	20	1256	9
1455	H1237	20	829	9
1456	H1265	20	1514	9
1457	H1779	20	1381	9
1458	H2186	20	1260	9
1459	H2363	20	1955	9
1460	H2423	20	22	9
1461	H2860	20	1149	9
1462	H3059	20	656	9
1463	H3100	20	1068	9
1464	H3238	20	1418	9
1465	H3462	20	1311	9
1466	H3895	20	1035	9
1467	H4120	20	558	9
1468	H4185	20	1143	9
1469	H4268	20	630	9
1470	H4733	20	427	9
1471	H5070	20	330	9
1472	H5418	20	360	9
1473	H5662	20	1049	9
1474	H5768	20	678	9
1475	H5944	20	959	9
1476	H5953	20	2222	9
1477	H5957	20	552	9
1478	H6105	20	1306	9
1479	H6184	20	1058	9
1480	H6279	20	1094	9
1481	H6491	20	1188	9
1482	H6523	20	207	9
1483	H6879	20	603	9
1484	H7080	20	1144	9
1485	H7457	20	736	9
1486	H7488	20	724	9
1487	H7580	20	967	9
1488	H7620	20	1012	9
1489	H7682	20	1101	9
1490	H7878	20	1256	9
1491	H7934	20	589	9
1492	H7950	20	1023	9
1493	H7991	20	1151	9
1494	H8219	20	795	9
1495	H8304	20	833	9
1496	H8378	20	899	9
1497	H8403	20	1092	9
1498	H8457	20	371	9
1499	H8673	20	903	9
1500	H0199	19	596	9
1501	H0819	19	1107	9
1502	H1247	19	991	9
1503	H1387	19	682	9
1504	H1576	19	702	9
1505	H2206	19	814	9
1506	H2400	19	578	9
1507	H2710	19	1948	9
1508	H2974	19	2553	9
1509	H3124	19	418	9
1510	H3247	19	842	9
1511	H3308	19	658	9
1512	H3811	19	1439	9
1513	H3852	19	1042	9
1514	H3905	19	998	9
1515	H3974	19	759	9
1516	H4201	19	882	9
1517	H4209	19	1032	9
1518	H4295	19	1159	9
1519	H4339	19	674	9
1520	H4634	19	777	9
1521	H4945	19	740	9
1522	H5051	19	884	9
1523	H5362	19	2696	9
1524	H5595	19	1591	9
1525	H6017	19	557	9
1526	H6025	19	641	9
1527	H6249	19	396	9
1528	H6556	19	855	9
1529	H6578	19	677	9
1530	H6612	19	826	9
1531	H6718	19	709	9
1532	H7014	19	1126	9
1533	H7324	19	1376	9
1534	H7429	19	1193	9
1535	H7455	19	529	9
1536	H7533	19	2207	9
1537	H7579	19	1069	9
1538	H7641	19	510	9
1539	H7684	19	537	9
1540	H7785	19	954	9
1541	H7937	19	2056	9
1542	H8561	19	371	9
1543	H0402	18	565	9
1544	H0403	18	751	9
1545	H0650	18	859	9
1546	H1052	18	327	9
1547	H1305	18	1531	9
1548	H1346	18	477	9
1549	H1556	18	2192	9
1550	H1648	18	432	9
1551	H1709	18	1082	9
1552	H1792	18	1710	9
1553	H2201	18	909	9
1554	H2224	18	1073	9
1555	H2441	18	1488	9
1556	H2674	18	615	9
1557	H2696	18	659	9
1558	H2742	18	1268	9
1559	H2900	18	499	9
1560	H2986	18	1626	9
1561	H3187	18	1318	9
1562	H3537	18	484	9
1563	H3730	18	609	9
1564	H3841	18	532	9
1565	H3932	18	1604	9
1566	H4324	18	341	9
1567	H4495	18	115	9
1568	H4583	18	822	9
1569	H4608	18	840	9
1570	H4726	18	1008	9
1571	H4731	18	1262	9
1572	H4801	18	589	9
1573	H5036	18	1653	9
1574	H5152	18	341	9
1575	H5197	18	1736	9
1576	H5344	18	1938	9
1577	H5496	18	1178	9
1578	H5523	18	956	9
1579	H5929	18	462	9
1580	H6018	18	274	9
1581	H6679	18	1389	9
1582	H6757	18	1057	9
1583	H6946	18	1333	9
1584	H7015	18	908	9
1585	H7084	18	594	9
1586	H7153	18	368	9
1587	H7206	18	548	9
1588	H7588	18	1129	9
1589	H7872	18	774	9
1590	H7912	18	1039	9
1591	H8088	18	885	9
1592	H8482	18	1199	9
1593	H8505	18	1035	9
1594	H8656	18	911	9
1595	H8671	18	362	9
1596	H0026	17	419	9
1597	H0047	17	916	9
1598	H0178	17	1558	9
1599	H0249	17	652	9
1600	H0288	17	511	9
1601	H0309	17	1232	9
1602	H0370	17	629	9
1603	H0383	17	1218	9
1604	H0475	17	421	9
1605	H0476	17	354	9
1606	H0526	17	331	9
1607	H0795	17	542	9
1608	H1061	17	592	9
1609	H1107	17	1080	9
1610	H1145	17	275	9
1611	H1295	17	327	9
1612	H1363	17	487	9
1613	H1513	17	886	9
1614	H1590	17	429	9
1615	H1864	17	760	9
1616	H1968	17	1062	9
1617	H2374	17	1250	9
1618	H2420	17	1159	9
1619	H2638	17	512	9
1620	H2659	17	1193	9
1621	H2670	17	761	9
1622	H2722	17	545	9
1623	H2821	17	1344	9
1624	H3038	17	732	9
1625	H3060	17	979	9
1626	H3366	17	1098	9
1627	H3607	17	1649	9
1628	H3653	17	838	9
1629	H3724	17	1333	9
1630	H3759	17	791	9
1631	H3791	17	781	9
1632	H3807	17	1316	9
1633	H4127	17	1931	9
1634	H4305	17	1210	9
1635	H4349	17	885	9
1636	H4475	17	1482	9
1637	H4526	17	875	9
1638	H4869	17	609	9
1639	H4885	17	681	9
1640	H4979	17	1014	9
1641	H5068	17	1145	9
1642	H5135	17	183	9
1643	H5141	17	880	9
1644	H5210	17	581	9
1645	H5359	17	542	9
1646	H5369	17	209	9
1647	H5411	17	684	9
1648	H5461	17	928	9
1649	H5637	17	823	9
1650	H5753	17	1328	9
1651	H5844	17	2459	9
1652	H5889	17	700	9
1653	H6013	17	395	9
1654	H6087	17	2022	9
1655	H6091	17	662	9
1656	H6238	17	1267	9
1657	H6271	17	25	9
1658	H6525	17	547	9
1659	H6754	17	1329	9
1660	H6772	17	626	9
1661	H6937	17	1061	9
1662	H7036	17	604	9
1663	H7086	17	292	9
1664	H7402	17	956	9
1665	H7430	17	901	9
1666	H7431	17	541	9
1667	H7549	17	758	9
1668	H7799	17	991	9
1669	H7916	17	539	9
1670	H8035	17	194	9
1671	H8135	17	664	9
1672	H8217	17	778	9
1673	H8297	17	527	9
1674	H8469	17	841	9
1675	H8596	17	599	9
1676	H0247	16	1346	9
1677	H0367	16	850	9
1678	H0425	16	387	9
1679	H0535	16	901	9
1680	H0568	16	550	9
1681	H0576	16	617	9
1682	H0833	16	744	9
1683	H0858	16	1090	9
1684	H0931	16	570	9
1685	H1002	16	572	9
1686	H1137	16	752	9
1687	H1204	16	948	9
1688	H1214	16	1222	9
1689	H1423	16	574	9
1690	H1425	16	345	9
1691	H1687	16	555	9
1692	H1758	16	1790	9
1693	H1942	16	1208	9
1694	H1954	16	537	9
1695	H1973	16	1747	9
1696	H2030	16	811	9
1697	H2108	16	1186	9
1698	H2287	16	1654	9
1699	H2526	16	762	9
1700	H2585	16	378	9
1701	H2721	16	924	9
1702	H2789	16	912	9
1703	H2814	16	1183	9
1704	H2881	16	1068	9
1705	H3018	16	937	9
1706	H3118	16	723	9
1707	H3312	16	371	9
1708	H3322	16	1317	9
1709	H3342	16	801	9
1710	H3733	16	1884	9
1711	H4074	16	487	9
1712	H4125	16	705	9
1713	H4276	16	776	9
1714	H4307	16	572	9
1715	H4341	16	780	9
1716	H4372	16	383	9
1717	H4441	16	489	9
1718	H4553	16	627	9
1719	H4570	16	914	9
1720	H4832	16	705	9
1721	H4843	16	2257	9
1722	H4911	16	1344	9
1723	H4983	16	809	9
1724	H5018	16	287	9
1725	H5139	16	1180	9
1726	H5140	16	1160	9
1727	H5283	16	308	9
1728	H5377	16	1458	9
1729	H5391	16	1602	9
1730	H5492	16	791	9
1731	H5561	16	251	9
1732	H5731	16	508	9
1733	H5816	16	345	9
1734	H5848	16	1781	9
1735	H5937	16	745	9
1736	H6021	16	333	9
1737	H6174	16	521	9
1738	H6177	16	1004	9
1739	H6190	16	602	9
1740	H6218	16	479	9
1741	H6544	16	1446	9
1742	H6593	16	582	9
1743	H6717	16	146	9
1744	H6722	16	701	9
1745	H6723	16	473	9
1746	H6785	16	682	9
1747	H7195	16	620	9
1748	H7233	16	757	9
1749	H7275	16	1007	9
1750	H7387	16	627	9
1751	H7417	16	1167	9
1752	H7494	16	651	9
1753	H7607	16	867	9
1754	H7639	16	536	9
1755	H7922	16	665	9
1756	H7997	16	1389	9
1757	H8008	16	641	9
1758	H8201	16	564	9
1759	H8401	16	700	9
1760	H8535	16	601	9
1761	H0162	15	252	9
1762	H0285	15	462	9
1763	H0290	15	414	9
1764	H0361	15	507	9
1765	H0464	15	197	9
1766	H0572	15	452	9
1767	H0607	15	377	9
1768	H0645	15	1050	9
1769	H0750	15	732	9
1770	H0783	15	600	9
1771	H1086	15	1402	9
1772	H1166	15	807	9
1773	H1494	15	901	9
1774	H1507	15	487	9
1775	H1543	15	857	9
1776	H1546	15	533	9
1777	H1606	15	295	9
1778	H1657	15	670	9
1779	H1710	15	845	9
1780	H1820	15	1001	9
1781	H1880	15	535	9
1782	H2098	15	1063	9
1783	H2174	15	509	9
1784	H2354	15	550	9
1785	H2811	15	712	9
1786	H3566	15	667	9
1787	H3576	15	1066	9
1788	H3632	15	1419	9
1789	H3976	15	801	9
1790	H4009	15	459	9
1791	H4242	15	891	9
1792	H4394	15	452	9
1793	H4736	15	400	9
1794	H4813	15	484	9
1795	H4864	15	1218	9
1796	H5059	15	799	9
1797	H5536	15	276	9
1798	H5677	15	937	9
1799	H6068	15	391	9
1800	H6118	15	987	9
1801	H6154	15	541	9
1802	H6168	15	1744	9
1803	H6205	15	700	9
1804	H6206	15	1240	9
1805	H6233	15	516	9
1806	H6475	15	866	9
1807	H6505	15	611	9
1808	H6557	15	411	9
1809	H6595	15	414	9
1810	H6731	15	1152	9
1811	H6776	15	988	9
1812	H6789	15	1270	9
1813	H6860	15	501	9
1814	H6915	15	525	9
1815	H6956	15	300	9
1816	H7229	15	705	9
1817	H7237	15	642	9
1818	H7390	15	979	9
1819	H7420	15	378	9
1820	H7423	15	806	9
1821	H7564	15	514	9
1822	H7789	15	883	9
1823	H7814	15	586	9
1824	H8159	15	1395	9
1825	H8318	15	521	9
1826	H8389	15	844	9
1827	H8574	15	1092	9
1828	H8655	15	963	9
1829	H0232	14	793	9
1830	H0461	14	508	9
1831	H0479	14	534	9
1832	H0599	14	507	9
1833	H0707	14	637	9
1834	H1007	14	304	9
1835	H1106	14	386	9
1836	H1250	14	424	9
1837	H1353	14	494	9
1838	H1375	14	419	9
1839	H1605	14	864	9
1840	H1624	14	1632	9
1841	H1688	14	750	9
1842	H1714	14	414	9
1843	H1851	14	747	9
1844	H1877	14	812	9
1845	H1882	14	462	9
1846	H2000	14	953	9
1847	H2324	14	739	9
1848	H2365	14	249	9
1849	H2442	14	1331	9
1850	H2445	14	263	9
1851	H2471	14	917	9
1852	H2673	14	1138	9
1853	H2845	14	621	9
1854	H3004	14	526	9
1855	H3015	14	455	9
1856	H3171	14	864	9
1857	H3378	14	611	9
1858	H3425	14	529	9
1859	H3476	14	500	9
1860	H3516	14	746	9
1861	H3533	14	1203	9
1862	H3550	14	448	9
1863	H3738	14	1807	9
1864	H3833	14	1024	9
1865	H3884	14	1072	9
1866	H4171	14	1290	9
1867	H4272	14	1098	9
1868	H4383	14	1098	9
1869	H4478	14	1321	9
1870	H4628	14	722	9
1871	H4803	14	1587	9
1872	H4905	14	373	9
1873	H5058	14	622	9
1874	H5417	14	481	9
1875	H5424	14	433	9
1876	H5640	14	1477	9
1877	H5675	14	318	9
1878	H5697	14	987	9
1879	H5716	14	1050	9
1880	H5798	14	439	9
1881	H5916	14	909	9
1882	H5954	14	798	9
1883	H6016	14	599	9
1884	H6019	14	276	9
1885	H6085	14	349	9
1886	H6100	14	227	9
1887	H6102	14	153	9
1888	H6119	14	1418	9
1889	H6286	14	887	9
1890	H6298	14	927	9
1891	H6315	14	889	9
1892	H6455	14	375	9
1893	H6468	14	577	9
1894	H6536	14	1213	9
1895	H6583	14	302	9
1896	H6633	14	1111	9
1897	H6806	14	679	9
1898	H6895	14	1273	9
1899	H6900	14	399	9
1900	H7058	14	508	9
1901	H7112	14	981	9
1902	H7143	14	132	9
1903	H7179	14	613	9
1904	H7217	14	633	9
1905	H7301	14	1789	9
1906	H7386	14	869	9
1907	H7596	14	545	9
1908	H7602	14	1784	9
1909	H7879	14	720	9
1910	H7985	14	409	9
1911	H8317	14	685	9
1912	H8449	14	528	9
1913	H8453	14	760	9
1914	H8476	14	697	9
1915	H0202	13	761	9
1916	H0211	13	2459	9
1917	H0386	13	1497	9
1918	H0424	13	993	9
1919	H0531	13	161	9
1920	H0577	13	548	9
1921	H0584	13	720	9
1922	H0972	13	248	9
1923	H1277	13	435	9
1924	H1301	13	322	9
1925	H1324	13	1167	9
1926	H1354	13	1368	9
1927	H1433	13	382	9
1928	H1459	13	600	9
1929	H1472	13	759	9
1930	H1504	13	1171	9
1931	H1647	13	340	9
1932	H1649	13	235	9
1933	H1712	13	943	9
1934	H1791	13	558	9
1935	H1854	13	1602	9
1936	H1965	13	406	9
1937	H2011	13	1255	9
1938	H2053	13	494	9
1939	H2086	13	842	9
1940	H2101	13	546	9
1941	H2161	13	1386	9
1942	H2263	13	939	9
1943	H2368	13	967	9
1944	H2373	13	449	9
1945	H2544	13	192	9
1946	H2584	13	189	9
1947	H2587	13	350	9
1948	H2611	13	659	9
1949	H2715	13	620	9
1950	H2768	13	896	9
1951	H2904	13	1528	9
1952	H2940	13	736	9
1953	H2981	13	695	9
1954	H3158	13	349	9
1955	H3211	13	477	9
1956	H3270	13	634	9
1957	H3406	13	649	9
1958	H3452	13	930	9
1959	H3689	13	382	9
1960	H3702	13	297	9
1961	H3705	13	386	9
1962	H3775	13	291	9
1963	H3924	13	491	9
1964	H3999	13	1064	9
1965	H4261	13	963	9
1966	H4266	13	539	9
1967	H4270	13	667	9
1968	H4317	13	549	9
1969	H4490	13	417	9
1970	H4696	13	810	9
1971	H4700	13	283	9
1972	H4829	13	520	9
1973	H5015	13	1455	9
1974	H5039	13	983	9
1975	H5273	13	1274	10
1976	H5409	13	619	10
1977	H5576	13	506	10
1978	H5700	13	406	10
1979	H5732	13	682	10
1980	H5992	13	253	10
1981	H6382	13	732	10
1982	H6441	13	595	10
1983	H6496	13	638	10
1984	H6711	13	745	10
1985	H6854	13	337	10
1986	H6901	13	1792	10
1987	H6922	13	296	10
1988	H7031	13	514	10
1989	H7064	13	685	10
1990	H7280	13	1945	10
1991	H7349	13	235	10
1992	H7394	13	909	10
1993	H7425	13	214	10
1994	H7456	13	670	10
1995	H7481	13	1107	10
1996	H7613	13	684	10
1997	H7690	13	337	10
1998	H7722	13	933	10
1999	H7751	13	952	10
2000	H7822	13	470	10
2001	H7910	13	500	10
2002	H8203	13	472	10
2003	H8316	13	564	10
2004	H8372	13	579	10
2005	H8481	13	642	10
2006	H8593	13	596	10
2007	H0030	12	112	10
2008	H0041	12	323	10
2009	H0062	12	21	10
2010	H0130	12	220	10
2011	H0155	12	627	10
2012	H0471	12	321	10
2013	H0771	12	280	10
2014	H0831	12	410	10
2015	H0934	12	477	10
2016	H0936	12	570	10
2017	H0947	12	906	10
2018	H0994	12	1014	10
2019	H1156	12	832	10
2020	H1187	12	283	10
2021	H1271	12	503	10
2022	H1420	12	595	10
2023	H1522	12	266	10
2024	H1538	12	491	10
2025	H1593	12	763	10
2026	H1677	12	932	10
2027	H1889	12	427	10
2028	H1904	12	194	10
2029	H1908	12	876	10
2030	H1928	12	270	10
2031	H1988	12	822	10
2032	H1994	12	800	10
2033	H2023	12	701	10
2034	H2078	12	175	10
2035	H2147	12	535	10
2036	H2183	12	446	10
2037	H2194	12	1026	10
2038	H2270	12	1024	10
2039	H2376	12	369	10
2040	H2487	12	868	10
2041	H2605	12	468	10
2042	H2645	12	705	10
2043	H2655	12	647	10
2044	H2714	12	547	10
2045	H2771	12	986	10
2046	H2874	12	841	10
2047	H2902	12	1399	10
2048	H2916	12	622	10
2049	H3173	12	805	10
2050	H3391	12	1036	10
2051	H3713	12	353	10
2052	H3792	12	338	10
2053	H3843	12	962	10
2054	H3906	12	689	10
2055	H3940	12	931	10
2056	H4005	12	450	10
2057	H4023	12	474	10
2058	H4103	12	802	10
2059	H4133	12	626	10
2060	H4172	12	841	10
2061	H4249	12	263	10
2062	H4550	12	656	10
2063	H4701	12	492	10
2064	H4723	12	842	10
2065	H4740	12	876	10
2066	H4753	12	797	10
2067	H4759	12	590	10
2068	H4878	12	610	10
2069	H4889	12	490	10
2070	H4938	12	533	10
2071	H4966	12	855	10
2072	H4999	12	628	10
2073	H5392	12	409	10
2074	H5399	12	901	10
2075	H5457	12	439	10
2076	H5532	12	1161	10
2077	H5549	12	1349	10
2078	H5582	12	1164	10
2079	H5663	12	215	10
2080	H5872	12	314	10
2081	H5997	12	499	10
2082	H6003	12	766	10
2083	H6034	12	295	10
2084	H6135	12	275	10
2085	H6211	12	241	10
2086	H6252	12	837	10
2087	H6355	12	238	10
2088	H6363	12	316	10
2089	H6678	12	22	10
2090	H6735	12	1101	10
2091	H6759	12	301	10
2092	H6780	12	930	10
2093	H6938	12	579	10
2094	H6943	12	803	10
2095	H7017	12	707	10
2096	H7101	12	606	10
2097	H7131	12	501	10
2098	H7203	12	488	10
2099	H7219	12	511	10
2100	H7251	12	711	10
2101	H7273	12	416	10
2102	H7327	12	226	10
2103	H7385	12	375	10
2104	H7411	12	1769	10
2105	H7553	12	461	10
2106	H7836	12	967	10
2107	H8245	12	1190	10
2108	H8319	12	773	10
2109	H8407	12	684	10
2110	H8454	12	1017	10
2111	H8553	12	653	10
2112	H0048	11	328	10
2113	H0061	11	776	10
2114	H0182	11	523	10
2115	H0354	11	626	10
2116	H0355	11	790	10
2117	H0453	11	388	10
2118	H0585	11	410	10
2119	H0615	11	688	10
2120	H0632	11	568	10
2121	H0761	11	453	10
2122	H0781	11	997	10
2123	H0910	11	658	10
2124	H0927	11	520	10
2125	H0937	11	496	10
2126	H1090	11	343	10
2127	H1283	11	266	10
2128	H1296	11	28	10
2129	H1351	11	1071	10
2130	H1496	11	506	10
2131	H1534	11	594	10
2132	H1569	11	274	10
2133	H1625	11	409	10
2134	H1719	11	1199	10
2135	H1769	11	839	10
2136	H1856	11	858	10
2137	H1878	11	1295	10
2138	H1920	11	1237	10
2139	H2087	11	828	10
2140	H2090	11	239	10
2141	H2134	11	688	10
2142	H2166	11	588	10
2143	H2180	11	645	10
2144	H2268	11	466	10
2145	H2292	11	289	10
2146	H2336	11	947	10
2147	H2545	11	365	10
2148	H2557	11	441	10
2149	H2586	11	239	10
2150	H2607	11	319	10
2151	H2610	11	1294	10
2152	H2748	11	1184	10
2153	H2766	11	396	10
2154	H2782	11	1174	10
2155	H2834	11	1129	10
2156	H2836	11	1050	10
2157	H2873	11	1472	10
2158	H2893	11	510	10
2159	H2938	11	1122	10
2160	H3048	11	336	10
2161	H3049	11	613	10
2162	H3076	11	1112	10
2163	H3098	11	473	10
2164	H3120	11	1376	10
2165	H3202	11	686	10
2166	H3315	11	208	10
2167	H3364	11	479	10
2168	H3365	11	1525	10
2169	H3508	11	633	10
2170	H3664	11	1239	10
2171	H3851	11	638	10
2172	H3929	11	410	10
2173	H4033	11	545	10
2174	H4055	11	886	10
2175	H4083	11	275	10
2176	H4147	11	217	10
2177	H4288	11	730	10
2178	H4363	11	389	10
2179	H4435	11	371	10
2180	H4569	11	708	10
2181	H4679	11	575	10
2182	H4809	11	585	10
2183	H5042	11	1433	10
2184	H5055	11	767	10
2185	H5172	11	1413	10
2186	H5181	11	1701	10
2187	H5200	11	290	10
2188	H5287	11	1293	10
2189	H5301	11	1424	10
2190	H5312	11	980	10
2191	H5327	11	1126	10
2192	H5333	11	803	10
2193	H5550	11	347	10
2194	H5601	11	923	10
2195	H5737	11	1339	10
2196	H5791	11	932	10
2197	H5810	11	1480	10
2198	H5813	11	230	10
2199	H5998	11	754	10
2200	H6049	11	1236	10
2201	H6116	11	672	10
2202	H6141	11	412	10
2203	H6175	11	476	10
2204	H6194	11	586	10
2205	H6290	11	873	10
2206	H6307	11	619	10
2207	H6492	11	306	10
2208	H6603	11	372	10
2209	H6616	11	494	10
2210	H6631	11	540	10
2211	H6693	11	984	10
2212	H6765	11	158	10
2213	H6936	11	506	10
2214	H6939	11	1093	10
2215	H7073	11	250	10
2216	H7081	11	837	10
2217	H7123	11	534	10
2218	H7144	11	466	10
2219	H7247	11	803	10
2220	H7306	11	571	10
2221	H7308	11	352	10
2222	H7467	11	276	10
2223	H7526	11	250	10
2224	H7554	11	1434	10
2225	H7623	11	1219	10
2226	H7677	11	474	10
2227	H7718	11	538	10
2228	H7752	11	673	10
2229	H7757	11	505	10
2230	H7775	11	278	10
2231	H8068	11	437	10
2232	H8154	11	934	10
2233	H8263	11	462	10
2234	H8484	11	845	10
2235	H8487	11	464	10
2236	H8532	11	427	10
2237	H8585	11	447	10
2238	H0107	10	468	10
2239	H0119	10	514	10
2240	H0213	10	823	10
2241	H0231	10	725	10
2242	H0357	10	425	10
2243	H0375	10	307	10
2244	H0447	10	365	10
2245	H0564	10	299	10
2246	H0653	10	478	10
2247	H0672	10	780	10
2248	H0744	10	877	10
2249	H0861	10	379	10
2250	H0919	10	402	10
2251	H0961	10	294	10
2252	H1062	10	205	10
2253	H1091	10	345	10
2254	H1160	10	229	10
2255	H1177	10	196	10
2256	H1328	10	530	10
2257	H1331	10	267	10
2258	H1358	10	240	10
2259	H1367	10	549	10
2260	H1443	10	874	10
2261	H1463	10	423	10
2262	H1558	10	500	10
2263	H1602	10	1045	10
2264	H1642	10	481	10
2265	H1663	10	418	10
2266	H1683	10	147	10
2267	H1867	10	495	10
2268	H1885	10	205	10
2269	H2048	10	1041	10
2270	H2060	10	206	10
2271	H2102	10	1570	10
2272	H2128	10	498	10
2273	H2139	10	372	10
2274	H2213	10	293	10
2275	H2318	10	990	10
2276	H2504	10	806	10
2277	H2527	10	439	10
2278	H2529	10	677	10
2279	H2720	10	537	10
2280	H2787	10	1212	10
2281	H2883	10	994	10
2282	H3002	10	772	10
2283	H3062	10	218	10
2284	H3078	10	467	10
2285	H3334	10	2352	10
2286	H3395	10	594	10
2287	H3504	10	562	10
2288	H3524	10	523	10
2289	H3543	10	1442	10
2290	H3608	10	486	10
2291	H3774	10	790	10
2292	H3857	10	1211	10
2293	H4066	10	779	10
2294	H4465	10	389	10
2295	H4471	10	616	10
2296	H4479	10	960	10
2297	H4565	10	484	10
2298	H4635	10	635	10
2299	H4673	10	471	10
2300	H4688	10	690	10
2301	H4743	10	899	10
2302	H4745	10	385	10
2303	H4830	10	443	10
2304	H4916	10	580	10
2305	H5000	10	609	10
2306	H5064	10	969	10
2307	H5095	10	2002	10
2308	H5144	10	1371	10
2309	H5176	10	406	10
2310	H5177	10	262	10
2311	H5374	10	226	10
2312	H5402	10	467	10
2313	H5571	10	249	10
2314	H5606	10	252	10
2315	H5710	10	1482	10
2316	H5714	10	536	10
2317	H5744	10	366	10
2318	H5903	10	521	10
2319	H5943	10	270	10
2320	H5989	10	333	10
2321	H6026	10	909	10
2322	H6147	10	271	10
2323	H6158	10	261	10
2324	H6210	10	593	10
2325	H6340	10	842	10
2326	H6347	10	219	10
2327	H6354	10	314	10
2328	H6388	10	452	10
2329	H6399	10	566	10
2330	H6418	10	337	10
2331	H6501	10	608	10
2332	H6561	10	1161	10
2333	H6634	10	477	10
2334	H6770	10	709	10
2335	H6790	10	369	10
2336	H6846	10	356	10
2337	H6872	10	864	10
2338	H6881	10	343	10
2339	H6914	10	229	10
2340	H6931	10	864	10
2341	H7025	10	34	10
2342	H7054	10	560	10
2343	H7075	10	650	10
2344	H7158	10	578	10
2345	H7165	10	268	10
2346	H7239	10	1134	10
2347	H7340	10	508	10
2348	H7600	10	652	10
2349	H7649	10	661	10
2350	H7652	10	417	10
2351	H7935	10	433	10
2352	H7990	10	492	10
2353	H8018	10	430	10
2354	H8082	10	419	10
2355	H8307	10	259	10
2356	H8362	10	728	10
2357	H8396	10	1055	10
2358	H8544	10	568	10
2359	H0002	9	373	10
2360	H0073	9	536	10
2361	H0098	9	429	10
2362	H0122	9	499	10
2363	H0164	9	210	10
2364	H0324	9	191	10
2365	H0411	9	535	10
2366	H0436	9	788	10
2367	H0454	9	369	10
2368	H0467	9	357	10
2369	H0481	9	879	10
2370	H0551	9	160	10
2371	H0605	9	1043	10
2372	H0652	9	539	10
2373	H0663	9	801	10
2374	H0699	9	621	10
2375	H0728	9	332	10
2376	H0775	9	675	10
2377	H0811	9	1075	10
2378	H0838	9	365	10
2379	H0863	9	255	10
2380	H0883	9	571	10
2381	H1119	9	278	10
2382	H1196	9	306	10
2383	H1212	9	277	10
2384	H1238	9	855	10
2385	H1343	9	204	10
2386	H1404	9	218	10
2387	H1448	9	703	10
2388	H1524	9	491	10
2389	H1541	9	20	10
2390	H1603	9	139	10
2391	H1607	9	738	10
2392	H1617	9	405	10
2393	H1650	9	580	10
2394	H1681	9	628	10
2395	H1809	9	838	10
2396	H1814	9	1147	10
2397	H1846	9	761	10
2398	H1909	9	554	10
2399	H2069	9	425	10
2400	H2184	9	383	10
2401	H2230	9	433	10
2402	H2384	9	648	10
2403	H2404	9	1005	10
2404	H2635	9	525	10
2405	H2648	9	721	10
2406	H2660	9	473	10
2407	H2731	9	738	10
2408	H2767	9	584	10
2409	H2795	9	344	10
2410	H2966	9	506	10
2411	H3039	9	629	10
2412	H3096	9	531	10
2413	H3103	9	481	10
2414	H3148	9	578	10
2415	H3218	9	456	10
2416	H3257	9	256	10
2417	H3266	9	514	10
2418	H3286	9	595	10
2419	H3324	9	158	10
2420	H3336	9	638	10
2421	H3344	9	1123	10
2422	H3463	9	550	10
2423	H3500	9	530	10
2424	H3503	9	148	10
2425	H3528	9	358	10
2426	H3564	9	492	10
2427	H3734	9	827	10
2428	H3767	9	655	10
2429	H3800	9	742	10
2430	H3948	9	785	10
2431	H4102	9	652	10
2432	H4181	9	170	10
2433	H4340	9	284	10
2434	H4385	9	478	10
2435	H4468	9	424	10
2436	H4585	9	659	10
2437	H4627	9	455	10
2438	H4719	9	528	10
2439	H4749	9	256	10
2440	H4865	9	489	10
2441	H4902	9	872	10
2442	H4959	9	1168	10
2443	H5086	9	1172	10
2444	H5154	9	509	10
2445	H5174	9	204	10
2446	H5201	9	819	10
2447	H5253	9	2102	10
2448	H5348	9	312	10
2449	H5371	9	249	10
2450	H5408	9	676	10
2451	H5429	9	776	10
2452	H5445	9	889	10
2453	H5480	9	930	10
2454	H5709	9	605	10
2455	H5718	9	574	10
2456	H5736	9	625	10
2457	H5777	9	734	10
2458	H5835	9	415	10
2459	H5977	9	361	10
2460	H6001	9	201	10
2461	H6006	9	793	10
2462	H6009	9	1220	10
2463	H6061	9	710	10
2464	H6064	9	519	10
2465	H6079	9	600	10
2466	H6157	9	237	10
2467	H6163	9	386	10
2468	H6237	9	736	10
2469	H6275	9	1131	10
2470	H6337	9	317	10
2471	H6362	9	1193	10
2472	H6439	9	415	10
2473	H6622	9	462	10
2474	H6670	9	1203	10
2475	H6673	9	546	10
2476	H6692	9	872	10
2477	H6720	9	301	10
2478	H6771	9	472	10
2479	H6973	9	1076	10
2480	H7128	9	392	10
2481	H7149	9	227	10
2482	H7214	9	943	10
2483	H7328	9	245	10
2484	H7474	9	187	10
2485	H7540	9	1041	10
2486	H7551	9	516	10
2487	H7597	9	447	10
2488	H7633	9	335	10
2489	H7644	9	196	10
2490	H7668	9	532	10
2491	H7732	9	228	10
2492	H7804	9	735	10
2493	H7902	9	414	10
2494	H7974	9	161	10
2495	H8027	9	826	10
2496	H8042	9	258	10
2497	H8058	9	1322	10
2498	H8150	9	766	10
2499	H8156	9	1033	10
2500	H8173	9	1458	10
2501	H8191	9	521	10
2502	H8205	9	298	10
2503	H8352	9	290	10
2504	H8359	9	377	10
2505	H8539	9	755	10
2506	H8612	9	631	10
2507	H0024	8	499	10
2508	H0057	8	924	10
2509	H0090	8	215	10
2510	H0143	8	398	10
2511	H0154	8	433	10
2512	H0173	8	178	10
2513	H0209	8	142	10
2514	H0221	8	208	10
2515	H0224	8	2165	10
2516	H0331	8	640	10
2517	H0359	8	540	10
2518	H0387	8	472	10
2519	H0394	8	234	10
2520	H0437	8	728	10
2521	H0516	8	19	10
2522	H0529	8	428	10
2523	H0703	8	317	10
2524	H0865	8	1831	10
2525	H0870	8	531	10
2526	H0948	8	783	10
2527	H1020	8	321	10
2528	H1022	8	230	10
2529	H1047	8	332	10
2530	H1049	8	271	10
2531	H1075	8	316	10
2532	H1096	8	148	10
2533	H1186	8	181	10
2534	H1188	8	214	10
2535	H1210	8	342	10
2536	H1224	8	390	10
2537	H1246	8	137	10
2538	H1251	8	182	10
2539	H1348	8	431	10
2540	H1393	8	171	10
2541	H1413	8	1396	10
2542	H1508	8	427	10
2543	H1533	8	553	10
2544	H1598	8	557	10
2545	H1627	8	1076	10
2546	H1667	8	204	10
2547	H1760	8	1330	10
2548	H1783	8	102	10
2549	H1803	8	490	10
2550	H1808	8	298	10
2551	H1865	8	601	10
2552	H1893	8	280	10
2553	H1986	8	1129	10
2554	H2013	8	698	10
2555	H2066	8	539	10
2556	H2135	8	988	10
2557	H2151	8	1202	10
2558	H2290	8	678	10
2559	H2401	8	460	10
2560	H2452	8	327	10
2561	H2553	8	517	10
2562	H2554	8	967	10
2563	H2556	8	1047	10
2564	H2598	8	717	10
2565	H2705	8	200	10
2566	H2724	8	271	10
2567	H2805	8	233	10
2568	H2838	8	465	10
2569	H2851	8	792	10
2570	H2864	8	563	10
2571	H2912	8	916	10
2572	H2914	8	735	10
2573	H2921	8	486	10
2574	H2971	8	257	10
2575	H2985	8	219	10
2576	H3013	8	921	10
2577	H3082	8	452	10
2578	H3087	8	302	10
2579	H3189	8	326	10
2580	H3199	8	271	10
2581	H3284	8	445	10
2582	H3302	8	1004	10
2583	H3313	8	886	10
2584	H3326	8	629	10
2585	H3363	8	757	10
2586	H3369	8	911	10
2587	H3396	8	241	10
2588	H3459	8	282	10
2589	H3493	8	290	10
2590	H3510	8	1120	10
2591	H3529	8	408	10
2592	H3535	8	383	10
2593	H3573	8	239	10
2594	H3591	8	487	10
2595	H3645	8	879	10
2596	H3682	8	465	10
2597	H3725	8	267	10
2598	H3756	8	220	10
2599	H3779	8	442	10
2600	H3794	8	848	10
2601	H3810	8	1013	10
2602	H3835	8	1216	10
2603	H3870	8	572	10
2604	H3939	8	614	10
2605	H4022	8	571	10
2606	H4032	8	364	10
2607	H4122	8	277	10
2608	H4144	8	521	10
2609	H4187	8	198	10
2610	H4225	8	388	10
2611	H4241	8	342	10
2612	H4246	8	535	10
2613	H4291	8	733	10
2614	H4303	8	196	10
2615	H4403	8	532	10
2616	H4411	8	481	10
2617	H4432	8	651	10
2618	H4455	8	475	10
2619	H4456	8	479	10
2620	H4498	8	572	10
2621	H4505	8	134	10
2622	H4521	8	661	10
2623	H4584	8	591	10
2624	H4602	8	387	10
2625	H4658	8	344	10
2626	H4670	8	240	10
2627	H4671	8	558	10
2628	H4694	8	397	10
2629	H4763	8	58	10
2630	H4806	8	557	10
2631	H4993	8	362	10
2632	H5106	8	703	10
2633	H5166	8	408	10
2634	H5224	8	615	10
2635	H5274	8	837	10
2636	H5276	8	1041	10
2637	H5425	8	1162	10
2638	H5459	8	591	10
2639	H5470	8	275	10
2640	H5509	8	771	10
2641	H5528	8	928	10
2642	H5613	8	233	10
2643	H5627	8	449	10
2644	H5658	8	1553	10
2645	H5711	8	167	10
2646	H5725	8	474	10
2647	H5780	8	759	10
2648	H5820	8	268	10
2649	H5861	8	482	10
2650	H5895	8	446	10
2651	H5970	8	682	10
2652	H6045	8	411	10
2653	H6084	8	457	10
2654	H6126	8	267	10
2655	H6149	8	705	10
2656	H6222	8	201	10
2657	H6301	8	129	10
2658	H6305	8	416	10
2659	H6332	8	595	10
2660	H6429	8	387	10
2661	H6449	8	452	10
2662	H6476	8	545	10
2663	H6482	8	264	10
2664	H6598	8	383	10
2665	H6649	8	206	10
2666	H6805	8	1131	10
2667	H6934	8	240	10
2668	H6958	8	1481	10
2669	H6969	8	513	10
2670	H7145	8	295	10
2671	H7172	8	583	10
2672	H7193	8	613	10
2673	H7197	8	743	10
2674	H7261	8	241	10
2675	H7348	8	582	10
2676	H7401	8	701	10
2677	H7531	8	455	10
2678	H7543	8	962	10
2679	H7550	8	280	10
2680	H7647	8	173	10
2681	H7648	8	467	10
2682	H7663	8	937	10
2683	H7755	8	594	10
2684	H7767	8	167	10
2685	H7956	8	138	10
2686	H7961	8	705	10
2687	H7962	8	639	10
2688	H7973	8	740	10
2689	H7980	8	1394	10
2690	H8019	8	127	10
2691	H8152	8	573	10
2692	H8175	8	1347	10
2693	H8202	8	306	10
2694	H8274	8	218	10
2695	H8302	8	858	10
2696	H8327	8	859	10
2697	H8370	8	377	10
2698	H8388	8	883	10
2699	H8422	8	273	10
2700	H8489	8	238	10
2701	H8519	8	321	10
2702	H8558	8	492	10
2703	H8571	8	301	10
2704	H8666	8	509	10
2705	H0044	7	283	10
2706	H0102	7	415	10
2707	H0185	7	354	10
2708	H0234	7	467	10
2709	H0293	7	199	10
2710	H0322	7	205	10
2711	H0356	7	361	10
2712	H0406	7	514	10
2713	H0422	7	444	10
2714	H0494	7	421	10
2715	H0504	7	290	10
2716	H0523	7	443	10
2717	H0583	7	253	10
2718	H0590	7	308	10
2719	H0629	7	401	10
2720	H0633	7	140	10
2721	H0662	7	506	10
2722	H0682	7	640	10
2723	H0746	7	373	10
2724	H0821	7	287	10
2725	H0830	7	350	10
2726	H0847	7	445	10
2727	H1113	7	222	10
2728	H1131	7	540	10
2729	H1146	7	406	10
2730	H1239	7	1053	10
2731	H1249	7	479	10
2732	H1315	7	356	10
2733	H1342	7	466	10
2734	H1442	7	789	10
2735	H1446	7	552	10
2736	H1460	7	674	10
2737	H1482	7	364	10
2738	H1492	7	201	10
2739	H1517	7	516	10
2740	H1614	7	579	10
2741	H1622	7	310	10
2742	H1672	7	638	10
2743	H1731	7	593	10
2744	H1753	7	511	10
2745	H1756	7	658	10
2746	H1787	7	273	10
2747	H1806	7	388	10
2748	H1921	7	1662	10
2749	H1959	7	584	10
2750	H1975	7	780	10
2751	H2039	7	376	10
2752	H2061	7	951	10
2753	H2131	7	759	10
2754	H2153	7	314	10
2755	H2212	7	854	10
2756	H2239	7	677	10
2757	H2250	7	588	10
2758	H2339	7	734	10
2759	H2341	7	1449	10
2760	H2348	7	311	10
2761	H2356	7	582	10
2762	H2386	7	648	10
2763	H2397	7	751	10
2764	H2426	7	1016	10
2765	H2427	7	422	10
2766	H2455	7	181	10
2767	H2779	7	723	10
2768	H2793	7	1032	10
2769	H2918	7	661	10
2770	H2999	7	588	10
2771	H3061	7	233	10
2772	H3204	7	294	10
2773	H3367	7	232	10
2774	H3382	7	201	10
2775	H3412	7	447	10
2776	H3449	7	415	10
2777	H3465	7	514	10
2778	H3544	7	305	10
2779	H3654	7	1259	10
2780	H3672	7	1058	10
2781	H3675	7	380	10
2782	H3761	7	281	10
2783	H3826	7	130	10
2784	H3877	7	192	10
2785	H3919	7	683	10
2786	H3933	7	942	10
2787	H3936	7	188	10
2788	H3952	7	790	10
2789	H3984	7	376	10
2790	H4024	7	336	10
2791	H4084	7	190	10
2792	H4111	7	253	10
2793	H4156	7	472	10
2794	H4175	7	724	10
2795	H4207	7	446	10
2796	H4285	7	473	10
2797	H4332	7	468	10
2798	H4409	7	289	10
2799	H4525	7	294	10
2800	H4543	7	236	10
2801	H4571	7	797	10
2802	H4617	7	359	10
2803	H4680	7	981	10
2804	H4685	7	722	10
2805	H4691	7	214	10
2806	H4762	7	834	10
2807	H4812	7	429	10
2808	H4823	7	399	10
2809	H4828	7	1182	10
2810	H4923	7	313	10
2811	H4924	7	762	10
2812	H5063	7	338	10
2813	H5092	7	536	10
2814	H5183	7	970	10
2815	H5278	7	420	10
2816	H5394	7	1033	10
2817	H5486	7	822	10
2818	H5504	7	222	10
2819	H5530	7	167	10
2820	H5531	7	157	10
2821	H5557	7	675	10
2822	H5559	7	642	11
2823	H5590	7	1146	11
2824	H5628	7	1431	11
2825	H5649	7	311	11
2826	H5689	7	574	11
2827	H5692	7	648	11
2828	H5801	7	640	11
2829	H5825	7	186	11
2830	H5849	7	1059	11
2831	H5907	7	408	11
2832	H5947	7	320	11
2833	H5959	7	478	11
2834	H5986	7	106	11
2835	H6057	7	363	11
2836	H6089	7	433	11
2837	H6124	7	292	11
2838	H6131	7	610	11
2839	H6274	7	172	11
2840	H6287	7	386	11
2841	H6288	7	306	11
2842	H6316	7	282	11
2843	H6329	7	506	11
2844	H6367	7	328	11
2845	H6389	7	138	11
2846	H6395	7	919	11
2847	H6432	7	205	11
2848	H6452	7	878	11
2849	H6472	7	274	11
2850	H6484	7	697	11
2851	H6569	7	212	11
2852	H6621	7	547	11
2853	H6651	7	452	11
2854	H6701	7	143	11
2855	H6781	7	278	11
2856	H6814	7	690	11
2857	H6834	7	260	11
2858	H6835	7	326	11
2859	H6953	7	909	11
2860	H7032	7	143	11
2861	H7049	7	945	11
2862	H7092	7	966	11
2863	H7117	7	912	11
2864	H7140	7	490	11
2865	H7147	7	391	11
2866	H7156	7	630	11
2867	H7253	7	293	11
2868	H7267	7	340	11
2869	H7271	7	272	11
2870	H7279	7	424	11
2871	H7290	7	635	11
2872	H7389	7	338	11
2873	H7410	7	248	11
2874	H7415	7	249	11
2875	H7469	7	143	11
2876	H7560	7	508	11
2877	H7565	7	535	11
2878	H7581	7	344	11
2879	H7645	7	370	11
2880	H7696	7	739	11
2881	H7776	7	330	11
2882	H7826	7	332	11
2883	H7895	7	420	11
2884	H7898	7	323	11
2885	H7909	7	380	11
2886	H7982	7	646	11
2887	H8048	7	378	11
2888	H8140	7	293	11
2889	H8185	7	405	11
2890	H8256	7	506	11
2891	H8262	7	439	11
2892	H8289	7	1282	11
2893	H8314	7	947	11
2894	H8322	7	223	11
2895	H8333	7	1344	11
2896	H8471	7	401	11
2897	H8590	7	591	11
2898	H8602	7	290	11
2899	H8620	7	385	11
2900	H8621	7	199	11
2901	H8639	7	499	11
2902	H8658	7	402	11
2903	H0032	6	314	11
2904	H0033	6	107	11
2905	H0046	6	275	11
2906	H0080	6	333	11
2907	H0125	6	212	11
2908	H0137	6	173	11
2909	H0172	6	203	11
2910	H0217	6	206	11
2911	H0283	6	270	11
2912	H0295	6	217	11
2913	H0317	6	67	11
2914	H0328	6	820	11
2915	H0329	6	641	11
2916	H0345	6	130	11
2917	H0362	6	335	11
2918	H0363	6	175	11
2919	H0458	6	143	11
2920	H0460	6	142	11
2921	H0469	6	234	11
2922	H0483	6	306	11
2923	H0501	6	257	11
2924	H0533	6	414	11
2925	H0562	6	1654	11
2926	H0634	6	250	11
2927	H0724	6	570	11
2928	H0732	6	732	11
2929	H0737	6	290	11
2930	H0757	6	199	11
2931	H0774	6	400	11
2932	H0812	6	359	11
2933	H0826	6	216	11
2934	H0827	6	696	11
2935	H0851	6	377	11
2936	H0881	6	295	11
2937	H0893	6	168	11
2938	H0902	6	334	11
2939	H0907	6	534	11
2940	H0913	6	646	11
2941	H1000	6	418	11
2942	H1026	6	314	11
2943	H1031	6	231	11
2944	H1043	6	300	11
2945	H1067	6	125	11
2946	H1142	6	219	11
2947	H1165	6	457	11
2948	H1171	6	421	11
2949	H1173	6	432	11
2950	H1189	6	298	11
2951	H1262	6	345	11
2952	H1309	6	261	11
2953	H1377	6	211	11
2954	H1405	6	364	11
2955	H1498	6	513	11
2956	H1500	6	415	11
2957	H1505	6	491	11
2958	H1518	6	1116	11
2959	H1521	6	704	11
2960	H1551	6	757	11
2961	H1555	6	332	11
2962	H1586	6	473	11
2963	H1641	6	755	11
2964	H1651	6	407	11
2965	H1668	6	419	11
2966	H1673	6	180	11
2967	H1674	6	295	11
2968	H1736	6	412	11
2969	H1763	6	322	11
2970	H1785	6	190	11
2971	H1807	6	121	11
2972	H1828	6	168	11
2973	H1844	6	547	11
2974	H1905	6	722	11
2975	H1916	6	673	11
2976	H1918	6	511	11
2977	H1933	6	1132	11
2978	H1979	6	878	11
2979	H2062	6	191	11
2980	H2067	6	555	11
2981	H2083	6	115	11
2982	H2122	6	378	11
2983	H2158	6	518	11
2984	H2197	6	370	11
2985	H2209	6	303	11
2986	H2227	6	222	11
2987	H2255	6	386	11
2988	H2276	6	205	11
2989	H2300	6	975	11
2990	H2331	6	730	11
2991	H2418	6	218	11
2992	H2485	6	134	11
2993	H2531	6	429	11
2994	H2535	6	206	11
2995	H2558	6	449	11
2996	H2560	6	1162	11
2997	H2624	6	154	11
2998	H2625	6	331	11
2999	H2651	6	571	11
3000	H2690	6	530	11
3001	H2698	6	182	11
3002	H2704	6	157	11
3003	H2730	6	374	11
3004	H2750	6	206	11
3005	H2752	6	1058	11
3006	H2892	6	756	11
3007	H2976	6	659	11
3008	H3043	6	384	11
3009	H3066	6	183	11
3010	H3127	6	338	11
3011	H3166	6	267	11
3012	H3179	6	565	11
3013	H3226	6	174	11
3014	H3278	6	177	11
3015	H3355	6	309	11
3016	H3418	6	345	11
3017	H3420	6	183	11
3018	H3511	6	342	11
3019	H3553	6	437	11
3020	H3585	6	581	11
3021	H3700	6	1022	11
3022	H3784	6	630	11
3023	H3785	6	522	11
3024	H3803	6	984	11
3025	H3868	6	855	11
3026	H3892	6	357	11
3027	H3897	6	539	11
3028	H3928	6	374	11
3029	H4093	6	287	11
3030	H4114	6	457	11
3031	H4132	6	448	11
3032	H4174	6	415	11
3033	H4234	6	368	11
3034	H4245	6	438	11
3035	H4302	6	675	11
3036	H4315	6	662	11
3037	H4345	6	168	11
3038	H4371	6	441	11
3039	H4375	6	451	11
3040	H4387	6	227	11
3041	H4407	6	521	11
3042	H4457	6	328	11
3043	H4494	6	590	11
3044	H4514	6	229	11
3045	H4689	6	312	11
3046	H4708	6	308	11
3047	H4800	6	559	11
3048	H4807	6	799	11
3049	H4822	6	333	11
3050	H4903	6	118	11
3051	H4906	6	599	11
3052	H4933	6	380	11
3053	H4968	6	301	11
3054	H4985	6	1296	11
3055	H4991	6	401	11
3056	H4997	6	688	11
3057	H5011	6	1254	11
3058	H5031	6	284	11
3059	H5050	6	435	11
3060	H5067	6	336	11
3061	H5102	6	1211	11
3062	H5121	6	349	11
3063	H5123	6	720	11
3064	H5138	6	432	11
3065	H5246	6	340	11
3066	H5257	6	324	11
3067	H5365	6	680	11
3068	H5382	6	1515	11
3069	H5450	6	249	11
3070	H5512	6	675	11
3071	H5543	6	472	11
3072	H5572	6	371	11
3073	H5585	6	399	11
3074	H5596	6	1125	11
3075	H5603	6	967	11
3076	H5617	6	886	11
3077	H5651	6	440	11
3078	H5670	6	806	11
3079	H5696	6	262	11
3080	H5832	6	328	11
3081	H5840	6	193	11
3082	H5873	6	424	11
3083	H5874	6	265	11
3084	H5896	6	329	11
3085	H5909	6	418	11
3086	H5912	6	180	11
3087	H5955	6	423	11
3088	H5988	6	255	11
3089	H6137	6	514	11
3090	H6144	6	430	11
3091	H6152	6	860	11
3092	H6181	6	244	11
3093	H6191	6	637	11
3094	H6202	6	384	11
3095	H6225	6	388	11
3096	H6236	6	256	11
3097	H6319	6	273	11
3098	H6424	6	612	11
3099	H6433	6	447	11
3100	H6443	6	370	11
3101	H6458	6	460	11
3102	H6530	6	408	11
3103	H6531	6	402	11
3104	H6540	6	172	11
3105	H6551	6	193	11
3106	H6600	6	293	11
3107	H6620	6	325	11
3108	H6728	6	605	11
3109	H6842	6	265	11
3110	H6875	6	360	11
3111	H6906	6	477	11
3112	H6927	6	579	11
3113	H6945	6	346	11
3114	H6962	6	683	11
3115	H6976	6	180	11
3116	H6979	6	1195	11
3117	H7018	6	151	11
3118	H7028	6	382	11
3119	H7034	6	653	11
3120	H7039	6	243	11
3121	H7067	6	216	11
3122	H7236	6	450	11
3123	H7241	6	395	11
3124	H7244	6	222	11
3125	H7249	6	17	11
3126	H7312	6	393	11
3127	H7336	6	363	11
3128	H7376	6	531	11
3129	H7400	6	351	11
3130	H7426	6	681	11
3131	H7461	6	216	11
3132	H7468	6	368	11
3133	H7476	6	186	11
3134	H7482	6	347	11
3135	H7552	6	280	11
3136	H7582	6	791	11
3137	H7619	6	243	11
3138	H7643	6	175	11
3139	H7655	6	302	11
3140	H7659	6	273	11
3141	H7675	6	487	11
3142	H7709	6	309	11
3143	H7711	6	529	11
3144	H7793	6	372	11
3145	H7838	6	199	11
3146	H7847	6	546	11
3147	H7849	6	762	11
3148	H7852	6	421	11
3149	H7853	6	293	11
3150	H7858	6	744	11
3151	H7888	6	394	11
3152	H8060	6	161	11
3153	H8076	6	105	11
3154	H8155	6	447	11
3155	H8229	6	334	11
3156	H8246	6	198	11
3157	H8264	6	546	11
3158	H8266	6	874	11
3159	H8271	6	739	11
3160	H8366	6	262	11
3161	H8380	6	324	11
3162	H8439	6	179	11
3163	H8458	6	514	11
3164	H8480	6	250	11
3165	H8526	6	348	11
3166	H8545	6	452	11
3167	H8555	6	493	11
3168	H8556	6	570	11
3169	H8598	6	555	11
3170	H8599	6	618	11
3171	H8636	6	358	11
3172	H8649	6	641	11
3173	H8664	6	463	11
3174	H0011	5	448	11
3175	H0027	5	118	11
3176	H0049	5	125	11
3177	H0050	5	336	11
3178	H0091	5	235	11
3179	H0126	5	113	11
3180	H0170	5	211	11
3181	H0171	5	225	11
3182	H0207	5	206	11
3183	H0218	5	756	11
3184	H0235	5	1031	11
3185	H0266	5	196	11
3186	H0286	5	234	11
3187	H0299	5	118	11
3188	H0321	5	358	11
3189	H0333	5	101	11
3190	H0342	5	238	11
3191	H0380	5	422	11
3192	H0431	5	258	11
3193	H0451	5	351	11
3194	H0459	5	480	11
3195	H0468	5	151	11
3196	H0485	5	223	11
3197	H0500	5	212	11
3198	H0552	5	180	11
3199	H0570	5	581	11
3200	H0611	5	203	11
3201	H0616	5	550	11
3202	H0636	5	235	11
3203	H0656	5	252	11
3204	H0661	5	325	11
3205	H0673	5	529	11
3206	H0680	5	415	11
3207	H0686	5	539	11
3208	H0687	5	130	11
3209	H0709	5	722	11
3210	H0718	5	308	11
3211	H0762	5	154	11
3212	H0796	5	226	11
3213	H0809	5	534	11
3214	H0855	5	343	11
3215	H0862	5	274	11
3216	H0886	5	146	11
3217	H0980	5	307	11
3218	H1071	5	202	11
3219	H1085	5	269	11
3220	H1087	5	197	11
3221	H1158	5	630	11
3222	H1198	5	278	11
3223	H1217	5	176	11
3224	H1221	5	191	11
3225	H1231	5	160	11
3226	H1240	5	430	11
3227	H1252	5	224	11
3228	H1297	5	362	11
3229	H1379	5	534	11
3230	H1441	5	131	11
3231	H1470	5	534	11
3232	H1552	5	446	11
3233	H1583	5	141	11
3234	H1584	5	586	11
3235	H1587	5	210	11
3236	H1626	5	232	11
3237	H1634	5	606	11
3238	H1660	5	877	11
3239	H1690	5	473	11
3240	H1700	5	590	11
3241	H1734	5	338	11
3242	H1739	5	213	11
3243	H1780	5	336	11
3244	H1789	5	217	11
3245	H1794	5	805	11
3246	H1801	5	507	11
3247	H1802	5	956	11
3248	H1839	5	171	11
3249	H1843	5	304	11
3250	H1891	5	486	11
3251	H1927	5	277	11
3252	H1949	5	1109	11
3253	H2027	5	381	11
3254	H2028	5	269	11
3255	H2043	5	707	11
3256	H2073	5	674	11
3257	H2156	5	547	11
3258	H2182	5	297	11
3259	H2191	5	361	11
3260	H2196	5	464	11
3261	H2228	5	235	11
3262	H2240	5	136	11
3263	H2247	5	691	11
3264	H2251	5	729	11
3265	H2259	5	191	11
3266	H2284	5	681	11
3267	H2294	5	219	11
3268	H2380	5	778	11
3269	H2392	5	184	11
3270	H2394	5	374	11
3271	H2407	5	431	11
3272	H2457	5	247	11
3273	H2465	5	632	11
3274	H2496	5	436	11
3275	H2497	5	114	11
3276	H2503	5	342	11
3277	H2590	5	928	11
3278	H2596	5	948	11
3279	H2621	5	250	11
3280	H2633	5	560	11
3281	H2652	5	133	11
3282	H2773	5	354	11
3283	H2786	5	520	11
3284	H2815	5	197	11
3285	H2825	5	471	11
3286	H2828	5	136	11
3287	H2843	5	162	11
3288	H2948	5	269	11
3289	H2970	5	405	11
3290	H2994	5	304	11
3291	H3025	5	387	11
3292	H3136	5	105	11
3293	H3182	5	378	11
3294	H3209	5	365	11
3295	H3215	5	355	11
3296	H3232	5	234	11
3297	H3309	5	468	11
3298	H3330	5	346	11
3299	H3419	5	311	11
3300	H3469	5	264	11
3301	H3481	5	225	11
3302	H3488	5	454	11
3303	H3505	5	282	11
3304	H3540	5	274	11
3305	H3599	5	532	11
3306	H3660	5	513	11
3307	H3668	5	302	11
3308	H3717	5	698	11
3309	H3721	5	678	11
3310	H3755	5	231	11
3311	H3795	5	366	11
3312	H3823	5	654	11
3313	H3845	5	129	11
3314	H3849	5	495	11
3315	H3865	5	567	11
3316	H3882	5	609	11
3317	H3888	5	422	11
3318	H3908	5	429	11
3319	H3913	5	566	11
3320	H3993	5	417	11
3321	H3994	5	142	11
3322	H4076	5	159	11
3323	H4099	5	361	11
3324	H4134	5	306	11
3325	H4162	5	209	11
3326	H4212	5	612	11
3327	H4227	5	573	11
3328	H4244	5	269	11
3329	H4301	5	622	11
3330	H4311	5	253	11
3331	H4348	5	153	11
3332	H4370	5	358	11
3333	H4414	5	1015	11
3334	H4446	5	946	11
3335	H4448	5	841	11
3336	H4449	5	363	11
3337	H4483	5	458	11
3338	H4488	5	650	11
3339	H4506	5	239	11
3340	H4524	5	478	11
3341	H4532	5	360	11
3342	H4537	5	729	11
3343	H4554	5	153	11
3344	H4612	5	334	11
3345	H4615	5	422	11
3346	H4662	5	338	11
3347	H4693	5	237	11
3348	H4705	5	327	11
3349	H4768	5	530	11
3350	H4772	5	274	11
3351	H4785	5	257	11
3352	H4867	5	335	11
3353	H4937	5	290	11
3354	H4971	5	408	11
3355	H4976	5	384	11
3356	H4996	5	696	11
3357	H5007	5	281	11
3358	H5032	5	586	11
3359	H5098	5	465	11
3360	H5168	5	247	11
3361	H5184	5	429	11
3362	H5233	5	519	11
3363	H5250	5	212	11
3364	H5279	5	423	11
3365	H5317	5	436	11
3366	H5356	5	929	11
3367	H5367	5	1257	11
3368	H5433	5	1210	11
3369	H5449	5	305	11
3370	H5456	5	972	11
3371	H5460	5	203	11
3372	H5490	5	318	11
3373	H5491	5	212	11
3374	H5498	5	525	11
3375	H5566	5	862	11
3376	H5579	5	286	11
3377	H5599	5	665	11
3378	H5609	5	264	11
3379	H5632	5	299	11
3380	H5672	5	431	11
3381	H5682	5	498	11
3382	H5756	5	391	11
3383	H5763	5	324	11
3384	H5767	5	310	11
3385	H5786	5	551	11
3386	H5829	5	218	11
3387	H5856	5	186	11
3388	H5862	5	647	11
3389	H5871	5	443	11
3390	H5891	5	262	11
3391	H5911	5	367	11
3392	H5915	5	129	11
3393	H5918	5	97	11
3394	H5968	5	747	11
3395	H5996	5	155	11
3396	H6022	5	237	11
3397	H6069	5	140	11
3398	H6071	5	210	11
3399	H6082	5	199	11
3400	H6094	5	427	11
3401	H6117	5	1138	11
3402	H6140	5	479	11
3403	H6155	5	423	11
3404	H6166	5	730	11
3405	H6195	5	166	11
3406	H6264	5	21	11
3407	H6295	5	98	11
3408	H6396	5	199	11
3409	H6398	5	527	11
3410	H6400	5	546	11
3411	H6410	5	242	11
3412	H6446	5	241	11
3413	H6465	5	362	11
3414	H6470	5	410	11
3415	H6553	5	405	11
3416	H6567	5	1277	11
3417	H6617	5	549	11
3418	H6623	5	197	11
3419	H6624	5	509	11
3420	H6636	5	166	11
3421	H6647	5	317	11
3422	H6675	5	327	11
3423	H6686	5	136	11
3424	H6698	5	138	11
3425	H6706	5	225	11
3426	H6714	5	208	11
3427	H6767	5	827	11
3428	H6775	5	783	11
3429	H6788	5	228	11
3430	H6797	5	260	11
3431	H6808	5	568	11
3432	H6826	5	123	11
3433	H6848	5	432	11
3434	H6876	5	216	11
3435	H6893	5	893	11
3436	H6982	5	416	11
3437	H6998	5	996	11
3438	H7021	5	477	11
3439	H7024	5	1069	11
3440	H7077	5	489	11
3441	H7096	5	817	11
3442	H7116	5	253	11
3443	H7134	5	385	11
3444	H7135	5	402	11
3445	H7139	5	985	11
3446	H7169	5	662	11
3447	H7176	5	306	11
3448	H7183	5	399	11
3449	H7210	5	324	11
3450	H7238	5	181	11
3451	H7314	5	132	11
3452	H7343	5	155	11
3453	H7345	5	248	11
3454	H7347	5	331	11
3455	H7397	5	75	11
3456	H7408	5	415	11
3457	H7413	5	248	11
3458	H7466	5	187	11
3459	H7484	5	641	11
3460	H7486	5	538	11
3461	H7491	5	512	11
3462	H7508	5	156	11
3463	H7509	5	360	11
3464	H7538	5	315	11
3465	H7541	5	191	11
3466	H7599	5	446	11
3467	H7603	5	390	11
3468	H7624	5	517	11
3469	H7662	5	370	11
3470	H7698	5	328	11
3471	H7707	5	238	11
3472	H7745	5	218	11
3473	H7747	5	206	11
3474	H7851	5	317	11
3475	H7868	5	194	11
3476	H7918	5	823	11
3477	H7951	5	962	11
3478	H8017	5	102	11
3479	H8029	5	375	11
3480	H8041	5	526	11
3481	H8051	5	260	11
3482	H8059	5	248	11
3483	H8080	5	697	11
3484	H8087	5	246	11
3485	H8092	5	397	11
3486	H8105	5	552	11
3487	H8106	5	477	11
3488	H8110	5	273	11
3489	H8160	5	979	11
3490	H8222	5	406	11
3491	H8239	5	478	11
3492	H8257	5	852	11
3493	H8282	5	373	11
3494	H8286	5	150	11
3495	H8324	5	537	11
3496	H8348	5	179	11
3497	H8355	5	338	11
3498	H8431	5	313	11
3499	H8460	5	480	11
3500	H8463	5	418	11
3501	H8485	5	632	11
3502	H8503	5	594	11
3503	H8510	5	234	11
3504	H8513	5	238	11
3505	H8525	5	444	11
3506	H8538	5	151	11
3507	H8570	5	395	11
3508	H8572	5	305	11
3509	H8575	5	237	11
3510	H8583	5	298	11
3511	H8588	5	423	11
3512	H8624	5	237	11
3513	H8660	5	421	11
3514	H0009	4	211	11
3515	H0042	4	110	11
3516	H0084	4	215	11
3517	H0088	4	373	11
3518	H0092	4	391	11
3519	H0139	4	241	11
3520	H0174	4	870	11
3521	H0192	4	274	11
3522	H0198	4	93	11
3523	H0204	4	710	11
3524	H0208	4	134	11
3525	H0219	4	614	11
3526	H0222	4	309	11
3527	H0225	4	306	11
3528	H0289	4	256	11
3529	H0323	4	291	11
3530	H0392	4	617	11
3531	H0409	4	249	11
3532	H0445	4	215	11
3533	H0450	4	270	11
3534	H0491	4	348	11
3535	H0502	4	416	11
3536	H0579	4	561	11
3537	H0581	4	658	11
3538	H0586	4	199	11
3539	H0594	4	361	11
3540	H0602	4	314	11
3541	H0603	4	196	11
3542	H0617	4	114	11
3543	H0667	4	203	11
3544	H0733	4	163	11
3545	H0780	4	437	11
3546	H0864	4	347	11
3547	H0877	4	368	11
3548	H0928	4	507	11
3549	H0955	4	86	11
3550	H0981	4	340	11
3551	H1012	4	160	11
3552	H1016	4	680	11
3553	H1021	4	210	11
3554	H1024	4	172	11
3555	H1030	4	109	11
3556	H1039	4	299	11
3557	H1044	4	477	11
3558	H1046	4	210	11
3559	H1050	4	271	11
3560	H1057	4	331	11
3561	H1063	4	345	11
3562	H1069	4	528	11
3563	H1082	4	292	11
3564	H1092	4	155	11
3565	H1120	4	181	11
3566	H1155	4	436	11
3567	H1172	4	200	11
3568	H1179	4	318	11
3569	H1261	4	241	11
3570	H1281	4	299	11
3571	H1356	4	818	11
3572	H1372	4	384	11
3573	H1415	4	160	11
3574	H1430	4	327	11
3575	H1432	4	208	11
3576	H1435	4	195	11
3577	H1474	4	806	11
3578	H1476	4	113	11
3579	H1488	4	435	11
3580	H1547	4	168	11
3581	H1550	4	132	11
3582	H1565	4	483	11
3583	H1573	4	638	11
3584	H1608	4	214	11
3585	H1610	4	416	11
3586	H1621	4	313	11
3587	H1630	4	350	11
3588	H1631	4	201	11
3589	H1654	4	248	11
3590	H1662	4	228	11
3591	H1675	4	475	11
3592	H1682	4	241	11
3593	H1713	4	995	11
3594	H1717	4	634	11
3595	H1740	4	528	11
3596	H1747	4	343	11
3597	H1749	4	339	11
3598	H1765	4	268	11
3599	H1790	4	321	11
3600	H1824	4	925	11
3601	H1845	4	218	11
3602	H1871	4	26	11
3603	H1896	4	608	11
3604	H1902	4	622	11
3605	H1907	4	295	11
3606	H1913	4	593	11
3607	H1938	4	87	11
3608	H1946	4	517	11
3609	H1947	4	475	11
3610	H2047	4	102	11
3611	H2138	4	297	11
3612	H2141	4	519	11
3613	H2165	4	393	11
3614	H2172	4	627	11
3615	H2208	4	155	11
3616	H2218	4	401	11
3617	H2238	4	249	11
3618	H2258	4	211	11
3619	H2267	4	697	11
3620	H2279	4	185	11
3621	H2295	4	213	11
3622	H2299	4	335	11
3623	H2330	4	268	11
3624	H2345	4	250	11
3625	H2366	4	295	11
3626	H2367	4	171	11
3627	H2393	4	288	11
3628	H2479	4	166	11
3629	H2509	4	687	11
3630	H2519	4	283	11
3631	H2524	4	422	11
3632	H2570	4	687	11
3633	H2571	4	290	11
3634	H2582	4	122	11
3635	H2597	4	161	11
3636	H2601	4	157	11
3637	H2606	4	177	11
3638	H2657	4	249	11
3639	H2678	4	298	11
3640	H2688	4	614	11
3641	H2707	4	538	11
3642	H2735	4	223	11
3643	H2799	4	156	11
3644	H2837	4	175	11
3645	H2846	4	706	11
3646	H2897	4	371	11
3647	H2935	4	226	11
3648	H2947	4	294	11
3649	H2973	4	663	11
3650	H2982	4	189	11
3651	H3065	4	197	11
3652	H3075	4	706	11
3653	H3169	4	36	11
3654	H3229	4	537	11
3655	H3258	4	363	11
3656	H3281	4	468	11
3657	H3287	4	239	11
3658	H3305	4	293	11
3659	H3317	4	342	11
3660	H3325	4	373	11
3661	H3331	4	519	11
3662	H3362	4	156	11
3663	H3370	4	147	11
3664	H3440	4	252	11
3665	H3446	4	60	11
3666	H3453	4	365	11
3667	H3456	4	290	11
3668	H3484	4	461	11
3669	H3492	4	565	11
3670	H3512	4	359	11
3671	H3514	4	167	11
3672	H3536	4	606	11
3673	H3546	4	261	11
3674	H3610	4	459	11
3675	H3626	4	228	11
3676	H3648	4	791	11
3677	H3655	4	782	11
3678	H3685	4	446	11
3679	H3706	4	705	11
3680	H3716	4	614	11
3681	H3729	4	367	11
3682	H3739	4	901	11
3683	H3748	4	208	11
3684	H3819	4	213	11
3685	H3850	4	323	11
3686	H3864	4	553	11
3687	H3926	4	199	11
3688	H3979	4	215	11
3689	H3986	4	145	11
3690	H3992	4	517	11
3691	H4021	4	180	11
3692	H4029	4	121	11
3693	H4030	4	162	11
3694	H4031	4	486	11
3695	H4050	4	332	11
3696	H4061	4	237	11
3697	H4070	4	162	11
3698	H4106	4	177	11
3699	H4115	4	575	11
3700	H4137	4	430	11
3701	H4158	4	397	11
3702	H4165	4	169	11
3703	H4211	4	206	11
3704	H4213	4	301	11
3705	H4223	4	420	11
3706	H4236	4	356	11
3707	H4237	4	127	11
3708	H4248	4	129	11
3709	H4265	4	149	11
3710	H4314	4	123	11
3711	H4316	4	200	11
3712	H4326	4	541	11
3713	H4374	4	455	11
3714	H4419	4	448	11
3715	H4442	4	140	11
3716	H4445	4	677	11
3717	H4486	4	226	11
3718	H4500	4	268	11
3719	H4518	4	170	11
3720	H4520	4	202	11
3721	H4529	4	683	11
3722	H4531	4	561	11
3723	H4542	4	455	11
3724	H4548	4	524	11
3725	H4586	4	756	11
3726	H4656	4	235	11
3727	H4732	4	401	11
3728	H4734	4	177	11
3729	H4770	4	316	11
3730	H4794	4	273	11
3731	H4834	4	921	11
3732	H4846	4	464	11
3733	H4848	4	236	11
3734	H4863	4	537	11
3735	H4884	4	434	11
3736	H4909	4	163	11
3737	H4920	4	222	11
3738	H4927	4	123	11
3739	H4928	4	564	11
3740	H4953	4	128	11
3741	H4956	4	368	11
3742	H4964	4	781	11
3743	H4974	4	748	11
3744	H5009	4	310	11
3745	H5014	4	513	11
3746	H5029	4	177	11
3747	H5069	4	434	11
3748	H5107	4	436	11
3749	H5133	4	659	11
3750	H5142	4	401	11
3751	H5190	4	896	11
3752	H5194	4	329	11
3753	H5218	4	254	11
3754	H5228	4	963	11
3755	H5230	4	605	11
3756	H5243	4	810	11
3757	H5248	4	980	11
3758	H5255	4	1113	11
3759	H5270	4	123	11
3760	H5284	4	198	11
3761	H5290	4	183	11
3762	H5292	4	382	11
3763	H5298	4	288	11
3764	H5306	4	377	11
3765	H5322	4	356	11
3766	H5342	4	209	11
3767	H5353	4	123	11
3768	H5434	4	485	11
3769	H5442	4	252	11
3770	H5443	4	310	11
3771	H5444	4	249	11
3772	H5466	4	778	11
3773	H5481	4	529	11
3774	H5520	4	401	11
3775	H5541	4	655	11
3776	H5548	4	349	11
3777	H5554	4	357	11
3778	H5570	4	444	11
3779	H5667	4	186	11
3780	H5720	4	177	11
3781	H5730	4	534	11
3782	H5742	4	462	11
3783	H5748	4	823	11
3784	H5755	4	443	11
3785	H5799	4	693	11
3786	H5803	4	231	11
3787	H5806	4	154	11
3788	H5842	4	453	11
3789	H5852	4	724	11
3790	H5885	4	193	11
3791	H5920	4	37656	11
3792	H5934	4	684	11
3793	H5939	4	489	11
3794	H5963	4	144	11
3795	H5964	4	226	11
3796	H5995	4	326	11
3797	H6005	4	345	11
3798	H6012	4	172	11
3799	H6056	4	136	11
3800	H6081	4	200	11
3801	H6090	4	276	11
3802	H6151	4	224	11
3803	H6170	4	260	11
3804	H6182	4	636	11
3805	H6185	4	132	11
3806	H6209	4	567	11
3807	H6217	4	112	11
3808	H6228	4	189	11
3809	H6251	4	516	11
3810	H6262	4	121	11
3811	H6277	4	159	11
3812	H6292	4	397	11
3813	H6302	4	203	11
3814	H6304	4	353	11
3815	H6312	4	156	11
3816	H6313	4	663	11
3817	H6320	4	662	11
3818	H6322	4	350	11
3819	H6335	4	447	11
3820	H6357	4	393	11
3821	H6365	4	189	11
3822	H6380	4	380	11
3823	H6385	4	611	11
3824	H6427	4	109	11
3825	H6428	4	614	11
3826	H6454	4	223	11
3827	H6460	4	221	11
3828	H6473	4	442	11
3829	H6572	4	290	11
3830	H6594	4	143	11
3831	H6611	4	308	11
3832	H6682	4	328	11
3833	H6689	4	401	11
3834	H6691	4	131	11
3835	H6695	4	365	11
3836	H6699	4	426	11
3837	H6703	4	283	11
3838	H6716	4	457	11
3839	H6734	4	508	11
3840	H6750	4	369	11
3841	H6760	4	222	11
3842	H6761	4	336	11
3843	H6777	4	97	11
3844	H6778	4	290	11
3845	H6850	4	500	11
3846	H6877	4	525	11
3847	H6892	4	236	11
3848	H6926	4	329	11
3849	H6932	4	375	11
3850	H6949	4	258	11
3851	H6989	4	118	11
3852	H6994	4	6418	11
3853	H7008	4	202	11
3854	H7020	4	196	11
3855	H7030	4	180	11
3856	H7033	4	661	11
3857	H7046	4	424	11
3858	H7062	4	320	11
3859	H7074	4	210	11
3860	H7087	4	656	11
3861	H7146	4	216	11
3862	H7152	4	489	11
3863	H7154	4	62	11
3864	H7160	4	259	11
3865	H7168	4	182	11
3866	H7182	4	338	11
3867	H7184	4	262	11
3868	H7211	4	273	11
3869	H7216	4	1221	11
3870	H7248	4	348	11
3871	H7256	4	251	11
3872	H7258	4	313	11
3873	H7292	4	853	11
3874	H7298	4	339	11
3875	H7300	4	629	11
3876	H7320	4	203	11
3877	H7344	4	591	11
3878	H7353	4	206	11
3879	H7404	4	130	11
3880	H7409	4	253	11
3881	H7428	4	207	11
3882	H7445	4	197	11
3883	H7504	4	241	11
3884	H7532	4	128	11
3885	H7574	4	423	11
3886	H7683	4	446	11
3887	H7685	4	338	11
3888	H7713	4	438	11
3889	H7726	4	258	11
3890	H7727	4	129	11
3891	H7779	4	871	11
3892	H7784	4	111	11
3893	H7791	4	918	11
3894	H7803	4	152	11
3895	H7833	4	484	11
3896	H7875	4	154	11
3897	H7880	4	508	11
3898	H7883	4	320	11
3899	H7903	4	282	11
3900	H7958	4	425	11
3901	H7989	4	470	11
3902	H8001	4	185	11
3903	H8069	4	108	11
3904	H8070	4	231	11
3905	H8072	4	117	11
3906	H8089	4	199	11
3907	H8099	4	136	11
3908	H8113	4	188	11
3909	H8114	4	253	11
3910	H8124	4	267	11
3911	H8148	4	137	11
3912	H8149	4	592	11
3913	H8178	4	210	11
3914	H8186	4	330	11
3915	H8247	4	388	11
3916	H8272	4	441	11
3917	H8275	4	174	11
3918	H8278	4	563	11
3919	H8361	4	147	11
3920	H8367	4	324	11
3921	H8423	4	374	11
3922	H8424	4	223	11
3923	H8425	4	363	11
3924	H8443	4	302	11
3925	H8447	4	400	11
3926	H8495	4	243	11
3927	H8496	4	351	11
3928	H8521	4	149	11
3929	H8528	4	117	11
3930	H8536	4	269	11
3931	H8562	4	289	11
3932	H8609	4	485	11
3933	H8622	4	357	11
3934	H8648	4	1046	11
3935	H8663	4	529	11
3936	H8674	4	669	11
3937	H0018	3	199	11
3938	H0022	3	473	11
3939	H0083	3	256	11
3940	H0100	3	387	11
3941	H0101	3	477	11
3942	H0103	3	379	11
3943	H0104	3	213	11
3944	H0124	3	137	11
3945	H0132	3	168	11
3946	H0140	3	134	11
3947	H0142	3	273	11
3948	H0152	3	557	11
3949	H0163	3	173	11
3950	H0165	3	627	11
3951	H0167	3	266	11
3952	H0180	3	105	11
3953	H0181	3	228	11
3954	H0187	3	344	11
3955	H0201	3	95	11
3956	H0228	3	214	11
3957	H0233	3	164	11
3958	H0250	3	191	11
3959	H0253	3	244	11
3960	H0254	3	394	11
3961	H0260	3	358	11
3962	H0294	3	144	11
3963	H0311	3	378	11
3964	H0338	3	176	11
3965	H0344	3	186	11
3966	H0350	3	193	11
3967	H0358	3	22	11
3968	H0366	3	171	11
3969	H0368	3	148	11
3970	H0384	3	477	11
3971	H0393	3	162	11
3972	H0407	3	569	11
3973	H0416	3	16	11
3974	H0417	3	119	11
3975	H0418	3	255	11
3976	H0444	3	230	11
3977	H0473	3	573	11
3978	H0484	3	116	11
3979	H0492	3	168	11
3980	H0508	3	147	11
3981	H0563	3	431	12
3982	H0612	3	103	12
3983	H0613	3	226	12
3984	H0621	3	246	12
3985	H0625	3	242	12
3986	H0642	3	344	12
3987	H0660	3	162	12
3988	H0671	3	554	12
3989	H0677	3	165	12
3990	H0679	3	328	12
3991	H0692	3	308	12
3992	H0712	3	314	12
3993	H0714	3	121	12
3994	H0752	3	231	12
3995	H0787	3	328	12
3996	H0788	3	194	12
3997	H0813	3	429	12
3998	H0815	3	362	12
3999	H0818	3	246	12
4000	H0844	3	123	12
4001	H0852	3	244	12
4002	H0874	3	849	12
4003	H0889	3	241	12
4004	H0909	3	384	12
4005	H0938	3	240	12
4006	H0943	3	506	12
4007	H0966	3	460	12
4008	H0979	3	204	12
4009	H0986	3	85	12
4010	H1055	3	324	12
4011	H1078	3	481	12
4012	H1083	3	166	12
4013	H1093	3	341	12
4014	H1094	3	144	12
4015	H1098	3	245	12
4016	H1138	3	333	12
4017	H1169	3	258	12
4018	H1191	3	131	12
4019	H1195	3	221	12
4020	H1207	3	163	12
4021	H1209	3	204	12
4022	H1228	3	209	12
4023	H1229	3	83	12
4024	H1279	3	83	12
4025	H1294	3	219	12
4026	H1304	3	313	12
4027	H1308	3	274	12
4028	H1321	3	200	12
4029	H1335	3	425	12
4030	H1421	3	214	12
4031	H1457	3	278	12
4032	H1458	3	251	12
4033	H1462	3	473	12
4034	H1464	3	538	12
4035	H1466	3	315	12
4036	H1501	3	302	12
4037	H1503	3	316	12
4038	H1559	3	102	12
4039	H1561	3	495	12
4040	H1566	3	821	12
4041	H1578	3	177	12
4042	H1595	3	647	12
4043	H1599	3	156	12
4044	H1609	3	162	12
4045	H1611	3	381	12
4046	H1618	3	143	12
4047	H1619	3	409	12
4048	H1633	3	663	12
4049	H1665	3	343	12
4050	H1669	3	534	12
4051	H1694	3	527	12
4052	H1695	3	189	12
4053	H1699	3	578	12
4054	H1705	3	198	12
4055	H1733	3	163	12
4056	H1742	3	210	12
4057	H1748	3	892	12
4058	H1793	3	289	12
4059	H1797	3	176	12
4060	H1798	3	176	12
4061	H1799	3	297	12
4062	H1804	3	470	12
4063	H1811	3	440	12
4064	H1827	3	303	12
4065	H1849	3	422	12
4066	H1879	3	369	12
4067	H1886	3	195	12
4068	H1898	3	721	12
4069	H1899	3	442	12
4070	H1923	3	184	12
4071	H1943	3	221	12
4072	H1955	3	206	12
4073	H1983	3	77	12
4074	H2002	3	507	12
4075	H2012	3	164	12
4076	H2032	3	387	12
4077	H2075	3	330	12
4078	H2111	3	802	12
4079	H2115	3	601	12
4080	H2119	3	905	12
4081	H2123	3	1262	12
4082	H2130	3	159	12
4083	H2140	3	314	12
4084	H2152	3	368	12
4085	H2155	3	120	12
4086	H2163	3	272	12
4087	H2168	3	250	12
4088	H2177	3	371	12
4089	H2203	3	489	12
4090	H2249	3	299	12
4091	H2257	3	131	12
4092	H2288	3	314	12
4093	H2291	3	186	12
4094	H2302	3	572	12
4095	H2307	3	308	12
4096	H2310	3	315	12
4097	H2329	3	168	12
4098	H2333	3	276	12
4099	H2385	3	290	12
4100	H2414	3	371	12
4101	H2444	3	248	12
4102	H2473	3	231	12
4103	H2477	3	325	12
4104	H2508	3	182	12
4105	H2522	3	455	12
4106	H2537	3	317	12
4107	H2538	3	128	12
4108	H2564	3	386	12
4109	H2573	3	174	12
4110	H2616	3	999	12
4111	H2640	3	121	12
4112	H2646	3	330	12
4113	H2649	3	292	12
4114	H2650	3	312	12
4115	H2676	3	218	12
4116	H2686	3	797	12
4117	H2738	3	410	12
4118	H2757	3	342	12
4119	H2758	3	282	12
4120	H2772	3	53	12
4121	H2775	3	464	12
4122	H2800	3	374	12
4123	H2808	3	126	12
4124	H2830	3	449	12
4125	H2844	3	600	12
4126	H2878	3	390	12
4127	H2903	3	866	12
4128	H2939	3	209	12
4129	H2950	3	815	12
4130	H2984	3	109	12
4131	H2987	3	209	12
4132	H2991	3	633	12
4133	H2992	3	514	12
4134	H3008	3	161	12
4135	H3023	3	197	12
4136	H3032	3	419	12
4137	H3037	3	254	12
4138	H3095	3	251	12
4139	H3128	3	27	12
4140	H3156	3	238	12
4141	H3161	3	576	12
4142	H3168	3	489	12
4143	H3188	3	134	12
4144	H3193	3	145	12
4145	H3194	3	164	12
4146	H3195	3	745	12
4147	H3207	3	206	12
4148	H3208	3	159	12
4149	H3239	3	453	12
4150	H3244	3	487	12
4151	H3272	3	344	12
4152	H3277	3	319	12
4153	H3310	3	174	12
4154	H3337	3	102	12
4155	H3351	3	155	12
4156	H3353	3	137	12
4157	H3359	3	206	12
4158	H3401	3	253	12
4159	H3402	3	278	12
4160	H3404	3	194	12
4161	H3417	3	316	12
4162	H3422	3	270	12
4163	H3434	3	219	12
4164	H3437	3	250	12
4165	H3447	3	331	12
4166	H3471	3	349	12
4167	H3506	3	185	12
4168	H3520	3	343	12
4169	H3530	3	554	12
4170	H3562	3	319	12
4171	H3598	3	401	12
4172	H3619	3	299	12
4173	H3630	3	186	12
4174	H3641	3	725	12
4175	H3643	3	343	12
4176	H3646	3	322	12
4177	H3649	3	679	12
4178	H3663	3	245	12
4179	H3673	3	268	12
4180	H3698	3	277	12
4181	H3712	3	956	12
4182	H3723	3	358	12
4183	H3731	3	628	12
4184	H3732	3	235	12
4185	H3751	3	659	12
4186	H3758	3	399	12
4187	H3764	3	176	12
4188	H3787	3	438	12
4189	H3788	3	285	12
4190	H3804	3	261	12
4191	H3832	3	362	12
4192	H3834	3	114	12
4193	H3842	3	274	12
4194	H3848	3	282	12
4195	H3874	3	669	12
4196	H3896	3	822	12
4197	H3904	3	282	12
4198	H3907	3	390	12
4199	H3914	3	202	12
4200	H3918	3	229	12
4201	H3943	3	610	12
4202	H3944	3	125	12
4203	H3982	3	115	12
4204	H4001	3	225	12
4205	H4002	3	302	12
4206	H4007	3	272	12
4207	H4017	3	123	12
4208	H4042	3	429	12
4209	H4105	3	200	12
4210	H4119	3	291	12
4211	H4121	3	139	12
4212	H4149	3	82	12
4213	H4164	3	279	12
4214	H4173	3	791	12
4215	H4177	3	274	12
4216	H4180	3	452	12
4217	H4184	3	454	12
4218	H4199	3	241	12
4219	H4205	3	358	12
4220	H4206	3	476	12
4221	H4222	3	479	12
4222	H4253	3	197	12
4223	H4274	3	128	12
4224	H4281	3	354	12
4225	H4287	3	185	12
4226	H4320	3	207	12
4227	H4330	3	401	12
4228	H4351	3	315	12
4229	H4355	3	541	12
4230	H4356	3	273	12
4231	H4365	3	272	12
4232	H4377	3	323	12
4233	H4395	3	216	12
4234	H4396	3	227	12
4235	H4404	3	324	12
4236	H4416	3	130	12
4237	H4420	3	203	12
4238	H4439	3	385	12
4239	H4462	3	355	12
4240	H4474	3	318	12
4241	H4484	3	311	12
4242	H4533	3	107	12
4243	H4545	3	180	12
4244	H4556	3	74	12
4245	H4574	3	494	12
4246	H4600	3	518	12
4247	H4654	3	145	12
4248	H4659	3	209	12
4249	H4668	3	139	12
4250	H4683	3	123	12
4251	H4703	3	257	12
4252	H4712	3	264	12
4253	H4717	3	269	12
4254	H4764	3	384	12
4255	H4788	3	551	12
4256	H4817	3	242	12
4257	H4838	3	682	12
4258	H4839	3	305	12
4259	H4842	3	211	12
4260	H4844	3	337	12
4261	H4855	3	136	12
4262	H4866	3	250	12
4263	H4871	3	421	12
4264	H4875	3	351	12
4265	H4894	3	268	12
4266	H4898	3	502	12
4267	H4947	3	374	12
4268	H4977	3	193	12
4269	H4978	3	110	12
4270	H4982	3	196	12
4271	H4998	3	654	12
4272	H5016	3	190	12
4273	H5025	3	210	12
4274	H5091	3	560	12
4275	H5094	3	320	12
4276	H5096	3	226	12
4277	H5122	3	220	12
4278	H5132	3	290	12
4279	H5150	3	148	12
4280	H5161	3	148	12
4281	H5189	3	566	12
4282	H5209	3	144	12
4283	H5215	3	737	12
4284	H5220	3	315	12
4285	H5223	3	184	12
4286	H5241	3	230	12
4287	H5294	3	202	12
4288	H5305	3	202	12
4289	H5309	3	177	12
4290	H5314	3	229	12
4291	H5316	3	249	12
4292	H5350	3	430	12
4293	H5357	3	178	12
4294	H5361	3	383	12
4295	H5373	3	420	12
4296	H5378	3	1379	12
4297	H5380	3	452	12
4298	H5393	3	238	12
4299	H5400	3	469	12
4300	H5405	3	449	12
4301	H5407	3	140	12
4302	H5435	3	481	12
4303	H5447	3	177	12
4304	H5448	3	244	12
4305	H5534	3	661	12
4306	H5547	3	192	12
4307	H5563	3	423	12
4308	H5575	3	623	12
4309	H5587	3	464	12
4310	H5620	3	299	12
4311	H5646	3	428	12
4312	H5659	3	129	12
4313	H5660	3	309	12
4314	H5666	3	2123	12
4315	H5717	3	283	12
4316	H5726	3	265	12
4317	H5729	3	590	12
4318	H5740	3	277	12
4319	H5752	3	174	12
4320	H5754	3	128	12
4321	H5788	3	352	12
4322	H5807	3	217	12
4323	H5809	3	160	12
4324	H5812	3	236	12
4325	H5837	3	152	12
4326	H5847	3	432	12
4327	H5854	3	23	12
4328	H5859	3	256	12
4329	H5860	3	508	12
4330	H5879	3	226	12
4331	H5894	3	551	12
4332	H5931	3	168	12
4333	H5965	3	388	12
4334	H6004	3	474	12
4335	H6014	3	458	12
4336	H6028	3	131	12
4337	H6042	3	374	12
4338	H6059	3	306	12
4339	H6060	3	278	12
4340	H6063	3	383	12
4341	H6074	3	98	12
4342	H6076	3	588	12
4343	H6107	3	132	12
4344	H6108	3	275	12
4345	H6109	3	66	12
4346	H6111	3	165	12
4347	H6115	3	276	12
4348	H6121	3	401	12
4349	H6136	3	194	12
4350	H6142	3	106	12
4351	H6150	3	429	12
4352	H6162	3	294	12
4353	H6244	3	511	12
4354	H6253	3	1604	12
4355	H6306	3	246	12
4356	H6309	3	144	12
4357	H6331	3	3289	12
4358	H6352	3	460	12
4359	H6360	3	352	12
4360	H6369	3	307	12
4361	H6378	3	118	12
4362	H6391	3	137	12
4363	H6397	3	286	12
4364	H6411	3	197	12
4365	H6414	3	325	12
4366	H6423	3	818	12
4367	H6444	3	139	12
4368	H6481	3	354	12
4369	H6487	3	206	12
4370	H6494	3	464	12
4371	H6497	3	238	12
4372	H6503	3	525	12
4373	H6506	3	120	12
4374	H6508	3	547	12
4375	H6517	3	303	12
4376	H6519	3	329	12
4377	H6521	3	239	12
4378	H6533	3	314	12
4379	H6537	3	259	12
4380	H6573	3	789	12
4381	H6579	3	198	12
4382	H6627	3	187	12
4383	H6632	3	443	12
4384	H6648	3	183	12
4385	H6658	3	1285	12
4386	H6669	3	122	12
4387	H6676	3	143	12
4388	H6687	3	359	12
4389	H6694	3	688	12
4390	H6725	3	360	12
4391	H6727	3	173	12
4392	H6740	3	262	12
4393	H6741	3	81	12
4394	H6747	3	110	12
4395	H6748	3	223	12
4396	H6756	3	434	12
4397	H6774	3	105	12
4398	H6795	3	267	12
4399	H6801	3	533	12
4400	H6807	3	365	12
4401	H6809	3	146	12
4402	H6819	3	375	12
4403	H6825	3	231	12
4404	H6843	3	676	12
4405	H6855	3	238	12
4406	H6867	3	284	12
4407	H6880	3	187	12
4408	H6882	3	151	12
4409	H6886	3	350	12
4410	H6891	3	458	12
4411	H6933	3	259	12
4412	H6981	3	124	12
4413	H6986	3	260	12
4414	H6991	3	870	12
4415	H7001	3	310	12
4416	H7042	3	244	12
4417	H7047	3	116	12
4418	H7055	3	451	12
4419	H7061	3	355	12
4420	H7071	3	410	12
4421	H7076	3	693	12
4422	H7090	3	347	12
4423	H7095	3	282	12
4424	H7099	3	184	12
4425	H7100	3	274	12
4426	H7142	3	124	12
4427	H7192	3	373	12
4428	H7228	3	266	12
4429	H7246	3	291	12
4430	H7250	3	737	12
4431	H7284	3	283	12
4432	H7286	3	676	12
4433	H7302	3	326	12
4434	H7304	3	585	12
4435	H7332	3	339	12
4436	H7363	3	646	12
4437	H7395	3	150	12
4438	H7448	3	441	12
4439	H7452	3	426	12
4440	H7459	3	158	12
4441	H7460	3	443	12
4442	H7463	3	341	12
4443	H7464	3	151	12
4444	H7475	3	179	12
4445	H7499	3	134	12
4446	H7534	3	2597	12
4447	H7536	3	191	12
4448	H7589	3	311	12
4449	H7590	3	355	12
4450	H7674	3	281	12
4451	H7678	3	93	12
4452	H7680	3	204	12
4453	H7687	3	191	12
4454	H7688	3	519	12
4455	H7697	3	355	12
4456	H7702	3	308	12
4457	H7708	3	868	12
4458	H7710	3	302	12
4459	H7720	3	365	12
4460	H7728	3	235	12
4461	H7743	3	884	12
4462	H7758	3	246	12
4463	H7766	3	269	12
4464	H7770	3	217	12
4465	H7771	3	590	12
4466	H7783	3	660	12
4467	H7786	3	737	12
4468	H7788	3	648	12
4469	H7805	3	243	12
4470	H7811	3	348	12
4471	H7844	3	232	12
4472	H7862	3	279	12
4473	H7881	3	287	12
4474	H7908	3	144	12
4475	H7924	3	84	12
4476	H7928	3	108	12
4477	H7943	3	250	12
4478	H7948	3	356	12
4479	H7957	3	293	12
4480	H7964	3	344	12
4481	H7966	3	241	12
4482	H8013	3	373	12
4483	H8061	3	208	12
4484	H8128	3	1770	12
4485	H8132	3	22	12
4486	H8168	3	292	12
4487	H8169	3	345	12
4488	H8177	3	146	12
4489	H8189	3	349	12
4490	H8206	3	204	12
4491	H8232	3	360	12
4492	H8294	3	288	12
4493	H8295	3	523	12
4494	H8299	3	275	12
4495	H8311	3	607	12
4496	H8321	3	164	12
4497	H8344	3	209	12
4498	H8402	3	225	12
4499	H8405	3	300	12
4500	H8420	3	176	12
4501	H8472	3	110	12
4502	H8511	3	661	12
4503	H8540	3	216	12
4504	H8563	3	315	12
4505	H8580	3	500	12
4506	H8584	3	172	12
4507	H8587	3	220	12
4508	H8604	3	280	12
4509	H8626	3	673	12
4510	H8630	3	789	12
4511	H8633	3	240	12
4512	H8650	3	325	12
4513	H8653	3	136	12
4514	H8669	3	406	12
4515	H0003	2	560	12
4516	H0008	2	117	12
4517	H0028	2	175	12
4518	H0037	2	104	12
4519	H0039	2	226	12
4520	H0045	2	344	12
4521	H0051	2	158	12
4522	H0070	2	774	12
4523	H0075	2	161	12
4524	H0076	2	273	12
4525	H0078	2	161	12
4526	H0079	2	322	12
4527	H0105	2	949	12
4528	H0106	2	259	12
4529	H0108	2	551	12
4530	H0110	2	254	12
4531	H0112	2	87	12
4532	H0131	2	73	12
4533	H0141	2	157	12
4534	H0145	2	244	12
4535	H0146	2	238	12
4536	H0148	2	255	12
4537	H0150	2	1718	12
4538	H0151	2	147	12
4539	H0158	2	174	12
4540	H0161	2	76	12
4541	H0189	2	100	12
4542	H0195	2	451	12
4543	H0210	2	620	12
4544	H0230	2	692	12
4545	H0242	2	195	12
4546	H0243	2	129	12
4547	H0244	2	180	12
4548	H0246	2	210	12
4549	H0248	2	232	12
4550	H0279	2	90	12
4551	H0304	2	422	12
4552	H0305	2	354	12
4553	H0306	2	385	12
4554	H0327	2	295	12
4555	H0334	2	173	12
4556	H0337	2	215	12
4557	H0364	2	276	12
4558	H0391	2	300	12
4559	H0419	2	325	12
4560	H0420	2	114	12
4561	H0432	2	141	12
4562	H0438	2	104	12
4563	H0439	2	122	12
4564	H0442	2	98	12
4565	H0443	2	172	12
4566	H0448	2	133	12
4567	H0455	2	108	12
4568	H0463	2	276	12
4569	H0466	2	118	12
4570	H0474	2	161	12
4571	H0480	2	152	12
4572	H0486	2	197	12
4573	H0495	2	228	12
4574	H0513	2	162	12
4575	H0514	2	173	12
4576	H0525	2	390	12
4577	H0528	2	654	12
4578	H0534	2	250	12
4579	H0546	2	104	12
4580	H0548	2	208	12
4581	H0549	2	263	12
4582	H0554	2	164	12
4583	H0557	2	120	12
4584	H0566	2	111	12
4585	H0569	2	225	12
4586	H0573	2	137	12
4587	H0578	2	104	12
4588	H0592	2	116	12
4589	H0596	2	286	12
4590	H0600	2	457	12
4591	H0601	2	160	12
4592	H0614	2	389	12
4593	H0618	2	135	12
4594	H0640	2	243	12
4595	H0649	2	76	12
4596	H0654	2	144	12
4597	H0658	2	317	12
4598	H0666	2	184	12
4599	H0675	2	328	12
4600	H0678	2	475	12
4601	H0683	2	187	12
4602	H0684	2	130	12
4603	H0685	2	173	12
4604	H0695	2	112	12
4605	H0696	2	175	12
4606	H0708	2	323	12
4607	H0717	2	229	12
4608	H0719	2	237	12
4609	H0721	2	174	12
4610	H0722	2	157	12
4611	H0735	2	450	12
4612	H0736	2	235	12
4613	H0739	2	761	12
4614	H0741	2	506	12
4615	H0754	2	120	12
4616	H0765	2	124	12
4617	H0768	2	169	12
4618	H0786	2	198	12
4619	H0790	2	249	12
4620	H0794	2	348	12
4621	H0805	2	322	12
4622	H0806	2	251	12
4623	H0814	2	111	12
4624	H0822	2	152	12
4625	H0823	2	151	12
4626	H0825	2	326	12
4627	H0829	2	255	12
4628	H0846	2	392	12
4629	H0849	2	77	12
4630	H0850	2	121	12
4631	H0882	2	158	12
4632	H0891	2	256	12
4633	H0901	2	115	12
4634	H0904	2	166	12
4635	H0908	2	295	12
4636	H0911	2	114	12
4637	H0916	2	604	12
4638	H0917	2	295	12
4639	H0932	2	263	12
4640	H0940	2	128	12
4641	H0944	2	263	12
4642	H0958	2	161	12
4643	H0967	2	367	12
4644	H1003	2	204	12
4645	H1009	2	299	12
4646	H1010	2	428	12
4647	H1011	2	139	12
4648	H1013	2	212	12
4649	H1014	2	160	12
4650	H1015	2	378	12
4651	H1017	2	93	12
4652	H1018	2	117	12
4653	H1019	2	96	12
4654	H1025	2	193	12
4655	H1027	2	327	12
4656	H1029	2	133	12
4657	H1033	2	119	12
4658	H1034	2	188	12
4659	H1036	2	219	12
4660	H1040	2	312	12
4661	H1041	2	308	12
4662	H1042	2	359	12
4663	H1048	2	122	12
4664	H1051	2	104	12
4665	H1054	2	166	12
4666	H1066	2	390	12
4667	H1074	2	209	12
4668	H1081	2	367	12
4669	H1095	2	397	12
4670	H1105	2	302	12
4671	H1110	2	602	12
4672	H1114	2	166	12
4673	H1125	2	139	12
4674	H1126	2	124	12
4675	H1127	2	114	12
4676	H1128	2	104	12
4677	H1132	2	124	12
4678	H1133	2	102	12
4679	H1134	2	109	12
4680	H1135	2	84	12
4681	H1139	2	257	12
4682	H1150	2	85	12
4683	H1151	2	176	12
4684	H1153	2	183	12
4685	H1159	2	172	12
4686	H1161	2	184	12
4687	H1163	2	269	12
4688	H1174	2	136	12
4689	H1175	2	143	12
4690	H1178	2	297	12
4691	H1190	2	216	12
4692	H1192	2	189	12
4693	H1193	2	125	12
4694	H1205	2	70	12
4695	H1213	2	157	12
4696	H1216	2	187	12
4697	H1218	2	220	12
4698	H1220	2	454	12
4699	H1226	2	290	12
4700	H1227	2	105	12
4701	H1232	2	125	12
4702	H1233	2	189	12
4703	H1235	2	235	12
4704	H1253	2	445	12
4705	H1255	2	188	12
4706	H1260	2	140	12
4707	H1268	2	407	12
4708	H1287	2	97	12
4709	H1292	2	196	12
4710	H1302	2	157	12
4711	H1303	2	632	12
4712	H1311	2	151	12
4713	H1325	2	197	12
4714	H1334	2	163	12
4715	H1337	2	166	12
4716	H1340	2	350	12
4717	H1359	2	732	12
4718	H1360	2	482	12
4719	H1365	2	65	12
4720	H1370	2	121	12
4721	H1376	2	56	12
4722	H1382	2	317	12
4723	H1383	2	165	12
4724	H1386	2	411	12
4725	H1403	2	276	12
4726	H1407	2	191	12
4727	H1411	2	303	12
4728	H1412	2	210	12
4729	H1414	2	168	12
4730	H1417	2	264	12
4731	H1424	2	189	12
4732	H1434	2	356	12
4733	H1437	2	182	12
4734	H1444	2	907	12
4735	H1449	2	162	12
4736	H1450	2	91	12
4737	H1468	2	347	12
4738	H1469	2	276	12
4739	H1480	2	217	12
4740	H1484	2	268	12
4741	H1485	2	135	12
4742	H1495	2	188	12
4743	H1502	2	181	12
4744	H1506	2	157	12
4745	H1510	2	108	12
4746	H1512	2	242	12
4747	H1515	2	124	12
4748	H1525	2	247	12
4749	H1526	2	346	12
4750	H1527	2	77	12
4751	H1542	2	194	12
4752	H1549	2	396	12
4753	H1554	2	132	12
4754	H1557	2	99	12
4755	H1560	2	122	12
4756	H1567	2	294	12
4757	H1570	2	298	12
4758	H1572	2	497	12
4759	H1591	2	164	12
4760	H1592	2	290	12
4761	H1600	2	126	12
4762	H1638	2	369	12
4763	H1643	2	349	12
4764	H1659	2	242	12
4765	H1664	2	196	12
4766	H1666	2	93	12
4767	H1716	2	339	12
4768	H1718	2	604	12
4769	H1721	2	300	12
4770	H1726	2	171	12
4771	H1741	2	259	12
4772	H1744	2	356	12
4773	H1745	2	215	12
4774	H1752	2	1302	12
4775	H1754	2	727	12
4776	H1762	2	107	12
4777	H1766	2	306	12
4778	H1771	2	23	12
4779	H1772	2	143	12
4780	H1774	2	108	12
4781	H1775	2	74	12
4782	H1781	2	82	12
4783	H1805	2	254	12
4784	H1812	2	219	12
4785	H1830	2	225	12
4786	H1838	2	402	12
4787	H1850	2	395	12
4788	H1853	2	163	12
4789	H1860	2	523	12
4790	H1861	2	669	12
4791	H1863	2	191	12
4792	H1866	2	275	12
4793	H1874	2	571	12
4794	H1876	2	400	12
4795	H1883	2	121	12
4796	H1884	2	260	12
4797	H1887	2	108	12
4798	H1888	2	1311	12
4799	H1901	2	311	12
4800	H1910	2	515	12
4801	H1912	2	328	12
4802	H1917	2	224	12
4803	H1930	2	122	12
4804	H1956	2	268	12
4805	H1963	2	326	12
4806	H1974	2	434	12
4807	H1976	2	137	12
4808	H1982	2	367	12
4809	H1985	2	193	12
4810	H1999	2	377	12
4811	H2016	2	400	12
4812	H2068	2	165	12
4813	H2070	2	439	12
4814	H2096	2	277	12
4815	H2097	2	277	12
4816	H2099	2	914	12
4817	H2106	2	488	12
4818	H2107	2	202	12
4819	H2118	2	264	12
4820	H2124	2	99	12
4821	H2125	2	119	12
4822	H2175	2	158	12
4823	H2179	2	318	12
4824	H2190	2	225	12
4825	H2198	2	90	12
4826	H2210	2	650	12
4827	H2221	2	296	12
4828	H2229	2	336	12
4829	H2231	2	140	12
4830	H2235	2	232	12
4831	H2241	2	388	12
4832	H2246	2	246	12
4833	H2252	2	329	12
4834	H2261	2	481	12
4835	H2264	2	152	12
4836	H2265	2	220	12
4837	H2286	2	259	12
4838	H2301	2	267	12
4839	H2304	2	246	12
4840	H2312	2	343	12
4841	H2313	2	223	12
4842	H2332	2	394	12
4843	H2343	2	182	12
4844	H2352	2	265	12
4845	H2353	2	449	12
4846	H2362	2	898	12
4847	H2369	2	191	12
4848	H2379	2	178	12
4849	H2387	2	482	12
4850	H2390	2	61	12
4851	H2410	2	254	12
4852	H2411	2	180	12
4853	H2412	2	439	12
4854	H2415	2	262	12
4855	H2431	2	290	12
4856	H2437	2	304	12
4857	H2443	2	361	12
4858	H2446	2	226	12
4859	H2453	2	156	12
4860	H2458	2	267	12
4861	H2468	2	104	12
4862	H2469	2	205	12
4863	H2481	2	217	12
4864	H2488	2	151	12
4865	H2489	2	622	12
4866	H2500	2	219	12
4867	H2507	2	135	12
4868	H2520	2	182	12
4869	H2521	2	235	12
4870	H2525	2	329	12
4871	H2528	2	70	12
4872	H2540	2	181	12
4873	H2551	2	244	12
4874	H2559	2	282	12
4875	H2565	2	25	12
4876	H2575	2	728	12
4877	H2576	2	175	12
4878	H2577	2	133	12
4879	H2578	2	696	12
4880	H2591	2	15	12
4881	H2592	2	381	12
4882	H2614	2	281	12
4883	H2629	2	391	12
4884	H2631	2	366	12
4885	H2632	2	102	12
4886	H2634	2	150	12
4887	H2639	2	150	12
4888	H2669	2	241	12
4889	H2675	2	190	12
4890	H2684	2	276	12
4891	H2685	2	249	12
4892	H2687	2	339	12
4893	H2692	2	199	12
4894	H2693	2	154	12
4895	H2694	2	259	12
4896	H2695	2	258	12
4897	H2697	2	163	12
4898	H2700	2	817	12
4899	H2701	2	277	12
4900	H2703	2	308	12
4901	H2709	2	138	12
4902	H2712	2	511	12
4903	H2726	2	201	12
4904	H2732	2	116	12
4905	H2733	2	253	12
4906	H2744	2	485	12
4907	H2747	2	352	12
4908	H2754	2	252	12
4909	H2756	2	310	12
4910	H2770	2	110	12
4911	H2776	2	738	12
4912	H2784	2	337	12
4913	H2791	2	621	12
4914	H2797	2	135	12
4915	H2810	2	432	12
4916	H2813	2	197	12
4917	H2817	2	151	12
4918	H2818	2	270	12
4919	H2832	2	341	12
4920	H2842	2	340	12
4921	H2853	2	432	12
4922	H2855	2	249	12
4923	H2869	2	141	12
4924	H2870	2	675	12
4925	H2872	2	425	12
4926	H2884	2	142	12
4927	H2899	2	278	12
4928	H2901	2	388	12
4929	H2906	2	150	12
4930	H2910	2	585	12
4931	H2917	2	140	12
4932	H2928	2	237	12
4933	H2946	2	401	12
4934	H2951	2	539	12
4935	H2953	2	209	12
4936	H2956	2	608	12
4937	H2960	2	252	12
4938	H2961	2	277	12
4939	H2965	2	136	12
4940	H2988	2	168	12
4941	H2993	2	223	12
4942	H2995	2	240	12
4943	H3006	2	160	12
4944	H3009	2	147	12
4945	H3011	2	164	12
4946	H3016	2	99	12
4947	H3026	2	179	12
4948	H3029	2	177	12
4949	H3035	2	262	12
4950	H3042	2	282	12
4951	H3047	2	157	12
4952	H3080	2	266	12
4953	H3085	2	480	12
4954	H3086	2	420	12
4955	H3093	2	203	12
4956	H3094	2	156	12
4957	H3109	2	172	12
4958	H3115	2	278	12
4959	H3121	2	319	12
4960	H3135	2	295	12
4961	H3138	2	344	12
4962	H3142	2	112	12
4963	H3165	2	164	12
4964	H3172	2	110	12
4965	H3177	2	126	12
4966	H3180	2	337	12
4967	H3183	2	222	12
4968	H3203	2	312	12
4969	H3217	2	209	12
4970	H3223	2	134	12
4971	H3227	2	208	12
4972	H3228	2	299	12
4973	H3235	2	232	12
4974	H3269	2	134	12
4975	H3279	2	165	12
4976	H3294	2	136	12
4977	H3296	2	231	12
4978	H3300	2	140	12
4979	H3304	2	322	12
4980	H3314	2	114	12
4981	H3333	2	144	12
4982	H3349	2	329	12
4983	H3350	2	176	12
4984	H3356	2	179	12
4985	H3358	2	200	12
4986	H3360	2	230	12
4987	H3361	2	389	12
4988	H3371	2	375	12
4989	H3376	2	255	12
4990	H3377	2	478	12
4991	H3388	2	166	12
4992	H3392	2	137	12
4993	H3397	2	558	12
4994	H3398	2	99	12
4995	H3399	2	924	12
4996	H3415	2	223	12
4997	H3424	2	137	12
4998	H3429	2	193	12
4999	H3430	2	191	12
5000	H3433	2	110	12
5001	H3435	2	124	12
5002	H3436	2	125	12
5003	H3438	2	106	12
5004	H3460	2	177	12
5005	H3466	2	303	12
5006	H3502	2	181	12
5007	H3507	2	105	12
5008	H3509	2	123	12
5009	H3521	2	545	12
5010	H3523	2	279	12
5011	H3525	2	312	12
5012	H3539	2	549	12
5013	H3554	2	373	12
5014	H3555	2	69	12
5015	H3558	2	166	12
5016	H3561	2	320	12
5017	H3565	2	78	12
5018	H3575	2	318	12
5019	H3579	2	90	12
5020	H3596	2	256	12
5021	H3620	2	272	12
5022	H3624	2	275	12
5023	H3625	2	248	12
5024	H3628	2	19	12
5025	H3631	2	277	12
5026	H3633	2	306	12
5027	H3634	2	1086	12
5028	H3677	2	414	12
5029	H3681	2	112	12
5030	H3683	2	438	12
5031	H3690	2	158	12
5032	H3691	2	345	12
5033	H3695	2	258	12
5034	H3697	2	296	12
5035	H3703	2	231	12
5036	H3704	2	414	12
5037	H3710	2	212	12
5038	H3718	2	294	12
5039	H3720	2	198	12
5040	H3746	2	292	12
5041	H3747	2	471	12
5042	H3749	2	160	12
5043	H3763	2	100	12
5044	H3814	2	414	12
5045	H3818	2	157	12
5046	H3838	2	133	12
5047	H3839	2	335	12
5048	H3846	2	132	12
5049	H3853	2	209	12
5050	H3856	2	437	12
5051	H3859	2	232	12
5052	H3860	2	422	12
5053	H3872	2	260	12
5054	H3873	2	142	12
5055	H3880	2	182	12
5056	H3886	2	850	12
5057	H3894	2	1042	12
5058	H3910	2	569	12
5059	H3927	2	133	12
5060	H3934	2	293	12
5061	H3951	2	192	12
5062	H3954	2	407	12
5063	H3955	2	357	12
5064	H3958	2	440	12
5065	H3959	2	410	12
5066	H3960	2	271	12
5067	H3968	2	281	12
5068	H3980	2	87	12
5069	H3983	2	74	12
5070	H3998	2	229	12
5071	H4004	2	224	12
5072	H4008	2	83	12
5073	H4014	2	292	12
5074	H4025	2	566	12
5075	H4027	2	186	12
5076	H4028	2	224	12
5077	H4034	2	261	12
5078	H4035	2	68	12
5079	H4038	2	938	12
5080	H4048	2	433	12
5081	H4051	2	561	12
5082	H4063	2	218	12
5083	H4064	2	193	12
5084	H4068	2	267	12
5085	H4071	2	167	12
5086	H4089	2	325	12
5087	H4091	2	89	12
5088	H4095	2	140	12
5089	H4097	2	369	12
5090	H4112	2	291	12
5091	H4117	2	933	12
5092	H4126	2	230	12
5093	H4129	2	379	12
5094	H4143	2	201	12
5095	H4145	2	360	12
5096	H4163	2	265	12
5097	H4166	2	164	12
5098	H4168	2	246	12
5099	H4179	2	240	12
5100	H4182	2	216	12
5101	H4183	2	132	12
5102	H4188	2	142	12
5103	H4202	2	253	12
5104	H4203	2	94	12
5105	H4214	2	258	12
5106	H4220	2	345	12
5107	H4224	2	228	12
5108	H4226	2	182	12
5109	H4232	2	608	12
5110	H4238	2	325	12
5111	H4240	2	186	12
5112	H4250	2	307	12
5113	H4254	2	186	12
5114	H4257	2	284	12
5115	H4258	2	190	12
5116	H4259	2	211	12
5117	H4271	2	128	12
5118	H4275	2	119	12
5119	H4290	2	329	12
5120	H4304	2	132	12
5121	H4308	2	292	12
5122	H4312	2	129	12
5123	H4313	2	209	12
5124	H4322	2	239	12
5125	H4337	2	104	12
5126	H4358	2	131	12
5127	H4364	2	343	12
5128	H4366	2	326	12
5129	H4373	2	138	12
5130	H4378	2	830	12
5131	H4384	2	563	12
5132	H4388	2	333	12
5133	H4398	2	93	12
5134	H4412	2	223	12
5135	H4413	2	212	12
5136	H4418	2	149	12
5137	H4426	2	276	12
5138	H4429	2	851	12
5139	H4433	2	103	12
5140	H4453	2	342	12
5141	H4454	2	486	12
5142	H4463	2	324	12
5143	H4464	2	448	12
5144	H4469	2	230	12
5145	H4477	2	201	12
5146	H4482	2	475	12
5147	H4489	2	127	12
5148	H4491	2	109	12
5149	H4499	2	172	12
5150	H4511	2	406	12
5151	H4555	2	205	12
5152	H4560	2	535	12
5153	H4575	2	563	12
5154	H4580	2	178	12
5155	H4587	2	90	12
5156	H4590	2	200	12
5157	H4618	2	318	12
5158	H4621	2	114	12
5159	H4642	2	168	12
5160	H4666	2	232	12
5161	H4675	2	349	12
5162	H4684	2	255	12
5163	H4690	2	398	12
5164	H4707	2	110	12
5165	H4715	2	139	12
5166	H4716	2	406	12
5167	H4718	2	151	12
5168	H4721	2	140	12
5169	H4722	2	136	12
5170	H4730	2	106	12
5171	H4737	2	379	12
5172	H4738	2	137	12
5173	H4742	2	257	12
5174	H4747	2	115	12
5175	H4750	2	138	12
5176	H4754	2	478	12
5177	H4757	2	312	12
5178	H4765	2	129	12
5179	H4766	2	316	12
5180	H4769	2	250	12
5181	H4778	2	149	12
5182	H4779	2	158	12
5183	H4792	2	326	12
5184	H4802	2	223	12
5185	H4808	2	217	12
5186	H4824	2	178	12
5187	H4836	2	106	12
5188	H4854	2	437	12
5189	H4859	2	206	12
5190	H4861	2	261	12
5191	H4862	2	175	12
5192	H4876	2	174	12
5193	H4880	2	191	12
5194	H4881	2	369	12
5195	H4893	2	150	12
5196	H4895	2	120	12
5197	H4897	2	316	12
5198	H4901	2	310	12
5199	H4915	2	273	12
5200	H4917	2	573	12
5201	H4919	2	157	12
5202	H4942	2	781	12
5203	H4949	2	248	12
5204	H4951	2	67	12
5205	H4955	2	310	12
5206	H4957	2	325	12
5207	H4967	2	257	12
5208	H4980	2	155	12
5209	H4986	2	200	12
5210	H4989	2	129	12
5211	H4990	2	196	12
5212	H5004	2	198	12
5213	H5008	2	247	12
5214	H5010	2	379	12
5215	H5023	2	284	12
5216	H5052	2	113	12
5217	H5056	2	194	12
5218	H5073	2	407	12
5219	H5077	2	770	12
5220	H5099	2	109	12
5221	H5100	2	205	12
5222	H5101	2	219	12
5223	H5108	2	266	12
5224	H5115	2	1054	12
5225	H5118	2	21	12
5226	H5129	2	166	12
5227	H5160	2	256	12
5228	H5165	2	87	12
5229	H5170	2	155	12
5230	H5171	2	308	12
5231	H5173	2	216	12
5232	H5188	2	203	12
5233	H5198	2	402	12
5234	H5199	2	203	12
5235	H5208	2	210	12
5236	H5212	2	415	12
5237	H5214	2	165	12
5238	H5219	2	522	12
5239	H5232	2	205	12
5240	H5235	2	153	12
5241	H5238	2	464	12
5242	H5244	2	581	12
5243	H5249	2	347	12
5244	H5264	2	356	12
5245	H5268	2	538	12
5246	H5285	2	131	12
5247	H5296	2	270	12
5248	H5299	2	418	12
5249	H5313	2	80	12
5250	H5318	2	276	12
5251	H5320	2	350	12
5252	H5328	2	366	12
5253	H5332	2	117	12
5254	H5335	2	158	12
5255	H5349	2	352	12
5256	H5363	2	186	12
5257	H5366	2	164	12
5258	H5384	2	514	12
5259	H5390	2	161	12
5260	H5398	2	405	12
5261	H5403	2	136	12
5262	H5406	2	267	12
5263	H5419	2	619	12
5264	H5427	2	443	12
5265	H5436	2	264	12
5266	H5440	2	403	12
5267	H5454	2	574	12
5268	H5455	2	207	12
5269	H5458	2	278	12
5270	H5465	2	324	12
5271	H5479	2	153	12
5272	H5482	2	554	12
5273	H5487	2	285	12
5274	H5499	2	184	12
5275	H5502	2	2129	12
5276	H5513	2	306	12
5277	H5517	2	213	12
5278	H5524	2	428	12
5279	H5533	2	660	12
5280	H5540	2	101	12
5281	H5544	2	343	12
5282	H5555	2	219	12
5283	H5558	2	139	12
5284	H5562	2	349	12
5285	H5568	2	269	12
5286	H5581	2	232	12
5287	H5589	2	129	12
5288	H5597	2	147	12
5289	H5602	2	511	12
5290	H5607	2	659	12
5291	H5618	2	195	12
5292	H5622	2	433	12
5293	H5624	2	116	12
5294	H5630	2	187	12
5295	H5642	2	158	12
5296	H5653	2	237	12
5297	H5657	2	151	12
5298	H5664	2	285	12
5299	H5669	2	156	12
5300	H5684	2	168	12
5301	H5690	2	222	12
5302	H5693	2	611	12
5303	H5694	2	187	12
5304	H5698	2	216	12
5305	H5706	2	409	12
5306	H5728	2	192	12
5307	H5733	2	171	12
5308	H5734	2	222	12
5309	H5741	2	361	12
5310	H5759	2	315	12
5311	H5762	2	160	12
5312	H5764	2	255	12
5313	H5765	2	194	12
5314	H5779	2	271	12
5315	H5781	2	273	12
5316	H5793	2	170	12
5317	H5808	2	88	12
5318	H5817	2	161	12
5319	H5822	2	296	12
5320	H5824	2	158	12
5321	H5841	2	144	12
5322	H5864	2	272	12
5323	H5876	2	112	12
5324	H5877	2	91	12
5325	H5878	2	129	12
5326	H5880	2	182	12
5327	H5882	2	95	12
5328	H5884	2	156	12
5329	H5887	2	320	12
5330	H5890	2	131	12
5331	H5893	2	257	12
5332	H5897	2	85	12
5333	H5898	2	171	12
5334	H5902	2	111	12
5335	H5905	2	167	12
5336	H5906	2	308	12
5337	H5908	2	303	12
5338	H5914	2	175	12
5339	H5933	2	136	12
5340	H5935	2	149	12
5341	H5942	2	142	12
5342	H5958	2	168	12
5343	H5987	2	71	12
5344	H6020	2	118	12
5345	H6024	2	175	12
5346	H6027	2	122	12
5347	H6029	2	281	12
5348	H6037	2	358	12
5349	H6043	2	160	12
5350	H6047	2	179	12
5351	H6055	2	333	12
5352	H6066	2	128	12
5353	H6067	2	402	12
5354	H6075	2	805	12
5355	H6103	2	342	12
5356	H6128	2	189	12
5357	H6139	2	147	12
5358	H6143	2	133	12
5359	H6145	2	448	12
5360	H6156	2	329	12
5361	H6161	2	260	12
5362	H6176	2	337	12
5363	H6179	2	91	12
5364	H6188	2	516	12
5365	H6196	2	164	12
5366	H6201	2	554	12
5367	H6204	2	86	12
5368	H6207	2	293	12
5369	H6208	2	553	12
5370	H6226	2	160	12
5371	H6245	2	560	12
5372	H6257	2	542	12
5373	H6267	2	442	12
5374	H6278	2	136	12
5375	H6280	2	540	12
5376	H6281	2	317	12
5377	H6282	2	237	12
5378	H6289	2	316	12
5379	H6294	2	122	12
5380	H6296	2	307	12
5381	H6303	2	131	12
5382	H6318	2	139	12
5383	H6321	2	148	12
5384	H6325	2	334	12
5385	H6328	2	394	12
5386	H6333	2	237	12
5387	H6339	2	294	12
5388	H6348	2	294	12
5389	H6364	2	518	12
5390	H6368	2	129	12
5391	H6373	2	152	12
5392	H6377	2	232	12
5393	H6383	2	274	12
5394	H6404	2	177	12
5395	H6406	2	183	12
5396	H6409	2	125	12
5397	H6425	2	121	12
5398	H6431	2	168	12
5399	H6447	2	88	12
5400	H6464	2	139	12
5401	H6478	2	299	12
5402	H6489	2	250	12
5403	H6493	2	151	12
5404	H6495	2	263	12
5405	H6513	2	62	12
5406	H6514	2	257	12
5407	H6520	2	338	12
5408	H6538	2	207	12
5409	H6545	2	803	12
5410	H6550	2	186	12
5411	H6563	2	110	12
5412	H6575	2	126	12
5413	H6589	2	275	12
5414	H6590	2	313	12
5415	H6596	2	507	12
5416	H6599	2	438	12
5417	H6604	2	340	12
5418	H6610	2	132	12
5419	H6613	2	131	12
5420	H6625	2	110	12
5421	H6628	2	576	12
5422	H6638	2	294	12
5423	H6645	2	163	12
5424	H6646	2	75	12
5425	H6650	2	297	12
5426	H6655	2	225	12
5427	H6657	2	400	12
5428	H6660	2	108	12
5429	H6674	2	122	12
5430	H6688	2	191	12
5431	H6690	2	173	12
5432	H6712	2	220	12
5433	H6724	2	166	12
5434	H6739	2	390	12
5435	H6751	2	484	12
5436	H6758	2	108	12
5437	H6762	2	250	12
5438	H6768	2	155	12
5439	H6769	2	201	12
5440	H6782	2	353	12
5441	H6783	2	174	12
5442	H6786	2	672	12
5443	H6787	2	222	12
5444	H6791	2	347	12
5445	H6792	2	145	12
5446	H6794	2	330	12
5447	H6796	2	238	12
5448	H6800	2	404	12
5449	H6815	2	532	12
5450	H6847	2	511	12
5451	H6856	2	422	12
5452	H6864	2	454	12
5453	H6868	2	531	12
5454	H6873	2	695	12
5455	H6890	2	216	12
5456	H6907	2	303	12
5457	H6916	2	822	12
5458	H6920	2	567	12
5459	H6929	2	124	12
5460	H6952	2	122	12
5461	H6954	2	115	12
5462	H6959	2	262	12
5463	H6964	2	246	12
5464	H6971	2	465	12
5465	H6977	2	183	12
5466	H6980	2	218	12
5467	H6995	2	159	12
5468	H7010	2	116	12
5469	H7011	2	236	12
5470	H7026	2	130	12
5471	H7037	2	416	12
5472	H7044	2	233	12
5473	H7057	2	613	12
5474	H7059	2	305	12
5475	H7060	2	174	12
5476	H7072	2	113	12
5477	H7079	2	601	12
5478	H7094	2	408	12
5479	H7106	2	208	12
5480	H7124	2	288	12
5481	H7132	2	159	12
5482	H7148	2	267	12
5483	H7155	2	115	12
5484	H7159	2	832	12
5485	H7163	2	140	12
5486	H7164	2	296	12
5487	H7166	2	171	12
5488	H7170	2	463	12
5489	H7177	2	155	12
5490	H7187	2	162	12
5491	H7188	2	550	12
5492	H7189	2	451	12
5493	H7191	2	255	12
5494	H7196	2	493	12
5495	H7215	2	348	12
5496	H7232	2	228	12
5497	H7240	2	158	12
5498	H7242	2	128	12
5499	H7254	2	92	12
5500	H7255	2	105	12
5501	H7263	2	170	12
5502	H7274	2	160	12
5503	H7278	2	95	12
5504	H7285	2	322	12
5505	H7289	2	244	12
5506	H7293	2	342	12
5507	H7299	2	86	12
5508	H7305	2	113	12
5509	H7309	2	267	12
5510	H7310	2	629	12
5511	H7316	2	189	12
5512	H7318	2	232	12
5513	H7329	2	356	12
5514	H7330	2	194	12
5515	H7334	2	128	12
5516	H7338	2	230	12
5517	H7360	2	299	12
5518	H7366	2	131	12
5519	H7367	2	106	12
5520	H7380	2	153	12
5521	H7383	2	425	12
5522	H7384	2	520	12
5523	H7388	2	245	12
5524	H7405	2	333	12
5525	H7446	2	206	12
5526	H7447	2	485	12
5527	H7454	2	126	12
5528	H7470	2	106	12
5529	H7490	2	214	12
5530	H7492	2	288	12
5531	H7498	2	630	12
5532	H7502	2	578	12
5533	H7511	2	848	12
5534	H7524	2	315	12
5535	H7530	2	276	12
5536	H7537	2	243	12
5537	H7545	2	155	12
5538	H7567	2	224	12
5539	H7569	2	450	12
5540	H7570	2	476	12
5541	H7575	2	106	12
5542	H7576	2	353	12
5543	H7610	2	149	12
5544	H7618	2	152	12
5545	H7630	2	134	12
5546	H7631	2	128	12
5547	H7635	2	363	12
5548	H7660	2	479	12
5549	H7664	2	94	12
5550	H7670	2	245	12
5551	H7679	2	525	12
5552	H7689	2	108	12
5553	H7692	2	319	12
5554	H7694	2	480	12
5555	H7700	2	559	12
5556	H7705	2	463	12
5557	H7724	2	269	12
5558	H7731	2	274	12
5559	H7739	2	264	12
5560	H7740	2	88	12
5561	H7744	2	358	12
5562	H7749	2	162	12
5563	H7753	2	250	12
5564	H7754	2	240	12
5565	H7759	2	314	12
5566	H7763	2	212	12
5567	H7764	2	175	12
5568	H7769	2	285	12
5569	H7777	2	242	12
5570	H7809	2	525	12
5571	H7823	2	220	12
5572	H7825	2	160	12
5573	H7828	2	290	12
5574	H7829	2	295	12
5575	H7846	2	391	12
5576	H7867	2	276	12
5577	H7874	2	424	12
5578	H7882	2	112	12
5579	H7884	2	316	12
5580	H7897	2	187	12
5581	H7913	2	272	12
5582	H7938	2	114	12
5583	H7940	2	152	12
5584	H7947	2	347	12
5585	H7952	2	352	12
5586	H7975	2	438	12
5587	H7977	2	129	12
5588	H7983	2	183	12
5589	H7994	2	208	12
5590	H8006	2	100	12
5591	H8014	2	323	12
5592	H8022	2	388	12
5593	H8026	2	353	12
5594	H8037	2	77	12
5595	H8044	2	183	12
5596	H8078	2	158	12
5597	H8097	2	125	12
5598	H8100	2	153	12
5599	H8102	2	154	12
5600	H8107	2	171	12
5601	H8143	2	459	12
5602	H8162	2	476	12
5603	H8166	2	129	12
5604	H8170	2	125	12
5605	H8174	2	497	12
5606	H8187	2	97	12
5607	H8192	2	480	12
5608	H8195	2	118	12
5609	H8196	2	185	12
5610	H8197	2	243	12
5611	H8209	2	77	12
5612	H8211	2	112	12
5613	H8216	2	140	12
5614	H8221	2	160	12
5615	H8234	2	122	12
5616	H8240	2	302	12
5617	H8250	2	240	12
5618	H8261	2	249	12
5619	H8268	2	234	12
5620	H8270	2	607	12
5621	H8273	2	161	12
5622	H8276	2	379	12
5623	H8280	2	395	12
5624	H8281	2	962	12
5625	H8288	2	219	12
5626	H8292	2	565	12
5627	H8296	2	242	12
5628	H8301	2	264	12
5629	H8303	2	211	12
5630	H8310	2	178	12
5631	H8312	2	460	12
5632	H8335	2	197	12
5633	H8339	2	279	12
5634	H8347	2	272	12
5635	H8349	2	203	12
5636	H8350	2	427	12
5637	H8353	2	162	12
5638	H8356	2	642	12
5639	H8357	2	316	12
5640	H8365	2	411	12
5641	H8371	2	355	12
5642	H8373	2	305	12
5643	H8376	2	210	12
5644	H8377	2	420	12
5645	H8382	2	315	12
5646	H8385	2	242	12
5647	H8387	2	295	12
5648	H8391	2	126	12
5649	H8397	2	133	12
5650	H8410	2	431	12
5651	H8411	2	141	12
5652	H8412	2	375	12
5653	H8413	2	582	12
5654	H8427	2	348	12
5655	H8442	2	202	12
5656	H8464	2	288	12
5657	H8465	2	146	12
5658	H8473	2	171	12
5659	H8483	2	240	12
5660	H8494	2	228	12
5661	H8498	2	396	12
5662	H8500	2	327	12
5663	H8506	2	184	12
5664	H8508	2	335	12
5665	H8512	2	101	12
5666	H8515	2	394	12
5667	H8523	2	346	12
5668	H8531	2	324	12
5669	H8533	2	79	12
5670	H8541	2	232	12
5671	H8546	2	376	13
5672	H8547	2	199	13
5673	H8560	2	222	13
5674	H8566	2	354	13
5675	H8569	2	195	13
5676	H8576	2	244	13
5677	H8586	2	440	13
5678	H8591	2	304	13
5679	H8594	2	134	13
5680	H8595	2	371	13
5681	H8607	2	452	13
5682	H8608	2	271	13
5683	H8614	2	236	13
5684	H8632	2	149	13
5685	H8640	2	401	13
5686	H8657	2	187	13
5687	H8661	2	286	13
5688	H0005	1	101	13
5689	H0010	1	51	13
5690	H0012	1	172	13
5691	H0015	1	286	13
5692	H0016	1	691	13
5693	H0017	1	273	13
5694	H0019	1	488	13
5695	H0020	1	400	13
5696	H0023	1	182	13
5697	H0031	1	128	13
5698	H0035	1	397	13
5699	H0036	1	109	13
5700	H0055	1	258	13
5701	H0077	1	83	13
5702	H0081	1	172	13
5703	H0082	1	95	13
5704	H0086	1	1265	13
5705	H0089	1	119	13
5706	H0093	1	277	13
5707	H0094	1	210	13
5708	H0095	1	70	13
5709	H0096	1	195	13
5710	H0097	1	392	13
5711	H0099	1	73	13
5712	H0109	1	164	13
5713	H0111	1	48	13
5714	H0114	1	33	13
5715	H0115	1	189	13
5716	H0118	1	153	13
5717	H0129	1	196	13
5718	H0133	1	555	13
5719	H0135	1	94	13
5720	H0147	1	296	13
5721	H0149	1	396	13
5722	H0153	1	173	13
5723	H0159	1	180	13
5724	H0166	1	270	13
5725	H0177	1	473	13
5726	H0179	1	121	13
5727	H0184	1	268	13
5728	H0186	1	60	13
5729	H0190	1	159	13
5730	H0193	1	249	13
5731	H0196	1	45	13
5732	H0203	1	86	13
5733	H0220	1	639	13
5734	H0229	1	132	13
5735	H0237	1	64	13
5736	H0239	1	229	13
5737	H0240	1	173	13
5738	H0245	1	108	13
5739	H0252	1	207	13
5740	H0255	1	133	13
5741	H0257	1	112	13
5742	H0258	1	56	13
5743	H0261	1	103	13
5744	H0262	1	177	13
5745	H0263	1	219	13
5746	H0264	1	89	13
5747	H0265	1	105	13
5748	H0267	1	75	13
5749	H0273	1	595	13
5750	H0275	1	83	13
5751	H0276	1	144	13
5752	H0278	1	205	13
5753	H0280	1	92	13
5754	H0282	1	139	13
5755	H0284	1	107	13
5756	H0287	1	121	13
5757	H0291	1	88	13
5758	H0292	1	104	13
5759	H0297	1	210	13
5760	H0298	1	83	13
5761	H0300	1	126	13
5762	H0301	1	103	13
5763	H0303	1	478	13
5764	H0307	1	561	13
5765	H0308	1	187	13
5766	H0313	1	267	13
5767	H0315	1	136	13
5768	H0316	1	121	13
5769	H0318	1	295	13
5770	H0320	1	215	13
5771	H0326	1	177	13
5772	H0330	1	176	13
5773	H0332	1	172	13
5774	H0336	1	307	13
5775	H0340	1	1373	13
5776	H0351	1	57	13
5777	H0353	1	151	13
5778	H0360	1	140	13
5779	H0371	1	226	13
5780	H0377	1	266	13
5781	H0379	1	90	13
5782	H0390	1	542	13
5783	H0395	1	147	13
5784	H0396	1	88	13
5785	H0401	1	53	13
5786	H0404	1	202	13
5787	H0405	1	165	13
5788	H0412	1	93	13
5789	H0414	1	2181	13
5790	H0421	1	119	13
5791	H0427	1	189	13
5792	H0429	1	409	13
5793	H0435	1	149	13
5794	H0440	1	86	13
5795	H0456	1	117	13
5796	H0465	1	128	13
5797	H0470	1	106	13
5798	H0472	1	185	13
5799	H0478	1	195	13
5800	H0482	1	184	13
5801	H0487	1	122	13
5802	H0488	1	84	13
5803	H0489	1	119	13
5804	H0493	1	128	13
5805	H0496	1	86	13
5806	H0497	1	106	13
5807	H0498	1	173	13
5808	H0503	1	3036	13
5809	H0507	1	183	13
5810	H0509	1	155	13
5811	H0510	1	170	13
5812	H0512	1	399	13
5813	H0515	1	107	13
5814	H0522	1	264	13
5815	H0536	1	136	13
5816	H0537	1	254	13
5817	H0538	1	102	13
5818	H0541	1	3610	13
5819	H0542	1	294	13
5820	H0544	1	123	13
5821	H0545	1	69	13
5822	H0555	1	133	13
5823	H0556	1	198	13
5824	H0574	1	242	13
5825	H0588	1	190	13
5826	H0593	1	226	13
5827	H0597	1	164	13
5828	H0598	1	107	13
5829	H0604	1	114	13
5830	H0608	1	91	13
5831	H0610	1	211	13
5832	H0619	1	134	13
5833	H0620	1	327	13
5834	H0626	1	293	13
5835	H0627	1	386	13
5836	H0628	1	144	13
5837	H0630	1	160	13
5838	H0641	1	81	13
5839	H0643	1	367	13
5840	H0647	1	154	13
5841	H0648	1	114	13
5842	H0651	1	90	13
5843	H0655	1	243	13
5844	H0659	1	129	13
5845	H0664	1	174	13
5846	H0668	1	471	13
5847	H0670	1	401	13
5848	H0674	1	374	13
5849	H0688	1	649	13
5850	H0689	1	366	13
5851	H0690	1	166	13
5852	H0691	1	584	13
5853	H0694	1	237	13
5854	H0698	1	119	13
5855	H0700	1	113	13
5856	H0701	1	76	13
5857	H0710	1	317	13
5858	H0715	1	88	13
5859	H0716	1	112	13
5860	H0720	1	84	13
5861	H0725	1	384	13
5862	H0729	1	140	13
5863	H0731	1	80	13
5864	H0742	1	209	13
5865	H0743	1	147	13
5866	H0745	1	177	13
5867	H0747	1	74	13
5868	H0749	1	427	13
5869	H0751	1	236	13
5870	H0755	1	270	13
5871	H0756	1	181	13
5872	H0764	1	152	13
5873	H0766	1	150	13
5874	H0767	1	84	13
5875	H0770	1	75	13
5876	H0773	1	126	13
5877	H0777	1	74	13
5878	H0782	1	177	13
5879	H0785	1	19	13
5880	H0789	1	82	13
5881	H0793	1	269	13
5882	H0797	1	136	13
5883	H0803	1	536	13
5884	H0807	1	2218	13
5885	H0810	1	117	13
5886	H0820	1	374	13
5887	H0824	1	94	13
5888	H0828	1	130	13
5889	H0832	1	115	13
5890	H0837	1	101	13
5891	H0839	1	380	13
5892	H0840	1	222	13
5893	H0841	1	103	13
5894	H0843	1	91	13
5895	H0845	1	83	13
5896	H0848	1	98	13
5897	H0856	1	273	13
5898	H0866	1	847	13
5899	H0867	1	138	13
5900	H0871	1	458	13
5901	H0872	1	106	13
5902	H0873	1	236	13
5903	H0878	1	69	13
5904	H0880	1	66	13
5905	H0888	1	261	13
5906	H0890	1	270	13
5907	H0892	1	364	13
5908	H0896	1	117	13
5909	H0900	1	84	13
5910	H0903	1	104	13
5911	H0912	1	123	13
5912	H0915	1	93	13
5913	H0918	1	255	13
5914	H0920	1	172	13
5915	H0921	1	155	13
5916	H0923	1	315	13
5917	H0924	1	145	13
5918	H0925	1	113	13
5919	H0930	1	729	13
5920	H0933	1	285	13
5921	H0939	1	109	13
5922	H0941	1	183	13
5923	H0942	1	175	13
5924	H0945	1	393	13
5925	H0946	1	163	13
5926	H0949	1	114	13
5927	H0950	1	116	13
5928	H0952	1	264	13
5929	H0956	1	142	13
5930	H0963	1	98	13
5931	H0964	1	349	13
5932	H0965	1	155	13
5933	H0968	1	177	13
5934	H0969	1	105	13
5935	H0971	1	145	13
5936	H0973	1	638	13
5937	H0975	1	61	13
5938	H0976	1	182	13
5939	H0978	1	221	13
5940	H0984	1	253	13
5941	H0985	1	92	13
5942	H0987	1	75	13
5943	H0988	1	581	13
5944	H0991	1	271	13
5945	H0992	1	496	13
5946	H0993	1	191	13
5947	H1001	1	202	13
5948	H1059	1	85	13
5949	H1064	1	81	13
5950	H1068	1	113	13
5951	H1072	1	130	13
5952	H1076	1	88	13
5953	H1079	1	165	13
5954	H1080	1	178	13
5955	H1084	1	83	13
5956	H1088	1	67	13
5957	H1102	1	222	13
5958	H1103	1	332	13
5959	H1108	1	82	13
5960	H1112	1	319	13
5961	H1118	1	183	13
5962	H1122	1	101	13
5963	H1140	1	91	13
5964	H1147	1	100	13
5965	H1148	1	97	13
5966	H1149	1	120	13
5967	H1152	1	115	13
5968	H1182	1	150	13
5969	H1183	1	95	13
5970	H1185	1	249	13
5971	H1199	1	73	13
5972	H1200	1	120	13
5973	H1202	1	152	13
5974	H1203	1	181	13
5975	H1206	1	49	13
5976	H1211	1	221	13
5977	H1223	1	90	13
5978	H1225	1	73	13
5979	H1230	1	175	13
5980	H1236	1	141	13
5981	H1243	1	133	13
5982	H1244	1	202	13
5983	H1256	1	88	13
5984	H1257	1	288	13
5985	H1258	1	107	13
5986	H1264	1	283	13
5987	H1266	1	199	13
5988	H1267	1	188	13
5989	H1269	1	168	13
5990	H1274	1	57	13
5991	H1275	1	154	13
5992	H1276	1	186	13
5993	H1278	1	199	13
5994	H1282	1	77	13
5995	H1284	1	101	13
5996	H1291	1	83	13
5997	H1298	1	88	13
5998	H1299	1	426	13
5999	H1306	1	477	13
6000	H1307	1	81	13
6001	H1312	1	209	13
6002	H1317	1	75	13
6003	H1318	1	162	13
6004	H1326	1	286	13
6005	H1327	1	141	13
6006	H1332	1	187	13
6007	H1333	1	253	13
6008	H1338	1	183	13
6009	H1341	1	84	13
6010	H1344	1	185	13
6011	H1345	1	100	13
6012	H1352	1	94	13
6013	H1355	1	288	13
6014	H1357	1	262	13
6015	H1371	1	102	13
6016	H1373	1	183	13
6017	H1374	1	677	13
6018	H1378	1	270	13
6019	H1380	1	223	13
6020	H1381	1	375	13
6021	H1384	1	233	13
6022	H1385	1	171	13
6023	H1388	1	69	13
6024	H1392	1	142	13
6025	H1394	1	83	13
6026	H1395	1	87	13
6027	H1398	1	121	13
6028	H1399	1	245	13
6029	H1401	1	133	13
6030	H1402	1	95	13
6031	H1409	1	472	13
6032	H1422	1	210	13
6033	H1426	1	85	13
6034	H1427	1	95	13
6035	H1429	1	100	13
6036	H1440	1	117	13
6037	H1445	1	208	13
6038	H1451	1	179	13
6039	H1452	1	91	13
6040	H1453	1	144	13
6041	H1454	1	60	13
6042	H1455	1	206	13
6043	H1456	1	103	13
6044	H1465	1	291	13
6045	H1475	1	258	13
6046	H1477	1	276	13
6047	H1479	1	143	13
6048	H1483	1	127	13
6049	H1487	1	215	13
6050	H1489	1	221	13
6051	H1490	1	248	13
6052	H1491	1	474	13
6053	H1493	1	143	13
6054	H1509	1	220	13
6055	H1511	1	148	13
6056	H1514	1	189	13
6057	H1520	1	98	13
6058	H1528	1	144	13
6059	H1529	1	232	13
6060	H1532	1	111	13
6061	H1535	1	144	13
6062	H1536	1	124	13
6063	H1539	1	123	13
6064	H1545	1	176	13
6065	H1553	1	742	13
6066	H1562	1	78	13
6067	H1563	1	182	13
6068	H1564	1	192	13
6069	H1574	1	269	13
6070	H1575	1	247	13
6071	H1577	1	123	13
6072	H1579	1	304	13
6073	H1582	1	166	13
6074	H1585	1	196	13
6075	H1597	1	222	13
6076	H1601	1	101	13
6077	H1604	1	73	13
6078	H1613	1	382	13
6079	H1615	1	193	13
6080	H1620	1	103	13
6081	H1623	1	258	13
6082	H1628	1	176	13
6083	H1629	1	150	13
6084	H1636	1	275	13
6085	H1640	1	191	13
6086	H1645	1	197	13
6087	H1646	1	165	13
6088	H1652	1	256	13
6089	H1656	1	144	13
6090	H1658	1	522	13
6091	H1671	1	163	13
6092	H1676	1	465	13
6093	H1679	1	210	13
6094	H1680	1	406	13
6095	H1684	1	157	13
6096	H1685	1	88	13
6097	H1686	1	256	13
6098	H1689	1	133	13
6099	H1691	1	105	13
6100	H1702	1	73	13
6101	H1703	1	130	13
6102	H1704	1	64	13
6103	H1707	1	194	13
6104	H1711	1	136	13
6105	H1720	1	103	13
6106	H1723	1	241	13
6107	H1724	1	175	13
6108	H1725	1	164	13
6109	H1727	1	321	13
6110	H1728	1	174	13
6111	H1729	1	339	13
6112	H1735	1	163	13
6113	H1737	1	99	13
6114	H1738	1	304	13
6115	H1743	1	215	13
6116	H1757	1	472	13
6117	H1759	1	145	13
6118	H1761	1	352	13
6119	H1764	1	178	13
6120	H1770	1	246	13
6121	H1773	1	481	13
6122	H1776	1	78	13
6123	H1782	1	76	13
6124	H1784	1	291	13
6125	H1786	1	124	13
6126	H1788	1	368	13
6127	H1795	1	119	13
6128	H1796	1	225	13
6129	H1810	1	77	13
6130	H1813	1	72	13
6131	H1816	1	89	13
6132	H1822	1	493	13
6133	H1825	1	134	13
6134	H1829	1	160	13
6135	H1831	1	173	13
6136	H1833	1	584	13
6137	H1837	1	168	13
6138	H1842	1	356	13
6139	H1848	1	171	13
6140	H1852	1	141	13
6141	H1858	1	92	13
6142	H1862	1	383	13
6143	H1872	1	95	13
6144	H1873	1	115	13
6145	H1890	1	326	13
6146	H1894	1	329	13
6147	H1895	1	816	13
6148	H1900	1	238	13
6149	H1903	1	532	13
6150	H1906	1	128	13
6151	H1911	1	178	13
6152	H1914	1	97	13
6153	H1915	1	233	13
6154	H1919	1	137	13
6155	H1924	1	165	13
6156	H1925	1	384	13
6157	H1929	1	157	13
6158	H1936	1	90	13
6159	H1937	1	200	13
6160	H1940	1	183	13
6161	H1944	1	80	13
6162	H1948	1	353	13
6163	H1950	1	461	13
6164	H1951	1	427	13
6165	H1953	1	344	13
6166	H1957	1	295	13
6167	H1958	1	449	13
6168	H1960	1	241	13
6169	H1966	1	394	13
6170	H1967	1	53	13
6171	H1970	1	618	13
6172	H1971	1	415	13
6173	H1972	1	297	13
6174	H1977	1	64	13
6175	H1978	1	182	13
6176	H1987	1	68	13
6177	H1989	1	110	13
6178	H1990	1	221	13
6179	H1991	1	218	13
6180	H1997	1	314	13
6181	H1998	1	96	13
6182	H2003	1	251	13
6183	H2010	1	330	13
6184	H2014	1	135	13
6185	H2018	1	166	13
6186	H2019	1	126	13
6187	H2020	1	240	13
6188	H2021	1	519	13
6189	H2024	1	122	13
6190	H2025	1	59	13
6191	H2031	1	115	13
6192	H2033	1	127	13
6193	H2034	1	162	13
6194	H2035	1	222	13
6195	H2036	1	88	13
6196	H2037	1	176	13
6197	H2038	1	844	13
6198	H2041	1	513	13
6199	H2044	1	308	13
6200	H2045	1	249	13
6201	H2046	1	226	13
6202	H2049	1	199	13
6203	H2050	1	461	13
6204	H2051	1	668	13
6205	H2052	1	256	13
6206	H2054	1	192	13
6207	H2055	1	286	13
6208	H2056	1	236	13
6209	H2057	1	154	13
6210	H2058	1	135	13
6211	H2059	1	236	13
6212	H2064	1	442	13
6213	H2065	1	82	13
6214	H2071	1	85	13
6215	H2079	1	371	13
6216	H2080	1	358	13
6217	H2081	1	171	13
6218	H2082	1	749	13
6219	H2084	1	234	13
6220	H2085	1	587	13
6221	H2092	1	465	13
6222	H2093	1	90	13
6223	H2095	1	150	13
6224	H2103	1	140	13
6225	H2104	1	474	13
6226	H2105	1	252	13
6227	H2109	1	990	13
6228	H2113	1	589	13
6229	H2117	1	191	13
6230	H2120	1	383	13
6231	H2121	1	111	13
6232	H2127	1	74	13
6233	H2129	1	169	13
6234	H2133	1	105	13
6235	H2136	1	345	13
6236	H2137	1	189	13
6237	H2144	1	142	13
6238	H2149	1	204	13
6239	H2150	1	184	13
6240	H2157	1	269	13
6241	H2159	1	162	13
6242	H2160	1	104	13
6243	H2162	1	109	13
6244	H2164	1	253	13
6245	H2169	1	263	13
6246	H2171	1	95	13
6247	H2173	1	339	13
6248	H2187	1	300	13
6249	H2188	1	259	13
6250	H2192	1	89	13
6251	H2193	1	200	13
6252	H2202	1	336	13
6253	H2207	1	94	13
6254	H2215	1	541	13
6255	H2222	1	434	13
6256	H2223	1	553	13
6257	H2225	1	129	13
6258	H2237	1	260	13
6259	H2242	1	124	13
6260	H2243	1	104	13
6261	H2245	1	255	13
6262	H2248	1	81	13
6263	H2253	1	181	13
6264	H2260	1	289	13
6265	H2262	1	94	13
6266	H2272	1	180	13
6267	H2273	1	117	13
6268	H2274	1	198	13
6269	H2277	1	138	13
6270	H2278	1	112	13
6271	H2281	1	141	13
6272	H2283	1	356	13
6273	H2285	1	187	13
6274	H2289	1	123	13
6275	H2293	1	109	13
6276	H2297	1	390	13
6277	H2306	1	173	13
6278	H2309	1	186	13
6279	H2311	1	199	13
6280	H2314	1	846	13
6281	H2317	1	211	13
6282	H2321	1	129	13
6283	H2322	1	104	13
6284	H2325	1	419	13
6285	H2326	1	321	13
6286	H2327	1	164	13
6287	H2328	1	237	13
6288	H2335	1	119	13
6289	H2338	1	1041	13
6290	H2349	1	144	13
6291	H2350	1	150	13
6292	H2355	1	125	13
6293	H2357	1	301	13
6294	H2359	1	87	13
6295	H2360	1	171	13
6296	H2364	1	87	13
6297	H2375	1	283	13
6298	H2378	1	181	13
6299	H2381	1	126	13
6300	H2382	1	113	13
6301	H2383	1	148	13
6302	H2391	1	192	13
6303	H2395	1	92	13
6304	H2402	1	82	13
6305	H2405	1	269	13
6306	H2413	1	425	13
6307	H2419	1	471	13
6308	H2422	1	189	13
6309	H2424	1	246	13
6310	H2430	1	46	13
6311	H2432	1	76	13
6312	H2434	1	377	13
6313	H2440	1	84	13
6314	H2447	1	90	13
6315	H2448	1	145	13
6316	H2456	1	149	13
6317	H2460	1	249	13
6318	H2462	1	179	13
6319	H2463	1	277	13
6320	H2464	1	167	13
6321	H2466	1	191	13
6322	H2467	1	239	13
6323	H2475	1	177	13
6324	H2476	1	171	13
6325	H2478	1	289	13
6326	H2480	1	496	13
6327	H2482	1	108	13
6328	H2484	1	95	13
6329	H2494	1	100	13
6330	H2495	1	972	13
6331	H2501	1	90	13
6332	H2512	1	185	13
6333	H2514	1	236	13
6334	H2515	1	96	13
6335	H2516	1	130	13
6336	H2517	1	162	13
6337	H2523	1	147	13
6338	H2533	1	122	13
6339	H2536	1	370	13
6340	H2539	1	122	13
6341	H2541	1	257	13
6342	H2542	1	136	13
6343	H2546	1	195	13
6344	H2547	1	136	13
6345	H2548	1	258	13
6346	H2561	1	363	13
6347	H2566	1	85	13
6348	H2567	1	261	13
6349	H2569	1	179	13
6350	H2581	1	149	13
6351	H2588	1	176	13
6352	H2593	1	167	13
6353	H2594	1	132	13
6354	H2599	1	116	13
6355	H2602	1	180	13
6356	H2609	1	255	13
6357	H2612	1	127	13
6358	H2613	1	103	13
6359	H2615	1	290	13
6360	H2619	1	92	13
6361	H2622	1	104	13
6362	H2626	1	98	13
6363	H2627	1	107	13
6364	H2628	1	181	13
6365	H2630	1	268	13
6366	H2636	1	572	13
6367	H2641	1	178	13
6368	H2642	1	155	13
6369	H2643	1	154	13
6370	H2644	1	154	13
6371	H2647	1	90	13
6372	H2653	1	286	13
6373	H2661	1	176	13
6374	H2662	1	120	13
6375	H2663	1	233	13
6376	H2665	1	124	13
6377	H2666	1	152	13
6378	H2667	1	276	13
6379	H2668	1	120	13
6380	H2681	1	447	13
6381	H2683	1	344	13
6382	H2725	1	125	13
6383	H2727	1	608	13
6384	H2728	1	222	13
6385	H2736	1	197	13
6386	H2737	1	146	13
6387	H2739	1	270	13
6388	H2741	1	208	13
6389	H2743	1	99	13
6390	H2745	1	282	13
6391	H2746	1	147	13
6392	H2751	1	183	13
6393	H2759	1	322	13
6394	H2760	1	394	13
6395	H2761	1	134	13
6396	H2762	1	354	13
6397	H2765	1	187	13
6398	H2774	1	195	13
6399	H2777	1	379	13
6400	H2780	1	116	13
6401	H2785	1	486	13
6402	H2788	1	168	13
6403	H2792	1	99	13
6404	H2801	1	270	13
6405	H2802	1	82	13
6406	H2806	1	182	13
6407	H2807	1	119	13
6408	H2812	1	206	13
6409	H2816	1	81	13
6410	H2819	1	140	13
6411	H2823	1	193	13
6412	H2826	1	381	13
6413	H2827	1	516	13
6414	H2829	1	229	13
6415	H2831	1	289	13
6416	H2835	1	342	13
6417	H2839	1	246	13
6418	H2840	1	271	13
6419	H2841	1	128	13
6420	H2847	1	127	13
6421	H2848	1	120	13
6422	H2849	1	130	13
6423	H2852	1	238	13
6424	H2854	1	250	13
6425	H2858	1	291	13
6426	H2861	1	210	13
6427	H2862	1	225	13
6428	H2863	1	147	13
6429	H2866	1	184	13
6430	H2867	1	123	13
6431	H2868	1	186	13
6432	H2871	1	261	13
6433	H2875	1	101	13
6434	H2879	1	156	13
6435	H2880	1	166	13
6436	H2882	1	292	13
6437	H2886	1	160	13
6438	H2887	1	322	13
6439	H2888	1	128	13
6440	H2894	1	296	13
6441	H2907	1	205	13
6442	H2908	1	223	13
6443	H2909	1	288	13
6444	H2911	1	168	13
6445	H2913	1	238	13
6446	H2915	1	94	13
6447	H2922	1	707	13
6448	H2923	1	373	13
6449	H2925	1	297	13
6450	H2926	1	606	13
6451	H2927	1	159	13
6452	H2933	1	385	13
6453	H2936	1	274	13
6454	H2937	1	445	13
6455	H2943	1	164	13
6456	H2944	1	196	13
6457	H2949	1	88	13
6458	H2952	1	246	13
6459	H2954	1	299	13
6460	H2955	1	100	13
6461	H2959	1	248	13
6462	H2967	1	286	13
6463	H2968	1	165	13
6464	H2969	1	401	13
6465	H2972	1	64	13
6466	H2978	1	210	13
6467	H2979	1	109	13
6468	H2980	1	249	13
6469	H2989	1	146	13
6470	H2990	1	185	13
6471	H2996	1	184	13
6472	H2997	1	129	13
6473	H2998	1	157	13
6474	H3000	1	595	13
6475	H3005	1	79	13
6476	H3007	1	144	13
6477	H3010	1	208	13
6478	H3012	1	115	13
6479	H3014	1	476	13
6480	H3017	1	97	13
6481	H3019	1	155	13
6482	H3020	1	94	13
6483	H3022	1	97	13
6484	H3024	1	181	13
6485	H3030	1	150	13
6486	H3031	1	276	13
6487	H3033	1	148	13
6488	H3036	1	112	13
6489	H3040	1	107	13
6490	H3041	1	240	13
6491	H3044	1	122	13
6492	H3053	1	251	13
6493	H3054	1	185	13
6494	H3055	1	307	13
6495	H3056	1	276	13
6496	H3067	1	177	13
6497	H3081	1	458	13
6498	H3084	1	1694	13
6499	H3089	1	289	13
6500	H3102	1	159	13
6501	H3105	1	68	13
6502	H3106	1	130	13
6503	H3116	1	73	13
6504	H3125	1	577	13
6505	H3126	1	127	13
6506	H3131	1	109	13
6507	H3132	1	219	13
6508	H3133	1	89	13
6509	H3134	1	202	13
6510	H3139	1	147	13
6511	H3140	1	121	13
6512	H3143	1	180	13
6513	H3144	1	100	13
6514	H3145	1	242	13
6515	H3149	1	134	13
6516	H3150	1	171	13
6517	H3151	1	276	13
6518	H3152	1	243	13
6519	H3153	1	28	13
6520	H3154	1	120	13
6521	H3155	1	161	13
6522	H3160	1	118	13
6523	H3163	1	274	13
6524	H3164	1	131	13
6525	H3167	1	100	13
6526	H3170	1	181	13
6527	H3174	1	375	13
6528	H3175	1	387	13
6529	H3178	1	120	13
6530	H3181	1	174	13
6531	H3184	1	122	13
6532	H3191	1	188	13
6533	H3192	1	112	13
6534	H3200	1	107	13
6535	H3210	1	84	13
6536	H3214	1	174	13
6537	H3216	1	180	13
6538	H3219	1	470	13
6539	H3222	1	414	13
6540	H3224	1	140	13
6541	H3230	1	135	13
6542	H3234	1	100	13
6543	H3236	1	221	13
6544	H3241	1	160	13
6545	H3242	1	153	13
6546	H3246	1	148	13
6547	H3248	1	132	13
6548	H3250	1	142	13
6549	H3251	1	78	13
6550	H3253	1	322	13
6551	H3260	1	94	13
6552	H3261	1	322	13
6553	H3262	1	731	13
6554	H3263	1	96	13
6555	H3265	1	206	13
6556	H3267	1	477	13
6557	H3268	1	173	13
6558	H3271	1	233	13
6559	H3275	1	154	13
6560	H3280	1	125	13
6561	H3283	1	140	13
6562	H3285	1	87	13
6563	H3288	1	259	13
6564	H3291	1	100	13
6565	H3295	1	133	13
6566	H3297	1	345	13
6567	H3298	1	353	13
6568	H3299	1	117	13
6569	H3306	1	201	13
6570	H3307	1	177	13
6571	H3311	1	192	13
6572	H3319	1	545	13
6573	H3321	1	153	13
6574	H3329	1	189	13
6575	H3338	1	102	13
6576	H3339	1	200	13
6577	H3343	1	258	13
6578	H3346	1	86	13
6579	H3348	1	161	13
6580	H3352	1	100	13
6581	H3354	1	476	13
6582	H3357	1	173	13
6583	H3375	1	118	13
6584	H3380	1	57	13
6585	H3385	1	179	13
6586	H3386	1	150	13
6587	H3387	1	94	13
6588	H3400	1	128	13
6589	H3403	1	179	13
6590	H3408	1	602	13
6591	H3410	1	120	13
6592	H3413	1	107	13
6593	H3416	1	104	13
6594	H3428	1	115	13
6595	H3431	1	901	13
6596	H3432	1	116	13
6597	H3439	1	113	13
6598	H3441	1	115	13
6599	H3445	1	160	13
6600	H3450	1	146	13
6601	H3454	1	181	13
6602	H3455	1	87	13
6603	H3457	1	154	13
6604	H3461	1	110	13
6605	H3464	1	172	13
6606	H3472	1	385	13
6607	H3473	1	205	13
6608	H3475	1	125	13
6609	H3480	1	126	13
6610	H3483	1	125	13
6611	H3486	1	76	13
6612	H3494	1	98	13
6613	H3495	1	294	13
6614	H3496	1	519	13
6615	H3497	1	179	13
6616	H3501	1	91	13
6617	H3517	1	133	13
6618	H3522	1	113	13
6619	H3527	1	643	13
6620	H3531	1	187	13
6621	H3534	1	176	13
6622	H3538	1	184	13
6623	H3545	1	138	13
6624	H3551	1	236	13
6625	H3552	1	97	13
6626	H3560	1	289	13
6627	H3570	1	187	13
6628	H3572	1	111	13
6629	H3574	1	155	13
6630	H3578	1	109	13
6631	H3580	1	108	13
6632	H3583	1	191	13
6633	H3586	1	133	13
6634	H3587	1	246	13
6635	H3589	1	240	13
6636	H3592	1	177	13
6637	H3593	1	103	13
6638	H3594	1	560	13
6639	H3597	1	203	13
6640	H3600	1	180	13
6641	H3601	1	571	13
6642	H3604	1	88	13
6643	H3609	1	196	13
6644	H3614	1	96	13
6645	H3616	1	228	13
6646	H3621	1	165	13
6647	H3622	1	158	13
6648	H3623	1	150	13
6649	H3636	1	125	13
6650	H3638	1	409	13
6651	H3640	1	119	13
6652	H3642	1	258	13
6653	H3647	1	236	13
6654	H3650	1	485	13
6655	H3656	1	437	13
6656	H3657	1	372	13
6657	H3662	1	106	13
6658	H3666	1	180	13
6659	H3670	1	403	13
6660	H3674	1	281	13
6661	H3676	1	46	13
6662	H3679	1	1479	13
6663	H3686	1	141	13
6664	H3687	1	165	13
6665	H3688	1	421	13
6666	H3692	1	78	13
6667	H3693	1	201	13
6668	H3694	1	272	13
6669	H3699	1	412	13
6670	H3711	1	453	13
6671	H3714	1	421	13
6672	H3719	1	335	13
6673	H3728	1	438	13
6674	H3735	1	348	13
6675	H3736	1	374	13
6676	H3737	1	354	13
6677	H3740	1	85	13
6678	H3741	1	489	13
6679	H3744	1	310	13
6680	H3745	1	416	13
6681	H3750	1	375	13
6682	H3752	1	130	13
6683	H3753	1	291	13
6684	H3757	1	116	13
6685	H3765	1	303	13
6686	H3768	1	731	13
6687	H3770	1	335	13
6688	H3771	1	76	13
6689	H3776	1	59	13
6690	H3777	1	170	13
6691	H3780	1	363	13
6692	H3781	1	249	13
6693	H3783	1	93	13
6694	H3786	1	253	13
6695	H3793	1	223	13
6696	H3796	1	279	13
6697	H3798	1	131	13
6698	H3799	1	525	13
6699	H3806	1	285	13
6700	H3813	1	142	13
6701	H3815	1	397	13
6702	H3817	1	453	13
6703	H3822	1	1444	13
6704	H3829	1	280	13
6705	H3854	1	125	13
6706	H3855	1	127	13
6707	H3858	1	151	13
6708	H3862	1	215	13
6709	H3869	1	248	13
6710	H3875	1	85	13
6711	H3883	1	526	13
6712	H3890	1	282	13
6713	H3891	1	162	13
6714	H3893	1	273	13
6715	H3900	1	152	13
6716	H3901	1	530	13
6717	H3902	1	234	13
6718	H3903	1	260	13
6719	H3911	1	228	13
6720	H3912	1	146	13
6721	H3917	1	455	13
6722	H3921	1	125	13
6723	H3922	1	90	13
6724	H3930	1	268	13
6725	H3931	1	284	13
6726	H3935	1	100	13
6727	H3937	1	327	13
6728	H3938	1	293	13
6729	H3941	1	126	13
6730	H3946	1	161	13
6731	H3949	1	104	13
6732	H3953	1	496	13
6733	H3962	1	234	13
6734	H3963	1	316	13
6735	H3964	1	907	13
6736	H3965	1	183	13
6737	H3970	1	92	13
6738	H3973	1	118	13
6739	H3975	1	174	13
6740	H3977	1	311	13
6741	H3981	1	109	13
6742	H3987	1	101	13
6743	H3989	1	95	13
6744	H3990	1	119	13
6745	H3991	1	510	13
6746	H3995	1	218	13
6747	H4003	1	63	13
6748	H4006	1	90	13
6749	H4010	1	201	13
6750	H4011	1	113	13
6751	H4012	1	136	13
6752	H4015	1	173	13
6753	H4016	1	135	13
6754	H4018	1	116	13
6755	H4019	1	223	13
6756	H4020	1	141	13
6757	H4037	1	251	13
6758	H4041	1	384	13
6759	H4044	1	244	13
6760	H4045	1	59	13
6761	H4047	1	121	13
6762	H4049	1	227	13
6763	H4052	1	122	13
6764	H4053	1	294	13
6765	H4056	1	82	13
6766	H4062	1	234	13
6767	H4065	1	202	13
6768	H4067	1	170	13
6769	H4072	1	137	13
6770	H4073	1	151	13
6771	H4075	1	87	13
6772	H4077	1	116	13
6773	H4081	1	111	13
6774	H4085	1	54	13
6775	H4086	1	108	13
6776	H4087	1	97	13
6777	H4088	1	99	13
6778	H4094	1	240	13
6779	H4096	1	215	13
6780	H4098	1	159	13
6781	H4104	1	120	13
6782	H4107	1	627	13
6783	H4110	1	602	13
6784	H4113	1	266	13
6785	H4123	1	75	13
6786	H4128	1	122	13
6787	H4130	1	127	13
6788	H4139	1	576	13
6789	H4140	1	67	13
6790	H4141	1	264	13
6791	H4151	1	213	13
6792	H4152	1	93	13
6793	H4155	1	58	13
6794	H4157	1	186	13
6795	H4160	1	91	13
6796	H4167	1	221	13
6797	H4169	1	504	13
6798	H4189	1	265	13
6799	H4190	1	84	13
6800	H4192	1	196	13
6801	H4197	1	351	13
6802	H4198	1	197	13
6803	H4200	1	343	13
6804	H4204	1	491	13
6805	H4208	1	951	13
6806	H4216	1	392	13
6807	H4218	1	301	13
6808	H4221	1	183	13
6809	H4228	1	167	13
6810	H4230	1	237	13
6811	H4231	1	293	13
6812	H4233	1	247	13
6813	H4235	1	267	13
6814	H4239	1	228	13
6815	H4243	1	558	13
6816	H4247	1	131	13
6817	H4251	1	160	13
6818	H4252	1	299	13
6819	H4255	1	167	13
6820	H4260	1	649	13
6821	H4262	1	457	13
6822	H4263	1	198	13
6823	H4267	1	188	13
6824	H4269	1	145	13
6825	H4273	1	205	13
6826	H4277	1	496	13
6827	H4278	1	125	13
6828	H4286	1	175	13
6829	H4292	1	85	13
6830	H4293	1	162	13
6831	H4297	1	203	13
6832	H4298	1	223	13
6833	H4299	1	80	13
6834	H4300	1	279	13
6835	H4309	1	200	13
6836	H4323	1	142	13
6837	H4329	1	248	13
6838	H4331	1	152	13
6839	H4335	1	560	13
6840	H4338	1	149	13
6841	H4343	1	175	13
6842	H4344	1	79	13
6843	H4346	1	345	13
6844	H4352	1	72	13
6845	H4354	1	121	13
6846	H4357	1	190	13
6847	H4359	1	687	13
6848	H4360	1	183	13
6849	H4361	1	168	13
6850	H4362	1	127	13
6851	H4367	1	225	13
6852	H4368	1	217	13
6853	H4369	1	25	13
6854	H4379	1	114	13
6855	H4380	1	189	13
6856	H4381	1	100	13
6857	H4382	1	203	13
6858	H4386	1	163	13
6859	H4400	1	82	13
6860	H4401	1	208	13
6861	H4402	1	197	13
6862	H4408	1	125	13
6863	H4423	1	119	13
6864	H4424	1	566	13
6865	H4425	1	196	13
6866	H4431	1	118	13
6867	H4434	1	192	13
6868	H4440	1	119	13
6869	H4443	1	199	13
6870	H4447	1	123	13
6871	H4450	1	72	13
6872	H4451	1	80	13
6873	H4452	1	217	13
6874	H4458	1	278	13
6875	H4459	1	223	13
6876	H4460	1	102	13
6877	H4461	1	128	13
6878	H4466	1	179	13
6879	H4470	1	113	13
6880	H4472	1	228	13
6881	H4473	1	554	13
6882	H4476	1	558	13
6883	H4485	1	151	13
6884	H4492	1	564	13
6885	H4493	1	270	13
6886	H4497	1	486	13
6887	H4502	1	359	13
6888	H4507	1	335	13
6889	H4508	1	167	13
6890	H4510	1	72	13
6891	H4512	1	332	13
6892	H4515	1	103	13
6893	H4516	1	394	13
6894	H4517	1	519	13
6895	H4523	1	154	13
6896	H4527	1	142	13
6897	H4528	1	361	13
6898	H4530	1	734	13
6899	H4534	1	219	13
6900	H4535	1	275	13
6901	H4536	1	243	13
6902	H4538	1	154	13
6903	H4540	1	306	13
6904	H4544	1	164	13
6905	H4547	1	473	13
6906	H4551	1	402	13
6907	H4552	1	104	13
6908	H4558	1	205	13
6909	H4561	1	90	13
6910	H4562	1	1354	13
6911	H4563	1	146	13
6912	H4564	1	227	13
6913	H4566	1	125	13
6914	H4567	1	186	13
6915	H4568	1	582	13
6916	H4572	1	181	13
6917	H4573	1	344	13
6918	H4576	1	587	13
6919	H4577	1	211	13
6920	H4579	1	584	13
6921	H4582	1	187	13
6922	H4588	1	207	13
6923	H4589	1	101	13
6924	H4594	1	128	13
6925	H4595	1	117	13
6926	H4596	1	620	13
6927	H4597	1	128	13
6928	H4606	1	263	13
6929	H4607	1	73	13
6930	H4613	1	272	13
6931	H4614	1	121	13
6932	H4619	1	315	13
6933	H4620	1	161	13
6934	H4622	1	135	13
6935	H4623	1	225	13
6936	H4624	1	60	13
6937	H4625	1	117	13
6938	H4626	1	439	13
6939	H4633	1	162	13
6940	H4636	1	241	13
6941	H4637	1	120	13
6942	H4638	1	96	13
6943	H4640	1	781	13
6944	H4644	1	691	13
6945	H4645	1	130	13
6946	H4646	1	161	13
6947	H4647	1	106	13
6948	H4649	1	553	13
6949	H4650	1	169	13
6950	H4651	1	257	13
6951	H4652	1	178	13
6952	H4653	1	88	13
6953	H4655	1	370	13
6954	H4657	1	122	13
6955	H4660	1	119	13
6956	H4661	1	167	13
6957	H4664	1	111	13
6958	H4665	1	120	13
6959	H4667	1	129	13
6960	H4669	1	137	13
6961	H4674	1	111	13
6962	H4677	1	310	13
6963	H4681	1	367	13
6964	H4695	1	151	13
6965	H4697	1	382	13
6966	H4698	1	112	13
6967	H4699	1	240	13
6968	H4702	1	165	13
6969	H4706	1	301	13
6970	H4710	1	117	13
6971	H4711	1	304	13
6972	H4724	1	81	13
6973	H4727	1	116	13
6974	H4728	1	171	13
6975	H4729	1	205	13
6976	H4739	1	204	13
6977	H4741	1	346	13
6978	H4746	1	64	13
6979	H4748	1	105	13
6980	H4752	1	129	13
6981	H4755	1	45	13
6982	H4760	1	344	13
6983	H4761	1	504	13
6984	H4767	1	199	13
6985	H4771	1	91	13
6986	H4773	1	179	13
6987	H4774	1	134	13
6988	H4776	1	93	13
6989	H4777	1	134	13
6990	H4780	1	386	13
6991	H4781	1	314	13
6992	H4783	1	345	13
6993	H4786	1	115	13
6994	H4787	1	189	13
6995	H4789	1	146	13
6996	H4790	1	240	13
6997	H4793	1	74	13
6998	H4795	1	219	13
6999	H4796	1	137	13
7000	H4797	1	485	13
7001	H4799	1	352	13
7002	H4811	1	130	13
7003	H4814	1	129	13
7004	H4815	1	127	13
7005	H4816	1	163	13
7006	H4819	1	226	13
7007	H4821	1	98	13
7008	H4825	1	68	13
7009	H4826	1	120	13
7010	H4831	1	168	13
7011	H4833	1	119	13
7012	H4835	1	135	13
7013	H4837	1	246	13
7014	H4840	1	120	13
7015	H4841	1	195	13
7016	H4845	1	215	13
7017	H4849	1	539	13
7018	H4850	1	283	13
7019	H4851	1	461	13
7020	H4852	1	349	13
7021	H4856	1	151	13
7022	H4857	1	110	13
7023	H4858	1	109	13
7024	H4860	1	221	13
7025	H4868	1	229	13
7026	H4870	1	61	13
7027	H4874	1	230	13
7028	H4877	1	95	13
7029	H4879	1	187	13
7030	H4883	1	64	13
7031	H4890	1	94	13
7032	H4891	1	128	13
7033	H4892	1	76	13
7034	H4896	1	110	13
7035	H4907	1	103	13
7036	H4913	1	62	13
7037	H4914	1	153	13
7038	H4922	1	108	13
7039	H4925	1	203	13
7040	H4926	1	179	13
7041	H4934	1	251	13
7042	H4935	1	326	13
7043	H4936	1	263	13
7044	H4939	1	338	13
7045	H4943	1	518	13
7046	H4944	1	286	13
7047	H4946	1	88	13
7048	H4950	1	211	13
7049	H4952	1	182	13
7050	H4954	1	196	13
7051	H4958	1	350	13
7052	H4963	1	68	13
7053	H4969	1	315	13
7054	H4981	1	207	13
7055	H4987	1	145	13
7056	H4992	1	123	13
7057	H4995	1	68	13
7058	H5001	1	281	13
7059	H5005	1	142	13
7060	H5017	1	83	13
7061	H5021	1	178	13
7062	H5024	1	223	13
7063	H5026	1	355	13
7064	H5033	1	357	13
7065	H5040	1	120	13
7066	H5041	1	234	13
7067	H5043	1	249	13
7068	H5044	1	109	13
7069	H5047	1	237	13
7070	H5049	1	132	13
7071	H5053	1	139	13
7072	H5054	1	137	13
7073	H5072	1	168	13
7074	H5075	1	150	13
7075	H5076	1	128	13
7076	H5078	1	201	13
7077	H5082	1	264	13
7078	H5083	1	251	13
7079	H5084	1	180	13
7080	H5085	1	560	13
7081	H5089	1	193	13
7082	H5097	1	129	13
7083	H5105	1	139	13
7084	H5109	1	188	13
7085	H5112	1	146	13
7086	H5113	1	223	13
7087	H5114	1	183	13
7088	H5119	1	113	13
7089	H5120	1	277	13
7090	H5124	1	83	13
7091	H5125	1	361	13
7092	H5131	1	164	13
7093	H5136	1	383	13
7094	H5143	1	175	13
7095	H5147	1	97	13
7096	H5149	1	106	13
7097	H5151	1	197	13
7098	H5153	1	159	13
7099	H5155	1	403	13
7100	H5163	1	117	13
7101	H5164	1	68	13
7102	H5167	1	114	13
7103	H5169	1	561	13
7104	H5179	1	120	13
7105	H5180	1	708	13
7106	H5185	1	186	13
7107	H5187	1	112	13
7108	H5192	1	100	13
7109	H5195	1	111	13
7110	H5196	1	94	13
7111	H5202	1	153	13
7112	H5204	1	383	13
7113	H5205	1	243	13
7114	H5206	1	268	13
7115	H5213	1	71	13
7116	H5217	1	167	13
7117	H5222	1	242	13
7118	H5225	1	137	13
7119	H5231	1	189	13
7120	H5239	1	324	13
7121	H5240	1	51	13
7122	H5242	1	167	13
7123	H5245	1	86	13
7124	H5247	1	677	13
7125	H5252	1	109	13
7126	H5259	1	187	13
7127	H5261	1	168	13
7128	H5263	1	345	13
7129	H5266	1	403	13
7130	H5269	1	121	13
7131	H5272	1	114	13
7132	H5277	1	83	13
7133	H5280	1	102	13
7134	H5282	1	663	13
7135	H5286	1	256	13
7136	H5289	1	1691	13
7137	H5293	1	164	13
7138	H5295	1	154	13
7139	H5300	1	415	13
7140	H5302	1	130	13
7141	H5311	1	144	13
7142	H5319	1	174	13
7143	H5323	1	244	13
7144	H5325	1	183	13
7145	H5334	1	226	13
7146	H5339	1	79	13
7147	H5340	1	262	13
7148	H5343	1	104	13
7149	H5345	1	275	13
7150	H5346	1	217	13
7151	H5351	1	468	13
7152	H5354	1	750	13
7153	H5364	1	202	13
7154	H5370	1	190	13
7155	H5379	1	51	13
7156	H5385	1	206	13
7157	H5386	1	169	13
7158	H5388	1	141	13
7159	H5389	1	306	13
7160	H5395	1	472	13
7161	H5412	1	177	13
7162	H5420	1	172	13
7163	H5421	1	168	13
7164	H5426	1	239	13
7165	H5430	1	386	13
7166	H5431	1	122	13
7167	H5432	1	426	13
7168	H5438	1	177	13
7169	H5441	1	190	13
7170	H5446	1	375	13
7171	H5451	1	218	13
7172	H5452	1	167	13
7173	H5453	1	440	13
7174	H5464	1	161	13
7175	H5468	1	210	13
7176	H5469	1	119	13
7177	H5471	1	666	13
7178	H5473	1	1008	13
7179	H5474	1	310	13
7180	H5476	1	220	13
7181	H5477	1	87	13
7182	H5478	1	184	13
7183	H5484	1	102	13
7184	H5485	1	168	13
7185	H5489	1	281	13
7186	H5495	1	181	13
7187	H5497	1	161	13
7188	H5500	1	330	13
7189	H5501	1	83	13
7190	H5506	1	1273	13
7191	H5507	1	102	13
7192	H5508	1	154	13
7193	H5510	1	244	13
7194	H5515	1	572	13
7195	H5519	1	163	13
7196	H5522	1	274	13
7197	H5525	1	178	13
7198	H5527	1	119	13
7199	H5529	1	54	13
7200	H5535	1	320	13
7201	H5537	1	288	13
7202	H5538	1	182	13
7203	H5539	1	214	13
7204	H5546	1	130	13
7205	H5551	1	60	13
7206	H5552	1	633	13
7207	H5556	1	220	13
7208	H5565	1	167	13
7209	H5567	1	323	13
7210	H5569	1	216	13
7211	H5573	1	212	13
7212	H5577	1	236	13
7213	H5578	1	393	13
7214	H5580	1	272	13
7215	H5583	1	138	13
7216	H5584	1	532	13
7217	H5586	1	147	13
7218	H5588	1	183	13
7219	H5593	1	176	13
7220	H5600	1	223	13
7221	H5604	1	74	13
7222	H5605	1	214	13
7223	H5610	1	193	13
7224	H5611	1	413	13
7225	H5614	1	527	13
7226	H5615	1	287	13
7227	H5616	1	132	13
7228	H5621	1	540	13
7229	H5623	1	451	13
7230	H5625	1	161	13
7231	H5629	1	131	13
7232	H5634	1	383	13
7233	H5636	1	174	13
7234	H5638	1	279	13
7235	H5639	1	99	13
7236	H5644	1	100	13
7237	H5652	1	114	13
7238	H5655	1	123	13
7239	H5661	1	317	13
7240	H5671	1	120	13
7241	H5679	1	360	13
7242	H5681	1	101	13
7243	H5683	1	113	13
7244	H5685	1	189	13
7245	H5691	1	126	13
7246	H5701	1	308	13
7247	H5702	1	435	13
7248	H5708	1	197	13
7249	H5719	1	247	13
7250	H5721	1	115	13
7251	H5723	1	406	13
7252	H5724	1	213	13
7253	H5727	1	258	13
7254	H5738	1	102	13
7255	H5743	1	315	13
7256	H5746	1	257	13
7257	H5760	1	76	13
7258	H5770	1	165	13
7259	H5772	1	496	13
7260	H5773	1	151	13
7261	H5778	1	102	13
7262	H5783	1	334	13
7263	H5784	1	234	13
7264	H5789	1	337	13
7265	H5790	1	360	13
7266	H5792	1	135	13
7267	H5796	1	71	13
7268	H5802	1	116	13
7269	H5805	1	125	13
7270	H5811	1	140	13
7271	H5814	1	127	13
7272	H5819	1	94	13
7273	H5821	1	75	13
7274	H5823	1	289	13
7275	H5834	1	82	13
7276	H5836	1	69	13
7277	H5845	1	165	13
7278	H5851	1	66	13
7279	H5866	1	110	13
7280	H5868	1	301	13
7281	H5900	1	67	13
7282	H5901	1	69	13
7283	H5910	1	376	13
7284	H5913	1	187	13
7285	H5919	1	330	13
7286	H5924	1	240	13
7287	H5925	1	66	13
7288	H5926	1	119	13
7289	H5928	1	180	13
7290	H5936	1	326	13
7291	H5938	1	65	13
7292	H5940	1	83	13
7293	H5948	1	345	13
7294	H5950	1	142	13
7295	H5951	1	356	13
7296	H5952	1	125	13
7297	H5960	1	301	13
7298	H5962	1	103	13
7299	H5966	1	201	13
7300	H5967	1	143	13
7301	H5969	1	47	13
7302	H5979	1	122	13
7303	H5981	1	74	13
7304	H5990	1	302	13
7305	H5994	1	136	13
7306	H6000	1	89	13
7307	H6007	1	187	13
7308	H6008	1	99	13
7309	H6011	1	117	13
7310	H6015	1	174	13
7311	H6023	1	435	13
7312	H6033	1	210	13
7313	H6036	1	69	13
7314	H6039	1	147	13
7315	H6044	1	186	13
7316	H6048	1	752	13
7317	H6050	1	131	13
7318	H6052	1	141	13
7319	H6053	1	63	13
7320	H6054	1	72	13
7321	H6058	1	286	13
7322	H6065	1	186	13
7323	H6070	1	97	13
7324	H6072	1	268	13
7325	H6073	1	336	13
7326	H6078	1	294	13
7327	H6080	1	248	13
7328	H6088	1	199	13
7329	H6092	1	326	13
7330	H6095	1	624	13
7331	H6096	1	186	13
7332	H6097	1	366	13
7333	H6101	1	255	13
7334	H6104	1	65	13
7335	H6110	1	317	13
7336	H6114	1	240	13
7337	H6122	1	81	13
7338	H6123	1	287	13
7339	H6125	1	249	13
7340	H6127	1	290	13
7341	H6129	1	128	13
7342	H6130	1	369	13
7343	H6132	1	178	13
7344	H6133	1	155	13
7345	H6134	1	77	13
7346	H6146	1	176	13
7347	H6167	1	270	13
7348	H6169	1	117	13
7349	H6171	1	354	13
7350	H6178	1	143	13
7351	H6180	1	121	13
7352	H6183	1	181	13
7353	H6192	1	434	13
7354	H6197	1	117	13
7355	H6198	1	137	13
7356	H6199	1	143	13
7357	H6200	1	393	13
7358	H6216	1	87	13
7359	H6219	1	207	13
7360	H6220	1	272	13
7361	H6221	1	72	13
7362	H6229	1	344	13
7363	H6230	1	254	13
7364	H6232	1	75	13
7365	H6234	1	157	13
7366	H6243	1	101	13
7367	H6246	1	322	13
7368	H6247	1	171	13
7369	H6248	1	116	13
7370	H6250	1	202	13
7371	H6254	1	98	13
7372	H6259	1	572	13
7373	H6261	1	106	13
7374	H6265	1	111	13
7375	H6266	1	109	13
7376	H6269	1	260	13
7377	H6270	1	446	13
7378	H6272	1	316	13
7379	H6273	1	78	13
7380	H6276	1	185	13
7381	H6283	1	205	13
7382	H6284	1	329	13
7383	H6291	1	263	13
7384	H6300	1	177	13
7385	H6308	1	194	13
7386	H6314	1	167	13
7387	H6317	1	91	13
7388	H6323	1	634	13
7389	H6324	1	132	13
7390	H6326	1	68	13
7391	H6330	1	131	13
7392	H6334	1	88	13
7393	H6336	1	152	13
7394	H6338	1	169	13
7395	H6344	1	275	13
7396	H6345	1	134	13
7397	H6349	1	169	13
7398	H6350	1	210	13
7399	H6351	1	176	13
7400	H6353	1	184	13
7401	H6356	1	107	13
7402	H6361	1	431	13
7403	H6371	1	89	13
7404	H6375	1	131	13
7405	H6376	1	239	13
7406	H6379	1	146	13
7407	H6384	1	106	13
7408	H6387	1	67	13
7409	H6390	1	218	13
7410	H6392	1	86	13
7411	H6393	1	402	13
7412	H6394	1	75	13
7413	H6401	1	112	13
7414	H6402	1	98	13
7415	H6405	1	321	13
7416	H6408	1	77	13
7417	H6415	1	117	13
7418	H6416	1	181	13
7419	H6417	1	95	13
7420	H6420	1	104	13
7421	H6421	1	106	13
7422	H6426	1	129	13
7423	H6434	1	1038	13
7424	H6436	1	220	13
7425	H6445	1	224	13
7426	H6448	1	449	13
7427	H6451	1	182	13
7428	H6457	1	114	13
7429	H6461	1	287	13
7430	H6462	1	76	13
7431	H6463	1	275	13
7432	H6469	1	106	13
7433	H6474	1	120	13
7434	H6477	1	215	13
7435	H6479	1	154	13
7436	H6480	1	186	13
7437	H6483	1	153	13
7438	H6488	1	81	13
7439	H6498	1	389	13
7440	H6500	1	195	13
7441	H6502	1	171	13
7442	H6507	1	187	13
7443	H6511	1	94	13
7444	H6515	1	107	13
7445	H6516	1	236	13
7446	H6518	1	354	13
7447	H6526	1	127	13
7448	H6527	1	551	13
7449	H6528	1	299	13
7450	H6534	1	90	13
7451	H6535	1	123	13
7452	H6542	1	72	13
7453	H6543	1	128	13
7454	H6548	1	518	13
7455	H6552	1	330	13
7456	H6554	1	153	13
7457	H6558	1	104	13
7458	H6562	1	176	13
7459	H6570	1	237	13
7460	H6574	1	173	13
7461	H6576	1	227	13
7462	H6577	1	110	13
7463	H6580	1	180	13
7464	H6582	1	194	13
7465	H6585	1	150	13
7466	H6587	1	83	13
7467	H6592	1	121	13
7468	H6602	1	109	13
7469	H6608	1	172	13
7470	H6609	1	139	13
7471	H6614	1	153	13
7472	H6615	1	70	13
7473	H6618	1	79	13
7474	H6619	1	623	13
7475	H6626	1	174	13
7476	H6630	1	183	13
7477	H6637	1	103	13
7478	H6639	1	299	13
7479	H6640	1	207	13
7480	H6641	1	389	13
7481	H6642	1	420	13
7482	H6644	1	93	13
7483	H6652	1	226	13
7484	H6653	1	341	13
7485	H6656	1	187	13
7486	H6661	1	96	13
7487	H6665	1	122	13
7488	H6668	1	244	13
7489	H6671	1	130	13
7490	H6681	1	200	13
7491	H6683	1	59	13
7492	H6700	1	94	13
7493	H6704	1	128	13
7494	H6705	1	302	13
7495	H6707	1	70	13
7496	H6709	1	126	13
7497	H6710	1	199	13
7498	H6713	1	203	13
7499	H6715	1	86	13
7500	H6719	1	75	13
7501	H6729	1	185	13
7502	H6730	1	146	13
7503	H6732	1	200	13
7504	H6733	1	46	13
7505	H6736	1	258	13
7506	H6742	1	431	13
7507	H6745	1	111	13
7508	H6746	1	90	13
7509	H6749	1	309	13
7510	H6753	1	319	13
7511	H6764	1	122	13
7512	H6766	1	206	13
7513	H6773	1	122	13
7514	H6784	1	206	13
7515	H6798	1	202	13
7516	H6802	1	71	13
7517	H6803	1	179	13
7518	H6804	1	176	13
7519	H6811	1	127	13
7520	H6812	1	196	13
7521	H6813	1	328	13
7522	H6816	1	120	13
7523	H6821	1	282	13
7524	H6824	1	169	13
7525	H6829	1	290	13
7526	H6830	1	262	13
7527	H6831	1	143	13
7528	H6832	1	226	13
7529	H6836	1	148	13
7530	H6837	1	123	13
7531	H6838	1	73	13
7532	H6841	1	123	13
7533	H6844	1	170	13
7534	H6849	1	148	13
7535	H6851	1	133	13
7536	H6852	1	735	13
7537	H6857	1	322	13
7538	H6858	1	363	13
7539	H6859	1	250	13
7540	H6861	1	321	13
7541	H6863	1	74	13
7542	H6866	1	231	13
7543	H6871	1	81	13
7544	H6874	1	125	13
7545	H6878	1	320	13
7546	H6885	1	149	13
7547	H6888	1	202	13
7548	H6889	1	84	13
7549	H6894	1	292	13
7550	H6896	1	310	13
7551	H6898	1	183	13
7552	H6899	1	181	13
7553	H6904	1	702	13
7554	H6910	1	153	13
7555	H6911	1	189	13
7556	H6917	1	305	13
7557	H6930	1	120	13
7558	H6935	1	196	13
7559	H6940	1	129	13
7560	H6941	1	62	13
7561	H6968	1	148	13
7562	H6970	1	391	13
7563	H6972	1	593	13
7564	H6983	1	135	13
7565	H6984	1	296	13
7566	H6985	1	292	13
7567	H6988	1	112	13
7568	H6993	1	132	13
7569	H6997	1	101	13
7570	H7000	1	418	13
7571	H7002	1	177	13
7572	H7003	1	124	13
7573	H7005	1	124	13
7574	H7007	1	139	13
7575	H7009	1	260	13
7576	H7012	1	96	13
7577	H7013	1	147	13
7578	H7016	1	134	13
7579	H7022	1	146	13
7580	H7038	1	195	13
7581	H7040	1	74	13
7582	H7048	1	64	13
7583	H7051	1	75	13
7584	H7052	1	121	13
7585	H7053	1	224	13
7586	H7056	1	305	13
7587	H7066	1	164	13
7588	H7078	1	450	13
7589	H7082	1	208	13
7590	H7085	1	434	13
7591	H7088	1	379	13
7592	H7089	1	328	13
7593	H7091	1	481	13
7594	H7102	1	235	13
7595	H7103	1	134	13
7596	H7104	1	126	13
7597	H7108	1	120	13
7598	H7109	1	143	13
7599	H7111	1	137	13
7600	H7115	1	96	13
7601	H7120	1	64	13
7602	H7129	1	131	13
7603	H7137	1	178	13
7604	H7150	1	63	13
7605	H7171	1	400	13
7606	H7173	1	175	13
7607	H7174	1	97	13
7608	H7180	1	94	13
7609	H7190	1	72	13
7610	H7199	1	276	13
7611	H7202	1	283	13
7612	H7204	1	74	13
7613	H7208	1	99	13
7614	H7209	1	74	13
7615	H7212	1	122	13
7616	H7213	1	186	13
7617	H7220	1	341	13
7618	H7221	1	123	13
7619	H7222	1	98	13
7620	H7224	1	143	13
7621	H7234	1	434	13
7622	H7245	1	195	13
7623	H7266	1	71	13
7624	H7268	1	87	13
7625	H7269	1	85	13
7626	H7276	1	142	13
7627	H7277	1	170	13
7628	H7282	1	140	13
7629	H7283	1	387	13
7630	H7288	1	117	13
7631	H7295	1	160	13
7632	H7296	1	192	13
7633	H7297	1	786	13
7634	H7303	1	101	13
7635	H7315	1	111	13
7636	H7317	1	63	13
7637	H7322	1	233	13
7638	H7325	1	217	13
7639	H7331	1	216	13
7640	H7333	1	119	13
7641	H7335	1	354	13
7642	H7351	1	541	13
7643	H7352	1	125	13
7644	H7357	1	111	13
7645	H7359	1	129	13
7646	H7362	1	112	13
7647	H7365	1	260	13
7648	H7369	1	154	13
7649	H7370	1	276	13
7650	H7371	1	336	13
7651	H7372	1	230	13
7652	H7373	1	85	13
7653	H7374	1	188	13
7654	H7375	1	520	13
7655	H7377	1	188	13
7656	H7382	1	69	13
7657	H7391	1	120	13
7658	H7396	1	70	13
7659	H7398	1	110	13
7660	H7403	1	178	13
7661	H7406	1	243	13
7662	H7407	1	280	13
7663	H7419	1	90	13
7664	H7422	1	161	13
7665	H7424	1	399	13
7666	H7435	1	118	13
7667	H7438	1	87	13
7668	H7439	1	124	13
7669	H7441	1	94	13
7670	H7443	1	206	13
7671	H7449	1	159	13
7672	H7450	1	142	13
7673	H7471	1	131	13
7674	H7472	1	175	13
7675	H7477	1	363	13
7676	H7478	1	113	13
7677	H7479	1	148	13
7678	H7480	1	707	13
7679	H7483	1	176	13
7680	H7487	1	180	13
7681	H7500	1	83	13
7682	H7501	1	72	13
7683	H7505	1	76	13
7684	H7506	1	87	13
7685	H7507	1	174	13
7686	H7510	1	193	13
7687	H7513	1	200	13
7688	H7514	1	476	13
7689	H7516	1	66	13
7690	H7517	1	267	13
7691	H7518	1	304	13
7692	H7519	1	240	13
7693	H7520	1	304	13
7694	H7525	1	74	13
7695	H7527	1	210	13
7696	H7528	1	492	13
7697	H7542	1	146	13
7698	H7544	1	108	13
7699	H7546	1	154	13
7700	H7547	1	119	13
7701	H7548	1	127	13
7702	H7555	1	327	13
7703	H7556	1	185	13
7704	H7557	1	648	13
7705	H7558	1	107	13
7706	H7559	1	1113	13
7707	H7566	1	98	13
7708	H7571	1	272	13
7709	H7573	1	168	13
7710	H7577	1	98	13
7711	H7578	1	246	13
7712	H7583	1	245	13
7713	H7587	1	120	13
7714	H7591	1	64	13
7715	H7594	1	97	13
7716	H7595	1	124	13
7717	H7609	1	256	13
7718	H7612	1	504	13
7719	H7615	1	324	13
7720	H7616	1	316	13
7721	H7625	1	122	13
7722	H7627	1	657	13
7723	H7629	1	116	13
7724	H7632	1	170	13
7725	H7634	1	184	13
7726	H7636	1	277	13
7727	H7640	1	115	13
7728	H7642	1	185	13
7729	H7653	1	409	13
7730	H7656	1	108	13
7731	H7661	1	270	13
7732	H7669	1	97	13
7733	H7672	1	332	13
7734	H7681	1	138	13
7735	H7691	1	116	13
7736	H7712	1	299	13
7737	H7714	1	698	13
7738	H7717	1	628	13
7739	H7719	1	125	13
7740	H7729	1	107	13
7741	H7730	1	90	13
7742	H7733	1	94	13
7743	H7746	1	111	13
7744	H7748	1	117	13
7745	H7750	1	317	13
7746	H7756	1	123	13
7747	H7762	1	335	13
7748	H7772	1	212	13
7749	H7774	1	88	13
7750	H7781	1	104	13
7751	H7787	1	242	13
7752	H7790	1	142	13
7753	H7795	1	362	13
7754	H7796	1	288	13
7755	H7801	1	456	13
7756	H7807	1	96	13
7757	H7808	1	436	13
7758	H7813	1	136	13
7759	H7815	1	82	13
7760	H7816	1	115	13
7761	H7818	1	180	13
7762	H7821	1	101	13
7763	H7827	1	447	13
7764	H7830	1	131	13
7765	H7831	1	163	13
7766	H7835	1	283	13
7767	H7839	1	216	13
7768	H7840	1	194	13
7769	H7841	1	87	13
7770	H7842	1	100	13
7771	H7850	1	122	13
7772	H7855	1	62	13
7773	H7856	1	94	13
7774	H7859	1	225	13
7775	H7861	1	116	13
7776	H7863	1	118	13
7777	H7865	1	107	13
7778	H7866	1	118	13
7779	H7869	1	74	13
7780	H7870	1	125	13
7781	H7871	1	203	13
7782	H7876	1	188	13
7783	H7877	1	103	13
7784	H7885	1	247	13
7785	H7886	1	835	13
7786	H7889	1	233	13
7787	H7893	1	203	13
7788	H7894	1	111	13
7789	H7899	1	86	13
7790	H7900	1	167	13
7791	H7904	1	412	13
7792	H7906	1	219	13
7793	H7907	1	300	13
7794	H7914	1	509	13
7795	H7915	1	207	13
7796	H7920	1	134	13
7797	H7923	1	142	13
7798	H7942	1	186	13
7799	H7944	1	366	13
7800	H7946	1	92	13
7801	H7949	1	164	13
7802	H7954	1	140	13
7803	H7959	1	314	13
7804	H7963	1	87	13
7805	H7976	1	166	13
7806	H7978	1	110	13
7807	H7987	1	140	13
7808	H7988	1	117	13
7809	H7995	1	73	13
7810	H7996	1	129	13
7811	H8005	1	217	13
7812	H8011	1	95	13
7813	H8012	1	310	13
7814	H8015	1	99	13
7815	H8016	1	84	13
7816	H8020	1	613	13
7817	H8021	1	97	13
7818	H8024	1	160	13
7819	H8028	1	112	13
7820	H8030	1	91	13
7821	H8031	1	145	13
7822	H8038	1	95	13
7823	H8039	1	99	13
7824	H8043	1	122	13
7825	H8046	1	158	13
7826	H8049	1	256	13
7827	H8054	1	61	13
7828	H8062	1	86	13
7829	H8063	1	192	13
7830	H8075	1	186	13
7831	H8079	1	228	13
7832	H8090	1	88	13
7833	H8091	1	235	13
7834	H8094	1	113	13
7835	H8101	1	119	13
7836	H8103	1	88	13
7837	H8108	1	114	13
7838	H8109	1	122	13
7839	H8116	1	202	13
7840	H8117	1	112	13
7841	H8118	1	124	13
7842	H8119	1	82	13
7843	H8120	1	354	13
7844	H8122	1	82	13
7845	H8125	1	226	13
7846	H8126	1	382	13
7847	H8129	1	77	13
7848	H8131	1	210	13
7849	H8134	1	138	13
7850	H8136	1	318	13
7851	H8137	1	207	13
7852	H8139	1	125	13
7853	H8146	1	180	13
7854	H8151	1	225	13
7855	H8158	1	195	13
7856	H8161	1	110	13
7857	H8164	1	217	13
7858	H8167	1	173	13
7859	H8171	1	281	13
7860	H8176	1	402	13
7861	H8182	1	123	13
7862	H8188	1	72	13
7863	H8190	1	64	13
7864	H8194	1	383	13
7865	H8204	1	186	13
7866	H8207	1	288	13
7867	H8208	1	148	13
7868	H8212	1	120	13
7869	H8215	1	71	13
7870	H8218	1	73	13
7871	H8220	1	130	13
7872	H8223	1	94	13
7873	H8224	1	194	13
7874	H8225	1	225	13
7875	H8228	1	75	13
7876	H8230	1	108	13
7877	H8231	1	312	13
7878	H8233	1	118	13
7879	H8235	1	223	13
7880	H8236	1	109	13
7881	H8237	1	344	13
7882	H8238	1	145	13
7883	H8243	1	81	13
7884	H8244	1	282	13
7885	H8253	1	71	13
7886	H8258	1	137	13
7887	H8260	1	159	13
7888	H8265	1	284	13
7889	H8277	1	220	13
7890	H8279	1	288	13
7891	H8285	1	291	13
7892	H8287	1	178	13
7893	H8290	1	163	13
7894	H8291	1	137	13
7895	H8298	1	303	13
7896	H8305	1	446	13
7897	H8306	1	152	13
7898	H8308	1	340	13
7899	H8315	1	92	13
7900	H8320	1	196	13
7901	H8325	1	68	13
7902	H8329	1	826	13
7903	H8331	1	51	13
7904	H8332	1	144	13
7905	H8341	1	262	13
7906	H8343	1	87	13
7907	H8358	1	78	13
7908	H8360	1	75	13
7909	H8363	1	150	13
7910	H8364	1	121	13
7911	H8368	1	352	13
7912	H8369	1	84	13
7913	H8374	1	59	13
7914	H8375	1	59	13
7915	H8379	1	229	13
7916	H8381	1	73	13
7917	H8383	1	291	13
7918	H8395	1	329	13
7919	H8399	1	138	13
7920	H8400	1	231	13
7921	H8409	1	330	13
7922	H8417	1	499	14
7923	H8418	1	140	14
7924	H8428	1	246	14
7925	H8429	1	113	14
7926	H8430	1	206	14
7927	H8434	1	140	14
7928	H8436	1	115	14
7929	H8437	1	660	14
7930	H8440	1	126	14
7931	H8456	1	504	14
7932	H8461	1	168	14
7933	H8466	1	278	14
7934	H8468	1	89	14
7935	H8470	1	293	14
7936	H8475	1	158	14
7937	H8477	1	225	14
7938	H8488	1	99	14
7939	H8491	1	100	14
7940	H8493	1	258	14
7941	H8497	1	197	14
7942	H8502	1	135	14
7943	H8507	1	104	14
7944	H8509	1	182	14
7945	H8514	1	121	14
7946	H8516	1	171	14
7947	H8520	1	347	14
7948	H8522	1	186	14
7949	H8524	1	133	14
7950	H8527	1	119	14
7951	H8529	1	206	14
7952	H8530	1	419	14
7953	H8534	1	568	14
7954	H8542	1	420	14
7955	H8554	1	73	14
7956	H8557	1	330	14
7957	H8564	1	416	14
7958	H8565	1	761	14
7959	H8578	1	94	14
7960	H8579	1	75	14
7961	H8589	1	148	14
7962	H8592	1	126	14
7963	H8600	1	326	14
7964	H8601	1	532	14
7965	H8603	1	382	14
7966	H8606	1	178	14
7967	H8611	1	226	14
7968	H8613	1	361	14
7969	H8617	1	130	14
7970	H8618	1	216	14
7971	H8619	1	190	14
7972	H8623	1	91	14
7973	H8629	1	103	14
7974	H8634	1	162	14
7975	H8635	1	178	14
7976	H8638	1	408	14
7977	H8642	1	338	14
7978	H8644	1	62	14
7979	H8645	1	214	14
7980	H8647	1	119	14
7981	H8652	1	128	14
7982	H8654	1	95	14
7983	H8662	1	418	14
7984	H8665	1	188	14
7985	H8667	1	208	14
7986	H8670	1	160	14
7987	H0058	0	985	14
7988	H0071	0	97	14
7989	H0156	0	56	14
7990	H0381	0	17	14
7991	H0382	0	16	14
7992	H0415	0	22	14
7993	H0434	0	63	14
7994	H0580	0	252	14
7995	H0704	0	206	14
7996	H0800	0	117	14
7997	H0885	0	201	14
7998	H0897	0	52	14
7999	H0960	0	20	14
8000	H1006	0	313	14
8001	H1023	0	210	14
8002	H1038	0	262	14
8003	H1045	0	51	14
8004	H1089	0	209	14
8005	H1099	0	134	14
8006	H1136	0	101	14
8007	H1248	0	443	14
8008	H1349	0	223	14
8009	H1428	0	66	14
8010	H1461	0	199	14
8011	H1632	0	111	14
8012	H1670	0	170	14
8013	H1750	0	413	14
8014	H1751	0	470	14
8015	H1857	0	134	14
8016	H1962	0	207	14
8017	H2004	0	144	14
8018	H2072	0	138	14
8019	H2126	0	94	14
8020	H2271	0	206	14
8021	H2303	0	231	14
8022	H2433	0	276	14
8023	H2679	0	150	14
8024	H2680	0	268	14
8025	H2716	0	447	14
8026	H2958	0	1738	14
8027	H3108	0	414	14
8028	H3237	0	205	14
8029	H3264	0	3061	14
8030	H3328	0	51	14
8031	H3451	0	283	14
8032	H3491	0	188	14
8033	H3590	0	495	14
8034	H3889	0	233	14
8035	H3942	0	181	14
8036	H4000	0	363	14
8037	H4108	0	563	14
8038	H4280	0	172	14
8039	H4630	0	261	14
8040	H4882	0	46	14
8041	H4984	0	14503	14
8042	H5093	0	244	14
8043	H5134	0	564	14
8044	H5156	0	379	14
8045	H5226	0	1461	14
8046	H5336	0	317	14
8047	H5757	0	457	14
8048	H5827	0	111	14
8049	H5846	0	127	14
8050	H5904	0	72	14
8051	H5991	0	58	14
8052	H6120	0	146	14
8053	H6193	0	124	14
8054	H6549	0	32	14
8055	H6564	0	118	14
8056	H6840	0	125	14
8057	H7035	0	47	14
8058	H7319	0	111	14
8059	H7473	0	64	14
8060	H7539	0	117	14
8061	H7584	0	124	14
8062	H7601	0	45	14
8063	H7693	0	451	14
8064	H7741	0	185	14
8065	H7802	0	40	14
8066	H7890	0	142	14
8067	H7905	0	77	14
8068	H7933	0	134	14
8069	H7945	0	80	14
8070	H7955	0	225	14
8071	H8053	0	389	14
8072	H8455	0	261	14
8073	H9000	0	18920	14
